<?xml version="1.0" encoding="UTF-8"?>
<COLLADA xmlns="http://www.collada.org/2005/11/COLLADASchema" version="1.4.1">
<!--
# File generated by ImageToStl.com - Free Image and 3D model conversion tools
-->
  <asset>
    <contributor>
      <author>ImageToStl.com</author>
      <authoring_tool>ImageToStl.com</authoring_tool>
    </contributor>
    <created>2026-03-22T02:15:52</created>
    <modified>2026-03-22T02:15:52</modified>
    <up_axis>Z_UP</up_axis>
  </asset>
  <library_effects>
    <effect id="effect_0">
        <profile_COMMON>
          <technique sid="common">
            <phong>
              <diffuse>
                <color>0.85 0.85 0.85 1</color>
              </diffuse>
              <specular>
                <color>0.05 0.05 0.05 1</color>
              </specular>
              <shininess>
                <float>64</float>
              </shininess>
            </phong>
          </technique>
        </profile_COMMON>
    </effect>
  </library_effects>
  <library_materials>
    <material id="mat_0">
      <instance_effect url="#effect_0"/>
    </material>
  </library_materials>
  <library_geometries>
    <geometry id="geometry_7a3e05f7_31f5_48b6_86a9_12fb613124f2">
      <mesh>
        <source id="pos_0">
          <float_array id="pos_0-array" count="9612">-384.26986694 -319.89370728 35.84638977 -383.79998779 -300 35.54902267 -383.79998779 -300 25.69083595 -389.90795898 -558.59881592 40.5044899 -391.06152344 -607.43865967 36.42540359 -391.69476318 -634.24859619 42.42648697 -392.3001709 -659.88067627 38.63273239 -393.48126221 -709.88568115 41.09681702 -393.48126221 -709.88568115 44.87763977 -393.31610107 -702.89276123 40.70192719 -393.26931763 -700.91308594 44.49692154 -392.99749756 -689.40435791 39.99854279 -392.79034424 -680.63439941 43.76644897 -392.2678833 -658.51379395 43.09545135 -385.02981567 -352.06893921 36.3487854 -385.10656738 -355.31726074 27.3610096 -385.4944458 -371.7388916 27.87320328 -386.14935303 -399.46679688 37.14973068 -387.18869019 -443.47174072 30.23093033 -387.737854 -466.72122192 38.44182205 -387.54501343 -458.55700684 30.7549305 -388.02871704 -479.03552246 38.69952774 -389.12521362 -525.46020508 33.19733429 -389.36935425 -535.79638672 33.59060669 -348.18319702 -38.94718552 15.85018826 -358.67684937 -38.26224899 16.6036129 -267.4022522 -42.91848373 16.49612045 -414.10134888 -33.52911377 23.50933266 -407.13589478 -33.29827118 25.29218483 -222.54362488 -42.07427597 28.7136879 -220.69010925 -41.18259811 31.5546608 -220.79615784 -41.27239227 31.29273605 -399.7227478 -33.04106522 27.10851479 -220.32521057 -40.64392853 33.04161453 -220.37042236 -40.76011658 32.73178864 -220.49188232 -40.96672058 32.16694641 -220.59346008 -41.08793259 31.82612038 -220.88024902 -41.33609009 31.10417938 -221.10948181 -41.48575974 30.65153885 -221.25572205 -41.56794357 30.39687729 -221.50610352 -41.69191742 30.00383949 -221.71290588 -41.78226471 29.71020699 -221.99571228 -41.89253235 29.34288406 -403.46572876 -33.17228317 26.20112991 -222.24485779 -41.9796524 29.04517746 -313.94271851 -38.41527176 24.92507935 -222.84443665 -42.16065979 28.40301514 -223.40814209 -42.3036499 27.87007523 -224.4551239 -42.52134705 27.00587845 -224.64309692 -42.55535507 26.86412811 -226.29208374 -42.80623627 25.74725914 -227.57373047 -42.95709991 24.99821281 -228.10580444 -43.01116943 24.71069908 -230.07029724 -43.17694855 23.74329948 -416.59384155 -33.60898972 22.85034561 -236.73861694 -43.48301697 21.1996994 -297.17385864 -40.58538055 20.2820282 -233.76681519 -43.38421249 22.22159004 -230.96846008 -43.23814774 23.34216499 -239.87220764 -43.54124451 20.26579475 -241.74647522 -43.55839157 19.76486588 -246.03604126 -43.55855942 18.75247192 -393.34646606 -35.69702911 19.89397621 -405.34185791 -34.66766739 21.33263969 -369.36172485 -37.52542496 17.48767662 -380.22146606 -36.7305069 18.50384521 -391.23605347 -35.86920547 19.65802193 -267.08920288 -43.09254074 15.6067791 -274.11447144 -42.83690643 15.02291775 -250.51275635 -43.51337814 17.86057281 -254.59370422 -43.44129181 17.16814613 -260.22137451 -43.30455017 16.37095642 -266.03317261 -43.12784576 15.71097374 -364.2774353 -37.88130951 17.05247688 -281.34024048 -42.5425148 14.59867096 -288.76846313 -42.21367264 14.32028866 -289.89083862 -42.16200256 14.29062748 -317.97973633 -40.73416901 14.39318562 -327.82409668 -40.17996597 14.74029541 -337.89508057 -39.585186 15.22793484 -299.00292969 -41.72566986 14.15688229 -308.36938477 -41.24930573 14.19534683 -306.47515869 -36.22517395 32.13790894 -392.36242676 -32.77622604 28.83943939 -380.87139893 -32.34994125 31.41239738 -221.10533142 -39.13516998 36.63364029 -221.00054932 -39.22278595 36.44360733 -220.78723145 -39.42220688 36.00342178 -220.68173218 -39.53663635 35.7457962 -220.58792114 -39.65256119 35.48089218 -220.55827332 -39.69255447 35.38861847 -220.41790771 -39.91437149 34.86859894 -220.39105225 -39.97130203 34.73248291 -220.36616516 -40.03625107 34.57568741 -220.30128479 -40.27710724 33.98343277 -220.29750061 -40.43162537 33.59213638 -220.30802917 -40.5718956 33.23061371 -369.05029297 -31.90446281 33.90756226 -293.36624146 -35.23741913 36.13289261 -221.56321716 -38.80251694 37.33732224 -221.409729 -38.90660095 37.12014008 -227.31474304 -36.46257401 41.60030746 -225.47660828 -37.04598618 40.63916016 -224.95332336 -37.22967148 40.32340622 -223.97422791 -37.60187531 39.66353226 -223.44697571 -37.82165909 39.26089478 -222.91044617 -38.06361389 38.80607224 -222.77935791 -38.12613678 38.68652725 -222.12277222 -38.46535492 38.02296829 -221.9017334 -38.59189606 37.76877594 -356.95578003 -31.45537186 36.3049202 -349.40270996 -31.18619156 37.71976089 -288.35870361 -33.80346298 39.70377731 -236.23214722 -34.3837471 44.53274536 -235.55177307 -34.51377106 44.37185287 -234.96733093 -34.62838745 44.22746658 -232.49388123 -35.1464653 43.54541397 -230.55050659 -35.59731293 42.91330719 -229.74543762 -35.79754639 42.62118912 -365.16928101 -31.75871468 34.6943779 -228.53044128 -36.11740875 42.13996124 -344.64529419 -31.02362633 38.57731247 -336.61175537 -30.76579666 39.96344757 -324.9647522 -30.44283295 41.82398605 -279.52075195 -32.02143478 43.99163818 -272.57769775 -30.61472511 47.0765419 -271.36090088 -30.67187309 47.11051559 -265.10247803 -31.02400017 47.19115829 -259.16903687 -31.45721626 47.10452271 -253.5440979 -31.9701252 46.84967804 -248.24075317 -32.55899811 46.42457199 -243.81091309 -33.14236832 45.90171051 -239.80906677 -33.75435638 45.26622772 -319.23242188 -30.31329155 42.66818619 -313.99359131 -30.21624947 43.3940506 -303.66748047 -30.09773827 44.68322754 -294.91567993 -30.0905571 45.60873795 -291.17321777 -30.11870766 45.95155716 -286.86679077 -30.17754555 46.30247498 -279.44320679 -30.35401344 46.78587341 -387.38833618 -300 34.93677521 -395.65817261 -300 26.58644867 -394.72146606 -300 33.6313591 -401.08807373 -300 27.05788422 -407.88842773 -300 27.72070122 -404.93615723 -300 31.66012001 -413.9821167 -300 28.41194725 -412.3430481 -300 30.06505394 -417.29666138 -300 28.85303688 -339.1484375 -584.14251709 47.30449677 -354.44662476 -580.59405518 45.55883026 -355.87475586 -609.13134766 46.11504364 -389.68713379 -702.61218262 44.98261261 -390.84121704 -717.02624512 45.53271866 -378.17184448 -720.79211426 47.09029388 -387.19055176 -777.66516113 51.30712509 -397.50827026 -774.18817139 49.52776718 -398.49856567 -781.22155762 50.49546432 -385.86657715 -770.67767334 50.46343994 -384.58569336 -763.6428833 49.75469589 -395.60830688 -760.01544189 48.07584381 -399.51303101 -788.21185303 51.69817734 -379.61132812 -795.13024902 55.58154297 -409.31072998 -885.09814453 115.32086945 -409.15838623 -885.15594482 115.39852905 -409.34225464 -885.07727051 115.3000946 -405.32165527 -756.949646 46.53342438 -406.58978271 -771.24951172 47.91162872 -421.8465271 -809.79205322 55.91039276 -421.41546631 -809.87011719 56.02156448 -421.37896729 -806.47174072 54.47882462 -410.87463379 -884.48132324 114.45065308 -411.43109131 -884.22698975 114.10285187 -411.63659668 -884.16638184 114.00399017 -424.23358154 -868.96679688 97.4983139 -423.86132812 -870.57440186 98.93616486 -423.6239624 -870.61425781 99.01274872 -423.51901245 -871.70501709 99.98199463 -422.97088623 -873.1574707 101.36984253 -422.76000977 -873.19281006 101.44084167 -416.32571411 -881.42779541 110.43167114 -414.16317749 -882.89782715 112.28691864 -413.97647095 -882.94030762 112.36664581 -409.32037354 -885.09991455 115.31712341 -409.31652832 -885.10089111 115.31890106 -422.46948242 -874.24993896 102.44825745 -421.76147461 -875.54876709 103.77132416 -421.57849121 -875.57946777 103.83533478 -419.54983521 -878.55804443 107.02521515 -418.4125061 -879.73205566 108.37475586 -418.3352356 -879.70855713 108.36877441 -409.8117981 -884.92492676 115.06368256 -242.81680298 -636.85638428 52.94868088 -242.23858643 -636.97674561 52.78885651 -240.45272827 -607.0057373 51.69665146 -239.93370056 -637.43426514 51.32019806 -239.9390564 -637.55773926 51.31759644 -238.06800842 -607.44512939 49.94081497 -243.44979858 -684.63049316 52.62413406 -243.29154968 -682.87573242 52.57852936 -243.34060669 -682.86224365 52.80368423 -242.68489075 -675.25250244 52.59892273 -242.07267761 -667.65765381 52.37476349 -242.18969727 -667.63964844 52.57743073 -242.78620911 -677.0635376 52.41954041 -242.63528442 -675.26611328 52.36787415 -244.16798401 -692.21166992 52.81041718 -244.00061035 -690.49993896 52.76973343 -244.04914856 -690.48651123 52.98908615 -245.96977234 -705.71325684 53.69229889 -245.1210022 -698.0635376 53.5353508 -245.23965454 -698.0369873 53.62798691 -247.03181458 -713.34698486 53.94400024 -247.16520691 -713.31561279 54.02894592 -249.44013977 -728.66156006 54.41917801 -246.74787903 -682.09918213 54.30157471 -248.18685913 -697.34161377 54.56885529 -247.02223206 -697.6227417 54.33366013 -254.29302979 -664.80938721 54.66773987 -258.92337036 -663.64605713 54.70171356 -260.0670166 -678.74664307 54.95259094 -256.99658203 -633.61993408 54.02636719 -261.40420532 -693.90386963 55.14009476 -252.85345459 -696.16656494 55.02149963 -266.36856079 -781.34539795 57.53112411 -265.81259155 -780.29937744 57.39329147 -265.85501099 -780.2923584 57.54340744 -266.21011353 -780.19042969 57.85461426 -266.3265686 -780.1574707 57.91387558 -270.11096191 -787.01403809 58.86287689 -274.2961731 -794.82385254 59.67101669 -273.70446777 -793.89630127 59.49985504 -273.74493408 -793.89013672 59.63745117 -283.17276001 -807.59838867 62.46492767 -282.58068848 -806.80493164 62.26530838 -282.58056641 -806.74963379 62.37581253 -337.2010498 -861.05981445 86.63912201 -336.79708862 -860.75604248 86.43066406 -336.87365723 -860.72583008 86.54427338 -385.103302 -885.49829102 115.7145462 -384.96035767 -885.46044922 115.64170837 -385.07885742 -885.4251709 115.67974854 -393.75216675 -886.93548584 118.30091858 -395.55490112 -887.02868652 118.43544769 -394.71356201 -886.99407959 118.38869476 -400.46691895 -886.91070557 118.1632309 -400.02612305 -886.94439697 118.22512817 -400.08596802 -886.91619873 118.23092651 -406.82699585 -885.8527832 116.43949127 -406.81240845 -885.85650635 116.44528961 -406.82574463 -885.8527832 116.44499207 -378.77880859 -883.20996094 111.24372864 -375.93103027 -881.87054443 108.43341827 -376.11499023 -881.82843018 108.45610046 -373.18615723 -880.44628906 105.81428528 -368.42993164 -878.31494141 102.39340973 -366.75390625 -877.58563232 101.39134979 -366.89331055 -877.53662109 101.391922 -399.25799561 -886.96228027 118.32646942 -399.69683838 -886.93920898 118.27880096 -399.63638306 -886.95941162 118.29017639 -399.2046814 -886.99468994 118.3208847 -399.14004517 -886.9979248 118.32732391 -399.19470215 -886.98040771 118.33818817 -398.24887085 -887.03308105 118.40015411 -396.49304199 -887.02630615 118.46884918 -395.70959473 -886.97137451 118.42901611 -395.82739258 -886.94628906 118.40783691 -394.05725098 -886.84338379 118.27326965 -408.40093994 -885.40332031 115.76668549 -408.209198 -885.46258545 115.8557663 -408.21820068 -885.45965576 115.8530426 -361.07318115 -874.06707764 97.77358246 -360.1703186 -874.39874268 97.84970093 -356.75256348 -872.72235107 96.22808075 -401.27746582 -886.75646973 118.00315857 -399.5854187 -886.85986328 118.2215271 -399.90447998 -886.75793457 118.09857941 -404.16415405 -886.39923096 117.35990906 -403.75872803 -886.46386719 117.47110748 -403.94470215 -886.40338135 117.39603424 -407.68243408 -885.61633301 116.0966568 -407.49386597 -885.66906738 116.17840576 -407.55310059 -885.64935303 116.15369415 -408.98373413 -885.21490479 115.48716736 -408.97717285 -885.21710205 115.4899292 -380.66378784 -882.60131836 110.89963531 -377.95117188 -881.20617676 108.14195251 -380.34552002 -880.36730957 107.55313873 -406.74377441 -885.84838867 116.47948456 -406.38531494 -885.93023682 116.61342621 -406.53652954 -885.87927246 116.54428864 -409.02331543 -885.20129395 115.46845245 -409.00109863 -885.20898438 115.47920227 -409.04956055 -885.19213867 115.45546722 -323.19805908 -745.97991943 53.51477432 -325.1756897 -753.11468506 53.95586777 -311.56256104 -757.60400391 55.27708817 -226.99958801 -142.42765808 41.28039551 -227.85717773 -142.39006042 41.69227219 -228.87643433 -200.36122131 42.09353638 -227.78440857 -377.05316162 39.84276962 -227.66421509 -373.55923462 39.74215698 -227.69337463 -373.55813599 39.99303055 -231.92895508 -257.85128784 43.27539062 -233.88890076 -257.68554688 43.85105515 -235.32870483 -315.09735107 44.44636917 -228.99726868 -402.37686157 41.68783188 -230.07647705 -431.28964233 42.64552689 -229.97413635 -431.30084229 42.44172287 -227.98384094 -373.53198242 40.8625412 -228.11070251 -373.52011108 41.08530426 -230.80102539 -402.18215942 43.4406662 -231.85357666 -431.08145142 44.29954529 -231.33587646 -431.14404297 43.96279907 -232.465271 -460.13696289 44.98326874 -355.88528442 -245.28939819 39.07567978 -371.14718628 -243.99551392 36.69349289 -374.85128784 -353.19726562 37.94475555 -320.41366577 -80.54151917 42.68523407 -412.80099487 -132.85223389 26.05812073 -408.00857544 -132.93424988 27.23914719 -396.51141357 -133.24555969 29.87538719 -382.98638916 -133.72927856 32.71243286 -367.83123779 -134.35665894 35.62311172 -352.29385376 -135.09901428 38.32299805 -335.34375 -80.00653076 40.52059555 -336.947052 -135.92753601 40.70373535 -305.98544312 -81.09385681 44.4523735 -291.99728394 -81.64619446 45.79927826 -277.77688599 -82.18118286 46.70513916 -263.67050171 -82.68147278 46.97707748 -270.58288574 -82.43674469 46.9358139 -240.22349548 -83.50852966 45.18656921 -245.45814514 -83.32887268 45.93410492 -251.05264282 -83.12970734 46.47237778 -257.14096069 -82.91317749 46.82204437 -235.36882019 -83.66649628 44.20610428 -230.95796204 -83.80060577 42.96295166 -228.94633484 -83.85803223 42.23003387 -227.08474731 -83.90868378 41.41345596 -226.21604919 -83.93138885 40.97119904 -225.3931427 -83.9522934 40.50463867 -223.90080261 -83.98857117 39.49352646 -223.2399292 -84.00389099 38.94623184 -221.16497803 -84.04840088 36.14018631 -221.31129456 -84.04547882 36.47628784 -221.48062134 -84.04204559 36.80657578 -221.67234802 -84.03809357 37.13251877 -221.88543701 -84.033638 37.45254517 -222.11894226 -84.02868652 37.76551437 -222.37197876 -84.02322388 38.07139206 -222.64372253 -84.01726532 38.37015915 -220.87611389 -84.05400848 35.17213821 -220.9458313 -84.05266571 35.47485733 -221.04217529 -84.05078888 35.79785156 -402.05474854 -713.84338379 44.0591011 -413.06088257 -709.88568115 42.43902969 -411.16043091 -711.38946533 42.77472305 -414.49780273 -709.88568115 42.23550797 -388.74121094 -688.17523193 44.5200386 -383.37924194 -574.30285645 41.83770752 -376.83956909 -407.94845581 38.71201324 -378.91888428 -462.96664429 39.62167358 -416.69909668 -167.5785675 25.84376717 -413.63269043 -241.37335205 28.35711098 -409.31008911 -241.51629639 29.37693405 -398.64013672 -242.05888367 31.66508293 -385.78042603 -242.9019928 34.14114761 -327.28063965 -303.7522583 43.27516937 -340.56100464 -246.73353577 41.19221497 -342.55499268 -301.8899231 41.52894592 -359.91485596 -355.02371216 40.06134796 -362.0869751 -410.04495239 40.73438263 -364.36724854 -465.3414917 41.58666229 -381.09420776 -518.37658691 40.67427063 -325.35073853 -248.27783203 43.02332687 -323.55807495 -192.67858887 42.85393906 -321.90893555 -136.81356812 42.74534225 -316.28988647 -417.47058105 45.66730881 -318.5645752 -473.75296021 46.56415176 -301.29382324 -420.0539856 46.84289932 -303.46246338 -476.67935181 47.81531143 -286.36590576 -422.5562439 47.7423172 -288.47662354 -479.51382446 48.81451035 -271.92120361 -424.89620972 48.23830032 -274.03164673 -482.16442871 49.44214249 -258.99194336 -426.99267578 48.2336731 -261.10073853 -484.53927612 49.60535431 -253.25415039 -427.92428589 48.04320908 -247.96560669 -428.76455688 47.7142067 -314.18377686 -361.4928894 45.08019257 -299.31481934 -363.74353027 46.22561264 -284.46520996 -365.92349243 47.0692215 -270.03988647 -367.96206665 47.47467041 -257.12936401 -369.78848267 47.33904266 -251.40068054 -370.60009766 47.06943512 -246.10784912 -371.33215332 46.651577 -241.28598022 -371.97583008 46.06871414 -236.38253784 -459.59570312 46.62039948 -237.02102661 -430.39926147 46.17279816 -239.23402405 -488.39810181 48.04535675 -230.884552 -431.19744873 43.6076088 -231.10165405 -431.17190552 43.78750229 -233.44233704 -489.27331543 45.98675919 -233.23184204 -489.30221558 45.82889175 -233.03869629 -489.32849121 45.66676331 -231.82434082 -460.21856689 44.47646713 -232.86340332 -489.35211182 45.50037766 -231.64610291 -460.24078369 44.29870987 -232.70652771 -489.37301636 45.33034897 -231.48654175 -460.26043701 44.11718369 -232.56871033 -489.39123535 45.15750885 -231.34629822 -460.27758789 43.93278503 -232.45028687 -489.40667725 44.98106766 -231.22572327 -460.29214478 43.74467468 -232.35162354 -489.41937256 44.80080414 -231.12521362 -460.30407715 43.55261993 -232.27436829 -489.42929077 44.63034439 -231.04647827 -460.31341553 43.37109375 -232.21861267 -489.43643188 44.47018814 -230.9896698 -460.32009888 43.200634 -233.07043457 -430.92932129 44.9176712 -235.35876465 -488.99856567 46.97199631 -233.54776001 -459.993927 45.59674454 -234.73707581 -489.08972168 46.71181107 -234.17274475 -489.1708374 46.43469238 -233.66964722 -489.24176025 46.14035797 -232.97573853 -460.07025146 45.29894257 -232.43315125 -431.00982666 44.617733 -230.40814209 -373.28820801 43.07130432 -229.12203979 -402.36410522 41.89910126 -228.25804138 -373.50610352 41.30395889 -227.87792969 -373.54174805 40.63539505 -227.79493713 -373.54937744 40.42090607 -229.89396667 -431.30960083 42.2491684 -227.73497009 -373.55487061 40.21969604 -229.83609009 -431.31585693 42.06843185 -229.28211975 -373.40512085 42.33524704 -230.27624512 -402.24069214 43.08312988 -229.04118347 -373.42941284 42.13873672 -228.81770325 -373.45166016 41.93726349 -228.61225891 -373.47186279 41.73083878 -230.68516541 -431.22061157 43.42312622 -228.42547607 -373.49002075 41.51948547 -230.50402832 -431.24145508 43.23407745 -230.34181213 -431.25991821 43.0411377 -230.19915771 -431.27600098 42.84524536 -229.79629517 -431.31964111 41.8646431 -232.18063354 -489.44067383 44.2893486 -231.66633606 -478.07446289 43.56969833 -312.23406982 -305.67498779 44.73504639 -297.51016235 -307.59771729 45.8867569 -282.75628662 -309.46005249 46.7098732 -268.36657715 -311.2015686 47.05781555 -255.48934937 -312.76190186 46.82077026 -249.77629089 -313.45526123 46.48516846 -244.48497009 -314.08062744 45.99031067 -239.6476593 -314.63049316 45.31819916 -230.13046265 -257.99749756 42.63154221 -233.38916016 -315.29727173 43.92594147 -231.61445618 -315.47360229 43.34215546 -235.08195496 -372.75631714 44.83715057 -233.33255005 -372.96270752 44.31546021 -235.29853821 -430.63619995 45.7165451 -227.27037048 -361.92132568 39.41829681 -225.92782593 -319.81958008 38.37024689 -225.84312439 -315.98226929 38.55884171 -225.88648987 -315.97949219 38.80833054 -225.94847107 -315.97479248 39.02992249 -226.03424072 -315.96826172 39.26623154 -226.14367676 -315.95993042 39.51656342 -226.27458191 -315.94976807 39.7621727 -226.42652893 -315.93780518 40.00336456 -226.59902954 -315.92407227 40.24121857 -226.79133606 -315.90856934 40.47458267 -227.00267029 -315.89129639 40.70261765 -227.23236084 -315.87231445 40.92530823 -227.47979736 -315.8515625 41.14263535 -238.23634338 -257.29840088 44.82065964 -243.08448792 -256.84243774 45.57567978 -248.36901855 -256.32385254 46.14032745 -229.89183044 -434.48052979 41.75813293 -229.76925659 -431.32092285 41.63893127 -229.387146 -421.33764648 41.27310562 -310.43603516 -249.87220764 44.53966904 -295.87338257 -251.46659851 45.71981812 -281.23086548 -253.01089478 46.54390717 -266.89141846 -254.45503235 46.85441589 -260.25320435 -255.12388611 46.77344131 -254.06062317 -255.74890137 46.53393936 -279.8878479 -196.41970825 46.50430298 -278.7328186 -139.52906799 46.56246567 -294.40423584 -195.19903564 45.66491699 -293.10855103 -138.64305115 45.69571686 -308.79043579 -193.93881226 44.44153214 -307.30337524 -137.728302 44.41664124 -234.50595093 -430.74234009 45.46629333 -232.52558899 -373.05517578 44.03078842 -230.79388428 -315.5526123 43.02457047 -229.29692078 -258.06304932 42.28194809 -228.03056335 -200.4130249 41.7125473 -265.61245728 -197.56115723 46.79076767 -259.00415039 -198.08984375 46.67992783 -252.84042358 -198.58387756 46.39886475 -247.17575073 -199.03831482 45.95257568 -241.9029541 -199.44821167 45.32295227 -237.04830933 -199.80863953 44.48925018 -232.67607117 -200.11462402 43.42546844 -230.69734192 -200.2456665 42.7960968 -224.23124695 -258.41934204 37.39320374 -222.85336304 -200.69464111 36.4040947 -224.27636719 -258.41702271 37.66548538 -222.90019226 -200.69281006 36.69915009 -224.34033203 -258.41314697 37.90740967 -222.96614075 -200.68972778 36.96136475 -224.42881775 -258.40774536 38.16546249 -223.05728149 -200.68545532 37.24110794 -224.54168701 -258.40078735 38.43887711 -223.17352295 -200.67999268 37.53755188 -224.67657471 -258.39239502 38.70721817 -223.31230164 -200.67333984 37.8285408 -224.83299255 -258.38247681 38.97081375 -223.47311401 -200.66549683 38.11444855 -225.01046753 -258.37109375 39.23083496 -223.65544128 -200.65649414 38.39653015 -225.2081604 -258.35821533 39.48602676 -223.85839844 -200.64633179 38.67343521 -225.42523193 -258.34390259 39.73548126 -224.08108521 -200.63500977 38.94416809 -225.66099548 -258.328125 39.97917175 -224.32275391 -200.62255859 39.20870972 -225.91474915 -258.3109436 40.21707535 -224.58267212 -200.60896301 39.46703339 -229.81388855 -373.35061646 42.7132988 -228.02519226 -315.80499268 41.56111908 -228.63365173 -315.75170898 41.95792389 -226.47340393 -258.27230835 40.67544937 -227.09559631 -258.2281189 41.1104393 -225.15420532 -200.57843018 39.96494293 -225.78970337 -200.54350281 40.43770981 -224.07234192 -142.54772949 39.39331818 -224.7207489 -142.52236938 39.90351486 -229.6991272 -142.3061676 42.45239639 -231.69508362 -142.21105957 43.13416672 -236.08848572 -141.9889679 44.28911209 -240.94532776 -141.7273407 45.19792557 -246.20152283 -141.42980957 45.88848114 -251.8338623 -141.09994507 46.38294983 -257.96289062 -140.74134827 46.70069504 -264.53497314 -140.35762024 46.8361702 -271.49130249 -139.95231628 46.78792953 -224.62005615 -83.97136688 40.01250458 -226.18841553 -142.46226501 40.8457756 -225.42752075 -142.49386597 40.38721085 -227.23171997 -200.46072388 41.31032181 -226.48356628 -200.50422668 40.88574219 -228.51097107 -258.12341309 41.91258621 -227.77604675 -258.17843628 41.52242279 -230.02140808 -315.62539673 42.68862915 -229.30024719 -315.69180298 42.33339691 -231.76719666 -373.14035034 43.72911835 -231.06036377 -373.21807861 43.40957642 -233.76231384 -430.84014893 45.20026398 -234.86148071 -459.81304932 46.14049911 -229.53988647 -373.37887573 42.52677155 -227.74429321 -315.82913208 41.35457611 -226.18579102 -258.2923584 40.44917679 -224.8600769 -200.5942688 39.71912003 -223.77186584 -142.5592041 39.12810135 -221.76272583 -142.63072205 35.87282181 -221.83058167 -142.62850952 36.15530396 -221.92434692 -142.62541199 36.45669174 -222.04389954 -142.62142944 36.77610397 -222.18650818 -142.61659241 37.08968735 -222.35160828 -142.61090088 37.3978157 -222.53869629 -142.60438538 37.70187378 -222.7467804 -142.59700012 38.0003891 -222.97494507 -142.58877563 38.29229736 -223.22238159 -142.57972717 38.57756424 -223.48826599 -142.56988525 38.85617447 -221.69711304 -143.80349731 35.21992111 -220.55047607 -64.55576324 34.2352829 -223.44432068 -228.15162659 36.54100418 -224.19784546 -258.42010498 37.0920639 -225.3625946 -300.78076172 37.94752121 -408.81304932 -885.10021973 115.42195129 -409.00735474 -885.15979004 115.44635773 -408.75048828 -885.24938965 115.57801056 -408.96026611 -885.21057129 115.49726105 -408.83557129 -885.25408936 115.56074524 -347.23062134 -828.94372559 69.87190247 -366.20153809 -821.94665527 65.78959656 -351.14450073 -834.65570068 72.51654816 -369.14828491 -827.9710083 68.49082184 -355.14086914 -840.19018555 75.40267944 -372.15036011 -833.79278564 71.4875412 -359.19973755 -845.5425415 78.48666382 -375.19012451 -839.42559814 74.72283936 -363.3243103 -850.71142578 81.73213959 -378.27114868 -844.88293457 78.14775085 -367.58059692 -855.68353271 85.10987091 -381.47979736 -850.16473389 81.7244873 -372.12332153 -860.41290283 88.57897186 -385.02056885 -855.24243164 85.40920258 -376.9664917 -864.82067871 92.08486938 -388.84698486 -860.0670166 89.1529007 -381.97067261 -868.89831543 95.69725037 -392.76113892 -864.64141846 92.99869537 -384.43765259 -870.85345459 97.63799286 -394.66934204 -866.86669922 95.02587128 -386.79238892 -872.77532959 99.73468781 -339.08010864 -748.47979736 52.50260925 -337.35415649 -741.33532715 52.0887413 -335.80825806 -734.13067627 51.73984528 -327.34783936 -760.18212891 54.48132324 -340.96987915 -755.56945801 52.99112701 -329.70303345 -767.18579102 55.10272598 -343.01379395 -762.6071167 53.56478119 -332.23361206 -774.12579346 55.83436966 -345.20535278 -769.59265137 54.23719406 -334.90679932 -780.96112061 56.68613815 -347.51690674 -776.49108887 55.0196228 -337.7010498 -787.67333984 57.67303085 -349.93023682 -783.28662109 55.92915344 -340.60906982 -794.26507568 58.81694794 -352.43902588 -789.98052979 56.99000931 -343.62472534 -800.73657227 60.1459198 -355.03808594 -796.57189941 58.23410797 -346.74276733 -807.08972168 61.68534088 -357.72283936 -803.06109619 59.69390106 -349.95251465 -813.33190918 63.46496964 -360.48413086 -809.45214844 61.40895462 -353.24282837 -819.46905518 65.52089691 -363.31225586 -815.74829102 63.42578125 -334.4598999 -726.859375 51.44736481 -321.43414307 -738.77124023 53.1472168 -309.33557129 -750.4786377 54.8062973 -298.6572876 -761.80206299 56.38798141 -314.01379395 -764.64996338 55.84163666 -316.67608643 -771.62072754 56.51260376 -319.54058838 -778.5166626 57.30493927 -322.56967163 -785.29064941 58.22719574 -325.73855591 -791.92224121 59.29234695 -329.03878784 -798.41503906 60.5200386 -332.46356201 -804.77032471 61.93453598 -336.00686646 -810.99188232 63.55440521 -339.65661621 -817.08972168 65.3999176 -343.40014648 -823.07293701 67.49703979 -408.88739014 -885.24560547 115.5372467 -408.82940674 -885.26153564 115.56597137 -408.93991089 -885.22735596 115.5112915 -408.99853516 -885.20697021 115.48188019 -409.26513672 -885.07019043 115.31383514 -408.50027466 -885.33612061 115.70469666 -408.66943359 -885.29711914 115.63504791 -408.49298096 -885.35803223 115.72310638 -333.30654907 -719.52276611 51.20380783 -319.90466309 -731.48095703 52.84353256 -307.35482788 -743.26605225 54.41733551 -296.19033813 -754.68548584 55.8846283 -287.09927368 -765.56335449 57.22115326 -301.37625122 -768.82800293 56.99388504 -304.33242798 -775.76800537 57.71600342 -307.51599121 -782.62261963 58.56988907 -310.88458252 -789.33935547 59.56285095 -314.41049194 -795.89556885 60.70597076 -318.08428955 -802.2958374 62.01679611 -321.89834595 -808.5425415 63.51606369 -325.84606934 -814.64093018 65.21596527 -329.91400146 -820.60375977 67.12786865 -334.08813477 -826.44299316 69.26830292 -290.05795288 -772.57128906 57.87034607 -293.2772522 -779.48376465 58.64453125 -296.74649048 -786.3013916 59.55978775 -300.41912842 -792.96685791 60.62233734 -304.26470947 -799.45550537 61.84155655 -308.27304077 -805.77282715 63.23310089 -312.43572998 -811.92218018 64.81455994 -316.74560547 -817.91027832 66.59239197 -321.18804932 -823.75219727 68.57001495 -325.74780273 -829.46246338 70.75549316 -330.41693115 -835.04754639 73.1583252 -335.19207764 -840.48706055 75.77191162 -340.07345581 -845.77081299 78.57991028 -345.03900146 -850.87860107 81.55020905 -350.09155273 -855.79571533 84.65745544 -355.27938843 -860.49780273 87.87992096 -360.71383667 -864.92321777 91.179245 -366.46157837 -868.96740723 94.49601746 -372.4342041 -872.61187744 97.92310333 -375.39743042 -874.33129883 99.79759979 -378.2383728 -876.00848389 101.86321259 -380.90847778 -877.65655518 104.17004395 -301.95794678 -713.56555176 53.48116684 -300.26126099 -698.57293701 53.25960159 -315.00784302 -694.32543945 51.9998703 -313.73419189 -679.4765625 51.82659149 -308.5246582 -591.46948242 50.36680222 -323.74856567 -587.80596924 48.91969681 -310.01538086 -620.5970459 50.95366669 -325.23864746 -616.73474121 49.48186111 -311.69244385 -649.93035889 51.45339584 -326.88720703 -645.86254883 49.98045731 -328.84429932 -675.19763184 50.38527298 -293.51037598 -595.0178833 51.6089592 -295.02407837 -624.33807373 52.23303986 -296.75112915 -653.87042236 52.74715424 -297.75112915 -668.71868896 52.94604492 -298.89727783 -683.62103271 53.1030159 -279.14660645 -598.33612061 52.54047775 -280.70877075 -627.83648682 53.21852875 -282.50949097 -657.55493164 53.76527023 -283.56286621 -672.49829102 53.9696846 -284.7802124 -687.4967041 54.1240921 -286.24215698 -702.54486084 54.27465057 -288.07778931 -717.63262939 54.49414062 -289.20001221 -725.18664551 54.65588379 -266.28567505 -601.30914307 53.07573318 -267.89053345 -630.9708252 53.82709122 -269.75662231 -660.85601807 54.42801285 -270.85742188 -675.88458252 54.64984512 -272.13824463 -690.96911621 54.81442261 -273.68759155 -706.10357666 54.97206116 -275.64743042 -721.27661133 55.2021637 -276.85183716 -728.87237549 55.37290192 -278.28088379 -736.43341064 55.59629059 -407.5451355 -885.63977051 116.15219116 -407.49615479 -885.64239502 116.16544342 -407.65151978 -885.60339355 116.1018219 -407.48101807 -885.63195801 116.15997314 -408.80813599 -885.27294922 115.57466888 -408.82418823 -885.26745605 115.56746674 -408.65567017 -885.32159424 115.65020752 -408.68377686 -885.31201172 115.63711548 -408.52377319 -885.36199951 115.71432495 -408.612854 -885.33117676 115.67137909 -408.4743042 -885.37237549 115.73669434 -408.60592651 -885.3269043 115.67189026 -408.71807861 -885.29473877 115.61950684 -408.75054932 -885.28887939 115.60488892 -408.84289551 -885.26098633 115.55873871 -408.99176025 -885.2121582 115.48356628 -408.6315918 -885.32983398 115.66099548 -408.45413208 -885.38568115 115.74614716 -408.48623657 -885.37475586 115.73176575 -408.31591797 -885.42694092 115.81214142 -408.36282349 -885.41088867 115.79034424 -408.2010498 -885.45874023 115.86517334 -408.33486938 -885.41265869 115.80082703 -408.19464111 -885.45178223 115.86375427 -408.37921143 -885.38812256 115.77312469 -408.26464844 -885.41723633 115.82196808 -408.2756958 -885.44055176 115.83010864 -408.09640503 -885.49432373 115.91286469 -408.14468384 -885.47802734 115.89130402 -407.9725647 -885.52801514 115.96926117 -408.0383606 -885.50561523 115.93878174 -407.87478638 -885.5513916 116.0111618 -408.05355835 -885.4899292 115.92547607 -407.91162109 -885.52703857 115.98597717 -408.14926147 -885.4453125 115.86960602 -408.32809448 -885.37103271 115.76963043 -408.03314209 -885.47229004 115.91602325 -407.91619873 -885.54711914 115.99438477 -407.7350769 -885.59869385 116.07466888 -407.79956055 -885.57702637 116.04597473 -407.6257019 -885.62487793 116.1214447 -407.71038818 -885.59606934 116.08231354 -407.37026978 -885.69891357 116.23145294 -407.45098877 -885.67175293 116.19564056 -407.27542114 -885.7175293 116.26856232 -407.37905884 -885.68237305 116.22080994 -407.2121582 -885.72387695 116.28813171 -407.33996582 -885.68029785 116.22779083 -407.02520752 -885.75299072 116.34859467 -406.89581299 -885.75701904 116.37404633 -407.18655396 -885.74737549 116.30792236 -407.00204468 -885.79473877 116.38308716 -407.09899902 -885.76220703 116.34017944 -406.92178345 -885.80584717 116.41049194 -406.87594604 -885.80377197 116.41886902 -406.70733643 -885.82128906 116.46413422 -405.68984985 -885.9552002 116.73756409 -406.24713135 -885.47857666 116.15115356 -404.4407959 -886.08312988 117.00992584 -405.40609741 -886.05108643 116.87140656 -405.1489563 -886.13751221 116.9905014 -405.84857178 -886.01721191 116.77870941 -405.65914917 -886.08068848 116.86473846 -406.44351196 -885.93041992 116.60060883 -406.25570679 -885.97344971 116.67041016 -406.06713867 -886.01544189 116.73882294 -406.63049316 -885.8862915 116.52944946 -406.81665039 -885.84106445 116.45693207 -401.83581543 -886.12506104 117.25900269 -403.7180481 -886.324646 117.34296417 -402.25012207 -886.43981934 117.59535217 -403.41384888 -886.42529297 117.47814178 -403.15316772 -886.51080322 117.58947754 -280.45776367 -775.73498535 58.43208694 -283.90084839 -782.62414551 59.25742722 -287.61288452 -789.41052246 60.2317276 -291.54385376 -796.03259277 61.36024857 -295.66104126 -802.46417236 62.65093231 -299.95346069 -808.71148682 64.11786652 -304.41213989 -814.77856445 65.77594757 -309.02947998 -820.67340088 67.62680817 -313.78982544 -826.41320801 69.66713715 -318.67684937 -832.01446533 71.89785004 -323.68225098 -837.48535156 74.32178497 -328.80267334 -842.81610107 76.93291473 -334.03881836 -847.99969482 79.71963501 -339.36776733 -853.00976562 82.65447998 -344.79223633 -857.82635498 85.71645355 -350.35339355 -862.42059326 88.88684082 -356.14529419 -866.72467041 92.1282959 -362.25561523 -870.62365723 95.37947845 -368.61633301 -874.09503174 98.74250031 -371.7784729 -875.72033691 100.59552002 -374.81417847 -877.29986572 102.65367126 -377.671875 -878.84729004 104.97140503 -358.95178223 -871.90057373 95.97847748 -352.55426025 -868.11352539 92.76759338 -346.47915649 -863.90307617 89.56048584 -340.62252808 -859.39190674 86.41997528 -334.90365601 -854.65283203 83.38262939 -329.28686523 -849.71807861 80.46485901 -323.76956177 -844.61169434 77.68426514 -318.37527466 -839.36486816 75.06477356 -313.10302734 -833.98193359 72.61429596 -307.95605469 -828.46472168 70.33843231 -302.94296265 -822.80371094 68.23949432 -298.08093262 -816.98083496 66.32205963 -293.38638306 -810.97717285 64.59463501 -288.86730957 -804.78387451 63.05931473 -284.53308105 -798.39630127 61.7032547 -280.39532471 -791.80773926 60.51359558 -276.48846436 -785.04534912 59.48351288 -407.30438232 -885.72076416 116.25888824 -407.11404419 -885.77142334 116.33807373 -408.79504395 -885.27728271 115.58017731 -408.61193848 -885.33642578 115.66926575 -408.42785645 -885.39453125 115.757164 -408.2428894 -885.45153809 115.8438797 -408.05697632 -885.50750732 115.92937469 -407.87017822 -885.56243896 116.01363373 -407.76889038 -885.56304932 116.04522705 -408.15289307 -885.40185547 115.82976532 -405.87780762 -886.05627441 116.80584717 -405.9546814 -886.0524292 116.78514862 -405.75866699 -886.09545898 116.85482788 -405.56188965 -886.1373291 116.9230957 -405.49682617 -886.13464355 116.9356308 -405.36434937 -886.17810059 116.98992157 -405.11294556 -886.20855713 117.05965424 -404.92129517 -886.21350098 117.09319305 -404.72619629 -886.2779541 117.17780304 -404.5670166 -886.33001709 117.2425766 -405.16607666 -886.21777344 117.05529785 -404.96710205 -886.25628662 117.11920929 -404.76739502 -886.29370117 117.181633 -406.14993286 -886.00830078 116.71405029 -406.34439087 -885.96313477 116.64157104 -406.5380249 -885.91680908 116.56771851 -406.73086548 -885.8694458 116.49250793 -406.92288208 -885.82098389 116.41595459 -401.93307495 -886.734375 117.91525269 -401.50622559 -886.77935791 117.99726105 -401.07003784 -886.80023193 118.05922699 -399.34555054 -886.9352417 118.30272675 -397.59286499 -886.97723389 118.4163208 -397.72036743 -886.93762207 118.37649536 -395.97259521 -886.90124512 118.36382294 -396.14541626 -886.84716797 118.30580902 -394.41320801 -886.73278809 118.16259766 -393.20611572 -886.38330078 117.70975494 -379.17877197 -883.09143066 111.22303009 -376.36468506 -881.74597168 108.43595886 -377.04660034 -881.51660156 108.32956696 -373.45135498 -880.35614014 105.8006134 -374.17514038 -880.10510254 105.70719147 -372.6685791 -879.38830566 104.50074768 -372.12835693 -878.29541016 103.20150757 -375.13446045 -879.76531982 105.53276825 -371.11224365 -878.66381836 103.36790466 -369.50872803 -877.93078613 102.30568695 -368.93859863 -876.79125977 101.14395905 -362.26760864 -873.61834717 97.60507965 -365.61935425 -875.23846436 99.30236816 -364.48440552 -875.66162109 99.46715546 -357.69955444 -872.37304688 96.15168762 -351.19207764 -868.62750244 92.94967651 -350.16116333 -869.00732422 93.02614594 -345.00842285 -864.45166016 89.74921417 -343.8946228 -864.8571167 89.82415771 -339.03875732 -859.97131348 86.6137085 -337.8387146 -860.39953613 86.6858902 -333.20724487 -855.26092529 83.57941437 -408.40814209 -885.40100098 115.76450348 -408.59713745 -885.34130859 115.67477417 -408.78158569 -885.28173828 115.58494568 -408.78518677 -885.28057861 115.58385468 -407.25488281 -885.73693848 116.27715302 -407.23678589 -885.74279785 116.28258514 -407.05953979 -885.78924561 116.35814667 -407.03964233 -885.79559326 116.36411285 -406.86340332 -885.84033203 116.43782806 -406.8416748 -885.84735107 116.44432831 -406.66638184 -885.89044189 116.51618195 -408.02734375 -885.51721191 115.94036102 -408.01654053 -885.52069092 115.94363403 -407.83557129 -885.57373047 116.02645111 -407.82293701 -885.57788086 116.03025818 -407.6428833 -885.62921143 116.11128235 -407.62844849 -885.63391113 116.11564636 -407.4493103 -885.68365479 116.19486237 -403.82702637 -886.47528076 117.46443176 -404.03442383 -886.44073486 117.40636444 -403.98709106 -886.45568848 117.42010498 -404.85748291 -886.29156494 117.15878296 -404.81747437 -886.30426025 117.17050934 -404.65274048 -886.33056641 117.22294617 -404.61087036 -886.34375 117.23518372 -404.44732666 -886.3684082 117.28559875 -404.40362549 -886.38220215 117.29834747 -404.24121094 -886.40515137 117.34674835 -406.46853638 -885.93939209 116.59318542 -406.44314575 -885.94750977 116.60074615 -406.26986694 -885.98736572 116.66882324 -406.24267578 -885.99603271 116.6769104 -406.07040405 -886.03411865 116.74308014 -406.04138184 -886.043396 116.75170135 -405.87017822 -886.07977295 116.81594849 -405.83929443 -886.08959961 116.8250885 -405.66912842 -886.12438965 116.8874054 -405.63644409 -886.13482666 116.89707184 -405.46734619 -886.16790771 116.95742798 -405.43283081 -886.17883301 116.96761322 -405.26480103 -886.21020508 117.02600861 -403.35079956 -886.52410889 117.5760498 -402.94046021 -886.57971191 117.67463684 -403.20092773 -886.57189941 117.62923431 -402.78051758 -886.63061523 117.73112488 -403.14620972 -886.58905029 117.64495087 -407.36349487 -867.83990479 96.80477905 -408.38845825 -870.30926514 99.18785858 -399.68881226 -873.43212891 101.88863373 -401.05108643 -875.54345703 104.42507172 -392.9336853 -878.37866211 107.13288116 -394.86605835 -880.06414795 109.52069092 -388.26593018 -882.28741455 111.81423187 -390.89004517 -883.53808594 113.81057739 -388.50811768 -884.32501221 114.66617584 -391.51428223 -885.25494385 116.16815186 -389.8788147 -885.78222656 116.75709534 -392.68347168 -886.54827881 117.89122772 -397.49090576 -887.00860596 118.44309998 -408.00857544 -885.52325439 115.94534302 -408.39562988 -885.40509033 115.76686096 -408.78152466 -885.28173828 115.58491516 -407.61782837 -885.63726807 116.11792755 -407.22348022 -885.74694824 116.28543091 -407.43304443 -885.68884277 116.19975281 -403.77780151 -886.49078369 117.47867584 -403.95288086 -886.46893311 117.42260742 -403.76861572 -886.49481201 117.48047638 -403.618927 -886.50860596 117.52094269 -403.56787109 -886.52459717 117.53568268 -403.53109741 -886.53930664 117.53830719 -404.37203979 -886.39428711 117.30049896 -404.60394287 -886.34686279 117.23629761 -404.78845215 -886.31512451 117.17234802 -406.4246521 -885.95404053 116.60163879 -406.23934937 -885.99743652 116.67717743 -406.02026367 -886.05096436 116.75278473 -405.83517456 -886.09143066 116.82550049 -405.6126709 -886.14337158 116.89837646 -402.68011475 -886.66644287 117.75062561 -402.25119019 -886.72314453 117.84738159 -402.2958374 -886.70422363 117.84412384 -401.86737061 -886.75488281 117.93379974 -393.92724609 -886.88311768 118.30488586 -392.14697266 -886.71405029 118.04256439 -392.29046631 -886.67022705 118.00922394 -390.26290894 -886.49060059 117.64697266 -388.50518799 -886.21105957 117.13542938 -388.62957764 -886.17340088 117.12039948 -385.22076416 -885.38189697 115.66674042 -385.41390991 -885.32226562 115.63185883 -382.19119263 -884.30065918 113.66539764 -382.77816772 -884.11334229 113.53556824 -366.53564453 -877.64074707 101.36110687 -368.2175293 -878.36804199 102.36397552 -369.85733032 -879.0847168 103.43201447 -372.99014282 -880.49334717 105.7880249 -371.44937134 -879.79266357 104.57229614 -371.65023804 -879.74414062 104.60001373 -370.06396484 -879.03399658 103.46073151 -370.19558716 -878.98834229 103.45933533 -368.56542969 -878.26763916 102.39307404 -368.71936035 -878.21343994 102.38685608 -367.05169678 -877.48046875 101.3864975 -367.86361694 -877.1875 101.30754089 -406.64282227 -885.89801025 116.52321625 -406.64025879 -885.89898682 116.52336884 -406.40896606 -885.95825195 116.60183716 -406.92489624 -885.82720947 116.40042877 -407.60897827 -885.64001465 116.11631012 -407.61856079 -885.63726807 116.11219788 -408.39123535 -885.40637207 115.76702881 -408.39593506 -885.40496826 115.76485443 -408.97225952 -885.21875 115.49176025 -405.02331543 -886.2635498 117.10435486 -405.20205688 -886.23150635 117.03826141 -405.01733398 -886.26623535 117.10517883 -405.17947388 -886.23693848 117.03814697 -404.7635498 -886.32092285 117.17202759 -405.59240723 -886.14849854 116.89839172 -405.42782593 -886.18103027 116.96820831 -405.22842407 -886.22174072 117.03671265 -405.06149292 -886.25146484 117.09313202 -404.19567871 -886.41955566 117.35999298 -404.18765259 -886.4230957 117.36144257 -404.34475708 -886.40039062 117.29992676 -403.92327881 -886.47540283 117.4217453 -404.39932251 -886.39031982 117.28366089 -404.37530518 -886.39477539 117.29083252 -406.00228882 -886.05560303 116.75292206 -406.02206421 -886.05096436 116.74572754 -401.89584351 -886.76831055 117.91194153 -401.77883911 -886.78192139 117.93543243 -401.82012939 -886.77526855 117.93757629 -401.34341431 -886.82940674 118.01829529 -401.31643677 -886.83221436 118.0242691 -400.90606689 -886.87237549 118.09425354 -400.95074463 -886.85894775 118.10316467 -397.35360718 -887.04992676 118.44289398 -397.41653442 -887.0267334 118.45490265 -397.02822876 -887.05145264 118.45081329 -396.45529175 -887.04840088 118.45483398 -399.43408203 -886.98223877 118.29670715 -403.07254028 -886.61169434 117.64664459 -402.6852417 -886.66723633 117.73980713 -402.64352417 -886.67303467 117.74949646 -402.21224976 -886.72979736 117.84579468 -391.95361328 -886.77178955 118.03579712 -390.12173462 -886.53283691 117.62582397 -392.39996338 -886.81903076 118.11407471 -392.06237793 -886.78363037 118.05563354 -392.04156494 -886.74584961 118.05797577 -385.6104126 -885.62884521 115.96414948 -388.40139771 -886.24176025 117.10597992 -387.85983276 -886.13653564 116.91403961 -381.9765625 -884.36785889 113.69755554 -388.52896118 -886.26556396 117.14919281 -395.64227295 -887.03137207 118.43871307 -370.34515381 -878.93615723 103.45215607 -371.92337036 -879.65008545 104.58907318 -371.77810669 -879.70025635 104.59741211 -373.31030273 -880.40429688 105.81030273 -376.23184204 -881.78997803 108.44888306 -378.9453125 -883.1663208 111.25012207 -381.81878662 -884.41668701 113.70684052 -380.96078491 -884.19689941 113.13117981 -371.28067017 -879.86804199 104.49777985 -372.82748413 -880.56524658 105.72072601 -373.02981567 -880.65759277 105.88955688 -373.72280884 -880.97613525 106.48327637 -375.77755737 -881.93701172 108.38121033 -378.79058838 -883.33410645 111.34049225 -378.65765381 -883.27679443 111.21974182 -375.95114136 -882.01916504 108.55046082 -366.35055542 -877.7243042 101.26589966 -366.14108276 -877.63458252 101.1461792 -364.91259766 -877.10870361 100.46543884 -363.31213379 -876.08673096 99.54598236 -363.08303833 -876.14434814 99.51374054 -363.18237305 -876.36358643 99.55771637 -370.13320923 -879.36016846 103.66254425 -369.91870117 -879.26599121 103.51263428 -369.68328857 -879.1628418 103.35030365 -368.03799438 -878.4487915 102.27526855 -366.61895752 -877.83929443 101.42097473 -383.34884644 -884.99938965 114.74307251 -381.84109497 -884.5098877 113.76644135 -381.68701172 -884.45654297 113.65881348 -349.62982178 -869.19805908 93.0072403 -356.26495361 -872.89770508 96.21547699 -356.14871216 -872.91400146 96.18933868 -359.83889771 -874.5178833 97.84993744 -363.62677002 -875.97442627 99.54376984 -359.99407959 -874.46228027 97.85309601 -356.40490723 -872.84771729 96.22658539 -349.78237915 -869.14379883 93.02108002 -343.48513794 -865.00274658 89.81492615 -366.18478394 -876.43188477 100.36443329 -365.35003662 -876.73486328 100.44191742 -363.45944214 -876.03430176 99.54799652 -331.09863281 -855.9888916 83.57247162 -325.23321533 -851.11541748 80.63506317 -325.4024353 -851.06005859 80.67184448 -308.7762146 -835.44146729 72.75331116 -314.25848389 -840.75909424 75.2480011 -314.0307312 -840.83258057 75.21231842 -349.62237549 -869.53729248 93.00844574 -355.94152832 -872.9630127 96.11923218 -353.65246582 -871.82788086 94.97682953 -355.93325806 -873.01306152 96.06233978 -338.89929199 -862.32006836 87.51660919 -343.30593872 -865.45489502 89.79457855 -349.33435059 -869.29455566 92.92453766 -346.72750854 -867.73522949 91.55003357 -349.26803589 -869.32366943 92.83182526 -342.92868042 -865.19476318 89.59989166 -342.99990845 -865.16479492 89.70295715 -337.07144165 -860.66497803 86.6233139 -331.25735474 -855.93591309 83.60512543 -325.60577393 -850.99285889 80.69880676 -319.86791992 -845.94372559 77.89823914 -330.88632202 -856.05401611 83.48438263 -325.00576782 -851.18701172 80.53650665 -325.09936523 -851.15887451 80.58889008 -319.65222168 -846.01391602 77.86720276 -319.47271729 -846.07177734 77.82593536 -313.84115601 -840.89312744 75.16610718 -319.33071899 -846.1171875 77.7749176 -313.69116211 -840.94067383 75.10988617 -319.23141479 -846.1472168 77.71751404 -313.58670044 -840.97216797 75.04759216 -331.23620605 -856.43121338 83.57966614 -330.80426025 -856.08447266 83.36001587 -329.79064941 -855.26507568 82.84588623 -325.37942505 -851.60571289 80.63109589 -324.91921997 -851.21533203 80.40237427 -322.33703613 -848.61126709 79.21235657 -322.19906616 -848.65570068 79.16381073 -322.19424438 -848.65600586 79.16160583 -320.87924194 -847.71972656 78.41555023 -319.62484741 -846.60919189 77.80682373 -362.88568115 -876.23474121 99.4068985 -360.06097412 -874.98199463 98.01909637 -359.706604 -874.82049561 97.84938812 -356.26541138 -873.17944336 96.21940613 -327.48028564 -850.35400391 80.66191864 -331.92126465 -855.71032715 83.6473999 -337.39730835 -860.55334473 86.67205048 -343.32015991 -865.06066895 89.79810333 -349.50299072 -869.24285889 92.98574066 -326.11019897 -850.82403564 80.72363281 -321.06787109 -845.54425049 77.92240143 -321.85522461 -845.27618408 77.87752533 -315.52508545 -840.34094238 75.28768921 -316.35592651 -840.0604248 75.24887848 -310.10794067 -835.00372314 72.81256866 -310.98117065 -834.71002197 72.78253174 -304.81967163 -829.5302124 70.50240326 -305.73428345 -829.22393799 70.48390961 -299.6690979 -823.91009521 68.36215973 -300.62399292 -823.59204102 68.35722351 -294.67367554 -818.12451172 66.39929199 -295.66766357 -817.79577637 66.40909576 -289.85037231 -812.15380859 64.62498474 -290.88214111 -811.81555176 64.64995575 -285.20730591 -805.98852539 63.04328918 -286.27548218 -805.64227295 63.08327484 -280.75411987 -799.62384033 61.64241028 -281.85723877 -799.27099609 61.69696045 -276.50265503 -793.0526123 60.41014481 -277.63928223 -792.69476318 60.47863007 -320.40280151 -845.76733398 77.93000031 -314.82318115 -840.57452393 75.28813171 -309.37005615 -835.24816895 72.80358887 -304.04660034 -829.78509521 70.48168945 -298.86178589 -824.17474365 68.32804108 -293.83312988 -818.39813232 66.35077667 -288.97769165 -812.4352417 64.56172943 -284.30361938 -806.2767334 62.96541595 -279.82061768 -799.9175415 61.55029678 -275.5406189 -793.35040283 60.30430984 -263.49865723 -765.00512695 57.12791061 -262.24899292 -765.37176514 57.01208115 -259.50640869 -758.1463623 56.47561646 -254.07266235 -743.56756592 55.49161148 -252.42268372 -735.93469238 55.19375992 -253.54391479 -735.63635254 55.3863678 -255.18167114 -743.26617432 55.67510605 -257.15237427 -750.77685547 56.03417969 -256.05764771 -751.0803833 55.86016083 -258.42837524 -758.45117188 56.31149673 -308.53671265 -835.51837158 72.71228027 -308.33731079 -835.58178711 72.66053772 -303.17333984 -830.06677246 70.37232971 -302.96432495 -830.13293457 70.3144455 -297.94955444 -824.46728516 68.19876862 -297.73117065 -824.53594971 68.13432312 -292.88305664 -818.70056152 66.20050812 -343.18295288 -865.10852051 89.77304077 -337.21942139 -860.61450195 86.65208435 -331.44805908 -855.87176514 83.62844086 -325.84207153 -850.91412354 80.71604156 -320.11853027 -845.86151123 77.91914368 -314.52307129 -840.67303467 75.27323914 -309.05447388 -835.35131836 72.78371429 -303.71594238 -829.89263916 70.45586395 -298.51641846 -824.28643799 68.29555511 -293.47348022 -818.5135498 66.31121063 -288.60421753 -812.55407715 64.51494598 -283.91680908 -806.39831543 62.91144943 -279.42095947 -800.04144287 61.48931122 -275.12869263 -793.47607422 60.23653412 -308.49667358 -836.2166748 72.60082245 -307.96679688 -835.69622803 72.3624649 -308.06970215 -835.66497803 72.53085327 -303.125 -830.81982422 70.2292099 -302.68395996 -830.22015381 70.17282867 -302.93109131 -830.61981201 70.14551544 -292.81008911 -819.57226562 65.98212433 -292.35073853 -818.86566162 65.96247101 -295.48754883 -822.62365723 67.04232025 -297.43838501 -824.62689209 67.98028564 -302.57580566 -830.25231934 69.99252319 -297.89056396 -825.27783203 68.01999664 -297.32504272 -824.65991211 67.78775024 -308.17950439 -835.63146973 72.59863281 -302.79888916 -830.18481445 70.24640656 -297.55831909 -824.58984375 68.05980682 -292.47543335 -818.82720947 66.0480423 -287.56750488 -812.87670898 64.22395325 -287.43807983 -812.91662598 64.13219452 -282.8427124 -806.7286377 62.59277344 -282.06646729 -806.10968018 62.0934639 -280.87890625 -804.48175049 61.70212173 -280.32369995 -803.65112305 61.63626099 -275.8109436 -797.15020752 60.1177597 -278.07904053 -800.45025635 60.92816925 -276.43902588 -798.09533691 60.30660629 -285.51394653 -810.66522217 63.2730217 -282.69747925 -806.74346924 62.49496841 -280.40835571 -803.6217041 61.73862457 -278.16491699 -800.42108154 61.03266907 -273.83352661 -793.86108398 59.74681091 -269.74325562 -787.11932373 58.62510681 -280.28543091 -803.65618896 61.50941849 -278.63378906 -801.31433105 60.98316193 -278.03991699 -800.45574951 60.79753113 -287.3147583 -812.95123291 63.91496277 -278.31091309 -800.37805176 61.14338684 -273.98410034 -793.81744385 59.86396027 -269.89822388 -787.07525635 58.74858475 -266.10827637 -780.21905518 57.79332733 -292.2322998 -818.8996582 65.75756836 -288.79699707 -814.78790283 64.4567337 -287.90127563 -813.68273926 64.12786865 -292.6555481 -818.77154541 66.12923431 -287.86676025 -812.78485107 64.35231781 -287.99099731 -812.74639893 64.39009094 -283.15286255 -806.63464355 62.73130417 -283.28152466 -806.59527588 62.77252579 -278.63146973 -800.28222656 61.2919426 -278.76449585 -800.24206543 61.33657455 -274.31469727 -793.72027588 60.02237701 -274.45184326 -793.67956543 60.0703392 -270.23840332 -786.97717285 58.91664886 -270.37948608 -786.93603516 58.96784973 -266.45736694 -780.12023926 57.97079086 -266.60217285 -780.07885742 58.02513123 -287.75463867 -812.81939697 64.31190491 -283.03665161 -806.67004395 62.68746567 -278.51138306 -800.31829834 61.24472427 -274.19085693 -793.75683594 59.9718399 -303.42434692 -829.9866333 70.41944122 -298.21185303 -824.3840332 68.25248718 -293.15628052 -818.61450195 66.26113892 -288.27474976 -812.65783691 64.45774841 -283.57550049 -806.50457764 62.8471756 -279.06829834 -800.1496582 61.41808701 -274.7651062 -793.58587646 60.15855408 -270.70172119 -786.84136963 59.06256104 -266.93280029 -779.98352051 58.12610245 -263.47094727 -773.0112915 57.33199692 -251.9414978 -736.06060791 55.08132172 -253.59687805 -743.69470215 55.38402557 -251.51615906 -736.17059326 54.957798 -249.58708191 -728.62530518 54.49614334 -249.74966431 -728.58502197 54.57027817 -251.14915466 -736.26446533 54.82317734 -250.12046814 -728.4921875 54.7100563 -250.5500946 -728.38342285 54.83852386 -262.36715698 -773.32098389 56.71962738 -262.46392822 -773.29260254 56.84516525 -259.3067627 -766.20007324 56.15332413 -259.47323608 -766.15533447 56.2951622 -268.24102783 -784.75805664 58.00696564 -269.61038208 -787.15490723 58.36641312 -269.65185547 -787.14837646 58.51028824 -265.94915771 -780.26348877 57.66362762 -262.62686157 -773.24804688 56.98098373 -262.73117065 -773.21917725 57.04532242 -262.32394409 -773.32861328 56.56326675 -261.21350098 -770.93560791 56.31117249 -260.3170166 -768.92926025 56.11166382 -259.20755005 -766.22772217 56.02256775 -264.86331177 -778.47515869 57.16152954 -264.57165527 -777.90460205 57.0912323 -262.85244751 -774.43499756 56.6852417 -262.98431396 -773.14868164 57.16761398 -262.85040283 -773.18603516 57.10764694 -259.70159912 -766.09326172 56.42781067 -259.57977295 -766.12646484 56.36249924 -256.78811646 -758.90039062 55.7903595 -256.67950439 -758.92926025 55.72009277 -254.28059387 -751.55657959 55.24130249 -256.50979614 -758.97387695 55.57230377 -254.10801697 -751.60101318 55.08764648 -256.4083252 -759.00061035 55.43637085 -254.00439453 -751.62646484 54.94628525 -255.53265381 -756.61346436 55.0952034 -254.35284424 -752.94366455 54.85225677 -252.28399658 -745.49682617 54.42834473 -251.94496155 -744.12005615 54.3590126 -251.99043274 -744.10864258 54.53940964 -251.46794128 -742.09313965 54.26155472 -251.38383484 -741.72436523 54.2443924 -260.33532715 -765.91815186 56.66392517 -263.13253784 -773.10705566 57.22499466 -259.98974609 -766.01409912 56.55108643 -259.83834839 -766.05584717 56.49075699 -257.05157471 -758.82977295 55.92445755 -256.91226196 -758.86724854 55.85860062 -254.51719666 -751.49475098 55.38558197 -254.39099121 -751.527771 55.31446075 -252.38311768 -744.01171875 54.92197418 -252.27111816 -744.04022217 54.84595871 -250.59991455 -736.40264893 54.52188492 -252.09602356 -744.08435059 54.68650055 -250.42262268 -736.4463501 54.35667038 -250.31524658 -736.46948242 54.20366287 -253.95933533 -751.63690186 54.77147675 -253.85559082 -751.28479004 54.75019455 -253.27145386 -749.23748779 54.63047028 -256.89471436 -760.47216797 55.37825394 -256.81155396 -760.24645996 55.36087418 -256.36373901 -759.00994873 55.2674942 -259.65731812 -767.40551758 55.9670372 -259.16357422 -766.23614502 55.85993576 -258.18804932 -763.84326172 55.65089035 -253.17642212 -743.8059082 55.26555634 -252.8137207 -743.9006958 55.13619232 -250.98828125 -736.30523682 54.75170517 -272.20782471 -791.50006104 59.07522583 -270.18783569 -788.14282227 58.52092743 -270.03637695 -787.88494873 58.48022842 -261.19006348 -765.67687988 56.85834885 -319.13946533 -846.17626953 77.57236481 -313.99746704 -841.47827148 75.1283493 -313.48907471 -841.00244141 74.89081573 -311.58532715 -839.20214844 74.00835419 -254.55381775 -711.43005371 55.23562622 -263.0302124 -709.11120605 55.3180275 -256.71960449 -726.73083496 55.5275116 -265.0977478 -724.35632324 55.57142258 -258.05715942 -734.38903809 55.73466873 -266.37298584 -731.98742676 55.75692749 -259.64944458 -742.00616455 56.00003433 -267.8899231 -739.58007812 55.99822235 -261.56607056 -749.50762939 56.33424759 -269.7144165 -747.06378174 56.30545425 -263.85598755 -756.87194824 56.74903488 -250.26556396 -665.79705811 54.50197983 -248.26141357 -635.66229248 53.7281723 -252.32962036 -634.7244873 53.94655228 -251.45751953 -680.95318604 54.79578781 -260.57580566 -602.63018799 53.18797684 -257.76913452 -543.77484131 51.34825134 -252.51153564 -544.84320068 51.23606873 -250.08398438 -486.5463562 49.28502655 -245.30934143 -487.38330078 48.91449738 -243.16435242 -429.50341797 47.23101807 -255.35011292 -603.82177734 53.18441772 -250.65452576 -604.86950684 53.0520134 -247.77107239 -545.78265381 50.98661423 -245.51828003 -666.91424561 53.96374512 -244.32897949 -667.18145752 53.69397736 -241.71641541 -637.08374023 52.6152916 -245.57026672 -682.37329102 54.04938507 -247.31483459 -713.2802124 54.11126709 -247.48036194 -713.24084473 54.19064331 -247.85772705 -713.15020752 54.3405571 -240.67597961 -637.29187012 52.12028885 -240.85223389 -637.25714111 52.22626495 -242.97026062 -667.47680664 53.19232559 -243.15870667 -667.43658447 53.28416443 -244.61465454 -682.59008789 53.74741745 -246.7322998 -713.41638184 53.67460251 -247.88140869 -721.06787109 53.95416641 -247.79936218 -721.08709717 53.86452103 -249.19456482 -728.72155762 54.25806046 -249.01528931 -728.76477051 54.08713531 -255.1733551 -751.32049561 55.64429855 -254.81561279 -751.41601562 55.52030182 -252.65472412 -743.94189453 55.06742096 -250.84286499 -736.34191895 54.6774559 -249.30918884 -728.69366455 54.33967972 -247.98043823 -721.04443359 54.04112244 -246.9150238 -713.37420654 53.8568573 -245.01945496 -698.08612061 53.43999863 -245.8690033 -705.73614502 53.5997467 -246.81510925 -713.3973999 53.76710129 -245.37516785 -698.00640869 53.71835709 -245.52714539 -697.97186279 53.80599594 -245.69519043 -697.93341064 53.89057541 -247.87316895 -722.65686035 53.5470314 -247.68911743 -721.10876465 53.69997787 -248.90635681 -728.78710938 53.92824936 -245.62541199 -705.78863525 53.12081909 -245.67294312 -705.77539062 53.32876205 -245.81787109 -707.41308594 53.15827942 -246.62084961 -713.43737793 53.50449753 -246.5737915 -713.45050049 53.30220413 -245.78549194 -705.75500488 53.50439453 -244.9352417 -698.10473633 53.34180069 -247.64251709 -721.12158203 53.50331497 -246.96424866 -716.36468506 53.37561417 -246.78326416 -715.03063965 53.34161377 -250.71331787 -736.37438965 54.60071564 -252.51107788 -743.97894287 54.99592209 -254.65881348 -751.45751953 55.45428467 -257.20584106 -758.78808594 55.98766708 -257.55789185 -758.69219971 56.10616302 -244.95217896 -699.80633545 52.98487091 -244.77363586 -698.13800049 52.94704056 -244.82168579 -698.12457275 53.16067886 -244.75669861 -697.9777832 52.94339752 -244.16366577 -690.46710205 53.17568588 -243.45602417 -682.84332275 52.99568558 -243.54147339 -682.82519531 53.09959793 -242.80111694 -675.23406982 52.79625702 -242.27632141 -667.62200928 52.68709564 -243.64451599 -682.80322266 53.20056534 -242.38075256 -667.6005249 52.79372406 -243.76487732 -682.77722168 53.2987175 -242.50268555 -667.57525635 52.89745331 -243.90229797 -682.74743652 53.39453888 -242.6418457 -667.54614258 52.9987793 -244.05636597 -682.71374512 53.48752975 -241.0447998 -637.21899414 52.32875443 -243.36283875 -667.3927002 53.37271118 -245.0634613 -682.48895264 53.9047699 -246.52140808 -697.74133301 54.19822693 -248.78869629 -712.92242432 54.60504913 -249.93840027 -712.63433838 54.82350159 -239.92144775 -607.1072998 51.50291443 -239.44970703 -607.19604492 51.294487 -241.26293945 -652.45770264 52.31721115 -240.37397766 -637.35064697 51.89831161 -241.3863678 -652.43304443 52.42656326 -240.51641846 -637.32299805 52.01083755 -241.52722168 -652.40472412 52.53346634 -242.79785156 -667.51330566 53.09719849 -244.22666931 -682.67626953 53.57734299 -246.07817078 -697.8449707 54.05052948 -248.29469299 -713.04400635 54.47869492 -251.03601074 -728.25897217 54.95568466 -252.16778564 -727.96398926 55.15710449 -239.98377991 -637.42486572 51.42882156 -241.06947327 -652.49584961 52.08942413 -240.95088196 -652.51617432 51.87552261 -240.05331421 -637.41174316 51.5439415 -240.14215088 -637.39501953 51.66521835 -241.1572113 -652.4786377 52.20487595 -240.24913025 -637.37463379 51.78328705 -239.43551636 -622.32696533 51.32310486 -239.30926514 -622.3503418 51.20237732 -239.20106506 -622.37023926 51.07853317 -239.1111908 -622.38659668 50.95140457 -239.04083252 -622.39935303 50.83079529 -238.99014282 -622.40844727 50.71705246 -238.69802856 -607.33416748 50.83368683 -238.55253601 -607.36035156 50.70980453 -238.42494202 -607.38317871 50.58333588 -238.3155365 -607.40252686 50.45369339 -238.22462463 -607.418396 50.32070541 -238.1534729 -607.43078613 50.19458008 -238.10218811 -607.4397583 50.07570267 -240.91864014 -652.52471924 51.75854492 -240.89970398 -652.52667236 51.62726593 -240.23460388 -642.81848145 51.26786423 -238.86094666 -607.30462646 50.95437241 -239.040802 -607.27172852 51.0714035 -242.53482056 -674.0536499 52.33240891 -242.16748047 -669.51116943 52.19524384 -242.02252197 -667.67126465 52.13780975 -241.03616333 -654.45092773 51.69567108 -236.99943542 -372.52230835 45.30003357 -238.9145813 -430.13064575 46.57434464 -241.10145569 -488.09381104 48.38084793 -243.61148071 -546.58013916 50.58314514 -241.77293396 -546.92169189 50.31676865 -246.55233765 -605.7590332 52.77529907 -244.74653625 -606.13989258 52.57657623 -236.03495789 -488.89749146 47.21606827 -237.54040527 -488.66647339 47.65871048 -237.2905426 -518.11383057 48.39736557 -238.77986145 -517.86883545 48.80213547 -238.63803101 -547.48217773 49.63575363 -240.11061096 -547.22283936 50.00242996 -243.81671143 -667.29418945 53.53993225 -241.25326538 -637.17736816 52.42775345 -239.23719788 -607.23553467 51.18477249 -237.41011047 -577.50518799 49.7961235 -237.22680664 -577.53631592 49.66789246 -237.06066895 -577.56433105 49.53585052 -236.91221619 -577.58917236 49.40048981 -236.7819519 -577.61071777 49.26247787 -236.67022705 -577.62908936 49.12118149 -236.57731628 -577.644104 48.97640991 -236.50457764 -577.65588379 48.8392334 -236.45214844 -577.66430664 48.7100563 -236.41699219 -577.66937256 48.563694 -237.61018372 -577.4708252 49.92053604 -235.91320801 -547.9364624 48.45812988 -235.72653198 -547.96594238 48.31861496 -235.55726624 -547.99249268 48.17513275 -235.40594482 -548.01593018 48.02822876 -235.27311707 -548.03631592 47.87862015 -235.15911865 -548.05371094 47.72561264 -235.06425476 -548.06799316 47.56901932 -234.98999023 -548.07910156 47.42074966 -234.93641663 -548.08703613 47.28125 -234.90031433 -548.09191895 47.12339783 -233.53086853 -518.68536377 45.8469162 -233.58554077 -518.67779541 45.99674606 -233.66133118 -518.66729736 46.15611649 -233.75810242 -518.65380859 46.32455063 -233.87432861 -518.63739014 46.4892807 -234.00968933 -518.61810303 46.6505127 -234.16378784 -518.59594727 46.80899048 -234.33610535 -518.57092285 46.96393204 -234.52604675 -518.54309082 47.11476898 -234.7331543 -518.51239014 47.26149368 -236.11682129 -547.9039917 48.59368134 -236.33694458 -547.86853027 48.72525787 -237.82655334 -577.43341064 50.04113007 -236.82481384 -547.78900146 48.97647095 -238.30648804 -577.34936523 50.27083206 -237.37312317 -547.69793701 49.21170044 -238.84645081 -577.25311279 50.48518372 -239.44313049 -577.1449585 50.6844368 -241.04042053 -606.89160156 51.87593842 -241.68217468 -606.76507568 52.0414238 -243.44885254 -636.72296143 53.09535599 -244.86598206 -636.41809082 53.35138702 -246.91357422 -666.59307861 54.18585205 -234.95690918 -518.47894287 47.4040947 -235.45246887 -518.40368652 47.67690277 -236.00889587 -518.31768799 47.93311691 -237.97840881 -547.59564209 49.43122101 -260.77819824 -757.77996826 56.60138321 -258.44335938 -750.4119873 56.16928864 -256.48898315 -742.9039917 55.81904602 -254.86505127 -735.277771 55.53871536 -253.50079346 -727.60949707 55.31748962 -251.29118347 -712.28814697 54.9992485 -249.55589294 -697.00384521 54.75961685 -248.1308136 -681.76971436 54.5076561 -243.11891174 -606.47589111 52.33324432 -240.09399414 -577.02508545 50.86927795 -249.23327637 -730.95330811 53.81048584 -249.11665344 -730.28942871 53.78746414 -248.86022949 -728.79962158 53.73714066 -250.56182861 -737.92407227 54.07710266 -250.26947021 -736.48162842 54.01791382 -249.80908203 -734.10699463 53.92520905 -411.72958374 -884.14489746 113.96347809 -411.71438599 -884.15167236 113.97292328 -421.14202881 -876.52105713 104.79257202 -420.24972534 -877.7300415 106.10182953 -420.0958252 -877.75598145 106.15752411 -420.19946289 -877.79272461 106.17093658 -417.72787476 -880.35632324 109.11279297 -416.37973022 -881.44091797 110.43215179 -415.7164917 -881.91497803 111.02458954 -416.1388855 -881.4744873 110.51267242 -413.56341553 -883.06011963 112.5606842 -423.45275879 -847.12091064 80.20329285 -424.10574341 -852.92718506 84.71080017 -423.97424316 -853.06481934 84.84376526 -424.4152832 -858.98962402 89.49087524 -424.20758057 -859.03289795 89.54833221 -409.30380249 -885.10473633 115.32513428 -409.47433472 -885.04492188 115.23825073 -409.48202515 -885.04296875 115.23469543 -418.08724976 -879.76989746 108.47291565 -415.51934814 -881.65179443 110.79540253 -412.19958496 -883.48773193 113.22055817 -421.55395508 -859.84240723 90.28818512 -420.75289917 -854.04431152 85.70604706 -423.02816772 -853.30834961 85.09796906 -422.67657471 -841.16119385 75.69139099 -422.4967041 -841.18164062 75.73958588 -422.17123413 -835.67260742 71.68274689 -421.94784546 -835.15643311 71.35187531 -422.07241821 -828.88751221 66.97755432 -421.85519409 -829.03295898 67.11737823 -422.11129761 -823.22546387 63.31067657 -421.8789978 -822.79083252 63.08784485 -422.12738037 -819.5213623 61.06274414 -421.87768555 -816.39550781 59.32441711 -422.13110352 -816.37030029 59.25742722 -422.1255188 -812.22741699 57.05118179 -422.11819458 -809.765625 55.83900452 -422.1043396 -806.36486816 54.29143143 -422.09616089 -804.68865967 53.58301544 -421.33865356 -803.00024414 53.05505371 -422.06967163 -800.02093506 51.79744339 -421.29510498 -799.46655273 51.76072311 -422.06549072 -799.35461426 51.5643959 -421.47399902 -816.47027588 59.4297142 -421.50302124 -822.86224365 63.18678665 -421.50714111 -829.10101318 67.20964813 -421.62780762 -835.22094727 71.4372406 -422.2041626 -841.24200439 75.81784821 -423.02633667 -847.19512939 80.31748199 -420.00704956 -803.31890869 53.38607025 -420.15908813 -810.17456055 56.34032822 -420.29406738 -816.76159668 59.73377228 -420.40066528 -823.14086914 63.47428131 -420.48348999 -829.36645508 67.47929382 -420.68304443 -835.47229004 71.68815613 -421.33621216 -841.47753906 76.049263 -422.23583984 -847.41168213 80.52839661 -419.84341431 -796.24835205 50.94930267 -410.36703491 -884.644104 114.70389557 -410.45858765 -884.67956543 114.71265411 -409.97244263 -884.82965088 114.95200348 -410.45077515 -884.68261719 114.7170105 -410.75286865 -884.44342041 114.43938446 -419.78866577 -877.831604 106.28178406 -417.26547241 -880.00292969 108.83521271 -413.47363281 -882.28466797 111.75547028 -410.35766602 -884.09234619 114.12628937 -419.45657349 -709.88568115 41.45676804 -421.18200684 -709.88568115 41.10276794 -420.35940552 -738.20007324 42.89383316 -421.50769043 -739.38769531 42.72515106 -420.59500122 -752.66394043 43.86941528 -421.71072388 -758.72485352 44.1437645 -420.82571411 -767.14160156 45.19073486 -421.79336548 -767.00976562 44.96463776 -420.93780518 -774.37219238 46.08547211 -421.84338379 -772.21258545 45.59090042 -421.04660034 -781.58618164 47.22384262 -421.92651367 -781.32165527 46.98445511 -421.15087891 -788.77142334 48.69769669 -421.99383545 -789.37908936 48.66283417 -421.24902344 -795.91479492 50.60911942 -422.04177856 -795.800354 50.40875626 -422.04995728 -796.99127197 50.77993774 -418.41174316 -738.6105957 43.26023102 -418.77301025 -753.0647583 44.22829437 -419.13653564 -767.52575684 45.54495621 -419.31738281 -774.7456665 46.43778229 -419.49649048 -781.9473877 47.57377625 -419.6723938 -789.11932373 49.04389191 -412.45336914 -740.16882324 44.25524521 -413.17208862 -754.5859375 45.22776413 -413.92019653 -768.98382568 46.55971909 -414.30233765 -776.16290283 47.46177292 -414.68841553 -783.31842041 48.60520935 -415.07647705 -790.4395752 50.07765961 -415.46429443 -797.5145874 51.97672272 -415.84918213 -804.52856445 54.39517593 -416.22695923 -811.3302002 57.31942368 -416.59237671 -817.86749268 60.67352295 -416.93371582 -824.19836426 64.36765289 -417.25552368 -830.37408447 68.32141113 -417.69473267 -836.42633057 72.47564697 -418.57965088 -842.37133789 76.77925873 -419.71362305 -848.23345947 81.19705963 -416.10443115 -849.51037598 82.14611053 -414.64511108 -843.76019287 77.8123703 -413.43878174 -837.90875244 73.58686829 -412.66592407 -831.93963623 69.50627136 -412.01159668 -825.84143066 65.62089539 -411.34429932 -819.58599854 61.9875946 -410.65951538 -813.12585449 58.68338013 -409.96972656 -806.40802002 55.79451752 -409.27975464 -799.4821167 53.39328384 -408.59384155 -792.49121094 51.49282837 -407.91488647 -785.44873047 50.0055275 -407.24597168 -778.36517334 48.83927536 -400.54797363 -795.15209961 53.21161652 -401.5993042 -802.03399658 55.12073135 -402.66360474 -808.84588623 57.50650787 -403.73678589 -815.45483398 60.35634232 -404.81439209 -821.81481934 63.60271454 -405.88320923 -827.97259521 67.16397858 -406.9475708 -833.97027588 70.96752167 -408.13189697 -839.83154297 74.95948029 -409.73373413 -845.56164551 79.09055328 -411.59371948 -851.16656494 83.32212067 -413.40426636 -856.67089844 87.64759827 -414.98635864 -862.1293335 92.10843658 -416.2019043 -867.58508301 96.74964905 -409.83709717 -884.74938965 114.90155792 -409.68179321 -884.87420654 115.05171204 -409.75500488 -884.90228271 115.06255341 -409.46099854 -885.03662109 115.23898315 -409.51678467 -884.98339844 115.18452454 -409.60910034 -884.97137451 115.15287781 -411.29425049 -884.33618164 114.22920227 -407.79379272 -885.45098877 115.93534851 -408.29760742 -884.78540039 115.14572144 -410.71084595 -883.17932129 113.07201385 -414.55307007 -880.83453369 110.0629425 -418.77203369 -878.11859131 106.71221161 -421.21484375 -875.66888428 103.97620392 -399.45507812 -886.90100098 118.26758575 -397.87213135 -886.89001465 118.32415771 -396.56838989 -886.71325684 118.1503067 -397.69146729 -886.35125732 117.69735718 -394.59347534 -885.93737793 117.17843628 -396.36813354 -885.35900879 116.45600128 -393.60580444 -884.57098389 115.36431122 -398.83285522 -882.85839844 113.27696991 -396.84259033 -881.56768799 111.58119202 -403.5954895 -879.30895996 108.95205688 -402.35113525 -877.51550293 106.80753326 -409.87457275 -874.96679688 104.03839874 -409.21154785 -872.70825195 101.6543045 -416.53213501 -870.23498535 99.16324615 -422.03356934 -865.65814209 94.92890167 -423.57946777 -859.20166016 89.72323608 -423.73782349 -853.11456299 84.90735626 -423.29122925 -847.13964844 80.2465744 -422.8331604 -842.39160156 76.61078644 -413.55847168 -883.23822021 112.73554993 -404.54525757 -885.23046875 116.01290131 -407.62084961 -884.20483398 114.55295563 -406.79550171 -883.35803223 113.63404083 -410.89080811 -882.01025391 111.7443161 -410.89511108 -880.59094238 110.15525055 -415.41937256 -879.14282227 108.16677856 -416.05804443 -877.21954346 106.09518433 -420.01382446 -876.00830078 104.46141815 -420.97103882 -873.68615723 102.11972809 -422.34335327 -873.2956543 101.59443665 -423.15835571 -870.73028564 99.17500305 -424.16149902 -867.86633301 96.58876801 -424.32723999 -867.83319092 96.53652191 -424.61065674 -865.98931885 94.97783661 -424.65759277 -864.92730713 94.12094879 -402.71936035 -884.70587158 115.49578857 -405.83731079 -882.25091553 112.3875885 -410.72424316 -878.93212891 108.32341766 -416.45898438 -875.07989502 103.88019562 -421.63018799 -871.17089844 99.72493744 -423.65151978 -867.99542236 96.75561523 -424.37188721 -864.97607422 94.20478821 -424.55178833 -864.93963623 94.15115356 -424.63198853 -861.54840088 91.47119904 -403.61871338 -860.38446045 90.20220184 -406.21884155 -865.36254883 94.51875305 -396.47689819 -869.06890869 97.16870117 -398.15264893 -871.25762939 99.45422363 -388.99450684 -874.67523193 102.02670288 -391.03704834 -876.55505371 104.5194397 -383.40158081 -879.27923584 106.72283173 -385.77325439 -880.85192871 109.41259003 -382.90756226 -881.83972168 110.2783432 -385.62472534 -883.17541504 112.69047546 -383.55783081 -883.86004639 113.32498932 -386.64492798 -884.93182373 115.28990173 -385.94247437 -885.15625 115.49951935 -389.26251221 -885.97741699 116.95687103 -388.79891968 -886.12164307 117.08516693 -390.378479 -886.47662354 117.6480484 -423.82199097 -865.11834717 94.37297058 -421.98477173 -868.4855957 97.31473541 -416.61700439 -872.74346924 101.55700684 -410.38189697 -877.05023193 106.27396393 -404.76416016 -880.89526367 110.82118225 -400.80343628 -883.91088867 114.58495331 -399.1282959 -885.8815918 117.08322906 -400.75177002 -886.48242188 117.74176788 -401.54354858 -886.67095947 117.89853668 -402.11303711 -886.67724609 117.85227966 -402.35787964 -886.68475342 117.82650757 -402.72213745 -886.64886475 117.7477951 -403.10678101 -886.60522461 117.64740753 -403.49914551 -886.54577637 117.53735352 -381.47451782 -801.81469727 57.18013763 -383.37765503 -808.42364502 59.13064957 -385.31619263 -814.949646 61.49741364 -387.28625488 -821.28619385 64.26922607 -389.28442383 -827.39550781 67.39050293 -391.29550171 -833.30865479 70.79110718 -393.32339478 -839.05456543 74.4094696 -395.474823 -844.64587402 78.1991806 -398.00396729 -850.07196045 82.11351013 -400.80410767 -855.31335449 86.10900116 -399.58380127 -886.97351074 118.27985382 -372.67492676 -767.69158936 51.50422668 -374.3230896 -774.65100098 52.27213669 -376.03085327 -781.54595947 53.18014145 -377.79464722 -788.37341309 54.26783752 -404.12493896 -742.59008789 45.5315094 -411.77960205 -725.76641846 43.46033096 -417.71890259 -709.88568115 41.74932098 -417.84616089 -709.88568115 41.72889328 -403.02975464 -728.21734619 44.73039627 -393.83425903 -745.73046875 47.02205658 -392.23516846 -731.39624023 46.19917297 -382.17132568 -749.44616699 48.62624359 -380.01873779 -735.15753174 47.76431656 -364.52993774 -724.99536133 48.67058182 -363.55331421 -717.76141357 48.38948822 -376.68157959 -706.33544922 46.55692673 -362.70004272 -710.49102783 48.14459991 -371.09048462 -760.66864014 50.84763718 -369.58145142 -753.59344482 50.281147 -368.16549683 -746.48901367 49.79082108 -366.84674072 -739.35565186 49.36434555 -365.63143921 -732.19207764 48.99341202 -375.50045776 -691.8192749 46.12895203 -401.74258423 -709.88568115 43.90055084 -271.49926758 -786.60357666 59.22134018 -267.75091553 -779.74389648 58.29730225 -272.48834229 -786.30273438 59.34022903 -268.76519775 -779.44085693 58.4284935 -273.65661621 -785.94128418 59.4218483 -269.96295166 -779.07678223 58.52233887 -272.86517334 -778.17407227 58.60845566 -269.53765869 -771.19317627 57.871521 -277.2951355 -768.74224854 57.73914337 -274.43045044 -761.64019775 57.16329193 -284.4175415 -758.45465088 56.68238831 -282.03988647 -751.23516846 56.24016571 -294.00018311 -747.46929932 55.47086334 -292.11364746 -740.14343262 55.13496399 -305.64434814 -735.95739746 54.09947968 -304.20046997 -728.55462646 53.84326935 -318.60656738 -724.11071777 52.59523392 -317.50942993 -716.67376709 52.39440155 -332.32254028 -712.13195801 51.00223541 -331.47167969 -704.72595215 50.83641815 -361.29205322 -695.88635254 47.74393845 -360.13693237 -681.30761719 47.42998123 -374.50479126 -677.33569336 45.77529526 -373.62265015 -662.89862061 45.46549606 -387.17626953 -659.4262085 43.76165771 -385.8243103 -630.86895752 43.09460831 -369.30279541 -577.27587891 43.72429657 -372.0585022 -634.17004395 44.88345718 -359.1362915 -666.77429199 47.16383362 -330.03619385 -689.94024658 50.58264923 -316.5703125 -709.21630859 52.23390579 -302.9881897 -721.07287598 53.63982391 -290.52670288 -732.71020508 54.86655807 -279.99581909 -743.8939209 55.88186264 -271.89300537 -754.41802979 56.68985367 -266.52435303 -764.09625244 57.25680542 -266.57070923 -772.10015869 57.76306534 -265.3458252 -772.46600342 57.65784073 -264.30819702 -772.77044678 57.51506424 -267.31640625 -779.87176514 58.21681213 -271.07562256 -786.73046875 59.14704895 -329.34609985 -359.24221802 43.65461731 -344.66879272 -357.06228638 41.97182083 -331.54992676 -414.887146 44.23957443 -346.90368652 -412.3848877 42.58488846 -333.90133667 -470.8265686 45.08885956 -349.26571655 -467.99209595 43.4183197 -351.76919556 -524.01727295 44.44525146 -366.76498413 -521.04217529 42.60577774 -336.41983032 -527.1987915 46.16017914 -321.0328064 -530.48345947 47.71247101 -305.85110474 -533.76812744 49.06864929 -290.83291626 -536.949646 50.19615173 -276.41162109 -539.92480469 50.98210526 -263.5005188 -542.59039307 51.33705902 -357.40652466 -637.85455322 46.65408707 -234.45422363 -539.45465088 46.51830673 -234.87756348 -548.09350586 46.94805908 -237.59870911 -599.609375 49.43506241 -420.41381836 -709.88568115 41.02750015 -418.66320801 -709.88568115 40.94036865 -416.51226807 -709.88568115 40.88797379 -413.99697876 -709.88568115 40.86161423 -404.33566284 -709.88568115 40.91178131 -235.30450439 -521.06866455 43.21006012 -236.69525146 -550.29022217 44.80925751 -237.21121216 -550.19873047 44.50299454 -237.54664612 -579.80865479 46.84290314 -237.36296082 -579.84307861 46.99399567 -239.00834656 -609.44500732 48.47811127 -236.54049683 -580.00299072 48.20074081 -238.19483948 -609.6137085 49.59880829 -238.23181152 -609.60479736 49.47397995 -246.76963806 -668.4296875 49.40411377 -250.05053711 -667.63122559 48.5540657 -247.99760437 -637.6640625 47.20011139 -243.30674744 -638.72851562 48.58032608 -242.14433289 -638.9831543 49.07047272 -244.2689209 -669.01983643 50.29973221 -238.84388733 -609.47802734 48.62016296 -238.69664001 -609.50775146 48.76328278 -240.5302124 -639.33062744 50.10268021 -239.08589172 -624.49963379 50.25521469 -240.0337677 -639.44226074 50.87273026 -240.07070923 -639.43286133 50.75795364 -240.03956604 -639.56408691 50.88692093 -241.03962708 -654.44897461 51.56351471 -241.05805969 -654.44091797 51.44259262 -248.34895325 -714.62310791 51.91299057 -248.82296753 -714.50128174 51.71072769 -247.01573181 -699.28967285 51.26519394 -242.90049744 -677.03137207 51.97148895 -243.56402588 -684.59796143 52.18733597 -243.63650513 -684.57983398 52.0715332 -244.28211975 -692.17877197 52.38489151 -245.06616211 -699.77294922 52.57062531 -245.13806152 -699.7543335 52.46068192 -246.80613708 -715.01849365 53.13563919 -301.45031738 -769.88500977 50.97299957 -298.69619751 -762.91516113 50.1089325 -287.20401001 -766.67425537 51.45427322 -307.6456604 -783.56890869 53.06725693 -311.0300293 -790.22277832 54.31845093 -322.65820312 -786.18304443 52.79786682 -280.97305298 -804.4473877 61.44808197 -283.26544189 -807.56445312 62.21617508 -283.39196777 -807.52233887 62.07915497 -285.60513306 -810.63165283 63.02954102 -287.98217773 -813.63079834 63.87820816 -288.1131897 -813.60839844 63.75756836 -297.98721313 -825.25866699 67.80545044 -303.21844482 -830.80157471 70.02590942 -308.58673096 -836.19921875 72.40884399 -406.26956177 -885.96936035 116.58885956 -406.54736328 -885.87573242 116.44100189 -405.16601562 -886.13342285 116.83721161 -407.22006226 -885.72088623 116.21028137 -407.01220703 -885.79138184 116.3215332 -325.45791626 -851.59008789 80.47415924 -331.31054688 -856.41595459 83.43462372 -343.35940552 -865.43322754 89.66916656 -374.33328247 -880.20007324 105.21029663 -375.27957153 -879.86230469 104.87526703 -372.30090332 -878.40338135 102.4633255 -406.93417358 -885.81738281 116.36510468 -408.78713989 -885.27978516 115.57736206 -408.97323608 -885.21838379 115.48851776 -408.97808838 -885.21679688 115.48561096 -359.76824951 -874.81182861 97.76464081 -363.24047852 -876.35528564 99.47962952 -363.35757446 -876.29742432 99.35783386 -385.2119751 -885.4631958 115.59462738 -406.8392334 -885.84863281 116.42503357 -408.78106689 -885.28179932 115.58158875 -411.73147583 -726.90039062 41.82390213 -412.41259766 -741.21722412 42.75431824 -418.39593506 -739.66094971 42.60987854 -421.4671936 -816.98059082 59.53714752 -422.24026489 -841.56817627 75.9377594 -421.37408447 -807.07421875 54.54389954 -421.33425903 -803.637146 53.10030746 -419.99526978 -803.95446777 53.18864441 -421.52731323 -875.66241455 103.88039398 -422.71343994 -873.2980957 101.4956665 -414.07208252 -882.9251709 112.31906891 -416.28585815 -881.45684814 110.44713593 -411.62106323 -884.17303467 113.99832153 -423.62512207 -868.14855957 96.75313568 -423.81210327 -865.29620361 94.36688232 -422.02041626 -865.83300781 94.74584198 -409.45007324 -885.05212402 115.2459259 -408.56213379 -793.21411133 49.92605591 -409.25042725 -800.15692139 51.96366501 -415.44064331 -798.19775391 51.14444351 -407.20825195 -779.18273926 47.01331329 -406.5484314 -772.11352539 45.96437836 -397.46316528 -775.04284668 46.84074783 -414.57748413 -881.95349121 111.09579468 -412.93322754 -883.26074219 112.76689148 -413.53475952 -883.07568359 112.51558685 -402.63806152 -809.45794678 55.65234375 -403.71350098 -816.00354004 58.66164017 -410.63381958 -813.68334961 57.51415634 -406.92987061 -834.3651123 69.69174194 -408.13302612 -840.18261719 73.80945587 -413.43725586 -838.2666626 72.81469727 -409.75875854 -845.87042236 78.0617981 -411.61871338 -851.43548584 82.4119873 -416.12683105 -849.78704834 81.53891754 -409.36309814 -885.0803833 115.28507233 -409.30917358 -885.09851074 115.31053162 -409.4468689 -885.05322266 115.24755096 -332.05944824 -713.52386475 43.5871315 -333.07995605 -720.86132812 44.03501892 -362.49273682 -711.81542969 42.15083313 -340.91763306 -756.63909912 47.06417084 -342.98544312 -763.62658691 47.88827133 -369.51223755 -754.62451172 45.52978134 -264.34359741 -429.10153198 31.32350731 -258.14880371 -430.12149048 32.06420135 -260.36404419 -487.34115601 35.25483322 -224.3053894 -262.609375 36.8710556 -225.92671204 -319.81860352 38.09430695 -234.55551147 -376.24310303 34.04214096 -232.87876892 -376.45135498 34.73708344 -234.90429688 -433.79092407 37.12402725 -232.79095459 -463.06314087 40.21520615 -234.00648499 -491.99966431 41.66182709 -234.53387451 -491.9180603 41.32011414 -232.32133484 -463.13031006 40.58546066 -231.1756134 -434.30239868 39.290802 -230.96362305 -434.33044434 39.4896965 -231.10169983 -463.30786133 42.33997345 -229.9445343 -434.46914673 41.14181519 -229.90814209 -434.47546387 41.32664108 -380.73022461 -520.73797607 32.89880371 -407.86175537 -137.56169128 23.99815559 -334.06808472 -85.1103363 16.39263916 -335.76867676 -140.65280151 18.18704414 -351.30029297 -139.79718018 18.96869087 -390.72119141 -718.24719238 41.67288208 -389.53656006 -703.92437744 40.83784103 -401.96401978 -715.06323242 41.24302673 -411.10357666 -712.60839844 41.00450134 -417.69824219 -711.02850342 40.96990204 -419.88494873 -710.61230469 41.02964401 -221.27140808 -89.39277649 32.11999512 -221.141922 -89.39641571 32.46471024 -221.03590393 -89.39950562 32.81264496 -220.95394897 -89.40205383 33.16413498 -220.89599609 -89.40403748 33.49362564 -220.86203003 -89.4054718 33.80015945 -222.24304199 -89.36647797 30.44859695 -222.00827026 -89.3727951 30.77336121 -221.79289246 -89.37858582 31.10311699 -221.59773254 -89.38385773 31.43774796 -221.4236145 -89.38858032 31.77712059 -222.76742554 -89.35227966 29.81454468 -222.49636841 -89.3596344 30.12895012 -228.04902649 -89.19750214 25.95230293 -226.29580688 -89.25125885 26.9599762 -225.48500061 -89.27534485 27.49089432 -224.7225647 -89.2975235 28.04099655 -224.01266479 -89.31777191 28.61108208 -223.35940552 -89.33602905 29.20195389 -234.19877625 -88.99424744 23.31095123 -232.01565552 -89.06871033 24.13272667 -229.96147156 -89.13656616 25.01173592 -238.90962219 -88.82661438 21.82480621 -244.02703857 -88.63596344 20.53071594 -249.52799988 -88.42460632 19.40701866 -255.54191589 -88.19483185 18.4171505 -262.01705933 -87.94895172 17.57254982 -268.8956604 -87.68924713 16.88099289 -276.07644653 -87.41805267 16.346838 -304.4072876 -86.26419067 15.60779858 -318.96868896 -85.67806244 15.83567047 -367.04611206 -139.03059387 20.02098465 -382.42437744 -138.38269043 21.29608154 -396.16665649 -137.88317871 22.65072823 -398.35693359 -246.00253296 25.47437286 -409.19586182 -245.45178223 26.60016632 -413.59191895 -245.30667114 27.13285446 -372.35626221 -302.22705078 25.03359604 -355.05041504 -249.2816925 22.49185562 -370.48916626 -247.96833801 23.32432556 -385.31219482 -246.8583374 24.35853386 -374.31408691 -356.51046753 26.8123188 -376.36099243 -410.94161987 28.69986916 -378.49798584 -465.64334106 30.72924232 -231.06517029 -463.31460571 42.51477432 -229.8923645 -434.47927856 41.53224564 -232.28074646 -492.27105713 44.01964569 -231.40461731 -434.27203369 39.09464264 -227.78411865 -377.05206299 39.59186554 -228.19189453 -376.99954224 38.23807907 -228.07112122 -377.01367188 38.46945572 -229.09185791 -405.68972778 39.42819214 -230.29666138 -434.4190979 40.31044006 -227.79901123 -377.04876709 39.36365509 -227.83509827 -377.04324341 39.15868759 -227.89251709 -377.03552246 38.93817139 -237.20437622 -491.49237061 40.04613876 -234.14663696 -433.89785767 37.45796585 -235.76249695 -491.72470093 40.66539383 -233.43946838 -433.99630737 37.8021965 -235.12019348 -491.82635498 40.98812485 -232.78569031 -434.08615112 38.15717697 -232.18817139 -434.16720581 38.52336502 -231.65008545 -434.23934937 38.90129852 -232.11061096 -376.54464722 35.10140991 -231.3927002 -376.63061523 35.47770309 -230.72814941 -376.70901489 35.8664856 -230.12007141 -376.77975464 36.26826859 -229.57189941 -376.8427124 36.68366241 -229.32165527 -376.8711853 36.8964386 -229.08813477 -376.8977356 37.11248016 -228.87188721 -376.92218018 37.33171463 -230.76916504 -434.35614014 39.69124985 -228.67355347 -376.94464111 37.55404663 -230.59283447 -434.3795166 39.89538956 -228.49369812 -376.96502686 37.77940369 -224.31848145 -262.60699463 36.59749603 -225.9407196 -319.8157959 37.84344101 -224.3538208 -262.60308838 36.35201645 -225.97645569 -319.81103516 37.61824036 -224.41160583 -262.59759521 36.08806992 -226.03407288 -319.80447388 37.37604904 -224.49179077 -262.59054565 35.80641556 -247.25253296 -431.90594482 33.7716713 -241.52653503 -404.01876831 33.41952133 -242.53909302 -432.65005493 34.77043915 -237.368927 -404.6100769 34.57144928 -238.39474487 -433.2817688 35.88181686 -236.56126404 -433.55233765 36.48508835 -236.40637207 -376.00701904 33.38883591 -240.57608032 -375.45571899 32.19365692 -254.67669678 -488.40258789 36.04924011 -252.4690094 -431.05969238 32.87343216 -249.46374512 -489.35995483 36.91540527 -244.76747131 -490.20175171 37.86275482 -240.65357971 -490.91641235 38.90120697 -238.83966064 -491.22244263 39.45909882 -222.91529846 -205.25292969 35.82639313 -221.77142334 -147.57505798 34.60265732 -222.92741394 -205.2510376 35.53011703 -221.80587769 -147.57275391 34.31650543 -222.96234131 -205.24790955 35.26431656 -221.86381531 -147.56954956 34.00889969 -223.02023315 -205.24356079 34.9785614 -221.94525146 -147.56546021 33.68074036 -223.10105896 -205.23797607 34.67367935 -222.05021667 -147.56045532 33.35588455 -223.20489502 -205.23117065 34.3718338 -222.17814636 -147.55459595 33.03400803 -223.33117676 -205.22317505 34.07272339 -222.32833862 -147.5478363 32.71382141 -223.47924805 -205.213974 33.77514648 -222.50003052 -147.54022217 32.39688873 -223.64839172 -205.20359802 33.48055649 -222.69239807 -147.53173828 32.08436584 -223.83782959 -205.19203186 33.19002151 -222.90466309 -147.5223999 31.77636528 -224.04684448 -205.17932129 32.90365982 -223.13604736 -147.51220703 31.47300339 -224.27467346 -205.16545105 32.6215744 -223.38578796 -147.50119019 31.17439651 -224.52062988 -205.15042114 32.34386826 -223.65304565 -147.48933411 30.88066292 -224.78390503 -205.13426208 32.07065964 -224.23710632 -147.46315002 30.30827522 -225.3596344 -205.09858704 31.53813553 -224.88226318 -147.43371582 29.75607681 -225.99623108 -205.05848694 31.0242424 -225.58413696 -147.40109253 29.22320175 -226.68954468 -205.01405334 30.52816391 -226.33880615 -147.36534119 28.70890236 -227.43586731 -204.96534729 30.04921341 -227.14231873 -147.32650757 28.21243477 -228.23149109 -204.91246033 29.58670235 -228.88299561 -147.23989868 27.2698307 -229.95826721 -204.79443359 28.70806885 -230.78627014 -147.1416626 26.38957405 -231.85076904 -204.66064453 27.88687897 -232.83522034 -147.03231812 25.56650162 -236.07202148 -204.34817505 26.39878464 -245.3006897 -374.80630493 31.13066101 -250.51385498 -374.06777954 30.18578339 -256.1784668 -373.2489624 29.34557533 -262.35900879 -372.3588562 28.58665466 -268.9992981 -371.40631104 27.91763496 -317.77783203 -476.49224854 31.2343502 -315.39505005 -420.53155518 28.40463829 -300.35031128 -423.13336182 28.86056328 -298.2555542 -367.15036011 26.22497177 -283.38900757 -369.34967041 26.8717289 -281.56005859 -313.22238159 24.47592354 -267.20852661 -314.9836731 25.52661705 -265.6138916 -258.58535767 23.35360527 -260.58831787 -315.79940796 26.21631432 -259.02053833 -259.26428223 24.07348251 -254.42904663 -316.56170654 27.00793839 -252.88876343 -259.89871216 24.90667725 -248.786026 -317.26290894 27.89243126 -247.2731781 -260.4822998 25.84362793 -243.58200073 -317.89538574 28.89595985 -242.08351135 -261.00869751 26.91316986 -238.85131836 -318.45153809 30.0337429 -237.35137939 -261.47155762 28.13221741 -234.66062927 -318.92364502 31.32168579 -233.14356995 -261.86450195 29.51842499 -232.79423523 -319.12582397 32.02886963 -231.26333618 -262.03277588 30.28183365 -231.09938049 -319.3041687 32.78320312 -229.55183411 -262.18118286 31.09763336 -230.32142639 -319.38409424 33.1794281 -228.76472473 -262.24771118 31.52669907 -229.59344482 -319.45767212 33.58917999 -228.02728271 -262.30895996 31.97076607 -228.91876221 -319.52481079 34.01303482 -227.34301758 -262.36486816 32.43047333 -228.3006897 -319.5854187 34.45156479 -226.7154541 -262.4152832 32.90645218 -227.7428894 -319.63931274 34.9054451 -226.14848328 -262.46014404 33.39944839 -227.48809814 -319.66372681 35.13811111 -225.88935852 -262.48046875 33.65229416 -227.25024414 -319.68643188 35.37447739 -225.64736938 -262.49935913 33.90924072 -227.02998352 -319.70739746 35.61444473 -225.42323303 -262.51678467 34.1701889 -226.82794189 -319.72662354 35.8579216 -225.21762085 -262.5328064 34.43503571 -226.64474487 -319.74407959 36.10482025 -225.03123474 -262.54730225 34.70368195 -226.48106384 -319.75976562 36.35504913 -224.86477661 -262.56036377 34.97603226 -226.33757019 -319.77368164 36.6076889 -224.71894836 -262.57196045 35.25108719 -226.21485901 -319.78573608 36.86152267 -224.59440613 -262.58200073 35.5275116 -226.16149902 -319.79110718 36.98901367 -226.11354065 -319.79602051 37.11756134 -313.17980957 -364.87973022 25.88183784 -296.3336792 -311.33889771 23.87121391 -279.91271973 -257.11947632 22.27760887 -264.21292114 -202.05314636 21.3220787 -257.652771 -202.59300232 22.07839584 -251.55445862 -203.0974884 22.95901489 -245.97172546 -203.5615387 23.95379639 -240.80130005 -203.98013306 25.09420776 -263.01034546 -145.22766113 19.39971733 -256.48953247 -145.62393188 20.19766235 -250.43049622 -145.99424744 21.13055992 -244.88594055 -146.33488464 22.18763924 -239.73957825 -146.64215088 23.40294266 -235.0173645 -146.91230774 24.79659081 -363.83135986 -468.03198242 30.55633354 -361.47805786 -413.05307007 28.31523514 -359.23187256 -358.3531189 26.25230598 -357.0892334 -303.80508423 24.32816696 -341.65426636 -305.56637573 23.8494854 -339.56967163 -250.74755859 21.89943886 -326.25970459 -307.4498291 23.60341454 -324.22714233 -252.31513977 21.55591393 -311.11953735 -309.39434814 23.60394859 -309.209198 -253.93351746 21.47897148 -294.57781982 -255.55194092 21.69301224 -292.98739624 -199.64105225 19.62833405 -278.44543457 -200.88751221 20.20726776 -277.16308594 -144.37202454 18.23488045 -269.93453979 -144.80911255 18.74407196 -337.60574341 -195.82077026 20.01863098 -322.32989502 -197.06723022 19.59209633 -307.44927979 -198.35414124 19.45260239 -291.56768799 -143.45707703 17.64962196 -320.57376099 -141.56777954 17.68949318 -305.84524536 -142.51242065 17.4998188 -290.32907104 -86.85032654 15.74365234 -409.26132202 -885.07092285 115.25861359 -409.33969116 -885.07781982 115.27559662 -387.28964233 -821.81298828 61.70455551 -369.20367432 -828.47247314 65.36967468 -389.28933716 -827.86810303 65.03375244 -372.20562744 -834.24334717 68.61036682 -391.30044556 -833.73193359 68.63320923 -375.24337769 -839.82830811 72.08211517 -393.33087158 -839.43218994 72.44415283 -378.32427979 -845.24078369 75.73834229 -395.49746704 -844.97961426 76.42144012 -381.5423584 -850.47869873 79.54200745 -398.04660034 -850.36279297 80.51888275 -385.09707642 -855.51251221 83.4492569 -400.84750366 -855.56280518 84.69506073 -388.92367554 -860.29412842 87.41331482 -403.65283203 -860.59698486 88.97131348 -392.82702637 -864.83135986 91.48477173 -394.72439575 -867.04095459 93.62796021 -406.23526001 -865.54290771 93.47468567 -396.51889038 -869.22845459 95.88795471 -407.37075806 -868.00500488 95.85408783 -398.18188477 -871.40307617 98.29024506 -408.38592529 -870.45758057 98.32975006 -399.7059021 -873.56268311 100.83921051 -409.19845581 -872.83544922 100.8821106 -401.05969238 -875.65509033 103.4789505 -409.85565186 -875.07208252 103.34577179 -402.35656738 -877.60681152 105.95603943 -410.35855103 -877.13433838 105.66075897 -403.59741211 -879.38061523 108.19604492 -410.69812012 -878.99645996 107.79044342 -404.76272583 -880.94873047 110.16261292 -410.86807251 -880.63751221 109.70410156 -405.83291626 -882.28820801 111.82931519 -410.86495972 -882.04162598 111.37726593 -406.78897095 -883.38171387 113.1795578 -410.68826294 -883.19818115 112.79185486 -407.61340332 -884.21777344 114.20613861 -410.34054565 -884.10186768 113.93616486 -408.29074097 -884.79083252 114.91060638 -409.82754517 -884.75262451 114.80480957 -362.22476196 -779.76953125 49.52857971 -352.46759033 -790.78503418 52.32385635 -364.340271 -786.51403809 50.74797821 -355.07531738 -797.32427979 53.82446289 -366.52731323 -793.17456055 52.15132523 -357.76699829 -803.76306152 55.54194641 -368.78192139 -799.75 53.77776337 -360.53305054 -810.10534668 57.51644135 -371.09609985 -806.24157715 55.67718124 -363.36444092 -816.35375977 59.79401779 -373.4621582 -812.64880371 57.90592194 -372.63162231 -768.62329102 47.17333984 -374.28955078 -775.53222656 48.15412903 -376.00585938 -782.3772583 49.27764511 -377.77716064 -789.1552124 50.583992 -379.60012817 -795.86309814 52.11943436 -381.46835327 -802.49914551 53.94333649 -383.37542725 -809.06036377 56.12197876 -339.00100708 -749.60058594 46.3259201 -366.74121094 -740.48175049 44.1966095 -337.24447632 -742.50842285 45.66300201 -365.50448608 -733.36657715 43.61839676 -335.66244507 -735.35797119 45.06575775 -364.37799072 -726.21923828 43.08882904 -334.27377319 -728.14239502 44.52559662 -371.03613281 -761.65148926 46.30599594 -345.19726562 -770.56060791 48.81200027 -347.52301025 -777.40319824 49.84591293 -349.94848633 -784.14428711 51.008358 -408.80862427 -885.10131836 115.30253601 -409.51177979 -884.98468018 115.13572693 -409.45791626 -885.03741455 115.2183609 -368.07904053 -747.56732178 44.8309288 -382.0953064 -750.48260498 44.54436874 -379.9140625 -736.28607178 43.32495117 -363.37371826 -719.03564453 42.60149002 -378.03106689 -722.01446533 42.29558945 -376.49813843 -707.65338135 41.40858459 -331.1774292 -706.1618042 43.17569733 -346.21096802 -701.66143799 42.19771194 -329.69204712 -691.46185303 42.43422318 -344.8666687 -687.0657959 41.46368027 -328.45819092 -676.80377197 41.75392914 -343.72717285 -672.51324463 40.78562164 -326.43130493 -647.63458252 40.39489365 -341.80755615 -643.55407715 39.44554901 -324.72259521 -618.67041016 38.94311905 -361.03762817 -697.3024292 41.34011459 -359.84664917 -682.80773926 40.61889648 -358.81512451 -668.35748291 39.9486084 -320.35348511 -532.90240479 34.30580521 -323.17700195 -589.90362549 37.42649078 -338.62298584 -586.22595215 36.60420227 -340.14810181 -614.79455566 38.04537201 -357.03256226 -639.60174561 38.63811111 -375.28039551 -693.22613525 40.62853622 -374.25637817 -678.82592773 39.92494965 -388.56420898 -689.57403564 40.09156036 -386.95980835 -660.98950195 38.77053833 -373.34945679 -664.47131348 39.26757431 -371.74227905 -635.90582275 37.99603653 -353.98190308 -582.66369629 35.9422493 -335.79623413 -529.60211182 33.67690659 -385.57513428 -632.59442139 37.54646683 -383.07168579 -576.34802246 35.17653275 -368.9112854 -579.33258057 35.45881653 -366.30145264 -523.41619873 32.95998001 -351.21844482 -526.40551758 33.22468185 -348.6288147 -470.69796753 30.5878315 -333.17980957 -473.54888916 30.81483459 -346.17993164 -415.40966797 28.13847923 -330.72973633 -417.92974854 28.16695023 -343.85723877 -360.40975952 25.90786743 -328.42617798 -362.60910034 25.78118706 -409.96554565 -884.83178711 114.91999054 -410.15319824 -884.77069092 114.8350296 -410.73950195 -884.44848633 114.37614441 -411.11663818 -884.32696533 114.20735931 -412.17486572 -883.50079346 113.09714508 -413.43988037 -882.30871582 111.57465363 -414.51296997 -880.87261963 109.82710266 -414.98840332 -862.32775879 91.4356308 -415.640625 -865.04058838 93.78955841 -419.43414307 -866.66705322 95.36769104 -414.668396 -844.07629395 77.12406921 -404.79269409 -822.30670166 62.05701828 -411.3196106 -820.08557129 60.93112183 -405.86203003 -828.41381836 65.7568512 -412.64468384 -832.34143066 68.64575195 -413.41992188 -856.90301514 86.85587311 -417.50125122 -855.42773438 86.04490662 -409.56588745 -885.00115967 115.16748047 -411.415802 -884.23327637 114.07888031 -415.37591553 -879.19750977 107.87773895 -416.02148438 -880.40570068 109.21767426 -415.47982788 -881.67956543 110.73156738 -413.94735718 -882.95654297 112.35810089 -401.57098389 -802.69793701 53.09506607 -400.51638794 -795.86413574 51.01374435 -399.47763062 -788.97161865 49.33222961 -396.49337769 -768.01953125 45.89572906 -405.90255737 -765.019104 45.09549332 -395.5512085 -760.9642334 45.08442688 -405.27203369 -757.90527344 44.3567276 -393.76132202 -746.77160645 43.73690414 -404.06469727 -743.63531494 43.13712692 -392.14123535 -732.52697754 42.62569046 -402.95578003 -729.34991455 42.12425232 -398.45861816 -782.02886963 47.96661377 -407.88040161 -786.21923828 48.30625916 -415.05151367 -791.17095947 49.14385986 -419.83175659 -796.93695068 50.68516541 -413.88986206 -769.85510254 45.35505295 -414.27404785 -776.98834229 46.34135437 -414.66192627 -784.09716797 47.5749588 -413.13711548 -755.546875 43.86865616 -409.78466797 -884.93182373 115.07217407 -416.01437378 -877.293396 105.75415802 -417.24078369 -878.62243652 107.16042328 -417.2182312 -880.04571533 108.75444031 -416.09875488 -881.5032959 110.50352478 -421.49404907 -823.32067871 63.30765152 -420.28106689 -817.27093506 59.63050079 -420.38604736 -823.59838867 63.40054321 -416.57067871 -818.37310791 60.10619354 -416.91143799 -824.65228271 63.86512375 -411.98703003 -826.28985596 64.66619873 -418.28775024 -879.75299072 108.39343262 -420.04446411 -877.81848145 106.19228363 -419.73666382 -877.89367676 106.27571106 -421.1628418 -875.75134277 103.97238159 -419.96206665 -876.08880615 104.3495636 -420.92303467 -873.78875732 101.99230194 -418.92858887 -874.39215088 102.63676453 -419.37182617 -871.97784424 100.24037933 -416.58221436 -872.86096191 101.11282349 -416.50610352 -870.37579346 98.66637421 -424.36437988 -865.15472412 94.27933502 -424.13702393 -868.02020264 96.65892792 -423.58633423 -870.74334717 99.07614899 -418.63894653 -861.04364014 90.65032196 -421.55450439 -860.05358887 90.0647583 -423.58358765 -859.41650391 89.71338654 -424.21444702 -859.24865723 89.63557434 -416.41821289 -875.17474365 103.48770142 -418.2149353 -876.61322021 104.95542908 -418.72061157 -878.17901611 106.61566925 -418.03930664 -879.81402588 108.46481323 -416.18887329 -867.74884033 96.19576263 -419.54071045 -869.39343262 97.80324554 -421.95608521 -868.63598633 97.1526947 -421.5899353 -871.29699707 99.58100128 -423.11923218 -870.85876465 99.17364502 -422.2956543 -873.40039062 101.59242249 -420.76571655 -854.29022217 85.44287872 -419.73718262 -848.51611328 80.89232635 -423.04486084 -853.55822754 85.0851593 -422.26437378 -847.69824219 80.51016998 -423.75762939 -853.36535645 85.00813293 -423.05853271 -847.48272705 80.42916107 -418.60525513 -842.69299316 76.43093872 -421.36798096 -841.80273438 76.02308655 -409.94241333 -807.03051758 54.50148773 -416.20504761 -811.89447021 56.67589951 -415.82659912 -805.15893555 53.66395187 -420.1468811 -810.7432251 56.19588089 -421.4100647 -810.43994141 56.10384369 -417.69515991 -836.78955078 72.08092499 -417.23596191 -830.78118896 67.87579346 -420.68994141 -835.83892822 71.65116882 -420.47076416 -829.77697754 67.42698669 -421.6394043 -835.58843994 71.56253052 -421.49951172 -829.51245117 67.33579254 -394.32354736 -812.33013916 57.07516479 -421.29110718 -800.13232422 51.78168106 -418.7588501 -754.02905273 43.64797974 -419.12365723 -768.40161133 45.04784012 -419.30499268 -775.57611084 45.98959351 -419.48446655 -782.73144531 47.18075562 -419.66061401 -789.8560791 48.71265411 -421.73458862 -796.51959229 50.60133743 -421.66372681 -789.4208374 48.64237976 -421.58633423 -782.27941895 47.12699127 -421.50393677 -775.10864258 45.95414352 -421.41778564 -767.92047119 45.03139496 -420.35742188 -739.25097656 42.63084412 -420.59295654 -753.62915039 43.64393997 -420.82348633 -768.01867676 45.01609039 -420.93536377 -775.20404053 45.94364929 -421.04388428 -782.3717041 47.12116623 -421.1477356 -789.50964355 48.64085388 -421.24536133 -796.60473633 50.60351181 -421.23754883 -753.52661133 43.66869736 -421.05050659 -739.14587402 42.66436005 -406.87579346 -885.83666992 116.39981842 -404.39993286 -886.38665771 117.26206207 -399.25402832 -886.97875977 118.26435852 -402.71813965 -886.65649414 117.70163727 -395.70770264 -887.01043701 118.3646698 -392.14318848 -886.75793457 117.96507263 -388.6242981 -886.23504639 117.04330444 -395.90307617 -886.94940186 118.23906708 -399.40139771 -886.93231201 118.16732025 -402.81634521 -886.62512207 117.63549805 -381.96173096 -884.47021484 113.63388062 -378.92166138 -883.29003906 111.19667816 -376.09109497 -881.97064209 108.39653015 -364.96893311 -877.10040283 100.39030457 -366.78500366 -877.77728271 101.23366547 -366.62716675 -877.81079102 101.32089996 -370.07571411 -879.20837402 103.33726501 -365.08322144 -877.0446167 100.27191925 -373.17816162 -880.60449219 105.72530365 -376.26785278 -881.91113281 108.29247284 -379.08700562 -883.23602295 111.09654236 -382.11376953 -884.42169189 113.53908539 -376.51080322 -881.82922363 108.17345428 -379.31427002 -883.16162109 110.98049164 -382.32278442 -884.3548584 113.42795563 -385.53695679 -885.36090088 115.40300751 -388.90924072 -886.14611816 116.86998749 -392.38470459 -886.68267822 117.81388855 -404.47344971 -886.36297607 117.21205902 -402.9732666 -886.57452393 117.54473877 -399.63674927 -886.85736084 118.03466034 -396.21517944 -886.85095215 118.06832123 -393.28585815 -886.39733887 117.35636902 -404.59091187 -886.32476807 117.14334106 -403.18301392 -886.50604248 117.43099213 -399.95135498 -886.75604248 117.86875153 -396.6322937 -886.7177124 117.85540009 -373.36569214 -880.53942871 105.61705017 -370.27441406 -879.13775635 103.22386169 -373.62350464 -880.44976807 105.49468231 -370.54751587 -879.04052734 103.09680939 -371.29919434 -878.76977539 102.80452728 -368.07937622 -877.30535889 100.67694092 -369.1385498 -876.91125488 100.32436371 -365.84225464 -875.37255859 98.40420532 -366.99523926 -877.70135498 101.1140976 -367.28417969 -877.59674072 100.98097992 -364.7243042 -875.79345703 98.77224731 -362.50582886 -873.76922607 96.63285065 -378.07275391 -881.29241943 107.55938721 -380.77651978 -882.6741333 110.36934662 -383.66830444 -883.91662598 112.83252716 -386.7487793 -884.97259521 114.83854675 -389.97216797 -885.80865479 116.35175323 -360.12469482 -874.66424561 97.50254822 -363.57962036 -876.21630859 99.23131561 -363.88473511 -876.10455322 99.09105682 -353.10095215 -871.34173584 94.37528992 -356.4586792 -873.10546875 95.99338531 -356.7038269 -873.01489258 95.85173798 -360.44592285 -874.54571533 97.35446167 -361.32955933 -874.21569824 97.01895905 -359.89093018 -874.75024414 97.63652802 -356.33081055 -873.17022705 96.12697601 -349.67202759 -869.51696777 92.8950882 -331.38046265 -856.37738037 83.34315491 -334.34313965 -858.71923828 84.86897278 -334.33898926 -858.72088623 84.87295532 -337.33581543 -861.00848389 86.42115784 -337.27127075 -861.04486084 86.50591278 -344.21697998 -865.11859131 89.15667725 -343.82092285 -865.26361084 89.34463501 -350.46612549 -869.22229004 92.42687988 -350.09942627 -869.3581543 92.59925842 -349.83248901 -869.45684814 92.75615692 -343.53265381 -865.36901855 89.51638794 -337.44503784 -860.96899414 86.33527374 -331.49749756 -856.3359375 83.25045776 -325.65759277 -851.50610352 80.27695465 -325.53289795 -851.54937744 80.376297 -328.44442749 -853.9866333 81.8452301 -328.43951416 -853.98858643 81.84999847 -319.70739746 -846.59307861 77.63806915 -314.30831909 -841.3694458 74.72635651 -314.16885376 -841.41674805 74.83810425 -316.96228027 -843.99987793 76.1674118 -314.0838623 -841.46160889 74.94789124 -316.95584106 -844.00244141 76.17369843 -311.39971924 -838.80383301 73.55368805 -319.91955566 -846.50512695 77.42834473 -319.78741455 -846.550354 77.53407288 -322.64486694 -849.06793213 78.93763733 -322.63919067 -849.07019043 78.94316101 -320.29534912 -846.37756348 77.20137787 -325.81771851 -851.45092773 80.17222595 -326.01211548 -851.38397217 80.06288147 -331.64779663 -856.28314209 83.1525116 -331.83023071 -856.21917725 83.05002594 -337.58532715 -860.91870117 86.24433899 -314.48742676 -841.30914307 74.60921478 -309.01147461 -836.03961182 72.05377197 -320.81152344 -846.20184326 76.95681 -326.49905396 -851.21575928 79.83120728 -332.287323 -856.05828857 82.83227539 -349.95306396 -869.41223145 92.67972565 -353.35717773 -871.24694824 94.22596741 -357.04074097 -872.89001465 95.69551849 -351.47433472 -868.84393311 92.03910828 -357.96725464 -872.5423584 95.34249878 -346.75228882 -864.16790771 88.2567215 -339.35412598 -860.27770996 85.49307251 -340.91152954 -859.70031738 84.97988129 -335.21060181 -855.00439453 81.80347443 -352.81533813 -868.33203125 91.59585571 -359.20031738 -872.07208252 94.93721008 -322.2286377 -845.71252441 76.41924286 -327.83621216 -850.74737549 79.31929779 -333.54275513 -855.61035156 82.34892273 -338.18215942 -860.70446777 85.94590759 -337.75558472 -860.85772705 86.14900208 -343.66287231 -865.32141113 89.43262482 -324.11010742 -845.05059814 75.81852722 -329.61209106 -850.11364746 78.74427032 -407.87988281 -885.54919434 115.95902252 -404.45831299 -886.08087158 116.77899933 -406.16531372 -886.00402832 116.64677429 -404.74783325 -886.27307129 117.05714417 -403.74179077 -886.32092285 117.14093018 -400.7895813 -886.48217773 117.44638062 -397.74349976 -886.35778809 117.31464386 -394.65884399 -885.95397949 116.71471405 -391.59103394 -885.28424072 115.62960815 -388.59356689 -884.36920166 114.0584259 -385.71539307 -883.23577881 112.01810455 -382.99951172 -881.91674805 109.54437256 -380.44525146 -880.45837402 106.74372864 -377.79281616 -878.94952393 104.0651474 -374.95993042 -877.41333008 101.64519501 -371.94897461 -875.84619141 99.4841156 -368.80743408 -874.23510742 97.53084564 -362.46865845 -870.80114746 93.98052979 -329.08273315 -843.26171875 74.43761444 -334.30731201 -848.40112305 77.41543579 -339.62185669 -853.36682129 80.53726196 -345.0324707 -858.14007568 83.78355408 -350.58261108 -862.69073486 87.13534546 -356.36734009 -866.94873047 90.55387115 -335.41714478 -840.94146729 72.84669495 -340.29016113 -846.17999268 75.87778473 -345.24465942 -851.24279785 79.06652069 -350.28692627 -856.11633301 82.3891449 -355.46832275 -860.77490234 85.82385254 -360.90036011 -865.15447998 89.33107758 -366.64193726 -869.15270996 92.85405731 -372.59579468 -872.75976562 96.49816132 -375.54071045 -874.46478271 98.48723602 -378.359375 -876.12927246 100.66984558 -381.0072937 -877.765625 103.09303284 -383.48126221 -879.37652588 105.7572937 -385.84576416 -880.93438721 108.53870392 -388.33758545 -882.35266113 111.0189743 -390.9574585 -883.58654785 113.09663391 -393.66607666 -884.60406494 114.73584747 -396.41900635 -885.37884521 115.91821289 -399.16833496 -885.89093018 116.64186859 -401.86444092 -886.12695312 116.91999817 -305.9704895 -833.47296143 71.08751678 -308.67663574 -836.15228271 72.29366302 -305.97845459 -833.46984863 71.07977295 -306.12850952 -833.41925049 70.95986176 -308.82321167 -836.10272217 72.17634583 -311.40692139 -838.80096436 73.54665375 -303.46679688 -830.70098877 69.78334045 -300.83911133 -827.94671631 68.64755249 -300.68222046 -827.99932861 68.77239227 -303.31329346 -830.75262451 69.90576172 -300.67352295 -828.00274658 68.78078461 -295.52087402 -822.3793335 66.64091492 -298.08703613 -825.20800781 67.68070221 -295.53027344 -822.37579346 66.63191986 -298.24731445 -825.15435791 67.55352783 -295.69384766 -822.32122803 66.50245667 -293.1812439 -819.44458008 65.49556732 -290.71176147 -816.52191162 64.5345459 -290.54171753 -816.578125 64.66849518 -293.01437378 -819.50006104 65.62727356 -290.53152466 -816.58203125 64.67819977 -292.90960693 -819.55224609 65.75635529 -303.66403198 -830.63513184 69.65594482 -298.45321655 -825.0859375 67.42176819 -293.39559937 -819.37384033 65.35971069 -288.50891113 -813.47851562 63.48155594 -287.88851929 -813.63342285 63.99155426 -285.5402832 -810.66448975 63.14820862 -283.19909668 -807.59753418 62.33708572 -280.9052124 -804.48059082 61.5712471 -278.6600647 -801.31304932 60.84925079 -285.72952271 -810.59002686 62.89499283 -288.28637695 -813.5513916 63.62140274 -285.90582275 -810.53222656 62.7565918 -281.10162354 -804.40484619 61.30858231 -283.57122803 -807.46386719 61.93851471 -281.28390503 -804.34576416 61.16568375 -276.46524048 -798.09381104 60.16965485 -274.32226562 -794.82196045 59.53102875 -272.23382568 -791.4979248 58.93218994 -278.85998535 -801.23681641 60.58182144 -279.04516602 -801.17718506 60.43664551 -276.6685791 -798.01715088 59.89743805 -276.8565979 -797.95709229 59.74995041 -278.7293396 -801.27972412 60.72381973 -276.53594971 -798.0604248 60.04194641 -274.39440918 -794.78857422 59.40102386 -283.80169678 -807.38934326 61.79466248 -279.28320312 -801.10113525 60.28868484 -274.96508789 -794.60748291 58.95197296 -274.5289917 -794.74511719 59.25398254 -274.71981812 -794.68457031 59.10416031 -272.44381714 -791.42089844 58.65028 -272.63735962 -791.36010742 58.49809265 -270.51785278 -788.03479004 58.0111351 -270.2137146 -788.14038086 58.37483978 -268.26675415 -784.75531006 57.85782242 -266.39416504 -781.34228516 57.37892532 -264.59710693 -777.90112305 56.93596649 -266.70669556 -781.23657227 57.0027771 -268.48306274 -784.67816162 57.56605911 -270.4269104 -788.06323242 58.08802795 -263.19805908 -774.32562256 56.13807678 -264.81930542 -777.82427979 56.6341629 -266.61346436 -781.26525879 57.08216095 -261.23858643 -770.93109131 56.14977646 -262.87774658 -774.43096924 56.52690887 -259.68222046 -767.40045166 55.80257034 -258.21270752 -763.83758545 55.48333359 -256.83599854 -760.24017334 55.1902504 -258.44519043 -763.76239014 55.16098404 -259.912323 -767.32476807 55.48540115 -260.00964355 -767.2958374 55.4008255 -261.46615601 -770.85491943 55.83776474 -263.10269165 -774.35443115 56.22002411 -272.30740356 -791.46466064 58.79987717 -270.28863525 -788.1072998 58.24020767 -268.34301758 -784.72235107 57.72084808 -266.47171021 -781.30963135 57.23958969 -264.67593384 -777.86877441 56.7942543 -262.95776367 -774.39898682 56.38280869 -261.31976318 -770.89953613 56.00326157 -259.76449585 -767.36938477 55.6536293 -258.29608154 -763.80712891 55.3319664 -256.92037964 -760.21038818 55.03642273 -270.62304688 -788.00213623 57.93342972 -266.8145752 -781.20367432 56.92264175 -263.30841064 -774.2925415 56.055439 -260.12225342 -767.26263428 55.31561279 -263.57299805 -774.21356201 55.88949585 -260.39224243 -767.18347168 55.14472961 -260.24987793 -767.22521973 55.23015213 -270.87524414 -787.92419434 57.77684784 -267.07321167 -781.12512207 56.76147079 -309.24005127 -835.9630127 71.92685699 -303.9034729 -830.55523682 69.52455139 -298.70324707 -825.00305176 67.28643036 -293.65591431 -819.28814697 65.22075653 -288.7791748 -813.39025879 63.33912277 -284.08151245 -807.29888916 61.64871216 -279.57220459 -801.00897217 60.13912201 -275.26293945 -794.51391602 58.79863739 -271.18148804 -787.82971191 57.61953735 -267.38726807 -781.02990723 56.59994888 -263.89425659 -774.11779785 55.72354126 -260.72015381 -767.08752441 54.97414398 -309.81256104 -835.77056885 71.66098022 -304.50317383 -830.35455322 69.25071716 -299.32943726 -824.79455566 67.00601196 -294.30780029 -819.0725708 64.93457794 -289.45593262 -813.168396 63.04751205 -284.78222656 -807.07165527 61.35160828 -280.29595947 -800.77734375 59.83625412 -276.00872803 -794.27880859 58.48959732 -271.94821167 -787.59210205 57.30382919 -268.17352295 -780.79052734 56.27698898 -264.69857788 -773.87719727 55.39276123 -255.55688477 -756.60644531 54.92155838 -254.37680054 -752.93597412 54.67562485 -253.29521179 -749.22900391 54.45089722 -254.4630127 -752.90777588 54.51670837 -255.64221191 -756.57745361 54.7652092 -255.79374695 -756.53283691 54.58866119 -257.07077026 -760.16577148 54.86266327 -257.16983032 -760.13684082 54.7754097 -252.3952179 -745.46112061 54.08164597 -253.38220215 -749.20166016 54.28935242 -253.5358429 -749.15722656 54.10716248 -254.6156311 -752.86322021 54.33734512 -254.71621704 -752.83441162 54.24736404 -252.30754089 -745.4876709 54.24585724 -251.40724182 -741.71466064 54.05901337 -249.83222961 -734.09631348 53.73406982 -250.58508301 -737.91381836 53.88885117 -249.13972473 -730.27832031 53.5933876 -250.67388916 -737.88873291 53.71920776 -251.49554443 -741.68884277 53.89209747 -251.65086365 -741.64477539 53.70421982 -252.54974365 -745.41687012 53.89661789 -252.65159607 -745.38824463 53.80386734 -247.98631287 -722.62225342 53.16664505 -249.2293396 -730.25439453 53.41833878 -249.29959106 -730.23492432 53.32009888 -249.92147827 -734.07183838 53.56170273 -250.07826233 -734.02825928 53.36808014 -250.83000183 -737.8449707 53.52846527 -250.93293762 -737.81665039 53.43291092 -258.72879028 -759.6875 53.98830795 -256.29931641 -752.38665771 53.43822479 -255.45082092 -752.62695312 53.79527283 -252.76950073 -745.35540771 53.71059418 -254.83262634 -752.8013916 54.15682983 -252.90319824 -745.31842041 53.61722946 -254.96455383 -752.76403809 54.06615067 -253.05232239 -745.27709961 53.52408218 -255.11178589 -752.72253418 53.97564316 -253.39576721 -745.18212891 53.33860779 -253.79756165 -745.07080078 53.15449905 -254.25532532 -744.94342041 52.97205353 -311.38375854 -835.23468018 71.08457184 -306.14859009 -829.79571533 68.66242218 -301.04711914 -824.21411133 66.40960693 -296.09561157 -818.47235107 64.33239746 -291.3114624 -812.55065918 62.44042969 -286.703125 -806.43890381 60.73946762 -282.27954102 -800.13220215 59.21829605 -278.05227661 -793.62426758 57.86471939 -274.04858398 -786.9307251 56.67061996 -270.32681274 -780.12402344 55.63381577 -313.46850586 -834.50970459 70.44939423 -308.33117676 -829.03967285 68.02019501 -303.32498169 -823.42889404 65.76547241 -298.46578979 -817.66033936 63.68946457 -293.77078247 -811.71496582 61.79992294 -289.24816895 -805.58282471 60.10115814 -284.90689087 -799.25946045 58.58115768 -280.75817871 -792.73864746 57.22724915 -276.82885742 -786.03594971 56.03093338 -318.97457886 -832.55059814 69.00999451 -325.98443604 -830.00952148 67.37181091 -314.09371948 -826.99658203 66.57904816 -321.42797852 -824.34655762 64.95291138 -309.33685303 -821.30682373 64.33646393 -316.98626709 -818.55438232 62.74036407 -304.71917725 -815.46594238 62.28104019 -312.6736145 -812.61975098 60.72593307 -300.25701904 -809.45648193 60.41536331 -308.50527954 -806.52722168 58.90551758 -295.95822144 -803.26953125 58.73986053 -304.48852539 -800.26898193 57.27446747 -291.83129883 -796.90106201 57.24033737 -300.63137817 -793.84216309 55.81580734 -287.88693237 -790.34552002 55.90285873 -296.94381714 -787.24157715 54.51393509 -293.44949341 -780.48144531 53.35790253 -284.15057373 -783.61785889 54.71785355 -280.67648315 -776.78540039 53.68194199 -273.17617798 -779.222229 54.9896965 -269.81356812 -772.30078125 54.08738327 -266.90072632 -773.20727539 54.73806381 -263.78759766 -766.17462158 53.96739578 -261.54095459 -766.84631348 54.63503647 -257.89321899 -759.9286499 54.33619308 -257.55935669 -760.02453613 54.51159286 -257.41439819 -760.06628418 54.59952545 -257.28445435 -760.10369873 54.68756485 -406.25204468 -885.47979736 115.89775085 -406.90353394 -885.75421143 116.2563858 -407.79522705 -885.45001221 115.80660248 -408.05709839 -885.48809814 115.86615753 -408.26663208 -885.41583252 115.75840759 -408.3374939 -885.41119385 115.75624084 -351.27288818 -835.13208008 69.21257019 -355.26599121 -840.61859131 72.35206604 -359.31930542 -845.92468262 75.68341827 -363.4395752 -851.04931641 79.17221832 -367.6980896 -855.9777832 82.7895813 -372.24731445 -860.66223145 86.49393463 -377.08853149 -865.02539062 90.23316193 -382.07885742 -869.06585693 94.08712769 -384.53161621 -871.00598145 96.15338135 -386.86904907 -872.91412354 98.37741089 -389.0539856 -874.8012085 100.79623413 -391.08129883 -876.66778564 103.41215515 -392.97079468 -878.47473145 106.1329422 -394.90182495 -880.14147949 108.61709595 -396.87512207 -881.62695312 110.77577972 -398.8605957 -882.90100098 112.57288361 -400.82543945 -883.93890381 113.98628235 -402.73519897 -884.72180176 115.0072403 -404.55517578 -885.23742676 115.63946533 -408.95965576 -885.21026611 115.46542358 -408.99856567 -885.20672607 115.46559143 -408.83569336 -885.25354004 115.5282135 -408.71899414 -885.29394531 115.58761597 -409.00485229 -885.15997314 115.38619995 -408.74942017 -885.2489624 115.51455688 -408.66970825 -885.29632568 115.5863266 -408.5007019 -885.33520508 115.6398468 -408.49441528 -885.35693359 115.67533875 -330.6484375 -835.54864502 70.00589752 -347.36068726 -829.47070312 66.30898285 -343.5307312 -823.6472168 63.66923523 -325.84017944 -792.75640869 54.12926483 -314.568573 -796.71881104 55.72020721 -329.15097046 -799.19274902 55.62404633 -318.25216675 -803.06115723 57.29009628 -332.58407593 -805.49346924 57.30620956 -322.07354736 -809.25213623 59.04841614 -336.1333313 -811.66296387 59.19304276 -326.02590942 -815.29779053 61.0057869 -339.78616333 -817.71142578 61.30542755 -330.09527588 -821.21105957 63.17423248 -334.26855469 -827.00292969 65.57034302 -320.08929443 -846.44744873 77.31718445 -314.7048645 -841.23602295 74.48751068 -315.24957275 -841.05212402 74.23141479 -316.74465942 -840.54022217 73.67202759 -318.72906494 -839.84759521 73.05082703 -323.97183228 -837.97607422 71.63186646 -316.72470093 -772.62860107 50.55153275 -314.0333252 -765.7109375 49.61488342 -319.61331177 -779.4697876 51.61008453 -334.94967651 -781.86315918 51.3015213 -337.75680542 -788.51904297 52.55178833 -340.67547607 -795.05596924 53.96035385 -343.6998291 -801.47412109 55.55518341 -346.82452393 -807.77606201 57.36069107 -350.03845215 -813.96905518 59.40722656 -353.33108521 -820.05865479 61.73060226 -384.53070068 -764.58361816 46.03509903 -385.81970215 -771.56976318 46.92815399 -387.15090942 -778.50878906 47.95918274 -388.52160645 -785.39648438 49.17199326 -389.9291687 -792.22827148 50.61952209 -391.36849976 -798.99963379 52.36997604 -392.83456421 -805.70452881 54.49894333 -385.31710815 -815.53588867 58.71583557 -366.25579834 -822.5032959 62.41716385 -304.43710327 -776.77050781 51.95405197 -290.19888306 -773.62469482 52.34320068 -277.47756958 -769.85131836 52.77923584 -266.75808716 -765.26586914 53.30825043 -261.01522827 -759.01605225 53.30648041 -257.3605957 -752.08276367 53.08712387 -255.33016968 -744.64160156 52.61238861 -252.55418396 -737.37609863 52.57788086 -252.09143066 -737.50219727 52.76511765 -251.68525696 -737.61248779 52.95423889 -251.3380127 -737.70654297 53.14492798 -251.1872406 -737.74743652 53.2407608 -251.05210876 -737.78411865 53.33686447 -247.89611816 -722.6451416 53.34701157 -246.89680481 -714.99645996 52.94995117 -248.05705261 -722.60296631 53.06549454 -246.9679718 -714.97735596 52.84586716 -248.14489746 -722.57946777 52.96434021 -247.05638123 -714.9541626 52.74181747 -247.16177368 -714.92681885 52.63771057 -244.97485352 -699.79370117 52.76691055 -249.74728394 -730.11468506 52.92570877 -249.89945984 -730.07427979 52.82714462 -247.576828 -714.82043457 52.32455444 -247.932724 -714.72961426 52.11771393 -246.11456299 -699.51251221 51.69304276 -249.61091614 -730.15100098 53.02458572 -247.4223175 -714.85998535 52.42865753 -245.75424194 -699.60119629 51.91082001 -244.62304688 -684.34393311 51.26457214 -251.12686157 -729.74749756 52.24474335 -250.65988159 -729.87225342 52.43689728 -250.24995422 -729.98126221 52.63114166 -244.19055176 -692.19897461 52.58642578 -243.47225952 -684.61773682 52.39414597 -243.72671509 -684.55773926 51.95588684 -245.22746277 -699.73168945 52.35082626 -243.83439636 -684.53167725 51.84029007 -242.80853271 -677.05078125 52.18361664 -242.18969727 -669.49841309 51.95324707 -242.28179932 -669.47949219 51.7359581 -242.35476685 -669.46179199 51.61434555 -242.44569397 -669.44018555 51.49295044 -242.55429077 -669.41485596 51.37166977 -242.68023682 -669.38568115 51.25005341 -256.60562134 -744.27886963 52.25871277 -254.92906189 -736.71783447 51.84749985 -253.64041138 -737.0770874 52.20929337 -252.22286987 -729.45184326 51.86692047 -249.93499756 -714.21246338 51.313797 -248.14073181 -699.0078125 50.84880829 -246.66949463 -683.85168457 50.38037872 -248.01411438 -683.52124023 49.95632935 -249.47325134 -698.66906738 50.4426651 -251.25300598 -713.86541748 50.92579269 -253.52262878 -729.09661865 51.49664307 -246.53594971 -699.40856934 51.47771072 -245.04884338 -684.24255371 51.03871155 -243.77989197 -669.13293457 50.53235626 -243.35020447 -669.23181152 50.76854324 -241.6476593 -639.09051514 49.32229233 -249.38677979 -730.21112061 53.22182846 -249.4906311 -730.18310547 53.1234436 -247.28385925 -714.89538574 52.53316498 -245.4576416 -699.67431641 52.13069153 -245.59780884 -699.63970947 52.02051544 -244.10084534 -684.46801758 51.6084938 -244.25892639 -684.43041992 51.49323273 -242.98268127 -669.31610107 51.00790405 -243.15849304 -669.27581787 50.88785172 -241.01622009 -639.22625732 49.70820999 -241.21105957 -639.18444824 49.57855225 -239.38725281 -609.36901855 48.19742584 -239.83007812 -609.27996826 47.92167664 -239.12286377 -624.49041748 50.13539886 -240.12612915 -639.41973877 50.63381577 -239.17848206 -624.47766113 50.00587463 -240.19995117 -639.4029541 50.50067139 -239.25267029 -624.46130371 49.86701584 -240.29211426 -639.38244629 50.36791229 -239.34538269 -624.44134521 49.72862625 -240.40232849 -639.3583374 50.23541641 -239.45631409 -624.41784668 49.59057617 -245.84063721 -707.4006958 52.94632721 -245.93165588 -707.3793335 52.75532532 -246.00320435 -707.36053467 52.6483078 -246.09213257 -707.33758545 52.54135895 -245.33409119 -699.70501709 52.24096298 -243.95921326 -684.50177002 51.72431564 -242.82315063 -669.3527832 51.12865448 -240.83753967 -639.2645874 49.83882141 -239.18960571 -609.40875244 48.33718109 -237.74691772 -579.77105713 46.69323349 -240.33360291 -609.17797852 47.6513176 -240.89466858 -609.06347656 47.38650894 -241.51089478 -608.93640137 47.12693024 -242.89974976 -608.64611816 46.62241364 -251.2729187 -682.70239258 49.13680649 -252.70596313 -697.82952881 49.65533829 -254.45365906 -713.00518799 50.17123795 -256.68206787 -728.21594238 50.77384949 -258.06280518 -735.82720947 51.13963318 -259.70861816 -743.37963867 51.56485748 -261.68624878 -750.81231689 52.06017685 -258.62033081 -751.71759033 52.74111176 -264.0369873 -758.10760498 52.63718033 -246.24871826 -607.92645264 45.66437531 -244.67984009 -638.42254639 48.10648346 -245.41453552 -668.75177002 49.84539413 -245.53352356 -684.12652588 50.81602097 -238.18615723 -609.47802734 49.59628296 -236.54029846 -580.00305176 48.20173264 -235.00395203 -550.59448242 46.89648819 -240.67541504 -639.29931641 49.97032928 -238.19558716 -579.68664551 46.39838409 -236.24104309 -550.37017822 45.12295532 -236.03825378 -550.40576172 45.282444 -235.85224915 -550.43835449 45.44359589 -232.33401489 -492.25958252 43.67178726 -232.29736328 -492.26675415 43.836586 -233.64942932 -521.34417725 45.10585785 -233.61265564 -521.35174561 45.26067352 -235.05819702 -550.58166504 46.59109116 -235.02134705 -550.58966064 46.73592758 -236.5774231 -579.99450684 48.06589508 -238.2875824 -609.59234619 49.33908463 -238.36212158 -609.57635498 49.19452667 -236.6335144 -579.98266602 47.92030716 -236.7086792 -579.9675293 47.76438904 -235.11456299 -550.57049561 46.43483734 -235.19033813 -550.55615234 46.26761627 -233.70600891 -521.33361816 44.93895721 -233.78233337 -521.32006836 44.76044464 -232.39080811 -492.24963379 43.49422836 -232.46765137 -492.23684692 43.30441284 -231.15867615 -463.29846191 42.15172577 -231.23600769 -463.28646851 41.95058441 -230.00167847 -434.46032715 40.94285202 -230.07946777 -434.44900513 40.73033142 -228.99263 -405.70257568 39.650177 -238.45535278 -609.55688477 49.05052948 -238.56698608 -609.53399658 48.90695953 -236.80290222 -579.94915771 47.60924149 -236.91586304 -579.9274292 47.4547081 -235.28549194 -550.53869629 46.10136414 -235.39968872 -550.51818848 45.93592453 -233.87837219 -521.30358887 44.58311081 -233.99377441 -521.28417969 44.4067955 -232.56454468 -492.22128296 43.1159935 -232.68107605 -492.20300293 42.9287796 -231.33370972 -463.27182007 41.75103378 -231.45135498 -463.25460815 41.55288315 -230.17793274 -434.43527222 40.51959229 -228.01852417 -377.01992798 38.58563232 -227.97117615 -377.0256958 38.70274353 -237.0471344 -579.90252686 47.30020142 -237.19631958 -579.87438965 47.14644623 -235.53251648 -550.49462891 45.7706604 -235.68353271 -550.46801758 45.60635757 -234.12808228 -521.26184082 44.23080444 -234.28085327 -521.23669434 44.05597687 -232.8168335 -492.1819458 42.74204636 -241.1504364 -654.42004395 51.21396255 -241.22387695 -654.402771 51.08656693 -241.31544495 -654.3817749 50.95947647 -241.42486572 -654.35699463 50.83256149 -234.84500122 -521.14428711 43.54251862 -233.54182434 -492.07098389 42.01309586 -234.63978577 -521.17791748 43.71176529 -233.33428955 -492.10272217 42.19213867 -234.45158386 -521.2086792 43.8829422 -233.14393616 -492.13180542 42.37335587 -232.97128296 -492.15823364 42.55668259 -231.74458313 -463.21243286 41.15939331 -231.58848572 -463.23477173 41.35535431 -230.43513489 -434.4005127 40.10203552 -228.33294678 -376.9833374 38.00768661 -247.3120575 -548.27429199 41.32513428 -243.23503113 -549.07562256 42.29734802 -241.44342041 -549.41876221 42.81272888 -239.83224487 -549.72137451 43.35040283 -238.41542053 -549.98193359 43.91291809 -237.7855072 -550.09588623 44.2043457 -250.27972412 -607.0335083 44.76227951 -251.98358154 -547.3303833 40.42132568 -262.86981201 -545.0668335 38.78875351 -254.91574097 -605.98162842 43.90658569 -256.61218262 -635.61456299 45.51266098 -258.59750366 -665.47338867 46.94958496 -259.77609253 -680.48931885 47.58016205 -261.15460205 -695.56066895 48.15107346 -262.83157349 -710.68054199 48.72091675 -264.96456909 -725.83618164 49.3747139 -266.28387451 -733.42053223 49.76352692 -267.85458374 -740.9498291 50.20929337 -269.74002075 -748.36608887 50.7222023 -271.97930908 -755.652771 51.3133316 -274.56985474 -762.8102417 51.99454498 -329.70819092 -768.19940186 49.1932373 -327.32623291 -761.24743652 48.30996704 -311.5489502 -758.71948242 48.78541183 -325.12380981 -754.23284912 47.52338409 -309.28375244 -751.65032959 48.0504837 -323.11151123 -747.15234375 46.82189178 -307.25726318 -744.49676514 47.39825821 -321.30630493 -740.00030518 46.19472122 -305.49526978 -737.24908447 46.81797791 -319.73062134 -732.76843262 45.63218307 -303.99969482 -729.90716553 46.3001709 -318.3861084 -725.4564209 45.1257782 -302.74111938 -722.4833374 45.8360672 -317.24728394 -718.07501221 44.66765594 -301.67190552 -715.02111816 45.41765213 -316.27276611 -710.66210938 44.25067902 -299.91424561 -700.11602783 44.68131256 -314.65432739 -695.85803223 43.50782013 -298.50024414 -685.25 44.01641846 -313.33416748 -681.09429932 42.83135223 -297.31130981 -670.43212891 43.35758209 -284.47976685 -759.62512207 50.67666626 -296.18841553 -755.85656738 49.34825897 -282.05029297 -752.46881104 49.99660873 -293.94888306 -748.70153809 48.67811584 -279.94726562 -745.1932373 49.40145493 -292.00656128 -741.43914795 48.08675385 -278.17324829 -737.79821777 48.88002777 -290.36364746 -734.06915283 47.56380081 -276.69168091 -730.29907227 48.42190933 -288.98696899 -726.60565186 47.09962082 -275.44384766 -722.74951172 48.01752853 -287.8230896 -719.09735107 46.68536758 -273.41815186 -707.66540527 47.32593155 -285.92312622 -704.09783936 45.96615601 -271.81640625 -692.61804199 46.71471786 -284.40914917 -689.13623047 45.32310486 -270.4921875 -677.61895752 46.10448074 -283.14788818 -674.22277832 44.6834259 -269.35391235 -662.67480469 45.44043732 -282.05609131 -659.36334229 43.99689102 -267.42346191 -632.95623779 43.95310211 -280.18798828 -629.81091309 42.48411942 -265.76208496 -603.45922852 42.31297684 -278.56564331 -600.47473145 40.83791733 -275.71557617 -542.38861084 37.33600998 -290.10913086 -539.39935303 36.09806442 -287.63616943 -482.28656006 32.69360733 -302.63357544 -479.43563843 31.84785271 -285.40814209 -425.65344238 29.58512497 -296.27334595 -655.66741943 42.65964508 -311.21612549 -651.71508789 41.46548462 -294.4788208 -626.300354 41.14587402 -309.4743042 -622.54626465 39.97423172 -292.90408325 -597.14355469 39.52028275 -307.92428589 -593.58135986 38.39426422 -305.13616943 -536.20275879 35.10443878 -270.99649048 -428.01004028 30.65967941 -273.22155762 -484.95257568 33.83737946</float_array>
          <technique_common>
            <accessor source="#pos_0-array" count="9612" stride="3">
              <param name="X" type="float"/>
              <param name="Y" type="float"/>
              <param name="Z" type="float"/>
            </accessor>
          </technique_common>
        </source>
        <source id="norm_0">
          <float_array id="norm_0-array" count="19146">-0.99972 0.02361 0 -0.99972 0.02361 -0 -0.99972 0.02361 -0 -0.99972 0.02361 0 -0.99972 0.02361 0 -0.99972 0.02361 0 -0.99972 0.02361 0 -0.99972 0.02361 0 -0.99972 0.02361 -0 -0.99972 0.02361 -0 -0.99972 0.02361 0 -0.99972 0.02361 0 -0.99972 0.02361 0 -0.99972 0.02361 0 -0.99972 0.02361 0 -0.99972 0.02361 -0 -0.99972 0.02361 0 -0.99972 0.02361 0 -0.99972 0.02361 -0 -0.99972 0.02361 -0 -0.99972 0.02361 0 -0.99972 0.02361 -0 0.04971 0.97901 -0.19766 0.05091 0.94559 -0.32134 0.05117 0.93818 -0.34233 0.05134 0.93261 -0.35722 0.05127 0.9343 -0.35277 0.05122 0.93603 -0.34816 0.05119 0.93719 -0.34505 0.05115 0.93902 -0.34004 0.05113 0.94019 -0.33678 0.05112 0.94147 -0.33318 0.05112 0.94263 -0.32989 0.05112 0.94385 -0.32641 0.05113 0.945 -0.32305 0.05094 0.94047 -0.33605 0.0509 0.93704 -0.34549 0.05116 0.94722 -0.31649 0.05114 0.94615 -0.31968 0.05083 0.94983 -0.30861 0.0507 0.95219 -0.30128 0.05065 0.95384 -0.29601 0.0506 0.95586 -0.28942 0.05065 0.95873 -0.27976 0.05073 0.96026 -0.27446 0.05084 0.96205 -0.2681 0.05094 0.94838 -0.31303 0.05069 0.95131 -0.30404 0.05074 0.95033 -0.30709 0.05013 0.9696 -0.23952 0.05036 0.96648 -0.25175 0.05009 0.97221 -0.22867 0.05018 0.97396 -0.22109 0.05034 0.97565 -0.21346 0.05067 0.96413 -0.26056 0.05017 0.96736 -0.24839 0.05051 0.95894 -0.27907 0.05005 0.96141 -0.27054 0.05061 0.95534 -0.29115 0.05 0.97271 -0.22656 0.05018 0.96851 -0.24388 0.0501 0.9653 -0.2563 0.0503 0.98333 -0.17474 0.05015 0.97981 -0.19355 0.04963 0.98207 -0.18189 0.04981 0.98325 -0.17534 0.05012 0.98333 -0.17481 0.05116 0.97694 -0.20728 0.04976 0.97989 -0.19322 0.05001 0.97397 -0.22111 0.04949 0.97624 -0.21097 0.04971 0.97501 -0.21655 0.05033 0.98331 -0.17486 0.05001 0.98375 -0.17245 0.04981 0.98413 -0.17031 0.0495 0.98455 -0.16797 0.04964 0.98343 -0.17434 0.04973 0.98162 -0.18423 0.04961 0.98451 -0.16819 0.04942 0.985 -0.1653 0.0494 0.98505 -0.16503 0.05177 0.92191 -0.38393 0.05204 0.9175 -0.39432 0.05193 0.91887 -0.39112 0.05182 0.92038 -0.38758 0.05176 0.9215 -0.38492 0.05172 0.92225 -0.38312 0.05165 0.92354 -0.38 0.0516 0.92491 -0.37666 0.05158 0.92552 -0.37517 0.05154 0.92705 -0.37137 0.05153 0.92904 -0.36637 0.0514 0.93113 -0.36104 0.05146 0.9276 -0.37001 0.05156 0.93162 -0.35977 0.05154 0.93054 -0.36255 0.05215 0.91074 -0.40968 0.0521 0.91136 -0.4083 0.05171 0.92002 -0.38845 0.05233 0.91446 -0.40128 0.05217 0.91602 -0.39773 0.05318 0.89551 -0.44186 0.05283 0.89875 -0.43527 0.0526 0.90117 -0.43026 0.05241 0.90381 -0.42472 0.05228 0.9059 -0.42025 0.05223 0.90729 -0.41724 0.05215 0.90916 -0.41317 0.05212 0.91134 -0.40835 0.05212 0.91293 -0.40477 0.05287 0.89062 -0.45166 0.05414 0.8761 -0.47909 0.05401 0.87696 -0.47752 0.05368 0.8793 -0.47323 0.05328 0.88313 -0.46608 0.05308 0.88585 -0.46092 0.0523 0.90353 -0.42532 0.05226 0.89854 -0.43577 0.0524 0.90071 -0.43125 0.05281 0.89143 -0.45008 0.05282 0.89101 -0.4509 0.05294 0.88808 -0.45662 0.05297 0.88545 -0.46171 0.05292 0.8808 -0.47052 0.05252 0.87531 -0.4807 0.05456 0.85646 -0.51333 0.05479 0.85615 -0.51381 0.05497 0.85574 -0.51448 0.05481 0.8563 -0.51357 0.05443 0.8584 -0.51009 0.05402 0.86197 -0.50407 0.05374 0.86659 -0.49613 0.05453 0.87355 -0.48366 0.05332 0.87935 -0.47317 0.05373 0.86737 -0.49476 0.05383 0.86534 -0.49829 0.05388 0.86197 -0.50408 0.0538 0.85858 -0.50984 0.05355 0.85668 -0.51307 0.05348 0.85643 -0.51349 0.05353 0.85654 -0.51329 0.05376 0.85683 -0.51279 0.05425 0.8568 -0.51279 0 -1 0 -0.10767 0.02476 0.99388 -0.10824 0.04657 0.99303 -0.11813 0.15165 0.98135 -0.11091 0.11959 0.98661 -0.12554 0.18589 0.97452 -0.26419 0.45006 0.85302 -0.14043 0.10732 0.98426 -0.15754 0.40961 0.89856 -0.16171 0.65526 0.73789 -0.13538 0.64292 0.75387 -0.13997 0.65591 0.74175 -0.15074 0.68174 0.7159 -0.29114 0.41238 0.86324 -0.14407 0.66653 0.73142 -0.15135 0.67907 0.7183 0.03098 -0.79349 -0.60779 0.27003 0.01899 0.96266 0.96146 -0.04736 0.27084 0.97275 -0.08208 0.21686 0.8626 -0.05469 0.50292 0.974 -0.07565 0.21356 0.97127 -0.08973 0.22041 0.60743 -0.05113 0.79273 0.5268 -0.05653 0.84811 0.19761 -0.00147 0.98028 0.01129 0.01576 0.99981 0.01278 0.02166 0.99968 0.01675 0.01089 0.9998 0.8656 -0.4252 0.26446 0.42566 -0.11064 0.89809 0.83403 -0.48278 0.26707 0.80352 -0.53275 0.26558 0.66034 -0.48441 0.57384 0.3706 0.29501 0.8807 -0.00909 0.87482 0.48437 -0.15778 -0.5089 0.84624 -0.26746 -0.96225 0.05045 0.24763 0.7529 0.60977 0.24502 0.72059 0.64863 0.21036 0.58883 0.7804 -0.08987 0.27082 0.95843 -0.10397 -0.73766 0.66712 -0.08542 -0.70358 0.70546 -0.03248 0.46034 0.88715 -0.00487 0.63146 0.77539 0.01542 0.68611 0.72734 -0.33202 -0.93895 0.09018 0.12878 0.54124 0.83095 -0.04856 0.70321 0.70932 -0.11726 0.61102 0.78288 -0.44529 -0.26772 0.85443 -0.3124 -0.9498 -0.0168 0.14844 0.81591 0.5588 -0.15527 0.60191 0.78332 -0.42913 -0.86204 0.26971 -0.46817 -0.79295 0.38993 -0.06984 0.08083 0.99428 0.43288 -0.00137 0.90145 0.99282 -0.03083 0.11554 0.28203 0.00288 0.9594 0.8931 -0.01845 0.44949 0.86849 -0.01634 0.49544 0.54569 0.00503 0.83797 0.54595 0.00822 0.83778 -0.15283 0.01651 0.98811 -0.13731 0.00357 0.99052 -0.25619 0.02144 0.96639 -0.24858 0.0216 0.96837 -0.23888 0.02106 0.97082 -0.24102 0.02107 0.97029 -0.22293 0.02029 0.97462 -0.23619 0.01926 0.97152 -0.22955 0.01951 0.9731 -0.20462 0.01854 0.97866 -0.21907 0.01708 0.97556 -0.20711 0.01686 0.97817 -0.18803 0.01421 0.98206 -0.19918 0.01404 0.97986 -0.1929 0.01389 0.98112 -0.17066 0.01151 0.98526 -0.18448 0.01084 0.98278 -0.15793 0.00711 0.98742 -0.17024 0.00677 0.98538 -0.17774 0.01066 0.98402 -0.15283 0.00882 0.98821 -0.16426 0.00794 0.98638 -0.10516 0.00028 0.99445 -0.09591 -0.00175 0.99539 -0.0637 -0.00341 0.99796 -0.08124 -0.00165 0.99669 -0.09123 -0.00148 0.99583 -0.00609 -0.00347 0.99998 -0.02809 -0.0038 0.9996 -0.03219 -0.00395 0.99947 -0.04241 -0.00292 0.9991 -0.06506 -0.00365 0.99787 0.14124 -0.004 0.98997 0.1168 -0.00319 0.99315 0.09562 -0.00438 0.99541 0.07952 -0.00348 0.99683 0.05718 -0.00458 0.99835 0.04492 -0.00371 0.99898 0.02357 -0.00456 0.99971 0.01433 -0.00375 0.99989 -0.01314 -0.00451 0.9999 0.2291 -0.00566 0.97339 0.20033 -0.00324 0.97972 0.1564 -0.00288 0.98769 0.23862 -0.0066 0.97109 0.1979 -0.00205 0.98022 0.26532 -0.00259 0.96416 0.27119 -0.00296 0.96252 0.30897 -0.00163 0.95107 0.34066 -0.00191 0.94018 0.34228 -0.00196 0.9396 0.36791 -0.00145 0.92986 0.40166 -0.00177 0.91579 0.40534 -0.00164 0.91417 0.45367 -0.00131 0.89117 0.46311 -0.00103 0.8863 0.49318 -0.00162 0.86993 0.51625 -0.00154 0.85644 0.60641 -0.00195 0.79515 0.64597 -0.0025 0.76336 0.63778 -0.00222 0.77021 0.67316 -0.00257 0.73949 0.91683 -0.00654 0.39922 0.89882 -0.00591 0.43827 0.88984 -0.00584 0.45624 0.87462 -0.00544 0.48478 0.86191 -0.00525 0.50703 0.84672 -0.00478 0.53201 0.83231 -0.00469 0.55429 0.81564 -0.00434 0.57855 0.80147 -0.00419 0.59803 0.78585 -0.0038 0.61841 0.77048 -0.00373 0.63745 0.75374 -0.00342 0.65716 0.73974 -0.00333 0.67288 0.71012 -0.00275 0.70407 0.987 -0.00926 0.16048 0.98035 -0.00882 0.19709 0.97444 -0.00857 0.22447 0.96456 -0.00791 0.26374 0.95824 -0.00782 0.28585 0.95106 -0.00753 0.3089 0.94123 -0.00722 0.33769 0.94162 -0.00724 0.3366 0.92435 -0.00666 0.38149 -0.12148 0.06754 0.99029 -0.1401 0.04376 0.98917 -0.11319 0.03844 0.99283 -0.13413 0.02833 0.99056 -0.15278 0.01939 0.98807 -0.14754 0.02019 0.98885 -0.14604 0.02187 0.98904 -0.14192 0.02236 0.98963 -0.14263 0.02408 0.98948 -0.23884 0.02314 0.97078 -0.2376 0.02306 0.97109 -0.22883 0.02332 0.97319 -0.21047 0.02241 0.97734 -0.20853 0.02258 0.97776 -0.18944 0.0205 0.98168 -0.18773 0.02063 0.982 -0.17523 0.01865 0.98435 -0.17045 0.01853 0.98519 -0.16816 0.01785 0.9856 -0.16384 0.01686 0.98634 -0.15492 0.01842 0.98776 -0.15282 0.01904 0.98807 -0.11236 0.01013 0.99362 -0.1358 0.01096 0.99068 -0.12521 0.01351 0.99204 -0.13861 0.01398 0.99025 -0.13818 0.01757 0.99025 -0.13318 0.01872 0.99092 -0.13289 0.02075 0.99091 -0.13037 0.02132 0.99124 -0.12995 0.02393 0.99123 -0.14322 0.02442 0.98939 -0.1363 0.02569 0.99034 -0.136 0.0088 0.99067 -0.15267 0.01173 0.98821 -0.15324 0.01174 0.98812 -0.1705 0.01478 0.98525 -0.17074 0.01478 0.98521 -0.18788 0.01766 0.98203 -0.18793 0.01766 0.98202 -0.20457 0.0201 0.97865 -0.20866 0.02016 0.97778 -0.22288 0.02186 0.9746 -0.22888 0.0219 0.97321 -0.23886 0.0224 0.9708 -0.25299 0.02243 0.96721 -0.24779 0.02184 0.96857 -0.11865 0.00864 0.9929 -0.11883 0.00686 0.99289 -0.12371 0.00841 0.99228 -0.13418 0.00589 0.99094 -0.13411 0.00709 0.99094 -0.14331 0.00487 0.98967 -0.14334 0.00399 0.98966 -0.14578 0.00376 0.98931 -0.0749 0.01891 0.99701 -0.07867 0.02013 0.9967 -0.0569 0.01932 0.99819 -0.06254 0.0211 0.99782 -0.03108 0.01996 0.99932 -0.03929 0.02245 0.99898 0.00374 0.02088 0.99977 -0.00819 0.02413 0.99968 0.03681 0.02246 0.99907 0.06501 0.01852 0.99771 -0.0748 0.01327 0.99711 -0.07582 0.01359 0.99703 -0.05483 0.01287 0.99841 -0.05783 0.01381 0.99823 -0.02629 0.01276 0.99957 -0.03197 0.01446 0.99938 0.01234 0.013 0.99984 0.00288 0.01554 0.99988 0.04899 0.01402 0.9987 0.03574 0.01582 0.99924 0.08066 0.01432 0.99664 0.06467 0.01637 0.99777 0.12189 0.01442 0.99244 0.27178 0.02069 0.96214 0.63829 0.00342 0.76979 0.64327 0.00447 0.76563 0.68849 0.00093 0.72525 0.70615 -0.0003 0.70806 0.73482 -0.00273 0.67826 0.75087 -0.00394 0.66044 0.7815 -0.00675 0.62387 0.79556 -0.00792 0.60582 0.82981 -0.01137 0.55793 0.84141 -0.01245 0.54025 0.8766 -0.01645 0.48094 0.88543 -0.01739 0.46445 0.91016 -0.0206 0.41374 0.9168 -0.02142 0.39877 0.94374 -0.02554 0.32971 0.94805 -0.02619 0.31704 0.46317 0.0131 0.88617 0.38842 0.01943 0.92128 0.44261 0.01627 0.89657 0.52705 0.01197 0.84975 0.52678 0.00891 0.84996 0.48231 0.01153 0.87593 0.48203 0.00848 0.87611 0.54615 0.00328 0.83768 0.86055 -0.01526 0.50913 0.86053 -0.01581 0.50915 0.82882 -0.01328 0.55936 0.90581 -0.01972 0.42322 0.9001 -0.01905 0.43526 0.9321 -0.02252 0.36149 0.92263 -0.02134 0.3851 0.95784 -0.02575 0.28615 0.95182 -0.02484 0.30566 0.98306 -0.02997 0.18081 0.63194 -0.00169 0.77502 0.50695 0.00652 0.86195 0.66943 -0.00268 0.74287 0.63801 -0.00056 0.77003 0.70854 -0.00495 0.70566 0.67894 -0.00286 0.73418 0.74898 -0.00747 0.66255 0.72177 -0.00543 0.69211 0.7893 -0.01018 0.61392 0.76498 -0.00823 0.644 0.8386 -0.01388 0.54457 0.80791 -0.01082 0.58921 0.85155 -0.01457 0.52407 0.98089 -0.03224 0.19186 -0.07683 0.00885 0.997 -0.07553 0.00845 0.99711 -0.05472 0.00778 0.99847 -0.05554 0.00804 0.99842 -0.02332 0.00707 0.9997 -0.02695 0.00814 0.9996 0.01923 0.00678 0.99979 0.01174 0.00875 0.99989 0.05953 0.00736 0.9982 0.04826 0.00884 0.9988 0.09399 0.00751 0.99554 0.07997 0.00925 0.99675 0.13846 0.00751 0.99034 0.12125 0.00953 0.99258 0.19861 0.00715 0.98005 0.3128 0.00367 0.94981 0.313 0.00584 0.94974 0.28659 0.00765 0.95802 0.28711 0.01254 0.95782 0.25791 0.01468 0.96606 0.25862 0.02046 0.96576 0.99093 -0.02833 0.13137 0.99284 -0.03038 0.11554 0.98512 -0.02743 0.16964 0.98315 -0.02709 0.18078 0.98481 -0.02741 0.17147 0.9579 -0.02374 0.28611 0.96263 -0.02436 0.26974 0.93215 -0.02116 0.36146 0.93958 -0.02196 0.34164 0.90584 -0.01894 0.4232 0.91585 -0.0199 0.40103 0.86849 -0.01618 0.49544 0.88205 -0.01731 0.47084 0.82881 -0.01358 0.55937 0.84567 -0.01485 0.5335 0.78925 -0.01124 0.61396 0.80912 -0.01263 0.58751 0.7489 -0.00905 0.66262 0.77133 -0.01051 0.63635 0.70843 -0.00701 0.70575 0.73312 -0.00853 0.68005 0.66929 -0.00517 0.74298 0.69576 -0.00672 0.71824 0.63182 -0.00352 0.7751 0.65967 -0.00508 0.75154 0.19841 0.00519 0.98011 0.21794 0.0031 0.97596 0.1382 0.00519 0.99039 0.15419 0.00338 0.98804 0.09369 0.00492 0.99559 0.10657 0.00338 0.9943 0.05919 0.00457 0.99824 0.98985 -0.03457 0.13782 0.99231 -0.03401 0.11903 0.99232 -0.03362 0.11903 -0.08011 0.00607 0.99677 -0.0773 0.00522 0.99699 -0.05571 0.00459 0.99844 -0.05515 0.00443 0.99847 -0.02129 0.00351 0.99977 -0.02366 0.0042 0.99971 0.01253 0.00326 0.99992 0.01869 0.00237 0.99982 0.03905 0.00405 0.99923 0.06932 0.00328 0.99759 -0.05771 0.00015 0.99833 -0.06013 0.00083 0.99819 -0.08461 0.0014 0.99641 -0.08957 0.00281 0.99598 0.30328 0.01838 0.95273 0.30268 0.01332 0.953 0.33383 0.01152 0.94256 0.33333 0.00646 0.94279 0.36135 0.00499 0.93242 0.36116 0.00264 0.9325 0.38686 0.00141 0.92214 0.38681 0.00061 0.92216 -0.08436 0.00423 0.99643 -0.08044 0.00307 0.99675 -0.05752 0.00248 0.99834 -0.05598 0.00203 0.99843 -0.01997 0.00117 0.9998 -0.02149 0.0016 0.99977 0.01683 0.00074 0.99986 0.01233 0.00137 0.99992 0.0456 0.00064 0.99896 0.0388 0.00153 0.99925 0.07859 0.00068 0.99691 0.06918 0.00183 0.9976 0.11863 0.00078 0.99294 0.10646 0.00219 0.99431 0.16932 0.00085 0.98556 0.15411 0.00251 0.98805 0.23645 0.00071 0.97164 0.2179 0.00262 0.97597 0.30314 0.00066 0.95294 0.28196 0.00195 0.95942 0.35997 7E-05 0.93296 0.98631 -0.02074 0.16362 0.9874 -0.02091 0.15686 0.96653 -0.01876 0.25587 0.96958 -0.01908 0.24404 0.94569 -0.01719 0.32463 0.95057 -0.01762 0.31 0.92407 -0.01584 0.38189 0.93076 -0.01636 0.36528 0.89321 -0.01415 0.44943 0.90238 -0.01477 0.43069 0.85971 -0.01255 0.51063 0.87135 -0.01325 0.49048 0.82568 -0.01109 0.56404 0.8396 -0.01186 0.54307 0.79026 -0.0097 0.61269 0.80633 -0.01053 0.59137 0.75412 -0.00839 0.65669 0.77209 -0.00927 0.63544 0.71844 -0.0072 0.69555 0.73809 -0.00811 0.67465 0.68373 -0.00611 0.72971 0.70472 -0.00705 0.70945 0.51633 0.00393 0.85638 0.51612 0.00111 0.85652 0.54621 -0.00064 0.83765 0.54614 -0.00183 0.83769 0.57283 -0.00324 0.81967 0.57284 -0.003 0.81966 0.59672 -0.00415 0.80244 0.59676 -0.00322 0.80242 0.61826 -0.00415 0.78596 0.35997 0.00013 0.93296 0.38143 -0.00109 0.9244 0.30313 0.00043 0.95295 0.32321 -0.00071 0.94633 0.23647 0.00088 0.97164 0.2542 -0.00087 0.96715 0.1693 0.0006 0.98556 0.18388 -0.00092 0.98295 0.11858 0.00018 0.99294 0.1302 -0.0011 0.99149 0.07852 -0.00022 0.99691 0.08738 -0.00125 0.99617 0.04551 -0.00052 0.99896 0.0517 -0.0013 0.99866 0.01672 -0.00067 0.99986 0.02054 -0.00118 0.99979 -0.0201 -0.00042 0.9998 -0.00717 -0.00396 0.99997 -0.03114 -0.00039 0.99951 0.51612 -0.00164 0.85651 0.5161 -0.00242 0.85653 0.49349 -0.00151 0.86975 0.49348 -0.00186 0.86976 0.46886 -0.00076 0.88327 0.46888 -0.0004 0.88326 0.44196 0.00094 0.89704 0.44209 0.00281 0.89697 0.41234 0.00443 0.91102 0.41275 0.00895 0.9108 0.3793 0.01097 0.92521 0.37979 0.01561 0.92494 0.29419 0.02221 0.95549 -0.09578 0.0016 0.9954 -0.08975 -6E-05 0.99596 -0.06359 -0.00057 0.99798 -0.06027 -0.00148 0.99818 -0.03212 -0.00195 0.99948 -0.03124 -0.00208 0.99951 -0.00606 -0.00248 0.99998 -0.00707 -0.00234 0.99997 0.02364 -0.0028 0.99972 0.02047 -0.00239 0.99979 0.05723 -0.00291 0.99836 0.05164 -0.00224 0.99866 0.09567 -0.00282 0.99541 0.08734 -0.0019 0.99618 0.14128 -0.00259 0.98997 0.13018 -0.00142 0.99149 0.19789 -0.00226 0.98022 0.18388 -0.00087 0.98295 0.27121 -0.00198 0.96252 0.25423 -0.00037 0.96714 0.34229 -0.00157 0.93959 0.32321 -0.00056 0.94633 0.40166 -0.00169 0.91579 0.38144 -0.00063 0.92439 0.45366 -0.00174 0.89117 0.43289 -0.00103 0.90145 0.49317 -0.00201 0.86993 0.56285 0.00158 0.82656 0.56269 -0.00072 0.82667 0.59225 -0.00228 0.80575 0.59219 -0.00336 0.80579 0.6181 -0.00457 0.78609 0.61811 -0.00426 0.78608 0.64111 -0.00521 0.76743 0.64114 -0.00421 0.76741 0.66164 -0.00495 0.7498 0.66167 -0.00368 0.74978 0.6183 -0.00279 0.78594 0.63776 -0.00354 0.77023 0.97226 -0.01192 0.23361 0.9744 -0.01211 0.22448 0.95476 -0.01097 0.29717 0.95821 -0.01122 0.28586 0.93646 -0.01016 0.35063 0.9412 -0.01046 0.3377 0.9102 -0.00916 0.41406 0.9168 -0.00952 0.39923 0.88134 -0.00822 0.4724 0.88981 -0.00863 0.45625 0.8516 -0.00737 0.52414 0.86188 -0.00782 0.50705 0.82027 -0.00657 0.57193 0.83228 -0.00706 0.55431 0.78778 -0.00582 0.61593 0.80144 -0.00634 0.59804 0.75533 -0.00515 0.65532 0.77046 -0.00568 0.63746 0.72333 -0.00454 0.69048 0.73972 -0.00508 0.6729 0.5851 -0.00205 0.81096 0.58509 -0.00288 0.81097 0.56471 -0.00213 0.82528 0.56468 -0.00319 0.8253 0.54236 -0.00226 0.84014 0.54234 -0.00288 0.84016 0.51782 -0.00175 0.85549 0.51783 -0.00166 0.85548 0.49076 -0.00029 0.8713 0.49086 0.00128 0.87124 0.46065 0.00297 0.88758 0.461 0.00713 0.88737 0.42678 0.00925 0.90431 0.42726 0.0141 0.90402 0.46302 0.01213 0.88627 0.46335 0.01552 0.88604 0.50628 0.01283 0.86227 0.99219 -0.01353 0.12404 0.99795 -0.01366 0.06252 0.98914 -0.00947 0.14668 0.99361 -0.00903 0.11252 0.72329 -0.00637 0.69051 0.70476 -0.00565 0.70942 0.75529 -0.00719 0.65535 0.73814 -0.00649 0.67462 0.78774 -0.00809 0.61596 0.77214 -0.00742 0.63541 0.82023 -0.00908 0.57196 0.80638 -0.00844 0.59134 0.85155 -0.01011 0.52417 0.83966 -0.00952 0.54304 0.8813 -0.01119 0.47243 0.87141 -0.01066 0.49044 0.91015 -0.01238 0.41409 0.90244 -0.01191 0.43065 0.93641 -0.01362 0.35066 0.93082 -0.01323 0.36524 0.95471 -0.01461 0.29719 0.95064 -0.01429 0.30997 0.9722 -0.01577 0.23362 0.96965 -0.01552 0.24401 0.99121 -0.01755 0.13116 0.98748 -0.0168 0.15685 0.9969 -0.02183 -0.07553 0.98165 -0.02018 0.18961 0.99364 -0.02273 0.11024 0.99359 -0.02509 0.11024 0.99398 -0.02715 0.1061 0.98377 -0.02395 0.17782 0.9849 -0.02411 0.17145 0.98622 -0.02434 0.16364 0.9627 -0.02157 0.2697 0.96645 -0.02201 0.25591 0.93964 -0.01959 0.34159 0.94561 -0.02017 0.32466 0.91591 -0.01788 0.40099 0.924 -0.01857 0.38193 0.8821 -0.01574 0.4708 0.89314 -0.01656 0.44947 0.84571 -0.0137 0.53347 0.85965 -0.01464 0.51067 0.80915 -0.01186 0.58749 0.82562 -0.01289 0.56408 0.77135 -0.01012 0.63634 0.79021 -0.01121 0.61273 0.73312 -0.00849 0.68005 0.75407 -0.00963 0.65672 0.69575 -0.007 0.71825 0.71841 -0.00818 0.69558 0.65964 -0.00566 0.75156 0.6837 -0.00686 0.72973 -0.1229 0.69241 0.71096 -0.18664 0.60376 0.77501 -0.19153 0.59264 0.78236 -0.03186 0.43783 0.89849 -0.04367 0.42646 0.90345 -0.02081 0.47406 0.88025 -0.02705 0.46849 0.88305 -0.00905 0.50437 0.86344 -0.01122 0.50257 0.86446 0.00313 0.52997 0.84801 0.00341 0.53018 0.84788 0.01568 0.55265 0.83327 0.01698 0.55354 0.83265 0.02826 0.57343 0.81877 0.02888 0.57381 0.81848 0.04076 0.59416 0.80331 0.03888 0.59315 0.80415 0.05638 0.6224 0.78067 0.04784 0.61848 0.78434 0.07098 0.65617 0.75127 0.05691 0.64523 0.76186 0.08303 0.68643 0.72244 -0.07838 0.07652 0.99398 -0.0733 0.08177 0.99395 -0.07885 0.06509 0.99476 -0.07062 0.11169 0.99123 -0.07888 0.10372 0.99147 -0.06967 0.12968 0.9891 -0.0798 0.12029 0.98953 -0.06905 0.14991 0.98629 -0.08112 0.13912 0.98695 -0.06853 0.17299 0.98254 -0.08252 0.16094 0.98351 -0.06781 0.19956 0.97754 -0.08363 0.18648 0.97889 -0.0665 0.23036 0.97083 -0.08387 0.21665 0.97264 -0.06454 0.26481 0.96214 -0.08275 0.25119 0.9644 -0.06142 0.30274 0.95109 -0.07928 0.29018 0.95368 -0.05621 0.34411 0.93725 -0.07231 0.33357 0.93995 -0.07975 0.05482 0.99531 -0.07509 0.0691 0.99478 -0.07064 0.06803 0.99518 -0.06474 0.08592 0.9942 -0.05832 0.08395 0.99476 -0.0613 0.1188 0.99102 -0.0694 0.1113 0.99136 -0.05986 0.13845 0.98856 -0.06973 0.1297 0.9891 -0.05867 0.16038 0.98531 -0.07039 0.15041 0.98611 -0.05759 0.18509 0.98103 -0.07114 0.17402 0.98217 -0.05635 0.21308 0.97541 -0.07165 0.20115 0.97694 -0.05465 0.2449 0.96801 -0.07142 0.23248 0.96998 -0.05259 0.27956 0.95869 -0.07016 0.2673 0.96105 -0.04986 0.31654 0.94727 -0.06708 0.30531 0.94989 -0.0456 0.35572 0.93348 -0.06112 0.34636 0.93611 -0.44712 -0.01446 0.89436 -0.32818 0.34579 0.87905 -0.35592 0.26763 0.89537 -0.31668 0.36803 0.87422 -0.29696 0.44742 0.84358 -0.23449 0.5711 0.78668 -0.12355 0.69389 0.7094 -0.24851 0.50638 0.82573 -0.18508 0.59475 0.78232 -0.08097 0.04578 0.99566 -0.07717 0.05765 0.99535 -0.07178 0.05654 0.99582 -0.06679 0.07201 0.99517 -0.05929 0.06998 0.99578 -0.05318 0.08878 0.99463 -0.04389 0.08562 0.99536 -0.04932 0.12413 0.99104 -0.05725 0.1173 0.99145 -0.04756 0.1452 0.98826 -0.05713 0.13735 0.98887 -0.046 0.16863 0.98461 -0.05728 0.15979 0.98549 -0.04451 0.19478 0.97984 -0.05752 0.18506 0.98104 -0.04292 0.22404 0.97363 -0.05756 0.21365 0.97521 -0.04097 0.25677 0.9656 -0.05698 0.24606 0.96758 -0.03895 0.29162 0.95574 -0.05569 0.28116 0.95804 -0.03668 0.32772 0.94406 -0.05309 0.31824 0.94652 -0.03339 0.36493 0.93043 -0.04819 0.35711 0.93282 -0.03257 0.39299 0.91897 -0.03899 0.39647 0.91722 -0.05504 0.38764 0.92017 -0.05296 0.37729 0.92458 -0.0347 0.12718 0.99127 -0.04252 0.1213 0.9917 -0.0328 0.14936 0.98824 -0.04213 0.14275 0.98886 -0.03103 0.174 0.98426 -0.04196 0.16668 0.98512 -0.02933 0.20135 0.97908 -0.04185 0.19341 0.98022 -0.02755 0.23167 0.9724 -0.04159 0.22332 0.97386 -0.02552 0.26516 0.96387 -0.04083 0.25669 0.96563 -0.02366 0.30015 0.9536 -0.03962 0.29202 0.95559 -0.02192 0.33549 0.94179 -0.03755 0.32825 0.94384 -0.01959 0.37098 0.92843 -0.03371 0.36512 0.93035 -0.01582 0.40628 0.91361 -0.03397 0.39964 0.91604 -0.0143 0.44321 0.8963 -0.02507 0.43412 0.90051 -0.00645 0.47392 0.88055 -0.01234 0.46935 0.88293 0.00288 0.50061 0.86567 0.00053 0.49895 0.86663 0.01337 0.5243 0.85143 0.01315 0.52416 0.85152 0.02484 0.54634 0.83719 0.02551 0.54672 0.83693 0.03699 0.56771 0.8224 0.037 0.56771 0.8224 0.04968 0.5902 0.80573 0.04751 0.5893 0.80652 0.06704 0.62299 0.77935 0.05904 0.62038 0.78208 0.08499 0.6637 0.74315 0.07239 0.65515 0.75203 0.10053 0.70022 0.70682 0.08061 0.68804 0.72118 0.11509 0.74044 0.6622 -0.07834 0.02359 0.99665 -0.07982 0.01848 0.99664 -0.08873 0.0246 0.99575 -0.09017 0.02399 0.99564 -0.09064 0.02214 0.99564 -0.09058 0.02217 0.99564 -0.09145 0.0189 0.99563 -0.08941 0.01971 0.9958 -0.08952 0.0193 0.9958 -0.07652 0.02517 0.99675 -0.07903 0.02412 0.99658 -0.07956 0.022 0.99659 -0.0806 0.02158 0.99651 -0.08132 0.01883 0.99651 -0.08208 0.01826 0.99646 -0.08106 0.01673 0.99657 -0.08076 0.0178 0.99657 -0.0587 0.02605 0.99794 -0.0627 0.02447 0.99773 -0.06326 0.02219 0.99775 -0.06583 0.02122 0.99761 -0.06657 0.01834 0.99761 -0.06721 0.01789 0.99758 -0.06777 0.01577 0.99758 -0.06784 0.01572 0.99757 -0.06761 0.01655 0.99757 -0.06752 0.01661 0.99758 -0.06585 0.02252 0.99758 -0.06628 0.02224 0.99755 -0.06376 0.03083 0.99749 -0.03529 0.02721 0.99901 -0.04127 0.02514 0.99883 -0.04187 0.0227 0.99887 -0.04642 0.02119 0.9987 -0.04719 0.0182 0.99872 -0.0489 0.01711 0.99866 -0.04944 0.01509 0.99866 -0.05058 0.01439 0.99862 -0.05026 0.01555 0.99862 -0.05123 0.01497 0.99857 -0.04937 0.02152 0.99855 -0.0508 0.02071 0.99849 -0.04805 0.03006 0.99839 -0.0494 0.02872 0.99837 -0.04653 0.03829 0.99818 -0.50329 -0.63729 0.58358 -0.51514 -0.41892 0.74776 -0.50032 -0.23895 0.83222 -0.42847 0.12062 0.89547 -0.1872 0.56479 0.80372 -0.15549 0.62622 0.76398 -0.39999 -0.89175 0.21165 -0.44989 -0.80336 0.39015 -0.48639 -0.68568 0.54154 -0.49771 -0.43022 0.75313 -0.43751 -0.01165 0.89914 -0.36791 0.20154 0.90776 -0.29828 0.38265 0.87442 -0.25411 0.46944 0.84561 -0.22303 0.53341 0.81593 -0.23847 0.512 0.82522 -0.29843 0.3829 0.87426 -0.36397 0.23281 0.90185 -0.43653 -0.00709 0.89966 -0.49909 -0.31831 0.80597 -0.49349 -0.6483 0.5798 -0.44513 -0.8264 0.34484 -0.47659 -0.69639 0.53656 -0.48973 -0.51427 0.70405 -0.46353 -0.17513 0.8686 -0.40833 0.04499 0.91172 -0.31304 0.33256 0.88961 -0.2698 0.42344 0.86482 -0.22023 0.52861 0.8198 -0.19635 0.56831 0.79905 -0.47498 -0.32462 0.81793 -0.43856 -0.12119 0.89049 -0.35852 0.19067 0.91384 -0.31158 0.30808 0.89889 -0.23682 0.48499 0.84184 -0.21233 0.52851 0.82195 -0.1764 0.59914 0.78097 -0.48842 -0.54132 0.68441 -0.47515 -0.32685 0.81695 -0.41165 0.03149 0.9108 -0.35793 0.19263 0.91366 -0.26951 0.42322 0.86501 -0.23729 0.48461 0.84193 -0.19517 0.56978 0.79829 -0.17713 0.59824 0.7815 -0.44668 -0.81038 0.37916 -0.48134 -0.67377 0.56067 -0.49795 -0.44431 0.74474 -0.46337 -0.17412 0.86889 -0.36902 0.1973 0.90824 -0.31288 0.33347 0.88933 -0.25309 0.4705 0.84533 -0.22098 0.52769 0.82019 -0.18675 0.59421 0.78233 -0.1746 0.61005 0.77288 -0.15353 0.64105 0.75199 -0.1552 0.63968 0.75281 -0.14686 0.65004 0.74558 -0.16251 0.62022 0.76741 -0.39816 0.02897 0.91686 -0.35465 0.1633 0.92063 -0.27773 0.38135 0.88172 -0.31881 0.25591 0.91262 -0.28531 0.33575 0.8977 -0.22352 0.48735 0.84411 -0.20305 0.52436 0.82693 -0.17146 0.58991 0.78906 -0.153 0.61858 0.77068 -0.12113 0.67905 0.72402 -0.25846 0.39319 0.88238 -0.23434 0.44277 0.86547 -0.17165 0.58277 0.7943 -0.28615 0.33297 0.89847 -0.25797 0.39483 0.88179 -0.20329 0.52348 0.82743 -0.17846 0.56608 0.8048 -0.15385 0.6164 0.77226 -0.13508 0.64443 0.75264 -0.12355 0.66731 0.73446 -0.09653 0.70373 0.70388 -0.08291 0.73329 0.67484 -0.07438 0.72386 0.68592 -0.09594 0.69562 0.71197 -0.10436 0.67654 0.72897 -0.18295 0.53709 0.82345 -0.16911 0.56118 0.81023 -0.18146 0.54808 0.81651 -0.18983 0.52569 0.82923 -0.21517 0.47883 0.85113 -0.05171 0.76021 0.64762 -0.05923 0.73215 0.67856 -0.06093 0.71771 0.69367 -0.02443 0.10244 0.99444 -0.03663 0.10751 0.99353 -0.0431 0.10238 0.99381 -0.05118 0.10545 0.99311 -0.05763 0.09964 0.99335 -0.06291 0.10144 0.99285 -0.06942 0.09517 0.99304 -0.0718 0.09588 0.9928 -0.07838 0.08931 0.99292 -0.01621 0.12692 0.99178 -0.02391 0.12226 0.99221 -0.01444 0.14983 0.98861 -0.0235 0.14475 0.98919 -0.01274 0.17533 0.98443 -0.02324 0.16986 0.98519 -0.01108 0.20356 0.979 -0.02303 0.19778 0.97998 -0.00937 0.23468 0.97203 -0.02269 0.22877 0.97322 -0.00751 0.26874 0.96318 -0.02197 0.26293 0.96456 -0.00599 0.30383 0.95271 -0.02105 0.29844 0.95419 -0.00491 0.33854 0.94094 -0.01964 0.33395 0.94239 -0.00357 0.37267 0.92796 -0.0169 0.36913 0.92922 -0.00114 0.40595 0.9139 -0.01196 0.40359 0.91486 0.00304 0.43753 0.8992 -0.00447 0.43627 0.89981 0.00922 0.46625 0.8846 0.0049 0.46575 0.8849 0.01718 0.4917 0.87059 0.01519 0.49157 0.8707 0.0266 0.51479 0.8569 0.02601 0.51478 0.85693 0.03719 0.53669 0.84296 0.03718 0.53669 0.84296 0.04863 0.5583 0.82821 0.04812 0.55836 0.8282 0.06071 0.58141 0.81135 0.05872 0.58183 0.81119 0.07804 0.61623 0.78369 0.07207 0.61803 0.78284 0.0968 0.66052 0.74454 0.08887 0.66006 0.74594 0.11341 0.70033 0.70475 0.10078 0.70001 0.70699 0.12911 0.74381 0.65581 0.11043 0.74381 0.65921 0.1386 0.78399 0.60511 0.07187 0.56992 0.81855 0.07425 0.56897 0.819 0.06225 0.54563 0.83571 0.06332 0.5453 0.83584 0.05241 0.52343 0.85045 0.05298 0.5233 0.8505 0.04249 0.50148 0.86412 0.04355 0.5013 0.86417 0.0331 0.47873 0.87734 0.03542 0.47846 0.87739 0.02452 0.45405 0.89064 0.02892 0.45375 0.89066 0.01715 0.42649 0.90433 0.0244 0.42635 0.90423 0.01173 0.39606 0.91815 0.02193 0.39635 0.91784 0.00858 0.36351 0.93155 0.02103 0.36443 0.931 0.00726 0.32958 0.9441 0.02096 0.3312 0.94333 0.00692 0.29461 0.95559 0.02093 0.2969 0.95468 0.00677 0.25898 0.96586 0.02027 0.26179 0.96491 0.00663 0.22427 0.9745 0.01912 0.22741 0.97361 0.00677 0.19258 0.98126 0.01807 0.19588 0.98046 0.00701 0.16395 0.98644 0.01706 0.16728 0.98576 0.00723 0.13823 0.99037 0.01603 0.14151 0.98981 0.00737 0.11532 0.9933 -0.41602 -0.12066 0.90131 -0.4172 -0.12843 0.89969 -0.38404 0.00108 0.92331 -0.38485 -0.00311 0.92298 -0.35191 0.10503 0.93012 -0.34589 -0.93534 0.0742 -0.32273 -0.94626 0.02079 -0.36001 -0.92429 0.12679 -0.36717 -0.91881 0.14484 -0.4058 -0.87197 0.27385 -0.41467 -0.85895 0.30041 -0.44628 -0.77973 0.43915 -0.44637 -0.7795 0.43947 -0.46699 -0.67211 0.57462 -0.46322 -0.69105 0.55487 -0.47219 -0.55591 0.6841 -0.47129 -0.56774 0.67495 -0.46474 -0.41023 0.78468 -0.34918 -0.93475 0.0657 -0.44051 -0.13277 0.88787 -0.3966 0.03581 0.91729 -0.31338 0.30272 0.90009 -0.27689 0.3838 0.88093 -0.21172 0.52915 0.82169 -0.19122 0.56363 0.80359 -0.16084 0.62227 0.7661 -0.11866 0.6819 0.72175 -0.13348 0.66865 0.7315 -0.1217 0.69363 0.70997 -0.13127 0.68501 0.71661 -0.11943 0.69344 0.71055 -0.17127 0.62203 0.76403 -0.1906 0.60243 0.77508 -0.2401 0.50477 0.82919 -0.31692 0.35531 0.87939 -0.3634 0.23505 0.90149 -0.44909 -0.02376 0.89317 -0.49887 -0.31556 0.80719 -0.49902 -0.66131 0.56004 -0.37659 -0.91706 0.1311 -0.0879 0.72414 0.68403 -0.1281 0.64357 0.75459 -0.12957 0.63992 0.75744 -0.14085 0.61551 0.77544 -0.13696 0.62557 0.76805 -0.21223 0.44441 0.87032 -0.183 0.51026 0.84032 -0.18386 0.49812 0.84739 -0.16598 0.53161 0.83057 -0.11294 0.65988 0.74284 -0.1159 0.64281 0.75721 -0.0984 0.66894 0.73678 -0.12296 0.60402 0.78743 -0.11386 0.63405 0.76486 -0.16221 0.54481 0.82272 -0.16145 0.53842 0.82707 -0.14662 0.56494 0.812 -0.1443 0.5742 0.80589 -0.14261 0.57051 0.80881 -0.22928 0.40887 0.88332 -0.22898 0.41034 0.88272 -0.24859 0.36764 0.89613 -0.24824 0.36918 0.89559 -0.2704 0.31832 0.9086 -0.26968 0.32131 0.90776 -0.29461 0.26044 0.91944 -0.29389 0.2634 0.91883 -0.32215 0.18898 0.92764 -0.08271 0.62701 0.7746 -0.08184 0.61601 0.78348 -0.0519 0.68508 0.72662 -0.03339 0.65296 0.75665 -0.00921 0.6939 0.72002 -0.00985 0.71672 0.69729 0.00655 0.74121 0.67124 -0.00226 0.79453 0.60723 0.18085 0.80175 0.56965 0.1695 0.78199 0.5998 0.18607 0.76559 0.61583 0.17168 0.73786 0.65275 0.20881 0.70389 0.67893 0.14408 0.74262 0.65403 0.16487 0.77726 0.60719 0.14962 0.79295 0.59063 0.15997 0.80847 0.56638 0.14914 0.81821 0.55524 0.18663 0.65402 0.7331 0.11273 0.59806 0.79348 0.1102 0.60323 0.78992 0.13923 0.56553 0.81289 0.10151 0.57506 0.81179 0.1309 0.53713 0.83328 0.12138 0.5147 0.84874 0.12517 0.51092 0.85046 0.1164 0.48983 0.86401 0.11923 0.48736 0.86502 0.1108 0.46651 0.87755 0.11302 0.46473 0.87821 0.10478 0.44363 0.89006 -0.33036 -0.93992 0.08604 -0.31931 -0.9467 0.04247 -0.13984 -0.93308 -0.33138 -0.32454 -0.94503 0.03995 -0.38829 -0.82978 0.40086 -0.38445 -0.83828 0.38663 -0.39193 -0.80258 0.44973 -0.39219 -0.80186 0.45079 -0.39773 -0.75943 0.51485 -0.34347 -0.92588 0.15742 -0.35499 -0.91552 0.18924 -0.36556 -0.89862 0.24258 -0.36012 -0.90502 0.22642 -0.37034 -0.88528 0.28129 -0.25872 0.0665 0.96366 -0.32154 -0.15007 0.93493 -0.32201 -0.15495 0.93397 -0.30586 -0.09113 0.94771 -0.30618 -0.09407 0.94731 -0.2898 -0.03385 0.95649 -0.40013 -0.6674 0.62808 -0.4002 -0.66686 0.62859 -0.39851 -0.60545 0.68893 -0.3978 -0.6126 0.68298 -0.39356 -0.5475 0.73848 -0.39339 -0.55064 0.73624 -0.38639 -0.48216 0.78627 -0.38637 -0.48312 0.78569 -0.37674 -0.41235 0.82948 -0.37682 -0.41822 0.8265 -0.36494 -0.3455 0.86455 -0.09489 0.64461 0.7586 -0.13077 0.52544 0.84072 -0.13113 0.52281 0.84231 -0.19601 0.24447 0.94964 0.02267 0.68936 0.72407 0.0646 0.74964 0.65869 0.04588 0.75551 0.65353 0.07055 0.78716 0.61271 0.05671 0.79347 0.60597 0.0658 0.80441 0.59042 0.05797 0.80997 0.58361 0.05032 0.80096 0.5966 0.04654 0.80496 0.5915 0.03327 0.78874 0.61383 0.03435 0.78674 0.61633 0.01897 0.76638 0.64211 0.02481 0.74602 0.66547 0.0107 0.72441 0.68928 0.01124 0.71751 0.69645 -0.00852 0.68503 0.72846 -0.00767 0.64571 0.76354 -0.00875 0.63282 0.77425 -0.20419 -0.95976 -0.19279 -0.30904 -0.95048 0.03305 -0.30851 -0.95117 0.00966 -0.15348 -0.93926 -0.30696 -0.24912 -0.96734 -0.04688 -0.37977 -0.86059 0.33935 -0.32868 -0.92823 0.17425 -0.33372 -0.91853 0.21197 -0.27812 -0.95884 0.05716 -0.32628 -0.92142 0.21101 -0.37333 -0.87162 0.31766 -0.36308 -0.89512 0.25871 -0.33318 -0.9278 0.16788 -0.32824 -0.93503 0.13411 -0.21965 -0.9654 -0.14054 -0.32588 -0.93915 0.10859 -0.32122 -0.9436 0.08027 -0.33241 -0.93678 0.10932 -0.3431 -0.92923 0.13719 -0.25917 0.06307 0.96377 -0.3035 -0.65356 0.69336 -0.325 -0.34418 0.88086 -0.08197 0.7021 0.70735 -0.07887 0.71014 0.69963 -0.08334 0.6866 0.72225 -0.09935 0.64004 0.76189 -0.09501 0.65815 0.74687 -0.14757 0.49384 0.85694 -0.14805 0.49104 0.85847 -0.22208 0.1746 0.95927 -0.22328 0.16731 0.96029 -0.28621 -0.58121 0.76176 -0.16706 0.45586 0.87423 -0.16356 0.47337 0.86555 -0.16243 0.46328 0.8712 -0.24378 0.11156 0.96339 -0.24425 0.10805 0.96367 -0.29089 -0.24766 0.92415 -0.29349 -0.60307 0.74174 -0.31749 -0.72385 0.61257 -0.33578 -0.45486 0.82484 -0.35808 -0.52344 0.77317 -0.32125 -0.76424 0.55923 -0.32915 -0.89703 0.29495 -0.373 -0.81238 0.44823 -0.36757 -0.79138 0.48848 -0.33254 -0.87918 0.34127 -0.33087 -0.87157 0.3618 -0.37865 -0.74507 0.54908 -0.36984 -0.71455 0.59383 -0.33077 -0.85453 0.40047 -0.32866 -0.84562 0.4206 -0.25271 -0.44791 0.85762 -0.23272 -0.39552 0.88849 -0.15235 0.34851 0.92484 0.06609 0.14635 0.98702 0.11111 0.29998 0.94745 0.0415 0.68761 0.72489 0.11053 0.66183 0.74146 0.13074 0.70921 0.69276 0.10962 0.74217 0.66118 0.12888 0.77772 0.61526 0.11817 0.78865 0.60338 0.24749 0.53841 0.80552 0.24637 0.53978 0.80494 0.25206 0.57891 0.77546 0.25701 0.6599 0.70603 0.2528 0.62295 0.74028 0.22105 0.65925 0.7187 0.21055 0.62986 0.74762 0.19734 0.64539 0.73792 0.18661 0.61786 0.76383 0.1615 0.64816 0.74418 -0.39804 -0.75829 0.51629 -0.32552 -0.91669 0.23177 -0.36284 -0.86379 0.3496 -0.26754 -0.96124 0.06665 -0.27206 -0.95913 0.07775 -0.27152 -0.96106 0.05139 -0.3097 -0.93909 0.14898 -0.19941 -0.96725 -0.15704 -0.28721 -0.95657 0.04984 -0.28967 -0.95644 0.03616 -0.29489 -0.95482 0.03681 -0.13645 -0.93706 -0.32141 -0.28623 -0.95806 -0.01376 -0.28637 -0.95807 -0.01014 -0.3012 -0.95353 -0.00745 -0.0706 -0.88711 -0.45612 -0.15715 -0.93623 -0.31429 -0.3141 -0.94939 0.00084 -0.03961 -0.86351 -0.50277 -0.36952 -0.60323 0.7068 -0.23276 -0.96197 0.14296 -0.26056 -0.94012 0.21974 -0.2645 -0.94703 0.18215 -0.23518 -0.97013 0.05956 -0.32908 -0.81814 0.47154 -0.32639 -0.80777 0.49089 -0.35178 -0.28225 0.89252 -0.33703 -0.21292 0.9171 -0.2904 -0.03886 0.95612 -0.31396 -0.71179 0.62832 -0.34325 -0.43247 0.83376 -0.21204 -0.9591 0.18751 -0.25038 -0.92061 0.29965 -0.33743 -0.21787 0.91579 -0.35221 -0.54896 0.75802 -0.32446 -0.77589 0.54104 -0.22695 -0.97165 0.06632 -0.22305 -0.96049 0.16646 -0.2595 -0.9271 0.27045 -0.24209 -0.95537 0.16928 -0.21821 -0.96751 0.12774 -0.21536 -0.96827 0.12681 -0.35145 -0.27706 0.89427 -0.36507 -0.34863 0.86324 -0.36313 -0.64186 0.67539 -0.37565 -0.68376 0.62559 -0.24341 -0.96176 0.12555 -0.24487 -0.96786 0.05737 -0.26831 -0.95191 0.14793 -0.2499 -0.96309 0.10002 -0.25039 -0.966 0.06445 -0.25838 -0.96375 0.0665 -0.27154 -0.95558 0.11459 -0.26068 -0.96149 0.08708 -0.2609 -0.9645 0.0408 -0.33025 -0.9029 0.27515 -0.35975 -0.85083 0.38296 -0.39894 -0.72058 0.5671 -0.40118 -0.70968 0.57914 -0.13271 0.39656 0.90836 -0.18418 -0.2595 0.94802 -0.1271 0.2173 0.96779 -0.17531 -0.03066 0.98404 -0.05784 0.64155 0.7649 -0.14843 -0.97356 0.17361 -0.14545 -0.96681 0.21005 -0.14145 -0.97302 0.18228 -0.07652 -0.98997 -0.11874 -0.16528 -0.86532 0.47318 -0.1536 -0.84849 0.50643 0.14192 0.92833 -0.34361 -0.16026 0.0129 0.98699 -0.19307 -0.27273 0.94252 -0.23302 -0.37358 0.89785 -0.16126 -0.96337 0.21429 -0.04995 -0.56289 0.82502 -0.02337 -0.50909 0.8604 -0.0055 -0.24655 0.96912 -0.08868 0.30375 0.94862 -0.10614 -0.75579 0.64615 -0.11021 -0.73527 0.66875 -0.17756 -0.97117 0.15905 -0.17107 -0.97282 0.1561 -0.16943 -0.96836 0.18321 -0.16025 -0.9768 0.14209 -0.15718 -0.96962 0.18743 0.19462 0.16648 0.96665 0.18474 -0.16171 0.96939 0.3577 0.30091 0.88403 0.30738 0.136 0.94182 0.20663 0.57101 0.79452 0.20717 0.5698 0.79524 0.1445 0.68776 0.71142 0.16546 0.73897 0.65311 0.1444 0.76258 0.63057 0.15982 0.792 0.58923 0.13378 0.81257 0.5673 0.14072 0.80586 0.57514 0.22534 0.28691 0.93108 0.26497 0.12581 0.95601 0.30075 0.10807 0.94756 0.01581 0.17679 0.98412 0.07625 -0.4376 0.89593 -0.01236 -0.55024 0.83491 -0.01325 0.50697 0.86186 -0.06422 0.34602 0.93603 -0.06507 0.51725 0.85336 -0.04879 0.29704 0.95362 -0.03841 0.58596 0.80943 -0.06348 0.53425 0.84294 0.16283 0.67987 0.71502 0.17519 0.70582 0.68638 0.19619 0.68448 0.70214 0.20667 0.70999 0.6732 0.2156 0.70132 0.67946 0.22826 0.73485 0.63866 0.20887 0.75212 0.62505 0.2185 0.77531 0.59259 0.2248 0.77039 0.59662 0.2188 0.74207 0.63361 0.28439 0.67439 0.68141 0.49749 0.31443 0.80848 0.48344 0.33801 0.80749 0.48996 0.3696 0.78951 0.50475 0.36234 0.78354 0.12085 0.64082 0.75812 0.13729 0.67262 0.72714 0.1567 0.65081 0.74289 0.1687 0.67678 0.71659 0.19179 0.65107 0.73438 0.20267 0.6784 0.70619 0.21406 0.6662 0.71439 0.22408 0.69365 0.68457 0.25345 0.66328 0.70415 0.25803 0.70921 0.65608 0.60171 0.20028 0.77319 0.46205 0.48216 0.74433 0.39716 0.54045 0.74173 0.43553 0.52732 0.72955 0.44288 0.54772 0.70983 0.477 0.50308 0.72068 0.46631 0.50755 0.72453 0.47691 0.05694 0.87711 0.47803 0.02 0.87812 0.19648 0.54901 0.81239 0.23911 0.48592 0.84066 0.24026 0.48427 0.84128 0.51225 -0.13478 0.84819 0.47779 -0.04044 0.87754 0.49815 0.20599 0.84227 0.49111 0.20979 0.84545 0.48202 0.17614 0.85827 0.49262 0.15435 0.85645 0.4769 0.10111 0.87312 0.49872 0.05161 0.86523 0.47889 0.06306 0.8756 0.48678 0.26768 0.8315 0.51853 0.18021 0.83585 0.25535 0.6203 0.74164 0.25026 0.58096 0.7745 0.21604 0.62391 0.75105 0.20565 0.59435 0.77747 0.19105 0.61295 0.76668 0.38906 0.42857 0.81546 0.41966 0.41575 0.80687 0.42153 0.43638 0.79491 0.13362 0.68988 0.71149 0.15243 0.72418 0.67256 0.16801 0.70939 0.6845 0.18013 0.73393 0.65491 0.19881 0.71671 0.66843 0.21217 0.7479 0.62899 0.19321 0.76425 0.61529 0.20327 0.78555 0.58446 0.1888 0.79659 0.57428 0.17916 0.77706 0.60339 0.19866 0.75979 0.61907 0.1831 0.71924 0.6702 0.20233 0.69525 0.6897 0.37886 0.34755 0.85771 0.25135 0.33628 0.9076 0.25219 0.35273 0.9011 0.13613 0.57145 0.80927 0.17193 0.52144 0.83579 0.16211 0.49515 0.85355 0.17572 0.47693 0.8612 0.16802 0.45542 0.87428 0.17336 0.44875 0.87668 0.16725 0.43143 0.88651 0.17168 0.42649 0.88805 0.16524 0.40774 0.89802 0.12202 0.62695 0.76944 0.14429 0.59899 0.78765 0.14739 0.5972 0.78843 0.17829 0.55535 0.81228 0.16788 0.5277 0.83268 0.19297 0.49072 0.84968 0.18382 0.46422 0.86644 0.21748 0.41262 0.88456 0.21188 0.39484 0.89398 0.21854 0.38546 0.89647 0.21457 0.37269 0.90281 0.27758 0.22837 0.93317 0.21973 0.21942 0.95057 0.49249 -0.12654 0.86107 0.57539 -0.57061 0.58595 0.65622 -0.47737 0.58438 0.53795 -0.17186 0.82527 0.61916 -0.50503 0.60132 0.64863 -0.48275 0.58842 0.62787 -0.38533 0.67624 0.39614 0.10255 0.91244 0.39404 0.09324 0.91435 0.2754 0.25328 0.92736 0.27088 0.23614 0.9332 0.22059 0.2945 0.92984 0.21516 0.27521 0.937 0.47743 -0.04536 0.8775 0.22525 0.23952 0.9444 0.27615 0.18378 0.94338 0.28531 0.17384 0.94254 0.36076 0.08474 0.9288 0.37031 0.07331 0.92601 0.48185 -0.0755 0.873 0.49054 -0.08777 0.86699 0.67245 -0.48186 0.5618 0.67336 -0.48033 0.56202 0.66863 -0.44874 0.59293 0.67736 -0.47817 0.55905 0.68338 -0.48696 0.54394 0.36101 0.10899 0.92617 0.47587 -0.05151 0.87801 0.41686 0.03044 0.90846 0.69199 -0.47192 0.54631 0.63578 -0.34128 0.69233 0.27969 0.19748 0.93956 0.35914 0.10143 0.92776 0.3636 0.09612 0.92658 0.41669 0.02632 0.90867 0.48361 -0.06887 0.87257 0.64818 -0.38852 0.65491 0.68946 -0.4828 0.53996 0.21663 0.24825 0.94416 0.22208 0.26798 0.93748 0.33391 0.13777 0.93248 0.2742 0.21536 0.93725 0.35686 0.11403 0.92717 0.3595 0.12471 0.92477 0.4 0.06777 0.91401 0.40297 0.08066 0.91165 0.6635 -0.46802 0.58372 0.66523 -0.47631 0.57498 0.46419 -0.03275 0.88513 0.45795 -0.04929 0.88761 0.49234 -0.18697 0.85008 0.15854 0.61342 0.77368 0.15037 0.62351 0.76722 0.1542 0.62133 0.76823 0.181 0.58678 0.78925 0.08472 0.68938 0.71943 0.20295 0.53927 0.81731 0.18858 0.49773 0.84658 0.23122 0.43104 0.87221 0.02956 0.68535 0.72762 0.48564 -0.15762 0.85983 0.46636 -0.10558 0.87827 0.09924 0.42041 0.90189 0.10729 0.44175 0.8907 0.16231 0.38412 0.9089 0.16891 0.40394 0.89905 0.2156 0.34916 0.91193 0.22049 0.36526 0.90442 0.26346 0.30744 0.91437 0.26549 0.31466 0.91132 0.35136 0.16774 0.92109 0.3139 -0.03054 0.94896 0.56692 -0.57571 0.58921 0.10272 0.41795 0.90265 0.09429 0.39483 0.9139 0.08577 0.4043 0.91059 0.07796 0.38302 0.92044 0.08401 0.37641 0.92264 0.07626 0.35474 0.93185 0.08427 0.34608 0.93441 0.07655 0.32402 0.94295 0.08601 0.31391 0.94555 0.07829 0.29133 0.95341 0.08851 0.28059 0.95574 0.08065 0.25709 0.96302 0.09103 0.24645 0.96487 0.08292 0.22173 0.97158 0.09297 0.21178 0.97288 0.08501 0.18706 0.97866 0.09441 0.17812 0.97947 0.08726 0.15552 0.98397 0.09591 0.14768 0.98437 0.08956 0.12729 0.98781 0.09747 0.12051 0.98792 0.11589 0.37689 0.91898 0.10863 0.35556 0.92832 0.11528 0.34825 0.93029 0.10824 0.32709 0.93877 0.11675 0.31785 0.94092 0.10972 0.29633 0.94876 0.11966 0.28569 0.95082 0.1126 0.26369 0.95801 0.12332 0.25246 0.95972 0.11613 0.22966 0.96632 0.127 0.2186 0.96752 0.11958 0.19472 0.97354 0.13009 0.18441 0.9742 0.1228 0.16065 0.97934 0.13268 0.15138 0.97953 0.12617 0.1299 0.98347 0.13533 0.12174 0.98329 0.12961 0.10265 0.98624 0.13803 0.09556 0.98581 0.12945 0.79006 0.5992 0.15214 0.7865 0.59855 0.12558 0.7466 0.65331 0.14258 0.74391 0.6529 0.11504 0.69882 0.70598 0.12656 0.69704 0.70577 0.10229 0.65477 0.74887 0.10957 0.65377 0.74872 0.08488 0.6087 0.78885 0.11756 0.59205 0.79728 0.0846 0.59413 0.79991 0.10312 0.57169 0.81396 0.09214 0.5488 0.83086 0.09494 0.54641 0.83212 0.08437 0.52388 0.8476 0.08609 0.52261 0.84822 0.07629 0.50108 0.86203 0.07751 0.50026 0.8624 0.06809 0.47881 0.87527 0.06969 0.47781 0.87569 0.0605 0.45611 0.88787 0.06311 0.4546 0.88846 0.05387 0.43201 0.90026 0.05817 0.42967 0.90111 0.04866 0.40566 0.91273 0.05525 0.40231 0.91384 0.0454 0.37672 0.92521 0.05435 0.37247 0.92645 0.04421 0.34544 0.9374 0.05496 0.34069 0.93857 0.0446 0.31234 0.94892 0.05633 0.30756 0.94986 0.04572 0.2778 0.95955 0.05769 0.27338 0.96017 0.04684 0.24221 0.96909 0.05841 0.23842 0.9694 0.04783 0.20733 0.9771 0.05861 0.20425 0.97716 0.04903 0.17548 0.98326 0.05889 0.17308 0.98315 0.0503 0.14678 0.98789 0.0592 0.14501 0.98766 0.05158 0.1212 0.99129 0.1024 0.03494 0.99413 0.16976 0.00176 0.98548 0.15851 0.00561 0.98734 0.15455 0.01468 0.98788 0.28648 0.12583 0.94979 0.29845 0.11373 0.94763 0.2936 0.09532 0.95117 0.30604 0.08326 0.94837 0.30119 0.06504 0.95134 0.39879 0.09284 0.91233 0.59054 -0.54646 0.59384 0.37297 0.12849 0.9189 0.37521 0.13863 0.91651 0.27081 0.29745 0.91552 0.26729 0.28465 0.92061 0.22052 0.34339 0.91294 0.21517 0.32523 0.92083 0.16617 0.38032 0.90981 0.15952 0.35969 0.91933 0.15023 0.36993 0.91683 0.14369 0.3497 0.92578 0.14929 0.34371 0.92713 0.14278 0.3231 0.93553 0.15007 0.31546 0.937 0.14356 0.29446 0.94482 0.15272 0.28504 0.94627 0.14618 0.26365 0.95348 0.15682 0.25295 0.95469 0.15022 0.23109 0.96126 0.16163 0.21993 0.96203 0.15491 0.19742 0.968 0.1664 0.18657 0.96825 0.15948 0.16316 0.97363 0.17065 0.15309 0.97337 0.16386 0.12996 0.97789 0.17436 0.12097 0.97722 0.16834 0.10032 0.98061 0.17815 0.09241 0.97965 0.17293 0.07435 0.98212 0.18201 0.0675 0.98098 0.70593 -0.48033 0.52052 0.70861 -0.47555 0.52127 0.70672 -0.47005 0.52877 0.71328 -0.47625 0.51421 0.72483 -0.45684 0.51566 0.71276 -0.43738 0.54834 0.71388 -0.47655 0.5131 0.71677 -0.47132 0.5139 0.71392 -0.46394 0.52448 0.7225 -0.47102 0.5061 0.72413 -0.46802 0.50655 0.49543 -0.11774 0.86063 0.50562 -0.13081 0.85278 0.50343 -0.13821 0.85291 0.51366 -0.15061 0.84467 0.51183 -0.15657 0.8447 0.52201 -0.16811 0.83621 0.52049 -0.17297 0.83617 0.53037 -0.18332 0.82771 0.52916 -0.18707 0.82764 0.80547 -0.53039 0.26439 0.80422 -0.51562 0.29558 0.80339 -0.513 0.30231 0.82093 -0.47315 0.31968 0.78974 -0.43706 0.43045 0.79898 -0.4516 0.39711 0.74136 -0.43023 0.51506 0.64903 -0.38388 0.65681 0.66624 -0.32605 0.67068 0.67622 -0.33605 0.65559 0.67844 -0.33086 0.65594 0.68067 -0.33299 0.65253 0.68447 -0.32392 0.65312 0.68944 -0.32847 0.64558 0.69522 -0.31423 0.64648 0.81111 -0.52106 0.2657 0.81483 -0.51477 0.26657 0.81019 -0.50078 0.30464 0.81871 -0.50868 0.26639 0.82242 -0.50221 0.26723 0.74496 -0.44808 0.49423 0.72927 -0.41595 0.54328 0.53457 -0.19226 0.82296 0.53452 -0.19257 0.82293 0.54382 -0.20218 0.81449 0.5513 -0.20822 0.80791 0.55188 -0.20641 0.80797 0.56063 -0.21333 0.80012 0.56223 -0.20832 0.80031 0.57068 -0.21435 0.7927 0.5732 -0.20636 0.79301 0.7324 -0.4622 0.49996 0.73561 -0.45615 0.50081 0.72402 -0.43259 0.53727 0.73899 -0.44963 0.50172 0.74295 -0.45198 0.4937 0.31369 0.05355 0.94801 0.30873 0.03516 0.9505 0.30234 0.04115 0.95231 0.29752 0.02352 0.95443 0.30883 0.01364 0.95102 0.30476 -0.00111 0.95243 0.31543 -0.0098 0.9489 0.31216 -0.0216 0.94978 0.32224 -0.02919 0.94621 0.31978 -0.03807 0.94673 0.32929 -0.04466 0.94317 0.32767 -0.05054 0.94344 0.33669 -0.05625 0.93993 0.34077 0.00646 0.94013 0.33644 -0.00937 0.94166 0.34773 -0.01945 0.93739 0.34423 -0.03211 0.93834 0.35492 -0.04099 0.934 0.35223 -0.05064 0.93454 0.36233 -0.05838 0.93022 0.36047 -0.06507 0.9305 0.37003 -0.07181 0.92624 0.36902 -0.07546 0.92635 0.37814 -0.08131 0.92217 0.2244 0.18887 0.95602 0.23607 0.1778 0.95533 0.23039 0.15708 0.96034 0.24272 0.14584 0.95907 0.23697 0.12489 0.96346 0.24938 0.11413 0.96166 0.24349 0.09275 0.96546 0.25556 0.08291 0.96323 0.24981 0.06214 0.9663 0.26122 0.05345 0.9638 0.25623 0.03549 0.96596 0.26695 0.02793 0.9633 0.26277 0.01286 0.96477 0.27282 0.00634 0.96204 0.26944 -0.00584 0.963 0.27889 -0.01143 0.96025 0.27635 -0.02067 0.96084 0.28527 -0.02542 0.95811 0.28357 -0.03164 0.95843 0.22489 -0.01059 0.97433 0.21834 -0.00865 0.97583 0.27376 -0.02123 0.96156 0.40549 -0.04383 0.91305 0.34552 -0.03208 0.93786 0.33721 -0.03094 0.94092 0.27434 -0.01885 0.96145 0.28161 -0.0207 0.95931 0.22505 -0.00997 0.9743 0.47999 -0.14477 0.86525 0.44239 -0.12161 0.88854 0.44251 -0.12118 0.88854 0.43288 -0.11487 0.8941 0.43378 -0.11173 0.89406 0.42373 -0.10447 0.89974 0.42549 -0.09832 0.89961 0.41491 -0.08995 0.9054 0.41753 -0.08074 0.90507 0.40638 -0.07115 0.91093 0.4098 -0.05896 0.91027 0.39809 -0.04808 0.91609 0.40173 -0.03487 0.9151 0.38973 -0.02292 0.92065 0.39342 -0.00922 0.91931 0.38132 0.00356 0.92444 0.38513 0.01802 0.92269 0.37343 0.03096 0.92714 0.72547 -0.28916 0.62456 0.73363 -0.26555 0.62551 0.60545 -0.19422 0.77182 0.84349 -0.41531 0.34066 0.85356 -0.44767 0.26652 0.81519 -0.39122 0.42709 0.71266 -0.30562 0.63144 0.72001 -0.28573 0.63242 0.59298 -0.20505 0.77867 0.59736 -0.19027 0.77907 0.49261 -0.13592 0.85957 0.88537 -0.38309 0.26338 0.83931 -0.33223 0.43033 0.83396 -0.32786 0.44388 0.73917 -0.26856 0.61766 0.86873 -0.41841 0.26502 0.85384 -0.39464 0.33944 0.82623 -0.36241 0.43127 0.85601 -0.3836 0.34654 0.88157 -0.39215 0.26277 0.38765 -0.08411 0.91796 0.44545 -0.11262 0.88819 0.44807 -0.10279 0.88807 0.51372 -0.13134 0.84785 0.51829 -0.11359 0.84763 0.62559 -0.15389 0.76482 0.63391 -0.15672 0.75736 0.76363 -0.2086 0.61103 0.76988 -0.21095 0.60232 0.85445 -0.24822 0.45639 0.89163 -0.26222 0.36911 0.94263 -0.21946 0.25156 0.94474 -0.21024 0.25151 0.92783 -0.19686 0.31682 0.29952 -0.04215 0.95316 0.35315 -0.06782 0.93311 0.35429 -0.06352 0.93298 0.40684 -0.08563 0.90948 0.40963 -0.07474 0.90918 0.46942 -0.09618 0.87772 0.47323 -0.08061 0.87724 0.54098 -0.10092 0.83496 0.54489 -0.08383 0.83431 0.65368 -0.11127 0.74854 0.6623 -0.11312 0.74065 0.79172 -0.14786 0.59272 0.79856 -0.14949 0.58306 0.90027 -0.18 0.39637 0.93 -0.26426 0.2555 0.93146 -0.25896 0.25556 0.92974 -0.24943 0.27087 0.3447 -0.06352 0.93656 0.39641 -0.08862 0.91379 0.39822 -0.08175 0.91364 0.45687 -0.1068 0.8831 0.46047 -0.09273 0.88282 0.52724 -0.1171 0.84161 0.53191 -0.09796 0.84111 0.64011 -0.13132 0.75698 0.64868 -0.13365 0.74924 0.7785 -0.17623 0.60239 0.78519 -0.17825 0.59304 0.87493 -0.21079 0.43596 0.90816 -0.22051 0.35583 0.90407 -0.31041 0.29376 0.91433 -0.3116 0.25866 0.91817 -0.2998 0.25902 0.88103 -0.35138 0.31671 0.89766 -0.35511 0.26098 0.90155 -0.34471 0.26149 0.43675 -0.10808 0.89307 0.5014 -0.14059 0.85372 0.50499 -0.1273 0.85369 0.61095 -0.17475 0.77214 0.61917 -0.17816 0.76478 0.74827 -0.23989 0.6185 0.75398 -0.24251 0.61049 0.84282 -0.28965 0.45362 0.8717 -0.30331 0.38488 0.26647 -0.0191 0.96365 0.32803 -0.03328 0.94408 0.33631 -0.03473 0.94111 0.39524 -0.04855 0.9173 0.39678 -0.04188 0.91696 0.453 -0.05304 0.88993 0.83021 -0.44384 0.33727 0.84667 -0.45334 0.27861 0.8501 -0.45461 0.26583 0.83778 -0.47579 0.26786 0.8035 -0.41675 0.4251 0.70068 -0.31867 0.63836 0.70726 -0.30175 0.63932 0.58137 -0.21156 0.78565 0.58478 -0.20045 0.78603 0.48146 -0.13961 0.86528 0.49013 -0.14481 0.85954 0.42627 -0.10847 0.89807 0.43521 -0.11372 0.89312 0.37799 -0.08183 0.92218 0.38688 -0.08697 0.91802 0.33593 -0.05905 0.94003 0.34458 -0.06399 0.93657 0.29209 -0.03568 0.95572 0.29127 -0.03873 0.95586 0.22031 -0.00552 0.97541 0.69139 -0.48537 0.53516 0.694 -0.4808 0.5359 0.69254 -0.47552 0.54246 0.69855 -0.48267 0.52825 0.69964 -0.48076 0.52856 0.23 0.20933 0.95041 0.28058 0.15551 0.94715 0.29128 0.14428 0.94569 0.36651 0.05826 0.92859 0.37727 0.04585 0.92497 0.48816 -0.0965 0.8674 0.49779 -0.10947 0.86036 0.69286 -0.45496 0.55943 0.70158 -0.47569 0.53057 0.01707 0.01212 0.99978 0.01255 0.01036 0.99987 0.01438 0.01704 0.99975 0.00958 0.01532 0.99984 0.01229 0.02489 0.99961 0.00925 0.02276 0.9997 0.01201 0.03231 0.99941 0.00862 0.03004 0.99951 0.01198 0.04145 0.99907 0.00817 0.03903 0.9992 0.0122 0.05245 0.99855 0.05858 0.02173 0.99805 0.0215 0.01286 0.99969 0.02271 0.01759 0.99959 0.04187 0.00307 0.99912 0.04624 0.02092 0.99871 0.02242 0.0225 0.9995 -0.01228 0.03183 0.99942 0.0274 0.02993 0.99918 0.02788 0.03228 0.99909 0.08255 0.0299 0.99614 0.08187 0.02594 0.99631 0.03557 0.03318 0.99882 -0.01362 0.02606 0.99957 0.0055 0.02113 0.99976 0.00812 0.03263 0.99943 0.05848 0.03015 0.99783 0.05902 0.03291 0.99771 0.05969 0.02655 0.99786 0.03442 0.028 0.99902 0.02347 0.02694 0.99936 -0.01126 0.02886 0.99952 -0.01262 0.02329 0.99965 -0.01976 0.02133 0.99958 -0.02058 0.01817 0.99962 -0.02367 0.01649 0.99958 -0.0242 0.0145 0.9996 -0.02672 0.01317 0.99956 -0.02636 0.01451 0.99955 -0.02868 0.01335 0.9995 -0.02673 0.02024 0.99944 -0.02945 0.01896 0.99939 -0.02659 0.02873 0.99923 -0.02859 0.02699 0.99923 -0.02565 0.03687 0.99899 -0.0281 0.03483 0.999 -0.02441 0.04695 0.9986 0.26804 0.00844 0.96337 0.22411 0.01369 0.97447 0.31662 0.00651 0.94853 0.21045 0.00471 0.97759 0.45479 -0.0448 0.88947 0.47273 -0.04793 0.8799 0.40693 -0.03737 0.91269 0.42423 -0.04036 0.90466 0.34645 -0.02804 0.93765 0.36258 -0.03104 0.93144 0.28213 -0.01851 0.9592 0.51403 -0.00861 0.85773 0.43774 -0.00194 0.8991 0.43556 -0.01433 0.90005 0.72601 -0.0841 0.68252 0.72373 -0.09704 0.68322 0.67656 -0.08594 0.73135 0.16381 0.00217 0.98649 0.16454 0.00491 0.98636 0.21806 -0.00974 0.97589 0.23326 -0.01504 0.9723 0.26574 -0.02204 0.96379 0.31846 -0.03689 0.94722 0.32669 -0.03876 0.94434 0.3843 -0.05527 0.92155 0.38646 -0.04625 0.92115 0.44204 -0.05946 0.89502 0.44395 -0.051 0.8946 0.50644 -0.06358 0.85993 0.50861 -0.05332 0.85935 0.46319 -0.04592 0.88507 0.58753 -0.06223 0.80681 0.67619 -0.05976 0.7343 0.66802 -0.0589 0.74181 0.66681 -0.06613 0.74229 0.65704 -0.07324 0.75029 0.65846 -0.06514 0.74979 0.58881 -0.05533 0.80637 0.48743 -0.03905 0.87229 0.52916 -0.04445 0.84736 0.54686 -0.04698 0.8359 0.47481 -0.03768 0.87928 0.49228 -0.04015 0.86951 0.42604 -0.03172 0.90415 0.44309 -0.03411 0.89583 0.36407 -0.02421 0.93106 0.946 -0.1413 0.29174 0.96747 -0.10936 0.22812 0.95755 -0.11237 0.26548 0.96581 -0.11539 0.23215 0.81218 -0.11202 0.57256 0.81849 -0.11301 0.5633 0.82042 -0.10019 0.56291 0.82644 -0.10097 0.5539 0.82794 -0.09002 0.55354 0.83368 -0.09064 0.54476 0.83487 -0.08122 0.54443 0.96172 -0.13774 0.23688 0.96273 -0.13092 0.23667 0.94623 -0.12415 0.29874 0.95946 -0.1237 0.25324 0.96493 -0.12213 0.23238 0.75073 -0.06947 0.65694 0.74368 -0.0687 0.665 0.74241 -0.07696 0.66552 0.73503 -0.07605 0.67376 0.73348 -0.08552 0.67431 0.64853 -0.07167 0.7578 0.64683 -0.08087 0.75834 0.56796 -0.06664 0.82035 0.56613 -0.0756 0.82084 0.49723 -0.06149 0.86544 0.49491 -0.072 0.86596 0.43304 -0.05708 0.89956 0.43037 -0.06843 0.90006 0.37569 -0.05255 0.92525 0.37326 -0.06234 0.92563 0.31699 -0.04271 0.94747 0.30884 -0.04036 0.95026 0.23338 -0.01458 0.97228 0.22613 -0.01309 0.97401 0.15946 0.00916 0.98716 0.15332 0.01021 0.98812 0.96953 -0.09867 0.22422 0.96967 -0.09744 0.22417 0.96947 -0.09376 0.2266 0.96466 -0.09202 0.24692 0.84654 -0.07378 0.52719 0.84735 -0.06621 0.5269 0.76633 -0.05602 0.64 0.97306 -0.07867 0.21673 0.9695 -0.07728 0.23259 0.85762 -0.06016 0.51075 0.85814 -0.05438 0.51052 0.78037 -0.04486 0.62371 0.97167 -0.08572 0.22025 0.96721 -0.08406 0.23968 0.85227 -0.06659 0.51884 0.85294 -0.05982 0.51858 0.76719 -0.04927 0.63953 0.66697 -0.03531 0.74425 0.69517 -0.03837 0.71782 0.70979 -0.04018 0.70327 0.62762 -0.03136 0.77789 0.64359 -0.03325 0.76465 0.56805 -0.02545 0.8226 0.58466 -0.02737 0.81082 0.5134 -0.02023 0.85791 0.96814 -0.10377 0.22791 0.96138 -0.10135 0.25589 0.84035 -0.08173 0.53584 0.84132 -0.07335 0.53553 0.75186 -0.06168 0.65643 0.62428 -0.04306 0.78001 0.67783 -0.04928 0.73357 0.69335 -0.05131 0.71877 0.60905 -0.04155 0.79205 0.62572 -0.04367 0.77882 0.54901 -0.03504 0.83508 0.56613 -0.03717 0.82348 0.49433 -0.02928 0.86878 0.51146 -0.03138 0.85873 0.44503 -0.02421 0.89519 0.46907 -0.00489 0.88315 0.39815 0.00115 0.91732 0.39612 -0.00999 0.91814 0.33008 -0.00391 0.94395 0.32819 -0.0132 0.94452 0.25967 -0.00624 0.96568 0.25823 -0.01268 0.966 0.19672 -0.00532 0.98045 0.18549 -0.00488 0.98263 0.34487 0.01365 0.93855 0.31836 0.01611 0.94783 0.40563 0.00963 0.91399 0.66101 -0.0181 0.75016 0.61817 -0.01397 0.78592 0.60291 -0.01276 0.79771 0.56442 -0.00922 0.82544 0.33792 0.0067 0.94115 0.48219 -0.00554 0.87605 0.48018 -0.01748 0.87699 0.39962 -0.00981 0.91663 0.39768 -0.01993 0.91731 0.31375 -0.01124 0.94944 0.31213 -0.01876 0.94986 0.24532 -0.01066 0.96938 0.24461 -0.01368 0.96952 0.18553 -0.00472 0.98263 0.17423 -0.00391 0.9847 0.90559 -0.04676 0.42157 0.87221 -0.04088 0.48743 0.92201 -0.04804 0.38418 0.85339 -0.03869 0.51983 0.80412 -0.03271 0.59357 0.79346 -0.03165 0.6078 0.73862 -0.0256 0.67364 0.72571 -0.02444 0.68757 0.68956 -0.01514 0.72407 0.73917 -0.02021 0.67321 0.75121 -0.02129 0.65972 0.80461 -0.02723 0.59318 0.81448 -0.02822 0.5795 0.85385 -0.03305 0.51947 0.86174 -0.03393 0.50622 0.90607 -0.0401 0.42122 0.91141 -0.0408 0.40947 0.99288 -0.06632 -0.09898 0.64755 -0.00698 0.76199 0.69 -0.01105 0.72373 0.7028 -0.01211 0.71128 0.7516 -0.01714 0.6594 0.76278 -0.01814 0.6464 0.81483 -0.02403 0.57921 0.82389 -0.02494 0.5662 0.86205 -0.02974 0.50595 0.86926 -0.03056 0.4934 0.91168 -0.03665 0.40926 0.91652 -0.03731 0.39824 0.96788 -0.04683 0.24703 0.98769 -0.06236 0.14343 0.67542 -0.0193 0.73718 0.67603 -0.01402 0.73674 0.61885 -0.00858 0.78547 0.50006 0.00367 0.86598 0.56541 -0.00191 0.82481 0.59469 -0.00474 0.80394 0.5156 0.00211 0.85683 0.54531 -0.00066 0.83824 0.47068 0.00555 0.88229 0.9741 -0.07447 0.21352 0.9719 -0.07183 0.22417 0.97138 -0.07162 0.22648 0.97509 -0.07025 0.21037 0.97544 -0.06583 0.21019 0.97733 -0.06619 0.20109 0.98753 -0.06493 0.14344 0.23563 0.00847 0.97181 0.23621 0.01364 0.97161 0.20954 0.0156 0.97768 0.21045 0.02252 0.97735 0.18069 0.02485 0.98323 0.18136 0.02923 0.98298 0.14911 0.03189 0.98831 0.14864 0.02923 0.98846 0.11601 0.03206 0.99273 0.28572 0.02645 0.95795 0.26622 0.02643 0.96355 0.26651 0.0284 0.96341 0.24624 0.02845 0.96879 0.1906 0.02787 0.98127 0.19121 0.03145 0.98105 0.21791 0.02841 0.97555 0.22677 0.02849 0.97353 0.22637 0.02576 0.9737 0.28524 0.02286 0.95818 0.20903 -0.00167 0.97791 0.27268 -0.00803 0.96207 0.2745 0.00057 0.96159 0.34461 -0.00574 0.93873 0.34669 0.00513 0.93797 0.4287 -0.00168 0.90344 0.43035 0.00849 0.90262 0.50033 0.00287 0.86583 0.50124 0.00961 0.86525 0.54615 0.00597 0.83767 0.57364 0.00391 0.8191 0.59549 0.00203 0.80336 0.62219 -9E-05 0.78287 0.64804 -0.00244 0.7616 0.67337 -0.00459 0.73929 0.70325 -0.00748 0.7109 0.72643 -0.0096 0.68717 0.76318 -0.01345 0.64604 0.78333 -0.01548 0.62142 0.82424 -0.02022 0.56588 0.84035 -0.02204 0.54159 0.86958 -0.02585 0.49312 0.88218 -0.02745 0.47011 0.9168 -0.03265 0.39801 0.92526 -0.03395 0.3778 0.96811 -0.04232 0.24691 0.97111 -0.04299 0.23472 0.2222 0.00465 0.97499 0.28775 -0.00111 0.9577 0.28981 0.00914 0.95704 0.37571 0.00224 0.92673 0.37743 0.0123 0.92596 0.45961 0.00592 0.8881 0.46055 0.01252 0.88754 0.52896 0.00713 0.84862 0.52948 0.01158 0.84824 0.57409 0.00799 0.81875 0.59928 0.00612 0.80052 0.62262 0.00412 0.78251 0.64682 0.00221 0.76264 0.67377 -0.00025 0.73894 0.69639 -0.00217 0.71766 0.72681 -0.00515 0.68682 0.7473 -0.00703 0.66445 0.78366 -0.01092 0.62109 0.80112 -0.0127 0.59837 0.84065 -0.01741 0.5413 0.85438 -0.019 0.51929 0.88245 -0.02279 0.46985 0.89312 -0.02419 0.44917 0.92551 -0.02929 0.3776 0.93252 -0.03041 0.35984 0.97133 -0.03844 0.23461 0.97382 -0.03903 0.22394 0.99879 -0.03976 0.02901 0.978 -0.03229 0.2061 0.97793 -0.03417 0.20613 0.94369 -0.02682 0.32975 0.93867 -0.02602 0.34383 0.91013 -0.02147 0.41378 0.90237 -0.02046 0.43047 0.87658 -0.01697 0.48096 0.8664 -0.01582 0.4991 0.82981 -0.01148 0.55793 0.81657 -0.01017 0.57716 0.78152 -0.00648 0.62385 0.7656 -0.00508 0.64329 0.73486 -0.00213 0.67822 0.71687 -0.00068 0.6972 0.68855 0.00183 0.72518 0.66888 0.0033 0.74336 0.64334 0.00542 0.76556 0.62248 0.00686 0.78261 0.57908 0.01022 0.81521 0.57903 0.00969 0.81525 0.51476 0.01462 0.85721 0.51449 0.01224 0.85741 0.45984 0.01635 0.88785 0.43416 0.01768 0.90066 0.39701 0.02028 0.91759 0.37218 0.02143 0.92791 0.32069 0.02481 0.94686 0.32006 0.02075 0.94717 0.25425 0.02507 0.96681 0.25318 0.0191 0.96723 0.1827 0.0238 0.98288 0.18088 0.01492 0.98339 0.69482 -0.0029 0.71918 0.69481 -0.00408 0.71919 0.69201 -0.00399 0.72187 0.69198 -0.00562 0.7219 0.67238 -0.00489 0.74019 0.67234 -0.00608 0.74021 0.65023 -0.00514 0.75972 0.65021 -0.00566 0.75974 0.62508 -0.00445 0.78055 0.62513 -0.00361 0.78051 0.59628 -0.00204 0.80277 0.59637 -0.00064 0.80271 0.56319 0.00202 0.82632 0.56338 0.00449 0.82619 0.59936 0.00239 0.80048 0.59954 0.00482 0.80033 0.45084 0.01562 0.89247 0.56077 0.00971 0.82792 0.56089 0.01109 0.82782 0.50649 0.01496 0.86212 0.48405 0.01599 0.87489 0.44287 0.0187 0.89639 0.42067 0.01959 0.907 0.38867 0.02158 0.92113 0.37747 0.02198 0.92576 0.05902 0.03783 0.99754 0.06376 0.03828 0.99723 0.06106 0.02885 0.99772 0.06549 0.02948 0.99742 0.06326 0.02154 0.99776 0.06744 0.0223 0.99747 0.06557 0.01554 0.99773 0.06956 0.0164 0.99744 0.06768 0.00945 0.99766 0.07485 0.00992 0.99715 0.07377 0.00577 0.99726 0.08079 0.00645 0.99671 0.08102 0.00735 0.99669 0.08829 0.00822 0.99606 0.08927 0.01229 0.99593 0.09702 0.01332 0.99519 0.09835 0.01901 0.99497 0.1146 0.01969 0.99322 0.11618 0.02698 0.99286 0.20314 0.02143 0.97891 0.20432 0.02766 0.97851 0.27704 0.02306 0.96058 0.27768 0.02696 0.96029 0.34425 0.02274 0.9386 0.34455 0.02484 0.93844 0.39717 0.02149 0.91749 0.42077 0.02046 0.90693 0.46001 0.01778 0.88773 0.48412 0.01659 0.87485 0.53873 0.01257 0.84238 0.53877 0.01294 0.84235 0.60071 0.00833 0.79942 0.60054 0.00631 0.79957 0.71894 -0.00247 0.69507 0.67912 -2E-05 0.73402 0.70604 -0.00201 0.70817 0.72191 -0.00303 0.69198 0.75079 -0.00532 0.66052 0.76508 -0.00631 0.6439 0.79551 -0.00892 0.60588 0.80795 -0.00986 0.58917 0.84138 -0.01302 0.54028 0.85158 -0.01388 0.52404 0.88543 -0.01748 0.46445 0.8931 -0.01823 0.44948 0.91681 -0.02111 0.39876 0.92261 -0.02176 0.38511 0.94808 -0.02541 0.31701 0.95178 -0.02592 0.30568 0.98086 -0.03151 0.19215 0.98093 -0.02949 0.19213 0.98531 -0.03043 0.16806 0.99055 -0.03154 0.13348 0.15509 0.01669 0.98776 0.15597 0.02294 0.98749 0.13009 0.02598 0.99116 0.13068 0.02965 0.99098 0.10276 0.03302 0.99416 0.10215 0.02977 0.99432 0.07443 0.03322 0.99667 0.07323 0.02758 0.99693 0.11458 0.0251 0.9931 0.15196 0.02045 0.98818 0.15405 0.03103 0.98758 0.19575 0.02862 0.98024 0.24622 0.02832 0.9688 0.3 0.02503 0.95361 0.30021 0.02643 0.95351 0.30714 0.02619 0.95131 0.34249 0.02326 0.93923 0.3422 0.02093 0.93939 0.30379 0.02297 0.95246 0.30335 0.01941 0.95268 0.33861 0.01561 0.9408 0.33824 0.0123 0.94098 0.37059 0.01039 0.92874 0.37014 0.00557 0.92896 0.39912 0.00402 0.91689 0.39896 0.0019 0.91697 0.42537 0.00061 0.90502 0.42533 2E-05 0.90504 0.44967 -0.00106 0.89319 0.44968 -0.00093 0.89319 0.95144 -0.15795 0.26423 0.95768 -0.15669 0.24145 0.95933 -0.14668 0.24119 0.92541 -0.18562 0.3304 0.95176 -0.18279 0.24646 0.95322 -0.17519 0.24632 0.14872 0.01799 0.98872 0.21913 -0.00991 0.97565 0.22646 -0.01187 0.97395 0.29966 -0.04161 0.95314 0.30778 -0.04447 0.95042 0.36271 -0.06726 0.92947 0.36479 -0.05914 0.92921 0.41843 -0.0781 0.90489 0.4215 -0.06561 0.90445 0.48243 -0.08356 0.87194 0.48569 -0.06954 0.87136 0.55408 -0.08631 0.82798 0.55685 -0.07347 0.82736 0.66575 -0.09639 0.73992 0.67428 -0.09785 0.73197 0.80283 -0.12664 0.5826 0.80953 -0.12792 0.57298 0.92433 -0.15705 0.34777 0.93224 -0.15838 0.32534 -0.17726 0.64136 0.74648 -0.14799 0.67428 0.72349 -0.14662 0.67718 0.72106 -0.15805 0.67743 0.71841 -0.15798 0.67715 0.71868 -0.14526 0.68604 0.71291 -0.15196 0.68066 0.71667 -0.15951 0.67636 0.71909 -0.13386 0.69324 0.70817 -0.13121 0.69749 0.70448 -0.12621 0.70126 0.70164 -0.13772 0.61699 0.77483 -0.13669 0.61765 0.77449 -0.08704 0.61882 0.7807 -0.36467 0.24986 0.89699 -0.33059 0.33782 0.88125 -0.27609 0.44739 0.85066 -0.28795 0.42498 0.85819 -0.0123 -0.83391 -0.55177 -0.27042 0.46552 0.84271 0.0206 0.84208 0.53895 -0.14724 0.67843 0.71976 -0.16592 0.66993 0.72365 -0.12787 0.69072 0.71172 -0.12111 0.70172 0.70209 -0.11861 0.70325 0.70098 -0.11219 0.71246 0.69268 -0.11131 0.71308 0.6922 -0.00873 0.62075 0.78396 -0.14505 0.59224 0.7926 -0.19997 0.58862 0.78328 -0.10246 0.56786 0.81672 -0.14539 0.56421 0.81273 -0.17455 0.53439 0.82702 -0.20299 0.53051 0.82301 -0.14773 0.51265 0.84579 -0.33029 0.47875 0.81345 -0.17711 0.4891 0.85406 -0.18335 0.46227 0.86758 -0.36542 0.42885 0.82617 -0.18924 0.43422 0.88071 -0.19406 0.41132 0.89059 -0.17139 0.40865 0.89646 -0.14562 0.3542 0.92376 -0.1992 0.33921 0.91938 -0.18887 0.32525 0.92657 -0.1442 0.45503 0.87872 -0.14495 0.45495 0.87864 -0.12979 0.50288 0.85456 -0.12938 0.50292 0.85459 -0.11741 0.53823 0.83458 -0.11599 0.53838 0.83468 -0.10583 0.56659 0.81718 -0.10379 0.56676 0.81732 -0.09436 0.59158 0.8007 -0.09215 0.59164 0.80092 -0.08556 0.60826 0.78911 -0.18403 0.39242 0.90119 -0.12934 0.41105 0.90239 -0.11315 0.45686 0.88231 -0.11461 0.45659 0.88226 -0.09647 0.50466 0.85791 -0.0962 0.5047 0.85792 -0.082 0.53998 0.83767 -0.08059 0.5402 0.83767 -0.06889 0.56772 0.82033 -0.06675 0.56799 0.82032 -0.05662 0.5907 0.80491 -0.05431 0.59084 0.80496 -0.04714 0.60632 0.79382 -0.04571 0.60636 0.79388 -0.19992 0.32338 0.92491 -0.1489 0.34172 0.92793 -0.1374 0.37722 0.91587 -0.20182 0.37366 0.90535 -0.17755 0.38383 0.90617 -0.17417 0.63546 0.75223 -0.18641 0.61634 0.7651 -0.21619 0.56699 0.79485 -0.14333 0.6755 0.72329 -0.14118 0.67283 0.7262 -0.16848 0.66323 0.7292 -0.12272 0.68381 0.71927 -0.11388 0.69858 0.70641 -0.11317 0.69893 0.70618 -0.10272 0.71424 0.69232 -0.1047 0.71314 0.69316 -0.09354 0.728 0.67917 -0.09595 0.72671 0.68021 -0.20066 0.05604 0.97806 -0.20157 0.056 0.97787 -0.21469 0.06921 0.97423 -0.15934 0.07389 0.98445 -0.26276 0.09185 0.96048 -0.21369 0.09843 0.97193 -0.20984 0.12327 0.96993 -0.2438 0.11821 0.96259 -0.15977 0.15622 0.97471 -0.21745 0.14955 0.96455 -0.2009 0.19964 0.95905 -0.18529 0.20188 0.96172 -0.22262 0.25485 0.941 -0.20149 0.25839 0.94479 -0.19429 0.2931 0.93613 -0.17014 0.07008 0.98293 -0.17814 0.06911 0.98158 -0.17255 0.09362 0.98054 -0.18422 0.09224 0.97855 -0.17628 0.12515 0.97635 -0.18357 0.12352 0.97522 -0.17497 0.15765 0.97187 -0.18279 0.15594 0.97071 -0.17067 0.20188 0.96443 -0.17848 0.2002 0.96336 -0.16219 0.25842 0.95232 -0.1693 0.25693 0.95149 -0.15456 0.30653 0.93923 -0.21042 0.30399 0.92915 -0.19217 0.31029 0.93101 -0.14546 0.0738 0.98661 -0.15681 0.0699 0.98515 -0.14876 0.09875 0.98393 -0.16486 0.09354 0.98187 -0.15383 0.13124 0.97934 -0.16442 0.12511 0.97842 -0.15265 0.16397 0.97458 -0.16394 0.15768 0.97379 -0.1481 0.20799 0.96685 -0.15933 0.20199 0.96634 -0.13891 0.26383 0.95452 -0.14913 0.25866 0.95439 -0.1243 0.32953 0.93593 -0.13245 0.3257 0.93615 -0.1055 0.39771 0.91143 -0.11084 0.39538 0.91181 -0.08547 0.4586 0.88452 -0.08791 0.45762 0.88479 -0.06734 0.50555 0.86017 -0.06746 0.5055 0.86018 -0.05159 0.54037 0.83985 -0.05023 0.54082 0.83964 -0.0375 0.56736 0.82262 -0.03537 0.56797 0.82229 -0.025 0.58864 0.80801 -0.02289 0.58909 0.80774 -0.01534 0.60367 0.79709 -0.01457 0.60379 0.79701 -0.04139 0.61549 0.78706 -0.01256 0.61355 0.78956 -0.00917 0.61404 0.78922 0.00861 0.61206 0.79076 0.00275 0.60151 0.79886 0.00254 0.60146 0.7989 -0.00542 0.5869 0.80964 -0.00723 0.58641 0.80999 -0.01769 0.56669 0.82374 -0.01971 0.56598 0.82418 -0.03287 0.5401 0.84096 -0.03405 0.53962 0.84122 -0.05063 0.50537 0.86141 -0.0501 0.50561 0.86131 -0.07167 0.45849 0.88581 -0.0685 0.46005 0.88525 -0.09532 0.39764 0.91258 -0.08874 0.40117 0.91169 -0.11764 0.32947 0.93681 -0.10773 0.33523 0.93596 -0.13485 0.26376 0.95511 -0.12246 0.27152 0.95461 -0.14536 0.20793 0.96728 -0.13172 0.21697 0.96725 -0.15002 0.1639 0.975 -0.13627 0.17346 0.97537 -0.15036 0.13113 0.9799 -0.1374 0.1405 0.9805 -0.15085 0.09883 0.9836 -0.13179 0.10667 0.98552 -0.14199 0.07367 0.98712 -0.12512 0.1525 0.98035 -0.13965 0.14066 0.98016 -0.12392 0.1857 0.97476 -0.13929 0.17366 0.9749 -0.1195 0.22851 0.96618 -0.13471 0.21716 0.9668 -0.11059 0.28133 0.95322 -0.12439 0.27164 0.95433 -0.09644 0.3424 0.93459 -0.10747 0.33522 0.93599 -0.07814 0.40542 0.91078 -0.08551 0.401 0.91208 -0.05856 0.46171 0.8851 -0.06221 0.45971 0.88589 -0.04063 0.5055 0.86187 -0.0414 0.50512 0.86206 -0.0248 0.53853 0.84224 -0.02375 0.539 0.84197 -0.01054 0.56434 0.82548 -0.00864 0.56509 0.82498 0.00189 0.58446 0.81142 0.00348 0.58497 0.81105 0.01189 0.59998 0.79993 0.01171 0.59994 0.79996 0.01958 0.61377 0.78924 0.00952 0.61148 0.79121 0.01964 0.62926 0.77695 -0.00148 0.62016 0.78447 0.0135 0.64615 0.76309 -0.12593 0.69496 0.70793 -0.1503 0.66209 0.73419 -0.14795 0.66752 0.72975 -0.21207 0.57148 0.79274 -0.312 0.39073 0.86601 -0.20064 0.58991 0.78215 -0.18873 0.59863 0.77847 -0.18146 0.63266 0.75287 -0.14169 0.67485 0.72423 -0.24073 0.55089 0.7991 -0.17317 0.63337 0.75423 -0.14362 0.67623 0.72256 -0.12778 0.69147 0.71101 -0.24598 0.44601 0.86056 -0.20611 0.53297 0.82065 -0.19931 0.55434 0.80807 -0.15865 0.61862 0.7695 -0.13485 0.66295 0.73642 -0.11639 0.688 0.71632 -0.10861 0.70708 0.69874 -0.08696 0.73367 0.67392 -0.08679 0.73353 0.67409 -0.08168 0.7397 0.66796 -0.0783 0.74048 0.6675 -0.08831 0.7279 0.67997 -0.08333 0.72987 0.67849 -0.09928 0.70818 0.69902 -0.09491 0.71013 0.69765 -0.10753 0.69106 0.71475 -0.10684 0.69134 0.71458 -0.11686 0.67398 0.72945 -0.16822 0.65542 0.73629 -0.13664 0.66347 0.73562 -0.05956 0.65492 0.75335 -0.03034 0.70139 0.71214 -0.02786 0.73266 0.68003 -0.02018 0.77283 0.6343 -0.02026 0.75588 0.6544 0.00017 0.78134 0.6241 0.00029 0.78098 0.62456 0.01257 0.7954 0.60596 0.01551 0.7917 0.61072 0.01272 0.78842 0.61501 0.02053 0.78381 0.62066 0.00555 0.76551 0.64341 0.01942 0.76139 0.64801 -0.00654 0.72686 0.68676 0.01026 0.7245 0.6892 -0.02304 0.67476 0.73767 -0.00799 0.6739 0.73878 -0.03685 0.62515 0.77963 -0.02016 0.62461 0.78068 -0.02337 0.61858 0.78538 -0.04147 0.61926 0.78409 -0.04329 0.61544 0.787 -0.08038 0.6168 0.78301 -0.08385 0.60825 0.7893 -0.19382 0.60816 0.76979 -0.14148 0.60405 0.78429 -0.39529 0.17082 0.90253 -0.43678 0.11991 0.89154 -0.31878 0.36898 0.87306 -0.23233 0.53996 0.80899 -0.21448 0.57729 0.78787 -0.18196 0.61695 0.76568 -0.14733 0.66637 0.73092 -0.13044 0.68021 0.72132 -0.11784 0.70033 0.70402 -0.09712 0.72614 0.68065 -0.10247 0.72385 0.6823 -0.09945 0.72231 0.68438 -0.12028 0.70689 0.69702 -0.11282 0.71106 0.69402 -0.14136 0.68555 0.71417 -0.13053 0.69506 0.707 -0.16702 0.65974 0.7327 -0.15869 0.6679 0.72714 -0.10297 0.72071 0.68554 -0.12263 0.69705 0.70646 -0.19355 0.59786 0.77789 -0.19507 0.55564 0.80822 -0.35284 0.10078 0.93024 -0.32152 0.19164 0.92731 -0.23477 0.44127 0.86612 -0.21483 0.48015 0.85047 -0.17226 0.57551 0.79945 -0.15442 0.60423 0.7817 -0.13563 0.6427 0.75402 -0.1031 0.68853 0.71785 -0.09867 0.69815 0.70912 -0.07306 0.73106 0.6784 -0.0699 0.74054 0.66837 -0.05717 0.75578 0.65233 -0.05727 0.75617 0.65186 -0.05529 0.7585 0.64932 -0.05144 0.757 0.65139 -0.06189 0.7443 0.66498 -0.05405 0.74465 0.66527 -0.07322 0.71953 0.69059 -0.06385 0.72147 0.6895 -0.08576 0.6897 0.719 -0.07795 0.69179 0.71788 -0.09296 0.66735 0.73892 -0.091 0.66781 0.73875 -0.1022 0.64674 0.75583 -0.16095 0.63501 0.75555 -0.11281 0.63738 0.76224 0.03302 0.64818 0.76077 -0.26584 0.59819 0.75597 -0.21255 0.44258 0.87118 -0.19022 0.487 0.85244 -0.14542 0.59816 0.78807 -0.12147 0.63602 0.76205 -0.10549 0.6731 0.73199 -0.08029 0.70781 0.70182 -0.07437 0.72364 0.68616 -0.05059 0.75312 0.65594 -0.05017 0.75643 0.65215 -0.03994 0.76852 0.63858 -0.03894 0.76696 0.64052 -0.04237 0.76293 0.6451 -0.03627 0.76084 0.64793 -0.05098 0.74265 0.66774 -0.04089 0.74252 0.66857 -0.06353 0.712 0.6993 -0.05222 0.71351 0.6987 -0.07652 0.67694 0.73205 -0.06753 0.67864 0.73136 -0.08333 0.65181 0.75379 -0.08152 0.6521 0.75374 -0.09302 0.6295 0.77141 -0.11746 0.62679 0.77028 -0.10288 0.62795 0.77142 -0.14691 0.62238 0.7688 -0.1507 0.61075 0.77735 -0.46471 -0.40891 0.78539 -0.44404 -0.25508 0.85893 -0.35664 0.15587 0.92115 -0.31815 0.25818 0.91221 -0.24639 0.4448 0.86107 -0.22272 0.48985 0.84288 -0.18709 0.56527 0.80341 -0.1714 0.59064 0.78852 -0.15393 0.62475 0.7655 -0.12983 0.65967 0.74026 -0.11394 0.69015 0.71464 -0.08143 0.73152 0.67694 -0.08066 0.73615 0.67199 -0.06843 0.7507 0.65709 -0.06663 0.74981 0.65828 -0.07166 0.74376 0.66459 -0.06604 0.74444 0.66442 -0.08124 0.725 0.68394 -0.07397 0.72712 0.68251 -0.09322 0.70016 0.70788 -0.08694 0.70236 0.70649 -0.10095 0.68043 0.72582 -0.09933 0.68095 0.72557 -0.11008 0.66158 0.74175 -0.1655 0.64614 0.74506 -0.13184 0.65132 0.74726 0.03692 0.6436 0.76447 0.06947 0.69456 0.71607 0.06034 0.69846 0.7131 0.09888 0.75388 0.64953 0.0856 0.76051 0.64365 0.12095 0.80677 0.57835 0.108 0.81379 0.57104 0.10767 0.81338 0.57168 0.0982 0.8196 0.56445 0.08935 0.80866 0.58146 0.08658 0.81111 0.57845 0.07129 0.79078 0.60794 0.07485 0.78617 0.61346 0.05422 0.75522 0.65322 0.03061 0.80443 0.59326 0.05822 0.71833 0.69327 0.08324 0.64387 0.7606 0.05293 0.57165 0.81879 0.12236 0.15265 0.98068 0.0307 0.19294 0.98073 0.05457 0.2556 0.96524 0.01956 0.66067 0.75042 0.03881 0.69657 0.71644 0.0279 0.74006 0.67196 0.0464 0.7678 0.63901 0.04211 0.77655 0.62864 0.0601 0.80041 0.59643 0.06058 0.79984 0.59714 0.0715 0.81323 0.57754 0.07795 0.80805 0.58393 0.08358 0.81476 0.57375 0.09424 0.80841 0.58102 0.07905 0.78968 0.60841 0.09537 0.78253 0.61526 0.05451 0.72734 0.68411 0.0697 0.72172 0.68867 0.03469 0.66904 0.74242 -0.31887 0.59683 0.73629 -0.11776 0.614 0.78047 -0.08843 0.61546 0.7832 -0.10839 0.61496 0.78107 -0.08023 0.61613 0.78355 -0.07164 0.63366 0.77029 -0.07207 0.63362 0.77028 -0.05556 0.66285 0.74669 -0.06537 0.66173 0.74688 -0.03882 0.70325 0.70988 -0.0519 0.70238 0.7099 -0.02596 0.73848 0.67377 -0.0383 0.73921 0.67238 -0.01974 0.76265 0.64651 -0.02829 0.76535 0.64299 -0.02069 0.77438 0.63239 -0.02354 0.77718 0.62884 -0.02816 0.77176 0.63529 -0.02822 0.77211 0.63486 -0.04245 0.7551 0.65423 -0.04426 0.74206 0.66887 -0.0611 0.71999 0.69129 -0.0651 0.7062 0.70502 -0.08029 0.66729 0.74046 -0.10241 0.58987 0.80098 -0.11519 0.5535 0.82485 -0.17262 0.30321 0.93716 -0.19712 0.23775 0.95111 -0.26965 -0.5365 0.79966 -0.28611 -0.58258 0.76075 -0.19201 -0.96795 0.16191 -0.19729 -0.97864 0.05785 -0.24374 -0.90774 0.34146 -0.20161 -0.95565 0.21467 -0.20986 -0.97485 0.07501 -0.30716 -0.66548 0.68028 -0.31491 -0.34923 0.88254 -0.27462 0.01412 0.96145 -0.27421 0.01744 0.96151 -0.18427 0.41884 0.88917 -0.1842 0.43397 0.8819 -0.18973 0.40897 0.89261 -0.21017 0.36247 0.90799 -0.21006 0.3638 0.90748 -0.22482 0.32883 0.91724 -0.22465 0.33037 0.91673 -0.24105 0.29 0.92617 -0.24081 0.29191 0.92564 -0.25814 0.24736 0.9339 -0.25784 0.24949 0.93342 -0.27721 0.19721 0.94035 -0.27694 0.19904 0.94005 -0.29731 0.14086 0.94433 -0.29677 0.14429 0.94398 -0.31858 0.07756 0.94472 -0.3181 0.08075 0.94461 -0.34091 0.00519 0.94008 -0.34039 0.00881 0.94024 -0.36324 -0.07454 0.92871 -0.36273 -0.07055 0.92922 -0.38522 -0.16342 0.90824 -0.3847 -0.15841 0.90935 -0.40533 -0.25851 0.87686 -0.40499 -0.25391 0.87836 -0.42219 -0.35834 0.83267 -0.42199 -0.35275 0.83516 -0.43447 -0.4592 0.77484 -0.43453 -0.45534 0.77708 -0.44079 -0.5596 0.70182 -0.44122 -0.55399 0.70599 -0.44067 -0.64711 0.62214 -0.44191 -0.63886 0.62974 -0.43527 -0.72175 0.53816 -0.43458 -0.72451 0.535 -0.42139 -0.79431 0.43762 -0.42305 -0.78992 0.44391 -0.40636 -0.84332 0.3517 -0.40814 -0.83997 0.35759 -0.38849 -0.8817 0.26773 -0.39017 -0.87943 0.2727 -0.36915 -0.90992 0.18914 -0.37182 -0.9073 0.19637 -0.3506 -0.92876 0.12032 -0.35495 -0.92562 0.13129 -0.33498 -0.93999 0.06492 -0.34387 -0.93506 0.08616 -0.32395 -0.94579 0.02325 -0.30338 -0.9526 -0.02249 -0.28422 -0.95569 -0.07659 -0.18232 -0.97548 0.12328 -0.18004 -0.96894 0.16955 -0.27062 -0.5182 0.81132 -0.2521 -0.46805 0.84698 -0.17361 0.29706 0.93894 -0.15168 0.3529 0.92329 -0.1032 0.57207 0.81369 -0.08595 0.6034 0.79279 -0.06669 0.68264 0.72771 -0.0481 0.70987 0.70269 -0.04285 0.73901 0.67233 -0.02338 0.76369 0.64516 -0.02356 0.76678 0.64148 -0.00798 0.78524 0.61914 -0.00685 0.78287 0.62215 -0.00621 0.78362 0.62121 -0.00105 0.77986 0.62595 -0.01243 0.76619 0.64249 -0.00128 0.76282 0.64661 -0.02354 0.73402 0.67872 -0.00895 0.73254 0.68066 -0.03812 0.69054 0.72229 -0.02349 0.69059 0.72286 -0.05244 0.64349 0.76366 -0.04311 0.64387 0.76392 -0.05701 0.61834 0.78384 -0.05217 0.61838 0.78415 -0.05197 0.61879 0.78384 -0.07999 0.61902 0.78129 -0.0809 0.6168 0.78295 -0.13596 0.61705 0.77509 -0.138 0.61051 0.77989 -0.09815 0.25727 0.96134 -0.12109 0.2287 0.96594 -0.0904 0.30576 0.94781 -0.11108 0.28138 0.95314 -0.0782 0.36034 0.92954 -0.09466 0.34221 0.93484 -0.06226 0.41617 0.90715 -0.07326 0.40491 0.91142 -0.04494 0.46612 0.88358 -0.05051 0.46083 0.88605 -0.02862 0.50562 0.86228 -0.0301 0.50432 0.86299 -0.01368 0.53627 0.84393 -0.01263 0.53711 0.84342 0.00022 0.561 0.82782 0.00238 0.56259 0.82674 0.01274 0.58109 0.81374 0.01432 0.58211 0.81298 0.02353 0.59809 0.80108 0.02265 0.59758 0.80149 0.03367 0.61635 0.78675 0.0261 0.61234 0.79016 0.04347 0.64145 0.76593 0.01857 0.62946 0.77681 0.04154 0.66713 0.74378 0.01387 0.6461 0.76312 0.01542 0.69102 0.72267 0.0291 0.71167 0.70191 0.01104 0.71496 0.69908 0.04247 0.75814 0.65071 0.02578 0.76313 0.64573 0.04433 0.78627 0.61629 0.03361 0.79171 0.60997 0.0396 0.79882 0.60026 0.03438 0.80354 0.59426 0.02458 0.79204 0.60997 0.02298 0.79454 0.60678 0.00682 0.77468 0.63232 0.00834 0.76878 0.63946 -0.01128 0.74228 0.66999 -0.01062 0.72404 0.68968 -0.03055 0.69356 0.71975 -0.03299 0.66273 0.74813 -0.06052 0.61427 0.78677 -0.0606 0.61354 0.78734 -0.13513 -0.46656 0.87411 -0.16156 0.07096 0.98431 -0.1207 -0.83986 0.52921 -0.11086 -0.82326 0.55673 -0.09983 0.13246 0.98615 -0.11324 0.11999 0.9863 -0.10085 0.15441 0.98285 -0.10221 0.21626 0.97097 -0.11397 0.18495 0.97612 -0.1154 0.14259 0.98303 -0.11609 0.14071 0.98322 -0.12168 0.14167 0.98241 -0.1144 0.11641 0.98659 -0.11962 0.11704 0.9859 -0.13168 0.07991 0.98807 -0.12832 0.07967 0.98853 -0.13388 0.06086 0.98913 -0.14875 0.06143 0.98696 -0.13699 0.05533 0.98903 -0.1732 0.0559 0.9833 -0.15827 0.05461 0.98588 -0.16636 0.05527 0.98451 -0.11433 0.06964 0.991 -0.11413 0.06962 0.99102 -0.10382 0.07546 0.99173 -0.09909 0.05199 0.99372 -0.10659 0.04763 0.99316 -0.09805 0.04678 0.99408 -0.09946 0.04515 0.99402 -0.09721 0.10002 0.99023 -0.10109 0.08854 0.99093 -0.09828 0.07467 0.99235 -0.09598 0.07708 0.99239 -0.09886 0.06818 0.99276 -0.12498 0.05474 0.99065 -0.11889 0.05437 0.99142 -0.11414 0.05707 0.99182 -0.10969 0.05666 0.99235 -0.10422 0.05998 0.99274 -0.09706 0.05909 0.99352 -0.09679 0.05938 0.99353 -0.10558 0.11615 0.9876 -0.10134 0.09594 0.99021 -0.11804 0.09862 0.9881 -0.10864 0.08655 0.99031 -0.11661 0.08746 0.98932 -0.12371 0.06462 0.99021 -0.12556 0.06475 0.98997 -0.12895 0.05278 0.99025 -0.14232 0.05326 0.98839 -0.14921 0.02332 0.98853 -0.10171 0.03758 0.9941 -0.11016 0.03824 0.99318 -0.10908 0.03897 0.99327 -0.11588 0.03939 0.99248 -0.11234 0.04688 0.99256 -0.12426 0.04499 0.99123 -0.11679 0.04783 0.992 -0.11731 0.04899 0.99189 -0.12791 0.04977 0.99054 -0.0891 0.04703 0.99491 -0.09076 0.04416 0.99489 -0.08699 0.05614 0.99463 -0.09013 0.05082 0.99463 -0.08512 0.06641 0.99416 -0.08996 0.05837 0.99423 -0.08361 0.07775 0.99346 -0.09036 0.06678 0.99367 -0.08248 0.09037 0.99249 -0.09138 0.07625 0.99289 -0.08173 0.10453 0.99116 -0.09307 0.087 0.99185 -0.08131 0.12074 0.98935 -0.09534 0.09964 0.99045 -0.08126 0.13917 0.98693 -0.09807 0.11455 0.98857 -0.0813 0.16053 0.98368 -0.10085 0.13268 0.98601 -0.08111 0.18559 0.97927 -0.10326 0.15496 0.98251 -0.08019 0.21532 0.97325 -0.10455 0.18275 0.97759 -0.07832 0.24953 0.96519 -0.10387 0.21666 0.97071 -0.07482 0.28848 0.95456 -0.09986 0.25767 0.96106 -0.06866 0.33218 0.94071 -0.09117 0.30594 0.94767 -0.05905 0.37962 0.92326 -0.07697 0.36005 0.92975 -0.04626 0.42746 0.90285 -0.05826 0.41524 0.90785 -0.0319 0.47039 0.88188 -0.03813 0.4645 0.88475 -0.01771 0.50515 0.86285 -0.01966 0.50345 0.8638 -0.00402 0.53319 0.84599 -0.00336 0.53372 0.84566 0.00932 0.5568 0.83059 0.01108 0.5581 0.8297 0.02194 0.57711 0.81637 0.02301 0.57781 0.81584 0.03365 0.59591 0.80235 0.03212 0.59502 0.80307 0.0466 0.61915 0.78389 0.03811 0.61474 0.78781 0.05679 0.6453 0.76182 0.07753 0.66186 0.7456 0.06048 0.67016 0.73975 0.09365 0.72044 0.68717 0.08607 0.72483 0.68353 0.12378 0.77828 0.6156 0.11365 0.78448 0.60965 0.13546 0.81283 0.56653 0.12347 0.81987 0.55907 0.11995 0.81541 0.56632 0.11447 0.81931 0.5618 0.10138 0.8017 0.58907 0.10323 0.79995 0.59112 0.08626 0.77437 0.62683 0.09776 0.75816 0.6447 0.08008 0.72624 0.68276 0.09133 0.70211 0.70618 0.08444 0.64054 0.76327 0.23125 -0.04665 0.97178 0.19449 -0.1669 0.9666 0.13667 0.05853 0.98889 0.14374 0.05331 0.98818 0.09429 0.08068 0.99227 0.10077 0.07577 0.99202 0.05993 0.09792 0.99339 0.05418 0.07925 0.99538 0.01409 0.09833 0.99505 0.00756 0.07778 0.99694 -0.01967 0.08868 0.99587 -0.02582 0.06959 0.99724 -0.04066 0.07442 0.9964 -0.04602 0.05758 0.99728 -0.05754 0.06051 0.99651 -0.06189 0.04658 0.997 -0.07138 0.0484 0.99627 -0.07463 0.03792 0.99649 -0.08166 0.03894 0.9959 -0.08381 0.03193 0.99597 -0.09341 0.03301 0.99508 -0.09462 0.02893 0.99509 -0.10622 0.02982 0.9939 -0.10676 0.02785 0.99389 -0.11749 0.02848 0.99267 -0.11742 0.02875 0.99267 -0.12456 0.02906 0.99179 -0.12265 0.02615 0.99211 -0.1225 0.02677 0.99211 -0.10951 0.02609 0.99364 -0.1096 0.02574 0.99364 -0.09707 0.0249 0.99497 -0.09662 0.02646 0.99497 -0.08575 0.02542 0.99599 -0.08377 0.03198 0.99597 -0.07608 0.03103 0.99662 -0.07364 0.03903 0.99652 -0.06328 0.03737 0.9973 -0.05979 0.04877 0.99702 -0.04723 0.04611 0.99782 -0.04272 0.06057 0.99725 -0.02663 0.05613 0.99807 -0.02134 0.07286 0.99711 0.00768 0.06272 0.998 0.01328 0.08069 0.99665 0.0556 0.06271 0.99648 0.06049 0.07888 0.99505 0.10267 0.05815 0.99301 0.09678 0.06231 0.99335 0.14692 0.03718 0.98845 0.14039 0.04165 0.98922 0.18716 0.01777 0.98217 0.19011 0.02831 0.98135 0.18231 0.03335 0.98267 -0.10709 0.01469 0.99414 -0.10468 0.01525 0.99439 -0.10399 0.01947 0.99439 -0.10454 0.01934 0.99433 -0.10389 0.02287 0.99433 -0.11714 0.02343 0.99284 -0.11682 0.02502 0.99284 -0.12751 0.02548 0.99151 -0.12707 0.02752 0.99151 -0.12871 0.02759 0.9913 -0.13029 0.0304 0.99101 -0.10758 0.02513 0.99388 -0.09515 0.02456 0.99516 -0.09521 0.02429 0.99516 -0.08384 0.02381 0.99619 -0.0777 0.02513 0.99666 -0.06962 0.02481 0.99727 -0.06151 0.02652 0.99775 -0.04905 0.02603 0.99846 -0.03823 0.02821 0.99887 -0.02179 0.02754 0.99938 -0.00709 0.03011 0.99952 -0.13896 0.02627 0.98995 -0.12881 0.02589 0.99133 -0.12922 0.0237 0.99133 -0.11636 0.02318 0.99294 -0.1169 0.02012 0.99294 -0.11794 0.01989 0.99282 -0.11841 0.01682 0.99282 -0.12222 0.01593 0.99237 -0.12266 0.01267 0.99237 -0.10746 0.0121 0.99414 -0.11226 0.01097 0.99362 0.55848 -0.00154 0.82952 0.53697 -0.00178 0.8436 0.53696 -0.00238 0.8436 0.47224 -0.00128 0.88147 0.47222 -0.00183 0.88148 0.41065 -0.00051 0.91179 0.41065 -0.00042 0.91179 0.33715 0.00145 0.94145 0.3372 0.00209 0.94143 0.25957 0.00434 0.96571 0.2598 0.0068 0.96564 0.17767 0.00946 0.98404 0.17823 0.01406 0.98389 0.10267 0.01674 0.99457 0.10364 0.02323 0.99434 0.03377 0.02592 0.99909 0.03476 0.03135 0.9989 0.00417 0.02964 0.99955 0.00412 0.0294 0.99956 -0.02116 0.03059 0.99931 -0.03504 0.02829 0.99899 -0.04845 0.02891 0.99841 -0.05849 0.02698 0.99792 -0.06905 0.02745 0.99724 -0.07633 0.02596 0.99674 -0.0833 0.02627 0.99618 -0.08859 0.02517 0.99575 -0.09825 0.02561 0.99483 -0.09854 0.02441 0.99483 -0.10378 0.02214 0.99435 -0.1036 0.02288 0.99436 -0.10207 0.02411 0.99449 -0.10299 0.02059 0.99447 0.17757 0.05203 0.98273 0.18594 0.04616 0.98148 0.1331 0.07886 0.98796 0.14081 0.07276 0.98736 0.09191 0.10234 0.99049 0.09907 0.09655 0.99039 0.05953 0.11996 0.99099 0.05286 0.09868 0.99371 0.01501 0.11852 0.99284 0.00748 0.09526 0.99542 -0.01795 0.10663 0.99414 -0.02508 0.08495 0.99607 -0.03862 0.09 0.99519 -0.04487 0.07076 0.99648 -0.0553 0.07388 0.99573 -0.06052 0.0575 0.99651 -0.06904 0.05947 0.99584 -0.07316 0.04645 0.99624 -0.07941 0.04753 0.99571 -0.08236 0.03813 0.99587 -0.09148 0.03932 0.99503 -0.09166 0.03614 0.99513 -0.10236 0.03714 0.99405 -0.104 0.03142 0.99408 -0.1119 0.03194 0.99321 -0.11217 0.0323 0.99316 -0.12336 0.03288 0.99182 -0.12385 0.03301 0.99175 0.99075 -0.04213 0.12896 0.99065 -0.04452 0.12897 0.99103 -0.05816 -0.12033 0.97083 -0.04292 0.2359 0.99677 -0.06293 -0.04998 0.99262 -0.05678 0.10713 0.97121 -0.05675 0.23136 0.96155 -0.05501 0.26907 0.961 -0.06231 0.26945 0.8716 -0.04849 0.48781 0.86319 -0.04765 0.50263 0.79272 -0.03904 0.60834 0.78115 -0.03788 0.6232 0.72489 -0.03166 0.68814 0.71103 -0.03038 0.7025 0.66012 -0.0251 0.75074 0.64491 -0.02379 0.76389 0.60198 -0.01955 0.79828 0.58603 -0.01825 0.81008 0.53155 -0.0131 0.84692 0.53011 -0.02212 0.84764 0.46372 -0.01565 0.88584 0.46179 -0.02625 0.8866 0.38183 -0.01778 0.92406 0.38 -0.02666 0.9246 0.29772 -0.01653 0.95451 0.29666 -0.02122 0.95475 0.23165 -0.01124 0.97273 0.23155 -0.01166 0.97275 0.17495 -0.00107 0.98458 0.16908 -0.00087 0.9856 0.06233 0.04918 0.99684 0.10747 0.03195 0.99369 0.10547 0.02488 0.99411 0.1108 0.02412 0.99355 0.10909 0.01797 0.99387 0.11422 0.01752 0.9933 0.11285 0.01249 0.99353 0.11784 0.01228 0.99296 0.11667 0.0079 0.99314 0.12151 0.00786 0.99256 0.12031 0.00327 0.99273 0.12952 0.00274 0.99157 0.12906 0.00089 0.99164 0.13817 0.00067 0.99041 0.13883 0.00339 0.99031 0.14817 0.00335 0.98896 0.14948 0.00898 0.98872 0.15923 0.00907 0.9872 0.16107 0.01734 0.98679 0.22851 0.01234 0.97346 0.23025 0.02118 0.9729 0.29472 0.01673 0.95544 0.29578 0.02292 0.95498 0.34583 0.01953 0.9381 0.37171 0.01826 0.92817 0.40656 0.01576 0.91349 0.4337 0.01429 0.90094 0.48814 0.01013 0.87271 0.48868 0.01447 0.87234 0.55514 0.00929 0.8317 0.5554 0.01179 0.8315 0.59949 0.00829 0.80034 0.62246 0.00662 0.78262 0.64703 0.00453 0.76246 0.66885 0.00284 0.74339 0.69659 0.00032 0.71747 0.71683 -0.00137 0.69725 0.74749 -0.00437 0.66426 0.76555 -0.00602 0.64335 0.8013 -0.00986 0.59819 0.8165 -0.0114 0.57724 0.85455 -0.01598 0.51912 0.86633 -0.01735 0.49918 0.89327 -0.02105 0.44902 0.90229 -0.02225 0.43055 0.93267 -0.02713 0.35971 0.93859 -0.02809 0.3439 0.97397 -0.03564 0.22387 0.99802 -0.04823 -0.04047 0.97123 -0.03364 0.23575 0.99888 -0.04591 -0.01125 0.48624 -0.05239 0.87225 0.6304 -0.51129 0.58411 0.38693 0.11974 0.9143 0.38635 0.11713 0.91489 0.27355 0.27673 0.92119 0.26924 0.2607 0.92712 0.22023 0.31956 0.92162 0.21482 0.30072 0.9292 0.18021 0.33872 0.92347 0.17418 0.31883 0.93167 0.18024 0.31216 0.93277 0.1743 0.29211 0.94037 0.18209 0.28373 0.94146 0.17614 0.26337 0.94848 0.18582 0.25319 0.9494 0.17982 0.23253 0.95582 0.1908 0.22125 0.95637 0.18475 0.20025 0.96217 0.19646 0.18858 0.96221 0.19032 0.16713 0.96739 0.20216 0.15576 0.96689 0.19584 0.13363 0.97149 0.20725 0.12319 0.9705 0.20107 0.10147 0.97431 0.21191 0.09208 0.97294 0.20648 0.07297 0.97573 0.21659 0.06474 0.97411 0.21196 0.04834 0.97608 0.22139 0.04117 0.97432 0.21755 0.02748 0.97566 0.22634 0.02129 0.97382 0.2233 0.01038 0.97469 0.23151 0.00505 0.97282 0.22929 -0.00299 0.97335 0.21508 0.00539 0.97658 0.21276 -0.00307 0.9771 0.14436 0.02812 0.98913 0.15047 0.02428 0.98832 0.09944 0.04707 0.99393 0.10486 0.04354 0.99353 0.06126 0.06265 0.99615 0.05719 0.04896 0.99716 0.01264 0.06546 0.99778 0.00787 0.04987 0.99872 -0.02294 0.05896 0.998 -0.02742 0.04453 0.99863 -0.04472 0.04847 0.99782 -0.04839 0.03648 0.99816 -0.0619 0.03884 0.99733 -0.06457 0.02994 0.99746 -0.07571 0.03145 0.99663 -0.07797 0.02385 0.99667 -0.0867 0.02475 0.99593 -0.08795 0.02044 0.99591 -0.09984 0.02139 0.99477 -0.09926 0.02347 0.99478 -0.11391 0.02432 0.99319 -0.11381 0.02471 0.9932 -0.11552 0.02583 0.99297 -0.11697 0.0252 0.99282 -0.117 0.02508 0.99282 -0.10597 0.02458 0.99407 -0.10616 0.02363 0.99407 -0.09138 0.023 0.99555 -0.09214 0.01899 0.99556 -0.08986 0.0195 0.99576 -0.09078 0.01406 0.99577 -0.09156 0.01389 0.9957 -0.0921 0.01024 0.9957 -0.09537 0.00949 0.9954 -0.09557 0.00784 0.99539 -0.10043 0.00672 0.99492 -0.10048 0.00627 0.99492 -0.10648 0.00488 0.9943 -0.10646 0.00508 0.9943 -0.11347 0.00344 0.99354 -0.11343 0.00408 0.99354 -0.12149 0.0022 0.99259 -0.12151 0.00152 0.99259 -0.1239 0.00114 0.99229 0 1 -0 0.49979 -0.07103 -0.86323 0.62525 -0.07371 -0.77693 0.95537 -0.06696 -0.28774 0.23664 -0.06003 -0.96974 0.37572 -0.06441 -0.92449 0.68723 -0.07471 -0.72258 0.94758 -0.07296 -0.31107 0.98519 -0.07324 -0.15505 0.3758 -0.07171 -0.92392 0.83799 -0.08884 -0.5384 0.8251 -0.09879 -0.55628 0.98413 -0.13339 -0.11705 0.06685 -0.14873 -0.98662 0.05428 -0.21113 -0.97595 0.52479 -0.54673 -0.65245 0.4974 -0.57742 -0.64743 0.62472 -0.70102 -0.34395 0.59975 -0.72396 -0.34087 0.5775 -0.74294 -0.33843 -0.00911 -0.85245 -0.52274 -0.09088 -0.90933 -0.40604 0.5081 -0.79425 -0.33318 0.48187 -0.81081 -0.33224 0.41758 -0.84859 -0.32484 -0.08008 -0.80602 -0.58645 -0.11627 -0.93028 -0.34793 -0.30169 -0.95304 -0.02656 0.12046 -0.84675 -0.51818 0.0741 -0.93697 -0.34145 -0.21106 -0.97252 -0.0983 -0.21652 -0.97179 -0.09347 -0.21207 0.54449 0.81151 0.00713 -0.06519 -0.99785 -0.09111 -0.49513 -0.86403 -0.09501 -0.58808 -0.8032 -0.03085 -0.38675 -0.92167 -0.04282 -0.73644 -0.67515 -0.04708 -0.71261 -0.69998 -0.05041 -0.82722 -0.55961 -0.04085 -0.80197 -0.59597 -0.05013 -0.84773 -0.52805 -0.03056 -0.64253 -0.76565 -0.23303 -0.95137 -0.2015 0.03665 -0.28476 -0.9579 0.04661 -0.15087 -0.98745 0.0252 -0.7752 -0.63121 0.01004 -0.41905 -0.90791 -0.05199 -0.56977 -0.82016 -0.06543 -0.60088 -0.79666 -0.13503 -0.91974 -0.36856 -0.12556 -0.9153 -0.3827 0.17406 -0.62715 -0.7592 0.04329 -0.06687 -0.99682 0.044 -0.12985 -0.99056 0.10884 -0.05954 -0.99227 0.99963 -0.02508 -0.01093 0.99955 -0.02959 0.00395 0.37687 -0.05181 -0.92482 0.53557 -0.06459 -0.84202 0.67876 -0.05985 -0.73191 0.97975 -0.04739 -0.19451 -0.01434 -0.03768 -0.99919 -0.1321 -0.02204 -0.99099 -0.05192 -0.03066 -0.99818 0.99986 -0.01012 0.01367 0.01701 -0.06313 -0.99786 0.02561 -0.06029 -0.99785 0.02307 -0.0533 -0.99831 0.01015 -0.05921 -0.99819 0.00519 -0.04691 -0.99889 -0.01046 -0.06348 -0.99793 -0.00953 -0.06165 -0.99805 -0.02433 -0.04634 -0.99863 -0.03832 -0.05813 -0.99757 -0.04967 -0.03909 -0.998 0.99963 -0.01114 -0.02481 0.93597 -0.01528 -0.35176 0.95965 -0.01461 -0.28082 0.95644 -0.01463 -0.29157 0.97858 -0.01373 -0.2054 0.97376 -0.0137 -0.22715 0.99013 -0.01312 -0.13956 0.98478 -0.01313 -0.17328 0.99623 -0.01246 -0.08582 0.99383 -0.01256 -0.11016 0.9991 -0.01181 -0.04086 0.91515 -0.01596 -0.40279 0.92865 -0.01554 -0.37062 0.94363 -0.01526 -0.33065 0.81013 -0.01799 -0.58598 0.84576 -0.01751 -0.53327 0.83697 -0.01748 -0.54697 0.86943 -0.01706 -0.49376 0.86358 -0.01707 -0.50392 0.89419 -0.01646 -0.44739 0.88952 -0.01645 -0.45661 0.91381 -0.01602 -0.40583 0.72099 -0.01954 -0.69267 0.74538 -0.01904 -0.66637 0.75704 -0.01896 -0.65309 0.76943 -0.01869 -0.63846 0.78338 -0.01855 -0.62126 0.79487 -0.01827 -0.6065 0.82005 -0.01801 -0.572 0.49766 -0.02268 -0.86707 0.5629 -0.02162 -0.82624 0.54725 -0.02109 -0.83671 0.60443 -0.02158 -0.79637 0.58457 -0.02129 -0.81106 0.639 -0.02067 -0.76893 0.62566 -0.02034 -0.77983 0.68957 -0.02028 -0.72394 0.67037 -0.01988 -0.74176 0.7187 -0.01962 -0.69504 0.44326 -0.02354 -0.89609 0.47709 -0.02303 -0.87855 0.50647 -0.02299 -0.86195 0.32583 -0.02566 -0.94508 0.37278 -0.02568 -0.92757 0.35146 -0.02417 -0.93589 0.40909 -0.02508 -0.91215 0.39261 -0.02444 -0.91938 0.4406 -0.02372 -0.89739 0.28599 -0.02847 -0.95781 0.2999 -0.02645 -0.95361 0.25834 -0.02775 -0.96566 0.24405 -0.02882 -0.96933 0.22961 -0.02815 -0.97288 0.19895 -0.02978 -0.97956 0.19502 -0.02948 -0.98036 0.1612 -0.03043 -0.98645 0.16667 -0.03104 -0.98552 0.13946 -0.03058 -0.98976 0.12809 -0.03183 -0.99125 0.11184 -0.03123 -0.99324 0.08163 -0.03177 -0.99616 0.07291 -0.03281 -0.9968 0.05728 -0.03215 -0.99784 -0.02236 -0.03332 -0.99919 -0.00573 -0.03186 -0.99948 0.01303 -0.03414 -0.99933 -0.01692 -0.0317 -0.99935 -0.03802 -0.03122 -0.99879 -0.037 -0.03159 -0.99882 -0.06802 -0.02817 -0.99729 -0.07344 -0.02856 -0.99689 -0.05683 -0.0291 -0.99796 -0.06224 -0.03075 -0.99759 -0.0501 -0.02975 -0.9983 -0.08372 -0.02677 -0.99613 -0.08712 -0.02684 -0.99584 -0.08169 -0.027 -0.99629 -0.1357 -0.02234 -0.9905 -0.12097 -0.02275 -0.99239 -0.11506 -0.02362 -0.99308 -0.11299 -0.02368 -0.99331 -0.09895 -0.0244 -0.99479 -0.10612 -0.02501 -0.99404 -0.09497 -0.02528 -0.99516 -0.10444 -0.02293 -0.99427 -0.11268 -0.02311 -0.99336 -0.12099 -0.02235 -0.9924 -0.07529 -0.02429 -0.99687 -0.08647 -0.02483 -0.99594 -0.09698 -0.02427 -0.99499 -0.06287 -0.02864 -0.99761 -0.05632 -0.0295 -0.99798 -0.06299 -0.02926 -0.99759 -0.07159 -0.02703 -0.99707 -0.08698 -0.02744 -0.99583 -0.05014 -0.03273 -0.99821 -0.04584 -0.03173 -0.99844 -0.03389 -0.03573 -0.99879 -0.02947 -0.034 -0.99899 0.97736 -0.0477 -0.20613 0.99608 -0.04315 -0.07725 0.99662 -0.03806 0.07277 0.61206 -0.06511 -0.78813 0.61269 -0.06017 -0.78803 0.64479 -0.05985 -0.76201 0.99169 -0.04053 -0.12206 0.9992 -0.03861 -0.00994 0.88434 -0.04701 -0.46447 0.71291 -0.05137 -0.69937 0.99709 -0.03882 -0.06567 0.99624 -0.03923 -0.07719 0.98378 -0.04209 -0.17435 0.97999 -0.04271 -0.1944 0.96641 -0.04424 -0.25317 0.38544 -0.06184 -0.92066 0.42985 -0.06197 -0.90077 0.44023 -0.06214 -0.89573 0.46963 -0.06217 -0.88067 0.48436 -0.06237 -0.87264 0.51535 -0.06232 -0.85471 0.45509 -0.0615 -0.88832 0.56834 -0.0599 -0.82061 0.61269 -0.06017 -0.78803 0.43118 -0.05232 -0.90075 0.45869 -0.05231 -0.88706 0.47092 -0.05249 -0.88061 0.49965 -0.05244 -0.86464 0.5166 -0.05264 -0.85461 0.54625 -0.05254 -0.83597 0.56922 -0.05276 -0.82049 0.59928 -0.05256 -0.79881 0.61357 -0.05266 -0.78788 0.6434 -0.05259 -0.76372 0.64561 -0.0526 -0.76185 0.67494 -0.05247 -0.73601 0.67957 -0.05248 -0.73173 0.70805 -0.05227 -0.70423 0.71536 -0.05226 -0.6968 0.74261 -0.05196 -0.6677 0.75278 -0.05191 -0.65622 0.7783 -0.05152 -0.62578 0.9994 -0.03401 -0.00682 0.99941 -0.03435 0.00104 0.99935 -0.03614 0.00103 0.99932 -0.02697 0.025 0.99512 -0.03021 -0.09396 0.99842 -0.02932 -0.048 0.99799 -0.02952 -0.05606 0.98924 -0.03116 -0.14293 0.98705 -0.03148 -0.15728 0.97621 -0.03243 -0.2144 0.97212 -0.0328 -0.23218 0.96103 -0.03343 -0.27443 0.19896 -0.05321 -0.97856 0.25938 -0.05467 -0.96423 0.25108 -0.05315 -0.96651 0.30484 -0.05436 -0.95085 0.35274 -0.05217 -0.93426 0.34937 -0.05211 -0.93553 0.32675 -0.05002 -0.94379 0.26026 -0.04863 -0.96431 0.26905 -0.05023 -0.96182 0.12707 -0.06013 -0.99007 0.1311 -0.05985 -0.98956 0.15278 -0.06051 -0.98641 0.15992 -0.06007 -0.9853 0.18688 -0.06084 -0.9805 0.19781 -0.06023 -0.97839 0.23428 -0.0612 -0.97024 0.24994 -0.06042 -0.96637 0.28396 -0.06126 -0.95688 0.30383 -0.06103 -0.95077 0.32821 -0.06158 -0.94259 0.35141 -0.06132 -0.93421 0.39518 -0.06217 -0.9165 0.3966 -0.05216 -0.91651 0.42276 -0.05218 -0.90474 0.9998 -0.01981 0.0007 0.99894 -0.02068 -0.04103 0.99257 -0.02182 -0.11968 0.99121 -0.02202 -0.13046 0.98242 -0.02274 -0.18532 0.97975 -0.02299 -0.19889 0.97023 -0.02351 -0.24106 0.96623 -0.02378 -0.25658 0.95117 -0.02436 -0.30771 0.94516 -0.02466 -0.32568 0.92884 -0.02511 -0.36962 0.92071 -0.02542 -0.38941 0.90484 -0.02575 -0.42497 0.89468 -0.02606 -0.44595 0.8787 -0.02631 -0.47665 0.86651 -0.02662 -0.49845 0.85097 -0.0268 -0.52454 0.83686 -0.02711 -0.54675 0.8227 -0.02723 -0.56782 0.80683 -0.02752 -0.59014 0.79436 -0.0276 -0.60682 0.77697 -0.02787 -0.62892 0.76629 -0.02792 -0.64189 0.74757 -0.02818 -0.66359 0.73878 -0.0282 -0.67335 0.71893 -0.02844 -0.6945 0.69901 -0.02846 -0.71455 0.67778 -0.02888 -0.7347 0.64922 -0.02886 -0.76005 0.62675 -0.02925 -0.77867 0.60357 -0.0292 -0.79678 0.58039 -0.02957 -0.8138 0.56195 -0.02951 -0.82664 0.53847 -0.02985 -0.84211 0.52435 -0.02979 -0.85098 0.50085 -0.03012 -0.86501 0.47481 -0.02997 -0.87958 0.45162 -0.03072 -0.89168 0.41828 -0.0305 -0.9078 0.39601 -0.03122 -0.91772 0.37115 -0.03103 -0.92806 0.33017 -0.03234 -0.94337 0.21283 -0.04896 -0.97586 0.19253 -0.0519 -0.97992 0.17106 -0.05136 -0.98392 0.16127 -0.05201 -0.98554 0.13925 -0.05141 -0.98892 0.13245 -0.0519 -0.98983 0.11442 -0.05139 -0.9921 0.11016 -0.05173 -0.99257 0.09284 -0.05121 -0.99436 0.02137 -0.0514 -0.99845 0.02199 -0.04784 -0.99861 0.03627 -0.04835 -0.99817 0.03695 -0.04382 -0.99836 0.06748 -0.04474 -0.99672 0.06803 -0.04033 -0.99687 0.09852 -0.0411 -0.99429 0.10432 -0.04056 -0.99372 0.12238 -0.04098 -0.99164 0.13044 -0.04028 -0.99064 0.14978 -0.04071 -0.98788 0.16041 -0.03986 -0.98625 0.18446 -0.04035 -0.98201 0.19786 -0.03935 -0.97944 0.22922 -0.03994 -0.97256 0.24572 -0.03879 -0.96856 0.28947 -0.03954 -0.95637 0.30944 -0.03826 -0.95015 0.35037 -0.03889 -0.9358 0.37297 -0.03837 -0.92705 0.4029 -0.03878 -0.91442 0.42726 -0.03823 -0.90332 0.45036 -0.03852 -0.89202 0.47577 -0.03838 -0.87873 0.48718 -0.03851 -0.87245 0.51314 -0.03834 -0.85745 0.52882 -0.0385 -0.84786 0.5551 -0.03831 -0.8309 0.57571 -0.03848 -0.81674 0.60191 -0.03825 -0.79765 0.62845 -0.03842 -0.7769 0.65396 -0.03814 -0.75557 0.67182 -0.03822 -0.73973 0.69634 -0.03809 -0.7167 0.70254 -0.03811 -0.71062 0.72607 -0.03794 -0.68657 0.73451 -0.03795 -0.67753 0.75678 -0.03774 -0.65257 0.76753 -0.03772 -0.6399 0.78826 -0.03747 -0.61421 0.80125 -0.03742 -0.59716 0.82012 -0.03712 -0.57099 0.83524 -0.037 -0.54865 0.85189 -0.03667 -0.52244 0.86809 -0.03647 -0.49507 0.88229 -0.0361 -0.46932 0.89907 -0.03579 -0.43634 0.91068 -0.0354 -0.4116 0.92136 -0.03513 -0.38711 0.9376 -0.03452 -0.34601 0.93594 -0.03457 -0.35046 0.95499 -0.03383 -0.2947 0.01598 -0.04591 -0.99882 0.01647 -0.0427 -0.99895 0.03534 -0.04332 -0.99844 0.03575 -0.04018 -0.99855 0.07078 -0.04113 -0.99664 0.07115 -0.03758 -0.99676 0.10456 -0.0383 -0.99378 0.11139 -0.03765 -0.99306 0.13068 -0.03803 -0.99069 0.13981 -0.03721 -0.98948 0.16065 -0.03759 -0.98629 0.17236 -0.03662 -0.98435 0.1981 -0.03705 -0.97948 0.21247 -0.03592 -0.97651 0.24596 -0.03642 -0.9686 0.26321 -0.03515 -0.9641 0.30968 -0.03577 -0.95017 0.33001 -0.03436 -0.94335 0.37328 -0.03488 -0.92706 0.39579 -0.03426 -0.9177 0.42757 -0.03459 -0.90332 0.45139 -0.03393 -0.89168 0.47612 -0.03416 -0.87872 0.5006 -0.03392 -0.86501 0.51349 -0.03403 -0.85742 0.53822 -0.03377 -0.84212 0.55544 -0.03389 -0.83087 0.58014 -0.0336 -0.81382 0.60224 -0.03373 -0.7976 0.62651 -0.03341 -0.7787 0.65428 -0.03351 -0.75551 0.67755 -0.03316 -0.73473 0.69665 -0.03319 -0.71664 0.71869 -0.03301 -0.69455 0.72638 -0.03301 -0.6865 0.74734 -0.0328 -0.66364 0.75708 -0.03278 -0.6525 0.77675 -0.03254 -0.62897 0.78854 -0.03249 -0.61413 0.80662 -0.03222 -0.59019 0.82039 -0.03214 -0.5709 0.83666 -0.03184 -0.5468 0.85214 -0.03169 -0.52235 0.86632 -0.03137 -0.49851 0.88252 -0.03115 -0.46924 0.8945 -0.03081 -0.44601 0.91089 -0.0305 -0.41151 0.92055 -0.03015 -0.38947 0.93779 -0.02969 -0.34593 0.94501 -0.02935 -0.32573 0.9612 -0.02873 -0.27436 0.96609 -0.0284 -0.25663 0.97636 -0.02783 -0.21434 0.97963 -0.02754 -0.19893 0.98938 -0.02671 -0.14288 0.9911 -0.02647 -0.13049 0.99853 -0.02511 -0.04797 0.99885 -0.02496 -0.04105 0.99589 -0.02572 -0.08682 0.98824 -0.01809 0.15187 0.11154 -0.03596 -0.99311 0.11928 -0.03519 -0.99224 0.13995 -0.03552 -0.98952 0.15002 -0.03459 -0.98808 0.17251 -0.03492 -0.98439 0.18517 -0.03382 -0.98213 0.21262 -0.03417 -0.97654 0.22784 -0.03292 -0.97314 0.26336 -0.03331 -0.96412 0.28123 -0.03192 -0.95911 0.33096 -0.03239 -0.94309 0.11937 -0.03372 -0.99228 0.12805 -0.03284 -0.99122 0.15011 -0.03311 -0.98811 0.16114 -0.03206 -0.98641 0.18526 -0.03231 -0.98216 0.1989 -0.03109 -0.97953 0.22794 -0.03134 -0.97317 0.244 -0.02996 -0.96931 0.28134 -0.03022 -0.95913 0.2998 -0.0287 -0.95357 0.33117 -0.02887 -0.94313 0.35131 -0.02812 -0.93584 0.37131 -0.02821 -0.92808 0.39249 -0.02742 -0.91935 0.41845 -0.02751 -0.90782 0.44049 -0.0267 -0.89736 0.47498 -0.02679 -0.87959 0.49755 -0.02595 -0.86705 0.52454 -0.026 -0.85099 0.54709 -0.02558 -0.83668 0.56214 -0.0256 -0.82665 0.58444 -0.02517 -0.81104 0.60375 -0.02516 -0.79677 0.62552 -0.02472 -0.77981 0.6494 -0.02469 -0.76004 0.67024 -0.02424 -0.74175 0.69918 -0.02416 -0.71453 0.71859 -0.02369 -0.69504 0.73896 -0.0236 -0.67333 0.75692 -0.02332 -0.65309 0.76647 -0.02327 -0.64186 0.78326 -0.02297 -0.62126 0.79453 -0.02289 -0.60679 0.81001 -0.02259 -0.58598 0.82287 -0.02248 -0.56779 0.83685 -0.02217 -0.54698 0.85112 -0.02202 -0.5245 0.86347 -0.02171 -0.50393 0.87885 -0.0215 -0.47661 0.88941 -0.02119 -0.45662 0.90498 -0.02092 -0.42494 0.91371 -0.02062 -0.40584 0.92898 -0.02029 -0.36958 0.93587 -0.02 -0.35177 0.95129 -0.01957 -0.30767 0.95635 -0.0193 -0.29159 0.97034 -0.01877 -0.24103 0.97368 -0.01853 -0.22716 0.98252 -0.01806 -0.18529 0.98471 -0.01785 -0.1733 0.99267 -0.01722 -0.11965 0.99377 -0.01706 -0.11018 0.99961 -0.01594 -0.02293 0.99783 -0.01364 0.06438 -0.01522 -0.03612 -0.99923 -0.03261 -0.03801 -0.99875 -0.01807 -0.03861 -0.99909 -0.0177 -0.03638 -0.99918 -0.0314 -0.03937 -0.99873 -0.03057 -0.03349 -0.99897 -0.04147 -0.03595 -0.99849 -0.04118 -0.03361 -0.99859 -0.03484 -0.03386 -0.99882 -0.03488 -0.0342 -0.99881 -0.02023 -0.03477 -0.99919 -0.02606 -0.03614 -0.99901 -0.00471 -0.03694 -0.99931 -0.00921 -0.03797 -0.99924 0.01034 -0.03864 -0.9992 0.0105 -0.0372 -0.99925 0.03651 -0.03792 -0.99861 0.0367 -0.03569 -0.99869 0.06803 -0.03634 -0.99702 -0.05404 -0.02985 -0.99809 -0.05414 -0.03075 -0.99806 -0.04932 -0.03093 -0.9983 -0.04941 -0.03177 -0.99827 -0.04125 -0.03209 -0.99863 -0.04131 -0.03272 -0.99861 -0.02577 -0.03329 -0.99911 -0.0307 -0.03445 -0.99893 -0.00891 -0.03522 -0.99934 -0.01248 -0.03604 -0.99927 0.00888 -0.03671 -0.99929 0.00899 -0.03542 -0.99933 0.03828 -0.03614 -0.99861 0.03843 -0.03384 -0.99869 0.06816 -0.03435 -0.99708 0.07287 -0.03384 -0.99677 -0.03459 -0.03121 -0.99891 -0.03805 -0.03204 -0.99876 -0.01497 -0.03272 -0.99935 -0.01697 -0.03318 -0.99931 0.00824 -0.03383 -0.99939 0.00829 -0.03258 -0.99943 0.0249 -0.03273 -0.99915 -0.13188 -0.02224 -0.99102 -0.1367 -0.02189 -0.99037 -0.12096 -0.02129 -0.99243 -0.13131 -0.02228 -0.99109 -0.10442 -0.02269 -0.99427 -0.11506 -0.0236 -0.99308 -0.08678 -0.02425 -0.99593 -0.09898 -0.02545 -0.99476 -0.07153 -0.02625 -0.99709 -0.08375 -0.02756 -0.99611 -0.05624 -0.02849 -0.99801 -0.06809 -0.02976 -0.99724 -0.04814 -0.03048 -0.99838 -0.05196 -0.03141 -0.99815 -0.03052 -0.03215 -0.99902 -0.0347 -0.03314 -0.99885 -0.0123 -0.03387 -0.99935 -0.01508 -0.03451 -0.99929 0.00816 -0.03518 -0.99935 0.00825 -0.03383 -0.99939 0.04089 -0.03452 -0.99857 0.04094 -0.03327 -0.99861 0.03589 -0.0347 -0.99875 -0.0324 -0.86461 -0.5014 0.00016 -0.48183 -0.87626 -0.00015 -0.48958 -0.87196 -0.01493 -0.51936 -0.85443 -0.015 -0.52198 -0.85283 -0.02874 -0.54847 -0.83568 -0.02874 -0.54825 -0.83582 -0.04129 -0.57148 -0.81958 -0.0413 -0.57035 -0.82036 -0.05186 -0.58919 -0.80633 -0.05186 -0.58923 -0.8063 -0.06087 -0.60487 -0.79399 -0.06068 -0.60782 -0.79175 -0.0696 -0.62302 -0.7791 -0.06855 -0.63298 -0.77113 -0.08264 -0.65639 -0.74988 -0.0745 -0.64983 -0.75642 -0.07937 -0.68403 -0.72512 -0.07384 -0.67521 -0.73392 -0.07805 -0.71162 -0.69821 -0.06716 -0.6949 -0.71597 -0.07113 -0.73967 -0.6692 -0.05836 -0.72109 -0.69038 -0.06162 -0.76655 -0.63922 -0.03845 -0.73473 -0.67727 -0.04174 -0.77406 -0.63174 -0.01933 -0.74446 -0.66739 -0.02273 -0.77759 -0.62836 -0.00311 -0.75257 -0.65851 -0.00646 -0.77999 -0.62576 0.01013 -0.7595 -0.65043 0.007 -0.78164 -0.62369 0.02021 -0.76584 -0.64272 0.01748 -0.78302 -0.62175 0.02676 -0.77226 -0.63474 0.02464 -0.78475 -0.61933 0.02869 -0.78021 -0.62486 0.02736 -0.78819 -0.61483 0.0221 -0.79382 -0.60776 0.05954 -0.19565 -0.97886 0.04257 -0.23955 -0.96995 0.06062 -0.22481 -0.97251 0.04126 -0.27358 -0.96096 0.06003 -0.25903 -0.964 0.03829 -0.31222 -0.94924 0.05654 -0.29889 -0.95261 0.03269 -0.35532 -0.93417 0.04901 -0.34424 -0.9376 0.05828 -0.15401 -0.98635 0.04454 -0.19125 -0.98053 0.0612 -0.17659 -0.98238 0.0448 -0.22003 -0.97446 0.06295 -0.20471 -0.9768 0.04385 -0.25403 -0.9662 0.06272 -0.23886 -0.96903 0.04077 -0.29395 -0.95495 0.05914 -0.28 -0.95818 0.03455 -0.3397 -0.9399 0.051 -0.32804 -0.94328 0.0423 -0.10336 -0.99374 0.0434 -0.08841 -0.99514 0.04208 -0.09241 -0.99483 0.04292 -0.08055 -0.99583 0.04224 -0.08267 -0.99568 0.0475 -0.11984 -0.99166 0.04545 -0.14615 -0.98822 0.04962 -0.13448 -0.98967 0.0472 -0.1649 -0.98518 0.04762 -0.16374 -0.98535 0.05137 -0.18763 -0.9809 0.04298 -0.2098 -0.9768 0.02169 -0.79741 -0.60305 0.00084 -0.81821 -0.57492 -0.00051 -0.81899 -0.5738 -0.03779 -0.85251 -0.52134 -0.0409 -0.85407 -0.51855 0.03938 -0.09152 -0.99502 0.03407 -0.06523 -0.99729 0.04431 -0.09738 -0.99426 0.03534 -0.09573 -0.99478 0.038 -0.0875 -0.99544 0.03581 -0.07659 -0.99642 0.03352 -0.0791 -0.9963 0.03555 -0.07259 -0.99673 0.04285 -0.07358 -0.99637 0.04268 -0.07413 -0.99633 0.04364 -0.06096 -0.99719 0.04836 -0.05519 -0.9973 0.04798 -0.05458 -0.99736 0.04919 -0.05044 -0.99752 0.04912 -0.05032 -0.99752 0.04924 -0.0499 -0.99754 0.04849 -0.04938 -0.9976 0.04757 -0.0528 -0.99747 0.04474 -0.06714 -0.99674 0.04013 -0.05974 -0.99741 0.04182 -0.05403 -0.99766 0.04119 -0.05303 -0.99774 0.04212 -0.04979 -0.99787 0.04179 -0.04927 -0.99791 0.04188 -0.04895 -0.99792 0.03964 -0.05658 -0.99761 0.04062 -0.0525 -0.99779 0.04223 -0.05259 -0.99772 0.0431 -0.06747 -0.99679 0.03315 -0.06629 -0.99725 0.03526 -0.05926 -0.99762 0.0336 -0.05679 -0.99782 0.03483 -0.05252 -0.99801 0.03392 -0.05118 -0.99811 0.03459 -0.04877 -0.99821 0.02431 -0.04751 -0.99857 0.02474 -0.04584 -0.99864 0.03196 -0.04624 -0.99842 0.03128 -0.04894 -0.99831 0.03167 -0.04896 -0.9983 0.03069 -0.05313 -0.99812 0.02931 -0.05307 -0.99816 0.02875 -0.05565 -0.99804 0.01023 -0.04229 -0.99905 0.00925 -0.04251 -0.99905 0.01094 -0.04258 -0.99903 0.0104 -0.04513 -0.99893 0.0086 -0.04504 -0.99895 0.00808 -0.04765 -0.99883 0.0059 -0.04755 -0.99885 0.00646 -0.04454 -0.99899 -0.00587 -0.04729 -0.99886 -0.00474 -0.04032 -0.99918 -0.01426 -0.04249 -0.999 0.02038 -0.05685 -0.99817 0.02155 -0.05257 -0.99838 0.01891 -0.0532 -0.9984 0.01917 -0.04666 -0.99873 0.016 -0.04706 -0.99876 0.01667 -0.04387 -0.9989 0.0219 -0.04412 -0.99879 0.02148 -0.04587 -0.99872 0.0221 -0.0459 -0.9987 0.02134 -0.04928 -0.99856 0.01909 -0.04918 -0.99861 0.01853 -0.05185 -0.99848 0.0173 -0.05179 -0.99851 0.01796 -0.04834 -0.99867 0.00686 -0.05079 -0.99869 0.00812 -0.04342 -0.99902 -0.00015 -0.04528 -0.99897 -0.01504 -0.82723 -0.56165 -0.01515 -0.8273 -0.56156 0.01519 -0.79516 -0.60621 0.02962 -0.77492 -0.63136 0.02255 -0.77654 -0.62966 0.03456 -0.76162 -0.64711 -0.03724 -0.6498 -0.7592 -0.06012 -0.58662 -0.80763 -0.009 -0.47304 -0.881 -0.04021 -0.54605 -0.83678 -0.0667 -0.61599 -0.78492 -0.05018 -0.86009 -0.50766 -0.06105 -0.86754 -0.49361 -0.03365 -0.83974 -0.54195 -0.02579 -0.83533 -0.54915 0.0344 -0.75042 -0.66006 0.02588 -0.7616 -0.64753 0.03205 -0.75908 -0.6502 0.01716 -0.77825 -0.62772 0.01343 -0.7803 -0.62526 0.04225 -0.29705 -0.95393 0.03574 -0.28469 -0.95795 0.05059 -0.2439 -0.96848 0.04602 -0.12018 -0.99168 0.04077 -0.10678 -0.99345 0.04301 -0.09981 -0.99408 0.03125 -0.08774 -0.99565 0.03318 -0.08148 -0.99612 0.02489 -0.07263 -0.99705 0.02593 -0.06912 -0.99727 0.05383 -0.20032 -0.97825 0.04358 -0.22942 -0.97235 0.04493 -0.22953 -0.97227 0.02918 -0.2752 -0.96094 0.02162 -0.27487 -0.96124 0.03939 -0.13894 -0.98952 0.04704 -0.15091 -0.98743 0.03988 -0.17295 -0.98412 0.01584 -0.06559 -0.99772 0.02469 -0.07261 -0.99705 0.02292 -0.07866 -0.99664 0.03537 -0.08807 -0.99549 0.03024 -0.10485 -0.99403 0.0319 -0.10604 -0.99385 0.0437 -0.12537 -0.99115 0.0443 -0.12542 -0.99111 0.05025 -0.14 -0.98888 -0.06985 -0.87346 -0.48187 0.03052 -0.7396 -0.67235 0.02426 -0.74824 -0.66298 0.03357 -0.74526 -0.66592 0.02198 -0.76108 -0.64828 0.02208 -0.76104 -0.64833 0.00528 -0.78413 -0.62058 -0.00821 -0.79169 -0.61086 -0.05597 -0.51037 -0.85813 -0.04168 -0.5109 -0.85863 -0.04041 -0.5116 -0.85827 -0.03216 -0.51208 -0.85833 -0.03108 -0.51306 -0.85779 -0.02678 -0.51347 -0.85769 -0.02587 -0.51466 -0.857 -0.03574 -0.84178 -0.53864 0.04851 -0.77583 -0.62907 -0.00966 -0.82305 -0.56789 -0.00594 -0.75347 -0.65746 0.00677 -0.73012 -0.68329 0.01006 -0.72908 -0.68436 0.02075 -0.71135 -0.70253 0.01048 -0.71356 -0.70051 0.0172 -0.70277 -0.71121 -0.00111 -0.70457 -0.70963 0.00078 -0.70155 -0.71262 -0.04239 -0.64029 -0.76696 -0.02009 -0.6423 -0.76619 -0.03027 -0.66696 -0.74448 -0.05619 -0.62567 -0.77806 -0.02366 -0.62808 -0.77779 -0.05835 -0.61815 -0.78389 -0.0343 -0.61941 -0.78431 -0.06695 -0.61565 -0.78517 -0.0599 -0.61604 -0.78543 -0.09145 -0.61102 -0.78632 0.0235 -0.72823 -0.68493 0.01893 -0.73485 -0.67797 0.0313 -0.73188 -0.68072 0.02179 -0.74559 -0.66605 0.02542 -0.74424 -0.66743 0.01163 -0.76449 -0.64453 0.00167 -0.76923 -0.63896 -0.01455 -0.79503 -0.6064 0.03496 -0.76586 -0.64206 -0.03561 -0.8093 -0.58632 0.01021 -0.79752 -0.60321 0.00818 -0.79877 -0.60158 0.00315 -0.8016 -0.59786 -0.00511 -0.80693 -0.59062 -0.00981 -0.80978 -0.58666 -0.03609 -0.82649 -0.56179 -0.02931 -0.82241 -0.56813 0.08972 -0.73451 -0.67264 0.04002 -0.7744 -0.63143 -0.02882 -0.66065 -0.75014 -0.03139 -0.6652 -0.746 -0.00795 -0.66602 -0.74589 -0.01297 -0.67499 -0.73771 0.00376 -0.67379 -0.73892 -0.00505 -0.69024 -0.72357 -0.0011 -0.68957 -0.72421 -0.01227 -0.71313 -0.70092 0.02269 -0.7043 -0.70954 -0.02678 -0.72048 -0.69296 -0.03718 -0.77973 -0.62501 -0.0329 -0.76762 -0.64007 0.03267 -0.73766 -0.67438 -0.03619 -0.75785 -0.65142 -0.03443 -0.7525 -0.65769 -0.01406 -0.68413 -0.72923 -0.01548 -0.68652 -0.72695 0.0058 -0.68585 -0.72772 0.00018 -0.69538 -0.71864 0.01365 -0.69345 -0.72037 0.00398 -0.71048 -0.70371 0.0043 -0.7104 -0.70378 -0.00754 -0.73371 -0.67942 0.02876 -0.72175 -0.69155 -0.02548 -0.74304 -0.66876 0.01356 -0.71572 -0.69825 0.01042 -0.7205 -0.69337 0.02574 -0.71794 -0.69563 0.01777 -0.73007 -0.68314 0.02478 -0.72803 -0.6851 0.0128 -0.74674 -0.66499 0.00615 -0.74936 -0.66213 -0.00783 -0.77333 -0.63396 0.0346 -0.75232 -0.65789 -0.03617 -0.78979 -0.61231 -0.0527 -0.68666 -0.72506 -0.03485 -0.67073 -0.74089 0.00236 -0.66358 -0.7481 -0.13153 -0.65014 -0.74835 -0.01333 -0.63944 -0.76872 -0.06878 -0.62828 -0.77494 -0.05326 -0.61596 -0.78597 -0.0299 -0.6964 -0.71703 0.01368 -0.68509 -0.72833 -0.02002 -0.69109 -0.7225 -0.0094 -0.66706 -0.74494 -0.01687 -0.66777 -0.74417 -0.00869 -0.65155 -0.75856 -0.02785 -0.65157 -0.75808 -0.02209 -0.6407 -0.76748 -0.05857 -0.63671 -0.76887 -0.07119 -0.61191 -0.78772 -0.06819 -0.61249 -0.78753 -0.07307 -0.60926 -0.7896 -0.07182 -0.60945 -0.78956 -0.07692 -0.60717 -0.79084 -0.07877 -0.60693 -0.79084 -0.08368 -0.60588 -0.79115 -0.06676 -0.59953 -0.79757 -0.0681 -0.59926 -0.79766 -0.06961 -0.59814 -0.79837 -0.07267 -0.59762 -0.79848 -0.07436 -0.59678 -0.79895 -0.08018 -0.59594 -0.79901 -0.08196 -0.59552 -0.79915 0.00622 -0.41304 -0.91069 0.00446 -0.4129 -0.91077 9E-05 -0.40822 -0.91288 -0.00793 -0.40783 -0.91302 -0.01269 -0.40475 -0.91434 -0.03045 -0.40426 -0.91414 0.06103 -0.42027 -0.90535 -0.05177 -0.57002 -0.82 -0.05623 -0.56948 -0.82008 -0.05606 -0.56961 -0.82 -0.06297 -0.56902 -0.81991 -0.06289 -0.56906 -0.81989 -0.07343 -0.56839 -0.81948 -0.0735 -0.56838 -0.81948 -0.09522 -0.56699 -0.8182 -0.1056 -0.56562 -0.81787 -0.06032 -0.5864 -0.80777 -0.0636 -0.58582 -0.80794 -0.06389 -0.5856 -0.80808 -0.06915 -0.58486 -0.80818 -0.06959 -0.58464 -0.8083 -0.07788 -0.58366 -0.80826 -0.07847 -0.58353 -0.80829 -0.08706 -0.58254 -0.80813 -0.09059 -0.58192 -0.80818 -0.08399 -0.51725 -0.8517 -0.0193 -0.51099 -0.85937 -0.05732 -0.51013 -0.85819 -0.04661 -0.38866 -0.9202 -0.05668 -0.38605 -0.92073 -0.087 -0.41233 -0.90687 -0.06039 -0.41921 -0.90588 -0.08459 -0.43996 -0.89402 -0.01119 -0.46989 -0.88266 -0.01447 -0.46959 -0.88276 -0.01697 -0.46712 -0.88403 -0.02528 -0.46667 -0.88407 -0.02806 -0.465 -0.88486 -0.04408 -0.46448 -0.88449 -0.04693 -0.46394 -0.88462 -0.0537 -0.46374 -0.88434 0.00565 -0.47004 -0.88263 -0.0403 -0.54594 -0.83685 -0.04502 -0.54547 -0.83692 -0.04519 -0.54533 -0.837 -0.05302 -0.54483 -0.83687 -0.0533 -0.54468 -0.83695 -0.06578 -0.54416 -0.8364 -0.06624 -0.54408 -0.83641 -0.07048 -0.54392 -0.83617 -0.08772 -0.54191 -0.83584 -0.07825 -0.59652 -0.79877 -0.088 -0.59467 -0.79914 -0.10017 -0.60308 -0.79137 -0.08644 -0.60552 -0.79112 -0.09728 -0.61061 -0.78593 -0.0807 -0.61233 -0.78647 -0.06663 -0.61476 -0.7859 -0.07388 -0.61403 -0.78582 -0.05901 -0.6196 -0.7827 -0.071 -0.61811 -0.78288 -0.05648 -0.62623 -0.77759 -0.07087 -0.62389 -0.77829 -0.05728 -0.63431 -0.77096 -0.04295 -0.85458 -0.51754 -0.04238 -0.85505 -0.51681 -0.00533 -0.82114 -0.5707 -0.00551 -0.82104 -0.57085 0.02048 -0.79431 -0.60717 0.01831 -0.79341 -0.60842 0.03038 -0.77992 -0.62514 0.02833 -0.77548 -0.63073 0.03139 -0.77187 -0.635 0.02969 -0.76323 -0.64544 0.0277 -0.76569 -0.64261 0.02632 -0.7524 -0.65818 0.02054 -0.75984 -0.64979 0.01936 -0.74149 -0.67069 0.01034 -0.75359 -0.65726 0.00923 -0.72967 -0.68373 -0.00271 -0.74639 -0.6655 -0.00388 -0.71639 -0.69769 -0.01853 -0.73781 -0.67475 -0.01985 -0.70109 -0.7128 -0.0358 -0.7255 -0.68729 -0.03714 -0.68224 -0.73018 -0.04794 -0.69969 -0.71284 -0.04823 -0.65794 -0.75152 -0.06075 -0.67902 -0.73161 -0.05997 -0.64593 -0.76104 -0.06424 -0.65331 -0.75436 -0.07149 -0.63129 -0.77225 -0.06731 -0.62388 -0.77861 -0.06936 -0.61534 -0.7852 -0.06307 -0.60405 -0.79444 -0.06356 -0.60134 -0.79646 -0.05612 -0.58775 -0.80709 -0.05616 -0.58749 -0.80728 -0.04678 -0.56991 -0.82038 -0.04669 -0.57066 -0.81986 -0.03449 -0.54694 -0.83646 -0.0345 -0.54689 -0.8365 -0.02025 -0.51798 -0.85515 -0.02041 -0.51543 -0.85669 -0.0041 -0.48075 -0.87685 -0.00437 -0.47366 -0.88069 0.01542 -0.42939 -0.90299 0.01058 -0.41912 -0.90787 0.03578 -0.35853 -0.93283 0.02824 -0.35758 -0.93346 0.02282 -0.34829 -0.93711 0.02261 -0.34827 -0.93712 0.01643 -0.34109 -0.93989 0.00874 -0.34075 -0.94011 0.00202 -0.33605 -0.94184 -0.0174 -0.33559 -0.94185 0.06948 -0.35203 -0.93341 -0.10826 -0.3489 -0.93089 -0.06981 -0.35607 -0.93185 0.0053 -0.07219 -0.99738 0.01795 -0.07842 -0.99676 0.01281 -0.09725 -0.99518 0.02924 -0.10481 -0.99406 0.02189 -0.13066 -0.99119 0.03033 -0.13851 -0.9899 0.02271 -0.16472 -0.98608 0.0316 -0.17256 -0.98449 0.02024 -0.21065 -0.97735 -0.09618 -0.29557 -0.95047 -0.01809 -0.2658 -0.96386 -0.09254 -0.2606 -0.961 -0.08647 -0.2059 -0.97475 -0.15822 -0.20009 -0.96692 -0.03965 -0.16084 -0.98618 -0.21085 -0.14595 -0.96656 -0.0226 -0.12703 -0.99164 -0.02526 -0.06985 -0.99724 -0.01344 -0.07172 -0.99733 -0.01844 -0.09462 -0.99534 -0.00323 -0.09686 -0.99529 -0.01028 -0.12786 -0.99174 -0.00175 -0.1301 -0.9915 -0.00915 -0.16197 -0.98675 -0.00019 -0.16421 -0.98643 -0.01063 -0.20808 -0.97806 -0.00175 -0.21017 -0.97766 -0.01552 -0.26638 -0.96374 0.02032 -0.06296 -0.99781 0.01665 -0.06271 -0.99789 0.01056 -0.0577 -0.99828 -0.00889 -0.05685 -0.99834 -0.00841 -0.05698 -0.99834 -0.0225 -0.05662 -0.99814 -0.03776 -0.05516 -0.99776 -0.08644 -0.05419 -0.99478 -0.09725 -0.07371 -0.99253 -0.11007 -0.11774 -0.98693 -0.06062 -0.09782 -0.99336 0.04158 -0.09469 -0.99464 -0.21795 -0.06913 -0.97351 -0.09602 -0.0681 -0.99305 -0.06615 -0.32905 -0.94199 -0.05129 -0.31577 -0.94745 -0.01959 -0.3165 -0.94839 -0.00737 -0.26818 -0.96334 0.01347 -0.26863 -0.96315 0.02908 -0.21796 -0.97552 0.03685 -0.21832 -0.97518 0.04798 -0.18495 -0.98158 0.04683 -0.18485 -0.98165 0.0532 -0.16627 -0.98465 -0.10378 -0.05347 -0.99316 -0.05632 -0.05346 -0.99698 -0.05859 -0.06879 -0.99591 -0.04931 -0.0694 -0.99637 -0.05305 -0.09346 -0.99421 -0.04117 -0.09419 -0.9947 -0.04644 -0.12664 -0.99086 -0.03966 -0.12732 -0.99107 -0.04518 -0.16074 -0.98596 -0.03804 -0.16143 -0.98615 -0.04568 -0.20689 -0.9773 -0.03861 -0.20754 -0.97746 -0.0485 -0.26525 -0.96296 -0.042 -0.26584 -0.9631 -0.05203 -0.323 -0.94497 -0.05686 -0.31418 -0.94766 -0.00257 -0.03948 -0.99922 -0.00936 -0.04053 -0.99913 -0.00333 -0.04078 -0.99916 -0.00378 -0.04319 -0.99906 -0.00549 -0.04311 -0.99906 -0.00503 -0.04051 -0.99917 -0.01823 -0.04344 -0.99889 -0.01724 -0.03697 -0.99917 -0.02764 -0.03934 -0.99884 -0.02725 -0.0364 -0.99897 -0.01347 -0.03696 -0.99923 -0.0207 -0.03863 -0.99904 0.00072 -0.03948 -0.99922 -0.00521 -0.04083 -0.99915 0.0126 -0.04148 -0.99906 0.01288 -0.03942 -0.99914 0.03552 -0.04011 -0.99856 0.03578 -0.0377 -0.99865 0.07489 -0.03864 -0.99644 0.07499 -0.03738 -0.99648 0.09207 -0.03561 -0.99512 0.09217 -0.03414 -0.99516 0.09873 -0.03344 -0.99455 0.09877 -0.03242 -0.99458 0.09706 -0.03262 -0.99474 -0.14597 -0.94865 -0.28063 -0.18575 -0.9643 -0.18875 -0.04759 -0.87866 -0.47508 -0.19173 -0.9658 -0.17456 -0.13603 -0.97712 -0.16348 -0.10486 -0.95601 -0.27394 -0.06167 -0.91561 -0.39731 -0.00917 -0.88754 -0.46064 -0.02598 -0.96793 -0.24986 -0.02748 -0.96575 -0.258 -0.0138 -0.90251 -0.43045 -0.02843 -0.95951 -0.28024 -0.02474 -0.94124 -0.33683 -0.01922 -0.9209 -0.38932 -0.00563 -0.87656 -0.48126 -0.00486 -0.87416 -0.48561 -0.02243 -0.92087 -0.38923 -0.08153 -0.97449 -0.20909 -0.08942 -0.97624 -0.1974 -0.12282 -0.97666 -0.17622 -0.12971 -0.97748 -0.16648 -0.13304 -0.97751 -0.16363 -0.09339 -0.97653 -0.19406 -0.08008 -0.96043 -0.26676 -0.05593 -0.93069 -0.3615 0.02289 -0.95506 -0.29552 0.04562 -0.94942 -0.31066 0.03657 -0.94517 -0.32452 0.07344 -0.93722 -0.34093 0.06246 -0.93414 -0.35139 0.06013 -0.93279 -0.35537 0.06516 -0.94105 -0.33194 0.06443 -0.94196 -0.32947 0.06061 -0.94328 -0.32641 0.04174 -0.92904 -0.36762 0.0511 -0.94517 -0.32256 0.0467 -0.94909 -0.31153 0.01868 -0.95772 -0.2871 0.01448 -0.9588 -0.2837 0.00735 -0.94195 -0.33567 0.00461 -0.92851 -0.37127 0.00241 -0.91235 -0.40941 0.00277 -0.92112 -0.38926 -0.01647 -0.96434 -0.26414 -0.02401 -0.96757 -0.25147 0.0047 -0.89652 -0.44297 0.00432 -0.89949 -0.43693 -0.01846 -0.91253 -0.40858 -0.01911 -0.91384 -0.40563 0.07838 -0.93331 -0.3504 0.07696 -0.93385 -0.34927 0.07844 -0.93302 -0.35116 0.0745 -0.93082 -0.35781 0.07701 -0.93151 -0.35548 0.08027 -0.92162 -0.3797 0.08149 -0.92694 -0.36626 0.0755 -0.92929 -0.36155 0.078 -0.93003 -0.35911 0.07779 -0.9312 -0.3561 0.24072 -0.92846 -0.28285 0.24755 -0.9252 -0.28761 0.13496 -0.89879 -0.41708 -0.05528 -0.9615 -0.2692 0.23428 -0.92979 -0.28389 0.11843 -0.90104 -0.41725 0.28943 -0.90795 -0.30307 0.27621 -0.91497 -0.29417 0.24114 -0.9118 -0.33239 0.24205 -0.91215 -0.33074 0.2547 -0.92329 -0.2875 0.24952 -0.92581 -0.28392 0.10388 -0.85728 -0.50427 0.10287 -0.85645 -0.50588 0.11868 -0.90701 -0.40404 0.11703 -0.90777 -0.40281 0.10739 -0.90813 -0.40468 0.09702 -0.91247 -0.39748 0.09777 -0.91772 -0.38501 0.09464 -0.91905 -0.38261 -0.03267 -0.89059 -0.45364 -0.02291 -0.89524 -0.44499 -0.01662 -0.89124 -0.45322 -0.00867 -0.89571 -0.44455 -0.00148 -0.89113 -0.45374 0.06706 -0.93051 -0.36006 0.07486 -0.93538 -0.34564 -0.06167 -0.87641 -0.4776 -0.05032 -0.88252 -0.46757 -0.04233 -0.87658 -0.47939 -0.03292 -0.88249 -0.46917 -0.02305 -0.87515 -0.48331 -0.00751 -0.8874 -0.46093 0.00033 -0.88196 -0.47132 0.00437 -0.88677 -0.46219 0.00918 -0.88346 -0.46841 0.01143 -0.88785 -0.45999 -0.06518 -0.94206 -0.32904 -0.05569 -0.93168 -0.35899 -0.05528 -0.93124 -0.36018 -0.02508 -0.89094 -0.45342 -0.00374 -0.87614 -0.48205 -0.00219 -0.87238 -0.48883 0.00602 -0.8661 -0.49983 0.00662 -0.86097 -0.50862 0.00874 -0.85925 -0.51149 -0.03048 -0.8791 -0.47567 -0.00907 -0.85113 -0.52487 -0.1004 -0.94829 -0.30111 -0.0642 -0.91476 -0.39887 -0.02542 -0.89153 -0.45224 -0.00794 -0.86308 -0.50501 0.00424 -0.85322 -0.52153 0.00612 -0.84821 -0.52963 0.00681 -0.8476 -0.53059 0.00754 -0.84102 -0.54095 0.0016 -0.84634 -0.53264 0.05546 -0.89168 -0.44925 -0.00473 -0.86059 -0.50927 -0.01045 -0.8569 -0.51538 -0.03636 -0.84113 -0.53961 -0.04324 -0.83611 -0.54685 -0.07179 -0.81695 -0.57222 -0.046 -0.789 -0.61266 -0.07289 -0.76662 -0.63795 -0.04935 -0.73634 -0.67481 0.08692 -0.88165 -0.46383 0.01451 -0.83713 -0.54681 0.01154 -0.8348 -0.55043 -0.01851 -0.81284 -0.58219 -0.02255 -0.80927 -0.58701 -0.05213 -0.78563 -0.6165 -0.02848 -0.75789 -0.65177 -0.05352 -0.73406 -0.67697 -0.03432 -0.70795 -0.70543 0.05174 -0.91088 -0.40943 -0.01904 -0.88159 -0.47163 -0.02757 -0.87706 -0.47959 -0.04874 -0.86635 -0.49706 -0.05879 -0.8603 -0.50638 -0.08584 -0.84508 -0.5277 -0.06198 -0.82162 -0.56666 -0.09148 -0.80102 -0.59161 -0.06565 -0.77024 -0.63436 -0.10208 -0.82995 -0.54842 -0.0837 -0.84597 -0.52662 -0.09327 -0.855 -0.51018 -0.08245 -0.86591 -0.49336 -0.07029 -0.85503 -0.5138 -0.06161 -0.86524 -0.49756 -0.04706 -0.85231 -0.52092 -0.04078 -0.86191 -0.50541 -0.0269 -0.8496 -0.52673 -0.02289 -0.85857 -0.51218 -0.01033 -0.84749 -0.53071 -0.00836 -0.85579 -0.51725 0.00031 -0.84825 -0.5296 0.01167 -0.88769 -0.4603 0.01243 -0.89162 -0.45261 0.02315 -0.92538 -0.37834 0.02406 -0.93295 -0.35919 0.01843 -0.76202 -0.64729 0.09004 -0.76093 -0.64256 0.0735 -0.77753 -0.62454 0.03474 -0.74206 -0.66943 0.01781 -0.76133 -0.64813 -0.01359 -0.73057 -0.68271 0.03912 -0.80857 -0.5871 0.05431 -0.79454 -0.60477 0.11901 -0.8456 -0.52038 0.14206 -0.83218 -0.536 0.29227 -0.90886 -0.29759 0.33028 -0.88715 -0.32231 -0.15899 -0.49115 -0.85644 -0.05901 -0.61011 -0.79012 0.40566 -0.8558 -0.321 0.05442 -0.67832 -0.73275 0.34284 -0.84846 -0.40319 0.36825 -0.87367 -0.31796 0.34989 -0.88343 -0.31166 0.3145 -0.7645 -0.5627 0.28031 -0.74557 -0.60461 0.2687 -0.75599 -0.59689 0.29997 -0.77212 -0.56022 0.28019 -0.78598 -0.55111 0.32236 -0.80557 -0.49713 0.40223 -0.83535 -0.3747 0.46922 -0.8204 -0.32676 0.46268 -0.81885 -0.33971 0.43775 -0.81663 -0.37615 0.45205 -0.82833 -0.33093 0.44733 -0.83173 -0.32883 0.08364 -0.69582 -0.71333 0.08021 -0.69271 -0.71675 0.05429 -0.79452 -0.6048 0.07274 -0.77676 -0.62559 0.14095 -0.83128 -0.53769 0.16323 -0.81749 -0.55233 0.35707 -0.89305 -0.2738 0.18558 -0.80537 -0.56297 0.21018 -0.78511 -0.5826 0.2156 -0.78863 -0.57583 0.2415 -0.76604 -0.5957 0.21796 -0.75163 -0.62253 0.23359 -0.73611 -0.63528 0.11179 -0.64618 -0.75496 0.24751 -0.72896 -0.63824 0.26924 -0.71229 -0.64819 0.33847 -0.74824 -0.57059 0.30335 -0.72905 -0.61356 0.49564 -0.80424 -0.32794 0.46406 -0.79538 -0.38989 0.53213 -0.77779 -0.33448 0.52914 -0.78035 -0.33326 0.30689 -0.67643 -0.66953 0.38134 -0.71435 -0.58675 0.34297 -0.69339 -0.63371 0.54208 -0.7724 -0.33097 0.51927 -0.76575 -0.37945 0.49489 -0.74366 -0.4495 0.28888 -0.69497 -0.65845 0.3607 -0.73178 -0.57827 0.32387 -0.71173 -0.62333 0.47228 -0.77763 -0.41501 0.48013 -0.78143 -0.39856 0.19413 -0.64442 -0.73962 0.17951 -0.66416 -0.72571 0.17672 -0.6624 -0.728 0.16136 -0.68228 -0.71306 0.51778 -0.76567 -0.38166 0.37088 -0.72322 -0.58258 0.33237 -0.70429 -0.6273 0.2972 -0.6854 -0.66475 0.19779 -0.6169 -0.76179 0.25 -0.65049 -0.71719 0.26537 -0.62979 -0.73003 0.15498 -0.61777 -0.77094 0.15405 -0.617 -0.77174 0.14035 -0.63733 -0.7577 0.13818 -0.63555 -0.7596 0.11232 -0.71813 -0.68678 0.09451 -0.73824 -0.66789 0.06431 -0.7126 -0.69861 -0.00536 -0.65994 -0.7513 0.02179 -0.68665 -0.72666 0.02014 -0.68545 -0.72784 0.04018 -0.62833 -0.77691 0.03051 -0.61679 -0.78654 0.04356 -0.59549 -0.80218 0.02721 -0.648 -0.76116 0.04433 -0.65497 -0.75436 0.01212 -0.63623 -0.77141 -0.00467 -0.66157 -0.74987 -0.00548 -0.66101 -0.75035 0.10513 -0.58169 -0.80659 0.10506 -0.58161 -0.80665 0.09247 -0.60242 -0.7928 0.09122 -0.60108 -0.79396 0.07828 -0.62163 -0.77939 0.1238 -0.65601 -0.74453 0.12091 -0.6536 -0.74712 0.15759 -0.67983 -0.71624 0.1407 -0.70072 -0.69943 0.06956 -0.55471 -0.82913 0.07012 -0.55539 -0.82863 0.05821 -0.57645 -0.81505 0.05757 -0.57569 -0.81564 0.0454 -0.59639 -0.80141 0.07578 -0.62028 -0.78071 0.06205 -0.64119 -0.76487 0.1052 -0.67501 -0.73027 0.10184 -0.67213 -0.73339 0.13644 -0.69783 -0.70315 0.11657 -0.72123 -0.68282 0.21262 -0.68581 -0.69603 0.19611 -0.70532 -0.68122 0.192 -0.7028 -0.68499 0.17371 -0.72343 -0.66819 0.16911 -0.72048 -0.67254 0.14735 -0.74379 -0.65197 0.14254 -0.74049 -0.65678 0.12286 -0.76061 -0.63747 0.10527 -0.7478 -0.65553 0.09136 -0.76223 -0.64082 0.04958 -0.72529 -0.68665 0.03505 -0.74242 -0.66902 0.00203 -0.70987 -0.70433 0.00224 -0.71001 -0.70419 -0.02202 -0.68517 -0.72805 -0.10959 -0.93091 -0.34843 -0.16755 -0.95071 -0.26093 -0.16416 -0.94911 -0.26876 0.01319 -0.81655 -0.57713 -0.09429 -0.94548 -0.31173 -0.03025 -0.88061 -0.47288 -0.0086 -0.86447 -0.50261 0.00555 -0.83813 -0.54545 0.01022 -0.83394 -0.55176 0.01299 -0.82701 -0.56204 0.00738 -0.83227 -0.55432 0.00912 -0.82367 -0.567 -0.00225 -0.83457 -0.5509 -0.00203 -0.82471 -0.56556 -0.01619 -0.83845 -0.54474 -0.01779 -0.82757 -0.56107 -0.03348 -0.8429 -0.53703 -0.03716 -0.83108 -0.55491 -0.05367 -0.84729 -0.52842 -0.05965 -0.83452 -0.54774 -0.07654 -0.85121 -0.51922 -0.08499 -0.83746 -0.53985 -0.09931 -0.85178 -0.51441 -0.10993 -0.83697 -0.5361 -0.10286 -0.82948 -0.54899 -0.1121 -0.81421 -0.56964 -0.09565 -0.795 -0.59901 -0.10173 -0.78169 -0.61531 -0.08199 -0.75644 -0.6489 -0.08543 -0.74624 -0.66017 -0.06632 -0.71998 -0.69082 -0.06806 -0.71315 -0.6977 -0.05191 -0.6898 -0.72214 -0.05698 -0.66485 -0.7448 0.04285 -0.53313 -0.84494 0.04366 -0.535 -0.84372 0.03208 -0.55635 -0.83033 0.03196 -0.55608 -0.83051 0.01986 -0.57755 -0.81612 0.01915 -0.57602 -0.81721 0.00627 -0.59798 -0.80149 0.00528 -0.59591 -0.80304 -0.00869 -0.61882 -0.78548 -0.00951 -0.6171 -0.78683 -0.02515 -0.64187 -0.7664 -0.0252 -0.64176 -0.76649 -0.04063 -0.6655 -0.74529 -0.02134 -0.68553 -0.72773 -0.03639 -0.70679 -0.70648 -0.01215 -0.73148 -0.68175 -0.03175 -0.75589 -0.65393 -0.00143 -0.7836 -0.62127 0.00057 -0.78566 -0.61866 -0.01515 -0.77152 -0.63603 0.02944 -0.81956 -0.57224 0.09176 -0.86369 -0.49559 0.09118 -0.86325 -0.49648 0.22685 -0.92577 -0.30247 0.23316 -0.92882 -0.28797 0.02501 -0.51799 -0.85502 0.02596 -0.52079 -0.85329 0.01428 -0.54286 -0.8397 0.0144 -0.54318 -0.83949 0.00239 -0.56499 -0.82509 0.00198 -0.5639 -0.82584 -0.01054 -0.58578 -0.8104 -0.0112 -0.58412 -0.81159 -0.02438 -0.60629 -0.79487 -0.02485 -0.60511 -0.79575 -0.03914 -0.62837 -0.77693 -0.03889 -0.62902 -0.77642 -0.05854 -0.66002 -0.74896 -0.05631 -0.66553 -0.74424 -0.0774 -0.69744 -0.71245 -0.07596 -0.70579 -0.70434 -0.09296 -0.73019 -0.67689 -0.09 -0.74247 -0.6638 -0.10724 -0.76567 -0.63423 -0.1018 -0.78165 -0.61536 -0.11566 -0.79879 -0.59039 -0.10715 -0.81714 -0.56639 -0.11245 -0.82312 -0.55663 -0.10248 -0.84092 -0.53137 -0.08708 -0.82459 -0.55899 -0.07922 -0.84091 -0.53535 -0.06137 -0.8223 -0.56573 -0.05589 -0.83725 -0.54395 -0.03848 -0.81927 -0.57212 -0.03519 -0.83295 -0.55223 -0.01856 -0.81591 -0.57788 -0.01725 -0.82832 -0.55999 -0.00196 -0.81279 -0.58256 -0.00237 -0.82389 -0.56674 0.01062 -0.81083 -0.58518 0.00878 -0.82045 -0.57165 0.01729 -0.81205 -0.58334 0.01446 -0.81981 -0.57245 0.01391 -0.82033 -0.57172 0.00529 -0.83959 -0.54319 -0.00862 -0.8515 -0.52429 -0.03015 -0.88048 -0.47313 0.56218 -0.72888 -0.39076 0.41121 -0.6857 -0.60059 0.37061 -0.66583 -0.64754 0.33211 -0.64535 -0.68791 0.33231 -0.64548 -0.68769 0.3238 -0.6562 -0.68158 0.40087 -0.69537 -0.59646 0.36204 -0.67403 -0.6439 0.56397 -0.75557 -0.33323 0.51443 -0.73806 -0.43661 0.34901 -0.62201 -0.70093 0.3494 -0.62226 -0.70051 0.38732 -0.64236 -0.66132 0.43132 -0.66395 -0.61085 0.58439 -0.70788 -0.39673 0.59992 -0.72278 -0.34306 0.56774 -0.68142 -0.46188 0.60757 -0.68383 -0.40402 0.45265 -0.63919 -0.62173 0.4085 -0.61763 -0.67206 0.3672 -0.59594 -0.71416 0.36686 -0.59572 -0.71451 0.3864 -0.56595 -0.72829 0.38652 -0.56603 -0.72816 0.42927 -0.58817 -0.68541 0.47579 -0.6107 -0.63298 0.63282 -0.65598 -0.41138 0.65111 -0.67509 -0.34687 0.19216 -0.55056 -0.81238 0.27634 -0.61303 -0.74015 0.26466 -0.62939 -0.73063 0.21739 -0.59939 -0.77037 0.31521 -0.66641 -0.67568 0.35124 -0.68565 -0.63759 0.39149 -0.70536 -0.59093 0.54036 -0.74794 -0.38549 0.55507 -0.76086 -0.33613 0.20367 -0.52417 -0.8269 0.29075 -0.58849 -0.75442 0.28261 -0.60049 -0.74802 0.34054 -0.63398 -0.69434 0.3408 -0.63414 -0.69406 0.42054 -0.6746 -0.60668 0.38177 -0.65316 -0.65394 0.58617 -0.73731 -0.33583 0.56131 -0.72885 -0.39206 0.21323 -0.49324 -0.84335 0.30581 -0.56101 -0.76926 0.29708 -0.57455 -0.76265 0.35765 -0.60925 -0.70774 0.35817 -0.60958 -0.7072 0.44098 -0.65145 -0.61737 0.39919 -0.62817 -0.66787 0.60945 -0.71693 -0.33849 0.58489 -0.70789 -0.39596 0.22416 -0.45959 -0.85937 0.32213 -0.53009 -0.78437 0.3128 -0.5454 -0.77762 0.37626 -0.5812 -0.72155 0.37676 -0.58152 -0.72104 0.46322 -0.62484 -0.62849 0.42119 -0.60144 -0.67887 0.63485 -0.69317 -0.34131 0.58386 -0.67107 -0.45691 0.74588 -0.64566 -0.16368 0.73555 -0.64266 -0.21436 0.75498 -0.61291 -0.23312 0.76396 -0.61404 -0.1983 0.77063 -0.61606 -0.16312 0.76333 -0.62545 -0.16168 0.76256 -0.62556 -0.16484 0.75232 -0.63837 -0.16276 0.77238 -0.59693 -0.21704 0.78279 -0.60067 -0.1626 0.77832 -0.60667 -0.16175 0.50125 -0.57949 -0.6426 0.40717 -0.53342 -0.7414 0.40715 -0.53341 -0.74142 0.52565 -0.54718 -0.65138 0.42753 -0.50022 -0.75299 0.42785 -0.50041 -0.75268 0.7848 -0.58074 -0.21639 0.79494 -0.58477 -0.16159 0.78925 -0.59272 -0.16055 0.79632 -0.56416 -0.21817 0.80692 -0.56835 -0.16078 0.80122 -0.57664 -0.15979 0.80875 -0.54705 -0.21603 0.81856 -0.55171 -0.15994 0.8131 -0.55998 -0.15903 0.44766 -0.46681 -0.76269 0.4484 -0.46725 -0.76198 0.54857 -0.51351 -0.65983 0.5497 -0.5141 -0.65843 0.5603 -0.4966 -0.66291 0.2438 -0.42937 -0.8696 0.33951 -0.49653 -0.79887 0.33003 -0.51304 -0.79238 0.39673 -0.54987 -0.73501 0.39687 -0.54996 -0.73487 0.48722 -0.59461 -0.63957 0.44265 -0.57001 -0.69221 0.62078 -0.65361 -0.43294 0.62411 -0.65581 -0.42473 0.26498 -0.40048 -0.87716 0.35677 -0.46284 -0.81148 0.3478 -0.47944 -0.80571 0.41758 -0.51695 -0.74726 0.41735 -0.51681 -0.74747 0.51353 -0.56343 -0.64718 0.51276 -0.56301 -0.64815 0.28531 -0.37159 -0.88347 0.37382 -0.42939 -0.82212 0.36532 -0.4461 -0.81703 0.43814 -0.48387 -0.75756 0.43758 -0.48353 -0.75811 0.53774 -0.53077 -0.65508 0.53669 -0.53022 -0.65638 0.4676 -0.43323 -0.7705 0.46875 -0.43389 -0.76943 0.47709 -0.41736 -0.77343 0.83224 -0.51138 -0.21415 0.84747 -0.50751 -0.15565 0.84068 -0.51612 -0.16395 0.8404 -0.51852 -0.15766 0.83456 -0.52814 -0.15678 0.83409 -0.52815 -0.15924 0.82474 -0.54306 -0.15776 0.85645 -0.4918 -0.15691 0.85691 -0.49181 -0.15434 0.86371 -0.4795 -0.15523 0.85469 -0.47368 -0.21242 0.86221 -0.47203 -0.1838 0.3104 -0.30744 -0.89952 0.51076 -0.40983 -0.75575 0.50198 -0.42744 -0.75187 0.33773 -0.28375 -0.89745 0.53103 -0.37576 -0.75948 0.52275 -0.39358 -0.75619 0.87611 -0.43313 -0.21173 0.88516 -0.43964 -0.15237 0.87845 -0.45313 -0.15164 0.87802 -0.4531 -0.15419 0.87207 -0.46469 -0.15347 0.88494 -0.41154 -0.21799 0.89687 -0.41575 -0.15095 0.89064 -0.42913 -0.15036 0.89639 -0.38879 -0.21289 0.90595 -0.39618 -0.14928 0.90221 -0.40475 -0.14898 0.91694 -0.3642 -0.16304 0.91935 -0.36466 -0.14772 0.91135 -0.38441 -0.14721 0.57151 -0.30476 -0.7619 0.56385 -0.32401 -0.75966 0.3617 -0.25801 -0.89588 0.55123 -0.34096 -0.76151 0.54329 -0.35934 -0.75875 0.57208 -0.47954 -0.66541 0.57349 -0.48026 -0.66368 0.58362 -0.46222 -0.66764 0.58523 -0.46302 -0.66568 0.5951 -0.44476 -0.66936 0.59689 -0.44564 -0.66718 0.60651 -0.42714 -0.6706 0.60838 -0.42803 -0.66833 0.61773 -0.4093 -0.67147 0.61983 -0.41028 -0.66895 0.629 -0.39114 -0.67184 0.63118 -0.39214 -0.66921 0.64018 -0.37252 -0.67186 0.64249 -0.37354 -0.66908 0.65131 -0.35345 -0.67146 0.65376 -0.35449 -0.66853 0.66249 -0.33365 -0.67067 0.66507 -0.3347 -0.66758 0.67381 -0.31274 -0.66946 0.45742 -0.40731 -0.79049 0.46965 -0.38147 -0.79618 0.4728 -0.38278 -0.79369 0.48826 -0.34812 -0.80026 0.49217 -0.34962 -0.79721 0.50689 -0.31421 -0.8027 0.51161 -0.31585 -0.79906 0.43023 -0.28538 -0.85642 0.5617 -0.49732 -0.66118 0.45767 -0.45006 -0.7668 0.45855 -0.45057 -0.76598 0.38283 -0.41305 -0.82634 0.39086 -0.39628 -0.83078 0.3055 -0.34312 -0.88822 0.40016 -0.38026 -0.83383 0.41131 -0.35536 -0.83937 0.41381 -0.35636 -0.83772 0.42786 -0.32317 -0.84409 0.4312 -0.3244 -0.84192 0.44439 -0.29125 -0.84717 0.4685 -0.2998 -0.83104 0.22308 -0.60318 -0.76577 0.23782 -0.5806 -0.77868 0.23522 -0.57907 -0.78061 0.25052 -0.55452 -0.79356 0.24744 -0.55274 -0.79577 0.2637 -0.52532 -0.80901 0.26061 -0.52357 -0.81114 0.27789 -0.49284 -0.82455 0.27508 -0.4913 -0.82641 0.29253 -0.45848 -0.83918 0.29055 -0.45743 -0.84044 0.30707 -0.42456 -0.85174 0.30593 -0.42399 -0.85243 0.32148 -0.39126 -0.8623 0.32118 -0.39112 -0.86248 0.33576 -0.35866 -0.87099 0.33646 -0.35897 -0.87059 0.35005 -0.32695 -0.87782 0.35165 -0.32761 -0.87693 0.36432 -0.29606 -0.88296 0.36688 -0.29702 -0.88157 0.37883 -0.26554 -0.88655 0.38223 -0.26667 -0.88475 0.19218 -0.55054 -0.81238 0.18882 -0.54781 -0.81502 0.20271 -0.52346 -0.82759 0.19873 -0.52024 -0.83058 0.2134 -0.49328 -0.84329 0.20938 -0.49008 -0.84616 0.22493 -0.46002 -0.85894 0.2213 -0.45718 -0.8614 0.23701 -0.42519 -0.87352 0.23402 -0.42291 -0.87543 0.24886 -0.39107 -0.88608 0.24668 -0.38946 -0.8874 0.26062 -0.35797 -0.89662 0.2593 -0.35702 -0.89738 0.27236 -0.326 -0.90529 0.27193 -0.32571 -0.90552 0.2841 -0.2953 -0.91219 0.28459 -0.29561 -0.91193 0.29592 -0.26587 -0.91747 0.29726 -0.26668 -0.9168 0.30794 -0.23724 -0.92135 0.91646 -0.33839 -0.21352 0.92667 -0.34659 -0.14544 0.92471 -0.35182 -0.14535 0.93482 -0.28555 -0.21111 0.95014 -0.27921 -0.13884 0.93913 -0.28799 -0.18732 0.9455 -0.29344 -0.14113 0.93968 -0.31157 -0.14114 0.93932 -0.3115 -0.14369 0.93178 -0.33346 -0.14352 0.69627 -0.2688 -0.66554 0.68805 -0.29197 -0.66434 0.59241 -0.26561 -0.76059 0.71692 -0.22579 -0.65958 0.71002 -0.24782 -0.65913 0.61288 -0.22561 -0.75728 0.95566 -0.25977 -0.13865 0.95598 -0.25984 -0.13632 0.96035 -0.24334 -0.13606 0.95264 -0.23676 -0.19086 0.96109 -0.2333 -0.14789 0.96531 -0.1973 -0.17104 0.97059 -0.20209 -0.13085 0.96771 -0.2152 -0.13121 0.96744 -0.21513 -0.13337 0.96486 -0.22626 -0.13362 0.97242 -0.18176 -0.14613 0.97478 -0.18264 -0.12827 0.97261 -0.19359 -0.12862 0.73473 -0.18851 -0.65164 0.7296 -0.2071 -0.65176 0.6316 -0.18886 -0.75194 0.79029 -0.14832 -0.59451 0.78653 -0.16495 -0.59512 0.74878 -0.16183 -0.64276 0.7458 -0.17392 -0.64307 0.64786 -0.15891 -0.745 0.3372 -0.18181 -0.92371 0.72624 -0.20616 -0.6558 0.72019 -0.22678 -0.65567 0.62613 -0.20738 -0.75164 0.43349 -0.17287 -0.88442 0.57129 -0.20573 -0.79455 0.56422 -0.20427 -0.79996 0.5247 -0.19504 -0.82864 0.51785 -0.19361 -0.83327 0.48313 -0.18535 -0.8557 0.47664 -0.18398 -0.85963 0.4306 -0.17283 -0.88584 0.42452 -0.17172 -0.88898 0.3744 -0.15938 -0.91347 0.34581 -0.15415 -0.92555 0.33005 -0.14901 -0.93213 0.13674 -0.51156 -0.84829 0.13243 -0.50681 -0.85183 0.14462 -0.48318 -0.86349 0.13971 -0.47775 -0.86732 0.15245 -0.45196 -0.87891 0.14741 -0.44642 -0.8826 0.16084 -0.41795 -0.89412 0.15614 -0.41284 -0.89732 0.16971 -0.38271 -0.90815 0.16561 -0.37834 -0.91073 0.17838 -0.34866 -0.92012 0.17501 -0.34516 -0.92208 0.18697 -0.31609 -0.93012 0.18442 -0.31353 -0.9315 0.19559 -0.28516 -0.93831 0.19387 -0.2835 -0.93917 0.20424 -0.25599 -0.94486 0.20336 -0.25518 -0.94527 0.21299 -0.22856 -0.94994 0.09774 -0.48186 -0.87078 0.09269 -0.47554 -0.8748 0.1039 -0.45245 -0.88572 0.09819 -0.44526 -0.89 0.10974 -0.42047 -0.90065 0.10389 -0.41311 -0.90473 0.11597 -0.38608 -0.91514 0.11042 -0.37918 -0.91871 0.12258 -0.35081 -0.92839 0.11761 -0.34474 -0.9313 0.12899 -0.3171 -0.93958 0.12475 -0.31204 -0.94184 0.13534 -0.28526 -0.94885 0.13188 -0.28126 -0.95053 0.14173 -0.25539 -0.95639 0.13908 -0.25244 -0.95757 0.14818 -0.22762 -0.96241 0.05108 -0.43778 -0.89763 0.04721 -0.42426 -0.90431 0.05556 -0.40598 -0.91219 0.0513 -0.39046 -0.91919 0.05915 -0.37265 -0.92608 0.05481 -0.35643 -0.93271 0.06263 -0.33804 -0.93905 0.05848 -0.32232 -0.94482 0.06623 -0.30344 -0.95055 0.06243 -0.28904 -0.95528 0.06955 -0.27112 -0.96003 0.06617 -0.25845 -0.96376 0.0728 -0.24124 -0.96773 0.06869 -0.45809 -0.88625 0.06455 -0.44719 -0.8921 0.07365 -0.42774 -0.9009 0.06904 -0.41525 -0.90709 0.07808 -0.39517 -0.91529 0.07337 -0.38217 -0.92118 0.08271 -0.36058 -0.92905 0.07821 -0.3481 -0.93419 0.08765 -0.32546 -0.94149 0.08355 -0.31416 -0.94569 0.09237 -0.29223 -0.95188 0.08876 -0.28243 -0.95517 0.09703 -0.26114 -0.96041 0.09396 -0.25299 -0.9629 0.10173 -0.23229 -0.96731 0.07361 -0.20495 -0.976 0.07947 -0.18881 -0.97879 0.10457 -0.20085 -0.97402 0.11139 -0.18149 -0.97706 0.15365 -0.20077 -0.96751 0.16149 -0.17786 -0.97071 0.22265 -0.20305 -0.95352 0.23128 -0.17727 -0.9566 0.32338 -0.21038 -0.92258 0.33333 -0.18006 -0.92546 0.40916 -0.20277 -0.88965 0.41435 -0.20399 -0.88696 0.45976 -0.21731 -0.86104 0.46554 -0.21882 -0.85755 0.50002 -0.22876 -0.83525 0.50603 -0.23032 -0.8312 0.54536 -0.24145 -0.80267 0.55162 -0.24304 -0.7979 0.4001 -0.19912 -0.89458 0.60606 -0.24637 -0.7563 0.69926 -0.26983 -0.66198 0.70694 -0.24683 -0.6628 0.06986 -0.23046 -0.97057 0.07608 -0.2138 -0.97391 0.09923 -0.2258 -0.96911 0.10651 -0.20575 -0.97279 0.14633 -0.22563 -0.96316 0.15473 -0.20189 -0.96711 0.21291 -0.22849 -0.94998 0.22196 -0.20248 -0.9538 0.31014 -0.23847 -0.9203 0.32036 -0.20885 -0.92399 0.39369 -0.23467 -0.88879 0.39801 -0.2359 -0.88653 0.44277 -0.25133 -0.86069 0.44755 -0.25283 -0.85777 0.48181 -0.26442 -0.83543 0.48701 -0.26603 -0.83189 0.52587 -0.27895 -0.80352 0.53143 -0.28063 -0.79927 0.37911 -0.22872 -0.89664 0.58484 -0.28644 -0.75889 0.67651 -0.31378 -0.66624 0.68513 -0.2909 -0.66781 0.01894 -0.81034 -0.58565 -0.00481 -0.83271 -0.55369 -0.00406 -0.83423 -0.5514 -0.04154 -0.86538 -0.4994 0.01333 -0.5039 -0.86366 0.01314 -0.50991 -0.86013 0.0015 -0.53255 -0.8464 0.00147 -0.53397 -0.8455 -0.01075 -0.55681 -0.83057 -0.01074 -0.55567 -0.83134 -0.02336 -0.57834 -0.81546 -0.02337 -0.5763 -0.8169 -0.03599 -0.59814 -0.80059 -0.03601 -0.59708 -0.80137 -0.04864 -0.61829 -0.78444 -0.04858 -0.62015 -0.78298 -0.06439 -0.64599 -0.76063 -0.06382 -0.65518 -0.75278 -0.0786 -0.67851 -0.73038 -0.08132 -0.69404 -0.71533 -0.09 -0.70715 -0.70131 -0.09335 -0.72989 -0.67716 -0.09963 -0.73887 -0.66644 -0.1029 -0.76857 -0.63144 -0.10384 -0.76981 -0.62977 -0.10616 -0.80418 -0.58482 -0.09927 -0.79576 -0.59742 -0.10056 -0.82915 -0.5499 -0.0752 -0.80002 -0.59524 -0.07745 -0.82997 -0.5524 -0.05101 -0.80034 -0.59737 -0.05435 -0.82695 -0.55964 -0.02962 -0.7997 -0.59967 -0.03383 -0.82313 -0.56685 -0.01117 -0.7985 -0.60189 -0.01599 -0.81883 -0.57382 0.00413 -0.79725 -0.60363 -0.00103 -0.81445 -0.58024 0.0158 -0.79664 -0.60425 0.01059 -0.8107 -0.58537 0.02244 -0.79839 -0.60172 0.01757 -0.809 -0.58754 0.01746 -0.80911 -0.5874 0.00991 -0.82646 -0.56291 -0.08278 -0.87946 -0.46871 -0.08366 -0.89001 -0.4482 -0.09585 -0.90044 -0.42429 -0.06352 -0.85848 -0.50889 -0.03503 -0.85259 -0.52141 -0.03642 -0.855 -0.51735 -0.03721 -0.85245 -0.52148 -0.0549 -0.87241 -0.48568 -0.06193 -0.87259 -0.48452 0.00057 -0.81949 -0.5731 0.00145 -0.82045 -0.57172 0.00384 -0.82013 -0.57217 -0.02727 -0.84787 -0.5295 -0.03291 -0.8553 -0.51708 -0.0549 -0.87251 -0.48549 -0.11422 -0.92226 -0.36931 -0.17984 -0.94723 -0.26534 -0.15073 -0.93644 -0.31681 -0.17576 -0.93985 -0.29288 -0.07987 -0.88482 -0.45904 0.12371 -0.6882 -0.71489 0.22929 -0.53907 -0.81045 -0.10788 -0.8992 -0.42402 -0.08887 -0.89035 -0.44652 -0.08629 -0.88886 -0.44998 -0.08598 -0.88871 -0.45033 -0.08497 -0.88817 -0.45159 -0.0633 -0.88204 -0.46689 -0.33397 -0.942 0.03318 0.40001 -0.11236 -0.9096 -0.2754 -0.95908 -0.0657 -0.30368 -0.95252 -0.02204 -0.36803 0.21309 0.90507 0.0042 -0.4913 -0.87098 0.00376 -0.49871 -0.86676 -0.00923 -0.52429 -0.85149 -0.00934 -0.52657 -0.85008 -0.02224 -0.55091 -0.83427 -0.02222 -0.55035 -0.83464 -0.03479 -0.57315 -0.81871 -0.03476 -0.57165 -0.81976 -0.04634 -0.59188 -0.80469 -0.04634 -0.59153 -0.80495 -0.05704 -0.60973 -0.79055 -0.05699 -0.61246 -0.78844 -0.06914 -0.63266 -0.77133 -0.06859 -0.64292 -0.76285 -0.0783 -0.65865 -0.74836 -0.08172 -0.67634 -0.73204 -0.08494 -0.68138 -0.72698 -0.08939 -0.70754 -0.701 -0.08902 -0.70698 -0.70161 -0.09399 -0.742 -0.66378 -0.088 -0.73345 -0.67402 -0.09265 -0.77517 -0.62492 -0.08147 -0.7603 -0.64444 -0.08532 -0.80167 -0.59165 -0.05909 -0.76884 -0.63671 -0.06335 -0.80525 -0.58954 -0.03702 -0.77334 -0.63291 -0.04176 -0.80484 -0.59201 -0.01782 -0.77657 -0.62977 -0.02285 -0.80349 -0.59487 -0.00159 -0.77897 -0.62706 -0.00669 -0.80155 -0.59789 0.01149 -0.78103 -0.62439 0.00657 -0.79942 -0.60073 0.02106 -0.78342 -0.62113 0.01658 -0.79768 -0.60285 0.02596 -0.78758 -0.61567 0.0222 -0.79772 -0.60262 0.0222 -0.79772 -0.60262 0.01964 -0.80334 -0.5952 0.00122 -0.82126 -0.57056 -0.00301 -0.82959 -0.55837 -0.03277 -0.8553 -0.5171 -0.0415 -0.865 -0.50006 -0.14903 -0.93025 -0.3353 -0.14438 -0.94519 -0.29287 -0.10321 -0.90995 -0.40168 -0.01963 -0.85207 -0.52306 -0.00773 -0.83491 -0.55033 -0.01108 -0.84501 -0.53463 -0.03126 -0.8698 -0.49241 -0.03142 -0.87004 -0.49197 -0.06207 -0.90169 -0.4279 -0.06162 -0.90124 -0.42892 -0.09581 -0.93006 -0.3547 -0.13634 -0.95693 -0.25629 -0.13571 -0.95665 -0.25768 -0.08791 -0.92821 -0.36153 -0.20308 -0.97307 -0.10908 0.04091 -0.43471 -0.89964 0.05035 -0.22162 -0.97383 0.05314 -0.23821 -0.96976 0.04873 -0.24967 -0.9671 0.05185 -0.26822 -0.96196 0.04667 -0.28132 -0.95848 0.05007 -0.30134 -0.9522 0.04433 -0.31541 -0.94792 0.04792 -0.33589 -0.94068 0.0413 -0.35157 -0.93525 0.04488 -0.37102 -0.92754 0.03675 -0.38965 -0.92023 0.04008 -0.40649 -0.91278 0.0181 -0.45456 -0.89053 0.49396 -0.78265 -0.37876 0.349 -0.73985 -0.57517 0.31326 -0.72215 -0.61673 0.27776 -0.70291 -0.6548 0.17395 -0.63047 -0.75647 0.23402 -0.66987 -0.70463 0.24934 -0.6501 -0.71777 0.2103 -0.62532 -0.75149 0.22472 -0.60416 -0.76452 0.18099 -0.57503 -0.79786 0.1787 -0.57316 -0.79972 0.12791 -0.53737 -0.83359 0.12473 -0.53389 -0.83631 0.09039 -0.50885 -0.8561 0.08653 -0.50406 -0.85932 0.06234 -0.48622 -0.87161 0.05906 -0.47792 -0.87641 0.04485 -0.46786 -0.88266 0.04172 -0.45752 -0.88822 0.03067 -0.4502 -0.8924 0.04376 -0.422 -0.90554 0.04022 -0.40658 -0.91273 0.04828 -0.38852 -0.92017 0.04443 -0.37076 -0.92766 0.0515 -0.35435 -0.93369 0.04762 -0.33571 -0.94076 0.05426 -0.31976 -0.94594 0.05054 -0.30161 -0.95209 0.0569 -0.28583 -0.95659 0.0535 -0.2691 -0.96163 0.05917 -0.25458 -0.96524 0.05613 -0.23972 -0.96922 0.06132 -0.22601 -0.97219 0.05866 -0.21322 -0.97524 0.06352 -0.20003 -0.97773 0.05505 -0.15498 -0.98638 0.05596 -0.14936 -0.9872 0.04696 -0.17408 -0.98361 0.05462 -0.16731 -0.98439 0.04183 -0.20147 -0.9786 0.05619 -0.18927 -0.98032 0.04132 -0.22806 -0.97277 0.05746 -0.21493 -0.97494 0.04021 -0.25877 -0.9651 0.05782 -0.24513 -0.96776 0.03853 -0.29283 -0.95539 0.05683 -0.27943 -0.95848 0.03567 -0.33021 -0.94323 0.05346 -0.31801 -0.94658 0.03073 -0.37076 -0.92822 0.04662 -0.36067 -0.93153 0.04292 -0.11577 -0.99235 0.04571 -0.10763 -0.99314 0.04257 -0.10701 -0.99335 0.03885 -0.11803 -0.99225 0.04439 -0.11261 -0.99265 0.04906 -0.13436 -0.98972 0.04867 -0.13548 -0.98958 0.05246 -0.15269 -0.98688 0.05114 -0.15637 -0.98637 0.05546 -0.17525 -0.98296 0.05251 -0.1833 -0.98165 0.05731 -0.20336 -0.97743 0.05209 -0.21726 -0.97472 0.05723 -0.23752 -0.9697 0.04867 -0.25967 -0.96447 0.05387 -0.27871 -0.95886 0.04115 -0.31054 -0.94967 0.04602 -0.32682 -0.94396 0.02466 -0.37809 -0.92544 0.02916 -0.3792 -0.92485 0.03363 -0.39557 -0.91782 0.02379 -0.40169 -0.91547 0.03786 -0.40708 -0.91261 0.01579 -0.42926 -0.90304 0.02321 -0.42537 -0.90472 0.04487 -0.3772 -0.92505 0.02982 -0.38599 -0.92202 0.051 -0.33712 -0.94008 0.03412 -0.34783 -0.93694 0.05425 -0.29978 -0.95246 0.03689 -0.31161 -0.94949 0.05566 -0.2654 -0.96253 0.03896 -0.27751 -0.95993 0.05606 -0.23417 -0.97058 0.04077 -0.24588 -0.96844 0.0557 -0.20697 -0.97676 0.04213 -0.21789 -0.97506 0.0503 -0.19608 -0.9793 0.05183 -0.19674 -0.97909 0.05545 -0.18678 -0.98084 0.06125 -0.18938 -0.97999 0.06585 -0.17655 -0.98209 0.07747 -0.1818 -0.98028 0.08298 -0.1662 -0.98259 0.11 -0.17805 -0.97785 0.11647 -0.15916 -0.98036 0.16113 -0.1775 -0.97084 0.16854 -0.15514 -0.97341 0.23271 -0.17839 -0.95605 0.23971 -0.15667 -0.95812 0.26819 -0.16081 -0.94985 0.27586 -0.13598 -0.95153 0.27972 -0.13634 -0.95035 0.28634 -0.11392 -0.95133 0.33729 -0.12443 -0.93314 0.34264 -0.12514 -0.9311 0.38212 -0.13318 -0.91446 0.38816 -0.13401 -0.91179 0.43904 -0.14424 -0.88682 0.44574 -0.14517 -0.88331 0.49229 -0.15438 -0.85663 0.4995 -0.15559 -0.85223 0.53436 -0.16236 -0.82952 0.54188 -0.16361 -0.82438 0.58153 -0.17117 -0.79532 0.58917 -0.17241 -0.7894 0.47946 -0.15118 -0.86445 0.64394 -0.17357 -0.74513 0.7381 -0.1894 -0.64756 0.74235 -0.17305 -0.64728 0.96704 -0.16384 -0.19491 0.97694 -0.17242 -0.12596 0.97631 -0.17585 -0.12608 0.98369 -0.13643 -0.11718 0.97629 -0.14355 -0.16203 0.97381 -0.14405 -0.17589 0.98108 -0.15085 -0.12137 0.97939 -0.16114 -0.12177 0.80686 -0.13182 -0.57585 0.73475 -0.12414 -0.66689 0.74209 -0.12515 -0.65851 0.6821 -0.11843 -0.7216 0.74144 -0.65023 -0.16575 0.57696 -0.65215 -0.49174 0.59886 -0.61825 -0.50905 0.6034 -0.6201 -0.50138 0.61685 -0.60426 -0.50434 0.6171 -0.60436 -0.50393 0.63019 -0.58829 -0.50672 0.63065 -0.58848 -0.50594 0.64351 -0.57204 -0.50859 0.64399 -0.57224 -0.50776 0.65663 -0.5554 -0.51027 0.65725 -0.55565 -0.50919 0.66963 -0.53844 -0.51154 0.67032 -0.53872 -0.51034 0.68245 -0.52111 -0.51255 0.68329 -0.52146 -0.51108 0.69516 -0.50342 -0.51314 0.69623 -0.50386 -0.51126 0.70779 -0.48547 -0.51317 0.70873 -0.48585 -0.51152 0.72001 -0.46706 -0.51327 0.72128 -0.46757 -0.51102 0.73224 -0.44838 -0.51262 0.73344 -0.44885 -0.51049 0.74418 -0.42908 -0.51195 0.74558 -0.42962 -0.50945 0.75612 -0.40916 -0.51075 0.75767 -0.40974 -0.50799 0.76796 -0.3886 -0.50914 0.76955 -0.38918 -0.50629 0.77971 -0.36704 -0.50729 0.78138 -0.36763 -0.50428 0.79151 -0.34406 -0.50511 0.7933 -0.34467 -0.50188 0.80321 -0.3199 -0.50251 0.80519 -0.32053 -0.49892 0.81452 -0.29533 -0.49933 0.81661 -0.29596 -0.49554 0.82517 -0.27082 -0.49573 0.82745 -0.27146 -0.49156 0.83498 -0.24737 -0.49154 0.83732 -0.24799 -0.48723 0.84379 -0.22546 -0.48703 0.84616 -0.22606 -0.4826 0.8515 -0.20578 -0.48229 0.85399 -0.20638 -0.47761 0.8583 -0.18861 -0.47723 0.86079 -0.18918 -0.47249 0.86417 -0.17414 -0.47211 0.86657 -0.17467 -0.46749 0.87026 -0.15686 -0.46695 0.87507 -0.15761 -0.45761 0.87868 -0.13824 -0.45696 0.98812 -0.10821 -0.10909 0.98749 -0.11361 -0.10934 0.52031 -0.10714 -0.84723 0.48033 -0.10184 -0.87116 0.48502 -0.08225 -0.87063 0.56345 -0.11254 -0.81845 0.53612 -0.10898 -0.83708 0.54113 -0.08754 -0.83637 0.50037 -0.08335 -0.86179 0.50251 -0.07374 -0.86142 0.35917 -0.08682 -0.92922 0.3717 -0.08808 -0.92417 0.4061 -0.09278 -0.90911 0.98717 -0.10708 -0.11842 0.98495 -0.10498 -0.13734 0.98902 -0.10341 -0.10554 0.98947 -0.09925 -0.10535 0.98726 -0.09674 -0.12632 0.99019 -0.09546 -0.10204 0.83732 -0.09335 -0.53868 0.74125 -0.09041 -0.66511 0.77639 -0.09281 -0.62338 0.76297 -0.09211 -0.63984 0.71874 -0.08903 -0.68956 0.99054 -0.09197 -0.10188 0.98886 -0.09003 -0.11852 0.99115 -0.08887 -0.09858 0.99213 -0.08113 -0.09536 0.99196 -0.0831 -0.09545 0.98965 -0.08463 -0.11591 0.99068 -0.0852 -0.1063 0.99141 -0.08608 -0.09846 0.91443 -0.08724 -0.39522 0.91111 -0.08695 -0.40289 0.9106 -0.09135 -0.40307 0.90701 -0.091 -0.41115 0.90633 -0.09657 -0.41138 0.90255 -0.09616 -0.41972 0.90161 -0.10336 -0.42001 0.89767 -0.10288 -0.42848 0.84877 -0.08581 -0.52176 0.79745 -0.08567 -0.59727 0.79011 -0.08534 -0.60699 0.77769 -0.08497 -0.62288 0.73376 -0.08283 -0.67434 0.71993 -0.08233 -0.68915 0.6827 -0.08033 -0.72627 0.24128 -0.10596 -0.96465 0.24612 -0.08909 -0.96514 0.30048 -0.09846 -0.94869 0.30543 -0.08029 -0.94882 0.31637 -0.08091 -0.94518 0.32002 -0.06667 -0.94506 0.33153 -0.06695 -0.94107 0.33289 -0.0614 -0.94097 0.28711 -0.05866 -0.9561 0.28741 -0.05745 -0.95608 0.27766 -0.05753 -0.95896 0.27655 -0.06196 -0.959 0.26685 -0.06183 -0.96175 0.26352 -0.07447 -0.96177 0.25445 -0.07406 -0.96425 0.2499 -0.0905 -0.96403 0.43847 -0.07738 -0.89541 0.44038 -0.06909 -0.89515 0.45445 -0.06977 -0.88804 0.45485 -0.06796 -0.88797 0.46844 -0.06837 -0.88085 0.46837 -0.06872 -0.88086 0.73095 -0.14147 -0.66761 0.66253 -0.13268 -0.73719 0.40748 -0.09113 -0.90866 0.62764 -0.1203 -0.76915 0.63299 -0.09626 -0.76815 0.60101 -0.0931 -0.7938 0.60352 -0.08109 -0.79321 0.575 -0.07885 -0.81435 0.57582 -0.07476 -0.81415 0.55092 -0.07321 -0.83134 0.55117 -0.07193 -0.83128 0.54193 -0.07151 -0.83738 0.54185 -0.07193 -0.83739 0.51692 -0.07114 -0.85307 0.95142 -0.07282 -0.29915 0.90762 -0.07478 -0.41308 0.91363 -0.07474 -0.39962 0.86798 -0.07567 -0.4908 0.87572 -0.07574 -0.47684 0.81354 -0.07603 -0.57652 0.82325 -0.07623 -0.56254 0.75978 -0.07577 -0.64575 0.77091 -0.07611 -0.63239 0.6114 -0.11846 -0.7824 0.57967 -0.11441 -0.80678 0.58484 -0.09172 -0.80594 0.55708 -0.08892 -0.82569 0.55946 -0.07786 -0.82519 0.51758 -0.07448 -0.85239 0.51817 -0.07167 -0.85227 0.51515 -0.07142 -0.85412 0.51533 -0.07051 -0.85408 0.4938 -0.06948 -0.86679 0.49354 -0.07082 -0.86683 0.89033 -0.12401 -0.43811 0.80964 -0.11728 -0.57509 0.81576 -0.11801 -0.56622 0.74489 -0.11141 -0.65782 0.75212 -0.11231 -0.64939 0.68482 -0.10567 -0.72101 0.53734 -0.08638 -0.83893 0.64906 -0.0976 -0.75445 0.65169 -0.08455 -0.75376 0.61914 -0.08206 -0.78098 0.62009 -0.0772 -0.78072 0.59072 -0.07544 -0.80334 0.59111 -0.07344 -0.80324 0.57832 -0.07289 -0.81254 0.57834 -0.07279 -0.81254 0.56608 -0.07244 -0.82116 0.56596 -0.0731 -0.82118 0.51676 -0.07199 -0.8531 0.41437 -0.06839 -0.90754 0.37502 -0.0677 -0.92454 0.37542 -0.06773 -0.92438 0.32852 -0.06577 -0.9422 0.23744 -0.05675 -0.96974 0.2306 -0.05456 -0.97152 0.23046 -0.05513 -0.97152 0.22335 -0.05276 -0.97331 0.22183 -0.05863 -0.97332 0.21478 -0.05615 -0.97505 0.21116 -0.06956 -0.97497 0.2047 -0.0671 -0.97652 0.20014 -0.08322 -0.97623 0.19753 -0.08143 -0.97691 0.19298 -0.09703 -0.97639 0.1908 -0.09544 -0.97698 0.18513 -0.1143 -0.97604 0.18351 -0.11303 -0.9765 0.17695 -0.13414 -0.97504 0.26181 -0.06365 -0.96302 0.31235 -0.06591 -0.94768 0.31323 -0.06192 -0.94766 0.35488 -0.06421 -0.93271 0.35546 -0.06163 -0.93266 0.99288 -0.06543 -0.09952 0.95941 -0.06654 -0.27404 0.97869 -0.06388 -0.19516 0.97898 -0.0598 -0.19498 0.58816 -0.0733 -0.80542 0.60293 -0.07357 -0.7944 0.60298 -0.07324 -0.79438 0.61868 -0.07364 -0.78218 0.61855 -0.07435 -0.78222 0.63547 -0.07503 -0.76847 0.63496 -0.07784 -0.76862 0.66816 -0.07974 -0.73973 0.66709 -0.08548 -0.74006 0.70398 -0.08819 -0.70472 0.70221 -0.0975 -0.70526 0.7611 -0.10257 -0.64047 0.75412 -0.10178 -0.6488 0.82367 -0.10742 -0.55681 0.81775 -0.10678 -0.56558 0.89635 -0.1124 -0.42887 0.89217 -0.11186 -0.43763 0.98243 -0.11528 -0.1468 0.98639 -0.11947 -0.11295 0.4035 -0.06598 -0.9126 0.40373 -0.06498 -0.91257 0.41627 -0.06535 -0.90689 0.41601 -0.06654 -0.90692 0.43957 -0.06728 -0.89568 0.43916 -0.06933 -0.89573 0.46092 -0.06967 -0.8847 0.46066 -0.07098 -0.88473 0.53812 -0.07294 -0.83971 0.53821 -0.07241 -0.8397 0.58818 -0.07314 -0.80541 0.60857 -0.07315 -0.79012 0.62532 -0.07331 -0.77692 0.6457 -0.07325 -0.76007 0.99924 -0.03886 -0.00252 0.99917 -0.04078 -0.00253 0.98441 -0.04797 -0.16925 0.99078 -0.03876 0.12983 0.98396 -0.05432 -0.16992 0.99851 -0.05001 -0.02176 0.99836 -0.05099 0.0262 0.99568 -0.04878 0.07902 0.99114 -0.06093 -0.118 0.9967 -0.05841 0.05643 0.99779 -0.06244 -0.02257 0.99173 -0.07188 -0.10635 0.99501 -0.07008 -0.071 0.99706 -0.07168 -0.02726 0.97417 -0.05486 -0.21907 0.97082 -0.05533 -0.23332 0.9706 -0.05863 -0.23343 0.96664 -0.05915 -0.24921 0.96641 -0.06242 -0.24933 0.96129 -0.06643 -0.2674 0.96157 -0.06297 -0.26726 0.99239 -0.0567 -0.10928 0.99259 -0.05333 -0.1092 0.99037 -0.0397 0.13267 0.99458 -0.04945 -0.09144 0.99473 -0.04651 -0.09138 0.97437 -0.05147 -0.21897 0.97717 -0.05108 -0.20622 0.88329 -0.07154 -0.46333 0.89576 -0.07122 -0.43879 0.89604 -0.06843 -0.43866 0.90654 -0.068 -0.4166 0.90682 -0.065 -0.41647 0.91578 -0.06454 -0.39646 0.91607 -0.06111 -0.39632 0.92378 -0.06069 -0.37808 0.92408 -0.05685 -0.37794 0.93076 -0.05649 -0.36124 0.93104 -0.05249 -0.36111 0.93688 -0.0522 -0.34574 0.93712 -0.04842 -0.34563 0.78157 -0.07377 -0.61943 0.80016 -0.07382 -0.59522 0.80042 -0.07181 -0.59512 0.81667 -0.07168 -0.57263 0.81698 -0.06905 -0.57252 0.83125 -0.06883 -0.55162 0.83162 -0.06539 -0.55148 0.84427 -0.06514 -0.53194 0.84468 -0.06099 -0.53179 0.85595 -0.06077 -0.51347 0.85636 -0.05624 -0.51332 0.83264 -0.07301 -0.54898 0.8486 -0.07287 -0.52399 0.84888 -0.07048 -0.52387 0.86255 -0.07019 -0.50108 0.86285 -0.06738 -0.50095 0.87473 -0.06703 -0.47995 0.87507 -0.06358 -0.47981 0.8854 -0.06323 -0.4605 0.88576 -0.05921 -0.46035 0.89487 -0.05891 -0.44242 0.89522 -0.05462 -0.44227 0.90328 -0.05438 -0.4256 0.90358 -0.05015 -0.42546 0.92538 -0.04539 -0.3763 0.94697 -0.04424 -0.31826 0.98604 -0.04184 -0.16117 0.95964 -0.04494 -0.27762 0.95934 -0.05013 -0.27776 0.95521 -0.05044 -0.29158 0.95498 -0.05417 -0.2917 0.95016 -0.05456 -0.30695 0.94991 -0.05821 -0.30707 0.9443 -0.05867 -0.32382 0.94404 -0.06206 -0.32395 0.9374 -0.06257 -0.34258 0.93714 -0.06571 -0.34271 0.92928 -0.06622 -0.3634 0.92899 -0.06932 -0.36354 0.91958 -0.06977 -0.38667 0.68734 -0.074 -0.72255 0.70885 -0.07437 -0.70142 0.70905 -0.073 -0.70137 0.72837 -0.07315 -0.68127 0.72868 -0.07089 -0.68118 0.74605 -0.07092 -0.66211 0.74646 -0.06755 -0.66199 0.99679 -0.07528 -0.02731 0.98995 -0.07869 -0.11754 0.98467 -0.07927 -0.15537 0.91499 -0.08216 -0.39501 0.92139 -0.08239 -0.3798 0.84931 -0.08188 -0.52151 0.85859 -0.08221 -0.50603 0.79083 -0.08065 -0.6067 0.80225 -0.08117 -0.59144 0.73439 -0.079 -0.67411 0.74724 -0.07967 -0.65976 0.68324 -0.07724 -0.72609 0.65305 -0.07548 -0.75355 0.66271 -0.07585 -0.74503 0.66294 -0.07444 -0.74496 0.64332 -0.07401 -0.76201 0.64336 -0.07374 -0.762 0.66551 -0.07423 -0.74269 0.66568 -0.07314 -0.74265 0.68568 -0.07341 -0.72419 0.68598 -0.07132 -0.72412 0.57686 -0.07198 -0.81367 0.57735 -0.06868 -0.8136 0.628 -0.06893 -0.77516 0.64561 -0.06874 -0.76057 0.66508 -0.06873 -0.7436 0.6824 -0.06847 -0.72777 0.72135 -0.06822 -0.6892 0.72187 -0.06386 -0.68907 0.77708 -0.06316 -0.62623 0.77758 -0.05832 -0.62608 0.82916 -0.05734 -0.55606 0.82974 -0.05065 -0.55585 0.85021 -0.05008 -0.52406 0.70652 -0.07504 -0.70371 0.71022 -0.07518 -0.69995 0.71005 -0.07628 -0.70001 0.75953 -0.07749 -0.64584 0.74765 -0.07702 -0.65961 0.81324 -0.07823 -0.57665 0.80272 -0.07789 -0.59124 0.86765 -0.0784 -0.49096 0.8591 -0.07823 -0.50579 0.90727 -0.07794 -0.41326 0.92187 -0.07796 -0.37959 0.94724 -0.07652 -0.31125 0.96449 -0.07548 -0.25309 0.97635 -0.07038 -0.20442 -0.53009 0.069 0.84513 0.95166 -0.07015 -0.29902 0.95511 -0.06996 -0.28788 0.91386 -0.07246 -0.3995 0.91932 -0.07235 -0.3868 0.87595 -0.07378 -0.47673 0.88305 -0.07377 -0.46345 0.82345 -0.07468 -0.56245 0.83242 -0.07479 -0.54907 0.77108 -0.07491 -0.63232 0.78139 -0.07514 -0.61951 0.73347 -0.07486 -0.67558 0.73359 -0.07405 -0.67554 0.75402 -0.07426 -0.65264 0.75425 -0.07258 -0.65257 0.7723 -0.0726 -0.63109 0.77261 -0.07016 -0.63099 0.78867 -0.07007 -0.61081 0.78907 -0.06665 -0.61068 0.80348 -0.06652 -0.5916 0.80393 -0.06226 -0.59145 0.21898 -0.06691 -0.97343 0.26365 -0.06855 -0.96218 0.26079 -0.06835 -0.96297 0.30419 -0.0686 -0.95014 0.32776 -0.06938 -0.94221 0.35704 -0.06953 -0.9315 0.37495 -0.07008 -0.92439 0.40828 -0.07064 -0.91012 0.41389 -0.0708 -0.90757 0.45012 -0.07134 -0.89012 0.48543 -0.07221 -0.87129 0.4996 -0.07216 -0.86325 0.55802 -0.07316 -0.8266 0.55831 -0.07137 -0.82656 0.60878 -0.0718 -0.79009 0.6276 -0.07169 -0.77523 0.64593 -0.07175 -0.76002 0.66469 -0.07156 -0.74368 0.70421 -0.07146 -0.70638 0.70465 -0.06815 -0.70628 0.76224 -0.06752 -0.64376 0.76273 -0.0632 -0.64362 0.81693 -0.06213 -0.57339 0.81738 -0.05743 -0.57323 0.86643 -0.05607 -0.49614 0.86679 -0.05158 -0.49599 0.91072 -0.04998 -0.40999 0.91097 -0.04613 -0.40988 0.90906 -0.04624 -0.41408 0.46522 -0.10029 -0.8795 0.41988 -0.09418 -0.90268 0.42426 -0.07637 -0.90232 0.38883 -0.07261 -0.91844 0.39054 -0.06538 -0.91826 0.3444 -0.06142 -0.93681 0.34431 -0.06181 -0.93682 0.29653 -0.05842 -0.95324 0.29573 -0.06182 -0.95327 0.25045 -0.05923 -0.96632 0.24922 -0.06456 -0.96629 0.20476 -0.06249 -0.97682 0.20364 -0.06742 -0.97672 0.17659 -0.06636 -0.98204 0.13466 -0.06549 -0.98873 0.16643 -0.06678 -0.98379 0.16733 -0.06291 -0.98389 0.17691 -0.06498 -0.98208 0.17833 -0.05912 -0.98219 0.17051 -0.05613 -0.98376 0.17086 -0.05472 -0.98377 0.16682 -0.0516 -0.98464 0.16658 -0.05253 -0.98463 0.16227 -0.04915 -0.98552 0.1607 -0.05496 -0.98547 0.15644 -0.05155 -0.98634 0.15294 -0.06407 -0.98616 0.1492 -0.06096 -0.98693 0.14488 -0.07578 -0.98654 0.14368 -0.07349 -0.98689 0.13949 -0.0875 -0.98635 0.1386 -0.08575 -0.98663 0.13357 -0.10213 -0.98576 0.13308 -0.10111 -0.98593 0.12743 -0.11904 -0.98468 0.12737 -0.11893 -0.9847 0.12136 -0.13749 -0.98304 0.0509 -0.15342 -0.98685 0.04921 -0.14246 -0.98858 0.05156 -0.13571 -0.98941 0.05018 -0.12684 -0.99065 0.05254 -0.1199 -0.99139 0.05143 -0.11292 -0.99227 0.05381 -0.10578 -0.99293 0.05295 -0.10049 -0.99353 0.05538 -0.09306 -0.99412 0.05474 -0.08928 -0.9945 0.05713 -0.08181 -0.99501 0.05669 -0.07935 -0.99523 0.05893 -0.07223 -0.99565 0.05867 -0.07085 -0.99576 0.06062 -0.06454 -0.99607 0.06051 -0.06399 -0.99611 0.06273 -0.05662 -0.99642 0.0629 -0.05687 -0.9964 0.06469 -0.05073 -0.99662 0.06519 -0.05149 -0.99654 0.06573 -0.04959 -0.9966 0.07104 -0.13645 -0.9881 0.0699 -0.1314 -0.98886 0.07397 -0.1192 -0.99011 0.07314 -0.11567 -0.99059 0.07714 -0.10342 -0.99164 0.07661 -0.10126 -0.99191 0.08043 -0.08929 -0.99275 0.08018 -0.08832 -0.99286 0.08365 -0.07722 -0.9935 0.08365 -0.07722 -0.9935 0.0866 -0.06755 -0.99395 0.08681 -0.06829 -0.99388 0.08998 -0.05767 -0.99427 0.0912 -0.05922 -0.99407 0.09375 -0.05037 -0.99432 0.09537 -0.05238 -0.99406 0.09633 -0.04895 -0.99415 0.09794 -0.05091 -0.99389 0.09775 -0.05161 -0.99387 0.09906 -0.05319 -0.99366 0.09829 -0.05611 -0.99357 0.10022 -0.05718 -0.99332 0.09931 -0.06082 -0.9932 0.10013 -0.06126 -0.99309 0.0993 -0.06474 -0.99295 0.07241 -0.06356 -0.99535 0.07264 -0.06248 -0.9954 0.04457 -0.06137 -0.99712 0.0455 -0.05653 -0.99736 0.06721 -0.05182 -0.99639 0.06612 -0.0511 -0.9965 0.06499 -0.05533 -0.99635 0.06414 -0.05477 -0.99644 0.06308 -0.05895 -0.99627 0.06104 -0.05762 -0.99647 0.06045 -0.06006 -0.99636 0.05834 -0.14549 -0.98764 0.05693 -0.13755 -0.98886 0.06014 -0.12805 -0.98994 0.05903 -0.12192 -0.99078 0.06219 -0.11235 -0.99172 0.06135 -0.10785 -0.99227 0.0645 -0.09812 -0.99308 0.06391 -0.09507 -0.99342 0.06696 -0.08546 -0.99409 0.06659 -0.08369 -0.99426 0.06939 -0.07467 -0.99479 0.06924 -0.07393 -0.99486 0.07164 -0.06602 -0.99524 0.07166 -0.06607 -0.99524 0.07431 -0.05715 -0.9956 0.07491 -0.05801 -0.9955 0.07704 -0.05059 -0.99574 0.078 -0.05195 -0.9956 0.07872 -0.04936 -0.99567 0.07964 -0.05065 -0.99554 0.07932 -0.05182 -0.9955 0.07993 -0.05267 -0.99541 0.07907 -0.05595 -0.9953 0.07941 -0.05615 -0.99526 0.0784 -0.06018 -0.9951 0.07759 -0.05968 -0.9952 0.07688 -0.06269 -0.99507 0.0528 -0.06163 -0.9967 0.05325 -0.05953 -0.99681 0.06492 -0.05724 -0.99625 0.06826 -0.05825 -0.99597 0.06725 -0.06357 -0.99571 0.09879 -0.06478 -0.993 0.09878 -0.06482 -0.993 0.12997 -0.06615 -0.98931 0.13087 -0.06239 -0.98944 0.12781 -0.06097 -0.98992 0.12858 -0.0579 -0.99001 0.12443 -0.05595 -0.99065 0.12507 -0.05355 -0.9907 0.12275 -0.05126 -0.99111 0.12278 -0.05116 -0.99111 0.12018 -0.04855 -0.99156 0.11896 -0.05294 -0.99149 0.11638 -0.05029 -0.99193 0.11339 -0.0607 -0.9917 0.11127 -0.05846 -0.99207 0.10755 -0.07089 -0.99167 0.10702 -0.06946 -0.99183 0.10349 -0.08101 -0.99133 0.10321 -0.08023 -0.99142 0.09903 -0.09361 -0.99067 0.09906 -0.0937 -0.99066 0.09441 -0.10824 -0.98963 0.09478 -0.1094 -0.98947 0.08986 -0.12441 -0.98815 0.0906 -0.12681 -0.98778 0.08556 -0.14185 -0.98618 0.06603 -0.0506 -0.99653 0.09081 -0.05138 -0.99454 0.08953 -0.05898 -0.99424 0.0983 -0.06034 -0.99333 0.0974 -0.06503 -0.99312 0.12593 -0.06606 -0.98984 0.13429 -0.06722 -0.98866 0.1517 -0.06624 -0.9862 0.17644 -0.06706 -0.98202 0.18582 -0.06659 -0.98033 0.21883 -0.06763 -0.97342 0.23324 -0.067 -0.97011 0.26378 -0.06789 -0.96219 0.28283 -0.06779 -0.95677 0.30424 -0.06836 -0.95014 0.32709 -0.06825 -0.94253 0.35714 -0.06898 -0.9315 0.3843 -0.06882 -0.92064 0.40852 -0.06934 -0.91011 0.43908 -0.06953 -0.89576 0.4504 -0.06973 -0.8901 0.48323 -0.06986 -0.8727 0.46307 -0.06953 -0.88359 0.53497 -0.06874 -0.84207 0.59483 -0.06922 -0.80087 0.59546 -0.06461 -0.80078 0.64613 -0.06476 -0.76047 0.81785 -0.06033 -0.57227 0.6832 -0.06207 -0.72759 0.71436 -0.06172 -0.69705 0.51992 -0.06092 -0.85204 0.7521 -0.05882 -0.65642 0.79074 -0.0583 -0.60937 0.79139 -0.05138 -0.60915 0.81464 -0.0509 -0.57773 0.98553 -0.12609 -0.11325 0.97877 -0.12803 -0.16004 0.88587 -0.12339 -0.44723 0.88327 -0.13892 -0.4478 0.80052 -0.13099 -0.58481 0.79672 -0.14925 -0.58564 0.72352 -0.14034 -0.67589 0.71975 -0.1563 -0.67641 0.6589 -0.14762 -0.73761 0.53356 -0.13466 -0.83497 0.60459 -0.14598 -0.78305 0.59661 -0.14494 -0.78933 0.55686 -0.13864 -0.81895 0.54898 -0.1376 -0.82443 0.51397 -0.13195 -0.8476 0.50628 -0.13092 -0.85237 0.45926 -0.12319 -0.87972 0.45203 -0.12243 -0.88356 0.40054 -0.11383 -0.90918 0.39398 -0.11316 -0.91213 0.35394 -0.10638 -0.9292 0.34806 -0.1058 -0.93148 0.29581 -0.09685 -0.95032 0.29052 -0.11551 -0.94987 0.23801 -0.10462 -0.96561 0.23199 -0.12485 -0.96467 0.22904 -0.12464 -0.9654 0.22198 -0.1475 -0.96383 0.17596 -0.13329 -0.97533 0.16885 -0.15543 -0.97331 0.12177 -0.13843 -0.98286 0.11558 -0.15703 -0.98081 0.08668 -0.14563 -0.98553 0.08144 -0.16089 -0.98361 0.06833 -0.15548 -0.98547 0.06399 -0.16792 -0.98372 0.0568 -0.16493 -0.98467 0.05335 -0.17466 -0.98318 0.04459 -0.17112 -0.98424 0.03473 -0.17971 -0.98311 0.04822 -0.14214 -0.98867 0.04651 -0.13056 -0.99035 0.04804 -0.12619 -0.99084 0.04663 -0.11675 -0.99207 0.04824 -0.11205 -0.99253 0.04711 -0.10452 -0.99341 0.04881 -0.09947 -0.99384 0.04792 -0.09366 -0.99445 0.04971 -0.08822 -0.99486 0.04903 -0.08394 -0.99526 0.05085 -0.0783 -0.99563 0.05036 -0.07536 -0.99588 0.0521 -0.06987 -0.99619 0.05178 -0.06802 -0.99634 0.05332 -0.06307 -0.99658 0.05314 -0.06207 -0.99666 0.05498 -0.05603 -0.99691 0.05485 -0.05583 -0.99693 0.05636 -0.05073 -0.99712 0.05655 -0.05104 -0.99709 0.05672 -0.05045 -0.99711 0.05665 -0.05039 -0.99712 0.05559 -0.05429 -0.99698 0.05391 -0.05316 -0.99713 0.05287 -0.05721 -0.99696 0.99949 -0.03177 0.00394 0.99422 -0.03492 -0.10154 0.99785 -0.03385 -0.0561 0.99726 -0.03412 -0.06561 0.98688 -0.03622 -0.15735 0.98402 -0.03665 -0.17425 0.97192 -0.03782 -0.23227 0.9667 -0.0383 -0.25303 0.95476 -0.03905 -0.2948 0.94722 -0.03956 -0.31815 0.93568 -0.04008 -0.35057 0.92566 -0.04053 -0.37618 0.92108 -0.04069 -0.38723 0.90937 -0.04113 -0.41395 0.89877 -0.04142 -0.43646 0.88467 -0.0419 -0.46433 0.86775 -0.04223 -0.4952 0.85074 -0.04266 -0.52386 0.83487 -0.04287 -0.54878 0.81522 -0.04324 -0.57753 0.80085 -0.04336 -0.59729 0.77894 -0.04367 -0.62558 0.76711 -0.04372 -0.64002 0.7433 -0.04396 -0.66751 0.73407 -0.04397 -0.67765 0.70878 -0.04416 -0.70405 0.70208 -0.04414 -0.71073 0.67571 -0.04427 -0.73584 0.67134 -0.04426 -0.73983 0.64421 -0.04433 -0.76356 0.62796 -0.04423 -0.77699 0.60011 -0.04446 -0.79868 0.5752 -0.04424 -0.81682 0.54713 -0.0444 -0.83587 0.52829 -0.0442 -0.84791 0.50057 -0.04431 -0.86456 0.48663 -0.04413 -0.87249 0.45963 -0.04421 -0.88701 0.4498 -0.04407 -0.89204 0.42373 -0.04413 -0.90471 0.40238 -0.04379 -0.91443 0.37781 -0.04425 -0.92483 0.34983 -0.04377 -0.93579 0.32751 -0.04419 -0.94381 0.28902 -0.04347 -0.95634 0.26981 -0.04461 -0.96188 0.22875 -0.04377 -0.9725 0.21342 -0.04477 -0.97593 0.18399 -0.04411 -0.98194 0.17199 -0.04496 -0.98407 0.14931 -0.04442 -0.98779 0.14019 -0.04511 -0.9891 0.12191 -0.04465 -0.99154 0.11534 -0.0452 -0.9923 0.09806 -0.04473 -0.99417 0.09373 -0.04512 -0.99457 0.06612 -0.04434 -0.99683 0.06524 -0.05037 -0.9966 0.04004 -0.04953 -0.99797 0.03919 -0.05453 -0.99774 0.0299 -0.05417 -0.99808 0.02905 -0.05853 -0.99786 0.04018 -0.05615 -0.99761 0.03953 -0.05911 -0.99747 0.04951 -0.05704 -0.99714 0.04995 -0.05526 -0.99722 0.04424 -0.05497 -0.99751 0.0452 -0.05118 -0.99767 0.03972 -0.05088 -0.99791 0.04047 -0.04799 -0.99803 0.03405 -0.04761 -0.99829 0.03398 -0.04786 -0.99828 0.02386 -0.04724 -0.9986 0.02643 -0.05066 -0.99837 0.0256 -0.05365 -0.99823 0.02759 -0.05629 -0.99803 0.02642 -0.06036 -0.99783 0.02971 -0.06478 -0.99746 0.02834 -0.06936 -0.99719 0.03353 -0.0763 -0.99652 0.03196 -0.08135 -0.99617 0.03974 -0.09157 -0.99501 0.0373 -0.09912 -0.99438 0.04841 -0.11327 -0.99238 0.04607 -0.12019 -0.99168 0.05053 -0.13581 -0.98945 0.04914 -0.13985 -0.98895 0.05421 -0.15692 -0.98612 0.05102 -0.16598 -0.98481 0.05665 -0.18406 -0.98128 0.05093 -0.19994 -0.97848 0.05694 -0.21816 -0.97425 0.04755 -0.2435 -0.96873 0.0536 -0.26059 -0.96396 0.03975 -0.29673 -0.95413 0.04539 -0.31132 -0.94922 0.0232 -0.36683 -0.93 0.03763 -0.36947 -0.92848 0.01029 -0.4325 -0.90157 0.01627 -0.434 -0.90077 0.01551 -0.44944 -0.89317 0.01781 -0.45033 -0.89268 0.01678 -0.46545 -0.88491 0.02446 -0.46955 -0.88257 0.02394 -0.48242 -0.87562 0.0343 -0.48936 -0.87141 0.03634 -0.49574 -0.86771 0.05191 -0.50693 -0.86042 0.05395 -0.51187 -0.85737 0.07899 -0.53061 -0.84393 0.0812 -0.53332 -0.84201 0.11584 -0.55893 -0.82108 0.11739 -0.56061 -0.81972 0.16767 -0.59649 -0.78491 0.16837 -0.59707 -0.78432 0.21022 -0.62527 -0.75156 0.19587 -0.64549 -0.73823 0.23175 -0.66855 -0.70664 0.2161 -0.68788 -0.6929 0.146 -0.64064 -0.75384 0.25656 -0.71946 -0.64541 0.29249 -0.73926 -0.60658 0.3258 -0.75599 -0.56775 0.43581 -0.79317 -0.42539 0.47801 -0.80777 -0.34498</float_array>
          <technique_common>
            <accessor source="#norm_0-array" count="19146" stride="3">
              <param name="X" type="float"/>
              <param name="Y" type="float"/>
              <param name="Z" type="float"/>
            </accessor>
          </technique_common>
        </source>
        <vertices id="vert_0">
          <input semantic="POSITION" source="#pos_0"/>
        </vertices>
        <triangles count="6404" material="mat_0">
          <input semantic="VERTEX" source="#vert_0" offset="0"/>
          <input semantic="NORMAL" source="#norm_0" offset="1"/>
          <p>0 0 1 0 2 0 3 1 4 1 5 1 4 2 6 2 5 2 7 3 8 3 9 3 8 4 10 4 9 4 9 5 10 5 11 5 10 6 12 6 11 6 11 7 12 7 6 7 12 8 13 8 6 8 6 9 13 9 5 9 0 10 2 10 14 10 2 11 15 11 14 11 15 12 16 12 14 12 14 13 16 13 17 13 16 14 18 14 17 14 17 15 18 15 19 15 18 16 20 16 19 16 19 17 20 17 21 17 20 18 22 18 21 18 21 19 22 19 3 19 22 20 23 20 3 20 3 21 23 21 4 21 24 22 25 22 26 22 27 23 28 23 29 23 30 24 31 24 32 24 32 25 33 25 34 25 34 26 35 26 32 26 35 27 36 27 32 27 32 28 36 28 30 28 31 29 37 29 32 29 37 30 38 30 32 30 32 31 38 31 39 31 39 32 40 32 32 32 40 33 41 33 32 33 32 34 41 34 42 34 28 35 43 35 29 35 43 36 32 36 29 36 29 37 32 37 44 37 32 38 42 38 44 38 45 39 46 39 47 39 47 40 48 40 45 40 48 41 49 41 45 41 45 42 49 42 50 42 50 43 51 43 45 43 51 44 52 44 45 44 45 45 52 45 53 45 46 46 45 46 29 46 45 47 54 47 29 47 29 48 54 48 27 48 55 49 56 49 57 49 56 50 58 50 57 50 55 51 59 51 56 51 59 52 60 52 56 52 56 53 60 53 61 53 58 54 56 54 53 54 56 55 62 55 53 55 53 56 62 56 45 56 62 57 63 57 45 57 45 58 63 58 54 58 64 59 65 59 56 59 65 60 66 60 56 60 56 61 66 61 62 61 26 62 67 62 68 62 69 63 70 63 26 63 70 64 71 64 26 64 71 65 72 65 26 65 26 66 72 66 67 66 69 67 26 67 61 67 26 68 25 68 61 68 61 69 25 69 56 69 25 70 73 70 56 70 56 71 73 71 64 71 68 72 74 72 26 72 74 73 75 73 26 73 26 74 75 74 76 74 77 75 78 75 26 75 78 76 79 76 26 76 26 77 79 77 24 77 76 78 80 78 26 78 80 79 81 79 26 79 26 80 81 80 77 80 82 81 83 81 84 81 85 82 86 82 82 82 86 83 87 83 82 83 87 84 88 84 82 84 82 85 88 85 89 85 89 86 90 86 82 86 90 87 91 87 82 87 82 88 91 88 92 88 92 89 93 89 82 89 93 90 94 90 82 90 82 91 94 91 95 91 32 92 83 92 33 92 83 93 82 93 33 93 33 94 82 94 96 94 82 95 95 95 96 95 97 96 98 96 84 96 98 97 99 97 84 97 84 98 99 98 82 98 99 99 100 99 82 99 82 100 100 100 85 100 101 101 102 101 98 101 102 102 103 102 98 102 98 103 103 103 104 103 104 104 105 104 98 104 105 105 106 105 98 105 98 106 106 106 107 106 107 107 108 107 98 107 108 108 109 108 98 108 98 109 109 109 99 109 110 110 111 110 112 110 113 111 114 111 112 111 114 112 115 112 112 112 115 113 116 113 112 113 116 114 117 114 112 114 112 115 117 115 118 115 97 116 119 116 98 116 119 117 110 117 98 117 98 118 110 118 101 118 110 119 112 119 101 119 101 120 112 120 120 120 112 121 118 121 120 121 111 122 121 122 112 122 121 123 122 123 112 123 112 124 122 124 123 124 124 125 125 125 126 125 126 126 127 126 124 126 127 127 128 127 124 127 124 128 128 128 129 128 129 129 130 129 124 129 130 130 131 130 124 130 124 131 131 131 132 131 113 132 112 132 132 132 112 133 123 133 132 133 132 134 123 134 124 134 123 135 133 135 124 135 124 136 133 136 134 136 134 137 135 137 124 137 135 138 136 138 124 138 124 139 136 139 137 139 137 140 138 140 124 140 138 141 139 141 124 141 124 142 139 142 125 142 2 143 1 143 140 143 2 143 140 143 141 143 140 143 142 143 141 143 141 143 142 143 143 143 143 143 142 143 144 143 142 143 145 143 144 143 144 143 145 143 146 143 145 143 147 143 146 143 146 143 147 143 148 143 149 144 150 144 151 144 152 145 153 145 154 145 155 146 156 146 157 146 158 147 159 147 160 147 157 148 161 148 162 148 163 149 164 149 165 149 166 150 167 150 156 150 168 151 169 151 170 151 171 152 172 152 173 152 174 153 175 153 176 153 177 154 178 154 179 154 180 155 181 155 182 155 183 156 164 156 184 156 185 157 186 157 187 157 188 158 189 158 190 158 164 159 183 159 191 159 192 160 193 160 194 160 195 161 196 161 197 161 198 162 199 162 200 162 201 163 202 163 203 163 204 164 205 164 201 164 206 165 207 165 208 165 209 166 210 166 211 166 212 167 213 167 214 167 215 168 216 168 217 168 218 169 219 169 220 169 219 170 218 170 221 170 220 171 222 171 223 171 224 172 225 172 226 172 227 173 228 173 229 173 230 174 231 174 232 174 233 175 234 175 235 175 236 176 237 176 238 176 239 177 240 177 241 177 242 178 243 178 244 178 245 179 246 179 247 179 248 180 249 180 250 180 251 181 252 181 253 181 253 182 252 182 254 182 255 183 256 183 257 183 258 184 259 184 260 184 261 185 262 185 263 185 262 186 264 186 263 186 263 187 264 187 258 187 265 188 266 188 267 188 267 189 266 189 268 189 269 190 270 190 271 190 272 191 273 191 274 191 275 192 276 192 277 192 278 193 279 193 280 193 281 194 282 194 283 194 284 195 164 195 285 195 286 196 287 196 288 196 289 197 290 197 291 197 292 198 164 198 293 198 164 199 292 199 294 199 295 200 296 200 297 200 298 201 299 201 300 201 301 202 302 202 303 202 304 203 305 203 306 203 307 204 308 204 309 204 307 205 310 205 311 205 312 206 313 206 314 206 314 207 313 207 315 207 316 208 317 208 318 208 134 209 133 209 319 209 27 210 54 210 320 210 27 211 320 211 28 211 320 212 321 212 28 212 28 213 321 213 43 213 321 214 322 214 43 214 43 215 322 215 32 215 32 216 322 216 83 216 322 217 323 217 83 217 83 218 323 218 84 218 84 219 323 219 97 219 323 220 324 220 97 220 97 221 324 221 119 221 119 222 324 222 110 222 324 223 325 223 110 223 110 224 325 224 111 224 123 225 122 225 326 225 122 226 121 226 326 226 111 227 325 227 121 227 325 228 327 228 121 228 121 229 327 229 326 229 135 230 328 230 136 230 328 231 329 231 136 231 330 232 138 232 329 232 138 233 137 233 329 233 329 234 137 234 136 234 331 235 126 235 332 235 126 236 125 236 332 236 332 237 125 237 330 237 125 238 139 238 330 238 330 239 139 239 138 239 333 240 131 240 334 240 131 241 130 241 334 241 334 242 130 242 335 242 130 243 129 243 335 243 335 244 129 244 336 244 129 245 128 245 336 245 336 246 128 246 331 246 128 247 127 247 331 247 331 248 127 248 126 248 114 249 113 249 333 249 113 250 132 250 333 250 333 251 132 251 131 251 114 252 333 252 115 252 333 253 337 253 115 253 115 254 337 254 116 254 337 255 338 255 116 255 116 256 338 256 117 256 117 257 338 257 118 257 338 258 339 258 118 258 118 259 339 259 120 259 339 260 340 260 120 260 120 261 340 261 101 261 340 262 341 262 101 262 101 263 341 263 102 263 341 264 342 264 102 264 102 265 342 265 103 265 343 266 105 266 104 266 105 267 343 267 106 267 343 268 344 268 106 268 106 269 344 269 107 269 345 270 87 270 346 270 87 271 86 271 346 271 346 272 86 272 347 272 86 273 85 273 347 273 347 274 85 274 348 274 85 275 100 275 348 275 348 276 100 276 349 276 100 277 99 277 349 277 349 278 99 278 350 278 99 279 109 279 350 279 350 280 109 280 351 280 109 281 108 281 351 281 351 282 108 282 352 282 108 283 107 283 352 283 93 284 92 284 353 284 92 285 91 285 353 285 353 286 91 286 354 286 91 287 90 287 354 287 354 288 90 288 355 288 90 289 89 289 355 289 355 290 89 290 345 290 89 291 88 291 345 291 345 292 88 292 87 292 356 293 357 293 358 293 357 294 359 294 358 294 360 295 12 295 10 295 361 296 3 296 5 296 318 297 14 297 362 297 14 298 17 298 362 298 362 299 17 299 363 299 17 300 19 300 363 300 363 301 19 301 21 301 364 302 148 302 365 302 148 303 147 303 365 303 365 304 147 304 366 304 147 305 145 305 366 305 366 306 145 306 367 306 145 307 142 307 367 307 367 308 142 308 368 308 142 309 140 309 368 309 368 310 140 310 317 310 140 311 1 311 317 311 317 312 1 312 318 312 1 313 0 313 318 313 318 314 0 314 14 314 369 315 370 315 371 315 370 316 316 316 371 316 371 317 316 317 372 317 316 318 318 318 372 318 372 319 318 319 373 319 318 320 362 320 373 320 373 321 362 321 374 321 362 322 363 322 374 322 374 323 363 323 375 323 363 324 21 324 375 324 375 325 21 325 3 325 370 326 327 326 316 326 327 327 325 327 316 327 316 328 325 328 317 328 325 329 324 329 317 329 317 330 324 330 368 330 324 331 323 331 368 331 368 332 323 332 367 332 323 333 322 333 367 333 367 334 322 334 366 334 322 335 321 335 366 335 366 336 321 336 365 336 321 337 320 337 365 337 365 338 320 338 364 338 320 339 54 339 364 339 369 340 376 340 370 340 376 341 377 341 370 341 370 342 377 342 327 342 377 343 378 343 327 343 327 344 378 344 326 344 378 345 319 345 326 345 326 346 319 346 123 346 319 347 133 347 123 347 379 348 380 348 381 348 380 349 382 349 381 349 381 350 382 350 383 350 382 351 384 351 383 351 383 352 384 352 385 352 384 353 386 353 385 353 385 354 386 354 387 354 386 355 388 355 387 355 387 356 388 356 389 356 388 357 390 357 389 357 391 358 379 358 392 358 379 359 381 359 392 359 392 360 381 360 393 360 381 361 383 361 393 361 393 362 383 362 394 362 383 363 385 363 394 363 394 364 385 364 395 364 385 365 387 365 395 365 395 366 387 366 396 366 387 367 389 367 396 367 396 368 389 368 397 368 389 369 390 369 397 369 397 370 390 370 398 370 399 371 400 371 401 371 402 372 403 372 404 372 405 373 406 373 407 373 406 374 408 374 407 374 407 375 408 375 409 375 408 376 410 376 409 376 409 377 410 377 411 377 410 378 412 378 411 378 411 379 412 379 413 379 412 380 414 380 413 380 413 381 414 381 415 381 414 382 416 382 415 382 415 383 416 383 417 383 416 384 418 384 417 384 417 385 418 385 419 385 418 386 420 386 419 386 419 387 420 387 421 387 422 388 423 388 424 388 423 389 425 389 424 389 424 390 425 390 426 390 427 391 315 391 428 391 315 392 313 392 428 392 428 393 313 393 429 393 313 394 312 394 429 394 429 395 312 395 430 395 308 396 307 396 431 396 307 397 311 397 431 397 431 398 311 398 432 398 310 399 307 399 433 399 307 400 309 400 433 400 433 401 309 401 434 401 309 402 435 402 434 402 434 403 435 403 436 403 435 404 437 404 436 404 436 405 437 405 303 405 438 406 439 406 440 406 439 407 403 407 440 407 440 408 403 408 441 408 403 409 402 409 441 409 441 410 402 410 442 410 402 411 443 411 442 411 442 412 443 412 444 412 443 413 445 413 444 413 444 414 445 414 432 414 445 415 446 415 432 415 432 416 446 416 431 416 446 417 447 417 431 417 431 418 447 418 308 418 448 419 449 419 450 419 451 420 391 420 452 420 391 421 392 421 452 421 452 422 392 422 453 422 392 423 393 423 453 423 453 424 393 424 454 424 393 425 394 425 454 425 454 426 394 426 455 426 394 427 395 427 455 427 455 428 395 428 456 428 395 429 396 429 456 429 456 430 396 430 457 430 396 431 397 431 457 431 457 432 397 432 458 432 397 433 398 433 458 433 458 434 398 434 306 434 459 435 460 435 461 435 460 436 462 436 461 436 461 437 462 437 463 437 462 438 400 438 463 438 463 439 400 439 464 439 400 440 399 440 464 440 465 441 466 441 467 441 302 442 465 442 303 442 465 443 467 443 303 443 303 444 467 444 436 444 467 445 468 445 436 445 436 446 468 446 434 446 468 447 469 447 434 447 434 448 469 448 433 448 469 449 470 449 433 449 433 450 470 450 310 450 470 451 471 451 310 451 310 452 471 452 311 452 471 453 472 453 311 453 311 454 472 454 432 454 472 455 473 455 432 455 432 456 473 456 444 456 473 457 474 457 444 457 444 458 474 458 442 458 474 459 475 459 442 459 442 460 475 460 441 460 475 461 476 461 441 461 441 462 476 462 440 462 476 463 477 463 440 463 440 464 477 464 438 464 477 465 478 465 438 465 306 466 305 466 458 466 305 467 479 467 458 467 458 468 479 468 457 468 479 469 480 469 457 469 457 470 480 470 456 470 480 471 481 471 456 471 456 472 481 472 455 472 450 473 482 473 448 473 482 474 483 474 448 474 448 475 483 475 484 475 485 476 451 476 486 476 451 477 452 477 486 477 486 478 452 478 487 478 452 479 453 479 487 479 487 480 453 480 488 480 453 481 454 481 488 481 488 482 454 482 489 482 454 483 455 483 489 483 489 484 455 484 490 484 455 485 481 485 490 485 491 486 492 486 493 486 492 487 494 487 493 487 493 488 494 488 495 488 494 489 496 489 495 489 399 490 497 490 464 490 497 491 498 491 464 491 464 492 498 492 463 492 498 493 499 493 463 493 463 494 499 494 461 494 499 495 500 495 461 495 461 496 500 496 459 496 500 497 501 497 459 497 495 498 485 498 493 498 485 499 486 499 493 499 493 500 486 500 491 500 486 501 487 501 491 501 491 502 487 502 502 502 487 503 488 503 502 503 502 504 488 504 503 504 488 505 489 505 503 505 503 506 489 506 504 506 489 507 490 507 504 507 504 508 490 508 505 508 490 509 481 509 505 509 505 510 481 510 506 510 481 511 480 511 506 511 506 512 480 512 507 512 480 513 479 513 507 513 507 514 479 514 508 514 479 515 305 515 508 515 508 516 305 516 509 516 305 517 304 517 509 517 509 518 304 518 300 518 510 519 511 519 512 519 511 520 513 520 512 520 512 521 513 521 514 521 513 522 515 522 514 522 514 523 515 523 516 523 515 524 517 524 516 524 516 525 517 525 518 525 517 526 519 526 518 526 518 527 519 527 520 527 519 528 521 528 520 528 520 529 521 529 522 529 521 530 523 530 522 530 522 531 523 531 524 531 523 532 525 532 524 532 524 533 525 533 526 533 525 534 527 534 526 534 526 535 527 535 528 535 527 536 529 536 528 536 528 537 529 537 530 537 529 538 531 538 530 538 530 539 531 539 532 539 531 540 533 540 532 540 312 541 534 541 430 541 534 542 535 542 430 542 430 543 535 543 536 543 535 544 537 544 536 544 536 545 537 545 538 545 537 546 539 546 538 546 538 547 539 547 540 547 539 548 541 548 540 548 540 549 541 549 542 549 300 550 299 550 509 550 299 551 543 551 509 551 509 552 543 552 508 552 543 553 544 553 508 553 508 554 544 554 507 554 544 555 545 555 507 555 507 556 545 556 506 556 545 557 546 557 506 557 506 558 546 558 505 558 546 559 547 559 505 559 505 560 547 560 504 560 547 561 548 561 504 561 504 562 548 562 503 562 548 563 549 563 503 563 503 564 549 564 502 564 549 565 550 565 502 565 502 566 550 566 491 566 550 567 551 567 491 567 491 568 551 568 492 568 552 569 553 569 554 569 553 570 555 570 554 570 554 571 555 571 556 571 555 572 557 572 556 572 556 573 557 573 558 573 557 574 559 574 558 574 558 575 559 575 560 575 559 576 561 576 560 576 560 577 561 577 562 577 561 578 563 578 562 578 562 579 563 579 422 579 563 580 564 580 422 580 422 581 564 581 423 581 328 582 496 582 329 582 496 583 494 583 329 583 329 584 494 584 330 584 494 585 492 585 330 585 330 586 492 586 332 586 492 587 551 587 332 587 332 588 551 588 331 588 551 589 550 589 331 589 331 590 550 590 336 590 550 591 549 591 336 591 336 592 549 592 335 592 549 593 548 593 335 593 335 594 548 594 334 594 548 595 547 595 334 595 334 596 547 596 333 596 547 597 546 597 333 597 333 598 546 598 337 598 546 599 545 599 337 599 337 600 545 600 338 600 545 601 544 601 338 601 338 602 544 602 339 602 544 603 543 603 339 603 339 604 543 604 340 604 543 605 299 605 340 605 340 606 299 606 341 606 299 607 298 607 341 607 341 608 298 608 342 608 312 609 565 609 534 609 565 610 566 610 534 610 534 611 566 611 535 611 566 612 567 612 535 612 535 613 567 613 537 613 567 614 568 614 537 614 537 615 568 615 539 615 568 616 569 616 539 616 539 617 569 617 541 617 569 618 344 618 541 618 541 619 344 619 542 619 344 620 343 620 542 620 570 621 353 621 571 621 353 622 354 622 571 622 571 623 354 623 572 623 354 624 355 624 572 624 572 625 355 625 573 625 355 626 345 626 573 626 573 627 345 627 574 627 345 628 346 628 574 628 574 629 346 629 575 629 346 630 347 630 575 630 575 631 347 631 576 631 347 632 348 632 576 632 576 633 348 633 577 633 348 634 349 634 577 634 577 635 349 635 578 635 349 636 350 636 578 636 578 637 350 637 579 637 350 638 351 638 579 638 579 639 351 639 580 639 351 640 352 640 580 640 104 641 552 641 343 641 552 642 554 642 343 642 343 643 554 643 542 643 554 644 556 644 542 644 542 645 556 645 540 645 556 646 558 646 540 646 540 647 558 647 538 647 558 648 560 648 538 648 538 649 560 649 536 649 560 650 562 650 536 650 536 651 562 651 430 651 562 652 422 652 430 652 430 653 422 653 429 653 422 654 424 654 429 654 429 655 424 655 428 655 424 656 426 656 428 656 428 657 426 657 427 657 570 658 581 658 353 658 581 659 582 659 353 659 353 660 582 660 93 660 582 661 94 661 93 661 580 662 533 662 579 662 533 663 531 663 579 663 579 664 531 664 578 664 531 665 529 665 578 665 578 666 529 666 577 666 529 667 527 667 577 667 577 668 527 668 576 668 527 669 525 669 576 669 576 670 525 670 575 670 525 671 523 671 575 671 575 672 523 672 574 672 523 673 521 673 574 673 574 674 521 674 573 674 521 675 519 675 573 675 573 676 519 676 572 676 519 677 517 677 572 677 572 678 517 678 571 678 517 679 515 679 571 679 571 680 515 680 570 680 515 681 513 681 570 681 570 682 513 682 581 682 513 683 511 683 581 683 581 684 511 684 583 684 511 685 510 685 583 685 583 686 510 686 584 686 510 687 585 687 584 687 466 688 585 688 467 688 585 689 510 689 467 689 467 690 510 690 468 690 510 691 512 691 468 691 468 692 512 692 469 692 512 693 514 693 469 693 469 694 514 694 470 694 514 695 516 695 470 695 470 696 516 696 471 696 516 697 518 697 471 697 471 698 518 698 472 698 518 699 520 699 472 699 472 700 520 700 473 700 520 701 522 701 473 701 473 702 522 702 474 702 522 703 524 703 474 703 474 704 524 704 475 704 524 705 526 705 475 705 475 706 526 706 476 706 526 707 528 707 476 707 476 708 528 708 477 708 528 709 530 709 477 709 477 710 530 710 478 710 530 711 532 711 478 711 586 712 587 712 588 712 587 713 589 713 588 713 588 714 589 714 590 714 591 715 592 715 593 715 592 716 594 716 593 716 593 717 594 717 595 717 594 718 596 718 595 718 595 719 596 719 597 719 596 720 598 720 597 720 597 721 598 721 599 721 598 722 600 722 599 722 599 723 600 723 601 723 600 724 602 724 601 724 601 725 602 725 603 725 602 726 604 726 603 726 603 727 604 727 605 727 604 728 606 728 605 728 605 729 606 729 607 729 606 730 608 730 607 730 607 731 608 731 609 731 608 732 610 732 609 732 609 733 610 733 611 733 612 734 296 734 613 734 296 735 295 735 613 735 613 736 295 736 614 736 615 737 616 737 617 737 616 738 618 738 617 738 617 739 618 739 619 739 618 740 620 740 619 740 619 741 620 741 621 741 620 742 622 742 621 742 621 743 622 743 623 743 622 744 624 744 623 744 623 745 624 745 625 745 624 746 626 746 625 746 625 747 626 747 627 747 626 748 628 748 627 748 627 749 628 749 629 749 628 750 630 750 629 750 629 751 630 751 631 751 630 752 632 752 631 752 631 753 632 753 633 753 632 754 634 754 633 754 635 755 614 755 636 755 614 756 295 756 636 756 636 757 295 757 637 757 295 758 297 758 637 758 637 759 297 759 638 759 639 760 615 760 640 760 615 761 617 761 640 761 640 762 617 762 641 762 617 763 619 763 641 763 641 764 619 764 642 764 619 765 621 765 642 765 642 766 621 766 643 766 621 767 623 767 643 767 643 768 623 768 644 768 623 769 625 769 644 769 644 770 625 770 645 770 625 771 627 771 645 771 645 772 627 772 646 772 627 773 629 773 646 773 646 774 629 774 647 774 629 775 631 775 647 775 647 776 631 776 648 776 631 777 633 777 648 777 649 778 650 778 651 778 650 779 590 779 651 779 651 780 590 780 652 780 590 781 589 781 652 781 652 782 589 782 164 782 587 783 164 783 589 783 586 784 653 784 587 784 653 785 164 785 587 785 654 786 655 786 656 786 657 787 635 787 658 787 635 788 636 788 658 788 658 789 636 789 659 789 636 790 637 790 659 790 659 791 637 791 660 791 637 792 638 792 660 792 660 793 638 793 661 793 662 794 639 794 663 794 639 795 640 795 663 795 663 796 640 796 664 796 640 797 641 797 664 797 664 798 641 798 665 798 641 799 642 799 665 799 665 800 642 800 666 800 642 801 643 801 666 801 666 802 643 802 667 802 643 803 644 803 667 803 667 804 644 804 668 804 644 805 645 805 668 805 668 806 645 806 669 806 645 807 646 807 669 807 669 808 646 808 670 808 646 809 647 809 670 809 670 810 647 810 671 810 647 811 648 811 671 811 671 812 648 812 591 812 648 813 633 813 591 813 591 814 633 814 592 814 633 815 634 815 592 815 672 816 662 816 673 816 662 817 663 817 673 817 673 818 663 818 674 818 663 819 664 819 674 819 674 820 664 820 675 820 664 821 665 821 675 821 675 822 665 822 676 822 665 823 666 823 676 823 676 824 666 824 677 824 666 825 667 825 677 825 677 826 667 826 678 826 667 827 668 827 678 827 678 828 668 828 679 828 668 829 669 829 679 829 679 830 669 830 680 830 669 831 670 831 680 831 680 832 670 832 681 832 670 833 671 833 681 833 681 834 671 834 682 834 671 835 591 835 682 835 682 836 591 836 683 836 591 837 593 837 683 837 683 838 593 838 684 838 593 839 595 839 684 839 684 840 595 840 685 840 595 841 597 841 685 841 685 842 597 842 686 842 597 843 599 843 686 843 686 844 599 844 687 844 599 845 601 845 687 845 687 846 601 846 688 846 601 847 603 847 688 847 688 848 603 848 689 848 603 849 605 849 689 849 689 850 605 850 690 850 605 851 607 851 690 851 690 852 607 852 691 852 607 853 609 853 691 853 691 854 609 854 692 854 609 855 611 855 692 855 692 856 611 856 693 856 694 857 695 857 696 857 696 858 695 858 697 858 698 859 699 859 700 859 699 860 701 860 700 860 700 861 701 861 702 861 701 862 703 862 702 862 702 863 703 863 697 863 703 864 704 864 697 864 697 865 704 865 696 865 705 866 698 866 706 866 698 867 700 867 706 867 706 868 700 868 707 868 700 869 702 869 707 869 707 870 702 870 708 870 702 871 697 871 708 871 708 872 697 872 709 872 697 873 695 873 709 873 710 874 705 874 711 874 705 875 706 875 711 875 711 876 706 876 712 876 706 877 707 877 712 877 712 878 707 878 713 878 707 879 708 879 713 879 713 880 708 880 714 880 708 881 709 881 714 881 714 882 709 882 715 882 709 883 695 883 715 883 715 884 695 884 716 884 695 885 694 885 716 885 716 886 694 886 717 886 718 887 710 887 719 887 710 888 711 888 719 888 719 889 711 889 720 889 711 890 712 890 720 890 720 891 712 891 721 891 712 892 713 892 721 892 721 893 713 893 722 893 713 894 714 894 722 894 722 895 714 895 723 895 714 896 715 896 723 896 723 897 715 897 724 897 715 898 716 898 724 898 724 899 716 899 725 899 716 900 717 900 725 900 725 901 717 901 726 901 293 902 649 902 292 902 649 903 651 903 292 903 292 903 651 903 294 903 651 904 652 904 294 904 294 905 652 905 164 905 727 906 728 906 729 906 728 907 730 907 729 907 284 908 731 908 732 908 731 909 733 909 732 909 732 910 733 910 734 910 733 911 735 911 734 911 734 912 735 912 736 912 735 913 737 913 736 913 736 914 737 914 738 914 737 915 656 915 738 915 656 916 655 916 738 916 655 917 739 917 738 917 738 918 739 918 736 918 739 919 740 919 736 919 736 920 740 920 734 920 740 921 741 921 734 921 734 922 741 922 732 922 741 923 742 923 732 923 732 908 742 908 284 908 743 924 744 924 745 924 744 925 746 925 745 925 745 926 746 926 747 926 746 927 748 927 747 927 747 928 748 928 749 928 748 929 750 929 749 929 749 930 750 930 751 930 750 931 752 931 751 931 753 932 754 932 755 932 754 933 756 933 755 933 755 934 756 934 757 934 756 935 758 935 757 935 757 936 758 936 759 936 758 937 760 937 759 937 759 938 760 938 761 938 744 939 753 939 746 939 753 940 755 940 746 940 746 941 755 941 748 941 755 942 757 942 748 942 748 943 757 943 750 943 757 944 759 944 750 944 750 945 759 945 752 945 759 946 761 946 752 946 731 947 743 947 733 947 743 948 745 948 733 948 733 949 745 949 735 949 745 950 747 950 735 950 735 951 747 951 737 951 747 952 749 952 737 952 737 953 749 953 656 953 749 954 751 954 656 954 656 955 751 955 654 955 751 956 752 956 654 956 654 957 752 957 762 957 752 958 761 958 762 958 762 959 761 959 763 959 761 960 760 960 763 960 764 961 765 961 766 961 765 962 767 962 766 962 766 963 767 963 768 963 283 964 769 964 770 964 769 965 771 965 770 965 770 966 771 966 772 966 771 967 773 967 772 967 772 968 773 968 774 968 773 969 775 969 774 969 774 970 775 970 776 970 777 971 778 971 779 971 778 972 780 972 779 972 779 973 780 973 781 973 769 974 777 974 771 974 777 975 779 975 771 975 771 976 779 976 773 976 779 977 781 977 773 977 773 978 781 978 775 978 781 979 782 979 775 979 775 980 782 980 776 980 782 981 783 981 776 981 776 982 783 982 784 982 785 983 786 983 787 983 786 984 788 984 787 984 787 985 788 985 789 985 790 986 791 986 290 986 791 987 792 987 290 987 790 988 290 988 793 988 290 989 289 989 793 989 793 990 289 990 794 990 795 991 796 991 797 991 796 992 798 992 797 992 797 993 798 993 799 993 800 994 661 994 672 994 661 995 638 995 672 995 672 996 638 996 662 996 638 997 297 997 662 997 662 998 297 998 639 998 297 999 296 999 639 999 639 1000 296 1000 615 1000 296 1001 612 1001 615 1001 615 1002 612 1002 616 1002 800 1003 672 1003 801 1003 672 1004 673 1004 801 1004 801 1005 673 1005 802 1005 673 1006 674 1006 802 1006 802 1007 674 1007 803 1007 674 1008 675 1008 803 1008 803 1009 675 1009 804 1009 675 1010 676 1010 804 1010 804 1011 676 1011 805 1011 676 1012 677 1012 805 1012 805 1013 677 1013 806 1013 677 1014 678 1014 806 1014 806 1015 678 1015 807 1015 678 1016 679 1016 807 1016 807 1017 679 1017 808 1017 679 1018 680 1018 808 1018 808 1019 680 1019 809 1019 680 1020 681 1020 809 1020 809 1021 681 1021 810 1021 681 1022 682 1022 810 1022 810 1023 682 1023 811 1023 682 1024 683 1024 811 1024 811 1025 683 1025 812 1025 683 1026 684 1026 812 1026 812 1027 684 1027 813 1027 684 1028 685 1028 813 1028 813 1029 685 1029 814 1029 685 1030 686 1030 814 1030 814 1031 686 1031 815 1031 686 1032 687 1032 815 1032 815 1033 687 1033 816 1033 687 1034 688 1034 816 1034 816 1035 688 1035 817 1035 688 1036 689 1036 817 1036 817 1037 689 1037 818 1037 689 1038 690 1038 818 1038 818 1039 690 1039 819 1039 690 1040 691 1040 819 1040 819 1041 691 1041 820 1041 691 1042 692 1042 820 1042 820 1043 692 1043 821 1043 692 1044 693 1044 821 1044 821 1045 693 1045 288 1045 817 1046 822 1046 816 1046 822 1047 823 1047 816 1047 816 1048 823 1048 815 1048 823 1049 824 1049 815 1049 815 1050 824 1050 814 1050 824 1051 825 1051 814 1051 814 1052 825 1052 813 1052 825 1053 826 1053 813 1053 813 1054 826 1054 812 1054 826 1055 827 1055 812 1055 812 1056 827 1056 811 1056 827 1057 828 1057 811 1057 811 1058 828 1058 810 1058 828 1059 829 1059 810 1059 810 1060 829 1060 809 1060 829 1061 830 1061 809 1061 809 1062 830 1062 808 1062 830 1063 831 1063 808 1063 808 1064 831 1064 807 1064 831 1065 832 1065 807 1065 807 1066 832 1066 806 1066 832 1067 833 1067 806 1067 806 1068 833 1068 805 1068 833 1069 834 1069 805 1069 805 1070 834 1070 804 1070 834 1071 835 1071 804 1071 804 1072 835 1072 803 1072 835 1073 836 1073 803 1073 803 1074 836 1074 802 1074 836 1075 837 1075 802 1075 802 1076 837 1076 801 1076 837 1077 838 1077 801 1077 801 1078 838 1078 800 1078 283 1079 282 1079 769 1079 282 1080 839 1080 769 1080 769 1081 839 1081 777 1081 839 1082 840 1082 777 1082 777 1083 840 1083 778 1083 284 1084 285 1084 731 1084 285 1085 841 1085 731 1085 731 1086 841 1086 743 1086 841 1087 842 1087 743 1087 743 1088 842 1088 744 1088 842 1089 843 1089 744 1089 744 1090 843 1090 753 1090 843 1091 844 1091 753 1091 753 1092 844 1092 754 1092 844 1093 845 1093 754 1093 754 1094 845 1094 764 1094 845 1095 846 1095 764 1095 764 1096 846 1096 765 1096 742 1097 164 1097 284 1097 754 1098 764 1098 756 1098 764 1099 766 1099 756 1099 756 1100 766 1100 758 1100 766 1101 768 1101 758 1101 758 1102 768 1102 760 1102 768 1103 847 1103 760 1103 760 1104 847 1104 763 1104 847 1105 848 1105 763 1105 763 1106 848 1106 762 1106 848 1107 586 1107 762 1107 762 1108 586 1108 654 1108 586 1109 588 1109 654 1109 654 1110 588 1110 655 1110 588 1111 590 1111 655 1111 655 1112 590 1112 739 1112 590 1113 650 1113 739 1113 739 1114 650 1114 740 1114 650 1115 649 1115 740 1115 740 1116 649 1116 741 1116 649 1117 293 1117 741 1117 741 923 293 923 742 923 293 1118 164 1118 742 1118 786 1119 291 1119 788 1119 291 1120 290 1120 788 1120 788 1121 290 1121 789 1121 290 1122 792 1122 789 1122 789 1123 792 1123 849 1123 792 1124 850 1124 849 1124 851 1125 852 1125 853 1125 852 1126 854 1126 853 1126 854 1127 855 1127 853 1127 853 1128 855 1128 856 1128 855 1129 857 1129 856 1129 856 1130 857 1130 280 1130 857 1131 858 1131 280 1131 280 1132 858 1132 278 1132 854 1133 859 1133 855 1133 859 1134 860 1134 855 1134 855 1135 860 1135 857 1135 860 1136 861 1136 857 1136 857 1137 861 1137 858 1137 850 1138 792 1138 862 1138 792 1139 791 1139 862 1139 862 1140 791 1140 863 1140 791 1141 790 1141 863 1141 863 1142 790 1142 864 1142 790 1143 793 1143 864 1143 864 1144 793 1144 865 1144 793 1145 794 1145 865 1145 865 1146 794 1146 866 1146 867 1147 868 1147 275 1147 868 1148 869 1148 275 1148 275 1149 869 1149 276 1149 870 1150 871 1150 872 1150 871 1151 873 1151 872 1151 872 1152 873 1152 874 1152 873 1153 875 1153 874 1153 874 1154 875 1154 876 1154 877 1155 878 1155 879 1155 878 1156 880 1156 879 1156 879 1157 880 1157 881 1157 880 1158 882 1158 881 1158 881 1159 882 1159 883 1159 883 1160 884 1160 881 1160 884 1161 287 1161 881 1161 881 1162 287 1162 879 1162 287 1163 286 1163 879 1163 879 1164 286 1164 877 1164 885 1165 886 1165 887 1165 888 1166 889 1166 272 1166 889 1167 890 1167 272 1167 272 1168 890 1168 273 1168 888 1169 272 1169 891 1169 272 1170 274 1170 891 1170 891 1171 274 1171 892 1171 274 1172 893 1172 892 1172 892 1173 893 1173 894 1173 893 1174 895 1174 894 1174 894 1175 895 1175 896 1175 895 1176 897 1176 896 1176 896 1177 897 1177 898 1177 271 1178 899 1178 269 1178 899 1179 900 1179 269 1179 269 1180 900 1180 901 1180 900 1181 902 1181 901 1181 903 1182 904 1182 905 1182 904 1183 906 1183 905 1183 905 1184 906 1184 907 1184 906 1185 908 1185 907 1185 907 1186 908 1186 909 1186 910 1187 911 1187 912 1187 911 1188 913 1188 912 1188 912 1189 913 1189 914 1189 913 1190 915 1190 914 1190 914 1191 915 1191 916 1191 917 1192 918 1192 919 1192 920 1193 921 1193 922 1193 921 1194 923 1194 922 1194 922 1195 923 1195 924 1195 923 1196 925 1196 924 1196 924 1197 925 1197 926 1197 927 1198 928 1198 929 1198 928 1199 930 1199 929 1199 929 1200 930 1200 931 1200 930 1201 932 1201 931 1201 931 1202 932 1202 933 1202 932 1203 934 1203 933 1203 933 1204 934 1204 935 1204 934 1205 936 1205 935 1205 935 1206 936 1206 937 1206 936 1207 938 1207 937 1207 937 1208 938 1208 939 1208 799 1209 940 1209 941 1209 940 1210 942 1210 941 1210 941 1211 942 1211 943 1211 942 1212 944 1212 943 1212 945 1213 946 1213 947 1213 946 1214 948 1214 947 1214 947 1215 948 1215 949 1215 948 1216 950 1216 949 1216 949 1217 950 1217 951 1217 950 1218 952 1218 951 1218 951 1219 952 1219 953 1219 952 1220 954 1220 953 1220 953 1221 954 1221 955 1221 954 1222 876 1222 955 1222 955 1223 876 1223 956 1223 876 1224 875 1224 956 1224 956 1225 875 1225 268 1225 875 1226 873 1226 268 1226 268 1227 873 1227 267 1227 873 1228 871 1228 267 1228 267 1229 871 1229 265 1229 871 1230 957 1230 265 1230 958 1231 270 1231 959 1231 270 1232 269 1232 959 1232 959 1233 269 1233 960 1233 269 1234 901 1234 960 1234 961 1235 962 1235 963 1235 903 1236 963 1236 904 1236 963 1237 962 1237 904 1237 904 1238 962 1238 906 1238 962 1239 250 1239 906 1239 906 1240 250 1240 908 1240 903 1241 916 1241 963 1241 916 1242 915 1242 963 1242 963 1243 915 1243 961 1243 915 1244 913 1244 961 1244 961 1245 913 1245 958 1245 913 1246 911 1246 958 1246 958 1247 911 1247 270 1247 911 1248 910 1248 270 1248 270 1249 910 1249 271 1249 917 1250 919 1250 964 1250 919 1251 965 1251 964 1251 964 1252 965 1252 966 1252 796 1253 856 1253 798 1253 856 1254 280 1254 798 1254 798 1255 280 1255 799 1255 280 1256 279 1256 799 1256 799 1257 279 1257 940 1257 279 1258 967 1258 940 1258 940 1259 967 1259 942 1259 967 1260 968 1260 942 1260 942 1261 968 1261 944 1261 968 1262 969 1262 944 1262 278 1263 918 1263 279 1263 918 1264 917 1264 279 1264 279 1265 917 1265 967 1265 917 1266 964 1266 967 1266 967 1267 964 1267 968 1267 964 1268 966 1268 968 1268 968 1269 966 1269 969 1269 970 1270 925 1270 971 1270 925 1271 923 1271 971 1271 971 1272 923 1272 972 1272 923 1273 921 1273 972 1273 928 1274 973 1274 930 1274 973 1275 974 1275 930 1275 930 1276 974 1276 932 1276 974 1277 975 1277 932 1277 932 1278 975 1278 934 1278 975 1279 976 1279 934 1279 934 1280 976 1280 936 1280 976 1281 977 1281 936 1281 936 1282 977 1282 938 1282 978 1283 979 1283 980 1283 979 1284 981 1284 980 1284 980 1285 981 1285 867 1285 243 1286 242 1286 982 1286 242 1287 983 1287 982 1287 982 1288 983 1288 984 1288 985 1289 986 1289 987 1289 986 1290 988 1290 987 1290 987 1291 988 1291 989 1291 988 1292 990 1292 989 1292 989 1293 990 1293 991 1293 992 1294 256 1294 993 1294 256 1295 255 1295 993 1295 993 1296 255 1296 994 1296 995 1297 996 1297 997 1297 996 1298 998 1298 997 1298 997 1299 998 1299 999 1299 998 1300 1000 1300 999 1300 999 1301 1000 1301 1001 1301 1000 1302 1002 1302 1001 1302 1001 1303 1002 1303 1003 1303 909 1304 908 1304 1004 1304 908 1305 250 1305 1004 1305 1004 1306 250 1306 1005 1306 250 1307 249 1307 1005 1307 1005 1308 249 1308 1006 1308 248 1309 250 1309 1007 1309 250 1310 962 1310 1007 1310 1007 1311 962 1311 1008 1311 962 1312 961 1312 1008 1312 1008 1313 961 1313 1009 1313 961 1314 958 1314 1009 1314 1009 1315 958 1315 1010 1315 958 1316 959 1316 1010 1316 1010 1317 959 1317 1011 1317 959 1318 960 1318 1011 1318 1011 1319 960 1319 164 1319 901 1320 164 1320 960 1320 902 1321 1012 1321 901 1321 1012 1322 164 1322 901 1322 1013 1323 1014 1323 1015 1323 1014 1324 1016 1324 1015 1324 1015 1325 1016 1325 1017 1325 1018 1326 1016 1326 1019 1326 1016 1327 1014 1327 1019 1327 1019 1328 1014 1328 1020 1328 1014 1329 1013 1329 1020 1329 1020 1330 1013 1330 1021 1330 1013 1331 920 1331 1021 1331 926 1332 925 1332 1022 1332 925 1333 970 1333 1022 1333 1022 1334 970 1334 1023 1334 970 1335 1024 1335 1023 1335 1023 1336 1024 1336 1025 1336 920 1337 1013 1337 921 1337 1013 1338 1015 1338 921 1338 921 1339 1015 1339 972 1339 1015 1340 1017 1340 972 1340 972 1341 1017 1341 971 1341 1017 1342 1026 1342 971 1342 971 1343 1026 1343 970 1343 1026 1344 1027 1344 970 1344 970 1345 1027 1345 1024 1345 1021 1346 939 1346 1020 1346 939 1347 938 1347 1020 1347 1020 1348 938 1348 1019 1348 938 1349 977 1349 1019 1349 1019 1350 977 1350 1018 1350 977 1351 976 1351 1018 1351 1018 1352 976 1352 1028 1352 976 1353 975 1353 1028 1353 1028 1354 975 1354 1029 1354 975 1355 974 1355 1029 1355 1029 1356 974 1356 1006 1356 974 1357 973 1357 1006 1357 1006 1358 973 1358 1005 1358 973 1359 928 1359 1005 1359 1005 1360 928 1360 1004 1360 928 1361 927 1361 1004 1361 1004 1362 927 1362 909 1362 867 1363 981 1363 868 1363 981 1364 245 1364 868 1364 868 1365 245 1365 869 1365 245 1366 247 1366 869 1366 869 1367 247 1367 276 1367 1030 1368 1031 1368 1032 1368 1031 1369 1033 1369 1032 1369 1032 1370 1033 1370 1034 1370 1033 1371 1035 1371 1034 1371 1034 1372 1035 1372 1036 1372 1035 1373 245 1373 1036 1373 1036 1374 245 1374 1034 1374 245 1375 981 1375 1034 1375 1034 1376 981 1376 1032 1376 981 1377 979 1377 1032 1377 1032 1378 979 1378 1030 1378 264 1379 1037 1379 1038 1379 1037 1380 1039 1380 1038 1380 1038 1381 1039 1381 1040 1381 258 1382 260 1382 263 1382 260 1383 1041 1383 263 1383 263 1384 1041 1384 261 1384 1042 1385 1043 1385 978 1385 1043 1386 1044 1386 978 1386 978 1387 1044 1387 979 1387 1044 1388 1045 1388 979 1388 979 1389 1045 1389 1030 1389 1046 1390 1047 1390 985 1390 1048 1391 1049 1391 1050 1391 239 1392 241 1392 1051 1392 986 1393 1052 1393 1053 1393 1053 1394 1051 1394 986 1394 1051 1395 241 1395 986 1395 986 1396 241 1396 988 1396 241 1397 1054 1397 988 1397 988 1398 1054 1398 990 1398 1054 1399 877 1399 990 1399 990 1400 877 1400 991 1400 877 1401 286 1401 991 1401 985 1402 1047 1402 986 1402 1047 1403 1055 1403 986 1403 986 1404 1055 1404 1052 1404 1056 1405 266 1405 1040 1405 266 1406 265 1406 1040 1406 1040 1407 265 1407 1038 1407 265 1408 957 1408 1038 1408 1038 1409 957 1409 264 1409 957 1410 871 1410 264 1410 264 1411 871 1411 258 1411 871 1412 870 1412 258 1412 258 1413 870 1413 259 1413 886 1414 885 1414 1057 1414 885 1415 1058 1415 1057 1415 1057 1416 1058 1416 1059 1416 1058 1417 1060 1417 1059 1417 1059 1418 1060 1418 254 1418 1060 1419 1061 1419 254 1419 254 1420 1061 1420 253 1420 1061 1421 1062 1421 253 1421 253 1422 1062 1422 251 1422 1062 1423 1063 1423 251 1423 251 1424 1063 1424 1064 1424 1065 1425 996 1425 1066 1425 996 1426 995 1426 1066 1426 1066 1427 995 1427 1067 1427 995 1428 1068 1428 1067 1428 889 1429 887 1429 1003 1429 887 1430 886 1430 1003 1430 1003 1431 886 1431 1001 1431 886 1432 1057 1432 1001 1432 1001 1433 1057 1433 999 1433 1057 1434 1059 1434 999 1434 999 1435 1059 1435 997 1435 1059 1436 254 1436 997 1436 997 1437 254 1437 995 1437 254 1438 252 1438 995 1438 995 1439 252 1439 1068 1439 252 1440 1069 1440 1068 1440 1064 1441 1070 1441 251 1441 1070 1442 1071 1442 251 1442 251 1443 1071 1443 252 1443 1071 1444 1072 1444 252 1444 252 1445 1072 1445 1069 1445 1073 1446 1074 1446 992 1446 1074 1447 1075 1447 992 1447 257 1448 256 1448 1076 1448 256 1449 992 1449 1076 1449 1076 1450 992 1450 1077 1450 992 1451 1075 1451 1077 1451 1077 1452 1075 1452 1078 1452 1079 1453 1080 1453 994 1453 1080 1454 1081 1454 994 1454 994 1455 1081 1455 993 1455 1081 1456 1082 1456 993 1456 993 1457 1082 1457 992 1457 1082 1458 1083 1458 992 1458 992 1459 1083 1459 1073 1459 1065 1460 1079 1460 996 1460 1079 1461 994 1461 996 1461 996 1462 994 1462 998 1462 994 1463 255 1463 998 1463 998 1464 255 1464 1000 1464 255 1465 257 1465 1000 1465 1000 1466 257 1466 1002 1466 1084 1467 1085 1467 1063 1467 1085 1468 1086 1468 1063 1468 1063 1469 1086 1469 1064 1469 887 1470 883 1470 885 1470 883 1471 882 1471 885 1471 885 1472 882 1472 1058 1472 882 1473 880 1473 1058 1473 1058 1474 880 1474 1060 1474 880 1475 878 1475 1060 1475 1060 1476 878 1476 1061 1476 878 1477 877 1477 1061 1477 1061 1478 877 1478 1062 1478 877 1479 1054 1479 1062 1479 1062 1480 1054 1480 1063 1480 1054 1481 241 1481 1063 1481 1063 1482 241 1482 1084 1482 241 1483 240 1483 1084 1483 1087 1484 1088 1484 1089 1484 1088 1485 1090 1485 1089 1485 890 1486 1091 1486 273 1486 1091 1487 1092 1487 273 1487 273 1488 1092 1488 274 1488 1092 1489 1093 1489 274 1489 274 1490 1093 1490 893 1490 1093 1491 1094 1491 893 1491 893 1492 1094 1492 895 1492 1094 1493 1095 1493 895 1493 895 1494 1095 1494 897 1494 889 1495 1096 1495 890 1495 1096 1496 1097 1496 890 1496 890 1497 1097 1497 1091 1497 1097 1498 1098 1498 1091 1498 1091 1499 1098 1499 1092 1499 1098 1500 1090 1500 1092 1500 1092 1501 1090 1501 1093 1501 1090 1502 1088 1502 1093 1502 1093 1503 1088 1503 1094 1503 1088 1504 1087 1504 1094 1504 1094 1505 1087 1505 1095 1505 1099 1506 1100 1506 1101 1506 1102 1507 1103 1507 1104 1507 1105 1508 1106 1508 1107 1508 1106 1509 1108 1509 1107 1509 236 1510 238 1510 1109 1510 1110 1511 1111 1511 1112 1511 1111 1512 1113 1512 1112 1512 1114 1513 1109 1513 1115 1513 1109 1514 238 1514 1115 1514 1115 1515 238 1515 1116 1515 238 1516 1099 1516 1116 1516 1116 1517 1099 1517 1117 1517 1099 1518 1101 1518 1117 1518 1117 1519 1101 1519 1118 1519 1101 1520 1119 1520 1118 1520 1120 1521 1121 1521 1122 1521 1103 1522 1123 1522 1104 1522 1123 1523 1124 1523 1104 1523 1104 1524 1124 1524 1125 1524 1124 1525 1126 1525 1125 1525 1125 1526 1126 1526 1127 1526 1126 1527 1128 1527 1127 1527 1127 1528 1128 1528 1129 1528 1130 1529 1131 1529 1120 1529 1131 1530 1132 1530 1120 1530 1120 1531 1132 1531 1121 1531 1132 1532 1133 1532 1121 1532 1121 1533 1133 1533 1134 1533 1135 1534 1122 1534 1136 1534 1122 1535 1121 1535 1136 1535 1136 1536 1121 1536 1137 1536 1121 1537 1134 1537 1137 1537 1137 1538 1134 1538 1138 1538 1123 1539 1135 1539 1124 1539 1135 1540 1136 1540 1124 1540 1124 1541 1136 1541 1126 1541 1136 1542 1137 1542 1126 1542 1126 1543 1137 1543 1128 1543 1137 1544 1138 1544 1128 1544 1128 1545 1138 1545 1139 1545 1103 1546 1119 1546 1123 1546 1119 1547 1101 1547 1123 1547 1123 1548 1101 1548 1135 1548 1101 1549 1100 1549 1135 1549 1135 1550 1100 1550 1122 1550 1100 1551 1099 1551 1122 1551 1122 1552 1099 1552 1120 1552 1099 1553 238 1553 1120 1553 1120 1554 238 1554 1130 1554 238 1555 237 1555 1130 1555 1078 1556 1140 1556 1077 1556 1140 1557 1141 1557 1077 1557 1077 1558 1141 1558 1142 1558 889 1559 1003 1559 1096 1559 1003 1560 1002 1560 1096 1560 1096 1561 1002 1561 1097 1561 1002 1562 257 1562 1097 1562 1097 1563 257 1563 1098 1563 257 1564 1076 1564 1098 1564 1098 1565 1076 1565 1090 1565 1076 1566 1077 1566 1090 1566 1090 1567 1077 1567 1089 1567 1077 1568 1142 1568 1089 1568 1089 1569 1142 1569 1143 1569 1144 1570 898 1570 1145 1570 898 1571 897 1571 1145 1571 1145 1572 897 1572 1146 1572 897 1573 1095 1573 1146 1573 1146 1574 1095 1574 1147 1574 1095 1575 1087 1575 1147 1575 1147 1576 1087 1576 1148 1576 1087 1577 1089 1577 1148 1577 1148 1578 1089 1578 1106 1578 1089 1579 1143 1579 1106 1579 1106 1580 1143 1580 1108 1580 1145 1581 1149 1581 1144 1581 1149 1582 1150 1582 1144 1582 1144 1583 1150 1583 1151 1583 1150 1584 1152 1584 1151 1584 1151 1585 1152 1585 1153 1585 1152 1586 1154 1586 1153 1586 1153 1587 1154 1587 1155 1587 1154 1588 1156 1588 1155 1588 1155 1589 1156 1589 1157 1589 1156 1590 1158 1590 1157 1590 1157 1591 1158 1591 1159 1591 1158 1592 1160 1592 1159 1592 1159 1593 1160 1593 1161 1593 1160 1594 1162 1594 1161 1594 1161 1595 1162 1595 1163 1595 1162 1596 1164 1596 1163 1596 1163 1597 1164 1597 1165 1597 1164 1598 1166 1598 1165 1598 1165 1599 1166 1599 1167 1599 1166 1600 1168 1600 1167 1600 1167 1601 1168 1601 1169 1601 1149 1602 1170 1602 1150 1602 1170 1603 1171 1603 1150 1603 1150 1604 1171 1604 1152 1604 1171 1605 1172 1605 1152 1605 1152 1606 1172 1606 1154 1606 1172 1607 1173 1607 1154 1607 1154 1608 1173 1608 1156 1608 1173 1609 1174 1609 1156 1609 1156 1610 1174 1610 1158 1610 1174 1611 1175 1611 1158 1611 1158 1612 1175 1612 1160 1612 1175 1613 1176 1613 1160 1613 1160 1614 1176 1614 1162 1614 1176 1615 1177 1615 1162 1615 1162 1616 1177 1616 1164 1616 1177 1617 1178 1617 1164 1617 1164 1618 1178 1618 1166 1618 1178 1619 1179 1619 1166 1619 1166 1620 1179 1620 1168 1620 288 1621 287 1621 821 1621 287 1622 884 1622 821 1622 821 1623 884 1623 820 1623 884 1624 883 1624 820 1624 820 1625 883 1625 819 1625 883 1626 887 1626 819 1626 819 1627 887 1627 818 1627 887 1628 889 1628 818 1628 818 1629 889 1629 817 1629 889 1630 888 1630 817 1630 817 1631 888 1631 822 1631 888 1632 891 1632 822 1632 822 1633 891 1633 823 1633 891 1634 892 1634 823 1634 823 1635 892 1635 824 1635 892 1636 894 1636 824 1636 824 1637 894 1637 825 1637 894 1638 896 1638 825 1638 825 1639 896 1639 826 1639 896 1640 898 1640 826 1640 826 1641 898 1641 827 1641 898 1642 1144 1642 827 1642 827 1643 1144 1643 828 1643 1144 1644 1151 1644 828 1644 828 1645 1151 1645 829 1645 1151 1646 1153 1646 829 1646 829 1647 1153 1647 830 1647 1153 1648 1155 1648 830 1648 830 1649 1155 1649 831 1649 1155 1650 1157 1650 831 1650 831 1651 1157 1651 832 1651 1157 1652 1159 1652 832 1652 832 1653 1159 1653 833 1653 1159 1654 1161 1654 833 1654 833 1655 1161 1655 834 1655 1161 1656 1163 1656 834 1656 834 1657 1163 1657 835 1657 1163 1658 1165 1658 835 1658 835 1659 1165 1659 836 1659 1165 1660 1167 1660 836 1660 836 1661 1167 1661 837 1661 1167 1662 1169 1662 837 1662 837 1663 1169 1663 838 1663 1180 1664 1181 1664 1182 1664 1183 1665 1184 1665 1185 1665 1186 1666 1187 1666 1188 1666 1182 1667 1181 1667 1189 1667 1190 1668 1191 1668 1192 1668 1191 1669 1193 1669 1192 1669 1192 1670 1193 1670 1194 1670 1193 1671 1195 1671 1194 1671 1194 1672 1195 1672 1196 1672 1105 1673 1113 1673 1106 1673 1113 1674 1111 1674 1106 1674 1106 1675 1111 1675 1148 1675 1111 1676 1197 1676 1148 1676 1148 1677 1197 1677 1147 1677 1197 1678 1198 1678 1147 1678 1147 1679 1198 1679 1146 1679 1198 1680 1199 1680 1146 1680 1146 1681 1199 1681 1145 1681 1199 1682 1200 1682 1145 1682 1145 1683 1200 1683 1149 1683 1200 1684 1201 1684 1149 1684 1149 1685 1201 1685 1170 1685 1201 1686 1202 1686 1170 1686 1170 1687 1202 1687 1171 1687 1202 1688 1203 1688 1171 1688 1171 1689 1203 1689 1172 1689 1203 1690 1204 1690 1172 1690 1172 1691 1204 1691 1173 1691 1204 1692 1205 1692 1173 1692 1173 1693 1205 1693 1174 1693 1205 1694 1206 1694 1174 1694 1174 1695 1206 1695 1175 1695 1206 1696 1207 1696 1175 1696 1175 1697 1207 1697 1176 1697 1207 1698 1208 1698 1176 1698 1176 1699 1208 1699 1177 1699 1208 1700 1209 1700 1177 1700 1177 1701 1209 1701 1178 1701 1209 1702 1210 1702 1178 1702 1178 1703 1210 1703 1179 1703 1211 1704 1212 1704 1213 1704 1212 1705 1214 1705 1213 1705 1213 1706 1214 1706 1215 1706 1214 1707 1216 1707 1215 1707 1217 1708 1218 1708 1219 1708 1218 1709 1220 1709 1219 1709 1216 1710 1221 1710 1215 1710 1221 1711 1222 1711 1215 1711 1215 1712 1222 1712 1220 1712 1222 1713 1223 1713 1220 1713 1220 1714 1223 1714 1219 1714 1224 1715 1213 1715 1225 1715 1213 1716 1215 1716 1225 1716 1225 1717 1215 1717 1226 1717 1215 1718 1220 1718 1226 1718 1226 1719 1220 1719 1227 1719 1220 1720 1218 1720 1227 1720 1227 1721 1218 1721 1228 1721 1218 1722 1229 1722 1228 1722 1228 1723 1229 1723 1230 1723 234 1724 1231 1724 235 1724 1231 1725 1232 1725 235 1725 235 1726 1232 1726 1233 1726 230 1727 232 1727 1234 1727 232 1728 1235 1728 1234 1728 1234 1729 1235 1729 1236 1729 1237 1730 233 1730 1238 1730 233 1731 235 1731 1238 1731 1238 1732 235 1732 1239 1732 235 1733 1233 1733 1239 1733 1239 1734 1233 1734 1240 1734 1233 1735 1235 1735 1240 1735 1240 1736 1235 1736 1241 1736 1235 1737 232 1737 1241 1737 1241 1738 232 1738 1242 1738 1232 1739 1243 1739 1233 1739 1243 1740 1244 1740 1233 1740 1233 1741 1244 1741 1235 1741 1244 1742 1245 1742 1235 1742 1235 1743 1245 1743 1236 1743 1246 1744 1237 1744 1229 1744 1237 1745 1238 1745 1229 1745 1229 1746 1238 1746 1230 1746 1238 1747 1239 1747 1230 1747 1230 1748 1239 1748 1247 1748 1239 1749 1240 1749 1247 1749 1247 1750 1240 1750 1248 1750 1240 1751 1241 1751 1248 1751 1248 1752 1241 1752 1249 1752 1241 1753 1242 1753 1249 1753 1249 1754 1242 1754 1250 1754 1217 1755 1251 1755 1218 1755 1251 1756 1252 1756 1218 1756 1218 1757 1252 1757 1229 1757 1252 1758 1253 1758 1229 1758 1229 1759 1253 1759 1246 1759 1195 1760 1254 1760 1196 1760 1254 1761 1255 1761 1196 1761 1196 1762 1255 1762 1256 1762 1255 1763 1257 1763 1256 1763 1256 1764 1257 1764 1258 1764 1257 1765 1259 1765 1258 1765 1258 1766 1259 1766 1260 1766 1259 1767 1261 1767 1260 1767 1260 1768 1261 1768 1262 1768 1261 1769 1263 1769 1262 1769 1262 1770 1263 1770 1264 1770 1263 1771 1265 1771 1264 1771 1264 1772 1265 1772 1266 1772 1254 1773 1267 1773 1255 1773 1267 1774 1268 1774 1255 1774 1255 1775 1268 1775 1257 1775 1268 1776 1269 1776 1257 1776 1257 1777 1269 1777 1259 1777 1269 1778 1270 1778 1259 1778 1259 1779 1270 1779 1261 1779 1270 1780 229 1780 1261 1780 1261 1781 229 1781 1263 1781 229 1782 228 1782 1263 1782 1263 1783 228 1783 1265 1783 1102 1784 1190 1784 1271 1784 1190 1785 1192 1785 1271 1785 1271 1786 1192 1786 1272 1786 1192 1787 1194 1787 1272 1787 1272 1788 1194 1788 1273 1788 1194 1789 1196 1789 1273 1789 1273 1790 1196 1790 1274 1790 1196 1791 1256 1791 1274 1791 1274 1792 1256 1792 1275 1792 1256 1793 1258 1793 1275 1793 1275 1794 1258 1794 1276 1794 1258 1795 1260 1795 1276 1795 1276 1796 1260 1796 1277 1796 1260 1797 1262 1797 1277 1797 1277 1798 1262 1798 1278 1798 1262 1799 1264 1799 1278 1799 1278 1800 1264 1800 1279 1800 1264 1801 1266 1801 1279 1801 1279 1802 1266 1802 1280 1802 1184 1803 1183 1803 1281 1803 1183 1804 1282 1804 1281 1804 1281 1805 1282 1805 1283 1805 1284 1806 1285 1806 1286 1806 1285 1807 1287 1807 1286 1807 1286 1808 1287 1808 1283 1808 1283 1809 1287 1809 1281 1809 1287 1810 1288 1810 1281 1810 1281 1811 1288 1811 1184 1811 1250 1812 227 1812 1249 1812 227 1813 229 1813 1249 1813 1249 1814 229 1814 1248 1814 229 1815 1270 1815 1248 1815 1248 1816 1270 1816 1247 1816 1270 1817 1269 1817 1247 1817 1247 1818 1269 1818 1230 1818 1269 1819 1268 1819 1230 1819 1230 1820 1268 1820 1228 1820 1268 1821 1267 1821 1228 1821 1228 1822 1267 1822 1227 1822 1267 1823 1254 1823 1227 1823 1227 1824 1254 1824 1226 1824 1254 1825 1195 1825 1226 1825 1226 1826 1195 1826 1225 1826 1195 1827 1193 1827 1225 1827 1225 1828 1193 1828 1224 1828 1193 1829 1191 1829 1224 1829 226 1830 1289 1830 1290 1830 1289 1831 1291 1831 1290 1831 1290 1832 1291 1832 1292 1832 224 1833 226 1833 1293 1833 1294 1834 1293 1834 1295 1834 1293 1835 226 1835 1295 1835 1295 1836 226 1836 1296 1836 226 1837 1290 1837 1296 1837 1296 1838 1290 1838 1297 1838 1290 1839 1292 1839 1297 1839 1297 1840 1292 1840 1298 1840 1289 1841 1299 1841 1300 1841 1300 1842 1301 1842 1289 1842 1301 1843 1302 1843 1289 1843 1289 1844 1302 1844 1291 1844 225 1845 1303 1845 226 1845 1303 1846 1304 1846 226 1846 226 1847 1304 1847 1289 1847 1304 1848 1305 1848 1289 1848 1289 1849 1305 1849 1299 1849 1306 1850 1307 1850 1308 1850 1307 1851 1309 1851 1308 1851 1308 1852 1309 1852 1310 1852 1309 1853 1311 1853 1310 1853 1310 1854 1311 1854 1312 1854 1311 1855 1313 1855 1312 1855 1312 1856 1313 1856 1314 1856 1313 1857 1315 1857 1314 1857 1314 1858 1315 1858 1316 1858 1315 1859 1317 1859 1316 1859 1316 1860 1317 1860 1318 1860 1319 1861 1320 1861 1321 1861 1320 1862 1322 1862 1321 1862 1321 1863 1322 1863 1323 1863 1324 1864 1325 1864 1326 1864 1325 1865 1327 1865 1326 1865 1326 1866 1327 1866 1328 1866 1327 1867 1329 1867 1328 1867 1328 1868 1329 1868 1330 1868 1329 1869 1331 1869 1330 1869 1330 1870 1331 1870 1332 1870 1331 1871 1333 1871 1332 1871 1332 1872 1333 1872 1334 1872 1333 1873 1335 1873 1334 1873 1334 1874 1335 1874 1336 1874 1335 1875 1321 1875 1336 1875 1336 1876 1321 1876 1337 1876 1321 1877 1323 1877 1337 1877 1318 1878 1338 1878 1316 1878 1338 1879 1339 1879 1316 1879 1316 1880 1339 1880 1340 1880 1325 1881 1306 1881 1327 1881 1306 1882 1308 1882 1327 1882 1327 1883 1308 1883 1329 1883 1308 1884 1310 1884 1329 1884 1329 1885 1310 1885 1331 1885 1310 1886 1312 1886 1331 1886 1331 1887 1312 1887 1333 1887 1312 1888 1314 1888 1333 1888 1333 1889 1314 1889 1335 1889 1314 1890 1316 1890 1335 1890 1335 1891 1316 1891 1321 1891 1316 1892 1340 1892 1321 1892 1321 1893 1340 1893 1319 1893 1341 1894 1342 1894 1315 1894 1342 1895 1343 1895 1315 1895 1315 1896 1343 1896 1317 1896 1301 1897 1344 1897 1302 1897 1344 1898 1345 1898 1302 1898 1302 1899 1345 1899 1346 1899 1307 1900 1298 1900 1309 1900 1298 1901 1292 1901 1309 1901 1309 1902 1292 1902 1311 1902 1292 1903 1291 1903 1311 1903 1311 1904 1291 1904 1313 1904 1291 1905 1302 1905 1313 1905 1313 1906 1302 1906 1315 1906 1302 1907 1346 1907 1315 1907 1315 1908 1346 1908 1341 1908 1282 1909 1347 1909 1283 1909 1347 1910 1348 1910 1283 1910 1283 1911 1348 1911 1286 1911 1348 1912 1349 1912 1286 1912 1286 1913 1349 1913 1284 1913 1349 1914 214 1914 1284 1914 1350 1915 1351 1915 1295 1915 1351 1916 1352 1916 1295 1916 1295 1917 1352 1917 1294 1917 231 1918 1350 1918 232 1918 1350 1919 1295 1919 232 1919 232 1920 1295 1920 1242 1920 1295 1921 1296 1921 1242 1921 1242 1922 1296 1922 1250 1922 1296 1923 1297 1923 1250 1923 1250 1924 1297 1924 227 1924 1297 1925 1298 1925 227 1925 227 1926 1298 1926 228 1926 1298 1927 1307 1927 228 1927 228 1928 1307 1928 1265 1928 1307 1929 1306 1929 1265 1929 1265 1930 1306 1930 1266 1930 1306 1931 1325 1931 1266 1931 1266 1932 1325 1932 1280 1932 1325 1933 1324 1933 1280 1933 1280 1934 1324 1934 1353 1934 1139 1935 1354 1935 1128 1935 1354 1936 1355 1936 1128 1936 1128 1937 1355 1937 1129 1937 1355 1938 1356 1938 1129 1938 1129 1939 1356 1939 1357 1939 1102 1940 1104 1940 1190 1940 1104 1941 1125 1941 1190 1941 1190 1942 1125 1942 1191 1942 1125 1943 1127 1943 1191 1943 1191 1944 1127 1944 1224 1944 1127 1945 1129 1945 1224 1945 1224 1946 1129 1946 1213 1946 1129 1947 1357 1947 1213 1947 1213 1948 1357 1948 1211 1948 223 1949 222 1949 1358 1949 222 1950 1359 1950 1358 1950 1358 1951 1359 1951 1360 1951 1359 1952 1361 1952 1360 1952 1360 1953 1361 1953 1362 1953 1361 1954 1363 1954 1362 1954 1362 1955 1363 1955 1364 1955 1363 1956 1365 1956 1364 1956 1364 1957 1365 1957 1366 1957 1365 1958 1367 1958 1366 1958 1366 1959 1367 1959 1368 1959 1369 1960 1370 1960 1371 1960 223 1961 1372 1961 220 1961 1372 1962 1369 1962 220 1962 220 1963 1369 1963 218 1963 1369 1964 1371 1964 218 1964 218 1965 1371 1965 221 1965 718 1966 1373 1966 1374 1966 1373 1967 1375 1967 1374 1967 1374 1968 1375 1968 1376 1968 1375 1969 1377 1969 1376 1969 1376 1970 1377 1970 1378 1970 1379 1971 1380 1971 1381 1971 718 1972 719 1972 1373 1972 719 1973 1379 1973 1373 1973 1373 1974 1379 1974 1375 1974 1379 1975 1381 1975 1375 1975 1375 1976 1381 1976 1377 1976 1370 1977 1380 1977 1371 1977 1380 1978 1379 1978 1371 1978 1371 1979 1379 1979 221 1979 1379 1980 719 1980 221 1980 221 1981 719 1981 219 1981 719 1982 720 1982 219 1982 219 1983 720 1983 220 1983 720 1984 721 1984 220 1984 220 1985 721 1985 222 1985 721 1986 722 1986 222 1986 222 1987 722 1987 1359 1987 722 1988 723 1988 1359 1988 1359 1989 723 1989 1361 1989 723 1990 724 1990 1361 1990 1361 1991 724 1991 1363 1991 724 1992 725 1992 1363 1992 1363 1993 725 1993 1365 1993 725 1994 726 1994 1365 1994 1365 1995 726 1995 1367 1995 192 1996 1382 1996 193 1996 1382 1997 1383 1997 193 1997 193 1998 1383 1998 1384 1998 1382 1999 215 1999 1385 1999 214 2000 213 2000 1284 2000 213 2001 1386 2001 1284 2001 1284 2002 1386 2002 1285 2002 1386 2003 1387 2003 1285 2003 1285 2004 1387 2004 1287 2004 1387 2005 1388 2005 1287 2005 1287 2006 1388 2006 1288 2006 1389 2007 1390 2007 1391 2007 1390 2008 1392 2008 1391 2008 1391 2009 1392 2009 1393 2009 1394 2010 1395 2010 1396 2010 1395 2011 1397 2011 1396 2011 1396 2012 1397 2012 1398 2012 1185 2013 1186 2013 1183 2013 1186 2014 1188 2014 1183 2014 1183 2015 1188 2015 1282 2015 1188 2016 1399 2016 1282 2016 1282 2017 1399 2017 1347 2017 1399 2018 1400 2018 1347 2018 1347 2019 1400 2019 1348 2019 1400 2020 1401 2020 1348 2020 1348 2021 1401 2021 1349 2021 1401 2022 1402 2022 1349 2022 1349 2023 1402 2023 214 2023 1402 2024 1403 2024 214 2024 214 2025 1403 2025 212 2025 1403 2026 1404 2026 212 2026 212 2027 1404 2027 1405 2027 1406 2028 210 2028 1407 2028 210 2029 209 2029 1407 2029 1407 2030 209 2030 1408 2030 1404 2031 1408 2031 1405 2031 1408 2032 209 2032 1405 2032 1405 2033 209 2033 212 2033 209 2034 211 2034 212 2034 212 2035 211 2035 213 2035 211 2036 1409 2036 213 2036 213 2037 1409 2037 1386 2037 1409 2038 1410 2038 1386 2038 1386 2039 1410 2039 1387 2039 1410 2040 1411 2040 1387 2040 1387 2041 1411 2041 1388 2041 1412 2042 1413 2042 1414 2042 1415 2043 1416 2043 1417 2043 1416 2044 1418 2044 1417 2044 1417 2045 1418 2045 1419 2045 1398 2046 1414 2046 1396 2046 1414 2047 1413 2047 1396 2047 1396 2048 1413 2048 1394 2048 1413 2049 1418 2049 1394 2049 1394 2050 1418 2050 1420 2050 1418 2051 1416 2051 1420 2051 1420 2052 1416 2052 1421 2052 1412 2053 1422 2053 1413 2053 1422 2054 1423 2054 1413 2054 1413 2055 1423 2055 1418 2055 1423 2056 1424 2056 1418 2056 1418 2057 1424 2057 1419 2057 1421 2058 1406 2058 1420 2058 1406 2059 1407 2059 1420 2059 1420 2060 1407 2060 1394 2060 1407 2061 1408 2061 1394 2061 1394 2062 1408 2062 1395 2062 1408 2063 1404 2063 1395 2063 1395 2064 1404 2064 1397 2064 1404 2065 1403 2065 1397 2065 1397 2066 1403 2066 1425 2066 1403 2067 1402 2067 1425 2067 1425 2068 1402 2068 1426 2068 1402 2069 1401 2069 1426 2069 1426 2070 1401 2070 1427 2070 1401 2071 1400 2071 1427 2071 1427 2072 1400 2072 1428 2072 1400 2073 1399 2073 1428 2073 1428 2074 1399 2074 1429 2074 1399 2075 1188 2075 1429 2075 1429 2076 1188 2076 1189 2076 1188 2077 1187 2077 1189 2077 1189 2078 1187 2078 1182 2078 1430 2079 1431 2079 1432 2079 1431 2080 1433 2080 1432 2080 1433 2081 206 2081 1432 2081 206 2082 208 2082 1432 2082 1432 2083 208 2083 1434 2083 208 2084 1435 2084 1434 2084 1434 2085 1435 2085 1436 2085 199 2086 204 2086 200 2086 204 2087 201 2087 200 2087 200 2088 201 2088 1437 2088 201 2089 203 2089 1437 2089 1437 2090 203 2090 1438 2090 207 2091 198 2091 208 2091 198 2092 200 2092 208 2092 208 2093 200 2093 1435 2093 200 2094 1437 2094 1435 2094 1435 2095 1437 2095 1436 2095 1437 2096 1438 2096 1436 2096 1436 2097 1438 2097 1439 2097 1438 2098 1440 2098 1439 2098 1439 2099 1440 2099 1441 2099 1440 2100 1442 2100 1441 2100 1441 2101 1442 2101 1443 2101 1442 2102 1444 2102 1443 2102 1443 2103 1444 2103 1445 2103 1415 2104 1430 2104 1416 2104 1430 2105 1432 2105 1416 2105 1416 2106 1432 2106 1421 2106 1432 2107 1434 2107 1421 2107 1421 2108 1434 2108 1406 2108 1434 2109 1436 2109 1406 2109 1406 2110 1436 2110 210 2110 1436 2111 1439 2111 210 2111 210 2112 1439 2112 211 2112 1439 2113 1441 2113 211 2113 211 2114 1441 2114 1409 2114 1441 2115 1443 2115 1409 2115 1409 2116 1443 2116 1410 2116 1443 2117 1445 2117 1410 2117 1410 2118 1445 2118 1411 2118 1390 2119 1446 2119 1392 2119 1446 2120 1447 2120 1392 2120 1392 2121 1447 2121 1393 2121 1447 2122 1448 2122 1393 2122 1393 2123 1448 2123 1449 2123 1448 2124 217 2124 1449 2124 1449 2125 217 2125 1450 2125 217 2126 216 2126 1450 2126 1450 2127 216 2127 1451 2127 194 2128 193 2128 1452 2128 193 2129 1384 2129 1452 2129 1452 2130 1384 2130 1453 2130 1454 2131 1455 2131 1456 2131 1455 2132 1457 2132 1456 2132 1456 2133 1457 2133 1458 2133 1457 2134 1389 2134 1458 2134 1458 2135 1389 2135 1459 2135 1389 2136 1391 2136 1459 2136 1459 2137 1391 2137 1460 2137 1391 2138 1393 2138 1460 2138 1460 2139 1393 2139 1461 2139 1393 2140 1449 2140 1461 2140 1461 2141 1449 2141 1462 2141 1449 2142 1450 2142 1462 2142 1462 2143 1450 2143 1463 2143 1450 2144 1451 2144 1463 2144 1463 2145 1451 2145 1464 2145 1465 2146 1466 2146 195 2146 1466 2147 1467 2147 195 2147 195 2148 1467 2148 196 2148 1465 2149 1468 2149 1466 2149 1468 2150 1469 2150 1466 2150 1466 2151 1469 2151 1470 2151 1469 2152 1471 2152 1470 2152 1470 2153 1471 2153 1454 2153 1472 2154 1471 2154 1473 2154 1471 2155 1469 2155 1473 2155 1473 2156 1469 2156 1474 2156 1469 2157 1468 2157 1474 2157 1474 2158 1468 2158 1475 2158 1468 2159 1465 2159 1475 2159 1475 2160 1465 2160 1476 2160 1465 2161 195 2161 1476 2161 1476 2162 195 2162 1477 2162 195 2163 197 2163 1477 2163 1478 2164 1472 2164 1479 2164 1472 2165 1473 2165 1479 2165 1479 2166 1473 2166 1480 2166 1473 2167 1474 2167 1480 2167 1480 2168 1474 2168 1481 2168 1474 2169 1475 2169 1481 2169 1481 2170 1475 2170 1482 2170 1475 2171 1476 2171 1482 2171 1482 2172 1476 2172 1483 2172 1476 2173 1477 2173 1483 2173 1483 2174 1477 2174 1484 2174 1477 2175 197 2175 1484 2175 1485 2176 1486 2176 1487 2176 1454 2177 1471 2177 1455 2177 1471 2178 1472 2178 1455 2178 1455 2179 1472 2179 1457 2179 1472 2180 1478 2180 1457 2180 1457 2181 1478 2181 1389 2181 1478 2182 1488 2182 1389 2182 1389 2183 1488 2183 1390 2183 1488 2184 1489 2184 1390 2184 1390 2185 1489 2185 1446 2185 205 2186 1490 2186 201 2186 1490 2187 1491 2187 201 2187 201 2188 1491 2188 202 2188 1491 2189 1492 2189 202 2189 202 2190 1492 2190 1485 2190 1492 2191 1493 2191 1485 2191 1485 2192 1493 2192 1486 2192 460 2193 1494 2193 462 2193 1494 2194 1495 2194 462 2194 462 2195 1495 2195 400 2195 1495 2196 1496 2196 400 2196 400 2197 1496 2197 401 2197 1496 2198 1497 2198 401 2198 401 2199 1497 2199 1498 2199 1497 2200 1499 2200 1498 2200 1498 2201 1499 2201 1500 2201 1501 2202 1502 2202 1503 2202 1502 2203 1504 2203 1503 2203 1503 2204 1504 2204 1505 2204 1504 2205 1506 2205 1505 2205 1500 2206 1506 2206 1498 2206 1506 2207 1504 2207 1498 2207 1498 2208 1504 2208 401 2208 1504 2209 1502 2209 401 2209 401 2210 1502 2210 399 2210 1502 2211 1501 2211 399 2211 215 2212 217 2212 1385 2212 217 2213 1448 2213 1385 2213 1385 2214 1448 2214 1507 2214 1448 2215 1447 2215 1507 2215 1507 2216 1447 2216 1508 2216 1447 2217 1446 2217 1508 2217 1508 2218 1446 2218 1509 2218 1446 2219 1489 2219 1509 2219 1509 2220 1489 2220 1510 2220 1489 2221 1488 2221 1510 2221 1510 2222 1488 2222 1511 2222 1488 2223 1478 2223 1511 2223 1511 2224 1478 2224 1512 2224 1478 2225 1479 2225 1512 2225 1512 2226 1479 2226 1513 2226 1479 2227 1480 2227 1513 2227 1513 2228 1480 2228 1514 2228 1480 2229 1481 2229 1514 2229 1514 2230 1481 2230 1515 2230 1481 2231 1482 2231 1515 2231 1515 2232 1482 2232 1516 2232 1482 2233 1483 2233 1516 2233 1516 2234 1483 2234 1517 2234 1483 2235 1484 2235 1517 2235 1517 2236 1484 2236 1518 2236 1484 2237 197 2237 1518 2237 1518 2238 197 2238 1519 2238 1382 2239 1385 2239 1383 2239 1385 2240 1507 2240 1383 2240 1383 2241 1507 2241 1384 2241 1507 2242 1508 2242 1384 2242 1384 2243 1508 2243 1453 2243 1508 2244 1509 2244 1453 2244 1453 2245 1509 2245 1520 2245 1509 2246 1510 2246 1520 2246 1520 2247 1510 2247 1521 2247 1510 2248 1511 2248 1521 2248 1521 2249 1511 2249 1522 2249 1511 2250 1512 2250 1522 2250 1522 2251 1512 2251 1523 2251 1512 2252 1513 2252 1523 2252 1523 2253 1513 2253 1524 2253 1513 2254 1514 2254 1524 2254 1524 2255 1514 2255 1525 2255 1514 2256 1515 2256 1525 2256 1525 2257 1515 2257 1526 2257 1515 2258 1516 2258 1526 2258 1526 2259 1516 2259 1527 2259 1516 2260 1517 2260 1527 2260 1527 2261 1517 2261 1528 2261 1517 2262 1518 2262 1528 2262 1528 2263 1518 2263 1529 2263 1518 2264 1519 2264 1529 2264 1529 2265 1519 2265 1530 2265 448 2266 421 2266 449 2266 421 2267 420 2267 449 2267 449 2268 420 2268 1531 2268 420 2269 418 2269 1531 2269 1531 2270 418 2270 1532 2270 418 2271 416 2271 1532 2271 1532 2272 416 2272 1533 2272 416 2273 414 2273 1533 2273 1533 2274 414 2274 1534 2274 414 2275 412 2275 1534 2275 1534 2276 412 2276 1535 2276 412 2277 410 2277 1535 2277 1535 2278 410 2278 1536 2278 410 2279 408 2279 1536 2279 1536 2280 408 2280 1537 2280 408 2281 406 2281 1537 2281 1537 2282 406 2282 1538 2282 406 2283 405 2283 1538 2283 1538 2284 405 2284 1539 2284 405 2285 1540 2285 1539 2285 1539 2286 1540 2286 1541 2286 1540 2287 1542 2287 1541 2287 1541 2288 1542 2288 1543 2288 1542 2289 1544 2289 1543 2289 1543 2290 1544 2290 1545 2290 1544 2291 1546 2291 1545 2291 1545 2292 1546 2292 1547 2292 1546 2293 1548 2293 1547 2293 1547 2294 1548 2294 1549 2294 1548 2295 1550 2295 1549 2295 1549 2296 1550 2296 1551 2296 1550 2297 1552 2297 1551 2297 1551 2298 1552 2298 1553 2298 107 2299 344 2299 352 2299 344 2300 569 2300 352 2300 352 2301 569 2301 580 2301 569 2302 568 2302 580 2302 580 2303 568 2303 533 2303 568 2304 567 2304 533 2304 533 2305 567 2305 532 2305 567 2306 566 2306 532 2306 532 2307 566 2307 478 2307 566 2308 565 2308 478 2308 478 2309 565 2309 438 2309 565 2310 312 2310 438 2310 438 2311 312 2311 439 2311 312 2312 314 2312 439 2312 439 2313 314 2313 403 2313 314 2314 315 2314 403 2314 403 2315 315 2315 404 2315 315 2316 427 2316 404 2316 404 2317 427 2317 1554 2317 427 2318 426 2318 1554 2318 1554 2319 426 2319 1555 2319 426 2320 425 2320 1555 2320 1555 2321 425 2321 1556 2321 425 2322 423 2322 1556 2322 1556 2323 423 2323 1557 2323 1368 2324 1558 2324 1366 2324 1558 2325 1559 2325 1366 2325 1366 2326 1559 2326 1364 2326 1559 2327 1560 2327 1364 2327 1364 2328 1560 2328 1362 2328 1560 2329 1561 2329 1362 2329 1362 2330 1561 2330 1360 2330 1561 2331 1562 2331 1360 2331 1360 2332 1562 2332 1358 2332 1562 2333 1563 2333 1358 2333 1358 2334 1563 2334 223 2334 1563 2335 1564 2335 223 2335 223 2336 1564 2336 1372 2336 1564 2337 1565 2337 1372 2337 1372 2338 1565 2338 1369 2338 1565 2339 1553 2339 1369 2339 1369 2340 1553 2340 1370 2340 1553 2341 1552 2341 1370 2341 1370 2342 1552 2342 1566 2342 1552 2343 1550 2343 1566 2343 1566 2344 1550 2344 1567 2344 1550 2345 1548 2345 1567 2345 1567 2346 1548 2346 1557 2346 1548 2347 1546 2347 1557 2347 1557 2348 1546 2348 1556 2348 1546 2349 1544 2349 1556 2349 1556 2350 1544 2350 1555 2350 1544 2351 1542 2351 1555 2351 1555 2352 1542 2352 1554 2352 1542 2353 1540 2353 1554 2353 1554 2354 1540 2354 404 2354 1540 2355 405 2355 404 2355 404 2356 405 2356 402 2356 405 2357 407 2357 402 2357 402 2358 407 2358 443 2358 407 2359 409 2359 443 2359 443 2360 409 2360 445 2360 409 2361 411 2361 445 2361 445 2362 411 2362 446 2362 411 2363 413 2363 446 2363 446 2364 413 2364 447 2364 413 2365 415 2365 447 2365 447 2366 415 2366 308 2366 415 2367 417 2367 308 2367 308 2368 417 2368 309 2368 417 2369 419 2369 309 2369 309 2370 419 2370 435 2370 419 2371 421 2371 435 2371 435 2372 421 2372 437 2372 421 2373 448 2373 437 2373 437 2374 448 2374 303 2374 448 2375 484 2375 303 2375 303 2376 484 2376 301 2376 1494 2377 1378 2377 1495 2377 1378 2378 1377 2378 1495 2378 1495 2379 1377 2379 1496 2379 1377 2380 1381 2380 1496 2380 1496 2381 1381 2381 1497 2381 1381 2382 1380 2382 1497 2382 1497 2383 1380 2383 1499 2383 1380 2384 1370 2384 1499 2384 1499 2385 1370 2385 1500 2385 1370 2386 1566 2386 1500 2386 1500 2387 1566 2387 1506 2387 1566 2388 1567 2388 1506 2388 1506 2389 1567 2389 1505 2389 1567 2390 1557 2390 1505 2390 1505 2391 1557 2391 1503 2391 1557 2392 423 2392 1503 2392 1503 2393 423 2393 1501 2393 423 2394 564 2394 1501 2394 1501 2395 564 2395 399 2395 564 2396 563 2396 399 2396 399 2397 563 2397 497 2397 563 2398 561 2398 497 2398 497 2399 561 2399 498 2399 561 2400 559 2400 498 2400 498 2401 559 2401 499 2401 559 2402 557 2402 499 2402 499 2403 557 2403 500 2403 557 2404 555 2404 500 2404 500 2405 555 2405 501 2405 555 2406 553 2406 501 2406 1568 2407 1569 2407 1414 2407 1569 2408 1570 2408 1414 2408 1414 2409 1570 2409 1412 2409 1323 2410 1571 2410 1337 2410 1571 2411 1572 2411 1337 2411 1337 2412 1572 2412 1573 2412 1181 2413 1353 2413 1189 2413 1353 2414 1324 2414 1189 2414 1189 2415 1324 2415 1429 2415 1324 2416 1326 2416 1429 2416 1429 2417 1326 2417 1428 2417 1326 2418 1328 2418 1428 2418 1428 2419 1328 2419 1427 2419 1328 2420 1330 2420 1427 2420 1427 2421 1330 2421 1426 2421 1330 2422 1332 2422 1426 2422 1426 2423 1332 2423 1425 2423 1332 2424 1334 2424 1425 2424 1425 2425 1334 2425 1397 2425 1334 2426 1336 2426 1397 2426 1397 2427 1336 2427 1398 2427 1336 2428 1337 2428 1398 2428 1398 2429 1337 2429 1414 2429 1337 2430 1573 2430 1414 2430 1414 2431 1573 2431 1568 2431 173 2432 1574 2432 1575 2432 1576 2433 1577 2433 1578 2433 1577 2434 1579 2434 1578 2434 1580 2435 1581 2435 180 2435 1581 2436 1582 2436 180 2436 180 2437 1582 2437 181 2437 189 2438 1580 2438 190 2438 1580 2439 180 2439 190 2439 190 2440 180 2440 1583 2440 180 2441 182 2441 1583 2441 1583 2442 182 2442 1584 2442 1585 2443 1586 2443 1587 2443 1586 2444 1588 2444 1587 2444 1587 2445 1588 2445 1589 2445 164 2446 1590 2446 184 2446 1590 2447 1591 2447 184 2447 184 2448 1591 2448 183 2448 1591 2449 1592 2449 183 2449 183 2450 1592 2450 191 2450 1592 2451 1591 2451 191 2451 191 2452 1591 2452 1590 2452 1579 2453 188 2453 1578 2453 188 2454 190 2454 1578 2454 1578 2455 190 2455 1593 2455 190 2456 1583 2456 1593 2456 1593 2457 1583 2457 1594 2457 1583 2458 1584 2458 1594 2458 1594 2459 1584 2459 1595 2459 1596 2460 1597 2460 1598 2460 1599 2461 1600 2461 1601 2461 1600 2462 1602 2462 1601 2462 1601 2463 1602 2463 1603 2463 1602 2464 1604 2464 1603 2464 1603 2465 1604 2465 1605 2465 1604 2466 1606 2466 1605 2466 1605 2467 1606 2467 1607 2467 1606 2468 1608 2468 1607 2468 1607 2469 1608 2469 1609 2469 1609 2470 1608 2470 1610 2470 1608 2471 168 2471 1610 2471 1610 2472 168 2472 1611 2472 168 2473 170 2473 1611 2473 1611 2474 170 2474 1612 2474 1613 2475 1614 2475 1615 2475 1614 2476 1616 2476 1615 2476 1615 2477 1616 2477 1617 2477 169 2478 168 2478 1618 2478 168 2479 1608 2479 1618 2479 1618 2480 1608 2480 1619 2480 1608 2481 1606 2481 1619 2481 1619 2482 1606 2482 1620 2482 1606 2483 1604 2483 1620 2483 1620 2484 1604 2484 1621 2484 1604 2485 1602 2485 1621 2485 1621 2486 1602 2486 1622 2486 1602 2487 1600 2487 1622 2487 1622 2488 1600 2488 1623 2488 1624 2489 170 2489 1625 2489 170 2490 169 2490 1625 2490 1625 2491 169 2491 1626 2491 169 2492 1618 2492 1626 2492 1626 2493 1618 2493 1627 2493 1618 2494 1619 2494 1627 2494 1627 2495 1619 2495 1628 2495 1619 2496 1620 2496 1628 2496 1628 2497 1620 2497 1629 2497 1620 2498 1621 2498 1629 2498 1629 2499 1621 2499 1630 2499 1621 2500 1622 2500 1630 2500 1630 2501 1622 2501 1631 2501 1622 2502 1623 2502 1631 2502 1632 2503 1616 2503 1624 2503 1616 2504 1614 2504 1624 2504 1624 2505 1614 2505 170 2505 1614 2506 1613 2506 170 2506 170 2507 1613 2507 1612 2507 1633 2508 1634 2508 1635 2508 1634 2509 1636 2509 1635 2509 1635 2510 1636 2510 191 2510 172 2511 171 2511 1637 2511 186 2512 1576 2512 187 2512 1576 2513 1578 2513 187 2513 187 2514 1578 2514 1638 2514 1578 2515 1593 2515 1638 2515 1638 2516 1593 2516 1639 2516 1593 2517 1594 2517 1639 2517 1639 2518 1594 2518 1640 2518 1594 2519 1595 2519 1640 2519 1640 2520 1595 2520 1641 2520 1642 2521 1643 2521 1644 2521 1643 2522 1645 2522 1644 2522 1644 2523 1645 2523 1646 2523 1645 2524 1647 2524 1646 2524 1646 2525 1647 2525 1648 2525 1647 2526 1649 2526 1648 2526 1648 2527 1649 2527 1650 2527 1649 2528 1651 2528 1650 2528 1650 2529 1651 2529 1652 2529 1651 2530 1653 2530 1652 2530 1652 2531 1653 2531 1654 2531 1653 2532 1655 2532 1654 2532 1654 2533 1655 2533 1656 2533 1655 2534 1657 2534 1656 2534 1656 2535 1657 2535 1658 2535 1659 2536 1644 2536 1660 2536 1644 2537 1646 2537 1660 2537 1660 2538 1646 2538 1661 2538 1646 2539 1648 2539 1661 2539 1661 2540 1648 2540 1662 2540 1648 2541 1650 2541 1662 2541 1662 2542 1650 2542 1663 2542 1650 2543 1652 2543 1663 2543 1663 2544 1652 2544 1664 2544 1652 2545 1654 2545 1664 2545 1664 2546 1654 2546 1632 2546 1654 2547 1656 2547 1632 2547 1632 2548 1656 2548 1616 2548 1656 2549 1658 2549 1616 2549 1616 2550 1658 2550 1617 2550 1665 2551 1659 2551 1666 2551 1659 2552 1660 2552 1666 2552 1666 2553 1660 2553 1667 2553 1660 2554 1661 2554 1667 2554 1667 2555 1661 2555 1668 2555 1661 2556 1662 2556 1668 2556 1668 2557 1662 2557 1669 2557 1662 2558 1663 2558 1669 2558 1669 2559 1663 2559 1670 2559 1663 2560 1664 2560 1670 2560 1670 2561 1664 2561 1671 2561 1664 2562 1632 2562 1671 2562 1671 2563 1632 2563 1672 2563 1632 2564 1624 2564 1672 2564 1672 2565 1624 2565 1673 2565 1624 2566 1625 2566 1673 2566 1673 2567 1625 2567 1674 2567 1625 2568 1626 2568 1674 2568 1674 2569 1626 2569 1675 2569 1626 2570 1627 2570 1675 2570 1675 2571 1627 2571 1676 2571 1627 2572 1628 2572 1676 2572 1676 2573 1628 2573 1677 2573 1628 2574 1629 2574 1677 2574 1677 2575 1629 2575 1678 2575 1629 2576 1630 2576 1678 2576 1678 2577 1630 2577 1679 2577 1630 2578 1631 2578 1679 2578 1623 2579 1598 2579 1631 2579 1598 2580 1597 2580 1631 2580 1631 2581 1597 2581 1679 2581 1597 2582 1680 2582 1679 2582 1679 2583 1680 2583 1678 2583 1680 2584 1681 2584 1678 2584 1678 2585 1681 2585 1677 2585 1681 2586 1682 2586 1677 2586 1677 2587 1682 2587 1676 2587 1682 2588 1683 2588 1676 2588 1676 2589 1683 2589 1675 2589 1683 2590 1684 2590 1675 2590 1675 2591 1684 2591 1674 2591 1684 2592 1685 2592 1674 2592 1674 2593 1685 2593 1673 2593 1685 2594 1686 2594 1673 2594 1673 2595 1686 2595 1672 2595 1686 2596 1687 2596 1672 2596 1672 2597 1687 2597 1671 2597 1687 2598 1688 2598 1671 2598 1671 2599 1688 2599 1670 2599 1688 2600 1689 2600 1670 2600 1670 2601 1689 2601 1669 2601 1689 2602 1690 2602 1669 2602 1669 2603 1690 2603 1668 2603 1690 2604 1691 2604 1668 2604 1668 2605 1691 2605 1667 2605 1691 2606 167 2606 1667 2606 1667 2607 167 2607 1666 2607 167 2608 166 2608 1666 2608 1666 2609 166 2609 1665 2609 156 2610 167 2610 157 2610 167 2611 1691 2611 157 2611 157 2612 1691 2612 161 2612 1691 2613 1690 2613 161 2613 161 2614 1690 2614 1692 2614 1690 2615 1689 2615 1692 2615 1692 2616 1689 2616 1693 2616 1689 2617 1688 2617 1693 2617 1693 2618 1688 2618 1694 2618 1688 2619 1687 2619 1694 2619 1694 2620 1687 2620 1695 2620 1687 2621 1686 2621 1695 2621 1695 2622 1686 2622 1696 2622 1686 2623 1685 2623 1696 2623 1696 2624 1685 2624 1697 2624 1685 2625 1684 2625 1697 2625 1697 2626 1684 2626 1698 2626 1684 2627 1683 2627 1698 2627 1698 2628 1683 2628 1699 2628 1683 2629 1682 2629 1699 2629 1699 2630 1682 2630 1700 2630 1682 2631 1681 2631 1700 2631 1700 2632 1681 2632 1701 2632 1681 2633 1680 2633 1701 2633 1701 2634 1680 2634 1702 2634 1680 2635 1597 2635 1702 2635 1702 2636 1597 2636 1703 2636 1597 2637 1596 2637 1703 2637 1703 2638 1596 2638 1704 2638 1705 2639 1633 2639 1706 2639 1633 2640 1635 2640 1706 2640 1706 2641 1635 2641 1707 2641 1635 2642 191 2642 1707 2642 163 2643 165 2643 1708 2643 165 2644 1709 2644 1708 2644 1708 2645 1709 2645 1710 2645 1575 2646 1711 2646 173 2646 1711 2647 1634 2647 173 2647 173 2648 1634 2648 171 2648 1634 2649 1633 2649 171 2649 171 2650 1633 2650 1637 2650 1633 2651 1705 2651 1637 2651 767 2652 727 2652 768 2652 727 2653 729 2653 768 2653 768 2654 729 2654 847 2654 729 2655 730 2655 847 2655 847 2656 730 2656 848 2656 730 2657 1712 2657 848 2657 848 2658 1712 2658 586 2658 1712 2659 1713 2659 586 2659 586 2660 1713 2660 1641 2660 1713 2661 1714 2661 1641 2661 1641 2662 1714 2662 1640 2662 1714 2663 1715 2663 1640 2663 1640 2664 1715 2664 1639 2664 1715 2665 1716 2665 1639 2665 1639 2666 1716 2666 1638 2666 1716 2667 1717 2667 1638 2667 1638 2668 1717 2668 187 2668 1717 2669 179 2669 187 2669 187 2670 179 2670 185 2670 179 2671 178 2671 185 2671 247 2672 1718 2672 276 2672 1718 2673 1719 2673 276 2673 276 2674 1719 2674 277 2674 1719 2675 1720 2675 277 2675 277 2676 1720 2676 1721 2676 1720 2677 1722 2677 1721 2677 1721 2678 1722 2678 1723 2678 1722 2679 1724 2679 1723 2679 1723 2680 1724 2680 1725 2680 1724 2681 1726 2681 1725 2681 1725 2682 1726 2682 1727 2682 1726 2683 1728 2683 1727 2683 1727 2684 1728 2684 1729 2684 1728 2685 1730 2685 1729 2685 1729 2686 1730 2686 1731 2686 1730 2687 1704 2687 1731 2687 1731 2688 1704 2688 1732 2688 1704 2689 1596 2689 1732 2689 1732 2690 1596 2690 1733 2690 1596 2691 1598 2691 1733 2691 1733 2692 1598 2692 1734 2692 1598 2693 1623 2693 1734 2693 1734 2694 1623 2694 1735 2694 1623 2695 1600 2695 1735 2695 1735 2696 1600 2696 1736 2696 1600 2697 1599 2697 1736 2697 164 2698 163 2698 1590 2698 163 2699 1708 2699 1590 2699 1590 2700 1708 2700 191 2700 1708 2701 1710 2701 191 2701 191 2702 1710 2702 1707 2702 1710 2703 1709 2703 1707 2703 1707 2704 1709 2704 1706 2704 1709 2705 586 2705 1706 2705 1706 2706 586 2706 1705 2706 586 2707 1641 2707 1705 2707 1705 2708 1641 2708 1637 2708 1641 2709 1595 2709 1637 2709 1637 2710 1595 2710 172 2710 1595 2711 1584 2711 172 2711 172 2712 1584 2712 173 2712 1584 2713 182 2713 173 2713 173 2714 182 2714 1574 2714 182 2715 181 2715 1574 2715 1574 2716 181 2716 1737 2716 586 2717 1709 2717 653 2717 1709 2718 165 2718 653 2718 653 2719 165 2719 164 2719 840 2720 866 2720 778 2720 866 2721 794 2721 778 2721 778 2722 794 2722 780 2722 794 2723 289 2723 780 2723 780 2724 289 2724 781 2724 289 2725 291 2725 781 2725 781 2726 291 2726 782 2726 291 2727 786 2727 782 2727 782 2728 786 2728 783 2728 786 2729 785 2729 783 2729 783 2730 785 2730 784 2730 785 2731 1738 2731 784 2731 784 2732 1738 2732 1739 2732 1738 2733 1740 2733 1739 2733 1739 2734 1740 2734 1741 2734 1740 2735 1742 2735 1741 2735 1741 2736 1742 2736 1743 2736 1742 2737 1744 2737 1743 2737 1743 2738 1744 2738 1745 2738 1744 2739 1746 2739 1745 2739 1745 2740 1746 2740 1747 2740 1746 2741 1748 2741 1747 2741 1747 2742 1748 2742 176 2742 1748 2743 1749 2743 176 2743 176 2744 1749 2744 174 2744 1749 2745 1750 2745 174 2745 174 2746 1750 2746 1751 2746 1750 2747 1752 2747 1751 2747 850 2748 851 2748 849 2748 851 2749 853 2749 849 2749 849 2750 853 2750 789 2750 853 2751 856 2751 789 2751 789 2752 856 2752 787 2752 856 2753 796 2753 787 2753 787 2754 796 2754 785 2754 796 2755 795 2755 785 2755 785 2756 795 2756 1738 2756 795 2757 1753 2757 1738 2757 1738 2758 1753 2758 1740 2758 1753 2759 1754 2759 1740 2759 1740 2760 1754 2760 1742 2760 1754 2761 1755 2761 1742 2761 1742 2762 1755 2762 1744 2762 1755 2763 1756 2763 1744 2763 1744 2764 1756 2764 1746 2764 1756 2765 1757 2765 1746 2765 1746 2766 1757 2766 1748 2766 1757 2767 1758 2767 1748 2767 1748 2768 1758 2768 1749 2768 1758 2769 1759 2769 1749 2769 1749 2770 1759 2770 1750 2770 1759 2771 1760 2771 1750 2771 1750 2772 1760 2772 1752 2772 1760 2773 1761 2773 1752 2773 846 2774 281 2774 765 2774 281 2775 283 2775 765 2775 765 2776 283 2776 767 2776 283 2777 770 2777 767 2777 767 2778 770 2778 727 2778 770 2779 772 2779 727 2779 727 2780 772 2780 728 2780 772 2781 774 2781 728 2781 728 2782 774 2782 730 2782 774 2783 776 2783 730 2783 730 2784 776 2784 1712 2784 776 2785 784 2785 1712 2785 1712 2786 784 2786 1713 2786 784 2787 1739 2787 1713 2787 1713 2788 1739 2788 1714 2788 1739 2789 1741 2789 1714 2789 1714 2790 1741 2790 1715 2790 1741 2791 1743 2791 1715 2791 1715 2792 1743 2792 1716 2792 1743 2793 1745 2793 1716 2793 1716 2794 1745 2794 1717 2794 1745 2795 1747 2795 1717 2795 1717 2796 1747 2796 179 2796 1747 2797 176 2797 179 2797 179 2798 176 2798 177 2798 176 2799 175 2799 177 2799 1762 2800 1763 2800 1764 2800 1763 2801 1765 2801 1764 2801 1764 2802 1765 2802 1766 2802 1765 2803 1767 2803 1766 2803 1766 2804 1767 2804 1768 2804 1767 2805 1769 2805 1768 2805 1768 2806 1769 2806 1770 2806 1769 2807 1771 2807 1770 2807 1770 2808 1771 2808 1772 2808 1771 2809 1773 2809 1772 2809 1772 2810 1773 2810 1774 2810 1773 2811 1775 2811 1774 2811 1774 2812 1775 2812 1776 2812 1775 2813 984 2813 1776 2813 1776 2814 984 2814 1777 2814 984 2815 983 2815 1777 2815 1777 2816 983 2816 1050 2816 983 2817 242 2817 1050 2817 1050 2818 242 2818 1048 2818 1056 2819 243 2819 266 2819 243 2820 982 2820 266 2820 266 2821 982 2821 268 2821 982 2822 984 2822 268 2822 268 2823 984 2823 956 2823 984 2824 1775 2824 956 2824 956 2825 1775 2825 955 2825 1775 2826 1773 2826 955 2826 955 2827 1773 2827 953 2827 1773 2828 1771 2828 953 2828 953 2829 1771 2829 951 2829 1771 2830 1769 2830 951 2830 951 2831 1769 2831 949 2831 1769 2832 1767 2832 949 2832 949 2833 1767 2833 947 2833 1767 2834 1765 2834 947 2834 947 2835 1765 2835 945 2835 1765 2836 1763 2836 945 2836 1586 2837 1761 2837 1588 2837 1761 2838 1760 2838 1588 2838 1588 2839 1760 2839 1589 2839 1760 2840 1759 2840 1589 2840 1589 2841 1759 2841 1778 2841 1759 2842 1758 2842 1778 2842 1778 2843 1758 2843 1779 2843 1758 2844 1757 2844 1779 2844 1779 2845 1757 2845 1780 2845 1757 2846 1756 2846 1780 2846 1780 2847 1756 2847 1781 2847 1756 2848 1755 2848 1781 2848 1781 2849 1755 2849 1782 2849 1755 2850 1754 2850 1782 2850 1782 2851 1754 2851 1783 2851 1754 2852 1753 2852 1783 2852 1783 2853 1753 2853 1784 2853 1753 2854 795 2854 1784 2854 1784 2855 795 2855 1785 2855 795 2856 797 2856 1785 2856 1785 2857 797 2857 1786 2857 797 2858 799 2858 1786 2858 1786 2859 799 2859 1787 2859 799 2860 941 2860 1787 2860 1787 2861 941 2861 1788 2861 941 2862 943 2862 1788 2862 1788 2863 943 2863 1789 2863 943 2864 944 2864 1789 2864 1789 2865 944 2865 1790 2865 944 2866 969 2866 1790 2866 1790 2867 969 2867 1791 2867 969 2868 966 2868 1791 2868 1791 2869 966 2869 1025 2869 966 2870 965 2870 1025 2870 1025 2871 965 2871 1023 2871 965 2872 919 2872 1023 2872 1023 2873 919 2873 1022 2873 919 2874 918 2874 1022 2874 1022 2875 918 2875 926 2875 918 2876 278 2876 926 2876 926 2877 278 2877 924 2877 278 2878 858 2878 924 2878 924 2879 858 2879 922 2879 858 2880 861 2880 922 2880 922 2881 861 2881 920 2881 861 2882 860 2882 920 2882 920 2883 860 2883 1021 2883 860 2884 859 2884 1021 2884 1021 2885 859 2885 939 2885 859 2886 854 2886 939 2886 939 2887 854 2887 937 2887 854 2888 852 2888 937 2888 937 2889 852 2889 935 2889 852 2890 851 2890 935 2890 935 2891 851 2891 933 2891 851 2892 850 2892 933 2892 933 2893 850 2893 931 2893 850 2894 862 2894 931 2894 931 2895 862 2895 929 2895 862 2896 863 2896 929 2896 929 2897 863 2897 927 2897 863 2898 864 2898 927 2898 927 2899 864 2899 909 2899 864 2900 865 2900 909 2900 909 2901 865 2901 907 2901 865 2902 866 2902 907 2902 907 2903 866 2903 905 2903 866 2904 840 2904 905 2904 905 2905 840 2905 903 2905 840 2906 839 2906 903 2906 903 2907 839 2907 916 2907 839 2908 282 2908 916 2908 916 2909 282 2909 914 2909 282 2910 281 2910 914 2910 914 2911 281 2911 912 2911 281 2912 846 2912 912 2912 912 2913 846 2913 910 2913 846 2914 845 2914 910 2914 910 2915 845 2915 271 2915 845 2916 844 2916 271 2916 271 2917 844 2917 899 2917 844 2918 843 2918 899 2918 899 2919 843 2919 900 2919 843 2920 842 2920 900 2920 900 2921 842 2921 902 2921 842 2922 841 2922 902 2922 902 2923 841 2923 1012 2923 841 2924 285 2924 1012 2924 1012 2925 285 2925 164 2925 1791 2926 1042 2926 1790 2926 1042 2927 978 2927 1790 2927 1790 2928 978 2928 1789 2928 978 2929 980 2929 1789 2929 1789 2930 980 2930 1788 2930 980 2931 867 2931 1788 2931 1788 2932 867 2932 1787 2932 867 2933 275 2933 1787 2933 1787 2934 275 2934 1786 2934 275 2935 277 2935 1786 2935 1786 2936 277 2936 1785 2936 277 2937 1721 2937 1785 2937 1785 2938 1721 2938 1784 2938 1721 2939 1723 2939 1784 2939 1784 2940 1723 2940 1783 2940 1723 2941 1725 2941 1783 2941 1783 2942 1725 2942 1782 2942 1725 2943 1727 2943 1782 2943 1782 2944 1727 2944 1781 2944 1727 2945 1729 2945 1781 2945 1781 2946 1729 2946 1780 2946 1729 2947 1731 2947 1780 2947 1780 2948 1731 2948 1779 2948 1731 2949 1732 2949 1779 2949 1779 2950 1732 2950 1778 2950 1732 2951 1733 2951 1778 2951 1778 2952 1733 2952 1589 2952 1733 2953 1734 2953 1589 2953 1589 2954 1734 2954 1587 2954 1734 2955 1735 2955 1587 2955 1587 2956 1735 2956 1585 2956 1735 2957 1736 2957 1585 2957 162 2958 161 2958 1792 2958 161 2959 1692 2959 1792 2959 1792 2960 1692 2960 1793 2960 1692 2961 1693 2961 1793 2961 1793 2962 1693 2962 1794 2962 1693 2963 1694 2963 1794 2963 1794 2964 1694 2964 1795 2964 1694 2965 1695 2965 1795 2965 1795 2966 1695 2966 1796 2966 1695 2967 1696 2967 1796 2967 1796 2968 1696 2968 1797 2968 1696 2969 1697 2969 1797 2969 1797 2970 1697 2970 1798 2970 1697 2971 1698 2971 1798 2971 1798 2972 1698 2972 1799 2972 1698 2973 1699 2973 1799 2973 1799 2974 1699 2974 1800 2974 1699 2975 1700 2975 1800 2975 1800 2976 1700 2976 1801 2976 1700 2977 1701 2977 1801 2977 1801 2978 1701 2978 1762 2978 1701 2979 1702 2979 1762 2979 1762 2980 1702 2980 1763 2980 1702 2981 1703 2981 1763 2981 1763 2982 1703 2982 945 2982 1703 2983 1704 2983 945 2983 945 2984 1704 2984 946 2984 1704 2985 1730 2985 946 2985 946 2986 1730 2986 948 2986 1730 2987 1728 2987 948 2987 948 2988 1728 2988 950 2988 1728 2989 1726 2989 950 2989 950 2990 1726 2990 952 2990 1726 2991 1724 2991 952 2991 952 2992 1724 2992 954 2992 1724 2993 1722 2993 954 2993 954 2994 1722 2994 876 2994 1722 2995 1720 2995 876 2995 876 2996 1720 2996 874 2996 1720 2997 1719 2997 874 2997 874 2998 1719 2998 872 2998 1719 2999 1718 2999 872 2999 872 3000 1718 3000 870 3000 1718 3001 247 3001 870 3001 870 3002 247 3002 259 3002 247 3003 246 3003 259 3003 259 3004 246 3004 260 3004 246 3005 1802 3005 260 3005 260 3006 1802 3006 1041 3006 1803 3007 159 3007 1804 3007 159 3008 158 3008 1804 3008 1804 3009 158 3009 1805 3009 162 3010 1806 3010 157 3010 1806 3011 1805 3011 157 3011 157 3012 1805 3012 155 3012 1805 3013 158 3013 155 3013 155 3014 158 3014 156 3014 158 3015 160 3015 156 3015 156 3016 160 3016 166 3016 160 3017 1807 3017 166 3017 166 3018 1807 3018 1665 3018 1807 3019 1808 3019 1665 3019 1665 3020 1808 3020 1659 3020 1808 3021 1809 3021 1659 3021 1659 3022 1809 3022 1644 3022 1809 3023 1810 3023 1644 3023 1644 3024 1810 3024 1642 3024 1811 3025 1812 3025 1813 3025 1812 3026 1814 3026 1813 3026 1813 3027 1814 3027 1815 3027 154 3028 1816 3028 1817 3028 152 3029 154 3029 1818 3029 154 3030 1817 3030 1818 3030 1818 3031 1817 3031 1819 3031 1820 3032 1821 3032 1814 3032 1821 3033 1822 3033 1814 3033 1814 3034 1822 3034 1815 3034 1822 3035 1823 3035 1815 3035 1815 3036 1823 3036 1824 3036 358 3037 1811 3037 356 3037 1811 3038 1813 3038 356 3038 356 3039 1813 3039 153 3039 1813 3040 1815 3040 153 3040 153 3041 1815 3041 154 3041 1815 3042 1824 3042 154 3042 154 3043 1824 3043 1816 3043 1803 3044 1820 3044 159 3044 1820 3045 1814 3045 159 3045 159 3046 1814 3046 160 3046 1814 3047 1812 3047 160 3047 160 3048 1812 3048 1807 3048 1812 3049 1811 3049 1807 3049 1807 3050 1811 3050 1808 3050 1811 3051 358 3051 1808 3051 1808 3052 358 3052 1809 3052 358 3053 359 3053 1809 3053 1819 3054 1825 3054 1818 3054 1825 3055 360 3055 1818 3055 1818 3056 360 3056 152 3056 360 3057 10 3057 152 3057 152 3058 10 3058 153 3058 10 3059 8 3059 153 3059 153 3060 8 3060 356 3060 8 3061 1826 3061 356 3061 356 3062 1826 3062 357 3062 657 3063 1819 3063 635 3063 1819 3064 1817 3064 635 3064 635 3065 1817 3065 614 3065 1817 3066 1816 3066 614 3066 614 3067 1816 3067 613 3067 1816 3068 1824 3068 613 3068 613 3069 1824 3069 612 3069 1824 3070 1823 3070 612 3070 612 3071 1823 3071 616 3071 1823 3072 1822 3072 616 3072 616 3073 1822 3073 618 3073 1822 3074 1821 3074 618 3074 618 3075 1821 3075 620 3075 1821 3076 1820 3076 620 3076 620 3077 1820 3077 622 3077 1820 3078 1803 3078 622 3078 622 3079 1803 3079 624 3079 1803 3080 1804 3080 624 3080 624 3081 1804 3081 626 3081 1804 3082 1805 3082 626 3082 626 3083 1805 3083 628 3083 1805 3084 1806 3084 628 3084 628 3085 1806 3085 630 3085 1806 3086 162 3086 630 3086 630 3087 162 3087 632 3087 162 3088 1792 3088 632 3088 632 3089 1792 3089 634 3089 1792 3090 1793 3090 634 3090 634 3091 1793 3091 592 3091 1793 3092 1794 3092 592 3092 592 3093 1794 3093 594 3093 1794 3094 1795 3094 594 3094 594 3095 1795 3095 596 3095 1795 3096 1796 3096 596 3096 596 3097 1796 3097 598 3097 1796 3098 1797 3098 598 3098 598 3099 1797 3099 600 3099 1797 3100 1798 3100 600 3100 600 3101 1798 3101 602 3101 1798 3102 1799 3102 602 3102 602 3103 1799 3103 604 3103 1799 3104 1800 3104 604 3104 604 3105 1800 3105 606 3105 1800 3106 1801 3106 606 3106 606 3107 1801 3107 608 3107 1801 3108 1762 3108 608 3108 608 3109 1762 3109 610 3109 1762 3110 1764 3110 610 3110 610 3111 1764 3111 611 3111 1764 3112 1766 3112 611 3112 611 3113 1766 3113 693 3113 1766 3114 1768 3114 693 3114 693 3115 1768 3115 288 3115 1768 3116 1770 3116 288 3116 288 3117 1770 3117 286 3117 1770 3118 1772 3118 286 3118 286 3119 1772 3119 991 3119 1772 3120 1774 3120 991 3120 991 3121 1774 3121 989 3121 1774 3122 1776 3122 989 3122 989 3123 1776 3123 987 3123 1776 3124 1777 3124 987 3124 987 3125 1777 3125 985 3125 1777 3126 1050 3126 985 3126 985 3127 1050 3127 1046 3127 1050 3128 1049 3128 1046 3128 1827 3129 1828 3129 1829 3129 1828 3130 1830 3130 1829 3130 1829 3131 1830 3131 1831 3131 1830 3132 1832 3132 1831 3132 1831 3133 1832 3133 1833 3133 1832 3134 1834 3134 1833 3134 1833 3135 1834 3135 1835 3135 1834 3136 1836 3136 1835 3136 1835 3137 1836 3137 1837 3137 1836 3138 1838 3138 1837 3138 1837 3139 1838 3139 1839 3139 1838 3140 1840 3140 1839 3140 1839 3141 1840 3141 1841 3141 1840 3142 1842 3142 1841 3142 1841 3143 1842 3143 1843 3143 1842 3144 1844 3144 1843 3144 1843 3145 1844 3145 1845 3145 1844 3146 1846 3146 1845 3146 1845 3147 1846 3147 1847 3147 1846 3148 1848 3148 1847 3148 1847 3149 1848 3149 1849 3149 1848 3150 1850 3150 1849 3150 1849 3151 1850 3151 1851 3151 1850 3152 1852 3152 1851 3152 1851 3153 1852 3153 13 3153 1853 3154 1852 3154 1854 3154 1852 3155 1850 3155 1854 3155 1854 3156 1850 3156 1855 3156 1850 3157 1848 3157 1855 3157 1855 3158 1848 3158 1856 3158 1848 3159 1846 3159 1856 3159 1856 3160 1846 3160 1857 3160 1846 3161 1844 3161 1857 3161 1857 3162 1844 3162 1858 3162 1844 3163 1842 3163 1858 3163 1858 3164 1842 3164 1859 3164 1842 3165 1840 3165 1859 3165 1859 3166 1840 3166 1860 3166 1840 3167 1838 3167 1860 3167 1860 3168 1838 3168 1861 3168 1838 3169 1836 3169 1861 3169 1861 3170 1836 3170 1862 3170 1836 3171 1834 3171 1862 3171 1862 3172 1834 3172 1863 3172 1834 3173 1832 3173 1863 3173 1863 3174 1832 3174 1864 3174 1832 3175 1830 3175 1864 3175 1864 3176 1830 3176 1865 3176 1830 3177 1828 3177 1865 3177 1865 3178 1828 3178 1866 3178 1828 3179 1827 3179 1866 3179 1866 3180 1827 3180 1867 3180 1868 3181 1869 3181 1870 3181 1869 3182 1871 3182 1870 3182 1870 3183 1871 3183 1872 3183 1871 3184 1873 3184 1872 3184 1872 3185 1873 3185 1874 3185 1873 3186 1875 3186 1874 3186 1874 3187 1875 3187 1853 3187 1875 3188 361 3188 1853 3188 1853 3189 361 3189 1852 3189 361 3190 5 3190 1852 3190 1852 3191 5 3191 13 3191 150 3192 149 3192 1876 3192 149 3193 1877 3193 1876 3193 1876 3194 1877 3194 380 3194 1877 3195 1878 3195 380 3195 380 3196 1878 3196 382 3196 1878 3197 1879 3197 382 3197 382 3198 1879 3198 384 3198 1879 3199 1880 3199 384 3199 384 3200 1880 3200 386 3200 1880 3201 1881 3201 386 3201 386 3202 1881 3202 388 3202 3 3203 361 3203 375 3203 361 3204 1875 3204 375 3204 375 3205 1875 3205 374 3205 1875 3206 1873 3206 374 3206 374 3207 1873 3207 373 3207 1873 3208 1871 3208 373 3208 373 3209 1871 3209 372 3209 1871 3210 1869 3210 372 3210 372 3211 1869 3211 371 3211 1869 3212 1868 3212 371 3212 371 3213 1868 3213 369 3213 104 3214 103 3214 552 3214 103 3215 342 3215 552 3215 552 3216 342 3216 553 3216 342 3217 298 3217 553 3217 553 3218 298 3218 501 3218 298 3219 300 3219 501 3219 501 3220 300 3220 459 3220 300 3221 304 3221 459 3221 459 3222 304 3222 460 3222 304 3223 306 3223 460 3223 460 3224 306 3224 1494 3224 306 3225 398 3225 1494 3225 1494 3226 398 3226 1378 3226 398 3227 390 3227 1378 3227 1378 3228 390 3228 1376 3228 390 3229 388 3229 1376 3229 1376 3230 388 3230 1374 3230 388 3231 1881 3231 1374 3231 1374 3232 1881 3232 718 3232 1881 3233 1880 3233 718 3233 718 3234 1880 3234 710 3234 1880 3235 1879 3235 710 3235 710 3236 1879 3236 705 3236 1879 3237 1878 3237 705 3237 705 3238 1878 3238 698 3238 1878 3239 1877 3239 698 3239 698 3240 1877 3240 699 3240 1877 3241 149 3241 699 3241 699 3242 149 3242 701 3242 149 3243 151 3243 701 3243 701 3244 151 3244 703 3244 151 3245 1882 3245 703 3245 703 3246 1882 3246 704 3246 1210 3247 1867 3247 1179 3247 1867 3248 1827 3248 1179 3248 1179 3249 1827 3249 1168 3249 1827 3250 1829 3250 1168 3250 1168 3251 1829 3251 1169 3251 1829 3252 1831 3252 1169 3252 1169 3253 1831 3253 838 3253 1831 3254 1833 3254 838 3254 838 3255 1833 3255 800 3255 1833 3256 1835 3256 800 3256 800 3257 1835 3257 661 3257 1835 3258 1837 3258 661 3258 661 3259 1837 3259 660 3259 1837 3260 1839 3260 660 3260 660 3261 1839 3261 659 3261 1839 3262 1841 3262 659 3262 659 3263 1841 3263 658 3263 1841 3264 1843 3264 658 3264 658 3265 1843 3265 657 3265 1843 3266 1845 3266 657 3266 657 3267 1845 3267 1819 3267 1845 3268 1847 3268 1819 3268 1819 3269 1847 3269 1825 3269 1847 3270 1849 3270 1825 3270 1825 3271 1849 3271 360 3271 1849 3272 1851 3272 360 3272 360 3273 1851 3273 12 3273 1851 3274 13 3274 12 3274 1883 3275 1530 3275 1884 3275 1530 3276 1519 3276 1884 3276 1884 3277 1519 3277 1885 3277 1519 3278 197 3278 1885 3278 1885 3279 197 3279 1487 3279 197 3280 196 3280 1487 3280 1487 3281 196 3281 1485 3281 196 3282 1467 3282 1485 3282 1485 3283 1467 3283 202 3283 1467 3284 1466 3284 202 3284 202 3285 1466 3285 203 3285 1466 3286 1470 3286 203 3286 203 3287 1470 3287 1438 3287 1470 3288 1454 3288 1438 3288 1438 3289 1454 3289 1440 3289 1454 3290 1456 3290 1440 3290 1440 3291 1456 3291 1442 3291 1456 3292 1458 3292 1442 3292 1442 3293 1458 3293 1444 3293 1458 3294 1459 3294 1444 3294 1444 3295 1459 3295 1445 3295 1459 3296 1460 3296 1445 3296 1445 3297 1460 3297 1411 3297 1460 3298 1461 3298 1411 3298 1411 3299 1461 3299 1388 3299 1461 3300 1462 3300 1388 3300 1388 3301 1462 3301 1288 3301 1462 3302 1463 3302 1288 3302 1288 3303 1463 3303 1184 3303 1463 3304 1464 3304 1184 3304 1184 3305 1464 3305 1185 3305 1368 3306 1180 3306 1558 3306 1180 3307 1182 3307 1558 3307 1558 3308 1182 3308 1559 3308 1182 3309 1187 3309 1559 3309 1559 3310 1187 3310 1560 3310 1187 3311 1186 3311 1560 3311 1560 3312 1186 3312 1561 3312 1186 3313 1185 3313 1561 3313 1561 3314 1185 3314 1562 3314 1185 3315 1464 3315 1562 3315 1562 3316 1464 3316 1563 3316 1464 3317 1451 3317 1563 3317 1563 3318 1451 3318 1564 3318 1451 3319 216 3319 1564 3319 1564 3320 216 3320 1565 3320 216 3321 215 3321 1565 3321 1565 3322 215 3322 1553 3322 215 3323 1382 3323 1553 3323 1553 3324 1382 3324 1551 3324 1382 3325 192 3325 1551 3325 1551 3326 192 3326 1549 3326 192 3327 194 3327 1549 3327 1549 3328 194 3328 1547 3328 194 3329 1452 3329 1547 3329 1547 3330 1452 3330 1545 3330 1452 3331 1453 3331 1545 3331 1545 3332 1453 3332 1543 3332 1453 3333 1520 3333 1543 3333 1543 3334 1520 3334 1541 3334 1520 3335 1521 3335 1541 3335 1541 3336 1521 3336 1539 3336 1521 3337 1522 3337 1539 3337 1539 3338 1522 3338 1538 3338 1522 3339 1523 3339 1538 3339 1538 3340 1523 3340 1537 3340 1523 3341 1524 3341 1537 3341 1537 3342 1524 3342 1536 3342 1524 3343 1525 3343 1536 3343 1536 3344 1525 3344 1535 3344 1525 3345 1526 3345 1535 3345 1535 3346 1526 3346 1534 3346 1526 3347 1527 3347 1534 3347 1534 3348 1527 3348 1533 3348 1527 3349 1528 3349 1533 3349 1533 3350 1528 3350 1532 3350 1528 3351 1529 3351 1532 3351 1532 3352 1529 3352 1531 3352 1529 3353 1530 3353 1531 3353 1531 3354 1530 3354 449 3354 1530 3355 1883 3355 449 3355 449 3356 1883 3356 450 3356 1110 3357 1114 3357 1111 3357 1114 3358 1115 3358 1111 3358 1111 3359 1115 3359 1197 3359 1115 3360 1116 3360 1197 3360 1197 3361 1116 3361 1198 3361 1116 3362 1117 3362 1198 3362 1198 3363 1117 3363 1199 3363 1117 3364 1118 3364 1199 3364 1199 3365 1118 3365 1200 3365 1118 3366 1119 3366 1200 3366 1200 3367 1119 3367 1201 3367 1119 3368 1103 3368 1201 3368 1201 3369 1103 3369 1202 3369 1103 3370 1102 3370 1202 3370 1202 3371 1102 3371 1203 3371 1102 3372 1271 3372 1203 3372 1203 3373 1271 3373 1204 3373 1271 3374 1272 3374 1204 3374 1204 3375 1272 3375 1205 3375 1272 3376 1273 3376 1205 3376 1205 3377 1273 3377 1206 3377 1273 3378 1274 3378 1206 3378 1206 3379 1274 3379 1207 3379 1274 3380 1275 3380 1207 3380 1207 3381 1275 3381 1208 3381 1275 3382 1276 3382 1208 3382 1208 3383 1276 3383 1209 3383 1276 3384 1277 3384 1209 3384 1209 3385 1277 3385 1210 3385 1277 3386 1278 3386 1210 3386 1210 3387 1278 3387 1867 3387 1278 3388 1279 3388 1867 3388 1867 3389 1279 3389 1866 3389 1279 3390 1280 3390 1866 3390 1866 3391 1280 3391 1865 3391 1280 3392 1353 3392 1865 3392 1865 3393 1353 3393 1864 3393 1353 3394 1181 3394 1864 3394 1864 3395 1181 3395 1863 3395 1181 3396 1180 3396 1863 3396 1863 3397 1180 3397 1862 3397 1180 3398 1368 3398 1862 3398 1862 3399 1368 3399 1861 3399 1368 3400 1367 3400 1861 3400 1861 3401 1367 3401 1860 3401 1367 3402 726 3402 1860 3402 1860 3403 726 3403 1859 3403 726 3404 717 3404 1859 3404 1859 3405 717 3405 1858 3405 717 3406 694 3406 1858 3406 1858 3407 694 3407 1857 3407 694 3408 696 3408 1857 3408 1857 3409 696 3409 1856 3409 696 3410 704 3410 1856 3410 1856 3411 704 3411 1855 3411 704 3412 1882 3412 1855 3412 1855 3413 1882 3413 1854 3413 1882 3414 151 3414 1854 3414 1854 3415 151 3415 1853 3415 151 3416 150 3416 1853 3416 1853 3417 150 3417 1874 3417 150 3418 1876 3418 1874 3418 1874 3419 1876 3419 1872 3419 1876 3420 380 3420 1872 3420 1872 3421 380 3421 1870 3421 380 3422 379 3422 1870 3422 1870 3423 379 3423 1868 3423 379 3424 391 3424 1868 3424 1868 3425 391 3425 369 3425 391 3426 451 3426 369 3426 369 3427 451 3427 376 3427 451 3428 485 3428 376 3428 376 3429 485 3429 377 3429 485 3430 495 3430 377 3430 377 3431 495 3431 378 3431 495 3432 496 3432 378 3432 378 3433 496 3433 319 3433 496 3434 328 3434 319 3434 319 3435 328 3435 134 3435 328 3436 135 3436 134 3436 1886 3437 1643 3437 1642 3437 1886 3437 1642 3437 1887 3437 1642 3437 1810 3437 1887 3437 1887 3437 1810 3437 1888 3437 1810 3437 1809 3437 1888 3437 1888 3437 1809 3437 1889 3437 8 3437 7 3437 1826 3437 7 3437 1890 3437 1826 3437 1826 3437 1890 3437 357 3437 1890 3437 1889 3437 357 3437 357 3437 1889 3437 359 3437 1889 3437 1809 3437 359 3437 1891 3438 1892 3438 1893 3438 1894 3439 1895 3439 1896 3439 1897 3440 1898 3440 1899 3440 1900 3441 1901 3441 1902 3441 1903 3442 1904 3442 1905 3442 1906 3443 1907 3443 1908 3443 1909 3444 1910 3444 1911 3444 1912 3445 1913 3445 1914 3445 1915 3446 1916 3446 1917 3446 1918 3447 1919 3447 1920 3447 1921 3448 1922 3448 1923 3448 1419 3449 1424 3449 1924 3449 1925 3450 1926 3450 1927 3450 1928 3451 1929 3451 1930 3451 1931 3452 1932 3452 1933 3452 1934 3453 1935 3453 1936 3453 1223 3454 1222 3454 1937 3454 1216 3455 1214 3455 1938 3455 1212 3456 1211 3456 1939 3456 1940 3457 1941 3457 1942 3457 1943 3458 1944 3458 1009 3458 1134 3459 1133 3459 1945 3459 1131 3460 1130 3460 1946 3460 1114 3461 1110 3461 1947 3461 1948 3462 1949 3462 1950 3462 1009 3463 1944 3463 1951 3463 1952 3464 1953 3464 1954 3464 1955 3465 1956 3465 1957 3465 240 3466 239 3466 1958 3466 249 3467 248 3467 1959 3467 248 3468 1007 3468 1959 3468 1011 3469 164 3469 1960 3469 1961 3470 1962 3470 1963 3470 1607 3471 1609 3471 1964 3471 1736 3472 1599 3472 1965 3472 1966 3473 1967 3473 1968 3473 1576 3474 186 3474 1969 3474 185 3475 178 3475 1970 3475 1737 3476 181 3476 1971 3476 1582 3477 1581 3477 1972 3477 1711 3478 1575 3478 1973 3478 1974 3479 1975 3479 1976 3479 1977 3480 164 3480 191 3480 1978 3481 1979 3481 1980 3481 1981 3482 1982 3482 1983 3482 1984 3483 1985 3483 1986 3483 1987 3484 1988 3484 1989 3484 1990 3485 1991 3485 1992 3485 1993 3486 1994 3486 1995 3486 1996 3487 1997 3487 164 3487 1998 3488 1996 3488 164 3488 1977 3489 1998 3489 164 3489 1999 3490 2000 3490 2001 3490 2002 3491 2003 3491 2004 3491 2005 3492 2006 3492 2007 3492 583 3493 584 3493 2008 3493 585 3494 466 3494 2009 3494 2010 3495 2011 3495 2012 3495 2013 3496 2014 3496 2015 3496 2016 3497 2017 3497 2018 3497 2019 3498 2020 3498 2021 3498 23 3499 22 3499 2022 3499 2023 3500 364 3500 54 3500 2024 3501 2025 3501 2026 3501 95 3502 94 3502 582 3502 1890 3503 7 3503 2027 3503 2027 3504 7 3504 2028 3504 2027 3505 2029 3505 1890 3505 2029 3506 2030 3506 1890 3506 1890 3507 2030 3507 1889 3507 1889 3508 2030 3508 1888 3508 2030 3509 2031 3509 1888 3509 1888 3510 2031 3510 1887 3510 2031 3511 2032 3511 1887 3511 1887 3512 2032 3512 1886 3512 95 3513 582 3513 96 3513 2033 3514 36 3514 2034 3514 36 3515 35 3515 2034 3515 2034 3516 35 3516 2035 3516 35 3517 34 3517 2035 3517 2035 3518 34 3518 2036 3518 34 3519 33 3519 2036 3519 2036 3520 33 3520 2037 3520 33 3521 96 3521 2037 3521 2037 3522 96 3522 2038 3522 96 3523 582 3523 2038 3523 37 3524 31 3524 2033 3524 31 3525 30 3525 2033 3525 2033 3526 30 3526 36 3526 2039 3527 40 3527 2040 3527 40 3528 39 3528 2040 3528 2040 3529 39 3529 2041 3529 39 3530 38 3530 2041 3530 2041 3531 38 3531 2042 3531 38 3532 37 3532 2042 3532 2042 3533 37 3533 2043 3533 37 3534 2033 3534 2043 3534 46 3535 29 3535 2044 3535 29 3536 44 3536 2044 3536 2044 3537 44 3537 2045 3537 44 3538 42 3538 2045 3538 2045 3539 42 3539 2039 3539 42 3540 41 3540 2039 3540 2039 3541 41 3541 40 3541 2046 3542 50 3542 2047 3542 50 3543 49 3543 2047 3543 2047 3544 49 3544 2048 3544 49 3545 48 3545 2048 3545 2048 3546 48 3546 2049 3546 48 3547 47 3547 2049 3547 2049 3548 47 3548 2050 3548 47 3549 46 3549 2050 3549 2050 3550 46 3550 2051 3550 46 3551 2044 3551 2051 3551 53 3552 52 3552 2046 3552 52 3553 51 3553 2046 3553 2046 3554 51 3554 50 3554 55 3555 57 3555 2052 3555 57 3556 58 3556 2052 3556 2052 3557 58 3557 2053 3557 58 3558 53 3558 2053 3558 2053 3559 53 3559 2054 3559 53 3560 2046 3560 2054 3560 55 3561 2052 3561 59 3561 2052 3562 2055 3562 59 3562 59 3563 2055 3563 60 3563 2055 3564 2056 3564 60 3564 60 3565 2056 3565 61 3565 2056 3566 2057 3566 61 3566 61 3567 2057 3567 69 3567 2057 3568 2058 3568 69 3568 69 3569 2058 3569 70 3569 70 3570 2058 3570 71 3570 2058 3571 2059 3571 71 3571 71 3572 2059 3572 72 3572 67 3573 2060 3573 68 3573 2060 3574 2061 3574 68 3574 68 3575 2061 3575 74 3575 77 3576 81 3576 2062 3576 81 3577 80 3577 2062 3577 2062 3578 80 3578 76 3578 2062 3579 2063 3579 77 3579 2063 3580 2024 3580 77 3580 77 3581 2024 3581 78 3581 2064 3582 25 3582 2026 3582 25 3583 24 3583 2026 3583 2026 3584 24 3584 2024 3584 24 3585 79 3585 2024 3585 2024 3586 79 3586 78 3586 2065 3587 64 3587 2064 3587 64 3588 73 3588 2064 3588 2064 3589 73 3589 25 3589 54 3590 63 3590 2023 3590 63 3591 62 3591 2023 3591 2023 3592 62 3592 2066 3592 62 3593 66 3593 2066 3593 2066 3594 66 3594 2065 3594 66 3595 65 3595 2065 3595 2065 3596 65 3596 64 3596 2067 3597 144 3597 2068 3597 144 3598 146 3598 2068 3598 2068 3599 146 3599 2069 3599 2 3600 141 3600 2067 3600 141 3601 143 3601 2067 3601 2067 3602 143 3602 144 3602 15 3603 2 3603 2070 3603 2071 3604 2070 3604 2072 3604 2070 3605 2 3605 2072 3605 2072 3606 2 3606 2073 3606 2 3607 2067 3607 2073 3607 16 3608 2074 3608 2075 3608 16 3609 2075 3609 18 3609 2075 3610 2076 3610 18 3610 18 3611 2076 3611 20 3611 2019 3612 2021 3612 2077 3612 2021 3613 2078 3613 2077 3613 2077 3614 2078 3614 2079 3614 2014 3615 2013 3615 2016 3615 2013 3616 2080 3616 2016 3616 2016 3617 2080 3617 2017 3617 2081 3618 484 3618 2078 3618 484 3619 483 3619 2078 3619 2082 3620 2083 3620 2084 3620 2082 3621 2084 3621 2085 3621 2081 3622 2078 3622 2086 3622 2078 3623 2021 3623 2086 3623 2086 3624 2021 3624 2087 3624 2021 3625 2020 3625 2087 3625 2087 3626 2020 3626 2088 3626 2089 3627 2090 3627 2091 3627 2090 3628 2092 3628 2091 3628 2091 3629 2092 3629 2093 3629 2092 3630 2094 3630 2093 3630 2093 3631 2094 3631 2015 3631 2094 3632 2095 3632 2015 3632 2015 3633 2095 3633 2013 3633 2095 3634 2096 3634 2013 3634 2013 3635 2096 3635 2080 3635 2090 3636 2097 3636 2092 3636 2097 3637 2098 3637 2092 3637 2092 3638 2098 3638 2094 3638 2098 3639 2099 3639 2094 3639 2094 3640 2099 3640 2095 3640 2099 3641 2100 3641 2095 3641 2095 3642 2100 3642 2096 3642 2100 3643 2101 3643 2096 3643 2096 3644 2101 3644 2080 3644 2101 3645 2102 3645 2080 3645 2080 3646 2102 3646 2017 3646 2102 3647 2103 3647 2017 3647 2017 3648 2103 3648 2018 3648 2103 3649 2104 3649 2018 3649 2018 3650 2104 3650 2105 3650 2104 3651 2106 3651 2105 3651 2105 3652 2106 3652 2107 3652 2106 3653 2108 3653 2107 3653 465 3654 302 3654 2081 3654 302 3655 301 3655 2081 3655 2081 3656 301 3656 484 3656 584 3657 585 3657 2008 3657 585 3658 2009 3658 2008 3658 2008 3659 2009 3659 2109 3659 2009 3660 2110 3660 2109 3660 2109 3661 2110 3661 2111 3661 2110 3662 2112 3662 2111 3662 2111 3663 2112 3663 2113 3663 2112 3664 2114 3664 2113 3664 2113 3665 2114 3665 2115 3665 2116 3666 2117 3666 2118 3666 2117 3667 2119 3667 2118 3667 2118 3668 2119 3668 2120 3668 2119 3669 2121 3669 2120 3669 2012 3670 2121 3670 2010 3670 2121 3671 2119 3671 2010 3671 2010 3672 2119 3672 2122 3672 2119 3673 2117 3673 2122 3673 2122 3674 2117 3674 2123 3674 2007 3675 2006 3675 2124 3675 2006 3676 2125 3676 2124 3676 2124 3677 2125 3677 2126 3677 2125 3678 2116 3678 2126 3678 2126 3679 2116 3679 2127 3679 2116 3680 2118 3680 2127 3680 2127 3681 2118 3681 2128 3681 2118 3682 2120 3682 2128 3682 2128 3683 2120 3683 2129 3683 2120 3684 2121 3684 2129 3684 2129 3685 2121 3685 2089 3685 2121 3686 2012 3686 2089 3686 2089 3687 2012 3687 2090 3687 2012 3688 2011 3688 2090 3688 2090 3689 2011 3689 2097 3689 581 3690 2130 3690 2131 3690 2130 3691 2132 3691 2131 3691 2131 3692 2132 3692 2133 3692 2132 3693 2134 3693 2133 3693 2133 3694 2134 3694 2135 3694 2134 3695 2136 3695 2135 3695 2135 3696 2136 3696 2137 3696 2136 3697 2138 3697 2137 3697 2137 3698 2138 3698 2139 3698 2138 3699 2140 3699 2139 3699 2139 3700 2140 3700 2141 3700 2140 3701 2142 3701 2141 3701 2141 3702 2142 3702 2143 3702 2142 3703 2144 3703 2143 3703 2143 3704 2144 3704 2145 3704 2144 3705 2146 3705 2145 3705 2145 3706 2146 3706 2147 3706 2146 3707 2148 3707 2147 3707 2147 3708 2148 3708 2149 3708 2148 3709 2150 3709 2149 3709 2149 3710 2150 3710 2151 3710 2150 3711 2152 3711 2151 3711 2151 3712 2152 3712 2153 3712 2152 3713 2154 3713 2153 3713 2153 3714 2154 3714 2155 3714 2154 3715 2156 3715 2155 3715 2155 3716 2156 3716 2157 3716 2156 3717 2158 3717 2157 3717 2157 3718 2158 3718 2159 3718 2158 3719 2160 3719 2159 3719 2159 3720 2160 3720 2161 3720 2160 3721 2162 3721 2161 3721 2161 3722 2162 3722 2163 3722 2162 3723 2164 3723 2163 3723 2163 3724 2164 3724 2165 3724 2164 3725 2166 3725 2165 3725 2165 3726 2166 3726 2167 3726 2166 3727 2168 3727 2167 3727 2167 3728 2168 3728 2169 3728 2168 3729 2170 3729 2169 3729 2169 3730 2170 3730 2171 3730 2170 3731 2172 3731 2171 3731 2123 3732 2117 3732 2173 3732 2117 3733 2116 3733 2173 3733 2173 3734 2116 3734 2174 3734 2116 3735 2125 3735 2174 3735 2174 3736 2125 3736 2175 3736 2125 3737 2006 3737 2175 3737 2175 3738 2006 3738 2176 3738 2006 3739 2005 3739 2176 3739 2176 3740 2005 3740 2177 3740 2178 3741 2179 3741 2180 3741 2179 3742 2181 3742 2180 3742 2180 3743 2181 3743 2182 3743 2181 3744 2183 3744 2182 3744 2182 3745 2183 3745 2184 3745 2183 3746 2185 3746 2184 3746 2184 3747 2185 3747 2186 3747 2185 3748 2187 3748 2186 3748 2186 3749 2187 3749 2188 3749 2187 3750 2189 3750 2188 3750 2188 3751 2189 3751 2190 3751 2189 3752 2191 3752 2190 3752 2190 3753 2191 3753 2192 3753 2191 3754 2193 3754 2192 3754 2192 3755 2193 3755 2194 3755 2193 3756 2195 3756 2194 3756 2194 3757 2195 3757 2196 3757 2195 3758 2197 3758 2196 3758 2196 3759 2197 3759 2198 3759 2197 3760 2199 3760 2198 3760 2198 3761 2199 3761 2200 3761 2199 3762 2201 3762 2200 3762 2200 3763 2201 3763 2202 3763 2201 3764 2203 3764 2202 3764 2202 3765 2203 3765 2204 3765 2203 3766 2205 3766 2204 3766 2204 3767 2205 3767 2206 3767 2205 3768 2207 3768 2206 3768 2206 3769 2207 3769 2208 3769 2207 3770 2209 3770 2208 3770 2208 3771 2209 3771 2210 3771 2209 3772 2211 3772 2210 3772 2210 3773 2211 3773 2212 3773 2211 3774 2213 3774 2212 3774 2212 3775 2213 3775 2214 3775 2213 3776 2215 3776 2214 3776 2214 3777 2215 3777 2216 3777 2215 3778 2217 3778 2216 3778 2216 3779 2217 3779 2218 3779 2217 3780 2219 3780 2218 3780 2218 3781 2219 3781 2220 3781 2219 3782 2221 3782 2220 3782 2220 3783 2221 3783 2222 3783 2221 3784 2223 3784 2222 3784 2222 3785 2223 3785 2224 3785 2223 3786 2225 3786 2224 3786 2224 3787 2225 3787 2226 3787 2225 3788 2227 3788 2226 3788 2226 3789 2227 3789 2228 3789 2227 3790 2115 3790 2228 3790 2228 3791 2115 3791 2229 3791 2115 3792 2114 3792 2229 3792 2179 3793 2230 3793 2181 3793 2230 3794 2231 3794 2181 3794 2181 3795 2231 3795 2183 3795 2231 3796 2232 3796 2183 3796 2183 3797 2232 3797 2185 3797 2232 3798 2233 3798 2185 3798 2185 3799 2233 3799 2187 3799 2233 3800 2234 3800 2187 3800 2187 3801 2234 3801 2189 3801 2234 3802 2235 3802 2189 3802 2189 3803 2235 3803 2191 3803 2235 3804 2236 3804 2191 3804 2191 3805 2236 3805 2193 3805 2236 3806 2237 3806 2193 3806 2193 3807 2237 3807 2195 3807 2237 3808 2172 3808 2195 3808 2195 3809 2172 3809 2197 3809 2172 3810 2170 3810 2197 3810 2197 3811 2170 3811 2199 3811 2170 3812 2168 3812 2199 3812 2199 3813 2168 3813 2201 3813 2168 3814 2166 3814 2201 3814 2201 3815 2166 3815 2203 3815 2166 3816 2164 3816 2203 3816 2203 3817 2164 3817 2205 3817 2164 3818 2162 3818 2205 3818 2205 3819 2162 3819 2207 3819 2162 3820 2160 3820 2207 3820 2207 3821 2160 3821 2209 3821 2160 3822 2158 3822 2209 3822 2209 3823 2158 3823 2211 3823 2158 3824 2156 3824 2211 3824 2211 3825 2156 3825 2213 3825 2156 3826 2154 3826 2213 3826 2213 3827 2154 3827 2215 3827 2154 3828 2152 3828 2215 3828 2215 3829 2152 3829 2217 3829 2152 3830 2150 3830 2217 3830 2217 3831 2150 3831 2219 3831 2150 3832 2148 3832 2219 3832 2219 3833 2148 3833 2221 3833 2148 3834 2146 3834 2221 3834 2221 3835 2146 3835 2223 3835 2146 3836 2144 3836 2223 3836 2223 3837 2144 3837 2225 3837 2144 3838 2142 3838 2225 3838 2225 3839 2142 3839 2227 3839 2142 3840 2140 3840 2227 3840 2227 3841 2140 3841 2115 3841 2140 3842 2138 3842 2115 3842 2115 3843 2138 3843 2113 3843 2138 3844 2136 3844 2113 3844 2113 3845 2136 3845 2111 3845 2136 3846 2134 3846 2111 3846 2111 3847 2134 3847 2109 3847 2134 3848 2132 3848 2109 3848 2109 3849 2132 3849 2008 3849 2132 3850 2130 3850 2008 3850 2008 3851 2130 3851 583 3851 2130 3852 581 3852 583 3852 2233 3853 2238 3853 2234 3853 2238 3854 2239 3854 2234 3854 2234 3855 2239 3855 2235 3855 2239 3856 2240 3856 2235 3856 2235 3857 2240 3857 2236 3857 2240 3858 2241 3858 2236 3858 2236 3859 2241 3859 2237 3859 2241 3860 2242 3860 2237 3860 2237 3861 2242 3861 2172 3861 2242 3862 2243 3862 2172 3862 2172 3863 2243 3863 2171 3863 2238 3864 2059 3864 2239 3864 2059 3865 2058 3865 2239 3865 2239 3866 2058 3866 2240 3866 2058 3867 2057 3867 2240 3867 2240 3868 2057 3868 2241 3868 2057 3869 2056 3869 2241 3869 2241 3870 2056 3870 2242 3870 2056 3871 2055 3871 2242 3871 2242 3872 2055 3872 2243 3872 2055 3873 2052 3873 2243 3873 2243 3874 2052 3874 2171 3874 2052 3875 2053 3875 2171 3875 2171 3876 2053 3876 2169 3876 2053 3877 2054 3877 2169 3877 2169 3878 2054 3878 2167 3878 2054 3879 2046 3879 2167 3879 2167 3880 2046 3880 2165 3880 2046 3881 2047 3881 2165 3881 2165 3882 2047 3882 2163 3882 2047 3883 2048 3883 2163 3883 2163 3884 2048 3884 2161 3884 2048 3885 2049 3885 2161 3885 2161 3886 2049 3886 2159 3886 2049 3887 2050 3887 2159 3887 2159 3888 2050 3888 2157 3888 2050 3889 2051 3889 2157 3889 2157 3890 2051 3890 2155 3890 2051 3891 2044 3891 2155 3891 2155 3892 2044 3892 2153 3892 2044 3893 2045 3893 2153 3893 2153 3894 2045 3894 2151 3894 2045 3895 2039 3895 2151 3895 2151 3896 2039 3896 2149 3896 2039 3897 2040 3897 2149 3897 2149 3898 2040 3898 2147 3898 2040 3899 2041 3899 2147 3899 2147 3900 2041 3900 2145 3900 2041 3901 2042 3901 2145 3901 2145 3902 2042 3902 2143 3902 2042 3903 2043 3903 2143 3903 2143 3904 2043 3904 2141 3904 2043 3905 2033 3905 2141 3905 2141 3906 2033 3906 2139 3906 2033 3907 2034 3907 2139 3907 2139 3908 2034 3908 2137 3908 2034 3909 2035 3909 2137 3909 2137 3910 2035 3910 2135 3910 2035 3911 2036 3911 2135 3911 2135 3912 2036 3912 2133 3912 2036 3913 2037 3913 2133 3913 2133 3914 2037 3914 2131 3914 2037 3915 2038 3915 2131 3915 2131 3916 2038 3916 581 3916 2038 3917 582 3917 581 3917 22 3918 20 3918 2022 3918 20 3919 2076 3919 2022 3919 2022 3920 2076 3920 2244 3920 2076 3921 2075 3921 2244 3921 2244 3922 2075 3922 2245 3922 2075 3923 2074 3923 2245 3923 2245 3924 2074 3924 2246 3924 2074 3925 2247 3925 2246 3925 2246 3926 2247 3926 2248 3926 2247 3927 2249 3927 2248 3927 2248 3928 2249 3928 2250 3928 2249 3929 2251 3929 2250 3929 2250 3930 2251 3930 2252 3930 2251 3931 2253 3931 2252 3931 2252 3932 2253 3932 2254 3932 2253 3933 2255 3933 2254 3933 2254 3934 2255 3934 2256 3934 2255 3935 2257 3935 2256 3935 2256 3936 2257 3936 2258 3936 16 3937 15 3937 2074 3937 15 3938 2070 3938 2074 3938 2074 3939 2070 3939 2247 3939 2070 3940 2071 3940 2247 3940 2247 3941 2071 3941 2249 3941 2071 3942 2259 3942 2249 3942 2249 3943 2259 3943 2251 3943 2259 3944 2260 3944 2251 3944 2251 3945 2260 3945 2253 3945 2260 3946 2261 3946 2253 3946 2253 3947 2261 3947 2255 3947 2261 3948 2262 3948 2255 3948 2255 3949 2262 3949 2257 3949 2262 3950 2061 3950 2257 3950 2257 3951 2061 3951 2258 3951 2061 3952 2060 3952 2258 3952 2025 3953 2024 3953 2263 3953 2024 3954 2063 3954 2263 3954 2263 3955 2063 3955 2264 3955 2063 3956 2062 3956 2264 3956 2264 3957 2062 3957 2265 3957 2062 3958 76 3958 2265 3958 2265 3959 76 3959 75 3959 146 3960 148 3960 2069 3960 148 3961 364 3961 2069 3961 2069 3962 364 3962 2068 3962 364 3963 2023 3963 2068 3963 2068 3964 2023 3964 2067 3964 2023 3965 2066 3965 2067 3965 2067 3966 2066 3966 2073 3966 2066 3967 2065 3967 2073 3967 2073 3968 2065 3968 2072 3968 2065 3969 2064 3969 2072 3969 2072 3970 2064 3970 2071 3970 2064 3971 2026 3971 2071 3971 2071 3972 2026 3972 2259 3972 2026 3973 2025 3973 2259 3973 2259 3974 2025 3974 2260 3974 2025 3975 2263 3975 2260 3975 2260 3976 2263 3976 2261 3976 2263 3977 2264 3977 2261 3977 2261 3978 2264 3978 2262 3978 2264 3979 2265 3979 2262 3979 2262 3980 2265 3980 2061 3980 2265 3981 75 3981 2061 3981 2061 3982 75 3982 74 3982 2266 3983 164 3983 2267 3983 2268 3984 2269 3984 2270 3984 2269 3985 2271 3985 2270 3985 2270 3986 2271 3986 2272 3986 2271 3987 2273 3987 2272 3987 2272 3988 2273 3988 2274 3988 2273 3989 2275 3989 2274 3989 2274 3990 2275 3990 2276 3990 2275 3991 2277 3991 2276 3991 2276 3992 2277 3992 2278 3992 2277 3993 2279 3993 2278 3993 2278 3994 2279 3994 2280 3994 2279 3995 2281 3995 2280 3995 2280 3996 2281 3996 2282 3996 2281 3997 2283 3997 2282 3997 2283 3998 2284 3998 2282 3998 2282 3999 2284 3999 2285 3999 2284 4000 2286 4000 2285 4000 2285 4001 2286 4001 2287 4001 2286 4002 2288 4002 2287 4002 2287 4003 2288 4003 2289 4003 2288 4004 2290 4004 2289 4004 2289 4005 2290 4005 2291 4005 2290 4006 2292 4006 2291 4006 2291 4007 2292 4007 2293 4007 2292 4008 2294 4008 2293 4008 2293 4009 2294 4009 2295 4009 2294 4010 2296 4010 2295 4010 2295 4011 2296 4011 2297 4011 2296 4012 2298 4012 2297 4012 2297 4013 2298 4013 2299 4013 2298 4014 2300 4014 2299 4014 2299 4015 2300 4015 2301 4015 2300 4016 2302 4016 2301 4016 2301 4017 2302 4017 2303 4017 2302 4018 2304 4018 2303 4018 2303 4019 2304 4019 2305 4019 2304 4020 2306 4020 2305 4020 2305 4021 2306 4021 2307 4021 2308 4022 2309 4022 2310 4022 2309 4023 2311 4023 2310 4023 2310 4024 2311 4024 2312 4024 2311 4025 2313 4025 2312 4025 2312 4026 2313 4026 2314 4026 2313 4027 2315 4027 2314 4027 2314 4028 2315 4028 2316 4028 2315 4029 2317 4029 2316 4029 2316 4030 2317 4030 2318 4030 2319 4031 2308 4031 2320 4031 2308 4032 2310 4032 2320 4032 2320 4033 2310 4033 2321 4033 2310 4034 2312 4034 2321 4034 2321 4035 2312 4035 2322 4035 2312 4036 2314 4036 2322 4036 2322 4037 2314 4037 2323 4037 2314 4038 2316 4038 2323 4038 2323 4039 2316 4039 2324 4039 2316 4040 2318 4040 2324 4040 2324 4041 2318 4041 2325 4041 2326 4042 2327 4042 2328 4042 2327 4043 2329 4043 2328 4043 2328 4044 2329 4044 2330 4044 2329 4045 2331 4045 2330 4045 2330 4046 2331 4046 2332 4046 2004 4047 2003 4047 2333 4047 2003 4048 2334 4048 2333 4048 2333 4049 2334 4049 2319 4049 2334 4050 2335 4050 2319 4050 2319 4051 2335 4051 2308 4051 2335 4052 2336 4052 2308 4052 2308 4053 2336 4053 2309 4053 2306 4054 2337 4054 2307 4054 2337 4055 2266 4055 2307 4055 2307 4056 2266 4056 2338 4056 2266 4057 2267 4057 2338 4057 2338 4058 2267 4058 2339 4058 2340 4059 2341 4059 2342 4059 2343 4060 2344 4060 2345 4060 2326 4061 2340 4061 2327 4061 2340 4062 2342 4062 2327 4062 2327 4063 2342 4063 2329 4063 2342 4064 2344 4064 2329 4064 2329 4065 2344 4065 2331 4065 2344 4066 2343 4066 2331 4066 2331 4067 2343 4067 2332 4067 2343 4068 2000 4068 2332 4068 1999 4069 2001 4069 2346 4069 2346 4070 2347 4070 2348 4070 2347 4071 2349 4071 2348 4071 2348 4072 2349 4072 2350 4072 2349 4073 2351 4073 2350 4073 2350 4074 2351 4074 2352 4074 2351 4075 2353 4075 2352 4075 2352 4076 2353 4076 2354 4076 2346 4077 2001 4077 2347 4077 2001 4078 2355 4078 2347 4078 2347 4079 2355 4079 2349 4079 2355 4080 2356 4080 2349 4080 2349 4081 2356 4081 2351 4081 2356 4082 2357 4082 2351 4082 2351 4083 2357 4083 2353 4083 2358 4084 2359 4084 2360 4084 2359 4085 2361 4085 2360 4085 2360 4086 2361 4086 2362 4086 2000 4087 2343 4087 2001 4087 2343 4088 2345 4088 2001 4088 2001 4089 2345 4089 2355 4089 2345 4090 2363 4090 2355 4090 2355 4091 2363 4091 2356 4091 2363 4092 2364 4092 2356 4092 2356 4093 2364 4093 2357 4093 2365 4094 2366 4094 2367 4094 2366 4095 2368 4095 2367 4095 2367 4096 2368 4096 2362 4096 2368 4097 2369 4097 2362 4097 2362 4098 2369 4098 2360 4098 2369 4099 2370 4099 2360 4099 2360 4100 2370 4100 2358 4100 2370 4101 2178 4101 2358 4101 6 4102 4 4102 2371 4102 4 4103 2372 4103 2371 4103 2371 4104 2372 4104 2373 4104 2372 4105 2374 4105 2373 4105 2373 4106 2374 4106 2375 4106 2374 4107 2376 4107 2375 4107 2375 4108 2376 4108 2377 4108 2376 4109 2378 4109 2377 4109 2377 4110 2378 4110 2379 4110 2378 4111 2380 4111 2379 4111 2379 4112 2380 4112 2381 4112 7 4113 9 4113 2028 4113 9 4114 11 4114 2028 4114 2028 4115 11 4115 2365 4115 11 4116 6 4116 2365 4116 2365 4117 6 4117 2366 4117 6 4118 2371 4118 2366 4118 2366 4119 2371 4119 2368 4119 2371 4120 2373 4120 2368 4120 2368 4121 2373 4121 2369 4121 2373 4122 2375 4122 2369 4122 2369 4123 2375 4123 2370 4123 2375 4124 2377 4124 2370 4124 2370 4125 2377 4125 2178 4125 2377 4126 2379 4126 2178 4126 2178 4127 2379 4127 2179 4127 2379 4128 2381 4128 2179 4128 2179 4129 2381 4129 2230 4129 2382 4130 2383 4130 2384 4130 2383 4131 2385 4131 2384 4131 2384 4132 2385 4132 2386 4132 2386 4133 1985 4133 2387 4133 1985 4134 1984 4134 2387 4134 2387 4135 1984 4135 2388 4135 2389 4136 2390 4136 2391 4136 1991 4137 1993 4137 2392 4137 1988 4138 2393 4138 2394 4138 2395 4139 1990 4139 2396 4139 1994 4140 2397 4140 2398 4140 2382 4141 2399 4141 2383 4141 2399 4142 1636 4142 2383 4142 2383 4143 1636 4143 2385 4143 1636 4144 2400 4144 2385 4144 2401 4145 2388 4145 2402 4145 2388 4146 1984 4146 2402 4146 2402 4147 1984 4147 2403 4147 1984 4148 1986 4148 2403 4148 2403 4149 1986 4149 2404 4149 2405 4150 1979 4150 2406 4150 1979 4151 1978 4151 2406 4151 2406 4152 1978 4152 2407 4152 2408 4153 2409 4153 2410 4153 2409 4154 2411 4154 2410 4154 2410 4155 2411 4155 2412 4155 2411 4156 2413 4156 2412 4156 2412 4157 2413 4157 2414 4157 2413 4158 2415 4158 2414 4158 2414 4159 2415 4159 2027 4159 2416 4160 2407 4160 2417 4160 2407 4161 1978 4161 2417 4161 2417 4162 1978 4162 2418 4162 1978 4163 1980 4163 2418 4163 2418 4164 1980 4164 2419 4164 2420 4165 1982 4165 2421 4165 1982 4166 1981 4166 2421 4166 2421 4167 1981 4167 2422 4167 1961 4168 2415 4168 1962 4168 2415 4169 2413 4169 1962 4169 1962 4170 2413 4170 2423 4170 2413 4171 2411 4171 2423 4171 2423 4172 2411 4172 2420 4172 2411 4173 2409 4173 2420 4173 2420 4174 2409 4174 1982 4174 2409 4175 2408 4175 1982 4175 1982 4176 2408 4176 1983 4176 191 4177 1636 4177 2424 4177 2425 4178 2401 4178 2426 4178 2401 4179 2402 4179 2426 4179 2426 4180 2402 4180 2427 4180 2402 4181 2403 4181 2427 4181 2427 4182 2403 4182 2428 4182 2403 4183 2404 4183 2428 4183 2428 4184 2404 4184 1971 4184 2429 4185 2430 4185 2431 4185 2430 4186 2432 4186 2431 4186 2431 4187 2432 4187 2433 4187 2432 4188 2394 4188 2433 4188 2433 4189 2394 4189 2434 4189 2394 4190 2393 4190 2434 4190 2434 4191 2393 4191 2395 4191 2400 4192 1636 4192 1973 4192 1636 4193 1634 4193 1973 4193 1973 4194 1634 4194 1711 4194 2435 4195 2436 4195 2437 4195 2436 4196 2438 4196 2437 4196 2437 4197 2438 4197 2439 4197 2438 4198 2440 4198 2439 4198 2439 4199 2440 4199 2441 4199 2440 4200 2442 4200 2441 4200 2441 4201 2442 4201 2443 4201 2442 4202 2444 4202 2443 4202 2445 4203 1975 4203 2446 4203 1975 4204 1974 4204 2446 4204 2446 4205 1974 4205 2447 4205 2448 4206 1976 4206 2449 4206 1976 4207 1975 4207 2449 4207 2449 4208 1975 4208 2450 4208 1975 4209 2445 4209 2450 4209 2450 4210 2445 4210 2451 4210 2445 4211 1761 4211 2451 4211 2451 4212 1761 4212 1586 4212 2452 4213 2425 4213 2453 4213 2425 4214 2426 4214 2453 4214 2453 4215 2426 4215 2454 4215 2426 4216 2427 4216 2454 4216 2454 4217 2427 4217 2455 4217 2427 4218 2428 4218 2455 4218 2455 4219 2428 4219 1972 4219 2428 4220 1971 4220 1972 4220 1972 4221 1971 4221 1582 4221 1971 4222 181 4222 1582 4222 2386 4223 2385 4223 1985 4223 2385 4224 2400 4224 1985 4224 1985 4225 2400 4225 1986 4225 2400 4226 1973 4226 1986 4226 1986 4227 1973 4227 2404 4227 1973 4228 1575 4228 2404 4228 2404 4229 1575 4229 1971 4229 1575 4230 1574 4230 1971 4230 1971 4231 1574 4231 1737 4231 2390 4232 2456 4232 2391 4232 2456 4233 2457 4233 2391 4233 2391 4234 2457 4234 2458 4234 2457 4235 2459 4235 2458 4235 2458 4236 2459 4236 2460 4236 2459 4237 2461 4237 2460 4237 2460 4238 2461 4238 1970 4238 2461 4239 1969 4239 1970 4239 1970 4240 1969 4240 185 4240 1969 4241 186 4241 185 4241 1580 4242 189 4242 2435 4242 189 4243 188 4243 2435 4243 2435 4244 188 4244 2436 4244 188 4245 1579 4245 2436 4245 2436 4246 1579 4246 1577 4246 2456 4247 2444 4247 2457 4247 2444 4248 2442 4248 2457 4248 2457 4249 2442 4249 2459 4249 2442 4250 2440 4250 2459 4250 2459 4251 2440 4251 2461 4251 2440 4252 2438 4252 2461 4252 2461 4253 2438 4253 1969 4253 2438 4254 2436 4254 1969 4254 1969 4255 2436 4255 1576 4255 2436 4256 1577 4256 1576 4256 2443 4257 2452 4257 2441 4257 2452 4258 2453 4258 2441 4258 2441 4259 2453 4259 2439 4259 2453 4260 2454 4260 2439 4260 2439 4261 2454 4261 2437 4261 2454 4262 2455 4262 2437 4262 2437 4263 2455 4263 2435 4263 2455 4264 1972 4264 2435 4264 2435 4265 1972 4265 1580 4265 1972 4266 1581 4266 1580 4266 177 4267 175 4267 2447 4267 175 4268 174 4268 2447 4268 2447 4269 174 4269 2446 4269 174 4270 1751 4270 2446 4270 2446 4271 1751 4271 2445 4271 1751 4272 1752 4272 2445 4272 2445 4273 1752 4273 1761 4273 178 4274 177 4274 1970 4274 177 4275 2447 4275 1970 4275 1970 4276 2447 4276 2460 4276 2447 4277 1974 4277 2460 4277 2460 4278 1974 4278 2458 4278 1974 4279 1976 4279 2458 4279 2458 4280 1976 4280 2391 4280 1976 4281 2448 4281 2391 4281 2391 4282 2448 4282 2389 4282 1994 4283 2398 4283 1995 4283 2398 4284 2462 4284 1995 4284 1995 4285 2462 4285 2463 4285 2462 4286 2464 4286 2463 4286 2463 4287 2464 4287 2465 4287 2464 4288 2466 4288 2465 4288 2465 4289 2466 4289 2467 4289 1993 4290 1995 4290 2392 4290 1995 4291 2463 4291 2392 4291 2392 4292 2463 4292 2468 4292 2463 4293 2465 4293 2468 4293 2468 4294 2465 4294 2469 4294 2465 4295 2467 4295 2469 4295 2469 4296 2467 4296 1965 4296 1987 4297 1989 4297 2470 4297 1989 4298 2471 4298 2470 4298 2470 4299 2471 4299 2472 4299 2471 4300 2473 4300 2472 4300 2472 4301 2473 4301 1968 4301 2473 4302 2474 4302 1968 4302 1968 4303 2474 4303 1966 4303 1990 4304 1992 4304 2396 4304 1992 4305 2475 4305 2396 4305 2396 4306 2475 4306 2476 4306 2475 4307 2477 4307 2476 4307 2476 4308 2477 4308 2478 4308 2477 4309 2479 4309 2478 4309 2478 4310 2479 4310 2480 4310 2479 4311 1601 4311 2480 4311 2480 4312 1601 4312 1603 4312 1991 4313 2392 4313 1992 4313 2392 4314 2468 4314 1992 4314 1992 4315 2468 4315 2475 4315 2468 4316 2469 4316 2475 4316 2475 4317 2469 4317 2477 4317 2469 4318 1965 4318 2477 4318 2477 4319 1965 4319 2479 4319 1965 4320 1599 4320 2479 4320 2479 4321 1599 4321 1601 4321 1605 4322 1607 4322 2429 4322 1607 4323 1964 4323 2429 4323 2429 4324 1964 4324 2430 4324 1613 4325 1967 4325 1612 4325 1967 4326 1966 4326 1612 4326 1612 4327 1966 4327 1611 4327 1966 4328 2474 4328 1611 4328 1611 4329 2474 4329 1610 4329 1988 4330 2394 4330 1989 4330 2394 4331 2432 4331 1989 4331 1989 4332 2432 4332 2471 4332 2432 4333 2430 4333 2471 4333 2471 4334 2430 4334 2473 4334 2430 4335 1964 4335 2473 4335 2473 4336 1964 4336 2474 4336 1964 4337 1609 4337 2474 4337 2474 4338 1609 4338 1610 4338 2395 4339 2396 4339 2434 4339 2396 4340 2476 4340 2434 4340 2434 4341 2476 4341 2433 4341 2476 4342 2478 4342 2433 4342 2433 4343 2478 4343 2431 4343 2478 4344 2480 4344 2431 4344 2431 4345 2480 4345 2429 4345 2480 4346 1603 4346 2429 4346 2429 4347 1603 4347 1605 4347 1736 4348 1965 4348 1585 4348 1965 4349 2467 4349 1585 4349 1585 4350 2467 4350 1586 4350 2467 4351 2466 4351 1586 4351 1586 4352 2466 4352 2451 4352 2466 4353 2464 4353 2451 4353 2451 4354 2464 4354 2450 4354 2464 4355 2462 4355 2450 4355 2450 4356 2462 4356 2449 4356 2462 4357 2398 4357 2449 4357 2449 4358 2398 4358 2448 4358 2398 4359 2397 4359 2448 4359 2448 4360 2397 4360 2389 4360 2339 4361 2399 4361 2338 4361 2399 4362 2382 4362 2338 4362 2338 4363 2382 4363 2307 4363 2382 4364 2384 4364 2307 4364 2307 4365 2384 4365 2305 4365 2384 4366 2386 4366 2305 4366 2305 4367 2386 4367 2303 4367 2386 4368 2387 4368 2303 4368 2303 4369 2387 4369 2301 4369 2387 4370 2388 4370 2301 4370 2301 4371 2388 4371 2299 4371 2388 4372 2401 4372 2299 4372 2299 4373 2401 4373 2297 4373 2401 4374 2425 4374 2297 4374 2297 4375 2425 4375 2295 4375 2425 4376 2452 4376 2295 4376 2295 4377 2452 4377 2293 4377 2452 4378 2443 4378 2293 4378 2293 4379 2443 4379 2291 4379 2443 4380 2444 4380 2291 4380 2291 4381 2444 4381 2289 4381 2444 4382 2456 4382 2289 4382 2289 4383 2456 4383 2287 4383 2456 4384 2390 4384 2287 4384 2287 4385 2390 4385 2285 4385 2390 4386 2389 4386 2285 4386 2285 4387 2389 4387 2282 4387 2389 4388 2397 4388 2282 4388 2282 4389 2397 4389 2280 4389 2397 4390 1994 4390 2280 4390 2280 4391 1994 4391 2278 4391 1994 4392 1993 4392 2278 4392 2278 4393 1993 4393 2276 4393 1993 4394 1991 4394 2276 4394 2276 4395 1991 4395 2274 4395 1991 4396 1990 4396 2274 4396 2274 4397 1990 4397 2272 4397 1990 4398 2395 4398 2272 4398 2272 4399 2395 4399 2270 4399 2395 4400 2393 4400 2270 4400 2270 4401 2393 4401 2268 4401 2393 4402 1988 4402 2268 4402 2268 4403 1988 4403 2481 4403 1988 4404 1987 4404 2481 4404 2481 4405 1987 4405 2405 4405 1987 4406 2470 4406 2405 4406 2405 4407 2470 4407 1979 4407 2470 4408 2472 4408 1979 4408 1979 4409 2472 4409 1980 4409 2472 4410 1968 4410 1980 4410 1980 4411 1968 4411 2419 4411 1968 4412 1967 4412 2419 4412 2419 4413 1967 4413 2482 4413 1967 4414 1613 4414 2482 4414 2482 4415 1613 4415 1615 4415 1963 4416 1962 4416 2483 4416 1962 4417 2423 4417 2483 4417 2483 4418 2423 4418 2484 4418 2423 4419 2420 4419 2484 4419 2484 4420 2420 4420 2485 4420 2420 4421 2421 4421 2485 4421 2485 4422 2421 4422 2486 4422 2421 4423 2422 4423 2486 4423 2486 4424 2422 4424 2487 4424 2488 4425 1658 4425 1657 4425 2488 4426 1657 4426 2489 4426 1657 4427 1655 4427 2489 4427 2489 4428 1655 4428 2490 4428 1655 4429 1653 4429 2490 4429 2490 4430 1653 4430 2491 4430 1653 4431 1651 4431 2491 4431 2491 4432 1651 4432 2492 4432 2493 4433 1963 4433 2494 4433 1963 4434 2483 4434 2494 4434 2494 4435 2483 4435 2495 4435 2483 4436 2484 4436 2495 4436 2495 4437 2484 4437 2496 4437 2484 4438 2485 4438 2496 4438 2496 4439 2485 4439 2497 4439 2485 4440 2486 4440 2497 4440 2497 4441 2486 4441 2498 4441 2486 4442 2487 4442 2498 4442 2498 4443 2487 4443 2499 4443 2027 4444 2415 4444 2029 4444 2415 4445 1961 4445 2029 4445 2029 4446 1961 4446 2030 4446 1961 4447 1963 4447 2030 4447 2030 4448 1963 4448 2031 4448 1963 4449 2493 4449 2031 4449 2031 4450 2493 4450 2032 4450 2493 4451 1643 4451 2032 4451 2032 4452 1643 4452 1886 4452 1651 4453 1649 4453 2492 4453 1649 4454 1647 4454 2492 4454 2492 4455 1647 4455 2500 4455 1647 4456 1645 4456 2500 4456 2500 4457 1645 4457 2501 4457 1615 4458 1617 4458 2482 4458 1617 4459 2499 4459 2482 4459 2482 4460 2499 4460 2419 4460 2499 4461 2487 4461 2419 4461 2419 4462 2487 4462 2418 4462 2487 4463 2422 4463 2418 4463 2418 4464 2422 4464 2417 4464 2422 4465 1981 4465 2417 4465 2417 4466 1981 4466 2416 4466 1981 4467 1983 4467 2416 4467 1645 4468 1643 4468 2501 4468 1643 4469 2493 4469 2501 4469 2501 4470 2493 4470 2500 4470 2493 4471 2494 4471 2500 4471 2500 4472 2494 4472 2492 4472 2494 4473 2495 4473 2492 4473 2492 4474 2495 4474 2491 4474 2495 4475 2496 4475 2491 4475 2491 4476 2496 4476 2490 4476 2496 4477 2497 4477 2490 4477 2490 4478 2497 4478 2489 4478 2497 4479 2498 4479 2489 4479 2489 4480 2498 4480 2488 4480 2498 4481 2499 4481 2488 4481 2488 4482 2499 4482 1658 4482 2499 4483 1617 4483 1658 4483 4 4484 23 4484 2372 4484 23 4485 2022 4485 2372 4485 2372 4486 2022 4486 2374 4486 2022 4487 2244 4487 2374 4487 2374 4488 2244 4488 2376 4488 2244 4489 2245 4489 2376 4489 2376 4490 2245 4490 2378 4490 2245 4491 2246 4491 2378 4491 2378 4492 2246 4492 2380 4492 2246 4493 2248 4493 2380 4493 2380 4494 2248 4494 2381 4494 2248 4495 2250 4495 2381 4495 2381 4496 2250 4496 2230 4496 2250 4497 2252 4497 2230 4497 2230 4498 2252 4498 2231 4498 2252 4499 2254 4499 2231 4499 2231 4500 2254 4500 2232 4500 2254 4501 2256 4501 2232 4501 2232 4502 2256 4502 2233 4502 2256 4503 2258 4503 2233 4503 2233 4504 2258 4504 2238 4504 2258 4505 2060 4505 2238 4505 2238 4506 2060 4506 2059 4506 2060 4507 67 4507 2059 4507 2059 4508 67 4508 72 4508 1951 4509 2502 4509 1009 4509 2502 4510 1959 4510 1009 4510 1009 4511 1959 4511 1008 4511 1959 4512 1007 4512 1008 4512 1026 4513 1017 4513 2503 4513 1017 4514 1016 4514 2503 4514 2503 4515 1016 4515 1018 4515 1033 4516 1031 4516 2504 4516 261 4517 1041 4517 2504 4517 1041 4518 1802 4518 2504 4518 1033 4519 2504 4519 1035 4519 1802 4520 246 4520 2504 4520 246 4521 245 4521 2504 4521 2504 4522 245 4522 1035 4522 1031 4523 1030 4523 2504 4523 1030 4524 1045 4524 2504 4524 2504 4525 1045 4525 2505 4525 1045 4526 1044 4526 2505 4526 2505 4527 1044 4527 1043 4527 1025 4528 1024 4528 2503 4528 1024 4529 1027 4529 2503 4529 2503 4530 1027 4530 1026 4530 1043 4531 1042 4531 2505 4531 1042 4532 1791 4532 2505 4532 2505 4533 1791 4533 1025 4533 244 4534 243 4534 2506 4534 1049 4535 1048 4535 2507 4535 1048 4536 242 4536 2507 4536 239 4537 1051 4537 1958 4537 1051 4538 1053 4538 1958 4538 1958 4539 1053 4539 2508 4539 1053 4540 1052 4540 2508 4540 1052 4541 1055 4541 2508 4541 1055 4542 1047 4542 2508 4542 2508 4543 1047 4543 2507 4543 1047 4544 1046 4544 2507 4544 2507 4545 1046 4545 1049 4545 243 4546 1056 4546 2506 4546 1056 4547 1040 4547 2506 4547 2506 4548 1040 4548 1039 4548 1039 4549 1037 4549 2506 4549 1037 4550 264 4550 2506 4550 2506 4551 264 4551 2504 4551 264 4552 262 4552 2504 4552 2504 4553 262 4553 261 4553 2509 4554 2506 4554 2510 4554 2506 4555 2504 4555 2510 4555 2510 4556 2504 4556 2511 4556 2504 4557 2505 4557 2511 4557 1086 4558 1085 4558 2512 4558 1085 4559 1084 4559 2512 4559 1086 4560 2512 4560 1064 4560 2512 4561 2513 4561 1064 4561 1064 4562 2513 4562 1070 4562 1068 4563 1069 4563 2514 4563 1069 4564 1072 4564 2514 4564 2514 4565 1072 4565 2513 4565 1072 4566 1071 4566 2513 4566 2513 4567 1071 4567 1070 4567 2515 4568 1075 4568 1074 4568 1075 4569 2515 4569 1078 4569 1082 4570 2516 4570 1083 4570 2516 4571 2517 4571 1083 4571 1083 4572 2517 4572 1073 4572 1082 4573 1081 4573 2518 4573 1143 4574 1142 4574 1955 4574 1142 4575 1141 4575 1955 4575 1955 4576 1141 4576 1956 4576 1141 4577 1140 4577 1956 4577 1956 4578 1140 4578 1078 4578 1078 4579 2515 4579 1956 4579 2515 4580 2519 4580 1956 4580 1956 4581 2519 4581 1957 4581 1081 4582 1080 4582 2518 4582 1080 4583 1079 4583 2518 4583 2518 4584 1079 4584 1065 4584 1065 4585 1066 4585 2520 4585 1066 4586 1067 4586 2520 4586 2520 4587 1067 4587 1068 4587 2521 4588 2514 4588 2522 4588 2514 4589 2513 4589 2522 4589 2522 4590 2513 4590 2523 4590 2513 4591 2512 4591 2523 4591 2523 4592 2512 4592 1958 4592 2512 4593 1084 4593 1958 4593 1958 4594 1084 4594 240 4594 2524 4595 2521 4595 2525 4595 2521 4596 2522 4596 2525 4596 2525 4597 2522 4597 2526 4597 2522 4598 2523 4598 2526 4598 2526 4599 2523 4599 2527 4599 2523 4600 1958 4600 2527 4600 2527 4601 1958 4601 2528 4601 1958 4602 2508 4602 2528 4602 2528 4603 2508 4603 2529 4603 2508 4604 2507 4604 2529 4604 1025 4605 2503 4605 2505 4605 2503 4606 2530 4606 2505 4606 2505 4607 2530 4607 2511 4607 2530 4608 2531 4608 2511 4608 2511 4609 2531 4609 2510 4609 2531 4610 2532 4610 2510 4610 2510 4611 2532 4611 2509 4611 2532 4612 2533 4612 2509 4612 2509 4613 2533 4613 2534 4613 1018 4614 1028 4614 2503 4614 1028 4615 1029 4615 2503 4615 2503 4616 1029 4616 2530 4616 1029 4617 2535 4617 2530 4617 2530 4618 2535 4618 2531 4618 2535 4619 2536 4619 2531 4619 2531 4620 2536 4620 2532 4620 2536 4621 2537 4621 2532 4621 2532 4622 2537 4622 2533 4622 2537 4623 2538 4623 2533 4623 2533 4624 2538 4624 2534 4624 1065 4625 2520 4625 2518 4625 2520 4626 2539 4626 2518 4626 2518 4627 2539 4627 2540 4627 2539 4628 2541 4628 2540 4628 2540 4629 2541 4629 2542 4629 2541 4630 2543 4630 2542 4630 2542 4631 2543 4631 2544 4631 2543 4632 2545 4632 2544 4632 2544 4633 2545 4633 2546 4633 1082 4634 2518 4634 2516 4634 2518 4635 2540 4635 2516 4635 2516 4636 2540 4636 2547 4636 2540 4637 2542 4637 2547 4637 2547 4638 2542 4638 2548 4638 2542 4639 2544 4639 2548 4639 2548 4640 2544 4640 2549 4640 2544 4641 2546 4641 2549 4641 2549 4642 2546 4642 2550 4642 1068 4643 2514 4643 2520 4643 2514 4644 2521 4644 2520 4644 2520 4645 2521 4645 2539 4645 2521 4646 2524 4646 2539 4646 2539 4647 2524 4647 2541 4647 2524 4648 1948 4648 2541 4648 2541 4649 1948 4649 2543 4649 1948 4650 1950 4650 2543 4650 2543 4651 1950 4651 2545 4651 1949 4652 1948 4652 2551 4652 1948 4653 2524 4653 2551 4653 2551 4654 2524 4654 2552 4654 2524 4655 2525 4655 2552 4655 2552 4656 2525 4656 2553 4656 2525 4657 2526 4657 2553 4657 2553 4658 2526 4658 2554 4658 2526 4659 2527 4659 2554 4659 2554 4660 2527 4660 2555 4660 2527 4661 2528 4661 2555 4661 2555 4662 2528 4662 2534 4662 2528 4663 2529 4663 2534 4663 2534 4664 2529 4664 2509 4664 2529 4665 2507 4665 2509 4665 2509 4666 2507 4666 2506 4666 2507 4667 242 4667 2506 4667 2506 4668 242 4668 244 4668 2556 4669 2557 4669 2558 4669 2559 4670 2560 4670 2561 4670 2560 4671 2556 4671 2561 4671 2561 4672 2556 4672 2562 4672 2556 4673 2558 4673 2562 4673 2562 4674 2558 4674 2563 4674 2519 4675 2557 4675 1957 4675 2557 4676 2564 4676 1957 4676 1957 4677 2564 4677 1955 4677 2564 4678 2565 4678 1955 4678 1955 4679 2565 4679 1143 4679 2565 4680 2566 4680 1143 4680 1143 4681 2566 4681 1108 4681 2566 4682 1107 4682 1108 4682 1110 4683 1112 4683 1947 4683 1112 4684 1113 4684 1947 4684 1947 4685 1113 4685 2566 4685 1113 4686 1105 4686 2566 4686 2566 4687 1105 4687 1107 4687 2567 4688 1946 4688 2568 4688 1946 4689 2569 4689 2568 4689 2568 4690 2569 4690 2570 4690 2569 4691 2571 4691 2570 4691 2570 4692 2571 4692 1947 4692 2571 4693 1109 4693 1947 4693 1947 4694 1109 4694 1114 4694 1946 4695 1130 4695 2569 4695 1130 4696 237 4696 2569 4696 2569 4697 237 4697 2571 4697 237 4698 236 4698 2571 4698 2571 4699 236 4699 1109 4699 2572 4700 2573 4700 2574 4700 2573 4701 2575 4701 2574 4701 2557 4702 2556 4702 2564 4702 2556 4703 2560 4703 2564 4703 2564 4704 2560 4704 2565 4704 2560 4705 2559 4705 2565 4705 2565 4706 2559 4706 2566 4706 2559 4707 2576 4707 2566 4707 2566 4708 2576 4708 1947 4708 2576 4709 2577 4709 1947 4709 1947 4710 2577 4710 2570 4710 2577 4711 2578 4711 2570 4711 2570 4712 2578 4712 2568 4712 2578 4713 2579 4713 2568 4713 2568 4714 2579 4714 2567 4714 2580 4715 2581 4715 2582 4715 2581 4716 1945 4716 2582 4716 2582 4717 1945 4717 2583 4717 1945 4718 1133 4718 2583 4718 2583 4719 1133 4719 1132 4719 1354 4720 1139 4720 2584 4720 1139 4721 1138 4721 2584 4721 2585 4722 2586 4722 2587 4722 2586 4723 2588 4723 2587 4723 2587 4724 2588 4724 2589 4724 2588 4725 1355 4725 2589 4725 2589 4726 1355 4726 1354 4726 2590 4727 1357 4727 1356 4727 2591 4728 2592 4728 2593 4728 2592 4729 2584 4729 2593 4729 2593 4730 2584 4730 2594 4730 2584 4731 1138 4731 2594 4731 2594 4732 1138 4732 1134 4732 2595 4733 2596 4733 2597 4733 2596 4734 2598 4734 2597 4734 2597 4735 2598 4735 2599 4735 2598 4736 2600 4736 2599 4736 1354 4737 2584 4737 2589 4737 2584 4738 2592 4738 2589 4738 2589 4739 2592 4739 2587 4739 2592 4740 2591 4740 2587 4740 2587 4741 2591 4741 2585 4741 2591 4742 2601 4742 2585 4742 2585 4743 2601 4743 2602 4743 2603 4744 2595 4744 2604 4744 2595 4745 2597 4745 2604 4745 2604 4746 2597 4746 2605 4746 2597 4747 2599 4747 2605 4747 2573 4748 2606 4748 2575 4748 2606 4749 2607 4749 2575 4749 2575 4750 2607 4750 2574 4750 2607 4751 2608 4751 2574 4751 2574 4752 2608 4752 2609 4752 2608 4753 2610 4753 2609 4753 2572 4754 2611 4754 2612 4754 2611 4755 2613 4755 2612 4755 2612 4756 2613 4756 2614 4756 2572 4757 2574 4757 2611 4757 2574 4758 2609 4758 2611 4758 2611 4759 2609 4759 2615 4759 2609 4760 2610 4760 2615 4760 2615 4761 2610 4761 2616 4761 2617 4762 2603 4762 2618 4762 2603 4763 2604 4763 2618 4763 2618 4764 2604 4764 2619 4764 2604 4765 2605 4765 2619 4765 2619 4766 2605 4766 2620 4766 2605 4767 2599 4767 2620 4767 2620 4768 2599 4768 2621 4768 2599 4769 2600 4769 2621 4769 2621 4770 2600 4770 2622 4770 2623 4771 2617 4771 2624 4771 2617 4772 2618 4772 2624 4772 2624 4773 2618 4773 2614 4773 2618 4774 2619 4774 2614 4774 2614 4775 2619 4775 2612 4775 2619 4776 2620 4776 2612 4776 2612 4777 2620 4777 2572 4777 2620 4778 2621 4778 2572 4778 2572 4779 2621 4779 2573 4779 2621 4780 2622 4780 2573 4780 2573 4781 2622 4781 2606 4781 2596 4782 2579 4782 2598 4782 2579 4783 2578 4783 2598 4783 2598 4784 2578 4784 2600 4784 2578 4785 2577 4785 2600 4785 2600 4786 2577 4786 2622 4786 2577 4787 2576 4787 2622 4787 2622 4788 2576 4788 2606 4788 2576 4789 2559 4789 2606 4789 2606 4790 2559 4790 2607 4790 2559 4791 2561 4791 2607 4791 2607 4792 2561 4792 2608 4792 2561 4793 2562 4793 2608 4793 2608 4794 2562 4794 2610 4794 2562 4795 2563 4795 2610 4795 2610 4796 2563 4796 2616 4796 1943 4797 1009 4797 2625 4797 1009 4798 1010 4798 2625 4798 2625 4799 1010 4799 1011 4799 1942 4800 1941 4800 2626 4800 1029 4801 2627 4801 2535 4801 2627 4802 2628 4802 2535 4802 2535 4803 2628 4803 2536 4803 2628 4804 2629 4804 2536 4804 2536 4805 2629 4805 2537 4805 2629 4806 2630 4806 2537 4806 2537 4807 2630 4807 2538 4807 2630 4808 2631 4808 2538 4808 2538 4809 2631 4809 2534 4809 2631 4810 2632 4810 2534 4810 2534 4811 2632 4811 2555 4811 2632 4812 2633 4812 2555 4812 2555 4813 2633 4813 2554 4813 2633 4814 2634 4814 2554 4814 2554 4815 2634 4815 2553 4815 2634 4816 2635 4816 2553 4816 2553 4817 2635 4817 2552 4817 2635 4818 2636 4818 2552 4818 2552 4819 2636 4819 2551 4819 2636 4820 2637 4820 2551 4820 2551 4821 2637 4821 1949 4821 2637 4822 2638 4822 1949 4822 1949 4823 2638 4823 1950 4823 2638 4824 2639 4824 1950 4824 1950 4825 2639 4825 2545 4825 2639 4826 2640 4826 2545 4826 2545 4827 2640 4827 2546 4827 2640 4828 2641 4828 2546 4828 2546 4829 2641 4829 2550 4829 2641 4830 2642 4830 2550 4830 2643 4831 2623 4831 2644 4831 2623 4832 2624 4832 2644 4832 2644 4833 2624 4833 2645 4833 2624 4834 2614 4834 2645 4834 2645 4835 2614 4835 2646 4835 2614 4836 2613 4836 2646 4836 2646 4837 2613 4837 2647 4837 2613 4838 2611 4838 2647 4838 2647 4839 2611 4839 2648 4839 2611 4840 2615 4840 2648 4840 2648 4841 2615 4841 2642 4841 2615 4842 2616 4842 2642 4842 2642 4843 2616 4843 2550 4843 2616 4844 2563 4844 2550 4844 2550 4845 2563 4845 2549 4845 2563 4846 2558 4846 2549 4846 2549 4847 2558 4847 2548 4847 2558 4848 2557 4848 2548 4848 2548 4849 2557 4849 2547 4849 2557 4850 2519 4850 2547 4850 2547 4851 2519 4851 2516 4851 2519 4852 2515 4852 2516 4852 2516 4853 2515 4853 2517 4853 2515 4854 1074 4854 2517 4854 2517 4855 1074 4855 1073 4855 2649 4856 2643 4856 2650 4856 2643 4857 2644 4857 2650 4857 2650 4858 2644 4858 2651 4858 2644 4859 2645 4859 2651 4859 2651 4860 2645 4860 2652 4860 2645 4861 2646 4861 2652 4861 2652 4862 2646 4862 2653 4862 2646 4863 2647 4863 2653 4863 2653 4864 2647 4864 2654 4864 2647 4865 2648 4865 2654 4865 2654 4866 2648 4866 2655 4866 2648 4867 2642 4867 2655 4867 2655 4868 2642 4868 2656 4868 2642 4869 2641 4869 2656 4869 2656 4870 2641 4870 2657 4870 2641 4871 2640 4871 2657 4871 2657 4872 2640 4872 2658 4872 2640 4873 2639 4873 2658 4873 2658 4874 2639 4874 2659 4874 2639 4875 2638 4875 2659 4875 2659 4876 2638 4876 2660 4876 2638 4877 2637 4877 2660 4877 2660 4878 2637 4878 2661 4878 2637 4879 2636 4879 2661 4879 2661 4880 2636 4880 2662 4880 2636 4881 2635 4881 2662 4881 2662 4882 2635 4882 2663 4882 2635 4883 2634 4883 2663 4883 2663 4884 2634 4884 2664 4884 2634 4885 2633 4885 2664 4885 2664 4886 2633 4886 2665 4886 2633 4887 2632 4887 2665 4887 2665 4888 2632 4888 2666 4888 2632 4889 2631 4889 2666 4889 2666 4890 2631 4890 2667 4890 2631 4891 2630 4891 2667 4891 2667 4892 2630 4892 2626 4892 2630 4893 2629 4893 2626 4893 2626 4894 2629 4894 1942 4894 2629 4895 2628 4895 1942 4895 1942 4896 2628 4896 1940 4896 2628 4897 2627 4897 1940 4897 1212 4898 1939 4898 2668 4898 1939 4899 2669 4899 2668 4899 2668 4900 2669 4900 2670 4900 2671 4901 2670 4901 2672 4901 2670 4902 2669 4902 2672 4902 2672 4903 2669 4903 2673 4903 2669 4904 1939 4904 2673 4904 2673 4905 1939 4905 2590 4905 1939 4906 1211 4906 2590 4906 2590 4907 1211 4907 1357 4907 2674 4908 2675 4908 2676 4908 2674 4909 2676 4909 2677 4909 2676 4910 2678 4910 2677 4910 2677 4911 2678 4911 1938 4911 2678 4912 1221 4912 1938 4912 1938 4913 1221 4913 1216 4913 2679 4914 1219 4914 1223 4914 1223 4915 1937 4915 2679 4915 1937 4916 2680 4916 2679 4916 2679 4917 2680 4917 2681 4917 2680 4918 2682 4918 2681 4918 2681 4919 2682 4919 2683 4919 2684 4920 2685 4920 2686 4920 2684 4921 2686 4921 2687 4921 2686 4922 2688 4922 2687 4922 2687 4923 2688 4923 2689 4923 2688 4924 1251 4924 2689 4924 2689 4925 1251 4925 1217 4925 2690 4926 2671 4926 2602 4926 2671 4927 2672 4927 2602 4927 2602 4928 2672 4928 2585 4928 2672 4929 2673 4929 2585 4929 2585 4930 2673 4930 2586 4930 2673 4931 2590 4931 2586 4931 2586 4932 2590 4932 2588 4932 2590 4933 1356 4933 2588 4933 2588 4934 1356 4934 1355 4934 2691 4935 2675 4935 2690 4935 2675 4936 2674 4936 2690 4936 2690 4937 2674 4937 2671 4937 2674 4938 2677 4938 2671 4938 2671 4939 2677 4939 2670 4939 2677 4940 1938 4940 2670 4940 2670 4941 1938 4941 2668 4941 1938 4942 1214 4942 2668 4942 2668 4943 1214 4943 1212 4943 2692 4944 2683 4944 2691 4944 2683 4945 2682 4945 2691 4945 2691 4946 2682 4946 2675 4946 2682 4947 2680 4947 2675 4947 2675 4948 2680 4948 2676 4948 2680 4949 1937 4949 2676 4949 2676 4950 1937 4950 2678 4950 1937 4951 1222 4951 2678 4951 2678 4952 1222 4952 1221 4952 2693 4953 2685 4953 2692 4953 2685 4954 2684 4954 2692 4954 2692 4955 2684 4955 2683 4955 2684 4956 2687 4956 2683 4956 2683 4957 2687 4957 2681 4957 2687 4958 2689 4958 2681 4958 2681 4959 2689 4959 2679 4959 2689 4960 1217 4960 2679 4960 2679 4961 1217 4961 1219 4961 1253 4962 2694 4962 1246 4962 2694 4963 2695 4963 1246 4963 1231 4964 2696 4964 2697 4964 1231 4965 234 4965 2696 4965 234 4966 233 4966 2696 4966 2696 4967 233 4967 2695 4967 233 4968 1237 4968 2695 4968 2695 4969 1237 4969 1246 4969 2698 4970 1243 4970 2697 4970 1243 4971 1232 4971 2697 4971 2697 4972 1232 4972 1231 4972 1934 4973 1936 4973 2699 4973 1936 4974 2700 4974 2699 4974 2699 4975 2700 4975 2701 4975 1931 4976 1933 4976 2702 4976 1933 4977 2703 4977 2702 4977 2702 4978 2703 4978 2704 4978 2705 4979 1245 4979 2698 4979 1245 4980 1244 4980 2698 4980 2698 4981 1244 4981 1243 4981 2706 4982 1234 4982 2705 4982 1234 4983 1236 4983 2705 4983 2705 4984 1236 4984 1245 4984 2707 4985 231 4985 2706 4985 231 4986 230 4986 2706 4986 2706 4987 230 4987 1234 4987 2708 4988 2709 4988 2710 4988 2709 4989 2711 4989 2710 4989 2712 4990 2708 4990 2713 4990 2708 4991 2710 4991 2713 4991 2713 4992 2710 4992 2714 4992 2715 4993 2701 4993 2693 4993 2701 4994 2700 4994 2693 4994 2693 4995 2700 4995 2685 4995 2700 4996 1936 4996 2685 4996 2685 4997 1936 4997 2686 4997 1936 4998 1935 4998 2686 4998 2686 4999 1935 4999 2688 4999 1935 5000 1252 5000 2688 5000 2688 5001 1252 5001 1251 5001 2716 5002 2704 5002 2715 5002 2704 5003 2703 5003 2715 5003 2715 5004 2703 5004 2701 5004 2703 5005 1933 5005 2701 5005 2701 5006 1933 5006 2699 5006 1933 5007 1932 5007 2699 5007 2699 5008 1932 5008 1934 5008 2717 5009 2711 5009 2716 5009 2711 5010 2709 5010 2716 5010 2716 5011 2709 5011 2704 5011 2709 5012 2708 5012 2704 5012 2704 5013 2708 5013 2702 5013 2708 5014 2712 5014 2702 5014 2702 5015 2712 5015 1931 5015 2718 5016 2719 5016 2720 5016 2719 5017 2721 5017 2720 5017 2720 5018 2721 5018 2722 5018 2723 5019 2724 5019 1294 5019 2724 5020 1293 5020 1294 5020 1294 5021 1352 5021 2723 5021 1352 5022 1351 5022 2723 5022 2723 5023 1351 5023 2707 5023 1351 5024 1350 5024 2707 5024 2707 5025 1350 5025 231 5025 1293 5026 2724 5026 224 5026 2724 5027 2725 5027 224 5027 224 5028 2725 5028 225 5028 2725 5029 2726 5029 225 5029 225 5030 2726 5030 1303 5030 2727 5031 2728 5031 2722 5031 2728 5032 2729 5032 2722 5032 2722 5033 2729 5033 2720 5033 2730 5034 2731 5034 2727 5034 2731 5035 2732 5035 2727 5035 2727 5036 2732 5036 2728 5036 2733 5037 1299 5037 2734 5037 1299 5038 1305 5038 2734 5038 2734 5039 1305 5039 2726 5039 1305 5040 1304 5040 2726 5040 2726 5041 1304 5041 1303 5041 2735 5042 1301 5042 2733 5042 1301 5043 1300 5043 2733 5043 2733 5044 1300 5044 1299 5044 2736 5045 1345 5045 2735 5045 1345 5046 1344 5046 2735 5046 2735 5047 1344 5047 1301 5047 2737 5048 1341 5048 2736 5048 1341 5049 1346 5049 2736 5049 2736 5050 1346 5050 1345 5050 2738 5051 2739 5051 2740 5051 2739 5052 2741 5052 2740 5052 2740 5053 2741 5053 2730 5053 2741 5054 2742 5054 2730 5054 2730 5055 2742 5055 2731 5055 2714 5056 2718 5056 2743 5056 2718 5057 2720 5057 2743 5057 2743 5058 2720 5058 2744 5058 2720 5059 2729 5059 2744 5059 2744 5060 2729 5060 2745 5060 2729 5061 2728 5061 2745 5061 2745 5062 2728 5062 2746 5062 2728 5063 2732 5063 2746 5063 2746 5064 2732 5064 2747 5064 2732 5065 2731 5065 2747 5065 2747 5066 2731 5066 2748 5066 2731 5067 2742 5067 2748 5067 2748 5068 2742 5068 2749 5068 2742 5069 2741 5069 2749 5069 2749 5070 2741 5070 2750 5070 2741 5071 2739 5071 2750 5071 2750 5072 2739 5072 2751 5072 2739 5073 2738 5073 2751 5073 2751 5074 2738 5074 2752 5074 2721 5075 2753 5075 2722 5075 2753 5076 2754 5076 2722 5076 2722 5077 2754 5077 2727 5077 2754 5078 2755 5078 2727 5078 2727 5079 2755 5079 2730 5079 2755 5080 2756 5080 2730 5080 2730 5081 2756 5081 2740 5081 2757 5082 2758 5082 2759 5082 2714 5083 2710 5083 2718 5083 2710 5084 2711 5084 2718 5084 2718 5085 2711 5085 2719 5085 2711 5086 2717 5086 2719 5086 2719 5087 2717 5087 2721 5087 2717 5088 2760 5088 2721 5088 2721 5089 2760 5089 2753 5089 2760 5090 2761 5090 2753 5090 2753 5091 2761 5091 2754 5091 2761 5092 2757 5092 2754 5092 2754 5093 2757 5093 2755 5093 2757 5094 2759 5094 2755 5094 2755 5095 2759 5095 2756 5095 2601 5096 2762 5096 2602 5096 2762 5097 2763 5097 2602 5097 2602 5098 2763 5098 2690 5098 2763 5099 2764 5099 2690 5099 2690 5100 2764 5100 2691 5100 2764 5101 2765 5101 2691 5101 2691 5102 2765 5102 2692 5102 2765 5103 2766 5103 2692 5103 2692 5104 2766 5104 2693 5104 2766 5105 2767 5105 2693 5105 2693 5106 2767 5106 2715 5106 2767 5107 2768 5107 2715 5107 2715 5108 2768 5108 2716 5108 2768 5109 2769 5109 2716 5109 2716 5110 2769 5110 2717 5110 2769 5111 2770 5111 2717 5111 2717 5112 2770 5112 2760 5112 2770 5113 2771 5113 2760 5113 2760 5114 2771 5114 2761 5114 2771 5115 2772 5115 2761 5115 2761 5116 2772 5116 2757 5116 2772 5117 2773 5117 2757 5117 2757 5118 2773 5118 2758 5118 2762 5119 2774 5119 2763 5119 2774 5120 2775 5120 2763 5120 2763 5121 2775 5121 2764 5121 2775 5122 2776 5122 2764 5122 2764 5123 2776 5123 2765 5123 2776 5124 2777 5124 2765 5124 2765 5125 2777 5125 2766 5125 2777 5126 2778 5126 2766 5126 2766 5127 2778 5127 2767 5127 2778 5128 2779 5128 2767 5128 2767 5129 2779 5129 2768 5129 2779 5130 2780 5130 2768 5130 2768 5131 2780 5131 2769 5131 2780 5132 2781 5132 2769 5132 2769 5133 2781 5133 2770 5133 2781 5134 2782 5134 2770 5134 2770 5135 2782 5135 2771 5135 2782 5136 2783 5136 2771 5136 2771 5137 2783 5137 2772 5137 2783 5138 2784 5138 2772 5138 2772 5139 2784 5139 2773 5139 2785 5140 1343 5140 2737 5140 1343 5141 1342 5141 2737 5141 2737 5142 1342 5142 1341 5142 2786 5143 2787 5143 1339 5143 2787 5144 1340 5144 1339 5144 1339 5145 1338 5145 2786 5145 1338 5146 1318 5146 2786 5146 2786 5147 1318 5147 2785 5147 1318 5148 1317 5148 2785 5148 2785 5149 1317 5149 1343 5149 2788 5150 2789 5150 2790 5150 2789 5151 2791 5151 2790 5151 2790 5152 2791 5152 2792 5152 2793 5153 2794 5153 2795 5153 2794 5154 2796 5154 2795 5154 2795 5155 2796 5155 2797 5155 1340 5156 2787 5156 1319 5156 2787 5157 2798 5157 1319 5157 1319 5158 2798 5158 1320 5158 2798 5159 2799 5159 1320 5159 1320 5160 2799 5160 1322 5160 2800 5161 1572 5161 2801 5161 1572 5162 1571 5162 2801 5162 2801 5163 1571 5163 2799 5163 1571 5164 1323 5164 2799 5164 2799 5165 1323 5165 1322 5165 2802 5166 1568 5166 2800 5166 1568 5167 1573 5167 2800 5167 2800 5168 1573 5168 1572 5168 2803 5169 2804 5169 2805 5169 2804 5170 2806 5170 2805 5170 2805 5171 2806 5171 2807 5171 2808 5172 2809 5172 2810 5172 2809 5173 2811 5173 2810 5173 2810 5174 2811 5174 2812 5174 2811 5175 2813 5175 2812 5175 2812 5176 2813 5176 2814 5176 2815 5177 2816 5177 2817 5177 2804 5178 2793 5178 2806 5178 2793 5179 2795 5179 2806 5179 2806 5180 2795 5180 2807 5180 2795 5181 2797 5181 2807 5181 2807 5182 2797 5182 2818 5182 2797 5183 2819 5183 2818 5183 2818 5184 2819 5184 2820 5184 2819 5185 2821 5185 2820 5185 2820 5186 2821 5186 2822 5186 2821 5187 2823 5187 2822 5187 2822 5188 2823 5188 2824 5188 2823 5189 2817 5189 2824 5189 2824 5190 2817 5190 2825 5190 2817 5191 2816 5191 2825 5191 2825 5192 2816 5192 2826 5192 2774 5193 2827 5193 2775 5193 2827 5194 2828 5194 2775 5194 2775 5195 2828 5195 2776 5195 2828 5196 2829 5196 2776 5196 2776 5197 2829 5197 2777 5197 2829 5198 2830 5198 2777 5198 2777 5199 2830 5199 2778 5199 2830 5200 2831 5200 2778 5200 2778 5201 2831 5201 2779 5201 2831 5202 2832 5202 2779 5202 2779 5203 2832 5203 2780 5203 2832 5204 2833 5204 2780 5204 2780 5205 2833 5205 2781 5205 2833 5206 2834 5206 2781 5206 2781 5207 2834 5207 2782 5207 2834 5208 2835 5208 2782 5208 2782 5209 2835 5209 2783 5209 2835 5210 2836 5210 2783 5210 2783 5211 2836 5211 2784 5211 2827 5212 2837 5212 2828 5212 2837 5213 2838 5213 2828 5213 2828 5214 2838 5214 2829 5214 2838 5215 2839 5215 2829 5215 2829 5216 2839 5216 2830 5216 2839 5217 2840 5217 2830 5217 2830 5218 2840 5218 2831 5218 2840 5219 2841 5219 2831 5219 2831 5220 2841 5220 2832 5220 2841 5221 2842 5221 2832 5221 2832 5222 2842 5222 2833 5222 2842 5223 2843 5223 2833 5223 2833 5224 2843 5224 2834 5224 2843 5225 2844 5225 2834 5225 2834 5226 2844 5226 2835 5226 2844 5227 2845 5227 2835 5227 2835 5228 2845 5228 2836 5228 2846 5229 2847 5229 2848 5229 2847 5230 2849 5230 2848 5230 2848 5231 2849 5231 2850 5231 2849 5232 2851 5232 2850 5232 2850 5233 2851 5233 2852 5233 2851 5234 2853 5234 2852 5234 2852 5235 2853 5235 2854 5235 2853 5236 2855 5236 2854 5236 2854 5237 2855 5237 2856 5237 2855 5238 2857 5238 2856 5238 2856 5239 2857 5239 2858 5239 2857 5240 2859 5240 2858 5240 2858 5241 2859 5241 2860 5241 2837 5242 2846 5242 2838 5242 2846 5243 2848 5243 2838 5243 2838 5244 2848 5244 2839 5244 2848 5245 2850 5245 2839 5245 2839 5246 2850 5246 2840 5246 2850 5247 2852 5247 2840 5247 2840 5248 2852 5248 2841 5248 2852 5249 2854 5249 2841 5249 2841 5250 2854 5250 2842 5250 2854 5251 2856 5251 2842 5251 2842 5252 2856 5252 2843 5252 2856 5253 2858 5253 2843 5253 2843 5254 2858 5254 2844 5254 2858 5255 2860 5255 2844 5255 2844 5256 2860 5256 2845 5256 2861 5257 2862 5257 2863 5257 2862 5258 2864 5258 2863 5258 2863 5259 2864 5259 2865 5259 2864 5260 2866 5260 2865 5260 2865 5261 2866 5261 2867 5261 2866 5262 2868 5262 2867 5262 2867 5263 2868 5263 2869 5263 2868 5264 2815 5264 2869 5264 2869 5265 2815 5265 2870 5265 2815 5266 2817 5266 2870 5266 2870 5267 2817 5267 2871 5267 2817 5268 2823 5268 2871 5268 2871 5269 2823 5269 2872 5269 2823 5270 2821 5270 2872 5270 2872 5271 2821 5271 2873 5271 2821 5272 2819 5272 2873 5272 2873 5273 2819 5273 2792 5273 2819 5274 2797 5274 2792 5274 2792 5275 2797 5275 2790 5275 2797 5276 2796 5276 2790 5276 2790 5277 2796 5277 2788 5277 2796 5278 2794 5278 2788 5278 2859 5279 2861 5279 2860 5279 2861 5280 2863 5280 2860 5280 2860 5281 2863 5281 2845 5281 2863 5282 2865 5282 2845 5282 2845 5283 2865 5283 2836 5283 2865 5284 2867 5284 2836 5284 2836 5285 2867 5285 2784 5285 2867 5286 2869 5286 2784 5286 2784 5287 2869 5287 2773 5287 2869 5288 2870 5288 2773 5288 2773 5289 2870 5289 2758 5289 2870 5290 2871 5290 2758 5290 2758 5291 2871 5291 2759 5291 2871 5292 2872 5292 2759 5292 2759 5293 2872 5293 2756 5293 2872 5294 2873 5294 2756 5294 2756 5295 2873 5295 2740 5295 2873 5296 2792 5296 2740 5296 2740 5297 2792 5297 2738 5297 2792 5298 2791 5298 2738 5298 2738 5299 2791 5299 2752 5299 2791 5300 2789 5300 2752 5300 2874 5301 2875 5301 2876 5301 2875 5302 2877 5302 2876 5302 2876 5303 2877 5303 2878 5303 2877 5304 2879 5304 2878 5304 2880 5305 2649 5305 2881 5305 2649 5306 2650 5306 2881 5306 2881 5307 2650 5307 2882 5307 2650 5308 2651 5308 2882 5308 2882 5309 2651 5309 2883 5309 2651 5310 2652 5310 2883 5310 2883 5311 2652 5311 2884 5311 2652 5312 2653 5312 2884 5312 2884 5313 2653 5313 2885 5313 2653 5314 2654 5314 2885 5314 2885 5315 2654 5315 2886 5315 2654 5316 2655 5316 2886 5316 2886 5317 2655 5317 2887 5317 2655 5318 2656 5318 2887 5318 2887 5319 2656 5319 2888 5319 2656 5320 2657 5320 2888 5320 2888 5321 2657 5321 2889 5321 2657 5322 2658 5322 2889 5322 2889 5323 2658 5323 2890 5323 2658 5324 2659 5324 2890 5324 2890 5325 2659 5325 2891 5325 2659 5326 2660 5326 2891 5326 2891 5327 2660 5327 2892 5327 2660 5328 2661 5328 2892 5328 2892 5329 2661 5329 2893 5329 2661 5330 2662 5330 2893 5330 2893 5331 2662 5331 2894 5331 2662 5332 2663 5332 2894 5332 2894 5333 2663 5333 2895 5333 2663 5334 2664 5334 2895 5334 2895 5335 2664 5335 2896 5335 2664 5336 2665 5336 2896 5336 2896 5337 2665 5337 2897 5337 2665 5338 2666 5338 2897 5338 2897 5339 2666 5339 2898 5339 2666 5340 2667 5340 2898 5340 2898 5341 2667 5341 2874 5341 2667 5342 2626 5342 2874 5342 2874 5343 2626 5343 2875 5343 2626 5344 1941 5344 2875 5344 164 5345 2899 5345 2900 5345 2899 5346 2901 5346 2900 5346 2900 5347 2901 5347 2902 5347 164 5348 2903 5348 2899 5348 2903 5349 2904 5349 2899 5349 2899 5350 2904 5350 2901 5350 2904 5351 2905 5351 2901 5351 2901 5352 2905 5352 2902 5352 164 5353 2266 5353 2903 5353 2266 5354 2337 5354 2903 5354 2903 5355 2337 5355 2904 5355 2337 5356 2906 5356 2904 5356 2904 5357 2906 5357 2905 5357 2906 5358 2907 5358 2905 5358 2905 5359 2907 5359 2902 5359 2907 5360 1011 5360 2902 5360 2902 5361 1011 5361 2900 5361 1011 5362 1954 5362 2900 5362 2900 5363 1954 5363 164 5363 191 5364 2424 5364 1977 5364 2424 5365 1636 5365 1977 5365 1977 5366 1636 5366 1998 5366 1636 5367 2399 5367 1998 5367 1998 5368 2399 5368 1996 5368 2399 5369 2339 5369 1996 5369 1996 5370 2339 5370 1997 5370 2339 5371 2267 5371 1997 5371 1997 5372 2267 5372 164 5372 1953 5373 164 5373 1954 5373 1954 5374 1011 5374 1952 5374 1011 5375 1960 5375 1952 5375 1952 5376 1960 5376 1953 5376 1960 5377 164 5377 1953 5377 2269 5378 2880 5378 2271 5378 2880 5379 2881 5379 2271 5379 2271 5380 2881 5380 2273 5380 2881 5381 2882 5381 2273 5381 2273 5382 2882 5382 2275 5382 2882 5383 2883 5383 2275 5383 2275 5384 2883 5384 2277 5384 2883 5385 2884 5385 2277 5385 2277 5386 2884 5386 2279 5386 2884 5387 2885 5387 2279 5387 2279 5388 2885 5388 2281 5388 2885 5389 2886 5389 2281 5389 2281 5390 2886 5390 2283 5390 2886 5391 2887 5391 2283 5391 2283 5392 2887 5392 2284 5392 2887 5393 2888 5393 2284 5393 2284 5394 2888 5394 2286 5394 2888 5395 2889 5395 2286 5395 2286 5396 2889 5396 2288 5396 2889 5397 2890 5397 2288 5397 2288 5398 2890 5398 2290 5398 2890 5399 2891 5399 2290 5399 2290 5400 2891 5400 2292 5400 2891 5401 2892 5401 2292 5401 2292 5402 2892 5402 2294 5402 2892 5403 2893 5403 2294 5403 2294 5404 2893 5404 2296 5404 2893 5405 2894 5405 2296 5405 2296 5406 2894 5406 2298 5406 2894 5407 2895 5407 2298 5407 2298 5408 2895 5408 2300 5408 2895 5409 2896 5409 2300 5409 2300 5410 2896 5410 2302 5410 2896 5411 2897 5411 2302 5411 2302 5412 2897 5412 2304 5412 2897 5413 2898 5413 2304 5413 2304 5414 2898 5414 2306 5414 2898 5415 2874 5415 2306 5415 2306 5416 2874 5416 2337 5416 2874 5417 2876 5417 2337 5417 2337 5418 2876 5418 2906 5418 2876 5419 2878 5419 2906 5419 2906 5420 2878 5420 2907 5420 2878 5421 2879 5421 2907 5421 2907 5422 2879 5422 1011 5422 2879 5423 2877 5423 1011 5423 1011 5424 2877 5424 2625 5424 2877 5425 2875 5425 2625 5425 2625 5426 2875 5426 1943 5426 2875 5427 1941 5427 1943 5427 1943 5428 1941 5428 1944 5428 1941 5429 1940 5429 1944 5429 1944 5430 1940 5430 1951 5430 1940 5431 2627 5431 1951 5431 1951 5432 2627 5432 2502 5432 2627 5433 1029 5433 2502 5433 2502 5434 1029 5434 1959 5434 1029 5435 1006 5435 1959 5435 1959 5436 1006 5436 249 5436 2908 5437 2909 5437 2910 5437 1930 5438 1929 5438 2911 5438 1929 5439 2912 5439 2911 5439 2911 5440 2912 5440 2913 5440 2912 5441 2914 5441 2913 5441 2913 5442 2914 5442 2915 5442 2914 5443 2916 5443 2915 5443 2915 5444 2916 5444 2917 5444 2916 5445 2918 5445 2917 5445 2917 5446 2918 5446 2919 5446 2918 5447 2920 5447 2919 5447 2919 5448 2920 5448 2910 5448 2920 5449 2921 5449 2910 5449 2910 5450 2921 5450 2908 5450 1134 5451 1945 5451 2594 5451 1945 5452 2581 5452 2594 5452 2594 5453 2581 5453 2593 5453 2581 5454 2580 5454 2593 5454 2593 5455 2580 5455 2591 5455 2580 5456 2922 5456 2591 5456 2591 5457 2922 5457 2601 5457 2922 5458 2923 5458 2601 5458 2601 5459 2923 5459 2762 5459 2923 5460 2924 5460 2762 5460 2762 5461 2924 5461 2774 5461 2924 5462 2925 5462 2774 5462 2774 5463 2925 5463 2827 5463 2925 5464 2926 5464 2827 5464 2827 5465 2926 5465 2837 5465 2926 5466 2927 5466 2837 5466 2837 5467 2927 5467 2846 5467 2927 5468 2908 5468 2846 5468 2846 5469 2908 5469 2847 5469 2908 5470 2921 5470 2847 5470 2847 5471 2921 5471 2849 5471 2921 5472 2920 5472 2849 5472 2849 5473 2920 5473 2851 5473 2920 5474 2918 5474 2851 5474 2851 5475 2918 5475 2853 5475 2918 5476 2916 5476 2853 5476 2853 5477 2916 5477 2855 5477 2916 5478 2914 5478 2855 5478 2855 5479 2914 5479 2857 5479 2914 5480 2912 5480 2857 5480 2857 5481 2912 5481 2859 5481 2912 5482 1929 5482 2859 5482 2859 5483 1929 5483 2861 5483 1929 5484 1928 5484 2861 5484 2861 5485 1928 5485 2862 5485 2928 5486 2929 5486 1925 5486 2003 5487 2930 5487 2334 5487 2930 5488 2931 5488 2334 5488 2334 5489 2931 5489 2335 5489 2931 5490 2932 5490 2335 5490 2335 5491 2932 5491 2336 5491 2932 5492 2933 5492 2336 5492 2336 5493 2933 5493 2309 5493 2933 5494 2934 5494 2309 5494 2309 5495 2934 5495 2311 5495 2934 5496 2935 5496 2311 5496 2311 5497 2935 5497 2313 5497 2935 5498 2936 5498 2313 5498 2313 5499 2936 5499 2315 5499 2936 5500 2937 5500 2315 5500 2315 5501 2937 5501 2317 5501 2326 5502 2002 5502 2340 5502 2002 5503 2004 5503 2340 5503 2340 5504 2004 5504 2341 5504 2004 5505 2333 5505 2341 5505 2341 5506 2333 5506 2938 5506 2333 5507 2319 5507 2938 5507 2938 5508 2319 5508 2939 5508 2319 5509 2320 5509 2939 5509 2939 5510 2320 5510 2940 5510 2320 5511 2321 5511 2940 5511 2940 5512 2321 5512 2941 5512 2321 5513 2322 5513 2941 5513 2941 5514 2322 5514 2942 5514 2322 5515 2323 5515 2942 5515 2942 5516 2323 5516 2943 5516 2323 5517 2324 5517 2943 5517 2943 5518 2324 5518 2944 5518 2324 5519 2325 5519 2944 5519 2944 5520 2325 5520 2945 5520 2325 5521 2318 5521 2945 5521 2945 5522 2318 5522 2946 5522 2318 5523 2317 5523 2946 5523 2946 5524 2317 5524 2909 5524 2317 5525 2937 5525 2909 5525 2909 5526 2937 5526 2910 5526 2937 5527 2936 5527 2910 5527 2910 5528 2936 5528 2919 5528 2936 5529 2935 5529 2919 5529 2919 5530 2935 5530 2917 5530 2935 5531 2934 5531 2917 5531 2917 5532 2934 5532 2915 5532 2934 5533 2933 5533 2915 5533 2915 5534 2933 5534 2913 5534 2933 5535 2932 5535 2913 5535 2913 5536 2932 5536 2911 5536 2932 5537 2931 5537 2911 5537 2911 5538 2931 5538 1930 5538 2931 5539 2930 5539 1930 5539 1930 5540 2930 5540 1928 5540 2930 5541 2947 5541 1928 5541 1928 5542 2947 5542 2862 5542 2947 5543 2948 5543 2862 5543 2862 5544 2948 5544 2864 5544 2948 5545 2949 5545 2864 5545 2864 5546 2949 5546 2866 5546 2949 5547 2950 5547 2866 5547 2866 5548 2950 5548 2868 5548 2950 5549 2951 5549 2868 5549 2868 5550 2951 5550 2815 5550 2951 5551 2952 5551 2815 5551 2815 5552 2952 5552 2816 5552 2952 5553 2953 5553 2816 5553 2816 5554 2953 5554 2826 5554 2953 5555 2954 5555 2826 5555 2826 5556 2954 5556 2825 5556 2954 5557 2955 5557 2825 5557 2825 5558 2955 5558 2824 5558 2955 5559 2956 5559 2824 5559 2824 5560 2956 5560 2822 5560 2956 5561 2957 5561 2822 5561 2822 5562 2957 5562 2820 5562 2957 5563 2958 5563 2820 5563 2820 5564 2958 5564 2818 5564 2958 5565 2959 5565 2818 5565 2818 5566 2959 5566 2807 5566 2959 5567 2814 5567 2807 5567 2807 5568 2814 5568 2805 5568 2814 5569 2813 5569 2805 5569 2805 5570 2813 5570 2803 5570 2813 5571 2811 5571 2803 5571 2960 5572 1570 5572 2802 5572 1570 5573 1569 5573 2802 5573 2802 5574 1569 5574 1568 5574 1424 5575 1423 5575 1924 5575 1423 5576 1422 5576 1924 5576 1924 5577 1422 5577 2960 5577 1422 5578 1412 5578 2960 5578 2960 5579 1412 5579 1570 5579 2961 5580 2962 5580 2963 5580 2962 5581 2964 5581 2963 5581 2963 5582 2964 5582 2965 5582 2964 5583 2966 5583 2965 5583 1253 5584 1252 5584 2694 5584 1252 5585 1935 5585 2694 5585 2694 5586 1935 5586 2695 5586 1935 5587 1934 5587 2695 5587 2695 5588 1934 5588 2696 5588 1934 5589 1932 5589 2696 5589 2696 5590 1932 5590 2697 5590 1932 5591 1931 5591 2697 5591 2697 5592 1931 5592 2698 5592 1931 5593 2712 5593 2698 5593 2698 5594 2712 5594 2705 5594 2712 5595 2713 5595 2705 5595 2705 5596 2713 5596 2706 5596 2713 5597 2714 5597 2706 5597 2706 5598 2714 5598 2707 5598 2714 5599 2743 5599 2707 5599 2707 5600 2743 5600 2723 5600 2743 5601 2744 5601 2723 5601 2723 5602 2744 5602 2724 5602 2744 5603 2745 5603 2724 5603 2724 5604 2745 5604 2725 5604 2745 5605 2746 5605 2725 5605 2725 5606 2746 5606 2726 5606 2746 5607 2747 5607 2726 5607 2726 5608 2747 5608 2734 5608 2747 5609 2748 5609 2734 5609 2734 5610 2748 5610 2733 5610 2748 5611 2749 5611 2733 5611 2733 5612 2749 5612 2735 5612 2749 5613 2750 5613 2735 5613 2735 5614 2750 5614 2736 5614 2750 5615 2751 5615 2736 5615 2736 5616 2751 5616 2737 5616 2751 5617 2752 5617 2737 5617 2737 5618 2752 5618 2785 5618 2752 5619 2789 5619 2785 5619 2785 5620 2789 5620 2786 5620 2789 5621 2788 5621 2786 5621 2786 5622 2788 5622 2787 5622 2788 5623 2794 5623 2787 5623 2787 5624 2794 5624 2798 5624 2794 5625 2793 5625 2798 5625 2798 5626 2793 5626 2799 5626 2793 5627 2804 5627 2799 5627 2799 5628 2804 5628 2801 5628 2804 5629 2803 5629 2801 5629 2801 5630 2803 5630 2800 5630 2803 5631 2811 5631 2800 5631 2800 5632 2811 5632 2802 5632 2811 5633 2809 5633 2802 5633 2802 5634 2809 5634 2960 5634 2809 5635 2808 5635 2960 5635 2960 5636 2808 5636 1924 5636 1431 5637 1430 5637 2967 5637 1430 5638 1415 5638 2967 5638 2968 5639 2969 5639 2970 5639 2969 5640 2971 5640 2970 5640 2970 5641 2971 5641 2972 5641 2973 5642 2968 5642 2974 5642 2968 5643 2970 5643 2974 5643 2974 5644 2970 5644 2975 5644 2970 5645 2972 5645 2975 5645 2975 5646 2972 5646 2976 5646 2977 5647 1916 5647 2978 5647 1916 5648 1915 5648 2978 5648 2978 5649 1915 5649 2979 5649 1431 5650 2967 5650 1433 5650 2967 5651 2980 5651 1433 5651 1433 5652 2980 5652 206 5652 206 5653 2980 5653 207 5653 2980 5654 2981 5654 207 5654 207 5655 2981 5655 198 5655 1919 5656 1921 5656 1920 5656 1921 5657 1923 5657 1920 5657 1920 5658 1923 5658 2982 5658 1923 5659 2983 5659 2982 5659 2982 5660 2983 5660 2984 5660 198 5661 2981 5661 199 5661 2981 5662 2985 5662 199 5662 199 5663 2985 5663 204 5663 1492 5664 1491 5664 2986 5664 1491 5665 1490 5665 2986 5665 2986 5666 1490 5666 2985 5666 1490 5667 205 5667 2985 5667 2985 5668 205 5668 204 5668 2987 5669 2986 5669 1918 5669 2986 5670 2985 5670 1918 5670 1918 5671 2985 5671 1919 5671 2985 5672 2981 5672 1919 5672 1919 5673 2981 5673 1921 5673 2981 5674 2980 5674 1921 5674 1921 5675 2980 5675 1922 5675 2980 5676 2967 5676 1922 5676 2987 5677 1918 5677 2988 5677 1918 5678 1920 5678 2988 5678 2988 5679 1920 5679 2989 5679 1920 5680 2982 5680 2989 5680 2989 5681 2982 5681 2990 5681 2982 5682 2984 5682 2990 5682 2990 5683 2984 5683 2991 5683 2992 5684 2993 5684 2994 5684 2993 5685 2995 5685 2994 5685 2994 5686 2995 5686 2977 5686 2995 5687 2996 5687 2977 5687 2977 5688 2996 5688 1916 5688 2996 5689 2997 5689 1916 5689 1916 5690 2997 5690 1917 5690 2997 5691 2998 5691 1917 5691 1900 5692 2998 5692 2999 5692 2998 5693 2997 5693 2999 5693 2999 5694 2997 5694 3000 5694 2997 5695 2996 5695 3000 5695 3000 5696 2996 5696 3001 5696 2996 5697 2995 5697 3001 5697 3001 5698 2995 5698 3002 5698 2995 5699 2993 5699 3002 5699 2971 5700 3003 5700 2972 5700 3003 5701 3004 5701 2972 5701 2972 5702 3004 5702 2976 5702 3004 5703 3005 5703 2976 5703 2976 5704 3005 5704 3006 5704 3005 5705 3007 5705 3006 5705 2962 5706 3008 5706 2964 5706 3008 5707 3009 5707 2964 5707 2964 5708 3009 5708 2966 5708 3009 5709 3010 5709 2966 5709 2966 5710 3010 5710 3011 5710 3010 5711 3012 5711 3011 5711 3011 5712 3012 5712 3013 5712 3012 5713 3014 5713 3013 5713 3013 5714 3014 5714 3015 5714 3014 5715 3016 5715 3015 5715 3015 5716 3016 5716 3017 5716 3016 5717 3018 5717 3017 5717 3017 5718 3018 5718 3019 5718 3018 5719 3020 5719 3019 5719 1909 5720 1911 5720 3021 5720 1911 5721 3022 5721 3021 5721 3021 5722 3022 5722 3023 5722 3022 5723 3024 5723 3023 5723 3023 5724 3024 5724 3025 5724 3024 5725 3026 5725 3025 5725 3025 5726 3026 5726 3027 5726 3026 5727 3028 5727 3027 5727 3027 5728 3028 5728 3029 5728 3009 5729 2973 5729 3010 5729 2973 5730 2974 5730 3010 5730 3010 5731 2974 5731 3012 5731 2974 5732 2975 5732 3012 5732 3012 5733 2975 5733 3014 5733 2975 5734 2976 5734 3014 5734 3014 5735 2976 5735 3016 5735 2976 5736 3006 5736 3016 5736 3016 5737 3006 5737 3018 5737 3006 5738 3007 5738 3018 5738 3018 5739 3007 5739 3020 5739 3030 5740 2961 5740 3031 5740 2961 5741 2963 5741 3031 5741 3031 5742 2963 5742 3032 5742 2963 5743 2965 5743 3032 5743 3032 5744 2965 5744 3033 5744 2965 5745 2966 5745 3033 5745 3033 5746 2966 5746 3034 5746 2966 5747 3011 5747 3034 5747 3034 5748 3011 5748 3035 5748 3011 5749 3013 5749 3035 5749 3035 5750 3013 5750 3036 5750 3013 5751 3015 5751 3036 5751 3036 5752 3015 5752 3037 5752 3015 5753 3017 5753 3037 5753 3037 5754 3017 5754 3038 5754 3017 5755 3019 5755 3038 5755 3038 5756 3019 5756 3039 5756 3019 5757 3020 5757 3039 5757 3040 5758 1904 5758 3041 5758 1904 5759 1903 5759 3041 5759 3041 5760 1903 5760 3042 5760 1903 5761 3043 5761 3042 5761 1901 5762 1900 5762 3044 5762 1900 5763 2999 5763 3044 5763 3044 5764 2999 5764 3045 5764 2999 5765 3000 5765 3045 5765 3045 5766 3000 5766 3046 5766 3000 5767 3001 5767 3046 5767 3046 5768 3001 5768 3047 5768 3001 5769 3002 5769 3047 5769 3047 5770 3002 5770 3048 5770 3002 5771 2993 5771 3048 5771 3048 5772 2993 5772 3049 5772 2993 5773 2992 5773 3049 5773 3049 5774 2992 5774 3050 5774 2992 5775 3051 5775 3050 5775 3050 5776 3051 5776 3052 5776 3053 5777 3043 5777 3054 5777 3043 5778 1903 5778 3054 5778 3054 5779 1903 5779 3055 5779 1903 5780 1905 5780 3055 5780 3055 5781 1905 5781 3056 5781 1912 5782 1898 5782 3057 5782 1898 5783 1897 5783 3057 5783 3057 5784 1897 5784 3058 5784 1897 5785 3059 5785 3058 5785 3039 5786 1894 5786 3038 5786 1894 5787 1896 5787 3038 5787 3038 5788 1896 5788 3037 5788 1896 5789 3060 5789 3037 5789 3037 5790 3060 5790 3036 5790 3060 5791 2991 5791 3036 5791 3036 5792 2991 5792 3035 5792 2991 5793 2984 5793 3035 5793 3035 5794 2984 5794 3034 5794 2984 5795 2983 5795 3034 5795 3034 5796 2983 5796 3033 5796 2983 5797 1923 5797 3033 5797 3033 5798 1923 5798 3032 5798 1923 5799 1922 5799 3032 5799 3032 5800 1922 5800 3031 5800 1922 5801 2967 5801 3031 5801 3031 5802 2967 5802 3030 5802 2967 5803 1415 5803 3030 5803 3030 5804 1415 5804 1417 5804 3003 5805 3056 5805 3004 5805 3056 5806 1905 5806 3004 5806 3004 5807 1905 5807 3005 5807 1905 5808 1904 5808 3005 5808 3005 5809 1904 5809 3007 5809 1904 5810 3040 5810 3007 5810 3007 5811 3040 5811 3020 5811 3040 5812 3061 5812 3020 5812 3020 5813 3061 5813 3039 5813 3061 5814 3062 5814 3039 5814 3039 5815 3062 5815 1894 5815 3062 5816 3063 5816 1894 5816 1894 5817 3063 5817 1895 5817 3063 5818 3064 5818 1895 5818 483 5819 482 5819 2078 5819 482 5820 450 5820 2078 5820 2078 5821 450 5821 2079 5821 450 5822 1883 5822 2079 5822 2079 5823 1883 5823 3059 5823 1883 5824 1884 5824 3059 5824 3059 5825 1884 5825 3058 5825 1884 5826 1885 5826 3058 5826 3058 5827 1885 5827 3057 5827 1885 5828 1487 5828 3057 5828 3057 5829 1487 5829 1912 5829 1487 5830 1486 5830 1912 5830 1912 5831 1486 5831 1913 5831 1486 5832 1493 5832 1913 5832 3065 5833 3066 5833 3067 5833 3066 5834 3068 5834 3067 5834 3067 5835 3068 5835 3069 5835 3068 5836 3070 5836 3069 5836 3069 5837 3070 5837 3071 5837 1899 5838 3071 5838 1897 5838 3071 5839 3070 5839 1897 5839 1897 5840 3070 5840 3059 5840 3070 5841 3068 5841 3059 5841 3059 5842 3068 5842 2079 5842 3068 5843 3066 5843 2079 5843 2079 5844 3066 5844 2077 5844 3066 5845 3065 5845 2077 5845 2077 5846 3065 5846 2019 5846 3072 5847 3073 5847 3074 5847 3073 5848 3075 5848 3074 5848 3074 5849 3075 5849 3076 5849 3075 5850 3077 5850 3076 5850 3076 5851 3077 5851 3078 5851 3077 5852 3079 5852 3078 5852 3078 5853 3079 5853 3080 5853 3079 5854 3081 5854 3080 5854 3080 5855 3081 5855 3082 5855 3081 5856 3083 5856 3082 5856 3082 5857 3083 5857 3084 5857 3083 5858 3085 5858 3084 5858 3084 5859 3085 5859 3086 5859 3087 5860 3088 5860 3089 5860 3088 5861 3090 5861 3089 5861 3089 5862 3090 5862 3091 5862 3090 5863 3092 5863 3091 5863 3091 5864 3092 5864 3093 5864 3092 5865 3094 5865 3093 5865 3093 5866 3094 5866 3095 5866 3094 5867 3096 5867 3095 5867 3095 5868 3096 5868 3097 5868 3096 5869 3098 5869 3097 5869 3097 5870 3098 5870 3099 5870 3073 5871 3087 5871 3075 5871 3087 5872 3089 5872 3075 5872 3075 5873 3089 5873 3077 5873 3089 5874 3091 5874 3077 5874 3077 5875 3091 5875 3079 5875 3091 5876 3093 5876 3079 5876 3079 5877 3093 5877 3081 5877 3093 5878 3095 5878 3081 5878 3081 5879 3095 5879 3083 5879 3095 5880 3097 5880 3083 5880 3083 5881 3097 5881 3085 5881 3097 5882 3099 5882 3085 5882 3085 5883 3099 5883 3086 5883 3100 5884 3101 5884 3086 5884 3101 5885 2088 5885 3086 5885 3086 5886 2088 5886 3084 5886 2088 5887 2020 5887 3084 5887 3084 5888 2020 5888 3082 5888 2020 5889 2019 5889 3082 5889 3082 5890 2019 5890 3080 5890 2019 5891 3065 5891 3080 5891 3080 5892 3065 5892 3078 5892 3065 5893 3067 5893 3078 5893 3078 5894 3067 5894 3076 5894 3067 5895 3069 5895 3076 5895 3076 5896 3069 5896 3074 5896 3069 5897 3071 5897 3074 5897 3074 5898 3071 5898 3072 5898 3071 5899 1899 5899 3072 5899 1907 5900 1906 5900 3102 5900 1906 5901 3103 5901 3102 5901 3102 5902 3103 5902 3104 5902 3103 5903 3105 5903 3104 5903 3104 5904 3105 5904 3106 5904 3105 5905 3107 5905 3106 5905 3106 5906 3107 5906 3108 5906 1493 5907 1492 5907 1913 5907 1492 5908 2986 5908 1913 5908 1913 5909 2986 5909 1914 5909 2986 5910 2987 5910 1914 5910 1914 5911 2987 5911 3109 5911 2987 5912 2988 5912 3109 5912 3109 5913 2988 5913 3110 5913 2988 5914 2989 5914 3110 5914 3110 5915 2989 5915 3111 5915 2989 5916 2990 5916 3111 5916 3111 5917 2990 5917 3112 5917 2990 5918 2991 5918 3112 5918 3112 5919 2991 5919 1908 5919 2991 5920 3060 5920 1908 5920 1908 5921 3060 5921 1906 5921 3060 5922 1896 5922 1906 5922 1906 5923 1896 5923 3103 5923 1896 5924 1895 5924 3103 5924 3103 5925 1895 5925 3105 5925 1895 5926 3064 5926 3105 5926 3105 5927 3064 5927 3107 5927 1892 5928 1891 5928 3113 5928 1891 5929 3114 5929 3113 5929 3113 5930 3114 5930 3115 5930 3114 5931 3116 5931 3115 5931 3115 5932 3116 5932 3117 5932 3116 5933 3118 5933 3117 5933 3117 5934 3118 5934 3119 5934 3118 5935 3120 5935 3119 5935 3119 5936 3120 5936 3121 5936 3120 5937 3122 5937 3121 5937 3121 5938 3122 5938 2085 5938 3122 5939 3123 5939 2085 5939 2085 5940 3123 5940 2082 5940 1907 5941 3029 5941 1908 5941 3029 5942 3028 5942 1908 5942 1908 5943 3028 5943 3112 5943 3028 5944 3026 5944 3112 5944 3112 5945 3026 5945 3111 5945 3026 5946 3024 5946 3111 5946 3111 5947 3024 5947 3110 5947 3024 5948 3022 5948 3110 5948 3110 5949 3022 5949 3109 5949 3022 5950 1911 5950 3109 5950 3109 5951 1911 5951 1914 5951 1911 5952 1910 5952 1914 5952 1914 5953 1910 5953 1912 5953 1910 5954 1909 5954 1912 5954 1912 5955 1909 5955 1898 5955 1909 5956 3021 5956 1898 5956 1898 5957 3021 5957 1899 5957 3021 5958 3023 5958 1899 5958 1899 5959 3023 5959 3072 5959 3023 5960 3025 5960 3072 5960 3072 5961 3025 5961 3073 5961 3025 5962 3027 5962 3073 5962 3073 5963 3027 5963 3087 5963 3027 5964 3029 5964 3087 5964 3087 5965 3029 5965 3088 5965 3029 5966 1907 5966 3088 5966 3088 5967 1907 5967 3090 5967 1907 5968 3102 5968 3090 5968 3090 5969 3102 5969 3092 5969 3102 5970 3104 5970 3092 5970 3092 5971 3104 5971 3094 5971 3104 5972 3106 5972 3094 5972 3094 5973 3106 5973 3096 5973 3106 5974 3108 5974 3096 5974 3096 5975 3108 5975 3098 5975 3124 5976 3125 5976 3053 5976 3125 5977 3126 5977 3053 5977 3053 5978 3126 5978 3043 5978 3126 5979 3127 5979 3043 5979 3043 5980 3127 5980 3042 5980 3127 5981 3128 5981 3042 5981 3042 5982 3128 5982 3041 5982 3128 5983 3129 5983 3041 5983 3041 5984 3129 5984 3040 5984 3129 5985 1893 5985 3040 5985 3040 5986 1893 5986 3061 5986 1893 5987 1892 5987 3061 5987 3061 5988 1892 5988 3062 5988 1892 5989 3113 5989 3062 5989 3062 5990 3113 5990 3063 5990 3113 5991 3115 5991 3063 5991 3063 5992 3115 5992 3064 5992 3115 5993 3117 5993 3064 5993 3064 5994 3117 5994 3107 5994 3117 5995 3119 5995 3107 5995 3107 5996 3119 5996 3108 5996 3119 5997 3121 5997 3108 5997 3108 5998 3121 5998 3098 5998 3121 5999 2085 5999 3098 5999 3098 6000 2085 6000 3099 6000 2085 6001 2084 6001 3099 6001 3099 6002 2084 6002 3086 6002 2084 6003 2083 6003 3086 6003 3086 6004 2083 6004 3100 6004 2969 6005 2979 6005 2971 6005 2979 6006 1915 6006 2971 6006 2971 6007 1915 6007 3003 6007 1915 6008 1917 6008 3003 6008 3003 6009 1917 6009 3056 6009 1917 6010 2998 6010 3056 6010 3056 6011 2998 6011 3055 6011 2998 6012 1900 6012 3055 6012 3055 6013 1900 6013 3054 6013 1900 6014 1902 6014 3054 6014 3054 6015 1902 6015 3053 6015 1902 6016 3130 6016 3053 6016 3053 6017 3130 6017 3124 6017 3130 6018 3131 6018 3124 6018 3132 6019 3131 6019 3133 6019 3131 6020 3130 6020 3133 6020 3133 6021 3130 6021 3134 6021 3130 6022 1902 6022 3134 6022 3134 6023 1902 6023 3135 6023 1902 6024 1901 6024 3135 6024 3135 6025 1901 6025 3136 6025 1901 6026 3044 6026 3136 6026 3136 6027 3044 6027 3137 6027 3044 6028 3045 6028 3137 6028 3137 6029 3045 6029 3138 6029 3045 6030 3046 6030 3138 6030 3138 6031 3046 6031 3139 6031 3046 6032 3047 6032 3139 6032 3139 6033 3047 6033 3140 6033 3047 6034 3048 6034 3140 6034 3140 6035 3048 6035 3141 6035 3048 6036 3049 6036 3141 6036 3141 6037 3049 6037 3142 6037 3049 6038 3050 6038 3142 6038 3142 6039 3050 6039 3143 6039 3050 6040 3052 6040 3143 6040 3143 6041 3052 6041 3144 6041 2928 6042 3145 6042 2929 6042 3145 6043 3146 6043 2929 6043 2929 6044 3146 6044 3147 6044 3146 6045 3148 6045 3147 6045 3147 6046 3148 6046 3149 6046 3148 6047 3150 6047 3149 6047 3149 6048 3150 6048 3151 6048 3150 6049 3152 6049 3151 6049 3151 6050 3152 6050 3153 6050 3152 6051 3154 6051 3153 6051 3153 6052 3154 6052 3155 6052 3154 6053 3156 6053 3155 6053 3155 6054 3156 6054 3157 6054 3156 6055 3158 6055 3157 6055 3157 6056 3158 6056 3159 6056 3158 6057 3160 6057 3159 6057 3159 6058 3160 6058 3161 6058 3160 6059 3162 6059 3161 6059 3161 6060 3162 6060 3163 6060 3162 6061 3164 6061 3163 6061 3163 6062 3164 6062 3165 6062 1927 6063 1926 6063 3166 6063 1926 6064 3167 6064 3166 6064 3166 6065 3167 6065 3168 6065 3167 6066 3169 6066 3168 6066 3168 6067 3169 6067 3170 6067 3169 6068 3171 6068 3170 6068 3170 6069 3171 6069 3172 6069 3171 6070 3173 6070 3172 6070 3172 6071 3173 6071 3174 6071 3173 6072 3175 6072 3174 6072 3174 6073 3175 6073 3176 6073 3175 6074 3177 6074 3176 6074 3176 6075 3177 6075 3178 6075 3177 6076 3179 6076 3178 6076 3178 6077 3179 6077 3180 6077 3179 6078 3181 6078 3180 6078 3180 6079 3181 6079 3182 6079 3181 6080 3183 6080 3182 6080 3182 6081 3183 6081 3184 6081 3183 6082 3185 6082 3184 6082 3184 6083 3185 6083 3186 6083 3185 6084 3187 6084 3186 6084 3186 6085 3187 6085 3188 6085 3187 6086 3189 6086 3188 6086 3188 6087 3189 6087 3190 6087 3189 6088 3191 6088 3190 6088 3190 6089 3191 6089 3192 6089 3191 6090 3193 6090 3192 6090 3192 6091 3193 6091 3194 6091 3165 6092 3164 6092 3195 6092 3164 6093 3196 6093 3195 6093 3195 6094 3196 6094 3197 6094 3196 6095 3198 6095 3197 6095 3197 6096 3198 6096 3199 6096 3198 6097 3200 6097 3199 6097 3199 6098 3200 6098 3201 6098 1925 6099 2929 6099 1926 6099 2929 6100 3147 6100 1926 6100 1926 6101 3147 6101 3167 6101 3147 6102 3149 6102 3167 6102 3167 6103 3149 6103 3169 6103 3149 6104 3151 6104 3169 6104 3169 6105 3151 6105 3171 6105 3151 6106 3153 6106 3171 6106 3171 6107 3153 6107 3173 6107 3153 6108 3155 6108 3173 6108 3173 6109 3155 6109 3175 6109 3155 6110 3157 6110 3175 6110 3175 6111 3157 6111 3177 6111 3157 6112 3159 6112 3177 6112 3177 6113 3159 6113 3179 6113 3159 6114 3161 6114 3179 6114 3179 6115 3161 6115 3181 6115 3161 6116 3163 6116 3181 6116 3181 6117 3163 6117 3183 6117 3163 6118 3165 6118 3183 6118 3183 6119 3165 6119 3185 6119 3165 6120 3195 6120 3185 6120 3185 6121 3195 6121 3187 6121 3195 6122 3197 6122 3187 6122 3187 6123 3197 6123 3189 6123 3197 6124 3199 6124 3189 6124 3189 6125 3199 6125 3191 6125 3199 6126 3201 6126 3191 6126 3191 6127 3201 6127 3193 6127 3194 6128 3202 6128 3192 6128 3202 6129 3203 6129 3192 6129 3192 6130 3203 6130 3190 6130 3203 6131 3132 6131 3190 6131 3190 6132 3132 6132 3188 6132 3132 6133 3133 6133 3188 6133 3188 6134 3133 6134 3186 6134 3133 6135 3134 6135 3186 6135 3186 6136 3134 6136 3184 6136 3134 6137 3135 6137 3184 6137 3184 6138 3135 6138 3182 6138 3135 6139 3136 6139 3182 6139 3182 6140 3136 6140 3180 6140 3136 6141 3137 6141 3180 6141 3180 6142 3137 6142 3178 6142 3137 6143 3138 6143 3178 6143 3178 6144 3138 6144 3176 6144 3138 6145 3139 6145 3176 6145 3176 6146 3139 6146 3174 6146 3139 6147 3140 6147 3174 6147 3174 6148 3140 6148 3172 6148 3140 6149 3141 6149 3172 6149 3172 6150 3141 6150 3170 6150 3141 6151 3142 6151 3170 6151 3170 6152 3142 6152 3168 6152 3142 6153 3143 6153 3168 6153 3168 6154 3143 6154 3166 6154 3143 6155 3144 6155 3166 6155 3166 6156 3144 6156 1927 6156 3194 6157 2177 6157 3202 6157 2177 6158 2005 6158 3202 6158 3202 6159 2005 6159 3203 6159 2005 6160 2007 6160 3203 6160 3203 6161 2007 6161 3132 6161 2007 6162 2124 6162 3132 6162 3132 6163 2124 6163 3131 6163 2124 6164 2126 6164 3131 6164 3131 6165 2126 6165 3124 6165 2126 6166 2127 6166 3124 6166 3124 6167 2127 6167 3125 6167 2127 6168 2128 6168 3125 6168 3125 6169 2128 6169 3126 6169 2128 6170 2129 6170 3126 6170 3126 6171 2129 6171 3127 6171 2129 6172 2089 6172 3127 6172 3127 6173 2089 6173 3128 6173 2089 6174 2091 6174 3128 6174 3128 6175 2091 6175 3129 6175 2091 6176 2093 6176 3129 6176 3129 6177 2093 6177 1893 6177 2093 6178 2015 6178 1893 6178 1893 6179 2015 6179 1891 6179 2015 6180 2014 6180 1891 6180 1891 6181 2014 6181 3114 6181 2014 6182 2016 6182 3114 6182 3114 6183 2016 6183 3116 6183 2016 6184 2018 6184 3116 6184 3116 6185 2018 6185 3118 6185 2018 6186 2105 6186 3118 6186 3118 6187 2105 6187 3120 6187 2105 6188 2107 6188 3120 6188 3120 6189 2107 6189 3122 6189 2107 6190 2108 6190 3122 6190 3122 6191 2108 6191 3123 6191 1417 6192 1419 6192 3030 6192 1419 6193 1924 6193 3030 6193 3030 6194 1924 6194 2961 6194 1924 6195 2808 6195 2961 6195 2961 6196 2808 6196 2962 6196 2808 6197 2810 6197 2962 6197 2962 6198 2810 6198 3008 6198 2810 6199 2812 6199 3008 6199 3008 6200 2812 6200 3009 6200 2812 6201 2814 6201 3009 6201 3009 6202 2814 6202 2973 6202 2814 6203 2959 6203 2973 6203 2973 6204 2959 6204 2968 6204 2959 6205 2958 6205 2968 6205 2968 6206 2958 6206 2969 6206 2958 6207 2957 6207 2969 6207 2969 6208 2957 6208 2979 6208 2957 6209 2956 6209 2979 6209 2979 6210 2956 6210 2978 6210 2956 6211 2955 6211 2978 6211 2978 6212 2955 6212 2977 6212 2955 6213 2954 6213 2977 6213 2977 6214 2954 6214 2994 6214 2954 6215 2953 6215 2994 6215 2994 6216 2953 6216 2992 6216 2953 6217 2952 6217 2992 6217 2992 6218 2952 6218 3051 6218 2952 6219 2951 6219 3051 6219 3051 6220 2951 6220 3052 6220 2951 6221 2950 6221 3052 6221 3052 6222 2950 6222 3144 6222 2950 6223 2949 6223 3144 6223 3144 6224 2949 6224 1927 6224 2949 6225 2948 6225 1927 6225 1927 6226 2948 6226 1925 6226 2948 6227 2947 6227 1925 6227 1925 6228 2947 6228 2928 6228 2947 6229 2930 6229 2928 6229 2928 6230 2930 6230 3145 6230 2930 6231 2003 6231 3145 6231 3145 6232 2003 6232 3146 6232 2003 6233 2002 6233 3146 6233 3146 6234 2002 6234 3148 6234 2002 6235 2326 6235 3148 6235 3148 6236 2326 6236 3150 6236 2326 6237 2328 6237 3150 6237 3150 6238 2328 6238 3152 6238 2328 6239 2330 6239 3152 6239 3152 6240 2330 6240 3154 6240 2330 6241 2332 6241 3154 6241 3154 6242 2332 6242 3156 6242 2332 6243 2000 6243 3156 6243 3156 6244 2000 6244 3158 6244 2000 6245 1999 6245 3158 6245 3158 6246 1999 6246 3160 6246 1999 6247 2346 6247 3160 6247 3160 6248 2346 6248 3162 6248 2346 6249 2348 6249 3162 6249 3162 6250 2348 6250 3164 6250 2348 6251 2350 6251 3164 6251 3164 6252 2350 6252 3196 6252 2350 6253 2352 6253 3196 6253 3196 6254 2352 6254 3198 6254 2352 6255 2354 6255 3198 6255 3198 6256 2354 6256 3200 6256 466 6257 465 6257 2009 6257 465 6258 2081 6258 2009 6258 2009 6259 2081 6259 2110 6259 2081 6260 2086 6260 2110 6260 2110 6261 2086 6261 2112 6261 2086 6262 2087 6262 2112 6262 2112 6263 2087 6263 2114 6263 2087 6264 2088 6264 2114 6264 2114 6265 2088 6265 2229 6265 2088 6266 3101 6266 2229 6266 2229 6267 3101 6267 2228 6267 3101 6268 3100 6268 2228 6268 2228 6269 3100 6269 2226 6269 3100 6270 2083 6270 2226 6270 2226 6271 2083 6271 2224 6271 2083 6272 2082 6272 2224 6272 2224 6273 2082 6273 2222 6273 2082 6274 3123 6274 2222 6274 2222 6275 3123 6275 2220 6275 3123 6276 2108 6276 2220 6276 2220 6277 2108 6277 2218 6277 2108 6278 2106 6278 2218 6278 2218 6279 2106 6279 2216 6279 2106 6280 2104 6280 2216 6280 2216 6281 2104 6281 2214 6281 2104 6282 2103 6282 2214 6282 2214 6283 2103 6283 2212 6283 2103 6284 2102 6284 2212 6284 2212 6285 2102 6285 2210 6285 2102 6286 2101 6286 2210 6286 2210 6287 2101 6287 2208 6287 2101 6288 2100 6288 2208 6288 2208 6289 2100 6289 2206 6289 2100 6290 2099 6290 2206 6290 2206 6291 2099 6291 2204 6291 2099 6292 2098 6292 2204 6292 2204 6293 2098 6293 2202 6293 2098 6294 2097 6294 2202 6294 2202 6295 2097 6295 2200 6295 2097 6296 2011 6296 2200 6296 2200 6297 2011 6297 2198 6297 2011 6298 2010 6298 2198 6298 2198 6299 2010 6299 2196 6299 2010 6300 2122 6300 2196 6300 2196 6301 2122 6301 2194 6301 2122 6302 2123 6302 2194 6302 2194 6303 2123 6303 2192 6303 2123 6304 2173 6304 2192 6304 2192 6305 2173 6305 2190 6305 2173 6306 2174 6306 2190 6306 2190 6307 2174 6307 2188 6307 2174 6308 2175 6308 2188 6308 2188 6309 2175 6309 2186 6309 2175 6310 2176 6310 2186 6310 2186 6311 2176 6311 2184 6311 2176 6312 2177 6312 2184 6312 2184 6313 2177 6313 2182 6313 2177 6314 3194 6314 2182 6314 2182 6315 3194 6315 2180 6315 3194 6316 3193 6316 2180 6316 2180 6317 3193 6317 2178 6317 3193 6318 3201 6318 2178 6318 2178 6319 3201 6319 2358 6319 3201 6320 3200 6320 2358 6320 2358 6321 3200 6321 2359 6321 3200 6322 2354 6322 2359 6322 2359 6323 2354 6323 2361 6323 2354 6324 2353 6324 2361 6324 2361 6325 2353 6325 2362 6325 2353 6326 2357 6326 2362 6326 2362 6327 2357 6327 2367 6327 2357 6328 2364 6328 2367 6328 2367 6329 2364 6329 2365 6329 2364 6330 2363 6330 2365 6330 2365 6331 2363 6331 2028 6331 2363 6332 2345 6332 2028 6332 2028 6333 2345 6333 2027 6333 2345 6334 2344 6334 2027 6334 2027 6335 2344 6335 2414 6335 2344 6336 2342 6336 2414 6336 2414 6337 2342 6337 2412 6337 2342 6338 2341 6338 2412 6338 2412 6339 2341 6339 2410 6339 2341 6340 2938 6340 2410 6340 2410 6341 2938 6341 2408 6341 2938 6342 2939 6342 2408 6342 2408 6343 2939 6343 1983 6343 2939 6344 2940 6344 1983 6344 1983 6345 2940 6345 2416 6345 2940 6346 2941 6346 2416 6346 2416 6347 2941 6347 2407 6347 2941 6348 2942 6348 2407 6348 2407 6349 2942 6349 2406 6349 2942 6350 2943 6350 2406 6350 2406 6351 2943 6351 2405 6351 2943 6352 2944 6352 2405 6352 2405 6353 2944 6353 2481 6353 2944 6354 2945 6354 2481 6354 2481 6355 2945 6355 2268 6355 2945 6356 2946 6356 2268 6356 2268 6357 2946 6357 2269 6357 2946 6358 2909 6358 2269 6358 2269 6359 2909 6359 2880 6359 2909 6360 2908 6360 2880 6360 2880 6361 2908 6361 2649 6361 2908 6362 2927 6362 2649 6362 2649 6363 2927 6363 2643 6363 2927 6364 2926 6364 2643 6364 2643 6365 2926 6365 2623 6365 2926 6366 2925 6366 2623 6366 2623 6367 2925 6367 2617 6367 2925 6368 2924 6368 2617 6368 2617 6369 2924 6369 2603 6369 2924 6370 2923 6370 2603 6370 2603 6371 2923 6371 2595 6371 2923 6372 2922 6372 2595 6372 2595 6373 2922 6373 2596 6373 2922 6374 2580 6374 2596 6374 2596 6375 2580 6375 2579 6375 2580 6376 2582 6376 2579 6376 2579 6377 2582 6377 2567 6377 2582 6378 2583 6378 2567 6378 2567 6379 2583 6379 1946 6379 2583 6380 1132 6380 1946 6380 1946 6381 1132 6381 1131 6381</p>
        </triangles>
      </mesh>
    </geometry>
  </library_geometries>
  <library_visual_scenes>
    <visual_scene id="DefaultScene">
      <node id="node_1f95a451_0f0a_46e2_8b4c_f2f2d5990703" type="NODE">
        <matrix>1 0 0 0 0 1 0 0 0 0 1 0 0 0 0 1</matrix>
        <node id="node_60f58e13_32e3_482f_a195_41466faeff0d" type="NODE">
          <matrix>1 0 0 0 0 1 0 0 0 0 1 0 0 0 0 1</matrix>
          <node id="node_60f58e13_32e3_482f_a195_41466faeff0d_mesh0" type="NODE">
            <matrix>1 0 0 0 0 1 0 0 0 0 1 0 0 0 0 1</matrix>
            <instance_geometry url="#geometry_7a3e05f7_31f5_48b6_86a9_12fb613124f2">
              <bind_material>
                <technique_common>
                  <instance_material symbol="mat_0" target="#mat_0"/>
                </technique_common>
              </bind_material>
            </instance_geometry>
          </node>
        </node>
      </node>
    </visual_scene>
  </library_visual_scenes>
  <scene>
    <instance_visual_scene url="#DefaultScene"/>
  </scene>
</COLLADA>
