<?xml version="1.0" encoding="UTF-8"?>
<COLLADA xmlns="http://www.collada.org/2005/11/COLLADASchema" version="1.4.1">
<!--
# File generated by ImageToStl.com - Free Image and 3D model conversion tools
-->
  <asset>
    <contributor>
      <author>ImageToStl.com</author>
      <authoring_tool>ImageToStl.com</authoring_tool>
    </contributor>
    <created>2026-03-22T02:15:52</created>
    <modified>2026-03-22T02:15:52</modified>
    <up_axis>Z_UP</up_axis>
  </asset>
  <library_effects>
    <effect id="effect_0">
        <profile_COMMON>
          <technique sid="common">
            <phong>
              <diffuse>
                <color>0.85 0.85 0.85 1</color>
              </diffuse>
              <specular>
                <color>0.05 0.05 0.05 1</color>
              </specular>
              <shininess>
                <float>64</float>
              </shininess>
            </phong>
          </technique>
        </profile_COMMON>
    </effect>
  </library_effects>
  <library_materials>
    <material id="mat_0">
      <instance_effect url="#effect_0"/>
    </material>
  </library_materials>
  <library_geometries>
    <geometry id="geometry_e1bf0724_0103_40fd_8e12_0ba1e6188e80">
      <mesh>
        <source id="pos_0">
          <float_array id="pos_0-array" count="16734">-22 83.49317932 -6.32026148 -22 83.41170502 -5.95014906 -22 81.89491272 -5.92450762 -22 83.37073517 -5.57339859 -22 81.86560059 -5.38391256 -22 83.37073517 -5.19442606 -22 83.41170502 -4.81767511 -22 88.98371124 -2.59758663 -22 89.27255249 -2.84292817 -22 91.86560822 6.61608744 -22 91.86560822 -5.38391256 -22 90.23802948 -4.44756317 -22 90.31949615 -4.81767511 -22 89.95789337 -3.74448276 -22 90.11701965 -4.08842897 -22 84.45865631 -7.92489672 -22 84.19803619 -7.64976454 -22 82.88513947 -8.40978336 -22 83.96868896 -7.34806728 -22 82.58132172 -7.96168184 -22 83.77331543 -7.02334213 -22 82.32772064 -7.48335791 -22 83.61418915 -6.67939615 -22 82.12734222 -6.98042011 -22 81.98249817 -6.45876455 -22 89.53317261 -3.11806035 -22 89.76251984 -3.4197576 -22 83.49317932 -4.44756317 -22 83.61418915 -4.08842897 -22 81.86560059 6.61608744 -22 83.77331543 -3.74448276 -22 83.96868896 -3.4197576 -22 87.24401855 -8.86339474 -22 86.86560059 -8.88391209 -22 86.59490967 -10.37657928 -22 86.48719025 -8.86339474 -22 86.05669403 -10.31804466 -22 86.11320496 -8.80208397 -22 85.52796173 -10.20166302 -22 85.01491547 -10.0287962 -22 84.19803619 -3.11806035 -22 84.45865631 -2.84292817 -22 84.74748993 -2.59758663 -22 85.74804688 -2.06712627 -22 86.11320496 -1.96574044 -22 87.61800385 -1.96574044 -22 87.98316193 -2.06712627 -22 87.13629913 -10.37657928 -22 87.67451477 -10.31804466 -22 87.61800385 -8.80208397 -22 88.20324707 -10.20166302 -22 87.98316193 -8.70069885 -22 88.71630096 -10.0287962 -22 88.33521271 -8.56042671 -22 89.20764923 -9.80147266 -22 88.67004395 -8.38291264 -22 89.67153931 -9.52235699 -22 88.98371124 -8.17023754 -22 90.10253906 -9.19472218 -22 89.27255249 -7.92489672 -22 90.49558258 -8.82240963 -22 89.53317261 -7.64976454 -22 90.84606934 -8.40978336 -22 89.76251984 -7.34806728 -22 91.14988708 -7.96168184 -22 89.95789337 -7.02334213 -22 91.40348816 -7.48335791 -22 90.11701965 -6.67939615 -22 91.60386658 -6.98042011 -22 90.23802948 -6.32026148 -22 91.74871063 -6.45876455 -22 90.31949615 -5.95014906 -22 91.83629608 -5.92450762 -22 90.36047363 -5.57339859 -22 90.36047363 -5.19442606 -22 83.23562622 -8.82240963 -22 83.62866974 -9.19472218 -22 84.74748993 -8.17023754 -22 84.05966949 -9.52235699 -22 85.06116486 -8.38291264 -22 84.52355957 -9.80147266 -22 85.39598846 -8.56042671 -22 85.74804688 -8.70069885 -22 86.48719025 -1.90442955 -22 86.86560059 -1.88391232 -22 87.24401855 -1.90442955 -22 88.33521271 -2.20739841 -22 88.67004395 -2.38491225 -22 85.06116486 -2.38491225 -22 85.39598846 -2.20739841 -23 91.86560822 -5.38391256 -23 90.11701965 -4.08842897 -23 91.86560822 6.61608744 -23 89.95789337 -3.74448276 -23 89.76251984 -3.4197576 -23 81.86560059 6.61608744 -23 83.77331543 -3.74448276 -23 81.86560059 -5.38391256 -23 83.61418915 -4.08842897 -23 83.49317932 -4.44756317 -23 83.41170502 -4.81767511 -23 83.37073517 -5.19442606 -23 81.89491272 -5.92450762 -23 89.53317261 -3.11806035 -23 89.27255249 -2.84292817 -23 88.98371124 -2.59758663 -23 84.45865631 -2.84292817 -23 84.19803619 -3.11806035 -23 83.96868896 -3.4197576 -23 90.36047363 -5.57339859 -23 90.36047363 -5.19442606 -23 90.31949615 -5.95014906 -23 91.83629608 -5.92450762 -23 90.23802948 -6.32026148 -23 90.31949615 -4.81767511 -23 90.23802948 -4.44756317 -23 88.67004395 -2.38491225 -23 88.33521271 -2.20739841 -23 87.98316193 -2.06712627 -23 87.61800385 -1.96574044 -23 87.24401855 -1.90442955 -23 86.86560059 -1.88391232 -23 86.48719025 -1.90442955 -23 86.11320496 -1.96574044 -23 85.74804688 -2.06712627 -23 85.39598846 -2.20739841 -23 85.06116486 -2.38491225 -23 84.74748993 -2.59758663 -23 90.84606934 -8.40978336 -23 90.49558258 -8.82240963 -23 89.27255249 -7.92489672 -23 90.10253906 -9.19472218 -23 88.98371124 -8.17023754 -23 89.67153931 -9.52235699 -23 88.67004395 -8.38291264 -23 89.53317261 -7.64976454 -23 89.76251984 -7.34806728 -23 91.14988708 -7.96168184 -23 89.95789337 -7.02334213 -23 91.40348816 -7.48335791 -23 90.11701965 -6.67939615 -23 91.60386658 -6.98042011 -23 91.74871063 -6.45876455 -23 83.37073517 -5.57339859 -23 83.41170502 -5.95014906 -23 81.98249817 -6.45876455 -23 83.49317932 -6.32026148 -23 82.12734222 -6.98042011 -23 83.61418915 -6.67939615 -23 82.32772064 -7.48335791 -23 83.77331543 -7.02334213 -23 82.58132172 -7.96168184 -23 83.96868896 -7.34806728 -23 82.88513947 -8.40978336 -23 84.19803619 -7.64976454 -23 83.23562622 -8.82240963 -23 84.45865631 -7.92489672 -23 83.62866974 -9.19472218 -23 84.74748993 -8.17023754 -23 84.05966949 -9.52235699 -23 86.48719025 -8.86339474 -23 86.86560059 -8.88391209 -23 87.13629913 -10.37657928 -23 87.24401855 -8.86339474 -23 87.67451477 -10.31804466 -23 87.61800385 -8.80208397 -23 88.33521271 -8.56042671 -23 89.20764923 -9.80147266 -23 87.98316193 -8.70069885 -23 88.71630096 -10.0287962 -23 88.20324707 -10.20166302 -23 84.52355957 -9.80147266 -23 85.06116486 -8.38291264 -23 85.01491547 -10.0287962 -23 86.59490967 -10.37657928 -23 86.05669403 -10.31804466 -23 86.11320496 -8.80208397 -23 85.52796173 -10.20166302 -23 85.74804688 -8.70069885 -23 85.39598846 -8.56042671 22 81.86560059 6.61608744 22 83.77331543 -3.74448276 22 81.86560059 -5.38391256 22 83.61418915 -4.08842897 22 83.49317932 -4.44756317 22 83.41170502 -4.81767511 22 83.37073517 -5.19442606 22 81.89491272 -5.92450762 22 84.45865631 -2.84292817 22 84.19803619 -3.11806035 22 83.96868896 -3.4197576 22 90.23802948 -6.32026148 22 90.31949615 -5.95014906 22 91.83629608 -5.92450762 22 90.36047363 -5.57339859 22 91.86560822 -5.38391256 22 90.36047363 -5.19442606 22 90.31949615 -4.81767511 22 90.23802948 -4.44756317 22 90.11701965 -4.08842897 22 91.86560822 6.61608744 22 89.27255249 -7.92489672 22 89.53317261 -7.64976454 22 90.84606934 -8.40978336 22 89.76251984 -7.34806728 22 91.14988708 -7.96168184 22 89.95789337 -7.02334213 22 91.40348816 -7.48335791 22 90.11701965 -6.67939615 22 91.60386658 -6.98042011 22 91.74871063 -6.45876455 22 89.95789337 -3.74448276 22 89.76251984 -3.4197576 22 89.53317261 -3.11806035 22 87.61800385 -1.96574044 22 87.24401855 -1.90442955 22 86.86560059 -1.88391232 22 86.48719025 -1.90442955 22 86.11320496 -1.96574044 22 85.74804688 -2.06712627 22 85.39598846 -2.20739841 22 89.27255249 -2.84292817 22 88.98371124 -2.59758663 22 88.67004395 -2.38491225 22 85.06116486 -2.38491225 22 84.74748993 -2.59758663 22 83.37073517 -5.57339859 22 83.41170502 -5.95014906 22 81.98249817 -6.45876455 22 83.49317932 -6.32026148 22 82.12734222 -6.98042011 22 83.61418915 -6.67939615 22 82.32772064 -7.48335791 22 83.77331543 -7.02334213 22 82.58132172 -7.96168184 22 83.96868896 -7.34806728 22 82.88513947 -8.40978336 22 83.23562622 -8.82240963 22 88.33521271 -2.20739841 22 87.98316193 -2.06712627 22 84.19803619 -7.64976454 22 84.45865631 -7.92489672 22 83.62866974 -9.19472218 22 84.74748993 -8.17023754 22 84.05966949 -9.52235699 22 85.06116486 -8.38291264 22 84.52355957 -9.80147266 22 85.39598846 -8.56042671 22 85.01491547 -10.0287962 22 85.74804688 -8.70069885 22 85.52796173 -10.20166302 22 86.11320496 -8.80208397 22 86.05669403 -10.31804466 22 86.48719025 -8.86339474 22 86.59490967 -10.37657928 22 86.86560059 -8.88391209 22 87.13629913 -10.37657928 22 87.24401855 -8.86339474 22 87.67451477 -10.31804466 22 87.61800385 -8.80208397 22 88.20324707 -10.20166302 22 88.71630096 -10.0287962 22 90.49558258 -8.82240963 22 90.10253906 -9.19472218 22 88.98371124 -8.17023754 22 89.67153931 -9.52235699 22 88.67004395 -8.38291264 22 89.20764923 -9.80147266 22 88.33521271 -8.56042671 22 87.98316193 -8.70069885 23 87.24401855 -8.86339474 23 86.86560059 -8.88391209 23 86.59490967 -10.37657928 23 90.23802948 -4.44756317 23 90.31949615 -4.81767511 23 91.86560822 -5.38391256 23 90.36047363 -5.19442606 23 91.83629608 -5.92450762 23 83.49317932 -6.32026148 23 83.41170502 -5.95014906 23 81.89491272 -5.92450762 23 83.37073517 -5.57339859 23 81.86560059 -5.38391256 23 83.37073517 -5.19442606 23 83.41170502 -4.81767511 23 83.77331543 -3.74448276 23 81.86560059 6.61608744 23 83.61418915 -4.08842897 23 83.49317932 -4.44756317 23 88.98371124 -2.59758663 23 89.27255249 -2.84292817 23 91.86560822 6.61608744 23 86.05669403 -10.31804466 23 86.48719025 -8.86339474 23 85.52796173 -10.20166302 23 86.11320496 -8.80208397 23 85.01491547 -10.0287962 23 85.74804688 -8.70069885 23 84.52355957 -9.80147266 23 85.39598846 -8.56042671 23 84.05966949 -9.52235699 23 85.06116486 -8.38291264 23 83.62866974 -9.19472218 23 84.74748993 -8.17023754 23 83.23562622 -8.82240963 23 81.98249817 -6.45876455 23 82.12734222 -6.98042011 23 83.61418915 -6.67939615 23 82.32772064 -7.48335791 23 83.77331543 -7.02334213 23 82.58132172 -7.96168184 23 83.96868896 -7.34806728 23 82.88513947 -8.40978336 23 84.19803619 -7.64976454 23 84.45865631 -7.92489672 23 86.48719025 -1.90442955 23 86.86560059 -1.88391232 23 89.95789337 -3.74448276 23 90.11701965 -4.08842897 23 89.53317261 -3.11806035 23 89.76251984 -3.4197576 23 90.36047363 -5.57339859 23 90.31949615 -5.95014906 23 91.74871063 -6.45876455 23 90.23802948 -6.32026148 23 91.60386658 -6.98042011 23 90.11701965 -6.67939615 23 91.40348816 -7.48335791 23 89.95789337 -7.02334213 23 91.14988708 -7.96168184 23 89.76251984 -7.34806728 23 90.84606934 -8.40978336 23 89.53317261 -7.64976454 23 90.49558258 -8.82240963 23 89.27255249 -7.92489672 23 90.10253906 -9.19472218 23 88.98371124 -8.17023754 23 89.67153931 -9.52235699 23 83.96868896 -3.4197576 23 84.19803619 -3.11806035 23 84.45865631 -2.84292817 23 87.24401855 -1.90442955 23 87.61800385 -1.96574044 23 87.98316193 -2.06712627 23 89.20764923 -9.80147266 23 88.67004395 -8.38291264 23 88.71630096 -10.0287962 23 87.13629913 -10.37657928 23 87.67451477 -10.31804466 23 87.61800385 -8.80208397 23 88.20324707 -10.20166302 23 87.98316193 -8.70069885 23 88.33521271 -8.56042671 23 88.33521271 -2.20739841 23 88.67004395 -2.38491225 23 84.74748993 -2.59758663 23 85.06116486 -2.38491225 23 85.39598846 -2.20739841 23 85.74804688 -2.06712627 23 86.11320496 -1.96574044 -19 95.86560822 6.61608744 -19 95.86560822 9.61608696 -19.00005913 95.21489716 9.47441673 -19.00093079 87.92295074 8.00887585 -19.00047684 85.2723465 7.52664566 -19 79.86560822 6.6160717 -26 88.04957581 8.03256035 -26 95.86560822 6.61608744 -26 85.2723465 7.5266304 -26 79.86560822 6.6160717 -26 94.39293671 9.298172 -26 95.03538513 9.43567085 -26 95.86560822 9.61608696 19 95.86560822 6.61608744 19 79.86560822 6.6160717 19 85.2723465 7.5266304 19 88.04957581 8.03256035 19 95.03538513 9.43567085 19 95.86560822 9.61608696 26 79.86560822 6.6160717 26 95.86560822 6.61608744 26.00082779 85.27235413 7.52664614 26.00150871 87.88885498 8.00251198 26 95.86560822 9.61608696 26.00010872 95.14550018 9.45942116 26.00043488 94.39292908 9.2981739 -39.12957382 75.86560059 8.00002861 -37.12957382 75.86559296 8.00002861 -38.10124207 81.49139404 8.88521004 -36.63262177 78.70009613 8.43421841 -37.97618866 82.11650085 8.98954773 -35.53880692 84.21768188 9.34961033 -36.84319305 87.31642151 9.9081974 -35.32522964 85.19900513 9.52285862 -36.65526581 88.10781097 10.05639458 -34.80070114 87.49695587 9.94180202 -34.65481949 88.10966492 10.05674458 -36.60779572 88.30484772 10.09365463 -33.55094528 92.41879272 10.90619564 -31.27019119 99.86560822 12.56528378 -33.27019119 99.86560822 12.56528378 -32.65958786 95.53494263 11.56877995 -34.15447617 97.17807007 11.93598747 -35.44195557 92.81580353 10.9882555 -31.77551842 99.86560822 11.6396637 -33.67468262 99.86560822 11.83629131 -31.94300842 99.86560822 11.29606247 -33.82343674 99.86560822 11.54367352 -32.27440262 99.86560822 10.53097916 -34.27440262 99.86560822 10.53098679 -40 75.86560059 6 -38 75.86560059 6 -39.29957581 79.86560822 6.61608744 -38.32437515 81.89099884 8.3181715 -37.04889297 88.03887939 9.28042316 -38.2277298 85.21082306 7.51574373 -35.53453827 94.12368774 10.36863422 -36.02021027 94.15660095 9.2480526 -36.97517776 90.56804657 8.51587009 -35.52877426 95.86560822 9.61608696 -35.70061874 95.27780151 9.48803139 32.53834534 2.5 0.1155951 32.53834534 2.5 0 30.07144928 2.5 0.1155951 6.5383482 2.5 0 28.23489189 2.5 4.20680046 24.55337143 2.5 11.82761288 25.41113091 2.5 10.12116432 27.59960365 2.5 5.57704258 6.5383482 2.5 36.87675858 7.72399092 2.5 35.95833969 15.62825775 2.5 26.99008751 17.22703362 2.5 24.63723755 18.08649826 2.5 23.30411911 8.20691776 2.5 35.54958344 9.90503979 2.5 33.95933151 10.13277054 2.5 33.72846222 20.58483887 2.5 19.16716766 22.59677124 2.5 15.56150723 12.09767914 2.5 31.57082939 13.48476791 2.5 29.87551117 14.42124367 -21.15644073 29.5700798 14.08638191 -21.15644073 29.7784729 13.37109089 -19.99041367 30.33476257 14.68743229 -14.16027641 29.59321785 13.87528038 -14.16027641 30.37315178 12.68793297 -11.82822132 31.50506973 7.84657812 -9.49616528 34.99799728 9.22853565 -11.82822132 33.86732864 8.79610157 -11.82822132 34.0604248 9.12588882 -4.83205557 34.90082169 7.93854046 -2.5 36.03273773 8.75383663 -2.5 35.3782692 22.46751785 -16.49233055 19.32743073 23.92327118 -21.15644073 17.76905823 21.39153481 -21.15644073 21.88679123 18.0965023 -16.49233055 25.8321209 16.1037674 -11.82822132 27.90985489 17.77619553 -11.82822132 25.74711037 17.26825333 -2.5 25.27672577 19.05760574 -2.5 22.4788475 21.01176453 -11.82822132 20.88580322 17.66283035 -26.9865799 26.99702644 16.94754219 -25.82055283 27.55331612 17.52028656 -25.82055283 27.0833416 22.2953701 -23.48849678 20.92171288 3.81604695 -5.86837149 37.2526474 4.09562159 -5.67678499 37.27480698 5.02288055 -7.16411066 36.57299423 4.25490904 -5.55839443 37.28250885 4.40926886 -5.436759 37.28653717 5.50290442 -7.16411066 36.45394897 4.73195887 -5.15834951 37.2840004 4.75929499 -5.13313866 37.28310394 5.98353004 -7.16411066 36.30559921 4.95408201 -4.94540882 37.27362442 5.06004667 -4.83693409 37.2661972 5.08266068 -4.83205557 37.25932693 5.0767889 -4.81935835 37.26488113 5.18021154 -4.70801497 37.25585556 5.3840456 -4.47348309 37.23368454 5.58842325 -4.83205557 37.06070328 30.3972187 -18.65747261 3.98726892 30.25561333 -20.82922173 4.85988665 28.55229187 -21.15644073 8.72933483 28.29053307 -35.14877319 13.09393883 28.33202744 -35.15854263 13.00925255 27.88635063 -37.48829269 14.78011894 28.45519829 -34.50704575 12.539258 26.83477783 -30.48466301 14.65231133 28.99515152 -31.45606041 10.47520351 28.59708405 -30.48466301 11.0588789 29.16364288 -30.40543747 9.81438065 26.32381058 -21.15644073 13.31410313 29.59570694 -27.37019348 8.04053974 29.95352554 -24.26885414 6.42667341 29.93202782 -24.47764015 6.52923441 30.3397789 -2.5 0.17894083 30.44662666 -4.42105865 0.39009354 28.02930641 -2.5 5.38206673 30.56500435 -7.62414265 0.88557494 30.60870361 -10.81237984 1.55810392 30.6088295 -11.31915569 1.68157101 30.56588936 -14.52958298 2.57005954 6.45440817 -2.70935678 37.03143692 8.11719322 -4.83205557 35.64775085 6.24081612 -3.17052221 37.08110046 7.10629272 -4.83205557 36.29386139 6.16054869 -3.32379866 37.09895325 5.87483931 -3.80608273 37.15718079 3.80408478 -5.99808311 37.20531464 3.74909115 -5.91137171 37.24571609 25.00687599 -30.48466301 18.026474 24.1030407 -28.15260696 18.99155426 22.08197212 -25.82055283 21.67665482 23.19920349 -25.82055283 19.95663261 25.37902451 -25.82055283 16.21068382 17.38244057 -23.48849678 27.13626862 16.09792328 -21.15644073 28.28096581 18.00407028 -23.48849678 26.51608849 16.76821136 -21.15644073 27.657547 18.62467194 -23.48849678 25.84548378 17.43732452 -21.15644073 26.97740173 18.76946449 -21.15644073 25.45989799 16.13832855 -23.48849678 28.21400642 15.5169611 -23.48849678 28.66589546 15.12438583 -22.32246971 29.00878716 14.80167103 -22.32246971 29.22218513 15.44734859 -22.32246971 28.77933884 16.09371758 -22.32246971 28.27380371 16.76033974 -23.48849678 27.70318413 16.23225021 -24.65452385 28.10960388 16.82930565 -24.65452385 27.64867401 17.42696381 -24.65452385 27.13256645 18.09358597 -25.82055283 26.56194878 18.66695976 -25.82055283 25.99156761 19.23993111 -25.82055283 25.37462997 19.81201935 -25.82055283 24.71356583 19.86054993 -23.48849678 24.36433983 21.08560562 -23.48849678 22.71552086 22.04271889 -28.15260696 22.17321968 23.13380432 -30.48466301 21.07766151 20.99936867 -28.15260696 23.58164978 22.18671608 -30.48466301 22.44973183 18.76020813 -26.9865799 25.99132919 19.30921936 -26.9865799 25.41921806 19.95147896 -28.15260696 24.84686852 20.40569496 -26.9865799 24.1476078 20.95163345 -25.82055283 23.26877975 15.2066946 -23.48849678 28.86885262 15.93410969 -24.65452385 28.31855774 16.66152573 -25.82055283 27.76826096 17.11534309 -26.9865799 27.42615318 17.85485649 -28.15260696 26.88286781 14.15728474 -22.32246971 29.59930229 14.89680004 -23.48849678 29.05601501 15.63631344 -24.65452385 28.51272774 16.37582779 -25.82055283 27.96944046 25.91071129 -32.81671906 17.06139565 26.81454468 -35.14877319 16.09631348 27.49662399 -39.81288528 16.69877243 18.90224457 -28.15260696 25.95267677 19.42683029 -28.15260696 25.42071152 19.59322357 -29.31863594 25.38734245 20.59373856 -29.31863594 24.27451897 20.28420258 -30.48466301 24.82201195 21.23599625 -30.48466301 23.70216942 20.97518158 -31.65069199 24.25667763 21.87825775 -31.65069199 23.12982178 21.66616249 -32.81671906 23.69134712 23.03145599 -36.31480026 23.07986069 22.2919426 -35.14877319 23.62314606 23.0481205 -35.14877319 22.5606823 22.35713959 -33.98274612 23.1260128 22.52051544 -32.81671906 22.55747032 21.5524292 -33.98274612 24.16643333 20.81291389 -32.81671906 24.70972061 20.52398872 -31.65069199 24.77186966 19.80870056 -30.48466301 25.32815742 19.09340858 -29.31863594 25.8844471 18.37812042 -28.15260696 26.44073677 18.21126366 -26.9865799 26.51800919 24.22488785 -32.81671906 19.98210335 25.31597328 -35.14877319 18.88654327 23.37406349 -32.81671906 21.31781578 23.80503464 -35.14877319 21.41277122 23.7709713 -37.48082733 22.53657341 23.7390976 -36.31480026 21.99534798 24.4300766 -37.48082733 21.43001556 25.08955193 -37.48082733 20.26807213 26.40705872 -37.48082733 17.79098511 20.07339859 -31.65069199 25.25300789 19.33388519 -30.48466301 25.79629517 18.5943718 -29.31863594 26.33958054 19.41474724 -11.82822132 23.39279747 15.44857311 -2.5 27.89662743 12.11829662 -2.5 32.06531906 14.11103153 -7.16411066 29.98758698 11.7095747 -2.5 32.51799393 13.17025852 -7.16411066 31.04633713 10.24482727 -2.5 34.02823639 12.2229557 -7.16411066 32.03325272 13.59013844 -2.5 30.32637405 19.58386612 -16.49233055 23.81695175 20.08923912 -21.15644073 23.75438881 15.25724506 -11.82822132 28.90723228 7.22791481 -2.5 36.55292511 6.88133383 -2.5 36.78920746 6.5383482 -2.5 37.01156616 15.49621105 -14.16027641 28.74657631 13.54836941 -11.82822132 30.70970154 14.40512562 -11.82822132 29.84213638 11.27024269 -7.16411066 32.94266891 6.46461916 -7.16411066 36.12866211 6.4777112 -9.49616528 35.47240067 6.25007486 -9.49616528 35.52746582 5.28311348 -8.33013821 36.1187439 5.65287066 -8.91315174 35.8470993 6.02262783 -9.49616528 35.57545853 6.76214218 -10.6621933 35.03216934 4.91335678 -7.7471242 36.39038467 4.54359913 -7.16411066 36.66202545 4.17384243 -6.58109713 36.93367004 7.38981533 -9.49616528 35.18301392 6.9334836 -9.49616528 35.34136581 8.36406326 -11.82822132 34.22879028 7.93254185 -11.82822132 34.37181091 8.65995693 -12.99424839 33.82151413 7.71701193 -11.82822132 34.43362808 11.50058365 -9.49616528 32.63698578 10.31323624 -7.16411066 33.76890182 9.35305405 -7.16411066 34.50629044 10.58891296 -9.49616528 33.36483765 11.82477283 -11.82822132 32.22337723 13.06063175 -14.16027641 31.08191872 14.29649258 -16.49233055 29.94046211 16.58729553 -16.49233055 27.65101814 17.67837906 -18.8243866 26.55545807 15.82649517 -16.49233055 28.47673607 16.96555901 -18.8243866 27.36025238 15.06262875 -16.49233055 29.24123383 16.24997711 -18.8243866 28.10931778 15.53235245 -18.8243866 28.7990036 9.07935333 -12.99424839 33.67250061 9.38737202 -14.16027641 33.27122116 11.9405117 -17.65835762 31.44734383 10.84220314 -16.49233055 32.17062759 11.22522259 -16.49233055 32.00363159 10.50993252 -15.32630444 32.55992126 11.60867214 -16.49233055 31.8152523 10.90552902 -15.32630444 32.37654495 11.99245262 -16.49233055 31.60599899 11.30147362 -15.32630444 32.17133331 7.50165653 -11.82822132 34.48888397 8.24117088 -12.99424839 33.94559479 8.98068523 -14.16027641 33.40230942 9.72019958 -15.32630444 32.85902405 13.42722893 -17.65835762 30.55627632 12.76060677 -16.49233055 31.1268959 13.14478016 -16.49233055 30.85805511 11.42736149 -14.16027641 32.26813126 11.83590221 -14.16027641 32.00188828 10.09411716 -11.82822132 33.40936661 10.52702427 -11.82822132 33.14571762 8.76087189 -9.49616528 34.55060577 9.21814537 -9.49616528 34.28955078 7.42762709 -7.16411066 35.69184113 7.90926743 -7.16411066 35.43338013 6.600389 -4.83205557 36.57721329 8.39081097 -7.16411066 35.14916229 9.67532921 -9.49616528 34.0044632 10.9598484 -11.82822132 32.8597641 12.24436665 -14.16027641 31.715065 13.52888489 -16.49233055 30.57036591 14.17114449 -17.65835762 29.99801636 14.09385109 -18.8243866 29.98565865 13.37441063 -18.8243866 30.47533798 14.06539059 -19.99041367 29.91000366 13.01495743 -18.8243866 30.69266701 14.81340408 -18.8243866 29.4256649 15.45566368 -19.99041367 28.85331535 14.76047421 -19.99041367 29.41504097 12.31181526 -17.65835762 31.25395966 12.68343163 -17.65835762 31.04066849 12.37646389 -16.49233055 31.37638092 11.01885509 -14.16027641 32.51324463 6.09438276 -4.83205557 36.83307648 6.94603157 -7.16411066 35.92383957 8.30363941 -9.49616528 34.78697205 9.66124821 -11.82822132 33.65010834 14.47927952 -22.32246971 29.41914749 13.75186443 -21.15644073 29.96944427 13.02444839 -19.99041367 30.51974106 12.29703331 -18.8243866 31.07003403 15.42709541 -21.15644073 28.84442139 14.75636959 -21.15644073 29.34467125 13.71810055 -19.99041367 30.13137436 12.65580177 -18.8243866 30.89105225 11.56961823 -17.65835762 31.62033081 10.61049366 -14.16027641 32.73666763 10.20238686 -14.16027641 32.93783951 9.7946434 -14.16027641 33.11621094 10.11478806 -15.32630444 32.72092438 10.45971394 -16.49233055 32.31573486 5.44434547 -4.39989805 37.22602081 5.80372143 -3.91367078 37.17020035 20.82246399 -2.5 19.51250267 21.77726364 -2.5 17.82454872 24.05053711 -11.82822132 15.56932545 23.23806381 -2.5 15.13154507 25.1101532 -2.5 11.48824596 30.44795799 -17.69953156 3.63043165 25.66296577 -2.5 10.37157917 25.25 -39.81288528 21.45000076 25.81203461 -39.81288528 20.29935074 26.373312 -39.81288528 19.12497711 13.41777134 -21.15644073 30.14258766 12.67825603 -19.99041367 30.68587494 11.93874264 -18.8243866 31.22916031 11.19922829 -17.65835762 31.77244949 -27.49664879 -39.81288528 16.69877243 -9.44117832 -39.81288528 43.43864441 -8.5685854 -39.81288528 44.06867599 -4.14320183 -39.81288528 46.32417297 -3.82555771 -39.81288528 46.4256897 19.84739113 -39.81288528 31.21820259 21.0549736 -39.81288528 29.23719788 2.48352146 -39.81288528 46.76509094 -8.07291794 -39.81288528 44.3993988 -6.98324537 -39.81288528 45.05727005 -6.67918921 -39.81288528 45.22383499 -3.10022831 -39.81288528 46.62713242 -2.7738483 -39.81288528 46.70398712 22.60474205 -39.81288528 26.52423668 -26.4493084 -39.81288528 18.96419334 -25.25 -39.81288528 21.45000076 -22.79394531 -39.81288528 26.18128586 -1.63750124 -39.81288528 46.90488434 -1.48410535 -39.81288528 46.9240799 -14.60839176 -39.81288528 38.45615387 -12.66504288 -39.81288528 40.58124542 -10.32139587 -39.81288528 42.74121857 -5.51673985 -39.81288528 45.79217911 -4.54643822 -39.81288528 46.18366241 17.47538567 -39.81288528 34.76811981 -19.06656075 -39.81288528 32.43647385 -15.51195621 -39.81288528 37.36499405 -2.37076974 -39.81288528 46.78709412 -0.90074307 -39.81288528 46.97987366 -0.20000948 -39.81288528 47.01086044 0.58196425 -39.81288528 46.99891281 10.14951515 -39.81288528 42.88220215 11.10115433 -39.81288528 42.07146072 11.8534174 -39.81288528 41.37911606 12.59324169 -39.81288528 40.65390396 1.11456084 -39.81288528 46.9626503 2.07479501 -39.81288528 46.83979416 2.82420754 -39.81288528 46.69261169 3.78327322 -39.81288528 46.43861389 4.32742786 -39.81288528 46.26166153 5.83437872 -39.81288528 45.64757919 6.64666891 -39.81288528 45.24113083 7.34250164 -39.81288528 44.85091019 14.38162708 -39.81288528 38.71974564 15.54384804 -39.81288528 37.32529068 5.15723372 -39.81288528 45.94603348 8.28806782 -39.81288528 44.25832367 9.60128975 -39.81288528 43.31631851 -10.00006008 -50.87886047 29.10419273 -10.00334072 -49.1643219 26.62085152 -10 -67.81288147 21.45000076 -10.0014677 -47.16100693 24.07779694 -10 -44.81288147 21.45000267 -10 -67.81288147 36.44999695 -10 -54.81319427 36.44985962 -10.00030327 -54.07888031 34.86962891 -10.00061512 -53.0655632 32.8530426 -10.00049305 -52.50232697 31.81283569 35.52877426 95.86560822 9.61608696 33.52877808 95.86560822 9.61608219 32.91802979 97.87439728 10.06580067 34.27440262 99.86560822 10.53098679 32.59972 98.87450409 10.29694557 32.27440262 99.86560822 10.53097916 10 -67.81288147 21.45000076 10 -67.81288147 36.44999695 -1.59857583 -21.15644073 42.28387833 -2.09431243 -21.15644073 42.28932953 -2.61545062 -18.8243866 41.72052002 2.49784589 -16.49233055 39.8916893 2.92937684 -16.49233055 39.64957809 3.8957634 -18.8243866 39.75001526 4.35766125 -18.8243866 39.43717575 1.36502564 -11.82822132 39.28884888 1.73295212 -11.82822132 39.11384964 2.24720359 -12.99424839 39.11200714 6.03241825 -12.99424839 36.26956177 6.77497673 -12.99424839 35.53964615 7.46322727 -14.16027641 35.14767456 -12.44856548 -7.16411066 33.26485825 -14.77837467 -7.16411066 30.28022003 -14.15192604 -2.5 29.99341393 -6.63888407 -5.99808311 38.05152512 -6.83675098 -4.83205557 37.74364853 -6.28963375 -4.83205557 38.04356384 -6.06058073 -5.99808311 38.34207535 -5.74228144 -4.83205557 38.30767441 -3.37940645 -10.6621933 39.90718842 -3.73303151 -10.6621933 39.86315536 -4.02536011 -9.49616528 39.59767914 1.04108262 -9.49616528 38.98284912 1.37734187 -9.49616528 38.83549881 1.92220759 -10.6621933 38.77741623 2.27316523 -10.6621933 38.58799362 1.71318614 -9.49616528 38.67569351 2.04857469 -9.49616528 38.50365067 2.62352371 -10.6621933 38.38539505 3.32223773 -10.6621933 37.94169617 0.56004357 -7.7471242 38.9226265 0.83247638 -8.33013821 38.89358521 0.1901972 -8.33013821 39.11938477 4.36609983 -8.91315174 36.91156006 4.02197409 -8.33013821 37.10754776 -5.5216732 -30.48466301 43.69192505 -8.47187138 -30.48466301 42.08541107 -9.62079144 -30.48466301 41.24631882 -9.80040359 -21.15644073 39.05399323 -4.9229393 -25.82055283 42.86725235 -5.46746111 -25.82055283 42.67055893 -6.01476192 -21.15644073 41.41884613 13.3643856 -35.14877319 37.55762863 14.69745636 -35.14877319 35.90197372 2.13126588 -23.48849678 42.09616852 2.66123867 -23.48849678 41.87316895 3.43766212 -25.82055283 42.23191452 -4.95438719 -4.94510365 38.63883209 -5.19467592 -4.83205557 38.53578568 -5.27632666 -4.60004091 38.47363281 -3.89599752 -5.81559992 39.04362488 -3.81653976 -5.86805105 39.06610107 -3.74239683 -5.99808311 39.09648895 0.36815017 -6.9903121 38.91033173 0.63804936 -6.97086 38.81879425 0.89867628 -7.16411066 38.74016571 3.18108964 -6.23543644 37.58387375 3.51015997 -6.05630064 37.38902283 3.58221459 -6.58109713 37.33104324 -30.60007095 -8.99798203 1.1533643 -30.50758362 -5.75627184 0.57478929 -29.66897774 -2.5 1.73125124 -30.38302612 -3.20929337 0.24943066 -30.34015465 -2.5 0.17894523 -26.9405117 -2.5 7.74425173 -28.2460537 -11.82822132 7.21977472 -30.61881447 -12.22974968 1.91487551 -30.4110527 -19.08004379 4.15010691 -30.43435287 -18.64871597 3.98393059 -30.18878174 -22.34178734 5.52058744 -30.55433655 -15.76761532 2.96235347 -30.61634445 -12.59043503 2.01135969 -29.4710083 -21.15644073 6.86631632 -29.88835335 -25.55346298 7.07149076 -29.99990463 -24.46008682 6.52057838 -28.42468071 -35.47554016 13.24181557 -28.95503998 -32.47073364 11.13727665 -27.82634926 -30.48466301 13.08272266 -29.05873299 -31.82587051 10.71377468 -29.33975601 -29.95715332 9.53988266 -27.83585167 -38.34743118 15.47066212 -24.18889618 -21.15644073 18.0054245 -26.1296711 -21.15644073 14.0993185 -29.51085854 -28.71397972 8.80152416 1.28967404 -6.88017035 38.56262589 1.81472552 -6.76067829 38.32251358 2.11837411 -7.16411066 38.19609451 1.94932711 -6.72310352 38.2565155 2.10301137 -6.67662621 38.17909241 0.28761071 -7.16411066 38.95166779 0.07137775 -6.99963617 39.00066376 -0.09225716 -6.99939203 39.04573059 -0.32405442 -7.16411066 39.12123108 -0.36574304 -6.99043894 39.11338043 -0.62050599 -6.97244358 39.16760635 -0.93616879 -7.16411066 39.24785233 -1.09599078 -6.91366816 39.24559402 -1.14188135 -6.90623713 39.25149536 -1.54858375 -7.16411066 39.33065796 -1.66053784 -6.80019236 39.29782104 -1.81363606 -6.76097059 39.30423737 -2.16115165 -7.16411066 39.3688736 -1.8803364 -6.7427249 39.3059845 -2.51144242 -6.53396177 39.29047012 -2.96783209 -6.58109713 39.27227402 -2.83433485 -6.40051174 39.25964355 -3.18151903 -6.23521757 39.20869064 -3.3067615 -6.16971016 39.18569183 -3.5642786 -6.58109713 39.20296097 -3.40640354 -6.1152606 39.16561508 -4.37204409 -5.4667387 38.88643265 -4.32255411 -5.99808311 38.96940994 -4.40948057 -5.43658733 38.87239075 -5.871418 -3.81135798 38.10775375 -5.44493341 -4.3991704 38.37837601 14.34573364 -25.82055283 31.22793007 17.09873581 -30.48466301 29.66003036 7.90397167 -25.82055283 39.09170914 6.79492235 -25.82055283 40.05131149 6.87546825 -23.48849678 39.09540176 5.82853603 -23.48849678 39.95087814 5.67983818 -25.82055283 40.89683151 4.77628565 -23.48849678 40.70106125 4.36794233 -21.15644073 40.19014359 3.87273264 -21.15644073 40.50529099 2.96918011 -18.8243866 40.30951691 7.76130915 -28.15260696 40.15174103 6.58339071 -28.15260696 41.09260559 5.4004178 -28.15260696 41.90651703 3.99923086 -25.82055283 41.94343185 3.19089603 -23.48849678 41.62189102 4.56024313 -25.82055283 41.6245575 3.72006893 -23.48849678 41.34259796 4.24858856 -23.48849678 41.03556442 3.37666774 -21.15644073 40.79553604 2.8798945 -21.15644073 41.06063843 2.38256145 -21.15644073 41.30035019 1.8848151 -21.15644073 41.51442719 1.38680351 -21.15644073 41.7026329 0.88867402 -21.15644073 41.86483002 -1.04572785 -23.48849678 42.83497238 -0.5174132 -23.48849678 42.78335953 0.06724466 -25.82055283 43.31430817 0.62814754 -25.82055283 43.21151733 1.8612411 -30.48466301 44.22822952 7.91572952 -23.48849678 38.13847733 9.00546074 -25.82055283 38.02230835 11.18492317 -30.48466301 37.7899704 12.39766026 -30.48466301 36.37500763 9.96097851 -30.48466301 39.08433151 8.72769547 -30.48466301 40.25217438 7.48694372 -30.48466301 41.28837585 6.240592 -30.48466301 42.18847656 17.31467438 -35.14877319 32.21504211 14.78195858 -30.48466301 33.21188736 13.59731865 -30.48466301 34.8465538 11.17965221 -25.82055283 35.57482529 10.0978632 -25.82055283 36.84803772 7.79806614 -21.15644073 37.32107162 7.9209404 -35.14877319 42.75239563 9.29404926 -35.14877319 41.6799202 12.01798534 -35.14877319 39.07695007 10.66046906 -35.14877319 40.45303726 5.16350842 -35.14877319 44.42021942 4.4734273 -35.14877319 44.73592377 3.11247635 -30.48466301 43.82427216 2.48662424 -30.48466301 44.04423141 1.83813107 -28.15260696 43.56091309 3.78361058 -35.14877319 45.01086426 5.61590004 -30.48466301 42.58651733 4.21408558 -28.15260696 42.59065628 -0.49288002 -25.82055283 43.38606262 -1.05203545 -25.82055283 43.42694092 -1.57317388 -23.48849678 42.85813522 -1.33119011 -25.82055283 43.43585968 -2.34184623 -21.15644073 42.282341 -2.58913231 -21.15644073 42.26889801 -1.61003077 -25.82055283 43.43712234 -2.16667509 -25.82055283 43.41677094 -3.08288813 -21.15644073 42.22272873 -2.72177744 -25.82055283 43.36608124 -3.57543159 -21.15644073 42.15096664 -3.27514625 -25.82055283 43.28538513 -4.06661415 -21.15644073 42.05388641 -4.55628729 -21.15644073 41.93181229 -2.48367858 -30.48466301 44.51688004 -3.09689403 -30.48466301 44.41834641 -3.82659078 -25.82055283 43.17507935 -4.37591887 -25.82055283 43.03556824 -5.04430199 -21.15644073 41.78505707 -5.53050947 -21.15644073 41.61395645 -8.87082386 -21.15644073 39.77141953 -7.92922163 -21.15644073 40.40793991 -7.61671352 -25.82055283 41.61191559 -4.92015982 -30.48466301 43.92226791 -4.31536865 -30.48466301 44.12054825 -3.70753574 -30.48466301 44.28607559 -13.37420464 -21.15644073 35.4896965 -11.61864758 -21.15644073 37.39828873 -11.85485649 -30.48466301 39.2746048 3.0943346 -35.14877319 45.24494553 2.40587616 -35.14877319 45.43809509 1.23656046 -30.48466301 44.37620163 1.7185117 -35.14877319 45.5904274 0.61281586 -30.48466301 44.4882431 1.03251827 -35.14877319 45.70217514 -0.00975864 -30.48466301 44.56455994 0.34817246 -35.14877319 45.77357864 -0.63092917 -30.48466301 44.60534668 -0.33424884 -35.14877319 45.80487061 -1.25046194 -30.48466301 44.61082077 -1.01446879 -35.14877319 45.79631424 -1.86812305 -30.48466301 44.58119965 -1.69221079 -35.14877319 45.74837875 -2.36719775 -35.14877319 45.66161728 -7.30420542 -30.48466301 42.81589127 -6.71393108 -30.48466301 43.13799667 -10.74908161 -30.48466301 40.30647659 -10.71675014 -21.15644073 38.26098251 -17.91061974 -30.48466301 31.71425247 -16.65772247 -21.15644073 31.14063835 -16.01495934 -30.48466301 34.42298126 -15.05722237 -21.15644073 33.38358307 -13.99129772 -30.48466301 36.97292328 -22.03562355 -21.15644073 22.11499405 -19.57038498 -21.15644073 26.50749397 -16.03127289 -16.49233055 30.85383224 -15.40482426 -11.82822132 30.56702614 -17.88413239 -11.82822132 26.80714417 -16.19787979 -2.5 27.10679626 -15.35536957 -2.5 28.3308773 -20.15712929 -11.82822132 23.00265503 -18.35592651 -2.5 23.76579857 -17.66415596 -2.5 24.86752319 -24.16605568 -2.5 13.396945 -23.57263374 -2.5 14.54690838 -24.43298912 -11.82822132 15.11591434 -22.73630714 -2.5 16.13250923 -20.96184921 -2.5 19.36080551 -3.99830747 -7.16411066 39.21106339 -3.38616061 -7.16411066 39.3094368 -2.77372622 -7.16411066 39.36196136 -2.35960841 -6.59031487 39.29955673 -5.48171186 -5.99808311 38.59207916 -5.04851151 -5.4150691 38.6685257 -4.83323717 -5.06357765 38.69561386 3.67784929 -7.7471242 37.30353165 3.33372378 -7.16411066 37.49951935 3.93941402 -7.16411066 37.09766388 2.98959851 -6.58109713 37.69550323 1.09777319 -6.91338539 38.64307022 1.50898814 -7.16411066 38.48789978 1.81119633 -7.7471242 38.39686584 2.43496394 -7.7471242 38.07148743 2.11340475 -8.33013821 38.30583572 2.75155354 -8.33013821 37.94688416 3.06814313 -8.91315174 37.82227707 1.47362542 -8.33013821 38.6219101 1.18615091 -7.7471242 38.6810379 2.4156127 -8.91315174 38.21479797 3.38473272 -9.49616528 37.6976738 2.82464623 -6.40479279 37.78936768 2.49980283 -6.64169598 37.97209549 2.72666502 -7.16411066 37.8661499 3.05724049 -7.7471242 37.70648956 3.38781571 -8.33013821 37.54683304 3.71839094 -8.91315174 37.3871727 4.71022511 -9.49616528 36.71557236 4.04896641 -9.49616528 37.22751617 5.39847565 -10.6621933 36.32359695 4.71011734 -10.6621933 36.90819931 2.51227117 -6.53364325 37.9629631 5.36821127 -9.49616528 36.16412354 6.08260965 -10.6621933 35.69735718 6.08672619 -11.82822132 35.93162155 4.01791191 -10.6621933 37.44846344 2.71782112 -9.49616528 38.12376404 1.76110005 -8.91315174 38.56277847 1.10490906 -8.91315174 38.8645401 0.44732302 -8.91315174 39.11846542 -0.21137896 -8.91315174 39.32317734 -0.87091923 -8.91315174 39.47748566 -0.64503098 -9.49616528 39.52642822 -0.98293692 -9.49616528 39.59540176 -1.531021 -8.91315174 39.58034515 -0.06692862 -7.7471242 39.12030792 -0.69457215 -7.7471242 39.27296066 -1.32269549 -7.7471242 39.37960052 -1.9511081 -7.7471242 39.43936539 -2.57962036 -7.7471242 39.45164871 -3.20804262 -7.7471242 39.41591263 -3.83618402 -7.7471242 39.33189392 -4.46385384 -7.7471242 39.19947052 -4.96057367 -8.33013821 39.16088486 -4.31768942 -8.33013821 39.33220673 -3.67406082 -8.33013821 39.45272446 -3.02992439 -8.33013821 39.52238846 -2.3855145 -8.33013821 39.54133224 -1.74106455 -8.33013821 39.50985336 -1.09680748 -8.33013821 39.42854309 -0.45297557 -8.33013821 39.298069 -2.8518064 -8.91315174 39.62886429 -2.19140863 -8.91315174 39.63101959 -2.33550787 -9.49616528 39.73495865 -4.17152452 -8.91315174 39.46494293 -3.51193762 -8.91315174 39.57355499 -3.68767977 -9.49616528 39.65300751 -2.67368817 -9.49616528 39.7353363 -3.01180363 -9.49616528 39.72181702 -3.34981418 -9.49616528 39.69438553 -1.32097733 -9.49616528 39.65083694 -1.65911269 -9.49616528 39.69263458 -1.99730277 -9.49616528 39.72070694 0.03021763 -9.49616528 39.34828568 0.36748046 -9.49616528 39.23940659 0.86625302 -10.6621933 39.26412582 1.21870041 -10.6621933 39.11569595 0.51341081 -10.6621933 39.39850235 -0.19325463 -10.6621933 39.62431335 -0.54697645 -10.6621933 39.71541595 -0.90089017 -10.6621933 39.79181671 -1.25494516 -10.6621933 39.853405 -1.60909092 -10.6621933 39.90007782 -1.96327662 -10.6621933 39.93172455 -2.31745195 -10.6621933 39.94828415 -2.67156577 -10.6621933 39.94972992 -3.02556753 -10.6621933 39.93603897 -7.23248482 -2.5 37.12789917 -6.5383482 -2.5 37.57612991 -6.51868725 -3.66602778 37.74505234 -6.23746777 -3.17710471 37.83586884 -6.00285053 -3.66602778 38.02326584 -8.06714058 -3.66602778 36.72493362 -8.4767704 -4.83205557 36.63290024 -9.10112667 -3.66602778 35.89304352 -9.02299976 -4.83205557 36.19403458 -10.11472607 -4.83205557 35.21742249 -4.48467731 -5.4150691 38.84857941 -4.90234709 -5.99808311 38.8012619 -5.35142756 -6.58109713 38.73427963 -5.83152771 -7.16411066 38.64058304 -7.38364267 -4.83205557 37.4082756 -7.21654654 -5.99808311 37.7209053 -7.93031502 -4.83205557 37.03786087 -7.79348993 -5.99808311 37.3507843 -8.26248932 -7.16411066 37.25084305 -7.0346179 -3.66602778 37.43577194 -7.55073833 -3.66602778 37.09564972 -7.87821579 -2.5 36.66343307 -8.20396519 -2.5 36.41200256 -9.486269 -2.5 35.31351089 -10.15962982 -2.5 34.66933823 -11.26433468 -7.16411066 34.58381653 -4.16043091 -6.58109713 39.09023666 -4.75618267 -6.58109713 38.93399429 -4.61001825 -7.16411066 39.0667305 -5.22114277 -7.16411066 38.8764801 -5.09085846 -7.7471242 39.01868439 -5.60247421 -8.33013821 38.93909454 -4.83028936 -8.91315174 39.30308533 -5.37342119 -9.49616528 39.23760605 -8.86674595 -7.16411066 36.79602051 -8.04820728 -9.49616528 37.86878204 -6.44101715 -7.16411066 38.35939789 -6.88235569 -8.33013821 38.34616089 -7.04945135 -7.16411066 38.033535 -7.3830142 -9.49616528 38.28956985 -7.65666437 -7.16411066 37.66371155 -4.36281538 -9.49616528 39.52842331 -4.08639145 -10.6621933 39.80396652 -4.7000041 -9.49616528 39.44528961 -4.43943501 -10.6621933 39.72969055 -5.14436769 -10.6621933 39.53612137 -6.04528332 -9.49616528 38.97514725 -5.8474164 -10.6621933 39.28302002 -6.54816389 -10.6621933 38.97141266 -4.54733562 -11.82822132 39.93244553 -4.9153142 -11.82822132 39.83463287 -5.28274012 -11.82822132 39.72073746 -7.10936356 -11.82822132 38.91542435 -6.71525955 -9.49616528 38.65878677 -6.24315023 -8.33013821 38.66727066 -9.98001671 -11.82822132 36.86166382 -11.38243961 -11.82822132 35.52197266 -10.02491951 -9.49616528 36.31358719 -10.06982327 -7.16411066 35.76550293 -8.71049118 -9.49616528 37.39800644 -9.2697773 -11.82822132 37.45742416 -8.55423832 -11.82822132 37.99999619 -13.16738415 -2.5 31.27250862 -11.34019566 -2.5 33.43361282 -11.13413334 -2.5 33.65876389 5.3712678 -11.82822132 36.58888245 4.6510911 -11.82822132 37.19925308 8.4501667 -18.8243866 35.70399094 6.3443203 -16.49233055 37.03136444 7.18380785 -16.49233055 36.20240784 5.73990345 -15.32630444 37.2134285 6.55062866 -15.32630444 36.45161819 5.13548708 -14.16027641 37.39549637 5.91744947 -14.16027641 36.70082855 4.53107071 -12.99424839 37.57756042 5.28427029 -12.99424839 36.95003891 3.92665434 -11.82822132 37.75963211 2.4670732 -11.82822132 38.71932983 3.19847298 -11.82822132 38.26713562 3.01193881 -12.99424839 38.66124344 3.77342224 -12.99424839 38.14887619 3.55680442 -14.16027641 38.60316086 4.34837151 -14.16027641 38.03062057 4.10166979 -15.32630444 38.54507446 4.92332077 -15.32630444 37.91236115 3.27570701 -15.32630444 39.10831833 2.7614553 -14.16027641 39.11016083 1.57070231 -10.6621933 38.95339203 0.70444882 -9.49616528 39.11754227 1.96299052 -14.16027641 39.54914856 2.44618368 -15.32630444 39.59936523 1.61385083 -15.32630444 40.01586151 1.19954586 -16.49233055 40.49671555 1.19686532 -15.32630444 40.1954689 1.63282585 -16.49233055 40.31548309 8.15147781 -15.32630444 34.75569916 8.83972931 -16.49233055 34.36372375 10.21623039 -18.8243866 33.57977295 11.59273148 -21.15644073 32.79582596 13.3050766 -25.82055283 32.75707245 10.66047287 -21.15644073 34.0343399 9.71652508 -21.15644073 35.20557022 7.55315304 -18.8243866 36.6672287 5.49826956 -16.49233055 37.79410172 4.6465354 -16.49233055 38.48699188 3.78995848 -16.49233055 39.1064682 12.24924183 -25.82055283 34.20872498 8.76198578 -21.15644073 36.30309296 6.64816809 -18.8243866 37.55758667 5.73626661 -18.8243866 38.37081909 4.81846189 -18.8243866 39.1027832 3.360116 -16.49233055 39.38773346 1.47979724 -12.99424839 39.49893188 0.99660408 -11.82822132 39.44871521 2.0656271 -16.49233055 40.11374664 3.43289423 -18.8243866 40.04091644 4.86214972 -21.15644073 39.85044479 5.84696531 -21.15644073 39.09909058 6.82599783 -21.15644073 38.25465012 2.50474668 -18.8243866 40.55551147 2.03972006 -18.8243866 40.77867889 0.76589167 -16.49233055 40.65726471 1.57422638 -18.8243866 40.97880554 0.33196795 -16.49233055 40.79693985 1.10839152 -18.8243866 41.15568161 -0.10212105 -16.49233055 40.91556549 0.6423412 -18.8243866 41.3091011 -0.53627092 -16.49233055 41.01303101 0.17620155 -18.8243866 41.43893051 -0.97037697 -16.49233055 41.08929825 -0.28990141 -18.8243866 41.54513168 -1.40433466 -16.49233055 41.14432907 7.23256969 -35.14877319 43.22960281 4.99050903 -30.48466301 42.94940186 3.62019038 -28.15260696 42.88323975 2.87572813 -25.82055283 42.48970413 2.3136189 -25.82055283 42.71662521 1.60114646 -23.48849678 42.29072952 1.07104969 -23.48849678 42.45678711 0.39057416 -21.15644073 42.00095749 -0.10734835 -21.15644073 42.11096573 -0.75584149 -18.8243866 41.6276474 -1.22149277 -18.8243866 41.68644333 -1.83803952 -16.49233055 41.17808151 -2.27138686 -16.49233055 41.19052124 -3.13658929 -16.49233055 41.15171432 -2.70427155 -16.49233055 41.18169403 -2.15142393 -18.8243866 41.73278809 -1.68672895 -18.8243866 41.72146606 -1.10207105 -21.15644073 42.2524147 -0.60494596 -21.15644073 42.19479752 0.01160081 -23.48849678 42.70315552 0.54114479 -23.48849678 42.59428024 1.18963802 -25.82055283 43.07759857 1.75152528 -25.82055283 42.91261292 2.43200088 -28.15260696 43.36843872 3.02609134 -28.15260696 43.14252472 3.73856378 -30.48466301 43.56842422 4.36465263 -30.48466301 43.27677155 5.85357714 -35.14877319 44.06384277 6.54335642 -35.14877319 43.66688919 -3.39715838 -15.32630444 40.86730576 -2.98069549 -15.32630444 40.90615082 -2.5637157 -15.32630444 40.92504883 -2.14631295 -15.32630444 40.92390442 -1.72858131 -15.32630444 40.90267563 -1.31061471 -15.32630444 40.86138535 -0.89250708 -15.32630444 40.80008316 -0.47435218 -15.32630444 40.71879578 -0.05624381 -15.32630444 40.61756516 0.36172432 -15.32630444 40.49649048 0.77945864 -15.32630444 40.35573578 0.25852174 -11.82822132 39.7222023 0.71029812 -12.99424839 39.82008743 -0.11101601 -11.82822132 39.83543015 0.32494444 -12.99424839 39.95544434 -0.48080298 -11.82822132 39.93279648 -0.06071579 -12.99424839 40.07377625 -0.85077786 -11.82822132 40.01417923 -0.44661045 -12.99424839 40.17494965 -1.2208792 -11.82822132 40.0794487 -0.83266735 -12.99424839 40.25881958 -1.5910455 -11.82822132 40.12849045 -1.21881437 -12.99424839 40.32526016 -1.96121562 -11.82822132 40.16123199 -1.60497952 -12.99424839 40.37418747 -2.33132815 -11.82822132 40.17764664 -1.99109042 -12.99424839 40.40555954 -2.70132089 -11.82822132 40.17770004 -2.37707448 -12.99424839 40.4193573 -3.07113314 -11.82822132 40.16136932 -2.76285958 -12.99424839 40.4155426 -3.44070244 -11.82822132 40.12862778 -3.14837337 -12.99424839 40.39410019 -3.80996752 -11.82822132 40.07951355 -3.53354359 -12.99424839 40.35506058 -4.17886591 -11.82822132 40.01409531 -3.91829658 -12.99424839 40.29850006 -4.05778503 -14.16027641 40.5165596 -4.45720768 -14.16027641 40.43165588 -0.30729955 -9.49616528 39.4440155 0.16022466 -10.6621933 39.51862335 0.62774891 -11.82822132 39.59323883 1.09527302 -12.99424839 39.66785049 1.16207457 -14.16027641 39.91797256 0.76090485 -14.16027641 40.07545471 0.35937139 -14.16027641 40.21475601 -0.04244305 -14.16027641 40.33572006 -0.44445559 -14.16027641 40.43819427 -0.84658331 -14.16027641 40.52202606 -1.2487433 -14.16027641 40.58713531 -1.65085244 -14.16027641 40.63347244 -2.05282807 -14.16027641 40.66101456 -2.45458627 -14.16027641 40.66972351 -2.85604453 -14.16027641 40.6595726 -3.25711966 -14.16027641 40.63060379 -3.65772748 -14.16027641 40.582901 -3.56823397 -16.49233055 41.10066986 -7.8339262 -11.82822132 38.48672104 -7.61964512 -14.16027641 39.10466766 -8.24172974 -16.49233055 39.20396805 -4.92113543 -18.8243866 41.31017685 -5.28598356 -16.49233055 40.68854141 -4.46234798 -18.8243866 41.43814087 -4.85808182 -16.49233055 40.82239151 -4.00225878 -18.8243866 41.54340744 -4.42908573 -16.49233055 40.93585205 -3.54099488 -18.8243866 41.62570572 -3.9991014 -16.49233055 41.02867889 -3.07868338 -18.8243866 41.68478394 -5.71268511 -16.49233055 40.53454971 -5.37849379 -18.8243866 41.1598053 -6.28841257 -18.8243866 40.79299164 -6.11967564 -30.48466301 43.43025208 -6.5482378 -25.82055283 42.19437408 -6.0092907 -25.82055283 42.44605637 -6.97680092 -21.15644073 40.95848846 -6.49690866 -21.15644073 41.2001915 -7.191082 -18.8243866 40.34054947 -6.56206322 -16.49233055 40.16713333 -6.04687643 -14.16027641 39.90929413 -5.6508317 -14.16027641 40.06690598 -5.25381565 -14.16027641 40.20664215 -4.85591269 -14.16027641 40.32829285 -7.40536356 -16.49233055 39.72260666 -6.83571291 -14.16027641 39.54128265 -6.38106775 -11.82822132 39.28403854 -6.01567984 -11.82822132 39.44527435 -5.64954948 -11.82822132 39.59089279 -13.06565857 -16.49233055 34.74808502 -11.50054264 -16.49233055 36.4601326 -9.89021015 -16.49233055 37.95782852 -9.07030106 -16.49233055 38.61442184 -12.75711155 -11.82822132 34.00646973 -6.24084806 -3.17046022 0 -6.5383482 -2.5 0 -6.5383482 2.5 0 -32.53834534 2.5 0 -32.53834534 0 0 -32.53834534 -2.5 0 32.53834534 0 0 6.24084806 3.17046022 0 -6.24084806 3.17046022 0 -5.87482262 3.80610871 0 -5.87482262 -3.80610871 0 -0.36675045 -6.99038553 0 0.36675045 -6.99038553 0 6.5383482 -2.5 0 32.53834534 -2.5 0 -2.51118469 -6.53406096 0 -1.81366169 -6.76096392 0 -1.09622431 -6.91363096 0 -3.18113494 -6.23541307 0 -3.81615591 -5.86830091 0 -4.40927553 -5.43675375 0 -4.95398045 -4.94551039 0 -5.44429111 -4.39996529 0 2.51118469 -6.53406096 0 1.81366169 -6.76096392 0 1.09622431 -6.91363096 0 -5.44429111 4.39996529 0 -4.95398045 4.94551039 0 -4.40927553 5.43675375 0 -3.81615591 5.86830091 0 -3.18113494 6.23541307 0 -2.51118469 6.53406096 0 4.40927553 5.43675375 0 4.95398045 4.94551039 0 -1.09622431 6.91363096 0 5.44429111 4.39996529 0 6.24084806 -3.17046022 0 5.87482262 -3.80610871 0 5.44429111 -4.39996529 0 3.81615591 5.86830091 0 -0.36675045 6.99038553 0 0.36675045 6.99038553 0 1.09622431 6.91363096 0 1.81366169 6.76096392 0 3.18113494 6.23541307 0 2.51118469 6.53406096 0 -1.81366169 6.76096392 0 5.87482262 3.80610871 0 3.18113494 -6.23541307 0 4.95398045 -4.94551039 0 4.40927553 -5.43675375 0 3.81615591 -5.86830091 0 -32.53834534 -2.5 0.17894526 33.82345581 99.86560822 11.54367447 38.1012764 81.49140167 8.88521194 39.12961197 75.86560059 8.00002861 38.32440186 81.89099884 8.31817341 37.04891586 88.03887939 9.28042412 36.84328079 87.31622314 9.90816021 37.97628021 82.11627197 8.98950958 34.15465546 97.17765808 11.93589211 35.4421196 92.81536102 10.9881649 35.53456497 94.12368774 10.36863518 36.6079483 88.30438995 10.0935688 36.65530777 88.10781097 10.05639458 36.02021027 94.15660095 9.24805164 35.70064545 95.27771759 9.48801231 33.67470169 99.86560822 11.83630371 33.27023697 99.86560822 12.56528378 36.97520065 90.56795502 8.51585293 38.22776794 85.21063995 7.51571226 39.29957581 79.86560822 6.61608744 40 75.86560059 6 10 -54.81318665 36.44986343 38 75.86560059 6 37.12961197 75.86560059 8.00002861 17.39025116 48.35350418 18.75491333 17.74950218 39.18280029 19.30993652 15.86351776 39.18280029 21.69361877 20.30283928 66.69490051 13.41960812 22.10042 66.69490051 11.04876423 22.45084381 57.52420425 11.16002846 14.84087944 66.69490051 19.48590469 14.5 75.86560059 18.75 16.3125 75.86560059 17.08984375 13.93752003 75.86560059 19.22549057 0.52601111 20.84140015 35.84425735 0 20.84140015 35.87928009 0 39.18280029 32.25285339 19.96421242 30.01210022 17.16519547 20.33205605 20.84140015 17.55135918 18.46800041 20.84140015 20.41998291 5.74619246 3.99765873 37.14017868 5.56349707 4.24823475 37.20967865 5.39875889 11.67070007 35.91715622 25.65307617 66.69490051 5.82408333 25.2816143 75.86560059 6 26.15371323 68.36774445 4.9619751 29.7397728 12.02803326 0.5130266 27.04345322 20.84140015 5.64762592 29.19469261 25.45751572 1.17084861 25.93115234 57.52420425 5.78879213 26.9368 60.3649292 4.00205326 27.2581749 56.64324951 3.60192323 26.20922661 48.35350418 5.75350046 27.95941162 47.39198685 2.72034502 26.48730278 39.18280029 5.71820879 28.59213638 37.29560089 1.92197764 29.04516411 28.64795113 1.35551929 0 7 38.61597061 0.36705911 6.99036932 38.59312057 0.63157898 6.97144938 38.56936264 1.0526787 20.84140015 35.77959442 1.25588441 6.88641787 38.48976517 1.09659064 6.91357279 38.51315308 2.6353848 20.84140015 35.41401291 2.51182032 6.53381634 38.23539352 2.10748911 20.84140015 35.56384659 2.17758441 6.65267801 38.314785 1.87535048 6.74411297 38.37943268 2.83716536 6.39925718 38.15044403 3.23755884 11.67070007 36.97984314 3.18156981 6.23519182 38.05266953 3.46668124 6.08129263 37.96595001 3.81635237 5.86817265 37.85292053 3.77815104 11.67070007 36.75568008 4.09004116 5.68080664 37.75973129 4.40919781 5.43681669 37.64640045 4.31864452 11.67070007 36.50336075 4.64046001 5.24081373 37.56156158 5.44399357 4.4003334 37.25555801 5.13085508 4.7617569 37.37604141 4.95373106 4.94576073 37.4437294 6.47674847 11.67070007 35.22708893 6.35108042 2.94342995 36.92817307 6.24061537 3.1709187 36.96313477 6.07587671 3.47616529 37.01929855 5.87452459 3.80656743 37.0921936 24.20294952 11.67070007 11.71634865 20.69989777 11.67070007 17.93752289 14.25773716 30.01210022 24.82544708 16.2043972 30.01210022 22.42952156 10.02358723 39.18280029 27.69380951 11.01202202 39.18280029 26.83316612 11.2728405 30.01210022 28.02998161 1.00386906 39.18280029 32.1782608 1.57987916 20.84140015 35.6859169 1.50637782 39.18280029 32.10563278 2.0583241 30.01210022 33.78693008 2.00915933 39.18280029 32.01000977 2.57375836 30.01210022 33.65291595 3.01521206 39.18280029 31.75145721 3.08932757 30.01210022 33.49425125 4.0213685 39.18280029 31.40593719 4.12046003 30.01210022 33.10507584 5.02696896 39.18280029 30.9767952 5.15089941 30.01210022 32.62358093 6.03135633 39.18280029 30.46737671 4.21955252 20.84140015 34.80421829 3.69154 20.84140015 35.03357315 3.16344309 20.84140015 35.2370491 1.8138634 6.76090956 38.39173126 16.54527473 20.84140015 23.16542625 14.88583279 11.67070007 26.66968727 14.57178497 20.84140015 25.74756813 12.83550739 11.67070007 29.23325729 12.55543518 20.84140015 28.12627411 10.74440289 11.67070007 31.54522133 9.24924374 30.01210022 29.85800552 10.50413132 20.84140015 30.26141739 9.4678421 20.84140015 31.22511673 9.68644142 11.67070007 32.59222412 6.32828426 20.84140015 33.64051819 6.17982006 30.01210022 32.05394745 5.27482891 20.84140015 34.27036667 8.03385258 39.18280029 29.22108459 8.22981644 30.01210022 30.66697884 8.42577934 20.84140015 32.11287308 8.62174225 11.67070007 33.55876923 13.59375 75.86560059 19.50683594 13.92218876 66.69490051 20.3355999 12.6875 75.86560059 20.21484375 13.31559467 57.52420425 22.05908394 12.37699127 57.52420425 22.90430069 12.07912064 66.69490051 21.88916397 9.96875 75.86560059 22.04589844 11.40059566 75.86560059 21.13633728 11.01503658 71.28025818 22.03786469 11.78125 75.86560059 20.87402344 13.00154686 66.69490051 21.13696289 7.34798145 71.28025818 24.16044807 7.25 75.86560059 23.4375 8.26554966 71.28025818 23.70601463 8.15625 75.86560059 23.02246094 9.18263531 71.28025818 23.20049477 9.0625 75.86560059 22.55859375 9.160676 75.86560059 22.50540924 11.15507221 66.69490051 22.59135818 11.2951088 62.10955048 23.14484787 9.42290783 62.10955048 24.48429871 10.09915829 71.28025818 22.64430809 11.43514538 57.52420425 23.69834137 11.71521759 48.35350418 24.80532455 10.49038601 57.52420425 24.43953323 10.75120449 48.35350418 25.63634872 9.54304314 57.52420425 25.12620163 9.78331566 48.35350418 26.41000557 8.59344769 57.52420425 25.75667953 8.81204605 48.35350418 27.12378883 7.64192629 57.52420425 26.3292923 13.62964249 48.35350418 22.98120689 11.99529076 39.18280029 25.91230774 15.18175888 57.52420425 20.22180939 8.48414803 62.10955048 25.07312393 7.54394484 62.10955048 25.60634422 6.60254526 62.10955048 26.08270454 5.51173162 71.28025818 24.91437912 5.27058601 75.86560059 24.17422485 6.43001509 71.28025818 24.56337547 6.34375 75.86560059 23.80371094 7.13787127 75.86560059 23.48545837 5.58596373 66.69490051 25.70766449 6.51628017 66.69490051 25.3230381 7.44596291 66.69490051 24.88339424 8.37484837 66.69490051 24.38957024 9.30277157 66.69490051 23.84239769 3.51081109 75.86560059 24.63359833 4.53125 75.86560059 24.38964844 4.65517998 66.69490051 26.03643608 10.26385975 30.01210022 28.97761345 9.03064442 39.18280029 28.49089813 7.83788967 48.35350418 27.77518654 6.86134005 48.35350418 28.36169624 6.68880987 57.52420425 26.84236908 5.73442841 57.52420425 27.29423523 5.6601963 62.10955048 26.50094986 4.77910995 57.52420425 27.68322182 3.72409225 66.69490051 26.30851555 2.79286551 66.69490051 26.52306938 2.71875 75.86560059 24.78027344 1.86166477 66.69490051 26.67926025 1.64853382 75.86560059 24.91921425 0.90625 75.86560059 24.97558594 3.82318425 57.52420425 28.0076561 2.86698103 57.52420425 28.26586533 1.91082966 57.52420425 28.45617676 0.95505953 57.52420425 28.57692146 0 66.69490051 26.81321335 0 75.86560059 25 21.75 75.86560059 10.9375 20.9218235 75.86560059 11.98802948 18.125 75.86560059 15.234375 12.27536201 30.01210022 27.01929092 13.9436903 39.18280029 23.90332603 15.52263737 48.35350418 20.95771408 17.03100014 57.52420425 18.19989014 16.67175102 66.69490051 17.64486694 18.49284172 66.69490051 15.62053871 19.5963707 39.18280029 16.77903175 19.22852707 48.35350418 16.39286613 18.86068535 57.52420425 16.00670242 23.85252953 20.84140015 11.60508442 23.50210762 30.01210022 11.49382114 23.15168571 39.18280029 11.38255692 22.80126572 48.35350418 11.27129269 17.2249527 75.86560059 16.18017387 0 57.52420425 28.6264267 0.97946441 48.35350418 30.37759018 0.50171578 39.18280029 32.2274704 7.55146074 11.67070007 34.43900681 7.37893057 20.84140015 32.91968155 7.20640039 30.01210022 31.40035248 7.0338707 39.18280029 29.88102531 5.88289213 48.35350418 28.88080597 4.90303946 48.35350418 29.33000755 3.92227626 48.35350418 29.70679665 2.94109678 48.35350418 30.00866127 1.95999467 48.35350418 30.23309517 10 -44.81288147 21.45000267 31.77554131 99.86560822 11.63966465 31.27023506 99.86560822 12.56528378 31.94303131 99.86560822 11.29604912 -25.2816143 75.86560059 6 -7.1398263 75.86560059 23.48462868 -6.34375 75.86560059 23.80371094 -7.25 75.86560059 23.4375 -8.15625 75.86560059 23.02246094 -9.0625 75.86560059 22.55859375 -9.1204958 75.86560059 22.52724648 -12.6875 75.86560059 20.21484375 -13.65229225 75.86560059 19.45942116 -14.5 75.86560059 18.75 -16.3125 75.86560059 17.08984375 -16.68532372 75.86560059 16.72413635 -18.125 75.86560059 15.234375 -20.47460747 75.86560059 12.5383606 -21.75 75.86560059 10.9375 -24.54405594 75.86560059 7.09242678 -10.875 75.86560059 21.484375 -11.27026653 75.86560059 21.22416878 -3.49156833 75.86560059 24.63760185 -4.53125 75.86560059 24.38964844 -5.27774763 75.86560059 24.1719799 -0.90625 75.86560059 24.97558594 -1.74267268 75.86560059 24.90972328 -2.71875 75.86560059 24.78027344 -4.90303946 48.35350418 29.33000755 -5.02696896 39.18280029 30.9767952 -6.03135633 39.18280029 30.46737671 -10.09915829 71.28025818 22.64430809 -9.18263531 71.28025818 23.20049477 -9.30277157 66.69490051 23.84239769 -2.79286551 66.69490051 26.52306938 -1.86166477 66.69490051 26.67926025 -1.91082966 57.52420425 28.45617676 -14.84087944 66.69490051 19.48590469 -15.18175888 57.52420425 20.22180939 -17.03100014 57.52420425 18.19989014 -23.50210762 30.01210022 11.49382114 -23.85252953 20.84140015 11.60508442 -27.04345322 20.84140015 5.64762592 -9.68644142 11.67070007 32.59222412 -10.74440289 11.67070007 31.54522133 -10.50413132 20.84140015 30.26141739 -0.36684322 6.99038124 38.59313965 -0.91690785 6.93968868 38.53702164 -1.0526787 20.84140015 35.77959442 -1.09664166 6.91356468 38.51314545 -1.51245058 6.83465385 38.44776535 -1.57987916 20.84140015 35.6859169 -1.81392062 6.7608943 38.39171982 -1.95482814 6.7215066 38.36310577 -2.10748911 20.84140015 35.56384659 -4.95389366 4.94559765 37.44367218 -5.40596771 4.44696665 37.27019501 -5.39875889 11.67070007 35.91715622 -26.92727661 60.47093201 4.0138607 -26.33282852 66.65586853 4.74453402 -25.93115234 57.52420425 5.78879213 -26.20379257 67.89560699 4.90131712 -28.9956646 29.66398811 1.41696417 -28.47184753 39.37226486 2.07347131 -26.48730278 39.18280029 5.71820879 -27.86078644 48.80101395 2.84479785 -27.56415749 52.81567383 3.21837211 -29.82872581 9.54496193 0.40769625 -29.61989212 15.24619007 0.6555295 -29.1235199 26.99944305 1.25856054 -6.47674847 11.67070007 35.22708893 -5.44423962 4.40002871 37.25546646 -5.59796572 4.20271063 37.19649506 -5.87454033 3.8065443 37.09218597 -5.96691036 3.66005254 37.05830383 -6.24071074 3.17073011 36.96310043 -6.27973986 3.09271169 36.95045471 -4.31864452 11.67070007 36.50336075 -3.77815104 11.67070007 36.75568008 -3.76306295 5.90248728 37.87059784 -3.81618977 5.86827898 37.85297394 -4.38889122 5.45322227 37.65374756 -4.9212513 4.97808027 37.45607376 -2.56633186 6.51259851 38.22167587 -3.16974735 6.24120998 38.05615616 -3.23755884 11.67070007 36.97984314 -0.32667866 6.99237299 38.59621811 -0.52601111 20.84140015 35.84425735 -0.50171578 39.18280029 32.2274704 -1.00386906 39.18280029 32.1782608 -3.01521206 39.18280029 31.75145721 -2.00915933 39.18280029 32.01000977 -2.57375836 30.01210022 33.65291595 -3.08932757 30.01210022 33.49425125 -2.6353848 20.84140015 35.41401291 -3.16344309 20.84140015 35.2370491 -2.0583241 30.01210022 33.78693008 -1.50637782 39.18280029 32.10563278 -9.03064442 39.18280029 28.49089813 -8.03385258 39.18280029 29.22108459 -8.22981644 30.01210022 30.66697884 -7.0338707 39.18280029 29.88102531 -7.20640039 30.01210022 31.40035248 -6.17982006 30.01210022 32.05394745 -5.15089941 30.01210022 32.62358093 -6.5383482 2.5 36.87675858 -7.05659962 2.5 36.49040604 -7.55146074 11.67070007 34.43900681 -11.86024189 2.5 31.84699631 -10.29478836 2.5 33.56173325 -8.69718456 2.5 35.11463547 -13.40103722 2.5 29.98175812 -14.92254734 2.5 27.97476959 -12.83550739 11.67070007 29.23325729 -14.88583279 11.67070007 26.66968727 -12.55543518 20.84140015 28.12627411 -14.57178497 20.84140015 25.74756813 -12.27536201 30.01210022 27.01929092 -14.25773716 30.01210022 24.82544708 -11.2728405 30.01210022 28.02998161 -11.99529076 39.18280029 25.91230774 -13.9436903 39.18280029 23.90332603 -17.74950218 39.18280029 19.30993652 -15.86351776 39.18280029 21.69361877 -18.46800041 20.84140015 20.41998291 -16.2043972 30.01210022 22.42952156 -23.15168571 39.18280029 11.38255692 -16.54527473 20.84140015 23.16542625 -16.95930099 2.5 25.04286575 -19.26459122 2.5 21.40122414 -19.5963707 39.18280029 16.77903175 -19.96421242 30.01210022 17.16519547 -20.33205605 20.84140015 17.55135918 -21.51656723 2.5 17.52722931 -30.07144928 2.5 0.1155951 -27.469944 2.5 5.8538723 -24.79529381 2.5 11.35059738 -24.55337143 2.5 11.82761288 -23.72476387 2.5 13.4359417 -16.67175102 66.69490051 17.64486694 -14.67043972 71.28025818 19.11795044 -18.49284172 66.69490051 15.62053871 -18.86068535 57.52420425 16.00670242 -20.30283928 66.69490051 13.41960812 -22.10042 66.69490051 11.04876423 -24.20604515 57.52420425 8.53329277 -7.34798145 71.28025818 24.16044807 -5.51173162 71.28025818 24.91437912 -4.65517998 66.69490051 26.03643608 -1.95999467 48.35350418 30.23309517 -0.95505953 57.52420425 28.57692146 -0.93065476 66.69490051 26.77625465 -6.43001509 71.28025818 24.56337547 -5.58596373 66.69490051 25.70766449 -6.51628017 66.69490051 25.3230381 -5.6601963 62.10955048 26.50094986 -6.60254526 62.10955048 26.08270454 -5.73442841 57.52420425 27.29423523 -6.68880987 57.52420425 26.84236908 -11.01503658 71.28025818 22.03786469 -8.26554966 71.28025818 23.70601463 -7.44596291 66.69490051 24.88339424 -8.37484837 66.69490051 24.38957024 -7.54394484 62.10955048 25.60634422 -8.48414803 62.10955048 25.07312393 -7.64192629 57.52420425 26.3292923 -8.59344769 57.52420425 25.75667953 -12.84452343 71.28025818 20.67590332 -13.00154686 66.69490051 21.13696289 -11.15507221 66.69490051 22.59135818 -13.15857124 62.10955048 21.59802437 -11.2951088 62.10955048 23.14484787 -9.42290783 62.10955048 24.48429871 -10.49038601 57.52420425 24.43953323 -9.54304314 57.52420425 25.12620163 -9.78331566 48.35350418 26.41000557 -0.97946441 48.35350418 30.37759018 -2.94109678 48.35350418 30.00866127 -2.86698103 57.52420425 28.26586533 -3.72409225 66.69490051 26.30851555 -2.51136494 6.53399134 38.23550415 -4.12046003 30.01210022 33.10507584 -4.0213685 39.18280029 31.40593719 -3.92227626 48.35350418 29.70679665 -3.82318425 57.52420425 28.0076561 -3.69154 20.84140015 35.03357315 -4.77910995 57.52420425 27.68322182 -5.88289213 48.35350418 28.88080597 -6.86134005 48.35350418 28.36169624 -7.83788967 48.35350418 27.77518654 -8.81204605 48.35350418 27.12378883 -4.21955252 20.84140015 34.80421829 -5.27482891 20.84140015 34.27036667 -6.32828426 20.84140015 33.64051819 -7.37893057 20.84140015 32.91968155 -8.62174225 11.67070007 33.55876923 -8.42577934 20.84140015 32.11287308 -9.4678421 20.84140015 31.22511673 -9.24924374 30.01210022 29.85800552 -10.26385975 30.01210022 28.97761345 -10.02358723 39.18280029 27.69380951 -11.01202202 39.18280029 26.83316612 -10.75120449 48.35350418 25.63634872 -11.71521759 48.35350418 24.80532455 -11.43514538 57.52420425 23.69834137 -13.62964249 48.35350418 22.98120689 -13.31559467 57.52420425 22.05908394 -15.52263737 48.35350418 20.95771408 -17.39025116 48.35350418 18.75491333 -19.22852707 48.35350418 16.39286613 -22.80126572 48.35350418 11.27129269 -22.45084381 57.52420425 11.16002846 -16.42873192 2.5 25.83298111 -7.72399092 2.5 35.95833969 10 -47.17143631 24.09230804 10 -49.27868271 26.77905655 10 -51.10343933 29.45561028 10 -52.52203751 31.84763718 10 -53.9294281 34.56057358 10 -53.08346939 32.88554382 36.63262177 78.70032501 8.43425465 35.53879929 84.21790314 9.34964943 35.32527161 85.19900513 9.52285957 34.80063629 87.49742126 9.94188786 34.65486145 88.10966492 10.05674458 33.55086899 92.41921997 10.90628433 32.65962601 95.53495026 11.5687809 -11.53082085 0 47.88669968 -10.54686546 1.4E-07 48.55871582 -11.39659119 7.95702362 46.82434464 -15.3745985 0 44.68747711 -14.09333801 0 45.85544205 -14.04364109 8.11540604 44.76828003 -31.80809021 5E-08 20.70202446 -30.74979401 0 22.74997902 -31.39438057 9.23864079 22.03063202 -35.87488937 0 12.1874876 -33.31233978 0 17.67185974 -33.99133682 9.36458015 17.14922142 37.70435333 66.5293045 8.37692451 35.74673462 66.1710434 11.94579411 36.50455093 56.77223206 11.60806274 35.87511063 0 12.1875124 36.74529266 1E-07 10.23266697 36.54394913 9.46168232 11.91460323 32.04979324 1.3E-07 20.22533607 33.31266022 0 17.67189217 33.99164581 9.36458778 17.14924622 20.0699482 0 39.54017639 20.50035286 0 39.0000267 20.73996735 8.56187057 37.91352844 16.34850693 0 43.73258209 17.93787766 0 42.0469017 18.05397415 8.37825394 40.94591141 13.67490768 0 46.21562195 15.37540054 0 44.68752289 15.37688923 8.20040512 43.5919075 1.94774556 133.24417114 24.11629295 -0 133.86561584 24 1.77609694 133.09532166 24.18141365 3.44977975 133.29373169 23.76213646 2.31554031 133.53198242 23.87203217 2.22481251 133.46697998 23.96304131 4.4872241 132.95466614 23.71648598 4.57000875 133.00639343 23.62384415 5.59293318 132.62503052 23.54810715 8.34739208 131.80476379 22.60885811 8.0373373 131.93287659 22.69081688 7.94854403 131.91714478 22.86545181 5.44126177 132.52799988 23.68447876 6.48203278 132.12397766 23.53722954 6.63362646 132.22093201 23.40032196 8.61681652 131.24559021 23.07881927 8.71289539 131.30282593 22.98485374 7.68388796 131.78388977 23.20349884 7.59929228 131.73234558 23.28488731 7.50806475 131.67391968 23.36509514 8.51323891 131.18067932 23.17156029 7.30677509 131.53744507 23.52193451 8.28478813 131.02909851 23.35331917 11.12756062 130.41282654 21.88193321 11.18339252 130.41854858 21.7555027 10.71955299 130.67280579 21.90765572 11.85840607 129.74134827 21.96432114 12.79747009 129.11647034 21.66247368 12.90257359 129.15985107 21.5134716 9.71337891 130.78204346 22.74871445 10.68584347 130.22320557 22.49746704 10.79464436 130.28138733 22.37667274 10.56754589 130.15560913 22.61704636 10.44011497 130.07896423 22.73538017 12.26213264 128.83224487 22.24740219 9.5042057 129.44947815 23.41757393 9.13573551 129.18370056 23.63367271 10.72836304 127.8177948 23.35429001 14.20969009 125.09693146 22.33513069 14.72268867 125.41936493 21.95351028 13.18990898 126.96221161 22.39323997 3.50028777 132.18014526 24.26682091 3.83847046 132.46304321 24.12673759 21.88464546 119.38050842 18.08632278 22.09701729 119.45858002 17.78030586 19.38499069 123.03538513 19.06404495 13.65835476 124.73948669 22.71034813 14.98329353 123.06480408 22.37597847 23.89075089 117.69694519 16.16240883 25.09039497 115.74055481 15.48002052 25.24232292 115.75019836 15.12402821 16.85165405 116.64601135 22.56092644 15.09913158 115.56952667 23.67445755 16.73014069 111.53739166 23.49604988 1.26427281 127.86924744 25.30493164 0.85323185 129.89320374 24.88551331 0.30673277 129.46974182 24.95283127 4.78518343 104.51594543 29.6291275 4.27508307 108.84915161 28.83222771 1.60819101 107.4054718 29.70999718 1.38235378 111.81305695 28.74813652 0.28355032 106.89437103 30.0017662 0.64973193 107.0009613 29.94214249 0.45104682 115.89056396 27.93001938 31.89220619 79.48381042 15.7716608 31.16454506 84.06043243 15.98867416 28.87441635 83.22042084 18.71673584 15.2819109 77.48142242 30.61875725 18.10751343 78.70617676 28.54743195 16.97714996 87.53421783 27.61653328 13.69340515 90.63132477 28.90041351 11.14088249 89.37617493 30.44000244 11.64438343 85.01576996 31.1055088 5.05031776 73.35182953 36.66287231 5.45677042 64.83999634 38.48678207 7.85579729 65.62776947 37.2559166 4.35004282 64.51150513 38.98288727 -0.19344363 115.80162811 27.96503067 5.788E-05 115.77115631 27.97685051 2.894E-05 124.77437592 25.96400642 -2.83092666 108.03376007 29.3364563 -4.27463293 108.84890747 28.83229256 -5.24733448 100.17398834 30.44192696 -0.79043639 132.2069397 24.40418434 -1.18978453 132.56803894 24.33442307 -2.35351419 64.00772095 39.72162247 -1.47720277 63.84161758 39.95820618 -1.16934311 80.82928467 36.02589417 -0.53355432 80.71460724 36.14477921 -7.45714426 127.91785431 24.43526268 -8.75856972 126.38343811 24.35711288 -7.67837954 125.57447052 24.81195259 -1.77607334 133.09529114 24.18141174 -1.94772816 133.24415588 24.11629105 -1.58913469 132.92915344 24.23927116 -2.09900379 133.3699646 24.04360199 -5.17380667 131.11991882 24.26404381 -6.79450226 129.91572571 24.18376732 -6.08081913 129.3502655 24.47721481 -5.67355442 131.52206421 24.03996086 -7.45059395 130.42234802 23.86772156 -2.16540766 133.42243958 24.00432587 -2.22480607 133.46697998 23.96304131 -3.48472118 133.33592224 23.62664604 -3.54397035 133.32305908 23.617733 -3.45167327 133.29220581 23.7634964 -8.34739208 131.80476379 22.60885811 -9.11509609 131.46829224 22.39618683 -9.01451778 131.45025635 22.59685135 -14.1608305 127.5439682 21.55052948 -14.32084846 127.62828064 21.37838936 -15.98902988 126.13749695 20.7772007 -19.88705635 120.89360046 19.53303909 -21.1385498 119.05409241 19.0026741 -20.55730438 118.76551819 19.61045837 -23.42193413 115.17807007 17.98565674 -21.32633018 121.421875 17.43735504 -21.0677948 121.82151794 17.46483421 -22.74659348 119.60169983 16.55792999 -30.62521935 103.22521973 12.39195919 -30.07208252 103.10850525 13.41448784 -28.44591713 107.39556885 14.37084484 -32.2123909 84.41065979 14.60004044 -31.16433525 84.06037903 15.98869038 -30.32402992 88.60933685 16.26499748 31.07801628 103.26525879 11.37350273 -30.86457825 103.25513458 11.88207245 -31.07801628 103.26525879 11.37350273 34.88808823 85.12486267 10.37043667 36.49717712 75.88053131 9.2624836 -37.70428085 66.5293045 8.3769207 -36.49711227 75.88052368 9.26248074 -34.88803101 85.12485504 10.37043476 -31.5110054 98.71845245 12.54005337 -32.78411102 94.23886871 11.7424593 -31.89198685 79.48375702 15.77167606 -33.62486649 75.21076965 14.0463171 -32.51813126 74.88228607 15.60882282 -30.04276657 98.27744293 14.78697109 -30.82094002 98.53102112 13.66431713 -32.05302429 94.05383301 12.96563435 -29.17383385 107.54151154 12.99073887 -29.36694145 107.55157471 12.5329628 -29.52831268 107.17317963 12.42583561 -27.26207161 111.70932007 14.18822384 -27.0650692 111.67998505 14.59631729 -24.91535759 115.71200562 15.83691692 -24.71798134 115.66517639 16.19451141 -23.72694588 117.66894531 16.49362946 -28.95541763 107.51172638 13.44982719 -26.84446526 111.63186646 15.00534439 -26.60105133 111.56556702 15.415061 -24.49899864 115.60066986 16.55259514 -29.1832695 97.96279907 15.90545273 -31.23348618 93.80348969 14.18589115 -30.33230019 93.49285889 15.40052509 -32.27734375 89.27294922 13.65753937 -33.18682098 84.70804596 13.19884777 -34.66120911 75.48964691 12.46577358 -26.98995018 101.97718811 17.4975872 -28.24922371 97.59218597 17.01720238 -29.35627556 93.12696838 16.6068306 -25.41498756 111.13127899 17.05597687 -26.04892731 111.3809967 16.2355957 -27.8449688 107.20818329 15.29383469 -28.09974861 87.74861908 18.82011795 -28.8741188 83.22033691 18.71676826 -26.36971855 82.22640228 21.35988617 -29.54377174 78.66809845 18.66764069 -27.51523209 73.16241455 21.61894226 -23.70468521 81.11704254 23.89485168 -22.30945587 90.05249786 23.51825905 -25.65869522 86.73020172 21.30036163 -22.83756256 100.02803802 21.45485878 -25.02078247 101.08438873 19.50150108 -23.90309715 95.65174866 21.34563255 -26.18459702 96.70337677 19.21025467 -24.83982849 91.21128082 21.29465485 -27.20691109 92.24950409 18.98363113 -20.49380684 98.84901428 23.33856201 -25.55878258 106.26959229 18.05282021 -23.69718742 105.38101196 19.86201477 -23.08522987 110.04138947 19.49680138 -22.18697357 109.58120728 20.29716492 -20.45729256 113.66971588 20.81191254 -25.24232292 115.75019836 15.12402821 -26.83666992 112.88648224 14.15530109 -27.43468666 111.71923828 13.78130531 -23.99920464 115.42106628 17.26939774 -19.88481522 123.16648102 18.17542458 -19.8274231 123.16004181 18.30242157 -19.07546806 124.00159454 18.66826248 -18.95230103 123.97674561 18.90938377 -19.76523018 123.14939117 18.42943001 -21.26349258 121.41517639 17.57714462 -22.68379021 119.59938049 16.71035576 -23.96859741 117.80455017 15.86849022 -17.59132195 125.62671661 19.18772697 -18.33368874 124.89550781 18.8380661 -18.29927444 124.8214798 19.03549004 -18.39852142 124.82966614 18.80704498 -19.13012123 124.00788879 18.54766083 -19.18005371 124.00999451 18.42705536 -19.93733025 123.16864014 18.04845428 -17.49743271 125.61877441 19.40340996 -18.1821003 124.7972641 19.26372147 -17.38630867 125.59524536 19.61875343 -25.09038734 115.74055481 15.48001957 -23.89074516 117.69694519 16.16240692 -22.61555672 119.59246063 16.86292839 -21.1955719 121.40409851 17.71700287 -19.69831467 123.13459778 18.55642891 -19.55062103 123.09286499 18.8103466 -18.04757881 124.75753021 19.49163246 -16.44252777 126.33237457 20.17568588 -23.33536911 117.55971527 17.15747452 -22.86327362 117.38350677 17.82192612 -21.88460922 119.38049316 18.08632278 -21.65361404 119.2866745 18.39216995 -20.368927 121.11891937 18.97580147 -17.72879791 124.63360596 19.94605827 -19.20196724 122.96268463 19.31739235 -19.00224495 122.87532806 19.570261 -16.15474892 126.21575928 20.57748222 -17.54569817 124.55044556 20.17235947 -28.69155502 102.66551971 15.46221638 -27.8775425 102.34945679 16.48263931 -26.39487267 106.6401062 17.13700485 -23.92684746 110.45646667 18.68852234 -21.28486633 114.11750793 20.11449814 -18.47164726 117.61042786 21.40387917 -18.55510521 122.65878296 20.0740509 -17.13496971 124.34430695 20.6225853 -18.04850006 122.39009094 20.57437515 -16.66872597 124.08852386 21.06892776 -22.29006577 119.52031708 17.47428703 -22.09698868 119.45858002 17.78030396 -17.48738861 122.0736084 21.07020187 -16.75705147 126.40024567 19.56840515 -16.66853905 126.39253998 19.77132607 -15.89358234 127.1496582 19.94849396 -15.81047058 127.14221954 20.13865471 -13.0753231 129.21054077 21.21247482 -13.16452694 129.20205688 21.05215073 -14.01136112 128.55519104 20.86211777 -14.0836153 128.56202698 20.69746971 -14.92354965 127.86483765 20.50336838 -15.00124168 127.87197876 20.32596588 -15.70396519 127.30748749 20.03002167 -11.06039906 130.39588928 22.00729179 -11.12755775 130.41282654 21.88193321 -12.0408535 129.81196594 21.69116211 -12.11445808 129.83009338 21.55300331 -12.99532795 129.19136047 21.36345673 -13.9250288 128.5349884 21.02594185 -14.83093166 127.84369659 20.68005943 -15.71162224 127.120224 20.32822418 -16.56352234 126.36974335 19.97378349 -10.71955299 130.67280579 21.90765572 -11.18339252 130.41854858 21.7555027 -12.17578411 129.83621216 21.41384506 -13.14212227 129.21704102 21.06057739 -14.4683485 127.7008667 21.20520592 -15.46874619 127.03443909 20.70528603 -16.30609512 126.28087616 20.3769474 -17.89628601 124.70280457 19.71911621 -19.3849678 123.0353775 19.06404305 -20.96211052 121.34528351 18.13681221 -21.12264824 121.38870239 17.85691261 -22.46315193 119.56513977 17.16843796 -11.85839272 129.74133301 21.96431923 -12.79745483 129.11645508 21.66247177 -12.6804285 129.06159973 21.81041336 -13.71195126 128.45617676 21.35090446 -14.60284996 127.76126099 21.03104401 -12.55190849 128.99565125 21.95724678 -12.412323 128.91906738 22.10292625 -12.2620945 128.83222961 22.24740219 -7.94854593 131.91717529 22.8653698 -8.0373373 131.93287659 22.69081688 -7.83211374 131.8651886 23.03721046 -6.93595171 132.31141663 23.0958519 -6.93778467 132.35227966 22.96305275 -2.37960958 133.55148315 23.77708435 -8.88134575 131.39311218 22.79331017 -8.80116177 131.35211182 22.88967705 -8.71287727 131.30282593 22.98485374 -6.63361263 132.22093201 23.40032196 -6.77637005 132.27505493 23.26992226 -6.02313137 132.66073608 23.16724777 -6.48201323 132.1239624 23.53722954 -8.61679459 131.24559021 23.07881737 -9.71335888 130.78204346 22.74871445 -9.81200886 130.83592224 22.64078903 -9.90165997 130.88075256 22.5316658 -10.98228073 130.36808777 22.13155746 -11.95536613 129.78225708 21.8282814 -12.9025631 129.15985107 21.5134716 -13.82507515 128.50183105 21.18889046 -14.72387218 127.809021 20.8559742 -15.59754467 127.08415222 20.51712799 -2.31729078 133.53060913 23.87347794 -2.27656221 133.50286865 23.91971207 -1.16676688 133.72174072 23.95266342 -1.1466186 133.70741272 23.97579384 -1.19835365 133.73233032 23.90489388 -0.97434318 133.7610321 23.92530823 -11.56328392 128.39056396 22.81234741 -10.1592741 129.8999939 22.96818924 -11.93141842 128.62944031 22.53256226 -10.30387974 129.99363708 22.85243607 -10.4400835 130.07894897 22.73537827 -10.56751919 130.15559387 22.61704636 -10.68582153 130.22319031 22.49746513 -11.75032806 129.6895752 22.09924126 -10.79462624 130.28137207 22.37667274 -10.89356804 130.32980347 22.25469208 -15.8094635 126.04658508 20.97602081 -13.98877716 127.44836426 21.72155952 -13.61048794 127.22512817 22.06002235 -13.18983269 126.96218872 22.39324188 -11.16109848 128.11891174 23.08638382 -15.61658573 125.94351196 21.1738472 -15.19302368 125.70282745 21.566185 -14.72260475 125.41931915 21.9535141 -12.7306633 126.66311646 22.72068977 -10.72826481 127.81773376 23.35429382 -6.30837059 132.00364685 23.66967201 -4.38493586 132.88645935 23.80551147 -4.48721504 132.95466614 23.71648407 -4.56982088 133.00636292 23.62396622 -4.69163895 133.04707336 23.42801094 -7.7510438 130.6474762 23.70151329 -5.90230417 131.70075989 23.92106247 -8.02989674 130.85054016 23.53000832 -6.11452198 131.86192322 23.7976265 -4.2676692 132.80181885 23.89102173 -3.39002848 133.25193787 23.83289909 -22.77314758 114.87656403 18.69970322 -19.91539574 118.42559814 20.21416092 -16.87672424 121.71366882 21.5605011 -14.20958614 125.09688568 22.33513641 -13.65822887 124.73941803 22.71035385 -12.23683167 126.33158112 23.04183006 -13.2535429 119.41424561 23.89283943 -14.79696465 120.41657257 22.98786926 -15.09884548 115.56936646 23.67449379 -16.85142326 116.64590454 22.56095123 -16.72982216 111.53723145 23.49609566 -18.66507149 112.6619873 22.17843056 -18.15341949 107.38973236 23.38060951 -20.24571609 108.54560089 21.86636925 -19.39921188 103.15619659 23.32956886 -21.62657928 104.32965088 21.62674904 -9.78353691 122.0769043 24.78801346 -11.63083839 118.34239197 24.75087166 -13.25803185 114.41817474 24.73362541 -14.69922066 110.3344574 24.75156403 -15.96043587 106.15369415 24.82434654 -17.06734085 101.9013443 24.95302963 -15.52655602 120.88080597 22.52036667 -12.45754051 123.93495178 23.43877792 -11.15461636 123.03707123 24.13319588 -11.1605854 125.58544922 23.6630497 -13.07279396 124.35080719 23.07846832 -16.22146225 121.31461334 22.04423332 -19.21833801 118.03900909 20.81241989 -22.05880547 114.52141571 19.40987396 -24.70553017 110.82143402 17.87426758 -27.15911102 106.95467377 16.21661377 -29.42529869 102.92023468 14.43870354 -9.99190426 124.75267029 24.25263786 -9.78427982 127.13993835 23.87022018 -8.33146763 128.58547974 24.04750061 -9.13565254 129.18363953 23.63367271 -9.50413704 129.44944763 23.41757393 -9.84631729 129.68919373 23.19566917 -8.28475285 131.02908325 23.35331726 -8.4024334 131.10839844 23.26306534 -8.51321316 131.18066406 23.17156029 -3.83843589 132.4630127 24.12673569 -3.99317026 132.5887146 24.05160713 -4.13666487 132.70211792 23.97304344 -5.46352196 123.90406799 25.61340904 -5.59160137 126.46684265 25.12502289 -6.57094908 124.73926544 25.23172379 -6.53606129 127.20392609 24.79506683 -3.50024128 132.18009949 24.266819 -4.62997341 130.6710968 24.46967316 -3.13207245 131.86433411 24.39351845 -4.0567503 130.19113159 24.65665436 -2.34577966 131.17805481 24.60768509 -11.47379017 103.60144806 27.4382 -13.71711063 104.87757111 26.18205643 -14.68322182 100.60580444 26.47968102 -13.03446388 94.98483276 28.38073921 -0.3694596 98.07535553 32.05483246 -0.8334378 98.18975067 31.97242737 -1.0056994 89.46470642 34.00593567 -2.01942921 98.62399292 31.65184021 -2.38614774 89.90764618 33.60861969 -1.90038896 81.01429749 35.83105087 -2.71988797 81.26462555 35.56295013 -3.02720547 72.70398712 37.4977417 0.3697592 98.07540894 32.0548172 0.00011576 98.03613281 32.08272934 0.00017363 80.67528534 36.18500137 -0.69048768 63.73866653 40.10233307 -1.76647437 47.24816895 43.63491058 -12.62094593 109.09268188 25.9315052 -9.48817825 112.04110718 26.64513588 -11.37310219 113.22963715 25.72746849 -9.96849632 117.23577881 25.55369949 -8.30615711 116.12917328 26.29304886 -6.683465 115.0573349 26.9606514 -5.32874298 128.74557495 24.74713707 -4.55747032 128.12129211 24.99259758 -2.3204565 126.32685852 25.57291222 -2.30769968 128.72010803 25.10373497 -3.03412962 126.8923111 25.40641594 -2.88091803 129.20007324 24.97388268 -3.78620028 127.49698639 25.21266747 -3.46883345 129.69558716 24.82479095 -3.09859228 117.43184662 27.27242279 -2.41367865 121.6608429 26.49977684 -4.2992568 118.23628998 26.89946747 -3.35764408 122.33861542 26.25045204 -5.60216284 119.13415527 26.45895958 -4.38333941 123.0951004 25.95399094 -6.97323132 120.09431458 25.95648766 -8.37838268 121.08560944 25.39764214 -1.94763887 130.82943726 24.69561195 -1.5594908 130.49177551 24.77107239 -0.43184918 131.89195251 24.45099449 -1.1913271 130.17602539 24.83429527 -0.8531397 129.89312744 24.88550949 -1.6643784 125.82023621 25.7112236 -5.14006424 114.05502319 27.54823494 -3.71559691 113.15700531 28.04752922 -2.03424954 116.75197601 27.57222748 -1.14030719 116.22780609 27.79329491 -0.8799051 120.64639282 26.844944 -0.45084491 115.89048767 27.93003273 -0.23369175 124.84952545 25.94774437 -0.60179836 125.06195831 25.89957047 -0.30666003 129.46969604 24.95282936 1.447E-05 129.30909729 24.97486305 3.02784157 72.70415497 37.49764633 3.31370497 64.23262024 39.39546585 2.72047091 81.26480103 35.56286621 1.90092719 81.01444244 35.83097839 2.35415554 64.00785828 39.72154999 1.47779417 63.84171677 39.95815277 1.16982746 80.82939148 36.02584457 0.69101971 63.73871231 40.10230255 9.1140604 83.85700226 32.56738281 9.84486389 75.18579865 34.1354332 7.34050655 74.19187164 35.53440857 6.74701595 82.81879425 33.81199265 4.59767628 81.94132996 34.81769943 4.08827257 90.59617615 32.96965027 2.38666987 89.90782166 33.60853958 6.41532087 87.15081787 32.95679474 6.05742168 91.4889679 32.10831451 10.58431721 93.72431183 29.79470634 15.53927135 96.28675079 26.82050514 22.30989265 90.05266571 23.51819038 23.70515251 81.11719513 23.89477921 26.37010193 82.22652435 21.35983467 34.66135025 75.4896698 12.46577072 35.62086105 75.7144165 10.87016964 34.08102417 84.94773102 11.78801346 33.62504959 75.2108078 14.04630852 32.21255875 84.41069794 14.6000309 30.3242321 88.60939026 16.26498032 28.10003471 87.74869537 18.82008743 27.20718384 92.24958801 18.98359871 32.27746582 89.27297211 13.6575346 31.23360252 93.80351257 14.18588638 30.33245468 93.49289703 15.4005146 18.90686417 93.22302246 25.36130714 19.67073822 88.8135376 25.63271141 20.93310738 79.93092346 26.29837608 20.49420166 98.8491745 23.33850098 21.45936775 94.47814941 23.40277672 30.0428791 98.27746582 14.78696632 29.18341637 97.96283722 15.90544319 30.82101822 98.53103638 13.66431618 32.0531044 94.05384827 12.96563339 33.18695068 84.70806122 13.19884396 30.07212639 103.10851288 13.41448879 31.51105309 98.71846008 12.54005527 32.78416443 94.23887634 11.74246025 28.69165802 102.6655426 15.46221256 27.87767982 102.34950256 16.48263168 29.35646629 93.12702179 16.60681343 28.24940681 97.59223175 17.01718712 26.18485451 96.70346832 19.21022224 26.99012184 101.97723389 17.49757385 25.02102661 101.08448029 19.50147438 25.55894279 106.26964569 18.05280685 22.77325249 114.87659454 18.69969749 22.05893898 114.52146912 19.40986252 23.92699432 110.45652008 18.68851089 23.08540726 110.04145813 19.49678421 23.69741631 105.38110352 19.86198807 22.837883 100.02816772 21.45481491 23.90343666 95.65187073 21.34558296 24.84018326 91.21141052 21.29460526 25.65906334 86.73033142 21.30031013 30.62523842 103.22521973 12.39196014 30.86458778 103.25513458 11.8820734 29.17384338 107.54151154 12.99073982 28.9554348 107.51172638 13.44982815 29.42537117 102.92024994 14.43870258 28.44595718 107.39557648 14.37084579 26.84449387 111.63186646 15.00534534 29.52831268 107.17317963 12.42583561 29.36694145 107.55157471 12.5329628 25.4150753 111.13130188 17.05597305 24.70564651 110.82147217 17.87425995 26.39499855 106.64014435 17.13699532 9.28136253 102.36568451 28.57715225 9.96783257 98.05569458 29.1726532 14.68372059 100.60604095 26.47959518 1.82055414 103.00759125 30.67804337 2.01987982 98.62416077 31.65177536 3.50802255 99.29898834 31.13641357 0.83379632 98.18984222 31.97238922 7.64782763 110.89017487 27.47568512 8.51259041 106.64840698 28.01136208 5.24787998 100.17424774 30.4418335 13.71757603 104.87779999 26.18197632 10.54314804 107.85115814 27.02250099 9.48860264 112.04134369 26.64507484 8.30652809 116.12939453 26.29300308 8.37866688 121.08579254 25.39761543 9.96883392 117.23597717 25.55365944 11.37348938 113.2298584 25.72741318 12.62137604 109.09290314 25.93143845 1.14057207 116.22794342 27.79327393 3.71599054 113.15722656 28.04748154 0.23379819 124.84957123 25.94774246 0.1936055 115.80166626 27.96502495 8.682E-05 106.85778809 30.02194977 -0.64944685 107.00086212 29.94216537 -1.60782468 107.40529633 29.71004105 -3.50751042 99.29875946 31.13649368 -4.08768654 90.59593964 32.96974945 -4.59702921 81.94110107 34.81781387 -5.0496192 73.35161591 36.66299438 -4.34932709 64.51132202 38.98299789 -5.45602989 64.83979797 38.48690414 -6.16224861 48.06432343 41.99620056 3.09892297 117.43205261 27.27239037 4.2995944 118.2365036 26.89943695 3.35790896 122.33879089 26.25043678 4.3835988 123.09528351 25.95397377 3.03430963 126.89244843 25.40641212 3.78637028 127.49710846 25.21266365 1.55958343 130.49185181 24.7710762 2.34585929 131.1781311 24.6076889 0.79048336 132.20698547 24.40418625 1.18982494 132.56806946 24.33442688 2.30783701 128.72021484 25.10373497 3.46895123 129.69567871 24.82479095 5.60249329 119.13437653 26.45892906 5.46376705 123.90423584 25.61339569 5.59179068 126.46697235 25.12501526 4.55762529 128.12138367 24.99259377 5.3288784 128.74568176 24.74713516 0.43189591 131.89198303 24.4509964 13.25379276 119.41439056 23.89281273 14.79716492 120.41668701 22.98785019 17.38218307 119.49501801 21.71927452 18.47182083 117.61050415 21.40386391 19.91551399 118.42565155 20.21415138 12.50984669 76.2951355 32.48915482 14.28355598 86.2549057 29.4480114 16.30013847 91.9271698 27.20068359 18.04349518 97.58840942 25.13342857 17.06778145 101.90154266 24.95295715 19.39958572 103.15635681 23.32951164 18.15376854 107.38990021 23.38055801 20.24599457 108.54573059 21.86633301 18.66532898 112.66210938 22.17840004 20.4574852 113.66980743 20.81189156 19.4965477 115.6654129 21.10016441 21.02153778 116.50095367 19.80373764 21.62688065 104.32978058 21.62670517 22.18718529 109.58129883 20.29714012 21.28503036 114.1175766 20.11448288 27.84503555 107.20819855 15.29383373 26.60108948 111.56557465 15.41506195 24.71800613 115.66517639 16.19451141 24.91537285 115.71200562 15.83691692 27.06508446 111.67998505 14.5963192 27.26207924 111.70932007 14.18822479 23.42201424 115.17809296 17.98565292 23.99925804 115.42108154 17.26939774 22.86332703 117.38352203 17.82192421 21.65366364 119.28668976 18.39216995 21.13862038 119.05412292 19.0026722 23.72696114 117.66894531 16.49362946 22.46316528 119.5651474 17.16843796 23.33539963 117.5597229 17.15747452 24.49903297 115.60067749 16.55259514 26.04898834 111.38101196 16.2355938 27.15920639 106.95469666 16.21660995 26.83666992 112.88648224 14.15530109 27.43468666 111.71923828 13.78130531 18.73965836 120.28474426 20.63709259 16.22161102 121.31468964 22.04422188 13.66686153 122.20994568 23.21203995 11.15482712 123.0371933 24.13317871 16.15168381 123.78729248 21.51051521 17.4874897 122.07365417 21.07019806 22.29008675 119.52032471 17.47428894 20.96212769 121.34528351 18.13681412 19.07547379 124.00159454 18.66826248 19.76523781 123.1493988 18.42943001 19.82742691 123.16004181 18.30242348 21.19558144 121.40409851 17.71700287 21.26349831 121.41517639 17.57714462 22.61556244 119.59246826 16.8629303 21.12265778 121.38870239 17.85691452 19.6983242 123.13460541 18.55643082 18.39852142 124.82966614 18.80704498 19.13012314 124.00788879 18.54766083 19.18005371 124.00999451 18.42705536 19.88481712 123.16648102 18.17542458 19.93733025 123.16864014 18.04845428 16.44254303 126.33237457 20.17568588 16.3061142 126.28087616 20.37694931 17.25852013 125.556633 19.83366013 17.89630699 124.70281219 19.71911621 18.04759407 124.75753784 19.49163246 19.5506382 123.09286499 18.8103466 16.56352997 126.36975861 19.97378349 17.38631821 125.59524536 19.61875343 18.18210983 124.7972641 19.26372147 18.95231247 123.97674561 18.90938377 18.04858017 122.39012909 20.57437134 18.55516434 122.65880585 20.074049 16.66879845 124.08855438 21.06892586 17.13502502 124.34432983 20.62258339 15.19309044 125.70285797 21.56618309 21.0677948 121.82151794 17.46483421 21.32633209 121.421875 17.43735695 22.74659348 119.60169983 16.55792999 22.68379211 119.59938049 16.71035576 23.96859741 117.80455017 15.86849022 15.96084595 106.15390015 24.8242836 14.69959831 110.33464813 24.75151062 13.25837135 114.41835785 24.73358154 11.63113594 118.34256744 24.75083733 9.78378677 122.07706451 24.78799248 7.67857552 125.57460022 24.81194305 6.68385839 115.05756378 26.96060181 6.97354364 120.09451294 25.95645714 6.57117224 124.73942566 25.23171234 6.5362277 127.2040329 24.79506111 7.4572835 127.91794586 24.43525887 6.08093309 129.3503418 24.47721481 9.99209309 124.75279236 24.25262642 8.7587347 126.38356018 24.35710526 11.16073513 125.58554077 23.66304207 9.78441048 127.14002991 23.87021446 8.33157921 128.58554077 24.0474987 4.05685329 130.19120789 24.65665627 3.13213086 131.86437988 24.39351845 7.45066118 130.4223938 23.86772156 5.17387486 131.11997986 24.26404572 6.79459286 129.91578674 24.18376732 4.63005924 130.67115784 24.46967506 13.61054707 127.22515869 22.06002045 11.93146992 128.62945557 22.53256226 10.15931797 129.90000916 22.96819115 11.56335068 128.39060974 22.81234741 7.75110006 130.64750671 23.7015152 8.02994251 130.85057068 23.53000832 15.61663532 125.94354248 21.17384529 14.81654358 126.70889282 21.44894218 13.98882103 127.44837952 21.72155952 13.13689709 128.15704346 21.98848534 13.29814625 128.2484436 21.83077431 12.41235447 128.91908264 22.10292625 19.00228691 122.87534332 19.570261 17.54573822 124.55045319 20.17235947 15.98906326 126.13751221 20.77720261 15.16904926 126.89608002 21.07906532 14.32087803 127.6282959 21.37838936 14.46837234 127.70088196 21.20520592 16.15477753 126.21575928 20.57748222 15.46876526 127.03445435 20.70528603 13.82508564 128.50184631 21.18889236 13.71196842 128.45617676 21.35090637 14.72388458 127.80903625 20.8559742 14.60286808 127.76127625 21.03104401 15.59755802 127.08415222 20.51712799 13.07532597 129.21054077 21.21247482 12.99533463 129.19136047 21.36345673 14.01136303 128.55519104 20.86211777 13.92503643 128.5349884 21.02594185 14.92355251 127.86483765 20.50336838 14.83094025 127.84369659 20.68006134 15.8104744 127.14221954 20.13865471 15.71162987 127.120224 20.32822418 12.73075771 126.66317749 22.72068596 11.75034714 129.6895752 22.09924316 12.55193424 128.9956665 21.95724869 12.68044853 129.06161499 21.81041336 13.44804478 128.32905579 21.67190361 9.81202412 130.83592224 22.64079094 10.40109444 130.61003113 22.39497566 9.90167141 130.88075256 22.5316658 20.55739784 118.76555634 19.61045265 19.88711929 120.89362335 19.53303719 20.36897087 121.11893463 18.97580147 19.20200157 122.96269989 19.31739235 17.72882843 124.63362122 19.94606018 10.89358139 130.32980347 22.25469398 11.95537567 129.78225708 21.8282814 13.16452694 129.20205688 21.05215073 13.14212227 129.21704102 21.06057739 12.04085922 129.8119812 21.69116402 12.11446095 129.83009338 21.55300522 12.17578411 129.83621216 21.41384506 10.05201817 130.94219971 22.31022263 9.981987 130.91622925 22.42136383 10.56001759 130.67372131 22.16040993 10.48562336 130.64692688 22.278265 11.06040478 130.39588928 22.0072937 9.01465225 131.45021057 22.59678268 10.98229027 130.36808777 22.13155746 14.0836153 128.56202698 20.69746971 15.00124168 127.87197876 20.32596588 15.70396519 127.30748749 20.03002167 15.89358234 127.1496582 19.94849396 6.11455631 131.86195374 23.7976265 5.90234661 131.70079041 23.92106438 5.67360544 131.52209473 24.03996277 6.30839729 132.00366211 23.66967392 5.13299274 132.30361938 23.89774704 3.99319911 132.58874512 24.05160904 2.09901547 133.36997986 24.04360199 1.58916426 132.9291687 24.23927307 5.2956295 132.42498779 23.7931366 4.26768732 132.80183411 23.89102364 4.13668823 132.70213318 23.97304535 7.8321228 131.8651886 23.03721046 8.80117512 131.35211182 22.88967896 8.88135529 131.39312744 22.79331017 3.31286836 133.19943237 23.89879227 4.38494921 132.88647461 23.80551147 5.56834412 132.61105347 23.57176971 6.77544308 132.27059937 23.27551079 9.49042511 130.64848328 22.96087646 9.23547554 130.48274231 23.16797638 9.84637356 129.68920898 23.19566917 11.16117954 128.11895752 23.08638191 12.23694324 126.33164215 23.04182434 12.45770836 123.93505096 23.43876648 6.93594122 132.3114624 23.09575844 1.12058783 133.68902588 23.99714851 1.16560173 133.7225647 23.95165825 0.97434318 133.7610321 23.92530823 6.02313137 132.66073608 23.16724777 4.69163895 133.04707336 23.42801094 9.11509609 131.46829224 22.39618683 10.1636076 130.96295166 22.08359909 16.75705147 126.40024567 19.56840515 16.66854286 126.39253998 19.77132797 17.59132195 125.62671661 19.18772697 17.49743652 125.61877441 19.40340996 18.33368874 124.89550781 18.8380661 18.29928017 124.8214798 19.03549004 1.13824129 15.27967548 49.85062408 0.00040513 15.26868534 49.90529633 0.37562585 0 51.99564743 3.73873091 0 51.56771469 3.50788641 15.36334229 49.41718674 2.56296134 0 51.79687881 2.30811381 15.3116951 49.68748474 2.05317402 0 51.86965942 1.28171253 0 51.94922256 8.56326389 15.73816299 47.29053497 7.26524878 15.6220274 47.9764061 7.68794775 0 50.17189026 4.73542356 15.43321419 49.0410347 5.4683094 0 51.07516479 5.98858929 15.51990986 48.56034088 6.40670252 0 50.73048019 7.27961731 0 50.36093521 3.84420919 0 51.54297638 4.48483276 0 51.37794113 5.12545586 0 51.18751144 10.25043583 0 48.75001907 9.88050175 15.86691856 46.50403976 9.21503544 0 49.37345123 8.9691925 0 49.51173782 12.81291962 0 46.92189789 12.7176218 8.03409004 45.84599304 11.32538223 0 48.03259659 11.21482468 16.00688934 45.6182251 6.75845003 31.65050888 45.20446014 8.04559517 31.86915016 44.52256775 7.41021013 48.3699646 41.35028458 6.16305447 48.06449127 41.99608612 4.96978378 47.79589844 42.55026245 5.51068211 31.4582653 45.7876358 4.30623102 31.29504967 46.26983643 3.83578515 47.56787109 43.00999451 3.14903426 31.16350937 46.64881134 2.76644778 47.38408661 43.37246323 2.04302907 31.06627846 46.92229843 1.76716053 47.24824524 43.63486099 0.99215424 31.00599861 47.08805466 0.84331149 47.16402435 43.79437256 0.00034726 30.9853096 47.14381027 0.00028938 47.13511658 43.84817505 -0.99141759 31.00597 47.08806992 11.42109585 49.47074127 38.89126205 8.70586109 48.70861816 40.61566925 11.79308224 41.02623367 40.42665863 9.05761909 40.36734772 42.21752548 12.10392189 32.65703583 41.90711975 9.36818123 32.11154556 43.74420929 12.35978699 24.36541176 43.31531525 14.26564884 50.32136154 36.84538651 14.64161777 41.76163483 38.29448318 14.93416786 33.26586533 39.71123123 15.15172291 24.83649254 41.07802582 15.29894638 16.48007202 42.37792587 12.56409645 16.15667152 44.6343956 14.04447079 8.11544514 44.76828384 21.89857292 71.009758 27.10222816 18.9876442 69.86120605 29.58683586 19.66453171 61.01206207 30.70547676 16.70617104 59.95931244 33.16980743 17.19641304 51.23098373 34.50056076 17.56553078 42.5480423 35.84166718 17.82741547 33.91692734 37.17457962 17.99289513 25.3402462 38.48139954 18.06796455 16.82590103 39.74508667 8.30757046 57.1317482 38.95597458 10.98003674 57.98608398 37.3186264 10.45959091 66.55986023 35.72667313 13.79545498 58.93963242 35.38204956 13.216959 67.60017395 33.92287445 16.07670784 68.71265411 31.86832428 23.64016151 17.53999138 33.39208603 23.42595673 8.74548721 34.50028229 23.42338371 0 35.02840424 25.6252861 0 31.6875248 27.61932945 7E-08 28.40317917 28.7622776 9.08964634 26.55332184 23.72446632 26.38042259 32.26865005 26.40916634 17.88581657 29.69284058 26.10302925 8.92333508 30.71170425 20.85406494 17.18294525 36.74631882 20.85868263 25.8603363 35.54006195 20.75216103 34.58909988 34.31519699 31.39478683 9.23865318 22.03065872 30.75020599 0 22.75002098 39.04278183 9.52416897 6.33226395 41.47922897 9.54627991 0.40775123 41.5456543 11.54366207 0.49219716 39.39978409 19.05414772 6.38719988 26.56562233 26.88417244 28.68179512 23.67690277 35.26127243 31.1511364 23.48872375 44.17185593 30.05680656 20.52713203 43.35995102 33.08888626 23.14414024 53.10921478 29.00415611 20.17028046 52.17009735 31.87931252 22.62288666 62.06480789 28.01263237 24.75830269 72.12221527 24.43830872 25.53358459 63.0844841 25.11484528 26.07488632 54.01882553 25.89761734 26.41262054 44.95825195 26.76610184 26.57013321 35.91232681 27.7004261 29.14399338 18.20921326 25.65902901 29.35753441 27.35524559 24.79411888 29.40035248 36.5211525 23.9811039 29.26112556 45.69363785 23.23744774 28.9194088 54.86943054 22.58221626 28.34896851 64.03800964 22.03569603 27.51563835 73.16252899 21.61888885 41 0 0 36.97253799 18.93264198 11.65473938 39.54029083 28.58602333 6.5278616 37.19157791 28.40903091 11.47249794 39.46102142 38.11182785 6.77846432 37.19789124 37.88307953 11.39185047 39.14739609 47.61499405 7.15672874 36.97737503 47.33869553 11.43048096 38.57309723 57.09182358 7.6824317 34.44276428 18.74384117 16.62952423 31.8275547 18.49895859 21.3011055 34.69512939 28.13401031 16.17483902 32.07557678 27.7773056 20.62025642 34.74573517 37.5276413 15.80877781 32.13605118 37.0666275 20.01120758 34.58119583 46.90936661 15.5489645 31.9965477 46.35251236 19.4915123 34.17735291 56.27563477 15.41491795 31.63459969 55.63153839 19.08047676 33.50319672 65.61436462 15.42759609 31.02139282 64.89232635 18.79875565 32.51835632 74.88233185 15.60880852 30.11938667 74.09458923 18.66778564 29.54407692 78.66816711 18.66760826 39.28094101 67.03427887 4.79200983 41.70742416 19.09714317 0.83735979 41.72807693 27.37237358 1.28020275 41.32263947 42.67788315 2.3278482 41.05356216 47.71276474 2.74838138 40.49468231 55.4332962 3.47769427 40.33987427 57.20491028 3.66054702 9.64170742 23.94334221 45.17863464 -41 0 0 -38.43744278 0 6.29686832 -39.0426712 9.52416801 6.33225203 -36.5437355 9.4616785 11.91458511 -36.48685455 7E-08 10.8176651 -20.73925972 8.5618372 37.91350937 -20.49964905 0 38.9999733 -19.00286674 5E-08 40.82901001 -20.85797119 25.86024094 35.54010773 -20.8533535 17.1828804 36.74633789 -18.06719589 16.82583046 39.74510574 -18.05321121 8.37821674 40.94589996 -17.93712234 0 42.0468483 -15.68376446 1E-07 44.39043808 -15.37607861 8.20036602 43.59189987 -15.29813099 16.47999573 42.37795639 -6.52439928 9E-08 50.68301392 -5.98771048 15.51985264 48.5603714 -7.68705177 0 50.17185974 -7.26436758 15.62196255 47.97643661 -8.43729115 1.2E-07 49.7976265 -8.56238556 15.73809433 47.29056931 -2.3072629 15.31166649 49.6875 -2.56203866 0 51.79686737 -1.13740849 15.27966022 49.85063553 -1.30147266 1E-08 51.94756317 -4.48391724 0 51.37791824 -3.84329081 0 51.54296112 -3.50702214 15.36330223 49.41720963 -3.20266461 0 51.68260956 -3.07518697 3E-08 51.70737076 -6.40579748 0 50.73045731 -5.7651701 0 50.97166824 -4.73454952 15.4331646 49.04106522 -5.12454319 0 51.18748856 -4.75180769 6E-08 51.30138016 -12.92805386 1.3E-07 46.82950592 -12.71677399 8.03405094 45.84599304 -12.56324673 16.15659523 44.63442993 -20.7514534 34.58897781 34.31526566 -17.99212646 25.3401413 38.48145294 -20.52643204 43.35980225 33.08896637 -17.82664871 33.91679001 37.17465591 -15.15090656 24.83638191 41.07808685 -1.28078735 0 51.94921494 -0.64016211 0 51.98730087 0.00046301 0 52 -41.5456543 11.54366207 0.49219716 -39.39968491 19.05414581 6.38718987 -41.70742416 19.09714317 0.83735979 -39.54019547 28.58601952 6.52785301 -41.72807693 27.37237358 1.28020275 -39.46092987 38.11182404 6.77845764 -41.32263947 42.67788315 2.3278482 -39.14730835 47.61499023 7.15672302 -41.05356216 47.71276474 2.74838138 -38.57302094 57.09181595 7.68242741 -40.49468231 55.4332962 3.47769427 -39.28094101 67.03427887 4.79200983 -34.44246292 18.74382591 16.62950897 -36.972332 18.93263435 11.65472412 -34.69483948 28.13398933 16.1748333 -37.19137955 28.40901947 11.4724865 -34.74545288 37.52761459 15.8087759 -37.19770432 37.88306427 11.3918438 -34.5809288 46.90933228 15.54896927 -36.97720337 47.33868027 11.43047714 -34.17709351 56.27560043 15.41492748 -36.5043869 56.77221298 11.60806179 -33.50295639 65.61431885 15.42760849 -35.74658203 66.17102814 11.94579601 -34.0809288 84.94771576 11.78801346 -35.62075806 75.71440887 10.87016869 -30.11907005 74.09451294 18.66781616 -31.02105713 64.89225769 18.79878426 -31.63424873 55.63147354 19.08050156 -31.9961834 46.35245895 19.49152946 -32.13567734 37.06658173 20.01121712 -32.07518768 27.77726936 20.62025452 -31.82715607 18.4989357 21.30109215 -28.34854317 64.03790283 22.03574371 -28.91896439 54.86933899 22.58225822 -29.26066971 45.69356155 23.23748016 -29.39988327 36.52108383 23.98112488 -29.35705376 27.35519409 24.79412651 -29.1435051 18.20917892 25.65902138 -28.76178551 9.08962822 26.55329514 -27.38859177 1E-08 28.79488182 -18.04302788 97.58821106 25.13350868 -19.67022705 88.8133316 25.63280106 -20.93255997 79.93073273 26.29846954 -24.75781059 72.12207794 24.4383812 -21.89799881 71.00957489 27.10232162 -25.53306961 63.08434296 25.11491394 -22.62229156 62.06464386 28.0127182 -26.07435417 54.01870728 25.89767838 -23.14352608 53.10906601 29.00423622 -26.41207504 44.95814896 26.76615334 -23.48809624 44.17173004 30.05687332 -26.56957626 35.91224289 27.70046234 -23.67626572 35.26116562 31.1511879 -26.56505775 26.88410759 28.68181229 -23.72382355 26.38034058 32.26868439 -26.40859604 17.88577271 29.69284058 -23.63951683 17.53993607 33.39209366 -26.10245705 8.92331123 30.71168137 -23.42531204 8.74545765 34.50026321 -25.62471199 0 31.6874752 -23.21892357 0 35.3224411 -20.16959381 52.16992569 31.87940979 -17.56477165 42.54787827 35.84176636 -14.93335438 33.26572037 39.71131897 -12.35893726 24.36530113 43.3153801 -9.87962914 15.86684608 46.50407791 -10.08420849 7.88504267 47.70264053 -8.9683075 0 49.51169968 -9.64084053 23.9432354 45.17869949 -12.10307789 32.65689087 41.90721512 -14.64081287 41.76146317 38.29459 -17.19566536 51.230793 34.50067902 -16.70544052 59.95910263 33.1699295 -19.66386223 61.01187134 30.70558357 -16.07600403 68.7124176 31.86845016 -18.9869976 69.86099243 29.58694839 -15.28123856 77.48117065 30.61888313 -18.10689735 78.70594788 28.54754448 -14.28292465 86.25463867 29.44813347 -16.97657204 87.53398895 27.61663818 -15.53874397 96.28651428 26.82060051 -7.64737892 110.88991547 27.47574997 -5.89482355 109.8134079 28.20842934 -9.28082085 102.36541748 28.57724571 -7.18855429 101.20956421 29.58366585 -10.58370399 93.72403717 29.79482079 -8.23997879 92.54502869 31.04374886 -11.64371395 85.01548767 31.1056366 -9.11337376 83.8567276 32.56751633 -12.50913429 76.2948761 32.48929214 -9.84413147 75.18553162 34.13557816 -13.21621227 67.59992981 33.92301178 -10.4588213 66.55961609 35.72681427 -13.79468155 58.93940735 35.38218689 -10.97923946 57.98586273 37.31876755 -14.26485634 50.32116318 36.84550858 -11.42027569 49.47053909 38.89139175 -11.79224873 41.02606201 40.42677307 -9.05677605 40.36718369 42.21763992 -9.36732388 32.11140442 43.74430084 -8.04473877 31.86902046 44.52265549 -6.7575984 31.65039062 45.20454407 -5.5098424 31.45815468 45.7877121 -4.30540752 31.29495621 46.26990509 -3.14823318 31.16343307 46.64886475 1.6645577 125.82036591 25.71121979 0.60194033 125.06204987 25.89956856 -6.0568018 91.48869324 32.10842514 -6.74633551 82.81852722 33.81212234 -7.33977747 74.19161987 35.53454208 -7.85502863 65.62754059 37.25605392 -8.30677128 57.13153076 38.95610428 -8.70503712 48.70842743 40.61579895 -7.40939188 48.36978149 41.35040665 -2.76572037 47.38398361 43.37253571 -3.83502436 47.56774139 43.01007843 -3.31302214 64.23246002 39.39556503 -4.96899652 47.79574966 42.55036163 0.88011116 120.64650726 26.84493446 2.41393733 121.66101837 26.49976158 2.32064009 126.32699585 25.5729084 -2.04225731 31.06622314 46.92233658 -0.84267473 47.16398621 43.79439545 0.00023151 63.7033577 40.15102768 0.53397501 80.71466064 36.1447525 1.00612378 89.46481323 34.00588989 3.54397035 133.32305908 23.617733 3.48472118 133.33592224 23.62664604 2.37960958 133.55148315 23.77708435 1.19835365 133.73233032 23.90489388 6.93778467 132.35227966 22.96305275 5.66993141 95.83090973 31.26910019 37.97464371 76.01883698 6.02276087 -37.97464371 76.01883698 6.02276087 37.29958725 79.86560822 6.6160717 33.95372391 94.39292908 9.29817486 -37.6595192 77.86821747 6.30264664 -37.29958725 79.86560822 6.6160717 -36.21441269 85.27233887 7.52664518 -35.6183548 87.92060852 8.00843811 -33.95372391 94.39292908 9.29817486 -33.52877808 95.86560822 9.61608696 -32.91802979 97.87439728 10.06580067 -32.59972 98.87450409 10.29694557 37.6595192 77.86821747 6.30264664 -32.53834534 2.5 0.1155951 35.6183548 87.92060852 8.00843811 36.21441269 85.27233887 7.52664518 -1.49017727 -19.15226555 53.48974609 -2.0079205 -19.17813683 53.38382339 -1.7146318 -28.05669022 53.81913376 -17.7544136 -5.50319481 41.92922974 -15.14364338 -5.37023163 44.68484497 -12.54639435 -5.24589443 47.04143524 -33.10068893 -12.32686138 17.97715569 -35.55766296 -12.46745586 12.9095068 -35.03042221 -18.46932602 14.19097137 -30.77453423 -6.14645147 22.4836731 -33.32449341 -6.2406044 17.52464104 -38.31628799 -6.35991335 6.60931635 -40.78989792 -5.60643864 0.55251122 -40.37577057 -11.11745548 1.63188803 38.15813446 -9.48800945 7.01777411 38.31594467 -6.36730194 6.6105032 35.84044266 -6.32034922 12.23131752 9.74312687 -33.98169708 49.44750214 9.07839108 -38.07520294 50.04676819 11.33273315 -38.77568054 48.32235718 3.61957335 -19.29655266 52.89117432 3.07332015 -19.25070572 53.08421326 2.65225267 -28.15368652 53.54531479 15.14429379 -5.37262535 44.68520355 12.54712105 -5.2476573 47.04168701 8.69147682 -5.08593702 49.80840683 12.38436508 -58.36953735 49.21393204 11.75286388 -58.42984009 49.69857407 11.83780575 -58.43234634 49.49838257 4.6125164 -58.75468445 53.54729843 4.19482088 -58.77897644 53.43473816 4.69634342 -58.76496124 53.41596603 5.86796331 -58.74322128 52.8938446 7.71106911 -58.68011093 52.18800354 7.64933968 -58.68613434 52.12050629 9.17417526 -58.61691666 51.29629135 8.20059013 -58.62514114 52.20990372 8.87408352 -58.58826828 51.86336517 8.78137207 -58.57263947 51.99231339 11.72804832 -58.4419899 49.5814743 10.45573425 -58.53275681 50.61294937 10.37270546 -58.5263176 50.78221512 9.03876972 -58.60960007 51.59027481 8.78058243 -58.48369217 52.19139099 9.09336567 -58.45895386 52.02762222 8.9668293 -58.42897797 52.14860535 8.65849686 -58.45493317 52.30673218 8.83429813 -58.3960762 52.26485825 8.53060436 -58.42337418 52.41742325 8.69603157 -58.36037445 52.37646484 8.39716053 -58.38912582 52.52355576 8.55229187 -58.32200623 52.48352051 8.11462021 -58.31307602 52.72252655 8.40333748 -58.2810936 52.58612061 8.24943066 -58.23777008 52.6843605 7.81289768 -58.2277565 52.90439606 8.09083271 -58.19215393 52.77832794 7.92780256 -58.14437485 52.86812592 8.99093723 -57.98173523 52.33985138 8.46447277 -58.06564331 52.61258316 8.63855171 -58.11730957 52.51243973 3.5282402 -58.60044479 54.11611938 3.83993626 -58.57648849 54.07795715 3.6759522 -58.53156281 54.12918472 1.40330148 -58.55794144 54.23613739 1.86223125 -58.46538925 54.26732635 1.60271013 -58.39015579 54.25750351 1.99424589 -58.27421951 54.2727623 6.87116051 -57.81945801 53.32450867 7.33669567 -57.71422195 53.12744904 6.93567753 -57.5846138 53.26851654 12.47454166 -58.37220764 49.00107574 13.09780216 -58.30575943 48.48909378 13.00240231 -58.30292892 48.71463013 13.43462563 -58.21431351 48.54958344 13.37239265 -58.20635605 48.66207123 12.78072453 -58.28081894 49.14803314 13.17069626 -58.17436218 48.99086761 13.09860992 -58.16106415 49.09761429 12.81108475 -58.20036697 49.32944107 15.95319843 -57.78488922 46.20699692 16.21869278 -57.72594833 45.9356842 16.14153671 -57.71592712 46.08004761 15.10637665 -57.84818649 47.27396774 14.83880806 -57.90102768 47.52630234 14.91828728 -57.91492462 47.39907837 13.77978611 -57.99942017 48.614151 14.05103874 -57.95182419 48.37823105 13.96479893 -57.9329567 48.49339294 15.18745708 -57.86238861 47.14353943 15.45382595 -57.80756378 46.88586807 15.37115192 -57.7930603 47.01950455 11.61361885 -58.13579941 50.51370621 11.89282703 -58.09576035 50.31238556 11.71586895 -58.04948044 50.48742676 12.25614357 -58.07632828 50.01570129 12.34179688 -58.09747314 49.921772 12.61816788 -58.05532074 49.70870209 16.40295792 -57.6542511 45.81005096 16.83360291 -57.51052475 45.41723251 16.57873154 -57.57775116 45.68759537 16.66182327 -57.58994675 45.53822708 16.90486526 -57.40979767 45.4525795 16.80987358 -57.39177704 45.60416412 16.31188774 -57.53070831 46.12715149 16.21725464 -57.51165009 46.27083969 16.05920029 -57.59610367 46.38606644 19.86764717 -56.61650467 41.58433914 20.33377075 -56.4038887 40.9838295 20.24080467 -56.3956604 41.18248749 18.35253716 -56.92399979 43.82738113 18.45374489 -56.9418335 43.65486145 18.92190742 -56.75488663 43.09588623 18.14087105 -56.88258362 44.16831207 18.03052521 -56.85906601 44.33672333 17.56628036 -57.0352478 44.86442947 17.74476814 -56.48690796 44.82539368 18.59344482 -56.05966568 43.82625198 18.31077194 -55.98144531 44.18253708 9.80378532 -57.73090744 51.87536621 9.58779812 -57.66233826 51.99931335 9.10215759 -57.76593018 52.28107452 11.30135441 -56.85951996 50.79083252 12.09878159 -56.54331589 50.1612587 10.86897278 -56.10414505 50.89823151 2.32011771 -57.89501572 54.24638748 1.99709129 -58.03948975 54.25751877 2.38231802 -58.15409088 54.26941299 8.58999825 -53.92176056 51.71815491 7.8602314 -53.64476776 52.04127502 6.97162151 -54.66478348 52.63469696 0.66936719 -51.28610229 54.18237686 0.75691056 -49.88695145 54.19193649 0.35011277 -49.83173752 54.23731613 1.21672225 -49.97600937 54.11669159 22.30086327 -55.44351196 38.11971283 22.39292717 -55.44480515 37.89177322 22.82147026 -55.17729187 37.26935577 21.42361259 -55.95053101 39.35138702 21.51062775 -55.95178223 39.13616943 21.95621109 -55.70339584 38.51397324 22.72688484 -55.1759758 37.50365829 22.62834358 -55.17205429 37.73684311 22.20488358 -55.43965149 38.34650803 23.55666161 -54.61789703 36.26996994 23.45300865 -54.61385727 36.51594543 23.04424858 -54.89661407 37.12666321 21.24532318 -54.58678818 40.35908127 21.97841835 -54.00556946 39.32100296 21.32327652 -53.83470917 40.25363159 23.3690834 -52.75201416 37.24514008 25.51408577 -53.09112167 33.18315125 25.39772415 -53.0868187 33.46108627 24.63935852 -53.72279739 34.68175125 26.29283142 -51.65030289 32.24159241 25.99585533 -51.61049271 32.83885956 24.61594009 -53.0035553 35.10842133 29.14217567 -48.36248398 27.01091385 29.7365551 -48.38673019 25.59417915 30.40398407 -47.35053253 24.30489159 29.10704422 -49.28423309 26.7841301 27.76329422 -48.17778015 29.80700493 26.98743439 -48.02351379 31.18199921 25.86705971 -49.77573395 33.16221237 30.60915565 -44.35112381 24.29385376 28.96232414 -44.08794403 27.46731377 28.01709175 -46.12049866 29.2813282 24.28903008 -45.16763687 34.98248672 25.09492493 -43.14858627 33.56287003 22.94185638 -42.52099609 36.44284439 0.84285504 -48.41352463 54.19718552 0.92731988 -46.86894989 54.19776535 0.43283236 -46.80584335 54.26747131 -0.48917019 -53.85200119 54.15085602 -0.39576945 -55.0147438 54.1297493 5.788E-05 -54.97595215 54.13432693 -0.31308326 -58.4732933 54.0765686 -0 -58.81288147 54 -0.12212402 -58.42834854 54.03397751 -0.9240182 -57.73167801 54.15631866 -0.62098795 -58.11283493 54.12819672 -0.41780955 -58.06122971 54.09188843 -2.77246332 -53.18682861 53.81957626 -3.31191468 -53.3614769 53.70082474 -2.83802581 -54.48231888 53.87343979 -0.40699255 -58.71333313 54.0949173 -0.27631465 -58.67721558 54.07013702 -0.47305495 -58.73167801 54.10310364 -1.51352417 -56.90740204 54.14850998 -1.79486215 -56.4643364 54.11862183 -2.11012506 -56.55759048 54.1132431 -1.78040981 -56.98427582 54.15573502 -2.43907213 -56.65738678 54.1036377 -2.77974796 -56.76277924 54.08905411 -3.13019872 -56.87284851 54.06873703 -2.64455652 -57.24416733 54.15821075 -2.31708932 -57.89506531 54.24741745 -2.63575244 -57.74603653 54.22274017 -3.14322615 -57.90099335 54.21083069 -3.88252187 -57.63021469 54.08882904 -3.48846889 -56.98665619 54.04192352 -3.85260367 -57.10326385 54.00785446 -3.25685549 -57.43411255 54.1363945 -4.22064877 -57.22174072 53.96578217 -4.59064913 -57.34115219 53.9149437 -4.84692526 -56.8921814 53.77434158 -5.45050907 -56.54176712 53.54618835 -5.92555571 -56.70351791 53.43619919 -0.79559922 -43.53654099 54.23639679 -1.09280217 -43.57610703 54.18145752 -0.92738426 -46.86857605 54.19710541 -5.89982748 -37.16213989 52.12095642 -6.92875004 -37.43925476 51.49652863 -6.33519268 -41.24309158 51.93074417 -8.35292435 -41.87742615 50.67343903 -0.53767109 -58.74944687 54.10700607 -0.50563425 -58.74067307 54.10565948 -3.43037629 -58.23042679 54.20829391 -2.95514894 -58.32489395 54.25072479 -2.76530099 -58.2687149 54.26290512 -6.40060282 -56.86527634 53.31350708 -6.87318754 -57.02576065 53.17744446 -6.11579561 -57.31279755 53.50470352 -7.34084606 -57.18371964 53.02732849 -7.80111504 -57.33787918 52.86248016 -6.94322586 -57.58404541 53.26329041 -8.25153065 -57.48698044 52.68222046 -9.31829929 -57.82928848 52.1597023 -9.11295128 -57.76493454 52.27275848 -10.07531071 -57.55117416 51.69483948 -1.56842828 -58.80362701 54.00618362 -1.49732101 -58.7910347 54.07562256 -6.31115198 -58.5849762 53.33328247 -5.64180851 -58.62273788 53.54112244 -5.46239805 -58.57841873 53.65827942 -9.11752605 -58.61468506 51.44165421 -9.18145466 -58.61653519 51.29199982 -7.61152458 -58.68758392 52.13901138 -10.74065399 -57.76108551 51.27406311 -10.52414227 -57.69391251 51.41906357 -11.48230648 -57.47062683 50.75276947 -13.21256351 -57.73312378 49.34606171 -13.10643959 -57.70322418 49.44897842 -13.60325146 -57.58963013 49.03134155 -15.48862648 -57.04239273 47.28300858 -14.56532955 -57.33580017 48.17153168 -14.32227516 -57.26404572 48.41158295 -16.68014717 -57.08426666 45.95863724 -16.2100029 -57.24072266 46.45184326 -15.97921944 -57.18040848 46.73441315 -11.94135857 -58.30686951 49.99596786 -12.5357523 -58.2361908 49.54520035 -12.67086029 -58.26010513 49.34278107 -12.298666 -58.36019135 49.40930939 -11.67185783 -58.42123413 49.88268661 -11.56812 -58.40908051 50.07135773 -15.84912872 -57.85066986 46.17086411 -15.2970438 -57.95681 46.71865845 -15.23148155 -57.95085526 46.85316467 -16.74121857 -57.36408615 45.72119904 -16.6404171 -57.34267426 45.87010574 -17.12419319 -57.1896286 45.35067368 -20.33650589 -51.82315826 41.21624374 -21.45446777 -50.37650681 39.57381439 -23.16772842 -50.89901352 37.38407898 -20.37328911 -56.38539124 40.93148041 -20.28026962 -56.37718201 41.13020325 -20.73390198 -56.15028381 40.5338707 -20.86097908 -55.87195969 40.56474686 -20.97014618 -55.88743591 40.35679626 -20.53172112 -56.12665176 40.94048309 -20.8296032 -56.15866089 40.3286972 -20.92162895 -56.16469193 40.12228394 -20.46268463 -56.3913002 40.7314949 -21.00992393 -56.16833496 39.91464615 -21.461689 -55.9299202 39.2987175 -21.54871559 -55.93117142 39.08349228 -21.90428734 -55.68042374 38.6824379 -21.99383926 -55.68169403 38.46084595 -23.59494972 -54.59119797 36.21172333 -23.68875313 -54.59663391 35.97356033 -23.28030586 -54.87658691 36.58984756 -25.40382004 -51.45093536 33.94047546 -26.04294395 -51.56111908 32.7567482 -24.65775299 -52.96722412 35.03944016 -24.93404961 -53.00544739 34.49399185 -30.63514709 -44.29932022 24.24022865 -30.32431602 -46.39490128 24.73055267 -29.6255455 -46.3250885 26.23854446 -29.19013023 -48.2909584 26.91916656 -28.51075935 -50.06776047 27.88779259 -28.24190712 -50.06172562 28.54662704 -28.54088402 -50.02965927 27.83258247 -28.58658028 -49.18599701 28.04881287 -26.70100212 -50.79072189 31.62597466 -27.30033112 -50.85983276 30.37511444 -26.62177086 -51.62942505 31.55781364 -27.57592201 -50.87754822 29.74475479 -26.88722229 -51.64693832 30.95315361 -27.83473778 -50.88353348 29.11141014 -27.13598824 -51.65285492 30.3453064 -27.95623016 -50.04386902 29.20265961 -27.33658409 -49.97422409 30.50534439 -28.53050423 -48.22087097 28.32493591 -27.8101387 -48.10781479 29.71726608 -28.05173874 -46.06011581 29.21219635 -26.41430664 -52.37589264 31.58686638 -26.1756115 -52.37006378 32.16920853 -26.20685768 -52.57148743 31.93756866 -25.55640793 -53.05438614 33.11339951 -25.66862679 -53.05582428 32.83454132 -24.89818954 -53.69644165 34.08595657 -25.92034149 -52.35282516 32.74814606 -26.34016418 -51.60069275 32.15908051 -25.19498062 -53.03319168 33.94458008 -25.4400177 -53.05010605 33.3913765 -24.67968559 -53.6908493 34.61727524 -24.79100037 -53.69503784 34.35208893 -24.00009155 -54.30018997 35.5921402 -24.10224915 -54.30155563 35.33873367 -23.92881584 -53.60982513 36.18748093 -23.64848709 -53.56257248 36.70248413 -24.06117821 -52.86081314 36.1178093 -23.89386559 -54.29610825 35.84453583 -24.56430817 -53.68392944 34.88149643 -22.33831024 -55.42064285 38.06578827 -22.43038368 -55.42193604 37.83783722 -22.764431 -55.15189362 37.44855118 -22.85902977 -55.15320587 37.2142334 -23.18318748 -54.8752594 36.83052444 -23.49127197 -54.58717346 36.45772171 -23.08206367 -54.87129211 37.07013702 -22.66586494 -55.14798737 37.68176651 -22.97699928 -54.86473083 37.3086586 -23.2720623 -54.57127762 36.94654846 -23.6694603 -54.27999115 36.34623718 -23.78363419 -54.28936386 36.0959053 -24.44493866 -53.67431641 35.14472961 -23.17465591 -54.21712875 37.33685303 -24.19447327 -53.64719009 35.66818237 -23.42955208 -54.25355148 36.84371567 -23.55141258 -54.2680397 36.59551239 -22.75530434 -54.84399796 37.78240204 -22.24230576 -55.41680145 38.29261017 -22.56339455 -55.14152527 37.91386795 -22.86805916 -54.85561752 37.54608536 -21.81085014 -55.67664337 38.90286255 -22.14243507 -55.41043854 38.51828766 -22.45708275 -55.13254929 38.14484024 -21.93134117 -55.39033127 38.96617126 -22.03875732 -55.40159988 38.7428093 -21.61255646 -55.66169739 39.3401947 -21.7135849 -55.67038345 39.1221199 -21.27617264 -55.9200592 39.72558212 -21.370821 -55.9262085 39.51274872 -21.17780304 -55.91152191 39.93720627 -21.50782776 -55.65061188 39.5570755 -21.82024384 -55.37667084 39.18835831 -22.63879776 -54.82991409 38.0175972 -21.58725929 -55.34233093 39.62917328 -22.39479065 -54.79450226 38.48456192 -21.34030724 -55.2989006 40.06516647 -22.13654518 -54.74972534 38.94688416 -21.07988358 -55.24671555 40.49625397 -21.57937241 -54.63339615 39.85717392 -21.86456871 -54.69591141 39.40445709 -22.01553345 -53.9785347 39.26343536 -22.62196922 -54.11572647 38.30957794 -20.93080521 -55.5606842 40.62332916 -21.17204094 -55.60340118 40.20049667 -20.51287079 -55.81229019 41.18112946 -20.7483387 -55.85424805 40.77145767 -20.08592987 -56.05292511 41.7385788 -20.31556892 -56.09409332 41.34206772 -19.41280937 -56.23332977 42.6738472 -19.16386986 -56.17702866 43.0467453 -19.84328079 -56.00344849 42.12995911 -20.0029068 -55.70328522 41.98524475 -24.7087059 -51.30186081 35.10736465 -23.40950012 -52.71683884 37.17837524 -23.35401344 -53.50579071 37.21305084 -22.9052906 -54.17107391 37.82551193 -21.95778084 -52.32777786 39.24081802 -22.70695305 -52.53819656 38.21981812 -21.35948372 -53.80830765 40.19742584 -21.28146172 -54.56251907 40.30493546 -20.80648613 -55.18609238 40.92235947 -20.26423264 -55.76186371 41.58574295 -19.91345024 -54.95684052 42.1699295 -20.52061462 -55.11735535 41.34339523 -19.14769745 -55.48177719 43.15242004 -19.72938347 -55.63687134 42.37956619 -18.90305138 -56.11318588 43.41435623 -18.57139778 -54.55275345 43.75853348 -19.13499832 -53.12694168 42.870327 -19.2623806 -54.7677803 42.97519684 -20.65795708 -53.60779953 41.11056519 -17.75047874 -55.788517 44.83105469 -19.60338402 -49.75828171 41.66350555 -15.62557602 -48.33037567 45.490448 -15.72525692 -51.922966 46.09607697 -13.90462399 -51.24389648 47.5462265 -14.65746593 -53.17911148 47.32302856 -12.95219707 -52.5388031 48.57209396 -13.50207138 -54.31303787 48.54222488 -11.9237442 -53.71834564 49.59060669 -21.09442329 -56.16956329 39.70578384 -20.98099327 -56.22651291 39.85908508 -20.54839706 -56.39487076 40.53025055 -20.63036919 -56.39606857 40.32775116 -20.07654572 -56.60891724 41.14542007 -20.15598488 -56.61009216 40.9492836 -19.59537506 -56.80975342 41.75793076 -19.81633949 -56.59161758 41.72611237 -19.90666199 -56.59964752 41.53384018 -19.34311485 -56.79286575 42.31936264 -19.67228127 -56.81090164 41.5681572 -19.54483986 -56.86097717 41.72871017 -19.35172081 -56.90498734 42.06237411 -19.42736053 -56.9061203 41.87578201 -19.10596275 -56.99682236 42.36556244 -19.18033791 -56.99794006 42.18215179 -18.85806274 -57.0853157 42.66743469 -18.93116951 -57.08641434 42.48720551 -18.60797501 -57.17051697 42.96794128 -18.67981339 -57.17160034 42.79088974 -18.35566139 -57.25248718 43.26703262 -18.17038155 -57.33234406 43.39396667 -18.10107994 -57.33129501 43.5646553 -17.65167236 -57.48077393 43.99088287 -17.58490944 -57.47975922 44.15521622 -17.12328339 -57.61754608 44.58112717 -17.05906105 -57.6165657 44.73910141 -16.90578651 -57.66992569 44.81886673 -16.52313995 -57.74236679 45.31578445 -18.86167145 -56.98036957 42.90774918 -18.77337456 -56.97063828 43.08578873 -18.61776352 -57.0690918 43.20000076 -18.28616524 -57.14506149 43.66247559 -18.37167549 -57.15452576 43.49089432 -18.03925896 -57.22740936 43.94873428 -18.1233654 -57.23673248 43.78038025 -17.79009056 -57.30660248 44.23352814 -17.8727951 -57.31578064 44.06839371 -17.53861237 -57.38272858 44.51678467 -17.61991119 -57.39176178 44.35486984 -17.28477669 -57.45586777 44.79844666 -17.36466599 -57.46474838 44.63975143 -17.02853203 -57.52609634 45.07844543 -17.10700607 -57.53482437 44.92296219 -16.7698307 -57.59350204 45.35671616 -16.84688377 -57.60207367 45.2044487 -16.50861931 -57.65816116 45.63319397 -16.5842514 -57.66657639 45.48413849 -16.24485016 -57.72015762 45.90781403 -16.31905556 -57.72841644 45.76196671 -15.70942593 -57.83652115 46.45119858 -20.42536163 -56.11146545 41.14190674 -20.083601 -56.35402679 41.52384186 -19.98006821 -56.3391571 41.71873474 -19.62521553 -56.56897354 42.10676575 -19.52453423 -56.55442429 42.29513931 -19.15757179 -56.77075958 42.68704605 -19.05976295 -56.75656128 42.8689003 -18.5868187 -56.94499969 43.43782806 -18.48867226 -56.9291687 43.61182022 -18.01019096 -57.10475159 44.16901779 -18.38735771 -56.91137695 43.78446579 -18.95866966 -56.74030685 43.04942322 -19.31322098 -56.51906967 42.66795731 -19.42051506 -56.53777695 42.48220444 -19.76290512 -56.3030014 42.10467529 -19.87314987 -56.32213593 41.9123497 -19.64939499 -56.28180313 42.29570007 -18.85435104 -56.72204208 43.22861862 -18.74687004 -56.70179749 43.40647507 -19.2027092 -56.49832916 42.85239792 -19.08903694 -56.47560501 43.03551865 -21.39945793 -55.6371727 39.7727623 -18.28641701 -56.60176086 44.104496 -18.52263069 -56.65551758 43.75817108 -18.06495857 -56.84656906 44.29426956 -18.17544365 -56.87004089 44.12569046 -17.70620918 -57.04727554 44.66323853 -17.8105545 -57.06828308 44.49986649 -17.32943153 -57.23213577 45.03841019 -17.42766571 -57.25073242 44.88019943 -17.91190147 -57.08745575 44.33512878 -18.28292847 -56.89165497 43.95575333 -18.63627434 -56.67961121 43.58299637 -18.97226524 -56.45092392 43.21731186 -18.72964668 -56.39585495 43.57691193 -18.03868484 -56.54080582 44.44542313 -16.43136024 -57.54130554 45.95162201 -16.17619705 -57.60692978 46.21519852 -16.08587646 -57.58987808 46.35716248 -16.83919144 -57.38380432 45.57089996 -16.9342823 -57.40179825 45.41920471 -16.68403816 -57.47295761 45.68627167 -16.33943939 -57.52394104 46.09682465 -16.24470329 -57.50490189 46.24061966 -17.22825432 -57.21175766 45.19523239 -17.59891701 -57.02445602 44.82523727 -17.83521652 -56.79419708 44.62735367 -17.37572289 -56.97354507 45.14512634 -17.14141273 -56.9158287 45.45952988 -16.90761948 -57.14025116 45.65741348 -16.32158089 -57.26858902 46.30848694 -16.79521751 -57.11307144 45.80871582 -16.43054581 -57.29489517 46.16374969 -16.14720154 -57.48423004 46.38301468 -15.64416122 -57.61493683 46.88890457 -16.58481979 -57.74331284 45.1641655 -16.03586388 -57.85876083 45.73945618 -15.97672653 -57.85785294 45.88471985 -15.47588253 -57.96456146 46.30634689 -15.41929245 -57.96369171 46.44525528 -15.35966301 -57.96109772 46.58269119 -15.914464 -57.8551445 46.02852249 -16.45825005 -57.73954773 45.46595383 -19.99341774 -56.60542297 41.340271 -19.51483917 -56.80634308 41.94638824 -19.27248192 -56.90161896 42.24764252 -19.02802277 -56.99349976 42.54763412 -18.78142166 -57.08203888 42.84630966 -18.53263474 -57.16728973 43.14362717 -18.28162384 -57.24930573 43.43952942 -18.02834511 -57.32815933 43.7339592 -17.77274895 -57.40394211 44.02684784 -17.51478386 -57.47672653 44.31813812 -16.99155235 -57.61363602 44.89564514 -14.7932663 -58.05805206 47.12776947 -14.85025597 -58.06053162 46.99669266 -14.26904202 -58.14900208 47.53834915 -15.90273571 -57.76977158 46.32172012 -16.16764259 -57.71014786 46.05223083 -16.4299469 -57.64795685 45.78082657 -16.68969917 -57.58310699 45.50756454 -16.9469471 -57.51551437 45.23251343 -17.20174217 -57.44509888 44.95573807 -17.45413208 -57.3717804 44.67730331 -17.70417023 -57.29547501 44.39727402 -17.95190239 -57.21610641 44.11571503 -18.19737816 -57.1335907 43.83269501 -19.43073273 -56.80070496 42.13353729 -19.1897049 -56.8960495 42.43157959 -18.94657326 -56.98800278 42.72836304 -18.70130348 -57.07661819 43.02383423 -18.45384979 -57.16194534 43.31794357 -18.20417213 -57.24404144 43.61064529 -17.95223236 -57.32297897 43.90186691 -17.69797516 -57.39884186 44.19155884 -17.44135094 -57.47171021 44.47964859 -17.18231201 -57.54166794 44.7660675 -16.92080879 -57.60879898 45.05075836 -16.39020538 -57.73488617 45.61467743 -15.78076553 -57.8444519 46.31175613 -15.16302681 -57.94326019 46.9862175 -21.07577133 -55.90063477 40.14761353 -20.63458824 -56.13960266 40.7378006 -20.18368721 -56.36671448 41.32765961 -19.72250175 -56.58138657 41.91708755 -19.25204086 -56.78287506 42.5038681 -18.68173599 -56.9588356 43.26248169 -18.10536957 -57.12014008 44.00153732 -17.61508942 -57.28243256 44.55963516 -17.36652565 -57.35894775 44.83642578 -17.11561394 -57.43247604 45.11162567 -16.86230087 -57.50310898 45.38516998 -16.60654068 -57.57092285 45.65699387 -16.34828377 -57.63599777 45.92703247 -16.08748055 -57.69841766 46.19522476 -15.82407951 -57.75826645 46.46149826 -15.55801868 -57.81563568 46.72576904 -15.63516045 -57.82690811 46.58920288 -15.28922462 -57.87060928 46.987957 -15.36484814 -57.88164139 46.854599 -15.01762676 -57.92325592 47.24798203 -15.09172535 -57.9340477 47.11782074 -14.46573257 -58.02190399 47.76117706 -17.52290344 -57.26750565 44.72060776 -17.02644157 -57.4180336 45.26611328 -16.77464676 -57.48891449 45.53642273 -16.52041054 -57.55698013 45.80501556 -16.26368332 -57.62231064 46.07182312 -16.00441742 -57.68498993 46.33678818 -15.74255943 -57.74510574 46.59984207 -15.47804832 -57.802742 46.86090469 -14.6706295 -58.04826736 47.38550568 -14.7333746 -58.05395508 47.25737 -14.15754509 -58.14274216 47.7863121 -14.05632973 -58.18667221 47.6529808 -14.32053375 -58.14979553 47.41213989 -14.90429878 -58.06136322 46.86413574 -13.01832962 -58.30112457 48.70121384 -13.56891251 -58.2237854 48.30473709 -13.6233139 -58.22748566 48.18783951 -14.21469688 -58.14664459 47.66306686 -12.91248608 -58.29275513 48.92086411 -13.45215321 -58.21207809 48.5341301 -13.51184368 -58.21863937 48.4201622 -14.03499794 -58.13041687 48.02839661 -14.0976305 -58.1373291 47.90808487 -12.79655075 -58.27902222 49.13469315 -13.32507992 -58.19480515 48.75771332 -13.38988495 -58.20412445 48.64664078 -13.90176296 -58.11222076 48.26466751 -13.96969318 -58.12203979 48.14725876 -14.53676033 -58.03221512 47.63740158 -14.60507488 -58.04101181 47.51218033 -11.76635838 -58.42864227 49.68829727 -12.39885235 -58.36808395 49.20230865 -15.21081161 -57.85798264 47.11988449 -14.94077873 -57.91090012 47.37670517 -14.66787815 -57.96158218 47.63127518 -14.39203739 -58.01010513 47.88351059 -13.83125019 -58.10097885 48.38063812 -15.13088703 -57.73545837 47.38722229 -15.03752327 -57.71485901 47.51527786 -14.07151794 -57.94853973 48.3585968 -13.98518753 -57.9296875 48.47384262 -14.34063816 -57.89857101 48.11912537 -14.25253201 -57.87927246 48.23756027 -14.60686016 -57.84645081 47.87734985 -14.51698971 -57.82671738 47.99898148 -14.87025261 -57.79210663 47.63335419 -13.89647102 -57.90950394 48.58768845 -14.42465973 -57.80558777 48.11920547 -14.13339233 -57.73410034 48.47154999 -14.23281288 -57.75925064 48.35548782 -13.7120657 -57.86524582 48.81121063 -14.32991791 -57.78308868 48.23804092 -13.8054142 -57.88801575 48.70014191 -13.62799549 -57.95833206 48.81842041 -13.71488571 -57.97803879 48.70774841 -13.79942608 -57.99644089 48.59568405 -15.8297863 -57.65317535 46.61566925 -15.91850281 -57.66989899 46.47693634 -15.57112503 -57.71391296 46.87227249 -15.65822411 -57.73030853 46.73676682 -15.30982494 -57.77218246 47.1268959 -15.39530087 -57.78824997 46.99460983 -15.04581642 -57.82806015 47.37945557 -15.12965965 -57.84378815 47.25038147 -14.77902889 -57.88162994 47.62986374 -14.8612299 -57.89701462 47.5039978 -14.50938988 -57.93296051 47.8780365 -14.58994102 -57.94800949 47.75536728 -14.23683071 -57.9821434 48.12389374 -14.31572056 -57.99683762 48.0044136 -13.96127892 -58.02924728 48.36734009 -14.03849888 -58.04359436 48.25104904 -13.68266296 -58.07435226 48.60829926 -13.75820255 -58.0883522 48.49518204 -13.40090275 -58.11753082 48.84667206 -13.18804264 -58.17214584 48.97555923 -13.11589622 -58.15885544 49.0823555 -13.04138947 -58.14429092 49.18774033 -13.32465172 -58.10257721 48.95521164 -13.60467911 -58.05900574 48.72000122 -13.88157368 -58.01351929 48.48221588 -14.15541363 -57.96603012 48.24195099 -14.4262743 -57.91647339 47.99929047 -14.69422245 -57.86476517 47.75431442 -14.95933056 -57.81082535 47.5071106 -15.22167015 -57.75457764 47.25776672 -15.48131084 -57.69594574 47.00636673 -15.73832321 -57.63484192 46.75299072 -13.1796608 -57.96302414 49.25756836 -13.26919365 -57.98471069 49.15282059 -12.99650288 -58.03015518 49.3754158 -13.35650635 -58.00517273 49.04670334 -13.08192348 -58.05010223 49.27244186 -13.44155502 -58.02439499 48.93919373 -13.16511726 -58.06883621 49.16808701 -13.52429485 -58.04234695 48.83029938 -13.2460413 -58.08633804 49.06234741 -12.23862553 -58.17405319 49.93332672 -12.39156151 -58.20744324 49.74201965 -11.65908623 -58.24829483 50.35923767 -11.8044138 -58.2797699 50.18033218 -11.06695271 -58.31618118 50.77053833 -11.20456123 -58.34573364 50.60390091 -10.46390152 -58.3780098 51.16447449 -12.88547134 -58.11142731 49.39431763 -12.80414581 -58.0931778 49.49552917 -12.72063541 -58.07375336 49.59536362 -12.63498402 -58.05316544 49.69383621 -12.96456623 -58.12847137 49.29172134 -16.89643478 -56.8515625 45.76845169 -17.77989769 -56.47294617 44.78092957 -17.59415436 -56.73481369 44.95499802 -16.64123154 -56.78103638 46.07188034 -17.51051712 -56.39847183 45.11099243 -18.63082504 -56.04211426 43.77663422 -18.34767342 -55.96411133 44.13354111 -16.44221687 -57.02193832 46.25434875 -15.94411564 -57.43811035 46.66362 -15.83863449 -57.4127121 46.80183029 -15.7305975 -57.38581085 46.93865585 -15.6200552 -57.35742188 47.07408905 -15.50706387 -57.32758713 47.20814514 -15.27393246 -57.26368713 47.47211838 -15.7386179 -57.11421204 47.01145935 -15.44794464 -57.57052231 47.15652084 -15.34599209 -57.5460701 47.28823853 -15.24154663 -57.52016068 47.41856003 -15.13465595 -57.49282837 47.54750061 -15.02537251 -57.46409607 47.67505264 -14.91374779 -57.43400192 47.8012352 -14.79983139 -57.402565 47.92603302 -16.94181061 -56.23081207 45.75471497 -17.2310009 -56.31766129 45.43560028 -16.37624931 -56.70450974 46.36981201 -17.11527252 -55.58880997 45.50656891 -17.84448814 -54.3143692 44.51927567 -16.10193062 -56.62226486 46.66225052 -15.22967243 -56.96520233 47.54907227 -15.52706718 -56.44169617 47.2306366 -14.96218204 -56.88290024 47.80966949 -17.47974014 -52.55799103 44.53480148 -16.2988739 -53.77788925 45.97032166 -16.44585037 -55.36740875 46.15974045 -14.31592751 -57.53147507 48.37269974 -14.42595768 -57.5616684 48.25434875 -14.53375435 -57.59057617 48.13462448 -14.63927078 -57.61817551 48.01352692 -14.74245453 -57.64442825 47.89105225 -14.8432579 -57.66931152 47.76718521 -14.94163132 -57.6927948 47.64192963 -15.54735088 -57.59348679 47.0234108 -16.04698944 -57.46195984 46.52401352 -16.53684044 -57.31959915 46.01762009 -17.01729584 -57.16578293 45.50473404 -17.48873711 -56.99987411 44.98586655 -17.95153046 -56.8212738 44.46149063 -14.0317049 -57.70767212 48.58623886 -13.61646938 -57.84122467 48.92090607 -13.92779827 -57.67997742 48.69955444 -13.51867485 -57.81597519 49.02923584 -13.08795452 -57.94014359 49.36094666 -14.08936977 -57.46735382 48.60531616 -13.85447979 -57.39843369 48.83250809 -13.82172203 -57.6510582 48.81150818 -13.71352386 -57.62092972 48.92210388 -13.31667519 -57.76189804 49.24180222 -13.41872883 -57.78952408 49.13619614 -12.89820194 -57.89090729 49.56362915 -12.99411964 -57.91609573 49.4629631 -12.45742989 -58.0086174 49.88671875 -12.54723454 -58.03144836 49.79095078 -12.07728004 -58.13619232 50.11918259 -12.70029831 -57.83719254 49.76092911 -12.80024624 -57.86459732 49.66294861 -12.27183533 -57.95972443 50.07424164 -12.3656168 -57.98470306 49.98114777 -11.90786171 -58.09404373 50.29967499 -11.73070621 -58.0477829 50.47487259 -11.63933277 -58.02317047 50.56050873 -12.1761322 -57.93370819 50.16601562 -12.07854843 -57.90667725 50.25647736 -12.59840202 -57.80871964 49.85758591 -12.49460506 -57.77920151 49.95291901 -12.8883419 -57.64015961 49.65081787 -13.27267075 -56.93185806 49.31793976 -13.8121357 -57.10651016 48.87546158 -12.90076351 -57.37867355 49.65874863 -13.14238548 -57.45322037 49.45491791 -12.66275787 -57.57292175 49.84737015 -13.37667751 -57.52361298 49.2457962 -11.17602539 -58.12926865 50.86401367 -11.54615116 -57.99759293 50.64484787 -11.97912884 -57.87865067 50.34563446 -12.38895035 -57.74866104 50.04693985 -12.1722517 -57.68462372 50.23107147 -11.94867134 -57.61680603 50.41004562 -12.65219593 -57.30018234 49.85734177 -14.07107449 -57.18753433 48.64620972 -14.68658352 -56.79573441 48.06481171 -14.92019558 -56.24150467 47.77700424 -15.74601936 -55.12672043 46.7902298 -13.72394562 -58.23048019 47.94960785 -13.11374569 -58.30395126 48.47566986 -12.48904228 -58.37075043 48.98944473 -11.85131359 -58.43114471 49.48810577 -11.68029118 -58.44612122 49.61738968 -9.54372311 -58.59670258 51.07410812 -10.46696091 -58.53198242 50.60535431 -10.54142094 -58.5341568 50.43045807 -10.83014107 -58.44918823 50.68497086 -10.93621063 -58.46483231 50.51433563 -11.03378773 -58.47618866 50.33815765 -12.18880749 -58.34724808 49.61053467 -11.45545197 -58.39234161 50.25439453 -10.71587086 -58.4294014 50.85014725 -12.06959724 -58.32941818 49.80605698 -11.33416271 -58.37117386 50.43188095 -10.59369373 -58.4056282 51.00994873 -13.2577858 -58.18413544 48.86734772 -10.3267889 -58.34669495 51.31380844 -10.92164707 -58.2826767 50.93188477 -11.50569725 -58.21260834 50.53276825 -6.19579554 -58.72698975 52.92490387 -6.08457518 -58.7130928 53.10250092 -7.51374102 -58.65798569 52.53211975 -5.83037043 -58.74419785 52.90801239 -4.16058636 -58.77955627 53.44392395 -4.60889101 -58.75475693 53.54840088 -3.10408378 -58.78443527 53.85246658 -2.96292162 -58.75883102 53.99648285 -3.68441701 -58.73873138 53.90181732 -3.20577765 -58.79349518 53.66986084 -2.56926918 -58.80057907 53.78796387 -1.02698123 -58.81097412 53.96615219 -5.9542613 -58.69068146 53.26393509 -5.80621767 -58.66036224 53.40990829 -6.49524307 -58.62757492 53.18201447 -7.2630353 -58.6116333 52.83523178 -7.35210323 -58.6296196 52.73863983 -7.43574142 -58.64509964 52.63763809 -11.34457016 -58.17287445 50.70100021 -10.60917282 -58.20443344 51.23902893 -10.76895046 -58.24537659 51.08802032 -10.03176785 -58.27357101 51.59725571 -10.1826458 -58.31183624 51.45803833 -6.96534157 -58.54362869 53.0994606 -7.06944561 -58.5685463 53.01554871 -7.16874647 -58.59124756 52.92750549 -6.74355888 -58.48754501 53.25525284 -6.8566432 -58.51659775 53.17932892 -10.26960373 -58.11227417 51.52600479 -9.71097565 -58.18744278 51.86100006 -9.54164886 -58.13986969 51.98570251 -6.11033916 -58.5348053 53.46938705 -6.00413656 -58.50708771 53.53197861 -6.4287529 -58.51164627 53.36536789 -6.31699181 -58.4822998 53.43264771 -5.89432335 -58.47774124 53.59104919 -5.78109026 -58.44683838 53.646698 -6.20144033 -58.45122528 53.49628448 -6.08229685 -58.41851044 53.55637741 -1.30635548 -58.74608612 54.15997696 -1.40900755 -58.7714653 54.12618637 -0.65677917 -58.78095245 54.09756851 -0.7083782 -58.79353333 54.08200455 -2.78792906 -58.71905136 54.10561371 -2.58474493 -58.66744614 54.18355942 -3.21397352 -58.62359238 54.14678955 -3.34425211 -58.65777206 54.09935379 -3.46666789 -58.68860245 54.04307556 -3.5803473 -58.7157135 53.97740936 -5.26934862 -58.52801895 53.76207733 -5.06402493 -58.47214127 53.85321808 -5.66462612 -58.41447449 53.69900894 -5.95976162 -58.38424301 53.61301041 -14.28487301 -56.02387619 48.30133438 -15.01957798 -54.86915207 47.39769745 -10.99275589 -57.31171417 51.0756073 -10.30224895 -57.62388611 51.55929947 -10.02708149 -57.79568863 51.73701096 -9.51902962 -57.89126205 52.04219437 -10.23335075 -57.85900879 51.60361862 -9.71483231 -57.95070648 51.92015839 -10.4341383 -57.9194603 51.46549225 -9.90540123 -58.00746536 51.79350281 -10.62912178 -57.97688293 51.32254791 -10.0904274 -58.06137085 51.66214752 -10.81797981 -58.03110504 51.17470932 -10.24951935 -55.86840439 51.21847916 -11.53021049 -55.02257538 50.17782974 -10.8867321 -56.10011292 50.87908173 -12.24376965 -55.28815842 49.74187469 -11.51091194 -56.32421494 50.51958847 -12.94310474 -55.54502487 49.28379059 -12.11880112 -56.53880692 50.13973999 -8.86065578 -56.58054733 52.17817307 -9.41396904 -56.77448273 51.92984772 -9.95568848 -56.96204758 51.66364288 -10.48291779 -57.14165497 51.37906647 -9.60764313 -57.39842606 51.95213318 -9.12382889 -57.23709869 52.19154739 -8.62656021 -57.0686264 52.41368484 -8.11852932 -56.89443207 52.61913681 -7.60242367 -56.71595001 52.80851364 -8.29864979 -56.38183975 52.40912247 -9.60253239 -55.63098907 51.53805161 -10.80598259 -54.75045013 50.59163666 -13.62465763 -55.79098892 48.80360413 -12.70713997 -56.74198532 49.7392807 -12.39706898 -57.21798325 50.05074692 -11.7185688 -57.54541016 50.58392334 -11.45603085 -57.72448349 50.77213669 -10.95144653 -57.82521439 51.12421036 -11.67029572 -57.78886795 50.60535812 -11.1561842 -57.88613129 50.96944427 -11.87791824 -57.84965897 50.43349075 -11.35453129 -57.94364929 50.80968094 -11.45120239 -57.97108078 50.72790527 -11.00038815 -58.08195496 51.02188873 -7.73084593 -56.1799469 52.62320328 -7.08093786 -56.53460693 52.98240662 -6.55676079 -56.35183716 53.14141464 -10.31500816 -53.10437012 50.54013443 -10.07464218 -54.47396469 50.98327255 -9.33974743 -54.19530487 51.35271454 -8.94902897 -55.38977432 51.83805466 -9.36675549 -58.08948517 52.10574722 -9.18659115 -58.0364418 52.22121811 -9.00144863 -57.98088455 52.33221054 -8.81161976 -57.92296219 52.43881226 -8.61739826 -57.8628273 52.54109955 -9.87444687 -58.23206329 51.73154449 -10.44262218 -58.16001892 51.38499832 -8.90329266 -57.69837189 52.38145447 -7.65198851 -58.67556763 52.30719757 -7.58589315 -58.66817093 52.4220047 -8.96718788 -58.60024643 51.72512054 -8.20489597 -58.62494278 52.20753098 -8.8812685 -58.58788681 51.85912323 -8.11946964 -58.61069107 52.32469559 -8.78850651 -58.57226181 51.98809052 -8.02791595 -58.59356689 52.43712997 -8.68914795 -58.55347824 52.11212921 -7.93046236 -58.57366943 52.54492188 -8.58343601 -58.5316658 52.23132324 -7.82733488 -58.55111694 52.64816666 -8.47161579 -58.5069313 52.3457756 -7.71876192 -58.52600479 52.74695969 -8.35393047 -58.47939301 52.45557404 -7.60496855 -58.49844742 52.84139252 -8.23062706 -58.44917297 52.56081772 -7.48618317 -58.46854401 52.93156433 -8.10194683 -58.41637802 52.66160202 -7.36263275 -58.43640137 53.01756668 -7.96813536 -58.38113785 52.75801468 -7.23454285 -58.40213394 53.09949493 -7.82943726 -58.34355545 52.85016251 -7.10214138 -58.36584091 53.17744446 -7.68609571 -58.30375671 52.93812561 -6.96565485 -58.3276329 53.25150681 -7.53835678 -58.26185989 53.02200699 -6.82531118 -58.28761292 53.32178116 -7.38646412 -58.21797562 53.10190201 -6.68133593 -58.24589539 53.38836288 -7.23066187 -58.17222214 53.17790222 -6.53395748 -58.20257187 53.45133972 -7.07119465 -58.12472153 53.25009918 -6.9083066 -58.0755806 53.31859207 -6.62629795 -58.45656586 53.32732391 -6.50506926 -58.42375946 53.39562988 -6.38008118 -58.38921738 53.46027374 -6.25154352 -58.35303879 53.52134323 -6.11966372 -58.31532669 53.57893372 -5.98465252 -58.27616119 53.63313675 -6.38340139 -58.15776443 53.51081085 -6.74224186 -58.02492523 53.38348007 -5.54512215 -58.38073349 53.74807739 -5.83403397 -58.34851837 53.66627884 -5.42276716 -58.34570312 53.79399109 -5.70531416 -58.31142426 53.71627426 -5.2977519 -58.3094635 53.8368454 -5.8467164 -58.23565674 53.6840477 -5.70606613 -58.19389725 53.73176193 -6.22989559 -58.11156845 53.56687164 -8.68963051 -57.62975693 52.48587418 -7.73516655 -57.8377037 52.96572876 -7.9255271 -57.89733505 52.8818779 -7.4221139 -57.98888016 53.10865402 -8.11228371 -57.95518494 52.79405975 -7.59706306 -58.04236603 53.0307045 -8.29515743 -58.0111084 52.70218277 -7.7683568 -58.09407425 52.94886398 -8.47387218 -58.06496811 52.60615158 -7.93573332 -58.14387512 52.86304092 -8.64815044 -58.11663055 52.50588226 -8.09893322 -58.19164276 52.77313995 -8.8177166 -58.16595078 52.40127563 -8.25769234 -58.23725128 52.67907333 -8.98229027 -58.21280289 52.29224396 -8.41175365 -58.28056717 52.58074188 -9.14159584 -58.25704193 52.17869568 -8.560853 -58.32147217 52.47805405 -9.29535675 -58.29853058 52.06053925 -8.70473003 -58.35983658 52.37091446 -9.44329453 -58.3371315 51.93768311 -8.84312439 -58.3955307 52.25922775 -9.5851326 -58.372715 51.81003189 -8.97577286 -58.42842865 52.14291 -9.7205925 -58.40513229 51.67750168 -9.10241699 -58.45840454 52.02186203 -9.84939957 -58.43424988 51.53999329 -9.22279453 -58.48532486 51.89598465 -9.97127342 -58.45993042 51.39742279 -9.33664417 -58.50907135 51.76519394 -10.08593845 -58.48204041 51.24969101 -9.44370365 -58.52951431 51.6293869 -10.19311714 -58.50043488 51.09671021 -9.54371452 -58.54652405 51.4884758 -10.29253197 -58.51498413 50.93838501 -9.63641357 -58.55997467 51.34236526 -10.38390541 -58.52554321 50.77463531 -9.04602146 -58.6092186 51.58599472 -6.40156078 -57.91952515 53.50279999 -7.34474182 -57.71362305 53.12189865 -6.57324553 -57.97286606 53.44485092 -7.54147959 -57.77642059 53.04570389 -4.3880477 -58.27773666 54.05771255 -4.26842403 -58.24222946 54.08266068 -4.90864515 -58.19437408 53.94794083 -4.77488899 -58.1541748 53.97945786 -5.41745615 -58.10700607 53.81796646 -5.26991463 -58.06207275 53.85663986 -6.0736661 -58.06409454 53.61961746 -5.91494131 -58.01545334 53.66913605 -6.2274332 -57.86501694 53.55742264 -6.05110645 -57.80945206 53.60881424 -7.71181917 -58.6800766 52.18759537 -4.84779119 -58.41139603 53.93240738 -4.62201118 -58.34638977 54.00033569 -5.17026663 -58.27210617 53.87672424 -5.04050112 -58.23371124 53.91372681 -5.56291008 -58.1509819 53.776371 -5.35027266 -58.73554611 53.34267807 -5.23588991 -58.71606445 53.48218536 -5.10586691 -58.68971252 53.60754395 -4.96140718 -58.65701675 53.7194252 -4.8037138 -58.61849594 53.81847382 -4.63399029 -58.57469559 53.90536499 -4.45343828 -58.52612686 53.98075104 -4.26326275 -58.47333527 54.04529953 -4.06466532 -58.4168396 54.0996666 -3.85884953 -58.35716629 54.14451218 -3.64701915 -58.29485321 54.18050385 -4.14726591 -58.20603561 54.10523605 -4.51053524 -58.73817825 53.6664505 -4.398664 -58.71575165 53.77183533 -4.27431583 -58.68792725 53.86516571 -4.13853121 -58.65514755 53.94704437 -3.99234986 -58.61786652 54.01808548 -3.83681083 -58.57653809 54.07889175 -3.67295456 -58.5316124 54.13007355 -3.50182056 -58.48353195 54.17224121 -3.32444859 -58.43275452 54.20599747 -3.14187789 -58.37972641 54.23195648 -1.19223261 -58.71605682 54.17906952 -0.59939462 -58.76606369 54.10552979 -2.63170576 -58.46081161 54.25892258 -2.78469849 -58.50466919 54.24144745 -2.35900784 -58.60638809 54.2340126 -2.93332291 -58.54666901 54.21729279 -3.07670593 -58.58643341 54.18592453 -5.69283295 -57.69564438 53.70227432 -5.12049294 -58.01626968 53.8924942 -4.63942242 -58.11319733 54.00836945 -6.53283787 -57.45007324 53.39064789 -4.81684685 -57.92245102 53.95610046 -4.36411953 -58.02926636 54.05873489 -4.5081892 -57.82632065 54.00952148 -3.65070057 -58.05595016 54.17353439 -4.19619083 -57.72865677 54.05351639 -3.39764524 -57.97877502 54.19570541 -4.04243374 -58.72761154 53.84117889 -3.92820358 -58.70219803 53.92553329 -3.80344677 -58.6722641 53.99918365 -3.66911936 -58.63821793 54.06270599 -3.52617955 -58.60047531 54.11667252 -3.37558365 -58.55944443 54.16166687 -3.21828842 -58.51553345 54.19825745 -3.0552516 -58.46916199 54.22702408 -2.88742995 -58.42073441 54.2485466 -2.47521877 -58.41546631 54.27026749 -2.31611109 -58.36899948 54.27601624 -1.67094541 -58.17942429 54.25392151 -1.99551415 -58.03949738 54.25794601 -2.38040709 -58.15410614 54.26994324 -2.76360631 -58.02973557 54.24908829 -2.57337379 -58.21163559 54.26910782 -3.21012449 -58.16440964 54.22854614 -3.90102887 -58.13190842 54.14361191 -1.06950665 -58.68253326 54.1855545 -1.00581372 -58.66483307 54.1847229 -0.94104546 -58.64669418 54.18151855 -0.80971682 -58.60968781 54.16905212 -7.53218031 -45.37886047 51.36848068 -7.08863926 -46.99655151 51.72351456 -5.33175182 -46.39949799 52.62384796 -7.95424747 -43.67072296 51.01554108 -5.6811285 -44.76064301 52.39176559 -6.01603937 -43.04038239 52.15884018 -4.80513716 -44.48594284 52.8274765 -5.37622404 -40.9612236 52.46728516 -4.45630455 -40.70698547 52.9394722 -4.90896273 -36.91218948 52.67073441 -3.96038365 -36.69241333 53.14320755 -1.48004341 -46.96996689 54.0813179 -1.73189533 -43.6862793 54.02605438 -2.25884485 -45.50585556 53.86873245 -2.0864532 -47.1071434 53.92092133 -1.90952945 -48.63816833 53.96772003 -1.21736336 -49.97548294 54.11540222 -1.72710013 -50.0956192 54.00965881 -1.53820324 -51.47483826 54.04668045 -0.34995389 -49.83165741 54.23716736 -0.16755348 -49.81755066 54.24867249 -0.43260998 -46.80573273 54.26730728 -0.24857299 -43.49031448 54.29973984 -0.51401007 -43.50781631 54.27589417 -0.32843775 -36.15779114 54.24154663 0.00023151 -36.15182495 54.25313568 0.00028938 -27.97607613 54.04190063 -5.61047268 -51.33960342 52.76850128 -4.18422461 -50.841362 53.29552841 -6.1311636 -49.97758102 52.42576218 -4.58557558 -49.44111633 53.07699966 -6.62213373 -48.52763748 52.07730103 -4.96690464 -47.95870209 52.85309982 -7.16014481 -55.97646713 52.82091522 -8.2922678 -55.14665604 52.11875534 -7.63550806 -54.90353775 52.38041306 -8.60485268 -53.91664124 51.69993591 -7.87351561 -53.64015579 52.02492142 -8.70627594 -52.49039841 51.38809967 -6.58944416 -55.77297974 53.00275421 -6.9820075 -54.66231918 52.6232872 -7.14929152 -53.36803436 52.32764053 -7.12796021 -51.89570999 52.13179016 -9.47780895 -51.21665573 50.73805618 -7.77255249 -50.57635117 51.64434433 -10.19721794 -49.84171677 50.08150101 -8.3765974 -49.16265106 51.15079498 -10.87372208 -48.37556839 49.41968155 -8.94726658 -47.66294861 50.65194702 -11.50995445 -46.80674744 48.7603035 -9.48660851 -46.06887436 50.15364075 -10.47478962 -42.58543015 49.1852684 -3.87743425 -53.5513382 53.56512833 -4.3946619 -52.36674881 53.31546783 -4.46576357 -53.7545166 53.41222382 -5.05486679 -52.59963226 53.10201645 -5.07364321 -53.96910477 53.24185181 -5.73641109 -52.8455925 52.86621475 -5.69781685 -54.19320297 53.05374527 -3.32756639 -54.64122772 53.78863525 -3.83739638 -54.81128311 53.6914711 -4.36461782 -54.99088669 53.58145523 -4.90633106 -55.17845154 53.45807266 -5.45963907 -55.37238312 53.3208313 -2.73818731 -55.64211273 53.97757339 -3.16150069 -55.77729416 53.92949295 -3.59959459 -55.92006302 53.8727951 -4.05000591 -56.06916046 53.8067894 -4.51027107 -56.22332001 53.73080826 -4.97792625 -56.38128281 53.64416885 -5.27062082 -57.03275299 53.69581223 -1.99352789 -58.27421188 54.27289963 -2.1163559 -58.53824615 54.26068115 -1.99044895 -58.50225449 54.2662468 -1.86242759 -58.46537399 54.26725769 -1.6028614 -58.39013672 54.25743866 -1.34329605 -58.31489944 54.23492432 -2.13919091 -57.5959549 54.21486664 -1.61893988 -57.92848587 54.23176193 -0.54992831 -58.53683853 54.12715912 -0.67838854 -58.57268524 54.15023422 -2.10211539 -58.74664307 54.13367462 -1.94894028 -58.70825577 54.18828964 -1.77870607 -58.66283417 54.22157669 -1.59567785 -58.61213684 54.23649216 -1.50069845 -58.58536148 54.23798752 -1.40412009 -58.55792618 54.23599243 -1.20829797 -58.50195694 54.22301483 -1.01247644 -58.4459877 54.20052338 -1.08936965 -58.2420311 54.20341492 -5.32869625 -57.57904053 53.78394699 -2.05899096 -57.06653976 54.16025543 -2.06740189 -56.00055313 54.07454681 -2.42898369 -56.11033249 54.0532608 -2.80609298 -56.22780991 54.02600098 -3.1965127 -56.35188675 53.99202347 -3.59802389 -56.48146057 53.95059967 -4.00840855 -56.61543274 53.90100098 -4.42544842 -56.75270844 53.84249115 -3.44398522 -47.4778595 53.47027969 -3.16772056 -48.9877243 53.59275818 -2.87963009 -50.42026901 53.71014786 -2.57764816 -51.76838303 53.82149506 -3.75935316 -52.14912796 53.50654602 -2.37167311 -54.33614349 53.94638824 -2.3321178 -55.51579285 54.01771164 -1.94575572 -55.39959717 54.05058289 -2.2623384 -53.02929688 53.9216423 -1.9314065 -54.20429611 54.00798035 -1.58156395 -55.29478455 54.07687378 -0.75704741 -49.88669205 54.19135284 -1.08071923 -51.36621857 54.12555313 -1.34310091 -52.77319717 54.07677078 8.682E-05 -52.55008316 54.19836426 -0.26565328 -52.56497192 54.19089508 -0.66946959 -51.28593445 54.18192291 -1.02152216 -56.77290344 54.12896347 -0.82408494 -57.22357941 54.12863159 -0.48027799 -57.14164352 54.09771347 -6.02164316 -55.5710907 53.16922379 -6.33502388 -54.42490768 52.84764099 -6.43573809 -53.10245132 52.60808182 -1.39969599 -55.80848312 54.10210419 -0.92954564 -55.12439346 54.11240768 -1.14072561 -53.98994827 54.09911728 -2.96136546 -45.68448257 53.63027573 -2.42698264 -43.83533859 53.81132126 -1.43867564 -57.3905983 54.17823029 -1.22244656 -57.32985687 54.16220093 -0.62230617 -57.65307236 54.11678696 -0.24282405 -58.02145004 54.06137466 -1.6644522 -57.45560455 54.19281387 -1.25900197 -57.82468414 54.19626999 -0.84672081 -58.17388916 54.1666069 1.447E-05 -57.98679352 54.03253555 2.894E-05 -57.07026291 54.06625748 -0.70974588 -56.17539597 54.11304092 -1.21320724 -56.30118561 54.11973953 4.341E-05 -56.06580734 54.10043335 0.00011576 -49.8127861 54.2525177 0.00014469 -46.78417969 54.29092026 0.00017363 -43.4844017 54.30772781 0.51426691 -43.50799179 54.27611542 0.79570907 -43.5369072 54.23690796 1.03476453 -36.20480347 54.15008545 7.47426939 -33.38703537 51.08473587 5.89724684 -37.16871643 52.127491 6.92528725 -37.44759369 51.504879 5.370924 -40.97017288 52.47847366 12.64705849 -43.37187576 47.52127457 13.65456772 -39.52474976 46.35269928 10.46014881 -42.60829163 49.21428299 8.34236717 -41.89422989 50.69467926 1.47948706 -46.97074509 54.08277893 1.73118377 -43.68759537 54.02806854 2.0852139 -47.10845566 53.92347717 2.2574892 -45.50753403 53.87169266 2.42542839 -43.83758926 53.81484222 1.97356665 -40.14257431 53.94995499 2.74945426 -40.29685211 53.68579483 2.20692396 -36.35684967 53.84689713 3.05779195 -36.50819397 53.53796387 3.63729477 -28.28479385 53.16743469 4.79983473 -44.49221039 52.83759308 5.6742301 -44.76860046 52.4046669 5.32565641 -46.40538788 52.63469315 7.07933998 -47.00523376 51.73963547 6.61360502 -48.53433609 52.09120941 8.36477089 -49.17173386 51.16979218 7.7611413 -50.58372879 51.6613884 9.46298885 -51.22608948 50.75997543 8.69055462 -52.49805832 51.40942001 10.29556179 -53.11374664 50.56634521 16.01014519 -40.29810715 44.15885925 14.86852932 -44.16022491 45.63309097 18.36571693 -41.07146454 41.76190186 17.08999634 -44.94857025 43.56718063 20.68753815 -41.82052231 39.18287659 19.27689362 -45.71215057 41.3409729 18.47661781 -47.47960281 42.50411224 16.36973 -46.72105789 44.54110336 14.22827148 -45.93790436 46.42826462 19.56706047 -49.79670334 41.7272644 21.39464951 -46.42619705 38.97191238 23.40870285 -47.0659523 36.47743607 29.58968163 -46.38746262 26.30997086 26.60289383 -49.92898178 31.89153671 26.65037537 -50.84898758 31.71652985 27.28255272 -50.04224777 30.60432243 27.24925232 -50.9185791 30.46643448 27.78348541 -50.94245529 29.20298958 28.45276833 -50.14067841 27.99390793 28.18725967 -50.13046646 28.64665604 26.36953545 -52.41857529 31.66278458 27.08831406 -51.70278549 30.42834854 26.8395977 -51.69683075 31.03613663 27.52471924 -50.93642426 29.83627129 27.90171432 -50.11246872 29.30247307 28.48297882 -48.29179764 28.41591644 28.53264999 -49.26002502 28.14980888 28.45606041 -50.13655472 27.98789215 23.12462044 -50.94436646 37.45945358 24.24415207 -49.36161423 35.64635468 25.28448868 -47.60664749 33.87498474 26.23878098 -45.70567703 32.17863464 27.11299706 -43.67900085 30.5640049 15.69899559 -51.94235611 46.13717651 17.45013809 -52.57974243 44.58099365 16.69233513 -50.58488846 44.91159439 17.61670113 -49.10248566 43.69680405 14.76974392 -49.86896515 46.55649948 15.59770393 -48.36011124 45.53966522 12.81336403 -49.12981415 48.07207489 13.54438686 -47.59366608 47.24301147 11.49106693 -46.82721329 48.79401398 13.88192463 -51.26075363 47.58189011 12.03189087 -50.5570488 48.90738678 10.85697937 -48.39066315 49.44800568 9.47205734 -46.08483124 50.1798439 6.32827997 -41.25445938 51.94501877 6.0080719 -43.05129242 52.17439651 7.9421382 -43.68684387 51.03866959 7.5216732 -45.39060211 51.38767242 8.93437672 -47.67473221 50.67396545 10.18185234 -49.85334015 50.10593414 11.19665337 -51.88928223 49.73915482 12.93031406 -52.55247116 48.6040802 14.63215065 -53.19482803 47.35988998 16.27034378 -53.79552078 46.01174545 19.10239792 -53.15081024 42.92107391 20.3010025 -51.8542099 41.27509308 21.41447449 -50.41868973 39.64386749 22.44839668 -48.82448196 38.04152298 21.91950989 -52.36116028 39.30413818 25.87572098 -52.39538193 32.82384872 26.57425499 -51.67921066 31.64061928 26.13088226 -52.41271591 32.24507523 24.01996231 -52.89665222 36.18584824 25.3574028 -51.4996376 34.0214653 24.7506485 -53.72700119 34.41659927 23.85502815 -54.32431793 35.90464401 23.96122932 -54.3284111 35.65227509 23.31471252 -53.53697586 37.27597809 22.5841198 -54.14326859 38.36824417 23.60887909 -53.59399414 36.76588821 22.86714363 -54.19882202 37.88462448 23.88894653 -53.64143753 36.25128174 25.62629318 -53.09255981 32.90430069 26.14529037 -52.62857056 32.04111481 19.87855721 -54.97823334 42.22032928 19.11221123 -55.50105667 43.20165253 19.40820122 -55.58244705 42.8184967 20.48484993 -55.13925552 41.39501572 17.08067513 -55.60510635 45.55257797 17.71465874 -55.8053627 44.87865448 19.22851181 -54.78856277 43.02415848 19.69301033 -55.65660858 42.42998886 20.77034569 -55.20820999 40.97450256 21.54285431 -54.65790558 39.91186523 21.82771683 -54.72063446 39.45962906 22.09940147 -54.7746315 39.00247955 22.35740471 -54.819561 38.54050064 23.74483681 -54.31755066 36.15596008 24.52402306 -53.71585083 34.94591141 25.15279198 -53.06982803 34.01414108 23.23388863 -54.59790421 37.0046463 22.83033562 -54.88088989 37.6024971 22.93922424 -54.89003372 37.36513901 24.40471077 -53.70619583 35.20907211 23.63071823 -54.30814362 36.40621948 24.89202118 -53.04195023 34.5633049 24.15439606 -53.67895889 35.73229218 23.39095688 -54.28160477 36.90348434 22.99943733 -54.57173157 37.48893356 23.13625908 -54.24504852 37.39632797 22.60121727 -54.85509491 38.07380676 22.19589043 -55.13116074 38.65813828 22.41964912 -55.15656662 38.1998024 23.1453476 -54.9005928 36.88708878 23.24245453 -54.90192795 36.64641953 23.60767365 -54.65306854 36.09675217 21.30354691 -55.32138062 40.11816406 20.89387512 -55.58201599 40.67553711 21.13487053 -55.62485886 40.25302887 19.9661541 -55.72322464 42.03617477 20.22714233 -55.78197479 41.63712692 21.04341125 -55.2690239 40.54885864 20.47549057 -55.83255005 41.23289871 19.80552673 -56.02254105 42.18115234 20.04788017 -56.072155 41.79015732 20.27727318 -56.11344528 41.39397049 21.55026054 -55.36494446 39.68250275 21.36209488 -55.65873718 39.82555008 21.78305435 -55.39939499 39.24195099 21.89407349 -55.4131012 39.01986694 21.47038651 -55.67221832 39.60997009 22.0014267 -55.42440796 38.79659271 21.57505226 -55.68333435 39.3931694 22.10505104 -55.4332695 38.57213593 21.67602921 -55.69205093 39.17515945 20.71071434 -55.87463379 40.82354736 20.82325172 -55.89239502 40.61697388 20.93232536 -55.90791702 40.40914154 21.03787422 -55.92115784 40.2000618 21.13983917 -55.9320755 39.98973465 20.38696098 -56.130867 41.19394302 20.49322891 -56.14609146 40.99263763 20.59601593 -56.15908432 40.79005432 21.05565643 -56.18913269 39.75827408 20.97116852 -56.18790054 39.96712494 20.91888237 -56.25725555 39.94268036 20.79091072 -56.17819595 40.3810997 20.88289833 -56.18424225 40.17473602 21.33276939 -55.94680405 39.56539154 21.86667061 -55.70212173 38.73555374 22.52590942 -55.16557312 37.96889496 24.85782433 -53.72841263 34.15047836 24.06337357 -54.32978821 35.39888 23.65628624 -54.61924744 36.02293777 17.8130703 -54.33370972 44.564785 14.98938465 -54.88344574 47.43797302 30.28811455 -46.457798 24.80258179 32.01974487 -44.4442482 21.06468582 0.26578662 -52.56501007 54.19098282 0.58021408 -52.60848999 54.16863632 1.3422575 -52.77351761 54.07799149 3.0753479 -53.93378067 53.79375839 3.30813909 -53.36248398 53.70521927 2.26022863 -53.02992249 53.92424393 2.57491374 -51.76950073 53.82521057 1.53708839 -51.47539139 54.04841232 1.72576106 -50.0965004 54.01190186 0.3957831 -55.01478195 54.129879 0.48915622 -53.85206604 54.15106964 2.09720731 -53.62788773 53.96883774 3.75449181 -52.15096664 53.51283264 2.87637353 -50.42209244 53.71497726 1.90831757 -48.63924026 53.97002029 1.34973288 -48.50946045 54.10206604 0.20850605 -46.78965759 54.28503799 5.60170603 -51.34403229 52.78065872 5.04747152 -52.602314 53.11134338 5.72762728 -52.84873581 52.87720108 4.46000051 -53.75597 53.41873932 5.06679106 -53.97079849 53.24952316 7.11583757 -51.9017067 52.14837646 6.42550182 -53.10607147 52.62080765 7.13755083 -53.37214661 52.34215927 5.6898241 -54.19514847 53.06262589 6.32585049 -54.42710876 52.85777283 3.16469789 -48.98995209 53.59770966 4.17845345 -50.84438324 53.30371094 4.38857889 -52.36899948 53.32322311 3.87270021 -53.55256271 53.5705452 4.1519928 -54.29571152 53.56154633 1.14014041 -53.99012375 54.09990311 0.92916638 -55.12449265 54.11287308 0.70958775 -56.17544556 54.11325455 0.41783181 -58.06124496 54.09191895 0.62273353 -57.6530838 54.11671066 0.48069978 -57.14165497 54.09760666 0.62098747 -58.11285019 54.12823868 0.31284294 -58.47330475 54.07661057 0.84669006 -58.1739006 54.16665268 0.12207599 -58.42835236 54.03399658 0.24285983 -58.02146149 54.06139755 4.58716536 -57.34138489 53.91712952 4.42107296 -56.75307846 53.84563065 3.8498137 -57.10346603 54.00964355 3.59467554 -56.48176575 53.95305252 3.12807655 -56.87302399 54.07013702 2.80369925 -56.22805023 54.02780533 2.43756914 -56.65752411 54.10467911 2.06585622 -56.00073242 54.07577896 1.793908 -56.46444321 54.11933517 1.39885819 -55.80860901 54.10284424 2.14164519 -57.59592056 54.21396255 2.64447141 -57.24422073 54.15838623 1.66628718 -57.45558548 54.19216537 2.05897307 -57.06659317 54.16039276 1.22372258 -57.32985306 54.1617775 1.51356149 -56.907444 54.14861679 1.02159917 -56.77294159 54.12903976 1.21270883 -56.3012619 54.12017059 1.62019181 -57.92848969 54.2314415 1.25994706 -57.82469177 54.19604111 0.924685 -57.73168945 54.15617752 0.82488298 -57.22358704 54.12839127 0.40636685 -58.71333694 54.09495926 0.27592596 -58.67722321 54.07016373 0.67770898 -58.57269287 54.15032196 0.5494082 -58.53684998 54.12722778 1.08930254 -58.24205017 54.20346832 1.67154872 -58.17943573 54.2538147 3.88227725 -57.63027191 54.08907318 3.2566936 -57.43416214 54.13660812 2.63886499 -57.74598694 54.22156525 12.22110081 -55.29578781 49.76935577 13.47527122 -54.32578659 48.57806778 10.78638172 -54.75709534 50.61548996 11.90056419 -53.72943878 49.62171173 9.32330799 -54.20093155 51.37281418 13.59911442 -55.79954147 48.83448029 14.30694962 -55.3643837 48.1436348 8.81104946 -54.6915741 51.75952911 10.19828415 -55.21334076 51.09301376 11.55828857 -55.71871567 50.34287262 12.86383629 -56.19130707 49.50802612 7.62388897 -54.90626526 52.39311981 8.27940464 -55.14964676 52.13277435 9.58718491 -55.63451385 51.55467987 8.67937946 -57.6307106 52.49379349 9.59553432 -57.39984894 51.96246338 8.24185181 -57.48788834 52.68972015 9.11239529 -57.23845673 52.20132828 7.79203224 -57.33874512 52.86953735 8.61583042 -57.06990814 52.42288971 7.59316254 -56.71707916 52.81650543 6.86535215 -57.02652359 53.18357849 6.54901218 -56.35280609 53.14816284 5.91900349 -56.70417786 53.44137573 5.50485945 -55.98853302 53.42269135 4.97265244 -56.38183212 53.64839172 4.48218489 -55.63569641 53.64492035 4.04596519 -56.0696106 53.8100853 3.50246835 -55.30574799 53.81969452 3.15860701 -55.7776413 53.93192291 2.58718991 -55.01012802 53.95184326 2.33024406 -55.51604462 54.01935959 1.75783014 -54.76028061 54.04621124 1.58054197 -55.29495621 54.07785797 24.66318512 -51.34965897 35.18684006 22.66752625 -52.57254791 38.28499985 20.62281227 -53.63345337 41.16516113 18.53869057 -54.57285309 43.8058548 16.41261292 -55.38309097 46.20398712 15.49779224 -56.45142365 47.26590347 15.66629314 -55.84121704 47.01554871 13.78918171 -57.11163712 48.90003204 14.66049576 -56.80287552 48.09451675 14.89207077 -56.25087357 47.81092072 16.18147659 -57.24849319 46.4842453 16.41230774 -57.03093719 46.28932571 15.95102215 -57.18809509 46.76644516 16.61000443 -56.79138565 46.10943222 14.93561745 -56.89016342 47.83990479 16.07161713 -56.63232422 46.6987381 15.2026577 -56.97258377 47.57980728 16.34546089 -56.71472168 46.40684891 15.46118832 -57.0498848 47.3142128 15.71078587 -57.1218071 47.04309464 15.7037878 -57.39241028 46.96819687 15.5934 -57.36399078 47.10346985 15.48056793 -57.33411789 47.23735046 15.24777794 -57.27013397 47.5009613 16.9081459 -56.24421692 45.79737473 17.19681168 -56.3312645 45.47890091 17.47583771 -56.41226196 45.15490341 16.8647995 -56.86204147 45.80648041 16.64988899 -57.09336472 45.99401474 19.12565613 -56.1949501 43.09743881 18.93419266 -56.4673996 43.26664734 19.3742466 -56.25141525 42.72498703 19.05081177 -56.49214172 43.08504486 19.61052895 -56.30001831 42.34722519 19.16434097 -56.51492691 42.90210342 19.72390938 -56.32127762 42.15636826 19.27472305 -56.53571701 42.71783066 19.83403397 -56.34045792 41.96419525 19.38189888 -56.55447769 42.53222275 19.94084358 -56.35752869 41.77071762 18.00314331 -56.55492401 44.49039459 17.56038666 -56.74708176 44.99665833 17.80109596 -56.8065834 44.66943741 17.34338188 -56.9842453 45.18397903 18.48638916 -56.6699028 43.80400085 18.59988594 -56.69404984 43.62900162 18.71034431 -56.71628571 43.45265198 18.81770325 -56.73657608 43.27494431 18.24822617 -56.90423965 43.99852753 17.67344093 -57.05810165 44.70258713 17.0933342 -57.19889832 45.38672256 18.69191933 -56.41218567 43.62581253 18.73819542 -56.98338699 43.12912369 18.82643318 -56.99314117 42.9511528 19.21501541 -56.79755402 42.55064392 19.30602455 -56.8075676 42.36621475 19.77737617 -56.60845566 41.77655029 19.39359283 -56.81541824 42.18045044 18.49915314 -57.1783371 43.18378067 18.57447052 -57.18157578 43.00811768 18.74702072 -57.09393692 42.88812256 18.82363892 -57.09722137 42.70927048 18.99270248 -57.00629425 42.59113312 19.07061768 -57.00962448 42.40908051 19.23623276 -56.9153595 42.29285049 19.31544876 -56.91873169 42.10761261 19.47766113 -56.82107544 41.99334335 19.55817223 -56.82449341 41.80490875 19.95436287 -56.62229538 41.39081573 20.03746414 -56.62579727 41.19599152 20.42312622 -56.40981674 40.78388977 20.50881386 -56.41339874 40.58267212 19.63507271 -56.82564163 41.61514282 20.11689568 -56.62697601 40.99986267 20.59077263 -56.41460037 40.38018036 17.97708321 -57.11568832 44.20875549 17.87889481 -57.09835815 44.37474442 17.77766228 -57.07915497 44.53936005 20.04428291 -56.37244415 41.57593918 19.48581123 -56.57116699 42.34528351 17.19727325 -57.22105789 45.23142242 16.61132622 -57.35058975 45.90312576 15.4225769 -57.57614899 47.18358994 16.01977158 -57.46865082 46.55399323 15.91702747 -57.44477081 46.69345856 16.50787926 -57.32748413 46.05049896 16.40172005 -57.302742 46.19647598 16.98657227 -57.17501068 45.54063034 16.87704277 -57.14944077 45.69314957 17.45624352 -57.0106163 45.02489853 17.91724968 -56.83371735 44.50376892 18.25050354 -56.6160202 44.14992142 18.86522865 -56.13093567 43.46454239 19.6836071 -56.59819412 41.96744919 19.12062073 -56.78540802 42.73373795 18.64663124 -56.97156143 43.30573273 18.25281906 -57.15607071 43.70248413 18.16410255 -57.14457703 43.87262344 18.00682259 -57.23761749 43.98712158 17.91953278 -57.22629547 44.15402603 17.758564 -57.31605911 44.27032089 17.49160385 -57.27689743 44.75715256 17.58370209 -57.29184723 44.59627533 18.07217026 -57.13110352 44.04138184 17.67270851 -57.30491257 44.43399429 21.7732563 -55.69832611 38.95595169 21.23815727 -55.9406395 39.77817535 20.69526291 -56.16979599 40.58620834 20.14428902 -56.38516617 41.37985611 19.58639908 -56.58575058 42.1570282 19.02289963 -56.77117538 42.91548538 18.55179405 -56.95769501 43.48097992 17.84121513 -57.32525253 44.10524368 18.09087563 -57.24695587 43.81882477 18.33827019 -57.16555023 43.53096771 18.5834446 -57.08096695 43.24172592 17.92060852 -57.3324585 43.93876648 18.17163849 -57.25427628 43.64913559 18.42040062 -57.17298889 43.35806656 18.66693878 -57.08850861 43.06561279 18.91128731 -57.00078964 42.77182007 19.15349197 -56.90977859 42.47674942 18.24905586 -57.25954819 43.47805786 17.99668884 -57.3376503 43.77088928 18.06940269 -57.34078598 43.60160828 17.74199867 -57.4127121 44.0622139 17.55504227 -57.48786545 44.18906021 18.32307243 -57.26273727 43.30558777 18.13869476 -57.34183884 43.43092346 18.64629936 -57.18265915 42.83107376 16.99693298 -57.42605591 45.29958725 17.08602142 -57.44052124 45.14518356 17.33603859 -57.36765289 44.87150955 17.17207909 -57.45315933 44.98937225 17.42357254 -57.38050842 44.71246338 17.25505447 -57.46393967 44.83214951 17.50798988 -57.39147186 44.55201721 17.33489227 -57.47283554 44.67350388 17.58923531 -57.40051651 44.39015961 17.41153717 -57.47980499 44.51344681 17.6672554 -57.40761185 44.22689056 16.89278984 -57.61567307 45.08156967 17.07812881 -57.5422821 44.95521164 16.81890297 -57.60894012 45.23522568 16.99970627 -57.53354263 45.11064148 17.15339661 -57.5491333 44.79835892 16.96350479 -57.62051773 44.92648315 17.48493958 -57.48482895 44.35196686 16.36396599 -57.74069214 45.64262772 16.55716133 -57.67289352 45.51346588 16.74189568 -57.60035706 45.38743973 16.91818047 -57.5229454 45.26464844 15.88996506 -57.86001587 46.05374908 16.49685669 -57.74818039 45.34377289 16.43198395 -57.74535751 45.493927 17.03099442 -57.62344742 44.7699585 17.62179756 -57.48888397 44.0247345 17.09520912 -57.62443161 44.61198807 18.89673615 -57.09832382 42.5290451 19.14498138 -57.01074219 42.22567749 19.39108086 -56.91986465 41.92102814 19.58131027 -56.84676361 41.68286896 15.21644306 -57.52573395 47.44535828 15.10969448 -57.49837112 47.57414627 15.00056171 -57.46960831 47.70154953 14.8890934 -57.43947983 47.82756424 14.77534008 -57.40800858 47.95219803 14.29850388 -57.26934052 48.43700027 14.04770088 -57.19274902 48.67121887 13.58985424 -57.32932281 49.07687759 14.0877018 -56.61472702 48.58737183 12.68607235 -56.74671936 49.7618866 13.25062084 -56.93679428 49.34157181 12.37798023 -57.22143936 50.06985092 12.88089085 -57.38225937 49.67860794 13.33987999 -57.25142288 49.29296112 12.3714962 -57.75118256 50.0630722 12.64406681 -57.57594299 49.86535645 12.15509033 -57.68710709 50.24694824 12.41170597 -57.50468826 50.0563736 11.65464687 -57.79088974 50.61923218 11.93181896 -57.61925125 50.42564011 11.70204163 -57.54780579 50.59922791 11.92719746 -57.35108566 50.42289352 11.46612263 -57.47298431 50.76776886 14.29308701 -57.53604507 48.39630127 14.54118633 -57.34117508 48.1973381 14.06685352 -57.47186279 48.62858963 13.83231068 -57.40287781 48.85543442 13.12214851 -57.45687103 49.47512817 14.71904087 -57.64910507 47.91521835 14.61599064 -57.62282562 48.03756332 14.51061344 -57.5952034 48.15852356 14.40296364 -57.56626892 48.27809906 13.35609531 -57.52731705 49.26634216 12.86933231 -57.64323044 49.6690979 13.08713055 -57.70633698 49.46753693 13.69198513 -57.86847305 48.83048248 14.21107388 -57.76315308 48.37714386 13.59650517 -57.84443283 48.94007492 14.11177731 -57.73797989 48.49309158 13.4988308 -57.81916809 49.04829025 14.01021957 -57.71152496 48.60765076 13.39900875 -57.79269791 49.15513611 13.90645027 -57.68381119 48.72083664 13.29708767 -57.7650528 49.26062012 13.80051613 -57.65486908 48.83265686 13.19311142 -57.73625565 49.36475372 13.69246483 -57.62471771 48.9431076 13.58234596 -57.59339142 49.05220032 10.99421024 -57.58762741 51.10385132 11.22040176 -57.65865707 50.94728851 11.44066429 -57.72647095 50.78577423 11.14202881 -57.88776016 50.9814415 10.61624908 -57.97820282 51.33294678 10.93754768 -57.82682037 51.1360054 10.42149925 -57.92075729 51.47571182 10.72702503 -57.76266098 51.28563309 10.22095776 -57.8602829 51.61364746 10.51079559 -57.69546509 51.43040848 10.01494598 -57.79693985 51.74684143 12.47701073 -57.7817421 49.96917725 11.96308517 -57.88071823 50.35984421 12.58067322 -57.81127548 49.8739624 12.06238079 -57.90876007 50.27079391 12.6824379 -57.83976746 49.77742767 12.1598444 -57.93580246 50.18043518 12.52039242 -57.91541672 49.88542175 12.25543404 -57.96183395 50.08875656 12.61615562 -57.94107437 49.7893219 12.34910488 -57.98682022 49.99575424 12.70991993 -57.96564484 49.69187927 12.44081306 -58.01074982 49.90141678 12.53051472 -58.03359222 49.80573273 12.78226089 -57.8671875 49.67955017 11.98729038 -58.00650406 50.28945923 12.07884789 -58.03081894 50.19953537 12.16847992 -58.05410004 50.10828781 12.88009548 -57.89351654 49.58033752 12.97589779 -57.91872025 49.47977829 13.06962109 -57.94278336 49.37785721 13.16122246 -57.96567535 49.27457428 11.26101685 -58.04207611 50.84638977 11.53152466 -57.99927139 50.65722656 11.43668842 -57.97274399 50.74019241 11.44093418 -58.09085083 50.68264389 11.6245985 -58.02485657 50.57297516 12.06206703 -58.13792801 50.13203812 10.43023396 -58.16113663 51.39447784 10.53252029 -58.07367706 51.36219406 10.2574091 -58.11338043 51.5353508 10.07843876 -58.06246185 51.67134094 9.89363003 -58.00853348 51.80253601 9.70328999 -57.95175934 51.92902374 9.50772667 -57.89229584 52.05088425 15.71261883 -57.64053726 46.78039932 15.61855984 -57.62060928 46.91620636 15.4564724 -57.70116425 47.0324173 15.10700989 -57.74021912 47.41184998 15.19769478 -57.75935745 47.28248978 15.63320637 -57.73556519 46.76300049 15.7174654 -57.75037384 46.62615204 15.8926115 -57.67563248 46.50453568 15.97844601 -57.69073868 46.36447144 16.14943123 -57.61317062 46.24420166 16.23683357 -57.62857056 46.10090637 16.40371323 -57.54809952 45.98205185 16.4926796 -57.56378937 45.83553314 16.74602699 -57.49630737 45.56840134 14.49491692 -57.8306694 48.02095413 14.84723091 -57.79645538 47.65668488 15.01375198 -57.71960068 47.53979874 15.52186394 -57.59914017 47.05059814 16.11986351 -57.49095154 46.41312027 16.71200752 -57.37203217 45.75434494 17.29833412 -57.24147034 45.0747261 17.39646149 -57.2600975 44.91664124 17.10940742 -56.9264183 45.49799347 16.7647953 -57.12221146 45.84427643 16.29290009 -57.27640152 46.34105682 15.81168175 -57.41934967 46.83152771 15.32075405 -57.55167007 47.3151741 14.81971836 -57.67401123 47.7914772 14.3080616 -57.78700638 48.25981522 13.78522491 -57.89125824 48.71950912 14.91797161 -57.69752121 47.66633987 14.40269184 -57.80952072 48.14108276 13.8761797 -57.91276169 48.60715103 13.60853577 -57.96128464 48.83672333 13.69533253 -57.98100281 48.72613907 13.42283344 -58.02708054 48.95645142 13.50548935 -58.04504395 48.84762573 13.25065422 -57.98736954 49.16991806 13.33787346 -58.00784683 49.06387711 14.23130417 -57.88286972 48.2583046 14.31931686 -57.90218353 48.13996506 14.58469009 -57.85042191 47.89941788 14.9362154 -57.81518936 47.53053665 14.67196178 -57.86874771 47.77646637 14.40486431 -57.92010117 48.02020645 14.13485146 -57.96932983 48.26166534 13.86185265 -58.01651001 48.50075531 13.58579636 -58.06171417 48.73740005 13.66370964 -58.07706833 48.62575531 13.9414835 -58.03224564 48.38594437 14.21619034 -57.98545074 48.14367294 14.48789978 -57.93659973 47.89902878 14.7566843 -57.88562775 47.65209961 15.02261353 -57.83244324 47.40296173 15.28575897 -57.77698135 47.1517067 15.54619217 -57.71915054 46.89841843 15.8039856 -57.65888977 46.64317703 14.64624596 -57.96524429 47.65239716 14.56837654 -57.95166016 47.77643204 14.37126064 -58.01343155 47.90341949 16.32136154 -57.64227676 45.95619583 16.06143761 -57.70418167 46.22297668 15.79891491 -57.7635498 46.48787308 15.5337286 -57.82047272 46.75079727 15.26580429 -57.8750267 47.01167297 14.99507332 -57.92728806 47.27041245 15.87750912 -57.77506638 46.34815598 15.61081219 -57.83175278 46.61428833 15.68502712 -57.84137726 46.47633362 15.34137249 -57.88607025 46.87836838 15.14037132 -57.94730759 47.00874329 16.48157501 -57.66446686 45.6624794 16.29285049 -57.73421478 45.78987885 15.75632381 -57.84931564 46.33692932 15.27431774 -57.96086884 46.74124908 15.82465363 -57.85553741 46.19606781 13.95051479 -58.12477875 48.16490555 14.58414745 -58.0443573 47.53221893 14.51587677 -58.03555679 47.65740585 15.06911755 -57.93809128 47.14030457 15.20878696 -57.95490646 46.87572479 14.64966488 -58.05162048 47.40557861 15.95221043 -57.86272812 45.9099617 15.33691406 -57.96516037 46.60529709 15.39652824 -57.96775436 46.46787262 14.77225113 -58.06141281 47.14788437 14.82922745 -58.06389236 47.016819 14.19539833 -58.14940643 47.68081665 14.24973011 -58.15176392 47.55610657 12.86839581 -58.11361694 49.40940094 13.14722061 -58.07126236 49.18424225 13.06411171 -58.05251694 49.288517 12.97878265 -58.03255844 49.39141464 12.70372868 -58.0759201 49.61030579 12.78715229 -58.0953598 49.51054382 12.42539597 -58.11751556 49.82648849 12.50689793 -58.13642883 49.72984314 12.22325134 -58.17580414 49.94630814 13.22806644 -58.08877182 49.0785675 12.94741631 -58.13066483 49.30686951 12.58625984 -58.15419388 49.63182449 14.29500866 -58.00016022 48.02426147 14.0186348 -58.04660416 48.26971054 13.81217194 -58.10371017 48.3982048 13.73918247 -58.0910759 48.51269531 13.38278484 -58.11998367 48.86301422 13.30660152 -58.10502243 48.97149658 13.02416801 -58.146492 49.20294571 12.6634407 -58.17079163 49.53242111 12.37604523 -58.20920944 49.75511932 11.77873993 -58.17675781 50.33949661 11.93597126 -58.21355057 50.15993881 11.6451025 -58.24971008 50.37048721 11.79030037 -58.28119659 50.19167709 11.49233341 -58.31483078 50.4048233 11.33089733 -58.174263 50.71201324 11.49186134 -58.21400833 50.54390335 11.20175838 -58.24969482 50.74480057 11.3509779 -58.28430557 50.57749176 12.08498287 -58.24599838 49.9749527 12.52011204 -58.23796463 49.55839539 11.92713261 -58.30830383 50.0073967 11.05392933 -58.31734848 50.78048325 11.19141579 -58.34690857 50.61392975 11.32091331 -58.37235641 50.44198227 14.44489861 -58.02524185 47.78113174 13.88263035 -58.1149559 48.28227615 13.30763054 -58.19703293 48.77310562 14.01577854 -58.13316727 48.04608154 14.07837772 -58.1400795 47.92579651 13.60571194 -58.2297287 48.2033577 13.55132866 -58.22602844 48.32023621 14.13826561 -58.14550018 47.80404663 14.71238136 -58.05731583 47.27746964 11.44211388 -58.3935318 50.2645607 11.55471039 -58.41027451 50.08157349 12.05527687 -58.33086014 49.8175621 12.17441177 -58.34869766 49.6220932 12.65511703 -58.26189423 49.35606003 12.94948578 -58.2249794 49.12082672 13.24038506 -58.18635559 48.88270569 11.65839672 -58.42243195 49.89294052 12.28421593 -58.36164474 49.42090988 12.89659691 -58.29455185 48.93424988 13.49428463 -58.2208786 48.43564224 13.70632553 -58.23272324 47.96512985 14.10839367 -58.17955399 47.60587692 16.5585289 -57.74912643 45.19216156 16.01134109 -57.86363602 45.76470184 15.45311165 -57.96862793 46.32896805 14.88326263 -58.06472015 46.8842659 14.30121613 -58.15255737 47.42990112 16.95474243 -57.6583252 44.76562119 6.52580309 -57.4506073 53.39553833 6.10928583 -57.3133049 53.50924301 5.32451487 -57.57930374 53.78652573 5.26518059 -57.03319168 53.69965363 4.1959033 -57.72870636 54.05377579 4.36629915 -58.0292244 54.05783844 4.81647396 -57.92250061 53.9563942 4.50785923 -57.82637405 54.00979996 5.68830967 -57.69592667 53.70505142 3.40177274 -57.97868729 54.19411087 7.2365818 -57.9342041 53.18745041 7.72664356 -57.83832932 52.97159195 8.20741558 -57.73727036 52.7400856 9.30724621 -57.83029938 52.16820526 8.60735989 -57.86364365 52.54841232 8.8013401 -57.92380142 52.44628525 8.10330772 -57.95583344 52.80021667 8.28596592 -58.01176834 52.70847702 10.06256294 -57.5526619 51.70569229 7.41473055 -57.98935699 53.11341095 6.73674583 -58.02524185 53.38679886 6.39637709 -57.91983032 53.5059433 6.04624701 -57.8097496 53.61177444 6.22662926 -58.11174774 53.56874084 6.38004303 -58.15794373 53.51272202 6.90266037 -58.07590485 53.3219986 6.67780209 -58.24607468 53.39036179 6.95268822 -58.20985794 53.28832626 7.06540251 -58.12504959 53.253582 5.98411512 -58.27620697 53.6334877 6.25879717 -58.24000168 53.5459137 5.54787207 -58.38066101 53.74689484 5.70636749 -58.31140518 53.71585083 5.42546177 -58.34562683 53.79283905 5.84619856 -58.23570251 53.68439484 6.11910772 -58.31536484 53.57928848 5.8351059 -58.3484993 53.66584396 5.96085119 -58.38422012 53.61256409 5.66743088 -58.41439438 53.69779968 5.78394651 -58.44675827 53.64546204 4.62773228 -58.34624481 53.99807358 4.85379314 -58.41123581 53.93001938 5.30038786 -58.30939102 53.83572006 5.12007713 -58.01631927 53.89280319 4.64173985 -58.11314774 54.00740051 4.91109467 -58.19431305 53.94690704 4.39347219 -58.27759933 54.05557251 5.04301453 -58.23365021 53.91266632 5.17284203 -58.27203751 53.87563324 7.38039494 -58.21831512 53.10554123 7.65547371 -58.18192291 52.98915863 7.76060152 -58.09457016 52.95384598 3.14701509 -57.90091705 54.20937729 2.76729679 -58.02967072 54.24781418 2.57545161 -58.2116127 54.26852417 3.9058218 -58.13179016 54.14173889 3.655164 -58.05584717 54.17179871 3.43504906 -58.23033142 54.20664597 3.21447444 -58.16432571 54.22702408 2.95755363 -58.32486343 54.25003052 0.47230834 -58.73168182 54.1031456 0.80887198 -58.60969925 54.16915131 1.01193535 -58.44600296 54.20063019 2.11611509 -58.5382576 54.26075745 2.63264561 -58.4608078 54.25871658 2.47610521 -58.41546631 54.27007294 2.76754379 -58.2686882 54.26226425 3.14444041 -58.37968826 54.23121643 2.88912725 -58.42071915 54.2481041 3.05704761 -58.46914291 54.22655487 2.78568959 -58.50466537 54.24122238 2.93436289 -58.54666138 54.21705627 2.35872436 -58.60639954 54.23409271 0.59842062 -58.76607132 54.10558319 0.53680712 -58.74945068 54.10705566 1.06833458 -58.68254471 54.1856842 0.94003469 -58.64670563 54.18163681 1.20761859 -58.5019722 54.22314453 1.34318817 -58.31491852 54.23498535 0.65570629 -58.78095627 54.0976181 1.19090915 -58.71606445 54.17921066 1.59472358 -58.6121521 54.23665619 1.99023032 -58.50226974 54.26632309 2.31694245 -58.3690033 54.27584076 -0.58027017 -52.60839081 54.16831589 4.15237999 -58.20591354 54.10322952 3.65200639 -58.29475021 54.17873764 3.86414075 -58.35705185 54.14263153 3.32716322 -58.43271255 54.20520401 3.50468063 -58.48348999 54.17139816 3.22017813 -58.51551056 54.19775391 3.37756181 -58.55941772 54.16113663 3.07779193 -58.58642197 54.18566513 3.21510196 -58.62358093 54.14652252 2.58442259 -58.66745377 54.18363953 5.07028818 -58.47197342 53.85072327 5.70556784 -58.19393921 53.73210144 5.56243181 -58.15102768 53.77669907 5.41699886 -58.10705566 53.81829071 9.62594128 -58.05016708 51.9601593 9.8057127 -58.10232925 51.83464813 9.97978687 -58.15158463 51.70439911 10.14786434 -58.19777679 51.56933212 10.30964375 -58.24075699 51.42935181 10.17080212 -58.31277466 51.4665947 10.02007866 -58.27450562 51.60570526 9.86292553 -58.23297882 51.73987961 9.69963455 -58.18835068 51.86920929 9.53049755 -58.14076233 51.99378204 9.3558073 -58.09036636 52.11368942 9.17585659 -58.03730774 52.22901154 9.08315945 -58.12917709 52.26299667 9.25272369 -58.17780685 52.14862442 9.41687965 -58.22372437 52.02965546 9.57534599 -58.26678848 51.90599823 9.72783566 -58.30685425 51.777565 9.87406349 -58.34378433 51.64425659 10.01374722 -58.37743378 51.50598907 6.53050995 -58.20275497 53.45329666 6.39997435 -58.28123474 53.48740768 6.53788376 -58.32095337 53.42539978 6.25096893 -58.35308456 53.52170944 6.37948942 -58.38925934 53.46064377 6.08340263 -58.41848755 53.55591965 6.20256186 -58.45120239 53.49581528 5.89722967 -58.4776535 53.58978653 6.00708866 -58.50700378 53.53068924 6.82169342 -58.28779984 53.32382584 6.67230749 -58.35905075 53.35980606 6.50446033 -58.42379761 53.39600372 6.31812811 -58.4822731 53.43217087 6.11333561 -58.53470993 53.4680748 7.58949089 -58.04285049 53.03557587 7.22472858 -58.17255783 53.18146133 7.10249758 -58.25359726 53.21714783 6.96195698 -58.32781982 53.25358963 6.80302715 -58.39542007 53.29052734 6.62567282 -58.45660782 53.32769775 6.42990255 -58.51161575 53.36487961 6.31422758 -58.58488464 53.33193207 5.27585173 -58.52784348 53.75947952 5.91186571 -58.015625 53.67090607 5.58803272 -57.91524506 53.76055527 7.53215647 -58.26220703 53.02571869 7.24853992 -58.2955513 53.14216614 7.39058018 -58.33560562 53.06329727 7.09836674 -58.36603165 53.17956161 7.23069477 -58.40232468 53.10165024 6.92982626 -58.42996597 53.21746826 7.05248642 -58.46258545 53.14053345 6.74291801 -58.48758316 53.25563812 6.85598707 -58.51663589 53.17971802 8.22386551 -58.44953537 52.56483841 8.34707832 -58.47976303 52.4596405 8.03250122 -58.50350952 52.60720062 8.14558125 -58.52983093 52.50297546 7.82318401 -58.55131531 52.65046692 7.92626476 -58.57387161 52.54724503 7.96603155 -58.27151108 52.81555176 7.67977047 -58.30410767 52.94190216 7.82299232 -58.34391022 52.85400391 7.52838182 -58.3736496 52.98043442 7.66171026 -58.40957642 52.89348984 7.35871553 -58.43659592 53.01975632 7.48220062 -58.46873856 52.93378067 7.17078924 -58.49318314 53.05963135 7.28451777 -58.52164841 52.9746666 6.96467209 -58.54366684 53.09985352 7.06876326 -58.56858063 53.01594543 6.49838495 -58.62747574 53.18062592 8.25841427 -58.35232162 52.62522507 7.96157789 -58.38149261 52.76192474 8.09528446 -58.41674423 52.66556549 7.79032993 -58.44326782 52.80236435 7.9140048 -58.474617 52.7069664 7.60092592 -58.49863815 52.84364319 7.71466208 -58.52620316 52.74923706 7.39345312 -58.54788589 52.88554764 7.49737883 -58.57178497 52.79217529 7.16805172 -58.59128571 52.92790222 7.2623291 -58.61167145 52.83563614 8.46467972 -58.50730515 52.34988785 8.5764246 -58.53203964 52.23547745 10.97729492 -57.31397629 51.08996201 10.80488586 -58.03244019 51.18527603 10.7100544 -58.12299347 51.21545792 10.5966053 -58.20556641 51.24863815 10.46482754 -58.28037262 51.28438568 10.31480217 -58.34764481 51.32246017 10.14659977 -58.40765762 51.36267471 11.86200237 -57.85171127 50.44759369 11.34013271 -57.94530487 50.82187653 11.07419491 -57.98965836 51.00502396 10.98708725 -58.08330917 51.03261566 10.88098145 -58.16887283 51.06370163 10.75621605 -58.246521 51.09775543 10.61311531 -58.31646347 51.13433075 10.45178795 -58.37896729 51.17321396 10.27233791 -58.43431091 51.21421432 8.80792522 -58.16664886 52.40795898 8.97231865 -58.21350861 52.29904556 9.13145256 -58.25775909 52.18560791 9.2850523 -58.29925537 52.06755447 9.43283939 -58.33786774 51.94479752 9.57453823 -58.37345505 51.81723404 9.70987225 -58.40587616 51.68478394 9.83856392 -58.43500519 51.54734802 9.96033669 -58.46068954 51.40484238 8.36602783 -58.15535355 52.64764023 8.53003979 -58.20282745 52.54845428 8.68921375 -58.2479248 52.44491959 8.84328079 -58.29050064 52.33693695 8.99197197 -58.33043671 52.22441864 9.13501835 -58.36758804 52.10726929 9.27215195 -58.40183258 51.98539352 9.40310383 -58.43303299 51.85870361 9.5276041 -58.46105957 51.72710419 9.64538574 -58.48577881 51.59049988 9.21364594 -58.48588562 51.90180206 9.00632954 -58.53231049 51.9463768 9.32740879 -58.50963211 51.77106094 9.43439579 -58.53007889 51.63529587 10.88780117 -58.37747574 50.81862259 10.70354652 -58.43037415 50.85902405 10.81773567 -58.45016098 50.69390488 10.92373943 -58.46581268 50.52331543 11.02126789 -58.47716904 50.34716415 9.62699318 -58.56054688 51.34833908 10.28137589 -58.5157547 50.94594193 10.18201923 -58.50120163 51.10422897 10.53018188 -58.53493118 50.43805695 8.89661121 -58.5095253 52.07130432 8.68207073 -58.55385971 52.11631775 8.02367783 -58.59376907 52.4394722 8.11519432 -58.61089325 52.3270607 7.43501568 -58.64513779 52.63804245 7.51300764 -58.65802002 52.53252792 7.35138702 -58.62965393 52.739048 6.66428566 -58.66180038 53.01343155 7.58515263 -58.66820908 52.42241669 8.95996475 -58.6006279 51.72938538 9.53434277 -58.54709244 51.4944191 10.07491398 -58.48280334 51.257164 10.58146763 -58.40659332 51.0187645 10.75420666 -58.34888458 50.97910309 10.90876007 -58.28383255 50.94172668 11.04498768 -58.21116257 50.90684509 11.16253185 -58.13064194 50.87488937 6.81040812 -58.68717194 52.82962418 5.46911669 -58.57823563 53.65558624 5.6487174 -58.62254333 53.53834915 5.81328678 -58.66016006 53.40706635 5.96145821 -58.69047546 53.26103592 6.09186554 -58.712883 53.09955597 6.20314312 -58.72677612 52.92193604 7.65124273 -58.67560196 52.30760574 9.11025429 -58.61507034 51.44594193 9.58559895 -58.59431458 51.04837418 0.70722163 -58.79354095 54.08206558 1.30489612 -58.74609756 54.16012573 1.77762425 -58.66284943 54.22175598 1.92989612 -54.20462418 54.00965118 2.83529401 -54.48283386 53.87624741 3.83320546 -54.81201172 53.69562531 4.90050125 -55.17940903 53.46372604 6.01405191 -55.57229233 53.17648315 7.15072918 -55.97791672 52.82982254 8.28740406 -56.38353729 52.41968918 9.40094662 -56.77642059 51.94201279 10.46822929 -57.14381409 51.3927269 8.19744682 -58.10563278 52.74256134 1.94774342 -58.70827103 54.18848038 2.10082054 -58.74665833 54.13388062 1.40743268 -58.77147675 54.12634659 1.49565673 -58.79104233 54.07579041 4.0702467 -58.41671371 54.09767532 4.26911831 -58.47319794 54.04320526 4.45955038 -58.52598572 53.97855759 4.64033699 -58.574543 53.90307999 4.81027317 -58.61833954 53.8161087 4.96815205 -58.65685272 53.7169838 5.11276865 -58.68954468 53.60504532 5.24291706 -58.71589661 53.47963333 5.35739279 -58.73537064 53.34009171 5.45498848 -58.74744415 53.18575668 3.67125559 -58.63818359 54.06212616 3.99559236 -58.61781311 54.01711273 3.80565071 -58.67222595 53.99857712 4.14187908 -58.65508652 53.94603348 3.93046665 -58.70215988 53.9249115 4.27775621 -58.6878624 53.86412048 4.0447464 -58.72756958 53.84053421 4.4021821 -58.7156868 53.77076721 4.51411581 -58.73810959 53.6653595 3.46787024 -58.68858719 54.04277802 3.58157992 -58.71569824 53.97710419 3.68567514 -58.73871231 53.9015007 2.96253777 -58.75883865 53.99656677 1.56670547 -58.80363846 54.00635529 3.10368109 -58.7844429 53.85255051 2.60201406 -58.80025864 53.78252029 3.20536566 -58.79350281 53.66994858 3.34541965 -58.65776062 54.0990715 2.78757286 -58.71905899 54.10569382 4.06909084 -9.83435822 52.23656082 4.67185116 -9.86210632 52.0171051 4.90424299 -4.96809816 51.62627411 5.52973032 -4.9840703 51.39048767 9.64934921 -10.18624306 49.26711273 9.97021675 -5.13569021 48.99008179 10.92958927 -10.29085159 48.31256104 11.25571346 -5.18977785 48.06746674 17.75498009 -5.50626135 41.92969894 20.37241745 -5.64423132 38.78426361 12.22098637 -10.40279484 47.25517273 11.39364052 -20.36146164 47.94043732 2.42868948 -4.92114067 52.29591751 1.81692731 -4.91397238 52.39424515 1.70985579 -9.75742149 52.82738876 1.13399482 -9.74735641 52.90209579 0.98336339 -19.13356209 53.56586075 0.4863984 -19.1220665 53.6117897 0.40800792 -27.98129082 54.02777481 4.28129053 -4.95375204 51.83485031 3.47131181 -9.80988503 52.42756653 2.53622079 -19.21123695 53.2485733 1.7152729 -28.05677795 53.81909943 1.41089559 -36.24498367 54.07081985 1.25384843 -40.02853775 54.14134598 1.0927 -43.57672882 54.1823616 3.66097641 -4.94109821 52.01607895 3.04340768 -4.93020535 52.16981506 2.87871337 -9.78881741 52.58987427 2.29149508 -9.77128696 52.72323227 2.0086267 -19.17839241 53.38388062 1.49089015 -19.15242004 53.48976517 1.26596177 -28.02197075 53.91598511 0.83005279 -27.99669838 53.98567581 0.67392534 -36.17563248 54.20711136 0.32890519 -36.15784454 54.24157333 0.2489097 -43.49036789 54.29978943 5.30251598 -54.69966507 53.26903152 4.5801754 -49.44482422 53.08540344 3.44086647 -47.48059464 53.47579193 2.95907307 -45.68701172 53.63480759 3.17114472 -44.0236969 53.54428101 3.57718992 -40.48827362 53.35103989 3.95928049 -36.69597626 53.14666748 4.66670179 -28.4474659 52.688591 5.30973291 -19.4699192 52.14368439 4.17462778 -19.34853363 52.66982651 5.89151859 -9.92689896 51.49383163 6.5022893 -55.13164139 52.91304398 6.12293005 -49.98302841 52.43824387 4.96131706 -47.96325302 52.86245728 3.70711112 -45.89841461 53.34881973 3.96404362 -44.24290848 53.2179985 4.45245361 -40.71374512 52.94787216 4.90717173 -36.91716003 52.67563629 5.33352423 -32.88444901 52.39917374 7.98414183 -29.09858131 50.6774826 8.88966656 -19.9557724 49.92438507 7.67006922 -19.77550125 50.76799774 8.38186264 -10.09001541 50.11684036 7.42033815 -5.04105949 50.52130127 5.73677731 -28.63907623 52.11189651 6.47581863 -19.61289597 51.50875473 7.12872028 -10.00321865 50.85974503 6.1576457 -5.00159931 51.12763596 10.15084648 -56.45557022 51.43246841 8.95108223 -56.02360153 51.99793243 7.72668695 -55.57762146 52.49040222 33.32439423 -6.24739265 17.52573967 35.88942719 -3.18109083 12.12724686 30.77455139 -6.15276527 22.48469543 28.1976738 -6.04080153 27.09910202 25.60052109 -5.9158349 31.35988426 22.989851 -5.78219986 35.25796509 40.90514374 -3.21347737 0.24986567 37.9371109 -12.56827831 7.58501577 35.55681229 -12.47746849 12.91222668 33.09999084 -12.33636379 17.97973633 30.57940102 -12.15334702 22.77157784 28.00779533 -11.9368 27.27179527 25.39792633 -11.6951046 31.46442795 22.76254654 -11.4366436 35.33351135 20.1144104 -11.16980076 38.86309052 17.46626854 -10.90295601 42.03720093 14.8308773 -10.64449406 44.8398819 14.43680477 -15.804492 45.14364624 17.07388115 -16.18154526 42.35755539 19.72895241 -16.57082748 39.22061157 22.38401985 -16.9601059 35.75359344 25.02108192 -17.3371563 31.97727394 27.62213516 -17.68974876 27.91242409 30.16917992 -18.00565338 23.57982445 32.64421082 -18.27264595 19.00024986 35.02923584 -18.47849464 14.19447041 37.30624008 -18.61097145 9.18326759 38.8398056 -22.38556862 5.54036713 39.45723724 -18.65784645 3.98741198 39.73720932 -16.69705582 3.27518129 40.22813416 -12.60041046 2.01406121 40.37610245 -11.11394119 1.63102496 40.78992462 -5.60607958 0.55244577 13.96520519 -20.81426048 45.58063507 13.42181492 -25.63175964 46.12596893 16.58182907 -21.29846191 42.86870575 15.99749565 -26.20541763 43.5369873 19.22098351 -21.79836845 39.82836914 18.59956741 -26.79767799 40.64362717 21.86013222 -22.29827309 36.48334503 21.20163918 -27.38993835 37.47097397 24.47674179 -22.78247261 32.85735321 23.77730179 -27.96359062 34.04410934 27.04828453 -23.23526382 28.974123 26.30016518 -28.50003242 30.38812828 29.55222321 -23.64094353 24.8573761 28.74382973 -28.98065948 26.5281105 31.96602631 -23.98380661 20.53083038 31.08189392 -29.38686562 22.48914909 34.26716614 -24.24815369 16.01821327 33.28796005 -29.70004654 18.2963295 36.43310547 -24.41827583 11.3432436 35.33562851 -29.90159988 13.97473621 37.1985054 -29.97291756 9.54946136 37.69563293 -27.93095016 8.35346127 38.44131088 -24.47847366 6.52964544 34.00624847 -35.07900238 17.04144478 32.08428955 -34.85100937 20.99386787 29.98486137 -34.49674988 24.84235573 27.7375412 -34.03726196 28.56191254 25.37190628 -33.49359131 32.1275444 22.91753197 -32.88677979 35.51425552 20.40399742 -32.23788452 38.69704819 17.86088181 -31.56793404 41.65093231 15.31776047 -30.89798737 44.350914 12.80421066 -30.24908257 46.77199554 10.34981251 -29.64226532 48.88918304 12.10806847 -34.64540863 47.51105118 14.53706455 -35.35515976 45.29894638 16.99808502 -36.08791733 42.83475494 19.45910072 -36.82068253 40.14204788 21.8880806 -37.53042221 37.24440002 24.25299835 -38.19412231 34.16537857 26.52182007 -38.78877258 30.92855072 28.66252136 -39.29133987 27.55748749 30.64307022 -39.67881775 24.07575989 32.43143463 -39.92818832 20.50693703 33.99559021 -40.01642227 16.87458992 34.54039001 -38.59688568 15.67515373 35.72115707 -35.15967178 13.01008034 36.27379608 -33.3523674 11.73200417 -35.88937759 -3.17694283 12.12679482 -35.84066772 -6.31319571 12.23016167 -35.72976303 -9.40971565 12.49269581 -38.15880203 -9.47862625 7.01574564 -40.22923279 -12.58995438 2.01122975 -37.93809128 -12.55793762 7.5822072 -39.73614502 -16.70483208 3.27789617 -37.3075676 -18.60150528 9.17965126 -39.45867157 -18.64827538 3.9837625 -38.83986664 -22.38523865 5.54021835 -36.43681717 -24.39921761 11.33384132 -28.19753838 -6.03504896 27.09817314 -30.57993698 -12.14450645 22.76918602 -32.64523697 -18.26394272 18.99693489 -34.27067184 -24.22969818 16.00911522 -25.60026932 -5.91070938 31.35906219 -28.00816536 -11.92874241 27.26963043 -30.17002106 -17.99755287 23.57675743 -31.96924973 -23.96629333 20.52221107 -33.29176331 -29.68440247 18.28682899 -8.69066238 -5.08499432 49.80828476 -7.41950274 -5.04034519 50.52121735 -6.15679264 -5.00108671 51.12758255 -4.90337801 -4.96775818 51.62624359 -3.04253173 -4.93006229 52.16981125 -5.52887058 -4.98364782 51.39044571 -5.89073372 -9.92617035 51.49370575 -8.38114452 -10.08868217 50.1165657 -7.66973877 -19.77304077 50.76695633 -7.12796545 -10.00220585 50.85954666 -6.47537374 -19.61102676 51.50799179 -1.70902908 -9.75733948 52.82739639 -1.1331712 -9.74731445 52.90210724 -1.20735192 -4.90874052 52.46465683 -1.81605065 -4.91391611 52.39424515 -2.42781234 -4.92104626 52.29591751 -2.29066777 -9.77114773 52.72323227 -2.87788773 -9.78861141 52.58986282 -2.53552771 -19.21085548 53.24847031 -3.07264638 -19.25017357 53.08405304 -2.65159678 -28.15353775 53.54534149 -0.56329328 -9.74120617 52.94711304 -38.44515991 -24.45919991 6.52014208 -37.69558334 -27.9311657 8.35358429 -35.33965302 -29.88544464 13.96491814 -37.20265579 -29.95658302 9.53953743 -36.26926804 -33.3677063 11.74255085 -34.00710297 -35.07606506 17.03930283 -22.98948669 -5.7777462 35.25725937 -25.39812469 -11.68792343 31.46251297 -27.62278366 -17.6823597 27.90964699 -29.55511284 -23.62464714 24.84937668 -31.08540726 -29.372015 22.48015022 -32.08503342 -34.84815979 20.99180031 -35.7220993 -35.15671158 13.0079174 -34.54116821 -38.5947876 15.67342472 -32.44163513 -39.90230179 20.48450661 -30.48353004 -47.22093964 24.14930725 -31.37233543 -44.36822128 22.6308403 -32.53240585 -43.3946991 20.0016613 -34.00597382 -39.99024963 16.85190773 -29.1611557 -49.20999527 26.68284416 -30.65286255 -39.65375519 24.05405426 -29.98547745 -34.49403 24.84040451 -28.74699211 -28.96683693 26.51976395 -27.05079651 -23.22041321 28.96686363 -25.02152824 -17.3305645 31.974823 -22.76257515 -11.43039989 35.33186722 -20.37194824 -5.64047003 38.78367233 -20.11427116 -11.16452503 38.86172104 -22.3842659 -16.95436859 35.75149155 -24.47885323 -22.76923561 32.85091782 -26.30293274 -28.48742867 30.38055038 -27.73801613 -34.03471375 28.56011772 -28.67172432 -39.26755524 27.5369091 -28.98740959 -44.03778839 27.4154129 -14.83043766 -10.64112854 44.83905029 -17.4659729 -10.89864922 42.03610611 -17.0737381 -16.17757416 42.35616302 -19.72900009 -16.56597137 39.21886444 -19.22225189 -21.78864098 39.82371521 -21.86182213 -22.28676224 36.47778702 -21.20353127 -27.38015366 37.46517563 -23.77964211 -27.95234871 34.03739166 -22.91769981 -32.88467407 35.51284409 -25.37222672 -33.49124908 32.12593079 -24.26059341 -38.1739502 34.14800262 -26.53028107 -38.76663589 30.90943909 -25.11688042 -43.10433197 33.51713562 -27.13670921 -43.63141251 30.51478958 -26.27156448 -45.64838409 32.11307526 -11.25495338 -5.18830824 48.06726074 -12.22041893 -10.40031338 47.25458908 -14.43648815 -15.80138111 45.14259338 -16.58268738 -21.29052353 42.8649559 -18.60101128 -26.78940201 40.63877487 -20.40401077 -32.23601913 38.695858 -21.89472771 -37.51243591 37.22896576 -22.96174049 -42.48068619 36.40123367 -23.44905281 -47.00537872 36.39982224 -25.32798195 -47.54150391 33.79147339 -27.03336906 -47.95485306 31.09394264 -26.65616035 -49.86187744 31.79390717 -9.96942806 -5.13449478 48.98992157 -10.92896652 -10.28877926 48.31208801 -11.83525753 -15.44959068 47.55737305 -13.96566963 -20.80805588 45.57775879 -15.99849606 -26.19865417 43.53308105 -17.86074448 -31.56633377 41.64996338 -19.46474075 -36.80504227 40.12868118 -20.70512581 -41.78461456 39.14586639 -21.43128586 -46.3710289 38.90127182 -22.49430656 -48.76638031 37.95708466 -24.29362679 -49.2991333 35.55549622 -25.91929817 -49.70988083 33.06641388 -4.28041983 -4.95348597 51.83482742 -4.6710434 -9.861619 52.01703644 -5.30919123 -19.46857452 52.1431694 -5.73613548 -28.63868141 52.11182785 -3.47048998 -9.80959702 52.42753983 -3.61892438 -19.29584885 52.89094162 -3.63663387 -28.2845726 53.16744232 -3.05831838 -36.50583649 53.53571701 -3.57977343 -40.4834404 53.34508514 -3.96791053 -44.23816299 53.21039963 -2.20699596 -36.35546875 53.84562302 -1.41064453 -36.24433136 54.07025909 -1.26533198 -28.02190971 53.91601562 -0.98264998 -19.13348579 53.56586075 -17.64893532 -49.06825638 43.64007187 -19.30939865 -45.66301727 41.27812195 -17.11809349 -44.90589523 43.51265717 -18.38086128 -41.04026413 41.72980881 -16.02277565 -40.27177429 44.13184357 -17.0026989 -36.07470322 42.82352066 -14.540658 -35.34436417 45.2898407 -15.31748295 -30.89664841 44.35016632 -12.80381012 -30.24800301 46.77145004 -13.42239952 -25.62646484 46.12296295 -10.89913273 -25.09139252 48.38331604 -11.39374924 -20.356884 47.93836594 -8.88946819 -19.9526577 49.92302322 -9.28805256 -15.13440514 49.57970428 -14.89208412 -44.12421417 45.58716583 -13.66469193 -39.50328827 46.33075333 -12.11068726 -34.63697433 47.50400925 -10.34930515 -29.64143372 48.88882828 -8.45510769 -24.6119957 50.28901291 -11.21500111 -51.87772751 49.71220398 -12.05091858 -50.54280472 48.87734222 -12.83409405 -49.11130905 48.03723907 -13.56776237 -47.56855774 47.20154953 -12.66608047 -43.34254074 47.48394012 -11.3404417 -38.75894547 48.30531693 -9.74484539 -33.9754715 49.442379 -7.98355341 -29.09798241 50.67728424 -9.64867592 -10.1845541 49.26674271 -9.08385181 -38.06288528 50.0343132 -7.4751935 -33.38280106 51.08132553 -5.33379507 -32.88190079 52.39719772 -4.66604614 -28.44716454 52.68856049 -4.17400932 -19.34763718 52.66950989 -4.06827497 -9.83397675 52.23651505 -3.66010261 -4.94089794 52.0160675 1.20822704 -4.90876818 52.46465302 0.56411153 -9.74121857 52.94710541 0.00040513 -9.73914146 52.96216583 0.00034726 -19.11817551 53.62718964 -0.48569107 -19.12203979 53.61180115 -0.40740928 -27.98127365 54.02779007 -0.82943714 -27.99666023 53.98569489 -0.67349249 -36.17544937 54.20698166 -1.03440428 -36.20441818 54.14977646 -1.25389719 -40.02767181 54.14035034 -1.97423112 -40.14071274 53.94773865 -2.75096941 -40.29365921 53.68191147 -3.1737566 -44.02029419 53.53889084 -3.71051621 -45.89488983 53.34243011 1.05861652 -58.81085205 53.9640274 1.61771667 -58.80809021 53.91596603 31.34609032 -44.42046356 22.68491745 32.52140808 -43.41792297 20.02464676 32.53834534 -2.5 0.1789408</float_array>
          <technique_common>
            <accessor source="#pos_0-array" count="16734" stride="3">
              <param name="X" type="float"/>
              <param name="Y" type="float"/>
              <param name="Z" type="float"/>
            </accessor>
          </technique_common>
        </source>
        <source id="norm_0">
          <float_array id="norm_0-array" count="30600">1 0 0 -1 0 0 0 -0.05414 0.99853 0 -0.16178 0.98683 0 -0.26753 0.96355 0 -0.37014 0.92898 0 -0.46841 0.88351 0 -0.56119 0.82769 0 -0.64739 0.76216 0 -0.72599 0.6877 0 -0.79609 0.60517 0 -0.85686 0.51555 0 -0.90757 0.4199 0 -0.94765 0.3193 0 -0.97662 0.21498 0 -0.99414 0.10811 0 -1 0 0 -0.99414 -0.10811 0 -0.97662 -0.21498 0 -0.94765 -0.3193 0 -0.90757 -0.4199 0 -0.85686 -0.51555 0 -0.79609 -0.60517 0 -0.72599 -0.6877 0 -0.64739 -0.76216 0 -0.56119 -0.82769 0 -0.46841 -0.88351 0 -0.37014 -0.92898 0 -0.26753 -0.96355 0 -0.16178 -0.98683 0 -0.05414 -0.99853 0 0.05414 -0.99853 0 0.16178 -0.98683 0 0.26753 -0.96355 0 0.37014 -0.92898 0 0.46841 -0.88351 0 0.56119 -0.82769 0 0.64739 -0.76216 0 0.72599 -0.6877 0 0.79609 -0.60517 0 0.85686 -0.51555 0 0.90757 -0.4199 0 0.94765 -0.3193 0 0.97662 -0.21498 0 0.99414 -0.10811 -0 1 0 -0 0.99414 0.10811 -0 0.97662 0.21498 -0 0.94765 0.3193 -0 0.90757 0.4199 -0 0.85686 0.51555 -0 0.79609 0.60517 -0 0.72599 0.6877 -0 0.64739 0.76216 -0 0.56119 0.82769 -0 0.46841 0.88351 -0 0.37014 0.92898 -0 0.26753 0.96355 -0 0.16178 0.98683 -0 0.05414 0.99853 0 0.99853 -0.05414 -0 0.98683 -0.16179 -0 0.96355 -0.26753 -0 0.92898 -0.37013 -0 0.88351 -0.46841 -0 0.82769 -0.56119 -0 0.76216 -0.64739 -0 0.6877 -0.72599 -0 0.60517 -0.7961 -0 0.51556 -0.85685 -0 0.41989 -0.90758 -0 0.3193 -0.94765 -0 0.21497 -0.97662 -0 0.10812 -0.99414 -0 -0 -1 -0 -0.10812 -0.99414 -0 -0.21497 -0.97662 -0 -0.3193 -0.94765 -0 -0.41988 -0.90758 -0 -0.51556 -0.85685 -0 -0.60517 -0.7961 -0 -0.6877 -0.72599 -0 -0.76216 -0.64739 -0 -0.82769 -0.56119 -0 -0.88351 -0.46841 -0 -0.92898 -0.37013 -0 -0.96355 -0.26753 -0 -0.98683 -0.16179 -0 -0.99853 -0.05414 1 -9E-05 0 1 -0.00012 -1E-05 1 2E-05 0.00081 1 -0 0.00052 -0 0 -1 0 1E-05 -1 1E-05 0 -1 0 0 -1 1 0 -0.00091 1 -3E-05 -0.00126 1 0.00015 0 1 0.00042 7E-05 1 0.00018 -6E-05 -0 -0.15543 0.98785 0.01182 -0.15343 0.98809 -0.00726 -0.16322 0.98656 -0.0056 -0.16258 0.98668 0.00554 -0.17514 0.98453 0.00573 -0.17506 0.98454 -0.00544 -0.18281 0.98313 0.00159 -0.17971 0.98372 -0 -0.18438 0.98285 0 -0.18581 0.98259 -0.00077 -0.19322 0.98116 0 -0.22424 0.97453 -0.00839 -0.22536 0.97424 0.00887 -0.2104 0.97758 -0.00204 -0.21173 0.97733 0.00164 -0.19494 0.98081 -0 -1 0 0 -1 -0 -0.91246 0.09861 0.39711 -0.91013 0.1004 0.40198 -0.91998 0.13317 0.36864 -0.89806 0.10833 0.42631 -0.90489 0.15425 0.39672 -0.89509 0.15272 0.41892 -0.91309 0.14214 0.38217 -0.8898 0.18346 0.41785 -0.89947 0.17581 0.40005 -0.90194 0.17234 0.39597 -0.86146 0.17152 0.47799 -0.87794 0.17329 0.44631 -0.89048 0.17122 0.42158 -0.88877 0.13107 0.4392 -0.88884 0.14341 0.4352 -0.88878 0.14334 0.43535 -0.86698 0.16191 0.4713 -0.89763 0.18569 0.39973 -0.9006 0.09799 0.42345 -0.89688 0.10783 0.42892 -0.8972 0.1196 0.42513 -0.89488 0.11899 0.43015 -0.88896 0.12879 0.4395 -0.52664 0.08067 -0.84625 -0.69265 -0.00258 -0.72127 -0.39973 0.19714 -0.89518 -0.62488 0.05968 -0.77844 -0.84837 -0.09051 -0.52161 -0.78938 -0.06534 -0.61042 -0.83946 -0.08417 -0.53687 -0.63421 -0.02032 -0.77289 -0.84644 -0.11269 -0.52042 -0.15861 0.33873 -0.92742 -0.21851 0.30798 -0.92596 -0.28184 0.27284 -0.91985 -0.33197 0.26227 -0.9061 -0.33006 0.24603 -0.91134 -0.3622 0.22938 -0.90343 -0.90691 -0.10484 -0.40808 -0.89466 -0.14899 -0.42118 -0.89577 -0.13596 -0.42322 -0.89487 -0.13742 -0.42464 -0.89262 -0.13337 -0.43064 -0.89308 -0.1028 -0.43799 -0.90088 -0.11822 -0.41765 -0.89469 -0.10203 -0.43488 -0.90672 -0.10627 -0.40812 -0.90693 -0.1068 -0.40753 -0.9071 -0.1072 -0.40704 -0.90981 -0.09501 -0.40401 -0.90987 -0.09606 -0.40363 -0.91028 -0.09736 -0.40239 -0.9107 -0.09799 -0.40129 -0.91111 -0.09857 -0.4002 -0.51467 0.14742 -0.84462 -0.53479 0.11788 -0.83672 -0.48607 0.15436 -0.86018 -0.46594 0.17121 -0.86809 -0.19656 0.32463 -0.92519 -0.12903 0.35039 -0.92767 -0.87033 -0.1422 -0.47149 -0.83449 -0.09911 -0.54204 -0.85744 -0.12583 -0.49896 -0.86639 -0.10748 -0.48767 -0.87444 -0.11549 -0.47119 -0.89223 -0.11165 -0.43757 -0.90007 -0.11793 -0.41948 -0.9012 -0.11579 -0.41764 -0.70567 -0.0415 -0.70732 -0.68104 -0.00251 -0.73224 -0.73277 -0.05641 -0.67813 -0.71268 -0.02255 -0.70112 -0.75005 -0.0623 -0.65844 -0.58769 0.03978 -0.80811 -0.5506 0.05948 -0.83265 -0.5506 0.05948 -0.83265 -0.52623 0.08971 -0.84559 -0.57863 0.04313 -0.81445 -0.57838 0.05196 -0.81411 -0.61598 0.01682 -0.78758 -0.63458 0.01535 -0.77271 -0.61109 0.00277 -0.79156 -0.63434 -0.0011 -0.77305 -0.65345 -0.02035 -0.7567 -0.67265 -0.02261 -0.73962 -0.73097 -0.0694 -0.67887 -0.70601 -0.02777 -0.70766 -0.75373 -0.08017 -0.65228 -0.73323 -0.04397 -0.67856 -0.76537 -0.07971 -0.63863 -0.76652 -0.05816 -0.63959 -0.79907 -0.09495 -0.5937 -0.79984 -0.09586 -0.59251 -0.81466 -0.14184 -0.56233 -0.72033 -0.05747 -0.69125 -0.75382 -0.09616 -0.65 -0.76754 -0.08224 -0.6357 -0.78132 -0.09867 -0.61628 -0.79984 -0.09586 -0.59251 -0.5737 0.02842 -0.81857 -0.57351 0.03858 -0.81829 -0.60077 0.00249 -0.79942 -0.60072 0.01285 -0.79935 -0.61687 -0.00918 -0.78701 -0.61671 -0.02453 -0.78681 -0.51569 0.07078 -0.85385 -0.51528 0.08119 -0.85317 -0.54565 0.04386 -0.83686 -0.54537 0.05452 -0.83642 -0.57568 0.01581 -0.81752 -0.57568 0.01581 -0.81752 -0.88121 -0.12249 -0.45658 -0.88541 -0.16303 -0.43528 -0.88574 -0.16081 -0.43544 -0.89619 -0.18325 -0.40406 -0.70967 -0.08124 -0.69983 -0.74084 -0.08666 -0.66607 -0.73864 -0.11574 -0.66409 -0.75804 -0.10129 -0.64429 -0.75486 -0.13626 -0.64158 -0.77451 -0.12194 -0.6207 -0.77062 -0.15724 -0.61759 -0.79104 -0.23937 -0.563 -0.79864 -0.19769 -0.56841 -0.78582 -0.1786 -0.5921 -0.75347 -0.18372 -0.6313 -0.75739 -0.15385 -0.63458 -0.74635 -0.12538 -0.65364 -0.74427 -0.1456 -0.65181 -0.72521 -0.09943 -0.68131 -0.7236 -0.11957 -0.67979 -0.70325 -0.07392 -0.70709 -0.70207 -0.09391 -0.70589 -0.68066 -0.04896 -0.73096 -0.68066 -0.04896 -0.73096 -0.70967 -0.08124 -0.69983 -0.83502 -0.1408 -0.53189 -0.84471 -0.17668 -0.50522 -0.83129 -0.25255 -0.49515 -0.81399 -0.22214 -0.53673 -0.84629 -0.23038 -0.48032 -0.83803 -0.21557 -0.50123 -0.86697 -0.189 -0.46112 -0.81729 -0.11736 -0.56415 -0.83168 -0.16631 -0.52976 -0.81522 -0.14262 -0.56131 -0.81127 -0.17267 -0.55859 -0.82023 -0.18631 -0.54085 -0.81399 -0.22213 -0.53673 -0.81594 -0.22539 -0.5324 -0.80719 -0.26653 -0.52669 -0.69169 -0.04264 -0.72093 -0.73495 -0.09134 -0.67194 -0.73595 -0.07509 -0.67286 -0.76544 -0.11043 -0.63396 -0.76544 -0.11043 -0.63396 -0.79155 -0.11137 -0.60086 -0.7886 -0.14053 -0.59863 -0.78861 -0.14053 -0.59862 -0.79045 -0.14304 -0.59559 -0.78582 -0.1786 -0.5921 -0.77955 -0.16963 -0.60294 -0.77308 -0.2117 -0.59794 -0.7224 -0.14294 -0.67654 -0.7224 -0.14294 -0.67654 -0.6992 -0.09058 -0.70917 -0.6976 -0.11276 -0.70755 -0.67261 -0.06076 -0.7375 -0.67154 -0.08283 -0.73632 -0.64509 -0.03149 -0.76346 -0.64509 -0.03149 -0.76346 -0.65719 -0.04418 -0.75243 -0.65763 -0.02466 -0.75293 -0.69106 -0.0603 -0.72028 -0.67265 -0.02261 -0.73962 -0.71957 -0.07346 -0.69052 -0.8191 -0.07358 -0.56891 -0.74209 -0.01857 -0.67004 -0.7473 -0.02452 -0.66403 -0.71783 -0.00513 -0.6962 -0.7214 -0.00978 -0.69245 -0.67085 0.03238 -0.74089 -0.78989 -0.05461 -0.61081 -0.84034 -0.08526 -0.53532 -0.84047 -0.08344 -0.5354 -0.83873 -0.0794 -0.53872 -0.83701 -0.10192 -0.53762 -0.81758 -0.08094 -0.5701 -0.81758 -0.08094 -0.5701 -0.82453 -0.10456 -0.55607 -0.76273 -0.03829 -0.64558 -0.76273 -0.03829 -0.64558 -0.74732 -0.02348 -0.66405 -0.76166 -0.04432 -0.64646 -0.72143 -0.00522 -0.69247 -0.58825 0.09054 -0.8036 -0.59296 0.0847 -0.80077 -0.56017 0.10531 -0.82166 -0.53532 0.12517 -0.83532 -0.53885 0.13716 -0.83116 -0.71152 -0.0028 -0.70266 -0.71148 -0.01113 -0.70262 -0.30176 0.26688 -0.91527 -0.32285 0.25111 -0.91253 -0.35587 0.22846 -0.90618 -0.3556 0.23165 -0.90548 -0.35294 0.25488 -0.90026 -0.23005 0.29429 -0.92762 -0.23005 0.29427 -0.92762 -0.22445 0.29786 -0.92785 -0.17281 0.32381 -0.93021 -0.18641 0.31857 -0.92939 -0.19634 0.30905 -0.93056 -0.19634 0.30905 -0.93056 -0.17281 0.32381 -0.93021 -0.1728 0.32381 -0.93021 -0.17262 0.32664 -0.92925 -0.12904 0.35039 -0.92767 -0.12904 0.35039 -0.92767 -0.33537 0.23672 -0.91186 -0.33537 0.23671 -0.91186 -0.31751 0.24898 -0.91498 -0.31808 0.24217 -0.91661 -0.30449 0.25151 -0.91871 -0.30509 0.2441 -0.92051 -0.26537 0.27111 -0.92524 -0.72291 -0.02248 -0.69058 -0.67866 0.02001 -0.73418 -0.67866 0.02001 -0.73418 -0.6531 0.03465 -0.75648 -0.65311 0.03465 -0.75647 -0.60778 0.06528 -0.79142 -0.62274 0.06153 -0.78001 -0.62308 0.0518 -0.78044 -0.63894 0.04735 -0.76779 -0.63922 0.03722 -0.76812 -0.65604 0.03198 -0.75405 -0.65623 0.02142 -0.75426 -0.73518 -0.02574 -0.67738 -0.74772 -0.04815 -0.66227 -0.70738 -0.00713 -0.7068 -0.72269 -0.03286 -0.69039 -0.69293 -0.00285 -0.721 -0.36612 0.22127 -0.90388 -0.36668 0.21464 -0.90525 -0.3539 0.22374 -0.90813 -0.35449 0.21652 -0.90965 -0.32525 0.2372 -0.9154 -0.32586 0.22954 -0.91713 -0.39249 0.1887 -0.90019 -0.39249 0.1887 -0.90019 -0.43555 0.15579 -0.88658 -0.41367 0.18013 -0.89243 -0.47447 0.13277 -0.8702 -0.45453 0.15585 -0.87699 -0.23845 0.2818 -0.92937 -0.274 0.2639 -0.92481 -0.27449 0.25757 -0.92645 -0.29708 0.24963 -0.92164 -0.29771 0.24152 -0.9236 -0.57182 0.07297 -0.81713 -0.57182 0.07297 -0.81713 -0.54303 0.10392 -0.83326 -0.5434 0.09738 -0.83381 -0.51601 0.12596 -0.84727 -0.51641 0.11972 -0.84793 -0.49047 0.1461 -0.85912 -0.4909 0.14014 -0.85987 -0.4664 0.16453 -0.86914 -0.50358 0.13584 -0.8532 -0.50319 0.14131 -0.85254 -0.5254 0.11838 -0.84258 -0.52503 0.1241 -0.84198 -0.5485 0.09936 -0.83022 -0.54816 0.10533 -0.82971 -0.57289 0.07863 -0.81585 -0.57259 0.08487 -0.81544 -0.59854 0.05603 -0.79913 -0.59831 0.06255 -0.79882 -0.59909 0.06149 -0.79832 -0.59952 0.04821 -0.7989 -0.56075 0.08259 -0.82386 -0.5614 0.06722 -0.82481 -0.51439 0.10766 -0.85077 -0.72302 -0.0138 -0.69069 -0.73498 -0.03478 -0.6772 -0.69264 0.00699 -0.72125 -0.7073 -0.01709 -0.70671 -0.67404 0.01528 -0.73854 -0.67411 0.00429 -0.73862 -0.65693 0.02076 -0.75367 -0.65705 0.0081 -0.75381 -0.62809 0.03559 -0.77732 -0.55265 0.10163 -0.8272 -0.57085 0.09656 -0.81535 -0.57142 0.08587 -0.81616 -0.59074 0.07992 -0.80289 -0.59124 0.06877 -0.80356 -0.61173 0.06184 -0.78865 -0.61213 0.0502 -0.78917 -0.6338 0.04216 -0.77235 -0.63407 0.03002 -0.77269 -0.63407 0.03002 -0.77269 -0.61343 0.04902 -0.78822 -0.6138 0.03505 -0.78869 -0.57876 0.06686 -0.81276 -0.45748 0.13842 -0.87838 -0.43497 0.16391 -0.8854 -0.4944 0.11651 -0.86139 -0.47395 0.14058 -0.86925 -0.51001 0.1113 -0.85294 -0.51001 0.11131 -0.85294 -0.49194 0.13306 -0.8604 -0.44376 0.18138 -0.8776 -0.46684 0.15884 -0.86996 -0.42615 0.18928 -0.88463 -0.42615 0.18928 -0.88463 -0.45304 0.16349 -0.87637 -0.45256 0.16969 -0.87544 -0.48114 0.14165 -0.86513 -0.48067 0.14815 -0.86429 -0.51094 0.11767 -0.85153 -0.51051 0.1245 -0.85081 -0.54239 0.09137 -0.83514 -0.54202 0.09854 -0.83457 -0.54314 0.09713 -0.83401 -0.54385 0.0826 -0.8351 -0.49392 0.12453 -0.86055 -0.51483 0.09944 -0.85151 -0.45692 0.14678 -0.87731 -0.51937 0.08697 -0.85011 -0.51979 0.07726 -0.85079 -0.4928 0.10952 -0.86322 -0.4933 0.10006 -0.86409 -0.46673 0.13096 -0.87465 -0.46729 0.12176 -0.87568 -0.67354 -0.0082 -0.7391 -0.64315 0.00702 -0.76571 -0.64315 0.00702 -0.76571 -0.61573 0.03325 -0.78726 -0.59751 0.03434 -0.80113 -0.55669 0.07139 -0.82765 -0.55701 0.06275 -0.82813 -0.50261 0.1097 -0.85752 -0.50309 0.10088 -0.85833 -0.44127 0.15129 -0.88453 -0.44187 0.14235 -0.88571 -0.39973 0.19714 -0.89518 -0.43623 0.16294 -0.88496 -0.37313 0.21001 -0.9037 -0.39365 0.18783 -0.89987 -0.34684 0.22199 -0.91128 -0.34746 0.21409 -0.91293 -0.32126 0.23279 -0.91793 -0.32191 0.2244 -0.91979 -0.23845 0.28179 -0.92937 -0.21663 0.29955 -0.92916 -0.26567 0.26734 -0.92626 -0.22445 0.29786 -0.92785 -0.26599 0.2707 -0.92519 -0.26544 0.27765 -0.92328 -0.28438 0.2651 -0.92133 -0.28446 0.26411 -0.92159 -0.25697 0.28943 -0.92206 -0.78918 -0.06513 -0.61069 -0.78918 -0.06513 -0.61069 -0.80207 -0.07897 -0.59199 -0.80283 -0.06593 -0.59255 -0.81805 -0.08144 -0.56935 -0.81763 -0.08756 -0.56905 -0.79351 -0.04435 -0.60693 -0.40702 0.19847 -0.8916 -0.43912 0.18384 -0.87942 -0.44369 0.18224 -0.87745 -0.48343 0.14604 -0.86312 -0.4826 0.15712 -0.86164 -0.5349 0.11617 -0.83689 -0.55203 0.11189 -0.82628 -0.5933 0.07776 -0.80122 -0.60738 0.07464 -0.7909 -0.62488 0.05968 -0.77844 -0.6529 0.04265 -0.75624 -0.69047 0.00521 -0.72334 -0.69038 0.01677 -0.72325 -0.73875 -0.02931 -0.67334 -0.73875 -0.02931 -0.67334 -0.76198 -0.03353 -0.64673 -0.75042 -0.04119 -0.65968 -0.76882 -0.0443 -0.63792 -0.7682 -0.05997 -0.6374 -0.7682 -0.05997 -0.6374 -0.74803 -0.03872 -0.66254 -0.7508 -0.04368 -0.65909 -0.72269 -0.03286 -0.69039 -0.71268 -0.02255 -0.70112 -0.69286 -0.01431 -0.72093 -0.68104 -0.00251 -0.73224 -0.65705 0.0081 -0.75381 -0.64302 0.02159 -0.76555 -0.62835 0.02133 -0.77764 -0.5971 0.05042 -0.80058 -0.57929 0.05114 -0.81351 -0.53533 0.08995 -0.83984 -0.53572 0.08152 -0.84045 -0.47949 0.12872 -0.86806 -0.48001 0.12013 -0.869 -0.4165 0.17053 -0.893 -0.41712 0.16185 -0.89432 -0.86665 -0.09268 -0.49023 -0.87474 -0.09846 -0.47449 -0.88513 -0.09844 -0.45482 -0.91196 -0.09924 -0.3981 -0.9125 -0.09948 -0.39679 -0.89945 -0.09499 -0.42658 -0.90699 -0.10455 -0.40797 -0.89177 -0.09925 -0.44147 -0.89481 -0.10078 -0.43493 -0.88036 -0.10259 -0.46307 -0.84397 -0.34319 -0.41224 -0.83129 -0.25255 -0.49515 -0.85792 -0.3096 -0.41003 -0.84628 -0.23043 -0.48032 -0.8707 -0.28171 -0.40313 -0.86696 -0.18909 -0.46112 -0.86547 -0.18662 -0.46491 -0.86551 -0.18656 -0.46485 -0.87178 -0.14411 -0.46822 -0.85378 -0.16795 -0.4928 -0.85899 -0.12774 -0.4958 -0.84243 -0.15119 -0.51715 -0.84676 -0.11307 -0.51981 -0.83157 -0.13609 -0.53849 -0.83508 -0.10109 -0.54076 -0.81055 -0.10889 -0.57546 -0.45617 0.13083 -0.88022 -0.45675 0.12096 -0.88133 -0.42751 0.15373 -0.89084 -0.42813 0.14415 -0.89215 -0.39961 0.17534 -0.89976 -0.40026 0.16606 -0.90123 -0.37256 0.1957 -0.90714 -0.37323 0.18671 -0.90876 -0.34643 0.21484 -0.91315 -0.36989 0.19768 -0.9078 -0.36925 0.20584 -0.90625 -0.41427 0.17224 -0.89371 -0.39305 0.19549 -0.89849 -0.45507 0.14824 -0.87803 -0.43568 0.17033 -0.88384 -0.47528 0.13953 -0.8687 -0.47528 0.13953 -0.8687 -0.44196 0.1719 -0.88041 -0.44248 0.16514 -0.88144 -0.41115 0.19477 -0.89052 -0.41167 0.18835 -0.89166 -0.38231 0.21548 -0.89856 -0.40187 0.20151 -0.89325 -0.40184 0.20185 -0.89319 -0.38941 0.22612 -0.89288 -0.85573 -0.09232 -0.50912 -0.86464 -0.0903 -0.49421 -0.86343 -0.1046 -0.49351 -0.8698 -0.09491 -0.48418 -0.87444 -0.11549 -0.47119 -0.87444 -0.11549 -0.47119 -0.85389 -0.09557 -0.51161 -0.85744 -0.12583 -0.49896 -0.82574 -0.08957 -0.55689 -0.83307 -0.11488 -0.54111 -0.80031 -0.07704 -0.59462 -0.81055 -0.10889 -0.57546 -0.78287 -0.07618 -0.61751 -0.78132 -0.09867 -0.61628 -0.75445 -0.06722 -0.65291 -0.75549 -0.0698 -0.65144 -0.73097 -0.0694 -0.67887 -0.70468 -0.04043 -0.70838 -0.70468 -0.04043 -0.70838 -0.67338 -0.02337 -0.73893 -0.67338 -0.02337 -0.73893 -0.65358 -0.00327 -0.75685 -0.63465 -0.00141 -0.7728 -0.61095 0.02165 -0.79138 -0.58798 0.02503 -0.80849 -0.54632 0.06331 -0.83518 -0.54664 0.05337 -0.83566 -0.48548 0.10665 -0.86772 -0.48599 0.0965 -0.86862 -1 -0.00046 0.001 -1 2E-05 -0.00072 -1 0 -0.00056 -1 -0.00014 0.00013 -1 -0.00012 0.0001 -1 3E-05 -0.0001 -1 5E-05 -0.00013 0 0.21847 -0.97584 0.00479 0.22439 -0.97449 0.00244 0.22592 -0.97414 0 0.22981 -0.97323 -0.01067 -0.2392 -0.97091 -0.47575 -0.23367 -0.84797 -0.54165 -0.2589 -0.79974 -0.42213 -0.18477 -0.88751 -0.69063 -0.17146 -0.70259 0.78026 -0.14225 -0.60907 0.47537 -0.14831 -0.86719 0.43007 -0.14369 -0.89129 0.12128 -0.19135 -0.974 -0.39738 -0.14051 -0.90683 -0.4676 -0.17534 -0.86637 -0.45232 -0.1336 -0.88179 -0.52771 -0.17592 -0.83101 -0.32975 -0.10736 -0.93795 -0.61397 -0.09916 -0.78307 -0.61683 -0.02465 -0.78671 0.32152 -0.21285 -0.92267 0.58062 -0.17566 -0.795 0.33231 -0.2079 -0.91997 -0.74367 -0.29736 -0.59877 -0.37435 -0.26149 -0.88966 0.33822 -0.13063 -0.93196 0.20073 -0.11295 -0.97311 -0.31806 -0.04361 -0.94707 -0.51869 0.0232 -0.85465 0.91469 -0.09616 -0.39254 0.91382 -0.09512 -0.39481 0.91377 -0.09449 -0.39509 0.90573 -0.10366 -0.41099 0.91129 -0.09652 -0.40029 0.91647 -0.09679 -0.38823 0.91169 -0.10391 -0.39753 0.91207 -0.10445 -0.39652 0.91133 -0.10334 -0.39848 0.91098 -0.10185 -0.39967 0.91103 -0.10072 -0.39986 0.91334 -0.10505 -0.39342 0.9074 -0.12161 -0.4023 0.90687 -0.11956 -0.40409 0.90672 -0.11799 -0.40489 0.90342 -0.13148 -0.40809 0.894 -0.12093 -0.43144 0.88975 -0.11366 -0.44208 0.90627 -0.12069 -0.4051 0.90492 -0.11827 -0.40883 -0.41125 -0.024 -0.91121 -0.4305 -0.04149 -0.90163 -0.43853 -0.04513 -0.89758 -0.28722 -0.09363 -0.95328 -0.26511 -0.0619 -0.96223 -0.26657 -0.06563 -0.96158 -0.24201 -0.10172 -0.96493 -0.21367 -0.09525 -0.97225 -0.20198 -0.07616 -0.97642 -0.17517 -0.1206 -0.97712 -0.14281 -0.10001 -0.98468 -0.13342 -0.09249 -0.98673 -0.11337 -0.12383 -0.98581 -0.07 -0.11099 -0.99135 -0.06192 -0.10575 -0.99246 -0.05625 -0.11061 -0.99227 0.05062 -0.10689 -0.99298 0.08291 -0.1304 -0.98799 0.12752 -0.10257 -0.98652 0.11469 -0.11323 -0.98693 0.13086 -0.12322 -0.98371 0.22368 -0.13001 -0.96595 0.25815 -0.12555 -0.95791 0.40068 -0.12703 -0.90737 -0.81475 -0.28022 -0.5076 -0.81475 -0.28022 -0.5076 -0.82545 -0.30102 -0.47752 -0.82545 -0.30102 -0.47752 -0.82545 -0.30102 -0.47752 -0.62886 -0.2762 -0.7268 -0.6068 -0.28343 -0.7426 -0.58111 -0.27381 -0.76638 -0.55705 -0.28142 -0.78135 -0.559 -0.26966 -0.78409 -0.51716 -0.26859 -0.81265 -0.51716 -0.26859 -0.81265 -0.62608 -0.2906 -0.72358 -0.59904 -0.28053 -0.74997 -0.57856 -0.28822 -0.76302 -0.54457 -0.27744 -0.7915 -0.43898 -0.27761 -0.85453 -0.41348 -0.26349 -0.87155 -0.47445 -0.27954 -0.83472 -0.45005 -0.26524 -0.8527 -0.48302 -0.27455 -0.83145 -0.45489 -0.25781 -0.85241 -0.48302 -0.27455 -0.83145 -0.41967 -0.25647 -0.87069 -0.44904 -0.27295 -0.8508 -0.38205 -0.2549 -0.88829 -0.41257 -0.27114 -0.86964 -0.342 -0.25308 -0.90498 -0.37354 -0.26905 -0.88774 -0.2997 -0.251 -0.92042 -0.01069 -0.23236 -0.97257 -0.09414 -0.25004 -0.96365 -0.0943 -0.24342 -0.96533 -0.17407 -0.25989 -0.94982 -0.17437 -0.25351 -0.95149 -0.64892 -0.28508 -0.70543 -0.66906 -0.27831 -0.68913 -0.66906 -0.27831 -0.68913 -0.72266 -0.30683 -0.61937 -0.72556 -0.29469 -0.62186 -0.83774 -0.32783 -0.43672 -0.82545 -0.30102 -0.47752 -0.82545 -0.30102 -0.47752 -0.82107 -0.32746 -0.46757 -0.83774 -0.32783 -0.43672 -0.83774 -0.32783 -0.43672 -0.83774 -0.32783 -0.43672 -0.73907 -0.31571 -0.59507 -0.69493 -0.29199 -0.65712 -0.69215 -0.30422 -0.6545 -0.6582 -0.28919 -0.69508 -0.62608 -0.2906 -0.72359 -0.61419 -0.28619 -0.73544 -0.59655 -0.29383 -0.74685 -0.56156 -0.28285 -0.77759 -0.54234 -0.2907 -0.78826 -0.80532 -0.33239 -0.4909 -0.82064 -0.3268 -0.46879 -0.80014 -0.31625 -0.50968 -0.79346 -0.32025 -0.51755 -0.77247 -0.29982 -0.55981 -0.76937 -0.31175 -0.55756 -0.73114 -0.28199 -0.62122 -0.72788 -0.29618 -0.61844 -0.58693 -0.30136 -0.75146 -0.72723 -0.32212 -0.60611 -0.69928 -0.30486 -0.64658 -0.67699 -0.3093 -0.66785 -0.66655 -0.3055 -0.67998 -0.63656 -0.30358 -0.70896 -0.6442 -0.30835 -0.69995 -0.61852 -0.30059 -0.72601 -0.46732 -0.29528 -0.83332 -0.39931 -0.2806 -0.87282 -0.39857 -0.28659 -0.87121 -0.3192 -0.27066 -0.90822 -0.31865 -0.27651 -0.90665 -0.42797 -0.29206 -0.8553 -0.35563 -0.27818 -0.89227 -0.35507 -0.28337 -0.89086 -0.27199 -0.26723 -0.92445 -0.27199 -0.26723 -0.92445 -0.24922 -0.26871 -0.93042 -0.75482 -0.32431 -0.57015 -0.71349 -0.30191 -0.63228 -0.71092 -0.31254 -0.63001 -0.67942 -0.29858 -0.67025 -0.65559 -0.30149 -0.69232 -0.63833 -0.29514 -0.71093 -0.61177 -0.29853 -0.73254 -0.58883 -0.29143 -0.75389 -0.55938 -0.29518 -0.77457 -0.51533 -0.28344 -0.80876 -0.51533 -0.28344 -0.80876 -0.47866 -0.28625 -0.83003 -0.07058 -0.25123 -0.96535 -0.03097 -0.24337 -0.96944 -0.00356 -0.24081 -0.97057 0.05283 -0.22895 -0.972 -0.00439 -0.24383 -0.96981 0.03551 -0.23579 -0.97115 0.0906 -0.23025 -0.9689 0.08849 -0.23069 -0.969 0.14046 -0.22546 -0.96407 0.14059 -0.22543 -0.96406 0.18912 -0.22055 -0.95686 0.23648 -0.21034 -0.9486 0.15433 -0.23187 -0.96043 0.24041 -0.21472 -0.94662 0.24017 -0.21913 -0.94567 0.32517 -0.20114 -0.92402 0.55153 -0.17365 -0.81588 0.30435 -0.21343 -0.92834 0.33258 -0.20408 -0.92073 0.25635 -0.21955 -0.94132 0.72733 -0.15299 -0.66901 -0.34073 -0.28536 -0.89581 -0.26003 -0.27079 -0.92685 -0.25965 -0.2758 -0.92548 -0.20854 -0.26652 -0.941 -0.17049 -0.26471 -0.94914 -0.15517 -0.26188 -0.95254 -0.11749 -0.26002 -0.95843 -0.10029 -0.25686 -0.96123 -0.06336 -0.25497 -0.96487 -0.04433 -0.25148 -0.96685 -0.00855 -0.24958 -0.96832 0.01219 -0.24574 -0.96926 0.04645 -0.24387 -0.9687 0.0685 -0.23976 -0.96841 0.10094 -0.23794 -0.96602 0.12396 -0.2336 -0.9644 0.15433 -0.23187 -0.96043 0.20643 -0.22174 -0.95301 0.20624 -0.22572 -0.95211 0.28757 -0.20937 -0.9346 0.28731 -0.21348 -0.93374 0.36642 -0.19664 -0.90943 -0.10017 -0.26122 -0.96007 -0.06566 -0.25662 -0.96428 -0.04428 -0.25592 -0.96568 -0.01479 -0.25071 -0.96795 0.01217 -0.24999 -0.96817 0.04283 -0.24476 -0.96864 0.06842 -0.24382 -0.9674 0.09244 -0.2395 -0.96649 0.12385 -0.23735 -0.9635 0.4305 -0.19845 -0.88051 0.47163 -0.19064 -0.86094 0.52147 -0.18235 -0.83356 0.60231 -0.16783 -0.78042 0.5348 -0.18183 -0.82519 0.52167 -0.1803 -0.83388 0.4702 -0.19092 -0.86166 0.47074 -0.18504 -0.86265 0.12061 -0.23803 -0.96374 0.15428 -0.23188 -0.96043 0.17799 -0.23096 -0.95655 0.19664 -0.22752 -0.95371 0.25642 -0.21839 -0.94157 0.22329 -0.22572 -0.94826 0.30459 -0.20997 -0.92905 0.26095 -0.22154 -0.93959 0.29731 -0.21478 -0.93031 0.67373 -0.15755 -0.72198 0.67322 -0.16216 -0.72144 0.68245 -0.15881 -0.71347 0.5762 -0.17646 -0.79803 0.58068 -0.17506 -0.79509 0.546 -0.17964 -0.8183 0.50774 -0.1869 -0.84099 -0.29659 -0.28323 -0.91204 -0.24634 -0.27228 -0.93015 -0.20824 -0.27142 -0.93966 -0.20037 -0.27005 -0.94177 -0.15503 -0.26511 -0.95167 -0.17312 -0.26973 -0.94725 -0.12251 -0.26093 -0.95755 0.85003 -0.14455 -0.50652 0.85044 -0.14532 -0.5056 0.81078 -0.14379 -0.56741 0.8052 -0.14669 -0.57457 0.77467 -0.14804 -0.61479 0.89873 -0.14018 -0.4155 0.90156 -0.13043 -0.41253 0.89297 -0.13033 -0.43083 0.87769 -0.13483 -0.45988 0.87939 -0.13524 -0.4565 0.86337 -0.14071 -0.48456 0.83877 -0.13571 -0.5273 0.83767 -0.14489 -0.52661 0.80558 -0.14355 -0.57484 0.82752 -0.13206 -0.54568 0.80168 -0.14336 -0.58031 0.85195 -0.12286 -0.509 0.83977 -0.12944 -0.52729 0.82923 -0.13246 -0.54298 0.88333 -0.10928 -0.45583 0.8792 -0.10938 -0.46373 0.87403 -0.10733 -0.47386 0.87085 -0.11175 -0.47867 0.85407 -0.12358 -0.50526 0.91288 -0.10486 -0.39454 0.91289 -0.10493 -0.39449 0.89587 -0.10125 -0.43262 0.89589 -0.10106 -0.43263 0.89262 -0.10628 -0.43811 0.15731 -0.13071 -0.97886 0.11422 -0.14461 -0.98287 0.08479 -0.12386 -0.98867 0.05333 -0.13446 -0.98948 0.01121 -0.11733 -0.99303 0.0171 -0.11409 -0.99332 -0.02784 -0.12938 -0.9912 0.33681 -0.12795 -0.93284 0.3399 -0.12695 -0.93185 0.31966 -0.12337 -0.93947 -0.55227 -0.04616 -0.83239 -0.55227 -0.04616 -0.83239 -0.52376 0.02002 -0.85163 -0.53668 0.05202 -0.84218 -0.53668 0.05203 -0.84218 -0.5575 0.01515 -0.83004 -0.55726 0.03315 -0.82968 -0.58452 -0.03361 -0.81068 -0.58484 0.007 -0.81112 -0.59428 -0.01731 -0.80407 -0.59245 -0.08023 -0.8016 -0.37884 -0.04941 -0.92414 -0.4299 -0.09578 -0.89778 -0.43041 -0.08276 -0.89883 -0.46162 -0.06153 -0.88494 -0.46014 -0.10078 -0.88211 -0.48869 -0.07969 -0.86881 -0.48869 -0.07968 -0.86881 -0.38825 -0.09851 -0.91627 -0.35735 -0.12085 -0.92612 -0.35876 -0.0826 -0.92977 -0.34621 -0.08683 -0.93413 -0.38143 -0.05448 -0.92279 -0.38029 -0.09421 -0.92006 -0.4128 -0.0722 -0.90796 -0.41132 -0.11106 -0.9047 -0.44117 -0.08925 -0.89298 -0.44117 -0.08925 -0.89298 -0.51094 -0.13222 -0.84939 -0.51307 -0.09632 -0.85293 -0.51143 0.03454 -0.85863 -0.52351 -0.03662 -0.85123 -0.49201 0.00315 -0.87058 -0.49194 0.0023 -0.87063 -0.51631 -0.05083 -0.85489 -0.5169 -0.01739 -0.85587 -0.54288 -0.07885 -0.8361 -0.54415 -0.03946 -0.83806 -0.56673 -0.09729 -0.81814 -0.56842 -0.05966 -0.82057 -0.58801 -0.11412 -0.80077 -0.59006 -0.07816 -0.80357 -0.60702 -0.12947 -0.78407 -0.6094 -0.09509 -0.78714 -0.63936 -0.15636 -0.75284 -0.57464 -0.1035 -0.81184 -0.57221 -0.13795 -0.80842 -0.55399 -0.08739 -0.82792 -0.55187 -0.1234 -0.82475 -0.53098 -0.06981 -0.8445 -0.5292 -0.10748 -0.84166 -0.50529 -0.05059 -0.86146 -0.50389 -0.09001 -0.85907 -0.47658 -0.02961 -0.87863 -0.47629 -0.04564 -0.8781 -0.46102 -0.02028 -0.88716 -0.4609 -0.02181 -0.88718 -0.47974 -0.0188 -0.87721 -0.66676 -0.07751 -0.74123 -0.66676 -0.07751 -0.74123 -0.69253 -0.14109 -0.70746 -0.69528 -0.11002 -0.71027 -0.70674 -0.14175 -0.69312 -0.56997 -0.16992 -0.8039 -0.49013 -0.11924 -0.86346 -0.48781 -0.15337 -0.85937 -0.45232 -0.1336 -0.88179 -0.41368 -0.14022 -0.89956 -0.49307 -0.17267 -0.85268 -0.42562 -0.13713 -0.89445 -0.42455 -0.15394 -0.89222 -0.39738 -0.14052 -0.90683 -0.35624 -0.14821 -0.92256 -0.60701 -0.1634 -0.77772 -0.53504 -0.11156 -0.83743 -0.53263 -0.14592 -0.83367 -0.46685 -0.10488 -0.8781 -0.46478 -0.14051 -0.87421 -0.41513 -0.11314 -0.9027 -0.38657 -0.13519 -0.9123 -0.35758 -0.12096 -0.92602 -0.32824 -0.14329 -0.93366 -0.29433 -0.12831 -0.94705 -0.19749 -0.15774 -0.96753 -0.15178 -0.16784 -0.97406 -0.26535 -0.11551 -0.95721 -0.23509 -0.10215 -0.96659 -0.20097 -0.12512 -0.97157 -0.16634 -0.11113 -0.97979 -0.13279 -0.13389 -0.98206 -0.094 -0.11939 -0.98839 -0.06164 -0.14166 -0.98799 -0.01938 -0.12689 -0.99173 0.01116 -0.1484 -0.98886 0.05627 -0.13348 -0.98945 0.08443 -0.15399 -0.98446 0.13128 -0.13914 -0.98153 0.15666 -0.15847 -0.97486 0.20428 -0.14387 -0.96828 0.25445 -0.15359 -0.95481 0.20348 -0.16857 -0.96446 0.18194 -0.15079 -0.97168 0.13073 -0.16621 -0.97739 0.10635 -0.1471 -0.98339 0.05602 -0.16279 -0.98507 0.02909 -0.14251 -0.98937 -0.01929 -0.15829 -0.9872 -0.04833 -0.13703 -0.98939 -0.09357 -0.15266 -0.98384 -0.12414 -0.13067 -0.98362 -0.16559 -0.14603 -0.97532 -0.19709 -0.12356 -0.97257 -0.23405 -0.13843 -0.96232 0.00321 -0.17628 -0.98433 0.15981 -0.18043 -0.97052 -0.00109 -0.17998 -0.98367 0.03938 -0.16786 -0.98502 0.08215 -0.17886 -0.98044 0.07956 -0.18103 -0.98025 0.1198 -0.16943 -0.97823 -0.15933 -0.17488 -0.97161 -0.12106 -0.16202 -0.97933 -0.07536 -0.17259 -0.98211 -0.08141 -0.17796 -0.98066 -0.04153 -0.1654 -0.98535 -0.30375 -0.14988 -0.94089 -0.38161 -0.18245 -0.90614 -0.38266 -0.16732 -0.90861 -0.42095 -0.19883 -0.88502 -0.35075 -0.16956 -0.92099 -0.34979 -0.18451 -0.91848 -0.19749 -0.15774 -0.96753 -0.2449 -0.18943 -0.95086 -0.15974 -0.15998 -0.97411 -0.20714 -0.19064 -0.95956 -0.12106 -0.16202 -0.97933 -0.16821 -0.19163 -0.96695 -0.08161 -0.16384 -0.98311 -0.12822 -0.19236 -0.97291 -0.04153 -0.1654 -0.98535 -0.08733 -0.1928 -0.97734 -0.0011 -0.16674 -0.986 -0.04582 -0.193 -0.98013 0.03938 -0.16786 -0.98502 -0.00401 -0.19296 -0.9812 0.07973 -0.16876 -0.98243 0.03792 -0.19267 -0.98053 0.1198 -0.16942 -0.97824 0.53907 -0.11185 -0.8348 0.48419 -0.11744 -0.86704 0.47188 -0.1089 -0.87491 0.6191 -0.15676 -0.76951 0.61854 -0.15728 -0.76985 0.65956 -0.14613 -0.73731 0.30228 -0.11218 -0.94659 0.30124 -0.13925 -0.94333 0.33681 -0.12794 -0.93284 0.33566 -0.15175 -0.92968 0.35666 -0.14539 -0.92285 0.51797 -0.13513 -0.84466 0.49038 -0.15945 -0.8568 0.5554 -0.14018 -0.81968 0.53297 -0.16042 -0.83079 0.55645 -0.15383 -0.81652 0.50924 -0.13789 -0.84951 0.54587 -0.12608 -0.82833 0.57853 -0.13566 -0.8043 0.57775 -0.13606 -0.80479 0.60504 -0.13938 -0.7839 0.62117 -0.13431 -0.77208 0.64215 -0.16046 -0.7496 0.66055 -0.14768 -0.73612 0.68296 -0.15463 -0.7139 0.69513 -0.15176 -0.70268 0.21285 -0.10235 -0.97171 0.21182 -0.1415 -0.96701 0.25156 -0.12884 -0.95923 0.25062 -0.15474 -0.95564 0.29425 -0.14143 -0.94521 0.29321 -0.1642 -0.94184 0.3226 -0.15564 -0.93365 -0.19614 -0.15725 -0.96788 -0.15242 -0.14117 -0.97818 -0.12355 -0.16286 -0.97888 -0.07568 -0.14652 -0.98631 -0.0481 -0.16749 -0.9847 0.00323 -0.15099 -0.98853 0.02896 -0.17102 -0.98484 0.08249 -0.1546 -0.98453 0.10589 -0.17348 -0.97913 0.16045 -0.15733 -0.97442 0.18121 -0.1749 -0.96777 0.23556 -0.15922 -0.95873 0.25351 -0.17538 -0.9513 0.29067 -0.16493 -0.9425 0.59415 -0.15457 -0.78936 0.46555 -0.16634 -0.86925 0.4774 -0.16308 -0.86342 0.51296 -0.16584 -0.84224 0.19811 -0.17011 -0.96531 0.16218 -0.19036 -0.96823 0.23589 -0.17017 -0.95676 0.20216 -0.1892 -0.9609 0.26078 -0.17336 -0.9497 0.15169 -0.1421 -0.97816 0.15566 -0.13124 -0.97905 0.18442 -0.12177 -0.97528 0.18369 -0.15025 -0.97143 0.22749 -0.13656 -0.96416 0.22662 -0.16186 -0.96044 0.27401 -0.14767 -0.95032 0.27302 -0.16994 -0.94688 0.32153 -0.17507 -0.93057 0.3589 -0.1647 -0.91873 0.35785 -0.18114 -0.91604 0.40041 -0.16981 -0.90046 0.26003 -0.18873 -0.94698 0.25204 -0.19324 -0.94823 0.29108 -0.18321 -0.93899 0.07976 -0.19213 -0.97812 0.15934 -0.16987 -0.9725 0.15902 -0.18109 -0.97052 0.19811 -0.17011 -0.96531 0.23466 -0.18098 -0.95508 0.23546 -0.18032 -0.95501 0.29067 -0.16493 -0.9425 0.28969 -0.18358 -0.93935 0.33369 -0.17175 -0.9269 0.33282 -0.18587 -0.92449 0.47639 -0.17532 -0.86158 0.4774 -0.16308 -0.86342 0.44216 -0.17262 -0.88017 0.44328 -0.15776 -0.88239 0.41308 -0.16631 -0.89538 0.41427 -0.1485 -0.89796 0.39168 -0.15523 -0.90691 0.39291 -0.13409 -0.90975 0.38086 -0.13789 -0.91429 0.38208 -0.11264 -0.91724 0.38748 -0.10887 -0.91543 0.2557 -0.16125 -0.95321 0.26721 -0.12376 -0.95566 0.2765 -0.1207 -0.9534 0.2755 -0.14721 -0.94996 0.31519 -0.13486 -0.9394 0.31409 -0.15814 -0.93613 0.35666 -0.14539 -0.92285 0.35551 -0.16566 -0.91988 0.38574 -0.15698 -0.90916 0.38462 -0.17409 -0.90651 0.4212 -0.16405 -0.89201 0.42014 -0.17835 -0.88976 0.44486 -0.17191 -0.87895 0.68243 -0.15475 -0.71438 0.68243 -0.15475 -0.71438 0.62749 -0.16667 -0.76058 0.64311 -0.15072 -0.7508 0.63381 -0.16538 -0.7556 0.62715 -0.16977 -0.76017 0.59613 -0.163 -0.78617 0.78495 -0.13712 -0.60419 0.75427 -0.15617 -0.63772 0.73557 -0.1509 -0.66043 0.72904 -0.15268 -0.66722 0.71104 -0.15584 -0.68566 -0.66886 -0.15004 -0.72809 -0.68711 -0.19817 -0.69901 -0.63866 -0.15576 -0.75356 -0.68483 -0.22365 -0.69353 -0.68115 -0.24537 -0.6898 -0.66933 -0.21122 -0.71231 -0.66569 -0.23445 -0.70844 -0.65114 -0.19693 -0.73296 -0.64759 -0.22186 -0.72897 -0.6296 -0.18037 -0.75569 -0.6262 -0.20723 -0.75162 -0.51532 -0.19928 -0.8335 -0.54833 -0.18772 -0.81492 -0.54527 -0.21443 -0.81037 -0.57392 -0.20252 -0.79347 -0.57071 -0.22738 -0.78904 -0.59581 -0.21531 -0.77373 -0.63528 -0.21341 -0.74221 -0.63178 -0.23666 -0.73813 -0.61529 -0.19988 -0.76254 -0.61189 -0.22481 -0.75832 -0.59177 -0.18421 -0.78478 -0.58851 -0.21103 -0.78046 -0.56385 -0.16595 -0.80903 -0.54999 -0.21683 -0.80653 -0.52319 -0.22944 -0.82075 -0.52614 -0.20474 -0.82538 -0.49566 -0.21727 -0.8409 -0.49846 -0.1908 -0.84566 -0.46352 -0.20306 -0.86251 -0.4653 -0.18389 -0.86584 -0.41186 -0.18023 -0.89324 -0.41186 -0.18023 -0.89324 -0.33641 -0.14689 -0.93019 -0.43668 -0.21854 -0.87267 -0.37529 -0.23266 -0.89723 -0.38446 -0.23561 -0.89257 -0.70191 -0.1829 -0.68838 -0.72772 -0.14966 -0.66935 -0.72075 -0.20257 -0.66294 -0.74362 -0.17039 -0.64652 -0.73627 -0.2194 -0.64013 -0.75679 -0.18833 -0.62594 -0.7492 -0.23391 -0.61966 -0.76781 -0.20397 -0.60734 -0.76009 -0.24653 -0.60124 -0.78502 -0.22984 -0.57526 -0.78502 -0.22984 -0.57526 -0.77726 -0.26731 -0.56957 -0.79769 -0.25026 -0.54869 -0.79769 -0.25026 -0.54869 -0.78859 -0.30017 -0.53668 -0.75176 -0.26034 -0.60588 -0.74806 -0.27736 -0.6029 -0.70967 -0.24412 -0.66088 -0.70599 -0.2633 -0.65746 -0.65239 -0.22518 -0.72365 -0.64885 -0.24694 -0.71973 -0.61467 -0.22645 -0.75558 -0.59251 -0.23854 -0.76944 -0.57067 -0.22736 -0.78908 -0.54694 -0.23994 -0.80205 -0.77169 -0.29909 -0.56128 -0.72856 -0.2602 -0.63364 -0.72495 -0.27733 -0.6305 -0.68003 -0.24457 -0.6912 -0.67648 -0.26382 -0.68759 -0.64532 -0.24481 -0.72362 -0.61131 -0.24822 -0.75145 -0.60455 -0.24473 -0.75804 -0.56755 -0.24906 -0.78477 -0.5324 -0.23352 -0.81365 -0.5324 -0.23351 -0.81365 -0.49499 -0.23621 -0.83618 -0.49716 -0.21793 -0.83984 -0.46875 -0.23097 -0.8526 -0.47139 -0.20654 -0.8574 -0.43923 -0.21953 -0.87114 -0.44102 -0.201 -0.8747 -0.39 -0.20032 -0.89876 -0.39 -0.20032 -0.89876 -0.60386 -0.16107 -0.78065 -0.65886 -0.20296 -0.72437 -0.65886 -0.20296 -0.72437 -0.6962 -0.18763 -0.69289 -0.69013 -0.22796 -0.68685 -0.71328 -0.19468 -0.6733 -0.70579 -0.24087 -0.66622 -0.72667 -0.20892 -0.65444 -0.71908 -0.25207 -0.6476 -0.7479 -0.23242 -0.6218 -0.74217 -0.26165 -0.61703 -0.77145 -0.26014 -0.58069 -0.77145 -0.26014 -0.58069 -0.79007 -0.28365 -0.54345 -0.81475 -0.28022 -0.5076 -0.44435 -0.23351 -0.86489 -0.51404 -0.25844 -0.81791 -0.51537 -0.24888 -0.82003 -0.54165 -0.2589 -0.79974 -0.58528 -0.26256 -0.76714 -0.78893 -0.31574 -0.52715 -0.77086 -0.3261 -0.54721 -0.77589 -0.30764 -0.55077 -0.74806 -0.30931 -0.58714 -0.74806 -0.30931 -0.58714 -0.70283 -0.28024 -0.65383 -0.70283 -0.28024 -0.65383 -0.66567 -0.27653 -0.69312 -0.66567 -0.27653 -0.69312 -0.65199 -0.26936 -0.70877 -0.62782 -0.27573 -0.72788 -0.60965 -0.2677 -0.7461 -0.58324 -0.27461 -0.76447 -0.54684 -0.26087 -0.79556 -0.5455 -0.2695 -0.7936 -0.48553 -0.24831 -0.83822 -0.48428 -0.25782 -0.83606 -0.37529 -0.23266 -0.89723 -0.41824 -0.25605 -0.8715 -0.33772 -0.23197 -0.91221 -0.38192 -0.25487 -0.88836 -0.29812 -0.23103 -0.92615 -0.34338 -0.25344 -0.90435 -0.25655 -0.22983 -0.93881 -0.30261 -0.25173 -0.91927 -0.21326 -0.22838 -0.94993 -0.25981 -0.24973 -0.93281 -0.16853 -0.22668 -0.95928 -0.21525 -0.24746 -0.94469 -0.12258 -0.22472 -0.96668 -0.59153 -0.30343 -0.74701 -0.545 -0.2914 -0.78617 -0.54406 -0.29679 -0.7848 -0.4816 -0.28137 -0.82999 -0.4807 -0.28748 -0.82843 -0.425 -0.2742 -0.86267 -0.42417 -0.2807 -0.86098 -0.36085 -0.26604 -0.89387 -0.36013 -0.27294 -0.89208 -0.28892 -0.2567 -0.9223 -0.28833 -0.26404 -0.92041 -0.2091 -0.24601 -0.94644 -0.20867 -0.25377 -0.94449 -0.12179 -0.23379 -0.96463 -0.12154 -0.24198 -0.96264 -0.02799 -0.21996 -0.97511 0.06758 -0.21425 -0.97444 -0.02367 -0.23523 -0.97165 -0.02372 -0.22758 -0.97347 -0.11156 -0.24711 -0.96254 -0.11177 -0.23977 -0.96437 -0.19458 -0.25775 -0.94642 -0.19496 -0.25073 -0.94822 -0.2715 -0.26713 -0.92463 -0.27201 -0.26044 -0.92638 -0.3417 -0.27534 -0.89857 -0.34234 -0.269 -0.90025 -0.40506 -0.28255 -0.86954 -0.4058 -0.27654 -0.87112 -0.47702 -0.29216 -0.82891 -0.47821 -0.28426 -0.83097 -0.55656 -0.29708 -0.77588 -0.51208 -0.2939 -0.80709 -0.51197 -0.29458 -0.80692 -0.44508 -0.27908 -0.85089 -0.44426 -0.28514 -0.84931 -0.38495 -0.27173 -0.88203 -0.38421 -0.27816 -0.88035 -0.31761 -0.26339 -0.91091 -0.31699 -0.27019 -0.90913 -0.24292 -0.25388 -0.93623 -0.24244 -0.26107 -0.93438 -0.16115 -0.24305 -0.95653 -0.16083 -0.25062 -0.95463 -0.07305 -0.23081 -0.97025 -0.0729 -0.23874 -0.96834 0.0199 -0.2172 -0.97592 -0.41929 -0.24669 -0.87369 -0.4538 -0.26631 -0.85038 -0.38287 -0.24561 -0.89055 -0.41868 -0.26489 -0.86864 -0.34422 -0.24431 -0.90655 -0.38117 -0.26324 -0.88624 -0.30333 -0.24274 -0.92145 -0.34123 -0.2613 -0.90293 -0.26041 -0.2409 -0.93496 -0.29904 -0.25909 -0.91839 -0.21573 -0.23882 -0.9468 -0.07564 -0.22248 -0.972 -0.16908 -0.24488 -0.9547 -0.16944 -0.23645 -0.95675 -0.2548 -0.25658 -0.93233 -0.25534 -0.24865 -0.93433 -0.33206 -0.26669 -0.90477 -0.33276 -0.25923 -0.90668 -0.40085 -0.27541 -0.87377 -0.40167 -0.26842 -0.87556 -0.43898 -0.27761 -0.85453 -0.48025 -0.27537 -0.83278 -0.47546 -0.27243 -0.83649 -0.52233 -0.28534 -0.80359 -0.52417 -0.27372 -0.80643 -0.51578 -0.26815 -0.81368 -0.5146 -0.27596 -0.81181 -0.48778 -0.25897 -0.83367 -0.4866 -0.26753 -0.83166 -0.45349 -0.24758 -0.85619 -0.45234 -0.25702 -0.85401 -0.41083 -0.23317 -0.88139 -0.41083 -0.23317 -0.88139 -0.44315 -0.24411 -0.86257 -0.43474 -0.23707 -0.86879 -0.47575 -0.23367 -0.84797 -0.5037 -0.24441 -0.82858 -0.50507 -0.23366 -0.83085 -0.56725 -0.25922 -0.78169 -0.56874 -0.24959 -0.78373 -0.60138 -0.26403 -0.75407 -0.63096 -0.2584 -0.73152 -0.64194 -0.26411 -0.71983 -0.669 -0.25923 -0.69659 -0.69771 -0.27702 -0.66065 -0.70119 -0.25979 -0.66395 -0.75166 -0.29774 -0.58852 -0.75503 -0.28366 -0.59116 -0.77169 -0.29909 -0.56128 -0.79807 -0.30347 -0.52056 -0.7921 -0.28633 -0.53906 -0.80762 -0.30755 -0.50316 -0.81475 -0.28022 -0.5076 0.06745 -0.22217 -0.97267 0.09082 -0.20858 -0.97378 0.01986 -0.22547 -0.97405 0.04425 -0.21121 -0.97644 -0.02793 -0.22856 -0.97313 -0.00268 -0.21366 -0.9769 -0.07548 -0.23139 -0.96993 -0.04956 -0.21588 -0.97516 -0.12231 -0.23391 -0.96453 -0.09594 -0.21784 -0.97126 -0.16815 -0.23613 -0.95706 -0.14153 -0.21953 -0.96529 -0.21275 -0.23807 -0.94766 -0.1861 -0.22096 -0.95736 -0.25592 -0.23973 -0.9365 -0.22944 -0.22216 -0.94763 -0.29737 -0.24112 -0.92382 -0.27122 -0.22311 -0.9363 -0.33685 -0.24221 -0.90987 -0.31121 -0.22379 -0.92361 -0.34839 -0.23522 -0.90736 -0.28762 -0.19024 -0.93866 -0.3236 -0.21581 -0.92126 -0.24993 -0.19114 -0.94921 -0.2864 -0.21604 -0.93344 -0.21084 -0.19185 -0.95851 -0.24762 -0.21605 -0.94446 -0.17044 -0.19233 -0.96642 -0.2073 -0.2158 -0.95418 -0.12888 -0.19256 -0.97279 -0.16559 -0.21527 -0.96241 -0.08646 -0.19255 -0.97747 -0.12276 -0.21447 -0.96898 -0.04348 -0.19233 -0.98037 -0.07912 -0.21342 -0.97375 -0.00014 -0.19187 -0.98142 -0.03491 -0.21211 -0.97662 0.04331 -0.19119 -0.9806 0.00967 -0.21053 -0.97754 0.08664 -0.19026 -0.9779 0.05431 -0.2087 -0.97647 0.12945 -0.18916 -0.97338 0.09867 -0.20664 -0.97343 0.1715 -0.18788 -0.9671 0.14237 -0.2044 -0.96848 0.1603 -0.19994 -0.96661 -0.24556 -0.17518 -0.95342 -0.28683 -0.20359 -0.9361 -0.20769 -0.17668 -0.96211 -0.24925 -0.20425 -0.94665 -0.16865 -0.17797 -0.96948 -0.21028 -0.2047 -0.95597 -0.12855 -0.17905 -0.97541 -0.16999 -0.20488 -0.96391 -0.08754 -0.17987 -0.97979 -0.12856 -0.20478 -0.97033 -0.04594 -0.18046 -0.98251 -0.08625 -0.20442 -0.97508 -0.00401 -0.18084 -0.9835 -0.04337 -0.20383 -0.97805 0.03801 -0.181 -0.98275 -0.00014 -0.20297 -0.97918 0.07993 -0.18093 -0.98024 0.04321 -0.20187 -0.97846 0.12153 -0.18063 -0.97601 0.08646 -0.2005 -0.97587 0.1625 -0.18013 -0.97013 0.1292 -0.19894 -0.97146 0.20253 -0.17948 -0.96269 0.17119 -0.19719 -0.9653 0.21255 -0.18646 -0.9592 0.21218 -0.19529 -0.95752 0.25246 -0.1849 -0.94978 0.2035 -0.20511 -0.95735 0.29108 -0.18321 -0.93899 -0.32621 -0.07299 -0.94247 -0.32527 -0.10518 -0.93975 -0.29941 -0.09261 -0.94962 -0.29815 -0.13 -0.94562 -0.26588 -0.11574 -0.95703 -0.26462 -0.15068 -0.95251 -0.22572 -0.13509 -0.96478 -0.2248 -0.16216 -0.96082 -0.23358 -0.17086 -0.95721 -0.23419 -0.15531 -0.95971 -0.28136 -0.18801 -0.941 -0.28212 -0.1735 -0.94356 -0.3229 -0.20271 -0.92447 -0.32379 -0.18915 -0.92703 -0.3591 -0.21537 -0.90811 -0.3591 -0.21537 -0.90811 -0.32449 -0.20327 -0.92379 -0.35592 -0.22639 -0.90668 -0.28718 -0.2037 -0.93597 -0.31925 -0.22628 -0.92026 -0.24828 -0.20394 -0.94698 -0.28081 -0.22594 -0.93279 -0.20784 -0.20394 -0.95667 -0.24065 -0.22535 -0.94409 -0.16601 -0.2037 -0.96486 -0.19888 -0.22447 -0.95397 -0.12307 -0.2032 -0.97137 -0.15578 -0.22332 -0.96222 -0.07931 -0.20249 -0.97607 -0.11163 -0.22191 -0.96866 -0.03499 -0.20154 -0.97886 -0.06668 -0.22023 -0.97317 0.00969 -0.20034 -0.97968 -0.02115 -0.21827 -0.97566 0.05443 -0.19891 -0.9785 0.02468 -0.21604 -0.97607 0.09886 -0.19727 -0.97535 0.07038 -0.21357 -0.97439 0.14264 -0.19547 -0.97028 0.11558 -0.21092 -0.97065 0.1603 -0.19994 -0.96661 0.16002 -0.20809 -0.96493 0.20383 -0.19739 -0.9589 0.44457 -0.1392 -0.88486 0.44332 -0.15775 -0.88237 0.4916 -0.14337 -0.85894 0.46555 -0.16634 -0.86925 0.53412 -0.14669 -0.83259 0.55645 -0.15383 -0.81651 0.52661 -0.1722 -0.83248 0.52754 -0.16191 -0.83396 0.50105 -0.17835 -0.84684 0.50105 -0.17836 -0.84684 0.51896 -0.17407 -0.83688 0.26267 -0.20994 -0.94177 0.29267 -0.19738 -0.93562 0.21785 -0.21443 -0.95213 0.25048 -0.20089 -0.94705 0.17138 -0.21889 -0.96058 0.20657 -0.20438 -0.95685 0.12356 -0.22326 -0.9669 0.36697 -0.19148 -0.91031 0.30601 -0.20022 -0.93074 0.30567 -0.20546 -0.9297 0.33302 -0.19387 -0.92277 0.2362 -0.21561 -0.94748 0.26299 -0.20433 -0.94291 0.18912 -0.22055 -0.95686 0.21814 -0.20846 -0.95339 0.14046 -0.22546 -0.96407 0.17163 -0.21255 -0.96196 0.0906 -0.23025 -0.9689 0.12375 -0.21658 -0.96839 0.05279 -0.23219 -0.97124 0.39288 -0.19876 -0.89785 0.39264 -0.20169 -0.89731 0.41509 -0.19403 -0.88885 0.41481 -0.19726 -0.88827 0.44179 -0.18812 -0.87717 0.44148 -0.1917 -0.87655 0.43971 -0.19249 -0.87727 0.44043 -0.18414 -0.8787 0.38933 -0.19586 -0.90004 0.3901 -0.18589 -0.90182 0.33264 -0.19946 -0.92172 0.36327 -0.18649 -0.91283 0.2923 -0.20336 -0.93445 0.326 -0.18924 -0.92623 0.25014 -0.20727 -0.94576 0.28694 -0.19199 -0.93851 0.20626 -0.21116 -0.95544 0.36613 -0.2061 -0.90745 0.43286 -0.19488 -0.88015 0.43298 -0.1935 -0.88039 0.46981 -0.19105 -0.86184 0.47033 -0.1854 -0.86279 0.49166 -0.18662 -0.85055 0.49224 -0.18041 -0.85156 0.49225 -0.18041 -0.85155 0.45798 -0.18814 -0.86882 0.45872 -0.17971 -0.87022 0.41508 -0.19007 -0.88971 0.41592 -0.17943 -0.89152 0.36284 -0.19246 -0.91176 0.39728 -0.17783 -0.9003 0.32558 -0.19564 -0.92505 0.36355 -0.17966 -0.91409 0.28654 -0.19883 -0.93721 0.34993 -0.20615 -0.91381 0.34983 -0.20745 -0.91355 0.37513 -0.19896 -0.90537 0.37485 -0.20247 -0.9047 0.40531 -0.19229 -0.89373 0.40531 -0.19229 -0.89373 0.36609 -0.20089 -0.90863 0.36627 -0.20081 -0.90858 0.32517 -0.20114 -0.92402 0.28152 -0.21065 -0.93615 0.28182 -0.20572 -0.93715 0.19113 -0.22479 -0.95548 0.19134 -0.22009 -0.95653 0.14042 -0.23041 -0.96291 0.10105 -0.23346 -0.9671 0.08837 -0.23595 -0.96774 0.04651 -0.23916 -0.96987 0.03546 -0.24131 -0.9698 -0.00856 -0.24465 -0.96957 -0.00439 -0.24383 -0.96981 -0.06341 -0.25167 -0.96573 -0.03097 -0.24338 -0.96944 -0.11749 -0.26002 -0.95843 -0.07069 -0.24524 -0.96688 0.72717 -0.15446 -0.66886 0.72942 -0.1526 -0.66682 0.68224 -0.16074 -0.71324 0.67159 -0.16595 -0.7221 -0.38606 -0.28932 -0.87593 -0.30929 -0.27369 -0.91073 -0.30873 -0.27979 -0.90907 -0.22236 -0.26341 -0.93871 -0.222 -0.26903 -0.9372 -0.12304 -0.24953 -0.96052 -0.12284 -0.25572 -0.95891 -0.0426 -0.23932 -0.97001 -0.04253 -0.24571 -0.96841 0.02746 -0.23108 -0.97255 0.02746 -0.23108 -0.97255 0.07494 -0.22523 -0.97142 0.0749 -0.22746 -0.9709 0.1612 -0.20781 -0.96479 0.16095 -0.21499 -0.96326 0.24615 -0.19472 -0.94947 0.24578 -0.20201 -0.94804 0.32816 -0.18145 -0.92703 0.32769 -0.18882 -0.92572 0.36355 -0.17966 -0.91409 0.39948 -0.18266 -0.89836 0.3968 -0.18423 -0.89923 0.44486 -0.17191 -0.87895 0.44393 -0.1833 -0.87711 0.4791 -0.17464 -0.86021 0.47831 -0.18361 -0.85879 0.51896 -0.17407 -0.83689 0.5183 -0.18103 -0.83582 0.5714 -0.16902 -0.80308 0.55103 -0.17864 -0.81514 0.61655 -0.16462 -0.76991 0.6019 -0.1717 -0.77989 0.64564 -0.16291 -0.74606 0.64564 -0.16291 -0.74606 0.6309 -0.16827 -0.7574 0.63115 -0.16592 -0.7577 0.61161 -0.17343 -0.77191 0.57103 -0.1691 -0.80332 0.57185 -0.16062 -0.80448 0.55137 -0.17369 -0.81598 0.55137 -0.17369 -0.81598 0.59613 -0.163 -0.78617 0.57084 -0.1746 -0.80228 0.63433 -0.16046 -0.75622 0.6161 -0.16895 -0.76934 0.68243 -0.15475 -0.71438 0.672 -0.16235 -0.72254 0.73207 -0.1521 -0.66404 0.72924 -0.15424 -0.66665 0.7837 -0.14777 -0.6033 -0.50686 -0.29829 -0.80877 -0.43994 -0.28419 -0.85187 -0.43921 -0.2895 -0.85046 -0.36383 -0.27375 -0.89033 -0.36318 -0.27969 -0.88875 -0.29721 -0.26597 -0.91702 -0.29667 -0.27221 -0.91536 -0.22419 -0.25716 -0.94 -0.22378 -0.2637 -0.93829 -0.14525 -0.24723 -0.95801 -0.14498 -0.25406 -0.95626 -0.06145 -0.2362 -0.96976 -0.06134 -0.24329 -0.96801 0.02576 -0.22411 -0.97422 0.02571 -0.23146 -0.97251 0.11479 -0.21111 -0.9707 0.11479 -0.21111 -0.9707 0.11478 -0.21111 -0.9707 0.09066 -0.21682 -0.97199 0.11579 -0.20235 -0.97244 0.04417 -0.21982 -0.97454 0.07051 -0.2046 -0.9763 -0.00267 -0.22263 -0.9749 0.02473 -0.20667 -0.9781 -0.04945 -0.22519 -0.97306 -0.0212 -0.20854 -0.97778 -0.09573 -0.22746 -0.96907 -0.06683 -0.21015 -0.97538 -0.1412 -0.22944 -0.96303 -0.11189 -0.21151 -0.97095 -0.18565 -0.23114 -0.95504 -0.15616 -0.21262 -0.96458 -0.22886 -0.23258 -0.94527 -0.19938 -0.2135 -0.95638 -0.27053 -0.23373 -0.93391 -0.24128 -0.21414 -0.94654 -0.3104 -0.23461 -0.9212 -0.28155 -0.21451 -0.93526 -0.34839 -0.23522 -0.90736 -0.32012 -0.21466 -0.92274 -0.38446 -0.23561 -0.89257 -0.3569 -0.2146 -0.90916 -0.40689 -0.23182 -0.88357 -0.40861 -0.21375 -0.88733 -0.39392 -0.20186 -0.89671 -0.39282 -0.21472 -0.8942 -0.35832 -0.18787 -0.9145 -0.35732 -0.20162 -0.91196 -0.31722 -0.17162 -0.93269 -0.31635 -0.18636 -0.93016 -0.26966 -0.15269 -0.95077 -0.26966 -0.15269 -0.95077 -0.30296 -0.16596 -0.93844 -0.29317 -0.15554 -0.94332 -0.33641 -0.14689 -0.93019 -0.36668 -0.16026 -0.91644 -0.36762 -0.14377 -0.9188 -0.44054 -0.17787 -0.87994 -0.44173 -0.16246 -0.88232 -0.4676 -0.17534 -0.86637 -0.51726 -0.18025 -0.83663 -0.49438 -0.15706 -0.85494 -0.56081 -0.19492 -0.80467 -0.53044 -0.14453 -0.83531 -0.60069 -0.19012 -0.77655 -0.57282 -0.13838 -0.80792 -0.63542 -0.18481 -0.74973 -0.60991 -0.13183 -0.78143 -0.6656 -0.17899 -0.72453 -0.64226 -0.12487 -0.75625 -0.66768 -0.1489 -0.72941 -0.63993 -0.08641 -0.76356 -0.63764 -0.12061 -0.76083 -0.63374 -0.10715 -0.76609 -0.63676 -0.04519 -0.76974 0.81575 -0.13892 -0.56147 0.80168 -0.14336 -0.58031 0.78432 -0.14247 -0.60378 0.77955 -0.14833 -0.60852 0.73185 -0.15397 -0.66384 0.73551 -0.15145 -0.66037 0.69436 -0.15876 -0.7019 0.69513 -0.15176 -0.70268 0.64176 -0.16373 -0.74922 0.65956 -0.14613 -0.73731 0.59326 -0.16371 -0.78819 0.61949 -0.14739 -0.77104 0.58809 -0.15624 -0.79356 0.58917 -0.14423 -0.79503 0.55421 -0.15447 -0.81792 0.57799 -0.13304 -0.80513 0.5167 -0.15186 -0.84259 0.47537 -0.1483 -0.86719 0.51058 -0.11775 -0.85173 0.43007 -0.14369 -0.89129 0.47193 -0.10796 -0.875 0.4409 -0.11848 -0.8897 0.41845 -0.14297 -0.89691 0.80258 -0.14427 -0.57884 0.81175 -0.1354 -0.56809 0.76058 -0.15762 -0.62982 0.77456 -0.14898 -0.6147 0.72913 -0.15425 -0.66677 0.669 -0.15978 -0.72589 0.72384 -0.15698 -0.67187 0.72409 -0.15477 -0.67211 0.77246 -0.14925 -0.61728 0.77246 -0.14925 -0.61728 0.78528 -0.16036 -0.59802 0.78744 -0.14264 -0.59966 0.83767 -0.14489 -0.52661 0.82752 -0.13206 -0.54568 0.86339 -0.14051 -0.48457 0.85192 -0.12312 -0.50898 0.8779 -0.13302 -0.45999 0.87236 -0.12368 -0.47296 0.88975 -0.11366 -0.44208 0.90141 -0.11857 -0.41641 0.90216 -0.11147 -0.41676 0.91422 -0.10504 -0.39137 0.8969 0.18991 0.39939 0.90061 0.098 0.42344 0.89519 0.11848 0.42964 0.89722 0.12044 0.42484 0.89689 0.10783 0.4289 0.87276 0.15718 0.46216 0.88877 0.14336 0.43536 0.88884 0.14338 0.4352 0.88878 0.13107 0.43919 0.88897 0.1288 0.43949 0.90195 0.17235 0.39596 0.89948 0.17581 0.40004 0.89245 0.18142 0.41307 0.88148 0.17274 0.4395 0.87795 0.1733 0.44629 0.86146 0.17153 0.47797 0.90404 0.15968 0.39649 0.8993 0.15037 0.41068 0.9131 0.14214 0.38215 0.90556 0.1244 0.40556 0.91604 0.11924 0.38294 0.91013 0.1004 0.40197 0.91246 0.09862 0.39709 0 1E-05 1 -0 1E-05 1 -0.7824 -0.06811 -0.61904 -0.79628 -0.03775 -0.60374 -0.67305 -0.08398 -0.73481 -0.64325 -0.08497 -0.76093 -0.06518 -0.19355 -0.97892 -0.83718 -0.05649 -0.54401 -0.53162 -0.15674 -0.83236 -0.84369 -0.02389 -0.53629 -0.9122 -0.01467 -0.40949 -0.90192 -0.02471 -0.4312 -0.89531 -0.01453 -0.44521 -0.84402 -0.02353 -0.53579 -0.85602 -0.02181 -0.51648 -0.85812 -0.01894 -0.51309 -0.85894 -0.02408 -0.51152 -0.86855 -0.01864 -0.49526 -0.86923 -0.02446 -0.49381 -0.87804 -0.01721 -0.47828 -0.87948 -0.02484 -0.47528 -0.89362 -0.01744 -0.44848 -0.89464 -0.01609 -0.44649 -0.06602 -0.19354 -0.97887 -0.06518 -0.19353 -0.97893 -0.10144 -0.19254 -0.97603 -0.17427 -0.19017 -0.96616 -0.26837 -0.18414 -0.94555 -0.28851 -0.18362 -0.9397 -0.25878 -0.18509 -0.94804 -0.34637 -0.17822 -0.92101 -0.37221 -0.17603 -0.9113 -0.39788 -0.17519 -0.90056 -0.37716 -0.17448 -0.90956 -0.42059 -0.17124 -0.89094 -0.44296 -0.1706 -0.88016 -0.41687 -0.16979 -0.89297 -0.46092 -0.16653 -0.87168 -0.52227 -0.15754 -0.8381 -0.50893 -0.15891 -0.84602 -0.49402 -0.16125 -0.85437 -0.57346 -0.14877 -0.80561 -0.56547 -0.14994 -0.81103 -0.55817 -0.15113 -0.81585 -0.54856 -0.15294 -0.822 -0.87013 -0.05304 -0.48996 -0.87196 -0.0543 -0.48655 -0.85455 -0.05848 -0.51607 -0.90012 -0.04318 -0.4335 -0.89278 -0.03956 -0.44876 -0.88507 -0.03945 -0.46379 -0.77368 -0.0792 -0.62861 -0.78179 -0.0787 -0.61856 -0.80103 -0.06738 -0.59482 -0.65222 -0.1163 -0.74906 -0.17176 -0.19025 -0.96659 -0.14043 -0.19023 -0.97164 -0.203 -0.18838 -0.96089 -0.18351 -0.18794 -0.96489 -0.24726 -0.18559 -0.95101 -0.24459 -0.18555 -0.95171 -0.28928 -0.18097 -0.93998 -0.31952 -0.1794 -0.93044 -0.3477 -0.17444 -0.92124 -0.38665 -0.17205 -0.90604 -0.41746 -0.16607 -0.89339 -0.44621 -0.16401 -0.87977 -0.41718 -0.16992 -0.8928 -0.3925 -0.17166 -0.90359 -0.34751 -0.17737 -0.92075 -0.35383 -0.17738 -0.91833 -0.3125 -0.18117 -0.93248 -0.24732 -0.18433 -0.95124 -0.26835 -0.18463 -0.94546 -0.22145 -0.18664 -0.95714 -0.22141 -0.18749 -0.95699 -0.17182 -0.18835 -0.96695 -0.2421 -0.18961 -0.95154 -0.21107 -0.18931 -0.95896 -0.79144 -0.08792 -0.60489 -0.77784 -0.08919 -0.62211 -0.75893 -0.10083 -0.64332 -0.73484 -0.11031 -0.66921 -0.6757 -0.12442 -0.7266 -0.67611 -0.11949 -0.72704 -0.69818 -0.12181 -0.70549 -0.69821 -0.12139 -0.70552 -0.70672 -0.12077 -0.69711 -0.83814 -0.07451 -0.54035 -0.82475 -0.07563 -0.56042 -0.7954 -0.08536 -0.60004 -0.7998 -0.08551 -0.59415 -0.77715 -0.09855 -0.62156 -0.53995 -0.15487 -0.82733 -0.53248 -0.1567 -0.83181 -0.53282 -0.15263 -0.83235 -0.50697 -0.1549 -0.84793 -0.50663 -0.15901 -0.84737 -0.47069 -0.1621 -0.86728 -0.47041 -0.16563 -0.86676 -0.48014 -0.16579 -0.86138 -0.47833 -0.15722 -0.86399 -0.47799 -0.1615 -0.86339 -0.44529 -0.16408 -0.88022 -0.44501 -0.16779 -0.87967 -0.3925 -0.17166 -0.90359 -0.41674 -0.17157 -0.89269 -0.35393 -0.17584 -0.91859 -0.37707 -0.17586 -0.90934 -0.31258 -0.17978 -0.93272 -0.33516 -0.17991 -0.92483 -0.3178 -0.1808 -0.93076 -0.61588 -0.13552 -0.7761 -0.6163 -0.13047 -0.77663 -0.64276 -0.13269 -0.75449 -0.64317 -0.12788 -0.75497 -0.66645 -0.12999 -0.73413 -0.66685 -0.1254 -0.73457 -0.67805 -0.12651 -0.72405 -0.6311 -0.08406 -0.77113 -0.67623 -0.09029 -0.73114 -0.61298 -0.09286 -0.78462 -0.66558 -0.10343 -0.73912 -0.53232 -0.12 -0.83799 -0.56377 -0.11344 -0.81811 -0.57934 -0.10824 -0.80787 -0.62843 -0.10572 -0.77065 -0.62886 -0.09908 -0.77118 -0.43885 -0.14909 -0.88611 -0.41205 -0.14395 -0.89972 -0.47794 -0.14065 -0.86706 -0.45145 -0.1353 -0.88198 -0.472 -0.13434 -0.8713 -0.57799 -0.11517 -0.80788 -0.49035 -0.12648 -0.8623 -0.54786 -0.12356 -0.8274 -0.54831 -0.1167 -0.82809 -0.60111 -0.11384 -0.79102 -0.60111 -0.11384 -0.79102 -0.62206 -0.10608 -0.77575 -0.61328 -0.11309 -0.78172 -0.64848 -0.11661 -0.75225 -0.58254 -0.12145 -0.80368 -0.6195 -0.12473 -0.77503 -0.54843 -0.13 -0.82603 -0.58692 -0.13305 -0.79864 -0.51064 -0.13867 -0.84854 -0.6858 -0.10783 -0.71976 -0.6858 -0.10783 -0.71976 -0.64892 -0.11068 -0.75276 -0.67911 -0.11395 -0.72514 -0.61995 -0.11885 -0.77559 -0.65178 -0.12187 -0.74856 -0.58737 -0.12728 -0.79925 -0.69838 -0.09524 -0.70936 -0.69838 -0.09524 -0.70936 -0.666 -0.09717 -0.73959 -0.64171 -0.09404 -0.76116 -0.64056 -0.11128 -0.7598 -0.61328 -0.11309 -0.78172 -0.57719 -0.12649 -0.80676 -0.58208 -0.12767 -0.80305 -0.52676 -0.13137 -0.8398 -0.54798 -0.1361 -0.82534 -0.48846 -0.14004 -0.86128 -0.5102 -0.14457 -0.84782 -0.44648 -0.14866 -0.88236 -0.35202 -0.16717 -0.92094 -0.32211 -0.16063 -0.93297 -0.39692 -0.15728 -0.90428 -0.36768 -0.1519 -0.91746 -0.3887 -0.15159 -0.90881 -0.37691 -0.16382 -0.91165 -0.35248 -0.1594 -0.92214 -0.42228 -0.15588 -0.89296 -0.3973 -0.1512 -0.90515 -0.46428 -0.14761 -0.8733 -0.43927 -0.14269 -0.88695 -0.503 -0.13915 -0.85301 -0.47839 -0.13403 -0.86786 -0.51433 -0.13094 -0.84754 -0.5157 -0.10894 -0.84981 -0.55498 -0.12957 -0.82171 -0.55498 -0.12957 -0.82171 -0.50345 -0.13271 -0.85377 -0.5263 -0.13763 -0.83908 -0.4647 -0.14138 -0.87411 -0.48803 -0.1461 -0.86051 -0.42267 -0.14995 -0.89379 -0.44608 -0.15444 -0.88157 -0.37725 -0.15827 -0.91249 -0.22892 -0.17505 -0.95758 -0.77018 -0.09866 -0.63015 -0.73709 -0.11063 -0.66668 -0.73769 -0.10307 -0.66722 -0.71633 -0.11511 -0.6882 -0.71633 -0.11511 -0.6882 -0.65049 -0.12199 -0.74966 -0.65006 -0.12718 -0.74917 -0.58568 -0.13315 -0.79953 -0.58525 -0.13847 -0.79894 -0.50946 -0.14463 -0.84826 -0.50905 -0.15 -0.84757 -0.4227 -0.15586 -0.89277 -0.42233 -0.16116 -0.892 -0.37201 -0.16408 -0.91361 -0.35048 -0.17012 -0.92099 -0.27623 -0.17348 -0.9453 -0.27596 -0.1789 -0.94437 -0.22084 -0.1802 -0.95852 -0.17894 -0.18508 -0.96629 -0.16255 -0.18548 -0.96911 -0.1264 -0.1898 -0.97365 -0.07435 -0.18963 -0.97904 -0.31636 -0.17613 -0.93215 -0.2565 -0.17876 -0.94987 -0.22069 -0.18382 -0.95787 -0.19185 -0.18473 -0.96388 -0.16245 -0.18853 -0.96854 -0.12307 -0.18941 -0.97415 -0.10169 -0.19193 -0.97613 -0.03894 -0.19262 -0.9805 -0.02642 -0.1939 -0.98067 -0.78476 -0.03749 -0.61866 -0.7962 -0.0405 -0.60368 -0.75664 -0.05069 -0.65187 -0.70555 -0.1114 -0.69985 -0.67954 -0.10834 -0.72559 -0.71385 -0.10537 -0.69232 -0.71466 -0.09417 -0.69311 -0.72708 -0.09329 -0.68019 -0.72782 -0.08169 -0.68088 -0.73547 -0.08132 -0.67266 -0.73613 -0.06958 -0.67326 -0.74165 -0.06943 -0.66719 -0.80597 -0.06717 -0.58814 -0.80647 -0.05713 -0.5885 -0.78735 -0.06793 -0.61276 -0.78787 -0.05742 -0.61316 -0.85984 -0.03903 -0.50907 -0.84711 -0.05623 -0.52844 -0.84781 -0.03881 -0.52888 -0.83372 -0.05657 -0.54928 -0.83444 -0.03855 -0.54975 -0.81883 -0.0569 -0.57121 -0.81956 -0.03825 -0.57171 -0.80224 -0.0572 -0.59426 -0.80286 -0.04152 -0.59472 -0.81277 -0.03811 -0.58134 -0.82672 -0.0227 -0.56215 -0.82633 -0.03839 -0.56188 -0.839 -0.02335 -0.54363 -0.8386 -0.03864 -0.54337 -0.85056 -0.02377 -0.52533 -0.85016 -0.03886 -0.52509 -0.86144 -0.02417 -0.50728 -0.86103 -0.03905 -0.50705 -0.87166 -0.02455 -0.4895 -0.88083 -0.03938 -0.47179 -0.58522 -0.10094 -0.80457 -0.6534 -0.09785 -0.75066 -0.65442 -0.08055 -0.75183 -0.67661 -0.08385 -0.73155 -0.70664 -0.08266 -0.70273 -0.70731 -0.07028 -0.7034 -0.74165 -0.06943 -0.66719 -0.70498 -0.05431 -0.70714 -0.72319 -0.05799 -0.68821 -0.90693 -0.02588 -0.42048 -0.89022 -0.02524 -0.45482 -0.88083 -0.03938 -0.47179 -0.87069 -0.03922 -0.49027 -0.85915 -0.05588 -0.50866 -0.85668 -0.05596 -0.5128 -0.83657 -0.06808 -0.54361 -0.81692 -0.07297 -0.57212 -0.81672 -0.07626 -0.57198 -0.7921 -0.07802 -0.60539 -0.773 -0.08962 -0.62805 -0.75967 -0.09076 -0.64395 -0.06203 -0.19359 -0.97912 -0.04955 -0.19501 -0.97955 -0.04957 -0.19329 -0.97989 -0.64012 -0.13522 -0.75628 -0.62908 -0.13856 -0.76489 -0.62946 -0.13412 -0.76537 -0.60432 -0.14128 -0.78412 -0.60472 -0.13663 -0.78463 -0.5764 -0.1441 -0.80436 -0.57681 -0.13923 -0.80493 -0.54483 -0.14702 -0.82556 -0.54483 -0.14702 -0.82556 -0.46313 -0.15333 -0.87293 -0.46275 -0.15839 -0.87222 -0.41124 -0.16185 -0.89704 -0.3717 -0.16894 -0.91285 -0.35341 -0.16996 -0.9199 -0.31636 -0.17613 -0.93215 -0.28939 -0.17741 -0.94063 -0.25632 -0.18246 -0.94921 -0.21919 -0.18387 -0.9582 -0.19174 -0.18768 -0.96333 -0.14316 -0.189 -0.97148 -0.12302 -0.19152 -0.97375 -0.0508 -0.19255 -0.97997 -0.05078 -0.19371 -0.97974 -0.60626 -0.14107 -0.78266 -0.58488 -0.14741 -0.79761 -0.58525 -0.14323 -0.7981 -0.55933 -0.1501 -0.81524 -0.5597 -0.14568 -0.81579 -0.53075 -0.15282 -0.83364 -0.53113 -0.1482 -0.83423 -0.49872 -0.15559 -0.85268 -0.49872 -0.15559 -0.85268 -0.44654 -0.15955 -0.88042 -0.41092 -0.16651 -0.89634 -0.38692 -0.16804 -0.90667 -0.35315 -0.17413 -0.91922 -0.31972 -0.17596 -0.93103 -0.2892 -0.18098 -0.94001 -0.24471 -0.18293 -0.95218 -0.21907 -0.18673 -0.95767 -0.18351 -0.18794 -0.96489 -0.1431 -0.1912 -0.97106 -0.14041 -0.19112 -0.97147 -0.09572 -0.19203 -0.97671 -0.09572 -0.19203 -0.97671 -0.11959 -0.19223 -0.97404 -0.11961 -0.19157 -0.97416 -0.14127 -0.19189 -0.97119 -0.77108 -0.05763 -0.63412 -0.77108 -0.05763 -0.63412 -0.76659 -0.05768 -0.63954 -0.76606 -0.06869 -0.63909 -0.76094 -0.06885 -0.64515 -0.76031 -0.07999 -0.64462 -0.75244 -0.08043 -0.65373 -0.75172 -0.09141 -0.65311 -0.73879 -0.09242 -0.66757 -0.73801 -0.10304 -0.66687 -0.70596 -0.10609 -0.70026 -0.68097 -0.10285 -0.72505 -0.67972 -0.11912 -0.72373 -0.62113 -0.12459 -0.77374 -0.62069 -0.13006 -0.7732 -0.5507 -0.1359 -0.82357 -0.55027 -0.1415 -0.82291 -0.46883 -0.14733 -0.87092 -0.46842 -0.15297 -0.87016 -0.40064 -0.15708 -0.90267 -0.40028 -0.16251 -0.90187 -0.32842 -0.16618 -0.9298 -0.32842 -0.16618 -0.9298 -0.3046 -0.17233 -0.93676 -0.2758 -0.16729 -0.94655 0 0 -1 0.44621 -0.16401 -0.87977 0.51425 -0.1321 -0.84741 0.16245 -0.18853 -0.96854 0.02642 -0.1939 -0.98067 0.73547 -0.08132 -0.67266 0.88083 -0.03938 -0.47179 0.69858 -0.11712 -0.70589 0.11711 -0.19212 -0.97436 0.18746 -0.18916 -0.96389 0.2452 -0.18598 -0.95147 0.50224 -0.15968 -0.84985 0.85632 -0.02134 -0.51601 0.85164 -0.02242 -0.52364 0.84374 -0.02371 -0.53623 0.87782 -0.01499 -0.47875 0.87772 -0.01771 -0.47884 0.86772 -0.0244 -0.49645 0.85637 -0.01525 -0.51613 0.8587 -0.01822 -0.51216 0.89457 -0.01335 -0.44673 0.89527 -0.01496 -0.44528 0.53251 -0.15634 -0.83186 0.51962 -0.16033 -0.83922 0.52469 -0.15881 -0.83635 0.536 -0.15574 -0.82973 0.54573 -0.15358 -0.82377 0.55526 -0.15159 -0.81774 0.56357 -0.15025 -0.81229 0.41675 -0.17146 -0.89271 0.4087 -0.17304 -0.89611 0.43079 -0.16889 -0.88651 0.47041 -0.16569 -0.86675 0.46993 -0.16583 -0.86699 0.48758 -0.16246 -0.85783 0.3344 -0.17924 -0.92523 0.22367 -0.18743 -0.95647 0.15652 -0.19126 -0.96898 0.08451 -0.19433 -0.97729 0.06372 -0.19357 -0.97902 0.06518 -0.19358 -0.97892 0.06518 -0.19314 -0.979 0.1196 -0.19185 -0.97411 0.11961 -0.19159 -0.97416 0.0957 -0.1927 -0.97658 0.24459 -0.18555 -0.95171 0.28928 -0.18097 -0.93998 0.2892 -0.1824 -0.93973 0.31258 -0.17978 -0.93272 0.22141 -0.18763 -0.95696 0.22145 -0.18664 -0.95714 0.203 -0.18838 -0.96089 0.58525 -0.13847 -0.79894 0.54524 -0.14191 -0.82618 0.5764 -0.1441 -0.80436 0.4991 -0.15076 -0.85333 0.53075 -0.15282 -0.83364 0.44654 -0.15955 -0.88042 0.47799 -0.1615 -0.86339 0.57147 -0.149 -0.80698 0.59122 -0.14663 -0.79307 0.58493 -0.14687 -0.79767 0.73393 -0.11135 -0.67004 0.69826 -0.12091 -0.70556 0.69187 -0.12114 -0.71179 0.79305 -0.09798 -0.60122 0.77766 -0.09163 -0.62197 0.77713 -0.09876 -0.62154 0.75967 -0.09076 -0.64395 0.75893 -0.10083 -0.64332 0.73879 -0.09242 -0.66757 0.76595 -0.11402 -0.63272 0.73793 -0.09998 -0.66743 0.73693 -0.11261 -0.66653 0.71713 -0.10507 -0.68897 0.71694 -0.1075 -0.68879 0.70596 -0.10609 -0.70026 0.70596 -0.10609 -0.70026 0.73801 -0.10304 -0.66687 0.71466 -0.09417 -0.69311 0.7824 -0.06811 -0.61904 0.81672 -0.07626 -0.57198 0.81672 -0.07626 -0.57198 0.81667 -0.07698 -0.57194 0.84314 -0.06517 -0.53374 0.80647 -0.05713 -0.5885 0.82231 -0.06642 -0.56515 0.83718 -0.05649 -0.54401 0.83672 -0.06543 -0.54371 0.86323 -0.05509 -0.5018 0.91068 -0.01426 -0.41287 0.90471 -0.02582 -0.42524 0.8989 -0.02582 -0.43739 0.88085 -0.03873 -0.4718 0.89116 -0.03954 -0.45196 0.88826 -0.03949 -0.45763 0.87862 -0.05612 -0.47422 0.85963 -0.04482 -0.50894 0.85915 -0.05588 -0.50866 0.84781 -0.03881 -0.52888 0.84711 -0.05623 -0.52844 0.83444 -0.03855 -0.54975 0.67374 -0.07091 -0.73556 0.70664 -0.08266 -0.70273 0.70664 -0.08266 -0.70273 0.74219 -0.05788 -0.66768 0.7174 -0.06854 -0.69328 0.69852 -0.07046 -0.71211 0.70731 -0.07028 -0.7034 0.76606 -0.06869 -0.63909 0.74219 -0.05788 -0.66768 0.78133 -0.04518 -0.62248 0.79628 -0.03775 -0.60374 0.80839 -0.03802 -0.58742 0.81773 -0.03009 -0.57481 0.89446 -0.01636 -0.44685 0.88676 -0.02511 -0.46156 0.86144 -0.02417 -0.50728 0.86144 -0.02417 -0.50728 0.84615 -0.03398 -0.53186 0.8464 -0.02385 -0.53202 0.82845 -0.02867 -0.55933 0.41164 -0.15051 -0.89883 0.38875 -0.15159 -0.90879 0.32193 -0.1673 -0.93186 0.27598 -0.16733 -0.94649 0.3046 -0.17233 -0.93676 0.12909 -0.18949 -0.97336 0.16255 -0.18548 -0.96911 0.17841 -0.18509 -0.96639 0.12307 -0.18941 -0.97415 0.12307 -0.18941 -0.97415 0.10169 -0.19193 -0.97613 0.10174 -0.18975 -0.97655 0.07704 -0.1923 -0.97831 0.37725 -0.15827 -0.91249 0.37691 -0.16382 -0.91165 0.40064 -0.15708 -0.90267 0.40028 -0.16251 -0.90187 0.4227 -0.15586 -0.89277 0.47119 -0.13438 -0.87173 0.51429 -0.1314 -0.84749 0.50662 -0.12989 -0.85233 0.57648 -0.11156 -0.80946 0.43927 -0.14269 -0.88695 0.43885 -0.14908 -0.88611 0.4647 -0.14138 -0.87411 0.46428 -0.14761 -0.8733 0.48846 -0.14004 -0.86128 0.48803 -0.1461 -0.86051 0.51064 -0.13867 -0.84854 0.61342 -0.09978 -0.78343 0.59412 -0.10059 -0.79806 0.59412 -0.10059 -0.79806 0.6148 -0.11299 -0.78054 0.61568 -0.09968 -0.78166 0.63471 -0.11168 -0.76464 0.54609 -0.11681 -0.82954 0.54831 -0.1167 -0.82809 0.54831 -0.1167 -0.82809 0.55576 -0.11848 -0.82286 0.5559 -0.11633 -0.82307 0.57707 -0.12803 -0.8066 0.57719 -0.12649 -0.80676 0.58208 -0.12767 -0.80305 0.58208 -0.12767 -0.80305 0.39729 -0.15144 -0.90511 0.39692 -0.15728 -0.90428 0.42267 -0.14995 -0.89379 0.42228 -0.15588 -0.89296 0.44648 -0.14866 -0.88236 0.44608 -0.15444 -0.88157 0.46883 -0.14733 -0.87092 0.06203 -0.19359 -0.97912 0.24458 -0.18571 -0.95168 0.21919 -0.18387 -0.9582 0.21907 -0.18673 -0.95767 0.19185 -0.18473 -0.96388 0.19185 -0.18473 -0.96388 0.22069 -0.18382 -0.95787 0.22084 -0.18024 -0.95851 0.17176 -0.19006 -0.96663 0.17179 -0.1894 -0.96676 0.14041 -0.19112 -0.97147 0.14041 -0.19112 -0.97147 0.09572 -0.19203 -0.97671 0.04955 -0.19501 -0.97955 0.04957 -0.19372 -0.9798 0.03894 -0.19262 -0.9805 0.03893 -0.19382 -0.98027 0.0508 -0.19255 -0.97997 0.0508 -0.19255 -0.97997 0.14311 -0.19105 -0.97109 0.1431 -0.1912 -0.97106 0.18351 -0.18794 -0.96489 0.18351 -0.18794 -0.96489 0.24726 -0.18559 -0.95101 0.24726 -0.18559 -0.95101 0.26841 -0.18341 -0.94568 0.26835 -0.18454 -0.94548 0.27802 -0.18353 -0.94288 0.41718 -0.16992 -0.8928 0.38692 -0.16804 -0.90667 0.38665 -0.17205 -0.90604 0.35341 -0.16996 -0.9199 0.35315 -0.17413 -0.91922 0.30582 -0.18166 -0.9346 0.33121 -0.1799 -0.92625 0.31258 -0.17978 -0.93272 0.35383 -0.17738 -0.91833 0.35383 -0.17738 -0.91833 0.34751 -0.17737 -0.92075 0.34749 -0.17777 -0.92068 0.31972 -0.17596 -0.93103 0.31952 -0.1794 -0.93044 0.28939 -0.17741 -0.94063 0.2892 -0.18098 -0.94001 0.2565 -0.17876 -0.94987 0.2565 -0.17876 -0.94987 0.36733 -0.15874 -0.91645 0.35248 -0.1594 -0.92214 0.35214 -0.16508 -0.92127 0.32842 -0.16618 -0.9298 0.32842 -0.16618 -0.9298 0.35048 -0.17012 -0.92099 0.37201 -0.16408 -0.91361 0.37201 -0.16408 -0.91361 0.42233 -0.16116 -0.892 0.46313 -0.15333 -0.87293 0.46842 -0.15297 -0.87016 0.50946 -0.14463 -0.84826 0.5102 -0.14457 -0.84782 0.5507 -0.1359 -0.82357 0.58692 -0.13305 -0.79864 0.58737 -0.12728 -0.79925 0.54798 -0.1361 -0.82534 0.54843 -0.13 -0.82603 0.5263 -0.13763 -0.83908 0.52676 -0.13136 -0.8398 0.503 -0.13915 -0.85301 0.50345 -0.13271 -0.85377 0.47794 -0.14065 -0.86706 0.47839 -0.13403 -0.86786 0.45101 -0.1421 -0.88113 0.41686 -0.16995 -0.89294 0.47041 -0.16568 -0.86676 0.44529 -0.16408 -0.88022 0.53249 -0.15657 -0.83183 0.50697 -0.1549 -0.84793 0.58488 -0.14746 -0.7976 0.5597 -0.14568 -0.81579 0.62908 -0.13856 -0.76489 0.60472 -0.13663 -0.78463 0.64276 -0.13269 -0.75449 0.64317 -0.12788 -0.75497 0.65006 -0.12718 -0.74917 0.65049 -0.12199 -0.74966 0.65178 -0.12187 -0.74856 0.65222 -0.1163 -0.74906 0.64848 -0.11661 -0.75225 0.64892 -0.11068 -0.75276 0.6858 -0.10783 -0.71976 0.65396 -0.09783 -0.75018 0.72708 -0.09329 -0.68019 0.69915 -0.08297 -0.71014 0.76031 -0.07999 -0.64462 0.73613 -0.06958 -0.67326 0.78735 -0.06793 -0.61276 0.76659 -0.05768 -0.63954 0.81883 -0.0569 -0.57121 0.80298 -0.0379 -0.5948 0.58568 -0.13315 -0.79953 0.55027 -0.1415 -0.82291 0.54524 -0.14191 -0.82618 0.50905 -0.15 -0.84757 0.4991 -0.15076 -0.85333 0.46275 -0.15839 -0.87222 0.41124 -0.16185 -0.89704 0.41092 -0.16651 -0.89634 0.31661 -0.17179 -0.93287 0.31661 -0.17179 -0.93287 0.27601 -0.17798 -0.94453 0.27623 -0.17348 -0.9453 0.22819 -0.18012 -0.95681 0.63946 -0.08508 -0.76411 0.64661 -0.08714 -0.75783 0.64674 -0.08486 -0.75798 0.66483 -0.09724 -0.74064 0.66562 -0.08424 -0.74152 0.69838 -0.09524 -0.70936 0.63558 -0.09876 -0.76569 0.65309 -0.11038 -0.74919 0.61328 -0.11309 -0.78172 0.61283 -0.11937 -0.78115 0.61995 -0.11885 -0.77559 0.6195 -0.12473 -0.77503 0.62113 -0.12459 -0.77374 0.62069 -0.13006 -0.7732 0.6163 -0.13047 -0.77663 0.61588 -0.13552 -0.7761 0.57681 -0.13923 -0.80493 0.60432 -0.14128 -0.78412 0.53113 -0.1482 -0.83423 0.55933 -0.1501 -0.81524 0.47833 -0.15722 -0.86399 0.50663 -0.15901 -0.84737 0.41746 -0.16607 -0.89339 0.44501 -0.16779 -0.87967 0.3925 -0.17166 -0.90359 0.39238 -0.17334 -0.90332 0.37717 -0.17437 -0.90958 0.37714 -0.17481 -0.90951 0.3835 -0.17497 -0.90681 0.75244 -0.08043 -0.65373 0.773 -0.08962 -0.62805 0.77368 -0.0792 -0.62861 0.79144 -0.08792 -0.60489 0.79198 -0.07984 -0.6053 0.82 -0.08499 -0.56601 0.82694 -0.08846 -0.55529 0.81504 -0.08483 -0.57316 0.61725 -0.13988 -0.77423 0.64894 -0.13622 -0.74854 0.62939 -0.13501 -0.76527 0.66645 -0.13003 -0.73413 0.66685 -0.1254 -0.73457 0.6757 -0.12442 -0.7266 0.67611 -0.11949 -0.72704 0.67972 -0.11912 -0.72373 0.68015 -0.11385 -0.72418 0.67911 -0.11395 -0.72514 0.67954 -0.10834 -0.72559 0.71385 -0.10537 -0.69232 0.68664 -0.09597 -0.72063 0.75172 -0.09141 -0.65311 0.72782 -0.08169 -0.68088 0.78179 -0.0787 -0.61856 0.76094 -0.06885 -0.64515 0.80597 -0.06717 -0.58814 0.78787 -0.05742 -0.61316 0.83372 -0.05657 -0.54928 0.81956 -0.03825 -0.57171 0.83084 -0.03848 -0.55517 0.83084 -0.03848 -0.55517 0.83084 -0.03848 -0.55517 0.80298 -0.0379 -0.5948 0.79604 -0.04508 -0.60356 0.77108 -0.05763 -0.63412 0.77153 -0.04652 -0.63449 0.75262 -0.05781 -0.65592 0 -0.15142 0.98847 -0.00589 -0.15648 0.98766 0.0059 -0.16253 0.98669 0.00457 -0.16374 0.98649 -0.00542 -0.175 0.98455 -0.0056 -0.17515 0.98453 0.00034 -0.17928 0.9838 -0.0001 -0.18409 0.98291 0 -0.18438 0.98285 -0 -0.18581 0.98259 0.00077 -0.19322 0.98116 -0.00163 -0.19493 0.98082 0.00115 -0.20767 0.9782 -0.00505 -0.21372 0.97688 0.00525 -0.22264 0.97489 -0 -0.22799 0.97366 -0.55999 0.11892 0.81992 -0.67012 0.10258 0.73513 -0.88809 -0.02623 0.45893 -0.90518 -0.04203 0.42294 0.87328 0.05301 0.48434 0.9123 -0.05278 0.4061 0.89564 -0.04022 0.44296 0.7808 0.0571 0.62216 0.72527 0.07981 0.68383 0.66513 0.09877 0.74017 0.05468 0.34662 0.93641 0.21126 0.6834 0.69881 0.26416 0.72219 0.63926 0.30546 0.68876 0.6575 0.4305 0.85279 0.29566 0.32597 0.56286 0.75956 0.40701 0.53368 0.7413 0.38662 0.47856 0.78835 0.36718 0.43346 0.82298 0.52944 0.80416 0.2702 0.57336 0.58414 0.57449 0.4852 0.53251 0.69355 0.48259 0.40037 0.77898 0.35997 0.23505 0.90287 0.48007 0.23614 0.84485 0.12265 0.31877 0.93986 0.72962 0.34032 0.59316 0.46306 0.19367 0.86491 0.84379 0.38813 0.37063 0.46356 0.14886 0.87347 -0.03166 0.19665 0.97996 0.20669 0.20045 0.95765 0.19625 0.21865 0.95587 0.09349 0.22178 0.9706 0.74942 0.08804 0.65622 0.53899 0.15629 0.82768 0.43932 0.1849 0.8791 0.3906 0.21067 0.89613 0.34655 0.21233 0.91368 -0.02525 0.21811 0.9756 -0.21944 0.20172 0.95454 0.03109 0.22263 0.97441 -0.21423 0.22396 0.95076 -0.13957 0.22571 0.96414 -0.26608 0.17742 0.94748 -0.05468 0.3466 0.93642 -0.03136 0.29706 0.95434 -0.08127 0.42354 0.90222 -0.21352 0.22398 0.95091 -0.25019 0.25813 0.93315 -0.1026 0.50965 0.85424 -0.11825 0.58561 0.80193 -0.24859 0.90366 0.34873 -0.4516 0.83961 0.30186 -0.58634 0.36435 0.7235 -0.64644 0.23007 0.72745 -0.6596 0.19835 0.72497 -0.81815 0.51117 0.26332 -0.84873 0.21407 0.48356 -0.78049 0.10676 0.61599 0.89535 0.21898 0.3878 -0.89797 0.21979 0.38124 -0.89535 0.21897 0.38782 0.87856 0.11607 0.46332 0.87691 0.0962 0.47092 0.87553 0.09497 0.47373 0.87944 0.10963 0.46321 0.91453 0.07236 0.39799 -0.89204 0.07292 0.44603 -0.87855 0.11607 0.46333 -0.87944 0.10962 0.46322 -0.87573 0.09571 0.47322 -0.87737 0.09594 0.47013 -0.89103 0.088 0.44534 -0.85548 0.18457 0.48384 -0.86087 0.19498 0.46998 -0.82186 0.16051 0.54661 -0.86931 0.1723 0.46327 -0.84676 0.14976 0.51047 -0.86741 0.14704 0.47537 -0.84539 0.11669 0.52124 -0.85541 0.11979 0.50392 -0.87136 0.11813 0.47621 -0.78284 0.09531 0.61488 -0.80324 0.08786 0.58914 -0.80395 0.08858 0.58807 -0.80107 0.12924 0.58446 -0.885 0.27005 0.37927 -0.87817 0.29452 0.37692 -0.85952 0.26948 0.43429 -0.84471 0.31787 0.43062 -0.82221 0.28716 0.49143 -0.80862 0.32692 0.48914 -0.87966 0.20574 0.42879 -0.88103 0.20633 0.42569 -0.87428 0.23587 0.42426 -0.84472 0.20728 0.49344 -0.83574 0.24212 0.49286 -0.81952 0.23128 0.5243 -0.80708 0.27282 0.52363 -0.77978 0.1313 0.61213 -0.78464 0.10962 0.61019 -0.78243 0.10726 0.61343 -0.78499 0.09488 0.6122 -0.80118 0.12857 0.58445 -0.80976 0.08332 0.58081 -0.82502 0.09312 0.55738 -0.73508 0.13839 0.66371 -0.74114 0.11582 0.66128 -0.75193 0.12697 0.6469 -0.75539 0.11298 0.64546 -0.75111 0.17994 0.63518 -0.70214 0.104 0.7044 -0.70427 0.09601 0.70341 -0.71164 0.10977 0.69391 -0.63452 0.13118 0.76169 -0.62441 0.13282 0.76972 -0.64766 0.12205 0.75209 -0.64577 0.12759 0.75279 -0.66743 0.11577 0.73562 -0.66529 0.12251 0.73647 -0.6254 0.11527 0.77175 -0.62288 0.12253 0.77266 -0.5935 0.1387 0.79279 -0.58373 0.12209 0.80271 -0.65346 0.14404 0.74313 -0.61709 0.14169 0.77403 -0.60965 0.16018 0.77632 -0.83738 0.3151 0.44667 -0.86801 0.3242 0.37611 -0.87754 0.29321 0.3794 -0.801 0.26387 0.53738 -0.82635 0.29407 0.48028 -0.84007 0.24833 0.4823 -0.86168 0.27315 0.42767 -0.87225 0.23281 0.43009 -0.88513 0.24716 0.39427 -0.89072 0.25121 0.37882 -0.72803 0.20171 0.65519 -0.78304 0.47931 0.39638 -0.78561 0.48845 0.37979 -0.76655 0.52282 0.37291 -0.75532 0.48909 0.43622 -0.76072 0.49957 0.41442 -0.77854 0.46604 0.42033 -0.78594 0.49024 0.37678 -0.80724 0.44795 0.38432 -0.8138 0.46954 0.34244 -0.83173 0.43157 0.34925 -0.73603 0.58162 0.34639 -0.745 0.57144 0.34414 -0.75223 0.5602 0.34688 -0.75524 0.57053 0.32265 -0.77075 0.54584 0.32864 -0.73681 0.5831 0.34221 -0.72804 0.53359 0.43039 -0.72716 0.53234 0.43341 -0.84355 0.38873 0.37056 -0.84467 0.39009 0.36655 -0.82841 0.41826 0.37255 -0.82483 0.41167 0.38755 -0.80764 0.44957 0.38158 -0.79939 0.42758 0.42209 -0.77929 0.46901 0.41561 -0.77016 0.44441 0.45755 -0.75315 0.47755 0.45245 -0.74049 0.44481 0.50381 -0.72014 0.42613 0.54755 -0.68929 0.45906 0.56049 -0.7129 0.48603 0.50552 -0.72626 0.46183 0.50918 -0.74257 0.50907 0.43524 -0.74348 0.51021 0.43235 -0.75178 0.54635 0.36921 -0.76646 0.52176 0.37458 -0.77075 0.54618 0.32808 -0.7882 0.51639 0.33479 -0.74419 0.28471 0.60425 -0.72589 0.2721 0.63171 -0.71475 0.29989 0.63182 -0.67335 0.34829 0.65215 -0.64645 0.37884 0.66225 -0.67557 0.26078 0.68964 -0.6852 0.26423 0.67874 -0.69763 0.23323 0.67743 -0.68136 0.22432 0.69672 -0.7179 0.23062 0.65683 -0.75152 0.26489 0.6042 -0.79527 0.15468 0.58619 -0.75422 0.13331 0.64295 -0.747 0.15971 0.64536 -0.70343 0.1367 0.6975 -0.69447 0.16433 0.7005 -0.64924 0.13954 0.74767 -0.63841 0.16816 0.7511 -0.59212 0.14131 0.79336 -0.57878 0.17189 0.79716 -0.6659 0.3404 0.66386 -0.6427 0.30646 0.70216 -0.63223 0.30024 0.71424 -0.60347 0.26354 0.75257 -0.59084 0.25733 0.76465 -0.77017 0.32162 0.55081 -0.74872 0.29331 0.59446 -0.72887 0.34201 0.59311 -0.74884 0.37239 0.54823 -0.68884 0.31502 0.65289 -0.6654 0.28413 0.6903 -0.65534 0.27942 0.70175 -0.60034 0.21708 0.76972 -0.61968 0.22931 0.75061 -0.58508 0.19567 0.78702 -0.56775 0.23118 0.79007 -0.69741 0.63701 0.32839 -0.69725 0.63655 0.32963 -0.62027 0.72187 0.30687 -0.62053 0.72354 0.30237 -0.64836 0.69386 0.31335 -0.64847 0.69439 0.31194 -0.67406 0.66483 0.32195 -0.67182 0.65735 0.3414 -0.68365 0.65377 0.32436 -0.56074 0.72579 0.39849 -0.56115 0.72771 0.39439 -0.59204 0.69579 0.40666 -0.59255 0.69768 0.40264 -0.62053 0.66632 0.41348 -0.62111 0.6681 0.40971 -0.64648 0.63738 0.41929 -0.64714 0.63907 0.41569 -0.66997 0.60932 0.4241 -0.67071 0.61092 0.42062 -0.69113 0.58241 0.42795 -0.69192 0.58388 0.42466 -0.50557 0.79913 0.32527 -0.50216 0.76391 0.40532 -0.5141 0.76927 0.37938 -0.52945 0.80416 0.27021 -0.55567 0.78254 0.28082 -0.55568 0.78306 0.27935 -0.58929 0.75298 0.29284 -0.58933 0.75351 0.29139 -0.6057 0.73781 0.29792 -0.61007 0.40487 0.6811 -0.64219 0.44014 0.62759 -0.66119 0.40603 0.63085 -0.66729 0.41444 0.61884 -0.68853 0.37306 0.6219 -0.69457 0.38016 0.61078 -0.71967 0.32557 0.61325 -0.70137 0.29968 0.64674 -0.75789 0.3521 0.54921 -0.77519 0.3812 0.50375 -0.77812 0.38447 0.4967 -0.55806 0.53041 0.63815 -0.57984 0.49928 0.64383 -0.56612 0.43144 0.70241 -0.60417 0.48274 0.63399 -0.62165 0.45475 0.63778 -0.54854 0.39845 0.73508 -0.55506 0.41656 0.71999 -0.52817 0.36327 0.76751 -0.4305 0.8528 0.29565 -0.41048 0.75769 0.50736 -0.40247 0.87338 0.27427 -0.40218 0.87077 0.28285 -0.22474 0.91116 0.34536 -0.44736 0.83062 0.33158 -0.44938 0.72884 0.51657 -0.44786 0.72527 0.52288 -0.43503 0.63933 0.63403 -0.41725 0.58907 0.69203 -0.38645 0.53533 0.75105 -0.3902 0.61712 0.68331 -0.40597 0.74593 0.52799 -0.34544 0.80366 0.48455 -0.36218 0.88948 0.27867 -0.37543 0.50777 0.77539 -0.39098 0.55228 0.73629 -0.43616 0.49808 0.74946 -0.45174 0.54896 0.70326 -0.45545 0.55707 0.69443 -0.46733 0.60379 0.64578 -0.47009 0.61076 0.63717 -0.48508 0.69488 0.53089 -0.51143 0.74835 0.4224 -0.50724 0.71632 0.47916 -0.55587 0.66535 0.49832 -0.55706 0.66886 0.49224 -0.58518 0.63628 0.50271 -0.58649 0.63957 0.49697 -0.61175 0.60807 0.50597 -0.61318 0.61117 0.50049 -0.63592 0.58076 0.50825 -0.63744 0.58367 0.50299 -0.65779 0.55459 0.50964 -0.65939 0.55728 0.50463 -0.67749 0.52972 0.5103 -0.67915 0.53219 0.5055 -0.69583 0.50519 0.5105 -0.71008 0.55677 0.43103 -0.71093 0.55814 0.42785 -0.71807 0.6093 0.33635 -0.71827 0.60974 0.33512 -0.17035 0.77147 0.61303 -0.16934 0.76513 0.6212 -0.12199 0.79283 0.5971 -0.17691 0.93209 0.31609 -0.17668 0.92975 0.32304 -0.1484 0.94018 0.30665 -0.12811 0.90686 0.40149 -0.43468 0.3173 0.84284 -0.44557 0.33712 0.82934 -0.467 0.36869 0.80373 -0.46526 0.36416 0.80679 -0.49147 0.41954 0.76318 -0.48405 0.3982 0.77918 -0.50964 0.45734 0.72877 -0.5034 0.43731 0.74521 -0.49352 0.41352 0.76514 -0.51151 0.49766 0.70049 -0.52832 0.54994 0.64687 -0.59297 0.38061 0.70959 -0.56531 0.33283 0.75475 -0.53578 0.38246 0.75278 -0.51025 0.33579 0.79176 -0.49674 0.32284 0.80562 -0.47623 0.29008 0.8301 -0.46078 0.27734 0.84307 -0.43247 0.23724 0.86988 -0.57298 0.35008 0.74104 -0.54655 0.30774 0.77883 -0.53318 0.29734 0.79203 -0.5116 0.2669 0.81672 -0.49638 0.25679 0.82926 -0.46725 0.22015 0.85628 -0.44202 0.26099 0.8582 -0.40367 0.21163 0.89009 -0.28464 0.49373 0.82171 -0.30161 0.55734 0.77356 -0.30932 0.58018 0.75347 -0.32718 0.66994 0.66644 -0.33133 0.68623 0.64754 -0.34548 0.85267 0.39192 -0.3304 0.78486 0.52424 -0.27651 0.30403 0.91165 -0.26603 0.27432 0.92411 -0.29993 0.34071 0.89105 -0.29049 0.31066 0.90504 -0.31406 0.3626 0.87743 -0.26055 0.42588 0.86645 -0.27431 0.46843 0.83984 -0.22493 0.91208 0.34281 -0.21796 0.74763 0.62733 -0.21657 0.74109 0.63552 -0.19955 0.62411 0.75542 -0.15608 0.66095 0.73402 -0.03594 0.10846 0.99345 -0.73916 0.2176 0.63741 -0.68959 0.17838 0.70189 -0.67432 0.21907 0.70519 -0.62309 0.17658 0.76195 -0.60319 0.22167 0.76618 -0.55135 0.17557 0.81559 -0.52526 0.22626 0.82031 -0.47349 0.17565 0.86311 -0.44776 0.21926 0.86685 -0.42411 0.15286 0.89262 -0.46156 0.15254 0.8739 -0.46355 0.14886 0.87348 -0.49807 0.14465 0.85499 -0.49701 0.14678 0.85524 -0.52879 0.13958 0.8372 -0.52637 0.14479 0.83784 -0.55575 0.1354 0.82025 -0.36853 0.17321 0.91334 -0.39133 0.13613 0.91013 -0.41137 0.16664 0.89611 -0.42974 0.13432 0.89291 -0.44779 0.16189 0.87936 -0.46235 0.13429 0.87647 -0.47859 0.15941 0.86344 -0.49106 0.13413 0.86074 -0.50583 0.15734 0.84816 -0.60213 0.13497 0.78691 -0.57511 0.14258 0.80556 -0.57536 0.142 0.80548 -0.54607 0.14716 0.82471 -0.54455 0.15044 0.82513 -0.51274 0.15229 0.84493 -0.5056 0.16629 0.84659 -0.46231 0.153 0.87342 -0.44492 0.1835 0.87657 -0.41792 0.16335 0.89368 -0.37737 0.1581 0.91247 -0.34593 0.13886 0.92793 -0.39342 0.1827 0.90102 -0.42549 0.19591 0.8835 -0.44574 0.16239 0.88031 -0.49614 0.20734 0.84312 -0.52075 0.16117 0.83836 -0.571 0.20187 0.79574 -0.58992 0.16086 0.79128 -0.63972 0.19823 0.74261 -0.65428 0.16139 0.73883 -0.70302 0.19584 0.68367 -0.71453 0.16159 0.68069 -0.76123 0.1935 0.61894 -0.77045 0.16093 0.61685 -0.33183 0.16017 0.92964 -0.34495 0.16951 0.92319 -0.37124 0.16762 0.91328 -0.39724 0.19016 0.8978 -0.42019 0.15328 0.8944 -0.4695 0.19345 0.86148 -0.49276 0.1512 0.85693 -0.5416 0.18734 0.8195 -0.55963 0.14984 0.81509 -0.60797 0.18288 0.77261 -0.62191 0.14938 0.76871 -0.66946 0.17974 0.72078 -0.68062 0.14848 0.71744 -0.72676 0.17658 0.66381 -0.73583 0.14662 0.6611 -0.77967 0.17269 0.60191 -0.78686 0.14434 0.60001 -0.29435 0.20208 0.93409 -0.28643 0.17229 0.94248 -0.33687 0.22648 0.91391 -0.32977 0.1956 0.92357 -0.3747 0.25454 0.89152 -0.36426 0.22893 0.90272 -0.40175 0.28358 0.87073 -0.39209 0.25774 0.88308 -0.41928 0.30158 0.8563 -0.3857 0.34902 0.85406 -0.40612 0.3928 0.82509 -0.39713 0.36763 0.84091 -0.42206 0.42492 0.80082 -0.41401 0.40046 0.81745 -0.43848 0.46158 0.77115 -0.22728 0.24303 0.94302 -0.191 0.2859 0.93903 -0.21513 0.33497 0.91734 -0.20493 0.30382 0.93043 -0.236 0.37565 0.89621 -0.22695 0.34404 0.91112 -0.24812 0.39986 0.88235 -0.53148 0.55609 0.63898 -0.55479 0.52476 0.64563 -0.54003 0.48273 0.68945 -0.56927 0.43874 0.6953 -0.57453 0.45532 0.68015 -0.6079 0.4005 0.68561 -0.61334 0.41544 0.67173 -0.63884 0.36942 0.67485 -0.61793 0.33502 0.71128 -0.61639 0.33168 0.71418 -0.59521 0.3095 0.74157 -0.57714 0.28405 0.76565 -0.56408 0.27593 0.77825 -0.50814 0.20699 0.83603 -0.53418 0.2264 0.81449 -0.50396 0.19426 0.8416 -0.4766 0.24199 0.84516 -0.43781 0.19749 0.87711 -0.41392 0.23527 0.87939 -0.38282 0.19892 0.90215 -0.35841 0.19567 0.91283 -0.33952 0.1775 0.9237 -0.31269 0.1767 0.93327 -0.29775 0.16495 0.94029 -0.27819 0.16096 0.94694 -0.20129 0.17365 0.96402 -0.20127 0.17364 0.96402 -0.13432 0.23013 0.96385 -0.1285 0.22298 0.96632 -0.08889 0.2025 0.97524 -0.41353 0.15602 0.89702 -0.42774 0.17449 0.8869 -0.1156 0.22763 0.96686 -0.17592 0.22674 0.95794 -0.20302 0.22261 0.95354 -0.20137 0.22711 0.95282 -0.24094 0.22289 0.9446 -0.24119 0.22217 0.9447 0.049 0.22969 0.97203 -0.05631 0.2296 0.97166 -0.05653 0.22717 0.97221 -0.14687 0.22586 0.96302 -0.14846 0.2164 0.96495 -0.41127 0.16029 0.89731 -0.37064 0.17295 0.91253 -0.35344 0.15213 0.92301 -0.31583 0.15136 0.93666 -0.33812 0.17737 0.92424 -0.2815 0.16284 0.94564 -0.19728 0.18443 0.96284 -0.19448 0.18227 0.96382 -0.16328 0.1797 0.97008 -0.15903 0.17714 0.97125 -0.07596 0.19221 0.97841 -0.06462 0.18798 0.98005 -0.09916 0.18967 0.97683 -0.09149 0.1858 0.97832 -0.16391 0.20292 0.96538 -0.126 0.18317 0.97497 -0.19027 0.19587 0.96199 -0.15464 0.17162 0.97295 -0.21833 0.18923 0.95735 -0.1853 0.16073 0.96945 -0.24838 0.18407 0.95101 -0.21795 0.1516 0.96411 -0.0964 0.21535 0.97177 -0.07756 0.20174 0.97636 -0.04654 0.19401 0.9799 -0.05524 0.19875 0.97849 -0.02228 0.19358 0.98083 -0.01947 0.19244 0.98111 0.05745 0.21043 0.97592 0.0463 0.19821 0.97907 0.02528 0.20726 0.97796 -0.00276 0.25195 0.96774 -0.04596 0.20727 0.9772 0.00717 0.18642 0.98244 -0.00561 0.19004 0.98176 0.00829 0.20561 0.9786 -0.00585 0.21168 0.97732 0.00925 0.19953 0.97985 -0.02752 0.21481 0.97627 -0.03367 0.21968 0.97499 -0.06256 0.23129 0.97087 -0.07626 0.25031 0.96516 -0.09668 0.2715 0.95757 -0.1077 0.2916 0.95046 -0.11025 0.20427 0.97269 -0.06504 0.18355 0.98086 -0.13337 0.1996 0.97076 -0.09108 0.17377 0.98057 -0.15845 0.19585 0.96775 -0.11955 0.16501 0.97902 -0.13804 0.17321 0.97516 -0.12429 0.18976 0.97393 -0.14405 0.20285 0.96856 -0.13065 0.17604 0.97567 -0.17375 0.21307 0.96146 -0.16231 0.18383 0.96946 -0.18784 0.21181 0.95909 -0.15789 0.24674 0.95613 -0.17024 0.26626 0.94875 -0.12531 0.31588 0.94049 -0.14693 0.36791 0.91818 -0.14427 0.35923 0.92203 -0.16581 0.41118 0.89635 -0.17442 0.43905 0.88137 -0.18477 0.46811 0.86414 -0.19641 0.51274 0.83577 -0.20479 0.54062 0.81596 -0.17585 0.41169 0.8942 -0.24564 0.61238 0.75143 -0.26247 0.71503 0.64795 -0.26435 0.72198 0.63942 -0.27301 0.89146 0.36161 -0.2737 0.89359 0.3558 -0.2085 0.20139 0.95706 -0.2191 0.2023 0.9545 -0.17913 0.21083 0.96097 -0.11856 0.20734 0.97106 -0.11387 0.21489 0.96998 -0.08824 0.214 0.97284 -0.0587 0.21702 0.9744 -0.0069 0.20977 0.97773 -0.00651 0.21041 0.97759 0.0403 0.21095 0.97667 0.03927 0.20905 0.97712 -0.0393 0.20905 0.97711 -0.1954 0.18862 0.96241 -0.21477 0.19178 0.95765 -0.16655 0.19914 0.96571 -0.1472 0.197 0.96929 -0.14486 0.20049 0.96893 -0.08276 0.2066 0.97492 -0.08689 0.20065 0.9758 -0.02288 0.21068 0.97729 -0.02791 0.20395 0.97858 0.04018 0.20726 0.97746 0.03805 0.20461 0.9781 0.07693 0.20608 0.97551 0.30985 0.21779 0.92551 0.31189 0.21799 0.92477 0.31111 0.22012 0.92453 0.24119 0.22217 0.94471 0.26751 0.21922 0.93829 0.2444 0.22243 0.94382 0.2144 0.22325 0.95089 0.19753 0.22447 0.95425 0.14692 0.2256 0.96308 0.42187 0.19565 0.88529 0.41793 0.19565 0.88716 0.38305 0.20613 0.90044 0.34423 0.20654 0.91588 0.26531 0.21625 0.9396 0.42699 0.18442 0.88525 0.38229 0.20675 0.90061 0.38263 0.20705 0.9004 0.34031 0.21547 0.91529 0.31151 0.20694 0.92744 0.31173 0.20709 0.92733 0.38186 0.20765 0.90059 0.37434 0.18283 0.90909 0.43851 0.1866 0.87914 0.435 0.18231 0.88178 0.65333 0.13342 0.74522 0.84793 0.08947 0.5225 0.81799 0.10322 0.5659 0.78515 0.08361 0.61364 0.7805 0.10676 0.61597 0.7438 0.11216 0.65893 0.73479 0.09494 0.67161 0.72844 0.12 0.67452 0.78465 0.10963 0.61017 0.54128 0.14475 0.82829 0.53659 0.15615 0.82927 0.57792 0.14235 0.80358 0.56024 0.13572 0.81713 0.55577 0.14664 0.8183 0.58108 0.13262 0.80297 0.57736 0.1423 0.804 0.61751 0.12912 0.77589 0.76896 0.12689 0.62658 0.8098 0.1337 0.57127 0.81246 0.12068 0.57039 0.83597 0.11683 0.53619 0.83086 0.11074 0.54535 0.83423 0.09017 0.54399 0.82815 0.16473 0.53575 0.8322 0.14552 0.53504 0.83943 0.14532 0.52369 0.84401 0.12037 0.52265 0.85592 0.12193 0.50253 0.86014 0.0936 0.5014 0.8701 0.09345 0.48393 0.75263 0.13935 0.64353 0.71883 0.10196 0.68767 0.71556 0.11407 0.68918 0.69691 0.12403 0.70635 0.69726 0.12287 0.70621 0.67709 0.13174 0.72402 0.67698 0.13206 0.72406 0.65167 0.16823 0.73961 0.64103 0.16143 0.75035 0.64925 0.13954 0.74767 0.65347 0.14405 0.74312 0.65509 0.1395 0.74256 0.62608 0.12833 0.76913 0.63038 0.11644 0.76751 0.64231 0.13757 0.754 0.65128 0.1113 0.75063 0.66247 0.13129 0.7375 0.67037 0.1063 0.73437 0.68089 0.12535 0.72158 0.68796 0.10125 0.71865 0.86179 0.18972 0.47046 0.88103 0.20634 0.42568 0.87446 0.23519 0.42428 0.87207 0.23359 0.43003 0.84936 0.21152 0.48358 0.85452 0.18902 0.48381 0.82187 0.16051 0.54659 0.86932 0.1723 0.46325 0.84676 0.14977 0.51045 0.86742 0.14705 0.47535 0.8454 0.11669 0.52123 0.85541 0.1198 0.50391 0.87136 0.11813 0.47621 0.78108 0.12571 0.61164 0.79996 0.13434 0.58482 0.79642 0.14987 0.58587 0.82017 0.1641 0.54807 0.81482 0.18664 0.54884 0.84405 0.2101 0.4934 0.83575 0.24213 0.49285 0.87967 0.20575 0.42878 0.89797 0.2198 0.38122 0.89023 0.25321 0.37864 0.88511 0.24434 0.39608 0.88501 0.27005 0.37925 0.71255 0.16776 0.68128 0.40819 0.18843 0.89324 0.22816 0.22101 0.94821 0.17822 0.2211 0.95883 0.16278 0.22477 0.96072 0.11626 0.22532 0.96732 0.09192 0.22663 0.96963 0.04934 0.22692 0.97266 0.27422 0.17531 0.94555 0.2881 0.2059 0.9352 0.30419 0.17823 0.93579 0.31565 0.20698 0.92603 0.33019 0.1806 0.92648 0.40072 0.15356 0.90324 0.39434 0.16548 0.90394 0.34071 0.18299 0.92219 0.3479 0.17059 0.92188 0.30835 0.18081 0.93393 0.31423 0.17128 0.93377 0.30713 0.16485 0.93728 0.30457 0.1688 0.93741 0.34755 0.16192 0.92358 0.34293 0.16953 0.92394 0.38212 0.16015 0.91013 0.38542 0.15431 0.90975 0.16387 0.2171 0.9623 -0.0021 0.21762 0.97603 0.02523 0.21811 0.9756 0.02429 0.22357 0.97439 -0.02431 0.22356 0.97439 0.02278 0.22454 0.9742 -0.13967 0.22393 0.96455 -0.11625 0.22532 0.96732 -0.13859 0.22512 0.96442 -0.17851 0.22041 0.95893 -0.22846 0.2204 0.94828 -0.22747 0.2224 0.94805 -0.26558 0.21565 0.93966 -0.26255 0.22245 0.93893 -0.29195 0.21613 0.93169 -0.29004 0.22087 0.93118 -0.31291 0.21521 0.92508 -0.31189 0.21799 0.92477 -0.34655 0.21233 0.91368 -0.34873 0.20595 0.91432 0.17137 0.19221 0.96628 0.14326 0.18665 0.97193 0.14064 0.19009 0.97164 0.10776 0.1793 0.97787 0.0148 0.2155 0.97639 -0.00172 0.19152 0.98149 -0.03109 0.22263 0.97441 0.05944 0.20841 0.97623 0.19875 0.18388 0.96265 0.1731 0.17679 0.96891 0.16631 0.18566 0.96844 0.14875 0.17794 0.97273 0.14286 0.16738 0.97549 0.16327 0.17971 0.97008 -0.03806 0.20461 0.9781 -0.07694 0.20608 0.97551 0.42412 0.15286 0.89261 0.46156 0.15254 0.87389 0.48125 0.16473 0.86097 0.51168 0.1544 0.84519 0.55915 0.18816 0.80743 0.46021 0.18349 0.86864 0.45959 0.18349 0.86897 0.46502 0.17138 0.86855 0.47657 0.17214 0.86212 0.48243 0.15931 0.86132 0.49271 0.16057 0.85525 0.4983 0.14847 0.8542 0.50899 0.15061 0.84749 0.51349 0.1409 0.84645 0.52638 0.1448 0.83783 0.5288 0.13959 0.83719 0.54608 0.14717 0.8247 0.54733 0.14447 0.82435 0.58411 0.16651 0.79441 0.50007 0.17021 0.84909 0.49755 0.17012 0.85059 0.50282 0.15794 0.84984 0.51517 0.15912 0.84219 0.52052 0.14685 0.84113 0.53328 0.14894 0.83273 0.53786 0.13843 0.83159 0.55281 0.1422 0.82108 0.55575 0.13541 0.82025 0.57511 0.14259 0.80555 0.57536 0.142 0.80548 0.58881 0.14909 0.7944 0.5805 0.16805 0.79673 0.7659 0.13925 0.6277 0.78561 0.14952 0.60038 0.78096 0.16785 0.60161 0.806 0.18492 0.56229 0.79866 0.21234 0.56308 0.81953 0.23128 0.52429 0.80755 0.27137 0.52366 0.8422 0.31422 0.43814 0.84494 0.31718 0.43066 0.70498 0.19025 0.68323 0.72623 0.20707 0.65553 0.71791 0.23063 0.65682 0.72589 0.27211 0.63169 0.69542 0.23895 0.67771 0.68971 0.22579 0.68798 0.67648 0.21358 0.70481 0.68738 0.18457 0.70246 0.82721 0.35665 0.43419 0.82622 0.3537 0.43847 0.81306 0.38716 0.43479 0.74873 0.29333 0.59444 0.7442 0.28472 0.60423 0.75301 0.26074 0.60414 0.75665 0.27037 0.5953 0.76794 0.23739 0.59491 0.74077 0.21279 0.63717 0.74951 0.18527 0.63554 0.72854 0.17093 0.66333 0.73405 0.15275 0.66169 0.85791 0.35056 0.37564 0.84512 0.31744 0.43013 0.86801 0.32421 0.3761 0.55433 0.16502 0.81577 0.53845 0.19712 0.81928 0.47827 0.15053 0.86522 0.46081 0.18185 0.86867 0.4229 0.15494 0.89283 0.38674 0.16385 0.90752 0.49712 0.20652 0.84275 0.49694 0.20612 0.84295 0.51026 0.18176 0.84059 0.74861 0.15404 0.64487 0.76903 0.1662 0.61722 0.76267 0.18864 0.61866 0.78889 0.20914 0.57785 0.77874 0.24258 0.57855 0.80048 0.26553 0.53733 0.78796 0.30244 0.53633 0.81202 0.35852 0.46053 0.77018 0.32162 0.5508 0.75789 0.35211 0.5492 0.70138 0.29969 0.64673 0.76072 0.49959 0.41438 0.77839 0.46638 0.42024 0.77944 0.46873 0.41564 0.79939 0.42759 0.42207 0.81209 0.38393 0.43944 0.79678 0.41946 0.43497 0.79025 0.40844 0.45682 0.77162 0.44808 0.45147 0.76995 0.44485 0.45747 0.75113 0.48134 0.4518 0.75524 0.57053 0.32264 0.77071 0.54591 0.32861 0.77079 0.54613 0.32808 0.67696 0.45807 0.5761 0.66832 0.41654 0.61631 0.6941 0.44228 0.568 0.71083 0.41015 0.5714 0.71534 0.41614 0.56135 0.73471 0.37572 0.56484 0.69583 0.50518 0.51051 0.69628 0.50948 0.50559 0.71179 0.48292 0.51004 0.71231 0.48709 0.50532 0.72626 0.46185 0.50915 0.72015 0.42614 0.54754 0.60084 0.26892 0.75277 0.59375 0.25152 0.76433 0.57442 0.28923 0.76576 0.7882 0.5164 0.33478 0.78304 0.47931 0.39637 0.81815 0.51118 0.2633 0.8138 0.46955 0.34243 0.83173 0.43157 0.34924 0.44214 0.16147 0.88229 0.44784 0.15045 0.88136 0.41297 0.16068 0.89646 0.41804 0.15147 0.89571 0.37985 0.15952 0.91119 0.38271 0.15469 0.91083 0.34105 0.15976 0.92637 0.34118 0.15955 0.92636 0.29555 0.16025 0.94179 0.2901 0.16817 0.9421 0.17525 0.1984 0.96433 0.25574 0.20527 0.9447 0.2389 0.17335 0.95545 0.27057 0.17949 0.94582 0.27502 0.17273 0.94579 0.25969 0.16802 0.95097 0.25779 0.17072 0.951 0.24033 0.16235 0.95702 0.23243 0.17287 0.95713 0.23686 0.17596 0.95548 0.22635 0.1895 0.95543 0.45309 0.15198 0.87841 0.45637 0.14577 0.87777 0.41975 0.15207 0.89481 0.42038 0.15095 0.8947 0.38058 0.1538 0.91187 0.37778 0.15835 0.91225 0.33448 0.15621 0.92937 0.33183 0.16017 0.92964 0.28716 0.16639 0.94332 0.28346 0.15373 0.94658 0.26609 0.17743 0.94748 0.35841 0.19568 0.91283 0.34485 0.21521 0.91366 0.32034 0.20863 0.92404 0.19728 0.18444 0.96284 0.19448 0.18227 0.96382 0.20128 0.17365 0.96402 0.20129 0.17366 0.96401 0.20542 0.16822 0.96411 0.22746 0.17638 0.95768 0.22639 0.17789 0.95765 0.20624 0.17321 0.96305 0.22831 0.18961 0.95495 0.16655 0.19914 0.96571 0.13777 0.19593 0.97089 0.1018 0.20921 0.97256 0.24385 0.26602 0.93262 0.19691 0.20105 0.95959 0.56476 0.23713 0.79045 0.55673 0.21895 0.80132 0.53856 0.25343 0.80357 0.53025 0.23367 0.81501 0.50848 0.27234 0.81687 0.49992 0.25078 0.82897 0.46727 0.3683 0.80375 0.45388 0.35248 0.81838 0.43469 0.31732 0.84282 0.27693 0.22426 0.93435 0.30098 0.23481 0.92427 0.31458 0.25519 0.91428 0.33265 0.27281 0.90273 0.34128 0.28728 0.89499 0.56712 0.27027 0.77803 0.55232 0.29748 0.77875 0.52858 0.29078 0.79752 0.53057 0.30188 0.79207 0.51754 0.32385 0.792 0.53909 0.36155 0.7607 0.52465 0.38479 0.7594 0.64046 0.31112 0.70215 0.6347 0.2952 0.71415 0.61381 0.33665 0.71407 0.60795 0.31926 0.72696 0.58888 0.35454 0.72631 0.58719 0.34299 0.73319 0.57177 0.37007 0.73221 0.57011 0.35813 0.73941 0.55709 0.38013 0.73834 0.61007 0.40487 0.6811 0.59787 0.55105 0.58215 0.59857 0.55763 0.57512 0.62072 0.52579 0.5816 0.62153 0.53224 0.57482 0.64143 0.50183 0.58029 0.62098 0.66581 0.41363 0.6207 0.66859 0.40954 0.64692 0.63684 0.41944 0.64673 0.6396 0.41552 0.67042 0.60873 0.42424 0.6703 0.61149 0.42045 0.61244 0.60719 0.5062 0.61254 0.61204 0.5002 0.63661 0.57986 0.50842 0.63682 0.58458 0.50273 0.65847 0.55364 0.50981 0.65877 0.5582 0.50441 0.45153 0.21307 0.86644 0.46336 0.22664 0.8567 0.44549 0.25554 0.85804 0.47309 0.29515 0.83011 0.46441 0.27164 0.84293 0.48963 0.31138 0.81443 0.49265 0.32937 0.80549 0.51881 0.37815 0.76671 0.49273 0.41772 0.76337 0.51152 0.49768 0.70047 0.49354 0.41356 0.76511 0.54003 0.48275 0.68944 0.559 0.45463 0.69342 0.59682 0.50792 0.62115 0.48349 0.5221 0.7026 0.49247 0.55227 0.67266 0.49304 0.5839 0.64495 0.58509 0.19568 0.78701 0.6101 0.21986 0.76121 0.61692 0.23533 0.75102 0.66328 0.2889 0.69036 0.65767 0.27429 0.70159 0.68884 0.31503 0.65288 0.67239 0.35028 0.65206 0.66695 0.33823 0.66391 0.64545 0.38075 0.66214 0.63996 0.36734 0.67491 0.62048 0.40303 0.67273 0.63211 0.45164 0.62965 0.59959 0.41473 0.68447 0.58349 0.44118 0.68184 0.56075 0.39326 0.72863 0.54388 0.42019 0.72638 0.53877 0.41384 0.7338 0.51079 0.45569 0.729 0.50205 0.43928 0.74497 0.46924 0.48467 0.73818 0.54552 0.61175 0.57285 0.6057 0.73782 0.29791 0.57277 0.57733 0.58192 0.58586 0.64034 0.49673 0.58587 0.63541 0.50301 0.59214 0.69814 0.40246 0.5925 0.69534 0.40676 0.58918 0.75365 0.29132 0.58945 0.75284 0.29289 0.51591 0.70309 0.48939 0.51547 0.70586 0.48585 0.5141 0.76928 0.37937 0.48925 0.72906 0.47866 0.47524 0.67586 0.56335 0.50675 0.64197 0.57539 0.50649 0.64603 0.57106 0.54506 0.60476 0.58067 0.55643 0.66953 0.49206 0.55655 0.66459 0.49857 0.56074 0.72816 0.39415 0.56118 0.72536 0.39865 0.55553 0.78319 0.27928 0.55582 0.78242 0.28087 0.62081 0.72127 0.30719 0.62004 0.72405 0.30217 0.64853 0.69368 0.31341 0.64831 0.69458 0.31186 0.6716 0.66778 0.32098 0.67409 0.6567 0.33815 0.68365 0.65378 0.32434 0.3409 0.36908 0.86462 0.29559 0.32178 0.89949 0.30265 0.3373 0.89142 0.28693 0.31507 0.90466 0.27944 0.30039 0.91197 0.26221 0.27902 0.92379 0.23562 0.23297 0.94351 0.36513 0.41763 0.83203 0.33457 0.45494 0.82528 0.30445 0.37439 0.87587 0.27361 0.41094 0.86963 0.25227 0.35675 0.89949 0.19893 0.29009 0.9361 0.21736 0.33241 0.91775 0.11293 0.28607 0.95153 0.14361 0.35994 0.92185 0.08127 0.42356 0.90222 0.09383 0.27459 0.95697 0.08185 0.24438 0.96622 0.03136 0.29706 0.95434 0.0473 0.17973 0.98258 0.08482 0.207 0.97466 0.05663 0.23774 0.96968 0.04538 0.20732 0.97722 0.00276 0.25196 0.96773 0.29735 0.4613 0.83593 0.26196 0.50017 0.82535 0.23549 0.41396 0.87931 0.42544 0.60355 0.67433 0.41725 0.58907 0.69203 0.43502 0.6393 0.63408 0.35451 0.5165 0.77946 0.3599 0.52568 0.7708 0.33257 0.43892 0.83472 0.29932 0.47743 0.82612 0.27096 0.39396 0.87828 0.23818 0.43103 0.87033 0.21271 0.36017 0.90831 0.1285 0.22299 0.96631 0.15272 0.25269 0.95542 0.14197 0.22159 0.96475 0.1862 0.29148 0.93828 0.17733 0.25826 0.94966 0.20167 0.30755 0.92992 0.14757 0.36722 0.91835 0.16582 0.41122 0.89633 0.16432 0.40641 0.89879 0.19679 0.45562 0.86815 0.2239 0.52159 0.82329 0.25998 0.48399 0.83556 0.28629 0.5883 0.75627 0.32487 0.54852 0.77045 0.3495 0.66377 0.66126 0.44907 0.72412 0.52345 0.44833 0.72987 0.51603 0.48509 0.69492 0.53082 0.46832 0.60262 0.64617 0.46921 0.61179 0.63683 0.45287 0.5476 0.7036 0.45444 0.55829 0.69411 0.43617 0.49809 0.74944 0.41252 0.38939 0.82353 0.4728 0.55685 0.68292 0.45071 0.44524 0.77371 0.42263 0.37875 0.82337 0.42475 0.39393 0.81511 0.39605 0.33474 0.85504 0.41928 0.3016 0.85629 0.40513 0.27862 0.87077 0.42849 0.24341 0.87014 0.41767 0.22947 0.87915 0.43356 0.20435 0.87765 0.4157 0.18576 0.89033 0.4298 0.16272 0.88814 0.40327 0.8701 0.28337 0.40951 0.73983 0.53381 0.40608 0.76126 0.50555 0.39011 0.61289 0.68715 0.39047 0.64054 0.66124 0.37169 0.55961 0.74073 0.40269 0.52408 0.75046 0.39169 0.48877 0.77954 0.41779 0.45605 0.78579 0.39509 0.39759 0.82815 0.39717 0.4131 0.81952 0.36396 0.33903 0.86752 0.35837 0.30666 0.88178 0.35791 0.3058 0.88226 0.38811 0.26351 0.88314 0.37835 0.24928 0.89147 0.39937 0.21817 0.89045 0.38283 0.19893 0.90215 0.39171 0.18535 0.90122 0.16514 0.71722 0.67699 0.16497 0.70891 0.68574 0.11827 0.73983 0.66232 0.128 0.90859 0.3976 0.3398 0.81994 0.46068 0.32575 0.86486 0.38198 0.27316 0.89393 0.35535 0.45565 0.81858 0.34973 0.44506 0.84412 0.29898 0.48682 0.81389 0.31716 0.48612 0.81551 0.31406 0.51649 0.79147 0.32681 0.51486 0.79446 0.32212 0.53361 0.77698 0.33401 0.53278 0.68802 0.49272 0.53236 0.69082 0.48924 0.52276 0.62754 0.57699 0.52253 0.63158 0.57278 0.50931 0.5742 0.64101 0.52937 0.54863 0.64713 0.53052 0.5573 0.63872 0.55583 0.52329 0.64593 0.5571 0.53175 0.63787 0.57984 0.49928 0.64382 0.56613 0.43146 0.70238 0.60417 0.48276 0.63398 0.62165 0.45476 0.63777 0.64233 0.50804 0.57385 0.71823 0.60908 0.33639 0.71812 0.60996 0.33505 0.73624 0.58395 0.34198 0.73658 0.58101 0.34624 0.745 0.57145 0.34412 0.75368 0.55791 0.34741 0.74911 0.55069 0.36821 0.76636 0.52195 0.37452 0.76665 0.52265 0.37294 0.78551 0.48865 0.37973 0.78604 0.49007 0.37679 0.80715 0.44816 0.38428 0.80773 0.44942 0.38157 0.82483 0.41169 0.38751 0.82841 0.41827 0.37254 0.84437 0.39065 0.36665 0.87825 0.29428 0.37693 0.87747 0.2935 0.37936 0.86188 0.27245 0.42771 0.8593 0.27027 0.43423 0.84008 0.24833 0.48228 0.82671 0.29298 0.48032 0.82182 0.28842 0.49136 0.80863 0.32692 0.48912 0.76805 0.29502 0.56839 0.79226 0.35022 0.49966 0.77765 0.38559 0.49657 0.77572 0.38001 0.50385 0.75783 0.41949 0.49972 0.75596 0.41333 0.50763 0.74049 0.44481 0.50381 0.75641 0.4871 0.43656 0.7431 0.51088 0.43221 0.74297 0.50838 0.43536 0.72765 0.53424 0.43024 0.72758 0.53167 0.43353 0.71053 0.55877 0.42769 0.71052 0.55613 0.43114 0.04623 0.13661 0.98955 0.18945 0.13891 0.97201 0.21211 0.13683 0.96762 0.13999 0.13742 0.98057 0.1331 0.13766 0.9815 0.10163 0.1363 0.98544 0.05069 0.13636 0.98936 0.4533 0.13607 0.88091 0.3463 0.13873 0.92781 0.34143 0.13918 0.92954 0.4029 0.13738 0.90488 0.38604 0.13954 0.91187 0.41614 0.13758 0.89883 0.22615 0.13837 0.96421 0.24708 0.13812 0.9591 0.28288 0.13911 0.94901 0.28216 0.13915 0.94922 0.30838 0.13868 0.9411 0.51131 0.13212 0.84918 0.49834 0.134 0.85656 0.48581 0.13442 0.86367 0.45376 0.136 0.88068 0.59441 0.11366 0.79609 0.55393 0.12791 0.82268 0.55054 0.12823 0.8249 0.43508 0.18612 0.88094 0.37749 0.192 0.90589 0.34193 0.19354 0.91958 0.33472 0.19439 0.92205 0.28497 0.19619 0.93824 0.28436 0.19625 0.93841 0.21884 0.19815 0.95543 0.22373 0.1977 0.95439 0.1415 0.1994 0.96965 0.14912 0.19882 0.96863 0.05084 0.19993 0.97849 0.05559 0.19964 0.97829 -0.05083 0.19969 0.97854 0.37394 0.20496 0.90452 0.34803 0.20799 0.91412 0.33111 0.20867 0.92023 0.3121 0.21071 0.92639 0.28089 0.21183 0.93607 0.26929 0.21295 0.93922 0.22069 0.21444 0.95148 0.21641 0.2148 0.95238 0.14692 0.21642 0.96518 0.14848 0.21631 0.96497 0.05474 0.21758 0.97451 0.49186 0.17668 0.85256 0.50723 0.18311 0.84213 0.51129 0.16808 0.84281 0.52487 0.17383 0.83324 0.52858 0.15796 0.83405 0.54341 0.16327 0.82344 0.56149 0.17191 0.80943 0.56617 0.15452 0.80968 0.5828 0.16249 0.79621 0.58702 0.14432 0.79661 0.60239 0.15168 0.78366 0.60607 0.13268 0.78426 0.62033 0.13947 0.77184 0.62222 0.12741 0.7724 0.60858 0.14517 0.7801 0.60221 0.1453 0.78501 0.59965 0.15343 0.78541 0.58766 0.15411 0.79429 0.58952 0.14772 0.79413 0.60925 0.1583 0.77702 0.61434 0.1386 0.77677 0.63283 0.14851 0.75991 0.63737 0.12807 0.75984 0.65484 0.1374 0.74317 0.65876 0.11613 0.74333 0.67542 0.12495 0.72677 0.6772 0.11298 0.72707 0.65323 0.11586 0.74824 0.65455 0.10375 0.74887 0.39148 0.19018 0.90032 0.41463 0.18903 0.89014 0.41052 0.20324 0.88891 0.40165 0.2029 0.89303 0.39433 0.20043 0.89685 0.46549 0.19739 0.86276 0.44593 0.1895 0.87478 0.51305 0.1867 0.83781 0.49134 0.17652 0.85289 0.52856 0.17525 0.83061 0.78294 0.05897 0.61929 0.78311 0.05667 0.6193 0.80488 0.03554 0.59237 0.85479 -0.00186 0.51897 0.79556 0.06891 0.60194 0.79675 0.05641 0.60167 0.81526 0.03784 0.57785 0.81543 0.03465 0.57782 0.83486 0.01547 0.55024 0.75963 0.07438 0.64609 0.7448 0.06783 0.66383 0.74376 0.08001 0.66364 0.76294 0.07681 0.64189 0.76154 0.08884 0.642 0.74383 0.07727 0.66389 0.74014 0.1023 0.66463 0.88881 -0.02639 0.45752 0.90477 -0.05176 0.42274 0.92389 -0.04678 0.37978 0.92307 -0.03679 0.38288 0.77873 0.05666 0.62479 0.77548 0.08291 0.6259 0.72171 0.09022 0.68629 0.72006 0.09955 0.68674 0.6946 0.11706 0.7098 0.69606 0.1104 0.70944 0.66825 0.12769 0.7329 0.67018 0.1201 0.73242 0.68096 0.11258 0.72361 0.67908 0.11971 0.72423 0.70838 0.10259 0.69833 0.7068 0.10957 0.69888 0.73337 0.0919 0.67359 0.73215 0.09824 0.67402 0.75632 0.08023 0.64927 0.75785 0.07013 0.64865 0.84213 0.01387 0.53909 0.84202 0.01763 0.53917 0.82584 0.03577 0.56277 0.82596 0.03393 0.5627 0.80817 0.05187 0.58667 0.80852 0.04824 0.58648 0.78882 0.06603 0.61106 0.78941 0.0615 0.61077 0.76756 0.07906 0.63609 0.76838 0.07401 0.6357 0.7441 0.09117 0.66181 0.74517 0.08578 0.66134 0.71816 0.10231 0.68832 0.71936 0.09712 0.68781 0.68927 0.1127 0.71568 0.69726 0.0948 0.71052 0.69661 0.09474 0.71116 0.69608 0.09991 0.71098 0.7235 0.09598 0.68362 0.7219 0.10782 0.68354 0.70418 0.09739 0.70331 0.70025 0.12072 0.70361 0.68183 0.10981 0.72323 0.67721 0.13232 0.7238 0.65785 0.12082 0.74339 0.65258 0.14268 0.74417 0.63207 0.13047 0.76385 0.63016 0.1375 0.76419 0.63969 0.137 0.75632 0.64205 0.12891 0.75575 0.64863 0.12887 0.75012 0.92155 -0.06263 0.38318 0.92284 -0.06729 0.37926 0.91167 -0.05304 0.4075 0.91227 -0.03653 0.40795 0.90808 -0.02963 0.41775 0.90821 -0.01956 0.41805 0.90338 -0.01264 0.42866 0.90332 -0.00377 0.42895 0.89773 0.00315 0.44054 0.89749 0.01207 0.44087 0.89099 0.01893 0.45363 0.89052 0.02878 0.45403 0.88294 0.03544 0.46814 0.88278 -0.02904 0.46888 0.8829 -0.01646 0.46927 0.87262 -0.0023 0.48839 0.87257 0.0002 0.48849 0.86095 0.0143 0.50848 0.86091 0.01518 0.50853 0.84772 0.02921 0.52963 0.8477 0.02954 0.52966 0.8327 0.0434 0.55203 0.83266 0.0438 0.55206 0.81557 0.05732 0.57582 0.81546 0.05809 0.57588 0.79596 0.07099 0.60118 0.79566 0.07279 0.60135 0.77334 0.08474 0.62831 0.77089 0.09699 0.62954 0.69992 0.08807 0.70877 0.88215 0.04672 0.46864 0.91124 0.05383 0.40833 0.90879 0.07569 0.41033 0.67176 0.17352 0.72016 0.67826 0.15532 0.71822 0.69658 0.15804 0.69985 0.7013 0.1435 0.69828 0.71806 0.1443 0.68086 0.72147 0.13274 0.67961 0.73682 0.13208 0.66306 0.73941 0.12248 0.66202 0.75351 0.1207 0.64626 0.7554 0.11298 0.64545 0.78244 0.10727 0.61342 0.78218 0.10849 0.61354 0.80642 0.10214 0.58246 0.80876 0.08918 0.58134 0.82587 0.0878 0.55698 0.82913 0.06559 0.5552 0.8505 0.06997 0.5213 0.87202 0.06616 0.48497 0.87314 0.06699 0.48285 0.89205 0.07292 0.44602 0.89103 0.088 0.44533 0.8984 -0.04073 0.43729 0.89869 -0.02866 0.43765 0.8915 -0.0178 0.45267 0.89149 -0.0119 0.45289 0.88327 -0.00104 0.46886 0.88316 0.0034 0.46906 0.87372 0.01424 0.48621 0.87352 0.01838 0.48644 0.86266 0.02911 0.50494 0.86233 0.03371 0.50523 0.8498 0.04416 0.52526 0.84926 0.04959 0.52564 0.83475 0.05952 0.5474 0.83363 0.0683 0.54808 0.80637 0.07421 0.58674 0.80396 0.08859 0.58805 0.76289 0.08111 0.64142 0.75788 0.10454 0.64396 0.70428 0.09601 0.7034 0.69788 0.11951 0.70617 0.62136 0.10835 0.77599 0.62541 0.11527 0.77174 0.6171 0.1388 0.77455 0.60543 0.11868 0.787 0.59615 0.14325 0.78999 0.58374 0.1221 0.80271 0.58012 0.13119 0.8039 0.60104 0.13775 0.78726 0.60214 0.13498 0.7869 0.6171 0.14169 0.77402 0.61256 0.15305 0.77546 0.61893 0.15674 0.76964 0.61411 0.16842 0.77104 0.64328 0.18952 0.74181 0.64617 0.1954 0.73775 0.65712 0.20451 0.72551 0.64645 0.23008 0.72744 0.68319 0.26908 0.67886 0.67776 0.25561 0.68942 0.71476 0.29991 0.63181 0.74885 0.3724 0.54821 0.71882 0.32758 0.61318 0.69374 0.38189 0.61065 0.68946 0.3712 0.62198 0.66642 0.4161 0.61867 0.66217 0.40423 0.63098 0.6422 0.44015 0.62757 0.66109 0.48523 0.57229 0.66011 0.47925 0.57842 0.67853 0.53315 0.50532 0.67815 0.52871 0.51048 0.69151 0.5845 0.42447 0.69156 0.58179 0.42809 0.69726 0.63721 0.32831 0.69741 0.63635 0.32968 0.92282 -0.03728 0.38342 0.92318 -0.02284 0.38368 0.92123 -0.01931 0.38853 0.92284 -0.00192 0.38518 0.92342 -0.00241 0.38378 0.91663 0.01562 0.39944 0.91765 0.01448 0.39711 0.91725 0.02887 0.39726 0.91388 0.03293 0.40466 0.91448 0.03834 0.4028 0.91377 0.05207 0.40288 0.56875 0.16083 0.80663 0.56081 0.16108 0.81212 0.55839 0.16839 0.81231 0.51856 0.17056 0.83786 0.53833 0.17993 0.8233 0.47014 0.18378 0.86325 0.4875 0.19093 0.85199 0.44519 0.19333 0.87432 0.44713 0.18684 0.87474 0.44028 0.18583 0.87842 0.47483 0.17727 0.86204 0.47705 0.16749 0.86277 0.54051 0.16305 0.82539 0.54244 0.15327 0.82599 0.57255 0.14395 0.80714 0.5745 0.13137 0.80789 0.62064 0.12714 0.77372 0.62245 0.11113 0.77473 0.63004 0.10845 0.76895 -0.92456 -0.06015 0.37626 -0.91176 -0.0527 0.40733 -0.77257 0.05861 0.63222 -0.72367 0.09465 0.68363 -0.72513 0.08295 0.6836 -0.74251 0.09306 0.66334 -0.74419 0.07509 0.66374 -0.75036 0.07589 0.65665 -0.68964 0.09577 0.71779 -0.65494 0.09995 0.74904 -0.65322 0.11586 0.74825 -0.39863 0.13779 0.9067 -0.40281 0.13806 0.90481 -0.44219 0.13654 0.88647 -0.45321 0.13672 0.88086 -0.13311 0.13743 0.98153 -0.11759 0.13626 0.98367 -0.24709 0.13811 0.9591 -0.21094 0.1385 0.96764 -0.21199 0.13845 0.96742 -0.18886 0.13773 0.9723 -0.17019 0.13726 0.97581 -0.36782 0.13848 0.91953 -0.34895 0.13899 0.92678 -0.34625 0.13918 0.92776 -0.31618 0.13852 0.93853 -0.28938 0.13903 0.94707 -0.59953 0.11277 0.79237 -0.58691 0.11687 0.80117 -0.58539 0.13042 0.80019 -0.70256 0.10729 0.70349 -0.702 0.11061 0.70354 -0.67707 0.11388 0.72706 -0.67871 0.10225 0.72725 -0.69491 0.11072 0.71052 -0.69766 0.08383 0.71151 -0.71765 0.09412 0.69002 -0.68006 0.1186 0.7235 -0.67909 0.12336 0.72362 -0.65699 0.12593 0.74331 -0.65676 0.12719 0.7433 -0.62166 0.13108 0.77224 -0.62222 0.12741 0.7724 -0.62064 0.12714 0.77372 -0.62282 0.10763 0.77493 -0.63745 0.11012 0.76259 -0.07879 0.13637 0.98752 -0.05879 0.13637 0.98891 -0.04622 0.13687 0.98951 -0.01964 0.13589 0.99053 0.0115 0.13591 0.99065 -0.92481 -0.05973 0.37571 -0.92306 -0.03679 0.38289 -0.92281 -0.03728 0.38344 -0.92324 -0.01927 0.38375 -0.92083 -0.02313 0.38927 -0.92279 -0.00246 0.3853 -0.92321 -0.00185 0.38429 -0.9171 0.01441 0.39841 -0.91762 0.01587 0.39715 -0.91707 0.03353 0.3973 -0.91325 0.02771 0.40645 -0.91617 0.05512 0.39697 -0.9117 0.04917 0.4079 -0.90917 0.07252 0.41007 -0.91412 0.07817 0.39783 -0.89805 -0.05088 0.43694 -0.89882 -0.01897 0.43791 -0.89144 -0.02793 0.45227 -0.89139 -0.00201 0.45323 -0.88346 -0.01141 0.46837 -0.88283 0.01354 0.4695 -0.87416 0.00355 0.48562 -0.87294 0.02879 0.48697 -0.86338 0.01807 0.50423 -0.86147 0.04438 0.50586 -0.85083 0.03277 0.52442 -0.8481 0.06051 0.52637 -0.83614 0.04778 0.54643 -0.79226 0.35021 0.49968 -0.76804 0.29501 0.5684 -0.81202 0.35851 0.46054 -0.78796 0.30242 0.53634 -0.75803 0.26645 0.59531 -0.76932 0.23309 0.59482 -0.7775 0.24641 0.5786 -0.7901 0.20488 0.57773 -0.79756 0.21618 0.56317 -0.80705 0.18072 0.56215 -0.81386 0.19047 0.54896 -0.82109 0.15999 0.54792 -0.8273 0.16851 0.53589 -0.833 0.1415 0.53488 -0.83868 0.14905 0.52383 -0.84469 0.11634 0.52247 -0.85533 0.12547 0.50266 -0.86065 0.08973 0.50123 -0.86965 0.09691 0.48406 -0.87313 0.06699 0.48287 -0.87202 0.06616 0.48498 -0.87397 0.04484 0.48391 -0.88156 0.05423 0.46895 -0.88342 0.02759 0.46777 -0.89011 0.03606 0.45431 -0.89128 0.01137 0.45331 -0.89725 0.01912 0.44112 -0.89786 -0.00411 0.44027 -0.90322 0.00305 0.42916 -0.90337 -0.01964 0.42842 -0.90825 -0.01295 0.41823 -0.90793 -0.03642 0.41754 -0.91243 -0.03009 0.40812 -0.91136 -0.05943 0.4073 -0.91697 -0.05138 0.39564 -0.79337 0.08634 0.60258 -0.79815 0.0568 0.59977 -0.81363 0.07143 0.57698 -0.81728 0.04346 0.57459 -0.83124 0.05692 0.553 -0.83398 0.02988 0.55098 -0.84666 0.0424 0.53044 -0.84862 0.01603 0.52876 -0.86023 0.02778 0.50915 -0.86149 0.00143 0.50778 -0.87222 0.01256 0.48896 -0.8728 -0.01495 0.48784 -0.88288 -0.00427 0.46959 -0.88261 -0.03784 0.46858 -0.89545 -0.02383 0.44452 -0.73205 0.09211 0.675 -0.73443 0.08158 0.67377 -0.75446 0.09854 0.64891 -0.7601 0.06998 0.64603 -0.77827 0.0855 0.62208 -0.78278 0.05798 0.61959 -0.79937 0.07236 0.59647 -0.80294 0.04532 0.59433 -0.8182 0.05879 0.57192 -0.82093 0.03203 0.57013 -0.83506 0.04473 0.54834 -0.83702 0.01775 0.54688 -0.85023 0.02985 0.52556 -0.85145 0.00152 0.52443 -0.86398 0.0132 0.50335 -0.86436 -0.02119 0.50243 -0.87391 -0.01219 0.48593 -0.53063 0.15491 0.83333 -0.54196 0.12883 0.83047 -0.57349 0.15215 0.80496 -0.58396 0.12499 0.8021 -0.61195 0.14523 0.77745 -0.62073 0.1195 0.77487 -0.64594 0.13756 0.75089 -0.65361 0.1121 0.74848 -0.67668 0.12858 0.72496 -0.68337 0.10321 0.72274 -0.70471 0.11846 0.69953 -0.71042 0.09334 0.69756 -0.73028 0.10761 0.67461 -0.73515 0.0823 0.67289 -0.75379 0.09576 0.6501 -0.75784 0.07013 0.64866 -0.77547 0.08291 0.62591 -0.77872 0.05666 0.6248 -0.79555 0.06891 0.60195 -0.79803 0.04109 0.60121 -0.81436 0.05299 0.57794 -0.81609 0.01947 0.57759 -0.83347 0.03219 0.55163 -0.68549 0.10983 0.71975 -0.68327 0.11739 0.72067 -0.65941 0.11392 0.7431 -0.66213 0.10489 0.74201 -0.68625 0.12366 0.71678 -0.6937 0.09596 0.71385 -0.7156 0.11298 0.68931 -0.7219 0.08584 0.68666 -0.74199 0.10152 0.66267 -0.74721 0.07498 0.66034 -0.76577 0.08959 0.63685 -0.77007 0.06315 0.63482 -0.78733 0.07689 0.61172 -0.79078 0.05041 0.61002 -0.80695 0.06342 0.58721 -0.8096 0.0365 0.58585 -0.82488 0.04894 0.56319 -0.82676 0.02052 0.56218 -0.84142 0.03258 0.5394 -0.84234 0.00565 0.53891 -0.85373 0.01122 0.5206 -0.51702 0.13316 0.84555 -0.55281 0.1422 0.82109 -0.58011 0.13119 0.8039 -0.60103 0.13774 0.78727 -0.62607 0.12833 0.76914 -0.65508 0.1395 0.74257 -0.67697 0.13205 0.72407 -0.71613 0.15062 0.68152 -0.72339 0.126 0.67884 -0.76445 0.14489 0.6282 -0.77038 0.12093 0.62601 -0.80877 0.13846 0.57159 -0.81245 0.12067 0.57041 -0.83597 0.11682 0.5362 -0.83085 0.11073 0.54536 -0.83498 0.08521 0.54364 -0.84728 0.09394 0.52277 -0.85049 0.06997 0.52132 -0.82912 0.06559 0.55521 -0.83362 0.0683 0.54809 -0.80636 0.07421 0.58675 -0.77607 0.07021 0.62673 -0.77366 0.08304 0.62814 -0.75984 0.0956 0.64305 -0.76092 0.09052 0.6425 -0.74606 0.10265 0.65792 -0.74712 0.09808 0.65741 -0.73111 0.10966 0.67339 -0.73207 0.1059 0.67295 -0.71481 0.11675 0.68951 -0.71555 0.11406 0.68919 -0.6969 0.12402 0.70636 -0.69725 0.12287 0.70622 -0.67708 0.13173 0.72403 -0.65599 0.12868 0.74372 -0.65453 0.13474 0.74393 -0.6355 0.13663 0.75991 -0.63484 0.1396 0.75993 -0.60415 0.14271 0.78399 -0.60448 0.14103 0.78404 -0.55494 0.14543 0.81908 -0.55582 0.13978 0.81947 -0.54561 0.13811 0.82658 -0.54739 0.12201 0.82793 -0.51294 0.12234 0.84966 -0.46984 0.1337 0.87257 -0.46364 0.13579 0.87556 -0.49729 0.14129 0.856 -0.49525 0.15492 0.85482 -0.54276 0.15161 0.82609 -0.54172 0.15696 0.82578 -0.58495 0.15331 0.79645 -0.58503 0.15296 0.79645 -0.61126 0.15061 0.77696 -0.61245 0.14603 0.77691 -0.62814 0.14478 0.76452 -0.62616 0.15177 0.76478 -0.60423 0.13873 0.78464 -0.59762 0.15979 0.7857 -0.57401 0.14576 0.80577 -0.56677 0.16636 0.8069 -0.54101 0.15106 0.82734 -0.53313 0.17122 0.82853 -0.50443 0.15417 0.84958 -0.49546 0.17488 0.85085 -0.46289 0.15541 0.87268 -0.46064 0.16015 0.87302 -0.2822 0.1817 0.94199 -0.28545 0.17642 0.94201 -0.33416 0.19755 0.92158 -0.34301 0.18157 0.92162 -0.38132 0.19842 0.9029 -0.38894 0.18324 0.90286 -0.42098 0.19758 0.88529 -0.42768 0.1829 0.88523 -0.45524 0.19545 0.86865 -0.46134 0.18074 0.86862 -0.48552 0.19193 0.85289 -0.49134 0.17652 0.85289 -0.51305 0.1867 0.83781 -0.51855 0.17055 0.83786 -0.53833 0.17993 0.8233 -0.54031 0.17351 0.82338 -0.50927 0.17562 0.8425 -0.50945 0.17496 0.84253 -0.47483 0.17727 0.86204 -0.30511 0.18601 0.93398 -0.31938 0.16286 0.93353 -0.36716 0.18806 0.91095 -0.37812 0.16807 0.91037 -0.41645 0.18812 0.88948 -0.42565 0.16955 0.88886 -0.45819 0.18658 0.86905 -0.4661 0.16893 0.86845 -0.4945 0.18386 0.84951 -0.50158 0.16644 0.84895 -0.52686 0.17982 0.83071 -0.53349 0.1618 0.83019 -0.55649 0.17405 0.81242 -0.56267 0.15539 0.81195 -0.5839 0.16676 0.79451 -0.58586 0.16022 0.79442 -0.56422 0.16184 0.80961 -0.5636 0.16414 0.80958 -0.52648 0.16701 0.83362 -0.52717 0.16407 0.83377 -0.47705 0.16748 0.86277 -0.45825 0.16458 0.87345 -0.43956 0.16559 0.88282 -0.44905 0.16603 0.87795 -0.39591 0.16862 0.90268 -0.39879 0.16876 0.90138 -0.34617 0.17086 0.92248 -0.34257 0.17067 0.92386 -0.28882 0.17234 0.94174 0.03072 0.20019 0.97928 -0.00958 0.20938 0.97779 0.00648 0.21041 0.97759 -0.04033 0.21095 0.97666 -0.00058 0.21312 0.97703 0.00054 0.21312 0.97703 0.00206 0.21762 0.97603 -0.05758 0.21701 0.97447 -0.05587 0.2216 0.97354 -0.08416 0.22177 0.97146 -0.14218 0.21734 0.96569 -0.18094 0.21795 0.95904 -0.18419 0.21204 0.95975 -0.26726 0.2143 0.93949 -0.26654 0.21565 0.93939 -0.31179 0.20699 0.92733 -0.30745 0.21598 0.92673 -0.3439 0.20731 0.91584 -0.34071 0.21459 0.91535 -0.37056 0.2063 0.90561 -0.36845 0.21157 0.90525 -0.39308 0.20388 0.89662 -0.39433 0.20043 0.89685 -0.38139 0.19604 0.90339 -0.44187 0.20428 0.87351 -0.41052 0.20324 0.88891 -0.22065 0.21466 0.95144 -0.21647 0.21454 0.95243 -0.28074 0.21252 0.93596 -0.26951 0.21218 0.93933 -0.33079 0.20992 0.92006 -0.37342 0.20684 0.90431 -0.31254 0.20933 0.92655 -0.30985 0.21779 0.92551 -0.2675 0.21922 0.93829 -0.2444 0.22243 0.94382 -0.19778 0.22361 0.9544 -0.19681 0.22685 0.95384 -0.13906 0.22805 0.96367 -0.13458 0.22843 0.96421 -0.04902 0.22947 0.97208 -0.0493 0.2272 0.9726 0.03995 0.2273 0.97301 0.04055 0.22311 0.97395 0.0553 0.2231 0.97323 0.05757 0.21701 0.97447 0.05868 0.21702 0.9744 0.00687 0.20976 0.97773 0.078 0.21341 0.97384 0.03646 0.19248 0.98062 0.05537 0.1956 0.97912 0.04902 0.20348 0.97785 0.03216 0.19245 0.98078 0.01999 0.20677 0.97819 0.00208 0.18539 0.98266 -0.01844 0.20868 0.97781 -0.04036 0.19167 0.98063 -0.05746 0.21043 0.97592 -0.27168 0.15074 0.95051 -0.29749 0.1796 0.93768 -0.23804 0.16131 0.95777 -0.26569 0.18686 0.94578 -0.24439 0.18203 0.95244 -0.23868 0.19068 0.95219 -0.25084 0.1923 0.94874 -0.25247 0.18963 0.94884 -0.30139 0.20652 0.93087 -0.30809 0.19432 0.9313 -0.3457 0.2078 0.91505 -0.35164 0.19589 0.91541 -0.38249 0.20735 0.90039 -0.38784 0.19557 0.90074 -0.41383 0.20553 0.88685 -0.41881 0.19351 0.88722 -0.4411 0.2023 0.87436 -0.44593 0.18949 0.87478 -0.46549 0.19739 0.86276 -0.47014 0.18378 0.86325 -0.4875 0.19093 0.85199 -0.48954 0.18431 0.85228 -0.44713 0.18684 0.87474 -0.44028 0.18583 0.87842 -0.41517 0.18714 0.89029 -0.43468 0.18792 0.88076 -0.37782 0.1908 0.90601 -0.39124 0.19133 0.90018 -0.33486 0.19381 0.92212 -0.34183 0.19408 0.9195 -0.28437 0.19621 0.93842 -0.28496 0.19623 0.93824 -0.22367 0.19804 0.95433 -0.14153 0.19897 0.96973 -0.05556 0.19992 0.97824 -0.05472 0.21746 0.97453 0.0576 0.21743 0.97438 0.05694 0.22717 0.97219 0.1395 0.22604 0.96408 0.13906 0.22805 0.96367 0.19682 0.22685 0.95384 0.20136 0.22711 0.95282 0.24093 0.22289 0.9446 0.28969 0.22172 0.93108 0.29218 0.21555 0.93175 0.36755 0.2138 0.90509 0.37131 0.20441 0.90573 0.41479 0.20324 0.88693 0.44461 0.19304 0.87468 0.45637 0.19277 0.86866 0.48986 0.18048 0.85291 0.49593 0.18039 0.84942 0.53177 0.16653 0.83035 0.535 0.16652 0.82828 0.57198 0.15165 0.80613 0.57448 0.15169 0.80434 0.61146 0.1364 0.77943 0.61498 0.13653 0.77663 0.65085 0.12149 0.74942 0.65697 0.12188 0.744 0.69062 0.10772 0.71516 0.7275 0.11129 0.67702 0.73078 0.0976 0.67559 0.75753 0.08347 0.64745 0.75708 0.08571 0.64767 0.7808 0.07059 0.62078 0.78034 0.07341 0.62104 0.8014 0.05763 0.59535 0.80103 0.06044 0.59557 0.81976 0.04427 0.57099 0.8195 0.04683 0.57116 0.83618 0.03046 0.54761 0.83605 0.03227 0.5477 0.85093 0.01578 0.52504 0.85093 0.01587 0.52505 0.86426 -0.00076 0.50304 0.86433 -0.00634 0.50289 0.87456 -0.0233 0.48436 -0.86057 0.34293 0.37658 -0.84245 0.31341 0.43823 -0.82748 0.35592 0.43428 -0.82593 0.35445 0.43842 -0.81334 0.38644 0.4349 -0.81178 0.38468 0.43936 -0.79677 0.41945 0.43499 -0.79024 0.40843 0.45683 -0.77142 0.44847 0.45143 -0.75834 0.4184 0.49986 -0.75539 0.41452 0.5075 -0.7347 0.3757 0.56487 -0.71533 0.41613 0.56138 -0.71082 0.41014 0.57142 -0.68739 0.4545 0.5665 -0.68291 0.44745 0.57743 -0.66187 0.48391 0.5725 -0.65927 0.48061 0.57826 -0.64311 0.50676 0.57411 -0.64058 0.50316 0.58008 -0.62234 0.53103 0.57507 -0.61986 0.52709 0.58134 -0.59939 0.55652 0.57534 -0.59698 0.55222 0.58195 -0.57416 0.58303 0.57482 -0.57187 0.57843 0.5817 -0.54632 0.61072 0.5732 -0.54418 0.60582 0.58039 -0.51484 0.64035 0.56999 -0.50216 0.58295 0.63876 -0.4992 0.57641 0.64696 -0.48625 0.53114 0.69386 -0.48234 0.52359 0.70229 -0.46924 0.48466 0.73818 -0.41251 0.38936 0.82355 -0.43148 0.43811 0.7886 -0.37552 0.50812 0.77511 -0.36203 0.46677 0.80688 -0.34421 0.42488 0.83726 -0.3466 0.43273 0.83223 -0.32805 0.38529 0.86251 -0.37074 0.32993 0.86815 -0.34513 0.2821 0.89516 -0.35476 0.31007 0.88204 -0.31873 0.24969 0.91437 -0.32925 0.27735 0.90259 -0.286 0.21251 0.93437 -0.29362 0.24458 0.9241 -0.24464 0.18516 0.95177 -0.25339 0.21585 0.94298 -0.22634 0.1895 0.95544 -0.23686 0.17595 0.95548 -0.23243 0.17286 0.95713 -0.25276 0.14559 0.95651 -0.28072 0.18167 0.94244 -0.30747 0.14273 0.94079 -0.33158 0.17454 0.92714 -0.35224 0.14199 0.92508 -0.37333 0.17045 0.9119 -0.39029 0.14173 0.90972 -0.40909 0.16763 0.89696 -0.42262 0.14307 0.89494 -0.43938 0.16673 0.88269 -0.4511 0.14408 0.88077 -0.46623 0.16599 0.86895 -0.47688 0.14416 0.86707 -0.49076 0.16474 0.85558 -0.50144 0.14155 0.85354 -0.53366 0.16314 0.82981 -0.5435 0.13927 0.82778 -0.57206 0.15811 0.80483 -0.58051 0.13517 0.80295 -0.60626 0.15206 0.78059 -0.61385 0.12897 0.77881 -0.63748 0.14443 0.75681 -0.64427 0.1211 0.75515 -0.66622 0.13546 0.73335 -0.67216 0.11211 0.73187 -0.69269 0.12556 0.71022 -0.69789 0.1018 0.70894 -0.71725 0.1145 0.68734 -0.7217 0.09022 0.6863 -0.74013 0.1023 0.66464 -0.74382 0.07727 0.66389 -0.76153 0.08884 0.64201 -0.76448 0.06223 0.64163 -0.7818 0.07348 0.61919 -0.78419 0.03971 0.61925 -0.80294 0.05287 0.59372 0.53884 0.13037 0.83226 0.53552 0.15216 0.8307 0.49525 0.15493 0.85482 0.45825 0.16458 0.87345 0.44919 0.16508 0.87805 0.43936 0.16655 0.88274 0.39882 0.1685 0.90141 0.39585 0.1689 0.90265 0.34253 0.17098 0.92382 0.34622 0.17054 0.92252 0.27959 0.17257 0.94448 0.28894 0.17158 0.94184 0.20935 0.17337 0.96235 0.22217 0.17218 0.95968 0.13136 0.17352 0.97603 0.1438 0.17251 0.97445 0.0456 0.17325 0.98382 0.05169 0.17282 0.9836 -0.0456 0.17287 0.98389 -0.05167 0.17325 0.98352 -0.1314 0.1727 0.97617 -0.14372 0.17342 0.9743 -0.20942 0.17246 0.9625 0.27396 0.89189 0.35982 0.24841 0.90484 0.34578 0.2248 0.9124 0.34205 0.22436 0.91366 0.33895 0.1763 0.93402 0.3107 0.17705 0.9312 0.31864 0.14811 0.94216 0.30066 0.40127 0.87391 0.27435 0.36217 0.8895 0.2786 0.34475 0.80075 0.48984 0.3512 0.80835 0.47247 0.34654 0.60458 0.71722 0.3003 0.65137 0.69681 0.28521 0.57413 0.76748 0.23596 0.6214 0.74712 0.25385 0.65836 0.70861 0.21107 0.69282 0.68953 0.17075 0.48902 0.85539 0.13184 0.52658 0.83984 0.04723 0.28427 0.95758 -0.27202 0.13975 0.95209 -0.28288 0.1391 0.94901 -0.27966 0.17185 0.94459 -0.22204 0.17316 0.95954 -0.21887 0.19784 0.95549 -0.14905 0.1993 0.96854 -0.14692 0.21635 0.9652 -0.05757 0.21757 0.97435 -0.05692 0.22718 0.97219 0.05654 0.22719 0.97221 0.05634 0.22945 0.97169 0.13458 0.22843 0.96421 0.11561 0.22763 0.96686 0.20174 0.22609 0.95299 0.17758 0.22267 0.95858 0.26281 0.22186 0.93899 0.23098 0.21527 0.94885 0.30757 0.21573 0.92675 0.27275 0.20598 0.93978 0.36178 0.20794 0.90878 0.35334 0.18207 0.9176 0.4321 0.18817 0.88198 0.42553 0.15466 0.89163 0.46852 0.16136 0.86859 0.47422 0.1497 0.86759 0.48246 0.15169 0.86268 0.48671 0.14307 0.86177 0.49701 0.14678 0.85524 0.49808 0.14466 0.85498 0.5214 0.15683 0.83878 0.51824 0.14133 0.84347 0.57793 0.18019 0.79595 0.5733 0.15802 0.80396 0.61668 0.19156 0.76355 0.60825 0.21061 0.7653 0.63376 0.26792 0.72565 0.53342 0.17291 0.82799 0.51554 0.20717 0.83144 0.45536 0.15604 0.87653 0.43564 0.1897 0.87991 0.38328 0.14884 0.91156 0.37124 0.16763 0.91328 0.34496 0.16952 0.92318 0.33952 0.1775 0.9237 0.3127 0.1767 0.93327 0.30308 0.19009 0.93381 0.27607 0.18613 0.94294 0.26141 0.20543 0.94311 0.23473 0.19767 0.95175 0.20665 0.23242 0.95041 0.18101 0.20432 0.96202 0.15273 0.19504 0.96883 0.15147 0.19396 0.96924 0.1208 0.18744 0.97482 0.1243 0.18977 0.97393 0.08039 0.18442 0.97955 0.09205 0.19819 0.97583 0.07596 0.19222 0.97841 0.08012 0.18716 0.97906 0.11663 0.19575 0.97369 0.11595 0.19666 0.97359 0.09193 0.19335 0.97681 0.12525 0.21525 0.96849 0.08823 0.214 0.97284 0.08762 0.21516 0.97264 0.12071 0.22171 0.96761 0.14187 0.21799 0.96558 0.14126 0.21932 0.96537 0.22409 0.21981 0.94946 0.22431 0.21942 0.9495 0.2722 0.20499 0.94015 0.27194 0.20549 0.94012 0.33988 0.20773 0.91724 0 0.15243 -0.98831 0 0.16608 -0.98611 -0 0.21259 -0.97714 0.00015 0.21105 -0.97747 0 0.20951 -0.97781 0 0.2207 -0.97534 -0.00188 0.22462 -0.97445 -0 0.21847 -0.97584 0.00097 0.14947 -0.98877 -0 0.15502 -0.98791 0 0.16607 -0.98611 -0 0.16608 -0.98611 -0 0.17922 -0.98381 7E-05 0.17898 -0.98385 -0.00016 0.19566 -0.98067 -0 0.19543 -0.98072 -0 0.20928 -0.97786 -0.00015 0.21105 -0.97747 0 0.21235 -0.97719 -0 0.21847 -0.97584 0.00188 0.22462 -0.97445 -0.00097 0.14947 -0.98877 -0 0.16608 -0.98611 -0 0.17922 -0.98381 2E-05 0.17899 -0.98385 -5E-05 0.19692 -0.98042 -7E-05 0.19704 -0.9804 1E-05 0.21235 -0.97719 -0 0.21273 -0.97711 -0 0.04619 -0.99893 0.00105 0.04265 -0.99909 0 0.04161 -0.99913 -0.00014 0.04143 -0.99914 0.00058 0.04566 -0.99896 -0.00118 0.04347 -0.99905 0.00128 0.05119 -0.99869 -0.00013 0.05344 -0.99857 4E-05 0.05934 -0.99824 -0.00158 0.06833 -0.99766 -0.00236 0.0676 -0.99771 0.00166 0.08315 -0.99654 0.00056 0.0815 -0.99667 -0.00037 0.09268 -0.9957 -0.00091 0.09411 -0.99556 0.00096 0.10328 -0.99465 -0.00263 0.11284 -0.99361 -0.00021 0.11734 -0.99309 3E-05 0.12546 -0.9921 -0.00065 0.13562 -0.99076 0 0.13656 -0.99063 0 0.14692 -0.98915 0 0.13713 -0.99055 0.00095 0.13566 -0.99076 -0.00077 0.11902 -0.99289 0.00169 0.11453 -0.99342 -0.00013 0.10689 -0.99427 5E-05 0.10267 -0.99472 -0.00068 0.09481 -0.99549 0 0.04267 -0.99909 -0.00376 0.04619 -0.99893 -0.00066 0.04226 -0.99911 -0.00017 0.09403 -0.99557 9E-05 0.08324 -0.99653 -0.00151 0.07873 -0.99689 0.0029 0.06837 -0.99766 0.00065 0.0654 -0.99786 -0.00056 0.05344 -0.99857 0.00283 0.05792 -0.99832 -0.00338 0.04572 -0.99895 0.00025 0.04893 -0.9988 -5E-05 0.04166 -0.99913 0 0.04168 -0.99913 0 0.19537 -0.98073 -4E-05 0.19542 -0.98072 2E-05 0.17894 -0.98386 0 0.17899 -0.98385 0 0.16608 -0.98611 0 0.2724 -0.96218 -0 0.26002 -0.9656 -0 0.24055 -0.97064 -0 0.22981 -0.97323 0 0.50604 -0.86251 0 0.49556 -0.86857 4E-05 0.45229 -0.89187 -0 0.45894 -0.88847 0 0.46433 -0.88566 0.00034 0.47369 -0.88069 -0 0.48472 -0.87467 0 0.49001 -0.87171 0.00096 0.46339 -0.88616 -0.00077 0.48387 -0.87514 -0.00022 0.4738 -0.88063 0 0.53893 -0.84235 1E-05 0.56647 -0.82408 0 0.56964 -0.8219 -0 0.5723 -0.82004 -0.00013 0.56922 -0.82219 -0 0.56649 -0.82407 0 0.55945 -0.82886 0 0.552 -0.83384 0 0.54445 -0.83879 0 0.53429 -0.8453 0 0.52332 -0.85213 -0.00014 0.52585 -0.85058 0.0001 0.51336 -0.85817 -8E-05 0.51841 -0.85513 0 0.5135 -0.85809 0 0.42623 -0.90462 -0 0.43141 -0.90216 -0.00019 0.45876 -0.88856 -0 0.45233 -0.89185 0 0.44156 -0.89723 -0.00054 0.42579 -0.90482 0.00031 0.41012 -0.91203 1E-05 0.42058 -0.90725 -0.00026 0.42039 -0.90734 -0 0.41036 -0.91193 0 0.39753 -0.91759 0 0.3782 -0.92572 0 0.35818 -0.93365 0 0.3407 -0.94017 0 0.32044 -0.94727 0 0.30513 -0.95231 0 0.28694 -0.95795 0 0.58121 -0.81375 0 0.57964 -0.81488 5E-05 0.57689 -0.81682 -0.00014 0.57893 -0.81538 0 0.57712 -0.81666 -0.20224 0.04129 0.97847 -0.72031 -0.03872 0.69257 -0.67339 -0.02932 0.73871 -0.60334 -0.01168 0.7974 -0.89988 0.01402 0.43591 -0.87384 -0.01753 0.48589 -0.89567 -0.00874 0.44463 -0.92556 0.00459 0.37857 -0.92624 0.00244 0.37694 0.91518 0.00632 0.40301 0.61075 0.01671 0.79165 0.33546 0.0329 0.94148 0.70009 -0.03042 0.71341 0.63372 -0.01444 0.77343 0.49012 0.02406 0.87132 0.45786 0.02683 0.88862 0.15354 -0.9851 0.07748 0.03146 -0.9947 0.0979 0.02879 -0.99932 0.02298 0.0625 -0.99754 0.03186 0.17728 -0.95367 0.24307 0.14155 -0.98728 0.07243 0.12015 -0.98805 0.09651 0.34927 -0.75662 0.55276 0.37767 -0.68397 0.62414 0.40056 -0.60364 0.68933 0.41712 -0.51903 0.74607 0.43148 -0.35131 0.83091 0.42594 -0.2035 0.88157 0.47095 -0.10981 0.8753 0.14278 -0.47127 0.87035 -0.05541 -0.06107 0.99659 -0.03837 -0.00193 0.99926 0.3638 0.12028 0.92368 0.17572 -0.98062 0.08664 0.3104 -0.92063 0.23686 0.42537 -0.81713 0.38904 0.51215 -0.79347 0.32879 0.53694 -0.73414 0.41561 0.57122 -0.62642 0.53038 0.55514 -0.71718 0.42128 0.56252 -0.45645 0.68937 0.57008 -0.51921 0.63673 0.53261 -0.77572 0.33849 0.59831 -0.69995 0.38999 0.6673 -0.56496 0.48532 0.68754 -0.50681 0.52004 0.66397 -0.54699 0.50985 0.73368 -0.57184 0.36703 0.75689 -0.43373 0.48887 0.75694 -0.35894 0.54608 0.77441 -0.06703 0.62913 0.50016 0.01034 0.86587 0.55572 0.20349 0.80608 -0.00476 0.08739 0.99616 0.44245 0.13072 0.88722 0.10903 -0.01361 0.99394 0.15833 -0.01665 0.98725 0.79223 -0.51779 0.32291 0.75381 -0.58036 0.30815 0.80495 -0.48041 0.34824 0.82982 -0.42912 0.35673 0.81792 -0.00411 0.57532 0.82072 0.03394 0.57032 0.86946 -0.32835 0.3691 0.88228 -0.14364 0.44827 0.91592 -0.1095 0.38614 0.91355 -0.12966 0.38549 0.87085 -0.00133 0.49154 0.88755 -0.00157 0.46071 0.80693 0.08852 0.58397 0.13858 -0.00795 0.99032 -0.00971 -0.01893 0.99977 0.22122 -0.01589 0.97509 0.16184 0.05597 0.98523 -0.23074 0.05208 0.97162 0.2074 -0.08155 0.97485 0.1754 -0.20169 0.96362 -0.03111 0.04759 0.99838 -0.04798 0.0622 0.99691 -0.09368 0.11575 0.98885 -0.04463 0.06958 0.99658 -0.08562 0.20548 0.97491 -0.13566 0.13695 0.98124 -0.18016 0.14398 0.97304 -0.27154 0.15113 0.95049 -0.18121 -0.00443 0.98344 -0.52188 0.01592 0.85287 -0.5319 0.01365 0.8467 0.13953 -0.36805 0.91928 -0.07884 0.05055 0.9956 -0.32958 0.18572 0.92568 -0.37985 0.15978 0.91115 -0.39778 0.09889 0.91214 -0.49997 0.08044 0.8623 -0.00508 -0.98301 0.18346 -0.24083 -0.72648 0.6436 -0.06726 -0.99689 0.04104 -0.56435 0.03895 0.82462 -0.65681 -0.18495 0.73102 -0.69796 -0.02953 0.71553 -0.74004 -0.19036 0.64506 -0.365 -0.86442 0.34576 -0.2378 -0.95213 0.19209 -0.4042 -0.88366 0.23615 -0.72265 -0.41934 0.54949 -0.79381 0.07214 0.60387 -0.76072 -0.52775 0.37787 -0.80808 -0.37741 0.4523 -0.74396 -0.57024 0.34835 -0.73143 -0.61272 0.29931 -0.75559 -0.57777 0.30867 -0.82114 -0.46281 0.33398 -0.87371 -0.08243 0.47941 -0.88098 -0.12876 0.45529 -0.90611 -0.03577 0.42153 -0.90502 -0.05439 0.42188 -0.91034 -0.17907 0.37312 -0.91484 -0.14605 0.37649 -0.89276 -0.11964 0.43436 -0.89927 -0.18089 0.39824 -0.89932 -0.17687 0.39993 -0.90122 -0.22494 0.37041 -0.90131 -0.22352 0.37104 -0.90769 -0.13054 0.39882 -0.89852 -0.07964 0.43165 -0.89808 -0.07196 0.4339 -0.88676 -0.03023 0.46125 -0.88841 0.00838 0.45897 -0.89297 -0.25834 0.3686 -0.88631 -0.28355 0.36613 -0.88309 -0.28852 0.37002 -0.87879 -0.3186 0.35528 -0.8659 -0.35708 0.3503 -0.89281 -0.25988 0.36792 -0.89304 -0.20631 0.39991 -0.89283 -0.21071 0.39807 -0.89026 -0.16422 0.42481 -0.89692 -0.11933 0.42578 -0.87449 -0.28022 0.39591 -0.87047 -0.32405 0.37051 -0.85458 -0.36986 0.36456 -0.84794 -0.40329 0.34401 -0.83233 -0.43937 0.33791 -0.8689 -0.10863 0.48293 -0.83232 -0.43944 0.33785 -0.84103 -0.40338 0.36049 -0.85478 -0.36825 0.36571 -0.85956 -0.33702 0.38417 -0.87507 -0.2871 0.38964 -0.77626 -0.54513 0.31664 -0.79358 -0.51537 0.32347 -0.79351 -0.51561 0.32324 -0.80823 -0.48837 0.32903 -0.83109 -0.42577 0.35779 -0.81951 -0.45117 0.35333 -0.81963 -0.45046 0.35396 -0.80643 -0.47749 0.34883 -0.82862 -0.41439 0.37639 -0.84376 -0.37698 0.38203 -0.84211 -0.37275 0.38976 -0.8502 -0.35067 0.39267 -0.84834 -0.34696 0.39991 -0.86311 -0.30177 0.40495 -0.86159 -0.15537 0.48324 -0.8646 -0.20822 0.45729 -0.86507 -0.19631 0.46164 -0.8656 -0.24081 0.43903 -0.85444 -0.28257 0.43599 -0.77633 -0.54489 0.31686 -0.79097 -0.50643 0.34337 -0.80658 -0.47676 0.34947 -0.81698 -0.43983 0.37294 -0.82875 -0.41321 0.3774 -0.83565 -0.37857 0.39796 -0.84471 -0.3543 0.40118 -0.75568 -0.57751 0.30891 -0.77237 -0.53862 0.33665 -0.79116 -0.50567 0.34404 -0.80322 -0.46791 0.36865 -0.81717 -0.4386 0.37399 -0.82533 -0.40296 0.39554 -0.83575 -0.37692 0.39932 -0.84082 -0.34384 0.41809 -0.84914 -0.31912 0.42085 -0.85446 -0.28221 0.43618 -0.85577 -0.30242 0.41977 -0.86635 -0.26552 0.42301 -0.86573 -0.25997 0.42771 -0.82084 -0.39287 0.41457 -0.81335 -0.42817 0.39386 -0.79835 -0.46038 0.38819 -0.78691 -0.49803 0.36433 -0.767 -0.5335 0.3565 -0.76739 -0.53215 0.35768 -0.78085 -0.49363 0.38288 -0.79868 -0.45848 0.38975 -0.80775 -0.42202 0.41162 -0.82102 -0.39054 0.41642 -0.82658 -0.35685 0.43524 -0.84045 -0.3167 0.43971 -0.84402 -0.2643 0.46668 -0.84253 -0.27804 0.46134 -0.84323 -0.20284 0.49782 -0.84245 -0.21985 0.49187 -0.83324 -0.11508 0.5408 -0.83955 -0.07079 0.53866 -0.83728 -0.06959 0.54233 -0.82515 -0.26713 0.49776 -0.82673 -0.25531 0.50133 -0.81599 -0.29198 0.49891 -0.81791 -0.27975 0.50275 -0.80663 -0.1742 0.5648 -0.80753 -0.15508 0.56908 -0.8311 0.04784 0.55406 -0.85112 -0.01337 0.5248 -0.84922 -0.03657 0.52678 -0.85905 -0.08455 0.50487 -0.85545 -0.11136 0.50577 -0.8599 -0.14944 0.48809 -0.85262 -0.18764 0.48768 -0.81012 0.05004 0.58412 -0.81991 0.02094 0.5721 -0.81807 -0.00265 0.57511 -0.82836 -0.0455 0.55834 -0.82492 -0.07341 0.56046 -0.83008 -0.10543 0.54759 -0.82237 -0.14962 0.54893 -0.82173 -0.12539 0.55591 -0.81422 -0.16459 0.55674 -0.80036 -0.04923 0.5975 -0.79772 -0.01246 0.6029 -0.79244 -0.05504 0.60747 -0.75963 0.10004 0.64261 -0.76572 0.10005 0.63534 -0.78272 0.05487 0.61995 -0.78067 0.02955 0.62424 -0.76475 0.03683 0.64327 -0.75686 0.06191 0.65064 -0.76109 0.13269 0.63493 -0.64884 0.14396 0.74719 -0.65178 0.16827 0.7395 -0.62067 0.15276 0.76905 -0.62445 0.18074 0.75987 -0.58876 0.16916 0.79041 -0.73169 -0.61226 0.29961 -0.71473 -0.63512 0.29288 -0.71034 -0.63771 0.29788 -0.70009 -0.65373 0.28725 -0.67166 -0.68755 0.27595 -0.67198 -0.68711 0.27628 -0.63644 -0.72542 0.26211 -0.73542 -0.56914 0.36774 -0.73715 -0.5655 0.3699 -0.70772 -0.60914 0.35789 -0.63676 -0.72502 0.26244 -0.61273 -0.74875 0.25284 -0.61156 -0.74892 0.25517 -0.60301 -0.75787 0.24904 -0.58816 -0.77134 0.24311 -0.58836 -0.77113 0.24328 -0.56785 -0.78885 0.23507 -0.56802 -0.78868 0.23522 -0.54706 -0.80577 0.22682 -0.54726 -0.8056 0.22698 -0.52598 -0.82197 0.21845 -0.49811 -0.84476 0.1956 -0.50482 -0.83726 0.21011 -0.47272 -0.85886 0.19721 -0.47287 -0.85873 0.19742 -0.43036 -0.88446 0.18031 -0.4305 -0.88436 0.1805 -0.40122 -0.90031 0.1687 -0.40669 -0.89512 0.18268 -0.7001 -0.60437 0.38025 -0.67522 -0.63825 0.36976 -0.67807 -0.62723 0.38315 -0.6595 -0.65719 0.36491 -0.64036 -0.68025 0.35664 -0.64209 -0.67775 0.3583 -0.62223 -0.70042 0.34963 -0.62403 -0.69797 0.35133 -0.60355 -0.72011 0.34231 -0.60537 -0.71776 0.34401 -0.58436 -0.73927 0.33466 -0.58614 -0.7371 0.33632 -0.56469 -0.75789 0.32669 -0.56646 -0.75586 0.32833 -0.54469 -0.77582 0.31846 -0.54647 -0.77389 0.3201 -0.52445 -0.79299 0.31004 -0.52623 -0.79117 0.31167 -0.5041 -0.80932 0.30147 -0.50586 -0.80761 0.3031 -0.47309 -0.83267 0.28785 -0.80829 -0.37372 0.45498 -0.79356 -0.40967 0.44992 -0.79396 -0.40579 0.45273 -0.77633 -0.44505 0.44636 -0.77694 -0.44101 0.44931 -0.75621 -0.48296 0.44147 -0.75705 -0.47879 0.44456 -0.73193 -0.52475 0.43464 -0.74806 -0.47343 0.46505 -0.72105 -0.52314 0.45433 -0.73517 -0.47799 0.48068 -0.7753 -0.40074 0.48818 -0.79144 -0.36069 0.49348 -0.7912 -0.36601 0.48994 -0.80676 -0.31494 0.49994 -0.80813 -0.31922 0.49499 -0.80734 -0.29294 0.51224 -0.79557 -0.32834 0.50918 -0.78172 -0.35489 0.5128 -0.78562 -0.32293 0.52775 -0.80066 -0.27678 0.53135 -0.77582 -0.39513 0.49192 -0.78145 -0.36113 0.50884 -0.79557 -0.32243 0.51294 -0.79937 -0.2732 0.53514 -0.8096 -0.23718 0.53693 -0.80781 -0.2523 0.53272 -0.81792 -0.21384 0.53412 -0.81653 -0.22834 0.53022 -0.82504 -0.1931 0.53106 -0.82611 -0.17552 0.53548 -0.82255 -0.3297 0.46336 -0.8241 -0.33404 0.45748 -0.82365 -0.30933 0.47531 -0.81297 -0.34076 0.47219 -0.813 -0.33653 0.47515 -0.80012 -0.3713 0.47111 -0.80035 -0.36683 0.47422 -0.78485 -0.40501 0.46902 -0.78531 -0.40029 0.47229 -0.76695 -0.44143 0.46575 -0.76767 -0.43652 0.46919 -0.74506 -0.48237 0.46066 -0.75666 -0.43828 0.48516 -0.75747 -0.43247 0.48908 -0.76486 -0.39692 0.50739 -0.77814 -0.26107 0.57127 -0.7748 -0.31004 0.55096 -0.75951 -0.35231 0.54683 -0.75434 -0.3855 0.53137 -0.73392 -0.43183 0.52429 -0.72623 -0.46572 0.50567 -0.72234 -0.47775 0.49997 -0.74658 -0.42826 0.50913 -0.75369 -0.39311 0.5267 -0.77114 -0.34946 0.53219 -0.77484 -0.31795 0.54639 -0.78769 -0.27885 0.54935 -0.78943 -0.22086 0.57273 -0.78739 -0.23968 0.56795 -0.78547 -0.15662 0.59876 -0.78623 -0.13563 0.60287 -0.65062 -0.585 0.48421 -0.67875 -0.54669 0.49033 -0.68061 -0.53041 0.5054 -0.68929 -0.50364 0.52079 -0.68435 -0.51723 0.51395 -0.71283 -0.46437 0.52558 -0.72147 -0.42843 0.54399 -0.74253 -0.38048 0.55126 -0.76624 -0.20558 0.60878 -0.75393 -0.24959 0.60769 -0.73911 -0.25269 0.62439 -0.73971 -0.26479 0.61864 -0.73793 -0.29174 0.60856 -0.6968 -0.47251 0.53964 -0.70158 -0.45703 0.54673 -0.67076 -0.5147 0.53401 -0.38106 -0.91048 0.1607 -0.34968 -0.9251 0.14802 -0.34981 -0.92503 0.1482 -0.31243 -0.94057 0.13307 -0.31254 -0.94051 0.13323 -0.37322 -0.90583 0.20045 -0.37199 -0.9066 0.19924 -0.41282 -0.88452 0.21729 -0.85286 -0.17189 0.49304 -0.8548 -0.24093 0.45963 -0.85572 -0.22809 0.46445 -0.85446 -0.27651 0.43982 -0.8401 -0.32336 0.43552 -0.84061 -0.31846 0.43813 -0.8322 -0.36366 0.41856 -0.82549 -0.40121 0.39697 -0.81312 -0.42996 0.39239 -0.80346 -0.46663 0.36975 -0.78661 -0.49933 0.3632 -0.77261 -0.53784 0.33735 -0.75034 -0.57364 0.32852 -0.75108 -0.57216 0.32942 -0.72487 -0.61061 0.31895 -0.72568 -0.60914 0.31989 -0.69551 -0.64927 0.30776 -0.69638 -0.64789 0.30871 -0.66267 -0.68834 0.29505 -0.66357 -0.68707 0.296 -0.63591 -0.71732 0.28473 -0.63651 -0.71657 0.28526 -0.6171 -0.7364 0.27732 -0.61769 -0.7357 0.27784 -0.59765 -0.75507 0.26962 -0.59826 -0.75439 0.27015 -0.57765 -0.77321 0.26167 -0.57824 -0.77259 0.26218 -0.55719 -0.79075 0.25348 -0.55777 -0.79018 0.25398 -0.53638 -0.80759 0.24512 -0.53698 -0.80704 0.24563 -0.51538 -0.82364 0.23665 -0.48745 -0.84673 0.21319 -0.49461 -0.83854 0.2285 -0.46263 -0.86005 0.21514 -0.46312 -0.85962 0.2158 -0.42095 -0.88519 0.19809 -0.4214 -0.88484 0.19871 -0.38062 -0.90675 0.18149 -0.38103 -0.90646 0.18205 -0.34208 -0.92498 0.16553 -0.34244 -0.92476 0.16602 -0.27199 -0.9526 0.13626 -0.48638 -0.81922 0.30382 -0.51346 -0.79236 0.32942 -0.5356 -0.77304 0.33992 -0.53342 -0.77544 0.33785 -0.55547 -0.75513 0.34819 -0.55327 -0.75769 0.34611 -0.57506 -0.73649 0.35622 -0.57289 -0.73917 0.35415 -0.59427 -0.7172 0.36396 -0.59207 -0.72007 0.36186 -0.613 -0.69738 0.37135 -0.61081 -0.70041 0.36924 -0.63114 -0.67713 0.37835 -0.62902 -0.68026 0.37628 -0.64868 -0.6565 0.38499 -0.64658 -0.65977 0.38292 -0.66555 -0.63561 0.39121 -0.66349 -0.63901 0.38916 -0.68995 -0.60295 0.40053 -0.70962 -0.6056 0.36013 -0.68548 -0.63838 0.35013 -0.68804 -0.62853 0.36269 -0.66981 -0.65752 0.345 -0.65129 -0.6798 0.33718 -0.65263 -0.67789 0.33844 -0.63332 -0.69989 0.33023 -0.63472 -0.69801 0.33153 -0.61474 -0.71958 0.32296 -0.61612 -0.71782 0.32423 -0.59556 -0.73883 0.31535 -0.59696 -0.73715 0.31662 -0.5759 -0.7575 0.30746 -0.57727 -0.75595 0.3087 -0.5558 -0.77557 0.29929 -0.55721 -0.77407 0.30055 -0.53544 -0.79288 0.29094 -0.53683 -0.79148 0.29219 -0.51489 -0.80939 0.28244 -0.51627 -0.80808 0.28368 -0.49425 -0.82507 0.27383 -0.46632 -0.84886 0.24897 -0.47438 -0.83916 0.26603 -0.4425 -0.86076 0.25158 -0.47579 -0.83016 0.29063 -0.43265 -0.8601 0.27026 -0.79262 -0.45159 0.40966 -0.77375 -0.48924 0.40244 -0.77431 -0.48661 0.40454 -0.752 -0.52712 0.39578 -0.75273 -0.52444 0.39795 -0.72693 -0.56689 0.38755 -0.72782 -0.5642 0.38981 -0.69764 -0.60903 0.37734 -0.71892 -0.56106 0.41033 -0.68691 -0.60878 0.39691 -0.70865 -0.55886 0.43068 -0.68495 -0.5949 0.42064 -0.68727 -0.58215 0.43447 -0.67068 -0.61327 0.41723 -0.65197 -0.63848 0.409 -0.65442 -0.63438 0.41147 -0.63494 -0.65927 0.40275 -0.63743 -0.65534 0.40524 -0.61726 -0.67979 0.39607 -0.6198 -0.67599 0.3986 -0.59903 -0.69988 0.38902 -0.60162 -0.69622 0.39158 -0.5803 -0.71946 0.38161 -0.58289 -0.716 0.38416 -0.5612 -0.73843 0.37387 -0.56372 -0.73524 0.37635 -0.54174 -0.75678 0.36579 -0.54434 -0.75367 0.36834 -0.50221 -0.79121 0.34897 -0.50473 -0.78849 0.35146 -0.48225 -0.80725 0.34026 -0.48464 -0.80482 0.34263 -0.45152 -0.83061 0.32591 -0.81519 -0.38161 0.43571 -0.80122 -0.4153 0.43078 -0.80156 -0.41217 0.43315 -0.78483 -0.4491 0.42702 -0.78534 -0.44585 0.4295 -0.76543 -0.48589 0.42193 -0.76613 -0.4825 0.42454 -0.74291 -0.52491 0.4154 -0.74381 -0.52149 0.41809 -0.71615 -0.56711 0.40684 -0.73488 -0.51726 0.43862 -0.70534 -0.56621 0.42649 -0.72448 -0.51427 0.45897 -0.69502 -0.56335 0.44674 -0.69662 -0.55821 0.4507 -0.67344 -0.59351 0.4407 -0.67602 -0.57933 0.45538 -0.65923 -0.61143 0.43768 -0.64 -0.63746 0.42901 -0.6428 -0.63268 0.43189 -0.62285 -0.6583 0.42273 -0.62573 -0.65365 0.42568 -0.60512 -0.67877 0.41605 -0.60804 -0.67433 0.41901 -0.5869 -0.69878 0.40897 -0.58986 -0.69451 0.41197 -0.56826 -0.71823 0.40154 -0.57123 -0.71418 0.40454 -0.54922 -0.7371 0.39375 -0.32719 -0.92329 0.20121 -0.22432 -0.96961 0.09762 -0.24574 -0.96349 0.10632 -0.24565 -0.96353 0.10619 -0.23614 -0.96153 0.14035 -0.26691 -0.95128 0.15435 -0.26643 -0.95152 0.15367 -0.29977 -0.93897 0.16873 -0.29924 -0.93927 0.16798 -0.28591 -0.93637 0.20365 -0.32085 -0.92097 0.22106 -0.31973 -0.92176 0.21939 -0.35735 -0.90316 0.23791 -0.33814 -0.90067 0.27286 -0.3768 -0.87854 0.29356 -0.37486 -0.88038 0.29052 -0.41589 -0.8542 0.31206 -0.38381 -0.88263 0.27138 -0.42562 -0.85638 0.29235 -0.39313 -0.88407 0.25274 -0.43517 -0.858 0.27287 -0.40236 -0.88499 0.23429 -0.44452 -0.85912 0.2536 -0.41152 -0.88543 0.21602 -0.45348 -0.85989 0.23442 -0.45268 -0.86061 0.23331 -0.48447 -0.83918 0.24713 -0.47686 -0.84809 0.23098 -0.5048 -0.82468 0.25512 -0.52665 -0.80788 0.26453 -0.52568 -0.80878 0.26369 -0.54737 -0.79111 0.27299 -0.54638 -0.7921 0.27212 -0.56782 -0.77361 0.28127 -0.56683 -0.77465 0.28039 -0.58792 -0.7554 0.28935 -0.58689 -0.75655 0.28844 -0.60752 -0.73663 0.29715 -0.60652 -0.73781 0.29625 -0.62657 -0.71735 0.30468 -0.62558 -0.71859 0.30378 -0.64495 -0.69769 0.31188 -0.64397 -0.699 0.31097 -0.66262 -0.67776 0.31872 -0.66164 -0.67913 0.31782 -0.68792 -0.64711 0.32866 -0.68647 -0.64945 0.32706 -0.71813 -0.60721 0.33998 -0.71679 -0.60966 0.33842 -0.74444 -0.56887 0.34957 -0.76017 -0.52974 0.3762 -0.78128 -0.49169 0.3845 -0.79221 -0.45412 0.40765 -0.80804 -0.41958 0.41355 -0.81499 -0.38459 0.43345 -0.82665 -0.35402 0.4374 -0.83262 -0.29887 0.46628 -0.83101 -0.308 0.46321 -0.83421 -0.23359 0.49953 -0.83293 -0.24499 0.49619 -0.83161 -0.18258 0.52449 -0.83851 -0.14781 0.52445 -0.83867 -0.1676 0.51821 -0.84685 -0.12182 0.51769 -0.84747 -0.14006 0.51204 -0.85303 -0.1047 0.51125 -0.84077 -0.03823 0.54004 -0.84056 -0.03536 0.54056 -0.8295 0.00645 0.55847 -0.83185 0.04807 0.55291 -0.81102 0.06826 0.58103 -0.78244 0.12907 0.6092 -0.19401 -0.97217 0.13135 -0.19337 -0.97239 0.13065 -0.22027 -0.96484 0.14338 -0.52988 -0.75531 0.38566 -0.5328 -0.75173 0.38862 -0.51022 -0.7729 0.37722 -0.51321 -0.76943 0.38026 -0.49054 -0.78959 0.36866 -0.46313 -0.81815 0.3408 -0.47247 -0.80352 0.36211 -0.44031 -0.82884 0.34518 -0.66233 -0.49487 0.56252 -0.59254 -0.59643 0.54144 -0.58805 -0.60561 0.53614 -0.60899 -0.5747 0.54668 -0.6046 -0.58415 0.5415 -0.6248 -0.55284 0.55135 -0.60919 -0.54918 0.57209 -0.62485 -0.50968 0.59143 -0.62211 -0.53486 0.57176 -0.6475 -0.49027 0.58343 -0.64018 -0.51531 0.56976 -0.63767 -0.53785 0.55145 -0.64622 -0.41149 0.64271 -0.6357 -0.46098 0.61918 -0.64207 -0.43777 0.62937 -0.62472 -0.50683 0.594 -0.6315 -0.48596 0.60419 -0.60546 -0.53204 0.59191 -0.5885 -0.58152 0.5617 -0.59317 -0.57113 0.56741 -0.57096 -0.62677 0.53024 -0.57553 -0.61794 0.53565 -0.63121 -0.61298 0.47522 -0.6347 -0.6064 0.47899 -0.61459 -0.63394 0.46946 -0.6181 -0.62769 0.47324 -0.59732 -0.65475 0.46315 -0.601 -0.64854 0.46711 -0.57957 -0.67507 0.45648 -0.58321 -0.66925 0.46039 -0.56126 -0.69508 0.44928 -0.56494 -0.6895 0.45324 -0.54254 -0.71455 0.44167 -0.54627 -0.70918 0.4457 -0.52357 -0.73331 0.43375 -0.52722 -0.72833 0.4377 -0.50431 -0.75146 0.42542 -0.508 -0.74667 0.42945 -0.48502 -0.76873 0.41691 -0.48861 -0.76427 0.42088 -0.46562 -0.78526 0.40812 -0.43784 -0.81604 0.37733 -0.44835 -0.79825 0.40222 -0.47522 -0.76126 0.44119 -0.47129 -0.7663 0.43666 -0.49458 -0.74362 0.4499 -0.49067 -0.74889 0.44543 -0.51379 -0.72524 0.45832 -0.50975 -0.73093 0.45375 -0.5327 -0.70626 0.4663 -0.52868 -0.71221 0.46179 -0.5514 -0.68653 0.47396 -0.54731 -0.69291 0.4694 -0.56967 -0.66634 0.48111 -0.56564 -0.67295 0.47664 -0.58754 -0.6456 0.48786 -0.58357 -0.65246 0.48347 -0.60487 -0.62449 0.49412 -0.60095 -0.63165 0.48978 -0.62156 -0.60318 0.49983 -0.61774 -0.61057 0.49559 -0.63762 -0.58171 0.50503 -0.6339 -0.58932 0.50088 -0.65297 -0.56021 0.5097 -0.58771 -0.5293 0.61192 -0.57134 -0.57893 0.58173 -0.57627 -0.5676 0.58799 -0.55455 -0.6242 0.55031 -0.55941 -0.61448 0.5563 -0.5354 -0.66794 0.51692 -0.54007 -0.65976 0.52253 -0.45858 -0.73776 0.49539 -0.46791 -0.72361 0.50739 -0.41976 -0.77228 0.47684 -0.42867 -0.75985 0.48875 -0.38103 -0.80362 0.45717 -0.50484 -0.68237 0.52868 -0.50275 -0.6889 0.52217 -0.52812 -0.63383 0.56511 -0.54077 -0.59488 0.59471 -0.4887 -0.71774 0.496 -0.45749 -0.76847 0.44739 -0.41369 -0.80725 0.42096 -0.42121 -0.79843 0.43022 -0.37548 -0.83527 0.40167 -0.76206 -0.11723 0.63681 -0.75607 -0.06576 0.65118 -0.7582 -0.1076 0.64308 -0.77014 -0.03664 0.63682 -0.77338 -0.07363 0.62965 -0.73744 -0.21793 0.63929 -0.75142 -0.16388 0.63914 -0.75227 -0.22249 0.62015 -0.75463 -0.25192 0.60586 -0.73804 -0.30328 0.60276 -0.72092 -0.33914 0.60437 -0.7213 -0.327 0.61057 -0.72415 -0.29857 0.62166 -0.72401 -0.28566 0.62786 -0.72653 -0.23871 0.64434 -0.72685 -0.2399 0.64353 -0.72434 -0.2089 0.65703 -0.72312 -0.14849 0.67457 -0.72111 -0.17957 0.66915 -0.73436 -0.12391 0.66735 -0.70138 -0.37745 0.60464 -0.70231 -0.36477 0.61131 -0.70637 -0.33488 0.62361 -0.70677 -0.32124 0.6303 -0.70938 -0.29396 0.6406 -0.7092 -0.27959 0.64719 -0.71065 -0.25493 0.65573 -0.70988 -0.23985 0.66223 -0.71058 -0.19744 0.67535 -0.71048 -0.19712 0.67554 -0.70693 -0.16688 0.68731 -0.73969 -0.0094 0.67288 -0.74476 0.03046 0.66663 -0.73615 0.06162 0.67401 -0.73863 0.08924 0.66818 -0.73479 0.09936 0.67098 -0.73649 0.12322 0.66513 -0.70724 0.02794 0.70643 -0.70265 0.03318 0.71076 -0.72279 0.10424 0.68316 -0.70591 0.18301 0.68425 -0.70372 0.14788 0.69491 -0.71379 0.12538 0.68905 -0.71045 0.08836 0.69818 -0.71439 0.07585 0.69562 -0.71361 0.08189 0.69574 -0.73109 0.01292 0.68216 -0.72152 -0.04919 0.69065 -0.77483 -0.20179 0.5991 -0.77145 -0.13368 0.62208 -0.78061 -0.08476 0.61925 -0.78224 -0.11994 0.61133 -0.79295 -0.05554 0.60674 -0.78058 -0.02426 0.62458 -0.76414 0.04189 0.64369 -0.75958 -0.00032 0.65041 -0.75793 0.00121 0.65234 -0.75055 -0.05055 0.65888 -0.7433 -0.0283 0.66836 -0.73132 -0.09636 0.67519 -0.71682 0.00139 0.69726 -0.70122 -0.08676 0.70765 -0.69332 -0.02678 0.72013 -0.6928 -0.19582 0.69404 -0.69431 -0.21304 0.68742 -0.69387 -0.2336 0.68116 -0.69474 -0.25029 0.6743 -0.69347 -0.27348 0.66656 -0.6937 -0.28947 0.65954 -0.69133 -0.31543 0.65005 -0.69093 -0.33065 0.64287 -0.68721 -0.35922 0.63143 -0.68622 -0.37344 0.62421 -0.68085 -0.40454 0.61057 -0.67931 -0.41775 0.60334 -0.66826 -0.46644 0.57954 -0.69561 -0.40967 0.59017 -0.69419 -0.42142 0.58353 -0.71655 -0.37011 0.59125 -0.71568 -0.38141 0.58508 -0.73496 -0.33271 0.59087 -0.7346 -0.34349 0.58513 -0.751 -0.2979 0.58929 -0.75108 -0.3081 0.58391 -0.76491 -0.26582 0.58674 -0.76537 -0.27538 0.5817 -0.65244 -0.36697 0.66306 -0.64795 -0.39511 0.65119 -0.61978 -0.45463 0.63967 -0.60724 -0.50451 0.61378 -0.61439 -0.48173 0.62487 -0.60843 -0.50393 0.61308 -0.59251 -0.54555 0.59271 -0.5718 -0.60297 0.5563 -0.57655 -0.59296 0.56213 -0.55338 -0.6476 0.52382 -0.55803 -0.63905 0.52935 -0.65658 -0.32385 0.6812 -0.65353 -0.3494 0.67143 -0.62787 -0.40904 0.66216 -0.62223 -0.43789 0.64891 -0.59063 -0.49876 0.63435 -0.59092 -0.49766 0.63494 -0.57449 -0.54233 0.61306 -0.5543 -0.60065 0.57617 -0.55936 -0.58961 0.58264 -0.53674 -0.64518 0.54374 -0.54168 -0.63578 0.54988 -0.51693 -0.6879 0.50948 -0.52156 -0.68019 0.51509 -0.76326 -0.30404 0.57008 -0.74744 -0.34791 0.56594 -0.74779 -0.33838 0.57124 -0.72915 -0.3853 0.56558 -0.72995 -0.37531 0.57124 -0.70823 -0.42496 0.56375 -0.70952 -0.41464 0.56978 -0.68457 -0.46638 0.56022 -0.6864 -0.45575 0.5667 -0.65644 -0.51192 0.5541 -0.67386 -0.44725 0.58811 -0.64115 -0.50922 0.57413 -0.65444 -0.45985 0.6002 -0.65659 -0.44639 0.60797 -0.66337 -0.41434 0.6231 -0.66501 -0.39957 0.63095 -0.66994 -0.3699 0.6437 -0.67099 -0.35405 0.65148 -0.67437 -0.32689 0.66209 -0.67477 -0.31005 0.66974 -0.67688 -0.28563 0.67842 -0.6766 -0.2679 0.68589 -0.67771 -0.24625 0.69287 -0.68258 -0.07129 0.72733 -0.67655 -0.18595 0.71253 -0.65943 -0.24313 0.71136 -0.65849 -0.26302 0.70513 -0.63755 -0.32141 0.70016 -0.63486 -0.34509 0.69128 -0.60821 -0.40713 0.68141 -0.60315 -0.43418 0.6691 -0.56746 -0.50287 0.65201 -0.63992 -0.24065 0.72979 -0.63913 -0.25864 0.7243 -0.61716 -0.31968 0.71897 -0.61483 -0.34136 0.71095 -0.58482 -0.41092 0.69938 -0.59317 -0.33886 0.73029 -0.59516 -0.31933 0.73744 -0.61841 -0.25506 0.74331 -0.61905 -0.23914 0.74805 -0.63778 -0.17774 0.74943 -0.64273 0.04821 0.76458 -0.64825 0.01988 0.76117 -0.63809 -0.03494 0.76917 -0.64512 -0.1023 0.75721 -0.64563 -0.05946 0.76133 -0.56394 -0.40683 0.71865 -0.56713 -0.36632 0.73768 -0.59549 -0.29479 0.74732 -0.59663 -0.27821 0.75275 -0.61775 -0.21496 0.75642 -0.61788 -0.20185 0.75992 -0.63402 -0.14501 0.7596 -0.63047 -0.08504 0.77154 -0.62909 -0.12981 0.76641 -0.61971 -0.02693 0.78437 -0.61873 0.00474 0.78559 -0.6215 -0.01362 0.78329 -0.63451 0.05965 0.77061 -0.68203 -0.10903 0.72315 -0.67501 -0.04259 0.73658 -0.68345 0.00535 0.72998 -0.68174 0.01443 0.73146 -0.68894 0.0653 0.72187 -0.6825 0.08904 0.72545 -0.68646 0.1267 0.71605 -0.6874 0.12419 0.71558 -0.6896 0.14824 0.70885 -0.27227 -0.95247 0.13665 -0.23599 -0.96418 0.12106 -0.23629 -0.96453 0.1177 -0.22244 -0.96915 0.10613 -0.20112 -0.97473 0.09719 -0.20132 -0.97467 0.09739 -0.17623 -0.98051 0.08685 -0.17642 -0.98046 0.08703 -0.1539 -0.98504 0.07755 -0.15402 -0.98501 0.07768 -0.14104 -0.98737 0.0722 -0.08327 -0.99538 0.04786 -0.10907 -0.99097 0.07799 -0.0969 -0.99385 0.05362 -0.2531 -0.93638 0.24319 -0.20878 -0.96186 0.17676 -0.21006 -0.96129 0.1783 -0.16975 -0.97818 0.11979 -0.13477 -0.98767 0.07966 -0.13485 -0.98765 0.07978 -0.12262 -0.99035 0.06452 -0.32805 -0.92271 0.20244 -0.29273 -0.93798 0.18575 -0.29352 -0.9375 0.18691 -0.25514 -0.95209 0.16858 -0.24878 -0.95586 0.15631 -0.21946 -0.96515 0.14254 -0.26797 -0.94096 0.20683 -0.23617 -0.95291 0.19024 -0.28468 -0.9228 0.25962 -0.25049 -0.93791 0.23996 -0.2984 -0.90118 0.31438 -0.27766 -0.95327 0.1191 -0.27774 -0.95323 0.11921 -0.30573 -0.94017 0.15038 -0.30607 -0.93998 0.15084 -0.33458 -0.92438 0.18324 -0.33521 -0.92398 0.18412 -0.36397 -0.90566 0.21751 -0.36492 -0.90495 0.21887 -0.39547 -0.88231 0.2552 -0.35527 -0.90457 0.23567 -0.38664 -0.88044 0.27449 -0.34719 -0.90263 0.25438 -0.34872 -0.90138 0.25672 -0.30605 -0.92266 0.23461 -0.29984 -0.92777 0.22214 -0.26604 -0.94197 0.20473 -0.31857 -0.90655 0.2769 -0.28167 -0.92471 0.25606 -0.33353 -0.88193 0.3331 -0.29412 -0.90449 0.30886 -0.3445 -0.85376 0.39041 -0.5522 -0.73325 0.39676 -0.52208 -0.77435 0.35752 -0.52461 -0.77148 0.36 -0.49464 -0.80708 0.32242 -0.47319 -0.82385 0.31204 -0.44522 -0.84873 0.28537 -0.45429 -0.83712 0.30471 -0.42257 -0.859 0.28905 -0.45541 -0.82677 0.33022 -0.41231 -0.85739 0.30804 -0.44474 -0.82432 0.35029 -0.40246 -0.85483 0.32755 -0.40488 -0.85219 0.33144 -0.35881 -0.88181 0.30605 -0.35316 -0.88815 0.29406 -0.3151 -0.90896 0.27296 -0.37046 -0.85948 0.35221 -0.3287 -0.88596 0.32716 -0.38239 -0.8278 0.41052 -0.33827 -0.86001 0.38204 -0.38929 -0.79296 0.46869 -0.43026 -0.719 0.54582 -0.42025 -0.73565 0.53123 -0.46963 -0.67924 0.56399 -0.45922 -0.698 0.54947 -0.50777 -0.63712 0.57986 -0.49726 -0.65783 0.56568 -0.53984 -0.59962 0.59079 -0.55865 -0.54367 0.62637 -0.59377 -0.48199 0.6443 -0.60058 -0.45264 0.6591 -0.6297 -0.39089 0.67133 -0.63373 -0.36446 0.68231 -0.65697 -0.30521 0.68937 -0.65883 -0.28252 0.69723 -0.67674 -0.22786 0.70008 -0.67716 -0.18812 0.71138 -0.69119 -0.13402 0.71014 -0.68905 -0.17012 0.70446 -0.7039 -0.10871 0.70194 -0.70433 -0.08062 0.70528 -0.71715 -0.10731 0.6886 -0.72865 -0.04712 0.68327 -0.73491 -0.09896 0.67091 -0.74588 -0.11991 0.6552 -0.74957 -0.19023 0.634 -0.7614 -0.14015 0.63296 -0.76391 -0.22861 0.60347 -0.77651 -0.17982 0.6039 -0.77696 -0.23642 0.58347 -0.77915 -0.26417 0.56845 -0.76332 -0.31303 0.56511 -0.75983 -0.34395 0.55168 -0.74181 -0.3892 0.54612 -0.73498 -0.42389 0.52926 -0.71135 -0.47248 0.52033 -0.69726 -0.51942 0.49399 -0.7017 -0.5075 0.50007 -0.0918 -0.98663 0.13468 -0.04084 -0.99727 0.06146 -0.05709 -0.97181 0.22873 -0.03026 -0.99734 0.06633 -0.02263 -0.99781 0.06211 -0.0109 -0.99929 0.03604 -0.00544 -0.99403 0.10896 -0.16115 -0.92097 0.35474 -0.15529 -0.94104 0.30056 -0.16216 -0.93236 0.32313 -0.13231 -0.96164 0.2403 -0.1377 -0.95561 0.26047 -0.12022 -0.97083 0.20743 -0.65263 -0.16347 0.73984 -0.65487 -0.12218 0.7458 -0.63894 -0.18228 0.74735 -0.63873 -0.21854 0.73774 -0.61888 -0.27848 0.73446 -0.61752 -0.29722 0.72823 -0.59199 -0.36212 0.72001 -0.58481 -0.41037 0.69971 -0.54978 -0.48099 0.68293 -0.55988 -0.44613 0.69821 -0.51639 -0.52711 0.6749 -0.52721 -0.49362 0.69166 -0.48044 -0.57324 0.66376 -0.49165 -0.54177 0.68173 -0.23875 -0.8094 0.53653 -0.22473 -0.85185 0.47312 -0.20007 -0.89357 0.40188 -0.27604 -0.68568 0.67353 -0.2049 -0.84245 0.4983 -0.19753 -0.85421 0.48094 -0.23784 -0.82013 0.5204 -0.26643 -0.74293 0.61406 -0.5218 -0.26675 0.81029 -0.28882 -0.59218 0.75227 -0.28269 -0.61364 0.73724 -0.29971 -0.43284 0.85019 -0.29422 -0.46364 0.83575 0.01168 -0.81622 0.57762 0.01286 -0.798 0.60252 0.04013 -0.8379 0.54435 -0.09025 -0.70586 0.70258 -0.08362 -0.68528 0.72346 -0.09238 -0.77481 0.6254 -0.08165 -0.8871 0.4543 -0.07579 -0.86855 0.48977 -0.07613 -0.91982 0.38489 -0.26282 -0.43718 0.86012 -0.2942 -0.39002 0.87254 -0.29898 -0.35545 0.88558 -0.26336 -0.43994 0.85854 -0.26531 -0.50591 0.82077 -0.2568 -0.59109 0.76464 -0.46498 -0.63399 0.61794 -0.45389 -0.65782 0.60105 -0.50294 -0.58899 0.63257 -0.49186 -0.61498 0.61634 -0.53872 -0.54293 0.64421 -0.52791 -0.57086 0.62883 -0.56726 -0.50514 0.65042 -0.57976 -0.45171 0.67811 -0.61011 -0.38717 0.69128 -0.61367 -0.36271 0.70132 -0.63792 -0.30093 0.70887 -0.63953 -0.28009 0.71592 -0.65836 -0.22291 0.71894 -0.65862 -0.20575 0.7238 -0.67287 -0.15439 0.72347 -0.66953 -0.09514 0.73666 -0.66819 -0.13472 0.73169 -0.65926 -0.03683 0.75101 -0.65856 -0.01169 0.75243 -0.65956 -0.01825 0.75143 -0.67024 0.04621 0.7407 -0.65228 0.11777 0.74877 -0.65281 0.11375 0.74893 -0.65455 0.10808 0.74825 -0.66037 0.16021 0.73365 -0.66495 0.14957 0.73176 -0.66676 0.16807 0.72608 -0.56172 0.0532 0.82561 -0.51758 0.02091 0.85538 -0.50823 0.07357 0.85807 -0.51109 0.02645 0.85912 -0.52418 -0.07877 0.84796 -0.52383 -0.02268 0.85152 -0.53358 -0.1353 0.83486 -0.53507 -0.08012 0.841 -0.54034 -0.19991 0.81736 -0.54388 -0.14662 0.82626 -0.54332 -0.27261 0.79403 -0.54904 -0.22225 0.8057 -0.52055 0.22514 0.82361 -0.56213 0.1884 0.80531 -0.54516 0.22134 0.80858 -0.58447 0.18042 0.79111 -0.57043 0.21063 0.79388 -0.46608 0.23899 0.85185 -0.51345 0.18447 0.83805 -0.49247 0.23167 0.83893 -0.5372 0.17145 0.82585 -0.51968 0.21566 0.82669 -0.56141 0.14971 0.81388 -0.54796 0.1885 0.81499 -0.52943 0.08019 0.84455 -0.48987 0.21547 0.84475 -0.50308 0.1209 0.85574 -0.4625 0.23959 0.85363 -0.477 0.14812 0.86633 -0.43605 0.25319 0.86357 -0.45137 0.16485 0.87698 -0.4103 0.25852 0.87454 -0.42615 0.17334 0.88789 -0.44026 0.2394 0.86537 -0.49006 0.19054 0.85061 -0.49633 0.22334 0.83892 -0.54006 0.1908 0.81971 -0.54224 0.20344 0.81522 -0.56274 0.19219 0.80398 -0.59275 0.19611 0.78114 -0.58781 0.20445 0.78274 -0.60998 0.18679 0.77009 -0.60724 0.1656 0.77706 -0.59658 0.19128 0.77942 -0.5861 0.11691 0.80176 -0.57624 0.15029 0.80334 -0.57701 0.14448 0.80386 -0.5948 0.07131 0.80071 -0.57854 -0.01356 0.81554 -0.57356 0.01983 0.81892 -0.57495 -0.02132 0.81791 -0.58464 -0.12914 0.80095 -0.58605 -0.0791 0.80641 -0.59114 -0.19424 0.78283 -0.59454 -0.14601 0.7907 -0.59519 -0.2127 0.77493 -0.57177 -0.28192 0.77046 -0.35998 0.25054 0.89869 -0.49691 0.18698 0.84742 -0.49601 0.18267 0.84888 -0.51491 -0.31736 0.79634 -0.51864 -0.18729 0.83423 -0.51393 -0.24168 0.82309 -0.51133 -0.11675 0.85142 -0.50876 -0.17348 0.84325 -0.50115 -0.0552 0.8636 -0.50053 -0.11329 0.85827 -0.48912 -0.00223 0.87222 -0.49021 -0.06083 0.86948 -0.47594 0.04299 0.87843 -0.47849 -0.01559 0.87795 -0.5193 -0.35407 0.77779 -0.51041 -0.39945 0.76152 -0.54907 -0.30658 0.77751 -0.54122 -0.35265 0.76336 -0.57101 -0.27563 0.77329 -0.5732 -0.18195 0.79896 -0.56867 -0.23146 0.78933 -0.56624 -0.11053 0.81679 -0.56382 -0.16239 0.80978 -0.55617 -0.04841 0.82966 -0.55567 -0.10165 0.82516 -0.54409 0.00494 0.83901 -0.54528 -0.04887 0.83683 -0.537 0.01242 0.84349 -0.54941 0.07426 0.83225 -0.53572 0.11184 0.83696 -0.51827 0.17765 0.83656 -0.50023 0.07913 0.86227 -0.48407 0.10642 0.86853 -0.46976 0.03947 0.88191 -0.11341 -0.98517 0.12878 -0.11343 -0.98516 0.12881 -0.1484 -0.97151 0.18476 -0.17912 -0.95246 0.24643 -0.17696 -0.95379 0.24282 -0.2104 -0.92635 0.31242 -0.20697 -0.9291 0.30648 -0.24269 -0.89093 0.38386 -0.23764 -0.89614 0.37478 -0.27481 -0.84485 0.45904 -0.26806 -0.85375 0.44639 -0.30546 -0.78716 0.5358 -0.29705 -0.80128 0.51934 -0.33294 -0.71834 0.61085 -0.32322 -0.73913 0.59095 -0.35577 -0.64012 0.68093 -0.34535 -0.66865 0.65851 -0.37293 -0.55536 0.74331 -0.36252 -0.59224 0.71961 -0.38392 -0.46797 0.796 -0.3743 -0.51286 0.77257 -0.38899 -0.38173 0.83843 -0.3808 -0.4336 0.81669 -0.3889 -0.29957 0.87122 -0.38249 -0.35723 0.85211 -0.38458 -0.22386 0.89553 -0.38015 -0.28571 0.87969 -0.37708 -0.15578 0.91299 -0.37461 -0.22035 0.90062 -0.36728 -0.09548 0.9252 -0.36663 -0.16175 0.9162 -0.36127 -0.09535 0.92757 -0.08209 -0.99041 0.11108 -0.09764 -0.98309 0.1549 -0.12867 -0.9762 0.1746 -0.15471 -0.96042 0.23165 -0.15294 -0.96147 0.22843 -0.18199 -0.93817 0.29447 -0.17916 -0.94038 0.28912 -0.21038 -0.90773 0.36301 -0.20617 -0.91195 0.35473 -0.23897 -0.86768 0.43592 -0.23319 -0.87509 0.42407 -0.2667 -0.81689 0.51143 -0.25936 -0.82885 0.49573 -0.29218 -0.75524 0.58673 -0.2835 -0.7732 0.56727 -0.31411 -0.68355 0.65886 -0.30449 -0.70891 0.63619 -0.33133 -0.60419 0.72469 -0.32147 -0.63758 0.70011 -0.34323 -0.52017 0.78206 -0.33379 -0.56187 0.75689 -0.34971 -0.43517 0.82966 -0.34131 -0.48467 0.80536 -0.35116 -0.35263 0.86737 -0.34433 -0.40855 0.8453 -0.34839 -0.27488 0.89614 -0.34336 -0.33598 0.87706 -0.34226 -0.20379 0.91724 -0.3391 -0.26863 0.90158 -0.33362 -0.14019 0.93223 -0.33229 -0.20718 0.92014 -0.32786 -0.13868 0.93449 -0.35143 -0.05927 0.93434 -0.35029 -0.04972 0.93532 -0.29097 -0.32025 0.90154 -0.28822 -0.21602 0.93288 -0.28511 -0.25573 0.92375 -0.27951 -0.15602 0.94738 -0.28111 -0.11961 0.95219 -0.28241 -0.1341 0.94987 -0.30717 -0.05119 0.95028 -0.43162 0.09008 0.89755 -0.4283 0.10519 0.8975 -0.40787 0.01841 0.91285 -0.41597 -0.03652 0.90865 -0.41356 0.02633 0.9101 -0.42737 -0.08169 0.90038 -0.42642 -0.01874 0.90433 -0.43747 -0.13386 0.88922 -0.4382 -0.07139 0.89604 -0.44561 -0.1933 0.87411 -0.44827 -0.13229 0.88406 -0.45099 -0.26022 0.85375 -0.45573 -0.20172 0.86696 -0.45264 -0.33405 0.82676 -0.4595 -0.27953 0.84305 -0.44949 -0.41357 0.79178 -0.45829 -0.36451 0.81062 -0.44056 -0.49677 0.74775 -0.45087 -0.4545 0.76821 -0.42515 -0.5806 0.69437 -0.43628 -0.54608 0.71516 -0.40315 -0.66152 0.63234 -0.41424 -0.63505 0.65201 -0.37509 -0.7361 0.56344 -0.38527 -0.71721 0.58067 -0.34218 -0.80159 0.49026 -0.35079 -0.78911 0.50424 -0.3061 -0.85634 0.41592 -0.3128 -0.84874 0.42637 -0.26854 -0.90008 0.34314 -0.27336 -0.89584 0.35036 -0.23109 -0.93351 0.27416 -0.2342 -0.9314 0.27865 -0.19493 -0.95798 0.21042 -0.19671 -0.95707 0.21289 -0.16085 -0.9751 0.15264 -0.1261 -0.98632 0.10621 -0.34993 0.11654 0.9295 -0.37306 0.0443 0.92675 -0.36411 0.08908 0.92709 -0.20556 0.00493 0.97863 -0.21016 -0.06548 0.97547 -0.24073 0.04071 0.96974 -0.24556 -0.02772 0.96898 -0.29074 -0.02501 0.95647 -0.27355 0.07268 0.95911 -0.26538 0.15536 0.95154 -0.2908 0.03862 0.956 -0.35624 0.08888 0.93016 -0.38403 0.20847 0.89948 -0.3994 0.15494 0.90359 -0.41185 0.12346 0.90285 -0.38547 0.01429 0.92261 -0.36727 0.11237 0.9233 -0.37295 0.03495 0.92719 -0.3876 -0.07161 0.91904 -0.38591 -0.00661 0.92251 -0.39822 -0.12015 0.90939 -0.39809 -0.05536 0.91567 -0.4073 -0.17563 0.89625 -0.40894 -0.11184 0.90568 -0.41416 -0.23828 0.87846 -0.41778 -0.17652 0.89124 -0.418 -0.3078 0.85471 -0.42367 -0.24944 0.87079 -0.41789 -0.38342 0.82362 -0.42556 -0.32983 0.84268 -0.4129 -0.46338 0.78409 -0.42227 -0.41612 0.80532 -0.40226 -0.54526 0.73544 -0.4128 -0.50548 0.75768 -0.38562 -0.62591 0.67789 -0.39657 -0.59426 0.6997 -0.36315 -0.70197 0.61267 -0.37368 -0.67836 0.63261 -0.33563 -0.77049 0.54193 -0.345 -0.75406 0.5589 -0.30436 -0.82941 0.46845 -0.31206 -0.81882 0.48182 -0.27087 -0.87778 0.39514 -0.27674 -0.87146 0.40494 -0.23665 -0.91583 0.32443 -0.24075 -0.9124 0.33101 -0.20289 -0.9446 0.25802 -0.20548 -0.94293 0.26202 -0.17054 -0.96544 0.19706 -0.17204 -0.96472 0.1993 -0.14068 -0.97969 0.14288 -0.11286 -0.9854 0.12749 -0.08985 -0.99254 0.08235 -0.06482 -0.99544 0.06994 -0.23863 -0.17027 0.95607 -0.23513 -0.13323 0.96279 -0.26098 -0.04719 0.96419 -0.29492 -0.28282 0.91271 -0.26427 -0.3633 0.89341 -0.25794 -0.30196 0.91776 -0.25527 -0.29263 0.92152 -0.25288 -0.23686 0.93806 -0.24392 -0.18406 0.95217 -0.27257 -0.0922 0.95771 -0.27213 -0.08828 0.9582 -0.2993 0.00659 0.95414 -0.06994 -0.99015 0.12127 -0.10112 -0.9706 0.21844 -0.09976 -0.97142 0.21539 -0.13502 -0.93214 0.33599 -0.13175 -0.93547 0.32792 -0.16935 -0.8654 0.47159 -0.16352 -0.87495 0.45577 -0.19947 -0.76335 0.61441 -0.19113 -0.78479 0.58955 -0.21969 -0.62863 0.74603 -0.21021 -0.66696 0.71483 -0.22659 -0.47637 0.84955 -0.2179 -0.53293 0.81762 -0.22085 -0.32762 0.91864 -0.21446 -0.39886 0.89158 -0.20606 -0.19788 0.95832 -0.20249 -0.27797 0.93901 -0.1861 -0.09319 0.9781 -0.15572 -0.04068 0.98696 -0.08129 -0.97582 0.20291 -0.10909 -0.94235 0.31634 -0.10664 -0.94498 0.30925 -0.13599 -0.8851 0.44509 -0.13154 -0.89282 0.43077 -0.15958 -0.79633 0.58344 -0.15315 -0.81396 0.56036 -0.17561 -0.67573 0.71593 -0.16809 -0.70844 0.68546 -0.18102 -0.53394 0.82592 -0.17393 -0.58408 0.79284 -0.17573 -0.3892 0.90423 -0.17043 -0.45481 0.87413 -0.16224 -0.25786 0.95246 -0.15935 -0.33388 0.92905 -0.14374 -0.14838 0.97843 -0.14323 -0.2295 0.96271 -0.12276 -0.0622 0.99049 -0.12427 -0.14452 0.98167 0.08159 -0.38474 0.91941 0.11288 -0.49579 0.86108 0.15511 -0.29391 0.94317 -0.04109 -0.24283 0.9692 -0.06133 -0.32562 0.94351 -0.07355 -0.45951 0.88512 -0.06987 -0.4503 0.89014 -0.08694 -0.55213 0.82921 -0.27479 0.07803 0.95833 -0.2656 0.11743 0.95691 -0.23383 0.00178 0.97228 -0.22813 0.06893 0.97119 -0.19902 -0.03311 0.97944 -0.1935 0.0362 0.98043 -0.16549 -0.06001 0.98438 -0.17534 -0.09762 0.97966 -0.18512 -0.17701 0.96664 -0.21706 -0.07378 0.97337 -0.22496 -0.08977 0.97022 -0.24883 -0.00829 0.96851 -0.26112 -0.04819 0.9641 -0.28653 0.04246 0.95713 -0.30241 -0.06158 0.95119 -0.35659 0.18553 0.91565 -0.34582 0.18484 0.91992 -0.32089 0.20699 0.92422 -0.2905 -0.53896 0.79065 -0.29646 -0.51265 0.8058 -0.25634 -0.58682 0.76807 -0.25267 -0.65012 0.71659 -0.23064 -0.75199 0.61751 -0.26478 -0.71009 0.65243 -0.27709 -0.72183 0.63418 -0.31026 -0.56731 0.76282 -0.3038 -0.59013 0.74797 -0.31768 -0.48604 0.81416 -0.31151 -0.51355 0.79952 -0.32049 -0.40539 0.85612 -0.31489 -0.43721 0.84243 -0.31921 -0.32797 0.88912 -0.31438 -0.3634 0.87699 -0.31455 -0.25595 0.91408 -0.31059 -0.29414 0.90389 -0.30726 -0.19048 0.93237 -0.3042 -0.23061 0.92427 -0.30009 -0.16004 0.94039 -0.3187 -0.09945 0.94262 -0.31772 -0.08976 0.94393 -0.33915 -0.01454 0.94062 -0.33064 0.04057 0.94288 -0.33425 -0.02558 0.94214 -0.31739 0.07314 0.94547 -0.32202 0.00802 0.9467 -0.31377 0.05226 0.94806 -0.33328 0.12869 0.934 -0.32177 0.15761 0.93361 -0.33089 0.12433 0.93544 -0.29884 0.16952 0.93913 -0.30581 0.14756 0.94059 -0.19859 0.09555 0.97541 -0.15283 0.12909 0.97979 -0.16517 0.08504 0.98259 -0.12974 0.14354 0.9811 -0.03611 -0.99602 0.08148 -0.05991 -0.97775 0.20104 -0.06767 -0.97289 0.22114 -0.0977 -0.90658 0.41056 -0.09553 -0.90997 0.40352 -0.11292 -0.83415 0.53985 -0.10967 -0.84213 0.52801 -0.12273 -0.73334 0.6687 -0.11864 -0.74871 0.65219 -0.125 -0.60975 0.78267 -0.12063 -0.63463 0.76334 -0.11931 -0.47657 0.87101 -0.11527 -0.511 0.85181 -0.10705 -0.3486 0.93114 -0.10377 -0.3905 0.91473 -0.09045 -0.23633 0.96745 -0.08805 -0.28291 0.9551 -0.0715 -0.14385 0.98701 -0.06992 -0.19266 0.97877 -0.05158 -0.07117 0.99613 -0.05178 -0.05925 0.9969 -0.03889 0.00955 0.9992 -0.04408 -0.06716 0.99677 0.02349 0.02575 0.99939 -0.00969 0.13625 0.99063 -0.02821 0.08016 0.99638 -0.08196 0.02394 0.99635 -0.05419 0.12062 0.99122 -0.10736 0.06704 0.99196 -0.12156 0.00965 0.99254 -0.1534 0.11911 0.98096 0.07524 -0.44785 0.89094 0.10999 -0.25383 0.96097 0.10075 -0.31826 0.94263 0.12662 -0.18159 0.97519 0.11653 -0.24615 0.9622 0.14797 -0.09361 0.98455 0.13829 -0.16155 0.97713 -0.47215 0.06351 0.87923 -0.512 0.01661 0.85883 -0.45323 0.03238 0.8908 -0.47055 0.01392 0.88226 -0.46012 0.01616 0.88771 -0.45843 0.00825 0.88869 -0.44766 0.00992 0.89415 -0.2714 -0.00462 0.96246 -0.25653 0.00388 0.96653 -0.25571 0 0.96675 -0.22446 -0.00857 0.97445 -0.20373 0.00267 0.97902 -0.20279 -0.00149 0.97922 -0.06204 -0.01163 0.99801 -0.02504 -0.00839 0.99965 -0.08916 -0.00479 0.99601 -0.08993 0.00692 0.99592 -0.03538 0.00755 0.99935 -0.0357 0.02581 0.99903 -0.3727 0.08993 0.92358 -0.39679 0.02945 0.91744 -0.41034 0.07938 0.90847 -0.43136 0.02525 0.90183 -0.38949 0.22447 0.89326 -0.42057 0.17884 0.88946 -0.42409 0.19347 0.88471 -0.4512 0.16194 0.87761 -0.45072 0.15996 0.87821 -0.37662 0.17184 0.91029 -0.36095 0.19793 0.91134 -0.36426 0.21102 0.90708 -0.39726 0.16784 0.90223 -0.39979 0.17771 0.89922 -0.4283 0.14826 0.89139 -0.43481 0.1744 0.88347 -0.4607 0.12359 0.87891 -0.46923 0.15908 0.86863 -0.49118 0.08047 0.86733 -0.50557 0.14186 0.85104 -0.52491 0.07181 0.84812 -0.53739 0.12829 0.83352 -0.55463 0.06489 0.82956 -0.56498 0.11432 0.81715 -0.58038 0.05756 0.81231 -0.58105 0.06078 0.81159 -0.27681 0.08094 0.95751 -0.33283 0.08255 0.93937 -0.30138 0.10095 0.94815 -0.35729 0.09972 0.92865 -0.32605 0.12113 0.93756 -0.21553 0.09065 0.97228 -0.27864 0.08705 0.95644 -0.23953 0.1124 0.96436 -0.30255 0.10492 0.94734 -0.26402 0.13424 0.95513 -0.32642 0.12241 0.93727 -0.28885 0.15562 0.94464 -0.14406 0.10099 0.9844 -0.21508 0.08914 0.97252 -0.16704 0.12413 0.97811 -0.23786 0.10686 0.9654 -0.19092 0.14711 0.97052 -0.26096 0.12393 0.95736 -0.21548 0.16935 0.96171 -0.28427 0.13983 0.94849 -0.24057 0.19018 0.95182 -0.30852 0.20087 0.92977 -0.2766 0.19223 0.94156 -0.25257 0.23725 0.93804 -0.16247 0.15887 0.97384 -0.11969 0.1454 0.98211 -0.11744 0.08835 0.98914 -0.08338 -0.02745 0.99614 -0.05714 0.08402 0.99482 -0.03051 -0.00601 0.99952 -0.0117 0.02475 0.99963 0.00124 0.02862 0.99959 0.02634 0.10932 0.99366 -0.03932 -0.23965 0.97006 -0.01739 -0.09311 0.9955 -0.02222 -0.16976 0.98523 0.00209 -0.03461 0.9994 -0.00401 -0.10922 0.99401 0.02711 0.03685 0.99895 0.02451 -0.0506 0.99842 0.0631 0.07996 0.9948 0.05838 0.00122 0.99829 -0.12388 0.15758 0.97971 -0.09944 0.07662 0.99209 -0.04153 0.18889 0.98112 -0.02061 0.12027 0.99253 0.02674 0.09242 0.99536 0.19248 -0.02333 0.98102 0.18477 -0.02982 0.98233 0.16197 -0.07447 0.98398 -0.00466 -0.98151 0.19135 -0.00594 -0.92905 0.3699 -0.02839 -0.91454 0.4035 -0.0206 -0.76832 0.63973 -0.01965 -0.79119 0.61126 0.00453 -0.54872 0.83599 0.00357 -0.59981 0.80013 0.03895 -0.32541 0.94477 0.03551 -0.39792 0.91673 0.06804 -0.19891 0.97765 0.06044 -0.26804 0.96151 0.08538 -0.13039 0.98778 0.07675 -0.1991 0.97697 0.10769 -0.04758 0.99305 0.1005 -0.12274 0.98734 0.13791 0.01415 0.99034 0.12892 -0.05309 0.99023 0.16484 0.04356 0.98536 0.16575 0.04853 0.98497 0.04082 -0.64194 0.76567 0.04461 -0.59941 0.7992 0.07526 -0.68012 0.72923 -0.02045 -0.9966 0.07986 -0.03336 -0.97685 0.2113 -0.0326 -0.97804 0.20584 -0.03827 -0.94525 0.32409 -0.05356 -0.90747 0.41669 -0.05722 -0.73416 0.67656 -0.05373 -0.76243 0.64483 -0.03815 -0.49375 0.86877 -0.03606 -0.55399 0.83174 -0.00513 -0.26516 0.96419 -0.00566 -0.34691 0.93788 0.02536 -0.14511 0.98909 0.01926 -0.21826 0.9757 0.04367 -0.08126 0.99574 0.0364 -0.15337 0.9875 0.06726 -0.00401 0.99773 0.06246 -0.0857 0.99436 0.10037 0.04823 0.99378 0.09358 -0.02504 0.9953 0.11484 0.02922 0.99295 0.09613 0.09355 0.99096 0.09361 0.06831 0.99326 0.04613 0.07837 0.99586 0.02872 0.13613 0.99028 -0.0109 0.04854 0.99876 -0.04482 0.16085 0.98596 -0.07864 0.06377 0.99486 -0.10558 0.15434 0.98236 -0.14308 0.1028 0.98436 -0.16525 0.17863 0.96994 -0.18603 0.15744 0.96985 -0.21962 0.15057 0.9639 -0.21654 0.16004 0.96307 -0.06617 0.0762 0.99489 -0.0891 0.10133 0.99086 -0.13484 0.07072 0.98834 -0.11005 0.12442 0.98611 -0.15593 0.08775 0.98386 -0.13213 0.14731 0.98023 -0.17787 0.10414 0.97853 -0.15509 0.16946 0.97326 -0.20051 0.11937 0.97239 -0.17876 0.1902 0.96533 -0.22372 0.13275 0.96557 -0.20297 0.20889 0.95664 -0.37724 0.0061 0.9261 -0.35538 0.04956 0.93341 -0.34402 0.00776 0.93893 -0.31886 0.05626 0.94613 -0.30584 0.01013 0.95203 -0.27646 0.0649 0.95883 -0.16948 0.0495 0.98429 -0.17075 0.05376 0.98385 -0.10154 0.05665 0.99322 -0.27311 0.05312 0.96051 -0.22397 0.02944 0.97415 -0.20405 0.0267 0.9786 -0.20669 0.0358 0.97775 -0.1476 0.03107 0.98856 -0.14932 0.03701 0.9881 -0.08239 0.03649 0.99593 -0.2351 -0.00719 0.97195 -0.20519 0.00073 0.97872 -0.2027 -0.01331 0.97915 -0.16223 -0.00299 0.98675 -0.16116 -0.00863 0.98689 -0.16776 -0.00929 0.98578 -0.16931 -0.0026 0.98556 -0.02697 -0.02005 0.99944 -0.06148 -0.01879 0.99793 -0.08374 -0.01945 0.9963 0.01808 0.07872 0.99673 0.03563 0.01488 0.99925 0.08127 0.03487 0.99608 -0.2276 0.22484 0.94744 -0.24743 0.1436 0.95821 -0.26605 0.20892 0.94105 -0.30773 0.15398 0.93893 -0.3139 0.17595 0.93301 -0.35018 0.13908 0.9263 -0.35072 0.141 0.92581 -0.38135 0.11669 0.91704 -0.37414 0.09116 0.92288 -0.3545 0.09003 0.93071 -0.37041 0.08158 0.92528 -0.32535 0.05722 0.94386 -0.30465 0.05446 0.95091 -0.30793 0.06559 0.94914 -0.25239 0.0616 0.96566 -0.2547 0.0693 0.96453 -0.19214 0.06952 0.9789 -0.19267 0.07129 0.97867 -0.12216 0.07832 0.98942 -0.11473 0.05365 0.99195 -0.10263 0.06037 0.99289 -0.05584 0.05107 0.99713 -0.07808 0.02131 0.99672 -0.06149 0.02723 0.99774 -0.06532 0.04203 0.99698 -0.11203 -0.00921 0.99366 -0.12452 0.03778 0.9915 -0.16392 -0.00915 0.98643 -0.17557 0.03424 0.98387 -0.20934 -0.00879 0.9778 -0.22004 0.03124 0.97499 -0.24936 -0.00816 0.96838 -0.25858 0.02713 0.96561 -0.28358 -0.0079 0.95892 -0.29169 0.02419 0.95621 -0.31328 -0.00717 0.94963 -0.31508 0.00012 0.94906 -0.32059 -0.00364 0.94721 -0.32146 0.00019 0.94692 -0.29576 0.00306 0.95526 -0.01918 0.11954 0.99264 -9E-05 0.05521 0.99848 0.04712 0.09469 0.99439 0.06457 0.03335 0.99736 0.112 0.06867 0.99133 0.12887 0.00408 0.99165 0.16659 0.02334 0.98575 -0.04297 0.13024 0.99055 -0.02204 0.06116 0.99788 0.03113 0.11466 0.99292 0.04689 0.06084 0.99705 0.09586 0.0809 0.9921 0.10687 0.04179 0.99339 0.1544 0.04995 0.98675 0.1673 0.0017 0.9859 0.17403 0.00761 0.98471 0.21362 0.01797 0.97675 0.17494 -0.0144 0.98447 0.07073 -0.03668 0.99682 0.0654 -0.0003 0.99786 0.0559 -0.00256 0.99843 0.00764 0.02265 0.99971 -0.00665 0.01685 0.99984 -0.00851 -0.03109 0.99948 -0.07755 0.13655 0.98759 -0.05893 0.07565 0.99539 -0.00081 0.15787 0.98746 0.0214 0.08411 0.99623 0.07236 0.08878 0.99342 0.08345 0.05095 0.99521 0.13038 0.06992 0.989 0.14657 0.01235 0.98912 0.19499 0.053 0.97937 0.20722 0.00652 0.97827 0.25296 0.01511 0.96736 -0.02236 -0.01977 0.99955 -0.02256 -0.01268 0.99967 -0.0857 -0.00914 0.99628 -0.03199 -0.00509 0.99948 -0.03228 0.00744 0.99945 0.1387 0.0072 0.99031 0.52147 0.01777 0.85308 0.5194 0.00698 0.8545 0.62614 0.07186 0.77639 0.65188 0.02794 0.75781 0.58451 0.05531 0.8095 0.61073 0.01661 0.79167 0.20399 0.00067 0.97897 0.25363 -0.00333 0.96729 0.28564 0.00026 0.95834 0.29418 0.00295 0.95575 0.29379 0.00097 0.95587 0.32317 0.00492 0.94633 0.32333 0.00583 0.94627 0.34264 0.00877 0.93942 0.34406 0.01805 0.93877 0.4483 0.01843 0.89369 0.45095 0.02933 0.89207 0.46157 0.02632 0.88671 0.46984 0.0594 0.88075 0.48052 0.05489 0.87526 0.4898 0.09244 0.86692 0.49266 0.09071 0.86548 0.50227 0.13136 0.85467 0.50039 0.13295 0.85553 0.72049 0.05102 0.69159 0.69657 0.10152 0.71027 0.75042 0.05959 0.65827 0.72778 0.11146 0.6767 0.77861 0.06394 0.62424 0.71302 0.13051 0.68889 0.72482 0.08136 0.68412 0.68076 0.12038 0.72254 0.69275 0.0715 0.71763 0.66377 0.0929 0.74215 0.66304 0.08779 0.74342 0.68798 0.03993 0.72463 0.72752 0.11564 0.67627 0.75754 0.11459 0.64265 0.75762 0.11583 0.64234 0.7858 0.08538 0.61256 0.80602 0.08725 0.58543 0.87163 0.01764 0.48985 0.88418 0.01026 0.46703 0.88439 0.01897 0.46636 0.88186 -0.04379 0.46948 0.89488 -0.10236 0.43441 0.90722 -0.1962 0.37209 0.8923 -0.26188 0.36771 0.90069 -0.22643 0.3708 0.89911 -0.18179 0.39818 0.90363 -0.15471 0.39939 0.89621 -0.10199 0.43174 0.89879 -0.07678 0.43161 0.88337 -0.02043 0.46823 0.91316 -0.12986 0.38637 0.91162 -0.14144 0.38593 0.91206 -0.1688 0.37371 0.90982 -0.18207 0.37292 0.83903 0.02892 0.54332 0.84042 0.06995 0.5374 0.84704 0.03332 0.53048 0.84794 0.06648 0.52591 0.85396 0.03461 0.51919 0.85457 0.0627 0.51554 0.86004 0.03457 0.50905 0.68595 0.14232 0.7136 0.69305 0.14629 0.70589 0.6761 0.16658 0.71773 0.69097 0.10303 0.71551 0.64094 0.15494 0.75179 0.65591 0.0922 0.74919 0.62619 0.11796 0.7707 0.65318 0.18496 0.73427 0.66993 0.11323 0.73374 0.61626 0.17294 0.76832 0.63309 0.10242 0.76727 0.60288 0.13055 0.78708 0.59587 0.09205 0.79779 0.58739 0.09782 0.80337 0.51084 0.01868 0.85947 0.51733 0.04736 0.85447 0.5364 0.04031 0.843 0.5443 0.07558 0.83548 0.55475 0.07006 0.82907 0.56293 0.10871 0.81932 0.56847 0.10467 0.81602 0.57566 0.14186 0.80529 0.60643 0.11134 0.7873 0.58757 0.18963 0.78664 0.64526 0.1215 0.75424 0.6265 0.20142 0.75295 0.68358 0.1205 0.71986 0.66533 0.2006 0.71909 0.75203 0.12608 0.64695 0.76089 0.13179 0.63536 0.75984 0.11157 0.64047 0.78362 0.10689 0.61198 0.78694 0.11024 0.6071 0.77964 0.06937 0.62238 0.78236 0.12812 0.60951 0.79364 0.07102 0.60423 0.79549 0.11816 0.59434 0.80556 0.06904 0.58848 0.80689 0.10787 0.58077 0.8159 0.06542 0.57449 0.81687 0.09729 0.56856 0.82489 0.06011 0.56208 0.82566 0.08784 0.55729 0.83286 0.05482 0.55077 0.88992 -0.16628 0.42473 0.89228 -0.21 0.39967 0.87026 -0.06696 0.48803 0.87257 -0.09215 0.47971 0.85178 -0.00379 0.52389 0.86981 -0.32611 0.37025 0.85355 -0.37262 0.36416 0.85404 -0.37026 0.3654 0.85444 -0.11811 0.50595 0.85352 -0.1013 0.51113 0.86049 -0.16151 0.4832 0.88076 -0.29285 0.37215 0.79042 -0.00893 0.6125 0.80222 -0.03441 0.59604 0.73997 0.1089 0.66376 0.76375 0.03815 0.64438 0.80255 -0.03719 0.59543 0.81456 -0.10573 0.57036 0.82152 -0.0579 0.56724 0.83192 -0.12301 0.54109 0.83847 -0.07932 0.53915 0.84569 -0.12907 0.51784 0.84804 -0.13674 0.51199 0.85157 -0.17845 0.49294 0.84032 -0.40463 0.36075 0.83993 -0.40606 0.36005 0.84683 -0.37081 0.38128 0.85921 -0.33605 0.38578 0.85855 -0.33998 0.3838 0.87294 -0.29453 0.38888 0.87452 -0.28013 0.39591 0.84391 -0.35654 0.40088 0.87445 -0.26522 0.4062 0.862 -0.30859 0.40215 0.8627 -0.30313 0.40479 0.85146 -0.33797 0.40098 0.84732 -0.35872 0.39162 0.84345 -0.36921 0.39023 0.83825 -0.39111 0.37996 0.87526 -0.22687 0.42713 0.87467 -0.22356 0.43009 0.86515 -0.26213 0.42754 0.86471 -0.25837 0.43072 0.85641 -0.28829 0.42831 0.85588 -0.28752 0.42988 0.84981 -0.3076 0.42803 0.86034 -0.14695 0.48808 0.85312 -0.18524 0.48772 0.85434 -0.23386 0.46413 0.84644 -0.2642 0.46232 0.84175 -0.32763 0.4291 0.83026 -0.42767 0.35746 0.82001 -0.46519 0.33344 0.82046 -0.46283 0.3356 0.83236 -0.2408 0.49919 0.82136 -0.12752 0.55597 0.8262 -0.18794 0.53111 0.81371 -0.167 0.55677 0.81579 -0.22241 0.53388 0.81733 -0.22523 0.53033 0.81556 -0.28755 0.50217 0.83353 -0.24274 0.4963 0.83063 -0.30524 0.46571 0.83137 -0.30688 0.4633 0.82506 -0.36096 0.43472 0.82622 -0.35522 0.43724 0.81926 -0.39676 0.414 0.82041 -0.39208 0.41618 0.81147 -0.43364 0.39175 0.81254 -0.43 0.39355 0.80152 -0.47134 0.36797 0.82576 -0.26504 0.49788 0.82276 -0.31208 0.47505 0.82308 -0.32815 0.46352 0.81994 -0.34587 0.45615 0.81325 -0.38894 0.43283 0.81463 -0.38303 0.4355 0.80593 -0.42615 0.41093 0.80727 -0.42137 0.41324 0.79646 -0.46424 0.38747 0.83113 -0.18481 0.52447 0.82357 -0.17512 0.5395 0.82465 -0.26282 0.50089 0.81658 -0.29007 0.49905 0.81118 -0.34574 0.47164 0.81268 -0.33748 0.47504 0.80618 -0.38222 0.45164 0.80778 -0.37506 0.45478 0.79923 -0.41986 0.43006 0.80084 -0.41384 0.43288 0.79011 -0.45847 0.40684 0.72927 -0.61572 0.29843 0.72938 -0.61546 0.29868 0.71157 -0.63923 0.29162 0.75924 -0.53031 0.37727 0.74141 -0.57419 0.34731 0.76587 -0.53474 0.35706 0.74879 -0.57568 0.3285 0.7485 -0.57646 0.32777 0.77105 -0.54047 0.33671 0.75357 -0.58083 0.30786 0.77473 -0.54754 0.31622 0.86695 -0.12249 0.48312 0.86596 -0.10351 0.48928 0.85884 -0.08629 0.50493 0.84907 -0.03811 0.52691 0.83998 -0.03691 0.54136 0.84076 -0.03841 0.54005 0.83747 -0.06803 0.54224 0.82818 -0.04712 0.55848 0.82373 -0.08185 0.56104 0.80627 -0.00063 0.59154 0.80591 3E-05 0.59204 0.78373 0.07104 0.61703 0.7805 0.02818 0.62453 0.7654 0.03514 0.64259 0.78524 -0.04981 0.61719 0.78145 -0.01702 0.62373 0.79492 -0.09022 0.59996 0.80707 -0.4906 0.32856 0.80688 -0.49109 0.32829 0.81871 -0.45243 0.35358 0.81823 -0.4539 0.35282 0.82803 -0.41492 0.3771 0.82734 -0.41739 0.37589 0.83522 -0.37829 0.39913 0.8344 -0.38181 0.39749 0.84222 -0.32862 0.42741 0.8493 -0.30672 0.42966 0.85265 -0.22319 0.47241 0.85779 -0.22879 0.46027 0.86389 -0.20192 0.46143 0.8649 -0.20688 0.45733 0.87187 -0.17237 0.4584 0.873 -0.17667 0.45459 0.88119 -0.12746 0.45527 0.8859 -0.1751 0.42956 0.87891 -0.13438 0.45767 0.88405 -0.24343 0.399 0.88434 -0.24527 0.39722 0.88249 -0.28535 0.37389 0.8818 -0.30887 0.35642 0.86496 -0.35973 0.34991 0.86511 -0.35898 0.35031 0.8468 -0.40639 0.34319 0.847 -0.4056 0.34363 0.8313 -0.44164 0.33749 0.83144 -0.44119 0.33773 0.82526 -0.45444 0.33531 0.53609 0.03974 0.84322 0.53655 0.04194 0.84283 0.57885 0.02715 0.81498 0.56637 0.06716 0.82141 0.62057 0.04111 0.78307 0.58765 0.09918 0.80301 0.63965 0.06802 0.76565 0.62654 0.12015 0.77008 0.67557 0.08154 0.73277 0.66223 0.13689 0.73669 0.70905 0.09196 0.69914 0.69585 0.1478 0.70281 0.72573 0.11407 0.67846 0.72752 0.13614 0.67245 0.72539 0.13943 0.67407 0.7225 0.10336 0.6836 0.70572 0.18217 0.68467 0.69941 0.10357 0.70718 0.9008 -0.22692 0.37024 0.90712 -0.19585 0.37253 0.90408 -0.15587 0.39792 0.90745 -0.13247 0.39874 0.89679 -0.07389 0.43624 0.90165 -0.07099 0.4266 0.90326 -0.04922 0.42626 0.91551 -0.09861 0.39002 0.9214 -0.09104 0.37781 0.08287 -0.01945 0.99637 0.06881 -0.015 0.99752 0.11425 -0.01802 0.99329 0.22247 0.06015 0.97308 0.21179 0.02389 0.97702 0.21634 0.02268 0.97605 0.2095 -0.00278 0.9778 0.20126 -0.0016 0.97954 0.03966 -0.02139 0.99898 0.14979 -0.01302 0.98863 0.1525 -0.00037 0.9883 0.16458 -0.00223 0.98636 0.17231 0.02646 0.98469 0.18322 0.02335 0.9828 0.2715 0.05258 0.961 0.26207 0.0203 0.96483 0.25562 0.02188 0.96653 0.24898 -0.00336 0.9685 0.20227 0.00281 0.97933 0.22763 -0.01094 0.97369 0.1606 -0.00472 0.98701 0.18184 -0.01411 0.98323 0.10953 -0.00993 0.99393 0.11868 -0.01314 0.99285 0.07721 -0.01205 0.99694 0.35297 0.0893 0.93136 0.34786 0.07194 0.93478 0.30896 0.13063 0.94206 0.40185 0.12547 0.90707 0.39562 0.10299 0.91262 0.35845 0.17261 0.91745 0.20185 -0.01141 0.97935 0.18385 -0.00318 0.98295 0.25239 -0.00915 0.96758 0.2307 0.00293 0.97302 0.28321 -0.00357 0.95905 0.28923 0.02014 0.95705 0.30596 0.01635 0.9519 0.31534 0.04936 0.94769 0.30306 0.05395 0.95144 0.29921 0.04114 0.9533 0.25909 0.08806 0.96183 0.24739 0.04916 0.96767 0.23471 0.07648 0.96905 0.07771 -0.00305 0.99697 0.02766 -0.02043 0.99941 0.03063 -0.00604 0.99951 -0.12482 0.0024 0.99218 -0.16968 0.02534 0.98517 -0.17406 0.00777 0.9847 -0.16731 0.00183 0.9859 -0.15249 -0.03889 0.98754 -0.12226 -0.03052 0.99203 -0.12308 -0.03649 0.99173 0.17577 0.16752 0.97007 0.1793 0.16191 0.97038 0.12752 0.14169 0.98166 0.1353 0.13249 0.98191 0.08287 0.10671 0.99083 0.09429 0.09696 0.99081 0.04318 0.0683 0.99673 0.05766 0.05979 0.99654 0.00056 0.15531 0.98787 0.02155 0.05976 0.99798 -0.03507 0.11648 0.99257 -0.01041 0.03827 0.99921 -0.0263 0.04915 0.99845 -0.03117 0.03141 0.99902 -0.0566 0.14069 0.98843 -0.03222 0.04595 0.99842 -0.088 0.10727 0.99033 -0.05982 0.03061 0.99774 -0.0727 0.04022 0.99654 -0.07508 0.03134 0.99668 -0.02904 0.01124 0.99952 -0.00821 0.02212 0.99972 -0.01298 0.00307 0.99991 -0.20783 -0.08142 0.97477 -0.19131 -0.0172 0.98138 -0.18663 -0.0355 0.98179 -0.16442 0.04629 0.9853 -0.01149 0.06494 0.99782 -0.03938 0.06523 0.99709 -0.0488 0.03341 0.99825 0.09879 0.07462 0.99231 0.55951 0.24789 0.79089 0.58345 0.14089 0.79983 0.51606 0.23658 0.82323 0.54018 0.1333 0.83092 0.47961 0.20414 0.8534 0.50401 0.1489 0.85077 0.44951 0.15887 0.87903 0.59727 0.18593 0.78019 0.62607 0.18443 0.75764 0.63488 0.19576 0.7474 0.47494 0.18264 0.86086 0.4795 0.17685 0.85954 0.5116 0.21203 0.83265 0.52702 0.18809 0.82877 0.55523 0.21817 0.80257 0.57537 0.18015 0.7978 0.59966 0.20463 0.77365 0.407 0.21005 0.88895 0.423 0.19202 0.88555 0.45786 0.17828 0.87097 0.45366 0.18398 0.87198 0.48809 0.21815 0.84509 0.50259 0.1942 0.84243 0.53302 0.22283 0.81623 0.55263 0.18316 0.81305 0.57898 0.20573 0.78896 0.4538 0.19847 0.86872 0.46638 0.09443 0.87953 0.42574 0.22844 0.87554 0.44006 0.12815 0.88878 0.41297 0.20775 0.88673 0.37352 0.19681 0.9065 0.36382 0.21843 0.9055 0.3201 0.19899 0.92625 0.31564 0.20684 0.92606 0.26833 0.17999 0.94636 0.26793 0.18052 0.94637 0.21814 0.14788 0.96465 0.2209 0.14504 0.96445 0.17028 0.10884 0.97937 0.17528 0.10508 0.97889 0.12597 0.06809 0.98969 0.13209 0.06491 0.98911 0.08661 0.03022 0.99578 0.88548 -0.28654 0.3658 0.89222 -0.26131 0.36831 0.89265 -0.21159 0.398 0.89869 -0.18043 0.39975 0.89454 -0.13701 0.42548 0.89348 -0.11404 0.43438 0.88797 -0.10243 0.44835 0.8762 -0.04604 0.47974 0.8771 -0.04737 0.47796 0.85968 0.01087 0.51072 0.85661 -0.03492 0.51478 0.83171 0.04475 0.5534 0.82828 -0.00831 0.56025 0.79881 0.07935 0.59633 0.79465 0.01738 0.60681 0.76022 0.11221 0.6399 0.75481 0.04158 0.65462 0.71512 0.14647 0.68348 0.7101 0.08651 0.69877 0.70619 0.09297 0.7019 0.6532 0.11079 0.74903 0.73653 -0.20355 0.64505 0.73127 -0.09641 0.67524 0.70617 0.02109 0.70773 0.70354 0.04045 0.7095 0.72096 -0.05185 0.69103 0.71639 -0.00125 0.6977 0.73069 -0.09915 0.67547 0.72814 -0.04995 0.6836 0.73573 -0.11743 0.66702 0.72546 -0.24449 0.64337 0.72577 -0.2411 0.6443 0.72345 -0.21202 0.65701 0.72306 -0.17188 0.66907 0.71964 -0.16274 0.67501 0.71649 -0.11017 0.68885 0.73764 -0.0227 0.67481 0.73218 0.02182 0.68076 0.74831 -0.06348 0.66031 0.74448 -0.02003 0.66735 0.75377 -0.07896 0.65237 0.74522 -0.12282 0.65541 0.74828 -0.17684 0.63938 0.73922 -0.21145 0.63941 0.79814 -0.21025 0.56459 0.79778 -0.25385 0.54691 0.79928 -0.27348 0.53513 0.7978 -0.28609 0.53072 0.79348 -0.33424 0.5086 0.79533 -0.32315 0.51287 0.78897 -0.37173 0.48923 0.79104 -0.36175 0.49335 0.7825 -0.41047 0.4682 0.77368 -0.19147 0.60395 0.76531 -0.22349 0.60362 0.7725 -0.32457 0.5458 0.77474 -0.31024 0.55094 0.76837 -0.36307 0.52705 0.76224 -0.40302 0.50652 0.77093 -0.35003 0.53212 0.75099 -0.39943 0.52581 0.75976 -0.34415 0.55165 0.73902 -0.39574 0.5452 0.7962 -0.20628 0.56878 0.78841 -0.23598 0.56809 0.78592 -0.29281 0.5446 0.78762 -0.27909 0.54933 0.78336 -0.32933 0.52715 0.78541 -0.31662 0.53187 0.77906 -0.36729 0.5081 0.78136 -0.35585 0.51268 0.77277 -0.40661 0.48733 0.69699 -0.60878 0.37893 0.69592 -0.61144 0.3766 0.7262 -0.56676 0.38912 0.70657 -0.60991 0.35885 0.70576 -0.61188 0.35708 0.57521 -0.77528 0.26092 0.57509 -0.77547 0.2606 0.59517 -0.75729 0.26887 0.59505 -0.7575 0.26853 0.6146 -0.73877 0.27656 0.6145 -0.73897 0.27625 0.63341 -0.71982 0.28399 0.63331 -0.72003 0.28366 0.66049 -0.69057 0.29474 0.66006 -0.6913 0.29397 0.69348 -0.65155 0.30751 0.69311 -0.6523 0.30677 0.6337 -0.72815 0.2612 0.63356 -0.72836 0.26096 0.66909 -0.69038 0.27512 0.66894 -0.69063 0.27486 0.73569 -0.47321 0.48458 0.73222 -0.48361 0.47955 0.74616 -0.42921 0.50894 0.77385 -0.45027 0.44543 0.78469 -0.40179 0.47205 0.76428 -0.44709 0.46474 0.77527 -0.39646 0.49172 0.75392 -0.44407 0.48416 0.76506 -0.39127 0.51146 0.74282 -0.44109 0.50365 0.75413 -0.38602 0.5313 0.73102 -0.43798 0.52325 0.74247 -0.38062 0.55124 0.71848 -0.43478 0.54291 0.69105 -0.42811 0.58238 0.71682 -0.36947 0.59133 0.71274 -0.3883 0.58414 0.7352 -0.33206 0.59095 0.73186 -0.35057 0.58436 0.75119 -0.29733 0.58932 0.74857 -0.31522 0.58333 0.76508 -0.26526 0.58676 0.76309 -0.28249 0.58128 0.77603 -0.23977 0.58335 0.77607 -0.19681 0.59915 0.78665 -0.15109 0.59863 0.70516 -0.43151 0.56263 0.73006 -0.37507 0.57126 0.72629 -0.39202 0.56465 0.74787 -0.33815 0.57126 0.74479 -0.35476 0.56518 0.76333 -0.30386 0.57008 0.76091 -0.31988 0.56453 0.77672 -0.27216 0.56801 0.77779 -0.26218 0.57123 0.78658 -0.23151 0.57244 0.78306 -0.13431 0.60728 0.79362 -0.1511 0.58935 0.80203 -0.107 0.58763 0.80782 -0.16877 0.56475 0.80472 -0.15417 0.57329 0.80718 -0.24611 0.53655 0.80863 -0.24934 0.53286 0.80637 -0.29601 0.512 0.80694 -0.31441 0.49998 0.80445 -0.32999 0.49393 0.79807 -0.37654 0.47043 0.79989 -0.36804 0.47405 0.79138 -0.41473 0.44913 0.79328 -0.40739 0.45247 0.78254 -0.45389 0.42616 0.73436 -0.56986 0.36875 0.75132 -0.52688 0.39738 0.72397 -0.5715 0.38634 0.74251 -0.52376 0.41755 0.71474 -0.56929 0.40626 0.71585 -0.56591 0.40903 0.68543 -0.61087 0.39626 0.68674 -0.60752 0.39913 0.66198 -0.64099 0.38848 0.66228 -0.6399 0.38977 0.6451 -0.66161 0.38226 0.69568 -0.55972 0.45027 0.67595 -0.60587 0.41953 0.77451 -0.54802 0.31593 0.78984 -0.5081 0.34351 0.77038 -0.54197 0.33584 0.78564 -0.5004 0.36382 0.76477 -0.53728 0.35561 0.78006 -0.49402 0.384 0.75768 -0.534 0.3752 0.77313 -0.48889 0.40406 0.74931 -0.53175 0.39469 0.76502 -0.48467 0.42408 0.74002 -0.5299 0.41422 0.75602 -0.4808 0.44415 0.73081 -0.52668 0.43419 0.73191 -0.52247 0.43741 0.70416 -0.56804 0.426 0.70552 -0.56383 0.42935 0.68273 -0.59812 0.41968 0.6866 -0.57606 0.44355 0.64543 -0.66054 0.38354 0.6208 -0.70155 0.34989 0.62049 -0.70234 0.34887 0.63887 -0.68152 0.3569 0.63859 -0.68232 0.35587 0.6652 -0.65005 0.36734 0.67773 -0.62169 0.39266 0.67276 -0.64144 0.36871 0.59381 -0.74027 0.31525 0.59353 -0.74084 0.31445 0.61294 -0.72117 0.32284 0.61269 -0.72172 0.32207 0.63153 -0.70155 0.33015 0.6313 -0.70213 0.32937 0.64946 -0.68159 0.3371 0.64925 -0.68219 0.3363 0.67534 -0.65062 0.3473 0.68749 -0.62372 0.37193 0.68294 -0.64168 0.34906 0.53406 -0.80935 0.2444 0.51275 -0.82559 0.23555 0.48505 -0.84832 0.21231 0.49551 -0.84651 0.19467 0.65709 -0.61443 0.4367 0.63414 -0.65943 0.40375 0.63373 -0.66078 0.4022 0.60974 -0.70101 0.36986 0.60934 -0.70205 0.36856 0.58299 -0.74025 0.33489 0.58262 -0.741 0.33387 0.55418 -0.77677 0.2992 0.55388 -0.77727 0.29845 0.51339 -0.81037 0.28237 0.54304 -0.77729 0.3177 0.47464 -0.84956 0.23014 0.46428 -0.85021 0.24815 0.492 -0.82675 0.2728 0.5229 -0.79429 0.30933 0.54345 -0.77658 0.31873 0.57143 -0.74063 0.35347 0.37861 -0.90776 0.18064 0.41947 -0.88594 0.19789 0.41862 -0.88652 0.19709 0.46093 -0.86104 0.21485 0.46007 -0.86169 0.21405 0.49209 -0.84031 0.22743 0.55479 -0.79267 0.25275 0.53394 -0.80951 0.24412 0.50211 -0.83916 0.20902 0.4701 -0.86054 0.19616 0.47041 -0.86031 0.19644 0.42801 -0.8858 0.17937 0.42829 -0.88561 0.17963 0.55466 -0.79286 0.25243 0.52317 -0.82406 0.2173 0.54431 -0.80793 0.22578 0.54428 -0.80797 0.2257 0.56505 -0.79117 0.23402 0.565 -0.79124 0.23391 0.58532 -0.77383 0.24204 0.58528 -0.7739 0.24194 0.6051 -0.75593 0.24986 0.60602 -0.75429 0.25254 0.61267 -0.74882 0.2528 0.70979 -0.27776 0.64733 0.70662 -0.30175 0.64003 0.71052 -0.23774 0.6623 0.70803 -0.26298 0.65539 0.70971 -0.19982 0.67556 0.70967 -0.20057 0.67538 0.70613 -0.16992 0.68739 0.70028 -0.07676 0.70973 0.67175 -0.05855 0.73846 0.6242 0.1656 0.76351 0.61653 0.10599 0.78016 0.62607 0.06808 0.77679 0.68201 0.0494 0.72968 0.64828 0.08652 0.75647 0.64528 0.06547 0.76114 0.63206 0.05995 0.7726 0.62634 -0.10229 0.77281 0.62264 -0.06089 0.78013 0.60618 -0.08725 0.79053 0.61591 -0.04472 0.78654 0.60667 0.02029 0.7947 0.60679 0.01782 0.79466 0.5904 0.04654 0.80577 0.68738 -0.14946 0.71075 0.68421 -0.09909 0.72253 0.67915 -0.08739 0.72878 0.67097 -0.01982 0.74122 0.65882 -0.08028 0.74801 0.692 -0.31358 0.65023 0.68797 -0.33825 0.6421 0.69419 -0.2713 0.6667 0.69086 -0.29748 0.65895 0.69463 -0.23105 0.68125 0.69205 -0.25852 0.67397 0.69357 -0.19294 0.69407 0.69176 -0.22155 0.68731 0.69137 -0.16111 0.70431 0.70545 -0.10136 0.70147 0.69744 -0.0323 0.71591 0.70056 -0.08946 0.70797 0.6851 0.0163 0.72827 0.69044 -0.04199 0.72217 0.65072 -0.13864 0.74655 0.64877 -0.39326 0.6515 0.64292 -0.41854 0.64147 0.65442 -0.34716 0.67172 0.64925 -0.37445 0.66202 0.65791 -0.30258 0.68963 0.65348 -0.33176 0.68036 0.65946 -0.26004 0.70533 0.65585 -0.29084 0.69662 0.65934 -0.21959 0.71907 0.65659 -0.25166 0.71103 0.65779 -0.18136 0.73104 0.65591 -0.21462 0.72369 0.6553 -0.15327 0.73965 0.67173 -0.35218 0.65173 0.66679 -0.37729 0.64268 0.67558 -0.3078 0.66997 0.67133 -0.33472 0.66127 0.67745 -0.26531 0.68606 0.67397 -0.2938 0.67783 0.6776 -0.22498 0.70017 0.67493 -0.25469 0.69253 0.67629 -0.18673 0.71257 0.67603 -0.19195 0.71144 0.67208 -0.15733 0.72357 0.67061 -0.12462 0.73127 0.66575 -0.11149 0.7378 0.65867 -0.03954 0.75139 0.64764 -0.09124 0.75646 0.58062 -0.00322 0.81417 0.57819 0.04565 0.81462 0.59237 -0.04875 0.80419 0.59132 -9E-05 0.80643 0.59967 -0.06916 0.79725 0.58776 -0.11713 0.80051 0.56148 -0.12817 0.8175 0.5589 -0.08884 0.82446 0.55172 -0.06667 0.83136 0.54837 -0.03547 0.83548 0.5399 -0.01376 0.84161 0.61608 -0.24792 0.74765 0.61895 -0.21098 0.75657 0.6158 -0.28688 0.73382 0.61962 -0.25133 0.74358 0.60491 -0.37445 0.70276 0.60896 -0.35578 0.70893 0.59914 -0.41911 0.68219 0.60358 -0.40177 0.68867 0.59365 -0.45347 0.66479 0.62266 -0.30513 0.72055 0.61846 -0.27264 0.737 0.61228 -0.31132 0.72677 0.59841 -0.34662 0.72233 0.59161 -0.396 0.70227 0.59591 -0.3775 0.7088 0.58499 -0.44112 0.68059 0.58966 -0.42398 0.68741 0.57614 -0.48704 0.6564 0.61752 -0.35335 0.70271 0.62128 -0.33476 0.70848 0.61257 -0.39746 0.68321 0.61674 -0.38013 0.6893 0.60547 -0.44279 0.66132 0.59205 -0.48612 0.64278 0.58719 -0.5049 0.63268 0.57781 -0.30366 0.75757 0.57134 -0.39041 0.7219 0.5506 -0.55188 0.62632 0.5355 -0.3411 0.77259 0.54201 -0.22751 0.80899 0.54369 -0.23831 0.80474 0.54399 -0.18805 0.81775 0.53884 -0.16371 0.82635 0.53709 -0.12252 0.83458 0.53035 -0.09807 0.84209 0.52755 -0.06527 0.84701 0.51938 -0.04111 0.85356 0.66603 -0.52914 0.52575 0.6745 -0.50248 0.54089 0.65045 -0.5438 0.53029 0.65272 -0.52393 0.54723 0.6377 -0.55918 0.52977 0.57448 -0.69589 0.43094 0.57378 -0.6978 0.42878 0.59261 -0.67598 0.43802 0.59196 -0.67793 0.43588 0.61023 -0.65566 0.44468 0.60963 -0.65767 0.44253 0.62733 -0.63495 0.45088 0.6268 -0.63694 0.44881 0.64521 -0.61202 0.45731 0.63854 -0.51829 0.5689 0.63603 -0.54055 0.5507 0.65893 -0.50106 0.56102 0.65657 -0.51169 0.55416 0.68656 -0.45544 0.56675 0.66906 -0.51766 0.53328 0.69996 -0.46027 0.54608 0.68259 -0.52027 0.51322 0.71261 -0.46482 0.52549 0.69848 -0.51323 0.49871 0.69677 -0.52026 0.4938 0.68298 -0.55881 0.47039 0.68113 -0.56486 0.46583 0.67389 -0.58263 0.45434 0.67132 -0.59662 0.43975 0.65113 -0.6387 0.40999 0.65077 -0.64004 0.40847 0.62789 -0.68097 0.37688 0.62752 -0.68201 0.37561 0.60215 -0.72116 0.34256 0.6018 -0.72194 0.34152 0.5742 -0.75883 0.30736 0.57391 -0.75937 0.30658 0.71306 0.07708 0.69685 0.71509 0.07323 0.69519 0.73585 0.05971 0.6745 0.74447 0.02829 0.66706 0.75901 -0.00429 0.65106 0.75808 0.00277 0.65216 0.76836 -0.04878 0.63815 0.75948 -0.10076 0.64268 0.76265 -0.13419 0.63274 0.75116 -0.18388 0.63399 0.75135 -0.22578 0.62007 0.73727 -0.27241 0.61825 0.73951 -0.25136 0.62445 0.72147 -0.30615 0.62109 0.72447 -0.28426 0.62796 0.70348 -0.34235 0.62283 0.70729 -0.31982 0.63044 0.68313 -0.38071 0.62321 0.6878 -0.35775 0.63162 0.66011 -0.42131 0.62189 0.66566 -0.39813 0.63118 0.63432 -0.46366 0.61859 0.64071 -0.4406 0.62879 0.8163 -0.4405 0.37364 0.81552 -0.44302 0.37236 0.82484 -0.40281 0.39671 0.82392 -0.40635 0.39502 0.83128 -0.36613 0.41823 0.83529 -0.34636 0.42699 0.83532 -0.33216 0.43807 0.84083 -0.25572 0.47709 0.84234 -0.27034 0.46624 0.84301 -0.2175 0.49196 0.84167 -0.20974 0.4976 0.83933 -0.16427 0.51821 0.8371 -0.15544 0.5245 0.83077 -0.10093 0.54739 0.82194 -0.15175 0.54899 0.81277 -0.07936 0.57715 0.80308 -0.13632 0.58007 0.79247 -0.05893 0.60706 0.7833 -0.11419 0.61106 0.77858 -0.09647 0.62008 0.7708 -0.13666 0.62224 0.75869 -0.11565 0.64111 0.76307 -0.2175 0.60862 0.75339 -0.25135 0.60764 0.7527 -0.25829 0.60558 0.73545 -0.31061 0.6022 0.73826 -0.29076 0.60863 0.7181 -0.34643 0.60359 0.72168 -0.32599 0.61067 0.69836 -0.38456 0.60366 0.70275 -0.36368 0.61146 0.67612 -0.42455 0.60218 0.68134 -0.40343 0.61075 0.65111 -0.46632 0.59883 0.65714 -0.44527 0.6082 0.62327 -0.50936 0.59336 0.63008 -0.48858 0.60356 0.60402 -0.53441 0.59124 0.58968 -0.5765 0.56562 0.57223 -0.60235 0.55654 0.55465 -0.6435 0.52751 0.63759 -0.1867 0.74741 0.63804 -0.17669 0.74946 0.63701 -0.24937 0.72941 0.63982 -0.21485 0.73788 0.6365 -0.28845 0.71531 0.64022 -0.25536 0.72451 0.6344 -0.32943 0.6993 0.63899 -0.29792 0.70918 0.63049 -0.37205 0.68122 0.63589 -0.34246 0.69164 0.62453 -0.4162 0.66086 0.63067 -0.38867 0.67171 0.61638 -0.46128 0.6382 0.62312 -0.43606 0.64929 0.60585 -0.50697 0.61313 0.61302 -0.48429 0.62423 0.60698 -0.50664 0.61229 0.59107 -0.54791 0.59197 0.57312 -0.59797 0.56033 0.58909 -0.60144 0.53967 0.58829 -0.60523 0.53629 0.60553 -0.57994 0.54498 0.60483 -0.5838 0.54163 0.62321 -0.5554 0.55059 0.61975 -0.58669 0.52125 0.62036 -0.58338 0.52423 0.6034 -0.60805 0.51593 0.60411 -0.60476 0.51896 0.58643 -0.62924 0.51006 0.58724 -0.62596 0.51315 0.56894 -0.65009 0.50369 0.56984 -0.64683 0.50685 0.55102 -0.67045 0.49687 0.55199 -0.66729 0.50003 0.53271 -0.69034 0.48955 0.51069 -0.72851 0.45657 0.50964 -0.73105 0.45368 0.52952 -0.70979 0.46455 0.52853 -0.71239 0.46169 0.54811 -0.69037 0.47219 0.54717 -0.69307 0.46932 0.56634 -0.67042 0.47937 0.56548 -0.67313 0.47657 0.58418 -0.64991 0.48616 0.58338 -0.65271 0.48336 0.60144 -0.62913 0.4924 0.60073 -0.63194 0.48967 0.61816 -0.60803 0.49818 0.61753 -0.61086 0.49548 0.63419 -0.58684 0.50341 0.63365 -0.58968 0.50077 0.65117 -0.56306 0.50887 0.51684 -0.7541 0.40523 0.51768 -0.75235 0.40741 0.49738 -0.77149 0.39677 0.79203 -0.51826 0.32264 0.80549 -0.47892 0.34904 0.78925 -0.50956 0.34269 0.80241 -0.46877 0.36932 0.78465 -0.50296 0.36242 0.79767 -0.46058 0.38935 0.77868 -0.49771 0.38202 0.79166 -0.45361 0.40928 0.77135 -0.49377 0.4015 0.78442 -0.4478 0.42913 0.76283 -0.49084 0.42091 0.77609 -0.44284 0.44898 0.75342 -0.48827 0.44039 0.76689 -0.43822 0.46888 0.74418 -0.48406 0.4603 0.74518 -0.47906 0.4639 0.72011 -0.52477 0.45393 0.72141 -0.51968 0.45771 0.69183 -0.56833 0.44539 0.70877 -0.52263 0.47382 0.71027 -0.51663 0.47813 0.72185 -0.47871 0.49977 0.72319 -0.4717 0.50448 0.73474 -0.42444 0.52915 0.70824 -0.47848 0.51909 0.72259 -0.4195 0.54944 0.69515 -0.47568 0.53897 0.70966 -0.41435 0.56983 0.68134 -0.47262 0.55893 0.69591 -0.40903 0.59026 0.66853 -0.46591 0.57965 0.67054 -0.45399 0.58675 0.64147 -0.50864 0.57428 0.64404 -0.49663 0.58187 0.62056 -0.53743 0.57103 0.62329 -0.51255 0.59059 0.60764 -0.55171 0.5713 0.58889 -0.58094 0.56189 0.57213 -0.62262 0.53387 0.55366 -0.64722 0.52399 0.53377 -0.68719 0.49281 0.62191 -0.65946 0.4223 0.62241 -0.65782 0.42412 0.60419 -0.67987 0.41561 0.60475 -0.67823 0.41747 0.586 -0.69978 0.40856 0.58659 -0.69821 0.41039 0.56736 -0.71918 0.4011 0.56801 -0.71763 0.40295 0.54838 -0.73795 0.39333 0.54907 -0.73644 0.39519 0.52905 -0.75611 0.38523 0.52977 -0.75466 0.38708 0.50948 -0.77358 0.37684 0.49265 -0.80869 0.32143 0.47129 -0.82529 0.3111 0.44355 -0.84984 0.28466 0.5524 -0.75803 0.34675 0.5321 -0.77663 0.33722 0.50303 -0.80987 0.30177 0.48169 -0.82632 0.29185 0.45407 -0.85019 0.26646 0.3703 -0.90746 0.19849 0.41088 -0.88563 0.21642 0.40958 -0.88654 0.21515 0.45161 -0.8611 0.23358 0.45022 -0.86219 0.23223 0.48214 -0.84082 0.24612 0.51306 -0.81084 0.28161 0.38239 -0.88347 0.27067 0.42396 -0.85748 0.29151 0.42091 -0.8601 0.28822 0.45248 -0.83843 0.3038 0.51269 -0.7926 0.33006 0.49211 -0.80951 0.3202 0.46248 -0.83979 0.28436 0.43086 -0.86127 0.2694 0.43333 -0.85922 0.27197 0.39153 -0.885 0.25194 0.39386 -0.88326 0.2544 0.34097 -0.92541 0.1654 0.30428 -0.94074 0.14977 0.30478 -0.94049 0.15027 0.27075 -0.95303 0.13571 0.2712 -0.95284 0.13617 0.53723 -0.64453 0.54403 0.55592 -0.59472 0.58075 0.5354 -0.62391 0.56928 0.5405 -0.6134 0.57585 0.51931 -0.64235 0.56365 0.5172 -0.68759 0.50962 0.51837 -0.68401 0.51325 0.49669 -0.70895 0.50069 0.49825 -0.76979 0.39895 0.47672 -0.78905 0.38748 0.44947 -0.81816 0.3586 0.45922 -0.80232 0.38132 0.42721 -0.82777 0.36372 0.43657 -0.817 0.37672 0.44695 -0.79944 0.40141 0.49513 -0.72832 0.4737 0.4963 -0.72537 0.47699 0.47443 -0.7479 0.46427 0.50135 -0.70157 0.50641 0.47932 -0.72584 0.49336 0.55348 -0.5292 0.64313 0.54134 -0.54943 0.63646 0.51011 -0.63758 0.57731 0.49218 -0.66101 0.56642 0.45217 -0.74026 0.49754 0.4329 -0.75966 0.4853 0.56049 -0.45282 0.6934 0.5467 -0.47954 0.68641 0.52279 -0.5687 0.63503 0.50593 -0.59449 0.62499 0.47267 -0.67879 0.56199 0.54001 -0.54628 0.64028 0.52394 -0.57201 0.6311 0.49158 -0.65842 0.56994 0.47314 -0.68144 0.55838 0.43278 -0.75782 0.48827 0.57318 -0.54448 0.61238 0.55138 -0.57897 0.60065 0.55654 -0.56675 0.6075 0.53405 -0.60072 0.59491 0.52415 -0.62199 0.58171 0.51085 -0.64009 0.57386 0.47145 -0.722 0.50641 0.45239 -0.74211 0.49458 0.47124 -0.76635 0.43663 0.47237 -0.76399 0.43954 0.45182 -0.78294 0.42764 0.45896 -0.76851 0.44581 0.44538 -0.78103 0.43776 0.44523 -0.77983 0.44004 0.41496 -0.8062 0.42173 0.45369 -0.7014 0.54973 0.41324 -0.7747 0.47862 0.41328 -0.77653 0.47561 0.36842 -0.83846 0.40156 0.36723 -0.84925 0.37937 0.37662 -0.83442 0.40237 0.40658 -0.81076 0.42114 0.40646 -0.82109 0.40076 0.47177 -0.72382 0.50351 0.4857 -0.70851 0.51197 0.49852 -0.68736 0.52821 0.52203 -0.65856 0.54203 0.51713 -0.6674 0.53587 0.53833 -0.64023 0.548 0.55494 -0.59972 0.57653 0.57911 -0.72074 0.38101 0.57966 -0.71946 0.38259 0.56002 -0.73963 0.37327 0.5606 -0.73839 0.37485 0.54065 -0.75782 0.36526 0.54125 -0.75663 0.36683 0.52103 -0.7753 0.35699 0.52166 -0.77416 0.35854 0.50122 -0.79205 0.34847 0.50187 -0.79095 0.35004 0.4813 -0.80802 0.33979 0.48195 -0.807 0.34128 0.45067 -0.83123 0.32549 0.45282 -0.82874 0.32886 0.41151 -0.85793 0.30759 0.41358 -0.85577 0.31083 0.37293 -0.88155 0.28947 0.34799 -0.90178 0.25632 0.31823 -0.92246 0.21863 0.35597 -0.90389 0.23721 0.35391 -0.90528 0.235 0.38523 -0.88127 0.27378 0.34554 -0.9035 0.25355 0.37618 -0.87893 0.29321 0.33705 -0.90126 0.27227 0.23529 -0.9618 0.13995 0.26602 -0.9516 0.15392 0.2653 -0.95192 0.15316 0.29875 -0.93938 0.16827 0.29783 -0.93984 0.16732 0.33396 -0.92455 0.18353 0.33293 -0.92513 0.18249 0.28294 -0.92361 0.25862 0.28178 -0.92466 0.25612 0.31648 -0.90765 0.27571 0.31522 -0.9089 0.27302 0.34235 -0.89432 0.28807 0.34195 -0.897 0.2801 0.37283 -0.87322 0.31382 0.40438 -0.85253 0.33117 0.23659 -0.95256 0.19143 0.23597 -0.95298 0.19013 0.26653 -0.94154 0.20607 0.2658 -0.94207 0.20459 0.29602 -0.92946 0.22016 0.28496 -0.93676 0.20317 0.32006 -0.92134 0.22066 0.20053 -0.97487 0.09706 0.20046 -0.9749 0.09692 0.22787 -0.96764 0.10841 0.23297 -0.96531 0.11787 0.23182 -0.96542 0.11925 0.33104 -0.88344 0.33157 0.32927 -0.88562 0.3275 0.36756 -0.86143 0.35047 0.36566 -0.86399 0.34615 0.39489 -0.84386 0.36327 0.39488 -0.84457 0.36163 0.40797 -0.83502 0.36918 0.40028 -0.8462 0.35174 0.43209 -0.8226 0.36962 0.40032 -0.85628 0.32638 0.44222 -0.82625 0.34893 0.43969 -0.8293 0.34486 0.4708 -0.8049 0.36123 0.46158 -0.81931 0.3401 0.48875 -0.79115 0.36771 0.51023 -0.77217 0.37871 0.53614 -0.73595 0.41344 0.55591 -0.71529 0.42347 0.34805 -0.9258 0.14747 0.31084 -0.94119 0.13242 0.31104 -0.9411 0.13261 0.27633 -0.95372 0.11855 0.27646 -0.95367 0.11868 0.24455 -0.96386 0.10573 0.24471 -0.9638 0.10589 0.22509 -0.9694 0.09792 0.37151 -0.9067 0.19968 0.34035 -0.92574 0.1648 0.37933 -0.90732 0.18133 0.34783 -0.92592 0.14727 0.38719 -0.90745 0.16316 0.40058 -0.89823 0.18089 0.40202 -0.89989 0.16904 0.29642 0.11395 0.94824 0.27291 0.17999 0.94505 0.2126 0.12705 0.96885 0.22675 0.17699 0.95774 0.22531 0.17998 0.95752 0.19784 0.09302 0.97581 0.22527 0.19263 0.95506 0.32174 0.09072 0.94247 0.28024 0.22168 0.93398 0.24127 0.07675 0.96742 0.19956 0.20607 0.95797 0.15658 0.05614 0.98607 0.38351 0.20697 0.90005 0.39715 0.09758 0.91255 0.35592 0.23011 0.90574 0.36593 0.16481 0.91593 0.32026 0.20576 0.92471 0.32124 0.2034 0.9249 0.27592 0.19115 0.94198 0.273 0.19672 0.94169 0.2242 0.17613 0.95849 0.2258 0.17378 0.95855 0.17466 0.14649 0.97367 0.17995 0.14066 0.97357 0.1281 0.10892 0.98576 0.13633 0.10235 0.98536 0.08584 0.06887 0.99393 0.09614 0.06319 0.99336 0.04946 0.03107 0.99829 0.3726 0.08255 0.92431 0.39006 0.07285 0.9179 0.40419 0.13359 0.90487 0.40874 0.12611 0.90389 0.43799 0.11947 0.891 0.49699 0.06635 0.86522 0.47792 -0.01725 0.87824 0.47543 0.04119 0.87879 0.45347 -0.04858 0.88995 0.45175 0.01215 0.89206 0.51304 0.06957 0.85554 0.50535 0.10533 0.85646 0.48159 0.10789 0.86973 0.476 0.11708 0.87162 0.46467 0.06343 0.88321 0.44903 0.07004 0.89077 0.44125 0.0365 0.89664 0.42553 0.04595 0.90378 0.41404 -0.00034 0.91026 0.39528 0.04516 0.91745 0.37523 -0.03162 0.92639 0.36307 0.04457 0.9307 0.3457 0.05769 0.93657 0.32926 0.13244 0.9349 0.32604 0.13787 0.93525 0.30711 0.20399 0.92956 0.34288 -0.00041 0.93938 0.35733 -0.09426 0.92921 0.31217 -0.07828 0.94679 0.28325 -0.23101 0.93081 0.2753 -0.11175 0.95484 0.32039 -0.18217 0.92961 0.30778 -0.22013 0.92564 0.3094 -0.27058 0.91163 0.29448 -0.31112 0.9036 0.29408 -0.36784 0.88216 0.23996 -0.16675 0.95635 0.22733 0.02898 0.97339 0.21012 -0.03097 0.97718 0.22045 -0.10487 0.96974 0.21879 -0.06866 0.97335 0.23462 -0.13517 0.96264 0.2402 -0.19573 0.95078 0.39983 -0.11351 0.90954 0.08512 0.20242 0.97559 0.06002 0.11887 0.99109 0.09702 0.01098 0.99522 0.12937 0.03471 0.99099 0.10959 0.0599 0.99217 0.09109 -0.00305 0.99584 -0.17576 -0.20166 0.96356 -0.15264 -0.11028 0.98211 -0.16223 -0.07432 0.98395 -0.14498 -0.01041 0.98938 -0.16705 0.04966 0.9847 -0.14656 0.0126 0.98912 -0.19517 0.05348 0.97931 -0.20752 0.00663 0.97821 -0.25347 0.0153 0.96722 0.02702 -0.15414 0.98768 0.05362 -0.0645 0.99648 0.05036 -0.04692 0.99763 0.07225 0.02726 0.99701 0.04854 0.12668 0.99076 0.10778 0.06712 0.99191 0.13862 0.17328 0.97507 0.15401 0.12009 0.98074 0.15028 0.1273 0.98041 0.08724 -0.13664 0.98677 0.07584 -0.17396 0.98183 0.0852 -0.25294 0.96372 0.06164 -0.32485 0.94375 -0.11314 -0.49573 0.86107 -0.08523 -0.39692 0.91389 -0.10683 -0.27444 0.95565 -0.08101 -0.17921 0.98047 -0.09608 -0.10622 0.98969 -0.07645 -0.03604 0.99642 -0.08654 -0.00033 0.99625 -0.07436 0.04173 0.99636 -0.08626 0.07095 0.99374 -0.04549 0.07948 0.9958 -0.0365 0.10943 0.99332 -0.01101 0.10127 0.9948 -0.07542 -0.68029 0.72906 -0.04738 -0.60683 0.79342 -0.07374 -0.44231 0.89383 -0.04471 -0.34462 0.93768 -0.06488 -0.21972 0.9734 -0.03886 -0.12768 0.99105 -0.0363 -0.15281 0.98759 -0.00746 -0.05303 0.99857 -0.01487 -0.01817 0.99972 0.00278 0.04189 0.99912 0.00658 0.00662 0.99996 0.02919 0.0826 0.99616 0.02529 0.09452 0.9952 0.0284 0.10484 0.99408 0.0211 0.12019 0.99253 0.04112 0.18599 0.98169 0.05834 0.07391 0.99556 -0.06952 -0.01495 0.99747 -0.06895 -0.01906 0.99744 -0.0266 -0.02647 0.9993 -0.02684 -0.02638 0.99929 0.00865 -0.02639 0.99961 0.00818 -0.03109 0.99948 -0.02116 -0.02004 0.99958 -0.01984 -0.01149 0.99974 -0.08797 0.00471 0.99611 -0.08592 0.01335 0.99621 -0.12177 0.03034 0.99209 -0.12307 0.02534 0.99207 -0.11328 0.01744 0.99341 -0.14408 0.08755 0.98568 -0.09096 0.02386 0.99557 -0.11822 0.11215 0.98663 -0.09994 0.08073 0.99171 -0.11473 0.0297 0.99295 -0.10962 0.01655 0.99384 -0.12447 -0.03628 0.99156 -0.11466 -0.07218 0.99078 -0.13639 -0.15326 0.97873 -0.121 -0.22665 0.96643 -0.14715 -0.32898 0.9328 0.1561 -0.04042 0.98691 0.13176 -0.1215 0.98381 0.13754 -0.16897 0.97598 0.11601 -0.23669 0.96463 0.12417 -0.33417 0.9343 0.10918 -0.37608 0.92013 0.11475 -0.48767 0.86545 0.0872 -0.55164 0.82951 0.25604 -0.29091 0.92185 0.25532 -0.30926 0.91606 0.25241 -0.23854 0.93776 0.2826 -0.14643 0.948 0.27632 -0.07987 0.95774 0.27759 -0.14935 0.94902 0.26471 -0.03447 0.96371 0.26731 -0.10401 0.95798 0.25254 0.00464 0.96758 0.25631 -0.06445 0.96444 0.24531 0.00666 0.96942 0.51852 -0.1407 0.84341 0.5201 -0.20351 0.82951 0.52469 -0.20931 0.82516 0.52297 -0.2803 0.80494 0.52676 -0.28618 0.80039 0.52038 -0.36451 0.77222 0.52332 -0.37022 0.76752 0.51091 -0.45408 0.72991 0.47513 -0.56886 0.6713 0.49571 -0.48359 0.7214 0.49381 -0.47809 0.72635 0.50733 -0.39441 0.7662 0.50459 -0.38834 0.77109 0.51201 -0.30943 0.80131 0.50839 -0.30307 0.80603 0.51101 -0.23106 0.82794 0.50654 -0.2247 0.83242 0.50429 -0.12608 0.85428 0.50629 -0.13436 0.85183 0.50413 -0.10001 0.85782 0.49638 -0.07348 0.86499 0.49208 -0.18159 0.8514 0.49224 -0.2468 0.83474 0.49656 -0.25375 0.83008 0.49306 -0.32659 0.80637 0.49649 -0.33342 0.80146 0.48805 -0.41261 0.76913 0.49059 -0.41904 0.76402 0.47604 -0.50225 0.72189 0.47773 -0.50796 0.71676 0.45626 -0.59188 0.66446 0.45722 -0.59663 0.65953 0.42879 -0.67717 0.59798 0.36196 -0.11352 0.92526 0.34413 -0.17112 0.9232 0.34641 -0.22063 0.91177 0.33329 -0.25834 0.90674 0.33353 -0.315 0.88856 0.31795 -0.35467 0.87927 0.31546 -0.41701 0.8524 0.2976 -0.45648 0.83849 0.29192 -0.5216 0.80169 0.36388 -0.19693 0.91039 0.35171 -0.23293 0.90666 0.35235 -0.28925 0.89005 0.33767 -0.32779 0.88235 0.33551 -0.39044 0.85732 0.31838 -0.42951 0.84508 0.31284 -0.49584 0.81011 0.29371 -0.53298 0.79351 0.28463 -0.59933 0.74819 0.39288 -0.07391 0.91661 0.37764 -0.12611 0.91733 0.38064 -0.17421 0.90817 0.36942 -0.20843 0.90559 0.37047 -0.26426 0.89046 0.35675 -0.30142 0.88424 0.355 -0.36417 0.86102 0.3387 -0.40257 0.85042 0.33341 -0.46988 0.81734 0.31486 -0.50711 0.80231 0.30573 -0.57526 0.75868 0.28565 -0.60893 0.74001 0.26439 -0.71063 0.65201 0.26279 -0.43753 0.85995 0.26228 -0.44253 0.85754 0.26385 -0.36455 0.89302 0.28997 -0.29657 0.90992 0.28863 -0.24579 0.92535 0.30212 -0.2062 0.9307 0.29938 -0.1623 0.94023 0.31797 -0.10197 0.9426 0.31091 -0.03787 0.94968 0.31268 -0.10618 0.9439 0.29858 0.00403 0.95438 0.30028 -0.03003 0.95338 0.28139 0.02335 0.95931 0.27828 0.04071 0.95964 0.25977 0.0585 0.9639 0.40457 -0.21685 0.88843 0.39276 -0.25095 0.88474 0.39199 -0.31324 0.865 0.37757 -0.34955 0.85747 0.3731 -0.41787 0.82836 0.35605 -0.45452 0.81648 0.34722 -0.52581 0.77651 0.32803 -0.56031 0.76056 0.31485 -0.6299 0.70999 0.39965 -0.59741 0.69526 0.38042 -0.62635 0.68042 0.35728 -0.6991 0.61936 0.33737 -0.72297 0.6029 0.31031 -0.78572 0.53511 0.29083 -0.80403 0.5186 0.26212 -0.85448 0.4485 0.42626 -0.2646 0.86503 0.41363 -0.29871 0.86005 0.41027 -0.36721 0.83477 0.39503 -0.40238 0.82586 0.38702 -0.47554 0.78999 0.36924 -0.50993 0.77694 0.35615 -0.58363 0.72975 0.33649 -0.61491 0.71321 0.31879 -0.68419 0.65594 0.29839 -0.7104 0.63742 0.27739 -0.77113 0.57308 0.27085 -0.71664 0.6427 0.29116 -0.66471 0.68803 0.30694 -0.58488 0.7508 0.32662 -0.55071 0.76814 0.33567 -0.4809 0.80998 0.35355 -0.44378 0.82345 0.35847 -0.37586 0.85453 0.37385 -0.33841 0.86355 0.37514 -0.27578 0.885 0.38787 -0.24016 0.88987 0.38637 -0.18487 0.90363 0.40358 -0.12976 0.90569 0.40189 -0.1074 0.90937 0.23426 -0.82337 0.5169 0.24429 -0.8042 0.54183 0.26606 -0.74339 0.61366 0.29822 -0.70432 0.64421 0.31555 -0.63777 0.70262 0.33563 -0.60701 0.72035 0.34884 -0.53527 0.76928 0.3674 -0.50066 0.78381 0.37587 -0.42833 0.82174 0.39202 -0.39238 0.83208 0.39596 -0.32385 0.85926 0.40943 -0.28875 0.86544 0.40967 -0.22691 0.88356 0.42063 -0.19417 0.88621 0.41821 -0.14053 0.89741 0.4247 -0.42535 0.79919 0.40841 -0.45931 0.78882 0.39603 -0.53596 0.74559 0.37755 -0.56771 0.73155 0.35961 -0.64198 0.67716 0.3397 -0.66964 0.66044 0.31727 -0.7366 0.59729 0.29717 -0.75881 0.57956 0.27207 -0.81509 0.51148 0.25303 -0.83154 0.49449 0.22735 -0.87578 0.42582 0.34932 -0.75309 0.55752 0.32955 -0.77332 0.54164 0.29829 -0.83026 0.47084 0.63062 -0.02311 0.77575 0.62089 0.03667 0.78304 0.60996 0.03496 0.79166 0.58581 0.1379 0.79863 0.55614 0.18728 0.80971 0.57688 0.14445 0.80395 0.56597 0.07665 0.82085 0.54643 0.07611 0.83404 0.5635 -0.0256 0.82572 0.56168 0.02571 0.82696 0.57464 -0.07468 0.81499 0.57435 -0.02371 0.81827 0.58159 -0.09701 0.80768 0.56721 -0.15045 0.80972 0.56809 -0.19862 0.79864 0.55404 -0.24186 0.79658 0.54981 -0.31841 0.77222 0.5386 -0.3464 0.76806 0.52738 -0.43015 0.73269 0.513 -0.45932 0.72516 0.49346 -0.54564 0.67733 0.47626 -0.5735 0.66653 0.44834 -0.65641 0.60673 0.42918 -0.68085 0.5935 0.39457 -0.75424 0.52482 0.61425 -0.14913 0.77489 0.60907 -0.13098 0.78223 0.59442 -0.18315 0.78302 0.58971 -0.16312 0.79097 0.57813 -0.20191 0.79057 0.56676 -0.19187 0.80123 0.56328 -0.29674 0.77114 0.55309 -0.3233 0.76783 0.54312 -0.40659 0.73465 0.52965 -0.43511 0.72811 0.51128 -0.52219 0.68257 0.49477 -0.55016 0.6727 0.46757 -0.63512 0.61482 0.44887 -0.66008 0.60234 0.41425 -0.73648 0.53478 0.3946 -0.75686 0.52102 0.35538 -0.82023 0.44825 0.47814 -0.13873 0.86726 0.47961 -0.17461 0.85993 0.47702 -0.16177 0.86388 0.47723 -0.26971 0.83637 0.48136 -0.27721 0.83153 0.47698 -0.35071 0.80591 0.48021 -0.35799 0.80077 0.47081 -0.43722 0.76627 0.47314 -0.44397 0.76094 0.45765 -0.52643 0.71654 0.45914 -0.53232 0.71121 0.43696 -0.61453 0.65683 0.43774 -0.61936 0.65175 0.409 -0.69733 0.5886 0.40926 -0.70099 0.58405 0.3749 -0.7712 0.51449 0.37484 -0.77377 0.51066 0.33649 -0.83373 0.4378 0.33628 -0.83538 0.4348 0.45648 -0.15883 0.87544 0.45798 -0.21823 0.86176 0.4628 -0.22631 0.85709 0.46149 -0.2933 0.83726 0.46544 -0.30136 0.8322 0.4602 -0.3753 0.80459 0.46322 -0.38301 0.79921 0.45292 -0.46202 0.7625 0.45503 -0.46905 0.75693 0.43873 -0.55046 0.71029 0.44002 -0.5565 0.70476 0.41729 -0.63671 0.64844 0.41791 -0.64158 0.64322 0.38908 -0.71676 0.57868 0.38922 -0.7204 0.57404 0.35535 -0.78732 0.50384 0.35521 -0.78982 0.5 0.31791 -0.84639 0.42727 0.31766 -0.84798 0.42428 0.28167 -0.87067 0.40324 0.22666 -0.92821 0.29505 0.23726 -0.91553 0.32484 0.20433 -0.94339 0.26127 0.39375 -0.79253 0.46569 0.32934 -0.87369 0.35804 0.33927 -0.85932 0.3827 0.29624 -0.90237 0.31301 0.2946 -0.90423 0.30916 0.25161 -0.937 0.24231 0.25058 -0.93787 0.24002 0.2091 -0.9616 0.17778 0.20857 -0.96193 0.17663 0.1693 -0.97828 0.11958 0.19325 -0.97237 0.13099 0.19298 -0.97249 0.13045 0.21931 -0.96513 0.14291 0.12598 -0.98632 0.10631 0.1605 -0.97519 0.15246 0.19499 -0.95796 0.21046 0.26197 -0.92002 0.29142 0.22255 -0.94816 0.22686 0.22167 -0.94886 0.22479 0.184 -0.96895 0.16516 0.18353 -0.96922 0.16411 0.14836 -0.98278 0.11015 0.13451 -0.98771 0.07965 0.12463 -0.99005 0.06537 0.1303 -0.98864 0.07495 0.31696 -0.81686 0.48195 0.29799 -0.83253 0.467 0.26476 -0.87936 0.39576 0.23861 -0.89556 0.37554 0.20903 -0.92701 0.31139 0.1797 -0.94015 0.28952 0.15404 -0.96065 0.23114 0.37735 -0.67911 0.62962 0.35748 -0.70394 0.61374 0.32969 -0.76987 0.54645 0.31011 -0.78907 0.53028 0.27767 -0.84651 0.45422 0.26 -0.8666 0.42592 0.24071 -0.89214 0.38228 0.20702 -0.9115 0.3554 0.18098 -0.9386 0.29372 0.18681 -0.90923 0.37203 0.19991 -0.89367 0.40173 0.22452 -0.85203 0.47291 0.25337 -0.82851 0.49938 0.27722 -0.77554 0.56718 0.29727 -0.75426 0.58543 0.31907 -0.69039 0.64927 0.33929 -0.66338 0.66694 0.3572 -0.5915 0.72287 0.3763 -0.55993 0.73816 0.3891 -0.48462 0.78342 0.40609 -0.45052 0.79506 0.41353 -0.3768 0.82886 0.42798 -0.34222 0.83649 0.4307 -0.27398 0.85991 0.15324 -0.96138 0.22863 0.17822 -0.9528 0.24579 0.20752 -0.92886 0.30684 0.2306 -0.91766 0.32362 0.26444 -0.88075 0.39287 0.28197 -0.86921 0.40616 0.31671 -0.81921 0.47811 0.11266 -0.98543 0.12739 0.14042 -0.97975 0.14275 0.17063 -0.96541 0.19715 0.19576 -0.95739 0.21234 0.23142 -0.93337 0.27436 0.26343 -0.91847 0.29499 0.3034 -0.88099 0.36304 0.33141 -0.86281 0.38174 0.37441 -0.80764 0.45557 0.39379 -0.79073 0.46869 0.43406 -0.72067 0.54058 0.45335 -0.69874 0.55339 0.48731 -0.61681 0.61812 0.50495 -0.59103 0.62905 0.53011 -0.50292 0.68267 0.54485 -0.47563 0.69059 0.56061 -0.388 0.73155 0.57049 -0.36523 0.73563 0.57318 -0.35183 0.74005 0.23271 -0.93206 0.27767 0.2032 -0.94447 0.25823 0.17125 -0.96497 0.19877 0.14817 -0.97158 0.18458 0.11353 -0.98511 0.12915 0.12859 -0.97621 0.17458 0.10936 -0.98065 0.16239 0.13109 -0.96777 0.21505 0.13919 -0.95995 0.24316 0.15326 -0.94987 0.27249 0.17736 -0.9251 0.33576 0.20885 -0.9086 0.36171 0.22488 -0.8879 0.40133 0.24247 -0.86868 0.43197 0.27177 -0.8182 0.50664 0.29109 -0.8008 0.52344 0.31725 -0.74128 0.59149 0.3373 -0.71821 0.60861 0.36017 -0.64828 0.67083 0.37969 -0.62006 0.68655 0.39749 -0.54361 0.73925 0.41545 -0.51154 0.75215 0.42725 -0.4338 0.79327 0.38524 -0.00888 0.92277 0.35614 -0.11208 0.92769 0.35521 -0.04546 0.93368 0.33469 -0.11627 0.93513 0.33799 -0.15897 0.92763 0.32628 -0.19518 0.9249 0.32822 -0.2452 0.91222 0.31418 -0.2844 0.90576 0.31408 -0.34124 0.88595 0.29768 -0.38178 0.875 0.29494 -0.44361 0.8463 0.26496 -0.50676 0.82036 0.25725 -0.58534 0.76889 0.25577 -0.59305 0.76346 0.25243 -0.6506 0.71624 0.23512 -0.73371 0.63748 0.23526 -0.7466 0.62228 0.20124 -0.84554 0.49454 0.20059 -0.85181 0.48392 0.16119 -0.92096 0.35475 0.16059 -0.9233 0.3489 0.121 -0.96524 0.23166 0.12069 -0.96585 0.22927 0.08419 -0.98793 0.13001 0.08104 -0.99084 0.10804 0.08212 -0.99042 0.11106 0.11342 -0.98517 0.12874 0.0896 -0.9926 0.08199 0.12059 -0.98794 0.09716 0.11006 -0.99071 0.07988 0.0972 -0.99381 0.05374 -0.04027 -0.8378 0.54449 -0.01469 -0.80056 0.59907 -0.03967 -0.63886 0.7683 -0.00916 -0.56089 0.82784 -0.03186 -0.38592 0.92198 -0.00289 -0.29157 0.95654 -0.0159 -0.20687 0.97824 0.01217 -0.11109 0.99374 0.00893 -0.093 0.99563 0.03275 -0.01186 0.99939 0.03116 -0.00472 0.9995 0.06165 0.09859 0.99322 0.07528 0.0511 0.99585 0.11463 0.18388 0.97624 0.13444 0.07401 0.98815 0.16453 0.17619 0.97051 0.14342 0.22384 0.96402 0.15525 0.09893 0.98291 0.09689 0.20051 0.97489 0.11164 0.08984 0.98968 0.05333 0.16467 0.98491 0.07144 0.06941 0.99503 0.01418 0.12204 0.99242 0.03575 0.04338 0.99842 0.01696 0.05526 0.99833 0.01023 0.03129 0.99946 0.04675 0.01746 0.99875 0.06072 0.02706 0.99779 0.05404 0.00137 0.99854 0.11296 0.02134 0.99337 0.12095 0.02783 0.99227 0.12125 0.02774 0.99223 0.16459 0.06367 0.9843 0.16297 0.06447 0.98452 0.21012 0.10354 0.97218 0.20868 0.10456 0.97238 0.25712 0.14376 0.95563 0.25722 0.14366 0.95561 0.30484 0.18026 0.93519 0.30752 0.17685 0.93496 0.35264 0.2086 0.91221 0.35891 0.1984 0.91204 0.40045 0.22368 0.8886 0.41152 0.20105 0.88895 0.44886 0.21882 0.8664 0.45546 0.20215 0.867 0.49624 0.16813 0.85175 0.48936 0.21353 0.84554 0.52879 0.07824 0.84514 0.51779 0.17557 0.8373 0.54099 0.08514 0.83671 0.53107 0.0349 0.84661 0.53029 0.04826 0.84644 0.51243 -0.03163 0.85815 0.51058 0.0246 0.85948 0.48961 -0.06254 0.8697 0.48857 -0.00405 0.87251 0.46442 -0.09729 0.88025 0.46429 -0.03674 0.88492 0.44749 -0.09925 0.88877 0.45084 -0.15096 0.87975 0.11642 -0.08426 0.98962 0.09758 -0.14661 0.98437 0.10693 -0.2253 0.9684 0.09378 -0.26598 0.95941 0.1021 -0.36291 0.92621 0.07248 -0.44371 0.89323 0.07236 -0.46266 0.88358 0.04111 -0.54176 0.83952 0.05262 -0.7415 0.66889 0.02154 -0.78842 0.61476 0.02835 -0.91459 0.40339 0.19264 -0.15431 0.96906 0.19858 -0.22153 0.95472 0.20989 -0.25758 0.94319 0.21358 -0.34758 0.913 0.22158 -0.3817 0.89733 0.21985 -0.49141 0.84272 0.22443 -0.52011 0.82409 0.21401 -0.63818 0.73954 0.21572 -0.65872 0.7208 0.19528 -0.76833 0.60953 0.19527 -0.78036 0.59406 0.16678 -0.86741 0.46882 0.1662 -0.87302 0.4585 0.13374 -0.93276 0.33476 0.13324 -0.93479 0.32925 0.10068 -0.97072 0.21808 0.10044 -0.97124 0.21589 0.07022 -0.99006 0.12186 0.07016 -0.99012 0.12139 0.14673 -0.60247 0.78454 0.13964 -0.71922 0.68061 0.1422 -0.72565 0.67321 0.12828 -0.82386 0.55209 0.12968 -0.82753 0.54624 0.11077 -0.90021 0.42113 0.11144 -0.90189 0.41734 0.08965 -0.95053 0.2974 0.12198 -0.74425 0.65667 0.11078 -0.83627 0.53701 0.11204 -0.83987 0.53109 0.09639 -0.90745 0.40895 0.097 -0.90909 0.40515 0.06773 -0.97289 0.22111 0.04277 -0.98385 0.1738 0.03283 -0.97799 0.20605 0.02037 -0.99665 0.07916 0.02277 -0.9978 0.06219 0.1426 -0.59319 0.79233 0.12486 -0.62697 0.76897 0.11966 -0.73781 0.66432 0.09255 -0.77468 0.62554 0.085 -0.86047 0.50236 0.07617 -0.89127 0.44703 0.0762 -0.9198 0.38492 0.05712 -0.97181 0.22876 0.05993 -0.97777 0.20092 0.03344 -0.99712 0.06809 0.03491 -0.99574 0.08533 0.16644 -0.31506 0.93437 0.17004 -0.40415 0.89875 0.17709 -0.43955 0.88059 0.17593 -0.54466 0.82 0.17986 -0.57311 0.7995 0.17149 -0.68225 0.71072 0.17294 -0.70162 0.69125 0.15666 -0.79956 0.5798 0.1567 -0.81046 0.56445 0.13425 -0.88636 0.4431 0.13382 -0.89131 0.43321 0.10826 -0.94273 0.3155 0.10789 -0.94447 0.31039 0.08205 -0.97525 0.20532 0.08186 -0.97568 0.20333 0.05751 -0.99178 0.1143 0.05747 -0.99182 0.11393 0.03273 -0.99896 0.03184 0.04484 -0.99779 0.049 0.04623 -0.99839 0.03279 0.05877 -0.99673 0.05551 0.03636 -0.99778 0.05579 0.0898 -0.99255 0.08233 0.06834 -0.9968 0.0415 0.0836 -0.99534 0.048 0.15349 -0.98512 0.07739 0.17579 -0.9806 0.08678 0.21901 -0.96529 0.14232 0.24516 -0.95708 0.1546 0.25958 -0.95051 0.17071 0.2927 -0.93784 0.18652 0.29142 -0.93851 0.18513 0.32705 -0.92317 0.20197 0.32566 -0.92398 0.20051 0.36378 -0.90553 0.21835 0.36212 -0.90661 0.21664 0.40243 -0.88469 0.23531 0.40063 -0.88599 0.23349 0.44254 -0.86041 0.25269 0.44052 -0.86203 0.25068 0.47223 -0.84068 0.26505 0.5026 -0.81051 0.30078 0.52332 -0.79362 0.31033 0.55191 -0.75897 0.34547 0.5719 -0.73965 0.35475 0.59782 -0.70123 0.38845 0.59351 -0.28669 0.75204 0.5974 -0.24874 0.7624 0.59195 -0.32737 0.7365 0.5968 -0.29114 0.74771 0.5953 -0.30947 0.74151 0.5871 -0.35372 0.72815 0.57758 -0.41812 0.70112 0.57316 -0.435 0.69445 0.57243 -0.45902 0.67943 0.56046 -0.50941 0.65298 0.58111 -0.4714 0.6634 0.56497 -0.53313 0.62975 0.59471 -0.48021 0.64476 0.58954 -0.50029 0.63415 0.58634 -0.53159 0.61124 0.57279 -0.57301 0.58615 0.57193 -0.57803 0.58204 0.55601 -0.61922 0.55445 0.55501 -0.62356 0.55058 0.53675 -0.66394 0.52065 0.53566 -0.66762 0.51706 0.51521 -0.70655 0.48513 0.5141 -0.70959 0.48186 0.49163 -0.74659 0.44822 0.49054 -0.74903 0.44533 0.46413 -0.78658 0.40727 0.48573 -0.767 0.41926 0.48474 -0.76898 0.41677 0.505 -0.74963 0.42782 0.50403 -0.75173 0.42528 0.52415 -0.73151 0.43607 0.52323 -0.73366 0.43356 0.54307 -0.71269 0.44401 0.54219 -0.71493 0.44148 0.5617 -0.69324 0.45157 0.56088 -0.6955 0.44909 0.5799 -0.67327 0.45872 0.57914 -0.67561 0.45624 0.59762 -0.65287 0.46542 0.59693 -0.65523 0.46298 0.61475 -0.63218 0.47164 0.61412 -0.63458 0.46921 0.63128 -0.61124 0.47736 0.63074 -0.61363 0.475 0.64724 -0.59002 0.48265 0.64678 -0.59244 0.48031 0.67226 -0.55339 0.49175 0.66217 -0.57919 0.47546 0.65933 -0.59473 0.45997 0.63948 -0.63706 0.43038 0.63903 -0.63873 0.42856 0.61652 -0.67988 0.39708 0.61606 -0.6812 0.39553 0.59106 -0.7206 0.36247 0.59061 -0.72161 0.36118 0.56338 -0.75877 0.32692 0.563 -0.75948 0.32591 0.53387 -0.79397 0.29086 0.53355 -0.79446 0.2901 0.50237 -0.82648 0.25406 0.52374 -0.81018 0.26326 0.52351 -0.81051 0.26272 0.54436 -0.79364 0.27166 0.54415 -0.79396 0.27115 0.56478 -0.7763 0.27995 0.56457 -0.77666 0.27941 0.58478 -0.75835 0.28799 0.58458 -0.75871 0.28744 0.60437 -0.73975 0.2958 0.60418 -0.74013 0.29524 0.62341 -0.72067 0.30332 0.62324 -0.72103 0.30279 0.64181 -0.70117 0.31055 0.64165 -0.70157 0.30998 0.65949 -0.68142 0.3174 0.65935 -0.68181 0.31686 0.68484 -0.65101 0.32738 0.6842 -0.65233 0.32611 0.71528 -0.61121 0.33881 0.71473 -0.61254 0.33757 0.74264 -0.57166 0.34884 0.72306 -0.61281 0.31882 0.72273 -0.61358 0.31809 0.70117 -0.65239 0.28767 0.7076 -0.63944 0.3007 0.33645 0.04908 0.94042 0.34369 0.04855 0.93783 0.34391 0.05851 0.93718 0.35343 0.05778 0.93367 0.35344 0.0634 0.93331 0.53931 0.01192 0.84202 0.53927 0.00994 0.84208 0.51572 0.02016 0.85652 0.62191 -0.00214 0.78308 0.62154 -0.0136 0.78326 0.59829 -0.00265 0.80128 0.76116 -0.03906 0.64739 0.76694 -0.04463 0.64016 0.66812 -0.02906 0.74349 0.67097 -0.02756 0.74097 0.6716 -0.01181 0.74082 0.63309 -0.008 0.77404 0.63355 0.0006 0.7737 0.19046 0.0939 0.97719 0.15906 0.09531 0.98266 0.15909 0.08445 0.98365 0.12965 0.08548 0.98787 0.12952 0.06788 0.98925 0.09339 0.06874 0.99325 0.09298 0.04588 0.99461 0.31063 0.06989 0.94796 0.31817 0.06933 0.94549 0.31817 0.06402 0.94587 0.30614 0.06486 0.94978 0.30591 0.05322 0.95057 0.29581 0.05387 0.95373 0.29482 0.03551 0.95489 0.28368 0.03548 0.95826 0.28223 0.01899 0.95916 0.20844 0.02231 0.97778 0.20719 0.00964 0.97825 0.15523 0.00664 0.98786 0.18105 0.00315 0.98347 0.24861 0.08318 0.96503 0.24211 0.08358 0.96664 0.24213 0.07542 0.96731 0.22298 0.07646 0.97182 0.22279 0.06163 0.97292 0.20299 0.06252 0.97718 0.20221 0.04189 0.97845 0.16017 0.04333 0.98614 0.15916 0.02368 0.98697 0.10063 0.02501 0.99461 0.09973 0.00681 0.99499 0.2275 0.08637 0.96994 0.20141 0.0907 0.9753 0.20144 0.08031 0.9762 0.17756 0.08138 0.98074 0.1774 0.0651 0.98198 0.15035 0.06604 0.98642 0.14973 0.0442 0.98774 0.1008 0.04533 0.99387 0.10013 0.02504 0.99466 0.08935 0.00743 0.99597 0.15656 0.00589 0.98765 0.15793 0.02378 0.98716 0.21236 0.02195 0.97695 0.21363 0.04079 0.97606 0.25051 0.03914 0.96732 0.25141 0.0584 0.96612 0.26563 0.05762 0.96235 0.26584 0.0709 0.96141 0.28106 0.06994 0.95714 0.28105 0.07669 0.95663 0.2841 0.07648 0.95574 0.28311 0.11704 0.95192 0.295 0.08349 0.95184 0.27937 0.09342 0.95563 0.28404 0.10918 0.95258 0.32366 0.05629 0.9445 0.33599 0.09819 0.93673 0.36338 0.06198 0.92958 0.35783 0.04279 0.9328 0.35263 0.04458 0.9347 0.34396 0.0129 0.93889 0.31807 0.01837 0.94789 0.31359 5E-05 0.94956 0.31905 -0.00368 0.94773 0.32228 0.01043 0.94659 0.34057 -0.00224 0.94022 0.34365 0.01186 0.93902 0.37482 -0.00051 0.9271 0.37726 0.01189 0.92603 0.39875 0.00333 0.91705 0.401 0.01647 0.91593 0.42317 0.011 0.90598 0.42482 0.0245 0.90495 0.42261 0.02504 0.90597 0.42342 0.03583 0.90522 0.33223 0.15618 0.93018 0.34312 0.11784 0.93187 0.32786 0.13108 0.93559 0.33379 0.15194 0.93032 0.37185 0.08765 0.92415 0.38568 0.13684 0.91243 0.41255 0.09267 0.90621 0.40713 0.07314 0.91044 0.40735 0.07303 0.91035 0.39718 0.03582 0.91704 0.38465 0.03982 0.9222 0.37705 0.01088 0.92613 0.36056 0.01417 0.93263 0.36138 0.01758 0.93225 0.38096 0.00175 0.92459 0.3846 0.01742 0.92292 0.4187 0.00155 0.90812 0.42142 0.01455 0.90675 0.44563 0.00334 0.89521 0.44758 0.01398 0.89413 0.45543 0.01038 0.89021 0.0885 -0.00554 0.99606 0.07775 -0.00453 0.99696 0.13737 -0.00599 0.9905 0.13881 -0.00615 0.9903 0.18006 -0.00444 0.98365 0.23371 -0.00719 0.97228 0.23499 0.00056 0.972 0.25754 0.00368 0.96626 0.25807 0.0073 0.9661 0.27201 0.00943 0.96225 0.2734 0.02051 0.96168 0.35984 0.01476 0.9329 0.36142 0.02936 0.93194 0.37262 0.02924 0.92752 0.37362 0.04417 0.92653 0.39582 0.04237 0.91735 0.39598 0.04816 0.917 0.56997 0.01122 0.82159 0.56994 0.01096 0.82161 0.55756 0.01483 0.83 0.55764 0.01665 0.82991 0.48965 0.02343 0.8716 0.48979 0.03438 0.87116 0.41979 0.04056 0.90672 0.54022 0.01567 0.84137 0.53944 0.01 0.84196 0.52838 0.01346 0.8489 0.5288 0.01819 0.84855 0.51101 0.02331 0.85926 0.51121 0.02854 0.85898 0.4335 0.03594 0.90044 0.43354 0.04074 0.90021 0.38929 0.05363 0.91955 0.63709 0.21878 0.73909 0.65765 0.12707 0.74253 0.59569 0.22209 0.7719 0.61689 0.13125 0.77603 0.55462 0.21075 0.80497 0.57596 0.12219 0.8083 0.54477 0.15575 0.824 0.53677 0.11702 0.83558 0.53448 0.1188 0.83679 0.52589 0.08035 0.84675 0.51904 0.08423 0.85059 0.51037 0.04736 0.85865 0.49528 0.05333 0.86709 0.48785 0.02218 0.87265 0.48834 0.02204 0.87238 0.49192 0.02344 0.87033 0.49193 0.02348 0.87032 0.5622 0.00744 0.82697 0.5626 0.00947 0.82668 0.58891 0.02264 0.80788 0.58639 0.0072 0.81 0.52721 0.18383 0.82961 0.50822 0.22516 0.83127 0.47549 0.19888 0.85694 0.46202 0.22264 0.85847 0.42521 0.19027 0.88487 0.42325 0.19308 0.8852 0.38135 0.1895 0.9048 0.39126 0.14819 0.90827 0.37592 0.16567 0.91172 0.38286 0.19216 0.9036 0.41916 0.11751 0.90028 0.43356 0.17333 0.8843 0.45931 0.12272 0.87976 0.45459 0.10427 0.88458 0.45675 0.10287 0.88363 0.4463 0.06268 0.89268 0.4405 0.06529 0.89537 0.43151 0.03089 0.90158 0.41294 0.03647 0.91003 0.4076 0.0152 0.91303 0.41605 0.00729 0.90931 0.42015 0.02437 0.90713 0.45618 0.00498 0.88988 0.45908 0.01845 0.8882 0.48525 0.00458 0.87437 0.49091 0.03531 0.87049 0.52376 0.00303 0.85186 0.52456 0.00778 0.85134 0.47635 0.01424 0.87914 0.47705 0.01965 0.87866 0.4799 0.01886 0.87712 0.48054 0.02655 0.87657 0.45745 0.03263 0.88864 0.45773 0.0413 0.88813 0.38684 0.04757 0.92092 0.38686 0.05383 0.92056 0.34409 0.06351 0.93679 0.9032 0.00014 0.42922 0.90501 -0.00825 0.42532 0.89633 -0.00869 0.4433 0.88908 -0.01629 0.45747 0.889 -0.01622 0.45762 0.87277 -0.01758 0.48782 0.87461 -0.02083 0.48438 0.85307 -0.03078 0.52089 0.85434 -0.0323 0.5187 0.82984 -0.03432 0.55695 0.83427 -0.04072 0.54985 0.80176 -0.03643 0.59654 0.80471 -0.04088 0.59225 0.7814 -0.04151 0.62264 0.92318 -0.01976 0.38386 0.91357 -0.00359 0.40667 0.90598 -0.00394 0.4233 0.91517 -0.00092 0.40306 0.92089 0.02812 0.38881 0.92123 0.00306 0.38902 0.91302 0.00958 0.40779 0.91437 0.00265 0.40487 0.89988 0.00677 0.43609 0.90319 -0.00128 0.42924 0.88506 0.00209 0.46548 0.88925 -0.00705 0.45738 0.86814 -0.00451 0.4963 0.87286 -0.01382 0.48778 0.84859 -0.01184 0.52892 0.85343 -0.0205 0.52081 0.82576 -0.01875 0.56371 0.83018 -0.02593 0.55689 0.79879 -0.02408 0.60113 0.80209 -0.02894 0.5965 0.76648 -0.02663 0.64171 0.76775 -0.02832 0.64012 0.72712 -0.02523 0.68605 0.72773 -0.01521 0.6857 0.72539 -0.01215 0.68823 0.76698 -0.01809 0.64141 0.76254 -0.0116 0.64684 0.79915 -0.01726 0.60088 0.79347 -0.00809 0.60855 0.82598 -0.01375 0.56353 0.81975 -0.00269 0.57271 0.8487 -0.00862 0.5288 0.84245 0.00352 0.53877 0.86817 -0.00294 0.49625 0.86233 0.00947 0.50626 0.88506 0.00225 0.46547 0.88 0.01405 0.47477 0.89987 0.00588 0.43611 0.89591 0.01609 0.44394 0.91303 0.00688 0.40784 0.91047 0.01427 0.41333 0.92396 0.00629 0.38245 0.92395 0.00699 0.38244 0.92426 0.00448 0.38175 0.92484 0.00624 0.3803 0.92485 0.00368 0.38032 0.92527 0.00563 0.37927 0.92498 0.00282 0.38001 0.92557 0.00459 0.37856 0.92563 0.00328 0.37842 0.71941 -0.00252 0.69458 0.71013 0.01131 0.70398 0.75512 -0.00064 0.65558 0.74509 0.01612 0.66677 0.78531 0.00334 0.61909 0.77505 0.02226 0.63151 0.81141 0.00842 0.58441 0.80135 0.02868 0.5975 0.83441 0.01356 0.55098 0.82492 0.03432 0.56421 0.85501 0.01771 0.5183 0.84644 0.03804 0.53112 0.87378 0.01976 0.48592 0.86649 0.0386 0.49771 0.89114 0.01849 0.45334 0.88551 0.03456 0.46333 0.90745 0.0125 0.41997 0.90386 0.02409 0.42715 0.92167 0.00172 0.38796 0.92212 0.00212 0.3869 0.92291 0.00404 0.38498 0.89959 0.0272 0.43588 0.90385 0.01276 0.42767 0.87872 0.0436 0.47535 0.88546 0.02364 0.46412 0.85757 0.05157 0.51177 0.86633 0.02816 0.49867 0.83583 0.05343 0.54639 0.84616 0.02808 0.53218 0.81299 0.05092 0.58005 0.8245 0.02482 0.56532 0.78846 0.04548 0.6134 0.8008 0.01963 0.59861 0.76156 0.03832 0.64696 0.77439 0.01366 0.63257 0.73137 0.03061 0.68129 0.74433 0.008 0.66776 0.69668 0.02345 0.717 0.70933 0.00374 0.70486 0.68241 0.01098 0.73088 0.67677 0.007 0.73616 0.67559 -0.0054 0.73726 0.65371 0.00383 0.75673 0.65624 0.02287 0.75421 0.69513 0.01076 0.7188 0.67877 0.03711 0.73341 0.72998 0.01746 0.68324 0.71371 0.0468 0.69887 0.76038 0.02484 0.64901 0.74455 0.05623 0.66519 0.78752 0.03169 0.61547 0.77246 0.06416 0.63181 0.8123 0.0368 0.58208 0.79832 0.06932 0.59823 0.83537 0.03886 0.54831 0.82287 0.07031 0.56386 0.85732 0.0364 0.51349 0.84675 0.06544 0.52795 0.8786 0.02766 0.47675 0.87051 0.05251 0.48934 0.8995 0.01032 0.43681 0.89446 0.02842 0.44624 0.91822 -0.01536 0.39578 0.91713 -0.01544 0.3983 0.92004 -0.01241 0.39163 0.92016 -0.00436 0.39152 0.92011 -0.00439 0.39165 0.92165 -0.0016 0.38801 0.92291 0.00624 0.38496 0.92318 0.00415 0.38434 0.90745 0.01967 0.41971 0.91048 0.01042 0.41343 0.89117 0.02546 0.45295 0.8959 0.01263 0.44408 0.87387 0.02633 0.48545 0.87996 0.01133 0.47491 0.85517 0.02376 0.5178 0.86229 0.00771 0.50636 0.83463 0.01902 0.55049 0.84242 0.00287 0.53881 0.81168 0.01324 0.58396 0.81978 -0.00217 0.57268 0.78559 0.00748 0.6187 0.79357 -0.00638 0.60844 0.7554 0.00278 0.65526 0.76273 -0.00875 0.64665 0.71965 0.00016 0.69433 0.72568 -0.0083 0.68799 0.68799 -0.00146 0.72572 0.67876 -0.00861 0.73431 0.67816 -0.01876 0.73468 0.72518 -0.02292 0.68818 0.72436 -0.04032 0.68824 0.72704 -0.03874 0.6855 -0.91302 -0.00363 0.40789 -0.90597 -0.00396 0.42331 -0.905 -0.00827 0.42533 -0.90319 0.00012 0.42924 -0.90321 0.00404 0.42919 -0.88827 -0.01631 0.45902 -0.88906 -0.01689 0.45748 -0.88933 0.0013 0.45727 -0.90197 -0.00106 0.43181 -0.89988 0.00879 0.43605 -0.92497 0.00282 0.38003 -0.92526 0.00563 0.37929 -0.92484 0.00368 0.38033 -0.92484 0.00625 0.38032 -0.92425 0.00448 0.38177 -0.92395 0.00699 0.38245 -0.92395 0.0063 0.38246 -0.92318 0.00416 0.38436 -0.85335 -0.03191 0.52036 -0.87269 -0.02018 0.48785 -0.87302 -0.00511 0.48766 -0.8849 -0.00654 0.46573 -0.88515 0.01199 0.46516 -0.89585 0.00759 0.44428 -0.89591 0.02188 0.4437 -0.83342 -0.03409 0.55159 -0.853 -0.03247 0.5209 -0.85365 -0.01228 0.52071 -0.86788 -0.01344 0.49659 -0.86837 0.0076 0.49586 -0.87983 0.00396 0.47528 -0.88006 0.02255 0.47433 -0.89112 0.01567 0.4535 -0.89117 0.02912 0.45274 -0.44624 0.02411 0.89459 -0.4898 0.03438 0.87116 -0.40211 0.04205 0.91463 -0.4336 0.04812 0.89982 -0.37083 0.05515 0.92706 -0.35181 0.05668 0.93435 -0.27403 0.07108 0.95909 -0.1711 0.09089 0.98105 -0.29147 0.07127 0.95392 -0.35344 0.06667 0.93308 -0.35339 0.04539 0.93437 -0.51091 0.02019 0.8594 -0.52918 0.0213 0.84824 -0.45735 0.02892 0.88882 -0.20309 0.06415 0.97706 -0.12952 0.06673 0.98933 -0.12966 0.08731 0.98771 -0.07914 0.09846 0.99199 -0.159 0.10588 0.98158 -0.15909 0.08218 0.98384 -0.22302 0.07929 0.97158 -0.22278 0.05992 0.97303 -0.29598 0.0559 0.95356 -0.29489 0.03553 0.95487 -0.01972 0.09788 0.995 -0.92291 0.00625 0.38497 -0.92291 0.00406 0.385 -0.92184 0.00151 0.38756 -0.92167 0.00286 0.38796 -0.92165 -0.00159 0.38802 -0.92013 -0.00428 0.39159 -0.80346 -0.03861 0.5941 -0.82961 -0.03923 0.55696 -0.83042 -0.01909 0.55682 -0.84826 -0.0202 0.5292 -0.849 0.00191 0.52839 -0.86202 -0.00136 0.50687 -0.86253 0.02009 0.50561 -0.87368 0.0145 0.48628 -0.87392 0.03277 0.48497 -0.88545 0.02334 0.46415 -0.8855 0.03573 0.46325 -0.92015 -0.0045 0.39153 -0.92003 -0.01238 0.39164 -0.91788 -0.01463 0.39658 -0.89958 0.01968 0.43632 -0.89957 0.01838 0.43639 -0.90386 0.02105 0.42731 -0.90386 0.01631 0.42752 -0.90744 0.01981 0.41972 -0.90745 0.01287 0.41997 -0.91045 0.01681 0.41327 -0.91047 0.00831 0.4135 -0.91301 0.01252 0.40775 -0.91302 0.00421 0.4079 -0.91414 0.00904 0.40531 -0.91414 0.00163 0.4054 -0.91517 0.00631 0.40302 -0.91516 -0.00093 0.40308 -0.92316 0.04141 0.38217 -0.91993 -0.01151 0.39191 -0.91798 -0.02064 0.39608 -0.92298 -0.08817 0.3746 -0.91861 -0.0306 0.39399 -0.91775 -0.03089 0.39597 -0.91815 -0.01786 0.39582 -0.91664 -0.12641 0.3792 -0.91569 -0.09779 0.38981 -0.92237 -0.08705 0.37636 -0.90794 -0.03699 0.41747 -0.90875 -0.01718 0.41699 -0.89434 0.01451 0.44716 -0.89439 0.01825 0.44692 -0.87871 0.04118 0.47558 -0.87864 0.03088 0.47649 -0.86652 0.04307 0.49728 -0.86627 0.02497 0.49895 -0.85534 0.03229 0.51706 -0.8548 0.01076 0.51885 -0.84283 0.01565 0.53796 -0.84201 -0.00722 0.53942 -0.82636 -0.00402 0.56313 -0.82542 -0.02569 0.56393 -0.80228 -0.02433 0.59645 -0.80153 -0.04102 0.59655 -0.77322 -0.04177 0.63276 -0.75196 -0.03903 0.65805 -0.76687 -0.04599 0.64015 -0.76782 -0.02677 0.6401 -0.79853 -0.02875 0.60127 -0.79954 -0.00914 0.60055 -0.81923 -0.01255 0.57332 -0.82032 0.01026 0.57181 -0.83406 0.00564 0.55164 -0.83497 0.02894 0.54954 -0.84599 0.02286 0.53271 -0.84659 0.04497 0.53035 -0.85731 0.03607 0.51354 -0.85758 0.05298 0.51161 -0.87039 0.03776 0.49091 -0.87047 0.04512 0.49014 -0.88801 0.01503 0.45959 -0.88756 -0.00133 0.4607 -0.88439 0.01927 0.46635 -0.88398 0.0039 0.4675 -0.90304 -0.0524 0.42634 -0.90175 -0.06966 0.4266 -0.91336 -0.12817 0.38645 -0.91066 -0.14817 0.38566 -0.64127 -0.01566 0.76716 -0.67086 -0.03031 0.74097 -0.67137 -0.01822 0.7409 -0.72727 -0.02315 0.68596 -0.7279 -0.01252 0.68557 -0.76213 -0.01739 0.64719 -0.76336 0.00074 0.64598 -0.78478 -0.00437 0.61976 -0.78629 0.0181 0.6176 -0.80037 0.01275 0.59938 -0.80188 0.03823 0.59626 -0.81205 0.0324 0.58269 -0.81323 0.05703 0.57914 -0.82215 0.04971 0.56709 -0.8229 0.07078 0.56376 -0.83304 0.05922 0.55003 -0.83345 0.07622 0.54732 -0.85458 0.06265 0.51553 -0.86005 0.03446 0.50904 -0.86028 0.04399 0.50792 -0.84672 0.06269 0.52833 -0.84641 0.04731 0.53042 -0.83592 0.05764 0.54582 -0.83526 0.03603 0.54867 -0.82524 0.04294 0.56315 -0.82419 0.01838 0.56602 -0.8122 0.02386 0.58289 -0.81095 0.00024 0.58512 -0.7942 0.00495 0.60763 -0.79296 -0.01629 0.60906 -0.7673 -0.01234 0.64117 -0.76639 -0.02826 0.64175 -0.72509 -0.02513 0.68819 -0.72463 -0.03515 0.68824 -0.69251 -0.03014 0.72078 -0.56399 -0.00125 0.82578 -0.62181 -0.00581 0.78314 -0.62178 -0.00694 0.78316 -0.67856 -0.01254 0.73444 -0.67878 -0.00863 0.73429 -0.7252 -0.01487 0.68838 -0.72619 -0.00133 0.68749 -0.75462 -0.00718 0.65613 -0.75619 0.01269 0.65423 -0.77387 0.00708 0.6333 -0.77576 0.03199 0.63021 -0.78714 0.02657 0.6162 -0.78889 0.05266 0.61227 -0.79711 0.04704 0.602 -0.79848 0.07191 0.59771 -0.80604 0.06471 0.58832 -0.80694 0.08673 0.58423 -0.82418 0.06349 0.56276 -0.81692 0.09689 0.56855 -0.85398 0.03462 0.51915 -0.84795 0.06653 0.52588 -0.87164 0.01797 0.48981 -0.87127 0.00779 0.49074 -0.88304 -0.0262 0.46857 -0.88197 -0.04229 0.46941 -0.89588 -0.10481 0.43175 -0.89561 -0.09573 0.43441 -0.90421 -0.155 0.39797 -0.90414 -0.15131 0.39954 -0.9076 -0.19436 0.37215 -0.90763 -0.19307 0.37273 -0.47394 0.02546 0.88019 -0.5167 0.02171 0.85589 -0.53928 0.01007 0.84207 -0.58316 0.00264 0.81235 -0.58314 0.00172 0.81237 -0.63337 -0.00334 0.77384 -0.63344 -0.00192 0.77379 -0.67976 -0.00787 0.73339 -0.68033 -0.00028 0.7329 -0.71904 -0.00722 0.69493 -0.72044 0.00865 0.69346 -0.74384 0.00244 0.66835 -0.74592 0.02529 0.66556 -0.7599 0.01978 0.64974 -0.76216 0.04583 0.64577 -0.77071 0.04097 0.63587 -0.77278 0.06795 0.63102 -0.7787 0.06324 0.6242 -0.78041 0.09057 0.61868 -0.78592 0.08445 0.61254 -0.78707 0.11003 0.60697 -0.81599 0.06549 0.57434 -0.80696 0.10788 0.58066 -0.8471 0.03378 0.53036 -0.84045 0.07037 0.5373 -0.86595 0.01223 0.49998 -0.86515 -0.00438 0.5015 -0.87681 -0.04424 0.4788 -0.87708 -0.0476 0.47799 -0.88818 -0.10059 0.44835 -0.88304 -0.13872 0.44832 -0.88369 -0.14459 0.44518 -0.88359 -0.18743 0.42911 -0.88455 -0.24439 0.3973 -0.88495 -0.23961 0.39931 -0.88317 -0.28289 0.37415 -0.87037 -0.32554 0.36945 -0.86596 -0.35659 0.35066 -0.84785 -0.40383 0.34361 -0.2487 0.07883 0.96537 -0.31816 0.07411 0.94514 -0.31817 0.06045 0.9461 -0.39615 0.05438 0.91657 -0.39573 0.03833 0.91757 -0.48095 0.03033 0.87622 -0.48005 0.01935 0.87703 -0.52848 0.0135 0.84884 -0.11814 0.097 0.98825 -0.20139 0.09339 0.97505 -0.20144 0.07759 0.97642 -0.2659 0.07409 0.96115 -0.26561 0.05574 0.96247 -0.33666 0.0512 0.94023 -0.33556 0.03291 0.94145 -0.36143 0.02938 0.93194 -0.36004 0.01646 0.93279 -0.40118 0.01281 0.91591 -0.40047 0.00859 0.91627 -0.42122 0.00601 0.90694 -0.42228 0.01114 0.9064 -0.41878 0.01175 0.90801 -0.27394 0.01932 0.96155 -0.21236 0.02208 0.97694 -0.21367 0.04149 0.97603 -0.14975 0.04367 0.98776 -0.15041 0.06734 0.98633 -0.07928 0.06905 0.99446 -0.07936 0.08855 0.99291 -0.01036 0.09797 0.99514 -0.66589 -0.5635 0.48894 -0.64724 -0.59176 0.48052 -0.66577 -0.54406 0.51064 -0.66783 -0.52599 0.52663 -0.67617 -0.49946 0.5416 -0.65215 -0.54101 0.53105 -0.65443 -0.52087 0.5481 -0.63939 -0.55649 0.53056 -0.61976 -0.58667 0.52126 -0.62381 -0.5782 0.52588 -0.60337 -0.60811 0.5159 -0.60757 -0.59977 0.5207 -0.58642 -0.62923 0.51007 -0.59066 -0.62128 0.51491 -0.56891 -0.65012 0.50368 -0.5732 -0.64247 0.5086 -0.55094 -0.67056 0.4968 -0.5553 -0.66318 0.50183 -0.53262 -0.69043 0.48951 -0.53699 -0.6834 0.49458 -0.51399 -0.70971 0.48179 -0.51836 -0.70301 0.4869 -0.49499 -0.72848 0.47361 -0.49934 -0.72212 0.47875 -0.46093 -0.76114 0.45631 -0.44219 -0.79144 0.42201 -0.40661 -0.83529 0.37009 -0.4113 -0.8281 0.3809 -0.39106 -0.85264 0.34653 -0.43246 -0.82231 0.36985 -0.42957 -0.82597 0.36502 -0.46076 -0.80103 0.38216 -0.45088 -0.81709 0.35926 -0.47835 -0.78763 0.38836 -0.50117 -0.76708 0.40051 -0.49789 -0.77101 0.39704 -0.52071 -0.74938 0.40901 -0.51739 -0.75356 0.40553 -0.54004 -0.73096 0.41721 -0.53673 -0.73534 0.41376 -0.55913 -0.71178 0.42513 -0.55574 -0.71653 0.42159 -0.57774 -0.69217 0.43256 -0.57446 -0.69701 0.42915 -0.59595 -0.67196 0.43968 -0.59261 -0.67716 0.4362 -0.61358 -0.65142 0.44628 -0.61032 -0.65678 0.44288 -0.63069 -0.63047 0.45248 -0.62752 -0.636 0.44915 -0.64722 -0.60919 0.45825 -0.6441 -0.61495 0.45494 -0.66306 -0.5878 0.46351 -0.66006 -0.59367 0.4603 -0.68627 -0.55355 0.47183 -0.68186 -0.56371 0.46616 -0.71341 -0.51105 0.47945 -0.70948 -0.52142 0.4741 -0.73632 -0.47198 0.48484 -0.74565 -0.43508 0.50469 -0.76544 -0.39033 0.51161 -0.77084 -0.3567 0.52779 -0.7856 -0.31604 0.53193 -0.78803 -0.28624 0.54504 -0.79868 -0.2507 0.54705 -0.79868 -0.19613 0.5689 -0.79716 -0.21416 0.56451 -0.79421 -0.14836 0.58925 -0.80242 -0.10475 0.5875 -0.80354 -0.13406 0.57996 -0.81305 -0.07743 0.57702 -0.8149 -0.10377 0.57024 -0.82084 -0.06319 0.56765 -0.80612 0.00213 0.59175 -0.80624 0.00093 0.59159 -0.7962 0.03492 0.60402 -0.79814 0.0645 0.59901 -0.76722 0.13636 0.62672 -0.77983 0.07049 0.62202 -0.72729 0.17253 0.66429 -0.73932 0.11893 0.66277 -0.72786 0.13698 0.6719 -0.72622 0.1159 0.67763 -0.72833 0.11357 0.67575 -0.72497 0.07876 0.68426 -0.72395 0.07955 0.68525 -0.72036 0.04752 0.69197 -0.71429 0.05081 0.698 -0.7111 0.02426 0.70268 -0.69738 0.02949 0.71609 -0.69478 0.00792 0.71917 -0.6689 0.01475 0.74321 -0.66727 0.00029 0.74482 -0.62194 0.00861 0.78302 -0.62154 0.0044 0.78337 -0.50964 -0.44693 0.7352 -0.4992 -0.48588 0.71744 -0.54228 -0.39811 0.73989 -0.53265 -0.43836 0.72396 -0.56698 -0.36283 0.73952 -0.57147 -0.32027 0.75554 -0.59609 -0.25271 0.76211 -0.5966 -0.23899 0.76613 -0.61576 -0.17709 0.76778 -0.61355 -0.11371 0.78142 -0.61122 -0.1603 0.77506 -0.6038 -0.05124 0.79549 -0.60331 -0.0993 0.7913 -0.59638 -0.03132 0.80209 -0.60874 0.03125 0.79275 -0.60946 0.02732 0.79235 -0.62057 0.09457 0.77842 -0.61703 0.10811 0.77948 -0.62383 0.16088 0.76482 -0.63061 0.14225 0.76295 -0.63531 0.18291 0.75028 -0.63411 0.18536 0.7507 -0.63742 0.21901 0.73873 -0.65806 0.1274 0.74211 -0.66565 0.20128 0.71861 -0.684 0.1212 0.71935 -0.68691 0.14906 0.71129 -0.69535 0.13818 0.70526 -0.69232 0.11012 0.71313 -0.69753 0.10534 0.70877 -0.69285 0.06784 0.71788 -0.69221 0.06825 0.71846 -0.68788 0.03655 0.7249 -0.67936 0.04029 0.7327 -0.67601 0.01621 0.73672 -0.65618 0.02227 0.75428 -0.6539 0.00504 0.75657 -0.61643 0.01298 0.7873 -0.61545 0.00454 0.78816 -0.46688 0.19096 0.86346 -0.47228 0.21694 0.85434 -0.51807 0.18863 0.83428 -0.51643 0.18023 0.83715 -0.55181 0.18999 0.81204 -0.54548 0.15564 0.82355 -0.58561 0.17318 0.79188 -0.57979 0.13902 0.80282 -0.61491 0.15955 0.77229 -0.6096 0.12581 0.78266 -0.64314 0.14996 0.75092 -0.65673 0.09307 0.74836 -0.6574 0.09746 0.74721 -0.66437 0.09219 0.7417 -0.65857 0.05415 0.75057 -0.65666 0.05513 0.75217 -0.65197 0.02549 0.75782 -0.63851 0.03018 0.76902 -0.6354 0.01 0.77212 -0.60547 0.01718 0.79568 -0.60384 0.00551 0.79708 -0.5403 0.01602 0.84132 -0.54067 0.01566 0.84109 -0.56905 0.00063 0.82231 -0.57008 0.01138 0.82151 -0.56533 0.01386 0.82475 -0.55746 0.01187 0.83012 -0.57968 0.02538 0.81445 -0.567 0.02928 0.8232 -0.56316 0.00871 0.8263 -0.52207 0.01695 0.85273 -0.52598 0.01468 0.85037 -0.34447 0.01569 0.93867 -0.28231 0.01981 0.95912 -0.28369 0.03549 0.95826 -0.25058 0.03915 0.9673 -0.25155 0.06027 0.96597 -0.17739 0.06363 0.98208 -0.17759 0.08377 0.98053 -0.11521 0.08596 0.98962 -0.11517 0.10203 0.98809 -0.05903 0.10338 0.99289 -0.38501 0.25723 0.88634 -0.40127 0.17522 0.89904 -0.41479 0.23421 0.87926 -0.44375 0.18679 0.87647 -0.44824 0.20675 0.86968 -0.47375 0.17359 0.86338 -0.48066 0.20531 0.85253 -0.50519 0.1499 0.84989 -0.51327 0.18853 0.83726 -0.53478 0.10403 0.83856 -0.54808 0.1691 0.81916 -0.5671 0.09401 0.81827 -0.57849 0.15364 0.80109 -0.59549 0.0858 0.79877 -0.60476 0.13735 0.78448 -0.61994 0.07679 0.78088 -0.62058 0.08029 0.78002 -0.62773 0.07594 0.77472 -0.62125 0.03943 0.78262 -0.61573 0.04165 0.78685 -0.61118 0.01576 0.79133 -0.58902 0.02174 0.80783 -0.58658 0.00677 0.80986 -0.52646 0.01769 0.85001 -0.53884 0.00556 0.84239 -0.47633 0.01396 0.87916 -0.47701 0.01921 0.87869 -0.42269 0.02475 0.90594 -0.42382 0.04003 0.90486 -0.34366 0.04651 0.93794 -0.344 0.06216 0.93691 -0.28107 0.06658 0.95738 -0.28104 0.08115 0.95626 -0.21221 0.08535 0.97349 0.10205 0.10237 0.9895 0.05089 0.10354 0.99332 0.0141 0.09747 0.99514 0.02694 0.09769 0.99485 0.0269 0.0707 0.99713 -0.03213 0.07069 0.99698 -0.03198 0.0466 0.9984 -0.10079 0.04578 0.99385 -0.10012 0.025 0.99466 -0.15836 0.02369 0.9871 -0.15706 0.00655 0.98757 -0.15673 0.00656 0.98762 -0.18218 0.00312 0.98326 -0.25824 -0.00053 0.96608 -0.23712 0.00525 0.97147 -0.32359 -0.00122 0.9462 -0.29667 0.00775 0.95495 -0.34335 0.00291 0.9392 -0.34437 0.0076 0.9388 -0.35995 0.00529 0.93295 -0.36213 0.0143 0.93202 -0.40659 0.00533 0.91359 -0.38732 0.04476 0.92086 -0.46193 0.02227 0.88663 -0.44332 0.07139 0.89351 -0.3186 0.06436 0.9457 -0.38688 0.05898 0.92024 -0.38684 0.04756 0.92092 -0.43357 0.04349 0.90007 -0.45751 0.03371 0.88856 -0.48976 0.03064 0.87132 -0.51096 0.02134 0.85934 -0.53945 0.0185 0.84182 -0.55737 0.01011 0.8302 -0.59807 0.00594 0.80142 -0.59813 0.00709 0.80137 -0.62137 -0.00546 0.78349 -0.62216 0.00481 0.78288 -0.67585 -0.00358 0.73703 -0.67684 0.00698 0.7361 -0.70898 -0.00014 0.70523 -0.71098 0.0192 0.70295 -0.72951 0.01319 0.68384 -0.73208 0.03772 0.68017 -0.7423 0.03293 0.66925 -0.74503 0.06046 0.66428 -0.75037 0.05693 0.65856 -0.75303 0.08754 0.65214 -0.75573 0.08502 0.64934 -0.7578 0.11484 0.6423 -0.7724 0.09526 0.62795 -0.76148 0.14304 0.63221 -0.80573 0.07017 0.58811 -0.79557 0.11908 0.59404 -0.83914 0.03018 0.54308 -0.83187 0.07275 0.55018 -0.85925 0.00241 0.51155 -0.85758 -0.02317 0.51382 -0.86952 -0.07391 0.48833 -0.86543 -0.10742 0.48937 -0.87276 -0.17792 0.45457 -0.87285 -0.16694 0.45854 -0.8752 -0.22711 0.42713 -0.87572 -0.21888 0.43036 -0.87504 -0.26292 0.40641 -0.86297 -0.30542 0.40249 -0.85977 -0.33437 0.386 -0.84768 -0.36853 0.38161 -0.8411 -0.40272 0.36107 -0.831 -0.42645 0.3572 -0.82112 -0.4629 0.33389 -0.80817 -0.48861 0.32881 -0.49731 0.05601 0.86576 -0.48866 0.01935 0.87226 -0.45261 0.02972 0.89122 -0.4092 0.01553 0.91231 -0.41775 0.0075 0.90853 -0.38539 0.01365 0.92265 -0.38375 0.00655 0.92341 -0.37793 0.00735 0.92581 -0.3775 0.00511 0.926 -0.32556 0.01007 0.94547 -0.34273 0.00427 0.93942 -0.25978 0.01008 0.96562 -0.27233 0.00654 0.96218 -0.20773 0.00951 0.97814 -0.20896 0.02203 0.97768 -0.15915 0.0237 0.98697 -0.16018 0.04394 0.98611 -0.09299 0.04551 0.99463 -0.09342 0.0696 0.99319 -0.02689 0.07043 0.99715 -0.02693 0.09828 0.99479 0.01155 0.09831 0.99509 0.00545 -0.99455 0.10416 0.00963 -0.99846 0.05465 0.01583 -0.99818 0.05813 0.19285 -0.00372 0.98122 0.1725 -0.07289 0.98231 0.17853 -0.11921 0.97669 0.15055 -0.20814 0.96644 0.15622 -0.27617 0.94833 0.13178 -0.34618 0.92887 0.13688 -0.45994 0.87734 0.12021 -0.49973 0.8578 0.12108 -0.61739 0.77728 0.09004 -0.67425 0.73299 0.08651 -0.71199 0.69684 0.05714 -0.75745 0.65038 0.05357 -0.90746 0.4167 0.03824 -0.94533 0.32386 0.03283 -0.97697 0.21082 0.00506 -0.98301 0.1835 0.68437 0.10693 0.72125 0.68209 0.08689 0.72609 0.68855 0.06291 0.72245 0.67904 -0.00106 0.7341 0.67176 0.05773 0.73851 0.66049 -0.01267 0.75073 0.65847 0.02662 0.75214 0.64812 -0.03089 0.76091 0.6466 0.01061 0.76276 0.63747 -0.03745 0.76956 0.64186 -0.07661 0.76299 0.63187 -0.11865 0.76594 0.63326 -0.14777 0.7597 0.61503 -0.21092 0.75977 0.61694 -0.17281 0.7678 0.59358 -0.24778 0.76568 0.59648 -0.20842 0.77509 0.5763 -0.26915 0.77164 0.57499 -0.27865 0.76924 0.5667 -0.30116 0.76691 0.55798 -0.38371 0.73581 0.54556 -0.41122 0.73025 0.52845 -0.49877 0.687 0.51277 -0.52655 0.6781 0.48649 -0.61326 0.62229 0.46824 -0.63874 0.61054 0.43383 -0.71801 0.54429 0.41437 -0.73913 0.53102 0.37451 -0.80588 0.45858 0.35522 -0.82193 0.44525 0.29303 -0.89492 0.33653 0.29587 -0.88401 0.36193 0.26926 -0.89968 0.34363 0.25865 -0.91303 0.3154 0.26213 -0.90224 0.34243 0.29944 -0.85973 0.41376 0.29972 -0.85822 0.41669 0.33582 -0.80497 0.48913 0.33602 -0.80252 0.493 0.3692 -0.73895 0.5636 0.36916 -0.73536 0.5683 0.39786 -0.66313 0.63401 0.3974 -0.65826 0.63935 0.42046 -0.58032 0.69745 0.41936 -0.57415 0.7032 0.43633 -0.49412 0.75197 0.43444 -0.48685 0.75779 0.44554 -0.40835 0.79671 0.44274 -0.40022 0.80237 0.44879 -0.32611 0.83201 0.44507 -0.31755 0.83731 0.44709 -0.24985 0.85889 0.44245 -0.2411 0.86378 0.44154 -0.18078 0.87884 0.43606 -0.17219 0.88329 0.43013 -0.07906 0.8993 0.43305 -0.08983 0.89688 0.431 -0.06828 0.89977 0.42141 -0.03761 0.90609 0.41293 0.02427 0.91044 0.38687 -0.07361 0.91919 0.37228 0.03278 0.92754 0.34522 -0.06684 0.93614 0.33395 0.01303 0.9425 0.31685 0.02995 0.948 0.30893 0.07076 0.94845 0.29008 0.08445 0.95327 0.28362 0.11136 0.95245 0.24306 0.13207 0.96098 0.24243 0.13317 0.96098 0.22161 0.05733 0.97345 0.20199 0.07611 0.97643 0.1875 0.02526 0.98194 0.16848 0.04895 0.98449 0.1511 -0.01092 0.98846 0.13285 0.01808 0.99097 0.11163 -0.05397 0.99228 0.09438 -0.0199 0.99534 0.07791 -0.07559 0.99409 0.04996 -0.0557 0.9972 0.06607 -0.16215 0.98455 0.04055 -0.2449 0.9687 0.0402 -0.23675 0.97074 0.01178 -0.32773 0.9447 0.03145 -0.51141 0.85876 -0.00065 -0.59262 0.80548 0.01752 -0.77307 0.63408 -0.01095 -0.81509 0.57923 0.00589 -0.92909 0.36981 0.00464 -0.9815 0.19138 -0.00132 0.09808 0.99518 0.01478 0.04256 0.99898 0.06356 0.07604 0.99508 0.08115 0.01063 0.99665 0.08646 0.01314 0.99617 0.14207 -0.00254 0.98985 0.11918 -0.00884 0.99283 0.12218 -0.03056 0.99204 0.15227 -0.0389 0.98757 0.90773 -0.04106 0.41753 0.90875 -0.01739 0.41698 0.88819 0.02679 0.45869 0.89413 0.00362 0.4478 0.86048 0.06106 0.50581 0.87024 0.02962 0.49173 0.83348 0.08026 0.54669 0.84631 0.0438 0.53089 0.80694 0.08873 0.58393 0.82211 0.04942 0.56717 0.78023 0.08942 0.61907 0.79718 0.04882 0.60177 0.75261 0.08446 0.65302 0.77089 0.04387 0.63546 0.72328 0.07553 0.68642 0.74254 0.03611 0.66883 0.69133 0.06412 0.71969 0.7113 0.02696 0.70237 0.65567 0.0516 0.75328 0.67606 0.01779 0.73663 0.63845 0.03121 0.76903 0.63527 0.01054 0.77222 0.60552 0.01771 0.79563 0.60492 0.01335 0.79617 0.62131 0.00301 0.78356 0.62098 -0.00035 0.78382 0.59812 0.00741 0.80138 0.59776 0.0003 0.80168 0.58327 0.0075 0.81224 0.58301 -0.00237 0.81246 0.5551 0.00859 0.83174 0.03518 0.04656 0.9983 0.03494 0.02581 0.99906 0.03562 0.02578 0.99903 0.0353 0.00744 0.99935 0.03208 0.00759 0.99946 0.03178 -0.00509 0.99948 0.02809 -0.00481 0.99959 0.02788 -0.01267 0.99953 0.04264 -0.01369 0.999 0.04231 -0.01976 0.99891 0.02678 -0.01777 0.99948 0.02629 -0.02643 0.99931 0.06824 -0.01909 0.99749 0.07423 -0.01952 0.99705 0.11776 -0.00168 0.99304 0.11329 -0.00093 0.99356 0.16673 0.02139 0.98577 0.15336 0.02541 0.98784 0.19461 0.06199 0.97892 0.19716 0.0608 0.97848 0.24211 0.10111 0.96497 0.24397 0.09987 0.96463 0.29015 0.14099 0.94654 0.2929 0.13849 0.94606 0.3382 0.17775 0.92413 0.34301 0.17202 0.92345 0.3858 0.2072 0.89901 0.39375 0.19513 0.89827 0.43294 0.22462 0.87299 0.44528 0.20128 0.87247 0.48033 0.22405 0.84799 0.49859 0.18097 0.84773 0.52928 0.19642 0.8254 0.54291 0.156 0.82517 0.58984 0.10629 0.80049 0.58551 0.11498 0.80247 0.59366 0.16955 0.78665 0.62684 0.14893 0.76478 0.62608 0.14287 0.76656 0.64659 0.16154 0.74554 0.64459 0.14363 0.75091 0.66338 0.16383 0.73012 0.66122 0.14246 0.73654 0.67842 0.16359 0.71623 0.68068 0.19475 0.70622 0.73275 0.07806 0.676 0.73632 0.12219 0.66551 0.76521 0.09301 0.63702 0.76713 0.13535 0.62704 0.80903 0.03378 0.5868 0.81093 0.06707 0.58129 0.83106 0.04765 0.55413 0.83184 0.07171 0.55037 0.86449 -0.01495 0.50242 0.86625 0.02021 0.4992 0.88627 -0.03779 0.46162 0.88791 -0.00735 0.45996 0.90469 -0.05915 0.42194 0.90627 -0.03257 0.42143 0.92007 -0.07895 0.38371 0.92256 -0.03666 0.38412 0.9125 -0.03283 0.40775 0.91775 -0.03106 0.39595 0.02085 -0.02003 0.99958 0.023 -0.034 0.99916 -0.07007 -0.03392 0.99697 -0.06841 -0.02256 0.9974 -0.17061 0.00557 0.98532 -0.17499 -0.01436 0.98447 -0.2139 0.01822 0.97669 -0.22156 -0.01586 0.97502 -0.1899 0.09044 0.97763 -0.24209 0.08763 0.96629 -0.24214 0.07234 0.96754 -0.30621 0.06832 0.94951 -0.30589 0.05123 0.95069 -0.37385 0.04632 0.92633 -0.37272 0.02926 0.92748 -0.42489 0.02487 0.9049 -0.42353 0.0137 0.90578 -0.4555 0.0101 0.89018 -0.44829 0.01341 0.89379 -0.48669 0.00798 0.87354 -0.48752 0.01239 0.87302 -0.49087 0.01176 0.87115 -0.49323 0.02278 0.8696 -0.53176 0.01304 0.84679 -0.5189 0.04746 0.85352 -0.5799 0.02641 0.81426 -0.58039 0.02478 0.81396 -0.54583 0.0771 0.83434 -0.5371 0.03768 0.84268 -0.52124 0.08897 0.84876 -0.51051 0.0429 0.8588 -0.4927 0.10005 0.86443 -0.47996 0.048 0.87598 -0.45992 0.11105 0.88099 -0.44538 0.05462 0.89368 -0.42253 0.12521 0.89766 -0.41977 0.11458 0.90037 -0.40325 0.1264 0.90632 -0.40503 0.13302 0.90458 -0.37532 0.16004 0.91298 -0.3738 0.1544 0.91457 -0.33906 0.19463 0.92041 -0.33128 0.1658 0.92885 -0.30497 0.20554 0.92992 -0.29641 0.24233 0.9238 -0.33915 0.16726 0.92575 -0.32159 0.25221 0.91267 -0.364 0.16834 0.91606 -0.34701 0.25721 0.9019 -0.38918 0.16349 0.90654 -0.37281 0.25619 0.89184 -0.41472 0.15121 0.8973 -0.39915 0.24775 0.88278 -0.44069 0.12956 0.88826 -0.42626 0.22995 0.87489 -0.46698 0.09594 0.87905 -0.45428 0.20014 0.86809 -0.47085 0.14085 0.87089 -0.4489 0.03928 0.89272 -0.43457 0.11202 0.89364 -0.43894 0.05563 0.89679 -0.45411 -0.04673 0.88972 -0.45233 0.01412 0.89174 -0.4651 -0.09546 0.8801 -0.4649 -0.03475 0.88468 -0.47441 -0.15146 0.86717 -0.47605 -0.09165 0.87463 -0.48128 -0.21516 0.84975 -0.48496 -0.15728 0.86028 -0.48473 -0.28643 0.82643 -0.49057 -0.23171 0.84003 -0.48362 -0.36454 0.79575 -0.49157 -0.31432 0.81214 -0.47679 -0.44778 0.75641 -0.48654 -0.40356 0.77486 -0.46326 -0.53352 0.70763 -0.47422 -0.49653 0.72704 -0.44253 -0.6183 0.64952 -0.45385 -0.58917 0.66851 -0.4148 -0.69832 0.58334 -0.42556 -0.67694 0.60054 -0.38106 -0.77025 0.51139 -0.39046 -0.75572 0.52577 -0.34298 -0.83165 0.43671 -0.35055 -0.82254 0.44783 -0.30255 -0.88152 0.36246 -0.30808 -0.87635 0.37027 -0.26159 -0.92021 0.29119 -0.26525 -0.91756 0.29617 -0.22162 -0.94887 0.22477 -0.22377 -0.9477 0.22758 -0.18368 -0.96918 0.16419 -0.18478 -0.96873 0.16559 -0.14875 -0.9827 0.11035 -0.1204 -0.98801 0.09665 -0.12084 -0.98789 0.09729 -0.08971 -0.99258 0.08205 -0.06119 -0.99774 0.02784 -0.05281 -0.99759 0.04511 -0.04555 -0.99845 0.03198 -0.04379 -0.99671 0.06821 -0.04517 -0.99654 0.06974 -0.0823 -0.97519 0.20551 -0.04261 -0.98388 0.17366 -0.08951 -0.95058 0.29731 -0.11225 -0.89919 0.42291 -0.10969 -0.90301 0.41539 -0.13071 -0.82138 0.55521 -0.12688 -0.83024 0.54278 -0.14312 -0.714 0.68536 -0.13827 -0.73107 0.66814 -0.14696 -0.58446 0.798 -0.1418 -0.61159 0.77837 -0.14188 -0.44752 0.88295 -0.13713 -0.48427 0.86411 -0.12957 -0.31837 0.93907 -0.12566 -0.3626 0.92343 -0.11255 -0.20714 0.97182 -0.1096 -0.25571 0.96052 -0.09305 -0.11696 0.98877 -0.09097 -0.16734 0.98169 -0.07724 -0.07719 0.99402 -0.10085 0.00291 0.9949 -0.10402 -0.07792 0.99152 -0.1406 0.04618 0.98899 -0.14339 -0.03568 0.98902 -0.17754 0.08208 0.98068 -0.18015 0.00063 0.98364 -0.21151 0.11108 0.97104 -0.21405 0.03088 0.97633 -0.24314 0.13578 0.96044 -0.25058 0.10875 0.96197 -0.27164 0.18708 0.94404 -0.24707 0.25116 0.93588 -0.25591 0.11754 0.95953 -0.20404 0.2268 0.95233 -0.2238 0.13537 0.96519 -0.1794 0.21653 0.95965 -0.20027 0.13076 0.97098 -0.15527 0.20238 0.96692 -0.17729 0.12239 0.97652 -0.13172 0.1852 0.97383 -0.15492 0.11113 0.98166 -0.10887 0.16571 0.98015 -0.13328 0.09772 0.98625 -0.08693 0.14459 0.98567 -0.1125 0.08284 0.99019 -0.06608 0.12252 0.99026 -0.09273 0.06712 0.99343 -0.04657 0.10009 0.99389 -0.07414 0.05108 0.99594 -0.02445 0.08033 0.99647 -0.04644 0.01817 0.99876 0.00398 0.03728 0.9993 -0.01747 -0.00305 0.99984 -0.03125 -0.00593 0.99949 -0.03359 0.00546 0.99942 -0.07408 -0.02405 0.99696 -0.08021 0.00496 0.99677 -0.11437 -0.02232 0.99319 -0.11643 -0.01272 0.99312 -0.13211 -0.01911 0.99105 -0.1329 -0.015 0.99102 -0.11002 -0.01358 0.99384 -0.11075 -0.00815 0.99381 -0.13876 -0.01365 0.99023 -0.13971 -0.00615 0.99017 -0.1383 -0.00599 0.99037 -0.13952 0.00627 0.9902 -0.10003 0.00718 0.99496 -0.10091 0.02503 0.99458 -0.03491 0.02578 0.99906 -0.03515 0.04674 0.99829 0.03201 0.04674 0.99839 0.03215 0.07038 0.997 0.07929 0.0698 0.9944 0.07937 0.08855 0.9929 0.1152 0.08769 0.98946 0.11517 0.09997 0.9883 0.14065 0.09841 0.98516 -1E-05 -0.92299 -0.38482 -1E-05 -0.9965 -0.08358 0.00605 -0.19261 -0.98126 0 -0.07139 -0.99745 0.00184 -0.07758 -0.99698 -0 -0.09892 -0.9951 -0.00763 -0.1251 -0.99211 0.00438 -0.15271 -0.98826 -0.00071 -0.1093 -0.99401 0.00091 -0.34153 -0.93987 -0.00204 -0.31716 -0.94837 0.00384 -0.29463 -0.9556 -0.00221 -0.2667 -0.96378 0.00023 -0.24955 -0.96836 -5E-05 -0.23671 -0.97158 0.00093 -0.20639 -0.97847 0.00041 -0.42741 -0.90406 -0.00297 -0.41431 -0.91013 0.00335 -0.38503 -0.9229 -0 -0.37283 -0.9279 0 -0.34907 -0.9371 0.00102 -0.57759 -0.81632 -0.00284 -0.55999 -0.82849 0.00346 -0.54319 -0.8396 0.00076 -0.53251 -0.84643 -0.00126 -0.50517 -0.86302 -0.00156 -0.5044 -0.86347 0.0018 -0.4674 -0.88405 -0 -0.46308 -0.88631 0 -0.4409 -0.89756 0.00045 -0.64551 -0.76376 -0.00225 -0.63633 -0.77142 0.00398 -0.6136 -0.78961 -0 -0.60514 -0.79612 0 -0.58506 -0.81099 -0 -0.54253 -0.84004 -0.00053 -0.64238 -0.76638 0.00069 -0.64506 -0.76414 -0.00126 -0.61327 -0.78987 -0.00146 -0.61303 -0.79006 0.0012 -0.57353 -0.81918 0.00314 -0.57681 -0.81687 -0.00182 -0.54914 -0.83573 -0.00685 -0.53266 -0.8463 -0.00139 -0.38468 -0.92305 -0.00015 -0.38737 -0.92192 9E-05 -0.42719 -0.90416 0 -0.4269 -0.9043 -0 -0.46696 -0.88428 -0.00932 -0.45071 -0.89262 0.01135 -0.5032 -0.8641 -0.00647 -0.48074 -0.87684 0 -0.51065 -0.85979 -0.00116 -0.22935 -0.97334 0 -0.25842 -0.96603 -0 -0.2942 -0.95574 -0.00365 -0.28681 -0.95798 0.00251 -0.34107 -0.94004 0 -0.33419 -0.9425 -0 -0.35951 -0.93314 0.0003 -0.12673 -0.99194 -0.00043 -0.17569 -0.98445 -0.00626 -0.19266 -0.98125 0.00655 -0.24886 -0.96852 -0 -0.09889 -0.9951 -0.00364 -0.10985 -0.99394 -0.01828 -0.07138 -0.99728 -0 -0.09807 -0.99518 0.00042 -0.74453 -0.66759 -8E-05 -0.81611 -0.57789 -0.00048 -0.78685 -0.61714 -0.00246 -0.77884 -0.62722 -7E-05 -0.79836 -0.60219 -0.00126 -0.82451 -0.56585 -0.00246 -0.83278 -0.5536 -0.00052 -0.82625 -0.5633 0.0002 -0.84977 -0.52716 -0.00113 -0.86012 -0.51009 -0.0002 -0.86504 -0.50171 0.00019 -0.87956 -0.47578 -0.00077 -0.87415 -0.48566 6E-05 -0.88083 -0.47344 3E-05 -0.89076 -0.45448 -0.00123 -0.90882 -0.4172 0.00319 -0.89261 -0.45081 -0.00465 -0.90599 -0.42327 -0.00205 -0.90041 -0.43504 -0.00107 -0.90687 -0.42141 -0.00175 -0.91054 -0.41341 -0.00315 -0.91383 -0.40608 0.00136 -0.9058 -0.42371 -0.00082 -0.91853 -0.39535 0 -0.91597 -0.40124 2E-05 -0.91585 -0.40153 0.00073 -0.91818 -0.39617 0.00225 -0.91373 -0.40632 0.00103 -0.91021 -0.41415 -0.00241 -0.89353 -0.44899 0.00464 -0.90566 -0.42399 0.00203 -0.89995 -0.43598 -2E-05 -0.89015 -0.45567 1E-05 -0.87991 -0.47513 9E-05 -0.87937 -0.47615 -2E-05 -0.87336 -0.48707 0.00047 -0.85773 -0.5141 0.00248 -0.86351 -0.50432 1E-05 -0.84857 -0.52908 -1E-05 -0.83204 -0.55471 0.00131 -0.8227 -0.56848 0.00128 -0.82292 -0.56816 6E-05 -0.81425 -0.58052 -0.00013 -0.78554 -0.61881 0.00015 -0.78652 -0.61757 -0.00014 -0.74567 -0.66631 -0.00277 -0.73569 -0.67731 0 -0.71451 -0.69963 -0.00021 -0.94594 -0.32435 -0.00073 -0.95146 -0.30778 -0.00117 -0.95438 -0.29858 -0.00137 -0.95567 -0.29444 -0.00178 -0.95788 -0.28718 -0.00231 -0.96026 -0.27911 0.00234 -0.93979 -0.34174 0.00139 -0.94518 -0.32654 -0.00013 -0.98056 -0.19624 -0.00051 -0.98304 -0.18342 -0.00109 -0.98517 -0.1716 -0.00181 -0.98698 -0.16081 0.00246 -0.97768 -0.21008 0.00155 -0.98017 -0.19817 0 -0.98723 -0.15932 0.00024 -0.98523 -0.17122 0.00074 -0.98289 -0.18418 0.00025 -0.95785 -0.28728 0.00043 -0.95588 -0.29374 -0.00034 -0.96308 -0.2692 0.00031 -0.95457 -0.29797 0.00061 -0.95104 -0.30907 -0.00178 -0.97617 -0.21698 -0.00122 -0.97414 -0.22595 9E-05 -0.9604 -0.27862 -0.00013 -0.96652 -0.25659 -0.00056 -0.97057 -0.24083 0.00043 -0.97036 -0.24167 0.00113 -0.96603 -0.25843 0.0019 -0.96242 -0.27154 1E-05 -0.97809 -0.2082 -0 -0.97658 -0.21517 6E-05 -0.97418 -0.22579 1E-05 -0.99417 -0.10786 -0.00038 -0.99524 -0.09743 0.00035 -0.99414 -0.10813 -1E-05 -0.99531 -0.09671 0 -0.99588 -0.09064 0 -0.99587 -0.09079 -0 -0.99649 -0.08369 -0 -0.98848 -0.15135 -0 -0.98844 -0.15164 1E-05 -0.98923 -0.1464 -9E-05 -0.99041 -0.13816 -0.00037 -0.99162 -0.12915 -0.00079 -0.99265 -0.12106 0.00019 -0.99162 -0.12916 0.0006 -0.99029 -0.13901 0.00111 -0.98909 -0.14732 -0 -0.99334 -0.11526 -0 -0.99336 -0.11506 0 -0.99275 -0.12024 -0.00021 -0.92868 -0.37089 1E-05 -0.93431 -0.35646 -0 -0.9374 -0.34824 0 -0.93804 -0.34653 -2E-05 -0.94099 -0.33844 -0.00064 -0.92327 -0.38416 0.00062 -0.93367 -0.35813 0.00018 -0.92822 -0.37204 -2E-05 -0.99827 -0.05877 1E-05 -0.9973 -0.07344 -1E-05 -0.99729 -0.07363 0 -0.99783 -0.06584 -0 -0.99782 -0.06597 0 -0.9981 -0.06159 -0 -0.9981 -0.06165 -0 -0.9982 -0.05989 9E-05 -0.99826 -0.05904 0.00029 -0.99811 -0.06139 -6E-05 -0.99831 -0.05804 -6E-05 -0.99831 -0.05806 0.00084 -0.74603 -0.66591 -0.00019 -0.71724 -0.69683 -1E-05 -0.71178 -0.7024 2E-05 -0.67911 -0.73403 -2E-05 -0.67946 -0.73371 0 -0.65353 -0.7569 0 -0.65369 -0.75676 0.92122 0.38905 0 0.91406 0.40559 -0.00023 0.8666 0.49901 -0.00026 0.88002 0.47494 -0 0.89955 0.43681 0 0.78632 0.61781 0 0.80801 0.58917 -0.00019 0.80962 0.58695 -0.00022 0.83016 0.55752 -0 0.85393 0.52039 0 0.75579 0.65482 -0 0.74375 0.66845 -0.00023 0.72045 0.69351 0 0.68562 0.72796 -0 0.66972 0.74261 -0.00025 0.64656 0.76287 0 0.60734 0.79444 -0 0.58834 0.80861 -0.00025 0.5649 0.82516 -0 0.52044 0.8539 0 0.50049 0.86574 -0.00025 0.475 0.87998 -0 0.43007 0.9028 0 0.40715 0.91336 -0.00025 0.38219 0.92408 -0 0.33506 0.9422 0 0.30934 0.95095 -0.00025 0.28956 0.95716 -5E-05 0.20813 0.9781 -0.00017 0.21945 0.97562 0 0.26352 0.96465 -0 0.10464 0.99451 -0.00023 0.12351 0.99234 0 0.16805 0.98578 -0 -0.02331 0.99973 -0.00047 0.02623 0.99966 0 0.07134 0.99745 -0 -0.04947 0.99878 -0.00094 0 1 0 -0.09177 0.99578 -0 -0.10464 0.99451 -0.00019 -0.14384 0.9896 0 -0.18645 0.98246 -0 -0.20813 0.9781 -0.00024 -0.23766 0.97135 0 -0.26921 0.96308 -0 -0.30934 0.95095 -0.00016 -0.3193 0.94766 0 -0.3627 0.93191 -0 -0.40715 0.91336 -7E-05 -0.41017 0.91201 -2E-05 -0.4958 0.86844 2E-05 -0.50049 0.86574 -8E-05 -0.54138 0.84078 0 -0.58834 0.80861 -0 -0.58682 0.80972 -4E-05 -0.66972 0.74261 -0 -0.70519 0.70902 -0.00096 -0.66588 0.74606 3E-05 -0.80962 0.58695 -0 -0.81991 0.57249 -0.00035 -0.78886 0.61458 0 -0.74375 0.66845 -0 -0.77487 0.63211 -0.00094 -0.74085 0.67167 0 -0.91406 0.40559 0 -0.91655 0.39992 -0.00012 -0.89433 0.4474 0 -0.8666 0.49901 -0 -0.87265 0.48834 -0.00024 -0.84588 0.53337 0 -0.24817 -0.96872 -0 0.65325 -0.75714 0 0.61893 -0.78545 0 0.59653 -0.80259 -0.00015 0.58834 -0.80861 -0.00026 0.56528 -0.8249 0 0.50049 -0.86574 -0 0.54044 -0.84138 -0.00092 0.51842 -0.85513 -0.00047 0.73268 -0.68057 -0.00011 0.75476 -0.656 -0.0004 0.72407 -0.68973 -5E-05 0.71534 -0.69878 -0 0.66972 -0.74261 0 0.69393 -0.72005 -0.00065 0.67795 -0.73511 -0.00038 0.77343 -0.63388 -0.0009 0.74375 -0.66845 0 0.80418 -0.59438 -0 0.80962 -0.58695 -0.00015 0.83422 -0.55143 0 0.91406 -0.40559 0 0.92815 -0.3722 -0.00072 0.9074 -0.42027 0 0.8666 -0.49901 -0 0.88584 -0.46399 -0.00079 0.86036 -0.50969 -0 -0.80962 -0.58695 -1E-05 -0.86611 -0.49986 1E-05 -0.8666 -0.49901 -1E-05 -0.91384 -0.40607 1E-05 -0.91406 -0.40559 0 -0.74375 -0.66845 -0.00023 -0.76594 -0.64291 0 -0.8094 -0.58726 -0 -0.66972 -0.74261 -0.00018 -0.69917 -0.71496 0 -0.73118 -0.68218 -0 -0.55091 -0.83457 -0 -0.59107 -0.80662 -0.00012 -0.58834 -0.80861 -6E-05 -0.62726 -0.77881 0 -0.66073 -0.75062 -0 -0.51623 -0.85645 0 -0.50049 -0.86574 -0.00022 -0.47952 -0.87753 -7E-05 -0.40715 -0.91336 -0.00024 -0.42987 -0.90289 0 -0.46347 -0.88611 -0 -0.26386 -0.96456 0 -0.30305 -0.95298 -7E-05 -0.30934 -0.95095 -0.00017 -0.34796 -0.93751 0 -0.38196 -0.92418 -0 -0.03272 -0.99946 -0 -0.07046 -0.99751 0 -0.10464 -0.99451 -0.00022 -0.12268 -0.99245 -0 -0.20813 -0.9781 0 -0.15996 -0.98712 -0.00092 -0.20033 -0.97973 -0.0002 -0.00155 -1 -0.00022 0 -1 -0.00024 0.0314 -0.99951 0 0.07188 -0.99741 -0 0.10464 -0.99451 -0.00023 0.12405 -0.99228 0 0.17055 -0.98535 -0 0.20813 -0.9781 -0.0002 0.22191 -0.97507 0 0.30934 -0.95095 -0.00024 0.28944 -0.9572 -8E-05 0.26887 -0.96318 -0 0.47812 -0.8783 0 0.42915 -0.90323 -0 0.40715 -0.91336 -0.00025 0.38132 -0.92444 -0 0.32982 -0.94404 0 0 0.21101 -0.97748 1E-05 0.16598 -0.98613 -0.00027 0.16602 -0.98612 0.00029 0.18358 -0.983 0.01299 0.1818 -0.98325 -0.01557 0.19591 -0.9805 -0.00148 0.19506 -0.98079 0.00022 0.20936 -0.97784 -0.00142 0.21247 -0.97717 1E-05 0.15502 -0.98791 0.00557 0.15056 -0.98858 0.00042 0.1523 -0.98833 0 0.21286 -0.97708 0.00057 0.21086 -0.97752 -1E-05 0.16608 -0.98611 0.00027 0.16592 -0.98614 -0.00014 0.17902 -0.98385 -0.00656 0.18499 -0.98272 0.00969 0.19302 -0.98115 0.00093 0.19968 -0.97986 -0.00023 0.20936 -0.97784 -0 0.22981 -0.97323 -0.00244 0.22592 -0.97414 -0.00965 0.22125 -0.97517 0 0.22297 -0.97483 -1E-05 0.15502 -0.98791 -0.00288 0.15272 -0.98827 -0.00021 0.14967 -0.98874</float_array>
          <technique_common>
            <accessor source="#norm_0-array" count="30600" stride="3">
              <param name="X" type="float"/>
              <param name="Y" type="float"/>
              <param name="Z" type="float"/>
            </accessor>
          </technique_common>
        </source>
        <vertices id="vert_0">
          <input semantic="POSITION" source="#pos_0"/>
        </vertices>
        <triangles count="11160" material="mat_0">
          <input semantic="VERTEX" source="#vert_0" offset="0"/>
          <input semantic="NORMAL" source="#norm_0" offset="1"/>
          <p>0 0 1 0 2 0 1 0 3 0 2 0 2 0 3 0 4 0 3 0 5 0 4 0 4 0 5 0 6 0 7 0 8 0 9 0 10 0 11 0 12 0 9 0 13 0 10 0 13 0 14 0 10 0 10 0 14 0 11 0 15 0 16 0 17 0 16 0 18 0 17 0 17 0 18 0 19 0 18 0 20 0 19 0 19 0 20 0 21 0 20 0 22 0 21 0 21 0 22 0 23 0 22 0 0 0 23 0 23 0 0 0 24 0 0 0 2 0 24 0 8 0 25 0 9 0 25 0 26 0 9 0 9 0 26 0 13 0 6 0 27 0 4 0 27 0 28 0 4 0 4 0 28 0 29 0 28 0 30 0 29 0 29 0 30 0 31 0 32 0 33 0 34 0 33 0 35 0 34 0 34 0 35 0 36 0 35 0 37 0 36 0 36 0 37 0 38 0 37 0 39 0 38 0 31 0 40 0 29 0 40 0 41 0 29 0 29 0 41 0 42 0 43 0 44 0 29 0 9 0 45 0 46 0 34 0 47 0 32 0 47 0 48 0 32 0 32 0 48 0 49 0 48 0 50 0 49 0 49 0 50 0 51 0 50 0 52 0 51 0 51 0 52 0 53 0 52 0 54 0 53 0 53 0 54 0 55 0 54 0 56 0 55 0 55 0 56 0 57 0 56 0 58 0 57 0 57 0 58 0 59 0 58 0 60 0 59 0 59 0 60 0 61 0 60 0 62 0 61 0 61 0 62 0 63 0 62 0 64 0 63 0 63 0 64 0 65 0 64 0 66 0 65 0 65 0 66 0 67 0 66 0 68 0 67 0 67 0 68 0 69 0 68 0 70 0 69 0 69 0 70 0 71 0 70 0 72 0 71 0 71 0 72 0 73 0 72 0 10 0 73 0 73 0 10 0 74 0 10 0 12 0 74 0 17 0 75 0 15 0 75 0 76 0 15 0 15 0 76 0 77 0 76 0 78 0 77 0 77 0 78 0 79 0 78 0 80 0 79 0 79 0 80 0 81 0 80 0 39 0 81 0 81 0 39 0 82 0 39 0 37 0 82 0 44 0 83 0 29 0 83 0 84 0 29 0 29 0 84 0 9 0 84 0 85 0 9 0 9 0 85 0 45 0 46 0 86 0 9 0 86 0 87 0 9 0 9 0 87 0 7 0 42 0 88 0 29 0 88 0 89 0 29 0 29 0 89 0 43 0 90 1 91 1 92 1 91 1 93 1 92 1 92 1 93 1 94 1 95 1 96 1 97 1 96 1 98 1 97 1 97 1 98 1 99 1 99 1 100 1 97 1 100 1 101 1 97 1 97 1 101 1 102 1 94 1 103 1 92 1 103 1 104 1 92 1 92 1 104 1 105 1 106 1 107 1 95 1 107 1 108 1 95 1 95 1 108 1 96 1 90 1 109 1 110 1 109 1 90 1 111 1 90 1 112 1 111 1 111 1 112 1 113 1 110 1 114 1 90 1 114 1 115 1 90 1 90 1 115 1 91 1 105 1 116 1 92 1 116 1 117 1 92 1 92 1 117 1 118 1 118 1 119 1 92 1 119 1 120 1 92 1 92 1 120 1 95 1 120 1 121 1 95 1 95 1 121 1 122 1 122 1 123 1 95 1 123 1 124 1 95 1 95 1 124 1 125 1 125 1 126 1 95 1 126 1 127 1 95 1 95 1 127 1 106 1 128 1 129 1 130 1 129 1 131 1 130 1 130 1 131 1 132 1 131 1 133 1 132 1 132 1 133 1 134 1 130 1 135 1 128 1 135 1 136 1 128 1 128 1 136 1 137 1 136 1 138 1 137 1 137 1 138 1 139 1 138 1 140 1 139 1 139 1 140 1 141 1 140 1 113 1 141 1 141 1 113 1 142 1 113 1 112 1 142 1 101 1 143 1 102 1 143 1 144 1 102 1 102 1 144 1 145 1 144 1 146 1 145 1 145 1 146 1 147 1 146 1 148 1 147 1 147 1 148 1 149 1 148 1 150 1 149 1 149 1 150 1 151 1 150 1 152 1 151 1 151 1 152 1 153 1 152 1 154 1 153 1 153 1 154 1 155 1 154 1 156 1 155 1 155 1 156 1 157 1 156 1 158 1 157 1 157 1 158 1 159 1 160 1 161 1 162 1 161 1 163 1 162 1 162 1 163 1 164 1 163 1 165 1 164 1 134 1 133 1 166 1 133 1 167 1 166 1 166 1 167 1 168 1 167 1 169 1 168 1 168 1 169 1 165 1 169 1 170 1 165 1 165 1 170 1 164 1 159 1 158 1 171 1 158 1 172 1 171 1 171 1 172 1 173 1 162 1 174 1 160 1 174 1 175 1 160 1 160 1 175 1 176 1 175 1 177 1 176 1 176 1 177 1 178 1 177 1 173 1 178 1 178 1 173 1 179 1 173 1 172 1 179 1 161 2 33 2 163 2 33 2 32 2 163 2 163 3 32 3 165 3 32 3 49 3 165 3 165 4 49 4 168 4 49 4 51 4 168 4 168 5 51 5 166 5 51 5 53 5 166 5 166 6 53 6 134 6 53 6 55 6 134 6 134 7 55 7 132 7 55 7 57 7 132 7 132 8 57 8 130 8 57 8 59 8 130 8 130 9 59 9 135 9 59 9 61 9 135 9 135 10 61 10 136 10 61 10 63 10 136 10 136 11 63 11 138 11 63 11 65 11 138 11 138 12 65 12 140 12 65 12 67 12 140 12 140 13 67 13 113 13 67 13 69 13 113 13 113 14 69 14 111 14 69 14 71 14 111 14 111 15 71 15 109 15 71 15 73 15 109 15 109 16 73 16 110 16 73 16 74 16 110 16 110 17 74 17 114 17 74 17 12 17 114 17 114 18 12 18 115 18 12 18 11 18 115 18 115 19 11 19 91 19 11 19 14 19 91 19 91 20 14 20 93 20 14 20 13 20 93 20 93 21 13 21 94 21 13 21 26 21 94 21 94 22 26 22 103 22 26 22 25 22 103 22 103 23 25 23 104 23 25 23 8 23 104 23 104 24 8 24 105 24 8 24 7 24 105 24 105 25 7 25 116 25 7 25 87 25 116 25 116 26 87 26 117 26 87 26 86 26 117 26 117 27 86 27 118 27 86 27 46 27 118 27 118 28 46 28 119 28 46 28 45 28 119 28 119 29 45 29 120 29 45 29 85 29 120 29 120 30 85 30 121 30 85 30 84 30 121 30 121 31 84 31 122 31 84 31 83 31 122 31 122 32 83 32 123 32 83 32 44 32 123 32 123 33 44 33 124 33 44 33 43 33 124 33 124 34 43 34 125 34 43 34 89 34 125 34 125 35 89 35 126 35 89 35 88 35 126 35 126 36 88 36 127 36 88 36 42 36 127 36 127 37 42 37 106 37 42 37 41 37 106 37 106 38 41 38 107 38 41 38 40 38 107 38 107 39 40 39 108 39 40 39 31 39 108 39 108 40 31 40 96 40 31 40 30 40 96 40 96 41 30 41 98 41 30 41 28 41 98 41 98 42 28 42 99 42 28 42 27 42 99 42 99 43 27 43 100 43 27 43 6 43 100 43 100 44 6 44 101 44 6 44 5 44 101 44 101 45 5 45 143 45 5 45 3 45 143 45 143 46 3 46 144 46 3 46 1 46 144 46 144 47 1 47 146 47 1 47 0 47 146 47 146 48 0 48 148 48 0 48 22 48 148 48 148 49 22 49 150 49 22 49 20 49 150 49 150 50 20 50 152 50 20 50 18 50 152 50 152 51 18 51 154 51 18 51 16 51 154 51 154 52 16 52 156 52 16 52 15 52 156 52 156 53 15 53 158 53 15 53 77 53 158 53 158 54 77 54 172 54 77 54 79 54 172 54 172 55 79 55 179 55 79 55 81 55 179 55 179 56 81 56 178 56 81 56 82 56 178 56 178 57 82 57 176 57 82 57 37 57 176 57 176 58 37 58 160 58 37 58 35 58 160 58 160 59 35 59 161 59 35 59 33 59 161 59 90 45 92 45 10 45 92 45 9 45 10 45 90 60 10 60 72 60 90 60 72 60 112 60 72 61 70 61 112 61 112 61 70 61 142 61 70 62 68 62 142 62 142 62 68 62 141 62 68 63 66 63 141 63 141 63 66 63 139 63 66 64 64 64 139 64 139 64 64 64 137 64 64 65 62 65 137 65 137 65 62 65 128 65 62 66 60 66 128 66 128 66 60 66 129 66 60 67 58 67 129 67 129 67 58 67 131 67 58 68 56 68 131 68 131 68 56 68 133 68 56 69 54 69 133 69 133 69 54 69 167 69 54 70 52 70 167 70 167 70 52 70 169 70 52 71 50 71 169 71 169 71 50 71 170 71 50 72 48 72 170 72 170 72 48 72 164 72 48 73 47 73 164 73 164 73 47 73 162 73 47 74 34 74 162 74 162 74 34 74 174 74 34 75 36 75 174 75 174 75 36 75 175 75 36 76 38 76 175 76 175 76 38 76 177 76 38 77 39 77 177 77 177 77 39 77 173 77 39 78 80 78 173 78 173 78 80 78 171 78 80 79 78 79 171 79 171 79 78 79 159 79 78 80 76 80 159 80 159 80 76 80 157 80 76 81 75 81 157 81 157 81 75 81 155 81 75 82 17 82 155 82 155 82 17 82 153 82 17 83 19 83 153 83 153 83 19 83 151 83 19 84 21 84 151 84 151 84 21 84 149 84 21 85 23 85 149 85 149 85 23 85 147 85 23 86 24 86 147 86 147 86 24 86 145 86 24 87 2 87 145 87 145 87 2 87 102 87 2 88 4 88 102 88 102 88 4 88 97 88 95 16 97 16 29 16 97 16 4 16 29 16 180 1 181 1 182 1 181 1 183 1 182 1 182 1 183 1 184 1 184 1 185 1 182 1 185 1 186 1 182 1 182 1 186 1 187 1 188 1 189 1 180 1 189 1 190 1 180 1 180 1 190 1 181 1 191 1 192 1 193 1 192 1 194 1 193 1 193 1 194 1 195 1 194 1 196 1 195 1 195 1 196 1 197 1 197 1 198 1 195 1 198 1 199 1 195 1 195 1 199 1 200 1 201 1 202 1 203 1 202 1 204 1 203 1 203 1 204 1 205 1 204 1 206 1 205 1 205 1 206 1 207 1 206 1 208 1 207 1 207 1 208 1 209 1 208 1 191 1 209 1 209 1 191 1 210 1 191 1 193 1 210 1 199 1 211 1 200 1 211 1 212 1 200 1 200 1 212 1 213 1 214 1 215 1 200 1 215 1 216 1 200 1 200 1 216 1 180 1 216 1 217 1 180 1 217 1 218 1 180 1 218 1 219 1 180 1 180 1 219 1 220 1 213 1 221 1 200 1 221 1 222 1 200 1 200 1 222 1 223 1 220 1 224 1 180 1 224 1 225 1 180 1 180 1 225 1 188 1 186 1 226 1 187 1 226 1 227 1 187 1 187 1 227 1 228 1 227 1 229 1 228 1 228 1 229 1 230 1 229 1 231 1 230 1 230 1 231 1 232 1 231 1 233 1 232 1 232 1 233 1 234 1 233 1 235 1 234 1 234 1 235 1 236 1 235 1 237 1 236 1 223 1 238 1 200 1 238 1 239 1 200 1 200 1 239 1 214 1 235 1 240 1 237 1 240 1 241 1 237 1 237 1 241 1 242 1 241 1 243 1 242 1 242 1 243 1 244 1 243 1 245 1 244 1 244 1 245 1 246 1 245 1 247 1 246 1 246 1 247 1 248 1 247 1 249 1 248 1 248 1 249 1 250 1 249 1 251 1 250 1 250 1 251 1 252 1 251 1 253 1 252 1 252 1 253 1 254 1 253 1 255 1 254 1 254 1 255 1 256 1 255 1 257 1 256 1 256 1 257 1 258 1 257 1 259 1 258 1 258 1 259 1 260 1 259 1 261 1 260 1 203 1 262 1 201 1 262 1 263 1 201 1 201 1 263 1 264 1 263 1 265 1 264 1 264 1 265 1 266 1 265 1 267 1 266 1 266 1 267 1 268 1 267 1 261 1 268 1 268 1 261 1 269 1 261 1 259 1 269 1 270 0 271 0 272 0 273 0 274 0 275 0 274 0 276 0 275 0 275 0 276 0 277 0 278 0 279 0 280 0 279 0 281 0 280 0 280 0 281 0 282 0 281 0 283 0 282 0 282 0 283 0 284 0 285 0 286 0 287 0 286 0 282 0 287 0 287 0 282 0 288 0 282 0 284 0 288 0 289 0 290 0 291 0 272 0 271 0 292 0 271 0 293 0 292 0 292 0 293 0 294 0 293 0 295 0 294 0 294 0 295 0 296 0 295 0 297 0 296 0 296 0 297 0 298 0 297 0 299 0 298 0 298 0 299 0 300 0 299 0 301 0 300 0 300 0 301 0 302 0 301 0 303 0 302 0 302 0 303 0 304 0 280 0 305 0 278 0 305 0 306 0 278 0 278 0 306 0 307 0 306 0 308 0 307 0 307 0 308 0 309 0 308 0 310 0 309 0 309 0 310 0 311 0 310 0 312 0 311 0 311 0 312 0 313 0 312 0 304 0 313 0 313 0 304 0 314 0 304 0 303 0 314 0 315 0 316 0 286 0 291 0 317 0 275 0 317 0 318 0 275 0 275 0 318 0 273 0 290 0 319 0 291 0 319 0 320 0 291 0 291 0 320 0 317 0 286 0 316 0 291 0 276 0 321 0 277 0 321 0 322 0 277 0 277 0 322 0 323 0 322 0 324 0 323 0 323 0 324 0 325 0 324 0 326 0 325 0 325 0 326 0 327 0 326 0 328 0 327 0 327 0 328 0 329 0 328 0 330 0 329 0 329 0 330 0 331 0 330 0 332 0 331 0 331 0 332 0 333 0 332 0 334 0 333 0 333 0 334 0 335 0 334 0 336 0 335 0 335 0 336 0 337 0 285 0 338 0 286 0 338 0 339 0 286 0 286 0 339 0 340 0 316 0 341 0 291 0 341 0 342 0 291 0 291 0 342 0 343 0 337 0 336 0 344 0 336 0 345 0 344 0 344 0 345 0 346 0 272 0 347 0 270 0 347 0 348 0 270 0 270 0 348 0 349 0 348 0 350 0 349 0 349 0 350 0 351 0 350 0 346 0 351 0 351 0 346 0 352 0 346 0 345 0 352 0 343 0 353 0 291 0 353 0 354 0 291 0 291 0 354 0 289 0 340 0 355 0 286 0 355 0 356 0 286 0 286 0 356 0 357 0 357 0 358 0 286 0 358 0 359 0 286 0 286 0 359 0 315 0 316 30 216 30 341 30 216 30 215 30 341 30 341 29 215 29 342 29 215 29 214 29 342 29 342 28 214 28 343 28 214 28 239 28 343 28 343 27 239 27 353 27 239 27 238 27 353 27 353 26 238 26 354 26 238 26 223 26 354 26 354 25 223 25 289 25 223 25 222 25 289 25 289 24 222 24 290 24 222 24 221 24 290 24 290 23 221 23 319 23 221 23 213 23 319 23 319 22 213 22 320 22 213 22 212 22 320 22 320 21 212 21 317 21 212 21 211 21 317 21 317 20 211 20 318 20 211 20 199 20 318 20 318 19 199 19 273 19 199 19 198 19 273 19 273 18 198 18 274 18 198 18 197 18 274 18 274 17 197 17 276 17 197 17 196 17 276 17 276 16 196 16 321 16 196 16 194 16 321 16 321 15 194 15 322 15 194 15 192 15 322 15 322 14 192 14 324 14 192 14 191 14 324 14 324 13 191 13 326 13 191 13 208 13 326 13 326 12 208 12 328 12 208 12 206 12 328 12 328 11 206 11 330 11 206 11 204 11 330 11 330 10 204 10 332 10 204 10 202 10 332 10 332 9 202 9 334 9 202 9 201 9 334 9 334 8 201 8 336 8 201 8 264 8 336 8 336 7 264 7 345 7 264 7 266 7 345 7 345 6 266 6 352 6 266 6 268 6 352 6 352 5 268 5 351 5 268 5 269 5 351 5 351 4 269 4 349 4 269 4 259 4 349 4 349 3 259 3 270 3 259 3 257 3 270 3 270 2 257 2 271 2 257 2 255 2 271 2 271 59 255 59 293 59 255 59 253 59 293 59 293 58 253 58 295 58 253 58 251 58 295 58 295 57 251 57 297 57 251 57 249 57 297 57 297 56 249 56 299 56 249 56 247 56 299 56 299 55 247 55 301 55 247 55 245 55 301 55 301 54 245 54 303 54 245 54 243 54 303 54 303 53 243 53 314 53 243 53 241 53 314 53 314 52 241 52 313 52 241 52 240 52 313 52 313 51 240 51 311 51 240 51 235 51 311 51 311 50 235 50 309 50 235 50 233 50 309 50 309 49 233 49 307 49 233 49 231 49 307 49 307 48 231 48 278 48 231 48 229 48 278 48 278 47 229 47 279 47 229 47 227 47 279 47 279 46 227 46 281 46 227 46 226 46 281 46 281 45 226 45 283 45 226 45 186 45 283 45 283 44 186 44 284 44 186 44 185 44 284 44 284 43 185 43 288 43 185 43 184 43 288 43 288 42 184 42 287 42 184 42 183 42 287 42 287 41 183 41 285 41 183 41 181 41 285 41 285 40 181 40 338 40 181 40 190 40 338 40 338 39 190 39 339 39 190 39 189 39 339 39 339 38 189 38 340 38 189 38 188 38 340 38 340 37 188 37 355 37 188 37 225 37 355 37 355 36 225 36 356 36 225 36 224 36 356 36 356 35 224 35 357 35 224 35 220 35 357 35 357 34 220 34 358 34 220 34 219 34 358 34 358 33 219 33 359 33 219 33 218 33 359 33 359 32 218 32 315 32 218 32 217 32 315 32 315 31 217 31 316 31 217 31 216 31 316 31 291 45 275 45 200 45 275 45 195 45 200 45 282 88 182 88 187 88 282 88 187 88 280 88 187 87 228 87 280 87 280 87 228 87 305 87 228 86 230 86 305 86 305 86 230 86 306 86 230 85 232 85 306 85 306 85 232 85 308 85 232 84 234 84 308 84 308 84 234 84 310 84 234 83 236 83 310 83 310 83 236 83 312 83 236 82 237 82 312 82 312 82 237 82 304 82 237 81 242 81 304 81 304 81 242 81 302 81 242 80 244 80 302 80 302 80 244 80 300 80 244 79 246 79 300 79 300 79 246 79 298 79 246 78 248 78 298 78 298 78 248 78 296 78 248 77 250 77 296 77 296 77 250 77 294 77 250 76 252 76 294 76 294 76 252 76 292 76 252 75 254 75 292 75 292 75 254 75 272 75 254 74 256 74 272 74 272 74 256 74 347 74 256 73 258 73 347 73 347 73 258 73 348 73 258 72 260 72 348 72 348 72 260 72 350 72 260 71 261 71 350 71 350 71 261 71 346 71 261 70 267 70 346 70 346 70 267 70 344 70 267 69 265 69 344 69 344 69 265 69 337 69 265 68 263 68 337 68 337 68 263 68 335 68 263 67 262 67 335 67 335 67 262 67 333 67 262 66 203 66 333 66 333 66 203 66 331 66 203 65 205 65 331 65 331 65 205 65 329 65 205 64 207 64 329 64 329 64 207 64 327 64 207 63 209 63 327 63 327 63 209 63 325 63 209 62 210 62 325 62 325 62 210 62 323 62 210 61 193 61 323 61 323 61 193 61 277 61 193 60 195 60 277 60 277 60 195 60 275 60 282 16 286 16 182 16 286 16 180 16 182 16 360 89 361 89 362 89 362 90 363 90 360 90 363 91 364 91 360 91 360 92 364 92 365 92 366 1 367 1 368 1 367 1 369 1 368 1 366 1 370 1 367 1 370 1 371 1 367 1 367 1 371 1 372 1 92 74 367 74 9 74 367 74 360 74 9 74 9 74 360 74 29 74 360 93 365 93 29 93 29 94 365 94 95 94 365 94 369 94 95 94 95 95 369 95 92 95 369 96 367 96 92 96 373 1 374 1 375 1 375 1 376 1 373 1 376 1 377 1 373 1 373 1 377 1 378 1 379 97 380 97 381 97 380 98 382 98 381 98 383 99 384 99 380 99 384 100 385 100 380 100 380 101 385 101 382 101 383 45 380 45 378 45 380 45 373 45 378 45 286 94 379 94 180 94 379 94 374 94 180 94 180 95 374 95 200 95 374 96 373 96 200 96 200 74 373 74 291 74 373 74 380 74 291 74 291 74 380 74 286 74 380 93 379 93 286 93 386 102 387 102 388 102 387 103 389 103 388 103 388 104 389 104 390 104 389 105 391 105 390 105 390 106 391 106 392 106 391 107 393 107 392 107 392 108 393 108 394 108 393 109 395 109 394 109 395 110 396 110 394 110 394 111 396 111 397 111 396 112 398 112 397 112 399 113 400 113 401 113 400 114 402 114 401 114 401 115 402 115 398 115 402 116 403 116 398 116 398 117 403 117 397 117 400 45 399 45 404 45 400 45 404 45 405 45 404 45 406 45 405 45 405 45 406 45 407 45 406 45 408 45 407 45 407 45 408 45 409 45 386 118 410 118 387 118 410 119 411 119 387 119 412 120 410 120 386 120 386 121 413 121 412 121 413 122 414 122 412 122 412 123 414 123 415 123 416 124 417 124 414 124 417 125 418 125 414 125 414 126 418 126 415 126 409 127 419 127 416 127 419 128 420 128 416 128 416 129 420 129 417 129 400 130 405 130 402 130 405 131 407 131 402 131 402 132 407 132 403 132 394 133 397 133 414 133 397 134 403 134 414 134 414 135 403 135 416 135 403 136 407 136 416 136 416 137 407 137 409 137 386 138 388 138 413 138 388 139 390 139 413 139 413 140 390 140 414 140 390 141 392 141 414 141 414 142 392 142 394 142 421 45 422 45 423 45 422 45 424 45 423 45 423 45 424 45 425 45 426 45 427 45 424 45 427 45 428 45 424 45 424 45 428 45 425 45 424 45 429 45 430 45 431 45 432 45 424 45 432 45 433 45 424 45 430 45 434 45 424 45 434 45 435 45 424 45 424 45 435 45 436 45 433 45 437 45 424 45 437 45 438 45 424 45 424 45 438 45 426 45 436 45 439 45 424 45 439 45 440 45 424 45 424 45 440 45 431 45 441 143 442 143 443 143 444 144 445 144 446 144 447 145 448 145 449 145 450 146 451 146 452 146 453 147 454 147 455 147 456 148 457 148 458 148 459 149 460 149 461 149 462 150 463 150 464 150 455 151 454 151 465 151 466 152 467 152 468 152 469 153 470 153 471 153 472 154 473 154 474 154 475 155 476 155 477 155 477 156 476 156 478 156 479 157 480 157 481 157 482 158 483 158 484 158 485 159 486 159 487 159 486 160 485 160 488 160 485 161 489 161 488 161 488 162 489 162 490 162 489 163 491 163 490 163 490 164 491 164 492 164 493 165 484 165 494 165 483 166 495 166 484 166 495 167 496 167 484 167 484 168 496 168 494 168 497 169 498 169 499 169 498 170 500 170 499 170 500 171 501 171 499 171 501 172 502 172 499 172 499 173 502 173 503 173 504 174 505 174 506 174 505 175 507 175 506 175 506 176 507 176 508 176 507 177 509 177 508 177 469 178 471 178 467 178 510 179 511 179 466 179 489 180 512 180 513 180 514 181 515 181 513 181 515 182 516 182 513 182 513 183 516 183 489 183 516 184 493 184 489 184 489 185 493 185 491 185 493 186 494 186 491 186 491 187 494 187 492 187 517 188 518 188 519 188 518 189 520 189 519 189 519 190 520 190 521 190 520 191 522 191 521 191 521 192 522 192 523 192 524 193 525 193 526 193 525 194 527 194 526 194 526 195 527 195 442 195 442 196 441 196 526 196 441 197 528 197 526 197 526 198 528 198 524 198 528 199 529 199 524 199 524 200 529 200 530 200 463 201 531 201 532 201 463 202 532 202 464 202 532 203 533 203 464 203 464 204 533 204 534 204 535 205 517 205 536 205 517 206 519 206 536 206 536 207 519 207 537 207 519 208 521 208 537 208 537 209 521 209 538 209 521 210 523 210 538 210 538 211 523 211 539 211 540 212 541 212 542 212 541 213 543 213 542 213 544 214 545 214 546 214 545 215 547 215 546 215 546 216 547 216 542 216 547 217 548 217 542 217 542 218 548 218 540 218 549 219 531 219 550 219 531 220 463 220 550 220 550 221 463 221 551 221 463 222 462 222 551 222 551 223 462 223 552 223 462 224 553 224 552 224 554 225 549 225 555 225 549 226 550 226 555 226 555 227 550 227 556 227 550 228 551 228 556 228 556 229 551 229 557 229 551 230 552 230 557 230 512 180 489 180 558 180 489 231 485 231 558 231 558 232 485 232 559 232 485 233 487 233 559 233 559 234 487 234 560 234 561 235 562 235 563 235 562 236 564 236 563 236 563 237 564 237 565 237 564 238 566 238 565 238 565 239 566 239 567 239 566 240 568 240 567 240 567 241 568 241 569 241 570 242 571 242 572 242 571 243 573 243 572 243 572 244 573 244 574 244 575 245 576 245 569 245 576 246 577 246 569 246 569 247 577 247 567 247 577 248 578 248 567 248 567 249 578 249 565 249 578 250 579 250 565 250 565 251 579 251 563 251 579 252 580 252 563 252 563 253 580 253 561 253 580 254 581 254 561 254 561 255 581 255 562 255 582 256 583 256 584 256 583 257 585 257 584 257 586 258 587 258 588 258 587 259 585 259 588 259 588 260 585 260 589 260 585 261 583 261 589 261 589 262 583 262 590 262 541 263 582 263 543 263 582 264 584 264 543 264 543 265 584 265 574 265 584 266 585 266 574 266 574 267 585 267 572 267 585 268 587 268 572 268 572 269 587 269 570 269 587 270 586 270 570 270 581 271 544 271 562 271 544 272 546 272 562 272 562 273 546 273 564 273 546 274 542 274 564 274 564 275 542 275 566 275 542 276 543 276 566 276 566 277 543 277 568 277 543 278 574 278 568 278 568 279 574 279 569 279 574 280 573 280 569 280 569 281 573 281 575 281 573 282 571 282 575 282 576 283 591 283 577 283 591 284 592 284 577 284 577 285 592 285 578 285 592 286 593 286 578 286 578 287 593 287 579 287 593 288 553 288 579 288 579 289 553 289 580 289 553 290 462 290 580 290 580 291 462 291 581 291 462 292 464 292 581 292 581 293 464 293 544 293 464 294 534 294 544 294 544 295 534 295 545 295 594 296 595 296 459 296 596 297 597 297 598 297 597 298 599 298 598 298 598 299 599 299 600 299 599 300 601 300 600 300 600 301 601 301 452 301 458 302 457 302 602 302 459 303 461 303 594 303 461 304 453 304 594 304 594 305 453 305 603 305 453 306 455 306 603 306 603 307 455 307 604 307 455 308 465 308 604 308 604 309 465 309 539 309 596 310 602 310 597 310 602 311 457 311 597 311 597 312 457 312 599 312 457 313 605 313 599 313 599 314 605 314 601 314 451 315 450 315 606 315 450 316 505 316 606 316 606 317 505 317 607 317 505 318 504 318 607 318 607 319 504 319 608 319 609 320 610 320 611 320 610 321 612 321 611 321 473 322 475 322 613 322 475 323 477 323 613 323 613 324 477 324 481 324 477 325 478 325 481 325 481 326 478 326 479 326 467 327 471 327 468 327 471 328 614 328 468 328 468 329 614 329 615 329 616 330 468 330 617 330 468 331 615 331 617 331 617 332 615 332 618 332 615 333 619 333 618 333 616 334 620 334 468 334 620 335 621 335 468 335 468 336 621 336 466 336 621 337 622 337 466 337 466 338 622 338 510 338 473 339 613 339 474 339 613 340 623 340 474 340 474 341 623 341 624 341 623 342 625 342 624 342 624 343 625 343 626 343 625 344 627 344 626 344 626 345 627 345 628 345 609 346 444 346 610 346 444 347 446 347 610 347 610 348 446 348 612 348 446 349 629 349 612 349 612 350 629 350 630 350 631 351 630 351 632 351 630 352 629 352 632 352 632 353 629 353 633 353 629 354 446 354 633 354 633 355 446 355 634 355 446 356 445 356 634 356 634 357 445 357 635 357 636 358 637 358 638 358 637 359 639 359 638 359 638 360 639 360 640 360 639 361 641 361 640 361 640 362 641 362 642 362 613 363 447 363 623 363 447 364 449 364 623 364 623 365 449 365 625 365 449 366 643 366 625 366 625 367 643 367 627 367 643 368 644 368 627 368 645 369 646 369 647 369 646 370 648 370 647 370 647 371 648 371 649 371 648 372 650 372 649 372 649 373 650 373 651 373 650 374 652 374 651 374 653 375 628 375 654 375 628 376 627 376 654 376 654 377 627 377 655 377 627 378 644 378 655 378 655 379 644 379 656 379 657 380 658 380 659 380 658 381 660 381 659 381 659 382 660 382 661 382 660 383 662 383 661 383 661 384 662 384 663 384 662 385 664 385 663 385 663 386 664 386 665 386 664 387 666 387 665 387 665 388 666 388 667 388 668 389 669 389 667 389 669 390 670 390 667 390 667 391 670 391 665 391 670 392 671 392 665 392 665 393 671 393 663 393 671 394 672 394 663 394 663 395 672 395 661 395 672 396 673 396 661 396 661 397 673 397 659 397 673 398 674 398 659 398 659 399 674 399 657 399 674 400 675 400 657 400 657 401 675 401 676 401 675 402 677 402 676 402 676 403 677 403 678 403 609 404 636 404 444 404 636 405 638 405 444 405 444 406 638 406 445 406 638 407 640 407 445 407 445 408 640 408 635 408 640 409 642 409 635 409 635 410 642 410 679 410 642 411 680 411 679 411 679 412 680 412 681 412 669 413 631 413 670 413 631 414 632 414 670 414 670 415 632 415 671 415 632 416 633 416 671 416 671 417 633 417 672 417 633 418 634 418 672 418 672 419 634 419 673 419 634 420 635 420 673 420 673 421 635 421 674 421 635 422 679 422 674 422 674 423 679 423 675 423 679 424 681 424 675 424 675 425 681 425 677 425 645 426 647 426 682 426 647 427 649 427 682 427 682 428 649 428 683 428 649 429 651 429 683 429 683 430 651 430 684 430 651 431 652 431 684 431 684 432 652 432 685 432 668 433 667 433 686 433 667 434 666 434 686 434 686 435 666 435 687 435 666 436 664 436 687 436 687 437 664 437 688 437 664 438 662 438 688 438 688 439 662 439 689 439 662 440 660 440 689 440 689 441 660 441 685 441 660 442 658 442 685 442 685 443 658 443 684 443 658 444 657 444 684 444 684 445 657 445 683 445 657 446 676 446 683 446 683 447 676 447 682 447 676 448 678 448 682 448 682 449 678 449 645 449 525 450 690 450 527 450 690 451 691 451 527 451 527 452 691 452 442 452 691 453 692 453 442 453 442 454 692 454 443 454 692 455 693 455 443 455 517 456 530 456 518 456 530 457 529 457 518 457 518 458 529 458 694 458 529 459 528 459 694 459 694 460 528 460 695 460 528 461 441 461 695 461 695 462 441 462 696 462 441 463 443 463 696 463 696 464 443 464 697 464 443 465 693 465 697 465 697 466 693 466 698 466 448 467 699 467 449 467 699 468 700 468 449 468 449 469 700 469 643 469 700 470 701 470 643 470 643 471 701 471 644 471 701 472 702 472 644 472 644 473 702 473 656 473 702 474 703 474 656 474 653 475 619 475 628 475 619 476 615 476 628 476 628 477 615 477 626 477 615 478 614 478 626 478 626 479 614 479 624 479 614 480 471 480 624 480 624 481 471 481 474 481 471 482 470 482 474 482 474 483 470 483 472 483 539 484 523 484 604 484 523 485 456 485 604 485 604 486 456 486 603 486 456 487 458 487 603 487 603 488 458 488 594 488 458 489 602 489 594 489 594 490 602 490 595 490 704 491 705 491 686 491 705 492 509 492 686 492 686 493 509 493 668 493 509 494 507 494 668 494 668 495 507 495 669 495 507 496 505 496 669 496 669 497 505 497 631 497 505 498 450 498 631 498 631 499 450 499 630 499 450 500 452 500 630 500 630 501 452 501 612 501 452 502 601 502 612 502 612 503 601 503 611 503 601 504 605 504 611 504 611 505 605 505 609 505 605 506 457 506 609 506 609 507 457 507 636 507 457 508 456 508 636 508 636 509 456 509 637 509 456 510 523 510 637 510 637 511 523 511 639 511 523 512 522 512 639 512 639 513 522 513 641 513 522 514 520 514 641 514 641 515 520 515 642 515 520 516 518 516 642 516 642 517 518 517 680 517 518 518 694 518 680 518 680 519 694 519 681 519 694 520 695 520 681 520 681 521 695 521 677 521 695 522 696 522 677 522 677 523 696 523 678 523 696 524 697 524 678 524 678 525 697 525 645 525 697 526 698 526 645 526 645 527 698 527 646 527 706 528 707 528 708 528 707 529 709 529 708 529 708 530 709 530 710 530 503 531 711 531 499 531 711 532 482 532 499 532 499 533 482 533 712 533 482 534 484 534 712 534 712 535 484 535 710 535 484 536 493 536 710 536 710 537 493 537 708 537 713 538 586 538 714 538 586 539 588 539 714 539 714 540 588 540 715 540 588 541 589 541 715 541 715 542 589 542 560 542 589 543 590 543 560 543 560 544 590 544 559 544 590 545 583 545 559 545 559 546 583 546 558 546 583 547 582 547 558 547 558 548 582 548 512 548 582 549 541 549 512 549 512 550 541 550 513 550 541 551 540 551 513 551 513 552 540 552 514 552 540 553 548 553 514 553 690 554 716 554 691 554 716 555 717 555 691 555 691 556 717 556 692 556 717 557 718 557 692 557 692 558 718 558 693 558 718 559 719 559 693 559 693 560 719 560 698 560 719 561 703 561 698 561 698 562 703 562 646 562 703 562 702 562 646 562 646 563 702 563 648 563 702 564 701 564 648 564 648 565 701 565 650 565 701 566 700 566 650 566 650 567 700 567 652 567 700 568 699 568 652 568 652 569 699 569 685 569 699 570 448 570 685 570 685 571 448 571 689 571 448 572 447 572 689 572 689 573 447 573 688 573 447 574 613 574 688 574 688 575 613 575 687 575 613 575 481 575 687 575 687 576 481 576 686 576 481 577 480 577 686 577 686 578 480 578 704 578 460 579 706 579 461 579 706 580 708 580 461 580 461 581 708 581 453 581 708 582 493 582 453 582 453 583 493 583 454 583 493 584 516 584 454 584 454 585 516 585 465 585 516 586 515 586 465 586 465 587 515 587 539 587 515 588 514 588 539 588 539 589 514 589 538 589 514 590 548 590 538 590 538 591 548 591 537 591 548 592 547 592 537 592 537 593 547 593 536 593 547 594 545 594 536 594 536 595 545 595 535 595 545 596 534 596 535 596 535 597 534 597 517 597 534 598 533 598 517 598 517 599 533 599 530 599 533 600 532 600 530 600 530 601 532 601 524 601 532 602 531 602 524 602 524 603 531 603 525 603 531 604 549 604 525 604 525 605 549 605 690 605 549 606 554 606 690 606 690 607 554 607 716 607 560 45 720 45 715 45 720 45 714 45 715 45 721 45 722 45 714 45 714 45 723 45 713 45 723 45 724 45 713 45 725 45 726 45 727 45 722 45 728 45 714 45 728 45 729 45 714 45 714 45 729 45 730 45 724 45 731 45 713 45 731 45 732 45 713 45 713 45 732 45 733 45 720 45 734 45 714 45 734 45 735 45 714 45 714 45 735 45 736 45 737 45 738 45 726 45 739 45 740 45 714 45 740 45 741 45 714 45 714 45 741 45 721 45 730 45 742 45 714 45 742 45 743 45 714 45 714 45 743 45 723 45 725 45 727 45 744 45 736 45 745 45 714 45 745 45 746 45 714 45 714 45 746 45 739 45 733 45 732 45 726 45 732 45 747 45 726 45 726 45 747 45 737 45 738 45 748 45 726 45 748 45 749 45 726 45 726 45 749 45 750 45 751 45 752 45 727 45 752 45 753 45 727 45 727 45 753 45 754 45 750 45 755 45 726 45 755 45 756 45 726 45 726 45 756 45 727 45 757 45 758 45 759 45 760 45 761 45 727 45 761 45 762 45 727 45 754 45 763 45 727 45 763 45 764 45 727 45 727 45 764 45 744 45 757 45 759 45 727 45 759 45 765 45 727 45 727 45 765 45 760 45 762 45 766 45 727 45 766 45 767 45 727 45 727 45 767 45 751 45 768 608 769 608 770 608 769 609 771 609 770 609 770 610 771 610 772 610 773 1 774 1 770 1 774 611 775 611 770 611 775 612 776 612 770 612 776 613 777 613 770 613 770 614 777 614 768 614 778 615 779 615 780 615 778 616 780 616 781 616 780 617 782 617 781 617 781 618 782 618 783 618 784 16 785 16 770 16 785 16 773 16 770 16 786 619 787 619 788 619 789 620 790 620 791 620 791 621 790 621 792 621 793 622 794 622 795 622 796 623 797 623 798 623 799 624 800 624 801 624 802 625 803 625 804 625 805 626 804 626 806 626 807 627 808 627 809 627 810 628 811 628 812 628 812 629 811 629 813 629 814 630 815 630 816 630 816 631 815 631 817 631 818 632 819 632 820 632 821 633 822 633 616 633 616 634 822 634 620 634 723 635 743 635 823 635 824 636 825 636 826 636 827 637 828 637 829 637 830 638 831 638 744 638 832 639 833 639 834 639 835 640 836 640 837 640 838 641 839 641 840 641 841 642 842 642 843 642 844 643 845 643 846 643 847 644 848 644 849 644 848 645 850 645 849 645 849 646 850 646 851 646 852 647 853 647 849 647 853 648 854 648 849 648 849 649 854 649 847 649 855 650 856 650 853 650 855 651 853 651 857 651 856 652 858 652 853 652 858 653 859 653 853 653 853 654 859 654 854 654 860 655 861 655 862 655 863 656 864 656 865 656 864 657 866 657 865 657 865 658 866 658 867 658 868 659 863 659 869 659 863 660 865 660 869 660 869 661 865 661 870 661 865 662 867 662 870 662 870 663 867 663 871 663 872 664 873 664 874 664 873 665 875 665 874 665 874 666 875 666 876 666 877 667 878 667 841 667 878 668 877 668 879 668 877 669 880 669 879 669 879 670 880 670 881 670 881 671 880 671 882 671 880 672 883 672 882 672 882 673 883 673 884 673 884 674 883 674 885 674 883 675 886 675 885 675 885 676 886 676 887 676 887 677 886 677 888 677 886 678 889 678 888 678 888 679 889 679 890 679 891 680 892 680 893 680 892 681 894 681 893 681 894 682 892 682 895 682 892 683 896 683 895 683 895 684 896 684 897 684 898 685 838 685 899 685 898 686 899 686 900 686 901 687 902 687 806 687 554 688 555 688 903 688 555 689 556 689 903 689 557 690 552 690 904 690 552 691 553 691 904 691 904 692 553 692 593 692 905 693 906 693 907 693 906 694 908 694 907 694 906 695 909 695 908 695 909 696 910 696 908 696 908 697 910 697 911 697 910 698 912 698 911 698 911 699 912 699 913 699 905 700 914 700 906 700 914 701 915 701 906 701 906 702 915 702 909 702 915 703 916 703 909 703 834 704 833 704 917 704 833 705 918 705 917 705 917 706 918 706 919 706 918 707 920 707 919 707 919 708 920 708 921 708 922 709 921 709 923 709 921 710 920 710 923 710 923 711 920 711 924 711 920 712 918 712 924 712 924 713 918 713 925 713 918 714 833 714 925 714 925 715 833 715 926 715 833 716 832 716 926 716 926 717 832 717 927 717 787 718 786 718 928 718 786 719 929 719 928 719 928 720 929 720 930 720 929 721 931 721 930 721 930 722 931 722 932 722 907 723 933 723 905 723 933 724 934 724 905 724 905 725 934 725 935 725 934 726 936 726 935 726 935 727 936 727 831 727 575 728 571 728 733 728 593 729 592 729 904 729 592 730 591 730 904 730 904 731 591 731 733 731 591 728 576 728 733 728 733 728 576 728 575 728 571 732 570 732 733 732 570 733 586 733 733 733 733 734 586 734 713 734 831 735 830 735 935 735 830 736 937 736 935 736 935 737 937 737 905 737 937 738 938 738 905 738 905 739 938 739 914 739 938 740 939 740 914 740 914 741 939 741 915 741 939 742 940 742 915 742 915 743 940 743 916 743 726 744 725 744 941 744 733 745 726 745 904 745 726 746 941 746 904 746 904 747 941 747 942 747 941 748 943 748 942 748 942 749 943 749 944 749 943 750 945 750 944 750 944 751 945 751 946 751 947 752 948 752 751 752 764 753 763 753 949 753 763 754 754 754 949 754 949 755 754 755 950 755 754 756 753 756 950 756 950 757 753 757 948 757 753 758 752 758 948 758 948 759 752 759 751 759 762 760 761 760 951 760 761 761 952 761 951 761 951 762 952 762 953 762 952 763 954 763 953 763 953 764 954 764 955 764 761 765 760 765 952 765 760 766 956 766 952 766 952 767 956 767 954 767 956 768 932 768 954 768 954 769 932 769 955 769 932 770 931 770 955 770 744 771 764 771 830 771 764 772 949 772 830 772 830 773 949 773 937 773 949 774 950 774 937 774 937 775 950 775 938 775 950 776 948 776 938 776 938 777 948 777 939 777 948 778 947 778 939 778 939 779 947 779 940 779 947 780 957 780 940 780 940 781 957 781 916 781 957 782 958 782 916 782 959 783 960 783 961 783 960 784 962 784 961 784 961 785 962 785 963 785 962 786 964 786 963 786 962 787 965 787 964 787 965 788 966 788 964 788 964 789 966 789 967 789 966 790 968 790 967 790 967 791 968 791 969 791 968 792 970 792 969 792 969 793 970 793 971 793 970 794 972 794 971 794 973 795 974 795 975 795 974 796 976 796 975 796 975 797 976 797 977 797 976 798 978 798 977 798 979 799 980 799 981 799 982 800 828 800 983 800 828 801 827 801 983 801 983 802 827 802 984 802 985 803 986 803 987 803 765 804 759 804 988 804 759 805 989 805 988 805 988 806 989 806 990 806 989 807 991 807 990 807 990 808 991 808 992 808 991 809 993 809 992 809 992 810 993 810 994 810 993 811 995 811 994 811 994 812 995 812 996 812 995 813 997 813 996 813 996 814 997 814 998 814 997 815 999 815 998 815 998 816 999 816 1000 816 999 817 1001 817 1000 817 1000 818 1001 818 973 818 1001 819 1002 819 973 819 973 820 1002 820 974 820 1002 821 984 821 974 821 974 822 984 822 976 822 984 823 827 823 976 823 976 824 827 824 978 824 827 825 829 825 978 825 993 826 755 826 995 826 755 827 750 827 995 827 995 828 750 828 997 828 750 829 749 829 997 829 997 830 749 830 999 830 749 831 748 831 999 831 999 832 748 832 1001 832 748 833 738 833 1001 833 1001 834 738 834 1002 834 742 835 730 835 1003 835 730 836 729 836 1003 836 1003 837 729 837 824 837 826 838 979 838 824 838 979 839 981 839 824 839 824 840 981 840 1003 840 981 841 1004 841 1003 841 1003 842 1004 842 742 842 738 843 737 843 1002 843 737 844 747 844 1002 844 1002 845 747 845 984 845 747 846 732 846 984 846 984 847 732 847 983 847 732 848 731 848 983 848 983 849 731 849 982 849 731 850 724 850 982 850 982 851 724 851 723 851 741 852 987 852 1005 852 987 853 986 853 1005 853 1005 854 986 854 1006 854 721 855 825 855 722 855 825 856 824 856 722 856 722 857 824 857 728 857 824 858 729 858 728 858 759 859 758 859 989 859 758 860 757 860 989 860 989 861 757 861 991 861 757 862 727 862 991 862 991 863 727 863 993 863 727 864 756 864 993 864 993 865 756 865 755 865 745 866 736 866 1007 866 736 867 1008 867 1007 867 1007 868 1008 868 1009 868 1008 869 1010 869 1009 869 1009 870 1010 870 1011 870 720 871 868 871 734 871 868 872 869 872 734 872 734 873 869 873 735 873 869 874 1012 874 735 874 735 875 1012 875 736 875 1012 876 1013 876 736 876 736 877 1013 877 1008 877 1013 878 1014 878 1008 878 1008 879 1014 879 1010 879 1015 880 1016 880 1017 880 801 881 800 881 1018 881 1019 882 1020 882 1016 882 1020 883 1021 883 1016 883 1016 884 1021 884 1017 884 1022 885 1023 885 1024 885 1023 886 1025 886 1024 886 1024 887 1025 887 1019 887 1025 888 1026 888 1019 888 1019 889 1026 889 1020 889 862 890 857 890 860 890 857 891 853 891 860 891 860 892 853 892 1024 892 853 893 852 893 1024 893 1024 894 852 894 1022 894 1027 895 896 895 1028 895 896 896 892 896 1028 896 1028 897 892 897 1029 897 892 898 891 898 1029 898 1029 899 891 899 889 899 891 900 1030 900 889 900 889 901 1030 901 890 901 1031 902 836 902 1032 902 836 903 835 903 1032 903 1032 904 835 904 1033 904 1034 905 1035 905 1036 905 1035 906 1037 906 1036 906 1036 907 1037 907 846 907 511 908 510 908 845 908 510 909 622 909 845 909 845 910 622 910 846 910 622 911 621 911 846 911 846 912 621 912 1036 912 621 913 620 913 1036 913 1036 914 620 914 1034 914 620 915 822 915 1034 915 1038 916 872 916 1039 916 872 917 874 917 1039 917 1039 918 874 918 1040 918 874 919 1041 919 1040 919 1040 920 1041 920 1042 920 1041 921 1043 921 1042 921 1042 922 1043 922 1044 922 1045 923 819 923 1046 923 819 924 818 924 1046 924 1046 925 818 925 843 925 842 926 1038 926 843 926 1038 927 1039 927 843 927 843 928 1039 928 1046 928 1039 929 1040 929 1046 929 1046 930 1040 930 1045 930 1040 931 1042 931 1045 931 1045 932 1042 932 1047 932 1042 933 1044 933 1047 933 1047 934 1044 934 1048 934 844 935 846 935 1049 935 846 936 1037 936 1049 936 1049 937 1037 937 1050 937 1037 938 1035 938 1050 938 1050 939 1035 939 1051 939 1035 940 1034 940 1051 940 1051 941 1034 941 1052 941 1034 942 822 942 1052 942 1052 943 822 943 1053 943 822 944 821 944 1053 944 1053 945 821 945 1054 945 821 946 1055 946 1054 946 1054 947 1055 947 1056 947 1055 948 1057 948 1056 948 1056 949 1057 949 1058 949 1058 950 1048 950 1056 950 1048 951 1044 951 1056 951 1056 952 1044 952 1054 952 1044 953 1043 953 1054 953 1054 954 1043 954 1053 954 1043 955 1041 955 1053 955 1053 956 1041 956 1052 956 1041 957 874 957 1052 957 1052 958 874 958 1051 958 874 959 876 959 1051 959 1051 960 876 960 1050 960 876 961 1059 961 1050 961 1050 962 1059 962 1049 962 617 963 618 963 1060 963 618 964 619 964 1060 964 1060 965 619 965 1061 965 619 966 653 966 1061 966 1061 967 653 967 1062 967 1063 968 817 968 1064 968 817 969 815 969 1064 969 1064 970 815 970 1065 970 815 971 814 971 1065 971 1065 972 814 972 1066 972 816 973 813 973 814 973 813 974 811 974 814 974 814 975 811 975 1066 975 811 976 810 976 1066 976 1066 977 810 977 1067 977 1058 978 1063 978 1048 978 1063 979 1064 979 1048 979 1048 980 1064 980 1047 980 1064 981 1065 981 1047 981 1047 982 1065 982 1045 982 1065 983 1066 983 1045 983 1045 984 1066 984 819 984 1066 985 1067 985 819 985 819 986 1067 986 820 986 1067 987 1068 987 820 987 1069 988 1070 988 1071 988 1069 989 1071 989 1072 989 877 990 1073 990 880 990 1073 991 1074 991 880 991 880 992 1074 992 883 992 1074 993 1075 993 883 993 883 994 1075 994 886 994 1075 995 1076 995 886 995 886 996 1076 996 889 996 1076 997 1077 997 889 997 889 998 1077 998 1029 998 1077 999 1078 999 1029 999 1029 1000 1078 1000 1028 1000 1078 1001 1079 1001 1028 1001 1028 1002 1079 1002 1027 1002 1079 1003 1080 1003 1027 1003 1081 1004 1080 1004 1082 1004 1080 1005 1079 1005 1082 1005 1082 1006 1079 1006 1083 1006 1079 1007 1078 1007 1083 1007 1083 1008 1078 1008 1084 1008 1078 1009 1077 1009 1084 1009 1084 1010 1077 1010 1085 1010 1077 1011 1076 1011 1085 1011 1085 1012 1076 1012 1086 1012 1076 1013 1075 1013 1086 1013 1086 1014 1075 1014 1087 1014 1075 1015 1074 1015 1087 1015 1087 1016 1074 1016 1088 1016 1074 1017 1073 1017 1088 1017 1089 1018 1090 1018 1091 1018 1092 1019 1093 1019 1094 1019 1091 1020 1095 1020 1089 1020 1095 1021 1096 1021 1089 1021 1089 1022 1096 1022 1093 1022 1096 1023 1097 1023 1093 1023 1093 1024 1097 1024 1094 1024 1071 1025 1098 1025 1072 1025 1098 1026 1099 1026 1072 1026 1072 1027 1099 1027 1090 1027 1099 1028 1100 1028 1090 1028 1090 1029 1100 1029 1091 1029 1101 1030 1102 1030 1103 1030 1102 1031 1104 1031 1103 1031 1103 1032 1104 1032 794 1032 794 1033 793 1033 1103 1033 793 1034 1105 1034 1103 1034 1103 1035 1105 1035 1101 1035 1070 1036 1106 1036 1071 1036 1106 1037 1107 1037 1071 1037 1071 1038 1107 1038 1098 1038 1107 1039 1108 1039 1098 1039 1098 1040 1108 1040 1099 1040 1108 1041 1109 1041 1099 1041 1099 1042 1109 1042 1100 1042 1109 1043 1110 1043 1100 1043 1100 1044 1110 1044 1091 1044 1110 1045 1111 1045 1091 1045 1091 1046 1111 1046 1095 1046 1111 1047 1112 1047 1095 1047 1095 1048 1112 1048 1096 1048 1112 1049 1113 1049 1096 1049 1096 1050 1113 1050 1097 1050 1113 1051 1114 1051 1097 1051 1097 1052 1114 1052 1094 1052 1115 1053 1116 1053 1117 1053 1116 1054 1118 1054 1117 1054 1117 1055 1118 1055 1119 1055 1120 1056 1121 1056 1122 1056 1121 1057 1123 1057 1122 1057 1122 1058 1123 1058 1124 1058 1033 1059 1125 1059 1032 1059 1125 1060 1126 1060 1032 1060 1032 1061 1126 1061 1031 1061 1126 1062 1127 1062 1031 1062 1031 1063 1127 1063 1128 1063 803 1064 802 1064 1129 1064 802 1065 1130 1065 1129 1065 1129 1066 1130 1066 1131 1066 1130 1067 1132 1067 1131 1067 1131 1068 1132 1068 1133 1068 1117 1069 1134 1069 1115 1069 1134 1070 1135 1070 1115 1070 1115 1071 1135 1071 1136 1071 1135 1072 1120 1072 1136 1072 1136 1073 1120 1073 1137 1073 1120 1074 1122 1074 1137 1074 1137 1075 1122 1075 1138 1075 1122 1076 1124 1076 1138 1076 1138 1077 1124 1077 1139 1077 1124 1078 1140 1078 1139 1078 838 1079 840 1079 899 1079 840 1080 1141 1080 899 1080 899 1081 1141 1081 1142 1081 1141 1082 1143 1082 1142 1082 1142 1083 1143 1083 1144 1083 1143 1084 1145 1084 1144 1084 1144 1085 1145 1085 1146 1085 1088 1086 1069 1086 1087 1086 1069 1087 1072 1087 1087 1087 1087 1088 1072 1088 1086 1088 1072 1089 1090 1089 1086 1089 1086 1090 1090 1090 1085 1090 1090 1091 1089 1091 1085 1091 1085 1092 1089 1092 1084 1092 1089 1093 1093 1093 1084 1093 1084 1094 1093 1094 1083 1094 1093 1095 1092 1095 1083 1095 1083 1096 1092 1096 1082 1096 1092 1097 1147 1097 1082 1097 1082 1098 1147 1098 1081 1098 1147 1099 1148 1099 1081 1099 1149 1100 1133 1100 1150 1100 1151 1101 1152 1101 1153 1101 1152 1102 1154 1102 1153 1102 1153 1103 1154 1103 1155 1103 809 1104 808 1104 1156 1104 808 1105 1157 1105 1156 1105 1156 1106 1157 1106 1158 1106 1157 1107 1159 1107 1158 1107 1158 1108 1159 1108 1160 1108 839 1109 897 1109 840 1109 897 1110 896 1110 840 1110 840 1111 896 1111 1141 1111 896 1112 1027 1112 1141 1112 1141 1113 1027 1113 1143 1113 1027 1114 1080 1114 1143 1114 1143 1115 1080 1115 1145 1115 1080 1116 1081 1116 1145 1116 1145 1085 1081 1085 1146 1085 1081 1117 1148 1117 1146 1117 1146 1118 1148 1118 1161 1118 1148 1119 1162 1119 1161 1119 1161 1120 1162 1120 1163 1120 1159 1121 1164 1121 1160 1121 1164 1122 1165 1122 1160 1122 1160 1123 1165 1123 1166 1123 1114 1124 807 1124 1094 1124 807 1125 809 1125 1094 1125 1094 1126 809 1126 1092 1126 809 1127 1156 1127 1092 1127 1092 1128 1156 1128 1147 1128 1156 1129 1158 1129 1147 1129 1147 1130 1158 1130 1148 1130 1158 1131 1160 1131 1148 1131 1148 1132 1160 1132 1162 1132 1160 1133 1166 1133 1162 1133 1167 1134 1154 1134 1168 1134 1154 1135 1152 1135 1168 1135 1168 1136 1152 1136 1169 1136 1152 1137 1151 1137 1169 1137 1169 1138 1151 1138 1128 1138 1151 1139 805 1139 1128 1139 1128 1140 805 1140 1031 1140 805 1141 806 1141 1031 1141 1031 1142 806 1142 836 1142 806 1143 902 1143 836 1143 836 1144 902 1144 837 1144 1033 1145 900 1145 1125 1145 900 1146 899 1146 1125 1146 1125 1147 899 1147 1126 1147 899 1148 1142 1148 1126 1148 1126 1149 1142 1149 1127 1149 1142 1150 1144 1150 1127 1150 1127 1151 1144 1151 1128 1151 1144 1152 1146 1152 1128 1152 1128 1153 1146 1153 1169 1153 1146 1154 1161 1154 1169 1154 1169 1155 1161 1155 1168 1155 1161 1156 1163 1156 1168 1156 1168 1157 1163 1157 1167 1157 1170 1158 1171 1158 1172 1158 1171 1159 1173 1159 1172 1159 1172 1160 1173 1160 1174 1160 1173 1161 1149 1161 1174 1161 1170 1162 1172 1162 1175 1162 1172 1163 1174 1163 1175 1163 1175 1164 1174 1164 1176 1164 801 1165 1177 1165 799 1165 1177 1166 1178 1166 799 1166 799 1167 1178 1167 1140 1167 1178 1168 1179 1168 1140 1168 1140 1169 1179 1169 1139 1169 1062 1170 797 1170 1180 1170 797 1171 796 1171 1180 1171 1180 1172 796 1172 1181 1172 1182 1173 1183 1173 1184 1173 1183 1174 1185 1174 1184 1174 1184 1175 1185 1175 1186 1175 1185 1176 1187 1176 1186 1176 1186 1177 1187 1177 1188 1177 1187 1178 1189 1178 1188 1178 1188 1179 1189 1179 1190 1179 1189 1180 1191 1180 1190 1180 1192 1181 1193 1181 1194 1181 1193 1182 1195 1182 1194 1182 1194 1183 1195 1183 1196 1183 1195 1184 1197 1184 1196 1184 1196 1185 1197 1185 1198 1185 1197 1186 1199 1186 1198 1186 1183 1187 1199 1187 1185 1187 1199 1188 1197 1188 1185 1188 1185 1189 1197 1189 1187 1189 1197 1190 1195 1190 1187 1190 1187 1191 1195 1191 1189 1191 1195 1192 1193 1192 1189 1192 1189 1193 1193 1193 1191 1193 1198 1194 1200 1194 1196 1194 1200 1195 1201 1195 1196 1195 1196 1196 1201 1196 1194 1196 1201 1197 795 1197 1194 1197 1194 1198 795 1198 1192 1198 795 1199 794 1199 1192 1199 1192 1200 794 1200 1202 1200 794 1201 1104 1201 1202 1201 1202 1202 1104 1202 1203 1202 1104 1203 1102 1203 1203 1203 1204 1204 1205 1204 1206 1204 1207 1205 1208 1205 1209 1205 1208 1206 1206 1206 1209 1206 1062 1207 653 1207 797 1207 653 1208 654 1208 797 1208 797 1209 654 1209 798 1209 654 1210 655 1210 798 1210 798 1211 655 1211 1210 1211 655 1212 656 1212 1210 1212 1210 1213 656 1213 1211 1213 656 1214 703 1214 1211 1214 1211 1215 703 1215 1212 1215 703 1216 719 1216 1212 1216 719 1217 718 1217 1212 1217 1212 1218 718 1218 1213 1218 718 1219 717 1219 1213 1219 1213 1220 717 1220 716 1220 903 1221 1214 1221 1215 1221 1214 1222 1216 1222 1215 1222 1215 1223 1216 1223 1182 1223 1216 1224 1217 1224 1182 1224 1182 1225 1217 1225 1183 1225 1217 1226 1218 1226 1183 1226 1183 1227 1218 1227 1199 1227 1218 1228 1219 1228 1199 1228 1199 1229 1219 1229 1198 1229 1219 1230 1220 1230 1198 1230 1198 1231 1220 1231 1200 1231 1214 1232 1221 1232 1216 1232 1221 1233 1222 1233 1216 1233 1216 1234 1222 1234 1217 1234 1222 1235 1223 1235 1217 1235 1217 1236 1223 1236 1218 1236 1223 1237 1224 1237 1218 1237 1218 1238 1224 1238 1219 1238 1224 1239 1225 1239 1219 1239 1219 1240 1225 1240 1220 1240 1225 1241 1226 1241 1220 1241 1220 1242 1226 1242 1200 1242 1226 1243 1205 1243 1200 1243 1200 1244 1205 1244 1201 1244 1205 1245 1204 1245 1201 1245 1201 1246 1204 1246 795 1246 1204 1247 1227 1247 795 1247 795 1248 1227 1248 793 1248 1227 1249 1228 1249 793 1249 793 1250 1228 1250 1105 1250 1191 1251 1181 1251 1190 1251 1181 1252 796 1252 1190 1252 1190 1253 796 1253 1188 1253 796 1254 798 1254 1188 1254 1188 1255 798 1255 1186 1255 798 1256 1210 1256 1186 1256 1186 1257 1210 1257 1184 1257 1210 1258 1211 1258 1184 1258 1184 1259 1211 1259 1182 1259 1211 1260 1212 1260 1182 1260 1182 1261 1212 1261 1215 1261 1212 1262 1213 1262 1215 1262 1215 1263 1213 1263 903 1263 1213 1264 716 1264 903 1264 903 1265 716 1265 554 1265 1229 1266 789 1266 1230 1266 789 1267 791 1267 1230 1267 1230 1268 791 1268 1231 1268 791 1269 792 1269 1231 1269 1231 1270 792 1270 1232 1270 725 1271 744 1271 941 1271 744 1272 831 1272 941 1272 941 1273 831 1273 943 1273 831 1274 936 1274 943 1274 943 1275 936 1275 945 1275 936 1276 934 1276 945 1276 945 1277 934 1277 946 1277 934 1278 933 1278 946 1278 946 1279 933 1279 1233 1279 933 1280 907 1280 1233 1280 1233 1281 907 1281 1232 1281 907 1282 908 1282 1232 1282 1232 1283 908 1283 1231 1283 908 1284 911 1284 1231 1284 1231 1285 911 1285 1230 1285 911 1286 913 1286 1230 1286 1230 1287 913 1287 1229 1287 1209 1288 1234 1288 1207 1288 1234 1289 1235 1289 1207 1289 1207 1290 1235 1290 1236 1290 1235 1291 1237 1291 1236 1291 1236 1292 1237 1292 1238 1292 1237 1293 1239 1293 1238 1293 1238 1294 1239 1294 1240 1294 1239 1295 1241 1295 1240 1295 1240 1296 1241 1296 1242 1296 1241 1297 1243 1297 1242 1297 1242 1298 1243 1298 1244 1298 1243 1299 1245 1299 1244 1299 1244 1300 1245 1300 1246 1300 751 1301 767 1301 947 1301 767 1302 1247 1302 947 1302 947 1303 1247 1303 957 1303 1247 1304 1248 1304 957 1304 957 1305 1248 1305 958 1305 1248 1306 1249 1306 958 1306 958 1307 1249 1307 1250 1307 1249 1308 1251 1308 1250 1308 1250 1309 1251 1309 1252 1309 1251 1310 1253 1310 1252 1310 1252 1311 1253 1311 1254 1311 1253 1312 1255 1312 1254 1312 1254 1313 1255 1313 1256 1313 1255 1314 1257 1314 1256 1314 1256 1315 1257 1315 1258 1315 1257 1316 1259 1316 1258 1316 1260 1317 1261 1317 1262 1317 1261 1318 1263 1318 1262 1318 1262 1319 1263 1319 1264 1319 1263 1320 1265 1320 1264 1320 1264 1321 1265 1321 1266 1321 1265 1322 1267 1322 1266 1322 1266 1323 1267 1323 1268 1323 1267 1324 1269 1324 1268 1324 1268 1325 1269 1325 1270 1325 1269 1326 1271 1326 1270 1326 1270 1327 1271 1327 1272 1327 1271 1328 1273 1328 1272 1328 1272 1329 1273 1329 1274 1329 1273 1330 1275 1330 1274 1330 1274 1331 1275 1331 766 1331 767 1332 766 1332 1247 1332 766 1333 1275 1333 1247 1333 1247 1334 1275 1334 1248 1334 1275 1335 1273 1335 1248 1335 1248 1336 1273 1336 1249 1336 1273 1337 1271 1337 1249 1337 1249 1338 1271 1338 1251 1338 1271 1339 1269 1339 1251 1339 1251 1340 1269 1340 1253 1340 1269 1341 1267 1341 1253 1341 1253 1342 1267 1342 1255 1342 1267 1343 1265 1343 1255 1343 1255 1344 1265 1344 1257 1344 1265 1345 1263 1345 1257 1345 1257 1346 1263 1346 1259 1346 1263 1347 1261 1347 1259 1347 1234 1348 922 1348 1235 1348 922 1349 923 1349 1235 1349 1235 1350 923 1350 1237 1350 923 1351 924 1351 1237 1351 1237 1352 924 1352 1239 1352 924 1353 925 1353 1239 1353 1239 1354 925 1354 1241 1354 925 1355 926 1355 1241 1355 1241 1356 926 1356 1243 1356 926 1357 927 1357 1243 1357 1243 1358 927 1358 1245 1358 1258 1359 1246 1359 1256 1359 1246 1360 1245 1360 1256 1360 1256 1361 1245 1361 1254 1361 1245 1362 927 1362 1254 1362 1254 1363 927 1363 1252 1363 927 1364 832 1364 1252 1364 1252 1365 832 1365 1250 1365 832 1366 834 1366 1250 1366 1250 1367 834 1367 958 1367 834 1368 917 1368 958 1368 958 1369 917 1369 916 1369 917 1370 919 1370 916 1370 916 1371 919 1371 909 1371 919 1372 921 1372 909 1372 909 1373 921 1373 910 1373 921 1374 922 1374 910 1374 910 1375 922 1375 912 1375 922 1376 1234 1376 912 1376 912 1377 1234 1377 913 1377 1234 1378 1209 1378 913 1378 913 1379 1209 1379 1229 1379 1209 1380 1206 1380 1229 1380 1229 1381 1206 1381 789 1381 1206 1382 1205 1382 789 1382 789 1383 1205 1383 790 1383 1205 1384 1226 1384 790 1384 790 1385 1226 1385 792 1385 1226 1386 1225 1386 792 1386 792 1387 1225 1387 1232 1387 1225 1388 1224 1388 1232 1388 1232 1389 1224 1389 1233 1389 1224 1390 1223 1390 1233 1390 1233 1391 1223 1391 946 1391 1223 1392 1222 1392 946 1392 946 1393 1222 1393 944 1393 1222 1394 1221 1394 944 1394 944 1395 1221 1395 942 1395 1221 1396 1214 1396 942 1396 942 1397 1214 1397 904 1397 1214 1398 903 1398 904 1398 904 1399 903 1399 557 1399 903 1400 556 1400 557 1400 1260 1401 1276 1401 1261 1401 1276 1402 1277 1402 1261 1402 1261 1403 1277 1403 1259 1403 1277 1404 1278 1404 1259 1404 1259 1405 1278 1405 1258 1405 1278 1406 1279 1406 1258 1406 1258 1407 1279 1407 1246 1407 1279 1408 1280 1408 1246 1408 1246 1409 1280 1409 1244 1409 1280 1410 1281 1410 1244 1410 1244 1411 1281 1411 1242 1411 1281 1412 1282 1412 1242 1412 1242 1413 1282 1413 1240 1413 1282 1414 1283 1414 1240 1414 1240 1415 1283 1415 1238 1415 1283 1416 1284 1416 1238 1416 1238 1417 1284 1417 1236 1417 1284 1418 1285 1418 1236 1418 1236 1419 1285 1419 1207 1419 1285 1420 1286 1420 1207 1420 1207 1421 1286 1421 1208 1421 1287 1422 1288 1422 1289 1422 1288 1423 1290 1423 1289 1423 1289 1424 1290 1424 1291 1424 1290 1425 1292 1425 1291 1425 1291 1426 1292 1426 1293 1426 1292 1427 1294 1427 1293 1427 1293 1428 1294 1428 1295 1428 1294 1429 1296 1429 1295 1429 1295 1430 1296 1430 1297 1430 1296 1431 1298 1431 1297 1431 1297 1432 1298 1432 1299 1432 1298 1433 1300 1433 1299 1433 1299 1434 1300 1434 1301 1434 1300 1435 1302 1435 1301 1435 1301 1436 1302 1436 1303 1436 1302 1437 1304 1437 1303 1437 1303 1438 1304 1438 1305 1438 1304 1439 1306 1439 1305 1439 1305 1440 1306 1440 1307 1440 1306 1441 1308 1441 1307 1441 1307 1442 1308 1442 1309 1442 1308 1443 1310 1443 1309 1443 1309 1444 1310 1444 1311 1444 1310 1445 1312 1445 1311 1445 1311 1446 1312 1446 1313 1446 1106 1447 1287 1447 1107 1447 1287 1448 1289 1448 1107 1448 1107 1449 1289 1449 1108 1449 1289 1450 1291 1450 1108 1450 1108 1451 1291 1451 1109 1451 1291 1452 1293 1452 1109 1452 1109 1453 1293 1453 1110 1453 1293 1454 1295 1454 1110 1454 1110 1455 1295 1455 1111 1455 1295 1456 1297 1456 1111 1456 1111 1457 1297 1457 1112 1457 1297 1458 1299 1458 1112 1458 1112 1459 1299 1459 1113 1459 1299 1460 1301 1460 1113 1460 1113 1461 1301 1461 1114 1461 1301 1462 1303 1462 1114 1462 1114 1463 1303 1463 807 1463 1303 1464 1305 1464 807 1464 807 1465 1305 1465 808 1465 1305 1466 1307 1466 808 1466 808 1467 1307 1467 1157 1467 1307 1468 1309 1468 1157 1468 1157 1469 1309 1469 1159 1469 1309 1470 1311 1470 1159 1470 1159 1471 1311 1471 1164 1471 1311 1472 1313 1472 1164 1472 1164 1473 1313 1473 1165 1473 1313 1474 1314 1474 1165 1474 1165 1475 1314 1475 1166 1475 841 1476 843 1476 877 1476 843 1477 818 1477 877 1477 877 1478 818 1478 1073 1478 818 1479 820 1479 1073 1479 1073 1480 820 1480 1088 1480 820 1481 1068 1481 1088 1481 1088 1482 1068 1482 1069 1482 1068 1483 1315 1483 1069 1483 1069 1484 1315 1484 1070 1484 1315 1485 1316 1485 1070 1485 1070 1486 1316 1486 1106 1486 1316 1487 1317 1487 1106 1487 1106 1488 1317 1488 1287 1488 1317 1489 1318 1489 1287 1489 1287 1490 1318 1490 1288 1490 1318 1491 1319 1491 1288 1491 1288 1492 1319 1492 1290 1492 1319 1493 1320 1493 1290 1493 1290 1494 1320 1494 1292 1494 1320 1495 1321 1495 1292 1495 1292 1496 1321 1496 1294 1496 1321 1497 1322 1497 1294 1497 1294 1498 1322 1498 1296 1498 1322 1499 1323 1499 1296 1499 1296 1500 1323 1500 1298 1500 1323 1501 1324 1501 1298 1501 1298 1502 1324 1502 1300 1502 1324 1503 1325 1503 1300 1503 1300 1504 1325 1504 1302 1504 1325 1505 1326 1505 1302 1505 1302 1506 1326 1506 1304 1506 1326 1507 1327 1507 1304 1507 1304 1508 1327 1508 1306 1508 1327 1509 1328 1509 1306 1509 1306 1510 1328 1510 1308 1510 1328 1511 1329 1511 1308 1511 1308 1512 1329 1512 1310 1512 1329 1513 1330 1513 1310 1513 1310 1514 1330 1514 1312 1514 1330 1515 1331 1515 1312 1515 1312 1516 1331 1516 1313 1516 1331 1517 1332 1517 1313 1517 1313 1518 1332 1518 1314 1518 804 1519 805 1519 802 1519 805 1520 1151 1520 802 1520 802 1521 1151 1521 1130 1521 1151 1522 1153 1522 1130 1522 1130 1523 1153 1523 1132 1523 1153 1103 1155 1103 1132 1103 1132 1524 1155 1524 1133 1524 1155 1524 1154 1524 1133 1524 1133 1525 1154 1525 1150 1525 1154 1526 1167 1526 1150 1526 1150 1527 1167 1527 1333 1527 1167 1528 1334 1528 1333 1528 1333 1529 1334 1529 1335 1529 1336 1530 1337 1530 1338 1530 1337 1531 1339 1531 1338 1531 1338 1532 1339 1532 1340 1532 1339 1533 1341 1533 1340 1533 1340 1534 1341 1534 1342 1534 1341 1535 1343 1535 1342 1535 1342 1536 1343 1536 1344 1536 1345 1537 1346 1537 1347 1537 972 1538 1346 1538 1336 1538 1346 1539 1345 1539 1336 1539 1336 1540 1345 1540 1337 1540 972 1541 1336 1541 971 1541 1336 1542 1338 1542 971 1542 971 1543 1338 1543 969 1543 1338 1544 1340 1544 969 1544 969 1545 1340 1545 967 1545 1340 1546 1342 1546 967 1546 967 1547 1342 1547 964 1547 1342 1548 1344 1548 964 1548 964 1549 1344 1549 963 1549 743 1550 1348 1550 823 1550 1348 1551 1349 1551 823 1551 823 1552 1349 1552 1350 1552 1349 1553 1351 1553 1350 1553 1350 1554 1351 1554 1352 1554 1351 1555 1353 1555 1352 1555 1352 1556 1353 1556 1347 1556 1353 1557 1354 1557 1347 1557 1347 1558 1354 1558 1345 1558 1354 1559 1355 1559 1345 1559 1345 1560 1355 1560 1337 1560 1355 1561 1356 1561 1337 1561 1337 1562 1356 1562 1339 1562 1356 1563 1357 1563 1339 1563 1339 1564 1357 1564 1341 1564 1357 1565 1358 1565 1341 1565 1341 1566 1358 1566 1343 1566 743 1567 742 1567 1348 1567 742 1568 1004 1568 1348 1568 1348 1569 1004 1569 1349 1569 1004 1570 981 1570 1349 1570 1349 1571 981 1571 1351 1571 981 1572 980 1572 1351 1572 1351 1573 980 1573 1353 1573 980 1574 1359 1574 1353 1574 1353 1575 1359 1575 1354 1575 1359 1576 1360 1576 1354 1576 1354 1577 1360 1577 1355 1577 1360 1578 1361 1578 1355 1578 1355 1579 1361 1579 1356 1579 1361 1580 1362 1580 1356 1580 1356 1581 1362 1581 1357 1581 1362 1582 1363 1582 1357 1582 1357 1583 1363 1583 1358 1583 723 1584 823 1584 982 1584 823 1585 1350 1585 982 1585 982 1586 1350 1586 828 1586 1350 1587 1352 1587 828 1587 828 1588 1352 1588 829 1588 1352 1589 1347 1589 829 1589 829 1590 1347 1590 978 1590 1347 1591 1346 1591 978 1591 978 1592 1346 1592 977 1592 1346 1593 972 1593 977 1593 977 1594 972 1594 975 1594 972 1595 970 1595 975 1595 975 1596 970 1596 973 1596 970 1597 968 1597 973 1597 973 1598 968 1598 1000 1598 968 1599 966 1599 1000 1599 1000 1600 966 1600 998 1600 966 1601 965 1601 998 1601 998 1602 965 1602 996 1602 965 1603 962 1603 996 1603 996 1604 962 1604 994 1604 962 1605 960 1605 994 1605 994 1606 960 1606 992 1606 960 1607 959 1607 992 1607 992 808 959 808 990 808 985 1608 1364 1608 986 1608 1364 1609 1365 1609 986 1609 986 1610 1365 1610 1006 1610 1365 1611 1366 1611 1006 1611 760 1612 765 1612 956 1612 765 1613 988 1613 956 1613 956 1614 988 1614 932 1614 988 1615 990 1615 932 1615 932 1616 990 1616 930 1616 990 1617 959 1617 930 1617 930 1618 959 1618 928 1618 959 1619 961 1619 928 1619 928 1620 961 1620 787 1620 961 1621 963 1621 787 1621 787 1622 963 1622 788 1622 963 1623 1344 1623 788 1623 788 1624 1344 1624 1332 1624 1344 1625 1343 1625 1332 1625 1332 1626 1343 1626 1314 1626 1343 1627 1358 1627 1314 1627 1314 1628 1358 1628 1166 1628 1358 1629 1363 1629 1166 1629 1166 1630 1363 1630 1162 1630 1363 1631 1362 1631 1162 1631 1162 1632 1362 1632 1163 1632 1362 1633 1361 1633 1163 1633 1163 1634 1361 1634 1167 1634 1361 1635 1360 1635 1167 1635 1167 1636 1360 1636 1334 1636 1360 1637 1359 1637 1334 1637 1334 1638 1359 1638 1335 1638 1359 1639 980 1639 1335 1639 1335 1640 980 1640 1367 1640 980 1641 979 1641 1367 1641 1367 1642 979 1642 1366 1642 979 1643 826 1643 1366 1643 1366 1644 826 1644 1006 1644 826 1645 825 1645 1006 1645 1006 1646 825 1646 1005 1646 825 1647 721 1647 1005 1647 1005 1648 721 1648 741 1648 1149 1649 1150 1649 1174 1649 1150 1650 1333 1650 1174 1650 1174 1651 1333 1651 1176 1651 1333 1652 1335 1652 1176 1652 1176 1653 1335 1653 1175 1653 1335 1654 1367 1654 1175 1654 1175 1655 1367 1655 1170 1655 1367 1656 1366 1656 1170 1656 1170 1657 1366 1657 1171 1657 1366 1658 1365 1658 1171 1658 1171 1659 1365 1659 1368 1659 1365 1660 1364 1660 1368 1660 1368 1661 1364 1661 1015 1661 766 1662 762 1662 1274 1662 762 1663 951 1663 1274 1663 1274 1664 951 1664 1272 1664 951 1665 953 1665 1272 1665 1272 1666 953 1666 1270 1666 953 1667 955 1667 1270 1667 1270 1668 955 1668 1268 1668 955 1669 931 1669 1268 1669 1268 1670 931 1670 1266 1670 931 1671 929 1671 1266 1671 1266 1672 929 1672 1264 1672 929 1673 786 1673 1264 1673 1264 1674 786 1674 1262 1674 786 1675 788 1675 1262 1675 1262 1676 788 1676 1260 1676 788 1677 1332 1677 1260 1677 1260 1678 1332 1678 1276 1678 1332 1679 1331 1679 1276 1679 1276 1680 1331 1680 1277 1680 1331 1681 1330 1681 1277 1681 1277 1682 1330 1682 1278 1682 1330 1683 1329 1683 1278 1683 1278 1684 1329 1684 1279 1684 1329 1685 1328 1685 1279 1685 1279 1686 1328 1686 1280 1686 1328 1687 1327 1687 1280 1687 1280 1688 1327 1688 1281 1688 1327 1689 1326 1689 1281 1689 1281 1690 1326 1690 1282 1690 1326 1691 1325 1691 1282 1691 1282 1692 1325 1692 1283 1692 1325 1693 1324 1693 1283 1693 1283 1694 1324 1694 1284 1694 1324 1695 1323 1695 1284 1695 1284 1696 1323 1696 1285 1696 1323 1697 1322 1697 1285 1697 1285 1698 1322 1698 1286 1698 1322 1699 1321 1699 1286 1699 1286 1700 1321 1700 1208 1700 1321 1701 1320 1701 1208 1701 1208 1702 1320 1702 1206 1702 1320 1703 1319 1703 1206 1703 1206 1704 1319 1704 1204 1704 1319 1705 1318 1705 1204 1705 1204 1706 1318 1706 1227 1706 1318 1707 1317 1707 1227 1707 1227 1708 1317 1708 1228 1708 1317 1709 1316 1709 1228 1709 1228 1710 1316 1710 1105 1710 1316 1711 1315 1711 1105 1711 1105 1712 1315 1712 1101 1712 1315 1713 1068 1713 1101 1713 1101 1714 1068 1714 1102 1714 1068 1715 1067 1715 1102 1715 1102 1716 1067 1716 1203 1716 1067 1717 810 1717 1203 1717 1203 1718 810 1718 1202 1718 810 1719 812 1719 1202 1719 1202 1720 812 1720 1192 1720 812 1721 813 1721 1192 1721 1192 1722 813 1722 1193 1722 813 1723 816 1723 1193 1723 1193 1724 816 1724 1191 1724 816 1725 817 1725 1191 1725 1191 1726 817 1726 1181 1726 817 1727 1063 1727 1181 1727 1181 1728 1063 1728 1180 1728 1063 1729 1058 1729 1180 1729 1180 1730 1058 1730 1062 1730 1058 1731 1057 1731 1062 1731 1062 1732 1057 1732 1061 1732 1057 1732 1055 1732 1061 1732 1061 1733 1055 1733 1060 1733 1055 1734 821 1734 1060 1734 1060 1735 821 1735 617 1735 821 1736 616 1736 617 1736 1017 1737 1018 1737 1015 1737 1018 1738 800 1738 1015 1738 1015 1739 800 1739 1368 1739 800 1740 799 1740 1368 1740 1368 1741 799 1741 1171 1741 799 1742 1140 1742 1171 1742 1171 1743 1140 1743 1173 1743 1140 1744 1124 1744 1173 1744 1173 1745 1124 1745 1149 1745 1124 1746 1123 1746 1149 1746 1149 1747 1123 1747 1133 1747 1123 1748 1121 1748 1133 1748 1133 1749 1121 1749 1131 1749 1121 1750 1120 1750 1131 1750 1131 1751 1120 1751 1129 1751 1120 1752 1135 1752 1129 1752 1129 1753 1135 1753 803 1753 1135 1070 1134 1070 803 1070 803 1754 1134 1754 804 1754 1134 1755 1117 1755 804 1755 804 1756 1117 1756 806 1756 1117 1757 1119 1757 806 1757 806 1758 1119 1758 901 1758 1119 1759 1118 1759 901 1759 745 1760 1007 1760 746 1760 1007 1761 1009 1761 746 1761 746 1762 1009 1762 739 1762 1009 1763 1011 1763 739 1763 739 1764 1011 1764 740 1764 741 1765 740 1765 987 1765 740 1766 1011 1766 987 1766 987 1767 1011 1767 985 1767 1011 1768 1010 1768 985 1768 985 1769 1010 1769 1364 1769 1010 1770 1014 1770 1364 1770 1364 1771 1014 1771 1015 1771 1014 1772 1013 1772 1015 1772 1015 1773 1013 1773 1016 1773 1013 1774 1012 1774 1016 1774 1016 1775 1012 1775 1019 1775 1012 1776 869 1776 1019 1776 1019 1777 869 1777 1024 1777 869 1778 870 1778 1024 1778 1024 1779 870 1779 860 1779 870 1780 871 1780 860 1780 860 1781 871 1781 861 1781 1369 74 1370 74 1371 74 1372 74 1371 74 1373 74 1371 74 1370 74 1373 74 1373 74 1370 74 1374 74 424 74 422 74 1375 74 424 74 1371 74 1376 74 1371 74 1377 74 1376 74 1376 74 1377 74 1378 74 1379 74 1369 74 1380 74 1369 74 1371 74 1380 74 1380 74 1371 74 1381 74 1371 74 424 74 1381 74 1381 74 424 74 1382 74 424 74 1375 74 1382 74 1382 74 1375 74 1383 74 1384 74 1380 74 1385 74 1380 74 1386 74 1385 74 1384 74 1387 74 1380 74 1387 74 1388 74 1380 74 1380 74 1388 74 1389 74 1389 74 1390 74 1380 74 1390 74 1391 74 1380 74 1380 74 1391 74 1379 74 1392 74 1393 74 1394 74 1378 74 1395 74 1376 74 1395 74 1396 74 1376 74 1376 74 1396 74 1397 74 1397 74 1398 74 1376 74 1398 74 1399 74 1376 74 1376 74 1399 74 1400 74 1401 74 1402 74 1403 74 1402 74 1404 74 1403 74 1382 74 1405 74 1381 74 1405 74 1406 74 1381 74 1381 74 1406 74 1407 74 1401 74 1403 74 1408 74 1403 74 1409 74 1408 74 1408 74 1409 74 1410 74 1410 74 1411 74 1408 74 1411 74 1412 74 1408 74 1408 74 1412 74 1413 74 1412 74 1414 74 1413 74 1400 74 1415 74 1376 74 1415 74 1403 74 1376 74 1376 74 1403 74 1416 74 1403 74 1404 74 1416 74 1392 74 1394 74 1417 74 1407 74 1418 74 1381 74 1418 74 1419 74 1381 74 1381 74 1419 74 1394 74 1419 74 1420 74 1394 74 1394 74 1420 74 1417 74 1421 16 1374 16 851 16 1374 16 1370 16 851 16 1370 16 1023 16 1022 16 1018 16 1017 16 1370 16 1017 16 1021 16 1370 16 1370 16 1021 16 1020 16 1022 16 852 16 1370 16 852 16 849 16 1370 16 1370 16 849 16 851 16 1020 16 1026 16 1370 16 1026 16 1025 16 1370 16 1370 16 1025 16 1023 16 1370 16 1179 16 1178 16 1116 16 1115 16 1370 16 1115 16 1136 16 1370 16 1370 16 1136 16 1137 16 1178 16 1177 16 1370 16 1177 16 801 16 1370 16 1370 16 801 16 1018 16 1137 16 1138 16 1370 16 1138 16 1139 16 1370 16 1370 16 1139 16 1179 16 778 1782 781 1782 1422 1782 1423 1783 1424 1783 1425 1783 1426 1784 1427 1784 1425 1784 1427 1785 1428 1785 1425 1785 1425 1786 1428 1786 1423 1786 1429 1787 1430 1787 1431 1787 1430 1788 1432 1788 1431 1788 1431 1789 1432 1789 1426 1789 1432 1790 1433 1790 1426 1790 1426 1791 1433 1791 1427 1791 1431 1792 1434 1792 1435 1792 1435 1793 778 1793 1431 1793 778 1794 1422 1794 1431 1794 1431 1795 1422 1795 1429 1795 1422 1796 1436 1796 1429 1796 1429 1797 1436 1797 1437 1797 1434 1798 1431 1798 1438 1798 1431 1799 1426 1799 1438 1799 1438 1800 1426 1800 1439 1800 1426 1801 1425 1801 1439 1801 1439 1802 1425 1802 1440 1802 1425 1803 1424 1803 1440 1803 1440 1804 1424 1804 1441 1804 785 1805 1442 1805 773 1805 1442 1806 774 1806 773 1806 1443 16 1441 16 1444 16 1441 16 1424 16 1444 16 1445 1807 1446 1807 1447 1807 1448 1808 1449 1808 1450 1808 1451 1809 1452 1809 1453 1809 1452 1810 1451 1810 1454 1810 1455 1811 1456 1811 1457 1811 1458 1812 1459 1812 1460 1812 1461 1813 1462 1813 1463 1813 1464 1814 1465 1814 1466 1814 423 1815 425 1815 1467 1815 425 1816 1468 1816 1467 1816 1467 1817 1468 1817 1469 1817 1464 1818 1466 1818 1470 1818 1466 1819 1471 1819 1470 1819 1471 1820 1472 1820 1470 1820 1470 1821 1472 1821 1473 1821 1472 1822 1474 1822 1473 1822 1473 1823 1474 1823 1475 1823 1474 1824 1476 1824 1475 1824 1475 1825 1476 1825 1468 1825 1476 1826 1477 1826 1468 1826 1468 1827 1477 1827 1469 1827 1478 1828 1456 1828 1479 1828 1456 1829 1455 1829 1479 1829 1479 1830 1455 1830 1480 1830 1481 1831 1482 1831 1483 1831 1484 1832 1485 1832 1486 1832 1485 1833 1487 1833 1486 1833 1486 1834 1487 1834 1488 1834 1489 1835 1490 1835 1491 1835 1490 1836 1492 1836 1491 1836 1492 1837 1490 1837 1493 1837 1490 1838 1494 1838 1493 1838 1493 1839 1494 1839 1495 1839 1495 1840 1494 1840 1496 1840 1494 1841 1497 1841 1496 1841 1496 1842 1497 1842 1498 1842 1462 1843 1499 1843 1463 1843 1499 1844 1500 1844 1463 1844 1463 1845 1500 1845 1501 1845 1502 1846 429 1846 1503 1846 1503 1847 1504 1847 1502 1847 1504 1848 1505 1848 1502 1848 1502 1849 1505 1849 1506 1849 1507 1850 438 1850 1508 1850 438 1851 437 1851 1508 1851 1508 1852 437 1852 433 1852 428 1853 427 1853 1507 1853 427 1854 426 1854 1507 1854 1507 1855 426 1855 438 1855 1509 1856 1447 1856 1510 1856 1447 1857 1446 1857 1510 1857 1510 1858 1446 1858 1460 1858 1511 1859 1512 1859 1513 1859 1481 1860 1514 1860 1515 1860 1514 1861 1516 1861 1515 1861 1515 1862 1516 1862 1517 1862 1516 1863 1518 1863 1517 1863 1517 1864 1518 1864 1519 1864 1518 1865 1520 1865 1519 1865 1519 1866 1520 1866 1521 1866 1520 1867 1522 1867 1521 1867 1521 1868 1522 1868 1523 1868 1522 1869 1524 1869 1523 1869 1523 1870 1524 1870 1525 1870 1524 1871 1526 1871 1525 1871 1525 1872 1527 1872 1523 1872 1527 1873 1528 1873 1523 1873 1523 1874 1528 1874 1521 1874 1528 1875 1529 1875 1521 1875 1521 1866 1529 1866 1519 1866 1529 1876 1484 1876 1519 1876 1519 1877 1484 1877 1517 1877 1484 1878 1486 1878 1517 1878 1517 1879 1486 1879 1515 1879 1486 1880 1488 1880 1515 1880 1515 1881 1488 1881 1481 1881 1488 1882 1530 1882 1481 1882 1481 1883 1530 1883 1482 1883 1531 1884 1532 1884 1533 1884 1532 1885 1534 1885 1533 1885 1533 1886 1534 1886 1535 1886 1536 1887 439 1887 436 1887 1537 1888 1538 1888 1539 1888 1538 1889 1536 1889 1539 1889 1539 1890 1536 1890 1540 1890 1536 1891 436 1891 1540 1891 1540 1892 436 1892 435 1892 433 1893 432 1893 1531 1893 432 1894 431 1894 1531 1894 1531 1895 431 1895 1532 1895 431 1896 440 1896 1532 1896 1532 1897 440 1897 1534 1897 1506 1898 1461 1898 1502 1898 1461 1899 1463 1899 1502 1899 1502 1900 1463 1900 1541 1900 1542 1901 1541 1901 1543 1901 1541 1902 1463 1902 1543 1902 1543 1903 1463 1903 1497 1903 1463 1904 1501 1904 1497 1904 1497 1905 1501 1905 1498 1905 1526 1906 1542 1906 1525 1906 1542 1907 1543 1907 1525 1907 1525 1908 1543 1908 1527 1908 1543 1909 1497 1909 1527 1909 1527 1910 1497 1910 1528 1910 1497 1911 1494 1911 1528 1911 1528 1912 1494 1912 1529 1912 1494 1913 1490 1913 1529 1913 1529 1914 1490 1914 1484 1914 1490 1915 1489 1915 1484 1915 1484 1916 1489 1916 1485 1916 1544 1917 1537 1917 1545 1917 1537 1918 1539 1918 1545 1918 1545 1919 1539 1919 1546 1919 1539 1920 1540 1920 1546 1920 1546 1921 1540 1921 1547 1921 1540 1922 435 1922 1547 1922 1547 1923 435 1923 434 1923 1454 1924 1451 1924 1548 1924 1451 1925 1549 1925 1548 1925 1548 1926 1549 1926 1550 1926 1551 1927 1552 1927 1553 1927 1554 1928 1555 1928 1556 1928 1555 1929 1557 1929 1556 1929 1556 1930 1557 1930 1553 1930 1557 1931 1558 1931 1553 1931 1553 1932 1558 1932 1551 1932 1559 1933 1560 1933 1561 1933 1560 1934 1562 1934 1561 1934 1561 1935 1562 1935 1563 1935 1562 1936 1564 1936 1563 1936 1563 1937 1564 1937 1565 1937 1566 1938 1567 1938 1568 1938 1565 1939 1554 1939 1569 1939 1554 1940 1556 1940 1569 1940 1569 1941 1556 1941 1566 1941 1556 1942 1553 1942 1566 1942 1566 1943 1553 1943 1567 1943 1553 1944 1552 1944 1567 1944 1570 1945 1571 1945 1572 1945 1571 1946 1573 1946 1572 1946 1572 1947 1573 1947 1574 1947 1573 1948 1575 1948 1574 1948 1574 1949 1575 1949 1576 1949 1575 1950 1577 1950 1576 1950 1576 1951 1577 1951 1578 1951 1570 1952 1579 1952 1571 1952 1579 1953 1580 1953 1571 1953 1571 1954 1580 1954 1573 1954 1580 1955 1512 1955 1573 1955 1573 1956 1512 1956 1575 1956 1512 1957 1511 1957 1575 1957 1575 1958 1511 1958 1577 1958 1558 1959 1581 1959 1551 1959 1581 1960 1579 1960 1551 1960 1551 1961 1579 1961 1552 1961 1579 1962 1570 1962 1552 1962 1552 1963 1570 1963 1567 1963 1570 1964 1572 1964 1567 1964 1567 1965 1572 1965 1568 1965 1572 1966 1574 1966 1568 1966 1568 1967 1574 1967 1582 1967 1574 1968 1576 1968 1582 1968 1582 1969 1576 1969 1583 1969 1576 1970 1578 1970 1583 1970 1583 1971 1578 1971 1584 1971 1585 1972 1586 1972 1587 1972 1586 1973 1588 1973 1587 1973 1587 1974 1588 1974 1559 1974 1588 1975 1589 1975 1559 1975 1559 1976 1589 1976 1560 1976 1590 1977 1585 1977 1591 1977 1585 1978 1587 1978 1591 1978 1591 1979 1587 1979 1592 1979 1587 1980 1559 1980 1592 1980 1592 1981 1559 1981 1593 1981 1559 1982 1561 1982 1593 1982 1593 1983 1561 1983 1594 1983 1561 1984 1563 1984 1594 1984 1565 1985 1569 1985 1563 1985 1569 1986 1566 1986 1563 1986 1563 1987 1566 1987 1594 1987 1566 1988 1568 1988 1594 1988 1594 1989 1568 1989 1593 1989 1568 1990 1582 1990 1593 1990 1593 1991 1582 1991 1592 1991 1582 1992 1583 1992 1592 1992 1592 1993 1583 1993 1591 1993 1583 1994 1584 1994 1591 1994 1591 1995 1584 1995 1590 1995 1595 1996 1596 1996 1597 1996 440 1997 439 1997 1534 1997 439 1998 1536 1998 1534 1998 1534 1999 1536 1999 1535 1999 1536 2000 1538 2000 1535 2000 1535 2001 1538 2001 1598 2001 1538 2002 1537 2002 1598 2002 1598 2003 1537 2003 1599 2003 1537 2004 1544 2004 1599 2004 1599 2005 1544 2005 1600 2005 1544 2006 1601 2006 1600 2006 1600 2007 1601 2007 1602 2007 1601 2008 1603 2008 1602 2008 1602 2009 1603 2009 1604 2009 1603 2010 1605 2010 1604 2010 1604 2011 1605 2011 1597 2011 1605 2012 1606 2012 1597 2012 1597 2013 1606 2013 1595 2013 1606 2014 1607 2014 1595 2014 1595 2015 1607 2015 1608 2015 1607 2016 1609 2016 1608 2016 1608 2017 1609 2017 1610 2017 1609 2018 1611 2018 1610 2018 1605 2019 1612 2019 1606 2019 1612 2020 1613 2020 1606 2020 1606 2021 1613 2021 1607 2021 1613 2022 1614 2022 1607 2022 1607 2023 1614 2023 1609 2023 1614 2024 1615 2024 1609 2024 1609 2025 1615 2025 1611 2025 1615 2026 1616 2026 1611 2026 1611 2027 1616 2027 1617 2027 1618 2028 1449 2028 1619 2028 1449 2029 1448 2029 1619 2029 1619 2030 1448 2030 1620 2030 1513 2031 1512 2031 1621 2031 1512 2032 1580 2032 1621 2032 1621 2033 1580 2033 1622 2033 1580 2034 1579 2034 1622 2034 1622 2035 1579 2035 1623 2035 1579 2036 1581 2036 1623 2036 1623 2037 1581 2037 1624 2037 1581 2038 1625 2038 1624 2038 1624 2039 1625 2039 1626 2039 1458 1812 1460 1812 1627 1812 1460 2040 1446 2040 1627 2040 1627 2041 1446 2041 1628 2041 1446 2042 1445 2042 1628 2042 1628 2043 1445 2043 1629 2043 1630 2044 1459 2044 1631 2044 1459 2045 1458 2045 1631 2045 1631 2046 1458 2046 1632 2046 1458 2047 1627 2047 1632 2047 1632 2048 1627 2048 1633 2048 1627 2049 1628 2049 1633 2049 1633 2050 1628 2050 1450 2050 1628 2051 1629 2051 1450 2051 1450 2052 1629 2052 1448 2052 1618 2053 1465 2053 1449 2053 1465 2054 1464 2054 1449 2054 1449 2055 1464 2055 1450 2055 1464 2056 1470 2056 1450 2056 1450 2057 1470 2057 1633 2057 1470 2058 1473 2058 1633 2058 1633 2059 1473 2059 1632 2059 1473 2060 1475 2060 1632 2060 1632 2061 1475 2061 1631 2061 1475 2062 1468 2062 1631 2062 1631 2063 1468 2063 1630 2063 1557 2064 1550 2064 1558 2064 1550 2065 1549 2065 1558 2065 1558 2066 1549 2066 1581 2066 1549 2067 1451 2067 1581 2067 1581 2068 1451 2068 1625 2068 1451 2069 1453 2069 1625 2069 1625 2070 1453 2070 1626 2070 1453 2071 1634 2071 1626 2071 1626 2072 1634 2072 1620 2072 425 2073 428 2073 1468 2073 428 2074 1507 2074 1468 2074 1468 2075 1507 2075 1630 2075 1507 2076 1508 2076 1630 2076 1630 2077 1508 2077 1459 2077 1508 2078 433 2078 1459 2078 1459 2079 433 2079 1460 2079 433 2080 1531 2080 1460 2080 1460 2081 1531 2081 1510 2081 1531 2082 1533 2082 1510 2082 1510 2083 1533 2083 1509 2083 1533 2084 1535 2084 1509 2084 1635 2085 1636 2085 1457 2085 1636 2086 1637 2086 1457 2086 1457 2087 1637 2087 1455 2087 434 2088 430 2088 1547 2088 430 2089 1638 2089 1547 2089 1547 2090 1638 2090 1546 2090 1638 2091 1639 2091 1546 2091 1546 2092 1639 2092 1545 2092 1639 2093 1640 2093 1545 2093 1545 2094 1640 2094 1544 2094 1640 2095 1641 2095 1544 2095 1544 2096 1641 2096 1601 2096 1641 2097 1642 2097 1601 2097 1601 2098 1642 2098 1603 2098 1642 2099 1643 2099 1603 2099 1603 2100 1643 2100 1605 2100 1643 2101 1644 2101 1605 2101 1605 2102 1644 2102 1612 2102 1644 2103 1645 2103 1612 2103 1612 2104 1645 2104 1613 2104 1645 2105 1646 2105 1613 2105 1613 2106 1646 2106 1614 2106 1646 2107 1636 2107 1614 2107 1614 2108 1636 2108 1615 2108 1636 2109 1635 2109 1615 2109 1615 2110 1635 2110 1616 2110 430 2111 429 2111 1638 2111 429 2112 1502 2112 1638 2112 1638 2113 1502 2113 1639 2113 1502 2114 1541 2114 1639 2114 1639 2115 1541 2115 1640 2115 1541 2116 1542 2116 1640 2116 1640 2117 1542 2117 1641 2117 1542 2118 1526 2118 1641 2118 1641 2119 1526 2119 1642 2119 1526 2120 1524 2120 1642 2120 1642 2121 1524 2121 1643 2121 1524 2122 1522 2122 1643 2122 1643 2123 1522 2123 1644 2123 1522 2124 1520 2124 1644 2124 1644 2125 1520 2125 1645 2125 1520 2126 1518 2126 1645 2126 1645 2127 1518 2127 1646 2127 1518 2128 1516 2128 1646 2128 1646 2129 1516 2129 1636 2129 1516 2130 1514 2130 1636 2130 1636 2131 1514 2131 1637 2131 1514 2132 1481 2132 1637 2132 1637 2133 1481 2133 1455 2133 1481 2134 1483 2134 1455 2134 1455 2135 1483 2135 1480 2135 1620 2136 1448 2136 1626 2136 1448 2137 1629 2137 1626 2137 1626 2138 1629 2138 1624 2138 1629 2139 1445 2139 1624 2139 1624 2140 1445 2140 1623 2140 1445 2141 1447 2141 1623 2141 1623 2142 1447 2142 1622 2142 1447 2143 1509 2143 1622 2143 1622 2144 1509 2144 1621 2144 1509 2145 1535 2145 1621 2145 1621 2146 1535 2146 1513 2146 1535 2147 1598 2147 1513 2147 1513 2148 1598 2148 1511 2148 1598 2149 1599 2149 1511 2149 1511 2150 1599 2150 1577 2150 1599 2151 1600 2151 1577 2151 1577 2152 1600 2152 1578 2152 1600 2153 1602 2153 1578 2153 1578 2154 1602 2154 1584 2154 1602 2155 1604 2155 1584 2155 1584 2156 1604 2156 1590 2156 1604 2157 1597 2157 1590 2157 1590 2158 1597 2158 1585 2158 1597 2159 1596 2159 1585 2159 1585 2160 1596 2160 1586 2160 1647 2161 784 2161 772 2161 784 2161 770 2161 772 2161 1648 45 1649 45 1437 45 781 45 783 45 1422 45 783 45 1650 45 1422 45 1648 45 1437 45 1650 45 1437 45 1436 45 1650 45 1650 45 1436 45 1422 45 1651 16 1465 16 1618 16 1618 16 1619 16 1651 16 1619 16 1620 16 1651 16 1651 16 1620 16 1634 16 1634 16 1453 16 1651 16 1453 16 1452 16 1651 16 1651 16 1452 16 1454 16 1454 16 1548 16 1651 16 1548 16 1550 16 1651 16 1651 16 1550 16 1557 16 1557 16 1555 16 1651 16 1555 16 1554 16 1651 16 1651 16 1554 16 1565 16 1562 16 1560 16 1652 16 1560 16 1589 16 1652 16 1652 16 1589 16 1653 16 1589 16 1588 16 1653 16 1654 16 1655 16 1565 16 1655 16 1656 16 1565 16 1565 16 1656 16 1657 16 1658 16 1659 16 1565 16 1659 16 1660 16 1565 16 1565 16 1660 16 1661 16 1661 16 1662 16 1565 16 1662 16 1663 16 1565 16 1565 16 1663 16 1664 16 1664 16 1665 16 1565 16 1665 16 1666 16 1565 16 1565 16 1666 16 1651 16 1654 16 1565 16 1652 16 1565 16 1564 16 1652 16 1652 16 1564 16 1562 16 1657 16 1667 16 1565 16 1667 16 1668 16 1565 16 1565 16 1668 16 1658 16 1588 16 1586 16 1653 16 1586 16 1596 16 1653 16 1653 16 1596 16 1595 16 1669 16 1670 16 1611 16 1670 16 1671 16 1611 16 1611 16 1671 16 1653 16 1672 16 1673 16 1674 16 1595 16 1608 16 1653 16 1608 16 1610 16 1653 16 1653 16 1610 16 1611 16 1669 16 1611 16 1674 16 1611 16 1617 16 1674 16 1674 16 1617 16 1672 16 1675 2162 1676 2162 1677 2162 1678 2163 1679 2163 1680 2163 1681 2164 1682 2164 1683 2164 1672 2165 1617 2165 1616 2165 1684 2166 1685 2166 1686 2166 1687 2167 1688 2167 1689 2167 1690 2168 1691 2168 1692 2168 1693 2169 1694 2169 1695 2169 1696 2170 1697 2170 1698 2170 1699 2171 1700 2171 1701 2171 1702 2172 1703 2172 1704 2172 1705 2173 1706 2173 1707 2173 1706 2174 1708 2174 1707 2174 1707 2175 1708 2175 1651 2175 1709 2176 1710 2176 1711 2176 1710 2177 1712 2177 1711 2177 1711 2178 1712 2178 1707 2178 1712 2179 1713 2179 1707 2179 1707 2180 1713 2180 1705 2180 1714 2181 1715 2181 1689 2181 1715 2182 1716 2182 1689 2182 1704 2183 1703 2183 1717 2183 1703 2184 1718 2184 1717 2184 1718 2185 1719 2185 1717 2185 1717 2186 1719 2186 1720 2186 1720 2187 1721 2187 1717 2187 1721 2188 1722 2188 1717 2188 1717 2189 1722 2189 1723 2189 1724 2190 1725 2190 1726 2190 1726 2191 1727 2191 1724 2191 1727 2192 1728 2192 1724 2192 1724 2193 1728 2193 1704 2193 1728 2194 1729 2194 1704 2194 1704 2195 1729 2195 1702 2195 1730 2196 1731 2196 1732 2196 1699 2197 1701 2197 1697 2197 1696 2198 1698 2198 1694 2198 1693 2199 1695 2199 1733 2199 1478 2200 1733 2200 1456 2200 1733 2201 1734 2201 1456 2201 1456 2202 1734 2202 1735 2202 1733 2203 1695 2203 1734 2203 1695 2204 1736 2204 1734 2204 1734 2205 1736 2205 1735 2205 1737 2206 1738 2206 1739 2206 1737 2207 1739 2207 1740 2207 1739 2208 1741 2208 1740 2208 1740 2209 1741 2209 1742 2209 1697 2210 1701 2210 1698 2210 1701 2211 1743 2211 1698 2211 1698 2212 1743 2212 1744 2212 1745 2213 1746 2213 1747 2213 1746 2214 1748 2214 1747 2214 1747 2215 1748 2215 1749 2215 1748 2216 1677 2216 1749 2216 1749 2217 1677 2217 1750 2217 1677 2218 1676 2218 1750 2218 1750 2219 1676 2219 1751 2219 1723 2220 1752 2220 1717 2220 1752 2221 1753 2221 1717 2221 1717 2222 1753 2222 1754 2222 1755 2223 1691 2223 1756 2223 1691 2224 1690 2224 1756 2224 1756 2225 1690 2225 1757 2225 1758 2226 1759 2226 1760 2226 1759 2227 1761 2227 1760 2227 1760 2228 1761 2228 1762 2228 1761 2229 1763 2229 1762 2229 1762 2230 1763 2230 1764 2230 1763 2231 1765 2231 1764 2231 1755 2232 1758 2232 1691 2232 1758 2233 1760 2233 1691 2233 1691 2234 1760 2234 1692 2234 1760 2235 1762 2235 1692 2235 1692 2236 1762 2236 1766 2236 1762 2237 1764 2237 1766 2237 1766 2238 1764 2238 1767 2238 1764 2239 1765 2239 1767 2239 1767 2240 1765 2240 1768 2240 1769 2241 1770 2241 1771 2241 1770 2242 1772 2242 1771 2242 1687 2167 1689 2167 1773 2167 1772 2243 1774 2243 1771 2243 1774 2244 1775 2244 1771 2244 1771 2245 1775 2245 1776 2245 1777 2246 1769 2246 1778 2246 1769 2247 1771 2247 1778 2247 1778 2248 1771 2248 1779 2248 1771 2249 1776 2249 1779 2249 1779 2250 1776 2250 1780 2250 1781 2251 1714 2251 1782 2251 1714 2252 1689 2252 1782 2252 1782 2253 1689 2253 1783 2253 1689 2254 1688 2254 1783 2254 1783 2255 1688 2255 1784 2255 1688 2256 1785 2256 1784 2256 1780 2257 1785 2257 1779 2257 1785 2258 1688 2258 1779 2258 1779 2259 1688 2259 1778 2259 1688 2260 1687 2260 1778 2260 1778 2261 1687 2261 1777 2261 1687 2262 1773 2262 1777 2262 1661 2263 1660 2263 1786 2263 1660 2264 1787 2264 1786 2264 1786 2265 1787 2265 1684 2265 1788 2266 1663 2266 1786 2266 1663 2267 1662 2267 1786 2267 1786 2268 1662 2268 1661 2268 1684 2269 1686 2269 1786 2269 1686 2270 1789 2270 1786 2270 1786 2271 1789 2271 1788 2271 1664 2272 1790 2272 1665 2272 1790 2273 1791 2273 1665 2273 1665 2274 1791 2274 1666 2274 1791 2275 1792 2275 1666 2275 1716 2276 1709 2276 1689 2276 1709 2277 1711 2277 1689 2277 1689 2278 1711 2278 1773 2278 1711 2279 1707 2279 1773 2279 1773 2280 1707 2280 1792 2280 1707 2281 1651 2281 1792 2281 1792 2282 1651 2282 1666 2282 1655 2283 1654 2283 1793 2283 1654 2284 1652 2284 1793 2284 1653 2285 1671 2285 1794 2285 1671 2286 1670 2286 1794 2286 1794 2287 1670 2287 1795 2287 1673 2288 1682 2288 1674 2288 1682 2289 1681 2289 1674 2289 1674 2290 1681 2290 1669 2290 1796 2291 1683 2291 1797 2291 1683 2292 1682 2292 1797 2292 1797 2293 1682 2293 1798 2293 1682 2294 1673 2294 1798 2294 1798 2295 1673 2295 1672 2295 1799 2296 1800 2296 1801 2296 1800 2297 1802 2297 1801 2297 1801 2298 1802 2298 1803 2298 1802 2299 1804 2299 1803 2299 1803 2300 1804 2300 1805 2300 1656 2301 1679 2301 1657 2301 1679 2302 1678 2302 1657 2302 1657 2303 1678 2303 1667 2303 1658 2304 1668 2304 1806 2304 1655 2305 1793 2305 1807 2305 1793 2306 1808 2306 1807 2306 1807 2307 1808 2307 1809 2307 1808 2308 1810 2308 1809 2308 1809 2309 1810 2309 1811 2309 1810 2310 1812 2310 1811 2310 1811 2311 1812 2311 1813 2311 1659 2312 1658 2312 1814 2312 1658 2313 1806 2313 1814 2313 1814 2314 1806 2314 1815 2314 1806 2315 1816 2315 1815 2315 1815 2316 1816 2316 1817 2316 1816 2317 1818 2317 1817 2317 1668 2318 1667 2318 1806 2318 1667 2319 1678 2319 1806 2319 1806 2320 1678 2320 1816 2320 1678 2321 1680 2321 1816 2321 1816 2322 1680 2322 1818 2322 1680 2323 1819 2323 1818 2323 1818 2324 1819 2324 1820 2324 1819 2325 1821 2325 1820 2325 1820 2326 1821 2326 1822 2326 1652 2327 1799 2327 1793 2327 1799 2328 1801 2328 1793 2328 1793 2329 1801 2329 1808 2329 1801 2330 1803 2330 1808 2330 1808 2331 1803 2331 1810 2331 1803 2332 1805 2332 1810 2332 1810 2333 1805 2333 1812 2333 1635 2334 1457 2334 1823 2334 1738 2335 1737 2335 1796 2335 1737 2336 1824 2336 1796 2336 1796 2337 1824 2337 1683 2337 1824 2338 1825 2338 1683 2338 1683 2339 1825 2339 1681 2339 1825 2340 1826 2340 1681 2340 1681 2341 1826 2341 1669 2341 1694 2342 1698 2342 1695 2342 1698 2343 1744 2343 1695 2343 1695 2344 1744 2344 1736 2344 1744 2345 1823 2345 1736 2345 1736 2346 1823 2346 1735 2346 1823 2347 1457 2347 1735 2347 1735 2348 1457 2348 1456 2348 1672 2349 1616 2349 1798 2349 1616 2350 1635 2350 1798 2350 1798 2351 1635 2351 1797 2351 1635 2352 1823 2352 1797 2352 1797 2353 1823 2353 1796 2353 1823 2354 1744 2354 1796 2354 1796 2355 1744 2355 1738 2355 1744 2356 1743 2356 1738 2356 1738 2357 1743 2357 1739 2357 1743 2358 1701 2358 1739 2358 1739 2359 1701 2359 1741 2359 1701 2360 1700 2360 1741 2360 1741 2361 1700 2361 1827 2361 1828 2362 1751 2362 1829 2362 1751 2363 1676 2363 1829 2363 1829 2364 1676 2364 1830 2364 1676 2365 1675 2365 1830 2365 1830 2366 1675 2366 1831 2366 1827 2367 1730 2367 1741 2367 1730 2368 1732 2368 1741 2368 1741 2369 1732 2369 1742 2369 1732 2370 1832 2370 1742 2370 1742 2371 1832 2371 1740 2371 1832 2372 1828 2372 1740 2372 1740 2373 1828 2373 1737 2373 1828 2374 1829 2374 1737 2374 1737 2375 1829 2375 1824 2375 1829 2376 1830 2376 1824 2376 1824 2377 1830 2377 1825 2377 1830 2378 1831 2378 1825 2378 1825 2379 1831 2379 1826 2379 1652 2380 1653 2380 1799 2380 1653 2381 1794 2381 1799 2381 1799 2382 1794 2382 1800 2382 1794 2383 1795 2383 1800 2383 1800 2384 1795 2384 1802 2384 1795 2385 1833 2385 1802 2385 1802 2386 1833 2386 1804 2386 1833 2387 1834 2387 1804 2387 1804 2388 1834 2388 1805 2388 1834 2389 1835 2389 1805 2389 1805 2390 1835 2390 1812 2390 1835 2391 1836 2391 1812 2391 1812 2392 1836 2392 1813 2392 1836 2393 1837 2393 1813 2393 1745 2394 1822 2394 1837 2394 1822 2395 1821 2395 1837 2395 1837 2396 1821 2396 1813 2396 1821 2397 1819 2397 1813 2397 1813 2398 1819 2398 1811 2398 1819 2399 1680 2399 1811 2399 1811 2400 1680 2400 1809 2400 1680 2401 1679 2401 1809 2401 1809 2402 1679 2402 1807 2402 1679 2403 1656 2403 1807 2403 1807 2404 1656 2404 1655 2404 1725 2405 1724 2405 1838 2405 1724 2406 1704 2406 1838 2406 1838 2407 1704 2407 1839 2407 1704 2408 1717 2408 1839 2408 1839 2409 1717 2409 1840 2409 1717 2410 1754 2410 1840 2410 1840 2411 1754 2411 1841 2411 1754 2412 1842 2412 1841 2412 1841 2413 1842 2413 1843 2413 1842 2414 1844 2414 1843 2414 1843 2415 1844 2415 1845 2415 1844 2416 1846 2416 1845 2416 1845 2417 1846 2417 1847 2417 1846 2418 1848 2418 1847 2418 1847 2419 1848 2419 1849 2419 1848 2420 1850 2420 1849 2420 1849 2421 1850 2421 1851 2421 1850 2422 1852 2422 1851 2422 1851 2423 1852 2423 1853 2423 1852 2424 1854 2424 1853 2424 1853 2425 1854 2425 1685 2425 1854 2426 1855 2426 1685 2426 1685 2427 1855 2427 1686 2427 1855 2428 1856 2428 1686 2428 1686 2429 1856 2429 1789 2429 1856 2430 1857 2430 1789 2430 1789 2431 1857 2431 1858 2431 1745 2432 1837 2432 1746 2432 1837 2433 1836 2433 1746 2433 1746 2434 1836 2434 1748 2434 1836 2435 1835 2435 1748 2435 1748 2436 1835 2436 1677 2436 1835 2437 1834 2437 1677 2437 1677 2438 1834 2438 1675 2438 1834 2439 1833 2439 1675 2439 1675 2440 1833 2440 1831 2440 1833 2441 1795 2441 1831 2441 1831 2442 1795 2442 1826 2442 1795 2443 1670 2443 1826 2443 1826 2444 1670 2444 1669 2444 1660 2445 1659 2445 1787 2445 1659 2446 1814 2446 1787 2446 1787 2447 1814 2447 1684 2447 1814 2448 1815 2448 1684 2448 1684 2449 1815 2449 1685 2449 1815 2450 1817 2450 1685 2450 1685 2450 1817 2450 1853 2450 1817 2451 1818 2451 1853 2451 1853 2452 1818 2452 1851 2452 1818 2453 1820 2453 1851 2453 1851 2454 1820 2454 1849 2454 1820 2455 1822 2455 1849 2455 1849 2456 1822 2456 1847 2456 1822 2457 1745 2457 1847 2457 1847 2458 1745 2458 1845 2458 1745 2459 1747 2459 1845 2459 1845 2460 1747 2460 1843 2460 1747 2461 1749 2461 1843 2461 1843 2462 1749 2462 1841 2462 1749 2463 1750 2463 1841 2463 1841 2464 1750 2464 1840 2464 1750 2465 1751 2465 1840 2465 1840 2466 1751 2466 1839 2466 1751 2467 1828 2467 1839 2467 1839 2468 1828 2468 1838 2468 1828 2469 1832 2469 1838 2469 1838 2470 1832 2470 1725 2470 1832 2471 1732 2471 1725 2471 1725 2472 1732 2472 1726 2472 1732 2473 1731 2473 1726 2473 1770 2474 1768 2474 1772 2474 1768 2475 1765 2475 1772 2475 1772 2476 1765 2476 1774 2476 1765 2477 1763 2477 1774 2477 1774 2478 1763 2478 1775 2478 1763 2479 1761 2479 1775 2479 1775 2480 1761 2480 1859 2480 1761 2481 1759 2481 1859 2481 1753 2482 1860 2482 1754 2482 1860 2483 1757 2483 1754 2483 1754 2484 1757 2484 1842 2484 1757 2485 1690 2485 1842 2485 1842 2486 1690 2486 1844 2486 1690 2487 1692 2487 1844 2487 1844 2488 1692 2488 1846 2488 1692 2489 1766 2489 1846 2489 1846 2490 1766 2490 1848 2490 1766 2491 1767 2491 1848 2491 1848 2492 1767 2492 1850 2492 1767 2493 1768 2493 1850 2493 1850 2494 1768 2494 1852 2494 1768 2495 1770 2495 1852 2495 1852 2496 1770 2496 1854 2496 1770 2497 1769 2497 1854 2497 1854 2498 1769 2498 1855 2498 1769 2499 1777 2499 1855 2499 1855 2500 1777 2500 1856 2500 1777 2501 1773 2501 1856 2501 1856 2502 1773 2502 1857 2502 1773 2503 1792 2503 1857 2503 1857 2504 1792 2504 1858 2504 1792 2505 1791 2505 1858 2505 1858 2506 1791 2506 1789 2506 1791 2507 1790 2507 1789 2507 1789 2508 1790 2508 1788 2508 1790 2509 1664 2509 1788 2509 1788 2510 1664 2510 1663 2510 784 0 1647 0 1861 0 1861 0 1862 0 784 0 1862 0 1863 0 784 0 784 0 1863 0 1864 0 1442 0 785 0 1865 0 785 0 784 0 1865 0 1865 0 784 0 1866 0 784 0 1864 0 1866 0 1444 2511 1424 2511 1867 2511 1424 2512 1423 2512 1867 2512 1867 2513 1423 2513 1868 2513 1423 2514 1428 2514 1868 2514 1868 2515 1428 2515 1869 2515 1428 2516 1427 2516 1869 2516 1869 2517 1427 2517 1870 2517 1427 2518 1433 2518 1870 2518 1870 2519 1433 2519 1871 2519 1433 2520 1432 2520 1871 2520 1871 2521 1432 2521 1872 2521 1432 2522 1430 2522 1872 2522 1872 2523 1430 2523 1873 2523 1430 2524 1429 2524 1873 2524 1873 2525 1429 2525 1649 2525 1429 2526 1437 2526 1649 2526 1874 2527 1875 2527 1876 2527 1877 2528 1878 2528 1879 2528 1880 2529 1881 2529 1882 2529 1883 2530 1884 2530 1885 2530 1886 2531 1887 2531 1888 2531 1889 2532 1890 2532 1891 2532 1892 2533 1893 2533 1894 2533 1895 2534 1896 2534 1897 2534 1898 2535 1899 2535 1900 2535 1901 2536 1902 2536 1903 2536 1904 2537 1905 2537 1906 2537 1907 2538 1908 2538 1909 2538 1910 2539 1911 2539 1907 2539 1911 2540 1910 2540 1912 2540 1913 2541 1914 2541 1915 2541 1916 2542 1917 2542 1918 2542 1919 2543 1920 2543 1921 2543 1922 2544 1923 2544 1924 2544 1925 2545 1926 2545 1924 2545 1927 2546 1928 2546 1929 2546 1930 2547 1931 2547 1932 2547 1933 2548 1934 2548 1935 2548 1936 2549 1937 2549 1938 2549 1939 2550 1940 2550 1941 2550 1942 2551 1943 2551 1944 2551 1906 2552 1945 2552 1946 2552 1947 2553 1948 2553 1949 2553 1942 2554 1950 2554 1951 2554 1952 2555 1953 2555 1954 2555 1955 2556 1956 2556 1957 2556 1958 2557 1959 2557 1960 2557 1961 2558 1962 2558 1963 2558 1963 2559 1962 2559 1964 2559 1965 2560 1966 2560 1967 2560 1968 2561 1969 2561 1970 2561 1971 2562 1972 2562 1973 2562 1974 2563 1975 2563 1976 2563 1977 2564 1978 2564 1979 2564 1978 2565 1977 2565 1980 2565 1981 2566 1982 2566 1983 2566 1984 2567 1985 2567 1986 2567 1987 2568 1905 2568 1988 2568 1989 2569 1990 2569 1991 2569 1991 2570 1990 2570 1992 2570 1993 2571 1994 2571 1995 2571 1996 2572 1905 2572 1997 2572 1998 2573 1905 2573 1996 2573 1999 2574 1997 2574 1905 2574 2000 2575 2001 2575 2002 2575 2003 2576 2004 2576 2001 2576 2005 2577 1999 2577 1905 2577 2006 2578 2005 2578 1905 2578 2007 2579 2008 2579 2009 2579 2010 2580 2011 2580 2012 2580 2013 2581 2014 2581 2015 2581 2016 2582 2017 2582 2018 2582 2017 2583 2019 2583 2018 2583 2020 2584 2021 2584 2022 2584 2023 2585 2024 2585 2025 2585 2026 2586 2027 2586 2028 2586 1650 2587 783 2587 2029 2587 2030 2588 2031 2588 406 2588 2031 2589 408 2589 406 2589 2032 2590 1869 2590 1870 2590 2033 2591 1867 2591 2032 2591 1867 2592 1868 2592 2032 2592 2032 2593 1868 2593 1869 2593 1443 2594 1444 2594 1886 2594 2034 2595 2035 2595 387 2595 395 2596 393 2596 2036 2596 393 2597 391 2597 2036 2597 2036 2598 391 2598 2035 2598 391 2599 389 2599 2035 2599 2035 2600 389 2600 387 2600 2023 2601 404 2601 2024 2601 404 2602 399 2602 2024 2602 2024 2603 399 2603 2037 2603 399 2604 401 2604 2037 2604 2037 2605 401 2605 2038 2605 401 2606 398 2606 2038 2606 2038 2607 398 2607 2036 2607 398 2608 396 2608 2036 2608 2036 2609 396 2609 395 2609 2027 2610 2026 2610 2039 2610 2026 2611 2040 2611 2039 2611 2039 2612 2040 2612 2041 2612 2042 2613 2043 2613 2044 2613 2045 2614 2046 2614 2047 2614 2046 2615 2045 2615 2048 2615 2045 2616 2049 2616 2048 2616 2048 2617 2049 2617 2050 2617 2049 2618 2051 2618 2050 2618 2050 2619 2051 2619 2052 2619 406 2620 404 2620 2030 2620 404 2621 2023 2621 2030 2621 2030 2622 2023 2622 2053 2622 2023 2623 2025 2623 2053 2623 2053 2624 2025 2624 2054 2624 2025 2625 2055 2625 2054 2625 2054 2626 2055 2626 2056 2626 2057 2627 2058 2627 2059 2627 2058 2628 2060 2628 2059 2628 2059 2629 2060 2629 2028 2629 2060 2630 2061 2630 2028 2630 2028 2631 2061 2631 2026 2631 2061 2632 2062 2632 2026 2632 2026 2633 2062 2633 2040 2633 2063 2634 2057 2634 2064 2634 2057 2635 2059 2635 2064 2635 2064 2636 2059 2636 2065 2636 2059 2637 2028 2637 2065 2637 2066 2638 2067 2638 2068 2638 2069 2639 2070 2639 2071 2639 2070 2640 2072 2640 2071 2640 2071 2641 2072 2641 2073 2641 2074 2642 2075 2642 2076 2642 2077 2643 2078 2643 2079 2643 2078 2644 2080 2644 2079 2644 2079 2645 2080 2645 2081 2645 2080 2646 2082 2646 2081 2646 2082 2647 2076 2647 2081 2647 2076 2648 2075 2648 2081 2648 2081 2649 2075 2649 2079 2649 2075 2650 2083 2650 2079 2650 2079 2651 2083 2651 2077 2651 2084 2652 2085 2652 2086 2652 2085 2653 2087 2653 2086 2653 2086 2654 2087 2654 2088 2654 2089 2655 2090 2655 2048 2655 2090 2656 2091 2656 2048 2656 2048 2657 2091 2657 2046 2657 2056 2658 2051 2658 2054 2658 2051 2659 2049 2659 2054 2659 2054 2660 2049 2660 2053 2660 2049 2661 2045 2661 2053 2661 2053 2662 2045 2662 2030 2662 2045 2663 2047 2663 2030 2663 2030 2664 2047 2664 2031 2664 2019 2665 2092 2665 2067 2665 2021 2666 2020 2666 2093 2666 2020 2667 2094 2667 2093 2667 2093 2668 2094 2668 2095 2668 2096 2669 2095 2669 2097 2669 2095 2670 2094 2670 2097 2670 2097 2671 2094 2671 2098 2671 2094 2672 2020 2672 2098 2672 2098 2673 2020 2673 2099 2673 2020 2674 2022 2674 2099 2674 2099 2675 2022 2675 2100 2675 2101 2676 2102 2676 2103 2676 2102 2677 2104 2677 2103 2677 2103 2678 2104 2678 2105 2678 2104 2679 2106 2679 2105 2679 2105 2680 2106 2680 2107 2680 2101 2681 2103 2681 2108 2681 2103 2682 2109 2682 2108 2682 2108 2683 2109 2683 2110 2683 2089 2684 2111 2684 2100 2684 2111 2685 2112 2685 2100 2685 2100 2686 2112 2686 2099 2686 2112 2687 2113 2687 2099 2687 2099 2688 2113 2688 2098 2688 2113 2689 2114 2689 2098 2689 2098 2690 2114 2690 2097 2690 2114 2691 2115 2691 2097 2691 2097 2692 2115 2692 2096 2692 2115 2693 2116 2693 2096 2693 2096 2694 2116 2694 2117 2694 2118 2695 2110 2695 2117 2695 2110 2696 2109 2696 2117 2696 2117 2697 2109 2697 2096 2697 2109 2698 2103 2698 2096 2698 2096 2699 2103 2699 2095 2699 2103 2700 2105 2700 2095 2700 2095 2701 2105 2701 2093 2701 2105 2702 2107 2702 2093 2702 2093 2703 2107 2703 2021 2703 2119 2704 2120 2704 2121 2704 2120 2705 2122 2705 2121 2705 2121 2706 2122 2706 2123 2706 2124 2707 2125 2707 2126 2707 2127 2708 2124 2708 2128 2708 2016 2709 2123 2709 2017 2709 2123 2710 2122 2710 2017 2710 2017 2711 2122 2711 2019 2711 2122 2712 2120 2712 2019 2712 2019 2713 2120 2713 2092 2713 2120 2714 2119 2714 2092 2714 2043 2715 2042 2715 2129 2715 2042 2716 2130 2716 2129 2716 2129 2717 2130 2717 2131 2717 2130 2718 2084 2718 2131 2718 2131 2719 2084 2719 2132 2719 2084 2720 2086 2720 2132 2720 2132 2721 2086 2721 2133 2721 2086 2722 2088 2722 2133 2722 2133 2723 2088 2723 2134 2723 2124 2724 2126 2724 2128 2724 2126 2725 2135 2725 2128 2725 2128 2726 2135 2726 2136 2726 2135 2727 2137 2727 2136 2727 2136 2728 2137 2728 2138 2728 2139 2729 2119 2729 2140 2729 2119 2730 2121 2730 2140 2730 2140 2731 2121 2731 2125 2731 2121 2732 2123 2732 2125 2732 2125 2733 2123 2733 2126 2733 2123 2734 2016 2734 2126 2734 2126 2735 2016 2735 2135 2735 2016 2736 2018 2736 2135 2736 2135 2737 2018 2737 2137 2737 2018 2738 2141 2738 2137 2738 2137 2739 2141 2739 2138 2739 2142 2740 2143 2740 2144 2740 2143 2741 2145 2741 2144 2741 2146 2742 2147 2742 2148 2742 2147 2743 2149 2743 2148 2743 2148 2744 2149 2744 2150 2744 2149 2745 2151 2745 2150 2745 2150 2746 2151 2746 2145 2746 2151 2747 2152 2747 2145 2747 2145 2748 2152 2748 2144 2748 2153 2749 2154 2749 2155 2749 2154 2750 2156 2750 2155 2750 2155 2751 2156 2751 2157 2751 2156 2752 2146 2752 2157 2752 2157 2753 2146 2753 2158 2753 2146 2754 2148 2754 2158 2754 2158 2755 2148 2755 2159 2755 2148 2756 2150 2756 2159 2756 2159 2757 2150 2757 2160 2757 2150 2758 2145 2758 2160 2758 2160 2759 2145 2759 2161 2759 2145 2760 2143 2760 2161 2760 2012 2761 2011 2761 2153 2761 2011 2762 2162 2762 2153 2762 2153 2763 2162 2763 2154 2763 2162 2764 2163 2764 2154 2764 2154 2765 2163 2765 2156 2765 2163 2766 2164 2766 2156 2766 2156 2767 2164 2767 2146 2767 2164 2768 2165 2768 2146 2768 2146 2769 2165 2769 2147 2769 2166 2770 2167 2770 2127 2770 2167 2771 2168 2771 2127 2771 2127 2772 2168 2772 2124 2772 2168 2773 2169 2773 2124 2773 2124 2774 2169 2774 2125 2774 2169 2775 2170 2775 2125 2775 2125 2776 2170 2776 2140 2776 2170 2777 2171 2777 2140 2777 2140 2778 2171 2778 2139 2778 2171 2779 2172 2779 2139 2779 2139 2780 2172 2780 2173 2780 2174 2781 2175 2781 2176 2781 2175 2782 2177 2782 2176 2782 2176 2783 2177 2783 2166 2783 2177 2784 2178 2784 2166 2784 2166 2785 2178 2785 2167 2785 2179 2786 2014 2786 2180 2786 2014 2787 2013 2787 2180 2787 2180 2788 2013 2788 2181 2788 2182 2789 2183 2789 2010 2789 2184 2790 2185 2790 2182 2790 2185 2791 2186 2791 2182 2791 2182 2792 2186 2792 2183 2792 2007 2793 2009 2793 2187 2793 2010 2794 2012 2794 2182 2794 2012 2795 2188 2795 2182 2795 2182 2796 2188 2796 2184 2796 2188 2797 2189 2797 2184 2797 2184 2798 2189 2798 2190 2798 2190 2799 2191 2799 2184 2799 2191 2800 2192 2800 2184 2800 2184 2801 2192 2801 2185 2801 2192 2802 2193 2802 2185 2802 2185 2803 2193 2803 2186 2803 2194 2804 2191 2804 2195 2804 2191 2805 2190 2805 2195 2805 2195 2806 2190 2806 2196 2806 2190 2807 2189 2807 2196 2807 2196 2808 2189 2808 2197 2808 2189 2809 2188 2809 2197 2809 2197 2810 2188 2810 2198 2810 2188 2811 2012 2811 2198 2811 2198 2812 2012 2812 2199 2812 2012 2813 2153 2813 2199 2813 2199 2814 2153 2814 2200 2814 2153 2815 2155 2815 2200 2815 2200 2816 2155 2816 2201 2816 2155 2817 2157 2817 2201 2817 2201 2818 2157 2818 2202 2818 2157 2819 2158 2819 2202 2819 2202 2820 2158 2820 2203 2820 2158 2821 2159 2821 2203 2821 2203 2822 2159 2822 2204 2822 2159 2823 2160 2823 2204 2823 2204 2824 2160 2824 2118 2824 2160 2825 2161 2825 2118 2825 2118 2826 2161 2826 2110 2826 2161 2827 2143 2827 2110 2827 2110 2828 2143 2828 2108 2828 2143 2829 2142 2829 2108 2829 2108 2830 2142 2830 2101 2830 2205 2831 2206 2831 2207 2831 2206 2832 2208 2832 2207 2832 2207 2833 2208 2833 1905 2833 2187 2834 2205 2834 2209 2834 2205 2835 2207 2835 2209 2835 2209 2836 2207 2836 2210 2836 2207 2837 1905 2837 2210 2837 2211 2838 2212 2838 2213 2838 2212 2839 2214 2839 2213 2839 2213 2840 2214 2840 2181 2840 2214 2841 2215 2841 2181 2841 2181 2842 2215 2842 2180 2842 2215 2843 2216 2843 2180 2843 2180 2844 2216 2844 2179 2844 2216 2845 2217 2845 2179 2845 2179 2846 2217 2846 2218 2846 2217 2847 2219 2847 2218 2847 2218 2848 2219 2848 2220 2848 2015 2849 2221 2849 2013 2849 2221 2850 2222 2850 2013 2850 2013 2851 2222 2851 2181 2851 2222 2852 2223 2852 2181 2852 2181 2853 2223 2853 2213 2853 2223 2854 2224 2854 2213 2854 2213 2855 2224 2855 2211 2855 2224 2856 2225 2856 2211 2856 2221 2857 2226 2857 2222 2857 2226 2858 2227 2858 2222 2858 2222 2859 2227 2859 2223 2859 2227 2860 2228 2860 2223 2860 2223 2861 2228 2861 2224 2861 2228 2862 2229 2862 2224 2862 2224 2863 2229 2863 2225 2863 2229 2864 2230 2864 2225 2864 2231 2865 2232 2865 2194 2865 2232 2866 2233 2866 2194 2866 2194 2867 2233 2867 2191 2867 2233 2868 2234 2868 2191 2868 2191 2869 2234 2869 2192 2869 2234 2870 2235 2870 2192 2870 2192 2871 2235 2871 2193 2871 2004 2872 2003 2872 2236 2872 2003 2873 2237 2873 2236 2873 2236 2874 2237 2874 2238 2874 2237 2875 2239 2875 2238 2875 2238 2876 2239 2876 2231 2876 2239 2877 2240 2877 2231 2877 2231 2878 2240 2878 2232 2878 2187 2879 2009 2879 2205 2879 2009 2880 2241 2880 2205 2880 2205 2881 2241 2881 2206 2881 2241 2882 2006 2882 2206 2882 2206 2883 2006 2883 2208 2883 2006 2884 1905 2884 2208 2884 2067 2885 2066 2885 2019 2885 2066 2886 2242 2886 2019 2886 2019 2887 2242 2887 2018 2887 2242 2888 2243 2888 2018 2888 2018 2889 2243 2889 2141 2889 2243 2890 2244 2890 2141 2890 2141 2891 2244 2891 2245 2891 2244 2892 2246 2892 2245 2892 2245 2893 2246 2893 2247 2893 2248 2894 2249 2894 2250 2894 2249 2895 2251 2895 2250 2895 2250 2896 2251 2896 2252 2896 2251 2897 2253 2897 2252 2897 2252 2898 2253 2898 2254 2898 2253 2899 2255 2899 2254 2899 2254 2900 2255 2900 2256 2900 2255 2901 2257 2901 2256 2901 2258 2902 2248 2902 2259 2902 2248 2903 2250 2903 2259 2903 2259 2904 2250 2904 2260 2904 2250 2905 2252 2905 2260 2905 2260 2906 2252 2906 2261 2906 2252 2907 2254 2907 2261 2907 2261 2908 2254 2908 2262 2908 2254 2909 2256 2909 2262 2909 2262 2910 2256 2910 2263 2910 2085 2911 2257 2911 2087 2911 2257 2912 2255 2912 2087 2912 2087 2913 2255 2913 2088 2913 2255 2914 2253 2914 2088 2914 2088 2915 2253 2915 2134 2915 2253 2916 2251 2916 2134 2916 2134 2917 2251 2917 2264 2917 2251 2918 2249 2918 2264 2918 2264 2919 2249 2919 2265 2919 2249 2920 2248 2920 2265 2920 2265 2921 2248 2921 2266 2921 2248 2922 2258 2922 2266 2922 2267 2923 2247 2923 2268 2923 2247 2924 2246 2924 2268 2924 2268 2925 2246 2925 2269 2925 2246 2926 2244 2926 2269 2926 2269 2927 2244 2927 2270 2927 2244 2928 2243 2928 2270 2928 2270 2929 2243 2929 2271 2929 2243 2930 2242 2930 2271 2930 2271 2931 2242 2931 2272 2931 2242 2932 2066 2932 2272 2932 2272 2933 2066 2933 2273 2933 2066 2934 2068 2934 2273 2934 2273 2935 2068 2935 2274 2935 2258 2936 2275 2936 2266 2936 2275 2937 2267 2937 2266 2937 2266 2938 2267 2938 2265 2938 2267 2939 2268 2939 2265 2939 2265 2940 2268 2940 2264 2940 2268 2941 2269 2941 2264 2941 2264 2942 2269 2942 2134 2942 2269 2943 2270 2943 2134 2943 2134 2944 2270 2944 2133 2944 2270 2945 2271 2945 2133 2945 2133 2946 2271 2946 2132 2946 2271 2947 2272 2947 2132 2947 2132 2948 2272 2948 2131 2948 2272 2949 2273 2949 2131 2949 2131 2950 2273 2950 2129 2950 2273 2951 2274 2951 2129 2951 2129 2952 2274 2952 2043 2952 1994 2953 1993 2953 2276 2953 1993 2954 2277 2954 2276 2954 2276 2955 2277 2955 2230 2955 2277 2956 2278 2956 2230 2956 2230 2957 2278 2957 2225 2957 2278 2958 2279 2958 2225 2958 2225 2959 2279 2959 2211 2959 2279 2960 2280 2960 2211 2960 2211 2961 2280 2961 2212 2961 2280 2962 2281 2962 2212 2962 2212 2963 2281 2963 2214 2963 2281 2964 2282 2964 2214 2964 2214 2965 2282 2965 2215 2965 2282 2966 2283 2966 2215 2966 2215 2967 2283 2967 2216 2967 2001 2968 2000 2968 2003 2968 2000 2969 2284 2969 2003 2969 2003 2970 2284 2970 2237 2970 2284 2971 2285 2971 2237 2971 2237 2972 2285 2972 2239 2972 2285 2973 2286 2973 2239 2973 2239 2974 2286 2974 2240 2974 2220 2975 2174 2975 2218 2975 2174 2976 2176 2976 2218 2976 2218 2977 2176 2977 2179 2977 2176 2978 2166 2978 2179 2978 2179 2979 2166 2979 2014 2979 2166 2980 2127 2980 2014 2980 2014 2981 2127 2981 2015 2981 2127 2982 2128 2982 2015 2982 2015 2983 2128 2983 2221 2983 2128 2984 2136 2984 2221 2984 2221 2985 2136 2985 2226 2985 2136 2986 2138 2986 2226 2986 2226 2987 2138 2987 2227 2987 2138 2988 2141 2988 2227 2988 2227 2989 2141 2989 2228 2989 2141 2990 2245 2990 2228 2990 2228 2991 2245 2991 2229 2991 2245 2992 2247 2992 2229 2992 2229 2993 2247 2993 2230 2993 2247 2994 2267 2994 2230 2994 2230 2995 2267 2995 2276 2995 2267 2996 2275 2996 2276 2996 2276 2997 2275 2997 1994 2997 2275 2998 2258 2998 1994 2998 1994 2999 2258 2999 1995 2999 2287 3000 2288 3000 2289 3000 2288 3001 2290 3001 2289 3001 2291 3002 2292 3002 2293 3002 2292 3003 2294 3003 2293 3003 2293 3004 2294 3004 2295 3004 2296 3005 2297 3005 2298 3005 2296 3006 2298 3006 2299 3006 2300 3007 2301 3007 2302 3007 2301 3008 2303 3008 2302 3008 2303 3009 2304 3009 2302 3009 2302 3010 2304 3010 2305 3010 2304 3011 2306 3011 2305 3011 2305 3012 2306 3012 2307 3012 2308 3013 2309 3013 2310 3013 2309 3014 1992 3014 2310 3014 2310 3015 1992 3015 2311 3015 1992 3016 1990 3016 2311 3016 2311 3017 1990 3017 2312 3017 2297 3018 2296 3018 2313 3018 2296 3019 2314 3019 2313 3019 2313 3020 2314 3020 2315 3020 2316 3021 2315 3021 2317 3021 2315 3022 2314 3022 2317 3022 2317 3023 2314 3023 2318 3023 2002 3024 2290 3024 2319 3024 2290 3025 2288 3025 2319 3025 2319 3026 2288 3026 2320 3026 2288 3027 2287 3027 2320 3027 2321 3028 2322 3028 2323 3028 2322 3029 2324 3029 2323 3029 2323 3030 2324 3030 2325 3030 2324 3031 2326 3031 2325 3031 2327 3032 2328 3032 2329 3032 2328 3033 2330 3033 2329 3033 2329 3034 2330 3034 2331 3034 2330 3035 2332 3035 2331 3035 2331 3036 2332 3036 2333 3036 2332 3037 2287 3037 2333 3037 2333 3038 2287 3038 2334 3038 2287 3039 2289 3039 2334 3039 2294 3040 2326 3040 2295 3040 2326 3041 2324 3041 2295 3041 2295 3042 2324 3042 2335 3042 2324 3043 2322 3043 2335 3043 2335 3044 2322 3044 2336 3044 2322 3045 2321 3045 2336 3045 1905 3046 1987 3046 2337 3046 1987 3047 2338 3047 2337 3047 2337 3048 2338 3048 2339 3048 1998 3049 1988 3049 1905 3049 2340 3050 2339 3050 2321 3050 2339 3051 2338 3051 2321 3051 2321 3052 2338 3052 2336 3052 2338 3053 1987 3053 2336 3053 2336 3054 1987 3054 2335 3054 1987 3055 1988 3055 2335 3055 2335 3056 1988 3056 2295 3056 1988 3057 1998 3057 2295 3057 2295 3058 1998 3058 2293 3058 1998 3059 1996 3059 2293 3059 2293 3060 1996 3060 2291 3060 1996 3061 1997 3061 2291 3061 2328 3062 2340 3062 2330 3062 2340 3063 2321 3063 2330 3063 2330 3064 2321 3064 2332 3064 2321 3065 2323 3065 2332 3065 2332 3066 2323 3066 2287 3066 2323 3067 2325 3067 2287 3067 2287 3068 2325 3068 2320 3068 2325 3069 2326 3069 2320 3069 2320 3070 2326 3070 2319 3070 2326 3071 2294 3071 2319 3071 2319 3072 2294 3072 2002 3072 2294 3073 2292 3073 2002 3073 2002 3074 2292 3074 2000 3074 2292 3075 2291 3075 2000 3075 2000 3076 2291 3076 2284 3076 2291 3077 1997 3077 2284 3077 2284 3078 1997 3078 2285 3078 1997 3079 1999 3079 2285 3079 2285 3080 1999 3080 2286 3080 1999 3081 2005 3081 2286 3081 2286 3082 2005 3082 2240 3082 2005 3083 2006 3083 2240 3083 2240 3084 2006 3084 2232 3084 2006 3085 2241 3085 2232 3085 2232 3086 2241 3086 2233 3086 2241 3087 2009 3087 2233 3087 2233 3088 2009 3088 2234 3088 2009 3089 2008 3089 2234 3089 2234 3090 2008 3090 2235 3090 2341 3091 1985 3091 2342 3091 1985 3092 1984 3092 2342 3092 2342 3093 1984 3093 2343 3093 1984 3094 2344 3094 2343 3094 2343 3095 2344 3095 2345 3095 2344 3096 2346 3096 2345 3096 2346 3097 2347 3097 2345 3097 2345 3098 2347 3098 2348 3098 2348 3099 2347 3099 2349 3099 2347 3100 2350 3100 2349 3100 2349 3101 2350 3101 1905 3101 1960 3102 1905 3102 2350 3102 2331 3103 2341 3103 2329 3103 2341 3104 2342 3104 2329 3104 2329 3105 2342 3105 2327 3105 2342 3106 2343 3106 2327 3106 2327 3107 2343 3107 2328 3107 2343 3108 2345 3108 2328 3108 2328 3109 2345 3109 2340 3109 2345 3110 2348 3110 2340 3110 2340 3111 2348 3111 2339 3111 2348 3112 2349 3112 2339 3112 2339 3113 2349 3113 2337 3113 2349 3114 1905 3114 2337 3114 2351 3115 2352 3115 1980 3115 1980 3116 1977 3116 2351 3116 1977 3117 2353 3117 2351 3117 2351 3118 2353 3118 2354 3118 2352 3119 2351 3119 2355 3119 2351 3120 2354 3120 2355 3120 2355 3121 2354 3121 2356 3121 2354 3122 2357 3122 2356 3122 2356 3123 2357 3123 2358 3123 1976 3124 2359 3124 2360 3124 2360 3125 2359 3125 2361 3125 2359 3126 2362 3126 2361 3126 2361 3127 2362 3127 2363 3127 2363 3128 2364 3128 2365 3128 1976 3129 1975 3129 2359 3129 1975 3130 2366 3130 2359 3130 2359 3131 2366 3131 2362 3131 2363 3132 2362 3132 2364 3132 2362 3133 2366 3133 2364 3133 2364 3134 2366 3134 2367 3134 2366 3135 1975 3135 2367 3135 2367 3136 1975 3136 2368 3136 1975 3137 1974 3137 2368 3137 2368 3138 1974 3138 2369 3138 2370 3139 2371 3139 2372 3139 2373 3140 2374 3140 2375 3140 1968 3141 2376 3141 1969 3141 2376 3142 2377 3142 1969 3142 1969 3143 2377 3143 2378 3143 1970 3144 1969 3144 2379 3144 1969 3145 2378 3145 2379 3145 2379 3146 2378 3146 2380 3146 2381 3147 2382 3147 2383 3147 2384 3148 1973 3148 2385 3148 1973 3149 1972 3149 2385 3149 2385 3150 1972 3150 2386 3150 2387 3151 2384 3151 2388 3151 2384 3152 2385 3152 2388 3152 2388 3153 2385 3153 2370 3153 2385 3154 2386 3154 2370 3154 2370 3155 2386 3155 2371 3155 2389 3156 2390 3156 2383 3156 2391 3157 2382 3157 2392 3157 2382 3158 2381 3158 2392 3158 2392 3159 2381 3159 2375 3159 2381 3160 2393 3160 2375 3160 2375 3161 2393 3161 2373 3161 2394 3162 2391 3162 2395 3162 2391 3163 2392 3163 2395 3163 2395 3164 2392 3164 2396 3164 2392 3165 2375 3165 2396 3165 2396 3166 2375 3166 2032 3166 2375 3167 2374 3167 2032 3167 2032 3168 2374 3168 2033 3168 2397 3169 2398 3169 2390 3169 2378 3170 2399 3170 2380 3170 2399 3171 2400 3171 2380 3171 2380 3172 2400 3172 2401 3172 2400 3173 2402 3173 2401 3173 2401 3174 2402 3174 2403 3174 2402 3175 2404 3175 2403 3175 2405 3176 2406 3176 2407 3176 2406 3177 2408 3177 2407 3177 2407 3178 2408 3178 2404 3178 2408 3179 2409 3179 2404 3179 2404 3180 2409 3180 2403 3180 2409 3181 2410 3181 2403 3181 2403 3182 2410 3182 2401 3182 2410 3183 2411 3183 2401 3183 2401 3184 2411 3184 2380 3184 2411 3185 2412 3185 2380 3185 2380 3186 2412 3186 2379 3186 2412 3187 2413 3187 2379 3187 2379 3188 2413 3188 1970 3188 1649 3189 1648 3189 2414 3189 1648 3190 2415 3190 2414 3190 2414 3191 2415 3191 2416 3191 2416 3192 2417 3192 2414 3192 2417 3193 2394 3193 2414 3193 2414 3194 2394 3194 1649 3194 2394 3195 2395 3195 1649 3195 1649 3196 2395 3196 1873 3196 2395 3197 2396 3197 1873 3197 1873 3198 2396 3198 1872 3198 2396 3199 2032 3199 1872 3199 1872 3200 2032 3200 1871 3200 2032 3201 1870 3201 1871 3201 2383 3202 2382 3202 2389 3202 2382 3203 2391 3203 2389 3203 2389 3204 2391 3204 2418 3204 2391 3205 2394 3205 2418 3205 2418 3206 2394 3206 2419 3206 2394 3207 2417 3207 2419 3207 2419 3208 2417 3208 2420 3208 1648 3209 1650 3209 2415 3209 1650 3210 2029 3210 2415 3210 2415 3211 2029 3211 2416 3211 2029 3212 2421 3212 2416 3212 2416 3213 2421 3213 2422 3213 2423 3214 2424 3214 2425 3214 2426 3215 2427 3215 2428 3215 2429 3216 2430 3216 2431 3216 2430 3217 2429 3217 2432 3217 2429 3218 1966 3218 2432 3218 2432 3219 1966 3219 2308 3219 1966 3220 1965 3220 2308 3220 2308 3221 1965 3221 2309 3221 2433 3222 1962 3222 2434 3222 1962 3223 1961 3223 2434 3223 2434 3224 1961 3224 2426 3224 1961 3225 2435 3225 2426 3225 2426 3226 2435 3226 2427 3226 2428 3227 2436 3227 2426 3227 2436 3228 2437 3228 2426 3228 2426 3229 2437 3229 2434 3229 2437 3230 2438 3230 2434 3230 2434 3231 2438 3231 2433 3231 2438 3232 2439 3232 2433 3232 2440 3233 2439 3233 2441 3233 2439 3234 2438 3234 2441 3234 2441 3235 2438 3235 2442 3235 2438 3236 2437 3236 2442 3236 2442 3237 2437 3237 2443 3237 2437 3238 2436 3238 2443 3238 2444 3239 1964 3239 2445 3239 2446 3240 1983 3240 2447 3240 1983 3241 1982 3241 2447 3241 2447 3242 1982 3242 2448 3242 1982 3243 1981 3243 2448 3243 2448 3244 1981 3244 2300 3244 1981 3245 2449 3245 2300 3245 2300 3246 2449 3246 2301 3246 2449 3247 2450 3247 2301 3247 2301 3248 2450 3248 2303 3248 2450 3249 2451 3249 2303 3249 2303 3250 2451 3250 2304 3250 2451 3251 2452 3251 2304 3251 2304 3252 2452 3252 2306 3252 2452 3253 2453 3253 2306 3253 2306 3254 2453 3254 2307 3254 2453 3255 2454 3255 2307 3255 2307 3256 2454 3256 2455 3256 2454 3257 2456 3257 2455 3257 2455 3258 2456 3258 2457 3258 2458 3259 2459 3259 2460 3259 2459 3260 2461 3260 2460 3260 2460 3261 2461 3261 2462 3261 2461 3262 2463 3262 2462 3262 2464 3263 2465 3263 2466 3263 2465 3264 2467 3264 2466 3264 2466 3265 2467 3265 1905 3265 2464 3266 2468 3266 2469 3266 2459 3267 2470 3267 2461 3267 2470 3268 2471 3268 2461 3268 2461 3269 2471 3269 2463 3269 2471 3270 2472 3270 2463 3270 2463 3271 2472 3271 2473 3271 2472 3272 2474 3272 2473 3272 1959 3273 2475 3273 1960 3273 2475 3274 1905 3274 1960 3274 2476 3275 1956 3275 2477 3275 1956 3276 1955 3276 2477 3276 2477 3277 1955 3277 2478 3277 1955 3278 2479 3278 2478 3278 2478 3279 2479 3279 2480 3279 2360 3280 2481 3280 1976 3280 2481 3281 2482 3281 1976 3281 1976 3282 2482 3282 1974 3282 2482 3283 2483 3283 1974 3283 1974 3284 2483 3284 2369 3284 2483 3285 2484 3285 2369 3285 2369 3286 2484 3286 2485 3286 2484 3287 2486 3287 2485 3287 2485 3288 2486 3288 2487 3288 2486 3289 2488 3289 2487 3289 2487 3290 2488 3290 2489 3290 2488 3291 2490 3291 2489 3291 2489 3292 2490 3292 2491 3292 2490 3293 2492 3293 2491 3293 2481 3294 1971 3294 2482 3294 1971 3295 1973 3295 2482 3295 2482 3296 1973 3296 2483 3296 1973 3297 2384 3297 2483 3297 2483 3298 2384 3298 2484 3298 2384 3299 2387 3299 2484 3299 2484 3300 2387 3300 2486 3300 2387 3301 2493 3301 2486 3301 2486 3302 2493 3302 2488 3302 2493 3303 2494 3303 2488 3303 2488 3304 2494 3304 2490 3304 2494 3305 2495 3305 2490 3305 2490 3306 2495 3306 2492 3306 2390 3307 2389 3307 2397 3307 2389 3308 2418 3308 2397 3308 2397 3309 2418 3309 2496 3309 2418 3310 2419 3310 2496 3310 2496 3311 2419 3311 2497 3311 2419 3312 2420 3312 2497 3312 2497 3313 2420 3313 2498 3313 2499 3314 2500 3314 1953 3314 2500 3315 2501 3315 1953 3315 2424 3316 2423 3316 2502 3316 2423 3317 2503 3317 2502 3317 2502 3318 2503 3318 2504 3318 1947 3319 2505 3319 2504 3319 2505 3320 2506 3320 2504 3320 2504 3321 2506 3321 2502 3321 2506 3322 2405 3322 2502 3322 2502 3323 2405 3323 2424 3323 2499 3324 1953 3324 2507 3324 1953 3325 1952 3325 2507 3325 2507 3326 1952 3326 2508 3326 1948 3327 1947 3327 2509 3327 1947 3328 2504 3328 2509 3328 2509 3329 2504 3329 2510 3329 2504 3330 2503 3330 2510 3330 2510 3331 2503 3331 2511 3331 2503 3332 2423 3332 2511 3332 2511 3333 2423 3333 2512 3333 2423 3334 2425 3334 2512 3334 2512 3335 2425 3335 2398 3335 1954 3336 1953 3336 2513 3336 1953 3337 2501 3337 2513 3337 2513 3338 2501 3338 2514 3338 2480 3339 2515 3339 2478 3339 2515 3340 2516 3340 2478 3340 2478 3341 2516 3341 2477 3341 2516 3342 2517 3342 2477 3342 2477 3343 2517 3343 2476 3343 2517 3344 2518 3344 2476 3344 1943 3345 1942 3345 2519 3345 1942 3346 1951 3346 2519 3346 2519 3347 1951 3347 2520 3347 2398 3348 2397 3348 2512 3348 2397 3349 2496 3349 2512 3349 2512 3350 2496 3350 2511 3350 2496 3351 2497 3351 2511 3351 2511 3352 2497 3352 2510 3352 2497 3353 2498 3353 2510 3353 2510 3354 2498 3354 2509 3354 2498 3355 2521 3355 2509 3355 2509 3356 2521 3356 1948 3356 2521 3357 2522 3357 1948 3357 1948 3358 2522 3358 1949 3358 2523 3359 2524 3359 2525 3359 2524 3360 2526 3360 2525 3360 2525 3361 2526 3361 2527 3361 2526 3362 2528 3362 2527 3362 1952 3363 2528 3363 2508 3363 2528 3364 2526 3364 2508 3364 2508 3365 2526 3365 2529 3365 2526 3366 2524 3366 2529 3366 2529 3367 2524 3367 2530 3367 2524 3368 2523 3368 2530 3368 2531 3369 2532 3369 2533 3369 2532 3370 2534 3370 2533 3370 2533 3371 2534 3371 2535 3371 2536 3372 2537 3372 2538 3372 2537 3373 2539 3373 2538 3373 2538 3374 2539 3374 2540 3374 2539 3375 1949 3375 2540 3375 2540 3376 1949 3376 2541 3376 1949 3377 2522 3377 2541 3377 2542 3378 2536 3378 2543 3378 2536 3379 2538 3379 2543 3379 2543 3380 2538 3380 2544 3380 2538 3381 2540 3381 2544 3381 2544 3382 2540 3382 2545 3382 2540 3383 2541 3383 2545 3383 2546 3384 2547 3384 2548 3384 2547 3385 2549 3385 2548 3385 2548 3386 2549 3386 2550 3386 2535 3387 2534 3387 2551 3387 2534 3388 2552 3388 2551 3388 2551 3389 2552 3389 2553 3389 2552 3390 2554 3390 2553 3390 2553 3391 2554 3391 2555 3391 2428 3392 2556 3392 2436 3392 2556 3393 2557 3393 2436 3393 2436 3394 2557 3394 2443 3394 2557 3395 2558 3395 2443 3395 2443 3396 2558 3396 2442 3396 2558 3397 2559 3397 2442 3397 2442 3398 2559 3398 2441 3398 2559 3399 2560 3399 2441 3399 2441 3400 2560 3400 2440 3400 2560 3401 2561 3401 2440 3401 1964 3402 1962 3402 2445 3402 1962 3403 2433 3403 2445 3403 2445 3404 2433 3404 2562 3404 2433 3405 2439 3405 2562 3405 2562 3406 2439 3406 2563 3406 2439 3407 2440 3407 2563 3407 2563 3408 2440 3408 2564 3408 2440 3409 2561 3409 2564 3409 2564 3410 2561 3410 2565 3410 2561 3411 2566 3411 2565 3411 2565 3412 2566 3412 2567 3412 2556 3413 1957 3413 2557 3413 1957 3414 1956 3414 2557 3414 2557 3415 1956 3415 2558 3415 1956 3416 2476 3416 2558 3416 2558 3417 2476 3417 2559 3417 2476 3418 2518 3418 2559 3418 2559 3419 2518 3419 2560 3419 2518 3420 2568 3420 2560 3420 2560 3421 2568 3421 2561 3421 2568 3422 2569 3422 2561 3422 2561 3423 2569 3423 2566 3423 2570 3424 1941 3424 2571 3424 1941 3425 1940 3425 2571 3425 2571 3426 1940 3426 2572 3426 2567 3427 2474 3427 2565 3427 2474 3428 2472 3428 2565 3428 2565 3429 2472 3429 2564 3429 2472 3430 2471 3430 2564 3430 2564 3431 2471 3431 2563 3431 2471 3432 2470 3432 2563 3432 2563 3433 2470 3433 2562 3433 2470 3434 2459 3434 2562 3434 2562 3435 2459 3435 2445 3435 2459 3436 2458 3436 2445 3436 2445 3437 2458 3437 2444 3437 2469 3438 2573 3438 2574 3438 2575 3439 2576 3439 2577 3439 2576 3440 2578 3440 2577 3440 2520 3441 2546 3441 2519 3441 2546 3442 2548 3442 2519 3442 2519 3443 2548 3443 1943 3443 2548 3444 2550 3444 1943 3444 1943 3445 2550 3445 1944 3445 2550 3446 2579 3446 1944 3446 1938 3447 1937 3447 2580 3447 1937 3448 2581 3448 2580 3448 2580 3449 2581 3449 2582 3449 2577 3450 2572 3450 2575 3450 2572 3451 1940 3451 2575 3451 2575 3452 1940 3452 2583 3452 1940 3453 1939 3453 2583 3453 2583 3454 1939 3454 2584 3454 2549 3455 2585 3455 2550 3455 2585 3456 2586 3456 2550 3456 2550 3457 2586 3457 2579 3457 2586 3458 2587 3458 2579 3458 2579 3459 2587 3459 2588 3459 2587 3460 2589 3460 2588 3460 2588 3461 2589 3461 2590 3461 2547 3462 2591 3462 2549 3462 2591 3463 2592 3463 2549 3463 2549 3464 2592 3464 2585 3464 2592 3465 2593 3465 2585 3465 2585 3466 2593 3466 2586 3466 2593 3467 2594 3467 2586 3467 2586 3468 2594 3468 2587 3468 2594 3469 2595 3469 2587 3469 2587 3470 2595 3470 2589 3470 2596 3471 2597 3471 2598 3471 1932 3472 1931 3472 2599 3472 1931 3473 2600 3473 2599 3473 2599 3474 2600 3474 2601 3474 2600 3475 2602 3475 2601 3475 2601 3476 2602 3476 2603 3476 2604 3477 2605 3477 2606 3477 2605 3478 2607 3478 2606 3478 2606 3479 2607 3479 2608 3479 2607 3480 2609 3480 2608 3480 2608 3481 2609 3481 2610 3481 2609 3482 2611 3482 2610 3482 2605 3483 1932 3483 2607 3483 1932 3484 2599 3484 2607 3484 2607 3485 2599 3485 2609 3485 2599 3486 2601 3486 2609 3486 2609 3487 2601 3487 2611 3487 2601 3488 2603 3488 2611 3488 1950 3489 1942 3489 2612 3489 1942 3490 1944 3490 2612 3490 2612 3491 1944 3491 2582 3491 1944 3492 2579 3492 2582 3492 2582 3493 2579 3493 2580 3493 2579 3494 2588 3494 2580 3494 2580 3495 2588 3495 1938 3495 2588 3496 2590 3496 1938 3496 1938 3497 2590 3497 1936 3497 1935 3498 1934 3498 2613 3498 1934 3499 2614 3499 2613 3499 2613 3500 2614 3500 2615 3500 2614 3501 2616 3501 2615 3501 2615 3502 2616 3502 2596 3502 1933 3503 1935 3503 2617 3503 1935 3504 2618 3504 2617 3504 2617 3505 2618 3505 2619 3505 2520 3506 2620 3506 2546 3506 2620 3507 2621 3507 2546 3507 2546 3508 2621 3508 2547 3508 2621 3509 2622 3509 2547 3509 2547 3510 2622 3510 2591 3510 2622 3511 2623 3511 2591 3511 2591 3512 2623 3512 2592 3512 2623 3513 2624 3513 2592 3513 2592 3514 2624 3514 2593 3514 2624 3515 2597 3515 2593 3515 2593 3516 2597 3516 2594 3516 2597 3517 2596 3517 2594 3517 2594 3518 2596 3518 2595 3518 2596 3519 2616 3519 2595 3519 2595 3520 2616 3520 2589 3520 2616 3521 2614 3521 2589 3521 2589 3522 2614 3522 2590 3522 2614 3523 1934 3523 2590 3523 2590 3524 1934 3524 1936 3524 1934 3525 1933 3525 1936 3525 2625 3526 1930 3526 2626 3526 2604 3527 2627 3527 2628 3527 1930 3528 1932 3528 2626 3528 1932 3529 2605 3529 2626 3529 2626 3530 2605 3530 2629 3530 2605 3531 2604 3531 2629 3531 2629 3532 2604 3532 2630 3532 2604 3533 2628 3533 2630 3533 2630 3534 2628 3534 2631 3534 2632 3535 2633 3535 2634 3535 2633 3536 2635 3536 2634 3536 1927 3537 1929 3537 2636 3537 2632 3538 2637 3538 2633 3538 2637 3539 2619 3539 2633 3539 2633 3540 2619 3540 2635 3540 2619 3541 2618 3541 2635 3541 2625 3542 2626 3542 2638 3542 2626 3543 2629 3543 2638 3543 2638 3544 2629 3544 2636 3544 2629 3545 2630 3545 2636 3545 2636 3546 2630 3546 1927 3546 2630 3547 2631 3547 1927 3547 1927 3548 2631 3548 1928 3548 2627 3549 2604 3549 2639 3549 2604 3550 2606 3550 2639 3550 2639 3551 2606 3551 2640 3551 2606 3552 2608 3552 2640 3552 2640 3553 2608 3553 2641 3553 2608 3554 2610 3554 2641 3554 2641 3555 2610 3555 2642 3555 1926 3556 1925 3556 2584 3556 1925 3557 2643 3557 2584 3557 2584 3558 2643 3558 2583 3558 2643 3559 2644 3559 2583 3559 2583 3560 2644 3560 2575 3560 2644 3561 2645 3561 2575 3561 2575 3562 2645 3562 2576 3562 1924 3563 1923 3563 1925 3563 1923 3564 2646 3564 1925 3564 1925 3565 2646 3565 2643 3565 2646 3566 2647 3566 2643 3566 2643 3567 2647 3567 2644 3567 2647 3568 2648 3568 2644 3568 2644 3569 2648 3569 2645 3569 1906 3570 1946 3570 1904 3570 1946 3571 2649 3571 1904 3571 1904 3572 2649 3572 1905 3572 2574 3573 1945 3573 2650 3573 1945 3574 1906 3574 2650 3574 2650 3575 1906 3575 1905 3575 2464 3576 2469 3576 2465 3576 2469 3577 2574 3577 2465 3577 2465 3578 2574 3578 2467 3578 2574 3579 2650 3579 2467 3579 2467 3580 2650 3580 1905 3580 1917 3581 1916 3581 2651 3581 1916 3582 2652 3582 2651 3582 2651 3583 2652 3583 2653 3583 1921 3584 1920 3584 2654 3584 1920 3585 2655 3585 2654 3585 2654 3586 2655 3586 2656 3586 1922 3587 1918 3587 1923 3587 1918 3588 1917 3588 1923 3588 1923 3589 1917 3589 2646 3589 1917 3590 2651 3590 2646 3590 2646 3591 2651 3591 2647 3591 2651 3592 2653 3592 2647 3592 2647 3593 2653 3593 2648 3593 2573 3594 2578 3594 2574 3594 2578 3595 2576 3595 2574 3595 2574 3596 2576 3596 1945 3596 2576 3597 2645 3597 1945 3597 1945 3598 2645 3598 1946 3598 2645 3599 2648 3599 1946 3599 1946 3600 2648 3600 2649 3600 2648 3601 2653 3601 2649 3601 2649 3602 2653 3602 2657 3602 2653 3603 2652 3603 2657 3603 2657 3604 2652 3604 2658 3604 2652 3605 1916 3605 2658 3605 2658 3606 1916 3606 2659 3606 1916 3607 1918 3607 2659 3607 2659 3608 1918 3608 2660 3608 1915 3609 2654 3609 2637 3609 2654 3610 2656 3610 2637 3610 2637 3611 2656 3611 2619 3611 2656 3612 2655 3612 2619 3612 2619 3613 2655 3613 2617 3613 2655 3614 1920 3614 2617 3614 2617 3615 1920 3615 1933 3615 1920 3616 1919 3616 1933 3616 1933 3617 1919 3617 1936 3617 1919 3618 2661 3618 1936 3618 1936 3619 2661 3619 1937 3619 2661 3620 2662 3620 1937 3620 1937 3621 2662 3621 2581 3621 2662 3622 2663 3622 2581 3622 2581 3623 2663 3623 2582 3623 2663 3624 2664 3624 2582 3624 2582 3625 2664 3625 2612 3625 2664 3626 2665 3626 2612 3626 2612 3627 2665 3627 1950 3627 2665 3628 2666 3628 1950 3628 1950 3629 2666 3629 1951 3629 1914 3630 2667 3630 1915 3630 2667 3631 2660 3631 1915 3631 1915 3632 2660 3632 2654 3632 2660 3633 1918 3633 2654 3633 2654 3634 1918 3634 1921 3634 1918 3635 1922 3635 1921 3635 1921 3636 1922 3636 1919 3636 1922 3637 1924 3637 1919 3637 1919 3638 1924 3638 2661 3638 1924 3639 1926 3639 2661 3639 2661 3640 1926 3640 2662 3640 1926 3641 2584 3641 2662 3641 2662 3642 2584 3642 2663 3642 2584 3643 1939 3643 2663 3643 2663 3644 1939 3644 2664 3644 1939 3645 1941 3645 2664 3645 2664 3646 1941 3646 2665 3646 1941 3647 2570 3647 2665 3647 2665 3648 2570 3648 2666 3648 1909 3649 1908 3649 2668 3649 1908 3650 2669 3650 2668 3650 2668 3651 2669 3651 1905 3651 2670 3652 1905 3652 2669 3652 1912 3653 2671 3653 1911 3653 2671 3654 2672 3654 1911 3654 1911 3655 2672 3655 1907 3655 1913 3656 1915 3656 2673 3656 1915 3657 2637 3657 2673 3657 2673 3658 2637 3658 2674 3658 2637 3659 2632 3659 2674 3659 2674 3660 2632 3660 1929 3660 2632 3661 2634 3661 1929 3661 1929 3662 2634 3662 2636 3662 2634 3663 2635 3663 2636 3663 2636 3664 2635 3664 2638 3664 2635 3665 2618 3665 2638 3665 2638 3666 2618 3666 2625 3666 2618 3667 1935 3667 2625 3667 2625 3668 1935 3668 1930 3668 1935 3669 2613 3669 1930 3669 1930 3670 2613 3670 1931 3670 2613 3671 2615 3671 1931 3671 1931 3672 2615 3672 2600 3672 2615 3673 2596 3673 2600 3673 2600 3674 2596 3674 2602 3674 2596 3675 2598 3675 2602 3675 2602 3676 2598 3676 2603 3676 2675 3677 2676 3677 2677 3677 2676 3678 2678 3678 2677 3678 2677 3679 2678 3679 2679 3679 2678 3680 2680 3680 2679 3680 2679 3681 2680 3681 2531 3681 2680 3682 2523 3682 2531 3682 2531 3683 2523 3683 2532 3683 2523 3684 2525 3684 2532 3684 2532 3685 2525 3685 2534 3685 2525 3686 2527 3686 2534 3686 2534 3687 2527 3687 2552 3687 2527 3688 2528 3688 2552 3688 2552 3689 2528 3689 2554 3689 2528 3690 1952 3690 2554 3690 2554 3691 1952 3691 2555 3691 1952 3692 1954 3692 2555 3692 2422 3693 2514 3693 2416 3693 2514 3694 2501 3694 2416 3694 2416 3695 2501 3695 2417 3695 2501 3696 2500 3696 2417 3696 2417 3697 2500 3697 2420 3697 2500 3698 2499 3698 2420 3698 2420 3699 2499 3699 2498 3699 2499 3700 2507 3700 2498 3700 2498 3701 2507 3701 2521 3701 2507 3702 2508 3702 2521 3702 2521 3703 2508 3703 2522 3703 2508 3704 2529 3704 2522 3704 2522 3705 2529 3705 2541 3705 2529 3706 2530 3706 2541 3706 2541 3707 2530 3707 2545 3707 2530 3708 2523 3708 2545 3708 2545 3709 2523 3709 2544 3709 2523 3710 2680 3710 2544 3710 2544 3711 2680 3711 2543 3711 2680 3712 2678 3712 2543 3712 2543 3713 2678 3713 2542 3713 2678 3714 2676 3714 2542 3714 2681 3715 2682 3715 2683 3715 2684 3716 2685 3716 2686 3716 2685 3717 2687 3717 2686 3717 2686 3718 2687 3718 2688 3718 2687 3719 2681 3719 2688 3719 2688 3720 2681 3720 2689 3720 2681 3721 2683 3721 2689 3721 2690 3722 2691 3722 2692 3722 2693 3723 2694 3723 2695 3723 2694 3724 2696 3724 2695 3724 2695 3725 2696 3725 2691 3725 2696 3726 2697 3726 2691 3726 2691 3727 2697 3727 2692 3727 2684 3728 2698 3728 2685 3728 2698 3729 2699 3729 2685 3729 2685 3730 2699 3730 2693 3730 2699 3731 2700 3731 2693 3731 2693 3732 2700 3732 2694 3732 2701 3733 2702 3733 2703 3733 2702 3734 2690 3734 2703 3734 2703 3735 2690 3735 2704 3735 2690 3736 2692 3736 2704 3736 2705 3737 2706 3737 2707 3737 2706 3738 2708 3738 2707 3738 2707 3739 2708 3739 2701 3739 2709 3740 2710 3740 2711 3740 2712 3741 2713 3741 2714 3741 2714 3742 2713 3742 2715 3742 2713 3743 2716 3743 2715 3743 2715 3744 2716 3744 2717 3744 2716 3745 2718 3745 2717 3745 2717 3746 2718 3746 2719 3746 2718 3747 2720 3747 2719 3747 2719 3748 2720 3748 2721 3748 2720 3749 2722 3749 2721 3749 2721 3750 2722 3750 2723 3750 2722 3751 2724 3751 2723 3751 2723 3752 2724 3752 2725 3752 2712 3753 1978 3753 2713 3753 1978 3754 1980 3754 2713 3754 2713 3755 1980 3755 2716 3755 1980 3756 2352 3756 2716 3756 2716 3757 2352 3757 2718 3757 2352 3758 2355 3758 2718 3758 2718 3759 2355 3759 2720 3759 2355 3760 2356 3760 2720 3760 2720 3761 2356 3761 2722 3761 2356 3762 2358 3762 2722 3762 2722 3763 2358 3763 2724 3763 2726 3764 2727 3764 2728 3764 2727 3765 2729 3765 2728 3765 2728 3766 2729 3766 2730 3766 2729 3767 2731 3767 2730 3767 2730 3768 2731 3768 2732 3768 2733 3769 2726 3769 2734 3769 2726 3770 2728 3770 2734 3770 2734 3771 2728 3771 2735 3771 2728 3772 2730 3772 2735 3772 2735 3773 2730 3773 2736 3773 2730 3774 2732 3774 2736 3774 2736 3775 2732 3775 2737 3775 2732 3776 2738 3776 2737 3776 2737 3777 2738 3777 2739 3777 2740 3778 2741 3778 2742 3778 2741 3779 2743 3779 2742 3779 2742 3780 2743 3780 2744 3780 2743 3781 2733 3781 2744 3781 2744 3782 2733 3782 2745 3782 2733 3783 2734 3783 2745 3783 2745 3784 2734 3784 2746 3784 2734 3785 2735 3785 2746 3785 2746 3786 2735 3786 2747 3786 2735 3787 2736 3787 2747 3787 2747 3788 2736 3788 2748 3788 2736 3789 2737 3789 2748 3789 2748 3790 2737 3790 1903 3790 2737 3791 2739 3791 1903 3791 1903 3792 2739 3792 1901 3792 2714 3793 2709 3793 2712 3793 2709 3794 2711 3794 2712 3794 2712 3795 2711 3795 1978 3795 2711 3796 2749 3796 1978 3796 1978 3797 2749 3797 1979 3797 2749 3798 2750 3798 1979 3798 1979 3799 2750 3799 2751 3799 2750 3800 2752 3800 2751 3800 2751 3801 2752 3801 2753 3801 2752 3802 2754 3802 2753 3802 2755 3803 1897 3803 2756 3803 1897 3804 1896 3804 2756 3804 2756 3805 1896 3805 2757 3805 2758 3806 2759 3806 2760 3806 2761 3807 2755 3807 2762 3807 2755 3808 2756 3808 2762 3808 2762 3809 2756 3809 2763 3809 2756 3810 2757 3810 2763 3810 2763 3811 2757 3811 2758 3811 1899 3812 1895 3812 1900 3812 1895 3813 1897 3813 1900 3813 1900 3814 1897 3814 2764 3814 1897 3815 2755 3815 2764 3815 2764 3816 2755 3816 2765 3816 2755 3817 2761 3817 2765 3817 2765 3818 2761 3818 2766 3818 2767 3819 2768 3819 1892 3819 1889 3820 1891 3820 1893 3820 2769 3821 2770 3821 2771 3821 2769 3822 2771 3822 2772 3822 2762 3823 2773 3823 2761 3823 2773 3824 2774 3824 2761 3824 2761 3825 2774 3825 2766 3825 2774 3826 2775 3826 2766 3826 2766 3827 2775 3827 2776 3827 2775 3828 2777 3828 2776 3828 2776 3829 2777 3829 2778 3829 2777 3830 2779 3830 2778 3830 2780 3831 2779 3831 2781 3831 2779 3832 2777 3832 2781 3832 2781 3833 2777 3833 2782 3833 2777 3834 2775 3834 2782 3834 2782 3835 2775 3835 2783 3835 2775 3836 2774 3836 2783 3836 2783 3837 2774 3837 2784 3837 2774 3838 2773 3838 2784 3838 2758 3839 2760 3839 2763 3839 2760 3840 2785 3840 2763 3840 2763 3841 2785 3841 2762 3841 2785 3842 2786 3842 2762 3842 2762 3843 2786 3843 2773 3843 2786 3844 2787 3844 2773 3844 2773 3845 2787 3845 2784 3845 2787 3846 2788 3846 2784 3846 2784 3847 2788 3847 2783 3847 2788 3848 2789 3848 2783 3848 2783 3849 2789 3849 2782 3849 2789 3850 2790 3850 2782 3850 2782 3851 2790 3851 2781 3851 2790 3852 2791 3852 2781 3852 2781 3853 2791 3853 2780 3853 1902 3854 1898 3854 1903 3854 1898 3855 1900 3855 1903 3855 1903 3856 1900 3856 2748 3856 1900 3857 2764 3857 2748 3857 2748 3858 2764 3858 2747 3858 2764 3859 2765 3859 2747 3859 2747 3860 2765 3860 2746 3860 2765 3861 2766 3861 2746 3861 2746 3862 2766 3862 2745 3862 2766 3863 2776 3863 2745 3863 2745 3864 2776 3864 2744 3864 2776 3865 2778 3865 2744 3865 2744 3866 2778 3866 2742 3866 2778 3867 2779 3867 2742 3867 2742 3868 2779 3868 2740 3868 2779 3869 2780 3869 2740 3869 2792 3870 2770 3870 1890 3870 2770 3871 2769 3871 1890 3871 1890 3872 2769 3872 1891 3872 2769 3873 2772 3873 1891 3873 1891 3874 2772 3874 2793 3874 2772 3875 2794 3875 2793 3875 2793 3876 2794 3876 2795 3876 2794 3877 2796 3877 2795 3877 2795 3878 2796 3878 2797 3878 2796 3879 2798 3879 2797 3879 2797 3880 2798 3880 2799 3880 2798 3881 2800 3881 2799 3881 2799 3882 2800 3882 1888 3882 1892 3883 1894 3883 2767 3883 1894 3884 2801 3884 2767 3884 2767 3885 2801 3885 2802 3885 2801 3886 2803 3886 2802 3886 2802 3887 2803 3887 2804 3887 2803 3888 2805 3888 2804 3888 2804 3889 2805 3889 2806 3889 2805 3890 2807 3890 2806 3890 2806 3891 2807 3891 2808 3891 2807 3892 2809 3892 2808 3892 2808 3893 2809 3893 2810 3893 2809 3894 2811 3894 2810 3894 2810 3895 2811 3895 2812 3895 2811 3896 2813 3896 2812 3896 2812 3897 2813 3897 2814 3897 2813 3898 2815 3898 2814 3898 2814 3899 2815 3899 2372 3899 1888 3900 2800 3900 1886 3900 2800 3901 2816 3901 1886 3901 1886 3902 2816 3902 1443 3902 2405 3903 2407 3903 2424 3903 2407 3904 2404 3904 2424 3904 2424 3905 2404 3905 2425 3905 2404 3906 2402 3906 2425 3906 2425 3907 2402 3907 2398 3907 2402 3908 2400 3908 2398 3908 2398 3909 2400 3909 2390 3909 2400 3910 2399 3910 2390 3910 2390 3911 2399 3911 2383 3911 2399 3912 2378 3912 2383 3912 2383 3913 2378 3913 2381 3913 2378 3914 2377 3914 2381 3914 2381 3915 2377 3915 2393 3915 2377 3916 2376 3916 2393 3916 2393 3917 2376 3917 2373 3917 2376 3918 1887 3918 2373 3918 2373 3919 1887 3919 2374 3919 1887 3920 1886 3920 2374 3920 2374 3921 1886 3921 2033 3921 1886 3922 1444 3922 2033 3922 2033 3923 1444 3923 1867 3923 1893 3924 1891 3924 1894 3924 1891 3925 2793 3925 1894 3925 1894 3926 2793 3926 2801 3926 2793 3927 2795 3927 2801 3927 2801 3928 2795 3928 2803 3928 2795 3929 2797 3929 2803 3929 2803 3930 2797 3930 2805 3930 2797 3931 2799 3931 2805 3931 2805 3932 2799 3932 2807 3932 2799 3933 1888 3933 2807 3933 2807 3934 1888 3934 2809 3934 1888 3935 1887 3935 2809 3935 2809 3936 1887 3936 2811 3936 1887 3937 2376 3937 2811 3937 2811 3938 2376 3938 2813 3938 2376 3939 1968 3939 2813 3939 2813 3940 1968 3940 2815 3940 1968 3941 1970 3941 2815 3941 2815 3942 1970 3942 2372 3942 1970 3943 2413 3943 2372 3943 2372 3944 2413 3944 2370 3944 2413 3945 2412 3945 2370 3945 2370 3946 2412 3946 2388 3946 2412 3947 2411 3947 2388 3947 2388 3948 2411 3948 2387 3948 2411 3949 2410 3949 2387 3949 2387 3950 2410 3950 2493 3950 2410 3951 2409 3951 2493 3951 2493 3952 2409 3952 2494 3952 2409 3953 2408 3953 2494 3953 2494 3954 2408 3954 2495 3954 2408 3955 2406 3955 2495 3955 2495 3956 2406 3956 2492 3956 2406 3957 2405 3957 2492 3957 2492 3958 2405 3958 2620 3958 2405 3959 2506 3959 2620 3959 2620 3960 2506 3960 2621 3960 2506 3961 2505 3961 2621 3961 2621 3962 2505 3962 2622 3962 2505 3963 1947 3963 2622 3963 2622 3964 1947 3964 2623 3964 1947 3965 1949 3965 2623 3965 2623 3966 1949 3966 2624 3966 1949 3967 2539 3967 2624 3967 2624 3968 2539 3968 2597 3968 2539 3969 2537 3969 2597 3969 2597 3970 2537 3970 2598 3970 2537 3971 2536 3971 2598 3971 2598 3972 2536 3972 2603 3972 2536 3973 2542 3973 2603 3973 2603 3974 2542 3974 2611 3974 2542 3975 2676 3975 2611 3975 2611 3976 2676 3976 2610 3976 2676 3977 2675 3977 2610 3977 2610 3978 2675 3978 2642 3978 2771 3979 2817 3979 2772 3979 2817 3980 2818 3980 2772 3980 2772 3981 2818 3981 2794 3981 2818 3982 2819 3982 2794 3982 2794 3983 2819 3983 2796 3983 2819 3984 2820 3984 2796 3984 2796 3985 2820 3985 2798 3985 2820 3986 2821 3986 2798 3986 2798 3987 2821 3987 2800 3987 2821 3988 2822 3988 2800 3988 2800 3989 2822 3989 2816 3989 2741 3990 2754 3990 2743 3990 2754 3991 2752 3991 2743 3991 2743 3992 2752 3992 2733 3992 2752 3993 2750 3993 2733 3993 2733 3994 2750 3994 2726 3994 2750 3995 2749 3995 2726 3995 2726 3996 2749 3996 2727 3996 2749 3997 2711 3997 2727 3997 2727 3998 2711 3998 2729 3998 2711 3999 2710 3999 2729 3999 2729 4000 2710 4000 2731 4000 2710 4001 2823 4001 2731 4001 2731 4002 2823 4002 2732 4002 2823 4003 2708 4003 2732 4003 2732 4004 2708 4004 2738 4004 2708 4005 2706 4005 2738 4005 2738 4006 2706 4006 2739 4006 2706 4007 2705 4007 2739 4007 2739 4008 2705 4008 1901 4008 2824 4009 2825 4009 2826 4009 2827 4010 2828 4010 1883 4010 2829 4011 2830 4011 2831 4011 2832 4012 2833 4012 2834 4012 2833 4013 2829 4013 2834 4013 2834 4014 2829 4014 2835 4014 2829 4015 2831 4015 2835 4015 2835 4016 2831 4016 2836 4016 2837 4017 1877 4017 2838 4017 1877 4018 1879 4018 2838 4018 2838 4019 1879 4019 2839 4019 2840 4020 2841 4020 2842 4020 2841 4021 2843 4021 2842 4021 2842 4022 2843 4022 2844 4022 2843 4023 2845 4023 2844 4023 2846 4024 2847 4024 2848 4024 2847 4025 2849 4025 2848 4025 2850 4026 2851 4026 2852 4026 2851 4027 2853 4027 2852 4027 2852 4028 2853 4028 2846 4028 2853 4029 2854 4029 2846 4029 2846 4030 2854 4030 2847 4030 2840 4031 2855 4031 2841 4031 2855 4032 2856 4032 2841 4032 2841 4033 2856 4033 2857 4033 2856 4034 2858 4034 2857 4034 2857 4035 2858 4035 2859 4035 2860 4036 1874 4036 2861 4036 1874 4037 1876 4037 2861 4037 2861 4038 1876 4038 2862 4038 2863 4039 2832 4039 2864 4039 2832 4040 2834 4040 2864 4040 2864 4041 2834 4041 2839 4041 2834 4042 2835 4042 2839 4042 2839 4043 2835 4043 2838 4043 2835 4044 2836 4044 2838 4044 2838 4045 2836 4045 2837 4045 2865 4046 2863 4046 2866 4046 2863 4047 2864 4047 2866 4047 2866 4048 2864 4048 2867 4048 2864 4049 2839 4049 2867 4049 2867 4050 2839 4050 2862 4050 2839 4051 1879 4051 2862 4051 2862 4052 1879 4052 2861 4052 1879 4053 1878 4053 2861 4053 2861 4054 1878 4054 2860 4054 2849 4055 2868 4055 2848 4055 2868 4056 2869 4056 2848 4056 2848 4057 2869 4057 2682 4057 2869 4058 2870 4058 2682 4058 2682 4059 2870 4059 2683 4059 2824 4060 2826 4060 2871 4060 2826 4061 2872 4061 2871 4061 2871 4062 2872 4062 2873 4062 2872 4063 2874 4063 2873 4063 2873 4064 2874 4064 2875 4064 2874 4065 2876 4065 2875 4065 2875 4066 2876 4066 2877 4066 2876 4067 2878 4067 2877 4067 2877 4068 2878 4068 2879 4068 2878 4069 2880 4069 2879 4069 2879 4070 2880 4070 2881 4070 2880 4071 2034 4071 2881 4071 2881 4072 2034 4072 2882 4072 2034 4073 387 4073 2882 4073 2882 4074 387 4074 411 4074 1883 4075 1885 4075 2827 4075 1885 4076 2883 4076 2827 4076 2827 4077 2883 4077 2884 4077 2883 4078 2885 4078 2884 4078 2884 4079 2885 4079 2886 4079 2885 4080 2887 4080 2886 4080 2886 4081 2887 4081 2888 4081 2887 4082 2889 4082 2888 4082 2888 4083 2889 4083 2890 4083 2889 4084 2891 4084 2890 4084 2890 4085 2891 4085 2892 4085 2891 4086 2893 4086 2892 4086 2892 4087 2893 4087 2894 4087 2173 4088 2052 4088 2139 4088 2052 4089 2051 4089 2139 4089 2139 4090 2051 4090 2119 4090 2051 4091 2056 4091 2119 4091 2119 4092 2056 4092 2092 4092 2056 4093 2055 4093 2092 4093 2092 4094 2055 4094 2067 4094 2055 4095 2025 4095 2067 4095 2067 4096 2025 4096 2068 4096 2025 4097 2024 4097 2068 4097 2068 4098 2024 4098 2274 4098 2024 4099 2037 4099 2274 4099 2274 4100 2037 4100 2043 4100 2037 4101 2038 4101 2043 4101 2043 4102 2038 4102 2044 4102 2038 4103 2036 4103 2044 4103 2044 4104 2036 4104 2895 4104 2036 4105 2035 4105 2895 4105 2895 4106 2035 4106 2896 4106 2035 4107 2034 4107 2896 4107 2896 4108 2034 4108 2894 4108 2034 4109 2880 4109 2894 4109 2894 4110 2880 4110 2892 4110 2880 4111 2878 4111 2892 4111 2892 4112 2878 4112 2890 4112 2878 4113 2876 4113 2890 4113 2890 4114 2876 4114 2888 4114 2876 4115 2874 4115 2888 4115 2888 4116 2874 4116 2886 4116 2874 4117 2872 4117 2886 4117 2886 4118 2872 4118 2884 4118 2872 4119 2826 4119 2884 4119 2884 4120 2826 4120 2827 4120 2826 4121 2825 4121 2827 4121 2827 4122 2825 4122 2828 4122 2897 4123 2893 4123 2898 4123 2893 4124 2891 4124 2898 4124 2898 4125 2891 4125 2899 4125 2891 4126 2889 4126 2899 4126 2899 4127 2889 4127 2900 4127 2889 4128 2887 4128 2900 4128 2900 4129 2887 4129 2901 4129 2887 4130 2885 4130 2901 4130 2901 4131 2885 4131 2902 4131 2885 4132 2883 4132 2902 4132 2902 4133 2883 4133 2903 4133 2883 4134 1885 4134 2903 4134 2903 4135 1885 4135 1882 4135 1885 4136 1884 4136 1882 4136 1882 4137 1884 4137 1880 4137 2072 4138 2897 4138 2073 4138 2897 4139 2898 4139 2073 4139 2073 4140 2898 4140 2904 4140 2898 4141 2899 4141 2904 4141 2904 4142 2899 4142 2905 4142 2899 4143 2900 4143 2905 4143 2905 4144 2900 4144 2906 4144 2900 4145 2901 4145 2906 4145 2906 4146 2901 4146 2907 4146 2901 4147 2902 4147 2907 4147 2907 4148 2902 4148 2908 4148 2902 4149 2903 4149 2908 4149 2908 4150 2903 4150 2909 4150 2903 4151 1882 4151 2909 4151 2909 4152 1882 4152 2910 4152 1882 4153 1881 4153 2910 4153 2910 4154 1881 4154 2911 4154 2263 4155 2083 4155 2912 4155 2083 4156 2075 4156 2912 4156 2912 4157 2075 4157 2913 4157 2075 4158 2074 4158 2913 4158 2913 4159 2074 4159 2914 4159 2074 4160 2915 4160 2914 4160 2914 4161 2915 4161 2916 4161 2915 4162 2917 4162 2916 4162 2916 4163 2917 4163 2918 4163 2917 4164 2919 4164 2918 4164 2918 4165 2919 4165 2920 4165 2919 4166 2921 4166 2920 4166 2920 4167 2921 4167 2922 4167 2921 4168 2923 4168 2922 4168 2922 4169 2923 4169 2924 4169 2923 4170 2925 4170 2924 4170 2924 4171 2925 4171 2926 4171 2925 4172 2927 4172 2926 4172 2926 4173 2927 4173 2928 4173 2927 4174 2929 4174 2928 4174 2928 4175 2929 4175 2930 4175 2929 4176 2931 4176 2930 4176 2930 4177 2931 4177 2932 4177 2082 4178 2069 4178 2076 4178 2069 4179 2071 4179 2076 4179 2076 4180 2071 4180 2074 4180 2071 4181 2073 4181 2074 4181 2074 4182 2073 4182 2915 4182 2073 4183 2904 4183 2915 4183 2915 4184 2904 4184 2917 4184 2904 4185 2905 4185 2917 4185 2917 4186 2905 4186 2919 4186 2905 4187 2906 4187 2919 4187 2919 4188 2906 4188 2921 4188 2906 4189 2907 4189 2921 4189 2921 4190 2907 4190 2923 4190 2907 4191 2908 4191 2923 4191 2923 4192 2908 4192 2925 4192 2908 4193 2909 4193 2925 4193 2925 4194 2909 4194 2927 4194 2909 4195 2910 4195 2927 4195 2927 4196 2910 4196 2929 4196 2910 4197 2911 4197 2929 4197 2929 4198 2911 4198 2931 4198 2263 4199 2256 4199 2083 4199 2256 4200 2257 4200 2083 4200 2083 4201 2257 4201 2077 4201 2257 4202 2085 4202 2077 4202 2077 4203 2085 4203 2078 4203 2085 4204 2084 4204 2078 4204 2078 4205 2084 4205 2063 4205 2084 4206 2130 4206 2063 4206 2063 4207 2130 4207 2057 4207 2130 4208 2042 4208 2057 4208 2057 4209 2042 4209 2058 4209 2042 4210 2044 4210 2058 4210 2058 4211 2044 4211 2060 4211 2044 4212 2895 4212 2060 4212 2060 4213 2895 4213 2061 4213 2895 4214 2896 4214 2061 4214 2061 4215 2896 4215 2062 4215 2896 4216 2894 4216 2062 4216 2062 4217 2894 4217 2040 4217 2894 4218 2893 4218 2040 4218 2040 4219 2893 4219 2041 4219 2893 4220 2897 4220 2041 4220 2041 4221 2897 4221 2039 4221 2897 4222 2072 4222 2039 4222 2039 4223 2072 4223 2027 4223 2072 4224 2070 4224 2027 4224 2027 4225 2070 4225 2028 4225 2070 4226 2069 4226 2028 4226 2028 4227 2069 4227 2065 4227 2069 4228 2082 4228 2065 4228 2065 4229 2082 4229 2064 4229 2082 4230 2080 4230 2064 4230 2064 4231 2080 4231 2063 4231 2080 4232 2078 4232 2063 4232 2933 4233 2865 4233 2934 4233 2865 4234 2866 4234 2934 4234 2934 4235 2866 4235 2935 4235 2866 4236 2867 4236 2935 4236 2935 4237 2867 4237 2936 4237 2867 4238 2862 4238 2936 4238 2936 4239 2862 4239 2937 4239 2862 4240 1876 4240 2937 4240 2937 4241 1876 4241 2938 4241 1876 4242 1875 4242 2938 4242 2938 4243 1875 4243 2939 4243 2939 4244 2844 4244 2938 4244 2844 4245 2845 4245 2938 4245 2938 4246 2845 4246 2937 4246 2845 4247 2940 4247 2937 4247 2937 4248 2940 4248 2936 4248 2940 4249 2941 4249 2936 4249 2936 4250 2941 4250 2935 4250 2941 4251 2942 4251 2935 4251 2935 4252 2942 4252 2934 4252 2942 4253 2943 4253 2934 4253 2934 4254 2943 4254 2933 4254 2943 4255 2944 4255 2933 4255 2933 4256 2944 4256 2945 4256 2944 4257 2946 4257 2945 4257 2945 4258 2946 4258 2947 4258 2946 4259 2948 4259 2947 4259 2947 4260 2948 4260 2949 4260 2948 4261 2950 4261 2949 4261 2949 4262 2950 4262 2951 4262 2950 4263 2299 4263 2951 4263 2951 4264 2299 4264 2952 4264 2299 4265 2298 4265 2952 4265 2318 4266 2953 4266 2954 4266 2953 4267 2955 4267 2954 4267 2954 4268 2955 4268 2956 4268 2955 4269 2957 4269 2956 4269 2956 4270 2957 4270 2958 4270 2957 4271 2959 4271 2958 4271 2958 4272 2959 4272 2960 4272 2959 4273 2961 4273 2960 4273 2960 4274 2961 4274 2962 4274 2961 4275 2963 4275 2962 4275 2962 4276 2963 4276 2964 4276 2963 4277 2965 4277 2964 4277 2964 4278 2965 4278 2966 4278 2965 4279 2967 4279 2966 4279 2966 4280 2967 4280 2968 4280 2967 4281 2969 4281 2968 4281 2968 4282 2969 4282 2970 4282 2969 4283 2971 4283 2970 4283 2970 4284 2971 4284 2972 4284 2318 4285 2314 4285 2953 4285 2314 4286 2296 4286 2953 4286 2953 4287 2296 4287 2955 4287 2296 4288 2299 4288 2955 4288 2955 4289 2299 4289 2957 4289 2299 4290 2950 4290 2957 4290 2957 4291 2950 4291 2959 4291 2950 4292 2948 4292 2959 4292 2959 4293 2948 4293 2961 4293 2948 4294 2946 4294 2961 4294 2961 4295 2946 4295 2963 4295 2946 4296 2944 4296 2963 4296 2963 4297 2944 4297 2965 4297 2944 4298 2943 4298 2965 4298 2965 4299 2943 4299 2967 4299 2943 4300 2942 4300 2967 4300 2967 4301 2942 4301 2969 4301 2942 4302 2941 4302 2969 4302 2969 4303 2941 4303 2971 4303 2941 4304 2940 4304 2971 4304 2971 4305 2940 4305 2972 4305 2940 4306 2845 4306 2972 4306 2972 4307 2845 4307 2973 4307 2845 4308 2843 4308 2973 4308 2973 4309 2843 4309 2974 4309 2843 4310 2841 4310 2974 4310 2974 4311 2841 4311 2975 4311 2841 4312 2857 4312 2975 4312 2975 4313 2857 4313 2976 4313 2977 4314 1958 4314 2978 4314 1958 4315 1960 4315 2978 4315 2978 4316 1960 4316 2446 4316 1960 4317 2350 4317 2446 4317 2446 4318 2350 4318 1983 4318 2350 4319 2347 4319 1983 4319 1983 4320 2347 4320 1981 4320 2347 4321 2346 4321 1981 4321 1981 4322 2346 4322 2449 4322 2346 4323 2344 4323 2449 4323 2449 4324 2344 4324 2450 4324 2344 4325 1984 4325 2450 4325 2450 4326 1984 4326 2451 4326 1984 4327 1986 4327 2451 4327 2451 4328 1986 4328 2452 4328 1986 4329 2979 4329 2452 4329 2452 4330 2979 4330 2453 4330 2979 4331 2980 4331 2453 4331 2453 4332 2980 4332 2454 4332 2980 4333 2981 4333 2454 4333 2454 4334 2981 4334 2456 4334 2981 4335 2982 4335 2456 4335 2456 4336 2982 4336 2983 4336 2983 4337 2984 4337 2456 4337 2984 4338 2985 4338 2456 4338 2456 4339 2985 4339 2457 4339 2312 4340 1990 4340 2986 4340 1990 4341 1989 4341 2986 4341 2986 4342 1989 4342 2987 4342 1989 4343 2988 4343 2987 4343 2987 4344 2988 4344 2989 4344 2457 4345 2989 4345 2455 4345 2989 4346 2988 4346 2455 4346 2455 4347 2988 4347 2307 4347 2988 4348 1989 4348 2307 4348 2307 4349 1989 4349 2305 4349 1989 4350 1991 4350 2305 4350 2305 4351 1991 4351 2302 4351 1991 4352 1992 4352 2302 4352 2302 4353 1992 4353 2300 4353 1992 4354 2309 4354 2300 4354 2300 4355 2309 4355 2448 4355 2309 4356 1965 4356 2448 4356 2448 4357 1965 4357 2447 4357 1965 4358 1967 4358 2447 4358 2447 4359 1967 4359 2446 4359 1967 4360 2990 4360 2446 4360 2446 4361 2990 4361 2978 4361 2990 4362 2991 4362 2978 4362 2978 4363 2991 4363 2977 4363 2991 4364 2992 4364 2977 4364 2977 4365 2992 4365 1958 4365 2992 4366 2468 4366 1958 4366 1958 4367 2468 4367 1959 4367 2468 4368 2464 4368 1959 4368 1959 4369 2464 4369 2475 4369 2464 4370 2466 4370 2475 4370 2475 4371 2466 4371 1905 4371 2334 4372 2316 4372 2333 4372 2316 4373 2317 4373 2333 4373 2333 4374 2317 4374 2331 4374 2317 4375 2318 4375 2331 4375 2331 4376 2318 4376 2341 4376 2318 4377 2954 4377 2341 4377 2341 4378 2954 4378 1985 4378 2954 4379 2956 4379 1985 4379 1985 4380 2956 4380 1986 4380 2956 4381 2958 4381 1986 4381 1986 4382 2958 4382 2979 4382 2958 4383 2960 4383 2979 4383 2979 4384 2960 4384 2980 4384 2960 4385 2962 4385 2980 4385 2980 4386 2962 4386 2981 4386 2962 4387 2964 4387 2981 4387 2981 4388 2964 4388 2982 4388 2964 4389 2966 4389 2982 4389 2982 4390 2966 4390 2983 4390 2966 4391 2968 4391 2983 4391 2983 4392 2968 4392 2984 4392 2968 4393 2970 4393 2984 4393 2984 4394 2970 4394 2985 4394 2970 4395 2972 4395 2985 4395 2985 4396 2972 4396 2457 4396 2972 4397 2973 4397 2457 4397 2457 4398 2973 4398 2989 4398 2973 4399 2974 4399 2989 4399 2989 4400 2974 4400 2987 4400 2974 4401 2975 4401 2987 4401 2987 4402 2975 4402 2986 4402 2975 4403 2976 4403 2986 4403 2986 4404 2976 4404 2312 4404 2993 4405 2725 4405 2994 4405 2725 4406 2724 4406 2994 4406 2994 4407 2724 4407 2995 4407 2724 4408 2358 4408 2995 4408 2995 4409 2358 4409 2996 4409 2358 4410 2357 4410 2996 4410 2996 4411 2357 4411 2997 4411 2357 4412 2354 4412 2997 4412 2997 4413 2354 4413 2365 4413 2354 4414 2353 4414 2365 4414 2365 4415 2353 4415 2363 4415 2353 4416 1977 4416 2363 4416 2363 4417 1977 4417 2361 4417 1977 4418 1979 4418 2361 4418 2361 4419 1979 4419 2360 4419 1979 4420 2751 4420 2360 4420 2360 4421 2751 4421 2481 4421 2751 4422 2753 4422 2481 4422 2481 4423 2753 4423 1971 4423 2753 4424 2754 4424 1971 4424 1971 4425 2754 4425 1972 4425 2754 4426 2741 4426 1972 4426 1972 4427 2741 4427 2386 4427 2741 4428 2740 4428 2386 4428 2386 4429 2740 4429 2371 4429 2740 4430 2780 4430 2371 4430 2371 4431 2780 4431 2372 4431 2780 4432 2791 4432 2372 4432 2372 4433 2791 4433 2814 4433 2791 4434 2790 4434 2814 4434 2814 4435 2790 4435 2812 4435 2790 4436 2789 4436 2812 4436 2812 4437 2789 4437 2810 4437 2789 4438 2788 4438 2810 4438 2810 4439 2788 4439 2808 4439 2788 4440 2787 4440 2808 4440 2808 4441 2787 4441 2806 4441 2787 4442 2786 4442 2806 4442 2806 4443 2786 4443 2804 4443 2786 4444 2785 4444 2804 4444 2804 4445 2785 4445 2802 4445 2785 4446 2760 4446 2802 4446 2802 4447 2760 4447 2767 4447 2760 4448 2759 4448 2767 4448 2767 4449 2759 4449 2768 4449 2089 4450 2048 4450 2111 4450 2048 4451 2050 4451 2111 4451 2111 4452 2050 4452 2112 4452 2050 4453 2052 4453 2112 4453 2112 4454 2052 4454 2113 4454 2052 4455 2173 4455 2113 4455 2113 4456 2173 4456 2114 4456 2173 4457 2172 4457 2114 4457 2114 4458 2172 4458 2115 4458 2172 4459 2171 4459 2115 4459 2115 4460 2171 4460 2116 4460 2171 4461 2170 4461 2116 4461 2116 4462 2170 4462 2117 4462 2170 4463 2169 4463 2117 4463 2117 4464 2169 4464 2118 4464 2169 4465 2168 4465 2118 4465 2118 4466 2168 4466 2204 4466 2168 4467 2167 4467 2204 4467 2204 4468 2167 4468 2203 4468 2167 4469 2178 4469 2203 4469 2203 4470 2178 4470 2202 4470 2178 4471 2177 4471 2202 4471 2202 4472 2177 4472 2201 4472 2177 4473 2175 4473 2201 4473 2201 4474 2175 4474 2200 4474 2175 4475 2174 4475 2200 4475 2200 4476 2174 4476 2199 4476 2174 4477 2220 4477 2199 4477 2199 4478 2220 4478 2198 4478 2220 4479 2219 4479 2198 4479 2198 4480 2219 4480 2197 4480 2219 4481 2217 4481 2197 4481 2197 4482 2217 4482 2196 4482 2217 4483 2216 4483 2196 4483 2196 4484 2216 4484 2195 4484 2216 4485 2283 4485 2195 4485 2195 4486 2283 4486 2194 4486 2283 4487 2282 4487 2194 4487 2194 4488 2282 4488 2231 4488 2282 4489 2281 4489 2231 4489 2231 4490 2281 4490 2238 4490 2281 4491 2280 4491 2238 4491 2238 4492 2280 4492 2236 4492 2280 4493 2279 4493 2236 4493 2236 4494 2279 4494 2004 4494 2279 4495 2278 4495 2004 4495 2004 4496 2278 4496 2001 4496 2278 4497 2277 4497 2001 4497 2001 4498 2277 4498 2002 4498 2277 4499 1993 4499 2002 4499 2002 4500 1993 4500 2290 4500 1993 4501 1995 4501 2290 4501 2290 4502 1995 4502 2289 4502 1995 4503 2258 4503 2289 4503 2289 4504 2258 4504 2334 4504 2258 4505 2259 4505 2334 4505 2334 4506 2259 4506 2316 4506 2259 4507 2260 4507 2316 4507 2316 4508 2260 4508 2315 4508 2260 4509 2261 4509 2315 4509 2315 4510 2261 4510 2313 4510 2261 4511 2262 4511 2313 4511 2313 4512 2262 4512 2297 4512 2262 4513 2263 4513 2297 4513 2297 4514 2263 4514 2298 4514 2263 4515 2912 4515 2298 4515 2298 4516 2912 4516 2952 4516 2912 4517 2913 4517 2952 4517 2952 4518 2913 4518 2951 4518 2913 4519 2914 4519 2951 4519 2951 4520 2914 4520 2949 4520 2914 4521 2916 4521 2949 4521 2949 4522 2916 4522 2947 4522 2916 4523 2918 4523 2947 4523 2947 4524 2918 4524 2945 4524 2918 4525 2920 4525 2945 4525 2945 4526 2920 4526 2933 4526 2920 4527 2922 4527 2933 4527 2933 4528 2922 4528 2865 4528 2922 4529 2924 4529 2865 4529 2865 4530 2924 4530 2863 4530 2924 4531 2926 4531 2863 4531 2863 4532 2926 4532 2832 4532 2926 4533 2928 4533 2832 4533 2832 4534 2928 4534 2833 4534 2928 4535 2930 4535 2833 4535 2833 4536 2930 4536 2829 4536 2930 4537 2932 4537 2829 4537 2829 4538 2932 4538 2830 4538 2701 4539 2708 4539 2702 4539 2708 4540 2823 4540 2702 4540 2702 4541 2823 4541 2690 4541 2823 4542 2710 4542 2690 4542 2690 4543 2710 4543 2691 4543 2710 4544 2709 4544 2691 4544 2691 4545 2709 4545 2695 4545 2709 4546 2714 4546 2695 4546 2695 4547 2714 4547 2693 4547 2714 4548 2715 4548 2693 4548 2693 4549 2715 4549 2685 4549 2715 4550 2717 4550 2685 4550 2685 4551 2717 4551 2687 4551 2717 4552 2719 4552 2687 4552 2687 4553 2719 4553 2681 4553 2719 4554 2721 4554 2681 4554 2681 4555 2721 4555 2682 4555 2721 4556 2723 4556 2682 4556 2682 4557 2723 4557 2848 4557 2723 4558 2725 4558 2848 4558 2848 4559 2725 4559 2846 4559 2725 4560 2993 4560 2846 4560 2846 4561 2993 4561 2852 4561 2672 4562 2998 4562 1907 4562 2998 4563 2999 4563 1907 4563 1907 4564 2999 4564 1908 4564 2999 4565 3000 4565 1908 4565 1908 4566 3000 4566 2669 4566 3000 4567 3001 4567 2669 4567 2669 4568 3001 4568 2670 4568 1914 4569 3002 4569 2667 4569 3002 4570 2671 4570 2667 4570 2667 4571 2671 4571 2660 4571 2671 4572 1912 4572 2660 4572 2660 4573 1912 4573 2659 4573 1912 4574 1910 4574 2659 4574 2659 4575 1910 4575 2658 4575 1910 4576 1907 4576 2658 4576 2658 4577 1907 4577 2657 4577 1907 4578 1909 4578 2657 4578 2657 4579 1909 4579 2649 4579 1909 4580 2668 4580 2649 4580 2649 4581 2668 4581 1905 4581 2859 4582 2850 4582 2857 4582 2850 4583 2852 4583 2857 4583 2857 4584 2852 4584 2976 4584 2852 4585 2993 4585 2976 4585 2976 4586 2993 4586 2312 4586 2993 4587 2994 4587 2312 4587 2312 4588 2994 4588 2311 4588 2994 4589 2995 4589 2311 4589 2311 4590 2995 4590 2310 4590 2995 4591 2996 4591 2310 4591 2310 4592 2996 4592 2308 4592 2996 4593 2997 4593 2308 4593 2308 4594 2997 4594 2432 4594 2997 4595 2365 4595 2432 4595 2432 4596 2365 4596 2430 4596 2365 4597 2364 4597 2430 4597 2430 4598 2364 4598 2431 4598 2364 4599 2367 4599 2431 4599 2431 4600 2367 4600 3003 4600 2367 4601 2368 4601 3003 4601 3003 4602 2368 4602 2427 4602 2368 4603 2369 4603 2427 4603 2427 4604 2369 4604 2428 4604 2369 4605 2485 4605 2428 4605 2428 4606 2485 4606 2556 4606 2485 4607 2487 4607 2556 4607 2556 4608 2487 4608 1957 4608 2487 4609 2489 4609 1957 4609 1957 4610 2489 4610 1955 4610 2489 4611 2491 4611 1955 4611 1955 4612 2491 4612 2479 4612 2491 4613 2492 4613 2479 4613 2479 4614 2492 4614 2480 4614 2492 4615 2620 4615 2480 4615 2480 4616 2620 4616 2515 4616 2620 4617 2520 4617 2515 4617 2515 4618 2520 4618 2516 4618 2520 4619 1951 4619 2516 4619 2516 4620 1951 4620 2517 4620 1951 4621 2666 4621 2517 4621 2517 4622 2666 4622 2518 4622 2666 4623 2570 4623 2518 4623 2518 4624 2570 4624 2568 4624 2570 4625 2571 4625 2568 4625 2568 4626 2571 4626 2569 4626 2571 4627 2572 4627 2569 4627 2569 4628 2572 4628 2566 4628 2572 4629 2577 4629 2566 4629 2566 4630 2577 4630 2567 4630 2577 4631 2578 4631 2567 4631 2567 4632 2578 4632 2474 4632 2578 4633 2573 4633 2474 4633 2474 4634 2573 4634 2473 4634 2573 4635 2469 4635 2473 4635 2473 4636 2469 4636 2463 4636 2469 4637 2468 4637 2463 4637 2463 4638 2468 4638 2462 4638 2468 4639 2992 4639 2462 4639 2462 4640 2992 4640 2460 4640 2992 4641 2991 4641 2460 4641 2460 4642 2991 4642 2458 4642 2991 4643 2990 4643 2458 4643 2458 4644 2990 4644 2444 4644 2990 4645 1967 4645 2444 4645 2444 4646 1967 4646 1964 4646 1967 4647 1966 4647 1964 4647 1964 4648 1966 4648 1963 4648 1966 4649 2429 4649 1963 4649 1963 4650 2429 4650 1961 4650 2429 4651 2431 4651 1961 4651 1961 4652 2431 4652 2435 4652 2431 4653 3003 4653 2435 4653 2435 4654 3003 4654 2427 4654 3004 4655 3005 4655 365 4655 3005 4655 369 4655 365 4655 3006 4656 379 4656 381 4656 383 4657 779 4657 384 4657 779 4658 3007 4658 384 4658 384 4659 3007 4659 385 4659 378 4660 782 4660 383 4660 782 4661 780 4661 383 4661 383 4662 780 4662 779 4662 3005 4663 3008 4663 369 4663 3008 4664 3009 4664 369 4664 369 4665 3009 4665 368 4665 3009 4666 3010 4666 368 4666 368 4667 3010 4667 366 4667 3010 4668 3011 4668 366 4668 366 4669 3011 4669 370 4669 3011 4670 3012 4670 370 4670 370 4671 3012 4671 371 4671 3012 4672 3013 4672 371 4672 371 4673 3013 4673 372 4673 3013 4674 3014 4674 372 4674 372 4675 3014 4675 3015 4675 3006 4664 3016 4664 379 4664 3016 4676 3004 4676 379 4676 379 4655 3004 4655 374 4655 3004 4655 365 4655 374 4655 374 4665 365 4665 375 4665 365 4677 364 4677 375 4677 375 4678 364 4678 376 4678 364 4679 363 4679 376 4679 376 4680 363 4680 377 4680 363 4681 362 4681 377 4681 377 4682 362 4682 378 4682 362 4683 361 4683 378 4683 378 4660 361 4660 782 4660 1373 4684 2824 4684 3017 4684 2824 4685 2871 4685 3017 4685 3017 4686 2871 4686 1781 4686 1781 4687 2871 4687 1714 4687 2871 4688 2873 4688 1714 4688 1714 4689 2873 4689 1715 4689 1715 4690 2873 4690 1716 4690 2873 4691 2875 4691 1716 4691 1716 4692 2875 4692 1709 4692 2875 4693 2877 4693 1709 4693 1709 4694 2877 4694 1710 4694 2877 4695 2879 4695 1710 4695 1710 4696 2879 4696 1712 4696 1712 4697 2879 4697 1713 4697 2879 4698 2881 4698 1713 4698 1713 4699 2881 4699 1705 4699 2881 4700 2882 4700 1705 4700 1705 4701 2882 4701 1706 4701 1706 4702 2882 4702 1708 4702 2882 4703 411 4703 1708 4703 1708 4704 411 4704 1651 4704 411 4705 3005 4705 1651 4705 3005 4705 3004 4705 1651 4705 1651 4705 3004 4705 1465 4705 3004 4705 1443 4705 1465 4705 1465 4706 1443 4706 1466 4706 1443 4707 2816 4707 1466 4707 1466 4708 2816 4708 1471 4708 2816 4709 2822 4709 1471 4709 1471 4710 2822 4710 1472 4710 2822 4711 2821 4711 1472 4711 1472 4712 2821 4712 1474 4712 2792 4713 1375 4713 2770 4713 1375 4714 421 4714 2770 4714 2770 4715 421 4715 2771 4715 2821 4716 2820 4716 1474 4716 2820 4717 2819 4717 1474 4717 1474 4718 2819 4718 1476 4718 2819 4719 2818 4719 1476 4719 1476 4720 2818 4720 1477 4720 2818 4721 2817 4721 1477 4721 1477 4722 2817 4722 1469 4722 2817 4723 2771 4723 1469 4723 1469 4724 2771 4724 1467 4724 2771 4725 421 4725 1467 4725 1467 4726 421 4726 423 4726 385 4727 3007 4727 382 4727 3007 4728 3018 4728 382 4728 382 4729 3018 4729 381 4729 3018 4730 3019 4730 381 4730 381 4731 3019 4731 3006 4731 2046 4732 2421 4732 2047 4732 2421 4733 2029 4733 2047 4733 2047 4733 2029 4733 2031 4733 2029 4734 783 4734 2031 4734 2031 4734 783 4734 408 4734 783 4735 782 4735 408 4735 408 4735 782 4735 3015 4735 782 4660 361 4660 3015 4660 3015 4660 361 4660 372 4660 2163 4736 1928 4736 2164 4736 1928 4736 2631 4736 2164 4736 2164 4737 2631 4737 2628 4737 2142 4738 2144 4738 2641 4738 2144 4739 2152 4739 2641 4739 2641 4740 2152 4740 2640 4740 2151 4741 2149 4741 2627 4741 2149 4742 2147 4742 2627 4742 2627 4743 2147 4743 2628 4743 2147 4743 2165 4743 2628 4743 2628 4737 2165 4737 2164 4737 2151 4744 2627 4744 2152 4744 2627 4745 2639 4745 2152 4745 2152 4746 2639 4746 2640 4746 1913 4747 2010 4747 2183 4747 2999 4748 2235 4748 2008 4748 2008 4749 2007 4749 2999 4749 2007 4750 2187 4750 2999 4750 2999 4750 2187 4750 3000 4750 2999 4751 2998 4751 2235 4751 2998 4752 2672 4752 2235 4752 2235 4753 2672 4753 2193 4753 2672 4753 2671 4753 2193 4753 2193 4754 2671 4754 2186 4754 2671 4754 3002 4754 2186 4754 2186 4755 3002 4755 2183 4755 3002 4755 1914 4755 2183 4755 2183 4747 1914 4747 1913 4747 2010 4756 1913 4756 2011 4756 1913 4756 2673 4756 2011 4756 2011 4757 2673 4757 2162 4757 2673 4758 2674 4758 2162 4758 2162 4759 2674 4759 2163 4759 2674 4760 1929 4760 2163 4760 2163 4761 1929 4761 1928 4761 2104 4762 2102 4762 2679 4762 2102 4763 2101 4763 2679 4763 2641 4764 2642 4764 2142 4764 2642 4765 2675 4765 2142 4765 2142 4766 2675 4766 2101 4766 2675 4766 2677 4766 2101 4766 2101 4763 2677 4763 2679 4763 2531 4767 2107 4767 2679 4767 2107 4768 2106 4768 2679 4768 2679 4769 2106 4769 2104 4769 2531 4770 2533 4770 2107 4770 2533 4771 2535 4771 2107 4771 2107 4772 2535 4772 2021 4772 2535 4772 2551 4772 2021 4772 2021 4773 2551 4773 2022 4773 2551 4773 2553 4773 2022 4773 2022 4774 2553 4774 2100 4774 2553 4774 2555 4774 2100 4774 2100 4775 2555 4775 2089 4775 2555 4775 1954 4775 2089 4775 2089 4776 1954 4776 2090 4776 1954 4776 2513 4776 2090 4776 2090 4777 2513 4777 2091 4777 2513 4777 2514 4777 2091 4777 2091 4778 2514 4778 2046 4778 2514 4778 2422 4778 2046 4778 2046 4732 2422 4732 2421 4732 2210 4779 1905 4779 2670 4779 2210 4780 2670 4780 2209 4780 2209 4781 2670 4781 2187 4781 2670 4782 3001 4782 2187 4782 2187 4783 3001 4783 3000 4783 367 45 372 45 360 45 372 45 361 45 360 45 3020 4784 3021 4784 3022 4784 2837 4785 2836 4785 3023 4785 1878 4786 1877 4786 3024 4786 1874 4787 2860 4787 3025 4787 3026 4788 3027 4788 3028 4788 2911 4789 1881 4789 3029 4789 1880 4790 1884 4790 3030 4790 3031 4791 3032 4791 3033 4791 2825 4792 2824 4792 3032 4792 3034 4793 3035 4793 3036 4793 3037 4794 3038 4794 3039 4794 3040 4795 3041 4795 3042 4795 1898 4796 1902 4796 3043 4796 1901 4797 2705 4797 3044 4797 2703 4798 2704 4798 3045 4798 2704 4799 2692 4799 3045 4799 3046 4800 3047 4800 3048 4800 3049 4801 3050 4801 3051 4801 3050 4802 3052 4802 3051 4802 3053 4803 3054 4803 3055 4803 3056 4804 3057 4804 3058 4804 3048 4805 3047 4805 3059 4805 3060 4806 3061 4806 3062 4806 3063 4807 3064 4807 3065 4807 3066 4808 3065 4808 3067 4808 3068 4809 3067 4809 3069 4809 3070 4810 3069 4810 3071 4810 3072 4811 3073 4811 3074 4811 3075 4812 3076 4812 3077 4812 3078 4813 3079 4813 3080 4813 3081 4814 3082 4814 3083 4814 3084 4815 3085 4815 3086 4815 3086 4816 3085 4816 3087 4816 3088 4817 3089 4817 3090 4817 3091 4818 3092 4818 3093 4818 3094 4819 3095 4819 3096 4819 3097 4820 3098 4820 3099 4820 3100 4821 3101 4821 3102 4821 3103 4822 3104 4822 3105 4822 3106 4823 3107 4823 3108 4823 3109 4824 3110 4824 3111 4824 3112 4825 3113 4825 3114 4825 3115 4826 3116 4826 3117 4826 3102 4827 3101 4827 3118 4827 3119 4828 3120 4828 3121 4828 3122 4829 3123 4829 3124 4829 3123 4830 3125 4830 3124 4830 3124 4831 3125 4831 3126 4831 3127 4832 3128 4832 3129 4832 3130 4833 3131 4833 3132 4833 3133 4834 3134 4834 3135 4834 3136 4835 3137 4835 3138 4835 3139 4836 3140 4836 3141 4836 3142 4837 3143 4837 3144 4837 3145 4838 3146 4838 3147 4838 3148 4839 3149 4839 3150 4839 3151 4840 3152 4840 3153 4840 3152 4841 3151 4841 3154 4841 3155 4842 3156 4842 3157 4842 3158 4843 3159 4843 3160 4843 3161 4844 3162 4844 3163 4844 3164 4845 3165 4845 3166 4845 3167 4846 3168 4846 3169 4846 3168 4847 3170 4847 3169 4847 3171 4848 3172 4848 3173 4848 3174 4849 3175 4849 3176 4849 3177 4850 3178 4850 3179 4850 3178 4851 3177 4851 3180 4851 3181 4852 3182 4852 3183 4852 3184 4853 3185 4853 3186 4853 3187 4854 3188 4854 3189 4854 3190 4855 3191 4855 3192 4855 3193 4856 3194 4856 3195 4856 3196 4857 3197 4857 3198 4857 3199 4858 3200 4858 3201 4858 3202 4859 3203 4859 3204 4859 3205 4860 3197 4860 3206 4860 3207 4861 3197 4861 3205 4861 3208 4862 3209 4862 3210 4862 3211 4863 3210 4863 3212 4863 3213 4864 3214 4864 3215 4864 3216 4865 3217 4865 3218 4865 3218 4866 3217 4866 3219 4866 3220 4867 3221 4867 3222 4867 3223 4868 3224 4868 3219 4868 3225 4869 3226 4869 3227 4869 3228 4870 3229 4870 3230 4870 3231 4871 3232 4871 3233 4871 3233 4872 3232 4872 3234 4872 3235 4873 3197 4873 3236 4873 3237 4874 3238 4874 3239 4874 3240 4875 3241 4875 3242 4875 3243 4876 3244 4876 3245 4876 3244 4877 3246 4877 3245 4877 3247 4878 3248 4878 3249 4878 3250 4879 3197 4879 3251 4879 3252 4880 3253 4880 3254 4880 3255 4881 3256 4881 3257 4881 3258 4882 3259 4882 3260 4882 3261 4883 3262 4883 3263 4883 3264 4884 3265 4884 3266 4884 3267 4885 3268 4885 3269 4885 3270 4886 3271 4886 3272 4886 3273 4887 3274 4887 3275 4887 3276 4888 3277 4888 3278 4888 3279 4889 3280 4889 3281 4889 3282 4890 3283 4890 3284 4890 3285 4891 3286 4891 3287 4891 3288 4892 3289 4892 3290 4892 3291 4893 3292 4893 3293 4893 3294 4894 3295 4894 3296 4894 3297 4895 3298 4895 3296 4895 3299 4896 3300 4896 3301 4896 3302 4897 3303 4897 3304 4897 3304 4898 3303 4898 3305 4898 3306 4899 3307 4899 3308 4899 3307 4900 3309 4900 3308 4900 3310 4901 3311 4901 3312 4901 3311 4902 3313 4902 3312 4902 3314 4903 3315 4903 3316 4903 3315 4904 3317 4904 3316 4904 3316 4905 3317 4905 3318 4905 3317 4906 3319 4906 3318 4906 3318 4907 3319 4907 3320 4907 3311 4908 3321 4908 3313 4908 3321 4909 3322 4909 3313 4909 3313 4910 3322 4910 3323 4910 3322 4911 3324 4911 3323 4911 3323 4912 3324 4912 3325 4912 3320 4913 3326 4913 3327 4913 3326 4914 3328 4914 3327 4914 3327 4915 3328 4915 3329 4915 3328 4916 3330 4916 3329 4916 3329 4917 3330 4917 3331 4917 3320 4918 3327 4918 3318 4918 3327 4919 3332 4919 3318 4919 3318 4920 3332 4920 3316 4920 3332 4921 3333 4921 3316 4921 3316 4922 3333 4922 3314 4922 3334 4923 3335 4923 3336 4923 3335 4924 3337 4924 3336 4924 3336 4925 3337 4925 3338 4925 3337 4926 3339 4926 3338 4926 3338 4927 3339 4927 3300 4927 3340 4928 3341 4928 3342 4928 3300 4929 3299 4929 3338 4929 3299 4930 3343 4930 3338 4930 3338 4931 3343 4931 3336 4931 3343 4932 3344 4932 3336 4932 3336 4933 3344 4933 3334 4933 3298 4934 3345 4934 3346 4934 3345 4935 3347 4935 3346 4935 3346 4936 3347 4936 3348 4936 3347 4937 3349 4937 3348 4937 3350 4938 3349 4938 3351 4938 3349 4939 3347 4939 3351 4939 3351 4940 3347 4940 3352 4940 3347 4941 3345 4941 3352 4941 3352 4942 3353 4942 3351 4942 3353 4943 3354 4943 3351 4943 3351 4944 3354 4944 3350 4944 3354 4945 3355 4945 3350 4945 3350 4946 3355 4946 3356 4946 3355 4947 3357 4947 3356 4947 3341 4948 3340 4948 3358 4948 3340 4949 3359 4949 3358 4949 3358 4950 3359 4950 3360 4950 3359 4951 3361 4951 3360 4951 3360 4952 3361 4952 3362 4952 3298 4953 3297 4953 3345 4953 3297 4954 3363 4954 3345 4954 3345 4955 3363 4955 3352 4955 3363 4956 3364 4956 3352 4956 3352 4957 3364 4957 3353 4957 3364 4958 3365 4958 3353 4958 3353 4959 3365 4959 3354 4959 3296 4960 3295 4960 3297 4960 3295 4961 3366 4961 3297 4961 3297 4962 3366 4962 3363 4962 3366 4963 3367 4963 3363 4963 3363 4964 3367 4964 3364 4964 3367 4965 3368 4965 3364 4965 3364 4966 3368 4966 3365 4966 3368 4967 3362 4967 3365 4967 3365 4968 3362 4968 3354 4968 3362 4969 3361 4969 3354 4969 3354 4970 3361 4970 3355 4970 3361 4971 3359 4971 3355 4971 3355 4972 3359 4972 3357 4972 3369 4973 3370 4973 3371 4973 3370 4974 3372 4974 3371 4974 3371 4975 3372 4975 3373 4975 3372 4976 3374 4976 3373 4976 3373 4977 3374 4977 3292 4977 3292 4978 3291 4978 3373 4978 3291 4979 3375 4979 3373 4979 3373 4980 3375 4980 3371 4980 3375 4981 3376 4981 3371 4981 3371 4982 3376 4982 3369 4982 3376 4983 3377 4983 3369 4983 3369 4984 3377 4984 3378 4984 3377 4985 3379 4985 3378 4985 3378 4986 3379 4986 3380 4986 3379 4987 3381 4987 3380 4987 3380 4988 3381 4988 3382 4988 3383 4989 3384 4989 3385 4989 3384 4990 3386 4990 3385 4990 3385 4991 3386 4991 3387 4991 3388 4992 3389 4992 3390 4992 3389 4993 3391 4993 3390 4993 3390 4994 3391 4994 3392 4994 3391 4995 3393 4995 3392 4995 3394 4996 3395 4996 3396 4996 3395 4997 3397 4997 3396 4997 3284 4998 3398 4998 3399 4998 3398 4999 3342 4999 3399 4999 3399 5000 3342 5000 3400 5000 3342 5001 3341 5001 3400 5001 3400 5002 3341 5002 3401 5002 3341 5003 3358 5003 3401 5003 3401 5004 3358 5004 3382 5004 3402 5005 3403 5005 3404 5005 3403 5006 3386 5006 3404 5006 3404 5007 3386 5007 3405 5007 3386 5008 3384 5008 3405 5008 3405 5009 3384 5009 3406 5009 3384 5010 3383 5010 3406 5010 3406 5011 3383 5011 3397 5011 3383 5012 3407 5012 3397 5012 3397 5013 3407 5013 3396 5013 3408 5014 3409 5014 3410 5014 3409 5015 3411 5015 3410 5015 3410 5016 3411 5016 3412 5016 3413 5017 3414 5017 3415 5017 3414 5018 3416 5018 3415 5018 3415 5019 3416 5019 3408 5019 3408 5020 3410 5020 3415 5020 3410 5021 3417 5021 3415 5021 3415 5022 3417 5022 3413 5022 3283 5023 3282 5023 3418 5023 3419 5024 3420 5024 3421 5024 3420 5025 3422 5025 3421 5025 3421 5026 3422 5026 3423 5026 3422 5027 3424 5027 3423 5027 3423 5028 3424 5028 3425 5028 3296 5029 3426 5029 3294 5029 3426 5030 3427 5030 3294 5030 3294 5031 3427 5031 3428 5031 3427 5032 3429 5032 3428 5032 3428 5033 3429 5033 3430 5033 3429 5034 3431 5034 3430 5034 3430 5035 3431 5035 3432 5035 3286 5036 3285 5036 3433 5036 3285 5037 3434 5037 3433 5037 3433 5038 3434 5038 3435 5038 3431 5039 3436 5039 3432 5039 3436 5040 3437 5040 3432 5040 3432 5041 3437 5041 3438 5041 3437 5042 3439 5042 3438 5042 3438 5043 3439 5043 3440 5043 3439 5044 3441 5044 3440 5044 3440 5045 3441 5045 3442 5045 3441 5046 3443 5046 3442 5046 3442 5047 3443 5047 3444 5047 3443 5048 3445 5048 3444 5048 3444 5049 3445 5049 3446 5049 3445 5050 3447 5050 3446 5050 3446 5051 3447 5051 3448 5051 3447 5052 3449 5052 3448 5052 3448 5053 3449 5053 3450 5053 3449 5054 3451 5054 3450 5054 3450 5055 3451 5055 3452 5055 3451 5056 3453 5056 3452 5056 3452 5057 3453 5057 3454 5057 3435 5058 3455 5058 3456 5058 3455 5059 3457 5059 3456 5059 3456 5060 3457 5060 3458 5060 3457 5061 3459 5061 3458 5061 3458 5062 3459 5062 3460 5062 3459 5063 3461 5063 3460 5063 3460 5064 3461 5064 3462 5064 3461 5065 3463 5065 3462 5065 3462 5066 3463 5066 3464 5066 3463 5067 3465 5067 3464 5067 3464 5068 3465 5068 3466 5068 3465 5069 3467 5069 3466 5069 3466 5070 3467 5070 3468 5070 3467 5071 3469 5071 3468 5071 3468 5072 3469 5072 3470 5072 3469 5073 3471 5073 3470 5073 3470 5074 3471 5074 3472 5074 3471 5075 3473 5075 3472 5075 3472 5076 3473 5076 3474 5076 3473 5077 3475 5077 3474 5077 3474 5078 3475 5078 3476 5078 3288 5079 3290 5079 3477 5079 3290 5080 3478 5080 3477 5080 3477 5081 3478 5081 3479 5081 3478 5082 3480 5082 3479 5082 3479 5083 3480 5083 3481 5083 3480 5084 3482 5084 3481 5084 3481 5085 3482 5085 3483 5085 3482 5086 3484 5086 3483 5086 3483 5087 3484 5087 3485 5087 3484 5088 3486 5088 3485 5088 3485 5089 3486 5089 3487 5089 3488 5090 3489 5090 3490 5090 3489 5091 3491 5091 3490 5091 3490 5092 3491 5092 3492 5092 3393 5093 3492 5093 3392 5093 3492 5094 3491 5094 3392 5094 3392 5095 3491 5095 3493 5095 3491 5096 3489 5096 3493 5096 3494 5097 3495 5097 3496 5097 3495 5098 3497 5098 3496 5098 3496 5099 3497 5099 3394 5099 3488 5100 3494 5100 3489 5100 3494 5101 3496 5101 3489 5101 3489 5102 3496 5102 3493 5102 3496 5103 3394 5103 3493 5103 3493 5104 3394 5104 3392 5104 3394 5105 3396 5105 3392 5105 3392 5106 3396 5106 3390 5106 3396 5107 3407 5107 3390 5107 3390 5108 3407 5108 3388 5108 3407 5109 3383 5109 3388 5109 3498 5110 3289 5110 3389 5110 3289 5111 3288 5111 3389 5111 3389 5112 3288 5112 3391 5112 3288 5113 3477 5113 3391 5113 3391 5114 3477 5114 3393 5114 3477 5115 3479 5115 3393 5115 3393 5116 3479 5116 3492 5116 3479 5117 3481 5117 3492 5117 3492 5118 3481 5118 3490 5118 3481 5119 3483 5119 3490 5119 3490 5120 3483 5120 3488 5120 3483 5121 3485 5121 3488 5121 3488 5122 3485 5122 3494 5122 3485 5123 3487 5123 3494 5123 3494 5124 3487 5124 3495 5124 3499 5125 3500 5125 3501 5125 3500 5126 3502 5126 3501 5126 3501 5127 3502 5127 3503 5127 3502 5128 3504 5128 3503 5128 3503 5129 3504 5129 3505 5129 3506 5130 3505 5130 3507 5130 3505 5131 3504 5131 3507 5131 3507 5132 3504 5132 3508 5132 3504 5133 3502 5133 3508 5133 3508 5134 3502 5134 3509 5134 3502 5135 3500 5135 3509 5135 3509 5136 3500 5136 3510 5136 3500 5137 3499 5137 3510 5137 3510 5138 3499 5138 3511 5138 3499 5139 3512 5139 3511 5139 3511 5140 3512 5140 3412 5140 3513 5141 3514 5141 3515 5141 3516 5142 3517 5142 3518 5142 3516 5143 3518 5143 3519 5143 3519 5144 3520 5144 3516 5144 3520 5145 3279 5145 3516 5145 3516 5146 3279 5146 3521 5146 3279 5147 3281 5147 3521 5147 3521 5148 3281 5148 3522 5148 3523 5149 3524 5149 3525 5149 3524 5150 3526 5150 3525 5150 3268 5151 3267 5151 3527 5151 3267 5152 3528 5152 3527 5152 3527 5153 3528 5153 3529 5153 3280 5154 3279 5154 3530 5154 3279 5155 3520 5155 3530 5155 3530 5156 3520 5156 3531 5156 3453 5157 3532 5157 3454 5157 3532 5158 3533 5158 3454 5158 3454 5159 3533 5159 3534 5159 3533 5160 3535 5160 3534 5160 3534 5161 3535 5161 3536 5161 3537 5162 3277 5162 3538 5162 3277 5163 3276 5163 3538 5163 3538 5164 3276 5164 3539 5164 3382 5165 3358 5165 3380 5165 3358 5166 3360 5166 3380 5166 3380 5167 3360 5167 3378 5167 3360 5168 3362 5168 3378 5168 3378 5169 3362 5169 3369 5169 3362 5170 3368 5170 3369 5170 3369 5171 3368 5171 3370 5171 3368 5172 3367 5172 3370 5172 3370 5173 3367 5173 3372 5173 3367 5174 3366 5174 3372 5174 3372 5175 3366 5175 3374 5175 3366 5176 3295 5176 3374 5176 3374 5177 3295 5177 3292 5177 3295 5178 3294 5178 3292 5178 3292 5179 3294 5179 3293 5179 3294 5180 3428 5180 3293 5180 3293 5181 3428 5181 3540 5181 3428 5182 3430 5182 3540 5182 3540 5183 3430 5183 3541 5183 3430 5184 3432 5184 3541 5184 3541 5185 3432 5185 3542 5185 3432 5186 3438 5186 3542 5186 3542 5187 3438 5187 3543 5187 3438 5188 3440 5188 3543 5188 3543 5189 3440 5189 3544 5189 3440 5190 3442 5190 3544 5190 3544 5191 3442 5191 3545 5191 3442 5192 3444 5192 3545 5192 3545 5193 3444 5193 3546 5193 3444 5194 3446 5194 3546 5194 3546 5195 3446 5195 3547 5195 3446 5196 3448 5196 3547 5196 3547 5197 3448 5197 3548 5197 3448 5198 3450 5198 3548 5198 3548 5199 3450 5199 3549 5199 3450 5200 3452 5200 3549 5200 3549 5201 3452 5201 3550 5201 3452 5202 3454 5202 3550 5202 3550 5203 3454 5203 3539 5203 3454 5204 3534 5204 3539 5204 3539 5205 3534 5205 3538 5205 3534 5206 3536 5206 3538 5206 3538 5207 3536 5207 3537 5207 3551 5208 3552 5208 3553 5208 3476 5209 3554 5209 3474 5209 3554 5210 3555 5210 3474 5210 3474 5211 3555 5211 3472 5211 3555 5212 3556 5212 3472 5212 3472 5213 3556 5213 3470 5213 3556 5214 3557 5214 3470 5214 3470 5215 3557 5215 3468 5215 3557 5216 3558 5216 3468 5216 3468 5217 3558 5217 3466 5217 3558 5218 3559 5218 3466 5218 3466 5219 3559 5219 3464 5219 3559 5220 3560 5220 3464 5220 3464 5221 3560 5221 3462 5221 3560 5222 3561 5222 3462 5222 3462 5223 3561 5223 3460 5223 3561 5224 3562 5224 3460 5224 3460 5225 3562 5225 3458 5225 3562 5226 3563 5226 3458 5226 3458 5227 3563 5227 3456 5227 3434 5228 3564 5228 3435 5228 3564 5229 3565 5229 3435 5229 3435 5230 3565 5230 3455 5230 3565 5231 3566 5231 3455 5231 3455 5232 3566 5232 3457 5232 3566 5233 3567 5233 3457 5233 3457 5234 3567 5234 3459 5234 3567 5235 3568 5235 3459 5235 3459 5236 3568 5236 3461 5236 3568 5237 3569 5237 3461 5237 3461 5238 3569 5238 3463 5238 3569 5239 3570 5239 3463 5239 3463 5240 3570 5240 3465 5240 3570 5241 3571 5241 3465 5241 3465 5242 3571 5242 3467 5242 3571 5243 3572 5243 3467 5243 3467 5244 3572 5244 3469 5244 3572 5245 3573 5245 3469 5245 3469 5246 3573 5246 3471 5246 3573 5247 3574 5247 3471 5247 3471 5248 3574 5248 3473 5248 3574 5249 3575 5249 3473 5249 3473 5250 3575 5250 3475 5250 3575 5251 3576 5251 3475 5251 3475 5252 3576 5252 3476 5252 3576 5253 3577 5253 3476 5253 3578 5254 3287 5254 3579 5254 3287 5255 3286 5255 3579 5255 3579 5256 3286 5256 3580 5256 3286 5257 3433 5257 3580 5257 3580 5258 3433 5258 3581 5258 3433 5259 3435 5259 3581 5259 3581 5260 3435 5260 3582 5260 3435 5261 3456 5261 3582 5261 3582 5262 3456 5262 3583 5262 3456 5263 3563 5263 3583 5263 3583 5264 3563 5264 3584 5264 3563 5265 3562 5265 3584 5265 3584 5266 3562 5266 3585 5266 3562 5267 3561 5267 3585 5267 3585 5268 3561 5268 3586 5268 3561 5269 3560 5269 3586 5269 3586 5270 3560 5270 3587 5270 3560 5271 3559 5271 3587 5271 3587 5272 3559 5272 3588 5272 3559 5273 3558 5273 3588 5273 3588 5274 3558 5274 3589 5274 3558 5275 3557 5275 3589 5275 3589 5276 3557 5276 3590 5276 3557 5277 3556 5277 3590 5277 3590 5278 3556 5278 3591 5278 3556 5279 3555 5279 3591 5279 3591 5280 3555 5280 3592 5280 3555 5281 3554 5281 3592 5281 3593 5282 3594 5282 3595 5282 3594 5283 3596 5283 3595 5283 3595 5284 3596 5284 3597 5284 3596 5285 3598 5285 3597 5285 3597 5286 3598 5286 3599 5286 3498 5287 3578 5287 3289 5287 3578 5288 3579 5288 3289 5288 3289 5289 3579 5289 3290 5289 3579 5290 3580 5290 3290 5290 3290 5291 3580 5291 3478 5291 3580 5292 3581 5292 3478 5292 3478 5293 3581 5293 3480 5293 3581 5294 3582 5294 3480 5294 3480 5295 3582 5295 3482 5295 3582 5296 3583 5296 3482 5296 3482 5297 3583 5297 3484 5297 3583 5298 3584 5298 3484 5298 3484 5299 3584 5299 3486 5299 3584 5300 3585 5300 3486 5300 3486 5301 3585 5301 3600 5301 3585 5302 3586 5302 3600 5302 3600 5303 3586 5303 3601 5303 3586 5304 3587 5304 3601 5304 3601 5305 3587 5305 3602 5305 3587 5306 3588 5306 3602 5306 3602 5307 3588 5307 3603 5307 3588 5308 3589 5308 3603 5308 3603 5309 3589 5309 3604 5309 3589 5310 3590 5310 3604 5310 3604 5311 3590 5311 3605 5311 3590 5312 3591 5312 3605 5312 3605 5313 3591 5313 3606 5313 3591 5314 3592 5314 3606 5314 3606 5315 3592 5315 3607 5315 3608 5316 3609 5316 3610 5316 3611 5317 3553 5317 3612 5317 3553 5318 3552 5318 3612 5318 3612 5319 3552 5319 3613 5319 3614 5320 3615 5320 3616 5320 3615 5321 3610 5321 3616 5321 3616 5322 3610 5322 3617 5322 3610 5323 3609 5323 3617 5323 3617 5324 3609 5324 3551 5324 3618 5325 3619 5325 3620 5325 3619 5326 3621 5326 3620 5326 3620 5327 3621 5327 3622 5327 3621 5328 3608 5328 3622 5328 3623 5329 3624 5329 3625 5329 3624 5330 3626 5330 3625 5330 3625 5331 3626 5331 3627 5331 3626 5332 3628 5332 3627 5332 3627 5333 3628 5333 3629 5333 3628 5334 3577 5334 3629 5334 3629 5335 3577 5335 3278 5335 3577 5336 3576 5336 3278 5336 3278 5337 3576 5337 3276 5337 3576 5338 3575 5338 3276 5338 3276 5339 3575 5339 3539 5339 3575 5340 3574 5340 3539 5340 3539 5341 3574 5341 3550 5341 3574 5342 3573 5342 3550 5342 3550 5343 3573 5343 3549 5343 3573 5344 3572 5344 3549 5344 3549 5345 3572 5345 3548 5345 3572 5346 3571 5346 3548 5346 3548 5347 3571 5347 3547 5347 3571 5348 3570 5348 3547 5348 3547 5349 3570 5349 3546 5349 3570 5350 3569 5350 3546 5350 3546 5351 3569 5351 3545 5351 3569 5352 3568 5352 3545 5352 3545 5353 3568 5353 3544 5353 3568 5354 3567 5354 3544 5354 3544 5355 3567 5355 3543 5355 3567 5356 3566 5356 3543 5356 3543 5357 3566 5357 3542 5357 3566 5358 3565 5358 3542 5358 3542 5359 3565 5359 3541 5359 3565 5360 3564 5360 3541 5360 3541 5361 3564 5361 3540 5361 3564 5362 3434 5362 3540 5362 3540 5363 3434 5363 3293 5363 3434 5364 3285 5364 3293 5364 3293 5365 3285 5365 3291 5365 3285 5366 3287 5366 3291 5366 3291 5367 3287 5367 3375 5367 3287 5368 3578 5368 3375 5368 3375 5369 3578 5369 3376 5369 3578 5370 3498 5370 3376 5370 3376 5371 3498 5371 3377 5371 3498 5372 3389 5372 3377 5372 3377 5373 3389 5373 3379 5373 3389 5374 3388 5374 3379 5374 3379 5375 3388 5375 3381 5375 3388 5376 3383 5376 3381 5376 3381 5377 3383 5377 3382 5377 3383 5378 3385 5378 3382 5378 3382 5379 3385 5379 3401 5379 3385 5380 3387 5380 3401 5380 3401 5381 3387 5381 3400 5381 3387 5382 3386 5382 3400 5382 3400 5383 3386 5383 3399 5383 3386 5384 3403 5384 3399 5384 3399 5385 3403 5385 3284 5385 3403 5386 3402 5386 3284 5386 3284 5387 3402 5387 3282 5387 3630 5388 3274 5388 3631 5388 3274 5389 3273 5389 3631 5389 3631 5390 3273 5390 3614 5390 3607 5391 3593 5391 3632 5391 3593 5392 3595 5392 3632 5392 3632 5393 3595 5393 3633 5393 3595 5394 3597 5394 3633 5394 3633 5395 3597 5395 3634 5395 3597 5396 3599 5396 3634 5396 3634 5397 3599 5397 3635 5397 3599 5398 3636 5398 3635 5398 3531 5399 3637 5399 3638 5399 3639 5400 3640 5400 3641 5400 3640 5401 3642 5401 3641 5401 3641 5402 3642 5402 3643 5402 3642 5403 3644 5403 3643 5403 3643 5404 3644 5404 3645 5404 3640 5405 3646 5405 3642 5405 3646 5406 3647 5406 3642 5406 3642 5407 3647 5407 3644 5407 3647 5408 3638 5408 3644 5408 3644 5409 3638 5409 3645 5409 3638 5410 3637 5410 3645 5410 3648 5411 3649 5411 3650 5411 3649 5412 3651 5412 3650 5412 3650 5413 3651 5413 3652 5413 3651 5414 3647 5414 3652 5414 3647 5415 3646 5415 3652 5415 3652 5416 3646 5416 3653 5416 3646 5417 3640 5417 3653 5417 3653 5418 3640 5418 3654 5418 3640 5419 3639 5419 3654 5419 3654 5420 3639 5420 3655 5420 3515 5421 3514 5421 3656 5421 3514 5422 3657 5422 3656 5422 3656 5423 3657 5423 3658 5423 3657 5424 3659 5424 3658 5424 3658 5425 3659 5425 3660 5425 3659 5426 3661 5426 3660 5426 3660 5427 3661 5427 3662 5427 3661 5428 3663 5428 3662 5428 3662 5429 3663 5429 3664 5429 3663 5430 3665 5430 3664 5430 3664 5431 3665 5431 3666 5431 3665 5432 3667 5432 3666 5432 3666 5433 3667 5433 3668 5433 3667 5434 3669 5434 3668 5434 3668 5435 3669 5435 3670 5435 3669 5436 3671 5436 3670 5436 3670 5437 3671 5437 3672 5437 3671 5438 3673 5438 3672 5438 3672 5439 3673 5439 3674 5439 3673 5440 3675 5440 3674 5440 3674 5441 3675 5441 3676 5441 3676 5442 3677 5442 3674 5442 3677 5443 3678 5443 3674 5443 3674 5444 3678 5444 3672 5444 3678 5445 3679 5445 3672 5445 3672 5446 3679 5446 3670 5446 3679 5447 3680 5447 3670 5447 3670 5448 3680 5448 3668 5448 3680 5449 3681 5449 3668 5449 3668 5450 3681 5450 3666 5450 3681 5451 3682 5451 3666 5451 3666 5452 3682 5452 3664 5452 3682 5453 3683 5453 3664 5453 3664 5454 3683 5454 3662 5454 3683 5455 3684 5455 3662 5455 3662 5456 3684 5456 3660 5456 3684 5457 3685 5457 3660 5457 3660 5458 3685 5458 3658 5458 3685 5459 3686 5459 3658 5459 3658 5460 3686 5460 3656 5460 3686 5461 3687 5461 3656 5461 3656 5462 3687 5462 3515 5462 3688 5463 3689 5463 3690 5463 3689 5464 3691 5464 3690 5464 3690 5465 3691 5465 3692 5465 3691 5466 3693 5466 3692 5466 3692 5467 3693 5467 3694 5467 3693 5468 3695 5468 3694 5468 3694 5469 3695 5469 3696 5469 3697 5470 3698 5470 3699 5470 3698 5471 3700 5471 3699 5471 3699 5472 3700 5472 3701 5472 3700 5473 3702 5473 3701 5473 3701 5474 3702 5474 3703 5474 3704 5475 3698 5475 3705 5475 3698 5476 3697 5476 3705 5476 3705 5477 3697 5477 3706 5477 3697 5478 3707 5478 3706 5478 3704 5479 3708 5479 3698 5479 3708 5480 3271 5480 3698 5480 3698 5481 3271 5481 3700 5481 3271 5482 3270 5482 3700 5482 3700 5483 3270 5483 3702 5483 3709 5484 3710 5484 3711 5484 3709 5485 3712 5485 3710 5485 3712 5486 3713 5486 3710 5486 3710 5487 3713 5487 3714 5487 3713 5488 3715 5488 3714 5488 3269 5489 3716 5489 3267 5489 3716 5490 3525 5490 3267 5490 3267 5491 3525 5491 3528 5491 3525 5492 3526 5492 3528 5492 3528 5493 3526 5493 3529 5493 3529 5494 3717 5494 3527 5494 3717 5495 3718 5495 3527 5495 3527 5496 3718 5496 3268 5496 3718 5497 3719 5497 3268 5497 3268 5498 3719 5498 3269 5498 3719 5499 3720 5499 3269 5499 3269 5500 3720 5500 3721 5500 3721 5501 3722 5501 3269 5501 3722 5502 3723 5502 3269 5502 3269 5503 3723 5503 3716 5503 3717 5504 3724 5504 3718 5504 3724 5505 3725 5505 3718 5505 3718 5506 3725 5506 3719 5506 3725 5507 3726 5507 3719 5507 3719 5508 3726 5508 3720 5508 3726 5509 3727 5509 3720 5509 3720 5510 3727 5510 3721 5510 3727 5511 3728 5511 3721 5511 3721 5512 3728 5512 3722 5512 3728 5513 3729 5513 3722 5513 3722 5514 3729 5514 3730 5514 3731 5515 3732 5515 3733 5515 3732 5516 3731 5516 3417 5516 3731 5517 3734 5517 3417 5517 3417 5518 3734 5518 3413 5518 3734 5519 3735 5519 3413 5519 3413 5520 3735 5520 3414 5520 3736 5521 3737 5521 3738 5521 3737 5522 3739 5522 3738 5522 3740 5523 3414 5523 3741 5523 3414 5524 3735 5524 3741 5524 3741 5525 3735 5525 3742 5525 3735 5526 3734 5526 3742 5526 3742 5527 3734 5527 3738 5527 3734 5528 3731 5528 3738 5528 3738 5529 3731 5529 3736 5529 3731 5530 3733 5530 3736 5530 3736 5531 3733 5531 3737 5531 3499 5532 3711 5532 3512 5532 3711 5533 3710 5533 3512 5533 3512 5534 3710 5534 3412 5534 3710 5535 3714 5535 3412 5535 3412 5536 3714 5536 3410 5536 3714 5537 3715 5537 3410 5537 3410 5538 3715 5538 3417 5538 3715 5539 3713 5539 3417 5539 3417 5540 3713 5540 3732 5540 3713 5541 3712 5541 3732 5541 3732 5542 3712 5542 3733 5542 3712 5543 3264 5543 3733 5543 3733 5544 3264 5544 3737 5544 3264 5545 3266 5545 3737 5545 3737 5546 3266 5546 3739 5546 3743 5547 3730 5547 3744 5547 3730 5548 3729 5548 3744 5548 3744 5549 3729 5549 3745 5549 3729 5550 3728 5550 3745 5550 3745 5551 3728 5551 3746 5551 3728 5552 3727 5552 3746 5552 3746 5553 3727 5553 3747 5553 3727 5554 3726 5554 3747 5554 3747 5555 3726 5555 3748 5555 3726 5556 3725 5556 3748 5556 3748 5557 3725 5557 3749 5557 3725 5558 3724 5558 3749 5558 3749 5559 3724 5559 3750 5559 3724 5560 3717 5560 3750 5560 3750 5561 3717 5561 3751 5561 3717 5562 3529 5562 3751 5562 3751 5563 3529 5563 3752 5563 3529 5564 3526 5564 3752 5564 3752 5565 3526 5565 3753 5565 3526 5566 3524 5566 3753 5566 3753 5567 3524 5567 3754 5567 3524 5568 3523 5568 3754 5568 3754 5569 3523 5569 3755 5569 3756 5570 3648 5570 3757 5570 3648 5571 3650 5571 3757 5571 3757 5572 3650 5572 3688 5572 3650 5573 3652 5573 3688 5573 3688 5574 3652 5574 3689 5574 3652 5575 3653 5575 3689 5575 3689 5576 3653 5576 3691 5576 3653 5577 3654 5577 3691 5577 3691 5578 3654 5578 3693 5578 3654 5579 3655 5579 3693 5579 3693 5580 3655 5580 3695 5580 3758 5581 3756 5581 3759 5581 3756 5582 3757 5582 3759 5582 3759 5583 3757 5583 3760 5583 3757 5584 3688 5584 3760 5584 3760 5585 3688 5585 3707 5585 3688 5586 3690 5586 3707 5586 3707 5587 3690 5587 3706 5587 3690 5588 3692 5588 3706 5588 3706 5589 3692 5589 3705 5589 3692 5590 3694 5590 3705 5590 3705 5591 3694 5591 3704 5591 3694 5592 3696 5592 3704 5592 3704 5593 3696 5593 3708 5593 3755 5594 3522 5594 3754 5594 3522 5595 3281 5595 3754 5595 3754 5596 3281 5596 3753 5596 3281 5597 3280 5597 3753 5597 3753 5598 3280 5598 3752 5598 3280 5599 3530 5599 3752 5599 3752 5600 3530 5600 3751 5600 3530 5601 3531 5601 3751 5601 3751 5602 3531 5602 3750 5602 3531 5603 3638 5603 3750 5603 3750 5604 3638 5604 3749 5604 3638 5605 3647 5605 3749 5605 3749 5606 3647 5606 3748 5606 3647 5607 3651 5607 3748 5607 3748 5608 3651 5608 3747 5608 3651 5609 3649 5609 3747 5609 3747 5610 3649 5610 3746 5610 3649 5611 3648 5611 3746 5611 3746 5612 3648 5612 3745 5612 3648 5613 3756 5613 3745 5613 3745 5614 3756 5614 3744 5614 3756 5615 3758 5615 3744 5615 3744 5616 3758 5616 3743 5616 3265 5617 3761 5617 3762 5617 3763 5618 3764 5618 3761 5618 3764 5619 3763 5619 3765 5619 3763 5620 3766 5620 3765 5620 3765 5621 3766 5621 3767 5621 3766 5622 3768 5622 3767 5622 3767 5623 3768 5623 3769 5623 3768 5624 3770 5624 3769 5624 3769 5625 3770 5625 3771 5625 3262 5626 3261 5626 3772 5626 3261 5627 3773 5627 3772 5627 3772 5628 3773 5628 3774 5628 3773 5629 3775 5629 3774 5629 3774 5630 3775 5630 3776 5630 3777 5631 3778 5631 3779 5631 3778 5632 3780 5632 3779 5632 3779 5633 3780 5633 3781 5633 3780 5634 3782 5634 3781 5634 3781 5635 3782 5635 3783 5635 3784 5636 3785 5636 3786 5636 3785 5637 3787 5637 3786 5637 3786 5638 3787 5638 3788 5638 3787 5639 3789 5639 3788 5639 3788 5640 3789 5640 3783 5640 3777 5641 3790 5641 3778 5641 3790 5642 3791 5642 3778 5642 3778 5643 3791 5643 3780 5643 3791 5644 3792 5644 3780 5644 3780 5645 3792 5645 3782 5645 3792 5646 3793 5646 3782 5646 3782 5647 3793 5647 3783 5647 3793 5648 3794 5648 3783 5648 3783 5649 3794 5649 3788 5649 3794 5650 3795 5650 3788 5650 3788 5651 3795 5651 3786 5651 3795 5652 3796 5652 3786 5652 3786 5653 3796 5653 3784 5653 3265 5654 3762 5654 3266 5654 3762 5655 3797 5655 3266 5655 3266 5656 3797 5656 3739 5656 3797 5657 3798 5657 3739 5657 3739 5658 3798 5658 3738 5658 3798 5659 3799 5659 3738 5659 3738 5660 3799 5660 3742 5660 3799 5661 3800 5661 3742 5661 3742 5662 3800 5662 3741 5662 3551 5663 3553 5663 3617 5663 3553 5664 3611 5664 3617 5664 3617 5665 3611 5665 3616 5665 3611 5666 3801 5666 3616 5666 3616 5667 3801 5667 3614 5667 3801 5668 3802 5668 3614 5668 3614 5669 3802 5669 3631 5669 3802 5670 3803 5670 3631 5670 3631 5671 3803 5671 3630 5671 3803 5672 3804 5672 3630 5672 3630 5673 3804 5673 3805 5673 3256 5674 3255 5674 3806 5674 3255 5675 3807 5675 3806 5675 3806 5676 3807 5676 3808 5676 3809 5677 3275 5677 3810 5677 3275 5678 3274 5678 3810 5678 3810 5679 3274 5679 3811 5679 3274 5680 3630 5680 3811 5680 3811 5681 3630 5681 3807 5681 3630 5682 3805 5682 3807 5682 3807 5683 3805 5683 3808 5683 3608 5684 3610 5684 3622 5684 3610 5685 3615 5685 3622 5685 3622 5686 3615 5686 3620 5686 3615 5687 3614 5687 3620 5687 3620 5688 3614 5688 3618 5688 3614 5689 3273 5689 3618 5689 3618 5690 3273 5690 3812 5690 3273 5691 3275 5691 3812 5691 3812 5692 3275 5692 3813 5692 3275 5693 3809 5693 3813 5693 3813 5694 3809 5694 3814 5694 3535 5695 3613 5695 3536 5695 3613 5696 3552 5696 3536 5696 3536 5697 3552 5697 3537 5697 3552 5698 3551 5698 3537 5698 3537 5699 3551 5699 3277 5699 3551 5700 3609 5700 3277 5700 3277 5701 3609 5701 3278 5701 3609 5702 3608 5702 3278 5702 3278 5703 3608 5703 3629 5703 3608 5704 3621 5704 3629 5704 3629 5705 3621 5705 3627 5705 3621 5706 3619 5706 3627 5706 3627 5707 3619 5707 3625 5707 3619 5708 3618 5708 3625 5708 3625 5709 3618 5709 3623 5709 3618 5710 3812 5710 3623 5710 3623 5711 3812 5711 3815 5711 3812 5712 3813 5712 3815 5712 3815 5713 3813 5713 3816 5713 3813 5714 3814 5714 3816 5714 3816 5715 3814 5715 3817 5715 3607 5716 3592 5716 3593 5716 3592 5717 3554 5717 3593 5717 3593 5718 3554 5718 3594 5718 3554 5719 3476 5719 3594 5719 3594 5720 3476 5720 3596 5720 3476 5721 3577 5721 3596 5721 3596 5722 3577 5722 3598 5722 3577 5723 3628 5723 3598 5723 3598 5724 3628 5724 3599 5724 3628 5725 3626 5725 3599 5725 3599 5726 3626 5726 3636 5726 3626 5727 3624 5727 3636 5727 3636 5728 3624 5728 3818 5728 3624 5729 3623 5729 3818 5729 3818 5730 3623 5730 3272 5730 3623 5731 3815 5731 3272 5731 3272 5732 3815 5732 3270 5732 3815 5733 3816 5733 3270 5733 3270 5734 3816 5734 3702 5734 3816 5735 3817 5735 3702 5735 3702 5736 3817 5736 3703 5736 3703 5737 3819 5737 3701 5737 3819 5738 3820 5738 3701 5738 3701 5739 3820 5739 3699 5739 3820 5740 3821 5740 3699 5740 3699 5741 3821 5741 3697 5741 3821 5742 3771 5742 3697 5742 3697 5743 3771 5743 3707 5743 3771 5744 3770 5744 3707 5744 3707 5745 3770 5745 3760 5745 3770 5746 3768 5746 3760 5746 3760 5747 3768 5747 3759 5747 3768 5748 3766 5748 3759 5748 3759 5749 3766 5749 3758 5749 3766 5750 3763 5750 3758 5750 3758 5751 3763 5751 3743 5751 3763 5752 3761 5752 3743 5752 3743 5753 3761 5753 3730 5753 3761 5754 3265 5754 3730 5754 3730 5755 3265 5755 3722 5755 3265 5756 3264 5756 3722 5756 3722 5757 3264 5757 3723 5757 3264 5758 3712 5758 3723 5758 3723 5759 3712 5759 3716 5759 3712 5760 3709 5760 3716 5760 3716 5761 3709 5761 3525 5761 3709 5762 3711 5762 3525 5762 3525 5763 3711 5763 3523 5763 3711 5764 3499 5764 3523 5764 3523 5765 3499 5765 3755 5765 3499 5766 3501 5766 3755 5766 3755 5767 3501 5767 3522 5767 3501 5768 3503 5768 3522 5768 3522 5769 3503 5769 3521 5769 3503 5770 3505 5770 3521 5770 3521 5771 3505 5771 3516 5771 3505 5772 3506 5772 3516 5772 3516 5773 3506 5773 3517 5773 3822 5774 3823 5774 3824 5774 3825 5775 3826 5775 3827 5775 3828 5776 3829 5776 3830 5776 3826 5777 3831 5777 3828 5777 3831 5778 3832 5778 3828 5778 3832 5779 3833 5779 3250 5779 3833 5780 3197 5780 3250 5780 3834 5781 3835 5781 3836 5781 3836 5782 3837 5782 3834 5782 3837 5783 3838 5783 3834 5783 3834 5784 3838 5784 3823 5784 3838 5785 3839 5785 3823 5785 3823 5786 3839 5786 3824 5786 3789 5787 3263 5787 3783 5787 3263 5788 3262 5788 3783 5788 3783 5789 3262 5789 3781 5789 3262 5790 3772 5790 3781 5790 3781 5791 3772 5791 3779 5791 3772 5792 3774 5792 3779 5792 3779 5793 3774 5793 3777 5793 3774 5794 3776 5794 3777 5794 3777 5795 3776 5795 3790 5795 3776 5796 3840 5796 3790 5796 3790 5797 3840 5797 3841 5797 3840 5798 3842 5798 3841 5798 3841 5799 3842 5799 3843 5799 3842 5800 3844 5800 3843 5800 3845 5801 3846 5801 3836 5801 3846 5802 3847 5802 3836 5802 3836 5803 3847 5803 3837 5803 3848 5804 3849 5804 3252 5804 3835 5805 3253 5805 3836 5805 3253 5806 3252 5806 3836 5806 3836 5807 3252 5807 3845 5807 3252 5808 3849 5808 3845 5808 3850 5809 3851 5809 3852 5809 3853 5810 3854 5810 3855 5810 3854 5811 3856 5811 3855 5811 3857 5812 3858 5812 3859 5812 3858 5813 3860 5813 3859 5813 3861 5814 3862 5814 3863 5814 3862 5815 3864 5815 3863 5815 3863 5816 3864 5816 3197 5816 3865 5817 3866 5817 3867 5817 3867 5818 3868 5818 3865 5818 3868 5819 3869 5819 3865 5819 3865 5820 3869 5820 3829 5820 3869 5821 3870 5821 3829 5821 3829 5822 3870 5822 3830 5822 3871 5823 3872 5823 3873 5823 3874 5824 3860 5824 3873 5824 3860 5825 3858 5825 3873 5825 3873 5826 3858 5826 3871 5826 3858 5827 3857 5827 3871 5827 3871 5828 3857 5828 3254 5828 3819 5829 3844 5829 3820 5829 3844 5830 3842 5830 3820 5830 3820 5831 3842 5831 3821 5831 3842 5832 3840 5832 3821 5832 3821 5833 3840 5833 3771 5833 3840 5834 3776 5834 3771 5834 3771 5835 3776 5835 3769 5835 3776 5836 3775 5836 3769 5836 3769 5837 3775 5837 3767 5837 3775 5838 3773 5838 3767 5838 3767 5839 3773 5839 3765 5839 3773 5840 3261 5840 3765 5840 3765 5841 3261 5841 3764 5841 3261 5842 3263 5842 3764 5842 3764 5843 3263 5843 3761 5843 3263 5844 3789 5844 3761 5844 3761 5845 3789 5845 3762 5845 3789 5846 3787 5846 3762 5846 3762 5847 3787 5847 3797 5847 3787 5848 3785 5848 3797 5848 3797 5849 3785 5849 3798 5849 3785 5850 3784 5850 3798 5850 3798 5851 3784 5851 3799 5851 3784 5852 3875 5852 3799 5852 3799 5853 3875 5853 3800 5853 3875 5854 3876 5854 3800 5854 3800 5855 3876 5855 3741 5855 3260 5856 3259 5856 3877 5856 3249 5857 3878 5857 3247 5857 3878 5858 3879 5858 3247 5858 3247 5859 3879 5859 3880 5859 3879 5860 3881 5860 3880 5860 3880 5861 3881 5861 3882 5861 3881 5862 3883 5862 3882 5862 3882 5863 3883 5863 3884 5863 3883 5864 3885 5864 3884 5864 3884 5865 3885 5865 3886 5865 3885 5866 3887 5866 3886 5866 3886 5867 3887 5867 3850 5867 3888 5868 3889 5868 3890 5868 3889 5869 3891 5869 3890 5869 3890 5870 3891 5870 3892 5870 3891 5871 3893 5871 3892 5871 3892 5872 3893 5872 3894 5872 3895 5873 3888 5873 3896 5873 3888 5874 3890 5874 3896 5874 3896 5875 3890 5875 3897 5875 3890 5876 3892 5876 3897 5876 3897 5877 3892 5877 3898 5877 3892 5878 3894 5878 3898 5878 3898 5879 3894 5879 3877 5879 3877 5880 3899 5880 3898 5880 3899 5881 3900 5881 3898 5881 3898 5882 3900 5882 3897 5882 3900 5883 3901 5883 3897 5883 3897 5884 3901 5884 3896 5884 3901 5885 3902 5885 3896 5885 3896 5886 3902 5886 3895 5886 3902 5887 3903 5887 3895 5887 3903 5888 3904 5888 3895 5888 3904 5889 3905 5889 3895 5889 3895 5890 3905 5890 3888 5890 3905 5891 3906 5891 3888 5891 3888 5892 3906 5892 3889 5892 3906 5893 3425 5893 3889 5893 3889 5894 3425 5894 3891 5894 3425 5895 3424 5895 3891 5895 3891 5896 3424 5896 3893 5896 3424 5897 3907 5897 3893 5897 3893 5898 3907 5898 3894 5898 3907 5899 3908 5899 3894 5899 3894 5900 3908 5900 3877 5900 3908 5901 3909 5901 3877 5901 3877 5902 3909 5902 3260 5902 3909 5903 3910 5903 3260 5903 3260 5904 3910 5904 3258 5904 3910 5905 3911 5905 3258 5905 3258 5906 3911 5906 3912 5906 3911 5907 3913 5907 3912 5907 3912 5908 3913 5908 3914 5908 3913 5909 3915 5909 3914 5909 3914 5910 3915 5910 3916 5910 3915 5911 3917 5911 3916 5911 3916 5912 3917 5912 3918 5912 3919 5913 3920 5913 3921 5913 3922 5914 3923 5914 3924 5914 3923 5915 3925 5915 3924 5915 3850 5916 3852 5916 3886 5916 3852 5917 3926 5917 3886 5917 3886 5918 3926 5918 3884 5918 3926 5919 3927 5919 3884 5919 3884 5920 3927 5920 3882 5920 3927 5921 3928 5921 3882 5921 3882 5922 3928 5922 3880 5922 3928 5923 3929 5923 3880 5923 3880 5924 3929 5924 3247 5924 3929 5925 3930 5925 3247 5925 3247 5926 3930 5926 3248 5926 3931 5927 3851 5927 3932 5927 3851 5928 3850 5928 3932 5928 3932 5929 3850 5929 3918 5929 3850 5930 3887 5930 3918 5930 3918 5931 3887 5931 3916 5931 3887 5932 3885 5932 3916 5932 3916 5933 3885 5933 3914 5933 3885 5934 3883 5934 3914 5934 3914 5935 3883 5935 3912 5935 3883 5936 3881 5936 3912 5936 3912 5937 3881 5937 3258 5937 3881 5938 3879 5938 3258 5938 3258 5939 3879 5939 3259 5939 3879 5940 3878 5940 3259 5940 3259 5941 3878 5941 3877 5941 3878 5942 3249 5942 3877 5942 3877 5943 3249 5943 3899 5943 3249 5944 3248 5944 3899 5944 3899 5945 3248 5945 3933 5945 3248 5946 3930 5946 3933 5946 3934 5947 3935 5947 3936 5947 3935 5948 3937 5948 3936 5948 3936 5949 3937 5949 3938 5949 3937 5950 3939 5950 3938 5950 3938 5951 3939 5951 3940 5951 3939 5952 3941 5952 3940 5952 3940 5953 3941 5953 3942 5953 3941 5954 3943 5954 3942 5954 3942 5955 3943 5955 3944 5955 3943 5956 3945 5956 3944 5956 3944 5957 3945 5957 3946 5957 3945 5958 3947 5958 3946 5958 3946 5959 3947 5959 3948 5959 3947 5960 3949 5960 3948 5960 3948 5961 3949 5961 3950 5961 3949 5962 3951 5962 3950 5962 3950 5963 3951 5963 3952 5963 3951 5964 3953 5964 3952 5964 3952 5965 3953 5965 3954 5965 3953 5966 3955 5966 3954 5966 3954 5967 3955 5967 3956 5967 3955 5968 3957 5968 3956 5968 3956 5969 3957 5969 3958 5969 3957 5970 3959 5970 3958 5970 3958 5971 3959 5971 3960 5971 3959 5972 3961 5972 3960 5972 3960 5973 3961 5973 3962 5973 3961 5974 3963 5974 3962 5974 3962 5975 3963 5975 3964 5975 3963 5976 3965 5976 3964 5976 3964 5977 3965 5977 3966 5977 3965 5978 3967 5978 3966 5978 3934 5979 3822 5979 3935 5979 3822 5980 3824 5980 3935 5980 3935 5981 3824 5981 3937 5981 3824 5982 3839 5982 3937 5982 3937 5983 3839 5983 3939 5983 3839 5984 3838 5984 3939 5984 3939 5985 3838 5985 3941 5985 3838 5986 3837 5986 3941 5986 3941 5987 3837 5987 3943 5987 3837 5988 3847 5988 3943 5988 3943 5989 3847 5989 3945 5989 3847 5990 3846 5990 3945 5990 3945 5991 3846 5991 3947 5991 3846 5992 3845 5992 3947 5992 3947 5993 3845 5993 3949 5993 3845 5994 3849 5994 3949 5994 3949 5995 3849 5995 3951 5995 3849 5996 3848 5996 3951 5996 3951 5997 3848 5997 3953 5997 3848 5998 3968 5998 3953 5998 3953 5999 3968 5999 3955 5999 3968 6000 3969 6000 3955 6000 3955 6001 3969 6001 3957 6001 3969 6002 3970 6002 3957 6002 3957 6003 3970 6003 3959 6003 3970 6004 3971 6004 3959 6004 3959 6005 3971 6005 3961 6005 3971 6006 3972 6006 3961 6006 3961 6007 3972 6007 3963 6007 3972 6008 3973 6008 3963 6008 3963 6009 3973 6009 3965 6009 3973 6010 3974 6010 3965 6010 3965 6011 3974 6011 3967 6011 3974 6012 3975 6012 3967 6012 3874 6013 3976 6013 3977 6013 3976 6014 3978 6014 3977 6014 3977 6015 3978 6015 3979 6015 3978 6016 3980 6016 3979 6016 3979 6017 3980 6017 3981 6017 3980 6018 3982 6018 3981 6018 3981 6019 3982 6019 3983 6019 3246 6020 3984 6020 3985 6020 3984 6021 3986 6021 3985 6021 3985 6022 3986 6022 3987 6022 3986 6023 3988 6023 3987 6023 3987 6024 3988 6024 3989 6024 3988 6025 3990 6025 3989 6025 3989 6026 3990 6026 3991 6026 3990 6027 3992 6027 3991 6027 3991 6028 3992 6028 3993 6028 3992 6029 3994 6029 3993 6029 3993 6030 3994 6030 3995 6030 3994 6031 3996 6031 3995 6031 3995 6032 3996 6032 3997 6032 3996 6033 3998 6033 3997 6033 3997 6034 3998 6034 3999 6034 3998 6035 4000 6035 3999 6035 3999 6036 4000 6036 4001 6036 4000 6037 4002 6037 4001 6037 4001 6038 4002 6038 4003 6038 4002 6039 4004 6039 4003 6039 4003 6040 4004 6040 4005 6040 4004 6041 4006 6041 4005 6041 4005 6042 4006 6042 4007 6042 4006 6043 4008 6043 4007 6043 4007 6044 4008 6044 4009 6044 4008 6045 4010 6045 4009 6045 4009 6046 4010 6046 4011 6046 4010 6047 4012 6047 4011 6047 4011 6048 4012 6048 4013 6048 4012 6049 4014 6049 4013 6049 4013 6050 4014 6050 4015 6050 4014 6051 4016 6051 4015 6051 4015 6052 4016 6052 4017 6052 4016 6053 4018 6053 4017 6053 4017 6054 4018 6054 4019 6054 4018 6055 4020 6055 4019 6055 4019 6056 4020 6056 4021 6056 4022 6057 4023 6057 4024 6057 4023 6058 4025 6058 4024 6058 4024 6059 4025 6059 3975 6059 4026 6060 4027 6060 4028 6060 4027 6061 4029 6061 4028 6061 4028 6062 4029 6062 4030 6062 4029 6063 4031 6063 4030 6063 4032 6064 4030 6064 4033 6064 4030 6065 4031 6065 4033 6065 4033 6066 4031 6066 4034 6066 4031 6067 4035 6067 4034 6067 4022 6068 3245 6068 4023 6068 3245 6069 3246 6069 4023 6069 4023 6070 3246 6070 4025 6070 3246 6071 3985 6071 4025 6071 4025 6072 3985 6072 3975 6072 3985 6073 3987 6073 3975 6073 3975 6074 3987 6074 3967 6074 3987 6075 3989 6075 3967 6075 3967 6076 3989 6076 3966 6076 3989 6077 3991 6077 3966 6077 3966 6078 3991 6078 3964 6078 3991 6079 3993 6079 3964 6079 3964 6080 3993 6080 3962 6080 3993 6081 3995 6081 3962 6081 3962 6082 3995 6082 3960 6082 3995 6083 3997 6083 3960 6083 3960 6084 3997 6084 3958 6084 3997 6085 3999 6085 3958 6085 3958 6086 3999 6086 3956 6086 3999 6087 4001 6087 3956 6087 3956 6088 4001 6088 3954 6088 4001 6089 4003 6089 3954 6089 3954 6090 4003 6090 3952 6090 4003 6091 4005 6091 3952 6091 3952 6092 4005 6092 3950 6092 4005 6093 4007 6093 3950 6093 3950 6094 4007 6094 3948 6094 4007 6095 4009 6095 3948 6095 3948 6096 4009 6096 3946 6096 4009 6097 4011 6097 3946 6097 3946 6098 4011 6098 3944 6098 4011 6099 4013 6099 3944 6099 3944 6100 4013 6100 3942 6100 4013 6101 4015 6101 3942 6101 3942 6102 4015 6102 3940 6102 4015 6103 4017 6103 3940 6103 3940 6104 4017 6104 3938 6104 4017 6105 4019 6105 3938 6105 3938 6106 4019 6106 3936 6106 4019 6107 4021 6107 3936 6107 3936 6108 4021 6108 3934 6108 4021 6109 4036 6109 3934 6109 3934 6110 4036 6110 3822 6110 4037 6111 4038 6111 4039 6111 4038 6112 4040 6112 4039 6112 4039 6113 4040 6113 4041 6113 3874 6114 3873 6114 3976 6114 3873 6115 3872 6115 3976 6115 3976 6116 3872 6116 3978 6116 3872 6117 4037 6117 3978 6117 3978 6118 4037 6118 3980 6118 4037 6119 4039 6119 3980 6119 3980 6120 4039 6120 3982 6120 4039 6121 4041 6121 3982 6121 3982 6122 4041 6122 3983 6122 3822 6123 4042 6123 3823 6123 4042 6124 4043 6124 3823 6124 3823 6125 4043 6125 3834 6125 4043 6126 4044 6126 3834 6126 3834 6127 4044 6127 3835 6127 4044 6128 4045 6128 3835 6128 3835 6129 4045 6129 3253 6129 4045 6130 4046 6130 3253 6130 3253 6131 4046 6131 3254 6131 4046 6132 4047 6132 3254 6132 3254 6133 4047 6133 3871 6133 4047 6134 4048 6134 3871 6134 3871 6135 4048 6135 3872 6135 4048 6136 4049 6136 3872 6136 3872 6137 4049 6137 4037 6137 4049 6138 4050 6138 4037 6138 4037 6139 4050 6139 4038 6139 4050 6140 4051 6140 4038 6140 4051 6141 4052 6141 4053 6141 4042 6142 4054 6142 4043 6142 4054 6143 4055 6143 4043 6143 4043 6144 4055 6144 4044 6144 4055 6145 4056 6145 4044 6145 4044 6146 4056 6146 4045 6146 4056 6147 4057 6147 4045 6147 4045 6148 4057 6148 4046 6148 4057 6149 4058 6149 4046 6149 4046 6150 4058 6150 4047 6150 4058 6151 4059 6151 4047 6151 4047 6152 4059 6152 4048 6152 4059 6153 4060 6153 4048 6153 4048 6154 4060 6154 4049 6154 4060 6155 4061 6155 4049 6155 4049 6156 4061 6156 4050 6156 4061 6157 4062 6157 4050 6157 4050 6158 4062 6158 4051 6158 4062 6159 4063 6159 4051 6159 4051 6160 4063 6160 4052 6160 4064 6161 4065 6161 3235 6161 4065 6162 3197 6162 3235 6162 3207 6163 3236 6163 3197 6163 4066 6164 4067 6164 4068 6164 4067 6165 4069 6165 4068 6165 4068 6166 4069 6166 3866 6166 4069 6167 4070 6167 3866 6167 3866 6168 4070 6168 3867 6168 4071 6169 4035 6169 4072 6169 4035 6170 4031 6170 4072 6170 4072 6171 4031 6171 4073 6171 4031 6172 4029 6172 4073 6172 4073 6173 4029 6173 4053 6173 4029 6174 4027 6174 4053 6174 4053 6175 4027 6175 4051 6175 4027 6176 4026 6176 4051 6176 4051 6177 4026 6177 4038 6177 4026 6178 4028 6178 4038 6178 4038 6179 4028 6179 4040 6179 4028 6180 4030 6180 4040 6180 4040 6181 4030 6181 4041 6181 4030 6182 4032 6182 4041 6182 4041 6183 4032 6183 3983 6183 3243 6184 3245 6184 3241 6184 3245 6185 4074 6185 3241 6185 3241 6186 4074 6186 3242 6186 3859 6187 3856 6187 3857 6187 3856 6188 3854 6188 3857 6188 3857 6189 3854 6189 3254 6189 3854 6190 3853 6190 3254 6190 3254 6191 3853 6191 3252 6191 3853 6192 3855 6192 3252 6192 3252 6193 3855 6193 3848 6193 3855 6194 3856 6194 3848 6194 3848 6195 3856 6195 3968 6195 3856 6196 3859 6196 3968 6196 3968 6197 3859 6197 3969 6197 3859 6198 3860 6198 3969 6198 3969 6199 3860 6199 3970 6199 3860 6200 3874 6200 3970 6200 3970 6201 3874 6201 3971 6201 3874 6202 3977 6202 3971 6202 3971 6203 3977 6203 3972 6203 3977 6204 3979 6204 3972 6204 3972 6205 3979 6205 3973 6205 3979 6206 3981 6206 3973 6206 3973 6207 3981 6207 3974 6207 3981 6208 3983 6208 3974 6208 3974 6209 3983 6209 3975 6209 3983 6210 4032 6210 3975 6210 3975 6211 4032 6211 4024 6211 4032 6212 4033 6212 4024 6212 4024 6213 4033 6213 4022 6213 4033 6214 4034 6214 4022 6214 4022 6215 4034 6215 3245 6215 4034 6216 4035 6216 3245 6216 3245 6217 4035 6217 4074 6217 4035 6218 4071 6218 4074 6218 4074 6219 4071 6219 3242 6219 4075 6220 4076 6220 4077 6220 4076 6221 4078 6221 4077 6221 4077 6222 4078 6222 4079 6222 4078 6223 4080 6223 4079 6223 3826 6224 3828 6224 3827 6224 3828 6225 3830 6225 3827 6225 3827 6226 3830 6226 4081 6226 3830 6227 3870 6227 4081 6227 4081 6228 3870 6228 4082 6228 3870 6229 3869 6229 4082 6229 4082 6230 3869 6230 4083 6230 3869 6231 3868 6231 4083 6231 4083 6232 3868 6232 4084 6232 3868 6233 3867 6233 4084 6233 4084 6234 3867 6234 4085 6234 3867 6235 4070 6235 4085 6235 4085 6236 4070 6236 4086 6236 4070 6237 4069 6237 4086 6237 4086 6238 4069 6238 4087 6238 4069 6239 4067 6239 4087 6239 4087 6240 4067 6240 4088 6240 4067 6241 4066 6241 4088 6241 4088 6242 4066 6242 4089 6242 4066 6243 4090 6243 4089 6243 4089 6244 4090 6244 3238 6244 4090 6245 4091 6245 3238 6245 3238 6246 4091 6246 3239 6246 4092 6247 4093 6247 4094 6247 4093 6248 4095 6248 4094 6248 4094 6249 4095 6249 4096 6249 4095 6250 4080 6250 4096 6250 4096 6251 4080 6251 4097 6251 4080 6252 4078 6252 4097 6252 4097 6253 4078 6253 4098 6253 4078 6254 4076 6254 4098 6254 4064 6255 3235 6255 4099 6255 3235 6256 3236 6256 4099 6256 4099 6257 3236 6257 4100 6257 3236 6258 3207 6258 4100 6258 4100 6259 3207 6259 4101 6259 3207 6260 3205 6260 4101 6260 4101 6261 3205 6261 4102 6261 4103 6262 4104 6262 4105 6262 4106 6263 4107 6263 4108 6263 4107 6264 4109 6264 4108 6264 4108 6265 4109 6265 4110 6265 4109 6266 4111 6266 4110 6266 4110 6267 4111 6267 4112 6267 4111 6268 4113 6268 4112 6268 4114 6269 4115 6269 4116 6269 4116 6270 4117 6270 4114 6270 4117 6271 4118 6271 4114 6271 4114 6272 4118 6272 4119 6272 4118 6273 4120 6273 4119 6273 4119 6274 4120 6274 4121 6274 4122 6275 4123 6275 4124 6275 4123 6276 4125 6276 4124 6276 4124 6277 4125 6277 4126 6277 4126 6278 4125 6278 4127 6278 4125 6279 4128 6279 4127 6279 4127 6280 4128 6280 4129 6280 4130 6281 4131 6281 4132 6281 4131 6282 4133 6282 4132 6282 4132 6283 4133 6283 4134 6283 4133 6284 4135 6284 4134 6284 3919 6285 4136 6285 4137 6285 4136 6286 4138 6286 4137 6286 4137 6287 4138 6287 4139 6287 4138 6288 4140 6288 4139 6288 4139 6289 4140 6289 4141 6289 3919 6290 3921 6290 4136 6290 3921 6291 4142 6291 4136 6291 4136 6292 4142 6292 4138 6292 4142 6293 4143 6293 4138 6293 4138 6294 4143 6294 4140 6294 4143 6295 4144 6295 4140 6295 4140 6296 4144 6296 4141 6296 4144 6297 4145 6297 4141 6297 4141 6298 4145 6298 4146 6298 4145 6299 4147 6299 4146 6299 4146 6300 4147 6300 4148 6300 4147 6301 4149 6301 4148 6301 4148 6302 4149 6302 4150 6302 4149 6303 4151 6303 4150 6303 4150 6304 4151 6304 4152 6304 4151 6305 4153 6305 4152 6305 4152 6306 4153 6306 4154 6306 4155 6307 4156 6307 4157 6307 4156 6308 4158 6308 4157 6308 4157 6309 4158 6309 4159 6309 4158 6310 4160 6310 4159 6310 4159 6311 4160 6311 4161 6311 4162 6312 4155 6312 4163 6312 4155 6313 4157 6313 4163 6313 4163 6314 4157 6314 4164 6314 4157 6315 4159 6315 4164 6315 4164 6316 4159 6316 4165 6316 4159 6317 4161 6317 4165 6317 4165 6318 4161 6318 4166 6318 4167 6319 4162 6319 4168 6319 4162 6320 4163 6320 4168 6320 4168 6321 4163 6321 4169 6321 4163 6322 4164 6322 4169 6322 4169 6323 4164 6323 4170 6323 4164 6324 4165 6324 4170 6324 4170 6325 4165 6325 4171 6325 4165 6326 4166 6326 4171 6326 4171 6327 4166 6327 4172 6327 3240 6328 3242 6328 3227 6328 3242 6329 4173 6329 3227 6329 3227 6330 4173 6330 3225 6330 3223 6331 3219 6331 3221 6331 3220 6332 3222 6332 3214 6332 4098 6333 3237 6333 4097 6333 3237 6334 3239 6334 4097 6334 4097 6335 3239 6335 4096 6335 3239 6336 4091 6336 4096 6336 4096 6337 4091 6337 4094 6337 4091 6338 4174 6338 4094 6338 4094 6339 4174 6339 4092 6339 4068 6340 4175 6340 4066 6340 4175 6341 4176 6341 4066 6341 4066 6342 4176 6342 4090 6342 4176 6343 4177 6343 4090 6343 4090 6344 4177 6344 4091 6344 4177 6345 4178 6345 4091 6345 4091 6346 4178 6346 4174 6346 4178 6347 4179 6347 4174 6347 4174 6348 4179 6348 4092 6348 3221 6349 3219 6349 3222 6349 3219 6350 3217 6350 3222 6350 3222 6351 3217 6351 4180 6351 3217 6352 3216 6352 4180 6352 4180 6353 3216 6353 4181 6353 3206 6354 4182 6354 3205 6354 4182 6355 4183 6355 3205 6355 3205 6356 4183 6356 4102 6356 3197 6357 3864 6357 3251 6357 3864 6358 3862 6358 3251 6358 3251 6359 3862 6359 4184 6359 3862 6360 3861 6360 4184 6360 4184 6361 3861 6361 4185 6361 3861 6362 4064 6362 4185 6362 4185 6363 4064 6363 4186 6363 4064 6364 4099 6364 4186 6364 4186 6365 4099 6365 4187 6365 4099 6366 4100 6366 4187 6366 4187 6367 4100 6367 4188 6367 4100 6368 4101 6368 4188 6368 4188 6369 4101 6369 4189 6369 4101 6370 4102 6370 4189 6370 4189 6371 4102 6371 4190 6371 4102 6372 4183 6372 4190 6372 4190 6373 4183 6373 4191 6373 4183 6374 4182 6374 4191 6374 4191 6375 4182 6375 4192 6375 4064 6376 3861 6376 4065 6376 3861 6377 3863 6377 4065 6377 4065 6378 3863 6378 3197 6378 3832 6379 3250 6379 3828 6379 3250 6380 3251 6380 3828 6380 3828 6381 3251 6381 3829 6381 3251 6382 4184 6382 3829 6382 3829 6383 4184 6383 3865 6383 4184 6384 4185 6384 3865 6384 3865 6385 4185 6385 3866 6385 4185 6386 4186 6386 3866 6386 3866 6387 4186 6387 4068 6387 4186 6388 4187 6388 4068 6388 4068 6389 4187 6389 4175 6389 4187 6390 4188 6390 4175 6390 4175 6391 4188 6391 4176 6391 4188 6392 4189 6392 4176 6392 4176 6393 4189 6393 4177 6393 4189 6394 4190 6394 4177 6394 4177 6395 4190 6395 4178 6395 4190 6396 4191 6396 4178 6396 4178 6397 4191 6397 4179 6397 4191 6398 4192 6398 4179 6398 4179 6399 4192 6399 4092 6399 4192 6400 4181 6400 4092 6400 4092 6401 4181 6401 4093 6401 4181 6402 3216 6402 4093 6402 4093 6403 3216 6403 4095 6403 3216 6404 3218 6404 4095 6404 4095 6405 3218 6405 4080 6405 3218 6406 3219 6406 4080 6406 4080 6407 3219 6407 4079 6407 3219 6408 3224 6408 4079 6408 4079 6409 3224 6409 4077 6409 3224 6410 4193 6410 4077 6410 4077 6411 4193 6411 4075 6411 4194 6412 3212 6412 3213 6412 4195 6413 4167 6413 4196 6413 4167 6414 4168 6414 4196 6414 4196 6415 4168 6415 4197 6415 4168 6416 4169 6416 4197 6416 4197 6417 4169 6417 4198 6417 4169 6418 4170 6418 4198 6418 4198 6419 4170 6419 4199 6419 4170 6420 4171 6420 4199 6420 4199 6421 4171 6421 4200 6421 4171 6422 4172 6422 4200 6422 4200 6423 4172 6423 4201 6423 4202 6424 4135 6424 4203 6424 4135 6425 4133 6425 4203 6425 4203 6426 4133 6426 4204 6426 4133 6427 4131 6427 4204 6427 4204 6428 4131 6428 4205 6428 4131 6429 4206 6429 4205 6429 3202 6430 3204 6430 4207 6430 3204 6431 4208 6431 4207 6431 4207 6432 4208 6432 4209 6432 4206 6433 3203 6433 4205 6433 3203 6434 3202 6434 4205 6434 4205 6435 3202 6435 4210 6435 3202 6436 4207 6436 4210 6436 4210 6437 4207 6437 4211 6437 4207 6438 4209 6438 4211 6438 4211 6439 4209 6439 4212 6439 3229 6440 4115 6440 3230 6440 4115 6441 4114 6441 3230 6441 3230 6442 4114 6442 4213 6442 4114 6443 4119 6443 4213 6443 4213 6444 4119 6444 4214 6444 4119 6445 4121 6445 4214 6445 4214 6446 4121 6446 4215 6446 4216 6447 4123 6447 4217 6447 4123 6448 4122 6448 4217 6448 4217 6449 4122 6449 4218 6449 3209 6450 3208 6450 4219 6450 3208 6451 4220 6451 4219 6451 4219 6452 4220 6452 4221 6452 3225 6453 4201 6453 3226 6453 4201 6454 4172 6454 3226 6454 3226 6455 4172 6455 4222 6455 4172 6456 4166 6456 4222 6456 4222 6457 4166 6457 4223 6457 4166 6458 4161 6458 4223 6458 4223 6459 4161 6459 4224 6459 4161 6460 4160 6460 4224 6460 4224 6461 4160 6461 4130 6461 4160 6462 4158 6462 4130 6462 4130 6463 4158 6463 4131 6463 4158 6464 4156 6464 4131 6464 4131 6465 4156 6465 4206 6465 4156 6466 4155 6466 4206 6466 4206 6467 4155 6467 3203 6467 4155 6468 4162 6468 3203 6468 3203 6469 4162 6469 3204 6469 4162 6470 4167 6470 3204 6470 3204 6471 4167 6471 4208 6471 4167 6472 4195 6472 4208 6472 4208 6473 4195 6473 4209 6473 4195 6474 4225 6474 4209 6474 4209 6475 4225 6475 4212 6475 4225 6476 4226 6476 4212 6476 4212 6477 4226 6477 4211 6477 4226 6478 4227 6478 4211 6478 4211 6479 4227 6479 4210 6479 4227 6480 4215 6480 4210 6480 4210 6481 4215 6481 4205 6481 4215 6482 4121 6482 4205 6482 4205 6483 4121 6483 4204 6483 4121 6484 4120 6484 4204 6484 4204 6485 4120 6485 4203 6485 4120 6486 4118 6486 4203 6486 4203 6487 4118 6487 4202 6487 4118 6488 4117 6488 4202 6488 4202 6489 4117 6489 4228 6489 4117 6490 4116 6490 4228 6490 4228 6491 4116 6491 4229 6491 4116 6492 4115 6492 4229 6492 3212 6493 4194 6493 3211 6493 4194 6494 4230 6494 3211 6494 3211 6495 4230 6495 4231 6495 4230 6496 3199 6496 4231 6496 4231 6497 3199 6497 4232 6497 3199 6498 3201 6498 4232 6498 4232 6499 3201 6499 4233 6499 3213 6500 3215 6500 4194 6500 3215 6501 4234 6501 4194 6501 4194 6502 4234 6502 4230 6502 4234 6503 4235 6503 4230 6503 4230 6504 4235 6504 3199 6504 4235 6505 4236 6505 3199 6505 3199 6506 4236 6506 3200 6506 4236 6507 3196 6507 3200 6507 3200 6508 3196 6508 3201 6508 3196 6509 3198 6509 3201 6509 3201 6510 3198 6510 4233 6510 4237 6511 4238 6511 4221 6511 4238 6512 4239 6512 4221 6512 4221 6513 4239 6513 4219 6513 4239 6514 4240 6514 4219 6514 4219 6515 4240 6515 3209 6515 3195 6516 3194 6516 4241 6516 3214 6517 3222 6517 3215 6517 3222 6518 4180 6518 3215 6518 3215 6519 4180 6519 4234 6519 4180 6520 4181 6520 4234 6520 4234 6521 4181 6521 4235 6521 4181 6522 4192 6522 4235 6522 4235 6523 4192 6523 4236 6523 4192 6524 4182 6524 4236 6524 4236 6525 4182 6525 3196 6525 4182 6526 3206 6526 3196 6526 3196 6527 3206 6527 3197 6527 4216 6528 4242 6528 4123 6528 4242 6529 4243 6529 4123 6529 4123 6530 4243 6530 4125 6530 4243 6531 4244 6531 4125 6531 4125 6532 4244 6532 4128 6532 4245 6533 4246 6533 4247 6533 4248 6534 4249 6534 4250 6534 4249 6535 4251 6535 4250 6535 4252 6536 4253 6536 4254 6536 4253 6537 3039 6537 4254 6537 4254 6538 3039 6538 4255 6538 3039 6539 3038 6539 4255 6539 3191 6540 4256 6540 4257 6540 4256 6541 4258 6541 4257 6541 4258 6542 4259 6542 4257 6542 4259 6543 4260 6543 4257 6543 4257 6544 4260 6544 4261 6544 4260 6545 4262 6545 4261 6545 4261 6546 4262 6546 4263 6546 4262 6547 4264 6547 4263 6547 4263 6548 4264 6548 4265 6548 4251 6549 4266 6549 4267 6549 4266 6550 4268 6550 4267 6550 4267 6551 4268 6551 4269 6551 4268 6552 4270 6552 4269 6552 4269 6553 4270 6553 4271 6553 4270 6554 4272 6554 4271 6554 4271 6555 4272 6555 4273 6555 4272 6556 4274 6556 4273 6556 4273 6557 4274 6557 4275 6557 4276 6558 4277 6558 4278 6558 4277 6559 4279 6559 4278 6559 4278 6560 4279 6560 4280 6560 4279 6561 4281 6561 4280 6561 4280 6562 4281 6562 3189 6562 4282 6563 4281 6563 4283 6563 4281 6564 4279 6564 4283 6564 4283 6565 4279 6565 4284 6565 4279 6566 4277 6566 4284 6566 4284 6567 4277 6567 4252 6567 4277 6568 4276 6568 4252 6568 4252 6569 4276 6569 4253 6569 4282 6570 4285 6570 4281 6570 4285 6571 4286 6571 4281 6571 4281 6572 4286 6572 3189 6572 4286 6573 4287 6573 3189 6573 3189 6574 4287 6574 3187 6574 3182 6575 3181 6575 3186 6575 3181 6576 4288 6576 3186 6576 3186 6577 4288 6577 3184 6577 4289 6578 4290 6578 4291 6578 4290 6579 4292 6579 4291 6579 4293 6580 4294 6580 4295 6580 4296 6581 4297 6581 4298 6581 4297 6582 4299 6582 4298 6582 4298 6583 4299 6583 4292 6583 4299 6584 4300 6584 4292 6584 4292 6585 4300 6585 4291 6585 4300 6586 4301 6586 4291 6586 4291 6587 4301 6587 4289 6587 3177 6588 4302 6588 3180 6588 4302 6589 4295 6589 3180 6589 3180 6590 4295 6590 4303 6590 4295 6591 4294 6591 4303 6591 4304 6592 3183 6592 4305 6592 3183 6593 3182 6593 4305 6593 4305 6594 3182 6594 4306 6594 3182 6595 3186 6595 4306 6595 4306 6596 3186 6596 4307 6596 3186 6597 3185 6597 4307 6597 4307 6598 3185 6598 4308 6598 4309 6599 4310 6599 4311 6599 4310 6600 4312 6600 4311 6600 4311 6601 4312 6601 4313 6601 4312 6602 4314 6602 4313 6602 4313 6603 4314 6603 4315 6603 4314 6604 4316 6604 4315 6604 4315 6605 4316 6605 4317 6605 4309 6606 4311 6606 4318 6606 4311 6607 4313 6607 4318 6607 4318 6608 4313 6608 4319 6608 4313 6609 4315 6609 4319 6609 4319 6610 4315 6610 4320 6610 4315 6611 4317 6611 4320 6611 4320 6612 4317 6612 4321 6612 4322 6613 4323 6613 4324 6613 4323 6614 4325 6614 4324 6614 4324 6615 4325 6615 4321 6615 4325 6616 4326 6616 4321 6616 4321 6617 4326 6617 4320 6617 4326 6618 4327 6618 4320 6618 4320 6619 4327 6619 4319 6619 4327 6620 4328 6620 4319 6620 4319 6621 4328 6621 4318 6621 4328 6622 4329 6622 4318 6622 4318 6623 4329 6623 4309 6623 4329 6624 4330 6624 4309 6624 4309 6625 4330 6625 4310 6625 4330 6626 4331 6626 4310 6626 4332 6627 4333 6627 4285 6627 4333 6628 4334 6628 4285 6628 4285 6629 4334 6629 4286 6629 4334 6630 4335 6630 4286 6630 4286 6631 4335 6631 4287 6631 4332 6632 4336 6632 4333 6632 4336 6633 4304 6633 4333 6633 4333 6634 4304 6634 4334 6634 4304 6635 4305 6635 4334 6635 4334 6636 4305 6636 4335 6636 4305 6637 4306 6637 4335 6637 4335 6638 4306 6638 4287 6638 4306 6639 4307 6639 4287 6639 4287 6640 4307 6640 3187 6640 4307 6641 4308 6641 3187 6641 3187 6642 4308 6642 3188 6642 3174 6643 4337 6643 4338 6643 4337 6644 4339 6644 4338 6644 3176 6645 3175 6645 4340 6645 3175 6646 4341 6646 4340 6646 4340 6647 4341 6647 3170 6647 3171 6648 3173 6648 4342 6648 3173 6649 4343 6649 4342 6649 4342 6650 4343 6650 4344 6650 4345 6651 4346 6651 4347 6651 4346 6652 4348 6652 4347 6652 4347 6653 4348 6653 4349 6653 4350 6654 4351 6654 4339 6654 4352 6655 4353 6655 4354 6655 4352 6656 4354 6656 4355 6656 4356 6657 4357 6657 4358 6657 4357 6658 3138 6658 4358 6658 4354 6659 4359 6659 4355 6659 4359 6660 4360 6660 4355 6660 4355 6661 4360 6661 4361 6661 4360 6662 4362 6662 4361 6662 4361 6663 4362 6663 4346 6663 4362 6664 4363 6664 4346 6664 4346 6665 4363 6665 4348 6665 4363 6666 4364 6666 4348 6666 3164 6667 4344 6667 3165 6667 4344 6668 4343 6668 3165 6668 3165 6669 4343 6669 4365 6669 4343 6670 3173 6670 4365 6670 4365 6671 3173 6671 4366 6671 3173 6672 3172 6672 4366 6672 4366 6673 3172 6673 4367 6673 4368 6674 4369 6674 4370 6674 4367 6675 4371 6675 4366 6675 4371 6676 4372 6676 4366 6676 4366 6677 4372 6677 4365 6677 4372 6678 4368 6678 4365 6678 4365 6679 4368 6679 3165 6679 4368 6680 4370 6680 3165 6680 3165 6681 4370 6681 3166 6681 4367 6682 4373 6682 4371 6682 4373 6683 4374 6683 4371 6683 4371 6684 4374 6684 4372 6684 4374 6685 4375 6685 4372 6685 4372 6686 4375 6686 4368 6686 4375 6687 4376 6687 4368 6687 4368 6688 4376 6688 4369 6688 4349 6689 4348 6689 4377 6689 4348 6690 4364 6690 4377 6690 4377 6691 4364 6691 4378 6691 4364 6692 4379 6692 4378 6692 4378 6693 4379 6693 4380 6693 3166 6694 4381 6694 3164 6694 4381 6695 4382 6695 3164 6695 3164 6696 4382 6696 4383 6696 4384 6697 4385 6697 4386 6697 4387 6698 4388 6698 4389 6698 4388 6699 4390 6699 4389 6699 4387 6700 4391 6700 4388 6700 4391 6701 4392 6701 4388 6701 4388 6702 4392 6702 4390 6702 4392 6703 4393 6703 4390 6703 4384 6704 4386 6704 4394 6704 4386 6705 4395 6705 4394 6705 4394 6706 4395 6706 4396 6706 4396 6707 4395 6707 4397 6707 4395 6708 4398 6708 4397 6708 4397 6709 4398 6709 4399 6709 4398 6710 4400 6710 4399 6710 4399 6711 4400 6711 4401 6711 4400 6712 4402 6712 4401 6712 4401 6713 4402 6713 3163 6713 4385 6714 4403 6714 4386 6714 4403 6715 4404 6715 4386 6715 4386 6716 4404 6716 4395 6716 4404 6717 4405 6717 4395 6717 4395 6718 4405 6718 4398 6718 4405 6719 4406 6719 4398 6719 4398 6720 4406 6720 4400 6720 4406 6721 4407 6721 4400 6721 4400 6722 4407 6722 4402 6722 4384 6723 4389 6723 4385 6723 4389 6724 4390 6724 4385 6724 4385 6725 4390 6725 4403 6725 4390 6726 4393 6726 4403 6726 4403 6727 4393 6727 4404 6727 4393 6728 4408 6728 4404 6728 4404 6729 4408 6729 4405 6729 4408 6730 4409 6730 4405 6730 4405 6731 4409 6731 4406 6731 4409 6732 4410 6732 4406 6732 4406 6733 4410 6733 4407 6733 3159 6734 3158 6734 4411 6734 3158 6735 4412 6735 4411 6735 4411 6736 4412 6736 4413 6736 3129 6737 3128 6737 4414 6737 3128 6738 4415 6738 4414 6738 4414 6739 4415 6739 4416 6739 4415 6740 4412 6740 4416 6740 4412 6741 3158 6741 4416 6741 4416 6742 3158 6742 4417 6742 3158 6743 3160 6743 4417 6743 4417 6744 3160 6744 3156 6744 4349 6745 3176 6745 4347 6745 3176 6746 4340 6746 4347 6746 4347 6747 4340 6747 4345 6747 4340 6748 3170 6748 4345 6748 4345 6749 3170 6749 4346 6749 3170 6750 3168 6750 4346 6750 4346 6751 3168 6751 4361 6751 3168 6752 3167 6752 4361 6752 4361 6753 3167 6753 4355 6753 3167 6754 3169 6754 4355 6754 4355 6755 3169 6755 4352 6755 3169 6756 4358 6756 4352 6756 4352 6757 4358 6757 4353 6757 4358 6758 3138 6758 4353 6758 4353 6759 3138 6759 4354 6759 3138 6760 3137 6760 4354 6760 4354 6761 3137 6761 4359 6761 3157 6762 4382 6762 3161 6762 4382 6763 4381 6763 3161 6763 3161 6764 4381 6764 3162 6764 4381 6765 3166 6765 3162 6765 3162 6766 3166 6766 4418 6766 3166 6767 4370 6767 4418 6767 4418 6768 4370 6768 4380 6768 4370 6769 4369 6769 4380 6769 4380 6770 4369 6770 4378 6770 4369 6771 4376 6771 4378 6771 4378 6772 4376 6772 4377 6772 4376 6773 4375 6773 4377 6773 4377 6774 4375 6774 4349 6774 4375 6775 4374 6775 4349 6775 4349 6776 4374 6776 3176 6776 4374 6777 4373 6777 3176 6777 3176 6778 4373 6778 3174 6778 4373 6779 4367 6779 3174 6779 3174 6780 4367 6780 4337 6780 4367 6781 3172 6781 4337 6781 4337 6782 3172 6782 4339 6782 3172 6783 3171 6783 4339 6783 4339 6784 3171 6784 4350 6784 3171 6785 4342 6785 4350 6785 4350 6786 4342 6786 4419 6786 4342 6787 4344 6787 4419 6787 4419 6788 4344 6788 4420 6788 4344 6789 3164 6789 4420 6789 4420 6790 3164 6790 4421 6790 3164 6791 4383 6791 4421 6791 3038 6792 4322 6792 4255 6792 4322 6793 4324 6793 4255 6793 4255 6794 4324 6794 4254 6794 4324 6795 4321 6795 4254 6795 4254 6796 4321 6796 4252 6796 4321 6797 4317 6797 4252 6797 4252 6798 4317 6798 4284 6798 4317 6799 4316 6799 4284 6799 4284 6800 4316 6800 4283 6800 4316 6801 4314 6801 4283 6801 4283 6802 4314 6802 4282 6802 4314 6803 4312 6803 4282 6803 4282 6804 4312 6804 4285 6804 4312 6805 4310 6805 4285 6805 4285 6806 4310 6806 4332 6806 4310 6807 4331 6807 4332 6807 4332 6808 4331 6808 4422 6808 4331 6809 4423 6809 4422 6809 4297 6810 4293 6810 4299 6810 4293 6811 4295 6811 4299 6811 4299 6812 4295 6812 4300 6812 4295 6813 4302 6813 4300 6813 4300 6814 4302 6814 4301 6814 4302 6815 3177 6815 4301 6815 4301 6816 3177 6816 4424 6816 3177 6817 3179 6817 4424 6817 4424 6818 3179 6818 4425 6818 3153 6819 4426 6819 3151 6819 4426 6820 4427 6820 3151 6820 3151 6821 4427 6821 4428 6821 4429 6822 4430 6822 4431 6822 4430 6823 4432 6823 4431 6823 4431 6824 4432 6824 4433 6824 4432 6825 4434 6825 4433 6825 4433 6826 4434 6826 3154 6826 4435 6827 4436 6827 4216 6827 3154 6828 3151 6828 4433 6828 3151 6829 4428 6829 4433 6829 4433 6830 4428 6830 4431 6830 4428 6831 4437 6831 4431 6831 4431 6832 4437 6832 4429 6832 4430 6833 4438 6833 4432 6833 4438 6834 4439 6834 4432 6834 4432 6835 4439 6835 4434 6835 4439 6836 4440 6836 4434 6836 4434 6837 4440 6837 3154 6837 4440 6838 4441 6838 3154 6838 3154 6839 4441 6839 3152 6839 4441 6840 3190 6840 3152 6840 3152 6841 3190 6841 3153 6841 3190 6842 3192 6842 3153 6842 3153 6843 3192 6843 4442 6843 4443 6844 4444 6844 4445 6844 4444 6845 4446 6845 4445 6845 4445 6846 4446 6846 4447 6846 4448 6847 4449 6847 4450 6847 4449 6848 4451 6848 4450 6848 4450 6849 4451 6849 4452 6849 3191 6850 3190 6850 4256 6850 3190 6851 4441 6851 4256 6851 4256 6852 4441 6852 4258 6852 4441 6853 4440 6853 4258 6853 4258 6854 4440 6854 4453 6854 4440 6855 4439 6855 4453 6855 4453 6856 4439 6856 4454 6856 4439 6857 4438 6857 4454 6857 4454 6858 4438 6858 4455 6858 4438 6859 4430 6859 4455 6859 4455 6860 4430 6860 4456 6860 4430 6861 4429 6861 4456 6861 4456 6862 4429 6862 4457 6862 4458 6863 4436 6863 4459 6863 4436 6864 4435 6864 4459 6864 4459 6865 4435 6865 4460 6865 4461 6866 4462 6866 4463 6866 4462 6867 4461 6867 4464 6867 4461 6868 4465 6868 4464 6868 4464 6869 4465 6869 4466 6869 3197 6870 4467 6870 4237 6870 4467 6871 4468 6871 4237 6871 4237 6872 4468 6872 4238 6872 4469 6873 4470 6873 4471 6873 4470 6874 4472 6874 4471 6874 4471 6875 4472 6875 4473 6875 4472 6876 4474 6876 4473 6876 4473 6877 4474 6877 4475 6877 4474 6878 4476 6878 4475 6878 4475 6879 4476 6879 4477 6879 4476 6880 4478 6880 4477 6880 4479 6881 4480 6881 4481 6881 4480 6882 4482 6882 4481 6882 4481 6883 4482 6883 4483 6883 4482 6884 4484 6884 4483 6884 4483 6885 4484 6885 4485 6885 4484 6886 4486 6886 4485 6886 4487 6887 4479 6887 4488 6887 4479 6888 4481 6888 4488 6888 4488 6889 4481 6889 4489 6889 4481 6890 4483 6890 4489 6890 4489 6891 4483 6891 4490 6891 4483 6892 4485 6892 4490 6892 4490 6893 4485 6893 4460 6893 4485 6894 4486 6894 4460 6894 4460 6895 4486 6895 4459 6895 3197 6896 4491 6896 4492 6896 4491 6897 4493 6897 4492 6897 4492 6898 4493 6898 4494 6898 4493 6899 4495 6899 4494 6899 3147 6900 3146 6900 3087 6900 3146 6901 4496 6901 3087 6901 3087 6902 4496 6902 3086 6902 4497 6903 4498 6903 4499 6903 4500 6904 4501 6904 4502 6904 4501 6905 4503 6905 4502 6905 4502 6906 4503 6906 4504 6906 4503 6907 4275 6907 4504 6907 4504 6908 4275 6908 3148 6908 4275 6909 4274 6909 3148 6909 3148 6910 4274 6910 3149 6910 4500 6911 4505 6911 4501 6911 4505 6912 4506 6912 4501 6912 4501 6913 4506 6913 4423 6913 3148 6914 4507 6914 4504 6914 4507 6915 4508 6915 4504 6915 4504 6916 4508 6916 4502 6916 4508 6917 4509 6917 4502 6917 4502 6918 4509 6918 4500 6918 4509 6919 4510 6919 4500 6919 4500 6920 4510 6920 4505 6920 3150 6921 4511 6921 3148 6921 4511 6922 4512 6922 3148 6922 3148 6923 4512 6923 4507 6923 4512 6924 4513 6924 4507 6924 4507 6925 4513 6925 4508 6925 4513 6926 3144 6926 4508 6926 4508 6927 3144 6927 4509 6927 3144 6928 3143 6928 4509 6928 4509 6929 3143 6929 4510 6929 4514 6930 4515 6930 4516 6930 4515 6931 4517 6931 4516 6931 4516 6932 4517 6932 4518 6932 4517 6933 4519 6933 4518 6933 4519 6934 4520 6934 4518 6934 4518 6935 4520 6935 4521 6935 4520 6936 4522 6936 4521 6936 4521 6937 4522 6937 4523 6937 4522 6938 4524 6938 4523 6938 4523 6939 4524 6939 4525 6939 4524 6940 4526 6940 4525 6940 4525 6941 4526 6941 4527 6941 4526 6942 4528 6942 4527 6942 4527 6943 4528 6943 4529 6943 4528 6944 4530 6944 4529 6944 4529 6945 4530 6945 4531 6945 4530 6946 4532 6946 4531 6946 4531 6947 4532 6947 4533 6947 4351 6948 4296 6948 4339 6948 4296 6949 4298 6949 4339 6949 4339 6950 4298 6950 4338 6950 4298 6951 4292 6951 4338 6951 4338 6952 4292 6952 3174 6952 4292 6953 4290 6953 3174 6953 3174 6954 4290 6954 3175 6954 4290 6955 4289 6955 3175 6955 3175 6956 4289 6956 4341 6956 4289 6957 4534 6957 4341 6957 4341 6958 4534 6958 3170 6958 4534 6959 4535 6959 3170 6959 3170 6960 4535 6960 3169 6960 4535 6961 4536 6961 3169 6961 3169 6962 4536 6962 4358 6962 4536 6963 4537 6963 4358 6963 4358 6964 4537 6964 4356 6964 4537 6965 4538 6965 4356 6965 4356 6966 4538 6966 4539 6966 4538 6967 4540 6967 4539 6967 4541 6968 4542 6968 4543 6968 4544 6969 4545 6969 4546 6969 4545 6970 4547 6970 4546 6970 4539 6971 4548 6971 4549 6971 4548 6972 4550 6972 4549 6972 4549 6973 4550 6973 4551 6973 4550 6974 4552 6974 4551 6974 4551 6975 4552 6975 4547 6975 4552 6976 4553 6976 4547 6976 4547 6977 4553 6977 4546 6977 4554 6978 4544 6978 4555 6978 4544 6979 4546 6979 4555 6979 4555 6980 4546 6980 4556 6980 4546 6981 4553 6981 4556 6981 4556 6982 4553 6982 4557 6982 4553 6983 4552 6983 4557 6983 4558 6984 4549 6984 4559 6984 4549 6985 4551 6985 4559 6985 4559 6986 4551 6986 4560 6986 4551 6987 4547 6987 4560 6987 4560 6988 4547 6988 4561 6988 4547 6989 4545 6989 4561 6989 4561 6990 4545 6990 4562 6990 4545 6991 4544 6991 4562 6991 4563 6992 4564 6992 4565 6992 4564 6993 4566 6993 4565 6993 4565 6994 4566 6994 4567 6994 4566 6995 4568 6995 4567 6995 4567 6996 4568 6996 4569 6996 4568 6997 4570 6997 4569 6997 4569 6998 4570 6998 4571 6998 4570 6999 4572 6999 4571 6999 4571 7000 4572 7000 4573 7000 4574 7001 4575 7001 4576 7001 4576 7002 4575 7002 4577 7002 4578 7003 3134 7003 4579 7003 3134 7004 3133 7004 4579 7004 4579 7005 3133 7005 4580 7005 4581 7006 4580 7006 4582 7006 4580 7007 3133 7007 4582 7007 4582 7008 3133 7008 4583 7008 3133 7009 3135 7009 4583 7009 4583 7010 3135 7010 4584 7010 4563 7011 4585 7011 4564 7011 4585 7012 4578 7012 4564 7012 4564 7013 4578 7013 4566 7013 4578 7014 4579 7014 4566 7014 4566 7015 4579 7015 4568 7015 4579 7016 4580 7016 4568 7016 4568 7017 4580 7017 4570 7017 4580 7018 4581 7018 4570 7018 4570 7019 4581 7019 4572 7019 4586 7020 4587 7020 4588 7020 4587 7021 4589 7021 4588 7021 4588 7022 4589 7022 4590 7022 4589 7023 4591 7023 4590 7023 4590 7024 4591 7024 3127 7024 4592 7025 4593 7025 4594 7025 4593 7026 4595 7026 4594 7026 4594 7027 4595 7027 4596 7027 4595 7028 4597 7028 4596 7028 4596 7029 4597 7029 4598 7029 4597 7030 4599 7030 4598 7030 4598 7031 4599 7031 4600 7031 4599 7032 4601 7032 4600 7032 4600 7033 4601 7033 4602 7033 4601 7034 4603 7034 4602 7034 4602 7035 4603 7035 4604 7035 4603 7036 4605 7036 4604 7036 4601 7037 4606 7037 4603 7037 4606 7038 4607 7038 4603 7038 4603 7039 4607 7039 4605 7039 4607 7040 4608 7040 4605 7040 4609 7041 3131 7041 4610 7041 3131 7042 3130 7042 4610 7042 4610 7043 3130 7043 4611 7043 4612 7044 4573 7044 4613 7044 4573 7045 4572 7045 4613 7045 4613 7046 4572 7046 3132 7046 4572 7047 4581 7047 3132 7047 3132 7048 4581 7048 3130 7048 4581 7049 4582 7049 3130 7049 3130 7050 4582 7050 4611 7050 4582 7051 4583 7051 4611 7051 4611 7052 4583 7052 4614 7052 4583 7053 4584 7053 4614 7053 4614 7054 4584 7054 4615 7054 4616 7055 4617 7055 4618 7055 4617 7056 4619 7056 4618 7056 4618 7057 4619 7057 4620 7057 4619 7058 4621 7058 4620 7058 4620 7059 4621 7059 4622 7059 4621 7060 4623 7060 4622 7060 4622 7061 4623 7061 4577 7061 4623 7062 4624 7062 4577 7062 4577 7063 4624 7063 4576 7063 4624 7064 4625 7064 4576 7064 4576 7065 4625 7065 4574 7065 4625 7066 4626 7066 4574 7066 4617 7067 4615 7067 4619 7067 4615 7068 4584 7068 4619 7068 4619 7069 4584 7069 4621 7069 4584 7070 3135 7070 4621 7070 4621 7071 3135 7071 4623 7071 3135 7072 3134 7072 4623 7072 4623 7073 3134 7073 4624 7073 3134 7074 4578 7074 4624 7074 4624 7075 4578 7075 4625 7075 4578 7076 4585 7076 4625 7076 4625 7077 4585 7077 4626 7077 4585 7078 4563 7078 4626 7078 4626 7079 4563 7079 4387 7079 4563 7080 4565 7080 4387 7080 4387 7081 4565 7081 4391 7081 4565 7082 4567 7082 4391 7082 4391 7083 4567 7083 4392 7083 4567 7084 4569 7084 4392 7084 4392 7085 4569 7085 4393 7085 4569 7086 4571 7086 4393 7086 4393 7087 4571 7087 4408 7087 4571 7088 4573 7088 4408 7088 4408 7089 4573 7089 4409 7089 4573 7090 4612 7090 4409 7090 4409 7091 4612 7091 4410 7091 3127 7092 3129 7092 4590 7092 3129 7093 4627 7093 4590 7093 4590 7094 4627 7094 4588 7094 4627 7095 4628 7095 4588 7095 4588 7096 4628 7096 4586 7096 4628 7097 4629 7097 4586 7097 4586 7098 4629 7098 4630 7098 4629 7099 4631 7099 4630 7099 4630 7100 4631 7100 4632 7100 4631 7101 4633 7101 4632 7101 4632 7102 4633 7102 4634 7102 4635 7103 4636 7103 4637 7103 4636 7104 4638 7104 4637 7104 3156 7105 3155 7105 4417 7105 3155 7106 4639 7106 4417 7106 4417 7107 4639 7107 4416 7107 4639 7108 4640 7108 4416 7108 4416 7109 4640 7109 4414 7109 4640 7110 4641 7110 4414 7110 4414 7111 4641 7111 3129 7111 4641 7112 4642 7112 3129 7112 3129 7113 4642 7113 4627 7113 4642 7114 4643 7114 4627 7114 4627 7115 4643 7115 4628 7115 4643 7116 4644 7116 4628 7116 4628 7117 4644 7117 4629 7117 4644 7118 4645 7118 4629 7118 4629 7119 4645 7119 4631 7119 4645 7120 4637 7120 4631 7120 4631 7121 4637 7121 4633 7121 4637 7122 4638 7122 4633 7122 4633 7123 4638 7123 4634 7123 4634 7124 4646 7124 4632 7124 4646 7125 4647 7125 4632 7125 4632 7126 4647 7126 4630 7126 4647 7127 4648 7127 4630 7127 4630 7128 4648 7128 4586 7128 4648 7129 4649 7129 4586 7129 4586 7130 4649 7130 4587 7130 4646 7131 4650 7131 4647 7131 4650 7132 4651 7132 4647 7132 4647 7133 4651 7133 4648 7133 4651 7134 4652 7134 4648 7134 4648 7135 4652 7135 4649 7135 4652 7136 4653 7136 4649 7136 4649 7137 4653 7137 4587 7137 4653 7138 4654 7138 4587 7138 4587 7139 4654 7139 4589 7139 4654 7140 4655 7140 4589 7140 4589 7141 4655 7141 4591 7141 4656 7142 4657 7142 4658 7142 4657 7143 4659 7143 4658 7143 4658 7144 4659 7144 4660 7144 4661 7145 4662 7145 4663 7145 4664 7146 4665 7146 4666 7146 4665 7147 4667 7147 4666 7147 4666 7148 4667 7148 4668 7148 4667 7149 4669 7149 4668 7149 4668 7150 4669 7150 4670 7150 4669 7151 4671 7151 4670 7151 4670 7152 4671 7152 4672 7152 4671 7153 4673 7153 4672 7153 4672 7154 4673 7154 4674 7154 4675 7155 4676 7155 4677 7155 4676 7156 4678 7156 4677 7156 4679 7157 4680 7157 4681 7157 4682 7158 4675 7158 4683 7158 4675 7159 4677 7159 4683 7159 4683 7160 4677 7160 4684 7160 4677 7161 4678 7161 4684 7161 4684 7162 4678 7162 4685 7162 4686 7163 4687 7163 4688 7163 4687 7164 4689 7164 4688 7164 4688 7165 4689 7165 4680 7165 4689 7166 4660 7166 4680 7166 4680 7167 4660 7167 4681 7167 4660 7168 4659 7168 4681 7168 4592 7169 4656 7169 4661 7169 4656 7170 4658 7170 4661 7170 4661 7171 4658 7171 4662 7171 4658 7172 4660 7172 4662 7172 4662 7173 4660 7173 4690 7173 4660 7174 4689 7174 4690 7174 4690 7175 4689 7175 4691 7175 4592 7176 4661 7176 4593 7176 4661 7177 4663 7177 4593 7177 4593 7178 4663 7178 4595 7178 4663 7179 4692 7179 4595 7179 4595 7180 4692 7180 4597 7180 4692 7181 4693 7181 4597 7181 4597 7182 4693 7182 4599 7182 4693 7183 4694 7183 4599 7183 4599 7184 4694 7184 4601 7184 4694 7185 4695 7185 4601 7185 4601 7186 4695 7186 4606 7186 4696 7187 4554 7187 4697 7187 4554 7188 4555 7188 4697 7188 4697 7189 4555 7189 4698 7189 4555 7190 4556 7190 4698 7190 4698 7191 4556 7191 4699 7191 4556 7192 4557 7192 4699 7192 4699 7193 4557 7193 4700 7193 4557 7194 4552 7194 4700 7194 4701 7195 4702 7195 4703 7195 4704 7196 4705 7196 4706 7196 4705 7197 4707 7197 4706 7197 4706 7198 4707 7198 4708 7198 4543 7199 4704 7199 4541 7199 4704 7200 4706 7200 4541 7200 4541 7201 4706 7201 4709 7201 4706 7202 4708 7202 4709 7202 4710 7203 4711 7203 4712 7203 4711 7204 4713 7204 4712 7204 4714 7205 4712 7205 4715 7205 4712 7206 4713 7206 4715 7206 4715 7207 4713 7207 4716 7207 4713 7208 4717 7208 4716 7208 4716 7209 4717 7209 4718 7209 4719 7210 4720 7210 4721 7210 4720 7211 4701 7211 4721 7211 4721 7212 4701 7212 4722 7212 4701 7213 4703 7213 4722 7213 4722 7214 4703 7214 4723 7214 4724 7215 4696 7215 4725 7215 4696 7216 4697 7216 4725 7216 4725 7217 4697 7217 4726 7217 4697 7218 4698 7218 4726 7218 4726 7219 4698 7219 4727 7219 4698 7220 4699 7220 4727 7220 4727 7221 4699 7221 4719 7221 4699 7222 4700 7222 4719 7222 4719 7223 4700 7223 4720 7223 4700 7224 4552 7224 4720 7224 4720 7225 4552 7225 4701 7225 4552 7226 4550 7226 4701 7226 4701 7227 4550 7227 4702 7227 4550 7228 4548 7228 4702 7228 4728 7229 4729 7229 4730 7229 4731 7230 4732 7230 4733 7230 4732 7231 4734 7231 4733 7231 4733 7232 4734 7232 4735 7232 4734 7233 4736 7233 4735 7233 4735 7234 4736 7234 4737 7234 4736 7235 4738 7235 4737 7235 4737 7236 4738 7236 4739 7236 4738 7237 4740 7237 4739 7237 4739 7238 4740 7238 4741 7238 4740 7239 4742 7239 4741 7239 4741 7240 4742 7240 4730 7240 4742 7241 4743 7241 4730 7241 4730 7242 4743 7242 4728 7242 4732 7243 4724 7243 4734 7243 4724 7244 4725 7244 4734 7244 4734 7245 4725 7245 4736 7245 4725 7246 4726 7246 4736 7246 4736 7247 4726 7247 4738 7247 4726 7248 4727 7248 4738 7248 4738 7249 4727 7249 4740 7249 4727 7250 4719 7250 4740 7250 4740 7251 4719 7251 4742 7251 4719 7252 4721 7252 4742 7252 4742 7253 4721 7253 4743 7253 4721 7254 4722 7254 4743 7254 4743 7255 4722 7255 4728 7255 4722 7256 4723 7256 4728 7256 4728 7257 4723 7257 4729 7257 4718 7258 4744 7258 4716 7258 4744 7259 4745 7259 4716 7259 4716 7260 4745 7260 4715 7260 4745 7261 4746 7261 4715 7261 4715 7262 4746 7262 4714 7262 4746 7263 4747 7263 4714 7263 4748 7264 4749 7264 4750 7264 4749 7265 4751 7265 4750 7265 4750 7266 4751 7266 4752 7266 4751 7267 4753 7267 4752 7267 4752 7268 4753 7268 4754 7268 4755 7269 4756 7269 4757 7269 4756 7270 4758 7270 4757 7270 4757 7271 4758 7271 4759 7271 4758 7272 4760 7272 4759 7272 4761 7273 4762 7273 4763 7273 4762 7274 4764 7274 4763 7274 4763 7275 4764 7275 4765 7275 4764 7276 4766 7276 4765 7276 4765 7277 4766 7277 4767 7277 4768 7278 4759 7278 4761 7278 4759 7279 4760 7279 4761 7279 4761 7280 4760 7280 4762 7280 4760 7281 4769 7281 4762 7281 4762 7282 4769 7282 4764 7282 4769 7283 4770 7283 4764 7283 4764 7284 4770 7284 4766 7284 4770 7285 4771 7285 4766 7285 4766 7286 4771 7286 4767 7286 4768 7287 4761 7287 4772 7287 4761 7288 4763 7288 4772 7288 4772 7289 4763 7289 4773 7289 4763 7290 4765 7290 4773 7290 4773 7291 4765 7291 4774 7291 4765 7292 4767 7292 4774 7292 4774 7293 4767 7293 4775 7293 4776 7294 4777 7294 4778 7294 4779 7295 3114 7295 4780 7295 3116 7296 3115 7296 4781 7296 4782 7297 4783 7297 4784 7297 4783 7298 4748 7298 4784 7298 4784 7299 4748 7299 4785 7299 4748 7300 4750 7300 4785 7300 4785 7301 4750 7301 4786 7301 4750 7302 4752 7302 4786 7302 4786 7303 4752 7303 4787 7303 4752 7304 4754 7304 4787 7304 4787 7305 4754 7305 4788 7305 3126 7306 3125 7306 4789 7306 3125 7307 4790 7307 4789 7307 4789 7308 4790 7308 4791 7308 4790 7309 4792 7309 4791 7309 4791 7310 4792 7310 4793 7310 3111 7311 3110 7311 4794 7311 3110 7312 4795 7312 4794 7312 4794 7313 4795 7313 4796 7313 4795 7314 4797 7314 4796 7314 4796 7315 4797 7315 4798 7315 4797 7316 4799 7316 4798 7316 4798 7317 4799 7317 4800 7317 4799 7318 4801 7318 4800 7318 4800 7319 4801 7319 4802 7319 4803 7320 4804 7320 4805 7320 4804 7321 4792 7321 4805 7321 4805 7322 4792 7322 4806 7322 4792 7323 4790 7323 4806 7323 4806 7324 4790 7324 4807 7324 4790 7325 3125 7325 4807 7325 4807 7326 3125 7326 4808 7326 3125 7327 3123 7327 4808 7327 4808 7328 3123 7328 4809 7328 3123 7329 3122 7329 4809 7329 4809 7330 3122 7330 4810 7330 3122 7331 4664 7331 4810 7331 4810 7332 4664 7332 4635 7332 4664 7333 4666 7333 4635 7333 4635 7334 4666 7334 4636 7334 4666 7335 4668 7335 4636 7335 4636 7336 4668 7336 4638 7336 4668 7337 4670 7337 4638 7337 4638 7338 4670 7338 4634 7338 4670 7339 4672 7339 4634 7339 4634 7340 4672 7340 4646 7340 4672 7341 4674 7341 4646 7341 4646 7342 4674 7342 4650 7342 4539 7343 4549 7343 4356 7343 4549 7344 4558 7344 4356 7344 4356 7345 4558 7345 4357 7345 4558 7346 4559 7346 4357 7346 4357 7347 4559 7347 3138 7347 4559 7348 4560 7348 3138 7348 3138 7349 4560 7349 3136 7349 4560 7350 4561 7350 3136 7350 3136 7351 4561 7351 4811 7351 4561 7352 4562 7352 4811 7352 4811 7353 4562 7353 4812 7353 4562 7354 4544 7354 4812 7354 4812 7355 4544 7355 4813 7355 4544 7356 4554 7356 4813 7356 4813 7357 4554 7357 4814 7357 4554 7358 4696 7358 4814 7358 4814 7359 4696 7359 4815 7359 4696 7360 4724 7360 4815 7360 4815 7361 4724 7361 4816 7361 4724 7362 4732 7362 4816 7362 4816 7363 4732 7363 4817 7363 4732 7364 4731 7364 4817 7364 4817 7365 4731 7365 4818 7365 3163 7366 3162 7366 4401 7366 3162 7367 4418 7367 4401 7367 4401 7368 4418 7368 4399 7368 4418 7369 4380 7369 4399 7369 4399 7370 4380 7370 4397 7370 4380 7371 4379 7371 4397 7371 4397 7372 4379 7372 4396 7372 4379 7373 4364 7373 4396 7373 4396 7374 4364 7374 4394 7374 4364 7375 4363 7375 4394 7375 4394 7376 4363 7376 4384 7376 4363 7377 4362 7377 4384 7377 4384 7378 4362 7378 4389 7378 4362 7379 4360 7379 4389 7379 4389 7380 4360 7380 4387 7380 4360 7381 4359 7381 4387 7381 4387 7382 4359 7382 4626 7382 4359 7383 3137 7383 4626 7383 4626 7384 3137 7384 4574 7384 3137 7385 3136 7385 4574 7385 4574 7386 3136 7386 4575 7386 3136 7387 4811 7387 4575 7387 4575 7388 4811 7388 4577 7388 4811 7389 4812 7389 4577 7389 4577 7390 4812 7390 4622 7390 4812 7391 4813 7391 4622 7391 4622 7392 4813 7392 4620 7392 4813 7393 4814 7393 4620 7393 4620 7394 4814 7394 4618 7394 4814 7395 4815 7395 4618 7395 4618 7396 4815 7396 4616 7396 4815 7397 4816 7397 4616 7397 4616 7398 4816 7398 4819 7398 4816 7399 4817 7399 4819 7399 4819 7400 4817 7400 4820 7400 4817 7401 4818 7401 4820 7401 4820 7402 4818 7402 4821 7402 4818 7403 4822 7403 4821 7403 4821 7404 4822 7404 4823 7404 4822 7405 4824 7405 4823 7405 4823 7406 4824 7406 4825 7406 4729 7407 4755 7407 4730 7407 4755 7408 4757 7408 4730 7408 4730 7409 4757 7409 4741 7409 4757 7410 4759 7410 4741 7410 4741 7411 4759 7411 4739 7411 4759 7412 4768 7412 4739 7412 4739 7413 4768 7413 4737 7413 4768 7414 4772 7414 4737 7414 4737 7415 4772 7415 4735 7415 4772 7416 4773 7416 4735 7416 4735 7417 4773 7417 4733 7417 4773 7418 4774 7418 4733 7418 4733 7419 4774 7419 4731 7419 4774 7420 4775 7420 4731 7420 4731 7421 4775 7421 4818 7421 4775 7422 4826 7422 4818 7422 4818 7423 4826 7423 4822 7423 4826 7424 4827 7424 4822 7424 4822 7425 4827 7425 4824 7425 3108 7426 3107 7426 4828 7426 3107 7427 4829 7427 4828 7427 4828 7428 4829 7428 4803 7428 4829 7429 4830 7429 4803 7429 4803 7430 4830 7430 4804 7430 4793 7431 4792 7431 4831 7431 4792 7432 4804 7432 4831 7432 4831 7433 4804 7433 4832 7433 4804 7434 4830 7434 4832 7434 4832 7435 4830 7435 4833 7435 4830 7436 4829 7436 4833 7436 4833 7437 4829 7437 4834 7437 4829 7438 3107 7438 4834 7438 4834 7439 3107 7439 4835 7439 3107 7440 3106 7440 4835 7440 4835 7441 3106 7441 4836 7441 4836 7442 4837 7442 4835 7442 4837 7443 4838 7443 4835 7443 4835 7444 4838 7444 4834 7444 4838 7445 4839 7445 4834 7445 4834 7446 4839 7446 4833 7446 4839 7447 4840 7447 4833 7447 4833 7448 4840 7448 4832 7448 4840 7449 4841 7449 4832 7449 4832 7450 4841 7450 4831 7450 4841 7451 4842 7451 4831 7451 4831 7452 4842 7452 4793 7452 4842 7453 4843 7453 4793 7453 4793 7454 4843 7454 4791 7454 4843 7455 4844 7455 4791 7455 4791 7456 4844 7456 4789 7456 4844 7457 4845 7457 4789 7457 4789 7458 4845 7458 3126 7458 3105 7459 3104 7459 4846 7459 3104 7460 4847 7460 4846 7460 4846 7461 4847 7461 4848 7461 3157 7462 3161 7462 3155 7462 3161 7463 3163 7463 3155 7463 3155 7464 3163 7464 4639 7464 3163 7465 4402 7465 4639 7465 4639 7466 4402 7466 4640 7466 4402 7467 4407 7467 4640 7467 4640 7468 4407 7468 4641 7468 4407 7469 4410 7469 4641 7469 4641 7470 4410 7470 4642 7470 4410 7471 4612 7471 4642 7471 4642 7472 4612 7472 4643 7472 4612 7473 4613 7473 4643 7473 4643 7474 4613 7474 4644 7474 4613 7475 3132 7475 4644 7475 4644 7476 3132 7476 4645 7476 3132 7477 3131 7477 4645 7477 4645 7478 3131 7478 4637 7478 3131 7479 4609 7479 4637 7479 4637 7480 4609 7480 4635 7480 4609 7481 4610 7481 4635 7481 4635 7482 4610 7482 4810 7482 4610 7483 4611 7483 4810 7483 4810 7484 4611 7484 4809 7484 4611 7485 4614 7485 4809 7485 4809 7486 4614 7486 4808 7486 4614 7487 4615 7487 4808 7487 4808 7488 4615 7488 4807 7488 4615 7489 4617 7489 4807 7489 4807 7490 4617 7490 4806 7490 4617 7491 4616 7491 4806 7491 4806 7492 4616 7492 4805 7492 4616 7493 4819 7493 4805 7493 4805 7494 4819 7494 4803 7494 4819 7495 4820 7495 4803 7495 4803 7496 4820 7496 4828 7496 4820 7497 4821 7497 4828 7497 4828 7498 4821 7498 3108 7498 4821 7499 4823 7499 3108 7499 3108 7500 4823 7500 3106 7500 4823 7501 4825 7501 3106 7501 3106 7502 4825 7502 4836 7502 3119 7503 4802 7503 3120 7503 4802 7504 4801 7504 3120 7504 3120 7505 4801 7505 4849 7505 4801 7506 4799 7506 4849 7506 4849 7507 4799 7507 4850 7507 4799 7508 4797 7508 4850 7508 4850 7509 4797 7509 4851 7509 4797 7510 4795 7510 4851 7510 4851 7511 4795 7511 4852 7511 4795 7512 3110 7512 4852 7512 4852 7513 3110 7513 4853 7513 3110 7514 3109 7514 4853 7514 4853 7515 3109 7515 4854 7515 4855 7516 4856 7516 4857 7516 4856 7517 4858 7517 4857 7517 4857 7518 4858 7518 4859 7518 3121 7519 3118 7519 4860 7519 3118 7520 3101 7520 4860 7520 4860 7521 3101 7521 4861 7521 3101 7522 3100 7522 4861 7522 4861 7523 3100 7523 4862 7523 4863 7524 4686 7524 4864 7524 4686 7525 4688 7525 4864 7525 4864 7526 4688 7526 4682 7526 4688 7527 4680 7527 4682 7527 4682 7528 4680 7528 4675 7528 4680 7529 4679 7529 4675 7529 4675 7530 4679 7530 4676 7530 4865 7531 4866 7531 4867 7531 4866 7532 4859 7532 4867 7532 4867 7533 4859 7533 4868 7533 4859 7534 4858 7534 4868 7534 3102 7535 4855 7535 3100 7535 4855 7536 4857 7536 3100 7536 3100 7537 4857 7537 4862 7537 4857 7538 4859 7538 4862 7538 4862 7539 4859 7539 4869 7539 4859 7540 4866 7540 4869 7540 4869 7541 4866 7541 4870 7541 4871 7542 4872 7542 4873 7542 4872 7543 4874 7543 4873 7543 4873 7544 4874 7544 4875 7544 4874 7545 4876 7545 4875 7545 4875 7546 4876 7546 4877 7546 4878 7547 4879 7547 4880 7547 4881 7548 4882 7548 4883 7548 4882 7549 4884 7549 4883 7549 4883 7550 4884 7550 4885 7550 4884 7551 4886 7551 4885 7551 4887 7552 4879 7552 4888 7552 4879 7553 4878 7553 4888 7553 4888 7554 4878 7554 4889 7554 4847 7555 4890 7555 4848 7555 4890 7556 4891 7556 4848 7556 4848 7557 4891 7557 4892 7557 4891 7558 4893 7558 4892 7558 4892 7559 4893 7559 3097 7559 4893 7560 4894 7560 3097 7560 3097 7561 4894 7561 3098 7561 4895 7562 4887 7562 4896 7562 4887 7563 4888 7563 4896 7563 4896 7564 4888 7564 4897 7564 4888 7565 4889 7565 4897 7565 4897 7566 4889 7566 4898 7566 3115 7567 3113 7567 4781 7567 3113 7568 4899 7568 4781 7568 4781 7569 4899 7569 4900 7569 4899 7570 4901 7570 4900 7570 4900 7571 4901 7571 4902 7571 4901 7572 4903 7572 4902 7572 3114 7573 4779 7573 3112 7573 4779 7574 4904 7574 3112 7574 3112 7575 4904 7575 4905 7575 4904 7576 4906 7576 4905 7576 4905 7577 4906 7577 4907 7577 3113 7578 3112 7578 4899 7578 3112 7579 4905 7579 4899 7579 4899 7580 4905 7580 4901 7580 4905 7581 4907 7581 4901 7581 4901 7582 4907 7582 4903 7582 4881 7583 3117 7583 4882 7583 3117 7584 3116 7584 4882 7584 4882 7585 3116 7585 4884 7585 3116 7586 4781 7586 4884 7586 4884 7587 4781 7587 4886 7587 4781 7588 4900 7588 4886 7588 4886 7589 4900 7589 4908 7589 4900 7590 4902 7590 4908 7590 4894 7591 4895 7591 3098 7591 4895 7592 4896 7592 3098 7592 3098 7593 4896 7593 3099 7593 4896 7594 4897 7594 3099 7594 3099 7595 4897 7595 4909 7595 4897 7596 4898 7596 4909 7596 4909 7597 4898 7597 4910 7597 4906 7598 4911 7598 4907 7598 4911 7599 4912 7599 4907 7599 4907 7600 4912 7600 4903 7600 4912 7601 4913 7601 4903 7601 4903 7602 4913 7602 4902 7602 4913 7603 4910 7603 4902 7603 4902 7604 4910 7604 4908 7604 4910 7605 4898 7605 4908 7605 4908 7606 4898 7606 4886 7606 4898 7607 4889 7607 4886 7607 4886 7608 4889 7608 4885 7608 4889 7609 4878 7609 4885 7609 4885 7610 4878 7610 4883 7610 4878 7611 4880 7611 4883 7611 4883 7612 4880 7612 4881 7612 3121 7613 3120 7613 3118 7613 3120 7614 4849 7614 3118 7614 3118 7615 4849 7615 3102 7615 4849 7616 4850 7616 3102 7616 3102 7617 4850 7617 4855 7617 4850 7618 4851 7618 4855 7618 4855 7619 4851 7619 4856 7619 4851 7620 4852 7620 4856 7620 4856 7621 4852 7621 4858 7621 4852 7622 4853 7622 4858 7622 4858 7623 4853 7623 4868 7623 4853 7624 4854 7624 4868 7624 4868 7625 4854 7625 4867 7625 4854 7626 4914 7626 4867 7626 4867 7627 4914 7627 4865 7627 4914 7628 4915 7628 4865 7628 4865 7629 4915 7629 4916 7629 3095 7630 3094 7630 4917 7630 3094 7631 4918 7631 4917 7631 4917 7632 4918 7632 4870 7632 4870 7633 4866 7633 4917 7633 4866 7634 4865 7634 4917 7634 4917 7635 4865 7635 3095 7635 4865 7636 4916 7636 3095 7636 3095 7637 4916 7637 3096 7637 3093 7638 4919 7638 4920 7638 4919 7639 4876 7639 4920 7639 4920 7640 4876 7640 4921 7640 4876 7641 4874 7641 4921 7641 4921 7642 4874 7642 4922 7642 4874 7643 4872 7643 4922 7643 4922 7644 4872 7644 4863 7644 4923 7645 4924 7645 4925 7645 4924 7646 4926 7646 4925 7646 4925 7647 4926 7647 4927 7647 4926 7648 3096 7648 4927 7648 4927 7649 3096 7649 4928 7649 3096 7650 4916 7650 4928 7650 4928 7651 4916 7651 4929 7651 4916 7652 4915 7652 4929 7652 4924 7653 4930 7653 4926 7653 4930 7654 4931 7654 4926 7654 4926 7655 4931 7655 3096 7655 4931 7656 4932 7656 3096 7656 3096 7657 4932 7657 3094 7657 4932 7658 4933 7658 3094 7658 3094 7659 4933 7659 4918 7659 3093 7660 3092 7660 4919 7660 3092 7661 4934 7661 4919 7661 4919 7662 4934 7662 4876 7662 4934 7663 4935 7663 4876 7663 4876 7664 4935 7664 4877 7664 4913 7665 4923 7665 4910 7665 4923 7666 4925 7666 4910 7666 4910 7667 4925 7667 4909 7667 4925 7668 4927 7668 4909 7668 4909 7669 4927 7669 3099 7669 4927 7670 4928 7670 3099 7670 3099 7671 4928 7671 3097 7671 4928 7672 4929 7672 3097 7672 3097 7673 4929 7673 4892 7673 4929 7674 4915 7674 4892 7674 4892 7675 4915 7675 4848 7675 4915 7676 4914 7676 4848 7676 4848 7677 4914 7677 4846 7677 4914 7678 4854 7678 4846 7678 4846 7679 4854 7679 3105 7679 4854 7680 3109 7680 3105 7680 3105 7681 3109 7681 3103 7681 3109 7682 3111 7682 3103 7682 4936 7683 4871 7683 4937 7683 4871 7684 4873 7684 4937 7684 4937 7685 4873 7685 4938 7685 4873 7686 4875 7686 4938 7686 4938 7687 4875 7687 4939 7687 4875 7688 4877 7688 4939 7688 4939 7689 4877 7689 4940 7689 4877 7690 4935 7690 4940 7690 4863 7691 4872 7691 4686 7691 4872 7692 4871 7692 4686 7692 4686 7693 4871 7693 4687 7693 4871 7694 4936 7694 4687 7694 4687 7695 4936 7695 4689 7695 4936 7696 4941 7696 4689 7696 4689 7697 4941 7697 4691 7697 4942 7698 4943 7698 4944 7698 4943 7699 4945 7699 4944 7699 4946 7700 4944 7700 4469 7700 4944 7701 4945 7701 4469 7701 4469 7702 4945 7702 4470 7702 4947 7703 4948 7703 4949 7703 4948 7704 4950 7704 4949 7704 3090 7705 4942 7705 4950 7705 4942 7706 4944 7706 4950 7706 4950 7707 4944 7707 4949 7707 4944 7708 4946 7708 4949 7708 4949 7709 4946 7709 4951 7709 3089 7710 4516 7710 3090 7710 4516 7711 4518 7711 3090 7711 3090 7712 4518 7712 4942 7712 4518 7713 4521 7713 4942 7713 4942 7714 4521 7714 4943 7714 4521 7715 4523 7715 4943 7715 4943 7716 4523 7716 4945 7716 4523 7717 4525 7717 4945 7717 4945 7718 4525 7718 4470 7718 4525 7719 4527 7719 4470 7719 4470 7720 4527 7720 4472 7720 4527 7721 4529 7721 4472 7721 4472 7722 4529 7722 4474 7722 4529 7723 4531 7723 4474 7723 4474 7724 4531 7724 4476 7724 4531 7725 4533 7725 4476 7725 4476 7726 4533 7726 4478 7726 3088 7727 4952 7727 3089 7727 4952 7728 4953 7728 3089 7728 3089 7729 4953 7729 4516 7729 4953 7730 4954 7730 4516 7730 4516 7731 4954 7731 4514 7731 3139 7732 3141 7732 4955 7732 3141 7733 4956 7733 4955 7733 4955 7734 4956 7734 4957 7734 4956 7735 4958 7735 4957 7735 4957 7736 4958 7736 4959 7736 3139 7737 4960 7737 3140 7737 4960 7738 4515 7738 3140 7738 3140 7739 4515 7739 3141 7739 4515 7740 4514 7740 3141 7740 3141 7741 4514 7741 4956 7741 4514 7742 4954 7742 4956 7742 4956 7743 4954 7743 4958 7743 4954 7744 4953 7744 4958 7744 4958 7745 4953 7745 4961 7745 4953 7746 4952 7746 4961 7746 4961 7747 4952 7747 4962 7747 4952 7748 3088 7748 4962 7748 4962 7749 3088 7749 4963 7749 3088 7750 3090 7750 4963 7750 4963 7751 3090 7751 4964 7751 3090 7752 4950 7752 4964 7752 4965 7753 4966 7753 4967 7753 4968 7754 4969 7754 4970 7754 4971 7755 4972 7755 4966 7755 4973 7756 4974 7756 4975 7756 4974 7757 4976 7757 4975 7757 4972 7758 4971 7758 4977 7758 4971 7759 4978 7759 4977 7759 4977 7760 4978 7760 4979 7760 4978 7761 4980 7761 4979 7761 4979 7762 4980 7762 4981 7762 4982 7763 4983 7763 4984 7763 4985 7764 4986 7764 4987 7764 4986 7765 4988 7765 4987 7765 4987 7766 4988 7766 4989 7766 4988 7767 4982 7767 4989 7767 4989 7768 4982 7768 4990 7768 4982 7769 4984 7769 4990 7769 4991 7770 4992 7770 4993 7770 4497 7771 4499 7771 4994 7771 4499 7772 4995 7772 4994 7772 4994 7773 4995 7773 4996 7773 4997 7774 4998 7774 4999 7774 4998 7775 5000 7775 4999 7775 4999 7776 5000 7776 5001 7776 3197 7777 5002 7777 4491 7777 5002 7778 5003 7778 4491 7778 4491 7779 5003 7779 4493 7779 5003 7780 5004 7780 4493 7780 4493 7781 5004 7781 4495 7781 4495 7782 4466 7782 4494 7782 4466 7783 4465 7783 4494 7783 4494 7784 4465 7784 4492 7784 4465 7785 3197 7785 4492 7785 5005 7786 5006 7786 5007 7786 5006 7787 5001 7787 5007 7787 5007 7788 5001 7788 5008 7788 5001 7789 5000 7789 5008 7789 5008 7790 5000 7790 4951 7790 5000 7791 4998 7791 4951 7791 4951 7792 4998 7792 4949 7792 4998 7793 4997 7793 4949 7793 4949 7794 4997 7794 4947 7794 5009 7795 5010 7795 5011 7795 5010 7796 5012 7796 5011 7796 5011 7797 5012 7797 5013 7797 5012 7798 5014 7798 5013 7798 3197 7799 5015 7799 5016 7799 5015 7800 5017 7800 5016 7800 5016 7801 5017 7801 5018 7801 5017 7802 3084 7802 5018 7802 5018 7803 3084 7803 5019 7803 3084 7804 3086 7804 5019 7804 5019 7805 3086 7805 5020 7805 3086 7806 4496 7806 5020 7806 5020 7807 4496 7807 4487 7807 4496 7808 3146 7808 4487 7808 4487 7809 3146 7809 4479 7809 3146 7810 3145 7810 4479 7810 3197 7811 5021 7811 5015 7811 5021 7812 5022 7812 5015 7812 5015 7813 5022 7813 5017 7813 5022 7814 5023 7814 5017 7814 5017 7815 5023 7815 3084 7815 5023 7816 5024 7816 3084 7816 3084 7817 5024 7817 3085 7817 5024 7818 5025 7818 3085 7818 3085 7819 5025 7819 3087 7819 5025 7820 4996 7820 3087 7820 3087 7821 4996 7821 3147 7821 4996 7822 4995 7822 3147 7822 3147 7823 4995 7823 3145 7823 4995 7824 4499 7824 3145 7824 3145 7825 4499 7825 4479 7825 4499 7826 4498 7826 4479 7826 4479 7827 4498 7827 4480 7827 4218 7828 5026 7828 4217 7828 5026 7829 3193 7829 4217 7829 4217 7830 3193 7830 4216 7830 3193 7831 3195 7831 4216 7831 4216 7832 3195 7832 4435 7832 3195 7833 4241 7833 4435 7833 4435 7834 4241 7834 4460 7834 4241 7835 4463 7835 4460 7835 4460 7836 4463 7836 4490 7836 4463 7837 4462 7837 4490 7837 4490 7838 4462 7838 4489 7838 4462 7839 4464 7839 4489 7839 4489 7840 4464 7840 4488 7840 4464 7841 4466 7841 4488 7841 4488 7842 4466 7842 4487 7842 4466 7843 4495 7843 4487 7843 4487 7844 4495 7844 5020 7844 4495 7845 5004 7845 5020 7845 5020 7846 5004 7846 5019 7846 5004 7847 5003 7847 5019 7847 5019 7848 5003 7848 5018 7848 5003 7849 5002 7849 5018 7849 5018 7850 5002 7850 5016 7850 5002 7851 3197 7851 5016 7851 5027 7852 5028 7852 5029 7852 5028 7853 5030 7853 5029 7853 5029 7854 5030 7854 5031 7854 5030 7855 5032 7855 5031 7855 5031 7856 5032 7856 5033 7856 5032 7857 5034 7857 5033 7857 5033 7858 5034 7858 5035 7858 5034 7859 5036 7859 5035 7859 5037 7860 4973 7860 4983 7860 4973 7861 4975 7861 4983 7861 4983 7862 4975 7862 4984 7862 4975 7863 4976 7863 4984 7863 4984 7864 4976 7864 4990 7864 4976 7865 5038 7865 4990 7865 4990 7866 5038 7866 4989 7866 5038 7867 5039 7867 4989 7867 4989 7868 5039 7868 4987 7868 5039 7869 5040 7869 4987 7869 4987 7870 5040 7870 4985 7870 4787 7871 5041 7871 4786 7871 5041 7872 5042 7872 4786 7872 4786 7873 5042 7873 4785 7873 5042 7874 5043 7874 4785 7874 4785 7875 5043 7875 4784 7875 5043 7876 5044 7876 4784 7876 4784 7877 5044 7877 4782 7877 5044 7878 5045 7878 4782 7878 5046 7879 5045 7879 5047 7879 5045 7880 5044 7880 5047 7880 5047 7881 5044 7881 5048 7881 5044 7882 5043 7882 5048 7882 5048 7883 5043 7883 5049 7883 5043 7884 5042 7884 5049 7884 5049 7885 5042 7885 5050 7885 5042 7886 5041 7886 5050 7886 5050 7887 5041 7887 5051 7887 5041 7888 4787 7888 5051 7888 5051 7889 4787 7889 5052 7889 4787 7890 4788 7890 5052 7890 5052 7891 4788 7891 3078 7891 5052 7892 5053 7892 5051 7892 5053 7893 5054 7893 5051 7893 5051 7894 5054 7894 5050 7894 5054 7895 5055 7895 5050 7895 5050 7896 5055 7896 5049 7896 5055 7897 5056 7897 5049 7897 5049 7898 5056 7898 5048 7898 5056 7899 5057 7899 5048 7899 5048 7900 5057 7900 5047 7900 5057 7901 5058 7901 5047 7901 5047 7902 5058 7902 5046 7902 5058 7903 5059 7903 5046 7903 4970 7904 5060 7904 4968 7904 5060 7905 5061 7905 4968 7905 4968 7906 5061 7906 5062 7906 5061 7907 5063 7907 5062 7907 5062 7908 5063 7908 5064 7908 5063 7909 5065 7909 5064 7909 5064 7910 5065 7910 5066 7910 5065 7911 5067 7911 5066 7911 5066 7912 5067 7912 5068 7912 4969 7913 4968 7913 5069 7913 4968 7914 5062 7914 5069 7914 5069 7915 5062 7915 5070 7915 5062 7916 5064 7916 5070 7916 5070 7917 5064 7917 5071 7917 5064 7918 5066 7918 5071 7918 5071 7919 5066 7919 5072 7919 5066 7920 5068 7920 5072 7920 5072 7921 5068 7921 5073 7921 5074 7922 4970 7922 5075 7922 4970 7923 4969 7923 5075 7923 5075 7924 4969 7924 5076 7924 4969 7925 5069 7925 5076 7925 5076 7926 5069 7926 5077 7926 5069 7927 5070 7927 5077 7927 5077 7928 5070 7928 5078 7928 5070 7929 5071 7929 5078 7929 5078 7930 5071 7930 5079 7930 5071 7931 5072 7931 5079 7931 5079 7932 5072 7932 5080 7932 5072 7933 5073 7933 5080 7933 5080 7934 5073 7934 5081 7934 5082 7935 4981 7935 5037 7935 4981 7936 4980 7936 5037 7936 5037 7937 4980 7937 4973 7937 4980 7938 4978 7938 4973 7938 4973 7939 4978 7939 4974 7939 4978 7940 4971 7940 4974 7940 4974 7941 4971 7941 4976 7941 4971 7942 4966 7942 4976 7942 4976 7943 4966 7943 5038 7943 4966 7944 4965 7944 5038 7944 5038 7945 4965 7945 5039 7945 4965 7946 5083 7946 5039 7946 5039 7947 5083 7947 5040 7947 5083 7948 5084 7948 5040 7948 5040 7949 5084 7949 4985 7949 4992 7950 4991 7950 5085 7950 4991 7951 5086 7951 5085 7951 5085 7952 5086 7952 5087 7952 5086 7953 5088 7953 5087 7953 5087 7954 5088 7954 5089 7954 5088 7955 5090 7955 5089 7955 5089 7956 5090 7956 5091 7956 5090 7957 5092 7957 5091 7957 5091 7958 5092 7958 5093 7958 3069 7959 3070 7959 3068 7959 3070 7960 5094 7960 3068 7960 3068 7961 5094 7961 5095 7961 5094 7962 5096 7962 5095 7962 5095 7963 5096 7963 5097 7963 5096 7964 5098 7964 5097 7964 5097 7965 5098 7965 5099 7965 3076 7966 3075 7966 5100 7966 3075 7967 5101 7967 5100 7967 5100 7968 5101 7968 5102 7968 5101 7969 5103 7969 5102 7969 5102 7970 5103 7970 5104 7970 5103 7971 5105 7971 5104 7971 5104 7972 5105 7972 5106 7972 5105 7973 5107 7973 5106 7973 5106 7974 5107 7974 5108 7974 5107 7975 5109 7975 5108 7975 5108 7976 5109 7976 5110 7976 5081 7977 5093 7977 5080 7977 5093 7978 5092 7978 5080 7978 5080 7979 5092 7979 5079 7979 5092 7980 5090 7980 5079 7980 5079 7981 5090 7981 5078 7981 5090 7982 5088 7982 5078 7982 5078 7983 5088 7983 5077 7983 5088 7984 5086 7984 5077 7984 5077 7985 5086 7985 5076 7985 5086 7986 4991 7986 5076 7986 5076 7987 4991 7987 5075 7987 4991 7988 4993 7988 5075 7988 5075 7989 4993 7989 5074 7989 5111 7990 5110 7990 5081 7990 5110 7991 5109 7991 5081 7991 5081 7992 5109 7992 5093 7992 5109 7993 5107 7993 5093 7993 5093 7994 5107 7994 5091 7994 5107 7995 5105 7995 5091 7995 5091 7996 5105 7996 5089 7996 5105 7997 5103 7997 5089 7997 5089 7998 5103 7998 5087 7998 5103 7999 5101 7999 5087 7999 5087 8000 5101 8000 5085 8000 5101 8001 3075 8001 5085 8001 5085 8002 3075 8002 4992 8002 3075 8003 3077 8003 4992 8003 4992 8004 3077 8004 4993 8004 3073 8005 3072 8005 5112 8005 3072 8006 5113 8006 5112 8006 5112 8007 5113 8007 5114 8007 5113 8008 5115 8008 5114 8008 5114 8009 5115 8009 5116 8009 5115 8010 5117 8010 5116 8010 5116 8011 5117 8011 5118 8011 5117 8012 5119 8012 5118 8012 5118 8013 5119 8013 5120 8013 5119 8014 5121 8014 5120 8014 5120 8015 5121 8015 5122 8015 3065 8016 3066 8016 3063 8016 3066 8017 5123 8017 3063 8017 3063 8018 5123 8018 5124 8018 4711 8019 4708 8019 4713 8019 4708 8020 4707 8020 4713 8020 4713 8021 4707 8021 4717 8021 4707 8022 4705 8022 4717 8022 4717 8023 4705 8023 4718 8023 4705 8024 5125 8024 4718 8024 4718 8025 5125 8025 4744 8025 5125 8026 4753 8026 4744 8026 4744 8027 4753 8027 4745 8027 4753 8028 4751 8028 4745 8028 4745 8029 4751 8029 4746 8029 4751 8030 4749 8030 4746 8030 4746 8031 4749 8031 4747 8031 4749 8032 4748 8032 4747 8032 4747 8033 4748 8033 5126 8033 4748 8034 4783 8034 5126 8034 5126 8035 4783 8035 5127 8035 4783 8036 4782 8036 5127 8036 5127 8037 4782 8037 5128 8037 4782 8038 5045 8038 5128 8038 5128 8039 5045 8039 5129 8039 5045 8040 5046 8040 5129 8040 5129 8041 5046 8041 5130 8041 5046 8042 5059 8042 5130 8042 5130 8043 5059 8043 5131 8043 4710 8044 4712 8044 5132 8044 4712 8045 4714 8045 5132 8045 5132 8046 4714 8046 5133 8046 4714 8047 4747 8047 5133 8047 5133 8048 4747 8048 5134 8048 4747 8049 5126 8049 5134 8049 5134 8050 5126 8050 5135 8050 5126 8051 5127 8051 5135 8051 5135 8052 5127 8052 5136 8052 5127 8053 5128 8053 5136 8053 5136 8054 5128 8054 5137 8054 5128 8055 5129 8055 5137 8055 5137 8056 5129 8056 5138 8056 5129 8057 5130 8057 5138 8057 5138 8058 5130 8058 5139 8058 5130 8059 5131 8059 5139 8059 5139 8060 5131 8060 5140 8060 3078 8061 3080 8061 5052 8061 3080 8062 5141 8062 5052 8062 5052 8063 5141 8063 5053 8063 5141 8064 5142 8064 5053 8064 5053 8065 5142 8065 5054 8065 5142 8066 5143 8066 5054 8066 5054 8067 5143 8067 5055 8067 5143 8068 5144 8068 5055 8068 5055 8069 5144 8069 5056 8069 5144 8070 5145 8070 5056 8070 5056 8071 5145 8071 5057 8071 5145 8072 5146 8072 5057 8072 5057 8073 5146 8073 5058 8073 5146 8074 5147 8074 5058 8074 5058 8075 5147 8075 5059 8075 5147 8076 5148 8076 5059 8076 5059 8077 5148 8077 5131 8077 5148 8078 5149 8078 5131 8078 5131 8079 5149 8079 5140 8079 3079 8080 5150 8080 3080 8080 5150 8081 5151 8081 3080 8081 3080 8082 5151 8082 5141 8082 5151 8083 5152 8083 5141 8083 5141 8084 5152 8084 5142 8084 5152 8085 5153 8085 5142 8085 5142 8086 5153 8086 5143 8086 5153 8087 5154 8087 5143 8087 5143 8088 5154 8088 5144 8088 5154 8089 5155 8089 5144 8089 5144 8090 5155 8090 5145 8090 5155 8091 5156 8091 5145 8091 5145 8092 5156 8092 5146 8092 5156 8093 5157 8093 5146 8093 5146 8094 5157 8094 5147 8094 5157 8095 5158 8095 5147 8095 5147 8096 5158 8096 5148 8096 5158 8097 5159 8097 5148 8097 5148 8098 5159 8098 5149 8098 5160 8099 5161 8099 5162 8099 5161 8100 3058 8100 5162 8100 5162 8101 3058 8101 5163 8101 3058 8102 3057 8102 5163 8102 4911 8103 5164 8103 4912 8103 5164 8104 5165 8104 4912 8104 4912 8105 5165 8105 4913 8105 5165 8106 5166 8106 4913 8106 4913 8107 5166 8107 4923 8107 5166 8108 5167 8108 4923 8108 4923 8109 5167 8109 4924 8109 5167 8110 5168 8110 4924 8110 4924 8111 5168 8111 4930 8111 5168 8112 3047 8112 4930 8112 4930 8113 3047 8113 4931 8113 3047 8114 3046 8114 4931 8114 4931 8115 3046 8115 4932 8115 3062 8116 3061 8116 5169 8116 3061 8117 5170 8117 5169 8117 5169 8118 5170 8118 5171 8118 5165 8119 5171 8119 5166 8119 5171 8120 5170 8120 5166 8120 5166 8121 5170 8121 5167 8121 5170 8122 3061 8122 5167 8122 5167 8123 3061 8123 5168 8123 3061 8124 3060 8124 5168 8124 5168 8125 3060 8125 3047 8125 3060 8126 5172 8126 3047 8126 3047 8127 5172 8127 3059 8127 3064 8128 3063 8128 5173 8128 3063 8129 5124 8129 5173 8129 5173 8130 5124 8130 5174 8130 5124 8131 5175 8131 5174 8131 5174 8132 5175 8132 5176 8132 5175 8133 5177 8133 5176 8133 5176 8134 5177 8134 5178 8134 3067 8135 3068 8135 3066 8135 3068 8136 5095 8136 3066 8136 3066 8137 5095 8137 5123 8137 5095 8138 5097 8138 5123 8138 5123 8139 5097 8139 5124 8139 5097 8140 5099 8140 5124 8140 5124 8141 5099 8141 5175 8141 5099 8142 5179 8142 5175 8142 5175 8143 5179 8143 5177 8143 5180 8144 5122 8144 5111 8144 5122 8145 5121 8145 5111 8145 5111 8146 5121 8146 5110 8146 5121 8147 5119 8147 5110 8147 5110 8148 5119 8148 5108 8148 5119 8149 5117 8149 5108 8149 5108 8150 5117 8150 5106 8150 5117 8151 5115 8151 5106 8151 5106 8152 5115 8152 5104 8152 5115 8153 5113 8153 5104 8153 5104 8154 5113 8154 5102 8154 5113 8155 3072 8155 5102 8155 5102 8156 3072 8156 5100 8156 3072 8157 3074 8157 5100 8157 5100 8158 3074 8158 3076 8158 5178 8159 3056 8159 5176 8159 3056 8160 3058 8160 5176 8160 5176 8161 3058 8161 5174 8161 3058 8162 5161 8162 5174 8162 5174 8163 5161 8163 5173 8163 5161 8164 5160 8164 5173 8164 5173 8165 5160 8165 3064 8165 5181 8166 3062 8166 5182 8166 3062 8167 5169 8167 5182 8167 5182 8168 5169 8168 5183 8168 5169 8169 5171 8169 5183 8169 5183 8170 5171 8170 5184 8170 5171 8171 5165 8171 5184 8171 5184 8172 5165 8172 5185 8172 5165 8173 5164 8173 5185 8173 5185 8174 5164 8174 5186 8174 5164 8175 4911 8175 5186 8175 5186 8176 4911 8176 5187 8176 4911 8177 4906 8177 5187 8177 5187 8178 4906 8178 5188 8178 4906 8179 4904 8179 5188 8179 5188 8180 4904 8180 5189 8180 4904 8181 4779 8181 5189 8181 5189 8182 4779 8182 4776 8182 4779 8183 4780 8183 4776 8183 4776 8184 4780 8184 4777 8184 5184 8185 5163 8185 5183 8185 5163 8186 3057 8186 5183 8186 5183 8187 3057 8187 5182 8187 3057 8188 3056 8188 5182 8188 5182 8189 3056 8189 5181 8189 3056 8190 5178 8190 5181 8190 5181 8191 5178 8191 5190 8191 5178 8192 5177 8192 5190 8192 5190 8193 5177 8193 5180 8193 5177 8194 5179 8194 5180 8194 5180 8195 5179 8195 5122 8195 5179 8196 5099 8196 5122 8196 5122 8197 5099 8197 5120 8197 5099 8198 5098 8198 5120 8198 5120 8199 5098 8199 5118 8199 5098 8200 5096 8200 5118 8200 5118 8201 5096 8201 5116 8201 5096 8202 5094 8202 5116 8202 5116 8203 5094 8203 5114 8203 5094 8204 3070 8204 5114 8204 5114 8205 3070 8205 5112 8205 3070 8206 3071 8206 5112 8206 5112 8207 3071 8207 3073 8207 5074 8208 4967 8208 4970 8208 4967 8209 4966 8209 4970 8209 4970 8210 4966 8210 5060 8210 4966 8211 4972 8211 5060 8211 5060 8212 4972 8212 5061 8212 4972 8213 4977 8213 5061 8213 5061 8214 4977 8214 5063 8214 4977 8215 4979 8215 5063 8215 5063 8216 4979 8216 5065 8216 4979 8217 4981 8217 5065 8217 5065 8218 4981 8218 5067 8218 4981 8219 5082 8219 5067 8219 5067 8220 5082 8220 5068 8220 5082 8221 5191 8221 5068 8221 5068 8222 5191 8222 5073 8222 5191 8223 5192 8223 5073 8223 5073 8224 5192 8224 5081 8224 5192 8225 5193 8225 5081 8225 5081 8226 5193 8226 5111 8226 5193 8227 5194 8227 5111 8227 5111 8228 5194 8228 5180 8228 5194 8229 5195 8229 5180 8229 5180 8230 5195 8230 5190 8230 5195 8231 5196 8231 5190 8231 5190 8232 5196 8232 5181 8232 5196 8233 5197 8233 5181 8233 5181 8234 5197 8234 3062 8234 5197 8235 5198 8235 3062 8235 3062 8236 5198 8236 3060 8236 5198 8237 5199 8237 3060 8237 3060 8238 5199 8238 5172 8238 3197 8239 5200 8239 5021 8239 5200 8240 5201 8240 5021 8240 5021 8241 5201 8241 5022 8241 5201 8242 5202 8242 5022 8242 5022 8243 5202 8243 5023 8243 5202 8244 5005 8244 5023 8244 5023 8245 5005 8245 5024 8245 5005 8246 5007 8246 5024 8246 5024 8247 5007 8247 5025 8247 5007 8248 5008 8248 5025 8248 5025 8249 5008 8249 4996 8249 5008 8250 4951 8250 4996 8250 4996 8251 4951 8251 4994 8251 4951 8252 4946 8252 4994 8252 4994 8253 4946 8253 4497 8253 4946 8254 4469 8254 4497 8254 4497 8255 4469 8255 4498 8255 4469 8256 4471 8256 4498 8256 4498 8257 4471 8257 4480 8257 4471 8258 4473 8258 4480 8258 4480 8259 4473 8259 4482 8259 4473 8260 4475 8260 4482 8260 4482 8261 4475 8261 4484 8261 4475 8262 4477 8262 4484 8262 4484 8263 4477 8263 4486 8263 4477 8264 4478 8264 4486 8264 4486 8265 4478 8265 4459 8265 4478 8266 4533 8266 4459 8266 4459 8267 4533 8267 4458 8267 4533 8268 4532 8268 4458 8268 4458 8269 4532 8269 5203 8269 4532 8270 4530 8270 5203 8270 5203 8271 4530 8271 5204 8271 4530 8272 4528 8272 5204 8272 5204 8273 4528 8273 5205 8273 4528 8274 4526 8274 5205 8274 5205 8275 4526 8275 5206 8275 4526 8276 4524 8276 5206 8276 5206 8277 4524 8277 5207 8277 4524 8278 4522 8278 5207 8278 5207 8279 4522 8279 5208 8279 4522 8280 4520 8280 5208 8280 5208 8281 4520 8281 5209 8281 4520 8282 4519 8282 5209 8282 5209 8283 4519 8283 5210 8283 4519 8284 4517 8284 5210 8284 5210 8285 4517 8285 5211 8285 4517 8286 4515 8286 5211 8286 5211 8287 4515 8287 5125 8287 4515 8288 4960 8288 5125 8288 5125 8289 4960 8289 4753 8289 4960 8290 3139 8290 4753 8290 4753 8291 3139 8291 4754 8291 3139 8292 4955 8292 4754 8292 4754 8293 4955 8293 4788 8293 4955 8294 4957 8294 4788 8294 4788 8295 4957 8295 3078 8295 4957 8296 4959 8296 3078 8296 3078 8297 4959 8297 3079 8297 4959 8298 5212 8298 3079 8298 3079 8299 5212 8299 5150 8299 5028 8300 5009 8300 5030 8300 5009 8301 5011 8301 5030 8301 5030 8302 5011 8302 5032 8302 5011 8303 5013 8303 5032 8303 5032 8304 5013 8304 5034 8304 5013 8305 5014 8305 5034 8305 5034 8306 5014 8306 5036 8306 5014 8307 5213 8307 5036 8307 5036 8308 5213 8308 5214 8308 5213 8309 5215 8309 5214 8309 5214 8310 5215 8310 5216 8310 4988 8311 5217 8311 4982 8311 5217 8312 5218 8312 4982 8312 4982 8313 5218 8313 4983 8313 5218 8314 5219 8314 4983 8314 4983 8315 5219 8315 5037 8315 5219 8316 5220 8316 5037 8316 5037 8317 5220 8317 5082 8317 5220 8318 5221 8318 5082 8318 5082 8319 5221 8319 5191 8319 5221 8320 5222 8320 5191 8320 5191 8321 5222 8321 5192 8321 5222 8322 5223 8322 5192 8322 5192 8323 5223 8323 5193 8323 5223 8324 5224 8324 5193 8324 5193 8325 5224 8325 5194 8325 5224 8326 5225 8326 5194 8326 5194 8327 5225 8327 5195 8327 5225 8328 5226 8328 5195 8328 5195 8329 5226 8329 5196 8329 3082 8330 5227 8330 5228 8330 5227 8331 5229 8331 5228 8331 5228 8332 5229 8332 5230 8332 5229 8333 5231 8333 5230 8333 5230 8334 5231 8334 5232 8334 5231 8335 5233 8335 5232 8335 5232 8336 5233 8336 5234 8336 5233 8337 5235 8337 5234 8337 5227 8338 5236 8338 5229 8338 5236 8339 5237 8339 5229 8339 5229 8340 5237 8340 5231 8340 5237 8341 5238 8341 5231 8341 5231 8342 5238 8342 5233 8342 5238 8343 3049 8343 5233 8343 5233 8344 3049 8344 5235 8344 5239 8345 5240 8345 5241 8345 5240 8346 5242 8346 5241 8346 5241 8347 5242 8347 5243 8347 3082 8348 3081 8348 5227 8348 3081 8349 5244 8349 5227 8349 5227 8350 5244 8350 5236 8350 5244 8351 5245 8351 5236 8351 5236 8352 5245 8352 5237 8352 5245 8353 5239 8353 5237 8353 5237 8354 5239 8354 5238 8354 5239 8355 5241 8355 5238 8355 5238 8356 5241 8356 3049 8356 5241 8357 5243 8357 3049 8357 3049 8358 5243 8358 3050 8358 5217 8359 3083 8359 5218 8359 3083 8360 3082 8360 5218 8360 5218 8361 3082 8361 5219 8361 3082 8362 5228 8362 5219 8362 5219 8363 5228 8363 5220 8363 5228 8364 5230 8364 5220 8364 5220 8365 5230 8365 5221 8365 5230 8366 5232 8366 5221 8366 5221 8367 5232 8367 5222 8367 5232 8368 5234 8368 5222 8368 5222 8369 5234 8369 5223 8369 5234 8370 5235 8370 5223 8370 5223 8371 5235 8371 5224 8371 5235 8372 3049 8372 5224 8372 5224 8373 3049 8373 5225 8373 3049 8374 3051 8374 5225 8374 5225 8375 3051 8375 5226 8375 3051 8376 3052 8376 5226 8376 5226 8377 3052 8377 5196 8377 3052 8378 3054 8378 5196 8378 5196 8379 3054 8379 5197 8379 3054 8380 3053 8380 5197 8380 5197 8381 3053 8381 5198 8381 3053 8382 3055 8382 5198 8382 5198 8383 3055 8383 5199 8383 3048 8384 3091 8384 3046 8384 3091 8385 3093 8385 3046 8385 3046 8386 3093 8386 4932 8386 3093 8387 4920 8387 4932 8387 4932 8388 4920 8388 4933 8388 4920 8389 4921 8389 4933 8389 4933 8390 4921 8390 4918 8390 4921 8391 4922 8391 4918 8391 4918 8392 4922 8392 4870 8392 4922 8393 4863 8393 4870 8393 4870 8394 4863 8394 4869 8394 4863 8395 4864 8395 4869 8395 4869 8396 4864 8396 4862 8396 4864 8397 4682 8397 4862 8397 4862 8398 4682 8398 4861 8398 4682 8399 4683 8399 4861 8399 4861 8400 4683 8400 4860 8400 4683 8401 4684 8401 4860 8401 4860 8402 4684 8402 3121 8402 4684 8403 4685 8403 3121 8403 3121 8404 4685 8404 3119 8404 4756 8405 4778 8405 4758 8405 4778 8406 4777 8406 4758 8406 4758 8407 4777 8407 4760 8407 4777 8408 4780 8408 4760 8408 4760 8409 4780 8409 4769 8409 4780 8410 3114 8410 4769 8410 4769 8411 3114 8411 4770 8411 3114 8412 3113 8412 4770 8412 4770 8413 3113 8413 4771 8413 3113 8414 3115 8414 4771 8414 4771 8415 3115 8415 4767 8415 3115 8416 3117 8416 4767 8416 4767 8417 3117 8417 4775 8417 3117 8418 4881 8418 4775 8418 4775 8419 4881 8419 4826 8419 4881 8420 4880 8420 4826 8420 4826 8421 4880 8421 4827 8421 4880 8422 4879 8422 4827 8422 4827 8423 4879 8423 4824 8423 4879 8424 4887 8424 4824 8424 4824 8425 4887 8425 4825 8425 4887 8426 4895 8426 4825 8426 4825 8427 4895 8427 4836 8427 4895 8428 4894 8428 4836 8428 4836 8429 4894 8429 4837 8429 4894 8430 4893 8430 4837 8430 4837 8431 4893 8431 4838 8431 4893 8432 4891 8432 4838 8432 4838 8433 4891 8433 4839 8433 4891 8434 4890 8434 4839 8434 4839 8435 4890 8435 4840 8435 4890 8436 4847 8436 4840 8436 4840 8437 4847 8437 4841 8437 4847 8438 3104 8438 4841 8438 4841 8439 3104 8439 4842 8439 3104 8440 3103 8440 4842 8440 4842 8441 3103 8441 4843 8441 3103 8442 3111 8442 4843 8442 4843 8443 3111 8443 4844 8443 3111 8444 4794 8444 4844 8444 4844 8445 4794 8445 4845 8445 4794 8446 4796 8446 4845 8446 4845 8447 4796 8447 3126 8447 4796 8448 4798 8448 3126 8448 3126 8449 4798 8449 3124 8449 4798 8450 4800 8450 3124 8450 3124 8451 4800 8451 3122 8451 4800 8452 4802 8452 3122 8452 3122 8453 4802 8453 4664 8453 4802 8454 3119 8454 4664 8454 4664 8455 3119 8455 4665 8455 3119 8456 4685 8456 4665 8456 4665 8457 4685 8457 4667 8457 4685 8458 4678 8458 4667 8458 4667 8459 4678 8459 4669 8459 4678 8460 4676 8460 4669 8460 4669 8461 4676 8461 4671 8461 4676 8462 4679 8462 4671 8462 4671 8463 4679 8463 4673 8463 4679 8464 4681 8464 4673 8464 4673 8465 4681 8465 4674 8465 4681 8466 4659 8466 4674 8466 4674 8467 4659 8467 4650 8467 4659 8468 4657 8468 4650 8468 4650 8469 4657 8469 4651 8469 4657 8470 4656 8470 4651 8470 4651 8471 4656 8471 4652 8471 4656 8472 4592 8472 4652 8472 4652 8473 4592 8473 4653 8473 4592 8474 4594 8474 4653 8474 4653 8475 4594 8475 4654 8475 4594 8476 4596 8476 4654 8476 4654 8477 4596 8477 4655 8477 4596 8478 4598 8478 4655 8478 4655 8479 4598 8479 4591 8479 4598 8480 4600 8480 4591 8480 4591 8481 4600 8481 3127 8481 4600 8482 4602 8482 3127 8482 3127 8483 4602 8483 3128 8483 4602 8484 4604 8484 3128 8484 3128 8485 4604 8485 4415 8485 4604 8486 4605 8486 4415 8486 4415 8487 4605 8487 4412 8487 4605 8488 4608 8488 4412 8488 4412 8489 4608 8489 4413 8489 3041 8490 3040 8490 5246 8490 3040 8491 5247 8491 5246 8491 5246 8492 5247 8492 5248 8492 5247 8493 5249 8493 5248 8493 5248 8494 5249 8494 2694 8494 5250 8495 5251 8495 3045 8495 5251 8496 2701 8496 3045 8496 3045 8497 2701 8497 2703 8497 5252 8498 3044 8498 5253 8498 3044 8499 2705 8499 5253 8499 5253 8500 2705 8500 2707 8500 1899 8501 5254 8501 1895 8501 5254 8502 5255 8502 1895 8502 1902 8503 1901 8503 3043 8503 1901 8504 3044 8504 3043 8504 3043 8505 3044 8505 5256 8505 3044 8506 5252 8506 5256 8506 5256 8507 5252 8507 5257 8507 2684 8508 2686 8508 5258 8508 2686 8509 5259 8509 5258 8509 5258 8510 5259 8510 5260 8510 5259 8511 5261 8511 5260 8511 5260 8512 5261 8512 5262 8512 5261 8513 5263 8513 5262 8513 5262 8514 5263 8514 5264 8514 2694 8515 2700 8515 5248 8515 2700 8516 5265 8516 5248 8516 5248 8517 5265 8517 5246 8517 5265 8518 5266 8518 5246 8518 5246 8519 5266 8519 3041 8519 5266 8520 5267 8520 3041 8520 3041 8521 5267 8521 3042 8521 5267 8522 5268 8522 3042 8522 3042 8523 5268 8523 5269 8523 5268 8524 4247 8524 5269 8524 5269 8525 4247 8525 5270 8525 4247 8526 4246 8526 5270 8526 5270 8527 4246 8527 5271 8527 2699 8528 2698 8528 5272 8528 2698 8529 5273 8529 5272 8529 5272 8530 5273 8530 5274 8530 5273 8531 5275 8531 5274 8531 5274 8532 5275 8532 5276 8532 5275 8533 5277 8533 5276 8533 5276 8534 5277 8534 5278 8534 5277 8535 5279 8535 5278 8535 5278 8536 5279 8536 5280 8536 5279 8537 5281 8537 5280 8537 5280 8538 5281 8538 5282 8538 2698 8539 2684 8539 5273 8539 2684 8540 5258 8540 5273 8540 5273 8541 5258 8541 5275 8541 5258 8542 5260 8542 5275 8542 5275 8543 5260 8543 5277 8543 5260 8544 5262 8544 5277 8544 5277 8545 5262 8545 5279 8545 5262 8546 5264 8546 5279 8546 5279 8547 5264 8547 5281 8547 5282 8548 4245 8548 5280 8548 4245 8549 4247 8549 5280 8549 5280 8550 4247 8550 5278 8550 4247 8551 5268 8551 5278 8551 5278 8552 5268 8552 5276 8552 5268 8553 5267 8553 5276 8553 5276 8554 5267 8554 5274 8554 5267 8555 5266 8555 5274 8555 5274 8556 5266 8556 5272 8556 5266 8557 5265 8557 5272 8557 5272 8558 5265 8558 2699 8558 5265 8559 2700 8559 2699 8559 5283 8560 4447 8560 4457 8560 4447 8561 4446 8561 4457 8561 4457 8562 4446 8562 4456 8562 4446 8563 4444 8563 4456 8563 4456 8564 4444 8564 4455 8564 4444 8565 4443 8565 4455 8565 4455 8566 4443 8566 4454 8566 4443 8567 5284 8567 4454 8567 4454 8568 5284 8568 4453 8568 5284 8569 5285 8569 4453 8569 4453 8570 5285 8570 4258 8570 5285 8571 5286 8571 4258 8571 4258 8572 5286 8572 4259 8572 5286 8573 5287 8573 4259 8573 4259 8574 5287 8574 4260 8574 5287 8575 5288 8575 4260 8575 4260 8576 5288 8576 4262 8576 5288 8577 5289 8577 4262 8577 4262 8578 5289 8578 4264 8578 5289 8579 5290 8579 4264 8579 4264 8580 5290 8580 4265 8580 5290 8581 5291 8581 4265 8581 4265 8582 5291 8582 5292 8582 5291 8583 5293 8583 5292 8583 5294 8584 4452 8584 5283 8584 4452 8585 4451 8585 5283 8585 5283 8586 4451 8586 4447 8586 4451 8587 4449 8587 4447 8587 4447 8588 4449 8588 4445 8588 4449 8589 4448 8589 4445 8589 4445 8590 4448 8590 4443 8590 4448 8591 5295 8591 4443 8591 4443 8592 5295 8592 5284 8592 5295 8593 5296 8593 5284 8593 5284 8594 5296 8594 5285 8594 5296 8595 5297 8595 5285 8595 5285 8596 5297 8596 5286 8596 5297 8597 5298 8597 5286 8597 5286 8598 5298 8598 5287 8598 5298 8599 5299 8599 5287 8599 5287 8600 5299 8600 5288 8600 5299 8601 5300 8601 5288 8601 5288 8602 5300 8602 5289 8602 5300 8603 5301 8603 5289 8603 5289 8604 5301 8604 5290 8604 5282 8605 4442 8605 4245 8605 4442 8606 3192 8606 4245 8606 4245 8607 3192 8607 4246 8607 3192 8608 3191 8608 4246 8608 4246 8609 3191 8609 5271 8609 3191 8610 4257 8610 5271 8610 5271 8611 4257 8611 5270 8611 4257 8612 4261 8612 5270 8612 5270 8613 4261 8613 5269 8613 4261 8614 4263 8614 5269 8614 5269 8615 4263 8615 3042 8615 4263 8616 4265 8616 3042 8616 3042 8617 4265 8617 3040 8617 4265 8618 5292 8618 3040 8618 3040 8619 5292 8619 5247 8619 5292 8620 5293 8620 5247 8620 5247 8621 5293 8621 5249 8621 5302 8622 5303 8622 5304 8622 5303 8623 5250 8623 5304 8623 5304 8624 5250 8624 5305 8624 5250 8625 3045 8625 5305 8625 5305 8626 3045 8626 5306 8626 3045 8627 2692 8627 5306 8627 5306 8628 2692 8628 2697 8628 4248 8629 5302 8629 5307 8629 5302 8630 5304 8630 5307 8630 5307 8631 5304 8631 5308 8631 5304 8632 5305 8632 5308 8632 5308 8633 5305 8633 5309 8633 5305 8634 5306 8634 5309 8634 5309 8635 5306 8635 5310 8635 5306 8636 2697 8636 5310 8636 5310 8637 2697 8637 2696 8637 4423 8638 4331 8638 4501 8638 4331 8639 4330 8639 4501 8639 4501 8640 4330 8640 4503 8640 4330 8641 4329 8641 4503 8641 4503 8642 4329 8642 4275 8642 4329 8643 4328 8643 4275 8643 4275 8644 4328 8644 4273 8644 4328 8645 4327 8645 4273 8645 4273 8646 4327 8646 4271 8646 4327 8647 4326 8647 4271 8647 4271 8648 4326 8648 4269 8648 4326 8649 4325 8649 4269 8649 4269 8650 4325 8650 4267 8650 4325 8651 4323 8651 4267 8651 4267 8652 4323 8652 4251 8652 4323 8653 4322 8653 4251 8653 4251 8654 4322 8654 4250 8654 4322 8655 3038 8655 4250 8655 4250 8656 3038 8656 4248 8656 3038 8657 3037 8657 4248 8657 4248 8658 3037 8658 5302 8658 3142 8659 3144 8659 5311 8659 3144 8660 4513 8660 5311 8660 5311 8661 4513 8661 5312 8661 4513 8662 4512 8662 5312 8662 5312 8663 4512 8663 5313 8663 4512 8664 4511 8664 5313 8664 5313 8665 4511 8665 5294 8665 4511 8666 3150 8666 5294 8666 5294 8667 3150 8667 4452 8667 3150 8668 3149 8668 4452 8668 4452 8669 3149 8669 4450 8669 3149 8670 4274 8670 4450 8670 4450 8671 4274 8671 4448 8671 4274 8672 4272 8672 4448 8672 4448 8673 4272 8673 5295 8673 4272 8674 4270 8674 5295 8674 5295 8675 4270 8675 5296 8675 4270 8676 4268 8676 5296 8676 5296 8677 4268 8677 5297 8677 4268 8678 4266 8678 5297 8678 5297 8679 4266 8679 5298 8679 4266 8680 4251 8680 5298 8680 5298 8681 4251 8681 5299 8681 4251 8682 4249 8682 5299 8682 5299 8683 4249 8683 5300 8683 4249 8684 4248 8684 5300 8684 5300 8685 4248 8685 5301 8685 4248 8686 5307 8686 5301 8686 5301 8687 5307 8687 5290 8687 5307 8688 5308 8688 5290 8688 5290 8689 5308 8689 5291 8689 5308 8690 5309 8690 5291 8690 5291 8691 5309 8691 5293 8691 5309 8692 5310 8692 5293 8692 5293 8693 5310 8693 5249 8693 5310 8694 2696 8694 5249 8694 5249 8695 2696 8695 2694 8695 5314 8696 3036 8696 5315 8696 5315 8697 1893 8697 5314 8697 1893 8698 1892 8698 5314 8698 5314 8699 1892 8699 5316 8699 1892 8700 2768 8700 5316 8700 5316 8701 2768 8701 5317 8701 2768 8702 2759 8702 5317 8702 5317 8703 2759 8703 5318 8703 2759 8704 2758 8704 5318 8704 5318 8705 2758 8705 5319 8705 2758 8706 2757 8706 5319 8706 5319 8707 2757 8707 5255 8707 2757 8708 1896 8708 5255 8708 5255 8709 1896 8709 1895 8709 2792 8710 1890 8710 5315 8710 1890 8711 1889 8711 5315 8711 5315 8712 1889 8712 1893 8712 3036 8713 3035 8713 5315 8713 3035 8714 5320 8714 5315 8714 5315 8715 5320 8715 2792 8715 5321 8716 3034 8716 5322 8716 3034 8717 3036 8717 5322 8717 5322 8718 3036 8718 5323 8718 3036 8719 5314 8719 5323 8719 5323 8720 5314 8720 5324 8720 5314 8721 5316 8721 5324 8721 5324 8722 5316 8722 5325 8722 5316 8723 5317 8723 5325 8723 5325 8724 5317 8724 5326 8724 5317 8725 5318 8725 5326 8725 5326 8726 5318 8726 5327 8726 5318 8727 5319 8727 5327 8727 5327 8728 5319 8728 5328 8728 5319 8729 5255 8729 5328 8729 5328 8730 5255 8730 5329 8730 5255 8731 5254 8731 5329 8731 5329 8732 5254 8732 5330 8732 5330 8733 5331 8733 5329 8733 5331 8734 5332 8734 5329 8734 5329 8735 5332 8735 5328 8735 5332 8736 5333 8736 5328 8736 5328 8737 5333 8737 5327 8737 5333 8738 5334 8738 5327 8738 5327 8739 5334 8739 5326 8739 5334 8740 5335 8740 5326 8740 5326 8741 5335 8741 5325 8741 5335 8742 5336 8742 5325 8742 5325 8743 5336 8743 5324 8743 5336 8744 5337 8744 5324 8744 5324 8745 5337 8745 5323 8745 5337 8746 5338 8746 5323 8746 5323 8747 5338 8747 5322 8747 5338 8748 5339 8748 5322 8748 5322 8749 5339 8749 5321 8749 5339 8750 5340 8750 5321 8750 5341 8751 5342 8751 5340 8751 5342 8752 5343 8752 5340 8752 5340 8753 5343 8753 5321 8753 5343 8754 5344 8754 5321 8754 5321 8755 5344 8755 3034 8755 5344 8756 5345 8756 3034 8756 3034 8757 5345 8757 3035 8757 5345 8758 5346 8758 3035 8758 3035 8759 5346 8759 5320 8759 5347 8760 5348 8760 5349 8760 5348 8761 5350 8761 5349 8761 5349 8762 5350 8762 5351 8762 5350 8763 5352 8763 5351 8763 5351 8764 5352 8764 5353 8764 5352 8765 5354 8765 5353 8765 5353 8766 5354 8766 5355 8766 5354 8767 5356 8767 5355 8767 5355 8768 5356 8768 5357 8768 5356 8769 5358 8769 5357 8769 5357 8770 5358 8770 5359 8770 5358 8771 5360 8771 5359 8771 5359 8772 5360 8772 5361 8772 5360 8773 5362 8773 5361 8773 5361 8774 5362 8774 5363 8774 5362 8775 5364 8775 5363 8775 5363 8776 5364 8776 5365 8776 5364 8777 5366 8777 5365 8777 5366 8778 5367 8778 5365 8778 5367 8779 5368 8779 5365 8779 5365 8780 5368 8780 5369 8780 5370 8781 5366 8781 5371 8781 5366 8782 5364 8782 5371 8782 5371 8783 5364 8783 5372 8783 5364 8784 5362 8784 5372 8784 5372 8785 5362 8785 5373 8785 5362 8786 5360 8786 5373 8786 5373 8787 5360 8787 5374 8787 5360 8788 5358 8788 5374 8788 5374 8789 5358 8789 5375 8789 5358 8790 5356 8790 5375 8790 5375 8791 5356 8791 5376 8791 5356 8792 5354 8792 5376 8792 5376 8793 5354 8793 5377 8793 5354 8794 5352 8794 5377 8794 5377 8795 5352 8795 5378 8795 5352 8796 5350 8796 5378 8796 5378 8797 5350 8797 5379 8797 5350 8798 5348 8798 5379 8798 5379 8799 5348 8799 5257 8799 5348 8800 5347 8800 5257 8800 5257 8801 5347 8801 5256 8801 5257 8802 5380 8802 5379 8802 5380 8803 5381 8803 5379 8803 5379 8804 5381 8804 5378 8804 5381 8805 5382 8805 5378 8805 5378 8806 5382 8806 5377 8806 5382 8807 5383 8807 5377 8807 5377 8808 5383 8808 5376 8808 5383 8809 5384 8809 5376 8809 5376 8810 5384 8810 5375 8810 5384 8811 5385 8811 5375 8811 5375 8812 5385 8812 5374 8812 5385 8813 5386 8813 5374 8813 5374 8814 5386 8814 5373 8814 5386 8815 5387 8815 5373 8815 5373 8816 5387 8816 5372 8816 5387 8817 5388 8817 5372 8817 5372 8818 5388 8818 5371 8818 5388 8819 5389 8819 5371 8819 5371 8820 5389 8820 5370 8820 5389 8821 5390 8821 5370 8821 5370 8822 5390 8822 5391 8822 5391 8823 5392 8823 5370 8823 5392 8824 5393 8824 5370 8824 5370 8825 5393 8825 5366 8825 5393 8826 5394 8826 5366 8826 5366 8827 5394 8827 5367 8827 5369 8828 5341 8828 5365 8828 5341 8829 5340 8829 5365 8829 5365 8830 5340 8830 5363 8830 5340 8831 5339 8831 5363 8831 5363 8832 5339 8832 5361 8832 5339 8833 5338 8833 5361 8833 5361 8834 5338 8834 5359 8834 5338 8835 5337 8835 5359 8835 5359 8836 5337 8836 5357 8836 5337 8837 5336 8837 5357 8837 5357 8838 5336 8838 5355 8838 5336 8839 5335 8839 5355 8839 5355 8840 5335 8840 5353 8840 5335 8841 5334 8841 5353 8841 5353 8842 5334 8842 5351 8842 5334 8843 5333 8843 5351 8843 5351 8844 5333 8844 5349 8844 5333 8845 5332 8845 5349 8845 5349 8846 5332 8846 5347 8846 5332 8847 5331 8847 5347 8847 5347 8848 5331 8848 5256 8848 5331 8849 5330 8849 5256 8849 5256 8850 5330 8850 3043 8850 5330 8851 5254 8851 3043 8851 3043 8852 5254 8852 1898 8852 5254 8853 1899 8853 1898 8853 5395 8854 1883 8854 2828 8854 1883 8855 5395 8855 1884 8855 1884 8856 5395 8856 3030 8856 5395 8857 5396 8857 3030 8857 3030 8858 5396 8858 5397 8858 1881 8859 1880 8859 3029 8859 1880 8860 3030 8860 3029 8860 3029 8861 3030 8861 3026 8861 3030 8862 5397 8862 3026 8862 3026 8863 5397 8863 3027 8863 3031 8864 3033 8864 5398 8864 3033 8865 5399 8865 5398 8865 5398 8866 5399 8866 5400 8866 5399 8867 5401 8867 5400 8867 5400 8868 5401 8868 5402 8868 5401 8869 5403 8869 5402 8869 5403 8870 5404 8870 5402 8870 5402 8871 5404 8871 5405 8871 2931 8872 2911 8872 5406 8872 2911 8873 3029 8873 5406 8873 5406 8874 3029 8874 5407 8874 3029 8875 3026 8875 5407 8875 5407 8876 3026 8876 5408 8876 3026 8877 3028 8877 5408 8877 5408 8878 3028 8878 5409 8878 2932 8879 2931 8879 5410 8879 2931 8880 5406 8880 5410 8880 5410 8881 5406 8881 5411 8881 5406 8882 5407 8882 5411 8882 5411 8883 5407 8883 5412 8883 5407 8884 5408 8884 5412 8884 5412 8885 5408 8885 5413 8885 5408 8886 5409 8886 5413 8886 5413 8887 5409 8887 5414 8887 2844 8888 5415 8888 2842 8888 5415 8889 5416 8889 2842 8889 2842 8890 5416 8890 2840 8890 5416 8891 5417 8891 2840 8891 2840 8892 5417 8892 2855 8892 5417 8893 2856 8893 2855 8893 2850 8894 2859 8894 5418 8894 2847 8895 2854 8895 5419 8895 2859 8896 2858 8896 5418 8896 2858 8897 5420 8897 5418 8897 5418 8898 5420 8898 5421 8898 5422 8899 5423 8899 5424 8899 5423 8900 5425 8900 5424 8900 5424 8901 5425 8901 5421 8901 3021 8902 3020 8902 5426 8902 3020 8903 5427 8903 5426 8903 5426 8904 5427 8904 5428 8904 2868 8905 2849 8905 5429 8905 2849 8906 5430 8906 5429 8906 5429 8907 5430 8907 5431 8907 5430 8908 5432 8908 5431 8908 5431 8909 5432 8909 5433 8909 5432 8910 5434 8910 5433 8910 5433 8911 5434 8911 5435 8911 2870 8912 2869 8912 5436 8912 5404 8913 5437 8913 5405 8913 5437 8914 5438 8914 5405 8914 5405 8915 5438 8915 5439 8915 5438 8916 5440 8916 5439 8916 5440 8917 5441 8917 5439 8917 5439 8918 5441 8918 5442 8918 2830 8919 2932 8919 5443 8919 2932 8920 5410 8920 5443 8920 5443 8921 5410 8921 5444 8921 5410 8922 5411 8922 5444 8922 5444 8923 5411 8923 5445 8923 5411 8924 5412 8924 5445 8924 5445 8925 5412 8925 5446 8925 5412 8926 5413 8926 5446 8926 5446 8927 5413 8927 5447 8927 5413 8928 5414 8928 5447 8928 5447 8929 5414 8929 5448 8929 5441 8930 5449 8930 5442 8930 5449 8931 5450 8931 5442 8931 5442 8932 5450 8932 5451 8932 5451 8933 5448 8933 5442 8933 5448 8934 5414 8934 5442 8934 5442 8935 5414 8935 5439 8935 5414 8936 5409 8936 5439 8936 5439 8937 5409 8937 5405 8937 5409 8938 3028 8938 5405 8938 5405 8939 3028 8939 5402 8939 3028 8940 3027 8940 5402 8940 5402 8941 3027 8941 5400 8941 3027 8942 5397 8942 5400 8942 5400 8943 5397 8943 5398 8943 5397 8944 5396 8944 5398 8944 5398 8945 5396 8945 3031 8945 5396 8946 5395 8946 3031 8946 3031 8947 5395 8947 3032 8947 5395 8948 2828 8948 3032 8948 3032 8949 2828 8949 2825 8949 5452 8950 5453 8950 5454 8950 5453 8951 5451 8951 5454 8951 5454 8952 5451 8952 5455 8952 5451 8953 5450 8953 5455 8953 5456 8954 3309 8954 5452 8954 3309 8955 3307 8955 5452 8955 5452 8956 3307 8956 5453 8956 3307 8957 3306 8957 5453 8957 5453 8958 3306 8958 5451 8958 3306 8959 5457 8959 5451 8959 5451 8960 5457 8960 5448 8960 5457 8961 5458 8961 5448 8961 5448 8962 5458 8962 5447 8962 5458 8963 5459 8963 5447 8963 5447 8964 5459 8964 5446 8964 5459 8965 5460 8965 5446 8965 5446 8966 5460 8966 5445 8966 5460 8967 5461 8967 5445 8967 5445 8968 5461 8968 5444 8968 5461 8969 5462 8969 5444 8969 5444 8970 5462 8970 5443 8970 5462 8971 5463 8971 5443 8971 5443 8972 5463 8972 2830 8972 5463 8973 2831 8973 2830 8973 2836 8974 2831 8974 3023 8974 2831 8975 5463 8975 3023 8975 3023 8976 5463 8976 5464 8976 5463 8977 5462 8977 5464 8977 5464 8978 5462 8978 5465 8978 5462 8979 5461 8979 5465 8979 5465 8980 5461 8980 5466 8980 5461 8981 5460 8981 5466 8981 5466 8982 5460 8982 5467 8982 5460 8983 5459 8983 5467 8983 5467 8984 5459 8984 5468 8984 5459 8985 5458 8985 5468 8985 5468 8986 5458 8986 5469 8986 5458 8987 5457 8987 5469 8987 5469 8988 5457 8988 5470 8988 5457 8989 3306 8989 5470 8989 5470 8990 3306 8990 3325 8990 3306 8991 3308 8991 3325 8991 3325 8992 3308 8992 3323 8992 3308 8993 3309 8993 3323 8993 3323 8994 3309 8994 3313 8994 3309 8995 5456 8995 3313 8995 3313 8996 5456 8996 3312 8996 2860 8997 1878 8997 3025 8997 1878 8998 3024 8998 3025 8998 3025 8999 3024 8999 5471 8999 3024 9000 5472 9000 5471 9000 5471 9001 5472 9001 5473 9001 5472 9002 5474 9002 5473 9002 5473 9003 5474 9003 5475 9003 5474 9004 5476 9004 5475 9004 5475 9005 5476 9005 5477 9005 5476 9006 5478 9006 5477 9006 5477 9007 5478 9007 5479 9007 5478 9008 5480 9008 5479 9008 5479 9009 5480 9009 5481 9009 5480 9010 5482 9010 5481 9010 5481 9011 5482 9011 5483 9011 5482 9012 5484 9012 5483 9012 5483 9013 5484 9013 5485 9013 3325 9014 5485 9014 5470 9014 5485 9015 5484 9015 5470 9015 5470 9016 5484 9016 5469 9016 5484 9017 5482 9017 5469 9017 5469 9018 5482 9018 5468 9018 5482 9019 5480 9019 5468 9019 5468 9020 5480 9020 5467 9020 5480 9021 5478 9021 5467 9021 5467 9022 5478 9022 5466 9022 5478 9023 5476 9023 5466 9023 5466 9024 5476 9024 5465 9024 5476 9025 5474 9025 5465 9025 5465 9026 5474 9026 5464 9026 5474 9027 5472 9027 5464 9027 5464 9028 5472 9028 3023 9028 5472 9029 3024 9029 3023 9029 3023 9030 3024 9030 2837 9030 3024 9031 1877 9031 2837 9031 1875 9032 1874 9032 5486 9032 1874 9033 3025 9033 5486 9033 5486 9034 3025 9034 5487 9034 3025 9035 5471 9035 5487 9035 5487 9036 5471 9036 5488 9036 5471 9037 5473 9037 5488 9037 5488 9038 5473 9038 5489 9038 5473 9039 5475 9039 5489 9039 5489 9040 5475 9040 5490 9040 5475 9041 5477 9041 5490 9041 5490 9042 5477 9042 5491 9042 5477 9043 5479 9043 5491 9043 5491 9044 5479 9044 5492 9044 5479 9045 5481 9045 5492 9045 5492 9046 5481 9046 5493 9046 5481 9047 5483 9047 5493 9047 5493 9048 5483 9048 5494 9048 5483 9049 5485 9049 5494 9049 5494 9050 5485 9050 5495 9050 5485 9051 3325 9051 5495 9051 5495 9052 3325 9052 5496 9052 3325 9053 3324 9053 5496 9053 5496 9054 3324 9054 5497 9054 3324 9055 3322 9055 5497 9055 5497 9056 3322 9056 3314 9056 3322 9057 3321 9057 3314 9057 3314 9058 3321 9058 3315 9058 3321 9059 3311 9059 3315 9059 3315 9060 3311 9060 3317 9060 3311 9061 3310 9061 3317 9061 3317 9062 3310 9062 3319 9062 2844 9063 2939 9063 5415 9063 2939 9064 1875 9064 5415 9064 5415 9065 1875 9065 5498 9065 1875 9066 5486 9066 5498 9066 5498 9067 5486 9067 5499 9067 5486 9068 5487 9068 5499 9068 5499 9069 5487 9069 5500 9069 5487 9070 5488 9070 5500 9070 5500 9071 5488 9071 5501 9071 5488 9072 5489 9072 5501 9072 5501 9073 5489 9073 5502 9073 5489 9074 5490 9074 5502 9074 5502 9075 5490 9075 5503 9075 5490 9076 5491 9076 5503 9076 5503 9077 5491 9077 5504 9077 5491 9078 5492 9078 5504 9078 5504 9079 5492 9079 5505 9079 5492 9080 5493 9080 5505 9080 5505 9081 5493 9081 5506 9081 5493 9082 5494 9082 5506 9082 5506 9083 5494 9083 5507 9083 5494 9084 5495 9084 5507 9084 5507 9085 5495 9085 5508 9085 5495 9086 5496 9086 5508 9086 5508 9087 5496 9087 5509 9087 5496 9088 5497 9088 5509 9088 5509 9089 5497 9089 3302 9089 5497 9090 3314 9090 3302 9090 3302 9091 3314 9091 3303 9091 3314 9092 3333 9092 3303 9092 3303 9093 3333 9093 3305 9093 3333 9094 3332 9094 3305 9094 3305 9095 3332 9095 3334 9095 3332 9096 3327 9096 3334 9096 3334 9097 3327 9097 3335 9097 3327 9098 3329 9098 3335 9098 3335 9099 3329 9099 3337 9099 3329 9100 3331 9100 3337 9100 3337 9101 3331 9101 3339 9101 2851 9102 2850 9102 5510 9102 2850 9103 5418 9103 5510 9103 5510 9104 5418 9104 5511 9104 5418 9105 5421 9105 5511 9105 5511 9106 5421 9106 5512 9106 5421 9107 5425 9107 5512 9107 5512 9108 5425 9108 5513 9108 5425 9109 5423 9109 5513 9109 2849 9110 2847 9110 5430 9110 2847 9111 5419 9111 5430 9111 5430 9112 5419 9112 5432 9112 5419 9113 5514 9113 5432 9113 5432 9114 5514 9114 5434 9114 5514 9115 5515 9115 5434 9115 5434 9116 5515 9116 5435 9116 5515 9117 5516 9117 5435 9117 5435 9118 5516 9118 5517 9118 5516 9119 4113 9119 5517 9119 5517 9120 4113 9120 5518 9120 4113 9121 4111 9121 5518 9121 5518 9122 4111 9122 5519 9122 4111 9123 4109 9123 5519 9123 5520 9124 5521 9124 3022 9124 5521 9125 5522 9125 3022 9125 3022 9126 5522 9126 3020 9126 5522 9127 5523 9127 3020 9127 3020 9128 5523 9128 5427 9128 5523 9129 5436 9129 5427 9129 5427 9130 5436 9130 5428 9130 5436 9131 2869 9131 5428 9131 3518 9132 3513 9132 3519 9132 3513 9133 3515 9133 3519 9133 3519 9134 3515 9134 3520 9134 3515 9135 3687 9135 3520 9135 3520 9136 3687 9136 3531 9136 3687 9137 3686 9137 3531 9137 3531 9138 3686 9138 3637 9138 3686 9139 3685 9139 3637 9139 3637 9140 3685 9140 3645 9140 3685 9141 3684 9141 3645 9141 3645 9142 3684 9142 3643 9142 3684 9143 3683 9143 3643 9143 3643 9144 3683 9144 3641 9144 3683 9145 3682 9145 3641 9145 3641 9146 3682 9146 3639 9146 3682 9147 3681 9147 3639 9147 3639 9148 3681 9148 3655 9148 3681 9149 3680 9149 3655 9149 3655 9150 3680 9150 3695 9150 3680 9151 3679 9151 3695 9151 3695 9152 3679 9152 3696 9152 3679 9153 3678 9153 3696 9153 3696 9154 3678 9154 3708 9154 3678 9155 3677 9155 3708 9155 3708 9156 3677 9156 3271 9156 3677 9157 3676 9157 3271 9157 3271 9158 3676 9158 3272 9158 3676 9159 3675 9159 3272 9159 3272 9160 3675 9160 3818 9160 3675 9161 3673 9161 3818 9161 3818 9162 3673 9162 3636 9162 3673 9163 3671 9163 3636 9163 3636 9164 3671 9164 3635 9164 3671 9165 3669 9165 3635 9165 3635 9166 3669 9166 3634 9166 3669 9167 3667 9167 3634 9167 3634 9168 3667 9168 3633 9168 3667 9169 3665 9169 3633 9169 3633 9170 3665 9170 3632 9170 3665 9171 3663 9171 3632 9171 3632 9172 3663 9172 3607 9172 3663 9173 3661 9173 3607 9173 3607 9174 3661 9174 3606 9174 3661 9175 3659 9175 3606 9175 3606 9176 3659 9176 3605 9176 3659 9177 3657 9177 3605 9177 3605 9178 3657 9178 3604 9178 3657 9179 3514 9179 3604 9179 3604 9180 3514 9180 3603 9180 3514 9181 3513 9181 3603 9181 3603 9182 3513 9182 3602 9182 3513 9183 3518 9183 3602 9183 3602 9184 3518 9184 3601 9184 3518 9185 3517 9185 3601 9185 3601 9186 3517 9186 3600 9186 3517 9187 3506 9187 3600 9187 3600 9188 3506 9188 3486 9188 3506 9189 3507 9189 3486 9189 3486 9190 3507 9190 3487 9190 3507 9191 3508 9191 3487 9191 3487 9192 3508 9192 3495 9192 3508 9193 3509 9193 3495 9193 3495 9194 3509 9194 3497 9194 3509 9195 3510 9195 3497 9195 3497 9196 3510 9196 3394 9196 3510 9197 3511 9197 3394 9197 3394 9198 3511 9198 3395 9198 3511 9199 3412 9199 3395 9199 3395 9200 3412 9200 3397 9200 3412 9201 3411 9201 3397 9201 3397 9202 3411 9202 3406 9202 3411 9203 3409 9203 3406 9203 3406 9204 3409 9204 3405 9204 3409 9205 3408 9205 3405 9205 3405 9206 3408 9206 3404 9206 3408 9207 3416 9207 3404 9207 3404 9208 3416 9208 3402 9208 3416 9209 3414 9209 3402 9209 3402 9210 3414 9210 3282 9210 3414 9211 3740 9211 3282 9211 3282 9212 3740 9212 3418 9212 3740 9213 5524 9213 3418 9213 3418 9214 5524 9214 5525 9214 5524 9215 5526 9215 5525 9215 5525 9216 5526 9216 5527 9216 5526 9217 5528 9217 5527 9217 5527 9218 5528 9218 5529 9218 5528 9219 5530 9219 5529 9219 5529 9220 5530 9220 5531 9220 5530 9221 5532 9221 5531 9221 5531 9222 5532 9222 5533 9222 5532 9223 5534 9223 5533 9223 5533 9224 5534 9224 5535 9224 5534 9225 5536 9225 5535 9225 5535 9226 5536 9226 5537 9226 3843 9227 3931 9227 3841 9227 3931 9228 3932 9228 3841 9228 3841 9229 3932 9229 3790 9229 3932 9230 3918 9230 3790 9230 3790 9231 3918 9231 3791 9231 3918 9232 3917 9232 3791 9232 3791 9233 3917 9233 3792 9233 3917 9234 3915 9234 3792 9234 3792 9235 3915 9235 3793 9235 3915 9236 3913 9236 3793 9236 3793 9237 3913 9237 3794 9237 3913 9238 3911 9238 3794 9238 3794 9239 3911 9239 3795 9239 3911 9240 3910 9240 3795 9240 3795 9241 3910 9241 3796 9241 3910 9242 3909 9242 3796 9242 3796 9243 3909 9243 3784 9243 3909 9244 3908 9244 3784 9244 3784 9245 3908 9245 3875 9245 3908 9246 3907 9246 3875 9246 3875 9247 3907 9247 3876 9247 3907 9248 3424 9248 3876 9248 3876 9249 3424 9249 3741 9249 3424 9250 3422 9250 3741 9250 3741 9251 3422 9251 3740 9251 3422 9252 3420 9252 3740 9252 3740 9253 3420 9253 5524 9253 3420 9254 3419 9254 5524 9254 5524 9255 3419 9255 5526 9255 3419 9256 5538 9256 5526 9256 5526 9257 5538 9257 5528 9257 5538 9258 5539 9258 5528 9258 5528 9259 5539 9259 5530 9259 5539 9260 5540 9260 5530 9260 5530 9261 5540 9261 5532 9261 5540 9262 5541 9262 5532 9262 5532 9263 5541 9263 5534 9263 5541 9264 5542 9264 5534 9264 5534 9265 5542 9265 5536 9265 3904 9266 3925 9266 3905 9266 3925 9267 3923 9267 3905 9267 3905 9268 3923 9268 3906 9268 3923 9269 3922 9269 3906 9269 3906 9270 3922 9270 3425 9270 3922 9271 5543 9271 3425 9271 3425 9272 5543 9272 3423 9272 5543 9273 5544 9273 3423 9273 3423 9274 5544 9274 3421 9274 5544 9275 5545 9275 3421 9275 3421 9276 5545 9276 3419 9276 5545 9277 5546 9277 3419 9277 3419 9278 5546 9278 5538 9278 5546 9279 5547 9279 5538 9279 5538 9280 5547 9280 5539 9280 5547 9281 5548 9281 5539 9281 5539 9282 5548 9282 5540 9282 5548 9283 5549 9283 5540 9283 5540 9284 5549 9284 5541 9284 5549 9285 5550 9285 5541 9285 5541 9286 5550 9286 5542 9286 5550 9287 5513 9287 5542 9287 5542 9288 5513 9288 5536 9288 5513 9289 5423 9289 5536 9289 5536 9290 5423 9290 5537 9290 5423 9291 5422 9291 5537 9291 5537 9292 5422 9292 5551 9292 4154 9293 3234 9293 5552 9293 3234 9294 3232 9294 5552 9294 5552 9295 3232 9295 5553 9295 3232 9296 3231 9296 5553 9296 5553 9297 3231 9297 5554 9297 5517 9298 5520 9298 5435 9298 5520 9299 3022 9299 5435 9299 5435 9300 3022 9300 5433 9300 3022 9301 3021 9301 5433 9301 5433 9302 3021 9302 5431 9302 3021 9303 5426 9303 5431 9303 5431 9304 5426 9304 5429 9304 5426 9305 5428 9305 5429 9305 5429 9306 5428 9306 2868 9306 5428 9307 2869 9307 2868 9307 3903 9308 3920 9308 3904 9308 3920 9309 3919 9309 3904 9309 3904 9310 3919 9310 3925 9310 3919 9311 4137 9311 3925 9311 3925 9312 4137 9312 3924 9312 4137 9313 4139 9313 3924 9313 3924 9314 4139 9314 3922 9314 4139 9315 4141 9315 3922 9315 3922 9316 4141 9316 5543 9316 4141 9317 4146 9317 5543 9317 5543 9318 4146 9318 5544 9318 4146 9319 4148 9319 5544 9319 5544 9320 4148 9320 5545 9320 4148 9321 4150 9321 5545 9321 5545 9322 4150 9322 5546 9322 4150 9323 4152 9323 5546 9323 5546 9324 4152 9324 5547 9324 4152 9325 4154 9325 5547 9325 5547 9326 4154 9326 5548 9326 4154 9327 5552 9327 5548 9327 5548 9328 5552 9328 5549 9328 5552 9329 5553 9329 5549 9329 5549 9330 5553 9330 5550 9330 5553 9331 5554 9331 5550 9331 5550 9332 5554 9332 5513 9332 5554 9333 5555 9333 5513 9333 5513 9334 5555 9334 5512 9334 5555 9335 5556 9335 5512 9335 5512 9336 5556 9336 5511 9336 5556 9337 5557 9337 5511 9337 5511 9338 5557 9338 5510 9338 5557 9339 5558 9339 5510 9339 5510 9340 5558 9340 2851 9340 5558 9341 2853 9341 2851 9341 2688 9342 2689 9342 5559 9342 2689 9343 2683 9343 5559 9343 5559 9344 2683 9344 5560 9344 2683 9345 5561 9345 5560 9345 5560 9346 5561 9346 5562 9346 5561 9347 5563 9347 5562 9347 5562 9348 5563 9348 5564 9348 5563 9349 5565 9349 5564 9349 5564 9350 5565 9350 5566 9350 5565 9351 5567 9351 5566 9351 5566 9352 5567 9352 3228 9352 5567 9353 5568 9353 3228 9353 3228 9354 5568 9354 3229 9354 5568 9355 5569 9355 3229 9355 3229 9356 5569 9356 4115 9356 5569 9357 5570 9357 4115 9357 4115 9358 5570 9358 4229 9358 5570 9359 5571 9359 4229 9359 4229 9360 5571 9360 4228 9360 5571 9361 5572 9361 4228 9361 4228 9362 5572 9362 4202 9362 5572 9363 4105 9363 4202 9363 4202 9364 4105 9364 4135 9364 4105 9365 4104 9365 4135 9365 4135 9366 4104 9366 4134 9366 2858 9367 2856 9367 5420 9367 2856 9368 5417 9368 5420 9368 5420 9369 5417 9369 5421 9369 5417 9370 5416 9370 5421 9370 5421 9371 5416 9371 5424 9371 5416 9372 5415 9372 5424 9372 5424 9373 5415 9373 5422 9373 5415 9374 5498 9374 5422 9374 5422 9375 5498 9375 5551 9375 5498 9376 5499 9376 5551 9376 5551 9377 5499 9377 5537 9377 5499 9378 5500 9378 5537 9378 5537 9379 5500 9379 5535 9379 5500 9380 5501 9380 5535 9380 5535 9381 5501 9381 5533 9381 5501 9382 5502 9382 5533 9382 5533 9383 5502 9383 5531 9383 5502 9384 5503 9384 5531 9384 5531 9385 5503 9385 5529 9385 5503 9386 5504 9386 5529 9386 5529 9387 5504 9387 5527 9387 5504 9388 5505 9388 5527 9388 5527 9389 5505 9389 5525 9389 5505 9390 5506 9390 5525 9390 5525 9391 5506 9391 3418 9391 5506 9392 5507 9392 3418 9392 3418 9393 5507 9393 3283 9393 5507 9394 5508 9394 3283 9394 3283 9395 5508 9395 3284 9395 5508 9396 5509 9396 3284 9396 3284 9397 5509 9397 3398 9397 5509 9398 3302 9398 3398 9398 3398 9399 3302 9399 3342 9399 3302 9400 3304 9400 3342 9400 3342 9401 3304 9401 3340 9401 3304 9402 3305 9402 3340 9402 3340 9403 3305 9403 3359 9403 3305 9404 3334 9404 3359 9404 3359 9405 3334 9405 3357 9405 3334 9406 3344 9406 3357 9406 3357 9407 3344 9407 3356 9407 3344 9408 3343 9408 3356 9408 3356 9409 3343 9409 3350 9409 3343 9410 3299 9410 3350 9410 3350 9411 3299 9411 3349 9411 3299 9412 3301 9412 3349 9412 3349 9413 3301 9413 3348 9413 4106 9414 4103 9414 4107 9414 4103 9415 4105 9415 4107 9415 4107 9416 4105 9416 4109 9416 4105 9417 5572 9417 4109 9417 4109 9418 5572 9418 5519 9418 5572 9419 5571 9419 5519 9419 5519 9420 5571 9420 5518 9420 5571 9421 5570 9421 5518 9421 5518 9422 5570 9422 5517 9422 5570 9423 5569 9423 5517 9423 5517 9424 5569 9424 5520 9424 5569 9425 5568 9425 5520 9425 5520 9426 5568 9426 5521 9426 5568 9427 5567 9427 5521 9427 5521 9428 5567 9428 5522 9428 5567 9429 5565 9429 5522 9429 5522 9430 5565 9430 5523 9430 5565 9431 5563 9431 5523 9431 5523 9432 5563 9432 5436 9432 5563 9433 5561 9433 5436 9433 5436 9434 5561 9434 2870 9434 5561 9435 2683 9435 2870 9435 3197 9436 5573 9436 5240 9436 5573 9437 5574 9437 5240 9437 5240 9438 5574 9438 5242 9438 4986 9439 5027 9439 4988 9439 5027 9440 5029 9440 4988 9440 4988 9441 5029 9441 5217 9441 5029 9442 5031 9442 5217 9442 5217 9443 5031 9443 3083 9443 5031 9444 5033 9444 3083 9444 3083 9445 5033 9445 3081 9445 5033 9446 5035 9446 3081 9446 3081 9447 5035 9447 5244 9447 5035 9448 5036 9448 5244 9448 5244 9449 5036 9449 5245 9449 5036 9450 5214 9450 5245 9450 5245 9451 5214 9451 5239 9451 5214 9452 5216 9452 5239 9452 5239 9453 5216 9453 5240 9453 5216 9454 3197 9454 5240 9454 4540 9455 4543 9455 4539 9455 4543 9456 4542 9456 4539 9456 4539 9457 4542 9457 4548 9457 4542 9458 4541 9458 4548 9458 4548 9459 4541 9459 4702 9459 4541 9460 4709 9460 4702 9460 4702 9461 4709 9461 4703 9461 4709 9462 4708 9462 4703 9462 4703 9463 4708 9463 4723 9463 4708 9464 4711 9464 4723 9464 4723 9465 4711 9465 4729 9465 4711 9466 4710 9466 4729 9466 4729 9467 4710 9467 4755 9467 4710 9468 5132 9468 4755 9468 4755 9469 5132 9469 4756 9469 5132 9470 5133 9470 4756 9470 4756 9471 5133 9471 4778 9471 5133 9472 5134 9472 4778 9472 4778 9473 5134 9473 4776 9473 5134 9474 5135 9474 4776 9474 4776 9475 5135 9475 5189 9475 5135 9476 5136 9476 5189 9476 5189 9477 5136 9477 5188 9477 5136 9478 5137 9478 5188 9478 5188 9479 5137 9479 5187 9479 5137 9480 5138 9480 5187 9480 5187 9481 5138 9481 5186 9481 5138 9482 5139 9482 5186 9482 5186 9483 5139 9483 5185 9483 5139 9484 5140 9484 5185 9484 5185 9485 5140 9485 5184 9485 5140 9486 5149 9486 5184 9486 5184 9487 5149 9487 5163 9487 5149 9488 5159 9488 5163 9488 5163 9489 5159 9489 5162 9489 5159 9490 5158 9490 5162 9490 5162 9491 5158 9491 5160 9491 5158 9492 5157 9492 5160 9492 5160 9493 5157 9493 3064 9493 5157 9494 5156 9494 3064 9494 3064 9495 5156 9495 3065 9495 5156 9496 5155 9496 3065 9496 3065 9497 5155 9497 3067 9497 5155 9498 5154 9498 3067 9498 3067 9499 5154 9499 3069 9499 5154 9500 5153 9500 3069 9500 3069 9501 5153 9501 3071 9501 5153 9502 5152 9502 3071 9502 3071 9503 5152 9503 3073 9503 5152 9504 5151 9504 3073 9504 3073 9505 5151 9505 3074 9505 5151 9506 5150 9506 3074 9506 3074 9507 5150 9507 3076 9507 5150 9508 5212 9508 3076 9508 3076 9509 5212 9509 3077 9509 5212 9510 4959 9510 3077 9510 3077 9511 4959 9511 4993 9511 4959 9512 4958 9512 4993 9512 4993 9513 4958 9513 5074 9513 4958 9514 4961 9514 5074 9514 5074 9515 4961 9515 4967 9515 4961 9516 4962 9516 4967 9516 4967 9517 4962 9517 4965 9517 4962 9518 4963 9518 4965 9518 4965 9519 4963 9519 5083 9519 4963 9520 4964 9520 5083 9520 5083 9521 4964 9521 5084 9521 4964 9522 4950 9522 5084 9522 5084 9523 4950 9523 4985 9523 4950 9524 4948 9524 4985 9524 4985 9525 4948 9525 4986 9525 4948 9526 4947 9526 4986 9526 4986 9527 4947 9527 5027 9527 4947 9528 4997 9528 5027 9528 5027 9529 4997 9529 5028 9529 4997 9530 4999 9530 5028 9530 5028 9531 4999 9531 5009 9531 4999 9532 5001 9532 5009 9532 5009 9533 5001 9533 5010 9533 5001 9534 5006 9534 5010 9534 5010 9535 5006 9535 5012 9535 5006 9536 5005 9536 5012 9536 5012 9537 5005 9537 5014 9537 5005 9538 5202 9538 5014 9538 5014 9539 5202 9539 5213 9539 5202 9540 5201 9540 5213 9540 5213 9541 5201 9541 5215 9541 5201 9542 5200 9542 5215 9542 5215 9543 5200 9543 5216 9543 5200 9544 3197 9544 5216 9544 3210 9545 3211 9545 3208 9545 3211 9546 4231 9546 3208 9546 3208 9547 4231 9547 4220 9547 4231 9548 4232 9548 4220 9548 4220 9549 4232 9549 4221 9549 4232 9550 4233 9550 4221 9550 4221 9551 4233 9551 4237 9551 4233 9552 3198 9552 4237 9552 4237 9553 3198 9553 3197 9553 4288 9554 5575 9554 3184 9554 5575 9555 5390 9555 3184 9555 3184 9556 5390 9556 3185 9556 5390 9557 5389 9557 3185 9557 3185 9558 5389 9558 4308 9558 5389 9559 5388 9559 4308 9559 4308 9560 5388 9560 3188 9560 5388 9561 5387 9561 3188 9561 3188 9562 5387 9562 3189 9562 5387 9563 5386 9563 3189 9563 3189 9564 5386 9564 4280 9564 5386 9565 5385 9565 4280 9565 4280 9566 5385 9566 4278 9566 5385 9567 5384 9567 4278 9567 4278 9568 5384 9568 4276 9568 5384 9569 5383 9569 4276 9569 4276 9570 5383 9570 4253 9570 5383 9571 5382 9571 4253 9571 4253 9572 5382 9572 3039 9572 5382 9573 5381 9573 3039 9573 3039 9574 5381 9574 3037 9574 5381 9575 5380 9575 3037 9575 3037 9576 5380 9576 5302 9576 5380 9577 5257 9577 5302 9577 5302 9578 5257 9578 5303 9578 5257 9579 5252 9579 5303 9579 5303 9580 5252 9580 5250 9580 5252 9581 5253 9581 5250 9581 5250 9582 5253 9582 5251 9582 5253 9583 2707 9583 5251 9583 5251 9584 2707 9584 2701 9584 5263 9585 4129 9585 5264 9585 4129 9586 4128 9586 5264 9586 5264 9587 4128 9587 5281 9587 4128 9588 4244 9588 5281 9588 5281 9589 4244 9589 5282 9589 4244 9590 4243 9590 5282 9590 5282 9591 4243 9591 4442 9591 4243 9592 4242 9592 4442 9592 4442 9593 4242 9593 3153 9593 4242 9594 4216 9594 3153 9594 3153 9595 4216 9595 4426 9595 4216 9596 4436 9596 4426 9596 4426 9597 4436 9597 4427 9597 4436 9598 4458 9598 4427 9598 4427 9599 4458 9599 4428 9599 4458 9600 5203 9600 4428 9600 4428 9601 5203 9601 4437 9601 5203 9602 5204 9602 4437 9602 4437 9603 5204 9603 4429 9603 5204 9604 5205 9604 4429 9604 4429 9605 5205 9605 4457 9605 5205 9606 5206 9606 4457 9606 4457 9607 5206 9607 5283 9607 5206 9608 5207 9608 5283 9608 5283 9609 5207 9609 5294 9609 5207 9610 5208 9610 5294 9610 5294 9611 5208 9611 5313 9611 5208 9612 5209 9612 5313 9612 5313 9613 5209 9613 5312 9613 5209 9614 5210 9614 5312 9614 5312 9615 5210 9615 5311 9615 5210 9616 5211 9616 5311 9616 5311 9617 5211 9617 3142 9617 5211 9618 5125 9618 3142 9618 3142 9619 5125 9619 3143 9619 5125 9620 4705 9620 3143 9620 3143 9621 4705 9621 4510 9621 4705 9622 4704 9622 4510 9622 4510 9623 4704 9623 4505 9623 4704 9624 4543 9624 4505 9624 4505 9625 4543 9625 4506 9625 4543 9626 4540 9626 4506 9626 4506 9627 4540 9627 4423 9627 4540 9628 4538 9628 4423 9628 4423 9629 4538 9629 4422 9629 4538 9630 4537 9630 4422 9630 4422 9631 4537 9631 4332 9631 4537 9632 4536 9632 4332 9632 4332 9633 4536 9633 4336 9633 4536 9634 4535 9634 4336 9634 4336 9635 4535 9635 4304 9635 4535 9636 4534 9636 4304 9636 4304 9637 4534 9637 3183 9637 4534 9638 4289 9638 3183 9638 3183 9639 4289 9639 3181 9639 4289 9640 4301 9640 3181 9640 3181 9641 4301 9641 4288 9641 4301 9642 4424 9642 4288 9642 4288 9643 4424 9643 5575 9643 4424 9644 4425 9644 5575 9644 5575 9645 4425 9645 5390 9645 4425 9646 5576 9646 5390 9646 5390 9647 5576 9647 5391 9647 3194 9648 4239 9648 4241 9648 4239 9649 4238 9649 4241 9649 4241 9650 4238 9650 4463 9650 4238 9651 4468 9651 4463 9651 4463 9652 4468 9652 4461 9652 4468 9653 4467 9653 4461 9653 4461 9654 4467 9654 4465 9654 4467 9655 3197 9655 4465 9655 2854 9656 2853 9656 5419 9656 2853 9657 5558 9657 5419 9657 5419 9658 5558 9658 5514 9658 5558 9659 5557 9659 5514 9659 5514 9660 5557 9660 5515 9660 5557 9661 5556 9661 5515 9661 5515 9662 5556 9662 5516 9662 5556 9663 5555 9663 5516 9663 5516 9664 5555 9664 4113 9664 5555 9665 5554 9665 4113 9665 4113 9666 5554 9666 4112 9666 5554 9667 3231 9667 4112 9667 4112 9668 3231 9668 4110 9668 3231 9669 3233 9669 4110 9669 4110 9670 3233 9670 4108 9670 3233 9671 3234 9671 4108 9671 4108 9672 3234 9672 4106 9672 3234 9673 4154 9673 4106 9673 4106 9674 4154 9674 4103 9674 4154 9675 4153 9675 4103 9675 4103 9676 4153 9676 4104 9676 4153 9677 4151 9677 4104 9677 4104 9678 4151 9678 4134 9678 4151 9679 4149 9679 4134 9679 4134 9680 4149 9680 4132 9680 4149 9681 4147 9681 4132 9681 4132 9682 4147 9682 4130 9682 4147 9683 4145 9683 4130 9683 4130 9684 4145 9684 4224 9684 4145 9685 4144 9685 4224 9685 4224 9686 4144 9686 4223 9686 4144 9687 4143 9687 4223 9687 4223 9688 4143 9688 4222 9688 4143 9689 4142 9689 4222 9689 4222 9690 4142 9690 3226 9690 4142 9691 3921 9691 3226 9691 3226 9692 3921 9692 3227 9692 3921 9693 3920 9693 3227 9693 3227 9694 3920 9694 3240 9694 3920 9695 3903 9695 3240 9695 3240 9696 3903 9696 3241 9696 3903 9697 3902 9697 3241 9697 3241 9698 3902 9698 3243 9698 3902 9699 3901 9699 3243 9699 3243 9700 3901 9700 3244 9700 3901 9701 3900 9701 3244 9701 3244 9702 3900 9702 3246 9702 3900 9703 3899 9703 3246 9703 3246 9704 3899 9704 3984 9704 3899 9705 3933 9705 3984 9705 3984 9706 3933 9706 3986 9706 3933 9707 3930 9707 3986 9707 3986 9708 3930 9708 3988 9708 3930 9709 3929 9709 3988 9709 3988 9710 3929 9710 3990 9710 3929 9711 3928 9711 3990 9711 3990 9712 3928 9712 3992 9712 3928 9713 3927 9713 3992 9713 3992 9714 3927 9714 3994 9714 3927 9715 3926 9715 3994 9715 3994 9716 3926 9716 3996 9716 3926 9717 3852 9717 3996 9717 3996 9718 3852 9718 3998 9718 3852 9719 3851 9719 3998 9719 3998 9720 3851 9720 4000 9720 3851 9721 3931 9721 4000 9721 4000 9722 3931 9722 4002 9722 3931 9723 3843 9723 4002 9723 4002 9724 3843 9724 4004 9724 3843 9725 3844 9725 4004 9725 4004 9726 3844 9726 4006 9726 3844 9727 3819 9727 4006 9727 4006 9728 3819 9728 4008 9728 3819 9729 3703 9729 4008 9729 4008 9730 3703 9730 4010 9730 3703 9731 3817 9731 4010 9731 4010 9732 3817 9732 4012 9732 3817 9733 3814 9733 4012 9733 4012 9734 3814 9734 4014 9734 3814 9735 3809 9735 4014 9735 4014 9736 3809 9736 4016 9736 3809 9737 3810 9737 4016 9737 4016 9738 3810 9738 4018 9738 3810 9739 3811 9739 4018 9739 4018 9740 3811 9740 4020 9740 3811 9741 3807 9741 4020 9741 4020 9742 3807 9742 4021 9742 3807 9743 3255 9743 4021 9743 4021 9744 3255 9744 4036 9744 3255 9745 3257 9745 4036 9745 4036 9746 3257 9746 3822 9746 3257 9747 3825 9747 3822 9747 3822 9748 3825 9748 4042 9748 3825 9749 3827 9749 4042 9749 4042 9750 3827 9750 4054 9750 3827 9751 4081 9751 4054 9751 4054 9752 4081 9752 4055 9752 4081 9753 4082 9753 4055 9753 4055 9754 4082 9754 4056 9754 4082 9755 4083 9755 4056 9755 4056 9756 4083 9756 4057 9756 4083 9757 4084 9757 4057 9757 4057 9758 4084 9758 4058 9758 4084 9759 4085 9759 4058 9759 4058 9760 4085 9760 4059 9760 4085 9761 4086 9761 4059 9761 4059 9762 4086 9762 4060 9762 4086 9763 4087 9763 4060 9763 4060 9764 4087 9764 4061 9764 4087 9765 4088 9765 4061 9765 4061 9766 4088 9766 4062 9766 4088 9767 4089 9767 4062 9767 4062 9768 4089 9768 4063 9768 4089 9769 3238 9769 4063 9769 4063 9770 3238 9770 4052 9770 3238 9771 3237 9771 4052 9771 4052 9772 3237 9772 4053 9772 3237 9773 4098 9773 4053 9773 4053 9774 4098 9774 4073 9774 4098 9775 4076 9775 4073 9775 4073 9776 4076 9776 4072 9776 4076 9777 4075 9777 4072 9777 4072 9778 4075 9778 4071 9778 4075 9779 4193 9779 4071 9779 4071 9780 4193 9780 3242 9780 4193 9781 3224 9781 3242 9781 3242 9782 3224 9782 4173 9782 3224 9783 3223 9783 4173 9783 4173 9784 3223 9784 3225 9784 3223 9785 3221 9785 3225 9785 3225 9786 3221 9786 4201 9786 3221 9787 3220 9787 4201 9787 4201 9788 3220 9788 4200 9788 3220 9789 3214 9789 4200 9789 4200 9790 3214 9790 4199 9790 3214 9791 3213 9791 4199 9791 4199 9792 3213 9792 4198 9792 3213 9793 3212 9793 4198 9793 4198 9794 3212 9794 4197 9794 3212 9795 3210 9795 4197 9795 4197 9796 3210 9796 4196 9796 3210 9797 3209 9797 4196 9797 4196 9798 3209 9798 4195 9798 3209 9799 4240 9799 4195 9799 4195 9800 4240 9800 4225 9800 4240 9801 4239 9801 4225 9801 4225 9802 4239 9802 4226 9802 4239 9803 3194 9803 4226 9803 4226 9804 3194 9804 4227 9804 3194 9805 3193 9805 4227 9805 4227 9806 3193 9806 4215 9806 3193 9807 5026 9807 4215 9807 4215 9808 5026 9808 4214 9808 5026 9809 4218 9809 4214 9809 4214 9810 4218 9810 4213 9810 4218 9811 4122 9811 4213 9811 4213 9812 4122 9812 3230 9812 4122 9813 4124 9813 3230 9813 3230 9814 4124 9814 3228 9814 4124 9815 4126 9815 3228 9815 3228 9816 4126 9816 5566 9816 4126 9817 4127 9817 5566 9817 5566 9818 4127 9818 5564 9818 4127 9819 4129 9819 5564 9819 5564 9820 4129 9820 5562 9820 4129 9821 5263 9821 5562 9821 5562 9822 5263 9822 5560 9822 5263 9823 5261 9823 5560 9823 5560 9824 5261 9824 5559 9824 5261 9825 5259 9825 5559 9825 5559 9826 5259 9826 2688 9826 5259 9827 2686 9827 2688 9827 3298 9828 3346 9828 3156 9828 3257 9829 3256 9829 3054 9829 500 9830 5346 9830 5345 9830 1375 9831 2792 9831 5577 9831 2792 9832 5320 9832 5577 9832 5577 9833 5320 9833 497 9833 5346 9834 500 9834 5320 9834 500 9835 498 9835 5320 9835 5320 9836 498 9836 497 9836 5342 9837 711 9837 5343 9837 711 9838 503 9838 5343 9838 5343 9839 503 9839 5344 9839 503 9840 502 9840 5344 9840 5344 9841 502 9841 5345 9841 502 9842 501 9842 5345 9842 5345 9843 501 9843 500 9843 5369 9844 495 9844 5341 9844 495 9845 483 9845 5341 9845 5341 9846 483 9846 5342 9846 483 9847 482 9847 5342 9847 5342 9848 482 9848 711 9848 5393 9849 488 9849 5394 9849 488 9850 490 9850 5394 9850 5394 9851 490 9851 5367 9851 490 9852 492 9852 5367 9852 5367 9853 492 9853 5368 9853 492 9854 494 9854 5368 9854 5368 9855 494 9855 5369 9855 494 9856 496 9856 5369 9856 5369 9857 496 9857 495 9857 5391 9858 560 9858 5392 9858 560 9859 487 9859 5392 9859 5392 9860 487 9860 5393 9860 487 9861 486 9861 5393 9861 5393 9862 486 9862 488 9862 5441 9863 5440 9863 867 9863 720 9864 5455 9864 868 9864 5455 9865 5450 9865 868 9865 868 9866 5450 9866 863 9866 5450 9867 5449 9867 863 9867 863 9868 5449 9868 864 9868 5449 9869 5441 9869 864 9869 864 9870 5441 9870 866 9870 5441 9871 867 9871 866 9871 5403 9872 855 9872 5404 9872 855 9873 857 9873 5404 9873 5404 9874 857 9874 5437 9874 857 9875 862 9875 5437 9875 5437 9876 862 9876 5438 9876 862 9877 861 9877 5438 9877 5438 9878 861 9878 5440 9878 861 9879 871 9879 5440 9879 5440 9880 871 9880 867 9880 847 9881 854 9881 5399 9881 854 9882 859 9882 5399 9882 5399 9883 859 9883 5401 9883 859 9884 858 9884 5401 9884 5401 9885 858 9885 5403 9885 858 9886 856 9886 5403 9886 5403 9887 856 9887 855 9887 850 9888 848 9888 3032 9888 848 9889 847 9889 3032 9889 3032 9890 847 9890 3033 9890 847 9891 5399 9891 3033 9891 851 9892 850 9892 1421 9892 850 9893 3032 9893 1421 9893 1421 9894 3032 9894 1373 9894 3032 9895 2824 9895 1373 9895 4425 9896 3179 9896 1861 9896 3180 9897 4303 9897 1862 9897 1861 9898 3179 9898 1862 9898 3179 9899 3178 9899 1862 9899 1862 9900 3178 9900 3180 9900 4303 9901 4294 9901 1862 9901 4294 9902 4293 9902 1862 9902 1862 9903 4293 9903 1863 9903 4293 9904 4297 9904 1863 9904 1863 9905 4297 9905 1864 9905 4297 9906 4296 9906 1864 9906 1864 9907 4296 9907 1866 9907 4296 9908 4351 9908 1866 9908 4351 9909 4350 9909 1866 9909 1866 9910 4350 9910 4419 9910 4383 9911 1865 9911 4421 9911 1865 9912 1866 9912 4421 9912 4421 9913 1866 9913 4420 9913 1866 9914 4419 9914 4420 9914 3348 9915 775 9915 774 9915 4383 9916 4382 9916 1865 9916 4382 9917 3157 9917 1865 9917 1865 9918 3157 9918 1442 9918 3157 9919 3156 9919 1442 9919 1442 9920 3156 9920 774 9920 3156 9921 3346 9921 774 9921 774 9922 3346 9922 3348 9922 3348 9923 3301 9923 775 9923 3301 9924 3300 9924 775 9924 775 9925 3300 9925 776 9925 3300 9926 3339 9926 776 9926 776 9927 3339 9927 3331 9927 3331 9928 3330 9928 776 9928 3330 9929 3328 9929 776 9929 776 9930 3328 9930 777 9930 3328 9931 3326 9931 777 9931 777 9932 3326 9932 768 9932 3326 9933 3320 9933 768 9933 768 9934 3320 9934 3319 9934 3319 9935 3310 9935 768 9935 3310 9936 3312 9936 768 9936 768 9937 3312 9937 769 9937 3312 9938 5456 9938 769 9938 769 9939 5456 9939 771 9939 5456 9940 5452 9940 771 9940 771 9941 5452 9941 772 9941 5452 9942 5454 9942 772 9942 772 9943 5454 9943 1647 9943 3427 9944 4608 9944 4607 9944 4607 9945 4606 9945 3427 9945 4606 9946 4695 9946 3427 9946 3427 9947 4695 9947 4694 9947 4694 9948 4693 9948 3427 9948 4693 9949 4692 9949 3427 9949 3427 9950 4692 9950 3429 9950 4692 9951 3431 9951 3429 9951 4936 9952 4937 9952 3453 9952 4937 9953 4938 9953 3453 9953 4938 9954 4939 9954 3453 9954 4939 9955 4940 9955 3453 9955 3453 9956 4940 9956 3532 9956 4940 9957 3533 9957 3532 9957 3612 9958 3613 9958 4940 9958 3613 9959 3535 9959 4940 9959 4940 9960 3535 9960 3533 9960 3441 9961 3439 9961 4663 9961 3439 9962 3437 9962 4663 9962 4663 9963 3437 9963 4692 9963 3437 9964 3436 9964 4692 9964 4692 9965 3436 9965 3431 9965 4691 9966 4941 9966 3443 9966 4691 9967 3443 9967 4690 9967 3441 9968 4663 9968 3443 9968 4663 9969 4662 9969 3443 9969 3443 9970 4662 9970 4690 9970 3449 9971 3447 9971 4941 9971 3447 9972 3445 9972 4941 9972 4941 9973 3445 9973 3443 9973 4936 9974 3453 9974 4941 9974 3453 9975 3451 9975 4941 9975 4941 9976 3451 9976 3449 9976 3059 9977 5172 9977 3805 9977 5172 9978 5199 9978 3805 9978 3805 9979 5199 9979 3808 9979 5199 9980 3806 9980 3808 9980 3806 9981 5199 9981 3256 9981 5199 9982 3055 9982 3256 9982 3256 9983 3055 9983 3054 9983 3612 9984 4940 9984 3611 9984 4940 9985 4935 9985 3611 9985 3611 9986 4935 9986 4934 9986 4934 9987 3092 9987 3611 9987 3092 9988 3091 9988 3611 9988 3611 9989 3091 9989 3048 9989 3803 9990 3802 9990 3048 9990 3802 9991 3801 9991 3048 9991 3048 9992 3801 9992 3611 9992 3059 9993 3805 9993 3048 9993 3805 9994 3804 9994 3048 9994 3048 9995 3804 9995 3803 9995 3160 9996 3159 9996 3426 9996 3159 9997 4411 9997 3426 9997 3426 9998 4411 9998 3427 9998 4411 9999 4413 9999 3427 9999 3427 10000 4413 10000 4608 10000 3160 10001 3426 10001 3156 10001 3426 10002 3296 10002 3156 10002 3156 10003 3296 10003 3298 10003 5242 10004 5574 10004 3831 10004 3257 10005 3054 10005 3825 10005 3054 10006 3052 10006 3825 10006 3825 10007 3052 10007 3826 10007 3052 10008 3050 10008 3826 10008 3826 10009 3050 10009 3831 10009 3050 10010 5243 10010 3831 10010 3831 10011 5243 10011 5242 10011 3197 10012 3833 10012 3832 10012 3831 10013 3197 10013 3832 10013 5574 10014 5573 10014 3831 10014 5573 10015 3197 10015 3831 10015 1861 10016 1647 10016 4425 10016 1647 10017 5454 10017 4425 10017 4425 10018 5454 10018 5576 10018 5454 10019 5455 10019 5576 10019 5576 10020 5455 10020 5391 10020 5455 10021 720 10021 5391 10021 5391 10022 720 10022 560 10022 1782 45 1783 45 1781 45 1783 45 1784 45 1781 45 1781 45 1784 45 1785 45 1785 45 1780 45 1781 45 1780 45 1776 45 1781 45 1781 45 1776 45 1775 45 1775 45 1859 45 1781 45 1859 45 1759 45 1781 45 1781 45 1759 45 1758 45 1758 45 1755 45 1781 45 1755 45 1756 45 1781 45 1781 45 1756 45 1757 45 1757 45 1860 45 1781 45 1860 45 1753 45 1781 45 1781 45 1753 45 1752 45 1752 45 1371 45 1781 45 1371 45 1372 45 1781 45 1781 45 1372 45 3017 45 429 10023 424 10023 1503 10023 424 10024 1376 10024 1503 10024 1416 10025 1505 10025 1376 10025 1505 10026 1504 10026 1376 10026 1376 10027 1504 10027 1503 10027 1499 10028 1462 10028 1404 10028 1462 10029 1461 10029 1404 10029 1404 10030 1461 10030 1416 10030 1461 10031 1506 10031 1416 10031 1416 10032 1506 10032 1505 10032 1499 10033 1404 10033 1500 10033 1404 10034 1402 10034 1500 10034 1500 10035 1402 10035 1501 10035 1501 10036 1402 10036 1498 10036 1402 10037 1401 10037 1498 10037 1498 10038 1401 10038 1496 10038 1496 10039 1401 10039 1495 10039 1401 10040 1408 10040 1495 10040 1495 10041 1408 10041 1493 10041 1493 10042 1408 10042 1492 10042 1408 10043 1413 10043 1492 10043 1492 10044 1413 10044 1491 10044 1491 10045 1413 10045 1489 10045 1413 10046 1414 10046 1489 10046 1489 10047 1414 10047 1485 10047 1485 10048 1414 10048 1487 10048 1414 10049 1412 10049 1487 10049 1487 10050 1412 10050 1488 10050 1411 10051 1482 10051 1412 10051 1482 10052 1530 10052 1412 10052 1412 10053 1530 10053 1488 10053 1410 10054 1480 10054 1411 10054 1480 10055 1483 10055 1411 10055 1411 10056 1483 10056 1482 10056 1733 10057 1478 10057 1410 10057 1478 10058 1479 10058 1410 10058 1410 10059 1479 10059 1480 10059 1733 10060 1410 10060 1693 10060 1410 10061 1409 10061 1693 10061 1693 10062 1409 10062 1694 10062 1409 10063 1403 10063 1694 10063 1694 10064 1403 10064 1696 10064 1696 10065 1403 10065 1697 10065 1403 10066 1415 10066 1697 10066 1697 10067 1415 10067 1699 10067 1699 10068 1415 10068 1700 10068 1415 10069 1400 10069 1700 10069 1700 10070 1400 10070 1827 10070 1827 10071 1400 10071 1730 10071 1400 10072 1399 10072 1730 10072 1730 10073 1399 10073 1731 10073 1731 10074 1399 10074 1726 10074 1399 10075 1398 10075 1726 10075 1726 10076 1398 10076 1727 10076 1398 10077 1397 10077 1727 10077 1727 10078 1397 10078 1728 10078 1396 10079 1702 10079 1397 10079 1702 10080 1729 10080 1397 10080 1397 10081 1729 10081 1728 10081 1395 10082 1378 10082 1720 10082 1720 10083 1719 10083 1395 10083 1719 10084 1718 10084 1395 10084 1395 10085 1718 10085 1396 10085 1718 10086 1703 10086 1396 10086 1396 10087 1703 10087 1702 10087 1377 10088 1371 10088 1752 10088 1752 10089 1723 10089 1377 10089 1723 10090 1722 10090 1377 10090 1377 10091 1722 10091 1378 10091 1722 10092 1721 10092 1378 10092 1378 10093 1721 10093 1720 10093 3017 1 1372 1 1373 1 1421 1 1373 1 1374 1 887 10094 888 10094 1385 10094 472 10095 470 10095 1419 10095 470 10096 469 10096 1419 10096 469 10097 467 10097 1419 10097 1419 10098 467 10098 1420 10098 467 10099 466 10099 1420 10099 1420 10100 466 10100 1417 10100 466 10101 511 10101 1417 10101 1417 10102 511 10102 845 10102 478 10103 1418 10103 479 10103 1418 10104 480 10104 479 10104 478 10105 476 10105 1418 10105 476 10106 475 10106 1418 10106 1418 10107 475 10107 1419 10107 475 10108 473 10108 1419 10108 1419 10109 473 10109 472 10109 480 10110 1418 10110 704 10110 1418 10111 1407 10111 704 10111 704 10112 1407 10112 705 10112 1407 10113 1406 10113 705 10113 705 10114 1406 10114 509 10114 1405 10115 1382 10115 608 10115 608 10116 504 10116 1405 10116 504 10117 506 10117 1405 10117 1405 10118 506 10118 1406 10118 506 10119 508 10119 1406 10119 1406 10120 508 10120 509 10120 1391 10121 901 10121 1379 10121 901 10122 1118 10122 1379 10122 1379 10123 1118 10123 1369 10123 1118 10124 1116 10124 1369 10124 1369 10125 1116 10125 1370 10125 1390 10126 837 10126 1391 10126 837 10127 902 10127 1391 10127 1391 10128 902 10128 901 10128 1389 10129 1033 10129 1390 10129 1033 10130 835 10130 1390 10130 1390 10131 835 10131 837 10131 839 10132 838 10132 1388 10132 838 10133 898 10133 1388 10133 1388 10134 898 10134 1389 10134 898 10135 900 10135 1389 10135 1389 10136 900 10136 1033 10136 839 10137 1388 10137 897 10137 1388 10138 1387 10138 897 10138 897 10139 1387 10139 895 10139 1384 10140 893 10140 1387 10140 893 10141 894 10141 1387 10141 1387 10142 894 10142 895 10142 888 10143 890 10143 1385 10143 890 10144 1030 10144 1385 10144 1385 10145 1030 10145 1384 10145 1030 10146 891 10146 1384 10146 1384 10147 891 10147 893 10147 879 10148 881 10148 1380 10148 881 10149 882 10149 1380 10149 1380 10150 882 10150 1386 10150 882 10151 884 10151 1386 10151 1386 10152 884 10152 1385 10152 884 10153 885 10153 1385 10153 1385 10154 885 10154 887 10154 879 10155 1380 10155 878 10155 1380 10156 1381 10156 878 10156 878 10157 1381 10157 841 10157 841 10158 1381 10158 842 10158 1381 10159 1394 10159 842 10159 842 10160 1394 10160 1038 10160 1038 10161 1394 10161 872 10161 1394 10162 1393 10162 872 10162 872 10163 1393 10163 873 10163 1392 10164 876 10164 1393 10164 876 10165 875 10165 1393 10165 1393 10166 875 10166 873 10166 845 10167 844 10167 1417 10167 844 10168 1049 10168 1417 10168 1417 10169 1049 10169 1392 10169 1049 10170 1059 10170 1392 10170 1392 10171 1059 10171 876 10171 1383 16 5577 16 497 16 712 16 710 16 1382 16 1383 16 497 16 1382 16 497 16 499 16 1382 16 1382 16 499 16 712 16 710 16 709 16 1382 16 709 16 707 16 1382 16 1382 16 707 16 706 16 451 16 606 16 1382 16 606 16 607 16 1382 16 1382 16 607 16 608 16 706 16 460 16 1382 16 460 16 459 16 1382 16 1382 16 459 16 595 16 595 16 602 16 1382 16 602 16 596 16 1382 16 1382 16 596 16 598 16 598 16 600 16 1382 16 600 16 452 16 1382 16 1382 16 452 16 451 16 1375 0 5577 0 1383 0 1375 0 422 0 421 0 3007 10172 779 10172 778 10172 1440 10173 3006 10173 1439 10173 3006 10174 3019 10174 1439 10174 1439 10175 3019 10175 1438 10175 3019 10176 3018 10176 1438 10176 1438 10177 3018 10177 1434 10177 3018 10178 3007 10178 1434 10178 1434 10179 3007 10179 1435 10179 3007 10180 778 10180 1435 10180 1440 10181 3016 10181 3006 10181 3016 10182 1440 10182 3004 10182 1440 10183 1441 10183 3004 10183 3004 4705 1441 4705 1443 4705 419 10184 3013 10184 420 10184 3013 10185 3012 10185 420 10185 3009 10186 412 10186 3010 10186 412 10187 415 10187 3010 10187 3010 10188 415 10188 3011 10188 415 10189 418 10189 3011 10189 3011 10190 418 10190 3012 10190 418 10191 417 10191 3012 10191 3012 10192 417 10192 420 10192 409 10193 408 10193 3015 10193 3015 10194 3014 10194 409 10194 3014 10195 3013 10195 409 10195 409 10196 3013 10196 419 10196 412 10197 3009 10197 3008 10197 412 10198 3008 10198 410 10198 3008 10199 3005 10199 410 10199 410 4705 3005 4705 411 4705</p>
        </triangles>
      </mesh>
    </geometry>
  </library_geometries>
  <library_visual_scenes>
    <visual_scene id="DefaultScene">
      <node id="node_eede585e_771b_48c9_ac73_5eb24c0f132a" type="NODE">
        <matrix>1 0 0 0 0 1 0 0 0 0 1 0 0 0 0 1</matrix>
        <node id="node_ca59ab19_29a3_40a8_b09d_76c1e7b25119" type="NODE">
          <matrix>1 0 0 0 0 1 0 0 0 0 1 0 0 0 0 1</matrix>
          <node id="node_ca59ab19_29a3_40a8_b09d_76c1e7b25119_mesh0" type="NODE">
            <matrix>1 0 0 0 0 1 0 0 0 0 1 0 0 0 0 1</matrix>
            <instance_geometry url="#geometry_e1bf0724_0103_40fd_8e12_0ba1e6188e80">
              <bind_material>
                <technique_common>
                  <instance_material symbol="mat_0" target="#mat_0"/>
                </technique_common>
              </bind_material>
            </instance_geometry>
          </node>
        </node>
      </node>
    </visual_scene>
  </library_visual_scenes>
  <scene>
    <instance_visual_scene url="#DefaultScene"/>
  </scene>
</COLLADA>
