<?xml version="1.0" encoding="UTF-8"?>
<COLLADA xmlns="http://www.collada.org/2005/11/COLLADASchema" version="1.4.1">
<!--
# File generated by ImageToStl.com - Free Image and 3D model conversion tools
-->
  <asset>
    <contributor>
      <author>ImageToStl.com</author>
      <authoring_tool>ImageToStl.com</authoring_tool>
    </contributor>
    <created>2026-03-22T02:15:51</created>
    <modified>2026-03-22T02:15:51</modified>
    <up_axis>Z_UP</up_axis>
  </asset>
  <library_effects>
    <effect id="effect_0">
        <profile_COMMON>
          <technique sid="common">
            <phong>
              <diffuse>
                <color>0.85 0.85 0.85 1</color>
              </diffuse>
              <specular>
                <color>0.05 0.05 0.05 1</color>
              </specular>
              <shininess>
                <float>64</float>
              </shininess>
            </phong>
          </technique>
        </profile_COMMON>
    </effect>
  </library_effects>
  <library_materials>
    <material id="mat_0">
      <instance_effect url="#effect_0"/>
    </material>
  </library_materials>
  <library_geometries>
    <geometry id="geometry_78839858_f49c_4c8b_a40e_5e2a3b6901f5">
      <mesh>
        <source id="pos_0">
          <float_array id="pos_0-array" count="5670">11.80000019 -45 7 0 -45 7 11.80000019 -45 -7 0 -45 -7 0 45 -7 0 45 7 11.80000019 45 -7 11.80000019 45 7 11.80000019 -21.932127 -7 11.80000019 -22.18296814 -6.15907097 11.80000019 -22.98835945 1.24639273 11.80000019 -22.98835945 -1.24639273 11.80000019 -22.71884346 -3.72456527 11.80000019 -22.71884346 3.72456527 11.80000019 -22.18296814 6.15907097 11.80000019 -21.932127 7 11.80000019 21.932127 7 11.80000019 22.18296814 6.15907097 11.80000019 21.932127 -7 11.80000019 22.18296814 -6.15907097 11.80000019 22.71884346 -3.72456527 11.80000019 22.71884346 3.72456527 11.80000019 22.98835945 1.24639273 11.80000019 22.98835945 -1.24639273 11.80000019 18.59837341 -7 11.80000019 -18.59837341 -7 11.80000019 -19.61029434 3.2149446 11.80000019 -19.84293365 1.07585263 11.80000019 19.14774132 -5.31634426 11.80000019 -19.14774132 -5.31634426 11.80000019 19.84293365 -1.07585263 11.80000019 19.84293365 1.07585263 11.80000019 -19.14774132 5.31634426 11.80000019 18.59837341 7 11.80000019 -18.59837341 7 11.80000019 19.14774132 5.31634426 11.80000019 19.61029434 3.2149446 11.80000019 -19.84293365 -1.07585263 11.80000019 -19.61029434 -3.2149446 11.80000019 19.61029434 -3.2149446 40.23537827 -1.25966728 2.72272611 40.23537827 -0.31930152 0.94765317 40.23537827 -0.51555389 0.85685718 40.23537827 -0.95790464 2.8429594 40.23537827 -0.64491129 2.92986155 40.23537827 -0.10811902 0.99413794 40.23537827 -0.32435706 2.98241377 40.23537827 -0 1 40.23537827 -2.28648615 1.94215894 40.23537827 -0.6876995 0.72599554 40.23537827 -0.82768899 0.56118703 40.23537827 -2.06309843 2.17798662 40.23537827 -1.81552267 2.3882792 40.23537827 -1.54666162 2.57057166 40.23537827 2.78693008 1.11041451 40.23537827 0.96355003 0.26752836 40.23537827 0.88351202 0.46840844 40.23537827 -0.92897677 0.37013814 40.23537827 -2.65053606 1.4052254 40.23537827 -2.48306704 1.68356121 40.23537827 -1.54666162 -2.57057166 40.23537827 -0.60517424 -0.79609311 40.23537827 -0.41988912 -0.90757543 40.23537827 1.54666162 -2.57057166 40.23537827 0.41988912 -0.90757543 40.23537827 0.60517424 -0.79609311 40.23537827 0.98682648 -0.161782 40.23537827 0.99853343 0.05413891 40.23537827 2.99560022 -0.16241673 40.23537827 2.89065003 0.80258507 40.23537827 2.9604795 0.48534599 40.23537827 2.99560022 0.16241673 40.23537827 0 3 40.23537827 0.32435706 2.98241377 40.23537827 0.21497044 0.97662061 40.23537827 -2.78693008 -1.11041451 40.23537827 -0.96355003 -0.26752836 40.23537827 -0.88351202 -0.46840844 40.23537827 -0.21497044 -0.97662061 40.23537827 -0.95790464 -2.8429594 40.23537827 -1.25966728 -2.72272611 40.23537827 0 -1 40.23537827 -0.32435706 -2.98241377 40.23537827 -0.64491129 -2.92986155 40.23537827 -0.98682648 0.161782 40.23537827 -2.89065003 0.80258507 40.23537827 -2.78693008 1.11041451 40.23537827 -0.99853343 -0.05413891 40.23537827 -2.99560022 0.16241673 40.23537827 -2.9604795 0.48534599 40.23537827 0.21497044 -0.97662061 40.23537827 0.32435706 -2.98241377 40.23537827 -0 -3 40.23537827 0.92897677 -0.37013814 40.23537827 2.65053606 -1.4052254 40.23537827 0.82768899 -0.56118703 40.23537827 2.48306704 -1.68356121 40.23537827 0.76216203 -0.64738631 40.23537827 2.9604795 -0.48534599 40.23537827 2.89065003 -0.80258507 40.23537827 2.78693008 -1.11041451 40.23537827 2.06309843 2.17798662 40.23537827 0.76216203 0.64738631 40.23537827 0.60517424 0.79609311 40.23537827 -2.89065003 -0.80258507 40.23537827 -2.9604795 -0.48534599 40.23537827 -2.99560022 -0.16241673 40.23537827 -1.81552267 -2.3882792 40.23537827 -2.06309843 -2.17798662 40.23537827 -0.76216203 -0.64738631 40.23537827 -2.28648615 -1.94215894 40.23537827 -0.82768899 -0.56118703 40.23537827 -2.48306704 -1.68356121 40.23537827 -2.65053606 -1.4052254 40.23537827 1.25966728 -2.72272611 40.23537827 0.95790464 -2.8429594 40.23537827 0.64491129 -2.92986155 40.23537827 2.28648615 1.94215894 40.23537827 2.48306704 1.68356121 40.23537827 2.65053606 1.4052254 40.23537827 0.41988912 0.90757543 40.23537827 1.54666162 2.57057166 40.23537827 1.81552267 2.3882792 40.23537827 0.64491129 2.92986155 40.23537827 0.95790464 2.8429594 40.23537827 1.25966728 2.72272611 40.23537827 2.28648615 -1.94215894 40.23537827 2.06309843 -2.17798662 40.23537827 1.81552267 -2.3882792 0 -22.58517265 -10 0 -24.75661659 -10 2 -21.93785858 -10 3 -23.79910088 -10 1.99999917 -20.7123127 -10 3 -20.3770504 -10 3 -23.79910088 10 -0 -24.75661659 10 -0 -22.58517265 10 1.99999917 -20.7123127 10 3 -20.3770504 10 2 -21.93785858 10 1.00595486 -22.26181412 10 3 -21.42368507 -7.5 3 -24.70115852 -7.5 9.0084486 -19.40693092 -7.5 9.36590672 -22.61616325 -7.5 10.61324883 -18.83538437 -7.5 11.80000019 -21.76621819 -7.5 11.80000019 -18.4024334 -7.5 3 -21.08642578 -8.40159988 3 -23.98122597 -9.55499458 3 -21.42368507 7.5 3 -24.70115852 7.5 3 -21.08642578 8.40159988 3 -23.98122597 9.55499458 5.45642233 -23.9181633 7.5 5.81923151 -20.49980927 7.5 6.29677105 -23.64434624 7.5 11.80000019 -21.76621819 7.5 10.55172634 -18.85758591 7.5 11.80000019 -18.4024334 7.5 3 21.42368507 7.5 3 24.70115852 7.5 9.0084486 19.40693092 7.5 9.36590672 22.61616325 7.5 10.61324883 18.83538437 7.5 11.80000019 21.76621819 7.5 11.80000019 18.4024334 7.5 3 20.3770504 10 3 23.79910088 10 3 21.08642578 8.40159988 3 23.98122597 9.55499458 -0 22.58517265 10 -0 24.75661659 10 2 21.93785858 10 1.99999917 20.7123127 10 -0 -21.56713104 12.03947067 0 -23.58977127 12.50650501 -0 -20.1699276 14.25707054 0 -22.09929657 14.98369503 -0 -18.54559708 16.31412888 0 -20.34972572 17.28521347 -0 -16.71243668 18.18748283 0 -18.36157608 19.38408089 -0 -14.69108295 19.85603333 0 -16.15815163 21.25568581 -0 -12.50430107 21.30099487 0 -13.7652874 22.87808609 -0 -10.17671394 22.5060997 0 -11.21103859 24.23226547 -0 -7.7345314 23.4577713 0 -8.52535152 25.30233955 -0 -5.20525455 24.1452961 0 -5.73971081 26.07576942 -0 -2.61736393 24.56093216 0 -2.88677764 26.54348373 -0 -0 24.69999886 0 0 26.69999886 -0 2.61736393 24.56093216 0 2.88677764 26.54348373 -0 5.20525455 24.1452961 0 5.73971081 26.07576942 -0 7.7345314 23.4577713 0 8.52535152 25.30233955 -0 10.17671394 22.5060997 0 11.21103859 24.23226547 -0 12.50430107 21.30099487 0 13.7652874 22.87808609 -0 14.69108295 19.85603333 0 16.15815163 21.25568581 -0 16.71243668 18.18748283 0 18.36157608 19.38408089 -0 18.54559708 16.31412888 0 20.34972572 17.28521347 -0 20.1699276 14.25707054 0 22.09929657 14.98369503 -0 21.56713104 12.03947067 0 23.58977127 12.50650501 1.99999917 20.7123127 -10 2 21.93785858 -10 1.99999917 20.32077408 -10.77339268 2 21.05155754 -11.7516613 1.99999917 19.03684425 -12.90730095 2 19.68775558 -13.91624832 1.99999917 17.52972412 -14.88988304 2 18.10225677 -15.92413139 1.99999917 15.81708527 -16.69789505 2 16.3129158 -17.75270081 1.99999917 13.91900539 -18.3101387 2 14.33988571 -19.38136482 1.99999917 11.85773659 -19.70771408 2 12.20537949 -20.79178619 1.99999917 9.65744781 -20.87423134 2 9.93343449 -21.96808052 1.99999917 7.34393454 -21.79602051 2 7.54963398 -22.89700127 1.99999917 4.94431925 -22.46226883 2 5.08082056 -23.56809235 1.99999917 2.48673725 -22.86517143 2 2.55479455 -23.97379112 1.99999917 0 -22.99999619 2 -0 -24.10953522 1.99999917 -2.48673725 -22.86517143 2 -2.55479455 -23.97379112 1.99999917 -4.94431925 -22.46226883 2 -5.08082056 -23.56809235 1.99999917 -7.34393454 -21.79602051 2 -7.54963398 -22.89700127 1.99999917 -9.65744781 -20.87423134 2 -9.93343449 -21.96808052 1.99999917 -11.85773659 -19.70771408 2 -12.20537949 -20.79178619 1.99999917 -13.91900539 -18.3101387 2 -14.33988571 -19.38136482 1.99999917 -15.81708527 -16.69789505 2 -16.3129158 -17.75270081 1.99999917 -17.52972412 -14.88988304 2 -18.10225677 -15.92413139 1.99999917 -19.03684425 -12.90730095 2 -19.68775558 -13.91624832 1.99999917 -20.32077408 -10.77339268 2 -21.05155754 -11.7516613 11.80000019 -18.46069908 7.35541487 3 20.3770504 -10 1.99999917 -20.32077408 10.77339268 7.34771299 -18.85758781 9.99765968 7.34771299 -19.82797813 7.90018845 15.13316631 -16.52481079 8.7609005 15.13316631 -17.37516212 6.92289686 15.13316631 -18.02180481 5.00372934 15.13316631 -18.45715714 3.0258975 15.13316631 -18.67611885 1.01258981 15.13316631 -18.67611885 -1.01258981 15.13316631 -18.45715714 -3.0258975 15.13316631 -18.02180481 -5.00372934 15.13316631 -17.37516212 -6.92289686 11.80000019 -18.46069908 -7.35541487 15.13316631 -16.52481079 -8.7609005 7.34771299 -18.85758781 -9.99765968 7.34771299 -19.82797813 -7.90018845 7.34771299 18.85758781 -9.99765968 7.34771299 19.82797813 -7.90018845 3 21.08642578 -8.40159988 15.13316631 16.52481079 -8.7609005 15.13316631 17.37516212 -6.92289686 11.80000019 18.46069908 -7.35541487 3 21.42368507 -7.5 5.81923151 20.49980927 -7.5 10.55172634 18.85758591 -7.5 11.80000019 18.4024334 -7.5 15.13316631 18.02180481 -5.00372934 15.13316631 18.45715714 -3.0258975 15.13316631 18.67611885 -1.01258981 15.13316631 18.67611885 1.01258981 15.13316631 18.45715714 3.0258975 15.13316631 18.02180481 5.00372934 15.13316631 17.37516212 6.92289686 11.80000019 18.46069908 7.35541487 15.13316631 16.52481079 8.7609005 7.34771299 18.85758781 9.99765968 7.34771299 19.82797813 7.90018845 7.34771299 -17.66610527 11.97791672 1.99999917 -19.03684425 12.90730095 7.34771299 -16.26750374 13.8177433 1.99999917 -17.52972412 14.88988304 7.34771299 -14.6781826 15.49556923 1.99999917 -15.81708527 16.69789505 7.34771299 -12.9167738 16.99172592 1.99999917 -13.91900539 18.3101387 7.34771299 -11.00392628 18.28866768 1.99999917 -11.85773659 19.70771408 7.34771299 -8.9620676 19.37119293 1.99999917 -9.65744781 20.87423134 7.34771299 -6.81513786 20.22660637 1.99999917 -7.34393454 21.79602051 7.34771299 -4.58830595 20.84488487 1.99999917 -4.94431925 22.46226883 7.34771299 -2.30768061 21.21877289 1.99999917 -2.48673725 22.86517143 7.34771299 0 21.34389305 1.99999917 0 22.99999619 7.34771299 2.30768061 21.21877289 1.99999917 2.48673725 22.86517143 7.34771299 4.58830595 20.84488487 1.99999917 4.94431925 22.46226883 7.34771299 6.81513786 20.22660637 1.99999917 7.34393454 21.79602051 7.34771299 8.9620676 19.37119293 1.99999917 9.65744781 20.87423134 7.34771299 11.00392628 18.28866768 1.99999917 11.85773659 19.70771408 7.34771299 12.9167738 16.99172592 1.99999917 13.91900539 18.3101387 7.34771299 14.6781826 15.49556923 1.99999917 15.81708527 16.69789505 7.34771299 16.26750374 13.8177433 1.99999917 17.52972412 14.88988304 7.34771299 17.66610527 11.97791672 1.99999917 19.03684425 12.90730095 1.99999917 20.32077408 10.77339268 7.34771299 17.66610527 -11.97791672 7.34771299 16.26750374 -13.8177433 7.34771299 14.6781826 -15.49556923 7.34771299 12.9167738 -16.99172592 7.34771299 11.00392628 -18.28866768 7.34771299 8.9620676 -19.37119293 7.34771299 6.81513786 -20.22660637 7.34771299 4.58830595 -20.84488487 7.34771299 2.30768061 -21.21877289 7.34771299 0 -21.34389305 7.34771299 -2.30768061 -21.21877289 7.34771299 -4.58830595 -20.84488487 7.34771299 -6.81513786 -20.22660637 7.34771299 -8.9620676 -19.37119293 7.34771299 -11.00392628 -18.28866768 7.34771299 -12.9167738 -16.99172592 7.34771299 -14.6781826 -15.49556923 7.34771299 -16.26750374 -13.8177433 7.34771299 -17.66610527 -11.97791672 15.13316631 15.48072147 10.49619007 15.13316631 14.25513554 12.10842133 15.13316631 12.86242104 13.57869244 15.13316631 11.31890488 14.88976574 15.13316631 9.64268684 16.02626991 15.13316631 7.85341692 16.97488213 15.13316631 5.97207212 17.72447586 15.13316631 4.02070999 18.26626968 15.13316631 2.02220941 18.5939064 15.13316631 0 18.70354843 15.13316631 -2.02220941 18.5939064 15.13316631 -4.02070999 18.26626968 15.13316631 -5.97207212 17.72447586 15.13316631 -7.85341692 16.97488213 15.13316631 -9.64268684 16.02626991 15.13316631 -11.31890488 14.88976574 15.13316631 -12.86242104 13.57869244 15.13316631 -14.25513554 12.10842133 15.13316631 -15.48072147 10.49619007 15.13316631 -15.48072147 -10.49619007 15.13316631 -14.25513554 -12.10842133 15.13316631 -12.86242104 -13.57869244 15.13316631 -11.31890488 -14.88976574 15.13316631 -9.64268684 -16.02626991 15.13316631 -7.85341692 -16.97488213 15.13316631 -5.97207212 -17.72447586 15.13316631 -4.02070999 -18.26626968 15.13316631 -2.02220941 -18.5939064 15.13316631 0 -18.70354843 15.13316631 2.02220941 -18.5939064 15.13316631 4.02070999 -18.26626968 15.13316631 5.97207212 -17.72447586 15.13316631 7.85341692 -16.97488213 15.13316631 9.64268684 -16.02626991 15.13316631 11.31890488 -14.88976574 15.13316631 12.86242104 -13.57869244 15.13316631 14.25513554 -12.10842133 15.13316631 15.48072147 -10.49619007 21.64830208 0 -16.20947456 21.64830208 1.75255239 -16.11445236 21.64830208 3.48455763 -15.83050537 21.64830208 5.17570972 -15.36095905 21.64830208 6.80618143 -14.71131992 21.64830208 8.35685635 -13.88920403 21.64830208 9.80955505 -12.90424919 21.64830208 11.14724541 -11.76800442 21.64830208 12.35424519 -10.49379063 21.64830208 13.41640282 -9.09654713 21.64830208 14.32126522 -7.59265423 21.64830208 15.05822277 -5.99974442 21.64830208 15.61863804 -4.33649349 21.64830208 15.9959383 -2.62240076 21.64830208 16.18570137 -0.87756318 21.64830208 16.18570137 0.87756318 21.64830208 15.9959383 2.62240076 21.64830208 15.61863804 4.33649349 21.64830208 15.05822277 5.99974442 21.64830208 14.32126522 7.59265423 21.64830208 13.41640282 9.09654713 21.64830208 12.35424519 10.49379063 21.64830208 11.14724541 11.76800442 21.64830208 9.80955505 12.90424919 21.64830208 8.35685635 13.88920403 21.64830208 6.80618143 14.71131992 21.64830208 5.17570972 15.36095905 21.64830208 3.48455763 15.83050537 21.64830208 1.75255239 16.11445236 21.64830208 0 16.20947456 21.64830208 -1.75255239 16.11445236 21.64830208 -3.48455763 15.83050537 21.64830208 -5.17570972 15.36095905 21.64830208 -6.80618143 14.71131992 21.64830208 -8.35685635 13.88920403 21.64830208 -9.80955505 12.90424919 21.64830208 -11.14724541 11.76800442 21.64830208 -12.35424519 10.49379063 21.64830208 -13.41640282 9.09654713 21.64830208 -14.32126522 7.59265423 21.64830208 -15.05822277 5.99974442 21.64830208 -15.61863804 4.33649349 21.64830208 -15.9959383 2.62240076 21.64830208 -16.18570137 0.87756318 21.64830208 -16.18570137 -0.87756318 21.64830208 -15.9959383 -2.62240076 21.64830208 -15.61863804 -4.33649349 21.64830208 -15.05822277 -5.99974442 21.64830208 -14.32126522 -7.59265423 21.64830208 -13.41640282 -9.09654713 21.64830208 -12.35424519 -10.49379063 21.64830208 -11.14724541 -11.76800442 21.64830208 -9.80955505 -12.90424919 21.64830208 -8.35685635 -13.88920403 21.64830208 -6.80618143 -14.71131992 21.64830208 -5.17570972 -15.36095905 21.64830208 -3.48455763 -15.83050537 21.64830208 -1.75255239 -16.11445236 27.02967072 0 -13.8629055 27.02967072 1.49884367 -13.78164005 27.02967072 2.9801147 -13.53879738 27.02967072 4.42644691 -13.1372261 27.02967072 5.82088232 -12.58163166 27.02967072 7.14707422 -11.87852955 27.02967072 8.38947296 -11.03616238 27.02967072 9.53351212 -10.06440639 27.02967072 10.56577969 -8.9746542 27.02967072 11.47417355 -7.77968311 27.02967072 12.24804306 -6.49350166 27.02967072 12.87831593 -5.1311903 27.02967072 13.35760212 -3.70871997 27.02967072 13.68028164 -2.24276853 27.02967072 13.84257317 -0.75052255 27.02967072 13.84257317 0.75052255 27.02967072 13.68028164 2.24276853 27.02967072 13.35760212 3.70871997 27.02967072 12.87831593 5.1311903 27.02967072 12.24804306 6.49350166 27.02967072 11.47417355 7.77968311 27.02967072 10.56577969 8.9746542 27.02967072 9.53351212 10.06440639 27.02967072 8.38947296 11.03616238 27.02967072 7.14707422 11.87852955 27.02967072 5.82088232 12.58163166 27.02967072 4.42644691 13.1372261 27.02967072 2.9801147 13.53879738 27.02967072 1.49884367 13.78164005 27.02967072 0 13.8629055 27.02967072 -1.49884367 13.78164005 27.02967072 -2.9801147 13.53879738 27.02967072 -4.42644691 13.1372261 27.02967072 -5.82088232 12.58163166 27.02967072 -7.14707422 11.87852955 27.02967072 -8.38947296 11.03616238 27.02967072 -9.53351212 10.06440639 27.02967072 -10.56577969 8.9746542 27.02967072 -11.47417355 7.77968311 27.02967072 -12.24804306 6.49350166 27.02967072 -12.87831593 5.1311903 27.02967072 -13.35760212 3.70871997 27.02967072 -13.68028164 2.24276853 27.02967072 -13.84257317 0.75052255 27.02967072 -13.84257317 -0.75052255 27.02967072 -13.68028164 -2.24276853 27.02967072 -13.35760212 -3.70871997 27.02967072 -12.87831593 -5.1311903 27.02967072 -12.24804306 -6.49350166 27.02967072 -11.47417355 -7.77968311 27.02967072 -10.56577969 -8.9746542 27.02967072 -9.53351212 -10.06440639 27.02967072 -8.38947296 -11.03616238 27.02967072 -7.14707422 -11.87852955 27.02967072 -5.82088232 -12.58163166 27.02967072 -4.42644691 -13.1372261 27.02967072 -2.9801147 -13.53879738 27.02967072 -1.49884367 -13.78164005 31.40852165 0 -11.66359425 31.40852165 1.2610563 -11.59522152 31.40852165 2.50732803 -11.39090538 31.40852165 3.72420335 -11.05304146 31.40852165 4.89741611 -10.58559132 31.40852165 6.01321077 -9.99403477 31.40852165 7.05850649 -9.28530693 31.40852165 8.02104759 -8.46771717 31.40852165 8.8895483 -7.55085087 31.40852165 9.65382767 -6.54545784 31.40852165 10.30492592 -5.46332598 31.40852165 10.83520699 -4.31714106 31.40852165 11.23845577 -3.12034202 31.40852165 11.50994396 -1.88695955 31.40852165 11.64648914 -0.63145423 31.40852165 11.64648914 0.63145423 31.40852165 11.50994396 1.88695955 31.40852165 11.23845577 3.12034202 31.40852165 10.83520699 4.31714106 31.40852165 10.30492592 5.46332598 31.40852165 9.65382767 6.54545784 31.40852165 8.8895483 7.55085087 31.40852165 8.02104759 8.46771717 31.40852165 7.05850649 9.28530693 31.40852165 6.01321077 9.99403477 31.40852165 4.89741611 10.58559132 31.40852165 3.72420335 11.05304146 31.40852165 2.50732803 11.39090538 31.40852165 1.2610563 11.59522152 31.40852165 0 11.66359425 31.40852165 -1.2610563 11.59522152 31.40852165 -2.50732803 11.39090538 31.40852165 -3.72420335 11.05304146 31.40852165 -4.89741611 10.58559132 31.40852165 -6.01321077 9.99403477 31.40852165 -7.05850649 9.28530693 31.40852165 -8.02104759 8.46771717 31.40852165 -8.8895483 7.55085087 31.40852165 -9.65382767 6.54545784 31.40852165 -10.30492592 5.46332598 31.40852165 -10.83520699 4.31714106 31.40852165 -11.23845577 3.12034202 31.40852165 -11.50994396 1.88695955 31.40852165 -11.64648914 0.63145423 31.40852165 -11.64648914 -0.63145423 31.40852165 -11.50994396 -1.88695955 31.40852165 -11.23845577 -3.12034202 31.40852165 -10.83520699 -4.31714106 31.40852165 -10.30492592 -5.46332598 31.40852165 -9.65382767 -6.54545784 31.40852165 -8.8895483 -7.55085087 31.40852165 -8.02104759 -8.46771717 31.40852165 -7.05850649 -9.28530693 31.40852165 -6.01321077 -9.99403477 31.40852165 -4.89741611 -10.58559132 31.40852165 -3.72420335 -11.05304146 31.40852165 -2.50732803 -11.39090538 31.40852165 -1.2610563 -11.59522152 35.06319427 0 -9.51102543 35.06319427 1.0283227 -9.45527077 35.06319427 2.04458928 -9.28866291 35.06319427 3.03688478 -9.01315403 35.06319427 3.99357581 -8.63197231 35.06319427 4.90344572 -8.14959049 35.06319427 5.75582743 -7.57166147 35.06319427 6.54072666 -6.90496159 35.06319427 7.24894238 -6.15730762 35.06319427 7.87217093 -5.33746433 35.06319427 8.40310574 -4.45504427 35.06319427 8.83552074 -3.52039337 35.06319427 9.1643486 -2.54446864 35.06319427 9.3857317 -1.53871262 35.06319427 9.49707603 -0.51491648 35.06319427 9.49707603 0.51491648 35.06319427 9.3857317 1.53871262 35.06319427 9.1643486 2.54446864 35.06319427 8.83552074 3.52039337 35.06319427 8.40310574 4.45504427 35.06319427 7.87217093 5.33746433 35.06319427 7.24894238 6.15730762 35.06319427 6.54072666 6.90496159 35.06319427 5.75582743 7.57166147 35.06319427 4.90344572 8.14959049 35.06319427 3.99357581 8.63197231 35.06319427 3.03688478 9.01315403 35.06319427 2.04458928 9.28866291 35.06319427 1.0283227 9.45527077 35.06319427 0 9.51102543 35.06319427 -1.0283227 9.45527077 35.06319427 -2.04458928 9.28866291 35.06319427 -3.03688478 9.01315403 35.06319427 -3.99357581 8.63197231 35.06319427 -4.90344572 8.14959049 35.06319427 -5.75582743 7.57166147 35.06319427 -6.54072666 6.90496159 35.06319427 -7.24894238 6.15730762 35.06319427 -7.87217093 5.33746433 35.06319427 -8.40310574 4.45504427 35.06319427 -8.83552074 3.52039337 35.06319427 -9.1643486 2.54446864 35.06319427 -9.3857317 1.53871262 35.06319427 -9.49707603 0.51491648 35.06319427 -9.49707603 -0.51491648 35.06319427 -9.3857317 -1.53871262 35.06319427 -9.1643486 -2.54446864 35.06319427 -8.83552074 -3.52039337 35.06319427 -8.40310574 -4.45504427 35.06319427 -7.87217093 -5.33746433 35.06319427 -7.24894238 -6.15730762 35.06319427 -6.54072666 -6.90496159 35.06319427 -5.75582743 -7.57166147 35.06319427 -4.90344572 -8.14959049 35.06319427 -3.99357581 -8.63197231 35.06319427 -3.03688478 -9.01315403 35.06319427 -2.04458928 -9.28866291 35.06319427 -1.0283227 -9.45527077 37.60190964 0 -7.73293066 37.60190964 0.83607686 -7.68759966 37.60190964 1.66235137 -7.55213881 37.60190964 2.46913671 -7.32813597 37.60190964 3.24697328 -7.01821804 37.60190964 3.98674226 -6.62601709 37.60190964 4.67976999 -6.1561327 37.60190964 5.31793213 -5.61407232 37.60190964 5.89374638 -5.00619316 37.60190964 6.4004612 -4.33962059 37.60190964 6.83213711 -3.62216973 37.60190964 7.18371248 -2.86225247 37.60190964 7.45106554 -2.06877804 37.60190964 7.63106108 -1.25104904 37.60190964 7.72158957 -0.41865245 37.60190964 7.72158957 0.41865245 37.60190964 7.63106108 1.25104904 37.60190964 7.45106554 2.06877804 37.60190964 7.18371248 2.86225247 37.60190964 6.83213711 3.62216973 37.60190964 6.4004612 4.33962059 37.60190964 5.89374638 5.00619316 37.60190964 5.31793213 5.61407232 37.60190964 4.67976999 6.1561327 37.60190964 3.98674226 6.62601709 37.60190964 3.24697328 7.01821804 37.60190964 2.46913671 7.32813597 37.60190964 1.66235137 7.55213881 37.60190964 0.83607686 7.68759966 37.60190964 0 7.73293066 37.60190964 -0.83607686 7.68759966 37.60190964 -1.66235137 7.55213881 37.60190964 -2.46913671 7.32813597 37.60190964 -3.24697328 7.01821804 37.60190964 -3.98674226 6.62601709 37.60190964 -4.67976999 6.1561327 37.60190964 -5.31793213 5.61407232 37.60190964 -5.89374638 5.00619316 37.60190964 -6.4004612 4.33962059 37.60190964 -6.83213711 3.62216973 37.60190964 -7.18371248 2.86225247 37.60190964 -7.45106554 2.06877804 37.60190964 -7.63106108 1.25104904 37.60190964 -7.72158957 0.41865245 37.60190964 -7.72158957 -0.41865245 37.60190964 -7.63106108 -1.25104904 37.60190964 -7.45106554 -2.06877804 37.60190964 -7.18371248 -2.86225247 37.60190964 -6.83213711 -3.62216973 37.60190964 -6.4004612 -4.33962059 37.60190964 -5.89374638 -5.00619316 37.60190964 -5.31793213 -5.61407232 37.60190964 -4.67976999 -6.1561327 37.60190964 -3.98674226 -6.62601709 37.60190964 -3.24697328 -7.01821804 37.60190964 -2.46913671 -7.32813597 37.60190964 -1.66235137 -7.55213881 37.60190964 -0.83607686 -7.68759966 39.5951004 0 -6.0478611 39.5951004 0.65388888 -6.01240873 39.5951004 1.30011141 -5.90646553 39.5951004 1.93109143 -5.7312746 39.5951004 2.5394311 -5.48889017 39.5951004 3.11799812 -5.1821537 39.5951004 3.66000962 -4.81466055 39.5951004 4.15911102 -4.39072037 39.5951004 4.60945034 -3.91530252 39.5951004 5.00574827 -3.3939817 39.5951004 5.34335852 -2.83286929 39.5951004 5.61832237 -2.23854423 39.5951004 5.8274169 -1.61797428 39.5951004 5.96818972 -0.97843504 39.5951004 6.03899193 -0.32742462 39.5951004 6.03899193 0.32742462 39.5951004 5.96818972 0.97843504 39.5951004 5.8274169 1.61797428 39.5951004 5.61832237 2.23854423 39.5951004 5.34335852 2.83286929 39.5951004 5.00574827 3.3939817 39.5951004 4.60945034 3.91530252 39.5951004 4.15911102 4.39072037 39.5951004 3.66000962 4.81466055 39.5951004 3.11799812 5.1821537 39.5951004 2.5394311 5.48889017 39.5951004 1.93109143 5.7312746 39.5951004 1.30011141 5.90646553 39.5951004 0.65388888 6.01240873 39.5951004 0 6.0478611 39.5951004 -0.65388888 6.01240873 39.5951004 -1.30011141 5.90646553 39.5951004 -1.93109143 5.7312746 39.5951004 -2.5394311 5.48889017 39.5951004 -3.11799812 5.1821537 39.5951004 -3.66000962 4.81466055 39.5951004 -4.15911102 4.39072037 39.5951004 -4.60945034 3.91530252 39.5951004 -5.00574827 3.3939817 39.5951004 -5.34335852 2.83286929 39.5951004 -5.61832237 2.23854423 39.5951004 -5.8274169 1.61797428 39.5951004 -5.96818972 0.97843504 39.5951004 -6.03899193 0.32742462 39.5951004 -6.03899193 -0.32742462 39.5951004 -5.96818972 -0.97843504 39.5951004 -5.8274169 -1.61797428 39.5951004 -5.61832237 -2.23854423 39.5951004 -5.34335852 -2.83286929 39.5951004 -5.00574827 -3.3939817 39.5951004 -4.60945034 -3.91530252 39.5951004 -4.15911102 -4.39072037 39.5951004 -3.66000962 -4.81466055 39.5951004 -3.11799812 -5.1821537 39.5951004 -2.5394311 -5.48889017 39.5951004 -1.93109143 -5.7312746 39.5951004 -1.30011141 -5.90646553 39.5951004 -0.65388888 -6.01240873 40.70393372 0 -4.91151094 40.70393372 0.53102773 -4.88271952 40.70393372 1.05582964 -4.79668236 40.70393372 1.56825292 -4.65440893 40.70393372 2.06228995 -4.45756626 40.70393372 2.53214836 -4.20846319 40.70393372 2.9723196 -3.91001964 40.70393372 3.37764335 -3.56573462 40.70393372 3.7433672 -3.17964458 40.70393372 4.06520367 -2.75627637 40.70393372 4.33937883 -2.30059314 40.70393372 4.56267929 -1.81793761 40.70393372 4.73248625 -1.3139683 40.70393372 4.84680891 -0.79459405 40.70393372 4.90430784 -0.26590383 40.70393372 4.90430784 0.26590383 40.70393372 4.84680891 0.79459405 40.70393372 4.73248625 1.3139683 40.70393372 4.56267929 1.81793761 40.70393372 4.33937883 2.30059314 40.70393372 4.06520367 2.75627637 40.70393372 3.7433672 3.17964458 40.70393372 3.37764335 3.56573462 40.70393372 2.9723196 3.91001964 40.70393372 2.53214836 4.20846319 40.70393372 2.06228995 4.45756626 40.70393372 1.56825292 4.65440893 40.70393372 1.05582964 4.79668236 40.70393372 0.53102773 4.88271952 40.70393372 0 4.91151094 40.70393372 -0.53102773 4.88271952 40.70393372 -1.05582964 4.79668236 40.70393372 -1.56825292 4.65440893 40.70393372 -2.06228995 4.45756626 40.70393372 -2.53214836 4.20846319 40.70393372 -2.9723196 3.91001964 40.70393372 -3.37764335 3.56573462 40.70393372 -3.7433672 3.17964458 40.70393372 -4.06520367 2.75627637 40.70393372 -4.33937883 2.30059314 40.70393372 -4.56267929 1.81793761 40.70393372 -4.73248625 1.3139683 40.70393372 -4.84680891 0.79459405 40.70393372 -4.90430784 0.26590383 40.70393372 -4.90430784 -0.26590383 40.70393372 -4.84680891 -0.79459405 40.70393372 -4.73248625 -1.3139683 40.70393372 -4.56267929 -1.81793761 40.70393372 -4.33937883 -2.30059314 40.70393372 -4.06520367 -2.75627637 40.70393372 -3.7433672 -3.17964458 40.70393372 -3.37764335 -3.56573462 40.70393372 -2.9723196 -3.91001964 40.70393372 -2.53214836 -4.20846319 40.70393372 -2.06228995 -4.45756626 40.70393372 -1.56825292 -4.65440893 40.70393372 -1.05582964 -4.79668236 40.70393372 -0.53102773 -4.88271952 41.55569839 0 -3.85636663 41.55569839 0.41694656 -3.8337605 41.55569839 0.82900488 -3.76620698 41.55569839 1.23134387 -3.6544981 41.55569839 1.61924636 -3.49994349 41.55569839 1.98816466 -3.30435562 41.55569839 2.33377385 -3.07002687 41.55569839 2.65202141 -2.79970479 41.55569839 2.93917632 -2.4965589 41.55569839 3.19187236 -2.16414309 41.55569839 3.40714622 -1.80635476 41.55569839 3.58247471 -1.42738843 41.55569839 3.71580219 -1.03168738 41.55569839 3.80556488 -0.6238907 41.55569839 3.85071111 -0.20877948 41.55569839 3.85071111 0.20877948 41.55569839 3.80556488 0.6238907 41.55569839 3.71580219 1.03168738 41.55569839 3.58247471 1.42738843 41.55569839 3.40714622 1.80635476 41.55569839 3.19187236 2.16414309 41.55569839 2.93917632 2.4965589 41.55569839 2.65202141 2.79970479 41.55569839 2.33377385 3.07002687 41.55569839 1.98816466 3.30435562 41.55569839 1.61924636 3.49994349 41.55569839 1.23134387 3.6544981 41.55569839 0.82900488 3.76620698 41.55569839 0.41694656 3.8337605 41.55569839 0 3.85636663 41.55569839 -0.41694656 3.8337605 41.55569839 -0.82900488 3.76620698 41.55569839 -1.23134387 3.6544981 41.55569839 -1.61924636 3.49994349 41.55569839 -1.98816466 3.30435562 41.55569839 -2.33377385 3.07002687 41.55569839 -2.65202141 2.79970479 41.55569839 -2.93917632 2.4965589 41.55569839 -3.19187236 2.16414309 41.55569839 -3.40714622 1.80635476 41.55569839 -3.58247471 1.42738843 41.55569839 -3.71580219 1.03168738 41.55569839 -3.80556488 0.6238907 41.55569839 -3.85071111 0.20877948 41.55569839 -3.85071111 -0.20877948 41.55569839 -3.80556488 -0.6238907 41.55569839 -3.71580219 -1.03168738 41.55569839 -3.58247471 -1.42738843 41.55569839 -3.40714622 -1.80635476 41.55569839 -3.19187236 -2.16414309 41.55569839 -2.93917632 -2.4965589 41.55569839 -2.65202141 -2.79970479 41.55569839 -2.33377385 -3.07002687 41.55569839 -1.98816466 -3.30435562 41.55569839 -1.61924636 -3.49994349 41.55569839 -1.23134387 -3.6544981 41.55569839 -0.82900488 -3.76620698 41.55569839 -0.41694656 -3.8337605 42.11457443 -0.32435706 -2.98241377 42.11457443 -0.64491129 -2.92986155 42.11457443 -0.95790464 -2.8429594 42.11457443 -1.25966728 -2.72272611 42.11457443 -1.54666162 -2.57057166 42.11457443 -1.81552267 -2.3882792 42.11457443 -2.06309843 -2.17798662 42.11457443 -2.28648615 -1.94215894 42.11457443 -2.48306704 -1.68356121 42.11457443 -2.65053606 -1.4052254 42.11457443 -2.78693008 -1.11041451 42.11457443 -2.89065003 -0.80258507 42.11457443 -2.9604795 -0.48534599 42.11457443 -2.99560022 -0.16241673 42.11457443 -2.99560022 0.16241673 42.11457443 -2.9604795 0.48534599 42.11457443 -2.89065003 0.80258507 42.11457443 -2.78693008 1.11041451 42.11457443 -2.65053606 1.4052254 42.11457443 -2.48306704 1.68356121 42.11457443 -2.28648615 1.94215894 42.11457443 -2.06309843 2.17798662 42.11457443 -1.81552267 2.3882792 42.11457443 -1.54666162 2.57057166 42.11457443 -1.25966728 2.72272611 42.11457443 -0.95790464 2.8429594 42.11457443 -0.64491129 2.92986155 42.11457443 -0.32435706 2.98241377 42.11457443 -0 3 42.11457443 0.32435706 2.98241377 42.11457443 0.64491129 2.92986155 42.11457443 0.95790464 2.8429594 42.11457443 1.25966728 2.72272611 42.11457443 1.54666162 2.57057166 42.11457443 1.81552267 2.3882792 42.11457443 2.06309843 2.17798662 42.11457443 2.28648615 1.94215894 42.11457443 2.48306704 1.68356121 42.11457443 2.65053606 1.4052254 42.11457443 2.78693008 1.11041451 42.11457443 2.89065003 0.80258507 42.11457443 2.9604795 0.48534599 42.11457443 2.99560022 0.16241673 42.11457443 2.99560022 -0.16241673 42.11457443 2.9604795 -0.48534599 42.11457443 2.89065003 -0.80258507 42.11457443 2.78693008 -1.11041451 42.11457443 2.65053606 -1.4052254 42.11457443 2.48306704 -1.68356121 42.11457443 2.28648615 -1.94215894 42.11457443 2.06309843 -2.17798662 42.11457443 1.81552267 -2.3882792 42.11457443 1.54666162 -2.57057166 42.11457443 1.25966728 -2.72272611 42.11457443 0.95790464 -2.8429594 42.11457443 0.64491129 -2.92986155 42.11457443 0.32435706 -2.98241377 42.11457443 0 -3 -2E-08 22.58517265 -10 -2E-08 21.56713104 -12.03947067 1.00574422 21.30932236 -11.89555359 1.00574422 19.92881775 -14.08664513 -2E-08 20.1699276 -14.25707054 1.00574422 18.32390785 -16.11911392 -2E-08 18.54559708 -16.31412888 1.00574422 16.51265907 -17.97007179 -2E-08 16.71243668 -18.18748283 1.00574422 14.5154686 -19.61867905 -2E-08 14.69108295 -19.85603333 1.00574422 12.35482788 -21.04636765 -2E-08 12.50430107 -21.30099487 1.00574422 10.05506325 -22.23706627 -2E-08 10.17671394 -22.5060997 1.00574422 7.64207458 -23.17736053 -2E-08 7.7345314 -23.4577713 1.00574422 5.14303207 -23.85666847 -2E-08 5.20525455 -24.1452961 1.00574422 2.58607626 -24.26733589 -2E-08 2.61736393 -24.56093216 1.00574422 0 -24.40474129 -2E-08 -0 -24.69999886 1.00574422 -2.58607626 -24.26733589 -2E-08 -2.61736393 -24.56093216 1.00574422 -5.14303207 -23.85666847 -2E-08 -5.20525455 -24.1452961 1.00574422 -7.64207458 -23.17736053 -2E-08 -7.7345314 -23.4577713 1.00574422 -10.05506325 -22.23706627 -2E-08 -10.17671394 -22.5060997 1.00574422 -12.35482788 -21.04636765 -2E-08 -12.50430107 -21.30099487 1.00574422 -14.5154686 -19.61867905 -2E-08 -14.69108295 -19.85603333 1.00574422 -16.51265907 -17.97007179 -2E-08 -16.71243668 -18.18748283 1.00574422 -18.32390785 -16.11911392 -2E-08 -18.54559708 -16.31412888 1.00574422 -19.92881775 -14.08664513 -2E-08 -20.1699276 -14.25707054 1.00574422 -21.30932236 -11.89555359 -2E-08 -21.56713104 -12.03947067 11.80000019 21.76621819 -7.5 0 -23.58977127 -12.50650501 6.29615259 21.91599083 11.61912251 6.29615259 23.04376602 9.18147659 14.43477345 21.31135368 -5.91706848 14.43477345 21.82617378 -3.57821965 14.43477345 22.08510208 -1.19741952 14.43477345 22.08510208 1.19741952 14.43477345 21.82617378 3.57821965 14.43477345 21.31135368 5.91706848 14.43477345 20.54667854 8.18654537 6.29615259 23.04376602 -9.18147659 6.29677105 23.64434624 -7.5 14.43477345 20.54667854 -8.18654537 3 23.98122597 -9.55499458 3 24.70115852 -7.5 5.45642233 23.9181633 -7.5 3 23.79910088 -10 6.29615259 21.91599083 -11.61912251 0 24.75661659 -10 6.29615259 -21.91599083 -11.61912251 6.29615259 -23.04376602 -9.18147659 14.43477345 -21.31135368 5.91706848 14.43477345 -21.82617378 3.57821965 14.43477345 -22.08510208 1.19741952 14.43477345 -22.08510208 -1.19741952 14.43477345 -21.82617378 -3.57821965 14.43477345 -21.31135368 -5.91706848 14.43477345 -20.54667854 -8.18654537 6.29615259 -23.04376602 9.18147659 14.43477345 -20.54667854 8.18654537 6.29615259 -21.91599083 11.61912251 45.36574554 -0.33897331 -3.11680818 45.67333603 -0.24326779 -2.23681045 45.36574554 -0.67397249 -3.06188774 45.67333603 -0.4836835 -2.19739628 45.36574554 -1.0010699 -2.97106957 45.67333603 -0.71842843 -2.13221979 45.36574554 -1.31643069 -2.84541845 45.67333603 -0.94475049 -2.04204464 45.36574554 -1.61635756 -2.68640709 45.67333603 -1.15999615 -1.92792869 45.36574554 -1.8973341 -2.49590015 45.67333603 -1.361642 -1.79120946 45.36574554 -2.15606618 -2.27613139 45.67333603 -1.54732382 -1.63348985 45.36574554 -2.38952041 -2.02967691 45.67333603 -1.71486461 -1.45661914 45.36574554 -2.5949595 -1.75942624 45.67333603 -1.86230016 -1.26267087 45.36574554 -2.76997519 -1.46854782 45.67333603 -1.98790216 -1.05391896 45.36574554 -2.9125154 -1.16045213 45.67333603 -2.09019756 -0.83281082 45.36574554 -3.02090907 -0.83875126 45.67333603 -2.16798735 -0.60193872 45.36574554 -3.09388518 -0.50721675 45.67333603 -2.22035956 -0.3640095 45.36574554 -3.13058877 -0.16973558 45.67333603 -2.24670029 -0.12181254 45.36574554 -3.13058877 0.16973558 45.67333603 -2.24670029 0.12181254 45.36574554 -3.09388518 0.50721675 45.67333603 -2.22035956 0.3640095 45.36574554 -3.02090907 0.83875126 45.67333603 -2.16798735 0.60193872 45.36574554 -2.9125154 1.16045213 45.67333603 -2.09019756 0.83281082 45.36574554 -2.76997519 1.46854782 45.67333603 -1.98790216 1.05391896 45.36574554 -2.5949595 1.75942624 45.67333603 -1.86230016 1.26267087 45.36574554 -2.38952041 2.02967691 45.67333603 -1.71486461 1.45661914 45.36574554 -2.15606618 2.27613139 45.67333603 -1.54732382 1.63348985 45.36574554 -1.8973341 2.49590015 45.67333603 -1.361642 1.79120946 45.36574554 -1.61635756 2.68640709 45.67333603 -1.15999615 1.92792869 45.36574554 -1.31643069 2.84541845 45.67333603 -0.94475049 2.04204464 45.36574554 -1.0010699 2.97106957 45.67333603 -0.71842843 2.13221979 45.36574554 -0.67397249 3.06188774 45.67333603 -0.4836835 2.19739628 45.36574554 -0.33897331 3.11680818 45.67333603 -0.24326779 2.23681045 45.36574554 0 3.13518667 45.67333603 -0 2.25 45.36574554 0.33897331 3.11680818 45.67333603 0.24326779 2.23681045 45.36574554 0.67397249 3.06188774 45.67333603 0.4836835 2.19739628 45.36574554 1.0010699 2.97106957 45.67333603 0.71842843 2.13221979 45.36574554 1.31643069 2.84541845 45.67333603 0.94475049 2.04204464 45.36574554 1.61635756 2.68640709 45.67333603 1.15999615 1.92792869 45.36574554 1.8973341 2.49590015 45.67333603 1.361642 1.79120946 45.36574554 2.15606618 2.27613139 45.67333603 1.54732382 1.63348985 45.36574554 2.38952041 2.02967691 45.67333603 1.71486461 1.45661914 45.36574554 2.5949595 1.75942624 45.67333603 1.86230016 1.26267087 45.36574554 2.76997519 1.46854782 45.67333603 1.98790216 1.05391896 45.36574554 2.9125154 1.16045213 45.67333603 2.09019756 0.83281082 45.36574554 3.02090907 0.83875126 45.67333603 2.16798735 0.60193872 45.36574554 3.09388518 0.50721675 45.67333603 2.22035956 0.3640095 45.36574554 3.13058877 0.16973558 45.67333603 2.24670029 0.12181254 45.36574554 3.13058877 -0.16973558 45.67333603 2.24670029 -0.12181254 45.36574554 3.09388518 -0.50721675 45.67333603 2.22035956 -0.3640095 45.36574554 3.02090907 -0.83875126 45.67333603 2.16798735 -0.60193872 45.36574554 2.9125154 -1.16045213 45.67333603 2.09019756 -0.83281082 45.36574554 2.76997519 -1.46854782 45.67333603 1.98790216 -1.05391896 45.36574554 2.5949595 -1.75942624 45.67333603 1.86230016 -1.26267087 45.36574554 2.38952041 -2.02967691 45.67333603 1.71486461 -1.45661914 45.36574554 2.15606618 -2.27613139 45.67333603 1.54732382 -1.63348985 45.36574554 1.8973341 -2.49590015 45.67333603 1.361642 -1.79120946 45.36574554 1.61635756 -2.68640709 45.67333603 1.15999615 -1.92792869 45.36574554 1.31643069 -2.84541845 45.67333603 0.94475049 -2.04204464 45.36574554 1.0010699 -2.97106957 45.67333603 0.71842843 -2.13221979 45.36574554 0.67397249 -3.06188774 45.67333603 0.4836835 -2.19739628 45.36574554 0.33897331 -3.11680818 45.67333603 0.24326779 -2.23681045 45.36574554 0 -3.13518667 45.67333603 0 -2.25 44.94921875 0 -4.0354147 44.94921875 0.43630508 -4.01175928 44.94921875 0.86749488 -3.94106889 44.94921875 1.28851414 -3.82417345 44.94921875 1.69442666 -3.66244316 44.94921875 2.08047366 -3.45777416 44.94921875 2.4421289 -3.2125659 44.94921875 2.77515244 -2.92969275 44.94921875 3.07563996 -2.61247206 44.94921875 3.34006834 -2.26462269 44.94921875 3.56533742 -1.89022231 44.94921875 3.74880648 -1.49366093 44.94921875 3.88832378 -1.07958782 44.94921875 3.98225427 -0.65285748 44.94921875 4.02949667 -0.21847296 44.94921875 4.02949667 0.21847296 44.94921875 3.98225427 0.65285748 44.94921875 3.88832378 1.07958782 44.94921875 3.74880648 1.49366093 44.94921875 3.56533742 1.89022231 44.94921875 3.34006834 2.26462269 44.94921875 3.07563996 2.61247206 44.94921875 2.77515244 2.92969275 44.94921875 2.4421289 3.2125659 44.94921875 2.08047366 3.45777416 44.94921875 1.69442666 3.66244316 44.94921875 1.28851414 3.82417345 44.94921875 0.86749488 3.94106889 44.94921875 0.43630508 4.01175928 44.94921875 0 4.0354147 44.94921875 -0.43630508 4.01175928 44.94921875 -0.86749488 3.94106889 44.94921875 -1.28851414 3.82417345 44.94921875 -1.69442666 3.66244316 44.94921875 -2.08047366 3.45777416 44.94921875 -2.4421289 3.2125659 44.94921875 -2.77515244 2.92969275 44.94921875 -3.07563996 2.61247206 44.94921875 -3.34006834 2.26462269 44.94921875 -3.56533742 1.89022231 44.94921875 -3.74880648 1.49366093 44.94921875 -3.88832378 1.07958782 44.94921875 -3.98225427 0.65285748 44.94921875 -4.02949667 0.21847296 44.94921875 -4.02949667 -0.21847296 44.94921875 -3.98225427 -0.65285748 44.94921875 -3.88832378 -1.07958782 44.94921875 -3.74880648 -1.49366093 44.94921875 -3.56533742 -1.89022231 44.94921875 -3.34006834 -2.26462269 44.94921875 -3.07563996 -2.61247206 44.94921875 -2.77515244 -2.92969275 44.94921875 -2.4421289 -3.2125659 44.94921875 -2.08047366 -3.45777416 44.94921875 -1.69442666 -3.66244316 44.94921875 -1.28851414 -3.82417345 44.94921875 -0.86749488 -3.94106889 44.94921875 -0.43630508 -4.01175928 44.3802948 0 -5.01014376 44.3802948 0.54169184 -4.98077393 44.3802948 1.07703292 -4.89300966 44.3802948 1.59974658 -4.74787855 44.3802948 2.10370469 -4.54708338 44.3802948 2.58299899 -4.29297781 44.3802948 3.03200984 -3.98854065 44.3802948 3.44547319 -3.63734198 44.3802948 3.81854153 -3.24349856 44.3802948 4.14684105 -2.81162786 44.3802948 4.42652273 -2.34679365 44.3802948 4.65430689 -1.85444546 44.3802948 4.82752419 -1.34035552 44.3802948 4.94414282 -0.81055111 44.3802948 5.00279617 -0.27124372 44.3802948 5.00279617 0.27124372 44.3802948 4.94414282 0.81055111 44.3802948 4.82752419 1.34035552 44.3802948 4.65430689 1.85444546 44.3802948 4.42652273 2.34679365 44.3802948 4.14684105 2.81162786 44.3802948 3.81854153 3.24349856 44.3802948 3.44547319 3.63734198 44.3802948 3.03200984 3.98854065 44.3802948 2.58299899 4.29297781 44.3802948 2.10370469 4.54708338 44.3802948 1.59974658 4.74787855 44.3802948 1.07703292 4.89300966 44.3802948 0.54169184 4.98077393 44.3802948 0 5.01014376 44.3802948 -0.54169184 4.98077393 44.3802948 -1.07703292 4.89300966 44.3802948 -1.59974658 4.74787855 44.3802948 -2.10370469 4.54708338 44.3802948 -2.58299899 4.29297781 44.3802948 -3.03200984 3.98854065 44.3802948 -3.44547319 3.63734198 44.3802948 -3.81854153 3.24349856 44.3802948 -4.14684105 2.81162786 44.3802948 -4.42652273 2.34679365 44.3802948 -4.65430689 1.85444546 44.3802948 -4.82752419 1.34035552 44.3802948 -4.94414282 0.81055111 44.3802948 -5.00279617 0.27124372 44.3802948 -5.00279617 -0.27124372 44.3802948 -4.94414282 -0.81055111 44.3802948 -4.82752419 -1.34035552 44.3802948 -4.65430689 -1.85444546 44.3802948 -4.42652273 -2.34679365 44.3802948 -4.14684105 -2.81162786 44.3802948 -3.81854153 -3.24349856 44.3802948 -3.44547319 -3.63734198 44.3802948 -3.03200984 -3.98854065 44.3802948 -2.58299899 -4.29297781 44.3802948 -2.10370469 -4.54708338 44.3802948 -1.59974658 -4.74787855 44.3802948 -1.07703292 -4.89300966 44.3802948 -0.54169184 -4.98077393 43.60988617 0 -6.08613586 43.60988617 0.65802699 -6.05045843 43.60988617 1.30833936 -5.94384527 43.60988617 1.94331253 -5.76754618 43.60988617 2.55550218 -5.52362728 43.60988617 3.13773084 -5.21494913 43.60988617 3.68317246 -4.84513092 43.60988617 4.18543243 -4.4185071 43.60988617 4.63862228 -3.94008064 43.60988617 5.0374279 -3.41546059 43.60988617 5.37717438 -2.85079741 43.60988617 5.65387869 -2.2527113 43.60988617 5.86429596 -1.62821376 43.60988617 6.00596046 -0.98462719 43.60988617 6.07720995 -0.32949674 43.60988617 6.07720995 0.32949674 43.60988617 6.00596046 0.98462719 43.60988617 5.86429596 1.62821376 43.60988617 5.65387869 2.2527113 43.60988617 5.37717438 2.85079741 43.60988617 5.0374279 3.41546059 43.60988617 4.63862228 3.94008064 43.60988617 4.18543243 4.4185071 43.60988617 3.68317246 4.84513092 43.60988617 3.13773084 5.21494913 43.60988617 2.55550218 5.52362728 43.60988617 1.94331253 5.76754618 43.60988617 1.30833936 5.94384527 43.60988617 0.65802699 6.05045843 43.60988617 0 6.08613586 43.60988617 -0.65802699 6.05045843 43.60988617 -1.30833936 5.94384527 43.60988617 -1.94331253 5.76754618 43.60988617 -2.55550218 5.52362728 43.60988617 -3.13773084 5.21494913 43.60988617 -3.68317246 4.84513092 43.60988617 -4.18543243 4.4185071 43.60988617 -4.63862228 3.94008064 43.60988617 -5.0374279 3.41546059 43.60988617 -5.37717438 2.85079741 43.60988617 -5.65387869 2.2527113 43.60988617 -5.86429596 1.62821376 43.60988617 -6.00596046 0.98462719 43.60988617 -6.07720995 0.32949674 43.60988617 -6.07720995 -0.32949674 43.60988617 -6.00596046 -0.98462719 43.60988617 -5.86429596 -1.62821376 43.60988617 -5.65387869 -2.2527113 43.60988617 -5.37717438 -2.85079741 43.60988617 -5.0374279 -3.41546059 43.60988617 -4.63862228 -3.94008064 43.60988617 -4.18543243 -4.4185071 43.60988617 -3.68317246 -4.84513092 43.60988617 -3.13773084 -5.21494913 43.60988617 -2.55550218 -5.52362728 43.60988617 -1.94331253 -5.76754618 43.60988617 -1.30833936 -5.94384527 43.60988617 -0.65802699 -6.05045843 42.59536362 0 -7.26386404 42.59536362 0.78536189 -7.22128296 42.59536362 1.56151605 -7.09403896 42.59536362 2.31936288 -6.88362408 42.59536362 3.05001736 -6.5925045 42.59536362 3.74491334 -6.22409391 42.59536362 4.39590311 -5.78271198 42.59536362 4.99535561 -5.27353239 42.59536362 5.53624153 -4.70252609 42.59536362 6.01222038 -4.07638693 42.59536362 6.41771126 -3.40245533 42.59536362 6.74796057 -2.6886332 42.59536362 6.99909639 -1.94328952 42.59536362 7.16817379 -1.17516243 42.59536362 7.25321102 -0.39325768 42.59536362 7.25321102 0.39325768 42.59536362 7.16817379 1.17516243 42.59536362 6.99909639 1.94328952 42.59536362 6.74796057 2.6886332 42.59536362 6.41771126 3.40245533 42.59536362 6.01222038 4.07638693 42.59536362 5.53624153 4.70252609 42.59536362 4.99535561 5.27353239 42.59536362 4.39590311 5.78271198 42.59536362 3.74491334 6.22409391 42.59536362 3.05001736 6.5925045 42.59536362 2.31936288 6.88362408 42.59536362 1.56151605 7.09403896 42.59536362 0.78536189 7.22128296 42.59536362 0 7.26386404 42.59536362 -0.78536189 7.22128296 42.59536362 -1.56151605 7.09403896 42.59536362 -2.31936288 6.88362408 42.59536362 -3.05001736 6.5925045 42.59536362 -3.74491334 6.22409391 42.59536362 -4.39590311 5.78271198 42.59536362 -4.99535561 5.27353239 42.59536362 -5.53624153 4.70252609 42.59536362 -6.01222038 4.07638693 42.59536362 -6.41771126 3.40245533 42.59536362 -6.74796057 2.6886332 42.59536362 -6.99909639 1.94328952 42.59536362 -7.16817379 1.17516243 42.59536362 -7.25321102 0.39325768 42.59536362 -7.25321102 -0.39325768 42.59536362 -7.16817379 -1.17516243 42.59536362 -6.99909639 -1.94328952 42.59536362 -6.74796057 -2.6886332 42.59536362 -6.41771126 -3.40245533 42.59536362 -6.01222038 -4.07638693 42.59536362 -5.53624153 -4.70252609 42.59536362 -4.99535561 -5.27353239 42.59536362 -4.39590311 -5.78271198 42.59536362 -3.74491334 -6.22409391 42.59536362 -3.05001736 -6.5925045 42.59536362 -2.31936288 -6.88362408 42.59536362 -1.56151605 -7.09403896 42.59536362 -0.78536189 -7.22128296 41.16009903 0 -8.66065121 41.16009903 0.93638104 -8.6098814 41.16009903 1.86178386 -8.45816994 41.16009903 2.76535916 -8.20729351 41.16009903 3.63651299 -7.86019373 41.16009903 4.4650321 -7.42094088 41.16009903 5.24120283 -6.89468384 41.16009903 5.95592451 -6.28759336 41.16009903 6.60081959 -5.60678673 41.16009903 7.16832542 -4.86024523 41.16009903 7.65178967 -4.05672169 41.16009903 8.04554272 -3.20563745 41.16009903 8.34496975 -2.31696939 41.16009903 8.54656029 -1.40113747 41.16009903 8.64794922 -0.46887818 41.16009903 8.64794922 0.46887818 41.16009903 8.54656029 1.40113747 41.16009903 8.34496975 2.31696939 41.16009903 8.04554272 3.20563745 41.16009903 7.65178967 4.05672169 41.16009903 7.16832542 4.86024523 41.16009903 6.60081959 5.60678673 41.16009903 5.95592451 6.28759336 41.16009903 5.24120283 6.89468384 41.16009903 4.4650321 7.42094088 41.16009903 3.63651299 7.86019373 41.16009903 2.76535916 8.20729351 41.16009903 1.86178386 8.45816994 41.16009903 0.93638104 8.6098814 41.16009903 0 8.66065121 41.16009903 -0.93638104 8.6098814 41.16009903 -1.86178386 8.45816994 41.16009903 -2.76535916 8.20729351 41.16009903 -3.63651299 7.86019373 41.16009903 -4.4650321 7.42094088 41.16009903 -5.24120283 6.89468384 41.16009903 -5.95592451 6.28759336 41.16009903 -6.60081959 5.60678673 41.16009903 -7.16832542 4.86024523 41.16009903 -7.65178967 4.05672169 41.16009903 -8.04554272 3.20563745 41.16009903 -8.34496975 2.31696939 41.16009903 -8.54656029 1.40113747 41.16009903 -8.64794922 0.46887818 41.16009903 -8.64794922 -0.46887818 41.16009903 -8.54656029 -1.40113747 41.16009903 -8.34496975 -2.31696939 41.16009903 -8.04554272 -3.20563745 41.16009903 -7.65178967 -4.05672169 41.16009903 -7.16832542 -4.86024523 41.16009903 -6.60081959 -5.60678673 41.16009903 -5.95592451 -6.28759336 41.16009903 -5.24120283 -6.89468384 41.16009903 -4.4650321 -7.42094088 41.16009903 -3.63651299 -7.86019373 41.16009903 -2.76535916 -8.20729351 41.16009903 -1.86178386 -8.45816994 41.16009903 -0.93638104 -8.6098814 38.6738205 0 -10.6554327 38.6738205 1.15205503 -10.59297085 38.6738205 2.29060316 -10.40631485 38.6738205 3.4022963 -10.0976553 38.6738205 4.47410011 -9.67060947 38.6738205 5.49344969 -9.13018417 38.6738205 6.44839334 -8.48271656 38.6738205 7.3277359 -7.73579645 38.6738205 8.12116718 -6.89818144 38.6738205 8.81938457 -5.97969103 38.6738205 9.41420364 -4.99109507 38.6738205 9.89864922 -3.9439826 38.6738205 10.26704216 -2.85063028 38.6738205 10.51506424 -1.72385728 38.6738205 10.63980675 -0.57687354 38.6738205 10.63980675 0.57687354 38.6738205 10.51506424 1.72385728 38.6738205 10.26704216 2.85063028 38.6738205 9.89864922 3.9439826 38.6738205 9.41420364 4.99109507 38.6738205 8.81938457 5.97969103 38.6738205 8.12116718 6.89818144 38.6738205 7.3277359 7.73579645 38.6738205 6.44839334 8.48271656 38.6738205 5.49344969 9.13018417 38.6738205 4.47410011 9.67060947 38.6738205 3.4022963 10.0976553 38.6738205 2.29060316 10.40631485 38.6738205 1.15205503 10.59297085 38.6738205 0 10.6554327 38.6738205 -1.15205503 10.59297085 38.6738205 -2.29060316 10.40631485 38.6738205 -3.4022963 10.0976553 38.6738205 -4.47410011 9.67060947 38.6738205 -5.49344969 9.13018417 38.6738205 -6.44839334 8.48271656 38.6738205 -7.3277359 7.73579645 38.6738205 -8.12116718 6.89818144 38.6738205 -8.81938457 5.97969103 38.6738205 -9.41420364 4.99109507 38.6738205 -9.89864922 3.9439826 38.6738205 -10.26704216 2.85063028 38.6738205 -10.51506424 1.72385728 38.6738205 -10.63980675 0.57687354 38.6738205 -10.63980675 -0.57687354 38.6738205 -10.51506424 -1.72385728 38.6738205 -10.26704216 -2.85063028 38.6738205 -9.89864922 -3.9439826 38.6738205 -9.41420364 -4.99109507 38.6738205 -8.81938457 -5.97969103 38.6738205 -8.12116718 -6.89818144 38.6738205 -7.3277359 -7.73579645 38.6738205 -6.44839334 -8.48271656 38.6738205 -5.49344969 -9.13018417 38.6738205 -4.47410011 -9.67060947 38.6738205 -3.4022963 -10.0976553 38.6738205 -2.29060316 -10.40631485 38.6738205 -1.15205503 -10.59297085 35.65611649 0 -12.66117859 35.65611649 1.36891413 -12.58695793 35.65611649 2.72177911 -12.36516666 35.65611649 4.04273415 -11.99840546 35.65611649 5.31629086 -11.49097443 35.65611649 6.52751923 -10.84882164 35.65611649 7.66221905 -10.07947636 35.65611649 8.70708561 -9.19195843 35.65611649 9.64986992 -8.19667339 35.65611649 10.47951794 -7.10528946 35.65611649 11.18630314 -5.93060303 35.65611649 11.76194 -4.68638515 35.65611649 12.19967842 -3.3872242 35.65611649 12.49438667 -2.04835057 35.65611649 12.6426096 -0.68546236 35.65611649 12.6426096 0.68546236 35.65611649 12.49438667 2.04835057 35.65611649 12.19967842 3.3872242 35.65611649 11.76194 4.68638515 35.65611649 11.18630314 5.93060303 35.65611649 10.47951794 7.10528946 35.65611649 9.64986992 8.19667339 35.65611649 8.70708561 9.19195843 35.65611649 7.66221905 10.07947636 35.65611649 6.52751923 10.84882164 35.65611649 5.31629086 11.49097443 35.65611649 4.04273415 11.99840546 35.65611649 2.72177911 12.36516666 35.65611649 1.36891413 12.58695793 35.65611649 0 12.66117859 35.65611649 -1.36891413 12.58695793 35.65611649 -2.72177911 12.36516666 35.65611649 -4.04273415 11.99840546 35.65611649 -5.31629086 11.49097443 35.65611649 -6.52751923 10.84882164 35.65611649 -7.66221905 10.07947636 35.65611649 -8.70708561 9.19195843 35.65611649 -9.64986992 8.19667339 35.65611649 -10.47951794 7.10528946 35.65611649 -11.18630314 5.93060303 35.65611649 -11.76194 4.68638515 35.65611649 -12.19967842 3.3872242 35.65611649 -12.49438667 2.04835057 35.65611649 -12.6426096 0.68546236 35.65611649 -12.6426096 -0.68546236 35.65611649 -12.49438667 -2.04835057 35.65611649 -12.19967842 -3.3872242 35.65611649 -11.76194 -4.68638515 35.65611649 -11.18630314 -5.93060303 35.65611649 -10.47951794 -7.10528946 35.65611649 -9.64986992 -8.19667339 35.65611649 -8.70708561 -9.19195843 35.65611649 -7.66221905 -10.07947636 35.65611649 -6.52751923 -10.84882164 35.65611649 -5.31629086 -11.49097443 35.65611649 -4.04273415 -11.99840546 35.65611649 -2.72177911 -12.36516666 35.65611649 -1.36891413 -12.58695793 31.67336464 0 -14.90062523 31.67336464 1.61104095 -14.81327629 31.67336464 3.2031939 -14.55225563 31.67336464 4.757792 -14.12062454 31.67336464 6.25660992 -13.52344036 31.67336464 7.68207455 -12.76770687 31.67336464 9.01747417 -11.86228371 31.67336464 10.24715137 -10.81778622 31.67336464 11.35669136 -9.64646053 31.67336464 12.33308315 -8.36203766 31.67336464 13.16488171 -6.97957802 31.67336464 13.84233284 -5.51528931 31.67336464 14.35749722 -3.98633957 31.67336464 14.7043314 -2.41065288 31.67336464 14.87877083 -0.80670351 31.67336464 14.87877083 0.80670351 31.67336464 14.7043314 2.41065288 31.67336464 14.35749722 3.98633957 31.67336464 13.84233284 5.51528931 31.67336464 13.16488171 6.97957802 31.67336464 12.33308315 8.36203766 31.67336464 11.35669136 9.64646053 31.67336464 10.24715137 10.81778622 31.67336464 9.01747417 11.86228371 31.67336464 7.68207455 12.76770687 31.67336464 6.25660992 13.52344036 31.67336464 4.757792 14.12062454 31.67336464 3.2031939 14.55225563 31.67336464 1.61104095 14.81327629 31.67336464 0 14.90062523 31.67336464 -1.61104095 14.81327629 31.67336464 -3.2031939 14.55225563 31.67336464 -4.757792 14.12062454 31.67336464 -6.25660992 13.52344036 31.67336464 -7.68207455 12.76770687 31.67336464 -9.01747417 11.86228371 31.67336464 -10.24715137 10.81778622 31.67336464 -11.35669136 9.64646053 31.67336464 -12.33308315 8.36203766 31.67336464 -13.16488171 6.97957802 31.67336464 -13.84233284 5.51528931 31.67336464 -14.35749722 3.98633957 31.67336464 -14.7043314 2.41065288 31.67336464 -14.87877083 0.80670351 31.67336464 -14.87877083 -0.80670351 31.67336464 -14.7043314 -2.41065288 31.67336464 -14.35749722 -3.98633957 31.67336464 -13.84233284 -5.51528931 31.67336464 -13.16488171 -6.97957802 31.67336464 -12.33308315 -8.36203766 31.67336464 -11.35669136 -9.64646053 31.67336464 -10.24715137 -10.81778622 31.67336464 -9.01747417 -11.86228371 31.67336464 -7.68207455 -12.76770687 31.67336464 -6.25660992 -13.52344036 31.67336464 -4.757792 -14.12062454 31.67336464 -3.2031939 -14.55225563 31.67336464 -1.61104095 -14.81327629 26.983675 0 -17.16704941 26.983675 1.85608447 -17.06641579 26.983675 3.69040799 -16.76569366 26.983675 5.48146534 -16.26840782 26.983675 7.2082572 -15.58039188 26.983675 8.85053825 -14.70970917 26.983675 10.38905525 -13.66656971 26.983675 11.80576992 -12.46319962 26.983675 13.08407402 -11.11371231 26.983675 14.2089777 -9.63392544 26.983675 15.16729546 -8.0411911 26.983675 15.94778919 -6.35417986 26.983675 16.54130936 -4.59267187 26.983675 16.9408989 -2.77731943 26.983675 17.14187241 -0.92940533 26.983675 17.14187241 0.92940533 26.983675 16.9408989 2.77731943 26.983675 16.54130936 4.59267187 26.983675 15.94778919 6.35417986 26.983675 15.16729546 8.0411911 26.983675 14.2089777 9.63392544 26.983675 13.08407402 11.11371231 26.983675 11.80576992 12.46319962 26.983675 10.38905525 13.66656971 26.983675 8.85053825 14.70970917 26.983675 7.2082572 15.58039188 26.983675 5.48146534 16.26840782 26.983675 3.69040799 16.76569366 26.983675 1.85608447 17.06641579 26.983675 0 17.16704941 26.983675 -1.85608447 17.06641579 26.983675 -3.69040799 16.76569366 26.983675 -5.48146534 16.26840782 26.983675 -7.2082572 15.58039188 26.983675 -8.85053825 14.70970917 26.983675 -10.38905525 13.66656971 26.983675 -11.80576992 12.46319962 26.983675 -13.08407402 11.11371231 26.983675 -14.2089777 9.63392544 26.983675 -15.16729546 8.0411911 26.983675 -15.94778919 6.35417986 26.983675 -16.54130936 4.59267187 26.983675 -16.9408989 2.77731943 26.983675 -17.14187241 0.92940533 26.983675 -17.14187241 -0.92940533 26.983675 -16.9408989 -2.77731943 26.983675 -16.54130936 -4.59267187 26.983675 -15.94778919 -6.35417986 26.983675 -15.16729546 -8.0411911 26.983675 -14.2089777 -9.63392544 26.983675 -13.08407402 -11.11371231 26.983675 -11.80576992 -12.46319962 26.983675 -10.38905525 -13.66656971 26.983675 -8.85053825 -14.70970917 26.983675 -7.2082572 -15.58039188 26.983675 -5.48146534 -16.26840782 26.983675 -3.69040799 -16.76569366 26.983675 -1.85608447 -17.06641579 21.281353 0 -19.57242775 21.281353 2.11615157 -19.45769501 21.281353 4.20749331 -19.11483574 21.281353 6.249506 -18.54787445 21.281353 8.21824932 -17.76345444 21.281353 10.09064102 -16.77077484 21.281353 11.84472942 -15.58147335 21.281353 13.45994759 -14.20949364 21.281353 14.91736126 -12.67092133 21.281353 16.19988251 -10.98379326 21.281353 17.29247475 -9.1678896 21.281353 18.18232918 -7.24450207 21.281353 18.8590126 -5.23617887 21.281353 19.31459045 -3.16646647 21.281353 19.54372406 -1.0596298 21.281353 19.54372406 1.0596298 21.281353 19.31459045 3.16646647 21.281353 18.8590126 5.23617887 21.281353 18.18232918 7.24450207 21.281353 17.29247475 9.1678896 21.281353 16.19988251 10.98379326 21.281353 14.91736126 12.67092133 21.281353 13.45994759 14.20949364 21.281353 11.84472942 15.58147335 21.281353 10.09064102 16.77077484 21.281353 8.21824932 17.76345444 21.281353 6.249506 18.54787445 21.281353 4.20749331 19.11483574 21.281353 2.11615157 19.45769501 21.281353 0 19.57242775 21.281353 -2.11615157 19.45769501 21.281353 -4.20749331 19.11483574 21.281353 -6.249506 18.54787445 21.281353 -8.21824932 17.76345444 21.281353 -10.09064102 16.77077484 21.281353 -11.84472942 15.58147335 21.281353 -13.45994759 14.20949364 21.281353 -14.91736126 12.67092133 21.281353 -16.19988251 10.98379326 21.281353 -17.29247475 9.1678896 21.281353 -18.18232918 7.24450207 21.281353 -18.8590126 5.23617887 21.281353 -19.31459045 3.16646647 21.281353 -19.54372406 1.0596298 21.281353 -19.54372406 -1.0596298 21.281353 -19.31459045 -3.16646647 21.281353 -18.8590126 -5.23617887 21.281353 -18.18232918 -7.24450207 21.281353 -17.29247475 -9.1678896 21.281353 -16.19988251 -10.98379326 21.281353 -14.91736126 -12.67092133 21.281353 -13.45994759 -14.20949364 21.281353 -11.84472942 -15.58147335 21.281353 -10.09064102 -16.77077484 21.281353 -8.21824932 -17.76345444 21.281353 -6.249506 -18.54787445 21.281353 -4.20749331 -19.11483574 21.281353 -2.11615157 -19.45769501 14.43477345 0 -22.11753845 14.43477345 2.39132667 -21.98788452 14.43477345 4.75461674 -21.60044479 14.43477345 7.06216431 -20.95975494 14.43477345 9.28691387 -20.07333565 14.43477345 11.40278339 -18.95157242 14.43477345 13.38496399 -17.60762024 14.43477345 15.21021938 -16.05723381 14.43477345 16.85714912 -14.31859112 14.43477345 18.30644417 -12.41207695 14.43477345 19.5411129 -10.36004162 14.43477345 19.5411129 10.36004162 14.43477345 18.30644417 12.41207695 14.43477345 16.85714912 14.31859112 14.43477345 15.21021938 16.05723381 14.43477345 13.38496399 17.60762024 14.43477345 11.40278339 18.95157242 14.43477345 9.28691387 20.07333565 14.43477345 7.06216431 20.95975494 14.43477345 4.75461674 21.60044479 14.43477345 2.39132667 21.98788452 14.43477345 0 22.11753845 14.43477345 -2.39132667 21.98788452 14.43477345 -4.75461674 21.60044479 14.43477345 -7.06216431 20.95975494 14.43477345 -9.28691387 20.07333565 14.43477345 -11.40278339 18.95157242 14.43477345 -13.38496399 17.60762024 14.43477345 -15.21021938 16.05723381 14.43477345 -16.85714912 14.31859112 14.43477345 -18.30644417 12.41207695 14.43477345 -19.5411129 10.36004162 14.43477345 -19.5411129 -10.36004162 14.43477345 -18.30644417 -12.41207695 14.43477345 -16.85714912 -14.31859112 14.43477345 -15.21021938 -16.05723381 14.43477345 -13.38496399 -17.60762024 14.43477345 -11.40278339 -18.95157242 14.43477345 -9.28691387 -20.07333565 14.43477345 -7.06216431 -20.95975494 14.43477345 -4.75461674 -21.60044479 14.43477345 -2.39132667 -21.98788452 6.29615259 20.53127098 13.92054653 6.29615259 18.90583801 16.05876541 6.29615259 17.05875397 18.00870895 6.29615259 15.01167202 19.74751663 6.29615259 12.78859138 21.2548027 6.29615259 10.41557407 22.51289558 6.29615259 7.92044592 23.50704575 6.29615259 5.33245754 24.22559738 6.29615259 2.68195033 24.66012764 6.29615259 0 24.80553818 6.29615259 -2.68195033 24.66012764 6.29615259 -5.33245754 24.22559738 6.29615259 -7.92044592 23.50704575 6.29615259 -10.41557407 22.51289558 6.29615259 -12.78859138 21.2548027 6.29615259 -15.01167202 19.74751663 6.29615259 -17.05875397 18.00870895 6.29615259 -18.90583801 16.05876541 6.29615259 -20.53127098 13.92054653 6.29615259 -20.53127098 -13.92054653 6.29615259 -18.90583801 -16.05876541 6.29615259 -17.05875397 -18.00870895 6.29615259 -15.01167202 -19.74751663 6.29615259 -12.78859138 -21.2548027 6.29615259 -10.41557407 -22.51289558 6.29615259 -7.92044592 -23.50704575 6.29615259 -5.33245754 -24.22559738 6.29615259 -2.68195033 -24.66012764 6.29615259 0 -24.80553818 6.29615259 2.68195033 -24.66012764 6.29615259 5.33245754 -24.22559738 6.29615259 7.92044592 -23.50704575 6.29615259 10.41557407 -22.51289558 6.29615259 12.78859138 -21.2548027 6.29615259 15.01167202 -19.74751663 6.29615259 17.05875397 -18.00870895 6.29615259 18.90583801 -16.05876541 6.29615259 20.53127098 -13.92054653 0 -22.09929657 -14.98369503 0 -20.34972572 -17.28521347 0 -18.36157608 -19.38408089 0 -16.15815163 -21.25568581 0 -13.7652874 -22.87808609 0 -11.21103859 -24.23226547 0 -8.52535152 -25.30233955 0 -5.73971081 -26.07576942 0 -2.88677764 -26.54348373 0 0 -26.69999886 0 2.88677764 -26.54348373 0 5.73971081 -26.07576942 0 8.52535152 -25.30233955 0 11.21103859 -24.23226547 0 13.7652874 -22.87808609 0 16.15815163 -21.25568581 0 18.36157608 -19.38408089 0 20.34972572 -17.28521347 0 22.09929657 -14.98369503 0 23.58977127 -12.50650501 2 -21.05155754 11.7516613 2 -19.68775558 13.91624832 2 -18.10225677 15.92413139 2 -16.3129158 17.75270081 2 -14.33988571 19.38136482 2 -12.20537949 20.79178619 2 -9.93343449 21.96808052 2 -7.54963398 22.89700127 2 -5.08082056 23.56809235 2 -2.55479455 23.97379112 2 -0 24.10953522 2 2.55479455 23.97379112 2 5.08082056 23.56809235 2 7.54963398 22.89700127 2 9.93343449 21.96808052 2 12.20537949 20.79178619 2 14.33988571 19.38136482 2 16.3129158 17.75270081 2 18.10225677 15.92413139 2 19.68775558 13.91624832 2 21.05155754 11.7516613 44.23537445 0.31930152 0.94765317 44.23537445 0.51555389 0.85685718 44.23537445 0.41988912 0.90757543 44.23537445 0.6876995 0.72599554 44.23537445 0.60517424 0.79609311 44.23537445 0.82768899 0.56118703 44.23537445 0.76216203 0.64738631 44.23537445 0.92897677 0.37013814 44.23537445 0.88351202 0.46840844 44.23537445 0.98682648 0.161782 44.23537445 0.96355003 0.26752836 44.23537445 0.99853343 -0.05413891 44.23537445 0.99853343 0.05413891 44.23537445 0.96355003 -0.26752836 44.23537445 0.98682648 -0.161782 44.23537445 0.88351202 -0.46840844 44.23537445 0.92897677 -0.37013814 44.23537445 0.6876995 -0.72599554 44.23537445 0.76216203 -0.64738631 44.23537445 0.82768899 -0.56118703 44.23537445 0.51555389 -0.85685718 44.23537445 0.60517424 -0.79609311 44.23537445 0.31930152 -0.94765317 44.23537445 0.41988912 -0.90757543 44.23537445 0.10811902 -0.99413794 44.23537445 0.21497044 -0.97662061 44.23537445 -0.10811902 -0.99413794 44.23537445 0 -1 44.23537445 -0.31930152 -0.94765317 44.23537445 -0.21497044 -0.97662061 44.23537445 -0.51555389 -0.85685718 44.23537445 -0.41988912 -0.90757543 44.23537445 -0.6876995 -0.72599554 44.23537445 -0.60517424 -0.79609311 44.23537445 -0.92897677 -0.37013814 44.23537445 -0.88351202 -0.46840844 44.23537445 -0.82768899 -0.56118703 44.23537445 -0.76216203 -0.64738631 44.23537445 -0.98682648 -0.161782 44.23537445 -0.96355003 -0.26752836 44.23537445 -0.99853343 0.05413891 44.23537445 -0.99853343 -0.05413891 44.23537445 -0.96355003 0.26752836 44.23537445 -0.98682648 0.161782 44.23537445 -0.88351202 0.46840844 44.23537445 -0.92897677 0.37013814 44.23537445 -0.76216203 0.64738631 44.23537445 -0.82768899 0.56118703 44.23537445 -0.60517424 0.79609311 44.23537445 -0.6876995 0.72599554 44.23537445 -0.41988912 0.90757543 44.23537445 -0.51555389 0.85685718 44.23537445 -0.21497044 0.97662061 44.23537445 -0.31930152 0.94765317 44.23537445 0.21497044 0.97662061 44.23537445 0.10811902 0.99413794 44.23537445 0 1 44.23537445 -0.10811902 0.99413794 1.00574422 -21.30932236 11.89555359 1.00574422 -19.92881775 14.08664513 1.00574422 -18.32390785 16.11911392 1.00574422 -16.51265907 17.97007179 1.00574422 -14.5154686 19.61867905 1.00574422 -12.35482788 21.04636765 1.00574422 -10.05506325 22.23706627 1.00574422 -7.64207458 23.17736053 1.00574422 -5.14303207 23.85666847 1.00574422 -2.58607626 24.26733589 1.00574422 -0 24.40474129 1.00574422 2.58607626 24.26733589 1.00574422 5.14303207 23.85666847 1.00574422 7.64207458 23.17736053 1.00574422 10.05506325 22.23706627 1.00574422 12.35482788 21.04636765 1.00574422 14.5154686 19.61867905 1.00574422 16.51265907 17.97007179 1.00574422 18.32390785 16.11911392 1.00574422 19.92881775 14.08664513 1.00574422 21.30932236 11.89555359</float_array>
          <technique_common>
            <accessor source="#pos_0-array" count="5670" stride="3">
              <param name="X" type="float"/>
              <param name="Y" type="float"/>
              <param name="Z" type="float"/>
            </accessor>
          </technique_common>
        </source>
        <source id="norm_0">
          <float_array id="norm_0-array" count="10317">-0 -1 -0 0 1 0 1 0 0 -1 0 0 0 -0 -1 -0 0 1 -1 -0 -0 -1 -0 0 -1 -0 0 -1 -0 0 -1 -0 0 -1 -0 0 -1 -0 0 -1 -0 0 -1 -0 0 -1 -0 0 -1 -0 0 -1 -0 0 -1 -0 0 -1 -0 0 -1 -0 0 -1 -0 0 -1 -0 0 -1 -0 0 -1 -0 0 -1 -0 0 -1 -0 0 -1 -0 0 -1 0 0 -1 0 0 -1 0 0 -1 0 0 -1 0 0 -1 0 0 -1 0 0 -1 0 0 -1 0 0 -1 0 0 -1 0 0 -1 0 0 -1 0 0 -1 0 0 -1 0 0 -1 0 0 -1 0 0 -1 0 0 -1 0 0 -1 0 0 -1 0 -0 -1 -0 0 -1 0 -0 -1 0 -0 -1 0 -0 -1 0 -0 -1 0 -0 -1 0 -0 -1 0 -0 -1 0 -0 -1 0 -0 -1 0 -0 -1 0 -0 -1 0 -0 -1 0 -0 -1 0 -0 -1 0 -0 -1 0 -0 -1 0 -0 -1 0 -0 -1 0 -0 -1 0 -0 -1 0 -0 -1 0 -0 -1 -0 -0 -1 -0 -0 -1 -0 -0 -1 -0 -0 -1 -0 -0 -1 -0 -0 -1 -0 -0 -1 -0 -0 -1 -0 -0 -1 -0 -0 -1 -0 -0 -1 -0 -0 -1 -0 -0 -1 -0 -0 -1 -0 -0 -1 -0 -0 -1 -0 -0 -1 -0 -0 -1 -0 -0 -1 -0 -0 -1 -0 -0 -1 -0 -0 -0.28657 -0.85476 0.43273 -0.28657 0.85476 -0.43273 -0.29708 0.8666 -0.40093 -0.3304 0.85661 -0.39631 -0.29342 0.89539 -0.33493 -0.29747 0.88707 -0.35302 -0.31096 0.89611 -0.3167 -0.31108 0.86255 -0.39906 -0.31362 0.86011 -0.40231 -0.33082 0.87998 -0.34087 -0.33468 0.893 -0.30089 -0.33054 0.89724 -0.29276 -0.3304 0.92177 -0.2029 -0.3304 0.92177 -0.2029 -0.3304 0.93831 -0.10205 -0.3304 0.93831 -0.10205 -0.3304 0.94384 -0 -0.3304 0.93831 0.10205 -0.3304 0.93831 0.10205 -0.3304 0.92177 0.2029 -0.3304 0.92177 0.2029 -0.33054 0.89724 0.29276 -0.33468 0.893 0.30089 -0.33082 0.87998 0.34087 -0.33083 0.87529 0.35273 -0.33238 0.85598 0.39602 -0.30741 0.84262 0.44214 -0.30254 0.86504 0.40021 -0.29727 0.87271 0.38731 -0.29741 0.89423 0.3345 -0.29708 -0.8666 0.40093 -0.3304 -0.85661 0.39631 -0.29342 -0.89539 0.33493 -0.29747 -0.88707 0.35302 -0.31096 -0.89611 0.3167 -0.31108 -0.86255 0.39906 -0.31362 -0.86011 0.40231 -0.33082 -0.87998 0.34087 -0.33468 -0.893 0.30089 -0.33054 -0.89724 0.29276 -0.3304 -0.92177 0.2029 -0.3304 -0.92177 0.2029 -0.3304 -0.93831 0.10205 -0.3304 -0.93831 0.10205 -0.3304 -0.94384 0 -0.3304 -0.93831 -0.10205 -0.3304 -0.93831 -0.10205 -0.3304 -0.92177 -0.2029 -0.3304 -0.92177 -0.2029 -0.33054 -0.89724 -0.29276 -0.33468 -0.893 -0.30089 -0.33082 -0.87998 -0.34087 -0.33083 -0.87529 -0.35273 -0.33238 -0.85598 -0.39602 -0.30741 -0.84262 -0.44214 -0.30254 -0.86504 -0.40021 -0.29727 -0.87271 -0.38731 -0.29741 -0.89423 -0.3345 -0.30448 0.87063 -0.38639 -0.29582 0.84576 -0.44404 -0.29543 0.81861 -0.49254 -0.29543 0.81861 -0.49254 -0.29543 0.76056 -0.57816 -0.29543 0.69359 -0.657 -0.29543 0.69359 -0.657 -0.29543 0.61849 -0.72814 -0.29543 0.61849 -0.72814 -0.29543 0.53614 -0.79075 -0.29543 0.53614 -0.79075 -0.29543 0.4475 -0.84408 -0.29543 0.4475 -0.84408 -0.29543 0.35362 -0.88751 -0.29543 0.35362 -0.88751 -0.29543 0.25559 -0.92054 -0.29543 0.25559 -0.92054 -0.29543 0.15456 -0.94278 -0.29543 0.15456 -0.94278 -0.29543 0.05172 -0.95396 -0.29543 0.05172 -0.95396 -0.29543 -0.05172 -0.95396 -0.29543 -0.05172 -0.95396 -0.29543 -0.15456 -0.94278 -0.29543 -0.15456 -0.94278 -0.29543 -0.25559 -0.92054 -0.29543 -0.25559 -0.92054 -0.29543 -0.35362 -0.88751 -0.29543 -0.35362 -0.88751 -0.29543 -0.4475 -0.84408 -0.29543 -0.4475 -0.84408 -0.29543 -0.53614 -0.79075 -0.29543 -0.53614 -0.79075 -0.29543 -0.61849 -0.72814 -0.29543 -0.61849 -0.72814 -0.29543 -0.69359 -0.657 -0.29543 -0.69359 -0.657 -0.29543 -0.76056 -0.57816 -0.29543 -0.81861 -0.49254 -0.29543 -0.81861 -0.49254 -0.29582 -0.84576 -0.44404 -0.28657 -0.85476 -0.43273 -0.30448 -0.87063 0.38639 -0.29582 -0.84576 0.44404 -0.29543 -0.81861 0.49254 -0.29543 -0.81861 0.49254 -0.29543 -0.76056 0.57816 -0.29543 -0.69359 0.657 -0.29543 -0.69359 0.657 -0.29543 -0.61849 0.72814 -0.29543 -0.61849 0.72814 -0.29543 -0.53614 0.79075 -0.29543 -0.53614 0.79075 -0.29543 -0.4475 0.84408 -0.29543 -0.4475 0.84408 -0.29543 -0.35362 0.88751 -0.29543 -0.35362 0.88751 -0.29543 -0.25559 0.92054 -0.29543 -0.25559 0.92054 -0.29543 -0.15456 0.94278 -0.29543 -0.15456 0.94278 -0.29543 -0.05172 0.95396 -0.29543 -0.05172 0.95396 -0.29543 0.05172 0.95396 -0.29543 0.05172 0.95396 -0.29543 0.15456 0.94278 -0.29543 0.15456 0.94278 -0.29543 0.25559 0.92054 -0.29543 0.25559 0.92054 -0.29543 0.35362 0.88751 -0.29543 0.35362 0.88751 -0.29543 0.4475 0.84408 -0.29543 0.4475 0.84408 -0.29543 0.53614 0.79075 -0.29543 0.53614 0.79075 -0.29543 0.61849 0.72814 -0.29543 0.61849 0.72814 -0.29543 0.69359 0.657 -0.29543 0.69359 0.657 -0.29543 0.76056 0.57816 -0.29543 0.81861 0.49254 -0.29543 0.81861 0.49254 -0.29582 0.84576 0.44404 -0.28657 0.85476 0.43273 -0.30279 -0.90211 -0.30744 -0.31138 -0.87431 -0.37233 -0.31108 -0.86254 -0.39905 -0.32097 -0.85275 -0.41207 -0.32075 -0.81158 -0.48831 -0.32075 -0.81158 -0.48831 -0.32075 -0.75403 -0.5732 -0.32075 -0.75403 -0.5732 -0.32075 -0.68764 -0.65136 -0.32075 -0.68764 -0.65136 -0.32075 -0.61318 -0.72189 -0.32075 -0.61318 -0.72189 -0.32075 -0.53154 -0.78396 -0.32075 -0.53154 -0.78396 -0.32075 -0.44366 -0.83683 -0.32075 -0.44366 -0.83683 -0.32075 -0.35058 -0.87989 -0.32075 -0.25339 -0.91264 -0.32075 -0.25339 -0.91264 -0.32075 -0.15323 -0.93469 -0.32075 -0.15323 -0.93469 -0.32075 -0.05128 -0.94578 -0.32075 -0.05128 -0.94578 -0.32075 0.05128 -0.94578 -0.32075 0.05128 -0.94578 -0.32075 0.15323 -0.93469 -0.32075 0.15323 -0.93469 -0.32075 0.25339 -0.91264 -0.32075 0.25339 -0.91264 -0.32075 0.35058 -0.87989 -0.32075 0.44366 -0.83683 -0.32075 0.44366 -0.83683 -0.32075 0.53154 -0.78396 -0.32075 0.53154 -0.78396 -0.32075 0.61318 -0.72189 -0.32075 0.61318 -0.72189 -0.32075 0.68764 -0.65136 -0.32075 0.68764 -0.65136 -0.32075 0.75403 -0.5732 -0.32075 0.75403 -0.5732 -0.32075 0.81158 -0.48831 -0.32075 0.81158 -0.48831 -0.32103 0.85016 -0.41734 -0.35611 0.86672 -0.34927 -0.30279 0.90211 0.30744 -0.31138 0.87431 0.37233 -0.31108 0.86254 0.39905 -0.32097 0.85275 0.41207 -0.32075 0.81158 0.48831 -0.32075 0.81158 0.48831 -0.32075 0.75403 0.5732 -0.32075 0.75403 0.5732 -0.32075 0.68764 0.65136 -0.32075 0.68764 0.65136 -0.32075 0.61318 0.72189 -0.32075 0.61318 0.72189 -0.32075 0.53154 0.78396 -0.32075 0.53154 0.78396 -0.32075 0.44366 0.83683 -0.32075 0.44366 0.83683 -0.32075 0.35058 0.87989 -0.32075 0.25339 0.91264 -0.32075 0.25339 0.91264 -0.32075 0.15323 0.93469 -0.32075 0.15323 0.93469 -0.32075 0.05128 0.94578 -0.32075 0.05128 0.94578 -0.32075 -0.05128 0.94578 -0.32075 -0.05128 0.94578 -0.32075 -0.15323 0.93469 -0.32075 -0.15323 0.93469 -0.32075 -0.25339 0.91264 -0.32075 -0.25339 0.91264 -0.32075 -0.35058 0.87989 -0.32075 -0.44366 0.83683 -0.32075 -0.44366 0.83683 -0.32075 -0.53154 0.78396 -0.32075 -0.53154 0.78396 -0.32075 -0.61318 0.72189 -0.32075 -0.61318 0.72189 -0.32075 -0.68764 0.65136 -0.32075 -0.68764 0.65136 -0.32075 -0.75403 0.5732 -0.32075 -0.75403 0.5732 -0.32075 -0.81158 0.48831 -0.32075 -0.81158 0.48831 -0.32103 -0.85016 0.41734 -0.35611 -0.86672 0.34927 -0.35705 -0.05057 0.93271 -0.35705 -0.05057 0.93271 -0.35705 -0.15112 0.92178 -0.35705 -0.15112 0.92178 -0.35705 -0.24989 0.90004 -0.35705 -0.24989 0.90004 -0.35705 -0.34574 0.86774 -0.35705 -0.34574 0.86774 -0.35705 -0.43753 0.82527 -0.35705 -0.43753 0.82527 -0.35705 -0.5242 0.77313 -0.35705 -0.5242 0.77313 -0.35705 -0.60471 0.71192 -0.35705 -0.60471 0.71192 -0.35705 -0.67814 0.64237 -0.35705 -0.67814 0.64237 -0.35705 -0.74362 0.56528 -0.35705 -0.74362 0.56528 -0.35705 -0.80038 0.48157 -0.35705 -0.80038 0.48157 -0.35705 -0.84775 0.39221 -0.35705 -0.84775 0.39221 -0.35705 -0.88519 0.29825 -0.35705 -0.88519 0.29825 -0.35705 -0.91225 0.2008 -0.35705 -0.91225 0.2008 -0.35705 -0.92861 0.10099 -0.35705 -0.92861 0.10099 -0.35705 -0.93408 0 -0.35705 -0.92861 -0.10099 -0.35705 -0.92861 -0.10099 -0.35705 -0.91225 -0.2008 -0.35705 -0.91225 -0.2008 -0.35705 -0.88519 -0.29825 -0.35705 -0.88519 -0.29825 -0.35705 -0.84775 -0.39221 -0.35705 -0.84775 -0.39221 -0.35705 -0.80038 -0.48157 -0.35705 -0.80038 -0.48157 -0.35705 -0.74362 -0.56528 -0.35705 -0.74362 -0.56528 -0.35705 -0.67814 -0.64237 -0.35705 -0.67814 -0.64237 -0.35705 -0.60471 -0.71192 -0.35705 -0.60471 -0.71192 -0.35705 -0.5242 -0.77313 -0.35705 -0.5242 -0.77313 -0.35705 -0.43753 -0.82527 -0.35705 -0.43753 -0.82527 -0.35705 -0.34574 -0.86774 -0.35705 -0.34574 -0.86774 -0.35705 -0.24989 -0.90004 -0.35705 -0.24989 -0.90004 -0.35705 -0.15112 -0.92178 -0.35705 -0.15112 -0.92178 -0.35705 -0.05057 -0.93271 -0.35705 -0.05057 -0.93271 -0.35705 0.05057 -0.93271 -0.35705 0.05057 -0.93271 -0.35705 0.15112 -0.92178 -0.35705 0.15112 -0.92178 -0.35705 0.24989 -0.90004 -0.35705 0.24989 -0.90004 -0.35705 0.34574 -0.86774 -0.35705 0.34574 -0.86774 -0.35705 0.43753 -0.82527 -0.35705 0.43753 -0.82527 -0.35705 0.5242 -0.77313 -0.35705 0.5242 -0.77313 -0.35705 0.60471 -0.71192 -0.35705 0.60471 -0.71192 -0.35705 0.67814 -0.64237 -0.35705 0.67814 -0.64237 -0.35705 0.74362 -0.56528 -0.35705 0.74362 -0.56528 -0.35705 0.80038 -0.48157 -0.35705 0.80038 -0.48157 -0.35705 0.84775 -0.39221 -0.35705 0.84775 -0.39221 -0.35705 0.88519 -0.29825 -0.35705 0.88519 -0.29825 -0.35705 0.91225 -0.2008 -0.35705 0.91225 -0.2008 -0.35705 0.92861 -0.10099 -0.35705 0.92861 -0.10099 -0.35705 0.93408 0 -0.35705 0.92861 0.10099 -0.35705 0.92861 0.10099 -0.35705 0.91225 0.2008 -0.35705 0.91225 0.2008 -0.35705 0.88519 0.29825 -0.35705 0.88519 0.29825 -0.35705 0.84775 0.39221 -0.35705 0.84775 0.39221 -0.35705 0.80038 0.48157 -0.35705 0.80038 0.48157 -0.35705 0.74362 0.56528 -0.35705 0.74362 0.56528 -0.35705 0.67814 0.64237 -0.35705 0.67814 0.64237 -0.35705 0.60471 0.71192 -0.35705 0.60471 0.71192 -0.35705 0.5242 0.77313 -0.35705 0.5242 0.77313 -0.35705 0.43753 0.82527 -0.35705 0.43753 0.82527 -0.35705 0.34574 0.86774 -0.35705 0.34574 0.86774 -0.35705 0.24989 0.90004 -0.35705 0.24989 0.90004 -0.35705 0.15112 0.92178 -0.35705 0.15112 0.92178 -0.35705 0.05057 0.93271 -0.35705 0.05057 0.93271 -0.39921 -0.04964 0.91551 -0.39921 -0.04964 0.91551 -0.39921 -0.14833 0.90478 -0.39921 -0.14833 0.90478 -0.39921 -0.24529 0.88344 -0.39921 -0.24529 0.88344 -0.39921 -0.33936 0.85174 -0.39921 -0.33936 0.85174 -0.39921 -0.42946 0.81006 -0.39921 -0.42946 0.81006 -0.39921 -0.51453 0.75887 -0.39921 -0.59356 0.69879 -0.39921 -0.59356 0.69879 -0.39921 -0.66563 0.63052 -0.39921 -0.66563 0.63052 -0.39921 -0.7299 0.55486 -0.39921 -0.7299 0.55486 -0.39921 -0.78562 0.47269 -0.39921 -0.78562 0.47269 -0.39921 -0.83212 0.38498 -0.39921 -0.83212 0.38498 -0.39921 -0.86886 0.29275 -0.39921 -0.86886 0.29275 -0.39921 -0.89542 0.1971 -0.39921 -0.89542 0.1971 -0.39921 -0.91148 0.09913 -0.39921 -0.91148 0.09913 -0.39921 -0.91686 0 -0.39921 -0.91148 -0.09913 -0.39921 -0.91148 -0.09913 -0.39921 -0.89542 -0.1971 -0.39921 -0.89542 -0.1971 -0.39921 -0.86886 -0.29275 -0.39921 -0.86886 -0.29275 -0.39921 -0.83212 -0.38498 -0.39921 -0.83212 -0.38498 -0.39921 -0.78562 -0.47269 -0.39921 -0.78562 -0.47269 -0.39921 -0.7299 -0.55486 -0.39921 -0.7299 -0.55486 -0.39921 -0.66563 -0.63052 -0.39921 -0.66563 -0.63052 -0.39921 -0.59356 -0.69879 -0.39921 -0.59356 -0.69879 -0.39921 -0.51453 -0.75887 -0.39921 -0.42946 -0.81006 -0.39921 -0.42946 -0.81006 -0.39921 -0.33936 -0.85174 -0.39921 -0.33936 -0.85174 -0.39921 -0.24529 -0.88344 -0.39921 -0.24529 -0.88344 -0.39921 -0.14833 -0.90478 -0.39921 -0.14833 -0.90478 -0.39921 -0.04964 -0.91551 -0.39921 -0.04964 -0.91551 -0.39921 0.04964 -0.91551 -0.39921 0.04964 -0.91551 -0.39921 0.14833 -0.90478 -0.39921 0.14833 -0.90478 -0.39921 0.24529 -0.88344 -0.39921 0.24529 -0.88344 -0.39921 0.33936 -0.85174 -0.39921 0.33936 -0.85174 -0.39921 0.42946 -0.81006 -0.39921 0.42946 -0.81006 -0.39921 0.51453 -0.75887 -0.39921 0.59356 -0.69879 -0.39921 0.59356 -0.69879 -0.39921 0.66563 -0.63052 -0.39921 0.66563 -0.63052 -0.39921 0.7299 -0.55486 -0.39921 0.7299 -0.55486 -0.39921 0.78562 -0.47269 -0.39921 0.78562 -0.47269 -0.39921 0.83212 -0.38498 -0.39921 0.83212 -0.38498 -0.39921 0.86886 -0.29275 -0.39921 0.86886 -0.29275 -0.39921 0.89542 -0.1971 -0.39921 0.89542 -0.1971 -0.39921 0.91148 -0.09913 -0.39921 0.91148 -0.09913 -0.39921 0.91686 0 -0.39921 0.91148 0.09913 -0.39921 0.91148 0.09913 -0.39921 0.89542 0.1971 -0.39921 0.89542 0.1971 -0.39921 0.86886 0.29275 -0.39921 0.86886 0.29275 -0.39921 0.83212 0.38498 -0.39921 0.83212 0.38498 -0.39921 0.78562 0.47269 -0.39921 0.78562 0.47269 -0.39921 0.7299 0.55486 -0.39921 0.7299 0.55486 -0.39921 0.66563 0.63052 -0.39921 0.66563 0.63052 -0.39921 0.59356 0.69879 -0.39921 0.59356 0.69879 -0.39921 0.51453 0.75887 -0.39921 0.42946 0.81006 -0.39921 0.42946 0.81006 -0.39921 0.33936 0.85174 -0.39921 0.33936 0.85174 -0.39921 0.24529 0.88344 -0.39921 0.24529 0.88344 -0.39921 0.14833 0.90478 -0.39921 0.14833 0.90478 -0.39921 0.04964 0.91551 -0.39921 0.04964 0.91551 -0.4483 -0.04839 0.89257 -0.4483 -0.04839 0.89257 -0.4483 -0.14461 0.88211 -0.4483 -0.14461 0.88211 -0.4483 -0.23914 0.8613 -0.4483 -0.23914 0.8613 -0.4483 -0.33086 0.8304 -0.4483 -0.33086 0.8304 -0.4483 -0.4187 0.78976 -0.4483 -0.4187 0.78976 -0.4483 -0.50164 0.73986 -0.4483 -0.50164 0.73986 -0.4483 -0.57869 0.68128 -0.4483 -0.57869 0.68128 -0.4483 -0.64895 0.61472 -0.4483 -0.64896 0.61472 -0.4483 -0.71161 0.54095 -0.4483 -0.76593 0.46084 -0.4483 -0.76593 0.46085 -0.4483 -0.81127 0.37533 -0.4483 -0.81127 0.37533 -0.4483 -0.84709 0.28542 -0.4483 -0.84709 0.28542 -0.4483 -0.87298 0.19216 -0.4483 -0.87298 0.19216 -0.4483 -0.88864 0.09665 -0.4483 -0.88864 0.09665 -0.4483 -0.89388 0 -0.4483 -0.88864 -0.09665 -0.4483 -0.88864 -0.09665 -0.4483 -0.87298 -0.19216 -0.4483 -0.87298 -0.19216 -0.4483 -0.84709 -0.28542 -0.4483 -0.84709 -0.28542 -0.4483 -0.81127 -0.37533 -0.4483 -0.81127 -0.37533 -0.4483 -0.76593 -0.46084 -0.4483 -0.76593 -0.46084 -0.4483 -0.71161 -0.54095 -0.4483 -0.64895 -0.61472 -0.4483 -0.64896 -0.61472 -0.4483 -0.57869 -0.68128 -0.4483 -0.57869 -0.68128 -0.4483 -0.50164 -0.73986 -0.4483 -0.50164 -0.73986 -0.4483 -0.4187 -0.78976 -0.4483 -0.4187 -0.78976 -0.4483 -0.33086 -0.8304 -0.4483 -0.33086 -0.8304 -0.4483 -0.23914 -0.8613 -0.4483 -0.23914 -0.8613 -0.4483 -0.14461 -0.88211 -0.4483 -0.14461 -0.88211 -0.4483 -0.04839 -0.89257 -0.4483 -0.04839 -0.89257 -0.4483 0.04839 -0.89257 -0.4483 0.04839 -0.89257 -0.4483 0.14461 -0.88211 -0.4483 0.14461 -0.88211 -0.4483 0.23914 -0.8613 -0.4483 0.23914 -0.8613 -0.4483 0.33086 -0.8304 -0.4483 0.33086 -0.8304 -0.4483 0.4187 -0.78976 -0.4483 0.4187 -0.78976 -0.4483 0.50164 -0.73986 -0.4483 0.50164 -0.73986 -0.4483 0.57869 -0.68128 -0.4483 0.57869 -0.68128 -0.4483 0.64895 -0.61472 -0.4483 0.64896 -0.61472 -0.4483 0.71161 -0.54095 -0.4483 0.76593 -0.46084 -0.4483 0.76593 -0.46085 -0.4483 0.81127 -0.37533 -0.4483 0.81127 -0.37533 -0.4483 0.84709 -0.28542 -0.4483 0.84709 -0.28542 -0.4483 0.87298 -0.19216 -0.4483 0.87298 -0.19216 -0.4483 0.88864 -0.09665 -0.4483 0.88864 -0.09665 -0.4483 0.89388 0 -0.4483 0.88864 0.09665 -0.4483 0.88864 0.09665 -0.4483 0.87298 0.19216 -0.4483 0.87298 0.19216 -0.4483 0.84709 0.28542 -0.4483 0.84709 0.28542 -0.4483 0.81127 0.37533 -0.4483 0.81127 0.37533 -0.4483 0.76593 0.46084 -0.4483 0.76593 0.46084 -0.4483 0.71161 0.54095 -0.4483 0.64895 0.61472 -0.4483 0.64896 0.61472 -0.4483 0.57869 0.68128 -0.4483 0.57869 0.68128 -0.4483 0.50164 0.73986 -0.4483 0.50164 0.73986 -0.4483 0.4187 0.78976 -0.4483 0.4187 0.78976 -0.4483 0.33086 0.8304 -0.4483 0.33086 0.8304 -0.4483 0.23914 0.8613 -0.4483 0.23914 0.8613 -0.4483 0.14461 0.88211 -0.4483 0.14461 0.88211 -0.4483 0.04839 0.89257 -0.4483 0.04839 0.89257 -0.50695 -0.04667 0.86071 -0.50695 -0.04667 0.86071 -0.50695 -0.13945 0.85062 -0.50695 -0.13945 0.85062 -0.50695 -0.2306 0.83056 -0.50695 -0.2306 0.83056 -0.50695 -0.31905 0.80075 -0.50695 -0.31905 0.80075 -0.50695 -0.40376 0.76157 -0.50695 -0.40376 0.76157 -0.50695 -0.48373 0.71345 -0.50695 -0.48373 0.71345 -0.50695 -0.55803 0.65696 -0.50695 -0.55803 0.65696 -0.50695 -0.62579 0.59278 -0.50695 -0.62579 0.59278 -0.50695 -0.68621 0.52164 -0.50695 -0.68621 0.52165 -0.50695 -0.73859 0.44439 -0.50695 -0.73859 0.44439 -0.50695 -0.78231 0.36193 -0.50695 -0.78231 0.36193 -0.50695 -0.81685 0.27523 -0.50695 -0.81685 0.27523 -0.50695 -0.84182 0.1853 -0.50695 -0.84182 0.1853 -0.50695 -0.85692 0.0932 -0.50695 -0.85692 0.0932 -0.50695 -0.86198 0 -0.50695 -0.85692 -0.0932 -0.50695 -0.85692 -0.0932 -0.50695 -0.84182 -0.1853 -0.50695 -0.84182 -0.1853 -0.50695 -0.81685 -0.27523 -0.50695 -0.81685 -0.27523 -0.50695 -0.78231 -0.36193 -0.50695 -0.78231 -0.36193 -0.50695 -0.73859 -0.44439 -0.50695 -0.73859 -0.44439 -0.50695 -0.68621 -0.52164 -0.50695 -0.68621 -0.52165 -0.50695 -0.62579 -0.59278 -0.50695 -0.62579 -0.59278 -0.50695 -0.55803 -0.65696 -0.50695 -0.55803 -0.65696 -0.50695 -0.48373 -0.71345 -0.50695 -0.48373 -0.71345 -0.50695 -0.40376 -0.76157 -0.50695 -0.40376 -0.76157 -0.50695 -0.31905 -0.80075 -0.50695 -0.31905 -0.80075 -0.50695 -0.2306 -0.83056 -0.50695 -0.2306 -0.83056 -0.50695 -0.13945 -0.85062 -0.50695 -0.13945 -0.85062 -0.50695 -0.04667 -0.86071 -0.50695 -0.04667 -0.86071 -0.50695 0.04667 -0.86071 -0.50695 0.04667 -0.86071 -0.50695 0.13945 -0.85062 -0.50695 0.13945 -0.85062 -0.50695 0.2306 -0.83056 -0.50695 0.2306 -0.83056 -0.50695 0.31905 -0.80075 -0.50695 0.31905 -0.80075 -0.50695 0.40376 -0.76157 -0.50695 0.40376 -0.76157 -0.50695 0.48373 -0.71345 -0.50695 0.48373 -0.71345 -0.50695 0.55803 -0.65696 -0.50695 0.55803 -0.65696 -0.50695 0.62579 -0.59278 -0.50695 0.62579 -0.59278 -0.50695 0.68621 -0.52164 -0.50695 0.68621 -0.52165 -0.50695 0.73859 -0.44439 -0.50695 0.73859 -0.44439 -0.50695 0.78231 -0.36193 -0.50695 0.78231 -0.36193 -0.50695 0.81685 -0.27523 -0.50695 0.81685 -0.27523 -0.50695 0.84182 -0.1853 -0.50695 0.84182 -0.1853 -0.50695 0.85692 -0.0932 -0.50695 0.85692 -0.0932 -0.50695 0.86198 0 -0.50695 0.85692 0.0932 -0.50695 0.85692 0.0932 -0.50695 0.84182 0.1853 -0.50695 0.84182 0.1853 -0.50695 0.81685 0.27523 -0.50695 0.81685 0.27523 -0.50695 0.78231 0.36193 -0.50695 0.78231 0.36193 -0.50695 0.73859 0.44439 -0.50695 0.73859 0.44439 -0.50695 0.68621 0.52164 -0.50695 0.68621 0.52165 -0.50695 0.62579 0.59278 -0.50695 0.62579 0.59278 -0.50695 0.55803 0.65696 -0.50695 0.55803 0.65696 -0.50695 0.48373 0.71345 -0.50695 0.48373 0.71345 -0.50695 0.40376 0.76157 -0.50695 0.40376 0.76157 -0.50695 0.31905 0.80075 -0.50695 0.31905 0.80075 -0.50695 0.2306 0.83056 -0.50695 0.2306 0.83056 -0.50695 0.13945 0.85062 -0.50695 0.13945 0.85062 -0.50695 0.04667 0.86071 -0.50695 0.04667 0.86071 -0.57311 -0.04437 0.81827 -0.57311 -0.04437 0.81827 -0.57311 -0.13258 0.80868 -0.57311 -0.13258 0.80868 -0.57311 -0.21923 0.78961 -0.57311 -0.21923 0.78961 -0.57311 -0.30332 0.76127 -0.57311 -0.30332 0.76127 -0.57311 -0.38385 0.72402 -0.57311 -0.38385 0.72402 -0.57311 -0.45988 0.67827 -0.57311 -0.53052 0.62457 -0.57311 -0.53052 0.62457 -0.57311 -0.59494 0.56355 -0.57311 -0.59494 0.56355 -0.57311 -0.65238 0.49593 -0.57311 -0.65238 0.49593 -0.57311 -0.70217 0.42248 -0.57311 -0.70217 0.42248 -0.57311 -0.74374 0.34409 -0.57311 -0.74374 0.34409 -0.57311 -0.77658 0.26166 -0.57311 -0.77658 0.26166 -0.57311 -0.80032 0.17616 -0.57311 -0.80032 0.17616 -0.57311 -0.81467 0.0886 -0.57311 -0.81467 0.0886 -0.57311 -0.81948 0 -0.57311 -0.81467 -0.0886 -0.57311 -0.81467 -0.0886 -0.57311 -0.80032 -0.17616 -0.57311 -0.80032 -0.17616 -0.57311 -0.77658 -0.26166 -0.57311 -0.77658 -0.26166 -0.57311 -0.74374 -0.34409 -0.57311 -0.74374 -0.34409 -0.57311 -0.70217 -0.42248 -0.57311 -0.70217 -0.42248 -0.57311 -0.65238 -0.49593 -0.57311 -0.65238 -0.49593 -0.57311 -0.59494 -0.56355 -0.57311 -0.59494 -0.56355 -0.57311 -0.53052 -0.62457 -0.57311 -0.53052 -0.62457 -0.57311 -0.45988 -0.67827 -0.57311 -0.38385 -0.72402 -0.57311 -0.38385 -0.72402 -0.57311 -0.30332 -0.76127 -0.57311 -0.30332 -0.76127 -0.57311 -0.21923 -0.78961 -0.57311 -0.21923 -0.78961 -0.57311 -0.13258 -0.80868 -0.57311 -0.13258 -0.80868 -0.57311 -0.04437 -0.81827 -0.57311 -0.04437 -0.81827 -0.57311 0.04437 -0.81827 -0.57311 0.04437 -0.81827 -0.57311 0.13258 -0.80868 -0.57311 0.13258 -0.80868 -0.57311 0.21923 -0.78961 -0.57311 0.21923 -0.78961 -0.57311 0.30332 -0.76127 -0.57311 0.30332 -0.76127 -0.57311 0.38385 -0.72402 -0.57311 0.38385 -0.72402 -0.57311 0.45988 -0.67827 -0.57311 0.53052 -0.62457 -0.57311 0.53052 -0.62457 -0.57311 0.59494 -0.56355 -0.57311 0.59494 -0.56355 -0.57311 0.65238 -0.49593 -0.57311 0.65238 -0.49593 -0.57311 0.70217 -0.42248 -0.57311 0.70217 -0.42248 -0.57311 0.74374 -0.34409 -0.57311 0.74374 -0.34409 -0.57311 0.77658 -0.26166 -0.57311 0.77658 -0.26166 -0.57311 0.80032 -0.17616 -0.57311 0.80032 -0.17616 -0.57311 0.81467 -0.0886 -0.57311 0.81467 -0.0886 -0.57311 0.81948 0 -0.57311 0.81467 0.0886 -0.57311 0.81467 0.0886 -0.57311 0.80032 0.17616 -0.57311 0.80032 0.17616 -0.57311 0.77658 0.26166 -0.57311 0.77658 0.26166 -0.57311 0.74374 0.34409 -0.57311 0.74374 0.34409 -0.57311 0.70217 0.42248 -0.57311 0.70217 0.42248 -0.57311 0.65238 0.49593 -0.57311 0.65238 0.49593 -0.57311 0.59494 0.56355 -0.57311 0.59494 0.56355 -0.57311 0.53052 0.62457 -0.57311 0.53052 0.62457 -0.57311 0.45988 0.67827 -0.57311 0.38385 0.72402 -0.57311 0.38385 0.72402 -0.57311 0.30332 0.76127 -0.57311 0.30332 0.76127 -0.57311 0.21923 0.78961 -0.57311 0.21923 0.78961 -0.57311 0.13258 0.80868 -0.57311 0.13258 0.80868 -0.57311 0.04437 0.81827 -0.57311 0.04437 0.81827 -0.64506 -0.04137 0.76301 -0.64506 -0.04137 0.76301 -0.64506 -0.12362 0.75407 -0.64506 -0.12362 0.75407 -0.64506 -0.20443 0.73628 -0.64506 -0.20443 0.73628 -0.64506 -0.28283 0.70986 -0.64506 -0.28283 0.70986 -0.64506 -0.35793 0.67512 -0.64506 -0.35793 0.67512 -0.64506 -0.42882 0.63246 -0.64506 -0.42882 0.63246 -0.64506 -0.49469 0.58239 -0.64506 -0.49469 0.58239 -0.64506 -0.55476 0.52549 -0.64506 -0.55476 0.52549 -0.64506 -0.60832 0.46243 -0.64506 -0.60832 0.46243 -0.64506 -0.65475 0.39395 -0.64506 -0.65475 0.39395 -0.64506 -0.69351 0.32085 -0.64506 -0.69351 0.32085 -0.64506 -0.72413 0.24399 -0.64506 -0.72413 0.24399 -0.64506 -0.74627 0.16427 -0.64506 -0.74627 0.16427 -0.64506 -0.75965 0.08262 -0.64506 -0.75965 0.08262 -0.64506 -0.76413 0 -0.64506 -0.75965 -0.08262 -0.64506 -0.75965 -0.08262 -0.64506 -0.74627 -0.16427 -0.64506 -0.74627 -0.16427 -0.64506 -0.72413 -0.24399 -0.64506 -0.72413 -0.24399 -0.64506 -0.69351 -0.32085 -0.64506 -0.69351 -0.32085 -0.64506 -0.65475 -0.39395 -0.64506 -0.65475 -0.39395 -0.64506 -0.60832 -0.46243 -0.64506 -0.60832 -0.46243 -0.64506 -0.55476 -0.52549 -0.64506 -0.55476 -0.52549 -0.64506 -0.49469 -0.58239 -0.64506 -0.49469 -0.58239 -0.64506 -0.42882 -0.63246 -0.64506 -0.42882 -0.63246 -0.64506 -0.35793 -0.67512 -0.64506 -0.35793 -0.67512 -0.64506 -0.28283 -0.70986 -0.64506 -0.28283 -0.70986 -0.64506 -0.20443 -0.73628 -0.64506 -0.20443 -0.73628 -0.64506 -0.12362 -0.75407 -0.64506 -0.12362 -0.75407 -0.64506 -0.04137 -0.76301 -0.64506 -0.04137 -0.76301 -0.64506 0.04137 -0.76301 -0.64506 0.04137 -0.76301 -0.64506 0.12362 -0.75407 -0.64506 0.12362 -0.75407 -0.64506 0.20443 -0.73628 -0.64506 0.20443 -0.73628 -0.64506 0.28283 -0.70986 -0.64506 0.28283 -0.70986 -0.64506 0.35793 -0.67512 -0.64506 0.35793 -0.67512 -0.64506 0.42882 -0.63246 -0.64506 0.42882 -0.63246 -0.64506 0.49469 -0.58239 -0.64506 0.49469 -0.58239 -0.64506 0.55476 -0.52549 -0.64506 0.55476 -0.52549 -0.64506 0.60832 -0.46243 -0.64506 0.60832 -0.46243 -0.64506 0.65475 -0.39395 -0.64506 0.65475 -0.39395 -0.64506 0.69351 -0.32085 -0.64506 0.69351 -0.32085 -0.64506 0.72413 -0.24399 -0.64506 0.72413 -0.24399 -0.64506 0.74627 -0.16427 -0.64506 0.74627 -0.16427 -0.64506 0.75965 -0.08262 -0.64506 0.75965 -0.08262 -0.64506 0.76413 0 -0.64506 0.75965 0.08262 -0.64506 0.75965 0.08262 -0.64506 0.74627 0.16427 -0.64506 0.74627 0.16427 -0.64506 0.72413 0.24399 -0.64506 0.72413 0.24399 -0.64506 0.69351 0.32085 -0.64506 0.69351 0.32085 -0.64506 0.65475 0.39395 -0.64506 0.65475 0.39395 -0.64506 0.60832 0.46243 -0.64506 0.60832 0.46243 -0.64506 0.55476 0.52549 -0.64506 0.55476 0.52549 -0.64506 0.49469 0.58239 -0.64506 0.49469 0.58239 -0.64506 0.42882 0.63246 -0.64506 0.42882 0.63246 -0.64506 0.35793 0.67512 -0.64506 0.35793 0.67512 -0.64506 0.28283 0.70986 -0.64506 0.28283 0.70986 -0.64506 0.20443 0.73628 -0.64506 0.20443 0.73628 -0.64506 0.12362 0.75407 -0.64506 0.12362 0.75407 -0.64506 0.04137 0.76301 -0.64506 0.04137 0.76301 -0.71521 -0.03784 0.69789 -0.71521 -0.03784 0.69789 -0.71521 -0.11307 0.68971 -0.71521 -0.11307 0.68971 -0.71521 -0.18698 0.67344 -0.71521 -0.18698 0.67344 -0.71521 -0.25869 0.64927 -0.71521 -0.25869 0.64927 -0.71521 -0.32738 0.6175 -0.71521 -0.32738 0.6175 -0.71521 -0.39222 0.57848 -0.71521 -0.39222 0.57848 -0.71521 -0.45247 0.53268 -0.71521 -0.45247 0.53268 -0.71521 -0.50741 0.48064 -0.71521 -0.50741 0.48064 -0.71521 -0.5564 0.42296 -0.71521 -0.5564 0.42296 -0.71521 -0.59887 0.36033 -0.71521 -0.59887 0.36033 -0.71521 -0.63432 0.29347 -0.71521 -0.63432 0.29347 -0.71521 -0.66233 0.22316 -0.71521 -0.66233 0.22316 -0.71521 -0.68257 0.15025 -0.71521 -0.68257 0.15025 -0.71521 -0.69482 0.07557 -0.71521 -0.69482 0.07557 -0.71521 -0.69891 0 -0.71521 -0.69482 -0.07557 -0.71521 -0.69482 -0.07557 -0.71521 -0.68257 -0.15025 -0.71521 -0.68257 -0.15025 -0.71521 -0.66233 -0.22316 -0.71521 -0.66233 -0.22316 -0.71521 -0.63432 -0.29347 -0.71521 -0.63432 -0.29347 -0.71521 -0.59887 -0.36033 -0.71521 -0.59887 -0.36033 -0.71521 -0.5564 -0.42296 -0.71521 -0.5564 -0.42296 -0.71521 -0.50741 -0.48064 -0.71521 -0.50741 -0.48064 -0.71521 -0.45247 -0.53268 -0.71521 -0.45247 -0.53268 -0.71521 -0.39222 -0.57848 -0.71521 -0.39222 -0.57848 -0.71521 -0.32738 -0.6175 -0.71521 -0.32738 -0.6175 -0.71521 -0.25869 -0.64927 -0.71521 -0.25869 -0.64927 -0.71521 -0.18698 -0.67344 -0.71521 -0.18698 -0.67344 -0.71521 -0.11307 -0.68971 -0.71521 -0.11307 -0.68971 -0.71521 -0.03784 -0.69789 -0.71521 -0.03784 -0.69789 -0.71521 0.03784 -0.69789 -0.71521 0.03784 -0.69789 -0.71521 0.11307 -0.68971 -0.71521 0.11307 -0.68971 -0.71521 0.18698 -0.67344 -0.71521 0.18698 -0.67344 -0.71521 0.25869 -0.64927 -0.71521 0.25869 -0.64927 -0.71521 0.32738 -0.6175 -0.71521 0.32738 -0.6175 -0.71521 0.39222 -0.57848 -0.71521 0.39222 -0.57848 -0.71521 0.45247 -0.53268 -0.71521 0.45247 -0.53268 -0.71521 0.50741 -0.48064 -0.71521 0.50741 -0.48064 -0.71521 0.5564 -0.42296 -0.71521 0.5564 -0.42296 -0.71521 0.59887 -0.36033 -0.71521 0.59887 -0.36033 -0.71521 0.63432 -0.29347 -0.71521 0.63432 -0.29347 -0.71521 0.66233 -0.22316 -0.71521 0.66233 -0.22316 -0.71521 0.68257 -0.15025 -0.71521 0.68257 -0.15025 -0.71521 0.69482 -0.07557 -0.71521 0.69482 -0.07557 -0.71521 0.69891 0 -0.71521 0.69482 0.07557 -0.71521 0.69482 0.07557 -0.71521 0.68257 0.15025 -0.71521 0.68257 0.15025 -0.71521 0.66233 0.22316 -0.71521 0.66233 0.22316 -0.71521 0.63432 0.29347 -0.71521 0.63432 0.29347 -0.71521 0.59887 0.36033 -0.71521 0.59887 0.36033 -0.71521 0.5564 0.42296 -0.71521 0.5564 0.42296 -0.71521 0.50741 0.48064 -0.71521 0.50741 0.48064 -0.71521 0.45247 0.53268 -0.71521 0.45247 0.53268 -0.71521 0.39222 0.57848 -0.71521 0.39222 0.57848 -0.71521 0.32738 0.6175 -0.71521 0.32738 0.6175 -0.71521 0.25869 0.64927 -0.71521 0.25869 0.64927 -0.71521 0.18698 0.67344 -0.71521 0.18698 0.67344 -0.71521 0.11307 0.68971 -0.71521 0.11307 0.68971 -0.71521 0.03784 0.69789 -0.71521 0.03784 0.69789 -0.77766 -0.03404 0.62776 -0.77766 -0.03404 0.62776 -0.77766 -0.10171 0.6204 -0.77766 -0.10171 0.62041 -0.77766 -0.16819 0.60577 -0.77766 -0.16819 0.60577 -0.77766 -0.2327 0.58404 -0.77766 -0.2327 0.58404 -0.77766 -0.29448 0.55545 -0.77766 -0.29448 0.55545 -0.77766 -0.35281 0.52036 -0.77766 -0.35281 0.52036 -0.77766 -0.407 0.47916 -0.77766 -0.407 0.47916 -0.77766 -0.45642 0.43235 -0.77766 -0.45642 0.43235 -0.77766 -0.50049 0.38047 -0.77766 -0.50049 0.38047 -0.77766 -0.5387 0.32412 -0.77766 -0.5387 0.32412 -0.77766 -0.57058 0.26398 -0.77766 -0.57058 0.26398 -0.77766 -0.59578 0.20074 -0.77766 -0.59578 0.20074 -0.77766 -0.61399 0.13515 -0.77766 -0.61399 0.13515 -0.77766 -0.625 0.06797 -0.77766 -0.625 0.06797 -0.77766 -0.62869 0 -0.77766 -0.625 -0.06797 -0.77766 -0.625 -0.06797 -0.77766 -0.61399 -0.13515 -0.77766 -0.61399 -0.13515 -0.77766 -0.59578 -0.20074 -0.77766 -0.59578 -0.20074 -0.77766 -0.57058 -0.26398 -0.77766 -0.57058 -0.26398 -0.77766 -0.5387 -0.32412 -0.77766 -0.53869 -0.32412 -0.77766 -0.50049 -0.38047 -0.77766 -0.50049 -0.38047 -0.77766 -0.45642 -0.43235 -0.77766 -0.45642 -0.43235 -0.77766 -0.407 -0.47916 -0.77766 -0.407 -0.47916 -0.77766 -0.35281 -0.52036 -0.77766 -0.35281 -0.52036 -0.77766 -0.29448 -0.55545 -0.77766 -0.29448 -0.55545 -0.77766 -0.2327 -0.58404 -0.77766 -0.2327 -0.58404 -0.77766 -0.16819 -0.60577 -0.77766 -0.16819 -0.60577 -0.77766 -0.10171 -0.6204 -0.77766 -0.10171 -0.6204 -0.77766 -0.03404 -0.62776 -0.77766 -0.03404 -0.62776 -0.77766 0.03404 -0.62776 -0.77766 0.03404 -0.62776 -0.77766 0.10171 -0.6204 -0.77766 0.10171 -0.62041 -0.77766 0.16819 -0.60577 -0.77766 0.16819 -0.60577 -0.77766 0.2327 -0.58404 -0.77766 0.2327 -0.58404 -0.77766 0.29448 -0.55545 -0.77766 0.29448 -0.55545 -0.77766 0.35281 -0.52036 -0.77766 0.35281 -0.52036 -0.77766 0.407 -0.47916 -0.77766 0.407 -0.47916 -0.77766 0.45642 -0.43235 -0.77766 0.45642 -0.43235 -0.77766 0.50049 -0.38047 -0.77766 0.50049 -0.38047 -0.77766 0.5387 -0.32412 -0.77766 0.5387 -0.32412 -0.77766 0.57058 -0.26398 -0.77766 0.57058 -0.26398 -0.77766 0.59578 -0.20074 -0.77766 0.59578 -0.20074 -0.77766 0.61399 -0.13515 -0.77766 0.61399 -0.13515 -0.77766 0.625 -0.06797 -0.77766 0.625 -0.06797 -0.77766 0.62869 0 -0.77766 0.625 0.06797 -0.77766 0.625 0.06797 -0.77766 0.61399 0.13515 -0.77766 0.61399 0.13515 -0.77766 0.59578 0.20074 -0.77766 0.59578 0.20074 -0.77766 0.57058 0.26398 -0.77766 0.57058 0.26398 -0.77766 0.5387 0.32412 -0.77766 0.53869 0.32412 -0.77766 0.50049 0.38047 -0.77766 0.50049 0.38047 -0.77766 0.45642 0.43235 -0.77766 0.45642 0.43235 -0.77766 0.407 0.47916 -0.77766 0.407 0.47916 -0.77766 0.35281 0.52036 -0.77766 0.35281 0.52036 -0.77766 0.29448 0.55545 -0.77766 0.29448 0.55545 -0.77766 0.2327 0.58404 -0.77766 0.2327 0.58404 -0.77766 0.16819 0.60577 -0.77766 0.16819 0.60577 -0.77766 0.10171 0.6204 -0.77766 0.10171 0.6204 -0.77766 0.03404 0.62776 -0.77766 0.03404 0.62776 -0.83708 0.08851 0.53988 -0.83708 0.08851 0.53988 -0.83708 0.14636 0.52715 -0.83708 0.2025 0.50823 -0.83708 0.2025 0.50823 -0.83708 0.25626 0.48336 -0.83708 0.25626 0.48336 -0.83708 0.30702 0.45282 -0.83708 0.30702 0.45282 -0.83708 0.35418 0.41697 -0.83708 0.35418 0.41697 -0.83708 0.39718 0.37623 -0.83708 0.39718 0.37623 -0.83708 0.43553 0.33108 -0.83708 0.43553 0.33108 -0.83708 0.46878 0.28205 -0.83708 0.46878 0.28205 -0.83708 0.49652 0.22972 -0.83708 0.49652 0.22972 -0.83708 0.51845 0.17469 -0.83708 0.51845 0.17469 -0.83708 0.5343 0.11761 -0.83708 0.5343 0.11761 -0.83708 0.54388 0.05915 -0.83708 0.54388 0.05915 -0.83708 0.54709 0 -0.83708 0.54388 -0.05915 -0.83708 0.54388 -0.05915 -0.83708 0.5343 -0.11761 -0.83708 0.5343 -0.11761 -0.83708 0.51845 -0.17469 -0.83708 0.51845 -0.17469 -0.83708 0.49652 -0.22972 -0.83708 0.49652 -0.22972 -0.83708 0.46878 -0.28205 -0.83708 0.46878 -0.28205 -0.83708 0.43553 -0.33108 -0.83708 0.43553 -0.33108 -0.83708 0.39718 -0.37623 -0.83708 0.39718 -0.37623 -0.83708 0.35418 -0.41697 -0.83708 0.35418 -0.41697 -0.83708 0.30702 -0.45282 -0.83708 0.30702 -0.45282 -0.83708 0.25626 -0.48336 -0.83708 0.25626 -0.48336 -0.83708 0.2025 -0.50823 -0.83708 0.2025 -0.50823 -0.83708 0.14636 -0.52715 -0.83708 0.08851 -0.53988 -0.83708 0.08851 -0.53988 -0.83708 0.02962 -0.54629 -0.83708 0.02962 -0.54629 -0.83708 -0.02962 -0.54629 -0.83708 -0.02962 -0.54629 -0.83708 -0.08851 -0.53988 -0.83708 -0.08851 -0.53988 -0.83708 -0.14636 -0.52715 -0.83708 -0.2025 -0.50823 -0.83708 -0.2025 -0.50823 -0.83708 -0.25626 -0.48336 -0.83708 -0.25626 -0.48336 -0.83708 -0.30702 -0.45282 -0.83708 -0.30702 -0.45282 -0.83708 -0.35418 -0.41697 -0.83708 -0.35418 -0.41697 -0.83708 -0.39718 -0.37623 -0.83708 -0.39718 -0.37623 -0.83708 -0.43553 -0.33108 -0.83708 -0.43553 -0.33108 -0.83708 -0.46878 -0.28205 -0.83708 -0.46878 -0.28205 -0.83708 -0.49652 -0.22972 -0.83708 -0.49652 -0.22972 -0.83708 -0.51845 -0.17469 -0.83708 -0.51845 -0.17469 -0.83708 -0.5343 -0.11761 -0.83708 -0.5343 -0.11761 -0.83708 -0.54388 -0.05915 -0.83708 -0.54388 -0.05915 -0.83708 -0.54709 -0 -0.83708 -0.54388 0.05915 -0.83708 -0.54388 0.05915 -0.83708 -0.5343 0.11761 -0.83708 -0.5343 0.11761 -0.83708 -0.51845 0.17469 -0.83708 -0.51845 0.17469 -0.83708 -0.49652 0.22972 -0.83708 -0.49652 0.22972 -0.83708 -0.46878 0.28205 -0.83708 -0.46878 0.28205 -0.83708 -0.43553 0.33108 -0.83708 -0.43553 0.33108 -0.83708 -0.39718 0.37623 -0.83708 -0.39718 0.37623 -0.83708 -0.35418 0.41697 -0.83708 -0.35418 0.41697 -0.83708 -0.30702 0.45282 -0.83708 -0.30702 0.45282 -0.83708 -0.25626 0.48336 -0.83708 -0.25626 0.48336 -0.83708 -0.2025 0.50823 -0.83708 -0.2025 0.50823 -0.83708 -0.14636 0.52715 -0.83708 -0.08851 0.53988 -0.83708 -0.08851 0.53988 -0.83708 -0.02962 0.54629 -0.83708 -0.02962 0.54629 -0.83708 0.02962 0.54629 -0.83708 0.02962 0.54629 -0.28141 -0.85857 0.42857 -0.28132 -0.8119 0.51154 -0.28132 -0.8119 0.51154 -0.28132 -0.75312 0.59469 -0.28132 -0.75312 0.5947 -0.28132 -0.68587 0.67115 -0.28132 -0.68587 0.67115 -0.28132 -0.61089 0.74005 -0.28132 -0.61089 0.74005 -0.28132 -0.52903 0.80062 -0.28132 -0.52903 0.80062 -0.28132 -0.44121 0.85217 -0.28132 -0.44121 0.85217 -0.28132 -0.34842 0.89413 -0.28132 -0.34842 0.89413 -0.28132 -0.25171 0.92601 -0.28132 -0.25171 0.92601 -0.28132 -0.15217 0.94747 -0.28132 -0.15217 0.94747 -0.28132 -0.05092 0.95826 -0.28132 -0.05091 0.95826 -0.28132 0.05092 0.95826 -0.28132 0.05091 0.95826 -0.28132 0.15217 0.94747 -0.28132 0.15217 0.94747 -0.28132 0.25171 0.92601 -0.28132 0.25171 0.92601 -0.28132 0.34842 0.89413 -0.28132 0.34842 0.89413 -0.28132 0.44121 0.85217 -0.28132 0.44121 0.85217 -0.28132 0.52903 0.80062 -0.28132 0.52903 0.80062 -0.28132 0.61089 0.74005 -0.28132 0.61089 0.74005 -0.28132 0.68587 0.67115 -0.28132 0.68587 0.67115 -0.28132 0.75313 0.5947 -0.28132 0.75312 0.5947 -0.28132 0.8119 0.51154 -0.28132 0.8119 0.51154 -0.28141 0.85857 0.42857 -0.27746 -0.85725 0.43375 -0.28433 -0.85842 0.42692 -0.28426 -0.81117 0.51108 -0.28426 -0.81117 0.51108 -0.28426 -0.75244 0.59416 -0.28426 -0.75244 0.59416 -0.28426 -0.68525 0.67055 -0.28426 -0.68525 0.67055 -0.28426 -0.61033 0.73938 -0.28426 -0.61033 0.73938 -0.28426 -0.52855 0.79989 -0.28426 -0.52855 0.7999 -0.28426 -0.44081 0.8514 -0.28426 -0.44081 0.8514 -0.28426 -0.34811 0.89332 -0.28426 -0.34811 0.89332 -0.28426 -0.25149 0.92518 -0.28426 -0.25149 0.92518 -0.28426 -0.15203 0.94662 -0.28426 -0.15203 0.94661 -0.28426 -0.05087 0.9574 -0.28426 -0.05087 0.9574 -0.28426 0.05087 0.9574 -0.28426 0.05087 0.9574 -0.28426 0.15203 0.94662 -0.28426 0.15203 0.94662 -0.28426 0.25149 0.92518 -0.28426 0.25149 0.92518 -0.28426 0.34811 0.89332 -0.28426 0.34811 0.89332 -0.28426 0.44081 0.8514 -0.28426 0.44081 0.8514 -0.28426 0.52855 0.79989 -0.28426 0.52855 0.79989 -0.28426 0.61033 0.73938 -0.28426 0.61033 0.73938 -0.28426 0.68525 0.67055 -0.28426 0.68525 0.67055 -0.28426 0.75244 0.59416 -0.28426 0.75244 0.59416 -0.28426 0.81117 0.51108 -0.28426 0.81117 0.51108 -0.28441 0.85543 0.43283 -0.27793 0.85872 0.43052 0 0.05414 -0.99853 -0 0.16178 -0.98683 -0 0.26753 -0.96355 -0 0.37014 -0.92898 -0 0.46841 -0.88351 -0 0.56119 -0.82769 -0 0.64739 -0.76216 -0 0.726 -0.6877 -0 0.79609 -0.60517 -0 0.85686 -0.51555 -0 0.90758 -0.41989 -0 0.94765 -0.3193 -0 0.97662 -0.21497 -0 0.99414 -0.10812 -0 0.99414 0.10812 -0 0.97662 0.21497 -0 0.94765 0.3193 -0 0.90758 0.41989 -0 0.85686 0.51555 -0 0.79609 0.60517 -0 0.726 0.6877 -0 0.64739 0.76216 -0 0.56119 0.82769 -0 0.46841 0.88351 -0 0.37014 0.92898 -0 0.26753 0.96355 -0 0.16178 0.98683 -0 0.05414 0.99853 0 0.05414 0.99853 -0 -0.05414 0.99853 0 -0.05414 0.99853 -0 -0.16178 0.98683 -0 -0.26753 0.96355 -0 -0.37014 0.92898 -0 -0.46841 0.88351 -0 -0.56119 0.82769 -0 -0.64739 0.76216 -0 -0.726 0.6877 -0 -0.79609 0.60517 -0 -0.85686 0.51555 -0 -0.90758 0.41989 -0 -0.94765 0.3193 -0 -0.97662 0.21497 -0 -0.99414 0.10812 0 -0.99414 -0.10812 0 -0.97662 -0.21497 0 -0.94765 -0.3193 0 -0.90758 -0.41989 0 -0.85686 -0.51555 0 -0.79609 -0.60517 0 -0.726 -0.6877 0 -0.64739 -0.76216 0 -0.56119 -0.82769 0 -0.46841 -0.88351 0 -0.37014 -0.92898 0 -0.26753 -0.96355 0 -0.16178 -0.98683 0 -0.05414 -0.99853 0 -0.05414 -0.99853 -0 0.05414 -0.99853 0.27795 -0.87086 -0.40541 0.27795 0.87086 0.40541 0.29235 0.86792 0.40154 0.29532 0.90167 0.31588 0.29231 0.90706 0.30298 0.31 0.88779 0.34018 0.32429 0.92384 -0.20335 0.32429 0.94041 -0.10228 0.32429 0.94041 -0.10228 0.32429 0.94596 -0 0.32429 0.94041 0.10228 0.32429 0.94041 0.10228 0.32429 0.92384 0.20335 0.32429 0.92384 0.20335 0.32467 0.90636 0.27036 0.33414 0.89319 0.30095 0.33642 0.89379 0.29658 0.30597 0.89653 -0.32033 0.33414 0.89319 -0.30095 0.32467 0.90636 -0.27036 0.32429 0.92384 -0.20335 0.2925 0.90248 -0.31617 0.2872 0.90101 -0.32511 0.29334 0.90027 -0.32166 0.29273 0.88495 -0.36218 0.29805 0.86633 -0.4008 0.27315 0.85582 -0.43928 0.29235 -0.86792 -0.40154 0.29532 -0.90167 -0.31588 0.29231 -0.90706 -0.30298 0.31 -0.88779 -0.34018 0.32429 -0.92384 0.20335 0.32429 -0.94041 0.10228 0.32429 -0.94041 0.10228 0.32429 -0.94596 -0 0.32429 -0.94041 -0.10228 0.32429 -0.94041 -0.10228 0.32429 -0.92384 -0.20335 0.32429 -0.92384 -0.20335 0.32467 -0.90636 -0.27036 0.33414 -0.89319 -0.30095 0.33642 -0.89379 -0.29658 0.30597 -0.89653 0.32033 0.33414 -0.89319 0.30095 0.32467 -0.90636 0.27036 0.32429 -0.92384 0.20335 0.2925 -0.90248 0.31617 0.2872 -0.90101 0.32511 0.29334 -0.90027 0.32166 0.29273 -0.88495 0.36218 0.29805 -0.86633 0.4008 0.27315 -0.85582 0.43928 0.94445 -0.05317 -0.32433 0.94445 -0.05317 -0.32433 0.94445 -0.08793 -0.31668 0.94445 -0.08793 -0.31668 0.94445 -0.12165 -0.30532 0.94445 -0.12165 -0.30532 0.94445 -0.15395 -0.29038 0.94445 -0.15395 -0.29038 0.94445 -0.18444 -0.27203 0.94445 -0.18444 -0.27203 0.94445 -0.21277 -0.2505 0.94445 -0.21277 -0.2505 0.94445 -0.23861 -0.22602 0.94445 -0.23861 -0.22602 0.94445 -0.26165 -0.1989 0.94445 -0.26165 -0.1989 0.94445 -0.28162 -0.16944 0.94445 -0.28162 -0.16944 0.94445 -0.29829 -0.138 0.94445 -0.29829 -0.138 0.94445 -0.31146 -0.10494 0.94445 -0.31146 -0.10494 0.94445 -0.32098 -0.07065 0.94445 -0.32098 -0.07065 0.94445 -0.32674 -0.03553 0.94445 -0.32674 -0.03553 0.94445 -0.32866 0 0.94445 -0.32674 0.03553 0.94445 -0.32674 0.03553 0.94445 -0.32098 0.07065 0.94445 -0.32098 0.07065 0.94445 -0.31146 0.10494 0.94445 -0.31146 0.10494 0.94445 -0.29829 0.138 0.94445 -0.29829 0.138 0.94445 -0.28162 0.16944 0.94445 -0.28162 0.16944 0.94445 -0.26165 0.1989 0.94445 -0.26165 0.1989 0.94445 -0.23861 0.22602 0.94445 -0.23861 0.22602 0.94445 -0.21277 0.2505 0.94445 -0.21277 0.2505 0.94445 -0.18444 0.27203 0.94445 -0.18444 0.27203 0.94445 -0.15395 0.29038 0.94445 -0.15395 0.29038 0.94445 -0.12165 0.30532 0.94445 -0.12165 0.30532 0.94445 -0.08793 0.31668 0.94445 -0.08793 0.31668 0.94445 -0.05317 0.32433 0.94445 -0.05317 0.32433 0.94445 -0.01779 0.32818 0.94445 -0.01779 0.32818 0.94445 0.01779 0.32818 0.94445 0.01779 0.32818 0.94445 0.05317 0.32433 0.94445 0.05317 0.32433 0.94445 0.08793 0.31668 0.94445 0.08793 0.31668 0.94445 0.12165 0.30532 0.94445 0.12165 0.30532 0.94445 0.15395 0.29038 0.94445 0.15395 0.29038 0.94445 0.18444 0.27203 0.94445 0.18444 0.27203 0.94445 0.21277 0.2505 0.94445 0.21277 0.2505 0.94445 0.23861 0.22602 0.94445 0.23861 0.22602 0.94445 0.26165 0.1989 0.94445 0.26165 0.1989 0.94445 0.28162 0.16944 0.94445 0.28162 0.16944 0.94445 0.29829 0.138 0.94445 0.29829 0.138 0.94445 0.31146 0.10494 0.94445 0.31146 0.10494 0.94445 0.32098 0.07065 0.94445 0.32098 0.07065 0.94445 0.32674 0.03553 0.94445 0.32674 0.03553 0.94445 0.32866 0 0.94445 0.32674 -0.03553 0.94445 0.32674 -0.03553 0.94445 0.32098 -0.07065 0.94445 0.32098 -0.07065 0.94445 0.31146 -0.10494 0.94445 0.31146 -0.10494 0.94445 0.29829 -0.138 0.94445 0.29829 -0.138 0.94445 0.28162 -0.16944 0.94445 0.28162 -0.16944 0.94445 0.26165 -0.1989 0.94445 0.26165 -0.1989 0.94445 0.23861 -0.22602 0.94445 0.23861 -0.22602 0.94445 0.21277 -0.2505 0.94445 0.21277 -0.2505 0.94445 0.18444 -0.27203 0.94445 0.18444 -0.27203 0.94445 0.15395 -0.29038 0.94445 0.15395 -0.29038 0.94445 0.12165 -0.30532 0.94445 0.12165 -0.30532 0.94445 0.08793 -0.31668 0.94445 0.08793 -0.31668 0.94445 0.05317 -0.32433 0.94445 0.05317 -0.32433 0.94445 0.01779 -0.32818 0.94445 0.01779 -0.32818 0.94445 -0.01779 -0.32818 0.94445 -0.01779 -0.32818 0.90733 -0.02276 -0.41981 0.90733 0.02276 -0.41981 0.90733 0.02276 -0.41981 0.90733 0.06802 -0.41489 0.90733 0.06802 -0.41489 0.90733 0.11248 -0.4051 0.90733 0.11248 -0.4051 0.90733 0.15562 -0.39057 0.90733 0.15562 -0.39057 0.90733 0.19693 -0.37145 0.90733 0.19693 -0.37145 0.90733 0.23594 -0.34798 0.90733 0.23594 -0.34798 0.90733 0.27218 -0.32043 0.90733 0.27218 -0.32044 0.90733 0.30523 -0.28913 0.90733 0.30523 -0.28913 0.90733 0.3347 -0.25443 0.90733 0.3347 -0.25443 0.90733 0.36025 -0.21675 0.90733 0.36025 -0.21675 0.90733 0.38157 -0.17653 0.90733 0.38157 -0.17653 0.90733 0.39842 -0.13424 0.90733 0.39842 -0.13424 0.90733 0.4106 -0.09038 0.90733 0.4106 -0.09038 0.90733 0.41796 -0.04546 0.90733 0.41796 -0.04546 0.90733 0.42043 -0 0.90733 0.41796 0.04546 0.90733 0.41796 0.04546 0.90733 0.4106 0.09038 0.90733 0.4106 0.09038 0.90733 0.39842 0.13424 0.90733 0.39842 0.13424 0.90733 0.38157 0.17653 0.90733 0.38157 0.17653 0.90733 0.36025 0.21675 0.90733 0.36025 0.21675 0.90733 0.3347 0.25443 0.90733 0.3347 0.25443 0.90733 0.30523 0.28913 0.90733 0.30523 0.28913 0.90733 0.27218 0.32043 0.90733 0.27218 0.32044 0.90733 0.23594 0.34798 0.90733 0.23594 0.34798 0.90733 0.19693 0.37145 0.90733 0.19693 0.37145 0.90733 0.15562 0.39057 0.90733 0.15562 0.39057 0.90733 0.11248 0.4051 0.90733 0.11248 0.4051 0.90733 0.06802 0.41489 0.90733 0.06802 0.41489 0.90733 0.02276 0.41981 0.90733 0.02276 0.41981 0.90733 -0.02276 0.41981 0.90733 -0.02276 0.41981 0.90733 -0.06802 0.41489 0.90733 -0.06802 0.41489 0.90733 -0.11248 0.4051 0.90733 -0.11248 0.4051 0.90733 -0.15562 0.39057 0.90733 -0.15562 0.39057 0.90733 -0.19693 0.37145 0.90733 -0.19693 0.37145 0.90733 -0.23594 0.34798 0.90733 -0.23594 0.34798 0.90733 -0.27218 0.32043 0.90733 -0.27218 0.32044 0.90733 -0.30523 0.28913 0.90733 -0.30523 0.28913 0.90733 -0.3347 0.25443 0.90733 -0.3347 0.25443 0.90733 -0.36025 0.21675 0.90733 -0.36025 0.21675 0.90733 -0.38157 0.17653 0.90733 -0.38157 0.17653 0.90733 -0.39842 0.13424 0.90733 -0.39842 0.13424 0.90733 -0.4106 0.09038 0.90733 -0.4106 0.09038 0.90733 -0.41796 0.04546 0.90733 -0.41796 0.04546 0.90733 -0.42043 -0 0.90733 -0.41796 -0.04546 0.90733 -0.41796 -0.04546 0.90733 -0.4106 -0.09038 0.90733 -0.4106 -0.09038 0.90733 -0.39842 -0.13424 0.90733 -0.39842 -0.13424 0.90733 -0.38157 -0.17653 0.90733 -0.38157 -0.17653 0.90733 -0.36025 -0.21675 0.90733 -0.36025 -0.21675 0.90733 -0.3347 -0.25443 0.90733 -0.3347 -0.25443 0.90733 -0.30523 -0.28913 0.90733 -0.30523 -0.28913 0.90733 -0.27218 -0.32043 0.90733 -0.27218 -0.32044 0.90733 -0.23594 -0.34798 0.90733 -0.23594 -0.34798 0.90733 -0.19693 -0.37145 0.90733 -0.19693 -0.37145 0.90733 -0.15562 -0.39057 0.90733 -0.15562 -0.39057 0.90733 -0.11248 -0.4051 0.90733 -0.11248 -0.4051 0.90733 -0.06802 -0.41489 0.90733 -0.06802 -0.41489 0.90733 -0.02276 -0.41981 0.86333 -0.02732 -0.5039 0.86333 0.02732 -0.5039 0.86333 0.02732 -0.5039 0.86333 0.08164 -0.49799 0.86333 0.08164 -0.49799 0.86333 0.13501 -0.48625 0.86333 0.13501 -0.48625 0.86333 0.18679 -0.4688 0.86333 0.18679 -0.4688 0.86333 0.23638 -0.44586 0.86333 0.23638 -0.44586 0.86333 0.2832 -0.41769 0.86333 0.2832 -0.41769 0.86333 0.3267 -0.38462 0.86333 0.3267 -0.38462 0.86333 0.36637 -0.34704 0.86333 0.36637 -0.34704 0.86333 0.40174 -0.3054 0.86333 0.40174 -0.3054 0.86333 0.43241 -0.26017 0.86333 0.43241 -0.26017 0.86333 0.458 -0.21189 0.86333 0.458 -0.21189 0.86333 0.47823 -0.16113 0.86333 0.47823 -0.16113 0.86333 0.49284 -0.10848 0.86333 0.49284 -0.10848 0.86333 0.50168 -0.05456 0.86333 0.50168 -0.05456 0.86333 0.50464 -0 0.86333 0.50168 0.05456 0.86333 0.50168 0.05456 0.86333 0.49284 0.10848 0.86333 0.49284 0.10848 0.86333 0.47823 0.16113 0.86333 0.47823 0.16113 0.86333 0.458 0.21189 0.86333 0.458 0.21189 0.86333 0.43241 0.26017 0.86333 0.43241 0.26017 0.86333 0.40174 0.3054 0.86333 0.40174 0.3054 0.86333 0.36637 0.34704 0.86333 0.36637 0.34704 0.86333 0.3267 0.38462 0.86333 0.3267 0.38462 0.86333 0.2832 0.41769 0.86333 0.2832 0.41769 0.86333 0.23638 0.44586 0.86333 0.23638 0.44586 0.86333 0.18679 0.4688 0.86333 0.18679 0.4688 0.86333 0.13501 0.48625 0.86333 0.13501 0.48625 0.86333 0.08164 0.49799 0.86333 0.08164 0.49799 0.86333 0.02732 0.5039 0.86333 0.02732 0.5039 0.86333 -0.02732 0.5039 0.86333 -0.02732 0.5039 0.86333 -0.08164 0.49799 0.86333 -0.08164 0.49799 0.86333 -0.13501 0.48625 0.86333 -0.13501 0.48625 0.86333 -0.18679 0.4688 0.86333 -0.18679 0.4688 0.86333 -0.23638 0.44586 0.86333 -0.23638 0.44586 0.86333 -0.2832 0.41769 0.86333 -0.2832 0.41769 0.86333 -0.3267 0.38462 0.86333 -0.3267 0.38462 0.86333 -0.36637 0.34704 0.86333 -0.36637 0.34704 0.86333 -0.40174 0.3054 0.86333 -0.40174 0.3054 0.86333 -0.43241 0.26017 0.86333 -0.43241 0.26017 0.86333 -0.458 0.21189 0.86333 -0.458 0.21189 0.86333 -0.47823 0.16113 0.86333 -0.47823 0.16113 0.86333 -0.49284 0.10848 0.86333 -0.49284 0.10848 0.86333 -0.50168 0.05456 0.86333 -0.50168 0.05456 0.86333 -0.50464 -0 0.86333 -0.50168 -0.05456 0.86333 -0.50168 -0.05456 0.86333 -0.49284 -0.10848 0.86333 -0.49284 -0.10848 0.86333 -0.47823 -0.16113 0.86333 -0.47823 -0.16113 0.86333 -0.458 -0.21189 0.86333 -0.458 -0.21189 0.86333 -0.43241 -0.26017 0.86333 -0.43241 -0.26017 0.86333 -0.40174 -0.3054 0.86333 -0.40174 -0.3054 0.86333 -0.36637 -0.34704 0.86333 -0.36637 -0.34704 0.86333 -0.3267 -0.38462 0.86333 -0.3267 -0.38462 0.86333 -0.2832 -0.41769 0.86333 -0.2832 -0.41769 0.86333 -0.23638 -0.44586 0.86333 -0.23638 -0.44586 0.86333 -0.18679 -0.4688 0.86333 -0.18679 -0.4688 0.86333 -0.13501 -0.48625 0.86333 -0.13501 -0.48625 0.86333 -0.08164 -0.49799 0.86333 -0.08164 -0.49799 0.86333 -0.02732 -0.5039 0.81267 -0.03155 -0.58187 0.81267 0.03155 -0.58187 0.81267 0.03155 -0.58187 0.81267 0.09427 -0.57505 0.81267 0.09427 -0.57505 0.81267 0.1559 -0.56148 0.81267 0.1559 -0.56148 0.81267 0.21569 -0.54134 0.81267 0.21569 -0.54134 0.81267 0.27295 -0.51484 0.81267 0.27295 -0.51484 0.81267 0.32702 -0.48232 0.81267 0.32702 -0.48231 0.81267 0.37725 -0.44413 0.81267 0.37725 -0.44413 0.81267 0.42306 -0.40074 0.81267 0.42306 -0.40074 0.81267 0.4639 -0.35265 0.81267 0.4639 -0.35265 0.81267 0.49931 -0.30043 0.81267 0.49931 -0.30043 0.81267 0.52887 -0.24468 0.81267 0.52887 -0.24468 0.81267 0.55222 -0.18606 0.81267 0.55222 -0.18607 0.81267 0.5691 -0.12527 0.81267 0.5691 -0.12527 0.81267 0.57931 -0.063 0.81267 0.57931 -0.063 0.81267 0.58272 -0 0.81267 0.57931 0.063 0.81267 0.57931 0.063 0.81267 0.5691 0.12527 0.81267 0.5691 0.12527 0.81267 0.55222 0.18606 0.81267 0.55222 0.18606 0.81267 0.52887 0.24468 0.81267 0.52887 0.24468 0.81267 0.49931 0.30043 0.81267 0.49931 0.30043 0.81267 0.4639 0.35265 0.81267 0.4639 0.35265 0.81267 0.42306 0.40074 0.81267 0.42306 0.40074 0.81267 0.37725 0.44413 0.81267 0.37725 0.44413 0.81267 0.32702 0.48231 0.81267 0.32702 0.48231 0.81267 0.27295 0.51484 0.81267 0.27295 0.51484 0.81267 0.21569 0.54134 0.81267 0.21569 0.54134 0.81267 0.1559 0.56148 0.81267 0.1559 0.56148 0.81267 0.09427 0.57505 0.81267 0.09427 0.57505 0.81267 0.03155 0.58187 0.81267 0.03155 0.58187 0.81267 -0.03155 0.58187 0.81267 -0.03155 0.58187 0.81267 -0.09427 0.57505 0.81267 -0.09427 0.57505 0.81267 -0.1559 0.56148 0.81267 -0.1559 0.56148 0.81267 -0.21569 0.54134 0.81267 -0.21569 0.54134 0.81267 -0.27295 0.51484 0.81267 -0.27295 0.51484 0.81267 -0.32702 0.48232 0.81267 -0.32702 0.48231 0.81267 -0.37725 0.44413 0.81267 -0.37725 0.44413 0.81267 -0.42306 0.40074 0.81267 -0.42306 0.40074 0.81267 -0.4639 0.35265 0.81267 -0.4639 0.35265 0.81267 -0.49931 0.30043 0.81267 -0.49931 0.30043 0.81267 -0.52887 0.24468 0.81267 -0.52887 0.24468 0.81267 -0.55222 0.18606 0.81267 -0.55222 0.18607 0.81267 -0.5691 0.12527 0.81267 -0.5691 0.12527 0.81267 -0.57931 0.063 0.81267 -0.57931 0.063 0.81267 -0.58272 -0 0.81267 -0.57931 -0.063 0.81267 -0.57931 -0.063 0.81267 -0.5691 -0.12527 0.81267 -0.5691 -0.12527 0.81267 -0.55222 -0.18606 0.81267 -0.55222 -0.18606 0.81267 -0.52887 -0.24468 0.81267 -0.52887 -0.24468 0.81267 -0.49931 -0.30043 0.81267 -0.49931 -0.30043 0.81267 -0.4639 -0.35265 0.81267 -0.4639 -0.35265 0.81267 -0.42306 -0.40074 0.81267 -0.42306 -0.40074 0.81267 -0.37725 -0.44413 0.81267 -0.37725 -0.44413 0.81267 -0.32702 -0.48231 0.81267 -0.32702 -0.48231 0.81267 -0.27295 -0.51484 0.81267 -0.27295 -0.51484 0.81267 -0.21569 -0.54134 0.81267 -0.21569 -0.54134 0.81267 -0.1559 -0.56148 0.81267 -0.1559 -0.56148 0.81267 -0.09427 -0.57505 0.81267 -0.09427 -0.57505 0.81267 -0.03155 -0.58187 0.75718 -0.03536 -0.65225 0.75718 0.03536 -0.65225 0.75718 0.03536 -0.65225 0.75718 0.10568 -0.6446 0.75718 0.10568 -0.6446 0.75718 0.17475 -0.6294 0.75718 0.17475 -0.6294 0.75718 0.24178 -0.60682 0.75718 0.24178 -0.60682 0.75718 0.30597 -0.57712 0.75718 0.30597 -0.57712 0.75718 0.36657 -0.54065 0.75718 0.36657 -0.54065 0.75718 0.42288 -0.49785 0.75718 0.42288 -0.49785 0.75718 0.47423 -0.44921 0.75718 0.47423 -0.44921 0.75718 0.52002 -0.39531 0.75718 0.52002 -0.39531 0.75718 0.55971 -0.33676 0.75718 0.55971 -0.33676 0.75718 0.59284 -0.27428 0.75718 0.59284 -0.27428 0.75718 0.61902 -0.20857 0.75718 0.61902 -0.20857 0.75718 0.63794 -0.14042 0.75718 0.63794 -0.14042 0.75718 0.64938 -0.07062 0.75718 0.64938 -0.07062 0.75718 0.65321 -0 0.75718 0.64938 0.07062 0.75718 0.64938 0.07062 0.75718 0.63794 0.14042 0.75718 0.63794 0.14042 0.75718 0.61902 0.20857 0.75718 0.61902 0.20857 0.75718 0.59284 0.27428 0.75718 0.59284 0.27428 0.75718 0.55971 0.33676 0.75718 0.55971 0.33676 0.75718 0.52002 0.39531 0.75718 0.52002 0.39531 0.75718 0.47423 0.44921 0.75718 0.47423 0.44921 0.75718 0.42288 0.49785 0.75718 0.42288 0.49785 0.75718 0.36657 0.54065 0.75718 0.36657 0.54065 0.75718 0.30597 0.57712 0.75718 0.30597 0.57712 0.75718 0.24178 0.60682 0.75718 0.24178 0.60682 0.75718 0.17475 0.6294 0.75718 0.17475 0.6294 0.75718 0.10568 0.6446 0.75718 0.10568 0.6446 0.75718 0.03536 0.65225 0.75718 0.03536 0.65225 0.75718 -0.03536 0.65225 0.75718 -0.03536 0.65225 0.75718 -0.10568 0.6446 0.75718 -0.10568 0.6446 0.75718 -0.17475 0.6294 0.75718 -0.17475 0.6294 0.75718 -0.24178 0.60682 0.75718 -0.24178 0.60682 0.75718 -0.30597 0.57712 0.75718 -0.30597 0.57712 0.75718 -0.36657 0.54065 0.75718 -0.36657 0.54065 0.75718 -0.42288 0.49785 0.75718 -0.42288 0.49785 0.75718 -0.47423 0.44921 0.75718 -0.47423 0.44921 0.75718 -0.52002 0.39531 0.75718 -0.52002 0.39531 0.75718 -0.55971 0.33676 0.75718 -0.55971 0.33676 0.75718 -0.59284 0.27428 0.75718 -0.59284 0.27428 0.75718 -0.61902 0.20857 0.75718 -0.61902 0.20857 0.75718 -0.63794 0.14042 0.75718 -0.63794 0.14042 0.75718 -0.64938 0.07062 0.75718 -0.64938 0.07062 0.75718 -0.65321 -0 0.75718 -0.64938 -0.07062 0.75718 -0.64938 -0.07062 0.75718 -0.63794 -0.14042 0.75718 -0.63794 -0.14042 0.75718 -0.61902 -0.20857 0.75718 -0.61902 -0.20857 0.75718 -0.59284 -0.27428 0.75718 -0.59284 -0.27428 0.75718 -0.55971 -0.33676 0.75718 -0.55971 -0.33676 0.75718 -0.52002 -0.39531 0.75718 -0.52002 -0.39531 0.75718 -0.47423 -0.44921 0.75718 -0.47423 -0.44921 0.75718 -0.42288 -0.49785 0.75718 -0.42288 -0.49785 0.75718 -0.36657 -0.54065 0.75718 -0.36657 -0.54065 0.75718 -0.30597 -0.57712 0.75718 -0.30597 -0.57712 0.75718 -0.24178 -0.60682 0.75718 -0.24178 -0.60682 0.75718 -0.17475 -0.6294 0.75718 -0.17475 -0.6294 0.75718 -0.10568 -0.6446 0.75718 -0.10568 -0.6446 0.75718 -0.03536 -0.65225 0.69691 -0.03883 -0.71611 0.69691 0.03883 -0.71611 0.69691 0.03883 -0.71611 0.69691 0.11602 -0.70771 0.69691 0.11602 -0.70771 0.69691 0.19186 -0.69102 0.69691 0.19186 -0.69102 0.69691 0.26545 -0.66622 0.69691 0.26545 -0.66622 0.69691 0.33592 -0.63362 0.69691 0.33592 -0.63362 0.69691 0.40246 -0.59358 0.69691 0.40246 -0.59358 0.69691 0.46428 -0.54659 0.69691 0.46428 -0.54659 0.69691 0.52065 -0.49319 0.69691 0.52065 -0.49319 0.69691 0.57093 -0.43401 0.69691 0.57093 -0.43401 0.69691 0.6145 -0.36973 0.69691 0.6145 -0.36973 0.69691 0.65088 -0.30113 0.69691 0.65088 -0.30113 0.69691 0.67962 -0.22899 0.69691 0.67962 -0.22899 0.69691 0.70039 -0.15417 0.69691 0.70039 -0.15417 0.69691 0.71296 -0.07754 0.69691 0.71296 -0.07754 0.69691 0.71716 -0 0.69691 0.71296 0.07754 0.69691 0.71296 0.07754 0.69691 0.70039 0.15417 0.69691 0.70039 0.15417 0.69691 0.67962 0.22899 0.69691 0.67962 0.22899 0.69691 0.65088 0.30113 0.69691 0.65088 0.30113 0.69691 0.6145 0.36973 0.69691 0.6145 0.36973 0.69691 0.57093 0.43401 0.69691 0.57093 0.43401 0.69691 0.52065 0.49319 0.69691 0.52065 0.49319 0.69691 0.46428 0.54659 0.69691 0.46428 0.54659 0.69691 0.40246 0.59358 0.69691 0.40246 0.59358 0.69691 0.33592 0.63362 0.69691 0.33592 0.63362 0.69691 0.26545 0.66622 0.69691 0.26545 0.66622 0.69691 0.19186 0.69102 0.69691 0.19186 0.69102 0.69691 0.11602 0.70771 0.69691 0.11602 0.70771 0.69691 0.03883 0.71611 0.69691 0.03883 0.71611 0.69691 -0.03883 0.71611 0.69691 -0.03883 0.71611 0.69691 -0.11602 0.70771 0.69691 -0.11602 0.70771 0.69691 -0.19186 0.69102 0.69691 -0.19186 0.69102 0.69691 -0.26545 0.66622 0.69691 -0.26545 0.66622 0.69691 -0.33592 0.63362 0.69691 -0.33592 0.63362 0.69691 -0.40246 0.59358 0.69691 -0.40246 0.59358 0.69691 -0.46428 0.54659 0.69691 -0.46428 0.54659 0.69691 -0.52065 0.49319 0.69691 -0.52065 0.49319 0.69691 -0.57093 0.43401 0.69691 -0.57093 0.43401 0.69691 -0.6145 0.36973 0.69691 -0.6145 0.36973 0.69691 -0.65088 0.30113 0.69691 -0.65088 0.30113 0.69691 -0.67962 0.22899 0.69691 -0.67962 0.22899 0.69691 -0.70039 0.15417 0.69691 -0.70039 0.15417 0.69691 -0.71296 0.07754 0.69691 -0.71296 0.07754 0.69691 -0.71716 -0 0.69691 -0.71296 -0.07754 0.69691 -0.71296 -0.07754 0.69691 -0.70039 -0.15417 0.69691 -0.70039 -0.15417 0.69691 -0.67962 -0.22899 0.69691 -0.67962 -0.22899 0.69691 -0.65088 -0.30113 0.69691 -0.65088 -0.30113 0.69691 -0.6145 -0.36973 0.69691 -0.6145 -0.36973 0.69691 -0.57093 -0.43401 0.69691 -0.57093 -0.43401 0.69691 -0.52065 -0.49319 0.69691 -0.52065 -0.49319 0.69691 -0.46428 -0.54659 0.69691 -0.46428 -0.54659 0.69691 -0.40246 -0.59358 0.69691 -0.40246 -0.59358 0.69691 -0.33592 -0.63362 0.69691 -0.33592 -0.63362 0.69691 -0.26545 -0.66622 0.69691 -0.26545 -0.66622 0.69691 -0.19186 -0.69102 0.69691 -0.19186 -0.69102 0.69691 -0.11602 -0.70771 0.69691 -0.11602 -0.70771 0.69691 -0.03883 -0.71611 0.62524 -0.04225 -0.77929 0.62524 0.04225 -0.77929 0.62524 0.04225 -0.77929 0.62524 0.12626 -0.77015 0.62524 0.12626 -0.77015 0.62524 0.20879 -0.75199 0.62524 0.20879 -0.75199 0.62524 0.28887 -0.72501 0.62524 0.28887 -0.72501 0.62524 0.36556 -0.68952 0.62524 0.36556 -0.68952 0.62524 0.43797 -0.64596 0.62524 0.43797 -0.64596 0.62524 0.50524 -0.59482 0.62524 0.50524 -0.59482 0.62524 0.56659 -0.5367 0.62524 0.6213 -0.4723 0.62524 0.6213 -0.4723 0.62524 0.66872 -0.40236 0.62524 0.66872 -0.40236 0.62524 0.7083 -0.3277 0.62524 0.7083 -0.3277 0.62524 0.73958 -0.24919 0.62524 0.73958 -0.24919 0.62524 0.76219 -0.16777 0.62524 0.76219 -0.16777 0.62524 0.77586 -0.08438 0.62524 0.77586 -0.08438 0.62524 0.78043 -0 0.62524 0.77586 0.08438 0.62524 0.77586 0.08438 0.62524 0.76219 0.16777 0.62524 0.76219 0.16777 0.62524 0.73958 0.24919 0.62524 0.73958 0.24919 0.62524 0.7083 0.3277 0.62524 0.7083 0.3277 0.62524 0.66872 0.40236 0.62524 0.66872 0.40236 0.62524 0.6213 0.4723 0.62524 0.6213 0.4723 0.62524 0.56659 0.5367 0.62524 0.56659 0.5367 0.62524 0.50524 0.59482 0.62524 0.50524 0.59482 0.62524 0.43797 0.64596 0.62524 0.43797 0.64596 0.62524 0.36556 0.68952 0.62524 0.36556 0.68952 0.62524 0.28887 0.72501 0.62524 0.28887 0.72501 0.62524 0.20879 0.75199 0.62524 0.20879 0.75199 0.62524 0.12626 0.77015 0.62524 0.12626 0.77015 0.62524 0.04225 0.77929 0.62524 0.04225 0.77929 0.62524 -0.04225 0.77929 0.62524 -0.04225 0.77929 0.62524 -0.12626 0.77015 0.62524 -0.12626 0.77015 0.62524 -0.20879 0.75199 0.62524 -0.20879 0.75199 0.62524 -0.28887 0.72501 0.62524 -0.28887 0.72501 0.62524 -0.36556 0.68952 0.62524 -0.36556 0.68952 0.62524 -0.43797 0.64596 0.62524 -0.43797 0.64596 0.62524 -0.50524 0.59482 0.62524 -0.50524 0.59482 0.62524 -0.56659 0.5367 0.62524 -0.6213 0.4723 0.62524 -0.6213 0.4723 0.62524 -0.66872 0.40236 0.62524 -0.66872 0.40236 0.62524 -0.7083 0.3277 0.62524 -0.7083 0.3277 0.62524 -0.73958 0.24919 0.62524 -0.73958 0.24919 0.62524 -0.76219 0.16777 0.62524 -0.76219 0.16777 0.62524 -0.77586 0.08438 0.62524 -0.77586 0.08438 0.62524 -0.78043 -0 0.62524 -0.77586 -0.08438 0.62524 -0.77586 -0.08438 0.62524 -0.76219 -0.16777 0.62524 -0.76219 -0.16777 0.62524 -0.73958 -0.24919 0.62524 -0.73958 -0.24919 0.62524 -0.7083 -0.3277 0.62524 -0.7083 -0.3277 0.62524 -0.66872 -0.40236 0.62524 -0.66872 -0.40236 0.62524 -0.6213 -0.4723 0.62524 -0.6213 -0.4723 0.62524 -0.56659 -0.5367 0.62524 -0.56659 -0.5367 0.62524 -0.50524 -0.59482 0.62524 -0.50524 -0.59482 0.62524 -0.43797 -0.64596 0.62524 -0.43797 -0.64596 0.62524 -0.36556 -0.68952 0.62524 -0.36556 -0.68952 0.62524 -0.28887 -0.72501 0.62524 -0.28887 -0.72501 0.62524 -0.20879 -0.75199 0.62524 -0.20879 -0.75199 0.62524 -0.12626 -0.77015 0.62524 -0.12626 -0.77015 0.62524 -0.04225 -0.77929 0.55298 -0.04511 -0.83197 0.55298 0.04511 -0.83197 0.55298 0.04511 -0.83197 0.55298 0.1348 -0.82222 0.55298 0.1348 -0.82222 0.55298 0.2229 -0.80283 0.55298 0.2229 -0.80283 0.55298 0.3084 -0.77402 0.55298 0.3084 -0.77402 0.55298 0.39028 -0.73614 0.55298 0.39028 -0.73614 0.55298 0.46758 -0.68963 0.55298 0.46758 -0.68963 0.55298 0.5394 -0.63503 0.55298 0.5394 -0.63503 0.55298 0.6049 -0.57299 0.55298 0.6049 -0.57299 0.55298 0.6633 -0.50423 0.55298 0.6633 -0.50423 0.55298 0.71393 -0.42956 0.55298 0.71393 -0.42956 0.55298 0.75619 -0.34985 0.55298 0.75619 -0.34985 0.55298 0.78958 -0.26604 0.55298 0.78958 -0.26604 0.55298 0.81372 -0.17911 0.55298 0.81372 -0.17911 0.55298 0.82831 -0.09008 0.55298 0.82831 -0.09008 0.55298 0.8332 -0 0.55298 0.82831 0.09008 0.55298 0.82831 0.09008 0.55298 0.81372 0.17911 0.55298 0.81372 0.17911 0.55298 0.78958 0.26604 0.55298 0.78958 0.26604 0.55298 0.75619 0.34985 0.55298 0.75619 0.34985 0.55298 0.71393 0.42956 0.55298 0.71393 0.42956 0.55298 0.6633 0.50423 0.55298 0.6633 0.50423 0.55298 0.6049 0.57299 0.55298 0.6049 0.57299 0.55298 0.5394 0.63503 0.55298 0.5394 0.63503 0.55298 0.46758 0.68963 0.55298 0.46758 0.68963 0.55298 0.39028 0.73614 0.55298 0.39028 0.73614 0.55298 0.3084 0.77402 0.55298 0.3084 0.77402 0.55298 0.2229 0.80283 0.55298 0.2229 0.80283 0.55298 0.1348 0.82222 0.55298 0.1348 0.82222 0.55298 0.04511 0.83197 0.55298 0.04511 0.83197 0.55298 -0.04511 0.83197 0.55298 -0.04511 0.83197 0.55298 -0.1348 0.82222 0.55298 -0.1348 0.82222 0.55298 -0.2229 0.80283 0.55298 -0.2229 0.80283 0.55298 -0.3084 0.77402 0.55298 -0.3084 0.77402 0.55298 -0.39028 0.73614 0.55298 -0.39028 0.73614 0.55298 -0.46758 0.68963 0.55298 -0.46758 0.68963 0.55298 -0.5394 0.63503 0.55298 -0.5394 0.63503 0.55298 -0.6049 0.57299 0.55298 -0.6049 0.57299 0.55298 -0.6633 0.50423 0.55298 -0.6633 0.50423 0.55298 -0.71393 0.42956 0.55298 -0.71393 0.42956 0.55298 -0.75619 0.34985 0.55298 -0.75619 0.34985 0.55298 -0.78958 0.26604 0.55298 -0.78958 0.26604 0.55298 -0.81372 0.17911 0.55298 -0.81372 0.17911 0.55298 -0.82831 0.09008 0.55298 -0.82831 0.09008 0.55298 -0.8332 -0 0.55298 -0.82831 -0.09008 0.55298 -0.82831 -0.09008 0.55298 -0.81372 -0.17911 0.55298 -0.81372 -0.17911 0.55298 -0.78958 -0.26604 0.55298 -0.78958 -0.26604 0.55298 -0.75619 -0.34985 0.55298 -0.75619 -0.34985 0.55298 -0.71393 -0.42956 0.55298 -0.71393 -0.42956 0.55298 -0.6633 -0.50423 0.55298 -0.6633 -0.50423 0.55298 -0.6049 -0.57299 0.55298 -0.6049 -0.57299 0.55298 -0.5394 -0.63503 0.55298 -0.5394 -0.63503 0.55298 -0.46758 -0.68963 0.55298 -0.46758 -0.68963 0.55298 -0.39028 -0.73614 0.55298 -0.39028 -0.73614 0.55298 -0.3084 -0.77402 0.55298 -0.3084 -0.77402 0.55298 -0.2229 -0.80283 0.55298 -0.2229 -0.80283 0.55298 -0.1348 -0.82222 0.55298 -0.1348 -0.82222 0.55298 -0.04511 -0.83197 0.48957 -0.04721 -0.87068 0.48957 0.04721 -0.87068 0.48957 0.04721 -0.87068 0.48957 0.14107 -0.86048 0.48957 0.14107 -0.86048 0.48957 0.23327 -0.84018 0.48957 0.23327 -0.84018 0.48957 0.32275 -0.81003 0.48957 0.32275 -0.81003 0.48957 0.40843 -0.77039 0.48957 0.40843 -0.77039 0.48957 0.48933 -0.72171 0.48957 0.48933 -0.72171 0.48957 0.5645 -0.66458 0.48957 0.5645 -0.66458 0.48957 0.63304 -0.59965 0.48957 0.63304 -0.59965 0.48957 0.69416 -0.52769 0.48957 0.69416 -0.52769 0.48957 0.74715 -0.44954 0.48957 0.74715 -0.44954 0.48957 0.79137 -0.36613 0.48957 0.79137 -0.36613 0.48957 0.82632 -0.27842 0.48957 0.82632 -0.27842 0.48957 0.85158 -0.18745 0.48957 0.85158 -0.18745 0.48957 0.86685 -0.09428 0.48957 0.86685 -0.09428 0.48957 0.87196 -0 0.48957 0.86685 0.09428 0.48957 0.86685 0.09428 0.48957 0.85158 0.18745 0.48957 0.85158 0.18745 0.48957 0.82632 0.27842 0.48957 0.82632 0.27842 0.48957 0.79137 0.36613 0.48957 0.79137 0.36613 0.48957 0.74715 0.44954 0.48957 0.74715 0.44954 0.48957 0.69416 0.52769 0.48957 0.69416 0.52769 0.48957 0.63304 0.59965 0.48957 0.63304 0.59965 0.48957 0.5645 0.66458 0.48957 0.5645 0.66458 0.48957 0.48933 0.72171 0.48957 0.48933 0.72171 0.48957 0.40843 0.77039 0.48957 0.40843 0.77039 0.48957 0.32275 0.81003 0.48957 0.32275 0.81003 0.48957 0.23327 0.84018 0.48957 0.23327 0.84018 0.48957 0.14107 0.86048 0.48957 0.14107 0.86048 0.48957 0.04721 0.87068 0.48957 0.04721 0.87068 0.48957 -0.04721 0.87068 0.48957 -0.04721 0.87068 0.48957 -0.14107 0.86048 0.48957 -0.14107 0.86048 0.48957 -0.23327 0.84018 0.48957 -0.23327 0.84018 0.48957 -0.32275 0.81003 0.48957 -0.32275 0.81003 0.48957 -0.40843 0.77039 0.48957 -0.40843 0.77039 0.48957 -0.48933 0.72171 0.48957 -0.48933 0.72171 0.48957 -0.5645 0.66458 0.48957 -0.5645 0.66458 0.48957 -0.63304 0.59965 0.48957 -0.63304 0.59965 0.48957 -0.69416 0.52769 0.48957 -0.69416 0.52769 0.48957 -0.74715 0.44954 0.48957 -0.74715 0.44954 0.48957 -0.79137 0.36613 0.48957 -0.79137 0.36613 0.48957 -0.82632 0.27842 0.48957 -0.82632 0.27842 0.48957 -0.85158 0.18745 0.48957 -0.85158 0.18745 0.48957 -0.86685 0.09428 0.48957 -0.86685 0.09428 0.48957 -0.87196 -0 0.48957 -0.86685 -0.09428 0.48957 -0.86685 -0.09428 0.48957 -0.85158 -0.18745 0.48957 -0.85158 -0.18745 0.48957 -0.82632 -0.27842 0.48957 -0.82632 -0.27842 0.48957 -0.79137 -0.36613 0.48957 -0.79137 -0.36613 0.48957 -0.74715 -0.44954 0.48957 -0.74715 -0.44954 0.48957 -0.69416 -0.52769 0.48957 -0.69416 -0.52769 0.48957 -0.63304 -0.59965 0.48957 -0.63304 -0.59965 0.48957 -0.5645 -0.66458 0.48957 -0.5645 -0.66458 0.48957 -0.48933 -0.72171 0.48957 -0.48933 -0.72171 0.48957 -0.40843 -0.77039 0.48957 -0.40843 -0.77039 0.48957 -0.32275 -0.81003 0.48957 -0.32275 -0.81003 0.48957 -0.23327 -0.84018 0.48957 -0.23327 -0.84018 0.48957 -0.14107 -0.86048 0.48957 -0.14107 -0.86048 0.48957 -0.04721 -0.87068 0.43461 -0.04876 -0.8993 0.43461 0.04876 -0.8993 0.43461 0.04876 -0.8993 0.43461 0.1457 -0.88875 0.43461 0.1457 -0.88875 0.43461 0.24094 -0.86779 0.43461 0.24094 -0.86779 0.43461 0.33335 -0.83665 0.43461 0.33335 -0.83665 0.43461 0.42186 -0.79571 0.43461 0.42186 -0.79571 0.43461 0.50542 -0.74543 0.43461 0.50542 -0.74543 0.43461 0.58305 -0.68642 0.43461 0.58305 -0.68642 0.43461 0.65384 -0.61936 0.43461 0.65384 -0.61935 0.43461 0.71698 -0.54503 0.43461 0.71698 -0.54503 0.43461 0.7717 -0.46432 0.43461 0.7717 -0.46432 0.43461 0.81738 -0.37816 0.43461 0.81738 -0.37816 0.43461 0.85347 -0.28757 0.43461 0.85347 -0.28757 0.43461 0.87956 -0.19361 0.43461 0.87956 -0.19361 0.43461 0.89534 -0.09737 0.43461 0.89534 -0.09737 0.43461 0.90062 -0 0.43461 0.89534 0.09737 0.43461 0.89534 0.09737 0.43461 0.87956 0.19361 0.43461 0.87956 0.19361 0.43461 0.85347 0.28757 0.43461 0.85347 0.28757 0.43461 0.81738 0.37816 0.43461 0.81738 0.37816 0.43461 0.7717 0.46432 0.43461 0.7717 0.46432 0.43461 0.71698 0.54503 0.43461 0.71698 0.54503 0.43461 0.65384 0.61936 0.43461 0.65384 0.61935 0.43461 0.58305 0.68642 0.43461 0.58305 0.68642 0.43461 0.50542 0.74543 0.43461 0.50542 0.74543 0.43461 0.42186 0.79571 0.43461 0.42186 0.79571 0.43461 0.33335 0.83665 0.43461 0.33335 0.83665 0.43461 0.24094 0.86779 0.43461 0.24094 0.86779 0.43461 0.1457 0.88875 0.43461 0.1457 0.88875 0.43461 0.04876 0.8993 0.43461 0.04876 0.8993 0.43461 -0.04876 0.8993 0.43461 -0.04876 0.8993 0.43461 -0.1457 0.88875 0.43461 -0.1457 0.88875 0.43461 -0.24094 0.86779 0.43461 -0.24094 0.86779 0.43461 -0.33335 0.83665 0.43461 -0.33335 0.83665 0.43461 -0.42186 0.79571 0.43461 -0.42186 0.79571 0.43461 -0.50542 0.74543 0.43461 -0.50542 0.74543 0.43461 -0.58305 0.68642 0.43461 -0.58305 0.68642 0.43461 -0.65384 0.61936 0.43461 -0.65384 0.61935 0.43461 -0.71698 0.54503 0.43461 -0.71698 0.54503 0.43461 -0.7717 0.46432 0.43461 -0.7717 0.46432 0.43461 -0.81738 0.37816 0.43461 -0.81738 0.37816 0.43461 -0.85347 0.28757 0.43461 -0.85347 0.28757 0.43461 -0.87956 0.19361 0.43461 -0.87956 0.19361 0.43461 -0.89534 0.09737 0.43461 -0.89534 0.09737 0.43461 -0.90062 -0 0.43461 -0.89534 -0.09737 0.43461 -0.89534 -0.09737 0.43461 -0.87956 -0.19361 0.43461 -0.87956 -0.19361 0.43461 -0.85347 -0.28757 0.43461 -0.85347 -0.28757 0.43461 -0.81738 -0.37816 0.43461 -0.81738 -0.37816 0.43461 -0.7717 -0.46432 0.43461 -0.7717 -0.46432 0.43461 -0.71698 -0.54503 0.43461 -0.71698 -0.54503 0.43461 -0.65384 -0.61936 0.43461 -0.65384 -0.61935 0.43461 -0.58305 -0.68642 0.43461 -0.58305 -0.68642 0.43461 -0.50542 -0.74543 0.43461 -0.50542 -0.74543 0.43461 -0.42186 -0.79571 0.43461 -0.42186 -0.79571 0.43461 -0.33335 -0.83665 0.43461 -0.33335 -0.83665 0.43461 -0.24094 -0.86779 0.43461 -0.24094 -0.86779 0.43461 -0.1457 -0.88875 0.43461 -0.1457 -0.88875 0.43461 -0.04876 -0.8993 0.38818 -0.04989 -0.92023 0.38818 0.04989 -0.92023 0.38818 0.04989 -0.92023 0.38818 0.1491 -0.90944 0.38818 0.1491 -0.90944 0.38818 0.24655 -0.88799 0.38818 0.24655 -0.88799 0.38818 0.34111 -0.85613 0.38818 0.34111 -0.85613 0.38818 0.43168 -0.81423 0.38818 0.43168 -0.81423 0.38818 0.51718 -0.76279 0.38818 0.51718 -0.76279 0.38818 0.59662 -0.7024 0.38818 0.59662 -0.7024 0.38818 0.66907 -0.63377 0.38818 0.66907 -0.63377 0.38818 0.73367 -0.55772 0.38818 0.73367 -0.55772 0.38818 0.78967 -0.47513 0.38818 0.78967 -0.47513 0.38818 0.83641 -0.38696 0.38818 0.83641 -0.38696 0.38818 0.87334 -0.29426 0.38818 0.87334 -0.29426 0.38818 0.90004 -0.19811 0.38818 0.90004 -0.19811 0.38818 0.91618 -0.09964 0.38818 0.91618 -0.09964 0.38818 0.92158 -0 0.38818 0.91618 0.09964 0.38818 0.91618 0.09964 0.38818 0.90004 0.19811 0.38818 0.90004 0.19811 0.38818 0.87334 0.29426 0.38818 0.87334 0.29426 0.38818 0.83641 0.38696 0.38818 0.83641 0.38696 0.38818 0.78967 0.47513 0.38818 0.78967 0.47513 0.38818 0.73367 0.55772 0.38818 0.73367 0.55772 0.38818 0.66907 0.63377 0.38818 0.66907 0.63377 0.38818 0.59662 0.7024 0.38818 0.59662 0.7024 0.38818 0.51718 0.76279 0.38818 0.51718 0.76279 0.38818 0.43168 0.81423 0.38818 0.43168 0.81423 0.38818 0.34111 0.85613 0.38818 0.34111 0.85613 0.38818 0.24655 0.88799 0.38818 0.24655 0.88799 0.38818 0.1491 0.90944 0.38818 0.1491 0.90944 0.38818 0.04989 0.92023 0.38818 0.04989 0.92023 0.38818 -0.04989 0.92023 0.38818 -0.04989 0.92023 0.38818 -0.1491 0.90944 0.38818 -0.1491 0.90944 0.38818 -0.24655 0.88799 0.38818 -0.24655 0.88799 0.38818 -0.34111 0.85613 0.38818 -0.34111 0.85613 0.38818 -0.43168 0.81423 0.38818 -0.43168 0.81423 0.38818 -0.51718 0.76279 0.38818 -0.51718 0.76279 0.38818 -0.59662 0.7024 0.38818 -0.59662 0.7024 0.38818 -0.66907 0.63377 0.38818 -0.66907 0.63377 0.38818 -0.73367 0.55772 0.38818 -0.73367 0.55772 0.38818 -0.78967 0.47513 0.38818 -0.78967 0.47513 0.38818 -0.83641 0.38696 0.38818 -0.83641 0.38696 0.38818 -0.87334 0.29426 0.38818 -0.87334 0.29426 0.38818 -0.90004 0.19811 0.38818 -0.90004 0.19811 0.38818 -0.91618 0.09964 0.38818 -0.91618 0.09964 0.38818 -0.92158 -0 0.38818 -0.91618 -0.09964 0.38818 -0.91618 -0.09964 0.38818 -0.90004 -0.19811 0.38818 -0.90004 -0.19811 0.38818 -0.87334 -0.29426 0.38818 -0.87334 -0.29426 0.38818 -0.83641 -0.38696 0.38818 -0.83641 -0.38696 0.38818 -0.78967 -0.47513 0.38818 -0.78967 -0.47513 0.38818 -0.73367 -0.55772 0.38818 -0.73367 -0.55772 0.38818 -0.66907 -0.63377 0.38818 -0.66907 -0.63377 0.38818 -0.59662 -0.7024 0.38818 -0.59662 -0.7024 0.38818 -0.51718 -0.76279 0.38818 -0.51718 -0.76279 0.38818 -0.43168 -0.81423 0.38818 -0.43168 -0.81423 0.38818 -0.34111 -0.85613 0.38818 -0.34111 -0.85613 0.38818 -0.24655 -0.88799 0.38818 -0.24655 -0.88799 0.38818 -0.1491 -0.90944 0.38818 -0.1491 -0.90944 0.38818 -0.04989 -0.92023 0.34799 -0.05075 -0.93612 0.34799 0.05075 -0.93612 0.34799 0.05075 -0.93612 0.34799 0.15167 -0.92515 0.34799 0.15167 -0.92515 0.34799 0.25081 -0.90333 0.34799 0.25081 -0.90333 0.34799 0.347 -0.87091 0.34799 0.347 -0.87091 0.34799 0.43913 -0.82829 0.34799 0.43913 -0.82829 0.34799 0.52611 -0.77596 0.34799 0.52611 -0.77596 0.34799 0.60692 -0.71453 0.34799 0.60692 -0.71453 0.34799 0.68062 -0.64472 0.34799 0.68062 -0.64472 0.34799 0.74634 -0.56735 0.34799 0.74634 -0.56735 0.34799 0.8033 -0.48333 0.34799 0.8033 -0.48333 0.34799 0.85085 -0.39365 0.34799 0.85085 -0.39365 0.34799 0.88842 -0.29934 0.34799 0.88842 -0.29934 0.34799 0.91558 -0.20153 0.34799 0.91558 -0.20153 0.34799 0.932 -0.10136 0.34799 0.932 -0.10136 0.34799 0.9375 -0 0.34799 0.932 0.10136 0.34799 0.932 0.10136 0.34799 0.91558 0.20153 0.34799 0.91558 0.20153 0.34799 0.88842 0.29934 0.34799 0.88842 0.29934 0.34799 0.85085 0.39365 0.34799 0.85085 0.39365 0.34799 0.8033 0.48333 0.34799 0.8033 0.48333 0.34799 0.74634 0.56735 0.34799 0.74634 0.56735 0.34799 0.68062 0.64472 0.34799 0.68062 0.64472 0.34799 0.60692 0.71453 0.34799 0.60692 0.71453 0.34799 0.52611 0.77596 0.34799 0.52611 0.77596 0.34799 0.43913 0.82829 0.34799 0.43913 0.82829 0.34799 0.347 0.87091 0.34799 0.347 0.87091 0.34799 0.25081 0.90333 0.34799 0.25081 0.90333 0.34799 0.15167 0.92515 0.34799 0.15167 0.92515 0.34799 0.05075 0.93612 0.34799 0.05075 0.93612 0.34799 -0.05075 0.93612 0.34799 -0.05075 0.93612 0.34799 -0.15167 0.92515 0.34799 -0.15167 0.92515 0.34799 -0.25081 0.90333 0.34799 -0.25081 0.90333 0.34799 -0.347 0.87091 0.34799 -0.347 0.87091 0.34799 -0.43913 0.82829 0.34799 -0.43913 0.82829 0.34799 -0.52611 0.77596 0.34799 -0.52611 0.77596 0.34799 -0.60692 0.71453 0.34799 -0.60692 0.71453 0.34799 -0.68062 0.64472 0.34799 -0.68062 0.64472 0.34799 -0.74634 0.56735 0.34799 -0.74634 0.56735 0.34799 -0.8033 0.48333 0.34799 -0.8033 0.48333 0.34799 -0.85085 0.39365 0.34799 -0.85085 0.39365 0.34799 -0.88842 0.29934 0.34799 -0.88842 0.29934 0.34799 -0.91558 0.20153 0.34799 -0.91558 0.20153 0.34799 -0.932 0.10136 0.34799 -0.932 0.10136 0.34799 -0.9375 -0 0.34799 -0.932 -0.10136 0.34799 -0.932 -0.10136 0.34799 -0.91558 -0.20153 0.34799 -0.91558 -0.20153 0.34799 -0.88842 -0.29934 0.34799 -0.88842 -0.29934 0.34799 -0.85085 -0.39365 0.34799 -0.85085 -0.39365 0.34799 -0.8033 -0.48333 0.34799 -0.8033 -0.48333 0.34799 -0.74634 -0.56735 0.34799 -0.74634 -0.56735 0.34799 -0.68062 -0.64472 0.34799 -0.68062 -0.64472 0.34799 -0.60692 -0.71453 0.34799 -0.60692 -0.71453 0.34799 -0.52611 -0.77596 0.34799 -0.52611 -0.77596 0.34799 -0.43913 -0.82829 0.34799 -0.43913 -0.82829 0.34799 -0.347 -0.87091 0.34799 -0.347 -0.87091 0.34799 -0.25081 -0.90333 0.34799 -0.25081 -0.90333 0.34799 -0.15167 -0.92515 0.34799 -0.15167 -0.92515 0.34799 -0.05075 -0.93612 0.31361 0.87931 0.35842 0.3132 0.86191 0.39876 0.3132 0.86191 0.39876 0.3132 0.81375 0.48961 0.3132 0.81375 0.48962 0.3132 0.75604 0.57473 0.3132 0.68947 0.6531 0.3132 0.68947 0.6531 0.3132 0.61481 0.72382 0.3132 0.61481 0.72382 0.3132 0.53295 0.78605 0.3132 0.53295 0.78605 0.3132 0.44484 0.83906 0.3132 0.44484 0.83906 0.3132 0.35152 0.88224 0.3132 0.35151 0.88224 0.3132 0.25407 0.91507 0.3132 0.25407 0.91507 0.3132 0.15364 0.93718 0.3132 0.15364 0.93718 0.3132 0.05142 0.94829 0.3132 0.05141 0.94829 0.3132 -0.05142 0.94829 0.3132 -0.05141 0.94829 0.3132 -0.15364 0.93718 0.3132 -0.15364 0.93718 0.3132 -0.25407 0.91507 0.3132 -0.25407 0.91507 0.3132 -0.35152 0.88224 0.3132 -0.35151 0.88224 0.3132 -0.44484 0.83906 0.3132 -0.44484 0.83906 0.3132 -0.53295 0.78605 0.3132 -0.53295 0.78605 0.3132 -0.61481 0.72382 0.3132 -0.61481 0.72382 0.3132 -0.68947 0.6531 0.3132 -0.68947 0.6531 0.3132 -0.75604 0.57473 0.3132 -0.81375 0.48961 0.3132 -0.81375 0.48962 0.3132 -0.86191 0.39876 0.3132 -0.86191 0.39876 0.31361 -0.87931 0.35842 0.33642 -0.89379 0.29658 0.31361 -0.87931 -0.35842 0.3132 -0.86191 -0.39876 0.3132 -0.86191 -0.39876 0.3132 -0.81375 -0.48961 0.3132 -0.81375 -0.48962 0.3132 -0.75604 -0.57473 0.3132 -0.68947 -0.6531 0.3132 -0.68947 -0.6531 0.3132 -0.61481 -0.72382 0.3132 -0.61481 -0.72382 0.3132 -0.53295 -0.78605 0.3132 -0.53295 -0.78605 0.3132 -0.44484 -0.83906 0.3132 -0.44484 -0.83906 0.3132 -0.35152 -0.88224 0.3132 -0.35151 -0.88224 0.3132 -0.25407 -0.91507 0.3132 -0.25407 -0.91507 0.3132 -0.15364 -0.93718 0.3132 -0.15364 -0.93718 0.3132 -0.05142 -0.94829 0.3132 -0.05141 -0.94829 0.3132 0.05142 -0.94829 0.3132 0.05141 -0.94829 0.3132 0.15364 -0.93718 0.3132 0.15364 -0.93718 0.3132 0.25407 -0.91507 0.3132 0.25407 -0.91507 0.3132 0.35152 -0.88224 0.3132 0.35151 -0.88224 0.3132 0.44484 -0.83906 0.3132 0.44484 -0.83906 0.3132 0.53295 -0.78605 0.3132 0.53295 -0.78605 0.3132 0.61481 -0.72382 0.3132 0.61481 -0.72382 0.3132 0.68947 -0.6531 0.3132 0.68947 -0.6531 0.3132 0.75604 -0.57473 0.3132 0.81375 -0.48961 0.3132 0.81375 -0.48962 0.3132 0.86191 -0.39876 0.3132 0.86191 -0.39876 0.31361 0.87931 -0.35842 0.33642 0.89379 -0.29658 0.32417 0.87551 0.35832 0.28795 0.86226 0.41665 0.28774 0.82062 0.49375 0.28774 0.82062 0.49375 0.28774 0.76242 0.57958 0.28774 0.76242 0.57958 0.28774 0.69529 0.65861 0.28774 0.69529 0.65861 0.28774 0.62001 0.72993 0.28774 0.53745 0.79268 0.28774 0.53745 0.79268 0.28774 0.4486 0.84615 0.28774 0.4486 0.84615 0.28774 0.35448 0.88969 0.28774 0.35448 0.88969 0.28774 0.25621 0.9228 0.28774 0.25621 0.9228 0.28774 0.15494 0.94509 0.28774 0.15494 0.94509 0.28774 0.05185 0.9563 0.28774 0.05185 0.9563 0.28774 -0.05185 0.9563 0.28774 -0.05185 0.9563 0.28774 -0.15494 0.94509 0.28774 -0.15494 0.94509 0.28774 -0.25621 0.9228 0.28774 -0.25621 0.9228 0.28774 -0.35448 0.88969 0.28774 -0.35448 0.88969 0.28774 -0.4486 0.84615 0.28774 -0.4486 0.84615 0.28774 -0.53745 0.79268 0.28774 -0.53745 0.79268 0.28774 -0.62001 0.72993 0.28774 -0.69529 0.65861 0.28774 -0.69529 0.65861 0.28774 -0.76242 0.57958 0.28774 -0.76242 0.57958 0.28774 -0.82062 0.49375 0.28774 -0.82062 0.49375 0.28778 -0.86823 0.40418 0.32417 -0.87551 -0.35832 0.28795 -0.86226 -0.41665 0.28774 -0.82062 -0.49375 0.28774 -0.82062 -0.49375 0.28774 -0.76242 -0.57958 0.28774 -0.76242 -0.57958 0.28774 -0.69529 -0.65861 0.28774 -0.69529 -0.65861 0.28774 -0.62001 -0.72993 0.28774 -0.53745 -0.79268 0.28774 -0.53745 -0.79268 0.28774 -0.4486 -0.84615 0.28774 -0.4486 -0.84615 0.28774 -0.35448 -0.88969 0.28774 -0.35448 -0.88969 0.28774 -0.25621 -0.9228 0.28774 -0.25621 -0.9228 0.28774 -0.15494 -0.94509 0.28774 -0.15494 -0.94509 0.28774 -0.05185 -0.9563 0.28774 -0.05185 -0.9563 0.28774 0.05185 -0.9563 0.28774 0.05185 -0.9563 0.28774 0.15494 -0.94509 0.28774 0.15494 -0.94509 0.28774 0.25621 -0.9228 0.28774 0.25621 -0.9228 0.28774 0.35448 -0.88969 0.28774 0.35448 -0.88969 0.28774 0.4486 -0.84615 0.28774 0.4486 -0.84615 0.28774 0.53745 -0.79268 0.28774 0.53745 -0.79268 0.28774 0.62001 -0.72993 0.28774 0.69529 -0.65861 0.28774 0.69529 -0.65861 0.28774 0.76242 -0.57958 0.28774 0.76242 -0.57958 0.28774 0.82062 -0.49375 0.28774 0.82062 -0.49375 0.28778 0.86823 -0.40418 -1 -0 0 -1 -0 0 -1 -0 0 -1 -0 0 -1 -0 0 -1 -0 0 -1 -0 0 -1 -0 0 -1 -0 0 -1 -0 0 -1 -0 0 -1 -0 0 -1 -0 0 -1 -0 0 -1 -0 0 -1 -0 0 -1 -0 0 -1 -0 0 -1 -0 0 -1 -0 0 -1 -0 0 -1 -0 0 -1 0 0 -1 0 0 -1 0 0 -1 0 0 -1 0 0 -1 0 0 -1 0 0 -1 0 0 -1 0 0 -1 0 0 -1 0 0 -1 0 0 -1 0 0 -1 0 0 -1 0 0 -1 0 0 -1 0 0 -1 0 0 -1 0 0 -1 0 0 -1 0 0 -1 0 0 0.00147 -0.3193 -0.94765 0.00147 -0.51555 -0.85686 -0 -0.46841 -0.88351 0 -0.37014 -0.92898 0.00147 -0.6877 -0.72599 -0 -0.64739 -0.76216 0 -0.56119 -0.82769 0.00147 -0.82769 -0.56119 -0 -0.79609 -0.60517 0 -0.726 -0.6877 0.00147 -0.92898 -0.37014 -0 -0.90758 -0.41989 0 -0.85686 -0.51555 0.00147 -0.98683 -0.16178 -0 -0.97662 -0.21497 0 -0.94765 -0.3193 0.00147 -0.99853 0.05414 0 -0.99414 -0.10812 0.00147 -0.96355 0.26753 -0 -0.97662 0.21497 0 -0.99414 0.10812 0.00147 -0.88351 0.46841 -0 -0.90758 0.41989 0 -0.94765 0.3193 0.00147 -0.6877 0.72599 -0 -0.726 0.6877 0 -0.79609 0.60517 0 -0.85686 0.51555 0.00147 -0.51555 0.85686 -0 -0.56119 0.82769 0 -0.64739 0.76216 0.00147 -0.3193 0.94765 -0 -0.37014 0.92898 0 -0.46841 0.88351 0.00147 -0.10812 0.99414 -0 -0.16178 0.98683 0.00147 0.10812 0.99414 0 0.05414 0.99853 -0 -0.05414 0.99853 0.00147 0.3193 0.94765 -0 0.16178 0.98683 0.00147 0.51555 0.85686 -0 0.46841 0.88351 -0 0.37014 0.92898 0.00147 0.6877 0.72599 -0 0.64739 0.76216 -0 0.56119 0.82769 0.00147 0.92898 0.37014 -0 0.90758 0.41989 -0 0.85686 0.51555 -0 0.79609 0.60517 -0 0.726 0.6877 0.00147 0.98683 0.16178 -0 0.97662 0.21497 -0 0.94765 0.3193 0.00147 0.99853 -0.05414 -0 0.99414 0.10812 0.00147 0.96355 -0.26753 -0 0.97662 -0.21497 0 0.99414 -0.10812 0.00147 0.88351 -0.46841 -0 0.90758 -0.41989 0 0.94765 -0.3193 0.00147 0.76216 -0.64739 -0 0.79609 -0.60517 0 0.85686 -0.51555 0.00147 0.60517 -0.79609 -0 0.64739 -0.76216 0 0.726 -0.6877 0.00147 0.41989 -0.90757 -0 0.46841 -0.88351 0 0.56119 -0.82769 0.00147 0.21497 -0.97662 0 0.37014 -0.92898 -0 -0.16178 -0.98683 0.00147 -0.10812 -0.99414 0 -0.05414 -0.99853 -0 0.05414 -0.99853 -0 0.05414 -0.99853 0 0.16178 -0.98683 -0.27606 0.8588 -0.43157 -0.28141 0.85857 -0.42857 -0.28132 0.8119 -0.51154 -0.28132 0.8119 -0.51154 -0.28132 0.75312 -0.59469 -0.28132 0.75312 -0.5947 -0.28132 0.68587 -0.67115 -0.28132 0.68587 -0.67115 -0.28132 0.61089 -0.74005 -0.28132 0.61089 -0.74005 -0.28132 0.52903 -0.80062 -0.28132 0.52903 -0.80062 -0.28132 0.44121 -0.85217 -0.28132 0.44121 -0.85217 -0.28132 0.34842 -0.89413 -0.28132 0.34842 -0.89413 -0.28132 0.25171 -0.92601 -0.28132 0.25171 -0.92601 -0.28132 0.15217 -0.94747 -0.28132 0.15217 -0.94747 -0.28132 0.05092 -0.95826 -0.28132 0.05091 -0.95826 -0.28132 -0.05092 -0.95826 -0.28132 -0.05091 -0.95826 -0.28132 -0.15217 -0.94747 -0.28132 -0.15217 -0.94747 -0.28132 -0.25171 -0.92601 -0.28132 -0.25171 -0.92601 -0.28132 -0.34842 -0.89413 -0.28132 -0.34842 -0.89413 -0.28132 -0.44121 -0.85217 -0.28132 -0.44121 -0.85217 -0.28132 -0.52903 -0.80062 -0.28132 -0.52903 -0.80062 -0.28132 -0.61089 -0.74005 -0.28132 -0.61089 -0.74005 -0.28132 -0.68587 -0.67115 -0.28132 -0.68587 -0.67115 -0.28132 -0.75313 -0.5947 -0.28132 -0.75312 -0.5947 -0.28132 -0.8119 -0.51154 -0.28132 -0.8119 -0.51154 -0.28141 -0.85857 -0.42857 -0.27923 0.85679 -0.43352 -0.28438 0.85663 -0.43048 -0.28426 0.81117 -0.51108 -0.28426 0.81117 -0.51108 -0.28426 0.75244 -0.59416 -0.28426 0.75244 -0.59416 -0.28426 0.68525 -0.67055 -0.28426 0.68525 -0.67055 -0.28426 0.61033 -0.73938 -0.28426 0.61033 -0.73938 -0.28426 0.52855 -0.79989 -0.28426 0.52855 -0.7999 -0.28426 0.44081 -0.8514 -0.28426 0.44081 -0.8514 -0.28426 0.34811 -0.89332 -0.28426 0.34811 -0.89332 -0.28426 0.25149 -0.92518 -0.28426 0.25149 -0.92518 -0.28426 0.15203 -0.94662 -0.28426 0.15203 -0.94661 -0.28426 0.05087 -0.9574 -0.28426 0.05087 -0.9574 -0.28426 -0.05087 -0.9574 -0.28426 -0.05087 -0.9574 -0.28426 -0.15203 -0.94662 -0.28426 -0.15203 -0.94662 -0.28426 -0.25149 -0.92518 -0.28426 -0.25149 -0.92518 -0.28426 -0.34811 -0.89332 -0.28426 -0.34811 -0.89332 -0.28426 -0.44081 -0.8514 -0.28426 -0.44081 -0.8514 -0.28426 -0.52855 -0.79989 -0.28426 -0.52855 -0.79989 -0.28426 -0.61033 -0.73938 -0.28426 -0.61033 -0.73938 -0.28426 -0.68525 -0.67055 -0.28426 -0.68525 -0.67055 -0.28426 -0.75244 -0.59416 -0.28426 -0.75244 -0.59416 -0.28426 -0.81117 -0.51108 -0.28426 -0.81117 -0.51108 -0.28441 -0.85543 -0.43283 -0.27793 -0.85872 -0.43052 -1 0 -0 -1 0 -0 -1 0 -0 -1 0 -0 -1 0 -0 -1 0 -0 -1 0 -0 -1 0 -0 -1 0 -0 -1 0 -0 -1 0 -0 -1 0 -0 -1 0 -0 -1 0 -0 -1 0 -0 -1 0 -0 -1 0 -0 -1 0 -0 -1 0 -0 -1 0 -0 -1 0 -0 -1 0 -0 -1 -0 -0 -1 -0 -0 -1 -0 -0 -1 -0 -0 -1 -0 -0 -1 -0 -0 -1 -0 -0 -1 -0 -0 -1 -0 -0 -1 -0 -0 -1 -0 -0 -1 -0 -0 -1 -0 -0 -1 -0 -0 -1 -0 -0 -1 -0 -0 -1 -0 -0 -1 -0 -0 -1 -0 -0 -1 -0 -0 -1 -0 0 -1 -0 -0 0.65551 -0.12218 0.74524 0.65551 -0.12218 0.74524 0.65551 -0.20203 0.72766 0.65551 -0.20203 0.72766 0.65551 -0.27952 0.70155 0.65551 -0.27952 0.70155 0.65551 -0.35374 0.66722 0.65551 -0.35374 0.66722 0.65551 -0.4238 0.62506 0.65551 -0.4238 0.62506 0.65551 -0.4889 0.57557 0.65551 -0.4889 0.57557 0.65551 -0.54826 0.51934 0.65551 -0.54826 0.51934 0.65551 -0.6012 0.45702 0.65551 -0.6012 0.45702 0.65551 -0.64709 0.38934 0.65551 -0.64709 0.38934 0.65551 -0.68539 0.31709 0.65551 -0.68539 0.31709 0.65551 -0.71565 0.24113 0.65551 -0.71565 0.24113 0.65551 -0.73753 0.16234 0.65551 -0.73753 0.16234 0.65551 -0.75076 0.08165 0.65551 -0.75076 0.08165 0.65551 -0.75519 0 0.65551 -0.75076 -0.08165 0.65551 -0.75076 -0.08165 0.65551 -0.73753 -0.16234 0.65551 -0.73753 -0.16234 0.65551 -0.71565 -0.24113 0.65551 -0.71565 -0.24113 0.65551 -0.68539 -0.31709 0.65551 -0.68539 -0.31709 0.65551 -0.64709 -0.38934 0.65551 -0.64709 -0.38934 0.65551 -0.6012 -0.45702 0.65551 -0.6012 -0.45702 0.65551 -0.54826 -0.51934 0.65551 -0.54826 -0.51934 0.65551 -0.4889 -0.57557 0.65551 -0.4889 -0.57557 0.65551 -0.4238 -0.62506 0.65551 -0.4238 -0.62506 0.65551 -0.35374 -0.66722 0.65551 -0.35374 -0.66722 0.65551 -0.27952 -0.70155 0.65551 -0.27952 -0.70155 0.65551 -0.20203 -0.72766 0.65551 -0.20203 -0.72766 0.65551 -0.12218 -0.74524 0.65551 -0.12218 -0.74524 0.65551 -0.04089 -0.75408 0.65551 -0.04088 -0.75408 0.65551 0.04089 -0.75408 0.65551 0.04088 -0.75408 0.65551 0.12218 -0.74524 0.65551 0.12218 -0.74524 0.65551 0.20203 -0.72766 0.65551 0.20203 -0.72766 0.65551 0.27952 -0.70155 0.65551 0.27952 -0.70155 0.65551 0.35374 -0.66722 0.65551 0.35374 -0.66722 0.65551 0.4238 -0.62506 0.65551 0.4238 -0.62506 0.65551 0.4889 -0.57557 0.65551 0.4889 -0.57557 0.65551 0.54826 -0.51934 0.65551 0.54826 -0.51934 0.65551 0.6012 -0.45702 0.65551 0.6012 -0.45702 0.65551 0.64709 -0.38934 0.65551 0.64709 -0.38934 0.65551 0.68539 -0.31709 0.65551 0.68539 -0.31709 0.65551 0.71565 -0.24113 0.65551 0.71565 -0.24113 0.65551 0.73753 -0.16234 0.65551 0.73753 -0.16234 0.65551 0.75076 -0.08165 0.65551 0.75076 -0.08165 0.65551 0.75519 0 0.65551 0.75076 0.08165 0.65551 0.75076 0.08165 0.65551 0.73753 0.16234 0.65551 0.73753 0.16234 0.65551 0.71565 0.24113 0.65551 0.71565 0.24113 0.65551 0.68539 0.31709 0.65551 0.68539 0.31709 0.65551 0.64709 0.38934 0.65551 0.64709 0.38934 0.65551 0.6012 0.45702 0.65551 0.6012 0.45702 0.65551 0.54826 0.51934 0.65551 0.54826 0.51934 0.65551 0.4889 0.57557 0.65551 0.4889 0.57557 0.65551 0.4238 0.62506 0.65551 0.4238 0.62506 0.65551 0.35374 0.66722 0.65551 0.35374 0.66722 0.65551 0.27952 0.70155 0.65551 0.27952 0.70155 0.65551 0.20203 0.72766 0.65551 0.20203 0.72766 0.65551 0.12218 0.74524 0.65551 0.12218 0.74524 0.65551 0.04089 0.75408 0.65551 0.04088 0.75408 0.65551 -0.04089 0.75408 0.65551 -0.04088 0.75408</float_array>
          <technique_common>
            <accessor source="#norm_0-array" count="10317" stride="3">
              <param name="X" type="float"/>
              <param name="Y" type="float"/>
              <param name="Z" type="float"/>
            </accessor>
          </technique_common>
        </source>
        <vertices id="vert_0">
          <input semantic="POSITION" source="#pos_0"/>
        </vertices>
        <triangles count="3784" material="mat_0">
          <input semantic="VERTEX" source="#vert_0" offset="0"/>
          <input semantic="NORMAL" source="#norm_0" offset="1"/>
          <p>0 0 1 0 2 0 1 0 3 0 2 0 4 1 5 1 6 1 5 1 7 1 6 1 2 2 8 2 9 2 10 2 0 2 11 2 0 2 2 2 11 2 11 2 2 2 12 2 2 2 9 2 12 2 10 2 13 2 0 2 13 2 14 2 0 2 0 2 14 2 15 2 3 3 1 3 4 3 1 3 5 3 4 3 7 2 16 2 17 2 18 2 6 2 19 2 6 2 20 2 19 2 17 2 21 2 7 2 21 2 22 2 7 2 7 2 22 2 6 2 22 2 23 2 6 2 6 2 23 2 20 2 8 4 2 4 3 4 6 4 18 4 4 4 18 4 24 4 4 4 4 4 24 4 3 4 24 4 25 4 3 4 3 4 25 4 8 4 26 2 27 2 28 2 25 2 24 2 29 2 24 2 28 2 29 2 30 2 31 2 32 2 33 2 34 2 35 2 34 2 32 2 35 2 35 2 32 2 36 2 32 2 31 2 36 2 27 2 37 2 28 2 37 2 38 2 28 2 28 2 38 2 29 2 26 2 28 2 32 2 28 2 39 2 32 2 32 2 39 2 30 2 40 3 41 3 42 3 40 3 43 3 41 3 43 3 44 3 41 3 41 3 44 3 45 3 44 3 46 3 45 3 45 3 46 3 47 3 48 3 49 3 50 3 48 3 51 3 49 3 51 3 52 3 49 3 49 3 52 3 42 3 52 3 53 3 42 3 42 3 53 3 40 3 54 3 55 3 56 3 57 3 58 3 50 3 58 3 59 3 50 3 50 3 59 3 48 3 60 3 61 3 62 3 63 3 64 3 65 3 66 3 67 3 68 3 54 3 69 3 55 3 69 3 70 3 55 3 55 3 70 3 67 3 70 3 71 3 67 3 67 3 71 3 68 3 46 3 72 3 47 3 72 3 73 3 47 3 47 3 73 3 74 3 75 3 76 3 77 3 78 3 79 3 62 3 79 3 80 3 62 3 62 3 80 3 60 3 81 3 82 3 78 3 82 3 83 3 78 3 78 3 83 3 79 3 84 3 85 3 57 3 85 3 86 3 57 3 57 3 86 3 58 3 87 3 88 3 84 3 88 3 89 3 84 3 84 3 89 3 85 3 90 3 91 3 81 3 91 3 92 3 81 3 81 3 92 3 82 3 93 3 94 3 95 3 94 3 96 3 95 3 95 3 96 3 97 3 68 3 98 3 66 3 98 3 99 3 66 3 66 3 99 3 93 3 99 3 100 3 93 3 93 3 100 3 94 3 101 3 102 3 103 3 75 3 104 3 76 3 104 3 105 3 76 3 76 3 105 3 87 3 105 3 106 3 87 3 87 3 106 3 88 3 60 3 107 3 61 3 107 3 108 3 61 3 61 3 108 3 109 3 108 3 110 3 109 3 109 3 110 3 111 3 110 3 112 3 111 3 111 3 112 3 77 3 112 3 113 3 77 3 77 3 113 3 75 3 63 3 114 3 64 3 114 3 115 3 64 3 64 3 115 3 90 3 115 3 116 3 90 3 90 3 116 3 91 3 101 3 117 3 102 3 117 3 118 3 102 3 102 3 118 3 56 3 118 3 119 3 56 3 56 3 119 3 54 3 120 3 121 3 103 3 121 3 122 3 103 3 103 3 122 3 101 3 73 3 123 3 74 3 123 3 124 3 74 3 74 3 124 3 120 3 124 3 125 3 120 3 120 3 125 3 121 3 96 3 126 3 97 3 126 3 127 3 97 3 97 3 127 3 65 3 127 3 128 3 65 3 65 3 128 3 63 3 129 5 130 5 131 5 130 5 132 5 131 5 131 5 132 5 133 5 132 5 134 5 133 5 135 4 136 4 137 4 138 4 139 4 140 4 139 4 135 4 140 4 140 4 135 4 141 4 135 4 137 4 141 4 142 5 143 5 144 5 143 5 145 5 144 5 144 5 145 5 146 5 145 5 147 5 146 5 146 5 147 5 148 5 134 3 132 3 149 3 132 3 150 3 149 3 149 3 150 3 142 3 150 3 143 3 142 3 151 3 152 3 153 3 152 3 154 3 153 3 153 3 154 3 139 3 154 3 135 3 139 3 152 4 151 4 155 4 151 4 156 4 155 4 155 4 156 4 157 4 157 4 156 4 158 4 156 4 159 4 158 4 158 4 159 4 160 4 161 4 162 4 163 4 162 4 164 4 163 4 163 4 164 4 165 4 164 4 166 4 165 4 165 4 166 4 167 4 168 3 169 3 170 3 169 3 171 3 170 3 170 3 171 3 161 3 171 3 162 3 161 3 172 4 173 4 174 4 173 4 169 4 174 4 174 4 169 4 175 4 169 4 168 4 175 4 137 6 136 6 176 6 136 7 177 7 176 7 176 8 177 8 178 8 177 9 179 9 178 9 178 10 179 10 180 10 179 11 181 11 180 11 180 12 181 12 182 12 181 13 183 13 182 13 182 14 183 14 184 14 183 15 185 15 184 15 184 16 185 16 186 16 185 17 187 17 186 17 186 18 187 18 188 18 187 19 189 19 188 19 188 20 189 20 190 20 189 21 191 21 190 21 190 22 191 22 192 22 191 23 193 23 192 23 192 24 193 24 194 24 193 25 195 25 194 25 194 26 195 26 196 26 195 27 197 27 196 27 196 28 197 28 198 28 197 29 199 29 198 29 198 30 199 30 200 30 199 31 201 31 200 31 200 32 201 32 202 32 201 33 203 33 202 33 202 34 203 34 204 34 203 35 205 35 204 35 204 36 205 36 206 36 205 37 207 37 206 37 206 38 207 38 208 38 207 39 209 39 208 39 208 40 209 40 210 40 209 41 211 41 210 41 210 42 211 42 212 42 211 43 213 43 212 43 212 44 213 44 214 44 213 45 215 45 214 45 214 46 215 46 216 46 215 47 217 47 216 47 216 48 217 48 172 48 217 49 173 49 172 49 218 50 219 50 220 50 219 51 221 51 220 51 220 52 221 52 222 52 221 53 223 53 222 53 222 54 223 54 224 54 223 55 225 55 224 55 224 56 225 56 226 56 225 57 227 57 226 57 226 58 227 58 228 58 227 59 229 59 228 59 228 60 229 60 230 60 229 61 231 61 230 61 230 62 231 62 232 62 231 63 233 63 232 63 232 64 233 64 234 64 233 65 235 65 234 65 234 66 235 66 236 66 235 67 237 67 236 67 236 68 237 68 238 68 237 69 239 69 238 69 238 70 239 70 240 70 239 71 241 71 240 71 240 72 241 72 242 72 241 73 243 73 242 73 242 74 243 74 244 74 243 75 245 75 244 75 244 76 245 76 246 76 245 77 247 77 246 77 246 78 247 78 248 78 247 79 249 79 248 79 248 80 249 80 250 80 249 81 251 81 250 81 250 82 251 82 252 82 251 83 253 83 252 83 252 84 253 84 254 84 253 85 255 85 254 85 254 86 255 86 256 86 255 87 257 87 256 87 256 88 257 88 258 88 257 89 259 89 258 89 258 90 259 90 260 90 259 91 261 91 260 91 260 92 261 92 133 92 261 93 131 93 133 93 34 3 15 3 262 3 15 3 158 3 262 3 262 3 158 3 160 3 263 94 218 94 220 94 139 95 138 95 264 95 265 96 266 96 153 96 267 97 268 97 262 97 151 98 153 98 156 98 153 99 266 99 156 99 156 100 266 100 159 100 266 101 265 101 159 101 159 102 265 102 160 102 262 103 268 103 34 103 268 104 269 104 34 104 34 105 269 105 32 105 269 106 270 106 32 106 32 107 270 107 26 107 270 108 271 108 26 108 26 109 271 109 27 109 271 110 272 110 27 110 27 110 272 110 37 110 272 111 273 111 37 111 37 112 273 112 38 112 273 113 274 113 38 113 38 114 274 114 29 114 29 115 274 115 25 115 274 116 275 116 25 116 25 117 275 117 276 117 276 118 275 118 148 118 275 119 277 119 148 119 148 120 277 120 146 120 278 121 134 121 279 121 134 122 149 122 279 122 279 123 149 123 142 123 280 124 281 124 282 124 283 125 284 125 285 125 286 126 282 126 287 126 282 127 281 127 287 127 287 128 281 128 288 128 281 129 280 129 288 129 288 130 280 130 289 130 285 131 284 131 24 131 284 132 290 132 24 132 24 133 290 133 28 133 290 134 291 134 28 134 28 135 291 135 39 135 291 136 292 136 39 136 39 137 292 137 30 137 292 138 293 138 30 138 30 138 293 138 31 138 293 139 294 139 31 139 31 140 294 140 36 140 294 141 295 141 36 141 36 142 295 142 35 142 35 143 295 143 33 143 295 144 296 144 33 144 33 145 296 145 297 145 297 146 296 146 167 146 296 147 298 147 167 147 167 148 298 148 165 148 299 149 168 149 300 149 168 150 170 150 300 150 300 151 170 151 161 151 153 152 139 152 265 152 139 153 264 153 265 153 265 154 264 154 301 154 264 155 302 155 301 155 301 156 302 156 303 156 302 156 304 156 303 156 303 157 304 157 305 157 304 158 306 158 305 158 305 159 306 159 307 159 306 160 308 160 307 160 307 161 308 161 309 161 308 162 310 162 309 162 309 163 310 163 311 163 310 164 312 164 311 164 311 165 312 165 313 165 312 166 314 166 313 166 313 167 314 167 315 167 314 168 316 168 315 168 315 169 316 169 317 169 316 170 318 170 317 170 317 171 318 171 319 171 318 172 320 172 319 172 319 173 320 173 321 173 320 174 322 174 321 174 321 175 322 175 323 175 322 176 324 176 323 176 323 177 324 177 325 177 324 178 326 178 325 178 325 179 326 179 327 179 326 180 328 180 327 180 327 181 328 181 329 181 328 182 330 182 329 182 329 183 330 183 331 183 330 184 332 184 331 184 331 185 332 185 333 185 332 186 334 186 333 186 333 187 334 187 335 187 334 188 336 188 335 188 335 189 336 189 337 189 336 189 338 189 337 189 337 190 338 190 299 190 338 191 339 191 299 191 299 192 339 192 168 192 339 193 175 193 168 193 282 194 263 194 280 194 263 195 220 195 280 195 280 196 220 196 340 196 220 197 222 197 340 197 340 198 222 198 341 198 222 198 224 198 341 198 341 199 224 199 342 199 224 200 226 200 342 200 342 201 226 201 343 201 226 202 228 202 343 202 343 203 228 203 344 203 228 204 230 204 344 204 344 205 230 205 345 205 230 206 232 206 345 206 345 207 232 207 346 207 232 208 234 208 346 208 346 209 234 209 347 209 234 210 236 210 347 210 347 211 236 211 348 211 236 212 238 212 348 212 348 213 238 213 349 213 238 214 240 214 349 214 349 215 240 215 350 215 240 216 242 216 350 216 350 217 242 217 351 217 242 218 244 218 351 218 351 219 244 219 352 219 244 220 246 220 352 220 352 221 246 221 353 221 246 222 248 222 353 222 353 223 248 223 354 223 248 224 250 224 354 224 354 225 250 225 355 225 250 226 252 226 355 226 355 227 252 227 356 227 252 228 254 228 356 228 356 229 254 229 357 229 254 230 256 230 357 230 357 231 256 231 358 231 256 231 258 231 358 231 358 232 258 232 278 232 258 233 260 233 278 233 278 234 260 234 134 234 260 235 133 235 134 235 161 236 163 236 300 236 163 237 165 237 300 237 300 238 165 238 299 238 165 239 298 239 299 239 299 240 298 240 337 240 298 241 359 241 337 241 337 242 359 242 335 242 359 243 360 243 335 243 335 244 360 244 333 244 360 245 361 245 333 245 333 246 361 246 331 246 361 247 362 247 331 247 331 248 362 248 329 248 362 249 363 249 329 249 329 250 363 250 327 250 363 251 364 251 327 251 327 252 364 252 325 252 364 252 365 252 325 252 325 253 365 253 323 253 365 254 366 254 323 254 323 255 366 255 321 255 366 256 367 256 321 256 321 257 367 257 319 257 367 258 368 258 319 258 319 259 368 259 317 259 368 260 369 260 317 260 317 261 369 261 315 261 369 262 370 262 315 262 315 263 370 263 313 263 370 264 371 264 313 264 313 265 371 265 311 265 371 265 372 265 311 265 311 266 372 266 309 266 372 267 373 267 309 267 309 268 373 268 307 268 373 269 374 269 307 269 307 270 374 270 305 270 374 271 375 271 305 271 305 272 375 272 303 272 375 273 376 273 303 273 303 274 376 274 301 274 376 275 377 275 301 275 301 276 377 276 265 276 377 277 267 277 265 277 265 278 267 278 160 278 267 279 262 279 160 279 142 280 144 280 279 280 144 281 146 281 279 281 279 282 146 282 278 282 146 283 277 283 278 283 278 284 277 284 358 284 277 285 378 285 358 285 358 286 378 286 357 286 378 287 379 287 357 287 357 288 379 288 356 288 379 289 380 289 356 289 356 290 380 290 355 290 380 291 381 291 355 291 355 292 381 292 354 292 381 293 382 293 354 293 354 294 382 294 353 294 382 295 383 295 353 295 353 296 383 296 352 296 383 296 384 296 352 296 352 297 384 297 351 297 384 298 385 298 351 298 351 299 385 299 350 299 385 300 386 300 350 300 350 301 386 301 349 301 386 302 387 302 349 302 349 303 387 303 348 303 387 304 388 304 348 304 348 305 388 305 347 305 388 306 389 306 347 306 347 307 389 307 346 307 389 308 390 308 346 308 346 309 390 309 345 309 390 309 391 309 345 309 345 310 391 310 344 310 391 311 392 311 344 311 344 312 392 312 343 312 392 313 393 313 343 313 343 314 393 314 342 314 393 315 394 315 342 315 342 316 394 316 341 316 394 317 395 317 341 317 341 318 395 318 340 318 395 319 396 319 340 319 340 320 396 320 280 320 396 321 283 321 280 321 280 322 283 322 289 322 283 323 285 323 289 323 387 324 397 324 388 324 397 325 398 325 388 325 388 326 398 326 389 326 398 327 399 327 389 327 389 328 399 328 390 328 399 329 400 329 390 329 390 330 400 330 391 330 400 331 401 331 391 331 391 332 401 332 392 332 401 333 402 333 392 333 392 334 402 334 393 334 402 335 403 335 393 335 393 336 403 336 394 336 403 337 404 337 394 337 394 338 404 338 395 338 404 339 405 339 395 339 395 340 405 340 396 340 405 341 406 341 396 341 396 342 406 342 283 342 406 343 407 343 283 343 283 344 407 344 284 344 407 345 408 345 284 345 284 346 408 346 290 346 408 347 409 347 290 347 290 348 409 348 291 348 409 349 410 349 291 349 291 350 410 350 292 350 410 351 411 351 292 351 292 352 411 352 293 352 411 352 412 352 293 352 293 353 412 353 294 353 412 354 413 354 294 354 294 355 413 355 295 355 413 356 414 356 295 356 295 357 414 357 296 357 414 358 415 358 296 358 296 359 415 359 298 359 415 360 416 360 298 360 298 361 416 361 359 361 416 362 417 362 359 362 359 363 417 363 360 363 417 364 418 364 360 364 360 365 418 365 361 365 418 366 419 366 361 366 361 367 419 367 362 367 419 368 420 368 362 368 362 369 420 369 363 369 420 370 421 370 363 370 363 371 421 371 364 371 421 372 422 372 364 372 364 373 422 373 365 373 422 374 423 374 365 374 365 375 423 375 366 375 423 376 424 376 366 376 366 377 424 377 367 377 424 378 425 378 367 378 367 379 425 379 368 379 425 380 426 380 368 380 368 381 426 381 369 381 426 382 427 382 369 382 369 383 427 383 370 383 427 384 428 384 370 384 370 385 428 385 371 385 428 386 429 386 371 386 371 387 429 387 372 387 429 388 430 388 372 388 372 389 430 389 373 389 430 390 431 390 373 390 373 391 431 391 374 391 431 392 432 392 374 392 374 393 432 393 375 393 432 394 433 394 375 394 375 395 433 395 376 395 433 396 434 396 376 396 376 397 434 397 377 397 434 398 435 398 377 398 377 399 435 399 267 399 435 400 436 400 267 400 267 401 436 401 268 401 436 402 437 402 268 402 268 403 437 403 269 403 437 404 438 404 269 404 269 405 438 405 270 405 438 406 439 406 270 406 270 407 439 407 271 407 439 408 440 408 271 408 271 409 440 409 272 409 440 409 441 409 272 409 272 410 441 410 273 410 441 411 442 411 273 411 273 412 442 412 274 412 442 413 443 413 274 413 274 414 443 414 275 414 443 415 444 415 275 415 275 416 444 416 277 416 444 417 445 417 277 417 277 418 445 418 378 418 445 419 446 419 378 419 378 420 446 420 379 420 446 421 447 421 379 421 379 422 447 422 380 422 447 423 448 423 380 423 380 424 448 424 381 424 448 425 449 425 381 425 381 426 449 426 382 426 449 427 450 427 382 427 382 428 450 428 383 428 450 429 451 429 383 429 383 430 451 430 384 430 451 431 452 431 384 431 384 432 452 432 385 432 452 433 453 433 385 433 385 434 453 434 386 434 453 435 454 435 386 435 386 436 454 436 387 436 454 437 397 437 387 437 397 438 455 438 398 438 455 439 456 439 398 439 398 440 456 440 399 440 456 441 457 441 399 441 399 442 457 442 400 442 457 443 458 443 400 443 400 444 458 444 401 444 458 445 459 445 401 445 401 446 459 446 402 446 459 447 460 447 402 447 402 448 460 448 403 448 460 448 461 448 403 448 403 449 461 449 404 449 461 450 462 450 404 450 404 451 462 451 405 451 462 452 463 452 405 452 405 453 463 453 406 453 463 454 464 454 406 454 406 455 464 455 407 455 464 456 465 456 407 456 407 457 465 457 408 457 465 458 466 458 408 458 408 459 466 459 409 459 466 460 467 460 409 460 409 461 467 461 410 461 467 462 468 462 410 462 410 463 468 463 411 463 468 464 469 464 411 464 411 465 469 465 412 465 469 465 470 465 412 465 412 466 470 466 413 466 470 467 471 467 413 467 413 468 471 468 414 468 471 469 472 469 414 469 414 470 472 470 415 470 472 471 473 471 415 471 415 472 473 472 416 472 473 473 474 473 416 473 416 474 474 474 417 474 474 475 475 475 417 475 417 476 475 476 418 476 475 477 476 477 418 477 418 478 476 478 419 478 476 479 477 479 419 479 419 480 477 480 420 480 477 481 478 481 420 481 420 482 478 482 421 482 478 482 479 482 421 482 421 483 479 483 422 483 479 484 480 484 422 484 422 485 480 485 423 485 480 486 481 486 423 486 423 487 481 487 424 487 481 488 482 488 424 488 424 489 482 489 425 489 482 490 483 490 425 490 425 491 483 491 426 491 483 492 484 492 426 492 426 493 484 493 427 493 484 494 485 494 427 494 427 495 485 495 428 495 485 496 486 496 428 496 428 497 486 497 429 497 486 498 487 498 429 498 429 499 487 499 430 499 487 500 488 500 430 500 430 501 488 501 431 501 488 502 489 502 431 502 431 503 489 503 432 503 489 503 490 503 432 503 432 504 490 504 433 504 490 505 491 505 433 505 433 506 491 506 434 506 491 507 492 507 434 507 434 508 492 508 435 508 492 509 493 509 435 509 435 510 493 510 436 510 493 511 494 511 436 511 436 512 494 512 437 512 494 513 495 513 437 513 437 514 495 514 438 514 495 515 496 515 438 515 438 516 496 516 439 516 496 517 497 517 439 517 439 518 497 518 440 518 497 519 498 519 440 519 440 520 498 520 441 520 498 520 499 520 441 520 441 521 499 521 442 521 499 522 500 522 442 522 442 523 500 523 443 523 500 524 501 524 443 524 443 525 501 525 444 525 501 526 502 526 444 526 444 527 502 527 445 527 502 528 503 528 445 528 445 529 503 529 446 529 503 530 504 530 446 530 446 531 504 531 447 531 504 532 505 532 447 532 447 533 505 533 448 533 505 534 506 534 448 534 448 535 506 535 449 535 506 536 507 536 449 536 449 537 507 537 450 537 507 537 508 537 450 537 450 538 508 538 451 538 508 539 509 539 451 539 451 540 509 540 452 540 509 541 510 541 452 541 452 542 510 542 453 542 510 543 511 543 453 543 453 544 511 544 454 544 511 545 512 545 454 545 454 546 512 546 397 546 512 547 455 547 397 547 455 548 513 548 456 548 513 549 514 549 456 549 456 550 514 550 457 550 514 551 515 551 457 551 457 552 515 552 458 552 515 553 516 553 458 553 458 554 516 554 459 554 516 555 517 555 459 555 459 556 517 556 460 556 517 557 518 557 460 557 460 558 518 558 461 558 518 559 519 559 461 559 461 560 519 560 462 560 519 561 520 561 462 561 462 562 520 562 463 562 520 563 521 563 463 563 463 564 521 564 464 564 521 564 522 564 464 564 464 565 522 565 465 565 522 566 523 566 465 566 465 567 523 567 466 567 523 568 524 568 466 568 466 569 524 569 467 569 524 570 525 570 467 570 467 571 525 571 468 571 525 572 526 572 468 572 468 573 526 573 469 573 526 574 527 574 469 574 469 575 527 575 470 575 527 575 528 575 470 575 470 576 528 576 471 576 528 577 529 577 471 577 471 578 529 578 472 578 529 579 530 579 472 579 472 580 530 580 473 580 530 581 531 581 473 581 473 582 531 582 474 582 531 583 532 583 474 583 474 584 532 584 475 584 532 585 533 585 475 585 475 586 533 586 476 586 533 586 534 586 476 586 476 587 534 587 477 587 534 588 535 588 477 588 477 589 535 589 478 589 535 590 536 590 478 590 478 591 536 591 479 591 536 592 537 592 479 592 479 593 537 593 480 593 537 594 538 594 480 594 480 595 538 595 481 595 538 596 539 596 481 596 481 597 539 597 482 597 539 598 540 598 482 598 482 599 540 599 483 599 540 600 541 600 483 600 483 601 541 601 484 601 541 602 542 602 484 602 484 603 542 603 485 603 542 604 543 604 485 604 485 605 543 605 486 605 543 606 544 606 486 606 486 607 544 607 487 607 544 608 545 608 487 608 487 609 545 609 488 609 545 610 546 610 488 610 488 611 546 611 489 611 546 612 547 612 489 612 489 613 547 613 490 613 547 614 548 614 490 614 490 615 548 615 491 615 548 616 549 616 491 616 491 617 549 617 492 617 549 618 550 618 492 618 492 619 550 619 493 619 550 619 551 619 493 619 493 620 551 620 494 620 551 621 552 621 494 621 494 622 552 622 495 622 552 623 553 623 495 623 495 624 553 624 496 624 553 625 554 625 496 625 496 626 554 626 497 626 554 627 555 627 497 627 497 628 555 628 498 628 555 629 556 629 498 629 498 630 556 630 499 630 556 630 557 630 499 630 499 631 557 631 500 631 557 632 558 632 500 632 500 633 558 633 501 633 558 634 559 634 501 634 501 635 559 635 502 635 559 636 560 636 502 636 502 637 560 637 503 637 560 638 561 638 503 638 503 639 561 639 504 639 561 640 562 640 504 640 504 641 562 641 505 641 562 641 563 641 505 641 505 642 563 642 506 642 563 643 564 643 506 643 506 644 564 644 507 644 564 645 565 645 507 645 507 646 565 646 508 646 565 647 566 647 508 647 508 648 566 648 509 648 566 649 567 649 509 649 509 650 567 650 510 650 567 651 568 651 510 651 510 652 568 652 511 652 568 653 569 653 511 653 511 654 569 654 512 654 569 655 570 655 512 655 512 656 570 656 455 656 570 657 513 657 455 657 513 658 571 658 514 658 571 659 572 659 514 659 514 660 572 660 515 660 572 661 573 661 515 661 515 662 573 662 516 662 573 663 574 663 516 663 516 664 574 664 517 664 574 665 575 665 517 665 517 666 575 666 518 666 575 667 576 667 518 667 518 668 576 668 519 668 576 669 577 669 519 669 519 670 577 670 520 670 577 671 578 671 520 671 520 672 578 672 521 672 578 673 579 673 521 673 521 674 579 674 522 674 579 675 580 675 522 675 522 676 580 676 523 676 580 677 581 677 523 677 523 678 581 678 524 678 581 679 582 679 524 679 524 680 582 680 525 680 582 681 583 681 525 681 525 682 583 682 526 682 583 683 584 683 526 683 526 684 584 684 527 684 584 685 585 685 527 685 527 686 585 686 528 686 585 686 586 686 528 686 528 687 586 687 529 687 586 688 587 688 529 688 529 689 587 689 530 689 587 690 588 690 530 690 530 691 588 691 531 691 588 692 589 692 531 692 531 693 589 693 532 693 589 694 590 694 532 694 532 695 590 695 533 695 590 696 591 696 533 696 533 697 591 697 534 697 591 698 592 698 534 698 534 699 592 699 535 699 592 700 593 700 535 700 535 701 593 701 536 701 593 702 594 702 536 702 536 703 594 703 537 703 594 704 595 704 537 704 537 705 595 705 538 705 595 706 596 706 538 706 538 707 596 707 539 707 596 708 597 708 539 708 539 709 597 709 540 709 597 710 598 710 540 710 540 711 598 711 541 711 598 712 599 712 541 712 541 713 599 713 542 713 599 714 600 714 542 714 542 715 600 715 543 715 600 716 601 716 543 716 543 717 601 717 544 717 601 718 602 718 544 718 544 719 602 719 545 719 602 720 603 720 545 720 545 721 603 721 546 721 603 722 604 722 546 722 546 723 604 723 547 723 604 724 605 724 547 724 547 725 605 725 548 725 605 726 606 726 548 726 548 727 606 727 549 727 606 728 607 728 549 728 549 729 607 729 550 729 607 730 608 730 550 730 550 731 608 731 551 731 608 732 609 732 551 732 551 733 609 733 552 733 609 734 610 734 552 734 552 735 610 735 553 735 610 736 611 736 553 736 553 737 611 737 554 737 611 738 612 738 554 738 554 739 612 739 555 739 612 740 613 740 555 740 555 741 613 741 556 741 613 742 614 742 556 742 556 743 614 743 557 743 614 743 615 743 557 743 557 744 615 744 558 744 615 745 616 745 558 745 558 746 616 746 559 746 616 747 617 747 559 747 559 748 617 748 560 748 617 749 618 749 560 749 560 750 618 750 561 750 618 751 619 751 561 751 561 752 619 752 562 752 619 753 620 753 562 753 562 754 620 754 563 754 620 755 621 755 563 755 563 756 621 756 564 756 621 757 622 757 564 757 564 758 622 758 565 758 622 759 623 759 565 759 565 760 623 760 566 760 623 761 624 761 566 761 566 762 624 762 567 762 624 763 625 763 567 763 567 764 625 764 568 764 625 765 626 765 568 765 568 766 626 766 569 766 626 767 627 767 569 767 569 768 627 768 570 768 627 769 628 769 570 769 570 770 628 770 513 770 628 771 571 771 513 771 571 772 629 772 572 772 629 773 630 773 572 773 572 774 630 774 573 774 630 775 631 775 573 775 573 776 631 776 574 776 631 777 632 777 574 777 574 778 632 778 575 778 632 779 633 779 575 779 575 780 633 780 576 780 633 781 634 781 576 781 576 782 634 782 577 782 634 782 635 782 577 782 577 783 635 783 578 783 635 784 636 784 578 784 578 785 636 785 579 785 636 786 637 786 579 786 579 787 637 787 580 787 637 788 638 788 580 788 580 789 638 789 581 789 638 790 639 790 581 790 581 791 639 791 582 791 639 792 640 792 582 792 582 793 640 793 583 793 640 794 641 794 583 794 583 795 641 795 584 795 641 796 642 796 584 796 584 797 642 797 585 797 642 798 643 798 585 798 585 799 643 799 586 799 643 799 644 799 586 799 586 800 644 800 587 800 644 801 645 801 587 801 587 802 645 802 588 802 645 803 646 803 588 803 588 804 646 804 589 804 646 805 647 805 589 805 589 806 647 806 590 806 647 807 648 807 590 807 590 808 648 808 591 808 648 809 649 809 591 809 591 810 649 810 592 810 649 811 650 811 592 811 592 812 650 812 593 812 650 813 651 813 593 813 593 814 651 814 594 814 651 815 652 815 594 815 594 816 652 816 595 816 652 816 653 816 595 816 595 817 653 817 596 817 653 818 654 818 596 818 596 819 654 819 597 819 654 820 655 820 597 820 597 821 655 821 598 821 655 822 656 822 598 822 598 823 656 823 599 823 656 824 657 824 599 824 599 825 657 825 600 825 657 826 658 826 600 826 600 827 658 827 601 827 658 828 659 828 601 828 601 829 659 829 602 829 659 830 660 830 602 830 602 831 660 831 603 831 660 832 661 832 603 832 603 833 661 833 604 833 661 834 662 834 604 834 604 835 662 835 605 835 662 836 663 836 605 836 605 837 663 837 606 837 663 837 664 837 606 837 606 838 664 838 607 838 664 839 665 839 607 839 607 840 665 840 608 840 665 841 666 841 608 841 608 842 666 842 609 842 666 843 667 843 609 843 609 844 667 844 610 844 667 845 668 845 610 845 610 846 668 846 611 846 668 847 669 847 611 847 611 848 669 848 612 848 669 849 670 849 612 849 612 850 670 850 613 850 670 851 671 851 613 851 613 852 671 852 614 852 671 853 672 853 614 853 614 854 672 854 615 854 672 854 673 854 615 854 615 855 673 855 616 855 673 856 674 856 616 856 616 857 674 857 617 857 674 858 675 858 617 858 617 859 675 859 618 859 675 860 676 860 618 860 618 861 676 861 619 861 676 862 677 862 619 862 619 863 677 863 620 863 677 864 678 864 620 864 620 865 678 865 621 865 678 866 679 866 621 866 621 867 679 867 622 867 679 868 680 868 622 868 622 869 680 869 623 869 680 870 681 870 623 870 623 871 681 871 624 871 681 871 682 871 624 871 624 872 682 872 625 872 682 873 683 873 625 873 625 874 683 874 626 874 683 875 684 875 626 875 626 876 684 876 627 876 684 877 685 877 627 877 627 878 685 878 628 878 685 879 686 879 628 879 628 880 686 880 571 880 686 881 629 881 571 881 629 882 687 882 630 882 687 883 688 883 630 883 630 884 688 884 631 884 688 885 689 885 631 885 631 886 689 886 632 886 689 887 690 887 632 887 632 888 690 888 633 888 690 889 691 889 633 889 633 890 691 890 634 890 691 891 692 891 634 891 634 892 692 892 635 892 692 893 693 893 635 893 635 894 693 894 636 894 693 895 694 895 636 895 636 896 694 896 637 896 694 897 695 897 637 897 637 898 695 898 638 898 695 899 696 899 638 899 638 900 696 900 639 900 696 901 697 901 639 901 639 902 697 902 640 902 697 903 698 903 640 903 640 904 698 904 641 904 698 905 699 905 641 905 641 906 699 906 642 906 699 907 700 907 642 907 642 908 700 908 643 908 700 909 701 909 643 909 643 910 701 910 644 910 701 910 702 910 644 910 644 911 702 911 645 911 702 912 703 912 645 912 645 913 703 913 646 913 703 914 704 914 646 914 646 915 704 915 647 915 704 916 705 916 647 916 647 917 705 917 648 917 705 918 706 918 648 918 648 919 706 919 649 919 706 920 707 920 649 920 649 921 707 921 650 921 707 922 708 922 650 922 650 923 708 923 651 923 708 924 709 924 651 924 651 925 709 925 652 925 709 926 710 926 652 926 652 927 710 927 653 927 710 928 711 928 653 928 653 929 711 929 654 929 711 930 712 930 654 930 654 931 712 931 655 931 712 932 713 932 655 932 655 933 713 933 656 933 713 934 714 934 656 934 656 935 714 935 657 935 714 936 715 936 657 936 657 937 715 937 658 937 715 938 716 938 658 938 658 939 716 939 659 939 716 940 717 940 659 940 659 941 717 941 660 941 717 942 718 942 660 942 660 943 718 943 661 943 718 944 719 944 661 944 661 945 719 945 662 945 719 946 720 946 662 946 662 947 720 947 663 947 720 948 721 948 663 948 663 949 721 949 664 949 721 950 722 950 664 950 664 951 722 951 665 951 722 952 723 952 665 952 665 953 723 953 666 953 723 954 724 954 666 954 666 955 724 955 667 955 724 956 725 956 667 956 667 957 725 957 668 957 725 958 726 958 668 958 668 959 726 959 669 959 726 960 727 960 669 960 669 961 727 961 670 961 727 962 728 962 670 962 670 963 728 963 671 963 728 964 729 964 671 964 671 965 729 965 672 965 729 966 730 966 672 966 672 967 730 967 673 967 730 967 731 967 673 967 673 968 731 968 674 968 731 969 732 969 674 969 674 970 732 970 675 970 732 971 733 971 675 971 675 972 733 972 676 972 733 973 734 973 676 973 676 974 734 974 677 974 734 975 735 975 677 975 677 976 735 976 678 976 735 977 736 977 678 977 678 978 736 978 679 978 736 979 737 979 679 979 679 980 737 980 680 980 737 981 738 981 680 981 680 982 738 982 681 982 738 983 739 983 681 983 681 984 739 984 682 984 739 985 740 985 682 985 682 986 740 986 683 986 740 987 741 987 683 987 683 988 741 988 684 988 741 989 742 989 684 989 684 990 742 990 685 990 742 991 743 991 685 991 685 992 743 992 686 992 743 993 744 993 686 993 686 994 744 994 629 994 744 995 687 995 629 995 687 996 745 996 688 996 745 997 746 997 688 997 688 998 746 998 689 998 746 999 747 999 689 999 689 1000 747 1000 690 1000 747 1001 748 1001 690 1001 690 1002 748 1002 691 1002 748 1003 749 1003 691 1003 691 1004 749 1004 692 1004 749 1005 750 1005 692 1005 692 1006 750 1006 693 1006 750 1007 751 1007 693 1007 693 1008 751 1008 694 1008 751 1009 752 1009 694 1009 694 1010 752 1010 695 1010 752 1011 753 1011 695 1011 695 1012 753 1012 696 1012 753 1013 754 1013 696 1013 696 1014 754 1014 697 1014 754 1015 755 1015 697 1015 697 1016 755 1016 698 1016 755 1017 756 1017 698 1017 698 1018 756 1018 699 1018 756 1019 757 1019 699 1019 699 1020 757 1020 700 1020 757 1021 758 1021 700 1021 700 1022 758 1022 701 1022 758 1023 759 1023 701 1023 701 1024 759 1024 702 1024 759 1024 760 1024 702 1024 702 1025 760 1025 703 1025 760 1026 761 1026 703 1026 703 1027 761 1027 704 1027 761 1028 762 1028 704 1028 704 1029 762 1029 705 1029 762 1030 763 1030 705 1030 705 1031 763 1031 706 1031 763 1032 764 1032 706 1032 706 1033 764 1033 707 1033 764 1034 765 1034 707 1034 707 1035 765 1035 708 1035 765 1036 766 1036 708 1036 708 1037 766 1037 709 1037 766 1038 767 1038 709 1038 709 1039 767 1039 710 1039 767 1040 768 1040 710 1040 710 1041 768 1041 711 1041 768 1042 769 1042 711 1042 711 1043 769 1043 712 1043 769 1044 770 1044 712 1044 712 1045 770 1045 713 1045 770 1046 771 1046 713 1046 713 1047 771 1047 714 1047 771 1048 772 1048 714 1048 714 1049 772 1049 715 1049 772 1050 773 1050 715 1050 715 1051 773 1051 716 1051 773 1052 774 1052 716 1052 716 1053 774 1053 717 1053 774 1054 775 1054 717 1054 717 1055 775 1055 718 1055 775 1056 776 1056 718 1056 718 1057 776 1057 719 1057 776 1058 777 1058 719 1058 719 1059 777 1059 720 1059 777 1060 778 1060 720 1060 720 1061 778 1061 721 1061 778 1062 779 1062 721 1062 721 1063 779 1063 722 1063 779 1064 780 1064 722 1064 722 1065 780 1065 723 1065 780 1066 781 1066 723 1066 723 1067 781 1067 724 1067 781 1068 782 1068 724 1068 724 1069 782 1069 725 1069 782 1070 783 1070 725 1070 725 1071 783 1071 726 1071 783 1072 784 1072 726 1072 726 1073 784 1073 727 1073 784 1074 785 1074 727 1074 727 1075 785 1075 728 1075 785 1076 786 1076 728 1076 728 1077 786 1077 729 1077 786 1078 787 1078 729 1078 729 1079 787 1079 730 1079 787 1080 788 1080 730 1080 730 1081 788 1081 731 1081 788 1081 789 1081 731 1081 731 1082 789 1082 732 1082 789 1083 790 1083 732 1083 732 1084 790 1084 733 1084 790 1085 791 1085 733 1085 733 1086 791 1086 734 1086 791 1087 792 1087 734 1087 734 1088 792 1088 735 1088 792 1089 793 1089 735 1089 735 1090 793 1090 736 1090 793 1091 794 1091 736 1091 736 1092 794 1092 737 1092 794 1093 795 1093 737 1093 737 1094 795 1094 738 1094 795 1095 796 1095 738 1095 738 1096 796 1096 739 1096 796 1097 797 1097 739 1097 739 1098 797 1098 740 1098 797 1099 798 1099 740 1099 740 1100 798 1100 741 1100 798 1101 799 1101 741 1101 741 1102 799 1102 742 1102 799 1103 800 1103 742 1103 742 1104 800 1104 743 1104 800 1105 801 1105 743 1105 743 1106 801 1106 744 1106 801 1107 802 1107 744 1107 744 1108 802 1108 687 1108 802 1109 745 1109 687 1109 745 1110 803 1110 746 1110 803 1111 804 1111 746 1111 746 1112 804 1112 747 1112 804 1113 805 1113 747 1113 747 1114 805 1114 748 1114 805 1115 806 1115 748 1115 748 1116 806 1116 749 1116 806 1117 807 1117 749 1117 749 1118 807 1118 750 1118 807 1119 808 1119 750 1119 750 1120 808 1120 751 1120 808 1121 809 1121 751 1121 751 1122 809 1122 752 1122 809 1123 810 1123 752 1123 752 1124 810 1124 753 1124 810 1125 811 1125 753 1125 753 1126 811 1126 754 1126 811 1127 812 1127 754 1127 754 1128 812 1128 755 1128 812 1129 813 1129 755 1129 755 1130 813 1130 756 1130 813 1131 814 1131 756 1131 756 1132 814 1132 757 1132 814 1133 815 1133 757 1133 757 1134 815 1134 758 1134 815 1135 816 1135 758 1135 758 1136 816 1136 759 1136 816 1137 817 1137 759 1137 759 1138 817 1138 760 1138 817 1138 818 1138 760 1138 760 1139 818 1139 761 1139 818 1140 819 1140 761 1140 761 1141 819 1141 762 1141 819 1142 820 1142 762 1142 762 1143 820 1143 763 1143 820 1144 821 1144 763 1144 763 1145 821 1145 764 1145 821 1146 822 1146 764 1146 764 1147 822 1147 765 1147 822 1148 823 1148 765 1148 765 1149 823 1149 766 1149 823 1150 824 1150 766 1150 766 1151 824 1151 767 1151 824 1152 825 1152 767 1152 767 1153 825 1153 768 1153 825 1154 826 1154 768 1154 768 1155 826 1155 769 1155 826 1156 827 1156 769 1156 769 1157 827 1157 770 1157 827 1158 828 1158 770 1158 770 1159 828 1159 771 1159 828 1160 829 1160 771 1160 771 1161 829 1161 772 1161 829 1162 830 1162 772 1162 772 1163 830 1163 773 1163 830 1164 831 1164 773 1164 773 1165 831 1165 774 1165 831 1166 832 1166 774 1166 774 1167 832 1167 775 1167 832 1168 833 1168 775 1168 775 1169 833 1169 776 1169 833 1170 834 1170 776 1170 776 1171 834 1171 777 1171 834 1172 835 1172 777 1172 777 1173 835 1173 778 1173 835 1174 836 1174 778 1174 778 1175 836 1175 779 1175 836 1176 837 1176 779 1176 779 1177 837 1177 780 1177 837 1178 838 1178 780 1178 780 1179 838 1179 781 1179 838 1180 839 1180 781 1180 781 1181 839 1181 782 1181 839 1182 840 1182 782 1182 782 1183 840 1183 783 1183 840 1184 841 1184 783 1184 783 1185 841 1185 784 1185 841 1186 842 1186 784 1186 784 1187 842 1187 785 1187 842 1188 843 1188 785 1188 785 1189 843 1189 786 1189 843 1190 844 1190 786 1190 786 1191 844 1191 787 1191 844 1192 845 1192 787 1192 787 1193 845 1193 788 1193 845 1194 846 1194 788 1194 788 1195 846 1195 789 1195 846 1195 847 1195 789 1195 789 1196 847 1196 790 1196 847 1197 848 1197 790 1197 790 1198 848 1198 791 1198 848 1199 849 1199 791 1199 791 1200 849 1200 792 1200 849 1201 850 1201 792 1201 792 1202 850 1202 793 1202 850 1203 851 1203 793 1203 793 1204 851 1204 794 1204 851 1205 852 1205 794 1205 794 1206 852 1206 795 1206 852 1207 853 1207 795 1207 795 1208 853 1208 796 1208 853 1209 854 1209 796 1209 796 1210 854 1210 797 1210 854 1211 855 1211 797 1211 797 1212 855 1212 798 1212 855 1213 856 1213 798 1213 798 1214 856 1214 799 1214 856 1215 857 1215 799 1215 799 1216 857 1216 800 1216 857 1217 858 1217 800 1217 800 1218 858 1218 801 1218 858 1219 859 1219 801 1219 801 1220 859 1220 802 1220 859 1221 860 1221 802 1221 802 1222 860 1222 745 1222 860 1223 803 1223 745 1223 861 1224 860 1224 862 1224 860 1225 859 1225 862 1225 862 1226 859 1226 863 1226 859 1226 858 1226 863 1226 863 1227 858 1227 864 1227 858 1228 857 1228 864 1228 864 1229 857 1229 865 1229 857 1230 856 1230 865 1230 865 1231 856 1231 866 1231 856 1232 855 1232 866 1232 866 1233 855 1233 867 1233 855 1234 854 1234 867 1234 867 1235 854 1235 868 1235 854 1236 853 1236 868 1236 868 1237 853 1237 869 1237 853 1238 852 1238 869 1238 869 1239 852 1239 870 1239 852 1240 851 1240 870 1240 870 1241 851 1241 871 1241 851 1242 850 1242 871 1242 871 1243 850 1243 872 1243 850 1244 849 1244 872 1244 872 1245 849 1245 873 1245 849 1246 848 1246 873 1246 873 1247 848 1247 874 1247 848 1248 847 1248 874 1248 874 1249 847 1249 875 1249 847 1249 846 1249 875 1249 875 1250 846 1250 876 1250 846 1251 845 1251 876 1251 876 1252 845 1252 877 1252 845 1253 844 1253 877 1253 877 1254 844 1254 878 1254 844 1255 843 1255 878 1255 878 1256 843 1256 879 1256 843 1257 842 1257 879 1257 879 1258 842 1258 880 1258 842 1259 841 1259 880 1259 880 1260 841 1260 881 1260 841 1261 840 1261 881 1261 881 1262 840 1262 882 1262 840 1263 839 1263 882 1263 882 1264 839 1264 883 1264 839 1265 838 1265 883 1265 883 1266 838 1266 884 1266 838 1267 837 1267 884 1267 884 1268 837 1268 885 1268 837 1269 836 1269 885 1269 885 1270 836 1270 886 1270 836 1271 835 1271 886 1271 886 1272 835 1272 887 1272 835 1272 834 1272 887 1272 887 1273 834 1273 888 1273 834 1274 833 1274 888 1274 888 1275 833 1275 889 1275 833 1276 832 1276 889 1276 889 1277 832 1277 890 1277 832 1278 831 1278 890 1278 890 1279 831 1279 891 1279 831 1280 830 1280 891 1280 891 1281 830 1281 892 1281 830 1281 829 1281 892 1281 892 1282 829 1282 893 1282 829 1283 828 1283 893 1283 893 1284 828 1284 894 1284 828 1285 827 1285 894 1285 894 1286 827 1286 895 1286 827 1287 826 1287 895 1287 895 1288 826 1288 896 1288 826 1289 825 1289 896 1289 896 1290 825 1290 897 1290 825 1291 824 1291 897 1291 897 1292 824 1292 898 1292 824 1293 823 1293 898 1293 898 1294 823 1294 899 1294 823 1295 822 1295 899 1295 899 1296 822 1296 900 1296 822 1297 821 1297 900 1297 900 1298 821 1298 901 1298 821 1299 820 1299 901 1299 901 1300 820 1300 902 1300 820 1301 819 1301 902 1301 902 1302 819 1302 903 1302 819 1303 818 1303 903 1303 903 1304 818 1304 904 1304 818 1304 817 1304 904 1304 904 1305 817 1305 905 1305 817 1306 816 1306 905 1306 905 1307 816 1307 906 1307 816 1308 815 1308 906 1308 906 1309 815 1309 907 1309 815 1310 814 1310 907 1310 907 1311 814 1311 908 1311 814 1312 813 1312 908 1312 908 1313 813 1313 909 1313 813 1314 812 1314 909 1314 909 1315 812 1315 910 1315 812 1316 811 1316 910 1316 910 1317 811 1317 911 1317 811 1318 810 1318 911 1318 911 1319 810 1319 912 1319 810 1320 809 1320 912 1320 912 1321 809 1321 913 1321 809 1322 808 1322 913 1322 913 1323 808 1323 914 1323 808 1324 807 1324 914 1324 914 1325 807 1325 915 1325 807 1326 806 1326 915 1326 915 1327 806 1327 916 1327 806 1327 805 1327 916 1327 916 1328 805 1328 917 1328 805 1329 804 1329 917 1329 917 1330 804 1330 918 1330 804 1331 803 1331 918 1331 918 1332 803 1332 861 1332 803 1333 860 1333 861 1333 919 1334 920 1334 921 1334 921 1335 920 1335 922 1335 920 1336 923 1336 922 1336 922 1337 923 1337 924 1337 923 1338 925 1338 924 1338 924 1339 925 1339 926 1339 925 1340 927 1340 926 1340 926 1341 927 1341 928 1341 927 1342 929 1342 928 1342 928 1343 929 1343 930 1343 929 1344 931 1344 930 1344 930 1345 931 1345 932 1345 931 1346 933 1346 932 1346 932 1347 933 1347 934 1347 933 1348 935 1348 934 1348 934 1349 935 1349 936 1349 935 1350 937 1350 936 1350 936 1351 937 1351 938 1351 937 1352 939 1352 938 1352 938 1353 939 1353 940 1353 939 1354 941 1354 940 1354 940 1355 941 1355 942 1355 941 1356 943 1356 942 1356 942 1357 943 1357 944 1357 943 1358 945 1358 944 1358 944 1359 945 1359 946 1359 945 1360 947 1360 946 1360 946 1361 947 1361 948 1361 947 1362 949 1362 948 1362 948 1363 949 1363 950 1363 949 1364 951 1364 950 1364 950 1365 951 1365 952 1365 951 1366 953 1366 952 1366 952 1367 953 1367 954 1367 953 1368 955 1368 954 1368 954 1369 955 1369 956 1369 955 1370 957 1370 956 1370 956 1371 957 1371 958 1371 957 1372 959 1372 958 1372 958 1373 959 1373 960 1373 959 1374 961 1374 960 1374 960 1375 961 1375 129 1375 219 1376 919 1376 221 1376 919 1377 921 1377 221 1377 221 1378 921 1378 223 1378 921 1379 922 1379 223 1379 223 1380 922 1380 225 1380 922 1381 924 1381 225 1381 225 1382 924 1382 227 1382 924 1383 926 1383 227 1383 227 1384 926 1384 229 1384 926 1385 928 1385 229 1385 229 1386 928 1386 231 1386 928 1387 930 1387 231 1387 231 1388 930 1388 233 1388 930 1389 932 1389 233 1389 233 1390 932 1390 235 1390 932 1391 934 1391 235 1391 235 1392 934 1392 237 1392 934 1393 936 1393 237 1393 237 1394 936 1394 239 1394 936 1395 938 1395 239 1395 239 1396 938 1396 241 1396 938 1397 940 1397 241 1397 241 1398 940 1398 243 1398 940 1399 942 1399 243 1399 243 1400 942 1400 245 1400 942 1401 944 1401 245 1401 245 1402 944 1402 247 1402 944 1403 946 1403 247 1403 247 1404 946 1404 249 1404 946 1405 948 1405 249 1405 249 1406 948 1406 251 1406 948 1407 950 1407 251 1407 251 1408 950 1408 253 1408 950 1409 952 1409 253 1409 253 1410 952 1410 255 1410 952 1411 954 1411 255 1411 255 1412 954 1412 257 1412 954 1413 956 1413 257 1413 257 1414 956 1414 259 1414 956 1415 958 1415 259 1415 259 1416 958 1416 261 1416 958 1417 960 1417 261 1417 261 1418 960 1418 131 1418 960 1419 129 1419 131 1419 16 5 7 5 5 5 0 5 15 5 1 5 15 5 34 5 1 5 1 5 34 5 5 5 34 5 33 5 5 5 5 5 33 5 16 5 24 3 18 3 285 3 18 3 962 3 285 3 285 3 962 3 289 3 918 1420 91 1420 917 1420 91 1421 116 1421 917 1421 917 1421 116 1421 916 1421 116 1422 115 1422 916 1422 916 1422 115 1422 915 1422 115 1423 114 1423 915 1423 915 1423 114 1423 914 1423 114 1424 63 1424 914 1424 914 1424 63 1424 913 1424 63 1425 128 1425 913 1425 913 1425 128 1425 912 1425 128 1426 127 1426 912 1426 912 1426 127 1426 911 1426 127 1427 126 1427 911 1427 911 1427 126 1427 910 1427 126 1428 96 1428 910 1428 910 1428 96 1428 909 1428 96 1429 94 1429 909 1429 909 1429 94 1429 908 1429 94 1430 100 1430 908 1430 908 1430 100 1430 907 1430 100 1431 99 1431 907 1431 907 1431 99 1431 906 1431 99 1432 98 1432 906 1432 906 1432 98 1432 905 1432 98 1433 68 1433 905 1433 905 1433 68 1433 904 1433 68 1 71 1 904 1 904 1 71 1 903 1 71 1434 70 1434 903 1434 903 1434 70 1434 902 1434 70 1435 69 1435 902 1435 902 1435 69 1435 901 1435 69 1436 54 1436 901 1436 901 1436 54 1436 900 1436 54 1437 119 1437 900 1437 900 1437 119 1437 899 1437 119 1438 118 1438 899 1438 899 1438 118 1438 898 1438 118 1439 117 1439 898 1439 898 1439 117 1439 897 1439 117 1440 101 1440 897 1440 897 1440 101 1440 896 1440 101 1441 122 1441 896 1441 896 1441 122 1441 895 1441 122 1442 121 1442 895 1442 895 1442 121 1442 894 1442 121 1443 125 1443 894 1443 894 1443 125 1443 893 1443 125 1444 124 1444 893 1444 893 1444 124 1444 892 1444 124 1445 123 1445 892 1445 892 1445 123 1445 891 1445 123 1446 73 1446 891 1446 891 1446 73 1446 890 1446 73 1447 72 1447 890 1447 890 1448 72 1448 889 1448 72 1449 46 1449 889 1449 889 1450 46 1450 888 1450 46 1451 44 1451 888 1451 888 1451 44 1451 887 1451 44 1452 43 1452 887 1452 887 1452 43 1452 886 1452 43 1453 40 1453 886 1453 886 1453 40 1453 885 1453 40 1454 53 1454 885 1454 885 1454 53 1454 884 1454 53 1455 52 1455 884 1455 884 1455 52 1455 883 1455 52 1456 51 1456 883 1456 883 1456 51 1456 882 1456 51 1457 48 1457 882 1457 882 1457 48 1457 881 1457 48 1458 59 1458 881 1458 881 1458 59 1458 880 1458 59 1459 58 1459 880 1459 880 1459 58 1459 879 1459 58 1460 86 1460 879 1460 879 1460 86 1460 878 1460 86 1461 85 1461 878 1461 878 1461 85 1461 877 1461 85 1462 89 1462 877 1462 877 1462 89 1462 876 1462 89 1463 88 1463 876 1463 876 1463 88 1463 875 1463 88 0 106 0 875 0 875 0 106 0 874 0 106 1464 105 1464 874 1464 874 1464 105 1464 873 1464 105 1465 104 1465 873 1465 873 1465 104 1465 872 1465 104 1466 75 1466 872 1466 872 1466 75 1466 871 1466 75 1467 113 1467 871 1467 871 1467 113 1467 870 1467 113 1468 112 1468 870 1468 870 1468 112 1468 869 1468 112 1469 110 1469 869 1469 869 1469 110 1469 868 1469 110 1470 108 1470 868 1470 868 1470 108 1470 867 1470 108 1471 107 1471 867 1471 867 1471 107 1471 866 1471 107 1472 60 1472 866 1472 866 1472 60 1472 865 1472 60 1473 80 1473 865 1473 865 1473 80 1473 864 1473 80 1474 79 1474 864 1474 864 1474 79 1474 863 1474 79 1475 83 1475 863 1475 863 1475 83 1475 862 1475 83 1476 82 1476 862 1476 862 1476 82 1476 861 1476 82 1477 92 1477 861 1477 861 1478 92 1478 918 1478 92 1479 91 1479 918 1479 8 3 25 3 147 3 25 3 276 3 147 3 147 3 276 3 148 3 132 1480 130 1480 963 1480 169 1481 173 1481 217 1481 964 1482 965 1482 171 1482 162 1483 171 1483 164 1483 171 1484 965 1484 164 1484 164 1485 965 1485 166 1485 966 1486 20 1486 967 1486 20 1487 23 1487 967 1487 967 1488 23 1488 968 1488 23 1489 22 1489 968 1489 968 1489 22 1489 969 1489 22 1490 21 1490 969 1490 969 1491 21 1491 970 1491 21 1492 17 1492 970 1492 970 1493 17 1493 971 1493 17 1494 16 1494 971 1494 971 1495 16 1495 972 1495 16 1496 166 1496 972 1496 973 1497 974 1497 962 1497 975 1498 18 1498 966 1498 18 1499 19 1499 966 1499 966 1500 19 1500 20 1500 976 1501 977 1501 973 1501 977 1502 978 1502 973 1502 973 1503 978 1503 974 1503 976 1504 973 1504 979 1504 973 1505 980 1505 979 1505 979 1506 980 1506 981 1506 982 1507 983 1507 150 1507 143 1508 150 1508 145 1508 150 1509 983 1509 145 1509 145 1510 983 1510 147 1510 984 1511 13 1511 985 1511 13 1512 10 1512 985 1512 985 1513 10 1513 986 1513 10 1514 11 1514 986 1514 986 1514 11 1514 987 1514 11 1515 12 1515 987 1515 987 1516 12 1516 988 1516 12 1517 9 1517 988 1517 988 1518 9 1518 989 1518 9 1519 8 1519 989 1519 989 1520 8 1520 990 1520 8 1521 147 1521 990 1521 991 1522 157 1522 158 1522 992 1523 15 1523 984 1523 15 1524 14 1524 984 1524 984 1525 14 1525 13 1525 154 1526 152 1526 991 1526 152 1527 155 1527 991 1527 991 1528 155 1528 157 1528 154 1529 991 1529 135 1529 991 1530 993 1530 135 1530 135 1531 993 1531 136 1531 994 1532 995 1532 996 1532 995 1533 997 1533 996 1533 996 1534 997 1534 998 1534 997 1535 999 1535 998 1535 998 1536 999 1536 1000 1536 999 1537 1001 1537 1000 1537 1000 1538 1001 1538 1002 1538 1001 1539 1003 1539 1002 1539 1002 1540 1003 1540 1004 1540 1003 1541 1005 1541 1004 1541 1004 1542 1005 1542 1006 1542 1005 1543 1007 1543 1006 1543 1006 1544 1007 1544 1008 1544 1007 1545 1009 1545 1008 1545 1008 1546 1009 1546 1010 1546 1009 1547 1011 1547 1010 1547 1010 1548 1011 1548 1012 1548 1011 1549 1013 1549 1012 1549 1012 1550 1013 1550 1014 1550 1013 1551 1015 1551 1014 1551 1014 1552 1015 1552 1016 1552 1015 1553 1017 1553 1016 1553 1016 1554 1017 1554 1018 1554 1017 1555 1019 1555 1018 1555 1018 1556 1019 1556 1020 1556 1019 1557 1021 1557 1020 1557 1020 1558 1021 1558 1022 1558 1021 1558 1023 1558 1022 1558 1022 1559 1023 1559 1024 1559 1023 1560 1025 1560 1024 1560 1024 1561 1025 1561 1026 1561 1025 1562 1027 1562 1026 1562 1026 1563 1027 1563 1028 1563 1027 1564 1029 1564 1028 1564 1028 1565 1029 1565 1030 1565 1029 1566 1031 1566 1030 1566 1030 1567 1031 1567 1032 1567 1031 1568 1033 1568 1032 1568 1032 1569 1033 1569 1034 1569 1033 1570 1035 1570 1034 1570 1034 1571 1035 1571 1036 1571 1035 1572 1037 1572 1036 1572 1036 1573 1037 1573 1038 1573 1037 1574 1039 1574 1038 1574 1038 1575 1039 1575 1040 1575 1039 1576 1041 1576 1040 1576 1040 1577 1041 1577 1042 1577 1041 1578 1043 1578 1042 1578 1042 1579 1043 1579 1044 1579 1043 1580 1045 1580 1044 1580 1044 1581 1045 1581 1046 1581 1045 1582 1047 1582 1046 1582 1046 1583 1047 1583 1048 1583 1047 1584 1049 1584 1048 1584 1048 1585 1049 1585 1050 1585 1049 1586 1051 1586 1050 1586 1050 1587 1051 1587 1052 1587 1051 1588 1053 1588 1052 1588 1052 1589 1053 1589 1054 1589 1053 1590 1055 1590 1054 1590 1054 1591 1055 1591 1056 1591 1055 1592 1057 1592 1056 1592 1056 1593 1057 1593 1058 1593 1057 1594 1059 1594 1058 1594 1058 1595 1059 1595 1060 1595 1059 1596 1061 1596 1060 1596 1060 1597 1061 1597 1062 1597 1061 1598 1063 1598 1062 1598 1062 1599 1063 1599 1064 1599 1063 1600 1065 1600 1064 1600 1064 1601 1065 1601 1066 1601 1065 1602 1067 1602 1066 1602 1066 1603 1067 1603 1068 1603 1067 1604 1069 1604 1068 1604 1068 1605 1069 1605 1070 1605 1069 1606 1071 1606 1070 1606 1070 1607 1071 1607 1072 1607 1071 1608 1073 1608 1072 1608 1072 1609 1073 1609 1074 1609 1073 1610 1075 1610 1074 1610 1074 1611 1075 1611 1076 1611 1075 1612 1077 1612 1076 1612 1076 1613 1077 1613 1078 1613 1077 1614 1079 1614 1078 1614 1078 1615 1079 1615 1080 1615 1079 1615 1081 1615 1080 1615 1080 1616 1081 1616 1082 1616 1081 1617 1083 1617 1082 1617 1082 1618 1083 1618 1084 1618 1083 1619 1085 1619 1084 1619 1084 1620 1085 1620 1086 1620 1085 1621 1087 1621 1086 1621 1086 1622 1087 1622 1088 1622 1087 1623 1089 1623 1088 1623 1088 1624 1089 1624 1090 1624 1089 1625 1091 1625 1090 1625 1090 1626 1091 1626 1092 1626 1091 1627 1093 1627 1092 1627 1092 1628 1093 1628 1094 1628 1093 1629 1095 1629 1094 1629 1094 1630 1095 1630 1096 1630 1095 1631 1097 1631 1096 1631 1096 1632 1097 1632 1098 1632 1097 1633 1099 1633 1098 1633 1098 1634 1099 1634 1100 1634 1099 1635 1101 1635 1100 1635 1100 1636 1101 1636 1102 1636 1101 1637 1103 1637 1102 1637 1102 1638 1103 1638 1104 1638 1103 1639 1105 1639 1104 1639 1104 1640 1105 1640 1106 1640 1105 1641 1107 1641 1106 1641 1106 1642 1107 1642 1108 1642 1107 1643 1109 1643 1108 1643 1108 1644 1109 1644 994 1644 1109 1645 995 1645 994 1645 994 1646 1110 1646 1108 1646 1110 1647 1111 1647 1108 1647 1108 1648 1111 1648 1106 1648 1111 1649 1112 1649 1106 1649 1106 1650 1112 1650 1104 1650 1112 1651 1113 1651 1104 1651 1104 1652 1113 1652 1102 1652 1113 1653 1114 1653 1102 1653 1102 1654 1114 1654 1100 1654 1114 1655 1115 1655 1100 1655 1100 1656 1115 1656 1098 1656 1115 1657 1116 1657 1098 1657 1098 1658 1116 1658 1096 1658 1116 1659 1117 1659 1096 1659 1096 1660 1117 1660 1094 1660 1117 1661 1118 1661 1094 1661 1094 1662 1118 1662 1092 1662 1118 1663 1119 1663 1092 1663 1092 1664 1119 1664 1090 1664 1119 1665 1120 1665 1090 1665 1090 1666 1120 1666 1088 1666 1120 1667 1121 1667 1088 1667 1088 1668 1121 1668 1086 1668 1121 1669 1122 1669 1086 1669 1086 1670 1122 1670 1084 1670 1122 1671 1123 1671 1084 1671 1084 1672 1123 1672 1082 1672 1123 1673 1124 1673 1082 1673 1082 1674 1124 1674 1080 1674 1124 1675 1125 1675 1080 1675 1080 1675 1125 1675 1078 1675 1125 1676 1126 1676 1078 1676 1078 1677 1126 1677 1076 1677 1126 1678 1127 1678 1076 1678 1076 1679 1127 1679 1074 1679 1127 1680 1128 1680 1074 1680 1074 1681 1128 1681 1072 1681 1128 1682 1129 1682 1072 1682 1072 1683 1129 1683 1070 1683 1129 1684 1130 1684 1070 1684 1070 1685 1130 1685 1068 1685 1130 1686 1131 1686 1068 1686 1068 1687 1131 1687 1066 1687 1131 1688 1132 1688 1066 1688 1066 1689 1132 1689 1064 1689 1132 1690 1133 1690 1064 1690 1064 1691 1133 1691 1062 1691 1133 1692 1134 1692 1062 1692 1062 1693 1134 1693 1060 1693 1134 1694 1135 1694 1060 1694 1060 1695 1135 1695 1058 1695 1135 1696 1136 1696 1058 1696 1058 1697 1136 1697 1056 1697 1136 1698 1137 1698 1056 1698 1056 1699 1137 1699 1054 1699 1137 1700 1138 1700 1054 1700 1054 1701 1138 1701 1052 1701 1138 1702 1139 1702 1052 1702 1052 1703 1139 1703 1050 1703 1139 1704 1140 1704 1050 1704 1050 1705 1140 1705 1048 1705 1140 1706 1141 1706 1048 1706 1048 1707 1141 1707 1046 1707 1141 1708 1142 1708 1046 1708 1046 1709 1142 1709 1044 1709 1142 1710 1143 1710 1044 1710 1044 1711 1143 1711 1042 1711 1143 1712 1144 1712 1042 1712 1042 1713 1144 1713 1040 1713 1144 1714 1145 1714 1040 1714 1040 1715 1145 1715 1038 1715 1145 1716 1146 1716 1038 1716 1038 1717 1146 1717 1036 1717 1146 1718 1147 1718 1036 1718 1036 1719 1147 1719 1034 1719 1147 1720 1148 1720 1034 1720 1034 1721 1148 1721 1032 1721 1148 1722 1149 1722 1032 1722 1032 1723 1149 1723 1030 1723 1149 1724 1150 1724 1030 1724 1030 1725 1150 1725 1028 1725 1150 1726 1151 1726 1028 1726 1028 1727 1151 1727 1026 1727 1151 1728 1152 1728 1026 1728 1026 1729 1152 1729 1024 1729 1152 1730 1153 1730 1024 1730 1024 1731 1153 1731 1022 1731 1153 1732 1154 1732 1022 1732 1022 1732 1154 1732 1020 1732 1154 1733 1155 1733 1020 1733 1020 1734 1155 1734 1018 1734 1155 1735 1156 1735 1018 1735 1018 1736 1156 1736 1016 1736 1156 1737 1157 1737 1016 1737 1016 1738 1157 1738 1014 1738 1157 1739 1158 1739 1014 1739 1014 1740 1158 1740 1012 1740 1158 1741 1159 1741 1012 1741 1012 1742 1159 1742 1010 1742 1159 1743 1160 1743 1010 1743 1010 1744 1160 1744 1008 1744 1160 1745 1161 1745 1008 1745 1008 1746 1161 1746 1006 1746 1161 1747 1162 1747 1006 1747 1006 1748 1162 1748 1004 1748 1162 1749 1163 1749 1004 1749 1004 1750 1163 1750 1002 1750 1163 1751 1164 1751 1002 1751 1002 1752 1164 1752 1000 1752 1164 1753 1165 1753 1000 1753 1000 1754 1165 1754 998 1754 1165 1755 1166 1755 998 1755 998 1756 1166 1756 996 1756 1166 1757 1167 1757 996 1757 996 1758 1167 1758 994 1758 1167 1759 1110 1759 994 1759 1167 1760 1168 1760 1110 1760 1168 1761 1169 1761 1110 1761 1110 1762 1169 1762 1111 1762 1169 1763 1170 1763 1111 1763 1111 1764 1170 1764 1112 1764 1170 1765 1171 1765 1112 1765 1112 1766 1171 1766 1113 1766 1171 1767 1172 1767 1113 1767 1113 1768 1172 1768 1114 1768 1172 1769 1173 1769 1114 1769 1114 1770 1173 1770 1115 1770 1173 1771 1174 1771 1115 1771 1115 1772 1174 1772 1116 1772 1174 1773 1175 1773 1116 1773 1116 1774 1175 1774 1117 1774 1175 1775 1176 1775 1117 1775 1117 1776 1176 1776 1118 1776 1176 1777 1177 1777 1118 1777 1118 1778 1177 1778 1119 1778 1177 1779 1178 1779 1119 1779 1119 1780 1178 1780 1120 1780 1178 1781 1179 1781 1120 1781 1120 1782 1179 1782 1121 1782 1179 1783 1180 1783 1121 1783 1121 1784 1180 1784 1122 1784 1180 1785 1181 1785 1122 1785 1122 1786 1181 1786 1123 1786 1181 1787 1182 1787 1123 1787 1123 1788 1182 1788 1124 1788 1182 1789 1183 1789 1124 1789 1124 1789 1183 1789 1125 1789 1183 1790 1184 1790 1125 1790 1125 1791 1184 1791 1126 1791 1184 1792 1185 1792 1126 1792 1126 1793 1185 1793 1127 1793 1185 1794 1186 1794 1127 1794 1127 1795 1186 1795 1128 1795 1186 1796 1187 1796 1128 1796 1128 1797 1187 1797 1129 1797 1187 1798 1188 1798 1129 1798 1129 1799 1188 1799 1130 1799 1188 1800 1189 1800 1130 1800 1130 1801 1189 1801 1131 1801 1189 1802 1190 1802 1131 1802 1131 1803 1190 1803 1132 1803 1190 1804 1191 1804 1132 1804 1132 1805 1191 1805 1133 1805 1191 1806 1192 1806 1133 1806 1133 1807 1192 1807 1134 1807 1192 1808 1193 1808 1134 1808 1134 1809 1193 1809 1135 1809 1193 1810 1194 1810 1135 1810 1135 1811 1194 1811 1136 1811 1194 1812 1195 1812 1136 1812 1136 1813 1195 1813 1137 1813 1195 1814 1196 1814 1137 1814 1137 1815 1196 1815 1138 1815 1196 1816 1197 1816 1138 1816 1138 1817 1197 1817 1139 1817 1197 1818 1198 1818 1139 1818 1139 1819 1198 1819 1140 1819 1198 1820 1199 1820 1140 1820 1140 1821 1199 1821 1141 1821 1199 1822 1200 1822 1141 1822 1141 1823 1200 1823 1142 1823 1200 1824 1201 1824 1142 1824 1142 1825 1201 1825 1143 1825 1201 1826 1202 1826 1143 1826 1143 1827 1202 1827 1144 1827 1202 1828 1203 1828 1144 1828 1144 1829 1203 1829 1145 1829 1203 1830 1204 1830 1145 1830 1145 1831 1204 1831 1146 1831 1204 1832 1205 1832 1146 1832 1146 1833 1205 1833 1147 1833 1205 1834 1206 1834 1147 1834 1147 1835 1206 1835 1148 1835 1206 1836 1207 1836 1148 1836 1148 1837 1207 1837 1149 1837 1207 1838 1208 1838 1149 1838 1149 1839 1208 1839 1150 1839 1208 1840 1209 1840 1150 1840 1150 1841 1209 1841 1151 1841 1209 1842 1210 1842 1151 1842 1151 1843 1210 1843 1152 1843 1210 1844 1211 1844 1152 1844 1152 1845 1211 1845 1153 1845 1211 1846 1212 1846 1153 1846 1153 1846 1212 1846 1154 1846 1212 1847 1213 1847 1154 1847 1154 1848 1213 1848 1155 1848 1213 1849 1214 1849 1155 1849 1155 1850 1214 1850 1156 1850 1214 1851 1215 1851 1156 1851 1156 1852 1215 1852 1157 1852 1215 1853 1216 1853 1157 1853 1157 1854 1216 1854 1158 1854 1216 1855 1217 1855 1158 1855 1158 1856 1217 1856 1159 1856 1217 1857 1218 1857 1159 1857 1159 1858 1218 1858 1160 1858 1218 1859 1219 1859 1160 1859 1160 1860 1219 1860 1161 1860 1219 1861 1220 1861 1161 1861 1161 1862 1220 1862 1162 1862 1220 1863 1221 1863 1162 1863 1162 1864 1221 1864 1163 1864 1221 1865 1222 1865 1163 1865 1163 1866 1222 1866 1164 1866 1222 1867 1223 1867 1164 1867 1164 1868 1223 1868 1165 1868 1223 1869 1224 1869 1165 1869 1165 1870 1224 1870 1166 1870 1224 1871 1225 1871 1166 1871 1166 1872 1225 1872 1167 1872 1225 1873 1168 1873 1167 1873 1225 1874 1226 1874 1168 1874 1226 1875 1227 1875 1168 1875 1168 1876 1227 1876 1169 1876 1227 1877 1228 1877 1169 1877 1169 1878 1228 1878 1170 1878 1228 1879 1229 1879 1170 1879 1170 1880 1229 1880 1171 1880 1229 1881 1230 1881 1171 1881 1171 1882 1230 1882 1172 1882 1230 1883 1231 1883 1172 1883 1172 1884 1231 1884 1173 1884 1231 1885 1232 1885 1173 1885 1173 1886 1232 1886 1174 1886 1232 1887 1233 1887 1174 1887 1174 1888 1233 1888 1175 1888 1233 1889 1234 1889 1175 1889 1175 1890 1234 1890 1176 1890 1234 1891 1235 1891 1176 1891 1176 1892 1235 1892 1177 1892 1235 1893 1236 1893 1177 1893 1177 1894 1236 1894 1178 1894 1236 1895 1237 1895 1178 1895 1178 1896 1237 1896 1179 1896 1237 1897 1238 1897 1179 1897 1179 1898 1238 1898 1180 1898 1238 1899 1239 1899 1180 1899 1180 1900 1239 1900 1181 1900 1239 1901 1240 1901 1181 1901 1181 1902 1240 1902 1182 1902 1240 1903 1241 1903 1182 1903 1182 1903 1241 1903 1183 1903 1241 1904 1242 1904 1183 1904 1183 1905 1242 1905 1184 1905 1242 1906 1243 1906 1184 1906 1184 1907 1243 1907 1185 1907 1243 1908 1244 1908 1185 1908 1185 1909 1244 1909 1186 1909 1244 1910 1245 1910 1186 1910 1186 1911 1245 1911 1187 1911 1245 1912 1246 1912 1187 1912 1187 1913 1246 1913 1188 1913 1246 1914 1247 1914 1188 1914 1188 1915 1247 1915 1189 1915 1247 1916 1248 1916 1189 1916 1189 1917 1248 1917 1190 1917 1248 1918 1249 1918 1190 1918 1190 1919 1249 1919 1191 1919 1249 1920 1250 1920 1191 1920 1191 1921 1250 1921 1192 1921 1250 1922 1251 1922 1192 1922 1192 1923 1251 1923 1193 1923 1251 1924 1252 1924 1193 1924 1193 1925 1252 1925 1194 1925 1252 1926 1253 1926 1194 1926 1194 1927 1253 1927 1195 1927 1253 1928 1254 1928 1195 1928 1195 1929 1254 1929 1196 1929 1254 1930 1255 1930 1196 1930 1196 1931 1255 1931 1197 1931 1255 1932 1256 1932 1197 1932 1197 1933 1256 1933 1198 1933 1256 1934 1257 1934 1198 1934 1198 1935 1257 1935 1199 1935 1257 1936 1258 1936 1199 1936 1199 1937 1258 1937 1200 1937 1258 1938 1259 1938 1200 1938 1200 1939 1259 1939 1201 1939 1259 1940 1260 1940 1201 1940 1201 1941 1260 1941 1202 1941 1260 1942 1261 1942 1202 1942 1202 1943 1261 1943 1203 1943 1261 1944 1262 1944 1203 1944 1203 1945 1262 1945 1204 1945 1262 1946 1263 1946 1204 1946 1204 1947 1263 1947 1205 1947 1263 1948 1264 1948 1205 1948 1205 1949 1264 1949 1206 1949 1264 1950 1265 1950 1206 1950 1206 1951 1265 1951 1207 1951 1265 1952 1266 1952 1207 1952 1207 1953 1266 1953 1208 1953 1266 1954 1267 1954 1208 1954 1208 1955 1267 1955 1209 1955 1267 1956 1268 1956 1209 1956 1209 1957 1268 1957 1210 1957 1268 1958 1269 1958 1210 1958 1210 1959 1269 1959 1211 1959 1269 1960 1270 1960 1211 1960 1211 1960 1270 1960 1212 1960 1270 1961 1271 1961 1212 1961 1212 1962 1271 1962 1213 1962 1271 1963 1272 1963 1213 1963 1213 1964 1272 1964 1214 1964 1272 1965 1273 1965 1214 1965 1214 1966 1273 1966 1215 1966 1273 1967 1274 1967 1215 1967 1215 1968 1274 1968 1216 1968 1274 1969 1275 1969 1216 1969 1216 1970 1275 1970 1217 1970 1275 1971 1276 1971 1217 1971 1217 1972 1276 1972 1218 1972 1276 1973 1277 1973 1218 1973 1218 1974 1277 1974 1219 1974 1277 1975 1278 1975 1219 1975 1219 1976 1278 1976 1220 1976 1278 1977 1279 1977 1220 1977 1220 1978 1279 1978 1221 1978 1279 1979 1280 1979 1221 1979 1221 1980 1280 1980 1222 1980 1280 1981 1281 1981 1222 1981 1222 1982 1281 1982 1223 1982 1281 1983 1282 1983 1223 1983 1223 1984 1282 1984 1224 1984 1282 1985 1283 1985 1224 1985 1224 1986 1283 1986 1225 1986 1283 1987 1226 1987 1225 1987 1283 1988 1284 1988 1226 1988 1284 1989 1285 1989 1226 1989 1226 1990 1285 1990 1227 1990 1285 1991 1286 1991 1227 1991 1227 1992 1286 1992 1228 1992 1286 1993 1287 1993 1228 1993 1228 1994 1287 1994 1229 1994 1287 1995 1288 1995 1229 1995 1229 1996 1288 1996 1230 1996 1288 1997 1289 1997 1230 1997 1230 1998 1289 1998 1231 1998 1289 1999 1290 1999 1231 1999 1231 2000 1290 2000 1232 2000 1290 2001 1291 2001 1232 2001 1232 2002 1291 2002 1233 2002 1291 2003 1292 2003 1233 2003 1233 2004 1292 2004 1234 2004 1292 2005 1293 2005 1234 2005 1234 2006 1293 2006 1235 2006 1293 2007 1294 2007 1235 2007 1235 2008 1294 2008 1236 2008 1294 2009 1295 2009 1236 2009 1236 2010 1295 2010 1237 2010 1295 2011 1296 2011 1237 2011 1237 2012 1296 2012 1238 2012 1296 2013 1297 2013 1238 2013 1238 2014 1297 2014 1239 2014 1297 2015 1298 2015 1239 2015 1239 2016 1298 2016 1240 2016 1298 2017 1299 2017 1240 2017 1240 2017 1299 2017 1241 2017 1299 2018 1300 2018 1241 2018 1241 2019 1300 2019 1242 2019 1300 2020 1301 2020 1242 2020 1242 2021 1301 2021 1243 2021 1301 2022 1302 2022 1243 2022 1243 2023 1302 2023 1244 2023 1302 2024 1303 2024 1244 2024 1244 2025 1303 2025 1245 2025 1303 2026 1304 2026 1245 2026 1245 2027 1304 2027 1246 2027 1304 2028 1305 2028 1246 2028 1246 2029 1305 2029 1247 2029 1305 2030 1306 2030 1247 2030 1247 2031 1306 2031 1248 2031 1306 2032 1307 2032 1248 2032 1248 2033 1307 2033 1249 2033 1307 2034 1308 2034 1249 2034 1249 2035 1308 2035 1250 2035 1308 2036 1309 2036 1250 2036 1250 2037 1309 2037 1251 2037 1309 2038 1310 2038 1251 2038 1251 2039 1310 2039 1252 2039 1310 2040 1311 2040 1252 2040 1252 2041 1311 2041 1253 2041 1311 2042 1312 2042 1253 2042 1253 2043 1312 2043 1254 2043 1312 2044 1313 2044 1254 2044 1254 2045 1313 2045 1255 2045 1313 2046 1314 2046 1255 2046 1255 2047 1314 2047 1256 2047 1314 2048 1315 2048 1256 2048 1256 2049 1315 2049 1257 2049 1315 2050 1316 2050 1257 2050 1257 2051 1316 2051 1258 2051 1316 2052 1317 2052 1258 2052 1258 2053 1317 2053 1259 2053 1317 2054 1318 2054 1259 2054 1259 2055 1318 2055 1260 2055 1318 2056 1319 2056 1260 2056 1260 2057 1319 2057 1261 2057 1319 2058 1320 2058 1261 2058 1261 2059 1320 2059 1262 2059 1320 2060 1321 2060 1262 2060 1262 2061 1321 2061 1263 2061 1321 2062 1322 2062 1263 2062 1263 2063 1322 2063 1264 2063 1322 2064 1323 2064 1264 2064 1264 2065 1323 2065 1265 2065 1323 2066 1324 2066 1265 2066 1265 2067 1324 2067 1266 2067 1324 2068 1325 2068 1266 2068 1266 2069 1325 2069 1267 2069 1325 2070 1326 2070 1267 2070 1267 2071 1326 2071 1268 2071 1326 2072 1327 2072 1268 2072 1268 2073 1327 2073 1269 2073 1327 2074 1328 2074 1269 2074 1269 2074 1328 2074 1270 2074 1328 2075 1329 2075 1270 2075 1270 2076 1329 2076 1271 2076 1329 2077 1330 2077 1271 2077 1271 2078 1330 2078 1272 2078 1330 2079 1331 2079 1272 2079 1272 2080 1331 2080 1273 2080 1331 2081 1332 2081 1273 2081 1273 2082 1332 2082 1274 2082 1332 2083 1333 2083 1274 2083 1274 2084 1333 2084 1275 2084 1333 2085 1334 2085 1275 2085 1275 2086 1334 2086 1276 2086 1334 2087 1335 2087 1276 2087 1276 2088 1335 2088 1277 2088 1335 2089 1336 2089 1277 2089 1277 2090 1336 2090 1278 2090 1336 2091 1337 2091 1278 2091 1278 2092 1337 2092 1279 2092 1337 2093 1338 2093 1279 2093 1279 2094 1338 2094 1280 2094 1338 2095 1339 2095 1280 2095 1280 2096 1339 2096 1281 2096 1339 2097 1340 2097 1281 2097 1281 2098 1340 2098 1282 2098 1340 2099 1341 2099 1282 2099 1282 2100 1341 2100 1283 2100 1341 2101 1284 2101 1283 2101 1341 2102 1342 2102 1284 2102 1342 2103 1343 2103 1284 2103 1284 2104 1343 2104 1285 2104 1343 2105 1344 2105 1285 2105 1285 2106 1344 2106 1286 2106 1344 2107 1345 2107 1286 2107 1286 2108 1345 2108 1287 2108 1345 2109 1346 2109 1287 2109 1287 2110 1346 2110 1288 2110 1346 2111 1347 2111 1288 2111 1288 2112 1347 2112 1289 2112 1347 2113 1348 2113 1289 2113 1289 2114 1348 2114 1290 2114 1348 2115 1349 2115 1290 2115 1290 2116 1349 2116 1291 2116 1349 2117 1350 2117 1291 2117 1291 2118 1350 2118 1292 2118 1350 2119 1351 2119 1292 2119 1292 2120 1351 2120 1293 2120 1351 2121 1352 2121 1293 2121 1293 2122 1352 2122 1294 2122 1352 2123 1353 2123 1294 2123 1294 2124 1353 2124 1295 2124 1353 2125 1354 2125 1295 2125 1295 2126 1354 2126 1296 2126 1354 2127 1355 2127 1296 2127 1296 2128 1355 2128 1297 2128 1355 2129 1356 2129 1297 2129 1297 2130 1356 2130 1298 2130 1356 2131 1357 2131 1298 2131 1298 2131 1357 2131 1299 2131 1357 2132 1358 2132 1299 2132 1299 2133 1358 2133 1300 2133 1358 2134 1359 2134 1300 2134 1300 2135 1359 2135 1301 2135 1359 2136 1360 2136 1301 2136 1301 2137 1360 2137 1302 2137 1360 2138 1361 2138 1302 2138 1302 2139 1361 2139 1303 2139 1361 2140 1362 2140 1303 2140 1303 2141 1362 2141 1304 2141 1362 2142 1363 2142 1304 2142 1304 2143 1363 2143 1305 2143 1363 2144 1364 2144 1305 2144 1305 2145 1364 2145 1306 2145 1364 2146 1365 2146 1306 2146 1306 2147 1365 2147 1307 2147 1365 2148 1366 2148 1307 2148 1307 2149 1366 2149 1308 2149 1366 2150 1367 2150 1308 2150 1308 2151 1367 2151 1309 2151 1367 2152 1368 2152 1309 2152 1309 2153 1368 2153 1310 2153 1368 2154 1369 2154 1310 2154 1310 2155 1369 2155 1311 2155 1369 2156 1370 2156 1311 2156 1311 2157 1370 2157 1312 2157 1370 2158 1371 2158 1312 2158 1312 2159 1371 2159 1313 2159 1371 2160 1372 2160 1313 2160 1313 2161 1372 2161 1314 2161 1372 2162 1373 2162 1314 2162 1314 2163 1373 2163 1315 2163 1373 2164 1374 2164 1315 2164 1315 2165 1374 2165 1316 2165 1374 2166 1375 2166 1316 2166 1316 2167 1375 2167 1317 2167 1375 2168 1376 2168 1317 2168 1317 2169 1376 2169 1318 2169 1376 2170 1377 2170 1318 2170 1318 2171 1377 2171 1319 2171 1377 2172 1378 2172 1319 2172 1319 2173 1378 2173 1320 2173 1378 2174 1379 2174 1320 2174 1320 2175 1379 2175 1321 2175 1379 2176 1380 2176 1321 2176 1321 2177 1380 2177 1322 2177 1380 2178 1381 2178 1322 2178 1322 2179 1381 2179 1323 2179 1381 2180 1382 2180 1323 2180 1323 2181 1382 2181 1324 2181 1382 2182 1383 2182 1324 2182 1324 2183 1383 2183 1325 2183 1383 2184 1384 2184 1325 2184 1325 2185 1384 2185 1326 2185 1384 2186 1385 2186 1326 2186 1326 2187 1385 2187 1327 2187 1385 2188 1386 2188 1327 2188 1327 2188 1386 2188 1328 2188 1386 2189 1387 2189 1328 2189 1328 2190 1387 2190 1329 2190 1387 2191 1388 2191 1329 2191 1329 2192 1388 2192 1330 2192 1388 2193 1389 2193 1330 2193 1330 2194 1389 2194 1331 2194 1389 2195 1390 2195 1331 2195 1331 2196 1390 2196 1332 2196 1390 2197 1391 2197 1332 2197 1332 2198 1391 2198 1333 2198 1391 2199 1392 2199 1333 2199 1333 2200 1392 2200 1334 2200 1392 2201 1393 2201 1334 2201 1334 2202 1393 2202 1335 2202 1393 2203 1394 2203 1335 2203 1335 2204 1394 2204 1336 2204 1394 2205 1395 2205 1336 2205 1336 2206 1395 2206 1337 2206 1395 2207 1396 2207 1337 2207 1337 2208 1396 2208 1338 2208 1396 2209 1397 2209 1338 2209 1338 2210 1397 2210 1339 2210 1397 2211 1398 2211 1339 2211 1339 2212 1398 2212 1340 2212 1398 2213 1399 2213 1340 2213 1340 2214 1399 2214 1341 2214 1399 2215 1342 2215 1341 2215 1399 2216 1400 2216 1342 2216 1400 2217 1401 2217 1342 2217 1342 2218 1401 2218 1343 2218 1401 2219 1402 2219 1343 2219 1343 2220 1402 2220 1344 2220 1402 2221 1403 2221 1344 2221 1344 2222 1403 2222 1345 2222 1403 2223 1404 2223 1345 2223 1345 2224 1404 2224 1346 2224 1404 2225 1405 2225 1346 2225 1346 2226 1405 2226 1347 2226 1405 2227 1406 2227 1347 2227 1347 2228 1406 2228 1348 2228 1406 2229 1407 2229 1348 2229 1348 2230 1407 2230 1349 2230 1407 2231 1408 2231 1349 2231 1349 2231 1408 2231 1350 2231 1408 2232 1409 2232 1350 2232 1350 2233 1409 2233 1351 2233 1409 2234 1410 2234 1351 2234 1351 2235 1410 2235 1352 2235 1410 2236 1411 2236 1352 2236 1352 2237 1411 2237 1353 2237 1411 2238 1412 2238 1353 2238 1353 2239 1412 2239 1354 2239 1412 2240 1413 2240 1354 2240 1354 2241 1413 2241 1355 2241 1413 2242 1414 2242 1355 2242 1355 2243 1414 2243 1356 2243 1414 2244 1415 2244 1356 2244 1356 2244 1415 2244 1357 2244 1415 2245 1416 2245 1357 2245 1357 2246 1416 2246 1358 2246 1416 2247 1417 2247 1358 2247 1358 2248 1417 2248 1359 2248 1417 2249 1418 2249 1359 2249 1359 2250 1418 2250 1360 2250 1418 2251 1419 2251 1360 2251 1360 2252 1419 2252 1361 2252 1419 2253 1420 2253 1361 2253 1361 2254 1420 2254 1362 2254 1420 2255 1421 2255 1362 2255 1362 2256 1421 2256 1363 2256 1421 2257 1422 2257 1363 2257 1363 2258 1422 2258 1364 2258 1422 2259 1423 2259 1364 2259 1364 2260 1423 2260 1365 2260 1423 2261 1424 2261 1365 2261 1365 2262 1424 2262 1366 2262 1424 2263 1425 2263 1366 2263 1366 2264 1425 2264 1367 2264 1425 2265 1426 2265 1367 2265 1367 2266 1426 2266 1368 2266 1426 2267 1427 2267 1368 2267 1368 2268 1427 2268 1369 2268 1427 2269 1428 2269 1369 2269 1369 2270 1428 2270 1370 2270 1428 2271 1429 2271 1370 2271 1370 2272 1429 2272 1371 2272 1429 2273 1430 2273 1371 2273 1371 2274 1430 2274 1372 2274 1430 2275 1431 2275 1372 2275 1372 2276 1431 2276 1373 2276 1431 2277 1432 2277 1373 2277 1373 2278 1432 2278 1374 2278 1432 2279 1433 2279 1374 2279 1374 2280 1433 2280 1375 2280 1433 2281 1434 2281 1375 2281 1375 2282 1434 2282 1376 2282 1434 2283 1435 2283 1376 2283 1376 2284 1435 2284 1377 2284 1435 2285 1436 2285 1377 2285 1377 2286 1436 2286 1378 2286 1436 2287 1437 2287 1378 2287 1378 2287 1437 2287 1379 2287 1437 2288 1438 2288 1379 2288 1379 2289 1438 2289 1380 2289 1438 2290 1439 2290 1380 2290 1380 2291 1439 2291 1381 2291 1439 2292 1440 2292 1381 2292 1381 2293 1440 2293 1382 2293 1440 2294 1441 2294 1382 2294 1382 2295 1441 2295 1383 2295 1441 2296 1442 2296 1383 2296 1383 2297 1442 2297 1384 2297 1442 2298 1443 2298 1384 2298 1384 2299 1443 2299 1385 2299 1443 2300 1444 2300 1385 2300 1385 2300 1444 2300 1386 2300 1444 2301 1445 2301 1386 2301 1386 2302 1445 2302 1387 2302 1445 2303 1446 2303 1387 2303 1387 2304 1446 2304 1388 2304 1446 2305 1447 2305 1388 2305 1388 2306 1447 2306 1389 2306 1447 2307 1448 2307 1389 2307 1389 2308 1448 2308 1390 2308 1448 2309 1449 2309 1390 2309 1390 2310 1449 2310 1391 2310 1449 2311 1450 2311 1391 2311 1391 2312 1450 2312 1392 2312 1450 2313 1451 2313 1392 2313 1392 2314 1451 2314 1393 2314 1451 2315 1452 2315 1393 2315 1393 2316 1452 2316 1394 2316 1452 2317 1453 2317 1394 2317 1394 2318 1453 2318 1395 2318 1453 2319 1454 2319 1395 2319 1395 2320 1454 2320 1396 2320 1454 2321 1455 2321 1396 2321 1396 2322 1455 2322 1397 2322 1455 2323 1456 2323 1397 2323 1397 2324 1456 2324 1398 2324 1456 2325 1457 2325 1398 2325 1398 2326 1457 2326 1399 2326 1457 2327 1400 2327 1399 2327 1457 2328 1458 2328 1400 2328 1458 2329 1459 2329 1400 2329 1400 2330 1459 2330 1401 2330 1459 2331 1460 2331 1401 2331 1401 2332 1460 2332 1402 2332 1460 2333 1461 2333 1402 2333 1402 2334 1461 2334 1403 2334 1461 2335 1462 2335 1403 2335 1403 2336 1462 2336 1404 2336 1462 2337 1463 2337 1404 2337 1404 2338 1463 2338 1405 2338 1463 2339 1464 2339 1405 2339 1405 2340 1464 2340 1406 2340 1464 2341 1465 2341 1406 2341 1406 2342 1465 2342 1407 2342 1465 2343 1466 2343 1407 2343 1407 2344 1466 2344 1408 2344 1466 2345 1467 2345 1408 2345 1408 2346 1467 2346 1409 2346 1467 2347 1468 2347 1409 2347 1409 2348 1468 2348 1410 2348 1468 2349 1469 2349 1410 2349 1410 2350 1469 2350 1411 2350 1469 2351 1470 2351 1411 2351 1411 2352 1470 2352 1412 2352 1470 2353 1471 2353 1412 2353 1412 2354 1471 2354 1413 2354 1471 2355 1472 2355 1413 2355 1413 2356 1472 2356 1414 2356 1472 2357 1473 2357 1414 2357 1414 2357 1473 2357 1415 2357 1473 2358 1474 2358 1415 2358 1415 2359 1474 2359 1416 2359 1474 2360 1475 2360 1416 2360 1416 2361 1475 2361 1417 2361 1475 2362 1476 2362 1417 2362 1417 2363 1476 2363 1418 2363 1476 2364 1477 2364 1418 2364 1418 2365 1477 2365 1419 2365 1477 2366 1478 2366 1419 2366 1419 2367 1478 2367 1420 2367 1478 2368 1479 2368 1420 2368 1420 2369 1479 2369 1421 2369 1479 2370 1480 2370 1421 2370 1421 2371 1480 2371 1422 2371 1480 2372 1481 2372 1422 2372 1422 2373 1481 2373 1423 2373 1481 2374 1482 2374 1423 2374 1423 2375 1482 2375 1424 2375 1482 2376 1483 2376 1424 2376 1424 2377 1483 2377 1425 2377 1483 2378 1484 2378 1425 2378 1425 2379 1484 2379 1426 2379 1484 2380 1485 2380 1426 2380 1426 2381 1485 2381 1427 2381 1485 2382 1486 2382 1427 2382 1427 2383 1486 2383 1428 2383 1486 2384 1487 2384 1428 2384 1428 2385 1487 2385 1429 2385 1487 2386 1488 2386 1429 2386 1429 2387 1488 2387 1430 2387 1488 2388 1489 2388 1430 2388 1430 2389 1489 2389 1431 2389 1489 2390 1490 2390 1431 2390 1431 2391 1490 2391 1432 2391 1490 2392 1491 2392 1432 2392 1432 2393 1491 2393 1433 2393 1491 2394 1492 2394 1433 2394 1433 2395 1492 2395 1434 2395 1492 2396 1493 2396 1434 2396 1434 2397 1493 2397 1435 2397 1493 2398 1494 2398 1435 2398 1435 2399 1494 2399 1436 2399 1494 2400 1495 2400 1436 2400 1436 2401 1495 2401 1437 2401 1495 2402 1496 2402 1437 2402 1437 2403 1496 2403 1438 2403 1496 2404 1497 2404 1438 2404 1438 2405 1497 2405 1439 2405 1497 2406 1498 2406 1439 2406 1439 2407 1498 2407 1440 2407 1498 2408 1499 2408 1440 2408 1440 2409 1499 2409 1441 2409 1499 2410 1500 2410 1441 2410 1441 2411 1500 2411 1442 2411 1500 2412 1501 2412 1442 2412 1442 2413 1501 2413 1443 2413 1501 2414 1502 2414 1443 2414 1443 2414 1502 2414 1444 2414 1502 2415 1503 2415 1444 2415 1444 2416 1503 2416 1445 2416 1503 2417 1504 2417 1445 2417 1445 2418 1504 2418 1446 2418 1504 2419 1505 2419 1446 2419 1446 2420 1505 2420 1447 2420 1505 2421 1506 2421 1447 2421 1447 2422 1506 2422 1448 2422 1506 2423 1507 2423 1448 2423 1448 2424 1507 2424 1449 2424 1507 2425 1508 2425 1449 2425 1449 2426 1508 2426 1450 2426 1508 2427 1509 2427 1450 2427 1450 2428 1509 2428 1451 2428 1509 2429 1510 2429 1451 2429 1451 2430 1510 2430 1452 2430 1510 2431 1511 2431 1452 2431 1452 2432 1511 2432 1453 2432 1511 2433 1512 2433 1453 2433 1453 2434 1512 2434 1454 2434 1512 2435 1513 2435 1454 2435 1454 2436 1513 2436 1455 2436 1513 2437 1514 2437 1455 2437 1455 2438 1514 2438 1456 2438 1514 2439 1515 2439 1456 2439 1456 2440 1515 2440 1457 2440 1515 2441 1458 2441 1457 2441 1515 2442 1516 2442 1458 2442 1516 2443 1517 2443 1458 2443 1458 2444 1517 2444 1459 2444 1517 2445 1518 2445 1459 2445 1459 2446 1518 2446 1460 2446 1518 2447 1519 2447 1460 2447 1460 2448 1519 2448 1461 2448 1519 2449 1520 2449 1461 2449 1461 2450 1520 2450 1462 2450 1520 2451 1521 2451 1462 2451 1462 2452 1521 2452 1463 2452 1521 2453 1522 2453 1463 2453 1463 2454 1522 2454 1464 2454 1522 2455 1523 2455 1464 2455 1464 2456 1523 2456 1465 2456 1523 2457 1524 2457 1465 2457 1465 2458 1524 2458 1466 2458 1524 2459 1525 2459 1466 2459 1466 2460 1525 2460 1467 2460 1525 2461 1526 2461 1467 2461 1467 2462 1526 2462 1468 2462 1526 2463 1527 2463 1468 2463 1468 2464 1527 2464 1469 2464 1527 2465 1528 2465 1469 2465 1469 2466 1528 2466 1470 2466 1528 2467 1529 2467 1470 2467 1470 2468 1529 2468 1471 2468 1529 2469 1530 2469 1471 2469 1471 2470 1530 2470 1472 2470 1530 2471 1531 2471 1472 2471 1472 2471 1531 2471 1473 2471 1531 2472 1532 2472 1473 2472 1473 2473 1532 2473 1474 2473 1532 2474 1533 2474 1474 2474 1474 2475 1533 2475 1475 2475 1533 2476 1534 2476 1475 2476 1475 2477 1534 2477 1476 2477 1534 2478 1535 2478 1476 2478 1476 2479 1535 2479 1477 2479 1535 2480 1536 2480 1477 2480 1477 2481 1536 2481 1478 2481 1536 2482 1537 2482 1478 2482 1478 2483 1537 2483 1479 2483 1537 2484 1538 2484 1479 2484 1479 2485 1538 2485 1480 2485 1538 2486 1539 2486 1480 2486 1480 2487 1539 2487 1481 2487 1539 2488 1540 2488 1481 2488 1481 2489 1540 2489 1482 2489 1540 2490 1541 2490 1482 2490 1482 2491 1541 2491 1483 2491 1541 2492 1542 2492 1483 2492 1483 2493 1542 2493 1484 2493 1542 2494 1543 2494 1484 2494 1484 2495 1543 2495 1485 2495 1543 2496 1544 2496 1485 2496 1485 2497 1544 2497 1486 2497 1544 2498 1545 2498 1486 2498 1486 2499 1545 2499 1487 2499 1545 2500 1546 2500 1487 2500 1487 2501 1546 2501 1488 2501 1546 2502 1547 2502 1488 2502 1488 2503 1547 2503 1489 2503 1547 2504 1548 2504 1489 2504 1489 2505 1548 2505 1490 2505 1548 2506 1549 2506 1490 2506 1490 2507 1549 2507 1491 2507 1549 2508 1550 2508 1491 2508 1491 2509 1550 2509 1492 2509 1550 2510 1551 2510 1492 2510 1492 2511 1551 2511 1493 2511 1551 2512 1552 2512 1493 2512 1493 2513 1552 2513 1494 2513 1552 2514 1553 2514 1494 2514 1494 2515 1553 2515 1495 2515 1553 2516 1554 2516 1495 2516 1495 2517 1554 2517 1496 2517 1554 2518 1555 2518 1496 2518 1496 2519 1555 2519 1497 2519 1555 2520 1556 2520 1497 2520 1497 2521 1556 2521 1498 2521 1556 2522 1557 2522 1498 2522 1498 2523 1557 2523 1499 2523 1557 2524 1558 2524 1499 2524 1499 2525 1558 2525 1500 2525 1558 2526 1559 2526 1500 2526 1500 2527 1559 2527 1501 2527 1559 2528 1560 2528 1501 2528 1501 2528 1560 2528 1502 2528 1560 2529 1561 2529 1502 2529 1502 2530 1561 2530 1503 2530 1561 2531 1562 2531 1503 2531 1503 2532 1562 2532 1504 2532 1562 2533 1563 2533 1504 2533 1504 2534 1563 2534 1505 2534 1563 2535 1564 2535 1505 2535 1505 2536 1564 2536 1506 2536 1564 2537 1565 2537 1506 2537 1506 2538 1565 2538 1507 2538 1565 2539 1566 2539 1507 2539 1507 2540 1566 2540 1508 2540 1566 2541 1567 2541 1508 2541 1508 2542 1567 2542 1509 2542 1567 2543 1568 2543 1509 2543 1509 2544 1568 2544 1510 2544 1568 2545 1569 2545 1510 2545 1510 2546 1569 2546 1511 2546 1569 2547 1570 2547 1511 2547 1511 2548 1570 2548 1512 2548 1570 2549 1571 2549 1512 2549 1512 2550 1571 2550 1513 2550 1571 2551 1572 2551 1513 2551 1513 2552 1572 2552 1514 2552 1572 2553 1573 2553 1514 2553 1514 2554 1573 2554 1515 2554 1573 2555 1516 2555 1515 2555 1573 2556 1574 2556 1516 2556 1574 2557 1575 2557 1516 2557 1516 2558 1575 2558 1517 2558 1575 2559 1576 2559 1517 2559 1517 2560 1576 2560 1518 2560 1576 2561 1577 2561 1518 2561 1518 2562 1577 2562 1519 2562 1577 2563 1578 2563 1519 2563 1519 2564 1578 2564 1520 2564 1578 2565 1579 2565 1520 2565 1520 2566 1579 2566 1521 2566 1579 2567 1580 2567 1521 2567 1521 2568 1580 2568 1522 2568 1580 2569 1581 2569 1522 2569 1522 2570 1581 2570 1523 2570 1581 2571 1582 2571 1523 2571 1523 2572 1582 2572 1524 2572 1582 2573 1583 2573 1524 2573 1524 2574 1583 2574 1525 2574 1583 2575 1584 2575 1525 2575 1525 2576 1584 2576 1526 2576 1584 2577 1585 2577 1526 2577 1526 2578 1585 2578 1527 2578 1585 2579 1586 2579 1527 2579 1527 2580 1586 2580 1528 2580 1586 2581 1587 2581 1528 2581 1528 2582 1587 2582 1529 2582 1587 2583 1588 2583 1529 2583 1529 2584 1588 2584 1530 2584 1588 2585 1589 2585 1530 2585 1530 2585 1589 2585 1531 2585 1589 2586 1590 2586 1531 2586 1531 2587 1590 2587 1532 2587 1590 2588 1591 2588 1532 2588 1532 2589 1591 2589 1533 2589 1591 2590 1592 2590 1533 2590 1533 2591 1592 2591 1534 2591 1592 2592 1593 2592 1534 2592 1534 2593 1593 2593 1535 2593 1593 2594 1594 2594 1535 2594 1535 2595 1594 2595 1536 2595 1594 2596 1595 2596 1536 2596 1536 2597 1595 2597 1537 2597 1595 2598 1596 2598 1537 2598 1537 2599 1596 2599 1538 2599 1596 2600 1597 2600 1538 2600 1538 2601 1597 2601 1539 2601 1597 2602 1598 2602 1539 2602 1539 2603 1598 2603 1540 2603 1598 2604 1599 2604 1540 2604 1540 2605 1599 2605 1541 2605 1599 2606 1600 2606 1541 2606 1541 2607 1600 2607 1542 2607 1600 2608 1601 2608 1542 2608 1542 2609 1601 2609 1543 2609 1601 2610 1602 2610 1543 2610 1543 2611 1602 2611 1544 2611 1602 2612 1603 2612 1544 2612 1544 2613 1603 2613 1545 2613 1603 2614 1604 2614 1545 2614 1545 2615 1604 2615 1546 2615 1604 2616 1605 2616 1546 2616 1546 2617 1605 2617 1547 2617 1605 2618 1606 2618 1547 2618 1547 2619 1606 2619 1548 2619 1606 2620 1607 2620 1548 2620 1548 2621 1607 2621 1549 2621 1607 2622 1608 2622 1549 2622 1549 2623 1608 2623 1550 2623 1608 2624 1609 2624 1550 2624 1550 2625 1609 2625 1551 2625 1609 2626 1610 2626 1551 2626 1551 2627 1610 2627 1552 2627 1610 2628 1611 2628 1552 2628 1552 2629 1611 2629 1553 2629 1611 2630 1612 2630 1553 2630 1553 2631 1612 2631 1554 2631 1612 2632 1613 2632 1554 2632 1554 2633 1613 2633 1555 2633 1613 2634 1614 2634 1555 2634 1555 2635 1614 2635 1556 2635 1614 2636 1615 2636 1556 2636 1556 2637 1615 2637 1557 2637 1615 2638 1616 2638 1557 2638 1557 2639 1616 2639 1558 2639 1616 2640 1617 2640 1558 2640 1558 2641 1617 2641 1559 2641 1617 2642 1618 2642 1559 2642 1559 2642 1618 2642 1560 2642 1618 2643 1619 2643 1560 2643 1560 2644 1619 2644 1561 2644 1619 2645 1620 2645 1561 2645 1561 2646 1620 2646 1562 2646 1620 2647 1621 2647 1562 2647 1562 2648 1621 2648 1563 2648 1621 2649 1622 2649 1563 2649 1563 2650 1622 2650 1564 2650 1622 2651 1623 2651 1564 2651 1564 2652 1623 2652 1565 2652 1623 2653 1624 2653 1565 2653 1565 2654 1624 2654 1566 2654 1624 2655 1625 2655 1566 2655 1566 2656 1625 2656 1567 2656 1625 2657 1626 2657 1567 2657 1567 2658 1626 2658 1568 2658 1626 2659 1627 2659 1568 2659 1568 2660 1627 2660 1569 2660 1627 2661 1628 2661 1569 2661 1569 2662 1628 2662 1570 2662 1628 2663 1629 2663 1570 2663 1570 2664 1629 2664 1571 2664 1629 2665 1630 2665 1571 2665 1571 2666 1630 2666 1572 2666 1630 2667 1631 2667 1572 2667 1572 2668 1631 2668 1573 2668 1631 2669 1574 2669 1573 2669 1631 2670 1632 2670 1574 2670 1632 2671 1633 2671 1574 2671 1574 2672 1633 2672 1575 2672 1633 2673 1634 2673 1575 2673 1575 2674 1634 2674 1576 2674 1634 2675 1635 2675 1576 2675 1576 2676 1635 2676 1577 2676 1635 2677 1636 2677 1577 2677 1577 2678 1636 2678 1578 2678 1636 2679 1637 2679 1578 2679 1578 2680 1637 2680 1579 2680 1637 2681 1638 2681 1579 2681 1579 2682 1638 2682 1580 2682 1638 2683 1639 2683 1580 2683 1580 2684 1639 2684 1581 2684 1639 2685 1640 2685 1581 2685 1581 2686 1640 2686 1582 2686 1640 2687 1641 2687 1582 2687 1582 2688 1641 2688 1583 2688 1641 2689 1642 2689 1583 2689 1583 2690 1642 2690 1584 2690 1642 2691 1643 2691 1584 2691 1584 2692 1643 2692 1585 2692 1643 2693 1644 2693 1585 2693 1585 2694 1644 2694 1586 2694 1644 2695 1645 2695 1586 2695 1586 2696 1645 2696 1587 2696 1645 2697 1646 2697 1587 2697 1587 2698 1646 2698 1588 2698 1646 2699 1647 2699 1588 2699 1588 2699 1647 2699 1589 2699 1647 2700 1648 2700 1589 2700 1589 2701 1648 2701 1590 2701 1648 2702 1649 2702 1590 2702 1590 2703 1649 2703 1591 2703 1649 2704 1650 2704 1591 2704 1591 2705 1650 2705 1592 2705 1650 2706 1651 2706 1592 2706 1592 2707 1651 2707 1593 2707 1651 2708 1652 2708 1593 2708 1593 2709 1652 2709 1594 2709 1652 2710 1653 2710 1594 2710 1594 2711 1653 2711 1595 2711 1653 2712 1654 2712 1595 2712 1595 2713 1654 2713 1596 2713 1654 2714 1655 2714 1596 2714 1596 2715 1655 2715 1597 2715 1655 2716 1656 2716 1597 2716 1597 2717 1656 2717 1598 2717 1656 2718 1657 2718 1598 2718 1598 2719 1657 2719 1599 2719 1657 2720 1658 2720 1599 2720 1599 2721 1658 2721 1600 2721 1658 2722 1659 2722 1600 2722 1600 2723 1659 2723 1601 2723 1659 2724 1660 2724 1601 2724 1601 2725 1660 2725 1602 2725 1660 2726 1661 2726 1602 2726 1602 2727 1661 2727 1603 2727 1661 2728 1662 2728 1603 2728 1603 2729 1662 2729 1604 2729 1662 2730 1663 2730 1604 2730 1604 2731 1663 2731 1605 2731 1663 2732 1664 2732 1605 2732 1605 2733 1664 2733 1606 2733 1664 2734 1665 2734 1606 2734 1606 2735 1665 2735 1607 2735 1665 2736 1666 2736 1607 2736 1607 2737 1666 2737 1608 2737 1666 2738 1667 2738 1608 2738 1608 2739 1667 2739 1609 2739 1667 2740 1668 2740 1609 2740 1609 2741 1668 2741 1610 2741 1668 2742 1669 2742 1610 2742 1610 2743 1669 2743 1611 2743 1669 2744 1670 2744 1611 2744 1611 2745 1670 2745 1612 2745 1670 2746 1671 2746 1612 2746 1612 2747 1671 2747 1613 2747 1671 2748 1672 2748 1613 2748 1613 2749 1672 2749 1614 2749 1672 2750 1673 2750 1614 2750 1614 2751 1673 2751 1615 2751 1673 2752 1674 2752 1615 2752 1615 2753 1674 2753 1616 2753 1674 2754 1675 2754 1616 2754 1616 2755 1675 2755 1617 2755 1675 2756 1676 2756 1617 2756 1617 2756 1676 2756 1618 2756 1676 2757 1677 2757 1618 2757 1618 2758 1677 2758 1619 2758 1677 2759 1678 2759 1619 2759 1619 2760 1678 2760 1620 2760 1678 2761 1679 2761 1620 2761 1620 2762 1679 2762 1621 2762 1679 2763 1680 2763 1621 2763 1621 2764 1680 2764 1622 2764 1680 2765 1681 2765 1622 2765 1622 2766 1681 2766 1623 2766 1681 2767 1682 2767 1623 2767 1623 2768 1682 2768 1624 2768 1682 2769 1683 2769 1624 2769 1624 2770 1683 2770 1625 2770 1683 2771 1684 2771 1625 2771 1625 2772 1684 2772 1626 2772 1684 2773 1685 2773 1626 2773 1626 2774 1685 2774 1627 2774 1685 2775 1686 2775 1627 2775 1627 2776 1686 2776 1628 2776 1686 2777 1687 2777 1628 2777 1628 2778 1687 2778 1629 2778 1687 2779 1688 2779 1629 2779 1629 2780 1688 2780 1630 2780 1688 2781 1689 2781 1630 2781 1630 2782 1689 2782 1631 2782 1689 2783 1632 2783 1631 2783 1689 2784 1690 2784 1632 2784 1690 2785 1691 2785 1632 2785 1632 2786 1691 2786 1633 2786 1691 2787 1692 2787 1633 2787 1633 2788 1692 2788 1634 2788 1692 2789 1693 2789 1634 2789 1634 2790 1693 2790 1635 2790 1693 2791 1694 2791 1635 2791 1635 2792 1694 2792 1636 2792 1694 2793 1695 2793 1636 2793 1636 2794 1695 2794 1637 2794 1695 2795 1696 2795 1637 2795 1637 2796 1696 2796 1638 2796 1696 2797 1697 2797 1638 2797 1638 2798 1697 2798 1639 2798 1697 2799 1698 2799 1639 2799 1639 2800 1698 2800 1640 2800 1698 2801 1699 2801 1640 2801 1640 2802 1699 2802 1641 2802 1699 2803 1700 2803 1641 2803 1641 2804 1700 2804 1642 2804 1700 2805 975 2805 1642 2805 1642 2806 975 2806 1643 2806 975 2807 966 2807 1643 2807 1643 2808 966 2808 1644 2808 966 2809 967 2809 1644 2809 1644 2810 967 2810 1645 2810 967 2811 968 2811 1645 2811 1645 2812 968 2812 1646 2812 968 2813 969 2813 1646 2813 1646 2813 969 2813 1647 2813 969 2814 970 2814 1647 2814 1647 2815 970 2815 1648 2815 970 2816 971 2816 1648 2816 1648 2817 971 2817 1649 2817 971 2818 972 2818 1649 2818 1649 2819 972 2819 1650 2819 972 2820 1701 2820 1650 2820 1650 2821 1701 2821 1651 2821 1701 2822 1702 2822 1651 2822 1651 2823 1702 2823 1652 2823 1702 2824 1703 2824 1652 2824 1652 2825 1703 2825 1653 2825 1703 2826 1704 2826 1653 2826 1653 2827 1704 2827 1654 2827 1704 2828 1705 2828 1654 2828 1654 2829 1705 2829 1655 2829 1705 2830 1706 2830 1655 2830 1655 2831 1706 2831 1656 2831 1706 2832 1707 2832 1656 2832 1656 2833 1707 2833 1657 2833 1707 2834 1708 2834 1657 2834 1657 2835 1708 2835 1658 2835 1708 2836 1709 2836 1658 2836 1658 2837 1709 2837 1659 2837 1709 2838 1710 2838 1659 2838 1659 2839 1710 2839 1660 2839 1710 2840 1711 2840 1660 2840 1660 2841 1711 2841 1661 2841 1711 2842 1712 2842 1661 2842 1661 2843 1712 2843 1662 2843 1712 2844 1713 2844 1662 2844 1662 2845 1713 2845 1663 2845 1713 2846 1714 2846 1663 2846 1663 2847 1714 2847 1664 2847 1714 2848 1715 2848 1664 2848 1664 2849 1715 2849 1665 2849 1715 2850 1716 2850 1665 2850 1665 2851 1716 2851 1666 2851 1716 2852 1717 2852 1666 2852 1666 2853 1717 2853 1667 2853 1717 2854 1718 2854 1667 2854 1667 2855 1718 2855 1668 2855 1718 2856 1719 2856 1668 2856 1668 2857 1719 2857 1669 2857 1719 2858 1720 2858 1669 2858 1669 2859 1720 2859 1670 2859 1720 2860 1721 2860 1670 2860 1670 2861 1721 2861 1671 2861 1721 2862 992 2862 1671 2862 1671 2863 992 2863 1672 2863 992 2864 984 2864 1672 2864 1672 2865 984 2865 1673 2865 984 2866 985 2866 1673 2866 1673 2867 985 2867 1674 2867 985 2868 986 2868 1674 2868 1674 2869 986 2869 1675 2869 986 2870 987 2870 1675 2870 1675 2870 987 2870 1676 2870 987 2871 988 2871 1676 2871 1676 2872 988 2872 1677 2872 988 2873 989 2873 1677 2873 1677 2874 989 2874 1678 2874 989 2875 990 2875 1678 2875 1678 2876 990 2876 1679 2876 990 2877 1722 2877 1679 2877 1679 2878 1722 2878 1680 2878 1722 2879 1723 2879 1680 2879 1680 2880 1723 2880 1681 2880 1723 2881 1724 2881 1681 2881 1681 2882 1724 2882 1682 2882 1724 2883 1725 2883 1682 2883 1682 2884 1725 2884 1683 2884 1725 2885 1726 2885 1683 2885 1683 2886 1726 2886 1684 2886 1726 2887 1727 2887 1684 2887 1684 2888 1727 2888 1685 2888 1727 2889 1728 2889 1685 2889 1685 2890 1728 2890 1686 2890 1728 2891 1729 2891 1686 2891 1686 2892 1729 2892 1687 2892 1729 2893 1730 2893 1687 2893 1687 2894 1730 2894 1688 2894 1730 2895 1731 2895 1688 2895 1688 2896 1731 2896 1689 2896 1731 2897 1690 2897 1689 2897 166 2898 965 2898 972 2898 965 2899 964 2899 972 2899 972 2900 964 2900 1701 2900 964 2901 1732 2901 1701 2901 1701 2902 1732 2902 1702 2902 1732 2903 1733 2903 1702 2903 1702 2903 1733 2903 1703 2903 1733 2904 1734 2904 1703 2904 1703 2905 1734 2905 1704 2905 1734 2906 1735 2906 1704 2906 1704 2907 1735 2907 1705 2907 1735 2908 1736 2908 1705 2908 1705 2909 1736 2909 1706 2909 1736 2910 1737 2910 1706 2910 1706 2911 1737 2911 1707 2911 1737 2912 1738 2912 1707 2912 1707 2913 1738 2913 1708 2913 1738 2914 1739 2914 1708 2914 1708 2915 1739 2915 1709 2915 1739 2916 1740 2916 1709 2916 1709 2917 1740 2917 1710 2917 1740 2918 1741 2918 1710 2918 1710 2919 1741 2919 1711 2919 1741 2920 1742 2920 1711 2920 1711 2921 1742 2921 1712 2921 1742 2922 1743 2922 1712 2922 1712 2923 1743 2923 1713 2923 1743 2924 1744 2924 1713 2924 1713 2925 1744 2925 1714 2925 1744 2926 1745 2926 1714 2926 1714 2927 1745 2927 1715 2927 1745 2928 1746 2928 1715 2928 1715 2929 1746 2929 1716 2929 1746 2930 1747 2930 1716 2930 1716 2931 1747 2931 1717 2931 1747 2932 1748 2932 1717 2932 1717 2933 1748 2933 1718 2933 1748 2934 1749 2934 1718 2934 1718 2935 1749 2935 1719 2935 1749 2936 1750 2936 1719 2936 1719 2936 1750 2936 1720 2936 1750 2937 993 2937 1720 2937 1720 2938 993 2938 1721 2938 993 2939 991 2939 1721 2939 1721 2940 991 2940 992 2940 991 2941 158 2941 992 2941 992 2942 158 2942 15 2942 147 2943 983 2943 990 2943 983 2944 982 2944 990 2944 990 2945 982 2945 1722 2945 982 2946 1751 2946 1722 2946 1722 2947 1751 2947 1723 2947 1751 2948 1752 2948 1723 2948 1723 2948 1752 2948 1724 2948 1752 2949 1753 2949 1724 2949 1724 2950 1753 2950 1725 2950 1753 2951 1754 2951 1725 2951 1725 2952 1754 2952 1726 2952 1754 2953 1755 2953 1726 2953 1726 2954 1755 2954 1727 2954 1755 2955 1756 2955 1727 2955 1727 2956 1756 2956 1728 2956 1756 2957 1757 2957 1728 2957 1728 2958 1757 2958 1729 2958 1757 2959 1758 2959 1729 2959 1729 2960 1758 2960 1730 2960 1758 2961 1759 2961 1730 2961 1730 2962 1759 2962 1731 2962 1759 2963 1760 2963 1731 2963 1731 2964 1760 2964 1690 2964 1760 2965 1761 2965 1690 2965 1690 2966 1761 2966 1691 2966 1761 2967 1762 2967 1691 2967 1691 2968 1762 2968 1692 2968 1762 2969 1763 2969 1692 2969 1692 2970 1763 2970 1693 2970 1763 2971 1764 2971 1693 2971 1693 2972 1764 2972 1694 2972 1764 2973 1765 2973 1694 2973 1694 2974 1765 2974 1695 2974 1765 2975 1766 2975 1695 2975 1695 2976 1766 2976 1696 2976 1766 2977 1767 2977 1696 2977 1696 2978 1767 2978 1697 2978 1767 2979 1768 2979 1697 2979 1697 2980 1768 2980 1698 2980 1768 2981 1769 2981 1698 2981 1698 2981 1769 2981 1699 2981 1769 2982 980 2982 1699 2982 1699 2983 980 2983 1700 2983 980 2984 973 2984 1700 2984 1700 2985 973 2985 975 2985 973 2986 962 2986 975 2986 975 2987 962 2987 18 2987 171 2988 169 2988 964 2988 169 2989 217 2989 964 2989 964 2990 217 2990 1732 2990 217 2991 215 2991 1732 2991 1732 2992 215 2992 1733 2992 215 2993 213 2993 1733 2993 1733 2994 213 2994 1734 2994 213 2995 211 2995 1734 2995 1734 2996 211 2996 1735 2996 211 2996 209 2996 1735 2996 1735 2997 209 2997 1736 2997 209 2998 207 2998 1736 2998 1736 2999 207 2999 1737 2999 207 3000 205 3000 1737 3000 1737 3001 205 3001 1738 3001 205 3002 203 3002 1738 3002 1738 3003 203 3003 1739 3003 203 3004 201 3004 1739 3004 1739 3005 201 3005 1740 3005 201 3006 199 3006 1740 3006 1740 3007 199 3007 1741 3007 199 3008 197 3008 1741 3008 1741 3009 197 3009 1742 3009 197 3010 195 3010 1742 3010 1742 3011 195 3011 1743 3011 195 3012 193 3012 1743 3012 1743 3013 193 3013 1744 3013 193 3014 191 3014 1744 3014 1744 3015 191 3015 1745 3015 191 3016 189 3016 1745 3016 1745 3017 189 3017 1746 3017 189 3018 187 3018 1746 3018 1746 3019 187 3019 1747 3019 187 3020 185 3020 1747 3020 1747 3021 185 3021 1748 3021 185 3021 183 3021 1748 3021 1748 3022 183 3022 1749 3022 183 3023 181 3023 1749 3023 1749 3024 181 3024 1750 3024 181 3025 179 3025 1750 3025 1750 3026 179 3026 993 3026 179 3027 177 3027 993 3027 993 3028 177 3028 136 3028 150 3029 132 3029 982 3029 132 3030 963 3030 982 3030 982 3031 963 3031 1751 3031 963 3032 1770 3032 1751 3032 1751 3033 1770 3033 1752 3033 1770 3034 1771 3034 1752 3034 1752 3035 1771 3035 1753 3035 1771 3036 1772 3036 1753 3036 1753 3037 1772 3037 1754 3037 1772 3037 1773 3037 1754 3037 1754 3038 1773 3038 1755 3038 1773 3039 1774 3039 1755 3039 1755 3040 1774 3040 1756 3040 1774 3041 1775 3041 1756 3041 1756 3042 1775 3042 1757 3042 1775 3043 1776 3043 1757 3043 1757 3044 1776 3044 1758 3044 1776 3045 1777 3045 1758 3045 1758 3046 1777 3046 1759 3046 1777 3047 1778 3047 1759 3047 1759 3048 1778 3048 1760 3048 1778 3049 1779 3049 1760 3049 1760 3050 1779 3050 1761 3050 1779 3051 1780 3051 1761 3051 1761 3052 1780 3052 1762 3052 1780 3053 1781 3053 1762 3053 1762 3054 1781 3054 1763 3054 1781 3055 1782 3055 1763 3055 1763 3056 1782 3056 1764 3056 1782 3057 1783 3057 1764 3057 1764 3058 1783 3058 1765 3058 1783 3059 1784 3059 1765 3059 1765 3060 1784 3060 1766 3060 1784 3061 1785 3061 1766 3061 1766 3062 1785 3062 1767 3062 1785 3062 1786 3062 1767 3062 1767 3063 1786 3063 1768 3063 1786 3064 1787 3064 1768 3064 1768 3065 1787 3065 1769 3065 1787 3066 1788 3066 1769 3066 1769 3067 1788 3067 980 3067 1788 3068 1789 3068 980 3068 980 3069 1789 3069 981 3069 138 3070 140 3070 264 3070 140 3071 1790 3071 264 3071 264 3072 1790 3072 302 3072 1790 3073 1791 3073 302 3073 302 3074 1791 3074 304 3074 1791 3075 1792 3075 304 3075 304 3076 1792 3076 306 3076 1792 3077 1793 3077 306 3077 306 3078 1793 3078 308 3078 1793 3079 1794 3079 308 3079 308 3080 1794 3080 310 3080 1794 3081 1795 3081 310 3081 310 3082 1795 3082 312 3082 1795 3083 1796 3083 312 3083 312 3084 1796 3084 314 3084 1796 3085 1797 3085 314 3085 314 3086 1797 3086 316 3086 1797 3087 1798 3087 316 3087 316 3088 1798 3088 318 3088 1798 3089 1799 3089 318 3089 318 3090 1799 3090 320 3090 1799 3091 1800 3091 320 3091 320 3092 1800 3092 322 3092 1800 3093 1801 3093 322 3093 322 3094 1801 3094 324 3094 1801 3095 1802 3095 324 3095 324 3096 1802 3096 326 3096 1802 3097 1803 3097 326 3097 326 3098 1803 3098 328 3098 1803 3099 1804 3099 328 3099 328 3100 1804 3100 330 3100 1804 3101 1805 3101 330 3101 330 3102 1805 3102 332 3102 1805 3103 1806 3103 332 3103 332 3104 1806 3104 334 3104 1806 3105 1807 3105 334 3105 334 3106 1807 3106 336 3106 1807 3107 1808 3107 336 3107 336 3108 1808 3108 338 3108 1808 3109 1809 3109 338 3109 338 3110 1809 3110 339 3110 1809 3111 1810 3111 339 3111 339 3112 1810 3112 175 3112 1810 3113 174 3113 175 3113 74 3114 120 3114 1811 3114 103 3115 1812 3115 120 3115 1812 3116 1813 3116 120 3116 120 3117 1813 3117 1811 3117 102 3118 1814 3118 103 3118 1814 3119 1815 3119 103 3119 103 3120 1815 3120 1812 3120 56 3121 1816 3121 102 3121 1816 3122 1817 3122 102 3122 102 3123 1817 3123 1814 3123 55 3124 1818 3124 56 3124 1818 3125 1819 3125 56 3125 56 3126 1819 3126 1816 3126 67 3127 1820 3127 55 3127 1820 3128 1821 3128 55 3128 55 3129 1821 3129 1818 3129 66 3130 1822 3130 67 3130 1822 0 1823 0 67 0 67 3131 1823 3131 1820 3131 93 3132 1824 3132 66 3132 1824 3133 1825 3133 66 3133 66 3134 1825 3134 1822 3134 95 3135 1826 3135 93 3135 1826 3136 1827 3136 93 3136 93 3137 1827 3137 1824 3137 65 3138 1828 3138 97 3138 1828 3139 1829 3139 97 3139 97 3140 1829 3140 95 3140 1829 3140 1830 3140 95 3140 95 3141 1830 3141 1826 3141 64 3142 1831 3142 65 3142 1831 3143 1832 3143 65 3143 65 3144 1832 3144 1828 3144 90 3145 1833 3145 64 3145 1833 3146 1834 3146 64 3146 64 3147 1834 3147 1831 3147 81 3148 1835 3148 90 3148 1835 3149 1836 3149 90 3149 90 1452 1836 1452 1833 1452 78 3150 1837 3150 81 3150 1837 3151 1838 3151 81 3151 81 3152 1838 3152 1835 3152 62 3153 1839 3153 78 3153 1839 1445 1840 1445 78 1445 78 3154 1840 3154 1837 3154 61 3155 1841 3155 62 3155 1841 3156 1842 3156 62 3156 62 3157 1842 3157 1839 3157 109 3158 1843 3158 61 3158 1843 3159 1844 3159 61 3159 61 3160 1844 3160 1841 3160 76 3161 1845 3161 77 3161 1845 3162 1846 3162 77 3162 77 3163 1846 3163 111 3163 1846 3163 1847 3163 111 3163 111 3164 1847 3164 109 3164 1847 3164 1848 3164 109 3164 109 3165 1848 3165 1843 3165 87 3166 1849 3166 76 3166 1849 3167 1850 3167 76 3167 76 3168 1850 3168 1845 3168 84 3169 1851 3169 87 3169 1851 1 1852 1 87 1 87 3170 1852 3170 1849 3170 57 3171 1853 3171 84 3171 1853 3172 1854 3172 84 3172 84 3173 1854 3173 1851 3173 50 3174 1855 3174 57 3174 1855 3175 1856 3175 57 3175 57 3176 1856 3176 1853 3176 49 3177 1857 3177 50 3177 1857 3178 1858 3178 50 3178 50 3179 1858 3179 1855 3179 42 3180 1859 3180 49 3180 1859 3181 1860 3181 49 3181 49 3182 1860 3182 1857 3182 41 3183 1861 3183 42 3183 1861 3184 1862 3184 42 3184 42 3185 1862 3185 1859 3185 45 3186 1863 3186 41 3186 1863 1422 1864 1422 41 1422 41 3187 1864 3187 1861 3187 1811 1475 1865 1475 74 1475 1865 3188 1866 3188 74 3188 74 3189 1866 3189 47 3189 1866 3190 1867 3190 47 3190 47 3191 1867 3191 45 3191 1867 3192 1868 3192 45 3192 45 3193 1868 3193 1863 3193 141 3194 137 3194 1869 3194 137 3195 176 3195 1869 3195 1869 3196 176 3196 1870 3196 176 3197 178 3197 1870 3197 1870 3198 178 3198 1871 3198 178 3199 180 3199 1871 3199 1871 3200 180 3200 1872 3200 180 3201 182 3201 1872 3201 1872 3202 182 3202 1873 3202 182 3203 184 3203 1873 3203 1873 3204 184 3204 1874 3204 184 3205 186 3205 1874 3205 1874 3206 186 3206 1875 3206 186 3207 188 3207 1875 3207 1875 3208 188 3208 1876 3208 188 3209 190 3209 1876 3209 1876 3210 190 3210 1877 3210 190 3211 192 3211 1877 3211 1877 3212 192 3212 1878 3212 192 3213 194 3213 1878 3213 1878 3214 194 3214 1879 3214 194 3215 196 3215 1879 3215 1879 3216 196 3216 1880 3216 196 3217 198 3217 1880 3217 1880 3218 198 3218 1881 3218 198 3219 200 3219 1881 3219 1881 3220 200 3220 1882 3220 200 3221 202 3221 1882 3221 1882 3222 202 3222 1883 3222 202 3223 204 3223 1883 3223 1883 3224 204 3224 1884 3224 204 3225 206 3225 1884 3225 1884 3226 206 3226 1885 3226 206 3227 208 3227 1885 3227 1885 3228 208 3228 1886 3228 208 3229 210 3229 1886 3229 1886 3230 210 3230 1887 3230 210 3231 212 3231 1887 3231 1887 3232 212 3232 1888 3232 212 3233 214 3233 1888 3233 1888 3234 214 3234 1889 3234 214 3235 216 3235 1889 3235 1889 3236 216 3236 172 3236 140 3237 141 3237 1790 3237 141 3238 1869 3238 1790 3238 1790 3239 1869 3239 1791 3239 1869 3240 1870 3240 1791 3240 1791 3241 1870 3241 1792 3241 1870 3242 1871 3242 1792 3242 1792 3243 1871 3243 1793 3243 1871 3244 1872 3244 1793 3244 1793 3245 1872 3245 1794 3245 1872 3246 1873 3246 1794 3246 1794 3247 1873 3247 1795 3247 1873 3248 1874 3248 1795 3248 1795 3249 1874 3249 1796 3249 1874 3250 1875 3250 1796 3250 1796 3251 1875 3251 1797 3251 1875 3252 1876 3252 1797 3252 1797 3253 1876 3253 1798 3253 1876 3254 1877 3254 1798 3254 1798 3255 1877 3255 1799 3255 1877 3256 1878 3256 1799 3256 1799 3257 1878 3257 1800 3257 1878 3258 1879 3258 1800 3258 1800 3259 1879 3259 1801 3259 1879 3260 1880 3260 1801 3260 1801 3261 1880 3261 1802 3261 1880 3262 1881 3262 1802 3262 1802 3263 1881 3263 1803 3263 1881 3264 1882 3264 1803 3264 1803 3265 1882 3265 1804 3265 1882 3266 1883 3266 1804 3266 1804 3267 1883 3267 1805 3267 1883 3268 1884 3268 1805 3268 1805 3269 1884 3269 1806 3269 1884 3270 1885 3270 1806 3270 1806 3271 1885 3271 1807 3271 1885 3272 1886 3272 1807 3272 1807 3273 1886 3273 1808 3273 1886 3274 1887 3274 1808 3274 1808 3275 1887 3275 1809 3275 1887 3276 1888 3276 1809 3276 1809 3277 1888 3277 1810 3277 1888 3278 1889 3278 1810 3278 1810 3279 1889 3279 174 3279 1889 3280 172 3280 174 3280 977 5 286 5 978 5 286 5 287 5 978 5 978 5 287 5 974 5 974 5 287 5 962 5 287 5 288 5 962 5 962 5 288 5 289 5 919 3281 981 3281 920 3281 981 3282 1789 3282 920 3282 920 3283 1789 3283 923 3283 1789 3284 1788 3284 923 3284 923 3285 1788 3285 925 3285 1788 3286 1787 3286 925 3286 925 3287 1787 3287 927 3287 1787 3288 1786 3288 927 3288 927 3289 1786 3289 929 3289 1786 3290 1785 3290 929 3290 929 3291 1785 3291 931 3291 1785 3292 1784 3292 931 3292 931 3293 1784 3293 933 3293 1784 3294 1783 3294 933 3294 933 3295 1783 3295 935 3295 1783 3296 1782 3296 935 3296 935 3297 1782 3297 937 3297 1782 3298 1781 3298 937 3298 937 3299 1781 3299 939 3299 1781 3300 1780 3300 939 3300 939 3301 1780 3301 941 3301 1780 3302 1779 3302 941 3302 941 3303 1779 3303 943 3303 1779 3304 1778 3304 943 3304 943 3305 1778 3305 945 3305 1778 3306 1777 3306 945 3306 945 3307 1777 3307 947 3307 1777 3308 1776 3308 947 3308 947 3309 1776 3309 949 3309 1776 3310 1775 3310 949 3310 949 3311 1775 3311 951 3311 1775 3312 1774 3312 951 3312 951 3313 1774 3313 953 3313 1774 3314 1773 3314 953 3314 953 3315 1773 3315 955 3315 1773 3316 1772 3316 955 3316 955 3317 1772 3317 957 3317 1772 3318 1771 3318 957 3318 957 3319 1771 3319 959 3319 1771 3320 1770 3320 959 3320 959 3321 1770 3321 961 3321 1770 3322 963 3322 961 3322 961 3323 963 3323 129 3323 963 3324 130 3324 129 3324 1835 3325 1107 3325 1836 3325 1107 3326 1105 3326 1836 3326 1836 3327 1105 3327 1833 3327 1105 3328 1103 3328 1833 3328 1833 3329 1103 3329 1834 3329 1103 3330 1101 3330 1834 3330 1834 3331 1101 3331 1831 3331 1101 3332 1099 3332 1831 3332 1831 3333 1099 3333 1832 3333 1099 3334 1097 3334 1832 3334 1832 3335 1097 3335 1828 3335 1097 3336 1095 3336 1828 3336 1828 3337 1095 3337 1829 3337 1095 3338 1093 3338 1829 3338 1829 3339 1093 3339 1830 3339 1093 3340 1091 3340 1830 3340 1830 3341 1091 3341 1826 3341 1091 3342 1089 3342 1826 3342 1826 3343 1089 3343 1827 3343 1089 3344 1087 3344 1827 3344 1827 3345 1087 3345 1824 3345 1087 3346 1085 3346 1824 3346 1824 3347 1085 3347 1825 3347 1085 3348 1083 3348 1825 3348 1825 3349 1083 3349 1822 3349 1083 3350 1081 3350 1822 3350 1822 3351 1081 3351 1823 3351 1081 3351 1079 3351 1823 3351 1823 3352 1079 3352 1820 3352 1079 3353 1077 3353 1820 3353 1820 3354 1077 3354 1821 3354 1077 3355 1075 3355 1821 3355 1821 3356 1075 3356 1818 3356 1075 3357 1073 3357 1818 3357 1818 3358 1073 3358 1819 3358 1073 3359 1071 3359 1819 3359 1819 3360 1071 3360 1816 3360 1071 3361 1069 3361 1816 3361 1816 3362 1069 3362 1817 3362 1069 3363 1067 3363 1817 3363 1817 3364 1067 3364 1814 3364 1067 3365 1065 3365 1814 3365 1814 3366 1065 3366 1815 3366 1065 3367 1063 3367 1815 3367 1815 3368 1063 3368 1812 3368 1063 3369 1061 3369 1812 3369 1812 3370 1061 3370 1813 3370 1061 3371 1059 3371 1813 3371 1813 3372 1059 3372 1811 3372 1059 3373 1057 3373 1811 3373 1811 3374 1057 3374 1865 3374 1057 3375 1055 3375 1865 3375 1865 3376 1055 3376 1866 3376 1055 3377 1053 3377 1866 3377 1866 3378 1053 3378 1867 3378 1053 3379 1051 3379 1867 3379 1867 3380 1051 3380 1868 3380 1051 3381 1049 3381 1868 3381 1868 3382 1049 3382 1863 3382 1049 3383 1047 3383 1863 3383 1863 3384 1047 3384 1864 3384 1047 3385 1045 3385 1864 3385 1864 3386 1045 3386 1861 3386 1045 3387 1043 3387 1861 3387 1861 3388 1043 3388 1862 3388 1043 3389 1041 3389 1862 3389 1862 3390 1041 3390 1859 3390 1041 3391 1039 3391 1859 3391 1859 3392 1039 3392 1860 3392 1039 3393 1037 3393 1860 3393 1860 3394 1037 3394 1857 3394 1037 3395 1035 3395 1857 3395 1857 3396 1035 3396 1858 3396 1035 3397 1033 3397 1858 3397 1858 3398 1033 3398 1855 3398 1033 3399 1031 3399 1855 3399 1855 3400 1031 3400 1856 3400 1031 3401 1029 3401 1856 3401 1856 3402 1029 3402 1853 3402 1029 3403 1027 3403 1853 3403 1853 3404 1027 3404 1854 3404 1027 3405 1025 3405 1854 3405 1854 3406 1025 3406 1851 3406 1025 3407 1023 3407 1851 3407 1851 3408 1023 3408 1852 3408 1023 3408 1021 3408 1852 3408 1852 3409 1021 3409 1849 3409 1021 3410 1019 3410 1849 3410 1849 3411 1019 3411 1850 3411 1019 3412 1017 3412 1850 3412 1850 3413 1017 3413 1845 3413 1017 3414 1015 3414 1845 3414 1845 3415 1015 3415 1846 3415 1015 3416 1013 3416 1846 3416 1846 3417 1013 3417 1847 3417 1013 3418 1011 3418 1847 3418 1847 3419 1011 3419 1848 3419 1011 3420 1009 3420 1848 3420 1848 3421 1009 3421 1843 3421 1009 3422 1007 3422 1843 3422 1843 3423 1007 3423 1844 3423 1007 3424 1005 3424 1844 3424 1844 3425 1005 3425 1841 3425 1005 3426 1003 3426 1841 3426 1841 3427 1003 3427 1842 3427 1003 3428 1001 3428 1842 3428 1842 3429 1001 3429 1839 3429 1001 3430 999 3430 1839 3430 1839 3431 999 3431 1840 3431 999 3432 997 3432 1840 3432 1840 3433 997 3433 1837 3433 997 3434 995 3434 1837 3434 1837 3435 995 3435 1838 3435 995 3436 1109 3436 1838 3436 1838 3437 1109 3437 1835 3437 1109 3438 1107 3438 1835 3438 218 5 263 5 219 5 263 5 979 5 219 5 219 5 979 5 919 5 979 5 981 5 919 5 16 3 33 3 166 3 33 3 297 3 166 3 166 3 297 3 167 3 286 3 977 3 282 3 977 3 976 3 282 3 282 3 976 3 263 3 976 3 979 3 263 3</p>
        </triangles>
      </mesh>
    </geometry>
  </library_geometries>
  <library_visual_scenes>
    <visual_scene id="DefaultScene">
      <node id="node_36f9f984_ce38_49cf_b503_a25f86b8e3be" type="NODE">
        <matrix>1 0 0 0 0 1 0 0 0 0 1 0 0 0 0 1</matrix>
        <node id="node_b0a4ef58_0c56_4406_83cd_2f8704d29811" type="NODE">
          <matrix>1 0 0 0 0 1 0 0 0 0 1 0 0 0 0 1</matrix>
          <node id="node_b0a4ef58_0c56_4406_83cd_2f8704d29811_mesh0" type="NODE">
            <matrix>1 0 0 0 0 1 0 0 0 0 1 0 0 0 0 1</matrix>
            <instance_geometry url="#geometry_78839858_f49c_4c8b_a40e_5e2a3b6901f5">
              <bind_material>
                <technique_common>
                  <instance_material symbol="mat_0" target="#mat_0"/>
                </technique_common>
              </bind_material>
            </instance_geometry>
          </node>
        </node>
      </node>
    </visual_scene>
  </library_visual_scenes>
  <scene>
    <instance_visual_scene url="#DefaultScene"/>
  </scene>
</COLLADA>
