<?xml version="1.0" encoding="UTF-8"?>
<COLLADA xmlns="http://www.collada.org/2005/11/COLLADASchema" version="1.4.1">
<!--
# File generated by ImageToStl.com - Free Image and 3D model conversion tools
-->
  <asset>
    <contributor>
      <author>ImageToStl.com</author>
      <authoring_tool>ImageToStl.com</authoring_tool>
    </contributor>
    <created>2026-03-22T02:15:52</created>
    <modified>2026-03-22T02:15:52</modified>
    <up_axis>Z_UP</up_axis>
  </asset>
  <library_effects>
    <effect id="effect_0">
        <profile_COMMON>
          <technique sid="common">
            <phong>
              <diffuse>
                <color>0.85 0.85 0.85 1</color>
              </diffuse>
              <specular>
                <color>0.05 0.05 0.05 1</color>
              </specular>
              <shininess>
                <float>64</float>
              </shininess>
            </phong>
          </technique>
        </profile_COMMON>
    </effect>
  </library_effects>
  <library_materials>
    <material id="mat_0">
      <instance_effect url="#effect_0"/>
    </material>
  </library_materials>
  <library_geometries>
    <geometry id="geometry_b0c1e87e_30d9_4ec2_8fc7_b071e85e60cd">
      <mesh>
        <source id="pos_0">
          <float_array id="pos_0-array" count="9600">-383.79998779 710 41.33724976 -383.79998779 710 45.96241379 -387.11340332 710 45.6008873 -399.75567627 710 40.985466 -402.62771606 710 43.79796982 -404.1242981 710 40.92082214 -421.18328857 710 41.10839462 -420.2739563 710 41.02325058 -419.45822144 710 41.46229553 -418.4861145 710 40.9401741 -417.72155762 710 41.75466919 -416.30303955 710 40.89048386 -414.50039673 710 42.24085236 -413.75842285 710 40.86637878 -413.06893921 710 42.4435997 -410.87210083 710 40.86454391 -407.6574707 710 40.88311386 -220.41119385 40.84056473 32.51401901 -220.40200806 40.82365036 32.56003189 -308.00811768 36.11271667 32.20365524 -220.31767273 40.61694717 33.1126976 -220.30812073 40.57239914 33.22930908 -220.30018616 40.50525665 33.40328979 -220.30128479 40.27710724 33.98343277 -220.31939697 40.2010994 34.17187119 -220.39079285 39.97190857 34.73103333 -220.42047119 39.90940475 34.88041687 -220.46211243 39.83609772 35.0538063 -220.56072998 39.68916702 35.39645004 -220.68919373 39.52804947 35.7652626 -220.82945251 39.37990952 36.09769058 -220.95726013 39.26070404 36.36072922 -221.0005188 39.22280884 36.44355011 -221.30352783 38.98257828 36.95989609 -221.40974426 38.90659332 37.12015533 -221.73345947 38.69371414 37.56152344 -405.63128662 33.2469635 25.66719627 -223.04678345 42.21455383 28.20502281 -395.05895996 32.87418365 28.21320724 -222.84448242 42.16067505 28.40296555 -222.21424866 41.96938705 29.08060837 -221.71292114 41.78227234 29.71017456 -221.59872437 41.73354721 29.86932182 -221.47451782 41.67724991 30.05091858 -221.11465454 41.48882294 30.64213943 -221.05740356 41.45428467 30.74790382 -220.77690125 41.25696182 31.33806992 -220.72540283 41.21385193 31.46400261 -220.55158997 41.04148865 31.95759964 -220.48544312 40.95788574 32.19149399 -407.13613892 33.29827881 25.29212952 -416.59384155 33.60898972 22.85034561 -309.75906372 38.89144516 24.09337044 -407.60281372 34.46293259 21.62356186 -230.50662231 43.20768738 23.54555893 -228.03381348 43.00411606 24.74888229 -225.88510132 42.75113678 26.00463676 -225.80979919 42.74050522 26.05343628 -224.28355408 42.48911285 27.1384201 -223.50517273 42.32617569 27.78381348 -369.35952759 37.52558136 17.48748589 -299.93307495 40.40818024 20.4229126 -373.27639771 37.24456024 17.84033203 -385.01657104 36.36290741 18.99065399 -249.37121582 43.52861023 18.07392693 -244.14279175 43.56451035 19.1781311 -239.91188049 43.54173279 20.254776 -238.43707275 43.51959991 20.67740631 -236.18113708 43.46810913 21.38025665 -396.47131348 35.43743896 20.25250816 -232.92810059 43.3466568 22.53916931 -355.9357605 38.44468689 16.39564514 -342.69927979 39.29121017 15.5035944 -276.38571167 42.54094696 16.07494736 -329.82229614 40.06420898 14.82691669 -319.07681274 40.67372513 14.42499065 -308.03961182 41.26652145 14.19127274 -303.40023804 41.50531769 14.15448856 -271.96066284 42.91883469 15.18270111 -265.01605225 43.16098022 15.81571102 -261.07583618 43.28061295 16.26418495 -364.27758789 37.88129425 17.05249214 -255.01785278 43.43237686 17.10202408 -297.59146118 41.79511261 14.16580009 -289.49688721 42.18019104 14.30068779 -287.7517395 42.26005554 14.34984207 -279.50039673 42.62008667 14.69134808 -275.37838745 42.78749084 14.93666077 -361.14434814 31.60902023 35.49284744 -365.16921997 31.75871086 34.69439316 -301.2585144 35.52218628 34.49246979 -372.25454712 32.02525711 33.24591064 -380.78356934 32.34664536 31.43148804 -383.56921387 32.45101547 30.82176971 -222.77929688 38.12617493 38.6864624 -223.05093384 37.99819565 38.93026733 -222.29762268 38.37018204 38.21173096 -223.44709778 37.82160187 39.26099777 -223.95645142 37.60903549 39.65056229 -225.03369141 37.20084763 40.37337875 -221.90174866 38.59188843 37.7687912 -227.05110168 36.5412674 41.47428513 -228.96633911 36.00001526 42.31867981 -280.55953979 33.57709503 41.04216003 -231.24057007 35.43224716 43.14886093 -233.86691284 34.85195541 43.93900681 -329.22189331 30.55259132 41.1655426 -334.06799316 30.68948936 40.38539124 -339.61239624 30.85930824 39.45506668 -225.29821777 37.10757065 40.53401184 -350.25750732 31.21603394 37.56288528 -280.37789917 30.32612038 46.73412323 -286.9664917 30.17584229 46.29490662 -273.60064697 31.94557571 44.76104355 -291.17318726 30.11870956 45.95156097 -293.70623779 30.09743881 45.72321701 -259.73022461 31.41172218 47.12026215 -265.00765991 31.03012657 47.19109344 -254.5934906 31.86624146 46.91136932 -239.56115723 33.79528046 45.22089767 -241.77082825 33.44330215 45.59943771 -245.81015015 32.86783981 46.15879822 -250.00050354 32.35125732 46.5878067 -267.65249634 30.86833763 47.17808533 -273.94006348 30.55477524 47.0320282 -300.59762573 30.08437729 45.0266304 -307.64016724 30.13070869 44.21079636 -309.22598267 30.14845848 44.01378632 -236.64355469 34.30683136 44.6264534 -319.09384155 30.31044579 42.68796158 -383.79998779 704.37701416 45.71313095 -383.79998779 705.55145264 41.07249069 -383.79998779 690.73126221 45.17804718 -383.79998779 652.31774902 38.44651031 -383.79998779 660.38781738 44.20173645 -383.79998779 675.25384521 39.49533844 -383.79998779 683.43286133 44.9227829 -383.79998779 690.87084961 40.26779175 -383.79998779 696.10229492 40.54387665 -383.79998779 300 25.69083595 -383.79998779 300 35.54902267 -383.79998779 317.33428955 26.17939186 -383.79998779 355.99710083 36.6226387 -383.79998779 386.66842651 28.23979759 -383.79998779 411.99249268 37.77630615 -383.79998779 444.27075195 30.12837219 -383.79998779 454.41235352 38.72739029 -383.79998779 455.99517822 30.53646851 -383.79998779 513.57928467 32.65935898 -383.79998779 523.97357178 40.44326401 -383.79998779 525.31207275 33.11461258 -383.79998779 594.6192627 35.9400177 -383.79998779 577.12841797 41.85792542 -383.79998779 633.02105713 37.59462357 -383.79998779 631.46960449 43.370327 -383.79998779 649.05596924 43.8724556 -256.61218262 635.61456299 45.51266098 -254.91574097 605.98162842 43.90658569 -265.76208496 603.45922852 42.31297684 -234.63978577 521.17791748 43.71176529 -234.84500122 521.14428711 43.54251862 -236.24104309 550.37017822 45.12295532 -241.22387695 654.402771 51.08656693 -242.35476685 669.46179199 51.61434555 -242.28179932 669.47949219 51.7359581 -248.05705261 722.60296631 53.06549454 -246.9679718 714.97735596 52.84586716 -247.05638123 714.9541626 52.74181747 -334.26855469 827.00292969 65.57034302 -343.5307312 823.6472168 63.66923523 -347.36068726 829.47070312 66.30898285 -408.71899414 885.29394531 115.58761597 -408.49441528 885.35693359 115.67533875 -408.66970825 885.29632568 115.5863266 -253.64041138 737.0770874 52.20929337 -252.22286987 729.45184326 51.86692047 -253.52262878 729.09661865 51.49664307 -257.41439819 760.06628418 54.59952545 -257.28445435 760.10369873 54.68756485 -254.83262634 752.8013916 54.15682983 -248.14489746 722.57946777 52.96434021 -249.38677979 730.21112061 53.22182846 -249.29959106 730.23492432 53.32009888 -250.07826233 734.02825928 53.36808014 -264.57165527 777.90460205 57.0912323 -262.85244751 774.43499756 56.6852417 -262.87774658 774.43096924 56.52691269 -268.24102783 784.75805664 58.00696564 -266.36856079 781.34539795 57.53112411 -266.39416504 781.34228516 57.37892532 -268.34301758 784.72235107 57.72084808 -270.28863525 788.1072998 58.24020767 -270.2137146 788.14038086 58.37483978 -281.10162354 804.40484619 61.30858231 -278.85998535 801.23681641 60.58182144 -279.04516602 801.17718506 60.43664551 -288.79699707 814.78790283 64.4567337 -287.90127563 813.68273926 64.12786865 -287.88848877 813.63342285 63.99157715 -295.48754883 822.62365723 67.04232025 -292.81008911 819.57226562 65.98212433 -292.90960693 819.55224609 65.75635529 -406.26956177 885.96936035 116.58885956 -404.74783325 886.27307129 117.05714417 -405.16601562 886.13342285 116.83721161 -351.47433472 868.84393311 92.03910828 -350.46612549 869.22229004 92.42687988 -344.21697998 865.11859131 89.15667725 -320.87924194 847.71972656 78.41555023 -319.62484741 846.60919189 77.80682373 -319.70739746 846.59307861 77.63806915 -353.35717773 871.24694824 94.22596741 -356.7038269 873.01489258 95.85173798 -356.4586792 873.10546875 95.99338531 -338.89929199 862.32006836 87.51660919 -337.2010498 861.05981445 86.63912201 -337.27127075 861.04486084 86.50591278 -371.29919434 878.76977539 102.80452728 -372.30090332 878.40338135 102.4633255 -375.27957153 879.86230469 104.87526703 -408.97808838 885.21679688 115.48561096 -409.15838623 885.15594482 115.39852905 -408.97323608 885.21838379 115.48851776 -385.6104126 885.62884521 115.96414948 -385.103302 885.49829102 115.7145462 -385.2119751 885.4631958 115.59462738 -392.39996338 886.81903076 118.11407471 -392.06237793 886.78363037 118.05563354 -392.14318848 886.75793457 117.96507263 -403.07504272 886.61126709 117.64602661 -402.6852417 886.66723633 117.73980713 -402.71813965 886.65649414 117.70163727 -399.43408203 886.98223877 118.29670715 -399.2046814 886.99468994 118.3208847 -399.25402832 886.97875977 118.26435852 -404.39932251 886.39031982 117.28366089 -404.37530518 886.39477539 117.29083252 -404.39993286 886.38665771 117.26206207 -408.78713989 885.27978516 115.57736206 -408.78106689 885.28179932 115.58158875 -408.39593506 885.40496826 115.76485443 -422.11831665 809.80255127 55.85659027 -422.12548828 812.22338867 57.0491066 -421.4100647 810.43994141 56.10384369 -410.45809937 884.67974854 114.7129364 -410.45077515 884.68261719 114.7170105 -411.62106323 884.17303467 113.99832153 -413.94735718 882.95654297 112.35810089 -414.07208252 882.9251709 112.31906891 -416.28585815 881.45684814 110.44713593 -396.49337769 768.01953125 45.89572906 -395.5512085 760.9642334 45.08442688 -405.27203369 757.90527344 44.3567276 -392.82702637 864.83135986 91.48477173 -388.92367554 860.29412842 87.41331482 -400.84750366 855.56280518 84.69506073 -378.32427979 845.24078369 75.73834229 -375.24337769 839.82830811 72.08211517 -391.30044556 833.73193359 68.63320923 -385.09707642 855.51251221 83.4492569 -381.5423584 850.47869873 79.54200745 -395.49746704 844.97961426 76.42144012 -403.59741211 879.38061523 108.19604492 -402.35656738 877.60681152 105.95603943 -409.85565186 875.07208252 103.34577179 -394.72439575 867.04095459 93.62796021 -403.65283203 860.59698486 88.97131348 -401.05969238 875.65509033 103.4789505 -399.7059021 873.56268311 100.83921051 -408.38592529 870.45758057 98.32975006 -405.83291626 882.28820801 111.82931519 -404.76272583 880.94873047 110.16261292 -410.69812012 878.99645996 107.79044342 -409.33969116 885.07781982 115.27559662 -409.26132202 885.07092285 115.25861359 -409.30917358 885.09851074 115.31053162 -409.00485229 885.15997314 115.38619995 -227.43586731 204.96534729 30.04921341 -228.23149109 204.91246033 29.58670235 -229.55183411 262.18118286 31.09763336 -234.55551147 376.24310303 34.04214096 -232.87876892 376.45135498 34.73708344 -231.09938049 319.3041687 32.78320312 -232.79095459 463.06314087 40.21520615 -231.65008545 434.23934937 38.90129852 -232.18817139 434.16720581 38.52336502 -229.09185791 405.68972778 39.42819214 -228.07112122 377.01367188 38.46945572 -228.19189453 376.99954224 38.23807907 -231.40461731 434.27203369 39.09464264 -231.10169983 463.30786133 42.33997345 -229.9445343 434.46914673 41.14181519 -230.00167847 434.46032715 40.94285202 -378.49798584 465.64334106 30.72924232 -380.73022461 520.73797607 32.89880371 -268.8956604 87.68924713 16.88099289 -262.01705933 87.94895172 17.57254982 -290.32907104 86.85032654 15.74365234 -318.96868896 85.67806244 15.83567047 -334.06808472 85.1103363 16.39263916 -367.04611206 139.03059387 20.02098465 -372.35626221 302.22705078 25.03359604 -417.29666138 300 28.85303688 -413.9821167 300 28.41194725 -413.59191895 245.30667114 27.13285446 -407.88842773 300 27.72070122 -409.19586182 245.45178223 26.60016632 -401.08807373 300 27.05788422 -398.35693359 246.00253296 25.47437286 -395.65817261 300 26.58644867 -385.31219482 246.8583374 24.35853386 -382.42437744 138.38269043 21.29608154 -396.16665649 137.88317871 22.65072823 -407.86175537 137.56169128 23.99815559 -416.69909668 167.5785675 25.84376717 -304.4072876 86.26419067 15.60779858 -276.07644653 87.41805267 16.346838 -244.02703857 88.63596344 20.53071594 -238.90962219 88.82661438 21.82480621 -232.01565552 89.06871033 24.13272667 -229.96147156 89.13656616 25.01173592 -228.04902649 89.19750214 25.95230293 -226.29580688 89.25125885 26.9599762 -225.48500061 89.27534485 27.49089432 -224.7225647 89.2975235 28.04099655 -224.01266479 89.31777191 28.61108208 -222.24304199 89.36647797 30.44859695 -222.49636841 89.3596344 30.12895012 -222.76742554 89.35227966 29.81454468 -223.35940552 89.33602905 29.20195389 -221.03590393 89.39950562 32.81264496 -221.141922 89.39641571 32.46471024 -221.27140808 89.39277649 32.11999512 -221.4236145 89.38858032 31.77712059 -221.59773254 89.38385773 31.43774796 -221.79289246 89.37858582 31.10311699 -222.00827026 89.3727951 30.77336121 -220.95394897 89.40205383 33.16413498 -220.89599609 89.40403748 33.49362564 -220.86203003 89.4054718 33.80015945 -220.55047607 64.55576324 34.2352829 -417.69824219 711.02850342 40.96990204 -411.10357666 712.60839844 41.00450134 -401.96401978 715.06323242 41.24302673 -390.72119141 718.24719238 41.67288208 -378.03106689 722.01446533 42.29558945 -376.49813843 707.65338135 41.40858459 -373.34945679 664.47131348 39.26757431 -371.74227905 635.90582275 37.99603653 -374.25637817 678.82592773 39.92494965 -375.28039551 693.22613525 40.62853622 -368.9112854 579.33258057 35.45881653 -383.07168579 576.34802246 35.17653275 -229.90814209 434.47546387 41.32664108 -231.06517029 463.31460571 42.51477432 -232.29736328 492.26675415 43.836586 -232.33401489 492.25958252 43.67178726 -232.39080811 492.24963379 43.49422836 -231.23600769 463.28646851 41.95058441 -232.46765137 492.23684692 43.30441284 -231.33370972 463.27182007 41.75103378 -232.56454468 492.22128296 43.1159935 -231.45135498 463.25460815 41.55288315 -232.68107605 492.20300293 42.9287796 -231.58848572 463.23477173 41.35535431 -232.8168335 492.1819458 42.74204636 -231.74458313 463.21243286 41.15939331 -232.97128296 492.15823364 42.55668259 -233.14393616 492.13180542 42.37335587 -233.33428955 492.10272217 42.19213867 -232.32133484 463.13031006 40.58546066 -233.54182434 492.07098389 42.01309586 -231.1756134 434.30239868 39.290802 -230.96362305 434.33044434 39.4896965 -230.76916504 434.35614014 39.69124985 -230.59283447 434.3795166 39.89538956 -230.43513489 434.4005127 40.10203552 -230.29666138 434.4190979 40.31044006 -230.17793274 434.43527222 40.51959229 -227.78440857 377.05316162 39.84276962 -227.78411865 377.05206299 39.59186554 -229.387146 421.33764648 41.27310562 -229.8923645 434.47927856 41.53224564 -229.77714539 431.52481079 41.64657211 -231.15867615 463.29846191 42.15172577 -230.07946777 434.44900513 40.73033142 -228.99263 405.70257568 39.650177 -237.20437622 491.49237061 40.04613876 -234.90429688 433.79092407 37.12402725 -238.83966064 491.22244263 39.45909882 -236.56126404 433.55233765 36.48508835 -240.65357971 490.91641235 38.90120697 -232.11061096 376.54464722 35.10140991 -234.14663696 433.89785767 37.45796585 -231.3927002 376.63061523 35.47770309 -233.43946838 433.99630737 37.8021965 -230.72814941 376.70901489 35.8664856 -232.78569031 434.08615112 38.15717697 -230.12007141 376.77975464 36.26826859 -229.57189941 376.8427124 36.68366241 -229.32165527 376.8711853 36.8964386 -229.08813477 376.8977356 37.11248016 -228.87188721 376.92218018 37.33171463 -228.67355347 376.94464111 37.55404663 -228.49369812 376.96502686 37.77940369 -228.33294678 376.9833374 38.00768661 -227.67193604 373.784729 39.74860001 -227.27037048 361.92132568 39.41829681 -225.92671204 319.81860352 38.09430695 -226.16149902 319.79110718 36.98901367 -228.01852417 377.01992798 38.58563232 -226.11354065 319.79602051 37.11756134 -227.97117615 377.0256958 38.70274353 -226.03407288 319.80447388 37.37604904 -227.89251709 377.03552246 38.93817139 -225.97645569 319.81103516 37.61824036 -227.83509827 377.04324341 39.15868759 -225.9407196 319.8157959 37.84344101 -227.79901123 377.04876709 39.36365509 -225.92782593 319.81958008 38.37024689 -225.3625946 300.78076172 37.94752121 -224.3053894 262.609375 36.8710556 -224.59440613 262.58200073 35.5275116 -224.49179077 262.59054565 35.80641556 -224.41160583 262.59759521 36.08806992 -224.3538208 262.60308838 36.35201645 -224.31848145 262.60699463 36.59749603 -230.32142639 319.38409424 33.1794281 -229.59344482 319.45767212 33.58917999 -228.91876221 319.52481079 34.01303482 -228.3006897 319.5854187 34.45156479 -227.7428894 319.63931274 34.9054451 -227.48809814 319.66372681 35.13811111 -227.25024414 319.68643188 35.37447739 -227.02998352 319.70739746 35.61444473 -226.82794189 319.72662354 35.8579216 -226.64474487 319.74407959 36.10482025 -226.48106384 319.75976562 36.35504913 -226.33757019 319.77368164 36.6076889 -226.21485901 319.78573608 36.86152267 -236.40637207 376.00701904 33.38883591 -232.79423523 319.12582397 32.02886963 -228.76472473 262.24771118 31.52669907 -228.02728271 262.30895996 31.97076607 -227.34301758 262.36486816 32.43047333 -226.7154541 262.4152832 32.90645218 -226.14848328 262.46014404 33.39944839 -225.88935852 262.48046875 33.65229416 -225.64736938 262.49935913 33.90924072 -225.42323303 262.51678467 34.1701889 -225.21762085 262.5328064 34.43503571 -225.03123474 262.54730225 34.70368195 -224.86477661 262.56036377 34.97603226 -224.71894836 262.57196045 35.25108719 -247.25253296 431.90594482 33.7716713 -249.46374512 489.35995483 36.91540527 -242.53909302 432.65005493 34.77043915 -244.76747131 490.20175171 37.86275482 -245.3006897 374.80630493 31.13066101 -241.52653503 404.01876831 33.41952133 -238.39474487 433.2817688 35.88181686 -226.68954468 205.01405334 30.52816391 -225.99623108 205.05848694 31.0242424 -225.3596344 205.09858704 31.53813553 -224.78390503 205.13426208 32.07065964 -224.52062988 205.15042114 32.34386826 -224.27467346 205.16545105 32.6215744 -224.04684448 205.17932129 32.90365982 -223.83782959 205.19203186 33.19002151 -223.64839172 205.20359802 33.48055649 -223.47924805 205.213974 33.77514648 -223.33117676 205.22317505 34.07272339 -223.20489502 205.23117065 34.3718338 -223.10105896 205.23797607 34.67367935 -223.02023315 205.24356079 34.9785614 -222.96234131 205.24790955 35.26431656 -222.92741394 205.2510376 35.53011703 -231.26333618 262.03277588 30.28183365 -229.95826721 204.79443359 28.70806885 -234.66062927 318.92364502 31.32168579 -233.14356995 261.86450195 29.51842499 -231.85076904 204.66064453 27.88687897 -221.69711304 143.80349731 35.21992111 -237.368927 404.6100769 34.57144928 -240.57608032 375.45571899 32.19365692 -238.85131836 318.45153809 30.0337429 -237.35137939 261.47155762 28.13221741 -236.07202148 204.34817505 26.39878464 -224.20487976 258.69055176 37.09719849 -223.44432068 228.15162659 36.54100418 -222.91529846 205.25292969 35.82639313 -221.77142334 147.57505798 34.60265732 -221.80587769 147.57275391 34.31650543 -221.86381531 147.56954956 34.00889969 -221.94525146 147.56546021 33.68074036 -222.05021667 147.56045532 33.35588455 -222.17814636 147.55459595 33.03400803 -222.32833862 147.5478363 32.71382141 -222.50003052 147.54022217 32.39688873 -222.69239807 147.53173828 32.08436584 -222.90466309 147.5223999 31.77636528 -223.13604736 147.51220703 31.47300339 -223.38578796 147.50119019 31.17439651 -223.65304565 147.48933411 30.88066292 -224.23710632 147.46315002 30.30827522 -224.88226318 147.43371582 29.75607681 -225.58413696 147.40109253 29.22320175 -226.33880615 147.36534119 28.70890236 -227.14231873 147.32650757 28.21243477 -228.88299561 147.23989868 27.2698307 -230.78627014 147.1416626 26.38957405 -232.83522034 147.03231812 25.56650162 -243.58200073 317.89538574 28.89595985 -242.08351135 261.00869751 26.91316986 -240.80130005 203.98013306 25.09420776 -235.0173645 146.91230774 24.79659081 -239.73957825 146.64215088 23.40294266 -234.19877625 88.99424744 23.31095123 -244.88594055 146.33488464 22.18763924 -245.97172546 203.5615387 23.95379639 -247.2731781 260.4822998 25.84362793 -248.786026 317.26290894 27.89243126 -250.51385498 374.06777954 30.18578339 -252.4690094 431.05969238 32.87343216 -254.67669678 488.40258789 36.04924011 -265.6138916 258.58535767 23.35360527 -264.21292114 202.05314636 21.3220787 -278.44543457 200.88751221 20.20726776 -260.36404419 487.34115601 35.25483322 -258.14880371 430.12149048 32.06420135 -264.34359741 429.10153198 31.32350731 -256.1784668 373.2489624 29.34557533 -262.35900879 372.3588562 28.58665466 -254.42904663 316.56170654 27.00793839 -260.58831787 315.79940796 26.21631432 -252.88876343 259.89871216 24.90667725 -259.02053833 259.26428223 24.07348251 -251.55445862 203.0974884 22.95901489 -257.652771 202.59300232 22.07839584 -250.43049622 145.99424744 21.13055992 -256.48953247 145.62393188 20.19766235 -249.52799988 88.42460632 19.40701866 -255.54191589 88.19483185 18.4171505 -263.01034546 145.22766113 19.39971733 -269.93453979 144.80911255 18.74407196 -277.16308594 144.37202454 18.23488045 -291.56768799 143.45707703 17.64962196 -343.85723877 360.40975952 25.90786743 -357.0892334 303.80508423 24.32816696 -359.23187256 358.3531189 26.25230598 -374.31408691 356.51046753 26.8123188 -370.48916626 247.96833801 23.32432556 -337.60574341 195.82077026 20.01863098 -339.56967163 250.74755859 21.89943886 -322.32989502 197.06723022 19.59209633 -324.22714233 252.31513977 21.55591393 -307.44927979 198.35414124 19.45260239 -309.209198 253.93351746 21.47897148 -294.57781982 255.55194092 21.69301224 -296.3336792 311.33889771 23.87121391 -281.56005859 313.22238159 24.47592354 -283.38900757 369.34967041 26.8717289 -268.9992981 371.40631104 27.91763496 -270.99649048 428.01004028 30.65967941 -273.22155762 484.95257568 33.83737946 -285.40814209 425.65344238 29.58512497 -298.2555542 367.15036011 26.22497177 -311.11953735 309.39434814 23.60394859 -326.25970459 307.4498291 23.60341454 -341.65426636 305.56637573 23.8494854 -355.05041504 249.2816925 22.49185562 -351.30029297 139.79718018 18.96869087 -267.20852661 314.9836731 25.52661705 -279.91271973 257.11947632 22.27760887 -292.98739624 199.64105225 19.62833405 -305.84524536 142.51242065 17.4998188 -320.57376099 141.56777954 17.68949318 -335.76867676 140.65280151 18.18704414 -412.17486572 883.50079346 113.09714508 -409.82754517 884.75262451 114.80480957 -410.34054565 884.10186768 113.93616486 -408.80862427 885.10131836 115.30253601 -408.29074097 884.79083252 114.91060638 -406.78897095 883.38171387 113.1795578 -410.86807251 880.63751221 109.70410156 -409.19845581 872.83544922 100.8821106 -396.51889038 869.22845459 95.88795471 -410.35855103 877.13433838 105.66075897 -398.04660034 850.36279297 80.51888275 -393.33087158 839.43218994 72.44415283 -372.20562744 834.24334717 68.61036682 -389.28933716 827.86810303 65.03375244 -347.52301025 777.40319824 49.84591293 -362.22476196 779.76953125 49.52857971 -349.94848633 784.14428711 51.008358 -364.340271 786.51403809 50.74797821 -352.46759033 790.78503418 52.32385635 -366.52731323 793.17456055 52.15132523 -355.07531738 797.32427979 53.82446289 -368.78192139 799.75 53.77776337 -357.76699829 803.76306152 55.54194641 -371.09609985 806.24157715 55.67718124 -360.53305054 810.10534668 57.51644135 -383.37542725 809.06036377 56.12197876 -381.46835327 802.49914551 53.94333649 -379.60012817 795.86309814 52.11943436 -377.77716064 789.1552124 50.583992 -376.00585938 782.3772583 49.27764511 -374.28955078 775.53222656 48.15412903 -372.63162231 768.62329102 47.17333984 -364.37799072 726.21923828 43.08882904 -335.66244507 735.35797119 45.06575775 -363.37371826 719.03564453 42.60149002 -334.27377319 728.14239502 44.52559662 -362.49273682 711.81542969 42.15083313 -373.4621582 812.64880371 57.90592194 -363.36444092 816.35375977 59.79401779 -385.31710815 815.53588867 58.71583557 -366.25579834 822.5032959 62.41716385 -369.20367432 828.47247314 65.36967468 -409.45791626 885.03741455 115.2183609 -409.51177979 884.98468018 115.13572693 -409.56588745 885.00115967 115.16748047 -409.96554565 884.83178711 114.91999054 -387.28964233 821.81298828 61.70455551 -403.71350098 816.00354004 58.66164017 -394.32354736 812.33013916 57.07516479 -382.0953064 750.48260498 44.54436874 -369.51223755 754.62451172 45.52978134 -368.07904053 747.56732178 44.8309288 -342.98544312 763.62658691 47.88827133 -340.91763306 756.63909912 47.06417084 -379.9140625 736.28607178 43.32495117 -366.74121094 740.48175049 44.1966095 -365.50448608 733.36657715 43.61839676 -339.00100708 749.60058594 46.3259201 -337.24447632 742.50842285 45.66300201 -326.43130493 647.63458252 40.39489365 -324.72259521 618.67041016 38.94311905 -340.14810181 614.79455566 38.04537201 -341.80755615 643.55407715 39.44554901 -328.45819092 676.80377197 41.75392914 -343.72717285 672.51324463 40.78562164 -329.69204712 691.46185303 42.43422318 -344.8666687 687.0657959 41.46368027 -331.1774292 706.1618042 43.17569733 -346.21096802 701.66143799 42.19771194 -332.05944824 713.52386475 43.5871315 -333.07995605 720.86132812 44.03501892 -323.17700195 589.90362549 37.42649078 -320.35348511 532.90240479 34.30580521 -335.79623413 529.60211182 33.67690659 -357.03256226 639.60174561 38.63811111 -358.81512451 668.35748291 39.9486084 -359.84664917 682.80773926 40.61889648 -361.03762817 697.3024292 41.34011459 -338.62298584 586.22595215 36.60420227 -351.21844482 526.40551758 33.22468185 -353.98190308 582.66369629 35.9422493 -366.30145264 523.41619873 32.95998001 -409.36309814 885.0803833 115.28507233 -409.4468689 885.05322266 115.24755096 -410.15319824 884.77069092 114.8350296 -419.43414307 866.66705322 95.36769104 -416.18887329 867.74884033 96.19576263 -415.640625 865.04058838 93.78955841 -407.37075806 868.00500488 95.85408783 -398.18188477 871.40307617 98.29024506 -413.53475952 883.07568359 112.51558685 -411.415802 884.23327637 114.07888031 -412.93322754 883.26074219 112.76689148 -411.11663818 884.32696533 114.20735931 -410.73950195 884.44848633 114.37614441 -397.46316528 775.04284668 46.84074783 -406.5484314 772.11352539 45.96437836 -398.45861816 782.02886963 47.96661377 -407.20825195 779.18273926 47.01331329 -399.47763062 788.97161865 49.33222961 -407.88040161 786.21923828 48.30625916 -400.51638794 795.86413574 51.01374435 -408.56213379 793.21411133 49.92605591 -401.57098389 802.69793701 53.09506607 -409.25042725 800.15692139 51.96366501 -405.90255737 765.019104 45.09549332 -413.13711548 755.546875 43.86865616 -413.88986206 769.85510254 45.35505295 -415.44064331 798.19775391 51.14444351 -415.05151367 791.17095947 49.14385986 -414.66192627 784.09716797 47.5749588 -414.27404785 776.98834229 46.34135437 -384.53070068 764.58361816 46.03509903 -385.81970215 771.56976318 46.92815399 -387.15090942 778.50878906 47.95918274 -388.52160645 785.39648438 49.17199326 -389.9291687 792.22827148 50.61952209 -391.36849976 798.99963379 52.36997604 -392.83456421 805.70452881 54.49894333 -402.63806152 809.45794678 55.65234375 -409.94241333 807.03051758 54.50148773 -415.82659912 805.15893555 53.66395187 -416.09875488 881.5032959 110.50352478 -415.47982788 881.67956543 110.73156738 -414.57748413 881.95349121 111.09579468 -413.43988037 882.30871582 111.57465363 -410.68826294 883.19818115 112.79185486 -407.61340332 884.21777344 114.20613861 -418.28775024 879.75299072 108.39343262 -418.03930664 879.81402588 108.46481323 -417.2182312 880.04571533 108.75444031 -416.02148438 880.40570068 109.21767426 -414.51296997 880.87261963 109.82710266 -410.86495972 882.04162598 111.37726593 -416.41821289 875.17474365 103.48770142 -416.01437378 877.293396 105.75415802 -418.92858887 874.39215088 102.63676453 -418.2149353 876.61322021 104.95542908 -420.92303467 873.78875732 101.99230194 -419.96206665 876.08880615 104.3495636 -422.2956543 873.40039062 101.59242249 -421.1628418 875.75134277 103.97238159 -422.71343994 873.2980957 101.4956665 -421.52731323 875.66241455 103.88039398 -416.50610352 870.37579346 98.66637421 -416.58221436 872.86096191 101.11282349 -419.54071045 869.39343262 97.80324554 -419.37182617 871.97784424 100.24037933 -421.95608521 868.63598633 97.1526947 -421.5899353 871.29699707 99.58100128 -423.62512207 868.14855957 96.75313568 -423.11923218 870.85876465 99.17364502 -424.13702393 868.02020264 96.65892792 -423.58633423 870.74334717 99.07614899 -422.02041626 865.83300781 94.74584198 -423.81210327 865.29620361 94.36688232 -424.36437988 865.15472412 94.27933502 -409.45007324 885.05212402 115.2459259 -409.78466797 884.93182373 115.07217407 -409.81155396 884.92504883 115.06381989 -413.55847168 883.23822021 112.73554993 -411.72857666 884.14532471 113.96408844 -411.71438599 884.15167236 113.97292328 -411.29425049 884.33618164 114.22920227 -417.72787476 880.35632324 109.11279297 -416.37973022 881.44091797 110.43215179 -415.7164917 881.91497803 111.02458954 -414.16131592 882.89892578 112.28831482 -420.246521 877.73406982 106.1062851 -420.19946289 877.79272461 106.17093658 -420.04446411 877.81848145 106.19228363 -419.54983521 878.55804443 107.02521515 -415.37591553 879.19750977 107.87773895 -417.24078369 878.62243652 107.16042328 -418.72061157 878.17901611 106.61566925 -419.73666382 877.89367676 106.27571106 -418.4125061 879.73205566 108.37475586 -422.96798706 873.16436768 101.3764801 -422.46948242 874.24993896 102.44825745 -421.75827026 875.55413818 103.77689362 -421.14202881 876.52105713 104.79257202 -406.23526001 865.54290771 93.47468567 -413.41992188 856.90301514 86.85587311 -414.98840332 862.32775879 91.4356308 -417.50125122 855.42773438 86.04490662 -418.63894653 861.04364014 90.65032196 -420.76571655 854.29022217 85.44287872 -421.55450439 860.05358887 90.0647583 -423.04486084 853.55822754 85.0851593 -423.58358765 859.41650391 89.71338654 -423.75762939 853.36535645 85.00813293 -424.21444702 859.24865723 89.63557434 -424.10580444 852.92785645 84.71131897 -424.63198853 861.54901123 91.47167969 -424.6572876 864.93884277 94.1301651 -424.61062622 865.98968506 94.97813416 -424.23352051 868.96716309 97.49860382 -423.85903931 870.58276367 98.94379425 -423.5189209 871.70532227 99.98228455 -422.24026489 841.56817627 75.9377594 -422.67919922 841.18231201 75.70708466 -422.83331299 842.39257812 76.61151123 -409.75875854 845.87042236 78.0617981 -411.61871338 851.43548584 82.4119873 -414.668396 844.07629395 77.12406921 -416.12683105 849.78704834 81.53891754 -418.60525513 842.69299316 76.43093872 -419.73718262 848.51611328 80.89232635 -421.36798096 841.80273438 76.02308655 -422.26437378 847.69824219 80.51016998 -423.05853271 847.48272705 80.42916107 -423.45510864 847.13946533 80.21756744 -406.92987061 834.3651123 69.69174194 -408.13302612 840.18261719 73.80945587 -412.64468384 832.34143066 68.64575195 -413.43725586 838.2666626 72.81469727 -417.23596191 830.78118896 67.87579346 -417.69515991 836.78955078 72.08092499 -420.47076416 829.77697754 67.42698669 -420.68994141 835.83892822 71.65116882 -421.49951172 829.51245117 67.33579254 -421.6394043 835.58843994 71.56253052 -422.07241821 828.8885498 66.97821808 -422.17132568 835.67388916 71.68365479 -421.4671936 816.98059082 59.53714752 -422.13110352 816.40325928 59.27579117 -422.12738037 819.52209473 61.06316757 -404.79269409 822.30670166 62.05701828 -405.86203003 828.41381836 65.7568512 -411.3196106 820.08557129 60.93112183 -411.98703003 826.28985596 64.66619873 -416.57067871 818.37310791 60.10619354 -416.91143799 824.65228271 63.86512375 -420.28106689 817.27093506 59.63050079 -420.38604736 823.59838867 63.40054321 -421.49404907 823.32067871 63.30765152 -422.11129761 823.22546387 63.31067657 -422.10452271 806.40386963 54.30833435 -422.09613037 804.67858887 53.57888412 -421.33425903 803.637146 53.10030746 -422.06967163 800.02093506 51.79744339 -421.29110718 800.13232422 51.78168106 -422.06576538 799.39764404 51.57927704 -410.63381958 813.68334961 57.51415634 -416.20504761 811.89447021 56.67589951 -420.1468811 810.7432251 56.19588089 -419.83175659 796.93695068 50.68516541 -419.99526978 803.95446777 53.18864441 -421.37408447 807.07421875 54.54389954 -418.7588501 754.02905273 43.64797974 -419.12365723 768.40161133 45.04784012 -419.30499268 775.57611084 45.98959351 -419.48446655 782.73144531 47.18075562 -419.66061401 789.8560791 48.71265411 -418.39593506 739.66094971 42.60987854 -412.41259766 741.21722412 42.75431824 -411.73147583 726.90039062 41.82390213 -404.06469727 743.63531494 43.13712692 -402.95578003 729.34991455 42.12425232 -393.76132202 746.77160645 43.73690414 -392.14123535 732.52697754 42.62569046 -422.04208374 795.84490967 50.4223671 -421.73458862 796.51959229 50.60133743 -421.9937439 789.36932373 48.6604805 -421.66372681 789.4208374 48.64237976 -421.92642212 781.31085205 46.98253632 -421.41778564 767.92047119 45.03139496 -421.23754883 753.52661133 43.66869736 -421.71057129 758.70800781 44.14226913 -421.79391479 767.06640625 44.97093201 -421.84326172 772.20013428 45.58927155 -421.50393677 775.10864258 45.95414352 -421.58633423 782.27941895 47.12699127 -421.05050659 739.14587402 42.66436005 -420.35742188 739.25097656 42.63084412 -419.88494873 710.61230469 41.02964401 -421.50738525 739.36199951 42.72354126 -422.04989624 796.98156738 50.77684402 -421.24536133 796.60473633 50.60351181 -421.1477356 789.50964355 48.64085388 -421.04388428 782.3717041 47.12116623 -420.93536377 775.20404053 45.94364929 -420.82348633 768.01867676 45.01609039 -420.59295654 753.62915039 43.64393997 -363.83135986 468.03198242 30.55633354 -348.6288147 470.69796753 30.5878315 -333.17980957 473.54888916 30.81483459 -317.77783203 476.49224854 31.2343502 -406.92489624 885.82720947 116.40042877 -406.8392334 885.84863281 116.42503357 -407.60958862 885.63983154 116.11604309 -407.61856079 885.63726807 116.11219788 -407.87988281 885.54919434 115.95902252 -408.39154053 885.40631104 115.76689148 -405.59384155 886.14813232 116.89789581 -406.00357056 886.05529785 116.75245667 -406.02206421 886.05096436 116.74572754 -405.18109131 886.2366333 117.03761292 -404.76535034 886.32061768 117.17145538 -406.82699585 885.8527832 116.43949127 -406.81332397 885.85626221 116.44491577 -406.4100647 885.95794678 116.60141754 -402.64624023 886.67260742 117.74887085 -402.21514893 886.72943115 117.8451767 -401.89584351 886.76831055 117.91194153 -401.78192139 886.78155518 117.93482208 -401.34664917 886.8291626 118.01769257 -400.90948486 886.87207031 118.09368134 -400.47052002 886.91040039 118.16268921 -400.02993774 886.9440918 118.22462463 -399.58776855 886.97320557 118.27939606 -404.34674072 886.40002441 117.29934692 -403.92541504 886.47503662 117.42114258 -403.50149536 886.54541016 117.53673553 -395.56054688 887.02886963 118.43567657 -394.71356201 886.99407959 118.38869476 -395.70770264 887.01043701 118.3646698 -393.7585144 886.93597412 118.30162048 -387.85983276 886.13653564 116.91403961 -388.6242981 886.23504639 117.04330444 -388.40960693 886.24328613 117.10879517 -391.96066284 886.77258301 118.03708649 -390.12173462 886.53283691 117.62582397 -388.52896118 886.26556396 117.14919281 -399.14422607 886.9977417 118.32691956 -398.25344849 887.03295898 118.39985657 -397.35855103 887.04986572 118.44273376 -397.02822876 887.05145264 118.45081329 -396.46057129 887.04846191 118.45485687 -395.64227295 887.03137207 118.43871307 -395.90307617 886.94940186 118.23906708 -399.40139771 886.93231201 118.16732025 -402.81634521 886.62512207 117.63549805 -404.47344971 886.36297607 117.21205902 -384.96957397 885.46289062 115.6464386 -383.34884644 884.99938965 114.74307251 -381.96173096 884.47021484 113.63388062 -381.84109497 884.5098877 113.76644135 -381.69692993 884.45996094 113.66579437 -380.96078491 884.19689941 113.13117981 -378.92166138 883.29003906 111.19667816 -373.17816162 880.60449219 105.72530365 -376.09109497 881.97064209 108.39653015 -373.72280884 880.97613525 106.48327637 -375.78878784 881.94232178 108.39211273 -378.79058838 883.33410645 111.34049225 -378.65765381 883.27679443 111.21974182 -375.95114136 882.01916504 108.55046082 -370.07571411 879.20837402 103.33726501 -369.69851685 879.16949463 103.36073303 -368.05432129 878.45581055 102.28544617 -366.78500366 877.77728271 101.23366547 -366.61895752 877.83929443 101.42097473 -364.91259766 877.10870361 100.46543884 -363.18237305 876.36358643 99.55771637 -363.24047852 876.35528564 99.47966766 -362.90484619 876.24310303 99.41659546 -360.06097412 874.98199463 98.01909637 -359.76821899 874.81182861 97.76468658 -359.89093018 874.75024414 97.63652802 -373.02981567 880.65759277 105.88955688 -372.84054565 880.57116699 105.73158264 -371.29483032 879.87432861 104.50844574 -370.13320923 879.36016846 103.66254425 -369.91870117 879.26599121 103.51263428 -373.36569214 880.53942871 105.61705017 -373.62350464 880.44976807 105.49468231 -376.26785278 881.91113281 108.29247284 -376.51080322 881.82922363 108.17345428 -379.08700562 883.23602295 111.09654236 -379.31427002 883.16162109 110.98049164 -382.11376953 884.42169189 113.53908539 -382.32278442 884.3548584 113.42795563 -385.53695679 885.36090088 115.40300751 -366.14108276 877.63458252 101.1461792 -364.96896362 877.10040283 100.39027405 -363.35757446 876.29742432 99.35783386 -360.12469482 874.66424561 97.50254822 -388.90924072 886.14611816 116.86998749 -392.38470459 886.68267822 117.81388855 -406.93417358 885.81738281 116.36510468 -406.87579346 885.83666992 116.39981842 -406.16531372 886.00402832 116.64677429 -404.59091187 886.32476807 117.14334106 -402.9732666 886.57452393 117.54473877 -399.63674927 886.85736084 118.03466034 -396.21517944 886.85095215 118.06832123 -369.1385498 876.91125488 100.32436371 -368.07937622 877.30535889 100.67694092 -367.28417969 877.59674072 100.98097992 -365.84225464 875.37255859 98.40420532 -364.7243042 875.79345703 98.77224731 -363.88473511 876.10455322 99.09105682 -366.99523926 877.70135498 101.1140976 -370.27441406 879.13775635 103.22386169 -370.54751587 879.04052734 103.09680939 -374.33328247 880.20007324 105.21029663 -378.07275391 881.29241943 107.55938721 -380.77651978 882.6741333 110.36934662 -383.66830444 883.91662598 112.83252716 -386.7487793 884.97259521 114.83854675 -389.97216797 885.80865479 116.35175323 -393.28585815 886.39733887 117.35636902 -396.6322937 886.7177124 117.85540009 -399.95135498 886.75604248 117.86875153 -403.18301392 886.50604248 117.43099213 -366.36791992 877.73175049 101.27587128 -366.62719727 877.81079102 101.32084656 -365.08322144 877.0446167 100.27191925 -363.57962036 876.21630859 99.23131561 -360.44592285 874.54571533 97.35446167 -356.26541138 873.17944336 96.21940613 -355.9546814 873.02386475 96.07247162 -349.67202759 869.51696777 92.8950882 -353.65246582 871.82788086 94.97682953 -349.62237549 869.53729248 93.00844574 -349.29086304 869.33752441 92.84322357 -346.72750854 867.73522949 91.55003357 -343.35940552 865.43322754 89.66916656 -343.30593872 865.45489502 89.79457855 -342.95300293 865.21154785 89.61244965 -334.34313965 858.71923828 84.86897278 -337.33581543 861.00848389 86.42115784 -336.82315063 860.77563477 86.44409943 -331.23620605 856.43121338 83.57966614 -334.33898926 858.72088623 84.87295532 -331.31054688 856.41595459 83.43462372 -343.53265381 865.36901855 89.51638794 -349.83248901 869.45684814 92.75615692 -337.44503784 860.96899414 86.33527374 -331.49749756 856.3359375 83.25045776 -325.45791626 851.59008789 80.47415924 -325.53289795 851.54937744 80.376297 -328.43951416 853.98858643 81.84999847 -328.44442749 853.9866333 81.8452301 -331.38046265 856.37738037 83.34315491 -330.8321228 856.10687256 83.37417603 -329.79064941 855.26507568 82.84588623 -325.37942505 851.60571289 80.63109589 -324.94891357 851.24060059 80.41711426 -316.95584106 844.00244141 76.17369843 -319.17074585 846.20422363 77.58746338 -313.99746704 841.47827148 75.1283493 -314.30831909 841.3694458 74.72635651 -319.91955566 846.50512695 77.42834473 -316.96228027 843.99987793 76.1674118 -319.78741455 846.550354 77.53407288 -314.0838623 841.46160889 74.94789124 -313.52185059 841.03320312 74.90611267 -311.39971924 838.80383301 73.55368805 -311.58532715 839.20214844 74.00835419 -308.58673096 836.19921875 72.40884399 -322.63919067 849.07019043 78.94316101 -322.64486694 849.06793213 78.93763733 -325.65759277 851.50610352 80.27695465 -352.81533813 868.33203125 91.59585571 -359.20031738 872.07208252 94.93721008 -357.96725464 872.5423584 95.34249878 -357.04074097 872.89001465 95.69551849 -346.75228882 864.16790771 88.2567215 -339.35412598 860.27770996 85.49307251 -338.18215942 860.70446777 85.94590759 -332.287323 856.05828857 82.83227539 -309.81256104 835.77056885 71.66098022 -311.38375854 835.23468018 71.08457184 -315.24957275 841.05212402 74.23141479 -316.74465942 840.54022217 73.67202759 -320.81152344 846.20184326 76.95681 -322.2286377 845.71252441 76.41924286 -326.49905396 851.21575928 79.83120728 -327.83621216 850.74737549 79.31929779 -333.54275513 855.61035156 82.34892273 -340.91152954 859.70031738 84.97988129 -309.24005127 835.9630127 71.92685699 -314.7048645 841.23602295 74.48751068 -320.29534912 846.37756348 77.20137787 -326.01211548 851.38397217 80.06288147 -331.83023071 856.21917725 83.05002594 -337.75558472 860.85772705 86.14900208 -343.82092285 865.26361084 89.34463501 -350.09942627 869.3581543 92.59925842 -361.32955933 874.21569824 97.01895905 -362.50582886 873.76922607 96.63285065 -407.01220703 885.79138184 116.3215332 -407.22006226 885.72088623 116.21028137 -406.54736328 885.87573242 116.44100189 -408.3374939 885.41119385 115.75624084 -408.05709839 885.48809814 115.86615753 -406.90353394 885.75421143 116.2563858 -404.45831299 886.08087158 116.77899933 -403.74179077 886.32092285 117.14093018 -400.7895813 886.48217773 117.44638062 -397.74349976 886.35778809 117.31464386 -394.65884399 885.95397949 116.71471405 -391.59103394 885.28424072 115.62960815 -388.59356689 884.36920166 114.0584259 -385.71539307 883.23577881 112.01810455 -382.99951172 881.91674805 109.54437256 -380.44525146 880.45837402 106.74372864 -377.79281616 878.94952393 104.0651474 -374.95993042 877.41333008 101.64519501 -371.94897461 875.84619141 99.4841156 -368.80743408 874.23510742 97.53084564 -362.46865845 870.80114746 93.98052979 -345.0324707 858.14007568 83.78355408 -350.58261108 862.69073486 87.13534546 -356.36734009 866.94873047 90.55387115 -313.46850586 834.50970459 70.44939423 -318.97457886 832.55059814 69.00999451 -318.72906494 839.84759521 73.05082703 -323.97183228 837.97607422 71.63186646 -324.11010742 845.05059814 75.81852722 -329.08273315 843.26171875 74.43761444 -329.61209106 850.11364746 78.74427032 -334.30731201 848.40112305 77.41543579 -335.21060181 855.00439453 81.80347443 -339.62185669 853.36682129 80.53726196 -303.21844482 830.80157471 70.02590942 -303.31329346 830.75262451 69.90576172 -305.9704895 833.47296143 71.08751678 -305.97845459 833.46984863 71.07977295 -308.67663574 836.15228271 72.29366302 -311.40692139 838.80096436 73.54665375 -314.16885376 841.41674805 74.83810425 -303.46679688 830.70098877 69.78334045 -306.12850952 833.41925049 70.95986176 -308.82321167 836.10272217 72.17634583 -308.49667358 836.2166748 72.60082245 -308.00094604 835.7298584 72.37779999 -303.125 830.81982422 70.2292099 -302.93109131 830.61981201 70.14551544 -302.61120605 830.28894043 70.00774384 -285.90582275 810.53222656 62.7565918 -288.28637695 813.5513916 63.62140274 -288.1131897 813.60839844 63.75756836 -290.54171753 816.578125 64.66849518 -290.53170776 816.58197021 64.67803192 -292.26953125 818.94311523 65.77198029 -359.706604 874.82049561 97.84938812 -356.33078003 873.17022705 96.1269989 -353.10095215 871.34173584 94.37528992 -349.95306396 869.41223145 92.67972565 -343.66287231 865.32141113 89.43262482 -337.58532715 860.91870117 86.24433899 -331.64779663 856.28314209 83.1525116 -325.81771851 851.45092773 80.17222595 -320.08929443 846.44744873 77.31718445 -314.48742676 841.30914307 74.60921478 -309.01147461 836.03961182 72.05377197 -303.66403198 830.63513184 69.65594482 -300.83911133 827.94671631 68.64755249 -300.68222046 827.99932861 68.77239227 -300.67352295 828.00274658 68.78078461 -297.89056396 825.27783203 68.01999664 -295.53027344 822.37579346 66.63191986 -293.1812439 819.44458008 65.49556732 -295.69384766 822.32122803 66.50245667 -293.39559937 819.37384033 65.35971069 -298.45321655 825.0859375 67.42176819 -297.98721313 825.25866699 67.80545044 -298.08703613 825.20800781 67.68070221 -298.24731445 825.15435791 67.55352783 -288.50891113 813.47851562 63.48155594 -290.71176147 816.52191162 64.5345459 -293.01437378 819.50006104 65.62727356 -295.52087402 822.3793335 66.64091492 -297.36148071 824.6998291 67.80268097 -283.17276001 807.59838867 62.46492767 -283.19909668 807.59753418 62.33708572 -285.51394653 810.66522217 63.2730217 -285.5402832 810.66448975 63.14820099 -287.35256958 812.99853516 63.92861938 -282.61883545 806.85626221 62.27809906 -282.06646729 806.10968018 62.0934639 -280.9052124 804.48059082 61.5712471 -287.98031616 813.63165283 63.8808403 -285.60513306 810.63165283 63.02954102 -285.72952271 810.59002686 62.89499283 -283.39196777 807.52233887 62.07915497 -283.57122803 807.46386719 61.93851471 -278.7293396 801.27972412 60.72381973 -280.97305298 804.4473877 61.44808197 -283.26544189 807.56445312 62.21617508 -278.6600647 801.31304932 60.84925079 -280.87890625 804.48175049 61.70212173 -280.32363892 803.70959473 61.52176666 -278.63378906 801.31433105 60.98316193 -278.078125 800.5112915 60.80941772 -276.43902588 798.09533691 60.30660629 -276.46524048 798.09381104 60.16965485 -275.8109436 797.15020752 60.1177597 -274.2961731 794.82385254 59.67101669 -274.32226562 794.82196045 59.53102875 -273.74252319 793.95629883 59.51081085 -276.53594971 798.0604248 60.04194641 -276.6685791 798.01715088 59.89743805 -276.8565979 797.95709229 59.74995041 -274.39440918 794.78857422 59.40102386 -274.5289917 794.74511719 59.25398254 -274.71981812 794.68457031 59.10416031 -281.28390503 804.34576416 61.16568375 -279.28320312 801.10113525 60.28868484 -283.80169678 807.38934326 61.79466248 -272.63735962 791.36010742 58.49809265 -270.87524414 787.92419434 57.77684784 -274.96508789 794.60748291 58.95197296 -272.44381714 791.42089844 58.65028 -272.30740356 791.46466064 58.79987717 -272.23382568 791.4979248 58.93218994 -272.20782471 791.50006104 59.07522583 -270.18783569 788.14282227 58.52092743 -270.03637695 787.88494873 58.48022842 -265.8482666 780.36694336 57.40208435 -264.86331177 778.47515869 57.16152954 -264.59710693 777.90112305 56.93596649 -268.48306274 784.67816162 57.56605911 -266.61346436 781.26525879 57.08216095 -266.70669556 781.23657227 57.0027771 -269.64746094 787.21875 58.37628174 -268.26675415 784.75531006 57.85782242 -266.47171021 781.30963135 57.23958969 -264.67593384 777.86877441 56.7942543 -264.81930542 777.82427979 56.6341629 -263.10269165 774.35443115 56.22002411 -263.19805908 774.32562256 56.13807678 -266.8145752 781.20367432 56.92264175 -270.62304688 788.00213623 57.93342972 -270.51785278 788.03479004 58.0111351 -270.4269104 788.06323242 58.08802795 -262.3578186 773.40014648 56.57104111 -261.21350098 770.93560791 56.31117249 -261.23858643 770.93109131 56.14977646 -260.3170166 768.92926025 56.11166382 -259.68222046 767.40045166 55.80257034 -259.65731812 767.40551758 55.9670372 -259.19519043 766.31170654 55.86675644 -258.21270752 763.83758545 55.4833374 -258.18804932 763.84326172 55.65089035 -256.83599854 760.24017334 55.1902504 -256.89471436 760.47216797 55.37825394 -262.95776367 774.39898682 56.38280869 -261.31976318 770.89953613 56.00326157 -261.46615601 770.85491943 55.83776474 -259.912323 767.32476807 55.48540115 -260.00964355 767.2958374 55.4008255 -263.30841064 774.2925415 56.055439 -260.12225342 767.26263428 55.31561279 -260.24987793 767.22521973 55.23015213 -267.07321167 781.12512207 56.76147079 -263.57299805 774.21356201 55.88949585 -260.39224243 767.18347168 55.14472961 -303.9034729 830.55523682 69.52455139 -298.70324707 825.00305176 67.28643036 -293.65591431 819.28814697 65.22075653 -288.7791748 813.39025879 63.33912277 -284.08151245 807.29888916 61.64871216 -279.57220459 801.00897217 60.13912201 -275.26293945 794.51391602 58.79863739 -271.18148804 787.82971191 57.61953735 -267.38726807 781.02990723 56.59994888 -263.89425659 774.11779785 55.72354126 -260.72015381 767.08752441 54.97414398 -254.35284424 752.94366455 54.85225677 -254.37680054 752.93597412 54.67562103 -255.53265381 756.61346436 55.0952034 -255.55688477 756.60644531 54.92155457 -256.39230347 759.08990479 55.2734375 -256.81155396 760.24645996 55.36087418 -253.98432922 751.72143555 54.77660751 -253.85559082 751.28479004 54.75019455 -253.29521179 749.22900391 54.45088959 -253.27145386 749.23748779 54.63047028 -252.30754089 745.4876709 54.24584961 -254.4630127 752.90777588 54.51670837 -254.6156311 752.86322021 54.33734512 -255.64221191 756.57745361 54.7652092 -255.79374695 756.53283691 54.58866119 -256.92037964 760.21038818 55.03642273 -257.07077026 760.16577148 54.86266327 -258.29608154 763.80712891 55.3319664 -253.5358429 749.15722656 54.10716248 -252.65159607 745.38824463 53.80386734 -254.71621704 752.83441162 54.24736404 -257.16983032 760.13684082 54.7754097 -258.44519043 763.76239014 55.16098404 -259.76449585 767.36938477 55.6536293 -252.28399658 745.49682617 54.42834473 -251.96650696 744.20898438 54.36341476 -251.40724182 741.71466064 54.05900955 -251.46794128 742.09313965 54.26155472 -251.38383484 741.72436523 54.2443924 -250.58508301 737.91381836 53.88884354 -249.23327637 730.95330811 53.81048584 -249.13972473 730.27832031 53.59337616 -249.83222961 734.09631348 53.73406601 -250.56182861 737.92407227 54.07710266 -250.28804016 736.57476807 54.02166748 -249.80908203 734.10699463 53.92520905 -250.67388916 737.88873291 53.71920776 -250.83000183 737.8449707 53.52846527 -251.49554443 741.68884277 53.89209747 -251.65086365 741.64477539 53.70421982 -252.3952179 745.46112061 54.08164597 -252.54974365 745.41687012 53.89661789 -253.38220215 749.20166016 54.28935242 -249.4906311 730.18310547 53.1234436 -250.93293762 737.81665039 53.43291092 -251.68525696 737.61248779 52.95423889 -253.39576721 745.18212891 53.33860779 -251.3380127 737.70654297 53.14492798 -253.05232239 745.27709961 53.52408218 -251.1872406 737.74743652 53.2407608 -252.90319824 745.31842041 53.61722946 -250.24995422 729.98126221 52.63114166 -249.89945984 730.07427979 52.82714462 -249.74728394 730.11468506 52.92570877 -254.96455383 752.76403809 54.06615067 -255.11178589 752.72253418 53.97564316 -255.45082092 752.62695312 53.79527283 -253.79756165 745.07080078 53.15449905 -252.09143066 737.50219727 52.76511765 -250.65988159 729.87225342 52.43689728 -304.50317383 830.35455322 69.25071716 -299.32943726 824.79455566 67.00601196 -294.30780029 819.0725708 64.93457794 -289.45593262 813.168396 63.04751205 -284.78222656 807.07165527 61.35160828 -280.29595947 800.77734375 59.83625412 -276.00872803 794.27880859 58.48959732 -271.94821167 787.59210205 57.30382919 -268.17352295 780.79052734 56.27698898 -264.69857788 773.87719727 55.39276123 -261.54095459 766.84631348 54.63503647 -258.72879028 759.6875 53.98830795 -261.01522827 759.01605225 53.30648041 -263.78759766 766.17462158 53.96739578 -266.90072632 773.20727539 54.73806381 -270.32681274 780.12402344 55.63381577 -274.04858398 786.9307251 56.67061996 -278.05227661 793.62426758 57.86471939 -282.27954102 800.13220215 59.21829605 -286.703125 806.43890381 60.73946762 -291.3114624 812.55065918 62.44042969 -296.09561157 818.47235107 64.33239746 -301.04711914 824.21411133 66.40960693 -306.14859009 829.79571533 68.66242218 -251.12686157 729.74749756 52.24474335 -252.55418396 737.37609863 52.57788086 -254.25532532 744.94342041 52.97205353 -257.55935669 760.02453613 54.51159286 -257.89321899 759.9286499 54.33619308 -256.29931641 752.38665771 53.43822479 -308.33117676 829.03967285 68.02019501 -303.32498169 823.42889404 65.76547241 -298.46578979 817.66033936 63.68946457 -293.77078247 811.71496582 61.79992294 -289.24816895 805.58282471 60.10115814 -284.90689087 799.25946045 58.58115768 -280.75817871 792.73864746 57.22724915 -276.82885742 786.03594971 56.03093338 -273.17617798 779.222229 54.9896965 -269.81356812 772.30078125 54.08738327 -266.75808716 765.26586914 53.30825043 -264.0369873 758.10760498 52.63718033 -261.68624878 750.81231689 52.06017685 -314.09371948 826.99658203 66.57904816 -309.33685303 821.30682373 64.33646393 -304.71917725 815.46594238 62.28104019 -300.25701904 809.45648193 60.41536331 -295.95822144 803.26953125 58.73986053 -291.83129883 796.90106201 57.24033737 -287.88693237 790.34552002 55.90285873 -284.15057373 783.61785889 54.71785355 -280.67648315 776.78540039 53.68194199 -277.47756958 769.85131836 52.77923584 -274.56985474 762.8102417 51.99454498 -271.97930908 755.652771 51.3133316 -269.74002075 748.36608887 50.7222023 -267.85458374 740.9498291 50.20929337 -321.42797852 824.34655762 64.95291138 -316.98626709 818.55438232 62.74036407 -312.6736145 812.61975098 60.72593307 -308.50527954 806.52722168 58.90551758 -304.48852539 800.26898193 57.27446747 -300.63137817 793.84216309 55.81580734 -296.94381714 787.24157715 54.51393509 -293.44949341 780.48144531 53.35790253 -290.19888306 773.62469482 52.34320068 -287.20401001 766.67425537 51.45427322 -284.47976685 759.62512207 50.67666626 -282.05029297 752.46881104 49.99660873 -279.94726562 745.1932373 49.40145493 -278.17324829 737.79821777 48.88002777 -276.69168091 730.29907227 48.42190933 -325.98443604 830.00952148 67.37181091 -330.6484375 835.54864502 70.00589752 -335.41714478 840.94146729 72.84669495 -340.29016113 846.17999268 75.87778473 -345.24465942 851.24279785 79.06652069 -350.28692627 856.11633301 82.3891449 -355.46832275 860.77490234 85.82385254 -360.90036011 865.15447998 89.33107758 -366.64193726 869.15270996 92.85405731 -372.59579468 872.75976562 96.49816132 -375.54071045 874.46478271 98.48723602 -378.359375 876.12927246 100.66984558 -381.0072937 877.765625 103.09303284 -383.48126221 879.37652588 105.7572937 -385.84576416 880.93438721 108.53870392 -388.33758545 882.35266113 111.0189743 -390.9574585 883.58654785 113.09663391 -393.66607666 884.60406494 114.73584747 -396.41900635 885.37884521 115.91821289 -399.16833496 885.89093018 116.64186859 -401.86444092 886.12695312 116.91999817 -408.5007019 885.33520508 115.6398468 -408.26663208 885.41583252 115.75840759 -407.79522705 885.45001221 115.80660248 -408.95965576 885.21026611 115.46542358 -408.99856567 885.20672607 115.46559143 -408.83569336 885.25354004 115.5282135 -408.74942017 885.2489624 115.51455688 -351.27288818 835.13208008 69.21257019 -355.26599121 840.61859131 72.35206604 -359.31930542 845.92468262 75.68341827 -363.4395752 851.04931641 79.17221832 -367.6980896 855.9777832 82.7895813 -372.24731445 860.66223145 86.49393463 -377.08853149 865.02539062 90.23316193 -382.07885742 869.06585693 94.08712769 -384.53161621 871.00598145 96.15338135 -386.86904907 872.91412354 98.37741089 -389.0539856 874.8012085 100.79623413 -391.08129883 876.66778564 103.41215515 -392.97079468 878.47473145 106.1329422 -394.90182495 880.14147949 108.61709595 -396.87512207 881.62695312 110.77577972 -398.8605957 882.90100098 112.57288361 -400.82543945 883.93890381 113.98628235 -402.73519897 884.72180176 115.0072403 -404.55517578 885.23742676 115.63946533 -406.25204468 885.47979736 115.89775085 -330.09527588 821.21105957 63.17423248 -326.02590942 815.29779053 61.0057869 -322.07354736 809.25213623 59.04841614 -318.25216675 803.06115723 57.29009628 -314.568573 796.71881104 55.72020721 -311.0300293 790.22277832 54.31845093 -307.6456604 783.56890869 53.06725693 -304.43710327 776.77050781 51.95405197 -301.45031738 769.88500977 50.97299957 -298.69619751 762.91516113 50.1089325 -296.18841553 755.85656738 49.34825897 -293.94888306 748.70153809 48.67811584 -292.00656128 741.43914795 48.08675385 -290.36364746 734.06915283 47.56380081 -288.98696899 726.60565186 47.09962082 -287.8230896 719.09735107 46.68536758 -319.61331177 779.4697876 51.61008453 -334.94967651 781.86315918 51.3015213 -322.65820312 786.18304443 52.79786682 -337.75680542 788.51904297 52.55178833 -325.84017944 792.75640869 54.12926483 -340.67547607 795.05596924 53.96035385 -329.15097046 799.19274902 55.62404633 -343.6998291 801.47412109 55.55518341 -332.58407593 805.49346924 57.30620956 -346.82452393 807.77606201 57.36069107 -336.1333313 811.66296387 59.19304276 -350.03845215 813.96905518 59.40722656 -339.78616333 817.71142578 61.30542755 -353.33108521 820.05865479 61.73060226 -316.72470093 772.62860107 50.55153275 -314.0333252 765.7109375 49.61488342 -311.5489502 758.71948242 48.78541183 -309.28375244 751.65032959 48.0504837 -307.25726318 744.49676514 47.39825821 -305.49526978 737.24908447 46.81797791 -303.99969482 729.90716553 46.3001709 -302.74111938 722.4833374 45.8360672 -301.67190552 715.02111816 45.41765213 -299.91424561 700.11602783 44.68131256 -249.11665344 730.28942871 53.78746414 -248.8765564 728.89581299 53.74033356 -247.89611816 722.6451416 53.34701157 -246.96424866 716.36468506 53.37561417 -246.80613708 715.01849365 53.13563919 -247.65722656 721.22064209 53.50609589 -247.87316895 722.65686035 53.5470314 -249.2293396 730.25439453 53.41833878 -247.98631287 722.62225342 53.16664505 -247.16177368 714.92681885 52.63771057 -246.78326416 715.03063965 53.34161377 -246.5871582 713.55249023 53.30472183 -245.84063721 707.4006958 52.94632721 -244.95217896 699.80633545 52.98487091 -244.97485352 699.79370117 52.76691055 -245.63768005 705.89343262 53.12322617 -245.81787109 707.41308594 53.15827942 -246.89680481 714.99645996 52.94995117 -246.00320435 707.36053467 52.6483078 -245.93165588 707.3793335 52.75532532 -245.13806152 699.7543335 52.46068192 -244.78504944 698.2456665 52.94948578 -244.75669861 697.9777832 52.94339752 -244.19055176 692.19897461 52.58642578 -244.16798401 692.21166992 52.81041718 -244.01130676 690.6104126 52.77238083 -243.47225952 684.61773682 52.39414597 -243.72671509 684.55773926 51.95588684 -243.83439636 684.53167725 51.84029007 -245.33409119 699.70501709 52.24096298 -246.09213257 707.33758545 52.54135895 -245.22746277 699.73168945 52.35082626 -243.63650513 684.57983398 52.0715332 -242.78620911 677.0635376 52.41954041 -242.80853271 677.05078125 52.18361664 -243.30169678 682.98901367 52.58150482 -243.44979858 684.63049316 52.62413406 -242.16748047 669.51116943 52.19524384 -242.18969727 669.49841309 51.95323944 -242.53482056 674.0536499 52.33240891 -242.64494324 675.38208008 52.37124252 -245.06616211 699.77294922 52.57062531 -244.28211975 692.17877197 52.38489151 -243.56402588 684.59796143 52.18733597 -242.90049744 677.03137207 51.97148895 -249.92147827 734.07183838 53.56170273 -244.62304688 684.34393311 51.26457214 -244.25892639 684.43041992 51.49323273 -242.98268127 669.31610107 51.00790405 -242.03181458 667.78997803 52.14154816 -241.03962708 654.44897461 51.56351471 -241.05805969 654.44091797 51.44259262 -240.03945923 639.56408691 50.88746262 -240.29211426 639.38244629 50.36791229 -240.40232849 639.3583374 50.23541641 -241.31544495 654.3817749 50.95947647 -241.42486572 654.35699463 50.83256149 -242.44569397 669.44018555 51.49295044 -242.55429077 669.41485596 51.37166977 -240.67541504 639.29931641 49.97032928 -242.82315063 669.3527832 51.12865448 -244.10084534 684.46801758 51.6084938 -241.21105957 639.18444824 49.57855225 -243.35020447 669.23181152 50.76854324 -241.01622009 639.22625732 49.70820999 -243.15849304 669.27581787 50.88785172 -240.83753967 639.2645874 49.83882141 -238.19483948 609.6137085 49.59880829 -239.08589172 624.49963379 50.25521469 -240.0337677 639.44226074 50.87273026 -239.25267029 624.46130371 49.86701584 -240.12612915 639.41973877 50.63381577 -239.17848206 624.47766113 50.00587463 -240.07070923 639.43286133 50.75795364 -239.12286377 624.49041748 50.13539886 -238.45535278 609.55688477 49.05052948 -238.36212158 609.57635498 49.19452667 -238.2875824 609.59234619 49.33908463 -238.23181152 609.60479736 49.47397995 -239.38725281 609.36901855 48.19742584 -239.18960571 609.40875244 48.33718109 -239.00834656 609.44500732 48.47811127 -239.45631409 624.41784668 49.59057617 -238.69664001 609.50775146 48.76328278 -240.5302124 639.33062744 50.10268021 -242.68023682 669.38568115 51.25005341 -243.95921326 684.50177002 51.72431564 -245.4576416 699.67431641 52.13069153 -247.28385925 714.89538574 52.53316498 -249.61091614 730.15100098 53.02458572 -251.05210876 737.78411865 53.33686447 -252.76950073 745.35540771 53.71059418 -243.77989197 669.13293457 50.53235626 -241.6476593 639.09051514 49.32229233 -244.2689209 669.01983643 50.29973221 -242.14433289 638.9831543 49.07047272 -245.41453552 668.75177002 49.84539413 -243.30674744 638.72851562 48.58032608 -246.76963806 668.4296875 49.40411377 -244.67984009 638.42254639 48.10648346 -241.51089478 608.93640137 47.12693024 -242.89974976 608.64611816 46.62241364 -239.83007812 609.27996826 47.92167664 -240.33360291 609.17797852 47.6513176 -240.89466858 609.06347656 47.38650894 -250.05053711 667.63122559 48.5540657 -247.99760437 637.6640625 47.20011139 -246.24871826 607.92645264 45.66437531 -250.27972412 607.0335083 44.76227951 -236.91586304 579.9274292 47.4547081 -236.80290222 579.94915771 47.60924149 -236.7086792 579.9675293 47.76438904 -236.6335144 579.98266602 47.92030716 -236.5774231 579.99450684 48.06589508 -235.53251648 550.49462891 45.7706604 -235.39968872 550.51818848 45.93592453 -235.28549194 550.53869629 46.10136414 -235.19033813 550.55615234 46.26761627 -235.11456299 550.57049561 46.43483734 -235.05819702 550.58166504 46.59109116 -241.1504364 654.42004395 51.21396255 -240.19995117 639.4029541 50.50067139 -239.34538269 624.44134521 49.72862625 -238.56698608 609.53399658 48.90695953 -237.0471344 579.90252686 47.30020142 -237.19631958 579.87438965 47.14644623 -235.68353271 550.46801758 45.60635757 -235.85224915 550.43835449 45.44359589 -234.45158386 521.2086792 43.8829422 -236.03825378 550.40576172 45.282444 -238.84388733 609.47802734 48.62016296 -237.36296082 579.84307861 46.99399567 -237.54664612 579.80865479 46.84290314 -237.74691772 579.77105713 46.69323349 -238.19558716 579.68664551 46.39838409 -236.69525146 550.29022217 44.80925751 -237.21121216 550.19873047 44.50299454 -239.83224487 549.72137451 43.35040283 -238.41542053 549.98193359 43.91291809 -237.7855072 550.09588623 44.2043457 -241.03616333 654.45092773 51.69567108 -240.90846252 652.65081787 51.63171005 -240.23460388 642.81848145 51.26786423 -238.18612671 609.47802734 49.59642029 -237.59870911 599.609375 49.43506241 -236.54043579 580.00305176 48.20106888 -234.88555908 548.25494385 46.95608521 -235.00395203 550.59448242 46.89648819 -234.45422363 539.45465088 46.51830673 -232.28074646 492.27105713 44.01964569 -231.66633606 478.07446289 43.56969833 -229.89183044 434.48052979 41.75813293 -233.61265564 521.35174561 45.26067352 -235.02134705 550.58966064 46.73592758 -236.54049683 580.00299072 48.20074081 -234.28085327 521.23669434 44.05597687 -234.12808228 521.26184082 44.23080444 -233.99377441 521.28417969 44.4067955 -233.87837219 521.30358887 44.58311081 -233.78233337 521.32006836 44.76044464 -233.70600891 521.33361816 44.93895721 -233.64942932 521.34417725 45.10585785 -235.30450439 521.06866455 43.21006012 -234.00648499 491.99966431 41.66182709 -234.53387451 491.9180603 41.32011414 -235.76249695 491.72470093 40.66539383 -235.12019348 491.82635498 40.98812485 -248.01411438 683.52124023 49.95632935 -246.66949463 683.85168457 50.38037872 -245.53352356 684.12652588 50.81602097 -245.04884338 684.24255371 51.03871155 -262.86981201 545.0668335 38.78875351 -251.98358154 547.3303833 40.42132568 -247.3120575 548.27429199 41.32513428 -243.23503113 549.07562256 42.29734802 -241.44342041 549.41876221 42.81272888 -258.62033081 751.71759033 52.74111176 -256.60562134 744.27886963 52.25871277 -259.70861816 743.37963867 51.56485748 -258.06280518 735.82720947 51.13963318 -266.28387451 733.42053223 49.76352692 -264.96456909 725.83618164 49.3747139 -275.44384766 722.74951172 48.01752853 -273.41815186 707.66540527 47.32593155 -285.92312622 704.09783936 45.96615601 -284.40914917 689.13623047 45.32310486 -298.50024414 685.25 44.01641846 -297.31130981 670.43212891 43.35758209 -296.27334595 655.66741943 42.65964508 -283.14788818 674.22277832 44.6834259 -271.81640625 692.61804199 46.71471786 -262.83157349 710.68054199 48.72091675 -256.68206787 728.21594238 50.77384949 -254.92906189 736.71783447 51.84749985 -255.33016968 744.64160156 52.61238861 -257.3605957 752.08276367 53.08712387 -371.03613281 761.65148926 46.30599594 -345.19726562 770.56060791 48.81200027 -329.70819092 768.19940186 49.1932373 -327.32623291 761.24743652 48.30996704 -325.12380981 754.23284912 47.52338409 -323.11151123 747.15234375 46.82189178 -321.30630493 740.00030518 46.19472122 -319.73062134 732.76843262 45.63218307 -318.3861084 725.4564209 45.1257782 -317.24728394 718.07501221 44.66765594 -316.27276611 710.66210938 44.25067902 -314.65432739 695.85803223 43.50782013 -313.33416748 681.09429932 42.83135223 -311.21612549 651.71508789 41.46548462 -309.4743042 622.54626465 39.97423172 -245.59780884 699.63970947 52.02051544 -245.75424194 699.60119629 51.91082001 -246.11456299 699.51251221 51.69304276 -246.53594971 699.40856934 51.47771072 -247.01573181 699.28967285 51.26519394 -248.14073181 699.0078125 50.84880829 -249.47325134 698.66906738 50.4426651 -251.2729187 682.70239258 49.13680649 -258.59750366 665.47338867 46.94958496 -267.42346191 632.95623779 43.95310211 -278.56564331 600.47473145 40.83791733 -275.71557617 542.38861084 37.33600998 -376.36099243 410.94161987 28.69986916 -361.47805786 413.05307007 28.31523514 -346.17993164 415.40966797 28.13847923 -328.42617798 362.60910034 25.78118706 -330.72973633 417.92974854 28.16695023 -313.17980957 364.87973022 25.88183784 -315.39505005 420.53155518 28.40463829 -300.35031128 423.13336182 28.86056328 -302.63357544 479.43563843 31.84785271 -287.63616943 482.28656006 32.69360733 -305.13616943 536.20275879 35.10443878 -290.10913086 539.39935303 36.09806442 -307.92428589 593.58135986 38.39426422 -292.90408325 597.14355469 39.52028275 -294.4788208 626.300354 41.14587402 -280.18798828 629.81091309 42.48411942 -282.05609131 659.36334229 43.99689102 -269.35391235 662.67480469 45.44043732 -270.4921875 677.61895752 46.10448074 -259.77609253 680.48931885 47.58016205 -261.15460205 695.56066895 48.15107346 -252.70596313 697.82952881 49.65533829 -254.45365906 713.00518799 50.17123795 -251.25300598 713.86541748 50.92579269 -249.93499756 714.21246338 51.313797 -248.82296753 714.50128174 51.71072769 -248.34895325 714.62310791 51.91299057 -247.932724 714.72961426 52.11771393 -247.576828 714.82043457 52.32455444 -247.4223175 714.85998535 52.42865753 -387.38833618 300 34.93677521 -394.72146606 300 33.6313591 -404.93615723 300 31.66012001 -412.3430481 300 30.06505394 -365.64370728 732.26794434 48.9970665 -366.85964966 739.42834473 49.36839294 -380.02896118 735.23040771 47.76818085 -420.82659912 767.19818115 45.19698334 -421.94894409 835.18023682 71.36877441 -422.49938965 841.20269775 75.75525665 -409.31646729 885.10089111 115.31893158 -409.3203125 885.09991455 115.31716156 -416.32321167 881.4296875 110.43399811 -234.96470642 518.65087891 47.41175079 -236.3447876 548.0300293 48.7325325 -236.83261108 547.95037842 48.98362732 -235.46025085 518.57568359 47.68442917 -237.38087463 547.85931396 49.21874237 -236.92019653 577.73999023 49.40735245 -238.56062317 607.50067139 50.71570969 -238.70610046 607.47442627 50.83954239 -237.06861877 577.71520996 49.54265976 -238.8690033 607.44488525 50.96017456 -237.23474121 577.68719482 49.67464066 -239.04884338 607.4119873 51.07715225 -237.61808777 577.6217041 49.9271698 -237.41804504 577.65600586 49.80281448 -240.10171509 577.17578125 50.87543869 -241.68998718 606.90515137 52.04669571 -243.12664795 606.61590576 52.33834457 -238.07614136 607.58538818 49.94704056 -239.9473877 637.68719482 51.32246017 -239.94210815 637.56384277 51.32520294 -244.05984497 690.59692383 52.991642 -244.83308411 698.23223877 53.16303635 -245.68522644 705.88024902 53.33108521 -246.63420105 713.53936768 53.5069313 -246.74565125 713.51837158 53.67696762 -245.52726746 667.03277588 53.9666748 -246.92248535 666.71154785 54.18864822 -244.87400818 636.54742432 53.35542679 -273.78302002 793.95013428 59.64835739 -252.40457153 744.10070801 54.92614365 -252.532547 744.06793213 55.00006104 -250.8613739 736.43505859 54.68093872 -253.6181488 743.78369141 55.38797379 -254.09388733 743.65643311 55.49549866 -252.44099426 736.027771 55.19699478 -255.19818115 751.40496826 55.64904785 -257.58621216 758.77215576 56.11172867 -258.45654297 758.53106689 56.31694412 -287.90438843 812.83215332 64.36575317 -288.02856445 812.79370117 64.40349579 -283.31945801 806.64666748 62.78506088 -293.19317627 818.65808105 66.27526855 -288.31225586 812.7052002 64.47109222 -294.71017456 818.16821289 66.41320038 -295.70388794 817.83947754 66.42289734 -290.91891479 811.86309814 64.66295624 -363.10183716 876.15325928 99.52351379 -402.25405884 886.72277832 117.84669495 -363.47842407 876.04272461 99.55762482 -363.33117676 876.09509277 99.55561066 -366.77114868 877.59307861 101.40124512 -399.64031982 886.95892334 118.28974152 -399.70080566 886.93896484 118.2783432 -403.77087402 886.4944458 117.47985077 -403.77999878 886.49035645 117.47806549 -403.57019043 886.52423096 117.5350647 -406.24053955 885.99713135 116.67673492 -406.42575073 885.95379639 116.60121918 -406.44424438 885.94726562 116.60031891 -403.76095581 886.46350098 117.47051239 -403.9468689 886.40307617 117.39546967 -403.15567017 886.51049805 117.58890533 -408.9772644 885.21710205 115.48989105 -408.98379517 885.21490479 115.48713684 -408.97235107 885.21875 115.49172211 -307.98983765 828.50195312 70.3529892 -313.13565063 834.01605225 72.62909698 -318.70782471 832.04907227 71.91242218 -371.79425049 875.72845459 100.60540771 -368.6338501 874.10400391 98.7522049 -365.63772583 875.24719238 99.31198883 -382.91680908 881.8447876 110.28754425 -380.35565186 880.37316895 107.56369019 -377.96188354 881.21166992 108.15263367 -400.75531006 886.48242188 117.74155426 -397.69628906 886.35162354 117.69779205 -396.57366943 886.71356201 118.15060425 -408.99182129 885.2121582 115.48353577 -283.57122803 672.60955811 53.97099304 -284.78952026 687.60253906 54.12508011 -298.90600586 683.72619629 53.10404587 -330.04483032 690.03845215 50.58409119 -328.85205078 675.30133057 50.38658524 -313.74243164 679.58099365 51.82773972 -315.01712036 694.42437744 52.00115967 -316.58126831 709.30957031 52.2356987 -331.48168945 704.81860352 50.83830261 -375.41226196 874.33996582 99.80757141 -378.25131226 876.01629639 101.87345123 -386.80310059 872.78424072 99.7449646 -408.03356934 885.472229 115.91584015 -408.32843018 885.37097168 115.76951599 -408.15332031 885.40179443 115.82962799 -408.49325562 885.35797119 115.72298431 -408.66964722 885.29705811 115.63495636 -408.50054932 885.33605957 115.70458984 -408.99859619 885.20697021 115.48184967 -408.96032715 885.21057129 115.49723053 -409.04959106 885.19213867 115.45545197 -409.00738525 885.15979004 115.44635773 -409.26507568 885.07025146 115.31388092 -224.23826599 258.68978882 37.39822388 -230.28387451 402.45523071 43.0891571 -229.28965759 373.63052368 42.34064102 -229.04873657 373.65481567 42.14421463 -236.38999939 459.78863525 46.62688065 -237.54789734 488.84884644 47.66557693 -239.24143982 488.58035278 48.05199814 -234.86903381 460.006073 46.14722824 -233.76980591 431.04379272 45.20639038 -233.07798767 431.13305664 44.92393494 -271.92822266 425.09713745 48.24175262 -286.3729248 422.75610352 47.7453804 -284.47229004 366.1446228 47.07115936 -301.30111694 420.25271606 46.84568405 -316.29754639 417.66809082 45.66991043 -314.19171143 361.71148682 45.08195114 -383.38476562 574.43481445 41.84054565 -413.63497925 241.62721252 28.36255646 -382.99353027 134.0296936 32.71626282 -220.8805542 84.39956665 35.17588806 -220.95025635 84.39821625 35.47848892 -221.04658508 84.39633942 35.80136108 -221.1693573 84.39393616 36.14355469 -221.31567383 84.39100647 36.47952652 -221.48497009 84.38755798 36.80968475 -221.67666626 84.3835907 37.13550186 -221.88973999 84.37911987 37.45540237 -222.12319946 84.37414551 37.7682457 -222.37620544 84.36865997 38.07400513 -222.6479187 84.36267853 38.37265015 -223.24404907 84.34924316 38.94850159 -223.90486145 84.33387756 39.49557877 -224.6240387 84.31659698 40.01435089 -225.39704895 84.2974472 40.50628281 -226.21989441 84.27645874 40.97265625 -227.08853149 84.25366974 41.41474533 -228.94999695 84.20281982 42.23099136 -230.96153259 84.14516449 42.96361542 -235.37229919 84.01052856 44.20626068 -240.22702026 83.85193634 45.18631363 -257.1451416 83.25421906 46.82104874 -270.58758545 82.77590942 46.93469238 -292.00320435 81.98222351 45.79847336 -277.78186035 82.51933289 46.70406723 -305.99267578 81.42770386 44.45199966 -320.42196655 80.87317657 42.68545914 -335.35275269 80.33607483 40.52157974 -352.30303955 135.40231323 38.32487488 -367.8397522 134.65841675 35.62591553 -396.51678467 133.54495239 29.88024139 -408.01171875 133.23300171 27.24497795 -412.80282593 133.15080261 26.06439781 -409.3135376 241.77030945 29.3820076 -398.64547729 242.31343079 31.66935921 -385.78738403 243.15736389 34.14461136 -374.85888672 353.41107178 37.94752121 -376.84674072 408.14160156 38.71495438 -378.92553711 463.13937378 39.62475967 -381.1003418 518.52893066 40.67731476 -369.30895996 577.40856934 43.72698975 -372.06427002 634.28210449 44.88573074 -373.62857056 663.00012207 45.46758652 -374.51101685 677.43182373 45.77746964 -376.68927002 706.42047119 46.55971909 -375.50717163 691.91003418 46.13136673 -411.16366577 711.46813965 42.7782402 -418.41342163 738.67840576 43.26430511 -411.78289795 725.83959961 43.46406937 -402.05969238 713.92211914 44.06249237 -420.36050415 738.2678833 42.89795303 -371.15542603 244.25195312 36.69615555 -355.89422607 245.54708862 39.07764816 -359.92315674 355.23858643 40.06367493 -299.32220459 363.96340942 46.22740173 -258.99893188 427.19458008 48.23765182 -270.04684448 368.18432617 47.47688675 -234.51339722 430.94598389 45.47229004 -250.09107971 486.72793579 49.29068756 -247.97259521 428.96725464 47.71883392 -245.31651306 487.56515503 48.9205246 -243.17140198 429.70645142 47.23601913 -241.10877991 488.27597046 48.38727951 -238.92178345 430.33401489 46.57975769 -237.02832031 430.60272217 46.17843246 -235.30593872 430.83978271 45.72242355 -236.01661682 518.48962402 47.94051743 -234.74475098 489.27224731 46.71915817 -234.18049622 489.35339355 46.442173 -232.98344421 460.2633667 45.30606461 -232.47303772 460.33010864 44.99053192 -231.34358215 431.34783936 43.96949005 -231.10935974 431.3757019 43.79426575 -229.8041687 431.52355957 41.87220001 -246.11463928 371.55636597 46.65483475 -241.29284668 372.20040894 46.07234192 -237.00643921 372.74719238 45.30407715 -235.08905029 372.98135376 44.84142685 -233.33973694 373.18783569 44.31998825 -232.53283691 373.28039551 44.03544998 -231.77449036 373.36560059 43.73391342 -231.06773376 373.44338989 43.41451263 -232.44075012 431.21359253 44.62413406 -230.41557312 373.5135498 43.0763855 -230.80860901 402.39666748 43.44654083 -229.82136536 373.57598877 42.71853638 -229.5473938 373.60424805 42.53208542 -225.85057068 316.22988892 38.56433868 -227.70109558 373.78363037 39.9993782 -225.89393616 316.2270813 38.81372833 -227.74269104 373.78033447 40.22594833 -225.9559021 316.22241211 39.03523636 -227.80262756 373.77484131 40.42708206 -226.04165649 316.21588135 39.27145004 -227.88562012 373.76721191 40.64149094 -226.28196716 316.19735718 39.76719284 -228.11836243 373.74557495 41.09121323 -226.43388367 316.18539429 40.00828934 -228.26568604 373.73156738 41.30978012 -226.60636902 316.17163086 40.24604797 -228.43310547 373.7154541 41.52521896 -226.79866028 316.15612793 40.47931671 -228.61987305 373.69726562 41.73648834 -227.00996399 316.13882446 40.70726013 -228.82528687 373.67706299 41.94282532 -227.23963928 316.11981201 40.92986298 -227.48704529 316.09909058 41.14709854 -227.75151062 316.07659912 41.35895538 -228.03239441 316.05245972 41.56541061 -228.64077759 315.99911499 41.96204758 -229.30731201 315.93914795 42.3373642 -230.02841187 315.8727417 42.69244385 -230.80082703 315.79989624 43.0282402 -231.62133789 315.7208252 43.34568787 -233.39593506 315.54437256 43.92920685 -235.33537292 315.34429932 44.44939423 -239.65422058 314.87713623 45.32079315 -244.49147034 314.32684326 45.99253464 -224.68351746 258.66281128 38.71171951 -224.8399353 258.65289307 38.97520447 -225.01737976 258.64147949 39.23512268 -225.21504211 258.62860107 39.4902153 -225.43209839 258.61425781 39.7395668 -225.66783142 258.59851074 39.98315811 -225.92155457 258.58129883 40.22097015 -226.19256592 258.56268311 40.45297241 -226.48014832 258.54263306 40.67915726 -227.10227966 258.49841309 41.1139679 -227.78266907 258.44866943 41.52577972 -228.51751709 258.39355469 41.91578293 -229.30340576 258.3331604 42.2849884 -230.1368866 258.26757812 42.63442993 -231.93527222 258.12121582 43.27799988 -233.89512634 257.95529175 43.85341263 -238.24243164 257.56777954 44.82256699 -243.09056091 257.11132812 45.57720947 -312.24212646 305.91503906 44.73616028 -297.51757812 307.83917236 45.88778305 -310.44412231 250.13435364 44.54032898 -295.88067627 251.73028564 45.72031021 -308.7984314 194.22383118 44.4418335 -294.4112854 195.48579407 45.6649704 -282.76324463 309.70288086 46.71093369 -281.23760986 253.27607727 46.5443573 -279.89419556 196.70811462 46.50424576 -278.73858643 139.84173584 46.56190872 -293.11517334 138.95384216 45.69534302 -307.31109619 138.03717041 44.41660309 -271.49685669 140.2658844 46.78735733 -268.37335205 311.44567871 47.0590744 -266.89788818 254.72161865 46.85500717 -260.259552 255.39111328 46.774189 -265.61843872 197.85113525 46.790802 -259.00997925 198.38052368 46.68009949 -264.54031372 140.67202759 46.83565521 -257.96801758 141.05657959 46.70029449 -263.67492676 83.02159882 46.97598267 -257.13619995 370.01184082 47.34170532 -255.49594116 313.00714111 46.82242203 -254.06684875 256.01675415 46.53489304 -252.84608459 198.87524414 46.39923096 -251.83877563 141.41593933 46.38273621 -251.05654907 83.47160339 46.4715538 -223.31864929 200.96755981 37.83264542 -223.47944641 200.95973206 38.11843491 -223.66174316 200.95069885 38.40040588 -223.8646698 200.94052124 38.67720032 -224.08732605 200.92919922 38.94782257 -224.32896423 200.91671753 39.2122612 -224.58883667 200.90310669 39.47048187 -224.86621094 200.88838196 39.72246933 -225.16030884 200.87254333 39.96819305 -225.79576111 200.83755493 40.4407692 -226.48954773 200.79823303 40.88861847 -227.23764038 200.75465393 41.31302261 -228.03642273 200.70689392 41.71508408 -228.88221741 200.6550293 42.09591293 -230.70303345 200.53930664 42.79817581 -232.68165588 200.40808105 43.42727661 -237.05378723 200.10168457 44.49058914 -241.90840149 199.74076843 45.32389832 -222.19198608 142.93579102 37.09337997 -222.35708618 142.93008423 37.40139008 -222.54412842 142.92355347 37.7053299 -222.75219727 142.9161377 38.00372314 -222.98031616 142.90791321 38.29551315 -223.22772217 142.89886475 38.5806694 -223.49360657 142.88897705 38.85916901 -224.43580627 258.67816162 38.17017365 -223.06365967 200.97970581 37.24544144 -224.34733582 258.68359375 37.91222382 -222.97253418 200.98399353 36.96580887 -224.28337097 258.68746948 37.6703949 -222.90660095 200.98706055 36.70369339 -222.85978699 200.98890686 36.40875626 -223.77716064 142.87828064 39.13098907 -224.07759094 142.86676025 39.39609528 -224.72593689 142.84135437 39.9060936 -225.43264771 142.81278992 40.38959503 -226.19346619 142.78114319 40.84797287 -227.00456238 142.7464447 41.2824173 -227.86209106 142.70877075 41.69412231 -229.70391846 142.62471008 42.45393372 -231.69981384 142.52940369 43.13542557 -236.09310913 142.30682373 44.28987885 -240.94995117 142.04466248 45.19829178 -318.57199097 473.92971802 46.56742477 -303.46960449 476.85720825 47.8188858 -288.48355103 479.69274902 48.81845856 -274.03863525 482.34436035 49.44655609 -261.10775757 484.72006226 49.61034775 -253.26109314 428.12661743 48.0474968 -251.4074707 370.82388306 47.07237625 -249.78282166 313.70098877 46.48708344 -248.37512207 256.59225464 46.14154053 -247.18125916 199.33030701 45.95320511 -246.20623779 141.74649048 45.8885231 -245.46179199 83.67156982 45.93352509 -221.92987061 142.94462585 36.46063995 -221.83613586 142.94772339 36.15936279 -221.76829529 142.94995117 35.87699127 -408.8132019 885.10028076 115.4220047 -408.75064087 885.24932861 115.57795715 -408.83569336 885.25402832 115.56069183 -399.69445801 873.44055176 101.8984375 -391.04470825 876.56237793 104.52955627 -401.0557251 875.55065918 104.43383026 -392.94039917 878.3848877 107.14180756 -402.35513306 877.52142334 106.81463623 -394.87219238 880.06915283 109.52767181 -403.5987854 879.31359863 108.95757294 -396.84802246 881.5715332 111.58634949 -404.76681519 880.89874268 110.82522583 -398.8374939 882.86120605 113.28050232 -405.83929443 882.25335693 112.39034271 -400.80725098 883.91271973 114.58712006 -406.79690552 883.35961914 113.63574219 -402.72229004 884.70690918 115.49690247 -407.62173462 884.20568848 114.55384064 -404.54733276 885.230896 116.01328278 -408.29806519 884.7857666 115.14605713 -406.24838257 885.4786377 116.15112305 -407.79434204 885.45098877 115.93519592 -381.98434448 868.90917969 95.70755005 -392.77178955 864.65362549 93.00954437 -376.98202515 864.8338623 92.09590149 -388.85922241 860.08166504 89.16470337 -372.1399231 860.42901611 88.59127045 -385.03363037 855.2598877 85.42230225 -367.59771729 855.70251465 85.12329865 -381.4928894 850.18499756 81.73872375 -363.34225464 850.73321533 81.74640656 -378.28457642 844.90606689 78.16284943 -359.21893311 845.56719971 78.50154114 -375.20446777 839.45159912 74.7385025 -355.16137695 840.21783447 75.41790771 -372.16574097 833.82196045 71.50344086 -351.16616821 834.68652344 72.53172302 -369.1645813 828.00335693 68.50646973 -347.25335693 828.97784424 69.8866806 -366.21865845 821.98266602 65.80451965 -363.33016968 815.78735352 63.43944931 -332.33358765 712.22186279 51.00445557 -317.52172852 716.76422119 52.39657974 -333.31900024 719.60925293 51.20641327 -318.62057495 724.19769287 52.59786224 -334.47409058 726.94226074 51.45039368 -319.92068481 731.56414795 52.84665298 -335.8241272 734.20996094 51.74334717 -321.45220947 738.85064697 53.15087891 -337.37145996 741.41107178 52.09275818 -323.21786499 746.05566406 53.51902771 -339.09851074 748.55218506 52.50718307 -325.19683838 753.18688965 53.96076965 -340.98913574 755.6385498 52.99630737 -327.37002563 760.25097656 54.48691559 -343.03369141 762.6729126 53.57061005 -329.72598267 767.25134277 55.10905457 -345.22567749 769.65515137 54.24373627 -332.25708008 774.18792725 55.8414917 -347.53726196 776.55004883 55.02687836 -334.93032837 781.01940918 56.69402313 -349.95043945 783.34204102 55.9372139 -337.72451782 787.72802734 57.68175507 -352.45901489 790.0324707 56.99898148 -340.63226318 794.31616211 58.82658386 -355.05773926 796.6204834 58.24412537 -343.64755249 800.78417969 60.15655518 -357.74203491 803.10644531 59.70503235 -346.76507568 807.13409424 61.69699097 -360.50271606 809.49438477 61.42131424 -349.97415161 813.37304688 63.47768784 -353.26364136 819.50714111 65.53471375 -408.60617065 885.32684326 115.67179108 -408.71826172 885.29467773 115.61943054 -408.82952881 885.26153564 115.56591034 -408.94000244 885.22729492 115.51124573 -408.14968872 885.44519043 115.86943054 -408.26498413 885.41717529 115.82181549 -408.3795166 885.38806152 115.772995 -380.9196167 877.66363525 104.18052673 -389.00363159 874.68334961 102.03701782 -383.41098022 879.2855835 106.73323822 -385.78173828 880.8572998 109.42169189 -388.2739563 882.29168701 111.82112885 -390.89736938 883.54119873 113.81545258 -393.61224365 884.57312012 115.36741638 -396.37356567 885.36029053 116.45768738 -399.13256836 885.88226318 117.08385468 -401.83895874 886.12518311 117.25894928 -404.44274902 886.08300781 117.00957489 -372.45062256 872.62139893 97.93296051 -366.48001099 868.97943115 94.50643921 -360.73352051 864.93817139 91.19091034 -355.30007935 860.51568604 87.89270782 -350.11352539 855.81640625 84.6710968 -345.0625 850.90216064 81.56449127 -340.09854126 845.79724121 78.59463501 -335.21850586 840.51641846 75.78677368 -330.44464111 835.07995605 73.17306519 -343.42385864 823.10998535 67.51101685 -339.68121338 817.12988281 65.41299438 -336.03222656 811.03527832 63.56658936 -332.48947144 804.81707764 61.94580078 -329.06512451 798.46533203 60.53034592 -325.76513672 791.97619629 59.30174255 -322.59637451 785.3482666 58.2357254 -319.56719971 778.57824707 57.31266022 -316.70202637 771.68585205 56.51945496 -314.03884888 764.71844482 55.84766388 -311.58636475 757.67608643 55.28233719 -309.35784912 750.55432129 54.81081772 -307.37509155 743.34558105 54.42119217 -305.66220093 736.04083252 54.10272217 -304.2159729 728.64196777 53.8459549 -303.00170898 721.16394043 53.64201355 -301.96994019 713.65948486 53.48291016 -300.27127075 698.67248535 53.26078033 -282.51724243 657.67156982 53.76707458 -297.7590332 668.82928467 52.94734192 -296.7585144 653.98632812 52.74888229 -311.69955444 650.04553223 51.4551239 -326.894104 645.97686768 49.98223877 -286.25296021 702.64508057 54.27579498 -288.09085083 717.72717285 54.49590302 -289.2147522 725.27825928 54.65813065 -290.54373169 732.79797363 54.86935425 -292.1333313 740.22717285 55.13837814 -294.02252197 747.5489502 55.47495651 -296.21499634 754.76116943 55.88945389 -298.68371582 761.8739624 56.39360428 -301.40402222 768.89624023 57.00036621 -304.36129761 775.83270264 57.72338486 -307.54556274 782.68377686 58.57820511 -310.91427612 789.39648438 59.5720253 -314.44006348 795.9487915 60.71603012 -318.11358643 802.34533691 62.02776718 -321.92718506 808.58837891 63.52795792 -325.87432861 814.68334961 65.22866821 -329.94143677 820.64300537 67.1413269 -334.11459351 826.47918701 69.28245544 -267.8979187 631.09899902 53.83004761 -280.71588135 627.96392822 53.22120285 -295.03094482 624.46472168 52.23552322 -310.02212524 620.72283936 50.9560318 -325.24533081 616.85961914 49.48416519 -269.76467896 660.97338867 54.42997742 -270.86618042 675.996521 54.65124893 -272.14807129 691.07556152 54.81547165 -273.69906616 706.2043457 54.97325516 -275.66140747 721.3717041 55.20401764 -276.86767578 728.96447754 55.37527847 -278.29925537 736.52160645 55.59926224 -280.01712036 743.97790527 55.88549805 -282.06414795 751.31494141 56.24453354 -284.44433594 758.53027344 56.68755341 -287.12799072 765.63513184 57.22717667 -290.08816528 772.63934326 57.87728882 -293.30871582 779.54815674 58.65243912 -296.77874756 786.36218262 59.56869888 -300.45147705 793.0234375 60.63214493 -304.29699707 799.50811768 61.85226059 -308.30502319 805.82159424 63.24471664 -312.46722412 811.96728516 64.82705688 -316.77645874 817.9519043 66.60561371 -321.21801758 823.79064941 68.58385468 -325.77670288 829.49780273 70.76985168 -407.54580688 885.6395874 116.15192413 -407.49679565 885.64221191 116.16517639 -407.37979126 885.68218994 116.22051239 -407.34069824 885.68011475 116.22750092 -407.21295166 885.72369385 116.28781891 -407.02609253 885.75274658 116.3482666 -406.87686157 885.80352783 116.41851807 -407.48168945 885.6317749 116.15971375 -407.65213013 885.60327148 116.10157776 -407.7694397 885.56292725 116.04499817 -407.71096802 885.59594727 116.08205414 -407.91213989 885.5269165 115.98575592 -407.87533569 885.5512085 116.01094055 -408.0539856 885.48980713 115.92528534 -408.03878784 885.50549316 115.93858337 -408.19500732 885.45166016 115.86358643 -408.20141602 885.45861816 115.86499786 -408.33520508 885.41253662 115.80068207 -408.36315918 885.4107666 115.79020691 -408.47457886 885.37231445 115.73656464 -408.52401733 885.36193848 115.71421051 -408.61309814 885.33111572 115.67127991 -408.68399048 885.31195068 115.63702393 -408.7507019 885.28881836 115.60481262 -408.84301758 885.26098633 115.55867767 -408.88748169 885.24554443 115.53718567 -409.00115967 885.20898438 115.47917175 -409.02337646 885.20129395 115.46842957 -406.89672852 885.75683594 116.37372589 -405.69125366 885.95501709 116.73719788 -406.70834351 885.82110596 116.46377563 -405.40762329 886.05084229 116.87098694 -406.53759766 885.87902832 116.54390717 -405.84991455 886.01690674 116.77826691 -406.38644409 885.92993164 116.61301422 -407.45166016 885.67156982 116.19535065 -407.27615356 885.71734619 116.26824951 -407.37097168 885.69873047 116.23114777 -407.18737793 885.74713135 116.3075943 -407.30511475 885.72058105 116.25857544 -405.95599365 886.05212402 116.7846756 -406.06838989 886.01519775 116.73838043 -405.87915039 886.05603027 116.80538177 -405.6605835 886.08044434 116.86427307 -405.15063477 886.13720703 116.99002838 -402.25302124 886.43963623 117.59496307 -403.41625977 886.42504883 117.47760773 -403.7203064 886.32440186 117.34249115 -404.92306519 886.2131958 117.09267426 -401.54672241 886.67071533 117.89804077 -385.6335144 883.17932129 112.69737244 -380.67358398 882.60601807 110.90892029 -377.68374634 878.85394287 104.98197174 -375.14697266 879.77160645 105.54342651 -374.82803345 877.30718994 102.66392517 -368.9552002 876.79901123 101.15380859 -372.14294434 878.30236816 103.21178436 -383.56719971 883.8637085 113.33188629 -388.51617432 884.32788086 114.67095184 -386.65359497 884.93444824 115.2946167 -391.52142334 885.25683594 116.1710968 -389.88653564 885.78399658 116.7599411 -394.59951782 885.93847656 117.17993164 -393.212677 886.38421631 117.71111298 -339.39297485 853.03283691 82.66856384 -334.06570435 848.02563477 79.73421478 -329.31521606 849.74365234 80.47937775 -328.83102417 842.84490967 76.94770813 -323.7119751 837.51708984 74.33657074 -318.40658569 839.39605713 75.07965851 -334.93023682 854.67559814 83.39661407 -344.81582642 857.84661865 85.72988129 -340.64736938 859.41186523 86.43328857 -350.3755188 862.43811035 88.89942932 -346.50241089 863.92022705 89.57294464 -356.16622925 866.73913574 92.13974762 -352.57620239 868.12768555 92.77892303 -362.27523804 870.63513184 95.38969421 -358.97232056 871.91162109 95.98854828 -407.62631226 885.62475586 116.12117004 -407.55377197 885.64923096 116.15341949 -407.49450684 885.66888428 116.17812347 -407.44998169 885.68341064 116.19456482 -406.44458008 885.93017578 116.60019684 -406.25689697 885.97320557 116.66997528 -406.15115356 886.00805664 116.71360779 -406.07165527 886.03381348 116.74261475 -408.8243103 885.26739502 115.56739807 -408.80825806 885.27288818 115.57460022 -408.79516602 885.27728271 115.58010864 -408.78533936 885.28051758 115.58377838 -408.48651123 885.37469482 115.73164368 -408.31625366 885.42681885 115.81198883 -408.45437622 885.38562012 115.74601746 -408.27606201 885.44049072 115.8299408 -408.42816162 885.39440918 115.7570343 -408.2432251 885.45141602 115.84370422 -408.40844727 885.40087891 115.76437378 -408.21859741 885.45953369 115.85286713 -407.80010986 885.57684326 116.04573822 -407.73565674 885.59857178 116.07441711 -407.68304443 885.6161499 116.09638977 -407.64349365 885.62902832 116.11102295 -407.62902832 885.63372803 116.11537933 -404.16622925 886.39886475 117.35932159 -404.03656006 886.44036865 117.40576172 -404.2432251 886.40478516 117.34616089 -406.34552002 885.96289062 116.6411438 -406.27102661 885.98706055 116.66838074 -406.24386597 885.99572754 116.67647552 -399.34967041 886.93505859 118.30232239 -399.45913696 886.90081787 118.26719666 -397.59768677 886.97723389 118.41617584 -397.72512817 886.93762207 118.37635803 -400.08901978 886.91088867 118.22812653 -401.07312012 886.79852295 118.05754852 -399.5894165 886.85974121 118.22115326 -396.15081787 886.84747314 118.30606079 -397.87683105 886.89001465 118.3240509 -399.90835571 886.7578125 118.09824371 -395.83291626 886.94641113 118.40805817 -395.97808838 886.90148926 118.36405182 -394.41931152 886.7333374 118.16332245 -382.78775024 884.11694336 113.54246521 -385.9513855 885.15881348 115.50421143 -389.27041626 885.97906494 116.95968628 -392.69021606 886.5491333 117.89253998 -377.05755615 881.52203369 108.34030914 -379.18896484 883.09606934 111.23239899 -367.88052368 877.19512939 101.31739807 -369.52459717 877.93798828 102.31575012 -362.28723145 873.62811279 97.61476135 -361.09317017 874.07672119 97.7832489 -364.50308228 875.67010498 99.47676849 -382.20095825 884.30413818 113.6723175 -385.42300415 885.32476807 115.6365509 -388.80703735 886.12322998 117.08795166 -392.2973938 886.67108154 118.01051331 -394.06347656 886.84393311 118.27397156 -333.234375 855.2835083 83.59339905 -339.06408691 859.9911499 86.6269989 -345.03216553 864.46862793 89.76164246 -351.21438599 868.64147949 92.96096802 -357.72045898 872.3840332 96.16173553 -326.13946533 850.8493042 80.73820496 -327.50915527 850.37945557 80.67643738 -321.88571167 845.30438232 77.8923645 -323.79946899 844.64007568 77.69906616 -316.38781738 840.09143066 75.26383209 -321.09857178 845.5723877 77.93726349 -331.94882202 855.73278809 83.66140747 -337.86444092 860.41918945 86.69919586 -343.91867065 864.87402344 89.83659363 -350.18371582 869.02130127 93.03744507 -356.77377319 872.7331543 96.23812103 -408.78173828 885.28167725 115.58486938 -408.65588379 885.3215332 115.65010834 -408.63180542 885.32977295 115.6608963 -408.61212158 885.33636475 115.66915894 -408.59735107 885.34124756 115.67466736 -408.40124512 885.40319824 115.76654816 -408.20956421 885.46246338 115.85559845 -408.14511108 885.47790527 115.89112854 -407.97302246 885.52789307 115.96904755 -408.09683228 885.4942627 115.91266632 -407.91665649 885.54693604 115.99416351 -408.05743408 885.50732422 115.9291687 -407.8706665 885.56231689 116.01340485 -408.02780151 885.51708984 115.94016266 -407.83609009 885.5736084 116.0262146 -408.01696777 885.52056885 115.94343567 -407.82348633 885.57769775 116.0300293 -405.49832153 886.13433838 116.93514252 -405.56335449 886.13702393 116.92259216 -405.76004028 886.09515381 116.8543396 -405.67056274 886.12408447 116.88690948 -405.871521 886.07946777 116.81546783 -405.84063721 886.08935547 116.82461548 -406.04263306 886.04309082 116.75123596 -405.11459351 886.20825195 117.05913544 -405.16772461 886.21740723 117.05477142 -405.36590576 886.17779541 116.98940277 -405.26638794 886.2098999 117.02548218 -405.46884155 886.1675415 116.95690918 -405.43432617 886.1784668 116.96709442 -405.6378479 886.13452148 116.8965683 -402.11599731 886.67694092 117.85170746 -401.2807312 886.75622559 118.00262451 -401.93606567 886.73400879 117.91465759 -401.5093689 886.7789917 117.99668121 -401.87036133 886.7545166 117.93319702 -397.49578857 887.00854492 118.44294739 -403.62121582 886.50823975 117.52033234 -403.20339966 886.5715332 117.62861633 -403.14871216 886.58868408 117.64432526 -402.78317261 886.63024902 117.73051453 -402.724823 886.64855957 117.74717712 -397.42141724 887.0267334 118.45475006 -396.4982605 887.02905273 118.46979523 -408.39590454 885.40496826 115.766716 -408.0090332 885.52313232 115.94514465 -408.78167725 885.28167725 115.5848465 -407.25561523 885.73675537 116.27683258 -407.23754883 885.74255371 116.28226471 -407.43374634 885.68865967 116.19945526 -407.22427368 885.74676514 116.28510284 -407.61843872 885.63708496 116.11765289 -407.09985352 885.76202393 116.33984375 -406.92269897 885.80560303 116.41014099 -407.00289917 885.79449463 116.38274384 -406.81762695 885.84082031 116.45655823 -406.92376709 885.82073975 116.41558838 -406.73184204 885.86920166 116.49211884 -406.86431885 885.84008789 116.43745422 -406.66738892 885.89019775 116.51578522 -406.84259033 885.84710693 116.44395447 -406.64382935 885.89776611 116.52281189 -406.64126587 885.89874268 116.52296448 -406.82669067 885.8526001 116.4446106 -407.04049683 885.79534912 116.3637619 -407.06039429 885.78900146 116.35780334 -407.11489868 885.77124023 116.33773804 -404.60577393 886.34655762 117.23571777 -404.79025269 886.3147583 117.17177582 -404.61276245 886.34344482 117.23461151 -404.81921387 886.30389404 117.16994476 -404.65460205 886.3302002 117.22237396 -404.85925293 886.29119873 117.15822601 -404.76922607 886.29333496 117.18107605 -404.19772339 886.41918945 117.35939789 -403.98919678 886.4553833 117.41950226 -404.18966675 886.42272949 117.36084747 -403.95501709 886.46856689 117.42199707 -404.56887817 886.32965088 117.24201202 -404.44924927 886.36804199 117.28501892 -404.40557861 886.38183594 117.29776001 -404.37399292 886.3939209 117.29990387 -405.61410522 886.14306641 116.89787292 -405.83651733 886.09112549 116.82501221 -406.02151489 886.05065918 116.75232697 -406.46960449 885.93920898 116.59276581 -406.53909302 885.91656494 116.56730652 -406.63150024 885.88604736 116.52905273 -406.74472046 885.84814453 116.47911072 -403.53335571 886.53900146 117.53742981 -403.10928345 886.6048584 117.64672089 -402.68280029 886.66607666 117.74996185 -392.15393066 886.71490479 118.04384613 -393.93353271 886.88360596 118.30558014 -395.71505737 886.97369385 118.43095398 -371.1270752 878.67071533 103.37820435 -372.68240356 879.39477539 104.51126862 -374.18789673 880.11120605 105.71789551 -376.37573242 881.75134277 108.44675446 -378.95556641 883.17077637 111.25952148 -381.98641968 884.37139893 113.70449829 -385.22991943 885.38433838 115.6714325 -367.06881714 877.48797607 101.39637756 -368.73547363 878.22058105 102.39694214 -370.36019897 878.94293213 103.46248627 -371.93734741 879.65643311 104.59963989 -373.46426392 880.36218262 105.81136322 -376.24295044 881.79534912 108.45969391 -366.20266724 876.43994141 100.37413788 -365.36816406 876.74279785 100.45162964 -366.91052246 877.54406738 101.40180206 -368.581604 878.27471924 102.40316772 -370.21066284 878.99505615 103.46968842 -371.79211426 879.706604 104.60798645 -373.32327271 880.41033936 105.82106781 -376.12612915 881.83380127 108.46692657 -363.64569092 875.98284912 99.5533905 -360.19052124 874.40826416 97.85936737 -360.01434326 874.47180176 97.86275482 -368.44613647 878.32208252 102.40351868 -370.07907104 879.04064941 103.47107697 -371.66430664 879.75042725 104.61060333 -373.19915771 880.45233154 105.82505798 -405.01904297 886.26586914 117.10462952 -405.20367432 886.23114014 117.03772736 -405.02496338 886.26318359 117.10379791 -404.72805786 886.27764893 117.17726135 -404.96884155 886.25598145 117.1186676 -405.06314087 886.25109863 117.09259033 -405.23001099 886.22143555 117.03617859 -405.42932129 886.1807251 116.96768188 -403.35317993 886.52374268 117.57545471 -402.94302368 886.5793457 117.67403412 -402.36071777 886.68444824 117.82588959 -402.29867554 886.70385742 117.84350586 -401.8230896 886.77520752 117.93636322 -403.82919312 886.47491455 117.46382904 -401.31918335 886.83190918 118.02289581 -400.91690063 886.87139893 118.09323883 -388.63775635 886.17504883 117.1231842 -390.38604736 886.4777832 117.65003204 -399.26211548 886.96203613 118.3260498 -399.19882202 886.9800415 118.3377533 -390.27047729 886.49078369 117.64810181 -392.04852295 886.74664307 118.05925751 -385.0880127 885.4276123 115.68444824 -388.51339722 886.21264648 117.13821411 -381.82870483 884.42022705 113.71379089 -378.7890625 883.21008301 111.24799347 -373.00344849 880.49902344 105.79862976 -375.94229126 881.87579346 108.44420624 -369.87249756 879.09136963 103.44235992 -368.23376465 878.37506104 102.37408447 -366.55267334 877.64855957 101.3711319 -371.46350098 879.7989502 104.58286285 -359.85922241 874.52734375 97.85961151 -343.34439087 865.07757568 89.81056976 -337.24533081 860.63415527 86.66542053 -337.09741211 860.68463135 86.63667297 -331.47573853 855.89416504 83.64247131 -337.42318726 860.57299805 86.6853714 -343.50927734 865.01959229 89.82737732 -349.80505371 869.15765381 93.03238678 -356.42617798 872.85858154 96.23664856 -302.99960327 830.16967773 70.32950592 -308.37133789 835.61547852 72.67572784 -308.57067871 835.55206299 72.72743225 -314.06335449 840.86334229 75.22745514 -314.29101562 840.78991699 75.2631073 -319.89898682 845.97174072 77.91316986 -314.55551147 840.70385742 75.28831482 -320.14950562 845.88952637 77.93405914 -314.8555603 840.60534668 75.30317688 -320.43371582 845.79541016 77.94490051 -315.55725098 840.37188721 75.3026886 -349.35720825 869.30834961 92.93592072 -356.17007446 872.92480469 96.19940948 -349.52575684 869.25665283 92.99707794 -356.28625488 872.90844727 96.22554779 -349.65255737 869.2119751 93.01855469 -343.20721436 865.12536621 89.78552246 -336.8996582 860.7454834 86.55766296 -343.02423096 865.18164062 89.71547699 -355.96298218 872.97375488 96.12937164 -313.61947632 841.00292969 75.06282043 -319.26272583 846.1751709 77.73257446 -319.36196899 846.1451416 77.78993225 -322.22952271 848.68231201 79.17867279 -322.36746216 848.63793945 79.22720337 -325.26281738 851.14068604 80.64969635 -325.43197632 851.08532715 80.6864624 -331.2850647 855.95831299 83.61917114 -319.68338013 846.04193115 77.88215637 -313.87384033 840.9239502 75.18126678 -319.50390625 846.09979248 77.84091949 -313.72387695 840.97143555 75.12507629 -322.22470093 848.68261719 79.17647552 -325.12902832 851.18408203 80.60355377 -325.03540039 851.21228027 80.55115509 -330.91415405 856.07641602 83.49847412 -331.12640381 856.01135254 83.58653259 -325.63525391 851.01812744 80.71340942 -325.87145996 850.93945312 80.73062134 -293.86987305 818.44177246 66.36479187 -289.88742065 812.20123291 64.6381073 -292.69262695 818.81506348 66.14347076 -297.76748657 824.57598877 68.14907837 -297.98580933 824.50732422 68.21347809 -303.20855713 830.10351562 70.38735199 -303.45953369 830.02337646 70.4344101 -308.81015015 835.47515869 72.76843262 -303.75100708 829.92938232 70.47080231 -309.08828735 835.38500977 72.79880524 -304.08157349 829.82189941 70.49658203 -309.40377808 835.28192139 72.81863403 -304.85440063 829.56707764 70.51721191 -310.14147949 835.03759766 72.8275528 -305.76873779 829.26086426 70.49862671 -311.0144043 834.74389648 72.7974472 -300.65945435 823.63232422 68.37158203 -299.70483398 823.95025635 68.37662506 -298.89776611 824.21484375 68.34259796 -298.55252075 824.32653809 68.31015778 -298.24801636 824.42401123 68.26714325 -292.92007446 818.74407959 66.21469116 -297.47479248 824.66680908 67.99513245 -292.38793945 818.90917969 65.97680664 -302.71932983 830.25683594 70.18798065 -308.21362305 835.66516113 72.61386871 -302.83422852 830.22149658 70.26151276 -297.59466553 824.62976074 68.07460785 -292.51260376 818.87072754 66.06231689 -287.60519409 812.9239502 64.23745728 -287.79226685 812.86676025 64.32536316 -282.88079834 806.77996826 62.60541916 -283.07461548 806.72137451 62.70004654 -278.34906006 800.43359375 61.15511703 -282.61865234 806.80096436 62.38855743 -280.36190796 803.70446777 61.64859772 -282.73556519 806.79473877 62.50765991 -280.4465332 803.67510986 61.75086975 -278.11727905 800.5057373 60.94001389 -278.20309448 800.4765625 61.04445648 -287.47579956 812.96398926 64.14569092 -264.34158325 772.84197998 57.52236176 -267.35168457 779.93933105 58.22519684 -267.78610229 779.81152344 58.30562592 -271.11236572 786.79437256 59.1565094 -271.53588867 786.66741943 59.23073959 -275.16635132 793.53613281 60.24708939 -275.57818604 793.41046143 60.31480408 -279.45880127 800.09698486 61.50080872 -279.8583374 799.97314453 61.56173325 -283.95452881 806.44970703 62.92386246 -284.34124756 806.328125 62.97777557 -288.64163208 812.60144043 64.52823639 -289.01498413 812.48266602 64.57497406 -293.51034546 818.55712891 66.32528687 -270.73852539 786.90527344 59.07208633 -274.80288696 793.64593506 60.16917038 -279.10623169 800.20526123 61.42964554 -283.61334229 806.55596924 62.85964584 -261.22119141 765.75244141 56.86468506 -260.36663818 765.99371338 56.67037964 -263.50457764 773.08276367 57.3394165 -266.96820068 780.05108643 58.13454437 -285.24465942 806.04003906 63.05553055 -280.79159546 799.67950439 61.6537323 -276.53997803 793.1126709 60.42052078 -272.52468872 786.36669922 59.34951019 -268.80020142 779.50854492 58.43669891 -265.37896729 772.53753662 57.6650238 -262.27993774 765.44732666 57.01830292 -259.53436279 758.22619629 56.48095703 -256.08233643 751.16485596 55.86479568 -278.80252075 800.29760742 61.34819031 -274.48971558 793.73962402 60.08101273 -270.41638184 786.99987793 58.97743225 -266.63763428 780.14642334 58.03363419 -263.16622925 773.17858887 57.23246765 -260.02114868 766.08966064 56.55760193 -257.23425293 758.86804199 55.99329376 -254.84049988 751.50048828 55.52511597 -252.83512878 743.98962402 55.1402626 -253.19778442 743.89483643 55.26956558 -251.16760254 736.35760498 54.82659531 -251.53457642 736.26373291 54.96115112 -249.76586914 728.68115234 54.57312393 -274.22879028 793.81689453 59.98257065 -270.1479187 787.07788086 58.87251663 -269.9352417 787.13909912 58.75828552 -266.36212158 780.22503662 57.92243958 -266.24569702 780.25799561 57.86320877 -266.14385986 780.28674316 57.80195236 -265.98480225 780.33105469 57.67230988 -262.4977417 773.36413574 56.85282516 -262.40100098 773.39251709 56.72734451 -259.23913574 766.30334473 56.02933121 -278.54946899 800.37384033 61.25639725 -274.02209473 793.87744141 59.87475204 -273.87155151 793.92108154 59.7576561 -269.78030396 787.1831665 58.63486099 -269.68893433 787.21221924 58.52009964 -265.89065552 780.35992432 57.55214691 -249.32545471 728.78973389 54.34262848 -250.61845398 736.49572754 54.5254364 -250.73182678 736.46746826 54.60423279 -252.29260254 744.12915039 54.85016251 -262.88415527 773.25756836 57.11518097 -259.73306274 766.16882324 56.43438721 -262.7649231 773.29071045 57.05289078 -259.61126709 766.20202637 56.36910248 -262.66064453 773.31945801 56.98858261 -259.50473022 766.23095703 56.30180359 -259.33828735 766.27563477 56.16002655 -256.53833008 759.05383301 55.578125 -256.43688965 759.08050537 55.4422493 -254.02941895 751.7109375 54.95135117 -250.33381653 736.56268311 54.20733643 -256.94070435 758.94720459 55.86428833 -254.54211426 751.57922363 55.39045715 -256.81658936 758.98034668 55.79607773 -254.41595459 751.61230469 55.31937408 -256.70800781 759.00915527 55.72584152 -254.30554199 751.64105225 55.24624252 -254.13301086 751.68548584 55.09265518 -252.11753845 744.17333984 54.6907692 -252.01194763 744.19763184 54.54373169 -308.1038208 835.6986084 72.54611969 -252.33731079 634.85345459 53.95007324 -248.26925659 635.79150391 53.73193741 -254.30157471 664.92755127 54.67012405 -250.27427673 665.91540527 54.50455093 -251.46705627 681.06610107 54.79768753 -257.00415039 633.74859619 54.02967834 -258.93173218 663.76391602 54.70393372 -260.07614136 678.85906982 54.9541893 -261.41448975 694.01080322 55.14128494 -252.86421204 696.27386475 55.02294922 -263.04229736 709.21246338 55.31936264 -254.56646729 711.53167725 55.23720169 -265.11248779 724.4519043 55.57344818 -256.73510742 726.82666016 55.5297966 -266.38980103 732.07989502 55.7594986 -258.07479858 734.48193359 55.73751831 -267.90939331 739.6685791 56.00142288 -259.66992188 742.0949707 56.00353622 -269.73709106 747.14788818 56.3093605 -261.58987427 749.59191895 56.33847809 -271.91885376 754.49780273 56.69453812 -263.88320923 756.95178223 56.75406647 -274.45910645 761.71582031 57.16881561 -266.55444336 764.17181396 57.26271057 -277.32583618 768.81390381 57.74557495 -269.56997681 771.26470947 57.87837601 -280.4901123 775.80279541 58.43949127 -272.89920044 778.24182129 58.61632156 -283.93447876 782.68829346 59.26585388 -276.52383423 785.10931396 59.49243927 -287.6473999 789.4710083 60.24119949 -280.43164062 791.86791992 60.52359772 -291.57849121 796.08874512 61.37064362 -284.56954956 798.45214844 61.71419525 -295.69561768 802.51629639 62.66225052 -288.90368652 804.83557129 63.07117462 -299.98770142 808.75964355 64.13007355 -293.42242432 811.02484131 64.60739136 -304.44586182 814.82305908 65.78900909 -298.11645508 817.02478027 66.33562469 -309.06253052 820.71435547 67.64051056 -302.9777832 822.84417725 68.25364685 -313.82189941 826.4508667 69.68133545 -257.77624512 543.93499756 51.35347366 -248.14054871 681.8828125 54.50975418 -246.75770569 682.21221924 54.30379105 -249.56686401 697.11132812 54.76124954 -248.19793701 697.44915771 54.57059479 -251.30409241 712.38995361 55.00099564 -249.95140076 712.73620605 54.82535172 -253.5165863 727.70550537 55.31994629 -252.18373108 728.05999756 55.15966034 -254.88302612 735.37072754 55.54174042 -253.5620575 735.72937012 55.38949203 -256.50982666 742.99279785 55.82273102 -255.20274353 743.35510254 55.67888641 -258.46765137 750.49639893 56.17371368 -257.17687988 750.86120605 56.03870392 -260.80593872 757.85986328 56.60661316 -263.52935791 765.08068848 57.13402939 -266.6036377 772.17169189 57.77013779 -269.99761963 779.14440918 58.53042984 -273.69265747 786.00524902 59.4310112 -277.67626953 792.75488281 60.48888397 -281.8944397 799.32672119 61.7081604 -286.31259155 805.69378662 63.09539032 -244.33805847 667.30004883 53.69704056 -245.58018494 682.48638916 54.05173111 -247.03341675 697.73028564 54.33551407 -248.80183411 713.02429199 54.60700607 -251.05207825 728.35498047 54.95834732 -251.95985413 736.15368652 55.08461761 -250.56620789 728.47949219 54.84124756 -248.30786133 713.14593506 54.48071289 -246.53265381 697.84893799 54.20014572 -245.07341003 682.60211182 53.9071846 -243.82583618 667.41290283 53.54307175 -283.1907959 806.68597412 62.74385834 -278.66952515 800.33776855 61.30358887 -274.3526001 793.78033447 60.03308105 -270.27532959 787.04101562 58.92625809 -266.49285889 780.18786621 57.97932434 -263.01800537 773.22015381 57.17512131 -259.86978149 766.13140869 56.49730301 -257.08001709 758.909729 55.93011475 -254.68373108 751.54199219 55.45912552 -252.67616272 744.03088379 55.07152557 -251.00675964 736.39837646 54.75515366 -249.60331726 728.72143555 54.49902344 -247.49362183 713.34277344 54.19279099 -247.328125 713.38220215 54.11345673 -245.70649719 698.04107666 53.89263153 -245.53846741 698.07946777 53.80809402 -244.23669434 682.78948975 53.57990265 -244.06640625 682.82696533 53.49013138 -242.97944641 667.59552002 53.19562531 -242.80706787 667.63201904 53.10054016 -244.62464905 682.70318604 53.74990845 -243.37199402 667.51141357 53.37593079 -243.1678772 667.55529785 53.28742599 -250.13664246 728.58825684 54.71284103 -247.87094116 713.25213623 54.34264374 -246.08944702 697.95263672 54.05251694 -247.04512024 713.44885254 53.94625854 -247.99508667 721.14349365 54.04368591 -249.21084595 728.81768799 54.26103973 -248.92266846 728.88323975 53.93135834 -247.70381165 721.20782471 53.70267868 -247.8140564 721.18615723 53.86715317 -249.03160095 728.86090088 54.09018707 -250.44119263 736.53948975 54.36029053 -245.03082275 698.19378662 53.44224548 -243.55157471 682.93847656 53.10236359 -244.17434692 690.57757568 53.17816925 -246.92834473 713.47619629 53.85914993 -245.98202515 705.81811523 53.69447708 -245.88127136 705.84100342 53.60195923 -244.94662476 698.21240234 53.34408951 -245.79776001 705.85980225 53.50664902 -246.82843018 713.49932861 53.76942825 -247.89608765 721.16693115 53.95676041 -243.35072327 682.97546387 52.80656815 -243.46612549 682.956604 52.99849319 -242.6945343 675.36846924 52.60219955 -242.8107605 675.35009766 52.79945374 -242.0819397 667.77642822 52.37840652 -242.19895935 667.75842285 52.58099365 -240.95962524 652.64031982 51.87986755 -240.92739868 652.64886475 51.76293945 -242.28559875 667.74072266 52.69061279 -241.07820129 652.61999512 52.09368134 -239.9921875 637.55444336 51.43377686 -238.99836731 622.543396 50.72266388 -245.13237 698.17120361 53.53755951 -243.65460205 682.91638184 53.20328903 -242.38999939 667.71923828 52.79719543 -241.16595459 652.6027832 52.20908737 -240.06170654 637.54138184 51.54885101 -239.04905701 622.53424072 50.83635712 -238.11030579 607.58001709 50.08187485 -236.42503357 577.8203125 48.57089996 -241.04829407 607.03167725 51.88129807 -239.45088196 577.29571533 50.69069672 -240.46063232 607.14593506 51.70210266 -255.35742188 603.96112061 53.18865585 -252.51867676 545.00372314 51.24160767 -250.66194153 605.00915527 53.05651093 -247.77830505 545.94335938 50.99248505 -246.55989075 605.89886475 52.78007889 -243.61889648 546.7411499 50.58937073 -244.75418091 606.27984619 52.58151245 -241.78041077 547.08276367 50.32318878 -240.11816406 547.38409424 50.00904083 -238.64569092 547.64349365 49.64257812 -238.78738403 518.04058838 48.80907822 -236.04255676 489.07992554 47.22317123 -237.298172 518.28570557 48.40453339 -235.3664093 489.18099976 46.97922134 -237.9861145 547.75689697 49.4381485 -238.85426331 577.40393066 50.49154663 -238.31434631 577.50018311 50.27730179 -239.92939758 607.24749756 51.50846481 -237.83444214 577.58428955 50.04771042 -239.45770264 607.33630371 51.30013275 -239.24520874 607.37573242 51.19047165 -234.90830994 548.25335693 47.13135529 -236.4601593 577.81524658 48.71720505 -238.16157532 607.57110596 50.20070648 -239.11940002 622.52154541 50.95692444 -240.15052795 637.52459717 51.67007446 -241.27165222 652.58184814 52.32136917 -242.51191711 667.69390869 52.90087891 -243.77494812 682.89050293 53.30140305 -245.25102234 698.14459229 53.63015366 -249.45639038 728.75769043 54.42209244 -247.17849731 713.4175415 54.03116989 -245.38650513 698.11395264 53.7204895 -243.91235352 682.8605957 53.39717865 -242.65107727 667.66485596 53.00216675 -241.39506531 652.55718994 52.43067932 -240.25750732 637.50415039 51.78809357 -239.20925903 622.50518799 51.083992 -238.23272705 607.55865479 50.3267746 -236.51260376 577.8067627 48.84632874 -234.94439697 548.24853516 47.28914261 -233.67744446 489.42431641 46.14797211 -233.45014954 489.45587158 45.9944458 -233.23968506 489.48480225 45.83664703 -230.89230347 431.40124512 43.61444855 -231.83216858 460.41174316 44.48395157 -230.69293213 431.42446899 43.43004608 -230.51182556 431.44534302 43.24107361 -236.12469482 548.06542969 48.601017 -234.74098206 518.68438721 47.26921082 -235.92108154 548.09790039 48.46552277 -234.53390503 518.71502686 47.12255478 -234.34397888 518.74291992 46.97178268 -233.04653931 489.5111084 45.67458344 -232.8712616 489.53469849 45.50827408 -231.65394592 460.43399048 44.30626678 -231.49440002 460.45367432 44.12482071 -230.34962463 431.46377563 43.04821396 -230.20698547 431.4798584 42.85240555 -229.12980652 402.57870483 41.90562057 -229.00505066 402.59146118 41.69443512 -227.99153137 373.75744629 40.86854172 -226.15107727 316.20751953 39.52168274 -224.54866028 258.67126465 38.44348526 -223.17988586 200.97424316 37.54176712 -222.04940796 142.94064331 36.77992249 -235.73443604 548.12744141 48.32607269 -235.56518555 548.15386963 48.18265533 -234.17169189 518.76794434 46.81690598 -234.01759338 518.7901001 46.65849686 -232.7144165 489.55563354 45.33831406 -232.57661438 489.57382202 45.16554642 -231.35415649 460.47079468 43.94049454 -231.23361206 460.48535156 43.75246429 -230.08432007 431.49353027 42.65276718 -229.98199463 431.50473022 42.44904709 -235.41389465 548.17736816 48.03581238 -235.28108215 548.19781494 47.88626862 -233.88224792 518.80944824 46.49733353 -233.76603699 518.82580566 46.33267212 -232.45820618 489.58929443 44.98918152 -232.35957336 489.60198975 44.80899048 -231.13311768 460.49728394 43.56048584 -231.05439758 460.50662231 43.37903595 -229.90184021 431.51348877 42.25657272 -229.84396362 431.51977539 42.07590485 -243.45697021 636.85235596 53.09954453 -242.82496643 636.98577881 52.95294571 -242.2467804 637.10620117 52.79320908 -241.72465515 637.21331787 52.61972809 -241.2615509 637.30688477 52.43228149 -241.05310059 637.34851074 52.33332062 -240.86054993 637.38665771 52.23088074 -240.68431091 637.42138672 52.12495422 -241.53590393 652.52886963 52.53753281 -240.52476501 637.45251465 52.01554489 -240.38233948 637.48016357 51.90307236 -239.44369507 622.46185303 51.32846069 -239.31745911 622.48529053 51.20778275 -238.43301392 607.5234375 50.58930206 -238.32362366 607.54278564 50.45971298 -236.67822266 577.77996826 49.12816238 -236.58532715 577.79504395 48.98345566 -235.07221985 548.22943115 47.57679749 -234.99795532 548.24053955 47.42858887 -233.5934906 518.84985352 46.00500488 -233.53883362 518.85736084 45.85523224 -232.2265625 489.61904907 44.478508 -232.18859863 489.62335205 44.29774094 -236.78996277 577.76159668 49.26940536 -235.16706848 548.21514893 47.73332596 -233.66926575 518.83929443 46.16430664 -232.28231812 489.61193848 44.6385994 -230.99757385 460.51333618 43.20864487 -233.55541992 460.18701172 45.60373306 -231.86122131 431.28521729 44.30608749 -260.58297729 602.76922607 53.19198227 -263.50753784 542.75018311 51.34199524 -276.4185791 540.08374023 50.98651505 -290.8397522 537.10772705 50.20011902 -305.85797119 533.92523193 49.07226562 -321.03985596 530.63952637 47.71579361 -333.90893555 471.00222778 45.09192276 -331.55792236 415.08349609 44.24208832 -329.35443115 359.45953369 43.65644836 -327.28924561 303.99090576 43.27648544 -325.35949707 248.53842163 43.02429581 -323.5668335 192.96186829 42.85463715 -321.9175415 137.1204834 42.74579239 -420.09268188 877.76000977 106.16197205 -418.33227539 879.71136475 108.37213135 -422.75720215 873.199646 101.44745636 -421.57537842 875.58483887 103.84088898 -424.16018677 867.87628174 96.59724426 -423.62173462 870.62255859 99.02035522 -424.32589722 867.84313965 96.54501343 -424.55154419 864.95111084 94.16036224 -424.41601562 859.00354004 89.50180054 -423.97583008 853.08105469 84.85644531 -423.29364014 847.15826416 80.26084137 -424.3717041 864.98760986 94.21398926 -424.20834351 859.04681396 89.55924988 -409.30374146 885.10473633 115.32516479 -409.47418213 885.04498291 115.2383194 -409.48190308 885.04296875 115.2347641 -411.43023682 884.22741699 114.10341644 -410.87399292 884.48156738 114.45105743 -411.63565063 884.16674805 114.00458527 -421.85513306 829.05957031 67.1352005 -421.87893677 822.82049561 63.10618591 -421.8777771 816.42852783 59.34275818 -421.84674072 809.82891846 55.92795563 -421.37942505 806.51068115 54.49567032 -421.33914185 803.04144287 53.07105255 -423.73950195 853.13067627 84.92001343 -423.02883911 847.21374512 80.33171844 -422.2069397 841.26306152 75.83348846 -421.6289978 835.24462891 71.45410919 -421.50720215 829.12762451 67.22743988 -421.50305176 822.89190674 63.20510864 -421.47424316 816.50323486 59.44802094 -421.41583252 809.90698242 56.03909302 -421.2956543 799.50952148 51.77555466 -421.24963379 795.95928955 50.62268448 -413.97470093 882.94128418 112.36801147 -416.13647461 881.47637939 110.51496887 -418.0843811 879.77276611 108.47623444 -419.7855835 877.83557129 106.28620148 -421.21185303 875.67419434 103.98171997 -422.34069824 873.30249023 101.60102844 -423.15631104 870.73864746 99.18260193 -423.65036011 868.00531006 96.76409149 -423.82196045 865.12976074 94.382164 -423.58041382 859.21557617 89.73412323 -423.03005981 853.32452393 85.11057281 -422.23861694 847.43017578 80.54257202 -421.3392334 841.49847412 76.06484222 -420.68457031 835.49597168 71.70494843 -420.48391724 829.39294434 67.49700928 -420.40109253 823.17041016 63.49251556 -420.29470825 816.79449463 59.7519989 -420.15988159 810.21136475 56.35778427 -420.00796509 803.36004639 53.40200043 -419.8444519 796.29278564 50.96281815 -421.15158081 788.8190918 48.70883942 -421.0473938 781.63690186 47.23293304 -419.67355347 789.16687012 49.05501175 -419.4977417 781.99798584 47.58284378 -419.31872559 774.79925537 46.44523239 -420.59597778 752.72625732 43.87417221 -413.56185913 883.06109619 112.5619812 -415.5171814 881.65362549 110.79759216 -417.26293945 880.0057373 108.83841705 -418.76934814 878.12243652 106.71650696 -420.01123047 876.01342773 104.46682739 -420.96881104 873.69281006 102.12623596 -421.62860107 871.17901611 99.73248291 -421.98403931 868.49530029 97.32321167 -422.03399658 865.66943359 94.93811035 -421.55548096 859.8560791 90.2990036 -420.75549316 854.06018066 85.71850586 -419.71713257 848.25170898 81.21103668 -418.58352661 842.39208984 76.79462433 -417.69717407 836.44976807 72.49222565 -417.25695801 830.40032959 68.33889771 -416.9352417 824.22766113 64.38565063 -416.59420776 817.90020752 60.69153214 -416.22900391 811.36669922 57.336689 -415.85140991 804.5692749 54.41096115 -415.46670532 797.55865479 51.9901619 -415.07907104 790.48681641 50.08876419 -414.69116211 783.36865234 48.61431885 -414.3052063 776.21618652 47.46928787 -413.92318726 769.0401001 46.56602097 -409.97210693 884.82977295 114.95219421 -410.36660767 884.64428711 114.70419312 -410.7522583 884.44378662 114.43980408 -412.19851685 883.48858643 113.22161102 -413.47225952 882.28619385 111.75732422 -414.55151367 880.83703613 110.06575775 -415.41790771 879.1463623 108.17066956 -416.05682373 877.2243042 106.10023499 -416.45822144 875.08599854 103.88642883 -416.61688232 872.7510376 101.56440735 -416.53286743 870.24407959 99.17176056 -416.20370483 867.59564209 96.75897217 -414.98968506 862.14215088 92.11910248 -413.40896606 856.68591309 87.65960693 -416.10897827 849.52825928 82.15982056 -414.65008545 843.78057861 77.82745361 -413.4425354 837.93188477 73.60314941 -412.66882324 831.96557617 69.52344513 -412.01464844 825.87042236 65.63858795 -411.3477478 819.6182251 62.00531769 -410.66329956 813.16186523 58.70040894 -409.9737854 806.44830322 55.81014252 -409.28408813 799.5256958 53.40667343 -408.59835815 792.5378418 51.5039978 -407.9196167 785.49847412 50.01477051 -407.25088501 778.41796875 48.84697342 -406.59484863 771.30523682 47.91813278 -405.32696533 757.01135254 46.53837585 -418.77453613 753.12695312 44.23302841 -412.45666504 740.2364502 44.25930786 -403.03503418 728.29046631 44.73410416 -390.84820557 717.1050415 45.53601837 -420.93862915 774.42590332 46.09293747 -419.13793945 767.58227539 45.55118942 -413.17526245 754.64794922 45.23254013 -404.13034058 742.6574707 45.53564835 -392.24282837 731.46923828 46.20292282 -378.18099976 720.87103271 47.09356689 -393.84222412 745.79760742 47.02637482 -395.61624146 760.07672119 48.08107376 -397.51593018 774.24328613 49.53458405 -398.50601196 781.27368164 50.50345993 -399.52026367 788.26092529 51.70765305 -400.55493164 795.19805908 53.22290802 -401.60592651 802.07696533 55.13411331 -402.66989136 808.88543701 57.52196503 -403.7427063 815.49029541 60.37309647 -404.81988525 821.84661865 63.62010574 -405.88821411 828.00115967 67.18132019 -406.95223999 833.99578857 70.98433685 -408.13720703 839.85424805 74.97540283 -409.74008179 845.58154297 79.10528564 -411.59957886 851.18389893 83.33550262 -409.34216309 885.07733154 115.30014038 -409.31066895 885.09814453 115.32089996 -409.46087646 885.03668213 115.23904419 -409.60891724 884.97143555 115.15297699 -409.5166626 884.98352051 115.18462372 -408.39215088 870.31884766 99.19739532 -409.21414185 872.7164917 101.66291046 -409.87640381 874.97357178 104.0456543 -410.38308716 877.05566406 106.27984619 -410.72485352 878.9362793 108.32798767 -410.89526367 880.59387207 110.15859985 -410.89068604 882.0123291 111.74660492 -410.71051025 883.18048096 113.07341003 -410.3572998 884.09295654 114.1269989 -409.83685303 884.74963379 114.90180969 -409.68161011 884.87432861 115.05187988 -409.75479126 884.90240479 115.06269836 -384.44995117 870.86334229 97.64822388 -396.48504639 869.07922363 97.17907715 -394.67886353 866.87799072 95.03644562 -406.22451782 865.37420654 94.52926636 -403.62625122 860.39819336 90.21364594 -398.15957642 871.26696777 99.46438599 -407.36816406 867.85058594 96.81483459 -363.56369019 717.84362793 48.39246368 -364.5413208 725.07434082 48.67388153 -368.17886353 746.55859375 49.7952919 -369.59521484 753.65997314 50.28609085 -382.18209839 749.51306152 48.63082886 -371.10446167 760.7321167 50.85312653 -384.5965271 763.70367432 49.76030731 -372.68884277 767.75177002 51.51032639 -385.87728882 770.73535156 50.46977615 -374.33688354 774.70788574 52.27898026 -387.20108032 777.71960449 51.31436539 -376.04446411 781.59967041 53.18790054 -377.8079834 788.42388916 54.2767067 -379.62426758 795.17755127 55.59172821 -381.48703003 801.85882568 57.19186401 -383.38964844 808.46472168 59.14410782 -385.32763672 814.98754883 61.51256561 -387.29708862 821.32025146 64.28542328 -389.29464722 827.42602539 67.40714264 -391.30493164 833.33599854 70.80762482 -393.33224487 839.07904053 74.42544556 -395.4838562 844.66741943 78.21427917 -398.0135498 850.09075928 82.12744904 -400.8130188 855.32946777 86.12161255 -357.41281128 637.96734619 46.65614319 -359.14291382 666.87646484 47.16562271 -360.14401245 681.40441895 47.43186951 -361.29992676 695.97772217 47.7461319 -362.7093811 710.57647705 48.14728165 -366.77175903 521.19537354 42.60873795 -354.45315552 580.72766113 45.56145859 -355.88110352 609.2545166 46.11740875 -336.95623779 136.23260498 40.70483017 -340.57006836 246.99261475 41.19361496 -342.56381226 302.12719727 41.53059006 -344.67733765 357.27832031 41.97383881 -362.09481812 410.23907471 40.73705673 -346.91174316 412.58010864 42.58742142 -364.37457275 465.5151062 41.58961868 -349.27331543 468.16671753 43.42126846 -351.77627563 524.17138672 44.44823456 -336.42697144 527.35388184 46.16329193 -339.15518188 584.2769165 47.30714417 -323.75527954 587.94134521 48.92243958 -308.53137207 591.60571289 50.3697052 -293.51715088 595.15509033 51.61207581 -279.15359497 598.47406006 52.54388428 -266.29281616 601.44781494 53.07952499</float_array>
          <technique_common>
            <accessor source="#pos_0-array" count="9600" stride="3">
              <param name="X" type="float"/>
              <param name="Y" type="float"/>
              <param name="Z" type="float"/>
            </accessor>
          </technique_common>
        </source>
        <source id="norm_0">
          <float_array id="norm_0-array" count="19044">0 -1 0 0.05166 -0.93393 -0.3537 0.05161 -0.93278 -0.35674 0.05158 -0.93149 -0.36009 0.05157 -0.9309 -0.3616 0.05154 -0.92942 -0.36541 0.05155 -0.92787 -0.36932 0.05156 -0.92635 -0.37311 0.0516 -0.92489 -0.37673 0.05163 -0.92422 -0.37835 0.05166 -0.92314 -0.38098 0.05174 -0.92163 -0.3846 0.05182 -0.92013 -0.38817 0.05191 -0.91885 -0.39119 0.05196 -0.9181 -0.39292 0.05207 -0.91678 -0.39598 0.0522 -0.9153 -0.39938 0.05233 -0.91395 -0.40243 0.05081 -0.93609 -0.34807 0.05152 -0.94902 -0.31097 0.05145 -0.94759 -0.31533 0.05136 -0.94538 -0.32188 0.05133 -0.94403 -0.32584 0.05131 -0.94343 -0.32757 0.05128 -0.94207 -0.33147 0.05127 -0.94083 -0.33498 0.05126 -0.93956 -0.33851 0.05126 -0.93825 -0.34214 0.05127 -0.9371 -0.34528 0.05128 -0.93573 -0.34897 0.05087 -0.94157 -0.33294 0.05089 -0.94686 -0.31758 0.05061 -0.95371 -0.29643 0.05062 -0.95461 -0.29353 0.05057 -0.96244 -0.26675 0.05049 -0.9588 -0.27955 0.05056 -0.95675 -0.28647 0.05061 -0.95494 -0.29246 0.05082 -0.95206 -0.30165 0.05099 -0.95024 -0.3073 0.04983 -0.97369 -0.22235 0.0501 -0.97117 -0.23305 0.05062 -0.97683 -0.20795 0.05027 -0.97462 -0.21817 0.05016 -0.97284 -0.22597 0.05011 -0.97142 -0.232 0.05038 -0.96051 -0.27366 0.04979 -0.96539 -0.25602 0.05053 -0.96192 -0.26861 0.05017 -0.9674 -0.24822 0.05039 -0.96573 -0.25461 0.05014 -0.96891 -0.24229 0.04969 -0.97999 -0.19273 0.0497 -0.98293 -0.17715 0.04956 -0.98452 -0.1681 0.04944 -0.98519 -0.16421 0.04941 -0.98526 -0.16378 0.0498 -0.98421 -0.16986 0.04967 -0.98349 -0.17401 0.04966 -0.97489 -0.21709 0.04937 -0.97635 -0.21048 0.04994 -0.97436 -0.2194 0.04976 -0.98096 -0.18773 0.05023 -0.97955 -0.19484 0.04969 -0.98215 -0.1814 0.04947 -0.98512 -0.1646 0.04962 -0.9848 -0.16647 0.04978 -0.98459 -0.16766 0.04994 -0.9844 -0.16872 0.05003 -0.98436 -0.16893 0.04999 -0.98435 -0.16896 0.05173 -0.90147 -0.42975 0.052 -0.90558 -0.42098 0.05207 -0.91224 -0.40633 0.0518 -0.91774 -0.39378 0.05242 -0.90706 -0.41773 0.05228 -0.90875 -0.41404 0.05254 -0.9057 -0.42066 0.05272 -0.90397 -0.42432 0.05302 -0.90129 -0.42996 0.0513 -0.93467 -0.3518 0.05141 -0.92837 -0.36808 0.05171 -0.92447 -0.37772 0.05169 -0.91968 -0.38925 0.05178 -0.91813 -0.39289 0.05206 -0.9124 -0.40598 0.05214 -0.91089 -0.40934 0.053 -0.89099 -0.45091 0.05301 -0.88596 -0.46071 0.05322 -0.881 -0.47011 0.05309 -0.87393 -0.48315 0.0532 -0.87721 -0.47715 0.05331 -0.89917 -0.43434 0.05369 -0.89648 -0.43983 0.05211 -0.90524 -0.4217 0.05295 -0.88975 -0.45337 0.05253 -0.89354 -0.44589 0.05317 -0.88336 -0.46566 0.05391 -0.8547 -0.51632 0.0538 -0.85433 -0.51694 0.05378 -0.85427 -0.51704 0.05488 -0.85478 -0.51608 0.05472 -0.85528 -0.51527 0.05385 -0.86832 -0.49308 0.05384 -0.8642 -0.50027 0.05406 -0.85998 -0.50746 0.0544 -0.85699 -0.51245 0.05483 -0.85487 -0.51594 0.05462 -0.85513 -0.51553 0.05423 -0.85512 -0.51559 0.05383 -0.85456 -0.51655 0.05395 -0.85591 -0.5143 0.05399 -0.8574 -0.51181 0.05361 -0.87647 -0.47846 0.05411 -0.87264 -0.48536 0.05331 -0.87717 -0.47722 0.05379 -0.86642 -0.4964 0.05374 -0.86701 -0.49539 0.05403 -0.86013 -0.50721 -1 0 -0 0.13116 0.06114 -0.98947 0.62757 0.0719 -0.77523 0.84928 0.08206 -0.52152 0.74213 0.12496 -0.6585 0.02991 0.42892 -0.90284 -0.0549 0.87251 -0.48549 0.2501 0.08978 -0.96405 0.50007 0.22861 -0.83526 0.72348 0.14053 -0.67589 0.71975 0.1563 -0.67641 0.8785 0.45304 -0.15165 0.85696 0.49172 -0.15435 0.70775 0.48554 -0.51317 0.43817 0.48383 -0.75757 0.74148 0.65022 -0.16561 0.64321 0.68397 -0.34418 -0.00862 0.8515 -0.52429 0.04084 0.65999 -0.75017 0.52914 0.78035 -0.33326 0.08994 0.76104 -0.64244 0.44733 0.83173 -0.32883 -0.08985 0.79916 -0.59437 -0.33397 0.942 0.03318 0.07344 0.93722 -0.34093 0.04562 0.94942 -0.31066 -0.09357 0.97655 -0.19391 -0.02598 0.96793 -0.24986 -0.13304 0.97751 -0.16363 -0.2754 0.95908 -0.0657 -0.21207 -0.54449 0.81151 -0.08401 0.44014 -0.89399 0.02729 0.79396 -0.60736 -0.02918 0.82222 -0.56842 -0.008 0.79138 -0.61128 0.03683 0.11901 -0.99221 -0.07381 0.63012 -0.77298 -0.02865 0.54829 -0.8358 -0.05188 0.58922 -0.80631 -0.04038 0.77231 -0.63396 -0.08264 0.65639 -0.74988 -0.085 0.75915 -0.64534 -0.00478 0.77796 -0.6283 -0.0324 0.86461 -0.5014 -0.0633 0.88204 -0.46689 -0.06193 0.87259 -0.48452 0.50057 0.03436 -0.86501 0.37791 0.04339 -0.92482 0.56834 0.0599 -0.82061 0.88434 0.04701 -0.46447 0.61269 0.06017 -0.78803 0.95935 0.05003 -0.27776 -0.02696 0.03477 -0.99903 -0.01248 0.03877 -0.99917 0.09877 0.0324 -0.99458 0.02664 0.03277 -0.99911 -0.03801 0.03113 -0.99879 -0.05422 0.02958 -0.99809 -0.08028 0.02704 -0.99641 -0.06277 0.02812 -0.99763 -0.13188 0.02224 -0.99102 -0.11269 0.02243 -0.99338 -0.12102 0.02329 -0.99238 -0.09698 0.02276 -0.99503 -0.10448 0.02387 -0.99424 -0.08647 0.02483 -0.99594 -0.08682 0.02485 -0.99591 -0.09934 0.025 -0.99474 -0.11148 0.02528 -0.99344 -0.09892 0.02358 -0.99482 -0.12425 0.02359 -0.99197 -0.11504 0.02258 -0.9931 -0.13725 0.02246 -0.99028 -0.1321 0.02204 -0.99099 -0.08373 0.02694 -0.99612 -0.08708 0.02633 -0.99585 -0.09152 0.02574 -0.99547 -0.01696 0.03283 -0.99932 -0.02284 0.03138 -0.99925 -0.03914 0.0314 -0.99874 0.015 0.0347 -0.99929 0.00033 0.03246 -0.99947 -0.00958 0.03224 -0.99943 0.05806 0.03243 -0.99779 0.07301 0.03021 -0.99687 0.08953 0.03432 -0.99539 0.07052 0.0326 -0.99698 0.24666 0.02844 -0.96869 0.20636 0.02882 -0.97805 0.27575 0.02721 -0.96084 0.38487 0.02448 -0.92265 0.3926 0.02469 -0.91938 0.44061 0.02342 -0.8974 0.54606 0.0245 -0.83738 0.50643 0.02262 -0.86199 0.43901 0.02354 -0.89817 0.49768 0.0221 -0.86708 0.54721 0.02203 -0.8367 0.58158 0.02106 -0.81322 0.58457 0.02112 -0.81107 0.62564 0.0209 -0.77983 0.82784 0.01802 -0.56068 0.81498 0.01807 -0.57921 0.78339 0.01837 -0.62126 0.78479 0.01838 -0.61948 0.75704 0.01895 -0.65309 0.73481 0.01908 -0.67801 0.7187 0.01962 -0.69504 0.70191 0.01972 -0.71199 0.67036 0.02014 -0.74176 0.67914 0.02025 -0.73373 0.64067 0.02043 -0.76754 0.95643 0.01473 -0.29157 0.94475 0.01497 -0.32744 0.93596 0.0154 -0.35176 0.92734 0.0156 -0.37388 0.91381 0.01598 -0.40583 0.90513 0.01604 -0.42484 0.88951 0.0166 -0.45661 0.88158 0.01673 -0.47174 0.86358 0.01708 -0.50392 0.85649 0.0171 -0.51588 0.83696 0.01765 -0.54697 0.81013 0.01794 -0.58598 0.98148 0.0138 -0.19105 0.97551 0.0139 -0.21953 0.96349 0.01438 -0.26734 0.97376 0.01389 -0.22715 0.98478 0.01334 -0.17328 0.98918 0.01287 -0.14612 0.99383 0.01264 -0.11016 0.99696 0.01221 -0.077 0.99993 0.0102 0.00591 -0.00945 0.06423 -0.99789 -0.00982 0.06284 -0.99798 -0.00064 0.05352 -0.99857 0.00577 0.05409 -0.99852 0.01002 0.05969 -0.99817 0.01065 0.05898 -0.9982 0.01477 0.05722 -0.99825 0.02117 0.06 -0.99797 0.022 0.05908 -0.99801 0.02954 0.06538 -0.99742 0.03059 0.06487 -0.99742 0.02231 0.04571 -0.99871 0.02719 0.04409 -0.99866 0.02535 0.04567 -0.99864 0.02719 0.04744 -0.9985 0.02646 0.04938 -0.99843 0.02823 0.05078 -0.99831 0.0277 0.05268 -0.99823 0.02896 0.0564 -0.99799 0.02986 0.05583 -0.99799 0.02883 0.05939 -0.99782 0.01102 0.04219 -0.99905 -0.00797 0.03684 -0.99929 0.97976 0.04732 -0.19451 0.97736 0.04778 -0.20613 0.97718 0.051 -0.20622 0.97437 0.05155 -0.21897 0.92407 0.05699 -0.37794 0.89488 0.05876 -0.44241 0.88575 0.05936 -0.46036 0.85597 0.0606 -0.51346 0.84466 0.06116 -0.53179 0.81694 0.06196 -0.57338 0.80391 0.06245 -0.59146 0.7771 0.06297 -0.62622 0.76271 0.06339 -0.64363 0.72187 0.06386 -0.68907 0.64613 0.06476 -0.76047 0.61211 0.06469 -0.78812 0.64469 0.0607 -0.76203 0.61274 0.05974 -0.78802 0.67876 0.05985 -0.73191 0.81785 0.06033 -0.57227 0.71434 0.06192 -0.69705 0.68323 0.06186 -0.72758 0.51992 0.06092 -0.85204 0.7521 0.05882 -0.65642 0.77756 0.05851 -0.62608 0.79076 0.05812 -0.60936 0.81736 0.05761 -0.57324 0.82918 0.05716 -0.55606 0.85634 0.05641 -0.51332 0.86645 0.05591 -0.49613 0.89521 0.05477 -0.44228 0.99935 0.03614 0.00103 0.99169 0.04053 -0.12206 0.99921 0.0386 -0.00948 0.95498 0.05407 -0.29169 0.95521 0.05055 -0.29159 0.93688 0.05208 -0.34574 0.93712 0.04842 -0.34563 0.91073 0.04984 -0.40998 0.32834 0.06082 -0.9426 0.3513 0.06206 -0.9342 0.28408 0.06057 -0.95688 0.45864 0.05273 -0.88706 0.43124 0.05189 -0.90075 0.49961 0.05286 -0.86464 0.47098 0.05205 -0.88061 0.54621 0.05296 -0.83597 0.51666 0.0522 -0.8546 0.59923 0.05299 -0.79882 0.56927 0.05231 -0.82048 0.64338 0.0528 -0.76372 0.6136 0.05244 -0.78788 0.67492 0.05268 -0.73601 0.64564 0.05239 -0.76184 0.70803 0.05247 -0.70423 0.67959 0.05227 -0.73173 0.7426 0.05216 -0.66771 0.71538 0.05205 -0.69679 0.77828 0.0517 -0.62578 0.7528 0.05171 -0.65621 0.81462 0.05108 -0.57774 0.7914 0.05119 -0.60915 0.8502 0.05024 -0.52406 0.82975 0.05048 -0.55584 0.71291 0.05137 -0.69937 0.86679 0.05158 -0.49599 0.90357 0.05029 -0.42547 0.90329 0.05424 -0.42559 0.93104 0.05262 -0.36111 0.93077 0.05636 -0.36123 0.95015 0.05467 -0.30695 0.99941 0.03436 0.00104 0.9994 0.03401 -0.00636 0.99422 0.03492 -0.10154 0.93567 0.04014 -0.35058 0.92566 0.04047 -0.37618 0.95476 0.03916 -0.2948 0.94722 0.03944 -0.31814 0.97191 0.0379 -0.23227 0.9667 0.0382 -0.25303 0.98688 0.03628 -0.15735 0.98402 0.03658 -0.17425 0.99949 0.03177 0.00394 0.99955 0.02959 0.00395 0.99512 0.03021 -0.09396 0.9376 0.03452 -0.34601 0.93594 0.03457 -0.35046 0.96102 0.03353 -0.27443 0.955 0.03372 -0.2947 0.97621 0.03251 -0.2144 0.97212 0.03271 -0.23218 0.98924 0.03122 -0.14294 0.98705 0.03141 -0.15728 0.48659 0.04457 -0.87249 0.45968 0.04377 -0.887 0.52825 0.04463 -0.84792 0.50062 0.04386 -0.86456 0.57516 0.04467 -0.81682 0.54718 0.04396 -0.83586 0.62793 0.04465 -0.77699 0.60015 0.04402 -0.79867 0.67132 0.04446 -0.73983 0.64423 0.04412 -0.76356 0.70206 0.04435 -0.71074 0.67573 0.04406 -0.73583 0.73406 0.04417 -0.67765 0.7088 0.04395 -0.70404 0.7671 0.04391 -0.64003 0.74332 0.04376 -0.6675 0.80084 0.04354 -0.59729 0.77895 0.04348 -0.62557 0.83486 0.04304 -0.54878 0.81523 0.04306 -0.57753 0.86774 0.04238 -0.4952 0.85075 0.04249 -0.52385 0.89876 0.04156 -0.43646 0.88468 0.04174 -0.46433 0.32761 0.04337 -0.94382 0.51311 0.03878 -0.85745 0.48722 0.03806 -0.87245 0.55506 0.03874 -0.83091 0.52886 0.03805 -0.84785 0.60188 0.03868 -0.79765 0.57575 0.03804 -0.81674 0.65393 0.03855 -0.75557 0.62849 0.03799 -0.77689 0.69632 0.03829 -0.71671 0.67184 0.038 -0.73972 0.72606 0.03814 -0.68657 0.70256 0.0379 -0.71062 0.75677 0.03793 -0.65258 0.73453 0.03775 -0.67753 0.78824 0.03766 -0.61421 0.76755 0.03753 -0.63989 0.82011 0.0373 -0.57099 0.80126 0.03723 -0.59716 0.85188 0.03683 -0.52244 0.83525 0.03683 -0.54864 0.88228 0.03625 -0.46932 0.86809 0.03631 -0.49507 0.91067 0.03553 -0.4116 0.89908 0.03564 -0.43634 0.92136 0.03513 -0.38711 0.92108 0.04076 -0.38723 0.90937 0.04106 -0.41395 0.90907 0.0462 -0.41408 0.92537 0.0457 -0.37631 0.91098 0.04599 -0.40987 0.94697 0.04424 -0.31826 0.98604 0.04184 -0.16117 0.96641 0.04433 -0.25317 0.95965 0.04484 -0.27761 0.98378 0.04216 -0.17436 0.98 0.04264 -0.1944 0.19766 0.06114 -0.97836 0.18705 0.05993 -0.98052 0.19253 0.0519 -0.97992 0.19896 0.05321 -0.97856 0.25088 0.05447 -0.96649 0.24975 0.06159 -0.96635 0.23449 0.06002 -0.97026 0.5382 0.03421 -0.84212 0.51352 0.03358 -0.85742 0.58012 0.03404 -0.81382 0.55547 0.03344 -0.83086 0.62648 0.03383 -0.7787 0.60227 0.03329 -0.7976 0.67752 0.03357 -0.73473 0.65431 0.03309 -0.7555 0.71868 0.03321 -0.69455 0.69667 0.03299 -0.71664 0.74733 0.03299 -0.66364 0.7264 0.03281 -0.68649 0.77674 0.03272 -0.62897 0.75709 0.03259 -0.65249 0.80661 0.0324 -0.59019 0.78855 0.03231 -0.61412 0.83665 0.032 -0.5468 0.8204 0.03196 -0.5709 0.86631 0.03152 -0.49851 0.85215 0.03153 -0.52235 0.89449 0.03095 -0.44601 0.88253 0.031 -0.46923 0.92054 0.03028 -0.38947 0.9109 0.03036 -0.41151 0.945 0.02946 -0.32573 0.9378 0.02957 -0.34593 0.96609 0.02849 -0.25663 0.9612 0.02863 -0.27436 0.97962 0.02761 -0.19893 0.97637 0.02775 -0.21433 0.99109 0.02652 -0.13049 0.98938 0.02665 -0.14288 0.40229 0.04464 -0.91442 0.40299 0.0379 -0.91442 0.42718 0.0391 -0.90332 0.42765 0.03369 -0.90332 0.45133 0.03481 -0.89168 0.34974 0.04458 -0.93578 0.35046 0.03803 -0.9358 0.37289 0.03921 -0.92705 0.37336 0.034 -0.92706 0.39572 0.03512 -0.9177 0.99909 0.01182 -0.04105 0.99909 0.01181 -0.04088 0.99783 0.01364 0.06438 0.35286 0.05136 -0.93426 0.37677 0.05261 -0.92481 0.34937 0.05211 -0.93553 0.32675 0.05002 -0.94379 0.26924 0.04883 -0.96183 0.27001 0.04309 -0.96189 0.28884 0.04497 -0.95632 0.28965 0.03793 -0.95638 0.30929 0.03985 -0.95013 0.30984 0.0341 -0.95018 0.32988 0.03601 -0.94333 0.99935 0.02701 0.02383 0.99964 0.02507 -0.00979 0.99589 0.02572 -0.08682 0.98824 0.01809 0.15187 0.9998 0.01981 0.0007 0.99961 0.01594 -0.02293 0.99267 0.01717 -0.11965 0.99376 0.0171 -0.11018 0.98252 0.01799 -0.18529 0.98471 0.01792 -0.1733 0.97034 0.01868 -0.24103 0.97368 0.01861 -0.22716 0.95129 0.01946 -0.30767 0.95635 0.0194 -0.29159 0.92898 0.02017 -0.36958 0.93587 0.02012 -0.35177 0.90498 0.02079 -0.42494 0.91371 0.02075 -0.40584 0.87885 0.02135 -0.47661 0.88941 0.02133 -0.45662 0.85113 0.02186 -0.5245 0.86347 0.02186 -0.50393 0.82287 0.02231 -0.56778 0.83685 0.02233 -0.54698 0.79454 0.02271 -0.60679 0.81 0.02276 -0.58598 0.76647 0.02308 -0.64186 0.78326 0.02315 -0.62126 0.73897 0.02341 -0.67333 0.75691 0.02351 -0.65309 0.6992 0.02375 -0.71453 0.71857 0.02408 -0.69503 0.64942 0.02427 -0.76004 0.67023 0.02464 -0.74175 0.60377 0.02473 -0.79677 0.62551 0.02514 -0.77981 0.56216 0.02516 -0.82665 0.58443 0.0256 -0.81104 0.52456 0.02555 -0.85099 0.54708 0.02602 -0.83668 0.47502 0.02589 -0.87959 0.49752 0.02683 -0.86704 0.4185 0.02662 -0.90783 0.44045 0.02758 -0.89735 0.37136 0.02733 -0.92809 0.39246 0.02829 -0.91933 0.30372 0.06171 -0.95076 0.30484 0.05436 -0.95085 0.25957 0.05336 -0.96425 0.26006 0.05004 -0.9643 0.21283 0.04896 -0.97586 0.21361 0.04344 -0.97595 0.22859 0.04509 -0.97248 0.22939 0.0385 -0.97257 0.24557 0.04023 -0.96854 0.24611 0.0349 -0.96861 0.26309 0.03666 -0.96407 0.26349 0.03173 -0.96414 0.28113 0.0335 -0.95908 0.28144 0.02858 -0.95915 0.29974 0.03033 -0.95354 0.29986 0.02738 -0.95359 0.29791 0.02727 -0.9542 0.24408 0.02821 -0.96935 0.24394 0.03147 -0.96928 0.22804 0.02984 -0.9732 0.22775 0.03435 -0.97311 0.21274 0.03274 -0.97656 0.21236 0.03728 -0.97648 0.19825 0.0357 -0.9795 0.19773 0.04061 -0.97942 0.18462 0.03909 -0.98203 0.18385 0.04523 -0.98191 0.17215 0.04384 -0.98409 0.17093 0.05226 -0.9839 0.16142 0.0511 -0.98556 0.15981 0.06072 -0.98528 0.15291 0.05986 -0.98643 0.07497 0.03767 -0.99647 0.10884 0.05954 -0.99227 0.11024 0.05127 -0.99258 0.11435 0.05185 -0.99209 0.11544 0.04448 -0.99232 0.12182 0.04537 -0.99151 0.12249 0.0401 -0.99166 0.13035 0.04116 -0.99061 0.13079 0.03704 -0.99072 0.13972 0.03821 -0.98945 0.14005 0.03444 -0.98955 0.14995 0.03568 -0.98805 0.15019 0.03194 -0.98814 0.16108 0.03324 -0.98638 0.16119 0.03087 -0.98644 0.13618 0.03069 -0.99021 0.09222 0.03335 -0.99518 0.0987 0.03423 -0.99453 0.0682 0.03376 -0.9971 0.07284 0.03443 -0.99675 0.04091 0.03388 -0.99859 0.04092 0.03378 -0.99859 0.03987 0.03352 -0.99864 0.00829 0.03244 -0.99944 0.00824 0.03383 -0.99939 0.03839 0.03447 -0.99867 0.03831 0.03572 -0.99863 0.06803 0.03634 -0.99702 0.07499 0.03738 -0.99648 0.09207 0.03561 -0.99512 -0.02695 0.03418 -0.99905 -0.04956 0.03326 -0.99822 -0.0409 0.03125 -0.99867 -0.05958 0.03055 -0.99776 -0.07528 0.02713 -0.99679 -0.06251 0.02679 -0.99768 -0.07173 0.02894 -0.997 -0.04921 0.02976 -0.99835 -0.0306 0.03311 -0.99898 -0.02591 0.03462 -0.99906 -0.0124 0.03509 -0.99931 -0.00902 0.03615 -0.99931 0.01055 0.03677 -0.99927 0.01027 0.03934 -0.99917 0.03576 0.04011 -0.99856 0.03529 0.04377 -0.99842 0.06606 0.0447 -0.99681 0.06521 0.05058 -0.99659 0.06477 0.05812 -0.99621 0.06606 0.05039 -0.99654 0.03612 0.0494 -0.99813 0.03702 0.04338 -0.99837 0.01246 0.04256 -0.99902 0.01297 0.03873 -0.99917 -0.00486 0.03812 -0.99926 -0.00908 0.03677 -0.99928 -0.02042 0.03635 -0.99913 -0.0259 0.03455 -0.99907 -0.04143 0.03395 -0.99856 -0.04131 0.03272 -0.99861 -0.04814 0.03048 -0.99838 0.06753 0.04438 -0.99673 0.06794 0.04105 -0.99684 0.03551 0.04017 -0.99856 0.03576 0.03789 -0.99864 0.00884 0.03715 -0.99927 0.00901 0.03521 -0.99934 -0.01236 0.03459 -0.99933 -0.01504 0.03378 -0.99932 -0.03061 0.03328 -0.99898 -0.03464 0.03201 -0.99889 -0.05196 0.03141 -0.99815 -0.05491 0.02971 -0.99805 -0.05192 0.03066 -0.99818 -0.03801 0.0311 -0.99879 -0.03464 0.03214 -0.99888 -0.01695 0.03266 -0.99932 -0.015 0.03323 -0.99934 0.00825 0.03383 -0.99939 0.00814 0.0354 -0.99934 0.03666 0.0361 -0.99868 0.03652 0.03772 -0.99862 0.07105 0.03855 -0.99673 0.07086 0.0404 -0.99667 -0.07166 0.02797 -0.99704 -0.08369 0.0259 -0.99616 -0.08688 0.0258 -0.99588 -0.09893 0.02398 -0.99481 -0.10448 0.02385 -0.99424 -0.11504 0.02253 -0.99311 -0.12099 0.02244 -0.9924 -0.13305 0.02175 -0.99087 -0.1367 0.02189 -0.99037 0.01635 0.79556 -0.60566 0.02644 0.79248 -0.60932 0.0198 0.79626 -0.60463 0.0084 0.77999 -0.62574 -0.06253 0.76777 -0.63767 -0.10315 0.67251 -0.73286 -0.0211 0.77557 -0.63091 -0.06213 0.60705 -0.79223 -0.0408 0.57057 -0.82023 -0.01604 0.52156 -0.85306 0.05137 0.18763 -0.9809 0.04946 0.1927 -0.98001 0.05277 0.21327 -0.97557 0.04959 0.22148 -0.9739 0.05326 0.24347 -0.96844 0.0485 0.25547 -0.9656 0.05243 0.27778 -0.95921 0.04524 0.29536 -0.95431 0.04922 0.3164 -0.94735 0.04049 0.32545 -0.94469 0.05202 0.29748 -0.95331 0.04753 0.27714 -0.95965 0.05533 0.25758 -0.96467 0.0509 0.23596 -0.97043 0.05578 0.22335 -0.97314 0.05164 0.20199 -0.97802 0.05458 0.1942 -0.97944 0.05086 0.17417 -0.9834 0.04974 0.17721 -0.98292 0.05172 0.15252 -0.98695 0.04507 0.07389 -0.99625 0.0401 0.08226 -0.9958 0.04473 0.06767 -0.9967 0.04256 0.35912 -0.93232 0.03092 0.38566 -0.92212 0.02985 0.40402 -0.91426 0.01014 0.44735 -0.8943 -0.04295 0.85458 -0.51754 -0.04238 0.85505 -0.51681 -0.00302 0.48844 -0.87259 0.02205 0.43543 -0.89995 0.01367 0.43335 -0.90112 0.0388 0.34104 -0.93925 0.04473 0.3429 -0.93831 0.02916 0.3792 -0.92485 0.03306 0.38016 -0.92433 0.01348 0.42528 -0.90496 0.04257 0.10701 -0.99335 0.05136 0.10874 -0.99274 0.03863 0.12831 -0.99098 0.038 0.0875 -0.99544 0.0471 0.08904 -0.99491 0.03875 0.10251 -0.99398 0.04483 0.05265 -0.99761 0.04837 0.04984 -0.99759 0.04937 0.04943 -0.99756 0.04909 0.05043 -0.99752 0.04922 0.05033 -0.99752 0.04781 0.05514 -0.99733 0.04853 0.05463 -0.99733 0.04651 0.06129 -0.99704 0.0434 0.06499 -0.99694 0.04329 0.06687 -0.99682 0.04111 0.07388 -0.99642 0.02866 0.05606 -0.99802 0.04797 0.05133 -0.99753 0.03972 0.05088 -0.99791 0.04025 0.04885 -0.99799 0.04212 0.04809 -0.99795 0.04165 0.04976 -0.99789 0.04226 0.0493 -0.99789 0.04093 0.05395 -0.9977 0.0421 0.0531 -0.9977 0.04013 0.05974 -0.99741 0.03165 0.04746 -0.99837 0.03438 0.04637 -0.99833 0.03375 0.04871 -0.99824 0.03483 0.04792 -0.99824 0.03358 0.05242 -0.99806 0.03519 0.05127 -0.99806 0.03295 0.05904 -0.99771 0.03594 0.05698 -0.99773 0.03315 0.06629 -0.99725 0.03407 0.06523 -0.99729 0.03555 0.07259 -0.99673 0.04036 0.0536 -0.99775 0.01839 0.05254 -0.99845 0.03148 0.04977 -0.99826 0.00789 0.04863 -0.99879 0.02215 0.04567 -0.99871 -0.00402 0.04446 -0.999 0.01119 0.04139 -0.99908 -0.00988 0.04051 -0.99913 -0.02555 0.04072 -0.99884 -0.08629 0.88886 -0.44998 -0.08887 0.89035 -0.44652 -0.12556 0.9153 -0.3827 -0.05018 0.86009 -0.50766 -0.06105 0.86754 -0.49361 -0.10788 0.8992 -0.42402 -0.02882 0.66065 -0.75014 -0.02448 0.66122 -0.7498 -0.06998 0.69417 -0.7164 -0.04466 0.70048 -0.71227 -0.09174 0.73203 -0.67506 0.00315 0.8016 -0.59786 0.00818 0.79877 -0.60158 0.01021 0.79752 -0.60321 0.01519 0.79516 -0.60621 0.02466 0.7898 -0.61287 0.04192 0.16479 -0.98544 0.05812 0.15183 -0.9867 0.04203 0.19876 -0.97915 0.05888 0.18585 -0.98081 0.03897 0.24237 -0.9694 0.05546 0.23038 -0.97152 0.03169 0.29567 -0.95476 0.04654 0.28555 -0.95723 0.05015 0.10756 -0.99293 0.02993 0.10587 -0.99393 0.03121 0.1049 -0.99399 0.03986 0.27565 -0.96043 0.02615 0.2839 -0.9585 0.04857 0.21882 -0.97455 0.0334 0.22856 -0.97296 0.05177 0.17349 -0.98347 0.03628 0.18396 -0.98226 0.05073 0.13947 -0.98893 0.03588 0.14995 -0.98804 0.0437 0.12537 -0.99115 0.05482 0.1263 -0.99048 0.03994 0.13866 -0.98953 0.04134 0.13419 -0.99009 0.05549 0.12137 -0.99105 0.04389 0.15506 -0.98693 0.05971 0.14121 -0.98818 0.04537 0.18199 -0.98225 0.06259 0.16748 -0.98389 0.04513 0.21596 -0.97536 0.06305 0.20152 -0.97745 0.04198 0.25842 -0.96512 0.05948 0.24504 -0.96769 0.03485 0.30936 -0.9503 0.05058 0.29811 -0.95319 0.02701 0.35742 -0.93355 0.01967 0.35647 -0.9341 0.03159 0.34898 -0.9366 0.01407 0.34757 -0.93755 0.02513 0.34146 -0.93956 0.00454 0.78512 -0.61933 0.02733 0.77256 -0.63435 0.01583 0.77992 -0.62568 0.0325 0.77145 -0.63546 0.02074 0.77875 -0.62699 0.03791 0.77126 -0.63539 0.02353 0.78109 -0.62398 0.03578 0.77897 -0.62603 0.0232 0.78635 -0.61734 -0.00809 0.77376 -0.63343 0.02386 0.75852 -0.65121 0.01037 0.76631 -0.64239 0.03516 0.75497 -0.65482 0.01976 0.76406 -0.64485 0.03872 0.75632 -0.65305 0.0229 0.76545 -0.64309 0.04197 0.75912 -0.6496 0.02201 0.77264 -0.63446 0.03639 0.77143 -0.63527 0.01809 0.78232 -0.62261 0.01455 0.75388 -0.65685 -0.00699 0.75224 -0.65885 0.02944 0.72759 -0.68538 0.00397 0.73017 -0.68326 0.03114 0.71699 -0.69639 0.0056 0.72127 -0.69263 0.03155 0.70893 -0.70457 0.00106 0.71553 -0.69858 0.02424 0.70543 -0.70836 -0.01289 0.71444 -0.69958 0.00506 0.70888 -0.70531 -0.01487 0.73834 -0.67426 -0.04165 0.7342 -0.67765 0.0059 0.70161 -0.71253 -0.02418 0.70095 -0.7128 0.01057 0.68566 -0.72784 -0.01956 0.68661 -0.72676 0.01324 0.67302 -0.73951 -0.02083 0.67549 -0.73708 0.00825 0.66524 -0.74659 -0.03114 0.66902 -0.74259 -0.0084 0.66477 -0.747 -0.03242 0.72612 -0.6868 -0.06121 0.72051 -0.69074 -0.00935 0.68447 -0.72898 -0.04097 0.68189 -0.7303 -0.00351 0.66613 -0.74583 -0.0351 0.66504 -0.74598 6E-05 0.65145 -0.75869 -0.03491 0.65152 -0.75783 -0.00385 0.6418 -0.76686 -0.04335 0.64272 -0.76487 -0.01901 0.63965 -0.76843 0.17406 0.62715 -0.7592 0.22929 0.53907 -0.81045 0.12371 0.6882 -0.71489 -0.06769 0.87197 -0.48486 -0.07742 0.88317 -0.46262 -0.23064 0.95102 -0.20583 0.04009 0.77436 -0.63148 0.08052 0.74225 -0.66527 -0.03622 0.8267 -0.56147 -0.05013 0.84773 -0.52805 -0.00954 0.82297 -0.56801 -0.03617 0.78979 -0.61231 -0.04085 0.80197 -0.59597 0.03496 0.76586 -0.64206 -0.03599 0.80951 -0.586 -0.0502 0.82712 -0.55978 -0.03445 0.75254 -0.65765 -0.03619 0.75785 -0.65142 0.0324 0.76558 -0.64253 0.01576 0.7659 -0.64277 0.04121 0.74872 -0.66161 0.0201 0.75388 -0.6567 0.03977 0.74324 -0.66784 0.01868 0.74998 -0.66119 0.0376 0.73964 -0.67196 0.01098 0.74952 -0.66189 0.02779 0.74067 -0.67129 -0.00633 0.75416 -0.65666 0.00665 0.74848 -0.66313 0.03267 0.73766 -0.67438 -0.0329 0.76762 -0.64007 -0.04663 0.71256 -0.70006 0.02269 0.7043 -0.70954 -0.0273 0.72064 -0.69277 -0.04255 0.73639 -0.67522 0.025 0.75996 -0.64949 0.00597 0.75935 -0.65066 0.03687 0.73849 -0.67326 0.01363 0.74242 -0.6698 0.03704 0.73045 -0.68196 0.01377 0.73606 -0.67678 0.03623 0.7246 -0.68821 0.00768 0.73294 -0.68025 0.02773 0.72333 -0.68995 -0.00804 0.73468 -0.67836 0.0074 0.72893 -0.68455 0.02876 0.72175 -0.69155 -0.02589 0.74319 -0.66857 -0.03718 0.77973 -0.62501 0.0346 0.75232 -0.65789 0.00203 0.76864 -0.63968 -0.01468 0.79523 -0.60613 0.01462 0.77873 -0.62719 -0.00981 0.80978 -0.58666 -0.00511 0.80693 -0.59062 -0.03574 0.84178 -0.53864 -0.02579 0.83533 -0.54915 -0.03365 0.83974 -0.54195 -0.01515 0.8273 -0.56156 -0.01504 0.82723 -0.56165 -0.00551 0.82104 -0.57085 -0.00533 0.82114 -0.5707 0.00048 0.81855 -0.57443 -0.06103 0.65439 -0.75369 -0.08084 0.64764 -0.75765 -0.05374 0.63504 -0.77061 -0.07446 0.63064 -0.7725 -0.05323 0.62674 -0.77741 -0.07368 0.62342 -0.77841 -0.05345 0.62026 -0.78257 -0.07545 0.61753 -0.78292 -0.05721 0.61566 -0.78594 -0.08104 0.61328 -0.7857 -0.06623 0.61368 -0.78677 -0.09729 0.61061 -0.78593 -0.09148 0.61101 -0.78632 -0.05992 0.61604 -0.78543 -0.03346 0.61722 -0.78608 -0.06765 0.61756 -0.78361 -0.01986 0.62 -0.78435 -0.06158 0.62521 -0.77803 -0.01574 0.62856 -0.7776 -0.06164 0.63634 -0.76894 -0.0461 0.63817 -0.76851 -0.06324 0.64534 -0.76127 -0.04293 0.64886 -0.75969 -0.07663 0.67439 -0.73439 -0.05762 0.67991 -0.73103 -0.09297 0.70528 -0.7028 -0.05375 0.61597 -0.78593 -0.0685 0.62835 -0.77491 -0.01334 0.63944 -0.76872 -0.1315 0.65014 -0.74835 0.00243 0.66357 -0.74811 -0.03548 0.67085 -0.74075 -0.05241 0.68667 -0.72508 0.00125 0.74682 -0.66502 -0.02289 0.74402 -0.66777 0.01908 0.71547 -0.69838 -0.00869 0.71653 -0.6975 0.02229 0.70223 -0.7116 -0.00557 0.70497 -0.70921 0.02384 0.69191 -0.72159 -0.00849 0.69655 -0.71745 0.01765 0.68627 -0.72713 -0.02078 0.69276 -0.72087 -0.00021 0.68766 -0.72603 0.01365 0.6851 -0.72832 -0.03028 0.69649 -0.71693 -0.09493 0.58812 -0.80318 -0.05931 0.60545 -0.79367 -0.06472 0.60344 -0.79478 -0.06181 0.60178 -0.79627 -0.06722 0.60043 -0.79685 -0.06492 0.5999 -0.79744 -0.06997 0.59887 -0.79778 -0.0677 0.59845 -0.79829 -0.07459 0.5973 -0.79854 -0.07242 0.59705 -0.79893 -0.08201 0.59567 -0.79903 -0.08012 0.59577 -0.79915 -0.07962 0.59584 -0.79915 -0.08895 0.5951 -0.79871 -0.04184 0.57132 -0.81966 -0.04636 0.57002 -0.82032 -0.04713 0.57058 -0.81989 -0.05167 0.56982 -0.82014 -0.0521 0.56998 -0.82001 -0.05601 0.56951 -0.82008 -0.05629 0.56959 -0.82 -0.06288 0.56903 -0.81991 -0.06298 0.56905 -0.81989 -0.07351 0.56838 -0.81947 -0.07343 0.56838 -0.81948 -0.10643 0.56617 -0.81739 -0.09548 0.56631 -0.81864 -0.05184 0.5892 -0.80633 -0.05627 0.5877 -0.80712 -0.056 0.58752 -0.80727 -0.0604 0.58656 -0.80765 -0.06003 0.58645 -0.80776 -0.06397 0.58576 -0.80796 -0.06351 0.58565 -0.80807 -0.06965 0.58479 -0.80819 -0.06908 0.5847 -0.80831 -0.07849 0.58359 -0.80825 -0.07785 0.5836 -0.8083 -0.09053 0.58213 -0.80804 -0.08717 0.58233 -0.80826 -0.09055 0.49527 -0.86401 -0.0138 0.51965 -0.85427 -0.02147 0.51766 -0.85532 -0.0191 0.51561 -0.85661 -0.02723 0.51447 -0.85708 -0.02538 0.5136 -0.85766 -0.03252 0.51292 -0.85782 -0.03069 0.51217 -0.85834 -0.04191 0.51151 -0.85826 -0.04016 0.51095 -0.85867 -0.05737 0.51031 -0.85808 -0.05591 0.51017 -0.85825 -0.01929 0.51099 -0.85937 -0.08399 0.51725 -0.8517 -0.05512 0.41374 -0.90872 -0.0987 0.35501 -0.92964 -0.06907 0.35055 -0.93399 -0.06618 0.32928 -0.94191 0.00326 0.48262 -0.87582 -0.00723 0.47995 -0.87727 -0.00102 0.47411 -0.88046 -0.01233 0.47258 -0.8812 -0.00777 0.47019 -0.88253 -0.01784 0.46929 -0.88287 -0.01352 0.4673 -0.884 -0.02858 0.46648 -0.88407 -0.0247 0.4651 -0.88491 -0.04705 0.46436 -0.88439 -0.04395 0.46403 -0.88473 -0.01152 0.46467 -0.88541 -0.06123 0.46922 -0.88096 -0.02884 0.54844 -0.83569 -0.03452 0.54693 -0.83647 -0.03447 0.54689 -0.83649 -0.04035 0.54603 -0.83679 -0.04016 0.54595 -0.83685 -0.04524 0.54545 -0.83692 -0.04496 0.54534 -0.83701 -0.05335 0.54481 -0.83686 -0.05296 0.5447 -0.83696 -0.06626 0.54414 -0.83638 -0.06576 0.5441 -0.83644 -0.0879 0.54315 -0.83502 -0.06847 0.54264 -0.83717 0.02952 0.33647 -0.94123 -0.02164 0.35182 -0.93582 -0.03085 0.38675 -0.92167 -0.05058 0.38624 -0.92101 -0.05998 0.38847 -0.91951 -0.06392 0.62515 -0.77788 -0.07296 0.62175 -0.77981 -0.06335 0.6168 -0.78456 -0.07258 0.61455 -0.78553 -0.06516 0.61307 -0.78733 -0.0741 0.61134 -0.78789 -0.06704 0.61019 -0.78941 -0.07753 0.60856 -0.78971 -0.07113 0.60792 -0.79081 -0.08382 0.60626 -0.79084 -0.07862 0.60651 -0.79118 -0.10054 0.60366 -0.79088 -0.08535 0.60499 -0.79164 0.01099 0.10389 -0.99453 0.03126 0.09768 -0.99473 0.0198 0.13799 -0.99024 0.03254 0.13089 -0.99086 0.02057 0.17203 -0.98488 0.03386 0.16494 -0.98572 0.01819 0.21745 -0.9759 0.03125 0.21085 -0.97702 0.01167 0.27441 -0.96154 0.02353 0.26881 -0.96291 0.00062 0.34036 -0.94029 0.01024 0.3362 -0.94174 0.00713 0.06519 -0.99785 0.0266 0.06609 -0.99746 0.01409 0.07181 -0.99732 0.03566 0.07343 -0.99666 0.02261 0.08031 -0.99651 0.04266 0.08252 -0.99568 0.02926 0.09001 -0.99551 0.03938 0.09152 -0.99502 0.03534 0.09573 -0.99478 0.04892 0.09822 -0.99396 0.03852 0.11461 -0.99266 -0.01418 0.26241 -0.96485 -0.09385 0.26397 -0.95995 -0.0851 0.20243 -0.97559 0.04133 0.09468 -0.99465 -0.06252 0.09785 -0.99324 -0.10891 0.11784 -0.98704 -0.02253 0.12703 -0.99164 -0.21112 0.14588 -0.96651 -0.03922 0.16085 -0.9862 -0.16807 0.20288 -0.96467 -0.05652 0.0548 -0.9969 -0.02226 0.05544 -0.99821 -0.03796 0.05622 -0.9977 -0.00866 0.05697 -0.99834 -0.00839 0.05687 -0.99835 0.01797 0.05802 -0.99815 0.00934 0.06221 -0.99802 0.02762 0.06345 -0.9976 0.01876 0.06842 -0.99748 0.03548 0.07005 -0.99691 0.02653 0.0754 -0.9968 0.03581 0.07659 -0.99642 0.03352 0.0791 -0.9963 0.04583 0.081 -0.99566 0.03929 0.0918 -0.995 -0.10335 0.05349 -0.99321 -0.08558 0.0535 -0.99489 -0.093 0.06945 -0.99324 -0.0333 0.03159 -0.99895 -0.04632 0.0643 -0.99686 -0.02273 0.04628 -0.99867 -0.09571 0.29575 -0.95046 -0.0521 0.32337 -0.94484 -0.04192 0.26539 -0.96323 -0.04857 0.26567 -0.96284 -0.03852 0.20702 -0.97758 -0.04576 0.20738 -0.97719 -0.03795 0.16087 -0.98625 -0.04526 0.16128 -0.98587 -0.03957 0.12676 -0.99114 -0.04652 0.12718 -0.99079 -0.04109 0.09366 -0.99476 -0.05313 0.09395 -0.99416 -0.01884 0.09645 -0.99516 -0.00278 0.09488 -0.99548 -0.01074 0.12987 -0.99147 -0.00126 0.12801 -0.99177 -0.00962 0.16397 -0.98642 0.00031 0.16211 -0.98677 -0.01108 0.20994 -0.97765 -0.00128 0.20822 -0.97808 -0.01591 0.26796 -0.9633 -0.00695 0.26651 -0.96381 -0.01959 0.3165 -0.94839 -0.05624 0.31563 -0.94721 -0.05059 0.31449 -0.94791 -0.03283 0.038 -0.99874 -0.00304 0.03922 -0.99923 -0.0187 0.04252 -0.99892 0.00886 0.04375 -0.999 -0.00617 0.04699 -0.99888 0.0193 0.04817 -0.99865 0.00522 0.05124 -0.99867 0.02946 0.05234 -0.99819 0.01666 0.05512 -0.99834 -0.19169 0.96578 -0.17469 -0.0499 0.88083 -0.47079 -0.13095 0.93018 -0.34296 -0.03121 0.88 -0.47395 -0.0074 0.84883 -0.52861 -0.06142 0.91532 -0.39802 -0.10461 0.9558 -0.27478 -0.13606 0.97712 -0.16348 -0.21652 0.97179 -0.09347 -0.21103 0.97252 -0.09832 -0.20315 0.97308 -0.10881 -0.08809 0.97613 -0.19851 -0.0822 0.97487 -0.20704 -0.02249 0.92101 -0.3889 -0.00487 0.87419 -0.48556 -0.00567 0.87668 -0.48104 -0.00894 0.88682 -0.46204 -0.0138 0.90257 -0.43033 -0.01924 0.92098 -0.38914 -0.02478 0.94135 -0.33652 -0.02853 0.95976 -0.27938 -0.02771 0.96541 -0.25926 -0.12981 0.97748 -0.16638 -0.123 0.97671 -0.17583 -0.06517 0.94205 -0.32908 -0.05567 0.93037 -0.36238 -0.08052 0.96091 -0.2649 0.02288 0.95516 -0.29519 0.02406 0.93308 -0.35887 0.06246 0.93414 -0.35139 0.06013 0.93279 -0.35537 0.06517 0.94108 -0.33186 0.04666 0.9491 -0.3115 0.05118 0.94529 -0.32218 0.04174 0.92904 -0.36762 0.06061 0.94328 -0.32641 0.06441 0.94197 -0.32945 -0.02456 0.96767 -0.25102 -0.01651 0.96434 -0.26415 0.00277 0.92114 -0.38921 0.00242 0.91237 -0.40936 0.00457 0.92828 -0.37185 0.00734 0.94188 -0.33588 0.01445 0.95881 -0.28368 0.01865 0.95772 -0.28709 0.0045 0.89665 -0.44273 0.00457 0.89933 -0.43724 -0.01853 0.91257 -0.4085 -0.01901 0.91379 -0.40575 -0.05532 0.93126 -0.36013 -0.05563 0.93166 -0.35905 -0.1004 0.94829 -0.30111 0.07414 0.93696 -0.34148 0.07498 0.93545 -0.34543 0.06706 0.93051 -0.36006 0.07696 0.93385 -0.34927 0.07837 0.93332 -0.3504 0.07845 0.93303 -0.35114 0.0745 0.93082 -0.35781 0.05174 0.91088 -0.40943 0.08079 0.9218 -0.37915 0.07701 0.93151 -0.35548 0.07779 0.9312 -0.3561 0.07801 0.92995 -0.35933 0.07537 0.92934 -0.36145 0.08146 0.92695 -0.36623 0.11879 0.9013 -0.41659 0.13491 0.89882 -0.41704 0.24961 0.92573 -0.28411 0.25456 0.92332 -0.28754 0.2433 0.91264 -0.32846 0.2411 0.91178 -0.33245 0.11897 0.8457 -0.52023 0.09464 0.91905 -0.38261 0.09774 0.91773 -0.38498 0.09746 0.91271 -0.39682 0.10729 0.90813 -0.4047 0.11703 0.90777 -0.40281 0.11859 0.90705 -0.40397 -0.0593 0.86071 -0.50563 -0.0482 0.86592 -0.49786 -0.06219 0.87681 -0.47681 -0.04976 0.88211 -0.4684 -0.0428 0.87693 -0.47871 -0.03241 0.88212 -0.4699 -0.02305 0.87515 -0.48331 0.24074 0.92847 -0.28282 0.24742 0.92528 -0.28748 0.10282 0.85655 -0.50572 0.12061 0.84674 -0.51816 0.05429 0.79453 -0.6048 -0.02792 0.8773 -0.47913 -0.01867 0.88133 -0.47213 -0.03304 0.89082 -0.45314 -0.02252 0.89499 -0.44551 -0.01694 0.89145 -0.4528 -0.00832 0.89549 -0.445 -0.00148 0.89113 -0.45374 -0.00751 0.8874 -0.46093 -0.00021 0.88234 -0.47061 0.00498 0.88635 -0.46299 0.00876 0.88376 -0.46786 0.01192 0.88752 -0.46062 -0.09581 0.93006 -0.3547 -0.13634 0.95693 -0.25629 -0.09429 0.94548 -0.31173 -0.0642 0.91476 -0.39887 -0.02542 0.89153 -0.45224 -0.02508 0.89094 -0.45342 -0.00342 0.8759 -0.48249 -0.00241 0.87255 -0.48852 0.00655 0.86568 -0.50055 0.00621 0.8613 -0.50805 0.00433 0.86282 -0.50549 0.01282 0.89137 -0.4531 0.01135 0.8879 -0.4599 0.02313 0.92531 -0.3785 0.03656 0.94517 -0.32454 -0.07173 0.76517 -0.63982 -0.06688 0.77176 -0.63239 -0.05131 0.7847 -0.61774 -0.05278 0.73308 -0.67809 -0.05013 0.73737 -0.67363 -0.03127 0.7553 -0.65463 -0.02899 0.75851 -0.65102 0.00073 0.78549 -0.61887 0.08675 0.88156 -0.46403 0.01137 0.83494 -0.55023 0.01469 0.83699 -0.54703 -0.02282 0.80953 -0.58663 -0.01823 0.81256 -0.58259 -0.04686 0.78998 -0.61134 -0.07063 0.81575 -0.57408 -0.0818 0.80796 -0.58353 -0.10208 0.82995 -0.54842 0.05526 0.89159 -0.44946 -0.01073 0.85711 -0.51503 -0.00444 0.86038 -0.50964 -0.04363 0.83647 -0.54627 -0.03594 0.84076 -0.54022 -0.06321 0.82288 -0.56469 -0.08584 0.84508 -0.5277 -0.0837 0.84597 -0.52662 -0.09679 0.85824 -0.50404 -0.07864 0.86255 -0.49982 -0.07344 0.8579 -0.50854 -0.05814 0.86223 -0.50318 -0.04982 0.85482 -0.51652 -0.0377 0.85924 -0.51019 -0.02925 0.85173 -0.52316 -0.02021 0.85626 -0.51615 -0.01226 0.84923 -0.52789 -0.0061 0.85385 -0.52048 0.00187 0.84685 -0.53182 0.0016 0.84634 -0.53264 0.0069 0.8416 -0.54006 0.00764 0.84689 -0.53172 0.00576 0.84852 -0.52914 0.00476 0.85279 -0.52223 -0.00794 0.86308 -0.50501 -0.0086 0.86447 -0.50261 -0.03025 0.88061 -0.47288 -0.03015 0.88048 -0.47313 -0.06162 0.90124 -0.42892 0.23317 0.92881 -0.288 0.2269 0.92578 -0.30239 0.09178 0.86362 -0.49571 0.10396 0.85717 -0.50443 0.03912 0.80857 -0.5871 0.05431 0.79454 -0.60478 0.01776 0.76138 -0.64806 -0.15998 0.48986 -0.857 -0.05971 0.60937 -0.79063 0.34989 0.88343 -0.31166 0.05349 0.67758 -0.73351 0.40566 0.8558 -0.321 0.41753 0.84862 -0.32482 0.30002 0.77208 -0.56024 0.28019 0.78598 -0.55111 0.32236 0.80557 -0.49713 0.404 0.83583 -0.37172 0.46319 0.81898 -0.33872 0.46922 0.8204 -0.32676 0.21 0.78526 -0.58246 0.36815 0.87372 -0.31792 0.34569 0.84939 -0.3988 0.21576 0.78849 -0.57596 0.2415 0.76604 -0.5957 0.21796 0.75163 -0.62253 0.23359 0.73611 -0.63528 0.11179 0.64618 -0.75496 0.33855 0.74818 -0.57063 0.30212 0.73023 -0.61278 0.29143 0.74024 -0.60589 0.32587 0.75593 -0.56778 0.31456 0.76445 -0.56273 0.48182 0.81085 -0.33222 0.47838 0.80788 -0.34423 0.43581 0.79317 -0.42539 0.46406 0.79538 -0.38989 0.49564 0.80424 -0.32794 0.50806 0.79428 -0.33316 0.51969 0.76589 -0.37861 0.19779 0.6169 -0.76179 0.2972 0.6854 -0.66475 0.37099 0.72313 -0.58262 0.54208 0.7724 -0.33097 0.55501 0.76092 -0.3361 0.54175 0.74813 -0.38316 0.49477 0.74369 -0.44958 0.50569 0.74063 -0.44243 0.47228 0.77763 -0.41501 0.36079 0.73171 -0.5783 0.32251 0.71309 -0.62249 0.28888 0.69497 -0.65845 0.17395 0.63047 -0.75647 0.45202 0.82835 -0.33092 0.4392 0.81688 -0.3739 0.26776 0.75682 -0.59626 0.27917 0.74661 -0.60385 0.24751 0.72896 -0.63824 0.25656 0.71946 -0.64541 0.146 0.64064 -0.75384 0.26924 0.71229 -0.64819 0.27776 0.70291 -0.6548 0.34909 0.73978 -0.57521 0.31206 0.72332 -0.61598 0.49535 0.78285 -0.37653 0.48036 0.78153 -0.39808 -0.00476 0.6617 -0.74976 -0.00538 0.66087 -0.75048 0.02164 0.68686 -0.72647 0.02031 0.68523 -0.72804 0.01212 0.63623 -0.77141 0.02859 0.64594 -0.76285 0.04018 0.62833 -0.77691 0.06205 0.64119 -0.76487 0.07604 0.61987 -0.78101 0.12427 0.53472 -0.83584 0.12839 0.5365 -0.83408 0.11563 0.55931 -0.82086 0.11761 0.56021 -0.81996 0.10514 0.58167 -0.8066 0.10505 0.58163 -0.80664 0.09263 0.60216 -0.79298 0.09105 0.60136 -0.79377 0.07804 0.62201 -0.77911 0.04379 0.5951 -0.80246 0.03051 0.61679 -0.78654 0.17857 0.57337 -0.7996 0.18113 0.57482 -0.79798 0.16763 0.59655 -0.78488 0.16841 0.597 -0.78436 0.15503 0.6177 -0.77098 0.15399 0.61708 -0.77169 0.14045 0.63718 -0.75781 0.13807 0.63571 -0.75948 0.12394 0.65582 -0.74467 0.12077 0.6538 -0.74697 0.10535 0.67481 -0.73043 0.10168 0.67235 -0.73322 0.08379 0.69563 -0.7135 0.08004 0.69291 -0.71657 0.06431 0.7126 -0.69861 -0.00536 0.65994 -0.7513 0.04958 0.72529 -0.68665 0.1422 0.83217 -0.53598 0.07356 0.77747 -0.6246 0.07268 0.77681 -0.62552 0.03508 0.74239 -0.66905 0.03471 0.7421 -0.66939 0.00203 0.70987 -0.70433 0.00224 0.71001 -0.70419 -0.02202 0.68517 -0.72805 -0.02134 0.68553 -0.72773 -0.09088 0.90933 -0.40604 -0.03126 0.8698 -0.49241 -0.14438 0.94519 -0.29287 -0.10321 0.90995 -0.40168 -0.01963 0.85207 -0.52306 -0.16738 0.95066 -0.2612 -0.10959 0.93091 -0.34843 -0.00773 0.83491 -0.55033 -0.01108 0.84501 -0.53463 0.00991 0.82646 -0.56291 0.00529 0.83959 -0.54319 0.00555 0.83813 -0.54545 0.01185 0.83245 -0.55397 0.01185 0.82808 -0.56048 0.00978 0.83003 -0.55763 0.00726 0.82547 -0.5644 0.00086 0.83162 -0.55534 -0.00459 0.82724 -0.56183 -0.01241 0.83485 -0.55035 -0.02102 0.83079 -0.55618 -0.02906 0.83866 -0.54387 -0.04104 0.83497 -0.54876 -0.04863 0.84244 -0.53659 -0.06416 0.83908 -0.54021 -0.07091 0.84577 -0.52882 -0.09011 0.84267 -0.53084 -0.09318 0.84574 -0.52539 -0.11557 0.84281 -0.52565 -0.09695 0.82306 -0.55962 -0.11762 0.82043 -0.55952 -0.09086 0.78921 -0.60736 -0.10624 0.78726 -0.6074 -0.07852 0.75186 -0.65463 -0.08871 0.75062 -0.65476 -0.06407 0.71682 -0.69431 -0.07019 0.71616 -0.6944 -0.04385 0.67783 -0.73391 0.00676 0.59715 -0.8021 0.00475 0.59679 -0.80238 -0.0083 0.61819 -0.78599 -0.00993 0.61778 -0.78629 -0.02512 0.64183 -0.76643 -0.02522 0.6418 -0.76646 -0.04063 0.6655 -0.74529 -0.07596 0.66388 -0.74397 -0.036 0.70625 -0.70705 -0.03473 0.70852 -0.70483 -0.01336 0.73027 -0.68303 -0.01239 0.73179 -0.68142 0.01849 0.76196 -0.64736 -0.00158 0.78376 -0.62106 -0.01515 0.77152 -0.63603 0.02944 0.81956 -0.57224 0.09105 0.86324 -0.49651 -0.05548 0.96153 -0.26904 0.2342 0.92984 -0.28382 0.05697 0.48219 -0.87421 0.06455 0.48177 -0.87392 0.05067 0.50938 -0.85905 0.05527 0.50932 -0.8588 0.04239 0.53402 -0.84441 0.04415 0.53407 -0.84428 0.03215 0.55623 -0.83041 0.03189 0.55621 -0.83043 0.08582 0.50544 -0.85858 0.09114 0.50741 -0.85687 0.0786 0.53135 -0.8435 0.08161 0.53255 -0.84246 0.06946 0.55488 -0.82902 0.07022 0.55521 -0.82874 0.05831 0.57627 -0.81517 0.05746 0.57588 -0.81551 0.04518 0.59676 -0.80115 0.02023 0.5769 -0.81657 0.01875 0.57671 -0.81673 0.42067 0.67447 -0.60673 0.38016 0.65501 -0.65302 0.36906 0.66757 -0.64664 0.41134 0.68558 -0.60065 0.40098 0.69526 -0.59651 0.36047 0.67574 -0.64299 0.34975 0.68722 -0.63671 0.39161 0.70526 -0.59098 0.38145 0.71426 -0.5868 0.34053 0.63399 -0.69433 0.34081 0.63413 -0.69407 0.3321 0.64536 -0.68791 0.33232 0.64547 -0.6877 0.3238 0.6562 -0.68158 0.21739 0.59939 -0.77037 0.31521 0.66641 -0.67568 0.30689 0.67643 -0.66953 0.34148 0.69494 -0.63281 0.331 0.70567 -0.62647 0.51917 0.76586 -0.37937 0.53208 0.77783 -0.33446 0.57098 0.74909 -0.33593 0.57744 0.74299 -0.33841 0.56365 0.72908 -0.38826 0.56174 0.72901 -0.39114 0.58617 0.73731 -0.33583 0.59975 0.72396 -0.34087 0.59991 0.72283 -0.34296 0.40717 0.53342 -0.7414 0.39673 0.54988 -0.73501 0.4408 0.57252 -0.69131 0.42738 0.59063 -0.68447 0.63444 0.65621 -0.40851 0.651 0.6752 -0.34683 0.29262 0.90886 -0.29724 0.33053 0.88721 -0.32189 0.35699 0.89303 -0.27395 0.18558 0.80537 -0.56297 0.12286 0.76061 -0.63747 0.14262 0.7404 -0.65686 0.14727 0.74388 -0.65189 0.1692 0.72038 -0.67262 0.17363 0.72351 -0.66812 0.19208 0.70271 -0.68506 0.19604 0.70541 -0.68115 0.21269 0.68572 -0.69609 0.21604 0.68796 -0.69284 0.2318 0.66849 -0.70668 0.23398 0.66993 -0.70459 0.24935 0.65009 -0.71778 0.24999 0.6505 -0.71718 0.26535 0.62981 -0.73002 0.26468 0.62937 -0.73064 0.27634 0.61303 -0.74015 0.19216 0.55056 -0.81238 0.28261 0.60049 -0.74802 0.29075 0.58849 -0.75442 0.34942 0.62223 -0.70052 0.34899 0.62203 -0.70091 0.43147 0.6638 -0.61091 0.38559 0.6444 -0.66035 0.58594 0.7081 -0.39405 0.58536 0.70808 -0.39494 0.27618 0.91497 -0.29421 0.28927 0.90802 -0.30302 0.14075 0.83124 -0.53779 0.16311 0.8174 -0.55249 0.09146 0.76213 -0.64093 0.10527 0.7478 -0.65553 0.09451 0.73824 -0.66789 0.11241 0.71804 -0.68687 0.11649 0.72132 -0.68274 0.13652 0.69772 -0.70324 0.14062 0.70082 -0.69935 0.15767 0.67973 -0.71632 0.16129 0.68237 -0.71299 0.17678 0.66233 -0.72806 0.17945 0.66424 -0.72566 0.19417 0.64436 -0.73966 0.19583 0.64554 -0.73819 0.21022 0.62527 -0.75156 0.2103 0.62532 -0.75149 0.22468 0.60422 -0.76449 0.22312 0.60313 -0.7658 0.23775 0.5807 -0.77863 0.37678 0.58148 -0.72105 0.3128 0.5454 -0.77762 0.21323 0.49324 -0.84335 0.45281 0.63902 -0.62179 0.36684 0.59574 -0.7145 0.36722 0.59592 -0.71417 0.30581 0.56101 -0.76926 0.22416 0.45959 -0.85937 0.32213 0.53009 -0.78437 0.38653 0.56602 -0.72816 0.37624 0.58124 -0.72153 0.4194 0.60376 -0.67792 0.40674 0.61983 -0.6711 0.60918 0.68407 -0.40119 0.62464 0.7011 -0.34392 0.76339 0.62537 -0.16169 0.7625 0.62565 -0.16482 0.75223 0.63848 -0.16274 0.77053 0.61619 -0.1631 0.76449 0.61408 -0.19612 0.75498 0.61291 -0.23312 0.57819 0.65241 -0.48996 0.59977 0.61881 -0.5073 0.50138 0.57932 -0.64266 0.51272 0.56306 -0.64813 0.41759 0.51693 -0.74726 0.53778 0.5307 -0.6551 0.53664 0.53029 -0.65636 0.52568 0.54712 -0.65139 0.62434 0.656 -0.4241 0.62113 0.65388 -0.43203 0.48834 0.59484 -0.6385 0.4983 0.57815 -0.64609 0.40715 0.53341 -0.74142 0.41734 0.51683 -0.74747 0.64401 0.57221 -0.50777 0.64349 0.57207 -0.50859 0.63067 0.58845 -0.50594 0.63017 0.58832 -0.50671 0.61711 0.60435 -0.50393 0.77832 0.60667 -0.16175 0.78269 0.60081 -0.16258 0.77305 0.59689 -0.21477 0.78915 0.59285 -0.16053 0.79483 0.58493 -0.16157 0.80113 0.57677 -0.15977 0.80692 0.56835 -0.16078 0.8131 0.55998 -0.15903 0.81847 0.55185 -0.15992 0.78541 0.58071 -0.21427 0.65728 0.55561 -0.50919 0.6566 0.55543 -0.51026 0.54975 0.51402 -0.65845 0.54852 0.51359 -0.65981 0.44843 0.46719 -0.762 0.44762 0.46687 -0.76267 0.79632 0.56416 -0.21817 0.67035 0.53868 -0.51034 0.6696 0.53849 -0.51154 0.56176 0.49722 -0.66121 0.56024 0.4967 -0.66289 0.45859 0.4505 -0.76599 0.45764 0.45013 -0.76678 0.26498 0.40048 -0.87716 0.42752 0.50024 -0.75298 0.35677 0.46284 -0.81148 0.3478 0.47944 -0.80571 0.2438 0.42937 -0.8696 0.33951 0.49653 -0.79887 0.33003 0.51304 -0.79238 0.39688 0.54995 -0.73488 0.38639 0.56595 -0.72828 0.47596 0.6105 -0.63304 0.46338 0.62467 -0.62855 0.57628 0.67599 -0.45928 0.56762 0.6815 -0.46192 0.3055 0.34312 -0.88822 0.7458 0.64577 -0.16359 0.73636 0.64258 -0.21184 0.60361 0.61985 -0.50145 0.61683 0.60427 -0.50436 0.51356 0.56338 -0.64719 0.52475 0.54678 -0.65243 0.42787 0.50039 -0.75269 0.43755 0.48358 -0.75809 0.36532 0.4461 -0.81703 0.37382 0.42939 -0.82212 0.28531 0.37159 -0.88347 0.38283 0.41305 -0.82634 0.39086 0.39628 -0.83078 0.46755 0.43333 -0.77047 0.46879 0.43379 -0.76945 0.57202 0.47964 -0.66539 0.57355 0.48015 -0.6637 0.68241 0.52117 -0.51254 0.68333 0.5214 -0.51108 0.80939 0.54702 -0.21367 0.82464 0.54322 -0.15775 0.83461 0.52806 -0.15679 0.8404 0.51852 -0.15766 0.86191 0.47224 -0.18467 0.59697 0.4455 -0.6672 0.60643 0.42729 -0.67057 0.52275 0.39358 -0.75619 0.84737 0.50768 -0.15563 0.8564 0.49189 -0.1569 0.72133 0.46747 -0.51103 0.73219 0.44847 -0.51262 0.61991 0.41011 -0.66897 0.62891 0.39132 -0.67182 0.54329 0.35934 -0.75875 0.47277 0.38285 -0.79367 0.46968 0.38141 -0.7962 0.3104 0.30744 -0.89952 0.51076 0.40983 -0.75575 0.59503 0.4449 -0.66934 0.89054 0.42934 -0.15035 0.89687 0.41575 -0.15095 0.88494 0.41154 -0.21799 0.90221 0.40475 -0.14898 0.90585 0.39642 -0.14927 0.89692 0.3888 -0.21064 0.91124 0.38466 -0.1472 0.91962 0.36397 -0.14774 0.91649 0.36488 -0.16403 0.87207 0.46469 -0.15347 0.87798 0.4532 -0.15418 0.74565 0.42951 -0.50944 0.75606 0.40929 -0.51074 0.64258 0.37335 -0.66911 0.65122 0.35366 -0.67144 0.56385 0.32401 -0.75966 0.49213 0.3497 -0.79719 0.48829 0.34803 -0.80028 0.33773 0.28375 -0.89745 0.53103 0.37576 -0.75948 0.61765 0.40947 -0.67145 0.60845 0.42789 -0.66835 0.71995 0.46715 -0.51326 0.70877 0.48578 -0.51152 0.8328 0.51137 -0.21201 0.84066 0.51628 -0.16352 0.86361 0.47968 -0.15522 0.85523 0.47368 -0.21026 0.73349 0.44876 -0.5105 0.74412 0.42919 -0.51194 0.63127 0.39196 -0.66923 0.6401 0.37272 -0.67183 0.55123 0.34096 -0.76151 0.3617 0.25801 -0.89588 0.50693 0.31411 -0.80272 0.51157 0.31595 -0.79905 0.4685 0.2998 -0.83104 0.83404 0.52823 -0.15924 0.69628 0.50379 -0.51127 0.69511 0.5035 -0.51314 0.58529 0.4629 -0.6657 0.58356 0.46234 -0.66761 0.50198 0.42744 -0.75187 0.47709 0.41736 -0.77343 0.45742 0.40731 -0.79049 0.40016 0.38026 -0.83383 0.41136 0.35524 -0.8394 0.41376 0.35648 -0.83769 0.42793 0.32302 -0.84412 0.43114 0.32456 -0.84189 0.44439 0.29125 -0.84717 0.43023 0.28538 -0.85642 0.24752 0.55262 -0.79583 0.26363 0.52545 -0.80895 0.26068 0.52345 -0.8112 0.27782 0.49296 -0.8245 0.27514 0.49118 -0.82646 0.29248 0.45857 -0.83915 0.2906 0.45735 -0.84047 0.30704 0.42461 -0.85172 0.30596 0.42394 -0.85245 0.32147 0.39127 -0.8623 0.32119 0.3911 -0.86248 0.33577 0.35862 -0.871 0.33645 0.35901 -0.87058 0.35009 0.32687 -0.87784 0.35162 0.32769 -0.87692 0.36437 0.29593 -0.88298 0.36683 0.29715 -0.88155 0.3789 0.26536 -0.88658 0.38216 0.26685 -0.88473 0.93972 0.31146 -0.14114 0.93928 0.31161 -0.14368 0.93167 0.33375 -0.14352 0.91696 0.33841 -0.21133 0.92657 0.34688 -0.14543 0.92471 0.35182 -0.14535 0.9454 0.29377 -0.14113 0.9395 0.2882 -0.18515 0.93482 0.28555 -0.2111 0.95014 0.27921 -0.13883 0.95564 0.25988 -0.13865 0.69936 0.26956 -0.66199 0.69618 0.26908 -0.66553 0.68815 0.2917 -0.66435 0.68503 0.29117 -0.6678 0.67661 0.31354 -0.66626 0.43349 0.17287 -0.88442 0.70685 0.24712 -0.6628 0.61288 0.22561 -0.75728 0.60606 0.24637 -0.7563 0.4001 0.19912 -0.89458 0.59241 0.26561 -0.76059 0.58484 0.28644 -0.75889 0.67372 0.31298 -0.66944 0.66516 0.33447 -0.6676 0.95601 0.25974 -0.13631 0.96029 0.2436 -0.13606 0.95297 0.23676 -0.1892 0.96094 0.23358 -0.14846 0.96486 0.22626 -0.13362 0.96741 0.21523 -0.13337 0.97243 0.18176 -0.14612 0.96774 0.2151 -0.13121 0.97054 0.20231 -0.13086 0.96548 0.1973 -0.17008 0.97257 0.19379 -0.12863 0.97478 0.18264 -0.12827 0.73819 0.18907 -0.64756 0.73464 0.18884 -0.65165 0.72969 0.20678 -0.65176 0.72615 0.20649 -0.6558 0.72028 0.22646 -0.65567 0.53356 0.13466 -0.83497 0.74226 0.1734 -0.64729 0.64786 0.15891 -0.745 0.64394 0.17357 -0.74513 0.47946 0.15118 -0.86445 0.6316 0.18886 -0.75194 0.62613 0.20738 -0.75164 0.71683 0.22611 -0.65957 0.71012 0.24753 -0.65914 0.44563 0.14555 -0.88331 0.43915 0.14386 -0.88682 0.49945 0.15578 -0.85222 0.49235 0.15419 -0.85663 0.45915 0.12361 -0.87972 0.45215 0.12201 -0.88356 0.51391 0.13215 -0.8476 0.50634 0.13071 -0.85237 0.47669 0.18381 -0.85964 0.48308 0.18552 -0.85569 0.42463 0.17137 -0.889 0.4305 0.17317 -0.88582 0.3744 0.15938 -0.91347 0.38223 0.13281 -0.91447 0.38806 0.13439 -0.91178 0.39409 0.11274 -0.91213 0.40043 0.11424 -0.90918 0.20294 0.52304 -0.82779 0.1985 0.52065 -0.83038 0.21363 0.49284 -0.84349 0.20916 0.4905 -0.84597 0.22515 0.45961 -0.85911 0.2211 0.45759 -0.86124 0.23718 0.42484 -0.87365 0.23385 0.42325 -0.87531 0.24898 0.3908 -0.88616 0.24656 0.38972 -0.88731 0.2607 0.3578 -0.89667 0.25923 0.35719 -0.89734 0.27238 0.32594 -0.9053 0.27191 0.32576 -0.90551 0.28407 0.29536 -0.91217 0.28461 0.29555 -0.91195 0.29585 0.26605 -0.91744 0.29733 0.2665 -0.91683 0.30783 0.23754 -0.92131 0.31024 0.23817 -0.92034 0.32022 0.20926 -0.92394 0.23289 0.17786 -0.9561 0.2311 0.17781 -0.95654 0.22274 0.2028 -0.95355 0.22188 0.20274 -0.95377 0.2129 0.22852 -0.94997 0.213 0.22853 -0.94995 0.20324 0.25549 -0.94521 0.20436 0.25567 -0.94492 0.19363 0.28411 -0.93904 0.19583 0.28455 -0.93845 0.18406 0.31441 -0.93127 0.18733 0.31519 -0.93036 0.17453 0.34631 -0.92174 0.17888 0.34748 -0.92047 0.16502 0.3797 -0.91027 0.17033 0.38131 -0.90862 0.15544 0.41435 -0.89674 0.16157 0.41639 -0.89471 0.14666 0.44798 -0.88193 0.15323 0.45036 -0.8796 0.13898 0.4792 -0.86663 0.14539 0.48168 -0.8642 0.30069 0.09769 -0.9487 0.2956 0.09762 -0.95031 0.29072 0.11483 -0.94989 0.45981 0.21716 -0.86106 0.46549 0.21897 -0.85754 0.40925 0.20248 -0.88967 0.41426 0.20427 -0.88694 0.33737 0.18128 -0.92375 0.34581 0.15415 -0.92555 0.33005 0.14901 -0.93213 0.3374 0.12406 -0.93315 0.34253 0.1255 -0.93109 0.34818 0.1054 -0.93149 0.35383 0.10678 -0.9292 0.10504 0.45008 -0.88679 0.0971 0.44755 -0.88897 0.11091 0.41793 -0.90168 0.10278 0.41558 -0.90373 0.11707 0.38359 -0.91605 0.10937 0.3816 -0.91783 0.12355 0.34851 -0.92912 0.11668 0.34697 -0.93059 0.1298 0.3151 -0.94014 0.12397 0.31399 -0.9413 0.13599 0.28361 -0.94925 0.13126 0.28288 -0.95013 0.14221 0.25411 -0.95666 0.13861 0.25369 -0.9573 0.14851 0.22671 -0.96257 0.14601 0.22652 -0.963 0.15492 0.20135 -0.96719 0.15346 0.2013 -0.96743 0.16155 0.17768 -0.97074 0.16107 0.17768 -0.97082 0.16848 0.1553 -0.97339 0.16891 0.15528 -0.97332 0.1758 0.13379 -0.97529 0.07694 0.42062 -0.90397 0.06591 0.42213 -0.90413 0.08147 0.38754 -0.91824 0.07013 0.38956 -0.91833 0.08594 0.35305 -0.93165 0.07512 0.35543 -0.93168 0.09054 0.31845 -0.94361 0.08078 0.32099 -0.94363 0.09485 0.28599 -0.95353 0.08638 0.28852 -0.95357 0.09908 0.25581 -0.96164 0.09199 0.2582 -0.9617 0.10335 0.22793 -0.96818 0.09766 0.23007 -0.96826 0.10773 0.20236 -0.97337 0.10339 0.20418 -0.97346 0.11225 0.17903 -0.97742 0.10917 0.18047 -0.9775 0.117 0.15759 -0.98055 0.11506 0.15858 -0.98062 0.12201 0.13771 -0.98293 0.12113 0.1382 -0.98297 0.12734 0.11902 -0.98469 0.12746 0.11895 -0.98469 0.13282 0.10195 -0.98588 0.06005 0.39605 -0.91626 0.04703 0.40007 -0.91528 0.06378 0.36202 -0.92999 0.05039 0.36674 -0.92896 0.06707 0.32749 -0.94247 0.05424 0.33257 -0.94152 0.07026 0.29356 -0.95335 0.05858 0.29867 -0.95256 0.07306 0.26224 -0.96223 0.06281 0.26712 -0.96161 0.07575 0.23352 -0.9694 0.06702 0.23801 -0.96895 0.07849 0.20732 -0.97512 0.0713 0.2113 -0.97482 0.08136 0.18354 -0.97964 0.07564 0.18696 -0.97945 0.08441 0.16211 -0.98316 0.08005 0.16491 -0.98306 0.0877 0.14265 -0.98588 0.08457 0.14479 -0.98584 0.09125 0.12487 -0.98797 0.08923 0.12633 -0.98797 0.0951 0.10843 -0.98954 0.0941 0.1092 -0.98956 0.09908 0.09362 -0.99067 0.09901 0.09368 -0.99067 0.103 0.08091 -0.99139 0.03884 0.46355 -0.88522 0.0479 0.46158 -0.88581 0.03251 0.49296 -0.86945 0.03824 0.49198 -0.86977 0.02422 0.51951 -0.85412 0.0268 0.5192 -0.85423 0.01419 0.54303 -0.8396 0.01449 0.543 -0.83961 0.00269 0.56445 -0.82546 0.00165 0.56447 -0.82545 -0.0101 0.585 -0.81097 -0.01168 0.58495 -0.81099 -0.02407 0.60578 -0.79527 -0.02519 0.60566 -0.79532 -0.0393 0.62863 -0.77671 -0.03871 0.62874 -0.77665 -0.05982 0.662 -0.74711 -0.0549 0.66335 -0.74629 -0.08029 0.70171 -0.70793 -0.07291 0.70131 -0.70912 -0.09735 0.73633 -0.66959 -0.08535 0.73604 -0.67153 -0.11325 0.7735 -0.6236 -0.0954 0.7735 -0.62658 -0.12303 0.8076 -0.57675 -0.09924 0.80803 -0.58072 -0.12003 0.83147 -0.54245 -0.09423 0.83229 -0.54628 -0.09396 0.83199 -0.54677 -0.07164 0.83316 -0.54838 -0.06744 0.82876 -0.55553 -0.0491 0.83037 -0.55505 -0.04371 0.82479 -0.56375 -0.0292 0.82693 -0.56155 -0.02293 0.82048 -0.57121 -0.01211 0.82319 -0.56763 -0.00544 0.81639 -0.57747 0.00189 0.81967 -0.57283 0.00807 0.81344 -0.58159 0.0121 0.8172 -0.57623 0.01569 0.81364 -0.58116 0.01676 0.8176 -0.57555 0.01391 0.82033 -0.57172 0.01319 0.81655 -0.57713 -0.00911 0.85245 -0.52274 -0.03142 0.87004 -0.49197 -0.06207 0.90169 -0.4279 -0.11627 0.93028 -0.34793 -0.14597 0.94865 -0.28063 -0.18575 0.9643 -0.18875 -0.13571 0.95665 -0.25768 -0.08929 0.9292 -0.35863 -0.03291 0.8553 -0.51708 -0.03277 0.8553 -0.5171 -0.00301 0.82959 -0.55837 -0.08278 0.87946 -0.46871 -0.06352 0.85848 -0.50889 -0.17576 0.93985 -0.29288 -0.08366 0.89001 -0.4482 -0.03642 0.855 -0.51735 -0.03503 0.85259 -0.52141 0.00145 0.82045 -0.57172 0.00057 0.81949 -0.5731 0.00097 0.81758 -0.57581 -0.03779 0.85251 -0.52134 -0.0409 0.85407 -0.51855 -0.08497 0.88817 -0.45159 -0.08598 0.88871 -0.45033 -0.13503 0.91974 -0.36856 0.03067 0.4502 -0.8924 0.03425 0.44895 -0.8929 0.01967 0.47953 -0.8773 0.02903 0.47197 -0.88113 0.01104 0.50847 -0.86101 0.01558 0.50511 -0.86291 0.00095 0.53361 -0.84573 0.00206 0.53285 -0.8462 -0.0103 0.55598 -0.83113 -0.01122 0.55654 -0.83074 -0.02255 0.57691 -0.81649 -0.02425 0.57782 -0.8158 -0.03557 0.59743 -0.80113 -0.03646 0.59784 -0.80079 -0.04935 0.61947 -0.78347 -0.04781 0.61887 -0.78404 -0.06781 0.65147 -0.75564 -0.06005 0.64913 -0.75831 -0.086 0.68993 -0.71875 -0.0735 0.68202 -0.72763 -0.10122 0.72372 -0.68263 -0.08145 0.7125 -0.69692 -0.11508 0.76037 -0.63922 -0.08643 0.74612 -0.66017 -0.12298 0.79455 -0.59462 -0.08559 0.77848 -0.62181 -0.11919 0.8196 -0.56039 -0.07883 0.80434 -0.58892 -0.09328 0.82104 -0.56319 -0.05745 0.8078 -0.58666 -0.06696 0.81853 -0.57054 -0.03641 0.8074 -0.58888 -0.04337 0.81513 -0.57765 -0.01803 0.80615 -0.59143 -0.02265 0.81121 -0.58432 -0.00241 0.80442 -0.59406 -0.00501 0.80722 -0.59022 0.01023 0.80265 -0.59637 0.00903 0.80392 -0.59467 0.01947 0.80151 -0.59766 0.01813 0.80292 -0.59581 0.0239 0.80259 -0.59605 0.01746 0.80911 -0.5874 0.01894 0.81034 -0.58565 -0.00481 0.83271 -0.55369 -0.00406 0.83423 -0.5514 -0.04154 0.86538 -0.4994 -0.0415 0.865 -0.50006 -0.14903 0.93025 -0.3353 -0.11422 0.92226 -0.36931 0.05373 0.37618 -0.92499 0.03925 0.38269 -0.92304 0.05714 0.34114 -0.93827 0.04224 0.34852 -0.93635 0.05967 0.30664 -0.94995 0.04537 0.31436 -0.94822 0.06183 0.2735 -0.95988 0.04878 0.2811 -0.95844 0.0635 0.24343 -0.96784 0.05198 0.2506 -0.9667 0.06501 0.21625 -0.97417 0.05512 0.22277 -0.97331 0.06656 0.19175 -0.97918 0.05833 0.19749 -0.97857 0.0683 0.1697 -0.98313 0.06163 0.17464 -0.9827 0.07024 0.15001 -0.98619 0.06501 0.15411 -0.98591 0.07246 0.13228 -0.98856 0.06852 0.13551 -0.9884 0.07496 0.11622 -0.99039 0.07218 0.11861 -0.99031 0.07775 0.10155 -0.99179 0.07603 0.1031 -0.99176 0.0807 0.08844 -0.99281 0.07992 0.08917 -0.9928 0.08365 0.07722 -0.9935 0.08365 0.07722 -0.9935 0.08639 0.06823 -0.99392 0.0503 0.19608 -0.9793 0.04745 0.2037 -0.97788 0.05015 0.22153 -0.97386 0.04677 0.23032 -0.97199 0.04979 0.25017 -0.96692 0.0455 0.26105 -0.96425 0.04881 0.28238 -0.95806 0.04365 0.2951 -0.95447 0.04716 0.31685 -0.9473 0.04062 0.33245 -0.94224 0.04416 0.35306 -0.93456 0.03553 0.37296 -0.92717 0.02767 0.40319 -0.9147 0.04024 0.3751 -0.92611 0.03677 0.3569 -0.93342 0.04623 0.33498 -0.94109 0.04255 0.31385 -0.94852 0.04932 0.29761 -0.95341 0.04569 0.27525 -0.96029 0.05055 0.26322 -0.96341 0.04715 0.24124 -0.96932 0.05079 0.23199 -0.97139 0.0477 0.21148 -0.97622 0.05026 0.20482 -0.97751 0.04752 0.18632 -0.98134 0.04844 0.18385 -0.98176 0.0511 0.35665 -0.93284 0.0354 0.36546 -0.93016 0.05435 0.32049 -0.94569 0.0382 0.33032 -0.9431 0.05627 0.28604 -0.95656 0.04075 0.29618 -0.95426 0.05751 0.25382 -0.96554 0.04332 0.26368 -0.96364 0.05813 0.22514 -0.97259 0.04557 0.23437 -0.97108 0.05856 0.19962 -0.97812 0.04772 0.20798 -0.97697 0.05902 0.17694 -0.98245 0.04992 0.18429 -0.9816 0.0597 0.15671 -0.98584 0.05225 0.16304 -0.98523 0.06064 0.13882 -0.98846 0.0547 0.14411 -0.98805 0.06191 0.12281 -0.9905 0.05732 0.12708 -0.99024 0.06349 0.10844 -0.99207 0.0601 0.11171 -0.99192 0.06538 0.09542 -0.99329 0.06306 0.09774 -0.99321 0.06747 0.08386 -0.99419 0.0661 0.08528 -0.99416 0.0696 0.07399 -0.99483 0.06903 0.0746 -0.99482 0.07163 0.06607 -0.99524 0.07167 0.06602 -0.99524 0.07409 0.05792 -0.99557 0.60945 0.71693 -0.33849 0.44113 0.6513 -0.61743 0.39742 0.63031 -0.66691 0.35763 0.60929 -0.70772 0.35819 0.60955 -0.70721 0.29708 0.57455 -0.76265 0.20367 0.52417 -0.8269 0.25045 0.55465 -0.7935 0.23528 0.57898 -0.78066 0.18863 0.54813 -0.81484 0.19238 0.55021 -0.81256 0.1318 0.50801 -0.85121 0.1374 0.51031 -0.84894 0.09174 0.47746 -0.87385 0.09873 0.47987 -0.87177 0.0618 0.45301 -0.88936 0.07158 0.45206 -0.88911 0.04346 0.43239 -0.90064 0.05504 0.42934 -0.90147 0.03567 0.41669 -0.90835 0.04856 0.41151 -0.91011 0.03156 0.40142 -0.91535 0.04555 0.39426 -0.91787 0.03885 0.39075 -0.91968 0.02321 0.42537 -0.90472 0.03147 0.421 -0.90652 0.0119 0.46282 -0.88637 0.02306 0.45236 -0.89154 0.00123 0.49733 -0.86756 0.00694 0.49237 -0.87036 -0.01017 0.52611 -0.85035 -0.00833 0.52464 -0.85128 -0.022 0.55047 -0.83456 -0.02247 0.55081 -0.83433 -0.03415 0.57201 -0.81954 -0.03546 0.57287 -0.81888 -0.04619 0.59163 -0.80489 -0.0465 0.59181 -0.80474 -0.05817 0.61163 -0.789 -0.05576 0.6104 -0.79012 -0.07329 0.63947 -0.76532 -0.06403 0.63542 -0.76951 -0.08706 0.6726 -0.73487 -0.07248 0.66165 -0.7463 -0.09825 0.7019 -0.70547 -0.07528 0.68595 -0.72374 -0.10761 0.73439 -0.67015 -0.07417 0.71324 -0.69699 -0.11142 0.7661 -0.63299 -0.06746 0.74098 -0.66813 -0.10632 0.7927 -0.60027 -0.05815 0.76761 -0.63828 -0.08157 0.79714 -0.59826 -0.03837 0.77504 -0.63074 -0.05674 0.79749 -0.60066 -0.01943 0.77855 -0.62729 -0.03475 0.79678 -0.60326 -0.00324 0.78093 -0.62461 -0.01568 0.7954 -0.60588 0.01014 0.7826 -0.62245 0.00029 0.79381 -0.60817 0.02054 0.78401 -0.6204 0.01281 0.79262 -0.60958 0.02757 0.78581 -0.61785 0.02068 0.7933 -0.60848 0.03012 0.78939 -0.61315 0.01997 0.80004 -0.59962 0.02409 0.79886 -0.60103 0.00122 0.82126 -0.57056 0.00384 0.82013 -0.57217 -0.02727 0.84787 -0.5295 -0.03721 0.85245 -0.52148 -0.0549 0.87241 -0.48568 -0.09585 0.90044 -0.42429 -0.17984 0.94723 -0.26534 -0.15073 0.93644 -0.31681 0.40001 0.11236 -0.9096 -0.30169 0.95304 -0.02656 -0.30368 0.95252 -0.02204 -0.36803 -0.21309 0.90507 0.97631 0.17585 -0.12608 0.97691 0.17257 -0.12596 0.96771 0.16384 -0.19157 0.97614 0.14368 -0.1628 0.97429 0.14405 -0.17325 0.98106 0.15097 -0.12137 0.97937 0.16128 -0.12178 0.79675 0.14908 -0.58563 0.6589 0.14762 -0.73761 0.66253 0.13268 -0.73719 0.40748 0.09113 -0.90866 0.98369 0.13643 -0.11718 0.98411 0.13349 -0.11706 0.9791 0.12802 -0.15801 0.98748 0.11369 -0.10934 0.98265 0.11527 -0.14528 0.98638 0.11956 -0.11296 0.98552 0.12619 -0.11325 0.80049 0.13117 -0.58482 0.80689 0.13165 -0.57584 0.80961 0.11746 -0.5751 0.81579 0.11783 -0.56621 0.81772 0.10696 -0.56559 0.98812 0.10828 -0.1091 0.98727 0.10719 -0.11749 0.98495 0.10498 -0.13734 0.98902 0.10341 -0.10554 0.98946 0.09931 -0.10535 0.98738 0.09673 -0.1254 0.7187 0.08924 -0.68957 0.74485 0.11161 -0.65783 0.75215 0.11211 -0.64938 0.75409 0.10198 -0.64881 0.76114 0.10237 -0.64046 0.763 0.09191 -0.63983 0.99115 0.08892 -0.09859 0.98895 0.09002 -0.11778 0.99053 0.09201 -0.10188 0.99018 0.09551 -0.10204 0.99196 0.0831 -0.09545 0.98965 0.08463 -0.11591 0.99073 0.08523 -0.10577 0.99141 0.08612 -0.09846 0.8237 0.10724 -0.5568 0.8251 0.09879 -0.55628 0.74125 0.09041 -0.66511 0.83732 0.09335 -0.53868 0.83799 0.08884 -0.5384 0.74589 0.17357 -0.64306 0.74923 0.15998 -0.6427 0.78562 0.1688 -0.59523 0.79025 0.14849 -0.59451 0.73099 0.14128 -0.6676 0.7347 0.12434 -0.66689 0.6821 0.11843 -0.7216 0.68482 0.10567 -0.72101 0.53734 0.08638 -0.83893 0.70221 0.0975 -0.70526 0.70402 0.08797 -0.70471 0.77636 0.09301 -0.62339 0.77772 0.08477 -0.62287 0.79745 0.08567 -0.59727 0.84877 0.08581 -0.52176 0.51829 0.07113 -0.85224 0.99213 0.08117 -0.09536 0.99009 0.07867 -0.11632 0.98467 0.07927 -0.15537 0.98519 0.07324 -0.15505 0.75956 0.07729 -0.64583 0.74762 0.07723 -0.65962 0.74727 0.07946 -0.65975 0.73436 0.07922 -0.67412 0.73373 0.08304 -0.67435 0.71996 0.08211 -0.68914 0.79008 0.08554 -0.607 0.7908 0.08085 -0.60671 0.80228 0.08098 -0.59143 0.8027 0.07808 -0.59126 0.59115 0.0732 -0.80323 0.59068 0.07567 -0.80335 0.57587 0.07452 -0.81414 0.54188 0.07174 -0.83739 0.51538 0.07027 -0.85407 0.57828 0.07312 -0.81255 -0.61098 -0.07134 0.78843 0.87574 0.07558 -0.47683 0.9076 0.07492 -0.41309 0.91364 0.0746 -0.39962 0.83244 0.07461 -0.54906 0.87593 0.07394 -0.47674 0.88306 0.07361 -0.46344 0.91385 0.07259 -0.39951 0.91933 0.07222 -0.38679 0.56604 0.07266 -0.82117 0.54189 0.0717 -0.83738 0.60294 0.07346 -0.79439 0.57839 0.07256 -0.81253 0.70652 0.07504 -0.70371 0.75975 0.07598 -0.64576 0.71022 0.07518 -0.69995 0.71005 0.07628 -0.70001 0.65305 0.07548 -0.75355 0.68324 0.07724 -0.72609 0.68266 0.08055 -0.72628 0.6682 0.07951 -0.73972 0.66705 0.0857 -0.74007 0.65174 0.08432 -0.75374 0.64902 0.09782 -0.75446 0.63304 0.09603 -0.76814 0.6276 0.12051 -0.76916 0.61145 0.11825 -0.78239 0.60453 0.14618 -0.78305 0.59666 0.14474 -0.78933 0.58912 0.1726 -0.7894 0.58158 0.17098 -0.79532 0.57124 0.20589 -0.79454 0.56427 0.2041 -0.79996 0.55157 0.24319 -0.79789 0.54542 0.2413 -0.80268 0.41612 0.06606 -0.90691 0.43948 0.06774 -0.89569 0.35509 0.06329 -0.93269 0.37552 0.06532 -0.92451 0.29594 0.06094 -0.95326 0.31304 0.06278 -0.94766 0.31253 0.06507 -0.94768 0.32835 0.06659 -0.94221 0.43925 0.06887 -0.89572 0.46083 0.07012 -0.88471 0.37521 0.06682 -0.92453 0.41401 0.07019 -0.90756 0.37542 0.06773 -0.92438 0.17893 0.05664 -0.98223 0.17783 0.06118 -0.98216 0.20292 0.0706 -0.97665 0.16733 0.06291 -0.98389 0.80019 0.07363 -0.59521 0.83262 0.07319 -0.54899 0.84862 0.0727 -0.52398 0.88327 0.0717 -0.46334 0.89578 0.07107 -0.43878 0.91956 0.0699 -0.38667 0.92901 0.06919 -0.36354 0.77233 0.07241 -0.63109 0.8004 0.072 -0.59513 0.8167 0.0715 -0.57262 0.84886 0.07066 -0.52388 0.86257 0.07003 -0.50107 0.89603 0.06858 -0.43867 0.90656 0.06786 -0.41659 0.92927 0.06634 -0.36341 0.93715 0.06559 -0.34271 0.85861 0.08204 -0.50602 0.85908 0.0784 -0.5058 0.81326 0.07804 -0.57664 0.81351 0.07622 -0.57653 0.77094 0.07591 -0.63237 0.77105 0.07511 -0.63233 0.73347 0.07486 -0.67558 0.73356 0.07426 -0.67555 0.70888 0.07416 -0.70141 0.70902 0.07321 -0.70137 0.68571 0.0732 -0.72419 0.68595 0.07153 -0.72413 0.64596 0.07153 -0.76001 0.64328 0.07423 -0.76202 0.64332 0.07396 -0.76201 0.60297 0.07334 -0.79439 0.62522 0.07392 -0.77694 0.566 0.07287 -0.82118 0.58812 0.07353 -0.80543 0.53819 0.0725 -0.8397 0.53813 0.07286 -0.83971 0.4996 0.07216 -0.86325 0.35689 0.0703 -0.9315 0.32793 0.06858 -0.94221 0.40821 0.07105 -0.91012 0.37503 0.06966 -0.92439 0.45004 0.07176 -0.89012 0.41397 0.07036 -0.90756 0.48543 0.07221 -0.87129 0.46066 0.07098 -0.88473 0.51668 0.07245 -0.85311 0.51683 0.07159 -0.85309 0.49363 0.07035 -0.86682 0.49371 0.06995 -0.86681 0.46847 0.06824 -0.88084 0.99679 0.07531 -0.02731 0.99705 0.0717 -0.02726 0.99518 0.06999 -0.06872 0.99172 0.07191 -0.10642 0.99781 0.06241 -0.02209 0.99669 0.0584 0.05656 0.99114 0.06093 -0.11804 0.99578 0.04886 0.07766 0.99842 0.05112 0.02348 0.99853 0.04999 -0.02112 0.98396 0.05432 -0.16992 0.99078 0.03876 0.12983 0.98441 0.04797 -0.16925 0.99917 0.04078 -0.00253 0.99924 0.03887 -0.00252 0.99037 0.0397 0.13267 0.99259 0.05333 -0.1092 0.99239 0.0567 -0.10928 0.98012 0.06004 -0.18912 0.97977 0.06369 -0.18972 0.96028 0.06645 -0.27101 0.99251 0.06556 -0.10304 0.97996 0.0684 -0.18708 0.96502 0.07544 -0.25108 0.92193 0.07738 -0.37956 0.92142 0.08213 -0.37979 0.91496 0.08243 -0.39504 0.91446 0.08699 -0.39522 0.91108 0.08721 -0.4029 0.91063 0.09109 -0.40306 0.90698 0.09126 -0.41116 0.90637 0.09631 -0.41137 0.90251 0.09643 -0.41973 0.90165 0.10309 -0.42 0.89764 0.10315 -0.42849 0.89638 0.11214 -0.42886 0.89213 0.11214 -0.43764 0.89037 0.12373 -0.4381 0.88582 0.12367 -0.44724 0.88332 0.13865 -0.4478 0.87863 0.13852 -0.45697 0.87512 0.15735 -0.4576 0.8702 0.15713 -0.46698 0.86661 0.17441 -0.46751 0.86411 0.1744 -0.47212 0.86085 0.18892 -0.47249 0.85823 0.18887 -0.47726 0.85405 0.20612 -0.47762 0.85143 0.20604 -0.48231 0.84622 0.22582 -0.48261 0.84371 0.2257 -0.48705 0.83738 0.24776 -0.48724 0.8349 0.2476 -0.49156 0.82751 0.27125 -0.49158 0.8251 0.27103 -0.49574 0.81667 0.29577 -0.49555 0.81445 0.29552 -0.49934 0.80526 0.32035 -0.49893 0.80314 0.32008 -0.50251 0.79336 0.34451 -0.50188 0.79144 0.34422 -0.5051 0.78145 0.36749 -0.50428 0.77964 0.36719 -0.50728 0.76961 0.38905 -0.5063 0.74607 0.07072 -0.6621 0.77259 0.07036 -0.631 0.7887 0.06988 -0.6108 0.81696 0.06924 -0.57252 0.83127 0.06866 -0.55161 0.86283 0.06755 -0.50096 0.87475 0.06687 -0.47994 0.90681 0.06514 -0.41647 0.91579 0.0644 -0.39645 0.93739 0.06269 -0.34259 0.94405 0.06194 -0.32394 0.97061 0.05854 -0.23343 0.96664 0.05924 -0.24921 0.96641 0.06233 -0.24932 0.96156 0.06307 -0.26726 0.9613 0.06633 -0.26739 0.95536 0.06706 -0.28774 0.95512 0.06987 -0.28787 0.95165 0.07025 -0.29903 0.95143 0.07272 -0.29915 0.94757 0.07307 -0.31108 0.94712 0.07771 -0.31131 0.90727 0.07794 -0.41326 0.86767 0.07824 -0.49095 0.86796 0.07584 -0.49081 0.82327 0.07605 -0.56253 0.82343 0.07486 -0.56246 0.78141 0.07495 -0.6195 0.78155 0.07397 -0.61944 0.75405 0.07406 -0.65263 0.75422 0.07279 -0.65257 0.7284 0.07295 -0.68126 0.72865 0.07109 -0.68119 0.70424 0.07126 -0.70638 0.57692 0.07156 -0.81366 0.57729 0.06911 -0.81361 0.53497 0.06874 -0.84207 0.47615 0.03371 -0.87872 0.47573 0.03882 -0.87873 0.4504 0.03807 -0.89201 0.44976 0.0445 -0.89204 0.42378 0.04368 -0.90471 0.42271 0.05259 -0.90474 0.39665 0.05174 -0.91651 0.39518 0.06217 -0.9165 0.42966 0.06329 -0.90077 0.38554 0.06118 -0.92066 0.46957 0.06258 -0.88067 0.4403 0.06172 -0.89573 0.5153 0.06274 -0.85471 0.48443 0.06194 -0.87264 0.45509 0.0615 -0.88832 0.53557 0.06459 -0.84202 0.5954 0.06504 -0.80079 0.59488 0.06879 -0.80086 0.64558 0.06895 -0.76057 0.62803 0.06871 -0.77515 0.68237 0.06868 -0.72777 0.60881 0.07159 -0.79008 0.66466 0.07177 -0.74369 0.66511 0.06852 -0.74359 0.70462 0.06836 -0.70628 0.72137 0.06802 -0.6892 0.74644 0.06775 -0.662 0.76226 0.06733 -0.64376 0.78905 0.06684 -0.61068 0.8035 0.06634 -0.59159 0.8316 0.06557 -0.55148 0.84429 0.06498 -0.53194 0.87505 0.06374 -0.47982 0.88542 0.06308 -0.46049 0.91606 0.06125 -0.39633 0.92379 0.06056 -0.37807 0.94429 0.05879 -0.32383 0.94991 0.0581 -0.30707 0.97082 0.05541 -0.23332 0.97417 0.05478 -0.21907 0.99458 0.04945 -0.09144 0.99473 0.04651 -0.09138 0.99662 0.03806 0.07277 0.99608 0.04315 -0.07725 0.99625 0.03918 -0.07719 0.99708 0.03886 -0.06567 0.99726 0.03408 -0.06561 0.99785 0.03389 -0.0561 0.99799 0.02948 -0.05606 0.99842 0.02936 -0.048 0.99853 0.02507 -0.04797 0.99884 0.02499 -0.04105 0.99894 0.02068 -0.04103 0.99121 0.02196 -0.13046 0.99257 0.02187 -0.11968 0.97975 0.02291 -0.19889 0.98241 0.02281 -0.18532 0.96623 0.02369 -0.25658 0.97022 0.02359 -0.24106 0.94516 0.02455 -0.32568 0.95117 0.02446 -0.30771 0.92072 0.02529 -0.38941 0.92884 0.02523 -0.36962 0.89468 0.02592 -0.44595 0.90483 0.02588 -0.42498 0.86651 0.02647 -0.49845 0.8787 0.02646 -0.47665 0.83687 0.02694 -0.54674 0.85096 0.02696 -0.52454 0.80684 0.02734 -0.59013 0.8227 0.0274 -0.56782 0.77698 0.02769 -0.62892 0.79436 0.02778 -0.60682 0.74758 0.02798 -0.66359 0.76628 0.02811 -0.64189 0.71894 0.02824 -0.6945 0.73877 0.02839 -0.67335 0.6778 0.02846 -0.73469 0.69899 0.02886 -0.71455 0.62677 0.02882 -0.77867 0.6492 0.02928 -0.76005 0.58041 0.02913 -0.8138 0.60355 0.02963 -0.79678 0.5385 0.02941 -0.84211 0.56193 0.02994 -0.82664 0.50088 0.02967 -0.86501 0.52433 0.03023 -0.85098 0.45168 0.02982 -0.89168 0.47477 0.03085 -0.87957 0.39607 0.03033 -0.91772 0.41824 0.03137 -0.9078 0.33029 0.03067 -0.94338 0.37095 0.03442 -0.92801 0.33096 0.03239 -0.94309 0.33122 0.02801 -0.94314 0.35128 0.02897 -0.93582 0.35141 0.02561 -0.93587 0.33632 0.02528 -0.94141 0.26107 0.06706 -0.96299 0.26149 0.06511 -0.96301 0.24956 0.06308 -0.9663 0.25009 0.06079 -0.96631 0.23703 0.05844 -0.96974 0.23784 0.0551 -0.96974 0.29632 0.05931 -0.95325 0.28733 0.05775 -0.95609 0.35525 0.06257 -0.93267 0.34453 0.06086 -0.9368 0.41617 0.06583 -0.9069 0.40384 0.0645 -0.91255 0.46834 0.06885 -0.88086 0.45496 0.06747 -0.88795 0.51515 0.07142 -0.85412 0.5507 0.07431 -0.83139 0.55122 0.07169 -0.83127 0.61851 0.07458 -0.78223 0.61872 0.07341 -0.78217 0.13448 0.06633 -0.98869 0.13017 0.0653 -0.98934 0.17642 0.06717 -0.98202 0.16662 0.06596 -0.98381 0.21876 0.06799 -0.97341 0.20389 0.06632 -0.97674 0.26365 0.06855 -0.96218 0.30368 0.07125 -0.95011 0.18537 0.1135 -0.97609 0.19048 0.09651 -0.97693 0.13993 0.08603 -0.98642 0.14309 0.07548 -0.98683 0.10793 0.06962 -0.99172 0.1107 0.06035 -0.99202 0.09159 0.05788 -0.99411 0.09323 0.05217 -0.99428 0.07834 0.05072 -0.99564 0.07838 0.05056 -0.99564 0.0791 0.05262 -0.99548 0.07996 0.04946 -0.99557 0.09583 0.05074 -0.9941 0.09587 0.05059 -0.99411 0.11572 0.05261 -0.99189 0.11393 0.05882 -0.99175 0.14847 0.06347 -0.98688 0.14546 0.0738 -0.98661 0.19715 0.08271 -0.97688 0.19329 0.09596 -0.97644 0.23782 0.10525 -0.96559 0.23184 0.12535 -0.96464 0.22919 0.12413 -0.96543 -0.09207 0.41792 -0.90381 -0.03475 0.41995 -0.90688 0.01866 0.40529 -0.914 -0.0069 0.40488 -0.91434 -0.01364 0.40754 -0.91309 0.00617 0.4085 -0.91274 -0.0015 0.41239 -0.91101 0.0123 0.41354 -0.9104 0.00411 0.41827 -0.90831 0.01058 0.41912 -0.90787 0.03174 0.3684 -0.92912 0.02896 0.36789 -0.92942 0.05188 0.31251 -0.9485 0.03562 0.32424 -0.9453 0.06051 0.26186 -0.96321 0.04237 0.27585 -0.96027 0.06413 0.21948 -0.97351 0.04552 0.23464 -0.97102 0.06401 0.1854 -0.98058 0.04612 0.20066 -0.97858 0.06165 0.15825 -0.98547 0.04522 0.17283 -0.98391 0.05802 0.13711 -0.98885 0.04335 0.15061 -0.98764 0.04906 0.13436 -0.98972 0.05763 0.13623 -0.989 0.03961 0.16244 -0.98592 0.04998 0.1658 -0.98489 0.04965 0.1667 -0.98476 0.04459 0.17112 -0.98424 0.05421 0.14411 -0.98808 0.04602 0.1516 -0.98737 0.05421 0.12807 -0.99028 0.04761 0.13435 -0.98979 0.05461 0.1138 -0.992 0.04942 0.11893 -0.99167 0.05538 0.10108 -0.99334 0.05143 0.10512 -0.99313 0.05649 0.08966 -0.99437 0.05366 0.09265 -0.99425 0.05785 0.07956 -0.99515 0.05599 0.08159 -0.99509 0.05933 0.07095 -0.99571 0.05828 0.07213 -0.99569 0.06078 0.06402 -0.9961 0.06036 0.0645 -0.99609 0.06267 0.05685 -0.99641 0.06296 0.05665 -0.99641 0.06448 0.05143 -0.99659 0.23971 0.15667 -0.95812 0.22198 0.1475 -0.96383 0.1771 0.13365 -0.97508 0.18326 0.11383 -0.97645 0.13383 0.1013 -0.98581 0.13815 0.08723 -0.98656 0.1037 0.08033 -0.99136 0.10663 0.07075 -0.99178 0.08701 0.06762 -0.99391 0.08958 0.05902 -0.99423 0.07513 0.05725 -0.99553 0.07669 0.05183 -0.99571 0.06539 0.05079 -0.99657 0.06573 0.04959 -0.9966 0.06676 0.05114 -0.99646 0.06595 0.05174 -0.99648 0.06512 0.05483 -0.99637 0.55951 0.07762 -0.82518 0.57495 0.07909 -0.81436 0.50261 0.07325 -0.8614 0.51748 0.07496 -0.85241 0.44049 0.0686 -0.89513 0.45434 0.07026 -0.88805 0.39066 0.06489 -0.91825 0.40339 0.06647 -0.91261 0.33312 0.06044 -0.94095 0.34418 0.06236 -0.93683 0.27789 0.05661 -0.95894 0.28718 0.05836 -0.9561 0.23089 0.05343 -0.97151 0.23019 0.05623 -0.97152 0.17157 0.05195 -0.9838 0.16987 0.05863 -0.98372 0.12899 0.05622 -0.99005 0.12749 0.06222 -0.98989 0.10022 0.06086 -0.9931 0.09928 0.06485 -0.99294 0.09881 0.06471 -0.993 0.09873 0.06508 -0.99298 0.09746 0.06473 -0.99313 0.0983 0.06034 -0.99333 0.08953 0.05898 -0.99424 0.09085 0.05115 -0.99455 0.0928 0.05144 -0.99435 0.09381 0.04462 -0.99459 0.098 0.04524 -0.99416 0.09861 0.04042 -0.99431 0.10425 0.04123 -0.9937 0.10464 0.03751 -0.9938 0.11132 0.03844 -0.99304 0.11161 0.03507 -0.99313 0.11922 0.03609 -0.99221 0.11944 0.03274 -0.9923 0.128 0.03384 -0.9912 0.12809 0.03173 -0.99125 0.11209 0.03145 -0.9932 -0.05589 0.02966 -0.998 -0.04563 0.03291 -0.99842 -0.04112 0.03308 -0.99861 -0.03098 0.0364 -0.99886 -0.02727 0.03655 -0.99896 -0.01767 0.03977 -0.99905 -0.01389 0.03993 -0.99911 -0.00515 0.04287 -0.99907 0.00018 0.04309 -0.99907 0.00775 0.04559 -0.99893 0.02228 0.04616 -0.99869 0.02095 0.05382 -0.99833 0.04584 0.05478 -0.99745 0.04499 0.05919 -0.99723 0.05278 0.0617 -0.9967 0.0532 0.05974 -0.9968 0.06 0.06195 -0.99627 0.06075 0.05883 -0.99642 0.07852 0.05972 -0.99512 0.07945 0.05597 -0.99527 0.09804 0.05706 -0.99355 0.09944 0.05173 -0.9937 0.12219 0.05335 -0.99107 0.12341 0.04883 -0.99115 0.16148 0.0521 -0.9855 0.16148 0.0521 -0.9855 0.21433 0.05783 -0.97505 0.21156 0.06807 -0.97499 0.26331 0.07528 -0.96177 0.25468 0.07323 -0.96425 0.31614 0.08177 -0.94518 0.30566 0.07942 -0.94882 0.37158 0.08852 -0.92417 0.35929 0.08637 -0.92922 0.41977 0.09463 -0.90269 0.40622 0.09232 -0.9091 0.48022 0.10229 -0.87116 0.46534 0.09983 -0.87949 0.53607 0.1092 -0.83708 0.52037 0.10691 -0.84722 0.54118 0.0873 -0.83636 0.55702 0.08915 -0.8257 0.48513 0.08176 -0.87061 0.50026 0.08382 -0.86181 0.42437 0.07589 -0.9023 0.43835 0.07785 -0.89542 0.37592 0.07123 -0.92391 0.38872 0.07308 -0.91845 0.32026 0.06573 -0.94505 0.3313 0.06788 -0.94108 0.26708 0.06093 -0.96175 0.27632 0.06285 -0.95901 0.22226 0.05697 -0.97332 0.2229 0.05448 -0.97332 0.16735 0.04961 -0.98465 0.16609 0.05438 -0.98461 0.12561 0.05146 -0.99074 0.12399 0.05763 -0.99061 0.10046 0.05624 -0.99335 0.09921 0.06122 -0.99318 0.07748 0.06013 -0.99518 0.07663 0.06375 -0.99502 0.07263 0.06251 -0.9954 0.07236 0.06377 -0.99534 0.06749 0.06228 -0.99577 0.06842 0.05736 -0.99601 0.03888 0.05629 -0.99766 0.04022 0.04849 -0.99801 0.01572 0.04761 -0.99874 0.01663 0.04163 -0.99899 0.00048 0.04104 -0.99916 -0.00501 0.03925 -0.99922 -0.01375 0.03891 -0.99915 -0.02046 0.03668 -0.99912 -0.03509 0.03607 -0.99873 -0.03467 0.03235 -0.99888 -0.05649 0.0315 -0.99791 -0.05638 0.03018 -0.99795 -0.06802 0.02809 -0.99729 -0.06804 0.02856 -0.99727 -0.06902 0.02832 -0.99721 0.05333 0.05543 -0.99704 0.04008 0.05475 -0.9977 0.04481 0.05272 -0.9976 0.03096 0.05201 -0.99817 0.03733 0.04926 -0.99809 0.02153 0.04843 -0.99859 0.03193 0.04637 -0.99841 0.01445 0.04552 -0.99886 0.02296 0.04304 -0.99881 0.50598 0.23046 -0.83118 0.51791 0.19344 -0.83328 0.52465 0.19521 -0.82864 0.53441 0.16217 -0.82952 0.54182 0.1638 -0.82438 0.54903 0.13739 -0.82443 0.55681 0.13885 -0.81895 0.5635 0.11232 -0.81844 0.57962 0.11463 -0.80678 0.58489 0.09149 -0.80593 0.60097 0.09333 -0.79381 0.60357 0.08085 -0.7932 0.6191 0.0823 -0.78099 0.62014 0.07696 -0.78071 0.63491 0.07807 -0.76863 0.63552 0.0748 -0.76845 0.66267 0.07607 -0.74504 0.66298 0.07422 -0.74495 0.6872 0.07492 -0.72259 0.68731 0.07422 -0.72256 0.66554 0.07401 -0.74268 0.66564 0.07336 -0.74266 0.62535 0.07309 -0.77691 0.64567 0.07346 -0.76007 0.58822 0.07292 -0.80541 0.60853 0.07337 -0.79013 0.55809 0.07273 -0.82659 0.55824 0.0718 -0.82657 0.49979 0.07103 -0.86323 0.46307 0.06953 -0.88359 0.45047 0.0693 -0.8901 0.48316 0.07027 -0.87271 0.40859 0.06892 -0.91011 0.43901 0.06993 -0.89576 0.35728 0.0682 -0.9315 0.38418 0.06958 -0.92063 0.30437 0.06765 -0.95015 0.32697 0.06894 -0.94252 0.26391 0.06726 -0.9622 0.28272 0.06842 -0.95676 0.21905 0.06657 -0.97344 0.23305 0.06805 -0.97008 0.1766 0.06629 -0.98205 0.18568 0.06736 -0.9803 0.13463 0.06565 -0.98872 0.15108 0.06952 -0.98607 0.12593 0.06606 -0.98984 0.12715 0.05973 -0.99008 0.13103 0.06025 -0.98955 0.13257 0.05123 -0.98985 0.13915 0.05209 -0.9889 0.14032 0.0442 -0.98912 0.14919 0.04534 -0.98777 0.14992 0.03964 -0.9879 0.1603 0.04093 -0.98622 0.16078 0.03642 -0.98632 0.17225 0.0378 -0.98433 0.17261 0.03366 -0.98441 0.18508 0.03509 -0.9821 0.18535 0.03096 -0.98218 0.19884 0.03244 -0.9795 0.19895 0.02978 -0.97956 0.16906 0.02984 -0.98515 0.05365 0.05418 -0.99709 0.05587 0.05327 -0.99702 0.05663 0.05044 -0.99712 0.05674 0.0504 -0.99712 0.05664 0.05075 -0.9971 0.05627 0.05101 -0.99711 0.0548 0.05602 -0.99692 0.05504 0.05585 -0.99692 0.05285 0.06301 -0.99661 0.05362 0.06212 -0.99663 0.05125 0.06974 -0.99625 0.05265 0.06814 -0.99629 0.0495 0.07806 -0.99572 0.05173 0.07558 -0.9958 0.04778 0.08781 -0.99499 0.05099 0.08431 -0.99513 0.04621 0.09883 -0.99403 0.05056 0.09423 -0.99427 0.0449 0.11112 -0.99279 0.05053 0.10535 -0.99315 0.04383 0.12491 -0.9912 0.05093 0.11789 -0.99172 0.04305 0.14043 -0.98915 0.0518 0.13208 -0.98988 0.04666 0.14651 -0.98811 0.03899 0.14416 -0.98879 0.05432 0.12126 -0.99113 0.03885 0.11803 -0.99225 0.04439 0.11261 -0.99265 0.03351 0.11079 -0.99328 0.05255 0.10096 -0.9935 0.02808 0.09799 -0.99479 0.04649 0.08897 -0.99495 0.02051 0.08686 -0.99601 0.03801 0.07938 -0.99612 0.00385 0.07772 -0.99697 0.01956 0.07254 -0.99717 -0.02558 0.0714 -0.99712 -0.01308 0.07007 -0.99746 -0.05865 0.06921 -0.99588 -0.04924 0.06895 -0.9964 -0.09641 0.0681 -0.99301 -0.21768 0.06911 -0.97357 0.88505 0.43984 -0.15237 0.87662 0.43314 -0.20958 0.75773 0.40962 -0.508 0.7679 0.38874 -0.50913 0.65385 0.35428 -0.66855 0.66239 0.33387 -0.67064 0.57151 0.30476 -0.7619 0.37911 0.22872 -0.89664 0.52592 0.27882 -0.80354 0.53138 0.28076 -0.79925 0.48185 0.2643 -0.83544 0.48697 0.26616 -0.83188 0.44281 0.25121 -0.86071 0.44751 0.25295 -0.85776 0.39377 0.23443 -0.88881 0.39792 0.23614 -0.88651 0.32352 0.20997 -0.92263 0.33316 0.18059 -0.92541 0.26819 0.16081 -0.94985 0.27603 0.1354 -0.95156 0.27955 0.13691 -0.95032 0.28614 0.11461 -0.95131 0.24146 0.10534 -0.96468 0.24592 0.08981 -0.96512 0.2005 0.08194 -0.97626 0.20427 0.06861 -0.97651 0.15364 0.06158 -0.98621 0.15564 0.05443 -0.98631 0.1196 0.05063 -0.99153 0.11953 0.05089 -0.99153 0.09842 0.04913 -0.99393 0.09735 0.05307 -0.99383 0.08014 0.05188 -0.99543 0.07902 0.05613 -0.99529 0.06402 0.05527 -0.99642 0.06339 0.05774 -0.99632 0.04951 0.05704 -0.99714 0.0489 0.05954 -0.99703 0.04008 0.0566 -0.99759 0.03956 0.05897 -0.99748 0.02961 0.05569 -0.99801 0.03038 0.05177 -0.9982 0.01741 0.05123 -0.99853 0.00736 0.04788 -0.99883 0.00585 0.04781 -0.99884 -0.00534 0.04402 -0.99902 -0.00565 0.04401 -0.99902 -0.0177 0.03997 -0.99904 -0.01828 0.03994 -0.99903 -0.0309 0.03585 -0.99888 -0.03126 0.03584 -0.99887 -0.04506 0.03274 -0.99845 0 1 0 -0.09887 -0.06827 0.99276 -0.21056 -0.1189 0.97032 -0.1975 -0.58888 0.78372 -0.28267 -0.42894 0.85797 -0.10301 -0.72068 0.68557 -0.14542 -0.6859 0.71301 0.45993 -0.01831 0.88777 0.39712 -0.02203 0.9175 0.64794 0.00223 0.76169 0.59538 -0.00225 0.80344 0.54604 -0.0062 0.83774 0.52884 -0.00736 0.84869 0.20421 -0.02764 0.97854 0.96088 0.04726 0.27292 0.97164 0.08578 0.22034 0.96965 0.09756 0.22419 0.82786 0.08986 0.55369 0.16077 -0.01634 0.98686 0.8377 0.4759 0.26791 0.48547 0.06986 0.87146 0.21814 0.00908 0.97587 0.22629 0.01218 0.97398 0.29737 -0.02349 0.95447 0.25532 -0.08261 0.96332 0.08235 -0.22029 0.97195 0.45846 0.05062 0.88727 -0.00912 -0.87503 0.48399 -0.1575 0.96926 0.18905 0.20322 -0.5398 0.81689 -0.11175 0.81817 0.56401 -0.12147 0.83459 0.53732 -0.16175 -0.07223 0.98418 -0.29085 0.2449 0.9249 -0.32939 0.89769 0.29268 -0.09931 -0.64027 0.7617 -0.3197 0.94752 -0.00111 -0.28379 0.95573 -0.07778 0.01193 -0.37199 0.92816 0.10731 -0.64975 0.75254 0.14272 -0.80847 0.57097 -0.02276 -0.75267 0.65801 -0.3485 0.93513 0.06389 -0.06783 -0.01576 0.99757 -0.08916 -0.02056 0.99581 -0.08595 -0.02473 0.99599 0.0927 -0.707 0.70111 -0.13361 -0.66834 0.73176 -0.18514 -0.59457 0.78244 -0.29779 -0.44564 0.84423 -0.42884 -0.1193 0.89547 -0.23464 -0.5708 0.78685 -0.24861 -0.50634 0.82572 0.99365 0.02274 0.11024 0.63183 0.00166 0.77511 0.22627 -0.02579 0.97372 0.37967 -0.01564 0.92499 -0.03224 -0.01298 0.9994 -0.07587 -0.01333 0.99703 -0.12964 -0.02638 0.99121 -0.2376 -0.02306 0.97109 -0.21439 -0.017 0.9766 0.98748 0.00896 0.15751 0.99501 0.00918 0.0993 0.97149 0.00847 0.23694 0.98009 0.00882 0.19834 0.9914 0.00962 0.13055 0.97443 0.00853 0.22451 0.95823 0.00777 0.28591 0.96006 0.0079 0.2797 0.94121 0.00717 0.33773 0.94333 0.0073 0.33176 0.91679 0.00644 0.39932 0.92026 0.00662 0.39125 0.89836 0.00598 0.43921 0.88978 0.00587 0.45634 0.88529 0.00573 0.46501 0.86186 0.00513 0.50713 0.86142 0.00512 0.50787 0.83225 0.0047 0.55439 0.83251 0.0047 0.554 0.80139 0.00405 0.59813 0.80538 0.00419 0.59274 0.7704 0.00369 0.63755 0.77542 0.00383 0.63144 0.73964 0.00318 0.67299 0.74477 0.00334 0.66731 0.69473 0.00277 0.71927 0.70118 0.00301 0.71298 0.66731 0.00249 0.74478 0.63767 0.00235 0.7703 0.64023 0.00243 0.76818 0.585 0.00167 0.81103 0.60685 0.00248 0.79481 0.53687 0.0011 0.84367 0.55667 0.00195 0.83073 0.49306 0.00135 0.86999 0.51849 0.00218 0.85508 0.45357 0.00057 0.89122 0.47233 0.00147 0.88142 0.40155 0.00146 0.91584 0.40305 0.00153 0.91518 0.34218 0.00159 0.93963 0.34255 0.00161 0.9395 0.27111 0.00211 0.96255 0.28737 0.00359 0.95781 0.23994 0.00207 0.97078 0.19778 0.00323 0.98024 0.19908 0.00333 0.97998 0.06972 0.00522 0.99755 -0.00519 0.0044 0.99998 -0.06368 0.00337 0.99796 -0.0666 0.00389 0.99777 -0.04633 0.00288 0.99892 -0.09587 0.0017 0.99539 -0.08979 0.0015 0.99596 -0.08137 0.00164 0.99668 -0.12329 -0.00071 0.99237 -0.11508 -0.00097 0.99336 -0.10057 0.00057 0.99493 -0.14874 -0.00386 0.98887 -0.13322 -0.00345 0.99108 -0.15912 -0.00683 0.98724 -0.16569 -0.00699 0.98615 -0.1752 -0.00614 0.98451 -0.16164 -0.01039 0.98679 -0.18716 -0.01086 0.98227 -0.17056 -0.01235 0.98527 -0.19507 -0.01394 0.98069 -0.18788 -0.01649 0.98205 -0.20855 -0.01371 0.97791 -0.20078 -0.01408 0.97954 -0.22196 -0.01692 0.97491 -0.20455 -0.01917 0.97867 -0.23473 -0.01949 0.97186 -0.22288 -0.02069 0.97463 -0.24246 -0.02108 0.96993 -0.25058 -0.02111 0.96787 -0.23883 -0.02225 0.97081 -0.24779 -0.02184 0.96857 -0.22881 -0.02332 0.97319 -0.20851 -0.02232 0.97777 -0.21047 -0.02279 0.97733 -0.18944 -0.0205 0.98168 -0.18769 -0.02063 0.98201 -0.17523 -0.01865 0.98435 -0.15191 -0.01895 0.98821 -0.15231 -0.02036 0.98812 -0.14414 -0.01911 0.98937 -0.1458 -0.02218 0.98907 -0.14316 -0.02178 0.98946 -0.13854 -0.02442 0.99006 -0.13881 -0.02627 0.98997 -0.12742 -0.02584 0.99151 -0.12738 -0.02603 0.99151 -0.12737 -0.02637 0.9915 -0.1215 -0.02761 0.99221 -0.12133 -0.02833 0.99221 -0.12195 -0.02883 0.99212 -0.11676 -0.02648 0.99281 -0.11558 -0.03106 0.99281 -0.10953 -0.02803 0.99359 -0.11379 -0.03473 0.9929 -0.10562 -0.04404 0.99343 -0.10709 -0.03896 0.99349 -0.10876 -0.03818 0.99333 -0.10968 -0.03183 0.99346 -0.14011 -0.04364 0.98917 -0.12841 -0.059 0.98996 -0.13346 -0.05353 0.98961 -0.13598 -0.05307 0.98929 -0.12555 -0.05269 0.99069 -0.1267 -0.04847 0.99076 -0.11529 -0.05021 0.99206 -0.16577 -0.0553 0.98461 -0.20222 -0.05611 0.97773 -0.20065 -0.05602 0.97806 -0.15297 -0.0145 0.98813 -0.23883 -0.02314 0.97079 -0.25298 -0.02243 0.96721 -0.22884 -0.02237 0.97321 -0.23884 -0.02198 0.97081 -0.20854 -0.02175 0.97777 -0.22288 -0.02039 0.97463 -0.18774 -0.01983 0.98202 -0.2046 -0.01805 0.97868 -0.17051 -0.01726 0.9852 -0.18793 -0.01528 0.98206 -0.15298 -0.01428 0.98813 -0.17057 -0.01229 0.98527 -0.05798 -0.013 0.99823 0.00248 -0.01336 0.99991 0.30354 -0.02195 0.95257 0.3031 -0.01842 0.95278 0.33872 -0.0177 0.94072 0.08148 -0.02413 0.99638 0.10385 -0.0251 0.99428 0.12969 -0.02405 0.99126 0.15616 -0.02491 0.98742 0.18044 -0.02386 0.9833 0.21048 -0.02355 0.97731 0.27162 -0.02072 0.96218 0.25852 -0.02049 0.96579 0.30317 -0.01841 0.95276 0.44269 -0.0182 0.89649 0.44254 -0.01681 0.89659 0.52688 -0.01151 0.84986 0.5267 -0.00942 0.85 0.5994 -0.00484 0.80044 0.99232 0.03362 0.11907 0.9923 0.03401 0.11907 0.10235 -0.01512 0.99463 0.12204 -0.0161 0.9924 0.15476 -0.01493 0.98784 0.17836 -0.01586 0.98384 0.20932 -0.0147 0.97774 0.23622 -0.01459 0.97159 0.25768 -0.01375 0.96613 0.2871 -0.01351 0.95781 0.30252 -0.01287 0.95306 0.33376 -0.01202 0.94258 0.33806 -0.01184 0.94105 0.37052 -0.01089 0.92876 0.37913 -0.01051 0.92528 0.41266 -0.00945 0.91083 0.4266 -0.0088 0.9044 0.46092 -0.00763 0.88741 0.54607 -0.0033 0.83773 0.5162 -0.00395 0.85646 0.56273 -0.0016 0.82664 0.9848 0.02739 0.17154 0.98314 0.02714 0.18086 0.9626 0.0243 0.26983 0.95789 0.02382 0.28615 0.93955 0.02188 0.3417 0.93212 0.02126 0.36152 0.84563 0.01471 0.53357 0.82872 0.01373 0.55949 0.80903 0.01246 0.58763 0.78915 0.0114 0.61409 0.77126 0.01034 0.63644 0.74878 0.00922 0.66275 0.73301 0.00834 0.68017 0.70832 0.00719 0.70585 0.69567 0.00652 0.71833 0.66917 0.00536 0.74309 0.65957 0.00488 0.75163 0.6317 0.00371 0.7752 0.59213 0.00205 0.80584 0.56255 0.00092 0.82676 0.54612 0.00019 0.8377 0.51596 -0.00068 0.85662 0.49077 -0.00174 0.87129 0.4605 -0.00253 0.88766 0.442 -0.00327 0.89701 0.41218 -0.00399 0.91109 0.39904 -0.00449 0.91692 0.36998 -0.00513 0.92903 0.36127 -0.00545 0.93244 0.33317 -0.00602 0.94285 0.31296 -0.00674 0.94974 0.28639 -0.00677 0.95809 0.25979 -0.00768 0.96564 0.23543 -0.00762 0.97186 0.19869 -0.00881 0.98002 0.17738 -0.00783 0.98411 0.13855 -0.00902 0.99031 0.12099 -0.00806 0.99262 0.85956 0.01451 0.51082 0.84565 0.01385 0.53355 0.82556 0.01274 0.56416 0.80905 0.01202 0.58762 0.79015 0.01106 0.61282 0.77126 0.01029 0.63644 0.75397 0.00946 0.65684 0.733 0.00866 0.68018 0.71831 0.008 0.69567 0.69564 0.00719 0.71835 0.6836 0.00667 0.72982 0.65952 0.00585 0.75166 0.61802 0.00437 0.78615 0.59204 0.00356 0.8059 0.57272 0.00283 0.81975 0.546 0.00225 0.83779 0.51774 0.00123 0.85554 0.49061 0.00071 0.87138 0.46879 -4E-05 0.88331 0.4418 -0.00051 0.89711 0.42528 -0.00105 0.90506 0.3988 -0.00147 0.91704 0.38677 -0.00185 0.92217 0.36101 -0.00222 0.93256 0.33714 -0.00294 0.94145 0.31262 -0.00282 0.94987 0.282 -0.00371 0.95941 0.25939 -0.00352 0.96577 0.21798 -0.00466 0.97594 0.19816 -0.00364 0.98016 0.15424 -0.00479 0.98802 0.13797 -0.00381 0.99043 0.99395 0.02715 0.1064 0.9911 0.02837 0.13009 0.98501 0.02743 0.17029 0.99283 0.03039 0.11559 0.99282 0.03083 0.11559 -0.07475 -0.01358 0.99711 -0.07548 -0.00882 0.99711 -0.07687 -0.0085 0.99701 -0.07719 -0.00599 0.997 -0.08018 -0.00531 0.99677 -0.08031 -0.00412 0.99676 -0.08443 -0.00319 0.99642 -0.05471 -0.01373 0.99841 -0.05558 -0.00783 0.99842 -0.05469 -0.00803 0.99847 -0.05513 -0.00459 0.99847 -0.05572 -0.00445 0.99844 -0.05593 -0.00244 0.99843 -0.05754 -0.00207 0.99834 -0.0636 0.00141 0.99797 -0.06021 0.00063 0.99819 -0.0958 -7E-05 0.9954 -0.08962 -0.00146 0.99597 -0.08448 -0.00268 0.99642 -0.08962 -0.00152 0.99598 -0.05765 -0.00079 0.99834 -0.06015 -0.00021 0.99819 -0.03114 0.00038 0.99951 -0.03123 0.00196 0.99951 -0.03211 0.00205 0.99948 -0.03218 0.00393 0.99947 -0.02339 0.00337 0.99972 0.0125 -0.00327 0.99992 0.01226 -0.00085 0.99992 0.01685 -0.00128 0.99986 0.01666 0.0011 0.99986 0.02055 0.00073 0.99979 0.02043 0.00274 0.99979 0.02363 0.00242 0.99972 0.02356 0.0046 0.99971 0.0403 0.00376 0.99918 -0.02609 -0.0143 0.99956 -0.0271 -0.0072 0.99961 -0.02321 -0.00805 0.9997 -0.02375 -0.00359 0.99971 -0.02124 -0.00415 0.99977 -0.02154 -0.00122 0.99977 -0.01994 -0.00158 0.9998 -0.02023 0.00201 0.99979 -0.00698 0.00065 0.99998 -0.00709 0.00245 0.99997 -0.00606 0.00234 0.99998 -0.00613 0.00429 0.99997 0.01315 0.0038 0.99991 0.01263 -0.01525 0.9998 0.01146 -0.00703 0.99991 0.01941 -0.00855 0.99978 0.01866 -0.00238 0.99982 0.03902 -0.00406 0.99923 0.03869 -0.0008 0.99925 0.04563 -0.0014 0.99896 0.04543 0.00118 0.99897 0.0517 0.00062 0.99866 0.05158 0.00282 0.99867 0.05723 0.0023 0.99836 0.05718 0.00345 0.99836 0.10132 0.00436 0.99484 0.87129 0.01314 0.49059 0.85961 0.01269 0.51078 0.83955 0.01173 0.54316 0.82561 0.01124 0.56413 0.80626 0.01039 0.59147 0.79019 0.00986 0.61279 0.77201 0.00911 0.63555 0.754 0.00856 0.65682 0.738 0.00794 0.67475 0.71834 0.00738 0.69566 0.70465 0.00687 0.70952 0.68362 0.0063 0.72981 0.641 0.00502 0.76753 0.61801 0.00445 0.78615 0.59662 0.00376 0.80252 0.57269 0.00341 0.81976 0.54224 0.00248 0.84022 0.51769 0.00216 0.85557 0.49337 0.00145 0.86982 0.46872 0.00117 0.88335 0.44957 0.00064 0.89324 0.42518 0.0004 0.90511 0.41056 1E-05 0.91183 0.38666 -0.0002 0.92222 0.3599 -0.00088 0.93299 0.33698 -0.00063 0.94151 0.30309 -0.00145 0.95296 0.2818 -0.00116 0.95947 0.23646 -0.00221 0.97164 0.21769 -0.00114 0.97602 0.16934 -0.00219 0.98556 0.15391 -0.00119 0.98808 0.88124 0.01109 0.47254 0.87134 0.01079 0.49055 0.8515 0.00999 0.52426 0.83959 0.00966 0.54313 0.82014 0.00894 0.57209 0.80631 0.00859 0.59143 0.78768 0.00795 0.61603 0.77205 0.00759 0.63552 0.75521 0.00704 0.65545 0.73804 0.00666 0.67472 0.72318 0.00621 0.69063 0.70468 0.00583 0.7095 0.94566 0.01729 0.32469 0.95055 0.01756 0.31007 0.9665 0.01883 0.25597 0.96957 0.01905 0.24407 0.9863 0.02079 0.16363 0.9874 0.0209 0.15687 0.98168 0.0202 0.18947 0.66153 0.00477 0.7499 0.64102 0.0044 0.76751 0.61817 0.00379 0.78604 0.59662 0.00361 0.80251 0.56457 0.00281 0.82538 0.54223 0.00265 0.84022 0.51599 0.00203 0.85659 0.49335 0.00191 0.86983 0.47212 0.00143 0.88153 0.44954 0.00134 0.89326 0.43277 0.00097 0.9015 0.41051 0.0009 0.91185 0.38134 0.0003 0.92443 0.35981 0.00066 0.93302 0.32313 -5E-05 0.94635 0.30298 0.00033 0.953 0.25417 -0.00057 0.96716 0.23628 0.00055 0.97169 0.18387 -0.00036 0.98295 0.16913 0.00066 0.98559 -0.07889 -0.01909 0.9967 -0.07472 -0.02 0.997 -0.06285 -0.01956 0.99783 -0.05665 -0.02091 0.99817 -0.03971 -0.0203 0.999 -0.03075 -0.02216 0.99928 -0.00874 -0.02136 0.99973 0.00416 -0.0237 0.99971 0.03676 -0.02249 0.99907 0.03547 -0.0145 0.99927 0.04913 -0.01541 0.99867 0.04805 -0.00772 0.99882 0.05963 -0.00853 0.99818 0.05903 -0.00356 0.99825 0.06938 -0.00433 0.99758 0.06903 -0.00089 0.99761 0.07862 -0.00164 0.9969 0.07841 0.00109 0.99692 0.08739 0.00036 0.99617 0.08725 0.0027 0.99618 0.09565 0.002 0.99541 0.09559 0.00376 0.99541 0.13669 0.00346 0.99061 0.69471 0.00409 0.71928 0.66156 0.00369 0.74988 0.63766 0.00319 0.77031 0.61818 0.00316 0.78603 0.58498 0.00252 0.81104 0.56458 0.00251 0.82537 0.53685 0.00201 0.84367 0.51599 0.00202 0.85659 0.49306 0.00163 0.87 0.47211 0.00167 0.88154 0.45355 0.00137 0.89123 0.43276 0.00142 0.90151 0.40156 0.00094 0.91583 0.3813 0.00139 0.92445 0.3422 0.00083 0.93963 0.32308 0.0013 0.94637 0.27116 0.0006 0.96254 0.25406 0.00175 0.96719 0.19785 0.00104 0.98023 0.18374 0.00208 0.98297 0.95062 0.01438 0.31004 0.9547 0.01456 0.29721 0.96964 0.0156 0.24405 0.97218 0.01574 0.23371 0.98747 0.01713 0.15686 0.99135 0.01745 0.13007 0.99699 0.02182 -0.07442 0.93962 0.01968 0.34166 0.94559 0.0201 0.32473 0.96267 0.02165 0.2698 0.96643 0.02196 0.256 0.98488 0.02416 0.17152 0.98622 0.02432 0.16365 0.98367 0.02395 0.17837 0.99359 0.0251 0.11024 -0.12168 -0.69362 0.70999 -0.13136 -0.6849 0.71669 -0.11924 -0.69354 0.71048 -0.17146 -0.62159 0.76435 -0.19084 -0.60193 0.77541 0.0693 -0.74817 0.65988 0.07422 -0.79178 0.60628 0.04676 -0.75681 0.65196 0.05199 -0.79553 0.60368 0.0234 -0.76016 0.64932 0.02907 -0.79394 0.6073 0.00243 -0.76166 0.64797 0.00838 -0.79089 0.6119 -0.01627 -0.76151 0.64795 -0.01023 -0.78648 0.61753 -0.033 -0.75969 0.64944 -0.02709 -0.78063 0.62441 -0.04838 -0.75578 0.65303 -0.04279 -0.77291 0.63307 -0.06382 -0.7484 0.66017 -0.0587 -0.76196 0.64496 -0.08438 -0.73165 0.67644 -0.07965 -0.7423 0.66532 -0.10865 -0.70702 0.6988 0.05218 -0.62571 0.77831 0.05251 -0.61603 0.78597 0.03989 -0.59489 0.80282 0.0399 -0.5927 0.80443 0.0286 -0.57332 0.81883 0.02861 -0.57402 0.81834 0.01633 -0.55238 0.83344 0.01638 -0.55392 0.83241 0.00331 -0.53 0.84799 0.00333 -0.53035 0.84777 -0.00995 -0.50504 0.86304 -0.01011 -0.50231 0.86463 -0.02347 -0.47575 0.87927 -0.02402 -0.46753 0.88365 -0.03689 -0.44082 0.89684 -0.0381 -0.4246 0.90458 -0.05864 -0.37978 0.92322 -0.08376 -0.03199 0.99597 -0.08378 -0.03206 0.99597 -0.0819 -0.03815 0.99591 -0.08207 -0.0391 0.99586 -0.07999 -0.04573 0.99575 -0.08034 -0.0478 0.99562 -0.07815 -0.05464 0.99544 -0.07871 -0.05809 0.9952 -0.07654 -0.06472 0.99496 -0.07733 -0.06977 0.99456 -0.07528 -0.07591 0.99427 -0.07632 -0.08273 0.99365 -0.07439 -0.08841 0.9933 -0.0757 -0.0972 0.99238 -0.07387 -0.10246 0.99199 -0.07549 -0.11345 0.99067 -0.07367 -0.11859 0.99021 -0.07564 -0.13196 0.98836 -0.07383 -0.13695 0.98782 -0.07614 -0.15276 0.98533 -0.07409 -0.15829 0.98461 -0.07673 -0.17644 0.98132 -0.0741 -0.18335 0.98025 -0.07707 -0.20362 0.97601 -0.07338 -0.21308 0.97428 -0.07666 -0.23498 0.96897 -0.0717 -0.24732 0.96628 -0.07521 -0.2698 0.95997 -0.06837 -0.28632 0.95569 -0.07192 -0.30778 0.94874 -0.06236 -0.33008 0.94189 -0.06572 -0.34876 0.93491 -0.046 -0.39285 0.91845 -0.22272 -0.53385 0.81572 -0.23849 -0.51198 0.82522 -0.24015 -0.50463 0.82927 -0.31857 -0.35172 0.88023 -0.32932 -0.34267 0.87984 -0.14582 -0.65136 0.74462 -0.15589 -0.63887 0.75335 -0.1538 -0.64058 0.75233 -0.17455 -0.61005 0.7729 -0.18685 -0.59401 0.78246 0.10285 -0.74942 0.65406 0.10022 -0.7804 0.6172 0.10156 -0.81721 0.56732 0.07522 -0.78492 0.61501 0.07758 -0.81819 0.56969 0.04889 -0.78388 0.61899 0.05249 -0.81371 0.57889 0.02487 -0.78115 0.62385 0.02952 -0.80779 0.58873 0.00301 -0.77683 0.62971 0.00846 -0.80043 0.59936 -0.01706 -0.77076 0.6369 -0.01103 -0.79145 0.61113 -0.03605 -0.76235 0.64616 -0.02964 -0.78033 0.62466 -0.05574 -0.7497 0.65943 -0.04908 -0.76517 0.64196 0.06299 -0.62716 0.77634 0.06356 -0.61708 0.78433 0.04863 -0.59128 0.805 0.04873 -0.58852 0.80702 0.03704 -0.56778 0.82234 0.03704 -0.56779 0.82234 0.02521 -0.54618 0.83729 0.0252 -0.54702 0.83674 0.01332 -0.52448 0.85132 0.01332 -0.52421 0.85149 0.00182 -0.50154 0.86514 0.00177 -0.4984 0.86694 -0.00914 -0.47602 0.87939 -0.00934 -0.46788 0.88374 -0.0192 -0.44686 0.8944 -0.01972 -0.43142 0.90194 -0.03602 -0.39514 0.91792 -0.03894 -0.39672 0.91711 -0.05483 -0.36093 0.93098 -0.05149 -0.34223 0.9382 -0.06005 -0.32218 0.94477 -0.05651 -0.30079 0.95202 -0.06295 -0.28516 0.95641 -0.05944 -0.2628 0.96302 -0.06453 -0.25007 0.96607 -0.06122 -0.22833 0.97166 -0.06538 -0.21763 0.97384 -0.06236 -0.19752 0.97831 -0.0656 -0.18895 0.97979 -0.0629 -0.17097 0.98327 -0.06563 -0.16358 0.98435 -0.06325 -0.14792 0.98698 -0.06574 -0.14101 0.98782 -0.06369 -0.12775 0.98976 -0.06614 -0.12078 0.99047 -0.06443 -0.10983 0.99186 -0.06681 -0.10293 0.99244 -0.06542 -0.09412 0.99341 -0.0678 -0.08702 0.9939 -0.06669 -0.08011 0.99455 -0.06911 -0.07278 0.99495 -0.06824 -0.06758 0.99538 -0.0707 -0.05999 0.99569 -0.07006 -0.05631 0.99595 -0.07246 -0.04873 0.99618 -0.07202 -0.04636 0.99632 -0.07424 -0.03923 0.99647 -0.07399 -0.03792 0.99654 -0.07592 -0.03157 0.99661 -0.07582 -0.03107 0.99664 -0.07804 -0.02362 0.99667 -0.07824 -0.02393 0.99665 -0.08002 -0.01776 0.99664 -0.06671 -0.01784 0.99761 -0.0825 -0.01888 0.99641 -0.08149 -0.01821 0.99651 -0.08966 -0.01876 0.9958 -0.09121 -0.01982 0.99563 -0.06759 -0.01663 0.99757 -0.06754 -0.01657 0.99758 -0.06592 -0.02226 0.99758 -0.06618 -0.02262 0.99755 -0.06403 -0.02995 0.9975 -0.06426 -0.03099 0.99745 -0.06237 -0.03733 0.99735 -0.06276 -0.0391 0.99726 -0.06052 -0.04643 0.99709 -0.0611 -0.04917 0.99692 -0.0586 -0.05719 0.99664 -0.05939 -0.06113 0.99636 -0.05674 -0.06944 0.99597 -0.05777 -0.07478 0.99553 -0.05506 -0.08311 0.99502 -0.05635 -0.09004 0.99434 -0.05356 -0.09842 0.9937 -0.05514 -0.10714 0.99271 -0.05227 -0.11562 0.99192 -0.05418 -0.12634 0.99051 -0.05113 -0.13513 0.98951 -0.0534 -0.14804 0.98754 -0.05023 -0.15696 0.98633 -0.05286 -0.17216 0.98365 -0.04942 -0.18159 0.98213 -0.05239 -0.19905 0.97859 -0.04846 -0.20954 0.9766 -0.05175 -0.22906 0.97204 -0.04702 -0.24135 0.9693 -0.05062 -0.26248 0.96361 -0.04526 -0.27603 0.96008 -0.04905 -0.29779 0.95337 -0.04281 -0.31307 0.94877 -0.04661 -0.33395 0.94144 -0.03883 -0.35236 0.93506 -0.04239 -0.37069 0.92779 -0.02876 -0.40176 0.91529 -0.04233 -0.02092 0.99888 -0.06555 -0.02231 0.9976 -0.06355 -0.02107 0.99776 -0.08048 -0.02204 0.99651 -0.07969 -0.02152 0.99659 -0.09059 -0.02213 0.99564 -0.09064 -0.02216 0.99564 -0.0486 -0.01827 0.99865 -0.04966 -0.0143 0.99866 -0.05037 -0.01516 0.99862 -0.05044 -0.01491 0.99862 -0.05104 -0.01565 0.99857 -0.04963 -0.02062 0.99855 -0.05051 -0.02173 0.99849 -0.04848 -0.02866 0.99841 -0.04894 -0.03029 0.99834 -0.04712 -0.03637 0.99823 -0.04775 -0.03863 0.99811 -0.04553 -0.04588 0.99791 -0.04636 -0.04898 0.99772 -0.04381 -0.05715 0.9974 -0.04486 -0.06131 0.99711 -0.04207 -0.07007 0.99665 -0.04338 -0.07548 0.9962 -0.04042 -0.0846 0.9956 -0.04201 -0.09143 0.99492 -0.03885 -0.10095 0.99413 -0.04077 -0.10941 0.99316 -0.0374 -0.11936 0.99215 -0.03969 -0.12966 0.99076 -0.03604 -0.14021 0.98947 -0.03874 -0.15252 0.98754 -0.03486 -0.16346 0.98593 -0.03796 -0.17791 0.98331 -0.03374 -0.18949 0.9813 -0.03723 -0.20606 0.97783 -0.03252 -0.21867 0.97526 -0.03638 -0.2372 0.97078 -0.03094 -0.25136 0.9674 -0.03513 -0.27143 0.96182 -0.02929 -0.28621 0.95772 -0.03369 -0.30692 0.95114 -0.02739 -0.32237 0.94622 -0.03176 -0.34232 0.93905 -0.02446 -0.35969 0.93275 -0.02852 -0.37733 0.92564 -0.0158 -0.40649 0.91352 -0.18715 -0.56501 0.80358 -0.17172 -0.58996 0.78896 -0.17178 -0.58925 0.78948 -0.15362 -0.61751 0.77142 -0.15441 -0.61547 0.77288 -0.15912 -0.61795 0.76995 -0.19874 -0.55536 0.80752 -0.19071 -0.56457 0.80305 -0.21068 -0.53104 0.82074 -0.21147 -0.5302 0.82108 -0.23731 -0.48432 0.84209 -0.23745 -0.48421 0.84211 -0.26948 -0.42319 0.86504 -0.26978 -0.42343 0.86483 -0.3127 -0.33331 0.88945 -0.3124 -0.33496 0.88893 -0.36891 -0.19799 0.90813 -0.36844 -0.19982 0.90792 -0.43791 0.01356 0.89892 -0.43569 0.00324 0.90009 -0.49797 0.30699 0.81104 -0.49706 0.29672 0.81541 -0.50409 0.63072 0.58999 -0.50354 0.63418 0.58674 -0.4271 0.86492 0.26364 -0.09669 -0.70338 0.70421 -0.09868 -0.69821 0.70906 -0.10294 -0.68895 0.71746 -0.08778 -0.72445 0.68372 -0.12785 -0.6442 0.7541 -0.28548 -0.33523 0.89784 -0.28569 -0.33456 0.89803 -0.38412 -0.001 0.92328 -0.21188 -0.44545 0.86988 -0.13704 -0.62542 0.76816 -0.51486 0.41674 0.74916 -0.4488 0.0214 0.89338 -0.45035 0.0288 0.89239 -0.36409 -0.23344 0.90163 -0.36472 -0.23093 0.90202 -0.29884 -0.38201 0.87451 -0.29864 -0.38166 0.87473 -0.2542 -0.46906 0.84579 -0.25367 -0.46961 0.84565 -0.22045 -0.5288 0.81962 -0.21953 -0.52992 0.81914 -0.19576 -0.56939 0.79842 -0.19453 -0.57091 0.79763 -0.17795 -0.59708 0.78219 -0.17649 -0.59889 0.78114 -0.16148 -0.62165 0.76647 -0.16045 -0.62291 0.76566 -0.11922 -0.68123 0.7223 -0.13529 -0.66239 0.73684 -0.1164 -0.68804 0.71628 -0.11386 -0.69027 0.71454 -0.08147 -0.73147 0.67699 -0.08295 -0.73323 0.6749 -0.06992 -0.74049 0.66842 -0.07303 -0.73116 0.67829 -0.07435 -0.724 0.68578 -0.09585 -0.69584 0.71177 -0.10482 -0.67553 0.72984 -0.12995 -0.63898 0.75817 -0.14126 -0.61449 0.77618 -0.05927 -0.73215 0.67856 -0.08199 -0.70211 0.70734 -0.06116 -0.71987 0.69141 0.1146 -0.80865 0.57702 0.14667 -0.77869 0.61003 0.12322 -0.69142 0.71187 0.13047 -0.75432 0.64341 0.0845 -0.8026 0.59051 0.07676 -0.81957 0.56781 0.05626 -0.79449 0.60467 0.05132 -0.81068 0.58324 0.02954 -0.7841 0.61993 0.02724 -0.79964 0.59986 0.03492 -0.47738 0.878 0.02266 -0.42233 0.90616 0.04336 -0.50089 0.86443 0.0428 -0.50212 0.86374 0.0529 -0.52313 0.85061 0.05259 -0.5238 0.85022 0.06313 -0.54492 0.83611 0.06254 -0.5462 0.83531 0.07378 -0.56806 0.81967 0.07246 -0.5711 0.81768 -0.31712 -0.26157 0.9116 -0.3188 -0.25582 0.91264 -0.4163 0.12229 0.90097 -0.41716 0.12791 0.89979 -0.44108 0.64617 0.62283 -0.18396 -0.53481 0.8247 -0.16996 -0.55922 0.81141 -0.22916 -0.40985 0.8829 -0.2293 -0.40914 0.88319 -0.34063 -0.00786 0.94017 -0.40084 0.89073 0.21432 -0.39625 0.89565 0.20197 -0.35486 0.92996 0.09618 -0.35073 0.93249 0.08629 -0.30309 0.95268 -0.02333 -0.48961 0.51492 0.70366 -0.48927 0.52307 0.69786 -0.44109 0.79388 0.41856 -0.4404 0.7956 0.41602 -0.37162 0.90755 0.1956 -0.37036 0.90879 0.19219 -0.35457 -0.16329 0.92066 -0.35543 -0.1601 0.92089 -0.44458 0.25959 0.8573 -0.44561 0.27023 0.85347 -0.43511 0.7224 0.53742 -0.43401 0.72681 0.53235 -0.3687 0.88745 0.27656 -0.18442 -0.41847 0.88931 -0.2486 -0.36827 0.89587 -0.24896 -0.36671 0.89641 -0.36301 0.07163 0.92903 -0.36359 0.07622 0.92844 -0.39876 0.60315 0.6908 -0.03261 -0.66332 0.74762 -0.03386 -0.65201 0.75745 -0.05636 -0.65285 0.75539 -0.01129 -0.74217 0.67012 -0.02024 -0.76757 0.64064 -0.02021 -0.77283 0.63429 -0.0279 -0.7327 0.67998 0.01192 -0.71901 0.6949 0.10391 -0.82658 0.55314 0.1144 -0.81928 0.56187 0.09959 -0.79928 0.59264 0.08845 -0.81356 0.57472 0.06967 -0.78861 0.61093 0.06181 -0.80263 0.59327 0.04068 -0.77464 0.63109 0.0359 -0.78877 0.61363 0.01891 -0.76633 0.64217 0.13534 -0.79843 0.58668 0.14758 -0.78992 0.59519 0.1621 -0.81166 0.56119 0.13737 -0.67287 0.72689 0.15699 -0.66572 0.7295 0.11873 -0.70515 0.69904 0.13808 -0.73686 0.66179 0.1134 -0.59944 0.79234 0.12958 -0.82761 0.54615 0.14778 -0.81634 0.55835 0.14063 -0.80582 0.57521 0.13369 -0.81254 0.56737 0.11684 -0.78667 0.60622 0.10454 -0.80195 0.58817 0.08502 -0.77255 0.62924 0.07609 -0.78803 0.61092 0.05311 -0.75358 0.65521 0.04759 -0.76944 0.63694 0.02685 -0.73837 0.67386 0.02586 -0.74749 0.66377 0.01035 -0.72378 0.68996 0.06956 -0.47757 0.87583 0.06829 -0.47928 0.875 0.07743 -0.50009 0.8625 0.07644 -0.50145 0.8618 0.08596 -0.52236 0.84838 0.08456 -0.52434 0.8473 0.09471 -0.54598 0.83242 0.09245 -0.54946 0.83039 0.09469 -0.3961 0.91331 0.05437 -0.43327 0.89962 0.05776 -0.42874 0.90158 0.02568 -0.45669 0.88925 0.02791 -0.45149 0.89184 0.01906 -0.43102 0.90214 0.05458 -0.40071 0.91458 0.04941 -0.40765 0.9118 0.07768 -0.38234 0.92075 0.08508 -0.40252 0.91145 0.10714 -0.44141 0.89089 0.10497 -0.44423 0.88974 0.11288 -0.46447 0.87836 0.11097 -0.46702 0.87726 0.11905 -0.487 0.86525 0.11662 -0.49039 0.86366 0.12496 -0.51042 0.8508 0.12166 -0.51543 0.84825 -0.3144 0.94929 0.00191 -0.02809 0.85396 -0.51958 -0.48118 0.67488 0.55947 -0.47601 0.69921 0.5334 -0.40497 0.87319 0.27117 -0.40799 0.86897 0.28006 -0.35535 0.92527 0.13266 -0.35101 0.92843 0.1217 -0.31943 0.94663 0.0431 -0.32994 0.9402 0.08467 -0.32929 0.94057 0.08304 -0.43906 0.12441 0.8898 -0.4404 0.13234 0.888 -0.47165 0.56306 0.67861 -0.4722 0.55565 0.68431 -0.41218 0.83223 0.37081 -0.40578 0.8445 0.34952 -0.34336 0.926 0.15692 -0.34749 0.92247 0.16821 -0.39655 -0.03631 0.91729 -0.39833 -0.02853 0.9168 -0.46455 0.40112 0.78949 -0.46492 0.41491 0.78212 -0.42281 0.79034 0.4434 -0.42224 0.79184 0.44126 -0.35861 0.90679 0.22164 -0.35814 0.90731 0.22026 -0.1832 -0.50987 0.84052 -0.29682 -0.14447 0.94394 -0.3184 -0.07851 0.9447 -0.38647 0.48277 0.78586 -0.39346 0.55148 0.73557 -0.16187 -0.54609 0.82194 -0.25832 -0.24805 0.93367 -0.2772 -0.19711 0.94038 -0.36514 0.34663 0.86401 -0.3768 0.41808 0.82658 -0.11311 -0.65949 0.74316 -0.16611 -0.53126 0.83077 -0.18407 -0.49761 0.84764 -0.27678 -0.19985 0.93992 -0.29735 -0.14107 0.94429 -0.37672 0.41223 0.82955 -0.38645 0.48374 0.78527 -0.04985 -0.75919 0.64896 -0.05517 -0.74763 0.66182 -0.07434 -0.72372 0.68607 -0.0804 -0.70754 0.70209 -0.1058 -0.67252 0.73248 -0.12134 -0.63647 0.7617 -0.14533 -0.59855 0.78779 -0.19031 -0.48696 0.85244 -0.21226 -0.44327 0.87089 -0.318 -0.08113 0.94461 -0.34107 -0.00472 0.94002 -0.39363 0.54835 0.73781 -0.39782 0.61288 0.68273 -0.06515 -0.70614 0.70507 -0.06675 -0.68244 0.72788 -0.08592 -0.60366 0.7926 -0.08263 -0.62759 0.77415 -0.13289 -0.39602 0.90857 -0.14513 0.35592 0.92318 -0.15715 0.37625 0.91309 -0.16902 -0.01578 0.98549 -0.06521 -0.51749 0.8532 -0.24441 -0.10758 0.96369 -0.22225 -0.17407 0.95932 -0.22345 -0.16678 0.96034 -0.19624 -0.2438 0.94976 -0.19735 -0.23709 0.95123 -0.05012 0.56425 0.82408 -0.06437 -0.34467 0.93652 -0.01277 -0.50719 0.86174 -0.00772 -0.63539 0.77215 -0.00758 -0.63705 0.77078 -0.00882 -0.69442 0.71952 -0.00902 -0.68461 0.72885 -0.44516 0.81386 0.37345 -0.44593 0.81223 0.37606 -0.38582 0.90195 0.19397 -0.36784 0.91819 0.14707 -0.32359 0.94543 0.03803 -0.33471 0.94014 0.06406 -0.3244 0.9451 0.03942 -0.13269 0.92957 -0.34394 -0.30852 0.95117 0.00984 -0.30903 0.95048 0.03284 -0.20466 0.95981 -0.19203 -0.15435 0.93855 -0.3087 -0.15714 0.93624 -0.31427 -0.37565 0.86779 0.32532 -0.33492 0.92218 0.19345 -0.24814 0.96746 -0.04955 -0.23446 -0.4429 0.86537 -0.23528 -0.44004 0.86661 -0.32189 -0.19047 0.92742 -0.32252 -0.18783 0.92774 -0.42207 0.35264 0.83517 -0.42227 0.35831 0.83265 -0.39767 0.76003 0.51402 -0.39778 0.75964 0.51451 -0.36195 0.85998 0.35975 -0.28016 0.95789 0.06292 -0.33947 0.91212 0.22976 -0.38511 0.83697 0.3888 -0.3847 0.83788 0.38726 -0.44072 0.56011 0.70146 -0.38493 0.00323 0.92294 -0.44115 0.5546 0.70556 -0.44045 0.65024 0.61903 -0.38022 0.85981 0.34082 -0.37088 0.88437 0.28343 -0.33307 0.92798 0.16709 -0.32819 0.93509 0.13379 -0.22366 0.96574 -0.13158 -0.32599 0.93904 0.10925 -0.32112 0.94368 0.07971 -0.3322 0.93695 0.10844 -0.34037 0.93131 0.12965 -0.394 0.87388 0.28476 -0.392 0.87672 0.27876 -0.46127 0.70034 0.54475 -0.46408 0.6873 0.5588 -0.47525 0.32831 0.8163 -0.47422 0.31551 0.82193 -0.35852 0.51869 0.77616 -0.32146 0.76387 0.55961 -0.32223 0.15563 0.93378 -0.3219 0.15221 0.93446 -0.22501 -0.32836 0.91736 -0.27435 -0.01701 0.96148 -0.27489 -0.01275 0.96139 -0.31517 0.35309 0.88091 -0.30726 0.66544 0.68028 -0.20989 0.97486 0.07473 -0.21015 -0.36359 0.90755 -0.21026 -0.36225 0.90806 -0.30593 0.09124 0.94767 -0.30639 0.09543 0.94711 -0.33574 0.45045 0.82727 -0.31754 0.72303 0.61351 -0.32862 0.84545 0.42098 -0.3308 0.85467 0.40014 -0.36953 0.71689 0.5912 -0.37827 0.747 0.54673 -0.33089 0.87169 0.36147 -0.33255 0.87925 0.34107 -0.36705 0.79332 0.48572 -0.37039 0.80593 0.46183 -0.40056 0.6637 0.63171 -0.40036 0.66506 0.6304 -0.38539 0.16445 0.90798 -0.38477 0.15847 0.90931 -0.27063 -0.31769 0.90875 -0.26993 -0.32059 0.90794 -0.18248 -0.5458 0.81781 -0.1904 -0.52456 0.82981 -0.15511 -0.60243 0.78296 -0.15462 -0.60378 0.78201 -0.13512 -0.64367 0.75328 -0.13475 -0.64484 0.75235 -0.12331 -0.66751 0.73432 -0.12075 -0.6799 0.7233 -0.12999 -0.65931 0.74055 -0.15416 -0.62428 0.76584 -0.15583 -0.62586 0.76421 -0.18709 -0.56527 0.80341 -0.20546 -0.53437 0.8199 -0.2928 0.61474 0.73236 -0.28575 0.59392 0.75207 -0.28634 0.58642 0.75771 -0.2697 0.53991 0.79735 -0.27073 0.52082 0.8096 0.11097 -0.2995 0.94762 0.06591 -0.14582 0.98711 0.05608 -0.23983 0.96919 0.03135 -0.1719 0.98462 0.01629 -0.15336 0.98804 0.14069 -0.70306 0.69707 0.1525 -0.72442 0.67227 0.17294 -0.7174 0.67485 0.15151 -0.75537 0.63754 0.1668 -0.78053 0.60245 0.16801 -0.77963 0.60328 0.18073 -0.80182 0.56958 0.1883 -0.79646 0.57463 0.17837 -0.77631 0.60458 0.16026 -0.79283 0.58799 0.14392 -0.76164 0.63182 0.12919 -0.77865 0.61402 0.10903 -0.74144 0.6621 0.1607 -0.64657 0.74574 0.15764 -0.65304 0.74073 0.16777 -0.67496 0.71853 0.1639 -0.68231 0.71246 0.17412 -0.70377 0.68875 0.16923 -0.71201 0.68147 0.17896 -0.73169 0.65773 0.173 -0.74056 0.64934 0.18743 -0.76829 0.61204 0.19303 -0.76383 0.61588 0.2036 -0.78619 0.58348 0.10485 -0.65941 0.74444 0.13734 -0.62166 0.77115 0.12663 -0.65219 0.7474 0.15354 -0.61996 0.76947 0.15117 -0.62546 0.76547 0.181 -0.58717 0.78897 0.19089 -0.61293 0.76673 0.1869 -0.61852 0.76322 0.19728 -0.64513 0.73816 0.19206 -0.65185 0.73363 0.20255 -0.67817 0.70645 0.1965 -0.68522 0.70133 0.20653 -0.70965 0.6736 0.19892 -0.71766 0.66738 0.21225 -0.74879 0.6279 0.2087 -0.75177 0.62553 0.21849 -0.77532 0.59257 0.13568 -0.57052 0.81 0.13973 -0.56686 0.81188 0.16786 -0.52758 0.83275 0.17214 -0.52183 0.8355 0.1886 -0.49757 0.84667 0.09252 -0.62288 0.77683 0.10962 -0.60216 0.79082 0.12208 -0.62719 0.76924 0.14683 -0.59605 0.78941 0.14499 -0.60068 0.78623 0.1784 -0.55555 0.81212 0.0847 -0.68971 0.71912 0.19644 -0.54892 0.81246 0.21031 -0.58869 0.78052 0.2059 -0.59504 0.77687 0.21599 -0.62374 0.7512 0.21065 -0.6308 0.74681 0.22079 -0.65921 0.71881 0.21412 -0.66719 0.71345 0.22376 -0.69357 0.68476 0.21589 -0.70206 0.6786 0.22853 -0.73551 0.6378 -0.25687 -0.3977 0.88083 -0.25753 -0.39552 0.88161 -0.35174 -0.10566 0.93011 -0.35284 -0.10068 0.93025 -0.43456 0.45668 0.77628 -0.43453 0.45872 0.77508 -0.39251 0.80112 0.45181 -0.39214 0.80215 0.45031 -0.3267 0.92102 0.21212 -0.326 0.9167 0.23104 -0.26702 0.96149 0.06507 -0.27121 0.95957 0.07536 -0.26692 0.96246 0.04916 -0.27079 0.96137 0.04935 -0.30856 0.94 0.14558 -0.1976 0.96693 -0.16123 -0.28724 0.95657 0.04964 -0.28941 0.95647 0.03763 -0.29521 0.95469 0.0377 -0.1365 0.93711 -0.32124 -0.2992 0.95404 0.01678 -0.29881 0.9543 0.00478 -0.30646 0.95187 0.0049 -0.0714 0.8877 -0.45485 -0.26058 0.94018 0.21946 -0.23277 0.96201 0.14269 -0.37002 0.59928 0.70989 -0.18989 -0.40858 0.89275 -0.18435 -0.43362 0.88204 -0.29016 0.03569 0.95631 -0.29063 0.03958 0.95602 -0.31415 0.71144 0.62862 -0.34326 0.43614 0.83184 -0.21209 0.9591 0.18748 -0.25051 0.92051 0.29985 -0.21541 0.96829 0.12652 -0.21797 0.96768 0.12683 -0.24106 0.95633 0.16532 -0.25874 0.9283 0.26704 -0.2231 0.96065 0.16546 -0.22696 0.97166 0.06605 -0.32463 0.77534 0.54172 -0.35242 0.54457 0.76108 -0.33772 0.21983 0.91522 -0.06099 -0.71754 0.69384 -0.08347 -0.68632 0.7225 -0.079 -0.70986 0.6999 -0.09848 -0.66876 0.73692 -0.11604 -0.64254 0.75741 -0.14681 -0.56455 0.81224 -0.16105 -0.5391 0.8267 -0.24079 -0.2918 0.92567 -0.25863 -0.24594 0.93415 -0.3519 0.28217 0.89249 -0.36546 0.3547 0.8606 -0.36293 0.64427 0.6732 -0.37527 0.68543 0.62398 -0.24094 0.96324 0.11877 -0.2423 0.96899 0.04842 -0.26778 0.95231 0.1463 -0.25024 0.96293 0.10069 -0.25075 0.96586 0.06511 -0.25818 0.96386 0.06566 -0.27145 0.95567 0.11405 -0.25732 0.96314 0.07837 -0.25744 0.96583 0.03003 -0.33035 0.90287 0.27512 -0.35979 0.85096 0.38265 -0.39925 0.71947 0.5683 -0.40098 0.71104 0.57761 -0.40527 0.25785 0.87708 -0.40492 0.25319 0.8786 -0.29473 -0.26002 0.91953 -0.29401 -0.26296 0.91892 -0.21522 -0.47864 0.85122 -0.21493 -0.47975 0.85067 -0.17227 -0.57534 0.79956 -0.17161 -0.58326 0.79396 -0.17905 -0.56499 0.80543 -0.20352 -0.523 0.82768 -0.20328 -0.52386 0.82719 -0.22361 -0.4871 0.84424 -0.2229 -0.48931 0.84315 -0.24804 -0.44135 0.86237 -0.24807 -0.44126 0.86241 -0.27833 -0.37948 0.88234 -0.27712 -0.38297 0.88121 -0.3155 -0.29737 0.90113 -0.3138 -0.3025 0.90001 -0.35886 -0.18928 0.914 -0.35727 -0.19455 0.91351 -0.41172 -0.03151 0.91076 -0.40988 -0.03905 0.9113 -0.46448 0.18105 0.86688 -0.46291 0.17104 0.86975 -0.49786 0.43892 0.74799 -0.49778 0.4341 0.75085 -0.48547 0.69029 0.5365 -0.4879 0.67885 0.54874 -0.42969 0.85277 0.29691 -0.4445 0.8277 0.34253 -0.37569 0.91777 0.12866 -0.14821 -0.49063 0.85867 -0.13094 -0.52502 0.84095 -0.13129 -0.52249 0.84248 -0.11527 -0.55332 0.82495 -0.17276 -0.30277 0.93727 -0.17367 -0.29711 0.93891 -0.25221 0.47072 0.84547 -0.25282 0.45151 0.8557 -0.16852 0.96945 0.17826 -0.16057 0.97666 0.14269 -0.14541 0.97691 0.15656 -0.15932 0.96657 0.20092 -0.23297 0.39646 0.888 -0.23292 0.39943 0.88668 -0.15254 -0.34795 0.92502 -0.15181 -0.35276 0.92332 -0.10326 -0.57216 0.81362 -0.10247 -0.58976 0.80105 -0.08022 -0.66755 0.74023 -0.09487 -0.6448 0.75844 -0.09498 -0.65831 0.74673 -0.14773 -0.49347 0.85712 -0.16261 -0.46285 0.8714 -0.24385 -0.11177 0.96335 0.00036 -0.87304 0.48765 -0.08865 0.99601 0.01071 -0.08265 0.993 -0.08434 -0.05388 0.96983 -0.23776 0.09819 -0.75885 0.64382 0.08005 -0.72613 0.68288 0.0305 -0.80452 0.59314 0.05816 -0.71813 0.69347 0.04106 -0.6867 0.72578 0.03908 -0.69756 0.71546 0.01873 -0.65956 0.75142 0.01667 -0.68464 0.72869 -0.00586 -0.62845 0.77783 0.07843 0.5075 0.85807 -0.01428 0.6267 0.77913 -0.00563 0.24376 0.96982 -0.02351 0.51035 0.85964 -0.03846 -0.58639 0.80911 -0.04894 -0.29655 0.95376 -0.03234 -0.4622 0.88619 -0.08578 0.69901 0.70995 -0.10466 0.73367 0.6714 -0.1104 0.73219 0.6721 -0.10698 0.7494 0.65342 -0.08849 -0.30513 0.94819 -0.08958 -0.27589 0.95701 -0.06355 -0.53456 0.84273 -0.06164 -0.58886 0.80588 -0.05851 -0.61789 0.78408 -0.05705 -0.65888 0.75008 -0.02992 -0.70186 0.71169 -0.03105 -0.69263 0.72062 -0.01013 -0.72462 0.68907 -0.01036 -0.71619 0.69783 0.00646 -0.74132 0.67113 0.00317 -0.76186 0.64774 0.00358 -0.78686 0.61712 0.00387 -0.7858 0.61847 0.0037 -0.77077 0.6371 -0.16988 0.97318 0.15512 -0.17722 0.97162 0.1567 -0.179 0.97004 0.16426 -0.18112 0.97632 0.11834 -0.19192 0.96806 0.16131 -0.19401 0.97382 0.1185 -0.261 0.88053 0.39566 -0.20166 0.95566 0.21459 -0.32499 0.33917 0.8828 -0.30347 0.6531 0.69381 -0.25927 -0.06302 0.96375 -0.25898 -0.06522 0.96368 -0.16373 -0.47284 0.8658 -0.1672 -0.45553 0.87438 -0.11717 -0.61135 0.78264 -0.11375 -0.63437 0.76461 -0.12287 -0.60433 0.78721 -0.14249 -0.57087 0.80858 -0.14425 -0.57475 0.80551 -0.2248 -0.33026 0.91673 -0.24097 -0.29044 0.92606 -0.33732 0.21495 0.91652 -0.35204 0.28433 0.89175 -0.32662 0.80727 0.49156 -0.3293 0.81761 0.47232 -0.23518 0.97014 0.05928 -0.26453 0.94707 0.18191 0.23139 0.04642 0.97175 0.19444 0.1672 0.96656 0.1849 0.16387 0.969 0.35838 -0.29898 0.88441 0.20908 -0.56584 0.79757 0.2054 -0.573 0.7934 0.30721 -0.13606 0.94186 0.30059 -0.1081 0.94761 0.25864 -0.12264 0.95816 0.22527 -0.3067 0.92476 0.19349 -0.17264 0.96579 0.42131 -0.43653 0.79495 0.28271 -0.67617 0.68035 0.39285 -0.54665 0.73949 0.50309 -0.36534 0.78322 0.60026 -0.20449 0.77322 0.46172 -0.48281 0.74411 0.46598 -0.50812 0.72434 0.47355 -0.50542 0.72132 0.43574 -0.55919 0.70529 0.42889 -0.53665 0.72667 0.48274 -0.17938 0.8572 0.49205 -0.15255 0.8571 0.47873 -0.10727 0.87139 0.49389 -0.05515 0.86777 0.47935 -0.0622 0.87542 0.4647 0.03402 0.88481 0.47771 0.04017 0.8776 0.51299 0.13679 0.84742 0.47908 -0.0169 0.87761 0.47737 -0.0561 0.87691 0.49107 -0.21034 0.84534 0.49754 -0.20739 0.84228 0.51811 -0.18206 0.83571 0.48668 -0.26824 0.83138 0.49691 -0.31274 0.80949 0.48331 -0.34227 0.80577 0.48928 -0.37109 0.78924 0.41944 -0.41587 0.80692 0.39067 -0.42539 0.81635 0.20229 -0.69508 0.68989 0.37875 -0.34749 0.85779 0.37046 -0.29484 0.88081 0.09866 -0.59345 0.7988 0.08465 -0.59426 0.79981 0.10114 -0.57432 0.81236 0.10357 -0.57265 0.81323 0.12842 -0.54058 0.83143 0.13128 -0.53808 0.83261 0.1622 -0.49523 0.85349 0.18425 -0.46549 0.86566 0.19312 -0.49118 0.84938 0.23132 -0.43116 0.87212 0.24046 -0.48427 0.84123 0.23923 -0.48632 0.8404 0.24763 -0.53844 0.80546 0.24637 -0.54049 0.80447 0.25197 -0.57918 0.77528 0.2504 -0.58151 0.77404 0.25541 -0.62025 0.74165 0.25286 -0.62367 0.73966 0.25696 -0.65983 0.70611 0.25335 -0.66417 0.70334 0.25772 -0.7091 0.65633 0.24494 -0.72155 0.64759 0.24739 -0.75218 0.61076 0.22338 -0.7725 0.59442 0.21874 -0.74091 0.63498 0.19889 -0.76034 0.61833 0.18276 -0.71831 0.67128 0.16575 -0.73967 0.65224 0.14412 -0.68683 0.71239 0.13104 -0.70983 0.69207 0.10974 -0.65987 0.74332 0.09127 -0.70775 0.70055 0.08461 -0.639 0.76454 0.08308 -0.64429 0.76025 0.05272 -0.5719 0.81863 0.12284 -0.147 0.98148 0.27347 -0.2767 0.92122 0.03372 -0.4801 0.87657 0.06289 -0.45409 0.88873 0.0608 -0.45688 0.88745 0.10248 -0.41742 0.90292 0.09953 -0.42122 0.90148 0.15966 -0.36024 0.9191 0.16608 -0.38016 0.90989 0.16246 -0.38449 0.90872 0.16887 -0.40375 0.89915 0.16536 -0.40809 0.89784 0.17161 -0.42625 0.88818 0.16736 -0.43183 0.88629 0.17324 -0.4485 0.87683 0.16818 -0.45585 0.87402 0.1756 -0.47655 0.86143 0.28657 -0.12648 0.94967 0.29115 -0.14408 0.94577 0.21978 -0.22006 0.9504 0.22509 -0.23941 0.94447 0.18221 -0.2842 0.94129 0.17423 -0.29187 0.94045 0.15016 -0.31598 0.93681 0.14263 -0.32293 0.93561 0.11551 -0.34918 0.92991 0.37265 -0.12744 0.91918 0.25149 -0.33666 0.90742 0.26525 -0.31467 0.91138 0.26736 -0.28488 0.92052 0.39604 -0.10216 0.91253 0.3864 -0.11772 0.91479 0.39867 -0.09301 0.91237 0.63056 0.47159 0.61644 0.66035 0.48455 0.57372 0.65639 0.47821 0.5835 0.62795 0.38585 0.67586 0.64857 0.48265 0.58856 0.64249 0.49236 0.58718 0.57003 0.26891 0.77637 0.37527 -0.13925 0.9164 0.38675 -0.11934 0.91443 0.26336 -0.30792 0.91424 0.27078 -0.29728 0.91559 0.48183 0.07507 0.87304 0.48349 0.06881 0.87264 0.35915 -0.10187 0.9277 0.36089 -0.10893 0.92622 0.27424 -0.21543 0.93722 0.27756 -0.22824 0.9332 0.21488 -0.30105 0.92908 0.27618 -0.18429 0.94327 0.37022 -0.07316 0.92606 0.69961 0.48073 0.52863 0.69852 0.48266 0.52832 0.6927 0.47619 0.54166 0.69397 0.48076 0.53598 0.69136 0.48532 0.53524 0.68952 0.48303 0.53966 0.6487 0.38994 0.65356 0.41607 -0.03181 0.90877 0.41623 -0.03508 0.90858 0.35688 -0.11443 0.92712 0.63583 0.34144 0.69219 0.69199 0.47206 0.54618 0.47582 0.05154 0.87803 0.47741 0.04529 0.87751 0.35899 -0.12297 0.92521 0.40029 -0.06908 0.91378 0.27093 -0.23647 0.9331 0.27535 -0.25321 0.9274 0.68339 0.48707 0.54381 0.6776 0.47914 0.55793 0.66845 0.44828 0.59348 0.67335 0.48037 0.56201 0.67244 0.4819 0.56178 0.26925 -0.26103 0.92702 0.40288 -0.08031 0.91172 0.39414 -0.09375 0.91426 0.66374 0.46927 0.58244 0.66523 0.47646 0.57485 0.28071 -0.15602 0.94703 0.28526 -0.17363 0.94259 0.21672 -0.24873 0.94401 0.22202 -0.26787 0.93753 0.18036 -0.31251 0.93264 0.17408 -0.31873 0.93172 0.14933 -0.34414 0.92697 0.49143 0.12383 0.86207 0.5753 0.57022 0.58641 0.56683 0.57532 0.58967 0.61904 0.50468 0.60174 0.59036 0.54619 0.59426 0.35136 -0.16906 0.92085 0.31117 0.04194 0.94943 0.46638 0.10565 0.87825 0.22018 -0.31951 0.92165 0.21524 -0.32548 0.92073 0.2205 -0.34331 0.91297 0.21569 -0.34935 0.91183 0.22048 -0.3651 0.90448 0.21467 -0.37289 0.9027 0.21853 -0.38528 0.89655 0.21185 -0.39527 0.8938 0.2174 -0.41293 0.88444 0.25231 -0.35267 0.90109 0.02983 -0.68523 0.72772 0.48609 0.15886 0.85935 0.49318 0.19002 0.84892 0.11907 -0.19347 0.97385 0.30128 -0.06577 0.95126 0.30587 -0.08298 0.94845 0.2305 -0.15787 0.96018 0.23589 -0.17753 0.95543 0.1909 -0.222 0.95618 0.17961 -0.2322 0.95594 0.15697 -0.25371 0.95446 0.14599 -0.26325 0.95362 0.12004 -0.28715 0.95033 0.10926 -0.29525 0.94915 0.08646 -0.31553 0.94497 0.07605 -0.32278 0.94341 0.04545 -0.34896 0.93604 0.05378 -0.33771 0.93971 0.04596 -0.31635 0.94753 0.07771 -0.28994 0.95389 0.08901 -0.28241 0.95516 0.11212 -0.26246 0.95841 0.12375 -0.25409 0.95923 0.15001 -0.23064 0.96141 0.1618 -0.22078 0.96181 0.18454 -0.19987 0.96229 0.19656 -0.18942 0.96202 0.24253 -0.14552 0.95917 0.23709 -0.1257 0.96332 0.31349 -0.05326 0.9481 0.29368 -0.09603 0.95107 0.29828 -0.11349 0.94771 0.22453 -0.18956 0.95585 0.22988 -0.20908 0.95049 0.18589 -0.25385 0.94921 0.17602 -0.26306 0.94859 0.15285 -0.28569 0.94605 0.1434 -0.29417 0.94494 0.11704 -0.31907 0.94048 0.10787 -0.32623 0.93911 0.08466 -0.34738 0.93389 0.71261 0.43728 0.54861 0.72519 0.45755 0.51454 0.71673 0.47131 0.51397 0.71416 0.46467 0.5235 0.72245 0.47101 0.50618 0.72408 0.46802 0.50662 0.36658 -0.05875 0.92853 0.3772 -0.0456 0.92501 0.37356 -0.03147 0.92707 0.38497 -0.01781 0.92276 0.38138 -0.00417 0.92441 0.39323 0.00943 0.91939 0.38977 0.02226 0.92064 0.40162 0.03519 0.91513 0.39822 0.04752 0.91606 0.40964 0.05923 0.91032 0.40646 0.07057 0.91094 0.41738 0.08103 0.90511 0.41499 0.08942 0.90542 0.80374 0.51424 0.29927 0.80333 0.51352 0.3016 0.66631 0.32525 0.671 0.67579 0.33681 0.65564 0.67839 0.33073 0.65605 0.68059 0.33325 0.65249 0.68451 0.32388 0.6531 0.80542 0.53049 0.26435 0.80346 0.53286 0.26553 0.64778 0.38729 0.65604 0.7418 0.43088 0.51388 0.72907 0.41586 0.54361 0.74492 0.44812 0.49426 0.7977 0.44984 0.40165 0.78969 0.43732 0.43029 0.82173 0.47443 0.31572 0.83395 0.48287 0.26712 0.82229 0.50217 0.2677 0.81857 0.50866 0.26686 0.8103 0.50144 0.30328 0.81474 0.5148 0.26681 0.81101 0.52109 0.26594 0.7429 0.45202 0.49374 0.73922 0.45001 0.50104 0.72418 0.43304 0.5367 0.73555 0.45616 0.50087 0.73234 0.46222 0.50002 0.18711 -0.01791 0.98218 0.19021 -0.02897 0.98132 0.18213 -0.03299 0.98272 0.18606 -0.04687 0.98142 0.17736 -0.05168 0.98279 0.18212 -0.06829 0.9809 0.1727 -0.07399 0.98219 0.17827 -0.09327 0.97955 0.16813 -0.09992 0.98069 0.17453 -0.12185 0.97708 0.16364 -0.12953 0.97798 0.17082 -0.154 0.97319 0.15924 -0.16273 0.97374 0.22311 -0.01003 0.97474 0.22643 -0.02196 0.97378 0.21736 -0.02713 0.97571 0.22151 -0.04189 0.97426 0.21177 -0.04798 0.97614 0.21673 -0.06551 0.97403 0.20628 -0.0726 0.9758 0.21205 -0.0929 0.97283 0.20088 -0.10107 0.97439 0.20741 -0.12403 0.97036 0.19562 -0.13325 0.97159 0.22615 0.0127 0.97401 0.2193 0.00896 0.97562 0.22001 0.00634 0.97548 0.21296 0.00205 0.97706 0.21503 -0.00551 0.97659 0.22925 0.00288 0.97336 0.2316 -0.00566 0.97279 0.13052 -0.18616 0.97381 0.12232 -0.15945 0.9796 0.13308 -0.15306 0.97922 0.12572 -0.12877 0.98367 0.13571 -0.12332 0.98304 0.1292 -0.10159 0.9864 0.13838 -0.09702 0.98562 0.13272 -0.07788 0.98809 0.14112 -0.07411 0.98721 0.13631 -0.05761 0.98899 0.14401 -0.05456 0.98807 0.14005 -0.04078 0.9893 0.14717 -0.03834 0.98837 0.14404 -0.02727 0.9892 0.1507 -0.02535 0.98826 0.14841 -0.01715 0.98878 0.15475 -0.01568 0.98783 0.15351 -0.01117 0.98808 0.23307 0.01544 0.97234 0.24988 -0.06296 0.96623 0.261 -0.05315 0.96387 0.25631 -0.03625 0.96591 0.26677 -0.0276 0.96337 0.26286 -0.01354 0.96474 0.27264 -0.00601 0.9621 0.26953 0.00522 0.96298 0.27871 0.01176 0.9603 0.27642 0.02009 0.96083 0.28507 0.02575 0.95816 0.28361 0.0311 0.95843 0.2919 0.03603 0.95577 0.29131 0.03824 0.95586 0.29933 0.04253 0.9532 0.29969 0.04117 0.95315 0.30759 0.0449 0.95046 0.30887 0.03997 0.95026 0.31677 0.04317 0.94752 0.31845 0.03649 0.94724 0.32645 0.03923 0.9444 0.32801 0.03287 0.9441 0.33608 0.03521 0.94117 0.3372 0.0305 0.94094 0.44232 0.12149 0.88859 0.4424 0.12121 0.88859 0.42537 0.11125 0.89815 0.47976 0.14467 0.86539 0.58125 0.21196 0.78564 0.58484 0.20026 0.78604 0.72527 0.28954 0.62462 0.73356 0.26558 0.62559 0.42531 0.09859 0.89966 0.42377 0.10396 0.89978 0.56042 0.2136 0.80019 0.56221 0.208 0.80041 0.7005 0.31895 0.63842 0.70721 0.30169 0.6394 0.81459 0.39101 0.42844 0.84495 0.4169 0.33504 0.90148 0.34494 0.26145 0.89759 0.35532 0.26093 0.85259 0.39345 0.34394 0.86867 0.41859 0.26494 0.86554 0.42538 0.26437 0.88235 0.35242 0.31186 0.83337 0.32814 0.44476 0.8356 0.3294 0.43962 0.8853 0.3833 0.2633 0.88151 0.39234 0.26269 0.43362 0.11203 0.89411 0.43293 0.11443 0.89414 0.57048 0.21465 0.79277 0.57317 0.20608 0.7931 0.7124 0.30589 0.63159 0.71988 0.28566 0.63259 0.82553 0.36224 0.43277 0.85778 0.3852 0.34034 0.55672 0.07378 0.82742 0.55402 0.08628 0.82802 0.54477 0.08419 0.83435 0.43658 0.10829 0.89312 0.44548 0.11251 0.88819 0.49251 0.1362 0.85958 0.50124 0.14044 0.85383 0.60521 0.19466 0.7719 0.61088 0.17462 0.77223 0.75377 0.24305 0.61054 0.76354 0.20873 0.61109 0.85308 0.24811 0.45902 0.89455 0.2637 0.3609 0.95316 0.17536 0.24643 0.9517 0.18298 0.24656 0.46038 0.0931 0.88282 0.46939 0.09615 0.87774 0.51802 0.11393 0.84775 0.52704 0.11706 0.84174 0.63371 0.15733 0.7574 0.64009 0.13123 0.75701 0.78494 0.17886 0.59319 0.79161 0.14787 0.59286 0.89907 0.18003 0.39909 0.92747 0.18634 0.32416 0.9286 0.24885 0.27527 0.93133 0.25912 0.25588 0.92983 0.26451 0.25582 0.92615 0.19623 0.32208 0.94471 0.2105 0.2514 0.94261 0.2197 0.25145 0.44798 0.10311 0.88808 0.45689 0.10674 0.8831 0.50472 0.12757 0.85381 0.51355 0.13125 0.84796 0.61891 0.17868 0.76486 0.62551 0.15379 0.76491 0.76967 0.21156 0.60237 0.77843 0.17634 0.60245 0.8735 0.21074 0.43884 0.91087 0.22164 0.34813 0.91806 0.30005 0.2591 0.91422 0.31185 0.25874 0.9051 0.31109 0.28985 0.4261 0.10864 0.89813 0.43515 0.11352 0.89317 0.48117 0.13974 0.86542 0.49014 0.1447 0.85955 0.59272 0.20541 0.77877 0.59727 0.19006 0.77919 0.73899 0.26901 0.61769 0.74821 0.24001 0.61853 0.8417 0.28951 0.45576 0.87456 0.30505 0.37695 0.85347 0.44779 0.2666 0.85 0.45473 0.26592 0.84701 0.45383 0.27678 0.83144 0.44543 0.33211 0.80297 0.41651 0.42633 0.69518 0.31414 0.64656 0.68927 0.3287 0.64565 0.55192 0.20607 0.80804 0.55123 0.20819 0.80796 0.54381 0.20218 0.81449 0.53442 0.19247 0.82301 0.53444 0.19234 0.82303 0.5292 0.18687 0.82766 0.53026 0.18358 0.82772 0.52046 0.17244 0.83629 0.52178 0.16822 0.83633 0.51189 0.15613 0.84475 0.51352 0.15081 0.84472 0.50346 0.13774 0.85297 0.50547 0.13096 0.85285 0.49541 0.11722 0.86071 0.4976 0.10952 0.86046 0.71386 0.4765 0.51317 0.7133 0.47629 0.51415 0.7069 0.47067 0.52797 0.70858 0.47553 0.52133 0.7059 0.48031 0.52058 0.70175 0.47618 0.5299 0.69277 0.45484 0.55963 0.48816 0.09603 0.86745 0.4904 0.08782 0.86706 0.3608 -0.08519 0.92874 0.3635 -0.096 0.92663 0.27963 -0.19767 0.93954 0.33386 -0.13794 0.93247 0.21524 -0.2756 0.93687 0.22053 -0.29443 0.92988 0.18018 -0.33888 0.92341 0.15009 -0.36923 0.91714 0.1437 -0.34949 0.92586 0.1159 -0.37704 0.91892 0.10837 -0.35494 0.92859 0.0843 -0.37737 0.92222 0.07586 -0.35375 0.93226 0.04642 -0.37953 0.92401 0.0534 -0.37013 0.92745 0.01444 -0.40272 0.91521 0.0194 -0.39033 0.92047 0.05816 -0.0201 0.99811 0.04658 -0.02251 0.99866 0.04494 -0.01579 0.99886 0.02203 -0.02104 0.99954 0.0131 -0.02308 0.99965 0.01125 -0.01572 0.99981 0.02115 -0.01162 0.99971 0.02087 -0.0105 0.99973 0.01733 -0.01322 0.99976 0.01647 -0.00995 0.99981 0.01313 -0.01257 0.99983 0.01374 -0.0148 0.9998 0.01022 -0.01768 0.99979 0.01157 -0.02244 0.99968 0.00997 -0.02538 0.99963 0.0112 -0.02962 0.9995 0.00944 -0.03294 0.99941 0.01106 -0.03844 0.9992 0.00912 -0.0423 0.99906 0.01114 -0.04903 0.99874 0.00897 -0.05359 0.99852 0.01141 -0.06156 0.99804 0.00896 -0.06697 0.99771 0.01184 -0.07623 0.99702 0.00905 -0.08265 0.99654 0.01241 -0.09323 0.99557 0.00922 -0.10082 0.99486 0.01307 -0.1127 0.99354 0.0094 -0.12166 0.99253 0.01379 -0.13492 0.99076 0.00958 -0.1454 0.98933 0.01447 -0.15986 0.98703 0.00972 -0.17201 0.98505 0.01514 -0.18766 0.98212 0.00985 -0.20152 0.97943 0.01586 -0.21849 0.97571 0.01005 -0.23397 0.97219 0.01674 -0.25239 0.96748 0.01047 -0.2692 0.96303 0.01728 -0.28743 0.95765 0.01076 -0.30489 0.95233 0.01743 -0.32226 0.94649 0.0347 -0.03136 0.99891 0.03318 -0.02299 0.99918 0.06592 -0.02473 0.99752 0.06438 -0.0149 0.99781 0.08081 -0.01585 0.9966 0.07973 -0.00795 0.99678 0.09409 -0.00885 0.99552 0.09349 -0.00372 0.99561 0.10663 -0.00461 0.99429 0.10629 -0.00105 0.99433 0.11866 -0.00194 0.99293 0.11844 0.00089 0.99296 0.1302 0 0.99149 0.13006 0.00244 0.9915 0.14125 0.00155 0.98997 0.14118 0.00379 0.98998 0.1684 0.00292 0.98571 0.15894 -0.00813 0.98725 0.1496 -0.00983 0.9887 0.1479 -0.00248 0.989 0.13896 -0.00421 0.99029 0.13791 0.00014 0.99044 0.1292 -0.00171 0.99162 0.12926 -0.00198 0.99161 0.12047 -0.00411 0.99271 0.12126 -0.0071 0.9926 0.11684 -0.00876 0.99311 0.11757 -0.01151 0.993 0.11304 -0.01338 0.9935 0.11395 -0.01673 0.99335 0.10929 -0.0189 0.99383 0.11052 -0.02332 0.9936 0.11413 -0.01788 0.9933 0.0987 -0.02078 0.9949 0.09657 -0.01165 0.99526 0.08961 -0.01388 0.99588 0.08786 -0.00668 0.99611 0.08135 -0.00884 0.99665 0.08039 -0.00503 0.99675 0.0741 -0.00722 0.99722 0.07444 -0.00852 0.99719 0.06803 -0.01095 0.99762 0.06912 -0.01497 0.9975 0.06596 -0.01711 0.99768 0.06699 -0.02082 0.99754 0.06367 -0.02319 0.9977 0.065 -0.02792 0.99749 0.06152 -0.03061 0.99764 0.06324 -0.03661 0.99733 0.05952 -0.03974 0.99744 0.06176 -0.04739 0.99697 0.05775 -0.05104 0.99703 0.06062 -0.06071 0.99631 0.05623 -0.065 0.9963 0.05978 -0.07674 0.99526 0.0549 -0.08179 0.99514 0.05914 -0.09555 0.99367 0.05367 -0.10149 0.99339 0.05864 -0.11735 0.99136 0.0525 -0.12431 0.99085 0.0582 -0.14211 0.98814 0.05134 -0.15022 0.98732 0.05777 -0.16991 0.98377 0.05019 -0.17924 0.98252 0.05738 -0.20084 0.97794 0.04911 -0.21137 0.97617 0.0571 -0.23484 0.97036 0.04821 -0.24645 0.96796 0.05633 -0.26977 0.96128 0.2219 -0.00367 0.97506 0.21056 -0.00561 0.97756 0.20874 0.00261 0.97797 0.19773 0.0006 0.98026 0.19643 0.00619 0.9805 0.18562 0.00402 0.98261 0.18525 0.00555 0.98268 0.17438 0.00303 0.98467 0.17467 0.00188 0.98463 0.16924 -2E-05 0.98558 0.16948 -0.00094 0.98553 0.16398 -0.00307 0.98646 0.16425 -0.00409 0.98641 0.22492 0.01015 0.97432 0.22486 0.0104 0.97434 0.23158 0.01121 0.97275 0.23146 0.01168 0.97277 0.24463 0.01323 0.96953 0.24512 0.01113 0.96943 0.25823 0.01225 0.96601 0.25946 0.00676 0.96573 0.27267 0.00761 0.96208 0.27429 -3E-05 0.96165 0.28773 0.00067 0.95771 0.30886 -0.01409 0.951 0.30466 0.00119 0.95246 0.31542 0.00936 0.94891 0.31202 0.02166 0.94983 0.32222 0.0288 0.94623 0.31964 0.03815 0.94677 0.32927 0.04431 0.9432 0.32752 0.05066 0.94348 0.33667 0.05594 0.93996 0.33578 0.0592 0.94008 0.34453 0.06372 0.93661 0.34453 0.06369 0.93661 0.35311 0.0676 0.93314 0.35413 0.06375 0.93302 0.36264 0.06709 0.92951 0.36461 0.05941 0.92926 0.3732 0.06221 0.92566 0.37553 0.05285 0.9253 0.38421 0.05513 0.9216 0.38627 0.04654 0.92121 0.39517 0.04841 0.91733 0.39662 0.04214 0.91702 0.40541 0.04365 0.91309 0.40675 0.03762 0.91277 0.42412 0.04017 0.90471 0.42584 0.032 0.90423 0.44299 0.03393 0.89588 0.44484 0.02451 0.89528 0.46169 0.02608 0.88666 0.46353 0.01595 0.88594 0.48008 0.0173 0.87705 0.39598 0.01005 0.91821 0.34529 0.03254 0.93793 0.34622 0.02851 0.93772 0.36257 0.03062 0.93145 0.36386 0.02471 0.93113 0.37998 0.02624 0.92462 0.38161 0.01832 0.92414 0.39764 0.01951 0.91733 0.3994 0.01042 0.91672 0.43564 0.01328 0.90002 0.09349 -0.21372 0.97241 0.08445 -0.18569 0.97897 0.0949 -0.17998 0.97908 0.08675 -0.15424 0.98422 0.09636 -0.14942 0.98407 0.0891 -0.12612 0.98801 0.09787 -0.12211 0.98768 0.09149 -0.10127 0.99064 0.09943 -0.09802 0.9902 0.09391 -0.07969 0.99239 0.10109 -0.07712 0.99188 0.09643 -0.06139 0.99344 0.10296 -0.05938 0.99291 0.09912 -0.0462 0.994 0.10512 -0.04467 0.99346 0.10209 -0.03411 0.99419 0.1077 -0.03299 0.99364 0.10568 -0.02586 0.99406 0.15917 -0.00833 0.98722 0.15868 -0.00654 0.98731 0.23345 0.014 0.97227 0.21748 0.01165 0.976 0.26566 0.02206 0.96381 0.26629 0.01956 0.9637 0.27377 0.02081 0.96157 0.27414 0.01929 0.9615 0.28163 0.02026 0.95931 0.28193 0.01897 0.95925 0.29665 0.02078 0.95476 0.29751 0.01702 0.95457 0.31211 0.01833 0.94987 0.31352 0.01176 0.94951 0.32815 0.01278 0.94454 0.32985 0.00446 0.94402 0.34457 0.0053 0.93875 0.46307 0.04596 0.88513 0.56781 0.06672 0.82045 0.56601 0.0755 0.82093 0.94671 0.14172 0.28924 0.82627 0.10139 0.55407 0.82034 0.10005 0.56306 0.81831 0.11344 0.56347 0.81209 0.1119 0.5727 0.80934 0.12841 0.57313 0.96579 0.11548 0.23218 0.95798 0.11264 0.26378 0.96744 0.10945 0.22821 0.96811 0.10384 0.228 0.96491 0.12222 0.23241 0.95996 0.12382 0.25129 0.94645 0.12441 0.29791 0.96271 0.13102 0.2367 0.9617 0.13785 0.23691 0.62419 0.04315 0.78008 0.66666 0.06642 0.74239 0.66794 0.05879 0.74189 0.75062 0.06976 0.65704 0.75178 0.06178 0.65652 0.84644 0.07416 0.5273 0.96903 0.09367 0.22848 0.97125 0.08979 0.2205 0.96493 0.0922 0.24576 0.84128 0.07317 0.53563 0.84024 0.08212 0.53596 0.74357 0.06862 0.66513 0.74224 0.07724 0.66567 0.65835 0.06502 0.7499 0.65692 0.07314 0.7504 0.85289 0.05964 0.51867 0.85753 0.06052 0.51087 0.8581 0.05419 0.51062 0.86249 0.05503 0.50308 0.86312 0.04744 0.50277 0.97409 0.07452 0.21354 0.97399 0.07569 0.21359 0.96968 0.07742 0.23177 0.97305 0.07872 0.21675 0.97274 0.08213 0.21689 0.96952 0.09873 0.22424 0.96173 0.10156 0.25448 0.83481 0.08105 0.54453 0.83355 0.09105 0.54489 0.735 0.07599 0.6738 0.73344 0.08547 0.67436 0.72588 0.08439 0.68263 0.72402 0.09501 0.68321 0.92185 0.04807 0.38454 0.98768 0.06238 0.14348 0.98752 0.06496 0.1435 0.97805 0.0664 0.1975 0.96744 0.08422 0.23868 0.8473 0.06604 0.52699 0.85217 0.06696 0.51896 0.76618 0.05611 0.64017 0.76704 0.04935 0.6397 0.6666 0.03536 0.74458 0.78023 0.04492 0.62388 0.78102 0.03776 0.62336 0.87152 0.04882 0.48793 0.8721 0.04151 0.48756 0.9056 0.04561 0.42167 0.906 0.04002 0.42137 0.99283 0.06637 -0.09941 0.67598 0.06004 0.73447 0.67763 0.04956 0.73374 0.69325 0.05121 0.71887 0.69503 0.03865 0.71794 0.70977 0.04007 0.7033 0.71101 0.03024 0.70253 0.79257 0.03926 0.60852 0.79335 0.03151 0.60795 0.85335 0.03874 0.5199 0.85382 0.03295 0.51953 0.91133 0.04093 0.40964 0.91161 0.03657 0.40942 0.96785 0.04686 0.24713 0.96809 0.04228 0.24701 0.25405 -0.02452 0.96688 0.27702 -0.02358 0.96058 0.29557 -0.02236 0.95506 0.0351 -0.0313 0.99889 0.05878 -0.032 0.99776 0.07394 -0.03122 0.99677 0.10244 -0.03173 0.99423 0.11572 -0.03101 0.9928 0.14873 -0.03024 0.98842 0.15375 -0.02995 0.98766 0.19068 -0.0289 0.98123 0.19557 -0.02862 0.98027 0.24611 -0.02831 0.96883 0.27748 -0.02641 0.96037 0.26627 -0.02753 0.96351 0.34236 -0.02327 0.93928 0.30728 -0.02619 0.95126 0.19111 -0.03145 0.98106 0.26624 -0.02733 0.96352 0.2463 -0.02955 0.96874 0.30009 -0.02644 0.95354 0.29996 -0.02556 0.95361 0.32048 -0.02426 0.94694 0.32002 -0.02127 0.94717 0.37151 -0.01772 0.92826 0.34578 -0.02005 0.9381 0.43348 -0.01376 0.90106 0.40652 -0.01627 0.9135 0.46037 -0.01225 0.88764 0.97133 0.0384 0.23461 0.97111 0.04308 0.23472 0.9168 0.03258 0.39802 0.91651 0.03744 0.39826 0.86203 0.02963 0.506 0.8617 0.03411 0.50628 0.80455 0.02709 0.59327 0.80402 0.03292 0.59369 0.72563 0.02428 0.68766 0.72476 0.03191 0.68826 0.64481 0.02362 0.76398 0.64348 0.03311 0.76474 0.62747 0.03165 0.778 0.62564 0.04354 0.77889 0.60887 0.04185 0.79216 0.60729 0.05121 0.79283 0.48738 0.03912 0.87231 0.58868 0.0554 0.80647 0.58739 0.0623 0.8069 0.64839 0.07197 0.7579 0.64671 0.08097 0.75842 0.67625 0.08712 0.7315 0.67408 0.09837 0.73208 0.66568 0.09617 0.74001 0.66207 0.11369 0.74077 0.49479 0.0719 0.86604 0.49702 0.06178 0.86553 0.50637 0.06345 0.85998 0.50845 0.0536 0.85942 0.52672 0.05638 0.84817 0.52899 0.04474 0.84744 0.54676 0.04683 0.83598 0.54883 0.03534 0.83519 0.56602 0.03702 0.82356 0.56788 0.02575 0.82271 0.58453 0.02721 0.81092 0.5859 0.01806 0.81018 0.65997 0.02537 0.75086 0.66092 0.01792 0.75024 0.73845 0.02584 0.67381 0.73905 0.02004 0.67335 0.81439 0.02842 0.57962 0.81476 0.02388 0.5793 0.86915 0.03072 0.49359 0.86949 0.02572 0.49328 0.9252 0.03406 0.37795 0.92545 0.0292 0.37773 0.97382 0.03911 0.22394 0.42059 -0.01994 0.90703 0.42061 -0.02014 0.90702 0.50631 -0.01448 0.86223 0.5062 -0.01335 0.86232 0.56062 -0.00973 0.82802 0.45099 -0.01563 0.89239 0.60041 -0.0061 0.79967 0.6382 -0.00366 0.76986 0.71872 0.00244 0.6953 0.67903 -0 0.73411 0.72179 0.0032 0.69211 0.51461 -0.01437 0.85731 0.53865 -0.01282 0.84243 0.55524 -0.01155 0.83161 0.5789 -0.00994 0.81534 0.6223 -0.0064 0.78275 0.62236 -0.00711 0.7827 0.68842 -0.00163 0.72532 0.68838 -0.00116 0.72535 0.75075 0.00412 0.66058 0.75069 0.00511 0.66063 0.80783 0.01001 0.58933 0.80779 0.0108 0.58937 0.86048 0.01539 0.50924 0.86047 0.01566 0.50925 0.90574 0.01971 0.42337 0.90577 0.01906 0.42335 0.91581 0.01979 0.40112 0.91587 0.01799 0.40108 0.92397 0.01848 0.38202 0.92403 0.01595 0.38198 0.93072 0.01628 0.36536 0.93078 0.01334 0.36533 0.93637 0.01355 0.35074 0.48391 -0.01609 0.87497 0.48395 -0.01652 0.87494 0.53864 -0.0127 0.84244 0.56076 -0.01134 0.8279 0.57891 -0.00999 0.81533 0.60061 -0.00858 0.79949 0.6432 -0.00521 0.76568 0.64315 -0.00449 0.76573 0.70602 0.00049 0.70819 0.70593 0.00179 0.70827 0.765 0.00648 0.644 0.57346 -0.00366 0.81922 0.57397 -0.00822 0.81883 0.64666 -0.00198 0.76277 0.64691 -0.00476 0.76255 0.7167 0.00157 0.69738 0.71678 0.00046 0.6973 0.78141 0.00665 0.62398 0.78142 0.00656 0.62398 0.84133 0.01259 0.54037 0.84132 0.01285 0.54038 0.89305 0.01835 0.44958 0.67323 0.00482 0.73942 0.67368 4E-05 0.73903 0.74718 0.00724 0.66458 0.7474 0.00418 0.66436 0.81641 0.01157 0.57736 0.8165 0.01 0.57726 0.87655 0.01711 0.48101 0.87659 0.01631 0.48097 0.91677 0.02152 0.39885 0.91679 0.021 0.39883 0.95174 0.026 0.3058 0.62204 0.00034 0.78299 0.62252 -0.00434 0.7826 0.69629 0.00239 0.71776 0.69652 -0.00053 0.71753 0.76539 0.00621 0.64353 0.76548 0.00487 0.64344 0.82972 0.01163 0.55806 0.82974 0.0112 0.55803 0.88537 0.01751 0.46455 0.88538 0.01735 0.46454 0.92258 0.02186 0.38519 0.18098 -0.01584 0.98336 0.2284 -0.0123 0.97349 0.22383 -0.01275 0.97455 0.26826 -0.01026 0.96329 0.28959 -0.00859 0.95711 0.31659 -0.00697 0.94854 0.34646 -0.00458 0.93805 0.37567 -0.0027 0.92675 0.39797 -0.00085 0.9174 0.42862 0.00147 0.90348 0.43759 0.00223 0.89917 0.46896 0.00469 0.88321 0.48201 0.00583 0.87615 0.51392 0.00841 0.8578 0.33754 -0.00668 0.94129 0.56429 0.00926 0.82553 0.61799 0.01423 0.78605 0.6187 0.00861 0.78558 0.68946 0.01538 0.72416 0.68994 0.01087 0.72378 0.76266 0.01836 0.64653 0.7631 0.01328 0.64614 0.84027 0.02222 0.54171 0.84059 0.01726 0.5414 0.89304 0.02433 0.44933 0.89321 0.02093 0.44916 0.93857 0.02819 0.34393 0.93866 0.02594 0.34386 0.97791 0.03418 0.20621 0.72634 0.00982 0.68727 0.72674 0.00496 0.68689 0.80098 0.01288 0.59855 0.80119 0.00968 0.59833 0.86626 0.0175 0.49929 0.86635 0.01567 0.49919 0.91006 0.02158 0.41392 0.9101 0.02049 0.41387 0.94801 0.02627 0.31715 0.94804 0.02533 0.31713 0.98086 0.03152 0.19216 0.9907 0.03158 0.13231 0.98519 0.03041 0.16873 0.98305 0.02994 0.18088 0.98092 0.02954 0.19213 0.95783 0.02569 0.28618 0.95178 0.02492 0.30577 0.93208 0.02243 0.36155 0.92259 0.02144 0.38518 0.89996 0.01904 0.43555 0.89305 0.01844 0.44958 0.85149 0.01442 0.52418 0.8515 0.01402 0.52416 0.79543 0.00873 0.60598 0.79546 0.00808 0.60595 0.73472 0.00251 0.67836 0.73474 0.00232 0.67835 0.66881 -0.00353 0.74343 0.66874 -0.00262 0.7435 0.59937 -0.00853 0.80043 0.59911 -0.00588 0.80064 0.55503 -0.00952 0.83178 0.52931 -0.01132 0.84835 0.5144 -0.01248 0.85746 0.50109 -0.00934 0.86534 0.48805 -0.01037 0.87276 0.48853 -0.0142 0.87243 0.43408 -0.0182 0.90069 0.45963 -0.01583 0.88797 0.37213 -0.02196 0.92792 0.39682 -0.01974 0.91768 0.34419 -0.02327 0.93861 0.34441 -0.02485 0.93849 0.3771 -0.022 0.92591 0.38854 -0.02159 0.92118 0.38829 -0.01946 0.92133 0.46317 -0.01504 0.88614 0.46294 -0.01266 0.8863 0.54579 -0.00778 0.83789 0.5456 -0.00552 0.83803 0.59922 -0.00241 0.80058 0.50668 -0.00656 0.86211 0.63789 0.00076 0.77012 0.66934 0.00245 0.74296 0.67883 0.00304 0.73429 0.70845 0.00474 0.70574 0.72165 0.00561 0.69224 0.74888 0.00727 0.66267 0.76489 0.0084 0.6441 0.78921 0.01 0.61404 0.83858 0.01387 0.5446 0.82874 0.01327 0.55947 0.86845 0.01647 0.49551 0.86845 0.01631 0.4955 0.882 0.01718 0.47094 0.88204 0.01587 0.47091 0.89311 0.01645 0.44953 0.89317 0.01428 0.44949 0.90234 0.01467 0.43078 0.90239 0.01203 0.43075 0.91012 0.01229 0.41415 0.9716 0.07176 0.22549 0.97154 0.07174 0.22577 0.97509 0.07029 0.2104 0.97547 0.06541 0.2102 0.96092 0.06335 0.26949 0.96155 0.05506 0.26906 0.9713 0.05682 0.23095 0.99241 0.05671 0.10911 0.99664 0.06302 -0.05239 0.97053 0.04287 0.23714 0.9912 0.05811 -0.11896 0.99064 0.04454 0.12902 0.99075 0.04214 0.12901 0.998 0.01367 0.06177 0.99206 0.01354 0.12507 0.97439 0.01209 0.22452 0.97224 0.01199 0.23369 0.95819 0.01117 0.28592 0.95475 0.01106 0.29719 0.94118 0.0104 0.33775 0.93642 0.01026 0.35072 0.91676 0.00944 0.39933 0.91017 0.00928 0.41413 0.88976 0.00853 0.45636 0.88128 0.00835 0.47251 0.86183 0.00771 0.50714 0.85154 0.00752 0.52423 0.83222 0.00694 0.5544 0.82018 0.00673 0.57206 0.80136 0.0062 0.59815 0.78772 0.00599 0.61601 0.77038 0.00554 0.63756 0.75524 0.00531 0.65542 0.73962 0.00493 0.67301 0.72321 0.00471 0.69061 0.69193 0.004 0.72196 0.69189 0.00545 0.72198 0.67227 0.00507 0.74029 0.67224 0.0059 0.74031 0.6501 0.00533 0.75983 0.6501 0.00546 0.75983 0.62496 0.00464 0.78064 0.62503 0.00339 0.78059 0.59613 0.00224 0.80288 0.5963 -0.00028 0.80276 0.56303 -0.00158 0.82644 0.56321 -0.00406 0.8263 0.4819 -0.00851 0.87619 0.48213 -0.01107 0.87603 0.42713 -0.01413 0.90408 0.46295 -0.01313 0.88629 0.29419 -0.02223 0.95549 0.34207 -0.02096 0.93944 0.28527 -0.02394 0.95815 0.28546 -0.02541 0.95805 0.22666 -0.02851 0.97356 0.2177 -0.02843 0.9756 0.18142 -0.03029 0.98294 0.14883 -0.03084 0.98838 0.13093 -0.0317 0.99088 0.1023 -0.03097 0.99427 0.08281 -0.03186 0.99606 0.05858 -0.03096 0.9978 0.02782 -0.03229 0.99909 0.02769 -0.03166 0.99911 0.9593 0.14681 0.24122 0.95765 0.15682 0.24148 0.95205 0.15814 0.26189 0.4731 0.08098 0.87728 0.4823 0.08349 0.87202 0.53161 0.09831 0.84127 0.54094 0.10093 0.83498 0.64842 0.13424 0.74936 0.6536 0.11112 0.74864 0.79834 0.15006 0.58321 0.80274 0.12657 0.58274 0.92347 0.15711 0.35003 0.93379 0.15883 0.32063 0.99002 0.03462 0.13663 0.98075 0.03221 0.19259 0.99879 0.03978 0.02897 0.97798 0.0323 0.20618 0.94373 0.02546 0.32975 0.94367 0.02691 0.32979 0.90234 0.02034 0.43054 0.90225 0.02237 0.43063 0.8545 0.01584 0.51921 0.85431 0.01916 0.51941 0.78355 0.01074 0.62123 0.78319 0.01567 0.62158 0.70312 0.00728 0.71104 0.70263 0.01233 0.71145 0.64743 0.007 0.76209 0.4997 -0.00366 0.86619 0.59458 0.00453 0.80402 0.56525 0.00218 0.82491 0.5452 0.00044 0.83831 0.51541 -0.00183 0.85694 0.50025 -0.00309 0.86588 0.47049 -0.00527 0.88239 0.4595 -0.00615 0.88816 0.43018 -0.00821 0.9027 0.40558 -0.01012 0.914 0.37721 -0.01174 0.92605 0.34482 -0.01415 0.93856 0.31814 -0.01555 0.94791 0.29469 -0.01723 0.95544 0.26981 -0.01844 0.96274 0.25317 -0.01959 0.96722 0.23004 -0.02063 0.97296 0.20323 -0.02242 0.97887 0.1824 -0.02275 0.98296 0.1527 -0.02466 0.98796 0.11567 -0.02493 0.99298 0.1145 -0.02508 0.99311 0.06004 -0.02834 0.99779 0.07278 -0.02577 0.99702 0.02381 -0.02858 0.99931 0.03399 -0.02633 0.99908 0.00699 -0.02784 0.99959 0.00768 -0.03087 0.99949 0.00441 -0.03102 0.99951 0.00413 -0.02966 0.99955 -0.02117 -0.0307 0.9993 -0.00771 -0.02698 0.99961 -0.04854 -0.02863 0.99841 -0.03873 -0.02563 0.99892 -0.0692 -0.02684 0.99724 -0.06192 -0.02451 0.99778 -0.08352 -0.02537 0.99618 -0.07802 -0.02358 0.99667 -0.09117 -0.02413 0.99554 -0.09204 -0.0196 0.99556 -0.08996 -0.01892 0.99577 -0.09082 -0.01388 0.99577 -0.09151 -0.01411 0.9957 -0.09221 -0.00939 0.99569 -0.09524 -0.01036 0.9954 -0.09572 -0.00658 0.99539 -0.10027 -0.00801 0.99493 -0.10062 -0.00471 0.99491 -0.10631 -0.00646 0.99431 -0.10658 -0.00327 0.9943 -0.11332 -0.00528 0.99354 -0.11352 -0.00202 0.99353 -0.14745 -0.67832 0.71982 -0.16604 -0.66986 0.72369 -0.16807 -0.65551 0.73625 -0.14694 -0.67701 0.72116 -0.14829 -0.67415 0.72356 -0.16851 -0.66324 0.72919 -0.14115 -0.67285 0.72618 -0.14404 -0.66656 0.73141 -0.15836 -0.67686 0.71887 -0.15841 -0.67718 0.71856 -0.1596 -0.67631 0.71912 -0.15203 -0.68061 0.7167 -0.15155 -0.67895 0.71837 -0.16086 -0.63507 0.75552 -0.13661 -0.66351 0.73559 -0.13995 -0.65592 0.74174 -0.16532 -0.64622 0.74503 -0.13181 -0.65136 0.74724 -0.13535 -0.64296 0.75384 0.0319 -0.64812 0.76087 -0.26601 -0.59818 0.75593 -0.14727 -0.62238 0.76874 -0.15107 -0.61073 0.7773 -0.11814 -0.61398 0.78043 -0.31807 -0.59696 0.73652 -0.13682 -0.61763 0.77447 -0.13785 -0.61703 0.77477 -0.11281 -0.63739 0.76224 -0.11769 -0.62628 0.77067 -0.1024 -0.62858 0.77097 -0.10836 -0.61453 0.78142 -0.08826 -0.61585 0.7829 -0.3649 -0.24923 0.89707 -0.32985 -0.33961 0.88083 0.01172 -0.83452 0.55086 -0.26742 -0.46363 0.84471 -0.26637 -0.46554 0.84399 -0.24786 -0.5054 0.82652 -0.03007 0.849 -0.52754 0.02305 0.80139 -0.5977 -0.16143 -0.65564 0.73762 -0.24152 -0.54979 0.79962 -0.14195 -0.67455 0.72445 -0.13598 -0.61703 0.7751 -0.13801 -0.61052 0.77988 -0.19301 -0.60823 0.76994 -0.14161 -0.60409 0.78424 -0.14518 -0.59227 0.79255 -0.10111 -0.567 0.81749 -0.14194 -0.56548 0.81245 -0.17771 -0.53338 0.827 -0.17696 -0.48922 0.85402 -0.3299 -0.47901 0.81346 -0.14907 -0.51255 0.84562 -0.2021 -0.53139 0.82267 -0.1892 -0.43437 0.88064 -0.19489 -0.40726 0.89227 -0.1709 -0.41066 0.89563 -0.1796 -0.37547 0.90927 -0.08696 -0.61899 0.78057 -0.08017 -0.61886 0.7814 -0.081 -0.61684 0.78291 -0.08032 -0.6168 0.78301 -0.0838 -0.60824 0.78932 -0.08549 -0.60835 0.78905 -0.09212 -0.59165 0.80092 -0.09436 -0.59174 0.80059 -0.10384 -0.56679 0.81729 -0.10573 -0.56677 0.81706 -0.11593 -0.53846 0.83464 -0.11733 -0.53843 0.83446 -0.12931 -0.5031 0.8545 -0.12978 -0.50309 0.85443 -0.1449 -0.45528 0.87848 -0.20582 -0.35061 0.91362 -0.18885 -0.32548 0.9265 -0.19329 -0.3053 0.93243 -0.18163 -0.63245 0.753 -0.1785 -0.63891 0.74829 -0.16678 -0.65997 0.73255 -0.15899 -0.66759 0.72735 -0.15032 -0.68271 0.71507 -0.13149 -0.69664 0.70527 -0.1329 -0.69439 0.70722 -0.12144 -0.70113 0.70262 -0.12715 -0.69186 0.71075 -0.11432 -0.69777 0.70714 -0.12184 -0.68522 0.71807 -0.10756 -0.69024 0.71555 -0.11601 -0.67561 0.72807 -0.10019 -0.67959 0.72672 -0.10912 -0.66349 0.74018 -0.09188 -0.6662 0.74009 -0.10105 -0.64897 0.75408 -0.0826 -0.65019 0.75527 -0.09189 -0.63195 0.76954 -0.07284 -0.63153 0.77192 -0.07948 -0.61797 0.78218 -0.05296 -0.61679 0.78534 -0.05164 -0.61956 0.78325 -0.04175 -0.61858 0.78461 -0.04317 -0.6156 0.78687 -0.04149 -0.61537 0.78714 -0.0458 -0.60627 0.79394 -0.04706 -0.60648 0.79371 -0.05438 -0.59068 0.80507 -0.05648 -0.59098 0.80471 -0.0668 -0.56786 0.82041 -0.06874 -0.56804 0.82012 -0.0806 -0.54016 0.83769 -0.08187 -0.54028 0.83749 -0.09612 -0.50486 0.85783 -0.09638 -0.50489 0.85779 -0.11442 -0.45711 0.88202 -0.11312 -0.45695 0.88227 -0.13484 -0.39503 0.90872 -0.18321 -0.4624 0.86754 -0.36397 -0.42938 0.82653 -0.14417 -0.45529 0.8786 -0.15749 -0.40996 0.8984 -0.22405 -0.4052 0.88635 -0.13728 -0.37763 0.91572 -0.15402 -0.32554 0.9329 -0.21633 -0.30901 0.92613 -0.1943 -0.29326 0.93608 -0.20198 -0.25615 0.9453 -0.22226 -0.25752 0.94036 -0.18615 -0.20036 0.96187 -0.22096 -0.3807 0.89791 -0.11718 -0.34326 0.9319 -0.23699 -0.33712 0.91114 -0.15447 -0.30696 0.9391 -0.16883 -0.25868 0.95109 -0.16249 -0.25754 0.95251 -0.17799 -0.20213 0.96305 -0.17104 -0.2007 0.96461 -0.18234 -0.1579 0.97047 -0.15964 -0.07387 0.98441 -0.21426 -0.06927 0.97432 -0.17037 -0.06914 0.98295 -0.17322 -0.05594 0.98329 -0.14901 -0.05556 0.98727 -0.14127 -0.68562 0.71412 -0.13039 -0.69517 0.70692 -0.12425 -0.70397 0.69928 -0.11344 -0.71076 0.69423 -0.11636 -0.70658 0.698 -0.10438 -0.71183 0.69455 -0.11029 -0.70318 0.7024 -0.09717 -0.70681 0.7007 -0.10418 -0.69624 0.71021 -0.08972 -0.69814 0.71032 -0.09709 -0.68663 0.7205 -0.08125 -0.68657 0.72251 -0.08861 -0.6746 0.73285 -0.07139 -0.67232 0.73681 -0.07855 -0.66018 0.74699 -0.05993 -0.65538 0.75292 -0.06701 -0.64285 0.76305 -0.04781 -0.63549 0.77063 -0.05322 -0.62553 0.77838 -0.02355 -0.61834 0.78556 -0.02174 -0.62174 0.78292 -0.01025 -0.61796 0.78614 -0.01215 -0.61438 0.78891 -0.00954 -0.61333 0.78977 -0.01465 -0.60363 0.79713 -0.01522 -0.60389 0.79692 -0.02316 -0.58856 0.80812 -0.02469 -0.58926 0.80757 -0.03564 -0.56741 0.82266 -0.03715 -0.56808 0.82214 -0.05038 -0.54049 0.83984 -0.05133 -0.54094 0.8395 -0.06736 -0.50575 0.86005 -0.06727 -0.5057 0.86008 -0.08738 -0.4589 0.88418 -0.08575 -0.45796 0.88483 -0.1098 -0.3981 0.91075 -0.10624 -0.39587 0.91214 -0.13092 -0.32999 0.93486 -0.12552 -0.32627 0.93691 -0.14724 -0.26434 0.95313 -0.14053 -0.2592 0.95555 -0.15728 -0.20852 0.96529 -0.14996 -0.20241 0.96775 -0.16189 -0.1645 0.973 -0.15456 -0.15796 0.97527 -0.16251 -0.13174 0.97787 -0.21644 -0.56659 0.79506 -0.19456 -0.60324 0.77346 -0.1743 -0.63524 0.75239 -0.1733 -0.63315 0.75438 -0.14332 -0.67663 0.72224 -0.14302 -0.6759 0.72298 -0.12025 -0.70689 0.69702 -0.11285 -0.71103 0.69404 -0.10443 -0.72214 0.68382 -0.0979 -0.72225 0.68466 -0.09594 -0.72485 0.68219 -0.08965 -0.72142 0.68667 -0.08862 -0.7228 0.68535 -0.08231 -0.71565 0.6936 -0.08064 -0.71797 0.69139 -0.07418 -0.70678 0.70353 -0.07129 -0.71094 0.69963 -0.06457 -0.69531 0.7158 -0.06023 -0.7018 0.70982 -0.05317 -0.68128 0.73009 -0.04726 -0.69048 0.72181 -0.03983 -0.66457 0.74616 -0.03319 -0.67533 0.73677 -0.02572 -0.64452 0.76416 -0.02208 -0.65069 0.75902 0.00049 -0.62372 0.78165 0.00519 -0.63193 0.77501 0.01366 -0.61882 0.78541 0.00952 -0.61151 0.79118 0.00863 -0.61209 0.79074 0.00273 -0.60148 0.79889 0.0026 -0.60157 0.79882 -0.00575 -0.58628 0.81009 -0.00684 -0.5871 0.80948 -0.01806 -0.56595 0.82424 -0.01925 -0.56685 0.82359 -0.03306 -0.5397 0.84121 -0.03373 -0.54026 0.84082 -0.05041 -0.50582 0.86117 -0.05013 -0.50557 0.86133 -0.0708 -0.46045 0.88486 -0.0691 -0.45875 0.88588 -0.09361 -0.40178 0.91094 -0.09011 -0.39796 0.91296 -0.11511 -0.33602 0.93479 -0.1099 -0.3298 0.93763 -0.13169 -0.27244 0.95312 -0.12529 -0.264 0.95635 -0.14188 -0.21796 0.96559 -0.13493 -0.20802 0.96877 -0.14651 -0.17443 0.97371 -0.13957 -0.16387 0.97656 -0.14705 -0.14141 0.97897 -0.14057 -0.13101 0.98136 -0.14799 -0.10802 0.98307 -0.21371 -0.09849 0.97192 -0.2626 -0.09198 0.96051 -0.17287 -0.09239 0.9806 -0.17792 -0.07026 0.98153 -0.14656 -0.06982 0.98673 -0.14878 -0.06148 0.98696 -0.12676 -0.06062 0.99008 -0.12835 -0.055 0.9902 -0.11499 -0.05417 0.99189 -0.11568 -0.05175 0.99194 -0.17187 -0.15045 0.97356 -0.23389 -0.12318 0.96443 -0.17666 -0.12378 0.97646 -0.18389 -0.09385 0.97846 -0.15028 -0.09353 0.98421 -0.15565 -0.07428 0.98501 -0.13026 -0.07327 0.98877 -0.13262 -0.06529 0.98901 -0.11601 -0.06414 0.99118 -0.11799 -0.05748 0.99135 -0.10533 -0.05632 0.99284 -0.10793 -0.04767 0.99302 -0.10834 -0.04732 0.99299 -0.12883 -0.08896 0.98767 -0.12323 -0.10617 0.98668 -0.13652 -0.11921 0.98344 -0.12943 -0.14013 0.98164 -0.13514 -0.15392 0.9788 -0.12842 -0.17318 0.97648 -0.13454 -0.18723 0.97306 -0.12386 -0.2168 0.96833 -0.13002 -0.23005 0.96445 -0.11445 -0.27143 0.95563 -0.12015 -0.28276 0.95164 -0.09941 -0.33519 0.93689 -0.10409 -0.3436 0.93333 -0.08004 -0.40108 0.91254 -0.08322 -0.40631 0.90994 -0.05943 -0.45984 0.88601 -0.06104 -0.46225 0.88465 -0.04075 -0.50527 0.862 -0.0411 -0.50574 0.8617 -0.02446 -0.53918 0.84183 -0.02397 -0.53857 0.84224 -0.01002 -0.5653 0.82482 -0.00908 -0.56424 0.82556 0.0023 -0.5852 0.81089 0.00312 -0.58431 0.81153 0.01187 -0.59995 0.79995 0.01177 -0.60006 0.79987 0.0196 -0.61381 0.78921 -0.26285 -0.45235 0.85223 -0.18834 -0.59905 0.77825 0.00385 -0.67318 0.73947 0.00438 -0.71617 0.69792 -0.01285 -0.69059 0.72313 -0.01252 -0.72767 0.68582 -0.02919 -0.70384 0.70976 -0.02895 -0.73454 0.67795 -0.04335 -0.71465 0.69814 -0.04325 -0.73948 0.67179 -0.05544 -0.72317 0.68844 -0.05561 -0.74269 0.66732 -0.06579 -0.72946 0.68086 -0.06636 -0.74407 0.6648 -0.07497 -0.73315 0.67592 -0.07609 -0.74322 0.6647 -0.08448 -0.73278 0.67521 -0.08634 -0.73858 0.66861 -0.09945 -0.72229 0.6844 -0.10248 -0.72385 0.68231 -0.12749 -0.69186 0.71069 -0.12571 -0.69523 0.70771 -0.15042 -0.6619 0.73434 -0.1481 -0.66725 0.72996 -0.21225 -0.57115 0.79293 -0.19514 -0.55564 0.8082 -0.31096 -0.39273 0.86549 -0.20032 -0.59027 0.78195 -0.19362 -0.59778 0.77793 -0.12271 -0.697 0.70649 -0.1236 -0.69394 0.70935 -0.12294 -0.69244 0.71092 -0.18698 -0.60335 0.77525 -0.19174 -0.59252 0.7824 -0.31735 -0.36669 0.87454 -0.35461 -0.27147 0.89474 -0.50061 0.24128 0.83137 -0.51442 0.3993 0.7589 -0.47196 0.78435 0.40256 0.08923 -0.6825 0.72541 0.07462 -0.69216 0.71787 0.06975 -0.66583 0.74284 0.05522 -0.6728 0.73776 0.04959 -0.63949 0.7672 0.09941 -0.71723 0.68971 0.08048 -0.7282 0.68063 0.07478 -0.6924 0.71763 0.0553 -0.70071 0.7113 0.0501 -0.66478 0.74536 0.03663 -0.71029 0.70295 0.04144 -0.75691 0.6522 0.01697 -0.72352 0.69009 0.02164 -0.76432 0.64448 -0.00293 -0.73191 0.6814 0.0017 -0.7666 0.64212 -0.0205 -0.73813 0.67435 -0.01602 -0.76724 0.64116 -0.03584 -0.74245 0.66894 -0.03167 -0.76638 0.64161 -0.04926 -0.74483 0.66543 -0.04556 -0.764 0.64361 -0.06135 -0.74498 0.66426 -0.0583 -0.75966 0.6477 -0.0735 -0.74154 0.66687 -0.07125 -0.75205 0.65525 -0.0906 -0.72889 0.67861 -0.08933 -0.73551 0.67159 -0.1177 -0.70054 0.70384 -0.13068 -0.67983 0.72164 -0.14746 -0.66606 0.73117 -0.18148 -0.61753 0.76533 -0.21469 -0.57702 0.78801 -0.23264 -0.53944 0.80925 -0.31861 -0.36937 0.87296 -0.43678 -0.11991 0.89154 -0.39526 -0.17086 0.90254 -0.10747 -0.04778 0.99306 -0.09804 -0.04684 0.99408 -0.09909 -0.05207 0.99372 -0.09679 -0.05947 0.99353 -0.09706 -0.05917 0.99352 -0.10851 -0.06058 0.99225 -0.10593 -0.06883 0.99199 -0.12193 -0.07051 0.99003 -0.11927 -0.07908 0.98971 -0.13993 -0.08061 0.98688 -0.13444 -0.09835 0.98603 -0.16322 -0.09943 0.98157 -0.15566 -0.12528 0.97983 -0.18316 -0.12538 0.97506 -0.17537 -0.15631 0.97201 -0.2168 -0.15563 0.96373 -0.19854 -0.20138 0.95918 -0.10111 -0.08865 0.99092 -0.09723 -0.10014 0.99021 -0.10136 -0.09606 0.9902 -0.1056 -0.1163 0.98758 -0.10476 -0.1187 0.98739 -0.10813 -0.13446 0.985 -0.10642 -0.13923 0.98453 -0.1103 -0.15677 0.98146 -0.10091 -0.18213 0.97808 -0.09598 -0.07717 0.99239 -0.09829 -0.07475 0.99235 -0.11189 -0.07671 0.99076 -0.10537 -0.0967 0.98972 -0.12165 -0.08814 0.98865 -0.11093 -0.11975 0.98659 -0.11441 -0.11657 0.98657 -0.12169 -0.14186 0.98238 -0.11814 -0.15187 0.98131 -0.12179 -0.16404 0.97891 -0.11411 -0.18479 0.97613 -0.11303 -0.2191 0.96913 -0.10972 -0.2277 0.96753 -0.10884 -0.26012 0.95942 -0.10067 -0.28059 0.95453 -0.1001 -0.3084 0.94598 -0.08619 -0.34169 0.93585 -0.08599 -0.36251 0.928 -0.06748 -0.40464 0.91198 -0.06747 -0.41772 0.90607 -0.04749 -0.46077 0.88625 -0.04755 -0.467 0.88298 -0.02923 -0.50441 0.86297 -0.02927 -0.50597 0.86206 -0.01313 -0.53731 0.84328 -0.01308 -0.53626 0.84395 0.00123 -0.56284 0.82656 0.00139 -0.5608 0.82795 0.01346 -0.58235 0.81283 0.01362 -0.58089 0.81387 0.02319 -0.59751 0.80152 0.02308 -0.59832 0.80093 0.03071 -0.61136 0.79076 0.02938 -0.61796 0.78566 0.03443 -0.62647 0.77869 0.02866 -0.64634 0.76251 0.02738 -0.64422 0.76435 0.0148 -0.67445 0.73817 0.01538 -0.69112 0.72258 0.04441 -0.68423 0.72792 0.04975 -0.72917 0.68252 0.07475 -0.71992 0.69002 0.08041 -0.76318 0.64116 0.10418 -0.75131 0.65168 0.10666 -0.78882 0.6053 -0.1134 -0.0263 0.9932 -0.11003 -0.0241 0.99364 -0.10898 -0.028 0.99365 -0.10737 -0.02561 0.99389 -0.10572 -0.03157 0.99389 -0.10448 -0.02972 0.99408 -0.1022 -0.03767 0.99405 -0.10185 -0.03715 0.99411 -0.09944 -0.04523 0.99402 -0.1345 -0.02411 0.99062 -0.12918 -0.02391 0.99133 -0.12887 -0.02554 0.99133 -0.11701 -0.02503 0.99282 -0.11681 -0.02589 0.99282 -0.11437 -0.02508 0.99312 -0.1138 -0.02471 0.9932 -0.14326 -0.00484 0.98967 -0.14317 -0.00735 0.98967 -0.15284 -0.00762 0.98822 -0.15275 -0.00934 0.98822 -0.13574 -0.0112 0.99068 -0.13576 -0.01096 0.99068 -0.12518 -0.01352 0.99204 -0.12264 -0.01268 0.99237 -0.12207 -0.01697 0.99238 -0.11856 -0.01581 0.99282 -0.11788 -0.02017 0.99282 -0.11695 -0.01986 0.99294 -0.11632 -0.02341 0.99294 -0.10631 -0.02298 0.99407 -0.10588 -0.02505 0.99406 -0.09847 -0.02471 0.99483 -0.09854 -0.0244 0.99483 -0.0889 -0.02392 0.99575 -0.09001 -0.02466 0.99564 -0.0768 -0.024 0.99676 -0.07875 -0.02527 0.99657 -0.05913 -0.02428 0.99795 -0.06229 -0.02622 0.99771 -0.03586 -0.02485 0.99905 -0.04072 -0.02749 0.99879 -0.16816 -0.01847 0.98559 -0.17043 -0.01838 0.9852 -0.16384 -0.01687 0.98634 -0.13834 -0.01605 0.99025 -0.13799 -0.0189 0.99025 -0.13336 -0.0174 0.99092 -0.13278 -0.02141 0.99091 -0.13047 -0.02067 0.99124 -0.12997 -0.02374 0.99123 -0.11718 -0.02322 0.99284 -0.11682 -0.02507 0.99284 -0.10769 -0.02466 0.99388 -0.10767 -0.02476 0.99388 -0.10378 -0.02213 0.99435 -0.10328 -0.02417 0.99436 -0.1024 -0.02281 0.99448 -0.10218 -0.02364 0.99448 -0.1001 -0.0204 0.99477 -0.09882 -0.02504 0.99479 -0.0981 -0.02127 0.99495 -0.09587 -0.02906 0.99497 -0.04598 -0.02293 0.99868 -0.04752 -0.01699 0.99873 -0.06709 -0.01835 0.99758 -0.06779 -0.01571 0.99758 -0.08106 -0.01672 0.99657 -0.08055 -0.01856 0.99658 -0.0883 -0.01922 0.99591 -0.08646 -0.02553 0.99593 -0.09537 -0.02639 0.99509 -0.09338 -0.03308 0.99508 -0.09164 -0.03619 0.99513 -0.09146 -0.0394 0.99503 -0.08999 -0.04415 0.99496 -0.0898 -0.04725 0.99484 -0.08871 -0.05071 0.99477 -0.08832 -0.05649 0.99449 -0.0878 -0.05813 0.99444 -0.08718 -0.06696 0.99394 -0.08737 -0.06638 0.99396 -0.08647 -0.07855 0.99315 -0.08744 -0.07565 0.99329 -0.08624 -0.09149 0.99206 -0.08806 -0.08615 0.99238 -0.08652 -0.10602 0.99059 -0.08914 -0.09849 0.99114 -0.08722 -0.12269 0.9886 -0.09064 -0.11309 0.98944 -0.08832 -0.1416 0.98598 -0.09221 -0.13092 0.98709 -0.0895 -0.16348 0.98248 -0.09345 -0.1529 0.98381 -0.0904 -0.18907 0.97779 -0.0937 -0.18043 0.97911 -0.09041 -0.21927 0.97147 -0.09241 -0.21419 0.97241 -0.08908 -0.25381 0.96314 -0.08849 -0.25526 0.96281 -0.08541 -0.29279 0.95236 -0.08078 -0.30382 0.9493 -0.07826 -0.33615 0.93855 -0.06852 -0.35842 0.93104 -0.06679 -0.38288 0.92138 -0.05247 -0.41419 0.90868 -0.05146 -0.42975 0.90148 -0.03503 -0.46401 0.88514 -0.03459 -0.47167 0.8811 -0.01862 -0.50338 0.86386 -0.01852 -0.50565 0.86254 -0.00363 -0.53392 0.84553 -0.00365 -0.53318 0.84599 0.01023 -0.55844 0.82948 0.01021 -0.55654 0.83076 0.02249 -0.57806 0.81568 0.0225 -0.57693 0.81648 0.03298 -0.59478 0.80322 0.03292 -0.59638 0.80203 0.0429 -0.61306 0.78887 0.04224 -0.62163 0.78217 0.05682 -0.6454 0.76173 0.06242 -0.64246 0.76377 0.06603 -0.65994 0.74841 0.07756 -0.65156 0.75462 0.08036 -0.66826 0.73958 0.99885 0.046 -0.01323 0.97082 0.03356 0.23743 0.99802 0.04825 -0.04046 0.97397 0.03566 0.22386 0.93266 0.02705 0.35974 0.9325 0.03051 0.35988 0.88239 0.02267 0.46997 0.8821 0.0276 0.47024 0.8242 0.02008 0.56595 0.82382 0.02513 0.56629 0.75148 0.01696 0.65954 0.75105 0.02151 0.6599 0.67594 0.01384 0.73683 0.67528 0.01956 0.7373 0.6028 0.01257 0.79779 0.6018 0.01983 0.7984 0.53141 0.01315 0.84701 0.53 0.02196 0.84771 0.51323 0.02054 0.858 0.51137 0.03122 0.85879 0.49417 0.02958 0.86886 0.49221 0.03998 0.86956 0.47463 0.03796 0.87936 0.47265 0.04776 0.87996 0.45465 0.04508 0.88953 0.45295 0.05289 0.88997 0.4438 0.05128 0.89466 0.44197 0.05935 0.89506 0.43287 0.05739 0.89963 0.43029 0.06834 0.9001 0.42125 0.06591 0.90455 0.41828 0.07797 0.90496 0.4094 0.07503 0.90926 0.40673 0.08546 0.90954 0.39799 0.08198 0.91372 0.3963 0.0884 0.91385 0.38749 0.08431 0.91801 0.38684 0.08673 0.91806 0.37791 0.08203 0.9222 0.37817 0.08107 0.92218 0.36888 0.07559 0.9264 0.37001 0.07149 0.92627 0.36032 0.06517 0.93055 0.36231 0.05802 0.93025 0.35209 0.05071 0.93459 0.35491 0.04058 0.93402 0.34408 0.03216 0.93839 0.34772 0.01901 0.93741 0.33633 0.00944 0.9417 0.34073 -0.00665 0.94014 0.30219 -0.04113 0.95236 0.30871 -0.03554 0.95049 0.2436 -0.09358 0.96535 0.24917 -0.1138 0.96175 0.20229 -0.15662 0.96672 0.19007 -0.16674 0.96751 0.16655 -0.18748 0.96804 0.15468 -0.19696 0.96813 0.12743 -0.22033 0.96707 0.11563 -0.22838 0.96668 0.09157 -0.24836 0.96433 0.08004 -0.25563 0.96346 0.04713 -0.28203 0.95825 0.05502 -0.30415 0.95104 0.01099 -0.33928 0.94062 0.01786 -0.35667 0.93406 -0.12149 -0.00082 0.99259 -0.12136 -0.00429 0.9926 -0.13421 -0.00463 0.99094 -0.13414 -0.00589 0.99095 -0.12367 -0.00841 0.99229 -0.1188 -0.00686 0.99289 -0.11845 -0.01035 0.99291 -0.11254 -0.00844 0.99361 -0.11207 -0.01228 0.99362 -0.10763 -0.01082 0.99413 -0.10698 -0.01535 0.99414 -0.10478 -0.01462 0.99439 -0.10401 -0.01934 0.99439 -0.10452 -0.01951 0.99433 -0.10377 -0.02354 0.99432 -0.09546 -0.02319 0.99516 -0.09497 -0.02546 0.99515 -0.08361 -0.02494 0.99619 -0.08828 -0.02649 0.99574 -0.06946 -0.02565 0.99726 -0.07592 -0.02775 0.99673 -0.04897 -0.02655 0.99845 -0.05796 -0.02933 0.99789 -0.0218 -0.02768 0.99938 -0.03439 -0.0312 0.99892 -0.0127 -0.03019 0.99946 -0.01366 -0.02604 0.99957 -0.01208 -0.02563 0.9996 -0.01324 -0.0209 0.99969 -0.01918 -0.02368 0.99954 -0.02109 -0.01627 0.99965 -0.0232 -0.01833 0.99956 -0.02462 -0.01298 0.99961 -0.02633 -0.01467 0.99955 -0.02674 -0.01317 0.99956 -0.0283 -0.01474 0.99949 -0.02718 -0.01872 0.99946 -0.02898 -0.0206 0.99937 -0.02715 -0.02685 0.99927 -0.028 -0.02906 0.99919 -0.02635 -0.0346 0.99905 -0.02736 -0.03732 0.99893 -0.02528 -0.04416 0.9987 -0.0265 -0.04759 0.99852 -0.02403 -0.05555 0.99817 -0.02548 -0.05986 0.99788 -0.02268 -0.06872 0.99738 -0.02441 -0.0741 0.99695 -0.02131 -0.08372 0.99626 -0.02336 -0.09034 0.99564 -0.01993 -0.10075 0.99471 -0.02235 -0.10879 0.99381 -0.01858 -0.12003 0.9926 -0.02143 -0.12969 0.99132 -0.01724 -0.14187 0.98974 -0.02056 -0.15332 0.98796 -0.01602 -0.16624 0.98596 -0.01981 -0.17962 0.98354 -0.01484 -0.19338 0.98101 -0.01909 -0.20871 0.97779 -0.01359 -0.22357 0.97459 -0.01827 -0.24071 0.97043 -0.01209 -0.25699 0.96634 -0.01715 -0.27557 0.96113 -0.01075 -0.29196 0.95637 -0.01604 -0.3112 0.95021 -0.00953 -0.32737 0.94485 -0.01476 -0.34599 0.93812 -0.00769 -0.36303 0.93175 -0.01252 -0.3796 0.92507 -0.00441 -0.39853 0.91714 -0.00844 -0.41172 0.91127 0.00083 -0.4327 0.90154 -0.00206 -0.44168 0.89717 0.008 -0.46368 0.88597 0.00629 -0.46874 0.88331 0.01666 -0.49064 0.8712 0.01585 -0.49294 0.86992 0.02648 -0.51457 0.85704 0.02624 -0.51523 0.85665 0.03724 -0.53676 0.84291 0.03723 -0.53678 0.8429 0.04854 -0.55812 0.82834 0.04831 -0.55872 0.82795 0.06023 -0.58054 0.812 0.05932 -0.58295 0.81034 0.0766 -0.61373 0.78579 0.07378 -0.62109 0.78026 0.09384 -0.6556 0.74926 0.09214 -0.66562 0.74058 0.10898 -0.6933 0.71236 0.10561 -0.7078 0.69848 0.12307 -0.73482 0.66701 0.11697 -0.75354 0.64691 0.13116 -0.77381 0.61969 0.12167 -0.79528 0.59391 0.12766 -0.80306 0.58206 0.11639 -0.82395 0.55458 0.10043 -0.80458 0.58529 0.09137 -0.82392 0.55929 0.07144 -0.80026 0.59538 0.06508 -0.81821 0.57123 0.04462 -0.79416 0.60607 0.04077 -0.81088 0.58379 0.01971 -0.78624 0.61761 0.01818 -0.80185 0.59725 -0.00374 -0.77617 0.63052 -0.00317 -0.79082 0.61203 -0.02671 -0.763 0.64584 -0.0242 -0.77678 0.6293 -0.04246 -0.7551 0.65424 -0.04506 -0.73614 0.67532 -0.0417 -0.74528 0.66545 -0.04952 -0.7019 0.71055 -0.04713 -0.71115 0.70146 -0.05142 -0.68811 0.72379 -0.08175 -0.61637 0.78321 -0.12373 -0.23875 0.96317 -0.18431 0.25949 0.948 -0.16608 0.04088 0.98527 -0.1942 0.30087 0.93368 -0.18225 0.84057 0.51013 -0.14301 0.9705 0.19411</float_array>
          <technique_common>
            <accessor source="#norm_0-array" count="19044" stride="3">
              <param name="X" type="float"/>
              <param name="Y" type="float"/>
              <param name="Z" type="float"/>
            </accessor>
          </technique_common>
        </source>
        <vertices id="vert_0">
          <input semantic="POSITION" source="#pos_0"/>
        </vertices>
        <triangles count="6396" material="mat_0">
          <input semantic="VERTEX" source="#vert_0" offset="0"/>
          <input semantic="NORMAL" source="#norm_0" offset="1"/>
          <p>0 0 1 0 2 0 0 0 2 0 3 0 2 0 4 0 3 0 3 0 4 0 5 0 6 0 7 0 8 0 7 0 9 0 8 0 8 0 9 0 10 0 9 0 11 0 10 0 10 0 11 0 12 0 11 0 13 0 12 0 12 0 13 0 14 0 13 0 15 0 14 0 14 0 15 0 4 0 15 0 16 0 4 0 4 0 16 0 5 0 17 1 18 1 19 1 18 2 20 2 19 2 20 3 21 3 19 3 21 4 22 4 19 4 19 5 22 5 23 5 23 6 24 6 19 6 24 7 25 7 19 7 19 8 25 8 26 8 26 9 27 9 19 9 27 10 28 10 19 10 19 11 28 11 29 11 29 12 30 12 19 12 30 13 31 13 19 13 19 14 31 14 32 14 32 15 33 15 19 15 33 16 34 16 19 16 19 17 34 17 35 17 36 18 37 18 38 18 37 19 39 19 38 19 38 20 39 20 40 20 40 21 41 21 38 21 41 22 42 22 38 22 38 23 42 23 43 23 43 24 44 24 38 24 44 25 45 25 38 25 38 26 45 26 46 26 46 27 47 27 38 27 47 28 48 28 38 28 38 29 48 29 49 29 36 30 50 30 37 30 50 31 51 31 37 31 37 32 51 32 52 32 51 33 53 33 52 33 54 34 55 34 52 34 55 35 56 35 52 35 52 36 56 36 57 36 57 37 58 37 52 37 58 38 59 38 52 38 52 39 59 39 37 39 60 40 61 40 62 40 61 41 63 41 62 41 61 42 64 42 65 42 65 43 66 43 61 43 66 44 67 44 61 44 61 45 67 45 68 45 53 46 69 46 52 46 69 47 63 47 52 47 52 48 63 48 54 48 63 49 61 49 54 49 54 50 61 50 70 50 61 51 68 51 70 51 71 52 72 52 73 52 72 53 74 53 73 53 74 54 75 54 73 54 75 55 76 55 73 55 73 56 76 56 77 56 78 57 79 57 73 57 79 58 80 58 73 58 60 59 81 59 61 59 81 60 71 60 61 60 61 61 71 61 64 61 71 62 73 62 64 62 64 63 73 63 82 63 73 64 80 64 82 64 77 65 83 65 73 65 83 66 84 66 73 66 73 67 84 67 85 67 85 68 86 68 73 68 86 69 87 69 73 69 73 70 87 70 78 70 88 71 89 71 90 71 89 72 91 72 90 72 91 73 92 73 90 73 90 74 92 74 93 74 94 75 95 75 90 75 94 76 90 76 96 76 95 77 97 77 90 77 97 78 98 78 90 78 90 79 98 79 99 79 49 80 17 80 38 80 17 81 19 81 38 81 38 82 19 82 93 82 19 83 35 83 93 83 93 84 35 84 90 84 35 85 100 85 90 85 90 86 100 86 96 86 101 87 102 87 103 87 102 88 104 88 103 88 103 89 104 89 105 89 106 90 107 90 103 90 107 91 108 91 103 91 99 92 109 92 90 92 109 93 101 93 90 93 90 94 101 94 88 94 101 95 103 95 88 95 88 96 103 96 110 96 103 97 108 97 110 97 111 98 112 98 113 98 112 99 114 99 113 99 113 100 114 100 115 100 116 101 117 101 113 101 116 102 113 102 118 102 113 103 119 103 120 103 120 104 121 104 113 104 121 105 122 105 113 105 113 106 122 106 118 106 117 107 123 107 113 107 123 108 124 108 113 108 113 109 124 109 111 109 115 110 125 110 113 110 125 111 126 111 113 111 113 112 126 112 127 112 105 113 128 113 103 113 128 114 119 114 103 114 103 115 119 115 106 115 119 116 113 116 106 116 106 117 113 117 129 117 113 118 127 118 129 118 1 119 0 119 130 119 0 119 131 119 130 119 130 119 131 119 132 119 133 119 134 119 135 119 134 119 136 119 135 119 135 119 136 119 137 119 136 119 132 119 137 119 137 119 132 119 138 119 132 119 131 119 138 119 139 119 140 119 141 119 140 119 142 119 141 119 141 119 142 119 143 119 142 119 144 119 143 119 143 119 144 119 145 119 144 119 146 119 145 119 145 119 146 119 147 119 147 119 146 119 148 119 146 119 149 119 148 119 148 119 149 119 150 119 150 119 149 119 151 119 149 119 152 119 151 119 151 119 152 119 153 119 152 119 154 119 153 119 153 119 154 119 133 119 154 119 155 119 133 119 133 119 155 119 134 119 156 120 157 120 158 120 159 121 160 121 161 121 162 122 163 122 164 122 165 123 166 123 167 123 168 124 169 124 170 124 171 125 172 125 173 125 174 126 175 126 176 126 177 127 178 127 179 127 180 128 181 128 182 128 181 129 183 129 182 129 184 130 185 130 186 130 187 131 188 131 189 131 190 132 191 132 192 132 193 133 194 133 195 133 196 134 197 134 198 134 199 135 200 135 201 135 202 136 203 136 204 136 205 137 206 137 207 137 208 138 209 138 210 138 211 139 212 139 213 139 214 140 215 140 216 140 217 141 218 141 219 141 220 142 221 142 222 142 223 143 224 143 225 143 226 144 227 144 228 144 229 145 230 145 231 145 232 146 233 146 234 146 235 147 236 147 237 147 238 148 239 148 240 148 239 149 221 149 240 149 241 150 242 150 243 150 244 151 245 151 246 151 246 152 247 152 248 152 248 153 247 153 249 153 250 154 251 154 252 154 253 155 254 155 255 155 256 156 257 156 258 156 259 157 260 157 261 157 262 158 263 158 264 158 265 159 253 159 266 159 267 160 268 160 269 160 270 161 271 161 272 161 273 162 221 162 274 162 275 163 221 163 273 163 276 164 274 164 221 164 277 165 278 165 279 165 280 166 281 166 282 166 283 167 284 167 285 167 286 168 287 168 288 168 284 169 283 169 289 169 290 170 291 170 292 170 145 171 147 171 293 171 148 172 150 172 294 172 79 173 295 173 296 173 85 174 84 174 297 174 298 175 74 175 299 175 74 176 72 176 299 176 71 177 81 177 300 177 301 178 139 178 141 178 302 179 303 179 304 179 303 180 305 180 304 180 304 181 305 181 306 181 305 182 307 182 306 182 306 183 307 183 308 183 307 184 309 184 308 184 308 185 309 185 310 185 62 186 63 186 311 186 63 187 69 187 311 187 311 188 69 188 312 188 69 189 53 189 312 189 312 190 53 190 313 190 53 191 51 191 313 191 313 192 51 192 314 192 300 193 81 193 311 193 81 194 60 194 311 194 311 195 60 195 62 195 315 196 76 196 298 196 76 197 75 197 298 197 298 198 75 198 74 198 84 199 83 199 315 199 83 200 77 200 315 200 315 201 77 201 76 201 316 202 87 202 86 202 295 203 79 203 316 203 79 204 78 204 316 204 316 205 78 205 87 205 66 206 65 206 317 206 65 207 64 207 317 207 318 208 67 208 66 208 70 209 319 209 54 209 319 210 320 210 54 210 54 211 320 211 321 211 57 212 56 212 321 212 56 213 55 213 321 213 321 214 55 214 54 214 321 215 322 215 57 215 322 216 323 216 57 216 57 217 323 217 58 217 323 218 324 218 58 218 58 219 324 219 325 219 43 220 42 220 326 220 42 221 41 221 326 221 326 222 41 222 327 222 41 223 40 223 327 223 327 224 40 224 328 224 40 225 39 225 328 225 328 226 39 226 329 226 39 227 37 227 329 227 329 228 37 228 325 228 37 229 59 229 325 229 325 230 59 230 58 230 330 231 48 231 331 231 48 232 47 232 331 232 331 233 47 233 332 233 47 234 46 234 332 234 332 235 46 235 333 235 46 236 45 236 333 236 333 237 45 237 334 237 45 238 44 238 334 238 334 239 44 239 335 239 44 240 43 240 335 240 335 241 43 241 336 241 43 242 326 242 336 242 18 243 17 243 330 243 17 244 49 244 330 244 330 245 49 245 48 245 330 246 337 246 18 246 337 247 338 247 18 247 18 248 338 248 20 248 338 249 339 249 20 249 20 250 339 250 21 250 340 251 23 251 22 251 11 252 341 252 13 252 341 253 342 253 13 253 13 254 342 254 15 254 15 255 342 255 16 255 342 256 343 256 16 256 16 257 343 257 5 257 5 258 343 258 3 258 343 259 344 259 3 259 3 260 344 260 0 260 344 261 345 261 0 261 0 262 345 262 346 262 347 263 348 263 153 263 153 264 133 264 347 264 133 265 135 265 347 265 347 266 135 266 349 266 135 267 137 267 349 267 349 268 137 268 350 268 137 269 138 269 350 269 350 270 138 270 346 270 138 271 131 271 346 271 346 272 131 272 0 272 351 273 352 273 151 273 148 274 294 274 147 274 353 275 291 275 354 275 291 276 290 276 354 276 354 277 290 277 355 277 290 278 356 278 355 278 357 279 358 279 359 279 358 280 360 280 359 280 359 281 360 281 361 281 360 282 362 282 361 282 361 283 362 283 363 283 362 284 364 284 363 284 363 285 364 285 365 285 364 286 366 286 365 286 365 287 366 287 367 287 366 288 368 288 367 288 369 289 370 289 371 289 370 290 283 290 371 290 289 291 283 291 372 291 283 292 370 292 372 292 372 293 370 293 373 293 370 294 369 294 373 294 373 295 369 295 374 295 369 296 368 296 374 296 368 297 366 297 374 297 374 298 366 298 375 298 366 299 364 299 375 299 375 300 364 300 376 300 364 301 362 301 376 301 376 302 362 302 377 302 362 303 360 303 377 303 377 304 360 304 378 304 360 305 358 305 378 305 379 306 380 306 381 306 380 307 382 307 381 307 381 308 382 308 383 308 356 309 290 309 384 309 290 310 292 310 384 310 384 311 292 311 385 311 292 312 386 312 385 312 385 313 386 313 286 313 387 314 388 314 389 314 388 315 390 315 389 315 389 316 390 316 391 316 392 317 393 317 394 317 393 318 395 318 394 318 394 319 395 319 396 319 395 320 397 320 396 320 396 321 397 321 398 321 397 322 285 322 398 322 398 323 285 323 399 323 285 324 284 324 399 324 399 325 284 325 400 325 284 326 289 326 400 326 400 327 289 327 401 327 289 328 372 328 401 328 401 329 372 329 402 329 372 330 373 330 402 330 402 331 373 331 403 331 373 332 374 332 403 332 403 333 374 333 404 333 374 334 375 334 404 334 404 335 375 335 405 335 375 336 376 336 405 336 405 337 376 337 288 337 376 338 377 338 288 338 288 339 377 339 286 339 377 340 378 340 286 340 286 341 378 341 385 341 378 342 358 342 385 342 385 343 358 343 384 343 358 344 357 344 384 344 384 345 357 345 356 345 379 346 406 346 380 346 406 347 407 347 380 347 380 348 407 348 408 348 409 349 410 349 411 349 410 350 412 350 411 350 411 351 412 351 413 351 412 352 414 352 413 352 413 353 414 353 415 353 414 354 416 354 415 354 415 355 416 355 417 355 416 356 418 356 417 356 407 357 419 357 408 357 419 358 420 358 408 358 408 359 420 359 421 359 422 360 409 360 423 360 409 361 411 361 423 361 423 362 411 362 424 362 411 363 413 363 424 363 424 364 413 364 425 364 413 365 415 365 425 365 425 366 415 366 426 366 415 367 417 367 426 367 427 368 392 368 428 368 392 369 394 369 428 369 428 370 394 370 429 370 394 371 396 371 429 371 429 372 396 372 430 372 396 373 398 373 430 373 430 374 398 374 431 374 398 375 399 375 431 375 431 376 399 376 432 376 399 377 400 377 432 377 432 378 400 378 433 378 400 379 401 379 433 379 433 380 401 380 434 380 401 381 402 381 434 381 434 382 402 382 435 382 402 383 403 383 435 383 435 384 403 384 436 384 403 385 404 385 436 385 436 386 404 386 437 386 404 387 405 387 437 387 437 388 405 388 438 388 405 389 288 389 438 389 438 390 288 390 439 390 288 391 287 391 439 391 440 392 280 392 441 392 442 393 427 393 443 393 427 394 428 394 443 394 443 395 428 395 444 395 428 396 429 396 444 396 444 397 429 397 445 397 429 398 430 398 445 398 445 399 430 399 446 399 430 400 431 400 446 400 446 401 431 401 447 401 431 402 432 402 447 402 447 403 432 403 448 403 432 404 433 404 448 404 448 405 433 405 449 405 433 406 434 406 449 406 449 407 434 407 450 407 434 408 435 408 450 408 450 409 435 409 451 409 435 410 436 410 451 410 451 411 436 411 452 411 436 412 437 412 452 412 452 413 437 413 453 413 437 414 438 414 453 414 453 415 438 415 422 415 438 416 439 416 422 416 422 417 439 417 409 417 439 418 287 418 409 418 409 419 287 419 410 419 287 420 286 420 410 420 410 421 286 421 412 421 286 422 386 422 412 422 412 423 386 423 414 423 386 424 292 424 414 424 414 425 292 425 416 425 292 426 291 426 416 426 416 427 291 427 418 427 291 428 353 428 418 428 454 429 455 429 456 429 455 430 457 430 456 430 458 431 454 431 459 431 454 432 456 432 459 432 459 433 456 433 460 433 456 434 457 434 460 434 460 435 457 435 391 435 277 436 442 436 461 436 442 437 443 437 461 437 461 438 443 438 462 438 443 439 444 439 462 439 462 440 444 440 463 440 444 441 445 441 463 441 463 442 445 442 464 442 445 443 446 443 464 443 464 444 446 444 465 444 446 445 447 445 465 445 465 446 447 446 466 446 447 447 448 447 466 447 466 448 448 448 467 448 448 449 449 449 467 449 467 450 449 450 468 450 449 451 450 451 468 451 468 452 450 452 469 452 450 453 451 453 469 453 469 454 451 454 470 454 451 455 452 455 470 455 470 456 452 456 471 456 452 457 453 457 471 457 471 458 453 458 472 458 453 459 422 459 472 459 472 460 422 460 473 460 422 461 423 461 473 461 473 462 423 462 474 462 423 463 424 463 474 463 474 464 424 464 475 464 424 465 425 465 475 465 475 466 425 466 476 466 425 467 426 467 476 467 280 468 282 468 441 468 282 469 279 469 441 469 441 470 279 470 477 470 279 471 278 471 477 471 477 472 278 472 478 472 440 473 441 473 479 473 441 474 477 474 479 474 479 475 477 475 480 475 477 476 478 476 480 476 480 477 478 477 481 477 22 478 21 478 340 478 21 479 339 479 340 479 340 480 339 480 482 480 388 481 281 481 390 481 281 482 280 482 390 482 390 483 280 483 483 483 280 484 440 484 483 484 483 485 440 485 484 485 440 486 479 486 484 486 484 487 479 487 485 487 479 488 480 488 485 488 485 489 480 489 486 489 480 490 481 490 486 490 486 491 481 491 487 491 420 492 488 492 421 492 488 493 489 493 421 493 421 494 489 494 490 494 489 495 482 495 490 495 490 496 482 496 491 496 482 497 339 497 491 497 491 498 339 498 492 498 339 499 338 499 492 499 492 500 338 500 493 500 338 501 337 501 493 501 493 502 337 502 494 502 337 503 330 503 494 503 494 504 330 504 495 504 330 505 331 505 495 505 495 506 331 506 496 506 331 507 332 507 496 507 496 508 332 508 497 508 332 509 333 509 497 509 497 510 333 510 498 510 333 511 334 511 498 511 498 512 334 512 499 512 334 513 335 513 499 513 499 514 335 514 500 514 335 515 336 515 500 515 500 516 336 516 501 516 336 517 326 517 501 517 501 518 326 518 502 518 326 519 327 519 502 519 502 520 327 520 503 520 327 521 328 521 503 521 503 522 328 522 504 522 328 523 329 523 504 523 504 524 329 524 505 524 329 525 325 525 505 525 505 526 325 526 506 526 325 527 324 527 506 527 506 528 324 528 507 528 324 529 323 529 507 529 507 530 323 530 508 530 323 531 322 531 508 531 508 532 322 532 509 532 322 533 321 533 509 533 509 534 321 534 510 534 321 535 320 535 510 535 510 536 320 536 511 536 320 537 319 537 511 537 391 538 390 538 460 538 390 539 483 539 460 539 460 540 483 540 459 540 483 541 484 541 459 541 459 542 484 542 458 542 484 543 485 543 458 543 458 544 485 544 512 544 485 545 486 545 512 545 512 546 486 546 513 546 486 547 487 547 513 547 513 548 487 548 514 548 487 549 515 549 514 549 514 550 515 550 516 550 515 551 517 551 516 551 516 552 517 552 318 552 517 553 68 553 318 553 318 554 68 554 67 554 66 555 317 555 318 555 317 556 518 556 318 556 318 557 518 557 516 557 518 558 519 558 516 558 516 559 519 559 514 559 519 560 520 560 514 560 514 561 520 561 513 561 520 562 521 562 513 562 513 563 521 563 512 563 521 564 522 564 512 564 512 565 522 565 458 565 522 566 523 566 458 566 458 567 523 567 454 567 523 568 524 568 454 568 454 569 524 569 455 569 525 570 526 570 527 570 528 571 529 571 530 571 529 572 531 572 530 572 530 573 531 573 532 573 531 574 533 574 532 574 532 575 533 575 534 575 533 576 535 576 534 576 534 577 535 577 536 577 535 578 537 578 536 578 536 579 537 579 538 579 537 580 539 580 538 580 538 581 539 581 540 581 539 582 541 582 540 582 540 583 541 583 542 583 541 584 82 584 542 584 542 585 82 585 80 585 543 586 296 586 544 586 296 587 295 587 544 587 544 588 295 588 545 588 295 589 316 589 545 589 545 590 316 590 297 590 316 591 86 591 297 591 297 592 86 592 85 592 84 593 315 593 297 593 315 594 546 594 297 594 297 595 546 595 545 595 546 596 527 596 545 596 545 597 527 597 544 597 527 598 526 598 544 598 544 599 526 599 543 599 547 600 548 600 549 600 548 601 301 601 549 601 549 602 301 602 550 602 301 603 141 603 550 603 309 604 139 604 310 604 139 605 301 605 310 605 310 606 301 606 551 606 301 607 548 607 551 607 552 608 553 608 554 608 553 609 555 609 554 609 554 610 555 610 556 610 555 611 557 611 556 611 556 612 557 612 558 612 557 613 559 613 558 613 558 614 559 614 560 614 559 615 561 615 560 615 560 616 561 616 562 616 561 617 563 617 562 617 564 618 563 618 565 618 563 619 561 619 565 619 565 620 561 620 566 620 561 621 559 621 566 621 566 622 559 622 567 622 559 623 557 623 567 623 567 624 557 624 568 624 557 625 555 625 568 625 568 626 555 626 569 626 555 627 553 627 569 627 569 628 553 628 570 628 553 629 552 629 570 629 570 630 552 630 571 630 562 631 572 631 560 631 572 632 573 632 560 632 560 633 573 633 558 633 573 634 574 634 558 634 558 635 574 635 556 635 574 636 575 636 556 636 556 637 575 637 554 637 575 638 576 638 554 638 554 639 576 639 552 639 576 640 577 640 552 640 552 641 577 641 571 641 72 642 571 642 299 642 571 643 577 643 299 643 299 644 577 644 298 644 577 645 576 645 298 645 298 646 576 646 315 646 576 647 575 647 315 647 315 648 575 648 546 648 575 649 574 649 546 649 546 650 574 650 527 650 574 651 573 651 527 651 527 652 573 652 525 652 573 653 572 653 525 653 551 654 300 654 310 654 300 655 311 655 310 655 310 656 311 656 308 656 311 657 312 657 308 657 308 658 312 658 306 658 312 659 313 659 306 659 306 660 313 660 304 660 313 661 314 661 304 661 304 662 314 662 302 662 578 663 579 663 580 663 579 664 581 664 580 664 580 665 581 665 582 665 583 666 270 666 584 666 263 667 267 667 585 667 265 668 266 668 586 668 271 669 262 669 587 669 254 670 259 670 588 670 260 671 256 671 589 671 257 672 590 672 591 672 592 673 593 673 594 673 593 674 595 674 594 674 594 675 595 675 596 675 595 676 597 676 596 676 596 677 597 677 598 677 597 678 599 678 598 678 598 679 599 679 600 679 599 680 601 680 600 680 600 681 601 681 602 681 603 682 601 682 604 682 601 683 599 683 604 683 604 684 599 684 605 684 599 685 597 685 605 685 605 686 597 686 606 686 597 687 595 687 606 687 606 688 595 688 607 688 595 689 593 689 607 689 607 690 593 690 608 690 593 691 592 691 608 691 608 692 592 692 609 692 610 693 611 693 612 693 611 694 613 694 612 694 612 695 613 695 614 695 602 696 615 696 616 696 615 697 617 697 616 697 616 698 617 698 618 698 617 699 619 699 618 699 620 700 621 700 622 700 621 701 623 701 622 701 590 702 619 702 624 702 619 703 617 703 624 703 624 704 617 704 625 704 602 705 601 705 615 705 601 706 603 706 615 706 615 707 603 707 617 707 603 708 626 708 617 708 617 709 626 709 625 709 627 710 628 710 629 710 628 711 630 711 629 711 629 712 630 712 631 712 632 713 633 713 634 713 633 714 635 714 634 714 634 715 635 715 636 715 637 716 638 716 639 716 637 717 640 717 641 717 640 718 642 718 641 718 641 719 642 719 643 719 642 720 644 720 643 720 643 721 644 721 645 721 644 722 646 722 645 722 645 723 646 723 647 723 646 724 614 724 647 724 647 725 614 725 648 725 614 726 613 726 648 726 649 727 650 727 651 727 637 728 639 728 640 728 639 729 652 729 640 729 640 730 652 730 642 730 652 731 653 731 642 731 642 732 653 732 644 732 653 733 654 733 644 733 644 734 654 734 646 734 654 735 655 735 646 735 646 736 655 736 614 736 652 737 348 737 653 737 348 738 347 738 653 738 653 739 347 739 654 739 347 740 349 740 654 740 654 741 349 741 655 741 349 742 350 742 655 742 655 743 350 743 614 743 350 744 346 744 614 744 614 745 346 745 612 745 346 746 345 746 612 746 612 747 345 747 610 747 649 748 651 748 656 748 651 749 657 749 656 749 656 750 657 750 658 750 657 751 659 751 658 751 658 752 659 752 351 752 659 753 294 753 351 753 351 754 294 754 352 754 294 755 150 755 352 755 352 756 150 756 151 756 620 757 622 757 660 757 622 758 661 758 660 758 660 759 661 759 221 759 623 760 662 760 622 760 662 761 245 761 622 761 622 762 245 762 661 762 663 763 664 763 665 763 664 764 269 764 665 764 665 765 269 765 666 765 269 766 268 766 666 766 666 767 268 767 667 767 668 768 669 768 670 768 669 769 671 769 670 769 670 770 671 770 578 770 671 771 672 771 578 771 578 772 672 772 579 772 673 773 674 773 675 773 674 774 676 774 675 774 675 775 676 775 677 775 676 776 678 776 677 776 677 777 678 777 679 777 678 778 680 778 679 778 679 779 680 779 681 779 680 780 682 780 681 780 250 781 252 781 683 781 252 782 684 782 683 782 683 783 684 783 685 783 686 784 682 784 687 784 682 785 680 785 687 785 687 786 680 786 688 786 680 787 678 787 688 787 688 788 678 788 689 788 678 789 676 789 689 789 689 790 676 790 685 790 676 791 674 791 685 791 685 792 674 792 683 792 674 793 673 793 683 793 683 794 673 794 250 794 690 795 251 795 691 795 251 796 250 796 691 796 691 797 250 797 692 797 250 798 673 798 692 798 692 799 673 799 693 799 673 800 675 800 693 800 693 801 675 801 694 801 675 802 677 802 694 802 694 803 677 803 695 803 677 804 679 804 695 804 695 805 679 805 696 805 679 806 681 806 696 806 696 807 681 807 697 807 681 808 682 808 697 808 697 809 682 809 698 809 682 810 686 810 698 810 698 811 686 811 699 811 700 812 668 812 701 812 668 813 670 813 701 813 701 814 670 814 702 814 670 815 578 815 702 815 702 816 578 816 703 816 578 817 580 817 703 817 703 818 580 818 704 818 580 819 582 819 704 819 704 820 582 820 705 820 706 821 700 821 707 821 700 822 701 822 707 822 707 823 701 823 708 823 701 824 702 824 708 824 708 825 702 825 709 825 702 826 703 826 709 826 709 827 703 827 710 827 703 828 704 828 710 828 710 829 704 829 711 829 704 830 705 830 711 830 711 831 705 831 583 831 271 832 587 832 272 832 587 833 712 833 272 833 272 834 712 834 713 834 712 835 714 835 713 835 713 836 714 836 715 836 714 837 716 837 715 837 715 838 716 838 717 838 716 839 718 839 717 839 717 840 718 840 719 840 718 841 720 841 719 841 719 842 720 842 721 842 263 843 585 843 264 843 585 844 722 844 264 844 264 845 722 845 723 845 722 846 724 846 723 846 723 847 724 847 725 847 724 848 726 848 725 848 725 849 726 849 727 849 726 850 728 850 727 850 727 851 728 851 729 851 728 852 730 852 729 852 729 853 730 853 731 853 267 854 269 854 585 854 269 855 664 855 585 855 585 856 664 856 722 856 664 857 663 857 722 857 722 858 663 858 724 858 663 859 732 859 724 859 724 860 732 860 726 860 732 861 733 861 726 861 726 862 733 862 728 862 733 863 734 863 728 863 728 864 734 864 730 864 221 865 661 865 735 865 661 866 245 866 735 866 735 867 245 867 736 867 245 868 737 868 736 868 736 869 737 869 735 869 737 870 221 870 735 870 738 871 739 871 248 871 739 872 740 872 248 872 248 873 740 873 246 873 740 874 741 874 246 874 246 875 741 875 244 875 742 876 743 876 249 876 743 877 744 877 249 877 249 878 744 878 248 878 744 879 745 879 248 879 248 880 745 880 738 880 746 881 747 881 748 881 747 882 749 882 748 882 583 883 584 883 711 883 584 884 750 884 711 884 711 885 750 885 710 885 750 886 751 886 710 886 710 887 751 887 709 887 751 888 752 888 709 888 709 889 752 889 708 889 752 890 753 890 708 890 708 891 753 891 707 891 753 892 748 892 707 892 707 893 748 893 706 893 748 894 749 894 706 894 706 895 749 895 754 895 720 896 755 896 756 896 720 897 756 897 721 897 756 898 757 898 721 898 721 899 757 899 758 899 270 900 272 900 584 900 272 901 713 901 584 901 584 902 713 902 750 902 713 903 715 903 750 903 750 904 715 904 751 904 715 905 717 905 751 905 751 906 717 906 752 906 717 907 719 907 752 907 752 908 719 908 753 908 719 909 721 909 753 909 753 910 721 910 748 910 721 911 758 911 748 911 748 912 758 912 746 912 754 913 742 913 706 913 742 914 249 914 706 914 706 915 249 915 700 915 249 916 247 916 700 916 700 917 247 917 668 917 247 918 246 918 668 918 668 919 246 919 669 919 246 920 245 920 669 920 669 921 245 921 671 921 245 922 662 922 671 922 671 923 662 923 672 923 662 924 623 924 672 924 672 925 623 925 579 925 623 926 621 926 579 926 579 927 621 927 581 927 586 928 266 928 759 928 266 929 760 929 759 929 759 930 760 930 761 930 760 931 762 931 761 931 761 932 762 932 763 932 762 933 764 933 763 933 763 934 764 934 765 934 764 935 766 935 765 935 765 936 766 936 767 936 766 937 768 937 767 937 767 938 768 938 769 938 768 939 770 939 769 939 769 940 770 940 771 940 771 941 734 941 769 941 734 942 733 942 769 942 769 943 733 943 767 943 733 944 732 944 767 944 767 945 732 945 765 945 732 946 663 946 765 946 765 947 663 947 763 947 663 948 665 948 763 948 763 949 665 949 761 949 665 950 666 950 761 950 761 951 666 951 759 951 666 952 667 952 759 952 759 953 667 953 586 953 771 954 772 954 734 954 772 955 773 955 734 955 734 956 773 956 730 956 773 957 774 957 730 957 730 958 774 958 731 958 774 959 775 959 731 959 731 960 775 960 776 960 262 961 264 961 587 961 264 962 723 962 587 962 587 963 723 963 712 963 723 964 725 964 712 964 712 965 725 965 714 965 725 966 727 966 714 966 714 967 727 967 716 967 727 968 729 968 716 968 716 969 729 969 718 969 729 970 731 970 718 970 718 971 731 971 720 971 731 972 776 972 720 972 720 973 776 973 755 973 777 974 778 974 779 974 254 975 588 975 255 975 588 976 780 976 255 976 255 977 780 977 781 977 780 978 782 978 781 978 781 979 782 979 783 979 782 980 784 980 783 980 783 981 784 981 785 981 784 982 786 982 785 982 785 983 786 983 787 983 786 984 777 984 787 984 787 985 777 985 788 985 777 986 779 986 788 986 788 987 779 987 789 987 260 988 589 988 261 988 589 989 790 989 261 989 261 990 790 990 791 990 790 991 792 991 791 991 791 992 792 992 793 992 792 993 794 993 793 993 793 994 794 994 795 994 794 995 796 995 795 995 795 996 796 996 797 996 796 997 798 997 797 997 797 998 798 998 799 998 798 999 800 999 799 999 799 1000 800 1000 801 1000 259 1001 261 1001 588 1001 261 1002 791 1002 588 1002 588 1003 791 1003 780 1003 791 1004 793 1004 780 1004 780 1005 793 1005 782 1005 793 1006 795 1006 782 1006 782 1007 795 1007 784 1007 795 1008 797 1008 784 1008 784 1009 797 1009 786 1009 797 1010 799 1010 786 1010 786 1011 799 1011 777 1011 799 1012 801 1012 777 1012 777 1013 801 1013 778 1013 802 1014 803 1014 804 1014 257 1015 591 1015 258 1015 591 1016 805 1016 258 1016 258 1017 805 1017 806 1017 805 1018 807 1018 806 1018 806 1019 807 1019 808 1019 807 1020 809 1020 808 1020 808 1021 809 1021 810 1021 809 1022 811 1022 810 1022 810 1023 811 1023 812 1023 811 1024 802 1024 812 1024 812 1025 802 1025 813 1025 802 1026 804 1026 813 1026 813 1027 804 1027 814 1027 241 1028 243 1028 815 1028 816 1029 817 1029 818 1029 817 1030 819 1030 818 1030 818 1031 819 1031 820 1031 590 1032 624 1032 591 1032 624 1033 625 1033 591 1033 591 1034 625 1034 805 1034 625 1035 821 1035 805 1035 805 1036 821 1036 807 1036 821 1037 822 1037 807 1037 807 1038 822 1038 809 1038 822 1039 823 1039 809 1039 809 1040 823 1040 811 1040 823 1041 243 1041 811 1041 811 1042 243 1042 802 1042 243 1043 242 1043 802 1043 802 1044 242 1044 803 1044 256 1045 258 1045 589 1045 258 1046 806 1046 589 1046 589 1047 806 1047 790 1047 806 1048 808 1048 790 1048 790 1049 808 1049 792 1049 808 1050 810 1050 792 1050 792 1051 810 1051 794 1051 810 1052 812 1052 794 1052 794 1053 812 1053 796 1053 812 1054 813 1054 796 1054 796 1055 813 1055 798 1055 813 1056 814 1056 798 1056 798 1057 814 1057 800 1057 824 1058 819 1058 825 1058 819 1059 817 1059 825 1059 825 1060 817 1060 826 1060 817 1061 816 1061 826 1061 826 1062 816 1062 815 1062 253 1063 255 1063 266 1063 255 1064 781 1064 266 1064 266 1065 781 1065 760 1065 781 1066 783 1066 760 1066 760 1067 783 1067 762 1067 783 1068 785 1068 762 1068 762 1069 785 1069 764 1069 785 1070 787 1070 764 1070 764 1071 787 1071 766 1071 787 1072 788 1072 766 1072 766 1073 788 1073 768 1073 788 1074 789 1074 768 1074 768 1075 789 1075 770 1075 684 1076 827 1076 685 1076 827 1077 828 1077 685 1077 685 1078 828 1078 689 1078 828 1079 829 1079 689 1079 689 1080 829 1080 688 1080 829 1081 830 1081 688 1081 688 1082 830 1082 687 1082 830 1083 831 1083 687 1083 687 1084 831 1084 686 1084 831 1085 824 1085 686 1085 686 1086 824 1086 699 1086 824 1087 825 1087 699 1087 832 1088 833 1088 834 1088 833 1089 835 1089 834 1089 834 1090 835 1090 836 1090 835 1091 837 1091 836 1091 836 1092 837 1092 838 1092 837 1093 627 1093 838 1093 838 1094 627 1094 632 1094 627 1095 629 1095 632 1095 632 1096 629 1096 633 1096 629 1097 631 1097 633 1097 633 1098 631 1098 635 1098 839 1099 840 1099 841 1099 840 1100 842 1100 841 1100 841 1101 842 1101 843 1101 844 1102 845 1102 846 1102 846 1103 847 1103 844 1103 847 1104 848 1104 844 1104 844 1105 848 1105 849 1105 848 1106 843 1106 849 1106 849 1107 843 1107 850 1107 843 1108 842 1108 850 1108 851 1109 852 1109 853 1109 852 1110 832 1110 853 1110 853 1111 832 1111 341 1111 832 1112 834 1112 341 1112 341 1113 834 1113 342 1113 834 1114 836 1114 342 1114 342 1115 836 1115 343 1115 836 1116 838 1116 343 1116 343 1117 838 1117 344 1117 838 1118 632 1118 344 1118 344 1119 632 1119 345 1119 632 1120 634 1120 345 1120 345 1121 634 1121 610 1121 634 1122 636 1122 610 1122 610 1123 636 1123 611 1123 854 1124 851 1124 6 1124 851 1125 853 1125 6 1125 6 1126 853 1126 7 1126 853 1127 341 1127 7 1127 7 1128 341 1128 9 1128 341 1129 11 1129 9 1129 839 1130 855 1130 840 1130 855 1131 856 1131 840 1131 840 1132 856 1132 842 1132 856 1133 857 1133 842 1133 842 1134 857 1134 850 1134 857 1135 858 1135 850 1135 850 1136 858 1136 849 1136 858 1137 859 1137 849 1137 849 1138 859 1138 844 1138 859 1139 860 1139 844 1139 844 1140 860 1140 845 1140 860 1141 861 1141 845 1141 827 1142 861 1142 828 1142 861 1143 860 1143 828 1143 828 1144 860 1144 829 1144 860 1145 859 1145 829 1145 829 1146 859 1146 830 1146 859 1147 858 1147 830 1147 830 1148 858 1148 831 1148 858 1149 857 1149 831 1149 831 1150 857 1150 824 1150 857 1151 856 1151 824 1151 824 1152 856 1152 819 1152 856 1153 855 1153 819 1153 819 1154 855 1154 820 1154 147 1155 294 1155 293 1155 294 1156 659 1156 293 1156 293 1157 659 1157 862 1157 659 1158 657 1158 862 1158 862 1159 657 1159 863 1159 657 1160 651 1160 863 1160 863 1161 651 1161 864 1161 651 1162 650 1162 864 1162 864 1163 650 1163 865 1163 866 1164 867 1164 868 1164 867 1165 869 1165 868 1165 870 1166 240 1166 871 1166 872 1167 237 1167 873 1167 237 1168 874 1168 873 1168 872 1169 875 1169 237 1169 875 1170 876 1170 237 1170 237 1171 876 1171 235 1171 866 1172 877 1172 867 1172 877 1173 878 1173 867 1173 867 1174 878 1174 879 1174 230 1175 880 1175 231 1175 880 1176 881 1176 231 1176 231 1177 881 1177 234 1177 881 1178 882 1178 234 1178 234 1179 882 1179 883 1179 883 1180 884 1180 234 1180 884 1181 885 1181 234 1181 234 1182 885 1182 886 1182 886 1183 887 1183 234 1183 887 1184 888 1184 234 1184 234 1185 888 1185 232 1185 236 1186 889 1186 237 1186 889 1187 890 1187 237 1187 237 1188 890 1188 231 1188 890 1189 891 1189 231 1189 231 1190 891 1190 229 1190 892 1191 893 1191 894 1191 893 1192 895 1192 894 1192 223 1193 225 1193 896 1193 225 1194 897 1194 896 1194 896 1195 897 1195 898 1195 227 1196 899 1196 228 1196 899 1197 900 1197 228 1197 228 1198 900 1198 897 1198 900 1199 901 1199 897 1199 897 1200 901 1200 898 1200 233 1201 902 1201 234 1201 902 1202 903 1202 234 1202 234 1203 903 1203 894 1203 903 1204 904 1204 894 1204 894 1205 904 1205 905 1205 905 1206 906 1206 894 1206 906 1207 907 1207 894 1207 894 1208 907 1208 892 1208 894 1209 908 1209 234 1209 908 1210 909 1210 234 1210 234 1211 909 1211 231 1211 909 1212 910 1212 231 1212 231 1213 910 1213 237 1213 910 1214 911 1214 237 1214 237 1215 911 1215 874 1215 224 1216 912 1216 225 1216 912 1217 913 1217 225 1217 225 1218 913 1218 914 1218 913 1219 915 1219 914 1219 915 1220 916 1220 914 1220 916 1221 917 1221 914 1221 914 1222 917 1222 918 1222 919 1223 920 1223 921 1223 920 1224 922 1224 921 1224 917 1225 923 1225 918 1225 923 1226 924 1226 918 1226 918 1227 924 1227 920 1227 924 1228 925 1228 920 1228 920 1229 925 1229 922 1229 926 1230 927 1230 928 1230 929 1231 928 1231 930 1231 931 1232 932 1232 933 1232 932 1233 934 1233 933 1233 934 1234 935 1234 933 1234 935 1235 936 1235 933 1235 933 1236 936 1236 937 1236 921 1237 938 1237 919 1237 938 1238 939 1238 919 1238 919 1239 939 1239 940 1239 940 1240 941 1240 926 1240 941 1241 942 1241 926 1241 926 1242 942 1242 927 1242 943 1243 944 1243 945 1243 944 1244 946 1244 945 1244 945 1245 946 1245 947 1245 946 1246 948 1246 947 1246 947 1247 948 1247 949 1247 948 1248 950 1248 949 1248 949 1249 950 1249 951 1249 952 1250 931 1250 953 1250 931 1251 933 1251 953 1251 953 1252 933 1252 954 1252 933 1253 937 1253 954 1253 954 1254 937 1254 955 1254 919 1255 943 1255 920 1255 943 1256 945 1256 920 1256 920 1257 945 1257 918 1257 945 1258 947 1258 918 1258 918 1259 947 1259 914 1259 947 1260 949 1260 914 1260 914 1261 949 1261 225 1261 949 1262 951 1262 225 1262 225 1263 951 1263 897 1263 951 1264 956 1264 897 1264 897 1265 956 1265 228 1265 956 1266 957 1266 228 1266 958 1267 959 1267 960 1267 959 1268 874 1268 960 1268 960 1269 874 1269 961 1269 874 1270 911 1270 961 1270 961 1271 911 1271 962 1271 911 1272 910 1272 962 1272 962 1273 910 1273 963 1273 910 1274 909 1274 963 1274 963 1275 909 1275 964 1275 909 1276 908 1276 964 1276 964 1277 908 1277 957 1277 908 1278 894 1278 957 1278 957 1279 894 1279 228 1279 894 1280 895 1280 228 1280 228 1281 895 1281 226 1281 965 1282 218 1282 966 1282 218 1283 217 1283 966 1283 966 1284 217 1284 967 1284 968 1285 965 1285 969 1285 965 1286 966 1286 969 1286 969 1287 966 1287 970 1287 966 1288 967 1288 970 1288 970 1289 967 1289 971 1289 928 1290 929 1290 926 1290 929 1291 971 1291 926 1291 926 1292 971 1292 972 1292 971 1293 967 1293 972 1293 972 1294 967 1294 973 1294 967 1295 217 1295 973 1295 973 1296 217 1296 974 1296 217 1297 219 1297 974 1297 974 1298 219 1298 975 1298 940 1299 926 1299 919 1299 926 1300 972 1300 919 1300 919 1301 972 1301 943 1301 972 1302 973 1302 943 1302 943 1303 973 1303 944 1303 973 1304 974 1304 944 1304 944 1305 974 1305 946 1305 974 1306 975 1306 946 1306 946 1307 975 1307 948 1307 975 1308 976 1308 948 1308 948 1309 976 1309 950 1309 976 1310 977 1310 950 1310 950 1311 977 1311 951 1311 977 1312 978 1312 951 1312 951 1313 978 1313 956 1313 978 1314 979 1314 956 1314 956 1315 979 1315 957 1315 979 1316 980 1316 957 1316 957 1317 980 1317 964 1317 980 1318 981 1318 964 1318 964 1319 981 1319 963 1319 981 1320 982 1320 963 1320 963 1321 982 1321 962 1321 982 1322 983 1322 962 1322 962 1323 983 1323 961 1323 983 1324 203 1324 961 1324 961 1325 203 1325 960 1325 203 1326 202 1326 960 1326 960 1327 202 1327 958 1327 984 1328 952 1328 985 1328 952 1329 953 1329 985 1329 985 1330 953 1330 986 1330 953 1331 954 1331 986 1331 986 1332 954 1332 987 1332 954 1333 955 1333 987 1333 987 1334 955 1334 988 1334 989 1335 990 1335 991 1335 990 1336 992 1336 991 1336 991 1337 992 1337 993 1337 994 1338 995 1338 996 1338 995 1339 997 1339 996 1339 996 1340 997 1340 998 1340 999 1341 1000 1341 216 1341 1000 1342 996 1342 216 1342 216 1343 996 1343 214 1343 996 1344 998 1344 214 1344 1001 1345 1002 1345 1003 1345 1002 1346 1004 1346 1003 1346 1005 1347 1006 1347 991 1347 993 1348 994 1348 991 1348 994 1349 996 1349 991 1349 991 1350 996 1350 1005 1350 996 1351 1000 1351 1005 1351 1005 1352 1000 1352 1007 1352 1000 1353 999 1353 1007 1353 1007 1354 999 1354 1008 1354 1009 1355 1010 1355 1011 1355 1010 1356 1012 1356 1011 1356 1011 1357 1012 1357 1004 1357 1012 1358 1013 1358 1004 1358 1004 1359 1013 1359 1003 1359 1002 1360 1014 1360 1004 1360 1014 1361 1015 1361 1004 1361 1004 1362 1015 1362 1011 1362 1015 1363 1016 1363 1011 1363 1011 1364 1016 1364 1009 1364 1016 1365 1017 1365 1009 1365 1018 1366 1019 1366 1020 1366 1021 1367 1022 1367 1023 1367 1022 1368 1024 1368 1023 1368 1023 1369 1024 1369 210 1369 1018 1370 1020 1370 1025 1370 1020 1371 1026 1371 1025 1371 1025 1372 1026 1372 1027 1372 1026 1373 1028 1373 1027 1373 1027 1374 1028 1374 1029 1374 208 1375 210 1375 1030 1375 210 1376 1024 1376 1030 1376 1030 1377 1024 1377 1031 1377 1024 1378 1022 1378 1031 1378 1031 1379 1022 1379 1032 1379 215 1380 1001 1380 216 1380 1001 1381 1003 1381 216 1381 216 1382 1003 1382 999 1382 1003 1383 1013 1383 999 1383 999 1384 1013 1384 1008 1384 1013 1385 1012 1385 1008 1385 1008 1386 1012 1386 1032 1386 1012 1387 1010 1387 1032 1387 1032 1388 1010 1388 1031 1388 1010 1389 1009 1389 1031 1389 1031 1390 1009 1390 1030 1390 1009 1391 1017 1391 1030 1391 1030 1392 1017 1392 208 1392 1033 1393 1034 1393 205 1393 1034 1394 1035 1394 205 1394 205 1395 1035 1395 206 1395 1035 1396 1036 1396 206 1396 1033 1397 205 1397 1037 1397 205 1398 207 1398 1037 1398 1037 1399 207 1399 1038 1399 207 1400 1039 1400 1038 1400 1038 1401 1039 1401 1040 1401 1041 1402 1042 1402 1043 1402 1042 1403 1044 1403 1043 1403 1043 1404 1044 1404 1045 1404 1044 1405 1046 1405 1045 1405 1045 1406 1046 1406 1047 1406 1046 1407 1048 1407 1047 1407 1047 1408 1048 1408 1040 1408 1048 1409 1049 1409 1040 1409 1040 1410 1049 1410 1038 1410 1049 1411 1050 1411 1038 1411 1038 1412 1050 1412 1037 1412 1051 1413 1041 1413 1052 1413 1041 1414 1043 1414 1052 1414 1052 1415 1043 1415 1053 1415 1043 1416 1045 1416 1053 1416 1053 1417 1045 1417 1054 1417 1045 1418 1047 1418 1054 1418 1054 1419 1047 1419 1055 1419 1047 1420 1040 1420 1055 1420 1055 1421 1040 1421 1056 1421 1040 1422 1039 1422 1056 1422 1056 1423 1039 1423 1057 1423 1039 1424 207 1424 1057 1424 1057 1425 207 1425 1058 1425 207 1426 206 1426 1058 1426 1058 1427 206 1427 211 1427 206 1428 1036 1428 211 1428 211 1429 1036 1429 212 1429 936 1430 213 1430 937 1430 213 1431 212 1431 937 1431 937 1432 212 1432 955 1432 212 1433 1036 1433 955 1433 955 1434 1036 1434 988 1434 1036 1435 1035 1435 988 1435 988 1436 1035 1436 1059 1436 1035 1437 1034 1437 1059 1437 1059 1438 1034 1438 1060 1438 869 1439 1061 1439 1062 1439 1062 1440 1061 1440 1063 1440 1064 1441 240 1441 1065 1441 240 1442 870 1442 1065 1442 1065 1443 870 1443 1066 1443 871 1444 869 1444 870 1444 869 1445 1062 1445 870 1445 870 1446 1062 1446 1066 1446 1062 1447 1063 1447 1066 1447 1066 1448 1063 1448 1067 1448 204 1449 203 1449 1068 1449 203 1450 983 1450 1068 1450 1068 1451 983 1451 1069 1451 983 1452 982 1452 1069 1452 1069 1453 982 1453 1070 1453 982 1454 981 1454 1070 1454 1070 1455 981 1455 1071 1455 981 1456 980 1456 1071 1456 1071 1457 980 1457 1072 1457 980 1458 979 1458 1072 1458 1072 1459 979 1459 1073 1459 979 1460 978 1460 1073 1460 1073 1461 978 1461 1074 1461 978 1462 977 1462 1074 1462 1074 1463 977 1463 1075 1463 977 1464 976 1464 1075 1464 1075 1465 976 1465 1076 1465 976 1466 975 1466 1076 1466 1076 1467 975 1467 1077 1467 975 1468 219 1468 1077 1468 1077 1469 219 1469 1078 1469 219 1470 218 1470 1078 1470 1078 1471 218 1471 1079 1471 218 1472 965 1472 1079 1472 1079 1473 965 1473 1080 1473 965 1474 968 1474 1080 1474 1080 1475 968 1475 1081 1475 1050 1476 1082 1476 1037 1476 1082 1477 1083 1477 1037 1477 1037 1478 1083 1478 1033 1478 1083 1479 1084 1479 1033 1479 1033 1480 1084 1480 1034 1480 1084 1481 1081 1481 1034 1481 1034 1482 1081 1482 1060 1482 1081 1483 968 1483 1060 1483 1060 1484 968 1484 1059 1484 968 1485 969 1485 1059 1485 1059 1486 969 1486 988 1486 969 1487 970 1487 988 1487 988 1488 970 1488 987 1488 970 1489 971 1489 987 1489 987 1490 971 1490 986 1490 971 1491 929 1491 986 1491 986 1492 929 1492 985 1492 929 1493 930 1493 985 1493 985 1494 930 1494 984 1494 1085 1495 1086 1495 1087 1495 1086 1496 1088 1496 1087 1496 1087 1497 1088 1497 1089 1497 1088 1498 1090 1498 1089 1498 1089 1499 1090 1499 1091 1499 1090 1500 1092 1500 1091 1500 1091 1501 1092 1501 1093 1501 1092 1502 1094 1502 1093 1502 1042 1503 1085 1503 1044 1503 1085 1504 1087 1504 1044 1504 1044 1505 1087 1505 1046 1505 1087 1506 1089 1506 1046 1506 1046 1507 1089 1507 1048 1507 1089 1508 1091 1508 1048 1508 1048 1509 1091 1509 1049 1509 1091 1510 1093 1510 1049 1510 1049 1511 1093 1511 1050 1511 1093 1512 1094 1512 1050 1512 1050 1513 1094 1513 1082 1513 1095 1514 1096 1514 1097 1514 1096 1515 1098 1515 1097 1515 1097 1516 1098 1516 1029 1516 1098 1517 1099 1517 1029 1517 1029 1518 1099 1518 1027 1518 1099 1519 1100 1519 1027 1519 1027 1520 1100 1520 1025 1520 1100 1521 1101 1521 1025 1521 1025 1522 1101 1522 1018 1522 1096 1523 1102 1523 1098 1523 1102 1524 1103 1524 1098 1524 1098 1525 1103 1525 1099 1525 1103 1526 1104 1526 1099 1526 1099 1527 1104 1527 1100 1527 1104 1528 1021 1528 1100 1528 1100 1529 1021 1529 1101 1529 1021 1530 1023 1530 1101 1530 1101 1531 1023 1531 1018 1531 1023 1532 210 1532 1018 1532 1018 1533 210 1533 1019 1533 210 1534 209 1534 1019 1534 1028 1535 1105 1535 1029 1535 1105 1536 1106 1536 1029 1536 1029 1537 1106 1537 1097 1537 1106 1538 1107 1538 1097 1538 1097 1539 1107 1539 1095 1539 1107 1540 1108 1540 1095 1540 1095 1541 1108 1541 1109 1541 1110 1542 1111 1542 1112 1542 1111 1543 1113 1543 1112 1543 1112 1544 1113 1544 1114 1544 1113 1545 201 1545 1114 1545 1114 1546 201 1546 1115 1546 201 1547 200 1547 1115 1547 1116 1548 989 1548 1117 1548 989 1549 991 1549 1117 1549 1117 1550 991 1550 1118 1550 991 1551 1006 1551 1118 1551 1118 1552 1006 1552 1119 1552 1006 1553 1005 1553 1119 1553 1119 1554 1005 1554 1120 1554 1005 1555 1007 1555 1120 1555 1120 1556 1007 1556 1121 1556 1007 1557 1008 1557 1121 1557 1121 1558 1008 1558 1122 1558 1008 1559 1032 1559 1122 1559 1122 1560 1032 1560 1123 1560 1032 1561 1022 1561 1123 1561 1123 1562 1022 1562 1124 1562 1022 1563 1021 1563 1124 1563 1124 1564 1021 1564 1125 1564 1021 1565 1104 1565 1125 1565 1125 1566 1104 1566 1126 1566 1104 1567 1103 1567 1126 1567 1126 1568 1103 1568 1127 1568 1103 1569 1102 1569 1127 1569 1127 1570 1102 1570 1128 1570 1102 1571 1096 1571 1128 1571 1128 1572 1096 1572 1129 1572 1096 1573 1095 1573 1129 1573 1129 1574 1095 1574 1130 1574 1095 1575 1109 1575 1130 1575 1130 1576 1109 1576 1131 1576 935 1577 1116 1577 936 1577 1116 1578 1117 1578 936 1578 936 1579 1117 1579 213 1579 1117 1580 1118 1580 213 1580 213 1581 1118 1581 211 1581 1118 1582 1119 1582 211 1582 211 1583 1119 1583 1058 1583 1119 1584 1120 1584 1058 1584 1058 1585 1120 1585 1057 1585 1120 1586 1121 1586 1057 1586 1057 1587 1121 1587 1056 1587 1121 1588 1122 1588 1056 1588 1056 1589 1122 1589 1055 1589 1122 1590 1123 1590 1055 1590 1055 1591 1123 1591 1054 1591 1123 1592 1124 1592 1054 1592 1054 1593 1124 1593 1053 1593 1124 1594 1125 1594 1053 1594 1053 1595 1125 1595 1052 1595 1125 1596 1126 1596 1052 1596 1052 1597 1126 1597 1051 1597 1126 1598 1127 1598 1051 1598 1132 1599 1133 1599 1134 1599 1133 1600 1135 1600 1134 1600 1134 1601 1135 1601 1136 1601 1137 1602 1132 1602 1138 1602 1132 1603 1134 1603 1138 1603 1138 1604 1134 1604 1139 1604 1134 1605 1136 1605 1139 1605 1140 1606 1135 1606 1141 1606 1135 1607 1133 1607 1141 1607 1141 1608 1133 1608 1142 1608 1133 1609 1132 1609 1142 1609 1142 1610 1132 1610 1143 1610 1132 1611 1137 1611 1143 1611 1143 1612 1137 1612 1144 1612 1137 1613 1131 1613 1144 1613 1145 1614 1146 1614 1147 1614 1146 1615 1148 1615 1147 1615 1147 1616 1148 1616 1149 1616 1145 1617 1150 1617 1146 1617 1150 1618 1151 1618 1146 1618 1146 1619 1151 1619 1152 1619 196 1620 198 1620 1153 1620 198 1621 1154 1621 1153 1621 1153 1622 1154 1622 1155 1622 1154 1623 1156 1623 1155 1623 1155 1624 1156 1624 1157 1624 1158 1625 194 1625 1159 1625 194 1626 193 1626 1159 1626 1159 1627 193 1627 1160 1627 1115 1628 196 1628 1114 1628 196 1629 1153 1629 1114 1629 1114 1630 1153 1630 1112 1630 1153 1631 1155 1631 1112 1631 1112 1632 1155 1632 1110 1632 1155 1633 1157 1633 1110 1633 1161 1634 1158 1634 1152 1634 1158 1635 1159 1635 1152 1635 1152 1636 1159 1636 1146 1636 1159 1637 1160 1637 1146 1637 1146 1638 1160 1638 1148 1638 1151 1639 1162 1639 1152 1639 1162 1640 1163 1640 1152 1640 1152 1641 1163 1641 1161 1641 1163 1642 1164 1642 1161 1642 1161 1643 1164 1643 1165 1643 1165 1644 1166 1644 1167 1644 1166 1645 1168 1645 1167 1645 1168 1646 1169 1646 1170 1646 1169 1647 1171 1647 1170 1647 1165 1648 1167 1648 1161 1648 1167 1649 1172 1649 1161 1649 1161 1650 1172 1650 1158 1650 1172 1651 1173 1651 1158 1651 1158 1652 1173 1652 194 1652 1173 1653 1174 1653 194 1653 194 1654 1174 1654 195 1654 1168 1655 1170 1655 1167 1655 1170 1656 1175 1656 1167 1656 1167 1657 1175 1657 1172 1657 1175 1658 1176 1658 1172 1658 1172 1659 1176 1659 1173 1659 1176 1660 1177 1660 1173 1660 1173 1661 1177 1661 1174 1661 1178 1662 1179 1662 1180 1662 1156 1663 1178 1663 1157 1663 1178 1664 1180 1664 1157 1664 1157 1665 1180 1665 1110 1665 1180 1666 1140 1666 1110 1666 1110 1667 1140 1667 1111 1667 1140 1668 1141 1668 1111 1668 1111 1669 1141 1669 1113 1669 1141 1670 1142 1670 1113 1670 1113 1671 1142 1671 201 1671 1142 1672 1143 1672 201 1672 201 1673 1143 1673 199 1673 1143 1674 1144 1674 199 1674 1181 1675 1182 1675 1183 1675 197 1676 1149 1676 198 1676 1149 1677 1148 1677 198 1677 198 1678 1148 1678 1154 1678 1148 1679 1160 1679 1154 1679 1154 1680 1160 1680 1156 1680 1160 1681 193 1681 1156 1681 1156 1682 193 1682 1178 1682 193 1683 195 1683 1178 1683 1178 1684 195 1684 1179 1684 195 1685 1174 1685 1179 1685 1179 1686 1174 1686 1183 1686 1174 1687 1177 1687 1183 1687 1183 1688 1177 1688 1181 1688 1177 1689 1176 1689 1181 1689 1181 1690 1176 1690 1184 1690 1176 1691 1175 1691 1184 1691 1184 1692 1175 1692 1185 1692 1175 1693 1170 1693 1185 1693 1185 1694 1170 1694 1186 1694 1170 1695 1171 1695 1186 1695 1186 1696 1171 1696 1187 1696 1187 1697 1188 1697 192 1697 1188 1698 1189 1698 192 1698 1190 1699 1191 1699 1192 1699 191 1700 190 1700 1193 1700 190 1701 1194 1701 1193 1701 1193 1702 1194 1702 1195 1702 1196 1703 187 1703 1197 1703 187 1704 189 1704 1197 1704 1197 1705 189 1705 1198 1705 189 1706 1199 1706 1198 1706 1198 1707 1199 1707 1200 1707 1199 1708 1201 1708 1200 1708 1200 1709 1201 1709 1202 1709 1203 1710 1204 1710 1195 1710 1204 1711 1205 1711 1195 1711 1195 1712 1205 1712 1193 1712 1205 1713 1206 1713 1193 1713 1193 1714 1206 1714 191 1714 1207 1715 1208 1715 1209 1715 1208 1716 1210 1716 1209 1716 1209 1717 1210 1717 1211 1717 1210 1718 1212 1718 1211 1718 1212 1719 1213 1719 1211 1719 1211 1720 1213 1720 1214 1720 1213 1721 1215 1721 1214 1721 1214 1722 1215 1722 1216 1722 1215 1723 1217 1723 1216 1723 1191 1724 184 1724 1192 1724 184 1725 186 1725 1192 1725 1192 1726 186 1726 1218 1726 186 1727 1219 1727 1218 1727 1218 1728 1219 1728 1220 1728 1219 1729 1221 1729 1220 1729 1220 1730 1221 1730 1222 1730 1223 1731 1203 1731 1202 1731 1203 1732 1195 1732 1202 1732 1202 1733 1195 1733 1200 1733 1195 1734 1194 1734 1200 1734 1200 1735 1194 1735 1198 1735 1194 1736 190 1736 1198 1736 1198 1737 190 1737 1197 1737 190 1738 192 1738 1197 1738 1197 1739 192 1739 1196 1739 192 1740 1189 1740 1196 1740 188 1741 1190 1741 189 1741 1190 1742 1192 1742 189 1742 189 1743 1192 1743 1199 1743 1192 1744 1218 1744 1199 1744 1199 1745 1218 1745 1201 1745 1218 1746 1220 1746 1201 1746 1201 1747 1220 1747 1202 1747 1220 1748 1222 1748 1202 1748 1202 1749 1222 1749 1223 1749 1222 1750 1224 1750 1223 1750 1223 1751 1224 1751 1225 1751 1187 1752 192 1752 1186 1752 192 1753 191 1753 1186 1753 1186 1754 191 1754 1185 1754 191 1755 1206 1755 1185 1755 1185 1756 1206 1756 1184 1756 1206 1757 1205 1757 1184 1757 1184 1758 1205 1758 1181 1758 1205 1759 1204 1759 1181 1759 1181 1760 1204 1760 1182 1760 1204 1761 1203 1761 1182 1761 1182 1762 1203 1762 1226 1762 1203 1763 1223 1763 1226 1763 1226 1764 1223 1764 1227 1764 1223 1765 1225 1765 1227 1765 1227 1766 1225 1766 1228 1766 1229 1767 1136 1767 1230 1767 1136 1768 1135 1768 1230 1768 1230 1769 1135 1769 1231 1769 1135 1770 1140 1770 1231 1770 1231 1771 1140 1771 1232 1771 1140 1772 1180 1772 1232 1772 1232 1773 1180 1773 1233 1773 1180 1774 1179 1774 1233 1774 1233 1775 1179 1775 1234 1775 1179 1776 1183 1776 1234 1776 1234 1777 1183 1777 1235 1777 1183 1778 1182 1778 1235 1778 1235 1779 1182 1779 1236 1779 1182 1780 1226 1780 1236 1780 1236 1781 1226 1781 1237 1781 1226 1782 1227 1782 1237 1782 1237 1783 1227 1783 1238 1783 1227 1784 1228 1784 1238 1784 1238 1785 1228 1785 1239 1785 1240 1786 1241 1786 1242 1786 1241 1787 1243 1787 1242 1787 1242 1788 1243 1788 1244 1788 1243 1789 1216 1789 1244 1789 1244 1790 1216 1790 1245 1790 1216 1791 1217 1791 1245 1791 1240 1792 1246 1792 1241 1792 1246 1793 1247 1793 1241 1793 1241 1794 1247 1794 1248 1794 1247 1795 1249 1795 1248 1795 1248 1796 1249 1796 1250 1796 1251 1797 1252 1797 1253 1797 1252 1798 1254 1798 1253 1798 1253 1799 1254 1799 1255 1799 1254 1800 1256 1800 1255 1800 1255 1801 1256 1801 1257 1801 1258 1802 1259 1802 1260 1802 1251 1803 1258 1803 1252 1803 1258 1804 1260 1804 1252 1804 1252 1805 1260 1805 1254 1805 1260 1806 1261 1806 1254 1806 1254 1807 1261 1807 1256 1807 1261 1808 1262 1808 1256 1808 1256 1809 1262 1809 1257 1809 1262 1810 1263 1810 1257 1810 1249 1811 1264 1811 1250 1811 1264 1812 1265 1812 1250 1812 1250 1813 1265 1813 1266 1813 1265 1814 1267 1814 1266 1814 1267 1815 1268 1815 1266 1815 1266 1816 1268 1816 1269 1816 1270 1817 1271 1817 1272 1817 1268 1818 1273 1818 1269 1818 1273 1819 1274 1819 1269 1819 1269 1820 1274 1820 1272 1820 1274 1821 1275 1821 1272 1821 1272 1822 1275 1822 1270 1822 1276 1823 1277 1823 1278 1823 1277 1824 1279 1824 1278 1824 1278 1825 1279 1825 1280 1825 1279 1826 1281 1826 1280 1826 1280 1827 1281 1827 1282 1827 183 1828 1283 1828 1284 1828 1276 1829 183 1829 1277 1829 183 1830 1284 1830 1277 1830 1277 1831 1284 1831 1279 1831 1284 1832 1259 1832 1279 1832 1279 1833 1259 1833 1281 1833 1259 1834 1258 1834 1281 1834 1281 1835 1258 1835 1282 1835 1258 1836 1251 1836 1282 1836 1285 1837 1286 1837 1287 1837 1286 1838 1288 1838 1287 1838 1287 1839 1288 1839 1289 1839 1288 1840 1290 1840 1289 1840 1291 1841 1285 1841 1292 1841 1285 1842 1287 1842 1292 1842 1292 1843 1287 1843 1293 1843 1287 1844 1289 1844 1293 1844 1294 1845 1290 1845 1295 1845 1290 1846 1288 1846 1295 1846 1295 1847 1288 1847 1296 1847 1288 1848 1286 1848 1296 1848 1296 1849 1286 1849 1297 1849 1286 1850 1285 1850 1297 1850 1297 1851 1285 1851 1298 1851 1285 1852 1291 1852 1298 1852 1298 1853 1291 1853 1299 1853 1300 1854 1229 1854 1301 1854 1229 1855 1230 1855 1301 1855 1301 1856 1230 1856 1302 1856 1230 1857 1231 1857 1302 1857 1302 1858 1231 1858 1303 1858 1231 1859 1232 1859 1303 1859 1303 1860 1232 1860 1304 1860 1232 1861 1233 1861 1304 1861 1304 1862 1233 1862 1305 1862 1233 1863 1234 1863 1305 1863 1305 1864 1234 1864 1306 1864 1234 1865 1235 1865 1306 1865 1306 1866 1235 1866 1307 1866 1235 1867 1236 1867 1307 1867 1307 1868 1236 1868 1308 1868 1236 1869 1237 1869 1308 1869 1308 1870 1237 1870 1309 1870 1237 1871 1238 1871 1309 1871 1309 1872 1238 1872 1310 1872 1238 1873 1239 1873 1310 1873 1310 1874 1239 1874 1311 1874 1311 1875 1312 1875 1310 1875 1312 1876 1313 1876 1310 1876 1310 1877 1313 1877 1309 1877 1313 1878 1314 1878 1309 1878 1309 1879 1314 1879 1308 1879 1314 1880 1315 1880 1308 1880 1308 1881 1315 1881 1307 1881 1315 1882 1316 1882 1307 1882 1307 1883 1316 1883 1306 1883 1316 1884 1317 1884 1306 1884 1306 1885 1317 1885 1305 1885 1317 1886 1318 1886 1305 1886 1305 1887 1318 1887 1304 1887 1318 1888 1319 1888 1304 1888 1304 1889 1319 1889 1303 1889 1319 1890 1320 1890 1303 1890 1303 1891 1320 1891 1302 1891 1320 1892 1321 1892 1302 1892 1302 1893 1321 1893 1301 1893 1321 1894 1322 1894 1301 1894 1301 1895 1322 1895 1300 1895 1322 1896 1323 1896 1300 1896 1324 1897 175 1897 1325 1897 175 1898 174 1898 1325 1898 1325 1899 174 1899 1326 1899 177 1900 1294 1900 1327 1900 1294 1901 1295 1901 1327 1901 1327 1902 1295 1902 1328 1902 1295 1903 1296 1903 1328 1903 1328 1904 1296 1904 1329 1904 1296 1905 1297 1905 1329 1905 1329 1906 1297 1906 1326 1906 1297 1907 1298 1907 1326 1907 1326 1908 1298 1908 1325 1908 1298 1909 1299 1909 1325 1909 1325 1910 1299 1910 1324 1910 1330 1911 1323 1911 1331 1911 1323 1912 1322 1912 1331 1912 1331 1913 1322 1913 1332 1913 1322 1914 1321 1914 1332 1914 1332 1915 1321 1915 1333 1915 1321 1916 1320 1916 1333 1916 1333 1917 1320 1917 1334 1917 1320 1918 1319 1918 1334 1918 1334 1919 1319 1919 1335 1919 1319 1920 1318 1920 1335 1920 1335 1921 1318 1921 1336 1921 1318 1922 1317 1922 1336 1922 1336 1923 1317 1923 1337 1923 1317 1924 1316 1924 1337 1924 1337 1925 1316 1925 1338 1925 1316 1926 1315 1926 1338 1926 1338 1927 1315 1927 1339 1927 1315 1928 1314 1928 1339 1928 1339 1929 1314 1929 1340 1929 1314 1930 1313 1930 1340 1930 1340 1931 1313 1931 1341 1931 1313 1932 1312 1932 1341 1932 1341 1933 1312 1933 1342 1933 1343 1934 1330 1934 1344 1934 1330 1935 1331 1935 1344 1935 1344 1936 1331 1936 1345 1936 1331 1937 1332 1937 1345 1937 1345 1938 1332 1938 1346 1938 1332 1939 1333 1939 1346 1939 1346 1940 1333 1940 1347 1940 1333 1941 1334 1941 1347 1941 1347 1942 1334 1942 1348 1942 1334 1943 1335 1943 1348 1943 1348 1944 1335 1944 1349 1944 1335 1945 1336 1945 1349 1945 1349 1946 1336 1946 1350 1946 1336 1947 1337 1947 1350 1947 1350 1948 1337 1948 1351 1948 1337 1949 1338 1949 1351 1949 1351 1950 1338 1950 1352 1950 1338 1951 1339 1951 1352 1951 1352 1952 1339 1952 1353 1952 1339 1953 1340 1953 1353 1953 1353 1954 1340 1954 1354 1954 1340 1955 1341 1955 1354 1955 1354 1956 1341 1956 1355 1956 1341 1957 1342 1957 1355 1957 1355 1958 1342 1958 1356 1958 1357 1959 1343 1959 1358 1959 1343 1960 1344 1960 1358 1960 1358 1961 1344 1961 1359 1961 1344 1962 1345 1962 1359 1962 1359 1963 1345 1963 1360 1963 1345 1964 1346 1964 1360 1964 1360 1965 1346 1965 1361 1965 1346 1966 1347 1966 1361 1966 1361 1967 1347 1967 1362 1967 1347 1968 1348 1968 1362 1968 1362 1969 1348 1969 1363 1969 1348 1970 1349 1970 1363 1970 1363 1971 1349 1971 1364 1971 1349 1972 1350 1972 1364 1972 1364 1973 1350 1973 1365 1973 1350 1974 1351 1974 1365 1974 1365 1975 1351 1975 1366 1975 1351 1976 1352 1976 1366 1976 1366 1977 1352 1977 1367 1977 1352 1978 1353 1978 1367 1978 1367 1979 1353 1979 1368 1979 1353 1980 1354 1980 1368 1980 1368 1981 1354 1981 1369 1981 1354 1982 1355 1982 1369 1982 1369 1983 1355 1983 1370 1983 1355 1984 1356 1984 1370 1984 1370 1985 1356 1985 1371 1985 1086 1986 1372 1986 1088 1986 1372 1987 1373 1987 1088 1987 1088 1988 1373 1988 1090 1988 1373 1989 1374 1989 1090 1989 1090 1990 1374 1990 1092 1990 1374 1991 1375 1991 1092 1991 1092 1992 1375 1992 1094 1992 1375 1993 1376 1993 1094 1993 1094 1994 1376 1994 1082 1994 1376 1995 1377 1995 1082 1995 1082 1996 1377 1996 1083 1996 1377 1997 1378 1997 1083 1997 1083 1998 1378 1998 1084 1998 1378 1999 1379 1999 1084 1999 1084 2000 1379 2000 1081 2000 1379 2001 1380 2001 1081 2001 1081 2002 1380 2002 1080 2002 1380 2003 1381 2003 1080 2003 1080 2004 1381 2004 1079 2004 1381 2005 1382 2005 1079 2005 1079 2006 1382 2006 1078 2006 1382 2007 1383 2007 1078 2007 1078 2008 1383 2008 1077 2008 1383 2009 1384 2009 1077 2009 1077 2010 1384 2010 1076 2010 1384 2011 1385 2011 1076 2011 1076 2012 1385 2012 1075 2012 1385 2013 1386 2013 1075 2013 1075 2014 1386 2014 1074 2014 1386 2015 1387 2015 1074 2015 1074 2016 1387 2016 1073 2016 1387 2017 1388 2017 1073 2017 1073 2018 1388 2018 1072 2018 1388 2019 1389 2019 1072 2019 1072 2020 1389 2020 1071 2020 1389 2021 1390 2021 1071 2021 1071 2022 1390 2022 1070 2022 1390 2023 1391 2023 1070 2023 1070 2024 1391 2024 1069 2024 1391 2025 1392 2025 1069 2025 1069 2026 1392 2026 1068 2026 1392 2027 1067 2027 1068 2027 1068 2028 1067 2028 204 2028 1067 2029 1063 2029 204 2029 204 2030 1063 2030 202 2030 1063 2031 1061 2031 202 2031 202 2032 1061 2032 958 2032 1061 2033 869 2033 958 2033 958 2034 869 2034 959 2034 869 2035 867 2035 959 2035 959 2036 867 2036 874 2036 867 2037 879 2037 874 2037 173 2038 172 2038 1393 2038 172 2039 1394 2039 1393 2039 1393 2040 1394 2040 1395 2040 1396 2041 221 2041 1397 2041 1396 2042 276 2042 221 2042 220 2043 1397 2043 221 2043 1397 2044 1398 2044 1396 2044 1398 2045 1399 2045 1396 2045 1396 2046 1399 2046 276 2046 1399 2047 581 2047 276 2047 276 2048 581 2048 274 2048 581 2049 621 2049 274 2049 274 2050 621 2050 273 2050 621 2051 620 2051 273 2051 273 2052 620 2052 275 2052 620 2053 660 2053 275 2053 275 2054 660 2054 221 2054 1372 2055 168 2055 1373 2055 168 2056 170 2056 1373 2056 1373 2057 170 2057 1374 2057 170 2058 1400 2058 1374 2058 1374 2059 1400 2059 1375 2059 1400 2060 1401 2060 1375 2060 1375 2061 1401 2061 1376 2061 1401 2062 1402 2062 1376 2062 1376 2063 1402 2063 1377 2063 1402 2064 1403 2064 1377 2064 1377 2065 1403 2065 1378 2065 1403 2066 1404 2066 1378 2066 1378 2067 1404 2067 1379 2067 1404 2068 1405 2068 1379 2068 1379 2069 1405 2069 1380 2069 1405 2070 1406 2070 1380 2070 1380 2071 1406 2071 1381 2071 1406 2072 1407 2072 1381 2072 1381 2073 1407 2073 1382 2073 1407 2074 1408 2074 1382 2074 1382 2075 1408 2075 1383 2075 1408 2076 1409 2076 1383 2076 1383 2077 1409 2077 1384 2077 1409 2078 1410 2078 1384 2078 1384 2079 1410 2079 1385 2079 1410 2080 1411 2080 1385 2080 1385 2081 1411 2081 1386 2081 1411 2082 1412 2082 1386 2082 1386 2083 1412 2083 1387 2083 1412 2084 1413 2084 1387 2084 1387 2085 1413 2085 1388 2085 1413 2086 1414 2086 1388 2086 1388 2087 1414 2087 1389 2087 1414 2088 1415 2088 1389 2088 1389 2089 1415 2089 1390 2089 1415 2090 1416 2090 1390 2090 1390 2091 1416 2091 1391 2091 1416 2092 1417 2092 1391 2092 1391 2093 1417 2093 1392 2093 1417 2094 1418 2094 1392 2094 1392 2095 1418 2095 1067 2095 1418 2096 1419 2096 1067 2096 1067 2097 1419 2097 1066 2097 1419 2098 1395 2098 1066 2098 1066 2099 1395 2099 1065 2099 1395 2100 1394 2100 1065 2100 1065 2101 1394 2101 1064 2101 1394 2102 172 2102 1064 2102 1064 2103 172 2103 240 2103 172 2104 171 2104 240 2104 1420 2105 1357 2105 1421 2105 1357 2106 1358 2106 1421 2106 1421 2107 1358 2107 1422 2107 1358 2108 1359 2108 1422 2108 1422 2109 1359 2109 1423 2109 1359 2110 1360 2110 1423 2110 1423 2111 1360 2111 1424 2111 1360 2112 1361 2112 1424 2112 1424 2113 1361 2113 1425 2113 1361 2114 1362 2114 1425 2114 1425 2115 1362 2115 1426 2115 1362 2116 1363 2116 1426 2116 1426 2117 1363 2117 1427 2117 1363 2118 1364 2118 1427 2118 1427 2119 1364 2119 1428 2119 1364 2120 1365 2120 1428 2120 1428 2121 1365 2121 1429 2121 1365 2122 1366 2122 1429 2122 1429 2123 1366 2123 1430 2123 1366 2124 1367 2124 1430 2124 1430 2125 1367 2125 1431 2125 1367 2126 1368 2126 1431 2126 1431 2127 1368 2127 1432 2127 1368 2128 1369 2128 1432 2128 1432 2129 1369 2129 1433 2129 1369 2130 1370 2130 1433 2130 1433 2131 1370 2131 1434 2131 1370 2132 1371 2132 1434 2132 1434 2133 1371 2133 1435 2133 1436 2134 1437 2134 1438 2134 1437 2135 1439 2135 1438 2135 1438 2136 1439 2136 1440 2136 1439 2137 1441 2137 1440 2137 1440 2138 1441 2138 1442 2138 1441 2139 1443 2139 1442 2139 1442 2140 1443 2140 1444 2140 1443 2141 1445 2141 1444 2141 1444 2142 1445 2142 1446 2142 1445 2143 1447 2143 1446 2143 1446 2144 1447 2144 1448 2144 1447 2145 1449 2145 1448 2145 618 2146 1449 2146 616 2146 1449 2147 1447 2147 616 2147 616 2148 1447 2148 602 2148 1447 2149 1445 2149 602 2149 602 2150 1445 2150 600 2150 1445 2151 1443 2151 600 2151 600 2152 1443 2152 598 2152 1443 2153 1441 2153 598 2153 598 2154 1441 2154 596 2154 1441 2155 1439 2155 596 2155 596 2156 1439 2156 594 2156 1439 2157 1437 2157 594 2157 594 2158 1437 2158 592 2158 1437 2159 1436 2159 592 2159 1448 2160 1420 2160 1446 2160 1420 2161 1421 2161 1446 2161 1446 2162 1421 2162 1444 2162 1421 2163 1422 2163 1444 2163 1444 2164 1422 2164 1442 2164 1422 2165 1423 2165 1442 2165 1442 2166 1423 2166 1440 2166 1423 2167 1424 2167 1440 2167 1440 2168 1424 2168 1438 2168 1424 2169 1425 2169 1438 2169 1438 2170 1425 2170 1436 2170 1425 2171 1426 2171 1436 2171 1436 2172 1426 2172 1450 2172 1426 2173 1427 2173 1450 2173 1450 2174 1427 2174 1451 2174 1427 2175 1428 2175 1451 2175 1451 2176 1428 2176 1452 2176 1428 2177 1429 2177 1452 2177 1452 2178 1429 2178 1453 2178 1429 2179 1430 2179 1453 2179 1453 2180 1430 2180 1454 2180 1430 2181 1431 2181 1454 2181 1454 2182 1431 2182 1455 2182 1431 2183 1432 2183 1455 2183 1455 2184 1432 2184 1456 2184 1432 2185 1433 2185 1456 2185 1456 2186 1433 2186 1457 2186 1433 2187 1434 2187 1457 2187 1457 2188 1434 2188 1458 2188 1434 2189 1435 2189 1458 2189 1458 2190 1435 2190 1459 2190 1131 2191 1137 2191 1130 2191 1137 2192 1138 2192 1130 2192 1130 2193 1138 2193 1129 2193 1138 2194 1139 2194 1129 2194 1129 2195 1139 2195 1128 2195 1139 2196 1136 2196 1128 2196 1128 2197 1136 2197 1127 2197 1136 2198 1229 2198 1127 2198 1127 2199 1229 2199 1051 2199 1229 2200 1300 2200 1051 2200 1051 2201 1300 2201 1041 2201 1300 2202 1323 2202 1041 2202 1041 2203 1323 2203 1042 2203 1323 2204 1330 2204 1042 2204 1042 2205 1330 2205 1085 2205 1330 2206 1343 2206 1085 2206 1085 2207 1343 2207 1086 2207 1343 2208 1357 2208 1086 2208 1086 2209 1357 2209 1372 2209 1357 2210 1420 2210 1372 2210 1372 2211 1420 2211 168 2211 1420 2212 1448 2212 168 2212 168 2213 1448 2213 169 2213 1448 2214 1449 2214 169 2214 169 2215 1449 2215 170 2215 1449 2216 618 2216 170 2216 170 2217 618 2217 1400 2217 618 2218 619 2218 1400 2218 1400 2219 619 2219 1401 2219 619 2220 590 2220 1401 2220 1401 2221 590 2221 1402 2221 590 2222 257 2222 1402 2222 1402 2223 257 2223 1403 2223 257 2224 256 2224 1403 2224 1403 2225 256 2225 1404 2225 256 2226 260 2226 1404 2226 1404 2227 260 2227 1405 2227 260 2228 259 2228 1405 2228 1405 2229 259 2229 1406 2229 259 2230 254 2230 1406 2230 1406 2231 254 2231 1407 2231 254 2232 253 2232 1407 2232 1407 2233 253 2233 1408 2233 253 2234 265 2234 1408 2234 1408 2235 265 2235 1409 2235 265 2236 586 2236 1409 2236 1409 2237 586 2237 1410 2237 586 2238 667 2238 1410 2238 1410 2239 667 2239 1411 2239 667 2240 268 2240 1411 2240 1411 2241 268 2241 1412 2241 268 2242 267 2242 1412 2242 1412 2243 267 2243 1413 2243 267 2244 263 2244 1413 2244 1413 2245 263 2245 1414 2245 263 2246 262 2246 1414 2246 1414 2247 262 2247 1415 2247 262 2248 271 2248 1415 2248 1415 2249 271 2249 1416 2249 271 2250 270 2250 1416 2250 1416 2251 270 2251 1417 2251 270 2252 583 2252 1417 2252 1417 2253 583 2253 1418 2253 583 2254 705 2254 1418 2254 1418 2255 705 2255 1419 2255 705 2256 582 2256 1419 2256 1419 2257 582 2257 1395 2257 582 2258 581 2258 1395 2258 1395 2259 581 2259 1393 2259 581 2260 1399 2260 1393 2260 1393 2261 1399 2261 173 2261 1399 2262 1398 2262 173 2262 173 2263 1398 2263 171 2263 1398 2264 1397 2264 171 2264 171 2265 1397 2265 240 2265 1397 2266 220 2266 240 2266 240 2267 220 2267 238 2267 220 2268 222 2268 238 2268 238 2269 222 2269 239 2269 222 2270 221 2270 239 2270 1270 2271 1460 2271 1271 2271 1460 2272 1461 2272 1271 2272 1271 2273 1461 2273 1462 2273 1463 2274 1464 2274 1465 2274 1464 2275 1462 2275 1465 2275 1465 2276 1462 2276 1466 2276 1462 2277 1461 2277 1466 2277 1467 2278 1468 2278 165 2278 183 2279 181 2279 1283 2279 181 2280 180 2280 1283 2280 1283 2281 180 2281 1469 2281 1463 2282 1470 2282 1464 2282 1470 2283 1471 2283 1464 2283 1464 2284 1471 2284 1472 2284 1473 2285 1474 2285 1475 2285 1474 2286 1472 2286 1475 2286 1475 2287 1472 2287 1476 2287 1472 2288 1471 2288 1476 2288 165 2289 1468 2289 166 2289 1468 2290 1477 2290 166 2290 166 2291 1477 2291 1478 2291 1477 2292 1479 2292 1478 2292 1478 2293 1479 2293 1480 2293 1473 2294 1481 2294 1474 2294 1481 2295 1482 2295 1474 2295 1474 2296 1482 2296 1483 2296 1482 2297 1484 2297 1483 2297 1484 2298 1485 2298 1483 2298 1483 2299 1485 2299 1486 2299 1487 2300 1488 2300 1489 2300 167 2301 166 2301 1490 2301 166 2302 1478 2302 1490 2302 1490 2303 1478 2303 1491 2303 1478 2304 1480 2304 1491 2304 1491 2305 1480 2305 1492 2305 1493 2306 1494 2306 1495 2306 1494 2307 1486 2307 1495 2307 1495 2308 1486 2308 1496 2308 1486 2309 1485 2309 1496 2309 1497 2310 1498 2310 1499 2310 1498 2311 1494 2311 1499 2311 1499 2312 1494 2312 1500 2312 1494 2313 1493 2313 1500 2313 1479 2314 1501 2314 1480 2314 1501 2315 1502 2315 1480 2315 1480 2316 1502 2316 1492 2316 1502 2317 1503 2317 1492 2317 1492 2318 1503 2318 1504 2318 1276 2319 1505 2319 183 2319 1505 2320 1467 2320 183 2320 183 2321 1467 2321 182 2321 1467 2322 165 2322 182 2322 182 2323 165 2323 180 2323 165 2324 167 2324 180 2324 180 2325 167 2325 1469 2325 167 2326 1490 2326 1469 2326 1469 2327 1490 2327 1489 2327 1490 2328 1491 2328 1489 2328 1489 2329 1491 2329 1487 2329 1491 2330 1492 2330 1487 2330 1487 2331 1492 2331 163 2331 1492 2332 1504 2332 163 2332 163 2333 1504 2333 164 2333 1506 2334 1507 2334 1508 2334 1497 2335 1509 2335 1498 2335 1509 2336 1510 2336 1498 2336 1498 2337 1510 2337 1511 2337 1510 2338 1512 2338 1511 2338 1513 2339 1514 2339 1515 2339 1514 2340 1516 2340 1515 2340 1515 2341 1516 2341 1517 2341 1516 2342 1518 2342 1517 2342 1517 2343 1518 2343 1488 2343 1488 2344 1487 2344 1517 2344 1487 2345 163 2345 1517 2345 1517 2346 163 2346 1515 2346 163 2347 162 2347 1515 2347 1515 2348 162 2348 1513 2348 1519 2349 1508 2349 1520 2349 1508 2350 1507 2350 1520 2350 1520 2351 1507 2351 1521 2351 1522 2352 1523 2352 1524 2352 1523 2353 1525 2353 1524 2353 1524 2354 1525 2354 1526 2354 1527 2355 1528 2355 1529 2355 1530 2356 1531 2356 1532 2356 1531 2357 1533 2357 1532 2357 1532 2358 1533 2358 1534 2358 1535 2359 1530 2359 1536 2359 1530 2360 1532 2360 1536 2360 1536 2361 1532 2361 1537 2361 1532 2362 1534 2362 1537 2362 1537 2363 1534 2363 1538 2363 1539 2364 1522 2364 1540 2364 1522 2365 1524 2365 1540 2365 1540 2366 1524 2366 1541 2366 1524 2367 1526 2367 1541 2367 1542 2368 1543 2368 1544 2368 1513 2369 1542 2369 1514 2369 1542 2370 1544 2370 1514 2370 1514 2371 1544 2371 1516 2371 1544 2372 1545 2372 1516 2372 1516 2373 1545 2373 1518 2373 1545 2374 1546 2374 1518 2374 1518 2375 1546 2375 1488 2375 1546 2376 1547 2376 1488 2376 1488 2377 1547 2377 1489 2377 1547 2378 1548 2378 1489 2378 1489 2379 1548 2379 1469 2379 1548 2380 1549 2380 1469 2380 1469 2381 1549 2381 1283 2381 1549 2382 1550 2382 1283 2382 1283 2383 1550 2383 1284 2383 1550 2384 1551 2384 1284 2384 1284 2385 1551 2385 1259 2385 1551 2386 179 2386 1259 2386 1259 2387 179 2387 1260 2387 179 2388 178 2388 1260 2388 1260 2389 178 2389 1261 2389 1552 2390 1553 2390 1554 2390 1553 2391 1555 2391 1554 2391 1554 2392 1555 2392 1556 2392 1555 2393 1557 2393 1556 2393 1556 2394 1557 2394 1558 2394 1558 2395 1557 2395 1559 2395 1557 2396 1560 2396 1559 2396 1559 2397 1560 2397 1561 2397 1553 2398 1562 2398 1555 2398 1562 2399 1563 2399 1555 2399 1555 2400 1563 2400 1557 2400 1563 2401 1564 2401 1557 2401 1557 2402 1564 2402 1560 2402 1565 2403 1566 2403 156 2403 1566 2404 1567 2404 156 2404 1567 2405 1568 2405 156 2405 156 2406 1568 2406 157 2406 1569 2407 1535 2407 1570 2407 1535 2408 1536 2408 1570 2408 1570 2409 1536 2409 1571 2409 1536 2410 1537 2410 1571 2410 1571 2411 1537 2411 1572 2411 1537 2412 1538 2412 1572 2412 1572 2413 1538 2413 1573 2413 1574 2414 1569 2414 1575 2414 1569 2415 1570 2415 1575 2415 1575 2416 1570 2416 1576 2416 1570 2417 1571 2417 1576 2417 1576 2418 1571 2418 1577 2418 1571 2419 1572 2419 1577 2419 1577 2420 1572 2420 1578 2420 1572 2421 1573 2421 1578 2421 1578 2422 1573 2422 1579 2422 164 2423 1580 2423 162 2423 1580 2424 1581 2424 162 2424 162 2425 1581 2425 1513 2425 1581 2426 1582 2426 1513 2426 1513 2427 1582 2427 1542 2427 1582 2428 1583 2428 1542 2428 1542 2429 1583 2429 1543 2429 1583 2430 1584 2430 1543 2430 1543 2431 1584 2431 1585 2431 1584 2432 1586 2432 1585 2432 1585 2433 1586 2433 1587 2433 1586 2434 1588 2434 1587 2434 1587 2435 1588 2435 1589 2435 1526 2436 1590 2436 1541 2436 1590 2437 1591 2437 1541 2437 1541 2438 1591 2438 1540 2438 1591 2439 1592 2439 1540 2439 1540 2440 1592 2440 1539 2440 1592 2441 1593 2441 1539 2441 1539 2442 1593 2442 1594 2442 1593 2443 1595 2443 1594 2443 1594 2444 1595 2444 1596 2444 1597 2445 1561 2445 1598 2445 1561 2446 1560 2446 1598 2446 1598 2447 1560 2447 1599 2447 1560 2448 1564 2448 1599 2448 1599 2449 1564 2449 1596 2449 1564 2450 1563 2450 1596 2450 1596 2451 1563 2451 1594 2451 1563 2452 1562 2452 1594 2452 1594 2453 1562 2453 1539 2453 1562 2454 1553 2454 1539 2454 1539 2455 1553 2455 1522 2455 1553 2456 1552 2456 1522 2456 1522 2457 1552 2457 1523 2457 1509 2458 1600 2458 1510 2458 1600 2459 1601 2459 1510 2459 1510 2460 1601 2460 1512 2460 1601 2461 1602 2461 1512 2461 1512 2462 1602 2462 1603 2462 1602 2463 1604 2463 1603 2463 1603 2464 1604 2464 1605 2464 1604 2465 1606 2465 1605 2465 1605 2466 1606 2466 1607 2466 1606 2467 1608 2467 1607 2467 1607 2468 1608 2468 1609 2468 1608 2469 1610 2469 1609 2469 1609 2470 1610 2470 382 2470 1610 2471 1611 2471 382 2471 382 2472 1611 2472 383 2472 1609 2473 1612 2473 1607 2473 1612 2474 1613 2474 1607 2474 1607 2475 1613 2475 1605 2475 1613 2476 1614 2476 1605 2476 1605 2477 1614 2477 1603 2477 1614 2478 1527 2478 1603 2478 1603 2479 1527 2479 1512 2479 1527 2480 1529 2480 1512 2480 1512 2481 1529 2481 1511 2481 1529 2482 1580 2482 1511 2482 1511 2483 1580 2483 1498 2483 1580 2484 164 2484 1498 2484 1498 2485 164 2485 1494 2485 164 2486 1504 2486 1494 2486 1494 2487 1504 2487 1486 2487 1504 2488 1503 2488 1486 2488 1486 2489 1503 2489 1483 2489 1503 2490 1502 2490 1483 2490 1483 2491 1502 2491 1474 2491 1502 2492 1501 2492 1474 2492 1474 2493 1501 2493 1472 2493 1501 2494 1479 2494 1472 2494 1472 2495 1479 2495 1464 2495 1479 2496 1477 2496 1464 2496 1464 2497 1477 2497 1462 2497 1477 2498 1468 2498 1462 2498 1462 2499 1468 2499 1271 2499 1468 2500 1467 2500 1271 2500 1271 2501 1467 2501 1272 2501 1467 2502 1505 2502 1272 2502 1272 2503 1505 2503 1269 2503 1505 2504 1276 2504 1269 2504 1269 2505 1276 2505 1266 2505 1276 2506 1278 2506 1266 2506 1266 2507 1278 2507 1250 2507 1278 2508 1280 2508 1250 2508 1250 2509 1280 2509 1248 2509 1280 2510 1282 2510 1248 2510 1248 2511 1282 2511 1241 2511 1282 2512 1251 2512 1241 2512 1241 2513 1251 2513 1243 2513 1251 2514 1253 2514 1243 2514 1243 2515 1253 2515 1216 2515 1253 2516 1255 2516 1216 2516 1216 2517 1255 2517 1214 2517 1255 2518 1257 2518 1214 2518 1214 2519 1257 2519 1211 2519 1257 2520 1263 2520 1211 2520 1211 2521 1263 2521 1209 2521 1615 2522 1574 2522 1616 2522 1574 2523 1575 2523 1616 2523 1616 2524 1575 2524 1617 2524 1575 2525 1576 2525 1617 2525 1617 2526 1576 2526 1618 2526 1576 2527 1577 2527 1618 2527 1618 2528 1577 2528 1619 2528 1577 2529 1578 2529 1619 2529 1619 2530 1578 2530 1620 2530 1578 2531 1579 2531 1620 2531 1620 2532 1579 2532 1621 2532 1612 2533 1621 2533 1613 2533 1621 2534 1579 2534 1613 2534 1613 2535 1579 2535 1614 2535 1579 2536 1573 2536 1614 2536 1614 2537 1573 2537 1527 2537 1573 2538 1538 2538 1527 2538 1527 2539 1538 2539 1528 2539 1538 2540 1534 2540 1528 2540 1528 2541 1534 2541 1529 2541 1534 2542 1533 2542 1529 2542 1529 2543 1533 2543 1580 2543 1533 2544 1531 2544 1580 2544 1580 2545 1531 2545 1581 2545 1531 2546 1530 2546 1581 2546 1581 2547 1530 2547 1582 2547 1530 2548 1535 2548 1582 2548 1582 2549 1535 2549 1583 2549 1535 2550 1569 2550 1583 2550 1583 2551 1569 2551 1584 2551 1569 2552 1574 2552 1584 2552 1584 2553 1574 2553 1586 2553 1574 2554 1615 2554 1586 2554 1586 2555 1615 2555 1588 2555 161 2556 160 2556 1622 2556 160 2557 1623 2557 1622 2557 1622 2558 1623 2558 1624 2558 277 2559 279 2559 442 2559 279 2560 282 2560 442 2560 442 2561 282 2561 427 2561 282 2562 281 2562 427 2562 427 2563 281 2563 392 2563 281 2564 388 2564 392 2564 392 2565 388 2565 393 2565 388 2566 387 2566 393 2566 393 2567 387 2567 395 2567 387 2568 1625 2568 395 2568 395 2569 1625 2569 397 2569 1625 2570 1626 2570 397 2570 397 2571 1626 2571 285 2571 1626 2572 1624 2572 285 2572 285 2573 1624 2573 283 2573 1624 2574 1623 2574 283 2574 283 2575 1623 2575 371 2575 1623 2576 160 2576 371 2576 371 2577 160 2577 369 2577 160 2578 159 2578 369 2578 369 2579 159 2579 368 2579 161 2580 1589 2580 159 2580 1589 2581 1588 2581 159 2581 159 2582 1588 2582 368 2582 1588 2583 1615 2583 368 2583 368 2584 1615 2584 367 2584 1615 2585 1616 2585 367 2585 367 2586 1616 2586 365 2586 1616 2587 1617 2587 365 2587 365 2588 1617 2588 363 2588 1617 2589 1618 2589 363 2589 363 2590 1618 2590 361 2590 1618 2591 1619 2591 361 2591 361 2592 1619 2592 359 2592 1619 2593 1620 2593 359 2593 359 2594 1620 2594 357 2594 1620 2595 1621 2595 357 2595 357 2596 1621 2596 356 2596 1621 2597 1612 2597 356 2597 356 2598 1612 2598 355 2598 1612 2599 1609 2599 355 2599 355 2600 1609 2600 354 2600 1609 2601 382 2601 354 2601 354 2602 382 2602 353 2602 382 2603 380 2603 353 2603 353 2604 380 2604 418 2604 380 2605 408 2605 418 2605 418 2606 408 2606 417 2606 408 2607 421 2607 417 2607 417 2608 421 2608 426 2608 421 2609 490 2609 426 2609 426 2610 490 2610 476 2610 490 2611 491 2611 476 2611 476 2612 491 2612 475 2612 491 2613 492 2613 475 2613 475 2614 492 2614 474 2614 492 2615 493 2615 474 2615 474 2616 493 2616 473 2616 493 2617 494 2617 473 2617 473 2618 494 2618 472 2618 494 2619 495 2619 472 2619 472 2620 495 2620 471 2620 495 2621 496 2621 471 2621 471 2622 496 2622 470 2622 496 2623 497 2623 470 2623 470 2624 497 2624 469 2624 497 2625 498 2625 469 2625 469 2626 498 2626 468 2626 498 2627 499 2627 468 2627 468 2628 499 2628 467 2628 499 2629 500 2629 467 2629 467 2630 500 2630 466 2630 500 2631 501 2631 466 2631 466 2632 501 2632 465 2632 501 2633 502 2633 465 2633 465 2634 502 2634 464 2634 502 2635 503 2635 464 2635 464 2636 503 2636 463 2636 503 2637 504 2637 463 2637 463 2638 504 2638 462 2638 504 2639 505 2639 462 2639 462 2640 505 2640 461 2640 505 2641 506 2641 461 2641 461 2642 506 2642 277 2642 506 2643 507 2643 277 2643 277 2644 507 2644 278 2644 507 2645 508 2645 278 2645 278 2646 508 2646 478 2646 508 2647 509 2647 478 2647 478 2648 509 2648 481 2648 509 2649 510 2649 481 2649 481 2650 510 2650 487 2650 510 2651 511 2651 487 2651 487 2652 511 2652 515 2652 511 2653 319 2653 515 2653 515 2654 319 2654 517 2654 319 2655 70 2655 517 2655 517 2656 70 2656 68 2656 1597 2657 1567 2657 1561 2657 1567 2658 1566 2658 1561 2658 1561 2659 1566 2659 1559 2659 1566 2660 1565 2660 1559 2660 1559 2661 1565 2661 1558 2661 1565 2662 1627 2662 1558 2662 1558 2663 1627 2663 1556 2663 1627 2664 1628 2664 1556 2664 1556 2665 1628 2665 1554 2665 1628 2666 1629 2666 1554 2666 1554 2667 1629 2667 1552 2667 1629 2668 1630 2668 1552 2668 1552 2669 1630 2669 1523 2669 1630 2670 1506 2670 1523 2670 1523 2671 1506 2671 1525 2671 1506 2672 1508 2672 1525 2672 1525 2673 1508 2673 1526 2673 1508 2674 1519 2674 1526 2674 1526 2675 1519 2675 1590 2675 1631 2676 158 2676 1632 2676 158 2677 157 2677 1632 2677 1632 2678 157 2678 1633 2678 157 2679 1568 2679 1633 2679 1633 2680 1568 2680 1634 2680 1568 2681 1567 2681 1634 2681 1634 2682 1567 2682 1635 2682 1567 2683 1597 2683 1635 2683 1636 2684 1637 2684 1638 2684 1637 2685 1639 2685 1638 2685 1638 2686 1639 2686 1640 2686 1639 2687 1641 2687 1640 2687 1640 2688 1641 2688 1642 2688 1641 2689 1643 2689 1642 2689 1642 2690 1643 2690 1644 2690 1643 2691 1645 2691 1644 2691 1644 2692 1645 2692 1646 2692 1645 2693 1647 2693 1646 2693 1648 2694 1647 2694 1649 2694 1647 2695 1645 2695 1649 2695 1649 2696 1645 2696 1650 2696 1645 2697 1643 2697 1650 2697 1650 2698 1643 2698 1651 2698 1643 2699 1641 2699 1651 2699 1651 2700 1641 2700 1652 2700 1641 2701 1639 2701 1652 2701 1652 2702 1639 2702 1653 2702 1639 2703 1637 2703 1653 2703 1653 2704 1637 2704 1654 2704 1637 2705 1636 2705 1654 2705 1654 2706 1636 2706 1655 2706 815 2707 243 2707 826 2707 243 2708 823 2708 826 2708 826 2709 823 2709 825 2709 823 2710 822 2710 825 2710 825 2711 822 2711 699 2711 822 2712 821 2712 699 2712 699 2713 821 2713 698 2713 821 2714 625 2714 698 2714 698 2715 625 2715 697 2715 625 2716 626 2716 697 2716 697 2717 626 2717 696 2717 626 2718 603 2718 696 2718 696 2719 603 2719 695 2719 603 2720 604 2720 695 2720 695 2721 604 2721 694 2721 604 2722 605 2722 694 2722 694 2723 605 2723 693 2723 605 2724 606 2724 693 2724 693 2725 606 2725 692 2725 606 2726 607 2726 692 2726 692 2727 607 2727 691 2727 607 2728 608 2728 691 2728 691 2729 608 2729 690 2729 608 2730 609 2730 690 2730 690 2731 609 2731 1656 2731 609 2732 592 2732 1656 2732 1656 2733 592 2733 1657 2733 592 2734 1436 2734 1657 2734 1657 2735 1436 2735 1658 2735 1436 2736 1450 2736 1658 2736 1658 2737 1450 2737 1659 2737 1450 2738 1451 2738 1659 2738 1659 2739 1451 2739 1660 2739 1451 2740 1452 2740 1660 2740 1660 2741 1452 2741 1661 2741 1452 2742 1453 2742 1661 2742 1661 2743 1453 2743 1662 2743 1453 2744 1454 2744 1662 2744 1662 2745 1454 2745 1663 2745 1454 2746 1455 2746 1663 2746 1663 2747 1455 2747 1664 2747 1455 2748 1456 2748 1664 2748 1664 2749 1456 2749 1665 2749 1456 2750 1457 2750 1665 2750 1665 2751 1457 2751 1666 2751 1457 2752 1458 2752 1666 2752 1666 2753 1458 2753 1667 2753 1458 2754 1459 2754 1667 2754 1667 2755 1459 2755 1668 2755 1311 2756 1655 2756 1312 2756 1655 2757 1636 2757 1312 2757 1312 2758 1636 2758 1342 2758 1636 2759 1638 2759 1342 2759 1342 2760 1638 2760 1356 2760 1638 2761 1640 2761 1356 2761 1356 2762 1640 2762 1371 2762 1640 2763 1642 2763 1371 2763 1371 2764 1642 2764 1435 2764 1642 2765 1644 2765 1435 2765 1435 2766 1644 2766 1459 2766 1644 2767 1646 2767 1459 2767 1459 2768 1646 2768 1668 2768 1646 2769 1647 2769 1668 2769 1668 2770 1647 2770 1669 2770 1647 2771 1648 2771 1669 2771 1669 2772 1648 2772 1670 2772 1671 2773 1521 2773 1672 2773 1521 2774 1507 2774 1672 2774 1672 2775 1507 2775 1673 2775 1507 2776 1506 2776 1673 2776 1673 2777 1506 2777 1674 2777 1506 2778 1630 2778 1674 2778 1674 2779 1630 2779 1675 2779 1630 2780 1629 2780 1675 2780 1675 2781 1629 2781 1676 2781 1629 2782 1628 2782 1676 2782 1676 2783 1628 2783 1677 2783 1628 2784 1627 2784 1677 2784 1677 2785 1627 2785 1678 2785 1627 2786 1565 2786 1678 2786 1678 2787 1565 2787 1679 2787 1565 2788 156 2788 1679 2788 1679 2789 156 2789 1680 2789 156 2790 158 2790 1680 2790 1680 2791 158 2791 1681 2791 158 2792 1631 2792 1681 2792 1681 2793 1631 2793 1682 2793 1631 2794 528 2794 1682 2794 1682 2795 528 2795 564 2795 528 2796 530 2796 564 2796 564 2797 530 2797 563 2797 530 2798 532 2798 563 2798 563 2799 532 2799 562 2799 532 2800 534 2800 562 2800 562 2801 534 2801 572 2801 534 2802 536 2802 572 2802 572 2803 536 2803 525 2803 536 2804 538 2804 525 2804 525 2805 538 2805 526 2805 538 2806 540 2806 526 2806 526 2807 540 2807 543 2807 540 2808 542 2808 543 2808 543 2809 542 2809 296 2809 542 2810 80 2810 296 2810 296 2811 80 2811 79 2811 141 2812 143 2812 550 2812 143 2813 1683 2813 550 2813 550 2814 1683 2814 549 2814 1683 2815 1684 2815 549 2815 549 2816 1684 2816 547 2816 1684 2817 1685 2817 547 2817 547 2818 1685 2818 1686 2818 1685 2819 1687 2819 1686 2819 1686 2820 1687 2820 1688 2820 1687 2821 1689 2821 1688 2821 1688 2822 1689 2822 1690 2822 1689 2823 1691 2823 1690 2823 1690 2824 1691 2824 1692 2824 1691 2825 1693 2825 1692 2825 1692 2826 1693 2826 1694 2826 1693 2827 1695 2827 1694 2827 1694 2828 1695 2828 1696 2828 1695 2829 1697 2829 1696 2829 1696 2830 1697 2830 1698 2830 1697 2831 1699 2831 1698 2831 1698 2832 1699 2832 1700 2832 1699 2833 1701 2833 1700 2833 1700 2834 1701 2834 1702 2834 1701 2835 1703 2835 1702 2835 1702 2836 1703 2836 1704 2836 1703 2837 1705 2837 1704 2837 1704 2838 1705 2838 1706 2838 1705 2839 176 2839 1706 2839 1706 2840 176 2840 1707 2840 176 2841 175 2841 1707 2841 1707 2842 175 2842 1708 2842 175 2843 1324 2843 1708 2843 1708 2844 1324 2844 1709 2844 1324 2845 1299 2845 1709 2845 1709 2846 1299 2846 1710 2846 1299 2847 1291 2847 1710 2847 1710 2848 1291 2848 1711 2848 1291 2849 1292 2849 1711 2849 1711 2850 1292 2850 1712 2850 1292 2851 1293 2851 1712 2851 1712 2852 1671 2852 1711 2852 1671 2853 1672 2853 1711 2853 1711 2854 1672 2854 1710 2854 1672 2855 1673 2855 1710 2855 1710 2856 1673 2856 1709 2856 1673 2857 1674 2857 1709 2857 1709 2858 1674 2858 1708 2858 1674 2859 1675 2859 1708 2859 1708 2860 1675 2860 1707 2860 1675 2861 1676 2861 1707 2861 1707 2862 1676 2862 1706 2862 1676 2863 1677 2863 1706 2863 1706 2864 1677 2864 1704 2864 1677 2865 1678 2865 1704 2865 1704 2866 1678 2866 1702 2866 1678 2867 1679 2867 1702 2867 1702 2868 1679 2868 1700 2868 1679 2869 1680 2869 1700 2869 1700 2870 1680 2870 1698 2870 1680 2871 1681 2871 1698 2871 1698 2872 1681 2872 1696 2872 1681 2873 1682 2873 1696 2873 1696 2874 1682 2874 1694 2874 1682 2875 564 2875 1694 2875 1694 2876 564 2876 1692 2876 564 2877 565 2877 1692 2877 1692 2878 565 2878 1690 2878 565 2879 566 2879 1690 2879 1690 2880 566 2880 1688 2880 566 2881 567 2881 1688 2881 1688 2882 567 2882 1686 2882 567 2883 568 2883 1686 2883 1686 2884 568 2884 547 2884 568 2885 569 2885 547 2885 547 2886 569 2886 548 2886 569 2887 570 2887 548 2887 548 2888 570 2888 551 2888 570 2889 571 2889 551 2889 551 2890 571 2890 300 2890 571 2891 72 2891 300 2891 300 2892 72 2892 71 2892 1670 2893 649 2893 638 2893 649 2894 656 2894 638 2894 638 2895 656 2895 639 2895 656 2896 658 2896 639 2896 639 2897 658 2897 652 2897 658 2898 351 2898 652 2898 652 2899 351 2899 348 2899 351 2900 151 2900 348 2900 348 2901 151 2901 153 2901 177 2902 179 2902 1294 2902 179 2903 1551 2903 1294 2903 1294 2904 1551 2904 1290 2904 1551 2905 1550 2905 1290 2905 1290 2906 1550 2906 1289 2906 1550 2907 1549 2907 1289 2907 1289 2908 1549 2908 1293 2908 1549 2909 1548 2909 1293 2909 1293 2910 1548 2910 1712 2910 1548 2911 1547 2911 1712 2911 1712 2912 1547 2912 1671 2912 1547 2913 1546 2913 1671 2913 1671 2914 1546 2914 1521 2914 1546 2915 1545 2915 1521 2915 1521 2916 1545 2916 1520 2916 1545 2917 1544 2917 1520 2917 1520 2918 1544 2918 1519 2918 1544 2919 1543 2919 1519 2919 1519 2920 1543 2920 1590 2920 1543 2921 1585 2921 1590 2921 1590 2922 1585 2922 1591 2922 1585 2923 1587 2923 1591 2923 1591 2924 1587 2924 1592 2924 1587 2925 1589 2925 1592 2925 1592 2926 1589 2926 1593 2926 1589 2927 161 2927 1593 2927 1593 2928 161 2928 1595 2928 161 2929 1622 2929 1595 2929 1595 2930 1622 2930 1596 2930 1622 2931 1624 2931 1596 2931 1596 2932 1624 2932 1599 2932 1624 2933 1626 2933 1599 2933 1599 2934 1626 2934 1598 2934 1626 2935 1625 2935 1598 2935 1598 2936 1625 2936 1597 2936 1625 2937 387 2937 1597 2937 1597 2938 387 2938 1635 2938 387 2939 389 2939 1635 2939 1635 2940 389 2940 1634 2940 389 2941 391 2941 1634 2941 1634 2942 391 2942 1633 2942 391 2943 457 2943 1633 2943 1633 2944 457 2944 1632 2944 457 2945 455 2945 1632 2945 1632 2946 455 2946 1631 2946 455 2947 524 2947 1631 2947 1631 2948 524 2948 528 2948 524 2949 523 2949 528 2949 528 2950 523 2950 529 2950 523 2951 522 2951 529 2951 529 2952 522 2952 531 2952 522 2953 521 2953 531 2953 531 2954 521 2954 533 2954 521 2955 520 2955 533 2955 533 2956 520 2956 535 2956 520 2957 519 2957 535 2957 535 2958 519 2958 537 2958 519 2959 518 2959 537 2959 537 2960 518 2960 539 2960 518 2961 317 2961 539 2961 539 2962 317 2962 541 2962 317 2963 64 2963 541 2963 541 2964 64 2964 82 2964 1670 2965 638 2965 1669 2965 638 2966 637 2966 1669 2966 1669 2967 637 2967 1668 2967 637 2968 641 2968 1668 2968 1668 2969 641 2969 1667 2969 641 2970 643 2970 1667 2970 1667 2971 643 2971 1666 2971 643 2972 645 2972 1666 2972 1666 2973 645 2973 1665 2973 645 2974 647 2974 1665 2974 1665 2975 647 2975 1664 2975 647 2976 648 2976 1664 2976 1664 2977 648 2977 1663 2977 648 2978 613 2978 1663 2978 1663 2979 613 2979 1662 2979 613 2980 611 2980 1662 2980 1662 2981 611 2981 1661 2981 611 2982 636 2982 1661 2982 1661 2983 636 2983 1660 2983 636 2984 635 2984 1660 2984 1660 2985 635 2985 1659 2985 635 2986 631 2986 1659 2986 1659 2987 631 2987 1658 2987 631 2988 630 2988 1658 2988 1658 2989 630 2989 1657 2989 630 2990 628 2990 1657 2990 1657 2991 628 2991 1656 2991 628 2992 627 2992 1656 2992 1656 2993 627 2993 690 2993 627 2994 837 2994 690 2994 690 2995 837 2995 251 2995 837 2996 835 2996 251 2996 251 2997 835 2997 252 2997 835 2998 833 2998 252 2998 252 2999 833 2999 684 2999 833 3000 832 3000 684 3000 684 3001 832 3001 827 3001 832 3002 852 3002 827 3002 827 3003 852 3003 861 3003 852 3004 851 3004 861 3004 861 3005 851 3005 845 3005 851 3006 854 3006 845 3006 845 3007 854 3007 846 3007 185 3008 1207 3008 186 3008 1207 3009 1209 3009 186 3009 186 3010 1209 3010 1219 3010 1209 3011 1263 3011 1219 3011 1219 3012 1263 3012 1221 3012 1263 3013 1262 3013 1221 3013 1221 3014 1262 3014 1222 3014 1262 3015 1261 3015 1222 3015 1222 3016 1261 3016 1224 3016 1261 3017 178 3017 1224 3017 1224 3018 178 3018 1225 3018 178 3019 177 3019 1225 3019 1225 3020 177 3020 1228 3020 177 3021 1327 3021 1228 3021 1228 3022 1327 3022 1239 3022 1327 3023 1328 3023 1239 3023 1239 3024 1328 3024 1311 3024 1328 3025 1329 3025 1311 3025 1311 3026 1329 3026 1655 3026 1329 3027 1326 3027 1655 3027 1655 3028 1326 3028 1654 3028 1326 3029 174 3029 1654 3029 1654 3030 174 3030 1653 3030 174 3031 176 3031 1653 3031 1653 3032 176 3032 1652 3032 176 3033 1705 3033 1652 3033 1652 3034 1705 3034 1651 3034 1705 3035 1703 3035 1651 3035 1651 3036 1703 3036 1650 3036 1703 3037 1701 3037 1650 3037 1650 3038 1701 3038 1649 3038 1701 3039 1699 3039 1649 3039 1649 3040 1699 3040 1648 3040 1699 3041 1697 3041 1648 3041 1648 3042 1697 3042 1670 3042 1697 3043 1695 3043 1670 3043 1670 3044 1695 3044 649 3044 1695 3045 1693 3045 649 3045 649 3046 1693 3046 650 3046 1693 3047 1691 3047 650 3047 650 3048 1691 3048 865 3048 1691 3049 1689 3049 865 3049 865 3050 1689 3050 864 3050 1689 3051 1687 3051 864 3051 864 3052 1687 3052 863 3052 1687 3053 1685 3053 863 3053 863 3054 1685 3054 862 3054 1685 3055 1684 3055 862 3055 862 3056 1684 3056 293 3056 1684 3057 1683 3057 293 3057 293 3058 1683 3058 145 3058 1683 3059 143 3059 145 3059 140 3060 139 3060 1713 3060 139 3060 309 3060 1713 3060 1713 3060 309 3060 1714 3060 309 3060 307 3060 1714 3060 1714 3060 307 3060 1715 3060 307 3060 305 3060 1715 3060 1715 3060 305 3060 1716 3060 305 3060 303 3060 1716 3060 1716 3060 303 3060 302 3060 1717 3061 1718 3061 1719 3061 848 3062 847 3062 1720 3062 801 3063 1721 3063 1722 3063 1723 3064 221 3064 1724 3064 739 3065 738 3065 745 3065 1725 3066 745 3066 744 3066 1726 3067 1727 3067 1728 3067 1729 3068 1728 3068 1730 3068 1731 3069 1732 3069 1733 3069 1734 3070 1733 3070 1735 3070 1736 3071 1735 3071 1737 3071 1738 3072 1739 3072 1737 3072 1740 3073 1741 3073 1742 3073 1743 3074 1744 3074 1745 3074 1496 3075 1485 3075 1746 3075 1482 3076 1481 3076 1747 3076 1748 3077 1749 3077 1750 3077 1751 3078 1752 3078 1753 3078 1187 3079 1171 3079 1754 3079 1755 3080 1756 3080 1757 3080 1758 3081 1759 3081 1760 3081 1761 3082 1762 3082 1763 3082 1764 3083 1765 3083 1766 3083 1767 3084 1768 3084 1765 3084 1769 3085 1770 3085 1771 3085 935 3086 934 3086 1772 3086 895 3087 893 3087 892 3087 882 3088 881 3088 1773 3088 1774 3089 1775 3089 1776 3089 232 3090 888 3090 1777 3090 888 3091 887 3091 1777 3091 1777 3092 887 3092 1778 3092 1779 3093 1780 3093 1781 3093 1782 3094 1783 3094 1784 3094 1785 3095 1786 3095 1787 3095 1788 3096 221 3096 1789 3096 1790 3097 221 3097 1788 3097 1791 3098 1792 3098 1793 3098 1794 3099 1795 3099 1796 3099 1797 3100 1798 3100 1799 3100 1800 3101 1801 3101 1802 3101 1803 3102 1789 3102 221 3102 1804 3103 1805 3103 1806 3103 1807 3104 1808 3104 1809 3104 1810 3105 1811 3105 1812 3105 1813 3106 1814 3106 1815 3106 1816 3107 1817 3107 1818 3107 1819 3108 1820 3108 1821 3108 1822 3109 221 3109 1823 3109 1824 3110 221 3110 1822 3110 1825 3111 1823 3111 221 3111 1826 3112 1825 3112 221 3112 489 3113 488 3113 1827 3113 1828 3114 1829 3114 1830 3114 1831 3115 1832 3115 1833 3115 1834 3116 1835 3116 1836 3116 1837 3117 1838 3117 1839 3117 1840 3118 1841 3118 1842 3118 149 3119 1843 3119 152 3119 1844 3120 1716 3120 302 3120 93 3121 92 3121 1845 3121 1846 3122 24 3122 340 3122 24 3123 23 3123 340 3123 27 3124 26 3124 1846 3124 26 3125 25 3125 1846 3125 1846 3126 25 3126 24 3126 1846 3127 1847 3127 27 3127 1847 3128 1848 3128 27 3128 27 3129 1848 3129 28 3129 1848 3130 1849 3130 28 3130 28 3131 1849 3131 29 3131 1849 3132 1850 3132 29 3132 29 3133 1850 3133 30 3133 30 3134 1850 3134 31 3134 1850 3135 1851 3135 31 3135 31 3136 1851 3136 32 3136 1851 3137 1852 3137 32 3137 32 3138 1852 3138 33 3138 1852 3139 1853 3139 33 3139 33 3140 1853 3140 34 3140 1853 3141 1854 3141 34 3141 34 3142 1854 3142 35 3142 1854 3143 1855 3143 35 3143 35 3144 1855 3144 100 3144 1855 3145 1856 3145 100 3145 100 3146 1856 3146 96 3146 1856 3147 1857 3147 96 3147 96 3148 1857 3148 94 3148 94 3149 1857 3149 95 3149 1857 3150 1858 3150 95 3150 95 3151 1858 3151 97 3151 1858 3152 1859 3152 97 3152 97 3153 1859 3153 98 3153 1859 3154 1860 3154 98 3154 98 3155 1860 3155 99 3155 1860 3156 1861 3156 99 3156 99 3157 1861 3157 109 3157 1861 3158 1862 3158 109 3158 109 3159 1862 3159 101 3159 1862 3160 1863 3160 101 3160 101 3161 1863 3161 102 3161 1863 3162 1864 3162 102 3162 102 3163 1864 3163 104 3163 1864 3164 1865 3164 104 3164 104 3165 1865 3165 105 3165 105 3166 1865 3166 128 3166 1865 3167 1866 3167 128 3167 128 3168 1866 3168 119 3168 1867 3169 118 3169 122 3169 1868 3170 123 3170 117 3170 1869 3171 112 3171 1870 3171 112 3172 111 3172 1870 3172 1870 3173 111 3173 124 3173 1871 3174 115 3174 1869 3174 115 3175 114 3175 1869 3175 1869 3176 114 3176 112 3176 127 3177 126 3177 1871 3177 126 3178 125 3178 1871 3178 1871 3179 125 3179 115 3179 106 3180 129 3180 1872 3180 129 3181 127 3181 1872 3181 1873 3182 107 3182 106 3182 107 3183 1873 3183 108 3183 108 3184 1873 3184 110 3184 1873 3185 1874 3185 110 3185 110 3186 1874 3186 88 3186 1874 3187 1875 3187 88 3187 88 3188 1875 3188 89 3188 1845 3189 92 3189 1875 3189 92 3190 91 3190 1875 3190 1875 3191 91 3191 89 3191 93 3192 1845 3192 38 3192 1845 3193 1876 3193 38 3193 38 3194 1876 3194 36 3194 1876 3195 1877 3195 36 3195 36 3196 1877 3196 50 3196 50 3197 1877 3197 51 3197 1877 3198 1878 3198 51 3198 51 3199 1878 3199 314 3199 1844 3200 1879 3200 1716 3200 1879 3201 1880 3201 1716 3201 1716 3202 1880 3202 1715 3202 1715 3203 1880 3203 1714 3203 1880 3204 1881 3204 1714 3204 1714 3205 1881 3205 1713 3205 1882 3206 142 3206 140 3206 142 3207 1882 3207 144 3207 1882 3208 1883 3208 144 3208 144 3209 1883 3209 146 3209 1883 3210 1884 3210 146 3210 146 3211 1884 3211 149 3211 149 3212 1885 3212 1843 3212 1885 3213 1886 3213 1843 3213 1843 3214 1886 3214 152 3214 1886 3215 1887 3215 152 3215 152 3216 1887 3216 154 3216 1887 3217 155 3217 154 3217 155 3218 1887 3218 134 3218 1887 3219 1888 3219 134 3219 134 3220 1888 3220 136 3220 1888 3221 1889 3221 136 3221 136 3222 1889 3222 132 3222 1 3223 130 3223 1890 3223 130 3224 132 3224 1890 3224 1890 3225 132 3225 1891 3225 132 3226 1889 3226 1891 3226 12 3227 14 3227 1892 3227 14 3228 4 3228 1892 3228 1893 3229 12 3229 1894 3229 12 3230 1892 3230 1894 3230 1894 3231 1892 3231 1895 3231 1892 3232 4 3232 1895 3232 1895 3233 4 3233 2 3233 10 3234 1896 3234 8 3234 1896 3235 854 3235 8 3235 8 3236 854 3236 6 3236 1897 3237 1898 3237 1899 3237 302 3238 314 3238 1844 3238 314 3239 1878 3239 1844 3239 1844 3240 1878 3240 1879 3240 1878 3241 1877 3241 1879 3241 1879 3242 1877 3242 1880 3242 1877 3243 1876 3243 1880 3243 1880 3244 1876 3244 1881 3244 1876 3245 1845 3245 1881 3245 1881 3246 1845 3246 1897 3246 1845 3247 1875 3247 1897 3247 1897 3248 1875 3248 1898 3248 1875 3249 1874 3249 1898 3249 1838 3250 1840 3250 1900 3250 1901 3251 1837 3251 1902 3251 1832 3252 1831 3252 1834 3252 1831 3253 1903 3253 1834 3253 1834 3254 1903 3254 1835 3254 1904 3255 1905 3255 1906 3255 1905 3256 1907 3256 1906 3256 1906 3257 1907 3257 1908 3257 1907 3258 1909 3258 1908 3258 1908 3259 1909 3259 1833 3259 1909 3260 1910 3260 1833 3260 1833 3261 1910 3261 1831 3261 1910 3262 1911 3262 1831 3262 1831 3263 1911 3263 1903 3263 1912 3264 1913 3264 1914 3264 1913 3265 1915 3265 1914 3265 1914 3266 1915 3266 1916 3266 1915 3267 1917 3267 1916 3267 1916 3268 1917 3268 1918 3268 381 3269 383 3269 1919 3269 383 3270 1611 3270 1919 3270 1905 3271 1920 3271 1907 3271 1920 3272 1921 3272 1907 3272 1907 3273 1921 3273 1909 3273 1921 3274 1922 3274 1909 3274 1909 3275 1922 3275 1910 3275 1922 3276 1923 3276 1910 3276 1910 3277 1923 3277 1911 3277 1923 3278 1924 3278 1911 3278 1911 3279 1924 3279 1903 3279 1924 3280 1925 3280 1903 3280 1903 3281 1925 3281 1835 3281 1925 3282 1926 3282 1835 3282 1835 3283 1926 3283 1836 3283 1926 3284 1927 3284 1836 3284 1836 3285 1927 3285 1928 3285 1927 3286 1929 3286 1928 3286 1928 3287 1929 3287 1930 3287 1929 3288 1931 3288 1930 3288 1930 3289 1931 3289 1932 3289 1933 3290 1934 3290 1935 3290 1934 3291 1936 3291 1935 3291 1935 3292 1936 3292 1937 3292 1936 3293 1938 3293 1937 3293 1937 3294 1938 3294 1939 3294 1938 3295 1940 3295 1939 3295 1941 3296 1942 3296 1943 3296 1942 3297 1944 3297 1943 3297 1943 3298 1944 3298 1945 3298 1944 3299 1946 3299 1945 3299 1945 3300 1946 3300 1947 3300 1946 3301 1948 3301 1947 3301 1947 3302 1948 3302 1949 3302 1948 3303 1950 3303 1949 3303 1949 3304 1950 3304 1951 3304 1950 3305 1830 3305 1951 3305 1951 3306 1830 3306 1952 3306 1830 3307 1829 3307 1952 3307 1953 3308 1932 3308 1954 3308 1932 3309 1931 3309 1954 3309 1954 3310 1931 3310 1955 3310 1931 3311 1929 3311 1955 3311 1955 3312 1929 3312 1956 3312 1929 3313 1927 3313 1956 3313 1956 3314 1927 3314 1957 3314 1927 3315 1926 3315 1957 3315 1957 3316 1926 3316 1958 3316 1926 3317 1925 3317 1958 3317 1958 3318 1925 3318 1959 3318 1925 3319 1924 3319 1959 3319 1959 3320 1924 3320 1960 3320 1924 3321 1923 3321 1960 3321 1960 3322 1923 3322 1961 3322 1923 3323 1922 3323 1961 3323 1961 3324 1922 3324 1962 3324 1922 3325 1921 3325 1962 3325 1962 3326 1921 3326 1963 3326 1921 3327 1920 3327 1963 3327 1964 3328 1941 3328 1965 3328 1941 3329 1943 3329 1965 3329 1965 3330 1943 3330 1966 3330 1943 3331 1945 3331 1966 3331 1966 3332 1945 3332 1967 3332 1945 3333 1947 3333 1967 3333 1967 3334 1947 3334 1968 3334 1947 3335 1949 3335 1968 3335 1968 3336 1949 3336 1969 3336 1949 3337 1951 3337 1969 3337 1969 3338 1951 3338 1970 3338 1951 3339 1952 3339 1970 3339 1971 3340 1953 3340 1972 3340 1953 3341 1954 3341 1972 3341 1972 3342 1954 3342 1973 3342 1954 3343 1955 3343 1973 3343 1973 3344 1955 3344 1974 3344 1955 3345 1956 3345 1974 3345 1974 3346 1956 3346 1975 3346 1956 3347 1957 3347 1975 3347 1975 3348 1957 3348 1976 3348 1957 3349 1958 3349 1976 3349 1976 3350 1958 3350 1977 3350 1958 3351 1959 3351 1977 3351 1977 3352 1959 3352 1978 3352 1959 3353 1960 3353 1978 3353 1978 3354 1960 3354 1979 3354 1960 3355 1961 3355 1979 3355 1979 3356 1961 3356 1980 3356 1961 3357 1962 3357 1980 3357 1980 3358 1962 3358 1981 3358 1962 3359 1963 3359 1981 3359 420 3360 419 3360 1933 3360 419 3361 407 3361 1933 3361 1933 3362 407 3362 1934 3362 407 3363 406 3363 1934 3363 1934 3364 406 3364 379 3364 1840 3365 1842 3365 1900 3365 1842 3366 1982 3366 1900 3366 1900 3367 1982 3367 1983 3367 1982 3368 1984 3368 1983 3368 1983 3369 1984 3369 1985 3369 1984 3370 1986 3370 1985 3370 1985 3371 1986 3371 1987 3371 1838 3372 1900 3372 1839 3372 1900 3373 1983 3373 1839 3373 1839 3374 1983 3374 1988 3374 1983 3375 1985 3375 1988 3375 1988 3376 1985 3376 1989 3376 1985 3377 1987 3377 1989 3377 1989 3378 1987 3378 1990 3378 1870 3379 1991 3379 1869 3379 1991 3380 1992 3380 1869 3380 1869 3381 1992 3381 1871 3381 1992 3382 1993 3382 1871 3382 1986 3383 1993 3383 1987 3383 1993 3384 1992 3384 1987 3384 1987 3385 1992 3385 1990 3385 1992 3386 1991 3386 1990 3386 1990 3387 1991 3387 1994 3387 1991 3388 1870 3388 1994 3388 1994 3389 1870 3389 1868 3389 1870 3390 124 3390 1868 3390 1868 3391 124 3391 123 3391 1995 3392 1996 3392 1997 3392 1996 3393 1998 3393 1997 3393 1997 3394 1998 3394 1999 3394 1998 3395 2000 3395 1999 3395 1999 3396 2000 3396 2001 3396 2000 3397 2002 3397 2001 3397 2001 3398 2002 3398 1867 3398 2002 3399 116 3399 1867 3399 1867 3400 116 3400 118 3400 1837 3401 1839 3401 1902 3401 1839 3402 1988 3402 1902 3402 1902 3403 1988 3403 1995 3403 1988 3404 1989 3404 1995 3404 1995 3405 1989 3405 1996 3405 1989 3406 1990 3406 1996 3406 1996 3407 1990 3407 1998 3407 1990 3408 1994 3408 1998 3408 1998 3409 1994 3409 2000 3409 1994 3410 1868 3410 2000 3410 2000 3411 1868 3411 2002 3411 1868 3412 117 3412 2002 3412 2002 3413 117 3413 116 3413 1901 3414 1902 3414 2003 3414 1902 3415 1995 3415 2003 3415 2003 3416 1995 3416 2004 3416 1995 3417 1997 3417 2004 3417 2004 3418 1997 3418 2005 3418 1997 3419 1999 3419 2005 3419 2005 3420 1999 3420 2006 3420 1999 3421 2001 3421 2006 3421 2006 3422 2001 3422 2007 3422 2001 3423 1867 3423 2007 3423 2007 3424 1867 3424 2008 3424 1867 3425 122 3425 2008 3425 2008 3426 122 3426 121 3426 2009 3427 1964 3427 2010 3427 1964 3428 1965 3428 2010 3428 2010 3429 1965 3429 2011 3429 1965 3430 1966 3430 2011 3430 2011 3431 1966 3431 2012 3431 1966 3432 1967 3432 2012 3432 2012 3433 1967 3433 2013 3433 1967 3434 1968 3434 2013 3434 2013 3435 1968 3435 2014 3435 1968 3436 1969 3436 2014 3436 2014 3437 1969 3437 2015 3437 1969 3438 1970 3438 2015 3438 2016 3439 1971 3439 2017 3439 1971 3440 1972 3440 2017 3440 2017 3441 1972 3441 2018 3441 1972 3442 1973 3442 2018 3442 2018 3443 1973 3443 2019 3443 1973 3444 1974 3444 2019 3444 2019 3445 1974 3445 2020 3445 1974 3446 1975 3446 2020 3446 2020 3447 1975 3447 2021 3447 1975 3448 1976 3448 2021 3448 2021 3449 1976 3449 2022 3449 1976 3450 1977 3450 2022 3450 2022 3451 1977 3451 2023 3451 1977 3452 1978 3452 2023 3452 2023 3453 1978 3453 2024 3453 1978 3454 1979 3454 2024 3454 2024 3455 1979 3455 2025 3455 1979 3456 1980 3456 2025 3456 2025 3457 1980 3457 2026 3457 1980 3458 1981 3458 2026 3458 2027 3459 2009 3459 2028 3459 2009 3460 2010 3460 2028 3460 2028 3461 2010 3461 2029 3461 2010 3462 2011 3462 2029 3462 2029 3463 2011 3463 2030 3463 2011 3464 2012 3464 2030 3464 2030 3465 2012 3465 2031 3465 2012 3466 2013 3466 2031 3466 2031 3467 2013 3467 2032 3467 2013 3468 2014 3468 2032 3468 2032 3469 2014 3469 2033 3469 2014 3470 2015 3470 2033 3470 2034 3471 2035 3471 2036 3471 2035 3472 2037 3472 2036 3472 2036 3473 2037 3473 2038 3473 2037 3474 2039 3474 2038 3474 2038 3475 2039 3475 1827 3475 2039 3476 2040 3476 1827 3476 1827 3477 2040 3477 489 3477 2041 3478 2016 3478 2042 3478 2016 3479 2017 3479 2042 3479 2042 3480 2017 3480 2043 3480 2017 3481 2018 3481 2043 3481 2043 3482 2018 3482 2044 3482 2018 3483 2019 3483 2044 3483 2044 3484 2019 3484 2045 3484 2019 3485 2020 3485 2045 3485 2045 3486 2020 3486 2046 3486 2020 3487 2021 3487 2046 3487 2046 3488 2021 3488 2047 3488 2021 3489 2022 3489 2047 3489 2047 3490 2022 3490 2048 3490 2022 3491 2023 3491 2048 3491 2048 3492 2023 3492 2049 3492 2023 3493 2024 3493 2049 3493 2049 3494 2024 3494 2050 3494 2024 3495 2025 3495 2050 3495 2050 3496 2025 3496 2051 3496 2025 3497 2026 3497 2051 3497 2052 3498 1841 3498 2053 3498 1841 3499 1840 3499 2053 3499 2053 3500 1840 3500 2054 3500 1840 3501 1838 3501 2054 3501 2054 3502 1838 3502 2055 3502 1838 3503 1837 3503 2055 3503 2055 3504 1837 3504 2056 3504 1837 3505 1901 3505 2056 3505 2056 3506 1901 3506 2057 3506 1901 3507 2003 3507 2057 3507 2057 3508 2003 3508 2058 3508 2003 3509 2004 3509 2058 3509 2058 3510 2004 3510 2059 3510 2004 3511 2005 3511 2059 3511 2059 3512 2005 3512 2060 3512 2005 3513 2006 3513 2060 3513 2060 3514 2006 3514 2061 3514 2006 3515 2007 3515 2061 3515 2061 3516 2007 3516 2062 3516 2007 3517 2008 3517 2062 3517 2062 3518 2008 3518 2063 3518 2008 3519 121 3519 2063 3519 2063 3520 121 3520 120 3520 1856 3521 2041 3521 1857 3521 2041 3522 2042 3522 1857 3522 1857 3523 2042 3523 1858 3523 2042 3524 2043 3524 1858 3524 1858 3525 2043 3525 1859 3525 2043 3526 2044 3526 1859 3526 1859 3527 2044 3527 1860 3527 2044 3528 2045 3528 1860 3528 1860 3529 2045 3529 1861 3529 2045 3530 2046 3530 1861 3530 1861 3531 2046 3531 1862 3531 2046 3532 2047 3532 1862 3532 1862 3533 2047 3533 1863 3533 2047 3534 2048 3534 1863 3534 1863 3535 2048 3535 1864 3535 2048 3536 2049 3536 1864 3536 1864 3537 2049 3537 1865 3537 2049 3538 2050 3538 1865 3538 1865 3539 2050 3539 1866 3539 2050 3540 2051 3540 1866 3540 2035 3541 2064 3541 2037 3541 2064 3542 2065 3542 2037 3542 2037 3543 2065 3543 2039 3543 2065 3544 2066 3544 2039 3544 2039 3545 2066 3545 2040 3545 2066 3546 482 3546 2040 3546 2040 3547 482 3547 489 3547 1939 3548 2034 3548 1937 3548 2034 3549 2036 3549 1937 3549 1937 3550 2036 3550 1935 3550 2036 3551 2038 3551 1935 3551 1935 3552 2038 3552 1933 3552 2038 3553 1827 3553 1933 3553 1933 3554 1827 3554 420 3554 1827 3555 488 3555 420 3555 1818 3556 1817 3556 2067 3556 1817 3557 1821 3557 2067 3557 2067 3558 1821 3558 2068 3558 1821 3559 1820 3559 2068 3559 2068 3560 1820 3560 2069 3560 2070 3561 2071 3561 2072 3561 2071 3562 2073 3562 2072 3562 2072 3563 2073 3563 2074 3563 2073 3564 2075 3564 2074 3564 2074 3565 2075 3565 2076 3565 2075 3566 2077 3566 2076 3566 2076 3567 2077 3567 2078 3567 2077 3568 2079 3568 2078 3568 2078 3569 2079 3569 2080 3569 2079 3570 2081 3570 2080 3570 2080 3571 2081 3571 2082 3571 2081 3572 2083 3572 2082 3572 2082 3573 2083 3573 2084 3573 2083 3574 2085 3574 2084 3574 2084 3575 2085 3575 2086 3575 2085 3576 2087 3576 2086 3576 2086 3577 2087 3577 2067 3577 2087 3578 2088 3578 2067 3578 2067 3579 2088 3579 1818 3579 2089 3580 2090 3580 2091 3580 2090 3581 2092 3581 2091 3581 2091 3582 2092 3582 2093 3582 2092 3583 2094 3583 2093 3583 2093 3584 2094 3584 2095 3584 2094 3585 2096 3585 2095 3585 2095 3586 2096 3586 2097 3586 2096 3587 2098 3587 2097 3587 2097 3588 2098 3588 2099 3588 2098 3589 2100 3589 2099 3589 2099 3590 2100 3590 2101 3590 2100 3591 2102 3591 2101 3591 2101 3592 2102 3592 2103 3592 2102 3593 2104 3593 2103 3593 2103 3594 2104 3594 2105 3594 2104 3595 2106 3595 2105 3595 2105 3596 2106 3596 2107 3596 1812 3597 1811 3597 2108 3597 1811 3598 2109 3598 2108 3598 2108 3599 2109 3599 2110 3599 2109 3600 2111 3600 2110 3600 2110 3601 2111 3601 2112 3601 2111 3602 2113 3602 2112 3602 2112 3603 2113 3603 2114 3603 2113 3604 2115 3604 2114 3604 2114 3605 2115 3605 2116 3605 2115 3606 2117 3606 2116 3606 2116 3607 2117 3607 2118 3607 2117 3608 2119 3608 2118 3608 2118 3609 2119 3609 2120 3609 2119 3610 2121 3610 2120 3610 2120 3611 2121 3611 2122 3611 2121 3612 2123 3612 2122 3612 2122 3613 2123 3613 2124 3613 2123 3614 2125 3614 2124 3614 2124 3615 2125 3615 2126 3615 2125 3616 2127 3616 2126 3616 2126 3617 2127 3617 2128 3617 2127 3618 2129 3618 2128 3618 2128 3619 2129 3619 2130 3619 2129 3620 2131 3620 2130 3620 2130 3621 2131 3621 2132 3621 2131 3622 2133 3622 2132 3622 2132 3623 2133 3623 2134 3623 2133 3624 2135 3624 2134 3624 2134 3625 2135 3625 2136 3625 2135 3626 2137 3626 2136 3626 2136 3627 2137 3627 2107 3627 2137 3628 2138 3628 2107 3628 2107 3629 2138 3629 2105 3629 1819 3630 2139 3630 1820 3630 2139 3631 2140 3631 1820 3631 1820 3632 2140 3632 2069 3632 2140 3633 2141 3633 2069 3633 2069 3634 2141 3634 2142 3634 1816 3635 2143 3635 1817 3635 2143 3636 2144 3636 1817 3636 1817 3637 2144 3637 1821 3637 2144 3638 2145 3638 1821 3638 1821 3639 2145 3639 1819 3639 1814 3640 2146 3640 2147 3640 2071 3641 2148 3641 2073 3641 2148 3642 2149 3642 2073 3642 2073 3643 2149 3643 2075 3643 2149 3644 2150 3644 2075 3644 2075 3645 2150 3645 2077 3645 2150 3646 2151 3646 2077 3646 2077 3647 2151 3647 2079 3647 2151 3648 2152 3648 2079 3648 2079 3649 2152 3649 2081 3649 2152 3650 2153 3650 2081 3650 2081 3651 2153 3651 2083 3651 2153 3652 2154 3652 2083 3652 2083 3653 2154 3653 2085 3653 2154 3654 2155 3654 2085 3654 2085 3655 2155 3655 2087 3655 2155 3656 2156 3656 2087 3656 2157 3657 2089 3657 2158 3657 2089 3658 2091 3658 2158 3658 2158 3659 2091 3659 2159 3659 2091 3660 2093 3660 2159 3660 2159 3661 2093 3661 2160 3661 2093 3662 2095 3662 2160 3662 2160 3663 2095 3663 2161 3663 2095 3664 2097 3664 2161 3664 2161 3665 2097 3665 2162 3665 2097 3666 2099 3666 2162 3666 2162 3667 2099 3667 2163 3667 2099 3668 2101 3668 2163 3668 2163 3669 2101 3669 2164 3669 2101 3670 2103 3670 2164 3670 2164 3671 2103 3671 2165 3671 2103 3672 2105 3672 2165 3672 2165 3673 2105 3673 2166 3673 2105 3674 2138 3674 2166 3674 2166 3675 2138 3675 2167 3675 2138 3676 2137 3676 2167 3676 2167 3677 2137 3677 2168 3677 2137 3678 2135 3678 2168 3678 2168 3679 2135 3679 2169 3679 2135 3680 2133 3680 2169 3680 2169 3681 2133 3681 2170 3681 2133 3682 2131 3682 2170 3682 2170 3683 2131 3683 2171 3683 2131 3684 2129 3684 2171 3684 2171 3685 2129 3685 2172 3685 2129 3686 2127 3686 2172 3686 2172 3687 2127 3687 2173 3687 2127 3688 2125 3688 2173 3688 2173 3689 2125 3689 2174 3689 2125 3690 2123 3690 2174 3690 2174 3691 2123 3691 2175 3691 2123 3692 2121 3692 2175 3692 2175 3693 2121 3693 2176 3693 2121 3694 2119 3694 2176 3694 2176 3695 2119 3695 2177 3695 2119 3696 2117 3696 2177 3696 2177 3697 2117 3697 2178 3697 2117 3698 2115 3698 2178 3698 2178 3699 2115 3699 2179 3699 2115 3700 2113 3700 2179 3700 2179 3701 2113 3701 2180 3701 2113 3702 2111 3702 2180 3702 2180 3703 2111 3703 2181 3703 2111 3704 2109 3704 2181 3704 2181 3705 2109 3705 2182 3705 2109 3706 1811 3706 2182 3706 2182 3707 1811 3707 2183 3707 1811 3708 1810 3708 2183 3708 2183 3709 1810 3709 1806 3709 2184 3710 2185 3710 2186 3710 2185 3711 1809 3711 2186 3711 2186 3712 1809 3712 2187 3712 1809 3713 1808 3713 2187 3713 2187 3714 1808 3714 2188 3714 1806 3715 1805 3715 2183 3715 1805 3716 2189 3716 2183 3716 2183 3717 2189 3717 2182 3717 2189 3718 2190 3718 2182 3718 2182 3719 2190 3719 2181 3719 2190 3720 2191 3720 2181 3720 2181 3721 2191 3721 2180 3721 2191 3722 2192 3722 2180 3722 2180 3723 2192 3723 2179 3723 2192 3724 2193 3724 2179 3724 2179 3725 2193 3725 2178 3725 2193 3726 2194 3726 2178 3726 2178 3727 2194 3727 2177 3727 2194 3728 2195 3728 2177 3728 2177 3729 2195 3729 2176 3729 2195 3730 2196 3730 2176 3730 2176 3731 2196 3731 2175 3731 2196 3732 2197 3732 2175 3732 2175 3733 2197 3733 2174 3733 2197 3734 2198 3734 2174 3734 2174 3735 2198 3735 2173 3735 2198 3736 2199 3736 2173 3736 2173 3737 2199 3737 2172 3737 2199 3738 2200 3738 2172 3738 2172 3739 2200 3739 2171 3739 2200 3740 2201 3740 2171 3740 2171 3741 2201 3741 2170 3741 2201 3742 2202 3742 2170 3742 2170 3743 2202 3743 2169 3743 2202 3744 2203 3744 2169 3744 2169 3745 2203 3745 2168 3745 2203 3746 2204 3746 2168 3746 2168 3747 2204 3747 2167 3747 2204 3748 2205 3748 2167 3748 2167 3749 2205 3749 2166 3749 2205 3750 2206 3750 2166 3750 2166 3751 2206 3751 2165 3751 2207 3752 2184 3752 2208 3752 2184 3753 2186 3753 2208 3753 2208 3754 2186 3754 2209 3754 2186 3755 2187 3755 2209 3755 2209 3756 2187 3756 2210 3756 2187 3757 2188 3757 2210 3757 2210 3758 2188 3758 2211 3758 2212 3759 2213 3759 1804 3759 1804 3760 2213 3760 1805 3760 2213 3761 2214 3761 1805 3761 1805 3762 2214 3762 2189 3762 2214 3763 2215 3763 2189 3763 2189 3764 2215 3764 2190 3764 2215 3765 2216 3765 2190 3765 2190 3766 2216 3766 2191 3766 2216 3767 2217 3767 2191 3767 2191 3768 2217 3768 2192 3768 2217 3769 2218 3769 2192 3769 2192 3770 2218 3770 2193 3770 2218 3771 2219 3771 2193 3771 2193 3772 2219 3772 2194 3772 2219 3773 2220 3773 2194 3773 2194 3774 2220 3774 2195 3774 2220 3775 2221 3775 2195 3775 2195 3776 2221 3776 2196 3776 2221 3777 2222 3777 2196 3777 2196 3778 2222 3778 2197 3778 2222 3779 2223 3779 2197 3779 2197 3780 2223 3780 2198 3780 2223 3781 2224 3781 2198 3781 2198 3782 2224 3782 2199 3782 2224 3783 2225 3783 2199 3783 2199 3784 2225 3784 2200 3784 2225 3785 2226 3785 2200 3785 2200 3786 2226 3786 2201 3786 2226 3787 2227 3787 2201 3787 2201 3788 2227 3788 2202 3788 2227 3789 2228 3789 2202 3789 2202 3790 2228 3790 2203 3790 2228 3791 2229 3791 2203 3791 2203 3792 2229 3792 2204 3792 2229 3793 2230 3793 2204 3793 2204 3794 2230 3794 2205 3794 2230 3795 2231 3795 2205 3795 2205 3796 2231 3796 2206 3796 2231 3797 2232 3797 2206 3797 2206 3798 2232 3798 2165 3798 2233 3799 2234 3799 2235 3799 2234 3800 2236 3800 2235 3800 2235 3801 2236 3801 2237 3801 2236 3802 2238 3802 2237 3802 2237 3803 2238 3803 2239 3803 2240 3804 2241 3804 2242 3804 2241 3805 2243 3805 2242 3805 2242 3806 2243 3806 2244 3806 2243 3807 2245 3807 2244 3807 2244 3808 2245 3808 2246 3808 2245 3809 2247 3809 2246 3809 2246 3810 2247 3810 2248 3810 2247 3811 2249 3811 2248 3811 2248 3812 2249 3812 2250 3812 2249 3813 2251 3813 2250 3813 2250 3814 2251 3814 2252 3814 2251 3815 2253 3815 2252 3815 2252 3816 2253 3816 2254 3816 2253 3817 2255 3817 2254 3817 2254 3818 2255 3818 2256 3818 2255 3819 2257 3819 2256 3819 2256 3820 2257 3820 2258 3820 2257 3821 2259 3821 2258 3821 2258 3822 2259 3822 2260 3822 2259 3823 221 3823 2260 3823 2261 3824 2262 3824 2263 3824 2262 3825 2264 3825 2263 3825 2263 3826 2264 3826 2265 3826 2264 3827 2266 3827 2265 3827 2265 3828 2266 3828 2267 3828 2268 3829 2269 3829 2270 3829 2269 3830 2271 3830 2270 3830 2270 3831 2271 3831 2272 3831 2273 3832 2274 3832 2275 3832 2274 3833 2276 3833 2275 3833 2260 3834 2142 3834 2258 3834 2142 3835 2141 3835 2258 3835 2258 3836 2141 3836 2256 3836 2141 3837 2140 3837 2256 3837 2256 3838 2140 3838 2254 3838 2140 3839 2139 3839 2254 3839 2254 3840 2139 3840 2252 3840 2139 3841 1819 3841 2252 3841 2252 3842 1819 3842 2250 3842 1819 3843 2145 3843 2250 3843 2250 3844 2145 3844 2248 3844 2145 3845 2144 3845 2248 3845 2248 3846 2144 3846 2246 3846 2144 3847 2143 3847 2246 3847 2246 3848 2143 3848 2244 3848 2143 3849 1816 3849 2244 3849 2244 3850 1816 3850 2242 3850 1816 3851 1818 3851 2242 3851 2242 3852 1818 3852 2240 3852 1818 3853 2088 3853 2240 3853 2240 3854 2088 3854 2261 3854 2088 3855 2087 3855 2261 3855 2261 3856 2087 3856 2262 3856 2087 3857 2156 3857 2262 3857 2262 3858 2156 3858 2264 3858 2156 3859 2277 3859 2264 3859 2264 3860 2277 3860 2266 3860 2277 3861 2276 3861 2266 3861 2266 3862 2276 3862 2267 3862 2276 3863 2274 3863 2267 3863 2278 3864 2279 3864 2280 3864 2279 3865 2281 3865 2280 3865 2278 3866 2282 3866 1787 3866 2283 3867 1797 3867 2284 3867 1798 3868 2285 3868 2286 3868 2287 3869 1794 3869 2288 3869 2286 3870 2285 3870 2289 3870 2283 3871 2290 3871 2291 3871 2290 3872 2292 3872 2291 3872 2291 3873 2292 3873 2293 3873 2292 3874 2294 3874 2293 3874 2293 3875 2294 3875 2295 3875 2294 3876 2296 3876 2295 3876 2297 3877 2298 3877 2299 3877 2300 3878 2301 3878 2302 3878 2297 3879 2303 3879 2304 3879 2303 3880 2305 3880 2304 3880 2304 3881 2305 3881 2306 3881 2305 3882 2307 3882 2306 3882 2306 3883 2307 3883 2308 3883 2307 3884 2309 3884 2308 3884 2308 3885 2309 3885 2310 3885 2309 3886 2311 3886 2310 3886 2312 3887 2268 3887 2313 3887 2268 3888 2270 3888 2313 3888 2313 3889 2270 3889 2314 3889 2270 3890 2272 3890 2314 3890 2314 3891 2272 3891 2315 3891 2316 3892 2267 3892 2317 3892 2267 3893 2274 3893 2317 3893 2317 3894 2274 3894 2318 3894 2274 3895 2273 3895 2318 3895 2318 3896 2273 3896 2319 3896 1803 3897 2320 3897 1789 3897 2320 3898 2321 3898 1789 3898 1789 3899 2321 3899 1788 3899 2321 3900 2322 3900 1788 3900 1788 3901 2322 3901 1790 3901 2322 3901 2323 3901 1790 3901 2324 3902 2325 3902 2326 3902 2325 3903 2327 3903 2326 3903 2326 3904 2327 3904 2328 3904 2327 3905 2329 3905 2328 3905 2328 3906 2329 3906 2330 3906 2329 3907 2331 3907 2330 3907 2332 3908 2312 3908 2333 3908 2312 3909 2313 3909 2333 3909 2333 3910 2313 3910 2334 3910 2313 3911 2314 3911 2334 3911 2334 3912 2314 3912 2335 3912 2314 3913 2315 3913 2335 3913 2335 3914 2315 3914 2336 3914 2337 3915 2338 3915 2339 3915 2316 3916 2317 3916 2340 3916 2317 3917 2318 3917 2340 3917 2340 3918 2318 3918 2341 3918 2318 3919 2319 3919 2341 3919 2341 3920 2319 3920 2342 3920 2343 3921 2344 3921 2345 3921 2344 3922 2346 3922 2345 3922 2347 3923 2348 3923 2349 3923 1802 3924 2350 3924 2351 3924 1800 3925 1802 3925 2352 3925 1802 3926 2351 3926 2352 3926 2352 3927 2351 3927 2349 3927 2353 3928 2354 3928 2355 3928 2283 3929 2284 3929 2290 3929 2284 3930 2356 3930 2290 3930 2290 3931 2356 3931 2292 3931 2356 3932 2357 3932 2292 3932 2292 3933 2357 3933 2294 3933 2357 3934 2358 3934 2294 3934 2294 3935 2358 3935 2296 3935 2358 3936 2359 3936 2296 3936 2296 3937 2359 3937 2355 3937 1798 3938 2286 3938 1799 3938 2286 3939 2360 3939 1799 3939 1799 3940 2360 3940 2361 3940 2362 3941 2363 3941 2288 3941 2363 3942 2289 3942 2288 3942 2288 3943 2289 3943 2287 3943 2289 3944 2285 3944 2287 3944 2364 3945 2365 3945 2366 3945 1797 3946 1799 3946 2284 3946 1799 3947 2361 3947 2284 3947 2284 3948 2361 3948 2356 3948 2361 3949 2367 3949 2356 3949 2356 3950 2367 3950 2357 3950 2367 3951 2368 3951 2357 3951 2357 3952 2368 3952 2358 3952 2368 3953 2369 3953 2358 3953 2358 3954 2369 3954 2359 3954 2369 3955 2370 3955 2359 3955 2359 3956 2370 3956 2355 3956 2370 3957 2371 3957 2355 3957 2355 3958 2371 3958 2353 3958 2303 3959 2372 3959 2305 3959 2372 3960 2373 3960 2305 3960 2305 3961 2373 3961 2307 3961 2373 3962 2374 3962 2307 3962 2307 3963 2374 3963 2309 3963 2374 3964 2375 3964 2309 3964 2309 3965 2375 3965 2311 3965 2375 3966 2376 3966 2311 3966 2377 3967 2378 3967 2379 3967 2378 3968 2299 3968 2379 3968 2379 3969 2299 3969 2380 3969 2299 3970 2298 3970 2380 3970 2380 3971 2298 3971 2300 3971 2300 3972 2302 3972 2380 3972 2302 3973 2381 3973 2380 3973 2380 3974 2381 3974 2379 3974 2381 3975 2382 3975 2379 3975 2379 3976 2382 3976 2377 3976 2372 3977 2383 3977 2373 3977 2383 3978 2384 3978 2373 3978 2373 3979 2384 3979 2374 3979 2384 3980 2385 3980 2374 3980 2374 3981 2385 3981 2375 3981 2385 3982 2386 3982 2375 3982 2375 3983 2386 3983 2376 3983 2386 3984 2387 3984 2376 3984 2323 3985 2388 3985 1790 3985 2388 3986 221 3986 1790 3986 2389 3987 2324 3987 2390 3987 2324 3988 2326 3988 2390 3988 2390 3989 2326 3989 2391 3989 2326 3990 2328 3990 2391 3990 2391 3991 2328 3991 2392 3991 2328 3992 2330 3992 2392 3992 2392 3993 2330 3993 2393 3993 2330 3994 2331 3994 2393 3994 2393 3995 2331 3995 2394 3995 2395 3996 2396 3996 2397 3996 2396 3997 2398 3997 2397 3997 2397 3998 2398 3998 2399 3998 2398 3999 2400 3999 2399 3999 2399 4000 2400 4000 2401 4000 2400 4001 2402 4001 2401 4001 2401 4002 2402 4002 2403 4002 2402 4003 2404 4003 2403 4003 2396 4004 2332 4004 2398 4004 2332 4005 2333 4005 2398 4005 2398 4006 2333 4006 2400 4006 2333 4007 2334 4007 2400 4007 2400 4008 2334 4008 2402 4008 2334 4009 2335 4009 2402 4009 2402 4010 2335 4010 2404 4010 2335 4011 2336 4011 2404 4011 2405 4012 2406 4012 2407 4012 2406 4013 2408 4013 2407 4013 2407 4014 2408 4014 2409 4014 2408 4015 2410 4015 2409 4015 2409 4016 2410 4016 2411 4016 2412 4017 2413 4017 2414 4017 2413 4018 2415 4018 2414 4018 2414 4019 2415 4019 2416 4019 2415 4020 2417 4020 2416 4020 2416 4021 2417 4021 2418 4021 2281 4022 2412 4022 2405 4022 2412 4023 2414 4023 2405 4023 2405 4024 2414 4024 2406 4024 2414 4025 2416 4025 2406 4025 2406 4026 2416 4026 2408 4026 2416 4027 2418 4027 2408 4027 2408 4028 2418 4028 2410 4028 2155 4029 2278 4029 2156 4029 2278 4030 2280 4030 2156 4030 2156 4031 2280 4031 2277 4031 2280 4032 2281 4032 2277 4032 2277 4033 2281 4033 2276 4033 2281 4034 2405 4034 2276 4034 2276 4035 2405 4035 2275 4035 2405 4036 2407 4036 2275 4036 2275 4037 2407 4037 2273 4037 2407 4038 2409 4038 2273 4038 2273 4039 2409 4039 2319 4039 2409 4040 2411 4040 2319 4040 2319 4041 2411 4041 2342 4041 1787 4042 2282 4042 2419 4042 2282 4043 2420 4043 2419 4043 2419 4044 2420 4044 2421 4044 2420 4045 2422 4045 2421 4045 2421 4046 2422 4046 2423 4046 1778 4047 887 4047 2347 4047 887 4048 886 4048 2347 4048 2347 4049 886 4049 2348 4049 2345 4050 2424 4050 903 4050 1780 4051 2425 4051 1781 4051 2425 4052 2426 4052 1781 4052 1781 4053 2426 4053 2427 4053 2426 4054 2428 4054 2427 4054 2427 4055 2428 4055 2429 4055 904 4056 903 4056 2430 4056 903 4057 2424 4057 2430 4057 2430 4058 2424 4058 2431 4058 2424 4059 2345 4059 2431 4059 2431 4060 2345 4060 2353 4060 2345 4061 2346 4061 2353 4061 2353 4062 2346 4062 2354 4062 2320 4063 2389 4063 2321 4063 2389 4064 2390 4064 2321 4064 2321 4065 2390 4065 2322 4065 2390 4066 2391 4066 2322 4066 2322 4067 2391 4067 2323 4067 2391 4068 2392 4068 2323 4068 2323 4069 2392 4069 2388 4069 2392 4070 2393 4070 2388 4070 2388 4071 2393 4071 2432 4071 2393 4072 2394 4072 2432 4072 2432 4073 2394 4073 2433 4073 2432 4074 2434 4074 2388 4074 2434 4075 221 4075 2388 4075 2435 4076 2436 4076 2437 4076 2436 4077 2438 4077 2437 4077 2437 4078 2438 4078 2439 4078 2440 4079 2441 4079 2442 4079 2441 4080 2443 4080 2442 4080 2442 4081 2443 4081 2444 4081 2443 4082 2445 4082 2444 4082 2444 4083 2445 4083 2446 4083 2445 4084 2447 4084 2446 4084 2446 4085 2447 4085 2448 4085 2447 4086 2449 4086 2448 4086 2448 4087 2449 4087 2450 4087 2451 4088 2438 4088 2452 4088 2438 4089 2436 4089 2452 4089 2452 4090 2436 4090 2453 4090 2436 4091 2435 4091 2453 4091 2453 4092 2435 4092 2454 4092 2271 4093 2454 4093 2272 4093 2454 4094 2435 4094 2272 4094 2272 4095 2435 4095 2315 4095 2435 4096 2437 4096 2315 4096 2315 4097 2437 4097 2336 4097 2437 4098 2439 4098 2336 4098 2336 4099 2439 4099 2404 4099 2439 4100 2433 4100 2404 4100 2404 4101 2433 4101 2403 4101 2433 4102 2394 4102 2403 4102 2403 4103 2394 4103 2401 4103 2394 4104 2331 4104 2401 4104 2401 4105 2331 4105 2399 4105 2331 4106 2329 4106 2399 4106 2399 4107 2329 4107 2397 4107 2329 4108 2327 4108 2397 4108 2397 4109 2327 4109 2395 4109 2327 4110 2325 4110 2395 4110 2455 4111 2456 4111 2457 4111 2456 4112 2458 4112 2457 4112 2457 4113 2458 4113 2459 4113 2458 4114 2460 4114 2459 4114 2459 4115 2460 4115 2461 4115 2339 4116 2338 4116 2462 4116 2338 4117 2463 4117 2462 4117 2462 4118 2463 4118 2464 4118 2463 4119 2465 4119 2464 4119 2464 4120 2465 4120 890 4120 2461 4121 2466 4121 2459 4121 2466 4122 2467 4122 2459 4122 2459 4123 2467 4123 2457 4123 2467 4124 2468 4124 2457 4124 2457 4125 2468 4125 2455 4125 2468 4126 2469 4126 2455 4126 2417 4127 2470 4127 2418 4127 2470 4128 2471 4128 2418 4128 2418 4129 2471 4129 2410 4129 2471 4130 2472 4130 2410 4130 2410 4131 2472 4131 2411 4131 2472 4132 1782 4132 2411 4132 2411 4133 1782 4133 2342 4133 1782 4134 1784 4134 2342 4134 2342 4135 1784 4135 2341 4135 1784 4136 2473 4136 2341 4136 2341 4137 2473 4137 2340 4137 2473 4138 2474 4138 2340 4138 2340 4139 2474 4139 2316 4139 2474 4140 2475 4140 2316 4140 2316 4141 2475 4141 2267 4141 2475 4142 2476 4142 2267 4142 2267 4143 2476 4143 2265 4143 2476 4144 2239 4144 2265 4144 2265 4145 2239 4145 2263 4145 2239 4146 2238 4146 2263 4146 2263 4147 2238 4147 2261 4147 2238 4148 2236 4148 2261 4148 2261 4149 2236 4149 2240 4149 2236 4150 2234 4150 2240 4150 2240 4151 2234 4151 2241 4151 2234 4152 2233 4152 2241 4152 2241 4153 2233 4153 2243 4153 1779 4154 1781 4154 2477 4154 1781 4155 2427 4155 2477 4155 2477 4156 2427 4156 2478 4156 2427 4157 2429 4157 2478 4157 2478 4158 2429 4158 2479 4158 2480 4159 895 4159 2481 4159 895 4160 892 4160 2481 4160 2481 4161 892 4161 2482 4161 892 4162 907 4162 2482 4162 2482 4163 907 4163 906 4163 2363 4164 2483 4164 2289 4164 2483 4165 2484 4165 2289 4165 2289 4166 2484 4166 2286 4166 2484 4167 2485 4167 2286 4167 2286 4168 2485 4168 2360 4168 2485 4169 2486 4169 2360 4169 2360 4170 2486 4170 2361 4170 2486 4171 2487 4171 2361 4171 2361 4172 2487 4172 2367 4172 2487 4173 2488 4173 2367 4173 2367 4174 2488 4174 2368 4174 2488 4175 2489 4175 2368 4175 2368 4176 2489 4176 2369 4176 2362 4177 2490 4177 2363 4177 2490 4178 2491 4178 2363 4178 2363 4179 2491 4179 2483 4179 2491 4180 2492 4180 2483 4180 2483 4181 2492 4181 2484 4181 2492 4182 2493 4182 2484 4182 2484 4183 2493 4183 2485 4183 2493 4184 2494 4184 2485 4184 2485 4185 2494 4185 2486 4185 2494 4186 2495 4186 2486 4186 2486 4187 2495 4187 2487 4187 1794 4188 1796 4188 2288 4188 1796 4189 2496 4189 2288 4189 2288 4190 2496 4190 2362 4190 2496 4191 2497 4191 2362 4191 2362 4192 2497 4192 2490 4192 2497 4193 2498 4193 2490 4193 2490 4194 2498 4194 2491 4194 2498 4195 2499 4195 2491 4195 2491 4196 2499 4196 2492 4196 2499 4197 2500 4197 2492 4197 2492 4198 2500 4198 2493 4198 2500 4199 2501 4199 2493 4199 2493 4200 2501 4200 2494 4200 2501 4201 2502 4201 2494 4201 2494 4202 2502 4202 2495 4202 2502 4203 2503 4203 2495 4203 2495 4204 2503 4204 2487 4204 2366 4205 2365 4205 2504 4205 2365 4206 2505 4206 2504 4206 2504 4207 2505 4207 1774 4207 2505 4208 2506 4208 1774 4208 1774 4209 2506 4209 1775 4209 1795 4210 2364 4210 1796 4210 2364 4211 2366 4211 1796 4211 1796 4212 2366 4212 2496 4212 2366 4213 2504 4213 2496 4213 2496 4214 2504 4214 2497 4214 2504 4215 1774 4215 2497 4215 2497 4216 1774 4216 2498 4216 1774 4217 1776 4217 2498 4217 2498 4218 1776 4218 2499 4218 1776 4219 2507 4219 2499 4219 2499 4220 2507 4220 2500 4220 2507 4221 2508 4221 2500 4221 2500 4222 2508 4222 2501 4222 2508 4223 2509 4223 2501 4223 2501 4224 2509 4224 2502 4224 2509 4225 2510 4225 2502 4225 2502 4226 2510 4226 2503 4226 2269 4227 2440 4227 2271 4227 2440 4228 2442 4228 2271 4228 2271 4229 2442 4229 2454 4229 2442 4230 2444 4230 2454 4230 2454 4231 2444 4231 2453 4231 2444 4232 2446 4232 2453 4232 2453 4233 2446 4233 2452 4233 2446 4234 2448 4234 2452 4234 2452 4235 2448 4235 2451 4235 2448 4236 2450 4236 2451 4236 2451 4237 2450 4237 878 4237 2450 4238 879 4238 878 4238 878 4239 877 4239 2451 4239 877 4240 866 4240 2451 4240 2451 4241 866 4241 2438 4241 866 4242 868 4242 2438 4242 2438 4243 868 4243 2439 4243 868 4244 869 4244 2439 4244 2439 4245 869 4245 2433 4245 869 4246 871 4246 2433 4246 2433 4247 871 4247 2432 4247 871 4248 240 4248 2432 4248 2432 4249 240 4249 2434 4249 240 4250 221 4250 2434 4250 876 4251 875 4251 2511 4251 875 4252 2512 4252 2511 4252 2511 4253 2512 4253 2513 4253 2466 4254 2337 4254 2467 4254 2337 4255 2339 4255 2467 4255 2467 4256 2339 4256 2468 4256 2339 4257 2462 4257 2468 4257 2468 4258 2462 4258 2469 4258 2462 4259 2464 4259 2469 4259 2469 4260 2464 4260 889 4260 2464 4261 890 4261 889 4261 889 4262 236 4262 2469 4262 236 4263 235 4263 2469 4263 2469 4264 235 4264 2455 4264 235 4265 876 4265 2455 4265 2455 4266 876 4266 2456 4266 876 4267 2511 4267 2456 4267 2456 4268 2511 4268 2458 4268 2511 4269 2513 4269 2458 4269 2458 4270 2513 4270 2460 4270 2278 4271 1787 4271 2279 4271 1787 4272 1786 4272 2279 4272 2279 4273 1786 4273 2281 4273 1786 4274 2514 4274 2281 4274 2281 4275 2514 4275 2412 4275 2514 4276 2515 4276 2412 4276 2412 4277 2515 4277 2413 4277 2515 4278 2516 4278 2413 4278 2413 4279 2516 4279 2415 4279 2516 4280 2517 4280 2415 4280 2415 4281 2517 4281 2417 4281 2517 4282 2518 4282 2417 4282 2417 4283 2518 4283 2470 4283 2518 4284 872 4284 2470 4284 2470 4285 872 4285 2471 4285 872 4286 873 4286 2471 4286 2471 4287 873 4287 2472 4287 873 4288 874 4288 2472 4288 2472 4289 874 4289 1782 4289 874 4290 879 4290 1782 4290 1782 4291 879 4291 1783 4291 879 4292 2450 4292 1783 4292 1783 4293 2450 4293 1784 4293 2450 4294 2449 4294 1784 4294 1784 4295 2449 4295 2473 4295 2449 4296 2447 4296 2473 4296 2473 4297 2447 4297 2474 4297 2447 4298 2445 4298 2474 4298 2474 4299 2445 4299 2475 4299 2445 4300 2443 4300 2475 4300 2475 4301 2443 4301 2476 4301 2443 4302 2441 4302 2476 4302 2476 4303 2441 4303 2239 4303 2441 4304 2440 4304 2239 4304 2239 4305 2440 4305 2237 4305 2440 4306 2269 4306 2237 4306 2237 4307 2269 4307 2235 4307 2269 4308 2268 4308 2235 4308 2235 4309 2268 4309 2233 4309 2268 4310 2312 4310 2233 4310 2233 4311 2312 4311 2243 4311 2312 4312 2332 4312 2243 4312 2243 4313 2332 4313 2245 4313 2332 4314 2396 4314 2245 4314 2245 4315 2396 4315 2247 4315 2396 4316 2395 4316 2247 4316 2247 4317 2395 4317 2249 4317 2395 4318 2325 4318 2249 4318 2249 4319 2325 4319 2251 4319 2325 4320 2324 4320 2251 4320 2251 4321 2324 4321 2253 4321 2324 4322 2389 4322 2253 4322 2253 4323 2389 4323 2255 4323 2389 4324 2320 4324 2255 4324 2255 4325 2320 4325 2257 4325 2320 4326 1803 4326 2257 4326 2257 4327 1803 4327 2259 4327 1803 4328 221 4328 2259 4328 2425 4329 2519 4329 2426 4329 2519 4330 2520 4330 2426 4330 2426 4331 2520 4331 2428 4331 2520 4332 2521 4332 2428 4332 2428 4333 2521 4333 2429 4333 2521 4334 2522 4334 2429 4334 2429 4335 2522 4335 2479 4335 2522 4336 1773 4336 2479 4336 2479 4337 1773 4337 880 4337 1773 4338 881 4338 880 4338 883 4339 882 4339 2523 4339 882 4340 1773 4340 2523 4340 2523 4341 1773 4341 2423 4341 1773 4342 2522 4342 2423 4342 2423 4343 2522 4343 2421 4343 2522 4344 2521 4344 2421 4344 2421 4345 2521 4345 2419 4345 2521 4346 2520 4346 2419 4346 2419 4347 2520 4347 1787 4347 2520 4348 2519 4348 1787 4348 1787 4349 2519 4349 1785 4349 2519 4350 2425 4350 1785 4350 1785 4351 2425 4351 2524 4351 2425 4352 1780 4352 2524 4352 2525 4353 886 4353 2526 4353 886 4354 885 4354 2526 4354 2526 4355 885 4355 2525 4355 885 4356 884 4356 2525 4356 2489 4357 2527 4357 2369 4357 2527 4358 2528 4358 2369 4358 2369 4359 2528 4359 2370 4359 2528 4360 2480 4360 2370 4360 2370 4361 2480 4361 2371 4361 2480 4362 2481 4362 2371 4362 2371 4363 2481 4363 2353 4363 2481 4364 2482 4364 2353 4364 2353 4365 2482 4365 2431 4365 2482 4366 906 4366 2431 4366 2431 4367 906 4367 2430 4367 906 4368 905 4368 2430 4368 2430 4369 905 4369 904 4369 2343 4370 2345 4370 2529 4370 2345 4371 903 4371 2529 4371 2529 4372 903 4372 2530 4372 903 4373 902 4373 2530 4373 2530 4374 902 4374 233 4374 233 4375 232 4375 2530 4375 232 4376 1777 4376 2530 4376 2530 4377 1777 4377 2529 4377 1777 4378 1778 4378 2529 4378 2529 4379 1778 4379 2343 4379 1778 4380 2347 4380 2343 4380 2343 4381 2347 4381 2344 4381 2347 4382 2349 4382 2344 4382 2344 4383 2349 4383 2346 4383 2349 4384 2351 4384 2346 4384 2346 4385 2351 4385 2354 4385 2351 4386 2350 4386 2354 4386 2354 4387 2350 4387 2355 4387 2350 4388 1802 4388 2355 4388 2355 4389 1802 4389 2296 4389 1802 4390 1801 4390 2296 4390 2296 4391 1801 4391 2295 4391 880 4392 230 4392 2479 4392 230 4393 229 4393 2479 4393 2479 4394 229 4394 2478 4394 229 4395 891 4395 2478 4395 2478 4396 891 4396 2477 4396 891 4397 890 4397 2477 4397 2477 4398 890 4398 1779 4398 890 4399 2465 4399 1779 4399 1779 4400 2465 4400 1780 4400 2465 4401 2463 4401 1780 4401 1780 4402 2463 4402 2524 4402 2463 4403 2338 4403 2524 4403 2524 4404 2338 4404 1785 4404 2338 4405 2337 4405 1785 4405 1785 4406 2337 4406 1786 4406 2337 4407 2466 4407 1786 4407 1786 4408 2466 4408 2514 4408 2466 4409 2461 4409 2514 4409 2514 4410 2461 4410 2515 4410 2461 4411 2460 4411 2515 4411 2515 4412 2460 4412 2516 4412 2460 4413 2513 4413 2516 4413 2516 4414 2513 4414 2517 4414 2513 4415 2512 4415 2517 4415 2517 4416 2512 4416 2518 4416 2512 4417 875 4417 2518 4417 2518 4418 875 4418 872 4418 2531 4419 899 4419 2532 4419 899 4420 227 4420 2532 4420 2532 4421 227 4421 226 4421 224 4422 223 4422 2533 4422 223 4423 896 4423 2533 4423 2533 4424 896 4424 2534 4424 896 4425 898 4425 2534 4425 898 4426 901 4426 2534 4426 2534 4427 901 4427 2531 4427 901 4428 900 4428 2531 4428 2531 4429 900 4429 899 4429 916 4430 2535 4430 917 4430 2535 4431 2536 4431 917 4431 917 4432 2536 4432 923 4432 2537 4433 938 4433 921 4433 2537 4434 921 4434 2538 4434 921 4435 922 4435 2538 4435 922 4436 925 4436 2538 4436 2538 4437 925 4437 2536 4437 925 4438 924 4438 2536 4438 2536 4439 924 4439 923 4439 927 4440 2539 4440 928 4440 2539 4441 2540 4441 928 4441 928 4442 2540 4442 930 4442 2540 4443 2541 4443 930 4443 930 4444 2541 4444 984 4444 934 4445 932 4445 1772 4445 932 4446 931 4446 1772 4446 1772 4447 931 4447 2541 4447 931 4448 952 4448 2541 4448 2541 4449 952 4449 984 4449 927 4450 942 4450 2539 4450 942 4451 941 4451 2539 4451 2539 4452 941 4452 2542 4452 941 4453 940 4453 2542 4453 2542 4454 940 4454 2537 4454 940 4455 939 4455 2537 4455 2537 4456 939 4456 938 4456 916 4457 915 4457 2535 4457 915 4458 913 4458 2535 4458 2535 4459 913 4459 2533 4459 913 4460 912 4460 2533 4460 2533 4461 912 4461 224 4461 1795 4462 2310 4462 2364 4462 2310 4463 2311 4463 2364 4463 2364 4464 2311 4464 2365 4464 2311 4465 2376 4465 2365 4465 2365 4466 2376 4466 2505 4466 2376 4467 2387 4467 2505 4467 2505 4468 2387 4468 2506 4468 2387 4469 2543 4469 2506 4469 2506 4470 2543 4470 1775 4470 2543 4471 1772 4471 1775 4471 1775 4472 1772 4472 1776 4472 1772 4473 2541 4473 1776 4473 1776 4474 2541 4474 2507 4474 2541 4475 2540 4475 2507 4475 2507 4476 2540 4476 2508 4476 2540 4477 2539 4477 2508 4477 2508 4478 2539 4478 2509 4478 2539 4479 2542 4479 2509 4479 2509 4480 2542 4480 2510 4480 2542 4481 2537 4481 2510 4481 2510 4482 2537 4482 2503 4482 2537 4483 2538 4483 2503 4483 2503 4484 2538 4484 2487 4484 2538 4485 2536 4485 2487 4485 2487 4486 2536 4486 2488 4486 2536 4487 2535 4487 2488 4487 2488 4488 2535 4488 2489 4488 2535 4489 2533 4489 2489 4489 2489 4490 2533 4490 2527 4490 2533 4491 2534 4491 2527 4491 2527 4492 2534 4492 2528 4492 2534 4493 2531 4493 2528 4493 2528 4494 2531 4494 2480 4494 2531 4495 2532 4495 2480 4495 2480 4496 2532 4496 895 4496 2532 4497 226 4497 895 4497 2544 4498 2545 4498 2546 4498 2297 4499 2299 4499 2303 4499 2299 4500 2378 4500 2303 4500 2303 4501 2378 4501 2372 4501 2378 4502 2377 4502 2372 4502 2372 4503 2377 4503 2383 4503 2377 4504 2547 4504 2383 4504 2383 4505 2547 4505 2384 4505 2547 4506 2548 4506 2384 4506 2384 4507 2548 4507 2385 4507 2548 4508 2549 4508 2385 4508 2385 4509 2549 4509 2386 4509 2549 4510 2550 4510 2386 4510 2386 4511 2550 4511 2387 4511 2550 4512 2551 4512 2387 4512 2387 4513 2551 4513 2543 4513 2552 4514 2553 4514 2554 4514 2553 4515 2555 4515 2554 4515 2554 4516 2555 4516 2556 4516 2555 4517 2557 4517 2556 4517 2556 4518 2557 4518 2558 4518 2557 4519 2559 4519 2558 4519 2558 4520 2559 4520 2560 4520 2559 4521 2561 4521 2560 4521 2560 4522 2561 4522 2562 4522 2563 4523 2564 4523 2565 4523 2564 4524 2566 4524 2565 4524 2565 4525 2566 4525 2567 4525 2544 4526 2546 4526 2568 4526 2546 4527 2569 4527 2568 4527 2568 4528 2569 4528 2570 4528 2571 4529 994 4529 993 4529 997 4530 995 4530 2570 4530 1001 4531 215 4531 2569 4531 215 4532 214 4532 2569 4532 2569 4533 214 4533 2570 4533 214 4534 998 4534 2570 4534 2570 4535 998 4535 997 4535 995 4536 2563 4536 2570 4536 2563 4537 2565 4537 2570 4537 2570 4538 2565 4538 2568 4538 2565 4539 2567 4539 2568 4539 2568 4540 2567 4540 2544 4540 2572 4541 2573 4541 2574 4541 2573 4542 2575 4542 2574 4542 2574 4543 2575 4543 2576 4543 2575 4544 2577 4544 2576 4544 2576 4545 2577 4545 2578 4545 2577 4546 2579 4546 2578 4546 2578 4547 2579 4547 2547 4547 2580 4548 2581 4548 2582 4548 2581 4549 2583 4549 2582 4549 1028 4550 1026 4550 2572 4550 1026 4551 1020 4551 2572 4551 2572 4552 1020 4552 2573 4552 1020 4553 1019 4553 2573 4553 2573 4554 1019 4554 209 4554 209 4555 208 4555 2573 4555 208 4556 2584 4556 2573 4556 2573 4557 2584 4557 2575 4557 2584 4558 2585 4558 2575 4558 2575 4559 2585 4559 2577 4559 208 4560 1017 4560 2584 4560 1017 4561 2586 4561 2584 4561 2584 4562 2586 4562 2585 4562 2586 4563 2587 4563 2585 4563 2585 4564 2587 4564 2577 4564 2587 4565 2588 4565 2577 4565 2577 4566 2588 4566 2579 4566 2588 4567 2545 4567 2579 4567 1017 4568 1016 4568 2586 4568 1016 4569 1015 4569 2586 4569 2586 4570 1015 4570 2587 4570 1015 4571 1014 4571 2587 4571 2587 4572 1014 4572 1002 4572 2545 4573 2588 4573 2546 4573 2588 4574 2587 4574 2546 4574 2546 4575 2587 4575 2569 4575 2587 4576 1002 4576 2569 4576 2569 4577 1002 4577 1001 4577 2553 4578 2581 4578 2555 4578 2581 4579 2580 4579 2555 4579 2555 4580 2580 4580 2557 4580 2580 4581 2589 4581 2557 4581 2557 4582 2589 4582 2559 4582 2589 4583 2590 4583 2559 4583 2559 4584 2590 4584 2561 4584 993 4585 992 4585 2571 4585 992 4586 990 4586 2571 4586 2571 4587 990 4587 989 4587 995 4588 994 4588 2563 4588 994 4589 2571 4589 2563 4589 2563 4590 2571 4590 2564 4590 2571 4591 989 4591 2564 4591 2564 4592 989 4592 1116 4592 2547 4593 2579 4593 2548 4593 2579 4594 2545 4594 2548 4594 2548 4595 2545 4595 2549 4595 2545 4596 2544 4596 2549 4596 2549 4597 2544 4597 2550 4597 2544 4598 2567 4598 2550 4598 2550 4599 2567 4599 2551 4599 2567 4600 2566 4600 2551 4600 2551 4601 2566 4601 2543 4601 2566 4602 2564 4602 2543 4602 2543 4603 2564 4603 1772 4603 2564 4604 1116 4604 1772 4604 1772 4605 1116 4605 935 4605 2591 4606 1769 4606 2592 4606 2593 4607 2594 4607 2595 4607 2594 4608 2596 4608 2595 4608 2595 4609 2596 4609 2597 4609 2596 4610 2598 4610 2597 4610 2597 4611 2598 4611 2599 4611 2598 4612 2600 4612 2599 4612 2599 4613 2600 4613 2601 4613 2600 4614 2602 4614 2601 4614 2601 4615 2602 4615 2603 4615 2602 4616 2604 4616 2603 4616 2603 4617 2604 4617 2605 4617 2604 4618 2606 4618 2605 4618 2605 4619 2606 4619 1792 4619 1792 4620 1791 4620 2605 4620 1791 4621 2607 4621 2605 4621 2605 4622 2607 4622 2603 4622 2607 4623 2608 4623 2603 4623 2603 4624 2608 4624 2601 4624 2608 4625 2609 4625 2601 4625 2601 4626 2609 4626 2599 4626 2609 4627 2610 4627 2599 4627 2599 4628 2610 4628 2597 4628 2610 4629 2611 4629 2597 4629 2597 4630 2611 4630 2595 4630 2611 4631 2612 4631 2595 4631 2595 4632 2612 4632 2593 4632 2594 4633 2552 4633 2596 4633 2552 4634 2554 4634 2596 4634 2596 4635 2554 4635 2598 4635 2554 4636 2556 4636 2598 4636 2598 4637 2556 4637 2600 4637 2556 4638 2558 4638 2600 4638 2600 4639 2558 4639 2602 4639 2558 4640 2560 4640 2602 4640 2602 4641 2560 4641 2604 4641 2560 4642 2562 4642 2604 4642 2604 4643 2562 4643 2606 4643 2613 4644 2614 4644 199 4644 2614 4645 200 4645 199 4645 1109 4646 2615 4646 1131 4646 2615 4647 2613 4647 1131 4647 1131 4648 2613 4648 1144 4648 2613 4649 199 4649 1144 4649 2583 4650 2581 4650 2616 4650 2581 4651 2553 4651 2616 4651 2616 4652 2553 4652 2617 4652 2553 4653 2552 4653 2617 4653 2617 4654 2552 4654 2618 4654 2552 4655 2594 4655 2618 4655 2618 4656 2594 4656 2619 4656 2594 4657 2593 4657 2619 4657 2619 4658 2593 4658 2620 4658 2593 4659 2621 4659 2620 4659 2620 4660 2621 4660 2622 4660 2621 4661 2623 4661 2622 4661 2622 4662 2623 4662 2624 4662 2625 4663 2626 4663 1151 4663 2626 4664 1162 4664 1151 4664 2625 4665 2627 4665 2626 4665 2627 4666 2628 4666 2626 4666 2626 4667 2628 4667 2629 4667 2628 4668 2630 4668 2629 4668 2629 4669 2630 4669 1754 4669 1151 4670 1150 4670 2625 4670 1150 4671 1145 4671 2625 4671 2625 4672 1145 4672 2627 4672 1145 4673 1147 4673 2627 4673 2627 4674 1147 4674 2631 4674 1147 4675 1149 4675 2631 4675 1166 4676 2629 4676 1168 4676 2629 4677 1754 4677 1168 4677 1168 4678 1754 4678 1169 4678 1754 4679 1171 4679 1169 4679 1166 4680 1165 4680 2629 4680 1165 4681 1164 4681 2629 4681 2629 4682 1164 4682 2626 4682 1164 4683 1163 4683 2626 4683 2626 4684 1163 4684 1162 4684 1149 4685 197 4685 2631 4685 197 4686 196 4686 2631 4686 2631 4687 196 4687 2614 4687 196 4688 1115 4688 2614 4688 2614 4689 1115 4689 200 4689 2632 4690 2633 4690 2634 4690 2633 4691 2635 4691 2634 4691 2634 4692 2635 4692 2636 4692 2635 4693 2637 4693 2636 4693 2636 4694 2637 4694 2638 4694 2637 4695 2639 4695 2638 4695 2638 4696 2639 4696 2640 4696 2639 4697 2641 4697 2640 4697 2640 4698 2641 4698 2642 4698 2641 4699 2643 4699 2642 4699 2642 4700 2643 4700 2644 4700 2643 4701 2645 4701 2644 4701 2644 4702 2645 4702 2591 4702 2633 4703 2646 4703 2635 4703 2646 4704 2647 4704 2635 4704 2635 4705 2647 4705 2637 4705 2647 4706 2648 4706 2637 4706 2637 4707 2648 4707 2639 4707 2648 4708 2649 4708 2639 4708 2639 4709 2649 4709 2641 4709 2649 4710 1768 4710 2641 4710 2641 4711 1768 4711 2643 4711 1768 4712 1767 4712 2643 4712 2643 4713 1767 4713 2645 4713 1763 4714 1762 4714 2650 4714 1762 4715 2651 4715 2650 4715 2650 4716 2651 4716 2632 4716 2651 4717 2652 4717 2632 4717 2632 4718 2652 4718 2633 4718 2652 4719 2653 4719 2633 4719 2633 4720 2653 4720 2646 4720 2591 4721 2592 4721 2644 4721 2592 4722 2654 4722 2644 4722 2644 4723 2654 4723 2642 4723 2654 4724 2655 4724 2642 4724 2642 4725 2655 4725 2640 4725 2655 4726 2656 4726 2640 4726 2640 4727 2656 4727 2638 4727 2656 4728 2657 4728 2638 4728 2638 4729 2657 4729 2636 4729 2657 4730 2658 4730 2636 4730 2636 4731 2658 4731 2634 4731 2658 4732 2659 4732 2634 4732 2634 4733 2659 4733 2632 4733 2659 4734 2660 4734 2632 4734 2632 4735 2660 4735 2650 4735 2660 4736 2661 4736 2650 4736 2650 4737 2661 4737 1763 4737 2661 4738 2662 4738 1763 4738 1763 4739 2662 4739 1761 4739 1765 4740 1768 4740 1766 4740 1768 4741 2649 4741 1766 4741 1766 4742 2649 4742 2663 4742 2649 4743 2648 4743 2663 4743 2663 4744 2648 4744 2664 4744 2648 4745 2647 4745 2664 4745 2664 4746 2647 4746 2665 4746 2647 4747 2646 4747 2665 4747 2665 4748 2646 4748 2666 4748 2646 4749 2653 4749 2666 4749 2666 4750 2653 4750 2667 4750 2653 4751 2652 4751 2667 4751 2667 4752 2652 4752 2668 4752 2652 4753 2651 4753 2668 4753 2668 4754 2651 4754 2669 4754 2651 4755 1762 4755 2669 4755 2669 4756 1762 4756 2670 4756 1762 4757 1761 4757 2670 4757 2670 4758 1761 4758 2671 4758 1761 4759 2672 4759 2671 4759 2671 4760 2672 4760 2673 4760 2672 4761 2674 4761 2673 4761 2673 4762 2674 4762 2675 4762 2676 4763 2677 4763 2678 4763 2677 4764 2679 4764 2678 4764 2679 4765 2680 4765 2678 4765 2680 4766 2681 4766 2678 4766 2678 4767 2681 4767 2682 4767 2681 4768 2683 4768 2682 4768 2682 4769 2683 4769 2684 4769 2683 4770 2685 4770 2684 4770 2623 4771 2686 4771 2624 4771 2686 4772 2687 4772 2624 4772 2624 4773 2687 4773 2688 4773 2687 4774 2689 4774 2688 4774 2688 4775 2689 4775 2690 4775 2689 4776 2691 4776 2690 4776 2690 4777 2691 4777 187 4777 2691 4778 188 4778 187 4778 1215 4779 1213 4779 2685 4779 1213 4780 1212 4780 2685 4780 184 4781 1191 4781 2691 4781 1191 4782 1190 4782 2691 4782 2691 4783 1190 4783 188 4783 1212 4784 1210 4784 2685 4784 1210 4785 1208 4785 2685 4785 2685 4786 1208 4786 2684 4786 1208 4787 1207 4787 2684 4787 2684 4788 1207 4788 185 4788 2686 4789 2676 4789 2687 4789 2676 4790 2678 4790 2687 4790 2687 4791 2678 4791 2689 4791 2678 4792 2682 4792 2689 4792 2689 4793 2682 4793 2691 4793 2682 4794 2684 4794 2691 4794 2691 4795 2684 4795 184 4795 2684 4796 185 4796 184 4796 2692 4797 2693 4797 2694 4797 2693 4798 2695 4798 2694 4798 2694 4799 2695 4799 1755 4799 2696 4800 2697 4800 2698 4800 2697 4801 2699 4801 2698 4801 2698 4802 2699 4802 2700 4802 2699 4803 2701 4803 2700 4803 2700 4804 2701 4804 2702 4804 2701 4805 2703 4805 2702 4805 2702 4806 2703 4806 2704 4806 2703 4807 2705 4807 2704 4807 2704 4808 2705 4808 1242 4808 2705 4809 1240 4809 1242 4809 1275 4810 1274 4810 2706 4810 1274 4811 1273 4811 2706 4811 2707 4812 2708 4812 2709 4812 2708 4813 2710 4813 2709 4813 2709 4814 2710 4814 2711 4814 2710 4815 2712 4815 2711 4815 2711 4816 2712 4816 2713 4816 2712 4817 2714 4817 2713 4817 2713 4818 2714 4818 2715 4818 2714 4819 2706 4819 2715 4819 2715 4820 2706 4820 1268 4820 2706 4821 1273 4821 1268 4821 1249 4822 1247 4822 2705 4822 1247 4823 1246 4823 2705 4823 2705 4824 1246 4824 1240 4824 1268 4825 1267 4825 2715 4825 1267 4826 1265 4826 2715 4826 2715 4827 1265 4827 1264 4827 2697 4828 2707 4828 2699 4828 2707 4829 2709 4829 2699 4829 2699 4830 2709 4830 2701 4830 2709 4831 2711 4831 2701 4831 2701 4832 2711 4832 2703 4832 2711 4833 2713 4833 2703 4833 2703 4834 2713 4834 2705 4834 2713 4835 2715 4835 2705 4835 2705 4836 2715 4836 1249 4836 2715 4837 1264 4837 1249 4837 1242 4838 1244 4838 2704 4838 1244 4839 1245 4839 2704 4839 2704 4840 1245 4840 1217 4840 2679 4841 2696 4841 2680 4841 2696 4842 2698 4842 2680 4842 2680 4843 2698 4843 2681 4843 2698 4844 2700 4844 2681 4844 2681 4845 2700 4845 2683 4845 2700 4846 2702 4846 2683 4846 2683 4847 2702 4847 2685 4847 2702 4848 2704 4848 2685 4848 2685 4849 2704 4849 1215 4849 2704 4850 1217 4850 1215 4850 187 4851 1196 4851 2690 4851 1196 4852 1189 4852 2690 4852 2690 4853 1189 4853 1188 4853 1188 4854 1187 4854 2690 4854 1187 4855 1754 4855 2690 4855 2690 4856 1754 4856 2688 4856 1754 4857 2630 4857 2688 4857 2688 4858 2630 4858 2624 4858 2630 4859 2628 4859 2624 4859 2624 4860 2628 4860 2622 4860 2628 4861 2627 4861 2622 4861 2622 4862 2627 4862 2620 4862 2627 4863 2631 4863 2620 4863 2620 4864 2631 4864 2619 4864 2631 4865 2614 4865 2619 4865 2619 4866 2614 4866 2618 4866 2614 4867 2613 4867 2618 4867 2618 4868 2613 4868 2617 4868 2613 4869 2615 4869 2617 4869 2617 4870 2615 4870 2616 4870 2615 4871 2716 4871 2616 4871 2616 4872 2716 4872 2583 4872 1109 4873 1108 4873 2615 4873 1108 4874 1107 4874 2615 4874 2615 4875 1107 4875 2716 4875 1107 4876 1106 4876 2716 4876 2716 4877 1106 4877 1105 4877 1105 4878 1028 4878 2716 4878 1028 4879 2572 4879 2716 4879 2716 4880 2572 4880 2583 4880 2572 4881 2574 4881 2583 4881 2583 4882 2574 4882 2582 4882 2574 4883 2576 4883 2582 4883 2582 4884 2576 4884 2580 4884 2576 4885 2578 4885 2580 4885 2580 4886 2578 4886 2589 4886 2578 4887 2547 4887 2589 4887 2589 4888 2547 4888 2590 4888 2547 4889 2377 4889 2590 4889 2590 4890 2377 4890 2561 4890 2377 4891 2382 4891 2561 4891 2561 4892 2382 4892 2562 4892 2382 4893 2381 4893 2562 4893 2562 4894 2381 4894 2606 4894 2381 4895 2302 4895 2606 4895 2606 4896 2302 4896 1792 4896 2302 4897 2301 4897 1792 4897 1792 4898 2301 4898 1793 4898 2717 4899 2718 4899 2719 4899 2718 4900 2720 4900 2719 4900 2719 4901 2720 4901 2721 4901 2722 4902 2717 4902 2723 4902 2717 4903 2719 4903 2723 4903 2723 4904 2719 4904 2724 4904 2719 4905 2721 4905 2724 4905 2724 4906 2721 4906 2725 4906 2721 4907 2726 4907 2725 4907 2725 4908 2726 4908 2727 4908 2726 4909 2728 4909 2727 4909 2727 4910 2728 4910 2729 4910 2728 4911 2730 4911 2729 4911 2729 4912 2730 4912 2731 4912 2730 4913 2732 4913 2731 4913 2731 4914 2732 4914 2733 4914 2732 4915 2734 4915 2733 4915 2733 4916 2734 4916 2735 4916 2734 4917 2736 4917 2735 4917 2735 4918 2736 4918 2737 4918 2736 4919 2738 4919 2737 4919 2737 4920 2738 4920 2739 4920 2738 4921 2740 4921 2739 4921 2739 4922 2740 4922 2741 4922 2740 4923 2742 4923 2741 4923 2741 4924 2742 4924 2743 4924 2742 4925 2744 4925 2743 4925 2743 4926 2744 4926 2745 4926 2744 4927 2746 4927 2745 4927 2745 4928 2746 4928 2747 4928 2746 4929 2748 4929 2747 4929 2747 4930 2748 4930 2749 4930 2748 4931 2750 4931 2749 4931 2749 4932 2750 4932 2751 4932 2750 4933 2752 4933 2751 4933 2751 4934 2752 4934 2753 4934 2752 4935 2754 4935 2753 4935 2753 4936 2754 4936 2755 4936 2754 4937 2756 4937 2755 4937 2755 4938 2756 4938 2757 4938 2756 4939 2758 4939 2757 4939 2757 4940 2758 4940 2759 4940 2760 4941 2056 4941 1904 4941 2056 4942 2057 4942 1904 4942 1904 4943 2057 4943 1905 4943 2057 4944 2058 4944 1905 4944 1905 4945 2058 4945 1920 4945 2058 4946 2059 4946 1920 4946 1920 4947 2059 4947 1963 4947 2059 4948 2060 4948 1963 4948 1963 4949 2060 4949 1981 4949 2060 4950 2061 4950 1981 4950 1981 4951 2061 4951 2026 4951 2061 4952 2062 4952 2026 4952 2026 4953 2062 4953 2051 4953 2062 4954 2063 4954 2051 4954 2051 4955 2063 4955 1866 4955 2063 4956 120 4956 1866 4956 1866 4957 120 4957 119 4957 1752 4958 1751 4958 2761 4958 1751 4959 2762 4959 2761 4959 2761 4960 2762 4960 2763 4960 2762 4961 2764 4961 2763 4961 2763 4962 2764 4962 2765 4962 2764 4963 2766 4963 2765 4963 2765 4964 2766 4964 2767 4964 2766 4965 2768 4965 2767 4965 2767 4966 2768 4966 2769 4966 2768 4967 2770 4967 2769 4967 2769 4968 2770 4968 2771 4968 2770 4969 2772 4969 2771 4969 2771 4970 2772 4970 2773 4970 2772 4971 2774 4971 2773 4971 2773 4972 2774 4972 2775 4972 2718 4973 1753 4973 2720 4973 1753 4974 1752 4974 2720 4974 2720 4975 1752 4975 2721 4975 1752 4976 2761 4976 2721 4976 2721 4977 2761 4977 2726 4977 2761 4978 2763 4978 2726 4978 2726 4979 2763 4979 2728 4979 2763 4980 2765 4980 2728 4980 2728 4981 2765 4981 2730 4981 2765 4982 2767 4982 2730 4982 2730 4983 2767 4983 2732 4983 2767 4984 2769 4984 2732 4984 2732 4985 2769 4985 2734 4985 2769 4986 2771 4986 2734 4986 2734 4987 2771 4987 2736 4987 2771 4988 2773 4988 2736 4988 2736 4989 2773 4989 2738 4989 2773 4990 2775 4990 2738 4990 2738 4991 2775 4991 2740 4991 2775 4992 2776 4992 2740 4992 2740 4993 2776 4993 2742 4993 2776 4994 2777 4994 2742 4994 2742 4995 2777 4995 2744 4995 2777 4996 2778 4996 2744 4996 2744 4997 2778 4997 2746 4997 2778 4998 2779 4998 2746 4998 2746 4999 2779 4999 2748 4999 2779 5000 2780 5000 2748 5000 2748 5001 2780 5001 2750 5001 2780 5002 2781 5002 2750 5002 2750 5003 2781 5003 2752 5003 2781 5004 2782 5004 2752 5004 2752 5005 2782 5005 2754 5005 2782 5006 1771 5006 2754 5006 2754 5007 1771 5007 2756 5007 1771 5008 1770 5008 2756 5008 2756 5009 1770 5009 2758 5009 1751 5010 2783 5010 2762 5010 2783 5011 2784 5011 2762 5011 2762 5012 2784 5012 2764 5012 2784 5013 2785 5013 2764 5013 2764 5014 2785 5014 2766 5014 2785 5015 2786 5015 2766 5015 2766 5016 2786 5016 2768 5016 2786 5017 2787 5017 2768 5017 2768 5018 2787 5018 2770 5018 2787 5019 1760 5019 2770 5019 2770 5020 1760 5020 2772 5020 1760 5021 1759 5021 2772 5021 2772 5022 1759 5022 2774 5022 1758 5023 1760 5023 2788 5023 1760 5024 2787 5024 2788 5024 2788 5025 2787 5025 2789 5025 2787 5026 2786 5026 2789 5026 2789 5027 2786 5027 2790 5027 2786 5028 2785 5028 2790 5028 2790 5029 2785 5029 2791 5029 2785 5030 2784 5030 2791 5030 2791 5031 2784 5031 2792 5031 2784 5032 2783 5032 2792 5032 2792 5033 2783 5033 2793 5033 1764 5034 1766 5034 2794 5034 1766 5035 2663 5035 2794 5035 2794 5036 2663 5036 2795 5036 2663 5037 2664 5037 2795 5037 2795 5038 2664 5038 2796 5038 2664 5039 2665 5039 2796 5039 2796 5040 2665 5040 2797 5040 2665 5041 2666 5041 2797 5041 2797 5042 2666 5042 2798 5042 2666 5043 2667 5043 2798 5043 2798 5044 2667 5044 2799 5044 2667 5045 2668 5045 2799 5045 2799 5046 2668 5046 2800 5046 2668 5047 2669 5047 2800 5047 2800 5048 2669 5048 2801 5048 2669 5049 2670 5049 2801 5049 2801 5050 2670 5050 2802 5050 2670 5051 2671 5051 2802 5051 2802 5052 2671 5052 2803 5052 2671 5053 2673 5053 2803 5053 2803 5054 2673 5054 2804 5054 2673 5055 2675 5055 2804 5055 2804 5056 2675 5056 2805 5056 2675 5057 2806 5057 2805 5057 2805 5058 2806 5058 2807 5058 2806 5059 2808 5059 2807 5059 2807 5060 2808 5060 2809 5060 2808 5061 2810 5061 2809 5061 2809 5062 2810 5062 2811 5062 2810 5063 2812 5063 2811 5063 2811 5064 2812 5064 2813 5064 2814 5065 2815 5065 2816 5065 2674 5066 2817 5066 2675 5066 2817 5067 2818 5067 2675 5067 2675 5068 2818 5068 2806 5068 2818 5069 2819 5069 2806 5069 2806 5070 2819 5070 2808 5070 2819 5071 2814 5071 2808 5071 2808 5072 2814 5072 2810 5072 2814 5073 2816 5073 2810 5073 2810 5074 2816 5074 2812 5074 1769 5075 1771 5075 2592 5075 1771 5076 2782 5076 2592 5076 2592 5077 2782 5077 2654 5077 2782 5078 2781 5078 2654 5078 2654 5079 2781 5079 2655 5079 2781 5080 2780 5080 2655 5080 2655 5081 2780 5081 2656 5081 2780 5082 2779 5082 2656 5082 2656 5083 2779 5083 2657 5083 2779 5084 2778 5084 2657 5084 2657 5085 2778 5085 2658 5085 2778 5086 2777 5086 2658 5086 2658 5087 2777 5087 2659 5087 2777 5088 2776 5088 2659 5088 2659 5089 2776 5089 2660 5089 2776 5090 2775 5090 2660 5090 2660 5091 2775 5091 2661 5091 2775 5092 2774 5092 2661 5092 2661 5093 2774 5093 2662 5093 2774 5094 1759 5094 2662 5094 2662 5095 1759 5095 1761 5095 1759 5096 1758 5096 1761 5096 1761 5097 1758 5097 2672 5097 1758 5098 2788 5098 2672 5098 2672 5099 2788 5099 2674 5099 2788 5100 2789 5100 2674 5100 2674 5101 2789 5101 2817 5101 2789 5102 2790 5102 2817 5102 2817 5103 2790 5103 2818 5103 2790 5104 2791 5104 2818 5104 2818 5105 2791 5105 2819 5105 2791 5106 2792 5106 2819 5106 2819 5107 2792 5107 2814 5107 2792 5108 2793 5108 2814 5108 2814 5109 2793 5109 2815 5109 2820 5110 2821 5110 2692 5110 2821 5111 2822 5111 2692 5111 2692 5112 2822 5112 2693 5112 2823 5113 2824 5113 1466 5113 1750 5114 1749 5114 2825 5114 1749 5115 2824 5115 2825 5115 2825 5116 2824 5116 2826 5116 2824 5117 2823 5117 2826 5117 2826 5118 2823 5118 2827 5118 1471 5119 1749 5119 1476 5119 1749 5120 1748 5120 1476 5120 1476 5121 1748 5121 1475 5121 1748 5122 1473 5122 1475 5122 1471 5123 1470 5123 1749 5123 1470 5124 1463 5124 1749 5124 1749 5125 1463 5125 2824 5125 1463 5126 1465 5126 2824 5126 2824 5127 1465 5127 1466 5127 2828 5128 2829 5128 2830 5128 2831 5129 2832 5129 2833 5129 2832 5130 2828 5130 2833 5130 2833 5131 2828 5131 2834 5131 2828 5132 2830 5132 2834 5132 2834 5133 2830 5133 1746 5133 1482 5134 1747 5134 1484 5134 1485 5135 1484 5135 1746 5135 1484 5136 1747 5136 1746 5136 1746 5137 1747 5137 2834 5137 1747 5138 2835 5138 2834 5138 2834 5139 2835 5139 2833 5139 2835 5140 2836 5140 2833 5140 2833 5141 2836 5141 2831 5141 2836 5142 2837 5142 2831 5142 2838 5143 2839 5143 2840 5143 2839 5144 2841 5144 2840 5144 2840 5145 2841 5145 2842 5145 2841 5146 2843 5146 2842 5146 2842 5147 2843 5147 2844 5147 1499 5148 1500 5148 2840 5148 1500 5149 1493 5149 2840 5149 2840 5150 1493 5150 2838 5150 1493 5151 1495 5151 2838 5151 2838 5152 1495 5152 1496 5152 1481 5153 1473 5153 1747 5153 1473 5154 1748 5154 1747 5154 1747 5155 1748 5155 2835 5155 1748 5156 1750 5156 2835 5156 2835 5157 1750 5157 2836 5157 1750 5158 2825 5158 2836 5158 2836 5159 2825 5159 2837 5159 2825 5160 2826 5160 2837 5160 1745 5161 1744 5161 2844 5161 1602 5162 1601 5162 2845 5162 1601 5163 1600 5163 2845 5163 2845 5164 1600 5164 1509 5164 1496 5165 1746 5165 2838 5165 1746 5166 2830 5166 2838 5166 2838 5167 2830 5167 2839 5167 2830 5168 2829 5168 2839 5168 2839 5169 2829 5169 2841 5169 2829 5170 2846 5170 2841 5170 2841 5171 2846 5171 2843 5171 2846 5172 2847 5172 2843 5172 2843 5173 2847 5173 2844 5173 2847 5174 2848 5174 2844 5174 2844 5175 2848 5175 1745 5175 2848 5176 2849 5176 1745 5176 1745 5177 2849 5177 1743 5177 2832 5178 2850 5178 2828 5178 2850 5179 2851 5179 2828 5179 2828 5180 2851 5180 2829 5180 2851 5181 2852 5181 2829 5181 2829 5182 2852 5182 2846 5182 2852 5183 2853 5183 2846 5183 2846 5184 2853 5184 2847 5184 2853 5185 2854 5185 2847 5185 2847 5186 2854 5186 2848 5186 2854 5187 2855 5187 2848 5187 2848 5188 2855 5188 2849 5188 2855 5189 2856 5189 2849 5189 2849 5190 2856 5190 1743 5190 2856 5191 2857 5191 1743 5191 1741 5192 1740 5192 2858 5192 1740 5193 2859 5193 2858 5193 2858 5194 2859 5194 2860 5194 2861 5195 2862 5195 2863 5195 2862 5196 2864 5196 2863 5196 2863 5197 2864 5197 2865 5197 2864 5198 2866 5198 2865 5198 2865 5199 2866 5199 2867 5199 2866 5200 2868 5200 2867 5200 2867 5201 2868 5201 1742 5201 2868 5202 2869 5202 1742 5202 1742 5203 2869 5203 1740 5203 2869 5204 2870 5204 1740 5204 1740 5205 2870 5205 2859 5205 2871 5206 2872 5206 2873 5206 2872 5207 2874 5207 2873 5207 2873 5208 2874 5208 2875 5208 2868 5209 2871 5209 2869 5209 2871 5210 2873 5210 2869 5210 2869 5211 2873 5211 2870 5211 2873 5212 2875 5212 2870 5212 2870 5213 2875 5213 2859 5213 2875 5214 2876 5214 2859 5214 2859 5215 2876 5215 2860 5215 2876 5216 2877 5216 2860 5216 2860 5217 2877 5217 2878 5217 2877 5218 2879 5218 2878 5218 2878 5219 2879 5219 2880 5219 2879 5220 2881 5220 2880 5220 2882 5221 2857 5221 2883 5221 2857 5222 2856 5222 2883 5222 2883 5223 2856 5223 2884 5223 2856 5224 2855 5224 2884 5224 2884 5225 2855 5225 2885 5225 2855 5226 2854 5226 2885 5226 2885 5227 2854 5227 2886 5227 2854 5228 2853 5228 2886 5228 2886 5229 2853 5229 2887 5229 2853 5230 2852 5230 2887 5230 2887 5231 2852 5231 2888 5231 2852 5232 2851 5232 2888 5232 2888 5233 2851 5233 2889 5233 2851 5234 2850 5234 2889 5234 2889 5235 2850 5235 2890 5235 2850 5236 2832 5236 2890 5236 2890 5237 2832 5237 2820 5237 2832 5238 2831 5238 2820 5238 2820 5239 2831 5239 2821 5239 2831 5240 2837 5240 2821 5240 2821 5241 2837 5241 2822 5241 2837 5242 2826 5242 2822 5242 2822 5243 2826 5243 2693 5243 2826 5244 2827 5244 2693 5244 2693 5245 2827 5245 2695 5245 1755 5246 1757 5246 2694 5246 1757 5247 2891 5247 2694 5247 2694 5248 2891 5248 2692 5248 2891 5249 2892 5249 2692 5249 2692 5250 2892 5250 2820 5250 2892 5251 2893 5251 2820 5251 2820 5252 2893 5252 2890 5252 2893 5253 2894 5253 2890 5253 2890 5254 2894 5254 2889 5254 2894 5255 2895 5255 2889 5255 2889 5256 2895 5256 2888 5256 2895 5257 2896 5257 2888 5257 2888 5258 2896 5258 2887 5258 2896 5259 2897 5259 2887 5259 2887 5260 2897 5260 2886 5260 2897 5261 2898 5261 2886 5261 2886 5262 2898 5262 2885 5262 2898 5263 2899 5263 2885 5263 2885 5264 2899 5264 2884 5264 2899 5265 2900 5265 2884 5265 2884 5266 2900 5266 2883 5266 2900 5267 2901 5267 2883 5267 2883 5268 2901 5268 2882 5268 1730 5269 1912 5269 1729 5269 1912 5270 1914 5270 1729 5270 1729 5271 1914 5271 2902 5271 1914 5272 1916 5272 2902 5272 2902 5273 1916 5273 2903 5273 1916 5274 1918 5274 2903 5274 2903 5275 1918 5275 2904 5275 1918 5276 2905 5276 2904 5276 2904 5277 2905 5277 2906 5277 2905 5278 2907 5278 2906 5278 2906 5279 2907 5279 2908 5279 1727 5280 1726 5280 2909 5280 1726 5281 2910 5281 2909 5281 2909 5282 2910 5282 2911 5282 2910 5283 2912 5283 2911 5283 2911 5284 2912 5284 2913 5284 2912 5285 2914 5285 2913 5285 2913 5286 2914 5286 2915 5286 2914 5287 2916 5287 2915 5287 2915 5288 2916 5288 2917 5288 2916 5289 2918 5289 2917 5289 2917 5290 2918 5290 2919 5290 2918 5291 2920 5291 2919 5291 2919 5292 2920 5292 2921 5292 2920 5293 2922 5293 2921 5293 2921 5294 2922 5294 1940 5294 2922 5295 2923 5295 1940 5295 1940 5296 2923 5296 1939 5296 2923 5297 2924 5297 1939 5297 1939 5298 2924 5298 2034 5298 2924 5299 2925 5299 2034 5299 2034 5300 2925 5300 2035 5300 2925 5301 2926 5301 2035 5301 2035 5302 2926 5302 2064 5302 1728 5303 1729 5303 1726 5303 1729 5304 2902 5304 1726 5304 1726 5305 2902 5305 2910 5305 2902 5306 2903 5306 2910 5306 2910 5307 2903 5307 2912 5307 2903 5308 2904 5308 2912 5308 2912 5309 2904 5309 2914 5309 2904 5310 2906 5310 2914 5310 2914 5311 2906 5311 2916 5311 2906 5312 2908 5312 2916 5312 2916 5313 2908 5313 2918 5313 1737 5314 1739 5314 1736 5314 1739 5315 2927 5315 1736 5315 1736 5316 2927 5316 2928 5316 2927 5317 2929 5317 2928 5317 2928 5318 2929 5318 2930 5318 2929 5319 2931 5319 2930 5319 2930 5320 2931 5320 2932 5320 2931 5321 2933 5321 2932 5321 2932 5322 2933 5322 2934 5322 2933 5323 2935 5323 2934 5323 2934 5324 2935 5324 2936 5324 1733 5325 1734 5325 1731 5325 1734 5326 2937 5326 1731 5326 1731 5327 2937 5327 2938 5327 2937 5328 2939 5328 2938 5328 2938 5329 2939 5329 2940 5329 2939 5330 2941 5330 2940 5330 2940 5331 2941 5331 2942 5331 2941 5332 2943 5332 2942 5332 2942 5333 2943 5333 2944 5333 2943 5334 2945 5334 2944 5334 2944 5335 2945 5335 2946 5335 1735 5336 1736 5336 1734 5336 1736 5337 2928 5337 1734 5337 1734 5338 2928 5338 2937 5338 2928 5339 2930 5339 2937 5339 2937 5340 2930 5340 2939 5340 2930 5341 2932 5341 2939 5341 2939 5342 2932 5342 2941 5342 2932 5343 2934 5343 2941 5343 2941 5344 2934 5344 2943 5344 2934 5345 2936 5345 2943 5345 2943 5346 2936 5346 2945 5346 1753 5347 2947 5347 1751 5347 2947 5348 2948 5348 1751 5348 1751 5349 2948 5349 2783 5349 2948 5350 2949 5350 2783 5350 2783 5351 2949 5351 2793 5351 2949 5352 2950 5352 2793 5352 2793 5353 2950 5353 2815 5353 2950 5354 2951 5354 2815 5354 2815 5355 2951 5355 2816 5355 2951 5356 2952 5356 2816 5356 2816 5357 2952 5357 2812 5357 2952 5358 2953 5358 2812 5358 2812 5359 2953 5359 2813 5359 2953 5360 2954 5360 2813 5360 2813 5361 2954 5361 2955 5361 2954 5362 2956 5362 2955 5362 2955 5363 2956 5363 2957 5363 2956 5364 2958 5364 2957 5364 2957 5365 2958 5365 2959 5365 2958 5366 2960 5366 2959 5366 2959 5367 2960 5367 2961 5367 2960 5368 2962 5368 2961 5368 2961 5369 2962 5369 2963 5369 2962 5370 2964 5370 2963 5370 2963 5371 2964 5371 2965 5371 2964 5372 2966 5372 2965 5372 2965 5373 2966 5373 2967 5373 2966 5374 2968 5374 2967 5374 2967 5375 2968 5375 2969 5375 1732 5376 1731 5376 2970 5376 1731 5377 2938 5377 2970 5377 2970 5378 2938 5378 2971 5378 2938 5379 2940 5379 2971 5379 2971 5380 2940 5380 2972 5380 2940 5381 2942 5381 2972 5381 2972 5382 2942 5382 2973 5382 2942 5383 2944 5383 2973 5383 2973 5384 2944 5384 2974 5384 2944 5385 2946 5385 2974 5385 2974 5386 2946 5386 1919 5386 379 5387 381 5387 1934 5387 381 5388 1919 5388 1934 5388 1934 5389 1919 5389 1936 5389 1919 5390 2946 5390 1936 5390 1936 5391 2946 5391 1938 5391 2946 5392 2945 5392 1938 5392 1938 5393 2945 5393 1940 5393 2945 5394 2936 5394 1940 5394 1940 5395 2936 5395 2921 5395 2936 5396 2935 5396 2921 5396 2921 5397 2935 5397 2919 5397 2935 5398 2933 5398 2919 5398 2919 5399 2933 5399 2917 5399 2933 5400 2931 5400 2917 5400 2917 5401 2931 5401 2915 5401 2931 5402 2929 5402 2915 5402 2915 5403 2929 5403 2913 5403 2929 5404 2927 5404 2913 5404 2913 5405 2927 5405 2911 5405 2927 5406 1739 5406 2911 5406 2911 5407 1739 5407 2909 5407 1739 5408 1738 5408 2909 5408 2909 5409 1738 5409 1727 5409 1737 5410 2881 5410 1738 5410 2881 5411 2879 5411 1738 5411 1738 5412 2879 5412 1727 5412 2879 5413 2877 5413 1727 5413 1727 5414 2877 5414 1728 5414 2877 5415 2876 5415 1728 5415 1728 5416 2876 5416 1730 5416 2876 5417 2875 5417 1730 5417 1730 5418 2875 5418 1912 5418 2875 5419 2874 5419 1912 5419 1912 5420 2874 5420 1913 5420 2874 5421 2975 5421 1913 5421 1913 5422 2975 5422 1915 5422 2975 5423 2976 5423 1915 5423 1915 5424 2976 5424 1917 5424 2976 5425 1828 5425 1917 5425 1917 5426 1828 5426 1918 5426 1828 5427 1830 5427 1918 5427 1918 5428 1830 5428 2905 5428 1830 5429 1950 5429 2905 5429 2905 5430 1950 5430 2907 5430 1950 5431 1948 5431 2907 5431 2907 5432 1948 5432 2908 5432 1948 5433 1946 5433 2908 5433 2908 5434 1946 5434 2918 5434 1946 5435 1944 5435 2918 5435 2918 5436 1944 5436 2920 5436 1944 5437 1942 5437 2920 5437 2920 5438 1942 5438 2922 5438 1942 5439 1941 5439 2922 5439 2922 5440 1941 5440 2923 5440 1941 5441 1964 5441 2923 5441 2923 5442 1964 5442 2924 5442 1964 5443 2009 5443 2924 5443 2924 5444 2009 5444 2925 5444 2009 5445 2027 5445 2925 5445 2925 5446 2027 5446 2926 5446 1499 5447 2840 5447 1497 5447 2840 5448 2842 5448 1497 5448 1497 5449 2842 5449 1509 5449 2842 5450 2844 5450 1509 5450 1509 5451 2844 5451 2845 5451 2844 5452 1744 5452 2845 5452 2845 5453 1744 5453 1602 5453 1744 5454 1743 5454 1602 5454 1602 5455 1743 5455 1604 5455 1743 5456 2857 5456 1604 5456 1604 5457 2857 5457 1606 5457 2857 5458 2882 5458 1606 5458 1606 5459 2882 5459 1608 5459 340 5460 482 5460 1846 5460 482 5461 2066 5461 1846 5461 1846 5462 2066 5462 1847 5462 2066 5463 2065 5463 1847 5463 1847 5464 2065 5464 1848 5464 2065 5465 2064 5465 1848 5465 1848 5466 2064 5466 1849 5466 2064 5467 2926 5467 1849 5467 1849 5468 2926 5468 1850 5468 2926 5469 2027 5469 1850 5469 1850 5470 2027 5470 1851 5470 2027 5471 2028 5471 1851 5471 1851 5472 2028 5472 1852 5472 2028 5473 2029 5473 1852 5473 1852 5474 2029 5474 1853 5474 2029 5475 2030 5475 1853 5475 1853 5476 2030 5476 1854 5476 2030 5477 2031 5477 1854 5477 1854 5478 2031 5478 1855 5478 2031 5479 2032 5479 1855 5479 1855 5480 2032 5480 1856 5480 2032 5481 2033 5481 1856 5481 1856 5482 2033 5482 2041 5482 2033 5483 2015 5483 2041 5483 2041 5484 2015 5484 2016 5484 2015 5485 1970 5485 2016 5485 2016 5486 1970 5486 1971 5486 1970 5487 1952 5487 1971 5487 1971 5488 1952 5488 1953 5488 1952 5489 1829 5489 1953 5489 1953 5490 1829 5490 1932 5490 1829 5491 1828 5491 1932 5491 1932 5492 1828 5492 1930 5492 1828 5493 2976 5493 1930 5493 1930 5494 2976 5494 1928 5494 2976 5495 2975 5495 1928 5495 1928 5496 2975 5496 1836 5496 2975 5497 2874 5497 1836 5497 1836 5498 2874 5498 1834 5498 2874 5499 2872 5499 1834 5499 1834 5500 2872 5500 1832 5500 2872 5501 2871 5501 1832 5501 1832 5502 2871 5502 1833 5502 2871 5503 2868 5503 1833 5503 1833 5504 2868 5504 1908 5504 2868 5505 2866 5505 1908 5505 1908 5506 2866 5506 1906 5506 2866 5507 2864 5507 1906 5507 1906 5508 2864 5508 1904 5508 2864 5509 2862 5509 1904 5509 1904 5510 2862 5510 2760 5510 2862 5511 2861 5511 2760 5511 1466 5512 1461 5512 2823 5512 1461 5513 1460 5513 2823 5513 2823 5514 1460 5514 1270 5514 2708 5515 1756 5515 2710 5515 1756 5516 1755 5516 2710 5516 2710 5517 1755 5517 2712 5517 1755 5518 2695 5518 2712 5518 2712 5519 2695 5519 2714 5519 2695 5520 2827 5520 2714 5520 2714 5521 2827 5521 2706 5521 2827 5522 2823 5522 2706 5522 2706 5523 2823 5523 1275 5523 2823 5524 1270 5524 1275 5524 1611 5525 1610 5525 1919 5525 1610 5526 2969 5526 1919 5526 1919 5527 2969 5527 2974 5527 2969 5528 2968 5528 2974 5528 2974 5529 2968 5529 2973 5529 2968 5530 2966 5530 2973 5530 2973 5531 2966 5531 2972 5531 2966 5532 2964 5532 2972 5532 2972 5533 2964 5533 2971 5533 2964 5534 2962 5534 2971 5534 2971 5535 2962 5535 2970 5535 2962 5536 2960 5536 2970 5536 2970 5537 2960 5537 1732 5537 2960 5538 2958 5538 1732 5538 1732 5539 2958 5539 1733 5539 2958 5540 2956 5540 1733 5540 1733 5541 2956 5541 1735 5541 2956 5542 2954 5542 1735 5542 1735 5543 2954 5543 1737 5543 2954 5544 2953 5544 1737 5544 1737 5545 2953 5545 2881 5545 2953 5546 2952 5546 2881 5546 2881 5547 2952 5547 2880 5547 2952 5548 2951 5548 2880 5548 2880 5549 2951 5549 2878 5549 2951 5550 2950 5550 2878 5550 2878 5551 2950 5551 2860 5551 2950 5552 2949 5552 2860 5552 2860 5553 2949 5553 2858 5553 2949 5554 2948 5554 2858 5554 2858 5555 2948 5555 1741 5555 2948 5556 2947 5556 1741 5556 1741 5557 2947 5557 1742 5557 2947 5558 1753 5558 1742 5558 1742 5559 1753 5559 2867 5559 1753 5560 2718 5560 2867 5560 2867 5561 2718 5561 2865 5561 2718 5562 2717 5562 2865 5562 2865 5563 2717 5563 2863 5563 2717 5564 2722 5564 2863 5564 2863 5565 2722 5565 2861 5565 2722 5566 2977 5566 2861 5566 2861 5567 2977 5567 2760 5567 2977 5568 2978 5568 2760 5568 2760 5569 2978 5569 2056 5569 2978 5570 2979 5570 2056 5570 2056 5571 2979 5571 2055 5571 2979 5572 2980 5572 2055 5572 2055 5573 2980 5573 2054 5573 2980 5574 2981 5574 2054 5574 2054 5575 2981 5575 2053 5575 2981 5576 2982 5576 2053 5576 2053 5577 2982 5577 2052 5577 2982 5578 2983 5578 2052 5578 2052 5579 2983 5579 1841 5579 2983 5580 2984 5580 1841 5580 1841 5581 2984 5581 1842 5581 2984 5582 2985 5582 1842 5582 1842 5583 2985 5583 1982 5583 2985 5584 2986 5584 1982 5584 1982 5585 2986 5585 1984 5585 2986 5586 2987 5586 1984 5586 1984 5587 2987 5587 1986 5587 2987 5588 2988 5588 1986 5588 1986 5589 2988 5589 1993 5589 2988 5590 2989 5590 1993 5590 1993 5591 2989 5591 1871 5591 747 5592 2990 5592 749 5592 2990 5593 2991 5593 749 5593 756 5594 2992 5594 2993 5594 747 5595 746 5595 2990 5595 746 5596 758 5596 2990 5596 2990 5597 758 5597 2993 5597 758 5598 757 5598 2993 5598 2993 5599 757 5599 756 5599 744 5600 743 5600 1725 5600 743 5601 742 5601 1725 5601 1725 5602 742 5602 2991 5602 742 5603 754 5603 2991 5603 2991 5604 754 5604 749 5604 774 5605 2994 5605 2995 5605 756 5606 755 5606 2992 5606 755 5607 776 5607 2992 5607 2992 5608 776 5608 2995 5608 776 5609 775 5609 2995 5609 2995 5610 775 5610 774 5610 774 5611 773 5611 2996 5611 773 5612 772 5612 2996 5612 2996 5613 772 5613 2997 5613 772 5614 771 5614 2997 5614 2997 5615 771 5615 2998 5615 771 5616 770 5616 2998 5616 2998 5617 770 5617 2999 5617 770 5618 3000 5618 2999 5618 774 5619 2996 5619 2994 5619 2996 5620 2997 5620 2994 5620 2994 5621 2997 5621 3001 5621 2997 5622 2998 5622 3001 5622 3001 5623 2998 5623 3002 5623 221 5624 1723 5624 3003 5624 1723 5625 3004 5625 3003 5625 3003 5626 3004 5626 737 5626 1723 5627 1724 5627 3004 5627 1724 5628 3005 5628 3004 5628 3004 5629 3005 5629 737 5629 3005 5630 1724 5630 737 5630 737 5631 1724 5631 221 5631 3006 5632 3007 5632 3008 5632 3007 5633 244 5633 3008 5633 3008 5634 244 5634 741 5634 770 5635 789 5635 3000 5635 789 5636 779 5636 3000 5636 3000 5637 779 5637 1722 5637 779 5638 778 5638 1722 5638 1722 5639 778 5639 801 5639 1721 5640 801 5640 3009 5640 801 5641 800 5641 3009 5641 3009 5642 800 5642 3010 5642 803 5643 3011 5643 804 5643 3011 5644 3010 5644 804 5644 804 5645 3010 5645 814 5645 3010 5646 800 5646 814 5646 242 5647 241 5647 3012 5647 241 5648 815 5648 3012 5648 3012 5649 815 5649 3013 5649 815 5650 3014 5650 3013 5650 3002 5651 2998 5651 3015 5651 2998 5652 2999 5652 3015 5652 3015 5653 2999 5653 3016 5653 2999 5654 3000 5654 3016 5654 3016 5655 3000 5655 3017 5655 3000 5656 1722 5656 3017 5656 3017 5657 1722 5657 3018 5657 1722 5658 1721 5658 3018 5658 3018 5659 1721 5659 3019 5659 1721 5660 3009 5660 3019 5660 3019 5661 3009 5661 3020 5661 3009 5662 3010 5662 3020 5662 3020 5663 3010 5663 3021 5663 3010 5664 3011 5664 3021 5664 3021 5665 3011 5665 3022 5665 816 5666 818 5666 3023 5666 818 5667 820 5667 3023 5667 3023 5668 820 5668 3024 5668 741 5669 740 5669 3008 5669 740 5670 739 5670 3008 5670 3008 5671 739 5671 3025 5671 739 5672 745 5672 3025 5672 3025 5673 745 5673 3026 5673 745 5674 1725 5674 3026 5674 3026 5675 1725 5675 3027 5675 1725 5676 2991 5676 3027 5676 3027 5677 2991 5677 3028 5677 2991 5678 2990 5678 3028 5678 3028 5679 2990 5679 3029 5679 2990 5680 2993 5680 3029 5680 3029 5681 2993 5681 3030 5681 2993 5682 2992 5682 3030 5682 3030 5683 2992 5683 3031 5683 2992 5684 2995 5684 3031 5684 3031 5685 2995 5685 3032 5685 2995 5686 2994 5686 3032 5686 3032 5687 2994 5687 3033 5687 2994 5688 3001 5688 3033 5688 3033 5689 3001 5689 3034 5689 3001 5690 3002 5690 3034 5690 3034 5691 3002 5691 3035 5691 3002 5692 3015 5692 3035 5692 3035 5693 3015 5693 3036 5693 3015 5694 3016 5694 3036 5694 3036 5695 3016 5695 3037 5695 3016 5696 3017 5696 3037 5696 3037 5697 3017 5697 3038 5697 3017 5698 3018 5698 3038 5698 3038 5699 3018 5699 3039 5699 3018 5700 3019 5700 3039 5700 3039 5701 3019 5701 3040 5701 3019 5702 3020 5702 3040 5702 3040 5703 3020 5703 3041 5703 3020 5704 3021 5704 3041 5704 3041 5705 3021 5705 3042 5705 3021 5706 3022 5706 3042 5706 3042 5707 3022 5707 3043 5707 803 5708 242 5708 3011 5708 242 5709 3012 5709 3011 5709 3011 5710 3012 5710 3022 5710 3012 5711 3013 5711 3022 5711 3022 5712 3013 5712 3043 5712 3013 5713 3014 5713 3043 5713 3043 5714 3014 5714 3044 5714 820 5715 855 5715 3024 5715 855 5716 839 5716 3024 5716 3024 5717 839 5717 3045 5717 839 5718 841 5718 3045 5718 3045 5719 841 5719 3046 5719 815 5720 816 5720 3014 5720 816 5721 3023 5721 3014 5721 3014 5722 3023 5722 3044 5722 3023 5723 3024 5723 3044 5723 3044 5724 3024 5724 3047 5724 3024 5725 3045 5725 3047 5725 3047 5726 3045 5726 3048 5726 3045 5727 3046 5727 3048 5727 3048 5728 3046 5728 3049 5728 846 5729 854 5729 3050 5729 854 5730 1896 5730 3050 5730 3050 5731 1896 5731 1893 5731 1896 5732 10 5732 1893 5732 1893 5733 10 5733 12 5733 3006 5734 3008 5734 3051 5734 3008 5735 3025 5735 3051 5735 3051 5736 3025 5736 3052 5736 3025 5737 3026 5737 3052 5737 3052 5738 3026 5738 3053 5738 3026 5739 3027 5739 3053 5739 3053 5740 3027 5740 3054 5740 3027 5741 3028 5741 3054 5741 3054 5742 3028 5742 3055 5742 3028 5743 3029 5743 3055 5743 3055 5744 3029 5744 3056 5744 3029 5745 3030 5745 3056 5745 3056 5746 3030 5746 3057 5746 3030 5747 3031 5747 3057 5747 3057 5748 3031 5748 3058 5748 3031 5749 3032 5749 3058 5749 3058 5750 3032 5750 3059 5750 3032 5751 3033 5751 3059 5751 3059 5752 3033 5752 3060 5752 3033 5753 3034 5753 3060 5753 3060 5754 3034 5754 3061 5754 3034 5755 3035 5755 3061 5755 3061 5756 3035 5756 3062 5756 3035 5757 3036 5757 3062 5757 3062 5758 3036 5758 3063 5758 3036 5759 3037 5759 3063 5759 3063 5760 3037 5760 3064 5760 3037 5761 3038 5761 3064 5761 3064 5762 3038 5762 3065 5762 3038 5763 3039 5763 3065 5763 3065 5764 3039 5764 3066 5764 3039 5765 3040 5765 3066 5765 3066 5766 3040 5766 3067 5766 3040 5767 3041 5767 3067 5767 3067 5768 3041 5768 3068 5768 3041 5769 3042 5769 3068 5769 3068 5770 3042 5770 3069 5770 3042 5771 3043 5771 3069 5771 3069 5772 3043 5772 3070 5772 3043 5773 3044 5773 3070 5773 3070 5774 3044 5774 3071 5774 3044 5775 3047 5775 3071 5775 3071 5776 3047 5776 3072 5776 3047 5777 3048 5777 3072 5777 3072 5778 3048 5778 3073 5778 3048 5779 3049 5779 3073 5779 3073 5780 3049 5780 3074 5780 737 5781 245 5781 3075 5781 245 5782 244 5782 3075 5782 3075 5783 244 5783 3076 5783 244 5784 3007 5784 3076 5784 3076 5785 3007 5785 3077 5785 3007 5786 3006 5786 3077 5786 3077 5787 3006 5787 3078 5787 3006 5788 3051 5788 3078 5788 3078 5789 3051 5789 3079 5789 3051 5790 3052 5790 3079 5790 3079 5791 3052 5791 3080 5791 3052 5792 3053 5792 3080 5792 3080 5793 3053 5793 3081 5793 3053 5794 3054 5794 3081 5794 3081 5795 3054 5795 3082 5795 3054 5796 3055 5796 3082 5796 3082 5797 3055 5797 3083 5797 3055 5798 3056 5798 3083 5798 3083 5799 3056 5799 3084 5799 3056 5800 3057 5800 3084 5800 3084 5801 3057 5801 3085 5801 3057 5802 3058 5802 3085 5802 3085 5803 3058 5803 3086 5803 3058 5804 3059 5804 3086 5804 3086 5805 3059 5805 3087 5805 3059 5806 3060 5806 3087 5806 3087 5807 3060 5807 3088 5807 3060 5808 3061 5808 3088 5808 3088 5809 3061 5809 3089 5809 3061 5810 3062 5810 3089 5810 3089 5811 3062 5811 3090 5811 3062 5812 3063 5812 3090 5812 3090 5813 3063 5813 3091 5813 3063 5814 3064 5814 3091 5814 3091 5815 3064 5815 3092 5815 3064 5816 3065 5816 3092 5816 3092 5817 3065 5817 3093 5817 3065 5818 3066 5818 3093 5818 3093 5819 3066 5819 3094 5819 3066 5820 3067 5820 3094 5820 3094 5821 3067 5821 3095 5821 3067 5822 3068 5822 3095 5822 3095 5823 3068 5823 3096 5823 3068 5824 3069 5824 3096 5824 3096 5825 3069 5825 3097 5825 3069 5826 3070 5826 3097 5826 3097 5827 3070 5827 3098 5827 3070 5828 3071 5828 3098 5828 3098 5829 3071 5829 3099 5829 3071 5830 3072 5830 3099 5830 3099 5831 3072 5831 3100 5831 3072 5832 3073 5832 3100 5832 3100 5833 3073 5833 3101 5833 3073 5834 3074 5834 3101 5834 3101 5835 3074 5835 3102 5835 847 5836 846 5836 1720 5836 846 5837 3050 5837 1720 5837 1720 5838 3050 5838 3103 5838 3050 5839 1893 5839 3103 5839 3103 5840 1893 5840 3104 5840 1893 5841 1894 5841 3104 5841 3104 5842 1894 5842 3105 5842 1894 5843 1895 5843 3105 5843 3105 5844 1895 5844 3106 5844 1895 5845 2 5845 3106 5845 843 5846 848 5846 3107 5846 848 5847 1720 5847 3107 5847 3107 5848 1720 5848 3108 5848 1720 5849 3103 5849 3108 5849 3108 5850 3103 5850 3109 5850 3103 5851 3104 5851 3109 5851 3109 5852 3104 5852 3110 5852 3104 5853 3105 5853 3110 5853 3110 5854 3105 5854 3111 5854 3105 5855 3106 5855 3111 5855 3111 5856 3106 5856 3112 5856 3106 5857 2 5857 3112 5857 3112 5858 2 5858 1 5858 3113 5859 3114 5859 3102 5859 3102 5860 3114 5860 3101 5860 3114 5861 3115 5861 3101 5861 3101 5862 3115 5862 3100 5862 3115 5863 3116 5863 3100 5863 3100 5864 3116 5864 3099 5864 3116 5865 3117 5865 3099 5865 3099 5866 3117 5866 3098 5866 3117 5867 3118 5867 3098 5867 3098 5868 3118 5868 3097 5868 3118 5869 3119 5869 3097 5869 3097 5870 3119 5870 3096 5870 3119 5871 3120 5871 3096 5871 3096 5872 3120 5872 3095 5872 3120 5873 3121 5873 3095 5873 3095 5874 3121 5874 3094 5874 3121 5875 3122 5875 3094 5875 3094 5876 3122 5876 3093 5876 3122 5877 3123 5877 3093 5877 3093 5878 3123 5878 3092 5878 3123 5879 3124 5879 3092 5879 3092 5880 3124 5880 3091 5880 3124 5881 3125 5881 3091 5881 3091 5882 3125 5882 3090 5882 3125 5883 3126 5883 3090 5883 3090 5884 3126 5884 3089 5884 3126 5885 3127 5885 3089 5885 3089 5886 3127 5886 3088 5886 3128 5887 221 5887 3129 5887 3130 5888 3131 5888 3132 5888 3086 5889 3133 5889 3085 5889 3133 5890 3134 5890 3085 5890 3085 5891 3134 5891 3084 5891 3134 5892 3135 5892 3084 5892 3084 5893 3135 5893 3083 5893 3135 5894 3136 5894 3083 5894 3083 5895 3136 5895 3082 5895 3136 5896 3137 5896 3082 5896 3082 5897 3137 5897 3081 5897 3137 5898 3138 5898 3081 5898 3081 5899 3138 5899 3080 5899 3138 5900 3139 5900 3080 5900 3080 5901 3139 5901 3079 5901 3139 5902 3140 5902 3079 5902 3079 5903 3140 5903 3078 5903 3140 5904 3141 5904 3078 5904 3078 5905 3141 5905 3077 5905 3141 5906 3142 5906 3077 5906 3077 5907 3142 5907 3076 5907 3142 5908 3143 5908 3076 5908 3076 5909 3143 5909 3075 5909 3143 5910 3144 5910 3075 5910 3075 5911 3144 5911 737 5911 3128 5912 1826 5912 221 5912 3129 5913 3130 5913 3128 5913 3130 5914 3132 5914 3128 5914 3128 5915 3132 5915 1826 5915 3132 5916 2067 5916 1826 5916 1826 5917 2067 5917 1825 5917 2067 5918 2068 5918 1825 5918 1825 5919 2068 5919 1823 5919 2068 5920 2069 5920 1823 5920 1823 5921 2069 5921 1822 5921 2069 5922 2142 5922 1822 5922 1822 5923 2142 5923 1824 5923 2142 5924 2260 5924 1824 5924 1824 5925 2260 5925 221 5925 1813 5926 1815 5926 3145 5926 1815 5927 3146 5927 3145 5927 3145 5928 3146 5928 3147 5928 3146 5929 3148 5929 3147 5929 3147 5930 3148 5930 3149 5930 1814 5931 2147 5931 1815 5931 2147 5932 3150 5932 1815 5932 1815 5933 3150 5933 3146 5933 3150 5934 3151 5934 3146 5934 3146 5935 3151 5935 3148 5935 3133 5936 2070 5936 3134 5936 2070 5937 2072 5937 3134 5937 3134 5938 2072 5938 3135 5938 2072 5939 2074 5939 3135 5939 3135 5940 2074 5940 3136 5940 2074 5941 2076 5941 3136 5941 3136 5942 2076 5942 3137 5942 2076 5943 2078 5943 3137 5943 3137 5944 2078 5944 3138 5944 2078 5945 2080 5945 3138 5945 3138 5946 2080 5946 3139 5946 2080 5947 2082 5947 3139 5947 3139 5948 2082 5948 3140 5948 2082 5949 2084 5949 3140 5949 3140 5950 2084 5950 3141 5950 2084 5951 2086 5951 3141 5951 3141 5952 2086 5952 3142 5952 2086 5953 2067 5953 3142 5953 3142 5954 2067 5954 3143 5954 2067 5955 3132 5955 3143 5955 3143 5956 3132 5956 3144 5956 3132 5957 3131 5957 3144 5957 3144 5958 3131 5958 737 5958 3131 5959 3130 5959 737 5959 737 5960 3130 5960 3003 5960 3130 5961 3129 5961 3003 5961 3003 5962 3129 5962 221 5962 1 5963 1890 5963 3112 5963 1890 5964 3152 5964 3112 5964 3112 5965 3152 5965 3153 5965 3153 5966 1717 5966 3112 5966 1717 5967 1719 5967 3112 5967 3112 5968 1719 5968 3111 5968 1719 5969 3113 5969 3111 5969 3111 5970 3113 5970 3110 5970 3113 5971 3102 5971 3110 5971 3110 5972 3102 5972 3109 5972 3102 5973 3074 5973 3109 5973 3109 5974 3074 5974 3108 5974 3074 5975 3049 5975 3108 5975 3108 5976 3049 5976 3107 5976 3049 5977 3046 5977 3107 5977 3107 5978 3046 5978 843 5978 3046 5979 841 5979 843 5979 3154 5980 3155 5980 3156 5980 3155 5981 3157 5981 3156 5981 3156 5982 3157 5982 3158 5982 3157 5983 3159 5983 3158 5983 3158 5984 3159 5984 3160 5984 3159 5985 3161 5985 3160 5985 3160 5986 3161 5986 3162 5986 3161 5987 3163 5987 3162 5987 3162 5988 3163 5988 3164 5988 1718 5989 3154 5989 1719 5989 3154 5990 3156 5990 1719 5990 1719 5991 3156 5991 3113 5991 3156 5992 3158 5992 3113 5992 3113 5993 3158 5993 3114 5993 3158 5994 3160 5994 3114 5994 3114 5995 3160 5995 3115 5995 3160 5996 3162 5996 3115 5996 3115 5997 3162 5997 3116 5997 3162 5998 3164 5998 3116 5998 3116 5999 3164 5999 3117 5999 3164 6000 3165 6000 3117 6000 3117 6001 3165 6001 3118 6001 3165 6002 3166 6002 3118 6002 3118 6003 3166 6003 3119 6003 3166 6004 3167 6004 3119 6004 3119 6005 3167 6005 3120 6005 3167 6006 3168 6006 3120 6006 3120 6007 3168 6007 3121 6007 3168 6008 3169 6008 3121 6008 3121 6009 3169 6009 3122 6009 3169 6010 3170 6010 3122 6010 3122 6011 3170 6011 3123 6011 3170 6012 3171 6012 3123 6012 3123 6013 3171 6013 3124 6013 3171 6014 3172 6014 3124 6014 3124 6015 3172 6015 3125 6015 3172 6016 3173 6016 3125 6016 3125 6017 3173 6017 3126 6017 3173 6018 3174 6018 3126 6018 3126 6019 3174 6019 3127 6019 3174 6020 3175 6020 3127 6020 3127 6021 3175 6021 3088 6021 3175 6022 3149 6022 3088 6022 3088 6023 3149 6023 3087 6023 3149 6024 3148 6024 3087 6024 3087 6025 3148 6025 3086 6025 3148 6026 3151 6026 3086 6026 3086 6027 3151 6027 3133 6027 3151 6028 3150 6028 3133 6028 3133 6029 3150 6029 2070 6029 3150 6030 2147 6030 2070 6030 2070 6031 2147 6031 2071 6031 2147 6032 2146 6032 2071 6032 2071 6033 2146 6033 2148 6033 1887 6034 3176 6034 1888 6034 3176 6035 3177 6035 1888 6035 1888 6036 3177 6036 1889 6036 3177 6037 3178 6037 1889 6037 1889 6038 3178 6038 1891 6038 3178 6039 3179 6039 1891 6039 1891 6040 3179 6040 1890 6040 3179 6041 3180 6041 1890 6041 1890 6042 3180 6042 3152 6042 149 6043 1884 6043 1885 6043 1884 6044 3181 6044 1885 6044 1885 6045 3181 6045 1886 6045 3181 6046 3182 6046 1886 6046 1886 6047 3182 6047 1887 6047 3182 6048 3183 6048 1887 6048 1887 6049 3183 6049 3176 6049 106 6050 1872 6050 1873 6050 1872 6051 3184 6051 1873 6051 1873 6052 3184 6052 1874 6052 3184 6053 3185 6053 1874 6053 1874 6054 3185 6054 1898 6054 3185 6055 3186 6055 1898 6055 1898 6056 3186 6056 1899 6056 3186 6057 3187 6057 1899 6057 1899 6058 3187 6058 3188 6058 3187 6059 3189 6059 3188 6059 3188 6060 3189 6060 3190 6060 3189 6061 3191 6061 3190 6061 3190 6062 3191 6062 3192 6062 3191 6063 3193 6063 3192 6063 3192 6064 3193 6064 3194 6064 3193 6065 3195 6065 3194 6065 3194 6066 3195 6066 2211 6066 3195 6067 3196 6067 2211 6067 2211 6068 3196 6068 2210 6068 3196 6069 3197 6069 2210 6069 2210 6070 3197 6070 2209 6070 3197 6071 3198 6071 2209 6071 2209 6072 3198 6072 2208 6072 3198 6073 3199 6073 2208 6073 2208 6074 3199 6074 2207 6074 1713 6075 1881 6075 140 6075 1881 6076 1897 6076 140 6076 140 6077 1897 6077 1882 6077 1897 6078 1899 6078 1882 6078 1882 6079 1899 6079 1883 6079 1899 6080 3188 6080 1883 6080 1883 6081 3188 6081 1884 6081 3188 6082 3190 6082 1884 6082 1884 6083 3190 6083 3181 6083 3190 6084 3192 6084 3181 6084 3181 6085 3192 6085 3182 6085 3192 6086 3194 6086 3182 6086 3182 6087 3194 6087 3183 6087 3194 6088 2211 6088 3183 6088 3183 6089 2211 6089 3176 6089 2211 6090 2188 6090 3176 6090 3176 6091 2188 6091 3177 6091 2188 6092 1808 6092 3177 6092 3177 6093 1808 6093 3178 6093 1808 6094 1807 6094 3178 6094 3178 6095 1807 6095 3179 6095 2207 6096 2212 6096 2184 6096 2212 6097 1804 6097 2184 6097 2184 6098 1804 6098 2185 6098 1804 6099 1806 6099 2185 6099 2185 6100 1806 6100 1809 6100 1806 6101 1810 6101 1809 6101 1809 6102 1810 6102 1807 6102 1810 6103 1812 6103 1807 6103 1807 6104 1812 6104 3179 6104 1812 6105 2108 6105 3179 6105 3179 6106 2108 6106 3180 6106 2108 6107 2110 6107 3180 6107 3180 6108 2110 6108 3152 6108 2110 6109 2112 6109 3152 6109 3152 6110 2112 6110 3153 6110 2112 6111 2114 6111 3153 6111 3153 6112 2114 6112 1717 6112 2114 6113 2116 6113 1717 6113 1717 6114 2116 6114 1718 6114 2116 6115 2118 6115 1718 6115 1718 6116 2118 6116 3154 6116 2118 6117 2120 6117 3154 6117 3154 6118 2120 6118 3155 6118 2120 6119 2122 6119 3155 6119 3155 6120 2122 6120 3157 6120 2122 6121 2124 6121 3157 6121 3157 6122 2124 6122 3159 6122 2124 6123 2126 6123 3159 6123 3159 6124 2126 6124 3161 6124 2126 6125 2128 6125 3161 6125 3161 6126 2128 6126 3163 6126 2128 6127 2130 6127 3163 6127 3163 6128 2130 6128 3164 6128 2130 6129 2132 6129 3164 6129 3164 6130 2132 6130 3165 6130 2132 6131 2134 6131 3165 6131 3165 6132 2134 6132 3166 6132 2134 6133 2136 6133 3166 6133 3166 6134 2136 6134 3167 6134 2136 6135 2107 6135 3167 6135 3167 6136 2107 6136 3168 6136 2107 6137 2106 6137 3168 6137 3168 6138 2106 6138 3169 6138 2106 6139 2104 6139 3169 6139 3169 6140 2104 6140 3170 6140 2104 6141 2102 6141 3170 6141 3170 6142 2102 6142 3171 6142 2102 6143 2100 6143 3171 6143 3171 6144 2100 6144 3172 6144 2100 6145 2098 6145 3172 6145 3172 6146 2098 6146 3173 6146 2098 6147 2096 6147 3173 6147 3173 6148 2096 6148 3174 6148 2096 6149 2094 6149 3174 6149 3174 6150 2094 6150 3175 6150 2094 6151 2092 6151 3175 6151 3175 6152 2092 6152 3149 6152 2092 6153 2090 6153 3149 6153 3149 6154 2090 6154 3147 6154 2090 6155 2089 6155 3147 6155 3147 6156 2089 6156 3145 6156 2089 6157 2157 6157 3145 6157 3145 6158 2157 6158 1813 6158 1610 6159 1608 6159 2969 6159 1608 6160 2882 6160 2969 6160 2969 6161 2882 6161 2967 6161 2882 6162 2901 6162 2967 6162 2967 6163 2901 6163 2965 6163 2901 6164 2900 6164 2965 6164 2965 6165 2900 6165 2963 6165 2900 6166 2899 6166 2963 6166 2963 6167 2899 6167 2961 6167 2899 6168 2898 6168 2961 6168 2961 6169 2898 6169 2959 6169 2898 6170 2897 6170 2959 6170 2959 6171 2897 6171 2957 6171 2897 6172 2896 6172 2957 6172 2957 6173 2896 6173 2955 6173 2896 6174 2895 6174 2955 6174 2955 6175 2895 6175 2813 6175 2895 6176 2894 6176 2813 6176 2813 6177 2894 6177 2811 6177 2894 6178 2893 6178 2811 6178 2811 6179 2893 6179 2809 6179 2893 6180 2892 6180 2809 6180 2809 6181 2892 6181 2807 6181 2892 6182 2891 6182 2807 6182 2807 6183 2891 6183 2805 6183 2891 6184 1757 6184 2805 6184 2805 6185 1757 6185 2804 6185 1757 6186 1756 6186 2804 6186 2804 6187 1756 6187 2803 6187 1756 6188 2708 6188 2803 6188 2803 6189 2708 6189 2802 6189 2708 6190 2707 6190 2802 6190 2802 6191 2707 6191 2801 6191 2707 6192 2697 6192 2801 6192 2801 6193 2697 6193 2800 6193 2697 6194 2696 6194 2800 6194 2800 6195 2696 6195 2799 6195 2696 6196 2679 6196 2799 6196 2799 6197 2679 6197 2798 6197 2679 6198 2677 6198 2798 6198 2798 6199 2677 6199 2797 6199 2677 6200 2676 6200 2797 6200 2797 6201 2676 6201 2796 6201 2676 6202 2686 6202 2796 6202 2796 6203 2686 6203 2795 6203 2686 6204 2623 6204 2795 6204 2795 6205 2623 6205 2794 6205 2623 6206 2621 6206 2794 6206 2794 6207 2621 6207 1764 6207 2621 6208 2593 6208 1764 6208 1764 6209 2593 6209 1765 6209 2593 6210 2612 6210 1765 6210 1765 6211 2612 6211 1767 6211 2612 6212 2611 6212 1767 6212 1767 6213 2611 6213 2645 6213 2611 6214 2610 6214 2645 6214 2645 6215 2610 6215 2591 6215 2610 6216 2609 6216 2591 6216 2591 6217 2609 6217 1769 6217 2609 6218 2608 6218 1769 6218 1769 6219 2608 6219 1770 6219 2608 6220 2607 6220 1770 6220 1770 6221 2607 6221 2758 6221 2607 6222 1791 6222 2758 6222 2758 6223 1791 6223 2759 6223 1791 6224 1793 6224 2759 6224 127 6225 1871 6225 1872 6225 1871 6226 2989 6226 1872 6226 1872 6227 2989 6227 3184 6227 2989 6228 2988 6228 3184 6228 3184 6229 2988 6229 3185 6229 2988 6230 2987 6230 3185 6230 3185 6231 2987 6231 3186 6231 2987 6232 2986 6232 3186 6232 3186 6233 2986 6233 3187 6233 2986 6234 2985 6234 3187 6234 3187 6235 2985 6235 3189 6235 2985 6236 2984 6236 3189 6236 3189 6237 2984 6237 3191 6237 2984 6238 2983 6238 3191 6238 3191 6239 2983 6239 3193 6239 2983 6240 2982 6240 3193 6240 3193 6241 2982 6241 3195 6241 2982 6242 2981 6242 3195 6242 3195 6243 2981 6243 3196 6243 2981 6244 2980 6244 3196 6244 3196 6245 2980 6245 3197 6245 2980 6246 2979 6246 3197 6246 3197 6247 2979 6247 3198 6247 2979 6248 2978 6248 3198 6248 3198 6249 2978 6249 3199 6249 2978 6250 2977 6250 3199 6250 3199 6251 2977 6251 2207 6251 2977 6252 2722 6252 2207 6252 2207 6253 2722 6253 2212 6253 2722 6254 2723 6254 2212 6254 2212 6255 2723 6255 2213 6255 2723 6256 2724 6256 2213 6256 2213 6257 2724 6257 2214 6257 2724 6258 2725 6258 2214 6258 2214 6259 2725 6259 2215 6259 2725 6260 2727 6260 2215 6260 2215 6261 2727 6261 2216 6261 2727 6262 2729 6262 2216 6262 2216 6263 2729 6263 2217 6263 2729 6264 2731 6264 2217 6264 2217 6265 2731 6265 2218 6265 2731 6266 2733 6266 2218 6266 2218 6267 2733 6267 2219 6267 2733 6268 2735 6268 2219 6268 2219 6269 2735 6269 2220 6269 2735 6270 2737 6270 2220 6270 2220 6271 2737 6271 2221 6271 2737 6272 2739 6272 2221 6272 2221 6273 2739 6273 2222 6273 2739 6274 2741 6274 2222 6274 2222 6275 2741 6275 2223 6275 2741 6276 2743 6276 2223 6276 2223 6277 2743 6277 2224 6277 2743 6278 2745 6278 2224 6278 2224 6279 2745 6279 2225 6279 2745 6280 2747 6280 2225 6280 2225 6281 2747 6281 2226 6281 2747 6282 2749 6282 2226 6282 2226 6283 2749 6283 2227 6283 2749 6284 2751 6284 2227 6284 2227 6285 2751 6285 2228 6285 2751 6286 2753 6286 2228 6286 2228 6287 2753 6287 2229 6287 2753 6288 2755 6288 2229 6288 2229 6289 2755 6289 2230 6289 2755 6290 2757 6290 2230 6290 2230 6291 2757 6291 2231 6291 2757 6292 2759 6292 2231 6292 2231 6293 2759 6293 2232 6293 2759 6294 1793 6294 2232 6294 2232 6295 1793 6295 2165 6295 1793 6296 2301 6296 2165 6296 2165 6297 2301 6297 2164 6297 2301 6298 2300 6298 2164 6298 2164 6299 2300 6299 2163 6299 2300 6300 2298 6300 2163 6300 2163 6301 2298 6301 2162 6301 2298 6302 2297 6302 2162 6302 2162 6303 2297 6303 2161 6303 2297 6304 2304 6304 2161 6304 2161 6305 2304 6305 2160 6305 2304 6306 2306 6306 2160 6306 2160 6307 2306 6307 2159 6307 2306 6308 2308 6308 2159 6308 2159 6309 2308 6309 2158 6309 2308 6310 2310 6310 2158 6310 2158 6311 2310 6311 2157 6311 2310 6312 1795 6312 2157 6312 2157 6313 1795 6313 1813 6313 1795 6314 1794 6314 1813 6314 1813 6315 1794 6315 1814 6315 1794 6316 2287 6316 1814 6316 1814 6317 2287 6317 2146 6317 2287 6318 2285 6318 2146 6318 2146 6319 2285 6319 2148 6319 2285 6320 1798 6320 2148 6320 2148 6321 1798 6321 2149 6321 1798 6322 1797 6322 2149 6322 2149 6323 1797 6323 2150 6323 1797 6324 2283 6324 2150 6324 2150 6325 2283 6325 2151 6325 2283 6326 2291 6326 2151 6326 2151 6327 2291 6327 2152 6327 2291 6328 2293 6328 2152 6328 2152 6329 2293 6329 2153 6329 2293 6330 2295 6330 2153 6330 2153 6331 2295 6331 2154 6331 2295 6332 1801 6332 2154 6332 2154 6333 1801 6333 2155 6333 1801 6334 1800 6334 2155 6334 2155 6335 1800 6335 2278 6335 1800 6336 2352 6336 2278 6336 2278 6337 2352 6337 2282 6337 2352 6338 2349 6338 2282 6338 2282 6339 2349 6339 2420 6339 2349 6340 2348 6340 2420 6340 2420 6341 2348 6341 2422 6341 2348 6342 886 6342 2422 6342 2422 6343 886 6343 2423 6343 886 6344 2525 6344 2423 6344 2423 6345 2525 6345 2523 6345 2525 6346 884 6346 2523 6346 2523 6347 884 6347 883 6347</p>
        </triangles>
      </mesh>
    </geometry>
  </library_geometries>
  <library_visual_scenes>
    <visual_scene id="DefaultScene">
      <node id="node_0bb0ecd4_cd62_41f8_90ec_20efa6f17575" type="NODE">
        <matrix>1 0 0 0 0 1 0 0 0 0 1 0 0 0 0 1</matrix>
        <node id="node_d0db03f1_524e_49cd_b8be_785bede98b70" type="NODE">
          <matrix>1 0 0 0 0 1 0 0 0 0 1 0 0 0 0 1</matrix>
          <node id="node_d0db03f1_524e_49cd_b8be_785bede98b70_mesh0" type="NODE">
            <matrix>1 0 0 0 0 1 0 0 0 0 1 0 0 0 0 1</matrix>
            <instance_geometry url="#geometry_b0c1e87e_30d9_4ec2_8fc7_b071e85e60cd">
              <bind_material>
                <technique_common>
                  <instance_material symbol="mat_0" target="#mat_0"/>
                </technique_common>
              </bind_material>
            </instance_geometry>
          </node>
        </node>
      </node>
    </visual_scene>
  </library_visual_scenes>
  <scene>
    <instance_visual_scene url="#DefaultScene"/>
  </scene>
</COLLADA>
