<?xml version="1.0" encoding="UTF-8"?>
<COLLADA xmlns="http://www.collada.org/2005/11/COLLADASchema" version="1.4.1">
<!--
# File generated by ImageToStl.com - Free Image and 3D model conversion tools
-->
  <asset>
    <contributor>
      <author>ImageToStl.com</author>
      <authoring_tool>ImageToStl.com</authoring_tool>
    </contributor>
    <created>2026-03-22T02:15:53</created>
    <modified>2026-03-22T02:15:53</modified>
    <up_axis>Z_UP</up_axis>
  </asset>
  <library_effects>
    <effect id="effect_0">
        <profile_COMMON>
          <technique sid="common">
            <phong>
              <diffuse>
                <color>0.85 0.85 0.85 1</color>
              </diffuse>
              <specular>
                <color>0.05 0.05 0.05 1</color>
              </specular>
              <shininess>
                <float>64</float>
              </shininess>
            </phong>
          </technique>
        </profile_COMMON>
    </effect>
  </library_effects>
  <library_materials>
    <material id="mat_0">
      <instance_effect url="#effect_0"/>
    </material>
  </library_materials>
  <library_geometries>
    <geometry id="geometry_4e977798_6371_4306_9708_be68644915ad">
      <mesh>
        <source id="pos_0">
          <float_array id="pos_0-array" count="18663">-957.15148926 -4.52716637 38.88285446 -964.38781738 -2.60721517 37.01442719 -964.3815918 -2.61520076 37.0160408 -949.77935791 -5.28421402 40.78633499 -949.77935791 5.28421402 40.78633499 -953.46557617 -4.90767574 39.83454514 -953.46557617 4.90767574 39.83454514 -957.15148926 4.52716637 38.88285446 -964.37939453 -2.61973095 37.01661301 -964.37799072 -2.62501764 37.01696014 -964.37786865 -2.62768841 37.01700592 -964.85119629 -2.47914195 36.89479065 -964.58117676 -2.53228092 36.96449661 -964.3782959 2.62343335 37.01689529 -964.37786865 2.62768841 37.01700592 -964.53820801 -2.54333687 36.97559738 -964.50909424 -2.55165243 36.98312759 -964.40777588 -2.5919683 37.00926971 -964.37988281 2.6184392 37.01647568 -964.38348389 2.61235189 37.01555252 -967.20770264 -2.23568606 36.28633499 -964.39080811 2.60434055 37.01366425 -964.40637207 2.592839 37.00963593 -964.46276855 2.56692123 36.99509048 -964.53839111 2.54329276 36.97555542 -964.5713501 2.53470731 36.96704102 -964.74707031 2.49738145 36.92167664 -967.20770264 2.23568606 36.28633499 -963.20031738 -3.96073842 63.25162888 -967.20770264 -3.51928234 64.28633881 -967.20770264 3.51928234 64.28633881 -965.03039551 3.75726581 63.72412872 -962.85339355 3.99933767 63.16204453 -959.8480835 -4.32824039 62.38608551 -958.49816895 4.4710269 62.03754425 -956.49389648 -4.67617369 61.52003479 -954.14013672 4.90704727 60.91228485 -949.77935791 -5.31339836 59.78633499 -949.77935791 5.31339836 59.78633499 -971.43060303 2.13090277 54.15306854 -971.43048096 2.13336301 54.15348434 -971.42132568 2.1392436 54.20414352 -971.72161865 1.99096465 51.85985565 -971.76367188 -1.9790374 51.10543823 -971.77862549 1.96996355 50.11777496 -971.77874756 -1.97006547 50.13432693 -971.76947021 1.96765614 49.63678741 -971.76947021 -1.96765614 49.63678741 -971.66534424 1.96778262 48.07581711 -971.66802979 -1.96769643 48.10157776 -971.58673096 1.97088373 47.41271973 -971.60229492 -1.97020423 47.53184509 -971.36206055 1.98215175 46.05684662 -971.24407959 -1.98861814 45.49607086 -971.16986084 1.99277794 45.1747818 -971.16986084 -1.99277794 45.17478943 -970.82855225 2.01242471 43.90162277 -970.70098877 -2.01989245 43.48698425 -970.49822998 2.03185773 42.8751564 -970.49822998 -2.03185773 42.87516403 -970.08343506 2.05657554 41.75936508 -969.9798584 -2.0627861 41.50296402 -969.52880859 2.09002209 40.46355438 -969.52880859 -2.09002209 40.4635582 -969.12573242 2.11460114 39.62017441 -969.0869751 -2.11697817 39.5425415 -968.3494873 2.16268659 38.15986633 -968.19116211 -2.17262959 37.88318253 -967.87438965 -2.19268513 37.34731674 -971.4307251 2.12909436 54.15223694 -971.43084717 -2.12818789 54.15164185 -971.43121338 -2.12577724 54.14951706 -971.43048096 -2.13336301 54.15348434 -971.43060303 -2.13097453 54.15309143 -971.42132568 -2.1392436 54.20414352 -971.43066406 -2.12986636 54.15264511 -971.4510498 2.09381247 54.03780746 -971.43933105 2.10713625 54.10416412 -971.43225098 -2.12146044 54.14363098 -971.51293945 2.05626273 53.66578293 -971.48522949 2.06995177 53.83693695 -971.43463135 -2.11531234 54.13053131 -971.69714355 1.99738443 52.16337967 -971.44604492 -2.0988462 54.06642151 -971.46563721 -2.08212805 53.95358276 -971.48266602 -2.07140827 53.85256195 -971.50726318 -2.05883956 53.70153046 -971.54205322 -2.04428983 53.47566223 -971.58966064 -2.02779412 53.13774872 -971.65093994 -2.0097456 52.63210297 -971.72161865 -1.99096537 51.85988998 -971.43334961 2.11832523 54.13765335 -971.43164062 2.1238277 54.14719009 -971.43103027 2.12674665 54.15047073 -970.9017334 2.42511582 56.42025375 -970.9017334 -2.42511582 56.42025375 -970.10461426 2.78765464 58.75982285 -970.10461426 -2.78765464 58.75982285 -968.96026611 3.24798036 61.28001022 -968.96026611 -3.24798036 61.28001022 -968.66101074 3.36191607 61.84894562 -968.66101074 -3.36191607 61.84894562 -968.50604248 3.37773585 62.1326828 -967.38311768 -3.49934649 64.01509094 -949.77935791 -5.49629116 246.41282654 -949.77935791 -5.49808359 245.83934021 -949.77935791 5.49802399 245.26766968 -949.77935791 5.49718761 239.21073914 -949.77935791 -5.49754 241.45852661 -949.77935791 5.49461412 227.58319092 -949.77935791 -5.4946146 227.58456421 -949.77935791 5.48808765 209.02296448 -949.77935791 5.47457695 246.78671265 -949.77935791 5.4544363 246.97424316 -949.77935791 -5.20582628 248.07669067 -949.77935791 5.39669466 108.18750763 -949.77935791 5.4355607 138.35757446 -949.77935791 -5.4459753 148.33590698 -949.77935791 -5.4886775 210.41764832 -949.77935791 -5.4831953 198.64828491 -949.77935791 5.46393871 168.72836304 -949.77935791 5.44628286 148.64743042 -949.77935791 5.35760021 247.53042603 -949.77935791 5.266747 247.88168335 -949.77935791 5.20636797 248.07507324 -949.77935791 -5.35564327 247.53909302 -949.77935791 -5.45321798 246.98400879 -949.77935791 -5.48634815 246.63487244 -949.77935791 -5.32149839 64.30810547 -949.77935791 5.3215189 64.31941986 -949.77935791 -5.34753656 78.58729553 -949.77935791 5.34761715 78.63188934 -949.77935791 -5.39653158 108.07744598 -949.77935791 -5.40965509 117.29505157 -949.77935791 5.13335848 248.28155518 -949.77935791 4.99958372 248.60639954 -949.77935791 4.91983557 248.77636719 -949.77935791 4.3386817 249.7164917 -949.77935791 -4.64834023 249.26722717 -949.77935791 4.56178331 249.40249634 -949.77935791 4.65294981 249.25976562 -949.77935791 -4.77972603 249.04402161 -949.77935791 -4.91673517 248.78268433 -949.77935791 -4.9706831 248.66970825 -949.77935791 -5.266747 247.88168335 -949.77935791 2.76495838 251.11607361 -949.77935791 2.52688241 251.24916077 -949.77935791 4.77972603 249.04402161 -949.77935791 -5.13905478 248.2663269 -949.77935791 2.33539033 251.3453064 -949.77935791 2.02101612 251.48335266 -949.77935791 1.84592652 251.5501709 -949.77935791 -4.19193077 249.90049744 -949.77935791 -4.33620882 249.71972656 -949.77935791 -4.56178331 249.40249634 -949.77935791 4.31815243 249.74320984 -949.77935791 3.97662449 250.1441803 -949.77935791 3.83817196 250.28660583 -949.77935791 -3.41166377 250.66781616 -949.77935791 -3.81787276 250.30664062 -949.77935791 -4.05012798 250.06422424 -949.77935791 -2.27187252 251.37513733 -949.77935791 1.63068914 251.62297058 -949.77935791 -2.02101612 251.48335266 -949.77935791 1.33506572 251.70704651 -949.77935791 0.80233896 251.81451416 -949.77935791 0.57347447 251.84393311 -949.77935791 -1.77558923 251.57505798 -949.77935791 -1.26322138 251.72480774 -949.77935791 -2.7541275 251.12245178 -949.77935791 -2.97416067 250.98574829 -949.77935791 -3.11450505 250.89079285 -949.77935791 3.43749928 250.64689636 -949.77935791 3.00038433 250.9684906 -949.77935791 -1.02250528 251.77677917 -949.77935791 0.04462759 251.87445068 -949.77935791 -0.4865815 251.85253906 -989.70300293 0.82024002 244.44064331 -989.70574951 -0 244.57717896 -989.67266846 -0 246.93856812 -989.64019775 2.62254906 243.78253174 -989.66229248 2.58220196 242.61299133 -989.68121338 2.17208934 243.41638184 -989.5894165 2.88462019 244.54466248 -989.58892822 2.89542389 244.81159973 -989.58123779 2.89542389 244.56201172 -989.56658936 2.87381625 243.52763367 -989.56536865 2.88462019 243.79429626 -989.52856445 2.88462019 242.77435303 -989.58905029 2.90622783 245.07621765 -989.58972168 2.91703153 245.33854675 -989.58184814 2.91703153 245.08724976 -989.26977539 2.87381625 237.10891724 -989.26403809 2.89542389 237.59788513 -989.1237793 2.89542389 235.28053284 -989.63287354 2.76376295 247.59225464 -989.6270752 2.74358964 247.07575989 -989.64807129 2.30784512 247.92599487 -988.66375732 2.80899334 226.10827637 -988.62432861 2.85220861 227.01112366 -988.19824219 2.85220861 221.79566956 -988.67285156 3.08989263 232.69543457 -988.67712402 3.10069656 232.87001038 -988.56488037 3.10069656 231.52378845 -989.87719727 2.51147842 253.54563904 -989.76306152 2.44360065 251.83277893 -989.77984619 1.76244295 252.53198242 -989.77783203 3.08133578 251.29605103 -989.79217529 2.94532418 251.80200195 -989.8527832 2.98567104 252.62657166 -989.78656006 3.17509675 251.04544067 -989.80169678 3.1858964 251.24671936 -989.79724121 3.18712711 251.11120605 -989.78369141 3.19793105 250.48634338 -989.84698486 3.24114633 251.2441864 -989.82507324 3.24114633 250.68179321 -989.71478271 3.19793105 248.80189514 -989.77630615 3.24114633 249.54016113 -989.74951172 3.24114633 248.96102905 -990.16271973 3.20757914 256.43032837 -990.14569092 3.18740559 256.13562012 -990.17321777 2.68117285 257.11065674 -990.02197266 3.33709145 253.79624939 -990.01220703 3.32042718 253.77101135 -990.0267334 3.33120799 253.93695068 -990.0168457 3.30984902 253.91065979 -990.00750732 3.3262918 253.63072205 -990.01708984 3.33838058 253.65504456 -990.10858154 3.31349111 255.29060364 -990.125 3.16723204 255.83067322 -990.08825684 3.34807491 254.85754395 -990.07611084 3.33737826 254.70101929 -990.08496094 3.29238629 254.97850037 -989.97155762 3.39239979 251.80419922 -989.98150635 3.40320349 251.94692993 -989.95227051 3.40320349 251.34375 -989.69104004 3.24114633 247.78637695 -989.75109863 3.28436136 248.46455383 -989.68469238 3.28436136 247.25543213 -989.15222168 3.18712711 239.49397278 -989.16357422 3.19793105 239.66014099 -989.11529541 3.19793105 239.01054382 -989.10418701 3.18712711 238.8460083 -989.06567383 3.19793105 238.35617065 -989.73999023 3.32757664 247.88035583 -989.71295166 3.305969 247.57292175 -989.7802124 3.305969 248.78848267 -989.92126465 3.40320349 250.73516846 -989.93005371 3.41400743 250.87216187 -989.89709473 3.41400743 250.2565918 -989.88848877 3.40320349 250.12113953 -989.86242676 3.41400743 249.63565063 -989.85406494 3.40320349 249.50177002 -989.8260498 3.41400743 249.00939941 -989.77996826 3.40320349 248.24713135 -989.78796387 3.41400743 248.37789917 -989.74816895 3.41400743 247.74118042 -989.69909668 3.40320349 246.97164917 -989.70672607 3.41400743 247.0993042 -989.66357422 3.41400743 246.45231628 -989.51043701 3.39239979 244.23573303 -989.5244751 3.41400743 244.48117065 -989.47497559 3.41400743 243.81422424 -989.30493164 3.39239979 241.55122375 -989.31677246 3.41400743 241.78436279 -989.26098633 3.41400743 241.09822083 -989.05487061 3.18712711 238.19329834 -989.01470947 3.19793105 237.6971283 -989.00421143 3.18712711 237.53590393 -988.96234131 3.19793105 237.03343201 -988.95220947 3.18712711 236.87388611 -988.90869141 3.19793105 236.36514282 -988.89892578 3.18712711 236.20724487 -988.85375977 3.19793105 235.69229126 -988.79754639 3.19793105 235.01495361 -988.74005127 3.19793105 234.33317566 -988.73126221 3.18712711 234.18025208 -988.68127441 3.19793105 233.64697266 -988.62115479 3.19793105 232.95643616 -988.61315918 3.18712711 232.80683899 -988.55993652 3.19793105 232.26159668 -988.49743652 3.19793105 231.5625 -988.49023438 3.18712711 231.41622925 -988.43377686 3.19793105 230.85919189 -988.36889648 3.19793105 230.1517334 -988.36242676 3.18712711 230.00878906 -988.22998047 3.18712711 228.58493042 -988.2355957 3.19793105 228.72451782 -988.09765625 3.19793105 227.28128052 -988.08081055 3.15471554 226.72227478 -988.08850098 3.17632341 227.00645447 -987.94787598 3.17632341 225.55426025 -989.24969482 3.39239979 240.8681488 -989.14483643 3.41400743 239.71200562 -986.99121094 2.98185468 212.6083374 -986.94525146 3.02506971 213.19503784 -986.29718018 3.02506971 207.0703125 -984.69470215 3.11150026 195.04629517 -983.88952637 3.11150026 188.3558197 -984.10620117 3.02506971 187.75161743 -982.20404053 3.11150026 174.70014954 -986.84863281 3.17632341 214.98384094 -986.84216309 3.19793105 215.20492554 -986.49005127 3.19793105 212.05284119 -984.54553223 3.19793105 195.65077209 -984.40924072 3.28436136 196.135849 -983.51965332 3.28436136 189.22979736 -990.13690186 1.07656503 260.96994019 -990.14129639 -0 261.14553833 -990.0958252 -0 261.35177612 -989.95544434 3.4572227 251.39501953 -989.98724365 3.4572227 252.01144409 -989.99365234 3.4788301 252.26083374 -990.20361328 2.71511173 257.70095825 -990.22381592 1.95827007 258.47076416 -990.23614502 1.98274851 259.02890015 -990.24859619 1.03811634 259.5239563 -990.21337891 2.76602006 258.50985718 -990.23419189 1.99498749 259.29266357 -990.22613525 2.00722671 259.54620361 -990.14971924 3.48213649 255.99238586 -990.14764404 3.47135568 255.86212158 -990.16674805 3.39791131 256.43695068 -990.10302734 3.52204537 255.17744446 -990.09381104 3.54365301 255.40888977 -990.04101562 3.54365301 254.18960571 -990.11633301 3.5298593 257.49487305 -990.08666992 3.55112362 257.70437622 -990.08172607 3.57270622 257.55645752 -989.88641357 3.4572227 250.14602661 -989.92181396 3.4572227 250.77319336 -989.92755127 3.4788301 251.01637268 -989.85430908 3.4788301 249.75059509 -989.85430908 3.50043774 249.97758484 -989.77325439 3.50043774 248.68478394 -989.75488281 3.54365301 249.0965271 -989.83734131 3.54365301 250.40144348 -989.81945801 3.56526089 250.59828186 -989.4442749 3.56526089 245.23396301 -989.64587402 3.56526089 247.9561615 -989.61968994 3.58686852 248.13113403 -989.82061768 3.69490671 256.74502563 -989.74603271 3.71651411 256.89538574 -989.62615967 3.71651411 254.33784485 -989.49822998 0.85148424 262.40692139 -989.49621582 1.12783003 262.32730103 -989.61431885 1.12142193 262.1932373 -989.49365234 1.39779329 262.22567749 -989.49047852 1.65978384 262.10241699 -989.60864258 1.65035331 261.96948242 -989.48681641 1.91233373 261.95825195 -989.48260498 2.15409708 261.7940979 -989.60070801 2.14185786 261.66271973 -989.4777832 2.38373017 261.61087036 -989.47241211 2.59988952 261.40942383 -989.59051514 2.58511734 261.27999878 -989.46643066 2.80123496 261.19076538 -989.45996094 2.98662305 260.95602417 -989.57818604 2.96965361 260.82885742 -989.45294189 3.15514374 260.70657349 -989.4453125 3.30589962 260.4437561 -989.56359863 3.28711605 260.31912231 -989.45861816 3.78133726 257.28585815 -989.33996582 3.8029449 257.39581299 -989.21789551 3.8029449 254.79095459 -989.41455078 3.68124294 259.4385376 -989.40960693 3.71448708 259.28662109 -989.52801514 3.69338179 259.16763306 -988.98626709 3.54365301 239.41160583 -989.23864746 3.54365301 242.27320862 -989.21563721 3.56526089 242.43481445 -988.55810547 3.6300838 236.97755432 -987.91455078 3.6300838 230.82514954 -988.01373291 3.58686852 230.63777161 -988.11260986 3.52204537 230.2872467 -988.08575439 3.54365301 230.4133606 -987.74133301 3.54365301 227.28642273 -987.37664795 3.54365301 224.10087585 -987.4375 3.50043774 223.88340759 -987.06030273 3.50043774 220.66401672 -987.29278564 3.58686852 224.28250122 -988.9888916 3.70490193 259.88931274 -989.14538574 3.68420434 259.79928589 -989.15472412 3.59087467 260.09680176 -986.94226074 3.37026715 261.42807007 -986.93463135 3.53130198 261.14981079 -987.5090332 3.49373484 261.13290405 -984.9276123 3.50043774 203.83909607 -984.82116699 3.54365301 203.92932129 -983.85516357 3.54365301 196.87637329 -984.54492188 3.6300838 204.01568604 -978.07678223 3.6300838 159.89057922 -976.90283203 3.8029449 158.91885376 -972.27697754 3.8029449 128.67240906 -967.83343506 4.49438953 151.96124268 -961.30682373 4.84011173 147.1673584 -958.64605713 4.84011173 116.0721817 -978.07678223 -3.6300838 159.89057922 -978.9798584 -3.4572227 160.53611755 -974.84521484 -3.4572227 131.41705322 -986.4296875 -2.93863916 205.98634338 -987.17626953 -2.85220861 210.65591431 -987.33752441 -2.76577806 209.20031738 -986.19042969 -2.76577806 197.54586792 -985.07556152 -2.93863916 193.48713684 -985.77105713 -2.93863916 199.8107605 -984.87115479 -3.02506971 194.32373047 -985.0848999 -3.11150026 198.34625244 -985.46569824 -3.11150026 201.61187744 -985.6036377 -3.02506971 200.77159119 -986.40246582 -3.37079215 213.40866089 -986.00036621 -3.37079215 210.10845947 -985.95513916 -3.41400743 210.3394165 -983.85516357 -3.54365301 196.87637329 -982.84643555 -3.54365301 189.70002747 -982.50671387 -3.6300838 189.63322449 -988.89086914 -2.76577806 227.61938477 -988.71130371 -2.76577806 225.17227173 -988.62432861 -2.85220861 227.01112366 -987.65155029 -3.15471554 222.34069824 -987.50018311 -3.15471554 220.85073853 -987.50054932 -3.17632341 221.10777283 -987.3470459 -3.32757664 221.09861755 -987.51831055 -3.32757664 222.65475464 -987.51464844 -3.28436136 222.25776672 -987.66931152 -3.43561506 225.06199646 -987.49304199 -3.43561506 223.48999023 -987.47875977 -3.4572227 223.63009644 -988.24743652 -3.21953869 228.99665833 -988.17822266 -3.21953869 228.27371216 -988.18981934 -3.24114633 228.53320312 -988.4085083 -3.15471554 230.26655579 -988.34527588 -3.15471554 229.56581116 -988.35632324 -3.17632341 229.86351013 -988.98339844 -3.21953869 237.34521484 -988.92901611 -3.21953869 236.67362976 -988.95001221 -3.24114633 236.97236633 -989.01470947 -3.19793105 237.6971283 -988.96234131 -3.19793105 237.03343201 -989.05487061 -3.18712711 238.19329834 -989.00421143 -3.18712711 237.53590393 -989.41467285 -2.80899334 237.76902771 -989.33892822 -2.85220861 237.72564697 -989.39532471 -2.85220861 238.82003784 -989.3269043 -2.89542389 238.7268219 -989.39068604 -2.98185468 241.75637817 -989.41918945 -2.98185468 242.31687927 -989.41394043 -2.9602468 241.84710693 -989.48626709 -2.93863916 242.99691772 -989.50872803 -2.93863916 243.5291748 -989.5067749 -2.91703153 243.02688599 -989.60144043 -2.84608054 243.97483826 -989.59423828 -2.85220861 243.73020935 -989.59210205 -2.86301255 244.00396729 -989.59368896 -2.99265838 246.59320068 -989.60223389 -2.99265838 246.8518219 -989.59753418 -2.98185468 246.6068573 -989.62164307 -3.01426601 247.59338379 -989.61328125 -3.01426601 247.33450317 -989.61975098 -3.02506971 247.57223511 -989.67254639 -3.10069656 248.90032959 -989.6630249 -3.10069656 248.63192749 -989.6741333 -3.11150026 248.84815979 -989.68798828 -3.08325386 249.47473145 -989.70343018 -3.01802063 249.9919281 -989.68347168 -2.99691558 249.53700256 -989.69714355 -2.86463022 250.03033447 -989.66424561 -2.82428336 249.08433533 -989.67230225 -0.87150502 249.01040649 -989.66314697 -1.66452956 248.58903503 -989.70227051 -1.71348631 250.63890076 -989.20001221 -3.1439116 240.07264709 -989.15588379 -3.1439116 239.44100952 -989.16589355 -3.15471554 239.6187439 -989.12017822 -3.15471554 238.98059082 -989.13043213 -3.16551924 239.15419006 -989.09344482 -3.17632341 238.67901611 -989.04443359 -3.17632341 238.02796936 -989.08306885 -3.16551924 238.509552 -989.35119629 -3.24114633 242.23976135 -989.30603027 -3.24114633 241.59811401 -989.35656738 -3.28436136 242.21159363 -989.43725586 -3.24114633 243.50817871 -989.3949585 -3.24114633 242.87646484 -989.44775391 -3.28436136 243.50286865 -989.51739502 -3.24114633 244.75643921 -989.47808838 -3.24114633 244.13485718 -989.53295898 -3.28436136 244.77418518 -989.66101074 -3.21953869 247.43211365 -989.62982178 -3.21953869 246.83995056 -989.65942383 -3.24114633 247.19094849 -989.57550049 -3.35998821 245.15254211 -989.53039551 -3.35998821 244.50325012 -989.54022217 -3.37079215 244.63621521 -989.37994385 -3.43561506 242.69212341 -989.32513428 -3.43561506 242.00769043 -989.32946777 -3.4572227 242.22119141 -989.49328613 -3.37079215 243.9803772 -989.50219727 -3.38159585 244.10929871 -989.71795654 -3.12109852 250.0007782 -989.71368408 -3.1223042 249.86772156 -989.72625732 -3.1331079 250.08135986 -989.79083252 -3.16949868 251.18005371 -989.79510498 -3.15940118 251.31401062 -989.76593018 -3.1379087 250.90220642 -989.8380127 -3.12354589 252.11431885 -989.82995605 -3.16623068 251.84959412 -989.95947266 -3.25180435 253.35702515 -990.11065674 -3.406672 255.02705383 -990.10571289 -3.41268897 254.88356018 -990.11450195 -3.42348862 255.02870178 -989.27246094 -3.4572227 241.52902222 -989.27178955 -3.4788301 241.72973633 -988.11260986 -3.52204537 230.2872467 -988.08575439 -3.54365301 230.4133606 -988.40875244 -3.54365301 233.47859192 -989.14538574 -3.50043774 240.51055908 -989.01837158 -3.50043774 239.08222961 -989.00518799 -3.52204537 239.25175476 -988.92932129 -3.58686852 239.70233154 -989.18591309 -3.58686852 242.58666992 -989.21563721 -3.56526089 242.43481445 -989.5447998 -3.6300838 248.45127869 -989.10449219 -3.6300838 242.86108398 -988.99066162 -3.67329907 243.09645081 -989.96252441 -3.50043774 251.87748718 -989.92822266 -3.50043774 251.24949646 -989.92340088 -3.52204537 251.47253418 -990.02557373 -3.50043774 253.11729431 -989.99493408 -3.50043774 252.50009155 -989.99078369 -3.52204537 252.72926331 -990.15863037 -3.3768065 256.1656189 -990.13977051 -3.44979453 255.59394836 -990.14428711 -3.4605751 255.72929382 -990.00170898 -3.58686852 254.60968018 -989.94030762 -3.58686852 253.35621643 -989.90924072 -3.60847616 253.54501343 -990.14892578 -3.50852561 256.89981079 -990.14398193 -3.52477407 256.75314331 -990.12872314 -3.54626656 256.98141479 -990.20288086 -1.06374872 260.52877808 -990.20721436 -0 260.70245361 -990.24316406 -0 260.21859741 -990.02832031 -3.62868214 257.30331421 -990.02282715 -3.6300838 257.15151978 -989.9765625 -3.65169144 257.33685303 -989.9821167 -3.65028143 257.48944092 -989.92144775 -3.67329907 257.51205444 -989.94995117 -2.52602887 260.66061401 -989.9598999 -2.09290123 261.03555298 -990.02380371 -2.08066201 260.85336304 -990.0859375 -1.59376979 260.95834351 -990.09143066 -1.08297324 261.17523193 -990.13690186 -1.07656503 260.96994019 -989.97662354 -0.55413795 261.68869019 -989.9732666 -1.09578931 261.55529785 -989.89959717 -1.10219753 261.7300415 -989.48681641 -1.91233373 261.95825195 -989.49047852 -1.65978384 262.10241699 -989.60864258 -1.65035331 261.96948242 -989.2578125 -3.8163352 258.77172852 -989.11431885 -3.83789635 258.86743164 -989.12524414 -3.80803394 259.1829834 -989.28393555 -3.70215893 259.54812622 -989.2789917 -3.73559189 259.39541626 -989.13562012 -3.75669694 259.49414062 -988.64361572 -3.65139508 260.34088135 -988.44458008 -3.67156839 260.40200806 -988.45330811 -3.555197 260.6958313 -988.68182373 -2.88081551 261.68035889 -988.68786621 -2.67374992 261.90447998 -988.87219238 -2.65897775 261.82574463 -988.25506592 -3.2806325 261.30435181 -988.46917725 -3.26270533 261.24932861 -988.46154785 -3.41860056 260.97875977 -988.27478027 -2.70329404 262.03155518 -988.04492188 -2.71806622 262.0798645 -988.050354 -2.4920814 262.28927612 -987.53027344 -2.96039605 261.91659546 -987.52374268 -3.15631747 261.6703186 -986.94927979 -3.19025636 261.69219971 -995.47735596 -0.69144452 124.13777924 -996.44390869 -0.69144452 137.38652039 -1001.86767578 0 128.10943604 -995.15887451 -0.69144452 118.63610077 -997.72900391 -0.69144452 156.13691711 -997.8182373 -0.69144452 158.41061401 -997.41046143 -0.69144452 150.63523865 -999.87042236 -0.32277524 143.53199768 -999.86816406 -0.34497947 143.415802 -997.84777832 -0.39165401 159.76112366 -997.84979248 -0 159.89668274 -994.90899658 -1.21002793 182.57493591 -995.85406494 -1.03716683 174.79428101 -995.84985352 -1.03716683 174.60894775 -993.16107178 -1.55575013 197.7094574 -994.00787354 -1.38288903 190.22912598 -994.00201416 -1.38288903 189.98214722 -990.51312256 -2.24719477 224.54655457 -991.0402832 -2.07433367 218.26524353 -990.9932251 -2.07433367 216.74868774 -990.30566406 -2.33362532 228.15194702 -990.52923584 -2.24719477 225.14050293 -990.52410889 -2.24719477 224.94374084 -989.94915771 -2.50110102 234.05961609 -989.94335938 -2.50648642 233.8427887 -989.87145996 -2.54970169 235.19198608 -989.72131348 -2.6170249 239.73565674 -989.71539307 -2.65278792 239.51068115 -989.67584229 -2.69557476 240.73881531 -999.86816406 0.34497947 143.415802 -999.87042236 0.32277524 143.53199768 -997.84777832 0.39165401 159.76112366 -997.84527588 0.54302233 159.60217285 -992.4006958 1.56272399 205.99017334 -992.40313721 1.50268161 206.12086487 -991.08099365 1.80321789 220.01043701 -992.38592529 1.72489727 205.27235413 -991.67980957 1.89738703 212.29243469 -991.67584229 1.90147245 212.12620544 -988.83044434 2.67934752 223.20349121 -988.71130371 2.76577806 225.17227173 -988.30700684 2.76577806 220.08178711 -986.30786133 2.42005587 180.74684143 -984.91015625 2.76577806 185.31169128 -982.12750244 2.76577806 159.87709045 -981.82598877 2.42005587 134.84754944 -984.4553833 2.07433367 134.66937256 -986.24060059 2.07433367 154.7956543 -984.06695557 2.42005587 157.79718018 -979.34484863 2.76577806 134.44248962 -978.48852539 2.42005587 94.71369171 -981.79663086 2.07433367 99.59104919 -982.89813232 2.07433367 115.83665466 -975.94793701 2.76577806 99.6723938 -975.20050049 2.76577806 89.75714874 -974.71948242 2.76577806 81.00138092 -974.54925537 2.76577806 73.59832001 -981.37884521 2.07433367 87.22608948 -955.87384033 -5.18583393 172.9405365 -958.29071045 2.2633419 254.63703918 -958.29162598 1.90608168 254.79811096 -965.38745117 3.8029449 74.26892853 -971.13439941 3.11150026 66.78442383 -967.97253418 3.4572227 69.06078339 -955.39788818 4.84011173 71.60124969 -954.46966553 5.18583393 142.01574707 -953.06555176 5.18583393 111.09094238 -951.84063721 5.18583393 80.92459869 -958.26904297 4.96746635 251.36819458 -958.27185059 4.84162855 251.74942017 -958.2744751 4.68817234 252.11938477 -958.27697754 4.5080452 252.4760437 -958.27923584 4.30246878 252.81750488 -958.28137207 4.0726676 253.14196777 -958.28338623 3.81986594 253.44761658 -958.28515625 3.54530358 253.7325592 -958.2868042 3.25054097 253.99523926 -958.28826904 2.93740511 254.234375 -958.28955078 2.607728 254.44871521 -958.28955078 -2.607728 254.44871521 -958.29071045 -2.2633419 254.63703918 -958.29162598 -1.90608168 254.79811096 -958.29241943 -1.53795004 254.93096924 -958.29302979 -1.16111493 255.03504944 -958.29345703 -0.77773744 255.10990906 -958.29376221 -0.38997874 255.15515137 -958.29382324 -0 255.17034912 -958.29376221 0.38997874 255.15515137 -958.29345703 0.77773744 255.10990906 -958.29302979 1.16111493 255.03504944 -958.29241943 1.53795004 254.93096924 -958.28338623 -3.81986594 253.44761658 -958.28515625 -3.54530358 253.7325592 -958.2868042 -3.25054097 253.99523926 -958.28826904 -2.93740511 254.234375 -958.27923584 -4.30246878 252.81750488 -958.28137207 -4.0726676 253.14196777 -958.27697754 -4.5080452 252.4760437 -958.27185059 -4.84162855 251.74942017 -958.2744751 -4.68817234 252.11938477 -958.25970459 -5.17469168 250.17848206 -958.26300049 -5.13442802 250.58055115 -958.26611328 -5.06520987 250.97784424 -958.26904297 -4.96746635 251.36819458 -957.96520996 -5.18583393 231.75631714 -958.20788574 -5.18583393 245.275177 -958.24499512 -5.18583393 248.55490112 -951.84063721 -5.18583393 80.92459869 -955.39788818 -4.84011173 71.60124969 -963.17492676 -4.14866734 81.80741882 -961.95385742 -4.14866734 68.88318634 -967.97253418 -3.4572227 69.06078339 -974.54925537 -2.76577806 73.59832001 -981.48803711 2.07433367 92.84263611 -988.20843506 1.38288903 100.85387421 -988.60681152 1.72861135 151.06315613 -988.45898438 1.38288903 109.17366791 -995.47735596 0.69144452 124.13777924 -987.33752441 2.76577806 209.20031738 -987.74633789 2.59291697 205.94224548 -988.61737061 2.59291697 216.28083801 -988.98059082 2.59291697 221.11038208 -989.33105469 2.76577806 234.53193665 -989.05450439 2.76577806 229.99703979 -989.41809082 2.67934752 232.317276 -989.15582275 2.67934752 227.90328979 -989.53747559 2.59291697 229.97279358 -989.28894043 2.59291697 225.68218994 -989.64544678 2.42005587 220.88069153 -989.86816406 2.42005587 224.91773987 -989.68792725 2.50648642 227.50436401 -989.56951904 2.72256279 237.60401917 -989.47912598 2.72256279 235.56309509 -989.61193848 2.67934752 236.42160034 -989.52386475 2.67934752 234.40963745 -989.72113037 2.59291697 233.95881653 -989.67584229 2.69557476 240.73881531 -989.66949463 2.71671319 240.50688171 -989.68835449 2.69515204 239.89872742 -989.6628418 2.72256279 240.27258301 -989.6817627 2.70095515 239.66615295 -989.68151855 2.67934752 238.35021973 -989.64105225 2.72256279 239.56097412 -989.60766602 2.72256279 238.59318542 -989.75091553 2.63613224 237.79701233 -989.69604492 2.67934752 238.81898499 -989.80078125 2.59291697 236.28497314 -989.72686768 2.56652427 239.95603943 -989.72131348 2.6170249 239.73565674 -989.76898193 2.5748148 238.47099304 -989.71539307 2.65278792 239.51068115 -989.76324463 2.61000085 238.24940491 -989.70922852 2.6735909 239.2822113 -989.75726318 2.63046813 238.02438354 -989.70275879 2.67934752 239.05134583 -989.65673828 2.64931536 242.39186096 -989.68182373 2.659235 240.9671936 -989.80718994 2.59291697 236.51029968 -989.87145996 2.54970169 235.19198608 -989.87738037 2.54422355 235.41235352 -990.02294922 2.46327114 232.46343994 -989.93731689 2.50648642 233.62449646 -990.10418701 2.42005587 230.84353638 -989.94335938 2.50648642 233.8427887 -989.94915771 2.50110102 234.05961609 -989.81335449 2.58734584 236.73417664 -989.88305664 2.52442718 235.63043213 -989.81915283 2.56721401 236.95574951 -989.88848877 2.49039483 235.84515381 -989.82476807 2.53260493 237.17390442 -989.89361572 2.44233751 236.05545044 -989.83001709 2.48373318 237.38757324 -989.95471191 2.4816401 234.2742157 -989.96002197 2.44818473 234.48547363 -989.96496582 2.40094209 234.69239807 -989.75 2.10421157 240.95037842 -989.7321167 2.50150824 240.17066956 -989.84405518 2.2540226 237.99081421 -989.83502197 2.42081428 237.59565735 -989.96966553 2.34012055 234.89389038 -990.04400635 2.35954642 233.2991333 -990.03912354 2.40597463 233.09561157 -990.03399658 2.43885326 232.88780212 -990.02862549 2.45797873 232.67674255 -990.10998535 2.42005587 231.05467224 -990.30566406 2.33362532 228.15194702 -990.31091309 2.32861114 228.35455322 -990.52410889 2.24719477 224.94374084 -991.05004883 2.07433367 218.63304138 -990.77935791 2.16076398 222.02627563 -989.65588379 2.72256279 240.03674316 -989.78710938 2.59291697 235.83026123 -989.92431641 2.50648642 233.18399048 -990.09191895 2.42005587 230.41734314 -990.51312256 2.24719477 224.54655457 -991.0402832 2.07433367 218.26524353 -990.52923584 2.24719477 225.14050293 -990.53411865 2.24236631 225.33592224 -990.11547852 2.4148562 231.26443481 -990.31585693 2.31049252 228.55503845 -990.12072754 2.39606643 231.47198486 -990.32055664 2.27934432 228.75239563 -990.12573242 2.36376452 231.67633057 -990.32501221 2.23535991 228.94566345 -990.13043213 2.318151 231.87643433 -990.53881836 2.2249186 225.52926636 -990.54333496 2.19492412 225.71960449 -990.54754639 2.15256882 225.9059906 -990.78399658 2.15612173 222.21446228 -990.78839111 2.13934493 222.40063477 -990.79260254 2.11050391 222.58390808 -990.79656982 2.06977749 222.7633667 -990.55151367 2.09803891 226.08746338 -990.1348877 2.25942683 232.07130432 -990.14300537 2.10375428 232.44129944 -990.55523682 2.03154111 226.26309204 -991.07452393 1.93665147 219.69165039 -991.07092285 1.98698652 219.52371216 -991.06719971 2.02608395 219.35122681 -991.06323242 2.05377126 219.17506409 -992.37896729 1.72861135 204.96847534 -991.05462646 2.07433367 218.81520081 -991.05908203 2.06987667 218.99610901 -992.38922119 1.71147597 205.42210388 -991.68347168 1.88262355 212.45684814 -992.39233398 1.68840325 205.56948853 -994.00201416 1.38288903 189.98214722 -992.37127686 1.72861135 204.66055298 -992.33428955 1.72861135 203.38980103 -990.9932251 2.07433367 216.74868774 -990.68457031 2.07433367 210.00027466 -991.68701172 1.85724354 212.61869812 -991.69030762 1.82140434 212.77713013 -991.69348145 1.77526379 212.93141174 -991.07781982 1.87526882 219.85415649 -990.55877686 1.95348608 226.43199158 -990.15008545 1.90057826 232.77897644 -989.85192871 2.0363338 238.35150146 -989.86419678 1.46870255 238.94061279 -991.08660889 1.62906706 220.30133057 -992.39526367 1.65582216 205.71377563 -992.39807129 1.61387622 205.85424805 -990.16107178 1.37078905 233.33039856 -989.87158203 0.76897502 239.31484985 -992.38250732 1.72861135 205.12097168 -992.7678833 1.63865244 201.6585083 -992.77093506 1.62590218 201.8008728 -993.17016602 1.54032838 198.11830139 -993.17285156 1.51956284 198.25111389 -993.17547607 1.49023998 198.38113403 -994.01324463 1.37991786 190.4728241 -993.16424561 1.55575013 197.84689331 -993.16107178 1.55575013 197.7094574 -993.17791748 1.45248854 198.50772095 -994.02252197 1.29110098 190.93934631 -993.18023682 1.40645158 198.63020325 -994.02642822 1.20214534 191.15306091 -993.18237305 1.35241342 198.74795532 -994.02984619 1.08604467 191.34802246 -994.01812744 1.35072255 190.71105957 -993.16723633 1.5524075 197.9833374 -992.76464844 1.64218068 201.51455688 -993.78869629 1.38288903 184.40704346 -992.09222412 1.72861135 197.7207489 -989.58306885 2.07433367 193.75465393 -988.02575684 2.07433367 174.92195129 -993.12817383 1.38288903 173.37498474 -997.41046143 0.69144452 150.63523865 -996.44390869 0.69144452 137.38652039 -991.12384033 1.38288903 146.7903595 -989.1194458 1.38288903 120.20573425 -985.98522949 1.72861135 118.10562134 -985.12133789 1.72861135 104.40557098 -994.00787354 1.38288903 190.22912598 -994.91363525 1.2074281 182.78826904 -994.91784668 1.18188226 182.99682617 -995.86157227 1.01304197 175.15589905 -995.86480713 0.96832573 175.32717896 -993.97381592 1.38288903 188.9624939 -997.8182373 0.69144452 158.41061401 -995.84985352 1.03716683 174.60894775 -995.87011719 0.81453353 175.63380432 -995.86761475 0.90160894 175.48753357 -997.84179688 0.64555049 159.397995 -995.85803223 1.03493834 174.97714233 -994.90899658 1.21002793 182.57493591 -997.72900391 0.69144452 156.13691711 -997.83728027 0.68995893 159.16491699 -999.86541748 0.34572226 143.29370117 -997.83190918 0.69144452 158.91983032 -995.85406494 1.03716683 174.79428101 -988.26269531 2.42005587 202.25511169 -986.19042969 2.76577806 197.54586792 -989.69476318 -1.56661606 244.04269409 -989.70300293 -0.82024002 244.44064331 -989.77069092 -0.79460752 241.9442749 -989.77331543 -0 242.07675171 -989.87408447 -0 239.4432373 -989.7321167 -2.50150824 240.17066956 -989.72686768 -2.56652427 239.95603943 -989.65673828 -2.64931536 242.39186096 -989.64471436 -2.7383616 241.93307495 -989.65081787 -2.7014451 242.1648407 -989.68182373 -2.659235 240.9671936 -989.63134766 -2.76577806 241.45994568 -989.63812256 -2.75983572 241.69772339 -989.652771 -2.73827434 241.10658264 -989.64599609 -2.74417043 240.87052917 -989.66949463 -2.71671319 240.50688171 -989.6628418 -2.72256279 240.27258301 -989.68835449 -2.69515204 239.89872742 -989.6817627 -2.70095515 239.66615295 -989.65588379 -2.72256279 240.03674316 -989.62420654 -2.76577806 241.22067261 -989.69604492 -2.67934752 238.81898499 -989.56951904 -2.72256279 237.60401917 -989.53552246 -2.76577806 238.75280762 -989.60766602 -2.72256279 238.59318542 -989.57470703 -2.76577806 239.75613403 -992.40753174 1.35755587 206.36408997 -992.41442871 0.97913504 206.7611084 -991.09533691 1.17496204 220.77618408 -991.10058594 0.61518002 221.07775879 -990.16766357 0.71771002 233.68066406 -990.16986084 -0 233.80081177 -989.87158203 -0.76897502 239.31484985 -989.76287842 -1.51765931 241.55813599 -989.68121338 -2.17208934 243.41638184 -989.76324463 -2.61000085 238.24940491 -989.76898193 -2.5748148 238.47099304 -989.75091553 -2.63613224 237.79701233 -989.70275879 -2.67934752 239.05134583 -989.75726318 -2.63046813 238.02438354 -989.70922852 -2.6735909 239.2822113 -989.80078125 -2.59291697 236.28497314 -989.68151855 -2.67934752 238.35021973 -989.78710938 -2.59291697 235.83026123 -989.61193848 -2.67934752 236.42160034 -989.72113037 -2.59291697 233.95881653 -989.41809082 -2.67934752 232.317276 -989.96966553 -2.34012055 234.89389038 -989.96496582 -2.40094209 234.69239807 -989.89361572 -2.44233751 236.05545044 -989.88848877 -2.49039483 235.84515381 -989.82476807 -2.53260493 237.17390442 -989.81915283 -2.56721401 236.95574951 -990.1348877 -2.25942683 232.07130432 -990.13043213 -2.318151 231.87643433 -990.04400635 -2.35954642 233.2991333 -990.03912354 -2.40597463 233.09561157 -989.96002197 -2.44818473 234.48547363 -989.95471191 -2.4816401 234.2742157 -989.88305664 -2.52442718 235.63043213 -989.87738037 -2.54422355 235.41235352 -989.81335449 -2.58734584 236.73417664 -989.80718994 -2.59291697 236.51029968 -990.11547852 -2.4148562 231.26443481 -990.10998535 -2.42005587 231.05467224 -990.02294922 -2.46327114 232.46343994 -990.10418701 -2.42005587 230.84353638 -989.93731689 -2.50648642 233.62449646 -990.15008545 -1.90057826 232.77897644 -990.14300537 -2.10375428 232.44129944 -989.84405518 -2.2540226 237.99081421 -989.83502197 -2.42081428 237.59565735 -989.83001709 -2.48373318 237.38757324 -989.92431641 -2.50648642 233.18399048 -990.09191895 -2.42005587 230.41734314 -989.86181641 -2.50648642 231.37031555 -989.15582275 -2.67934752 227.90328979 -990.32501221 -2.23535991 228.94566345 -990.12573242 -2.36376452 231.67633057 -990.03399658 -2.43885326 232.88780212 -990.02862549 -2.45797873 232.67674255 -990.12072754 -2.39606643 231.47198486 -990.32055664 -2.27934432 228.75239563 -990.54754639 -2.15256882 225.9059906 -990.53411865 -2.24236631 225.33592224 -990.31091309 -2.32861114 228.35455322 -990.53881836 -2.2249186 225.52926636 -990.31585693 -2.31049252 228.55503845 -990.54333496 -2.19492412 225.71960449 -990.79656982 -2.06977749 222.7633667 -991.07092285 -1.98698652 219.52371216 -990.79260254 -2.11050391 222.58390808 -991.06719971 -2.02608395 219.35122681 -990.78839111 -2.13934493 222.40063477 -991.06323242 -2.05377126 219.17506409 -990.78399658 -2.15612173 222.21446228 -991.05908203 -2.06987667 218.99610901 -990.77935791 -2.16076398 222.02627563 -991.05462646 -2.07433367 218.81520081 -991.05004883 -2.07433367 218.63304138 -988.26269531 -2.42005587 202.25511169 -988.61737061 -2.59291697 216.28083801 -989.64544678 -2.42005587 220.88069153 -989.45251465 -2.50648642 223.33940125 -990.03277588 -2.42005587 228.66203308 -989.28894043 -2.59291697 225.68218994 -988.44714355 -2.67934752 218.24171448 -986.30786133 -2.42005587 180.74684143 -984.91015625 -2.76577806 185.31169128 -988.02575684 -2.07433367 174.92195129 -989.58306885 -2.07433367 193.75465393 -990.68457031 -2.07433367 210.00027466 -992.40313721 -1.50268161 206.12086487 -992.4006958 -1.56272399 205.99017334 -991.07781982 -1.87526882 219.85415649 -990.55151367 -2.09803891 226.08746338 -990.55523682 -2.03154111 226.26309204 -991.08099365 -1.80321789 220.01043701 -992.40753174 -1.35755587 206.36408997 -990.55877686 -1.95348608 226.43199158 -991.08660889 -1.62906706 220.30133057 -992.41442871 -0.97913504 206.7611084 -994.03503418 -0.78330803 191.66619873 -991.07452393 -1.93665147 219.69165039 -991.69348145 -1.77526379 212.93141174 -991.69030762 -1.82140434 212.77713013 -992.39526367 -1.65582216 205.71377563 -991.68701172 -1.85724354 212.61869812 -992.39233398 -1.68840325 205.56948853 -991.68347168 -1.88262355 212.45684814 -992.38922119 -1.71147597 205.42210388 -991.67980957 -1.89738703 212.29243469 -992.38592529 -1.72489727 205.27235413 -991.67584229 -1.90147245 212.12620544 -992.38250732 -1.72861135 205.12097168 -992.37896729 -1.72861135 204.96847534 -993.18237305 -1.35241342 198.74795532 -993.18023682 -1.40645158 198.63020325 -994.02642822 -1.20214534 191.15306091 -994.02984619 -1.08604467 191.34802246 -995.87011719 -0.81453353 175.63380432 -991.09533691 -1.17496204 220.77618408 -992.4185791 -0.51265001 207.01318359 -994.03924561 -0 191.93748474 -993.17547607 -1.49023998 198.38113403 -992.77380371 -1.60398304 201.940979 -993.17285156 -1.51956284 198.25111389 -992.77093506 -1.62590218 201.8008728 -992.39807129 -1.61387622 205.85424805 -993.17791748 -1.45248854 198.50772095 -994.02252197 -1.29110098 190.93934631 -994.01812744 -1.35072255 190.71105957 -993.16424561 -1.55575013 197.84689331 -992.76464844 -1.64218068 201.51455688 -993.16723633 -1.5524075 197.9833374 -992.7678833 -1.63865244 201.6585083 -993.17016602 -1.54032838 198.11830139 -994.01324463 -1.37991786 190.4728241 -993.12817383 -1.38288903 173.37498474 -991.22833252 -1.72861135 184.02069092 -993.78869629 -1.38288903 184.40704346 -992.09222412 -1.72861135 197.7207489 -993.97381592 -1.38288903 188.9624939 -992.33428955 -1.72861135 203.38980103 -992.37127686 -1.72861135 204.66055298 -978.48852539 -2.42005587 94.71369171 -975.20050049 -2.76577806 89.75714874 -975.94793701 -2.76577806 99.6723938 -985.12133789 -1.72861135 104.40557098 -984.7935791 -1.72861135 94.03998566 -981.48803711 -2.07433367 92.84263611 -974.71948242 -2.76577806 81.00138092 -978.10107422 -2.42005587 86.93235779 -977.96405029 -2.42005587 80.41220856 -981.37884521 -2.07433367 87.22608948 -989.86181641 2.50648642 231.37031555 -990.03277588 2.42005587 228.66203308 -994.03503418 0.78330803 191.66619873 -994.91784668 -1.18188226 182.99682617 -995.86157227 -1.01304197 175.15589905 -994.91363525 -1.2074281 182.78826904 -995.85803223 -1.03493834 174.97714233 -997.83728027 -0.68995893 159.16491699 -997.84179688 -0.64555049 159.397995 -995.86480713 -0.96832573 175.32717896 -994.92163086 -1.12971342 183.19667053 -997.84527588 -0.54302233 159.60217285 -999.87219238 -0.27151117 143.63380432 -999.86541748 -0.34572226 143.29370117 -997.83190918 -0.69144452 158.91983032 -995.86761475 -0.90160894 175.48753357 -980.01281738 -3.97580576 188.25276184 -977.81530762 -4.14866734 186.90205383 -981.78070068 -4.14866734 216.40678406 -974.95471191 -4.49438953 213.0191803 -980.15808105 -4.32152796 228.89013672 -976.27984619 -4.49438953 227.14888 -977.30151367 -4.49438953 240.52204895 -985.60919189 -3.25813413 261.62109375 -986.30987549 -3.22419524 261.67523193 -986.94226074 -3.37026715 261.42807007 -986.9855957 -1.20472753 263.1449585 -987.56030273 -1.19191134 263.10964966 -986.98303223 -1.49309731 263.03726196 -987.55773926 -1.47721338 263.00296021 -986.97991943 -1.77295101 262.90664673 -987.55456543 -1.75408983 262.87353516 -986.97619629 -2.04272008 262.75387573 -987.55078125 -2.02098918 262.72219849 -986.97192383 -2.30096722 262.57992554 -987.54650879 -2.27648878 262.54983521 -986.96710205 -2.54625702 262.38577271 -987.54168701 -2.51916933 262.35754395 -986.96173096 -2.77715445 262.17242432 -986.91778564 -3.79260898 260.55688477 -985.57830811 -3.87330294 260.46524048 -986.92651367 -3.67240143 260.85894775 -985.58679199 -3.75053763 260.7727356 -986.93463135 -3.53130198 261.14981079 -985.5947876 -3.60643578 261.06887817 -985.60223389 -3.44197488 261.35214233 -987.5166626 -3.33441329 261.40859985 -987.5090332 -3.49373484 261.13290405 -987.50085449 -3.63333344 260.84466553 -987.49206543 -3.75226235 260.5453186 -987.99127197 -3.80839109 260.18783569 -986.70666504 -4.06223679 255.18685913 -985.37127686 -4.14866734 255.00535583 -986.82897949 -4.06223679 257.92892456 -985.49121094 -4.14866734 257.79162598 -986.87768555 -4.05350828 259.26953125 -985.53894043 -4.13975334 259.15515137 -986.88848877 -4.02196884 259.599823 -985.54956055 -4.10754251 259.49121094 -986.89880371 -3.96774745 259.92559814 -985.55969238 -4.05216789 259.82272339 -986.90856934 -3.89118218 260.24520874 -985.56921387 -3.97397304 260.14797974 -988.02526855 -3.29855943 261.34921265 -988.01757812 -3.45616794 261.0760498 -988.00933838 -3.59426522 260.79049683 -988.00054932 -3.71191525 260.49389648 -988.03887939 -2.92856383 261.85253906 -988.26873779 -2.91264772 261.80526733 -988.48291016 -2.89673162 261.74789429 -988.4888916 -2.6885221 261.9730835 -988.28015137 -2.47853756 262.23995972 -988.05523682 -2.25201058 262.47982788 -988.47631836 -3.08843946 261.50616455 -988.26220703 -3.10540915 261.56240845 -988.03234863 -3.12237859 261.60852051 -988.82794189 -3.63122153 260.26965332 -988.65234375 -3.53566313 260.6333313 -988.83673096 -3.51612902 260.56069946 -988.6605835 -3.39981723 260.91488647 -988.84484863 -3.38103366 260.84091187 -988.66821289 -3.24477863 261.18417358 -988.85253906 -3.22685146 261.10894775 -988.67529297 -3.07147026 261.43978882 -988.85968018 -3.05450082 261.36334229 -988.86621094 -2.8648994 261.60272217 -989.29797363 -3.57070112 259.99517822 -989.15472412 -3.59087467 260.09680176 -989.30670166 -3.45752692 260.28207397 -989.16339111 -3.47706103 260.3850708 -989.31488037 -3.32468295 260.55825806 -989.17156982 -3.34346676 260.66262817 -989.32244873 -3.17307067 260.82235718 -989.17919922 -3.19099784 260.92803955 -989.32952881 -3.00359225 261.07305908 -989.1862793 -3.0205617 261.17996216 -989.33599854 -2.81715107 261.30895996 -989.19281006 -2.83306718 261.41702271 -989.34191895 -2.61466146 261.52871704 -989.19873047 -2.62943363 261.63790894 -988.43518066 -3.76699543 260.09875488 -988.81866455 -3.72559977 259.96923828 -988.425354 -3.84111714 259.78781128 -988.80883789 -3.79890704 259.66119385 -988.41491699 -3.89360785 259.47076416 -988.79840088 -3.85082102 259.34707642 -988.40405273 -3.92414117 259.14926147 -988.78747559 -3.88101888 259.02856445 -988.3548584 -3.93259048 257.84356689 -988.73840332 -3.88937545 257.73464966 -988.61517334 -3.88937545 255.08326721 -989.14538574 -3.68420434 259.79928589 -989.29345703 -3.61967397 259.84817505 -989.28875732 -3.66350651 259.69909668 -989.42407227 -3.59922385 259.7371521 -989.41931152 -3.64280868 259.58880615 -989.26867676 -3.78664041 259.08578491 -989.39929199 -3.76524711 258.97842407 -989.3885498 -3.79477406 258.66589355 -989.41455078 -3.68124294 259.4385376 -989.40960693 -3.71448708 259.28662109 -989.06555176 -3.84616017 257.5854187 -989.33996582 -3.8029449 257.39581299 -989.21789551 -3.8029449 254.79095459 -989.42858887 -3.55052757 259.88342285 -989.43719482 -3.43799281 260.16894531 -989.4453125 -3.30589962 260.4437561 -989.45294189 -3.15514374 260.70657349 -989.45996094 -2.98662305 260.95602417 -989.46643066 -2.80123496 261.19076538 -989.47241211 -2.59988952 261.40942383 -989.49969482 -0.57034075 262.46417236 -989.61859131 -0.28435948 262.36383057 -989.61773682 -0.56710017 262.32940674 -989.72509766 -0 262.23022461 -989.72399902 -0.56385958 262.18447876 -989.49822998 -0.85148424 262.40692139 -989.61633301 -0.84664625 262.27246094 -989.49621582 -1.12783003 262.32730103 -989.61431885 -1.12142193 262.1932373 -989.49365234 -1.39779329 262.22567749 -989.61175537 -1.38985121 262.09213257 -989.71801758 -1.38190925 261.94839478 -989.72058105 -1.11501372 262.04901123 -989.89398193 -1.62206161 261.50967407 -989.80987549 -1.63149214 261.67312622 -989.81549072 -1.10860562 261.8946228 -989.81884766 -0.56061906 262.02938843 -989.9029541 -0.55737847 261.86413574 -989.546875 -3.53035426 259.76156616 -989.55554199 -3.41845894 260.0456543 -989.56359863 -3.28711605 260.31912231 -989.57116699 -3.13721681 260.58062744 -989.57818604 -2.96965361 260.82885742 -989.58459473 -2.78531885 261.06240845 -989.59051514 -2.58511734 261.27999878 -989.60070801 -2.14185786 261.66271973 -989.71124268 -1.89060271 261.6836853 -989.70697021 -2.12961864 261.5211792 -989.80200195 -2.11737967 261.36950684 -989.88616943 -2.10514045 261.20761108 -990.04040527 -0.5508973 261.50305176 -990.0947876 -0.54765671 261.30725098 -990.03710938 -1.08938134 261.37036133 -990.03155518 -1.60320032 261.15228271 -990.04150391 -0 261.54782104 -989.9677124 -1.61263096 261.33609009 -989.87615967 -2.54080105 260.83068848 -989.87030029 -2.73757052 260.61642456 -989.85699463 -3.08343601 260.14190674 -989.86395264 -2.91874504 260.38638306 -989.93786621 -2.90177584 260.21859741 -989.94415283 -2.72165442 260.44744873 -990.01391602 -2.51125693 260.48034668 -989.82403564 -3.56001759 259.04629517 -989.83312988 -3.46983385 259.33514404 -989.90716553 -3.44966054 259.17266846 -989.91558838 -3.34032249 259.45108032 -989.97979736 -3.32078838 259.27706909 -989.9876709 -3.19319844 259.54373169 -990.0423584 -3.17441511 259.35812378 -990.04968262 -3.02965522 259.61175537 -990.10217285 -2.85086727 259.6541748 -989.53771973 -3.62211084 259.46838379 -988.99816895 -3.61104798 260.18829346 -989.00689697 -3.49659491 260.47796631 -989.01507568 -3.36225033 260.75683594 -989.02270508 -3.20892453 261.02355957 -989.02984619 -3.03753138 261.27670288 -989.03637695 -2.84898329 261.5149231 -989.0423584 -2.64420581 261.73690796 -988.9888916 -3.70490193 259.88931274 -989.52801514 -3.69338179 259.16763306 -989.51776123 -3.74385357 258.86096191 -989.50695801 -3.77321267 258.54992676 -989.45861816 -3.78133726 257.28585815 -989.62445068 -3.72246027 258.73339844 -989.63464355 -3.67227697 259.03857422 -989.72991943 -3.65117192 258.89935303 -989.73962402 -3.58071542 259.19711304 -989.64428711 -3.60141325 259.33779907 -989.74865723 -3.49000716 259.48742676 -989.65338135 -3.51018095 259.62957764 -989.75726318 -3.37939048 259.76867676 -989.66204834 -3.39892459 259.91223145 -989.76519775 -3.24954915 260.03942871 -989.67010498 -3.26833272 260.18435669 -989.77276611 -3.10136294 260.29830933 -989.6776123 -3.11928988 260.44454956 -989.77966309 -2.93571448 260.54403687 -989.68457031 -2.95268416 260.69152832 -989.78607178 -2.75348663 260.77523804 -989.69104004 -2.76940274 260.92388916 -989.79193115 -2.55557323 260.9906311 -989.69689941 -2.57034516 261.14038086 -989.79724121 -2.3430984 261.18902588 -989.72491455 -3.67870879 258.74813843 -989.7197876 -3.70106673 258.59567261 -989.6137085 -3.75165153 258.42385864 -989.71447754 -3.71820688 258.44210815 -989.60809326 -3.75827765 258.26794434 -988.97906494 -3.77780199 259.58273315 -989.84155273 -3.35985661 259.61495972 -989.84954834 -3.23076534 259.88433838 -989.92352295 -3.21198201 259.71911621 -989.93096924 -3.06550908 259.97537231 -989.99499512 -3.04758191 259.79864502 -990.00183105 -2.88480639 260.0406189 -990.05645752 -2.86783671 259.85247803 -990.06842041 -2.49648476 260.28991699 -990.11401367 -2.48171258 260.08929443 -990.1237793 -2.05618358 260.45837402 -990.16088867 -2.04394436 260.24563599 -990.17388916 -1.07015693 260.75442505 -990.07824707 -2.06842279 260.66098022 -990.13140869 -1.58433914 260.75421143 -989.80950928 -3.65744472 258.59954834 -989.81445312 -3.63006687 258.75 -989.88867188 -3.60896182 258.59048462 -989.89813232 -3.53931975 258.88528442 -989.96240234 -3.51862216 258.71417236 -989.97131348 -3.42948699 259.00009155 -990.02618408 -3.40931344 258.81732178 -990.0345459 -3.30125451 259.09289551 -990.0803833 -3.2817204 258.89855957 -990.08813477 -3.15563154 259.16241455 -990.12548828 -3.13684797 258.95651245 -990.13934326 -2.83389783 259.44567871 -990.11779785 -3.26218653 258.69406128 -990.07208252 -3.38914013 258.62438965 -990.01727295 -3.49792409 258.53286743 -989.95300293 -3.58785677 258.42086792 -989.88372803 -3.6361804 258.44082642 -989.80438232 -3.67967319 258.44781494 -990.18035889 -2.45216846 259.65750122 -990.21160889 -2.01946592 259.78952026 -990.16864014 -2.81692863 259.22698975 -990.19042969 -2.79995894 258.99813843 -990.15484619 -3.1180644 258.740448 -989.7991333 -3.6967144 258.29504395 -989.87860107 -3.6582799 258.28985596 -989.94805908 -3.61491632 258.27194214 -990.00787354 -3.56675172 258.24108887 -990.06323242 -3.4772265 258.34143066 -990.10949707 -3.36896658 258.42132568 -990.22381592 -1.95827007 258.47076416 -990.20361328 -2.71511173 257.70095825 -990.21557617 -2.74905062 258.25042725 -990.18457031 -3.28827286 257.5072937 -990.20001221 -3.06171393 258.03115845 -990.23883057 -1.05093253 260.04678345 -990.22613525 -2.00722671 259.54620361 -990.20513916 -2.7829895 258.75909424 -990.17675781 -3.09928083 258.51419067 -990.13903809 -3.34879303 258.20809937 -990.10083008 -3.45652866 258.13983154 -990.05389404 -3.54564667 258.05111694 -990.00299072 -3.59365201 258.09289551 -989.94299316 -3.63688636 258.12173462 -989.87341309 -3.67522168 258.13778687 -989.79376221 -3.708529 258.1413269 -989.86254883 -3.69347978 257.83123779 -989.86804199 -3.68696785 257.98486328 -989.93780518 -3.65372944 257.97045898 -989.99798584 -3.61549306 257.94345093 -990.04907227 -3.57238793 257.90371704 -990.0914917 -3.52454162 257.8510437 -990.13037109 -3.43583107 257.92803955 -990.16107178 -3.32861972 257.98468018 -990.19165039 -3.0804975 258.277771 -990.21337891 -2.76602006 258.50985718 -990.23614502 -1.98274851 259.02890015 -990.23602295 -1.02530003 258.96029663 -990.04937744 -3.60847616 256.65283203 -989.98718262 -3.6300838 256.2331543 -990.01147461 -3.6300838 256.84677124 -989.94067383 -3.65169144 256.41390991 -989.96514893 -3.65169144 257.03057861 -989.88531494 -3.67329907 256.58453369 -989.90997314 -3.67329907 257.20425415 -990.03369141 -3.62228417 257.45465088 -990.07147217 -3.60072303 257.25759888 -990.07666016 -3.58925176 257.40750122 -990.10638428 -3.56775928 257.19952393 -990.1114502 -3.55131269 257.3477478 -990.13372803 -3.52991915 257.12884521 -990.1385498 -3.50859499 257.27523804 -990.15844727 -3.46122646 257.1897583 -990.17602539 -3.30844641 257.75106812 -990.16748047 -3.39443541 257.47399902 -990.15240479 -3.415133 257.70611572 -990.14331055 -3.48233151 257.42034912 -990.12115479 -3.50343657 257.64077759 -990.11633301 -3.5298593 257.49487305 -990.08666992 -3.55112362 257.70437622 -990.08172607 -3.57270622 257.55645752 -990.04406738 -3.59409952 257.7550354 -990.03894043 -3.61074424 257.60528564 -989.99285889 -3.63223672 257.79290771 -989.98754883 -3.64384556 257.64151001 -989.93249512 -3.6654067 257.81826782 -989.92706299 -3.67188048 257.66543579 -990.10180664 -3.56526089 256.23452759 -990.05541992 -3.58686852 255.84127808 -990.0793457 -3.58686852 256.44873047 -990.02526855 -3.60847616 256.04226685 -990.15765381 -3.48713231 256.6605835 -990.15270996 -3.50328159 256.51470947 -990.16027832 -3.46573877 256.41119385 -990.15545654 -3.48178911 256.26608276 -990.15948486 -3.45504212 256.28265381 -990.02484131 -3.56526089 254.4046936 -990.078125 -3.56526089 255.63014221 -990.09381104 -3.54365301 255.40888977 -990.11730957 -3.54365301 256.01013184 -990.12628174 -3.52204537 255.77560425 -990.16967773 -3.4190166 256.69802856 -990.16888428 -3.40846395 256.5687561 -990.16674805 -3.39791131 256.43695068 -990.15740967 -3.44434547 256.15161133 -990.16326904 -3.38735867 256.30255127 -990.16705322 -3.44012141 256.94900513 -990.18695068 -3.26809931 257.25335693 -990.18383789 -3.247926 256.98919678 -990.18029785 -3.23783898 256.853302 -990.10119629 -3.57916188 257.05041504 -990.12359619 -3.5576005 256.83309937 -990.13891602 -3.53603935 256.60559082 -990.14770508 -3.51447821 256.36795044 -990.15045166 -3.49291682 256.12011719 -990.14971924 -3.48213649 255.99238586 -990.14764404 -3.47135568 255.86212158 -990.06610107 -3.60708261 257.10708618 -990.06066895 -3.60847616 256.95602417 -990.09594727 -3.58548331 256.90066528 -990.09057617 -3.58686852 256.75039673 -990.11834717 -3.56388426 256.68408203 -990.11297607 -3.56526089 256.53460693 -990.13372803 -3.54228473 256.45739746 -990.12835693 -3.54365301 256.3086853 -990.14251709 -3.52068543 256.22052002 -990.13726807 -3.52204537 256.0725708 -990.14532471 -3.49908614 255.97346497 -990.14013672 -3.50043774 255.82632446 -990.14459229 -3.48828673 255.84614563 -990.1394043 -3.48963404 255.69937134 -990.14257812 -3.47748709 255.71626282 -990.13739014 -3.4788301 255.56987 -990.13409424 -3.4680264 255.43785095 -990.12957764 -3.4572227 255.30329895 -989.96386719 -3.56526089 253.15731812 -990.04101562 -3.54365301 254.18960571 -989.98059082 -3.54365301 252.948349 -990.05065918 -3.52204537 253.96437073 -990.10070801 -3.4680264 254.55450439 -990.07904053 -3.4788301 254.0866394 -990.1038208 -3.4788301 254.68414307 -990.08117676 -3.50043774 254.33522034 -990.10620117 -3.50043774 254.93589783 -990.10302734 -3.52204537 255.17744446 -990.12927246 -3.50043774 255.53092957 -990.05432129 -3.50043774 253.72901917 -990.0760498 -3.4680264 253.95855713 -990.04956055 -3.4680264 253.35702515 -990.05249023 -3.4788301 253.48353577 -990.02398682 -3.4788301 252.87490845 -990.17553711 -3.22775245 256.71487427 -989.87030029 -3.6300838 253.72373962 -989.76690674 -3.67329907 254.05093384 -989.74603271 -3.71651411 256.89538574 -989.77093506 -3.71651411 257.52120972 -989.85693359 -3.69490671 257.67709351 -989.78265381 -3.71651411 257.83206177 -989.78820801 -3.71507931 257.98693848 -989.70361328 -3.7366786 258.13250732 -989.70916748 -3.73009038 258.28765869 -989.43701172 -3.67329907 248.73165894 -989.62615967 -3.71651411 254.33784485 -989.56549072 -3.75972962 257.165802 -989.59063721 -3.75972962 257.79766846 -989.60241699 -3.75972962 258.11154175 -988.84082031 -3.71651411 243.29284668 -989.91265869 -3.54365301 251.6855011 -989.83734131 -3.54365301 250.40144348 -989.81945801 -3.56526089 250.59828186 -989.99365234 -3.4788301 252.26083374 -989.96148682 -3.4788301 251.64129639 -989.92755127 -3.4788301 251.01637268 -989.8918457 -3.4788301 250.38615417 -989.89221191 -3.50043774 250.61616516 -989.85430908 -3.50043774 249.97758484 -989.84881592 -3.52204537 250.19451904 -989.75488281 -3.54365301 249.0965271 -989.64587402 -3.56526089 247.9561615 -989.61968994 -3.58686852 248.13113403 -989.79467773 -3.58686852 250.78514099 -989.58618164 -3.60847616 248.29618835 -989.14904785 -3.60847616 242.72875977 -989.4800415 -3.52204537 244.87771606 -989.465271 -3.54365301 245.06077576 -989.5824585 -3.52204537 246.23686218 -989.56872559 -3.54365301 246.42582703 -989.67822266 -3.52204537 247.57629395 -989.6652832 -3.54365301 247.77120972 -989.76702881 -3.52204537 248.89564514 -989.59289551 -3.4788301 245.82917786 -989.68682861 -3.4788301 247.15661621 -989.63781738 -3.4572227 246.27363586 -989.68347168 -3.4572227 246.93182373 -989.49237061 -3.4788301 244.48196411 -989.4888916 -3.50043774 244.68476868 -989.59039307 -3.50043774 246.03797913 -989.6852417 -3.50043774 247.37142944 -989.73132324 -3.4788301 247.81278992 -989.73010254 -3.50043774 248.03065491 -989.77404785 -3.4788301 248.46388245 -989.77325439 -3.50043774 248.68478394 -989.81506348 -3.4788301 249.10983276 -989.81463623 -3.50043774 249.33377075 -989.85430908 -3.4788301 249.75059509 -989.26629639 -3.50043774 241.92066956 -989.38079834 -3.50043774 243.31221008 -989.38525391 -3.4788301 243.11535645 -989.5904541 -3.4572227 245.61044312 -989.54144287 -3.4572227 244.94230652 -989.49084473 -3.4572227 244.26927185 -989.43865967 -3.4572227 243.59136963 -989.4442749 -3.56526089 245.23396301 -989.35528564 -3.54365301 243.67643738 -989.23864746 -3.54365301 242.27320862 -989.37097168 -3.52204537 243.49923706 -989.25537109 -3.52204537 242.1018219 -989.72747803 -3.4572227 247.58496094 -989.76983643 -3.4572227 248.23300171 -989.8104248 -3.4572227 248.87588501 -989.84924316 -3.4572227 249.51358032 -989.88641357 -3.4572227 250.14602661 -990.09631348 -3.4572227 254.42227173 -990.07183838 -3.4572227 253.82789612 -990.04547119 -3.4572227 253.22795105 -990.01727295 -3.4572227 252.62242126 -989.98724365 -3.4572227 252.01144409 -989.95544434 -3.4572227 251.39501953 -989.92181396 -3.4572227 250.77319336 -986.97900391 -3.97580576 243.65397644 -984.58544922 -4.14866734 243.1257782 -985.72259521 -3.97580576 230.99409485 -988.41821289 -3.8029449 243.56877136 -987.62042236 -3.71651411 231.08891296 -988.84399414 -3.6300838 239.95445251 -988.55810547 -3.6300838 236.97755432 -989.21398926 -3.4572227 240.83218384 -989.15216064 -3.4788301 240.32551575 -988.96484375 -3.4572227 237.99920654 -988.89447021 -3.4788301 237.46273804 -989.02630615 -3.4788301 238.90304565 -989.1539917 -3.4572227 240.1307373 -989.09240723 -3.4572227 239.42471313 -989.02935791 -3.4572227 238.71418762 -988.45117188 -3.50043774 233.19473267 -988.43273926 -3.52204537 233.34136963 -988.6015625 -3.50043774 234.69195557 -988.73065186 -3.52204537 236.33056641 -988.87091064 -3.52204537 237.79985046 -988.88531494 -3.50043774 237.6361084 -988.74633789 -3.50043774 236.17256165 -988.75683594 -3.4788301 236.00498962 -988.69219971 -3.4572227 235.09552002 -988.61340332 -3.4788301 234.53018188 -988.62054443 -3.4572227 234.35890198 -988.46447754 -3.4788301 233.03869629 -988.01373291 -3.58686852 230.63777161 -988.34216309 -3.58686852 233.724823 -988.37872314 -3.56526089 233.60639954 -988.64770508 -3.58686852 236.74736023 -988.6817627 -3.56526089 236.6179657 -988.98626709 -3.54365301 239.41160583 -988.70928955 -3.54365301 236.47903442 -988.89886475 -3.4572227 237.2797699 -988.8314209 -3.4572227 236.55599976 -988.76257324 -3.4572227 235.82789612 -987.98144531 -3.88332725 259.87399292 -987.9710083 -3.93639469 259.5539856 -987.96008301 -3.9672637 259.22958374 -987.91101074 -3.97580576 257.91213989 -987.78753662 -3.97580576 255.21504211 -987.80737305 -3.88937545 243.68908691 -987.17565918 -3.8029449 231.20483398 -986.03753662 -3.71651411 217.91915894 -989.13336182 -3.52204537 240.68586731 -987.91455078 -3.6300838 230.82514954 -987.66363525 -3.58686852 227.48930359 -987.74133301 -3.54365301 227.28642273 -988.13397217 -3.50043774 230.15187073 -987.4375 -3.50043774 223.88340759 -987.79571533 -3.50043774 227.04707336 -987.81512451 -3.4788301 226.91371155 -987.18261719 -3.6300838 224.42832947 -987.29278564 -3.58686852 224.28250122 -986.4934082 -3.58686852 217.70608521 -987.7845459 -3.67329907 230.9755249 -990.17321777 -2.68117285 257.11065674 -990.14569092 -3.18740559 256.13562012 -990.16271973 -3.20757914 256.43032837 -990.02752686 -1.86035657 255.82926941 -990.00909424 -2.57935619 255.09446716 -990.12811279 -2.64723396 256.47949219 -990.13800049 -3.34514856 255.73956299 -990.14593506 -3.35570121 255.88414001 -990.1340332 -3.43901396 255.45602417 -990.11938477 -3.41745281 255.17260742 -990.12011719 -3.38016486 255.31181335 -990.11035156 -3.36946821 255.16294861 -990.10858154 -3.31349111 255.29060364 -990.08496094 -3.29238629 254.97850037 -990.08825684 -3.34807491 254.85754395 -990.09967041 -3.35877156 255.01153564 -990.09509277 -3.37432647 254.87036133 -990.10571289 -3.38507247 255.02139282 -990.10089111 -3.39589143 254.87896729 -990.0960083 -3.40188956 254.73588562 -990.10113525 -3.14705873 255.51554871 -990.04577637 -3.10671163 254.85461426 -990.05712891 -3.37079215 254.13513184 -990.05895996 -3.38159585 254.00337219 -990.07025146 -3.39239979 254.154953 -990.07611084 -3.33737826 254.70101929 -990.0715332 -3.35283399 254.56065369 -990.0836792 -3.36358023 254.71678162 -990.07891846 -3.37433028 254.57516479 -990.09033203 -3.38511086 254.72834778 -990.08551025 -3.39108968 254.58564758 -990.05255127 -3.42481112 253.42077637 -990.07666016 -3.42481112 254.01043701 -990.0680542 -3.41400743 253.86807251 -989.99066162 -3.41400743 252.08708191 -990.01824951 -3.41400743 252.68632507 -990.0090332 -3.40320349 252.54455566 -989.98150635 -3.40320349 251.94692993 -989.9989624 -3.39239979 252.40028381 -989.97155762 -3.39239979 251.80419922 -989.98809814 -3.38159585 252.253479 -989.96087646 -3.38159585 251.65898132 -989.97644043 -3.37079215 252.10411072 -989.94940186 -3.37079215 251.51121521 -989.97625732 -3.34918427 252.38192749 -990.00170898 -3.37079215 252.69145203 -990.01348877 -3.38159585 252.84239197 -990.02453613 -3.39239979 252.99078369 -990.034729 -3.40320349 253.13665771 -990.04406738 -3.41400743 253.27998352 -990.02661133 -3.42481112 252.82553101 -989.99884033 -3.42481112 252.22471619 -989.96923828 -3.42481112 251.6184082 -990.02990723 -3.25017619 254.32374573 -989.98339844 -3.066365 254.15286255 -990.04528809 -3.33134127 254.24075317 -990.05407715 -3.3527689 254.26113892 -990.0668335 -3.36354971 254.41941833 -990.06207275 -3.36949039 254.27752686 -990.07409668 -3.38029003 254.43286133 -990.06915283 -3.38159585 254.29006958 -990.08050537 -3.39239979 254.44245911 -990.02197266 -3.33709145 253.79624939 -990.01708984 -3.33838058 253.65504456 -990.03100586 -3.34918427 253.81761169 -990.02099609 -3.34918427 253.53334045 -990.04693604 -3.37079215 253.84924316 -989.99279785 -3.32757664 253.20722961 -990.00274658 -3.32757664 253.48994446 -990.00750732 -3.3262918 253.63072205 -990.01220703 -3.32042718 253.77101135 -990.0168457 -3.30984902 253.91065979 -990.0267334 -3.33120799 253.93695068 -990.04064941 -3.34198833 254.10032654 -990.03588867 -3.34789109 253.95921326 -990.04931641 -3.35869074 254.11962891 -990.04437256 -3.35998821 253.97766113 -989.97741699 -3.30469251 253.29202271 -989.98205566 -3.29886603 253.43153381 -989.95062256 -3.27730489 253.08180237 -989.96417236 -3.35998821 251.95219421 -989.93731689 -3.35998821 251.36090088 -989.95123291 -3.34918427 251.79779053 -989.92456055 -3.34918427 251.20806885 -989.92388916 -3.32757664 251.48129272 -989.8973999 -3.32757664 250.89479065 -989.94854736 -3.32757664 252.06225586 -990.05859375 -3.40320349 253.72314453 -990.04821777 -3.39239979 253.57571411 -990.03710938 -3.38159585 253.42572021 -990.02520752 -3.37079215 253.27316284 -989.99945068 -3.34918427 252.96047974 -989.97155762 -3.32757664 252.6375885 -989.9418335 -3.305969 252.30451965 -989.89471436 -3.305969 251.15466309 -989.96118164 -3.41400743 251.48236084 -989.95227051 -3.40320349 251.34375 -989.94250488 -3.39239979 251.20263672 -989.9319458 -3.38159585 251.05899048 -989.92059326 -3.37079215 250.91278076 -989.90863037 -3.35998821 250.7640686 -989.89605713 -3.34918427 250.61282349 -989.86932373 -3.32757664 250.30273438 -989.84082031 -3.305969 249.98251343 -990.09100342 -3.40320349 254.5922699 -990.10070801 -3.41400743 254.73957825 -990.10943604 -3.42481112 254.88433838 -990.1272583 -3.42823339 255.31559753 -990.12890625 -3.39086175 255.45814514 -990.12908936 -3.3345964 255.59246826 -990.125 -3.16723204 255.83067322 -989.8258667 -3.18089366 251.71563721 -989.89013672 -3.22387886 252.48815918 -989.95507812 -3.26686382 253.21984863 -989.81097412 -3.28436136 249.65216064 -989.86431885 -3.28436136 250.81787109 -989.80151367 -3.24114633 250.11375427 -989.76239014 -3.19793105 249.9304657 -989.82507324 -3.24114633 250.68179321 -989.78369141 -3.19793105 250.48634338 -989.84698486 -3.24114633 251.2441864 -989.8034668 -3.19793105 251.03652954 -989.93157959 -3.28436136 252.52449036 -989.91088867 -3.28436136 251.96125793 -989.77001953 -3.1234436 251.03453064 -989.77783203 -3.08133578 251.29605103 -989.79217529 -2.94532418 251.80200195 -989.94598389 -3.28309321 252.94313049 -989.88580322 -3.23418236 252.35176086 -989.88128662 -3.23989487 252.21470642 -989.8215332 -3.19105983 251.58087158 -989.81719971 -3.19669604 251.44541931 -989.80603027 -3.18027949 251.38172913 -989.80169678 -3.1858964 251.24671936 -989.81274414 -3.19793105 251.30947876 -989.87670898 -3.24114633 252.07713318 -989.94128418 -3.28436136 252.80395508 -989.97265625 -3.305969 253.15203857 -989.79724121 -3.18712711 251.11120605 -989.77606201 -3.15871811 250.97584534 -989.78656006 -3.17509675 251.04544067 -989.77178955 -3.1642971 250.84161377 -989.78216553 -3.17632341 250.91033936 -989.76745605 -3.16551924 250.7069397 -989.77294922 -3.17632341 250.63902283 -989.75054932 -3.06023073 250.87153625 -989.76483154 -2.92515063 251.37432861 -989.73974609 -2.90497708 250.93644714 -989.72576904 -3.03912568 250.43678284 -989.73016357 -3.09135342 250.39634705 -989.74285889 -3.10205007 250.6116333 -989.73883057 -3.11641598 250.4801178 -989.75213623 -3.12716246 250.69242859 -989.7479248 -3.13715672 250.5597229 -989.73937988 -3.1439116 250.29244995 -989.74371338 -3.14269781 250.42631531 -989.73052979 -3.13189816 250.21481323 -989.73474121 -3.12637639 250.34779358 -989.72210693 -3.11559558 250.1333313 -989.72619629 -3.10566974 250.26524353 -989.71813965 -3.08065677 250.17851257 -989.74414062 -3.15471554 250.23129272 -989.72485352 -3.15471554 249.68765259 -989.73895264 -3.16551924 249.89115906 -989.71728516 -3.1331079 249.81333923 -989.70483398 -3.1223042 249.60050964 -989.69830322 -3.1331079 249.272995 -989.68597412 -3.1223042 249.06185913 -989.67773438 -3.1331079 248.727005 -989.63195801 -3.1331079 247.6182251 -989.65563965 -3.1331079 248.17539978 -989.64349365 -3.1223042 247.96755981 -989.60675049 -3.1331079 247.05554199 -989.62005615 -3.1223042 247.41204834 -989.69293213 -3.11150026 249.38516235 -989.70172119 -3.11150026 249.65153503 -989.70599365 -3.11029887 249.78416443 -989.71014404 -3.10481501 249.91633606 -989.76306152 -2.44360065 251.83277893 -990.11547852 -3.4788301 254.98083496 -990.11230469 -3.4680264 254.85035706 -990.10791016 -3.4572227 254.71737671 -990.09082031 -3.44641876 254.28753662 -990.06646729 -3.44641876 253.69474792 -990.04022217 -3.44641876 253.09634399 -990.012146 -3.44641876 252.49240112 -989.9822998 -3.44641876 251.88296509 -989.95068359 -3.44641876 251.26808167 -990.08428955 -3.43561506 254.15026855 -990.06005859 -3.43561506 253.559021 -990.03393555 -3.43561506 252.96220398 -990.00604248 -3.43561506 252.35980225 -989.97625732 -3.43561506 251.75195312 -989.94476318 -3.43561506 251.13865662 -989.91149902 -3.43561506 250.51992798 -989.93792725 -3.42481112 251.00666809 -989.87646484 -3.43561506 249.89587402 -989.90478516 -3.42481112 250.38951111 -989.76098633 -3.43561506 247.99209595 -989.8012085 -3.43561506 248.63191223 -989.79510498 -3.42481112 248.50616455 -989.64807129 -3.39239979 246.19760132 -989.69073486 -3.39239979 246.8414917 -989.68151855 -3.38159585 246.70883179 -989.7121582 -3.37079215 247.20928955 -989.72229004 -3.38159585 247.34602356 -989.73175049 -3.39239979 247.48023987 -989.65625 -3.40320349 246.32620239 -989.69909668 -3.40320349 246.97164917 -989.74035645 -3.40320349 247.61196899 -989.86993408 -3.42481112 249.76701355 -989.89709473 -3.41400743 250.2565918 -989.86242676 -3.41400743 249.63565063 -989.88848877 -3.40320349 250.12113953 -989.85406494 -3.40320349 249.50177002 -989.87908936 -3.39239979 249.9831543 -989.8447876 -3.39239979 249.36534119 -989.86883545 -3.38159585 249.84265137 -989.8347168 -3.38159585 249.22642517 -989.85791016 -3.37079215 249.69963074 -989.82397461 -3.37079215 249.0849762 -989.84631348 -3.35998821 249.55407715 -989.81256104 -3.35998821 248.94100952 -989.83398438 -3.34918427 249.40600586 -989.80053711 -3.34918427 248.79452515 -989.8079834 -3.32757664 249.10229492 -989.77484131 -3.32757664 248.49398804 -989.93005371 -3.41400743 250.87216187 -989.92126465 -3.40320349 250.73516846 -989.91168213 -3.39239979 250.59559631 -989.90124512 -3.38159585 250.45353699 -989.89007568 -3.37079215 250.30892944 -989.8782959 -3.35998821 250.1618042 -989.86590576 -3.34918427 250.01213074 -989.83947754 -3.32757664 249.70524597 -989.76525879 -3.34918427 248.17770386 -989.77716064 -3.35998821 248.32261658 -989.78833008 -3.37079215 248.46499634 -989.7989502 -3.38159585 248.60487366 -989.80877686 -3.39239979 248.74223328 -989.81787109 -3.40320349 248.8770752 -989.8260498 -3.41400743 249.00939941 -989.83337402 -3.42481112 249.13922119 -989.83972168 -3.43561506 249.26652527 -989.74005127 -3.35998821 247.69894409 -989.75109863 -3.37079215 247.83976746 -989.76147461 -3.38159585 247.97805786 -989.77105713 -3.39239979 248.11384583 -989.77996826 -3.40320349 248.24713135 -989.80718994 -3.41400743 248.69430542 -989.81439209 -3.42481112 248.823349 -989.82067871 -3.43561506 248.94987488 -989.7802124 -3.305969 248.78848267 -989.71295166 -3.305969 247.57292175 -989.73999023 -3.32757664 247.88035583 -989.70355225 -3.32757664 247.26144409 -989.72839355 -3.34918427 247.55563354 -989.68994141 -3.34918427 246.92831421 -989.70135498 -3.35998821 247.0700531 -989.66101074 -3.35998821 246.43600464 -989.67156982 -3.37079215 246.57365417 -989.62939453 -3.37079215 245.9329071 -989.63909912 -3.38159585 246.0664978 -989.67694092 -3.305969 246.95721436 -989.66552734 -3.32757664 246.63729858 -989.64984131 -3.34918427 246.29582214 -989.61907959 -3.35998821 245.79679871 -989.68469238 -3.28436136 247.25543213 -989.61193848 -3.28436136 246.02519226 -989.63934326 -3.305969 246.33627319 -989.60009766 -3.305969 245.71012878 -989.62585449 -3.32757664 246.00799561 -989.58459473 -3.32757664 245.37353516 -989.60809326 -3.34918427 245.65821838 -989.51043701 -3.39239979 244.23573303 -989.55792236 -3.39239979 244.89468384 -989.54943848 -3.38159585 244.76667786 -989.57244873 -3.41400743 245.14320374 -989.5244751 -3.41400743 244.48117065 -989.47497559 -3.41400743 243.81422424 -989.58563232 -3.37079215 245.28707886 -989.59503174 -3.38159585 245.4190979 -989.6038208 -3.39239979 245.54864502 -989.61883545 -3.41400743 245.80027771 -989.43322754 -3.43561506 243.37181091 -989.48492432 -3.43561506 244.04669189 -989.53503418 -3.43561506 244.71669006 -989.58349609 -3.43561506 245.38179016 -989.63037109 -3.43561506 246.04193115 -989.67559814 -3.43561506 246.697052 -989.71917725 -3.43561506 247.34713745 -989.78796387 -3.41400743 248.37789917 -989.74816895 -3.41400743 247.74118042 -989.70672607 -3.41400743 247.0993042 -989.66357422 -3.41400743 246.45231628 -989.91723633 -3.44641876 250.64781189 -989.38482666 -3.4572227 242.90866089 -990.12866211 -3.48963404 255.4047699 -990.12664795 -3.4788301 255.27604675 -990.12347412 -3.4680264 255.14483643 -990.11895752 -3.4572227 255.01104736 -990.11340332 -3.44641876 254.87471008 -989.49743652 -3.32757664 244.08944702 -989.54174805 -3.32757664 244.73400879 -989.51708984 -3.305969 244.44252014 -989.40405273 -3.32757664 242.78541565 -989.45153809 -3.32757664 243.43989563 -989.42785645 -3.305969 243.1547699 -989.47320557 -3.305969 243.8011322 -989.48364258 -3.35998821 243.84898376 -989.44476318 -3.37079215 243.3196106 -989.4354248 -3.35998821 243.18978882 -989.39471436 -3.37079215 242.65397644 -989.38568115 -3.35998821 242.5256958 -989.34307861 -3.37079215 241.98350525 -989.33435059 -3.35998821 241.85678101 -989.28997803 -3.37079215 241.30825806 -989.28155518 -3.35998821 241.18309021 -989.2354126 -3.37079215 240.62826538 -989.30474854 -3.32757664 241.46183777 -989.35516357 -3.32757664 242.12605286 -989.3326416 -3.305969 241.84725952 -989.23138428 -3.305969 240.520401 -989.25280762 -3.32757664 240.79286194 -989.28271484 -3.305969 241.18623352 -989.25952148 -3.28436136 240.90075684 -989.38098145 -3.305969 242.50346375 -989.55938721 -3.305969 245.07885742 -989.66088867 -3.19793105 247.65122986 -989.72106934 -3.24114633 248.37641907 -989.68865967 -3.19793105 248.22930908 -989.74951172 -3.24114633 248.96102905 -989.71478271 -3.19793105 248.80189514 -989.77630615 -3.24114633 249.54016113 -989.73937988 -3.19793105 249.36897278 -989.75109863 -3.28436136 248.46455383 -989.69104004 -3.24114633 247.78637695 -989.6262207 -3.24114633 246.59020996 -989.5970459 -3.21953869 246.24246216 -989.55523682 -3.24114633 245.37290955 -989.60327148 -3.17632341 246.69322205 -989.57281494 -3.17632341 246.1076355 -989.58666992 -3.18712711 246.29450989 -989.58001709 -3.1331079 246.48738098 -989.5949707 -3.1223042 246.85102844 -989.55181885 -3.1331079 245.9138031 -989.56842041 -3.1223042 246.28453064 -989.52215576 -3.1331079 245.33486938 -989.54040527 -3.1223042 245.71261597 -989.4909668 -3.1331079 244.75059509 -989.51086426 -3.1223042 245.13534546 -989.45837402 -3.1331079 244.16105652 -989.47991943 -3.1223042 244.55274963 -989.73040771 -3.1439116 250.02360535 -989.71130371 -3.1439116 249.48161316 -989.70404053 -3.15471554 249.1383667 -989.69061279 -3.1439116 248.93397522 -989.68157959 -3.15471554 248.58345032 -989.66833496 -3.1439116 248.38070679 -989.65765381 -3.15471554 248.02296448 -989.64453125 -3.1439116 247.8218689 -989.63214111 -3.15471554 247.45697021 -989.61914062 -3.1439116 247.25753784 -989.6050415 -3.15471554 246.88548279 -989.59222412 -3.1439116 246.68771362 -989.57653809 -3.15471554 246.30857849 -989.56390381 -3.1439116 246.11247253 -989.54644775 -3.15471554 245.72631836 -989.53399658 -3.1439116 245.53186035 -989.51489258 -3.15471554 245.13870239 -989.50268555 -3.1439116 244.94590759 -989.48187256 -3.15471554 244.5458374 -989.46984863 -3.1439116 244.35470581 -989.44732666 -3.15471554 243.94772339 -989.43548584 -3.1439116 243.75827026 -989.41137695 -3.15471554 243.3444519 -989.71801758 -3.16551924 249.34022522 -989.69543457 -3.16551924 248.78364563 -989.67132568 -3.16551924 248.22151184 -989.64562988 -3.16551924 247.65385437 -989.6184082 -3.16551924 247.08073425 -989.58972168 -3.16551924 246.50218201 -989.55938721 -3.16551924 245.91824341 -989.52764893 -3.16551924 245.32897949 -989.49438477 -3.16551924 244.73445129 -989.4597168 -3.16551924 244.13467407 -989.42346191 -3.16551924 243.52973938 -989.38586426 -3.16551924 242.91964722 -989.25933838 -3.24114633 240.9515686 -989.56268311 -3.21953869 245.63969421 -989.52685547 -3.21953869 245.03167725 -989.48950195 -3.21953869 244.41850281 -989.45068359 -3.21953869 243.8001709 -989.41033936 -3.21953869 243.17675781 -989.36859131 -3.21953869 242.54830933 -989.32531738 -3.21953869 241.91487122 -989.28070068 -3.21953869 241.27648926 -989.6315918 -3.19793105 247.06773376 -989.60076904 -3.19793105 246.47885132 -989.56842041 -3.19793105 245.88464355 -989.53448486 -3.19793105 245.28515625 -989.49908447 -3.19793105 244.68043518 -989.46221924 -3.19793105 244.07051086 -989.42388916 -3.19793105 243.45549011 -989.3840332 -3.19793105 242.83535767 -989.34283447 -3.19793105 242.21018982 -989.30010986 -3.19793105 241.58003235 -989.76177979 -3.14793754 250.76904297 -989.75750732 -3.15349746 250.63526917 -989.75311279 -3.15471554 250.50097656 -989.753479 -3.17632341 250.09208679 -989.73236084 -3.17632341 249.539505 -989.7097168 -3.17632341 248.98129272 -989.6854248 -3.17632341 248.41751099 -989.65960693 -3.17632341 247.84820557 -989.63220215 -3.17632341 247.2734375 -989.54089355 -3.17632341 245.51672363 -989.50738525 -3.17632341 244.92053223 -989.47247314 -3.17632341 244.31910706 -989.43603516 -3.17632341 243.7124939 -989.39813232 -3.17632341 243.1007843 -989.35882568 -3.17632341 242.48396301 -989.55444336 -3.18712711 245.70193481 -989.52081299 -3.18712711 245.10411072 -989.4855957 -3.18712711 244.50102234 -989.44897461 -3.18712711 243.89277649 -989.41088867 -3.18712711 243.27938843 -989.37127686 -3.18712711 242.66090393 -989.33032227 -3.18712711 242.03738403 -989.36260986 -3.1439116 242.5499115 -989.32403564 -3.1439116 241.93809509 -989.33520508 -3.15471554 242.12254333 -989.29492188 -3.15471554 241.50402832 -989.30627441 -3.16551924 241.68429565 -989.26434326 -3.16551924 241.05914307 -989.27593994 -3.17632341 241.23526001 -989.23236084 -3.17632341 240.60346985 -989.24401855 -3.18712711 240.77545166 -989.1987915 -3.18712711 240.13713074 -989.21051025 -3.19793105 240.30497742 -989.16357422 -3.19793105 239.66014099 -989.18713379 -3.21953869 239.98510742 -989.13824463 -3.21953869 239.3321991 -989.1618042 -3.24114633 239.64402771 -989.11090088 -3.24114633 238.98309326 -989.03875732 -3.11150026 237.62530518 -989.04644775 -3.1223042 237.80706787 -989.08465576 -3.11150026 238.26148987 -989.09265137 -3.1223042 238.44496155 -989.12927246 -3.11150026 238.89289856 -989.13751221 -3.1223042 239.07806396 -989.17254639 -3.11150026 239.51947021 -989.18109131 -3.1223042 239.7063446 -989.2144165 -3.11150026 240.14117432 -989.2232666 -3.1223042 240.32972717 -989.25500488 -3.11150026 240.75793457 -989.26416016 -3.1223042 240.94819641 -989.29425049 -3.11150026 241.36973572 -989.30358887 -3.1223042 241.56167603 -989.33209229 -3.11150026 241.97651672 -989.3416748 -3.1223042 242.1701355 -989.36853027 -3.11150026 242.57821655 -989.37841797 -3.1223042 242.77352905 -989.40362549 -3.11150026 243.17478943 -989.41363525 -3.1223042 243.37179565 -989.39978027 -3.1439116 243.15666199 -989.3739624 -3.15471554 242.73603821 -989.34680176 -3.16551924 242.30450439 -989.3180542 -3.17632341 241.86210632 -989.2878418 -3.18712711 241.40890503 -989.25604248 -3.19793105 240.94494629 -989.23461914 -3.21953869 240.63322449 -989.21124268 -3.24114633 240.30018616 -989.15673828 -3.28436136 239.57073975 -989.68634033 -2.37572289 249.9577179 -989.71722412 -2.88480377 250.48843384 -989.71429443 -3.02857327 250.21562195 -989.68164062 -3.10069656 249.16729736 -989.69042969 -3.10069656 249.43283081 -989.69458008 -3.09949923 249.56504822 -989.6987915 -3.09403443 249.6967926 -989.70666504 -3.06996012 249.9581604 -989.64251709 -3.07908893 248.19195557 -989.65246582 -3.08989263 248.41319275 -989.66192627 -3.08989263 248.68075562 -989.67102051 -3.08989263 248.94688416 -989.67779541 -3.07247329 249.25015259 -989.6796875 -3.08989263 249.21160889 -989.68383789 -3.08869958 249.34341431 -989.65093994 -3.04013133 248.56152344 -989.64318848 -3.029351 248.32701111 -989.63439941 -3.04667735 248.04032898 -989.62677002 -3.03587365 247.80749512 -989.62554932 -3.04667735 247.77752686 -989.66827393 -3.06169271 249.02310181 -989.65930176 -3.0509119 248.79354858 -989.63317871 -3.06828499 247.96821594 -989.62445068 -3.05748129 247.74200439 -989.66552734 -3.1223042 248.51751709 -989.65386963 -3.11150026 248.3054657 -989.6428833 -3.10069656 248.09091187 -989.59558105 -3.01426601 246.81251526 -989.59240723 -3.02506971 246.78459167 -989.60192871 -3.02506971 247.04855347 -989.5993042 -3.03587365 247.01734924 -989.60882568 -3.03587365 247.28215027 -989.60675049 -3.04667735 247.24766541 -989.61633301 -3.04667735 247.51330566 -989.61480713 -3.05748129 247.4755249 -989.62347412 -3.06828499 247.70091248 -989.63275146 -3.07908893 247.92381287 -989.64263916 -3.08989263 248.14422607 -989.63201904 -3.11150026 247.75718689 -989.60864258 -3.11150026 247.20333862 -989.62109375 -3.10069656 247.54428101 -989.59790039 -3.10069656 246.99211121 -989.61083984 -3.08989263 247.32888794 -989.58776855 -3.08989263 246.77838135 -989.60113525 -3.07908893 247.11097717 -989.57824707 -3.07908893 246.56214905 -989.59210205 -3.06828499 246.89059448 -989.56933594 -3.06828499 246.34342957 -989.58361816 -3.05748129 246.66770935 -989.56103516 -3.05748129 246.12223816 -989.57574463 -3.04667735 246.44238281 -989.55328369 -3.04667735 245.89859009 -989.56854248 -3.03587365 246.21459961 -989.54620361 -3.03587365 245.67248535 -989.56182861 -3.02506971 245.98435974 -989.53967285 -3.02506971 245.44393921 -989.62182617 -3.08989263 247.60206604 -989.61206055 -3.07908893 247.3833313 -989.60290527 -3.06828499 247.16209412 -989.59442139 -3.05748129 246.93838501 -989.58648682 -3.04667735 246.71220398 -989.5791626 -3.03587365 246.48358154 -989.5723877 -3.02506971 246.25248718 -989.63604736 -3.01857018 248.09007263 -989.62957764 -3.00778961 247.85069275 -989.62805176 -3.02506971 247.8319397 -989.62561035 -3.01310205 247.72227478 -989.61798096 -3.03587365 247.54554749 -989.61102295 -3.02506971 247.31109619 -989.60467529 -3.01426601 247.07421875 -989.61437988 -2.99150252 247.23706055 -989.6182251 -2.98622823 247.36462402 -989.61346436 -2.97544789 247.11798096 -989.62091064 -2.95229602 247.370224 -989.61303711 -2.93090272 246.86810303 -989.60571289 -2.98185468 246.86320496 -989.6104126 -2.99265838 247.10900879 -989.60968018 -2.98070312 246.99082947 -989.62359619 -2.99700904 247.60887146 -989.63824463 -2.93360043 248.11288452 -989.62792969 -2.91249561 247.61868286 -989.64093018 -2.7839365 248.09924316 -989.6270752 -2.74358964 247.07575989 -989.61437988 -2.87028551 246.60163879 -989.63244629 -3.08989263 247.87384033 -989.62261963 -3.07908893 247.65426636 -989.61340332 -3.06828499 247.4322052 -989.60479736 -3.05748129 247.20765686 -989.59680176 -3.04667735 246.9806366 -989.5894165 -3.03587365 246.75115967 -989.58258057 -3.02506971 246.51925659 -989.57641602 -3.01426601 246.28489685 -989.49304199 -2.9710505 243.72764587 -989.496521 -2.98185468 243.96650696 -989.51593018 -2.9710505 244.26502991 -989.51953125 -2.98185468 244.50559998 -989.53747559 -2.9710505 244.79696655 -989.54119873 -2.98185468 245.03924561 -989.55755615 -2.9710505 245.32339478 -989.56140137 -2.98185468 245.56735229 -989.57623291 -2.9710505 245.84423828 -989.5802002 -2.98185468 246.08990479 -989.59350586 -2.9710505 246.35949707 -989.60162354 -2.9710505 246.61500549 -989.60546875 -2.96990347 246.74221802 -989.49029541 -2.9602468 243.48641968 -989.51300049 -2.9602468 244.02209473 -989.53430176 -2.9602468 244.55232239 -989.55426025 -2.9602468 245.07704163 -989.57287598 -2.9602468 245.59620667 -989.58996582 -2.9602468 246.10977173 -989.59802246 -2.9602468 246.36442566 -989.60571289 -2.95388651 246.61752319 -989.60931396 -2.96466708 246.86895752 -989.58380127 -3.11150026 246.64398193 -989.57318115 -3.10069656 246.43441772 -989.56323242 -3.08989263 246.22236633 -989.55383301 -3.07908893 246.00779724 -989.54504395 -3.06828499 245.79077148 -989.53686523 -3.05748129 245.57125854 -989.52935791 -3.04667735 245.34928894 -989.5223999 -3.03587365 245.12487793 -989.51599121 -3.02506971 244.89804077 -989.64807129 -2.30784512 247.92599487 -989.65142822 -2.80411005 248.59663391 -989.62243652 -2.70324278 246.01464844 -989.61004639 -2.82807541 245.54698181 -989.60430908 -2.88811564 245.83546448 -989.59088135 -2.92783523 245.598526 -989.59844971 -2.92154479 245.84909058 -989.59716797 -2.91076422 245.58825684 -989.60333252 -2.86672211 245.30516052 -989.60473633 -2.84532881 244.765625 -989.56622314 -2.92783523 244.83792114 -989.58300781 -2.92783523 245.34638977 -989.58184814 -2.91703153 245.08724976 -989.58972168 -2.91703153 245.33854675 -989.59649658 -2.89998341 245.32510376 -989.58905029 -2.90622783 245.07621765 -989.59631348 -2.88920283 245.05963135 -989.58892822 -2.89542389 244.81159973 -989.59674072 -2.8784225 244.79185486 -989.5894165 -2.88462019 244.54466248 -989.58123779 -2.90622783 244.82579041 -989.58123779 -2.89542389 244.56201172 -989.58282471 -2.87381625 244.02758789 -989.5904541 -2.87381625 244.27546692 -989.59771729 -2.86764169 244.52177429 -989.54705811 -2.91703153 244.06813049 -989.54803467 -2.92783523 244.3238678 -989.56512451 -2.91703153 244.58049011 -989.52996826 -2.87381625 242.51113892 -989.50714111 -2.89542389 242.51535034 -989.52764893 -2.89542389 243.03529358 -989.52758789 -2.91703153 243.55026245 -989.52978516 -2.93863916 244.05596924 -989.56463623 -2.90622783 244.32072449 -989.56469727 -2.89542389 244.05865479 -989.54681396 -2.89542389 243.54971313 -989.56658936 -2.87381625 243.52763367 -989.5489502 -2.87381625 243.0221405 -989.57061768 -2.85220861 242.98753357 -989.60827637 -2.82393527 244.21697998 -989.61480713 -2.78586531 244.45547485 -989.6204834 -2.76476002 243.89613342 -989.60021973 -2.83060098 243.17593384 -989.60736084 -2.8245194 243.41885376 -989.61407471 -2.80254197 243.65931702 -989.60839844 -2.80899334 242.61274719 -989.61541748 -2.80295801 242.85395813 -989.62213135 -2.78114843 243.0927124 -989.62841797 -2.7436552 243.32783508 -989.61877441 -2.78738594 242.04072571 -989.62567139 -2.78139663 242.2802124 -989.63232422 -2.7597549 242.51725769 -989.6385498 -2.72255015 242.75071716 -989.66229248 -2.58220196 242.61299133 -989.75 -2.10421157 240.95037842 -989.85192871 -2.0363338 238.35150146 -989.86419678 -1.46870255 238.94061279 -990.16107178 -1.37078905 233.33039856 -990.16766357 -0.71771002 233.68066406 -991.10058594 -0.61518002 221.07775879 -991.10241699 -0 221.18119812 -992.41998291 -0 207.09963989 -992.4185791 0.51265001 207.01318359 -989.58673096 -2.85220861 243.48403931 -989.59277344 -2.83060098 242.93148804 -989.57696533 -2.83060098 242.43840027 -989.60107422 -2.80899334 242.37001038 -989.58538818 -2.80899334 241.88037109 -989.60894775 -2.76577806 240.73794556 -989.64105225 -2.72256279 239.56097412 -989.55029297 -2.80899334 240.8846283 -989.50054932 -2.83060098 240.41133118 -989.5413208 -2.83060098 241.43571472 -989.4932251 -2.85220861 240.94654846 -989.5345459 -2.85220861 241.97792053 -989.48809814 -2.87381625 241.47280884 -989.48529053 -2.89542389 241.99003601 -989.48468018 -2.91703153 242.49807739 -989.48522949 -2.92783523 242.74865723 -989.64019775 -2.62254906 243.78253174 -989.62683105 -2.66289568 244.91665649 -989.5993042 -2.85686111 244.24945068 -989.60272217 -2.94310594 246.36373901 -989.59509277 -2.94944286 246.11148071 -989.5871582 -2.94944286 245.85766602 -989.57006836 -2.94944286 245.34579468 -989.55157471 -2.94944286 244.82832336 -989.53179932 -2.94944286 244.30531311 -989.51062012 -2.94944286 243.77679443 -989.54949951 -2.93863916 244.57727051 -989.56787109 -2.93863916 245.09303284 -989.58477783 -2.93863916 245.60321045 -989.5927124 -2.93863916 245.85618591 -989.60028076 -2.93232512 246.10758972 -989.60748291 -2.90950918 246.35649109 -989.55737305 -3.11150026 246.0791626 -989.54699707 -3.10069656 245.87127686 -989.53717041 -3.08989263 245.66088867 -989.5279541 -3.07908893 245.44801331 -989.51934814 -3.06828499 245.23265076 -989.51135254 -3.05748129 245.01483154 -989.50396729 -3.04667735 244.79455566 -989.49719238 -3.03587365 244.57183838 -989.4909668 -3.02506971 244.34667969 -989.52954102 -3.11150026 245.50892639 -989.50024414 -3.11150026 244.93331909 -989.51928711 -3.10069656 245.30270386 -989.49023438 -3.10069656 244.72879028 -989.50970459 -3.08989263 245.09399414 -989.48071289 -3.08989263 244.52175903 -989.50067139 -3.07908893 244.8828125 -989.47192383 -3.07908893 244.31225586 -989.49224854 -3.06828499 244.66914368 -989.46362305 -3.06828499 244.1002655 -989.484375 -3.05748129 244.45301819 -989.45599365 -3.05748129 243.88583374 -989.47717285 -3.04667735 244.23442078 -989.44897461 -3.04667735 243.66894531 -989.47052002 -3.03587365 244.01339722 -989.44250488 -3.03587365 243.44963074 -989.46453857 -3.02506971 243.78996277 -989.43670654 -3.02506971 243.22789001 -989.44750977 -3.1223042 243.96487427 -989.46948242 -3.11150026 244.35240173 -989.43719482 -3.11150026 243.76620483 -989.45965576 -3.10069656 244.14953613 -989.4276123 -3.10069656 243.56503296 -989.45031738 -3.08989263 243.94419861 -989.4185791 -3.08989263 243.36138916 -989.44171143 -3.07908893 243.73638916 -989.41009521 -3.07908893 243.15525818 -989.43365479 -3.06828499 243.52610779 -989.40222168 -3.06828499 242.94667053 -989.4262085 -3.05748129 243.31335449 -989.3949585 -3.05748129 242.73562622 -989.41931152 -3.04667735 243.09817505 -989.3883667 -3.04667735 242.52215576 -989.41308594 -3.03587365 242.8805542 -989.38226318 -3.03587365 242.30622864 -989.40740967 -3.02506971 242.66052246 -989.37683105 -3.02506971 242.08792114 -989.5847168 -2.99265838 246.33317566 -989.5657959 -2.99265838 245.8089447 -989.54547119 -2.99265838 245.27911377 -989.52368164 -2.99265838 244.74377441 -989.50054932 -2.99265838 244.20297241 -989.47589111 -2.99265838 243.65673828 -989.44628906 -2.98185468 242.87208557 -989.44317627 -2.9710505 242.63667297 -989.44067383 -2.9602468 242.39889526 -989.43737793 -2.93863916 241.91629028 -989.41094971 -2.93863916 241.36798096 -989.39398193 -2.99265838 241.98599243 -989.42266846 -2.99265838 242.54820251 -989.44995117 -2.99265838 243.10514832 -989.37194824 -3.01426601 241.8671875 -989.40234375 -3.01426601 242.43806458 -989.43139648 -3.01426601 243.00372314 -989.45910645 -3.01426601 243.56408691 -989.4854126 -3.01426601 244.11911011 -989.51025391 -3.01426601 244.66874695 -989.53375244 -3.01426601 245.21296692 -989.55578613 -3.01426601 245.75169373 -989.36767578 -3.00346231 241.64405823 -989.39788818 -3.00346231 242.21322632 -989.42675781 -3.00346231 242.77716064 -989.45422363 -3.00346231 243.33581543 -989.48034668 -3.00346231 243.88912964 -989.50512695 -3.00346231 244.43707275 -989.52844238 -3.00346231 244.97956848 -989.550354 -3.00346231 245.51661682 -989.57080078 -3.00346231 246.04812622 -989.58984375 -3.00346231 246.57406616 -989.59887695 -3.00346231 246.83491516 -989.60748291 -3.00346231 247.09437561 -989.61572266 -3.00346231 247.35240173 -989.61975098 -3.00230241 247.48086548 -989.34484863 -3.02506971 241.51010132 -989.34020996 -3.01426601 241.29110718 -989.31158447 -3.02506971 240.92715454 -989.33612061 -3.00346231 241.06970215 -989.30322266 -3.00346231 240.49021912 -989.35595703 -3.04667735 241.94091797 -989.35015869 -3.03587365 241.72671509 -989.32226562 -3.04667735 241.35453796 -989.31658936 -3.03587365 241.14204407 -989.28710938 -3.04667735 240.76303101 -989.28173828 -3.03587365 240.55229187 -989.25073242 -3.04667735 240.16650391 -989.24554443 -3.03587365 239.95747375 -989.2130127 -3.04667735 239.56495667 -989.03167725 -3.10069656 237.44108582 -989.07727051 -3.10069656 238.07557678 -989.12158203 -3.10069656 238.70527649 -989.16455078 -3.10069656 239.33013916 -989.20617676 -3.10069656 239.95014954 -989.246521 -3.10069656 240.56523132 -989.28552246 -3.10069656 241.17532349 -989.32305908 -3.10069656 241.78041077 -989.35931396 -3.10069656 242.38043213 -989.39416504 -3.10069656 242.97531128 -989.02514648 -3.08989263 237.25444031 -989.07043457 -3.08989263 237.88722229 -989.11444092 -3.08989263 238.51521301 -989.15716553 -3.08989263 239.13838196 -989.19854736 -3.08989263 239.75666809 -989.23864746 -3.08989263 240.37005615 -989.27734375 -3.08989263 240.97845459 -989.3147583 -3.08989263 241.58183289 -989.35070801 -3.08989263 242.18016052 -989.38531494 -3.08989263 242.77336121 -989.01916504 -3.07908893 237.06538391 -989.06420898 -3.07908893 237.69644165 -989.10791016 -3.07908893 238.32270813 -989.15039062 -3.07908893 238.94416809 -989.19152832 -3.07908893 239.5607605 -989.23132324 -3.07908893 240.17240906 -989.26977539 -3.07908893 240.77911377 -989.3069458 -3.07908893 241.38079834 -989.3427124 -3.07908893 241.97740173 -989.3770752 -3.07908893 242.56890869 -989.3694458 -3.06828499 242.36203003 -989.33532715 -3.06828499 241.7722168 -989.29974365 -3.06828499 241.17732239 -989.26281738 -3.06828499 240.5773468 -989.22460938 -3.06828499 239.97235107 -989.18505859 -3.06828499 239.36239624 -989.14422607 -3.06828499 238.74754333 -989.10198975 -3.06828499 238.12779236 -989.05853271 -3.06828499 237.50325012 -989.0534668 -3.05748129 237.30763245 -988.96331787 -3.05748129 236.04774475 -989.01379395 -3.06828499 236.87391663 -988.96783447 -3.06828499 236.23986816 -988.97851562 -3.08989263 236.61695862 -989.04516602 -3.03587365 236.9092865 -989.12915039 -3.03587365 238.14317322 -989.12530518 -3.02506971 237.93695068 -988.95941162 -3.04667735 235.85322571 -989.04901123 -3.04667735 237.10964966 -989.13360596 -3.04667735 238.34703064 -989.13861084 -3.05748129 238.54849243 -989.1739502 -3.04667735 238.95845032 -989.17919922 -3.05748129 239.16162109 -989.21844482 -3.05748129 239.76986694 -989.25653076 -3.05748129 240.37313843 -989.29315186 -3.05748129 240.97138977 -989.32843018 -3.05748129 241.56460571 -989.36242676 -3.05748129 242.1526947 -989.1651001 -3.02506971 238.54489136 -989.2769165 -3.02506971 240.33911133 -989.27270508 -3.01426601 240.12356567 -989.2409668 -3.02506971 239.74603271 -989.19995117 -3.01426601 238.93583679 -989.20367432 -3.02506971 239.14793396 -989.12200928 -3.01426601 237.72834778 -989.04187012 -3.02506971 236.70654297 -989.0369873 -3.00346231 236.29399109 -989.11932373 -3.00346231 237.51737976 -989.19677734 -3.00346231 238.72140503 -989.26904297 -3.00346231 239.90562439 -989.03442383 -2.98185468 235.87208557 -989.11572266 -2.98185468 237.08842468 -989.19213867 -2.98185468 238.28541565 -989.26348877 -2.98185468 239.46266174 -989.29724121 -2.98185468 240.04376221 -989.32971191 -2.98185468 240.61978149 -989.11523438 -2.93863916 236.20271301 -989.11431885 -2.9602468 236.650177 -989.18969727 -2.93863916 237.38552856 -989.18981934 -2.9602468 237.84010315 -989.25921631 -2.93863916 238.54867554 -989.26019287 -2.9602468 239.01031494 -988.95343018 -3.02506971 235.45710754 -988.949646 -3.00346231 235.05158997 -988.94824219 -2.98185468 234.63677979 -989.43634033 -2.91703153 241.42437744 -989.43658447 -2.92783523 241.67149353 -989.46252441 -2.93863916 242.45928955 -989.46612549 -2.9602468 242.94532776 -989.46881104 -2.9710505 243.18482971 -989.47210693 -2.98185468 243.42196655 -989.44683838 -2.85220861 239.89379883 -989.38891602 -2.87381625 239.33221436 -989.44110107 -2.87381625 240.41304016 -989.38476562 -2.89542389 239.8354187 -989.43756104 -2.89542389 240.92326355 -989.38287354 -2.91703153 240.32951355 -989.38317871 -2.93863916 240.81443787 -989.38580322 -2.9602468 241.2901001 -989.38793945 -2.9710505 241.52441406 -989.46484375 -2.80899334 238.8285675 -989.44262695 -2.76577806 236.68315125 -989.47912598 -2.72256279 235.56309509 -989.27770996 -2.85220861 236.61100769 -989.19628906 -2.89542389 236.44898987 -989.26403809 -2.89542389 237.59788513 -989.19189453 -2.91703153 236.92179871 -989.26049805 -2.91703153 238.07783508 -989.14105225 -2.85220861 234.32255554 -989.04650879 -2.89542389 234.09286499 -989.1237793 -2.89542389 235.28053284 -989.03601074 -2.93863916 235.00062561 -989.03405762 -2.9602468 235.44093323 -989.30010986 -2.80899334 235.58879089 -989.16705322 -2.80899334 233.32955933 -989.33105469 -2.76577806 234.53193665 -989.32421875 -2.91703153 239.21386719 -989.32373047 -2.93863916 239.69177246 -989.32556152 -2.9602468 240.16044617 -989.5100708 -2.80899334 239.86723328 -988.98474121 -3.10069656 236.80187988 -988.99157715 -3.11150026 236.984375 -988.99902344 -3.1223042 237.16445923 -989.14465332 -3.32757664 239.44068909 -989.19940186 -3.32757664 240.11911011 -989.1786499 -3.305969 239.84983826 -989.28411865 -3.1439116 241.32124329 -989.24273682 -3.1439116 240.69941711 -989.2532959 -3.15471554 240.88052368 -989.21032715 -3.15471554 240.2520752 -989.22106934 -3.16551924 240.42901611 -989.17645264 -3.16551924 239.79402161 -989.18743896 -3.17632341 239.96681213 -989.14111328 -3.17632341 239.32531738 -989.15222168 -3.18712711 239.49397278 -989.10418701 -3.18712711 238.8460083 -989.11529541 -3.19793105 239.01054382 -989.06567383 -3.19793105 238.35617065 -989.0880127 -3.21953869 238.67454529 -989.03631592 -3.21953869 238.01220703 -989.05859375 -3.24114633 238.31748962 -989.00494385 -3.24114633 237.6472168 -989.10314941 -3.28436136 238.89866638 -989.04815674 -3.28436136 238.22193909 -989.42431641 -3.1331079 243.56628418 -989.38879395 -3.1331079 242.96635437 -989.35186768 -3.1331079 242.36128235 -989.3135376 -3.1331079 241.75112915 -989.27380371 -3.1331079 241.13597107 -989.23272705 -3.1331079 240.51580811 -989.19024658 -3.1331079 239.89073181 -989.14642334 -3.1331079 239.26075745 -989.10125732 -3.1331079 238.62597656 -989.05474854 -3.1331079 237.98638916 -989.00701904 -3.1331079 237.34207153 -988.95788574 -3.1331079 236.69306946 -988.99188232 -3.28436136 237.54063416 -988.93414307 -3.28436136 236.8547821 -989.1104126 -3.1439116 238.80451965 -989.07312012 -3.15471554 238.33763123 -989.06359863 -3.1439116 238.16325378 -989.02471924 -3.15471554 237.68994141 -989.01550293 -3.1439116 237.51724243 -988.97497559 -3.15471554 237.03756714 -988.96618652 -3.1439116 236.86654663 -988.9239502 -3.15471554 236.3805542 -988.91546631 -3.1439116 236.21121216 -988.87164307 -3.15471554 235.71893311 -988.86346436 -3.1439116 235.55128479 -988.8180542 -3.15471554 235.05278015 -989.03436279 -3.16551924 237.86018372 -988.99407959 -3.17632341 237.37225342 -988.98431396 -3.16551924 237.20613098 -988.94238281 -3.17632341 236.71186829 -988.9329834 -3.16551924 236.54743958 -988.88946533 -3.17632341 236.04690552 -988.88031006 -3.16551924 235.88414001 -988.83514404 -3.17632341 235.37739563 -988.82641602 -3.16551924 235.21630859 -988.77960205 -3.17632341 234.7033844 -988.7711792 -3.16551924 234.54396057 -988.72277832 -3.17632341 234.02493286 -988.95220947 -3.18712711 236.87388611 -988.90869141 -3.19793105 236.36514282 -988.89892578 -3.18712711 236.20724487 -988.85375977 -3.19793105 235.69229126 -988.84436035 -3.18712711 235.53607178 -988.79754639 -3.19793105 235.01495361 -988.78845215 -3.18712711 234.86039734 -988.74005127 -3.19793105 234.33317566 -988.95019531 -3.1223042 236.51713562 -988.90753174 -3.1331079 236.03941345 -988.90014648 -3.1223042 235.8651886 -988.85583496 -3.1331079 235.38117981 -988.84881592 -3.1223042 235.20866394 -988.80297852 -3.1331079 234.71841431 -988.79626465 -3.1223042 234.54760742 -988.7487793 -3.1331079 234.05114746 -988.69342041 -3.1331079 233.37945557 -988.74249268 -3.1223042 233.8820343 -988.68127441 -3.19793105 233.64697266 -988.63684082 -3.1331079 232.70333862 -988.68743896 -3.1223042 233.21203613 -988.87341309 -3.21953869 235.9974823 -988.81652832 -3.21953869 235.31684875 -988.75817871 -3.21953869 234.63175964 -988.69873047 -3.21953869 233.942276 -988.63793945 -3.21953869 233.24841309 -988.68988037 -3.28436136 234.06681824 -988.72149658 -3.32757664 234.56451416 -988.75292969 -3.28436136 234.77038574 -988.78607178 -3.32757664 235.27438354 -988.81463623 -3.28436136 235.46958923 -988.84924316 -3.32757664 235.97993469 -988.87506104 -3.28436136 236.16441345 -988.91107178 -3.32757664 236.68107605 -988.97161865 -3.32757664 237.3777771 -989.03063965 -3.32757664 238.06997681 -989.08837891 -3.32757664 238.75762939 -988.79016113 -3.11150026 234.37435913 -988.84234619 -3.11150026 235.03372192 -988.89337158 -3.11150026 235.6885376 -988.94311523 -3.11150026 236.33877563 -989.5647583 -3.34918427 245.01551819 -989.51989746 -3.34918427 244.36781311 -989.47344971 -3.34918427 243.71510315 -989.42553711 -3.34918427 243.05747986 -989.3760376 -3.34918427 242.3949585 -989.32501221 -3.34918427 241.7276001 -989.27246094 -3.34918427 241.05548096 -989.21844482 -3.34918427 240.37860107 -989.1630249 -3.34918427 239.69703674 -989.10614014 -3.34918427 239.01083374 -989.04779053 -3.34918427 238.3200531 -988.98803711 -3.34918427 237.6247406 -988.92681885 -3.34918427 236.92489624 -988.86431885 -3.34918427 236.22064209 -988.800354 -3.34918427 235.51199341 -988.73510742 -3.34918427 234.79898071 -988.66845703 -3.34918427 234.0816803 -988.47302246 -3.4572227 232.87321472 -988.55102539 -3.43561506 233.44030762 -988.47729492 -3.43561506 232.69833374 -989.26873779 -3.43561506 241.31852722 -989.21075439 -3.43561506 240.62467957 -989.15136719 -3.43561506 239.92623901 -989.0904541 -3.43561506 239.22320557 -989.02801514 -3.43561506 238.51565552 -988.96417236 -3.43561506 237.80363464 -988.89886475 -3.43561506 237.08720398 -988.83209229 -3.43561506 236.36637878 -988.76391602 -3.43561506 235.64122009 -988.69433594 -3.43561506 234.9118042 -988.62335205 -3.43561506 234.17814636 -988.65563965 -3.32757664 233.85031128 -988.60040283 -3.34918427 233.36013794 -988.58843994 -3.32757664 233.13188171 -988.53118896 -3.34918427 232.63439941 -988.5199585 -3.32757664 232.40924072 -988.46057129 -3.34918427 231.90449524 -989.46136475 -3.39239979 243.5718689 -989.4107666 -3.39239979 242.90312195 -989.35858154 -3.39239979 242.22956848 -989.30493164 -3.39239979 241.55122375 -989.24969482 -3.39239979 240.8681488 -989.19299316 -3.39239979 240.18040466 -989.17932129 -3.37079215 239.94360352 -989.13482666 -3.39239979 239.48802185 -989.12176514 -3.37079215 239.25431824 -989.07519531 -3.39239979 238.7910614 -989.06280518 -3.37079215 238.5604248 -989.01409912 -3.39239979 238.08956909 -989.00231934 -3.37079215 237.86198425 -988.95153809 -3.39239979 237.3835907 -988.94049072 -3.37079215 237.15907288 -988.88763428 -3.39239979 236.673172 -988.8772583 -3.37079215 236.45173645 -988.82220459 -3.39239979 235.95837402 -988.81256104 -3.37079215 235.73997498 -988.75549316 -3.39239979 235.23924255 -988.746521 -3.37079215 235.02389526 -988.68731689 -3.39239979 234.51580811 -988.67919922 -3.37079215 234.30351257 -988.61785889 -3.39239979 233.78814697 -988.6104126 -3.37079215 233.57888794 -988.54699707 -3.39239979 233.05627441 -988.54034424 -3.37079215 232.85006714 -988.47485352 -3.39239979 232.32028198 -988.89367676 -3.24114633 236.29295349 -988.83599854 -3.24114633 235.60903931 -988.77703857 -3.24114633 234.92068481 -988.71679688 -3.24114633 234.22792053 -988.65527344 -3.24114633 233.5308075 -988.59246826 -3.24114633 232.82939148 -988.55987549 -3.28436136 232.64682007 -988.70001221 -3.1439116 233.54443359 -988.64306641 -3.1439116 232.86663818 -988.64984131 -3.15471554 233.02752686 -988.59130859 -3.15471554 232.34368896 -988.59814453 -3.16551924 232.50047302 -988.54498291 -3.17632341 231.96334839 -988.7557373 -3.1439116 234.21784973 -988.70715332 -3.15471554 233.70703125 -988.65710449 -3.16551924 233.18600464 -988.60546875 -3.17632341 232.65486145 -988.55993652 -3.19793105 232.26159668 -988.49743652 -3.19793105 231.5625 -988.51263428 -3.21953869 231.84786987 -988.44812012 -3.21953869 231.14125061 -988.46307373 -3.24114633 231.41383362 -988.39660645 -3.24114633 230.69978333 -988.39086914 -3.11150026 229.63592529 -988.39855957 -3.1331079 229.95599365 -988.45141602 -3.11150026 230.32566833 -988.4598999 -3.1331079 230.64916992 -988.45019531 -3.32757664 231.68244934 -988.8102417 -3.1439116 234.8868103 -988.76318359 -3.15471554 234.38212585 -988.71478271 -3.16551924 233.8671875 -988.66479492 -3.17632341 233.34207153 -988.62115479 -3.19793105 232.95643616 -988.5758667 -3.21953869 232.55026245 -988.52838135 -3.24114633 232.123703 -988.42486572 -3.28436136 231.21000671 -988.30999756 -3.4788301 231.53089905 -988.32006836 -3.4572227 231.37123108 -988.3258667 -3.43561506 231.20217896 -988.32659912 -3.39239979 230.83602905 -988.32794189 -3.41400743 231.02378845 -988.4777832 -3.41400743 232.51402283 -988.55072021 -3.41400743 233.2530365 -988.62231445 -3.41400743 233.98789978 -988.69250488 -3.41400743 234.71858215 -988.76141357 -3.41400743 235.44500732 -988.82891846 -3.41400743 236.16717529 -988.8949585 -3.41400743 236.88499451 -988.95959473 -3.41400743 237.59843445 -989.02276611 -3.41400743 238.3074646 -989.08453369 -3.41400743 239.01199341 -989.14483643 -3.41400743 239.71200562 -989.20367432 -3.41400743 240.40742493 -989.26098633 -3.41400743 241.09822083 -989.31677246 -3.41400743 241.78436279 -989.37103271 -3.41400743 242.46575928 -989.42376709 -3.41400743 243.14241028 -988.30682373 -3.32757664 230.21659851 -988.31561279 -3.34918427 230.43244934 -988.37915039 -3.32757664 230.95155334 -988.38873291 -3.34918427 231.17048645 -988.46899414 -3.37079215 232.11709595 -988.39630127 -3.37079215 231.38005066 -988.3223877 -3.37079215 230.63891602 -988.24713135 -3.37079215 229.89379883 -988.28485107 -3.28436136 229.7567749 -988.5848999 -3.1439116 232.18449402 -988.5255127 -3.1439116 231.49804688 -988.53155518 -3.15471554 231.65553284 -988.47064209 -3.15471554 230.96315002 -988.4833374 -3.17632341 231.26759338 -988.42041016 -3.17632341 230.56761169 -988.43377686 -3.19793105 230.85919189 -988.36889648 -3.19793105 230.1517334 -988.38244629 -3.21953869 230.43048096 -988.31555176 -3.21953869 229.71560669 -988.32885742 -3.24114633 229.98162842 -988.2598877 -3.24114633 229.25941467 -988.14001465 -3.28436136 228.28749084 -988.08850098 -3.17632341 227.00645447 -988.16717529 -3.19793105 228.00488281 -988.22467041 -3.17632341 228.44299316 -988.2355957 -3.19793105 228.72451782 -988.29107666 -3.17632341 229.15527344 -988.30285645 -3.19793105 229.44015503 -988.11859131 -3.24114633 227.80302429 -988.33605957 -3.1331079 229.25863647 -988.3291626 -3.11150026 228.9420166 -988.27246094 -3.1331079 228.5572052 -988.20245361 -3.11150026 227.54197693 -988.68200684 -3.11150026 233.04222107 -988.62609863 -3.11150026 232.36953735 -988.57904053 -3.1331079 232.02290344 -988.5690918 -3.11150026 231.6925354 -988.52008057 -3.1331079 231.33816528 -988.15026855 -3.4788301 230.00721741 -988.16186523 -3.4572227 229.853302 -987.99847412 -3.4572227 228.31983948 -988.16931152 -3.43561506 229.69009399 -988.00756836 -3.43561506 228.16242981 -987.83007812 -3.4572227 226.77122498 -987.84082031 -3.43561506 226.61959839 -987.65679932 -3.4572227 225.20785522 -987.46032715 -3.4788301 223.76123047 -987.06030273 -3.50043774 220.66401672 -988.1706543 -3.37079215 229.14472961 -988.16558838 -3.34918427 228.94438171 -988.01403809 -3.37079215 227.63494873 -988.01074219 -3.34918427 227.44068909 -987.85266113 -3.37079215 226.10993958 -987.85107422 -3.34918427 225.92176819 -987.6864624 -3.37079215 224.57009888 -988.17297363 -3.41400743 229.51759338 -988.17321777 -3.39239979 229.33581543 -988.01293945 -3.41400743 227.99581909 -988.01495361 -3.39239979 227.81999207 -987.84790039 -3.41400743 226.45884705 -987.85168457 -3.39239979 226.28895569 -987.67810059 -3.41400743 224.90708923 -987.68371582 -3.39239979 224.74311829 -987.50372314 -3.41400743 223.34089661 -987.5111084 -3.39239979 223.18284607 -987.32470703 -3.41400743 221.76071167 -987.29595947 -3.4572227 222.03837585 -987.31213379 -3.43561506 221.90397644 -987.10876465 -3.4572227 220.43304443 -987.6776123 -3.28436136 223.78729248 -987.68518066 -3.32757664 224.19683838 -987.83630371 -3.28436136 225.30235291 -987.84765625 -3.32757664 225.72444153 -987.99041748 -3.28436136 226.80253601 -988.00537109 -3.32757664 227.23721313 -988.1585083 -3.32757664 228.73471069 -988.2333374 -3.32757664 229.47763062 -987.65740967 -3.19793105 222.85926819 -987.66204834 -3.21953869 223.10488892 -987.80847168 -3.19793105 224.3482666 -987.81500244 -3.21953869 224.60054016 -987.95526123 -3.19793105 225.82240295 -987.96362305 -3.21953869 226.08131409 -988.09765625 -3.19793105 227.28128052 -988.10778809 -3.21953869 227.54681396 -987.65380859 -3.17632341 222.60452271 -987.80291748 -3.17632341 224.08682251 -987.94787598 -3.17632341 225.55426025 -988.28082275 -3.15471554 228.86096191 -988.215271 -3.15471554 228.15205383 -988.08081055 -3.15471554 226.72227478 -987.94189453 -3.15471554 225.27685547 -987.79882812 -3.15471554 223.81620789 -987.65289307 -3.11150026 221.78575134 -987.65118408 -3.1331079 222.06777954 -987.79650879 -3.11150026 223.24745178 -987.79663086 -3.1331079 223.53642273 -987.5022583 -3.19793105 221.35577393 -987.50817871 -3.24114633 221.82478333 -987.66723633 -3.24114633 223.34144592 -987.82214355 -3.24114633 224.84364319 -987.97259521 -3.24114633 226.33096313 -987.17156982 -3.32757664 219.52879333 -987.17602539 -3.28436136 219.15684509 -987.34490967 -3.24114633 220.29402161 -987.35400391 -3.11150026 218.81945801 -987.34844971 -3.1331079 219.08752441 -987.50537109 -3.11150026 220.30963135 -987.50177002 -3.1331079 220.58467102 -987.34326172 -3.17632341 219.59692383 -987.34301758 -3.19793105 219.83821106 -987.17980957 -3.19793105 218.30696106 -987.17767334 -3.24114633 218.74957275 -987.34490967 -3.15471554 219.34667969 -987.18585205 -3.15471554 217.82897949 -987.01287842 -3.19793105 216.76239014 -987.00646973 -3.24114633 217.19181824 -986.83148193 -3.24114633 215.62113953 -987.93603516 -3.11150026 224.69430542 -987.93786621 -3.1331079 224.99020386 -988.07141113 -3.11150026 226.1259613 -988.07501221 -3.1331079 226.42877197 -988.20776367 -3.1331079 227.85171509 -988.83123779 -3.08989263 234.67658997 -988.83654785 -3.10069656 234.85635376 -988.8815918 -3.08989263 235.32797241 -988.88720703 -3.10069656 235.50946045 -988.93066406 -3.08989263 235.97477722 -988.93658447 -3.10069656 236.1579895 -988.8682251 -3.05748129 234.76914978 -988.87213135 -3.06828499 234.95779419 -988.92059326 -3.06828499 235.60115051 -988.73669434 -3.11150026 233.71051025 -988.78460693 -3.10069656 234.19869995 -988.67712402 -3.10069656 232.87001038 -988.76074219 -3.00346231 232.51135254 -988.85754395 -3.00346231 233.79058838 -988.8572998 -2.98185468 233.38290405 -988.76171875 -2.98185468 232.11082458 -988.86340332 -2.93863916 232.54016113 -988.77032471 -2.93863916 231.282547 -988.56488037 -3.10069656 231.52378845 -988.51086426 -3.11150026 231.01123047 -988.77966309 -3.08989263 234.0206604 -988.67285156 -3.08989263 232.69543457 -988.56140137 -3.08989263 231.35266113 -988.44525146 -3.08989263 229.99272156 -988.32452393 -3.08989263 228.61602783 -988.8223877 -3.06828499 234.30987549 -988.8649292 -3.04667735 234.578125 -988.77142334 -3.06828499 233.65744019 -988.765625 -3.04667735 233.28475952 -988.66607666 -3.06828499 232.3391571 -988.66149902 -3.04667735 231.97348022 -988.55596924 -3.06828499 231.00335693 -988.55285645 -3.04667735 230.64471436 -988.44128418 -3.06828499 229.65042114 -988.43963623 -3.04667735 229.29884338 -988.32214355 -3.06828499 228.2807312 -988.32202148 -3.04667735 227.93623352 -988.1986084 -3.06828499 226.8946991 -988.55200195 -3.02506971 230.27684021 -988.55340576 -3.00346231 229.89978027 -988.44018555 -3.02506971 228.93807983 -988.32836914 -3.00346231 227.21995544 -988.33496094 -2.98185468 226.8483429 -988.55706787 -2.98185468 229.51364136 -988.66156006 -2.98185468 230.82095337 -988.65930176 -3.02506971 231.59849548 -988.78765869 -2.89542389 230.41856384 -988.96472168 -2.89542389 232.88638306 -988.98614502 -2.85220861 231.95773315 -988.59332275 -2.89542389 227.88011169 -988.81365967 -2.85220861 229.51956177 -989.05450439 -2.76577806 229.99703979 -989.20147705 -2.76577806 232.30223083 -989.3704834 -2.72256279 233.44119263 -989.53747559 -2.59291697 229.97279358 -987.79858398 -3.08989263 222.94940186 -988.07000732 -3.08989263 225.81390381 -988.19940186 -3.08989263 227.22296143 -987.51116943 -3.08989263 220.02565002 -987.51916504 -3.06828499 219.7328186 -987.80285645 -3.06828499 222.6423645 -988.07086182 -3.06828499 225.4927063 -987.57220459 -2.98185468 218.47465515 -987.54144287 -3.02506971 219.12095642 -987.84173584 -2.98185468 221.32574463 -987.81799316 -3.02506971 222.00157166 -988.09625244 -2.98185468 224.11801147 -988.0791626 -3.02506971 224.82316589 -988.20367432 -3.02506971 226.21084595 -988.32409668 -3.02506971 227.58261108 -988.76202393 -3.02506971 232.9026947 -988.86010742 -3.02506971 234.18902588 -986.90740967 -3.06828499 213.74864197 -987.22033691 -3.06828499 216.76722717 -987.25024414 -3.02506971 216.18440247 -988.57086182 -2.93863916 228.71450806 -988.35443115 -2.93863916 226.07859802 -988.12188721 -2.93863916 223.37792969 -987.87384033 -2.93863916 220.61557007 -988.41894531 -2.85220861 224.43548584 -988.19824219 -2.85220861 221.79566956 -987.61120605 -2.93863916 217.79458618 -988.95202637 -2.93863916 233.77964783 -989.32739258 -2.9710505 240.39128113 -989.36083984 -2.98185468 241.19067383 -986.72131348 -3.4572227 217.18315125 -986.6652832 -3.50043774 217.39193726 -986.91717529 -3.4572227 218.81451416 -986.31738281 -3.4572227 213.88354492 -986.253479 -3.50043774 214.0703125 -986.5904541 -3.54365301 217.5662384 -986.99261475 -3.54365301 220.85978699 -987.37664795 -3.54365301 224.10087585 -985.73577881 -3.54365301 210.83416748 -985.62451172 -3.58686852 210.93312073 -986.37109375 -3.6300838 217.81150818 -985.8258667 -3.50043774 210.70223999 -985.89794922 -3.4572227 210.537323 -985.46417236 -3.4572227 207.14761353 -985.38354492 -3.50043774 207.290802 -985.28540039 -3.54365301 207.40179443 -985.48895264 -3.6300838 210.99914551 -984.82116699 -3.54365301 203.92932129 -984.54492188 -3.6300838 204.01568604 -984.16479492 -3.71651411 203.97677612 -983.65704346 -3.8029449 203.81280518 -984.09301758 -3.97580576 217.41848755 -983.36437988 -4.14866734 230.20153809 -981.29766846 -4.32152796 242.05050659 -977.95904541 -4.49438953 252.98738098 -980.73468018 -3.54365301 175.07583618 -980.3270874 -3.6300838 174.85968018 -981.52862549 -3.8029449 189.16531372 -976.90283203 -3.8029449 158.91885376 -987.51574707 -3.37079215 223.01579285 -987.34063721 -3.37079215 221.44746399 -987.14129639 -3.41400743 220.16687012 -987.16107178 -3.37079215 219.86547852 -986.95355225 -3.41400743 218.55979919 -986.97747803 -3.37079215 218.27020264 -986.76171875 -3.41400743 216.93986511 -986.78967285 -3.37079215 216.66204834 -986.3659668 -3.41400743 213.66300964 -986.80847168 -3.32757664 216.34967041 -986.8213501 -3.28436136 216.00270081 -986.45153809 -3.28436136 212.79850769 -987.19891357 -3.11150026 217.31561279 -987.04016113 -3.11150026 215.79850769 -987.02301025 -3.15471554 216.29797363 -986.85650635 -3.15471554 214.75405884 -986.84216309 -3.19793105 215.20492554 -986.49005127 -3.19793105 212.05284119 -986.47058105 -3.24114633 212.44262695 -986.06762695 -3.28436136 209.54734802 -986.87786865 -3.11150026 214.26852417 -986.51324463 -3.15471554 211.62911987 -986.12451172 -3.19793105 208.85379028 -985.67053223 -3.28436136 206.25236511 -985.58441162 -3.37079215 206.76454163 -985.15570068 -3.37079215 203.38002014 -985.53009033 -3.41400743 206.97219849 -983.51965332 -3.28436136 189.22979736 -983.11456299 -3.4572227 189.65516663 -984.26361084 -3.37079215 196.50170898 -984.08636475 -3.4572227 196.74847412 -985.01690674 -3.4572227 203.71748352 -984.40924072 -3.28436136 196.135849 -985.2611084 -3.28436136 202.91671753 -985.74639893 -3.19793105 205.6109314 -986.15679932 -3.15471554 208.45729065 -986.54315186 -3.11150026 211.17147827 -985.83624268 -3.11150026 204.84002686 -986.29718018 -3.02506971 207.0703125 -986.19567871 -3.11150026 208.02761841 -986.6272583 -3.02506971 210.15597534 -987.04510498 -2.93863916 211.98916626 -984.69470215 -3.11150026 195.04629517 -987.74633789 -2.59291697 205.94224548 -984.34912109 -2.93863916 187.04013062 -983.88952637 -3.11150026 188.3558197 -984.54553223 -3.19793105 195.65077209 -984.95605469 -3.19793105 199.00630188 -985.35656738 -3.19793105 202.32740784 -985.78808594 -3.15471554 205.24168396 -986.58117676 -3.06828499 210.68023682 -986.94525146 -3.02506971 213.19503784 -987.3347168 -2.93863916 214.91809082 -987.71350098 -2.85220861 216.33578491 -988.30700684 -2.76577806 220.08178711 -973.26971436 -4.14866734 156.00448608 -961.30682373 -4.84011173 147.1673584 -963.96765137 -4.84011173 178.26251221 -957.09875488 -5.18583393 203.10687256 -957.5880127 -5.18583393 217.66860962 -968.24169922 -3.8029449 99.94830322 -964.75860596 -4.14866734 95.60219574 -968.72399902 -4.14866734 125.10691833 -956.32495117 -4.84011173 85.969841 -958.64605713 -4.84011173 116.0721817 -953.06555176 -5.18583393 111.09094238 -954.46966553 -5.18583393 142.01574707 -972.27697754 -3.8029449 128.67240906 -975.94989014 -3.28436136 132.47914124 -974.04986572 -3.11150026 107.42086792 -971.23846436 -3.4572227 103.88906097 -980.46386719 -3.11150026 160.84469604 -981.25854492 -2.93863916 160.51185608 -978.16809082 -2.93863916 133.98356628 -979.34484863 -2.76577806 134.44248962 -976.91741943 -2.76577806 110.55387115 -981.82598877 -2.42005587 134.84754944 -979.87121582 -2.42005587 113.33926392 -984.4553833 -2.07433367 134.66937256 -982.89813232 -2.07433367 115.83665466 -985.98522949 -1.72861135 118.10562134 -981.0802002 -3.4572227 175.19508362 -965.38745117 -3.8029449 74.26892853 -966.63006592 -3.8029449 86.63288116 -969.7979126 -3.4572227 91.21892548 -981.65740967 -3.28436136 175.14228821 -979.73480225 -3.28436136 160.85447693 -977.03820801 -3.11150026 133.33355713 -975.4720459 -2.93863916 109.03453827 -968.68731689 -3.4572227 79.54320526 -972.85632324 -3.11150026 95.56343079 -971.93615723 -3.11150026 84.70501709 -981.79663086 -2.07433367 99.59104919 -981.92547607 -3.19793105 174.9699707 -988.20843506 -1.38288903 100.85387421 -988.45898438 -1.38288903 109.17366791 -989.1194458 -1.38288903 120.20573425 -988.60681152 -1.72861135 151.06315613 -986.24060059 -2.07433367 154.7956543 -984.06695557 -2.42005587 157.79718018 -982.12750244 -2.76577806 159.87709045 -982.82849121 -2.93863916 173.87471008 -982.20404053 -3.11150026 174.70014954 -983.69854736 -3.19793105 188.84896851 -991.12384033 -1.38288903 146.7903595 -956.32495117 4.84011173 85.969841 -957.09875488 5.18583393 203.10687256 -955.87384033 5.18583393 172.9405365 -963.96765137 4.84011173 178.26251221 -957.5880127 5.18583393 217.66860962 -966.28875732 4.84011173 208.36483765 -971.63690186 4.49438953 183.09542847 -982.03112793 -4.32152796 254.23049927 -982.14306641 -4.32152796 257.10317993 -982.18756104 -4.31224346 258.51165771 -982.19744873 -4.27868986 258.85910034 -982.20697021 -4.22100782 259.20193481 -982.21588135 -4.13955498 259.53839111 -984.00567627 -3.95399666 260.2310791 -982.2243042 -4.03469038 259.86660767 -984.01397705 -3.82867384 260.54394531 -982.2322998 -3.90681028 260.18478394 -984.02172852 -3.68157005 260.84527588 -982.23974609 -3.75670409 260.49127197 -984.0289917 -3.51368284 261.13354492 -982.24664307 -3.58539081 260.78451538 -984.03564453 -3.32601213 261.40722656 -982.25311279 -3.39388967 261.06295776 -984.04187012 -3.11955714 261.66485596 -982.2590332 -3.18322158 261.32507324 -984.04754639 -2.89533114 261.90496826 -982.26452637 -2.95441961 261.56933594 -984.05267334 -2.65460849 262.12615967 -982.26940918 -2.7087841 261.79437256 -984.05725098 -2.39888072 262.32739258 -982.27386475 -2.44783759 261.99914551 -984.0612793 -2.12964439 262.50772095 -982.277771 -2.17310667 262.18261719 -984.06481934 -1.84839571 262.66610718 -982.28112793 -1.88611805 262.34378052 -984.06787109 -1.55663335 262.80154419 -982.28399658 -1.58840144 262.48162842 -984.0703125 -1.25599253 262.91323853 -982.28637695 -1.28162503 262.59527588 -984.07220459 -0.94824386 263.00073242 -982.28826904 -0.9675957 262.68429565 -984.0736084 -0.63515222 263.06362915 -982.28955078 -0.6481145 262.74829102 -984.07440186 -0.31848261 263.10165405 -982.29034424 -0.32498229 262.78701782 -984.074646 -0 263.1144104 -982.29064941 -0 262.79998779 -984.07440186 0.31848261 263.10165405 -982.29034424 0.32498229 262.78701782 -984.0736084 0.63515222 263.06362915 -982.28955078 0.6481145 262.74829102 -984.07220459 0.94824386 263.00073242 -982.28826904 0.9675957 262.68429565 -984.0703125 1.25599253 262.91323853 -982.28637695 1.28162503 262.59527588 -984.06787109 1.55663335 262.80154419 -982.28399658 1.58840144 262.48162842 -984.06481934 1.84839571 262.66610718 -982.28112793 1.88611805 262.34378052 -984.0612793 2.12964439 262.50772095 -982.277771 2.17310667 262.18261719 -984.05725098 2.39888072 262.32739258 -982.27386475 2.44783759 261.99914551 -984.05267334 2.65460849 262.12615967 -982.26940918 2.7087841 261.79437256 -984.04754639 2.89533114 261.90496826 -982.26452637 2.95441961 261.56933594 -984.04187012 3.11955714 261.66485596 -982.2590332 3.18322158 261.32507324 -984.03564453 3.32601213 261.40722656 -982.25311279 3.39388967 261.06295776 -984.0289917 3.51368284 261.13354492 -982.24664307 3.58539081 260.78451538 -984.02172852 3.68157005 260.84527588 -982.23974609 3.75670409 260.49127197 -984.01397705 3.82867384 260.54394531 -982.2322998 3.90681028 260.18478394 -984.00567627 3.95399666 260.2310791 -982.2243042 4.03469038 259.86660767 -983.99694824 4.05676413 259.90829468 -982.21588135 4.13955498 259.53839111 -983.98760986 4.1365881 259.5774231 -982.20697021 4.22100782 259.20193481 -983.9777832 4.19311619 259.24023438 -982.19744873 4.27868986 258.85910034 -983.96746826 4.2259984 258.89846802 -982.18756104 4.31224346 258.51165771 -983.92114258 4.23509789 257.5123291 -982.14306641 4.32152796 257.10317993 -983.8046875 4.23509789 254.68254089 -982.03112793 4.32152796 254.23049927 -981.29766846 4.32152796 242.05050659 -985.56390381 -3.8029449 217.88941956 -978.05938721 -4.49438953 255.94416809 -978.09936523 -4.48473263 257.39675903 -978.10821533 -4.44983721 257.75534058 -978.11669922 -4.38984823 258.10931396 -978.12469482 -4.30513763 258.45672607 -978.13226318 -4.19607782 258.79577637 -978.1394043 -4.06308222 259.12451172 -978.14605713 -3.90697217 259.44119263 -978.15234375 -3.72880626 259.7442627 -978.15814209 -3.5296452 260.03201294 -978.16339111 -3.31055045 260.30297852 -978.16833496 -3.07259631 260.55551147 -978.17272949 -2.81713557 260.78820801 -978.17663574 -2.54575086 260.99993896 -978.18017578 -2.26003098 261.18969727 -978.18322754 -1.96156275 261.35638428 -978.18585205 -1.65193748 261.4989624 -978.18792725 -1.33289003 261.6164856 -978.1895752 -1.0062995 261.70855713 -978.19073486 -0.67403907 261.77478027 -978.19140625 -0.33798155 261.81478882 -978.19165039 -0 261.82824707 -978.19140625 0.33798155 261.81478882 -978.19073486 0.67403907 261.77478027 -978.1895752 1.0062995 261.70855713 -978.18792725 1.33289003 261.6164856 -978.18585205 1.65193748 261.4989624 -978.18322754 1.96156275 261.35638428 -978.18017578 2.26003098 261.18969727 -978.17663574 2.54575086 260.99993896 -978.17272949 2.81713557 260.78820801 -978.16833496 3.07259631 260.55551147 -978.16339111 3.31055045 260.30297852 -978.15814209 3.5296452 260.03201294 -978.15234375 3.72880626 259.7442627 -978.14605713 3.90697217 259.44119263 -978.1394043 4.06308222 259.12451172 -978.13226318 4.19607782 258.79577637 -978.12469482 4.30513763 258.45672607 -978.11669922 4.38984823 258.10931396 -978.10821533 4.44983721 257.75534058 -978.09936523 4.48473263 257.39675903 -978.05938721 4.49438953 255.94416809 -977.95904541 4.49438953 252.98738098 -977.30151367 4.49438953 240.52204895 -980.15808105 4.32152796 228.89013672 -976.27984619 4.49438953 227.14888 -978.67993164 4.32152796 214.91275024 -974.95471191 4.49438953 213.0191803 -971.63690186 -4.49438953 183.09542847 -966.28875732 -4.84011173 208.36483765 -967.21575928 -4.84011173 222.73345947 -967.93054199 -4.84011173 236.48153687 -968.39050293 -4.84011173 249.48498535 -968.46075439 -4.84011173 252.60496521 -968.48864746 -4.82971239 254.14373779 -968.49487305 -4.79213285 254.52423096 -968.50079346 -4.72752905 254.89997864 -968.50640869 -4.63630199 255.26902771 -968.51171875 -4.51885366 255.62930298 -968.51672363 -4.37562704 255.97875977 -968.5213623 -4.20750856 256.31555176 -968.5256958 -4.0156374 256.63790894 -968.52978516 -3.80115652 256.94415283 -968.5335083 -3.56520796 257.23251343 -968.53692627 -3.30894995 257.50137329 -968.54003906 -3.03383827 257.74911499 -968.54272461 -2.7415781 257.97460938 -968.54522705 -2.43387938 258.17672729 -968.54736328 -2.11245227 258.35427856 -968.5491333 -1.77900958 258.50613403 -968.55059814 -1.43542004 258.63137817 -968.55181885 -1.08370721 258.72949219 -968.5526123 -0.72588825 258.80004883 -968.55310059 -0.36398011 258.8427124 -968.55322266 -0 258.85702515 -968.55310059 0.36398011 258.8427124 -968.5526123 0.72588825 258.80004883 -968.55181885 1.08370721 258.72949219 -968.55059814 1.43542004 258.63137817 -968.5491333 1.77900958 258.50613403 -968.54736328 2.11245227 258.35427856 -968.54522705 2.43387938 258.17672729 -968.54272461 2.7415781 257.97460938 -968.54003906 3.03383827 257.74911499 -968.53692627 3.30894995 257.50137329 -968.5335083 3.56520796 257.23251343 -968.52978516 3.80115652 256.94415283 -968.5256958 4.0156374 256.63790894 -968.5213623 4.20750856 256.31555176 -968.51672363 4.37562704 255.97875977 -968.51171875 4.51885366 255.62930298 -968.50640869 4.63630199 255.26902771 -968.50079346 4.72752905 254.89997864 -968.49487305 4.79213285 254.52423096 -968.48864746 4.82971239 254.14373779 -968.46075439 4.84011173 252.60496521 -968.39050293 4.84011173 249.48498535 -967.93054199 4.84011173 236.48153687 -967.21575928 4.84011173 222.73345947 -958.26611328 5.06520987 250.97784424 -958.26300049 5.13442802 250.58055115 -958.25970459 5.17469168 250.17848206 -958.24499512 5.18583393 248.55490112 -958.20788574 5.18583393 245.275177 -957.96520996 5.18583393 231.75631714 -973.26971436 4.14866734 156.00448608 -968.72399902 4.14866734 125.10691833 -964.75860596 4.14866734 95.60219574 -963.17492676 4.14866734 81.80741882 -961.95385742 4.14866734 68.88318634 -972.85632324 3.11150026 95.56343079 -971.93615723 3.11150026 84.70501709 -971.34399414 3.11150026 75.04541016 -968.68731689 3.4572227 79.54320526 -969.7979126 3.4572227 91.21892548 -971.23846436 3.4572227 103.88906097 -980.46386719 3.11150026 160.84469604 -981.25854492 2.93863916 160.51185608 -977.03820801 3.11150026 133.33355713 -978.16809082 2.93863916 133.98356628 -979.87121582 2.42005587 113.33926392 -976.91741943 2.76577806 110.55387115 -975.4720459 2.93863916 109.03453827 -974.04986572 3.11150026 107.42086792 -975.94989014 3.28436136 132.47914124 -974.84521484 3.4572227 131.41705322 -979.73480225 3.28436136 160.85447693 -978.9798584 3.4572227 160.53611755 -978.55450439 3.54365301 160.25418091 -977.81530762 4.14866734 186.90205383 -980.01281738 3.97580576 188.25276184 -984.09301758 3.97580576 217.41848755 -966.63006592 3.8029449 86.63288116 -968.24169922 3.8029449 99.94830322 -981.52862549 3.8029449 189.16531372 -982.07446289 3.71651411 189.45492554 -986.03753662 3.71651411 217.91915894 -985.8258667 3.50043774 210.70223999 -985.73577881 3.54365301 210.83416748 -985.62451172 3.58686852 210.93312073 -985.48895264 3.6300838 210.99914551 -982.50671387 3.6300838 189.63322449 -982.84643555 3.54365301 189.70002747 -983.11456299 3.4572227 189.65516663 -986.90856934 3.89118218 260.24520874 -985.56921387 3.97397304 260.14797974 -986.89880371 3.96774745 259.92559814 -985.55969238 4.05216789 259.82272339 -986.88848877 4.02196884 259.599823 -985.54956055 4.10754251 259.49121094 -986.87768555 4.05350828 259.26953125 -985.53894043 4.13975334 259.15515137 -986.82897949 4.06223679 257.92892456 -985.49121094 4.14866734 257.79162598 -986.70666504 4.06223679 255.18685913 -985.37127686 4.14866734 255.00535583 -984.58544922 4.14866734 243.1257782 -985.57830811 3.87330294 260.46524048 -986.91778564 3.79260898 260.55688477 -985.58679199 3.75053763 260.7727356 -986.92651367 3.67240143 260.85894775 -985.5947876 3.60643578 261.06887817 -985.60223389 3.44197488 261.35214233 -986.30987549 3.22419524 261.67523193 -985.60919189 3.25813413 261.62109375 -986.31640625 3.02406049 261.92611694 -985.61553955 3.05589271 261.87420654 -986.32220459 2.80669856 262.15985107 -985.62139893 2.83624291 262.1100769 -986.32757568 2.57334495 262.37521362 -985.62664795 2.60043287 262.32736206 -986.33233643 2.32544565 262.57113647 -985.63140869 2.34992409 262.52508545 -986.33660889 2.06445146 262.74667358 -985.63555908 2.08618236 262.70223999 -986.340271 1.79181218 262.90084839 -985.63922119 1.81067336 262.8578186 -986.34338379 1.50898135 263.03271484 -985.64233398 1.52486539 262.99087524 -986.34594727 1.21754372 263.14138794 -985.64483643 1.23036003 263.10055542 -986.34796143 0.91921598 263.22653198 -985.64678955 0.9288919 263.18649292 -986.34942627 0.61570877 263.28781128 -985.64819336 0.62218988 263.24829102 -986.35021973 0.30873314 263.32479858 -985.64904785 0.31198296 263.28564453 -986.3505249 -0 263.33721924 -985.64935303 -0 263.29818726 -986.35021973 -0.30873314 263.32479858 -985.64904785 -0.31198296 263.28564453 -986.34942627 -0.61570877 263.28781128 -985.64819336 -0.62218988 263.24829102 -986.34796143 -0.91921598 263.22653198 -985.64678955 -0.9288919 263.18649292 -986.34594727 -1.21754372 263.14138794 -985.64483643 -1.23036003 263.10055542 -986.34338379 -1.50898135 263.03271484 -985.64233398 -1.52486539 262.99087524 -986.340271 -1.79181218 262.90084839 -985.63922119 -1.81067336 262.8578186 -986.33660889 -2.06445146 262.74667358 -985.63555908 -2.08618236 262.70223999 -986.33233643 -2.32544565 262.57113647 -985.63140869 -2.34992409 262.52508545 -986.32757568 -2.57334495 262.37521362 -985.62664795 -2.60043287 262.32736206 -986.32220459 -2.80669856 262.15985107 -985.62139893 -2.83624291 262.1100769 -986.31640625 -3.02406049 261.92611694 -985.61553955 -3.05589271 261.87420654 -987.50085449 3.63333344 260.84466553 -987.49206543 3.75226235 260.5453186 -986.9855957 1.20472753 263.1449585 -986.98303223 1.49309731 263.03726196 -987.55773926 1.47721338 263.00296021 -987.55456543 1.75408983 262.87353516 -986.97991943 1.77295101 262.90664673 -987.55078125 2.02098918 262.72219849 -986.97619629 2.04272008 262.75387573 -987.54650879 2.27648878 262.54983521 -986.97192383 2.30096722 262.57992554 -987.54168701 2.51916933 262.35754395 -986.96710205 2.54625702 262.38577271 -987.53625488 2.74761009 262.14611816 -986.96173096 2.77715445 262.17242432 -987.53027344 2.96039605 261.91659546 -986.95574951 2.99222827 261.9407959 -987.52374268 3.15631747 261.6703186 -986.94927979 3.19025636 261.69219971 -987.5166626 3.33441329 261.40859985 -987.80419922 2.50562525 262.32846069 -987.80908203 2.26424956 262.51989746 -987.81335449 2.01012349 262.69140625 -987.81713867 1.7446593 262.84204102 -987.82025146 1.4692713 262.9708252 -987.82287598 1.18550324 263.07705688 -987.56030273 1.19191134 263.10964966 -987.28326416 0.90470201 263.21621704 -986.9876709 0.90954 263.2293396 -987.284729 0.60598701 263.27664185 -986.98907471 0.60922766 263.29000854 -987.2855835 0.30385843 263.31314087 -986.9899292 0.30548331 263.32666016 -987.28582764 -0 263.32537842 -986.99023438 -0 263.33898926 -987.2855835 -0.30385843 263.31314087 -986.9899292 -0.30548331 263.32666016 -987.284729 -0.60598701 263.27664185 -986.98907471 -0.60922766 263.29000854 -987.28326416 -0.90470201 263.21621704 -986.9876709 -0.90954 263.2293396 -986.95574951 -2.99222827 261.9407959 -987.53625488 -2.74761009 262.14611816 -987.80419922 -2.50562525 262.32846069 -987.80908203 -2.26424956 262.51989746 -987.81335449 -2.01012349 262.69140625 -987.81713867 -1.7446593 262.84204102 -987.82025146 -1.4692713 262.9708252 -987.82287598 -1.18550324 263.07705688 -987.56231689 -0.89986402 263.19320679 -987.82489014 -0.89502609 263.16021729 -987.56378174 -0.60274649 263.25335693 -987.82635498 -0.5995059 263.22006226 -987.56463623 -0.30223349 263.28967285 -987.82727051 -0.30060861 263.25622559 -987.56494141 -0 263.30184937 -987.82745361 -0 263.26831055 -987.56463623 0.30223349 263.28967285 -987.82727051 0.30060861 263.25622559 -987.56378174 0.60274649 263.25335693 -987.82635498 0.5995059 263.22006226 -987.56231689 0.89986402 263.19320679 -987.82489014 0.89502609 263.16021729 -988.43518066 3.76699543 260.09875488 -987.99127197 3.80839109 260.18783569 -988.425354 3.84111714 259.78781128 -987.98144531 3.88332725 259.87399292 -988.41491699 3.89360785 259.47076416 -987.9710083 3.93639469 259.5539856 -988.3548584 3.93259048 257.84356689 -988.40405273 3.92414117 259.14926147 -987.96008301 3.9672637 259.22958374 -988.78747559 3.88101888 259.02856445 -988.73840332 3.88937545 257.73464966 -988.61517334 3.88937545 255.08326721 -988.00054932 3.71191525 260.49389648 -988.44458008 3.67156839 260.40200806 -988.00933838 3.59426522 260.79049683 -988.45330811 3.555197 260.6958313 -988.01757812 3.45616794 261.0760498 -988.25506592 3.2806325 261.30435181 -988.02526855 3.29855943 261.34921265 -988.26220703 3.10540915 261.56240845 -988.03234863 3.12237859 261.60852051 -988.26873779 2.91264772 261.80526733 -988.03887939 2.92856383 261.85253906 -988.27478027 2.70329404 262.03155518 -988.04492188 2.71806622 262.0798645 -988.28015137 2.47853756 262.23995972 -988.49920654 2.22753215 262.36923218 -988.49432373 2.46499372 262.18051147 -988.4888916 2.6885221 261.9730835 -988.48291016 2.89673162 261.74789429 -988.47631836 3.08843946 261.50616455 -988.46917725 3.26270533 261.24932861 -988.46154785 3.41860056 260.97875977 -989.70220947 -2.35664225 261.33978271 -989.59588623 -2.37018609 261.4803772 -989.4777832 -2.38373017 261.61087036 -989.34735107 -2.39727402 261.73117065 -989.2041626 -2.41081786 261.84133911 -989.04779053 -2.42436194 261.9413147 -988.87762451 -2.43790555 262.03118896 -988.69329834 -2.45144963 262.1109314 -988.49432373 -2.46499372 262.18051147 -988.28503418 -2.23977137 262.42959595 -988.28936768 -1.98839259 262.5994873 -988.05950928 -1.99925804 262.6505127 -988.29309082 -1.72579801 262.74871826 -988.06329346 -1.73522854 262.80044556 -988.29626465 -1.45338726 262.87631226 -988.06640625 -1.46132934 262.9286499 -988.29888916 -1.17268693 262.98147583 -988.06903076 -1.17909503 263.03433228 -988.30090332 -0.88535011 263.06387329 -988.07110596 -0.8901881 263.11712646 -988.30236816 -0.59302479 263.12316895 -988.07250977 -0.59626532 263.17666626 -988.30322266 -0.29735878 263.15893555 -988.07342529 -0.29898369 263.212677 -988.30352783 -0 263.17095947 -988.07366943 -0 263.22473145 -988.30322266 0.29735878 263.15893555 -988.07342529 0.29898369 263.212677 -988.30236816 0.59302479 263.12316895 -988.07250977 0.59626532 263.17666626 -988.30090332 0.88535011 263.06387329 -988.07110596 0.8901881 263.11712646 -988.29888916 1.17268693 262.98147583 -988.06903076 1.17909503 263.03433228 -988.29626465 1.45338726 262.87631226 -988.06640625 1.46132934 262.9286499 -988.29309082 1.72579801 262.74871826 -988.06329346 1.73522854 262.80044556 -988.28936768 1.98839259 262.5994873 -988.05950928 1.99925804 262.6505127 -988.28503418 2.23977137 262.42959595 -988.05523682 2.25201058 262.47982788 -988.050354 2.4920814 262.28927612 -988.69818115 -2.21529293 262.29873657 -988.49920654 -2.22753215 262.36923218 -988.70245361 -1.96666157 262.4670105 -988.50354004 -1.97752702 262.53829956 -988.70623779 -1.70693684 262.61474609 -988.50726318 -1.71636748 262.68682861 -988.70941162 -1.43750322 262.7411499 -988.51043701 -1.44544518 262.81378174 -988.71203613 -1.15987062 262.8453064 -988.51306152 -1.16627872 262.91845703 -988.71405029 -0.87567413 262.9269104 -988.51507568 -0.88051212 263.00045776 -988.7154541 -0.58654362 262.98562622 -988.51647949 -0.5897842 263.05944824 -988.71636963 -0.29410893 263.02105713 -988.51739502 -0.29573387 263.09509277 -988.7166748 -0 263.03292847 -988.5177002 -0 263.10702515 -988.71636963 0.29410893 263.02105713 -988.51739502 0.29573387 263.09509277 -988.7154541 0.58654362 262.98562622 -988.51647949 0.5897842 263.05944824 -988.71405029 0.87567413 262.9269104 -988.51507568 0.88051212 263.00045776 -988.71203613 1.15987062 262.8453064 -988.51306152 1.16627872 262.91845703 -988.70941162 1.43750322 262.7411499 -988.51043701 1.44544518 262.81378174 -988.70623779 1.70693684 262.61474609 -988.50726318 1.71636748 262.68682861 -988.70245361 1.96666157 262.4670105 -988.50354004 1.97752702 262.53829956 -988.69818115 2.21529293 262.29873657 -988.69329834 2.45144963 262.1109314 -988.68786621 2.67374992 261.90447998 -988.68182373 2.88081551 261.68035889 -988.67529297 3.07147026 261.43978882 -988.66821289 3.24477863 261.18417358 -988.6605835 3.39981723 260.91488647 -988.65234375 3.53566313 260.6333313 -988.64361572 3.65139508 260.34088135 -988.80883789 3.79890704 259.66119385 -988.79840088 3.85082102 259.34707642 -988.97906494 3.77780199 259.58273315 -989.12524414 3.80803394 259.1829834 -989.13562012 3.75669694 259.49414062 -989.2789917 3.73559189 259.39541626 -988.94268799 3.84616017 254.9571991 -989.06555176 3.84616017 257.5854187 -989.28393555 3.70215893 259.54812622 -989.0526123 -2.1908145 262.12731934 -988.88250732 -2.20305371 262.21807861 -989.05688477 -1.94493043 262.29394531 -988.88677979 -1.95579576 262.38555908 -989.06066895 -1.68807566 262.4402771 -988.89050293 -1.69750631 262.53259277 -989.06378174 -1.4216193 262.56539917 -988.89367676 -1.42956126 262.65835571 -989.06640625 -1.14705431 262.6685791 -988.89630127 -1.15346253 262.76202393 -989.06842041 -0.86599821 262.74935913 -988.89831543 -0.87083614 262.8432312 -989.06988525 -0.58006245 262.80749512 -988.89978027 -0.58330303 262.90161133 -989.07073975 -0.2908591 262.84259033 -988.90063477 -0.29248405 262.93688965 -989.07098389 -0 262.85437012 -988.90093994 -0 262.94876099 -989.07073975 0.2908591 262.84259033 -988.90063477 0.29248405 262.93688965 -989.06988525 0.58006245 262.80749512 -988.89978027 0.58330303 262.90161133 -989.06842041 0.86599821 262.74935913 -988.89831543 0.87083614 262.8432312 -989.06640625 1.14705431 262.6685791 -988.89630127 1.15346253 262.76202393 -989.06378174 1.4216193 262.56539917 -988.89367676 1.42956126 262.65835571 -989.06066895 1.68807566 262.4402771 -988.89050293 1.69750631 262.53259277 -989.05688477 1.94493043 262.29394531 -988.88677979 1.95579576 262.38555908 -989.0526123 2.1908145 262.12731934 -988.88250732 2.20305371 262.21807861 -989.04779053 2.42436194 261.9413147 -988.87762451 2.43790555 262.03118896 -989.0423584 2.64420581 261.73690796 -988.87219238 2.65897775 261.82574463 -989.03637695 2.84898329 261.5149231 -988.86621094 2.8648994 261.60272217 -989.02984619 3.03753138 261.27670288 -988.85968018 3.05450082 261.36334229 -989.02270508 3.20892453 261.02355957 -988.85253906 3.22685146 261.10894775 -989.01507568 3.36225033 260.75683594 -988.84484863 3.38103366 260.84091187 -989.00689697 3.49659491 260.47796631 -988.83673096 3.51612902 260.56069946 -988.99816895 3.61104798 260.18829346 -988.82794189 3.63122153 260.26965332 -988.81866455 3.72559977 259.96923828 -989.35217285 -2.16633606 261.91531372 -989.20898438 -2.17857528 262.02639771 -989.35644531 -1.9231993 262.08032227 -989.21331787 -1.93406487 262.19219971 -989.36016846 -1.66921449 262.22518921 -989.21704102 -1.67864501 262.33779907 -989.36334229 -1.40573525 262.34909058 -989.22021484 -1.41367722 262.46231079 -989.36590576 -1.13423824 262.45123291 -989.22277832 -1.14064634 262.56497192 -989.36791992 -0.85632223 262.53121948 -989.22479248 -0.86116022 262.64535522 -989.36932373 -0.57358134 262.58877563 -989.22619629 -0.57682192 262.70321655 -989.37023926 -0.28760928 262.62350464 -989.22711182 -0.28923422 262.73812866 -989.37054443 -0 262.63519287 -989.22741699 -0 262.74984741 -989.37023926 0.28760928 262.62350464 -989.22711182 0.28923422 262.73812866 -989.36932373 0.57358134 262.58877563 -989.22619629 0.57682192 262.70321655 -989.36791992 0.85632223 262.53121948 -989.22479248 0.86116022 262.64535522 -989.36590576 1.13423824 262.45123291 -989.22277832 1.14064634 262.56497192 -989.36334229 1.40573525 262.34909058 -989.22021484 1.41367722 262.46231079 -989.36016846 1.66921449 262.22518921 -989.21704102 1.67864501 262.33779907 -989.35644531 1.9231993 262.08032227 -989.21331787 1.93406487 262.19219971 -989.35217285 2.16633606 261.91531372 -989.20898438 2.17857528 262.02639771 -989.34735107 2.39727402 261.73117065 -989.2041626 2.41081786 261.84133911 -989.34191895 2.61466146 261.52871704 -989.19873047 2.62943363 261.63790894 -989.33599854 2.81715107 261.30895996 -989.19281006 2.83306718 261.41702271 -989.32952881 3.00359225 261.07305908 -989.1862793 3.0205617 261.17996216 -989.32244873 3.17307067 260.82235718 -989.17919922 3.19099784 260.92803955 -989.31488037 3.32468295 260.55825806 -989.17156982 3.34346676 260.66262817 -989.30670166 3.45752692 260.28207397 -989.16339111 3.47706103 260.3850708 -989.29797363 3.57070112 259.99517822 -989.29345703 3.61967397 259.84817505 -989.28875732 3.66350651 259.69909668 -987.17565918 3.8029449 231.20483398 -988.41821289 3.8029449 243.56877136 -987.80737305 3.88937545 243.68908691 -985.56390381 3.8029449 217.88941956 -985.72259521 3.97580576 230.99409485 -986.97900391 3.97580576 243.65397644 -988.23138428 3.93259048 255.16921997 -987.78753662 3.97580576 255.21504211 -987.91101074 3.97580576 257.91213989 -988.70928955 3.54365301 236.47903442 -988.6817627 3.56526089 236.6179657 -988.64770508 3.58686852 236.74736023 -987.79571533 3.50043774 227.04707336 -988.13397217 3.50043774 230.15187073 -988.45117188 3.50043774 233.19473267 -988.15026855 3.4788301 230.00721741 -988.32006836 3.4572227 231.37123108 -988.30999756 3.4788301 231.53089905 -988.47302246 3.4572227 232.87321472 -988.46447754 3.4788301 233.03869629 -988.62054443 3.4572227 234.35890198 -989.00518799 3.52204537 239.25175476 -989.25537109 3.52204537 242.1018219 -988.43273926 3.52204537 233.34136963 -988.6015625 3.50043774 234.69195557 -988.61340332 3.4788301 234.53018188 -988.75683594 3.4788301 236.00498962 -988.76257324 3.4572227 235.82789612 -988.89886475 3.4572227 237.2797699 -989.14538574 3.50043774 240.51055908 -989.01837158 3.50043774 239.08222961 -989.15216064 3.4788301 240.32551575 -989.02630615 3.4788301 238.90304565 -989.1539917 3.4572227 240.1307373 -989.02935791 3.4572227 238.71418762 -988.89447021 3.4788301 237.46273804 -988.88531494 3.50043774 237.6361084 -987.46032715 3.4788301 223.76123047 -987.81512451 3.4788301 226.91371155 -986.72131348 3.4572227 217.18315125 -987.10876465 3.4572227 220.43304443 -987.47875977 3.4572227 223.63009644 -987.83007812 3.4572227 226.77122498 -987.99847412 3.4572227 228.31983948 -988.16186523 3.4572227 229.853302 -989.76690674 3.67329907 254.05093384 -989.43701172 3.67329907 248.73165894 -988.84082031 3.71651411 243.29284668 -988.99066162 3.67329907 243.09645081 -987.62042236 3.71651411 231.08891296 -987.7845459 3.67329907 230.9755249 -989.42407227 3.59922385 259.7371521 -989.41931152 3.64280868 259.58880615 -989.53771973 3.62211084 259.46838379 -989.43719482 3.43799281 260.16894531 -989.42858887 3.55052757 259.88342285 -989.546875 3.53035426 259.76156616 -989.56549072 3.75972962 257.165802 -989.44445801 3.75972962 254.58451843 -989.66113281 3.73812175 257.03564453 -989.55554199 3.41845894 260.0456543 -989.58459473 2.78531885 261.06240845 -989.57116699 3.13721681 260.58062744 -989.61175537 1.38985121 262.09213257 -989.71490479 1.64092278 261.8263855 -989.71801758 1.38190925 261.94839478 -989.61633301 0.84664625 262.27246094 -989.72058105 1.11501372 262.04901123 -989.72399902 0.56385958 262.18447876 -989.49969482 0.57034075 262.46417236 -989.61773682 0.56710017 262.32940674 -989.50054932 0.2859844 262.4987793 -989.61859131 0.28435948 262.36383057 -989.50079346 -0 262.51034546 -989.61889648 -0 262.37536621 -989.50054932 -0.2859844 262.4987793 -989.60498047 1.90146828 261.8260498 -989.70697021 2.12961864 261.5211792 -989.71124268 1.89060271 261.6836853 -989.80200195 2.11737967 261.36950684 -989.80987549 1.63149214 261.67312622 -989.81549072 1.10860562 261.8946228 -989.48260498 -2.15409708 261.7940979 -989.60498047 -1.90146828 261.8260498 -989.71490479 -1.64092278 261.8263855 -989.82000732 -0 262.07489014 -989.81884766 0.56061906 262.02938843 -989.59588623 2.37018609 261.4803772 -989.69689941 2.57034516 261.14038086 -989.70220947 2.35664225 261.33978271 -989.79193115 2.55557323 260.9906311 -989.79724121 2.3430984 261.18902588 -989.87615967 2.54080105 260.83068848 -989.88616943 2.10514045 261.20761108 -990.02832031 3.62868214 257.30331421 -989.9821167 3.65028143 257.48944092 -989.9765625 3.65169144 257.33685303 -989.92706299 3.67188048 257.66543579 -989.92144775 3.67329907 257.51205444 -989.86254883 3.69347978 257.83123779 -989.85693359 3.69490671 257.67709351 -989.78820801 3.71507931 257.98693848 -989.78265381 3.71651411 257.83206177 -989.70361328 3.7366786 258.13250732 -989.69793701 3.73812175 257.97686768 -989.62445068 3.72246027 258.73339844 -989.7197876 3.70106673 258.59567261 -989.72491455 3.67870879 258.74813843 -989.80438232 3.67967319 258.44781494 -989.80950928 3.65744472 258.59954834 -989.87860107 3.6582799 258.28985596 -989.88372803 3.6361804 258.44082642 -989.94299316 3.63688636 258.12173462 -989.94805908 3.61491632 258.27194214 -989.99798584 3.61549306 257.94345093 -990.00299072 3.59365201 258.09289551 -990.04406738 3.59409952 257.7550354 -990.04907227 3.57238793 257.90371704 -989.63464355 3.67227697 259.03857422 -989.64428711 3.60141325 259.33779907 -989.72991943 3.65117192 258.89935303 -989.73962402 3.58071542 259.19711304 -989.81445312 3.63006687 258.75 -989.82403564 3.56001759 259.04629517 -989.88867188 3.60896182 258.59048462 -989.89813232 3.53931975 258.88528442 -989.95300293 3.58785677 258.42086792 -989.96240234 3.51862216 258.71417236 -990.00787354 3.56675172 258.24108887 -990.01727295 3.49792409 258.53286743 -990.05389404 3.54564667 258.05111694 -990.06323242 3.4772265 258.34143066 -989.11431885 3.83789635 258.86743164 -989.2578125 3.8163352 258.77172852 -989.26867676 3.78664041 259.08578491 -989.39929199 3.76524711 258.97842407 -989.51776123 3.74385357 258.86096191 -989.68457031 2.95268416 260.69152832 -989.69104004 2.76940274 260.92388916 -989.77966309 2.93571448 260.54403687 -989.78607178 2.75348663 260.77523804 -989.86395264 2.91874504 260.38638306 -989.87030029 2.73757052 260.61642456 -989.93786621 2.90177584 260.21859741 -989.94415283 2.72165442 260.44744873 -990.00183105 2.88480639 260.0406189 -990.01391602 2.51125693 260.48034668 -989.94995117 2.52602887 260.66061401 -989.9598999 2.09290123 261.03555298 -989.89398193 1.62206161 261.50967407 -989.9677124 1.61263096 261.33609009 -989.89959717 1.10219753 261.7300415 -989.9732666 1.09578931 261.55529785 -989.9029541 0.55737847 261.86413574 -989.97662354 0.55413795 261.68869019 -989.90411377 -0 261.90936279 -989.9777832 -0 261.7336731 -989.65338135 3.51018095 259.62957764 -989.66204834 3.39892459 259.91223145 -989.74865723 3.49000716 259.48742676 -989.75726318 3.37939048 259.76867676 -989.83312988 3.46983385 259.33514404 -989.84155273 3.35985661 259.61495972 -989.90716553 3.44966054 259.17266846 -989.91558838 3.34032249 259.45108032 -989.97131348 3.42948699 259.00009155 -989.97979736 3.32078838 259.27706909 -990.02618408 3.40931344 258.81732178 -990.0345459 3.30125451 259.09289551 -990.07208252 3.38914013 258.62438965 -990.0803833 3.2817204 258.89855957 -989.67010498 3.26833272 260.18435669 -989.76519775 3.24954915 260.03942871 -989.84954834 3.23076534 259.88433838 -989.92352295 3.21198201 259.71911621 -989.9876709 3.19319844 259.54373169 -990.0423584 3.17441511 259.35812378 -990.08813477 3.15563154 259.16241455 -989.6776123 3.11928988 260.44454956 -989.77276611 3.10136294 260.29830933 -989.85699463 3.08343601 260.14190674 -989.93096924 3.06550908 259.97537231 -989.99499512 3.04758191 259.79864502 -990.04968262 3.02965522 259.61175537 -990.10217285 2.85086727 259.6541748 -990.05645752 2.86783671 259.85247803 -990.06842041 2.49648476 260.28991699 -990.02380371 2.08066201 260.85336304 -990.07824707 2.06842279 260.66098022 -990.03155518 1.60320032 261.15228271 -990.0859375 1.59376979 260.95834351 -990.03710938 1.08938134 261.37036133 -990.09143066 1.08297324 261.17523193 -990.04040527 0.5508973 261.50305176 -989.58618164 3.60847616 248.29618835 -989.14904785 3.60847616 242.72875977 -989.18591309 3.58686852 242.58666992 -989.35528564 3.54365301 243.67643738 -989.90924072 3.60847616 253.54501343 -989.79467773 3.58686852 250.78514099 -989.465271 3.54365301 245.06077576 -989.56872559 3.54365301 246.42582703 -989.6652832 3.54365301 247.77120972 -989.27178955 3.4788301 241.72973633 -989.27246094 3.4572227 241.52902222 -989.32946777 3.4572227 242.22119141 -989.38525391 3.4788301 243.11535645 -989.59289551 3.4788301 245.82917786 -989.49237061 3.4788301 244.48196411 -989.54144287 3.4572227 244.94230652 -989.38482666 3.4572227 242.90866089 -989.43865967 3.4572227 243.59136963 -989.49084473 3.4572227 244.26927185 -989.37097168 3.52204537 243.49923706 -989.4800415 3.52204537 244.87771606 -989.5824585 3.52204537 246.23686218 -989.67822266 3.52204537 247.57629395 -989.76702881 3.52204537 248.89564514 -989.84881592 3.52204537 250.19451904 -989.77404785 3.4788301 248.46388245 -989.6852417 3.50043774 247.37142944 -989.68682861 3.4788301 247.15661621 -989.59039307 3.50043774 246.03797913 -989.4888916 3.50043774 244.68476868 -989.38079834 3.50043774 243.31221008 -989.26629639 3.50043774 241.92066956 -989.72747803 3.4572227 247.58496094 -989.76983643 3.4572227 248.23300171 -989.8104248 3.4572227 248.87588501 -989.83972168 3.43561506 249.26652527 -989.84924316 3.4572227 249.51358032 -989.5904541 3.4572227 245.61044312 -989.63781738 3.4572227 246.27363586 -989.68347168 3.4572227 246.93182373 -990.02526855 3.60847616 256.04226685 -989.87030029 3.6300838 253.72373962 -989.5447998 3.6300838 248.45127869 -989.10449219 3.6300838 242.86108398 -988.73065186 3.52204537 236.33056641 -988.74633789 3.50043774 236.17256165 -990.10180664 3.56526089 256.23452759 -990.05541992 3.58686852 255.84127808 -990.078125 3.56526089 255.63014221 -990.00170898 3.58686852 254.60968018 -990.02484131 3.56526089 254.4046936 -989.94030762 3.58686852 253.35621643 -989.96386719 3.56526089 253.15731812 -990.15844727 3.46122646 257.1897583 -990.1385498 3.50859499 257.27523804 -990.13372803 3.52991915 257.12884521 -990.1114502 3.55131269 257.3477478 -990.10638428 3.56775928 257.19952393 -990.07666016 3.58925176 257.40750122 -990.07147217 3.60072303 257.25759888 -990.03369141 3.62228417 257.45465088 -989.98754883 3.64384556 257.64151001 -989.93249512 3.6654067 257.81826782 -989.86804199 3.68696785 257.98486328 -989.79376221 3.708529 258.1413269 -989.70916748 3.73009038 258.28765869 -990.0914917 3.52454162 257.8510437 -990.12115479 3.50343657 257.64077759 -990.10083008 3.45652866 258.13983154 -990.13037109 3.43583107 257.92803955 -990.10949707 3.36896658 258.42132568 -990.13903809 3.34879303 258.20809937 -990.11779785 3.26218653 258.69406128 -990.15484619 3.1180644 258.740448 -990.1237793 2.05618358 260.45837402 -990.17388916 1.07015693 260.75442505 -990.17822266 -0 260.92910767 -990.18994141 2.03170514 260.02267456 -990.15118408 2.46694064 259.878479 -990.16864014 2.81692863 259.22698975 -990.13934326 2.83389783 259.44567871 -990.12548828 3.13684797 258.95651245 -990.23883057 1.05093253 260.04678345 -990.20288086 1.06374872 260.52877808 -990.16088867 2.04394436 260.24563599 -990.16107178 3.32861972 257.98468018 -990.17602539 3.30844641 257.75106812 -990.17675781 3.09928083 258.51419067 -990.19165039 3.0804975 258.277771 -990.19042969 2.79995894 258.99813843 -990.20513916 2.7829895 258.75909424 -990.21160889 2.01946592 259.78952026 -990.15118408 -2.46694064 259.878479 -990.18994141 -2.03170514 260.02267456 -989.6137085 3.75165153 258.42385864 -989.71447754 3.71820688 258.44210815 -989.7991333 3.6967144 258.29504395 -989.87341309 3.67522168 258.13778687 -989.93780518 3.65372944 257.97045898 -989.99285889 3.63223672 257.79290771 -990.03894043 3.61074424 257.60528564 -990.14331055 3.48233151 257.42034912 -990.15240479 3.415133 257.70611572 -990.16748047 3.39443541 257.47399902 -989.98059082 3.54365301 252.948349 -989.99078369 3.52204537 252.72926331 -990.05065918 3.52204537 253.96437073 -989.3885498 3.79477406 258.66589355 -989.50695801 3.77321267 258.54992676 -989.68621826 3.73812175 257.66448975 -989.77093506 3.71651411 257.52120972 -989.84533691 3.69490671 257.36779785 -989.90997314 3.67329907 257.20425415 -989.96514893 3.65169144 257.03057861 -990.02282715 3.6300838 257.15151978 -990.06610107 3.60708261 257.10708618 -990.10119629 3.57916188 257.05041504 -990.12872314 3.54626656 256.98141479 -990.14892578 3.50852561 256.89981079 -990.16705322 3.44012141 256.94900513 -990.18457031 3.28827286 257.5072937 -990.10620117 3.50043774 254.93589783 -990.05432129 3.50043774 253.72901917 -989.99493408 3.50043774 252.50009155 -990.05249023 3.4788301 253.48353577 -990.14459229 3.48828673 255.84614563 -990.14532471 3.49908614 255.97346497 -990.14013672 3.50043774 255.82632446 -990.13726807 3.52204537 256.0725708 -990.12628174 3.52204537 255.77560425 -990.11730957 3.54365301 256.01013184 -990.13739014 3.4788301 255.56987 -990.12866211 3.48963404 255.4047699 -990.12664795 3.4788301 255.27604675 -990.07904053 3.4788301 254.0866394 -990.1038208 3.4788301 254.68414307 -990.15948486 3.45504212 256.28265381 -990.15045166 3.49291682 256.12011719 -990.14251709 3.52068543 256.22052002 -990.12835693 3.54365301 256.3086853 -989.88531494 3.67329907 256.58453369 -989.94067383 3.65169144 256.41390991 -989.98718262 3.6300838 256.2331543 -990.01147461 3.6300838 256.84677124 -990.04937744 3.60847616 256.65283203 -990.06066895 3.60847616 256.95602417 -990.09057617 3.58686852 256.75039673 -990.09594727 3.58548331 256.90066528 -990.11834717 3.56388426 256.68408203 -990.12359619 3.5576005 256.83309937 -990.13891602 3.53603935 256.60559082 -990.14398193 3.52477407 256.75314331 -990.15270996 3.50328159 256.51470947 -990.15765381 3.48713231 256.6605835 -990.16027832 3.46573877 256.41119385 -990.16967773 3.4190166 256.69802856 -990.16888428 3.40846395 256.5687561 -990.18695068 3.26809931 257.25335693 -990.12927246 3.50043774 255.53092957 -990.1394043 3.48963404 255.69937134 -990.14257812 3.47748709 255.71626282 -990.01727295 3.4572227 252.62242126 -990.04956055 3.4680264 253.35702515 -990.0760498 3.4680264 253.95855713 -990.10070801 3.4680264 254.55450439 -990.12347412 3.4680264 255.14483643 -990.14428711 3.4605751 255.72929382 -990.18383789 3.247926 256.98919678 -990.16326904 3.38735867 256.30255127 -990.21557617 2.74905062 258.25042725 -990.18603516 3.25801277 257.12255859 -990.04547119 3.4572227 253.22795105 -990.07183838 3.4572227 253.82789612 -990.09631348 3.4572227 254.42227173 -990.11895752 3.4572227 255.01104736 -990.13977051 3.44979453 255.59394836 -990.15863037 3.3768065 256.1656189 -990.18029785 3.23783898 256.853302 -990.11401367 2.48171258 260.08929443 -989.92822266 3.50043774 251.24949646 -989.92340088 3.52204537 251.47253418 -989.91265869 3.54365301 251.6855011 -986.37109375 3.6300838 217.81150818 -986.4934082 3.58686852 217.70608521 -986.99261475 3.54365301 220.85978699 -986.5904541 3.54365301 217.5662384 -986.6652832 3.50043774 217.39193726 -986.253479 3.50043774 214.0703125 -986.31738281 3.4572227 213.88354492 -980.73468018 3.54365301 175.07583618 -981.0802002 3.4572227 175.19508362 -981.65740967 3.28436136 175.14228821 -981.92547607 3.19793105 174.9699707 -983.69854736 3.19793105 188.84896851 -984.08636475 3.4572227 196.74847412 -985.09191895 3.41400743 203.56446838 -985.01690674 3.4572227 203.71748352 -985.95513916 3.41400743 210.3394165 -985.89794922 3.4572227 210.537323 -986.3659668 3.41400743 213.66300964 -986.40246582 3.37079215 213.40866089 -986.00036621 3.37079215 210.10845947 -985.15570068 3.37079215 203.38002014 -984.26361084 3.37079215 196.50170898 -984.95605469 3.19793105 199.00630188 -985.35656738 3.19793105 202.32740784 -985.30859375 3.24114633 202.63781738 -986.12451172 3.19793105 208.85379028 -986.0958252 3.24114633 209.21713257 -986.90740967 3.06828499 213.74864197 -986.87786865 3.11150026 214.26852417 -986.54315186 3.11150026 211.17147827 -986.24249268 3.06828499 207.56509399 -985.46569824 3.11150026 201.61187744 -985.0848999 3.11150026 198.34625244 -985.6036377 3.02506971 200.77159119 -984.87115479 3.02506971 194.32373047 -985.77105713 2.93863916 199.8107605 -984.34912109 2.93863916 187.04013062 -986.4296875 2.93863916 205.98634338 -987.04510498 2.93863916 211.98916626 -987.14129639 3.41400743 220.16687012 -986.76171875 3.41400743 216.93986511 -987.15258789 3.39239979 220.02058411 -986.77703857 3.39239979 216.80528259 -987.16107178 3.37079215 219.86547852 -987.50372314 3.41400743 223.34089661 -987.5111084 3.39239979 223.18284607 -987.68371582 3.39239979 224.74311829 -987.84790039 3.41400743 226.45884705 -987.34063721 3.37079215 221.44746399 -987.3470459 3.32757664 221.09861755 -986.78967285 3.37079215 216.66204834 -986.80847168 3.32757664 216.34967041 -987.17156982 3.32757664 219.52879333 -985.2611084 3.28436136 202.91671753 -986.06762695 3.28436136 209.54734802 -986.45153809 3.28436136 212.79850769 -986.8213501 3.28436136 216.00270081 -987.17602539 3.28436136 219.15684509 -987.85168457 3.39239979 226.28895569 -988.01495361 3.39239979 227.81999207 -988.01293945 3.41400743 227.99581909 -988.17321777 3.39239979 229.33581543 -988.17297363 3.41400743 229.51759338 -988.32659912 3.39239979 230.83602905 -988.32794189 3.41400743 231.02378845 -988.47485352 3.39239979 232.32028198 -988.4777832 3.41400743 232.51402283 -988.61785889 3.39239979 233.78814697 -988.62231445 3.41400743 233.98789978 -988.75549316 3.39239979 235.23924255 -987.6864624 3.37079215 224.57009888 -987.85107422 3.34918427 225.92176819 -987.85266113 3.37079215 226.10993958 -988.01074219 3.34918427 227.44068909 -988.01403809 3.37079215 227.63494873 -988.16558838 3.34918427 228.94438171 -988.1706543 3.37079215 229.14472961 -988.31561279 3.34918427 230.43244934 -988.3223877 3.37079215 230.63891602 -988.46057129 3.34918427 231.90449524 -988.46899414 3.37079215 232.11709595 -988.60040283 3.34918427 233.36013794 -988.6104126 3.37079215 233.57888794 -988.67919922 3.37079215 234.30351257 -988.66845703 3.34918427 234.0816803 -988.58843994 3.32757664 233.13188171 -988.45019531 3.32757664 231.68244934 -988.30682373 3.32757664 230.21659851 -988.1585083 3.32757664 228.73471069 -988.00537109 3.32757664 227.23721313 -987.84765625 3.32757664 225.72444153 -987.68518066 3.32757664 224.19683838 -987.51574707 3.37079215 223.01579285 -987.51831055 3.32757664 222.65475464 -988.746521 3.37079215 235.02389526 -988.73510742 3.34918427 234.79898071 -988.86431885 3.34918427 236.22064209 -988.84924316 3.32757664 235.97993469 -988.72149658 3.32757664 234.56451416 -988.83251953 3.305969 235.72958374 -988.70629883 3.305969 234.32044983 -988.81463623 3.28436136 235.46958923 -989.14465332 3.32757664 239.44068909 -989.12445068 3.305969 239.17457581 -989.1786499 3.305969 239.84983826 -988.93414307 3.28436136 236.8547821 -989.04815674 3.28436136 238.22193909 -988.95349121 3.305969 237.12112427 -989.06884766 3.305969 238.49465942 -988.97161865 3.32757664 237.3777771 -989.08837891 3.32757664 238.75762939 -989.09747314 3.33838058 238.88546753 -988.98803711 3.34918427 237.6247406 -989.19940186 3.32757664 240.11911011 -989.20916748 3.33838058 240.25007629 -989.10614014 3.34918427 239.01083374 -989.00231934 3.37079215 237.86198425 -988.8772583 3.37079215 236.45173645 -988.88763428 3.39239979 236.673172 -988.76141357 3.41400743 235.44500732 -987.51464844 3.28436136 222.25776672 -987.6776123 3.28436136 223.78729248 -987.83630371 3.28436136 225.30235291 -987.99041748 3.28436136 226.80253601 -988.14001465 3.28436136 228.28749084 -988.28485107 3.28436136 229.7567749 -988.42486572 3.28436136 231.21000671 -988.55987549 3.28436136 232.64682007 -988.68988037 3.28436136 234.06681824 -986.47058105 3.24114633 212.44262695 -986.83148193 3.24114633 215.62113953 -987.00646973 3.24114633 217.19181824 -987.17767334 3.24114633 218.74957275 -987.34490967 3.24114633 220.29402161 -987.50817871 3.24114633 221.82478333 -987.66723633 3.24114633 223.34144592 -987.01287842 3.19793105 216.76239014 -987.18212891 3.17632341 218.0723877 -987.17980957 3.19793105 218.30696106 -987.34301758 3.19793105 219.83821106 -987.50054932 3.17632341 221.10777283 -987.5022583 3.19793105 221.35577393 -986.51324463 3.15471554 211.62911987 -986.8661499 3.1331079 214.515625 -986.85650635 3.15471554 214.75405884 -987.19134521 3.1331079 217.57670593 -987.18585205 3.15471554 217.82897949 -987.50177002 3.1331079 220.58467102 -987.50018311 3.15471554 220.85073853 -985.40802002 3.15471554 201.9854126 -986.15679932 3.15471554 208.45729065 -987.66204834 3.21953869 223.10488892 -987.81500244 3.21953869 224.60054016 -987.82214355 3.24114633 224.84364319 -987.96362305 3.21953869 226.08131409 -987.97259521 3.24114633 226.33096313 -988.10778809 3.21953869 227.54681396 -988.11859131 3.24114633 227.80302429 -988.24743652 3.21953869 228.99665833 -988.2598877 3.24114633 229.25941467 -988.38244629 3.21953869 230.43048096 -988.39660645 3.24114633 230.69978333 -988.44812012 3.21953869 231.14125061 -988.52838135 3.24114633 232.123703 -988.51263428 3.21953869 231.84786987 -988.5758667 3.21953869 232.55026245 -988.65527344 3.24114633 233.5308075 -988.71679688 3.24114633 234.22792053 -988.77703857 3.24114633 234.92068481 -988.83599854 3.24114633 235.60903931 -988.89367676 3.24114633 236.29295349 -988.95001221 3.24114633 236.97236633 -989.00494385 3.24114633 237.6472168 -989.05859375 3.24114633 238.31748962 -989.11090088 3.24114633 238.98309326 -987.80847168 3.19793105 224.3482666 -987.95526123 3.19793105 225.82240295 -988.22467041 3.17632341 228.44299316 -988.20776367 3.1331079 227.85171509 -988.21124268 3.1439116 228.00306702 -988.215271 3.15471554 228.15205383 -988.2197876 3.16551924 228.2986908 -988.35632324 3.17632341 229.86351013 -988.35058594 3.16551924 229.71583557 -988.34527588 3.15471554 229.56581116 -988.34039307 3.1439116 229.41342163 -988.33605957 3.1331079 229.25863647 -988.33239746 3.1223042 229.10150146 -988.3291626 3.11150026 228.9420166 -988.32452393 3.08989263 228.61602783 -988.20245361 3.11150026 227.54197693 -988.07501221 3.1331079 226.42877197 -987.94189453 3.15471554 225.27685547 -987.80291748 3.17632341 224.08682251 -987.65740967 3.19793105 222.85926819 -988.72277832 3.17632341 234.02493286 -988.60546875 3.17632341 232.65486145 -988.71478271 3.16551924 233.8671875 -988.59814453 3.16551924 232.50047302 -988.70715332 3.15471554 233.70703125 -988.59130859 3.15471554 232.34368896 -988.70001221 3.1439116 233.54443359 -988.5848999 3.1439116 232.18449402 -988.69342041 3.1331079 233.37945557 -988.57904053 3.1331079 232.02290344 -988.68743896 3.1223042 233.21203613 -988.5737915 3.1223042 231.85890198 -988.68200684 3.11150026 233.04222107 -988.5690918 3.11150026 231.6925354 -988.89337158 3.11150026 235.6885376 -988.90014648 3.1223042 235.8651886 -988.79626465 3.1223042 234.54760742 -988.85583496 3.1331079 235.38117981 -988.80297852 3.1331079 234.71841431 -988.8102417 3.1439116 234.8868103 -988.4833374 3.17632341 231.26759338 -988.47674561 3.16551924 231.11656189 -988.47064209 3.15471554 230.96315002 -988.46502686 3.1439116 230.80734253 -988.4598999 3.1331079 230.64916992 -988.4553833 3.1223042 230.48860168 -988.45141602 3.11150026 230.32566833 -989.27246094 3.34918427 241.05548096 -989.28155518 3.35998821 241.18309021 -989.2354126 3.37079215 240.62826538 -989.25280762 3.32757664 240.79286194 -989.21844482 3.34918427 240.37860107 -989.12176514 3.37079215 239.25431824 -989.13482666 3.39239979 239.48802185 -989.01409912 3.39239979 238.08956909 -989.02276611 3.41400743 238.3074646 -988.8949585 3.41400743 236.88499451 -989.32501221 3.34918427 241.7276001 -989.30474854 3.32757664 241.46183777 -989.35516357 3.32757664 242.12605286 -989.15673828 3.28436136 239.57073975 -989.23138428 3.305969 240.520401 -989.38098145 3.305969 242.50346375 -989.3326416 3.305969 241.84725952 -989.28271484 3.305969 241.18623352 -989.5647583 3.34918427 245.01551819 -989.57550049 3.35998821 245.15254211 -989.53039551 3.35998821 244.50325012 -989.54022217 3.37079215 244.63621521 -989.49328613 3.37079215 243.9803772 -989.50219727 3.38159585 244.10929871 -989.46136475 3.39239979 243.5718689 -989.54174805 3.32757664 244.73400879 -989.51989746 3.34918427 244.36781311 -989.48364258 3.35998821 243.84898376 -989.44476318 3.37079215 243.3196106 -989.4107666 3.39239979 242.90312195 -989.42376709 3.41400743 243.14241028 -989.37103271 3.41400743 242.46575928 -989.51708984 3.305969 244.44252014 -989.49743652 3.32757664 244.08944702 -989.47344971 3.34918427 243.71510315 -989.4354248 3.35998821 243.18978882 -989.39471436 3.37079215 242.65397644 -989.35858154 3.39239979 242.22956848 -989.34307861 3.37079215 241.98350525 -989.38568115 3.35998821 242.5256958 -989.42553711 3.34918427 243.05747986 -989.45153809 3.32757664 243.43989563 -989.47320557 3.305969 243.8011322 -989.28997803 3.37079215 241.30825806 -989.33435059 3.35998821 241.85678101 -989.3760376 3.34918427 242.3949585 -989.40405273 3.32757664 242.78541565 -989.42785645 3.305969 243.1547699 -989.44775391 3.28436136 243.50286865 -989.25952148 3.28436136 240.90075684 -989.35656738 3.28436136 242.21159363 -989.76098633 3.43561506 247.99209595 -989.79510498 3.42481112 248.50616455 -989.8012085 3.43561506 248.63191223 -989.81439209 3.42481112 248.823349 -989.82067871 3.43561506 248.94987488 -989.83337402 3.42481112 249.13922119 -990.15545654 3.48178911 256.26608276 -990.14770508 3.51447821 256.36795044 -990.13372803 3.54228473 256.45739746 -990.11297607 3.56526089 256.53460693 -990.0793457 3.58686852 256.44873047 -989.87646484 3.43561506 249.89587402 -989.86993408 3.42481112 249.76701355 -987.12683105 3.43561506 220.30435181 -987.49304199 3.43561506 223.48999023 -987.84082031 3.43561506 226.61959839 -988.00756836 3.43561506 228.16242981 -988.16931152 3.43561506 229.69009399 -988.3258667 3.43561506 231.20217896 -988.47729492 3.43561506 232.69833374 -988.62335205 3.43561506 234.17814636 -988.76391602 3.43561506 235.64122009 -988.89886475 3.43561506 237.08720398 -989.02801514 3.43561506 238.51565552 -989.15136719 3.43561506 239.92623901 -989.26873779 3.43561506 241.31852722 -989.32513428 3.43561506 242.00769043 -989.37994385 3.43561506 242.69212341 -989.43322754 3.43561506 243.37181091 -989.48492432 3.43561506 244.04669189 -989.53503418 3.43561506 244.71669006 -989.58349609 3.43561506 245.38179016 -989.63037109 3.43561506 246.04193115 -989.67559814 3.43561506 246.697052 -989.71917725 3.43561506 247.34713745 -989.91149902 3.43561506 250.51992798 -989.90478516 3.42481112 250.38951111 -989.93792725 3.42481112 251.00666809 -989.60809326 3.34918427 245.65821838 -989.58459473 3.32757664 245.37353516 -989.62585449 3.32757664 246.00799561 -989.63934326 3.305969 246.33627319 -989.60009766 3.305969 245.71012878 -989.55938721 3.305969 245.07885742 -989.55792236 3.39239979 244.89468384 -989.54943848 3.38159585 244.76667786 -989.59503174 3.38159585 245.4190979 -989.58563232 3.37079215 245.28707886 -989.62939453 3.37079215 245.9329071 -989.61907959 3.35998821 245.79679871 -989.66101074 3.35998821 246.43600464 -989.64984131 3.34918427 246.29582214 -989.68994141 3.34918427 246.92831421 -989.66552734 3.32757664 246.63729858 -989.70355225 3.32757664 247.26144409 -989.67694092 3.305969 246.95721436 -989.53295898 3.28436136 244.77418518 -989.61193848 3.28436136 246.02519226 -989.72839355 3.34918427 247.55563354 -989.70135498 3.35998821 247.0700531 -989.67156982 3.37079215 246.57365417 -989.63909912 3.38159585 246.0664978 -989.6038208 3.39239979 245.54864502 -989.57244873 3.41400743 245.14320374 -989.77484131 3.32757664 248.49398804 -989.76525879 3.34918427 248.17770386 -989.74005127 3.35998821 247.69894409 -989.7121582 3.37079215 247.20928955 -989.68151855 3.38159585 246.70883179 -989.64807129 3.39239979 246.19760132 -989.61883545 3.41400743 245.80027771 -989.65625 3.40320349 246.32620239 -989.69073486 3.39239979 246.8414917 -989.73175049 3.39239979 247.48023987 -989.72229004 3.38159585 247.34602356 -989.76147461 3.38159585 247.97805786 -989.75109863 3.37079215 247.83976746 -989.78833008 3.37079215 248.46499634 -989.77716064 3.35998821 248.32261658 -989.81256104 3.35998821 248.94100952 -989.80053711 3.34918427 248.79452515 -989.83398438 3.34918427 249.40600586 -989.8079834 3.32757664 249.10229492 -989.83947754 3.32757664 249.70524597 -989.84082031 3.305969 249.98251343 -989.1618042 3.24114633 239.64402771 -989.21124268 3.24114633 240.30018616 -989.25933838 3.24114633 240.9515686 -989.30603027 3.24114633 241.59811401 -989.35119629 3.24114633 242.23976135 -989.3949585 3.24114633 242.87646484 -988.63793945 3.21953869 233.24841309 -988.69873047 3.21953869 233.942276 -988.75817871 3.21953869 234.63175964 -988.81652832 3.21953869 235.31684875 -988.87341309 3.21953869 235.9974823 -988.92901611 3.21953869 236.67362976 -988.98339844 3.21953869 237.34521484 -989.03631592 3.21953869 238.01220703 -989.0880127 3.21953869 238.67454529 -989.13824463 3.21953869 239.3321991 -989.18713379 3.21953869 239.98510742 -989.23461914 3.21953869 240.63322449 -989.28070068 3.21953869 241.27648926 -989.32531738 3.21953869 241.91487122 -989.36859131 3.21953869 242.54830933 -989.41033936 3.21953869 243.17675781 -989.43725586 3.24114633 243.50817871 -989.45068359 3.21953869 243.8001709 -989.47808838 3.24114633 244.13485718 -989.55523682 3.24114633 245.37290955 -989.51739502 3.24114633 244.75643921 -989.52685547 3.21953869 245.03167725 -989.48950195 3.21953869 244.41850281 -989.56268311 3.21953869 245.63969421 -989.5970459 3.21953869 246.24246216 -989.6262207 3.24114633 246.59020996 -989.62982178 3.21953869 246.83995056 -989.65942383 3.24114633 247.19094849 -989.66101074 3.21953869 247.43211365 -989.56842041 3.19793105 245.88464355 -989.58666992 3.18712711 246.29450989 -989.60076904 3.19793105 246.47885132 -989.60327148 3.17632341 246.69322205 -989.81097412 3.28436136 249.65216064 -990.08428955 3.43561506 254.15026855 -990.06646729 3.44641876 253.69474792 -990.06005859 3.43561506 253.559021 -990.04022217 3.44641876 253.09634399 -990.03393555 3.43561506 252.96220398 -990.012146 3.44641876 252.49240112 -990.00604248 3.43561506 252.35980225 -989.9822998 3.44641876 251.88296509 -989.97625732 3.43561506 251.75195312 -989.95068359 3.44641876 251.26808167 -989.94476318 3.43561506 251.13865662 -989.91723633 3.44641876 250.64781189 -990.0090332 3.40320349 252.54455566 -989.9989624 3.39239979 252.40028381 -989.98809814 3.38159585 252.253479 -990.034729 3.40320349 253.13665771 -990.02453613 3.39239979 252.99078369 -990.01348877 3.38159585 252.84239197 -990.00170898 3.37079215 252.69145203 -990.11450195 3.42348862 255.02870178 -990.1272583 3.42823339 255.31559753 -990.10943604 3.42481112 254.88433838 -989.96923828 3.42481112 251.6184082 -989.99884033 3.42481112 252.22471619 -990.02661133 3.42481112 252.82553101 -990.05255127 3.42481112 253.42077637 -990.07666016 3.42481112 254.01043701 -990.09893799 3.42481112 254.5944519 -990.14593506 3.35570121 255.88414001 -990.1340332 3.43901396 255.45602417 -990.11340332 3.44641876 254.87471008 -990.09082031 3.44641876 254.28753662 -990.13800049 3.34514856 255.73956299 -990.12890625 3.39086175 255.45814514 -990.11938477 3.41745281 255.17260742 -990.17553711 3.22775245 256.71487427 -990.08062744 3.40320349 254.3039856 -990.07025146 3.39239979 254.154953 -990.08050537 3.39239979 254.44245911 -990.05895996 3.38159585 254.00337219 -990.04693604 3.37079215 253.84924316 -990.05712891 3.37079215 254.13513184 -990.09100342 3.40320349 254.5922699 -990.08551025 3.39108968 254.58564758 -990.0960083 3.40188956 254.73588562 -990.09033203 3.38511086 254.72834778 -990.10089111 3.39589143 254.87896729 -990.09509277 3.37432647 254.87036133 -990.10571289 3.38507247 255.02139282 -990.06915283 3.38159585 254.29006958 -990.07409668 3.38029003 254.43286133 -990.07891846 3.37433028 254.57516479 -990.0836792 3.36358023 254.71678162 -990.09967041 3.35877156 255.01153564 -990.11065674 3.406672 255.02705383 -990.11035156 3.36946821 255.16294861 -990.12011719 3.38016486 255.31181335 -990.12908936 3.3345964 255.59246826 -990.06207275 3.36949039 254.27752686 -990.0668335 3.36354971 254.41941833 -990.0715332 3.35283399 254.56065369 -990.05859375 3.40320349 253.72314453 -990.04821777 3.39239979 253.57571411 -990.03710938 3.38159585 253.42572021 -990.02520752 3.37079215 253.27316284 -989.99945068 3.34918427 252.96047974 -989.91168213 3.39239979 250.59559631 -989.94250488 3.39239979 251.20263672 -989.9319458 3.38159585 251.05899048 -989.96087646 3.38159585 251.65898132 -989.94940186 3.37079215 251.51121521 -989.97644043 3.37079215 252.10411072 -989.96417236 3.35998821 251.95219421 -989.97625732 3.34918427 252.38192749 -989.89471436 3.305969 251.15466309 -989.8973999 3.32757664 250.89479065 -989.86932373 3.32757664 250.30273438 -989.89605713 3.34918427 250.61282349 -989.86590576 3.34918427 250.01213074 -989.8782959 3.35998821 250.1618042 -989.84631348 3.35998821 249.55407715 -989.85791016 3.37079215 249.69963074 -989.82397461 3.37079215 249.0849762 -989.8347168 3.38159585 249.22642517 -989.7989502 3.38159585 248.60487366 -989.80877686 3.39239979 248.74223328 -989.77105713 3.39239979 248.11384583 -989.74035645 3.40320349 247.61196899 -989.87908936 3.39239979 249.9831543 -989.90124512 3.38159585 250.45353699 -989.92059326 3.37079215 250.91278076 -989.93731689 3.35998821 251.36090088 -989.95123291 3.34918427 251.79779053 -989.94854736 3.32757664 252.06225586 -989.97155762 3.32757664 252.6375885 -990.02099609 3.34918427 253.53334045 -989.99279785 3.32757664 253.20722961 -990.04528809 3.33134127 254.24075317 -990.05407715 3.3527689 254.26113892 -990.04064941 3.34198833 254.10032654 -990.04931641 3.35869074 254.11962891 -990.03588867 3.34789109 253.95921326 -990.04437256 3.35998821 253.97766113 -990.03100586 3.34918427 253.81761169 -989.93157959 3.28436136 252.52449036 -989.9418335 3.305969 252.30451965 -989.92388916 3.32757664 251.48129272 -989.92456055 3.34918427 251.20806885 -989.90863037 3.35998821 250.7640686 -989.89007568 3.37079215 250.30892944 -989.86883545 3.38159585 249.84265137 -989.8447876 3.39239979 249.36534119 -989.81787109 3.40320349 248.8770752 -989.80718994 3.41400743 248.69430542 -989.98205566 3.29886603 253.43153381 -989.96118164 3.41400743 251.48236084 -989.99066162 3.41400743 252.08708191 -990.01824951 3.41400743 252.68632507 -990.04406738 3.41400743 253.27998352 -990.0680542 3.41400743 253.86807251 -990.09033203 3.41400743 254.45050049 -990.10070801 3.41400743 254.73957825 -990.10571289 3.41268897 254.88356018 -990.12811279 2.64723396 256.47949219 -990.14746094 1.9093132 257.23190308 -990.00909424 2.57935619 255.09446716 -990.02752686 1.86035657 255.82926941 -990.15917969 0.99966758 257.71026611 -990.23602295 1.02530003 258.96029663 -990.24017334 -0 259.1282959 -990.25280762 -0 259.69387817 -989.95507812 3.26686382 253.21984863 -989.95947266 3.25180435 253.35702515 -990.02130127 3.29459143 254.04942322 -989.96789551 3.20796609 253.62815857 -990.02990723 3.25017619 254.32374573 -990.04577637 3.10671163 254.85461426 -990.10113525 3.14705873 255.51554871 -989.86431885 3.28436136 250.81787109 -990.00274658 3.32757664 253.48994446 -989.97265625 3.305969 253.15203857 -989.97741699 3.30469251 253.29202271 -989.94598389 3.28309321 252.94313049 -989.95062256 3.27730489 253.08180237 -989.88580322 3.23418236 252.35176086 -989.89013672 3.22387886 252.48815918 -989.753479 3.17632341 250.09208679 -989.76239014 3.19793105 249.9304657 -989.80151367 3.24114633 250.11375427 -989.70404053 3.15471554 249.1383667 -989.71801758 3.16551924 249.34022522 -989.69543457 3.16551924 248.78364563 -989.7097168 3.17632341 248.98129272 -989.6854248 3.17632341 248.41751099 -989.68865967 3.19793105 248.22930908 -989.72106934 3.24114633 248.37641907 -989.73937988 3.19793105 249.36897278 -989.73236084 3.17632341 249.539505 -989.73895264 3.16551924 249.89115906 -989.69061279 3.1439116 248.93397522 -989.68157959 3.15471554 248.58345032 -989.67132568 3.16551924 248.22151184 -989.65960693 3.17632341 247.84820557 -989.66088867 3.19793105 247.65122986 -989.67773438 3.1331079 248.727005 -989.66833496 3.1439116 248.38070679 -989.65765381 3.15471554 248.02296448 -989.64562988 3.16551924 247.65385437 -989.63220215 3.17632341 247.2734375 -989.6315918 3.19793105 247.06773376 -989.66552734 3.1223042 248.51751709 -989.65563965 3.1331079 248.17539978 -989.64453125 3.1439116 247.8218689 -989.63214111 3.15471554 247.45697021 -989.6184082 3.16551924 247.08073425 -989.72485352 3.15471554 249.68765259 -989.71130371 3.1439116 249.48161316 -989.69830322 3.1331079 249.272995 -989.68597412 3.1223042 249.06185913 -989.6741333 3.11150026 248.84815979 -989.91088867 3.28436136 251.96125793 -989.8034668 3.19793105 251.03652954 -989.77294922 3.17632341 250.63902283 -989.74414062 3.15471554 250.23129272 -989.94128418 3.28436136 252.80395508 -989.87670898 3.24114633 252.07713318 -989.88128662 3.23989487 252.21470642 -989.81719971 3.19669604 251.44541931 -989.8215332 3.19105983 251.58087158 -989.80603027 3.18027949 251.38172913 -989.79510498 3.15940118 251.31401062 -989.79083252 3.16949868 251.18005371 -989.77606201 3.15871811 250.97584534 -989.76593018 3.1379087 250.90220642 -989.72625732 3.1331079 250.08135986 -989.73937988 3.1439116 250.29244995 -989.75311279 3.15471554 250.50097656 -989.78216553 3.17632341 250.91033936 -989.77178955 3.1642971 250.84161377 -989.76177979 3.14793754 250.76904297 -989.75213623 3.12716246 250.69242859 -989.74285889 3.10205007 250.6116333 -989.76745605 3.16551924 250.7069397 -989.75750732 3.15349746 250.63526917 -989.7479248 3.13715672 250.5597229 -989.73883057 3.11641598 250.4801178 -989.73016357 3.09135342 250.39634705 -989.72576904 3.03912568 250.43678284 -989.6630249 3.10069656 248.63192749 -989.65386963 3.11150026 248.3054657 -989.64349365 3.1223042 247.96755981 -989.63195801 3.1331079 247.6182251 -989.61914062 3.1439116 247.25753784 -989.6050415 3.15471554 246.88548279 -989.58972168 3.16551924 246.50218201 -989.57281494 3.17632341 246.1076355 -989.55444336 3.18712711 245.70193481 -989.53448486 3.19793105 245.28515625 -989.8258667 3.18089366 251.71563721 -989.82995605 3.16623068 251.84959412 -989.8380127 3.12354589 252.11431885 -989.98339844 3.066365 254.15286255 -989.76483154 2.92515063 251.37432861 -990.03875732 0.97403502 256.29644775 -990.16308594 -0 257.87445068 -987.19891357 3.11150026 217.31561279 -987.22033691 3.06828499 216.76722717 -987.79858398 3.08989263 222.94940186 -987.80285645 3.06828499 222.6423645 -988.07086182 3.06828499 225.4927063 -987.57220459 2.98185468 218.47465515 -987.54144287 3.02506971 219.12095642 -987.51916504 3.06828499 219.7328186 -987.51116943 3.08989263 220.02565002 -987.50537109 3.11150026 220.30963135 -987.61120605 2.93863916 217.79458618 -987.84173584 2.98185468 221.32574463 -987.81799316 3.02506971 222.00157166 -987.79650879 3.11150026 223.24745178 -987.65118408 3.1331079 222.06777954 -987.65380859 3.17632341 222.60452271 -987.65155029 3.15471554 222.34069824 -987.79882812 3.15471554 223.81620789 -987.79663086 3.1331079 223.53642273 -987.93786621 3.1331079 224.99020386 -987.93603516 3.11150026 224.69430542 -988.07141113 3.11150026 226.1259613 -988.07000732 3.08989263 225.81390381 -988.19940186 3.08989263 227.22296143 -988.32214355 3.06828499 228.2807312 -988.32202148 3.04667735 227.93623352 -988.07391357 3.04667735 225.16242981 -988.32409668 3.02506971 227.58261108 -988.0791626 3.02506971 224.82316589 -988.32836914 3.00346231 227.21995544 -988.97851562 3.08989263 236.61695862 -988.98474121 3.10069656 236.80187988 -988.88720703 3.10069656 235.50946045 -988.79016113 3.11150026 234.37435913 -988.95343018 3.02506971 235.45710754 -988.95941162 3.04667735 235.85322571 -988.8649292 3.04667735 234.578125 -988.8682251 3.05748129 234.76914978 -988.77142334 3.06828499 233.65744019 -988.33496094 2.98185468 226.8483429 -988.09625244 2.98185468 224.11801147 -988.35443115 2.93863916 226.07859802 -988.12188721 2.93863916 223.37792969 -988.15588379 2.89542389 222.60359192 -988.55706787 2.98185468 229.51364136 -988.76171875 2.98185468 232.11082458 -988.55340576 3.00346231 229.89978027 -988.76074219 3.00346231 232.51135254 -988.55200195 3.02506971 230.27684021 -988.56140137 3.08989263 231.35266113 -988.55596924 3.06828499 231.00335693 -988.66607666 3.06828499 232.3391571 -988.66149902 3.04667735 231.97348022 -988.765625 3.04667735 233.28475952 -988.76202393 3.02506971 232.9026947 -988.86010742 3.02506971 234.18902588 -988.85754395 3.00346231 233.79058838 -988.949646 3.00346231 235.05158997 -988.94824219 2.98185468 234.63677979 -988.55285645 3.04667735 230.64471436 -988.44525146 3.08989263 229.99272156 -988.44128418 3.06828499 229.65042114 -988.59332275 2.89542389 227.88011169 -988.57086182 2.93863916 228.71450806 -987.17626953 2.85220861 210.65591431 -987.71350098 2.85220861 216.33578491 -988.94897461 2.9602468 234.21276855 -988.76489258 2.9602468 231.70120239 -988.95202637 2.93863916 233.77964783 -988.77032471 2.93863916 231.282547 -989.06420898 3.07908893 237.69644165 -989.07043457 3.08989263 237.88722229 -989.03167725 3.10069656 237.44108582 -988.99157715 3.11150026 236.984375 -988.95019531 3.1223042 236.51713562 -988.90753174 3.1331079 236.03941345 -988.86346436 3.1439116 235.55128479 -988.8180542 3.15471554 235.05278015 -989.13861084 3.05748129 238.54849243 -989.14422607 3.06828499 238.74754333 -989.05853271 3.06828499 237.50325012 -988.97290039 3.07908893 236.42961121 -988.8815918 3.08989263 235.32797241 -988.78460693 3.10069656 234.19869995 -989.2130127 3.04667735 239.56495667 -989.21844482 3.05748129 239.76986694 -989.18505859 3.06828499 239.36239624 -989.15039062 3.07908893 238.94416809 -989.11444092 3.08989263 238.51521301 -989.07727051 3.10069656 238.07557678 -989.03875732 3.11150026 237.62530518 -988.99902344 3.1223042 237.16445923 -988.95788574 3.1331079 236.69306946 -988.91546631 3.1439116 236.21121216 -988.87164307 3.15471554 235.71893311 -988.82641602 3.16551924 235.21630859 -989.2769165 3.02506971 240.33911133 -989.28173828 3.03587365 240.55229187 -989.20806885 3.03587365 239.3576355 -989.13360596 3.04667735 238.34703064 -989.0534668 3.05748129 237.30763245 -988.96783447 3.06828499 236.23986816 -988.87652588 3.07908893 235.14407349 -988.77966309 3.08989263 234.0206604 -989.04516602 3.03587365 236.9092865 -989.04187012 3.02506971 236.70654297 -989.12530518 3.02506971 237.93695068 -989.11523438 2.93863916 236.20271301 -989.11431885 2.9602468 236.650177 -989.03442383 2.98185468 235.87208557 -989.11572266 2.98185468 237.08842468 -989.0369873 3.00346231 236.29399109 -989.11932373 3.00346231 237.51737976 -989.12200928 3.01426601 237.72834778 -989.26348877 2.98185468 239.46266174 -989.26599121 2.99265838 239.68533325 -989.19677734 3.00346231 238.72140503 -989.26904297 3.00346231 239.90562439 -989.19995117 3.01426601 238.93583679 -989.33612061 3.00346231 241.06970215 -989.34020996 3.01426601 241.29110718 -989.27270508 3.01426601 240.12356567 -989.20367432 3.02506971 239.14793396 -989.12915039 3.03587365 238.14317322 -989.04901123 3.04667735 237.10964966 -988.96331787 3.05748129 236.04774475 -988.87213135 3.06828499 234.95779419 -988.77526855 3.07908893 233.84024048 -988.83514404 3.17632341 235.37739563 -988.88031006 3.16551924 235.88414001 -988.9239502 3.15471554 236.3805542 -988.96618652 3.1439116 236.86654663 -989.00701904 3.1331079 237.34207153 -989.04644775 3.1223042 237.80706787 -989.08465576 3.11150026 238.26148987 -989.12158203 3.10069656 238.70527649 -989.15716553 3.08989263 239.13838196 -989.19152832 3.07908893 239.5607605 -989.22460938 3.06828499 239.97235107 -989.25653076 3.05748129 240.37313843 -989.28710938 3.04667735 240.76303101 -989.31658936 3.03587365 241.14204407 -989.34484863 3.02506971 241.51010132 -989.37194824 3.01426601 241.8671875 -989.39788818 3.00346231 242.21322632 -989.39398193 2.99265838 241.98599243 -989.42266846 2.99265838 242.54820251 -988.84436035 3.18712711 235.53607178 -988.88946533 3.17632341 236.04690552 -988.9329834 3.16551924 236.54743958 -988.97497559 3.15471554 237.03756714 -989.01550293 3.1439116 237.51724243 -989.05474854 3.1331079 237.98638916 -989.09265137 3.1223042 238.44496155 -989.12927246 3.11150026 238.89289856 -989.16455078 3.10069656 239.33013916 -989.19854736 3.08989263 239.75666809 -989.23132324 3.07908893 240.17240906 -989.26281738 3.06828499 240.5773468 -989.29315186 3.05748129 240.97138977 -989.32226562 3.04667735 241.35453796 -989.35015869 3.03587365 241.72671509 -989.37683105 3.02506971 242.08792114 -989.40234375 3.01426601 242.43806458 -989.42675781 3.00346231 242.77716064 -989.44995117 2.99265838 243.10514832 -988.94238281 3.17632341 236.71186829 -988.98431396 3.16551924 237.20613098 -989.02471924 3.15471554 237.68994141 -989.06359863 3.1439116 238.16325378 -989.10125732 3.1331079 238.62597656 -989.13751221 3.1223042 239.07806396 -989.17254639 3.11150026 239.51947021 -989.20617676 3.10069656 239.95014954 -989.23864746 3.08989263 240.37005615 -989.26977539 3.07908893 240.77911377 -989.29974365 3.06828499 241.17732239 -989.32843018 3.05748129 241.56460571 -989.35595703 3.04667735 241.94091797 -989.38226318 3.03587365 242.30622864 -989.40740967 3.02506971 242.66052246 -989.43139648 3.01426601 243.00372314 -989.45422363 3.00346231 243.33581543 -989.47589111 2.99265838 243.65673828 -988.99407959 3.17632341 237.37225342 -989.03436279 3.16551924 237.86018372 -989.07312012 3.15471554 238.33763123 -989.1104126 3.1439116 238.80451965 -989.14642334 3.1331079 239.26075745 -989.18109131 3.1223042 239.7063446 -989.2144165 3.11150026 240.14117432 -989.246521 3.10069656 240.56523132 -989.27734375 3.08989263 240.97845459 -989.3069458 3.07908893 241.38079834 -989.33532715 3.06828499 241.7722168 -989.36242676 3.05748129 242.1526947 -989.3883667 3.04667735 242.52215576 -989.41308594 3.03587365 242.8805542 -989.43670654 3.02506971 243.22789001 -989.45910645 3.01426601 243.56408691 -989.48034668 3.00346231 243.88912964 -989.50054932 2.99265838 244.20297241 -989.32556152 2.9602468 240.16044617 -989.32739258 2.9710505 240.39128113 -989.32971191 2.98185468 240.61978149 -989.3326416 2.99265838 240.84591675 -989.47210693 2.98185468 243.42196655 -989.44628906 2.98185468 242.87208557 -989.46881104 2.9710505 243.18482971 -989.44317627 2.9710505 242.63667297 -989.44067383 2.9602468 242.39889526 -989.38317871 2.93863916 240.81443787 -989.38415527 2.94944286 241.05343628 -989.38580322 2.9602468 241.2901001 -989.38793945 2.9710505 241.52441406 -989.39068604 2.98185468 241.75637817 -989.65246582 3.08989263 248.41319275 -989.6428833 3.10069656 248.09091187 -989.63201904 3.11150026 247.75718689 -989.62005615 3.1223042 247.41204834 -989.60675049 3.1331079 247.05554199 -989.59222412 3.1439116 246.68771362 -989.57653809 3.15471554 246.30857849 -989.55938721 3.16551924 245.91824341 -989.54089355 3.17632341 245.51672363 -989.52081299 3.18712711 245.10411072 -989.49908447 3.19793105 244.68043518 -989.63317871 3.06828499 247.96821594 -989.64251709 3.07908893 248.19195557 -989.62261963 3.07908893 247.65426636 -989.63244629 3.08989263 247.87384033 -989.61083984 3.08989263 247.32888794 -989.62109375 3.10069656 247.54428101 -989.59790039 3.10069656 246.99211121 -989.60864258 3.11150026 247.20333862 -989.58380127 3.11150026 246.64398193 -989.5949707 3.1223042 246.85102844 -989.56842041 3.1223042 246.28453064 -989.58001709 3.1331079 246.48738098 -989.55181885 3.1331079 245.9138031 -989.56390381 3.1439116 246.11247253 -989.53399658 3.1439116 245.53186035 -989.54644775 3.15471554 245.72631836 -989.51489258 3.15471554 245.13870239 -989.52764893 3.16551924 245.32897949 -989.49438477 3.16551924 244.73445129 -989.50738525 3.17632341 244.92053223 -989.47247314 3.17632341 244.31910706 -989.4855957 3.18712711 244.50102234 -989.44897461 3.18712711 243.89277649 -989.46221924 3.19793105 244.07051086 -989.42388916 3.19793105 243.45549011 -989.73040771 3.1439116 250.02360535 -989.71728516 3.1331079 249.81333923 -989.71368408 3.1223042 249.86772156 -989.70483398 3.1223042 249.60050964 -989.70172119 3.11150026 249.65153503 -989.69293213 3.11150026 249.38516235 -989.69042969 3.10069656 249.43283081 -989.68164062 3.10069656 249.16729736 -989.6796875 3.08989263 249.21160889 -989.68383789 3.08869958 249.34341431 -989.69458008 3.09949923 249.56504822 -989.70599365 3.11029887 249.78416443 -989.71795654 3.12109852 250.0007782 -989.73052979 3.13189816 250.21481323 -989.74371338 3.14269781 250.42631531 -989.71813965 3.08065677 250.17851257 -989.70666504 3.06996012 249.9581604 -989.71429443 3.02857327 250.21562195 -989.70343018 3.01802063 249.9919281 -989.68798828 3.08325386 249.47473145 -989.6987915 3.09403443 249.6967926 -989.71014404 3.10481501 249.91633606 -989.72210693 3.11559558 250.1333313 -989.72619629 3.10566974 250.26524353 -989.73474121 3.12637639 250.34779358 -989.67102051 3.08989263 248.94688416 -989.66088867 3.07908893 248.72398376 -989.66955566 3.07908893 248.98786926 -989.66827393 3.06169271 249.02310181 -989.67370605 3.07789969 249.11924744 -989.67779541 3.07247329 249.25015259 -989.70684814 2.87471724 250.26062012 -989.71722412 2.88480377 250.48843384 -989.81274414 3.19793105 251.30947876 -989.62445068 3.05748129 247.74200439 -989.61340332 3.06828499 247.4322052 -989.60113525 3.07908893 247.11097717 -989.58776855 3.08989263 246.77838135 -989.57318115 3.10069656 246.43441772 -989.55737305 3.11150026 246.0791626 -989.54040527 3.1223042 245.71261597 -989.52215576 3.1331079 245.33486938 -989.50268555 3.1439116 244.94590759 -989.48187256 3.15471554 244.5458374 -989.4597168 3.16551924 244.13467407 -989.43603516 3.17632341 243.7124939 -989.41088867 3.18712711 243.27938843 -989.3840332 3.19793105 242.83535767 -989.61633301 3.04667735 247.51330566 -989.60479736 3.05748129 247.20765686 -989.59210205 3.06828499 246.89059448 -989.57824707 3.07908893 246.56214905 -989.56323242 3.08989263 246.22236633 -989.54699707 3.10069656 245.87127686 -989.52954102 3.11150026 245.50892639 -989.51086426 3.1223042 245.13534546 -989.4909668 3.1331079 244.75059509 -989.46984863 3.1439116 244.35470581 -989.44732666 3.15471554 243.94772339 -989.42346191 3.16551924 243.52973938 -989.39813232 3.17632341 243.1007843 -989.37127686 3.18712711 242.66090393 -989.34283447 3.19793105 242.21018982 -989.60192871 3.02506971 247.04855347 -989.60882568 3.03587365 247.28215027 -989.5894165 3.03587365 246.75115967 -989.59680176 3.04667735 246.9806366 -989.57574463 3.04667735 246.44238281 -989.58361816 3.05748129 246.66770935 -989.56103516 3.05748129 246.12223816 -989.56933594 3.06828499 246.34342957 -989.54504395 3.06828499 245.79077148 -989.55383301 3.07908893 246.00779724 -989.5279541 3.07908893 245.44801331 -989.53717041 3.08989263 245.66088867 -989.50970459 3.08989263 245.09399414 -989.51928711 3.10069656 245.30270386 -989.49023438 3.10069656 244.72879028 -989.50024414 3.11150026 244.93331909 -989.46948242 3.11150026 244.35240173 -989.47991943 3.1223042 244.55274963 -989.44750977 3.1223042 243.96487427 -989.45837402 3.1331079 244.16105652 -989.42431641 3.1331079 243.56628418 -989.43548584 3.1439116 243.75827026 -989.39978027 3.1439116 243.15666199 -989.41137695 3.15471554 243.3444519 -989.3739624 3.15471554 242.73603821 -989.38586426 3.16551924 242.91964722 -989.34680176 3.16551924 242.30450439 -989.35882568 3.17632341 242.48396301 -989.3180542 3.17632341 241.86210632 -989.33032227 3.18712711 242.03738403 -989.2878418 3.18712711 241.40890503 -989.30010986 3.19793105 241.58003235 -989.25604248 3.19793105 240.94494629 -989.62677002 3.03587365 247.80749512 -989.64318848 3.029351 248.32701111 -989.63439941 3.04667735 248.04032898 -989.65093994 3.04013133 248.56152344 -989.65930176 3.0509119 248.79354858 -989.59558105 3.01426601 246.81251526 -989.58258057 3.02506971 246.51925659 -989.56854248 3.03587365 246.21459961 -989.55328369 3.04667735 245.89859009 -989.53686523 3.05748129 245.57125854 -989.51934814 3.06828499 245.23265076 -989.50067139 3.07908893 244.8828125 -989.48071289 3.08989263 244.52175903 -989.45965576 3.10069656 244.14953613 -989.43719482 3.11150026 243.76620483 -989.41363525 3.1223042 243.37179565 -989.38879395 3.1331079 242.96635437 -989.36260986 3.1439116 242.5499115 -989.33520508 3.15471554 242.12254333 -989.30627441 3.16551924 241.68429565 -989.27593994 3.17632341 241.23526001 -989.24401855 3.18712711 240.77545166 -989.21051025 3.19793105 240.30497742 -989.66424561 2.82428336 249.08433533 -989.68634033 2.37572289 249.9577179 -989.67950439 2.84445691 249.56227112 -989.69714355 2.86463022 250.03033447 -989.73974609 2.90497708 250.93644714 -989.75054932 3.06023073 250.87153625 -989.77001953 3.1234436 251.03453064 -989.04443359 3.17632341 238.02796936 -989.08306885 3.16551924 238.509552 -989.12017822 3.15471554 238.98059082 -989.15588379 3.1439116 239.44100952 -989.19024658 3.1331079 239.89073181 -989.2232666 3.1223042 240.32972717 -989.25500488 3.11150026 240.75793457 -989.28552246 3.10069656 241.17532349 -989.3147583 3.08989263 241.58183289 -989.3427124 3.07908893 241.97740173 -989.3694458 3.06828499 242.36203003 -989.3949585 3.05748129 242.73562622 -989.41931152 3.04667735 243.09817505 -989.44250488 3.03587365 243.44963074 -989.46453857 3.02506971 243.78996277 -989.4854126 3.01426601 244.11911011 -989.50512695 3.00346231 244.43707275 -989.52368164 2.99265838 244.74377441 -989.09344482 3.17632341 238.67901611 -989.13043213 3.16551924 239.15419006 -989.16589355 3.15471554 239.6187439 -989.20001221 3.1439116 240.07264709 -989.23272705 3.1331079 240.51580811 -989.26416016 3.1223042 240.94819641 -989.29425049 3.11150026 241.36973572 -989.32305908 3.10069656 241.78041077 -989.35070801 3.08989263 242.18016052 -989.3770752 3.07908893 242.56890869 -989.40222168 3.06828499 242.94667053 -989.4262085 3.05748129 243.31335449 -989.44897461 3.04667735 243.66894531 -989.47052002 3.03587365 244.01339722 -989.4909668 3.02506971 244.34667969 -989.51025391 3.01426601 244.66874695 -989.52844238 3.00346231 244.97956848 -989.54547119 2.99265838 245.27911377 -989.14111328 3.17632341 239.32531738 -989.17645264 3.16551924 239.79402161 -989.21032715 3.15471554 240.2520752 -989.24273682 3.1439116 240.69941711 -989.27380371 3.1331079 241.13597107 -989.30358887 3.1223042 241.56167603 -989.33209229 3.11150026 241.97651672 -989.35931396 3.10069656 242.38043213 -989.38531494 3.08989263 242.77336121 -989.41009521 3.07908893 243.15525818 -989.43365479 3.06828499 243.52610779 -989.45599365 3.05748129 243.88583374 -989.47717285 3.04667735 244.23442078 -989.49719238 3.03587365 244.57183838 -989.51599121 3.02506971 244.89804077 -989.53375244 3.01426601 245.21296692 -989.550354 3.00346231 245.51661682 -989.5657959 2.99265838 245.8089447 -989.18743896 3.17632341 239.96681213 -989.22106934 3.16551924 240.42901611 -989.2532959 3.15471554 240.88052368 -989.28411865 3.1439116 241.32124329 -989.3135376 3.1331079 241.75112915 -989.3416748 3.1223042 242.1701355 -989.36853027 3.11150026 242.57821655 -989.39416504 3.10069656 242.97531128 -989.4185791 3.08989263 243.36138916 -989.44171143 3.07908893 243.73638916 -989.46362305 3.06828499 244.1002655 -989.484375 3.05748129 244.45301819 -989.50396729 3.04667735 244.79455566 -989.5223999 3.03587365 245.12487793 -989.53967285 3.02506971 245.44393921 -989.55578613 3.01426601 245.75169373 -989.57080078 3.00346231 246.04812622 -989.5847168 2.99265838 246.33317566 -989.63604736 3.01857018 248.09007263 -989.62805176 3.02506971 247.8319397 -989.61975098 3.02506971 247.57223511 -989.62164307 3.01426601 247.59338379 -989.61328125 3.01426601 247.33450317 -989.61572266 3.00346231 247.35240173 -989.59368896 2.99265838 246.59320068 -989.59887695 3.00346231 246.83491516 -989.58984375 3.00346231 246.57406616 -989.57641602 3.01426601 246.28489685 -989.56182861 3.02506971 245.98435974 -989.54620361 3.03587365 245.67248535 -989.52935791 3.04667735 245.34928894 -989.51135254 3.05748129 245.01483154 -989.49224854 3.06828499 244.66914368 -989.47192383 3.07908893 244.31225586 -989.45031738 3.08989263 243.94419861 -989.4276123 3.10069656 243.56503296 -989.40362549 3.11150026 243.17478943 -989.37841797 3.1223042 242.77352905 -989.35186768 3.1331079 242.36128235 -989.32403564 3.1439116 241.93809509 -989.29492188 3.15471554 241.50402832 -989.26434326 3.16551924 241.05914307 -989.23236084 3.17632341 240.60346985 -989.1987915 3.18712711 240.13713074 -989.62957764 3.00778961 247.85069275 -989.62561035 3.01310205 247.72227478 -989.62359619 2.99700904 247.60887146 -989.61975098 3.00230241 247.48086548 -989.6182251 2.98622823 247.36462402 -989.60748291 3.00346231 247.09437561 -989.60223389 2.99265838 246.8518219 -989.6104126 2.99265838 247.10900879 -989.51953125 2.98185468 244.50559998 -989.496521 2.98185468 243.96650696 -989.51593018 2.9710505 244.26502991 -989.49304199 2.9710505 243.72764587 -989.51300049 2.9602468 244.02209473 -989.49029541 2.9602468 243.48641968 -989.51062012 2.94944286 243.77679443 -989.48797607 2.94944286 243.24284363 -989.48626709 2.93863916 242.99691772 -989.60968018 2.98070312 246.99082947 -989.60546875 2.96990347 246.74221802 -989.60931396 2.96466708 246.86895752 -989.60571289 2.95388651 246.61752319 -989.60571289 2.98185468 246.86320496 -989.59753418 2.98185468 246.6068573 -989.60162354 2.9710505 246.61500549 -989.59350586 2.9710505 246.35949707 -989.59802246 2.9602468 246.36442566 -989.58996582 2.9602468 246.10977173 -989.59509277 2.94944286 246.11148071 -989.5871582 2.94944286 245.85766602 -989.5927124 2.93863916 245.85618591 -989.58477783 2.93863916 245.60321045 -989.59088135 2.92783523 245.598526 -989.61437988 2.87028551 246.60163879 -989.62005615 2.89139032 247.11491394 -989.61303711 2.93090272 246.86810303 -989.62091064 2.95229602 247.370224 -989.61346436 2.97544789 247.11798096 -989.61437988 2.99150252 247.23706055 -989.62792969 2.91249561 247.61868286 -989.64587402 2.79402304 248.34915161 -989.65142822 2.80411005 248.59663391 -989.64093018 2.7839365 248.09924316 -989.1184082 2.91703153 235.74612427 -988.95727539 2.91703153 233.3374939 -988.96472168 2.89542389 232.88638306 -989.43878174 2.94944286 242.15875244 -989.43737793 2.93863916 241.91629028 -989.48522949 2.92783523 242.74865723 -989.43658447 2.92783523 241.67149353 -989.48468018 2.91703153 242.49807739 -989.48529053 2.89542389 241.99003601 -989.48468018 2.90622783 242.24520874 -989.43634033 2.91703153 241.42437744 -989.39532471 2.85220861 238.82003784 -989.27770996 2.85220861 236.61100769 -989.14105225 2.85220861 234.32255554 -988.98614502 2.85220861 231.95773315 -989.41467285 2.80899334 237.76902771 -989.30010986 2.80899334 235.58879089 -989.16705322 2.80899334 233.32955933 -989.01611328 2.80899334 230.99436951 -989.56140137 2.98185468 245.56735229 -989.54119873 2.98185468 245.03924561 -989.55755615 2.9710505 245.32339478 -989.53747559 2.9710505 244.79696655 -989.55426025 2.9602468 245.07704163 -989.53430176 2.9602468 244.55232239 -989.55157471 2.94944286 244.82832336 -989.53179932 2.94944286 244.30531311 -989.54949951 2.93863916 244.57727051 -989.52978516 2.93863916 244.05596924 -989.54803467 2.92783523 244.3238678 -989.52844238 2.92783523 243.80427551 -989.54705811 2.91703153 244.06813049 -989.52758789 2.91703153 243.55026245 -989.52734375 2.90622783 243.29391479 -989.5802002 2.98185468 246.08990479 -989.57623291 2.9710505 245.84423828 -989.57287598 2.9602468 245.59620667 -989.57006836 2.94944286 245.34579468 -989.56787109 2.93863916 245.09303284 -989.56622314 2.92783523 244.83792114 -989.56512451 2.91703153 244.58049011 -989.56463623 2.90622783 244.32072449 -989.56469727 2.89542389 244.05865479 -989.58300781 2.92783523 245.34638977 -989.61004639 2.92020583 246.61347961 -989.60748291 2.90950918 246.35649109 -989.61108398 2.84918022 246.07896423 -989.58123779 2.90622783 244.82579041 -989.60559082 2.89881229 246.09715271 -989.60430908 2.88811564 245.83546448 -989.61004639 2.82807541 245.54698181 -989.52764893 2.89542389 243.03529358 -989.57061768 2.85220861 242.98753357 -989.52996826 2.87381625 242.51113892 -989.5904541 2.87381625 244.27546692 -989.58282471 2.87381625 244.02758789 -989.59210205 2.86301255 244.00396729 -989.60351562 2.87741899 245.57147217 -989.60333252 2.86672211 245.30516052 -989.61132812 2.80697012 245.00578308 -989.60375977 2.85602546 245.0365448 -989.60473633 2.84532881 244.765625 -989.61480713 2.78586531 244.45547485 -989.60620117 2.83463216 244.4924469 -989.60827637 2.82393527 244.21697998 -989.57696533 2.83060098 242.43840027 -989.5345459 2.85220861 241.97792053 -989.48809814 2.87381625 241.47280884 -989.43756104 2.89542389 240.92326355 -989.38287354 2.91703153 240.32951355 -989.32373047 2.93863916 239.69177246 -989.26019287 2.9602468 239.01031494 -989.19213867 2.98185468 238.28541565 -989.62359619 2.72341609 246.54988098 -989.64672852 2.23996735 245.74357605 -989.62243652 2.70324278 246.01464844 -989.62347412 2.68306923 245.4702301 -989.62683105 2.66289568 244.91665649 -989.66314697 1.66452956 248.58903503 -989.70227051 1.71348631 250.63890076 -989.71185303 0.89713752 251.07183838 -989.78991699 0.92277002 252.97640991 -989.79327393 -0 253.12892151 -990.04248047 -0 256.45675659 -990.03875732 -0.97403502 256.29644775 -990.15917969 -0.99966758 257.71026611 -990.14746094 -1.9093132 257.23190308 -989.58538818 2.80899334 241.88037109 -989.5413208 2.83060098 241.43571472 -989.4932251 2.85220861 240.94654846 -989.44110107 2.87381625 240.41304016 -989.38476562 2.89542389 239.8354187 -989.32421875 2.91703153 239.21386719 -989.25921631 2.93863916 238.54867554 -989.18981934 2.9602468 237.84010315 -989.59613037 2.78738594 241.31352234 -989.55029297 2.80899334 240.8846283 -989.50054932 2.83060098 240.41133118 -989.44683838 2.85220861 239.89379883 -989.38891602 2.87381625 239.33221436 -989.3269043 2.89542389 238.7268219 -989.26049805 2.91703153 238.07783508 -989.18969727 2.93863916 237.38552856 -989.40393066 2.83060098 238.29893494 -989.5100708 2.80899334 239.86723328 -989.52166748 2.78738594 239.31436157 -989.5614624 2.78738594 240.32473755 -989.59423828 2.85220861 243.73020935 -989.58673096 2.85220861 243.48403931 -989.60021973 2.83060098 243.17593384 -989.59277344 2.83060098 242.93148804 -989.60839844 2.80899334 242.61274719 -989.60107422 2.80899334 242.37001038 -989.61877441 2.78738594 242.04072571 -989.62420654 2.76577806 241.22067261 -989.63134766 2.76577806 241.45994568 -989.64471436 2.7383616 241.93307495 -989.65081787 2.7014451 242.1648407 -989.63232422 2.7597549 242.51725769 -989.6385498 2.72255015 242.75071716 -989.62213135 2.78114843 243.0927124 -989.62841797 2.7436552 243.32783508 -989.61407471 2.80254197 243.65931702 -989.6204834 2.76476002 243.89613342 -989.63812256 2.75983572 241.69772339 -989.62567139 2.78139663 242.2802124 -989.61541748 2.80295801 242.85395813 -989.60736084 2.8245194 243.41885376 -989.60144043 2.84608054 243.97483826 -989.5993042 2.85686111 244.24945068 -989.59771729 2.86764169 244.52177429 -989.59674072 2.8784225 244.79185486 -989.59631348 2.88920283 245.05963135 -989.59649658 2.89998341 245.32510376 -989.59716797 2.91076422 245.58825684 -989.59844971 2.92154479 245.84909058 -989.60028076 2.93232512 246.10758972 -989.60272217 2.94310594 246.36373901 -989.64599609 2.74417043 240.87052917 -989.652771 2.73827434 241.10658264 -989.69476318 1.56661606 244.04269409 -989.66107178 1.61557269 246.38832092 -989.66973877 0.84587252 246.79800415 -989.67230225 0.87150502 249.01040649 -989.675354 -0 249.15496826 -989.71508789 -0 251.22039795 -989.71185303 -0.89713752 251.07183838 -989.78991699 -0.92277002 252.97640991 -989.77984619 -1.76244295 252.53198242 -989.87719727 -2.51147842 253.54563904 -989.8527832 -2.98567104 252.62657166 -989.96789551 -3.20796609 253.62815857 -990.02130127 -3.29459143 254.04942322 -989.44262695 2.76577806 236.68315125 -989.53552246 2.76577806 238.75280762 -989.57470703 2.76577806 239.75613403 -989.60894775 2.76577806 240.73794556 -989.04345703 2.42005587 212.01832581 -988.78765869 2.89542389 230.41856384 -986.19567871 3.11150026 208.02761841 -982.82849121 2.93863916 173.87471008 -990.09893799 -3.42481112 254.5944519 -990.09033203 -3.41400743 254.45050049 -990.08062744 -3.40320349 254.3039856 -983.36437988 4.14866734 230.20153809 -981.78070068 4.14866734 216.40678406 -995.0380249 -0.69144452 114.48165894 -975.26080322 1.86489654 63.46023941 -973.36029053 1.9981035 58.84243774 -971.45977783 2.13131022 54.22463989 -990.46466064 0.79924136 100.4026413 -994.26568604 0.53282756 109.638237 -998.06665039 0.26641378 118.8738327 -986.66369629 1.06565511 91.16703796 -988.56420898 0.93244827 95.78483582 -977.16131592 1.73168957 68.07804108 -979.06170654 1.59848273 72.69583893 -982.86273193 1.33206892 81.93143463 -1004.07769775 -0.01665086 110.01041412 -1004.14599609 -0 109.90974426 -998.1348877 0.24976294 118.77316284 -968.70184326 -2.09800863 24.75953102 -966.53778076 -2.19791365 20.31228065 -961.83905029 -2.56423259 24.81130981 -964.30157471 -2.2978189 15.91127396 -962.00231934 -2.39772391 11.56559277 -957.83618164 -2.79734468 15.71016216 -962.23297119 -2.66621923 30.87505341 -964.14086914 -2.53925633 35.48740387 -964.35571289 -2.49762917 35.28556824 -958.26843262 -2.96775913 21.7853775 -956.3604126 -3.0967741 17.17204094 -956.25585938 -3.19696546 17.28223991 -980.42749023 -0.11031196 -24.49549866 -977.7387085 -0.11239332 -25.20884323 -977.64282227 -0.16858998 -25.10783195 -965.70196533 -0.18185863 -27.11493111 -964.97631836 -0.18263914 -27.18793106 -964.88513184 -0.24351884 -27.08930969 -958.69897461 -0.44072747 -27.19410133 -958.55535889 -0.50368857 -27.03747177 -959.99957275 -0.49952587 -26.91036797 -953.0569458 -0.26016971 -27.79940414 -954.55761719 -0.25808835 -27.75363922 -954.65576172 -0.12904418 -27.86113548 -952.18963623 -0.78050917 -26.84827614 -950.76855469 -0.78675318 -26.9762249 -950.47558594 -0.91787875 -26.65457153 -953.25024414 -0.90330923 -26.32165909 -952.85552979 -1.0323534 -25.88931847 -955.54193115 -1.01570249 -25.44511795 -951.96722412 -1.29044175 -24.91635704 -955.67193604 -1.49857748 -22.20013809 -952.76623535 -1.9981035 -19.03755188 -956.65258789 -1.93149996 -16.49037743 -954.45129395 -3.22579479 12.55983257 -956.49072266 -3.0471077 17.04860687 -951.67822266 3.36985612 5.55613089 -950.63079834 3.48382998 3.33959699 -950.72845459 3.42799616 3.24544072 -953.21356201 3.13868737 7.2603159 -953.77368164 3.03045678 6.67979431 -957.83618164 2.79734468 15.71016216 -951.02758789 3.31560278 2.93035078 -951.22833252 3.25940609 2.7189033 -956.12762451 2.33112073 -9.16835594 -960.4642334 1.86489654 -13.79837608 -964.18566895 1.79829311 -10.93119526 -992.12408447 0.29971549 -18.39991379 -992.62011719 0.19981034 -18.89341927 -997.04418945 0.19148491 -15.9976263 -999.56445312 -0 -14.85353184 -1001.53491211 -0 -13.1977396 -1001.41595459 0.09157974 -13.0838089 -957.0088501 1.24881458 -23.65526199 -958.20666504 0.99905175 -24.95898628 -963.45825195 0.96574998 -23.8353672 -970.09466553 0.69933617 -24.08047104 -971.25958252 0.46622413 -25.32417297 -976.64544678 0.44957328 -24.05716705 -987.39709473 0.31220365 -20.91715431 -986.77880859 0.41627154 -20.28877258 -981.82879639 0.43292239 -22.39677048 -990.44763184 0.15297979 -20.36435699 -988.01818848 0.15610182 -21.54842567 -988.13739014 0.10406788 -21.66952896 -980.32543945 0.16546793 -24.3888588 -982.95166016 0.1623459 -23.56048393 -982.80291748 0.2164612 -23.40637398 -980.18499756 0.22062391 -24.24196625 -977.51074219 0.22478664 -24.96869278 -977.64282227 0.16858998 -25.10783195 -958.73895264 0.87417024 -25.53830338 -959.21905518 0.74928874 -26.06084442 -964.72460938 0.72431242 -25.20211983 -956.95568848 0.57133269 -26.98913383 -957.10455322 0.50785124 -27.15177917 -959.99957275 0.49952587 -26.91036797 -955.64764404 0.51201397 -27.25419235 -967.7644043 0.23935613 -26.76085854 -969.18969727 0.23727477 -26.56884956 -969.05651855 0.29659346 -26.42589951 -963.03918457 0.42980036 -26.80158234 -962.86627197 0.49120042 -26.61414909 -964.88513184 0.24351884 -27.08930969 -966.32940674 0.24143749 -26.93403435 -966.20812988 0.30179685 -26.8031311 -1000.31817627 0.26641378 100.8506012 -1004.47930908 0.13320689 94.80911255 -998.55419922 0.53282756 75.00347137 -1005.8505249 0.06660344 92.81816101 -1012.10272217 0.04162715 44.27779007 -1013.56066895 0.04995259 31.38144684 -1013.65997314 -0 31.2625885 -1013.97180176 -0 28.34189415 -1013.86895752 0.05203394 28.46250725 -1014.13891602 0.0541153 25.65775871 -1014.24530029 -0 25.53571701 -1014.46984863 -0 22.83647728 -1006.3706665 -0 92.06298065 -1006.23474121 -0.03330172 92.26036072 -1009.42993164 -0.02913901 66.80994415 -1010.37658691 -0.03330172 58.93265152 -1010.29290771 -0.04995259 59.04634857 -996.15710449 -0.39962068 106.8921051 -994.78582764 -0.46622413 108.88304901 -976.95263672 -1.63178432 61.60297394 -973.30859375 -1.86489654 52.3535347 -971.94299316 -1.9981035 53.73559952 -963.85784912 2.66413784 35.75344086 -949.89013672 3.4342401 0.81652719 -949.77935791 3.43424845 0.48416695 -949.77935791 3.39065123 -0.00515781 -949.77935791 3.37189674 -0.24389011 -949.77935791 3.34290051 -0.64505816 -949.77935791 3.247612 -2.20782018 -949.77935791 3.07176733 -5.71541786 -949.77935791 2.78482032 -11.43920231 -952.34460449 2.79734468 -5.12940168 -949.91552734 1.80661845 -22.66912651 -950.97576904 1.5485301 -23.83040428 -955.67193604 1.49857748 -22.20013809 -949.77935791 1.25285053 -25.63948631 -950.15081787 1.04900432 -26.29797173 -952.85552979 1.0323534 -25.88931847 -949.77935791 0.97838986 -26.57272339 -949.77935791 0.83027834 -26.9676342 -950.76855469 0.78675318 -26.9762249 -950.47558594 0.91787875 -26.65457153 -949.77935791 0.51132333 -27.58865929 -949.8515625 0.46258175 -27.65483284 -950.59558105 0.46076056 -27.62938881 -949.77935791 0.30597317 -27.83279991 -949.77935791 0.23512192 -27.88926506 -950.03485107 0.25400117 -27.87163162 -949.77935791 -0.04902089 -27.96839523 -949.77935791 -0.14575732 -27.93992615 -950.10595703 -0.13098028 -27.94312096 -949.77935791 -1.83797574 -22.52718735 -949.91552734 -1.80661845 -22.66912651 -949.77935791 -1.83029938 -22.58063698 -949.77935791 -3.54114413 1.28539753 -949.77935791 -3.54177809 1.28847897 -950.6307373 -3.48388076 3.3396337 -971.56665039 -2.06881714 54.10783768 -971.73449707 -2.03140497 53.94656754 -978.18286133 -1.59848273 47.42061996 -976.46893311 -1.69838786 42.84000397 -974.67144775 -1.79829311 38.288311 -972.77746582 -1.89819813 33.75642014 -970.78479004 -1.9981035 29.24393845 -965.76275635 -2.33112073 33.9633255 -963.98461914 -2.5807271 35.63061142 -949.77935791 -3.62484264 1.53157842 -949.77935791 -3.63434935 1.5399574 -949.77935791 -3.6134131 1.516415 -949.77935791 -3.56197381 1.37664628 -949.77935791 -3.59434748 1.47847652 -949.77935791 -3.63990378 1.54310119 -949.77935791 -3.64646959 1.54517257 -949.77935791 -3.65091157 1.54557347 -950.72845459 -3.42799616 3.24544072 -949.77935791 -3.51623845 1.14904642 -949.77935791 -3.4066999 0.18577664 -949.77935791 -3.450315 0.64083391 -949.89013672 -3.4342401 0.81652719 -949.77935791 -3.48633981 0.94530421 -949.77935791 -3.49042487 0.97574902 -951.22833252 -3.25940609 2.7189033 -953.77368164 -3.03045678 6.67979431 -949.77935791 -3.28753543 -1.51136577 -949.77935791 -3.25650358 -2.04808426 -950.86053467 -3.37179947 3.10630155 -951.02758789 -3.31560278 2.93035078 -949.77935791 -3.35346842 -0.49444014 -957.25061035 -2.59753442 3.07628846 -954.81414795 -2.69743967 -1.05867004 -950.83374023 -3.03045678 -3.51628232 -952.34460449 -2.79734468 -5.12940168 -949.77935791 -3.09135795 -5.30587959 -949.84686279 -2.8972497 -9.14538956 -949.77935791 -2.67021894 -13.41005611 -949.77935791 -1.63167274 -23.83294868 -950.97576904 -1.5485301 -23.83040428 -949.77935791 -1.18850613 -25.88352585 -949.77935791 -1.18644845 -25.89106178 -949.79772949 -1.18012977 -25.91030693 -949.77935791 -1.18041134 -25.91308212 -950.15081787 -1.04900432 -26.29797173 -949.77935791 -1.05257881 -26.34740257 -949.77935791 -0.9220686 -26.73131752 -949.77935791 -0.87949628 -26.84428215 -951.14056396 -0.59006488 -27.38467979 -949.77935791 -0.66024274 -27.33621025 -951.02612305 -0.65562767 -27.25904465 -949.77935791 -0.70908403 -27.23928261 -950.90197754 -0.72119039 -27.12273026 -951.24481201 -0.52450216 -27.49915123 -949.77935791 -0.55624574 -27.51926041 -949.77935791 -0.59453136 -27.45552826 -950.59558105 -0.46076056 -27.62938881 -949.8515625 -0.46258175 -27.65483284 -949.77935791 -0.52868187 -27.56252861 -949.92523193 -0.39649862 -27.73577309 -949.77935791 -0.39681914 -27.73953819 -949.77935791 -0.44733852 -27.67756081 -949.77935791 -0.24575658 -27.88170242 -949.77935791 -0.26469946 -27.86743546 -950.03149414 -0.26061022 -27.86654663 -949.77935791 -0.30506149 -27.83361816 -949.77935791 -0.3752057 -27.76384544 -949.77935791 0.16115406 -27.93284798 -949.77935791 0.13239805 -27.94550514 -950.06402588 0.21126102 -27.90139008 -949.77935791 0.0918998 -27.95920944 -949.77935791 0.43914956 -27.688097 -949.77935791 0.39681911 -27.73953819 -949.92523193 0.39649862 -27.73577309 -949.77935791 0.3708646 -27.76856804 -951.14056396 0.59006488 -27.38467979 -949.77935791 0.59450251 -27.45557976 -951.24481201 0.52450216 -27.49915123 -949.77935791 0.56011415 -27.51301193 -950.50695801 0.52658349 -27.5320816 -949.77935791 0.52864534 -27.56258392 -949.77935791 1.80946243 -22.72370911 -949.77935791 1.78241181 -22.90514565 -949.77935791 1.39854479 -25.02378845 -952.76623535 1.9981035 -19.03755188 -949.77935791 2.05068707 -20.8730011 -949.77935791 1.83459568 -22.55077171 -949.77935791 3.08045936 -5.53354406 -954.81414795 2.69743967 -1.05867004 -949.77935791 3.24240685 -2.30247307 -950.83374023 3.03045678 -3.51628232 -950.86053467 3.37179947 3.10630155 -949.77935791 3.63207364 1.53829765 -949.77935791 3.63933206 1.54283667 -949.77935791 3.64572167 1.54502583 -949.77935791 3.62281728 1.5292989 -949.77935791 3.60979033 1.5104326 -949.77935791 3.58635592 1.45777416 -949.77935791 3.55787301 1.36029875 -949.77935791 3.54037261 1.28162348 -963.98455811 2.58073187 35.63058472 -965.76275635 2.33112073 33.9633255 -974.67144775 1.79829311 38.288311 -972.77746582 1.89819813 33.75642014 -970.78479004 1.9981035 29.24393845 -968.70184326 2.09800863 24.75953102 -976.46893311 1.69838786 42.84000397 -978.18286133 1.59848273 47.42061996 -973.30859375 1.86489654 52.3535347 -971.73449707 2.03140497 53.94656754 -971.94299316 1.9981035 53.73559952 -975.70294189 1.74834049 62.97481918 -971.58294678 2.06465507 54.09778595 -971.45977783 -2.13131022 54.22463989 -975.26080322 -1.86489654 63.46023941 -975.26025391 -1.86168432 63.45774841 -979.15795898 -1.54901898 72.57510376 -979.45025635 -1.49857748 72.23052216 -979.06170654 -1.59848273 72.69583893 -982.86273193 -1.33206892 81.93143463 -982.86230469 -1.330073 81.92955017 -986.73193359 -1.0323534 91.07430267 -986.93078613 -0.99905175 90.8039856 -980.54840088 -1.39867234 70.91550446 -987.68554688 -0.93244827 89.77798462 -990.3795166 -0.79924136 86.11592865 -987.44464111 -0.99905175 76.03112793 -988.56420898 -0.93244827 95.78483582 -990.46466064 -0.79924136 100.4026413 -990.51641846 -0.77426505 100.32954407 -994.26568604 -0.53282756 109.638237 -994.40161133 -0.49952587 109.44085693 -998.1348877 -0.24976294 118.77316284 -998.06665039 -0.26641378 118.8738327 -986.66369629 -1.06565511 91.16703796 -988.62420654 -0.90330923 95.70147705 -990.66711426 -0.74928874 100.11647797 -1000.31817627 -0.26641378 100.8506012 -1014.54541016 -0.06452209 13.08223152 -1014.21270752 -0.09990517 10.95700645 -1014.47961426 -0.09366109 15.58257008 -1014.38342285 -0.08741702 20.51260757 -1014.61376953 -0.06035937 17.85303879 -1014.62518311 -0.06244073 15.42943954 -1014.00854492 -0.08117295 25.8073864 -1014.36004639 -0.05619666 22.95963669 -1014.52197266 -0.05827802 20.36058426 -1012.10272217 -0.04162715 44.27779007 -1013.56066895 -0.04995259 31.38144684 -1013.43896484 -0.07492887 31.52717209 -1013.86895752 -0.05203394 28.46250725 -1014.13891602 -0.0541153 25.65775871 -979.82647705 -1.49857748 52.03964233 -981.41296387 -1.39867234 56.70654297 -984.46777344 -1.19886196 66.22189331 -996.36083984 -0.79924136 51.97921371 -997.52478027 -0.66603446 63.05044937 -1007.60498047 -0.33301723 50.06977463 -1006.72900391 -0.26641378 63.89102936 -1009.4229126 -0.13320689 60.22897339 -1008.4364624 -0.02497629 74.99516296 -1008.37316895 -0.03746444 75.08477783 -1008.2857666 -0.04995259 75.20822144 -1010.17773438 -0.06660344 59.20296478 -1005.8505249 -0.06660344 92.81816101 -1004.47930908 -0.13320689 94.80911255 -998.55419922 -0.53282756 75.00347137 -1014.21270752 0.09990517 10.95700645 -1014.54541016 0.06452209 13.08223152 -1014.47961426 0.09366109 15.58257008 -1014.62518311 0.06244073 15.42943954 -1014.61376953 0.06035937 17.85303879 -1014.72973633 -0 17.72847176 -1014.63482666 -0 20.23658943 -1014.52197266 0.05827802 20.36058426 -1014.36004639 0.05619666 22.95963669 -1014.38342285 0.08741702 20.51260757 -1014.00854492 0.08117295 25.8073864 -1013.43896484 0.07492887 31.52717209 -1010.29290771 0.04995259 59.04634857 -973.36193848 1.98854971 58.83640671 -979.82647705 1.49857748 52.03964233 -976.95263672 1.63178432 61.60297394 -979.45025635 1.49857748 72.23052216 -977.16259766 1.72351551 68.07233429 -975.36914062 1.80744648 63.33456802 -981.41296387 1.39867234 56.70654297 -995.70330811 0.86584479 46.80688095 -984.46777344 1.19886196 66.22189331 -996.36083984 0.79924136 51.97921371 -987.44464111 0.99905175 76.03112793 -980.54840088 1.39867234 70.91550446 -987.68554688 0.93244827 89.77798462 -1008.48815918 -0 74.92206573 -1008.4364624 0.02497629 74.99516296 -1009.48986816 -0 66.72658539 -1009.42993164 0.02913901 66.80994415 -1010.44476318 -0 58.83991623 -1010.37658691 0.03330172 58.93265152 -1012.18676758 -0 44.16946793 -1014.27911377 0.12488147 15.79349709 -1014.19268799 0.11655603 20.72201157 -1013.82885742 0.1082306 26.01348877 -1013.2713623 0.09990517 31.72790337 -1010.17773438 0.06660344 59.20296478 -1008.37316895 0.03746444 75.08477783 -1008.2857666 0.04995259 75.20822144 -1006.23474121 0.03330172 92.26036072 -1004.07769775 0.01665086 110.01041412 -1009.4229126 0.13320689 60.22897339 -1012.17327881 0.19981034 33.04292297 -1012.65179443 0.2164612 27.3637085 -1012.9430542 0.23311207 22.0938549 -1012.96569824 0.24976294 17.17531586 -1012.63867188 0.26641378 12.55003643 -988.62420654 0.90330923 95.70147705 -986.73193359 1.0323534 91.07430267 -986.93078613 0.99905175 90.8039856 -982.86230469 1.33005154 81.92954254 -979.15838623 1.54892731 72.57494354 -990.66711426 0.74928874 100.11647797 -994.78582764 0.46622413 108.88304901 -996.15710449 0.39962068 106.8921051 -990.3795166 0.79924136 86.11592865 -997.52478027 0.66603446 63.05044937 -994.40161133 0.49952587 109.44085693 -990.51641846 0.77426505 100.32954407 -951.60180664 0.12863313 -27.92595291 -953.14642334 0.13008486 -27.89752388 -953.0569458 0.26016971 -27.79940414 -951.5513916 0.26225108 -27.83568764 -949.77935791 0.0202894 -27.97144699 -952.91259766 0.39025459 -27.641119 -951.42108154 0.39337659 -27.69265938 -950.67364502 0.3949376 -27.71521187 -951.33843994 0.45893937 -27.60197258 -952.82110596 0.45529699 -27.54076195 -954.29888916 0.45165461 -27.47028351 -955.77148438 0.44801223 -27.38962555 -954.39929199 0.38713253 -27.58023262 -954.48571777 0.32261044 -27.67487907 -954.55761719 0.25808835 -27.75363922 -954.65576172 0.12904418 -27.86113548 -957.65777588 0.12696281 -27.75591278 -957.54241943 0.25392562 -27.62993622 -956.05291748 0.25600699 -27.69746208 -957.45788574 0.31740704 -27.53763771 -955.97467041 0.32000875 -27.61189842 -957.35632324 0.38088846 -27.42671967 -955.88067627 0.38401049 -27.50907326 -957.23834229 0.44436985 -27.29786873 -960.63415527 0.12488147 -27.60113144 -960.50183105 0.24976294 -27.45709229 -959.02557373 0.25184429 -27.55012512 -960.40484619 0.31220365 -27.35155869 -958.93481445 0.31480533 -27.45116806 -960.28833008 0.37464437 -27.22473526 -958.82568359 0.3777664 -27.33224678 -969.37139893 0.11863738 -26.76395607 -970.79449463 0.11759671 -26.56014442 -970.71466064 0.17639506 -26.47472572 -974.99719238 0.11447467 -25.81964302 -972.20678711 0.11655603 -26.33545113 -972.27453613 -0 -26.40779495 -969.43371582 -0 -26.83088875 -967.86499023 0.17951709 -26.86918449 -966.42529297 0.18107811 -27.03755188 -966.49493408 0.12071875 -27.11270332 -963.58117676 0.1228001 -27.38924789 -965.09649658 -0 -27.3179245 -963.43212891 0.24560021 -27.22761917 -964.76983643 0.30439857 -26.96459579 -966.06231689 0.36215621 -26.6458168 -968.89654541 0.35591218 -26.25411415 -965.89294434 0.4225156 -26.46307182 -968.5 0.47454953 -25.82829857 -965.70098877 0.48287499 -26.25587654 -963.19165039 0.36840031 -26.96689606 -963.32287598 0.30700028 -27.10920143 -952.60180664 0.58538187 -27.30029488 -952.71728516 0.52033943 -27.42697334 -954.05841064 0.58069879 -27.20683861 -954.18505859 0.5161767 -27.34562302 -953.91937256 0.64522088 -27.05451775 -952.47509766 0.6504243 -27.1612587 -951.02612305 0.65562767 -27.25904465 -949.77935791 0.69069731 -27.27660561 -950.90197754 0.72119039 -27.12273026 -953.76843262 0.70974296 -26.88925362 -956.42431641 0.76177692 -26.4087925 -956.00579834 0.88873971 -25.95178413 -953.60626221 0.77426505 -26.71162796 -953.25024414 0.90330923 -26.32165909 -956.79223633 0.63481408 -26.81062889 -959.64117432 0.62440729 -26.52030182 -962.46252441 0.61400056 -26.17646217 -965.25268555 0.60359371 -25.7720356 -972.12365723 0.17483404 -26.24675179 -974.90759277 0.171712 -25.724617 -983.05957031 0.1082306 -23.67236519 -980.42749023 0.11031196 -24.49549866 -977.7387085 0.11239332 -25.20884323 -983.14764404 -0 -23.76361656 -980.51074219 -0 -24.58247757 -977.81689453 -0 -25.29123306 -975.07025146 -0 -25.89714432 -974.78424072 0.22894934 -25.59372902 -972.00927734 0.23311207 -26.12457657 -985.72369385 -0 -22.82739449 -985.63098145 0.10614924 -22.73220444 -985.51733398 0.15922385 -22.61549377 -985.36071777 0.21229848 -22.45473289 -988.23455811 -0 -21.76830482 -990.67346191 -0 -20.5914669 -990.57202148 0.10198652 -20.48944473 -982.38891602 0.3246918 -22.97729301 -958.69897461 0.44072747 -27.19410133 -960.15301514 0.43708512 -27.07740784 -961.74383545 0.37152237 -27.10325813 -961.86773682 0.30960196 -27.23788071 -961.97088623 0.24768157 -27.34990311 -971.69067383 0.34966809 -25.78440475 -974.44067383 0.34342399 -25.22930336 -977.14300537 0.33717996 -24.58129501 -987.85406494 0.20813577 -21.38160896 -951.96722412 1.29044175 -24.91635704 -960.28741455 1.44862485 -20.41327095 -964.80084229 1.39867234 -18.42839813 -968.58380127 0.93244827 -22.46735191 -973.55712891 0.89914656 -20.80372238 -997.37310791 0.09574246 -16.31811905 -997.23474121 0.14361368 -16.18331337 -995.19708252 0.09782381 -17.80649185 -995.06304932 0.14673573 -17.67457962 -992.92767334 0.09990517 -19.19934845 -992.79833984 0.14985774 -19.07066917 -993.03314209 -0 -19.30430412 -995.30639648 -0 -17.91408157 -999.30615234 0.14049163 -14.60408592 -1001.0690918 0.18315947 -12.75171566 -1003.26837158 0.08949839 -11.3523674 -1003.38995361 -0 -11.4679594 -1004.99853516 0.08741702 -9.55439758 -1005.12231445 -0 -9.6714592 -1005.94030762 -0 -8.75045872 -1006.59918213 0.08533566 -7.69714499 -1007.90716553 0.12488147 -5.64132977 -1004.84667969 0.13112554 -9.41087341 -997.48596191 -0 -16.42806816 -999.44842529 0.09366109 -14.74147511 -1001.27008057 0.1373696 -12.94412327 -1006.72485352 -0 -7.8155055 -1009.51135254 -0 -3.95431137 -1009.38305664 0.08117295 -3.83378005 -1008.8692627 -0 -4.93599987 -1008.06304932 0.08325431 -5.78785706 -1008.19024658 -0 -5.90736675 -1007.47515869 -0 -6.86750507 -1010.39398193 0.11863738 -1.69326353 -1011.69158936 -0 0.05748163 -1011.56243896 0.07701024 0.17975122 -1011.20648193 -0 -0.95641029 -1010.55194092 0.07909159 -1.84216154 -1010.68078613 -0 -1.9636054 -1010.11547852 -0 -2.96321034 -1012.25280762 0.11239332 2.37822914 -1013.23236084 -0 4.18238592 -1013.10430908 0.07284752 4.30606937 -1012.90454102 -0 3.13901758 -1012.41064453 0.07492887 2.2273972 -1012.53936768 -0 2.10437608 -1012.13549805 -0 1.07751369 -1013.49853516 0.10614924 6.57564878 -1013.52404785 -0 5.23542881 -1013.78094482 -0 6.29909372 -1013.65411377 0.07076616 6.4233284 -1014.0043335 -0 7.37432909 -1014.07037354 0.0686848 8.58673573 -1014.36401367 0.06660344 10.80384922 -1014.74377441 -0 15.3045454 -1014.66668701 -0 12.9572258 -1014.48748779 -0 10.67893219 -1014.35638428 -0 9.56330013 -1014.19580078 -0 8.46208191 -1004.63757324 0.17483404 -9.21317577 -1007.69232178 0.16650862 -5.43949652 -1010.17633057 0.15818319 -1.48816538 -1012.03540039 0.14985774 2.58599114 -1013.28430176 0.14153232 6.78546047 -1014.00421143 0.13320689 11.16797066 -1011.8807373 0.28306463 8.1599741 -1010.61096191 0.29971549 3.94707632 -1008.75054932 0.31636637 -0.14453015 -1006.28533936 0.33301723 -4.11725473 -1003.26751709 0.34966809 -7.91802931 -999.75262451 0.36631894 -11.49120998 -995.79595947 0.38296983 -14.78115749 -991.45288086 0.39962068 -17.73222542 -1006.72900391 0.26641378 63.89102936 -1007.60498047 0.33301723 50.06977463 -1008.25390625 0.39962068 37.73653412 -1008.4508667 0.43292239 32.18295288 -1008.48266602 0.46622413 26.99028587 -1008.27764893 0.49952587 22.10733986 -1007.76446533 0.53282756 17.48295021 -1006.87133789 0.56612927 13.06592846 -1005.52679443 0.59943098 8.80510426 -1003.66162109 0.63273275 4.65121412 -1001.26324463 0.66603446 0.60213393 -998.37780762 0.69933617 -3.2953496 -995.05395508 0.73263788 -6.99217987 -991.34063721 0.76593965 -10.43930054 -987.28668213 0.79924136 -13.58765602 -982.94091797 0.83254308 -16.38818932 -978.35186768 0.86584479 -18.79326439 -956.65258789 1.93149996 -16.49037743 -949.8605957 2.49762917 -15.87496853 -949.77935791 2.45702815 -16.53028297 -949.77935791 2.10469007 -20.39422607 -949.77935791 3.51166034 1.12070286 -949.77935791 3.48701143 0.95036685 -949.77935791 3.48578835 0.94113231 -952.54138184 3.3548255 7.94904137 -951.68981934 3.36451483 5.54412222 -957.25061035 2.59753442 3.07628846 -959.64898682 2.49762917 7.28432465 -962.00231934 2.39772391 11.56559277 -964.30157471 2.2978189 15.91127396 -951.8303833 3.3093586 5.3972311 -952.98760986 3.19280267 7.49451494 -957.16491699 2.8972497 16.37784958 -961.83905029 2.56423259 24.81130981 -966.53778076 2.19791365 20.31228065 -952.65087891 3.30103326 7.84350729 -952.79956055 3.2469182 7.68939734 -954.57171631 3.1740706 12.44456005 -954.73590088 3.1220367 12.27774525 -956.49072266 3.0471077 17.04860687 -956.66888428 2.99715495 16.87135696 -960.32171631 2.7931819 26.26422501 -960.52264404 2.74739194 26.0718174 -964.14086914 2.53925633 35.48740387 -960.1751709 2.83875537 26.39960289 -956.36035156 3.09678006 17.17200089 -954.45129395 3.22579432 12.55983257 -964.35571289 2.49762917 35.28556824 -967.80126953 1.73168957 -7.85848761 -971.29492188 1.66508615 -4.55193233 -974.64447021 1.59848273 -1.01103139 -977.82110596 1.53187931 2.73598647 -980.7958374 1.46527576 6.66005039 -983.53979492 1.39867234 10.73209095 -986.02404785 1.33206892 14.92303658 -988.21954346 1.2654655 19.20381737 -990.09906006 1.19886196 23.54670715 -991.67010498 1.13225853 27.95296669 -992.97363281 1.06565511 32.45178604 -994.05206299 0.99905175 37.07349396 -994.94781494 0.93244827 41.84841537 -960.05682373 2.93055153 26.51783943 -956.25585938 3.19696546 17.28223991 -954.35534668 3.3301723 12.66444111 -952.45489502 3.46337914 8.04664135 -950.55438232 3.59658623 3.42884159 -949.77935791 3.65091157 1.54557347 -951.68981934 -3.36451483 5.54412222 -951.8303833 -3.3093586 5.3972311 -952.79956055 -3.2469182 7.68939734 -952.98760986 -3.19280267 7.49451494 -954.35534668 -3.3301723 12.66444111 -952.45489502 -3.46337914 8.04664135 -950.55438232 -3.59658623 3.42884159 -951.67822266 -3.3698585 5.55613327 -952.65087891 -3.30103326 7.84350729 -954.73590088 -3.1220367 12.27774525 -957.16491699 -2.8972497 16.37784958 -953.21356201 -3.13868737 7.2603159 -949.77935791 -3.20361543 -3.03190064 -959.64898682 -2.49762917 7.28432465 -957.0088501 -1.24881458 -23.65526199 -953.91937256 -0.64522088 -27.05451775 -952.47509766 -0.6504243 -27.1612587 -956.42431641 -0.76177692 -26.4087925 -956.79223633 -0.63481408 -26.81062889 -955.35852051 -0.64001751 -26.93793678 -953.60626221 -0.77426505 -26.71162796 -959.64117432 -0.62440729 -26.52030182 -959.21905518 -0.74928874 -26.06084442 -952.60180664 -0.58538187 -27.30029488 -954.05841064 -0.58069879 -27.20683861 -952.71728516 -0.52033943 -27.42697334 -952.82110596 -0.45529699 -27.54076195 -954.39929199 -0.38713253 -27.58023262 -954.29888916 -0.45165461 -27.47028351 -954.18505859 -0.5161767 -27.34562302 -950.50695801 -0.52658349 -27.5320816 -951.33843994 -0.45893937 -27.60197258 -951.42108154 -0.39337659 -27.69265938 -952.91259766 -0.39025459 -27.641119 -951.63208008 -0.13112554 -27.92435074 -950.67364502 -0.3949376 -27.71521187 -951.5513916 -0.26225108 -27.83568764 -953.14642334 -0.13008486 -27.89752388 -954.68945312 -0 -27.89801407 -949.77935791 -3.7E-07 -27.97208023 -950.12133789 -0.09139228 -27.95668793 -951.6348877 -0.00418209 -27.95505142 -953.17712402 -0 -27.93118477 -954.48571777 -0.32261044 -27.67487907 -957.10455322 -0.50785124 -27.15177917 -957.23834229 -0.44436985 -27.29786873 -957.35632324 -0.38088846 -27.42671967 -960.15301514 -0.43708512 -27.07740784 -958.82568359 -0.3777664 -27.33224678 -958.93481445 -0.31480533 -27.45116806 -957.45788574 -0.31740704 -27.53763771 -959.02557373 -0.25184429 -27.55012512 -957.54241943 -0.25392562 -27.62993622 -959.14941406 -0.12592214 -27.6851902 -957.65777588 -0.12696281 -27.75591278 -959.19189453 -0 -27.73152542 -957.69732666 -0 -27.79913139 -956.19628906 -0 -27.8543129 -956.159729 -0.12800349 -27.81424713 -956.05291748 -0.25600699 -27.69746208 -955.97467041 -0.32000875 -27.61189842 -955.88067627 -0.38401049 -27.50907326 -955.77148438 -0.44801223 -27.38962555 -955.64764404 -0.51201397 -27.25419235 -973.55712891 -0.89914656 -20.80372238 -970.09466553 -0.69933617 -24.08047104 -968.58380127 -0.93244827 -22.46735191 -964.72460938 -0.72431242 -25.20211983 -963.45825195 -0.96574998 -23.8353672 -958.20666504 -0.99905175 -24.95898628 -961.98699951 -0.73680061 -25.66091156 -962.46252441 -0.61400056 -26.17646217 -964.28790283 -0.48703769 -26.44322205 -962.86627197 -0.49120042 -26.61414909 -964.63128662 -0.36527827 -26.81472206 -960.28833008 -0.37464437 -27.22473526 -961.86773682 -0.30960196 -27.23788071 -960.40484619 -0.31220365 -27.35155869 -961.97088623 -0.24768157 -27.34990311 -960.50183105 -0.24976294 -27.45709229 -962.1116333 -0.12384079 -27.50279999 -960.63415527 -0.12488147 -27.60113144 -962.15991211 -0 -27.55525398 -960.67956543 -0 -27.65054893 -963.63232422 -0 -27.44469452 -963.58117676 -0.1228001 -27.38924789 -965.04248047 -0.12175942 -27.25952911 -965.76983643 -0.12123909 -27.18831444 -966.49493408 -0.12071875 -27.11270332 -966.55169678 -0 -27.17399788 -963.43212891 -0.24560021 -27.22761917 -971.25958252 -0.46622413 -25.32417297 -971.69067383 -0.34966809 -25.78440475 -968.5 -0.47454953 -25.82829857 -968.89654541 -0.35591218 -26.25411415 -965.70098877 -0.48287499 -26.25587654 -966.06231689 -0.36215621 -26.6458168 -967.86499023 -0.17951709 -26.86918449 -966.32940674 -0.24143749 -26.93403435 -967.7644043 -0.23935613 -26.76085854 -966.20812988 -0.30179685 -26.8031311 -969.05651855 -0.29659346 -26.42589951 -969.18969727 -0.23727477 -26.56884956 -970.6048584 -0.23519342 -26.3570652 -970.71466064 -0.17639506 -26.47472572 -969.29498291 -0.17795609 -26.68188858 -970.79449463 -0.11759671 -26.56014442 -969.37139893 -0.11863738 -26.76395607 -961.43670654 -0.49536315 -26.76956367 -961.74383545 -0.37152237 -27.10325813 -963.19165039 -0.36840031 -26.96689606 -963.32287598 -0.30700028 -27.10920143 -964.76983643 -0.30439857 -26.96459579 -965.6083374 -0.24247818 -27.01385117 -966.42529297 -0.18107811 -27.03755188 -967.93804932 -0.11967807 -26.94782639 -967.93804932 0.11967807 -26.94782639 -969.29498291 0.17795609 -26.68188858 -970.6048584 0.23519342 -26.3570652 -971.86456299 0.29139009 -25.97007561 -974.62823486 0.28618667 -25.42821312 -977.34375 0.28098327 -24.79274178 -979.79364014 0.33093587 -23.83298492 -971.86456299 -0.29139009 -25.97007561 -977.14300537 -0.33717996 -24.58129501 -977.34375 -0.28098327 -24.79274178 -974.62823486 -0.28618667 -25.42821312 -974.78424072 -0.22894934 -25.59372902 -972.00927734 -0.23311207 -26.12457657 -974.90759277 -0.171712 -25.724617 -972.12365723 -0.17483404 -26.24675179 -974.99719238 -0.11447467 -25.81964302 -972.20678711 -0.11655603 -26.33545113 -979.79364014 -0.33093587 -23.83298492 -977.51074219 -0.22478664 -24.96869278 -995.79595947 -0.38296983 -14.78115749 -992.12408447 -0.29971549 -18.39991379 -991.45288086 -0.39962068 -17.73222542 -987.39709473 -0.31220365 -20.91715431 -986.77880859 -0.41627154 -20.28877258 -982.38891602 -0.3246918 -22.97729301 -981.82879639 -0.43292239 -22.39677048 -976.64544678 -0.44957328 -24.05716705 -974.44067383 -0.34342399 -25.22930336 -980.32543945 -0.16546793 -24.3888588 -980.18499756 -0.22062391 -24.24196625 -982.95166016 -0.1623459 -23.56048393 -982.80291748 -0.2164612 -23.40637398 -985.51733398 -0.15922385 -22.61549377 -985.36071777 -0.21229848 -22.45473289 -988.01818848 -0.15610182 -21.54842567 -987.85406494 -0.20813577 -21.38160896 -990.44763184 -0.15297979 -20.36435699 -992.62011719 -0.19981034 -18.89341927 -958.40753174 -2.9201448 21.65528488 -960.32171631 -2.7931819 26.26422501 -960.52264404 -2.74739194 26.0718174 -956.66888428 -2.99715495 16.87135696 -954.57171631 -3.1740706 12.44456005 -952.54138184 -3.35483384 7.94904757 -962.08062744 -2.70973587 31.01474953 -960.17523193 -2.83874679 26.39966774 -963.85784912 -2.66413784 35.75344086 -961.95733643 -2.79734468 31.1356411 -960.05682373 -2.93055153 26.51783943 -958.15637207 -3.06375861 21.90004158 -997.04418945 -0.19148491 -15.9976263 -995.06304932 -0.14673573 -17.67457962 -992.79833984 -0.14985774 -19.07066917 -1004.63757324 -0.17483404 -9.21317577 -1001.27008057 -0.1373696 -12.94412327 -1001.0690918 -0.18315947 -12.75171566 -999.30615234 -0.14049163 -14.60408592 -997.23474121 -0.14361368 -16.18331337 -983.05957031 -0.1082306 -23.67236519 -985.63098145 -0.10614924 -22.73220444 -988.13739014 -0.10406788 -21.66952896 -990.57202148 -0.10198652 -20.48944473 -992.92767334 -0.09990517 -19.19934845 -995.19708252 -0.09782381 -17.80649185 -997.37310791 -0.09574246 -16.31811905 -999.44842529 -0.09366109 -14.74147511 -1001.41595459 -0.09157974 -13.0838089 -1003.26837158 -0.08949839 -11.3523674 -999.75262451 -0.36631894 -11.49120998 -1003.26751709 -0.34966809 -7.91802931 -1006.44506836 -0.12800349 -7.55202723 -1005.81549072 -0.08637634 -8.63272858 -1004.84667969 -0.13112554 -9.41087341 -1004.99853516 -0.08741702 -9.55439758 -1007.90716553 -0.12488147 -5.64132977 -1007.34863281 -0.08429499 -6.74855232 -1006.59918213 -0.08533566 -7.69714499 -1006.23272705 -0.17067133 -7.35213614 -1007.69232178 -0.16650862 -5.43949652 -1009.00921631 -0.1623459 -3.48244476 -1009.22583008 -0.12175942 -3.6860013 -1009.98687744 -0.08013227 -2.84221077 -1009.38305664 -0.08117295 -3.83378005 -1008.74151611 -0.08221363 -4.81596422 -1008.06304932 -0.08325431 -5.78785706 -1010.39398193 -0.11863738 -1.69326353 -1010.55194092 -0.07909159 -1.84216154 -1006.28533936 -0.33301723 -4.11725473 -1008.75054932 -0.31636637 -0.14453015 -1010.17633057 -0.15818319 -1.48816538 -1011.18634033 -0.15402047 0.53615409 -1011.40429688 -0.11551535 0.32966152 -1011.07739258 -0.07805091 -0.83454394 -1011.56243896 -0.07701024 0.17975122 -1012.03540039 -0.14985774 2.58599114 -1012.25280762 -0.11239332 2.37822914 -1012.73120117 -0.14569505 4.66659403 -1012.94732666 -0.10927128 4.45771313 -1012.00653076 -0.07596955 1.20016885 -1012.41064453 -0.07492887 2.2273972 -1012.77612305 -0.0738882 3.26238251 -1013.10430908 -0.07284752 4.30606937 -1010.61096191 -0.29971549 3.94707632 -1011.8807373 -0.28306463 8.1599741 -1013.28430176 -0.14153232 6.78546047 -1013.91687012 -0.1030272 8.73956871 -1013.87823486 -0.06972548 7.49879074 -1013.49853516 -0.10614924 6.57564878 -1013.65411377 -0.07076616 6.4233284 -1013.39648438 -0.07180684 5.35940313 -1013.70513916 -0.1373696 8.95008755 -1014.00421143 -0.13320689 11.16797066 -1014.27911377 -0.12488147 15.79349709 -1014.19268799 -0.11655603 20.72201157 -1013.82885742 -0.1082306 26.01348877 -1013.2713623 -0.09990517 31.72790337 -1014.36401367 -0.06660344 10.80384922 -1014.23193359 -0.06764413 9.68810654 -1014.07037354 -0.0686848 8.58673573 -1012.17327881 -0.19981034 33.04292297 -1012.65179443 -0.2164612 27.3637085 -1012.9430542 -0.23311207 22.0938549 -1012.96569824 -0.24976294 17.17531586 -1012.63867188 -0.26641378 12.55003643 -1008.25390625 -0.39962068 37.73653412 -1008.4508667 -0.43292239 32.18295288 -1008.48266602 -0.46622413 26.99028587 -1008.27764893 -0.49952587 22.10733986 -1007.76446533 -0.53282756 17.48295021 -1006.87133789 -0.56612927 13.06592846 -1005.52679443 -0.59943098 8.80510426 -1003.66162109 -0.63273275 4.65121412 -1001.26324463 -0.66603446 0.60213393 -998.37780762 -0.69933617 -3.2953496 -995.05395508 -0.73263788 -6.99217987 -991.34063721 -0.76593965 -10.43930054 -987.28668213 -0.79924136 -13.58765602 -982.94091797 -0.83254308 -16.38818932 -978.35186768 -0.86584479 -18.79326439 -960.4642334 -1.86489654 -13.79837608 -964.18566895 -1.79829311 -10.93119526 -967.80126953 -1.73168957 -7.85848761 -971.29492188 -1.66508615 -4.55193233 -974.64447021 -1.59848273 -1.01103139 -977.82110596 -1.53187931 2.73598647 -980.7958374 -1.46527576 6.66005039 -983.53979492 -1.39867234 10.73209095 -986.02404785 -1.33206892 14.92303658 -988.21954346 -1.2654655 19.20381737 -990.09906006 -1.19886196 23.54670715 -991.67010498 -1.13225853 27.95296669 -992.97363281 -1.06565511 32.45178604 -994.05206299 -0.99905175 37.07349396 -994.94781494 -0.93244827 41.84841537 -995.70330811 -0.86584479 46.80688095 -949.77935791 -2.25815988 -18.88156128 -949.77935791 5.27353907 24.1724987 -949.77935791 -5.27353907 24.1724987</float_array>
          <technique_common>
            <accessor source="#pos_0-array" count="18663" stride="3">
              <param name="X" type="float"/>
              <param name="Y" type="float"/>
              <param name="Z" type="float"/>
            </accessor>
          </technique_common>
        </source>
        <source id="norm_0">
          <float_array id="norm_0-array" count="36795">-0.25011 -0.00044 0.96822 -0.25 0 0.96825 -0.25 0 0.96825 -0.25 0 0.96825 -0.24997 0.00013 0.96825 -0.25019 -0.00075 0.9682 -0.24874 0.00511 0.96856 -0.24997 -0 0.96825 -0.26453 0.00061 0.96438 -0.25003 -0 0.96824 -0.25021 0 0.96819 -0.25 -0 0.96825 -0.24996 -5E-05 0.96826 -0.2501 0.00011 0.96822 -0.25135 0.00013 0.9679 -0.25015 1E-05 0.96821 -0.25 0 0.96825 -0.24856 -0.0009 0.96862 -0.25105 0.00065 0.96797 -0.24975 -0.00016 0.96831 -0.25008 5E-05 0.96822 -0.25017 0.0001 0.9682 -0.24996 -2E-05 0.96826 -0.25 0 0.96825 -0.25 0 -0.96825 -0.25001 -0 -0.96824 -0.24999 -0 -0.96825 -0.25 -0 -0.96825 -0.25 0 -0.96825 -0.25 0 -0.96825 -0.25 0 -0.96825 -0.25 -0 -0.96825 -0.25 -0 -0.96825 0.98418 -0.01807 -0.17623 0.99946 -0.00439 -0.03267 0.99988 -0.0001 -0.01553 0.99982 5E-05 0.01908 0.99983 -0 0.01869 0.99778 0 0.06656 0.99782 -0.00025 0.06594 0.99304 9E-05 0.11774 0.99342 -0.00047 0.11453 0.98655 0.00103 0.16347 0.98486 0.00479 0.17326 0.97708 -0.00103 0.21285 0.97435 0 0.22505 0.96589 0 0.25897 0.96351 0.00296 0.26764 0.95193 -0.00139 0.30632 0.94922 0 0.3146 0.93733 0 0.34845 0.9355 0.00152 0.35333 0.91934 -0.00138 0.39345 0.91734 0 0.39811 0.90226 0 0.43119 0.90164 0.00032 0.43249 0.883 -0.00053 0.46938 0.87997 0.00182 0.47502 0.85397 -0.00202 0.52033 0.86071 -0.00762 0.50904 0.84672 0 0.53204 0.98309 0.01923 -0.18212 0.98613 -0.00016 -0.16598 0.98419 0.0203 -0.17597 0.98301 -0.0207 -0.1824 0.98382 -0.00216 -0.17917 0.98485 4E-05 -0.17339 0.98357 -0.00166 -0.1805 0.98718 0.00083 -0.15958 0.9858 0.00019 -0.16793 0.97948 -0.04071 -0.1974 0.99641 0.02525 -0.08076 0.99253 0.00521 -0.12192 0.98261 -0.03244 -0.18282 0.98413 -0.02822 -0.17521 0.98532 -0.02491 -0.16891 0.98652 -0.02155 -0.1622 0.98801 -0.01746 -0.15339 0.99006 -0.01206 -0.14012 0.9927 -0.00573 -0.1205 0.99584 -0 -0.09109 0.99845 -0 -0.05569 0.98423 0 -0.17692 0.98397 -0 -0.17834 0.984 -0 -0.17816 0.98406 -0.00121 -0.17784 0.9835 0.01097 -0.18058 0.9839 0 -0.17873 0.9736 -0 -0.22826 0.94657 -0 -0.3225 0.91053 -0 -0.41345 0.88502 -0 -0.46554 0.87763 -0 -0.47934 0.86134 0.00158 -0.50803 0.85646 -0.00146 -0.51621 0.83971 0 -0.54304 1 0 0 -0.99989 0.00567 0.01401 -0.99685 0.07761 0.01617 -0.77863 0.62702 -0.02399 -0.70626 0.70749 -0.02551 -0.81915 0.57301 -0.02565 -0.52101 0.85297 -0.03153 -0.99963 0.02444 -0.01214 -0.3566 0.9338 -0.02914 -0.72369 0.68749 -0.06033 -0.99702 -0.04198 -0.06478 -0.98792 -0.14029 -0.06576 -0.82915 -0.55808 -0.03242 -0.78782 -0.61514 -0.03073 -0.84461 -0.53395 -0.03912 -0.99726 -0.05023 -0.05425 -0.89335 -0.44668 -0.04896 -0.93111 -0.36011 -0.05788 -0.81417 -0.57967 -0.03313 -0.99208 -0.11034 -0.05999 -0.97881 -0.19491 -0.06272 -0.96182 -0.26966 -0.04667 -0.88308 -0.4667 -0.04849 -0.99331 0.08883 -0.07382 -0.98894 0.12797 -0.07504 -0.90548 -0.42141 -0.05008 -0.99001 -0.13067 -0.05301 -0.99396 -0.09466 -0.05543 -0.99669 -0.05704 -0.05796 -0.99792 0.01646 -0.06231 -0.99446 0.08149 -0.06633 -0.97936 0.18859 -0.07273 -0.94649 0.31342 -0.07696 -0.98346 0.16437 -0.07605 -0.9766 0.20081 -0.07701 -0.96777 0.23955 -0.07768 -0.95778 0.27667 -0.07823 -0.93094 0.35663 -0.07854 -0.9038 0.42067 -0.07864 -0.87599 0.47592 -0.07835 -0.84809 0.52411 -0.07781 -0.81055 0.58052 -0.07746 -0.73496 0.67437 -0.07116 -0.93483 0.34636 -0.0783 -0.37111 0.92776 -0.03927 -0.28601 0.95761 -0.03442 -0.28433 0.95808 -0.03509 -0.56829 0.82037 -0.06348 -0.39819 0.91587 -0.05129 -0.97585 0.039 0.21491 -0.95645 0.28768 -0.04939 -0.99974 0.00403 -0.02228 -0.99975 0.00157 -0.02217 -0.99799 0.05632 0.02896 -0.99644 0.08125 -0.02268 -0.74707 0.66395 -0.03236 -0.8149 0.57681 0.05691 -0.93638 0.34697 -0.05286 -0.83397 0.54933 -0.05229 -0.5799 0.81386 -0.03666 -0.48254 0.87514 -0.03574 -0.25592 0.96662 -0.01199 -0.74119 0.19083 0.6436 -0.72334 0.30108 0.6214 -0.69645 0.41141 0.58797 -0.65903 0.52144 0.54201 -0.60855 0.63078 0.48145 -0.54407 0.73453 0.40553 -0.1719 0.98508 -0.00806 -0.35328 0.91623 0.18898 -0.50118 0.86421 -0.0442 -0.34168 0.93914 -0.03574 -0.46765 0.88241 -0.05151 -0.44943 0.89183 -0.05146 -0.447 0.893 -0.05237 -0.33748 0.94055 -0.03829 -0.28195 0.91793 0.27914 -0.0712 0.86414 0.49819 -0.34145 0.93874 -0.04676 -0.28719 0.95707 -0.03933 -0.1662 0.98577 -0.02542 -0.05643 0.99839 -0.00483 -0.20826 -0.97763 -0.02957 -0.27643 -0.96067 -0.02641 -0.25026 -0.96779 -0.02753 -0.27981 -0.95956 -0.03078 -0.34373 -0.93821 -0.04008 -0.5065 -0.86003 -0.06171 -0.25295 -0.96683 -0.03556 -0.3628 -0.93149 -0.02662 -0.64146 -0.76439 -0.06515 -0.73107 -0.67754 -0.08045 -0.583 -0.80984 -0.06537 -0.84988 -0.52065 -0.08142 -0.80544 -0.5882 -0.07269 -0.98606 -0.146 -0.07981 -0.98384 -0.16139 -0.07758 -0.98153 -0.17572 -0.07564 -0.50656 -0.86181 -0.0261 -0.56164 -0.82688 -0.02894 -0.75674 -0.65258 -0.03847 -0.74649 -0.66465 -0.03152 -0.86553 -0.50069 -0.01297 -0.95279 -0.302 -0.0314 -0.99312 -0.11263 -0.03201 -0.95173 0.30506 -0.03382 -0.99591 0.08107 -0.03995 -0.99783 0.05109 -0.04143 -0.99918 0.02248 -0.03379 -0.99982 -0.00141 -0.01913 -0.97398 -0.21618 -0.06801 -0.97776 -0.19769 -0.07005 -0.98043 -0.18251 -0.07378 -0.97932 -0.1891 -0.07199 -0.98349 0.16721 -0.06925 -0.96788 0.24291 -0.06484 -0.94678 0.31626 -0.05983 -0.88834 0.45678 -0.04685 -0.99609 0.05486 -0.06922 -0.85912 -0.50712 -0.06883 -0.99696 -0.03141 -0.07131 -0.91268 0.40734 -0.03313 -0.95461 0.29324 -0.05226 -0.96675 0.24623 -0.06909 -0.97448 0.22033 -0.04283 -0.78113 -0.62105 -0.06431 -0.47313 -0.87958 -0.04986 -0.60668 -0.79311 -0.05395 -0.44705 -0.89363 -0.03977 -0.31023 -0.95035 -0.02443 -0.78519 -0.61777 -0.04285 -0.81104 -0.5836 -0.04026 -0.99944 0.00253 -0.03325 -0.47231 -0.88113 -0.02316 -0.89757 -0.44049 0.01853 -0.99712 -0.01612 0.07407 -0.40305 -0.91516 -0.00611 -0.35331 -0.9355 -0.00419 -0.91132 -0.28123 0.30068 -0.97204 -0.10053 0.21218 -0.91814 -0.10017 0.38338 -0.7108 -0.35656 0.60632 -0.20348 -0.97536 0.08527 -0.27434 -0.9412 0.19717 -0.20168 -0.91269 0.35543 -0.32784 -0.69827 0.63635 -0.19607 -0.85203 0.48538 -0.19378 -0.66933 0.71725 -0.06978 -0.78158 0.61989 -0.11262 -0.9936 -0.00822 -0.11154 -0.99374 -0.00646 -0.13085 -0.99139 -0.00514 -0.11916 -0.99285 -0.0069 -0.11262 -0.9936 -0.00822 -0.81462 -0.57241 0.09351 -0.99094 -0.04848 0.12525 -0.15217 -0.98835 -0.00347 -0.1665 -0.98603 -0.00394 -0.23278 -0.9725 -0.00723 -0.27511 -0.96139 -0.00717 -0.57943 -0.81501 0.00479 -0.95719 -0.28871 0.02079 -0.81462 0.57241 0.09351 -0.98173 0.14529 0.12288 -0.96939 0.22949 0.08731 -0.36779 0.9298 0.01415 -0.29924 0.95388 -0.02377 -0.17925 0.98361 -0.01961 -0.12959 0.9915 -0.01149 -0.15752 0.98737 -0.01723 -0.11534 0.9933 -0.00782 -0.1178 0.993 -0.00888 -0.10552 0.99441 -0.00243 -0.04562 -0.99896 -0.00074 0.3297 0.38732 0.86098 -0.11258 0.99361 -0.00812 -0.10116 0.99487 -0.00022 -0.10984 0.99394 -0.00468 -0.10263 0.99471 -0.00351 -0.101 0.99487 -0.00565 -0.0667 0.99777 -0.00303 -0.06549 0.99785 -0.00166 -0.08192 0.99663 -0.00333 -0.08025 0.99677 -0.00182 -0.05421 0.99853 -0.00088 -0.05398 0.99854 -0.00104 -0.05417 0.99853 -0.00129 0.10224 0.93786 0.33161 0.09521 0.94508 0.31266 0.12407 0.91624 0.38092 0.12264 0.91768 0.37791 0.15211 0.8818 0.44643 0.1564 0.87505 0.45806 0.14105 0.89625 0.42053 0.21384 0.77461 0.59519 0.20349 0.79813 0.56709 0.17854 0.84244 0.50835 0.18607 0.82803 0.52891 0.17433 0.84897 0.49885 0.20352 0.79834 0.56678 0.22684 0.74978 0.62159 0.23139 0.74062 0.63082 0.24855 0.69672 0.67291 0.24955 0.69435 0.67498 0.26954 0.63983 0.7197 0.26781 0.64421 0.71643 0.28712 0.58055 0.76192 0.29153 0.56687 0.77049 0.30303 0.5186 0.79952 0.30649 0.50557 0.80651 0.31803 0.45407 0.83227 0.32212 0.42478 0.84605 0.31577 0.46301 0.8282 0.3418 0.30113 0.89022 0.33789 0.33557 0.87933 0.33129 0.37935 0.86391 0.31846 -0.454 0.83215 0.33161 -0.37368 0.86626 0.33 -0.38727 0.86088 0.33876 -0.32931 0.88136 0.33991 -0.31862 0.88484 0.34746 -0.26307 0.90004 0.34837 -0.24901 0.90367 0.35319 -0.19745 0.91448 0.3542 -0.17886 0.91791 0.35816 -0.13068 0.92447 0.35846 -0.10791 0.92729 0.36099 -0.03842 0.93178 0.36092 -0.03626 0.93189 0.36023 0.05374 0.93132 0.36153 0.03626 0.93165 0.35764 0.11905 0.92624 0.35858 0.10791 0.92724 0.35427 0.18492 0.91668 0.35503 0.1788 0.9176 0.34734 0.25651 0.90197 0.34843 0.24901 0.90366 0.34031 0.31857 0.8847 0.24869 -0.69669 0.67288 0.26937 -0.63991 0.7197 0.26938 -0.63986 0.71973 0.28864 -0.57465 0.76581 0.2873 -0.58052 0.76188 0.2994 -0.53465 0.79026 0.30301 -0.5186 0.79952 0.30729 -0.50219 0.80831 0.32039 -0.43966 0.83907 0.2034 -0.79836 0.56679 0.22124 -0.76223 0.60832 0.22649 -0.74984 0.62164 0.23338 -0.73501 0.63662 0.24772 -0.69957 0.67025 0.17807 -0.84251 0.50839 0.18746 -0.82739 0.52942 0.20361 -0.7979 0.56736 0.12421 -0.91623 0.38092 0.14349 -0.89304 0.42648 0.15163 -0.88186 0.44646 0.15723 -0.87465 0.45855 0.1746 -0.84855 0.49948 0.00487 -0.99501 0.09968 0.03636 -0.98425 0.17301 0.03592 -0.98448 0.1718 0.06848 -0.96567 0.25057 0.06561 -0.96785 0.24284 0.08846 -0.95077 0.29701 0.09469 -0.94513 0.31267 0.10264 -0.93825 0.33037 0.12468 -0.91564 0.38218 -0.03726 -0.99931 -0.00067 -0.03701 -0.99931 -0.00012 -0.03699 -0.99932 -0.00042 -0.03586 -0.99935 0.00312 -0.03499 -0.99937 0.00654 -0.01802 -0.99884 0.04473 0.00289 -0.99552 0.09447 -0.08007 -0.99679 -0.00166 -0.08381 -0.99647 -0.00497 -0.08771 -0.99614 -0.00182 -0.09317 -0.99563 -0.00606 -0.09493 -0.99548 -0.00178 -0.09604 -0.99536 -0.00575 -0.11004 -0.99387 -0.0104 -0.10483 -0.99447 -0.00649 -0.11441 -0.99339 -0.00962 -0.11006 -0.99392 -0.00427 -0.11073 -0.99384 -0.00482 -0.10658 -0.99429 -0.00415 -0.10746 -0.9942 -0.00425 -0.10408 -0.99457 -0.0017 -0.11389 0.99347 -0.00626 -0.11112 0.99379 -0.00549 -0.11136 0.99377 -0.00509 -0.10517 0.99445 -0.00204 -0.10475 0.9945 -0.00204 -0.10818 0.99412 -0.00495 -0.12713 0.99182 -0.01128 -0.11149 0.99375 -0.00637 -0.2452 0.96925 -0.02066 -0.25731 0.96606 -0.02292 -0.27839 0.96024 -0.02094 -0.2768 0.96072 -0.01982 -0.36259 0.93169 -0.02211 -0.3575 0.93367 -0.02124 -0.31684 0.94829 -0.01883 -0.31348 0.94942 -0.01816 -0.26797 0.96331 -0.01479 -0.26968 0.96286 -0.01338 -0.28251 0.95913 -0.01637 -0.41485 0.9097 -0.01838 -0.41316 0.91048 -0.01808 -0.37004 0.92887 -0.01619 -0.90847 0.41774 0.01333 -0.71272 0.70144 -0.00279 -0.71376 0.70038 -0.00265 -0.46515 0.88509 -0.01604 -0.55166 0.83405 -0.00564 -0.97211 0.23275 0.02888 -0.94865 0.31533 0.02524 -0.94907 0.31405 0.02536 -0.88756 0.46034 0.01806 -0.88772 0.46002 0.01809 -0.66622 0.74575 -0.00015 -0.66772 0.74442 -1E-05 -0.98725 0.15751 0.02306 -0.96463 0.26295 0.01882 -0.97695 0.2121 0.02403 -0.9571 0.28902 0.02076 -0.95719 0.28871 0.02079 -0.8927 0.45046 0.01307 -0.90054 0.4345 0.01536 -0.69424 0.71974 -0.00161 -0.69436 0.71963 -0.0016 -0.60535 0.79595 0.00341 -0.40761 0.91315 -0.00392 -0.57943 0.81501 0.00479 -0.60392 0.79704 0.00327 -0.85601 0.51638 0.02465 -0.85512 0.51785 0.02451 -0.93267 0.35918 0.03337 -0.93217 0.36049 0.03325 -0.96281 0.26754 0.03767 -0.96272 0.26788 0.03764 -0.57801 0.81602 0.00465 -0.84058 0.54099 0.02735 -0.84038 0.5413 0.02732 -0.92449 0.37941 0.03687 -0.92436 0.37973 0.03684 -0.9583 0.28271 0.04163 -0.95796 0.28388 0.04152 -0.99225 0.11846 0.03753 -0.9899 0.13732 0.03527 -0.98631 0.15879 0.04441 -0.98154 0.18836 0.03333 -0.9768 0.21035 0.0401 -0.96487 0.2596 0.04033 -0.97405 0.22198 0.04424 -0.97091 0.23454 0.04811 -0.9535 0.29798 0.04524 -0.95335 0.29846 0.04519 -0.9164 0.39826 0.04006 -0.91697 0.39693 0.04018 -0.82543 0.56372 0.0298 -0.8264 0.56228 0.02995 -0.55428 0.83231 0.00589 -0.55459 0.8321 0.00592 -0.50452 0.86336 0.0083 -0.47478 0.87997 0.01547 -0.48409 0.87489 -0.0151 -0.48514 0.87431 -0.01499 -0.42687 0.90422 -0.01319 -0.42984 0.90281 -0.01296 -0.37044 0.92879 -0.01117 -0.37257 0.92794 -0.01099 -0.32799 0.94463 -0.00967 -0.32989 0.94397 -0.0095 -0.28121 0.95961 -0.0081 -0.28411 0.95876 -0.00784 -0.23967 0.97083 -0.00662 -0.24166 0.97034 -0.00642 -0.47383 0.88056 0.00991 -0.50384 0.86376 0.00824 -0.79365 0.60735 0.03531 -0.79225 0.60919 0.03513 -0.89878 0.43583 0.04734 -0.89787 0.43772 0.0472 -0.94251 0.32991 0.05328 -0.94222 0.33075 0.05322 -0.47106 0.88205 0.00963 -0.7699 0.63699 0.03873 -0.76927 0.63775 0.03865 -0.88498 0.4627 0.05213 -0.88453 0.46356 0.05206 -0.93411 0.3521 0.0588 -0.93378 0.353 0.05874 -0.44588 0.89503 0.01096 -0.74966 0.6605 0.04176 -0.74804 0.66235 0.04155 -0.87295 0.48455 0.05638 -0.87182 0.48658 0.0562 -0.92634 0.37127 0.06364 -0.92595 0.37225 0.06357 -0.95302 0.29524 0.06774 -0.95841 0.27844 0.06257 -0.9085 0.41464 0.05207 -0.96362 0.26121 0.05661 -0.9777 0.20039 0.06289 -0.97404 0.21774 0.06195 -0.96652 0.24604 0.07282 -0.89929 0.43285 0.06261 -0.94831 0.30898 0.07241 -0.91869 0.3891 0.06786 -0.91914 0.38802 0.06794 -0.86084 0.50534 0.05993 -0.86145 0.50429 0.06002 -0.73024 0.68176 0.04413 -0.20018 0.97974 -0.00532 -0.20235 0.9793 -0.0051 -0.23579 0.97179 -0.00594 -0.42396 0.9056 0.01197 -0.67989 0.73158 0.05041 -0.82756 0.55706 0.06947 -0.16569 0.98617 -0.00482 -0.19601 0.98059 -0.0057 -0.17439 0.98464 -0.00798 -0.84521 0.53053 0.06451 -0.90938 0.40943 0.07345 -0.90874 0.41086 0.07335 -0.94184 0.32679 0.07845 -0.94132 0.3283 0.07835 -0.95997 0.26798 0.0815 -0.96668 0.24542 0.07284 -0.97571 0.206 0.07454 -0.98125 0.18203 0.06334 -0.98772 0.14216 0.06479 -0.99174 0.11803 0.05018 -0.99587 0.07484 0.05146 -0.97947 0.18071 0.08933 -0.89721 0.43441 0.07936 -0.93391 0.34725 0.08507 -0.93358 0.34814 0.08501 -0.95464 0.28428 0.08856 -0.77913 0.62396 0.06028 -0.96887 0.23168 0.08722 -0.97601 0.20456 0.07458 -0.9843 0.15914 0.07632 -0.94072 0.33323 0.06335 -0.99275 0.09593 0.07242 -0.99592 0.07413 0.05141 -0.9979 0.03843 0.05214 -0.99908 0.02798 0.03257 -0.37057 0.92869 0.01447 -0.35331 0.93539 0.01502 -0.66508 0.74492 0.05251 -0.65511 0.75364 0.05351 -0.81077 0.58061 0.07441 -0.68108 0.73046 0.05056 -0.66379 0.74608 0.05234 -0.81555 0.57414 0.0724 -0.72171 0.6895 0.06106 -0.88762 0.45282 0.08421 -0.17012 0.98542 -0.00391 -0.94533 0.31077 0.09888 -0.95404 0.28241 0.10025 -0.96037 0.25954 0.1016 -0.97354 0.20341 0.10417 -0.9212 0.37738 0.09476 -0.87975 0.4673 0.08764 -0.90344 0.41874 0.09191 -0.80141 0.5932 0.07656 -0.64472 0.76249 0.05429 -0.65413 0.7545 0.05337 -0.34382 0.93891 0.01533 -0.35337 0.93536 0.01503 -0.18209 0.98327 -0.00427 -0.19467 0.98086 -0.00457 -0.30066 -0.95228 0.05253 -0.39706 0.9177 0.01316 -0.39544 0.9184 0.01298 -0.70769 0.70493 0.04739 -0.14722 0.98908 -0.00692 -0.14018 0.99003 -0.01369 -0.13878 0.99023 -0.01355 -0.14028 0.99003 -0.01244 -0.12713 0.99182 -0.01128 -0.13095 0.99133 -0.01118 -0.11262 0.9936 -0.00822 -0.11436 0.9934 -0.00834 -0.11393 0.99345 -0.00859 -0.11539 0.99328 -0.0087 -0.11441 0.99341 -0.00721 -0.2526 0.96755 0.00624 -0.2415 0.97038 0.00651 -0.72382 0.68649 0.0694 -0.71363 0.69692 0.07088 -0.89282 0.43963 0.09799 -0.15271 0.98825 -0.0062 -0.13472 0.99087 -0.00547 -0.28611 0.95809 0.01432 -0.98288 0.14092 0.11871 -0.9682 0.2219 0.11553 -0.95916 0.25905 0.11357 -0.94529 0.30673 0.1111 -0.88701 0.45057 0.10096 -0.70561 0.70491 0.07223 -0.71433 0.6962 0.07099 -0.23352 0.97233 0.00676 -0.24182 0.9703 0.00656 -0.15774 0.98747 -0.00373 -0.1665 0.98603 -0.00394 -0.46177 0.88648 0.03042 -0.11916 0.99285 -0.0069 -0.12256 0.99244 -0.0071 -0.11454 0.99338 -0.00864 -0.12087 0.99263 -0.00911 -0.12013 0.99271 -0.00956 -0.12053 0.99266 -0.00959 -0.11255 0.99362 -0.00674 -0.11222 0.99366 -0.00672 -0.11316 0.99354 -0.00826 -0.11262 0.9936 -0.00822 -0.81689 0.56927 0.09287 -0.02847 0.99941 -0.019 -0.13959 0.9902 -0.00374 -0.14243 0.9898 -0.00382 -0.15928 0.98711 -0.01555 -0.14947 0.98866 -0.0146 -0.15526 0.98779 -0.01284 -0.13105 0.99132 -0.01084 -0.14359 0.9896 -0.0086 -0.12183 0.99252 -0.00729 -0.13566 0.99074 -0.00532 -0.13085 0.99139 -0.00514 -0.14677 0.98917 -0.00335 -0.18595 0.98256 0.00184 -0.18201 0.98329 0.00193 -0.18178 0.98334 0.0019 -0.18378 0.98297 0.00185 -0.89559 0.43183 0.10694 -0.95693 0.26572 0.11695 -0.81674 0.56949 0.09284 -0.82359 0.55986 0.09088 -0.22582 0.97414 0.00701 -0.23394 0.97223 0.00682 -0.15217 0.98835 -0.00347 -0.35345 0.93521 0.02145 -0.15032 0.98863 -0.00417 -0.16715 0.98592 -0.00463 -0.15151 0.98843 -0.00647 -0.17614 0.98434 -0.00752 -0.15251 0.98825 -0.01034 -0.17931 0.98372 -0.01216 -0.16296 0.98652 -0.01481 -0.20573 0.97843 -0.0187 -0.18125 0.98325 -0.01897 -0.99094 0.04848 0.12525 -0.99932 -0.02533 0.02685 -0.9996 -0.00781 0.02703 -0.99922 -0.00967 0.03822 -0.98749 -0.15598 0.02312 -0.9655 -0.25992 0.01583 -0.75562 -0.655 -0.00522 -0.92471 -0.38056 0.00896 -0.90957 -0.41547 0.00881 -0.96558 -0.25961 0.01585 -0.9571 -0.28902 0.02076 -0.7336 -0.67957 -0.00394 -0.71272 -0.70144 -0.00279 -0.71376 -0.70038 -0.00265 -0.57871 -0.81541 -0.01426 -0.53252 -0.84627 -0.01561 -0.50696 -0.86184 -0.01486 -0.52629 -0.85021 -0.01284 -0.48295 -0.87545 -0.01862 -0.48255 -0.87566 -0.01886 -0.98927 0.11393 0.09151 -0.99393 0.05926 0.09272 -0.99611 0.04884 0.07334 -0.99716 0.0154 0.07369 -0.99856 0.01183 0.05235 -0.99856 -0.01199 0.05235 -0.99922 -0.00964 0.03823 -0.99879 -0.03108 0.03801 -0.99932 -0.02516 0.02691 -0.99841 -0.04972 0.0264 -0.94907 -0.31405 0.02536 -0.94865 -0.31533 0.02524 -0.97211 -0.23275 0.02888 -0.97695 -0.2121 0.02403 -0.96463 -0.26295 0.01882 -0.98119 -0.19216 0.01862 -0.66772 -0.74442 -1E-05 -0.66622 -0.74575 -0.00015 -0.69424 -0.71974 -0.00161 -0.69436 -0.71963 -0.0016 -0.48647 -0.87359 -0.0141 -0.4552 -0.89029 -0.0132 -0.55166 -0.83405 -0.00564 -0.40254 -0.91529 -0.01453 -0.4034 -0.91491 -0.01422 -0.35784 -0.93363 -0.0169 -0.97405 -0.22198 0.04424 -0.95796 -0.28388 0.04152 -0.96281 -0.26754 0.03767 -0.93217 -0.36049 0.03325 -0.9681 -0.24518 0.05168 -0.94864 -0.31261 0.04853 -0.95335 -0.29846 0.04519 -0.9164 -0.39826 0.04006 -0.92449 -0.37941 0.03687 -0.84038 -0.5413 0.02732 -0.85601 -0.51638 0.02465 -0.60392 -0.79704 0.00327 -0.53357 -0.84573 0.00702 -0.32534 -0.94555 -0.00891 -0.40761 -0.91315 -0.00392 -0.99173 -0.11809 0.05022 -0.97079 -0.23548 0.04591 -0.98631 -0.15879 0.04441 -0.96487 -0.2596 0.04033 -0.9768 -0.21035 0.0401 -0.96272 -0.26788 0.03764 -0.32799 -0.94463 -0.00967 -0.32989 -0.94397 -0.0095 -0.3123 -0.94992 -0.01076 -0.33366 -0.94237 -0.02449 -0.96362 -0.26121 0.05661 -0.94222 -0.33075 0.05322 -0.94903 -0.3114 0.04865 -0.90906 -0.41443 0.04315 -0.91697 -0.39693 0.04018 -0.82543 -0.56372 0.0298 -0.84058 -0.54099 0.02735 -0.57801 -0.81602 0.00465 -0.60535 -0.79595 0.00341 -0.55428 -0.83231 0.00589 -0.8264 -0.56228 0.02995 -0.81217 -0.58253 0.03214 -0.90922 -0.41408 0.04318 -0.89787 -0.43772 0.0472 -0.94251 -0.32991 0.05328 -0.93378 -0.353 0.05874 -0.47383 -0.88056 0.00991 -0.47106 -0.88205 0.00963 -0.7699 -0.63699 0.03873 -0.76927 -0.63775 0.03865 -0.88498 -0.4627 0.05213 -0.91869 -0.3891 0.06786 -0.91914 -0.38802 0.06794 -0.86084 -0.50534 0.05993 -0.86145 -0.50429 0.06002 -0.73024 -0.68176 0.04413 -0.73103 -0.68091 0.04423 -0.4232 -0.90596 0.01189 -0.42396 -0.9056 0.01197 -0.23579 -0.97179 -0.00594 -0.24166 -0.97034 -0.00642 -0.23967 -0.97083 -0.00662 -0.47478 -0.87997 0.01547 -0.25248 -0.96758 -0.00658 -0.44661 -0.89466 0.01104 -0.44588 -0.89503 0.01096 -0.74966 -0.6605 0.04176 -0.74804 -0.66235 0.04155 -0.87295 -0.48455 0.05638 -0.87182 -0.48658 0.0562 -0.92634 -0.37127 0.06364 -0.24411 -0.96958 -0.01812 -0.23415 -0.97207 -0.0158 -0.26436 -0.96433 -0.01316 -0.31307 -0.94967 -0.01055 -0.26936 -0.96294 -0.01373 -0.29204 -0.95629 -0.01488 -0.25263 -0.96739 -0.01805 -0.26827 -0.96315 -0.01916 -0.24793 -0.96855 -0.02117 -0.18733 -0.98215 -0.01703 -0.15526 -0.98779 -0.01284 -0.16296 -0.98652 -0.01481 -0.17931 -0.98372 -0.01216 -0.18398 -0.98284 -0.01366 -0.21947 -0.97557 -0.01004 -0.21722 -0.97606 -0.01081 -0.3384 -0.941 -3E-05 -0.26896 -0.96311 -0.00906 -0.28411 -0.95876 -0.00784 -0.28121 -0.95961 -0.0081 -0.60755 -0.79403 0.01998 -0.29966 -0.95401 -0.00821 -0.50452 -0.86336 0.0083 -0.50384 -0.86376 0.00824 -0.79365 -0.60735 0.03531 -0.96938 -0.22951 0.08732 -0.96652 -0.24602 0.07282 -0.976 -0.2046 0.0746 -0.96888 -0.23166 0.08722 -0.97968 -0.17956 0.08937 -0.95841 -0.27844 0.06257 -0.9085 -0.41464 0.05207 -0.97404 -0.21774 0.06195 -0.98103 -0.18304 0.06381 -0.97572 -0.20597 0.07452 -0.9843 -0.15914 0.07632 -0.97948 -0.18069 0.08931 -0.98926 -0.11396 0.09154 -0.98638 -0.12724 0.10425 -0.94185 -0.32675 0.07844 -0.93357 -0.34816 0.08501 -0.82733 -0.5574 0.06943 -0.82756 -0.55706 0.06947 -0.67989 -0.73158 0.05041 -0.68108 -0.73046 0.05056 -0.36779 -0.9298 0.01415 -0.37057 -0.92869 0.01447 -0.19467 -0.98086 -0.00457 -0.96362 -0.24915 0.09677 -0.96037 -0.25954 0.1016 -0.97354 -0.20341 0.10417 -0.97081 -0.21313 0.11001 -0.96346 -0.24976 0.09673 -0.97563 -0.19578 0.09912 -0.936 -0.33895 0.09499 -0.98647 -0.1265 0.10429 -0.98431 -0.13555 0.11293 -0.85512 -0.51785 0.02451 -0.93267 -0.35918 0.03337 -0.92436 -0.37973 0.03684 -0.9583 -0.28271 0.04163 -0.9535 -0.29798 0.04524 -0.97091 -0.23454 0.04811 -0.95865 -0.2805 0.0481 -0.98299 -0.17599 0.05251 -0.97782 -0.19985 0.06266 -0.98772 -0.14216 0.06479 -0.94072 -0.33323 0.06335 -0.99284 -0.09492 0.07245 -0.98917 -0.11476 0.09149 -0.99394 -0.059 0.09272 -0.99221 -0.06598 0.10567 -0.99355 -0.04187 0.10538 -0.82254 -0.56376 0.07478 -0.88524 -0.45725 0.08526 -0.80957 -0.58231 0.07422 -0.93391 -0.34723 0.08506 -0.9268 -0.36453 0.09037 -0.92726 -0.36332 0.09045 -0.9212 -0.37738 0.09476 -0.87975 -0.4673 0.08764 -0.90344 -0.41874 0.09191 -0.34489 -0.93852 0.01546 -0.34382 -0.93891 0.01533 -0.65413 -0.7545 0.05337 -0.65511 -0.75364 0.05351 -0.2526 -0.96755 0.00624 -0.81077 -0.58061 0.07441 -0.80141 -0.5932 0.07656 -0.64472 -0.76249 0.05429 -0.73604 -0.67357 0.06744 -0.33276 -0.94288 0.01583 -0.17012 -0.98542 -0.00391 -0.17583 -0.98441 -0.00404 -0.13501 -0.99081 -0.00808 -0.13507 -0.9908 -0.00852 -0.15271 -0.98825 -0.0062 -0.15151 -0.98843 -0.00647 -0.16715 -0.98592 -0.00463 -0.16569 -0.98617 -0.00482 -0.46177 -0.88648 0.03042 -0.17661 -0.98427 -0.00441 -0.29476 -0.95553 0.00901 -0.18209 -0.98327 -0.00427 -0.35337 -0.93536 0.01503 -0.35331 -0.93539 0.01502 -0.66508 -0.74492 0.05251 -0.66379 -0.74608 0.05234 -0.81663 -0.57258 0.07255 -0.81559 -0.57408 0.07239 -0.89013 -0.44806 0.08316 -0.89808 -0.43259 0.0795 -0.89721 -0.43441 0.07936 -0.1178 -0.993 -0.00888 -0.10521 -0.99444 -0.00333 -0.10623 -0.99434 -0.00244 -0.10593 -0.99437 -0.00244 -0.10509 -0.99446 -0.00221 -0.10537 -0.99443 -0.00221 -0.10475 -0.9945 -0.00204 -0.10475 -0.9945 -0.00204 -0.13169 -0.99125 -0.00869 -0.13971 -0.99013 -0.01155 -0.15127 -0.98845 -0.00954 -0.15251 -0.98825 -0.01034 -0.17614 -0.98434 -0.00752 -0.17439 -0.98464 -0.00798 -0.19601 -0.98059 -0.0057 -0.19345 -0.98109 -0.00601 -0.20264 -0.97924 -0.00506 -0.20018 -0.97974 -0.00532 -0.75863 0.64526 0.0901 -0.21382 -0.97686 -0.00539 -0.39706 -0.9177 0.01316 -0.39544 -0.9184 0.01298 -0.70769 -0.70493 0.04739 -0.70581 -0.70683 0.04716 -0.84598 -0.52928 0.06462 -0.84521 -0.53053 0.06451 -0.90938 -0.40943 0.07345 -0.90874 -0.41086 0.07335 -0.94131 -0.32833 0.07836 -0.94831 -0.30898 0.07241 -0.46078 0.88734 -0.01777 -0.45288 0.89142 -0.01635 -0.40254 0.91529 -0.01453 -0.4034 0.91491 -0.01422 -0.35106 0.93627 -0.01238 -0.35191 0.93596 -0.01212 -0.3123 0.94992 -0.01076 -0.31307 0.94967 -0.01055 -0.26896 0.96311 -0.00906 -0.3384 0.941 -3E-05 -0.23278 0.9725 -0.00723 -0.19345 0.98109 -0.00601 -0.20264 0.97924 -0.00506 -0.17661 0.98427 -0.00441 -0.29476 0.95553 0.00901 -0.17583 0.98441 -0.00404 -0.34489 0.93852 0.01546 -0.33276 0.94288 0.01583 -0.73604 0.67357 0.06744 -0.72341 0.68693 0.06934 -0.89732 0.43099 0.09522 -0.79273 0.60416 0.08105 -0.94936 0.29579 0.10591 -0.94973 0.29458 0.10597 -0.97081 0.21314 0.11001 -0.9709 0.21274 0.11003 -0.98431 0.13555 0.11293 -0.93703 0.33215 0.1079 -0.99194 0.04622 0.11797 -0.99195 0.04596 0.11797 -0.99194 -0.04622 0.11797 -0.99195 -0.04597 0.11798 -0.93703 -0.33215 0.1079 -0.71363 -0.69692 0.07088 -0.71433 -0.6962 0.07099 -0.23352 -0.97233 0.00676 -0.82359 -0.55986 0.09088 -0.70561 -0.70491 0.07223 -0.88701 -0.45057 0.10096 -0.89282 -0.43963 0.09799 -0.89282 -0.43963 0.09799 -0.95695 -0.26563 0.11695 -0.95611 -0.2681 0.11821 -0.18378 -0.98297 0.00185 -0.18178 -0.98334 0.0019 -0.18201 -0.98329 0.00193 -0.81689 -0.56927 0.09287 -0.81674 -0.56949 0.09284 -0.95693 -0.26572 0.11695 -0.95903 -0.25945 0.11377 -0.94555 -0.30603 0.11081 -0.94839 -0.29831 0.10755 -0.89108 -0.44352 0.09622 -0.97089 -0.21274 0.11003 -0.9682 -0.2219 0.11553 -0.98288 -0.14092 0.11871 -0.98192 -0.14455 0.12218 -0.95128 -0.28516 0.11729 -0.23394 -0.97223 0.00682 -0.22582 -0.97414 0.00701 -0.14677 -0.98917 -0.00335 -0.18595 -0.98256 0.00184 -0.14243 -0.9898 -0.00382 -0.13959 -0.9902 -0.00374 -0.02847 -0.99941 -0.019 -0.08543 -0.99628 -0.01148 -0.05419 -0.9985 -0.00728 -0.05395 -0.99852 -0.00681 -0.04648 -0.99891 -0.00436 -0.04611 -0.99893 -0.00352 -0.00198 -0.85868 0.51251 -0.06523 -0.34965 0.93461 -0.06546 -0.35005 0.93444 -0.06564 -0.42265 0.90391 -0.06596 -0.42318 0.90364 -0.06617 -0.49237 0.86787 -0.06647 -0.49286 0.86757 -0.06671 -0.55819 0.82702 -0.06706 -0.55873 0.82663 -0.06732 -0.62 0.78171 -0.06767 -0.62049 0.78129 -0.06795 -0.67794 0.73197 -0.03073 -0.929 0.3688 -0.03035 -0.92858 0.36988 -0.02443 -0.89973 0.43577 -0.02403 -0.89919 0.43689 -0.0183 -0.86556 0.50046 -0.01787 -0.86488 0.50166 -0.01223 -0.82563 0.56408 -0.07082 -0.86416 0.49821 -0.0712 -0.86448 0.49759 -0.07153 -0.8982 0.43372 -0.07188 -0.89846 0.43313 -0.07221 -0.92742 0.36698 -0.07255 -0.92763 0.3664 -0.07287 -0.96466 0.25322 -0.06498 -0.99788 -0.0029 -0.06476 -0.9979 -0.00279 -0.06405 -0.99794 0.00417 -0.06393 -0.99795 0.00429 -0.05609 -0.99408 0.09309 -0.05595 -0.99404 0.09351 -0.0498 -0.98546 0.16244 -0.04959 -0.98537 0.16307 -0.04348 -0.97186 0.2315 -0.0432 -0.97168 0.23233 -0.11844 -0.86115 0.49436 -0.11881 -0.86146 0.49374 -0.11424 -0.89536 0.43043 -0.11461 -0.89562 0.42981 -0.10986 -0.92482 0.36419 -0.11016 -0.92499 0.36366 -0.10526 -0.94936 0.29605 -0.12623 -0.77796 0.61551 -0.13027 -0.72922 0.67177 -0.1868 -0.7233 0.66479 -0.1862 -0.72367 0.66456 -0.2295 -0.71748 0.65768 -0.27627 -0.70934 0.64847 -0.22904 -0.71777 0.65753 -0.23935 -0.66327 0.70907 -0.19335 -0.66961 0.7171 -0.20029 -0.61161 0.76539 -0.20754 -0.81216 0.54528 -0.20815 -0.81184 0.54552 -0.17073 -0.81734 0.55028 -0.27674 -0.7095 0.6481 -0.26277 -0.75943 0.59516 -0.21849 -0.76745 0.60272 -0.21911 -0.7671 0.60295 -0.17871 -0.773 0.60872 -0.1792 -0.77272 0.60892 -0.12666 -0.77841 0.61485 -0.23446 -0.9064 0.35137 -0.25567 -0.87363 0.41402 -0.25516 -0.87386 0.41384 -0.27541 -0.83647 0.47377 -0.27467 -0.83685 0.47354 -0.29395 -0.79489 0.53079 -0.2933 -0.79526 0.53061 -0.31149 -0.74906 0.58471 -0.32815 -0.69837 0.63608 -0.31105 -0.74895 0.58509 -0.2632 -0.75956 0.5948 -0.24841 -0.80494 0.53886 -0.24893 -0.80466 0.53904 -0.23335 -0.84555 0.48019 -0.23394 -0.84527 0.48041 -0.21764 -0.88154 0.41895 -0.21819 -0.8813 0.41917 -0.35892 -0.87191 0.33309 -0.35853 -0.87194 0.33342 -0.39324 -0.83306 0.38908 -0.39285 -0.83307 0.38943 -0.42511 -0.7902 0.44143 -0.42481 -0.7902 0.44172 -0.45461 -0.74381 0.48997 -0.45416 -0.74379 0.49043 -0.48165 -0.69397 0.53518 -0.48122 -0.69393 0.53562 -0.50646 -0.64086 0.57689 -0.5062 -0.64082 0.57716 -0.18422 -0.93917 0.28986 -0.19603 -0.93977 0.27999 -0.17872 -0.95835 0.22279 -0.15888 -0.97487 0.15618 -0.15905 -0.97489 0.15584 -0.13876 -0.98632 0.08896 -0.13886 -0.98633 0.08875 -0.11244 -0.99366 0.0022 -0.11256 -0.99364 0.00215 -0.11052 -0.99386 -0.00514 -0.31281 -0.91387 0.25883 -0.35612 -0.89948 0.25323 -0.35621 -0.89951 0.25296 -0.24422 -0.95808 0.14982 -0.27656 -0.94963 0.14735 -0.22769 -0.97012 0.08379 -0.31132 -0.93037 0.1936 -0.31138 -0.93039 0.19344 -0.27602 -0.94981 0.1472 -0.14907 -0.98883 0.0007 -0.15533 -0.98786 -0.00034 -0.15079 -0.98854 -0.00707 -0.40897 -0.85314 0.32389 -0.40864 -0.85318 0.32419 -0.44775 -0.81098 0.37661 -0.44748 -0.811 0.37687 -0.48318 -0.76544 0.42502 -0.48262 -0.76547 0.42559 -0.51515 -0.71688 0.46979 -0.51488 -0.71689 0.47007 -0.54452 -0.66544 0.51057 -0.54424 -0.66543 0.51089 -0.57097 -0.61163 0.54763 -0.57048 -0.61158 0.5482 -0.75059 -0.08204 0.65566 -0.84488 -0.06711 0.53074 -0.80612 -0.04946 0.58968 -0.741 -0.19088 0.64381 -0.74117 -0.191 0.64357 -0.73328 -0.24563 0.63401 -0.7334 -0.24571 0.63384 -0.78051 -0.2739 0.56195 -0.72332 -0.3012 0.62137 -0.7232 -0.30114 0.62153 -0.78968 -0.22304 0.57154 -0.78947 -0.22291 0.57188 -0.79928 -0.14807 0.58243 -0.83836 -0.1567 0.52211 -0.80174 -0.12325 0.58483 -0.74682 -0.13643 0.65088 -0.74674 -0.13636 0.65099 -0.87651 -0.19584 0.43974 -0.88614 -0.11584 0.44871 -0.4633 -0.82926 0.31254 -0.46296 -0.82933 0.31287 -0.50585 -0.7833 0.36133 -0.50556 -0.78335 0.36163 -0.54395 -0.7347 0.40538 -0.54369 -0.73474 0.40566 -0.57811 -0.68379 0.44521 -0.5777 -0.68383 0.44569 -0.6084 -0.63105 0.48128 -0.60807 -0.63106 0.48168 -0.63531 -0.57681 0.51349 -0.63506 -0.5768 0.51381 -0.75598 -0.37711 0.53505 -0.85016 -0.30622 0.42832 -0.81525 -0.31633 0.48509 -0.86 -0.28036 0.42637 -0.8602 -0.2803 0.42601 -0.9614 -0.07143 0.26573 -0.96145 -0.07146 0.26552 -0.95717 -0.1218 0.26267 -0.95718 -0.1218 0.26264 -0.94984 -0.17689 0.2579 -0.97585 -0.039 0.21494 -0.98877 -0.04156 0.14353 -0.97641 -0.0194 0.21504 -0.96339 -0.0236 0.26707 -0.96338 -0.02359 0.26709 -0.92698 -0.20975 0.31098 -0.92691 -0.20979 0.31118 -0.93693 -0.14506 0.31798 -0.9368 -0.14507 0.31836 -0.94273 -0.0853 0.32248 -0.94275 -0.08531 0.3224 -0.94552 -0.02821 0.32434 -0.9103 -0.16983 0.37751 -0.91034 -0.16983 0.37741 -0.8972 -0.24448 0.36778 -0.89746 -0.24438 0.36722 -0.87729 -0.3254 0.35281 -0.87749 -0.32527 0.35245 -0.8557 -0.39256 0.33715 -0.81381 -0.49238 0.30868 -0.83692 -0.44108 0.32405 -0.90912 -0.33915 0.24183 -0.65286 -0.72864 0.20702 -0.70724 -0.6651 0.2397 -0.76612 -0.6058 0.21462 -0.80562 -0.54331 0.2362 -0.85443 -0.47805 0.20354 -0.87965 -0.42349 0.2165 -0.93825 -0.31135 0.15081 -0.41649 -0.87128 0.25963 -0.43784 -0.86626 0.2406 -0.42847 -0.86119 0.27344 -0.37776 -0.88194 0.28192 -0.37768 -0.88191 0.28214 -0.29891 -0.90809 0.29329 -0.32199 -0.90617 0.2742 -0.28152 -0.91804 0.27919 -0.31331 -0.88649 0.34053 -0.31293 -0.8865 0.34086 -0.34303 -0.85029 0.39918 -0.34268 -0.85028 0.39948 -0.37097 -0.80981 0.45453 -0.37051 -0.80978 0.45494 -0.39697 -0.76535 0.50662 -0.3965 -0.7653 0.50705 -0.4212 -0.71696 0.55547 -0.42086 -0.71691 0.5558 -0.4438 -0.66477 0.60093 -0.44341 -0.66469 0.60131 -0.38353 -0.6836 0.62097 -0.38408 -0.68374 0.62047 -0.36393 -0.735 0.57213 -0.36438 -0.73508 0.57173 -0.34289 -0.78211 0.52032 -0.34329 -0.78217 0.51996 -0.32045 -0.82504 0.46543 -0.32077 -0.82507 0.46515 -0.29663 -0.8636 0.40768 -0.29713 -0.86363 0.40726 -0.27166 -0.89773 0.34682 -0.27201 -0.89774 0.34653 -0.24532 -0.92709 0.2834 -0.28205 -0.91783 0.27935 -0.24923 -0.94399 0.21628 -0.28383 -0.93491 0.21301 -0.26036 -0.93731 0.23164 -0.33407 -0.91561 0.22373 -0.33412 -0.91563 0.2236 -0.37904 -0.89934 0.218 -0.38866 -0.90265 0.18485 -0.36627 -0.90802 0.20336 -0.31234 -0.93896 0.1442 -0.31249 -0.93893 0.14408 -0.25551 -0.96331 0.08219 -0.2557 -0.96327 0.08205 -0.17863 -0.98392 -0.00051 -0.39912 -0.90679 0.13578 -0.46751 -0.86351 0.18917 -0.4672 -0.86362 0.18944 -0.52848 -0.81487 0.23812 -0.52828 -0.81494 0.23831 -0.58245 -0.76236 0.28207 -0.58223 -0.76244 0.28231 -0.62923 -0.70788 0.3209 -0.62904 -0.70794 0.32114 -0.66905 -0.65323 0.35449 -0.66873 -0.65333 0.35492 -0.70295 -0.59876 0.38387 -0.70278 -0.5988 0.3841 -0.73193 -0.5449 0.40909 -0.73164 -0.54495 0.40956 -0.75656 -0.4916 0.43121 -0.75644 -0.49161 0.43142 -0.77746 -0.43949 0.44989 -0.37532 -0.91401 0.15402 -0.38116 -0.91648 0.12158 -0.32374 -0.94295 0.07771 -0.29784 -0.9498 0.09572 -0.69759 -0.53659 0.4748 -0.69788 -0.53659 0.47437 -0.67127 -0.59072 0.44771 -0.67157 -0.59069 0.4473 -0.64093 -0.64451 0.41691 -0.64113 -0.64448 0.41666 -0.6061 -0.69751 0.38226 -0.60632 -0.69746 0.382 -0.56638 -0.74928 0.34321 -0.56677 -0.74918 0.34277 -0.52116 -0.79937 0.29901 -0.5215 -0.79927 0.29867 -0.47027 -0.84633 0.25014 -0.47052 -0.84626 0.24991 -0.41417 -0.88858 0.1972 -0.41437 -0.88853 0.19704 -0.35307 -0.925 0.14044 -0.35324 -0.92495 0.1403 -0.28722 -0.95451 0.08013 -0.28732 -0.95448 0.08006 -0.23498 -0.97144 0.03284 -0.2012 -0.91287 0.35522 -0.23499 -0.90619 0.35157 -0.21302 -0.93399 0.28684 -0.24585 -0.92689 0.28359 -0.2185 -0.95092 0.21911 -0.24968 -0.94383 0.21642 -0.21598 -0.9645 0.15194 -0.24453 -0.95798 0.14991 -0.20327 -0.97541 0.08521 -0.2279 -0.97007 0.08385 -0.16285 -0.98665 0.00012 -0.17868 -0.98391 -0.0005 -0.1719 -0.98508 -0.00806 -0.7506 -0.60426 0.26734 -0.78569 -0.54665 0.2896 -0.83624 -0.48621 0.25359 -0.86026 -0.43399 0.26759 -0.89872 -0.37522 0.22696 -0.91987 -0.31107 0.23888 -0.94531 -0.26097 0.19566 -0.9588 -0.19838 0.20333 -0.97375 -0.16148 0.16039 -0.98122 -0.09944 0.16526 -0.78545 -0.54676 0.29001 -0.81389 -0.49234 0.30851 -0.8601 -0.43407 0.26797 -0.88714 -0.36342 0.28444 -0.91971 -0.31128 0.23925 -0.93836 -0.23847 0.25023 -0.95875 -0.19844 0.20351 -0.96701 -0.14636 0.20851 -0.9911 -0.08185 0.10499 -0.52873 -0.83797 0.13511 -0.58686 -0.79202 0.16823 -0.65111 -0.74307 0.1546 -0.71571 -0.67279 0.18736 -0.7758 -0.60887 0.16555 -0.82094 -0.53962 0.18674 -0.86881 -0.46936 0.15773 -0.89563 -0.41106 0.16992 -0.9289 -0.3441 0.13694 -0.94881 -0.27988 0.1464 -0.92884 -0.34416 0.13714 -0.90855 -0.39757 0.12832 -0.86885 -0.46931 0.15763 -0.83122 -0.53763 0.14153 -0.77588 -0.6088 0.16544 -0.71574 -0.68448 0.13859 -0.65124 -0.74298 0.15447 -0.59173 -0.79634 0.12526 -0.52872 -0.838 0.13492 -0.48526 -0.86733 0.11068 -0.99528 -0.08572 0.04548 -0.98977 -0.11393 0.0859 -0.98126 -0.17502 0.08056 -0.43837 -0.89479 0.08475 -0.48526 -0.86736 0.11048 -0.54587 -0.8315 0.10318 -0.59171 -0.7964 0.12505 -0.65778 -0.74462 0.11345 -0.71597 -0.68429 0.1383 -0.77837 -0.61619 0.12022 -0.83128 -0.53756 0.14142 -0.87946 -0.46155 0.11626 -0.90866 -0.39744 0.12801 -0.9593 -0.27163 0.07721 -0.95434 -0.27946 0.1055 -0.96783 -0.22527 0.11204 -0.96783 -0.22527 0.11204 -0.97832 -0.17041 0.1177 -0.99975 -0.00425 -0.02206 -0.99905 -0.04199 -0.01128 -0.99741 -0.04331 0.05743 -0.99501 -0.08301 0.05529 -0.995 -0.08313 0.05538 -0.99027 -0.12914 0.05182 -0.98131 -0.17486 0.08036 -0.96864 -0.2372 0.07396 -0.94782 -0.30184 0.10259 -0.91905 -0.38352 0.09088 -0.8794 -0.46163 0.1164 -0.83584 -0.53975 0.10027 -0.77845 -0.61611 0.12011 -0.72479 -0.6817 0.09983 -0.65778 -0.74461 0.11346 -0.61131 -0.78575 0.09431 -0.54587 -0.83149 0.10321 -0.49517 -0.86515 0.07951 -0.43838 -0.89479 0.08475 -0.38741 -0.92013 0.05721 -0.3328 -0.94258 0.02808 -0.38741 -0.92014 0.05709 -0.43863 -0.89707 0.05352 -0.49515 -0.86518 0.07935 -0.55782 -0.82675 0.07293 -0.61133 -0.78573 0.09436 -0.67988 -0.72853 0.0837 -0.72482 -0.68165 0.09992 -0.78976 -0.60759 0.08436 -0.83588 -0.53969 0.10019 -0.88606 -0.45679 0.07905 -0.91907 -0.38349 0.09082 -0.9495 -0.30673 0.06603 -0.96857 -0.23744 0.07416 -0.98293 -0.17764 0.04784 -0.99022 -0.12937 0.05213 -0.9957 -0.08868 0.02682 -0.99798 -0.0565 0.02909 -0.99902 -0.04058 0.01742 -0.99957 -0.02283 0.01827 -1 -6E-05 -0.00258 -0.42833 -0.90346 -0.01693 -0.37362 -0.92746 -0.01477 -0.37387 -0.92736 -0.01482 -0.32844 -0.94444 -0.01302 -0.32863 -0.94437 -0.01305 -0.40301 -0.91518 -0.00618 -0.48731 -0.87301 0.01963 -0.55518 -0.83159 0.01548 -0.63432 -0.77218 0.03715 -0.71128 -0.70231 0.02914 -0.76992 -0.6366 0.04432 -0.83785 -0.54498 0.03183 -0.87443 -0.48337 0.04157 -0.9346 -0.35508 0.0209 -0.9716 -0.23282 0.04236 -0.95752 -0.28602 0.03671 -0.92679 -0.37112 0.0577 -0.89994 -0.43325 0.04905 -0.84912 -0.52392 0.06713 -0.8149 -0.57681 0.05691 -0.74891 -0.65885 0.07109 -0.69792 -0.71403 0.05547 -0.62653 -0.77669 0.06488 -0.56262 -0.82557 0.04359 -0.49665 -0.86656 0.04904 -0.42783 -0.90356 0.02309 -0.57292 -0.8193 -0.02254 -0.49354 -0.86951 -0.01942 -0.49391 -0.8693 -0.01948 -0.35329 -0.9355 -0.00425 -0.4278 -0.90358 0.02298 -0.48727 -0.87303 0.01957 -0.56265 -0.82554 0.04366 -0.63427 -0.77222 0.03708 -0.69797 -0.71397 0.05556 -0.77004 -0.63644 0.04449 -0.81496 -0.5767 0.05702 -0.87435 -0.48351 0.04146 -0.89984 -0.43346 0.04887 -0.93999 -0.33982 0.03061 -0.95752 -0.28601 0.03669 -0.98702 -0.16045 0.00624 -0.98609 -0.16487 0.02083 -0.99198 -0.12405 0.02442 -0.94331 -0.33187 0.00475 -0.97534 -0.22054 -0.00866 -0.97562 -0.21932 -0.0082 -0.99011 -0.13917 -0.01755 -0.54556 -0.83765 -0.02675 -0.55896 -0.82884 -0.02431 -0.64923 -0.76007 -0.02823 -0.664 -0.74728 -0.02593 -0.76517 -0.64313 -0.02989 -0.98513 -0.17173 -0.00437 -0.99412 -0.10724 -0.01517 -0.99406 -0.1078 -0.01496 -0.99749 -0.06748 -0.02164 -0.99745 -0.06804 -0.02143 -0.99921 -0.02842 -0.02794 -0.94343 -0.33153 0.00491 -0.96427 -0.26465 0.01165 -0.98512 -0.17184 -0.00416 -0.99328 -0.11575 0.00065 -0.99752 -0.06934 -0.0121 -0.99853 -0.05197 -0.01569 -0.99894 -0.04175 -0.0196 -0.99953 -0.01474 -0.02696 -0.99953 -0.01492 -0.02689 -0.78744 -0.61607 0.01987 -0.85953 -0.511 0.00934 -0.85967 -0.51076 0.00948 -0.91968 -0.39267 -0.0016 -0.91983 -0.39232 -0.00145 -0.96354 -0.26729 -0.01248 -0.96341 -0.26774 -0.01263 -0.9905 -0.13545 -0.02365 -0.98758 -0.156 -0.0187 -0.9946 -0.10093 -0.02407 -0.99466 -0.10029 -0.02423 -0.99933 -0.01734 -0.03213 -0.46257 -0.88654 -0.00843 -0.53335 -0.84582 -0.01135 -0.53323 -0.84589 -0.01145 -0.61599 -0.78761 -0.01498 -0.61616 -0.78748 -0.01486 -0.70958 -0.70437 -0.01898 -0.70935 -0.70459 -0.0191 -0.80734 -0.58961 -0.0237 -0.80822 -0.58842 -0.02325 -0.89965 -0.43572 -0.02789 -0.89996 -0.4351 -0.02772 -0.95331 -0.30042 -0.03084 -0.63276 -0.77427 0.01052 -0.71603 -0.69806 0.00439 -0.71586 -0.69823 0.00425 -0.80048 -0.59935 -0.0029 -0.80067 -0.5991 -0.00277 -0.87886 -0.47697 -0.01065 -0.87864 -0.47736 -0.01081 -0.94128 -0.33711 -0.01891 -0.94147 -0.33656 -0.01875 -0.97381 -0.22602 -0.02453 -0.97384 -0.22591 -0.02463 -0.98817 -0.15072 -0.0283 -0.97743 -0.2087 -0.03271 -0.99657 -0.0752 -0.03461 -0.99505 -0.09397 -0.0324 -0.9993 -0.01425 -0.03458 -0.99931 -0.01322 -0.0347 -0.62646 -0.77886 -0.0305 -0.72294 -0.69001 -0.0352 -0.97871 -0.20118 -0.04061 -0.93467 -0.3534 -0.03879 -0.93555 -0.35104 -0.03899 -0.85132 -0.52344 -0.03548 -0.86368 -0.50293 -0.03348 -0.74417 -0.66722 -0.0321 -0.8295 -0.55735 -0.03579 -0.83738 -0.54535 -0.03713 -0.9242 -0.3797 -0.04098 -0.97016 -0.23866 -0.04278 -0.96253 -0.26742 -0.04506 -0.91088 -0.41047 -0.04264 -0.4625 -0.88658 -0.00852 -0.55509 -0.83165 0.01535 -0.63243 -0.77455 0.01018 -0.71115 -0.70245 0.02899 -0.78732 -0.61623 0.01974 -0.83794 -0.54482 0.03195 -0.89745 -0.44072 0.01839 -0.93226 -0.36069 0.02818 -0.96432 -0.2645 0.01143 -0.98282 -0.18358 0.01919 -0.99337 -0.11496 0.00019 -0.99798 -0.06344 0.00433 -0.9995 -0.0285 -0.0139 -0.99972 -0.0074 -0.02226 -0.99966 -0.00234 -0.02604 -0.99938 0.01007 -0.03369 -0.99938 0.01014 -0.03369 -0.42803 -0.90361 -0.01688 -0.41779 -0.90834 -0.01946 -0.36612 -0.93041 -0.01705 -0.34072 -0.94002 -0.01647 -0.32279 -0.94635 -0.01509 -0.27044 -0.96265 -0.01264 -0.27405 -0.96165 -0.01089 -0.2741 -0.96164 -0.01091 -0.26751 -0.96345 -0.01405 -0.26028 -0.96548 -0.00978 -0.277 -0.96087 -0.00112 -0.24732 -0.96893 3E-05 -0.29529 -0.95494 0.03 -0.32972 -0.94386 -0.02045 -0.26298 -0.96466 -0.01631 -0.26988 -0.96281 -0.01265 -0.21826 -0.97584 -0.01023 -0.22034 -0.97538 -0.00877 -0.22033 -0.97539 -0.00877 -0.22101 -0.97524 -0.00831 -0.22101 -0.97524 -0.00831 -0.2235 -0.97468 -0.00662 -0.20206 -0.97927 -0.01437 -0.19252 -0.9812 -0.01369 -0.19561 -0.98062 -0.01079 -0.18778 -0.98216 -0.00961 -0.19 -0.98176 -0.00756 -0.16078 -0.98699 0.0002 -0.11955 -0.99282 -0.0045 -0.1557 -0.9878 0.00353 -0.222 -0.97505 0.00101 -0.26285 -0.96432 0.03153 -0.26291 -0.9643 0.03155 -0.3041 -0.95058 0.06258 -0.80104 -0.59716 -0.04172 -0.77823 -0.6266 -0.04171 -0.69696 -0.71614 -0.03735 -0.67984 -0.73227 -0.03986 -0.59158 -0.8055 -0.03468 -0.8998 -0.434 -0.04466 -0.89839 -0.43694 -0.04439 -0.88773 -0.45804 -0.04623 -0.8863 -0.46082 -0.04596 -0.87535 -0.48113 -0.04777 -0.86156 -0.50531 -0.04881 -0.85095 -0.52282 -0.05044 -0.76057 -0.64769 -0.04508 -0.87396 -0.48367 -0.04751 -0.86354 -0.50187 -0.04917 -0.77586 -0.62936 -0.04418 -0.75417 -0.6552 -0.04404 -0.67591 -0.73593 -0.03947 -0.6605 -0.74967 -0.04175 -0.5799 -0.81386 -0.03666 -0.53556 -0.84377 -0.03518 -0.49679 -0.86726 -0.03264 -0.97709 -0.20898 -0.04036 -0.97 -0.23933 -0.04276 -0.92278 -0.38318 -0.04067 -0.91175 -0.40851 -0.04282 -0.82638 -0.56178 -0.03881 -0.80323 -0.59439 -0.03896 -0.71971 -0.6934 -0.03491 -0.70054 -0.71262 -0.03769 -0.61152 -0.79054 -0.0329 -0.5617 -0.82674 -0.0317 -0.5214 -0.8528 -0.02943 -0.50283 -0.86375 -0.03316 -0.43756 -0.89872 -0.02885 -0.4215 -0.90623 -0.03309 -0.60323 -0.79627 -0.04547 -0.60914 -0.79172 -0.04615 -0.62038 -0.78305 -0.04434 -0.62529 -0.7791 -0.04488 -0.63778 -0.76902 -0.04293 -0.84778 -0.52694 -0.05999 -0.86926 -0.49066 -0.0603 -0.75678 -0.65123 -0.05648 -0.76418 -0.64245 -0.05732 -0.77981 -0.62358 -0.05518 -0.7867 -0.6148 -0.05595 -0.79953 -0.59818 -0.05418 -0.80202 -0.5948 -0.05461 -0.81155 -0.58185 -0.05327 -0.8141 -0.57824 -0.05371 -0.82393 -0.56428 -0.05231 -0.67825 -0.73307 -0.05088 -0.68504 -0.72667 -0.05164 -0.69869 -0.71369 -0.04969 -0.70512 -0.70729 -0.05039 -0.71657 -0.6958 -0.04879 -0.71083 -0.70174 -0.04785 -0.73017 -0.68157 -0.04817 -0.73818 -0.67297 -0.04705 -0.82583 -0.56146 -0.05264 -0.83558 -0.54698 -0.05122 -0.72136 -0.69001 -0.05936 -0.85239 -0.51935 -0.06083 -0.84476 -0.53155 -0.06195 -0.82426 -0.56287 -0.06152 -0.82871 -0.5562 -0.06231 -0.82173 -0.56636 -0.06329 -0.45641 -0.88899 -0.03728 -0.49161 -0.86989 -0.04016 -0.50957 -0.85938 -0.04236 -0.57859 -0.8142 -0.0481 -0.57212 -0.8188 -0.04732 -0.64846 -0.75935 -0.05363 -0.87675 -0.4773 -0.05913 -0.87908 -0.47293 -0.05957 -0.8886 -0.45499 -0.05803 -0.89093 -0.45036 -0.05848 -0.90049 -0.43114 -0.05686 -0.90277 -0.42628 -0.05731 -0.91233 -0.40567 -0.0556 -0.91457 -0.40053 -0.05606 -0.92403 -0.37846 -0.05425 -0.99392 -0.1022 -0.04105 -0.99352 -0.10603 -0.04095 -0.98919 -0.14001 -0.04362 -0.98808 -0.14769 -0.04339 -0.97873 -0.19957 -0.04744 -0.97246 -0.22862 -0.04528 -0.96473 -0.25889 -0.04766 -0.96378 -0.26246 -0.04739 -0.95576 -0.28993 -0.04956 -0.95476 -0.29327 -0.0493 -0.94601 -0.32004 -0.05143 -0.94449 -0.32456 -0.05106 -0.9357 -0.3488 -0.05301 -0.07329 -0.99729 -0.00574 -0.07363 -0.99726 -0.00731 -0.17893 -0.9584 0.22237 -0.21896 -0.95078 0.21928 -0.19112 -0.96943 0.15387 -0.20037 -0.9687 0.14655 -0.17218 -0.98121 0.08713 -0.17228 -0.98121 0.0869 -0.13148 -0.99132 0.00142 -0.13159 -0.9913 0.00138 -0.1283 -0.99172 -0.00596 -0.13825 -0.99037 -0.00778 -0.13729 -0.99048 -0.00978 -0.19178 -0.98134 -0.01367 -0.18851 -0.98189 -0.01885 -0.48254 -0.87514 -0.03574 -0.38845 -0.92097 -0.03039 -0.4102 -0.91143 -0.03209 -0.39957 -0.91601 -0.03555 -0.37081 -0.9281 -0.03355 -0.36669 -0.92968 -0.03521 -0.77549 -0.628 -0.06507 -0.75485 -0.65274 -0.06434 -0.69134 -0.72012 -0.05893 -0.71088 -0.70029 -0.06507 -0.75777 -0.64929 -0.06484 -0.75221 -0.65565 -0.0656 -0.73307 -0.67705 -0.06484 -0.73567 -0.67418 -0.06529 -0.73102 -0.67916 -0.06594 -0.54529 -0.83646 -0.05477 -0.53337 -0.84421 -0.05316 -0.59853 -0.79919 -0.05536 -0.59018 -0.80544 -0.05429 -0.58283 -0.81069 -0.05563 -0.57492 -0.81639 -0.0546 -0.56936 -0.8202 -0.05567 -0.67037 -0.73916 -0.06519 -0.67128 -0.73832 -0.06535 -0.66459 -0.74426 -0.06637 -0.40218 -0.91456 -0.04279 -0.40656 -0.9127 -0.0411 -0.4165 -0.90817 -0.04192 -0.46935 -0.8819 -0.04433 -0.46226 -0.88554 -0.0463 -0.44935 -0.89221 -0.04522 -0.44431 -0.89465 -0.04682 -0.41022 -0.91093 -0.0438 -0.71241 -0.69871 -0.06534 -0.70785 -0.70327 -0.06599 -0.69046 -0.72042 -0.06519 -0.6917 -0.71922 -0.0654 -0.68749 -0.72319 -0.06602 -0.02895 -0.82636 0.5624 -0.07009 -0.82518 0.5605 -0.0705 -0.82558 0.55987 -0.12243 -0.82207 0.55607 -0.12284 -0.82244 0.55543 -0.17116 -0.81711 0.55048 -0.16239 -0.85662 0.48972 -0.17741 -0.86069 0.47722 -0.16843 -0.88929 0.4252 -0.16878 -0.88952 0.42457 -0.15767 -0.9195 0.36008 -0.15799 -0.91967 0.3595 -0.14657 -0.94471 0.29333 -0.14685 -0.94483 0.2928 -0.13532 -0.96466 0.22609 -0.13554 -0.96473 0.22567 -0.12389 -0.97957 0.15841 -0.12406 -0.9796 0.15811 -0.11232 -0.98955 0.09038 -0.11244 -0.98956 0.09016 -0.09719 -0.99526 0.00283 -0.09732 -0.99525 0.00278 -0.09623 -0.99535 -0.0044 -0.10294 -0.99467 -0.00587 -0.10272 -0.99468 -0.00728 -0.1382 -0.99036 -0.0098 -0.13742 -0.99042 -0.01381 -0.18603 -0.98237 -0.0187 -0.18512 -0.98246 -0.02225 -0.64098 -0.76574 -0.05274 -0.63075 -0.77408 -0.05435 -0.56478 -0.82381 -0.04867 -0.52773 -0.84814 -0.04654 -0.50118 -0.86421 -0.0442 -0.4096 -0.91149 -0.03759 -0.51915 -0.85335 -0.04764 -0.42162 -0.90588 -0.04018 -0.3611 -0.93189 -0.03442 -0.35737 -0.93326 -0.03612 -0.32821 -0.94398 -0.03433 -0.34082 -0.93943 -0.03626 -0.33854 -0.9402 -0.03765 -0.40669 -0.91245 -0.04523 -0.39609 -0.91718 -0.04362 -0.46765 -0.88241 -0.05151 -0.50917 -0.85879 -0.05681 -0.52949 -0.8462 -0.05995 -0.31992 -0.94665 -0.03889 -0.39236 -0.91869 -0.04538 -0.32188 -0.94605 -0.03723 -0.31359 -0.94888 -0.03588 -0.28154 -0.95901 -0.03221 -0.28419 -0.95831 -0.02973 -0.23799 -0.97098 -0.02368 -0.26843 -0.96295 -0.02578 -0.30488 -0.952 -0.02733 -0.35765 -0.9333 -0.03206 -0.36581 -0.93024 -0.02881 -0.37407 -0.92694 -0.02937 -0.39057 -0.92026 -0.02404 -0.36381 -0.9312 -0.02239 -0.45951 -0.88779 -0.02602 -0.52652 -0.84964 -0.02982 -0.54383 -0.83877 -0.02658 -0.62926 -0.77659 -0.03076 -0.64669 -0.76224 -0.02801 -0.74707 -0.66395 -0.03236 -0.76456 -0.64386 -0.02979 -0.86487 -0.50086 -0.0337 -0.99726 0.05023 -0.05425 -0.99484 0.05886 -0.08261 -0.99528 0.08194 -0.05196 -0.99634 0.06965 -0.04955 -0.99827 0.04132 -0.04193 -0.99739 0.05983 -0.0405 -0.99803 0.05042 -0.03746 -0.99742 0.06174 -0.03655 -0.97449 0.22038 -0.04234 -0.98616 0.1588 -0.0476 -0.98001 0.19242 -0.05053 -0.98674 0.15313 -0.05379 -0.9804 0.18786 -0.05943 -0.97289 0.22432 -0.05634 -0.97759 0.20343 -0.0542 -0.96891 0.24214 -0.05083 -0.96415 0.2617 -0.04391 -0.96416 0.26162 -0.04421 -0.97631 0.21085 -0.0487 -0.97632 0.20917 -0.05512 -0.97759 0.20332 -0.05452 -0.98501 0.1625 -0.05792 -0.98047 0.18674 -0.06171 -0.98886 0.13341 -0.06595 -0.98458 0.1591 -0.07278 -0.86603 0.49916 -0.02879 -0.96791 0.2444 -0.05856 -0.95497 0.29168 -0.05429 -0.96215 0.26736 -0.05269 -0.93972 0.33884 -0.04599 -0.95152 0.3043 -0.04494 -0.96823 0.24689 -0.03964 -0.96899 0.24303 -0.04463 -0.96972 0.24012 -0.04459 -0.95196 0.30309 -0.04377 -0.95288 0.30017 -0.04374 -0.93379 0.35523 -0.04286 -0.93481 0.35256 -0.04283 -0.91372 0.40417 -0.04187 -0.91618 0.39857 -0.04182 -0.87134 0.48925 -0.03749 -0.90052 0.43308 -0.03875 -0.89928 0.43566 -0.03877 -0.92184 0.38554 -0.03975 -0.9193 0.39153 -0.03981 -0.94186 0.33352 -0.04079 -0.94083 0.33641 -0.04082 -0.96066 0.27457 -0.04168 -0.95973 0.2778 -0.04172 -0.97661 0.21075 -0.04254 -0.97733 0.20741 -0.04249 -0.98372 0.17383 -0.04548 -0.98498 0.16662 -0.04536 -0.9899 0.13331 -0.04827 -0.95154 0.30417 -0.04525 -0.96891 0.24211 -0.05092 -0.96215 0.2674 -0.05261 -0.97289 0.22428 -0.05643 -0.9679 0.24444 -0.05849 -0.97881 0.19491 -0.06272 -0.97224 0.2241 -0.06724 -0.98457 0.15931 -0.07246 -0.98122 0.17683 -0.07709 -0.94098 0.33429 -0.05306 -0.91858 0.3924 -0.0473 -0.92933 0.3663 -0.04657 -0.87759 0.47815 -0.03478 -0.89544 0.44379 -0.03508 -0.82729 0.56078 -0.03341 -0.7976 0.60253 -0.02809 -0.82467 0.56487 -0.02905 -0.79072 0.61154 -0.02784 -0.79175 0.61016 -0.02896 -0.81394 0.58003 -0.03286 -0.81417 0.57967 -0.03313 -0.8932 0.44702 -0.04867 -0.93027 0.36265 -0.05549 -0.90102 0.43105 -0.04848 -0.90871 0.41466 -0.04805 -0.84268 0.53733 -0.03427 -0.85937 0.51018 -0.03461 -0.87593 0.47992 -0.04924 -0.89816 0.43776 -0.04083 -0.87646 0.47983 -0.03984 -0.87916 0.47486 -0.03981 -0.85575 0.51594 -0.03875 -0.85651 0.51468 -0.03865 -0.89555 0.44308 -0.04087 -0.87667 0.47969 -0.03674 -0.86268 0.5044 -0.03697 -0.83841 0.54386 -0.03593 -0.84021 0.54109 -0.03569 -0.96912 0.2434 -0.03958 -0.94912 0.31253 -0.03877 -0.95017 0.30932 -0.03872 -0.92659 0.37417 -0.03776 -0.92916 0.36774 -0.03768 -0.9049 0.42405 -0.0367 -0.90619 0.42128 -0.03667 -0.88428 0.46558 -0.03578 -0.88563 0.46301 -0.03575 -0.85416 0.51886 -0.03448 -0.85556 0.51657 -0.03429 -0.82182 0.5688 -0.03294 -0.82221 0.56823 -0.03288 -0.79573 0.60481 -0.03182 -0.78503 0.61855 -0.03334 -0.80653 0.59026 -0.03307 -0.83035 0.55598 -0.03747 -0.99029 0.13037 -0.04822 -0.97707 0.20754 -0.04757 -0.97851 0.20064 -0.04748 -0.96182 0.26966 -0.04667 -0.96359 0.26328 -0.04659 -0.94489 0.32419 -0.04569 -0.94697 0.31807 -0.04563 -0.92745 0.37126 -0.04469 -0.92845 0.36876 -0.04467 -0.91085 0.41041 -0.04382 -0.91184 0.40821 -0.0438 -0.8932 0.4476 -0.04291 -0.89574 0.44251 -0.04287 -0.87132 0.48894 -0.04171 -0.87301 0.48594 -0.04148 -0.81923 0.57215 -0.03893 -0.84266 0.53705 -0.03874 -0.91596 0.3997 -0.03559 -0.93665 0.34843 -0.03584 -0.93665 0.34845 -0.03576 -0.95525 0.29361 -0.03591 -0.95524 0.29359 -0.03621 -0.93896 0.34212 -0.03609 -0.98345 0.17653 -0.0408 -0.99087 0.12714 -0.04493 -0.98604 0.15948 -0.04779 -0.9916 0.11882 -0.05109 -0.98672 0.15231 -0.05637 -0.9922 0.10942 -0.05974 -0.98879 0.1338 -0.06624 -0.99422 0.08143 -0.07001 -0.99241 0.0956 -0.07731 -0.9912 0.10541 -0.08002 -0.99095 0.10629 -0.08201 -0.9609 0.27051 -0.05911 -0.95104 0.30271 -0.06233 -0.96797 0.24127 -0.06947 -0.94601 0.3175 -0.06527 -0.94684 0.31506 -0.06503 -0.81575 0.5772 -0.03729 -0.78677 0.61651 -0.0302 -0.78782 0.61514 -0.03073 -0.76767 0.64025 -0.02761 -0.76171 0.64731 -0.02797 -0.77496 0.63125 -0.03101 -0.77966 0.62539 -0.03178 -0.78632 0.61706 -0.03067 -0.78921 0.61325 -0.03271 -0.80709 0.58948 -0.03345 -0.96894 0.24085 -0.05601 -0.97626 0.20788 -0.06091 -0.97783 0.20018 -0.06143 -0.97817 0.19844 -0.06173 -0.98808 0.13932 -0.06551 -0.87542 0.48087 -0.04905 -0.8744 0.48271 -0.04909 -0.87416 0.48315 -0.04903 -0.88789 0.4575 -0.04841 -0.88498 0.46318 -0.0477 -0.90149 0.43026 -0.04686 -0.9016 0.43001 -0.04695 -0.81456 0.5792 -0.03205 -0.79145 0.61042 -0.03157 -0.79377 0.60738 -0.03201 -0.77665 0.62914 -0.03163 -0.77881 0.62644 -0.03206 -0.78429 0.61956 -0.03218 -0.78505 0.61859 -0.03238 -0.81474 0.57893 -0.03214 -0.77556 0.63073 -0.02625 -0.75095 0.65987 -0.02542 -0.72446 0.68895 -0.02235 -0.73922 0.67298 -0.0257 -0.75522 0.65495 -0.02626 -0.76739 0.6405 -0.02936 -0.76451 0.64405 -0.02692 -0.79844 0.60119 -0.03268 -0.79785 0.60197 -0.03252 -0.88387 0.46518 -0.04888 -0.88439 0.46416 -0.04909 -0.91797 0.394 -0.04565 -0.91807 0.39377 -0.04572 -0.84088 0.54025 -0.03236 -0.84018 0.54137 -0.03206 -0.80902 0.58715 -0.02737 -0.99445 0.09112 -0.05265 -0.99089 0.12415 -0.05226 -0.98347 0.17422 -0.04934 -0.9795 0.19478 -0.05146 -0.96957 0.23996 -0.04855 -0.89564 0.44355 -0.03313 -0.94904 0.31219 -0.04317 -0.95823 0.28287 -0.04224 -0.97464 0.21892 -0.04642 -0.98484 0.16805 -0.04291 -0.84383 0.53578 -0.02988 -0.89243 0.4502 -0.02977 -0.89306 0.44897 -0.02948 -0.90807 0.4176 -0.03195 -0.90924 0.41505 -0.03189 -0.926 0.3759 -0.03488 -0.95626 0.28967 -0.04061 -0.96961 0.24077 -0.04345 -0.92773 0.37184 -0.03244 -0.92663 0.37456 -0.0325 -0.91379 0.40506 -0.03026 -0.91395 0.40469 -0.03017 -0.93001 0.36606 -0.03299 -0.93072 0.36421 -0.03332 -0.96704 0.25131 -0.04096 -0.99698 0.05541 -0.05444 -0.94436 -0.32683 -0.037 -0.98333 -0.17771 -0.03852 -0.98362 -0.17609 -0.03864 -0.99641 -0.07503 -0.03915 -0.9963 -0.07657 -0.03904 -0.99906 0.01888 -0.03915 -0.99913 -0.00644 -0.04118 -0.9991 -0.01031 -0.04109 -0.99804 -0.0446 -0.04383 -0.99788 -0.04828 -0.04373 -0.99561 -0.08131 -0.04636 -0.99534 -0.08459 -0.04627 -0.99201 -0.11636 -0.04878 -0.99113 -0.12368 -0.04857 -0.98675 -0.15405 -0.05095 -0.98564 -0.16103 -0.05073 -0.98036 -0.18998 -0.053 -0.98421 0.17236 -0.04038 -0.98485 0.16868 -0.04032 -0.99003 0.13403 -0.04331 -0.99104 0.12641 -0.04317 -0.99467 0.09229 -0.04606 -0.99497 0.08903 -0.046 -0.99726 0.05556 -0.0488 -0.99765 0.04816 -0.04865 -0.99856 0.01549 -0.05134 -0.99831 -0.02225 -0.05366 -0.99695 -0.05434 -0.05599 -0.98497 -0.16121 -0.06194 -0.99718 0.03564 -0.06609 -0.9899 0.12684 -0.06334 -0.99593 0.06369 -0.06372 -0.99523 0.07378 -0.06389 -0.99743 -0.02759 -0.06611 -0.99756 -0.02199 -0.06624 -0.99794 0.00442 -0.06407 -0.99783 0.01454 -0.06428 -0.99631 -0.06531 -0.05571 -0.99816 0.02369 -0.05582 -0.9983 0.01698 -0.05568 -0.99396 0.09466 -0.05543 -0.99457 0.08811 -0.05532 -0.98576 0.15899 -0.05483 -0.98677 0.15262 -0.05474 -0.97366 0.2215 -0.05401 -0.97503 0.21543 -0.05394 -0.96229 0.26675 -0.05324 -0.9639 0.26092 -0.05318 -0.94764 0.31503 -0.05229 -0.94947 0.30947 -0.05225 -0.93283 0.35664 -0.05133 -0.93611 0.34796 -0.05128 -0.91569 0.39875 -0.05016 -0.91713 0.39543 -0.04996 -0.99826 -0.02475 -0.05361 -0.99679 0.05955 -0.05353 -0.99718 0.05277 -0.0534 -0.99001 0.13067 -0.05301 -0.99088 0.12393 -0.0529 -0.97951 0.19447 -0.0523 -0.98077 0.18808 -0.05221 -0.96525 0.25621 -0.05139 -0.96687 0.25006 -0.05132 -0.95087 0.30546 -0.05047 -0.95386 0.29598 -0.05039 -0.93582 0.349 -0.04944 -0.93786 0.34347 -0.0494 -0.92158 0.38513 -0.04854 -0.92239 0.3832 -0.04853 -0.90233 0.42842 -0.04747 -0.90387 0.42519 -0.04727 -0.9289 0.36652 -0.05305 -0.94771 0.31451 -0.05412 -0.94591 0.31988 -0.05416 -0.96084 0.27158 -0.05501 -0.95817 0.28085 -0.05509 -0.97138 0.23088 -0.05585 -0.97092 0.2328 -0.05587 -0.98282 0.17569 -0.05655 -0.98095 0.18582 -0.05668 -0.99154 0.11649 -0.05729 -0.99079 0.12267 -0.05738 -0.99725 0.04635 -0.05776 -0.99669 0.05704 -0.05796 -0.99811 -0.02014 -0.05804 -0.99821 -0.01366 -0.05819 -0.9937 -0.09595 -0.05793 -0.9939 -0.09386 -0.05798 -0.97568 0.21074 -0.06023 -0.98613 0.1544 -0.06088 -0.98453 0.16425 -0.061 -0.99296 0.10125 -0.06152 -0.99234 0.1071 -0.06161 -0.99716 0.04283 -0.06191 -0.99666 0.0531 -0.0621 -0.95614 0.28736 -0.05684 -0.96947 0.23834 -0.05763 -0.96808 0.24393 -0.05768 -0.97942 0.1932 -0.05836 -0.97744 0.20295 -0.05846 -0.98907 0.13504 -0.05916 -0.98763 0.14513 -0.0593 -0.99493 0.08087 -0.05974 -0.99441 0.08703 -0.05984 -0.99773 0.03046 -0.06004 -0.99794 0.02367 -0.05965 -0.99715 -0.04628 -0.0596 -0.99731 -0.04232 -0.05984 -0.99071 -0.12231 -0.05945 -0.99117 -0.11838 -0.0597 -0.90548 0.42141 -0.05008 -0.92265 0.38178 -0.05438 -0.94303 0.32804 -0.05558 -0.95192 0.30073 -0.05834 -0.9685 0.24185 -0.05935 -0.97476 0.21449 -0.06194 -0.98444 0.16422 -0.06256 -0.9886 0.13578 -0.06511 -0.99428 0.08442 -0.06548 -0.92486 0.37644 -0.05408 -0.93559 0.34844 -0.057 -0.95344 0.29594 -0.05809 -0.96197 0.26627 -0.06101 -0.97592 0.20916 -0.06189 -0.98119 0.18196 -0.06441 -0.98988 0.12612 -0.06498 -0.92151 0.3845 -0.05451 -0.93712 0.34404 -0.0587 -0.94846 0.31129 -0.05941 -0.95714 0.28285 -0.06222 -0.97254 0.224 -0.06322 -0.99865 0.00831 -0.05118 -0.9938 0.09882 -0.05093 -0.99449 0.09175 -0.0508 -0.98426 0.16941 -0.05028 -0.98539 0.16278 -0.05018 -0.97129 0.23271 -0.04947 -0.97284 0.22616 -0.04938 -0.95629 0.28838 -0.04854 -0.95701 0.28595 -0.04852 -0.93919 0.34009 -0.04762 -0.94123 0.33439 -0.04757 -0.92319 0.38151 -0.04666 -0.92543 0.37603 -0.04662 -0.90792 0.41663 -0.04574 -0.91029 0.41144 -0.0457 -0.88705 0.45951 -0.04454 -0.88866 0.45641 -0.04433 -0.86446 0.50086 -0.04312 -0.85271 0.52048 -0.04459 -0.87603 0.4802 -0.04447 -0.89542 0.44255 -0.04878 -0.88433 0.46416 -0.05017 -0.93068 0.362 -0.05279 -0.94138 0.3327 -0.05583 -0.9577 0.28209 -0.0568 -0.96514 0.25489 -0.05946 -0.97685 0.20527 -0.06018 -0.98206 0.17785 -0.06271 -0.9906 0.12125 -0.06326 -0.9934 0.0941 -0.06563 -0.99749 0.02575 -0.0659 -0.99494 -0.07036 -0.07173 -0.98484 -0.15809 -0.07138 -0.98372 -0.16515 -0.07092 -0.97936 -0.18859 -0.07273 -0.99741 0.01757 -0.06971 -0.99658 -0.04447 -0.06965 -0.99708 -0.03046 -0.06998 -0.98874 -0.1326 -0.06939 -0.98965 -0.12539 -0.06984 -0.88263 -0.46518 -0.06759 -0.88603 -0.45857 -0.06824 -0.89426 -0.44251 -0.06691 -0.89695 -0.43696 -0.06744 -0.90553 -0.41912 -0.06598 -0.90878 -0.41192 -0.06664 -0.91729 -0.39285 -0.0651 -0.91985 -0.38674 -0.06564 -0.92793 -0.36719 -0.06408 -0.92985 -0.36224 -0.0645 -0.9378 -0.34145 -0.06286 -0.94016 -0.33478 -0.06341 -0.94843 -0.31095 -0.06153 -0.95064 -0.30402 -0.06208 -0.95796 -0.28052 -0.06024 -0.95915 -0.27634 -0.06056 -0.99299 -0.09957 -0.06376 -0.98951 -0.13061 -0.06178 -0.98538 -0.15795 -0.06393 -0.98444 -0.16385 -0.06353 -0.97941 -0.19093 -0.06564 -0.9783 -0.19664 -0.06525 -0.97284 -0.2215 -0.06718 -0.97123 -0.2286 -0.06668 -0.96524 -0.25222 -0.0685 -0.96345 -0.25911 -0.068 -0.95702 -0.28152 -0.06973 -0.95508 -0.28816 -0.06922 -0.94802 -0.31021 -0.07093 -0.94493 -0.31967 -0.07018 -0.93752 -0.34043 -0.07179 -0.97906 -0.1966 -0.05278 -0.97301 -0.22411 -0.05493 -0.93462 -0.35171 -0.05276 -0.92564 -0.37444 -0.0546 -0.84895 -0.52609 -0.05008 -0.83819 -0.54292 -0.05168 -0.75156 -0.65804 -0.04634 -0.73243 -0.67928 -0.04611 -0.65625 -0.75341 -0.04132 -0.64237 -0.76516 -0.04342 -0.56073 -0.82713 -0.0379 -0.55151 -0.83323 -0.03958 -0.51249 -0.85786 -0.03796 -0.53412 -0.84444 -0.04046 -0.52697 -0.84885 -0.04188 -0.59322 -0.80366 -0.04715 -0.5877 -0.80774 -0.0465 -0.66589 -0.74418 -0.05269 -0.65953 -0.74988 -0.05195 -0.74226 -0.66756 -0.05847 -0.73437 -0.67631 -0.05756 -0.80034 -0.59625 -0.06273 -0.80421 -0.59096 -0.0634 -0.87412 -0.4808 -0.06891 -0.93043 -0.3647 -0.03607 -0.95605 -0.2906 -0.039 -0.94366 -0.32898 -0.03582 -0.98627 -0.16085 -0.03744 -0.98602 -0.1624 -0.03732 -0.99778 -0.0548 -0.03777 -0.9977 -0.05627 -0.03766 -0.9984 0.04211 -0.03769 -0.99796 0.05111 -0.03829 -0.99224 0.11841 -0.03807 -0.99562 0.08399 -0.04094 -0.99595 0.08008 -0.04086 -0.99802 0.04518 -0.04374 -0.99818 0.04161 -0.04366 -0.99889 0.00765 -0.04643 -0.99893 -5E-05 -0.04626 -0.99826 -0.03305 -0.04891 -0.99815 -0.03607 -0.04884 -0.99645 -0.06673 -0.05129 -0.99627 -0.06948 -0.05122 -0.99364 -0.09902 -0.05357 -0.99294 -0.10589 -0.05338 -0.98625 -0.15506 -0.05723 -0.98102 -0.18593 -0.05509 -0.97523 -0.21366 -0.05726 -0.97389 -0.21981 -0.05682 -0.9672 -0.24707 -0.05894 -0.96423 -0.25862 -0.05808 -0.9649 -0.25591 -0.05897 -0.98901 -0.13491 -0.06044 -0.98849 -0.1388 -0.06018 -0.99639 -0.05946 -0.06067 -0.99635 -0.06009 -0.06063 -0.99815 0.00274 -0.06074 -0.99792 -0.01646 -0.06231 -0.99781 -0.02243 -0.06217 -0.99673 -0.04896 -0.06433 -0.99643 -0.05476 -0.06419 -0.99446 -0.08149 -0.06633 -0.99322 -0.09578 -0.06595 -0.99026 -0.12154 -0.06798 -0.99522 -0.06869 -0.06942 -0.9929 -0.09778 -0.06767 -0.99769 0.00055 -0.06799 -0.99768 -0.00485 -0.06788 -0.99603 0.05775 -0.06777 -0.99676 0.04373 -0.06752 -0.99268 0.10028 -0.06725 -0.97567 0.20872 -0.06713 -0.988 0.13686 -0.07162 -0.98229 0.17403 -0.06941 -0.97699 0.20257 -0.06682 -0.9716 0.22712 -0.06645 -0.997 0.02994 -0.07131 -0.99715 0.02501 -0.07122 -0.99731 0.00071 -0.07323 -0.99725 -0.01287 -0.07295 -0.99648 -0.03763 -0.07495 -0.9959 -0.0511 -0.07464 -0.99423 -0.07511 -0.07654 -0.99318 -0.08826 -0.0762 -0.99082 -0.11047 -0.07793 -0.98932 -0.12343 -0.07755 -0.98628 -0.14482 -0.07919 -0.99516 0.06289 -0.07555 -0.99687 0.01838 -0.07684 -0.99661 0.02794 -0.07734 -0.99566 0.05498 -0.07514 -0.99432 0.07551 -0.07504 -0.99556 0.05449 -0.07673 -0.99215 0.10109 -0.07363 -0.98907 0.12908 -0.07124 -0.98565 0.15313 -0.07099 -0.93491 0.34994 -0.05902 -0.95187 0.30029 -0.06138 -0.95926 0.27568 -0.06186 -0.96742 0.24474 -0.06483 -0.86162 0.50586 -0.04131 -0.86248 0.50435 -0.04194 -0.84376 0.53533 -0.03856 -0.84461 0.53395 -0.03912 -0.82502 0.56397 -0.03573 -0.88308 0.4667 -0.04849 -0.90276 0.42723 -0.04989 -0.90438 0.42384 -0.04962 -0.92289 0.38128 -0.05382 -0.94667 0.31692 -0.05812 -0.93959 0.33711 -0.05932 -0.91687 0.39558 -0.05347 -0.91316 0.40401 -0.05402 -0.8925 0.44834 -0.04932 -0.89141 0.45073 -0.04729 -0.88708 0.45921 -0.04706 -0.9336 0.35502 -0.04856 -0.98007 0.19323 -0.04606 -0.98734 0.15099 -0.04853 -0.99329 0.10382 -0.05093 -0.99694 0.05727 -0.05319 -0.99838 0.01339 -0.05521 -0.86158 0.50671 -0.03051 -0.86289 0.50448 -0.03046 -0.88177 0.47049 -0.03349 -0.88424 0.46583 -0.03339 -0.90189 0.43042 -0.03642 -0.90297 0.42816 -0.03638 -0.91861 0.3932 -0.03927 -0.92074 0.38821 -0.03918 -0.93556 0.35065 -0.04217 -0.93638 0.34845 -0.04213 -0.94906 0.31188 -0.04494 -0.95075 0.3067 -0.04485 -0.96182 0.26952 -0.0476 -0.96329 0.26424 -0.04751 -0.97267 0.2267 -0.05018 -0.9739 0.22138 -0.05009 -0.98187 0.18204 -0.05279 -0.98347 0.17326 -0.05262 -0.98923 0.13562 -0.0551 -0.98994 0.13039 -0.05499 -0.994 0.09313 -0.05735 -0.99448 0.08799 -0.05724 -0.99691 0.05125 -0.05949 -0.86204 0.50578 -0.03273 -0.86197 0.5059 -0.03274 -0.88001 0.4736 -0.03572 -0.88244 0.46908 -0.03564 -0.89869 0.4369 -0.0385 -0.89972 0.43477 -0.03846 -0.91548 0.40023 -0.04143 -0.91757 0.39543 -0.04136 -0.93193 0.35993 -0.04429 -0.93385 0.35493 -0.04422 -0.94619 0.32018 -0.04699 -0.94789 0.31512 -0.04691 -0.95922 0.27825 -0.04974 -0.96162 0.26988 -0.04961 -0.97118 0.23253 -0.05236 -0.9724 0.22737 -0.05228 -0.97996 0.19148 -0.05482 -0.98163 0.18277 -0.05467 -0.9875 0.14693 -0.05712 -0.98824 0.14187 -0.05702 -0.99273 0.10464 -0.05947 -0.99362 0.09591 -0.0593 -0.99616 0.06247 -0.06141 -0.96928 0.23737 -0.06446 -0.95922 0.27535 -0.06379 -0.95726 0.28203 -0.06413 -0.96153 0.26706 -0.06442 -0.96804 0.24273 -0.06307 -0.98365 0.16633 -0.06903 -0.97651 0.2043 -0.06853 -0.97505 0.21104 -0.06886 -0.97855 0.19407 -0.06911 -0.98378 0.16617 -0.0676 -0.9931 0.09163 -0.07316 -0.98862 0.13166 -0.07283 -0.98779 0.13756 -0.07312 -0.99035 0.11759 -0.07331 -0.9935 0.08843 -0.07171 -0.94 0.33694 -0.05354 -0.93255 0.35683 -0.05494 -0.94417 0.3243 -0.05797 -0.94584 0.31946 -0.05765 -0.95538 0.28915 -0.06037 -0.95691 0.28411 -0.06005 -0.96595 0.25094 -0.06293 -0.96731 0.24575 -0.06261 -0.9747 0.21377 -0.0653 -0.9764 0.20599 -0.06483 -0.98266 0.17268 -0.06752 -0.98362 0.16725 -0.06719 -0.98815 0.13682 -0.06958 -0.9891 0.12999 -0.06917 -0.99268 0.09719 -0.07166 -0.80633 0.59054 -0.03304 -0.826 0.5625 -0.03631 -0.823 0.56689 -0.03618 -0.82529 0.56342 -0.03822 -0.85037 0.52444 -0.04289 -0.85827 0.51149 -0.04174 -0.85995 0.50849 -0.04378 -0.88001 0.47284 -0.0448 -0.8813 0.47032 -0.0459 -0.88808 0.45752 -0.04463 -0.90286 0.42728 -0.04762 -0.9044 0.42405 -0.04733 -0.91867 0.39179 -0.0504 -0.92013 0.38839 -0.05012 -0.9332 0.35542 -0.05315 -0.93456 0.35186 -0.05287 -0.94586 0.31974 -0.05573 -0.94712 0.31606 -0.05545 -0.95758 0.2822 -0.05836 -0.95902 0.27733 -0.05801 -0.96772 0.24459 -0.06073 -0.969 0.23958 -0.06038 -0.97694 0.20395 -0.06323 -0.97826 0.19765 -0.06281 -0.98415 0.16486 -0.06534 -0.98504 0.15958 -0.06499 -0.98995 0.12418 -0.06763 -0.99094 0.11633 -0.06711 -0.99415 0.08269 -0.06952 -0.96055 0.27258 -0.05514 -0.95737 0.28425 -0.05141 -0.92847 0.36866 -0.04501 -0.92859 0.36835 -0.0451 -0.856 0.51596 -0.03234 -0.8562 0.51563 -0.03242 -0.8135 0.58099 -0.02603 -0.81687 0.57618 -0.02726 -0.83322 0.55215 -0.02969 -0.83116 0.55521 -0.03031 -0.84337 0.53637 -0.0322 -0.84599 0.53223 -0.03213 -0.86408 0.50214 -0.03506 -0.86392 0.5024 -0.03506 -0.88112 0.47135 -0.03801 -0.88481 0.46441 -0.0379 -0.90092 0.43206 -0.04084 -0.90188 0.43006 -0.04081 -0.91684 0.39684 -0.04374 -0.91889 0.39209 -0.04367 -0.93199 0.3595 -0.04644 -0.93385 0.35464 -0.04637 -0.94617 0.31991 -0.04921 -0.94783 0.31497 -0.04915 -0.95823 0.28128 -0.05181 -0.95968 0.2763 -0.05174 -0.96907 0.24071 -0.05445 -0.97114 0.23224 -0.05433 -0.97854 0.19806 -0.05683 -0.98025 0.18946 -0.0567 -0.98635 0.15364 -0.05922 -0.98711 0.14874 -0.05913 -0.99149 0.11478 -0.06144 -0.99287 0.10225 -0.06121 -0.99563 0.06861 -0.0634 -0.9454 0.32184 -0.05135 -0.9481 0.31381 -0.05126 -0.95848 0.28 -0.05399 -0.95989 0.27515 -0.05393 -0.96847 0.24265 -0.05647 -0.97054 0.23427 -0.05636 -0.97802 0.20001 -0.05894 -0.97974 0.19146 -0.05882 -0.98542 0.15874 -0.06119 -0.98618 0.15401 -0.06111 -0.99056 0.12158 -0.06339 -0.99201 0.10917 -0.06317 -0.995 0.07548 -0.06544 -0.8549 0.5179 -0.03048 -0.83387 0.55117 -0.02973 -0.82585 0.56305 -0.03089 -0.8425 0.53763 -0.03399 -0.8275 0.56045 -0.03368 -0.90106 0.43096 -0.04856 -0.89335 0.44668 -0.04896 -0.93111 0.36011 -0.05788 -0.92625 0.37233 -0.05864 -0.91747 0.39362 -0.05752 -0.92051 0.38623 -0.05902 -0.92065 0.38591 -0.059 -0.91962 0.3884 -0.05867 -0.92967 0.36393 -0.05715 -0.92949 0.3644 -0.05709 -0.94335 0.32727 -0.05473 -0.94781 0.31375 -0.05677 -0.94545 0.32125 -0.05408 -0.90965 0.41277 -0.04649 -0.90923 0.41371 -0.04619 -0.82915 0.55808 -0.03242 -0.82848 0.5591 -0.03213 -0.7804 0.62478 -0.02498 -0.78441 0.61967 -0.02654 -0.79941 0.6001 -0.02875 -0.80031 0.5989 -0.02852 -0.81954 0.57216 -0.03146 -0.82013 0.57132 -0.03132 -0.83942 0.54239 -0.03439 -0.84064 0.54053 -0.03411 -0.85916 0.51035 -0.03721 -0.8597 0.50945 -0.03708 -0.87662 0.4795 -0.04006 -0.8778 0.47737 -0.03979 -0.8944 0.4452 -0.04288 -0.8952 0.44361 -0.0427 -0.91068 0.41058 -0.04577 -0.9121 0.40745 -0.04544 -0.92633 0.37359 -0.04847 -0.92497 0.3769 -0.04879 -0.93414 0.35326 -0.05088 -0.93591 0.34856 -0.05084 -0.94705 0.31657 -0.05358 -0.94969 0.30858 -0.0535 -0.95948 0.27611 -0.05618 -0.96182 0.26787 -0.05609 -0.9702 0.23508 -0.05869 -0.97218 0.2268 -0.05859 -0.97883 0.19536 -0.061 -0.9805 0.18687 -0.06088 -0.98605 0.15397 -0.06331 -0.98734 0.1455 -0.06318 -0.99129 0.11431 -0.0654 -0.99225 0.10577 -0.06526 -0.99491 0.07492 -0.06738 -0.99704 -0.04431 -0.06285 -0.99482 -0.07843 -0.06471 -0.99721 -0.03706 -0.06487 -0.99532 -0.06985 -0.06671 -0.99751 -0.02226 -0.06686 -0.99619 -0.05373 -0.0687 -0.9975 -0.01641 -0.06879 -0.99641 -0.04666 -0.07062 -0.9973 -0.01969 -0.07068 -0.99618 -0.04865 -0.07247 -0.99735 -0.00443 -0.07255 -0.99656 -0.03609 -0.0746 -0.99717 0.00929 -0.07465 -0.99681 -0.02176 -0.07677 -0.89185 -0.44773 -0.06434 -0.89594 -0.43941 -0.06488 -0.9067 -0.41689 -0.06402 -0.91066 -0.40809 -0.06456 -0.92117 -0.38391 -0.06362 -0.92496 -0.37462 -0.06415 -0.9356 -0.34738 -0.06306 -0.93801 -0.34077 -0.06341 -0.94719 -0.31455 -0.06234 -0.9505 -0.30431 -0.06284 -0.95993 -0.27341 -0.06154 -0.96198 -0.26601 -0.06187 -0.97016 -0.23481 -0.06052 -0.97198 -0.22707 -0.06084 -0.97918 -0.19414 -0.05936 -0.98072 -0.18607 -0.05968 -0.98702 -0.14977 -0.05799 -0.98772 -0.14503 -0.05816 -0.9975 0.03862 -0.0592 -0.99812 0.00255 -0.06131 -0.99667 0.05377 -0.06122 -0.99781 0.01923 -0.06333 -0.99619 0.06001 -0.06322 -0.99754 0.02538 -0.0654 -0.99561 0.06702 -0.06527 -0.9971 0.03535 -0.06733 -0.99552 0.06656 -0.06722 -0.99694 0.03624 -0.06924 -0.99471 0.076 -0.06908 -0.99653 0.04289 -0.07138 -0.99349 0.08893 -0.07116 -0.99569 0.05656 -0.07353 -0.99321 0.09035 -0.07334 -0.99612 0.04271 -0.07701 -0.99532 0.0585 -0.07694 -0.99904 0.01739 -0.04024 -0.99902 0.01869 -0.04019 -0.9979 0.0433 -0.04823 -0.99639 0.07074 -0.04692 -0.99448 0.09097 -0.0523 -0.99027 0.12978 -0.05018 -0.94894 0.31251 -0.04309 -0.96904 0.24219 -0.04791 -0.97458 0.21918 -0.04635 -0.98333 0.17507 -0.04907 -0.98685 0.15468 -0.04695 -0.99139 0.12154 -0.04883 -0.99316 0.10704 -0.04655 -0.99628 0.07123 -0.04842 -0.95359 0.29934 -0.03257 -0.94693 0.31973 -0.03311 -0.93517 0.35284 -0.03086 -0.93501 0.35328 -0.03096 -0.94452 0.32681 -0.03276 -0.9452 0.3248 -0.0331 -0.97515 0.21792 -0.03992 -0.97506 0.21832 -0.03984 -0.98763 0.15055 -0.04382 -0.98073 0.19224 -0.03474 -0.97954 0.19845 -0.03335 -0.98328 0.1792 -0.03232 -0.9831 0.18012 -0.03275 -0.99926 0.02134 -0.03204 -0.99932 0.01868 -0.03188 -0.99929 -0.01718 -0.03354 -0.98717 0.15521 -0.03735 -0.99578 0.082 -0.04126 -0.99671 0.07137 -0.03847 -0.99915 0.02525 -0.03273 -0.99894 0.02652 -0.03766 -0.97485 0.22029 -0.03388 -0.98671 0.15895 -0.0339 -0.98796 0.15098 -0.03377 -0.9937 0.10689 -0.03368 -0.99416 0.10259 -0.03361 -0.92705 0.37332 -0.03482 -0.94342 0.3297 -0.03543 -0.94535 0.32415 -0.0353 -0.96127 0.27327 -0.0359 -0.96207 0.27044 -0.03583 -0.98005 -0.19562 -0.03519 -0.98984 -0.13764 -0.03554 -0.98988 -0.13733 -0.03565 -0.99632 -0.07786 -0.03588 -0.99634 -0.07751 -0.03599 -0.9992 -0.01707 -0.0361 -0.99921 -0.01668 -0.03621 -0.99812 0.04942 -0.03617 -0.9981 0.04985 -0.03628 -0.99386 0.10461 -0.03612 -0.99381 0.10504 -0.03623 -0.98488 0.16948 -0.0359 -0.9848 0.16995 -0.03601 -0.95792 0.28416 -0.0405 -0.97122 0.23462 -0.04106 -0.97185 0.23201 -0.041 -0.98362 0.17539 -0.0415 -0.98467 0.16947 -0.04135 -0.99295 0.11097 -0.04169 -0.99325 0.10824 -0.04162 -0.99767 0.05399 -0.0418 -0.99798 0.04795 -0.04162 -0.99906 -0.01213 -0.04166 -0.99902 -0.01488 -0.04157 -0.99634 -0.07477 -0.04146 -0.99589 -0.0807 -0.04124 -0.99011 -0.13419 -0.041 -0.98975 -0.13681 -0.0409 -0.97908 -0.1994 -0.04046 -0.97856 -0.20195 -0.04035 -0.96688 -0.25211 -0.03986 -0.9655 -0.25736 -0.03961 -0.98838 0.14676 -0.03968 -0.995 0.09148 -0.03995 -0.99505 0.091 -0.03985 -0.99891 0.02394 -0.04001 -0.99893 0.02349 -0.03991 -0.99847 -0.03837 -0.03989 -0.99845 -0.0388 -0.0398 -0.99419 -0.10007 -0.03963 -0.99415 -0.10047 -0.03953 -0.98624 -0.16059 -0.03921 -0.98606 -0.16176 -0.03889 -0.97587 -0.21494 -0.03849 -0.9758 -0.21526 -0.03839 -0.9981 -0.05404 -0.02952 -0.99806 -0.05538 -0.02828 -0.99684 -0.07343 -0.03023 -0.99929 -0.01751 -0.03342 -0.99647 -0.0771 -0.03333 -0.99645 -0.07739 -0.03321 -0.99015 -0.13608 -0.033 -0.99012 -0.13634 -0.03288 -0.9931 -0.11283 -0.03191 -0.9983 -0.04861 -0.03208 -0.99808 -0.05438 -0.02951 -0.99919 -0.02546 -0.03132 -0.99953 0.0076 -0.02983 -0.99934 0.0166 -0.03226 -0.99913 0.02293 -0.03487 -0.99698 0.07046 -0.03258 -0.99943 -0.00685 -0.0331 -0.99942 0.00554 -0.03355 -0.99934 0.01015 -0.03494 -0.99814 -0.05006 -0.0349 -0.99812 -0.05041 -0.03478 -0.99333 -0.11 -0.03462 -0.9933 -0.1103 -0.0345 -0.98507 -0.16873 -0.03422 -0.98503 -0.16899 -0.0341 -0.99138 -0.12865 -0.02479 -0.99692 -0.07508 -0.02256 -0.99452 -0.10263 -0.01996 -0.95948 -0.28011 -0.03056 -0.95951 -0.27999 -0.03069 -0.97621 -0.215 -0.02815 -0.99855 -0.04875 -0.02292 -0.99957 -0.01989 -0.02171 -0.99892 -0.04384 -0.01528 -0.99894 -0.04341 -0.01515 -0.99541 0.08771 -0.03827 -0.99337 0.10654 -0.04309 -0.98207 0.18449 -0.03876 -0.98179 0.18602 -0.03846 -0.95949 0.27981 -0.03281 -0.95967 0.2792 -0.03291 -0.95267 0.30239 -0.03143 -0.95281 0.30195 -0.03132 -0.95974 0.27897 -0.03278 -0.95987 0.27853 -0.03268 -0.96727 0.2514 -0.03437 -0.9674 0.25094 -0.03427 -0.97547 0.21713 -0.03632 -0.97947 0.19836 -0.03581 -0.97836 0.20359 -0.03688 -0.98872 0.14509 -0.03727 -0.98879 0.14462 -0.03717 -0.99615 0.07928 -0.03745 -0.99619 0.07883 -0.03734 -0.99902 0.02339 -0.03745 -0.99904 0.02297 -0.03735 -0.99835 -0.04355 -0.03732 -0.99834 -0.04394 -0.03721 -0.99385 -0.10438 -0.03705 -0.99381 -0.10474 -0.03694 -0.98579 -0.16396 -0.03664 -0.98574 -0.16428 -0.03654 -0.98057 -0.19278 -0.03634 -0.97699 -0.21033 -0.03554 -0.84872 -0.52761 -0.03615 -0.84963 -0.52614 -0.03626 -0.86836 -0.49469 -0.03513 -0.8693 -0.49304 -0.03525 -0.88902 -0.45661 -0.03392 -0.89 -0.45468 -0.03405 -0.90948 -0.41447 -0.03258 -0.91145 -0.4101 -0.03285 -0.9302 -0.36572 -0.03121 -0.93024 -0.36562 -0.03121 -0.94308 -0.33122 -0.02992 -0.9431 -0.33114 -0.03004 -0.96646 -0.25537 -0.02713 -0.96564 -0.25843 -0.02743 -0.82364 -0.56603 -0.03492 -0.82571 -0.563 -0.03517 -0.84595 -0.53217 -0.03404 -0.84805 -0.5288 -0.03431 -0.86858 -0.49445 -0.03305 -0.86957 -0.4927 -0.03318 -0.88918 -0.45645 -0.03185 -0.88915 -0.4565 -0.03185 -0.90952 -0.41455 -0.0303 -0.91152 -0.41013 -0.03058 -0.92652 -0.37512 -0.02928 -0.92653 -0.37507 -0.02939 -0.97298 -0.22965 -0.02379 -0.97301 -0.2291 -0.02757 -0.98245 -0.18525 -0.02192 -0.98761 -0.15518 -0.02332 -0.971 0.23513 -0.04333 -0.98118 0.18809 -0.04378 -0.98227 0.18232 -0.04365 -0.9914 0.12325 -0.04405 -0.99171 0.12071 -0.04399 -0.9972 0.06028 -0.04423 -0.99755 0.05432 -0.04406 -0.99903 -0.00122 -0.04412 -0.99902 -0.0038 -0.04404 -0.99694 -0.06471 -0.04395 -0.99655 -0.07054 -0.04374 -0.99049 -0.13056 -0.04348 -0.99016 -0.13301 -0.04338 -0.98156 -0.18625 -0.043 -0.97991 -0.19484 -0.04264 -0.96833 -0.24609 -0.04213 -0.96776 -0.24834 -0.04203 -0.95234 -0.30222 -0.04136 -0.95167 -0.30434 -0.04125 -0.99981 -0.00428 -0.0192 -0.99981 -0.00387 -0.01899 -0.99962 -0.01952 -0.01951 -0.97968 0.17954 0.08936 -0.98917 0.11478 0.09152 -0.99285 0.09488 0.07241 -0.99608 0.04944 0.07336 -0.99792 0.03805 0.0521 -0.99856 0.01199 0.05237 -0.99942 0.00873 0.03278 -0.99897 -0.02446 0.03821 -0.9996 0.00784 0.02702 -0.9996 -0.00784 0.02702 -0.99989 -0.00567 0.01401 -0.99985 0.01598 0.0069 -0.99956 -0.01991 -0.02189 -0.9995 -0.0229 -0.02201 -0.99969 -0.02012 -0.01436 -0.9993 -0.03684 -0.00578 -0.99729 -0.07317 -0.00715 -0.99734 -0.0725 -0.00696 -0.98982 -0.14197 -0.00971 -0.9349 -0.35438 -0.01935 -0.98414 -0.17696 -0.01226 -0.97946 -0.20141 -0.00989 -0.99161 -0.12908 -0.00699 -0.98858 -0.15063 -0.00346 -0.82563 -0.56356 -0.02729 -0.9238 -0.38244 -0.01806 -0.91335 -0.40682 -0.01714 -0.91339 -0.40673 -0.01702 -0.90145 -0.4326 -0.01601 -0.9015 -0.43249 -0.01589 -0.84173 -0.53926 -0.02635 -0.81915 -0.57301 -0.02565 -0.8192 -0.57293 -0.02554 -0.79872 -0.60118 -0.0249 -0.79892 -0.60094 -0.02461 -0.77863 -0.62702 -0.02399 -0.7671 -0.64109 -0.02361 -0.78028 -0.62504 -0.02197 -0.88932 -0.45704 -0.0148 -0.88926 -0.45716 -0.01491 -0.971 -0.23902 -0.0059 -0.97056 -0.24072 -0.00818 -0.97288 -0.23123 -0.0067 -0.97829 -0.20704 -0.00907 -0.97804 -0.20813 -0.01096 -0.92383 -0.38238 -0.01797 -0.93498 -0.3542 -0.01901 -0.84176 -0.53922 -0.02627 -0.80118 -0.59776 -0.02824 -0.80223 -0.59634 -0.02837 -0.68453 -0.72848 -0.027 -0.72465 -0.68852 -0.02858 -0.72469 -0.68847 -0.0288 -0.76803 -0.63969 -0.03053 -0.76809 -0.6396 -0.03068 -0.77928 -0.62608 -0.02747 -0.76867 -0.63911 -0.02617 -0.76847 -0.63931 -0.027 -0.72514 -0.68813 -0.02548 -0.72522 -0.68805 -0.02531 -0.68602 -0.72719 -0.02394 -0.98244 -0.18653 0.00301 -0.84766 -0.53042 -0.01147 -0.84674 -0.53188 -0.01164 -0.95869 -0.28444 -0.00086 -0.82352 -0.5672 -0.00982 -0.82342 -0.56735 -0.00984 -0.95056 -0.31053 0.00179 -0.95052 -0.31066 0.00177 -0.97898 -0.20388 0.0062 -0.8005 -0.59928 -0.00812 -0.7995 -0.6006 -0.00828 -0.94231 -0.33472 0.00426 -0.94226 -0.33485 0.00424 -0.97525 -0.22091 0.00906 -0.97523 -0.22103 0.00904 -0.98776 -0.15552 0.01166 -0.77795 -0.6283 -0.00653 -0.77694 -0.62954 -0.00669 -0.93353 -0.35843 0.0067 -0.93349 -0.35855 0.00668 -0.97153 -0.23661 0.01195 -0.97133 -0.23745 0.0118 -0.98464 -0.17402 0.01437 -0.98886 -0.14753 0.01999 -0.98727 -0.15738 0.02301 -0.99519 -0.09462 0.02531 -0.99268 -0.11532 0.03592 -0.99747 -0.06043 0.03754 -0.99587 -0.07478 0.0514 -0.99791 -0.03808 0.05214 -0.99608 -0.04942 0.07333 -0.99716 -0.01529 0.07369 -0.99548 -0.01856 0.09314 -0.99548 0.01837 0.09314 -0.82453 -0.56516 -0.02715 -0.80286 -0.59558 -0.02644 -0.80176 -0.59707 -0.0263 -0.78023 -0.62497 -0.0256 -0.78017 -0.62504 -0.02559 -0.74835 -0.66285 -0.02455 -0.74849 -0.6627 -0.02436 -0.70761 -0.70623 -0.02303 -0.70771 -0.70613 -0.02294 -0.6691 -0.74286 -0.02169 -0.66933 -0.74266 -0.02152 -0.63411 -0.77297 -0.02039 -0.63425 -0.77286 -0.02031 -0.58483 -0.81094 -0.01872 -0.58656 -0.8097 -0.01854 -0.52999 -0.84784 -0.01675 -0.53159 -0.84684 -0.01658 -0.48409 -0.87489 -0.0151 -0.48514 -0.87431 -0.01499 -0.42687 -0.90422 -0.01319 -0.42984 -0.90281 -0.01296 -0.57251 -0.81958 -0.02278 -0.603 -0.79738 -0.024 -0.60465 -0.79612 -0.02422 -0.63601 -0.77126 -0.02547 -0.63782 -0.76976 -0.0257 -0.67342 -0.73876 -0.02714 -0.68436 -0.72859 -0.0285 -0.70445 -0.70915 -0.02933 -0.7045 -0.7091 -0.02946 -0.73549 -0.67684 -0.03076 -0.74689 -0.66418 -0.03213 -0.9911 -0.13299 0.00512 -0.99221 -0.12436 0.00726 -0.99646 -0.0836 0.00876 -0.8656 -0.50057 -0.01289 -0.96387 -0.26636 -0.00293 -0.95837 -0.28552 -0.00102 -0.98247 -0.18641 0.00303 -0.97881 -0.2047 0.00605 -0.99148 -0.12994 0.00901 -0.98903 -0.14706 0.01363 -0.99685 -0.07761 0.01617 -0.99515 -0.09514 0.02516 -0.99843 -0.04939 0.02651 -0.99745 -0.0607 0.03745 -0.9988 -0.03091 0.03806 -0.9979 -0.0384 0.0521 -0.99856 -0.01184 0.05237 -0.99716 -0.0154 0.07368 -0.99716 0.01529 0.07368 -0.99548 0.01856 0.09315 -0.99394 0.05899 0.09271 -0.99987 -0.01505 0.00655 -0.99987 -0.01456 0.00665 -0.99953 -0.02994 0.00631 -0.99955 -0.02913 0.00647 -0.99617 -0.08726 0.00469 -0.9939 -0.11026 -6E-05 -0.99503 -0.09961 0.00034 -0.99507 -0.09915 0.00046 -0.98348 -0.18098 -0.00276 -0.98586 -0.16757 -0.00011 -0.96564 -0.25986 -0.00384 -0.9633 -0.26839 -0.00514 -0.87811 -0.47825 -0.01393 -0.87819 -0.47811 -0.01382 -0.73486 -0.67785 -0.02262 -0.73683 -0.67576 -0.02089 -0.726 -0.68734 -0.02215 -0.68566 -0.72762 -0.02092 -0.68581 -0.72748 -0.0209 -0.64885 -0.76066 -0.01978 -0.65016 -0.75955 -0.01964 -0.61567 -0.78778 -0.01859 -0.63993 -0.76827 -0.01601 -0.58517 -0.81072 -0.01749 -0.55617 -0.8309 -0.01662 -0.75573 -0.65486 -0.00521 -0.73349 -0.67969 -0.00395 -0.91725 -0.39816 0.0113 -0.90847 -0.41774 0.01333 -0.8927 -0.45046 0.01307 -0.90054 -0.4345 0.01536 -0.88756 -0.46034 0.01806 -0.88772 -0.46002 0.01809 -0.9638 -0.26567 -0.0226 -0.9638 -0.26567 -0.02248 -0.90485 -0.42478 -0.02859 -0.90484 -0.4248 -0.02847 -0.88957 -0.45584 -0.02963 -0.88952 -0.45594 -0.02962 -0.86801 -0.49557 -0.03109 -0.86696 -0.49742 -0.03096 -0.8465 -0.53142 -0.03221 -0.84438 -0.53479 -0.03195 -0.82324 -0.56673 -0.03313 -0.82228 -0.56812 -0.03301 -0.80266 -0.59547 -0.03403 -0.79127 -0.61055 -0.03341 -0.79053 -0.61155 -0.03258 -0.80173 -0.59682 -0.03202 -0.8038 -0.59402 -0.03227 -0.82427 -0.56534 -0.0312 -0.82417 -0.56548 -0.03118 -0.84417 -0.53524 -0.03005 -0.84522 -0.53357 -0.03018 -0.86761 -0.49642 -0.02879 -0.8687 -0.4945 -0.02893 -0.88581 -0.46321 -0.02776 -0.8858 -0.46322 -0.02787 -0.95547 -0.29431 -0.02138 -0.95546 -0.29433 -0.0215 -0.98949 -0.14378 -0.01549 -0.98938 -0.14426 -0.01775 -0.99048 -0.13665 -0.01645 -0.99364 -0.11098 -0.01889 -0.99358 -0.11104 -0.02145 -0.9877 -0.15462 -0.02324 -0.99165 -0.12662 -0.02452 -0.9764 -0.21414 -0.02806 -0.98052 0.19094 -0.04601 -0.98956 0.13643 -0.04644 -0.99034 0.13071 -0.0463 -0.9961 0.07496 -0.04657 -0.99677 0.06567 -0.04631 -0.99888 0.00931 -0.04641 -0.9989 0.0069 -0.04634 -0.9977 -0.04951 -0.04628 -0.99741 -0.05526 -0.04609 -0.99214 -0.1164 -0.04585 -0.99148 -0.12201 -0.04564 -0.98328 -0.17639 -0.04526 -0.9823 -0.18182 -0.04504 -0.96991 -0.23939 -0.04447 -0.96939 -0.24149 -0.04437 -0.95551 -0.29171 -0.04374 -0.95401 -0.29661 -0.04349 -0.93795 -0.34412 -0.04276 -0.93626 -0.34873 -0.04251 -0.99386 0.09827 -0.0508 -0.99788 0.04036 -0.051 -0.9981 0.03477 -0.05085 -0.99843 -0.0235 -0.05087 -0.99819 -0.03257 -0.05059 -0.99464 -0.09033 -0.05041 -0.99445 -0.09235 -0.05034 -0.98756 -0.14908 -0.04999 -0.98624 -0.15769 -0.04966 -0.97588 -0.2127 -0.04914 -0.97548 -0.21456 -0.04906 -0.96237 -0.2674 -0.0484 -0.96016 -0.27528 -0.04803 -0.94441 -0.32536 -0.04724 -0.94286 -0.32987 -0.04701 -0.92505 -0.37704 -0.04612 -0.92334 -0.38123 -0.04588 -0.90394 -0.42529 -0.04492 -0.90211 -0.4292 -0.04467 -0.98819 0.14539 -0.04841 -0.99483 0.08906 -0.04873 -0.99533 0.08335 -0.04859 -0.9986 0.02066 -0.04875 -0.99864 0.01844 -0.04868 -0.99806 -0.03891 -0.04865 -0.99768 -0.04801 -0.04836 -0.99389 -0.09933 -0.04818 -0.99333 -0.10488 -0.04798 -0.98501 -0.16578 -0.04758 -0.98411 -0.17114 -0.04736 -0.97326 -0.22487 -0.04684 -0.97281 -0.22684 -0.04675 -0.95793 -0.2833 -0.04604 -0.95649 -0.28816 -0.0458 -0.94046 -0.33691 -0.04503 -0.93883 -0.34145 -0.04479 -0.92091 -0.38728 -0.04394 -0.91915 -0.39148 -0.04369 -0.99848 0.0044 -0.05497 -0.99696 -0.05531 -0.05489 -0.99687 -0.05697 -0.05484 -0.99109 -0.12151 -0.05452 -0.99002 -0.13009 -0.05421 -0.98273 -0.17703 -0.05382 -0.98121 -0.18539 -0.05349 -0.96912 -0.24086 -0.05283 -0.96794 -0.2456 -0.05262 -0.95299 -0.29855 -0.0518 -0.9516 -0.30299 -0.05159 -0.93424 -0.35303 -0.05065 -0.93267 -0.35719 -0.05042 -0.91342 -0.40402 -0.04938 -0.91055 -0.41049 -0.04899 -0.89177 -0.44994 -0.04798 -0.88997 -0.45352 -0.04775 -0.86834 -0.49377 -0.04659 -0.86522 -0.49926 -0.0462 -0.99725 0.05181 -0.05305 -0.99856 -0.00727 -0.05312 -0.99847 -0.01628 -0.05286 -0.99578 -0.07513 -0.05272 -0.99537 -0.08051 -0.05254 -0.98974 -0.133 -0.05225 -0.98904 -0.13816 -0.05206 -0.9785 -0.1997 -0.0515 -0.97748 -0.2047 -0.05129 -0.96592 -0.25383 -0.05069 -0.96383 -0.26172 -0.05033 -0.94839 -0.31321 -0.04952 -0.94691 -0.31769 -0.0493 -0.92928 -0.36621 -0.04838 -0.92763 -0.37039 -0.04814 -0.90826 -0.41574 -0.04714 -0.90648 -0.41963 -0.0469 -0.88581 -0.46178 -0.04583 -0.88396 -0.46533 -0.0456 -0.95324 -0.30043 -0.03278 -0.94738 -0.31854 -0.03179 -0.92959 -0.36705 -0.03361 -0.92867 -0.36939 -0.03347 -0.91151 -0.4098 -0.03497 -0.91059 -0.41185 -0.03484 -0.89201 -0.45055 -0.03625 -0.89109 -0.45238 -0.03613 -0.87227 -0.48759 -0.0374 -0.87024 -0.49122 -0.03714 -0.85052 -0.52455 -0.03833 -0.78888 -0.61334 -0.03853 -0.77454 -0.63145 -0.03685 -0.77586 -0.62978 -0.03763 -0.73123 -0.6812 -0.03547 -0.73096 -0.6815 -0.03528 -0.79116 -0.61028 -0.04022 -0.79307 -0.60779 -0.04044 -0.81076 -0.58404 -0.0396 -0.8127 -0.58131 -0.03984 -0.84313 -0.53583 -0.0449 -0.845 -0.53286 -0.04512 -0.8613 -0.50618 -0.0442 -0.86446 -0.50072 -0.04459 -0.88083 -0.47143 -0.04357 -0.88152 -0.47012 -0.04366 -0.89786 -0.43823 -0.04252 -0.89975 -0.43431 -0.04277 -0.91657 -0.39772 -0.04145 -0.91839 -0.39348 -0.0417 -0.93382 -0.35546 -0.0403 -0.93557 -0.35082 -0.04055 -0.95074 -0.30754 -0.03892 -0.95146 -0.30528 -0.03904 -0.96471 -0.26067 -0.03731 -0.96907 -0.24382 -0.03813 -0.96832 -0.24694 -0.037 -0.98104 -0.19015 -0.03748 -0.9811 -0.18982 -0.03759 -0.99066 -0.13096 -0.03796 -0.9907 -0.13061 -0.03806 -0.9968 -0.07019 -0.03829 -0.99682 -0.0698 -0.03839 -0.99922 -0.00857 -0.03848 -0.99922 -0.00722 -0.03881 -0.99806 0.04871 -0.03876 -0.99803 0.04917 -0.03886 -0.99255 0.11555 -0.03865 -0.99249 0.11601 -0.03874 -0.98925 0.14101 -0.03862 -0.98577 0.16346 -0.03923 -0.97481 0.21965 -0.0388 -0.97418 0.22241 -0.03887 -0.96026 0.27646 -0.03831 -0.95949 0.27911 -0.03837 -0.94301 0.33061 -0.03771 -0.94211 0.33316 -0.03777 -0.81871 -0.57255 -0.04347 -0.8206 -0.56983 -0.0437 -0.83735 -0.54499 -0.04284 -0.83926 -0.54203 -0.04307 -0.85629 -0.51477 -0.04212 -0.85949 -0.50939 -0.04251 -0.87664 -0.47935 -0.04146 -0.8774 -0.47795 -0.04155 -0.89457 -0.44509 -0.04038 -0.89538 -0.44346 -0.04049 -0.91232 -0.4076 -0.03919 -0.91419 -0.40335 -0.03945 -0.93056 -0.36416 -0.03801 -0.93138 -0.36203 -0.03813 -0.9476 -0.31736 -0.03645 -0.94925 -0.31237 -0.03671 -0.96332 -0.26608 -0.03494 -0.96404 -0.26344 -0.03507 -0.9736 -0.22579 -0.03359 -0.97365 -0.22556 -0.03371 -0.98052 -0.19372 -0.03244 -0.98056 -0.1935 -0.03256 -0.98487 -0.17039 -0.03162 -0.9849 -0.17019 -0.03175 -0.99214 -0.12158 -0.02974 -0.99224 -0.12072 -0.02966 -0.99735 -0.06746 -0.0274 -0.9972 -0.06944 -0.02768 -0.99933 -0.02606 -0.02579 -0.99944 -0.01843 -0.02795 -0.99956 -0.02008 -0.02184 -0.99961 -0.00878 -0.02663 -0.99966 0.00172 -0.0262 -0.99928 0.017 -0.03403 -0.99895 0.01564 -0.04311 -0.99783 0.05111 -0.0415 -0.99684 0.06523 -0.04526 -0.99485 0.09135 -0.04394 -0.99318 0.10693 -0.04639 -0.9876 0.15072 -0.04397 -0.98408 0.17171 -0.0458 -0.96695 0.25166 -0.04088 -0.95786 0.28416 -0.04194 -0.91247 0.4078 -0.03304 -0.89489 0.44507 -0.03281 -0.80829 -0.58698 -0.04612 -0.79217 -0.60869 -0.0442 -0.79461 -0.60545 -0.04512 -0.85644 -0.51389 -0.04927 -0.85466 -0.51687 -0.04905 -0.83999 -0.54031 -0.04986 -0.83693 -0.54506 -0.04948 -0.82249 -0.56656 -0.05021 -0.81942 -0.57102 -0.04984 -0.80529 -0.59073 -0.05051 -0.86753 -0.49347 -0.06235 -0.87176 -0.48589 -0.06289 -0.88326 -0.46474 -0.06212 -0.88745 -0.45663 -0.06266 -0.89886 -0.43384 -0.06182 -0.90291 -0.42529 -0.06236 -0.91414 -0.40072 -0.06143 -0.9168 -0.39453 -0.06179 -0.9272 -0.36958 -0.06083 -0.92975 -0.36308 -0.06119 -0.94029 -0.33504 -0.06008 -0.94269 -0.32816 -0.06043 -0.95314 -0.29668 -0.05915 -0.95635 -0.28608 -0.05965 -0.96541 -0.25412 -0.05831 -0.96737 -0.24647 -0.05865 -0.97546 -0.21264 -0.05718 -0.97644 -0.20803 -0.05736 -0.84457 -0.53202 -0.06046 -0.84891 -0.525 -0.06101 -0.86032 -0.50617 -0.06034 -0.86317 -0.50125 -0.06071 -0.87528 -0.47989 -0.05994 -0.87954 -0.47197 -0.06049 -0.89101 -0.45005 -0.0597 -0.8938 -0.44442 -0.06006 -0.90578 -0.4196 -0.05915 -0.90981 -0.41072 -0.05969 -0.92149 -0.38394 -0.05868 -0.92413 -0.37749 -0.05905 -0.93542 -0.34877 -0.05794 -0.93678 -0.34505 -0.05814 -0.94706 -0.31596 -0.05698 -0.94942 -0.30872 -0.05734 -0.95998 -0.27442 -0.05595 -0.963 -0.26352 -0.05645 -0.81867 -0.57128 -0.05846 -0.82151 -0.56715 -0.05881 -0.83391 -0.54883 -0.05818 -0.83969 -0.53986 -0.0589 -0.85164 -0.52088 -0.05824 -0.85314 -0.5184 -0.05843 -0.86524 -0.49803 -0.05771 -0.86954 -0.49041 -0.05826 -0.88232 -0.46714 -0.05743 -0.8852 -0.46161 -0.0578 -0.89791 -0.43648 -0.0569 -0.90205 -0.4278 -0.05744 -0.91452 -0.40059 -0.05644 -0.91726 -0.39422 -0.05681 -0.92937 -0.36493 -0.05571 -0.93196 -0.3582 -0.05608 -0.94351 -0.32676 -0.05486 -0.94491 -0.32266 -0.05507 -0.92481 -0.37662 -0.05377 -0.92209 -0.38328 -0.05339 -0.90908 -0.41304 -0.05449 -0.9075 -0.41653 -0.05428 -0.89492 -0.4428 -0.05523 -0.89201 -0.44868 -0.05485 -0.87928 -0.47304 -0.05572 -0.87634 -0.47851 -0.05534 -0.86292 -0.50221 -0.05617 -0.85996 -0.5073 -0.0558 -0.84731 -0.52808 -0.05652 -0.84293 -0.5351 -0.05597 -0.82911 -0.55621 -0.0567 -0.82475 -0.5627 -0.05616 -0.81315 -0.57928 -0.05673 -0.81025 -0.58337 -0.05637 -0.79764 -0.60044 -0.05696 -0.77938 -0.62407 -0.05579 -0.75347 -0.65521 -0.05461 -0.7906 -0.60964 -0.0573 -0.7255 -0.68645 -0.04938 -0.73303 -0.67818 -0.05227 -0.74299 -0.66719 -0.05318 -0.76508 -0.64181 -0.0523 -0.77381 -0.63119 -0.05308 -0.7923 -0.60789 -0.05229 -0.79525 -0.60399 -0.05265 -0.80849 -0.5862 -0.05204 -0.81148 -0.58203 -0.0524 -0.82504 -0.56269 -0.05175 -0.82945 -0.55613 -0.05229 -0.84402 -0.53383 -0.05153 -0.84708 -0.52893 -0.0519 -0.86113 -0.50581 -0.05111 -0.86285 -0.50284 -0.05132 -0.87699 -0.47785 -0.05046 -0.88002 -0.47221 -0.05084 -0.74349 -0.66697 -0.04869 -0.77266 -0.63308 -0.0469 -0.78022 -0.62367 -0.04781 -0.7517 -0.65784 -0.04682 -0.73958 -0.67141 -0.0473 -0.74711 -0.66295 -0.0482 -0.72019 -0.69217 -0.04717 -0.70417 -0.70843 -0.04776 -0.7172 -0.69517 -0.04864 -0.68571 -0.72641 -0.04617 -0.68412 -0.72792 -0.04598 -0.70378 -0.70898 -0.04526 -0.71056 -0.70215 -0.04584 -0.73577 -0.67575 -0.04488 -0.74473 -0.66581 -0.04563 -0.76548 -0.6419 -0.0448 -0.78036 -0.6236 -0.04658 -0.77826 -0.62626 -0.04583 -0.64386 -0.76393 -0.04304 -0.64961 -0.75901 -0.04374 -0.67237 -0.73897 -0.04292 -0.67796 -0.7338 -0.0436 -0.70376 -0.70916 -0.04265 -0.70855 -0.70433 -0.04322 -0.73029 -0.68182 -0.0424 -0.73137 -0.68064 -0.0428 -0.74759 -0.66282 -0.04216 -0.74843 -0.66185 -0.04249 -0.59629 -0.80189 -0.03753 -0.60093 -0.79839 -0.03811 -0.62348 -0.78095 -0.03729 -0.62699 -0.77811 -0.03772 -0.83376 -0.55004 -0.04785 -0.82931 -0.55678 -0.04732 -0.81346 -0.57963 -0.04809 -0.81036 -0.58398 -0.04772 -0.79569 -0.60377 -0.0484 -0.79403 -0.60596 -0.0482 -0.78816 -0.61356 -0.04846 -0.79069 -0.61023 -0.04925 -0.77533 -0.62958 -0.04991 -0.77395 -0.63131 -0.04949 -0.75915 -0.64898 -0.0501 -0.76199 -0.64558 -0.05093 -0.75124 -0.65803 -0.05135 -0.741 -0.66961 -0.05043 -0.7191 -0.69301 -0.05127 -0.6981 -0.7143 -0.04935 -0.69948 -0.71293 -0.04952 -0.66347 -0.74673 -0.04697 -0.65702 -0.75246 -0.04618 -0.62297 -0.78102 -0.04378 -0.61711 -0.7857 -0.04306 -0.68844 -0.72457 -0.03234 -0.70093 -0.71242 -0.03383 -0.71744 -0.69583 -0.03316 -0.7501 -0.66042 -0.03466 -0.75047 -0.65998 -0.03495 -0.78287 -0.62111 -0.03646 -0.78482 -0.61863 -0.03669 -0.80637 -0.59021 -0.0377 -0.80836 -0.58747 -0.03794 -0.82998 -0.55643 -0.03896 -0.83077 -0.55524 -0.03905 -0.57437 -0.81813 -0.02772 -0.60452 -0.79605 -0.02917 -0.60679 -0.79432 -0.02946 -0.64039 -0.76742 -0.03109 -0.64289 -0.76532 -0.03139 -0.67832 -0.73402 -0.03312 -0.69126 -0.72177 -0.03469 -0.71261 -0.70065 -0.03576 -0.71303 -0.70021 -0.03601 -0.74394 -0.66718 -0.03757 -0.75823 -0.6508 -0.03927 -0.5301 -0.84756 -0.02508 -0.50276 -0.8641 -0.02379 -0.49087 -0.87095 -0.02203 -0.45067 -0.89246 -0.02022 -0.4485 -0.89356 -0.01987 -0.51507 -0.85661 -0.03036 -0.55601 -0.83053 -0.03277 -0.55931 -0.8283 -0.03319 -0.47693 -0.87839 -0.03102 -0.52755 -0.84883 -0.03431 -0.52886 -0.84799 -0.03485 -0.57163 -0.81965 -0.03767 -0.57635 -0.81631 -0.03827 -0.59172 -0.80537 -0.03539 -0.58762 -0.80838 -0.03487 -0.56662 -0.82321 -0.03566 -0.54671 -0.83667 -0.03314 -0.54879 -0.83526 -0.03407 -0.51773 -0.85494 -0.03214 -0.50155 -0.86461 -0.02995 -0.45963 -0.88769 -0.02745 -0.45522 -0.88998 -0.02682 -0.42055 -0.90693 -0.02478 -0.41552 -0.90933 -0.02155 -0.44992 -0.89277 -0.02334 -0.45303 -0.89118 -0.0238 -0.49352 -0.86935 -0.02593 -0.50729 -0.86133 -0.02786 -0.53666 -0.84328 -0.02947 -0.53722 -0.84291 -0.02992 -0.58094 -0.8133 -0.03236 -0.58414 -0.81099 -0.03276 -0.61524 -0.78758 -0.03451 -0.61829 -0.78518 -0.03488 -0.6521 -0.75724 -0.03679 -0.6565 -0.7534 -0.03732 -0.84848 -0.52786 -0.03808 -0.82933 -0.55751 -0.03722 -0.82732 -0.56052 -0.03697 -0.80388 -0.59371 -0.03593 -0.80304 -0.59485 -0.03583 -0.77059 -0.6364 -0.03438 -0.77026 -0.63682 -0.03407 -0.73659 -0.67556 -0.03258 -0.74562 -0.66552 -0.03367 -0.7076 -0.70589 -0.03195 -0.70405 -0.70944 -0.0317 -0.67701 -0.73534 -0.03048 -0.67419 -0.73795 -0.03014 -0.63918 -0.76853 -0.02857 -0.6366 -0.77068 -0.02825 -0.60422 -0.79637 -0.02681 -0.60228 -0.79784 -0.02656 -0.57316 -0.81906 -0.02528 -0.55739 -0.82993 -0.02319 -0.57102 -0.82063 -0.02258 -0.53032 -0.84754 -0.02097 -0.90345 -0.4255 -0.05232 -0.90179 -0.42902 -0.0521 -0.88777 -0.45722 -0.0531 -0.88347 -0.46554 -0.05255 -0.86929 -0.4914 -0.05346 -0.8663 -0.49669 -0.05308 -0.8529 -0.5193 -0.05386 -0.85126 -0.522 -0.05366 -0.83801 -0.54294 -0.05438 -0.8336 -0.54974 -0.05383 -0.82056 -0.56896 -0.05449 -0.81761 -0.57323 -0.05413 -0.80419 -0.59185 -0.05476 -0.81164 -0.58149 -0.05567 -0.78325 -0.61931 -0.05449 -0.77254 -0.63259 -0.05495 -0.79333 -0.60617 -0.05643 -0.78803 -0.61302 -0.05667 -0.80715 -0.58739 -0.05902 -0.8284 -0.55686 -0.06057 -0.83268 -0.55037 -0.06111 -0.85178 -0.52015 -0.06251 -0.85605 -0.51303 -0.06305 -0.87877 -0.47283 -0.06473 -0.88153 -0.46762 -0.06509 -0.9957 -0.04606 -0.08039 -0.98839 -0.137 -0.06575 -0.98365 -0.16705 -0.06727 -0.99044 -0.12019 -0.06773 -0.98614 -0.15071 -0.06933 -0.99166 -0.10841 -0.06972 -0.98788 -0.13785 -0.07132 -0.9924 -0.10006 -0.07165 -0.98902 -0.12836 -0.07324 -0.99219 -0.10081 -0.07347 -0.98894 -0.12797 -0.07504 -0.99369 -0.08303 -0.0754 -0.99046 -0.11408 -0.07728 -0.99451 -0.07025 -0.07759 -0.99199 -0.09827 -0.07939 -0.99812 -0.00233 -0.06118 -0.99737 -0.03582 -0.06308 -0.99795 0.01056 -0.06312 -0.99757 -0.02478 -0.06519 -0.99773 0.01682 -0.0652 -0.99765 -0.01395 -0.06707 -0.99749 0.02286 -0.06706 -0.99758 -0.00815 -0.06899 -0.99733 0.0238 -0.06898 -0.99745 -0.00743 -0.07097 -0.99683 0.03615 -0.07093 -0.99732 0.00372 -0.0731 -0.99617 0.04817 -0.07302 -0.99701 0.01773 -0.07517 -0.99711 0.01059 -0.07518 -0.99696 0.01333 -0.07678 -0.99656 -0.02345 -0.07946 -0.99651 -0.02057 -0.08092 -0.99521 -0.07804 -0.05893 -0.99418 -0.09039 -0.05854 -0.99006 -0.12704 -0.06037 -0.98946 -0.13173 -0.06021 -0.98431 -0.16525 -0.06183 -0.98294 -0.17333 -0.06153 -0.97632 -0.20693 -0.0631 -0.97388 -0.21825 -0.06264 -0.9665 -0.24855 -0.064 -0.96549 -0.2525 -0.06383 -0.9574 -0.28133 -0.06509 -0.95326 -0.29522 -0.06444 -0.94391 -0.32362 -0.06564 -0.94163 -0.33027 -0.0653 -0.93223 -0.35573 -0.06635 -0.92857 -0.36526 -0.06583 -0.91878 -0.38909 -0.06679 -0.91495 -0.39809 -0.06626 -0.9054 -0.41923 -0.06709 -0.90143 -0.42779 -0.06655 -0.89064 -0.44968 -0.0674 -0.99381 -0.09061 -0.06434 -0.98994 -0.12511 -0.06615 -0.99472 -0.07818 -0.06647 -0.99178 -0.10833 -0.06811 -0.99548 -0.06594 -0.06836 -0.99286 -0.09649 -0.07009 -0.99579 -0.05883 -0.07029 -0.9935 -0.08817 -0.072 -0.99555 -0.06069 -0.07215 -0.99331 -0.08883 -0.07382 -0.99628 -0.04419 -0.07405 -0.99429 -0.07491 -0.07597 -0.9966 -0.03162 -0.07614 -0.99502 -0.06186 -0.07814 -0.99467 -0.06737 -0.07812 -0.99476 -0.06408 -0.07961 -0.99173 -0.0987 -0.08199 -0.99196 -0.09517 -0.08345 -0.96742 -0.24352 -0.0693 -0.96559 -0.25075 -0.06899 -0.95838 -0.27674 -0.07019 -0.95536 -0.28712 -0.06971 -0.94754 -0.3117 -0.0708 -0.94425 -0.32165 -0.07031 -0.93594 -0.34486 -0.07132 -0.93117 -0.35767 -0.07063 -0.92199 -0.38055 -0.0716 -0.91826 -0.38955 -0.07107 -0.90927 -0.40995 -0.07192 -0.90399 -0.42158 -0.0712 -0.89481 -0.44061 -0.07198 -0.97391 -0.21476 -0.07329 -0.97148 -0.22565 -0.07285 -0.96504 -0.25139 -0.07412 -0.96227 -0.26195 -0.07366 -0.95556 -0.28517 -0.07478 -0.95141 -0.29886 -0.07413 -0.94416 -0.3208 -0.07515 -0.94084 -0.33052 -0.07465 -0.93279 -0.35238 -0.07565 -0.92797 -0.36504 -0.07495 -0.92 -0.38452 -0.07583 -0.91491 -0.39661 -0.07511 -0.90671 -0.41487 -0.07591 -0.9716 -0.22562 -0.07142 -0.96904 -0.23647 -0.07097 -0.96243 -0.26175 -0.07217 -0.95954 -0.27228 -0.0717 -0.95194 -0.29749 -0.07287 -0.94765 -0.31103 -0.07221 -0.93987 -0.33359 -0.07323 -0.93643 -0.34323 -0.07272 -0.92828 -0.3645 -0.07366 -0.92468 -0.37365 -0.07314 -0.91627 -0.39367 -0.07401 -0.91112 -0.40557 -0.07329 -0.90248 -0.42431 -0.07409 -0.9766 -0.20081 -0.07701 -0.97348 -0.21563 -0.07643 -0.96777 -0.23955 -0.07768 -0.96414 -0.25396 -0.07707 -0.95778 -0.27667 -0.07823 -0.95373 -0.29049 -0.07758 -0.94718 -0.31092 -0.0786 -0.94396 -0.32069 -0.07811 -0.93708 -0.34006 -0.07906 -0.87676 -0.47616 -0.06756 -0.87264 -0.48375 -0.06702 -0.86232 -0.50183 -0.0677 -0.8566 -0.51161 -0.06696 -0.84688 -0.52747 -0.06756 -0.8427 -0.5342 -0.06702 -0.83256 -0.54979 -0.0676 -0.81523 -0.57522 -0.06721 -0.97512 -0.20856 -0.07515 -0.97275 -0.21949 -0.07472 -0.96703 -0.2431 -0.07592 -0.96432 -0.25375 -0.07546 -0.95804 -0.27622 -0.07658 -0.95399 -0.29008 -0.07593 -0.9468 -0.31248 -0.07702 -0.94357 -0.32222 -0.07653 -0.93638 -0.34234 -0.07748 -0.93166 -0.35513 -0.07679 -0.92608 -0.36929 -0.07745 -0.92659 -0.368 -0.07758 -0.91762 -0.38961 -0.07859 -0.80023 -0.59595 -0.06695 -0.97858 -0.19004 -0.07921 -0.97655 -0.20054 -0.07839 -0.97068 -0.22673 -0.07984 -0.96861 -0.23567 -0.07911 -0.96208 -0.26064 -0.08046 -0.95937 -0.2707 -0.07961 -0.95159 -0.29651 -0.08097 -0.94814 -0.30763 -0.07999 -0.94049 -0.32998 -0.08114 -0.93719 -0.33947 -0.08027 -0.92881 -0.36151 -0.08138 -0.95425 -0.28654 -0.08545 -0.95585 -0.2807 -0.08692 -0.96358 -0.25353 -0.0851 -0.96478 -0.24847 -0.0864 -0.97164 -0.22082 -0.08452 -0.97265 -0.21584 -0.08583 -0.979 -0.18587 -0.08376 -0.9798 -0.181 -0.08508 -0.98525 -0.14969 -0.08288 -0.98581 -0.14528 -0.08412 -0.99014 -0.11365 -0.08186 -0.99052 -0.10941 -0.08311 -0.99379 -0.07654 -0.0807 -0.99398 -0.07278 -0.08188 -0.99604 -0.03991 -0.07941 -0.99609 -0.03514 -0.081 -0.99692 -0.00096 -0.07842 -0.99671 -0.02031 -0.07841 -0.99683 -0.00916 -0.07902 -0.81481 -0.57612 -0.06452 -0.82061 -0.56776 -0.06526 -0.83063 -0.55306 -0.06472 -0.83486 -0.54658 -0.06526 -0.84562 -0.52986 -0.06465 -0.85139 -0.52044 -0.06539 -0.97872 0.19431 -0.06599 -0.97999 0.18789 -0.06567 -0.98483 0.15953 -0.06824 -0.98613 0.15149 -0.06785 -0.99 0.12225 -0.07043 -0.99099 0.11414 -0.07002 -0.99362 0.08644 -0.07241 -0.9942 0.07983 -0.07207 -0.99589 0.0515 -0.07446 -0.99639 0.0417 -0.07395 -0.99699 0.01396 -0.07622 -0.99712 0.00412 -0.0757 -0.9967 -0.02296 -0.07787 -0.99647 -0.03277 -0.07733 -0.99509 -0.05907 -0.07939 -0.99451 -0.06883 -0.07883 -0.99236 -0.09328 -0.08071 -0.99129 -0.10459 -0.08004 -0.9881 -0.13018 -0.08197 -0.98662 -0.14137 -0.08127 -0.98279 -0.165 -0.08302 -0.98095 -0.17596 -0.08231 -0.97667 -0.19767 -0.08389 -0.97448 -0.20849 -0.08316 -0.96925 -0.23103 -0.08478 -0.96635 -0.24317 -0.08391 -0.96103 -0.26294 -0.08532 -0.95823 -0.27321 -0.08456 -0.95229 -0.29283 -0.08594 -0.94825 -0.30596 -0.08492 -0.94194 -0.32452 -0.08622 -0.93811 -0.33566 -0.08531 -0.93154 -0.3532 -0.08654 -0.65321 -0.75439 -0.06486 -0.70366 -0.70709 -0.06987 -0.70436 -0.70638 -0.06999 -0.85083 -0.52076 -0.07004 -0.84662 -0.52766 -0.06927 -0.83879 -0.53988 -0.07038 -0.8353 -0.54536 -0.06975 -0.82762 -0.5568 -0.07082 -0.8234 -0.56311 -0.07006 -0.81562 -0.57421 -0.07113 -0.81067 -0.58128 -0.07024 -0.80308 -0.5916 -0.07128 -0.79814 -0.59835 -0.0704 -0.79105 -0.60758 -0.07135 -0.78612 -0.61404 -0.07048 -0.77897 -0.62297 -0.07144 -0.77413 -0.62908 -0.07059 -0.76721 -0.6374 -0.07152 -0.76161 -0.64418 -0.07053 -0.75519 -0.65161 -0.0714 -0.75041 -0.6572 -0.07056 -0.74395 -0.66441 -0.07144 -0.73849 -0.67057 -0.07048 -0.73252 -0.677 -0.07131 -0.72639 -0.68369 -0.07023 -0.72215 -0.6881 -0.07082 -0.91976 -0.38279 -0.08669 -0.91422 -0.3961 -0.08548 -0.90725 -0.41159 -0.08658 -0.90208 -0.42302 -0.08549 -0.89501 -0.43757 -0.08654 -0.99493 -0.06783 -0.07422 -0.99329 -0.08972 -0.07294 -0.99049 -0.11542 -0.07495 -0.98949 -0.12395 -0.07443 -0.98594 -0.14865 -0.07634 -0.98468 -0.15705 -0.07581 -0.98064 -0.1798 -0.07755 -0.97915 -0.18797 -0.07701 -0.97418 -0.21156 -0.0788 -0.97172 -0.22285 -0.07802 -0.96639 -0.24445 -0.07965 -0.96402 -0.25382 -0.07897 -0.95825 -0.27436 -0.08051 -0.95519 -0.28506 -0.07971 -0.94878 -0.30533 -0.08122 -0.94544 -0.31573 -0.0804 -0.93897 -0.33413 -0.08178 -0.9354 -0.34419 -0.08095 -0.9287 -0.36159 -0.08225 -0.92492 -0.37134 -0.08141 -0.91806 -0.38774 -0.08265 -0.9135 -0.39856 -0.08167 -0.90622 -0.41459 -0.0829 -0.90147 -0.42502 -0.08191 -0.8944 -0.43949 -0.08303 -0.8895 -0.44951 -0.08204 -0.88243 -0.46304 -0.0831 -0.87671 -0.47398 -0.08197 -0.86934 -0.4872 -0.08303 -0.86419 -0.49644 -0.08203 -0.85748 -0.50778 -0.08296 -0.85156 -0.51782 -0.08183 -0.84434 -0.52937 -0.08281 -0.98172 -0.17203 -0.08139 -0.9798 -0.18304 -0.08059 -0.9742 -0.21017 -0.08219 -0.97157 -0.22239 -0.08125 -0.96544 -0.24718 -0.08268 -0.96313 -0.25625 -0.08195 -0.95673 -0.27881 -0.08322 -0.95333 -0.29051 -0.08225 -0.94612 -0.31286 -0.08348 -0.94284 -0.32284 -0.08261 -0.93522 -0.34401 -0.08377 -0.93315 -0.34964 -0.08358 -0.94489 -0.31574 -0.0865 -0.95621 -0.28025 -0.08437 -0.95735 -0.27591 -0.08573 -0.96532 -0.2472 -0.08397 -0.96627 -0.24298 -0.08534 -0.97376 -0.21174 -0.08339 -0.97452 -0.20766 -0.08477 -0.98091 -0.17595 -0.08275 -0.98142 -0.17254 -0.08397 -0.98684 -0.13944 -0.08181 -0.98641 -0.14333 -0.08033 -0.98719 -0.13779 -0.08039 -0.99087 -0.10953 -0.07863 -0.98505 -0.1535 -0.07817 -0.98922 -0.12489 -0.07649 -0.98346 -0.16437 -0.07605 -0.9874 -0.13952 -0.07466 -0.98311 -0.16722 -0.07434 -0.98747 -0.13999 -0.07286 -0.98141 -0.17772 -0.07241 -0.98622 -0.14949 -0.07093 -0.97995 -0.18638 -0.07048 -0.98494 -0.15851 -0.06906 -0.97636 -0.20502 -0.06846 -0.98232 -0.17483 -0.06698 -0.8466 -0.52744 -0.07117 -0.83793 -0.54104 -0.07172 -0.8523 -0.51794 -0.07295 -0.8473 -0.52603 -0.07329 -0.8595 -0.50616 -0.07113 -0.85072 -0.52071 -0.07171 -0.86889 -0.48956 -0.07325 -0.85957 -0.50565 -0.07391 -0.8737 -0.48064 -0.07513 -0.86571 -0.49478 -0.07574 -0.88628 -0.45662 -0.07754 -0.87643 -0.47511 -0.07838 -0.89938 -0.4297 -0.08044 -0.89076 -0.44714 -0.0813 -0.90574 -0.41569 -0.08267 -0.8974 -0.43323 -0.0836 -0.72546 -0.68531 -0.06369 -0.72965 -0.68076 -0.06456 -0.92686 -0.36555 -0.08547 -0.94571 -0.31309 -0.08721 -0.94739 -0.30757 -0.08858 -0.93535 -0.34319 -0.08563 -0.92393 -0.37241 -0.08756 -0.92603 -0.36683 -0.08893 -0.88968 -0.44851 -0.08544 -0.88935 -0.45165 -0.07124 -0.88006 -0.46938 -0.07196 -0.89714 -0.43562 -0.07335 -0.88835 -0.45315 -0.07409 -0.90144 -0.42633 -0.07518 -0.89354 -0.44251 -0.07589 -0.91353 -0.39931 -0.07759 -0.90346 -0.4214 -0.07861 -0.92529 -0.37062 -0.08051 -0.91701 -0.39046 -0.0815 -0.93119 -0.35501 -0.08276 -0.92326 -0.37491 -0.08383 -0.93464 -0.34533 -0.08486 -0.92232 -0.37656 -0.0867 -0.91145 -0.40239 -0.08568 -0.68044 -0.7303 -0.06051 -0.67134 -0.73876 -0.05938 -0.66156 -0.74742 -0.06086 -0.65291 -0.75508 -0.05977 -0.64403 -0.76255 -0.06117 -0.63353 -0.77141 -0.05981 -0.62541 -0.77789 -0.06116 -0.61544 -0.78591 -0.05984 -0.60829 -0.79136 -0.0611 -0.59806 -0.79922 -0.05973 -0.59268 -0.80315 -0.06073 -0.64537 -0.761 -0.06613 -0.63301 -0.77145 -0.06446 -0.69734 -0.71321 -0.07101 -0.68391 -0.72628 -0.0692 -0.77581 -0.62619 -0.07748 -0.79118 -0.60639 -0.07955 -0.79976 -0.59518 -0.07843 -0.80593 -0.58664 -0.07956 -0.81286 -0.57712 -0.07865 -0.81906 -0.56813 -0.07979 -0.82586 -0.55833 -0.07888 -0.83125 -0.55013 -0.07988 -0.83821 -0.53961 -0.07894 -0.84435 -0.52977 -0.08009 -0.85172 -0.518 -0.07907 -0.85703 -0.50901 -0.08007 -0.86418 -0.49693 -0.07905 -0.86874 -0.48877 -0.07993 -0.87598 -0.47586 -0.07886 -0.88115 -0.46605 -0.07987 -0.88871 -0.45166 -0.07871 -0.89306 -0.44284 -0.07958 -0.90031 -0.42812 -0.07841 -0.90458 -0.41888 -0.07928 -0.91178 -0.40318 -0.07805 -0.91587 -0.39363 -0.07892 -0.92327 -0.37624 -0.07757 -0.9272 -0.36627 -0.07844 -0.93442 -0.34776 -0.07701 -0.93758 -0.33897 -0.07774 -0.94402 -0.32092 -0.07636 -0.94649 -0.31342 -0.07696 -0.95322 -0.29272 -0.07538 -0.95646 -0.28174 -0.07622 -0.96277 -0.25983 -0.07455 -0.96486 -0.25181 -0.07513 -0.9705 -0.22966 -0.07344 -0.73248 -0.67679 -0.07365 -0.74663 -0.66093 -0.07555 -0.75452 -0.65203 -0.07449 -0.7607 -0.64468 -0.07559 -0.76714 -0.63711 -0.07473 -0.77338 -0.62939 -0.07585 -0.78004 -0.62123 -0.07496 -0.78554 -0.61413 -0.07595 -0.79183 -0.6061 -0.07511 -0.79735 -0.5987 -0.0761 -0.80441 -0.5893 -0.07516 -0.80998 -0.5815 -0.07616 -0.81721 -0.57141 -0.07519 -0.82275 -0.56327 -0.0762 -0.82986 -0.55288 -0.07522 -0.83466 -0.54549 -0.07611 -0.84224 -0.53385 -0.07505 -0.84702 -0.5261 -0.07594 -0.85441 -0.51417 -0.07489 -0.85913 -0.50612 -0.07578 -0.86663 -0.49333 -0.07468 -0.8706 -0.48617 -0.07544 -0.87818 -0.47252 -0.07429 -0.88209 -0.46506 -0.07505 -0.89004 -0.44988 -0.0738 -0.89452 -0.44074 -0.07469 -0.90245 -0.4245 -0.07338 -0.90619 -0.41633 -0.07414 -0.91375 -0.3997 -0.07282 -0.91675 -0.39265 -0.07345 -0.92454 -0.37422 -0.07199 -0.86396 -0.49634 -0.08499 -0.86958 -0.48622 -0.0861 -0.83758 -0.5402 -0.08153 -0.83279 -0.54745 -0.08216 -0.81262 -0.57711 -0.08116 -0.81122 -0.57912 -0.0809 -0.80689 -0.58505 -0.08146 -0.88536 -0.45701 -0.0853 -0.90162 -0.42334 -0.0887 -0.89929 -0.42852 -0.08742 -0.8764 -0.474 -0.08519 -0.88258 -0.46215 -0.08643 -0.81586 -0.57393 -0.07056 -0.80745 -0.58564 -0.07104 -0.83542 -0.54468 -0.0735 -0.82536 -0.55972 -0.07415 -0.85708 -0.5094 -0.077 -0.84727 -0.52544 -0.07774 -0.87167 -0.48352 -0.07998 -0.86258 -0.49943 -0.08077 -0.87879 -0.47005 -0.08228 -0.87033 -0.48541 -0.08311 -0.8745 -0.47977 -0.07122 -0.86518 -0.49628 -0.07188 -0.88285 -0.46388 -0.07335 -0.87449 -0.47937 -0.07399 -0.88812 -0.45343 -0.07515 -0.87924 -0.4703 -0.07588 -0.89914 -0.43072 -0.0776 -0.8902 -0.44877 -0.07842 -0.91221 -0.40175 -0.08036 -0.90331 -0.42121 -0.08133 -0.91846 -0.38678 -0.08269 -0.91027 -0.40548 -0.08369 -0.90811 -0.41033 -0.08349 -0.90996 -0.40595 -0.08477 -0.89684 -0.43384 -0.08641 -0.83222 -0.54988 -0.07097 -0.82318 -0.56325 -0.07151 -0.8498 -0.52192 -0.07383 -0.84006 -0.53736 -0.07448 -0.87124 -0.48474 -0.07725 -0.8618 -0.50121 -0.078 -0.88554 -0.4576 -0.08015 -0.87645 -0.47464 -0.08099 -0.89211 -0.44424 -0.08244 -0.88366 -0.46066 -0.08332 -0.881 -0.46577 -0.08307 -0.88318 -0.46139 -0.08433 -0.87004 -0.48547 -0.08577 -0.80165 -0.59294 -0.076 -0.80377 -0.59001 -0.07643 -0.81312 -0.57714 -0.0758 -0.81863 -0.56915 -0.07691 -0.82775 -0.55589 -0.07628 -0.84188 -0.53337 -0.08212 -0.70265 -0.70868 -0.06371 -0.70168 -0.70966 -0.06351 -0.78081 -0.62143 -0.06448 -0.78399 -0.61734 -0.06516 -0.77308 -0.6309 -0.06569 -0.7688 -0.6362 -0.06478 -0.75823 -0.64871 -0.06528 -0.60936 -0.79023 -0.06492 -0.65472 -0.75264 -0.06975 -0.64162 -0.764 -0.06794 -0.63508 -0.76935 -0.06905 -0.57753 -0.81395 -0.0628 -0.57038 -0.81905 -0.06179 -0.53684 -0.84168 -0.05815 -0.55819 -0.82748 -0.06081 -0.62184 -0.78026 -0.06719 -0.61585 -0.7849 -0.06828 -0.57367 -0.81661 -0.0636 -0.53952 -0.83978 -0.06073 -0.50776 -0.8596 -0.05715 -0.50198 -0.86288 -0.05881 -0.80579 -0.58627 -0.0836 -0.78813 -0.61013 -0.08116 -0.77827 -0.6225 -0.08237 -0.76182 -0.64282 -0.08009 -0.75266 -0.65338 -0.08123 -0.74158 -0.66632 -0.07799 -0.72523 -0.68432 -0.07574 -0.71665 -0.69318 -0.07693 -0.70085 -0.70938 -0.07473 -0.69312 -0.71682 -0.07585 -0.67627 -0.73298 -0.07348 -0.66936 -0.73919 -0.07454 -0.65404 -0.753 -0.07236 -0.64777 -0.7583 -0.07337 -0.57817 -0.81321 -0.06638 -0.56471 -0.82277 -0.06441 -0.5605 -0.82557 -0.06537 -0.74295 -0.66465 -0.07916 -0.75918 -0.64567 -0.08216 -0.77175 -0.63076 -0.08082 -0.7871 -0.61113 -0.08369 -0.80055 -0.59359 -0.08225 -0.81518 -0.57293 -0.08502 -0.82911 -0.55282 -0.0835 -0.84322 -0.5306 -0.08622 -0.85773 -0.50711 -0.08455 -0.87601 -0.47416 -0.08821 -0.87318 -0.47961 -0.08684 -0.84017 -0.53584 -0.08356 -0.84846 -0.52207 -0.08693 -0.83435 -0.54477 -0.08423 -0.84148 -0.53383 -0.08332 -0.84806 -0.52311 -0.08457 -0.85469 -0.51234 -0.0837 -0.86122 -0.50107 -0.08497 -0.86853 -0.48846 -0.08398 -0.87422 -0.47801 -0.0851 -0.88125 -0.4651 -0.0841 -0.88682 -0.45419 -0.08522 -0.89355 -0.44099 -0.08422 -0.89894 -0.42968 -0.08533 -0.90621 -0.41435 -0.08419 -0.91078 -0.40401 -0.08515 -0.91767 -0.38836 -0.084 -0.92266 -0.3761 -0.0851 -0.92939 -0.35944 -0.08388 -0.93352 -0.34833 -0.08482 -0.9403 -0.32995 -0.08348 -0.94419 -0.31841 -0.08442 -0.95016 -0.30048 -0.08311 -0.95328 -0.29019 -0.08391 -0.95942 -0.26969 -0.08241 -0.96268 -0.25752 -0.08331 -0.96812 -0.23677 -0.08178 -0.97065 -0.2259 -0.08254 -0.9756 -0.20411 -0.08093 -0.97748 -0.19465 -0.08157 -0.98188 -0.17184 -0.07986 -0.98374 -0.1605 -0.08059 -0.98747 -0.1367 -0.07878 -0.99006 -0.11559 -0.08008 -0.99346 -0.08369 -0.07762 -0.99445 -0.0707 -0.07795 -0.99595 -0.04778 -0.07614 -0.99647 -0.03456 -0.07645 -0.99716 -0.01095 -0.07455 -0.9972 -0.00198 -0.07474 -0.99708 0.02335 -0.07266 -0.99666 0.03687 -0.07291 -0.99558 0.06165 -0.07082 -0.99463 0.07522 -0.07104 -0.99245 0.10155 -0.06877 -0.99146 0.11071 -0.0689 -0.98842 0.1363 -0.06664 -0.72739 -0.68225 -0.07378 -0.74465 -0.6631 -0.07615 -0.7563 -0.64988 -0.07532 -0.77237 -0.63042 -0.07751 -0.78491 -0.61486 -0.07661 -0.80132 -0.59302 -0.07884 -0.6991 -0.71156 -0.07034 -0.71562 -0.69471 -0.07259 -0.72722 -0.68263 -0.07184 -0.74354 -0.66458 -0.07405 -0.75633 -0.65008 -0.07323 -0.77232 -0.63074 -0.07538 -0.77987 -0.62144 -0.0749 -0.81239 -0.57787 -0.07803 -0.79534 -0.60172 -0.07329 -0.79002 -0.60882 -0.07222 -0.78059 -0.62079 -0.07277 -0.77526 -0.62756 -0.0717 -0.76342 -0.64183 -0.07238 -0.74846 -0.65943 -0.07039 -0.73496 -0.67437 -0.07116 -0.7205 -0.68999 -0.06923 -0.70809 -0.70265 -0.06995 -0.69264 -0.71809 -0.06786 -0.6813 -0.72879 -0.06854 -0.59079 -0.80473 -0.05804 -0.60313 -0.7954 -0.05973 -0.68849 -0.72175 -0.07105 -0.71108 -0.69927 -0.07338 -0.71718 -0.69289 -0.07453 -0.738 -0.67035 -0.07741 -0.74868 -0.65849 -0.07656 -0.76651 -0.63735 -0.07902 -0.77821 -0.62313 -0.07809 -0.7964 -0.59938 -0.08059 -0.80888 -0.58256 -0.07958 -0.82549 -0.55845 -0.08186 -0.8298 -0.55207 -0.0815 -0.82514 -0.5594 -0.07881 -0.82717 -0.55642 -0.07865 -0.83284 -0.54773 -0.07979 -0.84179 -0.53398 -0.07909 -0.6828 -0.7266 -0.07632 -0.72311 -0.6862 -0.07898 -0.69291 -0.71704 -0.07568 -0.69781 -0.7124 -0.07442 -0.73432 -0.67427 -0.07832 -0.74083 -0.66718 -0.07771 -0.75603 -0.64957 -0.08055 -0.7695 -0.6337 -0.07932 -0.78455 -0.6146 -0.08216 -0.79898 -0.5959 -0.08085 -0.813 -0.57625 -0.08353 -0.82808 -0.55456 -0.08211 -0.84158 -0.53344 -0.08476 -0.85511 -0.5117 -0.08341 -0.85298 -0.5154 -0.08233 -0.85562 -0.51097 -0.08259 -0.86408 -0.49666 -0.08181 -0.8474 -0.52487 -0.08023 -0.85645 -0.51007 -0.07949 -0.83261 -0.54844 -0.07728 -0.84187 -0.53422 -0.07661 -0.81077 -0.5807 -0.07378 -0.82066 -0.56671 -0.07317 -0.54952 -0.83361 -0.05583 -0.56109 -0.82576 -0.05745 -0.64707 -0.75945 -0.06737 -0.63833 -0.76675 -0.06803 -0.65742 -0.75026 -0.07007 -0.63197 -0.77219 -0.0658 -0.61655 -0.78473 -0.06365 -0.61035 -0.78953 -0.06411 -0.60886 -0.7907 -0.06382 -0.59831 -0.79865 -0.06467 -0.64643 -0.75966 -0.07104 -0.63193 -0.77201 -0.06831 -0.62177 -0.78013 -0.06928 -0.63613 -0.76924 -0.06015 -0.64916 -0.75813 -0.06189 -0.66182 -0.74716 -0.06126 -0.67412 -0.73594 -0.06289 -0.68155 -0.72909 -0.06254 -0.78114 -0.62143 -0.0604 -0.78533 -0.61608 -0.06092 -0.79647 -0.60165 -0.06041 -0.80221 -0.59391 -0.06112 -0.72154 -0.69023 -0.05435 -0.82522 -0.56086 -0.06666 -0.80499 -0.58971 -0.06503 -0.80082 -0.59543 -0.0645 -0.78071 -0.62173 -0.06288 -0.78658 -0.61421 -0.06362 -0.57689 -0.81565 -0.04365 -0.57083 -0.81995 -0.04288 -0.52797 -0.84834 -0.03966 -0.52546 -0.84993 -0.0389 -0.80947 -0.58338 -0.06647 -0.79123 -0.60806 -0.06497 -0.78554 -0.61546 -0.06425 -0.75998 -0.64697 -0.06216 -0.75206 -0.65612 -0.06251 -0.75647 -0.65098 -0.06307 -0.73092 -0.67968 -0.06158 -0.72401 -0.68701 -0.06188 -0.75449 -0.65314 -0.06449 -0.82605 -0.56004 -0.06315 -0.82178 -0.56635 -0.06261 -0.81077 -0.58195 -0.06317 -0.805 -0.58998 -0.06245 -0.79482 -0.60357 -0.06294 -0.77626 -0.62749 -0.06062 -0.78527 -0.61597 -0.06267 -0.76529 -0.64087 -0.06015 -0.7512 -0.65727 -0.06076 -0.74006 -0.66989 -0.05965 -0.72369 -0.68749 -0.06033 -0.70967 -0.70207 -0.05891 -0.70289 -0.70883 -0.0592 -0.70955 -0.70204 -0.06061 -0.68225 -0.72867 -0.05981 -0.68294 -0.72801 -0.05996 -0.68884 -0.72245 -0.05971 -0.73952 -0.67007 -0.0641 -0.74377 -0.66527 -0.06499 -0.71276 -0.69927 -0.05469 -0.69495 -0.71714 -0.05249 -0.70607 -0.70599 -0.05515 -0.68709 -0.72465 -0.05278 -0.66891 -0.74142 -0.05347 -0.66066 -0.74885 -0.05243 -0.64399 -0.76319 -0.05307 -0.63499 -0.77078 -0.05193 -0.61976 -0.78303 -0.05253 -0.6113 -0.78973 -0.05144 -0.59779 -0.79996 -0.052 -0.58868 -0.80677 -0.05081 -0.57635 -0.81559 -0.05135 -0.5483 -0.83503 -0.04577 -0.55375 -0.83138 -0.04649 -0.49862 -0.86583 -0.04155 -0.51355 -0.85697 -0.04312 -0.53015 -0.84684 -0.0424 -0.55384 -0.83138 -0.04554 -0.55064 -0.83355 -0.04472 -0.44043 -0.89723 -0.0316 -0.41457 -0.90946 -0.03173 -0.43426 -0.90027 -0.03072 -0.38503 -0.9225 -0.02724 -0.4079 -0.91266 -0.02601 -0.37193 -0.92796 -0.02371 -0.37173 -0.92813 -0.01994 -0.39429 -0.9188 -0.01862 -0.35523 -0.93463 -0.01637 -0.31684 -0.94829 -0.01883 -0.3575 -0.93367 -0.02124 -0.33211 -0.94296 -0.02285 -0.38358 -0.92313 -0.0264 -0.36459 -0.93076 -0.02751 -0.40826 -0.91235 -0.03081 -0.6113 -0.78928 -0.05793 -0.60812 -0.79176 -0.0575 -0.61981 -0.78269 -0.05692 -0.63101 -0.77357 -0.05841 -0.64376 -0.76304 -0.05782 -0.6549 -0.75338 -0.05928 -0.66284 -0.74644 -0.05893 -0.71181 -0.69952 -0.06328 -0.71596 -0.69519 -0.06413 -0.56743 -0.82153 -0.05578 -0.56644 -0.82222 -0.05564 -0.57306 -0.81765 -0.05527 -0.61332 -0.78762 -0.05915 -0.62503 -0.77823 -0.06073 -0.50837 -0.85971 -0.04957 -0.53036 -0.84617 -0.05214 -0.54524 -0.83671 -0.05126 -0.56763 -0.82152 -0.05379 -0.58218 -0.81133 -0.05307 -0.59172 -0.80431 -0.05434 -0.60363 -0.79545 -0.05379 -0.61374 -0.78758 -0.05512 -0.62697 -0.77713 -0.05454 -0.63705 -0.7688 -0.05585 -0.65171 -0.75645 -0.05524 -0.6617 -0.74764 -0.05652 -0.67792 -0.73301 -0.05587 -0.6871 -0.72433 -0.05703 -0.70472 -0.70724 -0.05633 -0.71509 -0.69665 -0.05764 -0.73022 -0.68083 -0.05704 -0.73261 -0.6782 -0.05759 -0.74437 -0.66532 -0.05711 -0.74722 -0.66206 -0.05778 -0.76002 -0.64737 -0.05725 -0.76247 -0.64444 -0.05783 -0.42537 -0.90413 -0.04021 -0.43797 -0.89801 -0.04205 -0.45145 -0.89134 -0.04115 -0.46438 -0.88459 -0.04299 -0.4809 -0.87577 -0.04205 -0.50354 -0.86279 -0.04518 -0.49043 -0.87047 -0.04196 -0.51282 -0.85732 -0.04501 -0.52093 -0.85243 -0.04462 -0.47007 -0.88148 -0.04513 -0.48587 -0.87275 -0.04738 -0.50144 -0.86394 -0.04642 -0.51775 -0.85415 -0.04868 -0.5334 -0.84451 -0.04786 -0.5391 -0.8408 -0.04914 -0.55247 -0.83212 -0.04849 -0.54915 -0.83436 -0.04774 -0.55447 -0.83084 -0.0475 -0.56217 -0.8256 -0.04852 -0.57474 -0.81693 -0.04798 -0.58295 -0.81102 -0.04905 -0.59696 -0.8008 -0.04849 -0.60397 -0.79548 -0.04939 -0.61956 -0.78343 -0.04879 -0.62764 -0.77691 -0.04981 -0.64475 -0.76281 -0.04918 -0.65212 -0.75646 -0.0501 -0.4311 -0.9012 -0.04469 -0.61266 -0.78896 -0.04673 -0.60541 -0.7946 -0.04581 -0.58944 -0.80648 -0.04642 -0.56392 -0.8247 -0.04315 -0.5674 -0.82227 -0.04405 -0.50962 -0.85949 -0.03956 -0.51522 -0.85607 -0.0412 -0.49448 -0.86834 -0.0384 -0.473 -0.88018 -0.03941 -0.46284 -0.88563 -0.038 -0.44539 -0.89449 -0.03894 -0.43505 -0.89963 -0.03747 -0.42077 -0.90636 -0.03835 -0.4106 -0.91107 -0.03687 -0.39888 -0.91623 -0.03771 -0.38669 -0.92161 -0.0333 -0.38251 -0.9234 -0.03198 -0.36775 -0.92934 -0.03302 -0.3735 -0.92698 -0.03477 -0.38872 -0.92065 -0.03619 -0.38407 -0.92258 -0.03658 -0.4143 -0.90921 -0.04108 -0.44155 -0.89617 -0.04378 -0.45724 -0.88815 -0.04607 -0.50804 -0.85981 -0.05119 -0.50234 -0.86322 -0.05 -0.52856 -0.8472 -0.0537 -0.53378 -0.84394 -0.05335 -0.56937 -0.82011 -0.0569 -0.58161 -0.81136 -0.0586 -0.88654 -0.4578 -0.06686 -0.86789 -0.49242 -0.06545 -0.86224 -0.50234 -0.06472 -0.84099 -0.53736 -0.06313 -0.83668 -0.5441 -0.06258 -0.81733 -0.57291 -0.06113 -0.81304 -0.57904 -0.0606 -0.77693 -0.62692 -0.05791 -0.7745 -0.62998 -0.05732 -0.74339 -0.66659 -0.05501 -0.74875 -0.66051 -0.05567 -0.71316 -0.69899 -0.05303 -0.70384 -0.70844 -0.05215 -0.67866 -0.73273 -0.05028 -0.67143 -0.73942 -0.04939 -0.63736 -0.76914 -0.04688 -0.63078 -0.77459 -0.04607 -0.59873 -0.79975 -0.04372 -0.59329 -0.80383 -0.04304 -0.54741 -0.83592 -0.03971 -0.54506 -0.83749 -0.03898 -0.49121 -0.87034 -0.03512 -0.49546 -0.86786 -0.03668 -0.47804 -0.87767 -0.0343 -0.45529 -0.88964 -0.03536 -0.44732 -0.89372 -0.03424 -0.42879 -0.90272 -0.03521 -0.40107 -0.91551 -0.03122 -0.40409 -0.91415 -0.03222 -0.34686 -0.93751 -0.02766 -0.3506 -0.93606 -0.02931 -0.53061 -0.84736 -0.02074 -0.50422 -0.8633 -0.02196 -0.55707 -0.83011 -0.02426 -0.53013 -0.84754 -0.02543 -0.57232 -0.81957 -0.02745 -0.56069 -0.82755 -0.02793 -0.57854 -0.8151 -0.0302 -0.60914 -0.79243 -0.0318 -0.61222 -0.79003 -0.03219 -0.64462 -0.76375 -0.03389 -0.64802 -0.76085 -0.0343 -0.68487 -0.72776 -0.03625 -0.68858 -0.72423 -0.0367 -0.71615 -0.6969 -0.03816 -0.72067 -0.69221 -0.03852 -0.75783 -0.6512 -0.0405 -0.75028 -0.65993 -0.03961 -0.78387 -0.61955 -0.04138 -0.7822 -0.6217 -0.04062 -0.79618 -0.60358 -0.04227 -0.81317 -0.58055 -0.04147 -0.81508 -0.57785 -0.0417 -0.83254 -0.55246 -0.04081 -0.83451 -0.54947 -0.04105 -0.8523 -0.52152 -0.04006 -0.8555 -0.51622 -0.04046 -0.87347 -0.48528 -0.03936 -0.87429 -0.48379 -0.03947 -0.89228 -0.44986 -0.03825 -0.89314 -0.44813 -0.03837 -0.91092 -0.41093 -0.03702 -0.91284 -0.40662 -0.03728 -0.93078 -0.36384 -0.03571 -0.93165 -0.36159 -0.03584 -0.94708 -0.31917 -0.03424 -0.9479 -0.3167 -0.03438 -0.95935 -0.28027 -0.03299 -0.9594 -0.28009 -0.0331 -0.96794 -0.24915 -0.0319 -0.96798 -0.24898 -0.03202 -0.97354 -0.22638 -0.03114 -0.97357 -0.22622 -0.03126 -0.98591 -0.16479 -0.0288 -0.98538 -0.16788 -0.02912 -0.99492 -0.09722 -0.0262 -0.99498 -0.09665 -0.02612 -0.99689 -0.07464 -0.02519 -0.99859 -0.04904 -0.02041 -0.9979 -0.06219 -0.01829 -0.99505 -0.09782 -0.01736 -0.99632 -0.08455 -0.01433 -0.99413 -0.1077 -0.01056 -0.98548 -0.16928 -0.01304 -0.98396 -0.17782 -0.01445 -0.94552 -0.32492 -0.02031 -0.94551 -0.32496 -0.02041 -0.8661 -0.49914 -0.02714 -0.86612 -0.4991 -0.02703 -0.84835 -0.52868 -0.02815 -0.84725 -0.53045 -0.02801 -0.82426 -0.56545 -0.02934 -0.82213 -0.56856 -0.02907 -0.79972 -0.59961 -0.03027 -0.78843 -0.61445 -0.0289 -0.78862 -0.61417 -0.02968 -0.74599 -0.66537 -0.02808 -0.746 -0.66537 -0.02783 -0.70422 -0.70949 -0.02627 -0.70427 -0.70945 -0.02612 -0.6848 -0.72829 -0.0254 -0.67455 -0.73784 -0.02409 -0.63998 -0.76805 -0.02286 -0.63885 -0.76899 -0.02271 -0.6067 -0.79464 -0.02157 -0.60496 -0.79597 -0.02133 -0.56057 -0.82787 -0.01976 -0.56093 -0.82763 -0.01955 -0.50861 -0.86081 -0.01772 -0.50897 -0.8606 -0.01755 -0.46515 -0.88509 -0.01604 -0.46078 -0.88734 -0.01777 -0.45288 -0.89142 -0.01635 -0.41485 -0.9097 -0.01838 -0.43733 -0.89902 -0.0224 -0.41306 -0.91046 -0.02115 -0.38747 -0.92161 -0.02252 -0.41702 -0.90857 -0.02424 -0.40627 -0.91342 -0.0248 -0.42867 -0.90302 -0.02808 -0.46499 -0.88479 -0.03046 -0.47983 -0.87676 -0.03252 -0.50786 -0.86075 -0.03442 -0.50947 -0.85978 -0.03504 -0.56663 -0.82305 -0.03898 -0.56356 -0.8252 -0.03798 -0.58751 -0.80818 -0.04099 -0.60679 -0.79384 -0.04029 -0.61151 -0.79018 -0.04087 -0.63257 -0.77346 -0.04011 -0.63713 -0.76969 -0.04067 -0.66149 -0.7489 -0.03979 -0.66647 -0.74444 -0.04039 -0.69312 -0.71974 -0.0394 -0.70669 -0.70634 -0.04103 -0.70139 -0.71172 -0.03874 -0.71451 -0.69846 -0.04029 -0.72898 -0.68339 -0.03973 -0.7662 -0.64124 -0.04176 -0.76703 -0.64023 -0.04211 -0.79928 -0.59936 -0.04388 -0.80239 -0.59516 -0.04425 -0.82317 -0.56598 -0.0454 -0.8263 -0.56137 -0.04577 -0.84912 -0.52611 -0.04704 -0.84965 -0.52524 -0.0471 -0.87205 -0.48701 -0.04834 -0.87513 -0.48143 -0.04873 -0.89486 -0.44356 -0.04983 -0.89661 -0.43999 -0.05006 -0.91723 -0.39506 -0.05121 -0.92001 -0.38849 -0.05159 -0.9373 -0.34454 -0.05256 -0.93985 -0.33745 -0.05293 -0.95529 -0.29074 -0.0538 -0.95754 -0.28316 -0.05416 -0.97195 -0.22866 -0.05497 -0.97302 -0.22403 -0.05517 -0.98346 -0.17234 -0.05576 -0.98429 -0.16748 -0.05595 -0.99246 -0.10883 -0.05641 -0.99371 -0.09654 -0.05682 -0.9975 -0.04179 -0.05704 -0.99769 -0.03669 -0.05719 -0.46954 -0.88111 -0.05637 -0.47377 -0.87879 -0.05719 -0.60175 -0.79593 -0.06627 -0.59645 -0.79983 -0.06731 -0.54428 -0.83666 -0.06142 -0.54129 -0.83853 -0.06215 -0.49957 -0.8643 -0.05849 -0.49645 -0.86613 -0.0579 -0.49445 -0.86723 -0.05852 -0.44519 -0.89378 -0.0545 -0.46584 -0.88298 -0.05775 -0.40829 -0.91145 -0.05062 -0.41032 -0.9106 -0.04953 -0.42605 -0.90321 -0.05202 -0.42979 -0.90152 -0.05035 -0.44579 -0.89358 -0.05282 -0.45059 -0.89127 -0.05102 -0.32886 -0.94344 -0.04219 -0.30294 -0.95222 -0.03887 -0.30417 -0.95189 -0.03731 -0.47265 -0.87974 -0.05149 -0.46662 -0.88285 -0.05342 -0.3813 -0.92342 -0.04366 -0.37903 -0.92429 -0.04491 -0.34916 -0.9361 -0.04244 -0.35383 -0.93431 -0.0432 -0.35198 -0.93494 -0.04469 -0.37443 -0.92604 -0.04754 -0.37446 -0.92602 -0.04754 -0.44169 -0.89541 -0.05608 -0.42181 -0.90514 -0.05287 -0.42018 -0.90585 -0.05377 -0.39902 -0.91548 -0.05174 -0.37337 -0.92642 -0.04841 -0.35755 -0.93272 -0.04692 -0.32816 -0.94364 -0.04306 -0.28615 -0.95738 -0.03919 -0.28708 -0.95719 -0.03717 -0.24126 -0.96996 -0.03124 -0.24175 -0.96988 -0.02965 -0.2317 -0.97239 -0.02785 -0.23627 -0.97128 -0.02813 -0.23904 -0.97071 -0.0239 -0.24713 -0.96867 -0.02459 -0.25274 -0.96733 -0.02002 -0.31528 -0.94867 -0.02497 -0.32637 -0.94503 -0.02015 -0.39687 -0.91755 -0.0245 -0.41597 -0.90917 -0.01933 -0.44865 -0.89346 -0.02085 -0.48525 -0.87412 -0.02116 -0.56045 -0.82783 -0.02444 -0.57197 -0.81997 -0.02239 -0.66455 -0.74679 -0.02602 -0.28719 -0.95707 -0.03933 -0.25905 -0.96516 -0.03671 -0.22468 -0.97391 -0.03184 -0.11697 -0.993 -0.01636 -0.07938 -0.99678 -0.0111 -0.07847 -0.99688 -0.00901 -0.05648 -0.99838 -0.00648 -0.0558 -0.99843 -0.00483 -0.04469 -0.99899 -0.00387 -0.0441 -0.99902 -0.00233 -0.25312 -0.96674 -0.03655 -0.22405 -0.97402 -0.03306 -0.18674 -0.98202 -0.02755 -0.17257 -0.98464 -0.02639 -0.77642 -0.62497 -0.08109 -0.76064 -0.64435 -0.07892 -0.75135 -0.65502 -0.08012 -0.73333 -0.67543 -0.07762 -0.72478 -0.68446 -0.07875 -0.70821 -0.70185 -0.07643 -0.7005 -0.70943 -0.0775 -0.68285 -0.7267 -0.075 -0.67095 -0.73752 -0.07673 -0.6456 -0.76026 -0.07209 -0.63773 -0.76676 -0.07338 -0.62331 -0.77877 -0.07074 -0.61621 -0.78428 -0.07199 -0.6011 -0.79617 -0.0692 -0.59466 -0.80089 -0.07043 -0.58023 -0.81163 -0.06774 -0.57316 -0.81651 -0.06922 -0.70038 -0.70991 -0.07416 -0.68472 -0.72524 -0.07201 -0.67709 -0.73225 -0.07317 -0.66207 -0.74607 -0.07107 -0.65524 -0.75196 -0.07216 -0.64087 -0.76444 -0.07013 -0.63478 -0.7694 -0.07117 -0.61955 -0.78192 -0.06899 -0.61391 -0.78627 -0.07002 -0.59868 -0.79811 -0.06781 -0.58933 -0.80489 -0.06966 -0.56343 -0.82362 -0.06483 -0.5581 -0.82714 -0.06606 -0.54601 -0.83535 -0.06379 -0.54124 -0.83836 -0.06498 -0.52883 -0.84641 -0.06264 -0.5235 -0.84961 -0.06409 -0.49731 -0.86549 -0.06006 -0.49227 -0.86825 -0.0617 -0.67566 -0.73317 -0.07717 -0.63832 -0.76642 -0.07177 -0.62056 -0.78064 -0.0742 -0.58461 -0.8085 -0.06747 -0.57212 -0.8172 -0.06971 -0.66654 -0.74249 -0.06653 -0.65624 -0.75156 -0.06719 -0.67269 -0.73671 -0.06887 -0.66289 -0.74548 -0.06957 -0.6835 -0.72642 -0.07173 -0.67154 -0.73739 -0.07272 -0.68461 -0.72513 -0.07414 -0.67944 -0.72992 -0.07467 -0.64164 -0.76361 -0.07215 -0.63291 -0.77101 -0.07052 -0.62204 -0.77969 -0.07179 -0.52767 -0.84766 -0.05521 -0.519 -0.85294 -0.05596 -0.56474 -0.82302 -0.06089 -0.55421 -0.83007 -0.0619 -0.56436 -0.82312 -0.06304 -0.55258 -0.83096 -0.0645 -0.50947 -0.85879 -0.05405 -0.50014 -0.8642 -0.05494 -0.52591 -0.84858 -0.05777 -0.51582 -0.85467 -0.05894 -0.53504 -0.84261 -0.06114 -0.52304 -0.84998 -0.06304 -0.50387 -0.86164 -0.06073 -0.49591 -0.8661 -0.06282 -0.47139 -0.8799 -0.05971 -0.47182 -0.87968 -0.05956 -0.50348 -0.86174 -0.06262 -0.53216 -0.84405 -0.06619 -0.5422 -0.83781 -0.06403 -0.5765 -0.81426 -0.06808 -0.58685 -0.80695 -0.06663 -0.59657 -0.79969 -0.06774 -0.60761 -0.79144 -0.0666 -0.5767 -0.81451 -0.06321 -0.58633 -0.80767 -0.06236 -0.53743 -0.84137 -0.05716 -0.34994 -0.9356 -0.04692 -0.37843 -0.92418 -0.05185 -0.37978 -0.92369 -0.05071 -0.46635 -0.88266 -0.05859 -0.46938 -0.88112 -0.05761 -0.48709 -0.87131 -0.05979 -0.49675 -0.86596 -0.05792 -0.48132 -0.87475 -0.05612 -0.48935 -0.87035 -0.05499 -0.46849 -0.8819 -0.05265 -0.47752 -0.8771 -0.0516 -0.44954 -0.89194 -0.04858 -0.4539 -0.88975 -0.04815 -0.47579 -0.87817 -0.04932 -0.48009 -0.87578 -0.05023 -0.48396 -0.87366 -0.04991 -0.54694 -0.83527 -0.05641 -0.54551 -0.83622 -0.05612 -0.57475 -0.81611 -0.06024 -0.58271 -0.81049 -0.05967 -0.59613 -0.80053 -0.06154 -0.60496 -0.79392 -0.06095 -0.6185 -0.78327 -0.06282 -0.62829 -0.77549 -0.06222 -0.64188 -0.76412 -0.06407 -0.65288 -0.7548 -0.06344 -0.66717 -0.74203 -0.06537 -0.67893 -0.73134 -0.06473 -0.69244 -0.7184 -0.06653 -0.70575 -0.7054 -0.06584 -0.71986 -0.69081 -0.0677 -0.73144 -0.6786 -0.06711 -0.73642 -0.67309 -0.06811 -0.74587 -0.66265 -0.06763 -0.75091 -0.65683 -0.06864 -0.76069 -0.64553 -0.06814 -0.7652 -0.64008 -0.06906 -0.77483 -0.62844 -0.06856 -0.77934 -0.62273 -0.06949 -0.78924 -0.61019 -0.06896 -0.78559 -0.61497 -0.0682 -0.78972 -0.60969 -0.06799 -0.79697 -0.60007 -0.06892 -0.80568 -0.58838 -0.06846 -0.8114 -0.58038 -0.0692 -0.82083 -0.56703 -0.06867 -0.8282 -0.55609 -0.06963 -0.83778 -0.54163 -0.06906 -0.84348 -0.53261 -0.0698 -0.85265 -0.51788 -0.06923 -0.8568 -0.51091 -0.06978 -0.86659 -0.49421 -0.06913 -0.87223 -0.48408 -0.06987 -0.88149 -0.46709 -0.06921 -0.88556 -0.45926 -0.06975 -0.89532 -0.44004 -0.06899 -0.90074 -0.42873 -0.06972 -0.91034 -0.40809 -0.06889 -0.91286 -0.40237 -0.06924 -0.92229 -0.3804 -0.06834 -0.92726 -0.36801 -0.06904 -0.93632 -0.3445 -0.06806 -0.93981 -0.33476 -0.06857 -0.94841 -0.30976 -0.0675 -0.95163 -0.29963 -0.068 -0.96007 -0.27168 -0.06676 -0.963 -0.26097 -0.06725 -0.97027 -0.23287 -0.06597 -0.97201 -0.2254 -0.06628 -0.9788 -0.19428 -0.06482 -0.98098 -0.18283 -0.06526 -0.98636 -0.15179 -0.06375 -0.98701 -0.14743 -0.0639 -0.99141 -0.11504 -0.06227 -0.99233 -0.10666 -0.06255 -0.99561 -0.07127 -0.06071 -0.99639 -0.0589 -0.06108 -0.998 -0.02232 -0.0591 -0.99809 -0.01735 -0.05923 -0.99819 0.01851 -0.05722 -0.99797 0.02741 -0.05745 -0.99618 0.06769 -0.05509 -0.99552 0.07666 -0.0553 -0.99186 0.11579 -0.05292 -0.99121 0.12118 -0.05304 -0.98571 0.16069 -0.05054 -0.9848 0.16613 -0.05065 -0.97741 0.20584 -0.04804 -0.97624 0.21129 -0.04815 -0.96694 0.25093 -0.04544 -0.9655 0.25639 -0.04555 -0.95433 0.29567 -0.04276 -0.95265 0.30105 -0.04286 -0.93906 0.34142 -0.03988 -0.93821 0.34376 -0.03993 -0.92354 0.3817 -0.03702 -0.9214 0.38683 -0.03713 -0.90443 0.42525 -0.03406 -0.90329 0.42767 -0.03411 -0.88562 0.46337 -0.03116 -0.88436 0.46577 -0.03122 -0.87046 0.49139 -0.02904 -0.86527 0.50034 -0.03109 -0.85157 0.5236 -0.0261 -0.84565 0.53299 -0.02822 -0.87548 0.48213 -0.03283 -0.87527 0.48253 -0.03274 -0.938 0.34383 -0.04404 -0.93841 0.34266 -0.04434 -0.96349 0.26303 -0.0501 -0.96342 0.2633 -0.05002 -0.98153 0.18312 -0.05532 -0.97741 0.20476 -0.05232 -0.98542 0.16096 -0.05505 -0.9855 0.16045 -0.05526 -0.99205 0.11166 -0.05811 -0.99204 0.1117 -0.05819 -0.99625 0.06149 -0.06083 -0.34571 -0.9375 -0.03968 -0.37216 -0.92726 -0.04098 -0.32438 -0.94525 -0.03572 -0.3811 -0.92353 -0.04297 -0.38991 -0.91991 -0.04171 -0.32835 -0.9439 -0.03513 -0.35169 -0.93542 -0.03606 -0.30697 -0.9512 -0.03147 -0.31322 -0.94896 -0.03703 -0.3346 -0.94159 -0.03801 -0.2981 -0.95393 -0.03386 -0.30481 -0.95186 -0.03251 -0.25294 -0.96711 -0.02698 -0.2804 -0.95949 -0.0276 -0.23051 -0.9728 -0.02269 -0.2452 -0.96925 -0.02066 -0.20457 -0.9787 -0.01723 -0.20302 -0.97902 -0.01747 -0.21377 -0.97663 -0.02237 -0.24288 -0.96972 -0.02542 -0.2229 -0.97452 -0.02511 -0.27786 -0.96011 -0.03131 -0.27297 -0.96152 -0.03097 -0.31157 -0.94948 -0.0375 -0.36254 -0.93095 -0.04363 -0.36437 -0.93026 -0.04308 -0.38079 -0.92349 -0.04658 -0.38676 -0.92108 -0.0451 -0.40398 -0.91347 -0.04872 -0.41133 -0.91026 -0.04722 -0.41505 -0.90853 -0.04799 -0.41927 -0.90663 -0.04728 -0.38948 -0.9201 -0.04162 -0.39328 -0.9185 -0.04115 -0.35694 -0.93338 -0.03735 -0.36675 -0.92961 -0.03627 -0.31209 -0.94955 -0.03086 -0.3329 -0.94244 -0.03149 -0.27762 -0.96033 -0.02626 -0.31561 -0.94847 -0.02812 -0.27333 -0.96161 -0.02435 -0.06158 -0.99809 -0.00527 -0.04521 -0.99897 -0.00387 -0.04384 -0.99904 -0.00178 -0.04162 -0.99913 -0.00169 -0.04144 -0.99914 -0.00139 -0.03919 -0.99923 -0.00047 -0.03974 -0.99921 -0.00106 -0.03787 -0.99928 -0.00035 -0.0378 -0.99929 -0.00021 -0.1184 -0.99284 -0.01591 -0.09639 -0.99526 -0.01296 -0.0735 -0.99728 -0.00567 -0.06638 -0.99778 -0.00512 -0.06443 -0.99792 -0.00293 -0.06261 -0.99803 -0.00284 -0.05381 -0.99855 -0.00117 -0.10782 -0.99403 -0.01649 -0.05219 -0.99863 -0.00237 -0.05228 -0.99863 -0.00237 -0.05397 -0.99853 -0.00462 -0.06158 -0.99809 -0.00527 -0.07878 -0.99682 -0.01159 -0.11341 -0.99341 -0.01668 -0.11254 -0.99352 -0.01581 -0.17826 -0.98366 -0.02531 -0.17325 -0.98468 -0.01993 -0.1456 -0.98916 -0.01908 -0.20302 -0.97889 -0.02365 -0.15207 -0.98821 -0.01772 -0.15118 -0.98839 -0.01536 -0.14027 -0.99001 -0.01425 -0.12697 -0.99184 -0.01154 -0.12957 -0.9915 -0.01178 -0.12166 -0.99252 -0.01006 -0.11839 -0.99292 -0.00979 -0.25446 -0.96639 -0.03674 -0.25436 -0.96642 -0.03644 -0.22393 -0.97405 -0.03282 -0.20957 -0.97729 -0.03151 -0.1658 -0.98584 -0.02492 -0.16569 -0.98587 -0.02479 -0.15882 -0.98701 -0.02429 -0.15462 -0.98777 -0.02026 -0.14009 -0.98994 -0.01968 -0.12668 -0.99186 -0.01273 -0.28324 -0.95819 -0.04058 -0.23579 -0.97129 -0.03173 -0.23568 -0.97132 -0.03144 -0.17464 -0.98436 -0.02329 -0.17201 -0.9849 -0.01984 -0.13848 -0.99024 -0.01597 -0.13351 -0.99098 -0.01151 -0.12261 -0.99239 -0.01166 -0.12959 -0.99149 -0.01233 -0.12204 -0.99247 -0.01034 -0.11451 -0.99336 -0.01082 -0.11868 -0.99286 -0.01193 -0.1144 -0.99339 -0.00916 -0.11678 -0.99313 -0.00796 -0.11576 -0.99325 -0.00789 -0.11532 -0.99331 -0.00606 -0.11067 -0.99384 -0.00506 -0.11025 -0.99389 -0.00504 -0.11207 -0.99368 -0.00558 -0.11132 -0.99377 -0.00554 -0.11389 -0.99347 -0.00626 -0.11498 -0.99335 -0.00632 -0.11904 -0.99285 -0.00897 -0.12503 -0.9921 -0.0106 -0.12802 -0.99169 -0.01289 -0.13075 -0.99133 -0.01316 -0.14199 -0.98974 -0.01614 -0.12952 -0.99147 -0.01473 -0.13591 -0.99058 -0.01645 -0.11954 -0.99272 -0.01447 -0.11507 -0.99327 -0.01321 -0.1041 -0.99449 -0.01195 -0.08816 -0.99609 -0.00569 -0.08284 -0.99655 -0.00534 -0.08052 -0.99675 -0.00327 -0.06645 -0.99779 -0.0027 -0.06528 -0.99787 -0.00142 -0.3585 -0.93224 -0.0491 -0.32851 -0.94348 -0.04387 -0.32742 -0.94376 -0.04602 -0.30033 -0.95295 -0.04115 -0.30015 -0.95296 -0.04223 -0.34804 -0.9362 -0.04897 -0.28354 -0.95823 -0.03748 -0.28462 -0.9579 -0.03763 -0.28425 -0.95799 -0.03825 -0.23022 -0.97268 -0.02977 -0.23024 -0.97271 -0.02867 -0.16257 -0.98649 -0.02024 -0.16098 -0.9868 -0.0174 -0.13369 -0.99092 -0.01445 -0.13081 -0.99134 -0.01165 -0.12674 -0.99187 -0.01129 -0.11802 -0.99297 -0.00876 -0.12077 -0.99264 -0.00897 -0.11534 -0.9933 -0.00782 -0.11705 -0.99309 -0.00794 -0.11369 -0.99349 -0.00717 -0.1071 -0.99424 -0.00323 -0.10785 -0.99416 -0.00341 -0.11255 -0.99362 -0.00674 -0.11441 -0.99341 -0.00721 -0.11573 -0.99324 -0.00921 -0.12053 -0.99266 -0.00959 -0.12713 -0.99182 -0.01128 -0.12959 -0.9915 -0.01149 -0.13878 -0.99023 -0.01355 -0.14018 -0.99003 -0.01369 -0.15752 -0.98737 -0.01723 -0.18113 -0.98326 -0.01982 -0.18017 -0.98341 -0.02117 -0.20294 -0.9789 -0.02384 -0.23088 -0.97255 -0.029 -0.26648 -0.96326 -0.03347 -0.26602 -0.96337 -0.03398 -0.35475 -0.93386 -0.04532 -0.3542 -0.93406 -0.04562 -0.40861 -0.91119 -0.05263 -0.40803 -0.91143 -0.05292 -0.42719 -0.90246 -0.05541 -0.42724 -0.90244 -0.05538 -0.37044 -0.92879 -0.01117 -0.37257 -0.92794 -0.01099 -0.35106 -0.93627 -0.01238 -0.35191 -0.93596 -0.01212 -0.31544 -0.94883 -0.01453 -0.33455 -0.94218 -0.01938 -0.31348 -0.94942 -0.01816 -0.28021 -0.95972 -0.02055 -0.33355 -0.94242 -0.02447 -0.28895 -0.95707 -0.02295 -0.33269 -0.94267 -0.02642 -0.31432 -0.94891 -0.0279 -0.34922 -0.93653 -0.031 -0.33554 -0.94147 -0.03225 -0.38633 -0.92161 -0.03714 -0.37473 -0.92634 -0.03823 -0.41612 -0.90832 -0.04246 -0.40761 -0.91213 -0.04333 -0.43141 -0.90099 -0.04586 -0.42347 -0.9047 -0.04681 -0.44698 -0.89318 -0.04941 -0.43971 -0.89672 -0.05042 -0.45658 -0.88814 -0.05235 -0.4502 -0.89133 -0.05345 -0.46233 -0.88501 -0.05489 -0.45988 -0.88625 -0.05546 -0.42044 -0.90578 -0.05282 -0.40358 -0.91361 -0.04937 -0.40174 -0.91438 -0.05003 -0.32372 -0.94529 -0.04031 -0.32435 -0.94509 -0.04003 -0.26762 -0.96296 -0.03303 -0.23342 -0.972 -0.02696 -0.22154 -0.97482 -0.02559 -0.20375 -0.97877 -0.02229 -0.17925 -0.98361 -0.01961 -0.15928 -0.98711 -0.01555 -0.14947 -0.98866 -0.0146 -0.14028 -0.99003 -0.01244 -0.13082 -0.99134 -0.0116 -0.12817 -0.9917 -0.01061 -0.12087 -0.99263 -0.00911 -0.12087 -0.99263 -0.00911 -0.05397 0.99853 -0.00462 -0.06443 0.99792 -0.00293 -0.06638 0.99778 -0.00512 -0.08052 0.99675 -0.00327 -0.08284 0.99655 -0.00534 -0.08913 0.99602 -0.00293 -0.09114 0.99583 -0.00449 -0.09324 0.99564 -0.00178 -0.04078 0.99917 -0.0006 -0.0469 0.9989 -0.0019 -0.04384 0.99904 -0.00178 -0.03907 0.99924 -0.00035 -0.04017 0.99919 -0.00135 -0.03833 0.99926 -0.00129 -0.03933 0.99922 -0.00303 -0.04733 0.99887 -0.00365 -0.06517 -0.99786 -0.00431 -0.05249 -0.99862 -0.00347 -0.0522 -0.99863 -0.00225 -0.05198 -0.99865 -0.00203 -0.05058 -0.99871 0.00476 -0.05044 -0.99871 0.00499 -0.0331 -0.99499 0.09433 -0.03286 -0.99492 0.09515 -0.0194 -0.98625 0.16414 -0.01904 -0.98605 0.16537 -0.00572 -0.97232 0.23358 -0.00524 -0.97194 0.23517 -0.00124 -0.96674 0.25576 0.01922 -0.95224 0.30474 0.03418 -0.92744 0.37241 0.03462 -0.92701 0.37342 0.04919 -0.89705 0.43919 0.04966 -0.89649 0.44027 0.06368 -0.86168 0.50343 0.06417 -0.861 0.50454 0.07763 -0.82134 0.56513 0.0781 -0.82057 0.56618 0.09098 -0.77606 0.62407 0.09146 -0.77517 0.62509 0.10373 -0.72567 0.68018 0.10421 -0.72468 0.68116 0.11568 -0.67073 0.73263 0.11613 -0.66969 0.73351 0.12664 -0.61206 0.78061 0.12706 -0.61099 0.78138 0.13659 -0.5498 0.82405 0.13693 -0.54884 0.82463 0.14547 -0.48412 0.86282 0.14579 -0.48312 0.86333 0.1533 -0.4148 0.89691 0.15355 -0.41394 0.89726 0.15994 -0.34257 0.92578 0.16014 -0.34178 0.92604 0.16527 -0.26877 0.94892 0.16544 -0.26807 0.94909 0.16932 -0.19345 0.96639 0.16943 -0.19296 0.96647 0.17204 -0.11701 0.97812 0.17208 -0.11677 0.97814 0.17341 -0.03928 0.98407 0.17345 -0.0391 0.98407 0.17345 0.03928 0.98406 0.17341 0.0391 0.98407 0.17208 0.117 0.97811 0.17204 0.11677 0.97814 0.16941 0.19344 0.96638 0.16934 0.19296 0.96648 0.1654 0.26877 0.9489 0.16532 0.26808 0.94911 0.16008 0.34256 0.92576 0.16 0.34179 0.92606 0.15347 0.41478 0.89689 0.15339 0.41395 0.89728 0.14567 0.48411 0.8628 0.14559 0.48313 0.86336 0.1368 0.54978 0.82403 0.13673 0.54886 0.82466 0.12688 0.61204 0.78059 0.12682 0.61101 0.7814 0.11593 0.6707 0.73261 0.11588 0.66971 0.73353 0.10399 0.72565 0.68016 0.10395 0.7247 0.68117 0.09123 0.77604 0.62405 0.09121 0.77519 0.6251 0.07787 0.82133 0.56512 0.07786 0.82059 0.56618 0.06392 0.86167 0.50343 0.06392 0.86102 0.50455 0.04942 0.89704 0.43919 0.04943 0.8965 0.44028 0.0344 0.92743 0.37241 0.03441 0.92702 0.37342 0.01901 0.95255 0.30378 0.01903 0.95225 0.30473 0.00354 0.97208 0.23462 0.00356 0.97189 0.23539 -0.01197 0.98622 0.16499 -0.01195 0.98612 0.16558 -0.02751 0.99511 0.09491 -0.0275 0.99507 0.09531 -0.04732 0.99887 0.00498 -0.04738 0.99886 0.00509 -0.04901 0.9988 -0.00202 -0.04916 0.99879 -0.00192 -0.04943 0.99877 -0.00298 -0.17522 -0.98424 -0.02374 -0.12191 -0.9924 -0.01651 -0.1213 -0.99251 -0.01456 -0.07616 -0.99705 -0.00914 -0.07549 -0.99712 -0.00713 -0.05417 -0.99852 -0.00512 -0.05356 -0.99856 -0.00322 -0.0432 -0.99906 -0.0026 -0.04292 -0.99908 -0.00167 -0.0427 -0.99909 -0.00145 -0.04079 -0.99915 0.0053 -0.04065 -0.99916 0.00552 -0.0159 -0.99529 0.09567 -0.01562 -0.99521 0.09646 0.00354 -0.98612 0.16601 0.00396 -0.98592 0.16719 0.02289 -0.97153 0.23582 0.02344 -0.97115 0.23732 0.04215 -0.9514 0.30505 0.04279 -0.95081 0.30681 0.06124 -0.9256 0.37352 0.06196 -0.92476 0.37546 0.07983 -0.89444 0.44 0.08061 -0.89335 0.44208 0.09772 -0.8583 0.50376 0.0985 -0.85698 0.50585 0.11486 -0.81724 0.56474 0.11566 -0.81567 0.56683 0.13123 -0.77126 0.62284 0.132 -0.76953 0.62481 0.1468 -0.72027 0.67798 0.14753 -0.71839 0.67982 0.16132 -0.66492 0.72929 0.16198 -0.66298 0.73091 0.17458 -0.60601 0.77607 0.17516 -0.60406 0.77745 0.18653 -0.54384 0.81819 0.18706 -0.54186 0.81938 0.19723 -0.47827 0.85578 0.19765 -0.47643 0.85671 0.20658 -0.40944 0.88864 0.20692 -0.40776 0.88933 0.21451 -0.3378 0.91645 0.21476 -0.33639 0.91691 0.22086 -0.26479 0.93867 0.22105 -0.26355 0.93898 0.22564 -0.19051 0.9554 0.22575 -0.18967 0.95554 0.22885 -0.11526 0.96661 0.22892 -0.11464 0.96667 0.2305 -0.03858 0.97231 0.2305 -0.0385 0.97231 0.2305 0.03858 0.97231 0.2305 0.0385 0.97231 0.2289 0.11526 0.9666 0.22887 0.11464 0.96668 0.22571 0.19051 0.95539 0.22569 0.18968 0.95556 0.22096 0.26478 0.93865 0.22095 0.26356 0.939 0.21463 0.33779 0.91642 0.21465 0.3364 0.91693 0.20673 0.40942 0.88862 0.20679 0.40777 0.88936 0.19739 0.47825 0.85575 0.1975 0.47645 0.85673 0.18672 0.54382 0.81817 0.18688 0.54189 0.81941 0.17477 0.60599 0.77604 0.17497 0.60408 0.77748 0.16152 0.6649 0.72926 0.16178 0.663 0.73093 0.14702 0.72024 0.67796 0.14732 0.71841 0.67984 0.13145 0.77124 0.62283 0.13179 0.76956 0.62483 0.11508 0.81721 0.56473 0.11545 0.81569 0.56685 0.09793 0.85828 0.50375 0.0983 0.857 0.50585 0.08004 0.89442 0.44 0.08041 0.89336 0.44209 0.06142 0.92559 0.37352 0.06178 0.92478 0.37546 0.04231 0.95139 0.30506 0.04263 0.95082 0.30681 0.02303 0.97152 0.23582 0.02331 0.97115 0.23732 0.00364 0.98612 0.16601 0.00386 0.98592 0.16719 -0.01583 0.99529 0.09567 -0.01568 0.99521 0.09646 -0.04071 0.99916 0.0053 -0.04073 0.99916 0.00552 -0.04276 0.99908 -0.00167 -0.04286 0.99908 -0.00145 -0.0432 0.99906 -0.0026 -0.0441 0.99902 -0.00233 -0.04469 0.99899 -0.00387 -0.04611 0.99893 -0.00352 -0.04674 0.99889 -0.00494 -0.04867 0.9988 -0.00456 -0.05995 -0.99818 -0.00665 -0.04238 -0.99909 -0.0047 -0.04197 -0.99911 -0.00394 -0.03935 -0.99922 -0.00254 -0.03959 -0.99921 -0.00302 -0.03771 -0.99929 -0.00196 -0.03772 -0.99929 -0.00199 -0.03658 -0.99933 -0.00129 -0.03656 -0.99933 -0.00124 -0.03628 -0.99934 -0.00082 -0.03401 -0.99941 0.00571 -0.0338 -0.99941 0.00614 -0.00297 -0.9953 0.09678 -0.00241 -0.99516 0.09825 0.02122 -0.98563 0.16755 0.02205 -0.98524 0.16974 0.04523 -0.97031 0.23762 0.04628 -0.96957 0.24038 0.06903 -0.94924 0.30689 0.07026 -0.9481 0.31011 0.09253 -0.92234 0.37514 0.0939 -0.92074 0.37871 0.11531 -0.88999 0.44116 0.11674 -0.88796 0.44486 0.13709 -0.85269 0.50412 0.13857 -0.85018 0.50793 0.15787 -0.81048 0.56409 0.1593 -0.80765 0.56774 0.17758 -0.76354 0.62086 0.17899 -0.7603 0.62442 0.19624 -0.71173 0.67449 0.19751 -0.70834 0.67767 0.21351 -0.65586 0.72406 0.21468 -0.65224 0.72697 0.2292 -0.59671 0.76903 0.23021 -0.59314 0.77149 0.2433 -0.53452 0.80937 0.24417 -0.53099 0.81144 0.25582 -0.46937 0.84513 0.25651 -0.46605 0.84676 0.26673 -0.40124 0.87628 0.26726 -0.39823 0.87749 0.27592 -0.33069 0.9025 0.27632 -0.32805 0.90335 0.28328 -0.25885 0.92344 0.28353 -0.25677 0.92395 0.28879 -0.18618 0.93911 0.28894 -0.18465 0.93937 0.29249 -0.11248 0.94963 0.29256 -0.11148 0.94973 0.29437 -0.03777 0.95495 0.29438 -0.03744 0.95495 0.29438 0.03777 0.95494 0.29437 0.03744 0.95496 0.29252 0.11248 0.94962 0.29253 0.11148 0.94974 0.28884 0.18618 0.9391 0.28889 0.18465 0.93939 0.28335 0.25885 0.92342 0.28346 0.25678 0.92397 0.27602 0.33068 0.90248 0.27623 0.32806 0.90337 0.26684 0.40123 0.87625 0.26716 0.39825 0.87751 0.25595 0.46935 0.8451 0.25639 0.46607 0.84678 0.24345 0.5345 0.80934 0.24403 0.53101 0.81146 0.22936 0.59668 0.769 0.23007 0.59316 0.77151 0.21368 0.65583 0.72404 0.21453 0.65227 0.727 0.19641 0.7117 0.67446 0.19735 0.70837 0.67769 0.17776 0.76351 0.62084 0.17882 0.76032 0.62444 0.15805 0.81046 0.56408 0.15914 0.80767 0.56776 0.13726 0.85266 0.50411 0.13841 0.8502 0.50794 0.11548 0.88997 0.44115 0.11659 0.88798 0.44486 0.09268 0.92232 0.37514 0.09376 0.92075 0.37871 0.06916 0.94923 0.30689 0.07013 0.94811 0.31011 0.04534 0.9703 0.23762 0.04618 0.96958 0.24038 0.02131 0.98563 0.16755 0.02197 0.98524 0.16974 -0.00291 0.9953 0.09679 -0.00247 0.99516 0.09825 -0.03394 0.99941 0.00571 -0.03386 0.99941 0.00614 -0.03642 0.99934 -0.00124 -0.03641 0.99934 -0.00082 -0.03682 0.99932 -0.00194 -0.03744 0.9993 -0.00132 -0.03812 0.99927 -0.00291 -0.0391 0.99923 -0.00203 -0.03994 0.9992 -0.00375 -0.176 -0.98404 -0.02628 -0.18654 -0.98207 -0.02711 -0.12399 -0.99212 -0.01802 -0.1246 -0.99202 -0.01906 -0.08767 -0.99603 -0.01516 -0.10725 -0.99411 -0.01578 -0.06142 -0.99807 -0.00904 -0.05111 -0.99865 -0.00966 -0.04733 -0.99887 -0.00365 -0.03933 -0.99922 -0.00303 -0.03903 -0.99923 -0.00252 -0.03653 -0.99933 -0.00123 -0.03689 -0.99932 -0.00192 -0.03512 -0.99938 -0.00094 -0.03526 -0.99938 -0.00125 -0.03419 -0.99942 -0.00061 -0.03425 -0.99941 -0.00077 -0.03397 -0.99942 -0.00038 -0.03137 -0.99949 0.00619 -0.03116 -0.99949 0.00658 0.00457 -0.99514 0.09836 0.00513 -0.99501 0.09968 0.03252 -0.98493 0.16985 0.03335 -0.98457 0.1718 0.06016 -0.96881 0.2404 0.06123 -0.96812 0.24287 0.08746 -0.94673 0.30992 0.08871 -0.94567 0.3128 0.11432 -0.91866 0.37815 0.11567 -0.9172 0.38126 0.1402 -0.88511 0.44376 0.14165 -0.88321 0.44707 0.16486 -0.84655 0.50613 0.16629 -0.84431 0.5094 0.1882 -0.80329 0.56507 0.18964 -0.80065 0.56833 0.21029 -0.75529 0.62074 0.21161 -0.75246 0.62371 0.23098 -0.70282 0.67283 0.23226 -0.69968 0.67565 0.25011 -0.64636 0.72088 0.25123 -0.64317 0.72333 0.26734 -0.58709 0.7641 0.26832 -0.5839 0.7662 0.28278 -0.52499 0.80276 0.28359 -0.5219 0.80448 0.29639 -0.4603 0.83683 0.29705 -0.45737 0.83819 0.30821 -0.39295 0.86637 0.30873 -0.39027 0.8674 0.31815 -0.32343 0.89117 0.3185 -0.3212 0.89185 0.32605 -0.25298 0.91087 0.32628 -0.25115 0.9113 0.33196 -0.18184 0.9256 0.3321 -0.18043 0.92583 0.33593 -0.10974 0.93547 0.33599 -0.10889 0.93555 0.33793 -0.03685 0.94045 0.33795 -0.0366 0.94045 0.33794 0.03685 0.94044 0.33794 0.0366 0.94046 0.33596 0.10974 0.93546 0.33596 0.10889 0.93556 0.33201 0.18183 0.92558 0.33206 0.18043 0.92584 0.32611 0.25297 0.91085 0.32623 0.25116 0.91132 0.31823 0.32342 0.89114 0.31843 0.32121 0.89187 0.30831 0.39294 0.86634 0.30863 0.39028 0.86743 0.2965 0.46028 0.8368 0.29695 0.45739 0.83822 0.2829 0.52497 0.80273 0.28347 0.52192 0.80451 0.26748 0.58707 0.76407 0.26819 0.58392 0.76623 0.25026 0.64633 0.72085 0.2511 0.6432 0.72336 0.23114 0.70279 0.6728 0.23211 0.6997 0.67568 0.21044 0.75527 0.62072 0.21147 0.75249 0.62373 0.18836 0.80326 0.56506 0.18949 0.80068 0.56834 0.16501 0.84653 0.50612 0.16615 0.84433 0.50941 0.14035 0.88509 0.44375 0.14151 0.88323 0.44708 0.11446 0.91864 0.37814 0.11555 0.91722 0.38127 0.08758 0.94672 0.30991 0.0886 0.94568 0.3128 0.06026 0.9688 0.2404 0.06113 0.96813 0.24288 0.0326 0.98493 0.16986 0.03328 0.98457 0.1718 0.00462 0.99514 0.09836 0.00509 0.99501 0.09968 -0.03131 0.99949 0.00619 -0.03122 0.99949 0.00658 -0.03413 0.99942 -0.00077 -0.03409 0.99942 -0.00039 -0.03444 0.99941 -0.00122 -0.03497 0.99939 -0.00063 -0.03555 0.99937 -0.00185 -0.07122 0.99741 -0.01048 -0.0776 0.99693 -0.01026 -0.07777 0.99692 -0.01045 -0.08954 0.99596 -0.0069 -0.09394 0.99552 -0.01078 -0.09668 0.9953 -0.00624 -0.10097 0.99484 -0.00954 -0.10281 0.99469 -0.00506 -0.12332 0.99232 -0.0093 -0.121 0.9926 -0.01025 -0.11498 0.99335 -0.00632 -0.11409 0.99345 -0.00699 -0.10615 0.99435 -0.00244 -0.10604 0.99436 -0.00269 -0.1064 0.99432 -0.00321 -0.10676 0.99428 -0.00271 -0.11587 0.99323 -0.0079 -0.11708 0.9931 -0.00718 -0.12438 0.99216 -0.01183 -0.12745 0.99179 -0.0108 -0.13359 0.99092 -0.01519 -0.2023 0.97899 -0.02541 -0.20239 0.97898 -0.0252 -0.16179 0.98664 -0.01885 -0.12077 0.99264 -0.00897 -0.12486 0.99213 -0.00927 -0.11514 0.9933 -0.01026 -0.13081 0.99134 -0.01165 -0.1267 0.99187 -0.01187 -0.13593 0.99062 -0.01368 -0.13938 0.99014 -0.01403 -0.14396 0.98943 -0.01774 -0.17619 0.98409 -0.02308 -0.17663 0.98399 -0.02356 -0.23652 0.97105 -0.03358 -0.21874 0.97529 -0.03106 -0.04706 0.99889 -0.00214 -0.05228 0.99863 -0.00237 -0.04521 0.99897 -0.00387 -0.05643 0.99839 -0.00483 -0.04878 0.99879 -0.00596 -0.06978 0.99753 -0.00852 -0.06142 0.99807 -0.00904 -0.08615 0.9962 -0.01267 -0.08574 0.99625 -0.01199 -0.10988 0.99391 -0.00867 -0.11288 0.99357 -0.00819 -0.11738 0.99303 -0.01109 -0.11561 0.99323 -0.01162 -0.11832 0.99288 -0.01358 -0.11611 0.99314 -0.01405 -0.1184 0.99284 -0.01591 -0.11254 0.99352 -0.01581 -0.11341 0.99341 -0.01668 -0.10782 0.99403 -0.01649 -0.10851 0.99394 -0.01736 -0.1685 0.98542 -0.02346 -0.34287 0.93831 -0.04488 -0.37225 0.92682 -0.04931 -0.28756 0.95701 -0.03809 -0.32656 0.9441 -0.04507 -0.28637 0.95734 -0.03871 -0.21796 0.97551 -0.02946 -0.19135 0.98116 -0.02664 -0.20764 0.97776 -0.02943 -0.25905 0.96516 -0.03671 -0.25295 0.96683 -0.03556 -0.30016 0.95296 -0.04219 -0.04327 0.97187 0.2315 -0.04341 0.97167 0.23232 -0.04965 0.98547 0.16245 -0.04975 0.98536 0.16307 -0.05598 0.99408 0.09309 -0.05605 0.99404 0.09351 -0.06393 0.99795 0.00418 -0.06404 0.99794 0.00428 -0.06477 0.9979 -0.00289 -0.06497 0.99788 -0.0028 -0.06517 0.99786 -0.00431 -0.03063 0.92858 0.36987 -0.03045 0.92901 0.36881 -0.02433 0.89919 0.43688 -0.02413 0.89973 0.43578 -0.01819 0.86488 0.50165 -0.01797 0.86557 0.50047 -0.01477 0.84381 0.53643 0.00363 0.8255 0.56439 0.01035 0.78156 0.62375 0.01077 0.78106 0.62436 0.01721 0.73197 0.68112 0.01757 0.73151 0.6816 0.02362 0.67771 0.73495 0.02402 0.67715 0.73545 0.0296 0.61943 0.78449 0.02995 0.6189 0.7849 0.03503 0.55735 0.82954 0.03534 0.55683 0.82987 0.03991 0.49149 0.86997 0.04021 0.49096 0.87025 0.04425 0.4217 0.90566 0.04452 0.42119 0.90588 0.04797 0.34866 0.93602 0.04815 0.3483 0.93615 0.05093 0.27377 0.96045 0.0511 0.27342 0.96054 0.05319 0.19737 0.97888 0.05335 0.19704 0.97894 0.05477 0.11929 0.99135 0.05481 0.11919 0.99136 0.05553 0.04011 0.99765 0.05555 0.04007 0.99765 0.05555 -0.04011 0.99765 0.05553 -0.04007 0.99765 0.05481 -0.11929 0.99135 0.05477 -0.11919 0.99136 0.05334 -0.19737 0.97888 0.0532 -0.19704 0.97895 0.05109 -0.27377 0.96044 0.05094 -0.27343 0.96054 0.04813 -0.34865 0.93601 0.04798 -0.34831 0.93615 0.0445 -0.42169 0.90565 0.04428 -0.42119 0.90589 0.04018 -0.49148 0.86996 0.03994 -0.49097 0.87026 0.0353 -0.55734 0.82953 0.03507 -0.55684 0.82988 0.0299 -0.61942 0.78449 0.02964 -0.61891 0.78491 0.02396 -0.6777 0.73495 0.02368 -0.67716 0.73545 0.01751 -0.73197 0.68112 0.01726 -0.73152 0.6816 -0.07153 0.89848 0.43315 -0.07188 0.89819 0.4337 -0.07221 0.92765 0.36641 -0.07254 0.9274 0.36696 -0.07287 0.95154 0.29878 -0.03687 0.95312 0.30035 -0.03703 0.95281 0.30129 -0.06545 0.34965 0.93459 -0.06564 0.42318 0.90366 -0.06595 0.42264 0.90389 -0.06617 0.49287 0.86759 -0.06647 0.49236 0.86785 -0.06671 0.55874 0.82666 -0.06706 0.55819 0.827 -0.06732 0.6205 0.78131 -0.06766 0.61999 0.78169 -0.06795 0.67853 0.73142 -0.06839 0.67792 0.73194 -0.06869 0.73247 0.67732 -0.06911 0.73194 0.67786 -0.06942 0.78159 0.61991 -0.06977 0.78117 0.62041 -0.0701 0.82559 0.55989 -0.11552 0.67616 0.72764 -0.11799 0.61855 0.77684 -0.11747 0.61822 0.77718 -0.11972 0.55679 0.82198 -0.11943 0.55659 0.82216 -0.12146 0.49113 0.86258 -0.12114 0.4909 0.86275 -0.12293 0.42162 0.8984 -0.12269 0.42143 0.89852 -0.12421 0.34884 0.92891 -0.12388 0.34857 0.92906 -0.06523 0.35005 0.93446 -0.06514 0.29131 0.95441 -0.04709 0.27481 0.96034 -0.04667 0.19822 0.97905 -0.04649 0.19804 0.97909 -0.0462 0.11996 0.9917 -0.04605 0.11981 0.99173 -0.0459 0.04018 0.99814 -0.04598 0.04026 0.99813 -0.04598 -0.04018 0.99813 -0.0459 -0.04026 0.99813 -0.04605 -0.11996 0.99171 -0.0462 -0.11981 0.99172 -0.04649 -0.19822 0.97906 -0.04667 -0.19804 0.97908 -0.06869 -0.73195 0.67789 -0.06839 -0.67852 0.73139 -0.11552 -0.67616 0.72764 -0.11801 -0.61819 0.77712 -0.11746 -0.61858 0.77689 -0.11973 -0.55657 0.82213 -0.11943 -0.5568 0.82201 -0.12147 -0.49088 0.86272 -0.12113 -0.49115 0.86261 -0.12294 -0.42142 0.89849 -0.12269 -0.42163 0.89843 -0.12422 -0.34856 0.92902 -0.12387 -0.34886 0.92895 -0.1251 -0.27371 0.95364 -0.12484 -0.27394 0.95361 -0.12577 -0.19742 0.97222 -0.1257 -0.19748 0.97221 -0.12633 -0.1193 0.98479 -0.12613 -0.11948 0.98479 -0.12645 -0.0401 0.99116 -0.12657 -0.04 0.99115 -0.12657 0.0401 0.99115 -0.12645 0.04 0.99117 -0.12613 0.11931 0.98481 -0.12633 0.11948 0.98477 -0.1257 0.19742 0.97223 -0.12577 0.19748 0.97221 -0.06508 -0.27465 0.95934 -0.04719 -0.30718 0.95048 -0.08375 -0.27465 0.95789 -0.08396 -0.1979 0.97662 -0.08375 -0.1981 0.9766 -0.0839 -0.11977 0.98925 -0.08394 -0.11973 0.98925 -0.08402 -0.04012 0.99566 -0.08389 -0.04024 0.99566 -0.08389 0.04012 0.99567 -0.08402 0.04024 0.99565 -0.08394 0.11977 0.98925 -0.0839 0.11973 0.98926 -0.08375 0.19791 0.97664 -0.08396 0.1981 0.97658 -0.08375 0.27465 0.95789 -0.12485 0.27372 0.95367 -0.1251 0.27393 0.95358 -0.07082 0.8645 0.49762 -0.07049 0.82517 0.56048 -0.02895 0.82636 0.5624 -0.02501 0.78226 0.62245 -0.02461 0.7818 0.62304 -0.02086 0.73291 0.68001 -0.02045 0.7324 0.68057 -0.01692 0.67877 0.73416 -0.01658 0.6783 0.73459 -0.01332 0.6207 0.78393 -0.01295 0.62016 0.78437 -0.00999 0.55876 0.82927 -0.00961 0.55817 0.82967 -0.00693 0.49282 0.8701 -0.00665 0.49235 0.87037 -0.00428 0.42299 0.90613 -0.00403 0.42254 0.90633 -0.00201 0.3499 0.93678 -0.00176 0.34944 0.93696 -0.00013 0.27482 0.9615 6E-05 0.27445 0.9616 0.0013 0.19804 0.98019 0.00137 0.19789 0.98022 0.00221 0.11981 0.99279 0.00231 0.11961 0.99282 0.00273 0.04026 0.99919 0.00275 0.04022 0.99919 0.00275 -0.04026 0.99919 0.00273 -0.04022 0.99919 0.00231 -0.11981 0.99279 0.00221 -0.11961 0.99282 0.00137 -0.19804 0.98019 0.0013 -0.19789 0.98022 5E-05 -0.27481 0.9615 -0.00012 -0.27445 0.9616 -0.00177 -0.3499 0.93678 -0.002 -0.34945 0.93695 -0.00404 -0.42299 0.90613 -0.00427 -0.42255 0.90633 -0.00667 -0.49282 0.87011 -0.00691 -0.49235 0.87037 -0.00963 -0.55876 0.82927 -0.00996 -0.55817 0.82967 -0.01298 -0.6207 0.78394 -0.01329 -0.62016 0.78436 -0.01661 -0.67877 0.73416 -0.01689 -0.6783 0.73459 -0.02049 -0.73291 0.68002 -0.02082 -0.7324 0.68056 -0.13525 0.96477 0.22569 -0.13561 0.96463 0.22607 -0.12384 0.97962 0.15812 -0.12411 0.97954 0.1584 -0.09718 0.99526 0.00278 -0.11243 0.99366 0.00216 -0.11258 0.99364 0.00219 -0.11052 0.99386 -0.00514 -0.15808 0.91944 0.36005 -0.15758 0.91973 0.35953 -0.16888 0.88922 0.42516 -0.16239 0.85662 0.48972 -0.17113 0.81728 0.55024 -0.17077 0.81716 0.55053 -0.17916 0.77294 0.60866 -0.17875 0.77278 0.60898 -0.18676 0.7236 0.66448 -0.18624 0.72337 0.66487 -0.19375 0.66956 0.71704 -0.24816 0.60588 0.75586 -0.23883 0.66335 0.70917 -0.2393 0.66356 0.70882 -0.22908 0.71755 0.65776 -0.22946 0.7177 0.65746 -0.21856 0.76719 0.60303 -0.21905 0.76736 0.60264 -0.20761 0.81193 0.5456 -0.20809 0.81207 0.5452 -0.19185 0.86429 0.46497 -0.17912 0.85463 0.48736 -0.16833 0.88959 0.42462 -0.77723 -0.43948 0.4503 -0.72052 -0.48256 0.49799 -0.72033 -0.48254 0.49827 -0.65894 -0.52168 0.54189 -0.65868 -0.52165 0.54224 -0.59421 -0.55618 0.58101 -0.594 -0.55614 0.58127 -0.52891 -0.58541 0.61445 -0.52847 -0.58532 0.61492 -0.46433 -0.60948 0.6426 -0.46386 -0.60936 0.64305 -0.40206 -0.62878 0.66557 -0.40184 -0.62871 0.66577 -0.34367 -0.64386 0.68362 -0.34311 -0.64366 0.68409 -0.28929 -0.65517 0.6979 -0.28882 -0.65498 0.69828 -0.23878 -0.66364 0.70892 -0.24821 -0.60558 0.75609 -0.19989 -0.61188 0.76527 -0.20619 -0.55036 0.80907 -0.20568 -0.55006 0.8094 -0.2113 -0.48518 0.8485 -0.21095 -0.48496 0.84871 -0.21591 -0.41619 0.88327 -0.21564 -0.41601 0.88342 -0.21986 -0.34408 0.91284 -0.2196 -0.34389 0.91297 -0.22299 -0.27018 0.93663 -0.22274 -0.27 0.93674 -0.2253 -0.19468 0.95464 -0.22508 -0.19451 0.95473 -0.22681 -0.11772 0.9668 -0.22686 -0.11776 0.96678 -0.22774 -0.03952 0.97292 -0.22754 -0.03936 0.97297 -0.22754 0.03953 0.97297 -0.22774 0.03936 0.97293 -0.22686 0.11772 0.96679 -0.22681 0.11776 0.96679 -0.22508 0.19469 0.95469 -0.22531 0.1945 0.95468 -0.22273 0.2702 0.93669 -0.22299 0.26999 0.93669 -0.21959 0.34409 0.9129 -0.21987 0.34387 0.91291 -0.21563 0.41621 0.88333 -0.21592 0.41599 0.88337 -0.21093 0.48522 0.84857 -0.21132 0.48493 0.84864 -0.20565 0.55041 0.80917 -0.20622 0.55 0.8093 -0.19992 0.61165 0.76545 -0.31105 -0.53635 0.78459 -0.31063 -0.53613 0.7849 -0.32021 -0.47194 0.82142 -0.31994 -0.4718 0.82161 -0.32835 -0.4043 0.85365 -0.32786 -0.40401 0.85398 -0.33497 -0.33374 0.88114 -0.33481 -0.33364 0.88124 -0.34052 -0.26172 0.90308 -0.34027 -0.26155 0.90322 -0.34456 -0.18845 0.91965 -0.34433 -0.18829 0.91977 -0.34723 -0.11385 0.93084 -0.34727 -0.11389 0.93082 -0.34874 -0.03821 0.93644 -0.34871 -0.03819 0.93645 -0.34871 0.03821 0.93645 -0.34874 0.03819 0.93644 -0.34727 0.11385 0.93083 -0.34723 0.11389 0.93084 -0.34432 0.18847 0.91974 -0.34457 0.18827 0.91969 -0.34025 0.26175 0.90317 -0.34054 0.26152 0.90313 -0.3348 0.33376 0.8812 -0.33498 0.33362 0.88118 -0.32782 0.40437 0.85382 -0.32839 0.40394 0.85381 -0.31992 0.47199 0.82151 -0.32024 0.47175 0.82152 -0.31058 0.53643 0.78472 -0.3111 0.53605 0.78477 -0.30026 0.59752 0.74351 -0.30073 0.5972 0.74358 -0.28875 0.65527 0.69803 -0.28936 0.65487 0.69815 -0.2762 0.70961 0.64821 -0.27681 0.70923 0.64836 -0.26269 0.75966 0.5949 -0.26327 0.75933 0.59507 -0.24841 0.80494 0.53886 -0.24893 0.80466 0.53904 -0.23335 0.84555 0.48019 -0.23394 0.84527 0.48041 -0.21764 0.88154 0.41895 -0.21819 0.8813 0.41917 -0.2012 0.91287 0.35522 -0.20168 0.91269 0.35543 -0.18422 0.93917 0.28986 -0.14648 0.94488 0.29283 -0.14694 0.94466 0.2933 -0.19112 0.96943 0.15387 -0.20037 0.9687 0.14655 -0.21598 0.9645 0.15194 -0.24429 0.95804 0.14993 -0.12855 0.99169 -0.00598 -0.12828 0.99172 -0.006 -0.13161 0.9913 0.00141 -0.27434 0.9412 0.19717 -0.26733 0.9394 0.21461 -0.24959 0.9439 0.21624 -0.24933 0.94392 0.21645 -0.21887 0.95084 0.21908 -0.43306 -0.51082 0.74265 -0.43272 -0.51068 0.74294 -0.44593 -0.44798 0.7749 -0.44557 -0.4478 0.77521 -0.45703 -0.38254 0.80299 -0.45675 -0.38239 0.80322 -0.46637 -0.31506 0.82658 -0.466 -0.31485 0.82687 -0.47367 -0.24647 0.84551 -0.47352 -0.24638 0.84562 -0.47927 -0.17711 0.85961 -0.47905 -0.17696 0.85977 -0.48289 -0.1069 0.86913 -0.48294 -0.10694 0.8691 -0.48489 -0.03586 0.87384 -0.48498 -0.03593 0.87379 -0.48498 0.03586 0.87379 -0.48489 0.03593 0.87384 -0.48294 0.1069 0.8691 -0.48289 0.10694 0.86913 -0.47903 0.17713 0.85974 -0.47928 0.17693 0.85964 -0.47351 0.24649 0.84559 -0.47368 0.24636 0.84554 -0.46596 0.31514 0.82678 -0.46641 0.31478 0.82667 -0.45672 0.3826 0.80313 -0.45706 0.38233 0.80307 -0.44551 0.44807 0.77508 -0.44598 0.44771 0.77502 -0.43267 0.51092 0.74281 -0.43311 0.51058 0.74278 -0.41805 0.5712 0.70638 -0.41868 0.57073 0.70638 -0.40179 0.62886 0.66566 -0.4021 0.62864 0.66568 -0.3834 0.68394 0.62067 -0.3842 0.6834 0.62077 -0.36382 0.73525 0.57188 -0.36448 0.73483 0.57199 -0.34279 0.78232 0.52008 -0.34339 0.78196 0.52021 -0.32036 0.82518 0.46523 -0.32085 0.82492 0.46536 -0.2965 0.8638 0.40736 -0.29727 0.86343 0.40758 -0.27156 0.89785 0.34659 -0.27211 0.89762 0.34676 -0.24542 0.927 0.28364 -0.56584 -0.46978 0.67759 -0.56546 -0.46965 0.678 -0.58079 -0.40969 0.70345 -0.58068 -0.40964 0.70357 -0.59378 -0.34826 0.72536 -0.59344 -0.3481 0.72571 -0.60431 -0.28552 0.74383 -0.60407 -0.28539 0.74408 -0.61261 -0.22273 0.75835 -0.61248 -0.22265 0.75848 -0.61884 -0.15968 0.76912 -0.61873 -0.1596 0.76922 -0.62296 -0.09628 0.7763 -0.6229 -0.09623 0.77636 -0.62503 -0.03233 0.77993 -0.62491 -0.03223 0.78004 -0.6249 0.03233 0.78003 -0.62503 0.03223 0.77994 -0.62289 0.09629 0.77636 -0.62297 0.09622 0.77631 -0.61872 0.15969 0.76921 -0.61884 0.15959 0.76913 -0.61247 0.22276 0.75846 -0.61262 0.22262 0.75837 -0.60404 0.28559 0.74402 -0.60434 0.28532 0.74388 -0.59339 0.34838 0.72562 -0.59383 0.34798 0.72545 -0.58066 0.40973 0.70353 -0.58081 0.40959 0.70349 -0.56537 0.46996 0.67786 -0.56593 0.46947 0.67773 -0.54814 0.52842 0.64831 -0.54867 0.52798 0.64823 -0.52834 0.58565 0.61471 -0.52903 0.58508 0.61465 -0.50612 0.641 0.57703 -0.50654 0.64067 0.57702 -0.48107 0.69421 0.53538 -0.48179 0.69369 0.53541 -0.45399 0.74406 0.49016 -0.45477 0.74354 0.49024 -0.4247 0.79036 0.44154 -0.42522 0.79004 0.44161 -0.3927 0.83325 0.38919 -0.39338 0.83287 0.38932 -0.35838 0.8721 0.33318 -0.35907 0.87175 0.33333 -0.33135 0.89816 0.28898 -0.30586 0.91112 0.27625 -0.31281 0.91387 0.25883 -0.29354 0.92829 0.22827 -0.49875 -0.4924 0.71329 -0.49842 -0.49228 0.71361 -0.51294 -0.43083 0.74248 -0.51259 -0.43067 0.74281 -0.52512 -0.36706 0.7678 -0.52486 -0.36693 0.76804 -0.53533 -0.30161 0.78896 -0.53529 -0.3016 0.78899 -0.54359 -0.2357 0.80558 -0.54335 -0.23555 0.80578 -0.54953 -0.16921 0.81816 -0.54932 -0.16907 0.81833 -0.55345 -0.10211 0.8266 -0.55323 -0.10196 0.82676 -0.55532 -0.03422 0.83094 -0.55529 -0.0342 0.83095 -0.55529 0.03422 0.83095 -0.55532 0.0342 0.83094 -0.55322 0.10213 0.82675 -0.55345 0.10194 0.82662 -0.5493 0.16924 0.8183 -0.54954 0.16904 0.81819 -0.54333 0.23575 0.80574 -0.54361 0.23551 0.80562 -0.53529 0.30162 0.78898 -0.53533 0.30159 0.78897 -0.52482 0.36714 0.76797 -0.52516 0.36685 0.76787 -0.51253 0.43094 0.7427 -0.513 0.43056 0.7426 -0.49836 0.49252 0.71348 -0.49881 0.49216 0.71342 -0.4821 0.55211 0.68025 -0.48263 0.5517 0.68022 -0.46375 0.60968 0.64283 -0.46444 0.60916 0.64282 -0.44331 0.66495 0.60111 -0.44391 0.66452 0.60113 -0.42076 0.71712 0.55561 -0.4213 0.71676 0.55566 -0.39636 0.76555 0.50678 -0.39711 0.76509 0.50689 -0.37037 0.81001 0.45466 -0.37112 0.80958 0.45481 -0.34257 0.85043 0.39926 -0.34314 0.85014 0.3994 -0.3128 0.88665 0.34061 -0.31344 0.88635 0.34078 -0.28163 0.91794 0.2794 -0.24576 0.92699 0.28336 -0.21858 0.95085 0.21931 -0.37015 -0.52533 0.76617 -0.36972 -0.52513 0.76652 -0.38122 -0.46156 0.80102 -0.38085 -0.46137 0.8013 -0.39088 -0.39486 0.83144 -0.3906 -0.39471 0.83165 -0.39909 -0.32558 0.85716 -0.39881 -0.32542 0.85735 -0.40558 -0.25512 0.87773 -0.40533 -0.25495 0.8779 -0.41042 -0.18342 0.89326 -0.41042 -0.18342 0.89326 -0.41384 -0.1109 0.90357 -0.41365 -0.11076 0.90367 -0.41538 -0.03728 0.90888 -0.41523 -0.03717 0.90896 -0.41523 0.03728 0.90895 -0.41538 0.03717 0.90889 -0.41364 0.11092 0.90366 -0.41385 0.11075 0.90358 -0.41042 0.18342 0.89326 -0.41042 0.18342 0.89326 -0.40531 0.25515 0.87785 -0.4056 0.25492 0.87778 -0.39879 0.32563 0.85728 -0.39911 0.32538 0.85723 -0.39057 0.39492 0.83156 -0.39091 0.39465 0.83153 -0.38081 0.46164 0.80117 -0.38126 0.4613 0.80115 -0.36966 0.52543 0.76634 -0.37021 0.52503 0.76635 -0.35716 0.58609 0.72727 -0.35755 0.58582 0.72731 -0.34301 0.64401 0.68381 -0.34377 0.6435 0.68391 -0.32778 0.69846 0.63617 -0.32821 0.69818 0.63626 -0.31096 0.74919 0.58483 -0.31158 0.74882 0.58497 -0.2933 0.79526 0.53061 -0.29395 0.79489 0.53079 -0.27467 0.83685 0.47354 -0.27541 0.83647 0.47377 -0.25516 0.87386 0.41384 -0.25567 0.87363 0.41402 -0.23446 0.9064 0.35137 -0.23499 0.90619 0.35157 -0.21302 0.93399 0.28684 -0.19603 0.93977 0.27999 -0.1786 0.95846 0.22239 -0.17904 0.95829 0.22276 -0.15878 0.97493 0.15585 -0.15915 0.97483 0.15616 0.01042 -0.78107 0.62436 0.01071 -0.78155 0.62375 -0.02497 -0.7818 0.62303 -0.02464 -0.78226 0.62246 -0.06942 -0.78118 0.62043 -0.06911 -0.73246 0.6773 -0.12989 -0.72878 0.67231 -0.133 -0.68615 0.7152 -0.1521 -0.67377 0.72312 -0.15672 -0.61569 0.77225 -0.15625 -0.61602 0.77208 -0.16046 -0.55403 0.81688 -0.16013 -0.55427 0.81678 -0.16391 -0.48857 0.85699 -0.16345 -0.48892 0.85688 -0.16678 -0.41931 0.89239 -0.1664 -0.41961 0.89232 -0.16923 -0.34687 0.92252 -0.16907 -0.34699 0.9225 -0.17135 -0.27232 0.94683 -0.17111 -0.27252 0.94681 -0.17283 -0.19629 0.9652 -0.17272 -0.19638 0.9652 -0.17388 -0.11875 0.97758 -0.1737 -0.11891 0.97759 -0.17429 -0.03974 0.98389 -0.17427 -0.03976 0.9839 -0.17427 0.03974 0.9839 -0.17429 0.03976 0.98389 -0.1737 0.11876 0.97761 -0.17388 0.11891 0.97756 -0.17272 0.19629 0.96521 -0.17282 0.19637 0.96518 -0.17111 0.27233 0.94687 -0.17135 0.27251 0.94677 -0.16908 0.34687 0.92255 -0.16922 0.34698 0.92248 -0.16641 0.41933 0.89245 -0.16677 0.41958 0.89227 -0.16346 0.4886 0.85706 -0.1639 0.48889 0.85681 -0.16015 0.55406 0.81693 -0.16045 0.55425 0.81674 -0.15628 0.61573 0.77231 -0.1567 0.61598 0.77202 -0.15004 0.69555 0.70264 -0.13742 0.99042 -0.01381 -0.1202 0.99264 -0.01455 -0.11997 0.99269 -0.01294 -0.1042 0.9945 -0.01034 -0.10409 0.99454 -0.00759 -0.09622 0.99534 -0.00673 -0.09646 0.99533 -0.00441 -0.45676 0.8883 -0.04782 -0.41355 0.90947 -0.04291 -0.35567 0.93388 -0.03691 -0.46798 0.88215 -0.05299 -0.47265 0.87974 -0.05149 -0.50917 0.85879 -0.05681 -0.51968 0.85264 -0.05418 -0.62611 0.77697 -0.06564 -0.63301 0.77145 -0.06446 -0.64537 0.761 -0.06613 -0.65321 0.75439 -0.06486 -0.54733 0.83554 -0.04804 -0.47377 0.87925 -0.04966 -0.53791 0.84112 -0.05638 -0.54529 0.83646 -0.05477 -0.60829 0.79136 -0.0611 -0.61544 0.78591 -0.05984 -0.68408 0.72636 -0.06652 -0.69359 0.71742 -0.06512 -0.68044 0.7303 -0.06051 -0.67134 0.73876 -0.05938 -0.74801 0.66039 -0.06617 -0.73816 0.67149 -0.06495 -0.71471 0.69639 -0.06501 -0.72673 0.68369 -0.06653 -0.65291 0.75508 -0.05977 -0.66156 0.74742 -0.06086 -0.59966 0.79835 -0.05517 -0.60668 0.79311 -0.05395 -0.58752 0.80756 -0.05157 -0.50198 0.86288 -0.05881 -0.50776 0.8596 -0.05715 -0.52949 0.8462 -0.05995 -0.53684 0.84168 -0.05815 -0.55819 0.82748 -0.06081 -0.56543 0.82267 -0.05928 -0.55568 0.82937 -0.05793 -0.59268 0.80315 -0.06073 -0.59806 0.79922 -0.05973 -0.66459 0.74426 -0.06637 -0.67302 0.73675 -0.06508 -0.49348 0.86777 -0.05883 -0.4975 0.86555 -0.05757 -0.53622 0.8417 -0.06338 -0.54577 0.83571 -0.06105 -0.57066 0.81867 -0.06423 -0.57753 0.81395 -0.0628 -0.57038 0.81905 -0.06179 -0.60936 0.79023 -0.06492 -0.61431 0.78647 -0.06402 -0.26298 0.96466 -0.01631 -0.20206 0.97927 -0.01437 -0.25274 0.96733 -0.02002 -0.247 0.9687 -0.0247 -0.23912 0.9707 -0.02379 -0.23611 0.97131 -0.02838 -0.40428 0.88094 0.24598 -0.37904 0.89934 0.218 -0.46349 0.82907 0.31276 -0.42847 0.86119 0.27344 -0.18778 0.98216 -0.00961 -0.18101 0.98315 -0.02543 -0.1808 0.98328 -0.02173 -0.18508 0.98247 -0.0224 -0.18605 0.98236 -0.01861 -0.18845 0.9819 -0.01894 -0.1918 0.98134 -0.01364 -0.21094 0.97737 -0.01582 -0.21817 0.97586 -0.01023 -0.2286 0.97345 -0.01163 -0.506 0.78312 0.3615 -0.63541 0.57659 0.51361 -0.57831 0.68348 0.44544 -0.72318 0.30126 0.6215 -0.78065 0.27383 0.56179 -0.78048 0.27404 0.56192 -0.74098 0.19106 0.64378 -0.79655 0.17289 0.57932 -0.82153 0.14084 0.55249 -0.75059 0.08198 0.65566 -0.75053 0.08204 0.65572 -0.75246 0.02746 0.65807 -0.75244 0.02748 0.65809 -0.75244 -0.02746 0.65809 -0.69605 0.41183 0.58814 -0.75605 0.37687 0.53513 -0.7557 0.37729 0.53533 -0.80906 0.34015 0.47929 -0.83672 0.29989 0.45822 -0.85383 0.21077 0.47598 -0.83082 0.24528 0.49958 -0.82086 0.29254 0.49051 -0.76916 0.32568 0.54984 -0.7695 0.32526 0.54961 -0.71075 0.35676 0.60626 -0.71105 0.35643 0.6061 -0.69613 -0.41158 0.58823 -0.711 -0.35664 0.60604 -0.76922 -0.32543 0.5499 -0.78062 -0.27396 0.56176 -0.8667 -0.22103 0.44719 -0.83856 -0.19921 0.50708 -0.84696 -0.13191 0.51503 -0.84678 -0.13187 0.51534 -0.85259 -0.04399 0.52073 -0.85254 -0.04397 0.52081 -0.85254 0.044 0.52081 -0.85259 0.04396 0.52073 -0.84677 0.13198 0.51533 -0.84697 0.1318 0.51504 -0.83856 0.19921 0.50708 -0.78943 0.22315 0.57184 -0.78972 0.2228 0.57159 -0.73325 0.24576 0.63399 -0.73342 0.24558 0.63387 -0.65858 0.52189 0.54213 -0.7206 0.48236 0.49807 -0.72025 0.48274 0.49819 -0.77757 0.43919 0.44999 -0.77712 0.43977 0.45021 -0.82781 0.39378 0.39959 -0.85575 0.34962 0.38138 -0.75053 -0.08199 0.65573 -0.75246 -0.02748 0.65807 -0.80674 -0.02479 0.59039 -0.80674 0.02479 0.59039 -0.82747 0.04706 0.55953 -0.80516 0.07401 0.58843 -0.80174 0.12325 0.58483 -0.74673 0.13645 0.65098 -0.74683 0.13634 0.65089 -0.40301 0.91518 -0.00618 -0.35345 0.93544 -0.0042 -0.35315 0.93556 -0.00425 -0.31157 0.95022 -0.00259 -0.31183 0.95013 -0.00254 -0.2768 0.96093 -0.00117 -0.277 0.96087 -0.00112 -0.24732 0.96893 3E-05 -0.24718 0.96897 -1E-05 -0.38116 0.91648 0.12158 -0.43051 0.895 0.11677 -0.42999 0.89527 0.11664 -0.48555 0.86718 0.11064 -0.48498 0.86752 0.11052 -0.54582 0.83153 0.10318 -0.54592 0.83146 0.1032 -0.61123 0.78581 0.09432 -0.61141 0.78567 0.09435 -0.6802 0.72824 0.08365 -0.67947 0.72893 0.08356 -0.38399 0.90116 0.20116 -0.41449 0.88844 0.19716 -0.41404 0.88867 0.19708 -0.46775 0.86334 0.18935 -0.46696 0.86379 0.18925 -0.52536 0.83168 0.17976 -0.52482 0.83203 0.17971 -0.58686 0.79201 0.16824 -0.58684 0.79203 0.16824 -0.65139 0.74284 0.15454 -0.65096 0.74322 0.15453 -0.71629 0.68393 0.13844 -0.71542 0.68484 0.13845 -0.77857 0.61595 0.12016 -0.77825 0.61635 0.12018 -0.20343 0.97538 0.0852 -0.22775 0.9701 0.08386 -0.27643 0.9497 0.14717 -0.31258 0.93889 0.14418 -0.31225 0.93901 0.14411 -0.35336 0.92489 0.14041 -0.35295 0.92506 0.14033 -0.37828 0.91536 0.13789 -0.41686 0.8966 0.14947 -0.47022 0.87088 0.14302 -0.47023 0.87088 0.14302 -0.52899 0.83781 0.13507 -0.52846 0.83816 0.13496 -0.59204 0.79612 0.12521 -0.59139 0.79662 0.1251 -0.65776 0.74463 0.11345 -0.6578 0.7446 0.11346 -0.72465 0.68184 0.09986 -0.72496 0.68151 0.09989 -0.60793 0.63133 0.48151 -0.67172 0.5904 0.44745 -0.67112 0.591 0.44756 -0.7321 0.54456 0.40924 -0.73146 0.54529 0.40941 -0.78755 0.49447 0.36779 -0.78726 0.49485 0.3679 -0.83697 0.44097 0.32409 -0.83681 0.44121 0.32416 -0.87921 0.38588 0.27944 -0.9023 0.34043 0.26449 -0.87753 0.32512 0.35248 -0.87725 0.32555 0.35278 -0.8975 0.24416 0.36725 -0.89715 0.2447 0.36775 -0.91034 0.16979 0.37742 -0.91029 0.16987 0.37751 -0.91815 0.10008 0.38338 -0.91803 0.10024 0.38364 -0.92172 0.03324 0.38642 -0.92169 0.03327 0.3865 -0.92169 -0.03324 0.3865 -0.46277 0.82951 0.31266 -0.52171 0.79906 0.29887 -0.52094 0.79958 0.29881 -0.58261 0.76219 0.2822 -0.58207 0.76261 0.28218 -0.64493 0.71771 0.2626 -0.64479 0.71783 0.2626 -0.7075 0.66477 0.23985 -0.70672 0.66558 0.2399 -0.76661 0.60527 0.21439 -0.76587 0.60617 0.21448 -0.82089 0.5397 0.18671 -0.82101 0.53952 0.18669 -0.86891 0.46918 0.15766 -0.86874 0.46949 0.1577 -0.5054 0.78353 0.36145 -0.56701 0.7489 0.343 -0.56614 0.74957 0.34298 -0.62937 0.70771 0.32102 -0.6289 0.70811 0.32103 -0.69147 0.65912 0.29569 -0.69078 0.65982 0.29574 -0.75088 0.60397 0.2672 -0.75046 0.60447 0.26726 -0.80572 0.54314 0.23626 -0.80544 0.54353 0.23632 -0.85476 0.47755 0.20329 -0.85424 0.47842 0.20344 -0.89568 0.41094 0.16994 -0.89555 0.41122 0.17 -0.54356 0.73491 0.40551 -0.60645 0.69728 0.38212 -0.60597 0.69769 0.38214 -0.66926 0.65292 0.35467 -0.66852 0.65364 0.35474 -0.72948 0.60254 0.32373 -0.72911 0.60296 0.32379 -0.78589 0.54629 0.28973 -0.78525 0.54713 0.28988 -0.83613 0.48635 0.25367 -0.83629 0.48611 0.25362 -0.87971 0.42336 0.21653 -0.87955 0.42365 0.21659 -0.91534 0.36046 0.1795 -0.9343 0.31431 0.16818 -0.91993 0.3109 0.23892 -0.91966 0.31146 0.23922 -0.93839 0.23834 0.25025 -0.93822 0.23871 0.25051 -0.9499 0.1768 0.25775 -0.94983 0.17696 0.2579 -0.95718 0.12179 0.26264 -0.95717 0.12181 0.26267 -0.96146 0.07138 0.26552 -0.63496 0.57702 0.51369 -0.69802 0.53629 0.47451 -0.69745 0.53689 0.47466 -0.75662 0.49145 0.43127 -0.75638 0.49176 0.43136 -0.80971 0.44289 0.38501 -0.80925 0.44352 0.38522 -0.85579 0.39245 0.33705 -0.85566 0.39266 0.33713 -0.89422 0.34163 0.28925 -0.91151 0.28095 0.30035 -0.91128 0.28139 0.30066 -0.927 0.20967 0.31099 -0.92689 0.20987 0.31117 -0.93695 0.14491 0.318 -0.93678 0.14521 0.31835 -0.94272 0.08533 0.32248 -0.94275 0.08528 0.3224 -0.94552 0.02827 0.32434 -0.4333 0.86389 0.25679 -0.47068 0.84612 0.25006 -0.47011 0.84646 0.24999 -0.52863 0.81474 0.23824 -0.52813 0.81507 0.23819 -0.59004 0.77569 0.22396 -0.58918 0.77636 0.22392 -0.65315 0.7284 0.20694 -0.65271 0.7288 0.20693 -0.71585 0.67263 0.18743 -0.71546 0.67304 0.18745 -0.77598 0.60866 0.16548 -0.7757 0.60901 0.16551 -0.83137 0.53741 0.14146 -0.83112 0.53778 0.1415 -0.89087 -0.03855 0.45263 -0.89086 -0.03854 0.45265 -0.89086 0.03855 0.45265 -0.89087 0.03854 0.45263 -0.88613 0.11595 0.4487 -0.88629 0.11578 0.44843 -0.87625 0.19602 0.44017 -0.87654 0.19567 0.43977 -0.85997 0.2805 0.42635 -0.86023 0.28016 0.42604 -0.84259 0.34708 0.41181 -0.79438 0.38948 0.46612 -0.79476 0.38897 0.46589 -0.73956 0.42959 0.51818 -0.73976 0.42936 0.51809 -0.6787 0.46699 0.56683 -0.67927 0.46639 0.56663 -0.4215 0.90623 -0.03309 -0.4102 0.91143 -0.03209 -0.38845 0.92097 -0.03039 -0.45641 0.88899 -0.03728 -0.49161 0.86989 -0.04016 -0.50957 0.85938 -0.04236 -0.36381 0.9312 -0.02239 -0.43756 0.89872 -0.02885 -0.50283 0.86375 -0.03316 -0.49679 0.86726 -0.03264 -0.53556 0.84377 -0.03518 -0.52697 0.84885 -0.04188 -0.53412 0.84444 -0.04046 -0.51249 0.85786 -0.03796 -0.55151 0.83323 -0.03958 -0.56073 0.82713 -0.0379 -0.78113 0.62105 -0.06431 -0.77717 0.62607 -0.06362 -0.82426 0.56287 -0.06152 -0.79789 0.59936 -0.06427 -0.80421 0.59096 -0.0634 -0.80034 0.59625 -0.06273 -0.82173 0.56636 -0.06329 -0.82871 0.5562 -0.06231 -0.56056 0.82664 -0.04944 -0.57212 0.8188 -0.04732 -0.57859 0.8142 -0.0481 -0.5877 0.80774 -0.0465 -0.59322 0.80366 -0.04715 -0.60323 0.79627 -0.04547 -0.60914 0.79172 -0.04615 -0.62038 0.78305 -0.04434 -0.62529 0.7791 -0.04488 -0.63778 0.76902 -0.04293 -0.64237 0.76516 -0.04342 -0.65625 0.75341 -0.04132 -0.6605 0.74967 -0.04175 -0.80359 0.59276 -0.0536 -0.7867 0.6148 -0.05595 -0.77981 0.62358 -0.05518 -0.76418 0.64245 -0.05732 -0.75678 0.65123 -0.05648 -0.74226 0.66756 -0.05847 -0.73437 0.67631 -0.05756 -0.72136 0.69001 -0.05936 -0.71304 0.69869 -0.05837 -0.87141 0.4871 -0.05813 -0.89223 0.44781 -0.05826 -0.90049 0.43114 -0.05686 -0.9672 0.24707 -0.05894 -0.9159 0.39751 -0.05582 -0.89555 0.44144 -0.05588 -0.82822 0.55801 -0.05168 -0.8099 0.58405 -0.05429 -0.84476 0.53155 -0.06195 -0.85239 0.51935 -0.06083 -0.84778 0.52694 -0.05999 -0.86926 0.49066 -0.0603 -0.87675 0.4773 -0.05913 -0.41597 0.90917 -0.01933 -0.39687 0.91755 -0.0245 -0.39057 0.92026 -0.02404 -0.37384 0.92703 -0.02944 -0.366 0.93017 -0.02874 -0.35529 0.93417 -0.033 -0.39474 0.91804 -0.03711 -0.36316 0.93113 -0.03347 -0.44302 0.89558 -0.04083 -0.42508 0.90431 -0.03901 -0.4096 0.91149 -0.03759 -0.46935 0.8819 -0.04433 -0.53509 0.84328 -0.05054 -0.5209 0.85221 -0.04896 -0.55911 0.82742 -0.05255 -0.57492 0.81639 -0.0546 -0.64403 0.76255 -0.06117 -0.57197 0.81997 -0.02239 -0.56045 0.82783 -0.02444 -0.55896 0.82884 -0.02431 -0.54556 0.83765 -0.02675 -0.54383 0.83877 -0.02658 -0.9346 0.35508 0.0209 -0.87443 0.48337 0.04157 -0.83785 0.54498 0.03183 -0.76992 0.6366 0.04432 -0.71128 0.70231 0.02914 -0.63432 0.77218 0.03715 -0.55518 0.83159 0.01548 -0.48746 0.87292 0.01963 -0.48712 0.87311 0.01958 -0.42758 0.90369 0.02299 -0.42805 0.90346 0.02307 -0.3767 0.92598 0.02585 -0.37652 0.92605 0.02581 -0.3328 0.94258 0.02808 -0.33267 0.94263 0.02805 -0.29502 0.95502 0.02992 -0.29529 0.95494 0.03 -0.88614 0.45664 0.07901 -0.886 0.4569 0.07903 -0.91911 0.38339 0.09084 -0.91901 0.38362 0.09087 -0.94005 0.3263 0.0992 -0.95701 0.27544 0.09088 -0.98121 0.09946 0.16531 -0.98528 0.03143 0.16803 -0.98525 0.03142 0.16823 -0.98525 -0.03146 0.16823 -0.98528 -0.03139 0.16803 -0.98276 -0.08119 0.16611 -0.9721 -0.10053 0.21191 -0.96697 -0.14638 0.20865 -0.94989 -0.17686 0.25775 -0.93825 -0.23858 0.25053 -0.91147 -0.28111 0.30033 -0.89422 -0.34163 0.28925 -0.85576 -0.39255 0.33702 -0.83686 -0.4411 0.32419 -0.98895 0.11794 0.08987 -0.97834 0.1703 0.11771 -0.96783 0.22527 0.11204 -0.96783 0.22527 0.11204 -0.95434 0.27946 0.1055 -0.99601 0.05143 0.0729 -0.98909 0.07843 0.12473 -0.98432 0.12797 0.12139 -0.98302 0.17722 0.04765 -0.9829 0.17783 0.04782 -0.9902 0.12961 0.05211 -0.9903 0.1289 0.05184 -0.995 0.08313 0.05538 -0.70697 -0.66525 0.24006 -0.75075 -0.60418 0.26711 -0.80553 -0.54337 0.23637 -0.83619 -0.48624 0.2537 -0.8796 -0.42352 0.21662 -0.89875 -0.3752 0.22686 -0.92963 -0.31743 0.18715 -0.94533 -0.26094 0.1956 -0.96456 -0.21361 0.15493 -0.97379 -0.16142 0.16021 -0.98432 -0.12797 0.12139 -0.98909 -0.07837 0.12474 -0.98904 -0.07857 0.12499 -0.99161 -0.02474 0.12685 -0.99163 -0.02469 0.12674 -0.99163 0.02472 0.12674 -0.17324 0.98488 0.00283 -0.26291 0.9643 0.03155 -0.3041 0.95058 0.06258 -0.34292 0.93743 0.06022 -0.34255 0.93757 0.06012 -0.38761 0.92005 0.0572 -0.3872 0.92022 0.0571 -0.43858 0.8971 0.05352 -0.43869 0.89704 0.05354 -0.49696 0.86638 0.04916 -0.49639 0.86671 0.04906 -0.56248 0.82566 0.0436 -0.56279 0.82545 0.04364 -0.63427 0.77222 0.03708 -0.69797 0.71397 0.05556 -0.77004 0.63644 0.04449 -0.81496 0.5767 0.05702 -0.87435 0.48351 0.04146 -0.89984 0.43346 0.04887 -0.93999 0.33982 0.03061 -0.95754 0.28597 0.03669 -0.9575 0.28607 0.0367 -0.97148 0.2333 0.04231 -0.71971 0.6934 -0.03491 -0.15097 0.98851 -0.00706 -0.15079 0.98854 -0.00707 -0.15583 0.98778 0.00039 -0.17868 0.98391 -0.0005 -0.17863 0.98392 -0.00051 -0.19685 0.98043 -0.00123 -0.19657 0.98049 -0.00124 -0.17828 0.98398 -0.00052 -0.13274 0.99114 -0.00499 -0.23309 0.97242 -0.00876 -0.2331 0.97241 -0.00876 -0.26028 0.96548 -0.00978 -0.26029 0.96548 -0.00978 -0.29205 0.95634 -0.01097 -0.29241 0.95623 -0.01093 -0.33057 0.9437 -0.01235 -0.33059 0.94369 -0.01235 -0.3764 0.92635 -0.01406 -0.40305 0.91516 -0.00611 -0.4625 0.88658 -0.00852 -0.55509 0.83165 0.01535 -0.63243 0.77455 0.01018 -0.71115 0.70245 0.02899 -0.78732 0.61623 0.01974 -0.83794 0.54482 0.03195 -0.89745 0.44072 0.01839 -0.93226 0.36069 0.02818 -0.96432 0.2645 0.01143 -0.9785 0.20554 0.01711 -0.9866 0.16261 0.01337 -0.84294 0.53679 -0.03626 -0.81992 0.5711 -0.03977 -0.81649 0.57601 -0.03944 -0.90345 0.42649 -0.04347 -0.98817 0.15072 -0.0283 -0.97384 0.22591 -0.02463 -0.95331 0.30042 -0.03084 -0.89996 0.4351 -0.02772 -0.87454 0.48387 -0.0323 -0.77394 0.63261 -0.02858 -0.76517 0.64313 -0.02989 -0.96885 0.2451 -0.03538 -0.95605 0.2906 -0.039 -0.90648 0.41997 -0.04379 -0.92278 0.38318 -0.04067 -0.91702 0.39689 -0.03945 -0.93619 0.34933 -0.03885 -0.94643 0.32084 -0.0365 -0.99846 0.04712 -0.02923 -0.98758 0.156 -0.0187 -0.97381 0.22602 -0.02453 -0.94147 0.33656 -0.01875 -0.89965 0.43572 -0.02789 -0.80822 0.58842 -0.02325 -0.77395 0.6326 -0.02859 -0.28438 0.95861 -0.01436 -0.26994 0.9628 -0.01262 -0.32279 0.94635 -0.01509 -0.36252 0.9318 -0.01814 -0.37362 0.92746 -0.01477 -0.42833 0.90346 -0.01693 -0.4316 0.90192 -0.01612 -0.49875 0.86655 -0.01863 -0.53323 0.84589 -0.01145 -0.61599 0.78761 -0.01498 -0.71586 0.69823 0.00425 -0.80048 0.59935 -0.0029 -0.85967 0.51076 0.00948 -0.91968 0.39267 -0.0016 -0.94331 0.33187 0.00475 -0.97534 0.22054 -0.00866 -0.98513 0.17173 -0.00437 -0.99412 0.10724 -0.01517 -0.99752 0.06934 -0.0121 -0.76456 0.64386 -0.02979 -0.86487 0.50086 -0.0337 -0.87437 0.4842 -0.03211 -0.93872 0.34295 -0.03447 -0.95335 0.30029 -0.03093 -0.97741 0.20882 -0.03261 -0.98814 0.15102 -0.02798 -0.96378 0.26246 -0.04739 -0.95957 0.27764 -0.04621 -0.95861 0.28095 -0.04612 -0.97016 0.23866 -0.04278 -0.97 0.23933 -0.04276 -0.97709 0.20898 -0.04036 -0.97871 0.20118 -0.04061 -0.98508 0.16788 -0.03799 -0.98506 0.16797 -0.03799 -0.9926 0.11656 -0.03394 -0.99755 0.05974 -0.03643 -0.99953 0.01498 -0.02689 -0.99894 0.0361 -0.02853 -0.99888 0.03794 -0.02818 -0.99648 0.07771 -0.03135 -0.99657 0.0752 -0.03461 -0.97743 0.2087 -0.03271 -0.96922 0.24362 -0.03549 -0.93824 0.34427 -0.03436 -0.93043 0.3647 -0.03607 -0.86368 0.50293 -0.03348 -0.84506 0.53342 -0.03646 -0.74417 0.66722 -0.0321 -0.72294 0.69001 -0.0352 -0.97174 0.23224 0.04218 -0.98609 0.16487 0.02083 -0.99194 0.12432 0.02439 -0.99691 0.07765 0.01176 -0.9957 0.08868 0.02682 -0.99798 0.0565 0.02909 -0.99501 0.08301 0.05529 -0.09733 0.99525 0.00282 -0.09622 0.99535 -0.00444 -0.11076 0.99383 -0.00511 -0.11016 0.99388 -0.00781 -0.12739 0.99181 -0.00903 -0.13814 0.99036 -0.01012 -0.14887 0.9888 -0.01061 -0.1763 0.98426 -0.01256 -0.17994 0.98364 -0.00844 -0.20768 0.97815 -0.00974 -0.2095 0.97777 -0.00834 -0.23232 0.9726 -0.00925 -0.23231 0.9726 -0.00925 -0.25907 0.9658 -0.01031 -0.25929 0.96575 -0.0103 -0.29074 0.95673 -0.01155 -0.29073 0.95674 -0.01155 -0.32836 0.94446 -0.01304 -0.3287 0.94434 -0.01303 -0.37387 0.92736 -0.01482 -0.37639 0.92635 -0.01406 -0.43161 0.90192 -0.01612 -0.46257 0.88654 -0.00843 -0.53335 0.84582 -0.01135 -0.63276 0.77427 0.01052 -0.71603 0.69806 0.00439 -0.78744 0.61607 0.01987 -0.85953 0.511 0.00934 -0.89757 0.44049 0.01853 -0.94343 0.33153 0.00491 -0.96427 0.26465 0.01165 -0.98512 0.17184 -0.00416 -0.9932 0.1164 0.00059 -0.99345 0.1143 0.00025 -0.99798 0.06344 0.00433 -0.99798 0.06345 0.00433 -0.99942 0.03337 0.00631 -0.99754 0.0691 -0.01215 -0.99969 0.02319 -0.00862 -0.99967 0.01193 -0.02253 -0.99975 0.00441 -0.02207 -0.99944 0.03284 0.00593 -0.99984 0.01669 0.00668 -0.99928 0.02247 0.03063 -0.99958 0.02276 0.01813 -0.99741 0.04331 0.05743 -0.99463 0.05177 0.08959 -0.98977 0.11391 0.08587 -0.98977 0.11394 0.0859 -0.98124 0.17517 0.08055 -0.98133 0.17472 0.08037 -0.96868 0.23702 0.07398 -0.96852 0.23763 0.07414 -0.94934 0.30724 0.06597 -0.94972 0.3061 0.06583 -0.92702 0.37056 0.05756 -0.92662 0.37154 0.05764 -0.89994 0.43325 0.04905 -0.84925 0.52371 0.06708 -0.84894 0.52422 0.06707 -0.98296 0.17801 -0.04577 -0.98808 0.14769 -0.04339 -0.98919 0.14001 -0.04362 -0.99352 0.10603 -0.04095 -0.99392 0.1022 -0.04105 -0.99696 0.0679 -0.03835 -0.99723 0.06366 -0.03846 -0.99908 0.02428 -0.03534 -0.99909 0.02402 -0.03536 -0.99944 -0.00253 -0.03325 -0.99943 -0.00433 -0.0336 -0.99941 -0.0086 -0.03327 -0.99953 0.01467 -0.02695 -0.9998 0.00711 0.01852 -0.99712 0.01618 0.07407 -0.99713 0.01609 0.07393 -0.99161 0.02471 0.12685 -0.98905 0.07851 0.12499 -0.98122 0.09944 0.16526 -0.97374 0.16157 0.16038 -0.97381 0.16133 0.16022 -0.96453 0.21374 0.15491 -0.96464 0.21337 0.15471 -0.94877 0.27997 0.14646 -0.94882 0.27984 0.14641 -0.92899 0.34383 0.13698 -0.92875 0.34442 0.1371 -0.90837 0.39802 0.12825 -0.90884 0.39699 0.12809 -0.87958 0.46132 0.1163 -0.87929 0.46185 0.11636 -0.83576 0.53987 0.10024 -0.83596 0.53957 0.10022 -0.78937 0.60811 0.08423 -0.79005 0.60723 0.08428 -0.74905 0.65869 0.07106 -0.74872 0.65907 0.07103 -0.69792 0.71403 0.05547 -0.62622 0.77694 0.06492 -0.62691 0.77638 0.06501 -0.55789 0.8267 0.07296 -0.55776 0.82679 0.07294 -0.49489 0.86533 0.07938 -0.49543 0.86501 0.07948 -0.43838 0.89479 0.08475 -0.43837 0.89479 0.08475 -0.38768 0.91749 0.08902 -0.38766 0.9175 0.08901 -0.3432 0.9347 0.09247 -0.30101 0.95033 0.07919 -0.28715 0.95453 0.08007 -0.28739 0.95446 0.08012 -0.2554 0.96335 0.08207 -0.25581 0.96323 0.08217 -0.22785 0.97008 0.08378 -0.16165 0.98685 -0.00139 -0.14907 0.98883 0.0007 -0.13146 0.99132 0.00138 -0.94449 0.32456 -0.05106 -0.93966 0.33846 -0.04991 -0.87896 0.4746 -0.04669 -0.88265 0.46767 -0.04707 -0.79011 0.61151 -0.04214 -0.79485 0.60531 -0.0426 -0.69696 0.71614 -0.03735 -0.70054 0.71262 -0.03769 -0.61152 0.79054 -0.0329 -0.62646 0.77886 -0.0305 -0.62926 0.77659 -0.03076 -0.64669 0.76224 -0.02801 -0.64923 0.76007 -0.02823 -0.664 0.74728 -0.02593 -0.66455 0.74679 -0.02602 -0.67221 0.73995 -0.02483 -0.5775 0.68414 0.44547 -0.64124 0.6443 0.41676 -0.64082 0.64469 0.41681 -0.70305 0.59859 0.38395 -0.70268 0.59897 0.38402 -0.76136 0.54731 0.34754 -0.76075 0.54806 0.3477 -0.81397 0.49219 0.30855 -0.81373 0.49253 0.30863 -0.86041 0.43364 0.26768 -0.85995 0.43442 0.26789 -0.89879 0.3751 0.22688 -0.89868 0.37532 0.22694 -0.92963 0.31743 0.18715 -0.94534 0.26092 0.19561 -0.9453 0.261 0.19565 -0.95882 0.1983 0.20334 -0.95874 0.19853 0.2035 -0.96701 0.1463 0.20852 -0.98082 0.10039 0.1671 -0.97204 0.10053 0.21218 -0.97585 0.03901 0.21494 -0.97577 0.03907 0.21529 -0.96338 0.02359 0.26709 -0.94557 0.0282 0.32419 -0.94557 -0.02826 0.32419 -0.92172 -0.03327 0.38642 -0.91804 -0.10014 0.38364 -0.88628 -0.11588 0.44842 -0.87628 -0.19585 0.44019 -0.8349 -0.22224 0.50353 -0.82086 -0.29254 0.49051 -0.76944 -0.32552 0.54954 -0.75577 -0.37705 0.5354 -0.69637 -0.41166 0.58788 -0.76058 0.64603 -0.06445 -0.77081 0.63367 -0.0657 -0.69134 0.72012 -0.05893 -0.70091 0.71072 -0.06008 -0.63192 0.77314 -0.05417 -0.64098 0.76574 -0.05274 -0.64846 0.75935 -0.05363 -0.65953 0.74988 -0.05195 -0.66589 0.74418 -0.05269 -0.67825 0.73307 -0.05088 -0.68504 0.72667 -0.05164 -0.69869 0.71369 -0.04969 -0.70512 0.70729 -0.05039 -0.72017 0.69211 -0.04827 -0.72538 0.68661 -0.04883 -0.74192 0.66888 -0.04652 -0.74668 0.66352 -0.04701 -0.63245 -0.44266 0.63565 -0.63231 -0.44261 0.63583 -0.64777 -0.38484 0.65748 -0.64741 -0.38469 0.65793 -0.66048 -0.32616 0.67631 -0.66032 -0.32608 0.67649 -0.67111 -0.26676 0.6917 -0.67089 -0.26664 0.69196 -0.6793 -0.20773 0.70385 -0.6791 -0.2076 0.70408 -0.68533 -0.14866 0.7129 -0.68524 -0.14859 0.713 -0.68937 -0.08949 0.71886 -0.68938 -0.08951 0.71885 -0.69146 -0.02998 0.72179 -0.69152 -0.03003 0.72173 -0.69152 0.02998 0.72173 -0.69146 0.03004 0.72179 -0.68938 0.08949 0.71885 -0.68937 0.08951 0.71886 -0.68523 0.14868 0.71299 -0.68534 0.14857 0.71291 -0.67908 0.20778 0.70404 -0.67932 0.20754 0.70388 -0.67086 0.26684 0.69191 -0.67114 0.26656 0.69175 -0.66029 0.32622 0.67645 -0.6605 0.32602 0.67635 -0.64732 0.38503 0.65782 -0.64785 0.38451 0.6576 -0.63227 0.44274 0.63578 -0.63249 0.44253 0.6357 -0.61436 0.49996 0.61041 -0.61487 0.49949 0.61028 -0.59392 0.55632 0.58117 -0.59428 0.556 0.58111 -0.57031 0.61196 0.54796 -0.57114 0.61125 0.54788 -0.54412 0.66564 0.51074 -0.54463 0.66523 0.51073 -0.51477 0.71707 0.46992 -0.51526 0.71671 0.46994 -0.48238 0.76581 0.42526 -0.48342 0.7651 0.42535 -0.44736 0.81115 0.3767 -0.44788 0.81083 0.37677 -0.40848 0.85333 0.32398 -0.40912 0.85299 0.3241 -0.37754 0.88202 0.28195 -0.37789 0.88182 0.2821 -0.35594 0.89961 0.253 -0.35639 0.89938 0.25319 -0.33399 0.91567 0.22361 -0.3342 0.91557 0.22371 -0.31121 0.93044 0.19345 -0.3115 0.93032 0.19359 -0.27615 0.94975 0.14738 -0.24446 0.95802 0.1498 -0.20332 0.97539 0.08528 -0.17207 0.98124 0.08691 -0.17238 0.98117 0.08712 -0.13869 0.98635 0.08876 -0.13892 0.9863 0.08896 -0.11228 0.98958 0.09017 -0.11247 0.98954 0.09037 -0.26974 0.9624 -0.03199 -0.30441 0.95182 -0.037 -0.34916 0.9361 -0.04244 -0.35383 0.93431 -0.0432 -0.40945 0.91096 -0.05 -0.40829 0.91145 -0.05062 -0.44398 0.89434 -0.05504 -0.11623 0.99319 -0.00824 -0.11678 0.99313 -0.00796 -0.12385 0.99222 -0.01245 -0.12555 0.99202 -0.01194 -0.13116 0.99123 -0.01588 -0.1344 0.99081 -0.01528 -0.14009 0.98994 -0.01968 -0.15462 0.98777 -0.02026 -0.1585 0.98707 -0.02398 -0.19894 0.9796 -0.02853 -0.19954 0.97945 -0.02935 -0.21951 0.97508 -0.03229 -0.25436 0.96642 -0.03644 -0.23665 0.971 -0.03391 -0.28348 0.95822 -0.03815 -0.28425 0.95799 -0.03825 -0.28533 0.95774 -0.03645 -0.35146 0.93511 -0.04527 -0.41174 0.90964 -0.05498 -0.41516 0.90821 -0.0529 -0.46217 0.88478 -0.05971 -0.70428 0.7068 -0.06649 -0.63353 0.77141 -0.05981 -0.62541 0.77789 -0.06116 -0.56936 0.8202 -0.05567 -0.53337 0.84421 -0.05316 -0.51193 0.85751 -0.05102 -0.42451 0.90437 -0.04364 -0.41344 0.90954 -0.0425 -0.40753 0.91209 -0.04489 -0.37176 0.92737 -0.04217 -0.3813 0.92342 -0.04366 -0.37903 0.92429 -0.04491 -0.42878 0.90198 -0.05081 -0.42709 0.90274 -0.05156 -0.46892 0.88143 -0.05661 -0.46731 0.88224 -0.05721 -0.49547 0.8665 -0.06066 -0.5065 0.86003 -0.06171 -0.49991 0.86373 -0.06369 -0.44445 0.89406 -0.05579 -0.43766 0.89721 -0.05888 -0.38126 0.92314 -0.04945 -0.1213 0.99251 -0.01456 -0.12209 0.99237 -0.01708 -0.1236 0.99218 -0.01736 -0.1246 0.99202 -0.01906 -0.16978 0.98514 -0.02597 -0.16614 0.98578 -0.02535 -0.20827 0.97758 -0.03102 -0.21302 0.97653 -0.03173 -0.25312 0.96674 -0.03655 -0.25446 0.96639 -0.03674 -0.30015 0.95296 -0.04223 -0.28331 0.9582 -0.03986 -0.35048 0.93542 -0.04633 -0.35244 0.93468 -0.04659 -0.35645 0.93326 -0.04439 -0.45076 0.89099 -0.05436 -0.45464 0.88907 -0.0535 -0.5129 0.85625 -0.06137 -0.52336 0.85001 -0.0598 -0.44954 0.89194 -0.04858 -0.44392 0.89479 -0.04774 -0.34373 0.93821 -0.04008 -0.3346 0.94159 -0.03801 -0.2981 0.95393 -0.03386 -0.28641 0.95757 -0.03189 -0.33415 0.9419 -0.03426 -0.60296 0.79461 -0.07093 -0.56936 0.81939 -0.0665 -0.62827 0.77453 -0.07337 -0.65404 0.753 -0.07236 -0.64919 0.75724 -0.07167 -0.64564 0.76007 -0.07372 -0.61149 0.78821 -0.06933 -0.63347 0.77042 -0.07182 -0.63567 0.76858 -0.07214 -0.68244 0.72682 -0.07745 -0.44293 0.89484 -0.05552 -0.46557 0.88308 -0.05836 -0.49416 0.86722 -0.06109 -0.53564 0.84185 -0.06621 -0.54231 0.83769 -0.06455 -0.60962 0.78936 -0.07256 -0.62008 0.78134 -0.07082 -0.46215 0.88478 -0.05994 -0.47054 0.88052 -0.05724 -0.53035 0.84516 -0.06658 -0.5422 0.83781 -0.06403 -0.57212 0.8172 -0.06971 -0.58461 0.8085 -0.06747 -0.62056 0.78064 -0.0742 -0.63832 0.76642 -0.07177 -0.67566 0.73317 -0.07717 -0.69525 0.71478 -0.07554 -0.70085 0.70938 -0.07473 -0.71665 0.69318 -0.07693 -0.72523 0.68432 -0.07574 -0.74158 0.66632 -0.07799 -0.7508 0.65605 -0.07675 -0.76583 0.6382 -0.0788 -0.77581 0.62619 -0.07748 -0.79118 0.60639 -0.07955 -0.80204 0.59214 -0.07813 -0.81671 0.57146 -0.08009 -0.82824 0.55483 -0.07855 -0.75266 0.65338 -0.08123 -0.76182 0.64282 -0.08009 -0.77827 0.6225 -0.08237 -0.78813 0.61013 -0.08116 -0.80579 0.58627 -0.0836 -0.81631 0.57172 -0.0823 -0.83224 0.54793 -0.08449 -0.84345 0.53074 -0.08306 -0.85923 0.50444 -0.08523 -0.87084 0.48441 -0.08365 -0.88452 0.4586 -0.08555 -0.89894 0.42968 -0.08533 -0.89355 0.44099 -0.08422 -0.91152 0.40218 -0.08592 -0.90495 0.41655 -0.08693 -0.89202 0.44391 -0.0851 -0.88054 0.46598 -0.08671 -0.86615 0.49256 -0.0847 -0.85472 0.51189 -0.08617 -0.83825 0.53879 -0.08389 -0.82738 0.55515 -0.0852 -0.8108 0.57942 -0.08291 -0.80034 0.59362 -0.08414 -0.78115 0.61901 -0.08147 -0.76646 0.63689 -0.08317 -0.74488 0.66248 -0.0792 -0.73366 0.67472 -0.08058 -0.71796 0.69174 -0.0777 -0.91989 0.38315 -0.08361 -0.95032 0.29906 -0.08638 -0.94036 0.32943 -0.08486 -0.96102 0.26251 -0.08673 -0.95208 0.29373 -0.08529 -0.9664 0.24201 -0.08658 -0.99526 0.05556 -0.07986 -0.98774 0.13264 -0.08238 -0.99127 0.10226 -0.08328 -0.98416 0.1568 -0.08268 -0.9933 0.08159 -0.08182 -0.98829 0.12906 -0.08141 -0.983 0.16332 -0.08393 -0.9957 0.04606 -0.08039 -0.99406 0.07354 -0.08026 -0.98464 0.15489 -0.0806 -0.98572 0.14781 -0.08068 -0.97925 0.1847 -0.08342 -0.96138 0.26276 -0.0819 -0.9512 0.29683 -0.08438 -0.91589 0.39311 -0.08125 -0.9038 0.41978 -0.08329 -0.85418 0.51399 -0.07872 -0.84207 0.53334 -0.0804 -0.73107 0.67754 -0.08045 -0.74295 0.66465 -0.07916 -0.75918 0.64567 -0.08216 -0.77175 0.63076 -0.08082 -0.7871 0.61113 -0.08369 -0.80055 0.59359 -0.08225 -0.81518 0.57293 -0.08502 -0.82911 0.55282 -0.0835 -0.84322 0.5306 -0.08622 -0.85773 0.50711 -0.08455 -0.87072 0.484 -0.08714 -0.88536 0.45701 -0.0853 -0.89703 0.43318 -0.08772 -0.91145 0.40239 -0.08568 -0.92161 0.37804 -0.08793 -0.93535 0.34319 -0.08563 -0.5765 0.81426 -0.06808 -0.58685 0.80695 -0.06663 -0.62204 0.77969 -0.07179 -0.63291 0.77101 -0.07052 -0.64164 0.76361 -0.07215 -0.67944 0.72992 -0.07467 -0.68461 0.72513 -0.07414 -0.74083 0.66718 -0.07771 -0.57405 0.8164 -0.06292 -0.61193 0.78815 -0.06607 -0.61398 0.78652 -0.06637 -0.61892 0.78268 -0.06596 -0.66196 0.74631 -0.06944 -0.66289 0.74548 -0.06957 -0.51541 0.85507 -0.05662 -0.5247 0.84946 -0.05573 -0.55268 0.83129 -0.05919 -0.5645 0.82338 -0.05826 -0.59333 0.80259 -0.06172 -0.42204 0.90515 -0.0509 -0.42843 0.90222 -0.04957 -0.47933 0.87582 -0.0564 -0.48935 0.87035 -0.05499 -0.51582 0.85467 -0.05894 -0.52591 0.84858 -0.05777 -0.54262 0.83782 -0.06021 -0.55296 0.8311 -0.05922 -0.58357 0.80962 -0.06301 -0.5961 0.80051 -0.06201 -0.62907 0.77454 -0.06599 -0.738 0.67035 -0.07741 -0.74868 0.65849 -0.07656 -0.76651 0.63735 -0.07902 -0.77821 0.62313 -0.07809 -0.7964 0.59938 -0.08059 -0.80888 0.58256 -0.07958 -0.82549 0.55845 -0.08186 -0.83843 0.53899 -0.08076 -0.85325 0.51489 -0.0828 -0.86646 0.49253 -0.08158 -0.88091 0.46584 -0.08359 -0.89211 0.44424 -0.08244 -0.89309 0.44221 -0.08266 -0.91318 0.39894 -0.08335 -0.91846 0.38678 -0.08269 -0.9194 0.38448 -0.08292 -0.75603 0.64957 -0.08055 -0.7695 0.6337 -0.07932 -0.78455 0.6146 -0.08216 -0.79898 0.5959 -0.08085 -0.813 0.57625 -0.08353 -0.82808 0.55456 -0.08211 -0.84158 0.53344 -0.08476 -0.85728 0.50809 -0.08319 -0.87004 0.48547 -0.08577 -0.88569 0.4566 -0.08404 -0.89684 0.43384 -0.08641 -0.91239 0.40051 -0.08444 -0.92232 0.37656 -0.0867 -0.93691 0.33921 -0.08449 -0.94489 0.31574 -0.0865 -0.95621 0.28025 -0.08437 -0.95511 0.28438 -0.08308 -0.91078 0.40401 -0.08515 -0.90621 0.41435 -0.08419 -0.93154 0.3532 -0.08654 -0.93127 0.35391 -0.08648 -0.94156 0.32531 -0.08744 -0.94484 0.3155 -0.08794 -0.95813 0.27336 -0.08521 -0.96442 0.25007 -0.08577 -0.97376 0.21174 -0.08339 -0.97303 0.21558 -0.08209 -0.97978 0.18137 -0.08453 -0.97507 0.20532 -0.08412 -0.98102 0.17416 -0.08526 -0.97012 0.22752 -0.08431 -0.97676 0.19655 -0.08551 -0.96022 0.26629 -0.08406 -0.98684 0.13944 -0.08181 -0.98641 0.14333 -0.08033 -0.99069 0.10819 -0.08263 -0.99476 0.06408 -0.07961 -0.99467 0.06737 -0.07812 -0.74354 0.66458 -0.07405 -0.75633 0.65008 -0.07323 -0.77232 0.63074 -0.07538 -0.78589 0.61386 -0.07451 -0.79398 0.60322 -0.07559 -0.70926 0.70183 -0.0663 -0.73354 0.67614 -0.06899 -0.74846 0.65943 -0.07039 -0.75547 0.65129 -0.07132 -0.77349 0.62955 -0.07333 -0.83983 0.53715 -0.07843 -0.82326 0.56248 -0.07658 -0.8214 0.56521 -0.0764 -0.8067 0.58621 -0.07477 -0.80477 0.58889 -0.07459 -0.78637 0.61347 -0.07257 -0.78248 0.61847 -0.07221 -0.76802 0.63652 -0.07062 -0.76208 0.64368 -0.07007 -0.74609 0.66233 -0.06833 -0.73616 0.67344 -0.06742 -0.72061 0.69021 -0.06573 -0.71109 0.70011 -0.06486 -0.69129 0.71985 -0.06271 -0.6549 0.75338 -0.05928 -0.68765 0.72337 -0.06224 -0.67412 0.73594 -0.06289 -0.70575 0.7054 -0.06584 -0.69244 0.7184 -0.06653 -0.7205 0.68999 -0.06923 -0.70809 0.70265 -0.06995 -0.72722 0.68263 -0.07184 -0.71562 0.69471 -0.07259 -0.92517 0.3712 -0.07924 -0.93022 0.35819 -0.07997 -0.90823 0.41111 -0.07808 -0.89436 0.44074 -0.07657 -0.88994 0.44966 -0.07619 -0.87732 0.47404 -0.07484 -0.87069 0.48619 -0.07427 -0.85585 0.51209 -0.0727 -0.847 0.5267 -0.07195 -0.83564 0.54471 -0.07076 -0.82463 0.56135 -0.06983 -0.80943 0.58324 -0.06825 -0.79633 0.60113 -0.06714 -0.78315 0.61834 -0.06579 -0.77228 0.63196 -0.06487 -0.75932 0.64761 -0.06355 -0.83058 0.55304 -0.06549 -0.86796 0.4919 -0.06844 -0.84122 0.53651 -0.0671 -0.86659 0.49421 -0.06913 -0.8985 0.43177 -0.07916 -0.90418 0.41961 -0.07995 -0.88006 0.46844 -0.07782 -0.86557 0.49495 -0.07624 -0.86254 0.50024 -0.07597 -0.84774 0.52518 -0.07437 -0.84045 0.53685 -0.07373 -0.82737 0.55698 -0.07234 -0.82004 0.5678 -0.0717 -0.80317 0.59163 -0.06991 -0.79378 0.60427 -0.06909 -0.78082 0.62107 -0.06772 -0.76739 0.63772 -0.06656 -0.7546 0.65294 -0.06522 -0.74357 0.66557 -0.06427 -0.72936 0.68124 -0.06278 -0.99006 0.11559 -0.08008 -0.99509 0.05907 -0.07939 -0.98747 0.1367 -0.07878 -0.98227 0.16894 -0.08122 -0.95736 0.27784 -0.07916 -0.94649 0.31222 -0.08173 -0.90294 0.42263 -0.07797 -0.89026 0.44838 -0.08002 -0.99712 -0.00412 -0.0757 -0.99657 0.02119 -0.07996 -0.99692 0.00096 -0.07842 -0.99671 0.02031 -0.07841 -0.99683 0.00916 -0.07902 -0.99532 0.05585 -0.0789 -0.99396 0.07683 -0.07837 -0.98999 0.11538 -0.08132 -0.9774 0.19558 -0.08029 -0.96876 0.23365 -0.08311 -0.9378 0.33772 -0.08045 -0.92623 0.36777 -0.08271 -0.87862 0.47103 -0.07846 -0.86611 0.49336 -0.0803 -0.9931 -0.09163 -0.07316 -0.99516 -0.06289 -0.07555 -0.99566 -0.05498 -0.07514 -0.99146 -0.11071 -0.0689 -0.99609 -0.05486 -0.06922 -0.997 -0.02994 -0.07131 -0.99696 0.03141 -0.07131 -0.99493 0.06783 -0.07422 -0.98483 -0.15953 -0.06824 -0.99245 -0.10155 -0.06877 -0.99463 -0.07522 -0.07104 -0.99715 -0.02501 -0.07122 -0.99731 -0.00071 -0.07323 -0.99329 0.08972 -0.07294 -0.99049 0.11542 -0.07495 -0.9705 0.22966 -0.07344 -0.96486 0.25181 -0.07513 -0.97567 -0.20872 -0.06713 -0.98613 -0.15149 -0.06785 -0.99 -0.12225 -0.07043 -0.99558 -0.06165 -0.07082 -0.99666 -0.03687 -0.07291 -0.99725 0.01287 -0.07295 -0.99648 0.03763 -0.07495 -0.98949 0.12395 -0.07443 -0.98594 0.14865 -0.07634 -0.96277 0.25983 -0.07455 -0.95646 0.28174 -0.07622 -0.95322 0.29272 -0.07538 -0.98064 0.1798 -0.07755 -0.98468 0.15705 -0.07581 -0.99423 0.07511 -0.07654 -0.9959 0.0511 -0.07464 -0.9972 0.00198 -0.07474 -0.99708 -0.02335 -0.07266 -0.99362 -0.08644 -0.07241 -0.99099 -0.11414 -0.07002 -0.98229 -0.17403 -0.06941 -0.97699 -0.20257 -0.06682 -0.94402 0.32092 -0.07636 -0.97418 0.21156 -0.0788 -0.97915 0.18797 -0.07701 -0.99082 0.11047 -0.07793 -0.99318 0.08826 -0.0762 -0.99647 0.03456 -0.07645 -0.99716 0.01095 -0.07455 -0.99589 -0.0515 -0.07446 -0.9942 -0.07983 -0.07207 -0.988 -0.13686 -0.07162 -0.98365 -0.16633 -0.06903 -0.97651 -0.2043 -0.06853 -0.9716 -0.22712 -0.06645 -0.99432 -0.07551 -0.07504 -0.98779 -0.13756 -0.07312 -0.98862 -0.13166 -0.07283 -0.98497 0.16121 -0.06194 -0.98849 0.1388 -0.06018 -0.98901 0.13491 -0.06044 -0.99071 0.12231 -0.05945 -0.9905 0.13545 -0.02365 -0.96341 0.26774 -0.01263 -0.94128 0.33711 -0.01891 -0.87864 0.47736 -0.01081 -0.80734 0.58961 -0.0237 -0.70935 0.70459 -0.0191 -0.67244 0.73973 -0.02498 -0.57886 0.81515 -0.0215 -0.57292 0.8193 -0.02254 -0.49354 0.86951 -0.01942 -0.48525 0.87412 -0.02116 -0.44865 0.89346 -0.02085 -0.47231 0.88113 -0.02316 -0.45951 0.88779 -0.02602 -0.52652 0.84964 -0.02982 -0.5214 0.8528 -0.02943 -0.5617 0.82674 -0.0317 -0.59158 0.8055 -0.03468 -0.67984 0.73227 -0.03986 -0.67591 0.73593 -0.03947 -0.77015 0.63628 -0.04497 -0.76497 0.64253 -0.04445 -0.85876 0.50994 -0.0499 -0.85362 0.51854 -0.04936 -0.91876 0.39123 -0.05313 -0.92403 0.37846 -0.05425 -0.97523 0.21366 -0.05726 -0.97389 0.21981 -0.05682 -0.9939 0.09386 -0.05798 -0.54203 0.83787 -0.06462 -0.54841 0.83383 -0.06304 -0.57655 0.81434 -0.06672 -0.58479 0.80857 -0.06499 -0.61376 0.7865 -0.06866 -0.62184 0.78026 -0.06719 -0.63508 0.76935 -0.06905 -0.64162 0.764 -0.06794 -0.65472 0.75264 -0.06975 -0.66214 0.74623 -0.06857 -0.67582 0.73369 -0.07043 -0.68391 0.72628 -0.0692 -0.69734 0.71321 -0.07101 -0.70623 0.70455 -0.06972 -0.71844 0.69192 -0.07134 -0.72828 0.6817 -0.06996 -0.74184 0.66673 -0.07173 -0.7527 0.6546 -0.07025 -0.76495 0.64007 -0.07182 -0.77672 0.62591 -0.07023 -0.78836 0.61102 -0.07171 -0.80088 0.59472 -0.07002 -0.81278 0.57816 -0.07151 -0.82629 0.55892 -0.06965 -0.83567 0.54465 -0.07082 -0.84662 0.52766 -0.06927 -0.85083 0.52076 -0.07004 -0.85912 0.50712 -0.06883 -0.86258 0.50112 -0.06948 -0.87068 0.48709 -0.06826 -0.87412 0.4808 -0.06891 -0.88263 0.46518 -0.06759 -0.88603 0.45857 -0.06824 -0.89426 0.44251 -0.06691 -0.89695 0.43696 -0.06744 -0.90553 0.41912 -0.06598 -0.90878 0.41192 -0.06664 -0.91729 0.39285 -0.0651 -0.91985 0.38674 -0.06564 -0.92793 0.36719 -0.06408 -0.92985 0.36224 -0.0645 -0.9378 0.34145 -0.06286 -0.94016 0.33478 -0.06341 -0.94843 0.31095 -0.06153 -0.95064 0.30402 -0.06208 -0.95796 0.28052 -0.06024 -0.95915 0.27634 -0.06056 -0.9649 0.25591 -0.05897 -0.96423 0.25862 -0.05808 -0.99117 0.11838 -0.0597 -0.9937 0.09595 -0.05793 -0.99826 0.02475 -0.05361 -0.97254 -0.224 -0.06322 -0.94846 -0.31129 -0.05941 -0.95714 -0.28285 -0.06222 -0.95926 -0.27568 -0.06186 -0.98372 0.16515 -0.07092 -0.99494 0.07036 -0.07173 -0.99658 0.04447 -0.06965 -0.99741 -0.01757 -0.06971 -0.99676 -0.04373 -0.06752 -0.99268 -0.10028 -0.06725 -0.98988 -0.12612 -0.06498 -0.98119 -0.18196 -0.06441 -0.97592 -0.20916 -0.06189 -0.96197 -0.26627 -0.06101 -0.95344 -0.29594 -0.05809 -0.93559 -0.34844 -0.057 -0.92486 -0.37644 -0.05408 -0.95187 -0.30029 -0.06138 -0.93491 -0.34994 -0.05902 -0.93712 -0.34404 -0.0587 -0.92151 -0.3845 -0.05451 -0.92265 -0.38178 -0.05438 -0.94303 -0.32804 -0.05558 -0.95192 -0.30073 -0.05834 -0.9685 -0.24185 -0.05935 -0.97476 -0.21449 -0.06194 -0.98444 -0.16422 -0.06256 -0.9886 -0.13578 -0.06511 -0.99428 -0.08442 -0.06548 -0.99603 -0.05775 -0.06777 -0.99768 0.00485 -0.06788 -0.99708 0.03046 -0.06998 -0.98874 0.1326 -0.06939 -0.98484 0.15809 -0.07138 -0.88433 -0.46416 -0.05017 -0.93068 -0.362 -0.05279 -0.94138 -0.3327 -0.05583 -0.9577 -0.28209 -0.0568 -0.96514 -0.25489 -0.05946 -0.97685 -0.20527 -0.06018 -0.98206 -0.17785 -0.06271 -0.9906 -0.12125 -0.06326 -0.9934 -0.0941 -0.06563 -0.99749 -0.02575 -0.0659 -0.99769 -0.00055 -0.06799 -0.9929 0.09778 -0.06767 -0.98965 0.12539 -0.06984 -0.99322 0.09578 -0.06595 -0.99756 0.02199 -0.06624 -0.99794 -0.00442 -0.06407 -0.99523 -0.07378 -0.06389 -0.99296 -0.10125 -0.06152 -0.98453 -0.16425 -0.061 -0.97942 -0.1932 -0.05836 -0.96808 -0.24393 -0.05768 -0.96084 -0.27158 -0.05501 -0.94591 -0.31988 -0.05416 -0.93611 -0.34796 -0.05128 -0.91569 -0.39875 -0.05016 -0.90387 -0.42519 -0.04727 -0.85271 -0.52048 -0.04459 -0.69204 0.71783 -0.07615 -0.70767 0.70211 -0.07902 -0.67801 0.73114 -0.07571 -0.68285 0.7267 -0.075 -0.7005 0.70943 -0.0775 -0.70821 0.70185 -0.07643 -0.72478 0.68446 -0.07875 -0.73333 0.67543 -0.07762 -0.75135 0.65502 -0.08012 -0.76064 0.64435 -0.07892 -0.77642 0.62497 -0.08109 -0.78631 0.61266 -0.07983 -0.8024 0.59112 -0.08203 -0.8131 0.57651 -0.08065 -0.82839 0.55401 -0.08273 -0.83983 0.53675 -0.08123 -0.85505 0.51182 -0.08329 -0.86419 0.49644 -0.08203 -0.86349 0.49766 -0.0819 -0.8849 0.45837 -0.08274 -0.89195 0.44469 -0.08166 -0.93124 0.3543 -0.08525 -0.94238 0.32408 -0.08305 -0.96754 0.2379 -0.08527 -0.97612 0.2009 -0.0826 -0.98846 0.12633 -0.08365 -0.99238 0.09265 -0.08117 -0.99389 0.07468 -0.08129 -0.99664 0.01689 -0.0802 -0.99622 0.03349 -0.08017 -0.99696 -0.01333 -0.07678 -0.99711 -0.01059 -0.07518 -0.99612 -0.04271 -0.07701 -0.99532 -0.0585 -0.07694 -0.99556 -0.05449 -0.07673 -0.99687 -0.01838 -0.07684 -0.99661 -0.02794 -0.07734 -0.99647 0.03277 -0.07733 -0.9967 0.02296 -0.07787 -0.99346 0.08369 -0.07762 -0.99321 -0.09035 -0.07334 -0.9935 -0.08843 -0.07171 -0.99035 -0.11759 -0.07331 -0.98349 -0.16721 -0.06925 -0.98378 -0.16617 -0.0676 -0.93797 0.33654 -0.08336 -0.94284 0.32284 -0.08261 -0.94612 0.31286 -0.08348 -0.95333 0.29051 -0.08225 -0.95673 0.27881 -0.08322 -0.96313 0.25625 -0.08195 -0.96544 0.24718 -0.08268 -0.97157 0.22239 -0.08125 -0.9742 0.21017 -0.08219 -0.9798 0.18304 -0.08059 -0.98172 0.17203 -0.08139 -0.98606 0.146 -0.07981 -0.98719 0.13779 -0.08039 -0.99087 0.10953 -0.07863 -0.99199 0.09827 -0.07939 -0.99451 0.07025 -0.07759 -0.99502 0.06186 -0.07814 -0.9966 0.03162 -0.07614 -0.99681 0.02176 -0.07677 -0.99717 -0.00929 -0.07465 -0.99701 -0.01773 -0.07517 -0.99617 -0.04817 -0.07302 -0.99569 -0.05656 -0.07353 -0.99349 -0.08893 -0.07116 -0.99268 -0.09719 -0.07166 -0.9891 -0.12999 -0.06917 -0.98815 -0.13682 -0.06958 -0.98362 -0.16725 -0.06719 -0.98266 -0.17268 -0.06752 -0.9764 -0.20599 -0.06483 -0.9747 -0.21377 -0.0653 -0.96788 -0.24291 -0.06484 -0.97855 -0.19407 -0.06911 -0.97505 -0.21104 -0.06886 -0.98565 -0.15313 -0.07099 -0.98907 -0.12908 -0.07124 -0.99215 -0.10109 -0.07363 -0.99639 -0.0417 -0.07395 -0.99699 -0.01396 -0.07622 -0.99595 0.04778 -0.07614 -0.99445 0.0707 -0.07795 -0.98932 0.12343 -0.07755 -0.98628 0.14482 -0.07919 -0.97172 0.22285 -0.07802 -0.96426 0.25251 -0.08025 -0.92596 0.36968 -0.07706 -0.91328 0.39953 -0.07937 -0.96731 -0.24575 -0.06261 -0.96595 -0.25094 -0.06293 -0.96804 -0.24273 -0.06307 -0.96153 -0.26706 -0.06442 -0.95726 -0.28203 -0.06413 -0.95922 -0.27535 -0.06379 -0.96928 -0.23737 -0.06446 -0.96742 -0.24474 -0.06483 -0.97999 -0.18789 -0.06567 -0.97872 -0.19431 -0.06599 -0.98842 -0.1363 -0.06664 -0.94417 -0.3243 -0.05797 -0.94584 -0.31946 -0.05765 -0.93255 -0.35683 -0.05494 -0.94 -0.33694 -0.05354 -0.92289 -0.38128 -0.05382 -0.90438 -0.42384 -0.04962 -0.90276 -0.42723 -0.04989 -0.88834 -0.45678 -0.04685 -0.88708 -0.45921 -0.04706 -0.89141 -0.45073 -0.04729 -0.8925 -0.44834 -0.04932 -0.91316 -0.40401 -0.05402 -0.91687 -0.39558 -0.05347 -0.93959 -0.33711 -0.05932 -0.94667 -0.31692 -0.05812 -0.94678 -0.31626 -0.05983 -0.95538 -0.28915 -0.06037 -0.95691 -0.28411 -0.06005 -0.93414 -0.35326 -0.05088 -0.92497 -0.3769 -0.04879 -0.86046 -0.50767 -0.0434 -0.88725 -0.45868 -0.04908 -0.89313 -0.44711 -0.04905 -0.91118 -0.40855 -0.05328 -0.90111 -0.43014 -0.05458 -0.93722 -0.34409 -0.05677 -0.94695 -0.31579 -0.05964 -0.96367 -0.2601 -0.0607 -0.97103 -0.23037 -0.06354 -0.98286 -0.17275 -0.06432 -0.98707 -0.14572 -0.06676 -0.9932 -0.09511 -0.06717 -0.99522 -0.06864 -0.06945 -0.9975 -0.01237 -0.06961 -0.99734 0.01316 -0.07171 -0.99426 0.07965 -0.07149 -0.99202 0.10257 -0.0733 -0.97804 0.19549 -0.07227 -0.97274 0.21975 -0.07413 -0.99595 -0.08008 -0.04086 -0.99802 -0.04518 -0.04374 -0.99818 -0.04161 -0.04366 -0.99889 -0.00765 -0.04643 -0.99893 5E-05 -0.04626 -0.99826 0.03305 -0.04891 -0.99815 0.03607 -0.04884 -0.99645 0.06673 -0.05129 -0.99627 0.06948 -0.05122 -0.99364 0.09902 -0.05357 -0.99294 0.10589 -0.05338 -0.95196 -0.30309 -0.04377 -0.95288 -0.30017 -0.04374 -0.93379 -0.35523 -0.04286 -0.94083 -0.33641 -0.04082 -0.94186 -0.33352 -0.04079 -0.9193 -0.39153 -0.03981 -0.92184 -0.38554 -0.03975 -0.89928 -0.43566 -0.03877 -0.93896 -0.34212 -0.03609 -0.95407 -0.29727 -0.03707 -0.99831 0.02225 -0.05366 -0.99865 -0.00831 -0.05118 -0.99856 -0.01549 -0.05134 -0.99765 -0.04816 -0.04865 -0.99726 -0.05556 -0.0488 -0.99497 -0.08903 -0.046 -0.99467 -0.09229 -0.04606 -0.99104 -0.12641 -0.04317 -0.99003 -0.13403 -0.04331 -0.98485 -0.16868 -0.04032 -0.98421 -0.17236 -0.04038 -0.97755 -0.20737 -0.03731 -0.99094 -0.12942 -0.03586 -0.99621 -0.07592 -0.04238 -0.98924 -0.14156 -0.037 -0.98765 -0.15216 -0.03739 -0.99224 -0.11841 -0.03807 -0.99562 -0.08399 -0.04094 -0.99428 -0.09562 -0.04754 -0.98659 -0.1547 -0.05211 -0.99087 -0.12714 -0.04493 -0.98345 -0.17653 -0.0408 -0.99631 0.06531 -0.05571 -0.99695 0.05434 -0.05599 -0.98102 0.18593 -0.05509 -0.98625 0.15506 -0.05723 -0.97301 0.22411 -0.05493 -0.97906 0.1966 -0.05278 -0.98036 0.18998 -0.053 -0.98564 0.16103 -0.05073 -0.98675 0.15405 -0.05095 -0.99113 0.12368 -0.04857 -0.99201 0.11636 -0.04878 -0.99534 0.08459 -0.04627 -0.99561 0.08131 -0.04636 -0.99788 0.04828 -0.04373 -0.99804 0.0446 -0.04383 -0.9991 0.01031 -0.04109 -0.99913 0.00644 -0.04118 -0.99884 -0.02899 -0.03833 -0.99871 -0.03307 -0.03842 -0.99755 -0.0598 -0.03625 -0.99731 -0.06363 -0.0364 -0.99803 -0.05042 -0.03746 -0.99739 -0.05983 -0.0405 -0.99827 -0.04117 -0.04194 -0.99938 -0.01053 -0.03366 -0.99938 -0.01007 -0.03369 -0.99966 0.00234 -0.02604 -0.99975 0.01366 -0.01757 -0.99894 0.04153 -0.01966 -0.99893 0.0418 -0.01961 -0.99749 0.06748 -0.02164 -0.99406 0.1078 -0.01496 -0.99011 0.13917 -0.01755 -0.97562 0.21932 -0.0082 -0.96354 0.26729 -0.01248 -0.91983 0.39232 -0.00145 -0.87886 0.47697 -0.01065 -0.80067 0.5991 -0.00277 -0.70958 0.70437 -0.01898 -0.61616 0.78748 -0.01486 -0.57886 0.81514 -0.0215 -0.49855 0.86666 -0.01852 -0.49391 0.8693 -0.01948 -0.42803 0.90361 -0.01688 -0.41779 0.90834 -0.01946 -0.34218 0.9395 -0.01594 -0.32994 0.94378 -0.02037 -0.32618 0.94509 -0.02023 -0.31555 0.94858 -0.02485 -0.31001 0.95042 -0.02455 -0.30332 0.95247 -0.02817 -0.23799 0.97098 -0.02368 -0.28419 0.95831 -0.02973 -0.27942 0.95956 -0.03421 -0.24204 0.96984 -0.02871 -0.24126 0.96996 -0.03124 -0.30268 0.95228 -0.0392 -0.28722 0.95715 -0.03685 -0.35147 0.93511 -0.04509 -0.32918 0.94334 -0.04179 -0.37443 0.92604 -0.04754 -0.37446 0.92602 -0.04754 -0.42081 0.90558 -0.05342 -0.41838 0.90662 -0.05476 -0.38014 0.92362 -0.04911 -0.37651 0.92494 -0.05225 -0.32851 0.94348 -0.04387 -0.32798 0.94362 -0.04493 -0.37843 0.92418 -0.05185 -0.40197 0.91394 -0.05593 -0.41069 0.91031 -0.05159 -0.90331 -0.42777 -0.03221 -0.8549 -0.5179 -0.03048 -0.86603 -0.49916 -0.02879 -0.90188 -0.43076 -0.03245 -0.91597 -0.39965 -0.03568 -0.91596 -0.3997 -0.03559 -0.95152 -0.3043 -0.04494 -0.95154 -0.30417 -0.04525 -0.96891 -0.24211 -0.05092 -0.96891 -0.24214 -0.05083 -0.87753 -0.47851 -0.03129 -0.89544 -0.44379 -0.03508 -0.89552 -0.44361 -0.03537 -0.93973 -0.3388 -0.04607 -0.93972 -0.33884 -0.04599 -0.96215 -0.26736 -0.05269 -0.96215 -0.2674 -0.05261 -0.9804 -0.18786 -0.05943 -0.98001 -0.19242 -0.05053 -0.98674 -0.15313 -0.05379 -0.98672 -0.15231 -0.05637 -0.99225 -0.1089 -0.05978 -0.86749 -0.49637 -0.0328 -0.87762 -0.47809 -0.03486 -0.87759 -0.47815 -0.03478 -0.92933 -0.3663 -0.04657 -0.9294 -0.36609 -0.04686 -0.95493 -0.29188 -0.05398 -0.95497 -0.29168 -0.05429 -0.92659 -0.37417 -0.03776 -0.92916 -0.36774 -0.03768 -0.9049 -0.42405 -0.0367 -0.90619 -0.42128 -0.03667 -0.88428 -0.46558 -0.03578 -0.88563 -0.46301 -0.03575 -0.85416 -0.51886 -0.03448 -0.99088 -0.12393 -0.0529 -0.97951 -0.19447 -0.0523 -0.97284 -0.22616 -0.04938 -0.95629 -0.28838 -0.04854 -0.94697 -0.31807 -0.04563 -0.92745 -0.37126 -0.04469 -0.91618 -0.39857 -0.04182 -0.89555 -0.44308 -0.04087 -0.87667 -0.47969 -0.03674 -0.81923 -0.57215 -0.03893 -0.87301 -0.48594 -0.04148 -0.88705 -0.45951 -0.04454 -0.91029 -0.41144 -0.0457 -0.92158 -0.38513 -0.04854 -0.93786 -0.34347 -0.0494 -0.94764 -0.31503 -0.05229 -0.9639 -0.26092 -0.05318 -0.97092 -0.2328 -0.05587 -0.98282 -0.17569 -0.05655 -0.98763 -0.14513 -0.0593 -0.99493 -0.08087 -0.05974 -0.99666 -0.0531 -0.0621 -0.99781 0.02243 -0.06217 -0.99673 0.04896 -0.06433 -0.99457 -0.08811 -0.05532 -0.98576 -0.15899 -0.05483 -0.98077 -0.18808 -0.05221 -0.96525 -0.25621 -0.05139 -0.95701 -0.28595 -0.04852 -0.93919 -0.34009 -0.04762 -0.92845 -0.36876 -0.04467 -0.91085 -0.41041 -0.04382 -0.89816 -0.43776 -0.04083 -0.87646 -0.47983 -0.03984 -0.86268 -0.5044 -0.03697 -0.83841 -0.54386 -0.03593 -0.82221 -0.56823 -0.03288 -0.91419 -0.40379 -0.03471 -0.91416 -0.40387 -0.03471 -0.89033 -0.45406 -0.03381 -0.89179 -0.45119 -0.03377 -0.86675 -0.49766 -0.03282 -0.86978 -0.49236 -0.03276 -0.83828 -0.54432 -0.03157 -0.83875 -0.54361 -0.0315 -0.80428 -0.59348 -0.03021 -0.94177 -0.33152 -0.05631 -0.90868 -0.41473 -0.04798 -0.90871 -0.41466 -0.04805 -0.84268 -0.53733 -0.03427 -0.8425 -0.53763 -0.03399 -0.82467 -0.56487 -0.02905 -0.82585 -0.56305 -0.03089 -0.83387 -0.55117 -0.02973 -0.85937 -0.51018 -0.03461 -0.85933 -0.51026 -0.03452 -0.9186 -0.39233 -0.04737 -0.91858 -0.3924 -0.0473 -0.94098 -0.33429 -0.05306 -0.94529 -0.32141 -0.0559 -0.96168 -0.26734 -0.06088 -0.96791 -0.2444 -0.05856 -0.9679 -0.24444 -0.05849 -0.97289 -0.22428 -0.05643 -0.97289 -0.22432 -0.05634 -0.97759 -0.20343 -0.0542 -0.76797 -0.63991 -0.02707 -0.79573 -0.60481 -0.03182 -0.78503 -0.61855 -0.03334 -0.84021 -0.54109 -0.03569 -0.85575 -0.51594 -0.03875 -0.87916 -0.47486 -0.03981 -0.8932 -0.4476 -0.04291 -0.91184 -0.40821 -0.0438 -0.92319 -0.38151 -0.04666 -0.94123 -0.33439 -0.04757 -0.95087 -0.30546 -0.05047 -0.96687 -0.25006 -0.05132 -0.97366 -0.2215 -0.05401 -0.98677 -0.15262 -0.05474 -0.99079 -0.12267 -0.05738 -0.99725 -0.04635 -0.05776 -0.99794 -0.02367 -0.05965 -0.8932 -0.44702 -0.04867 -0.88439 -0.46416 -0.04909 -0.92625 -0.37233 -0.05864 -0.98426 -0.16941 -0.05028 -0.97851 -0.20064 -0.04748 -0.97707 -0.20754 -0.04757 -0.96972 -0.24012 -0.04459 -0.96899 -0.24303 -0.04463 -0.96066 -0.27457 -0.04168 -0.95973 -0.2778 -0.04172 -0.95017 -0.30932 -0.03872 -0.94912 -0.31253 -0.03877 -0.93791 -0.34504 -0.03561 -0.93539 -0.35181 -0.03571 -0.92607 -0.37588 -0.03332 -0.9265 -0.37483 -0.03324 -0.93665 -0.34843 -0.03584 -0.93665 -0.34845 -0.03576 -0.96415 -0.2617 -0.04391 -0.96416 -0.26162 -0.04421 -0.97631 -0.21085 -0.0487 -0.97632 -0.20917 -0.05512 -0.97759 -0.20332 -0.05452 -0.98501 -0.1625 -0.05792 -0.98047 -0.18674 -0.06171 -0.98893 -0.13287 -0.066 -0.99665 -0.04407 -0.06888 -0.99488 -0.05815 -0.08265 -0.99479 -0.05925 -0.08299 -0.99597 -0.03142 -0.08406 -0.99795 -0.01926 -0.06099 -0.9981 -0.00604 -0.06127 -0.99975 0.00035 -0.02234 -0.91747 -0.39362 -0.05752 -0.94684 -0.31506 -0.06503 -0.947 -0.31458 -0.0651 -0.96523 -0.25169 -0.07061 -0.96557 -0.25029 -0.07094 -0.98139 -0.17597 -0.07686 -0.9844 -0.1602 -0.07269 -0.78632 -0.61706 -0.03067 -0.79844 -0.60119 -0.03268 -0.78505 -0.61859 -0.03238 -0.87542 -0.48087 -0.04905 -0.8744 -0.48271 -0.04909 -0.91962 -0.3884 -0.05867 -0.81394 -0.58003 -0.03286 -0.79785 -0.60197 -0.03252 -0.88387 -0.46518 -0.04888 -0.87593 -0.47992 -0.04924 -0.92051 -0.38623 -0.05902 -0.92065 -0.38591 -0.059 -0.94601 -0.3175 -0.06527 -0.81954 -0.57216 -0.03146 -0.78677 -0.61651 -0.0302 -0.80709 -0.58948 -0.03345 -0.78921 -0.61325 -0.03271 -0.81575 -0.5772 -0.03729 -0.8262 -0.56211 -0.03777 -0.85552 -0.51594 -0.04343 -0.87603 -0.4802 -0.04447 -0.89542 -0.44255 -0.04878 -0.91713 -0.39543 -0.04996 -0.9289 -0.36652 -0.05305 -0.94771 -0.31451 -0.05412 -0.95614 -0.28736 -0.05684 -0.96947 -0.23834 -0.05763 -0.97568 -0.21074 -0.06023 -0.98613 -0.1544 -0.06088 -0.9899 -0.12684 -0.06334 -0.99593 -0.06369 -0.06372 -0.99718 -0.03564 -0.06609 -0.99743 0.02759 -0.06611 -0.99522 0.06869 -0.06942 -0.99026 0.12154 -0.06798 -0.88001 -0.4736 -0.03572 -0.86392 -0.5024 -0.03506 -0.88112 -0.47135 -0.03801 -0.8597 -0.50945 -0.03708 -0.87662 -0.4795 -0.04006 -0.84376 -0.53533 -0.03856 -0.86248 -0.50435 -0.04194 -0.82502 -0.56397 -0.03573 -0.85916 -0.51035 -0.03721 -0.84064 -0.54053 -0.03411 -0.86408 -0.50214 -0.03506 -0.84599 -0.53223 -0.03213 -0.90189 -0.43042 -0.03642 -0.88244 -0.46908 -0.03564 -0.89869 -0.4369 -0.0385 -0.88481 -0.46441 -0.0379 -0.90092 -0.43206 -0.04084 -0.8778 -0.47737 -0.03979 -0.8944 -0.4452 -0.04288 -0.86162 -0.50586 -0.04131 -0.9214 -0.38683 -0.03713 -0.90297 -0.42816 -0.03638 -0.91861 -0.3932 -0.03927 -0.89972 -0.43477 -0.03846 -0.91548 -0.40023 -0.04143 -0.90188 -0.43006 -0.04081 -0.91684 -0.39684 -0.04374 -0.8952 -0.44361 -0.0427 -0.91068 -0.41058 -0.04577 -0.94211 -0.33316 -0.03777 -0.92354 -0.3817 -0.03702 -0.93821 -0.34376 -0.03993 -0.92074 -0.38821 -0.03918 -0.93556 -0.35065 -0.04217 -0.91757 -0.39543 -0.04136 -0.93193 -0.35993 -0.04429 -0.91889 -0.39209 -0.04367 -0.93199 -0.3595 -0.04644 -0.9121 -0.40745 -0.04544 -0.92633 -0.37359 -0.04847 -0.86204 -0.50578 -0.03273 -0.86197 -0.5059 -0.03274 -0.88177 -0.47049 -0.03349 -0.88424 -0.46583 -0.03339 -0.90329 -0.42767 -0.03411 -0.90443 -0.42525 -0.03406 -0.926 -0.3759 -0.03488 -0.92705 -0.37332 -0.03482 -0.94342 -0.3297 -0.03543 -0.99643 0.05476 -0.06419 -0.99783 -0.01454 -0.06428 -0.99716 -0.04283 -0.06191 -0.99234 -0.1071 -0.06161 -0.98907 -0.13504 -0.05916 -0.97744 -0.20295 -0.05846 -0.97138 -0.23088 -0.05585 -0.95817 -0.28085 -0.05509 -0.94947 -0.30947 -0.05225 -0.93283 -0.35664 -0.05133 -0.92239 -0.3832 -0.04853 -0.90233 -0.42842 -0.04747 -0.88866 -0.45641 -0.04433 -0.86446 -0.50086 -0.04312 -0.84266 -0.53705 -0.03874 -0.82237 -0.56769 -0.0378 -0.79137 -0.61049 -0.03226 -0.77966 -0.62539 -0.03178 -0.77496 -0.63125 -0.03101 -0.76767 -0.64025 -0.02761 -0.79941 -0.6001 -0.02875 -0.80031 -0.5989 -0.02852 -0.83322 -0.55215 -0.02969 -0.98539 -0.16278 -0.05018 -0.97129 -0.23271 -0.04947 -0.96359 -0.26328 -0.04659 -0.94489 -0.32419 -0.04569 -0.93481 -0.35256 -0.04283 -0.91372 -0.40417 -0.04187 -0.90052 -0.43308 -0.03875 -0.87134 -0.48925 -0.03749 -0.85556 -0.51657 -0.03429 -0.82182 -0.5688 -0.03294 -0.80565 -0.59163 -0.03001 -0.76993 -0.63749 -0.02868 -0.75522 -0.65495 -0.02626 -0.73922 -0.67298 -0.0257 -0.77665 -0.62914 -0.03163 -0.79377 -0.60738 -0.03201 -0.88498 -0.46318 -0.0477 -0.90149 -0.43026 -0.04686 -0.94781 -0.31375 -0.05677 -0.90923 -0.41371 -0.04619 -0.91797 -0.394 -0.04565 -0.96055 -0.27258 -0.05514 -0.85157 -0.5236 -0.0261 -0.84565 -0.53299 -0.02822 -0.81687 -0.57618 -0.02726 -0.82848 -0.5591 -0.03213 -0.84088 -0.54025 -0.03236 -0.91807 -0.39377 -0.04572 -0.92847 -0.36866 -0.04501 -0.95737 -0.28425 -0.05141 -0.96342 -0.2633 -0.05002 -0.98153 -0.18312 -0.05532 -0.84018 -0.54137 -0.03206 -0.856 -0.51596 -0.03234 -0.92859 -0.36835 -0.0451 -0.93841 -0.34266 -0.04434 -0.96349 -0.26303 -0.0501 -0.96957 -0.23996 -0.04855 -0.9795 -0.19478 -0.05146 -0.98347 -0.17422 -0.04934 -0.99089 -0.12415 -0.05226 -0.96127 -0.27327 -0.0359 -0.94535 -0.32415 -0.0353 -0.95949 -0.27911 -0.03837 -0.94301 -0.33061 -0.03771 -0.95626 -0.28967 -0.04061 -0.93906 -0.34142 -0.03988 -0.95265 -0.30105 -0.04286 -0.93638 -0.34845 -0.04213 -0.94906 -0.31188 -0.04494 -0.93385 -0.35493 -0.04422 -0.94619 -0.32018 -0.04699 -0.93385 -0.35464 -0.04637 -0.94617 -0.31991 -0.04921 -0.9336 -0.35502 -0.04856 -0.9454 -0.32184 -0.05135 -0.93591 -0.34856 -0.05084 -0.94705 -0.31657 -0.05358 -0.92967 -0.36393 -0.05715 -0.95104 -0.30271 -0.06233 -0.96797 -0.24127 -0.06947 -0.96675 -0.24623 -0.06909 -0.96734 -0.24378 -0.0694 -0.98264 -0.16977 -0.07484 -0.98102 -0.17798 -0.07701 -0.99095 -0.10629 -0.08201 -0.99162 -0.10394 -0.07673 -0.99161 -0.10133 -0.08025 -0.99204 -0.1117 -0.05819 -0.99625 -0.06149 -0.06083 -0.99561 -0.06202 -0.07016 -0.9954 -0.07175 -0.06349 -0.97817 -0.19844 -0.06173 -0.98829 -0.13777 -0.0656 -0.98208 -0.17293 -0.07489 -0.99153 -0.1028 -0.0794 -0.99154 -0.10223 -0.07993 -0.99633 -0.0157 -0.08413 -0.99608 -0.04938 -0.07337 -0.9969 -0.02646 -0.07411 -0.99594 -0.03181 -0.08424 -0.99636 -0.00998 -0.08467 -0.9981 -0.00615 -0.06135 -0.9981 0.00605 -0.06135 -0.99975 -0.00035 -0.02234 -0.99989 -0.01425 -0.00291 -0.47821 0.8768 -0.05038 -0.4593 0.887 -0.04761 -0.41283 0.9098 -0.0428 -0.40524 0.91317 -0.04358 -0.37398 0.92659 -0.03957 -0.54524 0.83671 -0.05126 -0.38326 0.92286 -0.03796 -0.41093 0.91073 -0.04134 -0.45572 0.88894 -0.04585 -0.45724 0.88815 -0.04607 -0.49023 0.87019 -0.04939 -0.49704 0.86627 -0.05037 -0.52616 0.84868 -0.05386 -0.34302 0.93865 -0.03566 -0.35355 0.93478 -0.03448 -0.37607 0.92584 -0.03724 -0.38558 0.92196 -0.03645 -0.42537 0.90413 -0.04021 -0.43797 0.89801 -0.04205 -0.47007 0.88148 -0.04513 -0.48587 0.87275 -0.04738 -0.50837 0.85971 -0.04957 -0.53036 0.84617 -0.05214 -0.53902 0.84063 -0.05299 -0.56332 0.82435 -0.05582 -0.60413 0.79464 -0.05986 -0.66654 0.74249 -0.06653 -0.64188 0.76412 -0.06407 -0.65288 0.7548 -0.06344 -0.62503 0.77823 -0.06073 -0.63613 0.76924 -0.06015 -0.60812 0.79176 -0.0575 -0.61981 0.78269 -0.05692 -0.6991 0.71156 -0.07034 -0.6813 0.72879 -0.06854 -0.69264 0.71809 -0.06786 -0.66717 0.74203 -0.06537 -0.67893 0.73134 -0.06473 -0.64916 0.75813 -0.06189 -0.66182 0.74716 -0.06126 -0.63101 0.77357 -0.05841 -0.64376 0.76304 -0.05782 -0.62829 0.77549 -0.06222 -0.60313 0.7954 -0.05973 -0.61332 0.78762 -0.05915 -0.57306 0.81765 -0.05527 -0.6113 0.78928 -0.05793 -0.56763 0.82152 -0.05379 -0.57937 0.81333 -0.05321 -0.61845 0.78384 -0.05574 -0.61374 0.78758 -0.05512 -0.53891 0.84099 -0.04821 -0.52026 0.85276 -0.04618 -0.50911 0.85952 -0.04519 -0.81272 0.57942 -0.06136 -0.82622 0.55988 -0.06238 -0.8067 0.58756 -0.06337 -0.81872 0.57057 -0.06431 -0.67866 0.73273 -0.05028 -0.70384 0.70844 -0.05215 -0.68705 0.72469 -0.05278 -0.48298 0.8746 -0.04233 -0.4809 0.87577 -0.04205 -0.44539 0.89449 -0.03894 -0.43505 0.89963 -0.03747 -0.39408 0.91845 -0.03394 -0.53514 0.84371 -0.04217 -0.55011 0.83395 -0.04368 -0.56668 0.82271 -0.045 -0.67792 0.73301 -0.05587 -0.64399 0.76319 -0.05307 -0.66066 0.74885 -0.05243 -0.62764 0.77691 -0.04981 -0.64475 0.76281 -0.04918 -0.61266 0.78896 -0.04673 -0.63078 0.77459 -0.04607 -0.59873 0.79975 -0.04372 -0.63499 0.77078 -0.05193 -0.59428 0.80279 -0.0486 -0.63594 0.77006 -0.05087 -0.58314 0.81103 -0.04665 -0.60541 0.7946 -0.04581 -0.56807 0.82186 -0.04298 -0.60787 0.79277 -0.04488 -0.63736 0.76914 -0.04688 -0.67143 0.73942 -0.04939 -0.65212 0.75646 -0.0501 -0.68709 0.72465 -0.05278 -0.66891 0.74142 -0.05347 -0.70472 0.70724 -0.05633 -0.6871 0.72433 -0.05703 -0.70967 0.70207 -0.05891 -0.87058 0.48567 -0.0788 -0.87598 0.47575 -0.07954 -0.85144 0.51873 -0.07731 -0.83482 0.54532 -0.07549 -0.83335 0.54758 -0.07535 -0.81848 0.56978 -0.07373 -0.81285 0.57785 -0.07323 -0.79617 0.60084 -0.07142 -0.78841 0.61108 -0.07072 -0.77564 0.62735 -0.06935 -0.76594 0.63925 -0.06848 -0.74969 0.65841 -0.06675 -0.74023 0.66912 -0.0659 -0.72449 0.68629 -0.06423 -0.71535 0.69588 -0.06342 -0.7035 0.70797 -0.06216 -0.68003 0.73072 -0.06008 -0.66899 0.74095 -0.05865 -0.63705 0.7688 -0.05585 -0.62697 0.77713 -0.05454 -0.58562 0.80898 -0.05094 -0.57191 0.81869 -0.05155 -0.55198 0.83239 -0.04938 -0.53467 0.84356 -0.05027 -0.50544 0.86158 -0.04697 -0.50144 0.86394 -0.04642 -0.46438 0.88459 -0.04299 -0.45145 0.89134 -0.04115 -0.42077 0.90636 -0.03835 -0.42313 0.90524 -0.0387 -0.38083 0.92399 -0.03483 -0.43436 0.90002 -0.03601 -0.42879 0.90272 -0.03521 -0.46284 0.88563 -0.038 -0.473 0.88018 -0.03941 -0.49862 0.86583 -0.04155 -0.51355 0.85697 -0.04312 -0.52761 0.84833 -0.0443 -0.54351 0.83814 -0.04597 -0.55905 0.82778 -0.04728 -0.57787 0.81464 -0.04925 -0.62628 0.77777 -0.05338 -0.61976 0.78303 -0.05253 -0.65171 0.75645 -0.05524 -0.6617 0.74764 -0.05652 -0.69556 0.716 -0.05942 -0.69604 0.71553 -0.05948 -0.72058 0.69059 -0.06203 -0.73599 0.67421 -0.06136 -0.74866 0.65999 -0.06265 -0.27762 0.96033 -0.02626 -0.31561 0.94847 -0.02812 -0.31432 0.94891 -0.0279 -0.33269 0.94267 -0.02642 -0.33354 0.94236 -0.02656 -0.5272 0.84886 -0.03865 -0.5154 0.85613 -0.03751 -0.8163 0.57461 -0.05906 -0.8565 0.51241 -0.06197 -0.82663 0.55947 -0.06066 -0.85178 0.52015 -0.06251 -0.83648 0.54432 -0.06337 -0.87338 0.48252 -0.06617 -0.84344 0.53331 -0.06477 -0.87264 0.48375 -0.06702 -0.86232 0.50183 -0.0677 -0.88149 0.46709 -0.06921 -0.87223 0.48408 -0.06987 -0.88935 0.45165 -0.07124 -0.79893 0.59891 -0.05499 -0.81533 0.57628 -0.05612 -0.79301 0.60653 -0.05716 -0.80583 0.58929 -0.05809 -0.78515 0.61648 -0.05903 -0.80069 0.59605 -0.0602 -0.78093 0.62162 -0.06112 -0.79488 0.60357 -0.06221 -0.80553 0.59021 -0.05268 -0.84527 0.53147 -0.05528 -0.81618 0.57526 -0.0542 -0.84293 0.5351 -0.05597 -0.82426 0.56334 -0.05694 -0.86195 0.50349 -0.05954 -0.83135 0.55269 -0.05831 -0.86032 0.50617 -0.06034 -0.84891 0.525 -0.06101 -0.86753 0.49347 -0.06235 -0.85605 0.51303 -0.06305 -0.87877 0.47283 -0.06473 -0.86789 0.49242 -0.06545 -0.88654 0.4578 -0.06686 -0.87676 0.47616 -0.06756 -0.89532 0.44004 -0.06899 -0.88556 0.45926 -0.06975 -0.90399 0.42158 -0.0712 -0.89481 0.44061 -0.07198 -0.91112 0.40557 -0.07329 -0.78931 0.61206 -0.04867 -0.80843 0.58648 -0.04985 -0.78252 0.62053 -0.05101 -0.79809 0.60028 -0.05203 -0.77381 0.63119 -0.05308 -0.79002 0.61068 -0.05419 -0.76788 0.63821 -0.05514 -0.7826 0.61998 -0.0562 -0.76151 0.64563 -0.05709 -0.77681 0.62704 -0.05824 -0.75757 0.65008 -0.05906 -0.76927 0.6361 -0.05998 -0.7172 0.69517 -0.04864 -0.55669 0.82987 -0.03749 -0.56833 0.8219 -0.03855 -0.6222 0.78172 -0.04221 -0.61151 0.79018 -0.04087 -0.64386 0.76393 -0.04304 -0.64961 0.75901 -0.04374 -0.68571 0.72641 -0.04617 -0.68412 0.72792 -0.04598 -0.70417 0.70843 -0.04776 -0.70164 0.71127 -0.0424 -0.71978 0.69281 -0.04391 -0.73577 0.67575 -0.04488 -0.77661 0.62838 -0.04488 -0.79484 0.60508 -0.04593 -0.76666 0.64032 -0.04715 -0.78342 0.61963 -0.04818 -0.75781 0.65062 -0.04924 -0.77521 0.6297 -0.05037 -0.75124 0.65803 -0.05135 -0.76508 0.64181 -0.0523 -0.74299 0.66719 -0.05318 -0.75947 0.64826 -0.05436 -0.73905 0.67139 -0.05518 -0.74987 0.65922 -0.05599 -0.73076 0.68028 -0.05676 -0.74618 0.66322 -0.05796 -0.92797 0.36504 -0.07495 -0.91627 0.39367 -0.07401 -0.92468 0.37365 -0.07314 -0.90927 0.40995 -0.07192 -0.91826 0.38955 -0.07107 -0.90074 0.42873 -0.06972 -0.91034 0.40809 -0.06889 -0.89064 0.44968 -0.0674 -0.90143 0.42779 -0.06655 -0.88153 0.46762 -0.06509 -0.89185 0.44773 -0.06434 -0.87176 0.48589 -0.06289 -0.88326 0.46474 -0.06212 -0.86317 0.50125 -0.06071 -0.87528 0.47989 -0.05994 -0.85314 0.5184 -0.05843 -0.86524 0.49803 -0.05771 -0.84731 0.52808 -0.05652 -0.85996 0.5073 -0.0558 -0.83801 0.54294 -0.05438 -0.85126 0.522 -0.05366 -0.82275 0.56603 -0.05186 -0.85546 0.51516 -0.05294 -0.81618 0.57558 -0.05051 -0.83693 0.54506 -0.04948 -0.80859 0.58643 -0.04781 -0.84129 0.53839 -0.04877 -0.80109 0.59673 -0.04644 -0.82317 0.56598 -0.0454 -0.79732 0.60196 -0.04397 -0.82981 0.55624 -0.04481 -0.78888 0.61307 -0.0426 -0.81317 0.58055 -0.04147 -0.94357 0.32222 -0.07653 -0.93279 0.35238 -0.07565 -0.94084 0.33052 -0.07465 -0.92828 0.3645 -0.07366 -0.93643 0.34323 -0.07272 -0.92199 0.38055 -0.0716 -0.93117 0.35767 -0.07063 -0.91286 0.40237 -0.06924 -0.92229 0.3804 -0.06834 -0.9054 0.41923 -0.06709 -0.91495 0.39809 -0.06626 -0.89594 0.43941 -0.06488 -0.9067 0.41689 -0.06402 -0.88745 0.45663 -0.06266 -0.89886 0.43384 -0.06182 -0.87954 0.47197 -0.06049 -0.89101 0.45005 -0.0597 -0.86954 0.49041 -0.05826 -0.88232 0.46714 -0.05743 -0.86292 0.50221 -0.05617 -0.87634 0.47851 -0.05534 -0.8529 0.5193 -0.05386 -0.8663 0.49669 -0.05308 -0.84708 0.52893 -0.0519 -0.86113 0.50581 -0.05111 -0.83999 0.54031 -0.04986 -0.85466 0.51687 -0.04905 -0.83376 0.55004 -0.04785 -0.84912 0.52611 -0.04704 -0.8263 0.56137 -0.04577 -0.84313 0.53583 -0.0449 -0.8206 0.56983 -0.0437 -0.83735 0.54499 -0.04284 -0.81508 0.57785 -0.0417 -0.83254 0.55246 -0.04081 -0.95373 0.29049 -0.07758 -0.9468 0.31248 -0.07702 -0.95399 0.29008 -0.07593 -0.94416 0.3208 -0.07515 -0.95141 0.29886 -0.07413 -0.93987 0.33359 -0.07323 -0.94765 0.31103 -0.07221 -0.93594 0.34486 -0.07132 -0.94425 0.32165 -0.07031 -0.92726 0.36801 -0.06904 -0.93632 0.3445 -0.06806 -0.91878 0.38909 -0.06679 -0.92857 0.36526 -0.06583 -0.91066 0.40809 -0.06456 -0.92117 0.38391 -0.06362 -0.90291 0.42529 -0.06236 -0.91414 0.40072 -0.06143 -0.8938 0.44442 -0.06006 -0.90578 0.4196 -0.05915 -0.8852 0.46161 -0.0578 -0.89791 0.43648 -0.0569 -0.87928 0.47304 -0.05572 -0.89201 0.44868 -0.05485 -0.86929 0.4914 -0.05346 -0.88347 0.46554 -0.05255 -0.86285 0.50284 -0.05132 -0.87699 0.47785 -0.05046 -0.85644 0.51389 -0.04927 -0.87205 0.48701 -0.04834 -0.84965 0.52524 -0.0471 -0.86522 0.49926 -0.0462 -0.845 0.53286 -0.04512 -0.8613 0.50618 -0.0442 -0.83926 0.54203 -0.04307 -0.85629 0.51477 -0.04212 -0.83451 0.54947 -0.04105 -0.8523 0.52152 -0.04006 -0.96414 0.25396 -0.07707 -0.95804 0.27622 -0.07658 -0.96432 0.25375 -0.07546 -0.95556 0.28517 -0.07478 -0.96227 0.26195 -0.07366 -0.95194 0.29749 -0.07287 -0.95954 0.27228 -0.0717 -0.94754 0.3117 -0.0708 -0.95536 0.28712 -0.06971 -0.93981 0.33476 -0.06857 -0.94841 0.30976 -0.0675 -0.93223 0.35573 -0.06635 -0.94163 0.33027 -0.0653 -0.92496 0.37462 -0.06415 -0.9356 0.34738 -0.06306 -0.9168 0.39453 -0.06179 -0.9272 0.36958 -0.06083 -0.90981 0.41072 -0.05969 -0.92149 0.38394 -0.05868 -0.90205 0.4278 -0.05744 -0.91452 0.40059 -0.05644 -0.89492 0.4428 -0.05523 -0.9075 0.41653 -0.05428 -0.88777 0.45722 -0.0531 -0.90179 0.42902 -0.0521 -0.88002 0.47221 -0.05084 -0.89486 0.44356 -0.04983 -0.87513 0.48143 -0.04873 -0.88997 0.45352 -0.04775 -0.86834 0.49377 -0.04659 -0.88396 0.46533 -0.0456 -0.86446 0.50072 -0.04459 -0.88083 0.47143 -0.04357 -0.85949 0.50939 -0.04251 -0.87664 0.47935 -0.04146 -0.8555 0.51622 -0.04046 -0.87347 0.48528 -0.03936 -0.69089 0.7219 -0.03914 -0.70823 0.70482 -0.04053 -0.72518 0.68731 -0.0415 -0.73108 0.681 -0.04198 -0.74653 0.66397 -0.04286 -0.80836 0.58747 -0.03794 -0.80637 0.59021 -0.0377 -0.78137 0.623 -0.03653 -0.68201 0.73046 -0.03591 -0.70014 0.71303 -0.03731 -0.71615 0.6969 -0.03816 -0.72067 0.69221 -0.03852 -0.73715 0.67458 -0.0394 -0.74342 0.66763 -0.03988 -0.76033 0.64825 -0.04079 -0.97547 -0.21713 -0.03632 -0.96207 -0.27044 -0.03583 -0.97418 -0.22241 -0.03887 -0.96026 -0.27646 -0.03831 -0.97122 -0.23462 -0.04106 -0.95792 -0.28416 -0.0405 -0.96961 -0.24077 -0.04345 -0.95433 -0.29567 -0.04276 -0.9655 -0.25639 -0.04555 -0.95075 -0.3067 -0.04485 -0.96182 -0.26952 -0.0476 -0.94789 -0.31512 -0.04691 -0.95922 -0.27825 -0.04974 -0.94783 -0.31497 -0.04915 -0.95823 -0.28128 -0.05181 -0.9481 -0.31381 -0.05126 -0.95848 -0.28 -0.05399 -0.94969 -0.30858 -0.0535 -0.95948 -0.27611 -0.05618 -0.99495 -0.09342 -0.03684 -0.98712 -0.15576 -0.03655 -0.9937 -0.1049 -0.03934 -0.98676 -0.15742 -0.03907 -0.99295 -0.11097 -0.04169 -0.98467 -0.16947 -0.04135 -0.9914 -0.12325 -0.04405 -0.98227 -0.18232 -0.04365 -0.98956 -0.13643 -0.04644 -0.98052 -0.19094 -0.04601 -0.98734 -0.15099 -0.04853 -0.97741 -0.20584 -0.04804 -0.9848 -0.16613 -0.05065 -0.9739 -0.22138 -0.05009 -0.98187 -0.18204 -0.05279 -0.9724 -0.22737 -0.05228 -0.97996 -0.19148 -0.05482 -0.97114 -0.23224 -0.05433 -0.97854 -0.19806 -0.05683 -0.97054 -0.23427 -0.05636 -0.97802 -0.20001 -0.05894 -0.97218 -0.2268 -0.05859 -0.97883 -0.19536 -0.061 -0.98663 -0.1588 -0.03664 -0.97612 -0.21419 -0.03625 -0.98577 -0.16346 -0.03923 -0.97481 -0.21965 -0.0388 -0.98362 -0.17539 -0.0415 -0.97185 -0.23201 -0.041 -0.98118 -0.18809 -0.04378 -0.971 -0.23513 -0.04333 -0.98007 -0.19323 -0.04606 -0.96694 -0.25093 -0.04544 -0.97624 -0.21129 -0.04815 -0.96329 -0.26424 -0.04751 -0.97267 -0.2267 -0.05018 -0.96162 -0.26988 -0.04961 -0.97118 -0.23253 -0.05236 -0.95968 -0.2763 -0.05174 -0.96907 -0.24071 -0.05445 -0.95989 -0.27515 -0.05393 -0.96847 -0.24265 -0.05647 -0.96182 -0.26787 -0.05609 -0.9702 -0.23508 -0.05869 -0.86527 -0.50034 -0.03109 -0.87046 -0.49139 -0.02904 -0.89243 -0.4502 -0.02977 -0.89306 -0.44897 -0.02948 -0.91395 -0.40469 -0.03017 -0.91379 -0.40506 -0.03026 -0.93501 -0.35328 -0.03096 -0.93517 -0.35284 -0.03086 -0.95267 -0.30239 -0.03143 -0.95967 -0.2792 -0.03291 -0.95949 -0.27981 -0.03281 -0.94452 -0.32681 -0.03276 -0.9452 -0.3248 -0.0331 -0.93001 -0.36606 -0.03299 -0.93072 -0.36421 -0.03332 -0.91268 -0.40734 -0.03313 -0.91247 -0.4078 -0.03304 -0.89489 -0.44507 -0.03281 -0.89564 -0.44355 -0.03313 -0.87548 -0.48213 -0.03283 -0.99318 -0.10693 -0.04639 -0.99485 -0.09135 -0.04394 -0.99337 -0.10654 -0.04309 -0.99541 -0.08771 -0.03827 -0.98763 -0.15055 -0.04382 -0.9876 -0.15072 -0.04397 -0.98408 -0.17171 -0.0458 -0.98484 -0.16805 -0.04291 -0.97464 -0.21892 -0.04642 -0.98179 -0.18602 -0.03846 -0.98207 -0.18449 -0.03876 -0.97515 -0.21792 -0.03992 -0.97506 -0.21832 -0.03984 -0.96704 -0.25131 -0.04096 -0.96695 -0.25166 -0.04088 -0.95786 -0.28416 -0.04194 -0.95823 -0.28287 -0.04224 -0.94904 -0.31219 -0.04317 -0.96812 -0.24845 -0.03171 -0.98959 -0.14022 -0.03241 -0.97258 -0.23022 -0.03287 -0.98693 -0.15681 -0.03706 -0.98717 -0.15521 -0.03735 -0.99681 -0.06789 -0.04198 -0.99852 -0.04165 -0.03506 -0.99749 -0.0564 -0.04291 -0.99684 -0.06523 -0.04526 -0.99628 -0.07123 -0.04842 -0.99316 -0.10704 -0.04655 -0.99139 -0.12154 -0.04883 -0.98685 -0.15468 -0.04695 -0.98333 -0.17507 -0.04907 -0.97458 -0.21918 -0.04635 -0.96904 -0.24219 -0.04791 -0.94894 -0.31251 -0.04309 -0.938 -0.34383 -0.04404 -0.87527 -0.48253 -0.03274 -0.8562 -0.51563 -0.03242 -0.8135 -0.58099 -0.02603 -0.80902 -0.58715 -0.02737 -0.78441 -0.61967 -0.02654 -0.7804 -0.62478 -0.02498 -0.77556 -0.63073 -0.02625 -0.81474 -0.57893 -0.03214 -0.9986 -0.03793 -0.03687 -0.99523 -0.09037 -0.03674 -0.99851 -0.03777 -0.03944 -0.99401 -0.10201 -0.03926 -0.99767 -0.05399 -0.0418 -0.99325 -0.10824 -0.04162 -0.9972 -0.06028 -0.04423 -0.99171 -0.12071 -0.04399 -0.9961 -0.07496 -0.04657 -0.99034 -0.13071 -0.0463 -0.99483 -0.08906 -0.04873 -0.98819 -0.14539 -0.04841 -0.99329 -0.10382 -0.05093 -0.98571 -0.16069 -0.05054 -0.99121 -0.12118 -0.05304 -0.98347 -0.17326 -0.05262 -0.98923 -0.13562 -0.0551 -0.98163 -0.18277 -0.05467 -0.9875 -0.14693 -0.05712 -0.98025 -0.18946 -0.0567 -0.98635 -0.15364 -0.05922 -0.97974 -0.19146 -0.05882 -0.98542 -0.15874 -0.06119 -0.9805 -0.18687 -0.06088 -0.98605 -0.15397 -0.06331 -0.99891 0.02884 -0.03677 -0.99872 -0.03485 -0.03676 -0.99905 0.01886 -0.03936 -0.99862 -0.03485 -0.03934 -0.99906 0.01213 -0.04166 -0.99798 -0.04795 -0.04162 -0.99903 0.00122 -0.04412 -0.99755 -0.05432 -0.04406 -0.99888 -0.00931 -0.04641 -0.99677 -0.06567 -0.04631 -0.9986 -0.02066 -0.04875 -0.99533 -0.08335 -0.04859 -0.99788 -0.04036 -0.051 -0.99386 -0.09827 -0.0508 -0.99694 -0.05727 -0.05319 -0.99186 -0.11579 -0.05292 -0.99552 -0.07666 -0.0553 -0.98994 -0.13039 -0.05499 -0.994 -0.09313 -0.05735 -0.98824 -0.14187 -0.05702 -0.99273 -0.10464 -0.05947 -0.98711 -0.14874 -0.05913 -0.99149 -0.11478 -0.06144 -0.98618 -0.15401 -0.06111 -0.99056 -0.12158 -0.06339 -0.98734 -0.1455 -0.06318 -0.99129 -0.11431 -0.0654 -0.98811 0.14944 -0.03616 -0.99503 0.09271 -0.03641 -0.98875 0.14453 -0.03865 -0.99548 0.08666 -0.03891 -0.99011 0.13419 -0.041 -0.99589 0.0807 -0.04124 -0.99049 0.13056 -0.04348 -0.99655 0.07054 -0.04374 -0.99214 0.1164 -0.04585 -0.99741 0.05526 -0.04609 -0.99389 0.09933 -0.04818 -0.99768 0.04801 -0.04836 -0.99464 0.09033 -0.05041 -0.99819 0.03257 -0.05059 -0.99578 0.07513 -0.05272 -0.99847 0.01628 -0.05286 -0.99696 0.05531 -0.05489 -0.99848 -0.0044 -0.05497 -0.99769 0.03669 -0.05719 -0.99819 -0.01851 -0.05722 -0.99809 0.01735 -0.05923 -0.9975 -0.03862 -0.0592 -0.99812 -0.00255 -0.06131 -0.99667 -0.05377 -0.06122 -0.99781 -0.01923 -0.06333 -0.99619 -0.06001 -0.06322 -0.99754 -0.02538 -0.0654 -0.99561 -0.06702 -0.06527 -0.9971 -0.03535 -0.06733 -0.99552 -0.06656 -0.06722 -0.99694 -0.03624 -0.06924 -0.9953 0.08973 -0.03653 -0.99882 0.03191 -0.03666 -0.99572 0.08383 -0.03902 -0.99892 0.025 -0.03915 -0.99634 0.07477 -0.04146 -0.99902 0.01488 -0.04157 -0.99694 0.06471 -0.04395 -0.99902 0.0038 -0.04404 -0.9977 0.04951 -0.04628 -0.9989 -0.0069 -0.04634 -0.99806 0.03891 -0.04865 -0.99864 -0.01844 -0.04868 -0.99843 0.0235 -0.05087 -0.9981 -0.03477 -0.05085 -0.99856 0.00727 -0.05312 -0.99725 -0.05181 -0.05305 -0.99838 -0.01339 -0.05521 -0.99618 -0.06769 -0.05509 -0.99797 -0.02741 -0.05745 -0.99448 -0.08799 -0.05724 -0.99691 -0.05125 -0.05949 -0.99362 -0.09591 -0.0593 -0.99616 -0.06247 -0.06141 -0.99287 -0.10225 -0.06121 -0.99563 -0.06861 -0.0634 -0.99201 -0.10917 -0.06317 -0.995 -0.07548 -0.06544 -0.99225 -0.10577 -0.06526 -0.99491 -0.07492 -0.06738 -0.99932 -0.01868 -0.03188 -0.99926 -0.02134 -0.03204 -0.99698 -0.07046 -0.03258 -0.97757 0.20755 -0.03567 -0.98767 0.15233 -0.03604 -0.97879 0.20128 -0.03806 -0.98789 0.15032 -0.03841 -0.97908 0.1994 -0.04046 -0.98975 0.13681 -0.0409 -0.98156 0.18625 -0.043 -0.99016 0.13301 -0.04338 -0.98328 0.17639 -0.04526 -0.99148 0.12201 -0.04564 -0.98501 0.16578 -0.04758 -0.99333 0.10488 -0.04798 -0.98756 0.14908 -0.04999 -0.99445 0.09235 -0.05034 -0.98974 0.133 -0.05225 -0.99537 0.08051 -0.05254 -0.99109 0.12151 -0.05452 -0.99687 0.05697 -0.05484 -0.99371 0.09654 -0.05682 -0.9975 0.04179 -0.05704 -0.99521 0.07804 -0.05893 -0.998 0.02232 -0.0591 -0.99639 0.0589 -0.06108 -0.99812 0.00233 -0.06118 -0.99737 0.03582 -0.06308 -0.99795 -0.01056 -0.06312 -0.99757 0.02478 -0.06519 -0.99773 -0.01682 -0.0652 -0.99765 0.01395 -0.06707 -0.99749 -0.02286 -0.06706 -0.99758 0.00815 -0.06899 -0.99733 -0.0238 -0.06898 -0.99745 0.00743 -0.07097 -0.99944 -0.01188 -0.03141 -0.99918 -0.01656 -0.03695 -0.99864 -0.03762 -0.03602 -0.95281 -0.30195 -0.03132 -0.96801 -0.24887 -0.03182 -0.97274 -0.22956 -0.03297 -0.9895 -0.1408 -0.0327 -0.99175 -0.1231 -0.03581 -0.99774 -0.05458 -0.03931 -0.99765 -0.05583 -0.03965 -0.99901 -0.01589 -0.04145 -0.9989 -0.01381 -0.04486 -0.99872 -0.00862 -0.04984 -0.99639 -0.07074 -0.04692 -0.99448 -0.09097 -0.0523 -0.99027 -0.12978 -0.05018 -0.98542 -0.16096 -0.05505 -0.97741 -0.20476 -0.05232 -0.96894 -0.24085 -0.05601 -0.95461 -0.29324 -0.05226 -0.94545 -0.32125 -0.05408 -0.90965 -0.41277 -0.04649 -0.9016 -0.43001 -0.04695 -0.81456 -0.5792 -0.03205 -0.79145 -0.61042 -0.03157 -0.75095 -0.65987 -0.02542 -0.72446 -0.68895 -0.02235 -0.76171 -0.64731 -0.02797 -0.76228 -0.64664 -0.02799 -0.78798 -0.61485 -0.03231 -0.80653 -0.59026 -0.03307 -0.83035 -0.55598 -0.03747 -0.85651 -0.51468 -0.03865 -0.87132 -0.48894 -0.04171 -0.89574 -0.44251 -0.04287 -0.90792 -0.41663 -0.04574 -0.92543 -0.37603 -0.04662 -0.93582 -0.349 -0.04944 -0.95386 -0.29598 -0.05039 -0.96229 -0.26675 -0.05324 -0.97503 -0.21543 -0.05394 -0.98095 -0.18582 -0.05668 -0.99154 -0.11649 -0.05729 -0.99441 -0.08703 -0.05984 -0.99773 -0.03046 -0.06004 -0.99815 -0.00274 -0.06074 -0.99492 -0.0751 -0.06709 -0.99541 -0.07234 -0.06273 -0.99422 -0.08143 -0.07001 -0.98872 -0.13435 -0.0662 -0.98474 -0.15821 -0.07254 -0.97224 -0.2241 -0.06724 -0.97207 -0.22491 -0.06704 -0.94868 -0.31061 -0.05944 -0.95352 -0.29464 -0.06312 -0.93399 -0.35261 -0.05766 -0.93027 -0.36265 -0.05549 -0.90102 -0.43105 -0.04848 -0.90106 -0.43096 -0.04856 -0.8275 -0.56045 -0.03368 -0.82729 -0.56078 -0.03341 -0.7976 -0.60253 -0.02809 -0.79175 -0.61016 -0.02896 -0.79072 -0.61154 -0.02784 -0.76451 -0.64405 -0.02692 -0.76739 -0.6405 -0.02936 -0.78429 -0.61956 -0.03218 -0.77881 -0.62644 -0.03206 -0.87416 -0.48315 -0.04903 -0.88789 -0.4575 -0.04841 -0.92949 -0.3644 -0.05709 -0.94335 -0.32727 -0.05473 -0.9609 -0.27051 -0.05911 -0.97626 -0.20788 -0.06091 -0.97783 -0.20018 -0.06143 -0.9855 -0.16045 -0.05526 -0.99205 -0.11166 -0.05811 -0.99445 -0.09112 -0.05265 -0.99698 -0.05541 -0.05444 -0.99884 -0.02703 -0.03989 -0.99905 -0.01677 -0.04027 -0.97348 0.21563 -0.07643 -0.96703 0.2431 -0.07592 -0.97275 0.21949 -0.07472 -0.96504 0.25139 -0.07412 -0.97148 0.22565 -0.07285 -0.96243 0.26175 -0.07217 -0.96904 0.23647 -0.07097 -0.95838 0.27674 -0.07019 -0.96559 0.25075 -0.06899 -0.95163 0.29963 -0.068 -0.96007 0.27168 -0.06676 -0.94391 0.32362 -0.06564 -0.95326 0.29522 -0.06444 -0.93801 0.34077 -0.06341 -0.94719 0.31455 -0.06234 -0.92975 0.36308 -0.06119 -0.94029 0.33504 -0.06008 -0.92413 0.37749 -0.05905 -0.93542 0.34877 -0.05794 -0.91726 0.39422 -0.05681 -0.92937 0.36493 -0.05571 -0.90908 0.41304 -0.05449 -0.92209 0.38328 -0.05339 -0.90345 0.4255 -0.05232 -0.91723 0.39506 -0.05121 -0.89661 0.43999 -0.05006 -0.91055 0.41049 -0.04899 -0.89177 0.44994 -0.04798 -0.90648 0.41963 -0.0469 -0.88581 0.46178 -0.04583 -0.90211 0.4292 -0.04467 -0.88152 0.47012 -0.04366 -0.89786 0.43823 -0.04252 -0.8774 0.47795 -0.04155 -0.89457 0.44509 -0.04038 -0.87429 0.48379 -0.03947 -0.89228 0.44986 -0.03825 -0.98153 0.17572 -0.07564 -0.97512 0.20856 -0.07515 -0.98043 0.18251 -0.07378 -0.97391 0.21476 -0.07329 -0.97932 0.1891 -0.07199 -0.9716 0.22562 -0.07142 -0.97776 0.19769 -0.07005 -0.96742 0.24352 -0.0693 -0.97398 0.21618 -0.06801 -0.963 0.26097 -0.06725 -0.97027 0.23287 -0.06597 -0.9574 0.28133 -0.06509 -0.96549 0.2525 -0.06383 -0.9505 0.30431 -0.06284 -0.95993 0.27341 -0.06154 -0.94269 0.32816 -0.06043 -0.95314 0.29668 -0.05915 -0.93678 0.34505 -0.05814 -0.94706 0.31596 -0.05698 -0.93196 0.3582 -0.05608 -0.94351 0.32676 -0.05486 -0.92481 0.37662 -0.05377 -0.9373 0.34454 -0.05256 -0.92001 0.38849 -0.05159 -0.93267 0.35719 -0.05042 -0.91342 0.40402 -0.04938 -0.92763 0.37039 -0.04814 -0.90826 0.41574 -0.04714 -0.92334 0.38123 -0.04588 -0.90394 0.42529 -0.04492 -0.91915 0.39148 -0.04369 -0.89975 0.43431 -0.04277 -0.91657 0.39772 -0.04145 -0.89538 0.44346 -0.04049 -0.91232 0.4076 -0.03919 -0.89314 0.44813 -0.03837 -0.91092 0.41093 -0.03702 -0.9874 0.13952 -0.07466 -0.98311 0.16722 -0.07434 -0.98747 0.13999 -0.07286 -0.98141 0.17772 -0.07241 -0.98622 0.14949 -0.07093 -0.97995 0.18638 -0.07048 -0.98494 0.15851 -0.06906 -0.97636 0.20502 -0.06846 -0.98232 0.17483 -0.06698 -0.97201 0.2254 -0.06628 -0.9788 0.19428 -0.06482 -0.9665 0.24855 -0.064 -0.97388 0.21825 -0.06264 -0.96198 0.26601 -0.06187 -0.97016 0.23481 -0.06052 -0.95635 0.28608 -0.05965 -0.96541 0.25412 -0.05831 -0.94942 0.30872 -0.05734 -0.95998 0.27442 -0.05595 -0.94491 0.32266 -0.05507 -0.95529 0.29074 -0.0538 -0.93985 0.33745 -0.05293 -0.9516 0.30299 -0.05159 -0.93424 0.35303 -0.05065 -0.94691 0.31769 -0.0493 -0.92928 0.36621 -0.04838 -0.94286 0.32987 -0.04701 -0.92505 0.37704 -0.04612 -0.93883 0.34145 -0.04479 -0.92091 0.38728 -0.04394 -0.93626 0.34873 -0.04251 -0.91839 0.39348 -0.0417 -0.93382 0.35546 -0.0403 -0.91419 0.40335 -0.03945 -0.93056 0.36416 -0.03801 -0.91284 0.40662 -0.03728 -0.93078 0.36384 -0.03571 -0.99219 0.10081 -0.07347 -0.98902 0.12836 -0.07324 -0.9924 0.10006 -0.07165 -0.98788 0.13785 -0.07132 -0.99166 0.10841 -0.06972 -0.98614 0.15071 -0.06933 -0.99044 0.12019 -0.06773 -0.98365 0.16705 -0.06727 -0.98839 0.137 -0.06575 -0.98098 0.18283 -0.06526 -0.98636 0.15179 -0.06375 -0.97632 0.20693 -0.0631 -0.98294 0.17333 -0.06153 -0.97198 0.22707 -0.06084 -0.97918 0.19414 -0.05936 -0.96737 0.24647 -0.05865 -0.97546 0.21264 -0.05718 -0.963 0.26352 -0.05645 -0.97195 0.22866 -0.05497 -0.95754 0.28316 -0.05416 -0.96794 0.2456 -0.05262 -0.95299 0.29855 -0.0518 -0.96383 0.26172 -0.05033 -0.94839 0.31321 -0.04952 -0.96016 0.27528 -0.04803 -0.94441 0.32536 -0.04724 -0.95649 0.28816 -0.0458 -0.94046 0.33691 -0.04503 -0.95401 0.29661 -0.04349 -0.93795 0.34412 -0.04276 -0.95167 0.30434 -0.04125 -0.93557 0.35082 -0.04055 -0.95074 0.30754 -0.03892 -0.93138 0.36203 -0.03813 -0.9476 0.31736 -0.03645 -0.93165 0.36159 -0.03584 -0.94708 0.31917 -0.03424 -0.99851 -0.04008 -0.03701 -0.99893 -0.03069 -0.0345 -0.99941 -0.01428 -0.0313 -0.99934 -0.0166 -0.03226 -0.99953 -0.0076 -0.02983 -0.99919 0.02546 -0.03132 -0.99808 0.05438 -0.02951 -0.9983 0.04861 -0.03208 -0.9931 0.11283 -0.03191 -0.99312 0.11263 -0.03201 -0.9849 0.17019 -0.03175 -0.9594 0.28009 -0.0331 -0.9736 0.22579 -0.03359 -0.96404 0.26344 -0.03507 -0.97699 0.21033 -0.03554 -0.96538 0.25814 -0.03744 -0.97824 0.20396 -0.03793 -0.96688 0.25211 -0.03986 -0.97856 0.20195 -0.04035 -0.96833 0.24609 -0.04213 -0.97991 0.19484 -0.04264 -0.96991 0.23939 -0.04447 -0.9823 0.18182 -0.04504 -0.97326 0.22487 -0.04684 -0.98411 0.17114 -0.04736 -0.97588 0.2127 -0.04914 -0.98624 0.15769 -0.04966 -0.9785 0.1997 -0.0515 -0.98904 0.13816 -0.05206 -0.98273 0.17703 -0.05382 -0.99002 0.13009 -0.05421 -0.98429 0.16748 -0.05595 -0.99246 0.10883 -0.05641 -0.98772 0.14503 -0.05816 -0.99418 0.09039 -0.05854 -0.99006 0.12704 -0.06037 -0.99561 0.07127 -0.06071 -0.99233 0.10666 -0.06255 -0.99704 0.04431 -0.06285 -0.99482 0.07843 -0.06471 -0.99721 0.03706 -0.06487 -0.99532 0.06985 -0.06671 -0.99751 0.02226 -0.06686 -0.99619 0.05373 -0.0687 -0.9975 0.01641 -0.06879 -0.99641 0.04666 -0.07062 -0.9973 0.01969 -0.07068 -0.99618 0.04865 -0.07247 -0.9972 0.06944 -0.02768 -0.99735 0.06746 -0.0274 -0.99498 0.09665 -0.02612 -0.99555 0.06069 -0.07215 -0.9935 0.08817 -0.072 -0.99579 0.05883 -0.07029 -0.99286 0.09649 -0.07009 -0.99548 0.06594 -0.06836 -0.99178 0.10833 -0.06811 -0.99472 0.07818 -0.06647 -0.98994 0.12511 -0.06615 -0.99381 0.09061 -0.06434 -0.98701 0.14743 -0.0639 -0.99141 0.11504 -0.06227 -0.98431 0.16525 -0.06183 -0.98946 0.13173 -0.06021 -0.98072 0.18607 -0.05968 -0.98702 0.14977 -0.05799 -0.97644 0.20803 -0.05736 -0.98346 0.17234 -0.05576 -0.97302 0.22403 -0.05517 -0.98121 0.18539 -0.05349 -0.96912 0.24086 -0.05283 -0.97748 0.2047 -0.05129 -0.96592 0.25383 -0.05069 -0.97548 0.21456 -0.04906 -0.96237 0.2674 -0.0484 -0.97281 0.22684 -0.04675 -0.95793 0.2833 -0.04604 -0.96939 0.24149 -0.04437 -0.95551 0.29171 -0.04374 -0.96776 0.24834 -0.04203 -0.95234 0.30222 -0.04136 -0.9655 0.25736 -0.03961 -0.95146 0.30528 -0.03904 -0.96471 0.26067 -0.03731 -0.94925 0.31237 -0.03671 -0.96332 0.26608 -0.03494 -0.9479 0.3167 -0.03438 -0.95935 0.28027 -0.03299 -0.97354 0.22638 -0.03114 -0.84963 0.52614 -0.03626 -0.84872 0.52761 -0.03615 -0.82571 0.563 -0.03517 -0.82364 0.56603 -0.03492 -0.80266 0.59547 -0.03403 -0.80177 0.59667 -0.03392 -0.77928 0.62581 -0.03297 -0.98761 0.15518 -0.02332 -0.98245 0.18525 -0.02192 -0.95951 0.27999 -0.03069 -0.95948 0.28011 -0.03056 -0.9431 0.33114 -0.03004 -0.94308 0.33122 -0.02992 -0.92653 0.37507 -0.02939 -0.92652 0.37512 -0.02928 -0.90485 0.42478 -0.02859 -0.90484 0.4248 -0.02847 -0.8858 0.46322 -0.02787 -0.88581 0.46321 -0.02776 -0.8661 0.49914 -0.02714 -0.99625 0.08528 -0.0145 -0.99452 0.10263 -0.01996 -0.99692 0.07508 -0.02256 -0.99138 0.12865 -0.02479 -0.99492 0.09722 -0.0262 -0.99791 0.06197 -0.01828 -0.9979 0.06208 -0.0183 -0.99697 0.07616 -0.01602 -0.99431 0.10624 -0.00719 -0.99941 0.02559 -0.02308 -0.99943 0.02448 -0.02338 -0.99957 0.01472 -0.02529 -0.99964 0.02101 -0.01682 -0.54125 0.84022 -0.03276 -0.50904 0.86007 -0.03405 -0.49984 0.86548 -0.0332 -0.82933 0.55751 -0.03722 -0.82732 0.56052 -0.03697 -0.80388 0.59371 -0.03593 -0.81358 0.58027 -0.0371 -0.77339 0.63295 -0.03527 -0.76793 0.63958 -0.03488 -0.75259 0.6576 -0.03418 -0.74724 0.66369 -0.0338 -0.72824 0.68453 -0.03294 -0.72611 0.68679 -0.03279 -0.7076 0.70589 -0.03195 -0.67131 0.74058 -0.02979 -0.53131 0.8467 -0.02829 -0.49917 0.866 -0.02963 -0.50155 0.86461 -0.02995 -0.47087 0.88165 -0.03128 -0.46499 0.88479 -0.03046 -0.49352 0.86935 -0.02593 -0.45963 0.88769 -0.02745 -0.45522 0.88998 -0.02682 -0.42867 0.90302 -0.02808 -0.42409 0.90521 -0.02741 -0.89 0.45468 -0.03405 -0.88902 0.45661 -0.03392 -0.86957 0.4927 -0.03318 -0.86858 0.49445 -0.03305 -0.8465 0.53142 -0.03221 -0.84438 0.53479 -0.03195 -0.82417 0.56548 -0.03118 -0.82427 0.56534 -0.0312 -0.79972 0.59961 -0.03027 -0.79873 0.60094 -0.03015 -0.77859 0.62684 -0.02939 -0.77762 0.62805 -0.02927 -0.75379 0.6565 -0.02837 -0.8693 0.49304 -0.03525 -0.86836 0.49469 -0.03513 -0.84805 0.5288 -0.03431 -0.84595 0.53217 -0.03404 -0.82324 0.56673 -0.03313 -0.82228 0.56812 -0.03301 -0.8038 0.59402 -0.03227 -0.81307 0.5812 -0.03341 -0.769 0.63847 -0.03159 -0.76482 0.64348 -0.03131 -0.7484 0.66254 -0.03064 -0.7443 0.66715 -0.03036 -0.72624 0.68681 -0.02962 -0.91145 0.4101 -0.03285 -0.90948 0.41447 -0.03258 -0.88915 0.4565 -0.03185 -0.88918 0.45645 -0.03185 -0.86801 0.49557 -0.03109 -0.86696 0.49742 -0.03096 -0.84522 0.53357 -0.03018 -0.84417 0.53524 -0.03005 -0.82426 0.56545 -0.02934 -0.82213 0.56856 -0.02907 -0.80223 0.59634 -0.02837 -0.80118 0.59776 -0.02824 -0.77928 0.62608 -0.02747 -0.78897 0.61377 -0.02867 -0.74784 0.66332 -0.02718 -0.86662 0.49836 -0.02468 -0.84093 0.54039 -0.02859 -0.84173 0.53926 -0.02635 -0.99577 0.09051 -0.01569 -0.99585 0.08999 -0.01345 -0.99414 0.1076 -0.01058 -0.82013 0.57168 -0.02371 -0.79751 0.60271 -0.02672 -0.79892 0.60094 -0.02461 -0.99339 0.11416 -0.01201 -0.99352 0.11329 -0.00961 -0.9916 0.12919 -0.00701 -0.72294 0.69042 -0.02611 -0.67666 0.73589 -0.02436 -0.70351 0.71023 -0.02533 -0.67057 0.74136 -0.02679 -0.68528 0.72775 -0.02778 -0.70231 0.7113 -0.02847 -0.78028 0.62504 -0.02197 -0.7671 0.64109 -0.02361 -0.73486 0.67785 -0.02262 -0.93024 0.36562 -0.03121 -0.9302 0.36572 -0.03121 -0.91152 0.41013 -0.03058 -0.90952 0.41455 -0.0303 -0.88957 0.45584 -0.02963 -0.88952 0.45594 -0.02962 -0.8687 0.4945 -0.02893 -0.86761 0.49642 -0.02879 -0.84835 0.52868 -0.02815 -0.84725 0.53045 -0.02801 -0.82563 0.56356 -0.02729 -0.82453 0.56516 -0.02715 -0.80286 0.59558 -0.02644 -0.80176 0.59707 -0.0263 -0.78023 0.62497 -0.0256 -0.78017 0.62504 -0.02559 -0.74835 0.66285 -0.02455 -0.9907 0.13581 -0.00841 -0.99087 0.13468 -0.00607 -0.98868 0.15001 -0.00356 -0.98785 0.15535 -0.00465 -0.98805 0.1541 -0.00261 -0.98573 0.16836 -0.00026 -0.98467 0.17441 -0.00146 -0.98496 0.17279 0.00075 -0.63998 0.76805 -0.02286 -0.67455 0.73784 -0.02409 -0.63782 0.76976 -0.0257 -0.67342 0.73876 -0.02714 -0.63918 0.76853 -0.02857 -0.67419 0.73795 -0.03014 -0.64289 0.76532 -0.03139 -0.67832 0.73402 -0.03312 -0.64802 0.76085 -0.0343 -0.68487 0.72776 -0.03625 -0.6565 0.7534 -0.03732 -0.69312 0.71974 -0.0394 -0.66647 0.74444 -0.04039 -0.70376 0.70916 -0.04265 -0.99799 0.06269 -0.00897 -0.99848 0.05493 -0.00429 -0.99863 0.05241 3E-05 -0.99849 0.05486 0.00402 -0.99902 0.04425 -0.00198 -0.99975 0.02211 -0.00129 -0.99981 0.00366 -0.01919 -0.99982 0.0016 -0.01914 -0.99912 -0.00989 -0.0408 -0.99916 -0.00308 -0.04089 -0.99717 -0.00867 -0.07467 -0.99717 0.00845 -0.07467 -0.99636 0.01009 -0.08467 -0.99595 0.03151 -0.08424 -0.99797 0.01913 -0.06075 -0.9973 0.04266 -0.05978 -0.99845 0.02423 -0.05002 -0.99786 0.04331 -0.0489 -0.99868 0.028 -0.04299 -0.99826 0.04146 -0.04202 -0.99941 0.00898 -0.03324 -0.99943 0.00433 -0.0336 -0.99888 -0.03794 -0.02818 -0.99648 -0.07771 -0.03135 -0.98814 -0.15102 -0.02798 -0.97741 -0.20882 -0.03261 -0.95335 -0.30029 -0.03093 -0.99441 0.1056 0.0022 -0.9944 0.10563 0.00215 -0.99569 0.09278 -0.00132 -0.99568 0.09287 -0.00148 -0.99682 0.07958 -0.00506 -0.99681 0.07965 -0.00522 -0.99779 0.06591 -0.00892 -0.99778 0.06597 -0.00909 -0.99861 0.05099 -0.01311 -0.99861 0.05101 -0.01317 -0.99921 0.0359 -0.01723 -0.9992 0.03593 -0.01741 -0.99951 0.02351 -0.02074 -0.99953 0.02242 -0.02069 -0.99942 0.02477 -0.02339 -0.6067 0.79464 -0.02157 -0.63885 0.76899 -0.02271 -0.60465 0.79612 -0.02422 -0.63601 0.77126 -0.02547 -0.60422 0.79637 -0.02681 -0.6366 0.77068 -0.02825 -0.60679 0.79432 -0.02946 -0.64039 0.76742 -0.03109 -0.61222 0.79003 -0.03219 -0.64462 0.76375 -0.03389 -0.61829 0.78518 -0.03488 -0.6521 0.75724 -0.03679 -0.62699 0.77811 -0.03772 -0.66149 0.7489 -0.03979 -0.57526 0.81772 -0.02028 -0.60496 0.79597 -0.02133 -0.57251 0.81958 -0.02278 -0.603 0.79738 -0.024 -0.57316 0.81906 -0.02528 -0.60228 0.79784 -0.02656 -0.57437 0.81813 -0.02772 -0.60452 0.79605 -0.02917 -0.57854 0.8151 -0.0302 -0.60914 0.79243 -0.0318 -0.58414 0.81099 -0.03276 -0.61524 0.78758 -0.03451 -0.59172 0.80537 -0.03539 -0.62348 0.78095 -0.03729 -0.51105 0.85912 -0.02721 -0.49062 0.871 -0.02553 -0.52654 0.84981 -0.02393 -0.50669 0.86182 -0.02303 -0.54331 0.83926 -0.02138 -0.60214 0.79755 -0.0367 -0.55022 0.83435 -0.03353 -0.58094 0.8133 -0.03236 -0.54734 0.83636 -0.03049 -0.58925 0.80733 -0.03158 -0.5381 0.84239 -0.02884 -0.57232 0.81957 -0.02745 -0.54099 0.84063 -0.02595 -0.58382 0.81144 -0.0267 -0.53149 0.84671 -0.02431 -0.57102 0.82063 -0.02258 -0.54435 0.83859 -0.02153 -0.57433 0.81838 -0.02015 -0.73683 0.67576 -0.02089 -0.726 0.68734 -0.02215 -0.68566 0.72762 -0.02092 -0.68581 0.72748 -0.0209 -0.64885 0.76066 -0.01978 -0.65016 0.75955 -0.01964 -0.61567 0.78778 -0.01859 -0.63993 0.76827 -0.01601 -0.58517 0.81072 -0.01749 -0.97153 0.23661 0.01195 -0.97133 0.23745 0.0118 -0.97525 0.22091 0.00906 -0.97523 0.22103 0.00904 -0.97898 0.20388 0.0062 -0.97881 0.2047 0.00605 -0.98247 0.18641 0.00303 -0.77795 0.6283 -0.00653 -0.77694 0.62954 -0.00669 -0.8005 0.59928 -0.00812 -0.7995 0.6006 -0.00828 -0.82352 0.5672 -0.00982 -0.82342 0.56735 -0.00984 -0.84766 0.53042 -0.01147 -0.84674 0.53188 -0.01164 -0.86553 0.50069 -0.01297 -0.8656 0.50057 -0.01289 -0.87819 0.47811 -0.01382 -0.87811 0.47825 -0.01393 -0.88932 0.45704 -0.0148 -0.88926 0.45716 -0.01491 -0.9015 0.43249 -0.01589 -0.90145 0.4326 -0.01601 -0.91339 0.40673 -0.01702 -0.91335 0.40682 -0.01714 -0.9238 0.38244 -0.01806 -0.92383 0.38238 -0.01797 -0.93498 0.3542 -0.01901 -0.9349 0.35438 -0.01935 -0.94551 0.32496 -0.02041 -0.94552 0.32492 -0.02031 -0.95547 0.29431 -0.02138 -0.95546 0.29433 -0.0215 -0.9638 0.26567 -0.02248 -0.9638 0.26567 -0.0226 -0.97298 0.22965 -0.02379 -0.97301 0.2291 -0.02757 -0.96646 0.25537 -0.02713 -0.96564 0.25843 -0.02743 -0.97621 0.215 -0.02815 -0.4552 0.89029 -0.0132 -0.48647 0.87359 -0.0141 -0.52629 0.85021 -0.01284 -0.50696 0.86184 -0.01486 -0.53252 0.84627 -0.01561 -0.7336 0.67957 -0.00394 -0.73349 0.67969 -0.00395 -0.91725 0.39816 0.0113 -0.90957 0.41547 0.00881 -0.96558 0.25961 0.01585 -0.9655 0.25992 0.01583 -0.98119 0.19216 0.01862 -0.98464 0.17402 0.01437 -0.98886 0.14753 0.01999 -0.98776 0.15552 0.01166 -0.98903 0.14706 0.01363 -0.99148 0.12994 0.00901 -0.3439 0.93896 -0.00958 -0.36703 0.93015 -0.01022 -0.46795 0.88374 -0.0047 -0.3915 0.92011 -0.01108 -0.42255 0.90626 -0.01196 -0.6349 0.77259 0.00182 -0.63344 0.77379 0.00167 -0.8716 0.48975 0.02152 -0.87077 0.49123 0.02139 -0.94066 0.33806 0.02947 -0.94055 0.33837 0.02944 -0.96761 0.25021 0.03348 -0.95426 0.2976 0.02874 -0.98138 0.18918 0.03332 -0.98751 0.15584 0.02307 -0.99519 0.09462 0.02531 -0.99515 0.09514 0.02516 -0.99841 0.04982 0.0265 -0.99924 0.03648 0.01358 -0.99973 0.01866 0.01396 -0.99994 0.01055 -0.00128 -0.99999 0.00329 -0.0012 -0.99981 0.00029 -0.01924 -0.99981 -0.0004 -0.01924 -0.99916 0.00319 -0.04089 -0.99912 0.00961 -0.0408 -0.99688 0.02725 -0.07408 -0.99682 0.02945 -0.07401 -0.99491 0.05837 -0.08213 -0.9914 0.10367 -0.07985 -0.99167 0.10138 -0.07949 -0.98249 0.17056 -0.07505 -0.98119 0.17711 -0.07678 -0.96557 0.25029 -0.07094 -0.97207 0.22491 -0.06704 -0.94868 0.31061 -0.05944 -0.96168 0.26734 -0.06088 -0.94529 0.32141 -0.0559 -0.95493 0.29188 -0.05398 -0.9294 0.36609 -0.04686 -0.93973 0.3388 -0.04607 -0.89552 0.44361 -0.03537 -0.91597 0.39965 -0.03568 -0.38728 0.92162 -0.02503 -0.42997 0.90246 -0.02622 -0.42055 0.90693 -0.02478 -0.44992 0.89277 -0.02334 -0.45303 0.89118 -0.0238 -0.49087 0.87095 -0.02203 -0.48778 0.8727 -0.02157 -0.51686 0.85583 -0.0202 -0.51806 0.8551 -0.02038 -0.54647 0.83726 -0.01904 -0.5476 0.83652 -0.01921 -0.57162 0.82032 -0.01807 -0.5659 0.82422 -0.02071 -0.58483 0.81094 -0.01872 -0.63425 0.77286 -0.02031 -0.63411 0.77297 -0.02039 -0.66933 0.74266 -0.02152 -0.6691 0.74286 -0.02169 -0.70771 0.70613 -0.02294 -0.70761 0.70623 -0.02303 -0.73804 0.67433 -0.02402 -0.74782 0.66342 -0.02526 -0.72578 0.68742 -0.02629 -0.74494 0.66658 -0.02699 -0.70619 0.70743 -0.02874 -0.72378 0.6894 -0.02945 -0.68803 0.72502 -0.03098 -0.70405 0.70944 -0.0317 -0.67595 0.73621 -0.03284 -0.69335 0.7198 -0.03413 -0.70838 0.70497 -0.03487 -0.71316 0.70011 -0.03523 -0.73068 0.68177 -0.03609 -0.73402 0.67815 -0.03634 -0.75199 0.65813 -0.03723 -0.75704 0.65228 -0.03761 -0.77542 0.63027 -0.03852 -0.78057 0.62386 -0.03891 -0.98244 0.18653 0.00301 -0.9911 0.13299 0.00512 -0.99221 0.12436 0.00726 -0.99646 0.0836 0.00876 -0.99734 0.07172 0.01267 -0.99922 0.03714 0.01371 -0.99977 0.02155 -0.0014 -0.99994 0.01096 -0.00116 -0.99981 0.00136 -0.01921 -0.99982 0.00041 -0.0192 -0.99916 -0.0032 -0.04094 -0.99916 0.00309 -0.04094 -0.99718 0.00866 -0.07461 -0.99688 0.02657 -0.07431 -0.99596 0.03171 -0.08405 -0.99483 0.05853 -0.08302 -0.99665 0.04407 -0.06888 -0.99474 0.0776 -0.06694 -0.99573 0.06734 -0.06308 -0.99214 0.10982 -0.06003 -0.99478 0.08668 -0.05384 -0.99153 0.11932 -0.0513 -0.99428 0.09562 -0.04754 -0.98659 0.1547 -0.05211 -0.99621 0.07592 -0.04238 -0.21496 0.97645 -0.01811 -0.23477 0.97192 -0.01595 -0.24562 0.96919 -0.01847 -0.24623 0.96907 -0.01661 -0.28439 0.95852 -0.01918 -0.28842 0.9573 -0.01997 -0.32041 0.94702 -0.02218 -0.32635 0.94496 -0.02321 -0.35396 0.93492 -0.02518 -0.36464 0.93078 -0.0263 -0.38197 0.92376 -0.02755 -0.39506 0.9182 -0.02889 -0.44915 0.89285 -0.03285 -0.44043 0.89723 -0.0316 -0.47804 0.87767 -0.0343 -0.47715 0.87816 -0.03418 -0.49968 0.86545 -0.03637 -0.52694 0.84917 -0.03525 -0.53702 0.84279 -0.03617 -0.5605 0.8274 -0.03528 -0.59629 0.80189 -0.03753 -0.60093 0.79839 -0.03811 -0.63257 0.77346 -0.04011 -0.63713 0.76969 -0.04067 -0.67237 0.73897 -0.04292 -0.67796 0.7338 -0.0436 -0.70378 0.70898 -0.04526 -0.71056 0.70215 -0.04584 -0.72701 0.68502 -0.0469 -0.31157 -0.95022 -0.00259 -0.37652 -0.92605 0.02581 -0.3767 -0.92598 0.02585 -0.43864 -0.89707 0.05355 -0.49669 -0.86653 0.04918 -0.55783 -0.82674 0.07296 -0.6266 -0.77662 0.06505 -0.6798 -0.72863 0.08351 -0.74886 -0.65891 0.071 -0.78967 -0.60774 0.08416 -0.84907 -0.52401 0.06703 -0.88608 -0.45675 0.07899 -0.92685 -0.37099 0.0575 -0.94956 -0.30661 0.06576 -0.97163 -0.23272 0.04213 -0.98298 -0.17741 0.04764 -0.99202 -0.12374 0.02414 -0.99569 -0.08876 0.02693 -0.99856 -0.05338 0.005 -0.99943 -0.03324 0.00632 -0.99974 -0.00419 -0.02228 -0.99975 -0.00146 -0.02216 -0.99796 0.01894 -0.061 -0.9981 0.00613 -0.06127 -0.99635 0.01 -0.08474 -0.99635 -0.01011 -0.08474 -0.99718 -0.00844 -0.07461 -0.99686 -0.02737 -0.0743 -0.99913 -0.00955 -0.04068 -0.99903 -0.01762 -0.04047 -0.99981 0.00447 -0.01901 -0.99975 0.0118 -0.01925 -0.99916 0.03033 -0.02751 -0.99961 0.00878 -0.02663 -0.9996 0.00687 -0.02744 -0.9981 0.05404 -0.02952 -0.99806 0.05538 -0.02828 -0.99684 0.07343 -0.03023 -0.99224 0.12072 -0.02966 -0.99214 0.12158 -0.02974 -0.98538 0.16788 -0.02912 -0.40338 0.91394 -0.04459 -0.39825 0.91616 -0.04531 -0.365 0.93011 -0.04087 -0.3509 0.93561 -0.03864 -0.32438 0.94525 -0.03572 -0.30481 0.95186 -0.03251 -0.25294 0.96711 -0.02698 -0.24918 0.96806 -0.02774 -0.22686 0.97364 -0.02374 -0.22154 0.97482 -0.02559 -0.20375 0.97877 -0.02229 -0.6981 0.7143 -0.04935 -0.69948 0.71293 -0.04952 -0.66347 0.74673 -0.04697 -0.65702 0.75246 -0.04618 -0.62297 0.78102 -0.04378 -0.61711 0.7857 -0.04306 -0.5794 0.81404 -0.04043 -0.55816 0.82871 -0.04121 -0.54518 0.83737 -0.03997 -0.52012 0.85311 -0.04099 -0.49453 0.86831 -0.03841 -0.49448 0.86834 -0.0384 -0.45529 0.88964 -0.03536 -0.44732 0.89372 -0.03424 -0.40498 0.9138 -0.031 -0.38658 0.9217 -0.03205 -0.37036 0.92839 -0.03026 -0.35273 0.93519 -0.03155 -0.34922 0.93653 -0.031 -0.33307 0.94234 -0.03248 -0.31834 0.9475 -0.03011 -0.30697 0.9512 -0.03147 -0.27643 0.96067 -0.02641 -0.2804 0.95949 -0.0276 -0.23051 0.9728 -0.02269 -0.20302 0.97902 -0.01747 -0.20838 0.97791 -0.01666 -0.18835 0.98199 -0.01506 -0.19084 0.98154 -0.01296 -0.21947 0.97557 -0.01004 -0.21429 0.9767 -0.01182 -0.22685 0.97388 -0.00997 -0.28205 0.95932 -0.0124 -0.2831 0.95901 -0.01274 -0.3138 0.94939 -0.01412 -0.31544 0.94883 -0.01453 -0.35523 0.93463 -0.01637 -0.36556 0.93061 -0.01848 -0.39828 0.91704 -0.02014 -0.39897 0.91677 -0.01886 -0.41552 0.90933 -0.02155 -0.4485 0.89356 -0.01987 -0.45067 0.89246 -0.02022 -0.48295 0.87545 -0.01862 -0.48255 0.87566 -0.01886 -0.50897 0.8606 -0.01755 -0.50861 0.86081 -0.01772 -0.53159 0.84684 -0.01658 -0.52999 0.84784 -0.01675 -0.57871 0.81541 -0.01426 -0.55617 0.8309 -0.01662 -0.75573 0.65486 -0.00521 -0.75562 0.655 -0.00522 -0.92471 0.38056 0.00896 -0.93353 0.35843 0.0067 -0.93349 0.35855 0.00668 -0.94231 0.33472 0.00426 -0.94226 0.33485 0.00424 -0.95056 0.31053 0.00179 -0.95052 0.31066 0.00177 -0.95869 0.28444 -0.00086 -0.95837 0.28552 -0.00102 -0.96387 0.26636 -0.00293 -0.96384 0.26647 -0.00305 -0.96769 0.2521 -0.00447 -0.96766 0.2522 -0.0046 -0.971 0.23902 -0.0059 -0.97097 0.23911 -0.00602 -0.97454 0.22407 -0.0075 -0.97456 0.22401 -0.00741 -0.97829 0.20704 -0.00907 -0.9783 0.20699 -0.00897 -0.98117 0.19287 -0.01035 -0.98113 0.19304 -0.0107 -0.98414 0.17696 -0.01226 -0.98415 0.17692 -0.01216 -0.98694 0.16051 -0.01375 -0.98693 0.16055 -0.01388 -0.98949 0.14378 -0.01549 -0.98948 0.14381 -0.01562 -0.99157 0.1284 -0.0171 -0.99157 0.12842 -0.01723 -0.99364 0.11098 -0.01889 -0.99358 0.11104 -0.02145 -0.9877 0.15462 -0.02324 -0.99165 0.12662 -0.02452 -0.9764 0.21414 -0.02806 -0.98591 0.16479 -0.0288 -0.97357 0.22622 -0.03126 -0.98487 0.17039 -0.03162 -0.58685 -0.79203 0.16824 -0.65301 -0.72856 0.20685 -0.71559 -0.67288 0.18752 -0.76635 -0.60564 0.21426 -0.82097 -0.53959 0.18667 -0.85458 -0.47792 0.2032 -0.8956 -0.4111 0.17002 -0.92297 -0.33835 0.18341 -0.94878 -0.27993 0.14647 -0.96462 -0.21349 0.1547 -0.97828 -0.17052 0.11789 -0.9843 -0.12801 0.12153 -0.99138 -0.09806 0.08686 -0.99422 -0.05988 0.08912 -0.9962 -0.04741 0.07302 -0.99713 -0.01616 0.07393 -0.99981 -0.00709 0.0184 -0.99981 0.00703 0.0184 -0.99975 0.00037 -0.02232 -0.99975 0.00137 -0.02234 -0.99797 -0.01881 -0.06076 -0.99759 -0.03452 -0.06012 -0.99796 -0.04099 -0.04903 -0.998 -0.0398 -0.04911 -0.99848 -0.03501 -0.04249 -0.99825 -0.04162 -0.04201 -0.99548 -0.07933 -0.05215 -0.99598 -0.07485 -0.04915 -0.99478 -0.08668 -0.05384 -0.99153 -0.11932 -0.0513 -0.9916 -0.11882 -0.05109 -0.98604 -0.15948 -0.04779 -0.98616 -0.1588 -0.0476 -0.97449 -0.22038 -0.04234 -0.97448 -0.22033 -0.04283 -0.95524 -0.29359 -0.03621 -0.95525 -0.29361 -0.03591 -0.95015 -0.30989 -0.03438 -0.95132 -0.30629 -0.03413 -0.95943 -0.27957 -0.03662 -0.95941 -0.27961 -0.03662 -0.96823 -0.24689 -0.03964 -0.96912 -0.2434 -0.03958 -0.97661 -0.21075 -0.04254 -0.97733 -0.20741 -0.04249 -0.98372 -0.17383 -0.04548 -0.98498 -0.16662 -0.04536 -0.9899 -0.13331 -0.04827 -0.99029 -0.13037 -0.04822 -0.9938 -0.09882 -0.05093 -0.99449 -0.09175 -0.0508 -0.99679 -0.05955 -0.05353 -0.99718 -0.05277 -0.0534 -0.99816 -0.02369 -0.05582 -0.9983 -0.01698 -0.05568 -0.99821 0.01366 -0.05819 -0.99811 0.02014 -0.05804 -0.99731 0.04232 -0.05984 -0.99715 0.04628 -0.0596 -0.99639 0.05946 -0.06067 -0.99635 0.06009 -0.06063 -0.99299 0.09957 -0.06376 -0.98951 0.13061 -0.06178 -0.98538 0.15795 -0.06393 -0.98444 0.16385 -0.06353 -0.97941 0.19093 -0.06564 -0.9783 0.19664 -0.06525 -0.97284 0.2215 -0.06718 -0.97123 0.2286 -0.06668 -0.96524 0.25222 -0.0685 -0.96345 0.25911 -0.068 -0.95702 0.28152 -0.06973 -0.95508 0.28816 -0.06922 -0.94802 0.31021 -0.07093 -0.94493 0.31967 -0.07018 -0.93752 0.34043 -0.07179 -0.93532 0.34655 -0.07128 -0.92801 0.36539 -0.07275 -0.92454 0.37422 -0.07199 -0.91675 0.39265 -0.07345 -0.91375 0.3997 -0.07282 -0.90619 0.41633 -0.07414 -0.90245 0.4245 -0.07338 -0.89161 0.44652 -0.07516 -0.88124 0.46686 -0.07381 -0.86771 0.49124 -0.07586 -0.85712 0.50971 -0.07449 -0.84419 0.53058 -0.07633 -0.83263 0.54875 -0.07484 -0.82017 0.56697 -0.07654 -0.80691 0.58592 -0.07482 -0.79518 0.60154 -0.07639 -0.78213 0.61863 -0.07467 -0.77119 0.63203 -0.07613 -0.75662 0.64963 -0.0742 -0.74663 0.66093 -0.07555 -0.73248 0.67679 -0.07365 -0.72342 0.68633 -0.07491 -0.70888 0.70155 -0.07294 -0.70038 0.70991 -0.07416 -0.68472 0.72524 -0.07201 -0.67709 0.73225 -0.07317 -0.66207 0.74607 -0.07107 -0.65282 0.75403 -0.07255 -0.62156 0.78036 -0.06862 -0.61205 0.78768 -0.07036 -0.58085 0.81131 -0.06632 -0.57073 0.81828 -0.06848 -0.52991 0.84576 -0.06234 -0.52571 0.84829 -0.06349 -0.56277 0.82382 -0.06796 -0.58289 0.80947 -0.07069 -0.59288 0.80235 -0.06874 -0.65559 0.75129 -0.07601 -0.66628 0.74197 -0.07448 -0.6828 0.7266 -0.07632 -0.72311 0.6862 -0.07898 -0.69291 0.71704 -0.07568 -0.73432 0.67427 -0.07832 -0.68849 0.72175 -0.07105 -0.67269 0.73671 -0.06887 -0.65624 0.75156 -0.06719 -0.64146 0.76439 -0.06515 -0.6185 0.78327 -0.06282 -0.60496 0.79392 -0.06095 -0.5666 0.82201 -0.05709 -0.55843 0.82755 -0.05763 -0.53225 0.84483 -0.05448 -0.52124 0.85161 -0.05536 -0.49642 0.86651 -0.0523 -0.48785 0.87131 -0.05313 -0.47752 0.8771 -0.0516 -0.46849 0.8819 -0.05265 -0.44698 0.89318 -0.04941 -0.43792 0.89759 -0.05067 -0.39563 0.91731 -0.04501 -0.39091 0.91928 -0.04597 -0.38676 0.92108 -0.0451 -0.38505 0.92177 -0.04553 -0.31322 0.94896 -0.03703 -0.31466 0.9485 -0.03663 -0.25633 0.96613 -0.02984 -0.25417 0.96667 -0.03064 -0.23342 0.972 -0.02696 -0.23292 0.97211 -0.02736 -0.18017 0.98341 -0.02117 -0.18029 0.98339 -0.021 -0.15164 0.9883 -0.01659 -0.94718 0.31092 -0.0786 -0.95259 0.2937 -0.07944 -0.93344 0.35019 -0.07785 -0.92222 0.379 -0.07661 -0.91676 0.39211 -0.07616 -0.90477 0.41927 -0.07487 -0.89899 0.43161 -0.07439 -0.8864 0.45713 -0.07306 -0.87632 0.47628 -0.07223 -0.86323 0.49981 -0.07087 -0.85289 0.51738 -0.07002 -0.84138 0.53604 -0.06884 -0.82879 0.55544 -0.06781 -0.81344 0.57787 -0.06625 -0.80087 0.59528 -0.06523 -0.78929 0.61067 -0.06406 -0.77683 0.62655 -0.06305 -0.76542 0.64055 -0.06191 -0.7512 0.65727 -0.06076 -0.74006 0.66989 -0.05965 -0.7282 0.68285 -0.05869 -0.70575 0.7062 -0.05646 -0.72138 0.69028 -0.05585 -0.70844 0.70364 -0.05485 -0.72766 0.6838 -0.0541 -0.71316 0.69899 -0.05303 -0.73303 0.67818 -0.05227 -0.7191 0.69301 -0.05127 -0.741 0.66961 -0.05043 -0.7255 0.68645 -0.04938 -0.74893 0.66087 -0.04847 -0.73399 0.67749 -0.04751 -0.75913 0.64928 -0.04651 -0.74473 0.66581 -0.04563 -0.77212 0.63392 -0.04452 -0.7542 0.6552 -0.04348 -0.78401 0.61931 -0.04222 -0.76674 0.64062 -0.04129 -0.78983 0.612 -0.04028 -0.82222 0.5677 -0.04098 -0.8127 0.58131 -0.03984 -0.82998 0.55643 -0.03896 -0.83077 0.55524 -0.03905 -0.84848 0.52786 -0.03808 -0.85052 0.52455 -0.03833 -0.87024 0.49122 -0.03714 -0.87227 0.48759 -0.0374 -0.89109 0.45238 -0.03613 -0.89201 0.45055 -0.03625 -0.91059 0.41185 -0.03484 -0.91151 0.4098 -0.03497 -0.92867 0.36939 -0.03347 -0.92959 0.36705 -0.03361 -0.94738 0.31854 -0.03179 -0.95324 0.30043 -0.03278 -0.95279 0.302 -0.0314 -0.96794 0.24915 -0.0319 -0.96798 0.24898 -0.03202 -0.97301 0.22852 -0.03219 -0.9775 0.20833 -0.03315 -0.98748 0.15417 -0.03349 -0.98794 0.15114 -0.03362 -0.99487 0.09535 -0.03386 -0.99516 0.09223 -0.03398 -0.99879 0.0355 -0.03411 -0.99889 0.0323 -0.03423 -0.9991 -0.02492 -0.03424 -0.99943 0.00685 -0.0331 -0.99416 -0.10259 -0.03361 -0.9937 -0.10689 -0.03368 -0.98796 -0.15098 -0.03377 -0.98466 -0.17112 -0.03409 -0.97761 -0.20769 -0.03384 -0.97694 -0.21078 -0.03393 -0.96408 -0.26349 -0.03349 -0.96326 -0.26647 -0.03357 -0.94791 -0.31682 -0.03303 -0.94693 -0.31973 -0.03311 -0.92773 -0.37184 -0.03244 -0.92663 -0.37456 -0.0325 -0.90924 -0.41505 -0.03189 -0.90807 -0.4176 -0.03195 -0.88562 -0.46337 -0.03116 -0.88436 -0.46577 -0.03122 -0.86289 -0.50448 -0.03046 -0.86158 -0.50671 -0.03051 -0.84383 -0.53578 -0.02988 -0.83116 -0.55521 -0.03031 -0.84337 -0.53637 -0.0322 -0.82013 -0.57132 -0.03132 -0.83942 -0.54239 -0.03439 -0.80633 -0.59054 -0.03304 -0.826 -0.5625 -0.03631 -0.823 -0.56689 -0.03618 -0.82529 -0.56342 -0.03822 -0.85037 -0.52444 -0.04289 -0.85827 -0.51149 -0.04174 -0.85995 -0.50849 -0.04378 -0.88001 -0.47284 -0.0448 -0.8813 -0.47032 -0.0459 -0.88808 -0.45752 -0.04463 -0.90286 -0.42728 -0.04762 -0.9044 -0.42405 -0.04733 -0.91867 -0.39179 -0.0504 -0.92013 -0.38839 -0.05012 -0.9332 -0.35542 -0.05315 -0.93456 -0.35186 -0.05287 -0.94586 -0.31974 -0.05573 -0.94712 -0.31606 -0.05545 -0.95758 -0.2822 -0.05836 -0.95902 -0.27733 -0.05801 -0.96772 -0.24459 -0.06073 -0.969 -0.23958 -0.06038 -0.97694 -0.20395 -0.06323 -0.97826 -0.19765 -0.06281 -0.98415 -0.16486 -0.06534 -0.98504 -0.15958 -0.06499 -0.98995 -0.12418 -0.06763 -0.99094 -0.11633 -0.06711 -0.99415 -0.08269 -0.06952 -0.99471 -0.076 -0.06908 -0.99653 -0.04289 -0.07138 -0.99683 -0.03615 -0.07093 -0.99732 -0.00372 -0.0731 -0.99735 0.00443 -0.07255 -0.99656 0.03609 -0.0746 -0.99628 0.04419 -0.07405 -0.99429 0.07491 -0.07597 -0.99369 0.08303 -0.0754 -0.99046 0.11408 -0.07728 -0.98922 0.12489 -0.07649 -0.98505 0.1535 -0.07817 -0.98384 0.16139 -0.07758 -0.97858 0.19004 -0.07921 -0.97655 0.20054 -0.07839 -0.97068 0.22673 -0.07984 -0.96861 0.23567 -0.07911 -0.96208 0.26064 -0.08046 -0.95937 0.2707 -0.07961 -0.95159 0.29651 -0.08097 -0.94814 0.30763 -0.07999 -0.94049 0.32998 -0.08114 -0.93719 0.33947 -0.08027 -0.92881 0.36151 -0.08138 -0.92529 0.37062 -0.08051 -0.91701 0.39046 -0.0815 -0.91221 0.40175 -0.08036 -0.90331 0.42121 -0.08133 -0.89938 0.4297 -0.08044 -0.89076 0.44714 -0.0813 -0.88554 0.4576 -0.08015 -0.87645 0.47464 -0.08099 -0.87167 0.48352 -0.07998 -0.86003 0.50378 -0.08098 -0.84453 0.52967 -0.07886 -0.83033 0.55151 -0.07998 -0.81467 0.57468 -0.07785 -0.80132 0.59302 -0.07884 -0.78491 0.61486 -0.07661 -0.77237 0.63042 -0.07751 -0.7563 0.64988 -0.07532 -0.74465 0.6631 -0.07615 -0.72739 0.68225 -0.07378 -0.71718 0.69289 -0.07453 -0.71108 0.69927 -0.07338 -0.69781 0.7124 -0.07442 -0.6835 0.72642 -0.07173 -0.67154 0.73739 -0.07272 -0.65742 0.75026 -0.07007 -0.64643 0.75966 -0.07104 -0.63193 0.77201 -0.06831 -0.62177 0.78013 -0.06928 -0.60761 0.79144 -0.0666 -0.59657 0.79969 -0.06774 -0.56436 0.82312 -0.06304 -0.55258 0.83096 -0.0645 -0.54456 0.83635 -0.06296 -0.53322 0.84349 -0.06486 -0.47053 0.88059 -0.0563 -0.46305 0.88442 -0.05817 -0.40963 0.91085 -0.05061 -0.40358 0.91361 -0.04937 -0.36084 0.93158 -0.04414 -0.35898 0.93227 -0.0447 -0.32612 0.94451 -0.03925 -0.3219 0.94588 -0.04112 -0.26695 0.96315 -0.03295 -0.26491 0.96363 -0.03521 -0.23023 0.97271 -0.02892 -0.2302 0.97266 -0.03071 -0.17334 0.98463 -0.02158 -0.17201 0.9849 -0.01984 -0.16168 0.98667 -0.01865 -0.13721 0.99043 -0.01483 -0.15156 0.98831 -0.01638 -0.1327 0.99106 -0.01348 -0.14027 0.99001 -0.01425 -0.12697 0.99184 -0.01154 -0.12957 0.9915 -0.01178 -0.12166 0.99252 -0.01006 -0.11839 0.99292 -0.00979 -0.11705 0.99309 -0.00794 -0.11369 0.99349 -0.00717 -0.10781 0.99417 -0.00306 -0.10761 0.99419 -0.00324 -0.1071 0.99424 -0.00323 -0.97755 0.20737 -0.03731 -0.95943 0.27957 -0.03662 -0.95941 0.27961 -0.03662 -0.93539 0.35181 -0.03571 -0.93791 0.34504 -0.03561 -0.91419 0.40379 -0.03471 -0.91416 0.40387 -0.03471 -0.89033 0.45406 -0.03381 -0.89179 0.45119 -0.03377 -0.86675 0.49766 -0.03282 -0.86978 0.49236 -0.03276 -0.83828 0.54432 -0.03157 -0.83875 0.54361 -0.0315 -0.80428 0.59348 -0.03021 -0.80565 0.59163 -0.03001 -0.76993 0.63749 -0.02868 -0.76797 0.63991 -0.02707 -0.76228 0.64664 -0.02799 -0.78798 0.61485 -0.03231 -0.79137 0.61049 -0.03226 -0.82237 0.56769 -0.0378 -0.8262 0.56211 -0.03777 -0.85552 0.51594 -0.04343 -0.86046 0.50767 -0.0434 -0.88725 0.45868 -0.04908 -0.89313 0.44711 -0.04905 -0.91118 0.40855 -0.05328 -0.90111 0.43014 -0.05458 -0.93722 0.34409 -0.05677 -0.94695 0.31579 -0.05964 -0.96367 0.2601 -0.0607 -0.97103 0.23037 -0.06354 -0.98286 0.17275 -0.06432 -0.98707 0.14572 -0.06676 -0.9932 0.09511 -0.06717 -0.99522 0.06864 -0.06945 -0.9975 0.01237 -0.06961 -0.99734 -0.01316 -0.07171 -0.99426 -0.07965 -0.07149 -0.99202 -0.10257 -0.0733 -0.97804 -0.19549 -0.07227 -0.97274 -0.21975 -0.07413 -0.93532 -0.34655 -0.07128 -0.92801 -0.36539 -0.07275 -0.87068 -0.48709 -0.06826 -0.86258 -0.50112 -0.06948 -0.79789 -0.59936 -0.06427 -0.77717 -0.62607 -0.06362 -0.71304 -0.69869 -0.05837 -0.70091 -0.71072 -0.06008 -0.62298 -0.78042 -0.0534 -0.61406 -0.78735 -0.05487 -0.54438 -0.83743 -0.04865 -0.53863 -0.84107 -0.04982 -0.50478 -0.86193 -0.04768 -0.51855 -0.85361 -0.0495 -0.51115 -0.85796 -0.0512 -0.49669 -0.86652 -0.0495 -0.4897 -0.87038 -0.05133 -0.53791 -0.84112 -0.05638 -0.51968 -0.85264 -0.05418 -0.55568 -0.82937 -0.05793 -0.56543 -0.82267 -0.05928 -0.62611 -0.77697 -0.06564 -0.61431 -0.78647 -0.06402 -0.67582 -0.73369 -0.07043 -0.66214 -0.74623 -0.06857 -0.72342 -0.68633 -0.07491 -0.70888 -0.70155 -0.07294 -0.76583 -0.6382 -0.0788 -0.7508 -0.65605 -0.07675 -0.7857 -0.61337 -0.08032 -0.78438 -0.61509 -0.08008 -0.83039 -0.55069 -0.08478 -0.8221 -0.56347 -0.08156 -0.83595 -0.54231 -0.08417 -0.82738 -0.55515 -0.0852 -0.8108 -0.57942 -0.08291 -0.80034 -0.59362 -0.08414 -0.78115 -0.61901 -0.08147 -0.76646 -0.63689 -0.08317 -0.74488 -0.66248 -0.0792 -0.73366 -0.67472 -0.08058 -0.71796 -0.69174 -0.0777 -0.70767 -0.70211 -0.07902 -0.69204 -0.71783 -0.07615 -0.68244 -0.72682 -0.07745 -0.66628 -0.74197 -0.07448 -0.65768 -0.74948 -0.07571 -0.64929 -0.75691 -0.07416 -0.61454 -0.78562 -0.07175 -0.60962 -0.78936 -0.07256 -0.54231 -0.83769 -0.06455 -0.53564 -0.84185 -0.06621 -0.46712 -0.88231 -0.05774 -0.46479 -0.88348 -0.05867 -0.43861 -0.89692 -0.05613 -0.43689 -0.89771 -0.05697 -0.39866 -0.91563 -0.05198 -0.35939 -0.93194 -0.04815 -0.35677 -0.93297 -0.0477 -0.28745 -0.95702 -0.03843 -0.29211 -0.95557 -0.03949 -0.22455 -0.97399 -0.03035 -0.22118 -0.97478 -0.02971 -0.18095 -0.98319 -0.02431 -0.18081 -0.98327 -0.02189 -0.1202 -0.99264 -0.01455 -0.11997 -0.99269 -0.01294 -0.1042 -0.9945 -0.01034 -0.10408 -0.99454 -0.00728 -0.07985 -0.99679 -0.00558 -0.0798 -0.9968 -0.00365 -0.07957 -0.99682 -0.00355 -0.07968 -0.99681 0.00349 -0.07956 -0.99682 0.0036 -0.08245 -0.99237 0.09165 -0.08234 -0.99234 0.09207 -0.08453 -0.98344 0.16034 -0.08435 -0.98334 0.161 -0.08651 -0.96962 0.2288 -0.0863 -0.96945 0.22961 -0.08847 -0.95046 0.29798 -0.03712 -0.95311 0.30034 -0.03679 -0.95282 0.3013 -0.00389 -0.95319 0.30236 0.00758 -0.92862 0.37095 0.008 -0.92819 0.37201 0.01904 -0.89883 0.43788 0.0195 -0.89827 0.43902 0.03015 -0.86408 0.50246 0.03062 -0.8634 0.5036 0.04087 -0.82437 0.56458 0.04137 -0.82354 0.56575 0.05121 -0.77959 0.6242 0.05167 -0.77871 0.62525 0.06107 -0.72972 0.68101 0.06153 -0.72873 0.68203 0.07037 -0.67511 0.73435 0.0708 -0.67409 0.73525 0.07891 -0.61667 0.78326 0.07931 -0.61561 0.78405 0.08669 -0.55452 0.82764 0.08707 -0.55342 0.82834 0.09369 -0.48866 0.86743 0.09401 -0.48766 0.86796 0.09986 -0.419 0.90248 0.10012 -0.41811 0.90286 0.10509 -0.34635 0.9322 0.10532 -0.3455 0.93249 0.10934 -0.27179 0.95613 0.10948 -0.27121 0.95627 0.11252 -0.1958 0.97417 0.11264 -0.19527 0.97426 0.11469 -0.11842 0.98632 0.11475 -0.11814 0.98634 0.11579 -0.0398 0.99248 0.11582 -0.03966 0.99248 0.11582 0.0398 0.99247 0.11579 0.03966 0.99248 0.11475 0.11842 0.98631 0.1147 0.11815 0.98635 0.11263 0.1958 0.97416 0.11254 0.19528 0.97427 0.10946 0.27178 0.95611 0.10936 0.27121 0.95629 0.10527 0.34634 0.93218 0.10515 0.34551 0.9325 0.10005 0.41899 0.90246 0.09993 0.41812 0.90288 0.09392 0.48865 0.86741 0.09378 0.48767 0.86798 0.08695 0.55451 0.82762 0.08681 0.55343 0.82836 0.07918 0.61665 0.78324 0.07905 0.61563 0.78406 0.07065 0.67509 0.73434 0.07052 0.67411 0.73526 0.06136 0.72971 0.681 0.06124 0.72874 0.68204 0.05149 0.77957 0.62419 0.05139 0.77873 0.62525 0.04117 0.82435 0.56457 0.04107 0.82355 0.56575 0.03043 0.86407 0.50246 0.03035 0.86341 0.5036 0.01931 0.89883 0.43788 0.01924 0.89827 0.43901 0.00783 0.92862 0.37095 0.00776 0.9282 0.37201 -0.00389 0.95319 0.30236 -0.00394 0.9529 0.30327 -0.01563 0.97228 0.23328 -0.01568 0.97209 0.23408 -0.02738 0.9861 0.16387 -0.02742 0.986 0.1645 -0.03913 0.99479 0.09412 -0.03915 0.99475 0.09452 -0.05404 0.99853 0.00464 -0.05412 0.99852 0.00475 -0.05539 0.99846 -0.00238 -0.05556 0.99845 -0.00229 -0.05585 0.99843 -0.00369 -0.05375 0.99855 -0.00384 -0.05417 0.99852 -0.00512 -0.0558 0.99843 -0.00483 -0.05648 0.99838 -0.00648 -0.05864 0.99826 -0.0062 -0.10686 -0.99427 -0.00311 -0.10717 -0.99424 -0.00323 -0.11169 -0.99372 -0.00647 -0.11222 -0.99366 -0.00672 -0.11316 -0.99354 -0.00826 -0.11393 -0.99345 -0.00859 -0.11436 -0.9934 -0.00834 -0.11454 -0.99338 -0.00864 -0.12256 -0.99244 -0.0071 -0.12183 -0.99252 -0.00729 -0.13566 -0.99074 -0.00532 -0.13472 -0.99087 -0.00547 -0.28611 -0.95809 0.01432 -0.15032 -0.98863 -0.00417 -0.35345 -0.93521 0.02145 -0.15774 -0.98747 -0.00373 -0.24182 -0.9703 0.00656 -0.2415 -0.97038 0.00651 -0.72382 -0.68649 0.0694 -0.72341 -0.68693 0.06934 -0.8979 -0.42976 0.09532 -0.89734 -0.43096 0.09522 -0.95071 -0.29201 0.10431 -0.9539 -0.28282 0.10043 -0.94564 -0.30993 0.09855 -0.94969 -0.29867 0.09425 -0.94957 -0.29906 0.09422 -0.95464 -0.28428 0.08856 -0.77913 -0.62396 0.06028 -0.95997 -0.26798 0.0815 -0.96667 -0.24544 0.07285 -0.89929 -0.43285 0.06261 -0.95302 -0.29524 0.06774 -0.92595 -0.37225 0.06357 -0.93411 -0.3521 0.0588 -0.88453 -0.46356 0.05206 -0.89878 -0.43583 0.04734 -0.79225 -0.60919 0.03513 -0.8124 -0.58221 0.03218 -0.53221 -0.84658 0.00688 -0.55459 -0.8321 0.00592 -0.3439 -0.93896 -0.00958 -0.36703 -0.93015 -0.01022 -0.46795 -0.88374 -0.0047 -0.3915 -0.92011 -0.01108 -0.42255 -0.90626 -0.01196 -0.6349 -0.77259 0.00182 -0.63344 -0.77379 0.00167 -0.8716 -0.48975 0.02152 -0.87077 -0.49123 0.02139 -0.94066 -0.33806 0.02947 -0.94055 -0.33837 0.02944 -0.96761 -0.25021 0.03348 -0.95426 -0.2976 0.02874 -0.98152 -0.18842 0.03335 -0.98139 -0.18912 0.0333 -0.9899 -0.13732 0.03527 -0.99405 -0.10146 0.03955 -0.99163 -0.11895 0.05016 -0.99591 -0.07419 0.05148 -0.99276 -0.09589 0.07239 -0.99611 -0.04886 0.07337 -0.99393 -0.05926 0.09271 -0.99548 -0.01837 0.09315 -0.99414 -0.02056 0.10617 -0.99414 0.02056 0.10617 -0.99355 0.04187 0.10538 -0.99221 0.06598 0.10567 -0.98647 0.12648 0.10427 -0.98638 0.12725 0.10426 -0.936 0.33895 0.09499 -0.97563 0.19578 0.09912 -0.96362 0.24914 0.09676 -0.96346 0.24977 0.09674 -0.94969 0.29867 0.09424 -0.94957 0.29907 0.09422 -0.92727 0.3633 0.09045 -0.92679 0.36455 0.09037 -0.88773 0.4526 0.08423 -0.89808 0.43259 0.0795 -0.82733 0.5574 0.06943 -0.84598 0.52928 0.06462 -0.70581 0.70683 0.04716 -0.73103 0.68091 0.04423 -0.4232 0.90596 0.01189 -0.44661 0.89466 0.01104 -0.25248 0.96758 -0.00658 -0.27511 0.96139 -0.00717 -0.60755 0.79403 0.01998 -0.29966 0.95401 -0.00821 -0.32534 0.94555 -0.00891 -0.53357 0.84573 0.00702 -0.53221 0.84658 0.00688 -0.8124 0.58221 0.03218 -0.81217 0.58253 0.03214 -0.90922 0.41408 0.04318 -0.90906 0.41443 0.04315 -0.94903 0.3114 0.04865 -0.94864 0.31261 0.04853 -0.9681 0.24518 0.05168 -0.95865 0.2805 0.0481 -0.98299 0.17599 0.05251 -0.97079 0.23548 0.04591 -0.99162 0.119 0.05019 -0.99467 0.09641 0.03649 -0.99747 0.06043 0.03754 -0.99636 0.07914 0.03156 -0.99906 0.02841 0.03263 -0.99973 0.01843 0.0139 -0.99988 0.00579 0.01404 -0.99999 0.00325 -0.00121 -0.99999 -0.00329 -0.00121 -0.99982 -0.0003 -0.0192 -0.99981 -0.00156 -0.01921 -0.99912 0.00983 -0.04067 -0.99904 0.01699 -0.04048 -0.99702 0.04198 -0.06478 -0.99605 0.06167 -0.06393 -0.99419 0.08259 -0.06905 -0.98814 0.13873 -0.06585 -0.98224 0.17212 -0.07467 -0.96734 0.24378 -0.0694 -0.96523 0.25169 -0.07061 -0.947 0.31458 -0.0651 -0.95352 0.29464 -0.06312 -0.93399 0.35261 -0.05766 -0.94177 0.33152 -0.05631 -0.90868 0.41473 -0.04798 -0.9186 0.39233 -0.04737 -0.85933 0.51026 -0.03452 -0.87762 0.47809 -0.03486 -0.86749 0.49637 -0.0328 -0.87753 0.47851 -0.03129 -0.90331 0.42777 -0.03221 -0.90188 0.43076 -0.03245 -0.92607 0.37588 -0.03332 -0.9265 0.37483 -0.03324 -0.95132 0.30629 -0.03413 -0.95015 0.30989 -0.03438 -0.99094 0.12942 -0.03586 -0.95407 0.29727 -0.03707 -0.98765 0.15216 -0.03739 -0.98924 0.14156 -0.037 -0.99755 0.0598 -0.03625 -0.99761 0.05888 -0.03622 -0.9987 -0.03573 -0.03626 -0.99875 -0.03416 -0.03637 -0.9891 -0.14275 -0.03601 -0.98931 -0.14126 -0.03612 -0.96885 -0.2451 -0.03538 -0.96922 -0.24362 -0.03549 -0.93824 -0.34427 -0.03436 -0.93872 -0.34295 -0.03447 -0.87437 -0.4842 -0.03211 -0.87454 -0.48387 -0.0323 -0.77394 -0.63261 -0.02858 -0.77395 -0.6326 -0.02859 -0.67221 -0.73995 -0.02483 -0.67244 -0.73973 -0.02498 -0.57886 -0.81515 -0.0215 -0.57886 -0.81514 -0.0215 -0.49855 -0.86666 -0.01852 -0.49875 -0.86655 -0.01863 -0.4316 -0.90192 -0.01612 -0.43161 -0.90192 -0.01612 -0.37639 -0.92635 -0.01406 -0.3764 -0.92635 -0.01406 -0.33057 -0.9437 -0.01235 -0.33058 -0.9437 -0.01236 -0.29241 -0.95623 -0.01093 -0.31183 -0.95013 -0.00254 -0.2768 -0.96093 -0.00117 -0.33267 -0.94263 0.02805 -0.29502 -0.95502 0.02992 -0.34274 -0.93751 0.06011 -0.34273 -0.9375 0.06023 -0.38767 -0.91749 0.08902 -0.38767 -0.91749 0.08901 -0.43026 -0.89514 0.11661 -0.43024 -0.89513 0.1168 -0.47022 -0.87088 0.14302 -0.47022 -0.87088 0.14302 -0.52519 -0.83181 0.17964 -0.52499 -0.83189 0.17982 -0.58977 -0.77595 0.22377 -0.58945 -0.7761 0.2241 -0.64488 -0.71776 0.26257 -0.64483 -0.71778 0.26263 -0.69126 -0.65941 0.29553 -0.69099 -0.65952 0.29589 -0.72937 -0.60272 0.32364 -0.72922 -0.60278 0.32387 -0.76118 -0.54765 0.34741 -0.76093 -0.54773 0.34783 -0.78747 -0.49464 0.36773 -0.78734 -0.49467 0.36796 -0.80958 -0.44319 0.38491 -0.80938 -0.44321 0.38532 -0.83556 -0.37032 0.40584 -0.8669 -0.35159 0.35337 -0.84259 -0.34708 0.41181 -0.79468 -0.38925 0.46581 -0.79447 -0.38921 0.46619 -0.73971 -0.42949 0.51804 -0.7396 -0.42946 0.51822 -0.67916 -0.46673 0.56649 -0.67881 -0.46665 0.56696 -0.61478 -0.49976 0.61015 -0.61446 -0.49968 0.61054 -0.54858 -0.52825 0.64808 -0.54823 -0.52815 0.64846 -0.48255 -0.55196 0.68006 -0.48219 -0.55185 0.68041 -0.41859 -0.57105 0.70617 -0.41813 -0.57088 0.70658 -0.3575 -0.58602 0.72717 -0.35721 -0.5859 0.72741 -0.30068 -0.59745 0.7434 -0.30031 -0.59728 0.74369 -0.24766 -0.60595 0.75597 -0.25618 -0.54451 0.79867 -0.25586 -0.54433 0.7989 -0.26345 -0.47971 0.83695 -0.26309 -0.47949 0.83718 -0.26977 -0.41118 0.87072 -0.2695 -0.41101 0.87089 -0.27517 -0.33986 0.89932 -0.27479 -0.3396 0.89953 -0.27934 -0.26663 0.92243 -0.2792 -0.26653 0.9225 -0.28264 -0.19204 0.9398 -0.28253 -0.19196 0.93985 -0.28485 -0.1162 0.9515 -0.28466 -0.11606 0.95158 -0.28584 -0.03898 0.95749 -0.28581 -0.03896 0.95749 -0.28581 0.03898 0.95749 -0.28584 0.03896 0.95749 -0.28465 0.11621 0.95156 -0.28486 0.11605 0.95152 -0.28253 0.19205 0.93984 -0.28265 0.19196 0.93982 -0.2792 0.26664 0.92247 -0.27935 0.26652 0.92246 -0.27477 0.33989 0.89943 -0.27519 0.33957 0.89943 -0.26948 0.41121 0.8708 -0.26979 0.41097 0.87081 -0.26306 0.47975 0.83704 -0.26348 0.47944 0.83709 -0.25583 0.54456 0.79875 -0.25621 0.54428 0.79882 -0.24771 0.60565 0.75619 -0.20027 0.61184 0.76521 -0.19338 0.66938 0.71731 -0.13369 0.67534 0.72529 -0.12986 0.72925 0.67181 -0.1303 0.72875 0.67227 -0.12619 0.77845 0.61489 -0.12671 0.77792 0.61546 -0.12239 0.82248 0.55547 -0.12288 0.82203 0.55603 -0.11839 0.86149 0.49377 -0.11886 0.86111 0.49433 -0.1142 0.89565 0.42984 -0.11465 0.89533 0.4304 -0.10982 0.92502 0.36369 -0.1102 0.92479 0.36417 -0.10526 0.94936 0.29605 -0.08772 0.95803 0.27291 -0.08627 0.96964 0.22881 -0.08654 0.96943 0.2296 -0.08433 0.98345 0.16035 -0.08455 0.98333 0.16099 -0.08233 0.99238 0.09166 -0.08247 0.99233 0.09206 -0.07955 0.99682 0.0035 -0.07968 0.99681 0.0036 -0.07957 0.99682 -0.00364 -0.0798 0.9968 -0.00356 -0.07985 0.99679 -0.00558 -0.07329 0.99729 -0.00574 -0.07363 0.99726 -0.00731 -0.07549 0.99712 -0.00713 -0.07616 0.99705 -0.00914 -0.07847 0.99688 -0.00901 -0.07917 0.9968 -0.01064 -0.0595 0.9982 -0.008 -0.0608 0.99812 -0.00804 -0.04911 0.99878 -0.00545 -0.04238 0.99909 -0.0047 -0.04129 0.99914 -0.00266 -0.03714 0.99931 -0.0024 -0.0364 0.99934 -0.00097 -0.03822 0.99927 -0.00102 -0.03804 0.99928 -0.00068 -0.03707 0.99931 -0.00022 -0.03722 0.99931 -0.00042 -0.03691 0.99932 -0.00014 -0.03431 0.99939 0.00655 -0.02917 0.99946 0.01543 0.00468 0.99501 0.09968 0.00789 0.99425 0.10678 0.0359 0.98448 0.1718 0.03571 0.98455 0.17142 0.0653 0.96787 0.24284 0.06855 0.96586 0.24983 0.0884 0.95082 0.29686 -0.23678 0.96908 -0.06949 -0.23678 0.96907 -0.06949 -0.23678 0.96907 -0.0695 -0.23678 0.96908 -0.06949 -0.23667 0.9691 -0.06952 -0.23671 0.96908 -0.0696 -0.2368 0.96907 -0.0695 -0.23678 0.96907 -0.06949 -0.23678 0.96907 -0.06949 -0.23678 0.96907 -0.06949 -0.23678 0.96907 -0.06949 -0.23678 0.96907 -0.06949 -0.23678 0.96907 -0.0695 -0.23678 0.96907 -0.06949 -0.23678 0.96907 -0.06949 -0.23678 0.96907 -0.06949 -0.23678 0.96907 -0.0695 -0.23678 0.96907 -0.0695 -0.23678 0.96907 -0.0695 -0.28621 -0.9575 0.03583 -0.17535 0.98353 -0.0438 -0.0677 -0.99765 -0.01053 -0.07758 -0.99682 -0.01813 -0.15612 -0.98703 -0.03741 -0.55451 -0.80607 -0.2068 -0.10771 -0.90869 -0.40334 -0.05028 -0.86997 -0.49054 -0.03319 -0.9375 -0.34641 -0.02405 -0.65059 -0.75905 -0.03556 -0.93633 -0.34931 -0.04673 -0.96807 -0.24629 -0.04239 -0.97462 -0.21983 -0.07481 -0.99329 -0.08816 -0.27993 -0.95587 -0.08913 -0.3888 0.9111 -0.13688 -0.14825 0.98809 -0.04118 -0.20589 0.97648 -0.06405 -0.05531 0.99728 -0.04862 -0.08021 0.98956 -0.1197 -0.314 0.87279 -0.37368 -0.03906 0.98741 -0.15328 -0.0382 0.98804 -0.14941 -0.05167 0.9922 -0.11348 -0.13553 0.95168 -0.27556 -0.08261 0.96253 -0.25827 -0.08398 0.94909 -0.3036 -0.0358 0.97892 -0.20106 -0.03095 0.94038 -0.33871 -0.02673 0.93927 -0.34213 -0.04778 0.93755 -0.34454 -0.03215 0.95822 -0.28423 -0.04276 0.92176 -0.38539 -0.04264 0.99906 0.00734 -0.0427 0.99906 0.00738 -0.06125 0.99808 0.0088 -0.5026 0.86261 0.05738 -0.4989 0.86502 0.05327 -0.49664 0.8666 0.04845 -0.48995 0.8708 0.04077 -0.28648 -0.95742 0.03571 -0.23204 -0.97229 0.0284 -0.0545 -0.9985 0.00414 -0.08763 -0.99611 -0.00942 -0.9211 0.1002 -0.37621 -0.2573 0.96252 -0.08576 -0.21936 0.9731 -0.07034 -0.19499 0.97899 -0.05969 -0.11746 0.99183 -0.04972 -0.06567 0.9851 -0.15898 -0.04689 0.96139 -0.27117 -0.02631 0.95904 -0.28205 -0.03821 0.93702 -0.34718 -0.02175 0.81615 -0.57743 -0.00792 0.62322 -0.78201 -0.00339 -0.28232 -0.95931 -0.07949 -0.98671 -0.14171 -0.48335 -0.85747 -0.17642 -0.16702 -0.80931 -0.56313 -0.27099 -0.9579 -0.09483 -0.29743 -0.93613 -0.18762 -0.25031 -0.89315 -0.37367 -0.05036 -0.66501 -0.74513 0.0555 -0.50746 -0.85988 0.14002 -0.36391 -0.92085 -0.22698 -0.97174 -0.06481 -0.17388 -0.98363 -0.04722 -0.176 -0.98295 -0.05318 -0.07531 -0.99715 -0.00495 -0.07764 -0.99696 -0.00628 -0.08008 -0.99676 -0.00797 -0.08263 -0.99652 -0.01115 -0.08428 -0.9963 -0.01652 -0.08504 -0.99631 -0.012 -0.11897 -0.99268 -0.02102 -0.13328 -0.99064 -0.02958 -0.05638 -0.99841 -0.00089 -0.0559 -0.99844 0.00086 -0.05552 -0.99846 0.0001 -0.0572 -0.99836 0.00134 -0.05696 -0.99838 0.00099 -0.05576 -0.99844 -0.00011 -0.05577 -0.99844 0.00104 -0.05572 -0.99845 0.00056 -0.05874 -0.99827 -0.00384 -0.06134 -0.99811 0.00191 -0.06093 -0.99814 0.00134 -0.0578 -0.99833 -0.00215 -0.05752 -0.99834 0.00243 -0.05736 -0.99835 0.00171 -0.06607 -0.99782 -0.0001 -0.09855 -0.99492 -0.02043 -0.09796 -0.99501 -0.01873 -0.1566 -0.98697 -0.03688 -0.18062 -0.98232 -0.0492 -0.23289 -0.97034 -0.06484 -0.85597 -0.44896 -0.25643 -0.92715 -0.2584 -0.27134 -0.74328 -0.6287 -0.22862 -0.56701 -0.80367 -0.1806 -0.34228 -0.93282 -0.11267 -0.86228 -0.33486 -0.37993 -0.81578 -0.46186 -0.34813 -0.51714 -0.83429 -0.1911 -0.61794 -0.74927 -0.23821 -0.73918 -0.60179 -0.30242 -0.88757 -0.22692 -0.40092 -0.90023 -0.131 -0.41525 -0.90414 -0.03841 -0.4255 -0.43881 -0.88396 -0.16146 -0.28355 -0.95458 -0.09149 -0.3137 -0.94294 -0.11157 -0.29736 -0.94628 -0.12698 -0.16782 -0.9845 -0.05094 -0.17965 -0.98209 -0.05678 -0.31953 -0.9412 -0.10975 -0.24407 -0.96669 -0.07708 -0.26442 -0.96035 -0.08838 -0.20784 -0.97619 -0.06212 -0.23129 -0.96992 -0.0759 -0.20389 -0.97694 -0.06334 -0.10735 -0.99345 -0.03925 -0.1088 -0.99319 -0.04163 -0.11615 -0.99263 -0.03466 -0.117 -0.99197 -0.04809 0.07981 -0.99547 -0.05173 -0.06978 -0.98525 -0.15627 -0.0688 -0.98533 -0.15617 -0.06867 -0.98289 -0.1709 -0.04779 -0.97632 -0.211 -0.0545 -0.96298 -0.26402 -0.05594 -0.96015 -0.27383 -0.04675 -0.95826 -0.28204 -0.04968 -0.95121 -0.30452 -0.04114 -0.94599 -0.32158 -0.04345 -0.93835 -0.34295 -0.04066 -0.93498 -0.35236 -0.03058 -0.89728 -0.44039 -0.03114 -0.8926 -0.44978 -0.03262 -0.91198 -0.40893 -0.03121 -0.91775 -0.39594 -0.02558 -0.87733 -0.4792 -0.0296 -0.85684 -0.51474 -0.02797 -0.87561 -0.48221 -0.02153 -0.82074 -0.57089 -0.018 -0.77499 -0.63171 -0.01257 -0.60159 -0.79871 -0.01311 -0.64216 -0.76646 -0.03205 -0.70596 -0.70753 -0.03347 -0.70483 -0.70858 -0.01878 -0.74717 -0.66436 -0.03022 0.40266 -0.91485 -0.0579 0.31998 -0.94565 -0.01809 0.77204 -0.63531 -0.01883 0.74535 -0.6664 -0.02774 0.8781 -0.47767 -0.0257 0.85768 -0.51354 -0.02566 0.85317 -0.52101 -0.02485 0.844 -0.53577 -0.07937 0.986 -0.14667 -0.07906 0.98597 -0.147 -0.0544 0.98252 -0.17802 -0.09552 0.98727 -0.12716 -0.11695 0.99201 -0.04741 -0.1501 0.98789 -0.03936 -0.16997 0.98406 -0.05235 -0.11474 0.99302 -0.02731 -0.12075 0.99119 -0.05451 -0.12341 0.99018 -0.0657 -0.2311 0.96994 -0.0762 -0.20692 0.97633 -0.06303 -0.26036 0.96166 -0.08612 -0.24407 0.96669 -0.07708 -0.29807 0.94925 -0.10044 -0.88349 0.24837 -0.39718 -0.89923 0.1418 -0.41386 -0.85355 0.36318 -0.37357 -0.80194 0.49159 -0.33944 -0.71013 0.64325 -0.28626 -0.59248 0.77325 -0.22595 -0.50791 0.84086 -0.18704 -0.38945 0.91094 -0.1361 -0.38717 0.9133 -0.12645 -0.55509 0.81275 -0.17693 -0.69449 0.68641 -0.21571 -0.81849 0.51843 -0.2476 -0.10024 0.99473 -0.02149 -0.05718 0.99836 0.00129 -0.05735 0.99835 0.00169 -0.05656 0.9984 -0.00163 -0.06039 0.99817 0.00077 -0.0612 0.99812 0.00159 -0.05874 0.99827 -0.00384 -0.06607 0.99782 -0.0001 -0.06062 0.99814 -0.00592 -0.05497 0.99849 -0.00081 -0.05637 0.99841 0.00068 -0.05637 0.99841 -0.00201 -0.05545 0.99846 -5E-05 -0.05568 0.99845 0.00048 -0.05558 0.99845 -4E-05 -0.05662 0.9984 0.00068 -0.05693 0.99838 0.00095 -0.08207 0.99658 -0.00933 -0.07762 0.99696 -0.00626 -0.0753 0.99715 -0.00494 -0.13867 0.9901 -0.0218 -0.13619 0.99044 -0.02175 -0.13132 0.99098 -0.02665 -0.92026 0.10782 -0.37615 0.03327 0.59803 -0.80078 -0.08016 0.75164 -0.65469 -0.18637 0.86524 -0.46543 -0.26297 0.9283 -0.26288 -0.27498 0.95083 -0.1425 -0.2467 0.96636 -0.07277 -0.9175 -0.13626 -0.37367 -0.91147 -0.14578 -0.38466 -0.14017 -0.98979 -0.02598 -0.21464 -0.97471 -0.06217 -0.1741 -0.98361 -0.04698 -0.38792 -0.91204 -0.13304 -0.36758 -0.91709 -0.15435 -0.92029 -0.10754 -0.37617 -0.91446 -0.15992 -0.37174 -0.90977 -0.16822 -0.3795 -0.13318 -0.9908 -0.0241 -0.33886 -0.93408 -0.11251 -0.33901 -0.93405 -0.11238 -0.13514 -0.99036 -0.03034 -0.18344 -0.98188 -0.04747 -0.08282 -0.99654 -0.00655 -0.0802 -0.99676 -0.00571 -0.05476 -0.99849 0.00396 -0.05507 -0.99848 0.00376 -0.31264 -0.94444 -0.10142 -0.31264 -0.94444 -0.10142 -0.17538 -0.98347 -0.04513 -0.17653 -0.9833 -0.0443 -0.17535 -0.98353 -0.0438 -0.17535 -0.98353 -0.0438 -0.31547 -0.94337 -0.10262 -0.31542 -0.94338 -0.10266 -0.12889 -0.99134 -0.02506 -0.12888 -0.99134 -0.02506 -0.07915 -0.99685 -0.005 -0.07916 -0.99685 -0.00499 -0.07927 -0.99684 -0.00503 -0.04264 -0.99906 0.00734 -0.04266 -0.99906 0.00735 -0.05441 -0.99851 0.00407 -0.05481 -0.99849 0.004 -0.08006 -0.99678 -0.00543 -0.08043 -0.99674 -0.00554 -0.12999 -0.99119 -0.02557 -0.13083 -0.99107 -0.02586 -0.31848 -0.94221 -0.10397 -0.31854 -0.9422 -0.10392 -0.15294 -0.98821 -0.00749 -0.16811 -0.98576 0.00453 -0.21157 -0.97736 0.00184 -0.20363 -0.97903 -0.00605 -0.18571 -0.9825 0.01431 -0.2211 -0.97514 0.01455 -0.21496 -0.97658 0.00868 -0.23166 -0.97243 0.02682 -0.22952 -0.97299 0.02493 -0.20571 -0.97838 0.02155 -0.22796 -0.97341 0.02267 -0.22409 -0.97438 0.01912 -0.05636 -0.99841 -0.0021 -0.05681 -0.99838 0.00222 -0.05619 -0.99842 0.0016 -0.05626 -0.99841 0.003 -0.05509 -0.99848 0.00265 -0.0556 -0.99845 0.00312 -0.04239 -0.99907 0.00737 -0.0426 -0.99906 0.00754 -0.0427 -0.99906 0.00753 -0.04269 -0.99906 0.00752 -0.06116 -0.99809 0.00869 -0.23244 -0.97219 0.02871 -0.21728 -0.97574 0.02677 -0.17074 -0.98509 0.0212 -0.17137 -0.98498 0.02128 -0.1062 -0.99425 0.01359 -0.28597 -0.95758 0.03565 -0.10628 -0.99424 0.01385 -0.104 -0.99448 0.01361 -0.06125 -0.99808 0.0088 -0.04261 -0.99906 0.00739 -0.04261 -0.99906 0.00739 -0.0427 -0.99906 0.00738 -0.04264 -0.99906 0.00734 -0.15294 0.98821 -0.00749 -0.20363 0.97903 -0.00605 -0.21157 0.97736 0.00184 -0.47413 0.88027 0.01794 -0.4851 0.87391 0.03091 -0.2211 0.97514 0.01455 -0.18571 0.9825 0.01431 -0.48242 0.87541 0.03061 -0.49125 0.87005 0.04093 -0.22409 0.97438 0.01912 -0.22796 0.97341 0.02267 -0.20571 0.97838 0.02155 -0.4953 0.86738 0.04827 -0.49985 0.86447 0.05341 -0.22952 0.97299 0.02493 -0.23166 0.97243 0.02682 -0.17606 0.98415 0.02102 -0.18366 0.98178 -0.04885 -0.16946 0.98443 -0.0466 -0.1686 0.98454 -0.04748 -0.20665 0.97656 -0.06022 -0.05679 0.99838 0.0022 -0.05619 0.99842 0.0016 -0.05626 0.99841 0.003 -0.18321 0.98192 -0.04768 -0.13791 0.98984 -0.03467 -0.1472 0.98877 -0.02588 -0.04236 0.99907 0.00738 -0.0425 0.99907 0.00746 -0.0425 0.99907 0.00745 -0.05509 0.99848 0.00265 -0.0556 0.99845 0.00312 -0.05527 0.99846 0.00365 -0.0552 0.99847 0.00359 -0.05499 0.99848 0.00387 -0.50304 0.86207 0.06149 -0.50427 0.86134 0.06164 -0.50356 0.86181 0.06097 -0.50378 0.86168 0.061 -0.5024 0.86258 0.05966 -0.15574 0.98779 0.0044 -0.16476 0.98625 0.01283 -0.16324 0.9865 0.01278 -0.16896 0.98546 0.0179 -0.16825 0.98558 0.01785 -0.17131 0.985 0.02048 -0.17013 0.98521 0.02035 -0.17136 0.98498 0.02128 -0.17075 0.98509 0.02121 -0.17256 0.98474 0.02253 -0.28597 0.95759 0.03533 -0.50386 0.86154 0.06224 -0.2338 0.97183 0.02972 -0.23244 0.97219 0.02871 -0.21728 0.97574 0.02677 -0.23204 0.97229 0.0284 -0.23126 0.9725 0.02779 -0.50393 0.86167 0.05985 -0.50138 0.86333 0.05723 -0.28648 0.95742 0.03571 -0.10628 0.99424 0.01385 -0.10612 0.99426 0.01373 -0.1037 0.99452 0.0134 -0.1062 0.99425 0.01359 -0.10556 0.99433 0.01312 -0.10623 0.99425 0.01317 -0.10452 0.99445 0.01172 -0.10483 0.99442 0.01168 -0.10151 0.9948 0.00875 -0.10221 0.99473 0.00859 -0.09702 0.99528 0.00382 -0.0982 0.99516 0.0034 -0.09163 0.99579 -0.00289 -0.31547 0.94337 -0.10262 -0.3154 0.94339 -0.10267 -0.13083 0.99107 -0.02586 -0.13318 0.9908 -0.0241 -0.1834 0.98189 -0.04746 -0.13507 0.99037 -0.03031 -0.14181 0.98959 -0.02449 -0.08006 0.99678 -0.00543 -0.04264 0.99906 0.00734 -0.04266 0.99906 0.00735 -0.04261 0.99906 0.00739 -0.0427 0.99906 0.00746 -0.17533 0.98353 -0.04382 -0.12888 0.99134 -0.02506 -0.07915 0.99685 -0.005 -0.07916 0.99685 -0.00499 -0.07927 0.99684 -0.00503 -0.0427 0.99906 0.00753 -0.04255 0.99907 0.00741 -0.05465 0.9985 0.00388 -0.05477 0.99849 0.00397 -0.05448 0.99851 0.00412 -0.0545 0.9985 0.00414 -0.17654 0.9833 -0.04429 -0.30985 0.94512 -0.10363 -0.31258 0.94446 -0.10147 -0.12889 0.99134 -0.02506 -0.12999 0.99119 -0.02557 -0.08043 0.99674 -0.00554 -0.08039 0.99675 -0.00557 -0.08269 0.99655 -0.00666 -0.08275 0.99655 -0.00661 -0.0845 0.99639 -0.00768 -0.08467 0.99638 -0.00752 -0.08763 0.99611 -0.00942 -0.08352 0.99641 -0.01352 -0.08361 0.9964 -0.01434 -0.31854 0.9422 -0.10392 -0.31854 0.9422 -0.10392 -0.90982 0.16786 -0.37953 -0.9145 0.15961 -0.37177 -0.33857 0.93423 -0.1122 -0.33842 0.93427 -0.11233 -0.84807 0.38801 -0.36087 -0.8601 0.37752 -0.34309 -0.35493 0.92742 -0.11793 -0.35393 0.92768 -0.1189 -0.85237 0.37419 -0.36529 -0.86502 0.36383 -0.34551 -0.37031 0.92056 -0.12423 -0.34886 0.92547 -0.14763 0.15054 0.40601 -0.90138 -0.01404 0.60826 -0.79361 -0.02194 0.50753 -0.86135 0.00886 0.56732 -0.82345 -0.01618 0.57875 -0.81535 -0.1285 0.16705 -0.97754 -0.00325 0.34012 -0.94038 -0.01713 0.56413 -0.82551 -0.02066 0.56501 -0.82483 -0.01616 0.77965 -0.62601 -0.02449 0.7479 -0.66335 -0.02162 0.74667 -0.66484 -0.01263 0.71667 -0.6973 -0.02111 0.69835 -0.71545 -0.03529 0.7037 -0.70962 -0.03612 0.70303 -0.71024 -0.00798 0.80927 -0.58738 -0.0286 0.7869 -0.61642 -0.02311 0.78461 -0.61955 -0.0181 0.80125 -0.59806 -0.02391 0.80366 -0.59461 -0.01904 0.8184 -0.57433 -0.02556 0.82104 -0.57029 -0.02012 0.84727 -0.53078 -0.02718 0.84999 -0.5261 -0.02879 0.87336 -0.48623 -0.02194 0.87087 -0.49103 -0.0242 0.83617 -0.54794 -0.02021 0.78138 -0.62373 -0.02007 0.78231 -0.62257 -0.02493 0.61287 -0.78979 -0.0188 0.64833 -0.76113 -0.03249 0.71869 -0.69457 -0.02611 0.83465 -0.55016 -0.0305 0.81357 -0.58067 -0.02551 0.87752 -0.47886 -0.03018 0.86073 -0.50816 -0.02552 0.90582 -0.4229 -0.03039 0.89234 -0.45035 -0.04097 0.77325 -0.63277 -0.03192 0.87278 -0.48706 -0.03625 0.85788 -0.51257 -0.03001 0.90741 -0.41918 -0.03446 0.89598 -0.44275 -0.07468 0.85264 -0.51713 -0.1482 0.5823 -0.79935 -0.12886 0.57597 -0.80725 -0.12784 0.49691 -0.85834 -0.12016 0.53497 -0.83628 -0.06045 0.89643 -0.43904 -0.05298 0.89411 -0.4447 -0.06928 0.80814 -0.5849 -0.05682 0.80345 -0.59266 -0.08164 0.50999 -0.85629 -0.04015 0.91205 -0.40811 -0.04688 0.91406 -0.40287 -0.03839 0.94433 -0.32675 -0.04633 0.94624 -0.32013 -0.0407 0.95938 -0.27917 -0.0379 0.97119 -0.23529 -0.04029 0.96872 -0.24487 -0.03444 0.96764 -0.24998 -0.03579 0.959 -0.28113 -0.03603 0.95839 -0.28316 -0.03755 0.94758 -0.31731 -0.03875 0.94384 -0.32813 -0.03824 0.92986 -0.36593 -0.04433 0.90301 -0.42732 -0.0303 0.879 -0.47585 -0.02407 0.89808 -0.43917 -0.03075 0.90029 -0.43421 -0.02491 0.91501 -0.40266 -0.02765 0.91586 -0.40055 -0.02976 0.93405 -0.35591 -0.03052 0.93007 -0.36611 -0.02667 0.92898 -0.36916 -0.03278 0.91643 -0.39884 -0.02625 0.91444 -0.40386 -0.03283 0.89802 -0.43872 -0.02603 0.89577 -0.44375 -0.0365 0.91071 -0.41142 -0.028 0.92168 -0.38695 -0.03478 0.92365 -0.38166 -0.03004 0.97806 -0.20615 -0.04042 0.97165 -0.23293 -0.03027 0.96987 -0.24172 -0.04248 0.95944 -0.2787 -0.03884 0.95869 -0.28178 -0.03661 0.9366 -0.34847 -0.03346 0.9488 -0.3141 -0.03759 0.94977 -0.31068 -0.03097 0.96088 -0.27524 -0.03784 0.96229 -0.26939 -0.02783 0.97079 -0.23829 -0.03217 0.97158 -0.23452 -0.03414 0.98113 -0.19034 -0.02984 0.98311 -0.18059 -0.04033 0.98442 -0.17115 -0.0448 0.97235 -0.22919 -0.03141 0.98731 -0.15564 -0.02597 0.98822 -0.15079 -0.04984 0.97892 -0.19807 -0.03012 0.97601 -0.21561 -0.03801 0.9707 -0.23728 -0.02821 0.96891 -0.24582 -0.03691 0.96108 -0.27378 -0.02988 0.9596 -0.27977 -0.03471 0.95124 -0.30651 -0.02981 0.95008 -0.31058 -0.0321 0.94063 -0.33793 -0.02857 0.93971 -0.34079 -0.0331 0.93211 -0.36065 -0.03096 0.91147 -0.41019 -0.03141 0.91161 -0.40985 -0.03143 0.8804 -0.47319 -0.0836 0.8556 -0.51084 -0.0793 0.86559 -0.49443 -0.09197 0.86957 -0.48518 -0.08465 0.88679 -0.45435 -0.10068 0.89136 -0.44198 -0.10887 0.93199 -0.34575 -0.11655 0.92328 -0.36601 -0.10124 0.91988 -0.37891 -0.20489 0.72297 -0.6598 -0.21389 0.69921 -0.68217 -0.18406 0.69044 -0.69958 -0.19229 0.66369 -0.72287 -0.16287 0.65452 -0.73829 -0.07191 0.94667 -0.31409 -0.07855 0.93845 -0.33638 -0.0661 0.93559 -0.34685 -0.07276 0.92494 -0.37308 -0.06271 0.92234 -0.38125 -0.22513 0.75207 -0.61945 -0.23481 0.7311 -0.64059 -0.11604 0.94187 -0.3153 -0.12372 0.93484 -0.33281 -0.08751 0.96819 -0.23441 -0.09384 0.9642 -0.24802 -0.26076 0.79998 -0.54041 -0.14163 0.61538 -0.7754 -0.17027 0.62466 -0.76211 -0.09317 0.905 -0.41509 -0.1089 0.90898 -0.40237 -0.07742 0.95548 -0.28472 -0.08908 0.9575 -0.27433 -0.06153 0.98026 -0.18789 -0.06892 0.98107 -0.18096 -0.03072 0.9414 -0.33589 -0.0286 0.94465 -0.32684 -0.03326 0.94582 -0.323 -0.03362 0.9445 -0.3268 -0.03234 0.94631 -0.32165 -0.03854 0.92083 -0.38807 -0.0343 0.92876 -0.36909 -0.04171 0.8902 -0.45367 -0.03748 0.90085 -0.43252 -0.04928 0.81665 -0.57502 -0.05553 0.81903 -0.57106 -0.05234 0.82666 -0.56026 -0.05148 0.88274 -0.46702 -0.05714 0.88459 -0.46286 -0.0474 0.92307 -0.3817 -0.04694 0.93872 -0.34148 -0.04045 0.95548 -0.29226 -0.04991 0.95748 -0.28415 -0.03781 0.97656 -0.21191 -0.04389 0.97747 -0.20644 -0.04308 0.98447 -0.17019 -0.04309 0.98447 -0.17021 -0.05435 0.98566 -0.15977 -0.10089 0.97367 -0.20443 -0.07909 0.98579 -0.14819 -0.07737 0.98642 -0.1449 -0.07116 0.98913 -0.12872 -0.05916 0.99259 -0.10617 -0.03364 0.98684 -0.15815 -0.05934 0.97697 -0.20498 -0.05286 0.97613 -0.21067 -0.10708 0.96753 -0.22895 -0.04623 0.98053 -0.19083 -0.06952 0.98296 -0.17014 -0.04122 0.99038 -0.13212 -0.05651 0.99138 -0.11825 -0.04076 0.9939 -0.10248 -0.05166 0.99438 -0.09244 -0.02972 0.99576 -0.08711 -0.03436 0.99598 -0.08278 -0.13891 0.96954 -0.20174 -0.14582 0.9667 -0.21033 -0.13596 0.96596 -0.22007 -0.14305 0.96264 -0.2299 -0.13241 0.96165 -0.24022 -0.2857 0.80473 -0.52037 -0.27469 0.81911 -0.50358 -0.29778 0.82287 -0.48395 -0.28659 0.83563 -0.46861 -0.30814 0.83853 -0.44934 -0.08795 0.99041 -0.10652 -0.14817 0.97006 -0.19243 -0.10933 0.98389 -0.14146 -0.10298 0.98363 -0.14791 -0.08435 0.98843 -0.12603 -0.10592 0.9798 -0.16963 -0.09862 0.97929 -0.17683 -0.13969 0.95772 -0.25151 -0.12806 0.95639 -0.26253 -0.27143 0.78376 -0.55861 -0.3327 0.87371 -0.35489 -0.32145 0.88195 -0.34472 -0.33966 0.8823 -0.32584 -0.32868 0.88967 -0.31694 -0.34151 0.88959 -0.30332 -0.11758 0.98862 -0.09383 -0.30591 0.86217 -0.40383 -0.32529 0.86368 -0.38502 -0.14377 0.975 -0.16943 -0.15174 0.97519 -0.16117 -0.11489 0.98675 -0.11455 -0.14809 0.97882 -0.14138 -0.15582 0.97877 -0.13319 -0.31601 0.90913 -0.27132 -0.33994 0.89615 -0.28524 -0.35495 0.9056 -0.23215 -0.32781 0.91866 -0.22046 -0.35588 0.90081 -0.24877 -0.34712 0.90148 -0.25855 -0.34854 0.89578 -0.27585 -0.32186 0.91433 -0.24578 -0.15287 0.9814 -0.11614 -0.16082 0.9811 -0.10759 -0.11987 0.99003 -0.07394 -0.37364 0.91019 -0.17875 -0.34115 0.92459 -0.16955 -0.37317 0.90709 -0.19478 -0.36374 0.9085 -0.2057 -0.36397 0.9046 -0.22187 -0.33414 0.9221 -0.19514 -0.15906 0.98294 -0.09232 -0.16782 0.98233 -0.08287 -0.12255 0.99097 -0.05443 -0.39692 0.90934 -0.12471 -0.36094 0.9249 -0.11952 -0.39517 0.90796 -0.13946 -0.38509 0.91036 -0.15146 -0.38365 0.90826 -0.16697 -0.35012 0.92556 -0.14408 -0.16792 0.98341 -0.06855 -0.17752 0.98239 -0.05826 -0.13009 0.99081 -0.03713 -0.40925 0.90705 -0.09884 -0.41899 0.90381 -0.08705 -0.38436 0.92029 -0.07307 -0.40689 0.90649 -0.11271 -0.37223 0.92319 -0.09575 -0.17897 0.9828 -0.04551 -0.18861 0.98142 -0.03535 -0.14034 0.98987 -0.02147 -0.19129 0.98123 -0.02441 -0.2004 0.9796 -0.01506 -0.46389 0.88589 0.00269 -0.46827 0.88358 0.00297 -0.45344 0.89116 -0.0149 -0.45785 0.88891 -0.01477 -0.4414 0.89664 -0.03471 -0.44691 0.8939 -0.03477 -0.43363 0.89965 -0.05097 -0.3965 0.91658 -0.05165 -0.43067 0.90032 -0.0628 -0.42133 0.90387 -0.07416 -0.29686 0.84988 -0.43541 -0.31721 0.85204 -0.41642 -0.14149 0.97251 -0.18496 -0.15029 0.97285 -0.17598 -0.10623 0.9866 -0.12383 -0.11501 0.98672 -0.11468 -0.10692 0.98865 -0.1055 -0.11778 0.98858 -0.09399 -0.11014 0.9901 -0.08698 -0.12141 0.98977 -0.07491 -0.1143 0.99099 -0.06977 -0.1268 0.99033 -0.05637 -0.12029 0.99133 -0.05286 -0.13402 0.99024 -0.0383 -0.12826 0.99108 -0.03618 -0.14214 0.98961 -0.02176 -0.13726 0.99032 -0.02067 -0.15047 0.98859 -0.00735 -0.47684 0.8788 0.01818 -0.21496 0.97658 0.00868 -0.16811 0.98576 0.00453 -0.1583 0.98738 0.00434 -0.14672 0.98915 -0.00694 -0.09332 0.99563 -0.00375 -0.08498 0.99631 -0.01207 -0.08907 0.99596 -0.0116 -0.07933 0.99661 -0.02162 -0.08429 0.99621 -0.02147 -0.07438 0.99672 -0.0319 -0.08005 0.99627 -0.03234 -0.07068 0.9966 -0.04233 -0.07694 0.99608 -0.04357 -0.06813 0.99627 -0.05296 -0.07494 0.99566 -0.05514 -0.06618 0.99573 -0.0644 -0.07358 0.99499 -0.06774 -0.0644 0.99492 -0.07731 -0.07246 0.99399 -0.08211 -0.06545 0.99385 -0.08928 -0.06233 0.99433 -0.08612 -0.05478 0.99409 -0.09368 -0.06125 0.99808 0.00875 -0.06116 0.99809 0.00869 -0.06135 0.99808 0.00865 -0.06119 0.99809 0.00861 -0.06049 0.99814 0.00802 -0.06077 0.99812 0.00814 -0.05878 0.99825 0.0064 -0.0596 0.9982 0.00677 -0.05617 0.99841 0.00364 -0.0578 0.99832 0.00438 -0.05304 0.99859 -0.00015 -0.0556 0.99845 0.00102 -0.04973 0.99875 -0.0048 -0.05325 0.99858 -0.00324 -0.04656 0.99886 -0.01009 -0.05096 0.99867 -0.00828 -0.04376 0.99892 -0.01583 -0.04893 0.9987 -0.01396 -0.04167 0.9989 -0.02167 -0.0475 0.99867 -0.01992 -0.04029 0.99881 -0.02761 -0.04675 0.99857 -0.02608 -0.03928 0.99865 -0.03399 -0.04645 0.99838 -0.03277 -0.03843 0.99841 -0.04116 -0.04644 0.9981 -0.04038 -0.0375 0.99807 -0.04956 -0.04656 0.99769 -0.0494 -0.03624 0.99755 -0.05976 -0.04664 0.99708 -0.06052 -0.03429 0.99677 -0.07264 -0.04646 0.99611 -0.07485 -0.03171 0.99553 -0.08901 -0.04616 0.99454 -0.09361 -0.03826 0.99414 -0.10105 -0.04164 0.99364 -0.10459 -0.02892 0.99278 -0.11638 -0.04257 0.98987 -0.13542 -0.03286 0.98899 -0.14426 -0.04315 0.98407 -0.17249 -0.03274 0.98279 -0.18178 -0.04069 0.97915 -0.199 -0.03906 0.96671 -0.25289 -0.04358 0.96752 -0.249 -0.04226 0.94958 -0.31068 -0.0465 0.95052 -0.30716 -0.04006 0.93556 -0.35088 -0.05318 0.9973 -0.05062 -0.07858 0.99572 -0.04871 -0.07481 0.99329 -0.08816 -0.05122 0.99643 -0.06704 -0.08411 0.9958 -0.03617 -0.09342 0.99366 -0.06262 -0.01955 0.99774 -0.06424 -0.09143 0.99314 -0.07287 -0.07656 0.99295 -0.09054 -0.08605 0.99001 -0.11167 -0.43272 0.88751 -0.15836 -0.37764 0.91641 -0.13261 -0.31861 0.94176 -0.10755 -0.29918 0.94594 -0.12528 -0.31871 0.94188 -0.10623 -0.31956 0.94123 -0.10936 -0.09241 0.99526 -0.03041 -0.09329 0.9952 -0.02955 -0.0919 0.99564 -0.01564 -0.07678 0.99687 -0.01894 -0.07758 0.99682 -0.01813 -0.32071 0.94099 -0.10814 -0.29944 0.94896 -0.09902 -0.27894 0.95589 -0.09203 -0.24414 0.96668 -0.07701 -0.22759 0.97112 -0.07161 -0.18169 0.982 -0.0516 -0.1809 0.9821 -0.05239 -0.12146 0.99225 -0.02636 -0.12034 0.99235 -0.02751 -0.07729 0.99697 -0.00846 -0.06691 0.99769 -0.01135 -0.26337 0.96108 -0.08343 -0.23387 0.96958 -0.0723 -0.23494 0.9694 -0.07119 -0.21133 0.97542 -0.06241 -0.21231 0.97527 -0.06139 -0.1781 0.98285 -0.04792 -0.17892 0.98274 -0.04703 -0.20575 0.97687 -0.0583 -0.23629 0.96913 -0.07042 -0.23558 0.96924 -0.07123 -0.27997 0.95587 -0.08902 -0.27913 0.95603 -0.08998 -0.30907 0.94561 -0.10148 -0.30814 0.9458 -0.10254 -0.34495 0.93132 -0.11682 -0.3439 0.93156 -0.11802 -0.2802 0.95564 -0.09073 -0.26217 0.9613 -0.08467 -0.21416 0.9747 -0.064 -0.21427 0.97468 -0.06389 -0.1735 0.98362 -0.04886 -0.15886 0.98649 -0.04003 -0.15315 0.98714 -0.0459 -0.11702 0.99288 -0.02206 -0.11722 0.99287 -0.02185 -0.1556 0.98709 -0.03797 -0.0677 0.99765 -0.01053 -0.06775 0.9977 -0.00363 -0.10088 0.99474 -0.01791 -0.09626 0.99509 -0.02288 -0.15628 0.98701 -0.03723 -0.19425 0.97949 -0.0535 -0.20677 0.97672 -0.05715 -0.23457 0.9696 -0.0696 -0.27645 0.95706 -0.0872 -0.14169 0.98867 -0.04955 -0.11517 0.99271 -0.03559 -0.1088 0.99319 -0.04163 -0.07409 0.99704 -0.02048 -0.07468 0.99701 -0.01991 -0.04702 0.99833 -0.03368 -0.0669 0.99765 -0.01445 -0.04428 0.99866 -0.02667 -0.06096 0.99809 -0.01022 -0.04216 0.99889 -0.0211 -0.05631 0.99839 -0.00684 -0.04047 0.99904 -0.01655 -0.05261 0.99861 -0.00406 -0.03916 0.99915 -0.01272 -0.04966 0.99876 -0.00173 -0.03821 0.99923 -0.0094 -0.04733 0.99888 0.00027 -0.03763 0.99927 -0.00643 -0.04554 0.99896 0.002 -0.03748 0.99929 -0.00368 -0.04426 0.99901 0.00353 -0.03783 0.99928 -0.00105 -0.0434 0.99905 0.00479 -0.03855 0.99926 0.00136 -0.04285 0.99907 0.00576 -0.03941 0.99922 0.00337 -0.04254 0.99907 0.00647 -0.04033 0.99917 0.00499 -0.04241 0.99908 0.00697 -0.04123 0.99913 0.0062 -0.0421 0.99909 0.007 -0.91015 0.31571 -0.26823 -0.43685 0.8867 -0.15139 -0.43435 0.8874 -0.15444 -0.48759 0.85515 -0.176 -0.48659 0.85546 -0.17724 -0.55568 0.80561 -0.20546 -0.5545 0.80604 -0.20696 -0.59596 0.77142 -0.22302 -0.59466 0.77193 -0.22472 -0.64045 0.72869 -0.24256 -0.64971 0.72461 -0.22982 -0.54305 0.81554 -0.19997 -0.67448 0.68162 -0.28368 -0.68855 0.67548 -0.26388 -0.90412 0.04484 -0.42492 -0.06119 0.99809 0.00875 -0.04263 0.99906 0.00741 -0.04279 0.99906 0.00753 -0.04262 0.99906 0.00746 -0.04286 0.99905 0.00765 -0.0426 0.99906 0.00754 -0.04255 0.99907 0.0075 -0.04249 0.99907 0.00746 -0.04157 0.99911 0.00666 -0.0421 0.99909 0.007 -0.04005 0.99918 0.00513 -0.04155 0.99912 0.00614 -0.0382 0.99927 0.00296 -0.04091 0.99915 0.00485 -0.03621 0.99934 0.00021 -0.04027 0.99918 0.00312 -0.03428 0.99941 -0.00301 -0.03972 0.99921 0.00094 -0.03253 0.99945 -0.00659 -0.03934 0.99922 -0.0017 -0.03125 0.99946 -0.01029 -0.03933 0.99922 -0.00462 -0.03049 0.99944 -0.01403 -0.0398 0.99918 -0.00771 -0.03006 0.99939 -0.01803 -0.04072 0.99911 -0.01109 -0.02983 0.9993 -0.02248 -0.04205 0.999 -0.01492 -0.02967 0.99918 -0.02764 -0.04384 0.99885 -0.01941 -0.02947 0.99899 -0.03386 -0.04613 0.99863 -0.02485 -0.02907 0.99871 -0.04164 -0.04905 0.99829 -0.03172 -0.02853 0.99826 -0.05151 -0.05292 0.99777 -0.04064 -0.04346 0.99782 -0.04962 -0.05531 0.99728 -0.04862 -0.03909 0.9972 -0.0638 -0.06285 0.99595 -0.06435 -0.04285 0.99564 -0.08285 -0.07481 0.99329 -0.08816 -0.06133 0.99304 -0.1005 -0.0937 0.98764 -0.12563 -0.07806 0.98658 -0.14338 -0.104 0.99448 0.01361 -0.28596 0.95758 0.03565 -0.28621 0.9575 0.03583 -0.38961 -0.91087 -0.13609 -0.38855 -0.91113 -0.13734 -0.28016 -0.95565 -0.09078 -0.27903 -0.95587 -0.09194 -0.21416 -0.9747 -0.064 -0.55559 -0.80568 -0.20542 -0.59476 -0.7719 -0.22459 -0.59596 -0.77143 -0.22302 -0.68861 -0.6754 -0.26391 -0.67454 -0.68154 -0.28372 -0.32402 -0.94023 -0.10476 -0.32086 -0.94093 -0.10813 -0.26329 -0.96109 -0.08351 -0.2623 -0.96128 -0.08453 -0.21427 -0.97468 -0.06389 -0.1735 -0.98362 -0.04886 -0.1809 -0.9821 -0.05239 -0.0837 -0.99642 -0.01193 -0.13998 -0.98895 -0.04882 -0.13799 -0.98901 -0.05317 -0.12853 -0.98988 -0.0601 -0.1021 -0.99455 -0.02097 -0.09329 -0.9952 -0.02955 -0.09314 -0.99526 -0.02797 -0.08717 -0.9921 -0.0902 -0.02998 -0.9324 -0.36019 -0.02814 -0.96027 -0.27764 -0.03557 -0.95588 -0.2916 -0.02783 -0.97079 -0.23829 -0.03784 -0.96229 -0.26939 -0.03257 -0.97343 -0.22667 -0.029 -0.97281 -0.22978 -0.05527 -0.96188 -0.26784 -0.03278 -0.91643 -0.39884 -0.02667 -0.92898 -0.36916 -0.03075 -0.90029 -0.43421 -0.03583 -0.92395 -0.38084 -0.03818 -0.92461 -0.37899 -0.04326 -0.91516 -0.40076 -0.02777 -0.93178 -0.36195 -0.03283 -0.89802 -0.43872 -0.02625 -0.91444 -0.40386 -0.0303 -0.879 -0.47585 -0.02407 -0.89808 -0.43917 -0.02592 -0.87789 -0.47817 -0.02545 -0.87215 -0.48857 -0.025 -0.87756 -0.47882 -0.02693 -0.8976 -0.43999 -0.02491 -0.91501 -0.40266 -0.03907 -0.91926 -0.39171 -0.03287 -0.93072 -0.36424 -0.02998 -0.94421 -0.32797 -0.03538 -0.94555 -0.32355 -0.03196 -0.95722 -0.28758 -0.04168 -0.9512 -0.30575 -0.03575 -0.96609 -0.25572 -0.05162 -0.95162 -0.3029 -0.03958 -0.97418 -0.22228 -0.07073 -0.96269 -0.26121 -0.06781 -0.96455 -0.25505 -0.05566 -0.96319 -0.26298 -0.02519 -0.83852 -0.54429 -0.02221 -0.83735 -0.54621 -0.02311 -0.82006 -0.57181 -0.02151 -0.81941 -0.57281 -0.02313 -0.78261 -0.62208 -0.01431 -0.50312 -0.8641 -0.02094 -0.51739 -0.8555 -0.01051 -0.51305 -0.8583 -0.02233 -0.80301 -0.59555 -0.01969 -0.80191 -0.59712 -0.02162 -0.74667 -0.66484 -0.01711 -0.74472 -0.66716 -0.01992 -0.61076 -0.79156 -0.01951 -0.61059 -0.79171 -0.02333 -0.28033 -0.95962 -0.02484 -0.07492 -0.99688 0.00743 -0.32161 -0.94684 -0.0201 -0.33112 -0.94337 -0.01193 -0.2353 -0.97185 -0.01568 -0.23536 -0.97178 -0.02491 -0.84314 -0.53711 -0.02563 -0.85361 -0.52027 -0.02565 -0.85332 -0.52075 -0.02365 -0.85256 -0.52209 -0.0239 -0.84873 -0.52828 -0.02343 -0.84855 -0.52859 -0.02703 -0.78424 -0.61987 -0.0121 -0.83131 -0.55567 -0.02007 -0.78231 -0.62257 -0.03209 -0.92709 -0.37347 -0.02728 -0.93591 -0.35119 -0.03196 -0.90788 -0.41802 -0.0286 -0.94465 -0.32684 -0.03351 -0.92068 -0.38887 -0.02727 -0.91881 -0.39375 -0.03055 -0.89469 -0.44565 -0.02942 -0.87891 -0.47608 -0.0317 -0.8562 -0.51567 -0.03062 -0.83642 -0.54724 -0.03674 -0.74752 -0.66323 -0.03341 -0.71908 -0.69412 -0.04447 -0.35817 -0.9326 -0.0426 -0.33383 -0.94167 -0.0426 0.33383 -0.94167 -0.02374 0.89007 -0.45521 -0.02797 0.83765 -0.5455 -0.0232 0.85812 -0.51292 -0.02753 0.78544 -0.61833 -0.02311 0.81057 -0.58518 -0.02935 0.65285 -0.75692 -0.02655 0.66732 -0.74429 -0.03311 0.34568 -0.93777 -0.03466 0.33172 -0.94274 -0.03496 -0.30762 -0.95087 -0.03693 -0.33233 -0.94244 -0.02876 -0.6867 -0.72637 -0.03249 -0.71869 -0.69457 -0.02754 -0.81238 -0.58248 -0.02892 -0.83575 -0.54834 -0.02706 -0.85958 -0.51029 -0.02847 -0.87857 -0.47676 -0.02715 -0.89124 -0.45272 -0.02856 -0.9068 -0.4206 -0.02768 -0.91332 -0.40629 -0.02907 -0.92622 -0.37586 -0.0212 -0.25515 -0.96667 -0.01731 -0.2543 -0.96697 -0.01499 -0.56639 -0.824 -0.01611 -0.56685 -0.82366 -0.01333 -0.71906 -0.69482 -0.02103 -0.70175 -0.71211 -0.01872 -0.78277 -0.62203 -0.02804 -0.78667 -0.61674 -0.00937 -0.81645 -0.57734 -0.04164 -0.99364 -0.10459 -0.02892 -0.99278 -0.11638 -0.04257 -0.98987 -0.13542 -0.03957 -0.98702 -0.15567 -0.02924 -0.98862 -0.14755 -0.03773 -0.97938 -0.19848 -0.03874 -0.97887 -0.20077 -0.032 -0.96962 -0.24253 -0.03654 -0.95913 -0.28058 -0.03396 -0.90865 -0.41617 -0.0371 -0.88866 -0.45706 -0.03654 -0.87442 -0.48379 -0.04515 -0.79621 -0.60333 -0.0426 -0.77392 -0.63185 -0.06088 -0.40932 -0.91036 -0.05927 -0.38586 -0.92065 -0.05927 0.38586 -0.92065 -0.07759 0.43694 -0.89614 -0.07759 -0.43694 -0.89614 -0.07887 -0.45931 -0.88477 -0.06135 -0.79664 -0.60133 -0.06316 -0.79733 -0.60022 -0.09107 -0.48458 -0.86999 -0.03351 0.92068 -0.38887 -0.02899 0.92962 -0.36738 -0.03243 0.93059 -0.36463 -0.03652 0.90945 -0.41421 -0.03218 0.91895 -0.39306 -0.03901 0.87529 -0.48203 -0.03473 0.88786 -0.4588 -0.04702 0.77571 -0.62934 -0.04534 0.78094 -0.62296 -0.0641 0.45725 -0.88702 -0.06746 0.43378 -0.89849 -0.06824 -0.41155 -0.90883 -0.06969 -0.43448 -0.89798 -0.04709 -0.79698 -0.60216 -0.04928 -0.81665 -0.57502 -0.03937 -0.88942 -0.45539 -0.04112 -0.97706 -0.20894 -0.04123 -0.97176 -0.23235 -0.03872 -0.97133 -0.23456 -0.03845 -0.96407 -0.26283 -0.0548 -0.89468 -0.44333 -0.0474 -0.92307 -0.3817 -0.04694 -0.93872 -0.34148 -0.06119 -0.91452 -0.39989 -0.06198 -0.90637 -0.41791 -0.07624 -0.85316 -0.51604 -0.07734 -0.84083 -0.53575 -0.02908 -0.94556 -0.32415 -0.03232 -0.94637 -0.32147 -0.03659 -0.9294 -0.36725 -0.03824 -0.92986 -0.36593 -0.04226 -0.91269 -0.40647 -0.04361 -0.91309 -0.40542 -0.05117 -0.87666 -0.47838 -0.05205 -0.87696 -0.47774 -0.0638 -0.8061 -0.58833 -0.06753 -0.8075 -0.58599 -0.09947 -0.4873 -0.86755 -0.10543 -0.45231 -0.8856 -0.10543 0.45231 -0.8856 -0.1082 0.53102 -0.84042 -0.06998 0.83827 -0.54075 -0.07894 0.84138 -0.53466 -0.05955 0.91406 -0.40119 -0.06681 0.91607 -0.39541 -0.05255 0.94962 -0.30897 -0.05941 0.9511 -0.30311 -0.05639 0.95881 -0.2784 -0.0638 0.96021 -0.2719 -0.0606 0.96608 -0.25104 -0.06794 0.96728 -0.24445 -0.06059 0.97678 -0.20549 -0.06789 0.9777 -0.19876 -0.0716 -0.83884 -0.53966 -0.05866 -0.89588 -0.4404 -0.05803 -0.90521 -0.42098 -0.04778 -0.93755 -0.34454 -0.05237 -0.9387 -0.34074 -0.05127 -0.95097 -0.305 -0.03462 -0.91968 -0.39115 -0.03613 -0.92012 -0.38996 -0.03971 -0.90156 -0.43083 -0.04213 -0.90233 -0.42899 -0.05553 -0.81903 -0.57106 -0.03523 -0.86463 -0.50116 -0.0553 -0.7853 -0.61664 -0.06063 -0.78738 -0.61348 -0.08676 -0.46183 -0.88272 -0.08742 -0.45941 -0.88391 -0.08618 0.48299 -0.87138 -0.09947 0.4873 -0.86755 -0.06517 0.82237 -0.5652 -0.07416 0.82563 -0.55932 -0.0563 0.9047 -0.42232 -0.06368 0.90686 -0.41659 -0.05237 0.9387 -0.34074 -0.05127 0.95097 -0.305 -0.0442 0.96426 -0.26126 -0.05174 0.96565 -0.25463 -0.04925 0.97122 -0.23305 -0.05516 0.97216 -0.22774 -0.05252 0.97637 -0.20962 -0.05965 0.97734 -0.20312 -0.03703 0.99173 -0.1229 -0.04794 0.98925 -0.13818 -0.05611 0.98987 -0.13041 -0.06336 0.98695 -0.14804 -0.06794 0.98573 -0.15402 -0.09821 0.96953 -0.22443 -0.09203 0.97274 -0.21286 -0.13026 0.9442 -0.30252 -0.12267 0.94991 -0.28745 -0.25455 0.75931 -0.59888 -0.24426 0.77781 -0.57909 -0.02555 0.83268 -0.55316 -0.02476 0.83835 -0.54457 -0.02662 0.83908 -0.54336 -0.02141 0.85171 -0.52358 -0.02787 0.85416 -0.51926 -0.02201 0.87648 -0.48093 -0.02888 0.87893 -0.47607 -0.02332 0.89639 -0.44266 -0.02992 0.89859 -0.43777 -0.02464 0.91237 -0.40863 -0.03099 0.91434 -0.40375 -0.02596 0.92531 -0.37831 -0.02901 0.9262 -0.3759 -0.03196 0.90788 -0.41802 -0.02727 0.91881 -0.39375 -0.03234 0.87994 -0.47399 -0.02779 0.89375 -0.44769 -0.03341 0.83749 -0.54543 -0.02905 0.8552 -0.51748 -0.03824 0.72112 -0.69176 -0.03599 0.73016 -0.68233 -0.04783 0.40228 -0.91427 -0.0502 0.38321 -0.92229 -0.05071 -0.35991 -0.93161 -0.05246 -0.38388 -0.92189 -0.03803 -0.74806 -0.66254 -0.04097 -0.77325 -0.63277 -0.03362 -0.85691 -0.51436 -0.03443 -0.87368 -0.48529 -0.03172 -0.89508 -0.44478 -0.03261 -0.90823 -0.4172 -0.02899 -0.92962 -0.36738 -0.04302 -0.93345 -0.35611 -0.0343 -0.94607 -0.32213 -0.03017 -0.95966 -0.27952 -0.02756 -0.9591 -0.28174 -0.03336 -0.95551 -0.29307 -0.02838 -0.94504 -0.32573 -0.03209 -0.94596 -0.32268 -0.02751 -0.9351 -0.35333 -0.02488 -0.93437 -0.35544 -0.02798 -0.91342 -0.40606 -0.02634 -0.8974 -0.44043 -0.02701 -0.89119 -0.45282 -0.02531 -0.8721 -0.48867 -0.02635 -0.85931 -0.51078 -0.02463 -0.83634 -0.54766 -0.02609 -0.81179 -0.58337 -0.02439 -0.78413 -0.62012 -0.02825 -0.68649 -0.72659 -0.02411 -0.65062 -0.75902 -0.02988 -0.30635 -0.95145 -0.02782 -0.28138 -0.95919 -0.02782 0.28138 -0.95919 -0.02105 0.2798 -0.95983 -0.02348 0.25564 -0.96649 -0.01428 0.25365 -0.96719 -0.01775 0.2182 -0.97574 0.01112 0.21136 -0.97735 -0.02772 -0.04705 -0.99851 -0.05324 0.03115 -0.9981 -0.0628 -0.98995 -0.12673 -0.03141 -0.98731 -0.15564 -0.03839 -0.98607 -0.16184 -0.03261 -0.98038 -0.19441 -0.02908 -0.97986 -0.19756 -0.03776 -0.96394 -0.26343 -0.03533 -0.95888 -0.28162 -0.05121 -0.97618 -0.21083 -0.06518 -0.96046 -0.27068 -0.05494 -0.95852 -0.27967 -0.06753 -0.93593 -0.34566 -0.07124 -0.92456 -0.37432 -0.08601 -0.8872 -0.4533 -0.09053 -0.86912 -0.48624 -0.05965 -0.97734 -0.20312 -0.07391 -0.96819 -0.23907 -0.05929 -0.96586 -0.2522 -0.07319 -0.94694 -0.31297 -0.07718 -0.93815 -0.33753 -0.09441 -0.90533 -0.41409 -0.09937 -0.891 -0.443 -0.06233 -0.99433 -0.08612 -0.0533 -0.99403 -0.09516 -0.06076 -0.99266 -0.10462 -0.04987 -0.99209 -0.11523 -0.05807 -0.99 -0.12854 -0.04794 -0.98925 -0.13818 -0.04704 -0.98947 -0.13691 -0.04886 -0.98511 -0.16486 -0.04309 -0.98447 -0.17021 -0.05656 -0.97237 -0.22649 -0.04778 -0.97097 -0.23436 -0.06096 -0.95143 -0.30178 -0.05255 -0.94962 -0.30897 -0.06427 -0.92276 -0.37999 -0.0652 -0.91563 -0.3967 -0.08078 -0.86607 -0.49336 -0.08208 -0.8551 -0.51192 -0.08798 -0.95732 -0.27532 -0.08366 -0.9627 -0.25732 -0.09286 -0.96406 -0.24892 -0.08846 -0.96832 -0.23353 -0.09732 -0.96943 -0.22526 -0.09289 -0.97284 -0.21205 -0.10089 -0.97367 -0.20443 -0.07909 -0.98579 -0.14819 -0.27928 -0.956 -0.08986 -0.25596 -0.96346 -0.07892 -0.25541 -0.96356 -0.07954 -0.17878 -0.98276 -0.04718 -0.19517 -0.97922 -0.05517 -0.21226 -0.97528 -0.06144 -0.21216 -0.97529 -0.06154 -0.30826 -0.94577 -0.1024 -0.30902 -0.94562 -0.10154 -0.63927 -0.72911 -0.24441 -0.54305 -0.81554 -0.19997 -0.64986 -0.72446 -0.22986 -0.34371 -0.93162 -0.11813 -0.34393 -0.93157 -0.11787 -0.23484 -0.96942 -0.07129 -0.23404 -0.96955 -0.07213 -0.15886 -0.98649 -0.04003 -0.15905 -0.98647 -0.03984 -0.1148 -0.99309 -0.02441 -0.2548 -0.96384 -0.07808 -0.20628 -0.97679 -0.05775 -0.20626 -0.97679 -0.05778 -0.21948 -0.97352 -0.06399 -0.21986 -0.97346 -0.06356 -0.92417 -0.04759 -0.37899 -0.43616 -0.88692 -0.1521 -0.43505 -0.88723 -0.15346 -0.45873 -0.87316 -0.16481 -0.45946 -0.87294 -0.16391 -0.4867 -0.85544 -0.17703 -0.48754 -0.85518 -0.17598 -0.06691 -0.99769 -0.01135 -0.07729 -0.99697 -0.00846 -0.12034 -0.99235 -0.02751 -0.11965 -0.99241 -0.02821 -0.15043 -0.98785 -0.03903 -0.1501 -0.98789 -0.03936 -0.1805 -0.98216 -0.0528 -0.20723 -0.97628 -0.06272 -0.22759 -0.97112 -0.07161 -0.24414 -0.96668 -0.07701 -0.29815 -0.94923 -0.10035 -0.29937 -0.94898 -0.09909 -0.38516 -0.91278 -0.13596 -0.06062 -0.99814 -0.00592 -0.06775 -0.9977 -0.00363 -0.10088 -0.99474 -0.01791 -0.11722 -0.99287 -0.02185 -0.16772 -0.98489 -0.04308 -0.17887 -0.98274 -0.04708 -0.23576 -0.96921 -0.07104 -0.23622 -0.96914 -0.07052 -0.51857 -0.83343 -0.19099 -0.51953 -0.83311 -0.18978 -0.08435 -0.98843 -0.12603 -0.10592 -0.9798 -0.16963 -0.09862 -0.97929 -0.17683 -0.11551 -0.98672 -0.11417 -0.10623 -0.9866 -0.12383 -0.08795 -0.99041 -0.10652 -0.10933 -0.98389 -0.14146 -0.10298 -0.98363 -0.14791 -0.11548 -0.92306 -0.36692 -0.10989 -0.9322 -0.34487 -0.12275 -0.93467 -0.33366 -0.11697 -0.94203 -0.31447 -0.12938 -0.94407 -0.30331 -0.12351 -0.95003 -0.28668 -0.13474 -0.95158 -0.2763 -0.12883 -0.95648 -0.2618 -0.13897 -0.95765 -0.2522 -0.13311 -0.96172 -0.23954 -0.14239 -0.96259 -0.23055 -0.1366 -0.96602 -0.21944 -0.1452 -0.96666 -0.21094 -0.13951 -0.96958 -0.20114 -0.1476 -0.97003 -0.193 -0.14205 -0.97253 -0.1844 -0.14975 -0.97284 -0.17652 -0.1443 -0.97502 -0.16889 -0.15174 -0.97519 -0.16117 -0.10237 -0.92015 -0.37796 -0.08276 -0.94886 -0.30467 -0.07858 -0.95569 -0.28369 -0.05801 -0.97644 -0.20787 -0.06565 -0.97743 -0.20082 -0.06365 -0.9805 -0.1859 -0.06892 -0.98107 -0.18096 -0.06336 -0.98695 -0.14804 -0.06794 -0.98573 -0.15402 -0.07895 -0.98652 -0.14336 -0.06969 -0.98904 -0.13018 -0.08793 -0.98981 -0.112 -0.06237 -0.99376 -0.09243 -0.07246 -0.99399 -0.08211 -0.0644 -0.99492 -0.07731 -0.07358 -0.99499 -0.06774 -0.06618 -0.99573 -0.0644 -0.1424 -0.98241 -0.12079 -0.15386 -0.97879 -0.13527 -0.14809 -0.97882 -0.14138 -0.14439 -0.98351 -0.10888 -0.15616 -0.98013 -0.12231 -0.15228 -0.98021 -0.12646 -0.11075 -0.98943 -0.09357 -0.11688 -0.98933 -0.08704 -0.11249 -0.99006 -0.08446 -0.11873 -0.98987 -0.07779 -0.11451 -0.99054 -0.07565 -0.16183 -0.98199 -0.09751 -0.1577 -0.98221 -0.10197 -0.14657 -0.9844 -0.09728 -0.15878 -0.98119 -0.10978 -0.1548 -0.98134 -0.11406 -0.16118 -0.98281 -0.09005 -0.07225 -0.99656 -0.04066 -0.11489 -0.98675 -0.11455 -0.10644 -0.98865 -0.106 -0.11531 -0.98862 -0.09662 -0.07135 -0.99571 -0.05893 -0.06991 -0.99624 -0.05118 -0.06987 -0.99625 -0.05111 -0.07344 -0.99618 -0.0473 -0.07174 -0.99662 -0.0399 -0.12097 -0.99027 -0.06872 -0.11985 -0.99108 -0.05833 -0.16555 -0.9825 -0.08532 -0.15201 -0.98558 -0.07439 -0.16533 -0.98314 -0.07806 -0.12372 -0.99109 -0.04923 -0.13077 -0.99053 -0.04175 -0.12735 -0.99101 -0.04104 -0.17003 -0.98273 -0.07299 -0.13144 -0.99026 -0.04595 -0.13694 -0.98917 -0.05287 -0.16402 -0.98377 -0.07272 -0.1751 -0.98267 -0.06085 -0.16069 -0.98562 -0.05219 -0.17565 -0.98296 -0.05425 -0.08057 -0.99654 -0.02034 -0.14904 -0.9851 -0.08582 -0.11691 -0.99088 -0.06698 -0.12371 -0.99052 -0.05969 -0.07651 -0.99641 -0.03612 -0.07449 -0.9968 -0.02883 -0.0758 -0.99666 -0.03041 -0.08088 -0.99641 -0.02506 -0.07871 -0.99672 -0.01859 -0.13478 -0.99032 -0.03324 -0.17171 -0.98464 -0.03177 -0.18623 -0.98178 -0.03786 -0.18139 -0.98247 -0.04296 -0.13594 -0.9904 -0.02485 -0.14316 -0.98955 -0.01745 -0.14055 -0.98992 -0.01736 -0.15064 -0.98856 -0.00717 -0.14653 -0.98918 -0.00712 -0.15841 -0.98736 0.00445 -0.15562 -0.98781 0.00429 -0.16482 -0.98624 0.01288 -0.16317 -0.98652 0.01272 -0.16899 -0.98546 0.01792 -0.16822 -0.98559 0.01783 -0.2004 -0.9796 -0.01506 -0.19364 -0.98083 -0.02201 -0.1777 -0.98383 -0.02233 -0.19227 -0.98096 -0.02727 -0.18754 -0.98173 -0.03219 -0.10452 -0.99445 0.01172 -0.10483 -0.99442 0.01168 -0.10151 -0.9948 0.00875 -0.10221 -0.99473 0.00859 -0.09702 -0.99528 0.00382 -0.0982 -0.99516 0.0034 -0.09163 -0.99579 -0.00289 -0.09332 -0.99563 -0.00375 -0.08598 -0.99624 -0.01107 -0.08365 -0.99645 -0.00941 -0.08596 -0.99619 -0.0148 -0.13893 -0.98998 -0.0251 -0.13155 -0.99077 -0.03278 -0.16598 -0.98525 -0.04175 -0.18049 -0.98235 -0.04909 -0.06063 -0.99813 0.00814 -0.06065 -0.99813 0.00804 -0.0592 -0.99822 0.00676 -0.05923 -0.99822 0.00643 -0.05702 -0.99836 0.00441 -0.05702 -0.99837 0.00364 -0.05441 -0.99852 0.00115 -0.05433 -0.99852 -0.00025 -0.05164 -0.99866 -0.00291 -0.05144 -0.99866 -0.00509 -0.04895 -0.99877 -0.00764 -0.04864 -0.99876 -0.01071 -0.04656 -0.99883 -0.0129 -0.04615 -0.99879 -0.01692 -0.04482 -0.99883 -0.01833 -0.04432 -0.99875 -0.02332 -0.04379 -0.99876 -0.02388 -0.04315 -0.99862 -0.02989 -0.0432 -0.99862 -0.02984 -0.04238 -0.99842 -0.03703 -0.04286 -0.99841 -0.03653 -0.04177 -0.99811 -0.04518 -0.04261 -0.99811 -0.04431 -0.04111 -0.99765 -0.05487 -0.04226 -0.99766 -0.05371 -0.04014 -0.99695 -0.0669 -0.04156 -0.99699 -0.0655 -0.03849 -0.99585 -0.08251 -0.04064 -0.99593 -0.08043 -0.03619 -0.99402 -0.103 -0.02891 -0.99353 -0.10984 -0.04308 -0.98447 -0.17019 -0.04389 -0.97747 -0.20644 -0.05331 -0.96593 -0.25325 -0.04583 -0.96457 -0.25982 -0.04814 -0.95712 -0.28566 -0.04228 -0.95588 -0.2907 -0.04434 -0.94577 -0.32179 -0.04043 -0.94483 -0.32505 -0.03906 -0.98741 -0.15328 -0.04107 -0.99484 -0.09275 -0.03316 -0.99443 -0.10003 -0.05607 -0.99693 -0.05472 -0.03238 -0.99652 -0.07686 -0.05075 -0.9978 -0.0427 -0.03221 -0.99766 -0.06029 -0.04702 -0.99833 -0.03368 -0.03233 -0.99833 -0.04786 -0.04428 -0.99866 -0.02667 -0.03239 -0.99874 -0.03838 -0.04216 -0.99889 -0.0211 -0.0323 -0.999 -0.03102 -0.04047 -0.99904 -0.01655 -0.03221 -0.99917 -0.02504 -0.03916 -0.99915 -0.01272 -0.03222 -0.99928 -0.01997 -0.03821 -0.99923 -0.0094 -0.03246 -0.99935 -0.01549 -0.03763 -0.99927 -0.00643 -0.03302 -0.99939 -0.01134 -0.03748 -0.99929 -0.00368 -0.03408 -0.99939 -0.00729 -0.03783 -0.99928 -0.00105 -0.03557 -0.99936 -0.00341 -0.03855 -0.99926 0.00136 -0.03722 -0.99931 1E-05 -0.03941 -0.99922 0.00337 -0.03891 -0.99924 0.00288 -0.04033 -0.99917 0.00499 -0.04047 -0.99917 0.00512 -0.04123 -0.99913 0.0062 -0.04173 -0.99911 0.00666 -0.04199 -0.99909 0.00702 -0.04253 -0.99907 0.0075 -0.23126 -0.9725 0.02779 -0.17606 -0.98415 0.02102 -0.17012 -0.98521 0.02034 -0.17131 -0.985 0.02048 -0.10552 -0.99433 0.01309 -0.10625 -0.99425 0.01319 -0.06135 -0.99808 0.00865 -0.06119 -0.99809 0.00861 -0.04272 -0.99906 0.00764 -0.0425 -0.99907 0.00746 -0.04243 -0.99907 0.00747 -0.0421 -0.99909 0.007 -0.04216 -0.99909 0.00706 -0.04155 -0.99912 0.00614 -0.04207 -0.99909 0.00664 -0.04091 -0.99915 0.00485 -0.0421 -0.9991 0.00604 -0.04027 -0.99918 0.00312 -0.04232 -0.99909 0.00522 -0.03972 -0.99921 0.00094 -0.04278 -0.99908 0.00415 -0.03934 -0.99922 -0.0017 -0.04362 -0.99904 0.00285 -0.03933 -0.99922 -0.00462 -0.04495 -0.99899 0.00138 -0.0398 -0.99918 -0.00771 -0.04678 -0.99891 -0.00032 -0.04072 -0.99911 -0.01109 -0.04913 -0.99879 -0.00229 -0.04205 -0.999 -0.01492 -0.05209 -0.99863 -0.0046 -0.04384 -0.99885 -0.01941 -0.05579 -0.99842 -0.00737 -0.04613 -0.99863 -0.02485 -0.06043 -0.99811 -0.01075 -0.04905 -0.99829 -0.03172 -0.06634 -0.99768 -0.01499 -0.05292 -0.99777 -0.04064 -0.07409 -0.99704 -0.02048 -0.05835 -0.99691 -0.05258 -0.08464 -0.99602 -0.02786 -0.06638 -0.99538 -0.06937 -0.08262 -0.9951 -0.05428 -0.07038 -0.99419 -0.08139 -0.08261 -0.99377 -0.07484 -0.10875 -0.98753 -0.11382 -0.08019 -0.99011 -0.11515 -0.09851 -0.98669 -0.12935 -0.04927 -0.99254 -0.11151 -0.06952 -0.98296 -0.17014 -0.04122 -0.99038 -0.13212 -0.05055 -0.98421 -0.16962 -0.03482 -0.98697 -0.15709 -0.04002 -0.98178 -0.18577 -0.03226 -0.98073 -0.19267 -0.03759 -0.97251 -0.2298 -0.02876 -0.97804 -0.20643 -0.03438 -0.96689 -0.25288 -0.02943 -0.96914 -0.24476 -0.03532 -0.95349 -0.29935 -0.03384 -0.95315 -0.3006 -0.03853 -0.93771 -0.34528 -0.0403 -0.93817 -0.34383 -0.0452 -0.92063 -0.38781 -0.04389 -0.92208 -0.3845 -0.05286 -0.8832 -0.46601 -0.05525 -0.88398 -0.46425 -0.06686 -0.823 -0.5641 -0.07249 -0.82503 -0.56042 -0.1082 -0.53102 -0.84042 -0.12016 -0.53497 -0.83628 -0.12784 -0.49691 -0.85834 -0.12886 -0.57597 -0.80725 -0.14616 -0.58165 -0.8002 -0.14363 -0.61605 -0.7745 -0.16833 -0.62405 -0.76304 -0.16477 -0.65513 -0.73733 -0.19045 -0.66313 -0.72387 -0.18586 -0.69099 -0.69856 -0.21216 -0.69872 -0.68321 -0.20658 -0.72345 -0.65875 -0.2332 -0.73068 -0.64165 -0.2267 -0.75248 -0.61837 -0.25305 -0.75897 -0.59995 -0.24572 -0.77816 -0.57801 -0.27006 -0.78348 -0.55967 -0.2621 -0.80025 -0.53935 -0.28442 -0.80451 -0.52141 -0.27595 -0.81934 -0.50254 -0.2966 -0.8227 -0.48498 -0.28775 -0.8358 -0.46758 -0.30704 -0.8384 -0.45034 -0.29795 -0.85001 -0.43442 -0.31618 -0.85195 -0.41739 -0.30692 -0.86227 -0.40286 -0.32433 -0.86362 -0.38596 -0.31495 -0.87285 -0.37273 -0.33179 -0.87368 -0.35581 -0.32235 -0.88198 -0.3438 -0.33882 -0.8823 -0.32672 -0.32951 -0.88968 -0.31606 -0.34151 -0.88959 -0.30332 -0.33714 -0.8931 -0.29783 -0.34492 -0.89289 -0.28943 -0.34071 -0.89612 -0.2844 -0.34854 -0.89578 -0.27585 -0.34424 -0.89892 -0.27099 -0.35213 -0.89845 -0.26227 -0.34787 -0.90143 -0.25772 -0.35588 -0.90081 -0.24877 -0.35167 -0.90363 -0.24451 -0.3598 -0.90286 -0.23533 -0.35565 -0.90553 -0.23136 -0.36397 -0.9046 -0.22187 -0.35988 -0.90713 -0.21819 -0.36843 -0.90601 -0.20835 -0.3644 -0.90841 -0.20495 -0.37317 -0.90709 -0.19478 -0.36904 -0.90947 -0.19152 -0.37812 -0.90791 -0.1809 -0.37425 -0.91008 -0.17804 -0.38365 -0.90826 -0.16697 -0.37986 -0.91032 -0.16437 -0.38934 -0.90828 -0.15313 -0.38566 -0.91024 -0.1508 -0.39517 -0.90796 -0.13946 -0.3916 -0.90982 -0.13738 -0.40108 -0.90733 -0.12602 -0.39746 -0.90919 -0.12407 -0.40689 -0.90649 -0.11271 -0.40342 -0.90826 -0.11101 -0.41278 -0.90536 -0.09969 -0.40969 -0.90691 -0.09831 -0.41899 -0.90381 -0.08705 -0.41587 -0.90537 -0.08579 -0.42493 -0.90213 -0.07479 -0.42176 -0.90371 -0.07363 -0.43067 -0.90032 -0.0628 -0.42798 -0.90166 -0.06192 -0.43669 -0.89815 -0.05133 -0.43398 -0.8995 -0.05054 -0.44662 -0.89403 -0.03512 -0.4417 -0.89651 -0.03436 -0.45763 -0.88901 -0.01504 -0.45367 -0.89105 -0.01462 -0.46806 -0.88369 0.00272 -0.46411 -0.88577 0.00295 -0.47672 -0.87887 0.01804 -0.47426 -0.8802 0.01809 -0.48498 -0.87398 0.03078 -0.48254 -0.87533 0.03076 -0.4912 -0.87009 0.04087 -0.49001 -0.87076 0.04083 -0.49659 -0.86664 0.04839 -0.49535 -0.86735 0.04833 -0.49981 -0.86449 0.05337 -0.49894 -0.865 0.05331 -0.5026 -0.86262 0.05737 -0.50139 -0.86333 0.05724 -0.50392 -0.86167 0.05984 -0.50241 -0.86257 0.05967 -0.50378 -0.86168 0.06099 -0.50356 -0.86181 0.06097 -0.50426 -0.86135 0.06163 -0.50305 -0.86206 0.0615 -0.50386 -0.86154 0.06224 -0.2338 -0.97183 0.02972 -0.28679 -0.95732 0.03594 -0.17123 -0.985 0.02156 -0.10612 -0.99426 0.01373 -0.1037 -0.99452 0.0134 -0.06118 -0.99809 0.00875 -0.06126 -0.99808 0.00876 -0.04263 -0.99906 0.00741 -0.0427 -0.99906 0.00746 -0.04262 -0.99906 0.00746 -0.04257 -0.99907 0.00743 -0.0552 -0.99847 0.00359 -0.05527 -0.99846 0.00365 -0.08243 -0.99657 -0.00688 -0.0844 -0.99641 -0.00735 -0.1314 -0.99097 -0.02657 -0.13138 -0.99098 -0.02658 -0.16082 -0.98622 -0.03875 -0.23678 0.96907 -0.06949 -0.23679 0.96907 -0.06949 -0.23678 0.96907 -0.06949 -0.23678 0.96907 -0.06949 -0.23678 0.96907 -0.0695 -0.23678 0.96907 -0.06949 -0.23678 0.96907 -0.06949 -0.23678 0.96907 -0.06949 -0.23679 -0.96907 -0.06949 -0.23678 -0.96907 -0.0695 -0.23678 -0.96907 -0.06949 -0.23678 -0.96907 -0.06949 -0.23678 -0.96907 -0.06949 -0.23678 -0.96907 -0.06949 -0.23678 -0.96907 -0.06949 -0.23678 -0.96907 -0.06949 -0.23678 -0.96907 -0.06949 -0.23678 -0.96907 -0.06949 -0.10246 -0.99474 -0.00088 -0.10145 -0.99484 -0.00064 -0.10145 0.99484 -0.00064 -0.10246 0.99474 -0.00088 -0.23671 -0.96908 -0.0696 -0.23663 -0.96912 -0.06943 -0.23678 -0.96907 -0.06949 -0.23678 -0.96907 -0.0695 -0.23678 -0.96908 -0.06949 -0.23678 -0.96907 -0.06949 -0.23678 -0.96907 -0.0695 -0.23678 -0.96907 -0.0695 -0.23678 -0.96907 -0.0695 -0.23678 -0.96907 -0.06951 -0.23678 -0.96907 -0.06949 -0.23678 -0.96907 -0.06949 -0.23678 -0.96907 -0.0695 -0.23678 -0.96907 -0.06949 -0.23678 -0.96907 -0.06949 -0.23678 -0.96907 -0.06949 -0.23678 -0.96907 -0.06949 -0.23678 -0.96907 -0.06949 -0.23678 -0.96907 -0.06949 -0.23678 -0.96907 -0.06949</float_array>
          <technique_common>
            <accessor source="#norm_0-array" count="36795" stride="3">
              <param name="X" type="float"/>
              <param name="Y" type="float"/>
              <param name="Z" type="float"/>
            </accessor>
          </technique_common>
        </source>
        <vertices id="vert_0">
          <input semantic="POSITION" source="#pos_0"/>
        </vertices>
        <triangles count="12438" material="mat_0">
          <input semantic="VERTEX" source="#vert_0" offset="0"/>
          <input semantic="NORMAL" source="#norm_0" offset="1"/>
          <p>0 0 1 0 2 0 3 1 4 1 5 1 4 1 6 1 5 1 5 2 6 2 0 2 6 2 7 2 0 2 0 3 7 3 1 3 2 4 8 4 0 4 8 5 9 5 0 5 0 6 9 6 10 6 11 7 12 7 13 7 12 8 14 8 13 8 12 9 15 9 14 9 15 10 16 10 14 10 14 11 16 11 7 11 16 12 17 12 7 12 7 13 17 13 1 13 13 14 18 14 11 14 18 15 19 15 11 15 11 16 19 16 20 16 19 17 21 17 20 17 21 18 22 18 20 18 22 19 23 19 20 19 20 20 23 20 24 20 24 21 25 21 20 21 25 22 26 22 20 22 20 23 26 23 27 23 28 24 29 24 30 24 30 25 31 25 28 25 31 26 32 26 28 26 28 27 32 27 33 27 32 28 34 28 33 28 33 29 34 29 35 29 34 30 36 30 35 30 35 31 36 31 37 31 36 32 38 32 37 32 39 33 40 33 41 33 42 34 43 34 44 34 43 35 45 35 44 35 44 36 45 36 46 36 45 37 47 37 46 37 46 38 47 38 48 38 47 39 49 39 48 39 48 40 49 40 50 40 49 41 51 41 50 41 50 42 51 42 52 42 51 43 53 43 52 43 52 44 53 44 54 44 53 45 55 45 54 45 54 46 55 46 56 46 55 47 57 47 56 47 56 48 57 48 58 48 57 49 59 49 58 49 58 50 59 50 60 50 59 51 61 51 60 51 60 52 61 52 62 52 61 53 63 53 62 53 62 54 63 54 64 54 63 55 65 55 64 55 64 56 65 56 66 56 65 57 67 57 66 57 66 58 67 58 27 58 67 59 68 59 27 59 27 60 68 60 20 60 39 61 41 61 69 61 70 62 71 62 41 62 72 63 73 63 74 63 73 64 75 64 74 64 74 65 75 65 70 65 76 66 77 66 71 66 78 67 79 67 71 67 79 68 80 68 71 68 71 69 80 69 76 69 81 70 42 70 78 70 42 71 82 71 78 71 78 72 82 72 79 72 81 73 83 73 42 73 83 74 84 74 42 74 42 75 84 75 85 75 85 76 86 76 42 76 86 77 87 77 42 77 42 78 87 78 88 78 88 79 89 79 42 79 89 80 90 80 42 80 42 81 90 81 43 81 77 82 91 82 71 82 91 83 92 83 71 83 71 84 92 84 41 84 92 85 93 85 41 85 41 86 93 86 69 86 70 87 41 87 74 87 41 88 94 88 74 88 74 88 94 88 95 88 94 89 96 89 95 89 95 89 96 89 97 89 96 90 98 90 97 90 97 90 98 90 99 90 98 91 100 91 99 91 99 91 100 91 101 91 100 92 102 92 101 92 101 93 102 93 103 93 102 94 30 94 103 94 103 95 30 95 29 95 104 96 105 96 106 96 106 96 105 96 107 96 105 96 108 96 107 96 107 96 108 96 109 96 108 96 110 96 109 96 109 96 110 96 111 96 112 96 113 96 114 96 115 96 116 96 117 96 110 96 118 96 111 96 118 96 119 96 111 96 111 96 119 96 120 96 119 96 117 96 120 96 120 96 117 96 121 96 117 96 116 96 121 96 113 96 122 96 114 96 122 96 123 96 114 96 114 96 123 96 124 96 125 96 126 96 106 96 126 96 127 96 106 96 106 96 127 96 104 96 37 96 38 96 128 96 38 96 129 96 128 96 128 96 129 96 130 96 129 96 131 96 130 96 130 96 131 96 132 96 131 96 115 96 132 96 132 96 115 96 133 96 115 96 117 96 133 96 124 96 134 96 114 96 134 96 135 96 114 96 114 96 135 96 136 96 137 96 138 96 139 96 138 96 140 96 139 96 138 96 141 96 140 96 141 96 142 96 140 96 140 96 142 96 143 96 112 96 114 96 106 96 114 96 144 96 106 96 106 96 144 96 125 96 145 96 146 96 138 96 136 96 147 96 114 96 147 96 140 96 114 96 114 96 140 96 148 96 140 96 143 96 148 96 146 96 149 96 138 96 149 96 150 96 138 96 138 96 150 96 151 96 152 96 153 96 151 96 153 96 154 96 151 96 151 96 154 96 138 96 137 96 155 96 138 96 155 96 156 96 138 96 138 96 156 96 157 96 158 96 159 96 151 96 159 96 160 96 151 96 151 96 160 96 152 96 161 96 162 96 163 96 162 96 164 96 163 96 164 96 165 96 163 96 165 96 166 96 163 96 163 96 166 96 167 96 166 96 168 96 167 96 161 96 169 96 162 96 169 96 170 96 162 96 162 96 170 96 151 96 170 96 171 96 151 96 151 96 171 96 158 96 157 96 172 96 138 96 172 96 173 96 138 96 138 96 173 96 145 96 168 96 166 96 174 96 166 96 175 96 174 96 174 96 175 96 176 96 177 97 178 97 179 97 180 98 181 98 182 98 183 99 184 99 185 99 186 100 187 100 188 100 189 101 190 101 191 101 192 102 193 102 194 102 195 103 196 103 197 103 198 104 199 104 200 104 201 105 202 105 203 105 204 106 205 106 206 106 207 107 208 107 209 107 210 108 211 108 212 108 213 109 214 109 215 109 216 110 217 110 218 110 219 111 220 111 221 111 222 112 223 112 224 112 223 113 225 113 224 113 226 114 222 114 227 114 228 115 229 115 220 115 230 116 231 116 232 116 233 117 234 117 235 117 236 118 237 118 238 118 239 119 240 119 241 119 242 120 241 120 243 120 244 121 245 121 246 121 247 122 248 122 249 122 250 123 249 123 251 123 252 124 251 124 253 124 254 125 255 125 256 125 257 126 258 126 259 126 260 127 261 127 262 127 263 128 264 128 265 128 266 129 243 129 267 129 268 130 267 130 269 130 270 131 269 131 271 131 272 132 271 132 273 132 274 133 275 133 276 133 277 134 278 134 279 134 280 135 281 135 282 135 283 136 284 136 285 136 286 137 287 137 288 137 289 138 290 138 291 138 292 139 265 139 293 139 294 140 295 140 296 140 297 141 298 141 299 141 298 142 300 142 299 142 301 143 302 143 303 143 304 144 305 144 306 144 307 145 308 145 309 145 310 146 311 146 312 146 313 147 314 147 315 147 315 148 314 148 316 148 317 149 318 149 319 149 320 150 321 150 322 150 323 151 324 151 325 151 326 152 327 152 328 152 329 153 330 153 331 153 332 154 333 154 334 154 335 155 336 155 337 155 338 156 339 156 340 156 341 157 342 157 343 157 344 158 345 158 346 158 347 159 348 159 349 159 350 160 351 160 352 160 353 161 354 161 355 161 356 162 357 162 358 162 359 163 360 163 361 163 362 164 363 164 364 164 365 165 366 165 367 165 368 166 369 166 370 166 371 167 372 167 373 167 374 168 375 168 376 168 376 169 377 169 378 169 378 170 377 170 379 170 373 171 372 171 380 171 381 172 382 172 383 172 384 173 385 173 386 173 387 174 388 174 389 174 388 175 390 175 389 175 391 176 392 176 393 176 394 177 395 177 396 177 397 178 398 178 399 178 400 179 401 179 402 179 403 180 404 180 405 180 404 181 406 181 405 181 407 182 408 182 409 182 410 183 411 183 412 183 413 184 414 184 415 184 416 185 417 185 418 185 419 186 420 186 421 186 422 187 423 187 424 187 425 188 426 188 427 188 428 189 429 189 430 189 431 190 432 190 433 190 434 191 435 191 436 191 437 192 438 192 434 192 439 193 440 193 437 193 441 194 442 194 443 194 442 195 444 195 443 195 445 196 446 196 447 196 448 197 449 197 450 197 451 198 452 198 453 198 454 199 455 199 456 199 457 200 458 200 459 200 460 201 461 201 462 201 463 202 464 202 465 202 464 203 466 203 465 203 465 204 466 204 467 204 468 205 469 205 470 205 471 206 472 206 473 206 473 207 474 207 475 207 476 208 477 208 439 208 475 209 478 209 476 209 479 210 480 210 481 210 482 211 483 211 484 211 485 212 486 212 487 212 488 213 489 213 490 213 491 214 492 214 493 214 494 215 495 215 496 215 493 216 497 216 498 216 499 217 500 217 501 217 502 218 503 218 504 218 505 219 506 219 507 219 508 220 509 220 510 220 496 221 511 221 512 221 513 222 514 222 515 222 516 223 517 223 518 223 519 224 520 224 521 224 522 225 523 225 524 225 525 226 526 226 527 226 528 227 529 227 530 227 531 228 532 228 533 228 534 229 535 229 536 229 537 230 538 230 539 230 540 231 541 231 542 231 543 232 544 232 545 232 546 233 545 233 547 233 548 234 549 234 550 234 551 235 552 235 553 235 554 236 555 236 556 236 557 237 558 237 559 237 560 238 561 238 562 238 563 239 564 239 565 239 566 240 567 240 568 240 569 241 570 241 571 241 572 242 573 242 574 242 575 243 576 243 577 243 578 244 579 244 580 244 581 245 582 245 583 245 584 246 581 246 583 246 583 247 585 247 586 247 587 248 585 248 583 248 582 249 587 249 583 249 588 250 583 250 589 250 590 251 591 251 583 251 592 252 593 252 594 252 595 253 596 253 597 253 598 254 599 254 600 254 601 255 602 255 603 255 604 256 605 256 606 256 607 257 608 257 609 257 610 258 583 258 611 258 583 259 612 259 613 259 614 260 615 260 616 260 617 261 618 261 619 261 620 262 621 262 622 262 623 263 624 263 625 263 626 264 627 264 628 264 629 265 625 265 630 265 631 266 632 266 633 266 634 267 635 267 631 267 636 268 637 268 638 268 639 269 117 269 119 269 149 270 640 270 641 270 642 271 32 271 31 271 102 272 100 272 643 272 31 273 30 273 644 273 30 274 102 274 644 274 645 275 36 275 34 275 646 276 115 276 647 276 115 277 131 277 647 277 647 278 131 278 648 278 131 279 129 279 648 279 120 280 121 280 646 280 121 281 116 281 646 281 646 282 116 282 115 282 134 283 124 283 649 283 649 284 650 284 134 284 650 285 651 285 134 285 134 286 651 286 135 286 652 287 147 287 651 287 147 288 136 288 651 288 651 289 136 289 135 289 155 290 137 290 653 290 137 291 139 291 653 291 653 292 139 292 652 292 139 293 140 293 652 293 652 294 140 294 147 294 653 295 654 295 155 295 654 296 655 296 155 296 155 297 655 297 156 297 655 298 656 298 156 298 156 299 656 299 157 299 656 300 657 300 157 300 157 301 657 301 172 301 657 302 658 302 172 302 172 303 658 303 173 303 658 304 659 304 173 304 173 305 659 305 145 305 640 306 149 306 659 306 149 307 146 307 659 307 659 308 146 308 145 308 162 309 151 309 641 309 151 310 150 310 641 310 641 311 150 311 149 311 660 312 161 312 661 312 161 313 163 313 661 313 661 314 163 314 662 314 163 315 167 315 662 315 662 316 167 316 663 316 167 317 168 317 663 317 663 318 168 318 664 318 168 319 174 319 664 319 664 320 174 320 665 320 174 321 176 321 665 321 665 322 176 322 666 322 176 323 175 323 666 323 666 324 175 324 667 324 175 325 166 325 667 325 667 326 166 326 668 326 166 327 165 327 668 327 668 328 165 328 669 328 165 329 164 329 669 329 669 330 164 330 670 330 164 331 162 331 670 331 670 332 162 332 671 332 162 333 641 333 671 333 672 334 159 334 673 334 159 335 158 335 673 335 673 336 158 336 674 336 158 337 171 337 674 337 674 338 171 338 675 338 171 339 170 339 675 339 675 340 170 340 660 340 170 341 169 341 660 341 660 342 169 342 161 342 676 343 153 343 677 343 153 344 152 344 677 344 677 345 152 345 672 345 152 346 160 346 672 346 672 347 160 347 159 347 678 348 138 348 676 348 138 349 154 349 676 349 676 350 154 350 153 350 679 351 143 351 680 351 143 352 142 352 680 352 680 353 142 353 678 353 142 354 141 354 678 354 678 355 141 355 138 355 681 356 126 356 682 356 126 357 125 357 682 357 682 358 125 358 683 358 125 359 144 359 683 359 683 360 144 360 684 360 144 361 114 361 684 361 684 362 114 362 679 362 114 363 148 363 679 363 679 364 148 364 143 364 685 365 108 365 686 365 108 366 105 366 686 366 686 367 105 367 687 367 105 368 104 368 687 368 687 369 104 369 681 369 104 370 127 370 681 370 681 371 127 371 126 371 132 372 688 372 130 372 688 373 689 373 130 373 130 374 689 374 128 374 689 375 35 375 128 375 128 376 35 376 37 376 689 377 690 377 35 377 690 378 691 378 35 378 35 379 691 379 33 379 691 380 692 380 33 380 33 381 692 381 28 381 692 382 29 382 28 382 29 383 692 383 103 383 692 384 693 384 103 384 103 385 693 385 101 385 635 386 636 386 631 386 636 387 694 387 631 387 631 388 694 388 632 388 636 389 638 389 694 389 638 390 695 390 694 390 694 391 695 391 632 391 628 392 627 392 696 392 697 393 583 393 698 393 699 394 700 394 701 394 699 395 701 395 622 395 701 396 702 396 622 396 622 397 702 397 620 397 703 398 704 398 705 398 704 399 706 399 705 399 705 400 706 400 707 400 706 401 708 401 707 401 709 402 710 402 708 402 710 403 711 403 708 403 708 404 711 404 707 404 712 405 713 405 714 405 713 406 715 406 714 406 714 407 715 407 716 407 717 408 718 408 719 408 718 409 720 409 719 409 719 410 720 410 721 410 722 411 723 411 724 411 725 412 726 412 727 412 728 413 729 413 730 413 729 414 731 414 730 414 730 415 731 415 732 415 731 416 733 416 732 416 732 417 733 417 734 417 733 418 735 418 734 418 734 419 735 419 725 419 181 420 736 420 728 420 736 421 737 421 728 421 728 422 737 422 729 422 737 423 717 423 729 423 729 424 717 424 731 424 717 425 719 425 731 425 731 426 719 426 733 426 719 427 721 427 733 427 733 428 721 428 735 428 738 429 739 429 740 429 741 430 742 430 743 430 739 431 744 431 745 431 738 432 740 432 746 432 740 433 747 433 746 433 746 434 747 434 748 434 747 435 749 435 748 435 748 436 749 436 750 436 749 437 751 437 750 437 750 438 751 438 752 438 739 439 745 439 740 439 745 440 753 440 740 440 740 441 753 441 747 441 753 442 754 442 747 442 747 443 754 443 749 443 754 444 755 444 749 444 749 445 755 445 751 445 756 446 757 446 758 446 757 447 759 447 758 447 758 448 759 448 760 448 757 449 752 449 759 449 752 450 751 450 759 450 759 451 751 451 760 451 751 452 755 452 760 452 760 453 755 453 761 453 755 454 754 454 761 454 761 455 754 455 762 455 754 456 753 456 762 456 762 457 753 457 763 457 753 458 745 458 763 458 763 459 745 459 764 459 745 460 744 460 764 460 764 461 744 461 741 461 765 462 766 462 767 462 768 463 769 463 770 463 771 464 723 464 726 464 723 465 722 465 726 465 726 466 722 466 727 466 722 467 772 467 727 467 727 468 772 468 742 468 772 469 773 469 742 469 742 470 773 470 743 470 773 471 774 471 743 471 743 472 774 472 768 472 774 473 775 473 768 473 768 474 775 474 769 474 775 475 776 475 769 475 766 476 777 476 778 476 765 477 767 477 779 477 767 478 780 478 779 478 779 479 780 479 781 479 780 480 782 480 781 480 781 481 782 481 783 481 782 482 784 482 783 482 783 483 784 483 785 483 766 484 778 484 767 484 778 485 786 485 767 485 767 486 786 486 780 486 786 487 787 487 780 487 780 488 787 488 782 488 787 489 788 489 782 489 782 490 788 490 784 490 777 491 789 491 778 491 789 492 790 492 778 492 778 493 790 493 786 493 790 494 791 494 786 494 786 495 791 495 787 495 791 496 792 496 787 496 787 497 792 497 788 497 792 498 793 498 788 498 788 499 793 499 784 499 793 500 794 500 784 500 784 501 794 501 785 501 795 502 794 502 796 502 794 503 793 503 796 503 796 504 793 504 797 504 793 505 792 505 797 505 797 506 792 506 798 506 792 507 791 507 798 507 798 508 791 508 799 508 791 509 790 509 799 509 799 510 790 510 800 510 790 511 789 511 800 511 776 512 801 512 769 512 801 513 802 513 769 513 769 514 802 514 770 514 802 515 803 515 770 515 618 516 804 516 805 516 804 517 806 517 805 517 807 518 808 518 809 518 808 519 810 519 809 519 809 520 810 520 811 520 800 521 812 521 799 521 812 522 813 522 799 522 799 523 813 523 798 523 813 524 814 524 798 524 798 525 814 525 797 525 814 526 815 526 797 526 797 527 815 527 796 527 815 528 816 528 796 528 796 529 816 529 795 529 816 530 817 530 795 530 795 531 817 531 818 531 817 532 819 532 818 532 616 533 615 533 820 533 812 534 821 534 813 534 821 535 822 535 813 535 813 536 822 536 814 536 822 537 614 537 814 537 814 538 614 538 815 538 614 539 616 539 815 539 815 540 616 540 816 540 616 541 820 541 816 541 816 542 820 542 817 542 820 543 823 543 817 543 817 544 823 544 819 544 823 545 824 545 819 545 819 546 824 546 177 546 619 547 825 547 617 547 825 548 826 548 617 548 617 549 826 549 827 549 826 550 828 550 827 550 827 551 828 551 829 551 618 552 617 552 804 552 617 553 827 553 804 553 804 554 827 554 806 554 827 555 829 555 806 555 806 556 829 556 830 556 831 557 832 557 833 557 834 558 835 558 836 558 835 559 837 559 836 559 836 560 837 560 838 560 837 561 839 561 838 561 834 562 830 562 835 562 830 563 829 563 835 563 835 564 829 564 840 564 829 565 828 565 840 565 840 566 828 566 841 566 828 567 826 567 841 567 841 568 826 568 842 568 826 569 825 569 842 569 842 570 825 570 801 570 825 571 619 571 801 571 801 572 619 572 802 572 619 573 618 573 802 573 802 574 618 574 803 574 618 575 805 575 803 575 843 576 844 576 845 576 630 577 626 577 629 577 626 578 628 578 629 578 629 579 628 579 846 579 628 580 696 580 846 580 846 581 696 581 847 581 583 582 848 582 849 582 848 583 850 583 849 583 849 584 850 584 851 584 850 585 852 585 851 585 851 586 852 586 853 586 833 587 854 587 831 587 854 588 855 588 831 588 831 589 855 589 856 589 855 590 857 590 856 590 856 591 857 591 858 591 844 592 843 592 859 592 843 593 860 593 859 593 859 594 860 594 861 594 612 595 862 595 613 595 862 596 863 596 613 596 613 597 863 597 864 597 863 598 858 598 864 598 858 599 857 599 864 599 864 600 857 600 865 600 857 601 855 601 865 601 865 602 855 602 866 602 855 603 854 603 866 603 866 604 854 604 807 604 854 605 833 605 807 605 807 606 833 606 808 606 583 607 867 607 848 607 867 608 847 608 848 608 848 609 847 609 850 609 847 610 696 610 850 610 850 611 696 611 852 611 696 612 627 612 852 612 853 613 697 613 851 613 697 614 698 614 851 614 851 615 698 615 849 615 698 616 583 616 849 616 610 617 611 617 868 617 583 618 869 618 860 618 869 619 870 619 860 619 860 620 870 620 861 620 625 621 629 621 623 621 629 622 846 622 623 622 623 623 846 623 845 623 846 624 847 624 845 624 845 625 847 625 843 625 847 626 867 626 843 626 843 627 867 627 860 627 867 628 583 628 860 628 871 629 861 629 868 629 861 630 870 630 868 630 868 631 870 631 610 631 870 632 869 632 610 632 610 633 869 633 583 633 583 634 613 634 611 634 613 635 864 635 611 635 611 636 864 636 868 636 864 637 865 637 868 637 868 638 865 638 871 638 865 639 866 639 871 639 871 640 866 640 861 640 866 641 807 641 861 641 861 642 807 642 859 642 807 643 809 643 859 643 859 644 809 644 844 644 809 645 811 645 844 645 844 646 811 646 845 646 811 647 872 647 845 647 845 648 872 648 623 648 872 649 873 649 623 649 623 650 873 650 624 650 591 651 612 651 583 651 874 652 875 652 876 652 875 653 877 653 876 653 876 654 877 654 878 654 879 655 880 655 881 655 882 656 883 656 884 656 885 657 886 657 887 657 886 658 882 658 887 658 887 659 882 659 609 659 882 660 884 660 609 660 609 661 884 661 607 661 888 662 889 662 890 662 889 663 891 663 890 663 890 664 891 664 892 664 893 665 894 665 888 665 888 666 890 666 893 666 890 667 892 667 893 667 893 668 892 668 895 668 896 669 897 669 898 669 897 670 899 670 898 670 900 671 901 671 902 671 901 672 903 672 902 672 902 673 903 673 904 673 903 674 905 674 904 674 904 675 905 675 878 675 905 676 906 676 878 676 878 677 906 677 876 677 906 678 907 678 876 678 876 679 907 679 874 679 907 680 908 680 874 680 909 681 608 681 910 681 608 682 607 682 910 682 910 683 607 683 880 683 607 684 884 684 880 684 880 685 884 685 881 685 884 686 883 686 881 686 911 687 912 687 913 687 912 688 914 688 913 688 891 689 914 689 892 689 914 690 912 690 892 690 892 691 912 691 895 691 912 692 911 692 895 692 895 693 911 693 915 693 916 694 917 694 918 694 917 695 919 695 918 695 918 696 919 696 920 696 921 697 922 697 923 697 922 698 924 698 923 698 923 699 924 699 925 699 924 700 926 700 925 700 927 701 928 701 929 701 928 702 930 702 929 702 929 703 930 703 931 703 930 704 932 704 931 704 931 705 932 705 933 705 932 706 934 706 933 706 933 707 934 707 935 707 934 708 936 708 935 708 937 709 938 709 939 709 938 710 940 710 939 710 939 711 940 711 941 711 942 712 943 712 944 712 943 713 921 713 944 713 944 714 921 714 945 714 921 715 923 715 945 715 945 716 923 716 946 716 923 717 925 717 946 717 941 718 940 718 947 718 940 719 948 719 947 719 947 720 948 720 949 720 417 721 416 721 950 721 927 722 951 722 928 722 951 723 952 723 928 723 928 724 952 724 930 724 952 725 953 725 930 725 930 726 953 726 932 726 953 727 604 727 932 727 932 728 604 728 934 728 604 729 606 729 934 729 934 730 606 730 936 730 605 731 604 731 954 731 604 732 953 732 954 732 954 733 953 733 955 733 953 734 952 734 955 734 955 735 952 735 956 735 952 736 951 736 956 736 956 737 951 737 957 737 602 738 601 738 958 738 601 739 959 739 958 739 958 740 959 740 960 740 959 741 961 741 960 741 960 742 961 742 962 742 963 743 964 743 965 743 964 744 966 744 965 744 965 745 966 745 967 745 966 746 968 746 967 746 967 747 968 747 969 747 968 748 970 748 969 748 969 749 970 749 971 749 970 750 972 750 971 750 971 751 972 751 973 751 599 752 598 752 973 752 598 753 603 753 973 753 973 754 603 754 971 754 603 755 602 755 971 755 971 756 602 756 969 756 602 757 958 757 969 757 969 758 958 758 967 758 958 759 960 759 967 759 967 760 960 760 965 760 960 761 962 761 965 761 965 762 962 762 963 762 974 763 975 763 976 763 975 764 977 764 976 764 976 765 977 765 978 765 948 766 978 766 949 766 978 767 977 767 949 767 949 768 977 768 979 768 977 769 975 769 979 769 979 770 975 770 980 770 975 771 402 771 980 771 974 772 981 772 982 772 983 773 981 773 984 773 981 774 974 774 984 774 984 775 974 775 985 775 974 776 976 776 985 776 985 777 976 777 600 777 976 778 978 778 600 778 600 779 978 779 598 779 978 780 948 780 598 780 598 781 948 781 603 781 948 782 940 782 603 782 603 783 940 783 601 783 940 784 938 784 601 784 601 785 938 785 959 785 938 786 937 786 959 786 959 787 937 787 961 787 986 788 987 788 988 788 989 789 990 789 988 789 990 790 991 790 988 790 988 791 991 791 986 791 991 792 992 792 986 792 957 793 951 793 989 793 951 794 927 794 989 794 989 795 927 795 990 795 927 796 993 796 990 796 990 797 993 797 991 797 993 798 994 798 991 798 991 799 994 799 992 799 994 800 995 800 992 800 992 801 995 801 996 801 997 802 998 802 999 802 999 803 998 803 1000 803 1001 804 1002 804 1003 804 1002 805 1004 805 1003 805 1003 806 1004 806 1005 806 1004 807 1006 807 1005 807 1005 808 1006 808 1007 808 1006 809 1008 809 1007 809 1007 810 1008 810 1009 810 1010 811 1011 811 987 811 1011 812 1010 812 1012 812 1010 813 1013 813 1012 813 1012 814 1013 814 1014 814 987 815 986 815 1010 815 986 816 992 816 1010 816 1010 817 992 817 1013 817 992 818 996 818 1013 818 1013 819 996 819 1014 819 935 820 926 820 933 820 926 821 924 821 933 821 933 822 924 822 931 822 924 823 922 823 931 823 931 824 922 824 929 824 922 825 921 825 929 825 929 826 921 826 927 826 921 827 943 827 927 827 927 828 943 828 993 828 943 829 942 829 993 829 993 830 942 830 994 830 942 831 1015 831 994 831 994 832 1015 832 995 832 1015 833 1016 833 995 833 995 834 1016 834 996 834 1016 835 1017 835 996 835 1000 836 1018 836 1019 836 1018 837 1020 837 1019 837 1019 838 1020 838 1021 838 998 839 1022 839 1000 839 1022 840 1023 840 1000 840 1000 841 1023 841 1018 841 1023 842 1024 842 1018 842 1018 843 1024 843 1020 843 1024 844 1025 844 1020 844 1026 845 1027 845 1028 845 1027 846 1029 846 1028 846 1028 847 1029 847 1030 847 1029 848 1021 848 1030 848 596 849 595 849 1031 849 1021 850 1020 850 1030 850 1020 851 1025 851 1030 851 1030 852 1025 852 1028 852 1025 853 1031 853 1028 853 1028 854 1031 854 1026 854 1031 855 595 855 1026 855 1026 856 595 856 1027 856 1032 857 1033 857 1034 857 1033 858 1035 858 1034 858 1034 859 1035 859 1036 859 1035 860 1037 860 1036 860 1036 861 1037 861 597 861 1037 862 1038 862 597 862 597 863 1038 863 595 863 1038 864 1009 864 595 864 595 865 1009 865 1027 865 1009 866 1008 866 1027 866 1027 867 1008 867 1029 867 1008 868 1006 868 1029 868 1029 869 1006 869 1021 869 1006 870 1004 870 1021 870 1021 871 1004 871 1019 871 1004 872 1002 872 1019 872 1019 873 1002 873 1000 873 1002 874 1001 874 1000 874 1000 875 1001 875 999 875 1039 876 1040 876 1041 876 1042 877 1043 877 1044 877 692 878 1045 878 693 878 1045 879 1046 879 693 879 693 880 1046 880 1047 880 1046 881 1044 881 1047 881 1047 882 1044 882 1048 882 1044 883 1043 883 1048 883 1032 884 983 884 1033 884 983 885 984 885 1033 885 1033 886 984 886 1035 886 984 887 985 887 1035 887 1035 888 985 888 1037 888 985 889 600 889 1037 889 1037 890 600 890 1038 890 600 891 599 891 1038 891 1038 892 599 892 1009 892 599 893 973 893 1009 893 1009 894 973 894 1007 894 973 895 972 895 1007 895 1007 896 972 896 1005 896 972 897 970 897 1005 897 1005 898 970 898 1003 898 970 899 968 899 1003 899 1003 900 968 900 1001 900 968 901 966 901 1001 901 1001 902 966 902 999 902 966 903 964 903 999 903 999 904 964 904 997 904 964 905 963 905 997 905 724 906 712 906 722 906 712 907 714 907 722 907 722 908 714 908 772 908 714 909 716 909 772 909 772 910 716 910 773 910 716 911 1049 911 773 911 773 912 1049 912 774 912 1049 913 1050 913 774 913 774 914 1050 914 775 914 1050 915 810 915 775 915 775 916 810 916 776 916 810 917 808 917 776 917 776 918 808 918 801 918 808 919 833 919 801 919 801 920 833 920 842 920 833 921 832 921 842 921 842 922 832 922 841 922 832 923 831 923 841 923 841 924 831 924 840 924 831 925 856 925 840 925 840 926 856 926 835 926 856 927 858 927 835 927 835 928 858 928 837 928 858 929 863 929 837 929 837 930 863 930 839 930 863 931 862 931 839 931 839 932 862 932 1051 932 862 933 612 933 1051 933 1051 934 612 934 1017 934 612 935 591 935 1017 935 1017 936 591 936 996 936 591 937 590 937 996 937 996 938 590 938 1014 938 1052 939 1053 939 1054 939 1053 940 1055 940 1054 940 1054 941 1055 941 592 941 1056 942 1055 942 1057 942 1055 943 1053 943 1057 943 1057 944 1053 944 1058 944 1053 945 1052 945 1058 945 1058 946 1052 946 1059 946 1060 947 1061 947 588 947 1061 948 583 948 588 948 1062 949 589 949 583 949 1062 950 1063 950 589 950 1063 951 1056 951 589 951 589 952 1056 952 588 952 1056 953 1057 953 588 953 588 954 1057 954 1060 954 1057 955 1058 955 1060 955 1060 956 1058 956 1064 956 1058 957 1059 957 1064 957 1059 958 1012 958 1064 958 1012 959 1014 959 1064 959 1064 960 1014 960 1060 960 1014 961 590 961 1060 961 1060 962 590 962 1061 962 590 963 583 963 1061 963 592 964 1055 964 593 964 1055 965 1056 965 593 965 593 966 1056 966 594 966 1056 967 1063 967 594 967 594 968 1063 968 586 968 1063 969 1062 969 586 969 586 970 1062 970 583 970 1065 971 1066 971 1067 971 1066 972 1068 972 1067 972 1067 973 1068 973 1069 973 1068 974 1070 974 1069 974 1069 975 1070 975 1071 975 1072 976 1073 976 1074 976 1075 977 1076 977 1077 977 1076 978 1078 978 1077 978 1077 979 1078 979 1079 979 1078 980 1080 980 1079 980 1079 981 1080 981 1081 981 1080 982 1082 982 1081 982 1081 983 1082 983 1083 983 1082 984 1084 984 1083 984 1083 985 1084 985 1085 985 1084 986 1086 986 1085 986 1085 987 1086 987 1087 987 1088 988 1089 988 1090 988 1089 989 1091 989 1090 989 1090 990 1091 990 1092 990 1091 991 1093 991 1092 991 1092 992 1093 992 1074 992 1093 993 1094 993 1074 993 1074 994 1094 994 1072 994 1074 995 1095 995 1092 995 1095 996 1096 996 1092 996 1092 997 1096 997 1090 997 1096 998 1097 998 1090 998 1090 999 1097 999 1088 999 1097 1000 1098 1000 1088 1000 1088 1001 1098 1001 1099 1001 1100 1002 1101 1002 1102 1002 1101 1003 1103 1003 1102 1003 1102 1004 1103 1004 1104 1004 1103 1005 1105 1005 1104 1005 1104 1006 1105 1006 1106 1006 1105 1007 1107 1007 1106 1007 1106 1008 1107 1008 1108 1008 1107 1009 1109 1009 1108 1009 1108 1010 1109 1010 1110 1010 1109 1011 1111 1011 1110 1011 1095 1012 1112 1012 1096 1012 1112 1013 1113 1013 1096 1013 1096 1014 1113 1014 1097 1014 1113 1015 1114 1015 1097 1015 1097 1016 1114 1016 1098 1016 1114 1017 1115 1017 1098 1017 1098 1018 1115 1018 1099 1018 579 1019 578 1019 1116 1019 578 1020 576 1020 1116 1020 1116 1021 576 1021 1117 1021 576 1022 575 1022 1117 1022 1117 1023 575 1023 1118 1023 570 1024 1118 1024 1119 1024 1118 1025 575 1025 1119 1025 1119 1026 575 1026 1120 1026 575 1027 577 1027 1120 1027 1120 1028 577 1028 1121 1028 1122 1029 573 1029 1123 1029 573 1030 572 1030 1123 1030 1123 1031 572 1031 1124 1031 570 1032 569 1032 1118 1032 569 1033 1122 1033 1118 1033 1118 1034 1122 1034 1117 1034 1122 1035 1123 1035 1117 1035 1117 1036 1123 1036 1116 1036 1123 1037 1124 1037 1116 1037 1116 1038 1124 1038 579 1038 1125 1039 1126 1039 1127 1039 1126 1040 1128 1040 1127 1040 1127 1041 1128 1041 1129 1041 1128 1042 1130 1042 1129 1042 1129 1043 1130 1043 1131 1043 1130 1044 1132 1044 1131 1044 1131 1045 1132 1045 1133 1045 1132 1046 1134 1046 1133 1046 571 1047 1134 1047 569 1047 1134 1048 1132 1048 569 1048 569 1049 1132 1049 1122 1049 1132 1050 1130 1050 1122 1050 1122 1051 1130 1051 573 1051 1130 1052 1128 1052 573 1052 573 1053 1128 1053 574 1053 1128 1054 1126 1054 574 1054 574 1055 1126 1055 568 1055 1135 1056 1136 1056 1137 1056 1136 1057 1138 1057 1137 1057 1137 1058 1138 1058 1139 1058 1138 1059 1140 1059 1139 1059 1139 1060 1140 1060 1141 1060 1140 1061 1142 1061 1141 1061 1141 1062 1142 1062 1143 1062 1142 1063 1144 1063 1143 1063 1143 1064 1144 1064 1145 1064 1144 1065 1146 1065 1145 1065 1145 1066 1146 1066 1147 1066 1146 1067 1148 1067 1147 1067 567 1068 566 1068 1149 1068 566 1069 1150 1069 1149 1069 1149 1070 1150 1070 1151 1070 1151 1071 1152 1071 1153 1071 1152 1072 1154 1072 1153 1072 1153 1073 1154 1073 1155 1073 1154 1074 1156 1074 1155 1074 1155 1075 1156 1075 1157 1075 1156 1076 1158 1076 1157 1076 1157 1077 1158 1077 1159 1077 1160 1078 1161 1078 1162 1078 1161 1079 1163 1079 1162 1079 1162 1080 1163 1080 1164 1080 565 1081 564 1081 1165 1081 564 1082 1166 1082 1165 1082 1165 1083 1166 1083 1167 1083 563 1084 1168 1084 564 1084 1168 1085 1169 1085 564 1085 564 1086 1169 1086 1166 1086 561 1087 560 1087 1170 1087 560 1088 1171 1088 1170 1088 1170 1089 1171 1089 1172 1089 1173 1090 1135 1090 1174 1090 1135 1091 1137 1091 1174 1091 1174 1092 1137 1092 1175 1092 1137 1093 1139 1093 1175 1093 1175 1094 1139 1094 1176 1094 1139 1095 1141 1095 1176 1095 1176 1096 1141 1096 1177 1096 1141 1097 1143 1097 1177 1097 1177 1098 1143 1098 1178 1098 1143 1099 1145 1099 1178 1099 1178 1100 1145 1100 1179 1100 1145 1101 1147 1101 1179 1101 1180 1102 1181 1102 1182 1102 1181 1103 1183 1103 1182 1103 1182 1104 1183 1104 1184 1104 1185 1105 1186 1105 1187 1105 1186 1106 1188 1106 1187 1106 1187 1107 1188 1107 1189 1107 1188 1108 1190 1108 1189 1108 1191 1109 559 1109 1190 1109 559 1110 558 1110 1190 1110 1190 1111 558 1111 1189 1111 1191 1112 1190 1112 1192 1112 1190 1113 1188 1113 1192 1113 1192 1114 1188 1114 1184 1114 1188 1115 1186 1115 1184 1115 1184 1116 1186 1116 1182 1116 1186 1117 1185 1117 1182 1117 1182 1118 1185 1118 1180 1118 556 1119 1193 1119 1194 1119 1195 1120 1196 1120 1197 1120 1198 1121 1173 1121 1199 1121 1173 1122 1174 1122 1199 1122 1199 1123 1174 1123 1200 1123 1174 1124 1175 1124 1200 1124 1200 1125 1175 1125 1201 1125 1175 1126 1176 1126 1201 1126 1201 1127 1176 1127 1202 1127 1176 1128 1177 1128 1202 1128 1202 1129 1177 1129 1203 1129 1177 1130 1178 1130 1203 1130 1203 1131 1178 1131 1204 1131 1178 1132 1179 1132 1204 1132 1205 1133 1206 1133 1207 1133 1206 1134 1194 1134 1207 1134 1207 1135 1194 1135 1208 1135 1194 1136 1193 1136 1208 1136 1208 1137 1193 1137 1209 1137 1210 1138 1211 1138 1212 1138 1211 1139 552 1139 1212 1139 1212 1140 552 1140 1213 1140 552 1141 551 1141 1213 1141 1213 1142 551 1142 550 1142 553 1143 552 1143 308 1143 552 1144 1211 1144 308 1144 308 1145 1211 1145 309 1145 1211 1146 1210 1146 309 1146 309 1147 1210 1147 1214 1147 550 1148 549 1148 1213 1148 549 1149 1215 1149 1213 1149 1213 1150 1215 1150 1212 1150 1215 1151 555 1151 1212 1151 1212 1152 555 1152 1210 1152 555 1153 554 1153 1210 1153 1210 1154 554 1154 1214 1154 556 1155 555 1155 1193 1155 555 1156 1215 1156 1193 1156 1193 1157 1215 1157 1209 1157 1215 1158 549 1158 1209 1158 1209 1159 549 1159 1216 1159 549 1160 548 1160 1216 1160 1216 1161 548 1161 1217 1161 1218 1162 1219 1162 1220 1162 1219 1163 1221 1163 1220 1163 1220 1164 1221 1164 1222 1164 1223 1165 1224 1165 1225 1165 1224 1166 1226 1166 1225 1166 1225 1167 1226 1167 1227 1167 1226 1168 1228 1168 1227 1168 1227 1169 1228 1169 1229 1169 1228 1170 1230 1170 1229 1170 1229 1171 1230 1171 1231 1171 1232 1172 1164 1172 1198 1172 1164 1173 1163 1173 1198 1173 1198 1174 1163 1174 1173 1174 1163 1175 1161 1175 1173 1175 1173 1176 1161 1176 1135 1176 1161 1177 1160 1177 1135 1177 1135 1178 1160 1178 1136 1178 1160 1179 1233 1179 1136 1179 1136 1180 1233 1180 1138 1180 1233 1181 1234 1181 1138 1181 1138 1182 1234 1182 1140 1182 1234 1183 1235 1183 1140 1183 1140 1184 1235 1184 1142 1184 1235 1185 1236 1185 1142 1185 1142 1186 1236 1186 1144 1186 1236 1187 1237 1187 1144 1187 1144 1188 1237 1188 1146 1188 1237 1189 1238 1189 1146 1189 1146 1190 1238 1190 1148 1190 1238 1191 1239 1191 1148 1191 571 1192 1239 1192 1134 1192 1239 1193 1238 1193 1134 1193 1134 1194 1238 1194 1133 1194 1238 1195 1237 1195 1133 1195 1133 1196 1237 1196 1131 1196 1237 1197 1236 1197 1131 1197 1131 1198 1236 1198 1129 1198 1236 1199 1235 1199 1129 1199 1129 1200 1235 1200 1127 1200 1235 1201 1234 1201 1127 1201 1127 1202 1234 1202 1125 1202 1234 1203 1233 1203 1125 1203 1125 1204 1233 1204 1240 1204 1233 1205 1160 1205 1240 1205 1240 1206 1160 1206 565 1206 1160 1207 1162 1207 565 1207 565 1208 1162 1208 563 1208 1162 1209 1164 1209 563 1209 563 1210 1164 1210 1168 1210 1164 1211 1232 1211 1168 1211 1168 1212 1232 1212 1169 1212 1232 1213 1241 1213 1169 1213 1169 1214 1241 1214 1166 1214 1241 1215 1242 1215 1166 1215 1166 1216 1242 1216 1167 1216 1242 1217 1243 1217 1167 1217 1167 1218 1243 1218 1244 1218 1245 1219 1246 1219 1247 1219 1247 1220 1246 1220 1248 1220 1246 1221 1249 1221 1248 1221 1248 1222 1249 1222 1250 1222 1249 1223 1251 1223 1250 1223 1250 1224 1251 1224 1252 1224 1251 1225 1253 1225 1252 1225 1252 1226 1253 1226 1254 1226 1253 1227 1255 1227 1254 1227 1254 1228 1255 1228 1256 1228 1255 1229 1257 1229 1256 1229 1256 1230 1257 1230 1258 1230 1257 1231 1259 1231 1258 1231 1258 1232 1259 1232 1260 1232 1259 1233 1261 1233 1260 1233 1260 1234 1261 1234 1262 1234 1261 1235 1263 1235 1262 1235 1262 1236 1263 1236 1264 1236 1247 1237 1265 1237 1245 1237 1265 1238 1266 1238 1245 1238 1245 1239 1266 1239 1267 1239 1266 1240 1268 1240 1267 1240 1204 1241 1263 1241 1203 1241 1263 1242 1261 1242 1203 1242 1203 1243 1261 1243 1202 1243 1261 1244 1259 1244 1202 1244 1202 1245 1259 1245 1201 1245 1259 1246 1257 1246 1201 1246 1201 1247 1257 1247 1200 1247 1257 1248 1255 1248 1200 1248 1200 1249 1255 1249 1199 1249 1255 1250 1253 1250 1199 1250 1199 1251 1253 1251 1198 1251 1253 1252 1251 1252 1198 1252 1198 1253 1251 1253 1232 1253 1251 1254 1249 1254 1232 1254 1232 1255 1249 1255 1241 1255 1249 1256 1246 1256 1241 1256 1241 1257 1246 1257 1242 1257 1246 1258 1245 1258 1242 1258 1242 1259 1245 1259 1243 1259 1245 1260 1267 1260 1243 1260 1243 1261 1267 1261 1269 1261 568 1262 1126 1262 566 1262 1126 1263 1125 1263 566 1263 566 1264 1125 1264 1150 1264 1125 1265 1240 1265 1150 1265 1150 1266 1240 1266 1270 1266 1240 1267 565 1267 1270 1267 1270 1268 565 1268 562 1268 565 1269 1165 1269 562 1269 562 1270 1165 1270 560 1270 1165 1271 1167 1271 560 1271 560 1272 1167 1272 1171 1272 1167 1273 1244 1273 1171 1273 1171 1274 1244 1274 1172 1274 1271 1275 1272 1275 1273 1275 1272 1276 1274 1276 1273 1276 1273 1277 1274 1277 1275 1277 1274 1278 1276 1278 1275 1278 1275 1279 1276 1279 1277 1279 1276 1280 1278 1280 1277 1280 1277 1281 1278 1281 1279 1281 1278 1282 1280 1282 1279 1282 1279 1283 1280 1283 1281 1283 1280 1284 1282 1284 1281 1284 1272 1285 1218 1285 1274 1285 1218 1286 1220 1286 1274 1286 1274 1287 1220 1287 1276 1287 1220 1288 1222 1288 1276 1288 1276 1289 1222 1289 1278 1289 1222 1290 1283 1290 1278 1290 1278 1291 1283 1291 1280 1291 1283 1292 1284 1292 1280 1292 1280 1293 1284 1293 1282 1293 1285 1294 1286 1294 1287 1294 1286 1295 1288 1295 1287 1295 1287 1296 1288 1296 1289 1296 1288 1297 1290 1297 1289 1297 1289 1298 1290 1298 1291 1298 1290 1299 1292 1299 1291 1299 1291 1300 1292 1300 1293 1300 1292 1301 1294 1301 1293 1301 1293 1302 1294 1302 1295 1302 1294 1303 1296 1303 1295 1303 1295 1304 1297 1304 1293 1304 1297 1305 1298 1305 1293 1305 1293 1306 1298 1306 1291 1306 1298 1307 1299 1307 1291 1307 1291 1308 1299 1308 1289 1308 1299 1309 1300 1309 1289 1309 1289 1310 1300 1310 1287 1310 1300 1311 1301 1311 1287 1311 1287 1312 1301 1312 1285 1312 1301 1313 1302 1313 1285 1313 1303 1314 1304 1314 1305 1314 1304 1315 1306 1315 1305 1315 1305 1316 1306 1316 1307 1316 1308 1317 1302 1317 1309 1317 1302 1318 1301 1318 1309 1318 1309 1319 1301 1319 1310 1319 1301 1320 1300 1320 1310 1320 1310 1321 1300 1321 1311 1321 1300 1322 1299 1322 1311 1322 1311 1323 1299 1323 1312 1323 1299 1324 1298 1324 1312 1324 1312 1325 1298 1325 1313 1325 1298 1326 1297 1326 1313 1326 1313 1327 1297 1327 1307 1327 1297 1328 1295 1328 1307 1328 1307 1329 1295 1329 1305 1329 1295 1330 1296 1330 1305 1330 1305 1331 1296 1331 1303 1331 1314 1332 1315 1332 1316 1332 1317 1333 1318 1333 1316 1333 1319 1334 1320 1334 1304 1334 1320 1335 1321 1335 1304 1335 1304 1336 1321 1336 1306 1336 1321 1337 1322 1337 1306 1337 1306 1338 1322 1338 1307 1338 1322 1339 1323 1339 1307 1339 1307 1340 1323 1340 1313 1340 1323 1341 1324 1341 1313 1341 1313 1342 1324 1342 1312 1342 1324 1343 1325 1343 1312 1343 1312 1344 1325 1344 1311 1344 1325 1345 1326 1345 1311 1345 1311 1346 1326 1346 1310 1346 1326 1347 1327 1347 1310 1347 1310 1348 1327 1348 1309 1348 1327 1349 1328 1349 1309 1349 1309 1350 1328 1350 1308 1350 1328 1351 1329 1351 1308 1351 1330 1352 1329 1352 1331 1352 1329 1353 1328 1353 1331 1353 1331 1354 1328 1354 1332 1354 1328 1355 1327 1355 1332 1355 1332 1356 1327 1356 1333 1356 1327 1357 1326 1357 1333 1357 1333 1358 1326 1358 1334 1358 1326 1359 1325 1359 1334 1359 1334 1360 1325 1360 1335 1360 1325 1361 1324 1361 1335 1361 1335 1362 1324 1362 1336 1362 1324 1363 1323 1363 1336 1363 1336 1364 1323 1364 1337 1364 1323 1365 1322 1365 1337 1365 1337 1366 1322 1366 1338 1366 1322 1367 1321 1367 1338 1367 1338 1368 1321 1368 1339 1368 1321 1369 1320 1369 1339 1369 1339 1370 1320 1370 1340 1370 1320 1371 1319 1371 1340 1371 1340 1372 1319 1372 1341 1372 1342 1373 1343 1373 1344 1373 1343 1374 1345 1374 1344 1374 1344 1375 1345 1375 1346 1375 1345 1376 1347 1376 1346 1376 1346 1377 1347 1377 1348 1377 545 1378 546 1378 543 1378 546 1379 1349 1379 543 1379 543 1380 1349 1380 1350 1380 1349 1381 1351 1381 1350 1381 1350 1382 1351 1382 1352 1382 1351 1383 1353 1383 1352 1383 1352 1384 1353 1384 1354 1384 1353 1385 1355 1385 1354 1385 1354 1386 1355 1386 1356 1386 1357 1387 1358 1387 1359 1387 1358 1388 1360 1388 1359 1388 1359 1389 1360 1389 1361 1389 1360 1390 1362 1390 1361 1390 1361 1391 1362 1391 1363 1391 1362 1392 1364 1392 1363 1392 1363 1393 1364 1393 1365 1393 1364 1394 1366 1394 1365 1394 1365 1395 1366 1395 1367 1395 1366 1396 1368 1396 1367 1396 1367 1397 1368 1397 1369 1397 1368 1398 1370 1398 1369 1398 1371 1399 1372 1399 1373 1399 1372 1400 1374 1400 1373 1400 1373 1401 1374 1401 1342 1401 547 1402 1370 1402 546 1402 1370 1403 1368 1403 546 1403 546 1404 1368 1404 1349 1404 1368 1405 1366 1405 1349 1405 1349 1406 1366 1406 1351 1406 1366 1407 1364 1407 1351 1407 1351 1408 1364 1408 1353 1408 1364 1409 1362 1409 1353 1409 1353 1410 1362 1410 1355 1410 1362 1411 1360 1411 1355 1411 1355 1412 1360 1412 1356 1412 1360 1413 1358 1413 1356 1413 1356 1414 1358 1414 1317 1414 1358 1415 1357 1415 1317 1415 1317 1416 1357 1416 1318 1416 538 1417 1375 1417 1376 1417 1375 1418 1377 1418 1376 1418 1376 1419 1377 1419 1378 1419 1377 1420 1379 1420 1378 1420 535 1421 534 1421 1380 1421 534 1422 1381 1422 1380 1422 1380 1423 1381 1423 1382 1423 1381 1424 1383 1424 1382 1424 1382 1425 1383 1425 1384 1425 1375 1426 1385 1426 1377 1426 1385 1427 1386 1427 1377 1427 1377 1428 1386 1428 1379 1428 1386 1429 1387 1429 1379 1429 1379 1430 1387 1430 1388 1430 1387 1431 1389 1431 1388 1431 538 1432 537 1432 1375 1432 537 1433 1390 1433 1375 1433 1375 1434 1390 1434 1385 1434 1390 1435 1391 1435 1385 1435 1385 1436 1391 1436 1386 1436 1391 1437 1392 1437 1386 1437 1386 1438 1392 1438 1387 1438 1392 1439 1393 1439 1387 1439 1387 1440 1393 1440 1389 1440 1394 1441 539 1441 1395 1441 539 1442 538 1442 1395 1442 1395 1443 538 1443 1396 1443 538 1444 1376 1444 1396 1444 1396 1445 1376 1445 1397 1445 1376 1446 1378 1446 1397 1446 1397 1447 1378 1447 1398 1447 1378 1448 1379 1448 1398 1448 1398 1449 1379 1449 1399 1449 1379 1450 1388 1450 1399 1450 1399 1451 1388 1451 1400 1451 1388 1452 1389 1452 1400 1452 544 1453 1401 1453 1402 1453 1401 1454 1403 1454 1402 1454 1402 1455 1403 1455 1404 1455 1403 1456 1405 1456 1404 1456 1404 1457 1405 1457 1406 1457 1405 1458 1407 1458 1406 1458 1406 1459 1407 1459 1408 1459 1407 1460 1409 1460 1408 1460 1408 1461 1409 1461 1410 1461 1409 1462 1411 1462 1410 1462 1410 1463 1411 1463 1412 1463 1411 1464 1413 1464 1412 1464 1401 1465 1394 1465 1403 1465 1394 1466 1395 1466 1403 1466 1403 1467 1395 1467 1405 1467 1395 1468 1396 1468 1405 1468 1405 1469 1396 1469 1407 1469 1396 1470 1397 1470 1407 1470 1407 1471 1397 1471 1409 1471 1397 1472 1398 1472 1409 1472 1409 1473 1398 1473 1411 1473 1398 1474 1399 1474 1411 1474 1411 1475 1399 1475 1413 1475 1399 1476 1400 1476 1413 1476 1414 1477 1415 1477 1416 1477 1415 1478 533 1478 1416 1478 1416 1479 533 1479 1417 1479 533 1480 532 1480 1417 1480 1417 1481 532 1481 1418 1481 1419 1482 1420 1482 1421 1482 1420 1483 1422 1483 1421 1483 1423 1484 1424 1484 1425 1484 1424 1485 1426 1485 1425 1485 1425 1486 1426 1486 1427 1486 1426 1487 1428 1487 1427 1487 1427 1488 1428 1488 1429 1488 1420 1489 1428 1489 1422 1489 1428 1490 1426 1490 1422 1490 1422 1491 1426 1491 1430 1491 1426 1492 1424 1492 1430 1492 1431 1493 1432 1493 1433 1493 1432 1494 1434 1494 1433 1494 1433 1495 1434 1495 528 1495 544 1496 543 1496 1401 1496 543 1497 1350 1497 1401 1497 1401 1498 1350 1498 1394 1498 1350 1499 1352 1499 1394 1499 1394 1500 1352 1500 539 1500 1352 1501 1354 1501 539 1501 539 1502 1354 1502 537 1502 1354 1503 1356 1503 537 1503 537 1504 1356 1504 1390 1504 1356 1505 1317 1505 1390 1505 1390 1506 1317 1506 1391 1506 1317 1507 1316 1507 1391 1507 1391 1508 1316 1508 1392 1508 1316 1509 1315 1509 1392 1509 1392 1510 1315 1510 1393 1510 1315 1511 1435 1511 1393 1511 1393 1512 1435 1512 1389 1512 1342 1513 1374 1513 1343 1513 1374 1514 1436 1514 1343 1514 1343 1515 1436 1515 1345 1515 1436 1516 1437 1516 1345 1516 1345 1517 1437 1517 1347 1517 1437 1518 1438 1518 1347 1518 1347 1519 1438 1519 1348 1519 1438 1520 1439 1520 1348 1520 1348 1521 1439 1521 1440 1521 1439 1522 1441 1522 1440 1522 1440 1523 1441 1523 1442 1523 1441 1524 1443 1524 1442 1524 1442 1525 1443 1525 1444 1525 1436 1526 1445 1526 1437 1526 1445 1527 1446 1527 1437 1527 1437 1528 1446 1528 1438 1528 1446 1529 1447 1529 1438 1529 1438 1530 1447 1530 1439 1530 1447 1531 1448 1531 1439 1531 1439 1532 1448 1532 1441 1532 1448 1533 1449 1533 1441 1533 1441 1534 1449 1534 1443 1534 1445 1535 1450 1535 1446 1535 1450 1536 1172 1536 1446 1536 1446 1537 1172 1537 1447 1537 1172 1538 1244 1538 1447 1538 1447 1539 1244 1539 1448 1539 1244 1540 1243 1540 1448 1540 1448 1541 1243 1541 1449 1541 1243 1542 1269 1542 1449 1542 1449 1543 1269 1543 1443 1543 1269 1544 1267 1544 1443 1544 1443 1545 1267 1545 1444 1545 1267 1546 1268 1546 1444 1546 529 1547 525 1547 530 1547 525 1548 527 1548 530 1548 530 1549 527 1549 1451 1549 527 1550 1452 1550 1451 1550 1451 1551 1452 1551 1453 1551 528 1552 1434 1552 529 1552 1434 1553 1454 1553 529 1553 529 1554 1454 1554 525 1554 1454 1555 1455 1555 525 1555 525 1556 1455 1556 526 1556 1456 1557 1457 1557 1458 1557 1457 1558 1459 1558 1458 1558 1458 1559 1459 1559 1460 1559 1455 1560 1456 1560 526 1560 1456 1561 1458 1561 526 1561 526 1562 1458 1562 527 1562 1458 1563 1460 1563 527 1563 527 1564 1460 1564 1452 1564 1460 1565 1461 1565 1452 1565 1452 1566 1461 1566 1453 1566 1461 1567 1462 1567 1453 1567 1453 1568 1462 1568 1463 1568 1423 1569 1431 1569 1424 1569 1431 1570 1433 1570 1424 1570 1424 1571 1433 1571 1430 1571 1433 1572 528 1572 1430 1572 1430 1573 528 1573 1422 1573 528 1574 530 1574 1422 1574 1422 1575 530 1575 1421 1575 530 1576 1451 1576 1421 1576 1421 1577 1451 1577 1419 1577 1451 1578 1453 1578 1419 1578 1419 1579 1453 1579 1464 1579 1453 1580 1463 1580 1464 1580 1464 1581 1463 1581 1465 1581 1463 1582 1466 1582 1465 1582 1467 1583 1468 1583 1469 1583 1468 1584 1470 1584 1469 1584 1469 1585 1470 1585 1471 1585 1470 1586 1472 1586 1471 1586 1471 1587 1472 1587 1473 1587 1474 1588 1475 1588 1476 1588 1475 1589 1477 1589 1476 1589 1478 1590 1479 1590 1474 1590 1479 1591 1480 1591 1474 1591 1474 1592 1480 1592 1475 1592 1480 1593 1481 1593 1475 1593 1475 1594 1481 1594 1482 1594 1481 1595 1483 1595 1482 1595 1482 1596 1483 1596 1484 1596 1483 1597 1485 1597 1484 1597 1484 1598 1485 1598 1486 1598 1479 1599 1467 1599 1480 1599 1467 1600 1469 1600 1480 1600 1480 1601 1469 1601 1481 1601 1469 1602 1471 1602 1481 1602 1481 1603 1471 1603 1483 1603 1471 1604 1473 1604 1483 1604 1483 1605 1473 1605 1485 1605 1473 1606 1487 1606 1485 1606 1485 1607 1487 1607 1486 1607 1487 1608 1488 1608 1486 1608 1489 1609 1490 1609 1491 1609 1476 1610 1492 1610 1474 1610 1492 1611 1493 1611 1474 1611 1474 1612 1493 1612 1478 1612 1493 1613 1494 1613 1478 1613 1478 1614 1494 1614 1495 1614 520 1615 1496 1615 521 1615 1496 1616 1497 1616 521 1616 521 1617 1497 1617 1498 1617 1497 1618 1499 1618 1498 1618 1498 1619 1499 1619 1500 1619 1499 1620 1490 1620 1500 1620 1477 1621 1475 1621 1501 1621 1475 1622 1482 1622 1501 1622 1501 1623 1482 1623 1502 1623 1482 1624 1484 1624 1502 1624 1502 1625 1484 1625 1503 1625 1484 1626 1486 1626 1503 1626 1503 1627 1486 1627 1504 1627 1486 1628 1488 1628 1504 1628 1504 1629 1488 1629 1505 1629 1423 1630 1506 1630 1431 1630 1506 1631 1507 1631 1431 1631 1431 1632 1507 1632 1432 1632 1507 1633 1508 1633 1432 1633 1432 1634 1508 1634 1434 1634 1508 1635 1509 1635 1434 1635 1434 1636 1509 1636 1454 1636 1509 1637 1510 1637 1454 1637 1454 1638 1510 1638 1455 1638 1510 1639 1511 1639 1455 1639 1455 1640 1511 1640 1456 1640 1511 1641 1512 1641 1456 1641 1456 1642 1512 1642 1457 1642 1100 1643 1513 1643 1514 1643 1513 1644 1515 1644 1514 1644 1151 1645 1150 1645 1152 1645 1150 1646 1270 1646 1152 1646 1152 1647 1270 1647 1154 1647 1270 1648 562 1648 1154 1648 1154 1649 562 1649 1156 1649 562 1650 561 1650 1156 1650 1156 1651 561 1651 1158 1651 561 1652 1170 1652 1158 1652 1158 1653 1170 1653 1159 1653 1170 1654 1172 1654 1159 1654 1159 1655 1172 1655 1516 1655 1172 1656 1450 1656 1516 1656 1516 1657 1450 1657 1517 1657 1462 1658 1496 1658 1463 1658 1496 1659 520 1659 1463 1659 1463 1660 520 1660 1466 1660 520 1661 519 1661 1466 1661 1466 1662 519 1662 1518 1662 519 1663 1519 1663 1518 1663 511 1664 1520 1664 512 1664 1520 1665 1521 1665 512 1665 512 1666 1521 1666 516 1666 1522 1667 1523 1667 1524 1667 1520 1668 1525 1668 1521 1668 1525 1669 1526 1669 1521 1669 1521 1670 1526 1670 1524 1670 1526 1671 1527 1671 1524 1671 1524 1672 1527 1672 1522 1672 1528 1673 1529 1673 1530 1673 1529 1674 1531 1674 1530 1674 518 1675 517 1675 1532 1675 517 1676 1533 1676 1532 1676 1532 1677 1533 1677 1531 1677 1533 1678 1534 1678 1531 1678 1531 1679 1534 1679 1530 1679 1535 1680 1536 1680 1537 1680 1536 1681 1538 1681 1537 1681 1537 1682 1538 1682 1539 1682 1540 1683 1541 1683 1542 1683 1541 1684 1543 1684 1542 1684 1542 1685 1543 1685 1544 1685 1545 1686 1546 1686 1544 1686 1546 1687 515 1687 1544 1687 1544 1688 515 1688 1542 1688 515 1689 514 1689 1542 1689 1542 1690 514 1690 1540 1690 1522 1691 1547 1691 1523 1691 1547 1692 1548 1692 1523 1692 1523 1693 1548 1693 1535 1693 1548 1694 1549 1694 1535 1694 1535 1695 1549 1695 1536 1695 1073 1696 580 1696 1074 1696 580 1697 579 1697 1074 1697 1074 1698 579 1698 1095 1698 579 1699 1124 1699 1095 1699 1095 1700 1124 1700 1112 1700 1124 1701 572 1701 1112 1701 1112 1702 572 1702 1113 1702 572 1703 574 1703 1113 1703 1113 1704 574 1704 1114 1704 574 1705 568 1705 1114 1705 1114 1706 568 1706 1115 1706 568 1707 567 1707 1115 1707 1115 1708 567 1708 1099 1708 567 1709 1149 1709 1099 1709 1099 1710 1149 1710 1550 1710 1149 1711 1151 1711 1550 1711 1550 1712 1151 1712 1551 1712 1151 1713 1153 1713 1551 1713 1551 1714 1153 1714 1552 1714 1153 1715 1155 1715 1552 1715 1552 1716 1155 1716 1553 1716 1155 1717 1157 1717 1553 1717 1553 1718 1157 1718 1554 1718 1157 1719 1159 1719 1554 1719 1554 1720 1159 1720 1555 1720 1159 1721 1516 1721 1555 1721 1555 1722 1516 1722 1556 1722 1516 1723 1517 1723 1556 1723 1556 1724 1517 1724 1557 1724 1490 1725 1489 1725 1500 1725 1489 1726 1558 1726 1500 1726 1500 1727 1558 1727 1498 1727 1558 1728 1545 1728 1498 1728 1498 1729 1545 1729 521 1729 1545 1730 1544 1730 521 1730 521 1731 1544 1731 519 1731 1544 1732 1543 1732 519 1732 519 1733 1543 1733 1519 1733 1543 1734 1541 1734 1519 1734 1519 1735 1541 1735 1559 1735 1541 1736 1540 1736 1559 1736 1559 1737 1540 1737 1560 1737 1540 1738 514 1738 1560 1738 1560 1739 514 1739 1561 1739 514 1740 513 1740 1561 1740 1561 1741 513 1741 1562 1741 1563 1742 1564 1742 1565 1742 1566 1743 1567 1743 1568 1743 1561 1744 1567 1744 1560 1744 1567 1745 1566 1745 1560 1745 1560 1746 1566 1746 1559 1746 1566 1747 1569 1747 1559 1747 1559 1748 1569 1748 1519 1748 1569 1749 524 1749 1519 1749 1519 1750 524 1750 1518 1750 524 1751 523 1751 1518 1751 1518 1752 523 1752 1466 1752 523 1753 522 1753 1466 1753 1466 1754 522 1754 1465 1754 522 1755 536 1755 1465 1755 1465 1756 536 1756 1464 1756 536 1757 535 1757 1464 1757 1464 1758 535 1758 1419 1758 535 1759 1380 1759 1419 1759 1419 1760 1380 1760 1420 1760 1380 1761 1382 1761 1420 1761 1420 1762 1382 1762 1428 1762 1382 1763 1384 1763 1428 1763 1428 1764 1384 1764 1429 1764 1570 1765 1571 1765 1572 1765 1573 1766 1574 1766 1575 1766 1571 1767 1576 1767 1572 1767 1576 1768 1577 1768 1572 1768 1572 1769 1577 1769 531 1769 531 1770 1577 1770 532 1770 1577 1771 1578 1771 532 1771 532 1772 1578 1772 1418 1772 510 1773 1579 1773 508 1773 1579 1774 1580 1774 508 1774 508 1775 1580 1775 1581 1775 1580 1776 1582 1776 1581 1776 1583 1777 1584 1777 1585 1777 1584 1778 1586 1778 1585 1778 1585 1779 1586 1779 1587 1779 1586 1780 1588 1780 1587 1780 1589 1781 509 1781 1588 1781 509 1782 508 1782 1588 1782 1588 1783 508 1783 1587 1783 508 1784 1581 1784 1587 1784 1587 1785 1581 1785 1585 1785 1581 1786 1582 1786 1585 1786 1585 1787 1582 1787 1583 1787 1582 1788 1590 1788 1583 1788 1583 1789 1590 1789 1591 1789 1592 1790 1593 1790 1594 1790 1595 1791 1596 1791 1597 1791 1596 1792 1598 1792 1597 1792 1597 1793 1598 1793 1599 1793 1598 1794 1600 1794 1599 1794 1599 1795 1600 1795 1589 1795 1601 1796 1602 1796 1603 1796 1604 1797 1605 1797 1606 1797 1604 1798 1606 1798 1607 1798 1606 1799 1608 1799 1607 1799 1607 1800 1608 1800 1609 1800 1608 1801 1610 1801 1609 1801 1609 1802 1610 1802 1611 1802 1610 1803 1612 1803 1611 1803 1611 1804 1612 1804 1613 1804 1614 1805 1612 1805 1615 1805 1612 1806 1610 1806 1615 1806 1615 1807 1610 1807 1616 1807 1610 1808 1608 1808 1616 1808 1616 1809 1608 1809 1617 1809 1608 1810 1606 1810 1617 1810 1617 1811 1606 1811 1618 1811 1606 1812 1605 1812 1618 1812 1618 1813 1605 1813 1619 1813 1601 1814 1619 1814 1620 1814 1619 1815 1605 1815 1620 1815 1620 1816 1605 1816 1621 1816 1605 1817 1604 1817 1621 1817 1621 1818 1604 1818 1622 1818 1589 1819 1588 1819 1599 1819 1588 1820 1586 1820 1599 1820 1599 1821 1586 1821 1597 1821 1586 1822 1584 1822 1597 1822 1597 1823 1584 1823 1595 1823 1584 1824 1583 1824 1595 1824 1595 1825 1583 1825 1623 1825 1583 1826 1591 1826 1623 1826 1623 1827 1591 1827 1624 1827 1625 1828 1626 1828 1627 1828 1626 1829 1628 1829 1627 1829 1627 1830 1628 1830 1629 1830 1628 1831 1630 1831 1629 1831 1629 1832 1630 1832 1631 1832 1632 1833 1633 1833 1634 1833 1633 1834 1635 1834 1634 1834 1634 1835 1635 1835 1636 1835 1637 1836 1635 1836 1638 1836 1635 1837 1633 1837 1638 1837 1638 1838 1633 1838 1639 1838 1633 1839 1632 1839 1639 1839 1639 1840 1632 1840 1640 1840 1641 1841 1642 1841 1643 1841 1642 1842 1644 1842 1643 1842 1643 1843 1644 1843 1645 1843 1644 1844 1646 1844 1645 1844 1645 1845 1646 1845 1592 1845 1647 1846 1648 1846 1649 1846 1613 1847 1650 1847 1651 1847 1650 1848 1652 1848 1651 1848 1651 1849 1652 1849 1653 1849 1652 1850 1654 1850 1653 1850 1653 1851 1654 1851 1655 1851 1613 1852 1612 1852 1650 1852 1612 1853 1614 1853 1650 1853 1650 1854 1614 1854 1652 1854 1614 1855 1656 1855 1652 1855 1652 1856 1656 1856 1654 1856 1601 1857 1603 1857 1619 1857 1603 1858 1657 1858 1619 1858 1619 1859 1657 1859 1618 1859 1657 1860 1658 1860 1618 1860 1618 1861 1658 1861 1617 1861 1658 1862 1659 1862 1617 1862 1617 1863 1659 1863 1616 1863 1659 1864 1660 1864 1616 1864 1616 1865 1660 1865 1615 1865 1660 1866 1661 1866 1615 1866 1615 1867 1661 1867 1614 1867 1661 1868 1662 1868 1614 1868 1614 1869 1662 1869 1656 1869 1662 1870 1663 1870 1656 1870 1656 1871 1663 1871 1654 1871 1663 1872 1664 1872 1654 1872 1654 1873 1664 1873 1655 1873 1622 1874 1604 1874 1665 1874 1604 1875 1607 1875 1665 1875 1665 1876 1607 1876 1666 1876 1607 1877 1609 1877 1666 1877 1666 1878 1609 1878 1667 1878 1609 1879 1611 1879 1667 1879 1667 1880 1611 1880 1668 1880 1611 1881 1613 1881 1668 1881 1668 1882 1613 1882 1669 1882 1613 1883 1651 1883 1669 1883 1669 1884 1651 1884 1670 1884 1651 1885 1653 1885 1670 1885 1670 1886 1653 1886 1671 1886 1653 1887 1655 1887 1671 1887 1671 1888 1655 1888 1672 1888 1655 1889 1664 1889 1672 1889 1672 1890 1664 1890 1673 1890 1600 1891 1674 1891 1589 1891 1674 1892 1675 1892 1589 1892 1589 1893 1675 1893 509 1893 1675 1894 1676 1894 509 1894 509 1895 1676 1895 510 1895 1676 1896 1677 1896 510 1896 510 1897 1677 1897 1579 1897 1677 1898 1678 1898 1579 1898 1579 1899 1678 1899 1580 1899 1678 1900 1679 1900 1580 1900 1580 1901 1679 1901 1582 1901 1679 1902 1680 1902 1582 1902 1582 1903 1680 1903 1590 1903 1680 1904 1575 1904 1590 1904 1590 1905 1575 1905 1591 1905 1575 1906 1574 1906 1591 1906 1591 1907 1574 1907 1624 1907 503 1908 1681 1908 506 1908 1681 1909 1682 1909 506 1909 506 1910 1682 1910 507 1910 1682 1911 1683 1911 507 1911 507 1912 1683 1912 1641 1912 1684 1913 1685 1913 1686 1913 1687 1914 1688 1914 1689 1914 1688 1915 1690 1915 1689 1915 1689 1916 1690 1916 1691 1916 1692 1917 1691 1917 1693 1917 1691 1918 1690 1918 1693 1918 1693 1919 1690 1919 1685 1919 1690 1920 1688 1920 1685 1920 1685 1921 1688 1921 1686 1921 1688 1922 1687 1922 1686 1922 504 1923 503 1923 1694 1923 503 1924 506 1924 1694 1924 1694 1925 506 1925 1695 1925 506 1926 505 1926 1695 1926 1695 1927 505 1927 1696 1927 1647 1928 1649 1928 1697 1928 1649 1929 1698 1929 1697 1929 1697 1930 1698 1930 1699 1930 1698 1931 1700 1931 1699 1931 1699 1932 1700 1932 1701 1932 1700 1933 1702 1933 1701 1933 1701 1934 1702 1934 1703 1934 1703 1935 1704 1935 1701 1935 1704 1936 1705 1936 1701 1936 1701 1937 1705 1937 1699 1937 1705 1938 1706 1938 1699 1938 1699 1939 1706 1939 1697 1939 1706 1940 1707 1940 1697 1940 1697 1941 1707 1941 1647 1941 1703 1942 1708 1942 1704 1942 1708 1943 1691 1943 1704 1943 1704 1944 1691 1944 1705 1944 1691 1945 1692 1945 1705 1945 1705 1946 1692 1946 1706 1946 1692 1947 1637 1947 1706 1947 1706 1948 1637 1948 1707 1948 1637 1949 1638 1949 1707 1949 1707 1950 1638 1950 1647 1950 1638 1951 1639 1951 1647 1951 1647 1952 1639 1952 1648 1952 1639 1953 1640 1953 1648 1953 502 1954 1709 1954 1710 1954 1709 1955 1711 1955 1710 1955 1710 1956 1711 1956 1712 1956 1711 1957 1713 1957 1712 1957 1712 1958 1713 1958 1714 1958 1715 1959 1716 1959 1717 1959 1718 1960 1719 1960 1720 1960 1719 1961 1721 1961 1720 1961 1720 1962 1721 1962 1722 1962 1721 1963 1723 1963 1722 1963 1724 1964 1725 1964 1726 1964 1725 1965 1727 1965 1726 1965 1726 1966 1727 1966 1728 1966 1727 1967 1729 1967 1728 1967 1728 1968 1729 1968 1730 1968 1731 1969 1732 1969 1733 1969 501 1970 500 1970 1734 1970 500 1971 1735 1971 1734 1971 1734 1972 1735 1972 1736 1972 1735 1973 1737 1973 1736 1973 1736 1974 1737 1974 1738 1974 1739 1975 1740 1975 1741 1975 1742 1976 1739 1976 1743 1976 462 1977 1737 1977 1744 1977 1737 1978 1735 1978 1744 1978 1744 1979 1735 1979 1745 1979 1735 1980 500 1980 1745 1980 1745 1981 500 1981 1746 1981 500 1982 499 1982 1746 1982 1746 1983 499 1983 1747 1983 1717 1984 1716 1984 1748 1984 1427 1985 1749 1985 1425 1985 1749 1986 1750 1986 1425 1986 1425 1987 1750 1987 1423 1987 1750 1988 1751 1988 1423 1988 1423 1989 1751 1989 1506 1989 1751 1990 1752 1990 1506 1990 1506 1991 1752 1991 1507 1991 1752 1992 1753 1992 1507 1992 1507 1993 1753 1993 1508 1993 1753 1994 1754 1994 1508 1994 1508 1995 1754 1995 1509 1995 1754 1996 1755 1996 1509 1996 1509 1997 1755 1997 1510 1997 1755 1998 1756 1998 1510 1998 1510 1999 1756 1999 1511 1999 1756 2000 1757 2000 1511 2000 1511 2001 1757 2001 1512 2001 1758 2002 1602 2002 1759 2002 1602 2003 1601 2003 1759 2003 1759 2004 1601 2004 1760 2004 1601 2005 1620 2005 1760 2005 1760 2006 1620 2006 1761 2006 1620 2007 1621 2007 1761 2007 1761 2008 1621 2008 1762 2008 1621 2009 1622 2009 1762 2009 1762 2010 1622 2010 1763 2010 1764 2011 1763 2011 1765 2011 1766 2012 1764 2012 1767 2012 1768 2013 1769 2013 1770 2013 1771 2014 1772 2014 1773 2014 1774 2015 1773 2015 1775 2015 1773 2016 1772 2016 1775 2016 1775 2017 1772 2017 1776 2017 1771 2018 1777 2018 1772 2018 1777 2019 1778 2019 1772 2019 1772 2020 1778 2020 1776 2020 1778 2021 1779 2021 1776 2021 1766 2022 1767 2022 1780 2022 1767 2023 1781 2023 1780 2023 1780 2024 1781 2024 1782 2024 1781 2025 1783 2025 1782 2025 1782 2026 1783 2026 1784 2026 1783 2027 1785 2027 1784 2027 1784 2028 1785 2028 1786 2028 1785 2029 1787 2029 1786 2029 1786 2030 1787 2030 1788 2030 1787 2031 1789 2031 1788 2031 1788 2032 1789 2032 1790 2032 1789 2033 1791 2033 1790 2033 1790 2034 1791 2034 1792 2034 1791 2035 1793 2035 1792 2035 1792 2036 1793 2036 1794 2036 1793 2037 1795 2037 1794 2037 1794 2038 1795 2038 1796 2038 1764 2039 1765 2039 1767 2039 1765 2040 1797 2040 1767 2040 1767 2041 1797 2041 1781 2041 1797 2042 1798 2042 1781 2042 1781 2043 1798 2043 1783 2043 1798 2044 1799 2044 1783 2044 1783 2045 1799 2045 1785 2045 1799 2046 1800 2046 1785 2046 1785 2047 1800 2047 1787 2047 1800 2048 1801 2048 1787 2048 1787 2049 1801 2049 1789 2049 1801 2050 1802 2050 1789 2050 1789 2051 1802 2051 1791 2051 1802 2052 1803 2052 1791 2052 1791 2053 1803 2053 1793 2053 1803 2054 1804 2054 1793 2054 1793 2055 1804 2055 1795 2055 1796 2056 1805 2056 1794 2056 1805 2057 1806 2057 1794 2057 1794 2058 1806 2058 1792 2058 1806 2059 1807 2059 1792 2059 1792 2060 1807 2060 1790 2060 1807 2061 1808 2061 1790 2061 1790 2062 1808 2062 1788 2062 1808 2063 1809 2063 1788 2063 1788 2064 1809 2064 1786 2064 1809 2065 1810 2065 1786 2065 1786 2066 1810 2066 1784 2066 1810 2067 1811 2067 1784 2067 1784 2068 1811 2068 1782 2068 1811 2069 1812 2069 1782 2069 1782 2070 1812 2070 1780 2070 1812 2071 1813 2071 1780 2071 1780 2072 1813 2072 1766 2072 1814 2073 1774 2073 1815 2073 1774 2074 1775 2074 1815 2074 1815 2075 1775 2075 1816 2075 1775 2076 1776 2076 1816 2076 1816 2077 1776 2077 1817 2077 1776 2078 1779 2078 1817 2078 1817 2079 1779 2079 1818 2079 1805 2080 1814 2080 1806 2080 1814 2081 1815 2081 1806 2081 1806 2082 1815 2082 1807 2082 1815 2083 1816 2083 1807 2083 1807 2084 1816 2084 1808 2084 1816 2085 1817 2085 1808 2085 1808 2086 1817 2086 1809 2086 1817 2087 1818 2087 1809 2087 1809 2088 1818 2088 1810 2088 1818 2089 1819 2089 1810 2089 1810 2090 1819 2090 1811 2090 1819 2091 1820 2091 1811 2091 1811 2092 1820 2092 1812 2092 1820 2093 1821 2093 1812 2093 1812 2094 1821 2094 1813 2094 1822 2095 1823 2095 1824 2095 1823 2096 1825 2096 1824 2096 1824 2097 1825 2097 1826 2097 1825 2098 1827 2098 1826 2098 1826 2099 1827 2099 1828 2099 1827 2100 1829 2100 1828 2100 1828 2101 1829 2101 1830 2101 1829 2102 1831 2102 1830 2102 1830 2103 1831 2103 1832 2103 1823 2104 1833 2104 1825 2104 1833 2105 1834 2105 1825 2105 1825 2106 1834 2106 1827 2106 1834 2107 1835 2107 1827 2107 1827 2108 1835 2108 1829 2108 1835 2109 1836 2109 1829 2109 1829 2110 1836 2110 1831 2110 1837 2111 1838 2111 1839 2111 1838 2112 1840 2112 1839 2112 1839 2113 1840 2113 1841 2113 1840 2114 1842 2114 1841 2114 1841 2115 1842 2115 1843 2115 1763 2116 1622 2116 1765 2116 1622 2117 1665 2117 1765 2117 1765 2118 1665 2118 1797 2118 1665 2119 1666 2119 1797 2119 1797 2120 1666 2120 1798 2120 1666 2121 1667 2121 1798 2121 1798 2122 1667 2122 1799 2122 1667 2123 1668 2123 1799 2123 1799 2124 1668 2124 1800 2124 1668 2125 1669 2125 1800 2125 1800 2126 1669 2126 1801 2126 1669 2127 1670 2127 1801 2127 1801 2128 1670 2128 1802 2128 1670 2129 1671 2129 1802 2129 1802 2130 1671 2130 1803 2130 1671 2131 1672 2131 1803 2131 1803 2132 1672 2132 1804 2132 1672 2133 1673 2133 1804 2133 1804 2134 1673 2134 1795 2134 1673 2135 1822 2135 1795 2135 1795 2136 1822 2136 1796 2136 1822 2137 1824 2137 1796 2137 1796 2138 1824 2138 1805 2138 1824 2139 1826 2139 1805 2139 1805 2140 1826 2140 1814 2140 1826 2141 1828 2141 1814 2141 1814 2142 1828 2142 1774 2142 1828 2143 1830 2143 1774 2143 1774 2144 1830 2144 1773 2144 1830 2145 1832 2145 1773 2145 1773 2146 1832 2146 1771 2146 1844 2147 1845 2147 1846 2147 1847 2148 1845 2148 1848 2148 1845 2149 1844 2149 1848 2149 1848 2150 1844 2150 1849 2150 1850 2151 1846 2151 1851 2151 1846 2152 1845 2152 1851 2152 1851 2153 1845 2153 1852 2153 1845 2154 1847 2154 1852 2154 1852 2155 1847 2155 1853 2155 1854 2156 1495 2156 1855 2156 1495 2157 1494 2157 1855 2157 1855 2158 1494 2158 1856 2158 1494 2159 1493 2159 1856 2159 1856 2160 1493 2160 1857 2160 1493 2161 1492 2161 1857 2161 1857 2162 1492 2162 1858 2162 1492 2163 1476 2163 1858 2163 1858 2164 1476 2164 1859 2164 1476 2165 1477 2165 1859 2165 1859 2166 1477 2166 1860 2166 1477 2167 1501 2167 1860 2167 1860 2168 1501 2168 1768 2168 1501 2169 1502 2169 1768 2169 1768 2170 1502 2170 1769 2170 1502 2171 1503 2171 1769 2171 1770 2172 1861 2172 1768 2172 1861 2173 1862 2173 1768 2173 1768 2174 1862 2174 1860 2174 1862 2175 1863 2175 1860 2175 1860 2176 1863 2176 1859 2176 1863 2177 1864 2177 1859 2177 1859 2178 1864 2178 1858 2178 1864 2179 1853 2179 1858 2179 1858 2180 1853 2180 1857 2180 1853 2181 1847 2181 1857 2181 1857 2182 1847 2182 1856 2182 1847 2183 1848 2183 1856 2183 1856 2184 1848 2184 1855 2184 1848 2185 1849 2185 1855 2185 1855 2186 1849 2186 1854 2186 1757 2187 1865 2187 1512 2187 1865 2188 1505 2188 1512 2188 1512 2189 1505 2189 1457 2189 1505 2190 1488 2190 1457 2190 1457 2191 1488 2191 1459 2191 1488 2192 1487 2192 1459 2192 1459 2193 1487 2193 1460 2193 1487 2194 1473 2194 1460 2194 1460 2195 1473 2195 1461 2195 1473 2196 1472 2196 1461 2196 1461 2197 1472 2197 1462 2197 1472 2198 1470 2198 1462 2198 1462 2199 1470 2199 1496 2199 1470 2200 1468 2200 1496 2200 1496 2201 1468 2201 1497 2201 1468 2202 1467 2202 1497 2202 1497 2203 1467 2203 1499 2203 1467 2204 1479 2204 1499 2204 1499 2205 1479 2205 1490 2205 1479 2206 1478 2206 1490 2206 1490 2207 1478 2207 1491 2207 1478 2208 1495 2208 1491 2208 1491 2209 1495 2209 1866 2209 1495 2210 1854 2210 1866 2210 1429 2211 1867 2211 1427 2211 1867 2212 1868 2212 1427 2212 1427 2213 1868 2213 1749 2213 1868 2214 1869 2214 1749 2214 1749 2215 1869 2215 1750 2215 1869 2216 1870 2216 1750 2216 1750 2217 1870 2217 1751 2217 1870 2218 1871 2218 1751 2218 1751 2219 1871 2219 1752 2219 1871 2220 1758 2220 1752 2220 1752 2221 1758 2221 1753 2221 1758 2222 1759 2222 1753 2222 1753 2223 1759 2223 1754 2223 1759 2224 1760 2224 1754 2224 1754 2225 1760 2225 1755 2225 1760 2226 1761 2226 1755 2226 1755 2227 1761 2227 1756 2227 1761 2228 1762 2228 1756 2228 1756 2229 1762 2229 1757 2229 1762 2230 1763 2230 1757 2230 1757 2231 1763 2231 1865 2231 1763 2232 1764 2232 1865 2232 1865 2233 1764 2233 1505 2233 1764 2234 1766 2234 1505 2234 1505 2235 1766 2235 1504 2235 1766 2236 1813 2236 1504 2236 1504 2237 1813 2237 1503 2237 1813 2238 1821 2238 1503 2238 1503 2239 1821 2239 1769 2239 1821 2240 1820 2240 1769 2240 1769 2241 1820 2241 1770 2241 1820 2242 1819 2242 1770 2242 1770 2243 1819 2243 1861 2243 1819 2244 1818 2244 1861 2244 1861 2245 1818 2245 1862 2245 1818 2246 1779 2246 1862 2246 1862 2247 1779 2247 1863 2247 1779 2248 1778 2248 1863 2248 1863 2249 1778 2249 1864 2249 1778 2250 1777 2250 1864 2250 1864 2251 1777 2251 1853 2251 1777 2252 1771 2252 1853 2252 1853 2253 1771 2253 1852 2253 1771 2254 1832 2254 1852 2254 1852 2255 1832 2255 1851 2255 1832 2256 1831 2256 1851 2256 1851 2257 1831 2257 1850 2257 1831 2258 1836 2258 1850 2258 1872 2259 1873 2259 1874 2259 1875 2260 1876 2260 1877 2260 1876 2261 1872 2261 1878 2261 1872 2262 1874 2262 1878 2262 1878 2263 1874 2263 484 2263 493 2264 492 2264 497 2264 492 2265 1879 2265 497 2265 497 2266 1879 2266 1880 2266 1879 2267 1881 2267 1880 2267 1880 2268 1881 2268 1882 2268 1881 2269 1883 2269 1882 2269 1882 2270 1883 2270 1884 2270 1883 2271 1885 2271 1884 2271 1884 2272 1885 2272 1886 2272 1885 2273 1887 2273 1886 2273 1886 2274 1887 2274 1888 2274 1889 2275 1890 2275 1891 2275 1892 2276 1893 2276 1894 2276 1893 2277 1889 2277 1894 2277 1889 2278 1891 2278 1894 2278 1891 2279 1895 2279 1894 2279 1894 2280 1895 2280 1892 2280 1890 2281 1875 2281 1896 2281 1875 2282 1877 2282 1896 2282 1896 2283 1877 2283 481 2283 1838 2284 487 2284 1840 2284 487 2285 1897 2285 1840 2285 1840 2286 1897 2286 1842 2286 1897 2287 1873 2287 1842 2287 1898 2288 1899 2288 1900 2288 1899 2289 1901 2289 1900 2289 1900 2290 1901 2290 1902 2290 1901 2291 1903 2291 1902 2291 1902 2292 1903 2292 1904 2292 1837 2293 1905 2293 1906 2293 490 2294 489 2294 1907 2294 489 2295 1908 2295 1907 2295 1907 2296 1908 2296 1909 2296 485 2297 487 2297 1909 2297 487 2298 1838 2298 1909 2298 1909 2299 1838 2299 1907 2299 1838 2300 1837 2300 1907 2300 1907 2301 1837 2301 490 2301 1837 2302 1906 2302 490 2302 490 2303 1906 2303 488 2303 1910 2304 1911 2304 1912 2304 1913 2305 1742 2305 1914 2305 1915 2306 1913 2306 1916 2306 1917 2307 1915 2307 1918 2307 1919 2308 1917 2308 1920 2308 1921 2309 1919 2309 1922 2309 1731 2310 1923 2310 1732 2310 1923 2311 1924 2311 1732 2311 1732 2312 1924 2312 1925 2312 1924 2313 1926 2313 1925 2313 1925 2314 1926 2314 1927 2314 1926 2315 1928 2315 1927 2315 1927 2316 1928 2316 1929 2316 1928 2317 1930 2317 1929 2317 1929 2318 1930 2318 1931 2318 1930 2319 1932 2319 1931 2319 1931 2320 1932 2320 1933 2320 1932 2321 1934 2321 1933 2321 1933 2322 1934 2322 1935 2322 1934 2323 1936 2323 1935 2323 1935 2324 1936 2324 1937 2324 1936 2325 1938 2325 1937 2325 1937 2326 1938 2326 1939 2326 1938 2327 1940 2327 1939 2327 1939 2328 1940 2328 1941 2328 1940 2329 1942 2329 1941 2329 1941 2330 1942 2330 1943 2330 1942 2331 1944 2331 1943 2331 1943 2332 1944 2332 1945 2332 1733 2333 1732 2333 1946 2333 1732 2334 1925 2334 1946 2334 1946 2335 1925 2335 1947 2335 1925 2336 1927 2336 1947 2336 1947 2337 1927 2337 1948 2337 1927 2338 1929 2338 1948 2338 1948 2339 1929 2339 1949 2339 1929 2340 1931 2340 1949 2340 1949 2341 1931 2341 1950 2341 1931 2342 1933 2342 1950 2342 1950 2343 1933 2343 1951 2343 1933 2344 1935 2344 1951 2344 1951 2345 1935 2345 1952 2345 1935 2346 1937 2346 1952 2346 1952 2347 1937 2347 1953 2347 1937 2348 1939 2348 1953 2348 1953 2349 1939 2349 1954 2349 1939 2350 1941 2350 1954 2350 1954 2351 1941 2351 1955 2351 1941 2352 1943 2352 1955 2352 1955 2353 1943 2353 1956 2353 1943 2354 1945 2354 1956 2354 1956 2355 1945 2355 1957 2355 1873 2356 1897 2356 1874 2356 1897 2357 487 2357 1874 2357 1874 2358 487 2358 484 2358 487 2359 486 2359 484 2359 484 2360 486 2360 482 2360 1876 2361 1878 2361 1877 2361 1878 2362 484 2362 1877 2362 1877 2363 484 2363 481 2363 484 2364 483 2364 481 2364 481 2365 483 2365 479 2365 1890 2366 1896 2366 1891 2366 1896 2367 481 2367 1891 2367 1891 2368 481 2368 1895 2368 481 2369 480 2369 1895 2369 1895 2370 480 2370 1958 2370 1908 2371 1959 2371 1909 2371 1959 2372 1960 2372 1909 2372 1909 2373 1960 2373 485 2373 1960 2374 1961 2374 485 2374 485 2375 1961 2375 486 2375 1961 2376 1962 2376 486 2376 486 2377 1962 2377 482 2377 1962 2378 1963 2378 482 2378 482 2379 1963 2379 483 2379 1963 2380 1964 2380 483 2380 483 2381 1964 2381 479 2381 1964 2382 1965 2382 479 2382 479 2383 1965 2383 480 2383 1965 2384 1966 2384 480 2384 480 2385 1966 2385 1958 2385 1687 2386 1904 2386 1686 2386 1904 2387 1903 2387 1686 2387 1686 2388 1903 2388 1684 2388 1903 2389 1901 2389 1684 2389 1684 2390 1901 2390 1905 2390 1901 2391 1899 2391 1905 2391 1905 2392 1899 2392 1906 2392 1899 2393 1898 2393 1906 2393 1906 2394 1898 2394 488 2394 1898 2395 1967 2395 488 2395 488 2396 1967 2396 489 2396 1967 2397 1968 2397 489 2397 489 2398 1968 2398 1908 2398 1968 2399 1969 2399 1908 2399 1908 2400 1969 2400 1959 2400 1969 2401 1970 2401 1959 2401 1959 2402 1970 2402 1960 2402 1970 2403 1971 2403 1960 2403 1960 2404 1971 2404 1961 2404 1971 2405 1972 2405 1961 2405 1961 2406 1972 2406 1962 2406 1972 2407 1973 2407 1962 2407 1962 2408 1973 2408 1963 2408 1973 2409 1974 2409 1963 2409 1963 2410 1974 2410 1964 2410 1974 2411 1975 2411 1964 2411 1964 2412 1975 2412 1965 2412 1975 2413 1976 2413 1965 2413 1965 2414 1976 2414 1966 2414 502 2415 504 2415 1709 2415 504 2416 1977 2416 1709 2416 1709 2417 1977 2417 1711 2417 1977 2418 1978 2418 1711 2418 1711 2419 1978 2419 1713 2419 1978 2420 1979 2420 1713 2420 1713 2421 1979 2421 1714 2421 1979 2422 1731 2422 1714 2422 1714 2423 1731 2423 1980 2423 1731 2424 1733 2424 1980 2424 1980 2425 1733 2425 1981 2425 1733 2426 1946 2426 1981 2426 1981 2427 1946 2427 1982 2427 1946 2428 1947 2428 1982 2428 1982 2429 1947 2429 1983 2429 1947 2430 1948 2430 1983 2430 1983 2431 1948 2431 1984 2431 1948 2432 1949 2432 1984 2432 1984 2433 1949 2433 1985 2433 1949 2434 1950 2434 1985 2434 1985 2435 1950 2435 1910 2435 1950 2436 1951 2436 1910 2436 1910 2437 1951 2437 1911 2437 1951 2438 1952 2438 1911 2438 1911 2439 1952 2439 1986 2439 1952 2440 1953 2440 1986 2440 1986 2441 1953 2441 1987 2441 1953 2442 1954 2442 1987 2442 1987 2443 1954 2443 1988 2443 1954 2444 1955 2444 1988 2444 1988 2445 1955 2445 1989 2445 1955 2446 1956 2446 1989 2446 1989 2447 1956 2447 1990 2447 1956 2448 1957 2448 1990 2448 1990 2449 1957 2449 1991 2449 1912 2450 1911 2450 1992 2450 1911 2451 1986 2451 1992 2451 1992 2452 1986 2452 1993 2452 1986 2453 1987 2453 1993 2453 1993 2454 1987 2454 1994 2454 1987 2455 1988 2455 1994 2455 1994 2456 1988 2456 1995 2456 1988 2457 1989 2457 1995 2457 1995 2458 1989 2458 1996 2458 1989 2459 1990 2459 1996 2459 1996 2460 1990 2460 1997 2460 1990 2461 1991 2461 1997 2461 1997 2462 1991 2462 1998 2462 1593 2463 1592 2463 1636 2463 1592 2464 1646 2464 1636 2464 1636 2465 1646 2465 1634 2465 1646 2466 1644 2466 1634 2466 1634 2467 1644 2467 1632 2467 1644 2468 1642 2468 1632 2468 1632 2469 1642 2469 1640 2469 1642 2470 1641 2470 1640 2470 1640 2471 1641 2471 1648 2471 1641 2472 1683 2472 1648 2472 1648 2473 1683 2473 1649 2473 1683 2474 1682 2474 1649 2474 1649 2475 1682 2475 1698 2475 1682 2476 1681 2476 1698 2476 1698 2477 1681 2477 1700 2477 1681 2478 503 2478 1700 2478 1700 2479 503 2479 1702 2479 503 2480 502 2480 1702 2480 1702 2481 502 2481 1703 2481 502 2482 1710 2482 1703 2482 1703 2483 1710 2483 1708 2483 1710 2484 1712 2484 1708 2484 1708 2485 1712 2485 1691 2485 1712 2486 1714 2486 1691 2486 1691 2487 1714 2487 1689 2487 1714 2488 1980 2488 1689 2488 1689 2489 1980 2489 1687 2489 1980 2490 1981 2490 1687 2490 1687 2491 1981 2491 1904 2491 1981 2492 1982 2492 1904 2492 1904 2493 1982 2493 1902 2493 1982 2494 1983 2494 1902 2494 1902 2495 1983 2495 1900 2495 1983 2496 1984 2496 1900 2496 1900 2497 1984 2497 1898 2497 1984 2498 1985 2498 1898 2498 1898 2499 1985 2499 1967 2499 1985 2500 1910 2500 1967 2500 1967 2501 1910 2501 1968 2501 1910 2502 1912 2502 1968 2502 1968 2503 1912 2503 1969 2503 1912 2504 1992 2504 1969 2504 1969 2505 1992 2505 1970 2505 1992 2506 1993 2506 1970 2506 1970 2507 1993 2507 1971 2507 1993 2508 1994 2508 1971 2508 1971 2509 1994 2509 1972 2509 1994 2510 1995 2510 1972 2510 1972 2511 1995 2511 1973 2511 1995 2512 1996 2512 1973 2512 1973 2513 1996 2513 1974 2513 1996 2514 1997 2514 1974 2514 1974 2515 1997 2515 1975 2515 1997 2516 1998 2516 1975 2516 1975 2517 1998 2517 1976 2517 1999 2518 2000 2518 2001 2518 2000 2519 2002 2519 2001 2519 2001 2520 2002 2520 2003 2520 2002 2521 2004 2521 2003 2521 2003 2522 2004 2522 2005 2522 2004 2523 2006 2523 2005 2523 2005 2524 2006 2524 2007 2524 2006 2525 2008 2525 2007 2525 2007 2526 2008 2526 2009 2526 2008 2527 2010 2527 2009 2527 2009 2528 2010 2528 2011 2528 2010 2529 2012 2529 2011 2529 2011 2530 2012 2530 2013 2530 2012 2531 2014 2531 2013 2531 2015 2532 2016 2532 2017 2532 2016 2533 2018 2533 2017 2533 2017 2534 2018 2534 2019 2534 2018 2535 2020 2535 2019 2535 2019 2536 2020 2536 2021 2536 2020 2537 2022 2537 2021 2537 2021 2538 2022 2538 2023 2538 2022 2539 2024 2539 2023 2539 2023 2540 2024 2540 2025 2540 2024 2541 2026 2541 2025 2541 2025 2542 2026 2542 2027 2542 2026 2543 2028 2543 2027 2543 2027 2544 2028 2544 2029 2544 2028 2545 2030 2545 2029 2545 2029 2546 2030 2546 2031 2546 2030 2547 2032 2547 2031 2547 2031 2548 2032 2548 2033 2548 2032 2549 2034 2549 2033 2549 1944 2550 2035 2550 1945 2550 2035 2551 2036 2551 1945 2551 1945 2552 2036 2552 1957 2552 2036 2553 2037 2553 1957 2553 1957 2554 2037 2554 1991 2554 2037 2555 2038 2555 1991 2555 1991 2556 2038 2556 1998 2556 2038 2557 2039 2557 1998 2557 1998 2558 2039 2558 1976 2558 2039 2559 2040 2559 1976 2559 1976 2560 2040 2560 1966 2560 2040 2561 2041 2561 1966 2561 1966 2562 2041 2562 1958 2562 2041 2563 2042 2563 1958 2563 1958 2564 2042 2564 1895 2564 2042 2565 2043 2565 1895 2565 1895 2566 2043 2566 1892 2566 470 2567 2044 2567 1748 2567 2044 2568 2045 2568 1748 2568 1748 2569 2045 2569 1717 2569 2045 2570 1718 2570 1717 2570 1717 2571 1718 2571 1715 2571 1718 2572 1720 2572 1715 2572 1725 2573 1723 2573 1727 2573 1723 2574 1721 2574 1727 2574 1727 2575 1721 2575 1729 2575 1721 2576 1719 2576 1729 2576 1729 2577 1719 2577 1730 2577 1719 2578 1718 2578 1730 2578 1730 2579 1718 2579 2046 2579 1718 2580 2045 2580 2046 2580 460 2581 462 2581 2047 2581 462 2582 1744 2582 2047 2582 2047 2583 1744 2583 2048 2583 1744 2584 1745 2584 2048 2584 2048 2585 1745 2585 2049 2585 1745 2586 1746 2586 2049 2586 2049 2587 1746 2587 2050 2587 1746 2588 1747 2588 2050 2588 2050 2589 1747 2589 2051 2589 2052 2590 2053 2590 2054 2590 2054 2591 2055 2591 2056 2591 2055 2592 2057 2592 2056 2592 2056 2593 2057 2593 2058 2593 2059 2594 2060 2594 2061 2594 2060 2595 2062 2595 2061 2595 2061 2596 2062 2596 2063 2596 2058 2597 463 2597 2056 2597 463 2598 465 2598 2056 2598 2056 2599 465 2599 2064 2599 465 2600 467 2600 2064 2600 2064 2601 467 2601 2065 2601 2054 2602 2056 2602 2052 2602 2056 2603 2064 2603 2052 2603 2052 2604 2064 2604 2066 2604 2064 2605 2065 2605 2066 2605 2066 2606 2065 2606 2067 2606 1738 2607 1737 2607 2068 2607 1737 2608 462 2608 2068 2608 2068 2609 462 2609 2069 2609 462 2610 461 2610 2069 2610 2069 2611 461 2611 2070 2611 2071 2612 2072 2612 2073 2612 2072 2613 2074 2613 2073 2613 2073 2614 2074 2614 2075 2614 2074 2615 2076 2615 2075 2615 2075 2616 2076 2616 2077 2616 2076 2617 2078 2617 2077 2617 2077 2618 2078 2618 2067 2618 2078 2619 2079 2619 2067 2619 2067 2620 2079 2620 2066 2620 2079 2621 2080 2621 2066 2621 2066 2622 2080 2622 2052 2622 2080 2623 2081 2623 2052 2623 2052 2624 2081 2624 2053 2624 1739 2625 1741 2625 1743 2625 1741 2626 2082 2626 1743 2626 1743 2627 2082 2627 2083 2627 2082 2628 2084 2628 2083 2628 2083 2629 2084 2629 2085 2629 2084 2630 2086 2630 2085 2630 2085 2631 2086 2631 2087 2631 2086 2632 2088 2632 2087 2632 2087 2633 2088 2633 2089 2633 2088 2634 2090 2634 2089 2634 2089 2635 2090 2635 2091 2635 2090 2636 2092 2636 2091 2636 2091 2637 2092 2637 2093 2637 2092 2638 2094 2638 2093 2638 2093 2639 2094 2639 2095 2639 2094 2640 2096 2640 2095 2640 2095 2641 2096 2641 2097 2641 2096 2642 2098 2642 2097 2642 2097 2643 2098 2643 2099 2643 2084 2644 2100 2644 2086 2644 2100 2645 2101 2645 2086 2645 2086 2646 2101 2646 2088 2646 2101 2647 2102 2647 2088 2647 2088 2648 2102 2648 2090 2648 2102 2649 2103 2649 2090 2649 2090 2650 2103 2650 2092 2650 2103 2651 2104 2651 2092 2651 2092 2652 2104 2652 2094 2652 2104 2653 2105 2653 2094 2653 2094 2654 2105 2654 2096 2654 2105 2655 2106 2655 2096 2655 2096 2656 2106 2656 2098 2656 2107 2657 2108 2657 2109 2657 2108 2658 2110 2658 2109 2658 2109 2659 2110 2659 457 2659 2063 2660 2062 2660 2111 2660 2062 2661 459 2661 2111 2661 2111 2662 459 2662 2112 2662 459 2663 458 2663 2112 2663 2112 2664 458 2664 2113 2664 457 2665 459 2665 2109 2665 459 2666 2062 2666 2109 2666 2109 2667 2062 2667 2107 2667 2062 2668 2060 2668 2107 2668 2107 2669 2060 2669 467 2669 2060 2670 2059 2670 467 2670 467 2671 2059 2671 2065 2671 2059 2672 2061 2672 2065 2672 2065 2673 2061 2673 2067 2673 2061 2674 2063 2674 2067 2674 2067 2675 2063 2675 2077 2675 2063 2676 2111 2676 2077 2676 2077 2677 2111 2677 2075 2677 2111 2678 2112 2678 2075 2678 2075 2679 2112 2679 2073 2679 2112 2680 2113 2680 2073 2680 2073 2681 2113 2681 2071 2681 2114 2682 2115 2682 2116 2682 2115 2683 2117 2683 2116 2683 2116 2684 2117 2684 2118 2684 456 2685 455 2685 2119 2685 455 2686 2120 2686 2119 2686 2119 2687 2120 2687 2121 2687 2122 2688 2123 2688 2124 2688 2123 2689 2125 2689 2124 2689 2125 2690 2126 2690 2124 2690 2124 2691 2126 2691 2127 2691 2051 2692 464 2692 2050 2692 464 2693 463 2693 2050 2693 2050 2694 463 2694 2049 2694 463 2695 2058 2695 2049 2695 2049 2696 2058 2696 2048 2696 2058 2697 2057 2697 2048 2697 2048 2698 2057 2698 2047 2698 2057 2699 2055 2699 2047 2699 2047 2700 2055 2700 460 2700 2055 2701 2054 2701 460 2701 460 2702 2054 2702 461 2702 2054 2703 2053 2703 461 2703 461 2704 2053 2704 2070 2704 2053 2705 2081 2705 2070 2705 2070 2706 2081 2706 2128 2706 2081 2707 2080 2707 2128 2707 2128 2708 2080 2708 2129 2708 2080 2709 2079 2709 2129 2709 2129 2710 2079 2710 2130 2710 2079 2711 2078 2711 2130 2711 2130 2712 2078 2712 2131 2712 2078 2713 2076 2713 2131 2713 2131 2714 2076 2714 2132 2714 2076 2715 2074 2715 2132 2715 2132 2716 2074 2716 2133 2716 2074 2717 2072 2717 2133 2717 2133 2718 2072 2718 2134 2718 2072 2719 2071 2719 2134 2719 2134 2720 2071 2720 2135 2720 2136 2721 2137 2721 2138 2721 2137 2722 2139 2722 2138 2722 2138 2723 2139 2723 2140 2723 2139 2724 2141 2724 2140 2724 2140 2725 2141 2725 2142 2725 2141 2726 2143 2726 2142 2726 2142 2727 2143 2727 2144 2727 2143 2728 2145 2728 2144 2728 2144 2729 2145 2729 2146 2729 2145 2730 456 2730 2146 2730 2146 2731 456 2731 2147 2731 456 2732 2119 2732 2147 2732 2147 2733 2119 2733 2148 2733 2119 2734 2121 2734 2148 2734 2149 2735 2136 2735 2150 2735 2136 2736 2138 2736 2150 2736 2150 2737 2138 2737 2151 2737 2138 2738 2140 2738 2151 2738 2151 2739 2140 2739 2152 2739 2140 2740 2142 2740 2152 2740 2152 2741 2142 2741 2153 2741 2142 2742 2144 2742 2153 2742 2153 2743 2144 2743 2154 2743 2144 2744 2146 2744 2154 2744 2154 2745 2146 2745 2155 2745 2146 2746 2147 2746 2155 2746 2155 2747 2147 2747 2156 2747 2147 2748 2148 2748 2156 2748 2156 2749 2148 2749 2157 2749 2148 2750 2121 2750 2157 2750 1742 2751 1743 2751 1914 2751 1743 2752 2083 2752 1914 2752 1914 2753 2083 2753 2158 2753 2083 2754 2085 2754 2158 2754 2158 2755 2085 2755 2159 2755 2085 2756 2087 2756 2159 2756 2159 2757 2087 2757 2160 2757 2087 2758 2089 2758 2160 2758 2160 2759 2089 2759 2161 2759 2089 2760 2091 2760 2161 2760 2161 2761 2091 2761 2162 2761 2091 2762 2093 2762 2162 2762 2162 2763 2093 2763 2163 2763 2093 2764 2095 2764 2163 2764 2163 2765 2095 2765 2164 2765 2095 2766 2097 2766 2164 2766 2164 2767 2097 2767 2165 2767 2097 2768 2099 2768 2165 2768 2165 2769 2099 2769 2166 2769 470 2770 469 2770 2044 2770 469 2771 2167 2771 2044 2771 2044 2772 2167 2772 2168 2772 615 2773 900 2773 820 2773 900 2774 902 2774 820 2774 820 2775 902 2775 823 2775 902 2776 904 2776 823 2776 823 2777 904 2777 824 2777 904 2778 878 2778 824 2778 824 2779 878 2779 177 2779 878 2780 877 2780 177 2780 177 2781 877 2781 178 2781 877 2782 875 2782 178 2782 178 2783 875 2783 179 2783 875 2784 468 2784 179 2784 2123 2785 2168 2785 2125 2785 2168 2786 2167 2786 2125 2786 2125 2787 2167 2787 2126 2787 2167 2788 2169 2788 2126 2788 2126 2789 2169 2789 2127 2789 2169 2790 2170 2790 2127 2790 2127 2791 2170 2791 2171 2791 2172 2792 2173 2792 2174 2792 2173 2793 2171 2793 2174 2793 2174 2794 2171 2794 2175 2794 2171 2795 2170 2795 2175 2795 2175 2796 2170 2796 2176 2796 2177 2797 2178 2797 2179 2797 2180 2798 2181 2798 2182 2798 2181 2799 2183 2799 2182 2799 2182 2800 2183 2800 2184 2800 2183 2801 2185 2801 2184 2801 2184 2802 2185 2802 2186 2802 2178 2803 2180 2803 2179 2803 2180 2804 2182 2804 2179 2804 2179 2805 2182 2805 2187 2805 2182 2806 2184 2806 2187 2806 2187 2807 2184 2807 2188 2807 2184 2808 2186 2808 2188 2808 2189 2809 2188 2809 2190 2809 2188 2810 2186 2810 2190 2810 2190 2811 2186 2811 2191 2811 2186 2812 2185 2812 2191 2812 2191 2813 2185 2813 2176 2813 2185 2814 2183 2814 2176 2814 2176 2815 2183 2815 2175 2815 2183 2816 2181 2816 2175 2816 2175 2817 2181 2817 2174 2817 2181 2818 2180 2818 2174 2818 2174 2819 2180 2819 2172 2819 2180 2820 2178 2820 2172 2820 2192 2821 2193 2821 2194 2821 2193 2822 2177 2822 2194 2822 2195 2823 2196 2823 2197 2823 2196 2824 450 2824 2197 2824 2197 2825 450 2825 2198 2825 450 2826 449 2826 2198 2826 2198 2827 449 2827 2199 2827 2194 2828 2200 2828 2192 2828 2200 2829 2201 2829 2192 2829 2192 2830 2201 2830 2202 2830 2201 2831 2203 2831 2202 2831 2202 2832 2203 2832 2204 2832 2203 2833 2205 2833 2204 2833 2206 2834 2207 2834 2208 2834 2209 2835 452 2835 2210 2835 452 2836 451 2836 2210 2836 2210 2837 451 2837 2211 2837 2212 2838 2209 2838 2213 2838 2209 2839 2210 2839 2213 2839 2213 2840 2210 2840 2214 2840 2210 2841 2211 2841 2214 2841 2214 2842 2211 2842 2215 2842 2216 2843 2212 2843 2217 2843 2212 2844 2213 2844 2217 2844 2217 2845 2213 2845 2218 2845 2213 2846 2214 2846 2218 2846 2218 2847 2214 2847 2219 2847 2214 2848 2215 2848 2219 2848 2219 2849 2215 2849 2220 2849 885 2850 2216 2850 886 2850 2216 2851 2217 2851 886 2851 886 2852 2217 2852 882 2852 2217 2853 2218 2853 882 2853 882 2854 2218 2854 883 2854 2218 2855 2219 2855 883 2855 883 2856 2219 2856 881 2856 2219 2857 2220 2857 881 2857 881 2858 2220 2858 879 2858 2220 2859 2221 2859 879 2859 879 2860 2221 2860 2222 2860 2221 2861 2223 2861 2222 2861 2222 2862 2223 2862 2224 2862 2223 2863 2225 2863 2224 2863 2224 2864 2225 2864 2226 2864 2225 2865 2227 2865 2226 2865 2226 2866 2227 2866 2228 2866 2227 2867 2229 2867 2228 2867 2177 2868 2179 2868 2194 2868 2179 2869 2187 2869 2194 2869 2194 2870 2187 2870 2200 2870 2187 2871 2188 2871 2200 2871 2200 2872 2188 2872 2201 2872 2188 2873 2189 2873 2201 2873 2201 2874 2189 2874 2203 2874 2189 2875 2230 2875 2203 2875 2203 2876 2230 2876 2205 2876 2230 2877 2231 2877 2205 2877 2205 2878 2231 2878 2232 2878 2231 2879 2233 2879 2232 2879 2232 2880 2233 2880 2234 2880 2233 2881 894 2881 2234 2881 2234 2882 894 2882 2235 2882 894 2883 893 2883 2235 2883 2235 2884 893 2884 2236 2884 893 2885 895 2885 2236 2885 2236 2886 895 2886 916 2886 895 2887 915 2887 916 2887 916 2888 915 2888 917 2888 2237 2889 2238 2889 2239 2889 2238 2890 2240 2890 2239 2890 2239 2891 2240 2891 2241 2891 2240 2892 2242 2892 2241 2892 2241 2893 2242 2893 2195 2893 2242 2894 2243 2894 2195 2894 2195 2895 2243 2895 2196 2895 2243 2896 2244 2896 2196 2896 2196 2897 2244 2897 450 2897 2244 2898 2245 2898 450 2898 450 2899 2245 2899 448 2899 2208 2900 2207 2900 2246 2900 2207 2901 2247 2901 2246 2901 2246 2902 2247 2902 908 2902 453 2903 2248 2903 451 2903 2248 2904 2206 2904 451 2904 451 2905 2206 2905 2211 2905 2206 2906 2208 2906 2211 2906 2211 2907 2208 2907 2215 2907 2208 2908 2246 2908 2215 2908 2215 2909 2246 2909 2220 2909 2246 2910 908 2910 2220 2910 2220 2911 908 2911 2221 2911 908 2912 907 2912 2221 2912 2221 2913 907 2913 2223 2913 907 2914 906 2914 2223 2914 2223 2915 906 2915 2225 2915 906 2916 905 2916 2225 2916 2225 2917 905 2917 2227 2917 905 2918 903 2918 2227 2918 2227 2919 903 2919 2229 2919 903 2920 901 2920 2229 2920 468 2921 875 2921 469 2921 875 2922 874 2922 469 2922 469 2923 874 2923 2167 2923 874 2924 908 2924 2167 2924 2167 2925 908 2925 2169 2925 908 2926 2247 2926 2169 2926 2169 2927 2247 2927 2170 2927 2247 2928 2207 2928 2170 2928 2170 2929 2207 2929 2176 2929 2207 2930 2206 2930 2176 2930 2176 2931 2206 2931 2191 2931 2206 2932 2248 2932 2191 2932 2191 2933 2248 2933 2190 2933 2248 2934 453 2934 2190 2934 2190 2935 453 2935 2189 2935 453 2936 452 2936 2189 2936 2189 2937 452 2937 2230 2937 452 2938 2209 2938 2230 2938 2230 2939 2209 2939 2231 2939 2209 2940 2212 2940 2231 2940 2231 2941 2212 2941 2233 2941 2212 2942 2216 2942 2233 2942 2233 2943 2216 2943 894 2943 2216 2944 885 2944 894 2944 894 2945 885 2945 888 2945 885 2946 887 2946 888 2946 888 2947 887 2947 889 2947 887 2948 609 2948 889 2948 889 2949 609 2949 891 2949 609 2950 608 2950 891 2950 891 2951 608 2951 914 2951 608 2952 909 2952 914 2952 914 2953 909 2953 913 2953 2156 2954 2249 2954 2155 2954 2249 2955 2250 2955 2155 2955 2155 2956 2250 2956 2154 2956 2250 2957 2251 2957 2154 2957 2154 2958 2251 2958 2153 2958 2251 2959 2252 2959 2153 2959 2153 2960 2252 2960 2152 2960 2252 2961 2253 2961 2152 2961 2152 2962 2253 2962 2151 2962 2253 2963 2254 2963 2151 2963 2151 2964 2254 2964 2150 2964 2254 2965 2255 2965 2150 2965 2150 2966 2255 2966 2149 2966 448 2967 2149 2967 449 2967 2149 2968 2255 2968 449 2968 449 2969 2255 2969 2199 2969 2255 2970 2254 2970 2199 2970 2199 2971 2254 2971 2256 2971 2254 2972 2253 2972 2256 2972 2256 2973 2253 2973 2257 2973 2253 2974 2252 2974 2257 2974 2257 2975 2252 2975 2258 2975 2252 2976 2251 2976 2258 2976 2258 2977 2251 2977 2259 2977 2251 2978 2250 2978 2259 2978 2259 2979 2250 2979 2260 2979 2250 2980 2249 2980 2260 2980 2260 2981 2249 2981 2261 2981 2249 2982 2156 2982 2261 2982 2261 2983 2156 2983 2118 2983 2156 2984 2157 2984 2118 2984 2118 2985 2157 2985 2116 2985 2157 2986 2121 2986 2116 2986 2116 2987 2121 2987 2114 2987 2121 2988 2120 2988 2114 2988 1913 2989 1914 2989 1916 2989 1914 2990 2158 2990 1916 2990 1916 2991 2158 2991 2262 2991 2158 2992 2159 2992 2262 2992 2262 2993 2159 2993 2263 2993 2159 2994 2160 2994 2263 2994 2263 2995 2160 2995 2264 2995 2160 2996 2161 2996 2264 2996 2264 2997 2161 2997 2265 2997 2161 2998 2162 2998 2265 2998 2265 2999 2162 2999 2266 2999 2162 3000 2163 3000 2266 3000 2266 3001 2163 3001 2267 3001 2163 3002 2164 3002 2267 3002 2267 3003 2164 3003 2268 3003 2164 3004 2165 3004 2268 3004 2268 3005 2165 3005 2269 3005 2165 3006 2166 3006 2269 3006 2269 3007 2166 3007 2270 3007 1917 3008 1918 3008 1920 3008 1918 3009 2271 3009 1920 3009 1920 3010 2271 3010 2272 3010 2271 3011 2273 3011 2272 3011 2272 3012 2273 3012 2274 3012 2273 3013 2275 3013 2274 3013 2274 3014 2275 3014 2276 3014 2275 3015 2277 3015 2276 3015 2276 3016 2277 3016 2278 3016 2277 3017 2279 3017 2278 3017 2278 3018 2279 3018 2280 3018 2279 3019 2281 3019 2280 3019 2280 3020 2281 3020 2282 3020 2281 3021 2283 3021 2282 3021 2282 3022 2283 3022 2284 3022 2283 3023 2285 3023 2284 3023 2284 3024 2285 3024 2286 3024 2285 3025 2287 3025 2286 3025 2286 3026 2287 3026 2288 3026 1915 3027 1916 3027 1918 3027 1916 3028 2262 3028 1918 3028 1918 3029 2262 3029 2271 3029 2262 3030 2263 3030 2271 3030 2271 3031 2263 3031 2273 3031 2263 3032 2264 3032 2273 3032 2273 3033 2264 3033 2275 3033 2264 3034 2265 3034 2275 3034 2275 3035 2265 3035 2277 3035 2265 3036 2266 3036 2277 3036 2277 3037 2266 3037 2279 3037 2266 3038 2267 3038 2279 3038 2279 3039 2267 3039 2281 3039 2267 3040 2268 3040 2281 3040 2281 3041 2268 3041 2283 3041 2268 3042 2269 3042 2283 3042 2283 3043 2269 3043 2285 3043 2269 3044 2270 3044 2285 3044 2285 3045 2270 3045 2287 3045 1921 3046 1922 3046 2289 3046 1922 3047 2290 3047 2289 3047 2289 3048 2290 3048 2291 3048 2290 3049 2292 3049 2291 3049 2291 3050 2292 3050 2293 3050 2292 3051 2294 3051 2293 3051 2293 3052 2294 3052 2295 3052 2294 3053 2296 3053 2295 3053 2295 3054 2296 3054 2297 3054 2296 3055 2298 3055 2297 3055 2297 3056 2298 3056 2299 3056 2298 3057 2300 3057 2299 3057 2299 3058 2300 3058 2301 3058 2300 3059 2302 3059 2301 3059 2301 3060 2302 3060 2303 3060 2302 3061 2304 3061 2303 3061 2303 3062 2304 3062 2305 3062 2304 3063 2306 3063 2305 3063 2305 3064 2306 3064 2307 3064 1919 3065 1920 3065 1922 3065 1920 3066 2272 3066 1922 3066 1922 3067 2272 3067 2290 3067 2272 3068 2274 3068 2290 3068 2290 3069 2274 3069 2292 3069 2274 3070 2276 3070 2292 3070 2292 3071 2276 3071 2294 3071 2276 3072 2278 3072 2294 3072 2294 3073 2278 3073 2296 3073 2278 3074 2280 3074 2296 3074 2296 3075 2280 3075 2298 3075 2280 3076 2282 3076 2298 3076 2298 3077 2282 3077 2300 3077 2282 3078 2284 3078 2300 3078 2300 3079 2284 3079 2302 3079 2284 3080 2286 3080 2302 3080 2302 3081 2286 3081 2304 3081 2286 3082 2288 3082 2304 3082 2304 3083 2288 3083 2306 3083 454 3084 456 3084 2308 3084 456 3085 2145 3085 2308 3085 2308 3086 2145 3086 2309 3086 2145 3087 2143 3087 2309 3087 2309 3088 2143 3088 2310 3088 2143 3089 2141 3089 2310 3089 2310 3090 2141 3090 2311 3090 2141 3091 2139 3091 2311 3091 2311 3092 2139 3092 2312 3092 2139 3093 2137 3093 2312 3093 2312 3094 2137 3094 2313 3094 2314 3095 2315 3095 446 3095 2315 3096 2316 3096 446 3096 446 3097 2316 3097 447 3097 2316 3098 2317 3098 447 3098 447 3099 2317 3099 2318 3099 445 3100 2319 3100 446 3100 2319 3101 2320 3101 446 3101 446 3102 2320 3102 2314 3102 2320 3103 2321 3103 2314 3103 2322 3104 2307 3104 2323 3104 2307 3105 2306 3105 2323 3105 2323 3106 2306 3106 2324 3106 2306 3107 2288 3107 2324 3107 2324 3108 2288 3108 2325 3108 2288 3109 2287 3109 2325 3109 2325 3110 2287 3110 2326 3110 2287 3111 2270 3111 2326 3111 2326 3112 2270 3112 2327 3112 2270 3113 2166 3113 2327 3113 2327 3114 2166 3114 2328 3114 2166 3115 2099 3115 2328 3115 2328 3116 2099 3116 2329 3116 2099 3117 2098 3117 2329 3117 2329 3118 2098 3118 2135 3118 2098 3119 2106 3119 2135 3119 2135 3120 2106 3120 2134 3120 2106 3121 2105 3121 2134 3121 2134 3122 2105 3122 2133 3122 2105 3123 2104 3123 2133 3123 2133 3124 2104 3124 2132 3124 2104 3125 2103 3125 2132 3125 2132 3126 2103 3126 2131 3126 2103 3127 2102 3127 2131 3127 2131 3128 2102 3128 2130 3128 2102 3129 2101 3129 2130 3129 2130 3130 2101 3130 2129 3130 2101 3131 2100 3131 2129 3131 2129 3132 2100 3132 2128 3132 2100 3133 2084 3133 2128 3133 2128 3134 2084 3134 2070 3134 2084 3135 2082 3135 2070 3135 2070 3136 2082 3136 2069 3136 2082 3137 1741 3137 2069 3137 2069 3138 1741 3138 2068 3138 1741 3139 1740 3139 2068 3139 2068 3140 1740 3140 1738 3140 2330 3141 2322 3141 2331 3141 2322 3142 2323 3142 2331 3142 2331 3143 2323 3143 2332 3143 2323 3144 2324 3144 2332 3144 2332 3145 2324 3145 2333 3145 2324 3146 2325 3146 2333 3146 2333 3147 2325 3147 2334 3147 2325 3148 2326 3148 2334 3148 2334 3149 2326 3149 2335 3149 2326 3150 2327 3150 2335 3150 2335 3151 2327 3151 2336 3151 2327 3152 2328 3152 2336 3152 2336 3153 2328 3153 2337 3153 2328 3154 2329 3154 2337 3154 2337 3155 2329 3155 2338 3155 2329 3156 2135 3156 2338 3156 2338 3157 2135 3157 2339 3157 2135 3158 2071 3158 2339 3158 2339 3159 2071 3159 2340 3159 2071 3160 2113 3160 2340 3160 2340 3161 2113 3161 2341 3161 2113 3162 458 3162 2341 3162 2341 3163 458 3163 2342 3163 458 3164 457 3164 2342 3164 2342 3165 457 3165 2343 3165 457 3166 2110 3166 2343 3166 2343 3167 2110 3167 2122 3167 2110 3168 2108 3168 2122 3168 2122 3169 2108 3169 2123 3169 2108 3170 2107 3170 2123 3170 2123 3171 2107 3171 2168 3171 2107 3172 467 3172 2168 3172 2168 3173 467 3173 2044 3173 467 3174 466 3174 2044 3174 2044 3175 466 3175 2045 3175 466 3176 464 3176 2045 3176 2045 3177 464 3177 2046 3177 464 3178 2051 3178 2046 3178 2046 3179 2051 3179 1730 3179 2051 3180 1747 3180 1730 3180 1730 3181 1747 3181 1728 3181 1747 3182 499 3182 1728 3182 1728 3183 499 3183 1726 3183 499 3184 501 3184 1726 3184 1726 3185 501 3185 1724 3185 2344 3186 2345 3186 2346 3186 2345 3187 2347 3187 2346 3187 2346 3188 2347 3188 2348 3188 2349 3189 2350 3189 2351 3189 2350 3190 2352 3190 2351 3190 2351 3191 2352 3191 2353 3191 2352 3192 2354 3192 2353 3192 2353 3193 2354 3193 2355 3193 2354 3194 2356 3194 2355 3194 2355 3195 2356 3195 2357 3195 2358 3196 2015 3196 2359 3196 2015 3197 2017 3197 2359 3197 2359 3198 2017 3198 2360 3198 2017 3199 2019 3199 2360 3199 2360 3200 2019 3200 2361 3200 2019 3201 2021 3201 2361 3201 2361 3202 2021 3202 2362 3202 2021 3203 2023 3203 2362 3203 2362 3204 2023 3204 2363 3204 2023 3205 2025 3205 2363 3205 2363 3206 2025 3206 2364 3206 2025 3207 2027 3207 2364 3207 2364 3208 2027 3208 2365 3208 2027 3209 2029 3209 2365 3209 2365 3210 2029 3210 2366 3210 2029 3211 2031 3211 2366 3211 2366 3212 2031 3212 2367 3212 2031 3213 2033 3213 2367 3213 2368 3214 2358 3214 2369 3214 2358 3215 2359 3215 2369 3215 2369 3216 2359 3216 2370 3216 2359 3217 2360 3217 2370 3217 2370 3218 2360 3218 2371 3218 2360 3219 2361 3219 2371 3219 2371 3220 2361 3220 2372 3220 2361 3221 2362 3221 2372 3221 2372 3222 2362 3222 2373 3222 2362 3223 2363 3223 2373 3223 2373 3224 2363 3224 2374 3224 2363 3225 2364 3225 2374 3225 2374 3226 2364 3226 2375 3226 2364 3227 2365 3227 2375 3227 2375 3228 2365 3228 2376 3228 2365 3229 2366 3229 2376 3229 2376 3230 2366 3230 2377 3230 2366 3231 2367 3231 2377 3231 2378 3232 2368 3232 2379 3232 2368 3233 2369 3233 2379 3233 2379 3234 2369 3234 2380 3234 2369 3235 2370 3235 2380 3235 2380 3236 2370 3236 2381 3236 2370 3237 2371 3237 2381 3237 2381 3238 2371 3238 2382 3238 2371 3239 2372 3239 2382 3239 2382 3240 2372 3240 2383 3240 2372 3241 2373 3241 2383 3241 2383 3242 2373 3242 2384 3242 2373 3243 2374 3243 2384 3243 2384 3244 2374 3244 2385 3244 2374 3245 2375 3245 2385 3245 2385 3246 2375 3246 2386 3246 2375 3247 2376 3247 2386 3247 2386 3248 2376 3248 2387 3248 2376 3249 2377 3249 2387 3249 2387 3250 2388 3250 2386 3250 2388 3251 2389 3251 2386 3251 2386 3252 2389 3252 2385 3252 2389 3253 2390 3253 2385 3253 2385 3254 2390 3254 2384 3254 2390 3255 2391 3255 2384 3255 2384 3256 2391 3256 2383 3256 2391 3257 2392 3257 2383 3257 2383 3258 2392 3258 2382 3258 2392 3259 2393 3259 2382 3259 2382 3260 2393 3260 2381 3260 2393 3261 2394 3261 2381 3261 2381 3262 2394 3262 2380 3262 2394 3263 2395 3263 2380 3263 2380 3264 2395 3264 2379 3264 2395 3265 2396 3265 2379 3265 2379 3266 2396 3266 2378 3266 2397 3267 2398 3267 2399 3267 2398 3268 2400 3268 2399 3268 2399 3269 2400 3269 2401 3269 2402 3270 2403 3270 2404 3270 2405 3271 2398 3271 2406 3271 2398 3272 2397 3272 2406 3272 2406 3273 2397 3273 2407 3273 2397 3274 2408 3274 2407 3274 2407 3275 2408 3275 2409 3275 2408 3276 2410 3276 2409 3276 2409 3277 2410 3277 2357 3277 2410 3278 2411 3278 2357 3278 2357 3279 2411 3279 2355 3279 2411 3280 2412 3280 2355 3280 2355 3281 2412 3281 2353 3281 2412 3282 2413 3282 2353 3282 2353 3283 2413 3283 2351 3283 2413 3284 2414 3284 2351 3284 2351 3285 2414 3285 2349 3285 2414 3286 2415 3286 2349 3286 2404 3287 2403 3287 2416 3287 2417 3288 2418 3288 2419 3288 2418 3289 2420 3289 2419 3289 2419 3290 2420 3290 2421 3290 2421 3291 2420 3291 2416 3291 2420 3292 2422 3292 2416 3292 2416 3293 2422 3293 2404 3293 2422 3294 2423 3294 2404 3294 2404 3295 2423 3295 2402 3295 2424 3296 2423 3296 2425 3296 2423 3297 2422 3297 2425 3297 2425 3298 2422 3298 2426 3298 2422 3299 2420 3299 2426 3299 2426 3300 2420 3300 2427 3300 2420 3301 2418 3301 2427 3301 2427 3302 2418 3302 2348 3302 2418 3303 2417 3303 2348 3303 2348 3304 2417 3304 2346 3304 2428 3305 2424 3305 2429 3305 2424 3306 2425 3306 2429 3306 2429 3307 2425 3307 2430 3307 2425 3308 2426 3308 2430 3308 2430 3309 2426 3309 2431 3309 2426 3310 2427 3310 2431 3310 2431 3311 2427 3311 2432 3311 2427 3312 2348 3312 2432 3312 2432 3313 2348 3313 2433 3313 2348 3314 2347 3314 2433 3314 2434 3315 2435 3315 2436 3315 2435 3316 2437 3316 2436 3316 2436 3317 2437 3317 2438 3317 2437 3318 2439 3318 2438 3318 2350 3319 2344 3319 2352 3319 2344 3320 2346 3320 2352 3320 2352 3321 2346 3321 2354 3321 2346 3322 2417 3322 2354 3322 2354 3323 2417 3323 2356 3323 2417 3324 2419 3324 2356 3324 2356 3325 2419 3325 2357 3325 2419 3326 2421 3326 2357 3326 2357 3327 2421 3327 2409 3327 2421 3328 2416 3328 2409 3328 2409 3329 2416 3329 2407 3329 2416 3330 2403 3330 2407 3330 2407 3331 2403 3331 2406 3331 2403 3332 2402 3332 2406 3332 2406 3333 2402 3333 2405 3333 2402 3334 2423 3334 2405 3334 2405 3335 2423 3335 2440 3335 2423 3336 2424 3336 2440 3336 2440 3337 2424 3337 2441 3337 2424 3338 2428 3338 2441 3338 2441 3339 2428 3339 2442 3339 2443 3340 2318 3340 2444 3340 2318 3341 2317 3341 2444 3341 2444 3342 2317 3342 2445 3342 2317 3343 2316 3343 2445 3343 2445 3344 2316 3344 2446 3344 2316 3345 2315 3345 2446 3345 2446 3346 2315 3346 2447 3346 2315 3347 2314 3347 2447 3347 2447 3348 2314 3348 2448 3348 2314 3349 2321 3349 2448 3349 2448 3350 2321 3350 2313 3350 2449 3351 2450 3351 2451 3351 2450 3352 2452 3352 2451 3352 2451 3353 2452 3353 2453 3353 2452 3354 2454 3354 2453 3354 2453 3355 2454 3355 2443 3355 2454 3356 2455 3356 2443 3356 2443 3357 2455 3357 2318 3357 2455 3358 2456 3358 2318 3358 2318 3359 2456 3359 447 3359 2456 3360 2457 3360 447 3360 447 3361 2457 3361 445 3361 443 3362 2458 3362 441 3362 2458 3363 897 3363 441 3363 441 3364 897 3364 2459 3364 897 3365 896 3365 2459 3365 2459 3366 896 3366 2460 3366 2461 3367 2462 3367 2463 3367 2462 3368 2464 3368 2463 3368 2463 3369 2464 3369 2465 3369 2466 3370 2467 3370 2468 3370 2467 3371 2469 3371 2468 3371 2468 3372 2469 3372 2434 3372 2469 3373 2470 3373 2434 3373 2434 3374 2470 3374 2435 3374 2438 3375 2465 3375 2436 3375 2465 3376 2464 3376 2436 3376 2436 3377 2464 3377 2434 3377 2464 3378 2462 3378 2434 3378 2434 3379 2462 3379 2468 3379 2462 3380 2461 3380 2468 3380 2468 3381 2461 3381 2466 3381 2461 3382 2471 3382 2466 3382 2466 3383 2471 3383 2472 3383 2471 3384 2473 3384 2472 3384 2460 3385 2473 3385 2459 3385 2473 3386 2471 3386 2459 3386 2459 3387 2471 3387 441 3387 2471 3388 2461 3388 441 3388 441 3389 2461 3389 442 3389 2461 3390 2463 3390 442 3390 442 3391 2463 3391 444 3391 2463 3392 2465 3392 444 3392 444 3393 2465 3393 2474 3393 2465 3394 2438 3394 2474 3394 2474 3395 2438 3395 2475 3395 2438 3396 2439 3396 2475 3396 2475 3397 2439 3397 2476 3397 2313 3398 2137 3398 2448 3398 2137 3399 2136 3399 2448 3399 2448 3400 2136 3400 2447 3400 2136 3401 2149 3401 2447 3401 2447 3402 2149 3402 2446 3402 2149 3403 448 3403 2446 3403 2446 3404 448 3404 2445 3404 448 3405 2245 3405 2445 3405 2445 3406 2245 3406 2444 3406 2245 3407 2244 3407 2444 3407 2444 3408 2244 3408 2443 3408 2244 3409 2243 3409 2443 3409 2443 3410 2243 3410 2453 3410 2243 3411 2242 3411 2453 3411 2453 3412 2242 3412 2451 3412 2242 3413 2240 3413 2451 3413 2451 3414 2240 3414 2449 3414 2240 3415 2238 3415 2449 3415 2449 3416 2238 3416 2477 3416 2238 3417 2237 3417 2477 3417 2477 3418 2237 3418 899 3418 2388 3419 2415 3419 2389 3419 2415 3420 2414 3420 2389 3420 2389 3421 2414 3421 2390 3421 2414 3422 2413 3422 2390 3422 2390 3423 2413 3423 2391 3423 2413 3424 2412 3424 2391 3424 2391 3425 2412 3425 2392 3425 2412 3426 2411 3426 2392 3426 2392 3427 2411 3427 2393 3427 2411 3428 2410 3428 2393 3428 2393 3429 2410 3429 2394 3429 2410 3430 2408 3430 2394 3430 2394 3431 2408 3431 2395 3431 2408 3432 2397 3432 2395 3432 2395 3433 2397 3433 2396 3433 2397 3434 2399 3434 2396 3434 2396 3435 2399 3435 2378 3435 2399 3436 2401 3436 2378 3436 2378 3437 2401 3437 2368 3437 2401 3438 2478 3438 2368 3438 2368 3439 2478 3439 2358 3439 2478 3440 2479 3440 2358 3440 2358 3441 2479 3441 2015 3441 2479 3442 2480 3442 2015 3442 2015 3443 2480 3443 2016 3443 2481 3444 2482 3444 2483 3444 2484 3445 2485 3445 2486 3445 2485 3446 2487 3446 2486 3446 2486 3447 2487 3447 2488 3447 2487 3448 2489 3448 2488 3448 2488 3449 2489 3449 2490 3449 2489 3450 2491 3450 2490 3450 2490 3451 2491 3451 2492 3451 2491 3452 2493 3452 2492 3452 2492 3453 2493 3453 2494 3453 2493 3454 2495 3454 2494 3454 2494 3455 2495 3455 2496 3455 2495 3456 2497 3456 2496 3456 2496 3457 2497 3457 2498 3457 2497 3458 2499 3458 2498 3458 2035 3459 1999 3459 2036 3459 1999 3460 2001 3460 2036 3460 2036 3461 2001 3461 2037 3461 2001 3462 2003 3462 2037 3462 2037 3463 2003 3463 2038 3463 2003 3464 2005 3464 2038 3464 2038 3465 2005 3465 2039 3465 2005 3466 2007 3466 2039 3466 2039 3467 2007 3467 2040 3467 2007 3468 2009 3468 2040 3468 2040 3469 2009 3469 2041 3469 2009 3470 2011 3470 2041 3470 2041 3471 2011 3471 2042 3471 2011 3472 2013 3472 2042 3472 2042 3473 2013 3473 2043 3473 2013 3474 2014 3474 2043 3474 2043 3475 2014 3475 2500 3475 2014 3476 2501 3476 2500 3476 2502 3477 2034 3477 2503 3477 2034 3478 2032 3478 2503 3478 2503 3479 2032 3479 2504 3479 2032 3480 2030 3480 2504 3480 2504 3481 2030 3481 2505 3481 2030 3482 2028 3482 2505 3482 2505 3483 2028 3483 2506 3483 2028 3484 2026 3484 2506 3484 2506 3485 2026 3485 2507 3485 2026 3486 2024 3486 2507 3486 2507 3487 2024 3487 2508 3487 2024 3488 2022 3488 2508 3488 2508 3489 2022 3489 2509 3489 2022 3490 2020 3490 2509 3490 2509 3491 2020 3491 2510 3491 2020 3492 2018 3492 2510 3492 2510 3493 2018 3493 2511 3493 2018 3494 2016 3494 2511 3494 2511 3495 2016 3495 2512 3495 2016 3496 2480 3496 2512 3496 2512 3497 2480 3497 2513 3497 2000 3498 2484 3498 2002 3498 2484 3499 2486 3499 2002 3499 2002 3500 2486 3500 2004 3500 2486 3501 2488 3501 2004 3501 2004 3502 2488 3502 2006 3502 2488 3503 2490 3503 2006 3503 2006 3504 2490 3504 2008 3504 2490 3505 2492 3505 2008 3505 2008 3506 2492 3506 2010 3506 2492 3507 2494 3507 2010 3507 2010 3508 2494 3508 2012 3508 2494 3509 2496 3509 2012 3509 2012 3510 2496 3510 2014 3510 2496 3511 2498 3511 2014 3511 2014 3512 2498 3512 2501 3512 2498 3513 2499 3513 2501 3513 2501 3514 2499 3514 2514 3514 2499 3515 2515 3515 2514 3515 473 3516 472 3516 474 3516 472 3517 2516 3517 474 3517 474 3518 2516 3518 2517 3518 2516 3519 2518 3519 2517 3519 2517 3520 2518 3520 2519 3520 2518 3521 2520 3521 2519 3521 2519 3522 2520 3522 2521 3522 2520 3523 2522 3523 2521 3523 2521 3524 2522 3524 2523 3524 2522 3525 2524 3525 2523 3525 2523 3526 2524 3526 2525 3526 2524 3527 2526 3527 2525 3527 2525 3528 2526 3528 2527 3528 476 3529 478 3529 477 3529 478 3530 2528 3530 477 3530 477 3531 2528 3531 2529 3531 2528 3532 2530 3532 2529 3532 2529 3533 2530 3533 2531 3533 2530 3534 2532 3534 2531 3534 2531 3535 2532 3535 2533 3535 2532 3536 2534 3536 2533 3536 2533 3537 2534 3537 2535 3537 2534 3538 2536 3538 2535 3538 2535 3539 2536 3539 2537 3539 2536 3540 2538 3540 2537 3540 2537 3541 2538 3541 2539 3541 475 3542 474 3542 478 3542 474 3543 2517 3543 478 3543 478 3544 2517 3544 2528 3544 2517 3545 2519 3545 2528 3545 2528 3546 2519 3546 2530 3546 2519 3547 2521 3547 2530 3547 2530 3548 2521 3548 2532 3548 2521 3549 2523 3549 2532 3549 2532 3550 2523 3550 2534 3550 2523 3551 2525 3551 2534 3551 2534 3552 2525 3552 2536 3552 2525 3553 2527 3553 2536 3553 2536 3554 2527 3554 2538 3554 437 3555 440 3555 438 3555 440 3556 2540 3556 438 3556 438 3557 2540 3557 2541 3557 2540 3558 2542 3558 2541 3558 2541 3559 2542 3559 2543 3559 2542 3560 2544 3560 2543 3560 2543 3561 2544 3561 2545 3561 2544 3562 2546 3562 2545 3562 2545 3563 2546 3563 2547 3563 2513 3564 2548 3564 2549 3564 2548 3565 2550 3565 2549 3565 2549 3566 2550 3566 2551 3566 2550 3567 2552 3567 2551 3567 2551 3568 2552 3568 2553 3568 2552 3569 2554 3569 2553 3569 2553 3570 2554 3570 2555 3570 2556 3571 2555 3571 2557 3571 439 3572 477 3572 440 3572 477 3573 2529 3573 440 3573 440 3574 2529 3574 2540 3574 2529 3575 2531 3575 2540 3575 2540 3576 2531 3576 2542 3576 2531 3577 2533 3577 2542 3577 2542 3578 2533 3578 2544 3578 2533 3579 2535 3579 2544 3579 2544 3580 2535 3580 2546 3580 2535 3581 2537 3581 2546 3581 2546 3582 2537 3582 2547 3582 2537 3583 2539 3583 2547 3583 2547 3584 2539 3584 2558 3584 2559 3585 2556 3585 2560 3585 434 3586 438 3586 435 3586 438 3587 2541 3587 435 3587 435 3588 2541 3588 2561 3588 2541 3589 2543 3589 2561 3589 2561 3590 2543 3590 2562 3590 2543 3591 2545 3591 2562 3591 2562 3592 2545 3592 2563 3592 2545 3593 2547 3593 2563 3593 2563 3594 2547 3594 2564 3594 2547 3595 2558 3595 2564 3595 2564 3596 2558 3596 2565 3596 2566 3597 2567 3597 2568 3597 2567 3598 2569 3598 2568 3598 2568 3599 2569 3599 2570 3599 2569 3600 2571 3600 2570 3600 2570 3601 2571 3601 2572 3601 2571 3602 2573 3602 2572 3602 2572 3603 2573 3603 2515 3603 2573 3604 2574 3604 2515 3604 2515 3605 2574 3605 2514 3605 2574 3606 2575 3606 2514 3606 2514 3607 2575 3607 2501 3607 2575 3608 2576 3608 2501 3608 2501 3609 2576 3609 2500 3609 2576 3610 2481 3610 2500 3610 2500 3611 2481 3611 2043 3611 2481 3612 2483 3612 2043 3612 2043 3613 2483 3613 1892 3613 2483 3614 2482 3614 1892 3614 1892 3615 2482 3615 1893 3615 2577 3616 2554 3616 2578 3616 2554 3617 2552 3617 2578 3617 2578 3618 2552 3618 2579 3618 2552 3619 2550 3619 2579 3619 2579 3620 2550 3620 2580 3620 2550 3621 2548 3621 2580 3621 1843 3622 1842 3622 2581 3622 1842 3623 1873 3623 2581 3623 2581 3624 1873 3624 2582 3624 1873 3625 1872 3625 2582 3625 2582 3626 1872 3626 2583 3626 1872 3627 1876 3627 2583 3627 2583 3628 1876 3628 2584 3628 1876 3629 1875 3629 2584 3629 2584 3630 1875 3630 2585 3630 1875 3631 1890 3631 2585 3631 2585 3632 1890 3632 2586 3632 1890 3633 1889 3633 2586 3633 2586 3634 1889 3634 2587 3634 1889 3635 1893 3635 2587 3635 2587 3636 1893 3636 2588 3636 1893 3637 2482 3637 2588 3637 2588 3638 2482 3638 2589 3638 2482 3639 2481 3639 2589 3639 2589 3640 2481 3640 2590 3640 2481 3641 2576 3641 2590 3641 2590 3642 2576 3642 2591 3642 2576 3643 2575 3643 2591 3643 2591 3644 2575 3644 2592 3644 2575 3645 2574 3645 2592 3645 2592 3646 2574 3646 2593 3646 2574 3647 2573 3647 2593 3647 2593 3648 2573 3648 2594 3648 2573 3649 2571 3649 2594 3649 2594 3650 2571 3650 2595 3650 2571 3651 2569 3651 2595 3651 2595 3652 2569 3652 2596 3652 2569 3653 2567 3653 2596 3653 2596 3654 2567 3654 2597 3654 1539 3655 1538 3655 2598 3655 1538 3656 2599 3656 2598 3656 2598 3657 2599 3657 2600 3657 496 3658 495 3658 511 3658 495 3659 2601 3659 511 3659 511 3660 2601 3660 1520 3660 2601 3661 2602 3661 1520 3661 1520 3662 2602 3662 1525 3662 2602 3663 2603 3663 1525 3663 1525 3664 2603 3664 1526 3664 2603 3665 2604 3665 1526 3665 1526 3666 2604 3666 1527 3666 2604 3667 2605 3667 1527 3667 1527 3668 2605 3668 1522 3668 2605 3669 2606 3669 1522 3669 1522 3670 2606 3670 1547 3670 2606 3671 2607 3671 1547 3671 1547 3672 2607 3672 1548 3672 2607 3673 2608 3673 1548 3673 1548 3674 2608 3674 1549 3674 2608 3675 2609 3675 1549 3675 1549 3676 2609 3676 1536 3676 2609 3677 2610 3677 1536 3677 1536 3678 2610 3678 1538 3678 2610 3679 2611 3679 1538 3679 1538 3680 2611 3680 2599 3680 2597 3681 2612 3681 2613 3681 2612 3682 2614 3682 2613 3682 2613 3683 2614 3683 2615 3683 2614 3684 2616 3684 2615 3684 2615 3685 2616 3685 2617 3685 498 3686 497 3686 2618 3686 497 3687 1880 3687 2618 3687 2618 3688 1880 3688 2619 3688 1880 3689 1882 3689 2619 3689 2619 3690 1882 3690 2620 3690 1882 3691 1884 3691 2620 3691 2620 3692 1884 3692 2621 3692 1884 3693 1886 3693 2621 3693 2621 3694 1886 3694 2622 3694 1886 3695 1888 3695 2622 3695 2622 3696 1888 3696 2623 3696 1888 3697 2624 3697 2623 3697 2623 3698 2624 3698 2625 3698 2624 3699 2626 3699 2625 3699 2625 3700 2626 3700 2627 3700 2626 3701 2628 3701 2627 3701 2627 3702 2628 3702 2629 3702 2628 3703 2630 3703 2629 3703 2629 3704 2630 3704 2631 3704 2630 3705 2632 3705 2631 3705 2631 3706 2632 3706 2633 3706 2632 3707 2634 3707 2633 3707 2633 3708 2634 3708 2635 3708 2634 3709 2636 3709 2635 3709 2635 3710 2636 3710 2637 3710 2636 3711 2638 3711 2637 3711 2637 3712 2638 3712 2639 3712 2638 3713 2640 3713 2639 3713 2639 3714 2640 3714 2641 3714 2640 3715 2642 3715 2641 3715 2641 3716 2642 3716 2643 3716 2642 3717 2644 3717 2643 3717 2643 3718 2644 3718 2645 3718 436 3719 435 3719 2646 3719 435 3720 2561 3720 2646 3720 2646 3721 2561 3721 2647 3721 2561 3722 2562 3722 2647 3722 2647 3723 2562 3723 2648 3723 2562 3724 2563 3724 2648 3724 2648 3725 2563 3725 2649 3725 2563 3726 2564 3726 2649 3726 2649 3727 2564 3727 2650 3727 2564 3728 2565 3728 2650 3728 2650 3729 2565 3729 2651 3729 2651 3730 2652 3730 2650 3730 2652 3731 2566 3731 2650 3731 2650 3732 2566 3732 2649 3732 2566 3733 2568 3733 2649 3733 2649 3734 2568 3734 2648 3734 2568 3735 2570 3735 2648 3735 2648 3736 2570 3736 2647 3736 2570 3737 2572 3737 2647 3737 2647 3738 2572 3738 2646 3738 2572 3739 2515 3739 2646 3739 2646 3740 2515 3740 436 3740 2515 3741 2499 3741 436 3741 436 3742 2499 3742 434 3742 2499 3743 2497 3743 434 3743 434 3744 2497 3744 437 3744 2497 3745 2495 3745 437 3745 437 3746 2495 3746 439 3746 2495 3747 2493 3747 439 3747 439 3748 2493 3748 476 3748 2493 3749 2491 3749 476 3749 476 3750 2491 3750 475 3750 2491 3751 2489 3751 475 3751 475 3752 2489 3752 473 3752 2489 3753 2487 3753 473 3753 473 3754 2487 3754 471 3754 2487 3755 2485 3755 471 3755 2653 3756 2654 3756 2655 3756 2654 3757 2656 3757 2655 3757 2655 3758 2656 3758 2657 3758 2656 3759 2658 3759 2657 3759 2659 3760 2653 3760 2660 3760 2653 3761 2655 3761 2660 3761 2660 3762 2655 3762 2661 3762 2655 3763 2657 3763 2661 3763 2661 3764 2657 3764 2662 3764 2657 3765 2658 3765 2662 3765 2662 3766 2658 3766 2663 3766 2658 3767 2664 3767 2663 3767 2663 3768 2664 3768 2665 3768 2664 3769 2666 3769 2665 3769 2665 3770 2666 3770 2667 3770 2666 3771 2668 3771 2667 3771 2669 3772 2670 3772 2671 3772 2670 3773 2672 3773 2671 3773 2597 3774 2567 3774 2612 3774 2567 3775 2566 3775 2612 3775 2612 3776 2566 3776 2614 3776 2566 3777 2652 3777 2614 3777 2614 3778 2652 3778 2616 3778 2652 3779 2673 3779 2616 3779 2616 3780 2673 3780 2617 3780 2526 3781 2674 3781 2527 3781 2674 3782 2675 3782 2527 3782 2527 3783 2675 3783 2538 3783 2675 3784 2676 3784 2538 3784 2538 3785 2676 3785 2539 3785 2676 3786 2677 3786 2539 3786 2539 3787 2677 3787 2558 3787 2677 3788 2678 3788 2558 3788 2558 3789 2678 3789 2565 3789 2678 3790 2679 3790 2565 3790 2565 3791 2679 3791 2651 3791 2679 3792 2680 3792 2651 3792 2651 3793 2680 3793 2652 3793 2680 3794 2681 3794 2652 3794 2652 3795 2681 3795 2673 3795 516 3796 1521 3796 517 3796 1521 3797 1524 3797 517 3797 517 3798 1524 3798 1533 3798 1524 3799 1523 3799 1533 3799 1533 3800 1523 3800 1534 3800 1523 3801 1535 3801 1534 3801 1534 3802 1535 3802 1530 3802 1535 3803 1537 3803 1530 3803 1530 3804 1537 3804 1528 3804 1537 3805 1539 3805 1528 3805 1528 3806 1539 3806 2682 3806 1539 3807 2598 3807 2682 3807 2682 3808 2598 3808 2683 3808 2598 3809 2600 3809 2683 3809 2683 3810 2600 3810 2684 3810 2685 3811 2686 3811 2645 3811 2686 3812 2687 3812 2645 3812 2645 3813 2687 3813 2643 3813 2687 3814 2688 3814 2643 3814 2643 3815 2688 3815 2641 3815 2688 3816 2689 3816 2641 3816 2641 3817 2689 3817 2639 3817 2689 3818 2690 3818 2639 3818 2639 3819 2690 3819 2637 3819 2690 3820 2691 3820 2637 3820 2637 3821 2691 3821 2635 3821 2691 3822 2692 3822 2635 3822 2635 3823 2692 3823 2633 3823 2692 3824 2693 3824 2633 3824 2633 3825 2693 3825 2631 3825 2693 3826 2694 3826 2631 3826 2631 3827 2694 3827 2629 3827 2694 3828 2695 3828 2629 3828 2629 3829 2695 3829 2627 3829 2695 3830 2696 3830 2627 3830 2627 3831 2696 3831 2625 3831 2696 3832 2697 3832 2625 3832 2625 3833 2697 3833 2623 3833 2697 3834 2698 3834 2623 3834 2623 3835 2698 3835 2622 3835 2698 3836 2699 3836 2622 3836 2622 3837 2699 3837 2621 3837 2699 3838 2700 3838 2621 3838 2621 3839 2700 3839 2620 3839 2700 3840 2701 3840 2620 3840 2620 3841 2701 3841 2619 3841 2701 3842 2702 3842 2619 3842 2619 3843 2702 3843 2618 3843 2686 3844 2684 3844 2687 3844 2684 3845 2600 3845 2687 3845 2687 3846 2600 3846 2688 3846 2600 3847 2599 3847 2688 3847 2688 3848 2599 3848 2689 3848 2599 3849 2611 3849 2689 3849 2689 3850 2611 3850 2690 3850 2611 3851 2610 3851 2690 3851 2690 3852 2610 3852 2691 3852 2610 3853 2609 3853 2691 3853 2691 3854 2609 3854 2692 3854 2609 3855 2608 3855 2692 3855 2692 3856 2608 3856 2693 3856 2608 3857 2607 3857 2693 3857 2693 3858 2607 3858 2694 3858 2607 3859 2606 3859 2694 3859 2694 3860 2606 3860 2695 3860 2606 3861 2605 3861 2695 3861 2695 3862 2605 3862 2696 3862 2605 3863 2604 3863 2696 3863 2696 3864 2604 3864 2697 3864 2604 3865 2603 3865 2697 3865 2697 3866 2603 3866 2698 3866 2603 3867 2602 3867 2698 3867 2698 3868 2602 3868 2699 3868 2602 3869 2601 3869 2699 3869 2699 3870 2601 3870 2700 3870 2601 3871 495 3871 2700 3871 2700 3872 495 3872 2701 3872 495 3873 494 3873 2701 3873 2701 3874 494 3874 2702 3874 2703 3875 2704 3875 2705 3875 2704 3876 2706 3876 2705 3876 2644 3877 2707 3877 2645 3877 2707 3878 2708 3878 2645 3878 2645 3879 2708 3879 2685 3879 2708 3880 2709 3880 2685 3880 2685 3881 2709 3881 2710 3881 2711 3882 2703 3882 2681 3882 2703 3883 2705 3883 2681 3883 2681 3884 2705 3884 2673 3884 2705 3885 2706 3885 2673 3885 2673 3886 2706 3886 2617 3886 2712 3887 2713 3887 2714 3887 2713 3888 2715 3888 2714 3888 2714 3889 2715 3889 2716 3889 2715 3890 2717 3890 2716 3890 2716 3891 2717 3891 2718 3891 2717 3892 2719 3892 2718 3892 2718 3893 2719 3893 2720 3893 2719 3894 2721 3894 2720 3894 2720 3895 2721 3895 2722 3895 2721 3896 2723 3896 2722 3896 2674 3897 2659 3897 2675 3897 2659 3898 2660 3898 2675 3898 2675 3899 2660 3899 2676 3899 2660 3900 2661 3900 2676 3900 2676 3901 2661 3901 2677 3901 2661 3902 2662 3902 2677 3902 2677 3903 2662 3903 2678 3903 2662 3904 2663 3904 2678 3904 2678 3905 2663 3905 2679 3905 2663 3906 2665 3906 2679 3906 2679 3907 2665 3907 2680 3907 2665 3908 2667 3908 2680 3908 2680 3909 2667 3909 2681 3909 2667 3910 2668 3910 2681 3910 2681 3911 2668 3911 2711 3911 2654 3912 2712 3912 2656 3912 2712 3913 2714 3913 2656 3913 2656 3914 2714 3914 2658 3914 2714 3915 2716 3915 2658 3915 2658 3916 2716 3916 2664 3916 2716 3917 2718 3917 2664 3917 2664 3918 2718 3918 2666 3918 2718 3919 2720 3919 2666 3919 2666 3920 2720 3920 2668 3920 2720 3921 2722 3921 2668 3921 2668 3922 2722 3922 2711 3922 2722 3923 2723 3923 2711 3923 2711 3924 2723 3924 2724 3924 2725 3925 2726 3925 2727 3925 2726 3926 2728 3926 2727 3926 2727 3927 2728 3927 2729 3927 2728 3928 2730 3928 2729 3928 2729 3929 2730 3929 433 3929 430 3930 429 3930 2731 3930 2732 3931 2733 3931 2734 3931 2733 3932 2735 3932 2734 3932 2560 3933 2736 3933 2559 3933 2736 3934 2737 3934 2559 3934 2559 3935 2737 3935 2738 3935 2737 3936 2739 3936 2738 3936 2738 3937 2739 3937 2740 3937 2741 3938 2742 3938 2743 3938 2742 3939 2744 3939 2743 3939 2743 3940 2744 3940 2745 3940 2745 3941 2746 3941 2743 3941 2746 3942 1565 3942 2743 3942 2743 3943 1565 3943 2741 3943 1565 3944 1564 3944 2741 3944 2741 3945 1564 3945 1562 3945 2745 3946 2747 3946 2746 3946 2747 3947 2748 3947 2746 3947 2746 3948 2748 3948 1565 3948 2748 3949 2749 3949 1565 3949 1565 3950 2749 3950 1563 3950 2749 3951 2750 3951 1563 3951 2751 3952 2752 3952 2753 3952 2752 3953 2754 3953 2753 3953 2753 3954 2754 3954 2755 3954 2754 3955 2756 3955 2755 3955 2755 3956 2756 3956 2757 3956 2758 3957 2759 3957 2760 3957 2759 3958 2761 3958 2760 3958 2760 3959 2761 3959 2762 3959 2761 3960 2763 3960 2762 3960 2762 3961 2763 3961 2764 3961 2763 3962 2765 3962 2764 3962 2764 3963 2765 3963 2766 3963 2765 3964 2767 3964 2766 3964 2766 3965 2767 3965 2768 3965 427 3966 426 3966 2769 3966 426 3967 2770 3967 2769 3967 2769 3968 2770 3968 2771 3968 424 3969 423 3969 2772 3969 423 3970 2773 3970 2772 3970 2772 3971 2773 3971 2774 3971 2773 3972 2775 3972 2774 3972 2774 3973 2775 3973 2776 3973 2775 3974 2777 3974 2776 3974 2776 3975 2777 3975 2724 3975 2777 3976 2778 3976 2724 3976 2724 3977 2778 3977 2711 3977 2778 3978 2779 3978 2711 3978 2711 3979 2779 3979 2703 3979 2779 3980 2710 3980 2703 3980 2703 3981 2710 3981 2704 3981 2710 3982 2709 3982 2704 3982 2704 3983 2709 3983 2706 3983 2709 3984 2708 3984 2706 3984 2706 3985 2708 3985 2617 3985 2708 3986 2707 3986 2617 3986 2617 3987 2707 3987 2615 3987 2707 3988 2644 3988 2615 3988 2615 3989 2644 3989 2613 3989 2644 3990 2642 3990 2613 3990 2613 3991 2642 3991 2597 3991 2642 3992 2640 3992 2597 3992 2597 3993 2640 3993 2596 3993 2640 3994 2638 3994 2596 3994 2596 3995 2638 3995 2595 3995 2638 3996 2636 3996 2595 3996 2595 3997 2636 3997 2594 3997 2636 3998 2634 3998 2594 3998 2594 3999 2634 3999 2593 3999 2634 4000 2632 4000 2593 4000 2593 4001 2632 4001 2592 4001 2632 4002 2630 4002 2592 4002 2592 4003 2630 4003 2591 4003 2630 4004 2628 4004 2591 4004 2591 4005 2628 4005 2590 4005 2628 4006 2626 4006 2590 4006 2590 4007 2626 4007 2589 4007 2626 4008 2624 4008 2589 4008 2589 4009 2624 4009 2588 4009 2624 4010 1888 4010 2588 4010 2588 4011 1888 4011 2587 4011 1888 4012 1887 4012 2587 4012 2587 4013 1887 4013 2586 4013 1887 4014 1885 4014 2586 4014 2586 4015 1885 4015 2585 4015 1885 4016 1883 4016 2585 4016 2585 4017 1883 4017 2584 4017 1883 4018 1881 4018 2584 4018 2584 4019 1881 4019 2583 4019 1881 4020 1879 4020 2583 4020 2583 4021 1879 4021 2582 4021 1879 4022 492 4022 2582 4022 2582 4023 492 4023 2581 4023 492 4024 491 4024 2581 4024 2581 4025 491 4025 1843 4025 2780 4026 2781 4026 2782 4026 2781 4027 2783 4027 2782 4027 2782 4028 2783 4028 2784 4028 2783 4029 2785 4029 2784 4029 2784 4030 2785 4030 2786 4030 2785 4031 2787 4031 2786 4031 2788 4032 2780 4032 2789 4032 2780 4033 2782 4033 2789 4033 2789 4034 2782 4034 2790 4034 2782 4035 2784 4035 2790 4035 2790 4036 2784 4036 2725 4036 2784 4037 2786 4037 2725 4037 2725 4038 2786 4038 2726 4038 2786 4039 2787 4039 2726 4039 433 4040 432 4040 2729 4040 432 4041 2791 4041 2729 4041 2729 4042 2791 4042 2727 4042 2791 4043 2792 4043 2727 4043 2727 4044 2792 4044 2725 4044 2792 4045 2793 4045 2725 4045 2725 4046 2793 4046 2790 4046 2793 4047 2794 4047 2790 4047 2790 4048 2794 4048 2789 4048 2794 4049 2795 4049 2789 4049 2789 4050 2795 4050 2788 4050 2796 4051 2797 4051 2798 4051 2797 4052 2799 4052 2798 4052 2788 4053 2800 4053 2780 4053 2800 4054 2801 4054 2780 4054 2780 4055 2801 4055 2781 4055 2801 4056 2802 4056 2781 4056 2781 4057 2802 4057 2783 4057 2802 4058 2803 4058 2783 4058 2783 4059 2803 4059 2785 4059 2803 4060 2804 4060 2785 4060 2785 4061 2804 4061 2787 4061 2804 4062 2731 4062 2787 4062 2787 4063 2731 4063 2726 4063 2731 4064 429 4064 2726 4064 2726 4065 429 4065 2728 4065 429 4066 428 4066 2728 4066 2728 4067 428 4067 2730 4067 2805 4068 422 4068 2806 4068 422 4069 424 4069 2806 4069 2806 4070 424 4070 2807 4070 2800 4071 2807 4071 2801 4071 2807 4072 424 4072 2801 4072 2801 4073 424 4073 2802 4073 424 4074 2772 4074 2802 4074 2802 4075 2772 4075 2803 4075 2772 4076 2774 4076 2803 4076 2803 4077 2774 4077 2804 4077 2774 4078 2776 4078 2804 4078 2804 4079 2776 4079 2731 4079 2776 4080 2724 4080 2731 4080 2731 4081 2724 4081 430 4081 2724 4082 2723 4082 430 4082 430 4083 2723 4083 428 4083 2723 4084 2721 4084 428 4084 428 4085 2721 4085 2730 4085 2721 4086 2719 4086 2730 4086 2730 4087 2719 4087 433 4087 2719 4088 2717 4088 433 4088 433 4089 2717 4089 431 4089 2717 4090 2715 4090 431 4090 2808 4091 2809 4091 2810 4091 2809 4092 2811 4092 2810 4092 421 4093 2812 4093 2813 4093 2812 4094 2814 4094 2813 4094 2813 4095 2814 4095 2815 4095 421 4096 420 4096 2812 4096 420 4097 2816 4097 2812 4097 2812 4098 2816 4098 2814 4098 2816 4099 2817 4099 2814 4099 2814 4100 2817 4100 2818 4100 2815 4101 2814 4101 2819 4101 2814 4102 2818 4102 2819 4102 2819 4103 2818 4103 2820 4103 2821 4104 2822 4104 2823 4104 2822 4105 2824 4105 2823 4105 2823 4106 2824 4106 2735 4106 2824 4107 2825 4107 2735 4107 2735 4108 2825 4108 2734 4108 2826 4109 2827 4109 2828 4109 2827 4110 2829 4110 2828 4110 2828 4111 2829 4111 2830 4111 2829 4112 2831 4112 2830 4112 2832 4113 2833 4113 2834 4113 2555 4114 2554 4114 2557 4114 2554 4115 2577 4115 2557 4115 2557 4116 2577 4116 2835 4116 2577 4117 2836 4117 2835 4117 2835 4118 2836 4118 2837 4118 2838 4119 2839 4119 2840 4119 2838 4120 2840 4120 2841 4120 2840 4121 2842 4121 2841 4121 2841 4122 2842 4122 2843 4122 2556 4123 2557 4123 2560 4123 2557 4124 2835 4124 2560 4124 2560 4125 2835 4125 2736 4125 2835 4126 2837 4126 2736 4126 2736 4127 2837 4127 2737 4127 2837 4128 2844 4128 2737 4128 2737 4129 2844 4129 2739 4129 2844 4130 2845 4130 2739 4130 2739 4131 2845 4131 2740 4131 2580 4132 2831 4132 2579 4132 2831 4133 2829 4133 2579 4133 2579 4134 2829 4134 2578 4134 2829 4135 2827 4135 2578 4135 2578 4136 2827 4136 2577 4136 2827 4137 2826 4137 2577 4137 2577 4138 2826 4138 2836 4138 2826 4139 2846 4139 2836 4139 2836 4140 2846 4140 2837 4140 2846 4141 2847 4141 2837 4141 2837 4142 2847 4142 2844 4142 2847 4143 2848 4143 2844 4143 2844 4144 2848 4144 2845 4144 2848 4145 2849 4145 2845 4145 2850 4146 2669 4146 2849 4146 2669 4147 2671 4147 2849 4147 2849 4148 2671 4148 2845 4148 2671 4149 2672 4149 2845 4149 2845 4150 2672 4150 2740 4150 2833 4151 2832 4151 2851 4151 2832 4152 2852 4152 2851 4152 2851 4153 2852 4153 2853 4153 2852 4154 2854 4154 2853 4154 2853 4155 2854 4155 2855 4155 2854 4156 2856 4156 2855 4156 2855 4157 2856 4157 2857 4157 2856 4158 2858 4158 2857 4158 2857 4159 2858 4159 2859 4159 2858 4160 2860 4160 2859 4160 2859 4161 2860 4161 2861 4161 2860 4162 2862 4162 2861 4162 2861 4163 2862 4163 2863 4163 2864 4164 2865 4164 2866 4164 2865 4165 2867 4165 2866 4165 2868 4166 2867 4166 2869 4166 2867 4167 2865 4167 2869 4167 2869 4168 2865 4168 2870 4168 2865 4169 2864 4169 2870 4169 2870 4170 2864 4170 2871 4170 2872 4171 2873 4171 2874 4171 2875 4172 2872 4172 2876 4172 2872 4173 2874 4173 2876 4173 2876 4174 2874 4174 2877 4174 2874 4175 2878 4175 2877 4175 2877 4176 2878 4176 920 4176 2878 4177 2879 4177 920 4177 920 4178 2879 4178 918 4178 919 4179 2880 4179 920 4179 2880 4180 950 4180 920 4180 920 4181 950 4181 2877 4181 950 4182 416 4182 2877 4182 2877 4183 416 4183 2876 4183 416 4184 418 4184 2876 4184 2876 4185 418 4185 2875 4185 2881 4186 2821 4186 2882 4186 2821 4187 2823 4187 2882 4187 2882 4188 2823 4188 2883 4188 2823 4189 2735 4189 2883 4189 2883 4190 2735 4190 2850 4190 2735 4191 2733 4191 2850 4191 2850 4192 2733 4192 2669 4192 2733 4193 2732 4193 2669 4193 2669 4194 2732 4194 2670 4194 2884 4195 2796 4195 2881 4195 2796 4196 2798 4196 2881 4196 2881 4197 2798 4197 2821 4197 2798 4198 2799 4198 2821 4198 2821 4199 2799 4199 2822 4199 2885 4200 2884 4200 2886 4200 2884 4201 2881 4201 2886 4201 2886 4202 2881 4202 2887 4202 2881 4203 2882 4203 2887 4203 2887 4204 2882 4204 2863 4204 2882 4205 2883 4205 2863 4205 2863 4206 2883 4206 2861 4206 2883 4207 2850 4207 2861 4207 2861 4208 2850 4208 2859 4208 2850 4209 2849 4209 2859 4209 2859 4210 2849 4210 2857 4210 2849 4211 2848 4211 2857 4211 2857 4212 2848 4212 2855 4212 2848 4213 2847 4213 2855 4213 2855 4214 2847 4214 2853 4214 2847 4215 2846 4215 2853 4215 2853 4216 2846 4216 2851 4216 2846 4217 2826 4217 2851 4217 2851 4218 2826 4218 2833 4218 2826 4219 2828 4219 2833 4219 2833 4220 2828 4220 2834 4220 2828 4221 2830 4221 2834 4221 2888 4222 2889 4222 2890 4222 2889 4223 2891 4223 2890 4223 2890 4224 2891 4224 2892 4224 2891 4225 2893 4225 2892 4225 2892 4226 2893 4226 2868 4226 2893 4227 2894 4227 2868 4227 2868 4228 2894 4228 2867 4228 2894 4229 2895 4229 2867 4229 2867 4230 2895 4230 2866 4230 2889 4231 2885 4231 2891 4231 2885 4232 2886 4232 2891 4232 2891 4233 2886 4233 2893 4233 2886 4234 2887 4234 2893 4234 2893 4235 2887 4235 2894 4235 2887 4236 2863 4236 2894 4236 2894 4237 2863 4237 2895 4237 2863 4238 2862 4238 2895 4238 2895 4239 2862 4239 2866 4239 2862 4240 2860 4240 2866 4240 2866 4241 2860 4241 2864 4241 2860 4242 2858 4242 2864 4242 2864 4243 2858 4243 2871 4243 2858 4244 2856 4244 2871 4244 2871 4245 2856 4245 2896 4245 2856 4246 2854 4246 2896 4246 2896 4247 2854 4247 2897 4247 2854 4248 2852 4248 2897 4248 2898 4249 2899 4249 2900 4249 2897 4250 2839 4250 2896 4250 2839 4251 2838 4251 2896 4251 2896 4252 2838 4252 2871 4252 2838 4253 2841 4253 2871 4253 2871 4254 2841 4254 2870 4254 2841 4255 2843 4255 2870 4255 2870 4256 2843 4256 2869 4256 2843 4257 2901 4257 2869 4257 2869 4258 2901 4258 2868 4258 2901 4259 2902 4259 2868 4259 2868 4260 2902 4260 2892 4260 2902 4261 2903 4261 2892 4261 2892 4262 2903 4262 2890 4262 2903 4263 2904 4263 2890 4263 2890 4264 2904 4264 2888 4264 2902 4265 2905 4265 2903 4265 2905 4266 2906 4266 2903 4266 2903 4267 2906 4267 2904 4267 2906 4268 2907 4268 2904 4268 2904 4269 2907 4269 2888 4269 2907 4270 2900 4270 2888 4270 2888 4271 2900 4271 2889 4271 2900 4272 2899 4272 2889 4272 2889 4273 2899 4273 2885 4273 2899 4274 2808 4274 2885 4274 2885 4275 2808 4275 2884 4275 2808 4276 2810 4276 2884 4276 2884 4277 2810 4277 2796 4277 2810 4278 2811 4278 2796 4278 2796 4279 2811 4279 2797 4279 2513 4280 2480 4280 2548 4280 2480 4281 2479 4281 2548 4281 2548 4282 2479 4282 2580 4282 2479 4283 2478 4283 2580 4283 2580 4284 2478 4284 2831 4284 2478 4285 2401 4285 2831 4285 2831 4286 2401 4286 2830 4286 2401 4287 2400 4287 2830 4287 2830 4288 2400 4288 2834 4288 2400 4289 2398 4289 2834 4289 2834 4290 2398 4290 2832 4290 2398 4291 2405 4291 2832 4291 2832 4292 2405 4292 2852 4292 2405 4293 2440 4293 2852 4293 2852 4294 2440 4294 2897 4294 2440 4295 2441 4295 2897 4295 2897 4296 2441 4296 2839 4296 2441 4297 2442 4297 2839 4297 2839 4298 2442 4298 2840 4298 2442 4299 2908 4299 2840 4299 2840 4300 2908 4300 2842 4300 2908 4301 2873 4301 2842 4301 2842 4302 2873 4302 2843 4302 2873 4303 2872 4303 2843 4303 2843 4304 2872 4304 2901 4304 2872 4305 2875 4305 2901 4305 2901 4306 2875 4306 2902 4306 2875 4307 418 4307 2902 4307 2902 4308 418 4308 2905 4308 418 4309 417 4309 2905 4309 2905 4310 417 4310 2906 4310 899 4311 897 4311 2477 4311 897 4312 2458 4312 2477 4312 2477 4313 2458 4313 2449 4313 2458 4314 443 4314 2449 4314 2449 4315 443 4315 2450 4315 443 4316 444 4316 2450 4316 2450 4317 444 4317 2452 4317 444 4318 2474 4318 2452 4318 2452 4319 2474 4319 2454 4319 2474 4320 2475 4320 2454 4320 2454 4321 2475 4321 2455 4321 2475 4322 2476 4322 2455 4322 2455 4323 2476 4323 2456 4323 2476 4324 2909 4324 2456 4324 2456 4325 2909 4325 2457 4325 2909 4326 2910 4326 2457 4326 2457 4327 2910 4327 445 4327 2910 4328 2330 4328 445 4328 445 4329 2330 4329 2319 4329 2330 4330 2331 4330 2319 4330 2319 4331 2331 4331 2320 4331 2331 4332 2332 4332 2320 4332 2320 4333 2332 4333 2321 4333 2332 4334 2333 4334 2321 4334 2321 4335 2333 4335 2313 4335 2333 4336 2334 4336 2313 4336 2313 4337 2334 4337 2312 4337 2334 4338 2335 4338 2312 4338 2312 4339 2335 4339 2311 4339 2335 4340 2336 4340 2311 4340 2311 4341 2336 4341 2310 4341 2336 4342 2337 4342 2310 4342 2310 4343 2337 4343 2309 4343 2337 4344 2338 4344 2309 4344 2309 4345 2338 4345 2308 4345 2338 4346 2339 4346 2308 4346 2308 4347 2339 4347 454 4347 2339 4348 2340 4348 454 4348 454 4349 2340 4349 455 4349 2340 4350 2341 4350 455 4350 455 4351 2341 4351 2120 4351 2341 4352 2342 4352 2120 4352 2120 4353 2342 4353 2114 4353 2342 4354 2343 4354 2114 4354 2114 4355 2343 4355 2115 4355 2343 4356 2122 4356 2115 4356 2115 4357 2122 4357 2117 4357 2122 4358 2124 4358 2117 4358 2117 4359 2124 4359 2118 4359 2124 4360 2127 4360 2118 4360 2118 4361 2127 4361 2261 4361 2127 4362 2171 4362 2261 4362 2261 4363 2171 4363 2260 4363 2171 4364 2173 4364 2260 4364 2260 4365 2173 4365 2259 4365 2173 4366 2172 4366 2259 4366 2259 4367 2172 4367 2258 4367 2172 4368 2178 4368 2258 4368 2258 4369 2178 4369 2257 4369 2178 4370 2177 4370 2257 4370 2257 4371 2177 4371 2256 4371 2177 4372 2193 4372 2256 4372 2256 4373 2193 4373 2199 4373 2193 4374 2192 4374 2199 4374 2199 4375 2192 4375 2198 4375 2192 4376 2202 4376 2198 4376 2198 4377 2202 4377 2197 4377 2202 4378 2204 4378 2197 4378 2197 4379 2204 4379 2195 4379 2204 4380 2205 4380 2195 4380 2195 4381 2205 4381 2241 4381 2205 4382 2232 4382 2241 4382 2241 4383 2232 4383 2239 4383 2232 4384 2234 4384 2239 4384 2239 4385 2234 4385 2237 4385 2234 4386 2235 4386 2237 4386 2237 4387 2235 4387 899 4387 2235 4388 2236 4388 899 4388 899 4389 2236 4389 898 4389 2236 4390 916 4390 898 4390 898 4391 916 4391 896 4391 916 4392 918 4392 896 4392 896 4393 918 4393 2460 4393 918 4394 2879 4394 2460 4394 2460 4395 2879 4395 2473 4395 2879 4396 2878 4396 2473 4396 2473 4397 2878 4397 2472 4397 2878 4398 2874 4398 2472 4398 2472 4399 2874 4399 2466 4399 2874 4400 2873 4400 2466 4400 2466 4401 2873 4401 2467 4401 2873 4402 2908 4402 2467 4402 2467 4403 2908 4403 2469 4403 2908 4404 2442 4404 2469 4404 2469 4405 2442 4405 2470 4405 2442 4406 2428 4406 2470 4406 2470 4407 2428 4407 2435 4407 2428 4408 2429 4408 2435 4408 2435 4409 2429 4409 2437 4409 2429 4410 2430 4410 2437 4410 2437 4411 2430 4411 2439 4411 2430 4412 2431 4412 2439 4412 2439 4413 2431 4413 2476 4413 2431 4414 2432 4414 2476 4414 2476 4415 2432 4415 2909 4415 2432 4416 2433 4416 2909 4416 2909 4417 2433 4417 2910 4417 2433 4418 2347 4418 2910 4418 2910 4419 2347 4419 2330 4419 2347 4420 2345 4420 2330 4420 2330 4421 2345 4421 2322 4421 2345 4422 2344 4422 2322 4422 2322 4423 2344 4423 2307 4423 2344 4424 2350 4424 2307 4424 2307 4425 2350 4425 2305 4425 2350 4426 2349 4426 2305 4426 2305 4427 2349 4427 2303 4427 2349 4428 2415 4428 2303 4428 2303 4429 2415 4429 2301 4429 2415 4430 2388 4430 2301 4430 2301 4431 2388 4431 2299 4431 2388 4432 2387 4432 2299 4432 2299 4433 2387 4433 2297 4433 2387 4434 2377 4434 2297 4434 2297 4435 2377 4435 2295 4435 2377 4436 2367 4436 2295 4436 2295 4437 2367 4437 2293 4437 2367 4438 2033 4438 2293 4438 2293 4439 2033 4439 2291 4439 2033 4440 2034 4440 2291 4440 2291 4441 2034 4441 2289 4441 2034 4442 2502 4442 2289 4442 2289 4443 2502 4443 1921 4443 2911 4444 2912 4444 2913 4444 2912 4445 2750 4445 2913 4445 2747 4446 425 4446 2748 4446 425 4447 427 4447 2748 4447 2748 4448 427 4448 2749 4448 427 4449 2769 4449 2749 4449 2749 4450 2769 4450 2750 4450 2769 4451 2771 4451 2750 4451 2750 4452 2771 4452 2913 4452 2911 4453 2914 4453 2915 4453 2911 4454 2915 4454 2912 4454 2915 4455 2916 4455 2912 4455 2912 4456 2916 4456 2750 4456 2916 4457 2917 4457 2750 4457 2750 4458 2917 4458 1563 4458 2917 4459 2918 4459 1563 4459 1563 4460 2918 4460 1564 4460 2919 4461 2920 4461 1568 4461 2920 4462 2921 4462 1568 4462 1568 4463 2921 4463 1566 4463 1562 4464 1564 4464 1561 4464 1564 4465 2918 4465 1561 4465 1561 4466 2918 4466 1567 4466 2918 4467 2917 4467 1567 4467 1567 4468 2917 4468 1568 4468 2917 4469 2916 4469 1568 4469 1568 4470 2916 4470 2919 4470 2916 4471 2915 4471 2919 4471 2919 4472 2915 4472 2922 4472 2915 4473 2914 4473 2922 4473 2922 4474 2914 4474 2923 4474 2923 4475 2924 4475 2922 4475 2924 4476 2925 4476 2922 4476 2922 4477 2925 4477 2919 4477 2925 4478 2926 4478 2919 4478 2919 4479 2926 4479 2920 4479 2926 4480 2927 4480 2920 4480 2920 4481 2927 4481 2921 4481 2927 4482 1557 4482 2921 4482 2921 4483 1557 4483 1566 4483 1557 4484 1517 4484 1566 4484 1566 4485 1517 4485 1569 4485 1517 4486 1450 4486 1569 4486 1569 4487 1450 4487 524 4487 1450 4488 1445 4488 524 4488 524 4489 1445 4489 522 4489 1445 4490 1436 4490 522 4490 522 4491 1436 4491 536 4491 1436 4492 1374 4492 536 4492 536 4493 1374 4493 534 4493 1374 4494 1372 4494 534 4494 534 4495 1372 4495 1381 4495 1372 4496 1371 4496 1381 4496 1381 4497 1371 4497 1383 4497 2928 4498 413 4498 2929 4498 413 4499 415 4499 2929 4499 2929 4500 415 4500 2930 4500 2931 4501 1065 4501 2932 4501 1065 4502 1067 4502 2932 4502 2932 4503 1067 4503 2933 4503 1067 4504 1069 4504 2933 4504 2933 4505 1069 4505 2934 4505 1069 4506 1071 4506 2934 4506 2934 4507 1071 4507 2935 4507 414 4508 2936 4508 415 4508 2936 4509 2937 4509 415 4509 415 4510 2937 4510 2938 4510 2937 4511 2939 4511 2938 4511 2759 4512 2751 4512 2761 4512 2751 4513 2753 4513 2761 4513 2761 4514 2753 4514 2763 4514 2753 4515 2755 4515 2763 4515 2763 4516 2755 4516 2765 4516 2755 4517 2757 4517 2765 4517 2765 4518 2757 4518 2767 4518 2757 4519 2940 4519 2767 4519 2767 4520 2940 4520 2768 4520 2940 4521 2941 4521 2768 4521 2768 4522 2941 4522 2942 4522 2941 4523 2943 4523 2942 4523 2942 4524 2943 4524 2944 4524 2943 4525 2945 4525 2944 4525 2944 4526 2945 4526 2946 4526 2945 4527 2947 4527 2946 4527 2946 4528 2947 4528 2948 4528 2744 4529 2758 4529 2745 4529 2758 4530 2760 4530 2745 4530 2745 4531 2760 4531 2747 4531 2760 4532 2762 4532 2747 4532 2747 4533 2762 4533 425 4533 2762 4534 2764 4534 425 4534 425 4535 2764 4535 426 4535 2764 4536 2766 4536 426 4536 426 4537 2766 4537 2770 4537 2766 4538 2768 4538 2770 4538 2770 4539 2768 4539 2771 4539 2768 4540 2942 4540 2771 4540 2771 4541 2942 4541 2913 4541 2942 4542 2944 4542 2913 4542 2913 4543 2944 4543 2911 4543 2944 4544 2946 4544 2911 4544 2911 4545 2946 4545 2914 4545 2946 4546 2948 4546 2914 4546 2914 4547 2948 4547 2923 4547 2805 4548 2806 4548 2949 4548 2806 4549 2950 4549 2949 4549 2949 4550 2950 4550 410 4550 2950 4551 2951 4551 410 4551 410 4552 2951 4552 411 4552 2795 4553 419 4553 2788 4553 419 4554 421 4554 2788 4554 2788 4555 421 4555 2800 4555 421 4556 2813 4556 2800 4556 2800 4557 2813 4557 2807 4557 2813 4558 2815 4558 2807 4558 2807 4559 2815 4559 2806 4559 2815 4560 2819 4560 2806 4560 2806 4561 2819 4561 2950 4561 2819 4562 2820 4562 2950 4562 2950 4563 2820 4563 2951 4563 2952 4564 2953 4564 2954 4564 2953 4565 2955 4565 2954 4565 2954 4566 2955 4566 2956 4566 2955 4567 2957 4567 2956 4567 2956 4568 2957 4568 2958 4568 2957 4569 2959 4569 2958 4569 2953 4570 2960 4570 2955 4570 2960 4571 2961 4571 2955 4571 2955 4572 2961 4572 2957 4572 2961 4573 2962 4573 2957 4573 2957 4574 2962 4574 2959 4574 2962 4575 2963 4575 2959 4575 2959 4576 2963 4576 2964 4576 2963 4577 2965 4577 2964 4577 2964 4578 2965 4578 2966 4578 2966 4579 412 4579 2964 4579 412 4580 411 4580 2964 4580 2964 4581 411 4581 2959 4581 411 4582 2951 4582 2959 4582 2959 4583 2951 4583 2958 4583 2951 4584 2820 4584 2958 4584 2958 4585 2820 4585 2956 4585 2820 4586 2818 4586 2956 4586 2956 4587 2818 4587 2954 4587 2818 4588 2817 4588 2954 4588 2954 4589 2817 4589 2952 4589 2967 4590 2968 4590 2969 4590 2968 4591 2970 4591 2969 4591 2969 4592 2970 4592 2971 4592 2972 4593 2965 4593 2973 4593 2965 4594 2963 4594 2973 4594 2973 4595 2963 4595 2974 4595 2963 4596 2962 4596 2974 4596 2974 4597 2962 4597 2975 4597 2962 4598 2961 4598 2975 4598 2975 4599 2961 4599 2976 4599 2961 4600 2960 4600 2976 4600 2976 4601 2960 4601 2898 4601 2960 4602 2953 4602 2898 4602 2898 4603 2953 4603 2899 4603 2953 4604 2952 4604 2899 4604 2899 4605 2952 4605 2808 4605 2952 4606 2817 4606 2808 4606 2808 4607 2817 4607 2809 4607 2817 4608 2816 4608 2809 4608 2809 4609 2816 4609 2811 4609 2816 4610 420 4610 2811 4610 2811 4611 420 4611 2797 4611 420 4612 419 4612 2797 4612 2797 4613 419 4613 2799 4613 419 4614 2795 4614 2799 4614 2799 4615 2795 4615 2822 4615 2795 4616 2794 4616 2822 4616 2822 4617 2794 4617 2824 4617 2794 4618 2793 4618 2824 4618 2824 4619 2793 4619 2825 4619 2793 4620 2792 4620 2825 4620 2825 4621 2792 4621 2734 4621 2792 4622 2791 4622 2734 4622 2734 4623 2791 4623 2732 4623 2791 4624 432 4624 2732 4624 2732 4625 432 4625 2670 4625 432 4626 431 4626 2670 4626 2670 4627 431 4627 2672 4627 431 4628 2715 4628 2672 4628 2672 4629 2715 4629 2740 4629 2715 4630 2713 4630 2740 4630 2740 4631 2713 4631 2738 4631 2713 4632 2712 4632 2738 4632 2738 4633 2712 4633 2559 4633 2712 4634 2654 4634 2559 4634 2559 4635 2654 4635 2556 4635 2654 4636 2653 4636 2556 4636 2556 4637 2653 4637 2555 4637 2653 4638 2659 4638 2555 4638 2555 4639 2659 4639 2553 4639 2659 4640 2674 4640 2553 4640 2553 4641 2674 4641 2551 4641 2674 4642 2526 4642 2551 4642 2551 4643 2526 4643 2549 4643 2526 4644 2524 4644 2549 4644 2549 4645 2524 4645 2513 4645 2524 4646 2522 4646 2513 4646 2513 4647 2522 4647 2512 4647 2522 4648 2520 4648 2512 4648 2512 4649 2520 4649 2511 4649 2520 4650 2518 4650 2511 4650 2511 4651 2518 4651 2510 4651 2518 4652 2516 4652 2510 4652 2510 4653 2516 4653 2509 4653 2516 4654 472 4654 2509 4654 2509 4655 472 4655 2508 4655 472 4656 471 4656 2508 4656 2508 4657 471 4657 2507 4657 471 4658 2485 4658 2507 4658 2507 4659 2485 4659 2506 4659 2485 4660 2484 4660 2506 4660 2506 4661 2484 4661 2505 4661 2484 4662 2000 4662 2505 4662 2505 4663 2000 4663 2504 4663 2000 4664 1999 4664 2504 4664 2504 4665 1999 4665 2503 4665 1999 4666 2035 4666 2503 4666 2503 4667 2035 4667 2502 4667 2035 4668 1944 4668 2502 4668 2502 4669 1944 4669 1921 4669 1944 4670 1942 4670 1921 4670 1921 4671 1942 4671 1919 4671 1942 4672 1940 4672 1919 4672 1919 4673 1940 4673 1917 4673 1940 4674 1938 4674 1917 4674 1917 4675 1938 4675 1915 4675 1938 4676 1936 4676 1915 4676 1915 4677 1936 4677 1913 4677 1936 4678 1934 4678 1913 4678 1913 4679 1934 4679 1742 4679 1934 4680 1932 4680 1742 4680 1742 4681 1932 4681 1739 4681 1932 4682 1930 4682 1739 4682 1739 4683 1930 4683 1740 4683 1930 4684 1928 4684 1740 4684 1740 4685 1928 4685 1738 4685 1928 4686 1926 4686 1738 4686 1738 4687 1926 4687 1736 4687 1926 4688 1924 4688 1736 4688 1736 4689 1924 4689 1734 4689 1924 4690 1923 4690 1734 4690 1734 4691 1923 4691 501 4691 1923 4692 1731 4692 501 4692 501 4693 1731 4693 1724 4693 1731 4694 1979 4694 1724 4694 1724 4695 1979 4695 1725 4695 1979 4696 1978 4696 1725 4696 1725 4697 1978 4697 1723 4697 1978 4698 1977 4698 1723 4698 1723 4699 1977 4699 1722 4699 1977 4700 504 4700 1722 4700 1722 4701 504 4701 1720 4701 504 4702 1694 4702 1720 4702 1720 4703 1694 4703 1715 4703 1694 4704 1695 4704 1715 4704 1715 4705 1695 4705 1716 4705 1695 4706 1696 4706 1716 4706 1716 4707 1696 4707 1748 4707 408 4708 2977 4708 409 4708 2977 4709 2978 4709 409 4709 409 4710 2978 4710 400 4710 2977 4711 2979 4711 2978 4711 2979 4712 2980 4712 2978 4712 2978 4713 2980 4713 400 4713 2980 4714 2981 4714 400 4714 400 4715 2981 4715 401 4715 2982 4716 407 4716 406 4716 407 4717 409 4717 406 4717 406 4718 409 4718 405 4718 409 4719 400 4719 405 4719 405 4720 400 4720 403 4720 400 4721 402 4721 403 4721 403 4722 402 4722 2983 4722 402 4723 975 4723 2983 4723 975 4724 974 4724 2983 4724 2983 4725 974 4725 403 4725 974 4726 982 4726 403 4726 403 4727 982 4727 404 4727 982 4728 2984 4728 404 4728 404 4729 2984 4729 406 4729 2984 4730 2985 4730 406 4730 406 4731 2985 4731 2982 4731 2985 4732 2986 4732 2982 4732 2982 4733 2986 4733 407 4733 2986 4734 2987 4734 407 4734 407 4735 2987 4735 408 4735 2987 4736 2988 4736 408 4736 408 4737 2988 4737 2977 4737 2988 4738 2989 4738 2977 4738 2977 4739 2989 4739 2979 4739 2979 4740 2990 4740 2980 4740 2990 4741 2991 4741 2980 4741 2980 4742 2991 4742 2981 4742 2991 4743 2992 4743 2981 4743 2981 4744 2992 4744 401 4744 2992 4745 2993 4745 401 4745 401 4746 2993 4746 402 4746 2993 4747 2994 4747 402 4747 402 4748 2994 4748 980 4748 2995 4749 2996 4749 2997 4749 2996 4750 639 4750 2997 4750 2997 4751 639 4751 2998 4751 639 4752 119 4752 2998 4752 2998 4753 119 4753 2999 4753 119 4754 118 4754 2999 4754 2999 4755 118 4755 685 4755 118 4756 110 4756 685 4756 685 4757 110 4757 108 4757 3000 4758 3001 4758 3002 4758 3001 4759 3003 4759 3002 4759 3002 4760 3003 4760 3004 4760 3003 4761 3005 4761 3004 4761 3004 4762 3005 4762 3006 4762 3005 4763 133 4763 3006 4763 3006 4764 133 4764 117 4764 2995 4765 2939 4765 3007 4765 117 4766 639 4766 3006 4766 639 4767 2996 4767 3006 4767 3006 4768 2996 4768 3004 4768 2996 4769 2995 4769 3004 4769 3004 4770 2995 4770 3002 4770 2995 4771 3007 4771 3002 4771 3002 4772 3007 4772 3000 4772 398 4773 3008 4773 399 4773 3008 4774 3009 4774 399 4774 399 4775 3009 4775 3010 4775 3011 4776 3012 4776 3013 4776 3012 4777 3014 4777 3013 4777 3013 4778 3014 4778 3015 4778 3014 4779 3016 4779 3015 4779 3015 4780 3016 4780 3017 4780 3016 4781 3018 4781 3017 4781 3017 4782 3018 4782 3019 4782 3018 4783 3020 4783 3019 4783 414 4784 3021 4784 2936 4784 3021 4785 398 4785 2936 4785 2936 4786 398 4786 2937 4786 398 4787 397 4787 2937 4787 2937 4788 397 4788 2939 4788 397 4789 399 4789 2939 4789 2939 4790 399 4790 3007 4790 399 4791 3010 4791 3007 4791 3007 4792 3010 4792 3000 4792 3022 4793 3023 4793 3024 4793 3021 4794 3025 4794 398 4794 3025 4795 3026 4795 398 4795 398 4796 3026 4796 3008 4796 3026 4797 3027 4797 3008 4797 3008 4798 3027 4798 3009 4798 3027 4799 3028 4799 3009 4799 3009 4800 3028 4800 1041 4800 3022 4801 3024 4801 3029 4801 3024 4802 3030 4802 3029 4802 3029 4803 3030 4803 3031 4803 690 4804 3023 4804 691 4804 3023 4805 3022 4805 691 4805 691 4806 3022 4806 692 4806 3022 4807 3029 4807 692 4807 692 4808 3029 4808 1045 4808 3029 4809 3031 4809 1045 4809 1042 4810 1044 4810 3032 4810 1044 4811 1046 4811 3032 4811 3032 4812 1046 4812 1039 4812 1046 4813 1045 4813 1039 4813 1039 4814 1045 4814 1040 4814 1045 4815 3031 4815 1040 4815 1040 4816 3031 4816 1041 4816 3031 4817 3030 4817 1041 4817 1041 4818 3030 4818 3009 4818 3030 4819 3024 4819 3009 4819 3009 4820 3024 4820 3010 4820 3024 4821 3023 4821 3010 4821 3010 4822 3023 4822 3000 4822 3023 4823 690 4823 3000 4823 3000 4824 690 4824 3001 4824 690 4825 689 4825 3001 4825 3001 4826 689 4826 3003 4826 689 4827 688 4827 3003 4827 3003 4828 688 4828 3005 4828 688 4829 132 4829 3005 4829 3005 4830 132 4830 133 4830 2928 4831 2971 4831 413 4831 2971 4832 2970 4832 413 4832 413 4833 2970 4833 414 4833 2970 4834 2968 4834 414 4834 414 4835 2968 4835 3021 4835 2968 4836 2967 4836 3021 4836 3021 4837 2967 4837 3025 4837 2967 4838 3033 4838 3025 4838 3025 4839 3033 4839 3026 4839 3033 4840 3011 4840 3026 4840 3026 4841 3011 4841 3027 4841 3011 4842 3013 4842 3027 4842 3027 4843 3013 4843 3028 4843 3013 4844 3015 4844 3028 4844 3028 4845 3015 4845 1041 4845 3015 4846 3017 4846 1041 4846 1041 4847 3017 4847 1039 4847 3017 4848 3019 4848 1039 4848 1039 4849 3019 4849 3032 4849 3019 4850 3020 4850 3032 4850 3032 4851 3020 4851 1042 4851 3034 4852 1043 4852 3035 4852 1043 4853 1042 4853 3035 4853 3035 4854 1042 4854 3036 4854 1042 4855 3020 4855 3036 4855 3036 4856 3020 4856 3037 4856 3020 4857 3018 4857 3037 4857 3037 4858 3018 4858 3038 4858 3018 4859 3016 4859 3038 4859 3038 4860 3016 4860 3039 4860 3016 4861 3014 4861 3039 4861 3039 4862 3014 4862 3040 4862 3014 4863 3012 4863 3040 4863 3040 4864 3012 4864 3041 4864 3012 4865 3011 4865 3041 4865 3041 4866 3011 4866 3042 4866 3011 4867 3033 4867 3042 4867 3042 4868 3033 4868 3043 4868 3033 4869 2967 4869 3043 4869 3043 4870 2967 4870 2972 4870 2967 4871 2969 4871 2972 4871 2972 4872 2969 4872 2965 4872 2969 4873 2971 4873 2965 4873 2965 4874 2971 4874 2966 4874 915 4875 941 4875 917 4875 941 4876 947 4876 917 4876 917 4877 947 4877 919 4877 947 4878 949 4878 919 4878 919 4879 949 4879 2880 4879 949 4880 979 4880 2880 4880 2880 4881 979 4881 950 4881 979 4882 980 4882 950 4882 950 4883 980 4883 417 4883 980 4884 2994 4884 417 4884 417 4885 2994 4885 2906 4885 2994 4886 2993 4886 2906 4886 2906 4887 2993 4887 2907 4887 2993 4888 2992 4888 2907 4888 2907 4889 2992 4889 2900 4889 2992 4890 2991 4890 2900 4890 2900 4891 2991 4891 2898 4891 2991 4892 2990 4892 2898 4892 2898 4893 2990 4893 2976 4893 2990 4894 2979 4894 2976 4894 2976 4895 2979 4895 2975 4895 2979 4896 2989 4896 2975 4896 2975 4897 2989 4897 2974 4897 2989 4898 2988 4898 2974 4898 2974 4899 2988 4899 2973 4899 2988 4900 2987 4900 2973 4900 2973 4901 2987 4901 2972 4901 2987 4902 2986 4902 2972 4902 2972 4903 2986 4903 3043 4903 2986 4904 2985 4904 3043 4904 3043 4905 2985 4905 3042 4905 2985 4906 2984 4906 3042 4906 3042 4907 2984 4907 3041 4907 2984 4908 982 4908 3041 4908 3041 4909 982 4909 3040 4909 982 4910 981 4910 3040 4910 3040 4911 981 4911 3039 4911 981 4912 983 4912 3039 4912 3039 4913 983 4913 3038 4913 983 4914 1032 4914 3038 4914 3038 4915 1032 4915 3037 4915 1032 4916 3044 4916 3037 4916 3037 4917 3044 4917 3036 4917 395 4918 646 4918 396 4918 646 4919 647 4919 396 4919 396 4920 647 4920 3045 4920 647 4921 648 4921 3045 4921 3045 4922 648 4922 645 4922 648 4923 129 4923 645 4923 645 4924 129 4924 36 4924 129 4925 38 4925 36 4925 111 4926 120 4926 3046 4926 120 4927 3047 4927 3046 4927 3046 4928 3047 4928 3048 4928 109 4929 111 4929 3049 4929 111 4930 3046 4930 3049 4930 3049 4931 3046 4931 3050 4931 3046 4932 3048 4932 3050 4932 3050 4933 3048 4933 3051 4933 1100 4934 1514 4934 1101 4934 1514 4935 3052 4935 1101 4935 1101 4936 3052 4936 1103 4936 3052 4937 3053 4937 1103 4937 1103 4938 3053 4938 1105 4938 3053 4939 3054 4939 1105 4939 1105 4940 3054 4940 1107 4940 3054 4941 3055 4941 1107 4941 1107 4942 3055 4942 1109 4942 3055 4943 3056 4943 1109 4943 1109 4944 3056 4944 1111 4944 3056 4945 3057 4945 1111 4945 1111 4946 3057 4946 3058 4946 3057 4947 3059 4947 3058 4947 3058 4948 3059 4948 3060 4948 3059 4949 3061 4949 3060 4949 3060 4950 3061 4950 3062 4950 3061 4951 3063 4951 3062 4951 3062 4952 3063 4952 3064 4952 3063 4953 3065 4953 3064 4953 3064 4954 3065 4954 3066 4954 3065 4955 3067 4955 3066 4955 3066 4956 3067 4956 3068 4956 3067 4957 3069 4957 3068 4957 3068 4958 3069 4958 3070 4958 3069 4959 3071 4959 3070 4959 3070 4960 3071 4960 3072 4960 3071 4961 3073 4961 3072 4961 3072 4962 3073 4962 3074 4962 3073 4963 3075 4963 3074 4963 3074 4964 3075 4964 3076 4964 3075 4965 3077 4965 3076 4965 3076 4966 3077 4966 3078 4966 3077 4967 3079 4967 3078 4967 3078 4968 3079 4968 3080 4968 3079 4969 3081 4969 3080 4969 3080 4970 3081 4970 3082 4970 3081 4971 3083 4971 3082 4971 3082 4972 3083 4972 3084 4972 3083 4973 3085 4973 3084 4973 3084 4974 3085 4974 3086 4974 3085 4975 3087 4975 3086 4975 3086 4976 3087 4976 3088 4976 3087 4977 3089 4977 3088 4977 3088 4978 3089 4978 3090 4978 3089 4979 3091 4979 3090 4979 3090 4980 3091 4980 3092 4980 3091 4981 3093 4981 3092 4981 3092 4982 3093 4982 3094 4982 3093 4983 3095 4983 3094 4983 3094 4984 3095 4984 3096 4984 3095 4985 3097 4985 3096 4985 3096 4986 3097 4986 3098 4986 3097 4987 3099 4987 3098 4987 3098 4988 3099 4988 3100 4988 3099 4989 3101 4989 3100 4989 3100 4990 3101 4990 3102 4990 3101 4991 3103 4991 3102 4991 3102 4992 3103 4992 3104 4992 3103 4993 3105 4993 3104 4993 3104 4994 3105 4994 3106 4994 3105 4995 3107 4995 3106 4995 3106 4996 3107 4996 3108 4996 3107 4997 3109 4997 3108 4997 3108 4998 3109 4998 3110 4998 3109 4999 3111 4999 3110 4999 3110 5000 3111 5000 3112 5000 3111 5001 3113 5001 3112 5001 3112 5002 3113 5002 3114 5002 3113 5003 3115 5003 3114 5003 3114 5004 3115 5004 3116 5004 3115 5005 3117 5005 3116 5005 3116 5006 3117 5006 3118 5006 3117 5007 3119 5007 3118 5007 3118 5008 3119 5008 3120 5008 3119 5009 3121 5009 3120 5009 3120 5010 3121 5010 3122 5010 3121 5011 3123 5011 3122 5011 3122 5012 3123 5012 3124 5012 3123 5013 3125 5013 3124 5013 3124 5014 3125 5014 3126 5014 3125 5015 3127 5015 3126 5015 3126 5016 3127 5016 3128 5016 3127 5017 3129 5017 3128 5017 3128 5018 3129 5018 3130 5018 3129 5019 3131 5019 3130 5019 3130 5020 3131 5020 3132 5020 3131 5021 3133 5021 3132 5021 3132 5022 3133 5022 3134 5022 3133 5023 3135 5023 3134 5023 3134 5024 3135 5024 3136 5024 2930 5025 2931 5025 3137 5025 2931 5026 2932 5026 3137 5026 3137 5027 2932 5027 1515 5027 2932 5028 2933 5028 1515 5028 1515 5029 2933 5029 1514 5029 2933 5030 2934 5030 1514 5030 1514 5031 2934 5031 3052 5031 2934 5032 2935 5032 3052 5032 3052 5033 2935 5033 3053 5033 2935 5034 3138 5034 3053 5034 3053 5035 3138 5035 3054 5035 3138 5036 3139 5036 3054 5036 3054 5037 3139 5037 3055 5037 3139 5038 3140 5038 3055 5038 3055 5039 3140 5039 3056 5039 3140 5040 3141 5040 3056 5040 3056 5041 3141 5041 3057 5041 3141 5042 3142 5042 3057 5042 3057 5043 3142 5043 3059 5043 3142 5044 3143 5044 3059 5044 3059 5045 3143 5045 3061 5045 3143 5046 3144 5046 3061 5046 3061 5047 3144 5047 3063 5047 3144 5048 3145 5048 3063 5048 3063 5049 3145 5049 3065 5049 3145 5050 3146 5050 3065 5050 3065 5051 3146 5051 3067 5051 3146 5052 3147 5052 3067 5052 3067 5053 3147 5053 3069 5053 3147 5054 3148 5054 3069 5054 3069 5055 3148 5055 3071 5055 3148 5056 3149 5056 3071 5056 3071 5057 3149 5057 3073 5057 3149 5058 3150 5058 3073 5058 3073 5059 3150 5059 3075 5059 3150 5060 3151 5060 3075 5060 3075 5061 3151 5061 3077 5061 3151 5062 3152 5062 3077 5062 3077 5063 3152 5063 3079 5063 3152 5064 3153 5064 3079 5064 3079 5065 3153 5065 3081 5065 3153 5066 3154 5066 3081 5066 3081 5067 3154 5067 3083 5067 3154 5068 3155 5068 3083 5068 3083 5069 3155 5069 3085 5069 3155 5070 3156 5070 3085 5070 3085 5071 3156 5071 3087 5071 3156 5072 3157 5072 3087 5072 3087 5073 3157 5073 3089 5073 3157 5074 3158 5074 3089 5074 3089 5075 3158 5075 3091 5075 3158 5076 3159 5076 3091 5076 3091 5077 3159 5077 3093 5077 3159 5078 3160 5078 3093 5078 3093 5079 3160 5079 3095 5079 3160 5080 3161 5080 3095 5080 3095 5081 3161 5081 3097 5081 3161 5082 3162 5082 3097 5082 3097 5083 3162 5083 3099 5083 3162 5084 3163 5084 3099 5084 3099 5085 3163 5085 3101 5085 3163 5086 3164 5086 3101 5086 3101 5087 3164 5087 3103 5087 3164 5088 3165 5088 3103 5088 3103 5089 3165 5089 3105 5089 3165 5090 3166 5090 3105 5090 3105 5091 3166 5091 3107 5091 3166 5092 3167 5092 3107 5092 3107 5093 3167 5093 3109 5093 3167 5094 3168 5094 3109 5094 3109 5095 3168 5095 3111 5095 3168 5096 3169 5096 3111 5096 3111 5097 3169 5097 3113 5097 3169 5098 3170 5098 3113 5098 3113 5099 3170 5099 3115 5099 3170 5100 3171 5100 3115 5100 3115 5101 3171 5101 3117 5101 3171 5102 3172 5102 3117 5102 3117 5103 3172 5103 3119 5103 3172 5104 3173 5104 3119 5104 3119 5105 3173 5105 3121 5105 3173 5106 3174 5106 3121 5106 3121 5107 3174 5107 3123 5107 3174 5108 3175 5108 3123 5108 3123 5109 3175 5109 3125 5109 3175 5110 3176 5110 3125 5110 3125 5111 3176 5111 3127 5111 3176 5112 3177 5112 3127 5112 3127 5113 3177 5113 3129 5113 3177 5114 3178 5114 3129 5114 3129 5115 3178 5115 3131 5115 3178 5116 3179 5116 3131 5116 3131 5117 3179 5117 3133 5117 3179 5118 3180 5118 3133 5118 3133 5119 3180 5119 3135 5119 3180 5120 3181 5120 3135 5120 3135 5121 3181 5121 3136 5121 3181 5122 3182 5122 3136 5122 3136 5123 3182 5123 3183 5123 3182 5124 3184 5124 3183 5124 3183 5125 3184 5125 3185 5125 3184 5126 3186 5126 3185 5126 1066 5127 3187 5127 1068 5127 3187 5128 3188 5128 1068 5128 1068 5129 3188 5129 1070 5129 3188 5130 3189 5130 1070 5130 1070 5131 3189 5131 1071 5131 3189 5132 3190 5132 1071 5132 1071 5133 3190 5133 2935 5133 3190 5134 3191 5134 2935 5134 2935 5135 3191 5135 3138 5135 3191 5136 3192 5136 3138 5136 3138 5137 3192 5137 3139 5137 3192 5138 3193 5138 3139 5138 3139 5139 3193 5139 3140 5139 3193 5140 3194 5140 3140 5140 3140 5141 3194 5141 3141 5141 3194 5142 3195 5142 3141 5142 3141 5143 3195 5143 3142 5143 3195 5144 3196 5144 3142 5144 3142 5145 3196 5145 3143 5145 3196 5146 3197 5146 3143 5146 3143 5147 3197 5147 3144 5147 3197 5148 3198 5148 3144 5148 3144 5149 3198 5149 3145 5149 3198 5150 3199 5150 3145 5150 3145 5151 3199 5151 3146 5151 3199 5152 3200 5152 3146 5152 3146 5153 3200 5153 3147 5153 3200 5154 3201 5154 3147 5154 3147 5155 3201 5155 3148 5155 3201 5156 3202 5156 3148 5156 3148 5157 3202 5157 3149 5157 3202 5158 3203 5158 3149 5158 3149 5159 3203 5159 3150 5159 3203 5160 3204 5160 3150 5160 3150 5161 3204 5161 3151 5161 3204 5162 3205 5162 3151 5162 3151 5163 3205 5163 3152 5163 3205 5164 3206 5164 3152 5164 3152 5165 3206 5165 3153 5165 3206 5166 3207 5166 3153 5166 3153 5167 3207 5167 3154 5167 3207 5168 3208 5168 3154 5168 3154 5169 3208 5169 3155 5169 3208 5170 3209 5170 3155 5170 3155 5171 3209 5171 3156 5171 3209 5172 3210 5172 3156 5172 3156 5173 3210 5173 3157 5173 3210 5174 3211 5174 3157 5174 3157 5175 3211 5175 3158 5175 3211 5176 3212 5176 3158 5176 3158 5177 3212 5177 3159 5177 3212 5178 3213 5178 3159 5178 3159 5179 3213 5179 3160 5179 3213 5180 3214 5180 3160 5180 3160 5181 3214 5181 3161 5181 3214 5182 3215 5182 3161 5182 3161 5183 3215 5183 3162 5183 3215 5184 3216 5184 3162 5184 3162 5185 3216 5185 3163 5185 3216 5186 3217 5186 3163 5186 3163 5187 3217 5187 3164 5187 3217 5188 3218 5188 3164 5188 3164 5189 3218 5189 3165 5189 3218 5190 3219 5190 3165 5190 3165 5191 3219 5191 3166 5191 3219 5192 3220 5192 3166 5192 3166 5193 3220 5193 3167 5193 3220 5194 3221 5194 3167 5194 3167 5195 3221 5195 3168 5195 3221 5196 3222 5196 3168 5196 3168 5197 3222 5197 3169 5197 3222 5198 3223 5198 3169 5198 3169 5199 3223 5199 3170 5199 3223 5200 3224 5200 3170 5200 3170 5201 3224 5201 3171 5201 3224 5202 3225 5202 3171 5202 3171 5203 3225 5203 3172 5203 3225 5204 3226 5204 3172 5204 3172 5205 3226 5205 3173 5205 3226 5206 3227 5206 3173 5206 3173 5207 3227 5207 3174 5207 3227 5208 3228 5208 3174 5208 3174 5209 3228 5209 3175 5209 3228 5210 3229 5210 3175 5210 3175 5211 3229 5211 3176 5211 3229 5212 3230 5212 3176 5212 3176 5213 3230 5213 3177 5213 3230 5214 3231 5214 3177 5214 3177 5215 3231 5215 3178 5215 3231 5216 3232 5216 3178 5216 3178 5217 3232 5217 3179 5217 3232 5218 3233 5218 3179 5218 3179 5219 3233 5219 3180 5219 3233 5220 3234 5220 3180 5220 3180 5221 3234 5221 3181 5221 3234 5222 3235 5222 3181 5222 3181 5223 3235 5223 3182 5223 3235 5224 3236 5224 3182 5224 3182 5225 3236 5225 3184 5225 3236 5226 3237 5226 3184 5226 3184 5227 3237 5227 3186 5227 2930 5228 415 5228 2931 5228 415 5229 2938 5229 2931 5229 2931 5230 2938 5230 1065 5230 2938 5231 2939 5231 1065 5231 1065 5232 2939 5232 1066 5232 2939 5233 2995 5233 1066 5233 1066 5234 2995 5234 3187 5234 2995 5235 2997 5235 3187 5235 3187 5236 2997 5236 3188 5236 2997 5237 2998 5237 3188 5237 3188 5238 2998 5238 3189 5238 2998 5239 2999 5239 3189 5239 3189 5240 2999 5240 3190 5240 2999 5241 685 5241 3190 5241 3190 5242 685 5242 3191 5242 685 5243 686 5243 3191 5243 3191 5244 686 5244 3192 5244 686 5245 687 5245 3192 5245 3192 5246 687 5246 3193 5246 687 5247 681 5247 3193 5247 3193 5248 681 5248 3194 5248 681 5249 682 5249 3194 5249 3194 5250 682 5250 3195 5250 682 5251 683 5251 3195 5251 3195 5252 683 5252 3196 5252 683 5253 684 5253 3196 5253 3196 5254 684 5254 3197 5254 684 5255 679 5255 3197 5255 3197 5256 679 5256 3198 5256 679 5257 680 5257 3198 5257 3198 5258 680 5258 3199 5258 680 5259 678 5259 3199 5259 3199 5260 678 5260 3200 5260 678 5261 676 5261 3200 5261 3200 5262 676 5262 3201 5262 676 5263 677 5263 3201 5263 3201 5264 677 5264 3202 5264 677 5265 672 5265 3202 5265 3202 5266 672 5266 3203 5266 672 5267 673 5267 3203 5267 3203 5268 673 5268 3204 5268 673 5269 674 5269 3204 5269 3204 5270 674 5270 3205 5270 674 5271 675 5271 3205 5271 3205 5272 675 5272 3206 5272 675 5273 660 5273 3206 5273 3206 5274 660 5274 3207 5274 660 5275 661 5275 3207 5275 3207 5276 661 5276 3208 5276 661 5277 662 5277 3208 5277 3208 5278 662 5278 3209 5278 662 5279 663 5279 3209 5279 3209 5280 663 5280 3210 5280 663 5281 664 5281 3210 5281 3210 5282 664 5282 3211 5282 664 5283 665 5283 3211 5283 3211 5284 665 5284 3212 5284 665 5285 666 5285 3212 5285 3212 5286 666 5286 3213 5286 666 5287 667 5287 3213 5287 3213 5288 667 5288 3214 5288 667 5289 668 5289 3214 5289 3214 5290 668 5290 3215 5290 668 5291 669 5291 3215 5291 3215 5292 669 5292 3216 5292 669 5293 670 5293 3216 5293 3216 5294 670 5294 3217 5294 670 5295 671 5295 3217 5295 3217 5296 671 5296 3218 5296 671 5297 641 5297 3218 5297 3218 5298 641 5298 3219 5298 641 5299 640 5299 3219 5299 3219 5300 640 5300 3220 5300 640 5301 659 5301 3220 5301 3220 5302 659 5302 3221 5302 659 5303 658 5303 3221 5303 3221 5304 658 5304 3222 5304 658 5305 657 5305 3222 5305 3222 5306 657 5306 3223 5306 657 5307 656 5307 3223 5307 3223 5308 656 5308 3224 5308 656 5309 655 5309 3224 5309 3224 5310 655 5310 3225 5310 655 5311 654 5311 3225 5311 3225 5312 654 5312 3226 5312 654 5313 653 5313 3226 5313 3226 5314 653 5314 3227 5314 653 5315 652 5315 3227 5315 3227 5316 652 5316 3228 5316 652 5317 651 5317 3228 5317 3228 5318 651 5318 3229 5318 651 5319 650 5319 3229 5319 3229 5320 650 5320 3230 5320 650 5321 649 5321 3230 5321 3230 5322 649 5322 3231 5322 649 5323 3238 5323 3231 5323 3231 5324 3238 5324 3232 5324 3238 5325 3239 5325 3232 5325 3232 5326 3239 5326 3233 5326 3239 5327 3240 5327 3233 5327 3233 5328 3240 5328 3234 5328 3240 5329 3241 5329 3234 5329 3234 5330 3241 5330 3235 5330 3241 5331 3242 5331 3235 5331 3235 5332 3242 5332 3236 5332 3242 5333 3243 5333 3236 5333 3236 5334 3243 5334 3237 5334 3244 5335 394 5335 3245 5335 394 5336 396 5336 3245 5336 3245 5337 396 5337 3246 5337 396 5338 3045 5338 3246 5338 3246 5339 3045 5339 3247 5339 3045 5340 645 5340 3247 5340 3247 5341 645 5341 3248 5341 645 5342 34 5342 3248 5342 634 5343 3249 5343 635 5343 3249 5344 3250 5344 635 5344 635 5345 3250 5345 636 5345 3250 5346 3251 5346 636 5346 636 5347 3251 5347 637 5347 3251 5348 643 5348 637 5348 102 5349 643 5349 644 5349 643 5350 3251 5350 644 5350 644 5351 3251 5351 3252 5351 3251 5352 3250 5352 3252 5352 3252 5353 3250 5353 3253 5353 3250 5354 3249 5354 3253 5354 3253 5355 3249 5355 3254 5355 300 5356 3255 5356 3256 5356 3255 5357 3257 5357 3256 5357 3256 5358 3257 5358 3258 5358 633 5359 3259 5359 631 5359 3259 5360 3260 5360 631 5360 631 5361 3260 5361 634 5361 3260 5362 3261 5362 634 5362 634 5363 3261 5363 3249 5363 3261 5364 3262 5364 3249 5364 3249 5365 3262 5365 3254 5365 3262 5366 3263 5366 3254 5366 3254 5367 3263 5367 3264 5367 3263 5368 3265 5368 3264 5368 3265 5369 3266 5369 3264 5369 3264 5370 3266 5370 3267 5370 120 5371 646 5371 3047 5371 646 5372 395 5372 3047 5372 3047 5373 395 5373 3048 5373 395 5374 394 5374 3048 5374 3048 5375 394 5375 3051 5375 394 5376 3244 5376 3051 5376 3051 5377 3244 5377 3268 5377 3244 5378 3269 5378 3268 5378 3268 5379 3269 5379 3270 5379 34 5380 32 5380 3248 5380 32 5381 642 5381 3248 5381 3248 5382 642 5382 3247 5382 642 5383 3271 5383 3247 5383 3247 5384 3271 5384 3246 5384 3271 5385 3272 5385 3246 5385 3246 5386 3272 5386 3245 5386 3272 5387 393 5387 3245 5387 3245 5388 393 5388 3244 5388 393 5389 392 5389 3244 5389 3244 5390 392 5390 3269 5390 3273 5391 3274 5391 3275 5391 387 5392 3276 5392 388 5392 3276 5393 3277 5393 388 5393 388 5394 3277 5394 390 5394 3277 5395 3278 5395 390 5395 3278 5396 3279 5396 390 5396 390 5397 3279 5397 3275 5397 3275 5398 3274 5398 390 5398 3274 5399 3280 5399 390 5399 390 5400 3280 5400 389 5400 3280 5401 3281 5401 389 5401 389 5402 3281 5402 3282 5402 3283 5403 3284 5403 3285 5403 3284 5404 3286 5404 3285 5404 3285 5405 3286 5405 3287 5405 3286 5406 3288 5406 3287 5406 3287 5407 3288 5407 3289 5407 3288 5408 3290 5408 3289 5408 3289 5409 3290 5409 3291 5409 3290 5410 3292 5410 3291 5410 3291 5411 3292 5411 3293 5411 3292 5412 3294 5412 3293 5412 3293 5413 3294 5413 3295 5413 3296 5414 3297 5414 3298 5414 3297 5415 3299 5415 3298 5415 3298 5416 3299 5416 3300 5416 3299 5417 385 5417 3300 5417 3300 5418 385 5418 3301 5418 385 5419 384 5419 3301 5419 384 5420 3302 5420 3301 5420 3301 5421 3302 5421 3303 5421 3302 5422 3304 5422 3303 5422 3303 5423 3304 5423 3305 5423 3304 5424 3306 5424 3305 5424 3305 5425 3306 5425 3307 5425 3306 5426 3308 5426 3307 5426 3307 5427 3308 5427 3309 5427 3308 5428 3310 5428 3309 5428 3309 5429 3310 5429 3311 5429 3310 5430 3312 5430 3311 5430 3311 5431 3312 5431 3313 5431 3312 5432 3314 5432 3313 5432 3313 5433 3314 5433 3315 5433 3314 5434 3316 5434 3315 5434 3315 5435 3316 5435 3317 5435 3316 5436 3318 5436 3317 5436 3317 5437 3318 5437 3319 5437 3318 5438 3320 5438 3319 5438 3319 5439 3320 5439 3321 5439 3320 5440 3322 5440 3321 5440 3321 5441 3322 5441 3323 5441 3322 5442 3324 5442 3323 5442 3323 5443 3324 5443 3325 5443 3324 5444 3326 5444 3325 5444 3325 5445 3326 5445 3327 5445 3326 5446 3328 5446 3327 5446 3327 5447 3328 5447 3329 5447 3328 5448 3330 5448 3329 5448 3329 5449 3330 5449 3331 5449 3330 5450 3332 5450 3331 5450 3331 5451 3332 5451 3333 5451 3332 5452 3334 5452 3333 5452 3333 5453 3334 5453 3335 5453 3334 5454 3336 5454 3335 5454 3335 5455 3336 5455 3337 5455 3336 5456 3338 5456 3337 5456 3337 5457 3338 5457 3339 5457 3338 5458 3340 5458 3339 5458 3339 5459 3340 5459 3341 5459 3340 5460 3342 5460 3341 5460 3341 5461 3342 5461 3343 5461 3342 5462 3344 5462 3343 5462 3343 5463 3344 5463 3345 5463 3344 5464 3346 5464 3345 5464 3345 5465 3346 5465 3347 5465 3346 5466 3348 5466 3347 5466 3347 5467 3348 5467 3349 5467 386 5468 385 5468 3350 5468 385 5469 3299 5469 3350 5469 3350 5470 3299 5470 3351 5470 3299 5471 3297 5471 3351 5471 3351 5472 3297 5472 3283 5472 3297 5473 3296 5473 3283 5473 3283 5474 3296 5474 3284 5474 3352 5475 3353 5475 3354 5475 3354 5476 3353 5476 3355 5476 3353 5477 3356 5477 3355 5477 3355 5478 3356 5478 3357 5478 3356 5479 3358 5479 3357 5479 3357 5480 3358 5480 3359 5480 3358 5481 3360 5481 3359 5481 3359 5482 3360 5482 3361 5482 3360 5483 3362 5483 3361 5483 3361 5484 3362 5484 3363 5484 3362 5485 3364 5485 3363 5485 3363 5486 3364 5486 3365 5486 3364 5487 3366 5487 3365 5487 3365 5488 3366 5488 3367 5488 3366 5489 3368 5489 3367 5489 3367 5490 3368 5490 3369 5490 3363 5491 3370 5491 3361 5491 3370 5492 3371 5492 3361 5492 3361 5493 3371 5493 3359 5493 3371 5494 3372 5494 3359 5494 3359 5495 3372 5495 3357 5495 3372 5496 3373 5496 3357 5496 3357 5497 3373 5497 3355 5497 3373 5498 3374 5498 3355 5498 3355 5499 3374 5499 3354 5499 3374 5500 3375 5500 3354 5500 3375 5501 3376 5501 3354 5501 3354 5502 3376 5502 3352 5502 3376 5503 3377 5503 3352 5503 3352 5504 3377 5504 3378 5504 3377 5505 3379 5505 3378 5505 3378 5506 3379 5506 3380 5506 3379 5507 3381 5507 3380 5507 3380 5508 3381 5508 3382 5508 3381 5509 3383 5509 3382 5509 3382 5510 3383 5510 3384 5510 3383 5511 3385 5511 3384 5511 3384 5512 3385 5512 3386 5512 3385 5513 3387 5513 3386 5513 3386 5514 3387 5514 3388 5514 3387 5515 3389 5515 3388 5515 3388 5516 3389 5516 3390 5516 3391 5517 1087 5517 3392 5517 1087 5518 1086 5518 3392 5518 3392 5519 1086 5519 3393 5519 1086 5520 1084 5520 3393 5520 3393 5521 1084 5521 3394 5521 1084 5522 1082 5522 3394 5522 3394 5523 1082 5523 3395 5523 1082 5524 1080 5524 3395 5524 3395 5525 1080 5525 3396 5525 1080 5526 1078 5526 3396 5526 3396 5527 1078 5527 3397 5527 1078 5528 1076 5528 3397 5528 3397 5529 1076 5529 3398 5529 1076 5530 3399 5530 3398 5530 3398 5531 3399 5531 3400 5531 3399 5532 3401 5532 3400 5532 3400 5533 3401 5533 3402 5533 3401 5534 3403 5534 3402 5534 3402 5535 3403 5535 3404 5535 3403 5536 3405 5536 3404 5536 3404 5537 3405 5537 3406 5537 3405 5538 3407 5538 3406 5538 3406 5539 3407 5539 3408 5539 3407 5540 3409 5540 3408 5540 3408 5541 3409 5541 3410 5541 3409 5542 3411 5542 3410 5542 3410 5543 3411 5543 3412 5543 1075 5544 3390 5544 1076 5544 3390 5545 3389 5545 1076 5545 1076 5546 3389 5546 3399 5546 3389 5547 3387 5547 3399 5547 3399 5548 3387 5548 3401 5548 3387 5549 3385 5549 3401 5549 3401 5550 3385 5550 3403 5550 3385 5551 3383 5551 3403 5551 3403 5552 3383 5552 3405 5552 3383 5553 3381 5553 3405 5553 3405 5554 3381 5554 3407 5554 3381 5555 3379 5555 3407 5555 3407 5556 3379 5556 3409 5556 3379 5557 3377 5557 3409 5557 3409 5558 3377 5558 3411 5558 3377 5559 3376 5559 3411 5559 3411 5560 3376 5560 3412 5560 3376 5561 3375 5561 3412 5561 386 5562 3369 5562 384 5562 3369 5563 3368 5563 384 5563 384 5564 3368 5564 3302 5564 3368 5565 3366 5565 3302 5565 3302 5566 3366 5566 3304 5566 3366 5567 3364 5567 3304 5567 3304 5568 3364 5568 3306 5568 3364 5569 3362 5569 3306 5569 3306 5570 3362 5570 3308 5570 3362 5571 3360 5571 3308 5571 3308 5572 3360 5572 3310 5572 3360 5573 3358 5573 3310 5573 3310 5574 3358 5574 3312 5574 3358 5575 3356 5575 3312 5575 3312 5576 3356 5576 3314 5576 3356 5577 3353 5577 3314 5577 3314 5578 3353 5578 3316 5578 3353 5579 3352 5579 3316 5579 3316 5580 3352 5580 3318 5580 3352 5581 3378 5581 3318 5581 3318 5582 3378 5582 3320 5582 3378 5583 3380 5583 3320 5583 3320 5584 3380 5584 3322 5584 3380 5585 3382 5585 3322 5585 3322 5586 3382 5586 3324 5586 3382 5587 3384 5587 3324 5587 3324 5588 3384 5588 3326 5588 3384 5589 3386 5589 3326 5589 3326 5590 3386 5590 3328 5590 3386 5591 3388 5591 3328 5591 3328 5592 3388 5592 3330 5592 3388 5593 3390 5593 3330 5593 3330 5594 3390 5594 3332 5594 3390 5595 1075 5595 3332 5595 3332 5596 1075 5596 3334 5596 1075 5597 1077 5597 3334 5597 3334 5598 1077 5598 3336 5598 1077 5599 1079 5599 3336 5599 3336 5600 1079 5600 3338 5600 1079 5601 1081 5601 3338 5601 3338 5602 1081 5602 3340 5602 1081 5603 1083 5603 3340 5603 3340 5604 1083 5604 3342 5604 1083 5605 1085 5605 3342 5605 3342 5606 1085 5606 3344 5606 1085 5607 1087 5607 3344 5607 3344 5608 1087 5608 3346 5608 1087 5609 3391 5609 3346 5609 3346 5610 3391 5610 3348 5610 3413 5611 3414 5611 3415 5611 3414 5612 3416 5612 3415 5612 3415 5613 3416 5613 3417 5613 3416 5614 3418 5614 3417 5614 3419 5615 3420 5615 3421 5615 3422 5616 3420 5616 3423 5616 3420 5617 3419 5617 3423 5617 3423 5618 3419 5618 3424 5618 3425 5619 3426 5619 3427 5619 3426 5620 3428 5620 3427 5620 3427 5621 3428 5621 3429 5621 3429 5622 3430 5622 3431 5622 3430 5623 3432 5623 3431 5623 3431 5624 3432 5624 3433 5624 3432 5625 3434 5625 3433 5625 3433 5626 3434 5626 3435 5626 3434 5627 3436 5627 3435 5627 3435 5628 3436 5628 3437 5628 3436 5629 3438 5629 3437 5629 3439 5630 3438 5630 3440 5630 3438 5631 3436 5631 3440 5631 3440 5632 3436 5632 3441 5632 3436 5633 3434 5633 3441 5633 3441 5634 3434 5634 3442 5634 3434 5635 3432 5635 3442 5635 3442 5636 3432 5636 3443 5636 3432 5637 3430 5637 3443 5637 3443 5638 3430 5638 3444 5638 3430 5639 3429 5639 3444 5639 3444 5640 3429 5640 3445 5640 3429 5641 3428 5641 3445 5641 1264 5642 1263 5642 3446 5642 1263 5643 1204 5643 3446 5643 3446 5644 1204 5644 3447 5644 1204 5645 1179 5645 3447 5645 3447 5646 1179 5646 3448 5646 1179 5647 1147 5647 3448 5647 3448 5648 1147 5648 3449 5648 1147 5649 1148 5649 3449 5649 3449 5650 1148 5650 3450 5650 1148 5651 1239 5651 3450 5651 3450 5652 1239 5652 3451 5652 1239 5653 571 5653 3451 5653 3451 5654 571 5654 3452 5654 571 5655 570 5655 3452 5655 3452 5656 570 5656 3453 5656 570 5657 1119 5657 3453 5657 3453 5658 1119 5658 3454 5658 1119 5659 1120 5659 3454 5659 3454 5660 1120 5660 3455 5660 1120 5661 1121 5661 3455 5661 3455 5662 1121 5662 3456 5662 1121 5663 3457 5663 3456 5663 3456 5664 3457 5664 3458 5664 3457 5665 3459 5665 3458 5665 3458 5666 3459 5666 3460 5666 3459 5667 3461 5667 3460 5667 3460 5668 3461 5668 3462 5668 3461 5669 3463 5669 3462 5669 3462 5670 3463 5670 3464 5670 3463 5671 3465 5671 3464 5671 3464 5672 3465 5672 3466 5672 3465 5673 3467 5673 3466 5673 3466 5674 3467 5674 3468 5674 3467 5675 3469 5675 3468 5675 3468 5676 3469 5676 3470 5676 3469 5677 3471 5677 3470 5677 3470 5678 3471 5678 3472 5678 3471 5679 3473 5679 3472 5679 3472 5680 3473 5680 3474 5680 3473 5681 3475 5681 3474 5681 3474 5682 3475 5682 3476 5682 3475 5683 3477 5683 3476 5683 3476 5684 3477 5684 3478 5684 3477 5685 3479 5685 3478 5685 3478 5686 3479 5686 3480 5686 3479 5687 3481 5687 3480 5687 3480 5688 3481 5688 3482 5688 3481 5689 3483 5689 3482 5689 3482 5690 3483 5690 3484 5690 3483 5691 3485 5691 3484 5691 3484 5692 3485 5692 3486 5692 3485 5693 3487 5693 3486 5693 3486 5694 3487 5694 3488 5694 3489 5695 3490 5695 3491 5695 3490 5696 3492 5696 3491 5696 3491 5697 3492 5697 3493 5697 3492 5698 3494 5698 3493 5698 3493 5699 3494 5699 3495 5699 3494 5700 3496 5700 3495 5700 3495 5701 3496 5701 3497 5701 3496 5702 3498 5702 3497 5702 3497 5703 3498 5703 3499 5703 3498 5704 3500 5704 3499 5704 3499 5705 3500 5705 3501 5705 3500 5706 3502 5706 3501 5706 3501 5707 3502 5707 3503 5707 3502 5708 3504 5708 3503 5708 3503 5709 3504 5709 3505 5709 3504 5710 3506 5710 3505 5710 3505 5711 3506 5711 3507 5711 3506 5712 3508 5712 3507 5712 3507 5713 3508 5713 3509 5713 3508 5714 3510 5714 3509 5714 3509 5715 3510 5715 3511 5715 3510 5716 3512 5716 3511 5716 3511 5717 3512 5717 3513 5717 3512 5718 3514 5718 3513 5718 3513 5719 3514 5719 3515 5719 3514 5720 3516 5720 3515 5720 3515 5721 3516 5721 3517 5721 3516 5722 3518 5722 3517 5722 3517 5723 3518 5723 3519 5723 3518 5724 3520 5724 3519 5724 3519 5725 3520 5725 3521 5725 3520 5726 3439 5726 3521 5726 3521 5727 3439 5727 3522 5727 3439 5728 3440 5728 3522 5728 3522 5729 3440 5729 3523 5729 3440 5730 3441 5730 3523 5730 3523 5731 3441 5731 3524 5731 3441 5732 3442 5732 3524 5732 3524 5733 3442 5733 3525 5733 3442 5734 3443 5734 3525 5734 3525 5735 3443 5735 3526 5735 3443 5736 3444 5736 3526 5736 3526 5737 3444 5737 3527 5737 3444 5738 3445 5738 3527 5738 3527 5739 3445 5739 3528 5739 3445 5740 3428 5740 3528 5740 3528 5741 3428 5741 3529 5741 3428 5742 3426 5742 3529 5742 3529 5743 3426 5743 3413 5743 3426 5744 3425 5744 3413 5744 3413 5745 3425 5745 3414 5745 3530 5746 3531 5746 3532 5746 3531 5747 3533 5747 3532 5747 3532 5748 3533 5748 3534 5748 3533 5749 3535 5749 3534 5749 3424 5750 3536 5750 3423 5750 3536 5751 3537 5751 3423 5751 3423 5752 3537 5752 3422 5752 3535 5753 3538 5753 3534 5753 3538 5754 382 5754 3534 5754 3534 5755 382 5755 3532 5755 382 5756 381 5756 3532 5756 3532 5757 381 5757 3530 5757 3539 5758 3540 5758 3541 5758 3540 5759 3542 5759 3541 5759 3541 5760 3542 5760 3543 5760 3542 5761 3544 5761 3543 5761 3543 5762 3544 5762 3545 5762 3544 5763 3546 5763 3545 5763 3545 5764 3546 5764 3547 5764 3546 5765 3548 5765 3547 5765 3547 5766 3548 5766 3549 5766 3548 5767 3550 5767 3549 5767 3549 5768 3550 5768 3551 5768 3550 5769 3552 5769 3551 5769 3551 5770 3552 5770 3553 5770 3552 5771 3554 5771 3553 5771 3553 5772 3554 5772 3555 5772 3554 5773 3556 5773 3555 5773 3555 5774 3556 5774 3557 5774 3556 5775 3558 5775 3557 5775 3557 5776 3558 5776 3559 5776 3558 5777 3560 5777 3559 5777 3559 5778 3560 5778 3561 5778 3560 5779 3562 5779 3561 5779 3561 5780 3562 5780 3563 5780 3562 5781 3564 5781 3563 5781 3563 5782 3564 5782 3565 5782 3564 5783 3566 5783 3565 5783 3565 5784 3566 5784 3567 5784 3566 5785 3568 5785 3567 5785 3567 5786 3568 5786 3569 5786 3568 5787 3570 5787 3569 5787 3569 5788 3570 5788 3571 5788 3570 5789 3572 5789 3571 5789 3571 5790 3572 5790 3573 5790 3572 5791 3574 5791 3573 5791 3573 5792 3574 5792 3575 5792 3574 5793 3576 5793 3575 5793 3575 5794 3576 5794 3577 5794 3576 5795 3578 5795 3577 5795 3577 5796 3578 5796 3579 5796 3578 5797 3580 5797 3579 5797 3579 5798 3580 5798 3581 5798 3580 5799 3582 5799 3581 5799 3581 5800 3582 5800 3583 5800 3582 5801 3584 5801 3583 5801 3583 5802 3584 5802 3585 5802 3584 5803 3586 5803 3585 5803 3585 5804 3586 5804 3587 5804 3586 5805 3588 5805 3587 5805 3587 5806 3588 5806 3589 5806 3590 5807 3591 5807 3592 5807 3591 5808 3593 5808 3592 5808 3592 5809 3593 5809 3594 5809 3593 5810 3595 5810 3594 5810 3594 5811 3595 5811 3596 5811 3595 5812 3597 5812 3596 5812 3596 5813 3597 5813 3598 5813 3597 5814 3599 5814 3598 5814 3598 5815 3599 5815 3600 5815 3599 5816 3601 5816 3600 5816 3600 5817 3601 5817 3602 5817 3601 5818 3603 5818 3602 5818 3602 5819 3603 5819 3604 5819 3603 5820 3605 5820 3604 5820 3604 5821 3605 5821 3606 5821 3605 5822 3607 5822 3606 5822 3606 5823 3607 5823 3608 5823 3607 5824 3609 5824 3608 5824 3608 5825 3609 5825 3610 5825 3609 5826 3611 5826 3610 5826 3610 5827 3611 5827 3612 5827 3611 5828 3613 5828 3612 5828 3612 5829 3613 5829 3614 5829 3613 5830 3615 5830 3614 5830 3614 5831 3615 5831 3616 5831 3615 5832 3617 5832 3616 5832 3616 5833 3617 5833 3618 5833 3617 5834 3619 5834 3618 5834 3618 5835 3619 5835 3620 5835 3619 5836 3621 5836 3620 5836 3620 5837 3621 5837 3622 5837 3621 5838 3623 5838 3622 5838 3622 5839 3623 5839 3624 5839 3623 5840 3625 5840 3624 5840 3624 5841 3625 5841 3626 5841 3625 5842 3627 5842 3626 5842 3626 5843 3627 5843 3628 5843 3627 5844 3629 5844 3628 5844 3628 5845 3629 5845 3630 5845 3629 5846 3631 5846 3630 5846 3630 5847 3631 5847 3632 5847 3631 5848 3633 5848 3632 5848 3632 5849 3633 5849 3634 5849 3633 5850 3635 5850 3634 5850 3634 5851 3635 5851 3636 5851 3635 5852 3637 5852 3636 5852 3636 5853 3637 5853 3638 5853 3637 5854 383 5854 3638 5854 3638 5855 383 5855 3639 5855 383 5856 382 5856 3639 5856 3639 5857 382 5857 3640 5857 382 5858 3538 5858 3640 5858 3591 5859 3539 5859 3593 5859 3539 5860 3541 5860 3593 5860 3593 5861 3541 5861 3595 5861 3541 5862 3543 5862 3595 5862 3595 5863 3543 5863 3597 5863 3543 5864 3545 5864 3597 5864 3597 5865 3545 5865 3599 5865 3545 5866 3547 5866 3599 5866 3599 5867 3547 5867 3601 5867 3547 5868 3549 5868 3601 5868 3601 5869 3549 5869 3603 5869 3549 5870 3551 5870 3603 5870 3603 5871 3551 5871 3605 5871 3551 5872 3553 5872 3605 5872 3605 5873 3553 5873 3607 5873 3553 5874 3555 5874 3607 5874 3607 5875 3555 5875 3609 5875 3555 5876 3557 5876 3609 5876 3609 5877 3557 5877 3611 5877 3557 5878 3559 5878 3611 5878 3611 5879 3559 5879 3613 5879 3559 5880 3561 5880 3613 5880 3613 5881 3561 5881 3615 5881 3561 5882 3563 5882 3615 5882 3615 5883 3563 5883 3617 5883 3563 5884 3565 5884 3617 5884 3617 5885 3565 5885 3619 5885 3565 5886 3567 5886 3619 5886 3619 5887 3567 5887 3621 5887 3567 5888 3569 5888 3621 5888 3621 5889 3569 5889 3623 5889 3569 5890 3571 5890 3623 5890 3623 5891 3571 5891 3625 5891 3571 5892 3573 5892 3625 5892 3625 5893 3573 5893 3627 5893 3573 5894 3575 5894 3627 5894 3627 5895 3575 5895 3629 5895 3575 5896 3577 5896 3629 5896 3629 5897 3577 5897 3631 5897 3577 5898 3579 5898 3631 5898 3631 5899 3579 5899 3633 5899 3579 5900 3581 5900 3633 5900 3633 5901 3581 5901 3635 5901 3581 5902 3583 5902 3635 5902 3635 5903 3583 5903 3637 5903 3583 5904 3585 5904 3637 5904 3637 5905 3585 5905 383 5905 3585 5906 3587 5906 383 5906 383 5907 3587 5907 381 5907 3587 5908 3589 5908 381 5908 381 5909 3589 5909 3530 5909 3540 5910 3489 5910 3542 5910 3489 5911 3491 5911 3542 5911 3542 5912 3491 5912 3544 5912 3491 5913 3493 5913 3544 5913 3544 5914 3493 5914 3546 5914 3493 5915 3495 5915 3546 5915 3546 5916 3495 5916 3548 5916 3495 5917 3497 5917 3548 5917 3548 5918 3497 5918 3550 5918 3497 5919 3499 5919 3550 5919 3550 5920 3499 5920 3552 5920 3499 5921 3501 5921 3552 5921 3552 5922 3501 5922 3554 5922 3501 5923 3503 5923 3554 5923 3554 5924 3503 5924 3556 5924 3503 5925 3505 5925 3556 5925 3556 5926 3505 5926 3558 5926 3505 5927 3507 5927 3558 5927 3558 5928 3507 5928 3560 5928 3507 5929 3509 5929 3560 5929 3560 5930 3509 5930 3562 5930 3509 5931 3511 5931 3562 5931 3562 5932 3511 5932 3564 5932 3511 5933 3513 5933 3564 5933 3564 5934 3513 5934 3566 5934 3513 5935 3515 5935 3566 5935 3566 5936 3515 5936 3568 5936 3515 5937 3517 5937 3568 5937 3568 5938 3517 5938 3570 5938 3517 5939 3519 5939 3570 5939 3570 5940 3519 5940 3572 5940 3519 5941 3521 5941 3572 5941 3572 5942 3521 5942 3574 5942 3521 5943 3522 5943 3574 5943 3574 5944 3522 5944 3576 5944 3522 5945 3523 5945 3576 5945 3576 5946 3523 5946 3578 5946 3523 5947 3524 5947 3578 5947 3578 5948 3524 5948 3580 5948 3524 5949 3525 5949 3580 5949 3580 5950 3525 5950 3582 5950 3525 5951 3526 5951 3582 5951 3582 5952 3526 5952 3584 5952 3526 5953 3527 5953 3584 5953 3584 5954 3527 5954 3586 5954 3527 5955 3528 5955 3586 5955 3586 5956 3528 5956 3588 5956 3528 5957 3529 5957 3588 5957 3588 5958 3529 5958 3589 5958 3529 5959 3413 5959 3589 5959 3589 5960 3413 5960 3530 5960 3413 5961 3415 5961 3530 5961 3530 5962 3415 5962 3531 5962 3415 5963 3417 5963 3531 5963 1072 5964 3349 5964 1073 5964 3349 5965 3348 5965 1073 5965 1073 5966 3348 5966 580 5966 3348 5967 3391 5967 580 5967 580 5968 3391 5968 578 5968 3391 5969 3392 5969 578 5969 578 5970 3392 5970 576 5970 3392 5971 3393 5971 576 5971 576 5972 3393 5972 577 5972 3393 5973 3394 5973 577 5973 577 5974 3394 5974 1121 5974 3394 5975 3395 5975 1121 5975 1121 5976 3395 5976 3457 5976 3395 5977 3396 5977 3457 5977 3457 5978 3396 5978 3459 5978 3396 5979 3397 5979 3459 5979 3459 5980 3397 5980 3461 5980 3397 5981 3398 5981 3461 5981 3461 5982 3398 5982 3463 5982 3398 5983 3400 5983 3463 5983 3463 5984 3400 5984 3465 5984 3400 5985 3402 5985 3465 5985 3465 5986 3402 5986 3467 5986 3402 5987 3404 5987 3467 5987 3467 5988 3404 5988 3469 5988 3404 5989 3406 5989 3469 5989 3469 5990 3406 5990 3471 5990 3406 5991 3408 5991 3471 5991 3471 5992 3408 5992 3473 5992 3408 5993 3410 5993 3473 5993 3473 5994 3410 5994 3475 5994 3410 5995 3412 5995 3475 5995 3475 5996 3412 5996 3477 5996 3412 5997 3375 5997 3477 5997 3477 5998 3375 5998 3479 5998 3375 5999 3374 5999 3479 5999 3479 6000 3374 6000 3481 6000 3374 6001 3373 6001 3481 6001 3481 6002 3373 6002 3483 6002 3373 6003 3372 6003 3483 6003 3483 6004 3372 6004 3485 6004 3372 6005 3371 6005 3485 6005 3485 6006 3371 6006 3487 6006 3371 6007 3370 6007 3487 6007 3487 6008 3370 6008 3488 6008 3370 6009 3363 6009 3488 6009 3641 6010 3642 6010 3643 6010 3644 6011 3641 6011 3645 6011 3641 6012 3643 6012 3645 6012 3645 6013 3643 6013 3646 6013 3643 6014 3647 6014 3646 6014 3646 6015 3647 6015 3648 6015 3647 6016 3649 6016 3648 6016 3650 6017 3651 6017 373 6017 3651 6018 3652 6018 373 6018 373 6019 3652 6019 371 6019 378 6020 3653 6020 376 6020 3653 6021 3654 6021 376 6021 376 6022 3654 6022 374 6022 3654 6023 3655 6023 374 6023 3656 6024 3657 6024 3658 6024 3657 6025 3659 6025 3658 6025 3658 6026 3659 6026 3660 6026 3659 6027 3661 6027 3660 6027 368 6028 3662 6028 3663 6028 375 6029 374 6029 3664 6029 374 6030 3655 6030 3664 6030 3664 6031 3655 6031 3665 6031 3655 6032 3666 6032 3665 6032 3665 6033 3666 6033 3667 6033 3666 6034 3668 6034 3667 6034 3667 6035 3668 6035 3669 6035 3670 6036 3671 6036 3672 6036 3671 6037 3673 6037 3672 6037 3672 6038 3673 6038 3674 6038 3673 6039 3675 6039 3674 6039 3669 6040 3675 6040 3676 6040 3675 6041 3673 6041 3676 6041 3676 6042 3673 6042 3677 6042 3673 6043 3671 6043 3677 6043 3677 6044 3671 6044 3662 6044 3671 6045 3670 6045 3662 6045 3662 6046 3670 6046 3663 6046 379 6047 3678 6047 378 6047 3678 6048 3679 6048 378 6048 378 6049 3679 6049 3653 6049 3679 6050 3656 6050 3653 6050 3653 6051 3656 6051 3654 6051 3656 6052 3658 6052 3654 6052 3654 6053 3658 6053 3655 6053 3658 6054 3660 6054 3655 6054 3655 6055 3660 6055 3666 6055 3660 6056 3661 6056 3666 6056 3666 6057 3661 6057 3668 6057 3680 6058 3681 6058 379 6058 3681 6059 3682 6059 379 6059 379 6060 3682 6060 3678 6060 3682 6061 3683 6061 3678 6061 3678 6062 3683 6062 3679 6062 3683 6063 3684 6063 3679 6063 3679 6064 3684 6064 3656 6064 3684 6065 3685 6065 3656 6065 3656 6066 3685 6066 3657 6066 3686 6067 343 6067 3687 6067 343 6068 3688 6068 3687 6068 3687 6069 3688 6069 3689 6069 3688 6070 3690 6070 3689 6070 3689 6071 3690 6071 3691 6071 3690 6072 3275 6072 3691 6072 3692 6073 3693 6073 3694 6073 3693 6074 365 6074 3694 6074 3695 6075 3696 6075 3697 6075 3696 6076 3692 6076 3697 6076 362 6077 364 6077 3698 6077 3273 6078 3275 6078 3644 6078 3275 6079 3690 6079 3644 6079 3644 6080 3690 6080 3641 6080 3690 6081 3688 6081 3641 6081 3641 6082 3688 6082 3642 6082 3688 6083 343 6083 3642 6083 3642 6084 343 6084 3699 6084 343 6085 342 6085 3699 6085 3699 6086 342 6086 3700 6086 360 6087 3695 6087 3701 6087 354 6088 356 6088 3702 6088 357 6089 359 6089 3703 6089 347 6090 349 6090 3704 6090 349 6091 3705 6091 3704 6091 3704 6092 3705 6092 3706 6092 344 6093 346 6093 3707 6093 346 6094 3708 6094 3707 6094 3707 6095 3708 6095 3709 6095 3710 6096 3711 6096 3712 6096 3711 6097 3713 6097 3712 6097 3712 6098 3713 6098 3714 6098 3713 6099 3715 6099 3714 6099 3714 6100 3715 6100 3716 6100 350 6101 352 6101 3717 6101 352 6102 3718 6102 3717 6102 3717 6103 3718 6103 3719 6103 3718 6104 3720 6104 3719 6104 3719 6105 3720 6105 3721 6105 3722 6106 3706 6106 3721 6106 3706 6107 3705 6107 3721 6107 3721 6108 3705 6108 3719 6108 3705 6109 349 6109 3719 6109 3719 6110 349 6110 3717 6110 349 6111 348 6111 3717 6111 3717 6112 348 6112 350 6112 3723 6113 557 6113 3724 6113 557 6114 559 6114 3724 6114 3724 6115 559 6115 3725 6115 559 6116 1191 6116 3725 6116 3725 6117 1191 6117 1195 6117 1191 6118 1192 6118 1195 6118 1195 6119 1192 6119 1196 6119 1192 6120 1184 6120 1196 6120 1196 6121 1184 6121 3726 6121 1184 6122 1183 6122 3726 6122 3726 6123 1183 6123 3727 6123 1183 6124 3709 6124 3727 6124 3727 6125 3709 6125 3722 6125 3709 6126 3708 6126 3722 6126 3722 6127 3708 6127 3706 6127 3708 6128 346 6128 3706 6128 3706 6129 346 6129 3704 6129 346 6130 345 6130 3704 6130 3704 6131 345 6131 347 6131 353 6132 355 6132 3728 6132 355 6133 3729 6133 3728 6133 3728 6134 3729 6134 3730 6134 3729 6135 3731 6135 3730 6135 3730 6136 3731 6136 3732 6136 3731 6137 3733 6137 3732 6137 3732 6138 3733 6138 3734 6138 1180 6139 3716 6139 1181 6139 3716 6140 3715 6140 1181 6140 1181 6141 3715 6141 1183 6141 3715 6142 3713 6142 1183 6142 1183 6143 3713 6143 3709 6143 3713 6144 3711 6144 3709 6144 3709 6145 3711 6145 3707 6145 3711 6146 3710 6146 3707 6146 3707 6147 3710 6147 344 6147 3735 6148 3736 6148 3737 6148 3736 6149 3738 6149 3737 6149 3737 6150 3738 6150 3739 6150 3738 6151 3740 6151 3739 6151 3739 6152 3740 6152 3741 6152 3740 6153 3742 6153 3741 6153 3741 6154 3742 6154 3743 6154 3742 6155 3744 6155 3743 6155 3743 6156 3744 6156 3745 6156 3746 6157 3747 6157 3748 6157 3747 6158 3749 6158 3748 6158 3748 6159 3749 6159 3750 6159 3749 6160 3751 6160 3750 6160 3750 6161 3751 6161 3752 6161 3751 6162 3753 6162 3752 6162 3752 6163 3753 6163 3754 6163 3753 6164 3755 6164 3754 6164 3754 6165 3755 6165 3756 6165 3755 6166 3757 6166 3756 6166 3756 6167 3757 6167 3758 6167 365 6168 367 6168 3694 6168 367 6169 3759 6169 3694 6169 3694 6170 3759 6170 3760 6170 3759 6171 3761 6171 3760 6171 3760 6172 3761 6172 3762 6172 3761 6173 3763 6173 3762 6173 3762 6174 3763 6174 3764 6174 3763 6175 3765 6175 3764 6175 3764 6176 3765 6176 3766 6176 3765 6177 3767 6177 3766 6177 3766 6178 3767 6178 3768 6178 3767 6179 3769 6179 3768 6179 3768 6180 3769 6180 3770 6180 3769 6181 3771 6181 3770 6181 3770 6182 3771 6182 3772 6182 3773 6183 3774 6183 3775 6183 3774 6184 3776 6184 3775 6184 3775 6185 3776 6185 366 6185 3776 6186 3777 6186 366 6186 366 6187 3777 6187 367 6187 3777 6188 3746 6188 367 6188 367 6189 3746 6189 3759 6189 3746 6190 3748 6190 3759 6190 3759 6191 3748 6191 3761 6191 3748 6192 3750 6192 3761 6192 3761 6193 3750 6193 3763 6193 3750 6194 3752 6194 3763 6194 3763 6195 3752 6195 3765 6195 3752 6196 3754 6196 3765 6196 3765 6197 3754 6197 3767 6197 3754 6198 3756 6198 3767 6198 3767 6199 3756 6199 3769 6199 3756 6200 3758 6200 3769 6200 3769 6201 3758 6201 3771 6201 356 6202 358 6202 3702 6202 358 6203 3778 6203 3702 6203 3702 6204 3778 6204 3779 6204 3778 6205 3780 6205 3779 6205 3779 6206 3780 6206 3781 6206 3780 6207 3782 6207 3781 6207 3781 6208 3782 6208 3783 6208 3782 6209 3784 6209 3783 6209 3783 6210 3784 6210 3785 6210 3784 6211 3786 6211 3785 6211 3785 6212 3786 6212 3787 6212 3733 6213 3788 6213 3734 6213 3788 6214 3789 6214 3734 6214 3734 6215 3789 6215 3790 6215 3789 6216 3791 6216 3790 6216 3790 6217 3791 6217 3792 6217 3791 6218 3793 6218 3792 6218 3792 6219 3793 6219 3794 6219 3793 6220 3795 6220 3794 6220 3794 6221 3795 6221 3796 6221 3795 6222 3797 6222 3796 6222 3796 6223 3797 6223 1197 6223 3695 6224 3697 6224 3701 6224 3697 6225 3798 6225 3701 6225 3701 6226 3798 6226 3799 6226 3798 6227 3800 6227 3799 6227 3799 6228 3800 6228 3801 6228 3800 6229 3802 6229 3801 6229 3801 6230 3802 6230 3803 6230 3802 6231 3804 6231 3803 6231 3803 6232 3804 6232 3805 6232 3804 6233 3806 6233 3805 6233 3805 6234 3806 6234 3807 6234 3806 6235 3808 6235 3807 6235 3807 6236 3808 6236 3809 6236 3808 6237 3810 6237 3809 6237 3809 6238 3810 6238 3811 6238 360 6239 3701 6239 361 6239 3701 6240 3799 6240 361 6240 361 6241 3799 6241 3812 6241 3799 6242 3801 6242 3812 6242 3812 6243 3801 6243 3813 6243 3801 6244 3803 6244 3813 6244 3813 6245 3803 6245 3814 6245 3803 6246 3805 6246 3814 6246 3814 6247 3805 6247 3815 6247 3805 6248 3807 6248 3815 6248 3815 6249 3807 6249 3816 6249 3807 6250 3809 6250 3816 6250 3816 6251 3809 6251 3817 6251 3809 6252 3811 6252 3817 6252 3817 6253 3811 6253 3818 6253 359 6254 361 6254 3703 6254 361 6255 3812 6255 3703 6255 3703 6256 3812 6256 3819 6256 3812 6257 3813 6257 3819 6257 3819 6258 3813 6258 3820 6258 3813 6259 3814 6259 3820 6259 3820 6260 3814 6260 3821 6260 3814 6261 3815 6261 3821 6261 3821 6262 3815 6262 3822 6262 3815 6263 3816 6263 3822 6263 3822 6264 3816 6264 3823 6264 3816 6265 3817 6265 3823 6265 3823 6266 3817 6266 3824 6266 3817 6267 3818 6267 3824 6267 3824 6268 3818 6268 3825 6268 3786 6269 3826 6269 3787 6269 3826 6270 3827 6270 3787 6270 3787 6271 3827 6271 3828 6271 3827 6272 3829 6272 3828 6272 3828 6273 3829 6273 3830 6273 3829 6274 3831 6274 3830 6274 3830 6275 3831 6275 3832 6275 3831 6276 3833 6276 3832 6276 3832 6277 3833 6277 3834 6277 354 6278 3702 6278 355 6278 3702 6279 3779 6279 355 6279 355 6280 3779 6280 3729 6280 3779 6281 3781 6281 3729 6281 3729 6282 3781 6282 3731 6282 3781 6283 3783 6283 3731 6283 3731 6284 3783 6284 3733 6284 3783 6285 3785 6285 3733 6285 3733 6286 3785 6286 3788 6286 3785 6287 3787 6287 3788 6287 3788 6288 3787 6288 3789 6288 3787 6289 3828 6289 3789 6289 3789 6290 3828 6290 3791 6290 3828 6291 3830 6291 3791 6291 3791 6292 3830 6292 3793 6292 3830 6293 3832 6293 3793 6293 3793 6294 3832 6294 3795 6294 3832 6295 3834 6295 3795 6295 3795 6296 3834 6296 3797 6296 3692 6297 3694 6297 3697 6297 3694 6298 3760 6298 3697 6298 3697 6299 3760 6299 3798 6299 3760 6300 3762 6300 3798 6300 3798 6301 3762 6301 3800 6301 3762 6302 3764 6302 3800 6302 3800 6303 3764 6303 3802 6303 3764 6304 3766 6304 3802 6304 3802 6305 3766 6305 3804 6305 3766 6306 3768 6306 3804 6306 3804 6307 3768 6307 3806 6307 3768 6308 3770 6308 3806 6308 3806 6309 3770 6309 3808 6309 3770 6310 3772 6310 3808 6310 3808 6311 3772 6311 3810 6311 1197 6312 1196 6312 3796 6312 1196 6313 3726 6313 3796 6313 3796 6314 3726 6314 3794 6314 3726 6315 3727 6315 3794 6315 3794 6316 3727 6316 3792 6316 3727 6317 3722 6317 3792 6317 3792 6318 3722 6318 3790 6318 3722 6319 3721 6319 3790 6319 3790 6320 3721 6320 3734 6320 3721 6321 3720 6321 3734 6321 3734 6322 3720 6322 3732 6322 3720 6323 3718 6323 3732 6323 3732 6324 3718 6324 3730 6324 3718 6325 352 6325 3730 6325 3730 6326 352 6326 3728 6326 352 6327 351 6327 3728 6327 3728 6328 351 6328 353 6328 3835 6329 3836 6329 340 6329 3836 6330 3837 6330 340 6330 340 6331 3837 6331 338 6331 3837 6332 370 6332 338 6332 338 6333 370 6333 3838 6333 370 6334 369 6334 3838 6334 3839 6335 3835 6335 3840 6335 3835 6336 340 6336 3840 6336 3840 6337 340 6337 337 6337 340 6338 339 6338 337 6338 337 6339 339 6339 335 6339 3838 6340 3841 6340 338 6340 3841 6341 3842 6341 338 6341 338 6342 3842 6342 339 6342 3842 6343 3843 6343 339 6343 339 6344 3843 6344 335 6344 3844 6345 3845 6345 3846 6345 3844 6346 3846 6346 3847 6346 3848 6347 3849 6347 3850 6347 3846 6348 3851 6348 3847 6348 3851 6349 3852 6349 3847 6349 3847 6350 3852 6350 3849 6350 3852 6351 3853 6351 3849 6351 3849 6352 3853 6352 3850 6352 368 6353 3663 6353 369 6353 3663 6354 3854 6354 369 6354 369 6355 3854 6355 3838 6355 3854 6356 3855 6356 3838 6356 3838 6357 3855 6357 3841 6357 3855 6358 3856 6358 3841 6358 3841 6359 3856 6359 3842 6359 3856 6360 3857 6360 3842 6360 3842 6361 3857 6361 3843 6361 3857 6362 3858 6362 3843 6362 3843 6363 3858 6363 335 6363 3858 6364 3859 6364 335 6364 335 6365 3859 6365 336 6365 3860 6366 3861 6366 3862 6366 3861 6367 3863 6367 3862 6367 3862 6368 3863 6368 3848 6368 3863 6369 3864 6369 3848 6369 3848 6370 3864 6370 3849 6370 3864 6371 3865 6371 3849 6371 3849 6372 3865 6372 3847 6372 3865 6373 3866 6373 3847 6373 3847 6374 3866 6374 3844 6374 3862 6375 3867 6375 3860 6375 3867 6376 3868 6376 3860 6376 3860 6377 3868 6377 3869 6377 3870 6378 3871 6378 3869 6378 3871 6379 332 6379 3869 6379 3869 6380 332 6380 3860 6380 332 6381 334 6381 3860 6381 3860 6382 334 6382 3861 6382 3850 6383 3872 6383 3848 6383 3872 6384 3873 6384 3848 6384 3848 6385 3873 6385 3862 6385 3873 6386 3874 6386 3862 6386 3862 6387 3874 6387 3867 6387 3875 6388 3876 6388 3839 6388 3876 6389 3877 6389 3839 6389 3839 6390 3877 6390 3835 6390 3877 6391 3878 6391 3835 6391 3835 6392 3878 6392 3836 6392 3878 6393 371 6393 3836 6393 3836 6394 371 6394 3837 6394 371 6395 3652 6395 3837 6395 3837 6396 3652 6396 370 6396 3652 6397 3651 6397 370 6397 370 6398 3651 6398 368 6398 3651 6399 3650 6399 368 6399 368 6400 3650 6400 3662 6400 3650 6401 3879 6401 3662 6401 3662 6402 3879 6402 3677 6402 3879 6403 3880 6403 3677 6403 3677 6404 3880 6404 3676 6404 3881 6405 3882 6405 3883 6405 3882 6406 3884 6406 3883 6406 3883 6407 3884 6407 3885 6407 3884 6408 3886 6408 3885 6408 3885 6409 3886 6409 3887 6409 3888 6410 3889 6410 3890 6410 3889 6411 3891 6411 3890 6411 3890 6412 3891 6412 3892 6412 3891 6413 3893 6413 3892 6413 3892 6414 3893 6414 3894 6414 3893 6415 3895 6415 3894 6415 3894 6416 3895 6416 3735 6416 3895 6417 3896 6417 3735 6417 3735 6418 3896 6418 3736 6418 3896 6419 3897 6419 3736 6419 3736 6420 3897 6420 3738 6420 3897 6421 3898 6421 3738 6421 3738 6422 3898 6422 3740 6422 3898 6423 3899 6423 3740 6423 3740 6424 3899 6424 3742 6424 3899 6425 3900 6425 3742 6425 3742 6426 3900 6426 3744 6426 3901 6427 3902 6427 3903 6427 3902 6428 3904 6428 3903 6428 3903 6429 3904 6429 3905 6429 3904 6430 3906 6430 3905 6430 3905 6431 3906 6431 3907 6431 3906 6432 3908 6432 3907 6432 3909 6433 3910 6433 307 6433 3910 6434 3911 6434 307 6434 307 6435 3911 6435 308 6435 3911 6436 1282 6436 308 6436 308 6437 1282 6437 553 6437 1282 6438 1284 6438 553 6438 553 6439 1284 6439 551 6439 1284 6440 1283 6440 551 6440 551 6441 1283 6441 550 6441 1283 6442 1222 6442 550 6442 550 6443 1222 6443 548 6443 1222 6444 1221 6444 548 6444 548 6445 1221 6445 1217 6445 1221 6446 1219 6446 1217 6446 3912 6447 3913 6447 3914 6447 3913 6448 3915 6448 3914 6448 3914 6449 3915 6449 3908 6449 3915 6450 3916 6450 3908 6450 3908 6451 3916 6451 3907 6451 3917 6452 3918 6452 3912 6452 3918 6453 3919 6453 3912 6453 3912 6454 3919 6454 3913 6454 3920 6455 3921 6455 3922 6455 3921 6456 3923 6456 3922 6456 3922 6457 3923 6457 3924 6457 3923 6458 3925 6458 3924 6458 3924 6459 3925 6459 3926 6459 1224 6460 1271 6460 1226 6460 1271 6461 1273 6461 1226 6461 1226 6462 1273 6462 1228 6462 1273 6463 1275 6463 1228 6463 1228 6464 1275 6464 1230 6464 1275 6465 1277 6465 1230 6465 1230 6466 1277 6466 1231 6466 1277 6467 1279 6467 1231 6467 1231 6468 1279 6468 3927 6468 1279 6469 1281 6469 3927 6469 3927 6470 1281 6470 3928 6470 1281 6471 1282 6471 3928 6471 3928 6472 1282 6472 540 6472 1282 6473 3911 6473 540 6473 540 6474 3911 6474 541 6474 3911 6475 3910 6475 541 6475 3745 6476 3744 6476 3929 6476 3744 6477 3900 6477 3929 6477 3929 6478 3900 6478 3930 6478 3900 6479 3899 6479 3930 6479 3930 6480 3899 6480 3931 6480 3899 6481 3898 6481 3931 6481 3931 6482 3898 6482 3932 6482 3898 6483 3897 6483 3932 6483 3932 6484 3897 6484 3933 6484 3897 6485 3896 6485 3933 6485 3933 6486 3896 6486 3934 6486 3896 6487 3895 6487 3934 6487 3934 6488 3895 6488 3935 6488 3895 6489 3893 6489 3935 6489 3935 6490 3893 6490 328 6490 3893 6491 3891 6491 328 6491 328 6492 3891 6492 326 6492 3891 6493 3889 6493 326 6493 326 6494 3889 6494 3936 6494 3889 6495 3888 6495 3936 6495 3936 6496 3888 6496 3937 6496 3888 6497 3938 6497 3937 6497 3937 6498 3938 6498 3920 6498 3939 6499 3940 6499 3941 6499 3536 6500 364 6500 3537 6500 364 6501 363 6501 3537 6501 3537 6502 363 6502 3942 6502 363 6503 362 6503 3942 6503 3942 6504 362 6504 3943 6504 362 6505 3698 6505 3943 6505 3943 6506 3698 6506 3929 6506 3698 6507 3944 6507 3929 6507 3929 6508 3944 6508 3745 6508 3944 6509 3945 6509 3745 6509 3745 6510 3945 6510 3743 6510 3945 6511 3946 6511 3743 6511 3743 6512 3946 6512 3741 6512 3946 6513 3947 6513 3741 6513 3741 6514 3947 6514 3739 6514 3947 6515 3948 6515 3739 6515 3739 6516 3948 6516 3737 6516 3948 6517 3949 6517 3737 6517 3737 6518 3949 6518 3735 6518 3949 6519 3950 6519 3735 6519 3735 6520 3950 6520 3894 6520 3950 6521 3951 6521 3894 6521 3894 6522 3951 6522 3892 6522 3951 6523 3952 6523 3892 6523 3892 6524 3952 6524 3890 6524 3952 6525 3953 6525 3890 6525 3890 6526 3953 6526 3888 6526 3953 6527 3954 6527 3888 6527 3888 6528 3954 6528 3938 6528 3954 6529 3955 6529 3938 6529 3956 6530 3941 6530 3957 6530 3941 6531 3940 6531 3957 6531 3957 6532 3940 6532 3958 6532 3958 6533 312 6533 3959 6533 321 6534 320 6534 3960 6534 320 6535 3961 6535 3960 6535 3960 6536 3961 6536 3962 6536 3961 6537 3963 6537 3962 6537 3962 6538 3963 6538 3964 6538 3963 6539 3965 6539 3964 6539 3964 6540 3965 6540 324 6540 3966 6541 3967 6541 3968 6541 3967 6542 3956 6542 3968 6542 3958 6543 3959 6543 3957 6543 3959 6544 3969 6544 3957 6544 3957 6545 3969 6545 3956 6545 3969 6546 3970 6546 3956 6546 3956 6547 3970 6547 3968 6547 322 6548 3971 6548 320 6548 3971 6549 3972 6549 320 6549 320 6550 3972 6550 3961 6550 3972 6551 3973 6551 3961 6551 3961 6552 3973 6552 3963 6552 3973 6553 3974 6553 3963 6553 3963 6554 3974 6554 3965 6554 341 6555 343 6555 3975 6555 343 6556 3686 6556 3975 6556 3975 6557 3686 6557 3976 6557 3686 6558 3977 6558 3976 6558 3976 6559 3977 6559 3978 6559 3977 6560 3979 6560 3978 6560 3978 6561 3979 6561 3980 6561 3979 6562 3981 6562 3980 6562 3980 6563 3981 6563 3982 6563 3981 6564 3983 6564 3982 6564 3982 6565 3983 6565 3984 6565 3983 6566 3985 6566 3984 6566 3984 6567 3985 6567 3986 6567 3985 6568 3987 6568 3986 6568 3986 6569 3987 6569 3988 6569 3987 6570 3989 6570 3988 6570 3988 6571 3989 6571 3990 6571 3989 6572 3991 6572 3990 6572 3990 6573 3991 6573 3992 6573 324 6574 323 6574 3964 6574 323 6575 3993 6575 3964 6575 3964 6576 3993 6576 3962 6576 3993 6577 3994 6577 3962 6577 3962 6578 3994 6578 3960 6578 3994 6579 3995 6579 3960 6579 3960 6580 3995 6580 321 6580 311 6581 3996 6581 312 6581 3996 6582 3997 6582 312 6582 312 6583 3997 6583 3959 6583 3997 6584 3998 6584 3959 6584 3959 6585 3998 6585 3969 6585 3998 6586 3999 6586 3969 6586 3969 6587 3999 6587 3970 6587 3999 6588 4000 6588 3970 6588 3970 6589 4000 6589 3968 6589 4000 6590 4001 6590 3968 6590 3968 6591 4001 6591 3966 6591 4002 6592 322 6592 4003 6592 322 6593 321 6593 4003 6593 4003 6594 321 6594 4001 6594 321 6595 3995 6595 4001 6595 4001 6596 3995 6596 3966 6596 3995 6597 3994 6597 3966 6597 3966 6598 3994 6598 3967 6598 3994 6599 3993 6599 3967 6599 3967 6600 3993 6600 3956 6600 3993 6601 323 6601 3956 6601 3956 6602 323 6602 3941 6602 323 6603 325 6603 3941 6603 3941 6604 325 6604 3939 6604 3920 6605 3938 6605 3921 6605 3938 6606 3955 6606 3921 6606 3921 6607 3955 6607 3923 6607 3955 6608 317 6608 3923 6608 3923 6609 317 6609 3925 6609 317 6610 319 6610 3925 6610 3925 6611 319 6611 3926 6611 3421 6612 3649 6612 3419 6612 3649 6613 3647 6613 3419 6613 3419 6614 3647 6614 3424 6614 3647 6615 3643 6615 3424 6615 3424 6616 3643 6616 3536 6616 3643 6617 3642 6617 3536 6617 3536 6618 3642 6618 364 6618 3642 6619 3699 6619 364 6619 364 6620 3699 6620 3698 6620 3699 6621 3700 6621 3698 6621 3698 6622 3700 6622 3944 6622 3700 6623 342 6623 3944 6623 3944 6624 342 6624 3945 6624 342 6625 341 6625 3945 6625 3945 6626 341 6626 3946 6626 341 6627 3975 6627 3946 6627 3946 6628 3975 6628 3947 6628 3975 6629 3976 6629 3947 6629 3947 6630 3976 6630 3948 6630 3976 6631 3978 6631 3948 6631 3948 6632 3978 6632 3949 6632 3978 6633 3980 6633 3949 6633 3949 6634 3980 6634 3950 6634 3980 6635 3982 6635 3950 6635 3950 6636 3982 6636 3951 6636 3982 6637 3984 6637 3951 6637 3951 6638 3984 6638 3952 6638 3984 6639 3986 6639 3952 6639 3952 6640 3986 6640 3953 6640 3986 6641 3988 6641 3953 6641 3953 6642 3988 6642 3954 6642 3988 6643 3990 6643 3954 6643 3954 6644 3990 6644 3955 6644 3990 6645 3992 6645 3955 6645 3955 6646 3992 6646 317 6646 3992 6647 4004 6647 317 6647 317 6648 4004 6648 318 6648 3991 6649 4005 6649 3992 6649 4005 6650 313 6650 3992 6650 3992 6651 313 6651 4004 6651 313 6652 315 6652 4004 6652 4004 6653 315 6653 318 6653 315 6654 316 6654 318 6654 318 6655 316 6655 319 6655 316 6656 3917 6656 319 6656 319 6657 3917 6657 3926 6657 3917 6658 3912 6658 3926 6658 3926 6659 3912 6659 3924 6659 3912 6660 3914 6660 3924 6660 3924 6661 3914 6661 3922 6661 3914 6662 3908 6662 3922 6662 3922 6663 3908 6663 3920 6663 3908 6664 3906 6664 3920 6664 3920 6665 3906 6665 3937 6665 3906 6666 3904 6666 3937 6666 3937 6667 3904 6667 3936 6667 3904 6668 3902 6668 3936 6668 3936 6669 3902 6669 326 6669 3902 6670 3901 6670 326 6670 326 6671 3901 6671 327 6671 3996 6672 4006 6672 3997 6672 4006 6673 4007 6673 3997 6673 3997 6674 4007 6674 3998 6674 4007 6675 4008 6675 3998 6675 3998 6676 4008 6676 3999 6676 4008 6677 4009 6677 3999 6677 3999 6678 4009 6678 4000 6678 4009 6679 4010 6679 4000 6679 4000 6680 4010 6680 4001 6680 4010 6681 4011 6681 4001 6681 4001 6682 4011 6682 4003 6682 4011 6683 4012 6683 4003 6683 4003 6684 4012 6684 4002 6684 316 6685 542 6685 3917 6685 542 6686 541 6686 3917 6686 3917 6687 541 6687 3918 6687 541 6688 3910 6688 3918 6688 3918 6689 3910 6689 3919 6689 3910 6690 3909 6690 3919 6690 3919 6691 3909 6691 3913 6691 3909 6692 4013 6692 3913 6692 3913 6693 4013 6693 3915 6693 4013 6694 3825 6694 3915 6694 3915 6695 3825 6695 3916 6695 3825 6696 3818 6696 3916 6696 3916 6697 3818 6697 3907 6697 3818 6698 3811 6698 3907 6698 3907 6699 3811 6699 3905 6699 3811 6700 3810 6700 3905 6700 3905 6701 3810 6701 3903 6701 3810 6702 3772 6702 3903 6702 3903 6703 3772 6703 3901 6703 3772 6704 3771 6704 3901 6704 3901 6705 3771 6705 327 6705 3771 6706 3758 6706 327 6706 327 6707 3758 6707 328 6707 3758 6708 3757 6708 328 6708 328 6709 3757 6709 3935 6709 3757 6710 3755 6710 3935 6710 3935 6711 3755 6711 3934 6711 3755 6712 3753 6712 3934 6712 3934 6713 3753 6713 3933 6713 3753 6714 3751 6714 3933 6714 3933 6715 3751 6715 3932 6715 3751 6716 3749 6716 3932 6716 3932 6717 3749 6717 3931 6717 3749 6718 3747 6718 3931 6718 3931 6719 3747 6719 3930 6719 3747 6720 3746 6720 3930 6720 3930 6721 3746 6721 3929 6721 3746 6722 3777 6722 3929 6722 3929 6723 3777 6723 3943 6723 3777 6724 3776 6724 3943 6724 3943 6725 3776 6725 3942 6725 3776 6726 3774 6726 3942 6726 3942 6727 3774 6727 3537 6727 3774 6728 3773 6728 3537 6728 3537 6729 3773 6729 3422 6729 330 6730 310 6730 331 6730 310 6731 312 6731 331 6731 331 6732 312 6732 4014 6732 312 6733 3958 6733 4014 6733 4014 6734 3958 6734 4015 6734 3958 6735 3940 6735 4015 6735 4015 6736 3940 6736 4016 6736 3940 6737 3939 6737 4016 6737 4016 6738 3939 6738 3887 6738 3939 6739 325 6739 3887 6739 3887 6740 325 6740 3885 6740 325 6741 324 6741 3885 6741 3885 6742 324 6742 3883 6742 324 6743 3965 6743 3883 6743 3883 6744 3965 6744 3881 6744 3965 6745 3974 6745 3881 6745 357 6746 3703 6746 358 6746 3703 6747 3819 6747 358 6747 358 6748 3819 6748 3778 6748 3819 6749 3820 6749 3778 6749 3778 6750 3820 6750 3780 6750 3820 6751 3821 6751 3780 6751 3780 6752 3821 6752 3782 6752 3821 6753 3822 6753 3782 6753 3782 6754 3822 6754 3784 6754 3822 6755 3823 6755 3784 6755 3784 6756 3823 6756 3786 6756 3823 6757 3824 6757 3786 6757 3786 6758 3824 6758 3826 6758 3824 6759 3825 6759 3826 6759 3826 6760 3825 6760 3827 6760 3825 6761 4013 6761 3827 6761 3827 6762 4013 6762 3829 6762 4013 6763 3909 6763 3829 6763 3829 6764 3909 6764 3831 6764 3909 6765 307 6765 3831 6765 3831 6766 307 6766 3833 6766 307 6767 309 6767 3833 6767 3833 6768 309 6768 3834 6768 309 6769 1214 6769 3834 6769 3834 6770 1214 6770 3797 6770 1214 6771 554 6771 3797 6771 3797 6772 554 6772 1197 6772 554 6773 556 6773 1197 6773 1197 6774 556 6774 1195 6774 556 6775 1194 6775 1195 6775 1195 6776 1194 6776 3725 6776 1194 6777 1206 6777 3725 6777 3725 6778 1206 6778 3724 6778 1206 6779 1205 6779 3724 6779 3724 6780 1205 6780 3723 6780 3674 6781 3845 6781 3672 6781 3845 6782 3844 6782 3672 6782 3672 6783 3844 6783 3670 6783 3844 6784 3866 6784 3670 6784 3670 6785 3866 6785 3663 6785 3866 6786 3865 6786 3663 6786 3663 6787 3865 6787 3854 6787 3865 6788 3864 6788 3854 6788 3854 6789 3864 6789 3855 6789 3864 6790 3863 6790 3855 6790 3855 6791 3863 6791 3856 6791 3863 6792 3861 6792 3856 6792 3856 6793 3861 6793 3857 6793 3861 6794 334 6794 3857 6794 3857 6795 334 6795 3858 6795 334 6796 333 6796 3858 6796 3858 6797 333 6797 3859 6797 3723 6798 3590 6798 557 6798 3590 6799 3592 6799 557 6799 557 6800 3592 6800 558 6800 3592 6801 3594 6801 558 6801 558 6802 3594 6802 1189 6802 3594 6803 3596 6803 1189 6803 1189 6804 3596 6804 1187 6804 3596 6805 3598 6805 1187 6805 1187 6806 3598 6806 1185 6806 3598 6807 3600 6807 1185 6807 1185 6808 3600 6808 1180 6808 3600 6809 3602 6809 1180 6809 1180 6810 3602 6810 3716 6810 3602 6811 3604 6811 3716 6811 3716 6812 3604 6812 3714 6812 3604 6813 3606 6813 3714 6813 3714 6814 3606 6814 3712 6814 3606 6815 3608 6815 3712 6815 3712 6816 3608 6816 3710 6816 3608 6817 3610 6817 3710 6817 3710 6818 3610 6818 344 6818 3610 6819 3612 6819 344 6819 344 6820 3612 6820 345 6820 3612 6821 3614 6821 345 6821 345 6822 3614 6822 347 6822 3614 6823 3616 6823 347 6823 347 6824 3616 6824 348 6824 3616 6825 3618 6825 348 6825 348 6826 3618 6826 350 6826 3618 6827 3620 6827 350 6827 350 6828 3620 6828 351 6828 3620 6829 3622 6829 351 6829 351 6830 3622 6830 353 6830 3622 6831 3624 6831 353 6831 353 6832 3624 6832 354 6832 3624 6833 3626 6833 354 6833 354 6834 3626 6834 356 6834 3626 6835 3628 6835 356 6835 356 6836 3628 6836 357 6836 3628 6837 3630 6837 357 6837 357 6838 3630 6838 359 6838 3630 6839 3632 6839 359 6839 359 6840 3632 6840 360 6840 3632 6841 3634 6841 360 6841 360 6842 3634 6842 3695 6842 3634 6843 3636 6843 3695 6843 3695 6844 3636 6844 3696 6844 3636 6845 3638 6845 3696 6845 3696 6846 3638 6846 3692 6846 3638 6847 3639 6847 3692 6847 3692 6848 3639 6848 3693 6848 3639 6849 3640 6849 3693 6849 3693 6850 3640 6850 365 6850 3640 6851 3538 6851 365 6851 365 6852 3538 6852 366 6852 3538 6853 3535 6853 366 6853 366 6854 3535 6854 3775 6854 3535 6855 3533 6855 3775 6855 3775 6856 3533 6856 3773 6856 3533 6857 3531 6857 3773 6857 3773 6858 3531 6858 3422 6858 3531 6859 3417 6859 3422 6859 3422 6860 3417 6860 3420 6860 3417 6861 3418 6861 3420 6861 3420 6862 3418 6862 3421 6862 372 6863 4017 6863 380 6863 4017 6864 4018 6864 380 6864 380 6865 4018 6865 4019 6865 4018 6866 4020 6866 4019 6866 4019 6867 4020 6867 4021 6867 4020 6868 4022 6868 4021 6868 4021 6869 4022 6869 4023 6869 31 6870 644 6870 642 6870 644 6871 3252 6871 642 6871 642 6872 3252 6872 3271 6872 3252 6873 3253 6873 3271 6873 3271 6874 3253 6874 3272 6874 3253 6875 3254 6875 3272 6875 3272 6876 3254 6876 393 6876 3254 6877 3264 6877 393 6877 393 6878 3264 6878 391 6878 3264 6879 3267 6879 391 6879 391 6880 3267 6880 4024 6880 3267 6881 3266 6881 4024 6881 4024 6882 3266 6882 4025 6882 3266 6883 3265 6883 4025 6883 4025 6884 3265 6884 4026 6884 3265 6885 4027 6885 4026 6885 4026 6886 4027 6886 4028 6886 306 6887 305 6887 3282 6887 4029 6888 4030 6888 4031 6888 4030 6889 4032 6889 4031 6889 4031 6890 4032 6890 4033 6890 3669 6891 3676 6891 3667 6891 3676 6892 3880 6892 3667 6892 3667 6893 3880 6893 3665 6893 3880 6894 3879 6894 3665 6894 3665 6895 3879 6895 3664 6895 3879 6896 3650 6896 3664 6896 3664 6897 3650 6897 375 6897 3650 6898 373 6898 375 6898 375 6899 373 6899 376 6899 373 6900 380 6900 376 6900 376 6901 380 6901 377 6901 380 6902 4019 6902 377 6902 377 6903 4019 6903 379 6903 4019 6904 4021 6904 379 6904 379 6905 4021 6905 3680 6905 4021 6906 4023 6906 3680 6906 3680 6907 4023 6907 4034 6907 4035 6908 4032 6908 4036 6908 4032 6909 4030 6909 4036 6909 4036 6910 4030 6910 4037 6910 4030 6911 4029 6911 4037 6911 4037 6912 4029 6912 4038 6912 3645 6913 3270 6913 3644 6913 3270 6914 3269 6914 3644 6914 3644 6915 3269 6915 3273 6915 3269 6916 392 6916 3273 6916 3273 6917 392 6917 3274 6917 392 6918 391 6918 3274 6918 3274 6919 391 6919 3280 6919 391 6920 4024 6920 3280 6920 3280 6921 4024 6921 3281 6921 4024 6922 4025 6922 3281 6922 3281 6923 4025 6923 3282 6923 4025 6924 4026 6924 3282 6924 3282 6925 4026 6925 306 6925 4026 6926 4028 6926 306 6926 306 6927 4028 6927 304 6927 4039 6928 4040 6928 4041 6928 4040 6929 4042 6929 4041 6929 4041 6930 4042 6930 4043 6930 4042 6931 303 6931 4043 6931 4044 6932 4045 6932 4046 6932 4044 6933 4046 6933 4047 6933 4048 6934 4049 6934 4050 6934 4049 6935 4051 6935 4050 6935 4050 6936 4051 6936 4052 6936 4051 6937 4053 6937 4052 6937 296 6938 4054 6938 4055 6938 4056 6939 4057 6939 4058 6939 4057 6940 4059 6940 4058 6940 4058 6941 4059 6941 4060 6941 4061 6942 4062 6942 4063 6942 4061 6943 4063 6943 4064 6943 4061 6944 4056 6944 4062 6944 4056 6945 4058 6945 4062 6945 4062 6946 4058 6946 4065 6946 4058 6947 4060 6947 4065 6947 4065 6948 4060 6948 4066 6948 4022 6949 4033 6949 4023 6949 4033 6950 4032 6950 4023 6950 4023 6951 4032 6951 4034 6951 4032 6952 4035 6952 4034 6952 4034 6953 4035 6953 4067 6953 4035 6954 4068 6954 4067 6954 4067 6955 4068 6955 4069 6955 4038 6956 4070 6956 4037 6956 4070 6957 4071 6957 4037 6957 4037 6958 4071 6958 4036 6958 4071 6959 4072 6959 4036 6959 4036 6960 4072 6960 4035 6960 4072 6961 4073 6961 4035 6961 4035 6962 4073 6962 4068 6962 4073 6963 4074 6963 4068 6963 4068 6964 4074 6964 4069 6964 4063 6965 4075 6965 4064 6965 4075 6966 4076 6966 4064 6966 4064 6967 4076 6967 4077 6967 4076 6968 4078 6968 4077 6968 4077 6969 4078 6969 4079 6969 4078 6970 4080 6970 4079 6970 4079 6971 4080 6971 4081 6971 4080 6972 4082 6972 4081 6972 4081 6973 4082 6973 4083 6973 4082 6974 4084 6974 4083 6974 4083 6975 4084 6975 4085 6975 4084 6976 4086 6976 4085 6976 4087 6977 4088 6977 4089 6977 4088 6978 4090 6978 4089 6978 4089 6979 4090 6979 4091 6979 4090 6980 4092 6980 4091 6980 4091 6981 4092 6981 4093 6981 4092 6982 4094 6982 4093 6982 4093 6983 4094 6983 4095 6983 4094 6984 4096 6984 4095 6984 4095 6985 4096 6985 4097 6985 4096 6986 4098 6986 4097 6986 4097 6987 4098 6987 4099 6987 4100 6988 4099 6988 4101 6988 4099 6989 4098 6989 4101 6989 4101 6990 4098 6990 4102 6990 4098 6991 4096 6991 4102 6991 4102 6992 4096 6992 4103 6992 4096 6993 4094 6993 4103 6993 4103 6994 4094 6994 4104 6994 4094 6995 4092 6995 4104 6995 4104 6996 4092 6996 4105 6996 4092 6997 4090 6997 4105 6997 4105 6998 4090 6998 4106 6998 4090 6999 4088 6999 4106 6999 4106 7000 4088 7000 4107 7000 4088 7001 4087 7001 4107 7001 4107 7002 4087 7002 4108 7002 4087 7003 4109 7003 4108 7003 4108 7004 4109 7004 4110 7004 4111 7005 4112 7005 4113 7005 4113 7006 4112 7006 4114 7006 4112 7007 4115 7007 4114 7007 4114 7008 4115 7008 4116 7008 4115 7009 4117 7009 4116 7009 4116 7010 4117 7010 4118 7010 4119 7011 4120 7011 4121 7011 4122 7012 4123 7012 4124 7012 4123 7013 4125 7013 4124 7013 4124 7014 4125 7014 4126 7014 4120 7015 4119 7015 4127 7015 4119 7016 4128 7016 4127 7016 4127 7017 4128 7017 4129 7017 4121 7018 4130 7018 4119 7018 4130 7019 4131 7019 4119 7019 4119 7020 4131 7020 4128 7020 4131 7021 4132 7021 4128 7021 4128 7022 4132 7022 4129 7022 4132 7023 4133 7023 4129 7023 4129 7024 4133 7024 4134 7024 4133 7025 4135 7025 4134 7025 4134 7026 4135 7026 4086 7026 4135 7027 4136 7027 4086 7027 4086 7028 4136 7028 4085 7028 4066 7029 4137 7029 4110 7029 4137 7030 4138 7030 4110 7030 4110 7031 4138 7031 4108 7031 4138 7032 4139 7032 4108 7032 4108 7033 4139 7033 4107 7033 4139 7034 4140 7034 4107 7034 4107 7035 4140 7035 4106 7035 4140 7036 4141 7036 4106 7036 4106 7037 4141 7037 4105 7037 4141 7038 4142 7038 4105 7038 4105 7039 4142 7039 4104 7039 4142 7040 4143 7040 4104 7040 4104 7041 4143 7041 4103 7041 4143 7042 4144 7042 4103 7042 4103 7043 4144 7043 4102 7043 4144 7044 4145 7044 4102 7044 4071 7045 4146 7045 4072 7045 4146 7046 4147 7046 4072 7046 4072 7047 4147 7047 4073 7047 4147 7048 4148 7048 4073 7048 4073 7049 4148 7049 4074 7049 4148 7050 4149 7050 4074 7050 4074 7051 4149 7051 4150 7051 4137 7052 4151 7052 4152 7052 302 7053 301 7053 4153 7053 301 7054 4154 7054 4153 7054 4153 7055 4154 7055 4155 7055 4155 7056 4154 7056 4156 7056 4154 7057 4157 7057 4156 7057 4156 7058 4157 7058 4158 7058 4159 7059 4160 7059 4161 7059 4160 7060 4162 7060 4161 7060 4161 7061 4162 7061 4163 7061 4162 7062 4164 7062 4163 7062 4163 7063 4164 7063 4165 7063 4039 7064 4166 7064 4040 7064 4166 7065 4167 7065 4040 7065 4040 7066 4167 7066 4042 7066 4167 7067 4159 7067 4042 7067 4042 7068 4159 7068 303 7068 4159 7069 4161 7069 303 7069 303 7070 4161 7070 301 7070 4161 7071 4163 7071 301 7071 301 7072 4163 7072 4154 7072 4163 7073 4165 7073 4154 7073 4154 7074 4165 7074 4157 7074 4151 7075 4168 7075 4152 7075 4168 7076 4169 7076 4152 7076 4152 7077 4169 7077 4170 7077 4169 7078 4171 7078 4170 7078 4170 7079 4171 7079 4172 7079 4171 7080 4173 7080 4172 7080 4172 7081 4173 7081 4174 7081 4173 7082 4175 7082 4174 7082 4174 7083 4175 7083 4176 7083 4175 7084 4177 7084 4176 7084 4176 7085 4177 7085 4178 7085 4177 7086 4179 7086 4178 7086 4178 7087 4179 7087 4180 7087 4179 7088 4181 7088 4180 7088 4181 7089 4182 7089 4180 7089 4180 7090 4182 7090 4183 7090 4137 7091 4152 7091 4138 7091 4152 7092 4170 7092 4138 7092 4138 7093 4170 7093 4139 7093 4170 7094 4172 7094 4139 7094 4139 7095 4172 7095 4140 7095 4172 7096 4174 7096 4140 7096 4140 7097 4174 7097 4141 7097 4174 7098 4176 7098 4141 7098 4141 7099 4176 7099 4142 7099 4176 7100 4178 7100 4142 7100 4142 7101 4178 7101 4143 7101 4178 7102 4180 7102 4143 7102 4143 7103 4180 7103 4144 7103 4180 7104 4183 7104 4144 7104 4144 7105 4183 7105 4145 7105 4183 7106 4184 7106 4145 7106 4145 7107 4184 7107 4185 7107 4111 7108 4100 7108 4112 7108 4100 7109 4101 7109 4112 7109 4112 7110 4101 7110 4115 7110 4101 7111 4102 7111 4115 7111 4115 7112 4102 7112 4117 7112 4102 7113 4145 7113 4117 7113 4117 7114 4145 7114 4118 7114 4145 7115 4185 7115 4118 7115 4118 7116 4185 7116 4186 7116 4186 7117 4187 7117 4118 7117 4187 7118 4122 7118 4118 7118 4118 7119 4122 7119 4116 7119 4122 7120 4124 7120 4116 7120 4116 7121 4124 7121 4114 7121 4124 7122 4126 7122 4114 7122 4114 7123 4126 7123 4113 7123 4187 7124 4188 7124 4122 7124 4188 7125 4189 7125 4122 7125 4122 7126 4189 7126 4123 7126 4189 7127 4190 7127 4123 7127 4123 7128 4190 7128 4191 7128 4192 7129 291 7129 4193 7129 291 7130 290 7130 4193 7130 4193 7131 290 7131 288 7131 290 7132 4194 7132 288 7132 288 7133 4194 7133 286 7133 4195 7134 4196 7134 289 7134 4196 7135 4197 7135 289 7135 289 7136 4197 7136 290 7136 4197 7137 4198 7137 290 7137 290 7138 4198 7138 4194 7138 284 7139 287 7139 285 7139 287 7140 286 7140 285 7140 285 7141 286 7141 4199 7141 286 7142 4194 7142 4199 7142 4199 7143 4194 7143 4200 7143 4194 7144 4198 7144 4200 7144 4200 7145 4198 7145 4201 7145 4198 7146 4197 7146 4201 7146 4201 7147 4197 7147 4202 7147 4197 7148 4196 7148 4202 7148 4202 7149 4196 7149 4203 7149 4196 7150 4195 7150 4203 7150 4203 7151 4195 7151 4204 7151 4195 7152 4205 7152 4204 7152 4206 7153 4205 7153 4207 7153 4205 7154 4195 7154 4207 7154 4207 7155 4195 7155 4208 7155 4195 7156 289 7156 4208 7156 4208 7157 289 7157 4209 7157 289 7158 291 7158 4209 7158 4209 7159 291 7159 4210 7159 291 7160 4192 7160 4210 7160 4210 7161 4192 7161 4211 7161 275 7162 277 7162 276 7162 277 7163 279 7163 276 7163 276 7164 279 7164 4212 7164 279 7165 4213 7165 4212 7165 4212 7166 4213 7166 4214 7166 4213 7167 4215 7167 4214 7167 4214 7168 4215 7168 4216 7168 4215 7169 4217 7169 4216 7169 4216 7170 4217 7170 4218 7170 4217 7171 4219 7171 4218 7171 4218 7172 4219 7172 4220 7172 4219 7173 4221 7173 4220 7173 4220 7174 4221 7174 4222 7174 4221 7175 4223 7175 4222 7175 4222 7176 4223 7176 4224 7176 4223 7177 4225 7177 4224 7177 4226 7178 4227 7178 4228 7178 4227 7179 4229 7179 4228 7179 4228 7180 4229 7180 4230 7180 4229 7181 4231 7181 4230 7181 278 7182 280 7182 279 7182 280 7183 282 7183 279 7183 279 7184 282 7184 4213 7184 282 7185 4232 7185 4213 7185 4213 7186 4232 7186 4215 7186 4232 7187 4233 7187 4215 7187 4215 7188 4233 7188 4217 7188 4233 7189 4234 7189 4217 7189 4217 7190 4234 7190 4219 7190 4234 7191 4235 7191 4219 7191 4219 7192 4235 7192 4221 7192 4235 7193 4236 7193 4221 7193 4221 7194 4236 7194 4223 7194 4236 7195 4237 7195 4223 7195 4223 7196 4237 7196 4225 7196 4237 7197 4238 7197 4225 7197 4239 7198 4240 7198 4241 7198 4242 7199 4239 7199 4243 7199 4239 7200 4241 7200 4243 7200 4243 7201 4241 7201 4244 7201 4241 7202 4245 7202 4244 7202 4244 7203 4245 7203 4246 7203 4245 7204 4247 7204 4246 7204 4246 7205 4247 7205 4248 7205 4249 7206 4250 7206 4251 7206 4120 7207 4252 7207 4121 7207 4252 7208 4253 7208 4121 7208 4121 7209 4253 7209 4130 7209 4253 7210 4242 7210 4130 7210 4130 7211 4242 7211 4131 7211 4242 7212 4243 7212 4131 7212 4131 7213 4243 7213 4132 7213 4243 7214 4244 7214 4132 7214 4132 7215 4244 7215 4133 7215 4244 7216 4246 7216 4133 7216 4133 7217 4246 7217 4135 7217 4246 7218 4248 7218 4135 7218 4135 7219 4248 7219 4136 7219 4254 7220 4251 7220 4255 7220 4251 7221 4250 7221 4255 7221 4255 7222 4250 7222 4256 7222 4257 7223 4258 7223 4259 7223 4258 7224 4260 7224 4259 7224 4259 7225 4260 7225 4261 7225 4260 7226 4262 7226 4261 7226 4261 7227 4262 7227 4263 7227 4264 7228 4257 7228 4265 7228 4257 7229 4259 7229 4265 7229 4265 7230 4259 7230 4266 7230 4259 7231 4261 7231 4266 7231 4266 7232 4261 7232 4267 7232 4261 7233 4263 7233 4267 7233 4267 7234 4263 7234 4268 7234 4263 7235 4269 7235 4268 7235 4268 7236 4269 7236 4270 7236 4271 7237 4264 7237 4272 7237 4264 7238 4265 7238 4272 7238 4272 7239 4265 7239 4273 7239 4265 7240 4266 7240 4273 7240 4273 7241 4266 7241 4274 7241 4266 7242 4267 7242 4274 7242 4274 7243 4267 7243 4275 7243 4267 7244 4268 7244 4275 7244 4275 7245 4268 7245 4276 7245 4268 7246 4270 7246 4276 7246 4276 7247 4270 7247 264 7247 264 7248 263 7248 4276 7248 263 7249 4277 7249 4276 7249 4276 7250 4277 7250 4275 7250 4277 7251 4278 7251 4275 7251 4275 7252 4278 7252 4274 7252 4278 7253 4279 7253 4274 7253 4274 7254 4279 7254 4273 7254 4279 7255 4280 7255 4273 7255 4273 7256 4280 7256 4272 7256 4280 7257 4281 7257 4272 7257 4272 7258 4281 7258 4271 7258 265 7259 292 7259 263 7259 292 7260 4282 7260 263 7260 263 7261 4282 7261 4277 7261 4282 7262 4283 7262 4277 7262 4277 7263 4283 7263 4278 7263 4283 7264 4284 7264 4278 7264 4278 7265 4284 7265 4279 7265 4284 7266 4285 7266 4279 7266 4279 7267 4285 7267 4280 7267 4285 7268 4286 7268 4280 7268 4280 7269 4286 7269 4281 7269 4286 7270 4287 7270 4281 7270 4281 7271 4287 7271 4271 7271 4256 7272 4288 7272 4255 7272 4288 7273 4289 7273 4255 7273 4255 7274 4289 7274 4254 7274 4290 7275 4291 7275 4292 7275 4291 7276 4293 7276 4292 7276 4292 7277 4293 7277 4294 7277 4293 7278 4295 7278 4294 7278 3971 7279 4296 7279 3972 7279 4296 7280 4297 7280 3972 7280 3972 7281 4297 7281 3973 7281 4297 7282 4298 7282 3973 7282 3973 7283 4298 7283 3974 7283 4298 7284 4299 7284 3974 7284 3974 7285 4299 7285 3881 7285 4299 7286 4300 7286 3881 7286 3881 7287 4300 7287 3882 7287 4300 7288 3875 7288 3882 7288 3882 7289 3875 7289 3884 7289 3875 7290 3839 7290 3884 7290 3884 7291 3839 7291 3886 7291 3839 7292 3840 7292 3886 7292 3886 7293 3840 7293 3887 7293 3840 7294 337 7294 3887 7294 3887 7295 337 7295 4016 7295 337 7296 336 7296 4016 7296 4016 7297 336 7297 4015 7297 336 7298 3859 7298 4015 7298 4015 7299 3859 7299 4014 7299 3859 7300 333 7300 4014 7300 4014 7301 333 7301 331 7301 333 7302 332 7302 331 7302 331 7303 332 7303 329 7303 332 7304 3871 7304 329 7304 329 7305 3871 7305 4301 7305 3871 7306 3870 7306 4301 7306 4301 7307 3870 7307 4302 7307 3680 7308 4303 7308 3681 7308 4303 7309 4304 7309 3681 7309 3681 7310 4304 7310 3682 7310 4304 7311 4305 7311 3682 7311 3682 7312 4305 7312 3683 7312 4305 7313 4306 7313 3683 7313 3683 7314 4306 7314 3684 7314 4306 7315 4307 7315 3684 7315 3684 7316 4307 7316 3685 7316 4307 7317 4308 7317 3685 7317 3685 7318 4308 7318 3657 7318 4308 7319 4309 7319 3657 7319 3657 7320 4309 7320 3659 7320 4309 7321 4310 7321 3659 7321 3659 7322 4310 7322 3661 7322 4310 7323 4311 7323 3661 7323 3661 7324 4311 7324 3668 7324 4311 7325 4312 7325 3668 7325 3668 7326 4312 7326 3669 7326 4312 7327 4313 7327 3669 7327 3669 7328 4313 7328 3675 7328 4313 7329 4314 7329 3675 7329 3675 7330 4314 7330 3674 7330 4314 7331 4315 7331 3674 7331 3674 7332 4315 7332 3845 7332 4315 7333 4316 7333 3845 7333 3845 7334 4316 7334 3846 7334 4316 7335 4317 7335 3846 7335 3846 7336 4317 7336 3851 7336 4317 7337 4318 7337 3851 7337 3851 7338 4318 7338 3852 7338 4318 7339 4319 7339 3852 7339 3852 7340 4319 7340 3853 7340 4319 7341 4320 7341 3853 7341 3853 7342 4320 7342 3850 7342 4320 7343 4321 7343 3850 7343 3850 7344 4321 7344 3872 7344 4321 7345 4322 7345 3872 7345 3872 7346 4322 7346 3873 7346 4322 7347 4323 7347 3873 7347 3873 7348 4323 7348 3874 7348 4323 7349 4324 7349 3874 7349 3874 7350 4324 7350 3867 7350 4324 7351 4290 7351 3867 7351 3867 7352 4290 7352 3868 7352 4290 7353 4292 7353 3868 7353 3868 7354 4292 7354 3869 7354 4292 7355 4294 7355 3869 7355 3869 7356 4294 7356 3870 7356 4294 7357 4295 7357 3870 7357 3870 7358 4295 7358 4302 7358 4325 7359 4326 7359 4327 7359 4328 7360 4329 7360 4330 7360 4331 7361 4330 7361 4332 7361 4330 7362 4329 7362 4332 7362 4332 7363 4329 7363 4333 7363 261 7364 260 7364 4334 7364 260 7365 4335 7365 4334 7365 4334 7366 4335 7366 4336 7366 4335 7367 4337 7367 4336 7367 4336 7368 4337 7368 4338 7368 4337 7369 4339 7369 4338 7369 4338 7370 4339 7370 4340 7370 4339 7371 4341 7371 4340 7371 4340 7372 4341 7372 4342 7372 4341 7373 4343 7373 4342 7373 4342 7374 4343 7374 4344 7374 4343 7375 4345 7375 4344 7375 4344 7376 4345 7376 245 7376 4333 7377 4346 7377 4332 7377 4346 7378 4347 7378 4332 7378 4332 7379 4347 7379 4331 7379 4347 7380 238 7380 4331 7380 245 7381 244 7381 4344 7381 244 7382 4348 7382 4344 7382 4344 7383 4348 7383 4342 7383 4348 7384 4349 7384 4342 7384 4342 7385 4349 7385 4340 7385 4349 7386 4350 7386 4340 7386 4340 7387 4350 7387 4338 7387 4350 7388 4351 7388 4338 7388 4338 7389 4351 7389 4336 7389 4351 7390 4352 7390 4336 7390 4336 7391 4352 7391 4334 7391 4352 7392 4353 7392 4334 7392 4334 7393 4353 7393 261 7393 246 7394 4354 7394 244 7394 4354 7395 4355 7395 244 7395 244 7396 4355 7396 4348 7396 4355 7397 4356 7397 4348 7397 4348 7398 4356 7398 4349 7398 4356 7399 4357 7399 4349 7399 4349 7400 4357 7400 4350 7400 4357 7401 4358 7401 4350 7401 4350 7402 4358 7402 4351 7402 4358 7403 4359 7403 4351 7403 4351 7404 4359 7404 4352 7404 4359 7405 4360 7405 4352 7405 4352 7406 4360 7406 4353 7406 259 7407 4361 7407 257 7407 4361 7408 4362 7408 257 7408 257 7409 4362 7409 4363 7409 4362 7410 4364 7410 4363 7410 4363 7411 4364 7411 4365 7411 4364 7412 4366 7412 4365 7412 4365 7413 4366 7413 4367 7413 4366 7414 4368 7414 4367 7414 4367 7415 4368 7415 4369 7415 4368 7416 4370 7416 4369 7416 4369 7417 4370 7417 4371 7417 4370 7418 4372 7418 4371 7418 4371 7419 4372 7419 4373 7419 4372 7420 4374 7420 4373 7420 4066 7421 4110 7421 4065 7421 4110 7422 4109 7422 4065 7422 4065 7423 4109 7423 4062 7423 4109 7424 4087 7424 4062 7424 4062 7425 4087 7425 4063 7425 4087 7426 4089 7426 4063 7426 4063 7427 4089 7427 4075 7427 4089 7428 4091 7428 4075 7428 4075 7429 4091 7429 4076 7429 4091 7430 4093 7430 4076 7430 4076 7431 4093 7431 4078 7431 4093 7432 4095 7432 4078 7432 4078 7433 4095 7433 4080 7433 4095 7434 4097 7434 4080 7434 4080 7435 4097 7435 4082 7435 4097 7436 4099 7436 4082 7436 4082 7437 4099 7437 4084 7437 4099 7438 4100 7438 4084 7438 4084 7439 4100 7439 4086 7439 4100 7440 4111 7440 4086 7440 4086 7441 4111 7441 4134 7441 4111 7442 4113 7442 4134 7442 4134 7443 4113 7443 4129 7443 4113 7444 4126 7444 4129 7444 4129 7445 4126 7445 4127 7445 4126 7446 4125 7446 4127 7446 4127 7447 4125 7447 4120 7447 4125 7448 4123 7448 4120 7448 4120 7449 4123 7449 4252 7449 4123 7450 4191 7450 4252 7450 4252 7451 4191 7451 4375 7451 4375 7452 4376 7452 4252 7452 4376 7453 4288 7453 4252 7453 4252 7454 4288 7454 4253 7454 4288 7455 4256 7455 4253 7455 4253 7456 4256 7456 4242 7456 4256 7457 4250 7457 4242 7457 4242 7458 4250 7458 4239 7458 4250 7459 4249 7459 4239 7459 4239 7460 4249 7460 4240 7460 4376 7461 4377 7461 4288 7461 4377 7462 4378 7462 4288 7462 4288 7463 4378 7463 4289 7463 4378 7464 4379 7464 4289 7464 4289 7465 4379 7465 4380 7465 4182 7466 4381 7466 4183 7466 4381 7467 4382 7467 4183 7467 4183 7468 4382 7468 4184 7468 4382 7469 4383 7469 4184 7469 4184 7470 4383 7470 4185 7470 4383 7471 4384 7471 4185 7471 4185 7472 4384 7472 4186 7472 4384 7473 4385 7473 4186 7473 4186 7474 4385 7474 4187 7474 4385 7475 4386 7475 4187 7475 4187 7476 4386 7476 4188 7476 4386 7477 4387 7477 4188 7477 4188 7478 4387 7478 4189 7478 4387 7479 4388 7479 4189 7479 4189 7480 4388 7480 4190 7480 4388 7481 4389 7481 4190 7481 4190 7482 4389 7482 4191 7482 4389 7483 4390 7483 4191 7483 4191 7484 4390 7484 4375 7484 4390 7485 4391 7485 4375 7485 4375 7486 4391 7486 4376 7486 4391 7487 4392 7487 4376 7487 4376 7488 4392 7488 4377 7488 4392 7489 4393 7489 4377 7489 4377 7490 4393 7490 4378 7490 4393 7491 4394 7491 4378 7491 4378 7492 4394 7492 4379 7492 4394 7493 4395 7493 4379 7493 4379 7494 4395 7494 4380 7494 4395 7495 4396 7495 4380 7495 4396 7496 4397 7496 4380 7496 4397 7497 4287 7497 4380 7497 4380 7498 4287 7498 4289 7498 4287 7499 4286 7499 4289 7499 4289 7500 4286 7500 4254 7500 4286 7501 4285 7501 4254 7501 4254 7502 4285 7502 4251 7502 4285 7503 4284 7503 4251 7503 4251 7504 4284 7504 4249 7504 4284 7505 4283 7505 4249 7505 4249 7506 4283 7506 4240 7506 4283 7507 4282 7507 4240 7507 4240 7508 4282 7508 4241 7508 4282 7509 292 7509 4241 7509 4241 7510 292 7510 4245 7510 292 7511 293 7511 4245 7511 4245 7512 293 7512 4247 7512 4396 7513 4398 7513 4397 7513 4398 7514 4399 7514 4397 7514 4397 7515 4399 7515 4287 7515 4399 7516 4346 7516 4287 7516 4287 7517 4346 7517 4271 7517 4346 7518 4333 7518 4271 7518 4271 7519 4333 7519 4264 7519 4333 7520 4329 7520 4264 7520 4264 7521 4329 7521 4257 7521 4329 7522 4328 7522 4257 7522 4257 7523 4328 7523 4258 7523 4400 7524 4401 7524 4402 7524 4401 7525 4403 7525 4402 7525 4402 7526 4404 7526 4400 7526 4404 7527 4405 7527 4400 7527 4400 7528 4405 7528 4406 7528 4405 7529 4407 7529 4406 7529 4406 7530 4407 7530 4408 7530 4407 7531 4409 7531 4408 7531 4409 7532 236 7532 4408 7532 236 7533 238 7533 4408 7533 4408 7534 238 7534 4406 7534 238 7535 4347 7535 4406 7535 4406 7536 4347 7536 4400 7536 4347 7537 4346 7537 4400 7537 4400 7538 4346 7538 4401 7538 4346 7539 4399 7539 4401 7539 4401 7540 4399 7540 4403 7540 4399 7541 4398 7541 4403 7541 4410 7542 4411 7542 4412 7542 4411 7543 4413 7543 4412 7543 4414 7544 246 7544 237 7544 246 7545 245 7545 237 7545 237 7546 245 7546 238 7546 245 7547 4345 7547 238 7547 238 7548 4345 7548 4331 7548 4345 7549 4343 7549 4331 7549 4331 7550 4343 7550 4330 7550 4343 7551 4341 7551 4330 7551 4330 7552 4341 7552 4328 7552 4341 7553 4339 7553 4328 7553 4328 7554 4339 7554 4258 7554 4339 7555 4337 7555 4258 7555 4258 7556 4337 7556 4260 7556 4337 7557 4335 7557 4260 7557 4260 7558 4335 7558 4262 7558 4335 7559 260 7559 4262 7559 4262 7560 260 7560 4263 7560 260 7561 262 7561 4263 7561 4263 7562 262 7562 4269 7562 4415 7563 4416 7563 4417 7563 4416 7564 4418 7564 4417 7564 4417 7565 4418 7565 4419 7565 4418 7566 4420 7566 4419 7566 4419 7567 4420 7567 4421 7567 4420 7568 4422 7568 4421 7568 4421 7569 4422 7569 4423 7569 4422 7570 4424 7570 4423 7570 4423 7571 4424 7571 4425 7571 4424 7572 4426 7572 4425 7572 4425 7573 4426 7573 4325 7573 4427 7574 234 7574 4428 7574 234 7575 233 7575 4428 7575 4428 7576 233 7576 4429 7576 4430 7577 4427 7577 4431 7577 4427 7578 4428 7578 4431 7578 4431 7579 4428 7579 4432 7579 4428 7580 4429 7580 4432 7580 4432 7581 4429 7581 4433 7581 4434 7582 4435 7582 4436 7582 4435 7583 4415 7583 4436 7583 4325 7584 4327 7584 4425 7584 4327 7585 4437 7585 4425 7585 4425 7586 4437 7586 4423 7586 4437 7587 4438 7587 4423 7587 4423 7588 4438 7588 4421 7588 4438 7589 4439 7589 4421 7589 4421 7590 4439 7590 4419 7590 4439 7591 4440 7591 4419 7591 4419 7592 4440 7592 4417 7592 4440 7593 4441 7593 4417 7593 4417 7594 4441 7594 4415 7594 4441 7595 4442 7595 4415 7595 4415 7596 4442 7596 4436 7596 4443 7597 4444 7597 4435 7597 4444 7598 4445 7598 4435 7598 4435 7599 4445 7599 4415 7599 4445 7600 4446 7600 4415 7600 4415 7601 4446 7601 4416 7601 4447 7602 4443 7602 4448 7602 4443 7603 4435 7603 4448 7603 4448 7604 4435 7604 4449 7604 4435 7605 4434 7605 4449 7605 4302 7606 4326 7606 4301 7606 4326 7607 4325 7607 4301 7607 4301 7608 4325 7608 329 7608 4325 7609 4426 7609 329 7609 329 7610 4426 7610 330 7610 4426 7611 4424 7611 330 7611 330 7612 4424 7612 310 7612 4424 7613 4422 7613 310 7613 310 7614 4422 7614 311 7614 4422 7615 4420 7615 311 7615 311 7616 4420 7616 3996 7616 4420 7617 4418 7617 3996 7617 3996 7618 4418 7618 4006 7618 4418 7619 4416 7619 4006 7619 4006 7620 4416 7620 4007 7620 4416 7621 4446 7621 4007 7621 4007 7622 4446 7622 4008 7622 4446 7623 4445 7623 4008 7623 4008 7624 4445 7624 4009 7624 4445 7625 4444 7625 4009 7625 4009 7626 4444 7626 4010 7626 4444 7627 4443 7627 4010 7627 4010 7628 4443 7628 4011 7628 4443 7629 4450 7629 4011 7629 4011 7630 4450 7630 4012 7630 4450 7631 313 7631 4012 7631 4012 7632 313 7632 4002 7632 313 7633 4005 7633 4002 7633 4002 7634 4005 7634 322 7634 4005 7635 3991 7635 322 7635 322 7636 3991 7636 3971 7636 3991 7637 3989 7637 3971 7637 3971 7638 3989 7638 4296 7638 3989 7639 3987 7639 4296 7639 4296 7640 3987 7640 4297 7640 3987 7641 3985 7641 4297 7641 4297 7642 3985 7642 4298 7642 3985 7643 3983 7643 4298 7643 4298 7644 3983 7644 4299 7644 3983 7645 3981 7645 4299 7645 4299 7646 3981 7646 4300 7646 3981 7647 3979 7647 4300 7647 4300 7648 3979 7648 3875 7648 3979 7649 3977 7649 3875 7649 3875 7650 3977 7650 3876 7650 3977 7651 3686 7651 3876 7651 3876 7652 3686 7652 3877 7652 3686 7653 3687 7653 3877 7653 3877 7654 3687 7654 3878 7654 3687 7655 3689 7655 3878 7655 3878 7656 3689 7656 371 7656 3689 7657 3691 7657 371 7657 371 7658 3691 7658 372 7658 3691 7659 3275 7659 372 7659 372 7660 3275 7660 4017 7660 3275 7661 3279 7661 4017 7661 4017 7662 3279 7662 4018 7662 3279 7663 3278 7663 4018 7663 4018 7664 3278 7664 4020 7664 3278 7665 3277 7665 4020 7665 4020 7666 3277 7666 4022 7666 3277 7667 3276 7667 4022 7667 4022 7668 3276 7668 4033 7668 3276 7669 387 7669 4033 7669 4033 7670 387 7670 4031 7670 387 7671 389 7671 4031 7671 4031 7672 389 7672 4029 7672 389 7673 3282 7673 4029 7673 4029 7674 3282 7674 4038 7674 3282 7675 305 7675 4038 7675 4038 7676 305 7676 4070 7676 4451 7677 4452 7677 4453 7677 4454 7678 4455 7678 4456 7678 4454 7679 4456 7679 4452 7679 4451 7680 4453 7680 4457 7680 4453 7681 4458 7681 4457 7681 4457 7682 4458 7682 4459 7682 4458 7683 4460 7683 4459 7683 4459 7684 4460 7684 4461 7684 4460 7685 4462 7685 4461 7685 4461 7686 4462 7686 4463 7686 4452 7687 4464 7687 4453 7687 4464 7688 4465 7688 4453 7688 4453 7689 4465 7689 4458 7689 4465 7690 4466 7690 4458 7690 4458 7691 4466 7691 4460 7691 4466 7692 4467 7692 4460 7692 4460 7693 4467 7693 4462 7693 230 7694 232 7694 4468 7694 4469 7695 4470 7695 4471 7695 4470 7696 228 7696 4471 7696 4471 7697 228 7697 4472 7697 228 7698 220 7698 4472 7698 4452 7699 4456 7699 4464 7699 4456 7700 4473 7700 4464 7700 4464 7701 4473 7701 4465 7701 4473 7702 4474 7702 4465 7702 4465 7703 4474 7703 4466 7703 4474 7704 4475 7704 4466 7704 4466 7705 4475 7705 4467 7705 4476 7706 4430 7706 4477 7706 4430 7707 4431 7707 4477 7707 4477 7708 4431 7708 4478 7708 4431 7709 4432 7709 4478 7709 4478 7710 4432 7710 4479 7710 4432 7711 4433 7711 4479 7711 4479 7712 4433 7712 4480 7712 249 7713 250 7713 247 7713 250 7714 4481 7714 247 7714 247 7715 4481 7715 4482 7715 4481 7716 4483 7716 4482 7716 4482 7717 4483 7717 4484 7717 4483 7718 4485 7718 4484 7718 4484 7719 4485 7719 4486 7719 4485 7720 4487 7720 4486 7720 4486 7721 4487 7721 4488 7721 4489 7722 4490 7722 4491 7722 4490 7723 4492 7723 4491 7723 4491 7724 4492 7724 4493 7724 4492 7725 4494 7725 4493 7725 4493 7726 4494 7726 4495 7726 4494 7727 4496 7727 4495 7727 4495 7728 4496 7728 4497 7728 4496 7729 4498 7729 4497 7729 4497 7730 4498 7730 4499 7730 4498 7731 4500 7731 4499 7731 4499 7732 4500 7732 4501 7732 4500 7733 254 7733 4501 7733 4501 7734 254 7734 4502 7734 254 7735 256 7735 4502 7735 4502 7736 256 7736 258 7736 251 7737 252 7737 250 7737 252 7738 4503 7738 250 7738 250 7739 4503 7739 4481 7739 4503 7740 4504 7740 4481 7740 4481 7741 4504 7741 4483 7741 4504 7742 4505 7742 4483 7742 4483 7743 4505 7743 4485 7743 4505 7744 4506 7744 4485 7744 4485 7745 4506 7745 4487 7745 4506 7746 4507 7746 4487 7746 4487 7747 4507 7747 4488 7747 4507 7748 4508 7748 4488 7748 4488 7749 4508 7749 4509 7749 4451 7750 4476 7750 4452 7750 4476 7751 4477 7751 4452 7751 4452 7752 4477 7752 4454 7752 4477 7753 4478 7753 4454 7753 4454 7754 4478 7754 4455 7754 4478 7755 4479 7755 4455 7755 4455 7756 4479 7756 4510 7756 4479 7757 4480 7757 4510 7757 4510 7758 4480 7758 4511 7758 4512 7759 4513 7759 4514 7759 4513 7760 4515 7760 4514 7760 4514 7761 4515 7761 4516 7761 4515 7762 4517 7762 4516 7762 4516 7763 4517 7763 4518 7763 4510 7764 4518 7764 4455 7764 4518 7765 4517 7765 4455 7765 4455 7766 4517 7766 4456 7766 4517 7767 4515 7767 4456 7767 4456 7768 4515 7768 4473 7768 4515 7769 4513 7769 4473 7769 4473 7770 4513 7770 4474 7770 4513 7771 4512 7771 4474 7771 4474 7772 4512 7772 4475 7772 4512 7773 231 7773 4475 7773 4475 7774 231 7774 4467 7774 231 7775 230 7775 4467 7775 4467 7776 230 7776 4462 7776 230 7777 4468 7777 4462 7777 4462 7778 4468 7778 4463 7778 4519 7779 4509 7779 4520 7779 4509 7780 4508 7780 4520 7780 4520 7781 4508 7781 4521 7781 4508 7782 4507 7782 4521 7782 4521 7783 4507 7783 4522 7783 4507 7784 4506 7784 4522 7784 4522 7785 4506 7785 4523 7785 4506 7786 4505 7786 4523 7786 4523 7787 4505 7787 4524 7787 4505 7788 4504 7788 4524 7788 4524 7789 4504 7789 4525 7789 4504 7790 4503 7790 4525 7790 4525 7791 4503 7791 4526 7791 4503 7792 252 7792 4526 7792 4526 7793 252 7793 4527 7793 252 7794 253 7794 4527 7794 4527 7795 253 7795 4528 7795 222 7796 226 7796 223 7796 226 7797 4529 7797 223 7797 223 7798 4529 7798 225 7798 248 7799 235 7799 4530 7799 235 7800 234 7800 4530 7800 4530 7801 234 7801 4531 7801 234 7802 4427 7802 4531 7802 4531 7803 4427 7803 4532 7803 4427 7804 4430 7804 4532 7804 4532 7805 4430 7805 4533 7805 4430 7806 4476 7806 4533 7806 4533 7807 4476 7807 4534 7807 4476 7808 4451 7808 4534 7808 4534 7809 4451 7809 4535 7809 4451 7810 4457 7810 4535 7810 4535 7811 4457 7811 4536 7811 4457 7812 4459 7812 4536 7812 4536 7813 4459 7813 4537 7813 4459 7814 4461 7814 4537 7814 4537 7815 4461 7815 4469 7815 4461 7816 4463 7816 4469 7816 4469 7817 4463 7817 4470 7817 4463 7818 4468 7818 4470 7818 4470 7819 4468 7819 228 7819 4468 7820 232 7820 228 7820 228 7821 232 7821 229 7821 221 7822 4538 7822 4539 7822 4538 7823 4540 7823 4539 7823 4540 7824 4541 7824 4539 7824 4541 7825 4542 7825 4539 7825 4539 7826 4542 7826 4543 7826 4542 7827 4544 7827 4543 7827 4543 7828 4544 7828 4545 7828 4529 7829 4546 7829 225 7829 4546 7830 4547 7830 225 7830 225 7831 4547 7831 4548 7831 4547 7832 4549 7832 4548 7832 4548 7833 4549 7833 4550 7833 4549 7834 4551 7834 4550 7834 4550 7835 4551 7835 4552 7835 215 7836 214 7836 4553 7836 4554 7837 4555 7837 4556 7837 4555 7838 4557 7838 4556 7838 4556 7839 4557 7839 4558 7839 4557 7840 4559 7840 4558 7840 4558 7841 4559 7841 4560 7841 227 7842 4554 7842 226 7842 4554 7843 4556 7843 226 7843 226 7844 4556 7844 4529 7844 4556 7845 4558 7845 4529 7845 4529 7846 4558 7846 4546 7846 4558 7847 4560 7847 4546 7847 4546 7848 4560 7848 4547 7848 4561 7849 213 7849 4562 7849 213 7850 215 7850 4562 7850 4562 7851 215 7851 4563 7851 215 7852 4553 7852 4563 7852 4563 7853 4553 7853 4414 7853 4553 7854 4374 7854 4414 7854 4414 7855 4374 7855 246 7855 4374 7856 4372 7856 246 7856 246 7857 4372 7857 4354 7857 4372 7858 4370 7858 4354 7858 4354 7859 4370 7859 4355 7859 4370 7860 4368 7860 4355 7860 4355 7861 4368 7861 4356 7861 4368 7862 4366 7862 4356 7862 4356 7863 4366 7863 4357 7863 4366 7864 4364 7864 4357 7864 4357 7865 4364 7865 4358 7865 4364 7866 4362 7866 4358 7866 4358 7867 4362 7867 4359 7867 4362 7868 4361 7868 4359 7868 4359 7869 4361 7869 4360 7869 4361 7870 259 7870 4360 7870 4564 7871 4565 7871 4566 7871 4565 7872 4567 7872 4566 7872 4566 7873 4567 7873 4568 7873 4567 7874 216 7874 4568 7874 4568 7875 216 7875 4569 7875 216 7876 218 7876 4569 7876 4569 7877 218 7877 4570 7877 217 7878 216 7878 4571 7878 216 7879 4567 7879 4571 7879 4571 7880 4567 7880 4572 7880 4567 7881 4565 7881 4572 7881 4572 7882 4565 7882 4573 7882 4574 7883 4564 7883 4575 7883 4564 7884 4566 7884 4575 7884 4575 7885 4566 7885 4576 7885 4566 7886 4568 7886 4576 7886 4576 7887 4568 7887 4577 7887 4568 7888 4569 7888 4577 7888 4577 7889 4569 7889 4578 7889 4569 7890 4570 7890 4578 7890 4579 7891 4574 7891 4580 7891 4574 7892 4575 7892 4580 7892 4580 7893 4575 7893 4581 7893 4575 7894 4576 7894 4581 7894 4581 7895 4576 7895 4582 7895 4576 7896 4577 7896 4582 7896 4582 7897 4577 7897 4583 7897 4577 7898 4578 7898 4583 7898 4583 7899 4578 7899 4584 7899 4585 7900 4579 7900 4586 7900 4579 7901 4580 7901 4586 7901 4586 7902 4580 7902 4587 7902 4580 7903 4581 7903 4587 7903 4587 7904 4581 7904 4588 7904 4581 7905 4582 7905 4588 7905 4588 7906 4582 7906 4589 7906 4582 7907 4583 7907 4589 7907 4589 7908 4583 7908 4413 7908 4583 7909 4584 7909 4413 7909 4413 7910 4584 7910 4412 7910 4573 7911 4565 7911 4590 7911 4565 7912 4564 7912 4590 7912 4590 7913 4564 7913 4591 7913 4564 7914 4574 7914 4591 7914 4591 7915 4574 7915 4592 7915 4574 7916 4579 7916 4592 7916 4592 7917 4579 7917 4593 7917 4579 7918 4585 7918 4593 7918 4593 7919 4585 7919 4594 7919 258 7920 257 7920 4502 7920 257 7921 4363 7921 4502 7921 4502 7922 4363 7922 4501 7922 4363 7923 4365 7923 4501 7923 4501 7924 4365 7924 4499 7924 4365 7925 4367 7925 4499 7925 4499 7926 4367 7926 4497 7926 4367 7927 4369 7927 4497 7927 4497 7928 4369 7928 4495 7928 4369 7929 4371 7929 4495 7929 4495 7930 4371 7930 4493 7930 4371 7931 4373 7931 4493 7931 4493 7932 4373 7932 4491 7932 4373 7933 4374 7933 4491 7933 4491 7934 4374 7934 4489 7934 4374 7935 4553 7935 4489 7935 4489 7936 4553 7936 4595 7936 4553 7937 214 7937 4595 7937 4595 7938 214 7938 4596 7938 214 7939 213 7939 4596 7939 4596 7940 213 7940 4597 7940 213 7941 4561 7941 4597 7941 4597 7942 4561 7942 4598 7942 248 7943 247 7943 235 7943 247 7944 4482 7944 235 7944 235 7945 4482 7945 233 7945 4482 7946 4484 7946 233 7946 233 7947 4484 7947 4429 7947 4484 7948 4486 7948 4429 7948 4429 7949 4486 7949 4433 7949 4486 7950 4488 7950 4433 7950 4433 7951 4488 7951 4480 7951 4488 7952 4509 7952 4480 7952 4480 7953 4509 7953 4511 7953 4509 7954 4519 7954 4511 7954 4511 7955 4519 7955 4599 7955 4519 7956 4600 7956 4599 7956 4599 7957 4600 7957 4601 7957 4600 7958 4602 7958 4601 7958 4601 7959 4602 7959 4603 7959 4602 7960 4604 7960 4603 7960 4603 7961 4604 7961 4605 7961 211 7962 210 7962 4606 7962 210 7963 4607 7963 4606 7963 4606 7964 4607 7964 4608 7964 4609 7965 4610 7965 4598 7965 4610 7966 4611 7966 4598 7966 4598 7967 4611 7967 4597 7967 212 7968 4612 7968 210 7968 4612 7969 4613 7969 210 7969 210 7970 4613 7970 4607 7970 4613 7971 4614 7971 4607 7971 4607 7972 4614 7972 4608 7972 4614 7973 4615 7973 4608 7973 4608 7974 4615 7974 4616 7974 4612 7975 4617 7975 4613 7975 4617 7976 4618 7976 4613 7976 4613 7977 4618 7977 4614 7977 4618 7978 4619 7978 4614 7978 4614 7979 4619 7979 4615 7979 4619 7980 4620 7980 4615 7980 4615 7981 4620 7981 4616 7981 4620 7982 4621 7982 4616 7982 4616 7983 4621 7983 4622 7983 4623 7984 4594 7984 4624 7984 4594 7985 4585 7985 4624 7985 4624 7986 4585 7986 4625 7986 4585 7987 4586 7987 4625 7987 4625 7988 4586 7988 4626 7988 4586 7989 4587 7989 4626 7989 4626 7990 4587 7990 4627 7990 4587 7991 4588 7991 4627 7991 4627 7992 4588 7992 4628 7992 4588 7993 4589 7993 4628 7993 4628 7994 4589 7994 4629 7994 4589 7995 4413 7995 4629 7995 4629 7996 4413 7996 4630 7996 4413 7997 4411 7997 4630 7997 4630 7998 4411 7998 4631 7998 4411 7999 4410 7999 4631 7999 4631 8000 4410 8000 4632 8000 4559 8001 4633 8001 4560 8001 4633 8002 4634 8002 4560 8002 4560 8003 4634 8003 4547 8003 4634 8004 4635 8004 4547 8004 4547 8005 4635 8005 4549 8005 4635 8006 4636 8006 4549 8006 4549 8007 4636 8007 4551 8007 4636 8008 4540 8008 4551 8008 4551 8009 4540 8009 4552 8009 4540 8010 4538 8010 4552 8010 207 8011 4637 8011 208 8011 4637 8012 205 8012 208 8012 208 8013 205 8013 209 8013 205 8014 204 8014 209 8014 4634 8015 207 8015 4635 8015 207 8016 209 8016 4635 8016 4635 8017 209 8017 4636 8017 209 8018 204 8018 4636 8018 4636 8019 204 8019 4540 8019 204 8020 206 8020 4540 8020 4540 8021 206 8021 4541 8021 206 8022 4638 8022 4541 8022 4541 8023 4638 8023 4542 8023 4638 8024 4639 8024 4542 8024 4542 8025 4639 8025 4544 8025 4639 8026 1341 8026 4544 8026 4544 8027 1341 8027 4545 8027 1341 8028 1319 8028 4545 8028 4640 8029 4045 8029 4641 8029 4045 8030 4044 8030 4641 8030 4641 8031 4044 8031 295 8031 4044 8032 4047 8032 295 8032 295 8033 4047 8033 296 8033 4642 8034 4643 8034 4644 8034 294 8035 4645 8035 295 8035 4645 8036 4646 8036 295 8036 295 8037 4646 8037 4641 8037 4646 8038 4647 8038 4641 8038 4641 8039 4647 8039 4640 8039 4647 8040 4648 8040 4640 8040 4640 8041 4648 8041 4649 8041 296 8042 4055 8042 294 8042 4055 8043 4650 8043 294 8043 294 8044 4650 8044 4645 8044 4650 8045 4651 8045 4645 8045 4645 8046 4651 8046 4646 8046 4651 8047 4652 8047 4646 8047 4646 8048 4652 8048 4647 8048 4652 8049 4643 8049 4647 8049 4647 8050 4643 8050 4648 8050 4643 8051 4642 8051 4648 8051 4648 8052 4642 8052 4649 8052 4642 8053 4653 8053 4649 8053 4649 8054 4653 8054 4654 8054 4655 8055 4656 8055 4657 8055 4656 8056 4658 8056 4657 8056 4657 8057 4658 8057 4659 8057 4658 8058 4660 8058 4659 8058 4659 8059 4660 8059 4661 8059 4660 8060 4662 8060 4661 8060 4661 8061 4662 8061 4663 8061 4211 8062 4655 8062 4210 8062 4655 8063 4657 8063 4210 8063 4210 8064 4657 8064 4209 8064 4657 8065 4659 8065 4209 8065 4209 8066 4659 8066 4208 8066 4659 8067 4661 8067 4208 8067 4208 8068 4661 8068 4207 8068 4661 8069 4663 8069 4207 8069 4207 8070 4663 8070 4206 8070 4656 8071 4654 8071 4658 8071 4654 8072 4653 8072 4658 8072 4658 8073 4653 8073 4660 8073 4653 8074 4642 8074 4660 8074 4660 8075 4642 8075 4662 8075 4642 8076 4644 8076 4662 8076 4662 8077 4644 8077 4663 8077 4644 8078 4664 8078 4663 8078 4663 8079 4664 8079 4206 8079 4665 8080 4666 8080 4667 8080 4666 8081 4668 8081 4667 8081 4667 8082 4668 8082 4669 8082 4670 8083 4671 8083 4672 8083 4671 8084 4226 8084 4672 8084 4672 8085 4226 8085 4673 8085 4226 8086 4228 8086 4673 8086 4674 8087 4675 8087 4676 8087 4675 8088 4677 8088 4676 8088 4676 8089 4677 8089 4678 8089 4669 8090 4668 8090 4679 8090 4668 8091 4680 8091 4679 8091 4679 8092 4680 8092 4681 8092 4680 8093 4682 8093 4681 8093 4681 8094 4682 8094 4683 8094 4684 8095 4685 8095 4686 8095 4685 8096 4687 8096 4686 8096 4686 8097 4687 8097 4688 8097 4689 8098 4690 8098 4691 8098 4690 8099 4692 8099 4691 8099 4691 8100 4692 8100 4693 8100 4692 8101 4694 8101 4693 8101 4693 8102 4694 8102 4695 8102 4694 8103 4696 8103 4695 8103 4695 8104 4696 8104 4697 8104 4696 8105 4698 8105 4697 8105 4690 8106 4699 8106 4692 8106 4699 8107 4688 8107 4692 8107 4692 8108 4688 8108 4694 8108 4688 8109 4687 8109 4694 8109 4694 8110 4687 8110 4696 8110 4687 8111 4685 8111 4696 8111 4696 8112 4685 8112 4698 8112 4697 8113 4674 8113 4695 8113 4674 8114 4676 8114 4695 8114 4695 8115 4676 8115 4693 8115 4676 8116 4678 8116 4693 8116 4693 8117 4678 8117 4691 8117 4678 8118 201 8118 4691 8118 4691 8119 201 8119 4689 8119 201 8120 203 8120 4689 8120 281 8121 283 8121 282 8121 283 8122 285 8122 282 8122 282 8123 285 8123 4232 8123 285 8124 4199 8124 4232 8124 4232 8125 4199 8125 4233 8125 4199 8126 4200 8126 4233 8126 4233 8127 4200 8127 4234 8127 4200 8128 4201 8128 4234 8128 4234 8129 4201 8129 4235 8129 4201 8130 4202 8130 4235 8130 4235 8131 4202 8131 4236 8131 4202 8132 4203 8132 4236 8132 4236 8133 4203 8133 4237 8133 4203 8134 4204 8134 4237 8134 4237 8135 4204 8135 4238 8135 4204 8136 4205 8136 4238 8136 4238 8137 4205 8137 4700 8137 4205 8138 4206 8138 4700 8138 4700 8139 4206 8139 4701 8139 4206 8140 4664 8140 4701 8140 4701 8141 4664 8141 4665 8141 4664 8142 4644 8142 4665 8142 4665 8143 4644 8143 4666 8143 4644 8144 4643 8144 4666 8144 4666 8145 4643 8145 4668 8145 4643 8146 4652 8146 4668 8146 4668 8147 4652 8147 4680 8147 4652 8148 4651 8148 4680 8148 4680 8149 4651 8149 4682 8149 4651 8150 4650 8150 4682 8150 4682 8151 4650 8151 4683 8151 4683 8152 4702 8152 4681 8152 4702 8153 4703 8153 4681 8153 4681 8154 4703 8154 4679 8154 4703 8155 4684 8155 4679 8155 4679 8156 4684 8156 4669 8156 4684 8157 4686 8157 4669 8157 4669 8158 4686 8158 4667 8158 4686 8159 4688 8159 4667 8159 4667 8160 4688 8160 4665 8160 4688 8161 4699 8161 4665 8161 4665 8162 4699 8162 4701 8162 4699 8163 4690 8163 4701 8163 4701 8164 4690 8164 4700 8164 4690 8165 4689 8165 4700 8165 4700 8166 4689 8166 4238 8166 4689 8167 203 8167 4238 8167 4238 8168 203 8168 4225 8168 203 8169 202 8169 4225 8169 4225 8170 202 8170 4224 8170 4704 8171 699 8171 4705 8171 699 8172 622 8172 4705 8172 4705 8173 622 8173 200 8173 622 8174 621 8174 200 8174 200 8175 621 8175 198 8175 4706 8176 4707 8176 4708 8176 4707 8177 4709 8177 4708 8177 4710 8178 4711 8178 4670 8178 4711 8179 4712 8179 4670 8179 4670 8180 4712 8180 4671 8180 4712 8181 4713 8181 4671 8181 4671 8182 4713 8182 4226 8182 4713 8183 4714 8183 4226 8183 4226 8184 4714 8184 4227 8184 4714 8185 4715 8185 4227 8185 4227 8186 4715 8186 4229 8186 4715 8187 4716 8187 4229 8187 4229 8188 4716 8188 4231 8188 4716 8189 4717 8189 4231 8189 4718 8190 4719 8190 4720 8190 4719 8191 4710 8191 4720 8191 4720 8192 4710 8192 4721 8192 4710 8193 4670 8193 4721 8193 4721 8194 4670 8194 4722 8194 4670 8195 4672 8195 4722 8195 4722 8196 4672 8196 4723 8196 4672 8197 4673 8197 4723 8197 4724 8198 4725 8198 4718 8198 4725 8199 4726 8199 4718 8199 4718 8200 4726 8200 4719 8200 4726 8201 4727 8201 4719 8201 4719 8202 4727 8202 4710 8202 4727 8203 4728 8203 4710 8203 4710 8204 4728 8204 4711 8204 4728 8205 4729 8205 4711 8205 4711 8206 4729 8206 4712 8206 4729 8207 4730 8207 4712 8207 4712 8208 4730 8208 4713 8208 4730 8209 4731 8209 4713 8209 4713 8210 4731 8210 4714 8210 4731 8211 4732 8211 4714 8211 4714 8212 4732 8212 4715 8212 4732 8213 4733 8213 4715 8213 4715 8214 4733 8214 4716 8214 4733 8215 4734 8215 4716 8215 4716 8216 4734 8216 4717 8216 4734 8217 4735 8217 4717 8217 4736 8218 4737 8218 4738 8218 4737 8219 4724 8219 4738 8219 4738 8220 4724 8220 4739 8220 4724 8221 4718 8221 4739 8221 4739 8222 4718 8222 4740 8222 4718 8223 4720 8223 4740 8223 4740 8224 4720 8224 4741 8224 4720 8225 4721 8225 4741 8225 4741 8226 4721 8226 4742 8226 4721 8227 4722 8227 4742 8227 4742 8228 4722 8228 4743 8228 4722 8229 4723 8229 4743 8229 4744 8230 4745 8230 4746 8230 4708 8231 4747 8231 4706 8231 4747 8232 4748 8232 4706 8232 4706 8233 4748 8233 4749 8233 4748 8234 4750 8234 4749 8234 4749 8235 4750 8235 4751 8235 4750 8236 4752 8236 4751 8236 4751 8237 4752 8237 4745 8237 4752 8238 4753 8238 4745 8238 4745 8239 4753 8239 4746 8239 4754 8240 4755 8240 4756 8240 4755 8241 4757 8241 4756 8241 4756 8242 4757 8242 4758 8242 4759 8243 4760 8243 4761 8243 4760 8244 4736 8244 4761 8244 4761 8245 4736 8245 4762 8245 4736 8246 4738 8246 4762 8246 4762 8247 4738 8247 4763 8247 4738 8248 4739 8248 4763 8248 4763 8249 4739 8249 4764 8249 4739 8250 4740 8250 4764 8250 4764 8251 4740 8251 4765 8251 4740 8252 4741 8252 4765 8252 4765 8253 4741 8253 4766 8253 4741 8254 4742 8254 4766 8254 4766 8255 4742 8255 4767 8255 4742 8256 4743 8256 4767 8256 4768 8257 4735 8257 4769 8257 4735 8258 4734 8258 4769 8258 4769 8259 4734 8259 4770 8259 4734 8260 4733 8260 4770 8260 4770 8261 4733 8261 4771 8261 4733 8262 4732 8262 4771 8262 4771 8263 4732 8263 4772 8263 4732 8264 4731 8264 4772 8264 4772 8265 4731 8265 4773 8265 4731 8266 4730 8266 4773 8266 4773 8267 4730 8267 4774 8267 4730 8268 4729 8268 4774 8268 4774 8269 4729 8269 4775 8269 4729 8270 4728 8270 4775 8270 4775 8271 4728 8271 4776 8271 4728 8272 4727 8272 4776 8272 4776 8273 4727 8273 4777 8273 4727 8274 4726 8274 4777 8274 4777 8275 4726 8275 4778 8275 4726 8276 4725 8276 4778 8276 4778 8277 4725 8277 4779 8277 4725 8278 4724 8278 4779 8278 4779 8279 4724 8279 4780 8279 4724 8280 4737 8280 4780 8280 4780 8281 4737 8281 4781 8281 4737 8282 4736 8282 4781 8282 4781 8283 4736 8283 4782 8283 4736 8284 4760 8284 4782 8284 4782 8285 4760 8285 4783 8285 4760 8286 4759 8286 4783 8286 4783 8287 4759 8287 4784 8287 4759 8288 4785 8288 4784 8288 4784 8289 4785 8289 4786 8289 4787 8290 4768 8290 4788 8290 4768 8291 4769 8291 4788 8291 4788 8292 4769 8292 4789 8292 4769 8293 4770 8293 4789 8293 4789 8294 4770 8294 4790 8294 4770 8295 4771 8295 4790 8295 4790 8296 4771 8296 4791 8296 4771 8297 4772 8297 4791 8297 4791 8298 4772 8298 4792 8298 4772 8299 4773 8299 4792 8299 4792 8300 4773 8300 4793 8300 4773 8301 4774 8301 4793 8301 4793 8302 4774 8302 4794 8302 4774 8303 4775 8303 4794 8303 4794 8304 4775 8304 4795 8304 4775 8305 4776 8305 4795 8305 4795 8306 4776 8306 4796 8306 4776 8307 4777 8307 4796 8307 4796 8308 4777 8308 4797 8308 4777 8309 4778 8309 4797 8309 4797 8310 4778 8310 4798 8310 4778 8311 4779 8311 4798 8311 4798 8312 4779 8312 4799 8312 4779 8313 4780 8313 4799 8313 4799 8314 4780 8314 4800 8314 4780 8315 4781 8315 4800 8315 4800 8316 4781 8316 4801 8316 4781 8317 4782 8317 4801 8317 4801 8318 4782 8318 4802 8318 4782 8319 4783 8319 4802 8319 4802 8320 4783 8320 4803 8320 4783 8321 4784 8321 4803 8321 4803 8322 4784 8322 4804 8322 4784 8323 4786 8323 4804 8323 4804 8324 4786 8324 4805 8324 273 8325 4787 8325 272 8325 4787 8326 4788 8326 272 8326 272 8327 4788 8327 4806 8327 4788 8328 4789 8328 4806 8328 4806 8329 4789 8329 4807 8329 4789 8330 4790 8330 4807 8330 4807 8331 4790 8331 4808 8331 4790 8332 4791 8332 4808 8332 4808 8333 4791 8333 4809 8333 4791 8334 4792 8334 4809 8334 4809 8335 4792 8335 4810 8335 4792 8336 4793 8336 4810 8336 4810 8337 4793 8337 4811 8337 4793 8338 4794 8338 4811 8338 4811 8339 4794 8339 4812 8339 4794 8340 4795 8340 4812 8340 4812 8341 4795 8341 4813 8341 4795 8342 4796 8342 4813 8342 4813 8343 4796 8343 4814 8343 4796 8344 4797 8344 4814 8344 4814 8345 4797 8345 4815 8345 4797 8346 4798 8346 4815 8346 4815 8347 4798 8347 4816 8347 4798 8348 4799 8348 4816 8348 4816 8349 4799 8349 4817 8349 4799 8350 4800 8350 4817 8350 4817 8351 4800 8351 4818 8351 4800 8352 4801 8352 4818 8352 4818 8353 4801 8353 4819 8353 4801 8354 4802 8354 4819 8354 4819 8355 4802 8355 4820 8355 4802 8356 4803 8356 4820 8356 4820 8357 4803 8357 4821 8357 4803 8358 4804 8358 4821 8358 4821 8359 4804 8359 4822 8359 4804 8360 4805 8360 4822 8360 4822 8361 4805 8361 4823 8361 271 8362 272 8362 270 8362 272 8363 4806 8363 270 8363 270 8364 4806 8364 4824 8364 4806 8365 4807 8365 4824 8365 4824 8366 4807 8366 4825 8366 4807 8367 4808 8367 4825 8367 4825 8368 4808 8368 4826 8368 4808 8369 4809 8369 4826 8369 4826 8370 4809 8370 4827 8370 4809 8371 4810 8371 4827 8371 4827 8372 4810 8372 4828 8372 4810 8373 4811 8373 4828 8373 4828 8374 4811 8374 4829 8374 4811 8375 4812 8375 4829 8375 4829 8376 4812 8376 4830 8376 4812 8377 4813 8377 4830 8377 4830 8378 4813 8378 4831 8378 4813 8379 4814 8379 4831 8379 4831 8380 4814 8380 4832 8380 4814 8381 4815 8381 4832 8381 4832 8382 4815 8382 4833 8382 4815 8383 4816 8383 4833 8383 4833 8384 4816 8384 4834 8384 4816 8385 4817 8385 4834 8385 4834 8386 4817 8386 4835 8386 4817 8387 4818 8387 4835 8387 4835 8388 4818 8388 4836 8388 4818 8389 4819 8389 4836 8389 4836 8390 4819 8390 4837 8390 4819 8391 4820 8391 4837 8391 4837 8392 4820 8392 4838 8392 4820 8393 4821 8393 4838 8393 4838 8394 4821 8394 4839 8394 4821 8395 4822 8395 4839 8395 4839 8396 4822 8396 4840 8396 4822 8397 4823 8397 4840 8397 4840 8398 4823 8398 4841 8398 4842 8399 4843 8399 4754 8399 4843 8400 4844 8400 4754 8400 4754 8401 4844 8401 4755 8401 4844 8402 4845 8402 4755 8402 4755 8403 4845 8403 4757 8403 4846 8404 4847 8404 4848 8404 4847 8405 4849 8405 4848 8405 4848 8406 4849 8406 4850 8406 4851 8407 4852 8407 4842 8407 4852 8408 4853 8408 4842 8408 4842 8409 4853 8409 4843 8409 4853 8410 4854 8410 4843 8410 4843 8411 4854 8411 4844 8411 4854 8412 4855 8412 4844 8412 4844 8413 4855 8413 4845 8413 4856 8414 4623 8414 4857 8414 4623 8415 4624 8415 4857 8415 4857 8416 4624 8416 4858 8416 4624 8417 4625 8417 4858 8417 4858 8418 4625 8418 4859 8418 4625 8419 4626 8419 4859 8419 4859 8420 4626 8420 4860 8420 4626 8421 4627 8421 4860 8421 4860 8422 4627 8422 4861 8422 4627 8423 4628 8423 4861 8423 4861 8424 4628 8424 4862 8424 4628 8425 4629 8425 4862 8425 4862 8426 4629 8426 4863 8426 4629 8427 4630 8427 4863 8427 4863 8428 4630 8428 4864 8428 4630 8429 4631 8429 4864 8429 4864 8430 4631 8430 4865 8430 4631 8431 4632 8431 4865 8431 4865 8432 4632 8432 4866 8432 4867 8433 4868 8433 4869 8433 4868 8434 4870 8434 4869 8434 4869 8435 4870 8435 4871 8435 4870 8436 4872 8436 4871 8436 4871 8437 4872 8437 4873 8437 4872 8438 4874 8438 4873 8438 4873 8439 4874 8439 4875 8439 4874 8440 4876 8440 4875 8440 4875 8441 4876 8441 4877 8441 4876 8442 4878 8442 4877 8442 4877 8443 4878 8443 4879 8443 4878 8444 4880 8444 4879 8444 4879 8445 4880 8445 4881 8445 4880 8446 4882 8446 4881 8446 4881 8447 4882 8447 4883 8447 4882 8448 4884 8448 4883 8448 4883 8449 4884 8449 4885 8449 4884 8450 4886 8450 4885 8450 4885 8451 4886 8451 4887 8451 4886 8452 4888 8452 4887 8452 4887 8453 4888 8453 4889 8453 4888 8454 4890 8454 4889 8454 4889 8455 4890 8455 4891 8455 4868 8456 4856 8456 4870 8456 4856 8457 4857 8457 4870 8457 4870 8458 4857 8458 4872 8458 4857 8459 4858 8459 4872 8459 4872 8460 4858 8460 4874 8460 4858 8461 4859 8461 4874 8461 4874 8462 4859 8462 4876 8462 4859 8463 4860 8463 4876 8463 4876 8464 4860 8464 4878 8464 4860 8465 4861 8465 4878 8465 4878 8466 4861 8466 4880 8466 4861 8467 4862 8467 4880 8467 4880 8468 4862 8468 4882 8468 4862 8469 4863 8469 4882 8469 4882 8470 4863 8470 4884 8470 4863 8471 4864 8471 4884 8471 4884 8472 4864 8472 4886 8472 4864 8473 4865 8473 4886 8473 4886 8474 4865 8474 4888 8474 4865 8475 4866 8475 4888 8475 4888 8476 4866 8476 4890 8476 4598 8477 4892 8477 4609 8477 4892 8478 4893 8478 4609 8478 4609 8479 4893 8479 4894 8479 4893 8480 4895 8480 4894 8480 4894 8481 4895 8481 4896 8481 4895 8482 4897 8482 4896 8482 4896 8483 4897 8483 4898 8483 4897 8484 4899 8484 4898 8484 4898 8485 4899 8485 4900 8485 4900 8486 4901 8486 4898 8486 4901 8487 4902 8487 4898 8487 4898 8488 4902 8488 4896 8488 4902 8489 4903 8489 4896 8489 4896 8490 4903 8490 4894 8490 4903 8491 4904 8491 4894 8491 4894 8492 4904 8492 4609 8492 4904 8493 4905 8493 4609 8493 4609 8494 4905 8494 4610 8494 4905 8495 4906 8495 4610 8495 4610 8496 4906 8496 4611 8496 4907 8497 4908 8497 4909 8497 4909 8498 4908 8498 4910 8498 4911 8499 4910 8499 4912 8499 4910 8500 4908 8500 4912 8500 4912 8501 4908 8501 4913 8501 4908 8502 4907 8502 4913 8502 4913 8503 4907 8503 4914 8503 4907 8504 4915 8504 4914 8504 4914 8505 4915 8505 4916 8505 4901 8506 4911 8506 4902 8506 4911 8507 4912 8507 4902 8507 4902 8508 4912 8508 4903 8508 4912 8509 4913 8509 4903 8509 4903 8510 4913 8510 4904 8510 4913 8511 4914 8511 4904 8511 4904 8512 4914 8512 4905 8512 4914 8513 4916 8513 4905 8513 4905 8514 4916 8514 4906 8514 4917 8515 4918 8515 4919 8515 4918 8516 4920 8516 4919 8516 4900 8517 4921 8517 4901 8517 4921 8518 4922 8518 4901 8518 4901 8519 4922 8519 4911 8519 4922 8520 4923 8520 4911 8520 4911 8521 4923 8521 4910 8521 4923 8522 4924 8522 4910 8522 4910 8523 4924 8523 4909 8523 4924 8524 4622 8524 4909 8524 4909 8525 4622 8525 4907 8525 4622 8526 4621 8526 4907 8526 4907 8527 4621 8527 4915 8527 4621 8528 4620 8528 4915 8528 4915 8529 4620 8529 4916 8529 4620 8530 4619 8530 4916 8530 4916 8531 4619 8531 4906 8531 4619 8532 4618 8532 4906 8532 4906 8533 4618 8533 4611 8533 4618 8534 4617 8534 4611 8534 4611 8535 4617 8535 4597 8535 4617 8536 4612 8536 4597 8536 4597 8537 4612 8537 4596 8537 4612 8538 212 8538 4596 8538 4596 8539 212 8539 4925 8539 212 8540 211 8540 4925 8540 4926 8541 4867 8541 4927 8541 4867 8542 4869 8542 4927 8542 4927 8543 4869 8543 4928 8543 4869 8544 4871 8544 4928 8544 4928 8545 4871 8545 4929 8545 4871 8546 4873 8546 4929 8546 4929 8547 4873 8547 4930 8547 4873 8548 4875 8548 4930 8548 4930 8549 4875 8549 4931 8549 4875 8550 4877 8550 4931 8550 4931 8551 4877 8551 4932 8551 4877 8552 4879 8552 4932 8552 4932 8553 4879 8553 4933 8553 4879 8554 4881 8554 4933 8554 4933 8555 4881 8555 4934 8555 4881 8556 4883 8556 4934 8556 4934 8557 4883 8557 4935 8557 4883 8558 4885 8558 4935 8558 4935 8559 4885 8559 4936 8559 4885 8560 4887 8560 4936 8560 4936 8561 4887 8561 4937 8561 4887 8562 4889 8562 4937 8562 4937 8563 4889 8563 4938 8563 4889 8564 4891 8564 4938 8564 4938 8565 4891 8565 4939 8565 4940 8566 4926 8566 4941 8566 4926 8567 4927 8567 4941 8567 4941 8568 4927 8568 4942 8568 4927 8569 4928 8569 4942 8569 4942 8570 4928 8570 4943 8570 4928 8571 4929 8571 4943 8571 4943 8572 4929 8572 4944 8572 4929 8573 4930 8573 4944 8573 4944 8574 4930 8574 4945 8574 4930 8575 4931 8575 4945 8575 4945 8576 4931 8576 4946 8576 4931 8577 4932 8577 4946 8577 4946 8578 4932 8578 4947 8578 4932 8579 4933 8579 4947 8579 4947 8580 4933 8580 4948 8580 4933 8581 4934 8581 4948 8581 4948 8582 4934 8582 4949 8582 4934 8583 4935 8583 4949 8583 4949 8584 4935 8584 4950 8584 4935 8585 4936 8585 4950 8585 4950 8586 4936 8586 4951 8586 4936 8587 4937 8587 4951 8587 4951 8588 4937 8588 4952 8588 4937 8589 4938 8589 4952 8589 4952 8590 4938 8590 4953 8590 4938 8591 4939 8591 4953 8591 4953 8592 4939 8592 4954 8592 4955 8593 4956 8593 4957 8593 4956 8594 4958 8594 4957 8594 4957 8595 4958 8595 4959 8595 4958 8596 4960 8596 4959 8596 4959 8597 4960 8597 4961 8597 4960 8598 4962 8598 4961 8598 4961 8599 4962 8599 4963 8599 4962 8600 4964 8600 4963 8600 4963 8601 4964 8601 4965 8601 4964 8602 4966 8602 4965 8602 4965 8603 4966 8603 4967 8603 4966 8604 4968 8604 4967 8604 4967 8605 4968 8605 4969 8605 4968 8606 4970 8606 4969 8606 4969 8607 4970 8607 4971 8607 4970 8608 4972 8608 4971 8608 4971 8609 4972 8609 4973 8609 4972 8610 4974 8610 4973 8610 4973 8611 4974 8611 4975 8611 4974 8612 4976 8612 4975 8612 4975 8613 4976 8613 4977 8613 4976 8614 4978 8614 4977 8614 4977 8615 4978 8615 4979 8615 4978 8616 4980 8616 4979 8616 4979 8617 4980 8617 4981 8617 4980 8618 4982 8618 4981 8618 4981 8619 4982 8619 4983 8619 4982 8620 4984 8620 4983 8620 4983 8621 4984 8621 4985 8621 4984 8622 4986 8622 4985 8622 4985 8623 4986 8623 4987 8623 4956 8624 4940 8624 4958 8624 4940 8625 4941 8625 4958 8625 4958 8626 4941 8626 4960 8626 4941 8627 4942 8627 4960 8627 4960 8628 4942 8628 4962 8628 4942 8629 4943 8629 4962 8629 4962 8630 4943 8630 4964 8630 4943 8631 4944 8631 4964 8631 4964 8632 4944 8632 4966 8632 4944 8633 4945 8633 4966 8633 4966 8634 4945 8634 4968 8634 4945 8635 4946 8635 4968 8635 4968 8636 4946 8636 4970 8636 4946 8637 4947 8637 4970 8637 4970 8638 4947 8638 4972 8638 4947 8639 4948 8639 4972 8639 4972 8640 4948 8640 4974 8640 4948 8641 4949 8641 4974 8641 4974 8642 4949 8642 4976 8642 4949 8643 4950 8643 4976 8643 4976 8644 4950 8644 4978 8644 4950 8645 4951 8645 4978 8645 4978 8646 4951 8646 4980 8646 4951 8647 4952 8647 4980 8647 4980 8648 4952 8648 4982 8648 4952 8649 4953 8649 4982 8649 4982 8650 4953 8650 4984 8650 4953 8651 4954 8651 4984 8651 4984 8652 4954 8652 4986 8652 4988 8653 4989 8653 4990 8653 4989 8654 4991 8654 4990 8654 4990 8655 4991 8655 4992 8655 4993 8656 4955 8656 4994 8656 4955 8657 4957 8657 4994 8657 4994 8658 4957 8658 4995 8658 4957 8659 4959 8659 4995 8659 4995 8660 4959 8660 4996 8660 4959 8661 4961 8661 4996 8661 4996 8662 4961 8662 4997 8662 4961 8663 4963 8663 4997 8663 4997 8664 4963 8664 4998 8664 4963 8665 4965 8665 4998 8665 4998 8666 4965 8666 4999 8666 4965 8667 4967 8667 4999 8667 4999 8668 4967 8668 5000 8668 4967 8669 4969 8669 5000 8669 5000 8670 4969 8670 5001 8670 4969 8671 4971 8671 5001 8671 5001 8672 4971 8672 5002 8672 4971 8673 4973 8673 5002 8673 5002 8674 4973 8674 5003 8674 4973 8675 4975 8675 5003 8675 5003 8676 4975 8676 5004 8676 4975 8677 4977 8677 5004 8677 5004 8678 4977 8678 5005 8678 4977 8679 4979 8679 5005 8679 5005 8680 4979 8680 5006 8680 4979 8681 4981 8681 5006 8681 5006 8682 4981 8682 5007 8682 4981 8683 4983 8683 5007 8683 5007 8684 4983 8684 5008 8684 4983 8685 4985 8685 5008 8685 5008 8686 4985 8686 5009 8686 4985 8687 4987 8687 5009 8687 5009 8688 4987 8688 5010 8688 5011 8689 5012 8689 5013 8689 5012 8690 5014 8690 5013 8690 5013 8691 5014 8691 4920 8691 4899 8692 4917 8692 4900 8692 4917 8693 4919 8693 4900 8693 4900 8694 4919 8694 4921 8694 4919 8695 4920 8695 4921 8695 4921 8696 4920 8696 4922 8696 4920 8697 5014 8697 4922 8697 4922 8698 5014 8698 4923 8698 5014 8699 5012 8699 4923 8699 4923 8700 5012 8700 4924 8700 5012 8701 5015 8701 4924 8701 4924 8702 5015 8702 4622 8702 5015 8703 5016 8703 4622 8703 4622 8704 5016 8704 4616 8704 5016 8705 5017 8705 4616 8705 4616 8706 5017 8706 4608 8706 5017 8707 4605 8707 4608 8707 4608 8708 4605 8708 4606 8708 4605 8709 4604 8709 4606 8709 4606 8710 4604 8710 211 8710 4604 8711 4602 8711 211 8711 211 8712 4602 8712 4925 8712 4602 8713 4600 8713 4925 8713 4925 8714 4600 8714 4596 8714 4600 8715 4519 8715 4596 8715 4596 8716 4519 8716 4595 8716 4519 8717 4520 8717 4595 8717 4595 8718 4520 8718 4489 8718 4520 8719 4521 8719 4489 8719 4489 8720 4521 8720 4490 8720 4521 8721 4522 8721 4490 8721 4490 8722 4522 8722 4492 8722 4522 8723 4523 8723 4492 8723 4492 8724 4523 8724 4494 8724 4523 8725 4524 8725 4494 8725 4494 8726 4524 8726 4496 8726 4524 8727 4525 8727 4496 8727 4496 8728 4525 8728 4498 8728 4525 8729 4526 8729 4498 8729 4498 8730 4526 8730 4500 8730 4526 8731 4527 8731 4500 8731 4500 8732 4527 8732 254 8732 4527 8733 4528 8733 254 8733 254 8734 4528 8734 255 8734 221 8735 220 8735 4538 8735 220 8736 229 8736 4538 8736 4538 8737 229 8737 4552 8737 229 8738 232 8738 4552 8738 4552 8739 232 8739 4550 8739 232 8740 231 8740 4550 8740 4550 8741 231 8741 4548 8741 231 8742 4512 8742 4548 8742 4548 8743 4512 8743 225 8743 4512 8744 4514 8744 225 8744 225 8745 4514 8745 224 8745 4514 8746 4516 8746 224 8746 224 8747 4516 8747 222 8747 4516 8748 4518 8748 222 8748 222 8749 4518 8749 227 8749 4518 8750 4510 8750 227 8750 227 8751 4510 8751 4554 8751 4510 8752 4511 8752 4554 8752 4554 8753 4511 8753 4555 8753 4511 8754 4599 8754 4555 8754 4555 8755 4599 8755 4557 8755 4599 8756 4601 8756 4557 8756 4557 8757 4601 8757 4559 8757 4601 8758 4603 8758 4559 8758 4559 8759 4603 8759 4633 8759 4603 8760 4605 8760 4633 8760 4633 8761 4605 8761 4634 8761 4605 8762 5017 8762 4634 8762 4634 8763 5017 8763 207 8763 5017 8764 5016 8764 207 8764 207 8765 5016 8765 4637 8765 5016 8766 5015 8766 4637 8766 4637 8767 5015 8767 205 8767 5015 8768 5012 8768 205 8768 205 8769 5012 8769 206 8769 269 8770 270 8770 268 8770 270 8771 4824 8771 268 8771 268 8772 4824 8772 5018 8772 4824 8773 4825 8773 5018 8773 5018 8774 4825 8774 5019 8774 4825 8775 4826 8775 5019 8775 5019 8776 4826 8776 5020 8776 4826 8777 4827 8777 5020 8777 5020 8778 4827 8778 5021 8778 4827 8779 4828 8779 5021 8779 5021 8780 4828 8780 5022 8780 4828 8781 4829 8781 5022 8781 5022 8782 4829 8782 5023 8782 4829 8783 4830 8783 5023 8783 5023 8784 4830 8784 5024 8784 4830 8785 4831 8785 5024 8785 5024 8786 4831 8786 5025 8786 4831 8787 4832 8787 5025 8787 5025 8788 4832 8788 5026 8788 4832 8789 4833 8789 5026 8789 5026 8790 4833 8790 5027 8790 4833 8791 4834 8791 5027 8791 5027 8792 4834 8792 5028 8792 4834 8793 4835 8793 5028 8793 5028 8794 4835 8794 5029 8794 4835 8795 4836 8795 5029 8795 5029 8796 4836 8796 5030 8796 4836 8797 4837 8797 5030 8797 5030 8798 4837 8798 5031 8798 4837 8799 4838 8799 5031 8799 5031 8800 4838 8800 5032 8800 4838 8801 4839 8801 5032 8801 5032 8802 4839 8802 5033 8802 4839 8803 4840 8803 5033 8803 5033 8804 4840 8804 5034 8804 4840 8805 4841 8805 5034 8805 5034 8806 4841 8806 5035 8806 267 8807 268 8807 266 8807 268 8808 5018 8808 266 8808 266 8809 5018 8809 5036 8809 5018 8810 5019 8810 5036 8810 5036 8811 5019 8811 5037 8811 5019 8812 5020 8812 5037 8812 5037 8813 5020 8813 5038 8813 5020 8814 5021 8814 5038 8814 5038 8815 5021 8815 5039 8815 5021 8816 5022 8816 5039 8816 5039 8817 5022 8817 5040 8817 5022 8818 5023 8818 5040 8818 5040 8819 5023 8819 5041 8819 5023 8820 5024 8820 5041 8820 5041 8821 5024 8821 5042 8821 5024 8822 5025 8822 5042 8822 5042 8823 5025 8823 5043 8823 5025 8824 5026 8824 5043 8824 5043 8825 5026 8825 5044 8825 5026 8826 5027 8826 5044 8826 5044 8827 5027 8827 5045 8827 5027 8828 5028 8828 5045 8828 5045 8829 5028 8829 5046 8829 5028 8830 5029 8830 5046 8830 5046 8831 5029 8831 5047 8831 5029 8832 5030 8832 5047 8832 5047 8833 5030 8833 5048 8833 5030 8834 5031 8834 5048 8834 5048 8835 5031 8835 5049 8835 5031 8836 5032 8836 5049 8836 5049 8837 5032 8837 5050 8837 5032 8838 5033 8838 5050 8838 5050 8839 5033 8839 5051 8839 5033 8840 5034 8840 5051 8840 5051 8841 5034 8841 5052 8841 5034 8842 5035 8842 5052 8842 5052 8843 5035 8843 5053 8843 243 8844 266 8844 242 8844 266 8845 5036 8845 242 8845 242 8846 5036 8846 5054 8846 5036 8847 5037 8847 5054 8847 5054 8848 5037 8848 5055 8848 5037 8849 5038 8849 5055 8849 5055 8850 5038 8850 5056 8850 5038 8851 5039 8851 5056 8851 5056 8852 5039 8852 5057 8852 5039 8853 5040 8853 5057 8853 5057 8854 5040 8854 5058 8854 5040 8855 5041 8855 5058 8855 5058 8856 5041 8856 5059 8856 5041 8857 5042 8857 5059 8857 5059 8858 5042 8858 5060 8858 5042 8859 5043 8859 5060 8859 5060 8860 5043 8860 5061 8860 5043 8861 5044 8861 5061 8861 5061 8862 5044 8862 5062 8862 5044 8863 5045 8863 5062 8863 5062 8864 5045 8864 5063 8864 5045 8865 5046 8865 5063 8865 5063 8866 5046 8866 5064 8866 5046 8867 5047 8867 5064 8867 5064 8868 5047 8868 5065 8868 5047 8869 5048 8869 5065 8869 5065 8870 5048 8870 5066 8870 5048 8871 5049 8871 5066 8871 5066 8872 5049 8872 5067 8872 5049 8873 5050 8873 5067 8873 5067 8874 5050 8874 5068 8874 5050 8875 5051 8875 5068 8875 5068 8876 5051 8876 5069 8876 5051 8877 5052 8877 5069 8877 5069 8878 5052 8878 5070 8878 5052 8879 5053 8879 5070 8879 5070 8880 5053 8880 5071 8880 241 8881 242 8881 239 8881 242 8882 5054 8882 239 8882 239 8883 5054 8883 5072 8883 5054 8884 5055 8884 5072 8884 5072 8885 5055 8885 5073 8885 5055 8886 5056 8886 5073 8886 5073 8887 5056 8887 5074 8887 5056 8888 5057 8888 5074 8888 5074 8889 5057 8889 5075 8889 5057 8890 5058 8890 5075 8890 5075 8891 5058 8891 5076 8891 5058 8892 5059 8892 5076 8892 5076 8893 5059 8893 5077 8893 5059 8894 5060 8894 5077 8894 5077 8895 5060 8895 5078 8895 5060 8896 5061 8896 5078 8896 5078 8897 5061 8897 5079 8897 5061 8898 5062 8898 5079 8898 5079 8899 5062 8899 5080 8899 5062 8900 5063 8900 5080 8900 5080 8901 5063 8901 5081 8901 5063 8902 5064 8902 5081 8902 5081 8903 5064 8903 5082 8903 5064 8904 5065 8904 5082 8904 5082 8905 5065 8905 5083 8905 5065 8906 5066 8906 5083 8906 5083 8907 5066 8907 5084 8907 5066 8908 5067 8908 5084 8908 5084 8909 5067 8909 5085 8909 5067 8910 5068 8910 5085 8910 5085 8911 5068 8911 5086 8911 5068 8912 5069 8912 5086 8912 5086 8913 5069 8913 5087 8913 5069 8914 5070 8914 5087 8914 5087 8915 5070 8915 5088 8915 5070 8916 5071 8916 5088 8916 5088 8917 5071 8917 5089 8917 4920 8918 4992 8918 5013 8918 4992 8919 4991 8919 5013 8919 5013 8920 4991 8920 5011 8920 4991 8921 4989 8921 5011 8921 5011 8922 4989 8922 5090 8922 4989 8923 4988 8923 5090 8923 5090 8924 4988 8924 5091 8924 4988 8925 5092 8925 5091 8925 5091 8926 5092 8926 5093 8926 5092 8927 5094 8927 5093 8927 5093 8928 5094 8928 5095 8928 5096 8929 5097 8929 5098 8929 5097 8930 4993 8930 5098 8930 5098 8931 4993 8931 5099 8931 4993 8932 4994 8932 5099 8932 5099 8933 4994 8933 5100 8933 4994 8934 4995 8934 5100 8934 5100 8935 4995 8935 5101 8935 4995 8936 4996 8936 5101 8936 5101 8937 4996 8937 5102 8937 4996 8938 4997 8938 5102 8938 5102 8939 4997 8939 5103 8939 4997 8940 4998 8940 5103 8940 5103 8941 4998 8941 5104 8941 4998 8942 4999 8942 5104 8942 5104 8943 4999 8943 5105 8943 4999 8944 5000 8944 5105 8944 5105 8945 5000 8945 5106 8945 5000 8946 5001 8946 5106 8946 5106 8947 5001 8947 5107 8947 5001 8948 5002 8948 5107 8948 5107 8949 5002 8949 5108 8949 5002 8950 5003 8950 5108 8950 5108 8951 5003 8951 5109 8951 5003 8952 5004 8952 5109 8952 5109 8953 5004 8953 5110 8953 5004 8954 5005 8954 5110 8954 5110 8955 5005 8955 5111 8955 5005 8956 5006 8956 5111 8956 5111 8957 5006 8957 5112 8957 5006 8958 5007 8958 5112 8958 5112 8959 5007 8959 5113 8959 5007 8960 5008 8960 5113 8960 5113 8961 5008 8961 5114 8961 5008 8962 5009 8962 5114 8962 5114 8963 5009 8963 5115 8963 5009 8964 5010 8964 5115 8964 5115 8965 5010 8965 240 8965 5116 8966 5117 8966 5118 8966 5117 8967 5119 8967 5118 8967 5118 8968 5119 8968 5120 8968 240 8969 239 8969 5115 8969 239 8970 5072 8970 5115 8970 5115 8971 5072 8971 5114 8971 5072 8972 5073 8972 5114 8972 5114 8973 5073 8973 5113 8973 5073 8974 5074 8974 5113 8974 5113 8975 5074 8975 5112 8975 5074 8976 5075 8976 5112 8976 5112 8977 5075 8977 5111 8977 5075 8978 5076 8978 5111 8978 5111 8979 5076 8979 5110 8979 5076 8980 5077 8980 5110 8980 5110 8981 5077 8981 5109 8981 5077 8982 5078 8982 5109 8982 5109 8983 5078 8983 5108 8983 5078 8984 5079 8984 5108 8984 5108 8985 5079 8985 5107 8985 5079 8986 5080 8986 5107 8986 5107 8987 5080 8987 5106 8987 5080 8988 5081 8988 5106 8988 5106 8989 5081 8989 5105 8989 5081 8990 5082 8990 5105 8990 5105 8991 5082 8991 5104 8991 5082 8992 5083 8992 5104 8992 5104 8993 5083 8993 5103 8993 5083 8994 5084 8994 5103 8994 5103 8995 5084 8995 5102 8995 5084 8996 5085 8996 5102 8996 5102 8997 5085 8997 5101 8997 5085 8998 5086 8998 5101 8998 5101 8999 5086 8999 5100 8999 5086 9000 5087 9000 5100 9000 5100 9001 5087 9001 5099 9001 5087 9002 5088 9002 5099 9002 5099 9003 5088 9003 5098 9003 5088 9004 5089 9004 5098 9004 5098 9005 5089 9005 5096 9005 5121 9006 5122 9006 5123 9006 5124 9007 5125 9007 5126 9007 5125 9008 5127 9008 5126 9008 5126 9009 5127 9009 5128 9009 5127 9010 5129 9010 5128 9010 5128 9011 5129 9011 5130 9011 5129 9012 5131 9012 5130 9012 5130 9013 5131 9013 5132 9013 5133 9014 5134 9014 5135 9014 5135 9015 5134 9015 5136 9015 5123 9016 5122 9016 5137 9016 5122 9017 5138 9017 5137 9017 5137 9018 5138 9018 5139 9018 5138 9019 5140 9019 5139 9019 5139 9020 5140 9020 5141 9020 5140 9021 5142 9021 5141 9021 5141 9022 5142 9022 5143 9022 5142 9023 5144 9023 5143 9023 5143 9024 5144 9024 5145 9024 5144 9025 5146 9025 5145 9025 5145 9026 5146 9026 5147 9026 5148 9027 5149 9027 5150 9027 5150 9028 5151 9028 5152 9028 5151 9029 5120 9029 5152 9029 5152 9030 5120 9030 5153 9030 5120 9031 5119 9031 5153 9031 5150 9032 5149 9032 5151 9032 5149 9033 5154 9033 5151 9033 5151 9034 5154 9034 5120 9034 5154 9035 5155 9035 5120 9035 5120 9036 5155 9036 5118 9036 5155 9037 5156 9037 5118 9037 5118 9038 5156 9038 5116 9038 195 9039 197 9039 5157 9039 193 9040 5158 9040 194 9040 5158 9041 5159 9041 194 9041 194 9042 5159 9042 5160 9042 5125 9043 4846 9043 5127 9043 4846 9044 4848 9044 5127 9044 5127 9045 4848 9045 5129 9045 4848 9046 4850 9046 5129 9046 5129 9047 4850 9047 5131 9047 4850 9048 5161 9048 5131 9048 5131 9049 5161 9049 5132 9049 5161 9050 5162 9050 5132 9050 5132 9051 5162 9051 5163 9051 5162 9052 5164 9052 5163 9052 5163 9053 5164 9053 5165 9053 5166 9054 5167 9054 5168 9054 5169 9055 192 9055 5170 9055 192 9056 194 9056 5170 9056 5170 9057 194 9057 5171 9057 194 9058 5160 9058 5171 9058 5171 9059 5160 9059 5172 9059 5173 9060 5170 9060 5174 9060 5170 9061 5171 9061 5174 9061 5174 9062 5171 9062 5175 9062 5171 9063 5172 9063 5175 9063 5175 9064 5172 9064 5176 9064 5177 9065 5178 9065 5179 9065 5178 9066 5180 9066 5179 9066 5179 9067 5180 9067 5181 9067 5180 9068 5182 9068 5181 9068 5181 9069 5182 9069 5183 9069 5182 9070 5184 9070 5183 9070 5183 9071 5184 9071 5185 9071 5184 9072 5186 9072 5185 9072 5185 9073 5186 9073 5187 9073 5186 9074 5188 9074 5187 9074 5187 9075 5188 9075 5189 9075 5188 9076 5190 9076 5189 9076 5189 9077 5190 9077 5191 9077 5178 9078 5124 9078 5180 9078 5124 9079 5126 9079 5180 9079 5180 9080 5126 9080 5182 9080 5126 9081 5128 9081 5182 9081 5182 9082 5128 9082 5184 9082 5128 9083 5130 9083 5184 9083 5184 9084 5130 9084 5186 9084 5130 9085 5132 9085 5186 9085 5186 9086 5132 9086 5188 9086 5132 9087 5163 9087 5188 9087 5188 9088 5163 9088 5190 9088 5163 9089 5165 9089 5190 9089 5190 9090 5165 9090 5191 9090 5192 9091 5177 9091 5193 9091 5177 9092 5179 9092 5193 9092 5193 9093 5179 9093 5194 9093 5179 9094 5181 9094 5194 9094 5194 9095 5181 9095 5195 9095 5181 9096 5183 9096 5195 9096 5195 9097 5183 9097 5196 9097 5183 9098 5185 9098 5196 9098 5196 9099 5185 9099 5197 9099 5185 9100 5187 9100 5197 9100 5197 9101 5187 9101 5198 9101 5187 9102 5189 9102 5198 9102 5198 9103 5189 9103 5199 9103 5189 9104 5191 9104 5199 9104 5199 9105 5191 9105 5200 9105 5147 9106 5146 9106 190 9106 5146 9107 5201 9107 190 9107 190 9108 5201 9108 191 9108 5150 9109 5202 9109 5148 9109 5202 9110 5203 9110 5148 9110 5148 9111 5203 9111 5204 9111 189 9112 191 9112 184 9112 191 9113 5205 9113 184 9113 184 9114 5205 9114 185 9114 5203 9115 5206 9115 5204 9115 5206 9116 5207 9116 5204 9116 5204 9117 5207 9117 5208 9117 188 9118 187 9118 5209 9118 5210 9119 186 9119 5211 9119 186 9120 188 9120 5211 9120 5211 9121 188 9121 5166 9121 188 9122 5209 9122 5166 9122 5166 9123 5209 9123 5167 9123 183 9124 185 9124 5212 9124 185 9125 5213 9125 5212 9125 5212 9126 5213 9126 5214 9126 5138 9127 5192 9127 5140 9127 5192 9128 5193 9128 5140 9128 5140 9129 5193 9129 5142 9129 5193 9130 5194 9130 5142 9130 5142 9131 5194 9131 5144 9131 5194 9132 5195 9132 5144 9132 5144 9133 5195 9133 5146 9133 5195 9134 5196 9134 5146 9134 5146 9135 5196 9135 5201 9135 5196 9136 5197 9136 5201 9136 5201 9137 5197 9137 191 9137 5197 9138 5198 9138 191 9138 191 9139 5198 9139 5205 9139 5198 9140 5199 9140 5205 9140 5205 9141 5199 9141 185 9141 5199 9142 5200 9142 185 9142 185 9143 5200 9143 5213 9143 5207 9144 5215 9144 5208 9144 5215 9145 5216 9145 5208 9145 5208 9146 5216 9146 5217 9146 5216 9147 5218 9147 5217 9147 5218 9148 5219 9148 5217 9148 5217 9149 5219 9149 5220 9149 5219 9150 5221 9150 5220 9150 5220 9151 5221 9151 5222 9151 5223 9152 5210 9152 5224 9152 5210 9153 5211 9153 5224 9153 5224 9154 5211 9154 5225 9154 5211 9155 5166 9155 5225 9155 5225 9156 5166 9156 5226 9156 5166 9157 5168 9157 5226 9157 5226 9158 5168 9158 5227 9158 5168 9159 4851 9159 5227 9159 5227 9160 4851 9160 5228 9160 4851 9161 4842 9161 5228 9161 5228 9162 4842 9162 5229 9162 4842 9163 4754 9163 5229 9163 5229 9164 4754 9164 5230 9164 4754 9165 4756 9165 5230 9165 196 9166 5231 9166 5232 9166 5231 9167 5233 9167 5232 9167 5233 9168 5234 9168 5232 9168 5232 9169 5234 9169 5235 9169 196 9170 5232 9170 197 9170 5232 9171 5236 9171 197 9171 197 9172 5236 9172 5237 9172 5236 9173 5238 9173 5237 9173 5237 9174 5238 9174 5239 9174 5238 9175 5240 9175 5239 9175 5239 9176 5240 9176 5241 9176 5240 9177 5242 9177 5241 9177 5241 9178 5242 9178 5243 9178 5242 9179 5244 9179 5243 9179 5243 9180 5244 9180 1314 9180 5244 9181 1570 9181 1314 9181 1314 9182 1570 9182 1315 9182 1570 9183 1572 9183 1315 9183 1315 9184 1572 9184 1435 9184 1572 9185 531 9185 1435 9185 1435 9186 531 9186 1389 9186 531 9187 533 9187 1389 9187 1389 9188 533 9188 1400 9188 533 9189 1415 9189 1400 9189 1400 9190 1415 9190 1413 9190 1415 9191 1414 9191 1413 9191 1413 9192 1414 9192 1412 9192 5220 9193 5235 9193 5217 9193 5235 9194 5234 9194 5217 9194 5217 9195 5234 9195 5208 9195 5234 9196 5233 9196 5208 9196 5208 9197 5233 9197 5204 9197 5233 9198 5231 9198 5204 9198 5204 9199 5231 9199 5148 9199 5231 9200 196 9200 5148 9200 5148 9201 196 9201 5149 9201 196 9202 195 9202 5149 9202 5149 9203 195 9203 5154 9203 195 9204 5157 9204 5154 9204 5154 9205 5157 9205 5155 9205 5157 9206 197 9206 5155 9206 5155 9207 197 9207 5156 9207 5245 9208 5223 9208 5246 9208 5223 9209 5224 9209 5246 9209 5246 9210 5224 9210 5247 9210 5224 9211 5225 9211 5247 9211 5247 9212 5225 9212 5248 9212 5225 9213 5226 9213 5248 9213 5248 9214 5226 9214 5249 9214 5226 9215 5227 9215 5249 9215 5249 9216 5227 9216 5250 9216 5227 9217 5228 9217 5250 9217 5250 9218 5228 9218 5251 9218 5228 9219 5229 9219 5251 9219 5251 9220 5229 9220 5252 9220 5229 9221 5230 9221 5252 9221 5253 9222 5245 9222 5254 9222 5245 9223 5246 9223 5254 9223 5254 9224 5246 9224 5255 9224 5246 9225 5247 9225 5255 9225 5255 9226 5247 9226 5256 9226 5247 9227 5248 9227 5256 9227 5256 9228 5248 9228 5257 9228 5248 9229 5249 9229 5257 9229 5257 9230 5249 9230 5258 9230 5249 9231 5250 9231 5258 9231 5258 9232 5250 9232 5259 9232 5250 9233 5251 9233 5259 9233 5259 9234 5251 9234 5260 9234 5251 9235 5252 9235 5260 9235 5169 9236 5170 9236 5261 9236 5170 9237 5173 9237 5261 9237 5261 9238 5173 9238 5262 9238 5173 9239 5263 9239 5262 9239 5262 9240 5263 9240 5264 9240 5260 9241 5158 9241 5259 9241 5158 9242 193 9242 5259 9242 5259 9243 193 9243 5258 9243 193 9244 192 9244 5258 9244 5258 9245 192 9245 5257 9245 192 9246 5169 9246 5257 9246 5257 9247 5169 9247 5256 9247 5169 9248 5261 9248 5256 9248 5256 9249 5261 9249 5255 9249 5261 9250 5262 9250 5255 9250 5255 9251 5262 9251 5254 9251 5262 9252 5264 9252 5254 9252 5254 9253 5264 9253 5253 9253 5214 9254 5213 9254 5265 9254 5213 9255 5266 9255 5265 9255 5265 9256 5266 9256 5267 9256 5266 9257 5268 9257 5267 9257 5267 9258 5268 9258 5269 9258 5268 9259 5270 9259 5269 9259 5269 9260 5270 9260 5271 9260 5270 9261 5272 9261 5271 9261 5271 9262 5272 9262 5273 9262 5274 9263 5275 9263 5276 9263 5275 9264 5277 9264 5276 9264 5276 9265 5277 9265 5278 9265 5277 9266 5279 9266 5278 9266 5278 9267 5279 9267 5280 9267 5279 9268 5281 9268 5280 9268 5280 9269 5281 9269 5222 9269 5273 9270 5282 9270 5271 9270 5282 9271 5283 9271 5271 9271 5271 9272 5283 9272 5269 9272 5283 9273 5284 9273 5269 9273 5269 9274 5284 9274 5267 9274 5284 9275 5285 9275 5267 9275 5267 9276 5285 9276 5265 9276 5285 9277 5286 9277 5265 9277 5265 9278 5286 9278 5214 9278 5286 9279 5287 9279 5214 9279 5214 9280 5287 9280 5212 9280 5287 9281 5288 9281 5212 9281 5212 9282 5288 9282 183 9282 5288 9283 5289 9283 183 9283 183 9284 5289 9284 184 9284 5289 9285 5290 9285 184 9285 184 9286 5290 9286 189 9286 5290 9287 5291 9287 189 9287 189 9288 5291 9288 190 9288 5291 9289 5292 9289 190 9289 190 9290 5292 9290 5147 9290 5292 9291 5293 9291 5147 9291 5147 9292 5293 9292 5145 9292 5293 9293 5294 9293 5145 9293 5145 9294 5294 9294 5143 9294 5294 9295 5295 9295 5143 9295 5143 9296 5295 9296 5141 9296 5295 9297 5136 9297 5141 9297 5141 9298 5136 9298 5139 9298 5136 9299 5134 9299 5139 9299 5139 9300 5134 9300 5137 9300 5134 9301 5133 9301 5137 9301 5137 9302 5133 9302 5123 9302 725 9303 735 9303 726 9303 735 9304 721 9304 726 9304 726 9305 721 9305 771 9305 721 9306 720 9306 771 9306 771 9307 720 9307 5296 9307 720 9308 718 9308 5296 9308 5296 9309 718 9309 5297 9309 718 9310 717 9310 5297 9310 5297 9311 717 9311 5274 9311 717 9312 737 9312 5274 9312 5274 9313 737 9313 5275 9313 737 9314 736 9314 5275 9314 5275 9315 736 9315 5277 9315 736 9316 181 9316 5277 9316 5277 9317 181 9317 5279 9317 181 9318 180 9318 5279 9318 5279 9319 180 9319 5281 9319 741 9320 744 9320 742 9320 744 9321 739 9321 742 9321 742 9322 739 9322 727 9322 739 9323 738 9323 727 9323 727 9324 738 9324 725 9324 738 9325 746 9325 725 9325 725 9326 746 9326 734 9326 746 9327 748 9327 734 9327 734 9328 748 9328 732 9328 748 9329 750 9329 732 9329 732 9330 750 9330 730 9330 750 9331 752 9331 730 9331 730 9332 752 9332 728 9332 752 9333 757 9333 728 9333 728 9334 757 9334 181 9334 757 9335 756 9335 181 9335 181 9336 756 9336 182 9336 756 9337 5298 9337 182 9337 182 9338 5298 9338 5299 9338 5298 9339 5300 9339 5299 9339 5299 9340 5300 9340 5301 9340 5300 9341 5302 9341 5301 9341 5301 9342 5302 9342 5303 9342 5302 9343 5304 9343 5303 9343 5303 9344 5304 9344 5305 9344 5304 9345 5306 9345 5305 9345 5305 9346 5306 9346 1573 9346 5306 9347 5307 9347 1573 9347 1573 9348 5307 9348 1574 9348 5307 9349 5308 9349 1574 9349 1574 9350 5308 9350 1624 9350 5308 9351 5309 9351 1624 9351 1624 9352 5309 9352 1623 9352 5309 9353 5310 9353 1623 9353 1623 9354 5310 9354 1595 9354 5310 9355 1625 9355 1595 9355 1595 9356 1625 9356 1596 9356 1625 9357 1627 9357 1596 9357 1596 9358 1627 9358 1598 9358 1627 9359 1629 9359 1598 9359 1598 9360 1629 9360 1600 9360 1629 9361 1631 9361 1600 9361 1600 9362 1631 9362 1674 9362 5176 9363 704 9363 5175 9363 704 9364 703 9364 5175 9364 5175 9365 703 9365 5174 9365 703 9366 5311 9366 5174 9366 5174 9367 5311 9367 5173 9367 5311 9368 5312 9368 5173 9368 5173 9369 5312 9369 5263 9369 5312 9370 5313 9370 5263 9370 5263 9371 5313 9371 5264 9371 5313 9372 5314 9372 5264 9372 5264 9373 5314 9373 5253 9373 5314 9374 5272 9374 5253 9374 5253 9375 5272 9375 5245 9375 5272 9376 5270 9376 5245 9376 5245 9377 5270 9377 5223 9377 5270 9378 5268 9378 5223 9378 5223 9379 5268 9379 5210 9379 5268 9380 5266 9380 5210 9380 5210 9381 5266 9381 186 9381 5266 9382 5213 9382 186 9382 186 9383 5213 9383 187 9383 5213 9384 5200 9384 187 9384 187 9385 5200 9385 5209 9385 5200 9386 5191 9386 5209 9386 5209 9387 5191 9387 5167 9387 5191 9388 5165 9388 5167 9388 5167 9389 5165 9389 5168 9389 5165 9390 5164 9390 5168 9390 5168 9391 5164 9391 4851 9391 5164 9392 5162 9392 4851 9392 4851 9393 5162 9393 4852 9393 5162 9394 5161 9394 4852 9394 4852 9395 5161 9395 4853 9395 5161 9396 4850 9396 4853 9396 4853 9397 4850 9397 4854 9397 4850 9398 4849 9398 4854 9398 4854 9399 4849 9399 4855 9399 4849 9400 4847 9400 4855 9400 5222 9401 5281 9401 5220 9401 5281 9402 180 9402 5220 9402 5220 9403 180 9403 5235 9403 180 9404 182 9404 5235 9404 5235 9405 182 9405 5232 9405 182 9406 5299 9406 5232 9406 5232 9407 5299 9407 5236 9407 5299 9408 5301 9408 5236 9408 5236 9409 5301 9409 5238 9409 5301 9410 5303 9410 5238 9410 5238 9411 5303 9411 5240 9411 5303 9412 5305 9412 5240 9412 5240 9413 5305 9413 5242 9413 5305 9414 1573 9414 5242 9414 5242 9415 1573 9415 5244 9415 1573 9416 1575 9416 5244 9416 5244 9417 1575 9417 1570 9417 1575 9418 1680 9418 1570 9418 1570 9419 1680 9419 1571 9419 1680 9420 1679 9420 1571 9420 1571 9421 1679 9421 1576 9421 1679 9422 1678 9422 1576 9422 1576 9423 1678 9423 1577 9423 1678 9424 1677 9424 1577 9424 1577 9425 1677 9425 1578 9425 700 9426 5315 9426 701 9426 5315 9427 709 9427 701 9427 701 9428 709 9428 702 9428 709 9429 708 9429 702 9429 702 9430 708 9430 620 9430 708 9431 706 9431 620 9431 620 9432 706 9432 621 9432 706 9433 704 9433 621 9433 621 9434 704 9434 198 9434 704 9435 5176 9435 198 9435 198 9436 5176 9436 199 9436 5176 9437 5172 9437 199 9437 199 9438 5172 9438 5316 9438 5172 9439 5160 9439 5316 9439 5316 9440 5160 9440 4709 9440 5160 9441 5159 9441 4709 9441 4709 9442 5159 9442 4708 9442 5159 9443 5158 9443 4708 9443 4708 9444 5158 9444 4747 9444 5158 9445 5260 9445 4747 9445 4747 9446 5260 9446 4748 9446 5260 9447 5252 9447 4748 9447 4748 9448 5252 9448 4750 9448 5252 9449 5230 9449 4750 9449 4750 9450 5230 9450 4752 9450 5230 9451 4756 9451 4752 9451 4752 9452 4756 9452 4753 9452 4756 9453 4758 9453 4753 9453 4753 9454 4758 9454 4746 9454 547 9455 1330 9455 1370 9455 1330 9456 1331 9456 1370 9456 1370 9457 1331 9457 1369 9457 1331 9458 1332 9458 1369 9458 1369 9459 1332 9459 1367 9459 1332 9460 1333 9460 1367 9460 1367 9461 1333 9461 1365 9461 1333 9462 1334 9462 1365 9462 1365 9463 1334 9463 1363 9463 1334 9464 1335 9464 1363 9464 1363 9465 1335 9465 1361 9465 1335 9466 1336 9466 1361 9466 1361 9467 1336 9467 1359 9467 1336 9468 1337 9468 1359 9468 1359 9469 1337 9469 1357 9469 1337 9470 1338 9470 1357 9470 1357 9471 1338 9471 1318 9471 1338 9472 1339 9472 1318 9472 1318 9473 1339 9473 1316 9473 1339 9474 1340 9474 1316 9474 1316 9475 1340 9475 1314 9475 1340 9476 1341 9476 1314 9476 1314 9477 1341 9477 5243 9477 1341 9478 4639 9478 5243 9478 5243 9479 4639 9479 5241 9479 4639 9480 4638 9480 5241 9480 5241 9481 4638 9481 5239 9481 4638 9482 206 9482 5239 9482 5239 9483 206 9483 5237 9483 206 9484 5012 9484 5237 9484 5237 9485 5012 9485 197 9485 5012 9486 5011 9486 197 9486 197 9487 5011 9487 5156 9487 5011 9488 5090 9488 5156 9488 5156 9489 5090 9489 5116 9489 5090 9490 5091 9490 5116 9490 5116 9491 5091 9491 5117 9491 5091 9492 5093 9492 5117 9492 5117 9493 5093 9493 5119 9493 5093 9494 5095 9494 5119 9494 5119 9495 5095 9495 5153 9495 4046 9496 5317 9496 4047 9496 5317 9497 4048 9497 4047 9497 4047 9498 4048 9498 296 9498 4048 9499 4050 9499 296 9499 296 9500 4050 9500 4054 9500 4050 9501 4052 9501 4054 9501 4054 9502 4052 9502 873 9502 4052 9503 4053 9503 873 9503 873 9504 4053 9504 624 9504 4053 9505 5318 9505 624 9505 624 9506 5318 9506 625 9506 4744 9507 4675 9507 4745 9507 4675 9508 4674 9508 4745 9508 4745 9509 4674 9509 4751 9509 4674 9510 4697 9510 4751 9510 4751 9511 4697 9511 4749 9511 4697 9512 4698 9512 4749 9512 4749 9513 4698 9513 4706 9513 4698 9514 4685 9514 4706 9514 4706 9515 4685 9515 4707 9515 4685 9516 4684 9516 4707 9516 4707 9517 4684 9517 4709 9517 4684 9518 4703 9518 4709 9518 4709 9519 4703 9519 5316 9519 4703 9520 4702 9520 5316 9520 5316 9521 4702 9521 199 9521 4702 9522 4683 9522 199 9522 199 9523 4683 9523 200 9523 4683 9524 4650 9524 200 9524 200 9525 4650 9525 4705 9525 4650 9526 4055 9526 4705 9526 4705 9527 4055 9527 4704 9527 4055 9528 4054 9528 4704 9528 4704 9529 4054 9529 699 9529 4054 9530 873 9530 699 9530 699 9531 873 9531 700 9531 873 9532 872 9532 700 9532 700 9533 872 9533 5315 9533 872 9534 811 9534 5315 9534 5315 9535 811 9535 709 9535 811 9536 810 9536 709 9536 709 9537 810 9537 710 9537 810 9538 1050 9538 710 9538 710 9539 1050 9539 711 9539 1050 9540 1049 9540 711 9540 711 9541 1049 9541 707 9541 1049 9542 716 9542 707 9542 707 9543 716 9543 705 9543 716 9544 715 9544 705 9544 705 9545 715 9545 703 9545 715 9546 713 9546 703 9546 703 9547 713 9547 5311 9547 713 9548 712 9548 5311 9548 5311 9549 712 9549 5312 9549 712 9550 724 9550 5312 9550 5312 9551 724 9551 5313 9551 724 9552 723 9552 5313 9552 5313 9553 723 9553 5314 9553 723 9554 771 9554 5314 9554 5314 9555 771 9555 5272 9555 771 9556 5296 9556 5272 9556 5272 9557 5296 9557 5273 9557 5296 9558 5297 9558 5273 9558 5273 9559 5297 9559 5282 9559 5297 9560 5274 9560 5282 9560 5282 9561 5274 9561 5283 9561 5274 9562 5276 9562 5283 9562 5283 9563 5276 9563 5284 9563 5276 9564 5278 9564 5284 9564 5284 9565 5278 9565 5285 9565 5278 9566 5280 9566 5285 9566 5285 9567 5280 9567 5286 9567 5280 9568 5222 9568 5286 9568 5286 9569 5222 9569 5287 9569 5222 9570 5221 9570 5287 9570 5287 9571 5221 9571 5288 9571 5221 9572 5219 9572 5288 9572 5288 9573 5219 9573 5289 9573 5219 9574 5218 9574 5289 9574 5289 9575 5218 9575 5290 9575 5218 9576 5216 9576 5290 9576 5290 9577 5216 9577 5291 9577 5216 9578 5215 9578 5291 9578 5291 9579 5215 9579 5292 9579 5215 9580 5207 9580 5292 9580 5292 9581 5207 9581 5293 9581 5207 9582 5206 9582 5293 9582 5293 9583 5206 9583 5294 9583 5206 9584 5203 9584 5294 9584 5294 9585 5203 9585 5295 9585 5203 9586 5202 9586 5295 9586 5295 9587 5202 9587 5136 9587 5202 9588 5150 9588 5136 9588 5136 9589 5150 9589 5135 9589 5150 9590 5152 9590 5135 9590 5135 9591 5152 9591 5133 9591 5152 9592 5153 9592 5133 9592 5133 9593 5153 9593 5123 9593 5153 9594 5095 9594 5123 9594 5123 9595 5095 9595 5121 9595 5095 9596 5094 9596 5121 9596 1286 9597 1223 9597 1288 9597 1223 9598 1225 9598 1288 9598 1288 9599 1225 9599 1290 9599 1225 9600 1227 9600 1290 9600 1290 9601 1227 9601 1292 9601 1227 9602 1229 9602 1292 9602 1292 9603 1229 9603 1294 9603 1229 9604 1231 9604 1294 9604 1294 9605 1231 9605 1296 9605 1231 9606 3927 9606 1296 9606 1296 9607 3927 9607 1303 9607 3927 9608 3928 9608 1303 9608 1303 9609 3928 9609 1304 9609 3928 9610 540 9610 1304 9610 1304 9611 540 9611 1319 9611 540 9612 542 9612 1319 9612 1319 9613 542 9613 4545 9613 542 9614 316 9614 4545 9614 4545 9615 316 9615 4543 9615 316 9616 314 9616 4543 9616 4543 9617 314 9617 4539 9617 314 9618 313 9618 4539 9618 4539 9619 313 9619 221 9619 313 9620 4450 9620 221 9620 221 9621 4450 9621 219 9621 4450 9622 4443 9622 219 9622 219 9623 4443 9623 220 9623 4443 9624 4447 9624 220 9624 220 9625 4447 9625 4472 9625 4447 9626 4448 9626 4472 9626 4472 9627 4448 9627 4471 9627 4448 9628 4449 9628 4471 9628 4471 9629 4449 9629 4469 9629 4449 9630 4434 9630 4469 9630 4469 9631 4434 9631 4537 9631 4434 9632 4436 9632 4537 9632 4537 9633 4436 9633 4536 9633 4436 9634 4442 9634 4536 9634 4536 9635 4442 9635 4535 9635 4442 9636 4441 9636 4535 9636 4535 9637 4441 9637 4534 9637 4441 9638 4440 9638 4534 9638 4534 9639 4440 9639 4533 9639 4440 9640 4439 9640 4533 9640 4533 9641 4439 9641 4532 9641 4439 9642 4438 9642 4532 9642 4532 9643 4438 9643 4531 9643 4438 9644 4437 9644 4531 9644 4531 9645 4437 9645 4530 9645 4437 9646 4327 9646 4530 9646 4530 9647 4327 9647 248 9647 4327 9648 4326 9648 248 9648 248 9649 4326 9649 249 9649 4326 9650 4302 9650 249 9650 249 9651 4302 9651 251 9651 4302 9652 4295 9652 251 9652 251 9653 4295 9653 253 9653 4295 9654 4293 9654 253 9654 253 9655 4293 9655 4528 9655 4293 9656 4291 9656 4528 9656 4528 9657 4291 9657 255 9657 4291 9658 4290 9658 255 9658 255 9659 4290 9659 256 9659 4290 9660 4324 9660 256 9660 256 9661 4324 9661 258 9661 4324 9662 4323 9662 258 9662 258 9663 4323 9663 259 9663 4323 9664 4322 9664 259 9664 259 9665 4322 9665 4360 9665 4322 9666 4321 9666 4360 9666 4360 9667 4321 9667 4353 9667 4321 9668 4320 9668 4353 9668 4353 9669 4320 9669 261 9669 4320 9670 4319 9670 261 9670 261 9671 4319 9671 262 9671 4319 9672 4318 9672 262 9672 262 9673 4318 9673 4269 9673 4318 9674 4317 9674 4269 9674 4269 9675 4317 9675 4270 9675 4317 9676 4316 9676 4270 9676 4270 9677 4316 9677 264 9677 4316 9678 4315 9678 264 9678 264 9679 4315 9679 265 9679 4315 9680 4314 9680 265 9680 265 9681 4314 9681 293 9681 4314 9682 4313 9682 293 9682 293 9683 4313 9683 4247 9683 4313 9684 4312 9684 4247 9684 4247 9685 4312 9685 4248 9685 4312 9686 4311 9686 4248 9686 4248 9687 4311 9687 4136 9687 4311 9688 4310 9688 4136 9688 4136 9689 4310 9689 4085 9689 4310 9690 4309 9690 4085 9690 4085 9691 4309 9691 4083 9691 4309 9692 4308 9692 4083 9692 4083 9693 4308 9693 4081 9693 4308 9694 4307 9694 4081 9694 4081 9695 4307 9695 4079 9695 4307 9696 4306 9696 4079 9696 4079 9697 4306 9697 4077 9697 4306 9698 4305 9698 4077 9698 4077 9699 4305 9699 4064 9699 4305 9700 4304 9700 4064 9700 4064 9701 4304 9701 4061 9701 4304 9702 4303 9702 4061 9702 4061 9703 4303 9703 4056 9703 4303 9704 3680 9704 4056 9704 4056 9705 3680 9705 4057 9705 3680 9706 4034 9706 4057 9706 4057 9707 4034 9707 4059 9707 4034 9708 4067 9708 4059 9708 4059 9709 4067 9709 4060 9709 4067 9710 4069 9710 4060 9710 4060 9711 4069 9711 4066 9711 4069 9712 4074 9712 4066 9712 4066 9713 4074 9713 4137 9713 4074 9714 4150 9714 4137 9714 4137 9715 4150 9715 4151 9715 4211 9716 4158 9716 4655 9716 4158 9717 4157 9717 4655 9717 4655 9718 4157 9718 4656 9718 4157 9719 4165 9719 4656 9719 4656 9720 4165 9720 4654 9720 4165 9721 4164 9721 4654 9721 4654 9722 4164 9722 4649 9722 4164 9723 4162 9723 4649 9723 4649 9724 4162 9724 4640 9724 4162 9725 4160 9725 4640 9725 4640 9726 4160 9726 4045 9726 4160 9727 4159 9727 4045 9727 4045 9728 4159 9728 4046 9728 4159 9729 4167 9729 4046 9729 4046 9730 4167 9730 5317 9730 4167 9731 4166 9731 5317 9731 5317 9732 4166 9732 4048 9732 4166 9733 4039 9733 4048 9733 4048 9734 4039 9734 4049 9734 4039 9735 297 9735 4049 9735 4049 9736 297 9736 4051 9736 297 9737 299 9737 4051 9737 4051 9738 299 9738 4053 9738 299 9739 300 9739 4053 9739 4053 9740 300 9740 5318 9740 300 9741 3256 9741 5318 9741 5318 9742 3256 9742 625 9742 3256 9743 3258 9743 625 9743 625 9744 3258 9744 630 9744 273 9745 274 9745 4787 9745 274 9746 276 9746 4787 9746 4787 9747 276 9747 4768 9747 276 9748 4212 9748 4768 9748 4768 9749 4212 9749 4735 9749 4212 9750 4214 9750 4735 9750 4735 9751 4214 9751 4717 9751 4214 9752 4216 9752 4717 9752 4717 9753 4216 9753 4231 9753 4216 9754 4218 9754 4231 9754 4231 9755 4218 9755 4230 9755 4218 9756 4220 9756 4230 9756 4230 9757 4220 9757 4228 9757 4220 9758 4222 9758 4228 9758 4228 9759 4222 9759 4673 9759 4222 9760 4224 9760 4673 9760 4673 9761 4224 9761 4723 9761 4224 9762 202 9762 4723 9762 4723 9763 202 9763 4743 9763 202 9764 201 9764 4743 9764 4743 9765 201 9765 4767 9765 201 9766 4678 9766 4767 9766 4767 9767 4678 9767 4766 9767 4678 9768 4677 9768 4766 9768 4766 9769 4677 9769 4765 9769 4677 9770 4675 9770 4765 9770 4765 9771 4675 9771 4764 9771 4675 9772 4744 9772 4764 9772 4764 9773 4744 9773 4763 9773 4744 9774 4746 9774 4763 9774 4763 9775 4746 9775 4762 9775 4746 9776 4758 9776 4762 9776 4762 9777 4758 9777 4761 9777 4758 9778 4757 9778 4761 9778 4761 9779 4757 9779 4759 9779 4757 9780 4845 9780 4759 9780 4759 9781 4845 9781 4785 9781 4845 9782 4855 9782 4785 9782 4785 9783 4855 9783 4786 9783 4855 9784 4847 9784 4786 9784 4786 9785 4847 9785 4805 9785 4847 9786 4846 9786 4805 9786 4805 9787 4846 9787 4823 9787 4846 9788 5125 9788 4823 9788 4823 9789 5125 9789 4841 9789 5125 9790 5124 9790 4841 9790 4841 9791 5124 9791 5035 9791 5124 9792 5178 9792 5035 9792 5035 9793 5178 9793 5053 9793 5178 9794 5177 9794 5053 9794 5053 9795 5177 9795 5071 9795 5177 9796 5192 9796 5071 9796 5071 9797 5192 9797 5089 9797 5192 9798 5138 9798 5089 9798 5089 9799 5138 9799 5096 9799 5138 9800 5122 9800 5096 9800 5096 9801 5122 9801 5097 9801 5122 9802 5121 9802 5097 9802 5097 9803 5121 9803 4993 9803 5121 9804 5094 9804 4993 9804 4993 9805 5094 9805 4955 9805 5094 9806 5092 9806 4955 9806 4955 9807 5092 9807 4956 9807 5092 9808 4988 9808 4956 9808 4956 9809 4988 9809 4940 9809 4988 9810 4990 9810 4940 9810 4940 9811 4990 9811 4926 9811 4990 9812 4992 9812 4926 9812 4926 9813 4992 9813 4867 9813 4992 9814 4920 9814 4867 9814 4867 9815 4920 9815 4868 9815 4920 9816 4918 9816 4868 9816 4868 9817 4918 9817 4856 9817 4918 9818 4917 9818 4856 9818 4856 9819 4917 9819 4623 9819 4917 9820 4899 9820 4623 9820 4623 9821 4899 9821 4594 9821 4899 9822 4897 9822 4594 9822 4594 9823 4897 9823 4593 9823 4897 9824 4895 9824 4593 9824 4593 9825 4895 9825 4592 9825 4895 9826 4893 9826 4592 9826 4592 9827 4893 9827 4591 9827 4893 9828 4892 9828 4591 9828 4591 9829 4892 9829 4590 9829 4892 9830 4598 9830 4590 9830 4590 9831 4598 9831 4573 9831 4598 9832 4561 9832 4573 9832 4573 9833 4561 9833 4572 9833 4561 9834 4562 9834 4572 9834 4572 9835 4562 9835 4571 9835 4562 9836 4563 9836 4571 9836 4571 9837 4563 9837 217 9837 4563 9838 4414 9838 217 9838 217 9839 4414 9839 218 9839 4414 9840 237 9840 218 9840 218 9841 237 9841 4570 9841 237 9842 236 9842 4570 9842 4570 9843 236 9843 4578 9843 236 9844 4409 9844 4578 9844 4578 9845 4409 9845 4584 9845 4409 9846 4407 9846 4584 9846 4584 9847 4407 9847 4412 9847 4407 9848 4405 9848 4412 9848 4412 9849 4405 9849 4410 9849 4405 9850 4404 9850 4410 9850 4410 9851 4404 9851 4632 9851 4404 9852 4402 9852 4632 9852 4632 9853 4402 9853 4866 9853 4402 9854 4403 9854 4866 9854 4866 9855 4403 9855 4890 9855 4403 9856 4398 9856 4890 9856 4890 9857 4398 9857 4891 9857 4398 9858 4396 9858 4891 9858 4891 9859 4396 9859 4939 9859 4396 9860 4395 9860 4939 9860 4939 9861 4395 9861 4954 9861 4395 9862 4394 9862 4954 9862 4954 9863 4394 9863 4986 9863 4394 9864 4393 9864 4986 9864 4986 9865 4393 9865 4987 9865 4393 9866 4392 9866 4987 9866 4987 9867 4392 9867 5010 9867 4392 9868 4391 9868 5010 9868 5010 9869 4391 9869 240 9869 4391 9870 4390 9870 240 9870 240 9871 4390 9871 241 9871 4390 9872 4389 9872 241 9872 241 9873 4389 9873 243 9873 4389 9874 4388 9874 243 9874 243 9875 4388 9875 267 9875 4388 9876 4387 9876 267 9876 267 9877 4387 9877 269 9877 4387 9878 4386 9878 269 9878 269 9879 4386 9879 271 9879 4386 9880 4385 9880 271 9880 271 9881 4385 9881 273 9881 4385 9882 4384 9882 273 9882 273 9883 4384 9883 274 9883 4384 9884 4383 9884 274 9884 274 9885 4383 9885 275 9885 4383 9886 4382 9886 275 9886 275 9887 4382 9887 277 9887 4382 9888 4381 9888 277 9888 277 9889 4381 9889 278 9889 4381 9890 4182 9890 278 9890 278 9891 4182 9891 280 9891 4182 9892 4181 9892 280 9892 280 9893 4181 9893 281 9893 4181 9894 4179 9894 281 9894 281 9895 4179 9895 283 9895 4179 9896 4177 9896 283 9896 283 9897 4177 9897 284 9897 4177 9898 4175 9898 284 9898 284 9899 4175 9899 287 9899 4175 9900 4173 9900 287 9900 287 9901 4173 9901 288 9901 4173 9902 4171 9902 288 9902 288 9903 4171 9903 4193 9903 4171 9904 4169 9904 4193 9904 4193 9905 4169 9905 4192 9905 4169 9906 4168 9906 4192 9906 4192 9907 4168 9907 4211 9907 4168 9908 4151 9908 4211 9908 4211 9909 4151 9909 4158 9909 4151 9910 4150 9910 4158 9910 4158 9911 4150 9911 4156 9911 4150 9912 4149 9912 4156 9912 4156 9913 4149 9913 4155 9913 4149 9914 4148 9914 4155 9914 4155 9915 4148 9915 4153 9915 4148 9916 4147 9916 4153 9916 4153 9917 4147 9917 302 9917 4147 9918 4146 9918 302 9918 302 9919 4146 9919 303 9919 4146 9920 4071 9920 303 9920 303 9921 4071 9921 4043 9921 4071 9922 4070 9922 4043 9922 4043 9923 4070 9923 4041 9923 4070 9924 305 9924 4041 9924 4041 9925 305 9925 4039 9925 305 9926 304 9926 4039 9926 4039 9927 304 9927 297 9927 304 9928 4028 9928 297 9928 297 9929 4028 9929 298 9929 4028 9930 4027 9930 298 9930 298 9931 4027 9931 300 9931 4027 9932 3265 9932 300 9932 300 9933 3265 9933 3255 9933 3265 9934 3263 9934 3255 9934 3255 9935 3263 9935 3257 9935 3263 9936 3262 9936 3257 9936 3257 9937 3262 9937 3258 9937 3262 9938 3261 9938 3258 9938 3258 9939 3261 9939 630 9939 3261 9940 3260 9940 630 9940 630 9941 3260 9941 626 9941 3260 9942 3259 9942 626 9942 626 9943 3259 9943 627 9943 3259 9944 633 9944 627 9944 627 9945 633 9945 852 9945 633 9946 632 9946 852 9946 852 9947 632 9947 853 9947 632 9948 695 9948 853 9948 853 9949 695 9949 697 9949 695 9950 583 9950 697 9950 1758 9951 5319 9951 1602 9951 5319 9952 5320 9952 1602 9952 1602 9953 5320 9953 1603 9953 5320 9954 5321 9954 1603 9954 1603 9955 5321 9955 1657 9955 5321 9956 1594 9956 1657 9956 1657 9957 1594 9957 1658 9957 1594 9958 1593 9958 1658 9958 1658 9959 1593 9959 1659 9959 1593 9960 1636 9960 1659 9960 1659 9961 1636 9961 1660 9961 1636 9962 1635 9962 1660 9962 1660 9963 1635 9963 1661 9963 1635 9964 1637 9964 1661 9964 1661 9965 1637 9965 1662 9965 1637 9966 1692 9966 1662 9966 1662 9967 1692 9967 1663 9967 1692 9968 1693 9968 1663 9968 1663 9969 1693 9969 1664 9969 1693 9970 1685 9970 1664 9970 1664 9971 1685 9971 1673 9971 1685 9972 1684 9972 1673 9972 1673 9973 1684 9973 1822 9973 1684 9974 1905 9974 1822 9974 1822 9975 1905 9975 1823 9975 1905 9976 1837 9976 1823 9976 1823 9977 1837 9977 1833 9977 1837 9978 1839 9978 1833 9978 1833 9979 1839 9979 1834 9979 1839 9980 1841 9980 1834 9980 1834 9981 1841 9981 1835 9981 1841 9982 1843 9982 1835 9982 1835 9983 1843 9983 1836 9983 1843 9984 491 9984 1836 9984 1836 9985 491 9985 1850 9985 491 9986 493 9986 1850 9986 1850 9987 493 9987 1846 9987 493 9988 498 9988 1846 9988 1846 9989 498 9989 1844 9989 498 9990 2618 9990 1844 9990 1844 9991 2618 9991 1849 9991 2618 9992 2702 9992 1849 9992 1849 9993 2702 9993 1854 9993 2702 9994 494 9994 1854 9994 1854 9995 494 9995 1866 9995 494 9996 496 9996 1866 9996 1866 9997 496 9997 1491 9997 496 9998 512 9998 1491 9998 1491 9999 512 9999 1489 9999 512 10000 516 10000 1489 10000 1489 10001 516 10001 1558 10001 516 10002 518 10002 1558 10002 1558 10003 518 10003 1545 10003 518 10004 1532 10004 1545 10004 1545 10005 1532 10005 1546 10005 1532 10006 1531 10006 1546 10006 1546 10007 1531 10007 515 10007 1531 10008 1529 10008 515 10008 515 10009 1529 10009 513 10009 1529 10010 1528 10010 513 10010 513 10011 1528 10011 1562 10011 1528 10012 2682 10012 1562 10012 1562 10013 2682 10013 2741 10013 2682 10014 2683 10014 2741 10014 2741 10015 2683 10015 2742 10015 2683 10016 2684 10016 2742 10016 2742 10017 2684 10017 2744 10017 2684 10018 2686 10018 2744 10018 2744 10019 2686 10019 2758 10019 2686 10020 2685 10020 2758 10020 2758 10021 2685 10021 2759 10021 2685 10022 2710 10022 2759 10022 2759 10023 2710 10023 2751 10023 2710 10024 2779 10024 2751 10024 2751 10025 2779 10025 2752 10025 2779 10026 2778 10026 2752 10026 2752 10027 2778 10027 2754 10027 2778 10028 2777 10028 2754 10028 2754 10029 2777 10029 2756 10029 2777 10030 2775 10030 2756 10030 2756 10031 2775 10031 2757 10031 2775 10032 2773 10032 2757 10032 2757 10033 2773 10033 2940 10033 2773 10034 423 10034 2940 10034 2940 10035 423 10035 2941 10035 423 10036 422 10036 2941 10036 2941 10037 422 10037 2943 10037 422 10038 2805 10038 2943 10038 2943 10039 2805 10039 2945 10039 2805 10040 2949 10040 2945 10040 2945 10041 2949 10041 2947 10041 2949 10042 410 10042 2947 10042 2947 10043 410 10043 2948 10043 410 10044 412 10044 2948 10044 2948 10045 412 10045 2923 10045 412 10046 2966 10046 2923 10046 2923 10047 2966 10047 2924 10047 2966 10048 2971 10048 2924 10048 2924 10049 2971 10049 2925 10049 2971 10050 2928 10050 2925 10050 2925 10051 2928 10051 2926 10051 2928 10052 2929 10052 2926 10052 2926 10053 2929 10053 2927 10053 2929 10054 2930 10054 2927 10054 2927 10055 2930 10055 1557 10055 2930 10056 3137 10056 1557 10056 1557 10057 3137 10057 1556 10057 3137 10058 1515 10058 1556 10058 1556 10059 1515 10059 1555 10059 1515 10060 1513 10060 1555 10060 1555 10061 1513 10061 1554 10061 1513 10062 1100 10062 1554 10062 1554 10063 1100 10063 1553 10063 1100 10064 1102 10064 1553 10064 1553 10065 1102 10065 1552 10065 1102 10066 1104 10066 1552 10066 1552 10067 1104 10067 1551 10067 1104 10068 1106 10068 1551 10068 1551 10069 1106 10069 1550 10069 1106 10070 1108 10070 1550 10070 1550 10071 1108 10071 1099 10071 1108 10072 1110 10072 1099 10072 1099 10073 1110 10073 1088 10073 1110 10074 1111 10074 1088 10074 1088 10075 1111 10075 1089 10075 1111 10076 3058 10076 1089 10076 1089 10077 3058 10077 1091 10077 3058 10078 3060 10078 1091 10078 1091 10079 3060 10079 1093 10079 3060 10080 3062 10080 1093 10080 1093 10081 3062 10081 1094 10081 3062 10082 3064 10082 1094 10082 1094 10083 3064 10083 1072 10083 3064 10084 3066 10084 1072 10084 1072 10085 3066 10085 3349 10085 3066 10086 3068 10086 3349 10086 3349 10087 3068 10087 3347 10087 3068 10088 3070 10088 3347 10088 3347 10089 3070 10089 3345 10089 3070 10090 3072 10090 3345 10090 3345 10091 3072 10091 3343 10091 3072 10092 3074 10092 3343 10092 3343 10093 3074 10093 3341 10093 3074 10094 3076 10094 3341 10094 3341 10095 3076 10095 3339 10095 3076 10096 3078 10096 3339 10096 3339 10097 3078 10097 3337 10097 3078 10098 3080 10098 3337 10098 3337 10099 3080 10099 3335 10099 3080 10100 3082 10100 3335 10100 3335 10101 3082 10101 3333 10101 3082 10102 3084 10102 3333 10102 3333 10103 3084 10103 3331 10103 3084 10104 3086 10104 3331 10104 3331 10105 3086 10105 3329 10105 3086 10106 3088 10106 3329 10106 3329 10107 3088 10107 3327 10107 3088 10108 3090 10108 3327 10108 3327 10109 3090 10109 3325 10109 3090 10110 3092 10110 3325 10110 3325 10111 3092 10111 3323 10111 3092 10112 3094 10112 3323 10112 3323 10113 3094 10113 3321 10113 3094 10114 3096 10114 3321 10114 3321 10115 3096 10115 3319 10115 3096 10116 3098 10116 3319 10116 3319 10117 3098 10117 3317 10117 3098 10118 3100 10118 3317 10118 3317 10119 3100 10119 3315 10119 3100 10120 3102 10120 3315 10120 3315 10121 3102 10121 3313 10121 3102 10122 3104 10122 3313 10122 3313 10123 3104 10123 3311 10123 3104 10124 3106 10124 3311 10124 3311 10125 3106 10125 3309 10125 3106 10126 3108 10126 3309 10126 3309 10127 3108 10127 3307 10127 3108 10128 3110 10128 3307 10128 3307 10129 3110 10129 3305 10129 3110 10130 3112 10130 3305 10130 3305 10131 3112 10131 3303 10131 3112 10132 3114 10132 3303 10132 3303 10133 3114 10133 3301 10133 3114 10134 3116 10134 3301 10134 3301 10135 3116 10135 3300 10135 3116 10136 3118 10136 3300 10136 3300 10137 3118 10137 3298 10137 3118 10138 3120 10138 3298 10138 3298 10139 3120 10139 3296 10139 3120 10140 3122 10140 3296 10140 3296 10141 3122 10141 3284 10141 3122 10142 3124 10142 3284 10142 3284 10143 3124 10143 3286 10143 3124 10144 3126 10144 3286 10144 3286 10145 3126 10145 3288 10145 3126 10146 3128 10146 3288 10146 3288 10147 3128 10147 3290 10147 3128 10148 3130 10148 3290 10148 3290 10149 3130 10149 3292 10149 3130 10150 3132 10150 3292 10150 3292 10151 3132 10151 3294 10151 3132 10152 3134 10152 3294 10152 3294 10153 3134 10153 3295 10153 3134 10154 3136 10154 3295 10154 3295 10155 3136 10155 5322 10155 3136 10156 3183 10156 5322 10156 5322 10157 3183 10157 5323 10157 3183 10158 3185 10158 5323 10158 5324 10159 584 10159 583 10159 5324 10159 3034 10159 584 10159 3034 10160 3035 10160 584 10160 584 10161 3035 10161 581 10161 3035 10162 3036 10162 581 10162 581 10163 3036 10163 582 10163 3036 10164 3044 10164 582 10164 582 10165 3044 10165 587 10165 3044 10166 1032 10166 587 10166 587 10167 1032 10167 585 10167 1032 10168 1034 10168 585 10168 585 10169 1034 10169 586 10169 1034 10170 1036 10170 586 10170 586 10171 1036 10171 594 10171 1036 10172 597 10172 594 10172 594 10173 597 10173 592 10173 597 10174 596 10174 592 10174 592 10175 596 10175 1054 10175 596 10176 1031 10176 1054 10176 1054 10177 1031 10177 1052 10177 1031 10178 1025 10178 1052 10178 1052 10179 1025 10179 1059 10179 1025 10180 1024 10180 1059 10180 1059 10181 1024 10181 1012 10181 1024 10182 1023 10182 1012 10182 1012 10183 1023 10183 1011 10183 1023 10184 1022 10184 1011 10184 1011 10185 1022 10185 987 10185 1022 10186 998 10186 987 10186 987 10187 998 10187 988 10187 998 10188 997 10188 988 10188 988 10189 997 10189 989 10189 997 10190 963 10190 989 10190 989 10191 963 10191 957 10191 963 10192 962 10192 957 10192 957 10193 962 10193 956 10193 962 10194 961 10194 956 10194 956 10195 961 10195 955 10195 961 10196 937 10196 955 10196 955 10197 937 10197 954 10197 937 10198 939 10198 954 10198 954 10199 939 10199 605 10199 939 10200 941 10200 605 10200 605 10201 941 10201 606 10201 941 10202 915 10202 606 10202 606 10203 915 10203 936 10203 915 10204 911 10204 936 10204 936 10205 911 10205 935 10205 911 10206 913 10206 935 10206 935 10207 913 10207 926 10207 913 10208 909 10208 926 10208 926 10209 909 10209 925 10209 909 10210 910 10210 925 10210 925 10211 910 10211 946 10211 910 10212 880 10212 946 10212 946 10213 880 10213 945 10213 880 10214 879 10214 945 10214 945 10215 879 10215 944 10215 879 10216 2222 10216 944 10216 944 10217 2222 10217 942 10217 2222 10218 2224 10218 942 10218 942 10219 2224 10219 1015 10219 2224 10220 2226 10220 1015 10220 1015 10221 2226 10221 1016 10221 2226 10222 2228 10222 1016 10222 1016 10223 2228 10223 1017 10223 2228 10224 2229 10224 1017 10224 1017 10225 2229 10225 1051 10225 2229 10226 901 10226 1051 10226 1051 10227 901 10227 839 10227 901 10228 900 10228 839 10228 839 10229 900 10229 838 10229 900 10230 615 10230 838 10230 838 10231 615 10231 836 10231 615 10232 614 10232 836 10232 836 10233 614 10233 834 10233 614 10234 822 10234 834 10234 834 10235 822 10235 830 10235 822 10236 821 10236 830 10236 830 10237 821 10237 806 10237 821 10238 812 10238 806 10238 806 10239 812 10239 805 10239 812 10240 800 10240 805 10240 805 10241 800 10241 803 10241 800 10242 789 10242 803 10242 803 10243 789 10243 770 10243 789 10244 777 10244 770 10244 770 10245 777 10245 768 10245 777 10246 766 10246 768 10246 768 10247 766 10247 743 10247 766 10248 765 10248 743 10248 743 10249 765 10249 741 10249 765 10250 779 10250 741 10250 741 10251 779 10251 764 10251 779 10252 781 10252 764 10252 764 10253 781 10253 763 10253 781 10254 783 10254 763 10254 763 10255 783 10255 762 10255 783 10256 785 10256 762 10256 762 10257 785 10257 761 10257 785 10258 794 10258 761 10258 761 10259 794 10259 760 10259 794 10260 795 10260 760 10260 760 10261 795 10261 758 10261 795 10262 818 10262 758 10262 758 10263 818 10263 756 10263 818 10264 819 10264 756 10264 756 10265 819 10265 5298 10265 819 10266 177 10266 5298 10266 5298 10267 177 10267 5300 10267 177 10268 179 10268 5300 10268 5300 10269 179 10269 5302 10269 179 10270 468 10270 5302 10270 5302 10271 468 10271 5304 10271 468 10272 470 10272 5304 10272 5304 10273 470 10273 5306 10273 470 10274 1748 10274 5306 10274 5306 10275 1748 10275 5307 10275 1748 10276 1696 10276 5307 10276 5307 10277 1696 10277 5308 10277 1696 10278 505 10278 5308 10278 5308 10279 505 10279 5309 10279 505 10280 507 10280 5309 10280 5309 10281 507 10281 5310 10281 507 10282 1641 10282 5310 10282 5310 10283 1641 10283 1625 10283 1641 10284 1643 10284 1625 10284 1625 10285 1643 10285 1626 10285 1643 10286 1645 10286 1626 10286 1626 10287 1645 10287 1628 10287 1645 10288 1592 10288 1628 10288 1628 10289 1592 10289 1630 10289 1592 10290 1594 10290 1630 10290 1630 10291 1594 10291 1631 10291 1594 10292 5321 10292 1631 10292 1631 10293 5321 10293 1674 10293 5321 10294 5320 10294 1674 10294 1674 10295 5320 10295 1675 10295 5320 10296 5319 10296 1675 10296 1675 10297 5319 10297 1676 10297 5319 10298 1758 10298 1676 10298 1676 10299 1758 10299 1677 10299 1758 10300 1871 10300 1677 10300 1677 10301 1871 10301 1578 10301 1871 10302 1870 10302 1578 10302 1578 10303 1870 10303 1418 10303 1870 10304 1869 10304 1418 10304 1418 10305 1869 10305 1417 10305 1869 10306 1868 10306 1417 10306 1417 10307 1868 10307 1416 10307 1868 10308 1867 10308 1416 10308 1416 10309 1867 10309 1414 10309 1867 10310 1429 10310 1414 10310 1414 10311 1429 10311 1412 10311 1429 10312 1384 10312 1412 10312 1412 10313 1384 10313 1410 10313 1384 10314 1383 10314 1410 10314 1410 10315 1383 10315 1408 10315 1383 10316 1371 10316 1408 10316 1408 10317 1371 10317 1406 10317 1371 10318 1373 10318 1406 10318 1406 10319 1373 10319 1404 10319 1373 10320 1342 10320 1404 10320 1404 10321 1342 10321 1402 10321 1342 10322 1344 10322 1402 10322 1402 10323 1344 10323 544 10323 1344 10324 1346 10324 544 10324 544 10325 1346 10325 545 10325 1346 10326 1348 10326 545 10326 545 10327 1348 10327 547 10327 1348 10328 1440 10328 547 10328 547 10329 1440 10329 1330 10329 1440 10330 1442 10330 1330 10330 1330 10331 1442 10331 1329 10331 1442 10332 1444 10332 1329 10332 1329 10333 1444 10333 1308 10333 1444 10334 1268 10334 1308 10334 1308 10335 1268 10335 1302 10335 1268 10336 1266 10336 1302 10336 1302 10337 1266 10337 1285 10337 1266 10338 1265 10338 1285 10338 1285 10339 1265 10339 1286 10339 1265 10340 1247 10340 1286 10340 1286 10341 1247 10341 1223 10341 1247 10342 1248 10342 1223 10342 1223 10343 1248 10343 1224 10343 1248 10344 1250 10344 1224 10344 1224 10345 1250 10345 1271 10345 1250 10346 1252 10346 1271 10346 1271 10347 1252 10347 1272 10347 1252 10348 1254 10348 1272 10348 1272 10349 1254 10349 1218 10349 1254 10350 1256 10350 1218 10350 1218 10351 1256 10351 1219 10351 1256 10352 1258 10352 1219 10352 1219 10353 1258 10353 1217 10353 1258 10354 1260 10354 1217 10354 1217 10355 1260 10355 1216 10355 1260 10356 1262 10356 1216 10356 1216 10357 1262 10357 1209 10357 1262 10358 1264 10358 1209 10358 1209 10359 1264 10359 1208 10359 1264 10360 3446 10360 1208 10360 1208 10361 3446 10361 1207 10361 3446 10362 3447 10362 1207 10362 1207 10363 3447 10363 1205 10363 3447 10364 3448 10364 1205 10364 1205 10365 3448 10365 3723 10365 3448 10366 3449 10366 3723 10366 3723 10367 3449 10367 3590 10367 3449 10368 3450 10368 3590 10368 3590 10369 3450 10369 3591 10369 3450 10370 3451 10370 3591 10370 3591 10371 3451 10371 3539 10371 3451 10372 3452 10372 3539 10372 3539 10373 3452 10373 3540 10373 3452 10374 3453 10374 3540 10374 3540 10375 3453 10375 3489 10375 3453 10376 3454 10376 3489 10376 3489 10377 3454 10377 3490 10377 3454 10378 3455 10378 3490 10378 3490 10379 3455 10379 3492 10379 3455 10380 3456 10380 3492 10380 3492 10381 3456 10381 3494 10381 3456 10382 3458 10382 3494 10382 3494 10383 3458 10383 3496 10383 3458 10384 3460 10384 3496 10384 3496 10385 3460 10385 3498 10385 3460 10386 3462 10386 3498 10386 3498 10387 3462 10387 3500 10387 3462 10388 3464 10388 3500 10388 3500 10389 3464 10389 3502 10389 3464 10390 3466 10390 3502 10390 3502 10391 3466 10391 3504 10391 3466 10392 3468 10392 3504 10392 3504 10393 3468 10393 3506 10393 3468 10394 3470 10394 3506 10394 3506 10395 3470 10395 3508 10395 3470 10396 3472 10396 3508 10396 3508 10397 3472 10397 3510 10397 3472 10398 3474 10398 3510 10398 3510 10399 3474 10399 3512 10399 3474 10400 3476 10400 3512 10400 3512 10401 3476 10401 3514 10401 3476 10402 3478 10402 3514 10402 3514 10403 3478 10403 3516 10403 3478 10404 3480 10404 3516 10404 3516 10405 3480 10405 3518 10405 3480 10406 3482 10406 3518 10406 3518 10407 3482 10407 3520 10407 3482 10408 3484 10408 3520 10408 3520 10409 3484 10409 3439 10409 3484 10410 3486 10410 3439 10410 3439 10411 3486 10411 3438 10411 3486 10412 3488 10412 3438 10412 3438 10413 3488 10413 3437 10413 3488 10414 3363 10414 3437 10414 3437 10415 3363 10415 3435 10415 3363 10416 3365 10416 3435 10416 3435 10417 3365 10417 3433 10417 3365 10418 3367 10418 3433 10418 3433 10419 3367 10419 3431 10419 3367 10420 3369 10420 3431 10420 3431 10421 3369 10421 3429 10421 3369 10422 386 10422 3429 10422 3429 10423 386 10423 3427 10423 386 10424 3350 10424 3427 10424 3427 10425 3350 10425 3425 10425 3350 10426 3351 10426 3425 10426 3425 10427 3351 10427 3414 10427 3351 10428 3283 10428 3414 10428 3414 10429 3283 10429 3416 10429 3283 10430 3285 10430 3416 10430 3416 10431 3285 10431 3418 10431 3285 10432 3287 10432 3418 10432 3418 10433 3287 10433 3421 10433 3287 10434 3289 10434 3421 10434 3421 10435 3289 10435 3649 10435 3289 10436 3291 10436 3649 10436 3649 10437 3291 10437 3648 10437 3291 10438 3293 10438 3648 10438 3648 10439 3293 10439 3646 10439 3293 10440 3295 10440 3646 10440 3646 10441 3295 10441 3645 10441 3295 10442 5322 10442 3645 10442 3645 10443 5322 10443 3270 10443 5322 10444 5323 10444 3270 10444 3270 10445 5323 10445 3268 10445 5323 10446 3185 10446 3268 10446 3268 10447 3185 10447 3051 10447 3185 10448 3186 10448 3051 10448 3051 10449 3186 10449 3050 10449 3186 10450 3237 10450 3050 10450 3050 10451 3237 10451 3049 10451 3237 10452 3243 10452 3049 10452 3049 10453 3243 10453 109 10453 3243 10454 3242 10454 109 10454 109 10455 3242 10455 107 10455 3242 10456 3241 10456 107 10456 107 10457 3241 10457 106 10457 3241 10458 3240 10458 106 10458 106 10459 3240 10459 112 10459 3240 10460 3239 10460 112 10460 112 10461 3239 10461 113 10461 3239 10462 3238 10462 113 10462 113 10463 3238 10463 122 10463 3238 10464 649 10464 122 10464 122 10465 649 10465 123 10465 649 10466 124 10466 123 10466 98 10467 96 10467 5325 10467 5325 10468 96 10468 5326 10468 96 10469 94 10469 5326 10469 5326 10470 94 10470 5327 10470 94 10471 41 10471 5327 10471 5327 10472 41 10472 40 10472 643 10473 100 10473 98 10473 5328 10474 5329 10474 695 10474 5329 10474 5330 10474 695 10474 695 10475 5330 10475 583 10475 638 10476 5331 10476 695 10476 5331 10477 5332 10477 695 10477 695 10478 5332 10478 5328 10478 98 10479 5325 10479 643 10479 5325 10480 5333 10480 643 10480 643 10481 5333 10481 637 10481 5333 10482 5334 10482 637 10482 637 10483 5334 10483 638 10483 5334 10484 5335 10484 638 10484 638 10485 5335 10485 5331 10485 5336 10486 583 10486 5337 10486 5338 10487 583 10487 5330 10487 5339 10488 5340 10488 5341 10488 5342 10489 5343 10489 5344 10489 5345 10490 5346 10490 5347 10490 5348 10491 5349 10491 5350 10491 5351 10492 5352 10492 5353 10492 5354 10493 5355 10493 5356 10493 5357 10494 5358 10494 5359 10494 5360 10495 5361 10495 5362 10495 5363 10496 5364 10496 5365 10496 5366 10497 5367 10497 5368 10497 5367 10498 5369 10498 5368 10498 5370 10499 5371 10499 5372 10499 5373 10500 5349 10500 5374 10500 5375 10501 5376 10501 5377 10501 5378 10502 5379 10502 5380 10502 5381 10503 5382 10503 5378 10503 5383 10504 5384 10504 5385 10504 5386 10505 5387 10505 5388 10505 5389 10506 5390 10506 5391 10506 5392 10507 5393 10507 5394 10507 5395 10508 5396 10508 5397 10508 5398 10509 5399 10509 5400 10509 5401 10510 5402 10510 5403 10510 5404 10511 5405 10511 5406 10511 5407 10512 5408 10512 5409 10512 5410 10513 5411 10513 5412 10513 5413 10514 5414 10514 5415 10514 5414 10515 5413 10515 5416 10515 5417 10516 5418 10516 5419 10516 5420 10517 5421 10517 5415 10517 5422 10518 5423 10518 5424 10518 583 10519 5425 10519 5426 10519 5425 10520 5427 10520 5426 10520 5428 10521 583 10521 5426 10521 5429 10522 5430 10522 5431 10522 5431 10523 5430 10523 5432 10523 5433 10524 5434 10524 5435 10524 5435 10525 5434 10525 5436 10525 5337 10526 5437 10526 5438 10526 5439 10527 5440 10527 5441 10527 583 10528 5442 10528 5443 10528 5444 10529 5445 10529 5446 10529 13 10530 14 10530 5447 10530 5448 10531 5449 10531 5450 10531 5451 10532 5452 10532 5382 10532 5452 10533 5453 10533 5382 10533 5454 10534 5455 10534 5456 10534 5457 10535 5458 10535 5459 10535 5460 10536 5461 10536 5462 10536 5461 10537 5460 10537 5463 10537 5464 10538 5465 10538 5466 10538 5467 10539 5468 10539 5469 10539 5470 10540 5471 10540 5472 10540 5473 10541 5474 10541 5475 10541 5476 10542 5477 10542 5478 10542 5479 10543 5480 10543 5481 10543 78 10544 71 10544 5482 10544 84 10545 83 10545 5482 10545 83 10546 81 10546 5482 10546 5482 10547 81 10547 78 10547 71 10548 70 10548 5482 10548 70 10549 75 10549 5482 10549 5482 10550 75 10550 73 10550 84 10551 5482 10551 85 10551 5482 10552 5483 10552 85 10552 85 10553 5483 10553 86 10553 49 10554 47 10554 5445 10554 47 10555 45 10555 5445 10555 5445 10556 45 10556 43 10556 43 10557 90 10557 5445 10557 90 10558 89 10558 5445 10558 5445 10559 89 10559 5446 10559 89 10560 88 10560 5446 10560 5446 10561 88 10561 87 10561 51 10562 5484 10562 53 10562 5484 10563 5485 10563 53 10563 53 10564 5485 10564 55 10564 63 10565 61 10565 5486 10565 61 10566 59 10566 5486 10566 5486 10567 59 10567 5485 10567 59 10568 57 10568 5485 10568 5485 10569 57 10569 55 10569 20 10570 5487 10570 5488 10570 20 10571 68 10571 5487 10571 68 10572 67 10572 5487 10572 5487 10573 67 10573 5486 10573 67 10574 65 10574 5486 10574 5486 10575 65 10575 63 10575 5488 10576 5489 10576 20 10576 5489 10577 5347 10577 20 10577 20 10578 5347 10578 11 10578 5347 10579 5346 10579 11 10579 11 10580 5346 10580 12 10580 5346 10581 15 10581 12 10581 8 10582 2 10582 5490 10582 8 10583 5490 10583 9 10583 2 10584 1 10584 5490 10584 1 10585 17 10585 5490 10585 5490 10586 17 10586 16 10586 5491 10587 5492 10587 5481 10587 5491 10588 5481 10588 5493 10588 5480 10589 5494 10589 5481 10589 5494 10590 5495 10590 5481 10590 5481 10591 5495 10591 5493 10591 5492 10592 5496 10592 5481 10592 5496 10593 5497 10593 5481 10593 5481 10594 5497 10594 5498 10594 5499 10595 5500 10595 5479 10595 5501 10596 5502 10596 5503 10596 5502 10597 5504 10597 5503 10597 5503 10598 5504 10598 5505 10598 5506 10599 5507 10599 5508 10599 5507 10600 5509 10600 5508 10600 5505 10601 5510 10601 5503 10601 5510 10602 5511 10602 5503 10602 5503 10603 5511 10603 5501 10603 5511 10604 5506 10604 5501 10604 5501 10605 5506 10605 5512 10605 5506 10606 5508 10606 5512 10606 5513 10607 5514 10607 5515 10607 5514 10608 5516 10608 5515 10608 5515 10609 5516 10609 5517 10609 5516 10610 5518 10610 5517 10610 5517 10611 5518 10611 5519 10611 5478 10612 5477 10612 5520 10612 5477 10613 5521 10613 5520 10613 5521 10614 5369 10614 5520 10614 5520 10615 5369 10615 5522 10615 5523 10616 5524 10616 5525 10616 5524 10617 5526 10617 5525 10617 5525 10618 5526 10618 5527 10618 5526 10619 5365 10619 5527 10619 5527 10620 5365 10620 5528 10620 5365 10621 5364 10621 5528 10621 5528 10622 5364 10622 5529 10622 5530 10623 5531 10623 5532 10623 5531 10624 5533 10624 5532 10624 5532 10625 5533 10625 5534 10625 5533 10626 5529 10626 5534 10626 5535 10627 5536 10627 5530 10627 5536 10628 5537 10628 5530 10628 5530 10629 5537 10629 5531 10629 5538 10630 5539 10630 5540 10630 5541 10631 5542 10631 5543 10631 5544 10632 5545 10632 5546 10632 5545 10633 5547 10633 5546 10633 5546 10634 5547 10634 5541 10634 5547 10635 5548 10635 5541 10635 5541 10636 5548 10636 5542 10636 5549 10637 5550 10637 5551 10637 5550 10638 5552 10638 5551 10638 5553 10639 5554 10639 5555 10639 5554 10640 5556 10640 5555 10640 5557 10641 5558 10641 5559 10641 5558 10642 5560 10642 5559 10642 5559 10643 5560 10643 5561 10643 5560 10644 5562 10644 5561 10644 5457 10645 5563 10645 5458 10645 5563 10646 5564 10646 5458 10646 5458 10647 5564 10647 5565 10647 5566 10648 5567 10648 5568 10648 5454 10649 5456 10649 5569 10649 5378 10650 5382 10650 5379 10650 5382 10651 5453 10651 5379 10651 5379 10652 5453 10652 5570 10652 5453 10653 5571 10653 5570 10653 5570 10654 5571 10654 5572 10654 5451 10655 5382 10655 5450 10655 5382 10656 5381 10656 5450 10656 5450 10657 5381 10657 5448 10657 5381 10658 5573 10658 5448 10658 5448 10659 5573 10659 5377 10659 5574 10660 5376 10660 5575 10660 5376 10661 5576 10661 5575 10661 5574 10662 5577 10662 5376 10662 5577 10663 5578 10663 5376 10663 5376 10664 5578 10664 5579 10664 5579 10665 5580 10665 5376 10665 5580 10666 5581 10666 5376 10666 5376 10667 5581 10667 5377 10667 5582 10668 23 10668 22 10668 22 10669 21 10669 5582 10669 21 10670 19 10670 5582 10670 5582 10671 19 10671 18 10671 5583 10672 27 10672 26 10672 60 10673 62 10673 5584 10673 62 10674 64 10674 5584 10674 5584 10675 64 10675 5585 10675 64 10676 66 10676 5585 10676 66 10677 27 10677 5585 10677 5585 10678 27 10678 5586 10678 27 10679 5583 10679 5586 10679 5586 10680 5583 10680 5587 10680 52 10681 5588 10681 50 10681 5588 10682 5589 10682 50 10682 50 10683 5589 10683 48 10683 52 10684 54 10684 5588 10684 54 10685 56 10685 5588 10685 5588 10686 56 10686 5584 10686 56 10687 58 10687 5584 10687 5584 10688 58 10688 60 10688 42 10689 44 10689 5590 10689 44 10690 46 10690 5590 10690 5590 10691 46 10691 48 10691 79 10692 82 10692 5591 10692 82 10693 5592 10693 5591 10693 5591 10694 5592 10694 5593 10694 5327 10695 40 10695 39 10695 69 10696 93 10696 5594 10696 93 10697 92 10697 5594 10697 5594 10698 92 10698 91 10698 91 10699 77 10699 5594 10699 77 10700 76 10700 5594 10700 5594 10701 76 10701 80 10701 5595 10702 5596 10702 5597 10702 5596 10703 5598 10703 5597 10703 5597 10704 5598 10704 5599 10704 5599 10705 5483 10705 5597 10705 5483 10706 5482 10706 5597 10706 5597 10707 5482 10707 5595 10707 5482 10708 73 10708 5595 10708 5595 10709 73 10709 72 10709 5600 10710 5601 10710 5602 10710 5601 10711 5603 10711 5602 10711 5602 10712 5603 10712 5604 10712 5596 10713 5600 10713 5598 10713 5600 10714 5602 10714 5598 10714 5598 10715 5602 10715 5599 10715 5602 10716 5604 10716 5599 10716 5599 10717 5604 10717 5605 10717 5604 10718 5606 10718 5605 10718 5606 10719 5607 10719 5605 10719 5605 10720 5607 10720 5608 10720 5609 10721 5610 10721 5611 10721 5610 10722 5612 10722 5611 10722 5611 10723 5612 10723 5613 10723 5613 10724 5612 10724 5614 10724 5612 10725 5615 10725 5614 10725 5614 10726 5615 10726 583 10726 5616 10727 5609 10727 5617 10727 5609 10728 5611 10728 5617 10728 5617 10729 5611 10729 5618 10729 5611 10730 5613 10730 5618 10730 5618 10731 5613 10731 5443 10731 5613 10732 5614 10732 5443 10732 5443 10733 5614 10733 583 10733 583 10734 5619 10734 5442 10734 5619 10735 5607 10735 5442 10735 5442 10736 5607 10736 5443 10736 5607 10737 5606 10737 5443 10737 5443 10738 5606 10738 5618 10738 5606 10739 5604 10739 5618 10739 5618 10740 5604 10740 5617 10740 5604 10741 5603 10741 5617 10741 5617 10742 5603 10742 5616 10742 5603 10743 5601 10743 5616 10743 5620 10744 5621 10744 5622 10744 5623 10745 5624 10745 5622 10745 5624 10746 5625 10746 5622 10746 5622 10747 5625 10747 5620 10747 5626 10748 5627 10748 5623 10748 5627 10749 5628 10749 5623 10749 5623 10750 5628 10750 5624 10750 5629 10751 5630 10751 5631 10751 5630 10752 5632 10752 5631 10752 5631 10753 5632 10753 5626 10753 5632 10754 5633 10754 5626 10754 5626 10755 5633 10755 5627 10755 51 10756 49 10756 5484 10756 49 10757 5445 10757 5484 10757 5484 10758 5445 10758 5634 10758 5445 10759 5444 10759 5634 10759 5634 10760 5444 10760 5635 10760 5444 10761 5636 10761 5635 10761 5635 10762 5636 10762 5637 10762 5636 10763 5638 10763 5637 10763 5637 10764 5638 10764 5639 10764 5638 10765 5640 10765 5639 10765 5639 10766 5640 10766 5641 10766 5642 10767 5439 10767 5643 10767 5439 10768 5441 10768 5643 10768 5643 10769 5441 10769 5644 10769 5441 10770 5645 10770 5644 10770 5644 10771 5645 10771 5641 10771 5337 10772 5438 10772 5336 10772 5438 10773 5646 10773 5336 10773 5336 10774 5646 10774 583 10774 5647 10775 583 10775 5646 10775 5608 10776 5607 10776 5648 10776 5607 10777 5619 10777 5648 10777 5648 10778 5619 10778 5647 10778 5619 10779 583 10779 5647 10779 5649 10780 5650 10780 5651 10780 5650 10781 5652 10781 5651 10781 5651 10782 5652 10782 5653 10782 5654 10783 5655 10783 5656 10783 5655 10784 5657 10784 5656 10784 5656 10785 5657 10785 5658 10785 5657 10786 5659 10786 5658 10786 5655 10787 5436 10787 5657 10787 5436 10788 5434 10788 5657 10788 5657 10789 5434 10789 5659 10789 5434 10790 5433 10790 5659 10790 5659 10791 5433 10791 5660 10791 5435 10792 5432 10792 5433 10792 5432 10793 5430 10793 5433 10793 5433 10794 5430 10794 5660 10794 5430 10795 5429 10795 5660 10795 5660 10796 5429 10796 5661 10796 80 10797 79 10797 5594 10797 79 10798 5591 10798 5594 10798 5594 10799 5591 10799 5662 10799 5591 10800 5593 10800 5662 10800 48 10801 5589 10801 5590 10801 5589 10802 5663 10802 5590 10802 5590 10803 5663 10803 5664 10803 5665 10804 5666 10804 5593 10804 5666 10805 5667 10805 5593 10805 5593 10806 5667 10806 5662 10806 5668 10807 5669 10807 5670 10807 5669 10808 5671 10808 5670 10808 5670 10809 5671 10809 5672 10809 5663 10810 5668 10810 5664 10810 5668 10811 5670 10811 5664 10811 5664 10812 5670 10812 5673 10812 5670 10813 5672 10813 5673 10813 5673 10814 5672 10814 5674 10814 5675 10815 5676 10815 5677 10815 5676 10816 5678 10816 5677 10816 5677 10817 5678 10817 5679 10817 5678 10818 5680 10818 5679 10818 5679 10819 5680 10819 5681 10819 5682 10820 5658 10820 5683 10820 5658 10821 5659 10821 5683 10821 5683 10822 5659 10822 5684 10822 5659 10823 5660 10823 5684 10823 5684 10824 5660 10824 5685 10824 5660 10825 5661 10825 5685 10825 5685 10826 5661 10826 5686 10826 5661 10827 5687 10827 5686 10827 5686 10828 5687 10828 5688 10828 5687 10829 5437 10829 5688 10829 5688 10830 5437 10830 5689 10830 5675 10831 5437 10831 5676 10831 5437 10832 5687 10832 5676 10832 5676 10833 5687 10833 5678 10833 5687 10834 5661 10834 5678 10834 5678 10835 5661 10835 5680 10835 5661 10836 5429 10836 5680 10836 5680 10837 5429 10837 5681 10837 5429 10838 5431 10838 5681 10838 5437 10839 5690 10839 5689 10839 5690 10840 5428 10840 5689 10840 5689 10841 5428 10841 5688 10841 5428 10842 5691 10842 5688 10842 5688 10843 5691 10843 5686 10843 5691 10844 5692 10844 5686 10844 5686 10845 5692 10845 5685 10845 5692 10846 5693 10846 5685 10846 5685 10847 5693 10847 5684 10847 5693 10848 5694 10848 5684 10848 5684 10849 5694 10849 5683 10849 5694 10850 5695 10850 5683 10850 5683 10851 5695 10851 5682 10851 5695 10852 5696 10852 5682 10852 5328 10853 5332 10853 5697 10853 5332 10854 5698 10854 5697 10854 5697 10855 5698 10855 5699 10855 5698 10856 5700 10856 5699 10856 5699 10857 5700 10857 5665 10857 5700 10858 5701 10858 5665 10858 5665 10859 5701 10859 5666 10859 5702 10860 5674 10860 5703 10860 583 10861 5704 10861 5425 10861 5704 10862 5705 10862 5425 10862 5425 10863 5705 10863 5427 10863 5705 10864 5706 10864 5427 10864 5338 10865 5330 10865 5707 10865 5708 10866 5702 10866 5707 10866 5702 10867 5703 10867 5707 10867 5707 10868 5703 10868 5338 10868 5703 10869 583 10869 5338 10869 5671 10870 5706 10870 5672 10870 5706 10871 5705 10871 5672 10871 5672 10872 5705 10872 5674 10872 5705 10873 5704 10873 5674 10873 5674 10874 5704 10874 5703 10874 5704 10875 583 10875 5703 10875 5330 10876 5329 10876 5707 10876 5329 10876 5328 10876 5707 10876 5707 10877 5328 10877 5708 10877 5328 10878 5697 10878 5708 10878 5708 10879 5697 10879 5702 10879 5697 10880 5699 10880 5702 10880 5702 10881 5699 10881 5674 10881 5699 10882 5665 10882 5674 10882 5674 10883 5665 10883 5673 10883 5665 10884 5593 10884 5673 10884 5673 10885 5593 10885 5664 10885 5593 10886 5592 10886 5664 10886 5664 10887 5592 10887 5590 10887 5592 10888 82 10888 5590 10888 5590 10889 82 10889 42 10889 5332 10890 5331 10890 5698 10890 5331 10891 5335 10891 5698 10891 5698 10892 5335 10892 5700 10892 5335 10893 5334 10893 5700 10893 5700 10894 5334 10894 5701 10894 5334 10895 5333 10895 5701 10895 5701 10896 5333 10896 5666 10896 5333 10897 5325 10897 5666 10897 5666 10898 5325 10898 5667 10898 5325 10899 5326 10899 5667 10899 5667 10900 5326 10900 5662 10900 5326 10901 5327 10901 5662 10901 5662 10902 5327 10902 5594 10902 5327 10903 39 10903 5594 10903 5594 10904 39 10904 69 10904 5709 10905 5710 10905 5711 10905 5471 10906 5549 10906 5472 10906 5549 10907 5551 10907 5472 10907 5472 10908 5551 10908 5712 10908 5552 10909 5713 10909 5551 10909 5713 10910 5709 10910 5551 10910 5551 10911 5709 10911 5712 10911 5709 10912 5711 10912 5712 10912 5712 10913 5711 10913 5714 10913 5714 10914 5715 10914 5712 10914 5715 10915 5716 10915 5712 10915 5712 10916 5716 10916 5472 10916 5716 10917 5555 10917 5472 10917 5472 10918 5555 10918 5470 10918 5555 10919 5556 10919 5470 10919 5467 10920 5553 10920 5468 10920 5553 10921 5555 10921 5468 10921 5468 10922 5555 10922 5469 10922 5555 10923 5716 10923 5469 10923 5469 10924 5716 10924 5717 10924 5716 10925 5715 10925 5717 10925 5717 10926 5715 10926 5718 10926 5715 10927 5714 10927 5718 10927 5718 10928 5714 10928 5719 10928 5720 10929 5719 10929 5721 10929 5719 10930 5714 10930 5721 10930 5721 10931 5714 10931 5722 10931 5714 10932 5711 10932 5722 10932 5722 10933 5711 10933 5723 10933 5711 10934 5710 10934 5723 10934 5723 10935 5710 10935 5724 10935 5725 10936 5726 10936 5727 10936 5726 10937 5728 10937 5727 10937 5727 10938 5728 10938 5729 10938 5728 10939 5730 10939 5729 10939 5729 10940 5730 10940 5731 10940 5730 10941 5732 10941 5731 10941 5731 10942 5732 10942 5720 10942 5733 10943 5734 10943 5735 10943 5734 10944 5736 10944 5735 10944 5735 10945 5736 10945 5737 10945 5736 10946 5738 10946 5737 10946 5737 10947 5738 10947 5739 10947 5740 10948 5741 10948 5742 10948 5743 10949 5744 10949 5745 10949 5744 10950 5741 10950 5745 10950 5745 10951 5741 10951 5746 10951 5741 10952 5740 10952 5746 10952 5418 10953 5417 10953 5747 10953 5417 10954 5748 10954 5747 10954 5747 10955 5748 10955 5749 10955 5748 10956 5750 10956 5749 10956 5749 10957 5750 10957 5751 10957 5752 10958 5422 10958 5753 10958 5422 10959 5424 10959 5753 10959 5753 10960 5424 10960 5754 10960 5424 10961 5755 10961 5754 10961 5754 10962 5755 10962 5756 10962 5755 10963 5757 10963 5756 10963 5756 10964 5757 10964 5758 10964 5758 10965 5421 10965 5756 10965 5421 10966 5420 10966 5756 10966 5756 10967 5420 10967 5754 10967 5420 10968 5759 10968 5754 10968 5754 10969 5759 10969 5753 10969 5759 10970 5760 10970 5753 10970 5753 10971 5760 10971 5752 10971 5557 10972 5559 10972 5761 10972 5559 10973 5762 10973 5761 10973 5761 10974 5762 10974 5763 10974 5762 10975 5764 10975 5763 10975 5763 10976 5764 10976 5416 10976 5416 10977 5413 10977 5763 10977 5413 10978 5765 10978 5763 10978 5763 10979 5765 10979 5761 10979 5765 10980 5766 10980 5761 10980 5761 10981 5766 10981 5557 10981 5766 10982 5767 10982 5557 10982 5557 10983 5767 10983 5558 10983 5464 10984 5768 10984 5465 10984 5768 10985 5769 10985 5465 10985 5465 10986 5769 10986 5770 10986 5411 10987 5410 10987 5771 10987 5410 10988 5772 10988 5771 10988 5771 10989 5772 10989 5773 10989 5772 10990 5774 10990 5773 10990 5773 10991 5774 10991 5466 10991 5466 10992 5465 10992 5773 10992 5465 10993 5770 10993 5773 10993 5773 10994 5770 10994 5771 10994 5770 10995 5775 10995 5771 10995 5771 10996 5775 10996 5411 10996 5775 10997 5776 10997 5411 10997 5776 10998 5777 10998 5411 10998 5411 10999 5777 10999 5412 10999 5777 11000 5778 11000 5412 11000 5412 11001 5778 11001 5395 11001 5755 11002 5396 11002 5757 11002 5396 11003 5395 11003 5757 11003 5757 11004 5395 11004 5758 11004 5395 11005 5778 11005 5758 11005 5758 11006 5778 11006 5421 11006 5778 11007 5777 11007 5421 11007 5421 11008 5777 11008 5415 11008 5777 11009 5776 11009 5415 11009 5415 11010 5776 11010 5413 11010 5776 11011 5775 11011 5413 11011 5413 11012 5775 11012 5765 11012 5775 11013 5770 11013 5765 11013 5765 11014 5770 11014 5766 11014 5770 11015 5769 11015 5766 11015 5766 11016 5769 11016 5767 11016 5769 11017 5768 11017 5767 11017 5767 11018 5768 11018 5558 11018 5742 11019 5741 11019 5779 11019 5741 11020 5744 11020 5779 11020 5779 11021 5744 11021 5780 11021 5744 11022 5743 11022 5780 11022 5780 11023 5743 11023 5409 11023 5781 11024 5405 11024 5782 11024 5405 11025 5404 11025 5782 11025 5782 11026 5404 11026 5783 11026 5784 11027 5781 11027 5785 11027 5781 11028 5782 11028 5785 11028 5785 11029 5782 11029 5786 11029 5782 11030 5783 11030 5786 11030 5786 11031 5783 11031 5787 11031 5409 11032 5408 11032 5780 11032 5408 11033 5788 11033 5780 11033 5780 11034 5788 11034 5779 11034 5788 11035 5789 11035 5779 11035 5779 11036 5789 11036 5742 11036 5784 11037 5790 11037 5791 11037 5784 11038 5791 11038 5781 11038 5791 11039 5792 11039 5781 11039 5781 11040 5792 11040 5405 11040 5792 11041 5793 11041 5405 11041 5405 11042 5793 11042 5406 11042 5794 11043 5795 11043 5796 11043 5745 11044 5787 11044 5743 11044 5787 11045 5783 11045 5743 11045 5743 11046 5783 11046 5409 11046 5783 11047 5404 11047 5409 11047 5409 11048 5404 11048 5407 11048 5404 11049 5406 11049 5407 11049 5407 11050 5406 11050 5797 11050 5406 11051 5793 11051 5797 11051 5414 11052 5798 11052 5415 11052 5798 11053 5799 11053 5415 11053 5415 11054 5799 11054 5420 11054 5799 11055 5800 11055 5420 11055 5420 11056 5800 11056 5759 11056 5800 11057 5801 11057 5759 11057 5759 11058 5801 11058 5760 11058 5801 11059 5802 11059 5760 11059 5760 11060 5802 11060 5752 11060 5802 11061 5750 11061 5752 11061 5752 11062 5750 11062 5422 11062 5750 11063 5748 11063 5422 11063 5422 11064 5748 11064 5423 11064 5748 11065 5417 11065 5423 11065 5423 11066 5417 11066 5424 11066 5417 11067 5419 11067 5424 11067 5424 11068 5419 11068 5755 11068 5419 11069 5803 11069 5755 11069 5755 11070 5803 11070 5396 11070 5803 11071 5804 11071 5396 11071 5396 11072 5804 11072 5397 11072 5804 11073 5805 11073 5397 11073 5397 11074 5805 11074 5400 11074 5402 11075 5401 11075 5806 11075 5401 11076 5387 11076 5806 11076 5806 11077 5387 11077 5398 11077 5387 11078 5386 11078 5398 11078 5398 11079 5386 11079 5399 11079 5393 11080 5392 11080 5462 11080 5392 11081 5807 11081 5462 11081 5462 11082 5807 11082 5460 11082 5565 11083 5460 11083 5458 11083 5460 11084 5807 11084 5458 11084 5458 11085 5807 11085 5459 11085 5807 11086 5392 11086 5459 11086 5459 11087 5392 11087 5808 11087 5392 11088 5394 11088 5808 11088 5808 11089 5394 11089 5809 11089 5394 11090 5810 11090 5809 11090 5809 11091 5810 11091 5811 11091 5812 11092 5813 11092 5814 11092 5813 11093 5815 11093 5814 11093 5814 11094 5815 11094 5816 11094 5815 11095 5817 11095 5816 11095 5816 11096 5817 11096 5796 11096 5796 11097 5795 11097 5816 11097 5795 11098 5818 11098 5816 11098 5816 11099 5818 11099 5814 11099 5818 11100 5819 11100 5814 11100 5814 11101 5819 11101 5812 11101 5820 11102 5821 11102 5388 11102 5812 11103 5820 11103 5813 11103 5820 11104 5388 11104 5813 11104 5813 11105 5388 11105 5815 11105 5388 11106 5387 11106 5815 11106 5815 11107 5387 11107 5817 11107 5387 11108 5401 11108 5817 11108 5817 11109 5401 11109 5796 11109 5401 11110 5403 11110 5796 11110 5796 11111 5403 11111 5794 11111 5391 11112 5390 11112 5822 11112 5390 11113 5823 11113 5822 11113 5822 11114 5823 11114 5824 11114 5823 11115 5825 11115 5824 11115 5824 11116 5825 11116 5826 11116 5827 11117 5828 11117 5829 11117 5830 11118 5389 11118 5831 11118 5389 11119 5391 11119 5831 11119 5831 11120 5391 11120 5832 11120 5391 11121 5822 11121 5832 11121 5832 11122 5822 11122 5829 11122 5822 11123 5824 11123 5829 11123 5829 11124 5824 11124 5827 11124 5824 11125 5826 11125 5827 11125 5827 11126 5826 11126 5833 11126 5834 11127 5835 11127 5836 11127 5835 11128 5837 11128 5836 11128 5836 11129 5837 11129 5838 11129 5837 11130 5839 11130 5838 11130 5833 11131 5839 11131 5827 11131 5839 11132 5837 11132 5827 11132 5827 11133 5837 11133 5828 11133 5837 11134 5835 11134 5828 11134 5828 11135 5835 11135 5840 11135 5841 11136 5842 11136 5843 11136 5842 11137 5844 11137 5843 11137 5843 11138 5844 11138 5845 11138 5844 11139 5846 11139 5845 11139 5834 11140 5846 11140 5835 11140 5846 11141 5844 11141 5835 11141 5835 11142 5844 11142 5840 11142 5844 11143 5842 11143 5840 11143 5840 11144 5842 11144 5847 11144 5848 11145 5849 11145 5850 11145 5849 11146 5851 11146 5850 11146 5850 11147 5851 11147 5852 11147 5851 11148 5853 11148 5852 11148 5841 11149 5853 11149 5842 11149 5853 11150 5851 11150 5842 11150 5842 11151 5851 11151 5847 11151 5851 11152 5849 11152 5847 11152 5847 11153 5849 11153 5854 11153 5855 11154 5856 11154 5857 11154 5856 11155 5858 11155 5857 11155 5857 11156 5858 11156 5859 11156 5848 11157 5855 11157 5849 11157 5855 11158 5857 11158 5849 11158 5849 11159 5857 11159 5854 11159 5857 11160 5859 11160 5854 11160 5854 11161 5859 11161 5649 11161 5859 11162 5860 11162 5649 11162 5649 11163 5860 11163 5650 11163 5654 11164 5653 11164 5861 11164 5653 11165 5652 11165 5861 11165 5861 11166 5652 11166 5862 11166 5652 11167 5650 11167 5862 11167 5862 11168 5650 11168 5863 11168 5650 11169 5860 11169 5863 11169 5863 11170 5860 11170 5864 11170 5860 11171 5859 11171 5864 11171 5864 11172 5859 11172 5865 11172 5859 11173 5858 11173 5865 11173 5819 11174 5830 11174 5812 11174 5830 11175 5831 11175 5812 11175 5812 11176 5831 11176 5820 11176 5831 11177 5832 11177 5820 11177 5820 11178 5832 11178 5821 11178 5832 11179 5829 11179 5821 11179 5821 11180 5829 11180 5866 11180 5829 11181 5828 11181 5866 11181 5866 11182 5828 11182 5867 11182 5828 11183 5840 11183 5867 11183 5867 11184 5840 11184 5868 11184 5840 11185 5847 11185 5868 11185 5868 11186 5847 11186 5869 11186 5847 11187 5854 11187 5869 11187 5869 11188 5854 11188 5870 11188 5854 11189 5649 11189 5870 11189 5870 11190 5649 11190 5871 11190 5649 11191 5651 11191 5871 11191 5654 11192 5656 11192 5653 11192 5656 11193 5658 11193 5653 11193 5653 11194 5658 11194 5651 11194 5658 11195 5682 11195 5651 11195 5651 11196 5682 11196 5871 11196 5682 11197 5696 11197 5871 11197 5871 11198 5696 11198 5870 11198 5696 11199 5872 11199 5870 11199 5870 11200 5872 11200 5869 11200 5872 11201 5873 11201 5869 11201 5869 11202 5873 11202 5868 11202 5873 11203 5874 11203 5868 11203 5868 11204 5874 11204 5867 11204 5874 11205 5875 11205 5867 11205 5867 11206 5875 11206 5866 11206 5875 11207 5876 11207 5866 11207 5866 11208 5876 11208 5821 11208 5876 11209 5877 11209 5821 11209 5821 11210 5877 11210 5388 11210 5877 11211 5878 11211 5388 11211 5388 11212 5878 11212 5386 11212 5878 11213 5879 11213 5386 11213 5386 11214 5879 11214 5399 11214 5428 11215 5880 11215 5691 11215 5880 11216 5881 11216 5691 11216 5691 11217 5881 11217 5692 11217 5881 11218 5882 11218 5692 11218 5692 11219 5882 11219 5693 11219 5882 11220 5883 11220 5693 11220 5693 11221 5883 11221 5694 11221 5883 11222 5884 11222 5694 11222 5694 11223 5884 11223 5695 11223 5884 11224 5885 11224 5695 11224 5695 11225 5885 11225 5696 11225 5885 11226 5886 11226 5696 11226 5696 11227 5886 11227 5872 11227 5886 11228 5887 11228 5872 11228 5872 11229 5887 11229 5873 11229 5887 11230 5888 11230 5873 11230 5873 11231 5888 11231 5874 11231 5888 11232 5889 11232 5874 11232 5874 11233 5889 11233 5875 11233 5889 11234 5890 11234 5875 11234 5875 11235 5890 11235 5876 11235 5890 11236 5891 11236 5876 11236 5876 11237 5891 11237 5877 11237 5891 11238 5892 11238 5877 11238 5877 11239 5892 11239 5878 11239 5892 11240 5893 11240 5878 11240 5878 11241 5893 11241 5879 11241 5893 11242 5894 11242 5879 11242 5879 11243 5894 11243 5399 11243 5894 11244 5895 11244 5399 11244 5399 11245 5895 11245 5400 11245 5895 11246 5896 11246 5400 11246 5400 11247 5896 11247 5397 11247 5896 11248 5811 11248 5397 11248 5397 11249 5811 11249 5395 11249 5811 11250 5810 11250 5395 11250 5395 11251 5810 11251 5412 11251 5810 11252 5394 11252 5412 11252 5412 11253 5394 11253 5410 11253 5394 11254 5393 11254 5410 11254 5410 11255 5393 11255 5772 11255 5393 11256 5462 11256 5772 11256 5772 11257 5462 11257 5774 11257 5462 11258 5461 11258 5774 11258 5774 11259 5461 11259 5466 11259 5461 11260 5463 11260 5466 11260 5466 11261 5463 11261 5464 11261 5384 11262 5383 11262 5897 11262 5383 11263 5898 11263 5897 11263 5897 11264 5898 11264 5566 11264 5385 11265 5456 11265 5383 11265 5456 11266 5455 11266 5383 11266 5383 11267 5455 11267 5898 11267 5455 11268 5899 11268 5898 11268 5898 11269 5899 11269 5566 11269 5899 11270 5900 11270 5566 11270 5566 11271 5900 11271 5567 11271 5581 11272 5901 11272 5377 11272 5901 11273 5902 11273 5377 11273 5377 11274 5902 11274 5448 11274 5902 11275 5903 11275 5448 11275 5448 11276 5903 11276 5449 11276 5904 11277 5375 11277 5905 11277 5570 11278 5906 11278 5379 11278 5906 11279 5907 11279 5379 11279 5379 11280 5907 11280 5380 11280 5907 11281 5908 11281 5380 11281 5380 11282 5908 11282 5909 11282 5375 11283 5377 11283 5905 11283 5377 11284 5573 11284 5905 11284 5905 11285 5573 11285 5910 11285 5573 11286 5381 11286 5910 11286 5910 11287 5381 11287 5911 11287 5381 11288 5378 11288 5911 11288 5911 11289 5378 11289 5912 11289 5378 11290 5380 11290 5912 11290 5912 11291 5380 11291 5913 11291 5380 11292 5909 11292 5913 11292 5913 11293 5909 11293 5914 11293 5915 11294 5916 11294 5917 11294 5916 11295 5918 11295 5917 11295 5917 11296 5918 11296 5919 11296 5918 11297 5920 11297 5919 11297 5919 11298 5920 11298 5921 11298 5920 11299 5922 11299 5921 11299 5921 11300 5922 11300 5923 11300 5923 11301 5582 11301 5921 11301 5582 11302 5924 11302 5921 11302 5921 11303 5924 11303 5919 11303 5924 11304 5925 11304 5919 11304 5919 11305 5925 11305 5917 11305 5925 11306 5926 11306 5917 11306 5917 11307 5926 11307 5915 11307 5926 11308 5904 11308 5915 11308 5904 11309 5905 11309 5915 11309 5905 11310 5910 11310 5915 11310 5915 11311 5910 11311 5916 11311 5910 11312 5911 11312 5916 11312 5916 11313 5911 11313 5918 11313 5911 11314 5912 11314 5918 11314 5918 11315 5912 11315 5920 11315 5912 11316 5913 11316 5920 11316 5920 11317 5913 11317 5922 11317 5913 11318 5927 11318 5922 11318 5922 11319 5927 11319 5923 11319 5914 11320 5587 11320 5913 11320 5587 11321 5583 11321 5913 11321 5913 11322 5583 11322 5927 11322 5583 11323 26 11323 5927 11323 5927 11324 26 11324 5923 11324 26 11325 25 11325 5923 11325 5923 11326 25 11326 5582 11326 25 11327 24 11327 5582 11327 5582 11328 24 11328 23 11328 5571 11329 5569 11329 5572 11329 5569 11330 5456 11330 5572 11330 5572 11331 5456 11331 5570 11331 5456 11332 5385 11332 5570 11332 5570 11333 5385 11333 5906 11333 5385 11334 5928 11334 5906 11334 5906 11335 5928 11335 5907 11335 5928 11336 5929 11336 5907 11336 5907 11337 5929 11337 5908 11337 5929 11338 5930 11338 5908 11338 5908 11339 5930 11339 5909 11339 5930 11340 5931 11340 5909 11340 5909 11341 5931 11341 5914 11341 5931 11342 5932 11342 5914 11342 5914 11343 5932 11343 5587 11343 5932 11344 5933 11344 5587 11344 5587 11345 5933 11345 5586 11345 5933 11346 5934 11346 5586 11346 5586 11347 5934 11347 5585 11347 5934 11348 5935 11348 5585 11348 5585 11349 5935 11349 5584 11349 5935 11350 5936 11350 5584 11350 5584 11351 5936 11351 5588 11351 5936 11352 5937 11352 5588 11352 5588 11353 5937 11353 5589 11353 5937 11354 5938 11354 5589 11354 5589 11355 5938 11355 5663 11355 5938 11356 5939 11356 5663 11356 5663 11357 5939 11357 5668 11357 5939 11358 5940 11358 5668 11358 5668 11359 5940 11359 5669 11359 18 11360 13 11360 5582 11360 13 11361 5447 11361 5582 11361 5582 11362 5447 11362 5924 11362 5447 11363 5941 11363 5924 11363 5924 11364 5941 11364 5925 11364 5941 11365 5942 11365 5925 11365 5925 11366 5942 11366 5926 11366 5942 11367 5943 11367 5926 11367 5926 11368 5943 11368 5904 11368 5943 11369 5944 11369 5904 11369 5904 11370 5944 11370 5375 11370 5944 11371 5945 11371 5375 11371 5375 11372 5945 11372 5376 11372 5945 11373 5946 11373 5376 11373 5376 11374 5946 11374 5576 11374 5428 11375 5426 11375 5880 11375 5426 11376 5427 11376 5880 11376 5880 11377 5427 11377 5881 11377 5427 11378 5706 11378 5881 11378 5881 11379 5706 11379 5882 11379 5706 11380 5671 11380 5882 11380 5882 11381 5671 11381 5883 11381 5671 11382 5669 11382 5883 11382 5883 11383 5669 11383 5884 11383 5669 11384 5940 11384 5884 11384 5884 11385 5940 11385 5885 11385 5940 11386 5939 11386 5885 11386 5885 11387 5939 11387 5886 11387 5939 11388 5938 11388 5886 11388 5886 11389 5938 11389 5887 11389 5938 11390 5937 11390 5887 11390 5887 11391 5937 11391 5888 11391 5937 11392 5936 11392 5888 11392 5888 11393 5936 11393 5889 11393 5936 11394 5935 11394 5889 11394 5889 11395 5935 11395 5890 11395 5935 11396 5934 11396 5890 11396 5890 11397 5934 11397 5891 11397 5934 11398 5933 11398 5891 11398 5891 11399 5933 11399 5892 11399 5933 11400 5932 11400 5892 11400 5892 11401 5932 11401 5893 11401 5932 11402 5931 11402 5893 11402 5893 11403 5931 11403 5894 11403 5931 11404 5930 11404 5894 11404 5894 11405 5930 11405 5895 11405 5930 11406 5929 11406 5895 11406 5895 11407 5929 11407 5896 11407 5929 11408 5928 11408 5896 11408 5896 11409 5928 11409 5811 11409 5928 11410 5385 11410 5811 11410 5811 11411 5385 11411 5809 11411 5385 11412 5384 11412 5809 11412 5809 11413 5384 11413 5808 11413 5384 11414 5897 11414 5808 11414 5808 11415 5897 11415 5459 11415 5897 11416 5566 11416 5459 11416 5459 11417 5566 11417 5457 11417 5566 11418 5568 11418 5457 11418 5457 11419 5568 11419 5563 11419 5690 11420 583 11420 5428 11420 5437 11421 5337 11421 5690 11421 5337 11422 583 11422 5690 11422 5479 11423 5481 11423 5499 11423 5481 11424 5947 11424 5499 11424 5499 11425 5947 11425 5948 11425 5947 11426 5949 11426 5948 11426 5948 11427 5949 11427 5950 11427 5350 11428 5349 11428 5951 11428 5349 11429 5373 11429 5951 11429 5951 11430 5373 11430 5952 11430 5498 11431 5953 11431 5481 11431 5953 11432 5954 11432 5481 11432 5481 11433 5954 11433 5947 11433 5954 11434 5955 11434 5947 11434 5947 11435 5955 11435 5949 11435 5955 11436 5956 11436 5949 11436 5949 11437 5956 11437 5950 11437 5956 11438 5957 11438 5950 11438 5950 11439 5957 11439 5958 11439 5344 11440 5343 11440 5507 11440 5517 11441 5959 11441 5515 11441 5959 11442 5509 11442 5515 11442 5515 11443 5509 11443 5513 11443 5509 11444 5507 11444 5513 11444 5513 11445 5507 11445 5960 11445 5507 11446 5343 11446 5960 11446 5370 11447 5372 11447 5961 11447 5962 11448 5963 11448 5363 11448 5964 11449 5965 11449 5966 11449 5964 11450 5966 11450 5967 11450 5968 11451 5965 11451 5969 11451 5965 11452 5964 11452 5969 11452 5969 11453 5964 11453 5368 11453 5964 11454 5967 11454 5368 11454 5368 11455 5967 11455 5366 11455 5963 11456 5962 11456 5970 11456 5962 11457 5971 11457 5970 11457 5970 11458 5971 11458 5972 11458 5529 11459 5364 11459 5534 11459 5364 11460 5363 11460 5534 11460 5534 11461 5363 11461 5532 11461 5363 11462 5963 11462 5532 11462 5532 11463 5963 11463 5530 11463 5963 11464 5970 11464 5530 11464 5530 11465 5970 11465 5535 11465 5970 11466 5972 11466 5535 11466 5535 11467 5972 11467 5973 11467 5974 11468 5973 11468 5975 11468 5973 11469 5972 11469 5975 11469 5975 11470 5972 11470 5976 11470 5972 11471 5971 11471 5976 11471 5976 11472 5971 11472 5966 11472 5971 11473 5962 11473 5966 11473 5966 11474 5962 11474 5967 11474 5962 11475 5363 11475 5967 11475 5967 11476 5363 11476 5366 11476 5363 11477 5365 11477 5366 11477 5366 11478 5365 11478 5367 11478 5365 11479 5526 11479 5367 11479 5367 11480 5526 11480 5369 11480 5526 11481 5524 11481 5369 11481 5369 11482 5524 11482 5522 11482 5524 11483 5523 11483 5522 11483 5540 11484 5977 11484 5538 11484 5977 11485 5978 11485 5538 11485 5538 11486 5978 11486 5979 11486 5978 11487 5980 11487 5979 11487 5979 11488 5980 11488 5360 11488 5474 11489 5544 11489 5475 11489 5544 11490 5546 11490 5475 11490 5475 11491 5546 11491 5981 11491 5539 11492 5538 11492 5982 11492 5538 11493 5979 11493 5982 11493 5982 11494 5979 11494 5983 11494 5979 11495 5360 11495 5983 11495 5983 11496 5360 11496 5984 11496 5360 11497 5362 11497 5984 11497 5984 11498 5362 11498 5985 11498 5986 11499 5473 11499 5987 11499 5473 11500 5475 11500 5987 11500 5987 11501 5475 11501 5988 11501 5475 11502 5981 11502 5988 11502 5988 11503 5981 11503 5989 11503 5540 11504 5536 11504 5977 11504 5536 11505 5535 11505 5977 11505 5977 11506 5535 11506 5978 11506 5535 11507 5973 11507 5978 11507 5978 11508 5973 11508 5980 11508 5973 11509 5974 11509 5980 11509 5980 11510 5974 11510 5360 11510 5974 11511 5990 11511 5360 11511 5360 11512 5990 11512 5361 11512 5991 11513 5358 11513 5992 11513 5358 11514 5357 11514 5992 11514 5992 11515 5357 11515 5993 11515 5359 11516 5994 11516 5357 11516 5994 11517 5995 11517 5357 11517 5357 11518 5995 11518 5993 11518 5995 11519 5996 11519 5993 11519 5993 11520 5996 11520 5997 11520 5996 11521 5998 11521 5997 11521 5997 11522 5998 11522 5999 11522 5998 11523 6000 11523 5999 11523 5999 11524 6000 11524 6001 11524 6000 11525 6002 11525 6001 11525 6001 11526 6002 11526 6003 11526 6002 11527 5725 11527 6003 11527 5720 11528 5721 11528 5731 11528 5721 11529 5722 11529 5731 11529 5731 11530 5722 11530 5729 11530 5722 11531 5723 11531 5729 11531 5729 11532 5723 11532 5727 11532 5723 11533 5724 11533 5727 11533 5727 11534 5724 11534 5725 11534 5724 11535 6004 11535 5725 11535 5725 11536 6004 11536 6003 11536 6004 11537 6005 11537 6003 11537 6003 11538 6005 11538 6001 11538 6005 11539 6006 11539 6001 11539 6001 11540 6006 11540 5999 11540 6006 11541 6007 11541 5999 11541 5999 11542 6007 11542 5997 11542 6007 11543 6008 11543 5997 11543 5997 11544 6008 11544 5993 11544 6008 11545 6009 11545 5993 11545 5993 11546 6009 11546 5992 11546 6009 11547 6010 11547 5992 11547 5992 11548 6010 11548 5991 11548 5985 11549 5989 11549 5984 11549 5989 11550 5981 11550 5984 11550 5984 11551 5981 11551 5983 11551 5981 11552 5546 11552 5983 11552 5983 11553 5546 11553 5982 11553 5546 11554 5541 11554 5982 11554 5982 11555 5541 11555 5539 11555 5541 11556 5543 11556 5539 11556 5539 11557 5543 11557 5540 11557 6011 11558 6012 11558 6013 11558 6012 11559 6014 11559 6013 11559 6013 11560 6014 11560 6015 11560 6016 11561 6015 11561 6017 11561 6015 11562 6014 11562 6017 11562 6017 11563 6014 11563 6018 11563 6014 11564 6019 11564 6018 11564 6018 11565 6019 11565 6020 11565 6019 11566 6021 11566 6020 11566 6022 11567 6023 11567 6024 11567 6023 11568 6025 11568 6024 11568 6024 11569 6025 11569 6026 11569 6025 11570 6027 11570 6026 11570 6026 11571 6027 11571 6028 11571 6027 11572 6029 11572 6028 11572 6028 11573 6029 11573 6030 11573 6029 11574 5733 11574 6030 11574 5750 11575 6031 11575 5751 11575 6031 11576 6032 11576 5751 11576 5751 11577 6032 11577 6033 11577 5355 11578 5354 11578 6034 11578 5354 11579 6035 11579 6034 11579 6034 11580 6035 11580 6036 11580 5798 11581 5739 11581 5799 11581 5739 11582 5738 11582 5799 11582 5799 11583 5738 11583 5800 11583 5738 11584 5736 11584 5800 11584 5800 11585 5736 11585 5801 11585 5736 11586 5734 11586 5801 11586 5801 11587 5734 11587 5802 11587 5734 11588 5733 11588 5802 11588 5802 11589 5733 11589 5750 11589 5733 11590 6029 11590 5750 11590 5750 11591 6029 11591 6031 11591 6029 11592 6027 11592 6031 11592 6031 11593 6027 11593 6032 11593 6027 11594 6025 11594 6032 11594 6032 11595 6025 11595 6037 11595 6025 11596 6023 11596 6037 11596 6038 11597 6039 11597 6040 11597 6039 11598 6041 11598 6040 11598 6040 11599 6041 11599 6042 11599 6041 11600 6043 11600 6042 11600 6044 11601 6045 11601 6046 11601 6045 11602 6047 11602 6046 11602 6046 11603 6047 11603 6048 11603 6049 11604 6050 11604 6051 11604 6049 11605 6051 11605 6052 11605 6051 11606 6053 11606 6052 11606 6052 11607 6053 11607 6054 11607 6022 11608 6055 11608 6056 11608 6055 11609 6057 11609 6056 11609 6056 11610 6057 11610 6058 11610 6057 11611 6059 11611 6058 11611 6058 11612 6059 11612 5356 11612 6059 11613 6060 11613 5356 11613 5356 11614 6060 11614 5354 11614 6060 11615 6061 11615 5354 11615 5354 11616 6061 11616 6035 11616 6061 11617 6062 11617 6035 11617 6035 11618 6062 11618 6036 11618 6062 11619 5746 11619 6036 11619 6036 11620 5746 11620 6063 11620 5746 11621 5740 11621 6063 11621 6063 11622 5740 11622 6064 11622 5740 11623 5742 11623 6064 11623 6064 11624 5742 11624 6065 11624 5742 11625 5789 11625 6065 11625 6065 11626 5789 11626 6066 11626 5789 11627 5788 11627 6066 11627 6066 11628 5788 11628 6067 11628 5788 11629 5408 11629 6067 11629 6067 11630 5408 11630 6068 11630 5408 11631 5407 11631 6068 11631 6068 11632 5407 11632 6069 11632 5407 11633 5797 11633 6069 11633 6054 11634 6044 11634 6052 11634 6044 11635 6046 11635 6052 11635 6052 11636 6046 11636 6049 11636 6046 11637 6048 11637 6049 11637 6049 11638 6048 11638 6050 11638 6048 11639 6070 11639 6050 11639 6022 11640 6056 11640 6023 11640 6056 11641 6058 11641 6023 11641 6023 11642 6058 11642 6037 11642 6058 11643 5356 11643 6037 11643 6037 11644 5356 11644 6032 11644 5356 11645 5355 11645 6032 11645 6032 11646 5355 11646 6033 11646 5355 11647 6034 11647 6033 11647 6033 11648 6034 11648 5751 11648 6034 11649 6036 11649 5751 11649 5751 11650 6036 11650 5749 11650 6036 11651 6063 11651 5749 11651 5749 11652 6063 11652 5747 11652 6063 11653 6064 11653 5747 11653 5747 11654 6064 11654 5418 11654 6064 11655 6065 11655 5418 11655 5418 11656 6065 11656 5419 11656 6065 11657 6066 11657 5419 11657 5419 11658 6066 11658 5803 11658 6066 11659 6067 11659 5803 11659 5803 11660 6067 11660 5804 11660 6067 11661 6068 11661 5804 11661 5804 11662 6068 11662 5805 11662 6068 11663 6069 11663 5805 11663 5805 11664 6069 11664 5400 11664 6069 11665 5797 11665 5400 11665 5400 11666 5797 11666 5398 11666 5797 11667 5793 11667 5398 11667 5398 11668 5793 11668 5806 11668 5793 11669 5792 11669 5806 11669 5806 11670 5792 11670 5402 11670 5792 11671 5791 11671 5402 11671 5402 11672 5791 11672 5403 11672 5791 11673 5790 11673 5403 11673 5403 11674 5790 11674 5794 11674 5562 11675 5467 11675 5561 11675 5467 11676 5469 11676 5561 11676 5561 11677 5469 11677 5559 11677 5469 11678 5717 11678 5559 11678 5559 11679 5717 11679 5762 11679 5717 11680 5718 11680 5762 11680 5762 11681 5718 11681 5764 11681 5718 11682 5719 11682 5764 11682 5764 11683 5719 11683 5416 11683 5719 11684 5720 11684 5416 11684 5416 11685 5720 11685 5414 11685 5720 11686 5732 11686 5414 11686 5414 11687 5732 11687 5798 11687 5732 11688 5730 11688 5798 11688 5798 11689 5730 11689 5739 11689 5730 11690 5728 11690 5739 11690 5739 11691 5728 11691 5737 11691 5728 11692 5726 11692 5737 11692 5737 11693 5726 11693 5735 11693 5726 11694 5725 11694 5735 11694 5735 11695 5725 11695 5733 11695 5725 11696 6002 11696 5733 11696 5733 11697 6002 11697 6030 11697 6002 11698 6000 11698 6030 11698 6030 11699 6000 11699 6028 11699 6000 11700 5998 11700 6028 11700 6028 11701 5998 11701 6026 11701 5998 11702 5996 11702 6026 11702 6026 11703 5996 11703 6024 11703 5996 11704 5995 11704 6024 11704 6024 11705 5995 11705 6022 11705 5995 11706 5994 11706 6022 11706 6022 11707 5994 11707 6055 11707 5994 11708 5359 11708 6055 11708 6055 11709 5359 11709 5968 11709 5359 11710 5358 11710 5968 11710 5968 11711 5358 11711 5965 11711 5358 11712 5991 11712 5965 11712 5965 11713 5991 11713 5966 11713 5991 11714 6010 11714 5966 11714 5966 11715 6010 11715 5976 11715 6010 11716 6009 11716 5976 11716 5976 11717 6009 11717 5975 11717 6009 11718 6008 11718 5975 11718 5975 11719 6008 11719 5974 11719 6008 11720 6007 11720 5974 11720 5974 11721 6007 11721 5990 11721 6007 11722 6006 11722 5990 11722 5990 11723 6006 11723 5361 11723 6006 11724 6005 11724 5361 11724 5361 11725 6005 11725 5362 11725 6005 11726 6004 11726 5362 11726 5362 11727 6004 11727 5985 11727 6004 11728 5724 11728 5985 11728 5985 11729 5724 11729 5989 11729 5724 11730 5710 11730 5989 11730 5989 11731 5710 11731 5988 11731 5710 11732 5709 11732 5988 11732 5988 11733 5709 11733 5987 11733 5709 11734 5713 11734 5987 11734 5987 11735 5713 11735 5986 11735 6011 11736 6038 11736 6012 11736 6038 11737 6040 11737 6012 11737 6012 11738 6040 11738 6014 11738 6040 11739 6042 11739 6014 11739 6014 11740 6042 11740 6019 11740 6042 11741 6043 11741 6019 11741 6019 11742 6043 11742 6021 11742 6071 11743 6072 11743 6073 11743 6072 11744 6074 11744 6073 11744 6073 11745 6074 11745 6075 11745 6074 11746 6076 11746 6075 11746 6075 11747 6076 11747 6077 11747 6076 11748 6078 11748 6077 11748 6077 11749 6078 11749 6079 11749 6071 11750 6080 11750 6072 11750 6080 11751 6081 11751 6072 11751 6072 11752 6081 11752 6074 11752 6081 11753 5353 11753 6074 11753 6074 11754 5353 11754 6076 11754 5353 11755 5352 11755 6076 11755 6076 11756 5352 11756 6078 11756 6082 11757 6083 11757 6084 11757 6083 11758 6085 11758 6084 11758 6084 11759 6085 11759 6086 11759 6085 11760 6087 11760 6086 11760 6086 11761 6087 11761 6088 11761 6087 11762 6080 11762 6088 11762 6088 11763 6080 11763 6089 11763 6080 11764 6071 11764 6089 11764 6089 11765 6071 11765 6090 11765 6071 11766 6073 11766 6090 11766 6090 11767 6073 11767 6070 11767 6073 11768 6075 11768 6070 11768 6070 11769 6075 11769 6050 11769 6075 11770 6077 11770 6050 11770 6050 11771 6077 11771 6051 11771 6077 11772 6079 11772 6051 11772 6051 11773 6079 11773 6053 11773 6091 11774 6092 11774 6093 11774 6092 11775 6094 11775 6093 11775 6093 11776 6094 11776 6095 11776 6094 11777 6096 11777 6095 11777 6095 11778 6096 11778 6097 11778 6096 11779 6098 11779 6097 11779 6097 11780 6098 11780 6099 11780 6098 11781 6100 11781 6099 11781 5374 11782 5349 11782 6101 11782 5349 11783 5348 11783 6101 11783 6101 11784 5348 11784 6102 11784 6102 11785 6103 11785 6101 11785 6103 11786 6104 11786 6101 11786 6101 11787 6104 11787 5374 11787 6104 11788 6105 11788 5374 11788 5374 11789 6105 11789 5373 11789 6105 11790 6106 11790 5373 11790 5373 11791 6106 11791 5952 11791 5953 11792 5952 11792 5954 11792 5952 11793 6106 11793 5954 11793 5954 11794 6106 11794 5955 11794 6106 11795 6105 11795 5955 11795 5955 11796 6105 11796 5956 11796 6105 11797 6104 11797 5956 11797 5956 11798 6104 11798 5957 11798 6104 11799 6103 11799 5957 11799 5957 11800 6103 11800 5341 11800 16 11801 15 11801 5490 11801 15 11802 5346 11802 5490 11802 5490 11803 5346 11803 6107 11803 5346 11804 5345 11804 6107 11804 6107 11805 5345 11805 6108 11805 10 11806 9 11806 6109 11806 9 11807 5490 11807 6109 11807 6109 11808 5490 11808 6110 11808 5490 11809 6107 11809 6110 11809 6110 11810 6107 11810 6111 11810 6107 11811 6108 11811 6111 11811 6111 11812 6108 11812 6112 11812 5340 11813 5342 11813 5341 11813 5342 11814 5344 11814 5341 11814 5341 11815 5344 11815 5957 11815 5344 11816 5507 11816 5957 11816 5957 11817 5507 11817 5958 11817 5507 11818 5506 11818 5958 11818 5958 11819 5506 11819 5950 11819 5506 11820 5511 11820 5950 11820 5950 11821 5511 11821 5948 11821 5511 11822 5510 11822 5948 11822 5948 11823 5510 11823 5499 11823 5510 11824 5505 11824 5499 11824 5499 11825 5505 11825 5500 11825 5488 11826 5339 11826 5489 11826 5339 11827 5341 11827 5489 11827 5489 11828 5341 11828 5347 11828 5341 11829 6103 11829 5347 11829 5347 11830 6103 11830 5345 11830 6103 11831 6102 11831 5345 11831 5345 11832 6102 11832 6108 11832 6102 11833 5348 11833 6108 11833 6108 11834 5348 11834 6112 11834 5348 11835 5350 11835 6112 11835 6113 11836 6114 11836 6100 11836 6114 11837 6115 11837 6100 11837 6100 11838 6115 11838 6099 11838 6116 11839 6117 11839 6118 11839 6117 11840 6119 11840 6118 11840 6118 11841 6119 11841 6113 11841 6119 11842 6120 11842 6113 11842 6113 11843 6120 11843 6114 11843 5351 11844 6091 11844 6121 11844 6091 11845 6093 11845 6121 11845 6121 11846 6093 11846 6122 11846 6093 11847 6095 11847 6122 11847 6122 11848 6095 11848 6123 11848 6095 11849 6097 11849 6123 11849 6123 11850 6097 11850 6124 11850 6097 11851 6099 11851 6124 11851 6124 11852 6099 11852 6125 11852 6099 11853 6115 11853 6125 11853 6125 11854 6115 11854 6126 11854 6115 11855 6114 11855 6126 11855 6126 11856 6114 11856 6127 11856 6114 11857 6120 11857 6127 11857 6127 11858 6120 11858 6128 11858 6120 11859 6119 11859 6128 11859 6128 11860 6119 11860 6129 11860 6119 11861 6117 11861 6129 11861 6129 11862 6117 11862 6130 11862 5351 11863 5353 11863 6091 11863 5353 11864 6081 11864 6091 11864 6091 11865 6081 11865 6092 11865 6081 11866 6080 11866 6092 11866 6092 11867 6080 11867 6094 11867 6080 11868 6087 11868 6094 11868 6094 11869 6087 11869 6096 11869 6087 11870 6085 11870 6096 11870 6096 11871 6085 11871 6098 11871 6085 11872 6083 11872 6098 11872 6098 11873 6083 11873 6100 11873 6083 11874 6082 11874 6100 11874 6100 11875 6082 11875 6113 11875 6082 11876 6131 11876 6113 11876 6113 11877 6131 11877 6118 11877 6131 11878 6132 11878 6118 11878 6118 11879 6132 11879 6116 11879 6133 11880 6134 11880 6135 11880 6134 11881 6136 11881 6135 11881 6135 11882 6136 11882 6130 11882 6137 11883 6138 11883 6133 11883 6138 11884 6139 11884 6133 11884 6133 11885 6139 11885 6134 11885 6135 11886 6140 11886 6133 11886 6140 11887 6141 11887 6133 11887 6133 11888 6141 11888 6137 11888 6141 11889 6142 11889 6137 11889 6137 11890 6142 11890 6143 11890 6144 11891 6145 11891 6143 11891 6145 11892 6146 11892 6143 11892 6143 11893 6146 11893 6137 11893 6146 11894 6147 11894 6137 11894 6137 11895 6147 11895 6138 11895 6148 11896 6149 11896 6144 11896 6150 11897 6151 11897 6152 11897 6130 11898 6117 11898 6135 11898 6117 11899 6116 11899 6135 11899 6135 11900 6116 11900 6140 11900 6116 11901 6132 11901 6140 11901 6140 11902 6132 11902 6141 11902 6132 11903 6150 11903 6141 11903 6141 11904 6150 11904 6142 11904 6150 11905 6152 11905 6142 11905 6142 11906 6152 11906 6143 11906 6153 11907 6154 11907 6148 11907 6149 11908 6148 11908 6155 11908 6148 11909 6154 11909 6155 11909 6155 11910 6154 11910 6156 11910 6153 11911 6157 11911 6158 11911 6157 11912 6159 11912 6158 11912 6158 11913 6159 11913 6160 11913 6156 11914 6154 11914 6161 11914 6154 11915 6153 11915 6161 11915 6161 11916 6153 11916 6162 11916 6153 11917 6158 11917 6162 11917 6162 11918 6158 11918 6163 11918 6158 11919 6160 11919 6163 11919 6163 11920 6160 11920 6164 11920 6165 11921 6166 11921 6167 11921 6144 11922 6143 11922 6148 11922 6143 11923 6152 11923 6148 11923 6148 11924 6152 11924 6153 11924 6152 11925 6151 11925 6153 11925 6153 11926 6151 11926 6157 11926 6151 11927 6165 11927 6157 11927 6157 11928 6165 11928 6159 11928 6165 11929 6167 11929 6159 11929 6159 11930 6167 11930 6160 11930 6168 11931 6169 11931 6170 11931 6169 11932 6171 11932 6170 11932 6170 11933 6171 11933 6172 11933 6170 11934 6173 11934 6168 11934 6173 11935 6174 11935 6168 11935 6168 11936 6174 11936 5621 11936 6174 11937 6175 11937 5621 11937 5621 11938 6175 11938 5622 11938 6175 11939 6176 11939 5622 11939 5622 11940 6176 11940 5623 11940 6176 11941 6177 11941 5623 11941 5623 11942 6177 11942 5626 11942 6177 11943 6178 11943 5626 11943 5626 11944 6178 11944 5631 11944 5620 11945 6179 11945 5621 11945 6179 11946 6180 11946 5621 11946 5621 11947 6180 11947 6168 11947 6180 11948 6181 11948 6168 11948 6168 11949 6181 11949 6169 11949 6182 11950 6178 11950 6183 11950 6178 11951 6177 11951 6183 11951 6183 11952 6177 11952 6184 11952 6177 11953 6176 11953 6184 11953 6184 11954 6176 11954 6185 11954 6176 11955 6175 11955 6185 11955 6185 11956 6175 11956 6186 11956 6175 11957 6174 11957 6186 11957 6186 11958 6174 11958 6166 11958 6174 11959 6173 11959 6166 11959 6166 11960 6173 11960 6167 11960 6173 11961 6170 11961 6167 11961 6167 11962 6170 11962 6160 11962 6170 11963 6172 11963 6160 11963 6160 11964 6172 11964 6164 11964 6187 11965 6182 11965 6188 11965 6182 11966 6183 11966 6188 11966 6188 11967 6183 11967 6189 11967 6183 11968 6184 11968 6189 11968 6189 11969 6184 11969 6190 11969 6184 11970 6185 11970 6190 11970 6190 11971 6185 11971 6191 11971 6185 11972 6186 11972 6191 11972 6191 11973 6186 11973 6192 11973 6186 11974 6166 11974 6192 11974 6192 11975 6166 11975 6193 11975 6166 11976 6165 11976 6193 11976 6193 11977 6165 11977 6194 11977 6165 11978 6151 11978 6194 11978 6194 11979 6151 11979 6195 11979 6151 11980 6150 11980 6195 11980 6195 11981 6150 11981 6196 11981 6150 11982 6132 11982 6196 11982 6196 11983 6132 11983 6197 11983 6132 11984 6131 11984 6197 11984 6197 11985 6131 11985 6198 11985 6131 11986 6082 11986 6198 11986 6198 11987 6082 11987 6199 11987 6082 11988 6084 11988 6199 11988 6199 11989 6084 11989 6200 11989 6084 11990 6086 11990 6200 11990 6200 11991 6086 11991 6201 11991 6086 11992 6088 11992 6201 11992 6201 11993 6088 11993 6011 11993 6088 11994 6089 11994 6011 11994 6011 11995 6089 11995 6038 11995 6089 11996 6090 11996 6038 11996 6038 11997 6090 11997 6039 11997 6090 11998 6070 11998 6039 11998 6039 11999 6070 11999 6041 11999 6070 12000 6048 12000 6041 12000 6041 12001 6048 12001 6043 12001 6048 12002 6047 12002 6043 12002 6043 12003 6047 12003 6021 12003 6016 12004 5961 12004 6015 12004 5961 12005 5372 12005 6015 12005 6015 12006 5372 12006 6013 12006 5372 12007 6202 12007 6013 12007 6013 12008 6202 12008 6011 12008 6202 12009 6203 12009 6011 12009 6011 12010 6203 12010 6201 12010 6203 12011 6204 12011 6201 12011 6201 12012 6204 12012 6200 12012 6204 12013 6205 12013 6200 12013 6200 12014 6205 12014 6199 12014 6205 12015 6206 12015 6199 12015 6199 12016 6206 12016 6198 12016 6206 12017 6207 12017 6198 12017 6198 12018 6207 12018 6197 12018 6207 12019 6208 12019 6197 12019 6197 12020 6208 12020 6196 12020 6208 12021 6209 12021 6196 12021 6196 12022 6209 12022 6195 12022 6209 12023 6210 12023 6195 12023 6195 12024 6210 12024 6194 12024 6210 12025 6211 12025 6194 12025 6194 12026 6211 12026 6193 12026 6211 12027 6212 12027 6193 12027 6193 12028 6212 12028 6192 12028 6212 12029 6213 12029 6192 12029 6192 12030 6213 12030 6191 12030 6213 12031 6214 12031 6191 12031 6191 12032 6214 12032 6190 12032 6214 12033 6215 12033 6190 12033 6190 12034 6215 12034 6189 12034 6215 12035 6216 12035 6189 12035 6189 12036 6216 12036 6188 12036 6216 12037 6217 12037 6188 12037 6188 12038 6217 12038 6187 12038 5440 12039 5629 12039 5441 12039 5629 12040 5631 12040 5441 12040 5441 12041 5631 12041 5645 12041 5631 12042 6178 12042 5645 12042 5645 12043 6178 12043 5641 12043 6178 12044 6182 12044 5641 12044 5641 12045 6182 12045 5639 12045 6182 12046 6187 12046 5639 12046 5639 12047 6187 12047 5637 12047 6187 12048 6217 12048 5637 12048 5637 12049 6217 12049 5635 12049 6217 12050 6216 12050 5635 12050 5635 12051 6216 12051 5634 12051 6216 12052 6215 12052 5634 12052 5634 12053 6215 12053 5484 12053 6215 12054 6214 12054 5484 12054 5484 12055 6214 12055 5485 12055 6214 12056 6213 12056 5485 12056 5485 12057 6213 12057 5486 12057 6213 12058 6212 12058 5486 12058 5486 12059 6212 12059 5487 12059 6212 12060 6211 12060 5487 12060 5487 12061 6211 12061 5488 12061 6211 12062 6210 12062 5488 12062 5488 12063 6210 12063 5339 12063 6210 12064 6209 12064 5339 12064 5339 12065 6209 12065 5340 12065 6209 12066 6208 12066 5340 12066 5340 12067 6208 12067 5342 12067 6208 12068 6207 12068 5342 12068 5342 12069 6207 12069 5343 12069 6207 12070 6206 12070 5343 12070 5343 12071 6206 12071 5960 12071 6206 12072 6205 12072 5960 12072 5960 12073 6205 12073 5513 12073 6205 12074 6204 12074 5513 12074 5513 12075 6204 12075 5514 12075 6204 12076 6203 12076 5514 12076 5514 12077 6203 12077 5516 12077 6203 12078 6202 12078 5516 12078 5516 12079 6202 12079 5518 12079 6202 12080 5372 12080 5518 12080 5518 12081 5372 12081 5519 12081 5372 12082 5371 12082 5519 12082 5519 12083 5371 12083 6218 12083 5476 12084 6218 12084 5477 12084 6218 12085 5371 12085 5477 12085 5477 12086 5371 12086 5521 12086 5371 12087 5370 12087 5521 12087 5521 12088 5370 12088 5369 12088 5370 12089 5961 12089 5369 12089 5369 12090 5961 12090 5368 12090 5961 12091 6016 12091 5368 12091 5368 12092 6016 12092 5969 12092 6016 12093 6017 12093 5969 12093 5969 12094 6017 12094 5968 12094 6017 12095 6018 12095 5968 12095 5968 12096 6018 12096 6055 12096 6018 12097 6020 12097 6055 12097 6055 12098 6020 12098 6057 12098 6020 12099 6021 12099 6057 12099 6057 12100 6021 12100 6059 12100 6021 12101 6047 12101 6059 12101 6059 12102 6047 12102 6060 12102 6047 12103 6045 12103 6060 12103 6060 12104 6045 12104 6061 12104 6045 12105 6044 12105 6061 12105 6061 12106 6044 12106 6062 12106 6044 12107 6054 12107 6062 12107 6062 12108 6054 12108 5746 12108 6054 12109 6053 12109 5746 12109 5746 12110 6053 12110 5745 12110 6053 12111 6079 12111 5745 12111 5745 12112 6079 12112 5787 12112 6079 12113 6078 12113 5787 12113 5787 12114 6078 12114 5786 12114 6078 12115 5352 12115 5786 12115 5786 12116 5352 12116 5785 12116 5352 12117 5351 12117 5785 12117 5785 12118 5351 12118 5784 12118 5351 12119 6121 12119 5784 12119 5784 12120 6121 12120 5790 12120 6121 12121 6122 12121 5790 12121 5790 12122 6122 12122 5794 12122 6122 12123 6123 12123 5794 12123 5794 12124 6123 12124 5795 12124 6123 12125 6124 12125 5795 12125 5795 12126 6124 12126 5818 12126 6124 12127 6125 12127 5818 12127 5818 12128 6125 12128 5819 12128 6125 12129 6126 12129 5819 12129 5819 12130 6126 12130 5830 12130 6126 12131 6127 12131 5830 12131 5830 12132 6127 12132 5389 12132 6127 12133 6128 12133 5389 12133 5389 12134 6128 12134 5390 12134 6128 12135 6129 12135 5390 12135 5390 12136 6129 12136 5823 12136 6129 12137 6130 12137 5823 12137 5823 12138 6130 12138 5825 12138 6130 12139 6136 12139 5825 12139 5825 12140 6136 12140 5826 12140 6136 12141 6134 12141 5826 12141 5826 12142 6134 12142 5833 12142 6134 12143 6139 12143 5833 12143 5833 12144 6139 12144 5839 12144 6139 12145 6138 12145 5839 12145 5839 12146 6138 12146 5838 12146 6138 12147 6147 12147 5838 12147 5838 12148 6147 12148 5836 12148 6147 12149 6146 12149 5836 12149 5836 12150 6146 12150 5834 12150 6146 12151 6145 12151 5834 12151 5834 12152 6145 12152 5846 12152 6145 12153 6144 12153 5846 12153 5846 12154 6144 12154 5845 12154 6144 12155 6149 12155 5845 12155 5845 12156 6149 12156 5843 12156 6149 12157 6155 12157 5843 12157 5843 12158 6155 12158 5841 12158 6155 12159 6156 12159 5841 12159 5841 12160 6156 12160 5853 12160 6156 12161 6161 12161 5853 12161 5853 12162 6161 12162 5852 12162 6161 12163 6162 12163 5852 12163 5852 12164 6162 12164 5850 12164 6162 12165 6163 12165 5850 12165 5850 12166 6163 12166 5848 12166 6163 12167 6164 12167 5848 12167 5848 12168 6164 12168 5855 12168 6164 12169 6172 12169 5855 12169 5855 12170 6172 12170 5856 12170 6172 12171 6171 12171 5856 12171 5856 12172 6171 12172 5858 12172 6171 12173 6169 12173 5858 12173 5858 12174 6169 12174 5865 12174 6169 12175 6181 12175 5865 12175 5865 12176 6181 12176 5864 12176 6181 12177 6180 12177 5864 12177 5864 12178 6180 12178 5863 12178 6180 12179 6179 12179 5863 12179 5863 12180 6179 12180 5862 12180 6179 12181 5620 12181 5862 12181 5862 12182 5620 12182 5861 12182 5620 12183 5625 12183 5861 12183 5861 12184 5625 12184 5654 12184 5625 12185 5624 12185 5654 12185 5654 12186 5624 12186 5655 12186 5624 12187 5628 12187 5655 12187 5655 12188 5628 12188 5436 12188 5628 12189 5627 12189 5436 12189 5436 12190 5627 12190 5435 12190 5627 12191 5633 12191 5435 12191 5435 12192 5633 12192 5432 12192 5633 12193 5632 12193 5432 12193 5432 12194 5632 12194 5431 12194 5632 12195 5630 12195 5431 12195 5431 12196 5630 12196 5681 12196 5630 12197 5629 12197 5681 12197 5681 12198 5629 12198 5679 12198 5629 12199 5440 12199 5679 12199 5679 12200 5440 12200 5677 12200 5440 12201 5439 12201 5677 12201 5677 12202 5439 12202 5675 12202 5439 12203 5642 12203 5675 12203 5675 12204 5642 12204 5437 12204 5642 12205 5643 12205 5437 12205 5437 12206 5643 12206 5438 12206 5643 12207 5644 12207 5438 12207 5438 12208 5644 12208 5646 12208 5644 12209 5641 12209 5646 12209 5646 12210 5641 12210 5647 12210 5641 12211 5640 12211 5647 12211 5647 12212 5640 12212 5648 12212 5640 12213 5638 12213 5648 12213 5648 12214 5638 12214 5608 12214 5638 12215 5636 12215 5608 12215 5608 12216 5636 12216 5605 12216 5636 12217 5444 12217 5605 12217 5605 12218 5444 12218 5599 12218 5444 12219 5446 12219 5599 12219 5599 12220 5446 12220 5483 12220 5446 12221 87 12221 5483 12221 5483 12222 87 12222 86 12222 5944 12223 6219 12223 5945 12223 6219 12224 5946 12224 5945 12224 6219 12225 5941 12225 7 12225 5941 12226 5447 12226 7 12226 7 12227 5447 12227 14 12227 5944 12228 5943 12228 6219 12228 5943 12229 5942 12229 6219 12229 6219 12230 5942 12230 5941 12230 5953 12231 5498 12231 6220 12231 10 12232 6109 12232 0 12232 6109 12233 6110 12233 0 12233 0 12234 6110 12234 6220 12234 6110 12235 6111 12235 6220 12235 6111 12236 6112 12236 6220 12236 6220 12237 6112 12237 5350 12237 5350 12238 5951 12238 6220 12238 5951 12239 5952 12239 6220 12239 6220 12240 5952 12240 5953 12240 0 12241 6220 12241 5 12241 6220 12242 3 12242 5 12242 4 12243 6219 12243 6 12243 6219 12244 7 12244 6 12244 5595 12245 72 12245 74 12245 5595 12246 74 12246 5596 12246 74 12247 95 12247 5596 12247 95 12248 97 12248 5596 12248 5596 12249 97 12249 99 12249 1043 12250 5616 12250 1048 12250 5616 12251 5601 12251 1048 12251 1048 12252 5601 12252 1047 12252 5601 12253 693 12253 1047 12253 99 12254 101 12254 5596 12254 101 12255 693 12255 5596 12255 5596 12256 693 12256 5600 12256 693 12257 5601 12257 5600 12257 583 12258 5615 12258 5324 12258 5615 12259 5612 12259 5324 12259 5324 12260 5612 12260 3034 12260 5612 12261 5610 12261 3034 12261 3034 12262 5610 12262 1043 12262 5610 12263 5609 12263 1043 12263 1043 12264 5609 12264 5616 12264 5517 96 5519 96 6218 96 5576 96 3 96 5575 96 3 96 6220 96 5575 96 5575 96 6220 96 5574 96 5576 96 5946 96 3 96 5946 96 6219 96 3 96 3 96 6219 96 4 96 5491 96 5569 96 5571 96 5498 96 5578 96 6220 96 5578 96 5577 96 6220 96 6220 96 5577 96 5574 96 5453 96 5452 96 5496 96 5452 96 5451 96 5496 96 5496 96 5451 96 5497 96 5451 96 5450 96 5497 96 5497 96 5450 96 5449 96 5453 96 5496 96 5571 96 5496 96 5492 96 5571 96 5571 96 5492 96 5491 96 5569 96 5491 96 5454 96 5491 96 5493 96 5454 96 5454 96 5493 96 5495 96 5494 96 5899 96 5495 96 5899 96 5455 96 5495 96 5495 96 5455 96 5454 96 5544 96 5474 96 5502 96 5581 96 5580 96 5498 96 5580 96 5579 96 5498 96 5498 96 5579 96 5578 96 5549 96 5471 96 5504 96 5529 96 5533 96 5501 96 5480 96 5567 96 5494 96 5567 96 5900 96 5494 96 5494 96 5900 96 5899 96 5564 96 5563 96 5480 96 5563 96 5568 96 5480 96 5480 96 5568 96 5567 96 5480 96 5479 96 5564 96 5479 96 5500 96 5564 96 5564 96 5500 96 5565 96 5500 96 5460 96 5565 96 5502 96 5713 96 5552 96 5501 96 5523 96 5525 96 5523 96 5501 96 5522 96 5501 96 5512 96 5522 96 5522 96 5512 96 5520 96 5512 96 5508 96 5520 96 5520 96 5508 96 5478 96 5505 96 5464 96 5500 96 5464 96 5463 96 5500 96 5500 96 5463 96 5460 96 5540 96 5543 96 5502 96 5543 96 5542 96 5502 96 5502 96 5542 96 5548 96 5533 96 5531 96 5501 96 5531 96 5537 96 5501 96 5501 96 5537 96 5502 96 5537 96 5536 96 5502 96 5502 96 5536 96 5540 96 5525 96 5527 96 5501 96 5527 96 5528 96 5501 96 5501 96 5528 96 5529 96 5449 96 5903 96 5497 96 5903 96 5902 96 5497 96 5497 96 5902 96 5498 96 5902 96 5901 96 5498 96 5498 96 5901 96 5581 96 5502 96 5552 96 5504 96 5552 96 5550 96 5504 96 5504 96 5550 96 5549 96 5474 96 5473 96 5502 96 5473 96 5986 96 5502 96 5502 96 5986 96 5713 96 5548 96 5547 96 5502 96 5547 96 5545 96 5502 96 5502 96 5545 96 5544 96 5478 96 5508 96 5476 96 5508 96 5509 96 5476 96 5476 96 5509 96 6218 96 5509 96 5959 96 6218 96 6218 96 5959 96 5517 96 5560 96 5558 96 5505 96 5558 96 5768 96 5505 96 5505 96 5768 96 5464 96 5471 96 5470 96 5504 96 5470 96 5556 96 5504 96 5504 96 5556 96 5554 96 5554 96 5553 96 5504 96 5553 96 5467 96 5504 96 5504 96 5467 96 5505 96 5467 96 5562 96 5505 96 5505 96 5562 96 5560 96</p>
        </triangles>
      </mesh>
    </geometry>
  </library_geometries>
  <library_visual_scenes>
    <visual_scene id="DefaultScene">
      <node id="node_16ba6d3c_df84_4b47_a36f_04f7fabb12d9" type="NODE">
        <matrix>1 0 0 0 0 1 0 0 0 0 1 0 0 0 0 1</matrix>
        <node id="node_8a65e383_9d94_4f33_8524_da7ba2a57c07" type="NODE">
          <matrix>1 0 0 0 0 1 0 0 0 0 1 0 0 0 0 1</matrix>
          <node id="node_8a65e383_9d94_4f33_8524_da7ba2a57c07_mesh0" type="NODE">
            <matrix>1 0 0 0 0 1 0 0 0 0 1 0 0 0 0 1</matrix>
            <instance_geometry url="#geometry_4e977798_6371_4306_9708_be68644915ad">
              <bind_material>
                <technique_common>
                  <instance_material symbol="mat_0" target="#mat_0"/>
                </technique_common>
              </bind_material>
            </instance_geometry>
          </node>
        </node>
      </node>
    </visual_scene>
  </library_visual_scenes>
  <scene>
    <instance_visual_scene url="#DefaultScene"/>
  </scene>
</COLLADA>
