1,2,3
2,4,3
5,4,2
6,2,1
2,7,5
2,6,7
8,9,2
8,2,10
11,10,2
2,12,13
2,14,12
2,15,14
2,16,17
2,18,16
2,13,18
2,17,11
15,2,9
3,12,15
15,19,3
15,1,20
15,9,1
15,12,21
15,22,23
15,20,22
15,23,24
25,15,24
19,15,26
21,26,15
25,14,15
8,23,22
8,24,23
8,20,1
8,22,20
25,27,28
29,27,25
30,25,31
8,25,30
25,32,33
25,33,34
35,25,8
25,34,29
25,28,3
3,11,25
36,31,25
25,35,36
25,37,32
25,12,14
25,13,12
25,18,13
25,16,18
25,17,16
25,11,17
24,38,25
37,25,38
37,33,4
4,39,37
40,37,39
41,33,37
37,40,41
29,32,37
37,38,8
8,42,37
37,42,27
37,27,29
27,42,43
4,44,42
4,42,39
40,39,42
42,45,40
45,42,44
8,43,42
44,46,47
47,48,44
49,44,48
44,4,46
44,50,45
44,49,50
51,44,8
8,44,43
27,43,44
27,44,51
49,51,47
47,51,48
27,51,52
49,48,51
8,52,51
27,52,47
8,47,52
47,53,49
49,53,54
50,49,55
56,55,49
49,54,56
45,50,55
55,57,45
57,55,58
55,56,58
58,59,57
58,60,61
60,58,56
59,58,62
61,62,58
63,62,61
62,64,59
65,64,62
62,63,66
62,66,65
67,65,66
66,68,67
68,66,63
69,67,68
70,69,68
63,70,68
71,70,63
71,72,70
70,72,73
74,69,70
70,73,74
74,75,69
75,74,76
77,76,74
78,79,74
80,74,79
74,73,78
74,81,77
74,82,81
82,74,83
84,83,74
74,85,86
85,74,87
80,87,74
86,84,74
88,77,81
89,90,81
81,82,89
81,90,88
91,92,90
90,89,91
88,90,92
92,91,93
92,94,88
94,92,95
92,93,95
94,95,96
96,95,97
98,97,95
95,93,98
97,99,100
100,101,97
97,101,96
102,99,97
102,97,98
103,104,99
99,104,105
105,100,99
103,99,102
106,107,103
108,103,107
108,104,103
103,102,106
3,109,108
110,3,108
108,109,104
107,111,108
108,111,110
12,3,110
12,110,11
11,110,111
111,112,11
107,112,111
112,113,11
107,113,112
114,115,113
113,115,11
113,107,114
114,116,115
116,114,117
118,117,114
119,114,107
114,120,118
114,119,120
107,121,119
120,119,122
119,121,123
123,122,119
122,123,124
124,125,122
126,122,125
122,126,120
127,126,128
120,126,127
125,128,126
129,130,128
128,130,127
131,129,128
128,125,131
132,131,125
131,132,133
133,129,131
133,134,82
135,133,82
133,135,136
132,134,133
136,129,133
134,132,137
138,134,137
134,138,82
137,139,138
139,89,138
138,89,82
89,139,91
93,91,139
124,139,137
139,124,93
124,137,132
136,140,130
129,136,130
136,141,140
141,136,135
142,143,136
143,144,136
145,136,144
136,146,142
136,147,146
145,147,136
145,144,141
145,141,148
145,148,149
150,145,149
151,147,145
151,145,150
149,152,150
153,150,154
150,153,155
151,150,156
156,150,152
157,154,150
150,155,157
149,157,152
156,152,157
153,154,155
157,155,154
158,157,159
157,158,160
161,162,157
160,161,157
159,157,162
153,157,149
153,163,157
164,157,163
157,164,156
164,165,166
167,165,164
164,163,167
164,166,156
168,166,165
168,156,166
169,168,165
170,168,171
172,171,168
156,168,170
172,168,169
172,169,173
172,173,174
174,175,172
171,172,175
174,174,175
175,176,177
176,175,174
175,177,171
177,178,179
178,177,176
171,177,179
180,179,181
182,179,180
179,178,183
179,182,171
183,181,179
180,181,184
181,183,185
185,184,181
186,180,184
187,184,188
184,189,188
185,189,184
184,190,191
192,184,191
184,187,190
184,192,186
191,190,193
194,193,190
190,187,194
195,194,196
194,195,197
194,197,198
198,196,194
193,194,199
200,199,194
200,194,188
188,194,187
201,198,200
201,200,200
200,198,199
188,200,200
188,202,200
200,202,203
200,203,201
204,203,205
204,201,203
195,203,30
203,206,30
206,203,195
207,205,203
202,189,203
203,189,207
189,185,207
183,208,207
209,207,208
207,185,183
207,209,210
207,210,206
207,206,205
204,210,209
204,206,210
209,174,204
30,206,209
209,174,30
211,174,209
209,206,211
174,209,208
195,211,206
30,211,195
212,211,30
211,212,174
211,213,214
215,213,211
211,216,215
211,142,216
143,211,217
211,143,142
218,217,211
211,214,219
211,219,218
30,142,215
30,215,220
221,215,222
215,221,223
167,220,215
129,215,216
129,224,215
215,142,204
153,167,215
215,204,153
215,225,212
215,226,225
215,227,226
215,228,227
215,223,228
212,213,215
229,222,215
215,224,229
230,229,224
224,129,230
151,230,146
146,230,129
151,231,230
229,230,231
229,231,220
231,232,233
231,233,220
151,232,231
232,151,234
234,235,232
232,235,236
232,237,233
236,237,232
221,238,236
236,239,221
237,236,238
236,240,239
235,241,236
236,241,240
242,239,240
242,240,241
239,242,228
242,226,227
242,227,228
242,241,243
226,242,244
245,244,242
242,246,245
242,243,246
243,241,247
247,248,243
246,243,248
247,246,248
247,249,246
249,247,191
192,191,247
234,247,241
234,151,247
247,151,250
247,251,192
252,251,247
253,252,247
247,250,253
254,255,250
253,250,255
256,257,250
254,250,257
258,256,250
250,259,258
259,250,151
260,83,254
254,83,84
260,254,261
262,254,84
254,263,255
264,254,262
264,261,254
257,265,254
263,254,265
263,265,264
257,264,265
253,263,266
253,255,263
267,266,263
264,267,263
263,268,269
269,270,263
263,270,268
253,266,269
267,269,266
255,269,268
255,268,270
269,255,270
271,253,269
271,269,272
269,273,274
274,272,269
269,267,273
271,272,275
276,277,272
272,278,276
272,279,278
279,272,277
274,275,272
276,278,277
279,277,278
271,275,276
274,276,275
271,276,279
279,253,271
252,253,279
252,279,276
280,252,276
276,274,280
281,280,282
280,281,283
284,252,280
280,285,284
280,283,285
286,280,274
280,286,282
287,285,283
285,287,288
284,285,288
285,289,281
281,290,285
285,290,289
288,281,289
288,289,290
281,288,290
288,251,252
288,287,251
284,288,252
251,287,291
291,287,292
287,281,292
287,283,281
287,293,294
294,295,287
287,295,293
296,294,293
296,293,295
295,292,296
251,296,292
251,294,296
294,292,295
292,294,251
292,281,282
282,297,292
291,292,298
298,292,297
299,300,297
301,297,300
297,301,302
303,297,302
298,297,303
297,282,299
274,267,299
299,286,274
300,299,304
305,299,267
305,306,299
304,299,306
299,282,286
307,306,305
304,306,307
307,305,308
307,308,304
309,308,310
308,305,310
309,311,308
308,311,312
312,313,308
304,308,313
314,313,315
315,313,312
313,314,304
315,316,314
314,316,317
317,304,314
316,318,317
300,317,318
304,317,300
300,318,319
320,318,316
319,318,320
319,321,322
320,321,319
322,300,319
322,323,324
322,321,323
324,300,322
324,323,325
324,302,301
324,326,302
324,325,326
301,300,324
325,323,327
327,303,325
303,326,325
302,328,325
325,329,302
325,328,329
323,329,328
302,323,328
323,302,329
327,192,251
192,327,323
303,327,298
291,327,251
298,327,291
303,302,326
192,323,321
320,192,321
316,192,320
316,315,330
330,192,316
315,331,330
192,330,331
311,331,332
332,331,315
331,186,192
186,331,311
332,315,312
332,312,311
309,310,333
311,309,333
180,186,333
180,333,334
335,334,333
333,186,311
333,310,335
336,334,335
335,337,336
335,310,337
337,305,338
305,337,310
339,337,338
336,337,339
259,336,339
259,339,340
338,340,339
340,341,259
340,258,341
258,340,342
342,340,338
256,258,342
256,342,343
338,343,342
257,256,343
338,344,343
343,344,257
344,338,345
344,345,257
267,345,305
345,338,305
264,345,267
257,345,264
259,341,258
259,180,336
334,336,180
267,274,273
261,346,260
346,261,347
261,264,348
348,347,261
347,349,350
351,349,347
352,353,347
348,352,347
347,354,351
347,355,354
353,355,347
347,356,346
357,356,347
357,347,350
353,358,359
353,352,358
353,359,360
360,355,353
361,362,359
255,361,359
363,359,364
359,363,365
365,366,359
352,367,359
359,368,352
359,367,368
369,359,370
369,371,359
371,372,359
373,359,362
374,359,375
374,376,359
376,377,359
373,360,359
378,359,358
359,378,255
375,359,377
370,359,372
366,364,359
379,373,86
86,373,363
373,362,363
360,373,379
380,379,381
381,379,382
379,86,382
379,383,360
379,380,383
384,385,379
379,386,384
379,385,386
387,386,385
385,380,387
384,380,385
382,384,387
382,387,380
387,384,386
380,384,382
381,388,380
355,383,380
354,380,388
380,354,355
381,389,388
351,388,390
391,390,388
388,351,354
388,389,391
389,85,392
392,391,389
85,389,86
389,382,86
382,389,381
391,392,390
392,85,393
392,393,390
351,390,393
394,395,393
393,85,394
351,393,395
394,396,395
395,396,351
397,396,394
397,398,396
396,349,351
349,396,398
399,398,397
398,400,401
400,398,399
349,398,402
398,401,402
399,87,400
87,399,403
397,403,399
85,87,403
394,403,397
394,85,403
349,401,400
349,402,401
404,402,405
402,404,406
402,406,400
400,405,402
404,405,406
400,406,405
404,80,400
87,80,404
400,87,404
400,80,407
400,408,349
407,408,400
407,409,410
407,79,409
80,79,407
410,408,407
411,412,410
410,413,411
414,413,410
410,409,414
408,410,415
349,416,410
410,417,349
410,416,417
412,415,410
412,349,415
408,415,349
349,414,416
414,417,416
418,349,412
419,420,412
411,419,412
418,412,420
421,422,418
356,418,422
357,349,418
357,418,356
420,423,418
423,424,418
424,421,418
425,421,426
426,421,427
424,427,421
421,425,422
426,428,425
428,422,425
429,428,426
429,430,428
428,431,83
83,432,428
428,430,78
428,432,433
428,78,431
433,422,428
356,422,433
433,434,356
432,434,433
356,434,435
432,435,434
435,346,356
346,435,436
435,432,436
83,436,432
83,260,436
436,260,346
437,431,438
438,431,439
440,439,431
441,431,437
431,442,440
441,443,431
431,443,444
444,445,431
431,445,83
431,78,73
73,442,431
442,446,440
439,446,442
447,442,73
448,442,447
442,448,439
447,449,448
71,449,447
447,72,71
73,72,447
449,450,451
451,448,449
449,71,450
61,451,450
61,450,63
71,63,450
448,451,452
453,452,451
451,61,453
454,453,455
60,455,453
452,453,454
453,61,60
456,457,454
454,458,456
454,455,458
459,454,457
454,459,452
439,459,438
457,438,459
439,452,459
457,456,460
460,461,457
438,457,461
462,463,461
461,460,462
461,464,438
464,461,463
463,462,465
465,466,463
463,466,467
463,467,464
468,467,469
469,467,466
470,464,467
467,468,470
443,470,468
470,443,464
471,444,468
469,471,468
468,444,443
472,162,471
472,471,469
471,162,473
444,471,83
473,83,471
83,473,162
472,159,162
159,472,474
472,469,474
159,474,158
158,474,475
476,475,474
474,469,476
465,477,476
465,476,466
478,475,476
466,476,469
476,477,478
479,477,465
477,479,480
480,478,477
26,480,479
480,26,21
480,481,482
21,481,480
482,483,480
480,483,478
483,475,478
475,483,482
483,158,484
158,483,485
483,484,485
486,484,158
486,485,484
158,487,486
475,486,487
485,486,475
158,485,487
475,487,485
481,488,482
482,488,489
482,489,475
475,489,160
489,490,140
490,489,491
492,160,489
140,492,489
488,491,489
481,491,488
491,481,117
117,493,491
491,493,490
117,118,493
493,118,127
493,127,490
141,492,140
492,141,149
149,160,492
490,127,140
117,481,494
481,21,494
12,18,494
495,494,18
494,21,12
117,494,495
18,496,495
497,495,496
117,495,497
496,16,497
116,497,16
117,497,116
18,11,496
11,16,496
479,498,26
498,479,499
465,499,479
500,498,499
499,501,500
501,499,465
502,501,462
501,502,6
465,462,501
6,500,501
6,502,503
503,502,460
462,460,502
5,7,503
7,6,503
503,504,5
504,503,456
460,456,503
5,504,505
505,504,458
456,458,504
458,506,505
505,506,5
507,5,506
506,508,507
508,506,455
458,455,506
455,60,508
54,508,60
53,507,508
508,54,53
507,47,46
47,507,53
46,5,507
22,498,500
22,500,6
26,498,24
22,24,498
160,158,475
509,438,464
464,443,509
437,509,443
509,437,438
439,448,452
440,446,439
443,441,437
83,445,444
429,426,430
427,430,426
510,430,427
510,511,430
430,511,78
423,512,511
511,512,78
424,423,511
424,511,510
419,512,423
512,419,78
427,424,510
419,423,420
78,419,413
419,411,413
414,349,417
413,414,409
409,78,413
79,78,409
355,360,383
361,513,366
365,361,366
364,366,513
361,365,513
364,513,365
361,370,514
369,370,361
372,514,370
361,514,369
372,369,514
361,375,515
374,375,361
377,515,375
361,515,374
377,374,515
363,364,365
372,516,369
372,371,516
363,516,371
363,369,516
377,376,517
377,517,374
363,517,376
363,374,517
348,378,352
378,348,262
378,358,352
262,255,378
352,363,367
363,368,367
374,363,376
361,363,362
369,363,371
363,352,368
363,361,86
255,84,361
361,84,86
349,357,350
262,348,264
84,255,262
151,180,259
191,518,249
249,518,519
246,249,245
519,245,249
214,519,219
214,520,519
219,519,518
245,519,521
520,521,519
521,520,212
212,520,214
244,521,212
521,244,245
518,191,219
244,212,225
244,225,226
239,522,241
241,523,239
241,221,523
221,241,522
241,235,234
239,523,522
221,522,523
239,228,223
239,223,221
237,238,524
525,524,238
238,221,525
524,525,237
525,221,220
237,525,220
220,524,30
524,221,30
221,524,167
524,220,167
220,233,237
229,220,222
221,222,220
30,221,228
228,226,30
226,228,167
167,228,221
30,226,212
167,212,226
218,195,217
195,218,198
193,218,219
193,198,218
526,527,218
528,526,218
218,527,529
218,529,528
530,528,529
528,530,531
532,533,528
528,534,532
528,531,535
528,535,536
534,528,537
528,533,538
537,528,538
528,539,540
528,541,539
528,536,541
542,543,528
528,540,542
528,544,545
546,528,545
544,528,543
547,526,528
547,528,546
548,546,533
546,548,549
549,550,546
545,551,546
546,550,538
538,533,546
546,552,547
546,553,552
553,546,551
553,551,550
545,550,551
554,552,553
550,554,553
552,554,555
555,554,556
556,554,550
557,555,556
556,550,558
556,558,557
559,557,550
557,559,560
561,562,557
557,560,561
545,563,557
545,557,558
557,562,538
550,557,538
557,564,555
564,557,563
564,563,562
545,562,563
562,565,564
565,555,564
566,565,562
567,565,568
568,565,566
567,555,565
569,567,570
569,571,567
567,572,573
573,574,567
567,571,572
570,567,568
574,575,567
567,576,577
567,578,576
578,567,575
567,577,579
567,579,555
574,580,575
578,575,581
581,575,582
583,575,580
582,575,584
575,583,584
581,582,585
585,582,586
587,586,582
584,587,582
588,585,586
586,589,590
590,591,586
586,592,589
593,592,586
593,586,594
587,595,586
591,596,586
594,586,595
586,596,588
596,591,576
576,588,596
576,597,588
585,588,597
576,578,597
597,578,585
595,583,598
598,594,595
583,595,599
587,599,595
599,584,583
599,587,584
598,580,600
580,598,583
600,594,598
600,580,601
600,602,603
602,600,601
603,594,600
601,604,602
601,580,604
580,574,604
602,604,605
604,606,605
606,604,607
574,607,604
607,579,608
609,607,608
579,607,574
609,610,607
606,607,611
611,607,610
610,612,611
605,606,611
605,611,613
613,611,614
612,614,611
615,614,616
614,617,616
618,617,614
618,614,612
603,619,614
614,619,613
603,614,620
620,614,615
616,621,615
622,593,615
622,615,621
615,593,620
623,621,616
621,623,624
624,625,621
621,626,622
625,626,621
625,624,627
625,627,628
625,628,629
629,626,625
629,628,630
630,631,629
629,631,632
632,633,629
626,629,633
632,634,633
633,634,635
633,636,626
635,636,633
635,634,579
579,637,635
635,637,590
638,636,635
590,638,635
638,590,589
638,592,636
638,589,592
637,639,590
639,637,577
637,579,577
637,640,641
637,592,640
592,637,641
590,641,640
592,641,590
590,640,592
590,639,642
639,577,642
642,576,591
577,576,642
642,591,590
636,592,626
634,632,631
631,579,634
631,630,643
631,643,579
644,645,643
644,643,630
646,643,624
579,643,646
624,643,645
645,644,627
645,627,624
646,647,579
648,647,646
646,623,648
646,624,623
648,649,650
650,651,648
648,651,647
649,648,652
616,653,648
648,654,616
648,653,654
623,652,648
647,651,579
651,655,579
655,651,650
655,608,579
649,655,650
656,655,649
656,657,655
608,655,657
658,657,656
657,659,660
660,608,657
659,657,658
658,661,659
656,617,658
661,658,617
660,659,661
662,661,617
660,661,662
610,609,662
610,662,663
662,608,660
664,608,662
662,609,664
663,662,665
618,666,662
662,667,618
662,666,667
617,665,662
608,664,609
664,618,667
618,664,666
664,667,666
663,665,618
617,618,665
663,612,610
618,612,663
649,617,656
623,616,652
649,652,616
616,647,653
647,654,653
647,616,654
616,617,649
644,630,628
628,627,644
622,626,592
592,593,622
593,594,620
594,603,620
619,603,602
605,619,602
613,619,605
585,578,581
579,574,668
668,526,579
579,526,552
555,579,552
669,670,668
535,668,670
671,669,668
668,672,671
574,672,668
535,673,668
674,526,668
668,675,674
668,673,675
673,531,530
530,675,673
673,535,531
676,675,530
674,675,676
676,530,677
677,674,676
678,537,677
677,679,678
679,677,680
529,677,530
538,680,677
538,677,537
214,677,529
214,674,677
679,680,681
681,680,538
681,682,679
538,530,681
683,681,530
681,683,682
684,685,683
682,683,685
684,683,686
686,683,535
530,535,683
687,686,541
688,686,687
535,541,686
686,688,684
689,684,688
690,688,687
691,688,690
688,691,692
688,693,694
688,692,693
688,694,689
689,695,691
689,691,696
697,689,698
689,693,698
689,699,693
697,700,689
689,685,684
685,689,701
702,689,694
31,703,689
31,689,704
705,704,689
689,697,705
697,689,703
695,689,706
706,689,707
696,708,689
702,709,689
699,689,700
709,701,689
708,710,689
697,707,689
697,689,710
708,705,710
697,710,705
709,697,701
685,701,697
693,697,705
697,697,707
693,697,697
706,707,697
697,703,697
31,697,703
696,698,708
708,711,705
708,698,711
696,705,711
696,711,698
709,712,697
709,698,712
702,698,709
713,697,712
713,712,698
713,705,697
714,705,713
713,697,697
714,713,698
715,697,705
715,697,697
716,715,705
697,715,685
685,715,682
679,682,715
715,716,679
717,716,705
716,717,679
705,714,717
718,717,714
679,717,718
714,719,718
718,720,534
720,718,719
718,678,679
534,678,718
719,705,31
721,705,719
719,714,698
722,719,698
720,719,722
721,719,723
31,723,719
721,723,722
31,722,723
724,725,721
721,726,724
705,721,727
728,721,729
728,730,721
731,729,721
731,721,732
721,733,734
721,735,733
721,736,735
31,727,721
737,726,721
721,734,737
721,738,739
721,740,738
721,741,740
721,722,741
721,739,736
31,721,725
732,721,730
726,742,698
698,743,726
726,743,744
745,742,726
744,745,726
724,726,31
726,737,31
746,744,747
747,744,743
746,745,744
746,748,749
750,748,746
751,750,746
747,751,746
749,752,746
752,753,746
746,753,745
754,753,569
745,753,754
752,569,753
755,756,754
745,754,756
754,569,755
755,569,538
755,562,757
755,757,756
545,758,755
545,755,759
538,562,755
566,759,755
570,755,758
570,568,755
755,568,566
570,758,569
545,569,758
545,759,562
566,562,759
562,561,757
757,561,760
756,757,760
761,760,737
733,737,760
760,762,733
756,760,761
560,762,760
760,561,560
560,559,762
762,559,549
549,763,762
762,763,738
738,736,762
736,733,762
763,741,738
763,764,741
548,764,763
763,549,548
765,764,766
764,765,741
532,766,764
764,548,532
722,765,766
722,766,720
720,766,532
698,765,722
741,765,698
745,761,767
737,767,761
756,761,745
767,742,745
742,767,698
698,767,737
538,569,752
538,752,749
768,749,748
769,749,768
770,749,769
749,770,771
545,538,749
749,573,772
749,773,573
773,749,774
774,749,775
772,776,749
776,775,749
545,749,771
777,778,771
771,770,777
778,545,771
771,779,780
771,781,779
781,771,782
780,769,771
769,782,771
769,545,782
781,782,545
780,779,783
780,783,769
769,783,784
785,784,783
574,783,779
783,573,785
574,573,783
785,573,773
774,785,773
784,785,774
784,774,769
786,779,781
545,786,781
672,779,786
787,786,545
786,787,672
787,544,538
538,672,787
787,545,544
574,779,672
731,778,777
778,788,545
788,778,731
731,789,788
789,790,788
788,790,791
791,792,788
788,792,538
538,545,788
790,789,793
790,793,698
698,791,790
731,794,793
793,794,730
793,795,705
705,727,793
31,793,727
793,789,731
31,796,793
795,793,796
730,698,793
31,698,796
795,796,698
797,705,795
797,795,698
797,798,705
31,797,698
31,691,797
797,691,798
799,705,798
799,798,691
799,704,705
31,799,691
31,693,799
799,693,704
704,705,704
704,704,693
732,730,794
794,727,732
727,794,731
791,690,792
690,687,792
792,687,541
541,540,792
540,538,792
691,690,791
791,800,691
791,698,800
800,692,691
800,693,692
800,698,702
800,702,693
801,777,770
729,777,801
777,729,731
729,801,802
802,801,769
801,770,769
750,803,802
803,729,802
750,802,748
748,802,768
802,769,768
728,803,750
728,729,803
776,545,775
774,775,545
571,569,776
545,776,569
772,572,776
776,572,571
572,772,573
545,769,774
724,750,751
751,743,724
743,751,747
724,730,750
750,730,728
724,743,698
698,730,724
731,732,727
724,728,725
31,725,728
31,739,738
31,736,739
736,738,698
698,733,736
31,735,736
741,722,31
738,741,698
31,740,741
31,738,740
31,737,734
31,734,733
698,737,733
31,733,735
31,728,724
532,534,720
700,697,804
700,804,698
699,700,698
705,698,804
705,804,697
691,699,698
691,693,699
702,694,693
705,696,691
697,693,706
695,706,693
705,691,695
705,695,693
31,705,697
31,697,697
698,705,697
31,704,693
691,698,693
537,678,534
527,674,214
674,527,526
805,672,538
671,672,805
805,542,540
540,671,805
805,538,542
806,671,540
671,806,669
806,540,539
806,539,541
541,669,806
670,669,541
670,536,535
670,541,536
550,549,559
545,558,550
552,526,547
533,532,548
542,538,543
544,543,538
541,538,540
538,541,535
530,538,535
529,527,214
193,219,191
214,213,212
143,217,195
129,216,142
212,167,169
169,174,212
176,208,178
208,176,174
183,178,208
204,205,206
153,204,30
195,201,204
195,204,143
174,807,204
143,204,141
204,148,141
204,149,148
149,204,807
30,204,142
149,807,153
174,153,807
202,188,189
198,201,195
193,199,198
195,196,197
198,197,196
171,182,170
170,182,180
808,170,180
180,151,808
156,808,151
156,170,808
174,809,153
174,167,174
174,167,809
163,153,809
163,809,167
30,174,169
174,810,167
810,174,173
810,173,169
165,167,810
165,810,169
169,167,30
30,167,153
167,811,156
156,812,167
167,812,811
165,811,812
165,156,811
156,165,812
162,161,83
149,161,160
161,149,141
141,135,161
161,135,83
151,146,147
146,129,142
143,141,144
130,140,127
82,813,135
813,83,135
83,813,82
132,125,124
118,120,127
93,124,123
123,814,93
123,121,106
106,814,123
98,814,106
814,98,93
107,106,121
115,116,16
16,11,115
3,27,109
27,815,109
104,109,816
816,109,815
33,41,816
29,33,816
815,29,816
817,816,41
816,105,104
816,817,105
818,105,817
817,819,820
819,817,41
821,818,817
820,822,817
822,821,817
821,822,823
823,818,821
101,823,824
823,101,818
825,823,822
824,823,825
826,96,824
824,96,101
824,827,826
824,828,827
824,829,828
829,824,830
825,830,824
831,832,830
830,825,831
829,830,832
832,831,64
832,833,829
832,834,833
834,832,835
64,835,832
835,836,837
75,835,837
64,65,835
834,835,65
835,75,836
834,837,836
834,836,75
75,837,834
65,69,834
833,834,838
69,838,834
69,75,838
833,838,75
76,829,833
76,833,75
820,839,831
831,839,840
831,825,820
840,64,831
59,840,57
841,57,840
64,840,59
840,839,841
40,45,841
45,57,841
40,841,842
842,841,839
842,839,820
820,819,842
40,842,819
828,829,843
76,843,829
76,828,843
828,844,827
77,844,828
828,76,77
844,826,827
77,88,844
844,88,94
94,826,844
826,94,96
822,820,825
105,818,100
101,100,818
819,41,40
4,29,815
4,815,27
106,102,98
67,69,65
56,54,60
5,46,4
4,47,8
47,28,27
47,3,28
11,47,4
11,3,47
24,8,38
32,34,33
32,29,34
31,36,35
845,36,846
845,847,36
847,846,36
845,846,35
847,35,846
847,845,35
35,8,31
30,31,8
4,33,29
4,27,3
24,19,26
19,24,3
24,22,3
3,22,1
6,1,22
8,1,9
11,4,10
11,18,12
8,10,4
848,849,850
850,851,848
851,850,849
850,852,853
852,850,854
854,850,855
856,850,857
856,858,850
857,850,858
859,860,850
850,861,859
861,850,862
863,862,850
850,864,865
865,866,850
866,867,850
868,864,850
868,850,867
863,850,860
853,855,850
854,855,856
853,856,855
857,869,856
857,852,869
857,870,852
857,854,870
857,858,854
870,869,852
870,856,869
870,854,871
870,871,856
858,871,854
858,856,871
860,852,872
859,852,860
860,872,863
873,872,852
873,863,872
873,851,874
851,873,861
852,859,873
861,873,859
873,874,863
862,874,851
862,863,874
866,852,867
868,867,852
854,853,852
854,856,853
852,863,851
875,851,863
856,863,852
863,856,875
876,877,863
877,878,863
878,879,863
876,863,879
878,851,879
876,879,851
865,876,851
876,865,877
878,880,851
878,852,880
877,852,878
866,851,880
866,880,852
852,877,868
868,877,856
875,877,865
877,881,856
877,875,881
881,848,882
881,883,848
881,882,856
881,875,883
884,882,848
884,856,882
884,848,885
864,856,884
864,884,854
884,885,854
865,854,885
865,885,848
865,848,883
865,883,875
875,848,851
875,886,848
856,887,875
888,889,875
875,890,888
890,875,891
889,891,875
886,875,887
889,848,891
848,889,856
888,856,889
886,887,851
856,851,887
854,886,851
854,848,886
890,891,848
888,890,892
854,892,890
890,893,854
890,848,893
894,893,848
894,854,893
892,894,856
892,854,894
848,856,894
856,888,892
864,868,856
854,865,864
865,851,866
861,862,851
856,852,851
851,849,854
848,854,849
895,896,897
897,898,895
898,897,899
899,897,896
896,900,899
901,900,896
896,895,901
902,903,901
901,899,902
901,904,905
904,901,895
901,903,906
906,900,901
905,899,901
907,908,905
908,909,905
905,910,907
899,905,909
911,910,905
911,905,904
904,912,911
913,911,912
911,913,910
910,913,914
915,914,913
913,912,916
917,913,916
918,915,913
913,917,918
918,917,919
919,917,920
917,921,920
921,917,916
922,920,921
921,916,923
923,924,921
925,926,921
925,921,924
926,922,921
927,926,925
928,922,926
926,927,928
925,929,927
927,929,923
928,927,923
925,924,929
930,929,924
929,930,931
931,923,929
932,933,931
931,934,932
931,930,935
936,931,933
936,924,931
924,923,931
935,937,931
931,937,934
937,938,939
939,934,937
938,937,935
935,940,938
936,938,940
941,939,938
938,936,941
941,942,939
941,943,942
933,941,936
933,944,941
945,941,944
941,946,947
946,941,945
941,947,943
943,947,948
946,948,947
933,948,946
933,949,948
948,949,943
949,932,942
942,943,949
933,932,949
946,945,950
951,950,945
952,953,945
952,945,954
955,954,945
951,945,944
955,945,953
955,953,951
952,951,953
956,955,957
956,954,955
958,957,955
955,959,958
960,959,955
955,961,960
961,955,951
954,958,959
954,959,960
954,961,962
954,960,961
951,962,961
954,962,952
951,952,962
957,963,964
957,958,963
957,965,956
965,957,903
966,903,957
957,964,966
966,964,967
965,967,964
965,964,963
968,966,967
967,965,968
969,970,968
970,971,968
903,902,968
968,902,972
968,965,903
972,969,968
968,971,966
973,971,970
971,973,966
970,974,973
973,974,903
966,973,903
975,974,970
903,974,975
970,969,975
976,975,969
975,976,903
969,972,976
906,976,972
903,976,906
906,972,902
965,963,958
958,954,965
965,954,956
950,951,933
944,933,951
933,946,950
942,932,934
934,939,942
930,924,940
940,935,930
936,940,924
977,928,923
922,928,977
916,919,977
920,977,919
977,920,922
923,916,977
918,919,916
918,978,915
978,918,916
912,914,978
914,915,978
978,916,912
979,914,912
914,979,910
979,980,910
981,979,912
981,980,979
982,981,912
980,981,982
982,983,980
983,982,907
907,982,912
983,907,910
980,983,910
912,904,907
984,909,904
984,985,909
908,986,909
909,986,904
909,985,899
985,898,899
895,898,985
985,984,895
986,908,907
986,907,904
895,984,904
906,899,900
899,906,902
987,988,989
988,990,989
990,988,991
992,993,988
988,987,992
994,991,988
995,994,988
995,988,996
993,997,988
997,998,988
998,996,988
995,996,991
998,991,996
999,998,1000
1001,998,999
998,1002,991
1002,998,1001
997,1000,998
1002,1001,990
1003,990,1001
1001,1004,1003
1004,1001,1005
1006,1001,999
1005,1001,1006
1005,1006,1007
1006,1008,1009
1008,1006,999
1006,1010,1007
1010,1006,1009
1009,1011,1012
1009,1008,1011
1013,1009,1014
1013,1010,1009
1012,1014,1009
1014,1015,1016
1015,1014,1012
1014,1017,1013
1017,1014,1016
1017,1016,1018
1019,1016,1020
1021,1016,1019
1022,1020,1016
1016,1015,1022
1021,1018,1016
1021,1023,1024
1018,1021,1024
1021,1025,1023
1026,1025,1021
1019,1027,1021
1021,1027,1020
1020,1022,1021
1021,1022,1026
1028,1025,1026
1028,1026,1015
1015,1026,1022
1025,1028,1029
1015,1030,1028
1030,1029,1028
1025,1029,1031
1030,1032,1029
1032,1033,1029
1029,1033,1031
1034,1031,1035
1036,1035,1031
1031,1037,1036
1031,1034,1038
1031,1039,1037
1031,1023,1025
1030,1023,1031
1031,1033,1039
1038,1030,1031
1040,1038,1011
1038,1040,1030
1011,1038,1034
1041,1040,1008
1042,1040,1041
1032,1030,1040
1011,1008,1040
1042,1032,1040
1035,1042,1043
1035,1032,1042
1043,1042,1041
1044,1035,1043
1045,1043,1046
1045,1044,1043
1046,1043,1047
1047,1043,1048
1048,1043,1049
1050,1049,1043
1043,1041,1050
1008,1050,1041
1050,1051,1052
1050,1052,1049
1051,1050,1005
1050,1008,1005
1053,1054,1051
1051,1005,1053
1054,1055,1051
1052,1051,1056
1056,1051,1055
1057,1055,1054
1058,1055,1057
1055,1059,1056
1059,1055,1060
1058,1060,1055
1061,1062,1058
1058,1063,1061
1058,1062,1064
1058,1064,1065
1058,1065,1066
1058,1066,1067
1057,1063,1058
1060,1058,1068
1058,1067,1068
1067,1066,1065
1067,1065,1064
1069,1068,1067
1067,1064,1069
1069,1061,1070
1062,1061,1069
1062,1069,1064
1069,1071,1072
1069,1070,1071
1072,1068,1069
1072,1073,1060
1073,1072,1071
1060,1068,1072
1074,1073,1075
1074,1060,1073
1075,1073,1076
1076,1073,1071
1077,1076,1039
1039,1076,1037
1071,1048,1076
1076,1077,1075
1048,1037,1076
1075,1077,1078
1036,1077,1039
1036,1078,1077
1075,1078,1074
1074,1078,1052
1049,1052,1078
1049,1078,1048
1078,1036,1048
1074,1052,1079
1047,1074,1079
1060,1074,1071
1047,1071,1074
1056,1079,1052
1056,1059,1079
1079,1059,1046
1046,1047,1079
1070,1046,1059
1061,1046,1070
1071,1070,1060
1059,1060,1070
1071,1047,1048
1080,1063,1057
1061,1063,1080
1081,1061,1080
1081,1080,1082
1082,1080,1083
1080,1084,1083
1084,1080,1085
1057,1085,1080
1085,1086,1084
1085,1087,1086
1087,1085,1057
1057,1054,1087
1088,1086,1087
1088,1087,1089
1090,1089,1087
1087,1054,1090
1091,1092,1090
1090,1054,1091
1082,1089,1090
1082,1090,1092
1092,1091,1093
1092,1093,1094
1094,1095,1092
1092,1096,1082
1095,1096,1092
1094,1097,1095
1095,1097,1098
1095,1099,1100
1099,1095,1088
1096,1095,1100
1088,1095,1101
1095,1098,1101
1100,1102,1096
1103,1102,1100
1100,1099,1103
1103,1104,1102
1097,1104,1103
1103,1099,1101
1103,1105,1097
1105,1103,1106
1103,1107,1106
1101,1098,1103
1108,1107,1103
1108,1103,1098
1107,1108,1097
1108,1098,1097
1106,1107,1097
1109,1106,1110
1106,1109,1105
1111,1110,1106
1097,1112,1106
1111,1106,1112
1111,1112,1113
1114,1110,1111
1113,1114,1111
1114,1115,1110
1115,1114,1116
1114,1113,1116
1115,1117,1110
1117,1115,1116
1117,1118,1109
1109,1110,1117
1118,1117,1119
1116,1019,1117
1019,1119,1117
1027,1118,1119
1120,1027,1119
1120,1119,1019
1020,1120,1019
1027,1120,1020
1027,1121,1118
1121,1122,1118
1109,1118,1116
1123,1116,1118
1118,1122,1123
1124,1123,1122
1124,1122,993
997,1122,1125
997,993,1122
1121,1125,1122
1125,1018,1000
1125,1000,997
1017,1018,1125
1121,1126,1125
1125,1126,1013
1013,1017,1125
1019,1126,1121
1019,1127,1126
1126,1127,1010
1010,1013,1126
1127,1019,1116
1128,1127,1123
1123,1127,1116
1127,1128,1010
1123,1129,1128
1128,1093,1091
1128,1091,1010
1128,1094,1093
1128,1130,1094
1130,1128,1131
1131,1128,1129
1130,1132,1094
1104,1132,1130
1130,1133,1104
1131,1133,1130
1134,1133,1112
1134,1135,1133
1135,1104,1133
1133,1131,1112
1104,1135,1136
1136,1135,993
1124,1135,1137
993,1135,1124
1135,1134,1137
1109,1137,1134
1137,1109,1116
1116,1113,1137
1137,1113,1138
1124,1137,1138
1113,1131,1138
1124,1138,1129
1129,1138,1131
1104,1136,1102
1139,1102,1136
1136,993,1139
1081,1139,1140
1140,1139,992
1082,1139,1081
1139,993,992
1082,1102,1139
1141,1140,987
987,1140,992
1142,1140,1141
1142,1143,1140
1143,1144,1140
1145,1140,1144
1145,1081,1140
1045,1145,1144
1145,1045,1046
1061,1081,1145
1046,1061,1145
1142,1146,1147
1147,1143,1142
1146,1142,1148
1142,1141,1148
1004,1147,1146
1148,1004,1146
1148,1003,1004
1003,1148,1141
1147,1004,1144
1143,1147,1144
1149,1144,1004
1045,1144,1149
1004,999,1149
1044,1149,999
1044,1045,1149
1141,987,1003
1109,1134,1105
1105,1134,1112
1097,1094,1132
1132,1150,1097
1104,1150,1132
1104,1097,1150
1129,1123,1124
1131,1113,1112
1019,1121,1027
1112,1097,1105
1102,1082,1096
1101,1099,1151
1088,1101,1151
1099,1152,1151
1153,1151,1152
1088,1151,1153
1153,1152,1154
1153,1154,1086
1086,1088,1153
1154,1155,1066
1154,1064,1155
1154,1152,1064
1066,1086,1154
1084,1066,1155
1084,1155,1064
1152,1083,1084
1152,1084,1064
1083,1152,1099
1088,1083,1099
1094,1091,992
987,1091,1094
1094,1156,987
1094,992,1156
1091,987,1156
1091,1156,992
1157,1158,1091
1158,1010,1091
1091,1053,1159
1053,1091,1054
1091,1159,1157
1159,1160,1157
1159,1161,1162
1161,1159,1053
1162,1160,1159
1163,1164,1160
1160,1164,1157
1160,1165,1163
1160,1162,1165
1163,1166,1164
1163,1165,1167
1163,1167,1166
1166,1168,1007
1007,1169,1166
1164,1166,1169
1167,1168,1166
1168,1170,1161
1168,1161,1007
1167,1170,1168
1162,1170,1167
1170,1162,1161
1164,1169,1157
1157,1169,1158
1169,1007,1010
1169,1010,1158
1162,1167,1165
1007,1161,1005
1053,1005,1161
1082,1083,1089
1088,1089,1083
1084,1086,1066
1171,1064,1066
1037,1048,1036
1044,1000,1172
1000,1044,999
1172,1035,1044
1000,1018,1172
1035,1172,1034
1172,1018,1024
1172,1024,1012
1012,1034,1172
1039,1033,1036
1034,1012,1011
1035,1036,1032
1036,1033,1032
1023,1030,1015
1015,1024,1023
1024,1015,1012
1005,1008,999
999,1004,1005
990,1003,989
987,989,1003
991,1002,990
995,991,994
1173,1174,1175
1175,1176,1173
1175,1177,1176
1177,1175,1174
1178,1174,1173
1174,1179,1177
1179,1174,1180
1178,1180,1174
1180,1178,1181
1182,1181,1178
1183,1178,1173
1178,1183,1182
1173,1184,1183
1185,1183,1184
1186,1182,1183
1183,1185,1186
1187,1186,1185
1188,1189,1185
1184,1188,1185
1185,1190,1187
1191,1192,1185
1190,1185,1192
1185,1189,1191
1193,1194,1189
1189,1188,1193
1191,1189,1194
1194,1193,1176
1195,1194,1176
1194,1195,1191
1196,1195,1176
1192,1191,1195
1195,1196,1192
1197,1196,1176
1198,1192,1196
1196,1197,1198
1197,1199,1198
1199,1197,1176
1200,1198,1199
1201,1199,1176
1199,1201,1200
1202,1201,1176
1201,1202,1200
1203,1202,1176
1204,1200,1202
1202,1203,1204
1205,1203,1176
1206,1204,1203
1203,1205,1206
1207,1206,1205
1205,1208,1207
1208,1205,1176
1209,1208,1176
1210,1207,1208
1208,1209,1210
1211,1209,1176
1212,1210,1209
1209,1211,1212
1213,1211,1176
1214,1212,1211
1211,1213,1214
1215,1214,1213
1213,1216,1215
1216,1213,1176
1217,1216,1176
1218,1215,1216
1216,1219,1218
1219,1216,1217
1220,1217,1176
1217,1221,1219
1221,1217,1220
1220,1222,1221
1222,1220,1223
1223,1220,1176
1223,1224,1222
1225,1223,1176
1224,1223,1225
1226,1225,1176
1225,1227,1224
1227,1225,1226
1228,1226,1176
1227,1226,1228
1229,1228,1230
1228,1229,1227
1230,1228,1176
1230,1231,1229
1231,1230,1232
1232,1230,1176
1233,1232,1176
1232,1234,1231
1234,1232,1233
1235,1233,1236
1233,1235,1234
1236,1233,1176
1237,1236,1176
1236,1238,1235
1238,1236,1237
1239,1237,1176
1240,1237,1239
1237,1240,1238
1239,1241,1240
1242,1240,1241
1238,1240,1242
1234,1235,1242
1242,1235,1238
1241,1243,1242
1242,1243,1244
1245,1242,1246
1231,1242,1245
1242,1231,1234
1247,1248,1242
1242,1244,1247
1242,1249,1246
1242,1248,1250
1242,1250,1249
1251,1247,1244
1251,1244,1243
1251,1252,1176
1253,1251,1176
1243,1252,1251
1247,1251,1253
1252,1243,1241
1252,1239,1176
1241,1239,1252
1253,1254,1247
1254,1253,1255
1255,1253,1176
1256,1255,1176
1255,1257,1254
1257,1255,1256
1254,1257,1248
1256,1258,1257
1248,1257,1258
1258,1256,1259
1259,1260,1258
1258,1260,1248
1179,1260,1259
1248,1260,1180
1180,1260,1179
1259,1256,1176
1177,1259,1176
1259,1177,1179
1248,1247,1254
1250,1261,1249
1250,1262,1261
1262,1250,1263
1248,1264,1250
1250,1264,1265
1265,1263,1250
1263,1265,1266
1265,1267,1266
1267,1265,1248
1264,1248,1265
1268,1266,1267
1268,1267,1269
1269,1267,1248
1268,1269,1270
1248,1270,1269
1270,1271,1268
1271,1270,1272
1272,1270,1248
1248,1273,1272
1274,1272,1273
1272,1274,1271
1274,1275,1276
1273,1275,1274
1271,1274,1276
1277,1276,1278
1279,1278,1276
1277,1266,1276
1280,1281,1276
1276,1281,1279
1268,1271,1276
1266,1268,1276
1275,1282,1276
1282,1283,1276
1283,1284,1276
1284,1285,1276
1285,1286,1276
1286,1287,1276
1287,1288,1276
1288,1289,1276
1289,1290,1276
1290,1291,1276
1291,1292,1276
1292,1293,1276
1293,1294,1276
1294,1295,1276
1295,1296,1276
1296,1297,1276
1297,1298,1276
1298,1299,1276
1299,1300,1276
1300,1301,1276
1301,1302,1276
1302,1303,1276
1303,1304,1276
1304,1305,1276
1305,1306,1276
1306,1307,1276
1307,1308,1276
1308,1280,1276
1278,1279,1261
1261,1279,1309
1309,1279,1281
1309,1310,1311
1310,1309,1280
1281,1280,1309
1311,1312,1309
1309,1312,1261
1312,1311,1313
1261,1312,1314
1312,1313,1314
1212,1214,1314
1314,1210,1212
1314,1315,1316
1317,1314,1316
1206,1207,1314
1314,1317,1206
1314,1214,1215
1315,1314,1318
1219,1221,1314
1319,1314,1221
1314,1319,1320
1261,1314,1320
1207,1210,1314
1215,1218,1314
1313,1318,1314
1314,1218,1219
1206,1317,1321
1321,1317,1322
1317,1323,1322
1324,1317,1325
1324,1326,1317
1317,1326,1323
1325,1317,1316
1321,1190,1206
1190,1321,1322
1327,1328,1325
1325,1316,1327
1324,1325,1328
1328,1329,1330
1330,1324,1328
1331,1329,1328
1328,1332,1331
1327,1332,1328
1333,1334,1332
1332,1335,1333
1336,1335,1332
1332,1327,1336
1331,1332,1334
1337,1338,1334
1331,1334,1338
1334,1339,1337
1340,1339,1334
1334,1341,1340
1342,1341,1334
1334,1333,1342
1291,1342,1333
1342,1291,1290
1290,1341,1342
1341,1290,1289
1289,1340,1341
1340,1289,1288
1288,1339,1340
1339,1288,1287
1287,1337,1339
1337,1343,1338
1337,1287,1286
1286,1343,1337
1285,1344,1343
1343,1286,1285
1338,1343,1344
1344,1345,1338
1344,1285,1284
1284,1345,1344
1338,1345,1346
1283,1346,1345
1345,1284,1283
1346,1283,1282
1282,1347,1346
1338,1346,1347
1347,1248,1338
1275,1348,1347
1347,1282,1275
1248,1347,1348
1275,1273,1348
1348,1273,1248
1338,1180,1349
1349,1331,1338
1180,1338,1248
1349,1181,1324
1181,1349,1180
1331,1349,1324
1336,1295,1294
1294,1335,1336
1295,1336,1327
1335,1294,1293
1293,1333,1335
1333,1293,1292
1333,1292,1291
1329,1331,1324
1330,1329,1324
1327,1316,1298
1298,1297,1327
1297,1296,1327
1327,1296,1295
1323,1326,1324
1322,1323,1324
1181,1182,1324
1182,1186,1324
1186,1187,1324
1187,1322,1324
1322,1187,1190
1350,1319,1221
1319,1350,1320
1224,1350,1222
1221,1222,1350
1350,1351,1320
1351,1350,1224
1351,1224,1320
1352,1318,1313
1318,1352,1353
1354,1355,1318
1318,1355,1356
1318,1357,1315
1356,1358,1318
1353,1359,1318
1318,1359,1354
1318,1358,1357
1307,1306,1353
1353,1352,1307
1359,1353,1306
1301,1300,1357
1357,1358,1301
1315,1357,1300
1305,1304,1354
1354,1359,1305
1355,1354,1304
1358,1356,1302
1302,1301,1358
1306,1305,1359
1303,1302,1356
1356,1355,1303
1304,1303,1355
1308,1307,1352
1352,1310,1308
1310,1352,1311
1352,1313,1311
1261,1320,1249
1227,1249,1320
1224,1227,1320
1316,1315,1300
1299,1298,1316
1300,1299,1316
1280,1308,1310
1278,1263,1277
1266,1277,1263
1261,1262,1278
1263,1278,1262
1246,1249,1227
1246,1229,1231
1227,1229,1246
1231,1245,1246
1204,1206,1190
1190,1200,1204
1190,1198,1200
1192,1198,1190
1360,1193,1188
1193,1360,1176
1176,1360,1184
1188,1184,1360
1184,1173,1176
1361,1362,1363
1361,1364,1362
1365,1364,1361
1363,1366,1361
1361,1366,1367
1361,1367,1365
1367,1368,1363
1367,1363,1369
1370,1367,1366
1367,1371,1365
1367,1370,1368
1372,1367,1369
1371,1367,1372
1371,1372,1373
1365,1371,1374
1373,1375,1371
1376,1377,1371
1371,1378,1376
1371,1379,1378
1380,1381,1371
1380,1371,1382
1382,1371,1383
1384,1371,1377
1383,1371,1381
1379,1371,1385
1385,1371,1384
1374,1371,1375
1384,1386,1385
1384,1379,1386
1378,1379,1384
1384,1377,1378
1386,1387,1388
1386,1388,1385
1387,1386,1379
1385,1387,1379
1385,1373,1387
1373,1388,1387
1373,1385,1388
1374,1375,1379
1373,1379,1375
1383,1381,1376
1380,1376,1381
1365,1374,1376
1379,1376,1374
1372,1379,1373
1379,1372,1365
1365,1376,1379
1379,1389,1390
1390,1391,1379
1392,1379,1391
1393,1379,1392
1393,1389,1379
1393,1392,1376
1373,1376,1392
1392,1391,1373
1393,1394,1389
1395,1389,1394
1396,1390,1389
1389,1395,1396
1397,1393,1395
1395,1398,1397
1396,1395,1399
1393,1399,1395
1394,1398,1395
1393,1376,1399
1376,1380,1399
1399,1380,1396
1400,1397,1398
1400,1398,1401
1398,1394,1402
1402,1401,1398
1400,1402,1403
1400,1404,1402
1403,1402,1394
1405,1402,1404
1402,1405,1401
1406,1407,1405
1407,1401,1405
1406,1405,1408
1405,1404,1409
1408,1405,1409
1410,1406,1408
1408,1411,1410
1409,1412,1408
1408,1412,1413
1413,1411,1408
1414,1410,1411
1415,1411,1413
1411,1415,1416
1416,1414,1411
1414,1416,1370
1417,1370,1416
1416,1413,1417
1416,1382,1413
1382,1416,1415
1418,1417,1419
1417,1418,1370
1417,1420,1419
1417,1421,1420
1417,1414,1421
1414,1417,1422
1413,1422,1417
1423,1420,1421
1423,1419,1420
1424,1425,1423
1423,1370,1424
1423,1426,1427
1423,1428,1426
1423,1421,1370
1428,1423,1425
1419,1423,1427
1427,1368,1418
1427,1426,1368
1418,1419,1427
1429,1428,1430
1429,1426,1428
1425,1431,1428
1431,1432,1428
1432,1433,1428
1434,1430,1428
1428,1433,1434
1433,1435,1434
1432,1436,1433
1433,1437,1438
1437,1433,1439
1439,1433,1440
1441,1442,1433
1433,1443,1441
1443,1433,1444
1442,1444,1433
1410,1433,1406
1410,1445,1433
1445,1446,1433
1406,1433,1446
1438,1440,1433
1435,1433,1436
1439,1440,1441
1438,1441,1440
1443,1444,1437
1442,1437,1444
1432,1437,1436
1435,1436,1437
1406,1446,1437
1445,1437,1446
1441,1435,1437
1441,1434,1435
1434,1438,1437
1438,1434,1447
1438,1447,1441
1439,1447,1434
1439,1441,1447
1410,1434,1445
1445,1448,1437
1445,1434,1448
1449,1437,1448
1449,1448,1434
1407,1437,1449
1407,1449,1441
1449,1434,1450
1449,1450,1441
1404,1450,1434
1404,1441,1450
1442,1451,1437
1442,1434,1451
1442,1452,1434
1442,1441,1452
1443,1451,1434
1443,1437,1451
1443,1434,1452
1443,1452,1441
1437,1432,1441
1432,1430,1441
1441,1430,1434
1441,1404,1407
1437,1439,1434
1406,1437,1407
1434,1409,1404
1410,1409,1434
1430,1432,1453
1430,1453,1429
1432,1454,1453
1453,1454,1429
1431,1429,1454
1432,1455,1454
1456,1454,1455
1456,1362,1454
1457,1431,1454
1454,1362,1364
1454,1364,1457
1431,1457,1432
1458,1457,1364
1457,1455,1432
1457,1458,1455
1458,1365,1362
1365,1458,1364
1458,1459,1455
1460,1458,1456
1458,1362,1456
1458,1461,1462
1461,1458,1460
1458,1462,1459
1462,1463,1403
1403,1459,1462
1462,1461,1463
1464,1463,1461
1464,1403,1463
1460,1403,1464
1460,1464,1465
1461,1465,1464
1461,1460,1465
1393,1397,1465
1397,1466,1465
1466,1467,1465
1465,1394,1393
1465,1403,1394
1465,1468,1403
1465,1459,1469
1459,1465,1470
1470,1465,1471
1469,1471,1465
1472,1473,1465
1472,1465,1474
1475,1474,1465
1475,1465,1473
1468,1465,1467
1466,1459,1467
1468,1467,1459
1400,1403,1468
1400,1468,1459
1472,1459,1473
1475,1473,1459
1475,1403,1474
1461,1403,1475
1461,1475,1459
1470,1471,1403
1469,1403,1471
1472,1474,1403
1403,1461,1472
1459,1472,1461
1469,1476,1403
1469,1459,1477
1469,1477,1461
1469,1461,1476
1470,1476,1461
1470,1403,1476
1470,1461,1477
1470,1477,1459
1397,1461,1466
1466,1478,1459
1466,1461,1478
1400,1478,1461
1400,1459,1478
1455,1459,1403
1403,1460,1455
1456,1455,1460
1461,1397,1400
1426,1429,1431
1431,1425,1426
1426,1425,1424
1424,1368,1426
1370,1366,1424
1368,1424,1366
1421,1419,1422
1414,1422,1479
1410,1479,1422
1422,1412,1410
1422,1413,1412
1410,1421,1479
1414,1479,1421
1410,1480,1421
1370,1421,1480
1410,1414,1480
1370,1480,1414
1368,1370,1418
1390,1396,1415
1415,1396,1380
1415,1413,1390
1380,1382,1415
1390,1413,1382
1412,1409,1410
1407,1400,1401
1400,1407,1404
1390,1373,1391
1373,1390,1382
1376,1373,1383
1382,1383,1373
1376,1378,1377
1369,1365,1372
1369,1363,1362
1369,1362,1365
1366,1363,1368
1481,1482,1483
1483,1484,1481
1483,1485,1484
1486,1485,1483
1487,1483,1488
1487,1486,1483
1482,1488,1483
1488,1489,1481
1488,1482,1489
1487,1488,1481
1489,1490,1481
1489,1491,1490
1491,1489,1482
1491,1492,1493
1493,1494,1491
1481,1491,1482
1481,1495,1491
1494,1490,1491
1496,1497,1491
1491,1495,1496
1491,1497,1492
1497,1496,1481
1492,1497,1481
1493,1492,1481
1496,1495,1481
1494,1498,1481
1499,1498,1494
1494,1493,1500
1494,1500,1499
1494,1481,1490
1499,1500,1481
1500,1493,1481
1498,1499,1501
1501,1499,1481
1501,1502,1498
1502,1501,1481
1498,1502,1481
1486,1487,1481
1485,1486,1481
1484,1485,1481
1503,1504,1505
1505,1506,1503
1505,1507,1506
1508,1507,1505
1505,1509,1508
1510,1509,1505
1511,1505,1512
1511,1510,1505
1504,1512,1505
1511,1512,1503
1512,1513,1503
1512,1504,1513
1514,1503,1513
1514,1513,1504
1515,1514,1504
1514,1515,1516
1514,1517,1503
1516,1518,1514
1517,1514,1518
1517,1519,1503
1518,1519,1517
1519,1520,1503
1519,1521,1520
1519,1518,1521
1520,1521,1503
1521,1518,1503
1518,1516,1503
1516,1515,1503
1515,1522,1503
1504,1522,1515
1522,1523,1503
1523,1522,1504
1504,1503,1523
1510,1511,1503
1509,1510,1503
1508,1509,1503
1507,1508,1503
1506,1507,1503
1524,1525,1526
1525,1527,1526
1527,1525,1528
1529,1525,1524
1529,1530,1525
1528,1525,1530
1531,1524,1526
1524,1532,1529
1532,1524,1533
1531,1533,1524
1526,1527,1533
1533,1531,1526
1534,1535,1533
1534,1533,1536
1535,1536,1533
1532,1533,1537
1527,1537,1533
1527,1534,1537
1532,1537,1534
1536,1535,1534
1538,1535,1539
1535,1538,1540
1540,1541,1535
1542,1535,1541
1542,1539,1535
1542,1536,1539
1538,1539,1536
1542,1528,1543
1542,1543,1544
1536,1542,1545
1542,1546,1545
1542,1527,1528
1547,1542,1541
1542,1544,1546
1542,1547,1548
1548,1527,1542
1549,1548,1547
1548,1549,1550
1550,1527,1548
1534,1550,1530
1530,1550,1528
1551,1528,1550
1550,1534,1527
1552,1553,1550
1553,1551,1550
1550,1549,1552
1552,1554,1555
1554,1552,1556
1552,1555,1556
1549,1553,1552
1553,1555,1554
1553,1556,1555
1554,1556,1553
1528,1551,1557
1558,1551,1553
1557,1551,1559
1559,1551,1560
1551,1558,1560
1561,1559,1562
1563,1559,1561
1562,1559,1564
1564,1559,1560
1563,1557,1559
1563,1565,1528
1528,1557,1563
1565,1563,1566
1561,1566,1563
1561,1567,1566
1566,1567,1568
1568,1565,1566
1567,1569,1568
1570,1568,1569
1565,1568,1570
1569,1571,1570
1570,1543,1565
1571,1543,1570
1543,1571,1572
1572,1571,1573
1573,1571,1540
1540,1571,1569
1574,1575,1573
1573,1536,1574
1573,1538,1536
1572,1573,1575
1540,1538,1573
1545,1575,1574
1575,1543,1572
1545,1543,1575
1545,1574,1536
1574,1544,1576
1544,1574,1577
1574,1576,1577
1545,1577,1576
1545,1576,1544
1544,1577,1545
1569,1541,1540
1541,1569,1567
1578,1567,1579
1541,1567,1578
1580,1579,1567
1580,1567,1561
1562,1579,1580
1580,1561,1562
1581,1578,1579
1581,1579,1582
1579,1558,1582
1562,1558,1579
1581,1582,1578
1541,1582,1547
1547,1582,1549
1583,1578,1582
1558,1549,1582
1582,1541,1583
1583,1541,1578
1543,1528,1565
1584,1585,1564
1560,1558,1564
1558,1562,1564
1562,1586,1587
1558,1553,1549
1543,1545,1546
1543,1546,1544
1530,1532,1534
1532,1530,1529
1588,1589,1590
1589,1591,1590
1591,1589,1592
1589,1588,1593
1592,1589,1593
1593,1588,1592
1588,1594,1592
1595,1592,1594
1595,1591,1592
1596,1595,1594
1597,1595,1596
1597,1598,1595
1599,1595,1598
1595,1599,1591
1599,1598,1600
1601,1600,1598
1598,1597,1601
1600,1602,1599
1600,1601,1603
1600,1604,1602
1603,1604,1600
1603,1605,1604
1604,1605,1606
1606,1607,1604
1608,1604,1607
1604,1608,1602
1609,1602,1608
1608,1610,1609
1611,1608,1612
1611,1610,1608
1608,1607,1612
1612,1613,1611
1606,1612,1607
1612,1606,1614
1615,1613,1612
1616,1612,1614
1616,1615,1612
1614,1606,1617
1617,1616,1614
1613,1617,1606
1617,1613,1618
1616,1617,1619
1618,1619,1617
1620,1619,1618
1619,1620,1616
1615,1620,1613
1613,1620,1618
1616,1620,1615
1613,1606,1621
1613,1621,1611
1621,1606,1605
1611,1621,1605
1609,1610,1605
1605,1610,1611
1609,1599,1602
1599,1609,1622
1609,1623,1622
1609,1624,1623
1609,1601,1624
1601,1609,1605
1624,1597,1623
1597,1624,1601
1625,1622,1623
1623,1597,1625
1596,1626,1625
1626,1590,1625
1625,1597,1596
1625,1590,1622
1626,1594,1588
1594,1626,1596
1590,1626,1588
1599,1622,1590
1601,1605,1603
1590,1591,1599
1627,1628,1629
1628,1630,1629
1628,1631,1630
1628,1627,1631
1632,1633,1631
1634,1631,1633
1631,1627,1632
1630,1631,1634
1634,1635,1630
1634,1633,1635
1635,1633,1636
1637,1638,1635
1638,1629,1635
1639,1637,1635
1635,1636,1639
1629,1630,1635
1640,1636,1633
1636,1641,1639
1642,1641,1636
1642,1636,1640
1640,1632,1643
1643,1642,1640
1633,1632,1640
1637,1643,1638
1644,1643,1637
1642,1643,1645
1644,1645,1643
1632,1638,1643
1646,1644,1637
1645,1644,1647
1647,1644,1648
1644,1646,1648
1649,1648,1646
1648,1649,1650
1647,1648,1650
1651,1647,1650
1652,1650,1653
1651,1650,1652
1646,1653,1650
1650,1649,1646
1646,1639,1653
1653,1641,1652
1641,1653,1639
1652,1647,1651
1645,1652,1641
1652,1645,1647
1637,1639,1646
1645,1641,1642
1638,1632,1629
1629,1632,1627
1654,1655,1656
1655,1657,1656
1658,1657,1655
1655,1659,1658
1655,1660,1659
1654,1660,1655
1661,1662,1654
1654,1656,1661
1663,1664,1654
1660,1654,1664
1663,1654,1662
1665,1664,1663
1659,1663,1666
1662,1666,1663
1663,1659,1665
1665,1667,1668
1665,1668,1669
1665,1670,1664
1670,1665,1671
1667,1665,1659
1669,1671,1665
1670,1671,1672
1664,1672,1671
1664,1671,1669
1670,1672,1673
1664,1673,1672
1673,1674,1670
1664,1674,1673
1675,1676,1674
1674,1676,1677
1677,1670,1674
1674,1664,1675
1678,1679,1677
1677,1676,1678
1677,1679,1670
1680,1681,1679
1680,1679,1678
1675,1670,1679
1679,1681,1675
1681,1680,1682
1681,1683,1684
1684,1685,1681
1681,1685,1686
1686,1675,1681
1681,1687,1683
1681,1682,1687
1687,1682,1688
1689,1688,1682
1682,1680,1689
1678,1689,1680
1689,1678,1675
1675,1688,1689
1688,1690,1687
1690,1688,1675
1686,1683,1690
1683,1687,1690
1675,1686,1690
1683,1691,1684
1691,1683,1686
1692,1684,1691
1693,1691,1686
1691,1693,1692
1694,1693,1686
1694,1692,1693
1685,1692,1694
1694,1695,1685
1694,1696,1695
1696,1694,1697
1686,1697,1694
1698,1696,1697
1699,1697,1700
1701,1700,1697
1697,1686,1685
1685,1701,1697
1702,1703,1697
1703,1698,1697
1697,1699,1702
1704,1705,1699
1705,1702,1699
1700,1706,1699
1699,1706,1707
1707,1708,1699
1708,1704,1699
1708,1709,1704
1705,1704,1709
1709,1708,1710
1709,1711,1705
1711,1709,1710
1706,1710,1712
1712,1710,1713
1708,1707,1710
1707,1713,1710
1700,1710,1706
1700,1701,1710
1710,1701,1711
1713,1714,1712
1714,1713,1715
1707,1715,1713
1715,1716,1714
1716,1715,1706
1715,1707,1706
1716,1717,1718
1718,1714,1716
1717,1716,1706
1719,1717,1706
1717,1719,1720
1720,1718,1717
1720,1721,1722
1721,1720,1719
1718,1720,1722
1723,1724,1722
1725,1722,1724
1721,1723,1722
1722,1712,1718
1726,1712,1722
1726,1722,1725
1723,1727,1726
1723,1721,1727
1723,1728,1724
1728,1723,1726
1729,1724,1728
1729,1728,1726
1724,1729,1725
1729,1730,1725
1726,1730,1729
1731,1730,1726
1732,1725,1730
1730,1731,1732
1733,1732,1658
1734,1658,1732
1735,1736,1732
1732,1736,1734
1737,1735,1732
1731,1737,1732
1732,1733,1725
1666,1733,1658
1733,1666,1738
1738,1725,1733
1725,1738,1726
1726,1738,1731
1739,1738,1666
1739,1735,1738
1738,1735,1740
1740,1731,1738
1735,1737,1740
1731,1740,1737
1735,1739,1736
1734,1736,1739
1666,1741,1739
1739,1741,1734
1741,1742,1743
1743,1734,1741
1666,1742,1741
1742,1744,1745
1745,1743,1742
1662,1744,1742
1742,1666,1662
1662,1661,1744
1745,1744,1661
1658,1743,1745
1661,1746,1745
1658,1745,1746
1658,1746,1657
1656,1657,1746
1746,1661,1656
1658,1734,1743
1719,1727,1721
1727,1719,1726
1706,1726,1719
1712,1726,1706
1714,1718,1712
1702,1705,1711
1711,1747,1702
1747,1711,1701
1703,1702,1747
1747,1701,1703
1698,1703,1701
1701,1748,1698
1696,1698,1748
1695,1748,1701
1748,1695,1696
1701,1685,1695
1685,1684,1692
1675,1678,1676
1675,1664,1670
1749,1669,1668
1664,1669,1749
1668,1667,1749
1660,1749,1667
1664,1749,1660
1667,1659,1660
1666,1658,1659
1750,1751,1752
1751,1753,1752
1753,1751,1754
1750,1754,1751
1752,1755,1750
1750,1756,1754
1756,1750,1757
1755,1758,1750
1758,1759,1750
1759,1757,1750
1759,1758,1760
1761,1759,1760
1762,1757,1759
1759,1763,1762
1763,1759,1761
1763,1761,1764
1761,1760,1765
1765,1764,1761
1765,1766,1764
1767,1764,1762
1762,1764,1766
1768,1763,1764
1764,1767,1768
1769,1768,1767
1770,1769,1767
1767,1771,1770
1762,1771,1767
1772,1770,1771
1772,1771,1762
1772,1762,1773
1774,1772,1773
1775,1772,1774
1776,1770,1772
1772,1775,1776
1776,1777,1770
1778,1777,1776
1776,1779,1778
1776,1775,1779
1779,1780,1778
1781,1782,1778
1777,1778,1782
1783,1778,1780
1783,1781,1778
1781,1784,1782
1781,1783,1785
1784,1781,1785
1785,1786,1784
1786,1785,1787
1783,1787,1785
1784,1786,1787
1787,1788,1784
1787,1783,1788
1784,1788,1789
1780,1788,1783
1780,1789,1788
1774,1789,1775
1774,1782,1789
1789,1779,1775
1779,1789,1780
1789,1782,1784
1782,1774,1777
1777,1774,1769
1769,1790,1777
1790,1770,1777
1790,1769,1770
1773,1769,1774
1773,1762,1791
1768,1773,1763
1773,1791,1763
1768,1769,1773
1791,1762,1763
1762,1766,1757
1766,1765,1757
1792,1756,1765
1792,1765,1760
1757,1765,1756
1752,1792,1755
1755,1792,1758
1758,1792,1760
1752,1753,1792
1756,1792,1753
1753,1754,1756
1793,1794,1795
1795,1796,1793
1795,1797,1796
1795,1798,1797
1795,1794,1798
1799,1800,1795
1800,1801,1795
1801,1802,1795
1799,1795,1802
1795,1803,1804
1803,1795,1805
1805,1795,1806
1807,1806,1795
1795,1804,1807
1799,1802,1794
1801,1794,1802
1807,1794,1806
1805,1806,1794
1808,1797,1798
1808,1798,1794
1793,1797,1808
1808,1794,1793
1800,1809,1808
1809,1810,1808
1810,1811,1808
1800,1808,1811
1808,1812,1813
1812,1808,1814
1814,1808,1815
1803,1815,1808
1808,1813,1803
1810,1797,1811
1800,1811,1797
1814,1815,1797
1803,1797,1815
1804,1813,1812
1804,1803,1813
1812,1814,1794
1797,1794,1814
1807,1812,1803
1799,1812,1807
1816,1812,1817
1816,1818,1812
1818,1819,1812
1820,1812,1819
1804,1812,1821
1794,1821,1812
1820,1817,1812
1803,1812,1809
1822,1809,1812
1812,1799,1822
1809,1822,1794
1794,1822,1799
1816,1817,1803
1820,1803,1817
1820,1819,1807
1818,1820,1807
1818,1803,1820
1804,1821,1807
1794,1807,1821
1818,1807,1819
1818,1816,1823
1818,1823,1803
1823,1816,1803
1809,1794,1810
1810,1824,1797
1810,1794,1824
1801,1797,1824
1801,1824,1794
1809,1800,1803
1807,1800,1799
1800,1807,1803
1794,1797,1805
1803,1805,1797
1800,1797,1801
1793,1796,1797
1825,1826,1827
1825,1828,1826
1829,1828,1825
1825,1827,1829
1829,1830,1828
1831,1829,1827
1830,1829,1832
1829,1833,1832
1833,1829,1831
1834,1831,1827
1831,1834,1833
1827,1835,1834
1836,1834,1835
1837,1834,1836
1833,1834,1838
1834,1839,1838
1834,1837,1839
1840,1837,1841
1840,1839,1837
1841,1837,1836
1832,1841,1836
1832,1833,1841
1841,1838,1840
1838,1841,1833
1842,1840,1843
1843,1840,1838
1840,1842,1844
1840,1844,1845
1845,1839,1840
1846,1847,1845
1845,1847,1839
1845,1848,1849
1849,1846,1845
1848,1845,1844
1844,1850,1848
1850,1849,1848
1851,1852,1850
1850,1853,1851
1842,1853,1850
1854,1849,1850
1854,1850,1852
1850,1844,1842
1855,1852,1851
1849,1854,1852
1849,1852,1856
1857,1856,1852
1855,1857,1852
1851,1858,1855
1859,1857,1855
1859,1855,1858
1859,1858,1860
1859,1860,1857
1861,1857,1860
1860,1858,1861
1856,1857,1861
1862,1856,1861
1861,1858,1862
1862,1863,1846
1849,1862,1846
1863,1862,1853
1862,1851,1853
1851,1862,1858
1856,1862,1849
1853,1842,1863
1842,1847,1863
1847,1846,1863
1843,1839,1847
1842,1843,1847
1843,1838,1839
1836,1835,1832
1830,1832,1835
1835,1827,1864
1835,1864,1830
1865,1864,1826
1826,1864,1827
1830,1864,1865
1865,1826,1828
1865,1828,1830
1866,1867,1868
1867,1869,1868
1867,1870,1869
1870,1867,1871
1867,1866,1871
1872,1871,1866
1873,1874,1866
1868,1873,1866
1874,1875,1866
1866,1875,1876
1872,1866,1876
1877,1878,1876
1876,1875,1877
1876,1878,1879
1876,1879,1872
1880,1879,1877
1879,1878,1877
1879,1880,1872
1880,1877,1875
1880,1875,1881
1881,1882,1880
1882,1883,1880
1880,1883,1872
1868,1884,1883
1868,1883,1885
1886,1885,1883
1882,1887,1883
1888,1872,1883
1883,1889,1888
1883,1890,1889
1890,1883,1891
1887,1892,1883
1893,1891,1883
1883,1894,1893
1883,1892,1894
1895,1896,1883
1896,1886,1883
1895,1883,1884
1895,1884,1890
1868,1890,1884
1897,1898,1895
1895,1899,1897
1890,1900,1895
1900,1901,1895
1902,1895,1901
1895,1903,1899
1895,1902,1903
1896,1895,1898
1899,1904,1905
1905,1897,1899
1906,1899,1903
1899,1906,1904
1907,1906,1908
1907,1904,1906
1903,1908,1906
1908,1909,1907
1908,1903,1902
1902,1909,1908
1909,1902,1910
1910,1911,1909
1911,1907,1909
1910,1912,1911
1911,1912,1913
1911,1914,1907
1913,1914,1911
1911,1900,1915
1900,1911,1916
1911,1915,1916
1914,1913,1917
1912,1917,1913
1917,1910,1869
1918,1917,1869
1917,1874,1919
1918,1874,1917
1917,1919,1914
1910,1917,1912
1869,1870,1918
1870,1920,1918
1921,1918,1920
1874,1918,1914
1914,1918,1922
1889,1922,1918
1918,1921,1889
1923,1922,1924
1925,1924,1922
1925,1922,1889
1914,1922,1926
1923,1926,1922
1923,1924,1927
1928,1923,1927
1929,1923,1928
1923,1929,1930
1926,1923,1931
1923,1930,1931
1932,1931,1930
1932,1930,1929
1933,1934,1932
1932,1935,1933
1932,1929,1936
1932,1936,1935
1931,1932,1934
1937,1938,1935
1935,1939,1937
1940,1935,1938
1935,1940,1939
1935,1941,1929
1929,1942,1935
1935,1943,1903
1903,1944,1935
1945,1946,1935
1945,1935,1944
1947,1935,1948
1947,1949,1935
1949,1950,1935
1933,1935,1951
1951,1935,1936
1943,1935,1952
1948,1935,1950
1946,1952,1935
1935,1953,1954
1954,1955,1935
1935,1955,1953
1935,1942,1941
1947,1948,1937
1950,1956,1948
1937,1948,1956
1950,1947,1956
1937,1956,1947
1937,1941,1942
1937,1929,1941
1929,1937,1942
1957,1954,1953
1957,1953,1955
1957,1958,1954
1957,1959,1958
1959,1957,1929
1955,1929,1957
1937,1954,1958
1937,1958,1959
1954,1937,1959
1954,1959,1929
1954,1929,1955
1946,1929,1952
1943,1952,1929
1946,1937,1960
1945,1937,1946
1946,1960,1929
1943,1960,1937
1943,1929,1960
1937,1939,1938
1940,1938,1939
1950,1961,1947
1950,1949,1961
1940,1947,1961
1940,1961,1949
1943,1937,1962
1943,1962,1903
1962,1937,1945
1940,1903,1962
1962,1945,1940
1945,1944,1940
1903,1940,1944
1933,1951,1940
1951,1936,1929
1929,1940,1951
1947,1940,1949
1940,1963,1937
1940,1937,1891
1934,1933,1940
1940,1926,1934
1926,1940,1891
1940,1929,1963
1903,1937,1963
1903,1963,1929
1964,1965,1937
1964,1937,1966
1966,1937,1967
1968,1937,1969
1968,1970,1937
1970,1971,1937
1969,1937,1971
1965,1967,1937
1937,1903,1928
1928,1972,1937
1937,1972,1891
1972,1973,1891
1972,1928,1973
1973,1927,1924
1927,1973,1928
1925,1973,1924
1974,1973,1925
1973,1974,1891
1925,1889,1974
1974,1889,1891
1929,1975,1965
1964,1929,1965
1967,1965,1975
1929,1964,1975
1967,1975,1964
1929,1969,1976
1968,1969,1929
1971,1976,1969
1929,1976,1968
1971,1968,1976
1967,1977,1966
1967,1964,1977
1903,1966,1977
1903,1977,1964
1971,1970,1978
1971,1978,1968
1903,1978,1970
1903,1968,1978
1968,1903,1970
1964,1966,1903
1934,1926,1931
1931,1979,1929
1931,1903,1979
1929,1980,1931
1903,1931,1980
1929,1979,1980
1903,1980,1979
1928,1903,1929
1926,1874,1914
1981,1926,1982
1983,1982,1926
1981,1984,1926
1926,1984,1985
1926,1985,1874
1926,1891,1983
1986,1987,1984
1984,1987,1988
1988,1985,1984
1986,1984,1989
1984,1990,1991
1991,1992,1984
1984,1992,1990
1984,1993,1994
1993,1984,1995
1984,1994,1995
1984,1996,1997
1996,1984,1998
1984,1997,1998
1984,1999,2000
2000,2001,1984
1984,2001,1999
1984,2002,2003
2003,2004,1984
1984,2004,2002
1981,1989,1984
1986,1990,1992
1986,1991,1990
2005,1995,1994
2005,1994,1993
2005,2006,2007
2007,1991,2005
1995,2005,1991
2005,1993,2006
1986,2007,2006
1986,2006,1993
1993,2007,1986
1993,1991,2007
2008,1998,1997
2008,1997,1996
2008,2009,2010
2008,1996,2009
1998,2008,1991
2010,1991,2008
1986,2010,2009
1996,2010,1986
1996,1991,2010
1986,2009,1996
2011,1999,2001
2011,2000,1999
2001,1991,2011
2012,2011,1991
2011,2012,2013
2011,2013,2000
1986,2013,2012
1986,2000,2013
2000,1986,2012
2000,2012,1991
2014,2003,2002
2014,2002,2004
2004,1991,2014
2015,2014,1991
2014,2016,2003
2014,2015,2016
1986,2016,2015
1986,2003,2016
2003,1986,2015
2003,2015,1991
1989,2017,1986
1989,1991,2017
1981,1991,1989
1982,1986,2017
1982,2017,1991
2003,1991,2004
2000,1991,2001
1996,1998,1991
1993,1995,1991
1991,1986,1992
1991,2018,2019
2018,1991,2020
1991,2019,2020
1991,1983,2021
1983,1991,2022
1991,2021,2022
1981,1982,1991
2023,2019,2018
2023,2020,2019
1986,2023,2024
2020,2023,1986
2018,2024,2023
1986,2024,2020
2018,2020,2024
2025,2021,1983
2025,2022,2021
1986,2025,2026
2022,2025,1986
1983,2026,2025
1986,2026,2022
1983,2022,2026
2018,1986,1983
2027,2028,2018
1987,2027,2018
2018,2029,2030
2030,2031,2018
2018,2031,2029
2018,2032,2033
2032,2018,2034
2018,2033,2034
1891,2018,2028
1987,2018,1891
2027,1983,2028
1891,2028,1983
2035,2034,2033
2035,2033,2032
2034,2035,1983
2036,1983,2035
2035,2037,2036
2035,2032,2037
1986,2036,2037
1986,2037,2032
2032,2036,1986
2032,1983,2036
2032,2034,1983
2038,2030,2029
2038,2029,2031
2038,2033,2030
2031,1983,2038
2035,2038,1983
2038,2035,2033
1986,2033,2035
1986,2030,2033
2030,1986,2035
2030,2035,1983
2030,1983,2031
2027,1986,2039
1987,1986,2027
2027,2039,1983
1982,1983,2039
1982,2039,1986
2040,1985,1988
1988,1987,2040
2040,1987,2041
2041,2042,2040
2040,2042,1985
2040,2043,2044
2043,2040,2045
2040,2046,2045
2046,2040,2044
2044,2047,2046
2044,2048,2049
2050,2048,2044
2044,2043,2050
2047,2044,2049
2051,2046,2047
2049,1896,2047
2047,2052,2051
2052,2047,1896
2052,2053,2051
2053,2052,1896
2054,2051,2053
2053,2055,2056
2056,2054,2053
1896,2055,2053
2056,2055,1898
1898,2055,1896
2051,2054,2057
2057,2054,2056
1907,2057,2056
1914,2057,1907
2057,2045,2051
1914,2045,2057
1898,2058,2056
2056,2058,1907
1897,1905,2058
2058,1905,1907
2058,1898,1897
2046,2051,2045
1896,2049,2048
2050,2059,1873
1873,1885,2050
2059,2050,2045
2045,2050,2043
2050,1885,2048
2050,2060,2061
2061,2062,2050
2050,2062,2060
2063,2060,2062
2063,2061,2060
2059,2063,2048
2062,2048,2063
2059,2061,2063
2061,2048,2062
2048,2061,2059
2059,2045,1914
1873,2059,1914
1896,2048,1886
1886,2048,1885
2064,2042,2041
1874,1985,2042
2042,2065,1874
2042,2064,2065
2064,2066,2065
2067,2066,2064
2064,1894,2067
2064,2041,1894
2067,1894,1892
2067,1892,1887
2067,1887,2068
2068,2066,2067
2068,1887,1882
2068,1882,1881
1881,2066,2068
1874,2066,1881
2065,2066,1874
1893,1894,2041
1893,2041,1987
1891,1893,1987
1889,1921,1888
1921,1920,2069
2070,1921,2069
2071,1921,2070
2071,1888,1921
2071,1872,2072
1872,2071,2070
1888,2071,2073
2071,2072,2073
2074,2075,2073
1888,2073,2075
2076,2073,2072
2077,2073,2076
2073,2078,2079
2078,2073,2077
2073,2079,2074
2080,2079,2078
2080,2074,2079
2078,2081,2080
2080,2081,2082
2082,2083,2080
2080,2084,2085
2086,2084,2080
2080,2083,2086
2087,2080,2088
2089,2080,2087
2090,2088,2080
2080,2085,2090
2091,2074,2080
2089,2091,2080
2091,2089,2075
2075,2089,2092
2087,2092,2089
2092,2093,2075
2092,2094,2093
2094,2092,2087
2095,2094,2087
2095,2093,2094
2075,2093,2095
2095,2096,2075
2096,2095,2087
2075,2096,2097
2097,2096,2087
2097,2098,2075
2097,2099,2098
2084,2099,2097
2097,2087,2084
2100,2099,2084
2098,2099,2100
2101,2100,2084
2100,2101,2098
2084,2102,2101
2098,2101,2102
2102,2077,2098
2077,2102,2103
2084,2103,2102
2077,2103,2104
2105,2104,2103
2105,2103,2084
2086,2105,2084
2104,2105,2086
2104,2086,2077
2075,2098,2106
2107,2106,2098
2098,2077,2107
2072,2108,2107
2072,2107,2076
2076,2107,2077
2106,2107,2108
1872,2108,2072
2108,1872,1888
2075,2108,1888
2106,2108,2075
2075,2074,2091
2088,2109,2087
2088,2090,2110
2109,2088,2111
2112,2088,2113
2112,2111,2088
2113,2088,2114
2088,2115,2114
2116,2115,2088
2110,2116,2088
2117,2118,2116
2116,2110,2117
2119,2115,2116
2116,2120,2119
2118,2120,2116
2118,2117,2121
2122,2120,2118
2121,2123,2118
2118,2123,2122
2123,2124,2125
2125,2126,2123
2123,2126,2127
2123,2121,2124
2128,2123,2127
2122,2123,2128
2129,2130,2127
2127,2130,2128
2127,2131,2132
2131,2127,2126
2129,2127,2133
2133,2127,2132
2132,2134,2133
2132,2135,2134
2136,2135,2132
2136,2132,2131
2136,2131,2137
2135,2136,2137
2129,2138,2137
2137,2130,2129
2137,2131,2130
2139,2137,2138
2140,2137,2139
2140,2141,2137
2135,2137,2141
2135,2141,2134
2140,2134,2141
2142,2143,2140
2133,2140,2143
2134,2140,2133
2140,2139,2142
2143,2142,2138
2139,2138,2142
2133,2143,2129
2129,2143,2138
2131,2126,2144
2130,2131,2145
2131,2144,2145
2146,2145,2147
2148,2145,2146
2149,2145,2148
2150,2147,2145
2145,2144,2151
2151,2150,2145
2130,2145,2149
2152,2149,2153
2153,2149,2148
2154,2149,2152
2130,2149,2154
2154,2155,2156
2156,2128,2154
2154,2157,2155
2152,2157,2154
2154,2128,2130
2157,2152,2158
2158,2159,2157
2159,2155,2157
2158,2160,2159
2160,2114,2159
2155,2159,2114
2114,2160,2161
2162,2163,2160
2162,2160,2146
2164,2146,2160
2160,2153,2164
2160,2158,2153
2165,2166,2160
2160,2167,2165
2160,2168,2167
2169,2168,2160
2169,2160,2163
2160,2166,2170
2171,2172,2160
2171,2160,2170
2160,2172,2161
2172,2171,2173
2174,2161,2172
2173,2174,2172
2174,2175,2176
2176,2161,2174
2177,2174,2173
2178,2175,2174
2174,2177,2178
2178,2177,2179
2180,2177,2181
2177,2182,2181
2180,2179,2177
2183,2177,2184
2184,2177,2173
2177,2183,2182
2185,2182,2183
2184,2186,2183
2183,2187,2188
2187,2183,2189
2190,2189,2183
2188,2191,2183
2183,2191,2192
2193,2183,2194
2195,2190,2183
2183,2192,2195
2183,2186,2185
2186,2184,2170
2170,2185,2186
2170,2196,2185
2185,2196,2182
2182,2196,2197
2197,2196,2170
2197,2198,2199
2199,2181,2197
2197,2181,2182
2198,2197,2170
2200,2201,2198
2170,2200,2198
2198,2201,2202
2202,2199,2198
2203,2202,2204
2204,2202,2201
2203,2199,2202
2181,2203,2180
2199,2203,2181
2203,2205,2180
2204,2205,2203
2205,2206,2207
2205,2208,2206
2208,2205,2209
2209,2205,2210
2205,2204,2210
2211,2205,2207
2205,2211,2180
2180,2211,2212
2212,2211,2213
2207,2213,2211
2214,2215,2212
2215,2216,2212
2212,2216,2217
2217,2180,2212
2212,2213,2214
2214,2217,2215
2214,2218,2217
2214,2213,2219
2214,2220,2218
2220,2214,2221
2219,2221,2214
2222,2221,2219
2223,2222,2219
2223,2219,2179
2213,2179,2219
2222,2223,2217
2223,2180,2217
2223,2179,2180
2222,2224,2221
2224,2222,2218
2217,2218,2222
2220,2221,2224
2218,2220,2224
2216,2215,2217
2179,2213,2178
2213,2207,2178
2225,2207,2206
2226,2207,2225
2207,2226,2227
2207,2227,2228
2228,2178,2207
2178,2228,2229
2230,2229,2228
2231,2228,2227
2228,2231,2230
2231,2232,2114
2114,2230,2231
2227,2232,2231
2233,2112,2232
2232,2225,2233
2234,2225,2232
2234,2232,2227
2114,2232,2113
2112,2113,2232
2225,2234,2226
2227,2226,2234
2206,2233,2225
2235,2233,2206
2233,2235,2112
2208,2236,2235
2112,2235,2236
2235,2206,2208
2209,2236,2208
2236,2209,2200
2200,2112,2236
2237,2230,2114
2229,2230,2237
2237,2176,2175
2114,2176,2237
2175,2178,2237
2237,2178,2229
2210,2238,2209
2239,2238,2210
2210,2204,2239
2238,2239,2200
2239,2240,2200
2204,2240,2239
2240,2201,2200
2201,2240,2204
2200,2209,2238
2200,2241,2112
2242,2200,2243
2200,2170,2243
2242,2244,2200
2200,2245,2246
2245,2200,2247
2200,2244,2247
2241,2200,2246
2248,2112,2241
2241,2249,2248
2249,2241,2250
2246,2250,2241
2250,2251,2249
2250,2252,2251
2252,2250,2246
2253,2251,2252
2252,2246,2254
2254,2253,2252
2253,2085,2109
2111,2253,2109
2251,2253,2111
2253,2254,2255
2255,2085,2253
2256,2255,2254
2257,2085,2255
2255,2258,2257
2259,2258,2255
2259,2255,2260
2261,2260,2255
2261,2255,2262
2262,2255,2263
2255,2264,2263
2264,2255,2256
2256,2265,2264
2265,2256,2266
2267,2256,2268
2254,2268,2256
2269,2266,2256
2256,2267,2269
2269,2267,2270
2268,2271,2267
2267,2271,2272
2273,2274,2267
2274,2275,2267
2267,2275,2270
2267,2272,2273
2276,2273,2272
2277,2273,2278
2279,2273,2277
2273,2276,2278
2273,2279,2274
2280,2274,2279
2281,2282,2279
2279,2282,2283
2283,2280,2279
2277,2284,2279
2285,2279,2284
2285,2281,2279
2282,2286,2283
2286,2287,2283
2280,2283,2287
2288,2287,2286
2287,2288,2275
2287,2274,2280
2275,2274,2287
2289,2288,2286
2288,2289,2270
2270,2275,2288
2290,2270,2289
2289,2286,2290
2290,2286,2291
2291,2269,2290
2270,2290,2269
2292,2291,2286
2291,2292,2293
2293,2269,2291
2286,2294,2292
2295,2292,2294
2293,2292,2295
2294,2296,2295
2297,2295,2296
2295,2297,2293
2266,2293,2297
2296,2266,2297
2265,2266,2296
2296,2294,2265
2298,2299,2294
2299,2300,2294
2264,2265,2294
2294,2300,2264
2294,2301,2298
2302,2301,2294
2294,2286,2302
2299,2303,2300
2300,2303,2262
2262,2304,2300
2264,2300,2304
2298,2305,2303
2306,2303,2305
2298,2303,2299
2303,2306,2307
2261,2303,2307
2262,2303,2261
2260,2307,2306
2307,2260,2261
2306,2305,2258
2306,2259,2260
2258,2259,2306
2308,2305,2298
2305,2308,2309
2305,2310,2311
2257,2305,2311
2305,2257,2258
2305,2309,2310
2309,2312,2313
2312,2309,2308
2314,2310,2309
2309,2315,2314
2315,2309,2316
2313,2316,2309
2317,2316,2313
2318,2319,2313
2318,2313,2320
2319,2321,2313
2322,2313,2321
2313,2323,2317
2313,2324,2323
2325,2324,2313
2325,2313,2326
2322,2326,2313
2312,2320,2313
2316,2320,2315
2312,2315,2320
2327,2320,2316
2320,2327,2328
2320,2329,2318
2330,2329,2320
2331,2330,2320
2328,2331,2320
2332,2328,2327
2328,2333,2331
2332,2333,2328
2332,2327,2334
2334,2335,2332
2330,2333,2332
2330,2332,2336
2337,2336,2332
2332,2335,2338
2338,2337,2332
2337,2338,2336
2339,2336,2338
2338,2340,2339
2335,2340,2338
2340,2335,2341
2341,2339,2340
2341,2336,2342
2321,2336,2341
2323,2324,2341
2341,2324,2325
2317,2341,2335
2325,2326,2341
2326,2322,2341
2342,2339,2341
2341,2317,2323
2341,2322,2321
2336,2343,2342
2339,2342,2344
2345,2344,2342
2346,2342,2343
2342,2347,2345
2346,2347,2342
2346,2348,2349
2348,2346,2343
2347,2346,2349
2350,2349,2351
2352,2349,2350
2347,2349,2352
2349,2348,2351
2353,2351,2354
2351,2353,2350
2354,2351,2355
2348,2355,2351
2356,2357,2355
2348,2358,2355
2359,2355,2358
2354,2355,2359
2359,2360,2354
2359,2358,2356
2359,2356,2361
2362,2363,2359
2360,2359,2363
2361,2362,2359
2354,2360,2364
2365,2364,2360
2363,2365,2360
2363,2366,2365
2365,2366,2364
2366,2367,2368
2366,2369,2367
2369,2366,2363
2368,2364,2366
2368,2370,2354
2364,2368,2354
2370,2368,2371
2372,2343,2368
2373,2368,2343
2374,2372,2368
2368,2375,2374
2368,2376,2375
2368,2377,2376
2377,2368,2378
2379,2378,2368
2368,2373,2379
2368,2367,2380
2381,2371,2368
2381,2368,2382
2368,2380,2382
2383,2373,2344
2373,2343,2344
2384,2373,2383
2384,2385,2373
2370,2371,2373
2370,2373,2386
2387,2386,2373
2381,2373,2371
2385,2388,2373
2389,2379,2373
2373,2388,2389
2381,2387,2373
2387,2381,2390
2391,2386,2387
2387,2390,2391
2391,2390,2392
2390,2393,2392
2394,2393,2390
2390,2395,2394
2381,2395,2390
2396,2394,2395
2381,2397,2395
2395,2397,2398
2398,2396,2395
2393,2394,2396
2396,2399,2393
2399,2396,2398
2399,2361,2393
2399,2400,2401
2399,2401,2402
2402,2361,2399
2399,2403,2400
2399,2398,2404
2399,2404,2403
2403,2404,2397
2400,2403,2405
2397,2405,2403
2405,2406,2400
2382,2406,2405
2405,2397,2382
2380,2407,2406
2406,2382,2380
2406,2407,2401
2401,2400,2406
2408,2407,2380
2401,2407,2408
2380,2409,2408
2401,2408,2409
2380,2410,2409
2411,2409,2410
2409,2411,2401
2411,2412,2402
2410,2412,2411
2401,2411,2402
2412,2410,2413
2412,2414,2402
2412,2415,2414
2413,2415,2412
2377,2414,2415
2415,2413,2377
2413,2380,2367
2377,2413,2367
2413,2410,2380
2416,2414,2362
2363,2362,2414
2417,2414,2377
2417,2363,2414
2414,2416,2402
2361,2416,2362
2416,2361,2402
2369,2363,2417
2417,2377,2369
2404,2398,2397
2397,2381,2382
2392,2393,2391
2391,2393,2418
2419,2393,2361
2418,2393,2419
2392,2420,2418
2421,2392,2418
2418,2386,2391
2419,2386,2418
2418,2422,2388
2423,2418,2420
2418,2424,2421
2418,2423,2424
2361,2424,2423
2361,2423,2425
2425,2423,2426
2426,2423,2422
2423,2420,2422
2426,2385,2384
2426,2384,2425
2422,2385,2426
2383,2427,2425
2427,2361,2425
2425,2384,2383
2428,2427,2429
2361,2427,2428
2429,2427,2430
2383,2430,2427
2383,2431,2430
2431,2429,2430
2431,2383,2344
2429,2431,2344
2344,2428,2429
2350,2357,2428
2350,2428,2344
2428,2357,2432
2428,2356,2433
2428,2432,2356
2428,2433,2361
2434,2361,2433
2434,2433,2356
2435,2434,2356
2435,2436,2434
2437,2434,2436
2437,2438,2434
2361,2434,2438
2438,2379,2439
2379,2438,2440
2437,2441,2438
2442,2438,2443
2438,2441,2443
2442,2440,2438
2444,2438,2445
2438,2444,2361
2446,2438,2447
2439,2447,2438
2438,2446,2445
2448,2439,2379
2449,2439,2448
2447,2439,2449
2449,2448,2450
2450,2447,2449
2445,2450,2451
2448,2451,2450
2447,2450,2445
2452,2453,2451
2448,2454,2451
2455,2451,2454
2451,2456,2457
2451,2455,2456
2451,2457,2445
2451,2458,2459
2459,2460,2451
2451,2460,2458
2455,2461,2392
2392,2462,2455
2455,2421,2361
2361,2444,2455
2463,2455,2462
2455,2463,2461
2452,2464,2455
2464,2465,2455
2421,2455,2465
2455,2454,2452
2456,2455,2444
2392,2461,2462
2463,2462,2461
2464,2392,2465
2421,2465,2392
2392,2464,2463
2389,2464,2452
2389,2463,2464
2463,2422,2392
2422,2463,2389
2466,2459,2458
2466,2458,2460
2457,2459,2466
2457,2466,2448
2460,2448,2466
2459,2448,2460
2448,2459,2457
2457,2456,2445
2445,2456,2444
2448,2452,2454
2379,2389,2453
2453,2448,2379
2448,2453,2467
2389,2467,2453
2389,2452,2467
2448,2467,2452
2468,2440,2442
2442,2443,2468
2469,2440,2468
2468,2443,2470
2468,2470,2471
2468,2471,2469
2472,2378,2469
2472,2469,2471
2473,2469,2378
2474,2469,2473
2474,2379,2469
2440,2469,2379
2469,2443,2475
2443,2469,2476
2469,2475,2476
2471,2475,2443
2471,2476,2475
2443,2476,2471
2379,2474,2473
2379,2473,2378
2471,2477,2472
2477,2437,2472
2377,2472,2437
2378,2472,2377
2477,2441,2437
2441,2477,2471
2441,2471,2470
2441,2470,2443
2446,2447,2445
2437,2376,2377
2437,2436,2376
2437,2478,2479
2437,2374,2478
2374,2437,2479
2376,2479,2478
2374,2479,2376
2376,2478,2374
2480,2376,2436
2436,2435,2480
2372,2480,2435
2376,2480,2372
2435,2343,2372
2356,2343,2435
2361,2432,2357
2361,2356,2432
2421,2424,2361
2392,2422,2420
2389,2481,2422
2385,2422,2481
2385,2481,2388
2389,2388,2481
2370,2386,2419
2419,2357,2370
2357,2419,2361
2372,2375,2376
2372,2374,2375
2367,2369,2377
2353,2370,2357
2353,2354,2370
2348,2356,2358
2356,2348,2343
2357,2350,2353
2350,2482,2352
2482,2483,2352
2347,2352,2483
2483,2482,2484
2484,2485,2483
2483,2485,2347
2345,2485,2484
2345,2484,2482
2347,2485,2345
2482,2350,2345
2344,2345,2350
2336,2344,2343
2344,2336,2339
2335,2334,2486
2486,2487,2335
2487,2488,2335
2335,2489,2317
2335,2488,2490
2335,2490,2489
2316,2317,2489
2489,2490,2316
2316,2490,2491
2488,2491,2490
2316,2491,2487
2491,2488,2487
2316,2487,2486
2316,2486,2334
2321,2319,2336
2319,2492,2336
2492,2329,2336
2336,2329,2330
2329,2492,2318
2319,2318,2492
2316,2334,2327
2330,2331,2333
2493,2315,2494
2494,2315,2495
2496,2315,2493
2314,2315,2496
2495,2315,2497
2312,2497,2315
2498,2497,2499
2498,2500,2497
2497,2500,2495
2497,2501,2499
2497,2312,2501
2254,2246,2499
2502,2499,2246
2503,2498,2499
2502,2503,2499
2499,2298,2254
2298,2499,2501
2504,2493,2502
2502,2505,2504
2505,2502,2245
2493,2503,2502
2246,2245,2502
2506,2504,2505
2507,2508,2505
2505,2245,2507
2505,2508,2506
2509,2506,2508
2504,2506,2509
2508,2507,2509
2509,2507,2510
2511,2509,2510
2504,2509,2511
2512,2511,2513
2511,2512,2504
2514,2515,2511
2511,2516,2514
2516,2511,2517
2511,2510,2245
2511,2245,2518
2511,2519,2517
2518,2520,2511
2520,2519,2511
2521,2511,2515
2521,2513,2511
2513,2521,2522
2515,2311,2521
2523,2521,2311
2521,2523,2524
2525,2522,2521
2521,2526,2525
2521,2527,2526
2521,2528,2527
2524,2528,2521
2528,2524,2529
2529,2530,2528
2530,2527,2528
2522,2531,2530
2530,2531,2526
2532,2530,2533
2530,2532,2534
2535,2530,2529
2535,2533,2530
2534,2536,2530
2536,2522,2530
2530,2526,2527
2537,2534,2532
2538,2534,2537
2534,2538,2536
2513,2538,2537
2513,2536,2538
2532,2539,2537
2537,2539,2513
2513,2539,2540
2532,2540,2539
2541,2513,2540
2540,2542,2541
2532,2542,2540
2541,2542,2543
2543,2542,2532
2543,2544,2541
2532,2544,2543
2541,2544,2545
2546,2545,2544
2544,2532,2546
2546,2532,2547
2529,2546,2548
2549,2546,2529
2546,2549,2550
2548,2546,2551
2552,2551,2546
2547,2552,2546
2546,2550,2545
2545,2550,2541
2523,2541,2550
2550,2549,2523
2552,2553,2554
2554,2555,2552
2555,2556,2552
2553,2552,2547
2552,2556,2551
2551,2556,2547
2557,2547,2556
2556,2558,2557
2559,2558,2556
2559,2556,2555
2558,2559,2560
2561,2559,2562
2562,2559,2555
2563,2559,2561
2559,2564,2565
2565,2566,2559
2559,2566,2567
2564,2559,2568
2559,2563,2568
2559,2567,2560
2568,2569,2557
2563,2569,2568
2570,2571,2568
2568,2557,2570
2571,2564,2568
2570,2572,2571
2571,2573,2564
2574,2573,2571
2572,2575,2571
2571,2575,2574
2576,2574,2575
2574,2577,2578
2573,2574,2578
2574,2579,2577
2579,2574,2580
2574,2576,2580
2581,2582,2576
2582,2583,2576
2575,2572,2576
2576,2572,2581
2583,2584,2576
2585,2580,2576
2576,2584,2585
2584,2583,2586
2586,2587,2584
2585,2584,2587
2588,2587,2586
2589,2585,2587
2587,2590,2591
2591,2589,2587
2590,2587,2588
2592,2593,2588
2588,2593,2590
2557,2588,2594
2594,2588,2586
2588,2595,2592
2595,2588,2557
2595,2596,2597
2598,2596,2595
2595,2599,2600
2600,2601,2595
2602,2592,2595
2595,2603,2604
2595,2601,2603
2595,2597,2602
2595,2557,2599
2604,2598,2595
2598,2605,2606
2606,2596,2598
2607,2598,2604
2607,2605,2598
2607,2608,2609
2607,2610,2608
2610,2607,2611
2607,2609,2612
2607,2613,2611
2614,2613,2607
2607,2612,2614
2607,2615,2578
2578,2605,2607
2604,2615,2607
2615,2616,2578
2604,2616,2615
2617,2618,2616
2616,2619,2617
2616,2604,2619
2616,2618,2578
2616,2620,2621
2616,2601,2620
2601,2616,2621
2569,2622,2618
2618,2617,2569
2618,2566,2578
2622,2566,2618
2622,2623,2566
2622,2624,2625
2564,2622,2625
2573,2622,2564
2624,2622,2569
2622,2573,2623
2578,2566,2623
2578,2623,2573
2625,2624,2600
2624,2553,2600
2624,2626,2553
2626,2624,2563
2569,2563,2624
2626,2554,2553
2626,2561,2554
2561,2626,2563
2625,2565,2564
2565,2625,2566
2609,2566,2625
2600,2612,2625
2609,2625,2612
2601,2621,2604
2604,2621,2620
2604,2620,2601
2619,2601,2600
2600,2617,2619
2619,2603,2601
2619,2604,2603
2617,2600,2569
2612,2627,2614
2628,2627,2612
2612,2600,2628
2628,2600,2629
2629,2614,2628
2627,2628,2614
2613,2629,2630
2629,2613,2614
2629,2600,2630
2600,2557,2630
2630,2611,2613
2611,2630,2631
2632,2630,2633
2630,2557,2633
2631,2630,2632
2632,2633,2634
2632,2635,2631
2635,2632,2636
2637,2636,2632
2637,2632,2638
2632,2634,2638
2639,2637,2640
2637,2639,2641
2642,2637,2643
2638,2643,2637
2637,2642,2640
2644,2637,2645
2641,2645,2637
2636,2637,2644
2644,2645,2641
2644,2641,2646
2641,2647,2608
2647,2641,2648
2641,2608,2649
2641,2649,2648
2641,2639,2609
2609,2646,2641
2644,2646,2608
2609,2608,2646
2649,2608,2650
2649,2651,2648
2649,2650,2635
2649,2635,2651
2647,2648,2651
2647,2651,2635
2647,2635,2650
2647,2650,2608
2648,2635,2608
2611,2648,2608
2635,2648,2611
2648,2652,2653
2652,2648,2654
2648,2653,2654
2648,2655,2656
2656,2657,2648
2648,2657,2655
2658,2656,2655
2658,2655,2657
2658,2659,2656
2657,2635,2658
2660,2658,2635
2658,2660,2659
2608,2656,2659
2608,2659,2660
2656,2660,2635
2656,2608,2660
2656,2635,2657
2661,2653,2652
2661,2654,2653
2661,2652,2662
2654,2661,2635
2663,2635,2661
2661,2662,2663
2608,2662,2652
2608,2663,2662
2652,2635,2663
2652,2663,2608
2652,2654,2635
2644,2608,2635
2644,2635,2664
2644,2664,2636
2636,2664,2635
2665,2642,2643
2642,2665,2640
2665,2666,2640
2667,2666,2665
2668,2669,2665
2665,2670,2668
2665,2638,2638
2665,2638,2638
2667,2665,2671
2665,2638,2638
2670,2665,2672
2673,2674,2665
2673,2665,2675
2675,2665,2676
2638,2665,2677
2638,2671,2665
2671,2678,2665
2643,2672,2665
2634,2665,2672
2677,2665,2678
2674,2676,2665
2672,2665,2669
2665,2634,2633
2633,2671,2665
2679,2665,2680
2679,2675,2665
2675,2681,2665
2680,2665,2681
2668,2682,2674
2673,2668,2674
2676,2674,2682
2668,2673,2682
2676,2682,2673
2668,2677,2683
2638,2677,2668
2678,2683,2677
2668,2683,2638
2678,2638,2683
2668,2680,2684
2679,2680,2668
2681,2684,2680
2668,2684,2679
2681,2679,2684
2638,2672,2685
2670,2672,2638
2669,2685,2672
2638,2685,2670
2669,2670,2685
2633,2638,2671
2667,2671,2638
2681,2675,2686
2681,2686,2679
2638,2686,2675
2638,2679,2686
2679,2638,2675
2668,2638,2638
2668,2638,2638
2668,2670,2669
2676,2687,2675
2676,2673,2687
2638,2675,2687
2638,2687,2673
2678,2671,2675
2678,2675,2638
2638,2675,2671
2638,2638,2675
2643,2638,2672
2634,2672,2638
2638,2638,2671
2673,2675,2638
2667,2688,2689
2667,2689,2690
2638,2586,2667
2586,2691,2667
2667,2691,2692
2667,2692,2688
2667,2690,2666
2690,2582,2666
2582,2690,2689
2688,2691,2690
2691,2586,2638
2691,2693,2633
2633,2694,2691
2694,2692,2691
2691,2668,2693
2691,2673,2668
2691,2638,2673
2673,2693,2668
2633,2673,2638
2673,2633,2693
2694,2695,2688
2694,2696,2695
2694,2688,2692
2694,2633,2557
2557,2697,2694
2698,2696,2694
2694,2699,2698
2694,2697,2699
2696,2698,2700
2582,2695,2696
2696,2701,2582
2700,2701,2696
2702,2701,2700
2700,2698,2703
2700,2703,2704
2700,2704,2702
2704,2705,2702
2705,2704,2703
2704,2698,2697
2572,2705,2698
2706,2705,2572
2705,2703,2698
2702,2705,2573
2573,2705,2706
2707,2567,2706
2567,2573,2706
2706,2708,2707
2572,2708,2706
2708,2557,2707
2572,2709,2708
2708,2709,2557
2698,2709,2572
2698,2710,2709
2709,2710,2557
2710,2699,2697
2710,2698,2699
2557,2710,2697
2707,2711,2712
2707,2557,2711
2707,2712,2567
2711,2560,2712
2560,2567,2712
2560,2711,2558
2711,2557,2558
2701,2702,2573
2582,2701,2639
2573,2639,2701
2582,2688,2695
2582,2689,2688
2668,2638,2638
2668,2713,2679
2633,2668,2679
2668,2633,2713
2668,2670,2714
2670,2668,2715
2668,2714,2715
2668,2716,2717
2717,2718,2668
2668,2718,2716
2713,2717,2716
2713,2716,2718
2713,2719,2720
2713,2720,2717
2719,2713,2633
2718,2633,2713
2638,2720,2719
2717,2638,2719
2717,2719,2633
2638,2717,2720
2717,2633,2718
2713,2714,2670
2713,2715,2714
2713,2670,2721
2713,2721,2722
2722,2633,2713
2715,2713,2633
2638,2721,2670
2638,2722,2721
2670,2633,2722
2670,2722,2638
2670,2715,2633
2638,2679,2713
2638,2713,2633
2633,2679,2638
2640,2666,2639
2666,2582,2639
2639,2573,2609
2611,2631,2635
2608,2610,2611
2573,2566,2609
2578,2577,2605
2577,2579,2605
2606,2605,2579
2596,2606,2723
2579,2723,2606
2597,2723,2724
2724,2723,2579
2723,2597,2596
2597,2724,2725
2579,2725,2724
2597,2725,2726
2726,2725,2579
2726,2591,2593
2593,2592,2726
2726,2592,2727
2726,2602,2597
2726,2727,2602
2591,2726,2579
2602,2727,2592
2569,2600,2599
2569,2599,2557
2547,2600,2553
2557,2600,2547
2594,2728,2557
2729,2728,2594
2586,2730,2594
2730,2729,2594
2730,2586,2583
2729,2730,2583
2583,2582,2729
2729,2582,2581
2729,2731,2728
2581,2731,2729
2575,2732,2731
2731,2733,2575
2731,2581,2572
2572,2570,2731
2731,2570,2557
2733,2731,2734
2734,2731,2732
2731,2557,2728
2575,2733,2732
2572,2735,2733
2733,2734,2572
2732,2733,2735
2572,2734,2735
2732,2735,2734
2590,2593,2591
2585,2589,2580
2580,2589,2591
2580,2591,2579
2573,2567,2566
2561,2562,2736
2736,2554,2561
2554,2736,2555
2737,2555,2736
2737,2736,2562
2555,2737,2562
2547,2532,2551
2535,2548,2551
2551,2533,2535
2533,2551,2532
2535,2529,2548
2529,2738,2549
2523,2549,2738
2739,2738,2529
2738,2739,2523
2740,2739,2529
2523,2739,2740
2529,2524,2740
2740,2524,2523
2311,2512,2541
2512,2513,2541
2541,2523,2311
2522,2536,2513
2531,2525,2526
2525,2531,2522
2741,2742,2515
2311,2515,2742
2515,2743,2741
2515,2744,2743
2514,2744,2515
2744,2514,2745
2745,2746,2744
2744,2746,2747
2747,2743,2744
2741,2743,2747
2747,2748,2741
2748,2747,2746
2741,2748,2749
2748,2746,2750
2751,2749,2748
2750,2751,2748
2746,2752,2750
2751,2750,2753
2754,2753,2750
2755,2756,2750
2755,2750,2757
2750,2758,2757
2750,2759,2758
2759,2750,2756
2750,2760,2754
2752,2760,2750
2760,2761,2762
2762,2754,2760
2760,2763,2761
2763,2760,2752
2764,2765,2763
2763,2766,2764
2761,2763,2765
2752,2766,2763
2765,2764,2767
2768,2765,2767
2765,2768,2761
2761,2768,2769
2767,2769,2768
2769,2767,2770
2770,2771,2769
2769,2771,2762
2762,2761,2769
2762,2771,2772
2772,2771,2770
2773,2772,2774
2772,2770,2774
2772,2773,2775
2775,2754,2772
2772,2754,2762
2775,2776,2754
2776,2775,2773
2773,2774,2776
2776,2774,2777
2778,2754,2776
2776,2779,2778
2777,2779,2776
2779,2777,2780
2780,2777,2774
2774,2781,2780
2782,2780,2781
2783,2780,2782
2780,2783,2784
2780,2784,2779
2784,2783,2785
2785,2778,2784
2779,2784,2778
2785,2786,2787
2786,2785,2782
2785,2783,2782
2787,2778,2785
2787,2788,2778
2789,2788,2787
2787,2786,2789
2782,2789,2786
2790,2789,2782
2789,2790,2788
2788,2790,2791
2311,2791,2790
2790,2782,2311
2792,2791,2793
2311,2793,2791
2791,2792,2788
2793,2751,2792
2788,2792,2751
2794,2793,2311
2793,2794,2795
2795,2751,2793
2795,2749,2751
2742,2749,2795
2795,2794,2742
2742,2794,2311
2751,2778,2788
2782,2781,2257
2311,2782,2257
2796,2797,2781
2781,2770,2796
2798,2799,2781
2781,2800,2798
2801,2800,2781
2797,2801,2781
2257,2781,2799
2770,2781,2774
2802,2800,2801
2803,2801,2797
2801,2803,2802
2804,2802,2803
2798,2800,2802
2805,2806,2802
2802,2806,2798
2802,2804,2805
2804,2807,2808
2807,2804,2797
2797,2804,2803
2804,2809,2810
2804,2811,2809
2812,2813,2804
2805,2804,2813
2812,2804,2810
2814,2811,2804
2804,2808,2814
2815,2808,2807
2808,2815,2816
2816,2814,2808
2817,2816,2770
2770,2816,2815
2814,2816,2817
2817,2818,2819
2770,2818,2817
2819,2811,2817
2817,2811,2814
2819,2818,2170
2170,2820,2819
2811,2819,2820
2811,2820,2821
2822,2821,2820
2820,2170,2822
2166,2822,2170
2822,2166,2823
2822,2823,2821
2824,2823,2166
2821,2823,2824
2825,2824,2165
2166,2165,2824
2824,2825,2821
2826,2825,2827
2827,2825,2165
2826,2821,2825
2827,2828,2826
2821,2826,2811
2809,2811,2826
2826,2828,2809
2829,2828,2169
2169,2828,2830
2828,2827,2830
2828,2829,2831
2831,2832,2828
2828,2832,2813
2813,2809,2828
2832,2833,2834
2834,2835,2832
2836,2833,2832
2832,2805,2813
2805,2832,2835
2836,2832,2831
2162,2833,2836
2162,2836,2837
2831,2837,2836
2162,2837,2838
2838,2837,2831
2838,2163,2162
2838,2169,2163
2169,2838,2829
2831,2829,2838
2835,2834,2839
2805,2835,2839
2839,2799,2805
2799,2839,2834
2799,2833,2257
2834,2833,2799
2257,2833,2162
2830,2168,2169
2168,2830,2827
2165,2167,2827
2827,2167,2168
2840,2818,2841
2841,2818,2770
2840,2842,2818
2843,2818,2842
2170,2818,2843
2844,2243,2843
2243,2170,2843
2843,2845,2844
2843,2846,2845
2843,2847,2846
2842,2847,2843
2848,2846,2847
2849,2847,2842
2847,2849,2848
2845,2846,2848
2850,2848,2849
2848,2850,2845
2850,2851,2852
2845,2850,2852
2853,2850,2849
2851,2850,2854
2855,2850,2853
2855,2854,2850
2855,2856,2857
2856,2855,2853
2858,2855,2859
2858,2860,2855
2859,2855,2857
2854,2855,2860
2860,2861,2854
2861,2860,2862
2862,2860,2858
2862,2863,2861
2862,2864,2863
2864,2862,2865
2865,2862,2866
2858,2867,2862
2866,2862,2867
2858,2868,2867
2867,2869,2866
2867,2870,2869
2867,2868,2871
2872,2870,2867
2867,2873,2872
2867,2874,2873
2875,2874,2867
2871,2875,2867
2875,2871,2876
2876,2877,2875
2874,2875,2877
2878,2879,2877
2878,2877,2876
2874,2877,2879
2878,2880,2879
2873,2879,2880
2879,2873,2874
2878,2881,2880
2882,2880,2881
2882,2872,2880
2880,2872,2873
2881,2870,2882
2872,2882,2870
2883,2870,2881
2883,2881,2884
2878,2884,2881
2883,2884,2866
2878,2866,2884
2866,2869,2883
2883,2869,2870
2885,2878,2859
2859,2878,2868
2878,2886,2868
2878,2876,2886
2878,2887,2888
2878,2888,2866
2878,2889,2887
2878,2890,2889
2878,2891,2890
2878,2892,2891
2878,2893,2892
2878,2894,2893
2885,2894,2878
2857,2885,2859
2894,2885,2895
2896,2885,2857
2896,2895,2885
2895,2896,2893
2895,2893,2894
2893,2896,2897
2898,2899,2896
2898,2896,2900
2899,2897,2896
2900,2896,2901
2896,2857,2901
2900,2902,2903
2900,2903,2904
2889,2900,2904
2905,2900,2889
2900,2905,2906
2900,2907,2898
2906,2907,2900
2902,2900,2901
2903,2902,2866
2866,2902,2901
2907,2906,2890
2890,2906,2905
2891,2898,2907
2890,2891,2907
2889,2890,2905
2887,2904,2903
2887,2889,2904
2866,2888,2903
2888,2887,2903
2901,2857,2856
2901,2856,2865
2901,2865,2866
2897,2899,2892
2897,2892,2893
2899,2891,2892
2899,2898,2891
2871,2868,2886
2886,2876,2871
2859,2868,2858
2908,2865,2856
2864,2865,2908
2908,2863,2864
2909,2863,2908
2909,2908,2910
2911,2912,2908
2910,2908,2912
2908,2913,2911
2856,2913,2908
2910,2517,2909
2517,2910,2516
2912,2914,2910
2516,2910,2914
2915,2914,2912
2516,2914,2915
2915,2841,2516
2841,2915,2916
2911,2916,2915
2915,2912,2911
2916,2917,2841
2917,2916,2911
2841,2917,2840
2840,2917,2918
2911,2918,2917
2919,2918,2913
2918,2919,2840
2918,2911,2913
2920,2919,2853
2919,2920,2842
2913,2853,2919
2842,2840,2919
2849,2920,2853
2842,2920,2849
2856,2853,2913
2863,2909,2517
2863,2921,2861
2517,2519,2863
2921,2863,2519
2861,2921,2518
2921,2520,2518
2519,2520,2921
2518,2922,2861
2861,2922,2923
2861,2924,2925
2923,2924,2861
2925,2854,2861
2244,2926,2925
2925,2247,2244
2854,2925,2926
2247,2925,2924
2244,2242,2926
2926,2242,2927
2927,2854,2926
2928,2927,2243
2243,2927,2242
2927,2928,2929
2929,2854,2927
2854,2929,2851
2851,2929,2928
2928,2930,2851
2930,2928,2243
2852,2851,2930
2930,2844,2852
2243,2844,2930
2923,2922,2245
2247,2923,2245
2924,2923,2247
2922,2518,2245
2852,2844,2845
2770,2767,2841
2764,2516,2841
2841,2767,2764
2807,2796,2815
2815,2796,2770
2931,2812,2932
2932,2812,2933
2810,2934,2812
2812,2934,2933
2812,2931,2813
2935,2933,2936
2936,2933,2937
2938,2937,2933
2934,2938,2933
2933,2935,2939
2940,2932,2933
2933,2939,2940
2941,2940,2939
2942,2941,2939
2942,2939,2935
2943,2941,2942
2944,2941,2945
2943,2945,2941
2944,2940,2941
2809,2813,2943
2809,2943,2946
2943,2947,2810
2943,2810,2948
2949,2946,2943
2943,2813,2931
2950,2949,2943
2950,2943,2951
2943,2952,2951
2943,2948,2952
2943,2936,2947
2943,2942,2936
2932,2945,2943
2943,2931,2932
2810,2947,2938
2947,2936,2937
2937,2938,2947
2953,2954,2948
2948,2954,2955
2955,2952,2948
2953,2948,2810
2956,2954,2953
2956,2953,2809
2810,2809,2953
2949,2956,2946
2946,2956,2809
2954,2956,2949
2957,2955,2954
2955,2957,2952
2957,2954,2949
2957,2950,2951
2950,2957,2949
2957,2951,2952
2940,2944,2932
2945,2932,2944
2936,2942,2935
2938,2934,2810
2797,2796,2807
2805,2799,2798
2798,2806,2805
2754,2778,2753
2753,2778,2751
2766,2516,2764
2514,2516,2766
2752,2745,2766
2766,2745,2514
2745,2752,2746
2759,2756,2753
2755,2753,2756
2759,2753,2958
2759,2755,2758
2759,2959,2960
2759,2960,2755
2759,2961,2959
2962,2961,2759
2759,2963,2962
2958,2963,2759
2958,2753,2755
2964,2963,2958
2958,2965,2964
2755,2965,2958
2966,2963,2964
2964,2965,2966
2967,2968,2966
2965,2967,2966
2959,2966,2968
2966,2969,2962
2969,2966,2959
2966,2962,2963
2961,2962,2969
2969,2959,2961
2968,2967,2960
2968,2960,2959
2967,2965,2755
2967,2755,2960
2758,2970,2757
2755,2970,2758
2757,2970,2755
2749,2742,2741
2512,2971,2493
2493,2504,2512
2972,2973,2512
2512,2974,2972
2974,2512,2311
2973,2971,2512
2971,2310,2493
2310,2971,2973
2973,2975,2974
2974,2310,2973
2973,2972,2976
2976,2975,2973
2977,2975,2976
2976,2972,2977
2974,2977,2972
2974,2975,2977
2977,2978,2979
2978,2977,2980
2977,2979,2980
2972,2980,2979
2972,2979,2978
2978,2980,2972
2311,2310,2974
2510,2507,2245
2503,2493,2494
2498,2503,2981
2503,2494,2981
2981,2500,2498
2500,2981,2982
2494,2982,2981
2982,2494,2495
2982,2495,2500
2501,2312,2298
2493,2983,2496
2984,2496,2983
2985,2986,2496
2496,2986,2314
2496,2984,2987
2496,2988,2989
2989,2990,2496
2990,2985,2496
2987,2988,2496
2991,2992,2985
2985,2992,2986
2985,2993,2994
2993,2985,2990
2994,2991,2985
2991,2995,2992
2996,2995,2991
2997,2991,2998
2997,2996,2991
2998,2991,2999
2991,2994,3000
2991,3000,2999
3001,2996,2997
2996,2986,2995
2986,2996,3001
3001,2997,2986
2999,3000,3002
2994,3002,3000
3002,3003,2999
3003,3002,3004
3002,3005,3004
3005,3002,2994
3005,3006,3007
2994,3006,3005
3008,3004,3005
3005,3009,3008
3009,3005,3010
3007,3010,3005
3010,3007,3011
3011,3012,3010
3012,3013,3010
3010,3013,3009
3014,3009,3013
3013,3012,3014
3009,3014,3008
3008,3014,3012
3012,3011,3004
3004,3008,3012
3015,3011,3016
3011,3015,3004
3007,3017,3011
3011,3017,3016
3015,3016,3018
3016,3019,3018
3020,3019,3016
3016,3017,3020
3017,3021,3020
3020,3021,3022
3020,3022,3023
3020,3024,3019
3025,3026,3020
3020,3023,3025
3027,3020,3026
3020,3027,3028
3020,3028,3024
3029,3024,3028
3029,3028,3027
3030,3029,3031
3031,3029,3032
3032,3029,3033
3030,3033,3029
3029,3027,3026
3026,3034,3029
3035,3029,3034
3035,3036,3029
3029,3037,3024
3029,3038,3037
3038,3029,3036
3029,3039,3040
3039,3029,3041
3029,3040,3041
3034,3040,3039
3034,3041,3040
3039,3041,3034
3035,3039,3036
3035,3042,3039
3038,3036,3039
3039,3043,3038
3039,3044,3043
3045,3039,3042
3039,3045,3044
3038,3044,3046
3038,3024,3044
3044,3024,3047
3047,3048,3044
3044,3048,3046
3049,3043,3044
3049,3044,3050
3045,3050,3044
3045,3046,3050
3049,3050,3046
3049,3038,3043
3049,3037,3038
3027,3049,3024
3019,3051,3049
3019,3049,3046
3037,3049,3051
3019,3024,3051
3037,3051,3024
3046,3052,3053
3052,3046,3048
3046,3018,3019
3018,3046,3054
3046,3032,3038
3032,3046,3055
3053,3055,3046
3046,3056,3057
3056,3046,3058
3059,3058,3046
3046,3045,3059
3046,3057,3060
3060,3054,3046
3060,3052,3054
3018,3054,3052
3061,3060,3057
3061,3052,3060
3018,3052,3061
3061,3062,3018
3061,3063,3062
3063,3061,3064
3061,3065,3064
3061,3057,3065
3066,3065,3057
3066,3064,3065
3057,3067,3066
3066,3068,3063
3063,3064,3066
3066,3069,3068
3067,3069,3066
3067,3057,3056
3069,3067,3056
3070,3068,3069
3071,3070,3069
3072,3069,3056
3069,3072,3071
3056,3073,3072
3072,3073,3071
3074,3073,3073
3075,3073,3073
3076,3071,3073
3073,3077,3076
3056,3077,3073
3073,3075,3074
3075,3078,3079
3074,3075,3079
3080,3075,3081
3082,3075,3080
3075,3082,3078
3083,3081,3075
3073,3084,3075
3085,3075,3086
3083,3075,3084
3083,3087,3081
3088,3083,3089
3087,3083,3088
3083,3084,3086
3090,3091,3083
3090,3083,3092
3083,3093,3092
3093,3083,3086
3083,3091,3094
3094,3089,3083
3088,3089,3094
3094,3091,3088
3025,3095,3091
3091,3096,3025
3091,3090,3096
3091,3095,3097
3091,3097,3088
3021,3023,3096
3062,3096,3023
3096,3098,3021
3098,3096,3099
3096,3100,3099
3101,3096,3062
3096,3102,3100
3101,3025,3096
3103,3102,3096
3096,3090,3103
3062,3102,3101
3101,3104,3025
3105,3101,3102
3101,3105,3106
3106,3104,3101
3107,3035,3104
3034,3104,3035
3104,3106,3108
3108,3109,3104
3104,3034,3025
3110,3107,3104
3111,3110,3104
3104,3109,3111
3109,3108,3058
3058,3059,3109
3112,3111,3109
3109,3059,3112
3045,3113,3112
3111,3112,3113
3112,3059,3045
3045,3114,3113
3110,3113,3114
3113,3110,3111
3035,3114,3042
3114,3035,3107
3042,3114,3045
3114,3107,3110
3077,3115,3108
3115,3116,3108
3116,3058,3108
3106,3076,3108
3108,3076,3077
3058,3116,3115
3115,3077,3058
3106,3105,3071
3106,3071,3076
3102,3063,3105
3063,3068,3105
3068,3070,3105
3105,3070,3071
3063,3102,3062
3117,3100,3102
3102,3118,3119
3064,3118,3102
3102,3119,3064
3117,3102,3103
3117,3064,3120
3100,3117,3121
3103,3121,3117
3100,3121,3064
3103,3064,3121
3052,3120,3122
3123,3120,3052
3124,3125,3120
3124,3120,3123
3122,3120,3125
3120,3126,3127
3127,3128,3120
3120,3128,3126
3120,3129,3130
3129,3120,3131
3120,3130,3131
3120,3132,3133
3133,3134,3120
3120,3134,3132
3120,3135,3057
3057,3136,3120
3120,3136,3135
3123,3052,3137
3099,3123,3137
3124,3123,3099
3137,3138,3139
3137,3139,3098
3137,3052,3004
3138,3137,3004
3137,3098,3099
3138,3140,3139
3140,3138,3004
3140,3098,3139
3021,3098,3140
3140,3015,3021
3004,3015,3140
3122,3125,3064
3124,3064,3125
3064,3057,3135
3064,3135,3136
3057,3064,3136
3141,3133,3132
3141,3132,3134
3134,3057,3141
3142,3141,3057
3141,3143,3133
3141,3142,3143
3064,3133,3143
3064,3143,3142
3133,3142,3057
3133,3064,3142
3133,3057,3134
3144,3126,3128
3144,3127,3126
3128,3057,3144
3052,3144,3057
3052,3127,3144
3145,3131,3130
3145,3130,3129
3146,3057,3145
3131,3145,3057
3145,3147,3146
3145,3129,3147
3052,3146,3147
3052,3147,3129
3129,3057,3146
3129,3146,3052
3129,3131,3057
3127,3057,3128
3057,3127,3052
3122,3064,3148
3122,3148,3149
3122,3081,3052
3149,3080,3122
3081,3122,3080
3149,3148,3150
3150,3070,3149
3070,3080,3149
3150,3148,3064
3070,3150,3151
3151,3150,3090
3150,3103,3090
3064,3103,3150
3092,3151,3090
3070,3151,3152
3152,3151,3092
3079,3152,3153
3152,3079,3154
3074,3152,3092
3152,3074,3070
3154,3155,3152
3155,3153,3152
3079,3153,3154
3074,3154,3156
3154,3074,3155
3153,3156,3154
3074,3156,3155
3153,3155,3156
3124,3100,3064
3099,3100,3124
3119,3157,3158
3158,3064,3119
3119,3118,3157
3063,3157,3118
3063,3158,3157
3118,3158,3063
3118,3064,3158
3025,3031,3095
3088,3095,3159
3160,3095,3031
3160,3097,3095
3095,3161,3162
3163,3095,3162
3095,3163,3161
3160,3163,3164
3165,3163,3160
3053,3163,3055
3165,3055,3163
3053,3159,3163
3163,3159,3166
3163,3162,3088
3088,3161,3163
3166,3164,3163
3160,3031,3165
3032,3165,3031
3055,3165,3032
3160,3164,3088
3166,3088,3164
3167,3088,3166
3167,3166,3159
3159,3087,3167
3088,3167,3087
3087,3159,3053
3088,3162,3161
3160,3088,3097
3093,3086,3092
3092,3086,3074
3081,3087,3053
3073,3086,3084
3073,3074,3086
3081,3053,3052
3070,3082,3079
3080,3078,3082
3080,3079,3078
3080,3070,3168
3080,3168,3079
3074,3168,3070
3074,3079,3168
3056,3058,3077
3062,3023,3018
3052,3048,3169
3004,3052,3169
2993,3169,3006
2993,3003,3169
3003,3004,3169
3006,3169,3048
3017,3006,3048
3048,3021,3017
3048,3170,3021
3170,3048,3047
3170,3047,3024
3033,3170,3024
3030,3025,3170
3025,3021,3170
3030,3170,3033
3024,3038,3033
3033,3038,3032
3026,3025,3034
3030,3031,3025
3025,3023,3022
3023,3015,3018
3023,3021,3015
3025,3022,3021
3006,3017,3007
3006,2994,2993
3171,2999,3003
3003,2993,3171
3172,2999,3171
3171,2993,3172
2988,2987,3172
2987,2984,3172
3173,2998,3172
3172,3174,3173
2988,3172,2993
2984,3174,3172
3172,2998,2999
3173,3174,3175
2983,3175,3174
2983,3174,2984
2983,3173,3175
3173,3176,2998
3176,3173,2983
2998,3176,3177
2983,3177,3176
2998,3177,3178
2986,3178,3177
3177,2983,2986
2998,3178,2997
2997,3178,2986
2995,2986,2992
2993,2990,2989
2993,2989,2988
2986,2983,2314
2983,2493,2314
2314,2493,2310
2298,2312,2308
2263,2304,2262
2304,2263,2264
3179,3180,2302
2302,3180,3181
2302,2286,3179
2302,3182,2301
3182,2302,3181
3183,3181,3184
3182,3181,3183
3185,3184,3181
3181,3180,3185
3186,3184,3185
3185,3180,3187
3187,3188,3185
3185,3188,3186
3188,3189,3190
3190,3183,3188
3188,2271,2268
3188,2268,3189
3191,2271,3188
3183,3186,3188
3191,3188,3187
3192,3191,3187
3192,3193,3191
3193,3194,3191
2271,3191,3194
3194,3195,3196
2271,3194,3196
3195,3194,3197
3198,3197,3194
3194,3199,3198
3199,3194,3193
3200,3198,3199
3199,3201,3200
3201,3199,3202
3202,3199,3193
3193,3203,3202
3202,3204,3201
3205,3202,3203
3206,3202,3207
3207,3202,3208
3208,3202,3209
3204,3202,3210
3211,3202,3212
3212,3202,3206
3202,3211,3210
3202,3205,3209
3213,3209,3205
3205,3214,3215
3214,3205,3203
3213,3205,3216
3205,3215,3216
3216,3215,3214
3213,3216,3217
3216,3218,3209
3219,3217,3216
3216,3220,3221
3214,3222,3216
3216,3223,3224
3223,3216,3225
3216,3224,3225
3219,3216,3222
3226,3208,3219
3219,3214,3226
3219,3209,3217
3209,3219,3208
3221,3214,3219
3219,3222,3221
3226,3227,3228
3227,3226,3203
3214,3203,3226
3226,3228,3208
3229,3230,3228
2282,3228,3230
3228,3227,3229
3228,2282,3208
3193,3179,3229
3229,3227,3193
3231,3230,3229
3229,3179,3232
3232,3231,3229
3233,3232,3179
3232,3234,3231
3233,3235,3232
3234,3232,3236
3232,3235,3237
3232,3238,3236
3237,3238,3232
3237,3239,3240
3240,3238,3237
3237,3241,3242
3241,3237,3235
3239,3237,3243
3243,3237,3242
3242,3244,3245
3244,3242,3241
3242,3245,3246
3242,3246,3247
3242,3247,3243
3240,3239,3247
3247,3248,3240
3249,3248,3247
3239,3243,3247
3235,3247,3246
3250,3249,3247
3250,3247,3235
3251,3249,3250
3250,3233,3251
3250,3235,3233
3251,3179,3252
3252,3231,3251
3251,3233,3179
3251,3231,3234
3234,3249,3251
3231,3252,3230
3230,3252,2282
3252,3179,2286
2286,2282,3252
3248,3249,3234
3234,3236,3248
3248,3236,3240
3245,3244,3253
3246,3245,3254
3254,3245,3255
3255,3245,3256
3245,3257,3256
3245,3253,3257
3258,3253,3244
3253,3259,3260
3260,3261,3253
3261,3257,3253
3262,3253,3258
3253,3262,3259
3263,3259,3262
3264,3259,3263
3264,3265,3259
3265,3266,3259
3259,3266,3260
3266,3267,3260
3266,3265,3268
3268,3269,3266
3269,3270,3266
3266,3270,3267
3270,3262,3271
3267,3270,3271
3263,3262,3270
3269,3263,3270
3272,3255,3271
3255,3256,3271
3271,3256,3267
3271,3262,3258
3258,3272,3271
3246,3272,3235
3254,3272,3246
3255,3272,3254
3241,3272,3258
3272,3241,3235
3260,3267,3261
3267,3256,3261
3263,3269,3273
3269,3268,3274
3273,3269,3275
3275,3269,3276
3269,3277,3278
3277,3269,3274
3276,3269,3279
3280,3279,3269
3269,3278,3280
3281,3280,3282
3280,3278,3282
3280,3281,3279
3283,3281,3284
3281,3285,3284
3285,3281,3282
3286,3281,3283
3286,3279,3281
3287,3286,3283
3283,3288,3287
3289,3288,3283
3290,3289,3283
3283,3284,3291
3291,3290,3283
3290,3291,3292
3290,3293,3289
3293,3290,3294
3295,3294,3290
3292,3295,3290
3294,3295,3296
3297,3296,3295
3292,3297,3295
3298,3296,3297
3292,3298,3297
3299,3296,3298
3300,3299,3298
3292,3300,3298
3301,3299,3300
3300,3291,3301
3300,3292,3291
3296,3299,3301
3296,3301,3285
3301,3284,3285
3284,3301,3291
3296,3285,3293
3294,3296,3293
3285,3302,3293
3302,3289,3293
3302,3285,3278
3289,3302,3278
3289,3278,3288
3303,3304,3288
3304,3287,3288
3277,3288,3278
3277,3303,3288
3304,3303,3265
3303,3274,3265
3274,3303,3277
3287,3304,3275
3273,3275,3304
3304,3265,3305
3304,3305,3273
3264,3263,3305
3273,3305,3263
3264,3305,3265
3286,3287,3276
3275,3276,3287
3276,3279,3286
3282,3278,3285
3268,3265,3274
3244,3241,3258
3261,3256,3257
3236,3238,3240
3203,3193,3227
3214,3221,3222
3213,3225,3224
3213,3224,3223
3223,3225,3213
3213,3217,3209
3212,3306,3211
3211,3307,3210
3308,3211,3306
3307,3211,3309
3309,3211,3310
3310,3211,3311
3211,3308,3311
3312,3311,3308
3313,3311,3312
3311,3313,3310
3312,3308,3314
3312,3315,3313
3314,3315,3312
3316,3317,3314
3314,3317,3315
3318,3319,3314
3314,3308,3318
3319,3320,3314
3320,3321,3314
3321,3316,3314
3316,3322,3323
3323,3317,3316
3322,3316,3324
3316,3325,3326
3321,3325,3316
3326,3324,3316
3327,3328,3324
3324,3328,3329
3324,3329,3322
3330,3324,3325
3326,3325,3324
3330,3331,3324
3324,3331,3327
3330,3327,3331
3327,3330,3325
3325,3328,3327
3329,3328,3332
3329,3332,3322
3322,3332,3323
3323,3332,3333
3333,3332,3334
3328,3335,3332
3332,3335,3336
3334,3332,3337
3337,3332,3336
3334,3336,3338
3334,3339,3336
3340,3336,3339
3341,3338,3336
3340,3341,3336
3336,3335,3337
3340,3334,3342
3340,3343,3334
3335,3340,3344
3335,3345,3340
3346,3340,3347
3340,3346,3343
3337,3348,3340
3340,3342,3337
3339,3349,3340
3341,3340,3350
3350,3340,3349
3345,3351,3340
3351,3344,3340
3348,3347,3340
3339,3337,3349
3350,3349,3337
3351,3341,3344
3341,3351,3337
3345,3337,3351
3348,3343,3347
3346,3347,3343
3348,3342,3334
3343,3348,3334
3348,3337,3342
3335,3344,3341
3335,3346,3345
3345,3346,3352
3345,3352,3337
3334,3352,3346
3334,3337,3352
3341,3350,3346
3337,3346,3350
3335,3334,3346
3346,3338,3341
3338,3346,3353
3337,3353,3346
3338,3353,3334
3353,3354,3334
3353,3337,3354
3339,3334,3354
3339,3354,3337
3337,3335,3341
3334,3335,3333
3335,3328,3321
2187,3333,3335
3321,2187,3335
3333,3355,3323
3356,3333,3357
3357,3333,2187
3358,3359,3333
3355,3333,3359
3333,3356,3360
3333,3360,3358
3355,3361,3323
3361,3355,3362
3362,3355,3363
3363,3355,3359
3364,3363,3359
3365,3363,3366
3366,3363,3364
3362,3363,3365
3365,3367,3368
3368,3362,3365
3365,3366,3367
3369,3365,3364
3365,3370,3364
3371,3365,3369
3371,3372,3365
3373,3365,3372
3370,3365,3374
3365,3373,3375
3365,3375,3376
3374,3365,3377
3378,3377,3365
3365,3379,3380
3380,3381,3365
3365,3381,3379
3376,3378,3365
3378,3382,3364
3378,3376,3382
3378,3370,3377
3370,3378,3364
3375,3382,3376
3375,3364,3382
3376,3368,3373
3376,3383,3366
3376,3364,3383
3384,3385,3376
3359,3376,3385
3366,3386,3376
3364,3376,3386
3387,3384,3376
3359,3387,3376
3387,3366,3384
3366,3387,3373
3359,3373,3387
3364,3384,3366
3384,3364,3385
3366,3383,3386
3364,3386,3383
3359,3385,3364
3388,3379,3381
3388,3380,3379
3381,3368,3388
3366,3388,3368
3366,3380,3388
3380,3368,3381
3368,3380,3366
3377,3389,3374
3377,3370,3389
3366,3389,3370
3366,3374,3389
3370,3374,3366
3367,3373,3390
3367,3390,3368
3373,3367,3366
3391,3368,3390
3391,3390,3373
3392,3319,3391
3393,3391,3319
3391,3394,3392
3391,3359,3394
3359,3391,3373
3391,3393,3395
3396,3397,3391
3391,3397,3362
3391,3395,3396
3391,3398,3368
3391,3371,3398
3371,3391,3362
3362,3368,3398
3362,3398,3371
3393,3396,3395
3393,3397,3396
3397,3393,3399
3397,3399,3400
3400,3401,3397
3362,3397,3401
3362,3401,3361
3361,3401,3402
3401,3403,3402
3404,3401,3400
3405,3403,3401
3406,3401,3404
3405,3401,3407
3401,3406,3407
3407,3408,3405
3407,3406,3408
3408,3404,3405
3408,3406,3404
3409,3405,3404
3405,3409,3403
3404,3410,3409
3411,3403,3409
3409,3412,3413
3410,3412,3409
3413,3411,3409
3308,3412,3410
3308,3410,3318
3318,3410,3399
3410,3404,3399
3402,3403,3411
3411,3414,3415
3413,3414,3411
3411,3415,3416
3416,3402,3411
3415,3417,3416
3416,3417,3414
3416,3414,3402
3417,3415,3414
3418,3414,3412
3414,3413,3412
3402,3414,3418
3418,3308,3419
3419,3361,3418
3418,3412,3308
3402,3418,3361
3306,3419,3308
3419,3306,3420
3361,3419,3421
3421,3419,3422
3422,3419,3420
3323,3422,3423
3420,3423,3422
3323,3424,3422
3422,3424,3421
3424,3323,3361
3361,3421,3424
3423,3425,3426
3423,3426,3427
3428,3429,3423
3425,3423,3429
3428,3423,3420
3317,3323,3423
3423,3430,3317
3427,3430,3423
3427,3431,3430
3432,3431,3427
3427,3433,3432
3433,3427,3426
3432,3433,3434
3426,3434,3433
3434,3426,3425
3435,3434,3425
3434,3435,3432
3425,3436,3435
3435,3436,3432
3436,3437,3438
3439,3436,3438
3432,3436,3440
3441,3440,3436
3437,3436,3425
3441,3436,2285
3436,3439,2285
2285,3439,2281
2281,3439,3442
3442,3439,3443
3439,3438,3443
3443,3444,3442
3445,3444,3443
3443,3438,3445
3445,3446,3444
3445,3438,3447
3447,3446,3445
3437,3447,3438
3448,3446,3447
3447,3437,3448
3449,3450,3448
3448,3437,3449
3448,3450,3206
3446,3448,3206
3450,3449,3451
3450,3452,3206
3451,3452,3450
3453,3451,3437
3437,3451,3449
3451,3453,3452
3454,3452,3453
3437,3429,3453
3455,3453,3429
3453,3455,3454
3306,3452,3454
3454,3456,3306
3456,3454,3455
3306,3456,3457
3455,3458,3456
3457,3456,3458
3428,3306,3457
3457,3429,3428
3458,3429,3457
3429,3458,3455
3452,3306,3206
3442,3444,3446
3207,3446,3206
3446,3207,3442
3442,3207,2281
3441,3459,3460
3459,3441,3461
2285,3461,3441
3460,3440,3441
3432,3460,3431
3431,3460,3459
3440,3460,3432
3461,3197,3459
3462,3197,3461
3463,3462,3461
3461,2285,3463
3463,3464,3465
3464,3463,2285
3466,3462,3463
3463,3465,3467
3463,3467,3468
3463,3469,3466
3463,3468,3469
3464,3468,3467
3464,3470,3468
3462,3469,3468
3468,3471,3462
3468,3470,3472
3468,3473,3465
3468,3474,3466
3472,3471,3468
3472,3475,3197
3475,3472,3464
3197,3462,3472
3464,3472,3470
3472,3462,3471
2285,3475,3464
3197,3475,3195
3475,2284,3195
2284,3475,2285
3462,3466,3469
3464,3467,3465
3197,3431,3459
3429,3437,3425
3476,3477,3431
3200,3476,3431
3478,3431,3479
3479,3431,3480
3431,3477,3480
3431,3478,3481
3431,3481,3482
3431,3482,3430
3198,3431,3197
3198,3200,3431
3481,3483,3482
3484,3430,3482
3485,3482,3486
3486,3482,3483
3482,3485,3484
3310,3484,3309
3309,3484,3485
3310,3430,3484
3486,3307,3485
3485,3307,3309
3487,3210,3483
3483,3481,3487
3483,3210,3486
3487,3481,3478
3210,3487,3488
3478,3488,3487
3204,3488,3479
3479,3488,3478
3210,3488,3204
3307,3486,3210
3489,3490,3477
3477,3476,3489
3480,3477,3490
3204,3490,3489
3490,3204,3480
3489,3491,3204
3492,3491,3489
3489,3476,3492
3491,3492,3200
3200,3201,3491
3201,3204,3491
3492,3476,3200
3480,3204,3479
3430,3310,3317
3420,3306,3428
3399,3404,3400
3318,3399,3393
3319,3318,3393
3392,3394,3320
3320,3394,3357
3359,3357,3394
3394,3493,3494
3394,3495,3493
3495,3394,3496
3496,3394,3497
3497,3394,3498
3498,3394,3499
3494,3499,3394
3494,3495,3500
3494,3501,3495
3392,3494,3493
3494,3392,3499
3494,3496,3502
3494,3500,3496
3494,3503,3501
3503,3494,3502
3503,3495,3504
3503,3497,3495
3392,3505,3503
3392,3503,3506
3500,3501,3503
3500,3503,3507
3508,3509,3503
3503,3498,3508
3503,3510,3497
3506,3503,3511
3512,3503,3502
3513,3514,3503
3514,3498,3503
3503,3512,3513
3515,3507,3503
3515,3503,3509
3503,3504,3496
3505,3511,3503
3503,3496,3510
3510,3504,3495
3495,3497,3510
3510,3496,3504
3392,3495,3505
3496,3505,3495
3505,3496,3511
3506,3511,3496
3515,3509,3497
3508,3497,3509
3508,3496,3515
3508,3515,3497
3515,3496,3507
3500,3507,3496
3516,3513,3517
3517,3513,3498
3513,3512,3498
3514,3513,3516
3517,3514,3516
3498,3514,3517
3498,3512,3502
3392,3506,3497
3496,3497,3506
3496,3508,3498
3498,3502,3496
3500,3495,3501
3498,3499,3392
3498,3392,3497
3392,3493,3495
3320,3319,3392
3364,3375,3373
3372,3518,3373
3364,3373,3369
3369,3373,3371
3371,3373,3518
3372,3368,3518
3371,3518,3368
3371,3368,3372
3360,3519,3520
3519,3360,3356
3360,3520,3358
3521,3520,3519
3521,3358,3520
3519,3522,3521
3359,3521,3522
3359,3358,3521
3519,3359,3522
3356,3522,3358
3523,3524,3522
3523,3522,3525
3526,3525,3522
3522,3527,3528
3527,3522,3529
3522,3528,3529
3522,3530,3357
3522,3531,3530
3522,3532,3531
3533,3526,3522
3522,3357,3533
3532,3522,3524
3532,3524,3527
3523,3527,3524
3532,3527,3534
3532,3534,3519
3519,3531,3532
3523,3534,3527
3523,3519,3534
3526,3358,3525
3533,3356,3526
3526,3356,3535
3526,3535,3358
3533,3535,3356
3533,3358,3535
3358,3533,3357
3531,3519,3536
3357,3531,3527
3531,3356,3527
3531,3537,3356
3531,3357,3537
3538,3531,3539
3359,3531,3538
3536,3540,3531
3541,3542,3531
3531,3543,3541
3544,3543,3531
3542,3530,3531
3545,3544,3531
3540,3545,3531
3546,3539,3531
3359,3546,3531
3546,3527,3547
3546,3547,3519
3546,3519,3539
3359,3527,3546
3359,3519,3547
3359,3547,3527
3538,3539,3519
3548,3545,3540
3540,3536,3549
3549,3550,3540
3540,3551,3548
3540,3550,3551
3550,3552,3553
3550,3553,3554
3552,3550,3549
3555,3548,3550
3548,3551,3550
3550,3554,3555
3541,3554,3556
3554,3541,3543
3555,3554,3543
3556,3554,3553
3556,3542,3541
3557,3542,3556
3556,3558,3557
3553,3558,3556
3558,3559,3560
3560,3561,3558
3561,3557,3558
3553,3559,3558
3559,3562,3563
3563,3560,3559
3562,3559,3553
3564,3563,3562
3562,3565,3564
3552,3565,3562
3553,3552,3562
3564,3565,3566
3566,3565,3552
3566,3567,3564
3568,3567,3566
3566,3552,3568
3358,3567,3568
3569,3570,3568
3358,3568,3570
3568,3552,3569
3571,3570,3569
3569,3552,3571
3571,3572,3519
3519,3358,3571
3358,3570,3571
3571,3552,3572
3519,3572,3573
3552,3573,3572
3519,3573,3574
3549,3574,3573
3549,3573,3552
3519,3574,3536
3549,3536,3574
3358,3564,3567
3563,3564,3358
3560,3563,3357
3358,3357,3563
3557,3561,3357
3561,3560,3357
3542,3557,3357
3548,3555,3544
3543,3544,3555
3544,3545,3548
3542,3357,3530
3519,3357,3538
3359,3538,3357
3527,3356,3537
3527,3537,3357
3519,3529,3528
3519,3528,3527
3527,3529,3519
3523,3525,3358
3358,3519,3523
3356,3357,3519
3320,3357,2187
3328,3325,3321
3575,3321,3320
2195,2187,3321
2195,3321,2191
3321,3576,2191
3321,3575,3576
2192,3576,3575
3575,2195,2192
2193,3577,3575
2195,3575,3577
3575,3578,2193
3578,3575,3579
3320,3579,3575
2191,2194,3575
3578,3579,2194
3320,2194,3579
3320,2193,3578
3320,3578,2194
3577,2193,2188
2188,2195,3577
3577,3580,3581
3580,3577,3582
3577,3581,3582
2188,3582,3581
2188,3581,3580
3580,3582,2188
2192,2191,3576
3320,2187,2193
3317,3313,3315
3313,3317,3310
3206,3306,3212
3207,3208,2282
2282,2281,3207
3195,2284,3583
3195,3583,3196
3583,2277,3196
2284,2277,3583
3584,2272,3196
3196,2272,2271
3585,3196,2277
3196,3585,3584
3585,3586,3584
3587,3586,3585
3587,3585,3588
3589,3588,3585
3589,3585,2277
2278,3589,2277
3590,3589,2278
3589,3590,3588
3591,3588,3590
3592,3591,3590
2278,2276,3590
3590,2276,3592
3584,3592,2276
3592,3584,3593
3594,3591,3592
3592,3593,3594
3591,3594,3595
3595,3594,3596
3594,3593,3596
3596,3597,3598
3593,3597,3596
3596,3599,3595
3598,3599,3596
3600,3595,3599
3599,3601,3600
3599,3598,3601
3600,3586,3595
3602,3600,3601
3586,3600,3603
3602,3603,3600
3603,3602,3604
3605,3603,3604
3603,3605,3586
3606,3605,3604
3605,3607,3608
3607,3605,3609
3609,3605,3610
3611,3605,3612
3612,3605,3606
3605,3608,3586
3610,3605,3613
3605,3611,3613
3614,3586,3608
3614,3608,3615
3615,3608,3607
3616,3602,3615
3615,3602,3614
3607,3617,3615
3615,3617,3616
3616,3618,3619
3616,3617,3618
3604,3616,3606
3606,3616,3612
3612,3616,3611
3611,3616,3620
3616,3621,3620
3616,3619,3621
3604,3602,3616
3610,3619,3618
3619,3622,3621
3619,3610,3622
3622,3610,3623
3623,3621,3622
3623,3620,3621
3624,3620,3623
3625,3624,3623
3626,3627,3623
3626,3623,3610
3623,3627,3625
3624,3625,3628
3629,3628,3625
3626,3630,3625
3625,3630,3629
3627,3626,3625
3631,3628,3629
3630,3632,3629
3632,3631,3629
3633,3634,3631
3634,3635,3631
3631,3635,3628
3633,3631,3632
3630,3636,3633
3633,3632,3630
3637,3633,3636
3634,3633,3638
3633,3637,3638
3639,3638,3637
3640,3638,3641
3639,3641,3638
3642,3638,3640
3642,3634,3638
3639,3643,3644
3637,3643,3639
3641,3639,3645
3639,3644,3645
3646,3647,3645
3646,3645,3644
3645,3647,3641
3648,3647,3649
3650,3647,3648
3647,3651,3652
3652,3649,3647
3653,3654,3647
3647,3646,3653
3654,3651,3647
3655,3641,3647
3655,3647,3650
3656,3640,3650
3650,3640,3655
3650,3657,3656
3650,3658,3657
3658,3650,3659
3660,3659,3650
3660,3650,3648
3636,3661,3657
3661,3656,3657
3636,3657,3643
3643,3657,3658
3661,3630,3662
3661,3662,3624
3630,3661,3636
3661,3642,3656
3642,3661,3635
3624,3635,3661
3613,3662,3630
3613,3624,3662
3644,3659,3660
3663,3644,3660
3648,3649,3660
3660,3664,3663
3660,3649,3664
3663,3646,3644
3665,3663,3664
3646,3663,3666
3663,3665,3666
3666,3667,3646
3665,3668,3666
3668,3667,3666
3667,3653,3646
3669,3654,3667
3669,3667,3668
3653,3667,3654
3670,3654,3669
3670,3669,3665
3665,3669,3668
3654,3670,3665
3651,3654,3665
3664,3651,3665
3651,3664,3652
3649,3652,3664
3658,3659,3644
3643,3658,3644
3656,3642,3640
3640,3641,3655
3643,3637,3636
3635,3634,3642
3624,3628,3635
3626,3613,3630
3626,3610,3613
3613,3620,3624
3611,3620,3613
3618,3609,3610
3617,3609,3618
3617,3607,3609
3598,3586,3614
3598,3614,3602
3601,3598,3602
3598,3597,3584
3584,3586,3598
3584,3597,3593
3587,3591,3595
3587,3595,3586
3588,3591,3587
2272,3584,2276
3180,3193,3192
3179,3193,3180
3187,3180,3192
3671,3189,2254
2254,3189,2268
3672,3189,3671
3673,3189,3672
3189,3673,3190
3672,3674,3673
3190,3673,3674
3674,3182,3190
2301,3182,3674
3674,3672,2301
3671,2301,3672
3671,3675,3676
2254,3675,3671
3676,2301,3671
3677,3676,3675
3676,2298,2301
2298,3676,3678
3676,3677,3678
2298,3678,3679
3678,3680,3679
3680,3678,3681
3681,3678,3677
2298,3679,3682
3682,3679,3683
3683,3679,3680
3683,3684,3682
3684,3683,3685
3680,3685,3683
3684,3685,2254
2254,3685,3681
3681,3685,3680
2298,3682,3684
3684,2254,2298
3677,2254,3681
3675,2254,3677
3183,3190,3182
3184,3186,3183
2293,2266,2269
3686,2110,2257
2257,2110,2090
2257,3687,3686
2162,3687,2257
2090,2085,2257
3686,3687,3688
3687,3689,3688
3689,3687,2162
3690,3688,3689
2162,3691,3689
3689,3691,2151
2151,3692,3689
3689,3692,3690
3692,2151,2144
3690,3692,2144
3693,3688,3690
3690,2126,3693
2144,2126,3690
3688,3693,3686
3686,3693,3694
3695,3694,3693
3693,2126,3695
3694,3695,2125
2126,2125,3695
2110,3686,3694
3694,3696,2110
2125,3696,3694
2110,3696,3697
2124,3697,3696
3696,2125,2124
3697,2117,2110
2117,3697,2124
2162,3698,3691
3691,3698,2150
2150,2151,3691
3699,3698,2162
3698,3699,2147
2147,2150,3698
2146,3699,2162
2147,3699,2146
2111,2249,2251
2248,2249,2111
2111,2112,2248
2190,2193,2189
2193,2190,2188
2195,2188,2190
2191,2187,2195
2187,2189,2193
2188,2187,2191
2173,2171,2184
2170,2184,2171
2161,2176,2114
2146,2164,2148
2148,2164,2153
2153,2158,2152
2156,2155,2114
2114,3700,2156
2156,3700,2119
2128,2156,3701
2119,3701,2156
2128,3701,2122
2119,2122,3701
2115,2119,3700
3700,2114,2115
2124,2121,2117
2119,2120,2122
2109,2085,2084
2109,2084,2087
2086,2083,2077
2077,2083,2082
2081,3702,2082
2077,2082,3702
3702,2081,2078
2077,3702,2078
2070,3703,1872
3703,2070,2069
2069,3704,3703
1872,3703,3705
3705,3703,3706
3706,3703,3704
3704,2069,3705
3705,3707,3704
3704,3707,3706
3706,3707,3705
3705,2069,1871
3705,1871,1872
1920,1871,2069
1871,1920,1870
1873,1914,1919
1873,1919,1874
1910,1916,1915
1910,1915,1900
1900,1916,1910
1890,1910,3708
1890,1869,1910
1901,3708,1910
1901,1910,1902
1890,3708,1900
1901,1900,3708
1905,1904,1907
1891,1889,1890
1890,1868,1869
1885,1873,1868
1875,1874,1881
3709,3710,3711
3709,3712,3713
3713,3714,3709
3714,3715,3709
3709,3716,3717
3716,3709,3718
3709,3717,3718
3709,3719,3712
3720,3721,3709
3720,3709,3722
3721,3722,3709
3723,3724,3709
3723,3709,3725
3725,3709,3724
3709,3726,3727
3726,3709,3728
3709,3727,3728
3719,3709,3729
3715,3729,3709
3709,3730,3731
3731,3732,3709
3709,3732,3730
3733,3731,3730
3733,3730,3732
3716,3731,3733
3716,3733,3719
3732,3719,3733
3731,3719,3732
3719,3731,3716
3725,3724,3716
3723,3716,3724
3715,3714,3734
3715,3712,3729
3712,3715,3713
3715,3734,3713
3734,3735,3736
3736,3713,3734
3734,3714,3735
3710,3735,3714
3710,3736,3735
3714,3713,3736
3714,3736,3710
3719,3729,3712
3710,3719,3737
3719,3710,3720
3711,3737,3719
3719,3721,3711
3719,3713,3738
3719,3739,3713
3719,3738,3739
3721,3719,3722
3720,3722,3719
3710,3737,3713
3711,3713,3737
3738,3740,3741
3740,3738,3713
3738,3741,3739
3742,3739,3741
3742,3741,3740
3743,3742,3744
3740,3739,3742
3745,3746,3744
3747,3745,3744
3744,3746,3748
3744,3748,3747
3747,3749,3750
3749,3747,3751
3747,3750,3752
3747,3746,3753
3746,3747,3754
3754,3747,3755
3747,3756,3755
3752,3751,3747
3745,3747,3748
3757,3758,3747
3747,3759,3757
3759,3747,3760
3756,3747,3761
3753,3761,3747
3760,3747,3758
3762,3763,3752
3762,3752,3749
3749,3752,3763
3764,3752,3750
3765,3752,3766
3752,3767,3768
3768,3769,3752
3770,3752,3769
3751,3752,3764
3752,3755,3771
3755,3752,3772
3752,3771,3772
3773,3752,3774
3773,3775,3752
3774,3752,3775
3776,3777,3752
3752,3759,3776
3759,3752,3778
3770,3779,3752
3778,3752,3777
3752,3780,3781
3781,3782,3752
3752,3782,3780
3767,3752,3779
3767,3779,3773
3770,3773,3779
3766,3768,3767
3766,3767,3773
3783,3781,3780
3783,3780,3782
3783,3784,3781
3783,3785,3784
3785,3783,3766
3782,3766,3783
3765,3781,3784
3765,3784,3785
3781,3765,3785
3781,3785,3766
3781,3766,3782
3774,3775,3768
3768,3765,3774
3774,3765,3786
3774,3786,3773
3787,3786,3765
3787,3773,3786
3765,3768,3787
3775,3787,3768
3775,3773,3787
3778,3777,3755
3776,3755,3777
3778,3765,3788
3778,3788,3759
3755,3765,3778
3776,3788,3765
3776,3759,3788
3770,3769,3766
3770,3789,3765
3770,3766,3789
3773,3770,3765
3773,3765,3789
3773,3789,3766
3790,3772,3771
3790,3771,3755
3791,3790,3755
3791,3766,3790
3772,3790,3766
3791,3755,3792
3791,3792,3765
3793,3791,3765
3793,3766,3791
3765,3759,3793
3759,3755,3793
3766,3793,3755
3759,3792,3755
3759,3765,3792
3765,3755,3776
3764,3750,3749
3749,3755,3764
3751,3764,3755
3773,3749,3768
3768,3794,3773
3749,3773,3794
3759,3773,3746
3759,3795,3773
3796,3773,3797
3773,3796,3798
3799,3797,3773
3773,3798,3799
3746,3773,3795
3796,3797,3798
3799,3798,3797
3795,3759,3800
3795,3800,3765
3746,3795,3765
3746,3800,3759
3746,3765,3800
3768,3796,3794
3749,3794,3796
3799,3801,3802
3803,3801,3799
3799,3802,3804
3804,3805,3799
3805,3806,3799
3803,3799,3807
3799,3762,3807
3796,3799,3806
3796,3762,3799
3805,3807,3806
3796,3806,3807
3803,3802,3801
3803,3804,3802
3807,3808,3809
3762,3808,3807
3807,3804,3803
3807,3809,3804
3805,3796,3807
3805,3809,3808
3805,3804,3809
3808,3762,3805
3808,3810,3811
3810,3808,3812
3813,3812,3808
3808,3814,3813
3808,3815,3814
3816,3808,3817
3816,3818,3808
3818,3817,3808
3804,3819,3808
3804,3808,3820
3820,3808,3819
3801,3821,3808
3808,3822,3801
3822,3808,3823
3824,3808,3825
3824,3826,3808
3827,3808,3826
3808,3828,3815
3808,3811,3828
3827,3825,3808
3821,3823,3808
3818,3805,3817
3816,3817,3805
3822,3823,3804
3821,3804,3823
3804,3810,3819
3820,3819,3810
3821,3801,3829
3821,3830,3804
3821,3829,3810
3821,3810,3830
3822,3830,3810
3822,3804,3830
3822,3829,3801
3822,3810,3829
3827,3826,3828
3827,3828,3831
3827,3814,3825
3814,3827,3810
3827,3831,3810
3824,3831,3828
3824,3810,3831
3824,3825,3814
3812,3828,3811
3812,3811,3810
3828,3832,3833
3828,3814,3832
3828,3834,3814
3812,3813,3828
3813,3815,3828
3835,3828,3836
3835,3801,3828
3801,3810,3828
3810,3837,3828
3828,3816,3834
3836,3828,3837
3828,3838,3839
3839,3840,3828
3828,3840,3838
3824,3828,3826
3833,3816,3828
3833,3834,3816
3833,3814,3834
3833,3832,3814
3836,3837,3801
3801,3816,3836
3835,3836,3816
3841,3838,3840
3841,3839,3838
3840,3814,3841
3842,3841,3814
3841,3843,3839
3841,3842,3843
3816,3839,3843
3816,3843,3842
3839,3842,3814
3839,3816,3842
3839,3814,3840
3810,3801,3837
3835,3844,3801
3835,3816,3844
3844,3845,3846
3847,3844,3846
3847,3848,3844
3844,3849,3845
3844,3816,3801
3849,3844,3850
3848,3850,3844
3848,3845,3850
3845,3848,3846
3847,3846,3848
3849,3850,3845
3849,3851,3852
3852,3853,3849
3849,3854,3855
3854,3849,3856
3857,3856,3849
3846,3858,3849
3846,3849,3859
3859,3849,3858
3849,3855,3857
3853,3860,3849
3849,3861,3851
3862,3863,3849
3849,3864,3862
3864,3849,3865
3863,3865,3849
3849,3866,3867
3867,3868,3849
3849,3868,3866
3861,3849,3869
3860,3869,3849
3851,3860,3852
3860,3870,3852
3860,3853,3870
3860,3851,3869
3857,3852,3870
3857,3870,3853
3863,3846,3865
3864,3865,3846
3861,3869,3851
3861,3852,3871
3852,3861,3872
3861,3873,3874
3873,3861,3875
3861,3876,3872
3861,3871,3877
3861,3877,3878
3879,3861,3880
3881,3880,3861
3882,3883,3861
3882,3861,3884
3884,3861,3883
3885,3861,3879
3861,3885,3881
3878,3886,3861
3861,3874,3875
3876,3861,3886
3881,3852,3877
3881,3872,3880
3881,3887,3716
3716,3888,3881
3881,3888,3887
3862,3881,3854
3889,3881,3890
3889,3891,3881
3891,3890,3881
3872,3881,3885
3857,3892,3881
3857,3881,3893
3892,3893,3881
3878,3876,3881
3876,3886,3881
3878,3881,3886
3881,3894,3895
3894,3881,3896
3881,3895,3896
3889,3890,3857
3891,3857,3890
3897,3895,3894
3897,3896,3895
3898,3877,3897
3896,3897,3877
3897,3899,3898
3897,3894,3899
3852,3898,3899
3852,3899,3894
3894,3898,3852
3894,3877,3898
3894,3896,3877
3854,3892,3877
3857,3877,3892
3892,3854,3893
3872,3887,3888
3872,3716,3887
3893,3900,3857
3893,3854,3900
3901,3857,3900
3901,3900,3854
3901,3902,3903
3902,3901,3877
3854,3877,3901
3901,3903,3857
3903,3902,3904
3903,3904,3905
3905,3857,3903
3852,3905,3904
3852,3904,3902
3902,3857,3905
3902,3905,3852
3857,3902,3877
3891,3906,3857
3891,3854,3906
3889,3854,3891
3907,3857,3906
3907,3906,3854
3889,3907,3852
3854,3852,3907
3889,3857,3907
3854,3889,3852
3716,3872,3888
3878,3872,3876
3882,3873,3883
3884,3883,3873
3852,3875,3874
3852,3874,3873
3873,3875,3852
3885,3879,3852
3879,3908,3852
3879,3872,3908
3879,3880,3872
3885,3852,3908
3885,3908,3872
3872,3878,3877
3872,3871,3852
3872,3877,3871
3873,3872,3884
3882,3884,3872
3873,3882,3909
3882,3872,3910
3882,3713,3911
3882,3911,3710
3912,3882,3716
3882,3910,3716
3713,3882,3913
3710,3913,3882
3914,3909,3882
3882,3912,3914
3912,3910,3872
3872,3914,3912
3912,3915,3711
3912,3710,3915
3912,3916,3710
3912,3716,3910
3916,3912,3917
3711,3917,3912
3912,3918,3919
3918,3912,3920
3912,3919,3920
3921,3920,3919
3921,3919,3918
3920,3921,3716
3922,3716,3921
3922,3921,3918
3922,3718,3717
3718,3922,3710
3922,3717,3716
3918,3710,3922
3918,3920,3716
3716,3710,3918
3916,3917,3716
3711,3716,3917
3723,3916,3716
3723,3710,3916
3723,3915,3710
3723,3711,3915
3873,3909,3710
3914,3710,3909
3872,3710,3914
3710,3911,3913
3713,3913,3911
3873,3710,3872
3846,3854,3858
3859,3858,3854
3923,3867,3866
3923,3866,3868
3868,3857,3923
3854,3923,3857
3854,3867,3923
3867,3857,3868
3857,3867,3854
3863,3862,3924
3863,3924,3854
3863,3925,3846
3863,3854,3925
3864,3846,3925
3864,3925,3854
3864,3924,3862
3864,3854,3924
3856,3857,3855
3856,3855,3854
3926,3927,3862
3862,3846,3926
3846,3862,3927
3847,3928,3862
3928,3929,3862
3847,3862,3929
3846,3927,3854
3926,3854,3927
3928,3846,3929
3929,3846,3930
3929,3930,3847
3928,3930,3846
3928,3847,3930
3859,3926,3846
3926,3859,3854
3852,3857,3853
3813,3814,3815
3810,3824,3814
3820,3810,3931
3820,3932,3804
3801,3932,3820
3820,3931,3801
3804,3801,3931
3804,3931,3810
3801,3804,3932
3805,3818,3814
3816,3814,3818
3816,3805,3814
3796,3805,3749
3749,3805,3762
3796,3768,3762
3755,3772,3766
3749,3763,3768
3762,3768,3763
3768,3766,3769
3760,3933,3759
3760,3758,3755
3755,3746,3760
3760,3746,3933
3757,3759,3933
3757,3933,3746
3757,3755,3758
3754,3759,3753
3754,3753,3746
3753,3759,3761
3756,3761,3759
3934,3756,3759
3934,3755,3756
3754,3934,3759
3755,3934,3754
3746,3755,3757
3749,3751,3755
3745,3748,3746
3740,3713,3739
3935,3728,3727
3935,3727,3726
3935,3936,3937
3937,3711,3935
3935,3726,3936
3728,3935,3711
3710,3937,3936
3710,3936,3726
3726,3937,3710
3726,3711,3937
3726,3728,3711
3716,3711,3725
3723,3725,3711
3720,3711,3721
3720,3710,3938
3720,3938,3711
3713,3938,3710
3713,3711,3938
3716,3718,3710
3939,3940,3941
3941,3942,3939
3941,3943,3942
3944,3943,3941
3944,3941,3945
3946,3947,3941
3941,3948,3946
3948,3941,3949
3950,3941,3940
3951,3941,3947
3949,3941,3952
3951,3952,3941
3945,3941,3953
3953,3941,3954
3941,3955,3954
3950,3955,3941
3952,3956,3949
3957,3956,3952
3958,3959,3952
3952,3951,3958
3952,3959,3957
3960,3959,3961
3959,3947,3961
3951,3947,3959
3962,3959,3963
3959,3964,3963
3964,3959,3965
3966,3959,3962
3959,3967,3965
3966,3968,3959
3959,3968,3957
3960,3967,3959
3959,3958,3951
3969,3965,3967
3970,3971,3967
3967,3960,3970
3967,3971,3969
3969,3972,3973
3969,3971,3972
3973,3965,3969
3973,3972,3974
3974,3964,3973
3965,3973,3964
3974,3975,3976
3972,3975,3974
3976,3964,3974
3976,3975,3977
3963,3964,3976
3977,3963,3976
3978,3977,3975
3979,3963,3977
3977,3978,3979
3980,3963,3979
3979,3981,3980
3982,3981,3979
3979,3978,3982
3975,3983,3982
3978,3975,3982
3981,3982,3983
3984,3980,3983
3983,3980,3981
3975,3985,3983
3983,3985,3984
3985,3975,3986
3987,3984,3985
3986,3988,3985
3985,3988,3987
3975,3989,3986
3986,3989,3990
3990,3991,3986
3992,3986,3991
3988,3986,3993
3992,3993,3986
3991,3994,3992
3992,3994,3963
3963,3993,3992
3995,3994,3991
3995,3961,3994
3994,3961,3963
3996,3995,3990
3995,3996,3961
3991,3990,3995
3997,3998,3996
3996,3998,3961
3996,3989,3997
3990,3989,3996
3999,3997,3989
3998,3997,4000
4000,3997,3999
4000,3961,3998
3960,3961,4000
3971,4000,3999
4000,3970,3960
4000,3971,3970
3975,3999,3989
3999,4001,4002
3999,4003,4001
4003,3999,4004
4004,3999,4005
4005,3999,4006
3999,3975,4006
4002,3971,3999
3971,4002,4007
4008,4007,4002
4002,4009,4008
4010,4009,4002
4010,4002,4001
4011,4009,4010
4010,4012,4011
4012,4010,4001
4003,4013,4012
4001,4003,4012
4013,4011,4012
4013,4003,4014
4013,4015,3953
4015,4013,4014
4016,4013,4017
4017,4013,3953
4011,4013,4016
4016,3975,4018
3975,4016,4005
4005,4016,4017
4018,4019,4016
4016,4019,4011
4008,4019,4018
4019,4008,4009
4009,4011,4019
4018,4007,4008
4007,4018,3975
4015,4014,3944
3944,4014,4020
4014,4021,4020
4022,4021,4014
4022,4014,4023
4005,4014,4004
4004,4014,4003
4023,4014,4005
4022,4023,4024
4024,4023,4025
4025,4023,4026
4005,4026,4023
4025,4026,4027
4027,4026,4028
4028,4026,4005
4029,4028,4030
4005,4030,4028
4028,4029,4027
4030,4031,4029
3948,4029,4031
4027,4029,3948
4031,4030,4032
4032,4033,4031
4031,4033,3948
4034,4033,4032
4033,4035,3948
4033,4034,4035
4032,4036,4034
4034,4036,4037
4037,4035,4034
4032,4005,4036
4037,4036,4005
4038,4035,4037
4037,4005,4038
4039,3948,4038
4035,4038,3948
4038,4005,4039
3950,3948,4039
4017,4040,4039
4005,4017,4039
4039,4040,3950
3955,3950,4040
4040,4017,3955
4032,4030,4005
4027,3939,4025
3939,4027,3948
4025,3939,4024
4024,3939,3942
4021,4022,4024
4024,3942,4021
3943,4020,4021
4021,3942,3943
4020,3943,3944
3955,4017,4041
3953,4041,4017
4041,3954,3955
3954,4041,3953
3944,3945,4015
3953,4015,3945
4007,3975,3972
4007,3972,3971
4006,3975,4005
3987,3993,3963
3993,3987,3988
3987,3963,3980
3980,3984,3987
4042,3968,3966
3956,3957,3968
3968,4042,3956
3949,3956,4042
3966,3949,4042
3962,3949,3966
3949,3962,3948
3946,3948,3962
3963,3946,3962
3946,3963,3961
3961,3947,3946
3950,3940,3948
3939,3948,3940
4043,4044,4045
4046,4047,4043
4048,4043,4049
4048,4050,4043
4050,4051,4043
4052,4053,4043
4052,4043,4054
4054,4043,4053
4051,4049,4043
4043,4055,4056
4055,4043,4057
4043,4056,4057
4054,4053,4046
4052,4046,4053
4051,4047,4049
4048,4049,4047
4058,4056,4055
4058,4057,4056
4059,4045,4058
4057,4058,4045
4058,4060,4059
4058,4055,4060
4044,4060,4055
4044,4059,4060
4055,4045,4059
4055,4059,4044
4055,4057,4045
4050,4045,4051
4047,4051,4045
4052,4054,4045
4046,4045,4054
4052,4045,4061
4052,4061,4044
4046,4052,4044
4062,4061,4045
4062,4044,4061
4045,4063,4062
4046,4064,4062
4065,4062,4066
4065,4067,4062
4067,4068,4062
4069,4062,4063
4070,4071,4062
4070,4062,4072
4073,4072,4062
4069,4074,4062
4066,4062,4068
4073,4062,4071
4044,4062,4074
4068,4075,4066
4064,4066,4075
4065,4066,4064
4068,4065,4075
4064,4075,4065
4069,4064,4074
4044,4074,4064
4073,4071,4064
4070,4064,4071
4076,4077,4073
4076,4073,4070
4070,4073,4064
4078,4079,4073
4044,4078,4073
4080,4081,4073
4044,4073,4081
4082,4083,4073
4082,4073,4084
4073,4085,4084
4086,4073,4087
4086,4088,4073
4087,4073,4088
4080,4073,4079
4089,4090,4073
4073,4046,4089
4073,4083,4091
4073,4091,4092
4073,4092,4085
4072,4073,4077
4093,4073,4090
4046,4073,4093
4073,4094,4095
4094,4073,4096
4073,4095,4096
4077,4076,4097
4072,4077,4046
4077,4097,4046
4070,4097,4076
4070,4046,4097
4080,4079,4082
4078,4082,4079
4087,4098,4076
4086,4087,4076
4087,4084,4098
4087,4088,4084
4086,4076,4098
4086,4098,4084
4099,4096,4095
4099,4095,4094
4096,4099,4084
4099,4094,4100
4099,4100,4101
4101,4084,4099
4076,4101,4100
4076,4100,4094
4094,4101,4076
4094,4084,4101
4094,4096,4084
4093,4076,4102
4064,4076,4093
4093,4102,4046
4093,4090,4064
4089,4102,4076
4089,4046,4102
4089,4064,4090
4092,4103,4104
4103,4092,4105
4084,4105,4092
4092,4104,4084
4082,4092,4091
4082,4085,4092
4083,4106,4092
4083,4092,4107
4108,4107,4092
4108,4092,4109
4110,4092,4111
4110,4112,4092
4111,4092,4112
4113,4114,4092
4113,4092,4115
4115,4092,4116
4117,4092,4118
4118,4092,4119
4117,4119,4092
4114,4116,4092
4092,4120,4121
4121,4122,4092
4092,4122,4120
4106,4109,4092
4116,4123,4113
4116,4113,4124
4116,4114,4123
4116,4124,4115
4124,4125,4126
4125,4124,4113
4124,4126,4115
4108,4126,4125
4108,4115,4126
4115,4125,4113
4115,4108,4125
4103,4113,4123
4103,4123,4114
4109,4127,4108
4109,4113,4127
4106,4113,4109
4128,4108,4127
4128,4127,4113
4106,4107,4128
4106,4128,4113
4108,4128,4107
4083,4107,4106
4117,4129,4083
4108,4117,4083
4117,4108,4119
4117,4118,4107
4117,4107,4129
4113,4083,4129
4129,4130,4113
4129,4107,4130
4131,4113,4130
4131,4130,4107
4118,4131,4107
4118,4108,4131
4113,4131,4108
4110,4111,4103
4111,4112,4108
4108,4103,4111
4132,4121,4120
4132,4120,4122
4103,4121,4132
4103,4132,4084
4122,4084,4132
4121,4084,4122
4084,4121,4103
4113,4103,4114
4118,4119,4108
4105,4104,4103
4105,4084,4104
4110,4113,4133
4110,4134,4113
4108,4083,4113
4135,4107,4113
4136,4113,4107
4137,4113,4046
4137,4138,4113
4046,4113,4138
4113,4136,4135
4134,4133,4113
4135,4136,4139
4083,4139,4136
4140,4141,4136
4141,4142,4136
4142,4143,4136
4136,4107,4144
4136,4144,4083
4145,4146,4136
4145,4136,4147
4147,4136,4148
4149,4148,4136
4150,4136,4151
4150,4152,4136
4153,4136,4152
4140,4136,4154
4143,4154,4136
4153,4151,4136
4149,4136,4146
4153,4143,4151
4150,4151,4143
4149,4146,4147
4145,4147,4146
4140,4143,4142
4148,4143,4140
4083,4143,4155
4083,4156,4143
4156,4155,4143
4143,4157,4158
4157,4143,4149
4149,4143,4158
4159,4143,4160
4159,4161,4143
4160,4143,4161
4150,4143,4162
4143,4148,4154
4153,4162,4143
4143,4163,4164
4163,4143,4165
4143,4164,4165
4083,4155,4157
4156,4157,4155
4159,4160,4148
4160,4149,4166
4160,4166,4148
4160,4161,4149
4159,4166,4149
4159,4148,4166
4167,4164,4163
4167,4165,4164
4168,4149,4167
4165,4167,4149
4167,4163,4169
4167,4169,4168
4148,4169,4163
4148,4168,4169
4163,4149,4168
4163,4168,4148
4163,4165,4149
4153,4142,4162
4150,4162,4142
4158,4145,4170
4145,4158,4171
4171,4158,4172
4157,4149,4158
4173,4174,4158
4158,4175,4173
4175,4158,4176
4177,4178,4158
4177,4158,4179
4179,4158,4178
4174,4176,4158
4158,4180,4181
4180,4158,4182
4183,4182,4158
4147,4172,4158
4158,4170,4147
4181,4183,4158
4184,4185,4158
4184,4158,4186
4185,4186,4158
4172,4187,4149
4171,4172,4149
4172,4147,4187
4171,4149,4187
4171,4187,4147
4184,4149,4185
4185,4149,4188
4185,4188,4147
4185,4147,4186
4189,4188,4149
4189,4147,4188
4149,4145,4189
4184,4189,4145
4184,4147,4189
4177,4145,4178
4179,4178,4145
4184,4186,4147
4149,4184,4145
4183,4177,4182
4183,4190,4177
4183,4145,4190
4183,4191,4145
4183,4181,4191
4180,4190,4145
4180,4177,4190
4180,4191,4181
4180,4145,4191
4192,4181,4193
4181,4192,4194
4173,4195,4181
4181,4177,4173
4177,4181,4196
4196,4181,4195
4194,4197,4181
4198,4193,4181
4198,4181,4197
4199,4181,4200
4179,4181,4199
4181,4145,4201
4145,4181,4202
4181,4201,4202
4179,4200,4181
4198,4197,4173
4194,4173,4197
4199,4200,4145
4179,4145,4200
4203,4202,4201
4203,4201,4145
4204,4192,4203
4204,4203,4145
4202,4203,4192
4204,4205,4206
4206,4207,4204
4192,4204,4145
4204,4208,4209
4204,4173,4208
4210,4204,4211
4204,4210,4173
4212,4213,4204
4214,4212,4204
4209,4211,4204
4214,4204,4213
4207,4215,4204
4216,4204,4215
4204,4216,4205
4216,4217,4206
4206,4218,4216
4216,4209,4219
4216,4219,4173
4173,4205,4216
4216,4215,4209
4216,4175,4177
4157,4216,4177
4216,4220,4207
4216,4207,4217
4216,4218,4220
4175,4216,4221
4157,4221,4216
4175,4221,4173
4157,4173,4221
4222,4207,4220
4222,4220,4218
4222,4223,4224
4223,4222,4218
4222,4225,4207
4225,4222,4224
4218,4224,4223
4225,4224,4207
4224,4218,4207
4226,4227,4225
4225,4228,4226
4225,4229,4228
4229,4225,4227
4230,4226,4229
4230,4229,4231
4229,4232,4231
4229,4233,4232
4233,4229,4226
4229,4234,4235
4235,4236,4229
4229,4236,4234
4229,4227,4228
4231,4234,4236
4231,4235,4234
4237,4047,4233
4237,4233,4238
4047,4238,4233
4239,4240,4233
4239,4233,4231
4231,4233,4240
4226,4230,4233
4230,4232,4233
4235,4241,4233
4235,4233,4242
4242,4233,4241
4241,4243,4231
4242,4241,4231
4241,4235,4243
4244,4231,4243
4244,4243,4235
4244,4238,4245
4242,4238,4244
4244,4245,4231
4242,4244,4235
4242,4245,4238
4242,4231,4245
4231,4240,4238
4239,4238,4240
4239,4246,4238
4239,4231,4247
4235,4246,4239
4239,4247,4235
4238,4247,4231
4238,4235,4247
4235,4238,4246
4047,4237,4238
4248,4238,4249
4248,4250,4238
4249,4238,4250
4047,4235,4249
4248,4249,4235
4249,4250,4047
4248,4047,4250
4047,4248,4235
4235,4231,4236
4230,4231,4232
4226,4228,4227
4218,4206,4217
4218,4217,4207
4206,4219,4209
4206,4173,4219
4173,4206,4205
4214,4192,4212
4214,4251,4192
4214,4173,4251
4209,4173,4214
4214,4213,4209
4209,4192,4251
4209,4251,4173
4209,4207,4206
4207,4209,4215
4209,4212,4192
4212,4209,4213
4211,4209,4252
4210,4252,4209
4210,4209,4208
4210,4192,4252
4211,4252,4192
4210,4211,4192
4210,4208,4173
4145,4202,4192
4173,4192,4195
4196,4195,4192
4145,4177,4199
4179,4199,4177
4194,4198,4173
4198,4177,4193
4194,4177,4198
4192,4193,4177
4177,4194,4192
4192,4173,4196
4196,4173,4177
4171,4170,4145
4171,4147,4170
4175,4176,4177
4174,4177,4176
4180,4182,4177
4173,4157,4174
4177,4174,4157
4159,4149,4161
4157,4253,4083
4157,4156,4142
4157,4142,4253
4156,4083,4253
4156,4253,4142
4148,4149,4147
4153,4152,4148
4142,4153,4148
4140,4154,4148
4142,4141,4140
4150,4148,4152
4148,4150,4142
4142,4083,4144
4142,4144,4107
4135,4139,4142
4107,4135,4142
4083,4142,4139
4110,4133,4108
4134,4108,4133
4110,4103,4134
4108,4134,4103
4137,4103,4138
4046,4138,4103
4076,4084,4137
4137,4046,4076
4137,4084,4254
4137,4254,4103
4046,4254,4084
4046,4103,4254
4110,4108,4112
4082,4084,4085
4082,4091,4083
4076,4064,4089
4080,4064,4069
4080,4069,4046
4081,4080,4048
4044,4080,4046
4044,4048,4080
4080,4082,4064
4086,4084,4088
4084,4076,4046
4082,4078,4064
4044,4081,4048
4044,4064,4078
4068,4067,4255
4068,4255,4065
4046,4255,4067
4046,4065,4255
4069,4063,4046
4070,4072,4046
4045,4046,4063
4065,4046,4067
4050,4256,4045
4050,4044,4256
4050,4048,4257
4050,4257,4044
4256,4257,4048
4256,4044,4257
4048,4045,4256
4045,4048,4047
4258,4259,4260
4258,4261,4259
4258,4262,4261
4258,4263,4262
4260,4263,4258
4264,4265,4260
4259,4264,4260
4263,4260,4265
4265,4264,4266
4263,4265,4266
4267,4266,4264
4268,4266,4267
4268,4262,4266
4262,4263,4266
4264,4259,4268
4267,4264,4268
4269,4268,4259
4269,4262,4268
4270,4269,4259
4269,4270,4271
4271,4262,4269
4259,4271,4270
4259,4262,4271
4261,4262,4259
4272,4273,4274
4274,4275,4272
4274,4276,4275
4277,4276,4274
4274,4273,4278
4278,4279,4274
4279,4280,4274
4274,4280,4277
4276,4277,4278
4281,4277,4280
4278,4277,4282
4283,4277,4281
4277,4284,4282
4283,4284,4277
4284,4283,4285
4285,4283,4286
4280,4286,4283
4281,4280,4283
4285,4287,4284
4287,4285,4286
4286,4282,4287
4282,4284,4287
4279,4282,4286
4286,4280,4279
4279,4278,4282
4278,4273,4276
4272,4275,4273
4276,4273,4275
4288,4289,4290
4288,4291,4289
4292,4291,4288
4288,4290,4292
4292,4293,4291
4294,4292,4290
4295,4293,4292
4292,4294,4295
4294,4296,4295
4297,4294,4290
4294,4297,4296
4298,4295,4296
4297,4299,4296
4298,4296,4299
4300,4301,4298
4295,4298,4301
4302,4303,4298
4303,4300,4298
4302,4298,4299
4303,4302,4304
4302,4305,4304
4299,4306,4302
4302,4306,4305
4306,4299,4307
4308,4306,4307
4309,4305,4306
4306,4308,4309
4310,4309,4308
4307,4310,4308
4310,4307,4303
4304,4310,4303
4311,4310,4304
4312,4309,4310
4310,4311,4312
4313,4309,4312
4314,4312,4311
4315,4312,4314
4316,4313,4312
4312,4315,4316
4314,4317,4315
4318,4316,4315
4319,4315,4317
4319,4318,4315
4320,4318,4319
4321,4318,4320
4321,4322,4318
4316,4318,4322
4323,4322,4324
4323,4316,4322
4322,4325,4324
4325,4322,4321
4324,4325,4319
4320,4319,4325
4325,4321,4320
4324,4319,4317
4317,4323,4324
4326,4323,4317
4313,4316,4323
4323,4326,4313
4326,4327,4305
4313,4326,4305
4327,4326,4304
4326,4314,4304
4314,4326,4317
4327,4304,4305
4313,4305,4309
4311,4304,4314
4301,4307,4328
4307,4329,4328
4307,4299,4329
4301,4300,4307
4303,4307,4300
4328,4329,4330
4331,4330,4329
4329,4297,4331
4297,4329,4299
4332,4330,4331
4332,4331,4297
4332,4290,4333
4290,4332,4297
4293,4332,4333
4330,4332,4293
4333,4289,4334
4333,4290,4289
4293,4333,4334
4334,4289,4291
4334,4291,4293
4328,4330,4295
4293,4295,4330
4301,4328,4295
4335,4336,4337
4336,4338,4337
4338,4336,4339
4336,4335,4339
4339,4335,4338
4337,4338,4335
4340,4341,4338
4338,4342,4340
4338,4343,4342
4344,4343,4338
4345,4338,4341
4345,4346,4338
4346,4344,4338
4347,4344,4348
4344,4347,4343
4344,4346,4348
4347,4348,4349
4346,4350,4348
4351,4349,4348
4348,4350,4351
4350,4346,4352
4351,4350,4352
4352,4346,4353
4353,4354,4352
4352,4354,4355
4351,4352,4356
4357,4356,4352
4355,4357,4352
4357,4355,4358
4359,4358,4355
4359,4355,4354
4358,4360,4357
4361,4358,4359
4360,4358,4362
4358,4361,4362
4363,4361,4359
4361,4364,4362
4361,4363,4365
4361,4366,4367
4366,4361,4368
4365,4368,4361
4361,4367,4364
4369,4367,4370
4367,4371,4370
4366,4372,4367
4373,4367,4372
4374,4367,4373
4374,4375,4367
4364,4367,4369
4376,4371,4367
4375,4377,4367
4367,4377,4376
4366,4377,4375
4376,4377,4366
4378,4379,4376
4378,4376,4368
4366,4368,4376
4371,4376,4379
4379,4378,4380
4371,4379,4380
4380,4378,4381
4380,4382,4371
4381,4382,4380
4383,4382,4384
4383,4371,4382
4382,4385,4384
4385,4382,4386
4386,4382,4387
4382,4381,4387
4387,4388,4386
4387,4389,4388
4389,4387,4381
4381,4378,4389
4389,4378,4390
4390,4391,4389
4388,4389,4391
4392,4391,4393
4393,4391,4394
4395,4394,4391
4395,4391,4396
4391,4390,4396
4392,4397,4391
4397,4388,4391
4395,4397,4392
4388,4397,4395
4395,4392,4398
4396,4386,4395
4395,4386,4388
4399,4395,4400
4394,4395,4399
4400,4395,4401
4401,4395,4398
4398,4392,4393
4398,4393,4402
4398,4403,4401
4402,4403,4398
4404,4402,4401
4402,4404,4405
4402,4406,4401
4402,4393,4406
4405,4407,4402
4408,4402,4407
4409,4402,4408
4409,4403,4402
4403,4409,4401
4409,4410,4401
4410,4409,4408
4410,4411,4404
4401,4410,4404
4411,4410,4412
4413,4412,4410
4410,4414,4413
4415,4414,4410
4410,4408,4415
4412,4416,4417
4418,4416,4412
4419,4420,4412
4420,4418,4412
4412,4421,4419
4422,4421,4412
4412,4417,4411
4412,4413,4422
4343,4340,4422
4421,4422,4340
4343,4422,4423
4423,4422,4424
4413,4425,4422
4422,4425,4426
4426,4427,4422
4422,4427,4424
4424,4428,4423
4424,4429,4430
4424,4431,4429
4427,4431,4424
4430,4428,4424
4432,4433,4430
4430,4434,4432
4434,4430,4429
4435,4430,4433
4428,4430,4435
4433,4436,4435
4436,4437,4435
4428,4435,4438
4437,4438,4435
4437,4436,4439
4437,4440,4438
4441,4442,4437
4437,4431,4441
4439,4431,4437
4437,4442,4443
4440,4437,4443
4444,4440,4445
4446,4440,4444
4443,4447,4440
4446,4438,4440
4445,4440,4447
4447,4448,4445
4449,4447,4444
4444,4447,4443
4448,4447,4449
4445,4448,4450
4450,4448,4449
4445,4450,4451
4451,4450,4452
4450,4449,4452
4451,4453,4445
4454,4451,4452
4451,4454,4453
4454,4452,4455
4456,4454,4455
4454,4456,4453
4457,4456,4458
4457,4453,4456
4458,4456,4459
4455,4459,4456
4459,4455,4460
4460,4461,4459
4374,4459,4461
4459,4374,4462
4459,4462,4458
4373,4462,4374
4458,4462,4373
4460,4463,4461
4463,4362,4461
4461,4362,4464
4461,4372,4374
4372,4461,4373
4464,4373,4461
4465,4464,4466
4464,4465,4373
4466,4464,4362
4466,4369,4467
4362,4369,4466
4468,4466,4467
4466,4468,4465
4467,4469,4345
4467,4345,4470
4369,4370,4467
4353,4467,4370
4467,4470,4471
4467,4353,4469
4471,4472,4467
4472,4468,4467
4472,4471,4473
4474,4475,4472
4419,4472,4475
4476,4474,4472
4473,4476,4472
4468,4472,4419
4473,4471,4418
4477,4473,4478
4478,4473,4418
4476,4473,4477
4477,4479,4480
4480,4476,4477
4479,4477,4481
4478,4481,4477
4479,4481,4482
4481,4478,4482
4479,4482,4483
4482,4478,4420
4483,4482,4420
4480,4483,4475
4483,4420,4475
4483,4480,4479
4474,4480,4475
4480,4474,4476
4418,4420,4478
4419,4475,4420
4470,4418,4471
4370,4345,4469
4370,4469,4353
4345,4370,4470
4484,4470,4370
4418,4470,4416
4416,4470,4484
4484,4400,4416
4484,4370,4485
4399,4400,4484
4484,4486,4399
4484,4485,4486
4385,4485,4487
4488,4487,4485
4486,4485,4385
4485,4370,4488
4488,4489,4365
4489,4488,4370
4487,4488,4365
4370,4371,4489
4489,4371,4368
4368,4365,4489
4365,4384,4487
4487,4384,4385
4385,4490,4486
4486,4490,4491
4491,4399,4486
4363,4491,4383
4359,4491,4363
4359,4492,4491
4394,4491,4492
4394,4399,4491
4491,4396,4383
4396,4491,4386
4490,4386,4491
4493,4492,4494
4492,4359,4494
4411,4492,4493
4394,4492,4393
4393,4492,4406
4406,4492,4495
4417,4495,4492
4492,4411,4417
4495,4400,4401
4495,4401,4406
4400,4495,4417
4493,4404,4411
4493,4496,4404
4497,4496,4493
4494,4498,4493
4493,4498,4497
4497,4498,4499
4497,4499,4343
4497,4500,4433
4500,4497,4343
4497,4432,4496
4433,4432,4497
4501,4500,4347
4500,4343,4347
4360,4500,4501
4502,4500,4360
4500,4503,4433
4500,4502,4503
4504,4502,4360
4502,4505,4503
4502,4504,4506
4502,4507,4445
4507,4502,4508
4508,4502,4506
4445,4505,4502
4445,4509,4505
4510,4505,4509
4503,4505,4510
4509,4511,4510
4446,4510,4511
4510,4446,4503
4428,4511,4423
4468,4423,4511
4468,4511,4509
4438,4511,4428
4511,4438,4446
4445,4453,4509
4512,4468,4509
4509,4513,4512
4513,4509,4453
4504,4514,4512
4512,4514,4465
4465,4468,4512
4512,4513,4504
4457,4465,4514
4463,4457,4514
4504,4463,4514
4504,4513,4506
4513,4453,4506
4453,4508,4506
4508,4449,4507
4452,4449,4508
4455,4452,4508
4508,4460,4455
4460,4508,4453
4445,4507,4449
4504,4362,4463
4360,4362,4504
4433,4503,4436
4436,4503,4444
4444,4503,4446
4501,4347,4356
4357,4501,4356
4501,4357,4360
4515,4516,4499
4499,4517,4515
4498,4517,4499
4516,4340,4499
4340,4343,4499
4515,4518,4516
4340,4516,4518
4518,4519,4345
4518,4345,4520
4518,4520,4340
4519,4518,4515
4521,4345,4519
4521,4519,4515
4345,4521,4354
4494,4354,4521
4515,4517,4521
4517,4494,4521
4337,4520,4345
4340,4520,4337
4498,4494,4517
4432,4426,4496
4496,4405,4404
4405,4496,4414
4413,4522,4496
4522,4414,4496
4496,4426,4425
4496,4425,4413
4414,4522,4413
4494,4359,4354
4490,4385,4386
4468,4421,4423
4421,4468,4419
4457,4373,4465
4463,4460,4457
4453,4457,4460
4458,4373,4457
4445,4449,4444
4444,4439,4436
4441,4439,4444
4444,4443,4441
4443,4442,4441
4431,4439,4434
4439,4523,4434
4524,4523,4439
4439,4441,4524
4441,4525,4524
4526,4524,4525
4523,4524,4526
4431,4525,4441
4526,4525,4431
4526,4527,4523
4527,4526,4427
4431,4427,4526
4523,4527,4407
4407,4527,4427
4432,4523,4427
4523,4432,4434
4523,4528,4427
4528,4523,4407
4407,4405,4528
4414,4427,4528
4528,4405,4414
4429,4431,4434
4432,4427,4426
4427,4414,4407
4421,4342,4423
4423,4342,4343
4417,4416,4400
4340,4342,4421
4415,4408,4407
4414,4415,4407
4383,4396,4390
4368,4383,4390
4368,4390,4378
4363,4383,4384
4384,4365,4363
4371,4383,4368
4375,4374,4366
4362,4364,4369
4366,4374,4372
4349,4356,4347
4349,4351,4356
4353,4345,4354
4345,4353,4346
4345,4341,4337
4340,4337,4341
4529,4530,4531
4532,4533,4529
4532,4529,4534
4534,4529,4533
4534,4533,4530
4532,4530,4533
4530,4532,4534
4535,4536,4537
4536,4538,4537
4539,4538,4536
4536,4535,4539
4540,4535,4537
4539,4535,4541
4535,4540,4542
4542,4543,4535
4543,4541,4535
4539,4541,4544
4545,4544,4541
4541,4546,4547
4546,4541,4543
4541,4547,4545
4545,4540,4544
4545,4542,4540
4548,4542,4545
4547,4548,4545
4542,4548,4549
4550,4549,4548
4550,4548,4547
4551,4549,4550
4552,4550,4546
4547,4546,4550
4553,4550,4552
4550,4553,4554
4550,4554,4551
4555,4556,4551
4551,4556,4549
4551,4557,4558
4558,4555,4551
4557,4551,4554
4559,4558,4557
4554,4559,4557
4560,4558,4559
4559,4561,4560
4561,4559,4562
4562,4559,4563
4553,4563,4559
4559,4554,4553
4563,4553,4562
4556,4562,4553
4556,4555,4562
4562,4564,4561
4564,4562,4555
4565,4564,4566
4566,4564,4555
4567,4564,4568
4561,4564,4567
4569,4564,4565
4568,4564,4570
4564,4569,4570
4568,4570,4571
4570,4572,4571
4572,4570,4569
4573,4571,4572
4572,4569,4573
4571,4573,4574
4574,4573,4569
4565,4571,4574
4574,4569,4565
4571,4565,4575
4571,4575,4568
4575,4565,4566
4575,4566,4560
4560,4568,4575
4560,4567,4568
4567,4560,4561
4566,4555,4558
4566,4558,4560
4552,4549,4556
4553,4552,4556
4552,4546,4549
4542,4549,4546
4546,4543,4542
4544,4576,4538
4538,4539,4544
4540,4576,4544
4538,4576,4537
4540,4537,4576
4577,4578,4579
4577,4580,4578
4581,4580,4577
4582,4577,4583
4583,4577,4584
4584,4577,4579
4577,4582,4581
4577,4585,4586
4577,4587,4585
4587,4577,4588
4586,4588,4577
4587,4588,4584
4586,4584,4588
4587,4586,4589
4584,4586,4587
4590,4586,4585
4586,4590,4591
4591,4592,4586
4586,4592,4593
4593,4589,4586
4594,4595,4589
4589,4595,4596
4587,4589,4596
4597,4589,4593
4597,4598,4589
4594,4589,4598
4595,4594,4599
4600,4601,4594
4602,4594,4601
4594,4603,4599
4603,4594,4602
4594,4598,4600
4604,4605,4599
4604,4599,4606
4606,4599,4605
4607,4599,4608
4608,4599,4609
4610,4609,4599
4595,4599,4611
4599,4603,4610
4607,4612,4599
4612,4611,4599
4595,4611,4606
4612,4606,4611
4613,4610,4603
4610,4613,4614
4609,4610,4614
4615,4616,4614
4616,4617,4614
4617,4618,4614
4619,4620,4614
4614,4620,4615
4613,4619,4614
4614,4618,4609
4617,4621,4618
4622,4618,4621
4609,4618,4608
4622,4608,4618
4621,4623,4622
4624,4622,4623
4625,4626,4622
4608,4622,4626
4622,4624,4627
4627,4628,4622
4628,4625,4622
4629,4625,4628
4626,4625,4630
4630,4625,4629
4621,4617,4629
4629,4617,4631
4626,4629,4631
4621,4629,4623
4628,4623,4629
4626,4632,4629
4629,4632,4630
4632,4626,4633
4632,4634,4635
4632,4636,4634
4632,4637,4630
4635,4637,4632
4633,4636,4632
4633,4638,4639
4639,4636,4633
4640,4633,4641
4642,4633,4640
4633,4642,4638
4633,4626,4637
4637,4635,4633
4633,4635,4641
4641,4635,4634
4641,4634,4636
4641,4643,4640
4643,4641,4636
4643,4644,4645
4646,4643,4645
4643,4646,4647
4647,4640,4643
4643,4648,4649
4644,4643,4650
4636,4650,4643
4644,4650,4648
4636,4648,4650
4645,4644,4651
4651,4644,4648
4652,4651,4653
4653,4651,4646
4651,4648,4646
4652,4645,4651
4654,4652,4655
4652,4654,4656
4652,4653,4657
4656,4658,4652
4652,4658,4659
4659,4660,4652
4645,4652,4660
4657,4655,4652
4654,4655,4661
4655,4657,4662
4655,4662,4661
4663,4664,4662
4663,4662,4656
4658,4656,4662
4653,4658,4662
4661,4662,4664
4662,4657,4653
4664,4663,4665
4665,4666,4664
4667,4668,4664
4667,4664,4666
4668,4661,4664
4667,4661,4668
4665,4669,4666
4666,4669,4670
4670,4667,4666
4671,4672,4669
4671,4669,4665
4669,4672,4670
4673,4672,4671
4590,4672,4673
4590,4670,4672
4673,4674,4675
4676,4673,4675
4671,4674,4673
4673,4676,4590
4676,4677,4674
4678,4677,4676
4679,4676,4680
4597,4676,4679
4676,4597,4681
4676,4675,4680
4676,4674,4682
4676,4681,4678
4682,4590,4676
4683,4678,4681
4683,4684,4678
4684,4685,4678
4685,4677,4678
4680,4677,4685
4685,4686,4680
4687,4686,4685
4685,4679,4687
4685,4684,4679
4688,4687,4689
4601,4687,4688
4687,4690,4686
4687,4601,4600
4691,4690,4687
4691,4687,4600
4687,4679,4692
4692,4693,4687
4687,4693,4689
4693,4692,4686
4689,4693,4686
4688,4689,4694
4686,4695,4689
4689,4695,4694
4694,4696,4688
4696,4694,4695
4697,4696,4698
4697,4699,4696
4700,4701,4696
4700,4696,4702
4695,4698,4696
4688,4696,4699
4702,4696,4701
4698,4695,4697
4703,4702,4704
4702,4697,4704
4702,4701,4697
4700,4702,4703
4704,4627,4703
4703,4627,4624
4703,4624,4700
4705,4704,4697
4704,4623,4627
4704,4619,4623
4704,4705,4619
4619,4705,4620
4620,4705,4706
4705,4697,4700
4700,4706,4705
4707,4620,4706
4706,4708,4707
4700,4709,4706
4706,4709,4603
4603,4602,4706
4708,4706,4602
4708,4691,4707
4699,4691,4708
4688,4699,4708
4708,4710,4688
4602,4710,4708
4710,4601,4688
4601,4710,4602
4603,4709,4613
4613,4709,4624
4700,4624,4709
4707,4691,4711
4711,4712,4707
4712,4620,4707
4615,4712,4713
4714,4713,4712
4714,4712,4711
4620,4712,4615
4713,4714,4715
4716,4714,4711
4714,4716,4717
4717,4715,4714
4715,4717,4718
4715,4718,4713
4717,4719,4718
4718,4719,4720
4605,4713,4718
4720,4605,4718
4720,4721,4579
4605,4720,4579
4721,4720,4719
4721,4584,4579
4717,4716,4721
4716,4584,4721
4721,4719,4717
4711,4584,4716
4615,4713,4604
4713,4605,4604
4683,4722,4711
4711,4722,4584
4711,4684,4683
4711,4691,4684
4723,4724,4722
4722,4724,4583
4683,4723,4722
4583,4584,4722
4724,4723,4725
4682,4723,4683
4723,4726,4725
4723,4671,4670
4671,4723,4682
4670,4726,4723
4585,4727,4726
4726,4670,4585
4725,4726,4727
4727,4585,4728
4729,4727,4728
4727,4729,4725
4728,4730,4731
4730,4728,4732
4732,4728,4585
4731,4654,4728
4654,4667,4728
4728,4667,4729
4733,4734,4731
4734,4656,4731
4654,4731,4656
4733,4731,4730
4724,4734,4733
4733,4735,4724
4733,4736,4659
4659,4737,4733
4730,4736,4733
4733,4737,4735
4735,4738,4739
4739,4740,4735
4724,4735,4740
4735,4616,4738
4616,4735,4741
4735,4737,4741
4741,4639,4616
4737,4742,4741
4647,4639,4741
4743,4647,4741
4744,4743,4741
4741,4742,4744
4744,4742,4645
4645,4732,4744
4642,4743,4744
4744,4745,4642
4732,4745,4744
4612,4745,4606
4745,4595,4606
4595,4745,4746
4747,4745,4748
4747,4746,4745
4748,4745,4732
4642,4745,4612
4748,4587,4749
4749,4747,4748
4585,4587,4748
4748,4732,4585
4747,4749,4750
4751,4749,4596
4596,4749,4587
4751,4750,4749
4752,4750,4751
4752,4751,4753
4753,4751,4596
4752,4754,4750
4753,4755,4752
4754,4752,4756
4755,4756,4752
4753,4757,4755
4756,4755,4758
4755,4757,4758
4757,4753,4759
4758,4757,4759
4595,4746,4759
4759,4596,4595
4753,4596,4759
4759,4746,4758
4758,4754,4756
4754,4758,4746
4750,4754,4747
4754,4746,4747
4645,4742,4737
4743,4640,4647
4743,4642,4640
4738,4760,4604
4604,4739,4738
4760,4738,4616
4760,4615,4604
4615,4760,4616
4740,4739,4761
4740,4762,4582
4582,4583,4740
4740,4583,4724
4740,4761,4762
4581,4762,4761
4762,4581,4582
4761,4739,4763
4764,4581,4761
4764,4761,4763
4764,4763,4580
4605,4580,4763
4605,4763,4606
4763,4604,4606
4604,4763,4739
4581,4764,4580
4658,4646,4737
4658,4737,4659
4737,4646,4645
4659,4736,4660
4732,4660,4736
4736,4730,4732
4663,4734,4765
4663,4656,4734
4765,4734,4725
4725,4734,4724
4667,4663,4765
4729,4765,4725
4729,4667,4765
4645,4660,4732
4700,4697,4701
4690,4691,4699
4686,4690,4699
4699,4695,4686
4697,4695,4699
4680,4692,4679
4692,4680,4686
4600,4684,4691
4766,4679,4684
4684,4600,4766
4766,4600,4598
4679,4766,4597
4598,4597,4766
4682,4683,4591
4592,4591,4683
4683,4681,4593
4593,4592,4683
4671,4682,4674
4682,4591,4590
4593,4681,4597
4677,4680,4674
4680,4675,4674
4671,4665,4670
4667,4670,4665
4585,4670,4590
4665,4663,4667
4667,4654,4661
4646,4658,4653
4648,4647,4646
4636,4647,4648
4639,4647,4636
4767,4638,4612
4612,4638,4642
4767,4639,4638
4616,4639,4767
4767,4617,4616
4631,4617,4767
4631,4767,4768
4607,4768,4767
4612,4607,4767
4768,4608,4626
4768,4626,4631
4608,4768,4607
4635,4636,4769
4626,4630,4637
4627,4623,4628
4619,4613,4624
4623,4619,4624
4580,4605,4579
4580,4579,4578
4770,4771,4772
4770,4773,4771
4774,4773,4770
4774,4770,4772
4773,4774,4775
4772,4776,4774
4776,4775,4774
4777,4776,4772
4775,4776,4778
4779,4778,4776
4777,4779,4776
4779,4777,4780
4779,4781,4782
4779,4782,4778
4781,4779,4783
4783,4779,4784
4780,4784,4779
4777,4785,4780
4780,4786,4787
4784,4780,4787
4786,4780,4785
4771,4785,4777
4785,4781,4786
4781,4785,4788
4788,4785,4771
4771,4782,4788
4788,4782,4781
4786,4781,4787
4781,4783,4787
4783,4784,4787
4778,4782,4773
4771,4773,4782
4771,4777,4772
4773,4775,4778
4789,4790,4791
4789,4792,4790
4789,4793,4792
4793,4789,4794
4794,4789,4795
4791,4795,4789
4791,4796,4797
4796,4791,4790
4797,4795,4791
4798,4799,4797
4796,4798,4797
4797,4799,4795
4799,4798,4792
4799,4800,4795
4800,4799,4793
4792,4793,4799
4795,4800,4794
4793,4794,4800
4798,4796,4790
4790,4792,4798
4801,4802,4803
4803,4804,4801
4804,4803,4805
4802,4806,4803
4807,4808,4803
4808,4805,4803
4809,4803,4806
4803,4809,4807
4808,4807,4810
4811,4810,4807
4812,4811,4807
4807,4809,4812
4813,4814,4812
4814,4815,4812
4813,4812,4809
4812,4816,4811
4817,4812,4815
4816,4812,4817
4818,4817,4819
4819,4817,4820
4815,4820,4817
4817,4818,4816
4806,4818,4819
4802,4818,4806
4816,4818,4821
4818,4802,4821
4821,4822,4823
4823,4810,4821
4821,4810,4816
4822,4821,4802
4822,4802,4824
4824,4823,4822
4823,4824,4805
4805,4824,4801
4824,4802,4801
4810,4823,4808
4808,4823,4805
4819,4820,4809
4820,4825,4809
4820,4815,4825
4826,4827,4825
4827,4809,4825
4825,4828,4826
4828,4825,4815
4828,4815,4814
4814,4829,4828
4830,4826,4828
4828,4831,4830
4828,4829,4831
4827,4830,4831
4826,4830,4827
4829,4814,4813
4829,4813,4809
4809,4832,4829
4829,4832,4831
4827,4831,4832
4832,4809,4827
4806,4819,4809
4810,4811,4816
4804,4805,4801
4833,4834,4835
4833,4836,4834
4837,4836,4833
4835,4837,4833
4837,4835,4838
4837,4838,4836
4839,4840,4837
4840,4841,4837
4841,4842,4837
4839,4837,4842
4837,4843,4844
4843,4837,4845
4845,4837,4846
4837,4847,4848
4837,4844,4847
4849,4846,4837
4837,4848,4849
4841,4835,4842
4839,4842,4835
4849,4835,4846
4845,4846,4835
4848,4850,4849
4848,4851,4850
4851,4848,4847
4852,4851,4849
4853,4851,4852
4849,4851,4854
4843,4854,4851
4843,4851,4840
4851,4855,4856
4856,4857,4851
4858,4851,4857
4855,4851,4859
4851,4860,4835
4851,4838,4860
4838,4851,4861
4835,4850,4851
4858,4862,4851
4847,4861,4851
4859,4851,4862
4840,4851,4853
4838,4840,4853
4853,4863,4838
4853,4835,4863
4835,4853,4852
4841,4838,4863
4841,4863,4835
4858,4847,4862
4859,4862,4847
4859,4864,4843
4859,4847,4864
4855,4859,4843
4865,4864,4847
4865,4843,4864
4856,4865,4847
4843,4865,4855
4856,4855,4865
4838,4861,4843
4861,4847,4844
4861,4844,4843
4843,4847,4854
4849,4854,4847
4858,4857,4849
4856,4847,4858
4856,4858,4849
4845,4860,4838
4845,4835,4860
4856,4849,4857
4839,4852,4849
4852,4839,4835
4835,4849,4850
4839,4849,4847
4847,4843,4840
4840,4839,4847
4843,4845,4838
4840,4838,4841
4836,4838,4835
4835,4834,4836
4866,4867,4868
4868,4869,4866
4869,4868,4870
4871,4868,4872
4872,4868,4867
4871,4870,4868
4870,4873,4869
4870,4871,4874
4874,4873,4870
4869,4873,4866
4873,4875,4866
4874,4876,4873
4876,4875,4873
4875,4876,4867
4867,4877,4875
4875,4877,4866
4877,4867,4866
4876,4874,4878
4876,4878,4879
4879,4867,4876
4880,4878,4881
4881,4878,4874
4882,4883,4878
4878,4880,4882
4883,4879,4878
4879,4883,4872
4884,4872,4883
4883,4882,4884
4872,4884,4885
4885,4884,4886
4886,4884,4887
4888,4887,4884
4888,4884,4882
4888,4889,4887
4882,4890,4888
4888,4890,4891
4891,4889,4888
4891,4890,4892
4890,4893,4894
4880,4893,4890
4894,4892,4890
4890,4882,4880
4894,4895,4889
4889,4892,4894
4895,4894,4893
4896,4889,4895
4895,4880,4896
4893,4880,4895
4897,4886,4896
4886,4889,4896
4897,4896,4881
4881,4896,4880
4874,4871,4897
4897,4881,4874
4886,4897,4885
4885,4897,4871
4889,4891,4892
4889,4886,4887
4871,4872,4885
4879,4872,4867
4898,4899,4900
4898,4901,4899
4902,4901,4898
4903,4898,4900
4903,4902,4898
4901,4902,4904
4902,4905,4904
4905,4902,4906
4907,4906,4902
4902,4908,4907
4902,4909,4908
4902,4903,4909
4910,4906,4907
4910,4907,4911
4907,4912,4911
4912,4907,4913
4908,4913,4907
4914,4912,4913
4913,4915,4914
4913,4916,4915
4917,4916,4913
4908,4917,4913
4918,4916,4917
4917,4908,4918
4918,4909,4919
4909,4918,4908
4919,4920,4918
4920,4921,4918
4916,4918,4921
4910,4921,4906
4920,4906,4921
4921,4910,4916
4922,4906,4920
4923,4920,4919
4920,4923,4922
4923,4903,4922
4923,4919,4909
4909,4903,4923
4922,4905,4906
4900,4922,4903
4922,4900,4924
4922,4924,4905
4925,4904,4924
4905,4924,4904
4924,4900,4899
4925,4924,4899
4904,4925,4901
4901,4925,4899
4916,4910,4926
4926,4915,4916
4910,4927,4926
4914,4926,4927
4915,4926,4914
4927,4910,4912
4912,4914,4927
4911,4912,4910
4928,4929,4930
4930,4931,4928
4931,4930,4932
4932,4930,4933
4930,4929,4933
4929,4934,4933
4934,4935,4933
4933,4936,4932
4937,4936,4933
4938,4933,4935
4933,4938,4939
4933,4939,4940
4933,4940,4937
4937,4941,4942
4937,4942,4943
4937,4944,4945
4945,4946,4937
4944,4937,4947
4937,4943,4947
4937,4946,4936
4941,4937,4940
4941,4948,4932
4932,4949,4941
4940,4948,4941
4942,4941,4949
4949,4932,4936
4949,4950,4942
4950,4949,4936
4943,4942,4950
4950,4951,4943
4951,4950,4936
4943,4951,4947
4947,4951,4936
4940,4931,4948
4932,4948,4931
4952,4953,4944
4944,4953,4954
4944,4955,4952
4944,4956,4945
4954,4957,4944
4947,4955,4944
4944,4957,4956
4958,4952,4956
4946,4956,4952
4956,4959,4960
4960,4958,4956
4957,4961,4956
4962,4956,4961
4962,4959,4956
4956,4946,4945
4958,4953,4952
4953,4958,4960
4959,4962,4963
4964,4963,4962
4962,4965,4964
4961,4965,4962
4966,4964,4965
4965,4967,4966
4965,4961,4968
4968,4967,4965
4969,4966,4967
4967,4970,4969
4968,4970,4967
4971,4969,4970
4970,4972,4971
4968,4972,4970
4973,4971,4972
4972,4974,4973
4972,4968,4974
4975,4973,4974
4974,4968,4976
4977,4978,4974
4979,4974,4978
4977,4974,4980
4974,4976,4980
4974,4981,4975
4974,4979,4981
4975,4981,4982
4979,4982,4981
4975,4982,4980
4982,4979,4983
4983,4980,4982
4977,4980,4983
4983,4978,4977
4979,4984,4983
4984,4985,4983
4983,4986,4978
4986,4983,4987
4985,4987,4983
4987,4985,4988
4988,4989,4987
4990,4987,4989
4987,4990,4986
4990,4991,4986
4990,4992,4991
4993,4992,4990
4990,4978,4993
4978,4990,4989
4993,4994,4992
4994,4993,4995
4995,4993,4986
4993,4978,4986
4996,4997,4995
4998,4995,4997
4995,4999,4994
4995,4998,4999
4986,4996,4995
5000,4999,4998
4998,5001,5000
5002,5001,4998
4997,5002,4998
4996,5002,5003
4997,5003,5002
5001,5002,4996
5003,5004,4996
5003,5005,5004
4997,5005,5003
5004,5005,5006
4997,5006,5005
5006,5007,5004
5007,5006,5008
5009,5008,5006
5006,4997,5009
5010,5011,5009
5009,5011,5012
5009,5013,5008
5009,4997,4996
4996,5010,5009
5012,5013,5009
5013,5014,5008
5014,5013,5012
5010,5008,5014
5010,5014,5012
5015,5012,5011
5015,5016,5012
5010,5012,5016
5016,5015,5017
5017,5018,5016
5016,5018,5019
5016,5019,5010
5019,4940,4939
5020,4940,5019
4939,4938,5019
5019,4938,5011
5019,5018,5021
5021,5022,5019
5011,5010,5019
5019,5022,5020
5022,5023,5011
5021,5023,5022
5024,5022,4938
5024,5020,5022
5011,4938,5022
5020,5024,4935
4935,5024,4938
5018,5017,5023
5023,5021,5018
5023,5017,5011
4935,5025,5020
4940,5020,5025
5025,4935,4934
4934,5026,5025
4940,5025,5026
5026,4934,4929
4929,4928,5026
4940,5026,4928
5017,5015,5011
5010,5007,5008
5007,5010,4996
4996,5004,5007
4986,5000,5001
5001,4996,4986
5000,5027,4994
4994,4999,5000
5027,5000,4986
5027,4991,4992
4992,4994,5027
4991,5027,4986
4978,4989,4988
4978,4988,5028
4984,5028,4988
4988,4985,4984
4978,5028,4979
5028,4984,4979
4973,4975,4980
4966,4969,4976
4976,4969,4971
4976,4968,4961
4971,4980,4976
4957,4976,4961
4976,4957,4964
4964,4966,4976
4971,4973,4980
4963,4964,4957
4957,4959,4963
4959,4954,4960
4954,4959,4957
4960,4954,4953
4952,4955,4946
4955,4947,4946
4936,4946,4947
4940,4928,4931
5029,5030,5031
5031,5032,5029
5033,5032,5031
5031,5030,5033
5034,5030,5029
5033,5030,5035
5030,5034,5035
5029,5036,5034
5034,5036,5037
5038,5035,5034
5034,5039,5038
5034,5037,5039
5037,5040,5039
5040,5037,5036
5040,5041,5042
5041,5040,5036
5042,5039,5040
5041,5043,5042
5042,5043,5038
5038,5039,5042
5043,5041,5038
5044,5045,5041
5045,5038,5041
5036,5044,5041
5044,5036,5029
5029,5033,5044
5035,5044,5033
5044,5035,5045
5045,5035,5038
5032,5033,5029
5046,5047,5048
5047,5049,5048
5049,5047,5050
5047,5046,5051
5052,5050,5047
5051,5052,5047
5050,5052,5053
5052,5051,5053
5054,5055,5053
5053,5055,5056
5053,5056,5050
5053,5051,5054
5055,5054,5057
5046,5057,5054
5054,5051,5046
5057,5048,5055
5048,5057,5046
5056,5055,5048
5048,5049,5056
5050,5056,5049
5058,5059,5060
5058,5061,5059
5058,5062,5061
5063,5064,5058
5058,5065,5063
5066,5065,5058
5060,5066,5058
5058,5064,5062
5064,5063,5061
5062,5064,5061
5066,5060,5061
5065,5066,5061
5067,5060,5059
5060,5067,5061
5067,5068,5061
5068,5067,5069
5059,5069,5067
5069,5070,5068
5059,5061,5069
5069,5061,5070
5070,5061,5071
5070,5071,5072
5072,5068,5070
5072,5073,5061
5073,5072,5071
5068,5072,5061
5074,5073,5075
5075,5073,5076
5071,5076,5073
5073,5074,5061
5075,5077,5074
5074,5077,5061
5077,5075,5078
5078,5079,5077
5080,5077,5079
5077,5080,5061
5079,5081,5080
5080,5081,5061
5081,5079,5061
5079,5078,5061
5078,5075,5061
5075,5076,5061
5071,5061,5076
5063,5065,5061
5082,5083,5084
5083,5085,5084
5083,5082,5085
5082,5084,5085
5086,5087,5088
5089,5090,5091
5091,5092,5089
5092,5091,5093
5094,5091,5090
5091,5094,5095
5091,5095,5093
5096,5095,5094
5095,5096,5097
5097,5093,5095
5096,5098,5097
5097,5099,5093
5099,5097,5098
5098,5096,5100
5100,5101,5098
5089,5098,5101
5098,5092,5099
5098,5089,5092
5100,5102,5101
5101,5103,5104
5101,5104,5089
5101,5102,5105
5103,5101,5106
5101,5105,5106
5107,5108,5105
5107,5105,5102
5109,5105,5108
5109,5106,5105
5110,5108,5111
5108,5110,5109
5108,5107,5111
5112,5111,5107
5111,5113,5110
5111,5112,5114
5115,5113,5111
5111,5114,5115
5116,5113,5115
5116,5110,5113
5116,5117,5110
5118,5116,5119
5116,5118,5117
5119,5116,5115
5120,5119,5115
5119,5120,5118
5114,5120,5115
5120,5114,5118
5118,5110,5117
5110,5118,5121
5118,5112,5122
5122,5121,5118
5118,5114,5112
5109,5121,5106
5121,5109,5110
5123,5106,5121
5121,5124,5123
5121,5122,5124
5107,5124,5112
5124,5107,5125
5124,5125,5123
5122,5112,5124
5107,5126,5125
5123,5125,5126
5126,5127,5123
5127,5126,5090
5094,5090,5126
5102,5126,5107
5094,5126,5102
5127,5104,5103
5104,5127,5090
5127,5103,5123
5106,5123,5103
5100,5094,5102
5104,5090,5089
5096,5094,5100
5092,5093,5099
5128,5129,5130
5130,5131,5128
5132,5131,5130
5133,5130,5129
5133,5132,5130
5132,5133,5134
5131,5132,5135
5135,5132,5136
5136,5132,5137
5132,5134,5137
5138,5134,5133
5139,5134,5138
5137,5134,5140
5134,5141,5140
5134,5139,5141
5138,5142,5139
5143,5139,5142
5139,5144,5141
5144,5139,5143
5144,5143,5145
5143,5142,5145
5142,5138,5145
5146,5144,5145
5145,5147,5146
5147,5145,5140
5137,5140,5145
5136,5145,5138
5136,5137,5145
5140,5148,5147
5148,5146,5147
5149,5148,5150
5148,5149,5146
5151,5148,5152
5152,5148,5141
5148,5151,5150
5148,5140,5141
5153,5151,5152
5151,5154,5150
5155,5151,5153
5156,5151,5155
5157,5154,5151
5151,5156,5157
5158,5157,5159
5157,5158,5154
5159,5157,5156
5160,5159,5161
5159,5160,5158
5159,5162,5161
5159,5156,5162
5161,5163,5160
5164,5165,5161
5163,5161,5165
5166,5161,5162
5166,5164,5161
5164,5166,5162
5162,5165,5164
5163,5165,5160
5165,5167,5160
5165,5162,5156
5156,5167,5165
5160,5167,5168
5156,5168,5167
5168,5155,5158
5168,5156,5155
5160,5168,5158
5155,5169,5158
5169,5154,5158
5155,5153,5169
5149,5154,5169
5169,5170,5149
5169,5153,5170
5171,5144,5170
5170,5152,5171
5152,5170,5153
5149,5170,5144
5141,5171,5152
5171,5141,5144
5154,5149,5150
5149,5144,5146
5128,5138,5133
5128,5135,5138
5135,5136,5138
5131,5135,5128
5128,5133,5129
5172,5173,5174
5174,5175,5172
5174,5176,5175
5174,5177,5176
5178,5177,5174
5173,5178,5174
5178,5173,5179
5178,5179,5177
5176,5179,5180
5176,5177,5179
5179,5181,5180
5179,5182,5181
5173,5182,5179
5183,5180,5184
5184,5180,5185
5181,5185,5180
5180,5183,5186
5186,5176,5180
5187,5186,5188
5186,5183,5188
5175,5186,5187
5186,5175,5176
5189,5187,5190
5187,5189,5175
5190,5187,5191
5188,5191,5187
5192,5191,5193
5190,5191,5192
5191,5188,5193
5193,5188,5183
5184,5193,5183
5193,5184,5192
5192,5184,5185
5185,5190,5192
5190,5181,5189
5181,5190,5185
5172,5175,5189
5172,5189,5182
5182,5189,5181
5182,5173,5172
5194,5195,5196
5195,5197,5196
5198,5197,5195
5199,5195,5194
5199,5198,5195
5196,5200,5199
5200,5201,5199
5198,5199,5201
5199,5194,5196
5202,5201,5200
5203,5204,5201
5201,5205,5203
5201,5202,5205
5198,5201,5204
5204,5203,5206
5207,5204,5206
5204,5207,5198
5207,5206,5200
5208,5200,5206
5206,5209,5208
5209,5206,5203
5209,5210,5208
5211,5209,5203
5212,5210,5209
5213,5209,5211
5209,5213,5212
5214,5212,5213
5215,5210,5212
5214,5215,5212
5215,5214,5216
5217,5214,5218
5218,5214,5213
5217,5219,5214
5214,5219,5216
5216,5220,5221
5222,5220,5216
5215,5216,5221
5219,5222,5216
5220,5222,5223
5222,5219,5224
5224,5223,5222
5223,5224,5225
5220,5223,5226
5226,5223,5227
5223,5225,5227
5228,5229,5227
5227,5229,5226
5227,5230,5228
5227,5231,5230
5225,5231,5227
5224,5231,5225
5231,5224,5226
5226,5229,5231
5230,5231,5229
5229,5228,5230
5226,5219,5232
5226,5232,5220
5226,5224,5219
5232,5219,5217
5217,5220,5232
5211,5221,5233
5220,5233,5221
5221,5211,5215
5211,5233,5213
5213,5233,5218
5220,5218,5233
5217,5218,5220
5215,5205,5210
5215,5211,5205
5211,5203,5205
5210,5205,5202
5210,5202,5208
5200,5208,5202
5234,5198,5207
5234,5207,5200
5196,5234,5200
5234,5235,5197
5197,5198,5234
5235,5234,5196
5197,5235,5196
5236,5237,5238
5237,5239,5238
5236,5239,5237
5239,5236,5240
5238,5241,5236
5236,5242,5243
5243,5244,5236
5240,5236,5241
5245,5246,5236
5246,5247,5236
5248,5236,5247
5236,5249,5245
5249,5236,5248
5250,5251,5236
5236,5252,5250
5236,5253,5252
5236,5254,5255
5254,5236,5244
5255,5256,5236
5242,5236,5256
5236,5257,5253
5257,5236,5251
5258,5259,5236
5258,5236,5260
5259,5260,5236
5258,5257,5259
5259,5257,5261
5259,5252,5260
5259,5261,5252
5261,5257,5262
5261,5262,5243
5243,5252,5261
5258,5262,5257
5258,5243,5262
5240,5241,5243
5238,5243,5241
5248,5247,5240
5248,5240,5263
5248,5263,5243
5249,5248,5243
5264,5263,5240
5264,5243,5263
5240,5246,5264
5264,5246,5265
5264,5265,5249
5243,5264,5249
5240,5265,5266
5240,5267,5265
5268,5254,5265
5265,5246,5268
5252,5257,5265
5249,5265,5257
5269,5270,5265
5265,5271,5269
5271,5265,5272
5272,5265,5270
5267,5273,5265
5243,5265,5273
5254,5252,5265
5243,5266,5265
5272,5270,5257
5257,5268,5272
5271,5272,5268
5240,5266,5268
5243,5268,5266
5267,5240,5274
5267,5274,5243
5267,5257,5273
5257,5267,5243
5244,5274,5240
5244,5243,5274
5243,5273,5257
5269,5257,5270
5271,5275,5254
5269,5271,5254
5271,5268,5275
5275,5276,5254
5275,5252,5276
5252,5275,5268
5269,5254,5276
5269,5276,5252
5269,5277,5257
5269,5252,5277
5268,5277,5252
5268,5257,5277
5240,5268,5278
5254,5268,5246
5243,5278,5268
5240,5278,5254
5243,5254,5278
5251,5279,5257
5251,5243,5279
5250,5243,5251
5250,5257,5279
5250,5279,5243
5258,5260,5252
5252,5243,5258
5249,5257,5252
5250,5253,5257
5250,5252,5253
5242,5256,5252
5242,5255,5254
5254,5243,5242
5242,5252,5255
5255,5252,5256
5254,5244,5240
5252,5254,5245
5254,5246,5245
5245,5249,5252
5246,5240,5247
5239,5240,5243
5243,5238,5239
5280,5281,5282
5282,5283,5280
5282,5284,5283
5281,5285,5282
5282,5285,5284
5285,5281,5286
5286,5287,5285
5285,5287,5288
5285,5288,5284
5289,5288,5287
5288,5290,5284
5288,5289,5290
5291,5284,5290
5290,5292,5291
5292,5290,5293
5289,5293,5290
5293,5289,5294
5294,5295,5293
5296,5293,5295
5296,5292,5293
5297,5296,5295
5298,5292,5296
5296,5299,5298
5296,5300,5299
5301,5296,5297
5296,5301,5300
5302,5299,5300
5301,5302,5300
5299,5302,5303
5303,5302,5304
5305,5304,5302
5305,5302,5301
5306,5304,5305
5307,5308,5305
5301,5307,5305
5306,5305,5309
5310,5305,5308
5305,5310,5309
5306,5309,5311
5312,5311,5309
5309,5310,5313
5313,5312,5309
5313,5314,5312
5314,5313,5310
5315,5311,5314
5308,5315,5314
5311,5312,5314
5314,5310,5308
5315,5306,5311
5306,5315,5316
5315,5308,5316
5316,5304,5306
5316,5317,5304
5307,5316,5308
5316,5307,5317
5317,5318,5303
5317,5301,5318
5307,5301,5317
5317,5303,5304
5303,5318,5319
5297,5319,5318
5318,5301,5297
5299,5319,5320
5303,5319,5321
5322,5321,5319
5297,5322,5319
5291,5322,5297
5322,5291,5292
5322,5299,5321
5299,5322,5298
5292,5298,5322
5303,5321,5299
5297,5295,5291
5291,5295,5323
5294,5323,5295
5284,5291,5323
5324,5323,5294
5323,5324,5284
5294,5287,5324
5324,5287,5280
5284,5324,5283
5280,5283,5324
5287,5294,5289
5287,5286,5280
5281,5280,5286
5325,5326,5327
5326,5328,5327
5328,5326,5329
5326,5325,5329
5329,5330,5328
5331,5330,5329
5331,5329,5325
5332,5328,5330
5333,5332,5330
5334,5335,5330
5333,5330,5335
5330,5331,5334
5331,5336,5334
5336,5335,5334
5336,5331,5325
5325,5327,5336
5335,5336,5327
5337,5332,5333
5333,5335,5337
5337,5328,5332
5337,5327,5328
5327,5337,5335
5338,5339,5340
5339,5341,5340
5341,5339,5342
5338,5343,5339
5339,5343,5342
5343,5338,5342
5342,5344,5345
5342,5345,5341
5344,5342,5346
5342,5347,5346
5342,5338,5347
5348,5349,5346
5350,5348,5346
5351,5352,5346
5349,5351,5346
5353,5354,5346
5354,5355,5346
5346,5356,5350
5352,5353,5346
5347,5356,5346
5357,5346,5358
5344,5346,5357
5355,5358,5346
5359,5358,5355
5355,5360,5359
5360,5355,5354
5361,5359,5360
5354,5362,5360
5363,5360,5362
5360,5363,5361
5358,5359,5361
5358,5361,5364
5365,5364,5361
5361,5363,5366
5361,5366,5365
5365,5366,5367
5366,5368,5369
5366,5370,5368
5370,5366,5371
5366,5369,5367
5366,5363,5372
5372,5371,5366
5373,5367,5369
5369,5374,5373
5375,5376,5369
5369,5376,5377
5369,5378,5375
5377,5374,5369
5378,5369,5368
5379,5378,5380
5380,5378,5381
5378,5382,5381
5378,5379,5375
5383,5382,5378
5378,5384,5383
5384,5378,5368
5368,5385,5384
5386,5384,5385
5384,5387,5383
5388,5387,5384
5384,5386,5389
5389,5388,5384
5387,5388,5390
5391,5390,5388
5388,5389,5391
5392,5391,5393
5393,5391,5389
5394,5390,5391
5391,5392,5394
5395,5394,5392
5393,5396,5392
5395,5392,5396
5397,5395,5338
5395,5397,5344
5357,5395,5344
5357,5398,5395
5395,5398,5394
5395,5396,5399
5399,5338,5395
5399,5400,5401
5400,5399,5396
5402,5403,5399
5399,5403,5404
5399,5401,5402
5399,5404,5338
5402,5401,5405
5406,5405,5401
5401,5400,5406
5407,5405,5406
5405,5407,5408
5405,5408,5402
5407,5409,5410
5410,5411,5407
5386,5407,5406
5409,5407,5385
5407,5386,5385
5411,5408,5407
5410,5412,5411
5413,5408,5411
5411,5412,5413
5414,5415,5412
5413,5412,5415
5412,5410,5414
5403,5415,5414
5416,5414,5417
5417,5414,5418
5414,5410,5418
5414,5416,5403
5404,5403,5416
5404,5416,5419
5417,5419,5416
5419,5417,5420
5420,5347,5419
5419,5347,5404
5420,5421,5422
5423,5420,5422
5424,5421,5420
5424,5420,5417
5356,5347,5420
5420,5423,5356
5422,5425,5423
5426,5427,5423
5423,5425,5426
5423,5427,5356
5428,5429,5427
5427,5426,5428
5427,5429,5356
5429,5428,5430
5429,5430,5431
5429,5350,5356
5431,5350,5429
5350,5431,5432
5430,5432,5431
5385,5432,5409
5433,5409,5432
5350,5432,5434
5432,5372,5434
5371,5372,5432
5432,5425,5433
5432,5430,5425
5385,5371,5432
5422,5421,5433
5422,5433,5425
5409,5433,5424
5433,5421,5424
5434,5348,5350
5348,5434,5435
5372,5435,5434
5435,5349,5348
5349,5435,5436
5437,5436,5435
5435,5372,5437
5351,5436,5437
5351,5437,5438
5372,5439,5437
5439,5438,5437
5438,5352,5351
5352,5438,5440
5439,5440,5438
5440,5353,5352
5353,5440,5441
5441,5440,5439
5442,5362,5441
5353,5441,5362
5441,5439,5442
5362,5442,5363
5363,5442,5439
5439,5372,5363
5436,5351,5349
5425,5430,5428
5428,5426,5425
5417,5409,5424
5418,5409,5417
5418,5410,5409
5415,5402,5413
5403,5402,5415
5408,5413,5402
5443,5406,5400
5406,5443,5386
5400,5393,5443
5386,5443,5393
5347,5338,5404
5396,5393,5400
5398,5444,5390
5390,5394,5398
5444,5398,5357
5390,5444,5387
5357,5445,5444
5444,5445,5382
5383,5387,5444
5382,5383,5444
5381,5382,5445
5357,5380,5445
5381,5445,5380
5345,5344,5397
5345,5397,5340
5397,5338,5340
5389,5386,5393
5446,5371,5385
5446,5385,5447
5385,5368,5447
5446,5447,5448
5447,5449,5450
5449,5447,5451
5451,5447,5368
5448,5447,5452
5450,5453,5447
5454,5452,5447
5453,5454,5447
5453,5450,5455
5455,5456,5453
5454,5453,5456
5457,5456,5455
5458,5459,5456
5456,5457,5458
5456,5459,5454
5458,5457,5460
5461,5460,5457
5457,5462,5461
5455,5462,5457
5460,5461,5463
5463,5464,5460
5465,5460,5464
5460,5465,5458
5465,5466,5467
5467,5458,5465
5464,5468,5465
5466,5465,5468
5466,5469,5470
5470,5467,5466
5469,5466,5471
5468,5471,5466
5472,5469,5471
5473,5471,5474
5468,5474,5471
5471,5473,5472
5475,5472,5473
5476,5475,5473
5477,5478,5473
5473,5478,5476
5473,5479,5477
5473,5474,5479
5476,5480,5475
5480,5476,5481
5482,5476,5478
5482,5481,5476
5481,5483,5480
5483,5481,5484
5481,5482,5484
5484,5485,5483
5485,5484,5486
5486,5484,5482
5487,5486,5488
5488,5486,5482
5486,5487,5485
5487,5489,5490
5489,5487,5491
5488,5491,5487
5490,5485,5487
5485,5490,5492
5492,5490,5493
5490,5489,5494
5494,5493,5490
5495,5496,5493
5493,5497,5495
5493,5496,5492
5497,5493,5494
5498,5499,5496
5496,5495,5498
5500,5492,5496
5496,5499,5500
5501,5500,5499
5499,5498,5502
5499,5502,5501
5480,5500,5501
5501,5475,5480
5472,5475,5501
5501,5503,5472
5504,5503,5501
5501,5502,5504
5503,5504,5505
5505,5504,5506
5502,5506,5504
5506,5507,5505
5506,5502,5448
5507,5506,5448
5507,5452,5508
5508,5505,5507
5452,5507,5448
5459,5508,5452
5470,5505,5508
5508,5467,5470
5467,5508,5459
5505,5470,5503
5469,5472,5503
5503,5470,5469
5448,5502,5498
5500,5480,5483
5483,5492,5500
5448,5498,5495
5448,5495,5497
5494,5509,5497
5448,5497,5509
5509,5494,5510
5510,5511,5509
5448,5509,5511
5512,5513,5511
5370,5511,5513
5511,5510,5512
5511,5370,5448
5513,5512,5514
5515,5516,5512
5512,5510,5515
5514,5512,5516
5517,5518,5516
5516,5519,5517
5519,5516,5515
5516,5518,5514
5518,5517,5520
5520,5521,5518
5518,5521,5522
5522,5514,5518
5523,5514,5522
5522,5524,5523
5524,5522,5525
5525,5522,5521
5521,5526,5525
5527,5525,5526
5525,5528,5524
5528,5525,5527
5527,5529,5528
5529,5527,5530
5530,5527,5531
5526,5531,5527
5370,5528,5529
5529,5532,5370
5530,5532,5529
5533,5370,5532
5534,5533,5532
5532,5530,5534
5533,5534,5535
5535,5534,5536
5534,5530,5537
5537,5536,5534
5538,5536,5539
5536,5538,5535
5536,5537,5540
5540,5539,5536
5539,5541,5538
5542,5541,5539
5543,5539,5540
5539,5543,5542
5542,5543,5544
5543,5545,5544
5540,5545,5543
5545,5546,5544
5547,5546,5545
5545,5540,5547
5546,5548,5544
5549,5548,5546
5546,5547,5549
5520,5550,5548
5548,5550,5544
5548,5549,5520
5517,5551,5550
5550,5520,5517
5550,5551,5544
5551,5517,5519
5482,5544,5551
5551,5552,5482
5519,5552,5551
5491,5488,5552
5552,5519,5491
5488,5482,5552
5549,5526,5521
5521,5520,5549
5526,5549,5547
5547,5531,5526
5531,5547,5540
5478,5544,5482
5553,5542,5544
5554,5553,5544
5555,5554,5544
5544,5556,5555
5478,5556,5544
5556,5479,5555
5479,5556,5478
5474,5554,5555
5474,5555,5479
5553,5554,5557
5558,5557,5554
5554,5559,5558
5559,5554,5560
5561,5560,5554
5554,5474,5561
5562,5557,5558
5562,5558,5563
5563,5558,5564
5558,5559,5564
5564,5565,5563
5566,5563,5565
5563,5567,5562
5567,5563,5566
5568,5562,5567
5566,5569,5567
5570,5567,5569
5567,5570,5568
5553,5568,5541
5541,5568,5570
5557,5562,5568
5568,5553,5557
5570,5538,5541
5538,5570,5571
5569,5571,5570
5571,5535,5538
5572,5535,5571
5573,5571,5569
5571,5573,5572
5574,5575,5573
5572,5573,5575
5573,5576,5574
5569,5576,5573
5576,5569,5566
5566,5574,5576
5574,5451,5575
5577,5451,5574
5577,5574,5566
5578,5579,5577
5566,5578,5577
5580,5577,5579
5451,5577,5580
5451,5580,5581
5581,5580,5582
5579,5582,5580
5583,5582,5579
5582,5583,5584
5582,5585,5581
5584,5585,5582
5584,5586,5587
5587,5588,5584
5585,5584,5588
5586,5584,5583
5583,5589,5586
5586,5589,5590
5590,5591,5586
5587,5586,5591
5592,5593,5589
5589,5583,5592
5589,5593,5560
5560,5590,5589
5593,5592,5565
5559,5560,5593
5593,5564,5559
5565,5564,5593
5579,5592,5583
5592,5579,5578
5578,5565,5592
5561,5594,5591
5591,5594,5587
5561,5591,5590
5474,5595,5594
5594,5595,5596
5594,5561,5474
5596,5587,5594
5596,5597,5598
5598,5599,5596
5587,5596,5599
5597,5596,5595
5597,5600,5601
5600,5597,5602
5601,5598,5597
5595,5602,5597
5602,5603,5600
5474,5602,5595
5474,5603,5602
5604,5600,5603
5603,5605,5604
5603,5474,5605
5461,5604,5605
5474,5463,5605
5605,5463,5461
5600,5604,5606
5604,5461,5462
5462,5606,5604
5606,5601,5600
5607,5601,5606
5608,5606,5462
5606,5608,5607
5450,5609,5608
5607,5608,5609
5608,5455,5450
5462,5455,5608
5609,5450,5449
5610,5609,5449
5609,5610,5607
5611,5610,5449
5610,5611,5612
5612,5607,5610
5611,5613,5614
5614,5612,5611
5613,5611,5449
5615,5614,5613
5449,5616,5613
5613,5616,5615
5449,5581,5616
5616,5581,5585
5585,5615,5616
5588,5615,5585
5599,5614,5615
5615,5588,5599
5598,5612,5614
5614,5599,5598
5601,5607,5612
5612,5598,5601
5599,5588,5587
5561,5590,5560
5581,5449,5451
5565,5578,5566
5533,5572,5575
5533,5575,5370
5575,5368,5370
5575,5451,5368
5535,5572,5533
5541,5542,5553
5540,5537,5531
5531,5537,5530
5370,5524,5528
5370,5523,5524
5514,5523,5513
5370,5513,5523
5515,5491,5519
5491,5515,5489
5489,5515,5510
5510,5494,5489
5492,5483,5485
5477,5479,5478
5474,5468,5464
5474,5464,5463
5459,5458,5467
5452,5454,5459
5371,5446,5448
5371,5448,5370
5375,5379,5617
5380,5617,5379
5357,5618,5617
5375,5617,5618
5357,5617,5380
5618,5376,5375
5377,5376,5618
5618,5619,5377
5357,5619,5618
5374,5377,5619
5619,5620,5374
5357,5620,5619
5373,5374,5620
5620,5621,5373
5357,5621,5620
5373,5621,5622
5622,5621,5357
5622,5365,5373
5365,5622,5623
5623,5622,5357
5364,5623,5358
5623,5364,5365
5358,5623,5357
5367,5373,5365
5362,5354,5353
5345,5340,5341
5624,5625,5626
5626,5627,5624
5627,5626,5628
5628,5626,5629
5629,5626,5630
5625,5630,5626
5624,5631,5625
5631,5632,5625
5633,5630,5625
5632,5634,5625
5625,5635,5633
5635,5625,5634
5636,5633,5635
5630,5633,5637
5637,5633,5638
5633,5636,5638
5639,5636,5640
5640,5636,5635
5639,5638,5636
5639,5640,5641
5641,5642,5639
5638,5639,5642
5643,5641,5640
5644,5642,5641
5641,5643,5645
5645,5644,5641
5646,5644,5647
5648,5647,5644
5642,5644,5646
5648,5644,5645
5649,5647,5648
5649,5648,5650
5648,5645,5650
5651,5650,5652
5652,5650,5645
5653,5654,5650
5654,5649,5650
5655,5650,5651
5650,5655,5653
5651,5656,5655
5657,5653,5655
5657,5655,5656
5656,5658,5657
5653,5657,5658
5659,5653,5658
5656,5659,5658
5654,5653,5659
5660,5654,5659
5659,5656,5660
5649,5654,5660
5651,5660,5656
5661,5660,5651
5660,5661,5649
5651,5652,5661
5647,5661,5652
5649,5661,5647
5647,5652,5662
5652,5643,5662
5652,5645,5643
5647,5662,5646
5663,5646,5662
5663,5662,5643
5664,5663,5665
5663,5666,5665
5663,5643,5666
5646,5663,5642
5642,5663,5638
5663,5664,5638
5632,5664,5634
5640,5634,5664
5665,5640,5664
5637,5664,5667
5637,5638,5664
5664,5632,5667
5667,5628,5629
5628,5667,5631
5630,5667,5629
5631,5667,5632
5637,5667,5630
5640,5665,5666
5643,5640,5666
5634,5640,5635
5627,5631,5624
5631,5627,5628
5668,5669,5670
5668,5671,5669
5671,5668,5672
5670,5673,5668
5672,5668,5673
5674,5672,5675
5673,5675,5672
5674,5671,5672
5675,5676,5674
5677,5671,5674
5674,5676,5677
5676,5675,5677
5678,5677,5675
5677,5678,5671
5671,5678,5670
5670,5678,5673
5675,5673,5678
5670,5669,5671
5679,5680,5681
5681,5682,5679
5683,5682,5681
5680,5683,5681
5680,5684,5683
5684,5685,5683
5683,5685,5682
5686,5685,5684
5686,5682,5685
5687,5686,5684
5687,5688,5686
5682,5686,5688
5688,5687,5689
5689,5690,5688
5682,5688,5691
5688,5690,5691
5692,5693,5690
5691,5690,5693
5690,5689,5692
5694,5695,5692
5695,5696,5692
5693,5692,5696
5697,5692,5689
5694,5692,5697
5697,5698,5694
5694,5698,5699
5699,5700,5694
5694,5700,5701
5701,5695,5694
5701,5700,5696
5695,5701,5696
5700,5702,5696
5702,5700,5703
5703,5700,5691
5698,5691,5700
5700,5699,5698
5696,5702,5703
5693,5703,5691
5703,5693,5696
5679,5682,5698
5679,5698,5697
5691,5698,5682
5689,5679,5697
5679,5689,5680
5689,5687,5680
5684,5680,5687
5704,5705,5706
5705,5707,5706
5707,5705,5708
5708,5705,5704
5708,5709,5707
5709,5708,5704
5710,5708,5711
5710,5712,5708
5708,5712,5713
5713,5711,5708
5713,5709,5711
5713,5712,5714
5715,5716,5713
5713,5716,5717
5713,5718,5715
5714,5718,5713
5709,5713,5717
5717,5710,5709
5719,5710,5717
5720,5717,5716
5717,5721,5719
5717,5722,5721
5723,5722,5717
5717,5720,5723
5716,5724,5720
5723,5720,5725
5720,5724,5726
5726,5725,5720
5725,5726,5727
5727,5728,5725
5725,5728,5723
5723,5728,5727
5727,5729,5723
5729,5727,5726
5726,5724,5729
5723,5729,5715
5729,5716,5715
5729,5724,5716
5715,5722,5723
5721,5722,5718
5722,5715,5718
5719,5721,5730
5721,5718,5731
5731,5730,5721
5731,5718,5714
5732,5731,5714
5731,5733,5734
5733,5731,5732
5730,5731,5734
5732,5714,5719
5730,5732,5719
5732,5730,5735
5732,5736,5733
5735,5736,5732
5736,5735,5734
5734,5735,5730
5734,5733,5736
5714,5737,5719
5737,5710,5719
5710,5737,5738
5737,5714,5738
5738,5739,5710
5739,5738,5714
5739,5712,5710
5714,5712,5739
5710,5711,5709
5709,5706,5707
5704,5706,5709
5740,5741,5742
5741,5743,5742
5743,5741,5744
5744,5741,5745
5746,5745,5741
5740,5746,5741
5740,5747,5746
5740,5748,5747
5748,5740,5743
5740,5742,5743
5746,5747,5749
5750,5747,5748
5749,5747,5751
5747,5750,5751
5752,5750,5753
5750,5752,5751
5748,5753,5750
5754,5752,5753
5755,5756,5753
5756,5757,5753
5758,5753,5757
5753,5758,5754
5753,5748,5755
5746,5755,5745
5755,5744,5745
5755,5746,5756
5744,5755,5748
5752,5754,5759
5758,5759,5754
5760,5759,5758
5761,5762,5759
5759,5762,5752
5759,5760,5761
5762,5761,5763
5764,5763,5761
5764,5761,5760
5765,5763,5764
5766,5764,5760
5767,5764,5766
5768,5769,5764
5764,5770,5768
5764,5767,5770
5764,5769,5765
5771,5772,5769
5769,5772,5763
5763,5765,5769
5771,5769,5768
5771,5773,5774
5774,5775,5771
5773,5771,5768
5771,5775,5772
5766,5775,5767
5775,5766,5772
5770,5775,5776
5775,5770,5767
5776,5775,5774
5777,5776,5778
5770,5776,5777
5776,5774,5779
5779,5778,5776
5777,5778,5780
5781,5778,5779
5778,5781,5780
5782,5780,5781
5782,5781,5783
5779,5783,5781
5782,5784,5780
5784,5782,5783
5784,5779,5774
5774,5773,5784
5780,5784,5773
5779,5784,5783
5780,5773,5777
5768,5777,5773
5777,5768,5770
5758,5772,5766
5772,5758,5763
5760,5758,5766
5763,5758,5757
5762,5763,5785
5757,5785,5763
5785,5786,5752
5785,5752,5762
5785,5757,5786
5752,5786,5751
5787,5786,5757
5786,5787,5751
5787,5756,5749
5756,5787,5757
5749,5751,5787
5746,5749,5756
5748,5743,5744
5788,5789,5790
5790,5791,5788
5791,5790,5792
5789,5793,5790
5792,5790,5794
5795,5794,5790
5796,5790,5793
5790,5796,5795
5793,5795,5796
5793,5794,5795
5793,5789,5794
5792,5794,5797
5798,5797,5794
5798,5794,5789
5798,5788,5799
5789,5788,5798
5797,5798,5799
5799,5800,5797
5800,5799,5801
5802,5801,5799
5802,5799,5788
5802,5791,5803
5788,5791,5802
5801,5802,5804
5804,5802,5805
5802,5803,5805
5806,5804,5805
5804,5806,5801
5800,5806,5791
5801,5806,5800
5806,5803,5791
5805,5807,5806
5807,5808,5806
5803,5806,5808
5808,5809,5803
5810,5811,5808
5808,5807,5810
5809,5808,5811
5809,5805,5803
5809,5812,5805
5811,5813,5809
5813,5812,5809
5813,5814,5812
5812,5814,5805
5813,5815,5814
5807,5805,5814
5816,5814,5817
5807,5814,5816
5815,5817,5814
5817,5818,5816
5817,5819,5818
5817,5820,5819
5820,5817,5821
5817,5815,5821
5820,5821,5822
5822,5821,5823
5811,5821,5815
5823,5821,5811
5823,5819,5824
5819,5823,5818
5811,5818,5823
5825,5823,5824
5822,5823,5825
5826,5825,5824
5825,5827,5822
5825,5828,5827
5829,5828,5825
5830,5825,5826
5829,5825,5831
5825,5830,5831
5832,5829,5831
5828,5829,5832
5833,5828,5832
5832,5826,5833
5826,5832,5834
5834,5832,5835
5832,5830,5835
5832,5831,5830
5826,5834,5835
5826,5835,5830
5833,5826,5836
5828,5833,5837
5836,5837,5833
5837,5836,5820
5824,5820,5836
5826,5824,5836
5837,5820,5822
5837,5827,5828
5822,5827,5837
5819,5820,5824
5810,5816,5818
5811,5810,5818
5811,5815,5813
5816,5810,5807
5791,5797,5800
5797,5791,5792
5838,5839,5840
5840,5841,5838
5841,5840,5842
5840,5843,5844
5843,5840,5845
5840,5839,5845
5844,5842,5840
5839,5846,5842
5842,5846,5841
5847,5842,5844
5848,5842,5849
5848,5845,5842
5850,5849,5842
5850,5842,5851
5842,5852,5851
5847,5852,5842
5842,5845,5839
5852,5853,5854
5847,5855,5852
5851,5852,5855
5856,5857,5852
5852,5858,5856
5858,5852,5859
5850,5852,5857
5850,5859,5852
5857,5860,5850
5856,5851,5857
5857,5851,5860
5861,5850,5860
5861,5860,5851
5861,5862,5850
5861,5851,5856
5863,5862,5861
5861,5864,5865
5861,5865,5866
5867,5863,5861
5866,5867,5861
5861,5856,5868
5869,5861,5868
5869,5864,5861
5870,5866,5871
5866,5870,5864
5864,5872,5866
5871,5866,5872
5873,5866,5865
5867,5866,5874
5875,5874,5866
5866,5873,5875
5875,5871,5874
5876,5871,5875
5876,5875,5873
5876,5867,5871
5876,5877,5878
5876,5878,5867
5876,5879,5880
5879,5876,5873
5881,5876,5882
5876,5880,5882
5883,5877,5876
5876,5881,5883
5883,5881,5884
5885,5884,5881
5881,5886,5885
5886,5881,5882
5885,5886,5887
5888,5886,5889
5886,5882,5889
5888,5887,5886
5890,5888,5891
5888,5890,5892
5893,5887,5888
5888,5894,5893
5888,5895,5894
5892,5895,5888
5889,5896,5888
5896,5891,5888
5897,5892,5898
5899,5898,5892
5900,5901,5892
5892,5902,5900
5902,5892,5903
5901,5903,5892
5892,5904,5899
5892,5890,5904
5897,5895,5892
5904,5901,5898
5900,5898,5901
5901,5904,5903
5905,5906,5897
5905,5897,5898
5907,5897,5906
5897,5907,5908
5908,5909,5897
5909,5891,5897
5895,5897,5891
5856,5858,5908
5858,5909,5908
5907,5862,5908
5862,5868,5908
5856,5908,5868
5906,5905,5909
5905,5891,5909
5858,5906,5909
5854,5907,5906
5854,5862,5907
5906,5858,5854
5905,5898,5910
5905,5890,5891
5905,5911,5899
5905,5910,5911
5890,5905,5899
5899,5910,5898
5899,5911,5910
5911,5904,5898
5912,5911,5898
5904,5911,5912
5844,5912,5913
5912,5844,5843
5912,5914,5915
5914,5912,5916
5913,5912,5900
5898,5900,5912
5915,5904,5912
5843,5916,5912
5916,5843,5917
5918,5916,5917
5914,5916,5918
5917,5919,5918
5918,5919,5920
5920,5921,5918
5918,5921,5914
5919,5917,5913
5914,5920,5919
5919,5913,5900
5919,5915,5914
5902,5915,5919
5900,5902,5919
5921,5920,5922
5921,5923,5924
5923,5921,5922
5921,5924,5925
5925,5914,5921
5924,5846,5926
5846,5924,5923
5924,5884,5925
5924,5922,5927
5922,5924,5926
5928,5924,5927
5884,5924,5928
5927,5929,5928
5929,5883,5928
5928,5930,5884
5928,5883,5930
5929,5930,5883
5929,5884,5930
5927,5925,5929
5925,5887,5929
5887,5884,5929
5885,5931,5929
5885,5929,5893
5893,5929,5931
5885,5887,5931
5893,5931,5887
5927,5922,5920
5927,5920,5914
5914,5925,5927
5870,5926,5846
5838,5926,5872
5838,5922,5926
5872,5926,5870
5884,5887,5925
5922,5838,5841
5841,5923,5922
5923,5841,5846
5913,5917,5844
5844,5917,5848
5848,5917,5845
5845,5917,5843
5904,5915,5902
5904,5890,5899
5902,5903,5904
5891,5896,5895
5896,5889,5894
5894,5895,5896
5889,5877,5894
5893,5894,5877
5893,5883,5885
5883,5893,5877
5877,5889,5882
5883,5884,5885
5882,5878,5877
5878,5882,5880
5867,5880,5932
5932,5880,5879
5880,5867,5878
5932,5868,5863
5869,5868,5932
5932,5863,5867
5879,5869,5932
5864,5879,5873
5869,5879,5864
5870,5933,5873
5873,5934,5870
5871,5873,5933
5873,5871,5934
5873,5865,5864
5870,5934,5933
5871,5933,5934
5871,5872,5870
5867,5874,5871
5864,5846,5872
5872,5846,5839
5839,5838,5872
5864,5870,5846
5868,5862,5863
5854,5850,5862
5858,5859,5854
5850,5854,5859
5847,5853,5855
5851,5855,5853
5853,5847,5848
5849,5853,5848
5853,5849,5850
5851,5853,5850
5848,5847,5844
5935,5936,5937
5935,5938,5936
5935,5939,5938
5940,5941,5935
5935,5937,5940
5939,5935,5941
5939,5942,5938
5943,5942,5939
5939,5941,5943
5944,5945,5943
5943,5946,5944
5947,5946,5943
5943,5948,5942
5949,5948,5943
5943,5945,5949
5947,5943,5950
5943,5941,5938
5950,5943,5938
5951,5950,5938
5952,5947,5950
5951,5952,5950
5952,5951,5938
5947,5952,5938
5942,5948,5938
5948,5949,5938
5946,5947,5938
5949,5945,5938
5945,5944,5938
5944,5946,5938
5941,5940,5938
5937,5953,5938
5940,5937,5938
5953,5937,5936
5953,5936,5938
5954,5955,5956
5954,5957,5955
5954,5958,5957
5956,5958,5954
5959,5958,5956
5958,5959,5957
5956,5960,5959
5959,5960,5957
5961,5960,5956
5960,5961,5957
5962,5961,5956
5961,5962,5957
5962,5956,5957
5963,5956,5955
5956,5963,5957
5964,5965,5963
5963,5966,5964
5963,5967,5966
5967,5963,5968
5955,5968,5963
5963,5965,5957
5964,5969,5965
5965,5969,5957
5969,5964,5970
5969,5970,5971
5971,5972,5969
5969,5972,5957
5970,5964,5957
5971,5970,5957
5972,5973,5957
5972,5971,5973
5973,5971,5957
5967,5968,5957
5955,5957,5968
5966,5967,5957
5964,5966,5957
5974,5975,5976
5976,5977,5974
5976,5975,5977
5975,5974,5977
5978,5975,5979
5978,5980,5975
5979,5975,5980
5979,5980,5974
5978,5974,5980
5974,5978,5979
5981,5982,5983
5983,5984,5981
5984,5983,5985
5983,5986,5987
5986,5983,5982
5988,5985,5983
5983,5989,5988
5989,5983,5987
5987,5986,5985
5985,5988,5987
5989,5987,5988
5990,5984,5985
5985,5986,5990
5991,5990,5986
5991,5992,5990
5984,5990,5992
5992,5991,5993
5992,5994,5995
5992,5993,5994
5992,5996,5984
5996,5992,5997
5992,5995,5997
5995,5998,5997
5998,5995,5994
5998,5999,6000
5999,5998,5994
5997,5998,6001
6001,5998,6002
6002,5998,6000
6003,6004,6000
6000,5999,6003
6005,6000,6004
6002,6000,6005
6005,6004,6006
6005,6006,5997
5997,6002,6005
6007,5997,6006
6007,6006,6008
6006,6004,6009
6006,6010,6008
6006,6009,6010
6011,6009,6004
6011,6010,6009
6011,6012,6010
6012,6011,6003
6004,6003,6011
6013,6010,6012
6003,6014,6012
6014,6013,6012
6010,6013,6015
6016,6013,6014
6013,6016,6015
6017,6018,6016
6017,6016,6014
6018,6019,6016
6015,6016,6019
6019,6018,6020
6019,6021,6015
6019,6020,6021
6018,6022,6020
6022,6021,6020
6015,6022,6010
6010,6022,6023
6022,6024,6023
6022,6017,6024
6018,6017,6022
6022,6015,6021
6014,6024,6017
6024,6014,6008
6023,6024,6008
6008,6010,6023
6003,6008,6014
6008,6003,6007
5999,6025,6007
5997,6007,6025
6007,6003,5999
5999,6026,6025
5997,6025,6026
6026,5999,6027
5996,5997,6026
5996,6026,5984
6028,5984,6026
6026,6027,6028
6028,6027,5982
5991,5982,6027
5991,6027,5993
6027,5994,5993
5999,5994,6027
5982,5981,6028
5984,6028,5981
6002,5997,6001
5982,5991,5986
6029,6030,6031
6030,6032,6031
6033,6032,6030
6030,6029,6033
6034,6033,6035
6033,6034,6032
6033,6036,6035
6033,6029,6036
6034,6035,6037
6038,6037,6035
6035,6039,6038
6035,6040,6039
6036,6040,6035
6040,6041,6039
6041,6040,6042
6036,6042,6040
6041,6042,6043
6029,6043,6042
6029,6042,6036
6044,6038,6043
6043,6038,6045
6045,6041,6043
6043,6029,6044
6046,6045,6038
6045,6047,6041
6046,6048,6045
6048,6047,6045
6049,6047,6048
6050,6048,6051
6050,6049,6048
6046,6051,6048
6051,6046,6052
6052,6053,6051
6051,6053,6050
6054,6053,6055
6054,6056,6053
6055,6053,6057
6053,6052,6057
6056,6050,6053
6056,6058,6050
6054,6059,6056
6060,6058,6056
6060,6056,6061
6062,6056,6059
6056,6062,6061
6061,6062,6063
6064,6061,6065
6061,6064,6060
6061,6066,6065
6066,6061,6063
6063,6062,6067
6063,6067,6066
6062,6065,6067
6067,6065,6066
6064,6065,6068
6059,6068,6065
6059,6065,6062
6068,6059,6069
6068,6060,6064
6069,6058,6068
6058,6060,6068
6059,6054,6069
6055,6069,6054
6055,6049,6069
6058,6069,6049
6050,6058,6049
6057,6039,6041
6057,6052,6039
6055,6057,6047
6057,6041,6047
6047,6049,6055
6046,6039,6052
6046,6038,6039
6070,6037,6044
6071,6070,6044
6071,6044,6029
6038,6044,6037
6071,6031,6070
6031,6071,6029
6070,6072,6034
6070,6031,6072
6070,6034,6037
6072,6032,6034
6072,6031,6032
6073,6074,6075
6073,6076,6074
6077,6076,6073
6078,6073,6079
6079,6073,6075
6073,6078,6077
6079,6080,6078
6077,6078,6081
6082,6078,6080
6081,6078,6083
6084,6083,6078
6078,6085,6084
6085,6078,6086
6082,6086,6078
6086,6082,6083
6083,6082,6087
6087,6082,6080
6081,6087,6075
6087,6088,6075
6080,6088,6087
6083,6087,6081
6079,6075,6088
6088,6089,6079
6089,6088,6090
6091,6090,6088
6092,6088,6080
6092,6091,6088
6093,6090,6091
6094,6095,6091
6091,6095,6093
6094,6091,6092
6092,6080,6094
6095,6094,6096
6094,6097,6098
6094,6080,6097
6094,6099,6096
6094,6098,6100
6094,6100,6099
6096,6100,6097
6100,6096,6101
6100,6101,6097
6102,6100,6098
6103,6099,6100
6100,6104,6103
6102,6104,6100
6102,6105,6104
6103,6104,6106
6105,6107,6104
6104,6107,6108
6104,6108,6109
6109,6106,6104
6109,6108,6105
6108,6110,6111
6108,6111,6105
6112,6110,6108
6108,6107,6112
6113,6112,6084
6112,6114,6084
6114,6112,6107
6115,6112,6113
6116,6112,6115
6112,6116,6110
6115,6117,6116
6118,6116,6117
6119,6120,6116
6119,6116,6118
6120,6121,6116
6110,6116,6121
6122,6118,6123
6124,6118,6122
6118,6117,6123
6125,6119,6118
6124,6125,6118
6126,6127,6125
6128,6125,6127
6119,6125,6128
6125,6124,6126
6128,6126,6124
6126,6129,6127
6126,6128,6130
6130,6129,6126
6127,6129,6131
6131,6129,6132
6130,6124,6129
6133,6132,6129
6124,6134,6129
6133,6129,6134
6134,6124,6122
6133,6134,6122
6096,6103,6133
6133,6135,6096
6135,6133,6136
6133,6137,6130
6133,6103,6137
6122,6136,6133
6133,6130,6132
6103,6136,6122
6136,6106,6135
6103,6106,6136
6137,6128,6138
6137,6138,6130
6137,6103,6122
6123,6137,6122
6137,6123,6128
6139,6138,6128
6139,6130,6138
6140,6131,6139
6141,6140,6139
6130,6139,6131
6127,6139,6128
6139,6127,6141
6141,6142,6143
6143,6140,6141
6141,6127,6144
6144,6142,6141
6076,6142,6074
6076,6145,6142
6143,6142,6145
6146,6074,6142
6142,6147,6146
6147,6142,6144
6144,6148,6147
6149,6146,6147
6147,6148,6149
6145,6076,6148
6076,6077,6148
6148,6144,6145
6150,6148,6077
6149,6148,6151
6148,6152,6151
6148,6153,6152
6150,6153,6148
6153,6150,6149
6153,6149,6154
6151,6155,6153
6151,6153,6120
6121,6120,6153
6154,6152,6153
6121,6153,6113
6113,6153,6155
6153,6156,6157
6156,6153,6158
6153,6157,6158
6151,6156,6155
6113,6155,6156
6154,6158,6157
6154,6157,6156
6156,6158,6154
6156,6115,6113
6156,6159,6115
6151,6159,6156
6149,6160,6159
6154,6149,6159
6159,6151,6120
6154,6159,6160
6159,6120,6119
6119,6115,6159
6149,6151,6160
6154,6160,6151
6154,6151,6152
6146,6150,6077
6149,6150,6146
6077,6074,6146
6143,6145,6161
6161,6145,6144
6095,6089,6161
6161,6089,6090
6090,6143,6161
6161,6093,6095
6131,6093,6161
6144,6131,6161
6127,6131,6144
6143,6090,6140
6140,6090,6131
6135,6095,6096
6095,6135,6162
6135,6163,6162
6135,6097,6163
6102,6135,6106
6135,6102,6097
6095,6162,6163
6095,6163,6097
6162,6096,6097
6162,6101,6096
6162,6097,6101
6131,6132,6130
6093,6131,6090
6130,6128,6124
6128,6123,6119
6123,6117,6119
6121,6113,6110
6117,6115,6119
6113,6084,6164
6113,6085,6111
6113,6164,6085
6113,6111,6110
6114,6164,6084
6114,6085,6164
6086,6165,6114
6085,6114,6166
6105,6166,6114
6114,6107,6105
6166,6167,6085
6166,6086,6167
6105,6086,6166
6111,6167,6086
6111,6085,6167
6085,6168,6165
6083,6165,6168
6165,6084,6085
6083,6084,6165
6085,6086,6168
6083,6168,6086
6105,6111,6086
6106,6109,6102
6105,6102,6109
6102,6098,6097
6103,6096,6099
6095,6097,6080
6089,6095,6080
6080,6079,6089
6081,6075,6077
6075,6074,6077
6169,6170,6171
6170,6172,6171
6173,6172,6170
6169,6173,6170
6173,6169,6174
6174,6175,6173
6175,6176,6173
6172,6173,6177
6177,6173,6176
6178,6179,6176
6177,6176,6179
6176,6175,6180
6176,6180,6178
6169,6178,6181
6178,6169,6179
6182,6183,6178
6182,6178,6180
6181,6178,6183
6169,6181,6174
6183,6174,6181
6174,6183,6184
6183,6185,6184
6185,6183,6182
6186,6184,6185
6187,6185,6188
6188,6185,6180
6185,6187,6189
6189,6186,6185
6185,6182,6180
6186,6189,6190
6190,6184,6186
6191,6190,6189
6184,6190,6192
6193,6190,6191
6192,6190,6194
6195,6194,6190
6190,6193,6195
6196,6195,6193
6193,6191,6196
6197,6195,6196
6198,6196,6191
6196,6198,6197
6199,6195,6197
6200,6197,6198
6200,6199,6197
6199,6201,6195
6202,6201,6199
6203,6199,6200
6203,6202,6199
6202,6204,6201
6204,6202,6205
6202,6203,6206
6205,6202,6207
6206,6208,6202
6202,6208,6207
6209,6208,6206
6207,6208,6209
6206,6210,6209
6207,6209,6210
6210,6206,6211
6210,6211,6207
6211,6206,6200
6205,6207,6211
6211,6200,6205
6206,6203,6200
6198,6205,6200
6198,6204,6205
6204,6198,6212
6204,6212,6194
6201,6204,6194
6213,6212,6191
6198,6191,6212
6213,6194,6212
6213,6191,6214
6214,6192,6213
6192,6194,6213
6188,6214,6187
6187,6214,6191
6214,6188,6192
6194,6195,6201
6192,6215,6184
6192,6188,6215
6215,6175,6184
6175,6215,6216
6215,6188,6216
6216,6180,6175
6180,6216,6188
6189,6187,6191
6174,6184,6175
6177,6179,6217
6179,6171,6217
6179,6169,6171
6172,6177,6217
6172,6217,6171
6218,6219,6220
6221,6222,6219
6222,6223,6219
6224,6219,6223
6219,6224,6221
6225,6226,6219
6219,6227,6225
6227,6219,6226
6227,6226,6221
6225,6221,6226
6228,6225,6227
6229,6228,6227
6221,6229,6227
6228,6229,6221
6228,6221,6225
6224,6222,6221
6224,6223,6220
6224,6220,6222
6224,6230,6231
6230,6224,6232
6224,6231,6232
6224,6233,6234
6234,6235,6224
6224,6235,6233
6222,6234,6233
6222,6233,6235
6234,6222,6235
6220,6232,6231
6220,6231,6230
6230,6232,6220
6222,6220,6223
6236,6237,6238
6236,6239,6237
6240,6239,6236
6238,6240,6236
6240,6241,6239
6240,6238,6242
6243,6241,6240
6240,6242,6243
6244,6242,6238
6242,6244,6245
6246,6243,6242
6245,6246,6242
6246,6247,6243
6246,6248,6247
6246,6245,6249
6246,6249,6248
6250,6251,6248
6248,6251,6247
6252,6248,6249
6248,6253,6250
6254,6253,6248
6255,6254,6248
6248,6256,6255
6248,6252,6256
6252,6257,6256
6257,6252,6258
6249,6258,6252
6256,6257,6259
6259,6257,6258
6260,6261,6259
6259,6258,6260
6259,6255,6256
6262,6263,6259
6259,6264,6262
6259,6265,6264
6265,6259,6261
6259,6266,6267
6268,6266,6259
6259,6263,6268
6259,6253,6269
6259,6269,6255
6259,6267,6250
6259,6250,6253
6261,6260,6270
6270,6271,6261
6261,6271,6272
6261,6272,6273
6261,6273,6274
6261,6274,6275
6275,6263,6261
6276,6261,6263
6276,6265,6261
6277,6276,6262
6262,6276,6263
6265,6276,6278
6277,6278,6276
6279,6278,6277
6278,6279,6280
6280,6281,6278
6281,6282,6278
6282,6283,6278
6278,6283,6265
6284,6283,6285
6284,6286,6283
6283,6286,6287
6287,6265,6283
6285,6283,6288
6283,6282,6288
6289,6288,6282
6290,6291,6288
6285,6288,6291
6288,6289,6290
6282,6292,6289
6292,6293,6289
6290,6289,6293
6294,6293,6292
6293,6295,6290
6296,6295,6293
6293,6294,6296
6297,6296,6294
6297,6298,6296
6295,6296,6298
6294,6299,6297
6300,6297,6301
6297,6300,6298
6301,6297,6302
6297,6299,6303
6303,6302,6297
6299,6279,6304
6279,6299,6305
6306,6299,6307
6305,6299,6306
6299,6294,6307
6299,6304,6308
6308,6303,6299
6279,6305,6309
6305,6310,6309
6310,6305,6306
6281,6309,6310
6310,6306,6281
6279,6309,6280
6280,6309,6281
6304,6311,6308
6302,6303,6308
6308,6312,6302
6312,6308,6311
6313,6311,6304
6311,6314,6312
6314,6311,6313
6313,6315,6314
6316,6315,6313
6313,6317,6316
6318,6317,6313
6304,6318,6313
6319,6318,6304
6317,6318,6320
6320,6318,6321
6319,6321,6318
6322,6321,6319
6323,6321,6322
6321,6323,6320
6322,6301,6323
6301,6320,6323
6319,6324,6322
6325,6301,6322
6322,6324,6325
6326,6324,6319
6324,6326,6327
6327,6325,6324
6327,6328,6301
6301,6325,6327
6327,6329,6328
6329,6327,6326
6328,6329,6330
6326,6331,6329
6329,6331,6332
6332,6330,6329
6330,6333,6328
6334,6330,6332
6335,6333,6330
6330,6334,6335
6334,6336,6337
6337,6338,6334
6332,6336,6334
6339,6334,6338
6335,6334,6339
6335,6339,6333
6333,6339,6340
6340,6339,6338
6341,6342,6340
6343,6340,6342
6344,6340,6328
6340,6343,6328
6340,6345,6341
6340,6346,6345
6346,6340,6347
6340,6338,6347
6340,6348,6333
6340,6349,6348
6349,6340,6344
6343,6301,6328
6301,6343,6350
6342,6350,6343
6350,6351,6301
6351,6350,6352
6350,6353,6352
6353,6350,6354
6354,6350,6355
6355,6350,6342
6355,6342,6354
6356,6357,6354
6354,6357,6353
6342,6356,6354
6358,6357,6356
6356,6359,6360
6361,6359,6356
6360,6358,6356
6356,6342,6361
6360,6359,6362
6360,6362,6358
6358,6362,6353
6363,6353,6362
6362,6364,6363
6364,6362,6365
6365,6362,6359
6365,6359,6364
6364,6366,6363
6366,6364,6359
6363,6366,6367
6368,6367,6366
6368,6366,6359
6369,6368,6277
6368,6370,6277
6371,6370,6368
6372,6373,6368
6372,6368,6361
6359,6361,6368
6374,6368,6375
6375,6368,6373
6374,6371,6368
6369,6367,6368
6369,6277,6367
6375,6371,6374
6370,6371,6376
6371,6377,6378
6377,6371,6375
6378,6379,6371
6371,6379,6380
6376,6371,6381
6380,6381,6371
6382,6381,6383
6376,6381,6382
6381,6380,6383
6383,6380,6384
6384,6385,6383
6386,6383,6385
6387,6383,6388
6383,6387,6382
6389,6388,6383
6383,6386,6389
6390,6389,6386
6386,6385,6391
6386,6391,6390
6392,6391,6393
6394,6393,6391
6385,6395,6391
6390,6391,6396
6394,6391,6397
6391,6395,6397
6398,6391,6392
6396,6391,6398
6398,6399,6396
6398,6392,6400
6400,6401,6398
6399,6398,6401
6388,6396,6399
6388,6399,6402
6401,6402,6399
6402,6395,6388
6402,6401,6403
6397,6402,6403
6402,6397,6395
6404,6403,6405
6405,6403,6401
6403,6404,6397
6397,6404,6394
6394,6404,6406
6404,6407,6406
6404,6408,6407
6408,6404,6405
6407,6408,6409
6409,6408,6405
6409,6410,6411
6411,6412,6409
6410,6409,6413
6409,6412,6407
6413,6409,6393
6393,6409,6392
6409,6405,6400
6400,6392,6409
6412,6414,6406
6415,6414,6412
6412,6411,6415
6406,6407,6412
6416,6415,6411
6415,6416,6417
6417,6418,6415
6414,6415,6418
6417,6416,6419
6417,6420,6421
6418,6417,6421
6417,6419,6420
6419,6422,6420
6423,6420,6422
6424,6425,6420
6425,6426,6420
6426,6427,6420
6420,6427,6428
6420,6428,6429
6420,6423,6430
6430,6424,6420
6429,6421,6420
6431,6432,6426
6432,6433,6426
6434,6431,6426
6427,6426,6433
6435,6434,6426
6425,6435,6426
6435,6436,6437
6437,6434,6435
6438,6436,6435
6435,6439,6438
6440,6435,6425
6440,6439,6435
6441,6438,6439
6440,6442,6439
6439,6442,6441
6438,6441,6443
6442,6432,6441
6443,6441,6432
6444,6443,6431
6444,6445,6443
6432,6431,6443
6438,6443,6446
6445,6446,6443
6446,6445,6447
6448,6447,6445
6445,6444,6449
6449,6450,6445
6450,6448,6445
6451,6449,6452
6449,6453,6452
6444,6437,6449
6449,6451,6450
6437,6454,6449
6453,6449,6454
6453,6454,6455
6455,6454,6436
6454,6437,6436
6436,6446,6455
6455,6446,6447
6447,6453,6455
6453,6447,6452
6451,6452,6448
6450,6451,6448
6448,6452,6447
6436,6438,6446
6437,6444,6431
6432,6442,6433
6456,6433,6442
6442,6440,6456
6457,6456,6440
6456,6457,6458
6458,6433,6456
6458,6457,6459
6459,6427,6458
6427,6433,6458
6457,6460,6459
6461,6427,6459
6461,6459,6460
6460,6457,6425
6460,6425,6462
6462,6461,6460
6425,6463,6462
6463,6461,6462
6463,6425,6464
6464,6461,6463
6425,6424,6464
6422,6465,6464
6464,6423,6422
6465,6421,6464
6464,6466,6461
6424,6430,6464
6464,6430,6423
6464,6421,6466
6428,6466,6429
6429,6466,6421
6428,6461,6466
6422,6416,6465
6465,6416,6467
6421,6465,6418
6418,6465,6414
6468,6414,6465
6410,6468,6465
6410,6465,6467
6411,6467,6416
6467,6411,6410
6468,6410,6413
6413,6414,6468
6427,6461,6428
6440,6425,6457
6437,6431,6434
6416,6422,6419
6413,6394,6414
6394,6406,6414
6469,6394,6413
6393,6469,6413
6469,6393,6394
6400,6405,6401
6388,6390,6396
6395,6384,6470
6384,6395,6385
6388,6395,6387
6470,6387,6395
6387,6470,6382
6382,6470,6471
6472,6471,6470
6470,6384,6472
6472,6473,6474
6473,6472,6380
6475,6471,6472
6472,6384,6380
6474,6475,6472
6476,6475,6477
6475,6476,6478
6479,6480,6475
6480,6477,6475
6475,6481,6479
6481,6475,6474
6475,6478,6471
6474,6482,6481
6481,6482,6483
6484,6481,6485
6476,6481,6484
6486,6481,6476
6481,6483,6485
6481,6486,6479
6477,6487,6486
6477,6486,6476
6479,6486,6488
6488,6486,6487
6486,6489,6490
6488,6487,6490
6479,6488,6490
6491,6480,6490
6490,6477,6491
6490,6492,6493
6477,6490,6487
6490,6494,6495
6494,6490,6496
6490,6495,6496
6479,6490,6497
6480,6497,6490
6480,6493,6497
6479,6497,6493
6491,6496,6495
6491,6495,6494
6494,6496,6491
6480,6479,6493
6491,6477,6480
6483,6482,6498
6499,6483,6498
6500,6483,6501
6501,6483,6499
6502,6485,6483
6500,6502,6483
6498,6503,6499
6503,6504,6499
6499,6504,6501
6504,6503,6505
6501,6504,6506
6505,6506,6504
6506,6500,6501
6505,6507,6506
6508,6500,6506
6506,6507,6508
6509,6508,6507
6500,6508,6509
6510,6502,6509
6509,6502,6500
6509,6505,6510
6507,6505,6509
6510,6511,6512
6511,6510,6513
6513,6510,6505
6512,6502,6510
6514,6515,6513
6513,6505,6514
6515,6516,6513
6511,6513,6517
6513,6518,6519
6518,6513,6516
6517,6513,6519
6520,6519,6521
6519,6520,6517
6518,6521,6519
6521,6522,6520
6522,6521,6523
6521,6518,6523
6524,6523,6525
6523,6524,6522
6523,6526,6527
6526,6523,6518
6523,6528,6525
6527,6528,6523
6528,6527,6529
6527,6530,6529
6530,6527,6531
6532,6533,6527
6532,6527,6526
6531,6527,6534
6534,6527,6533
6534,6535,6531
6536,6535,6534
6536,6534,6533
6536,6533,6531
6531,6535,6536
6537,6533,6532
6537,6538,6533
6538,6531,6533
6538,6530,6531
6530,6538,6539
6538,6537,6540
6538,6540,6539
6530,6539,6541
6539,6542,6543
6539,6540,6542
6539,6544,6541
6539,6545,6544
6545,6539,6543
6543,6546,6547
6543,6547,6548
6549,6543,6550
6549,6541,6543
6543,6548,6550
6543,6551,6552
6551,6543,6553
6543,6552,6553
6543,6542,6546
6545,6543,6541
6548,6542,6554
6546,6542,6548
6548,6554,6546
6555,6548,6547
6555,6550,6548
6530,6556,6555
6555,6554,6530
6545,6555,6556
6555,6546,6557
6547,6558,6555
6554,6555,6558
6541,6555,6545
6555,6541,6559
6559,6550,6555
6549,6560,6559
6541,6561,6559
6550,6559,6561
6541,6549,6561
6550,6561,6549
6547,6546,6558
6554,6558,6546
6530,6557,6556
6557,6530,6541
6545,6556,6557
6557,6541,6544
6557,6544,6545
6554,6529,6530
6542,6562,6554
6563,6554,6564
6564,6554,6562
6565,6529,6554
6554,6566,6565
6554,6567,6566
6554,6568,6569
6568,6554,6563
6567,6554,6570
6554,6569,6570
6571,6569,6568
6571,6570,6569
6571,6566,6567
6567,6570,6571
6568,6565,6571
6571,6565,6566
6570,6572,6573
6570,6574,6572
6570,6565,6574
6570,6575,6565
6570,6576,6568
6568,6577,6570
6563,6578,6570
6570,6579,6563
6570,6577,6576
6578,6580,6570
6580,6581,6570
6575,6570,6581
6579,6570,6582
6570,6573,6583
6583,6582,6570
6579,6582,6568
6582,6584,6568
6582,6583,6584
6579,6568,6584
6579,6584,6583
6568,6572,6583
6564,6529,6583
6564,6583,6585
6583,6586,6565
6565,6585,6583
6583,6563,6579
6583,6578,6587
6578,6583,6588
6583,6587,6563
6588,6583,6573
6586,6583,6589
6529,6589,6583
6586,6589,6572
6529,6572,6589
6529,6586,6572
6529,6565,6586
6564,6585,6568
6565,6568,6585
6588,6572,6574
6588,6573,6572
6588,6574,6565
6578,6588,6565
6587,6578,6563
6575,6581,6567
6580,6575,6567
6580,6565,6575
6567,6576,6577
6567,6568,6576
6578,6565,6580
6580,6567,6581
6568,6567,6577
6567,6572,6565
6563,6564,6568
6542,6590,6562
6564,6562,6591
6592,6593,6562
6562,6594,6592
6562,6595,6594
6596,6597,6562
6562,6598,6596
6593,6598,6562
6562,6599,6600
6599,6562,6601
6597,6601,6562
6590,6602,6562
6562,6603,6595
6562,6600,6603
6604,6605,6562
6604,6562,6606
6607,6606,6562
6608,6562,6605
6608,6607,6562
6591,6562,6602
6609,6591,6542
6610,6591,6609
6611,6542,6591
6610,6564,6591
6611,6591,6603
6603,6591,6599
6591,6602,6599
6603,6542,6611
6611,6594,6595
6595,6612,6611
6600,6611,6612
6611,6600,6599
6613,6614,6611
6611,6599,6613
6611,6615,6616
6611,6614,6615
6611,6616,6617
6594,6611,6617
6618,6617,6616
6619,6617,6618
6617,6619,6594
6618,6620,6621
6616,6620,6618
6621,6622,6618
6618,6622,6619
6615,6621,6620
6623,6621,6615
6621,6624,6625
6625,6622,6621
6621,6626,6624
6626,6621,6627
6621,6623,6627
6615,6614,6623
6623,6614,6613
6613,6627,6623
6628,6627,6629
6627,6613,6629
6627,6628,6626
6630,6628,6629
6626,6628,6630
6631,6630,6632
6629,6632,6630
6626,6630,6631
6601,6626,6631
6631,6633,6601
6632,6633,6631
6601,6633,6599
6633,6632,6599
6599,6632,6629
6599,6629,6613
6634,6626,6601
6624,6626,6635
6634,6635,6626
6596,6635,6634
6634,6597,6596
6601,6597,6634
6596,6598,6635
6635,6636,6624
6636,6635,6598
6636,6637,6624
6637,6636,6593
6598,6593,6636
6624,6637,6638
6638,6637,6592
6593,6592,6637
6624,6638,6625
6639,6625,6638
6592,6639,6638
6625,6639,6619
6594,6619,6639
6639,6592,6594
6619,6622,6625
6620,6616,6615
6595,6603,6612
6600,6612,6603
6610,6609,6640
6641,6642,6610
6641,6610,6643
6610,6644,6643
6645,6610,6642
6646,6564,6610
6646,6610,6647
6647,6610,6645
6648,6610,6640
6649,6610,6648
6610,6649,6644
6650,6643,6644
6650,6644,6649
6651,6643,6650
6649,6652,6650
6651,6650,6652
6609,6643,6651
6652,6609,6651
6651,6653,6654
6654,6655,6651
6655,6656,6651
6657,6658,6651
6658,6659,6651
6640,6651,6659
6657,6651,6660
6660,6651,6661
6651,6640,6662
6651,6662,6648
6651,6663,6649
6651,6648,6663
6653,6651,6656
6649,6661,6651
6651,6664,6665
6664,6651,6666
6651,6665,6666
6657,6665,6664
6657,6666,6665
6664,6666,6657
6655,6643,6656
6653,6656,6643
6661,6667,6643
6660,6661,6643
6661,6649,6667
6660,6643,6667
6660,6667,6649
6653,6643,6668
6653,6668,6648
6648,6654,6653
6649,6668,6643
6668,6649,6669
6668,6669,6648
6643,6669,6649
6643,6648,6669
6662,6649,6663
6662,6663,6648
6649,6662,6640
6660,6640,6657
6640,6660,6649
6657,6640,6658
6659,6670,6640
6658,6652,6659
6659,6652,6670
6658,6640,6670
6658,6670,6652
6643,6655,6652
6654,6652,6655
6654,6648,6643
6652,6654,6643
6640,6609,6652
6648,6640,6652
6652,6671,6672
6672,6673,6652
6652,6673,6671
6649,6648,6652
6674,6671,6673
6674,6672,6671
6674,6675,6676
6675,6674,6640
6673,6640,6674
6674,6676,6672
6648,6676,6675
6648,6672,6676
6672,6675,6640
6672,6648,6675
6672,6640,6673
6677,6564,6646
6646,6647,6678
6677,6646,6678
6679,6646,6645
6646,6680,6645
6679,6681,6646
6681,6682,6646
6680,6646,6682
6683,6646,6684
6683,6685,6646
6685,6686,6646
6684,6646,6686
6683,6684,6647
6686,6687,6684
6647,6684,6687
6686,6683,6687
6647,6687,6683
6681,6647,6682
6680,6682,6647
6686,6688,6683
6686,6685,6688
6677,6683,6688
6677,6688,6685
6683,6677,6685
6680,6689,6690
6690,6645,6680
6680,6647,6689
6677,6689,6647
6677,6690,6689
6564,6691,6690
6642,6564,6690
6642,6690,6692
6678,6690,6691
6678,6692,6690
6677,6693,6690
6647,6694,6690
6695,6696,6690
6695,6690,6697
6690,6696,6645
6697,6690,6693
6697,6693,6694
6677,6694,6693
6564,6694,6691
6691,6694,6698
6691,6698,6678
6564,6698,6694
6564,6678,6698
6642,6692,6647
6678,6647,6692
6697,6694,6699
6694,6700,6701
6678,6694,6701
6694,6678,6700
6702,6699,6694
6694,6677,6702
6679,6678,6702
6679,6702,6677
6702,6678,6699
6697,6699,6678
6703,6700,6678
6700,6703,6704
6700,6704,6701
6677,6704,6703
6677,6701,6704
6701,6703,6678
6701,6677,6703
6696,6679,6645
6679,6696,6695
6695,6697,6678
6679,6695,6678
6679,6677,6681
6647,6681,6677
6678,6564,6677
6645,6642,6647
6525,6528,6642
6528,6564,6642
6642,6641,6525
6643,6705,6641
6643,6609,6705
6609,6706,6705
6641,6705,6525
6707,6705,6708
6708,6705,6706
6707,6709,6705
6525,6705,6709
6706,6710,6711
6711,6712,6706
6706,6609,6710
6706,6712,6713
6713,6714,6706
6706,6714,6525
6525,6708,6706
6715,6714,6716
6715,6525,6714
6717,6716,6714
6714,6713,6717
6716,6713,6718
6718,6719,6716
6720,6716,6719
6713,6716,6717
6721,6722,6716
6722,6723,6716
6724,6716,6723
6724,6721,6716
6716,6720,6715
6720,6725,6524
6524,6715,6720
6719,6725,6720
6726,6725,6719
6727,6725,6726
6728,6725,6729
6725,6728,6730
6729,6725,6731
6731,6725,6727
6524,6725,6730
6730,6732,6733
6730,6733,6524
6730,6734,6732
6730,6728,6729
6730,6729,6734
6711,6735,6734
6711,6734,6712
6729,6712,6734
6732,6734,6735
6733,6735,6736
6737,6736,6735
6735,6733,6732
6737,6735,6738
6738,6735,6739
6739,6735,6711
6739,6740,6738
6740,6739,6711
6738,6740,6710
6711,6710,6740
6741,6738,6710
6738,6741,6737
6741,6516,6742
6742,6737,6741
6710,6516,6741
6737,6742,6736
6743,6736,6742
6742,6744,6743
6745,6744,6742
6742,6516,6745
6516,6746,6745
6744,6745,6746
6747,6746,6516
6746,6747,6748
6746,6743,6744
6748,6743,6746
6743,6748,6749
6749,6748,6747
6484,6743,6749
6747,6750,6749
6749,6750,6484
6516,6751,6750
6752,6750,6751
6752,6484,6750
6516,6750,6747
6752,6751,6753
6753,6484,6752
6754,6755,6753
6753,6751,6754
6484,6753,6755
6484,6755,6756
6756,6755,6757
6755,6758,6757
6758,6755,6754
6754,6759,6758
6757,6758,6759
6759,6760,6757
6759,6751,6760
6759,6754,6751
6760,6751,6515
6760,6515,6761
6757,6760,6761
6761,6762,6763
6763,6756,6761
6762,6761,6515
6761,6756,6757
6764,6765,6762
6765,6763,6762
6766,6767,6762
6762,6515,6766
6762,6767,6764
6768,6769,6764
6765,6764,6769
6764,6770,6768
6770,6764,6767
6771,6768,6770
6770,6772,6773
6773,6774,6770
6767,6772,6770
6771,6770,6774
6341,6775,6771
6771,6776,6341
6774,6776,6771
6777,6768,6771
6771,6775,6778
6771,6778,6777
6779,6778,6775
6778,6780,6777
6778,6779,6781
6782,6783,6778
6783,6780,6778
6778,6781,6782
6782,6784,6783
6784,6782,6785
6782,6781,6785
6786,6787,6785
6788,6785,6787
6788,6784,6785
6785,6781,6786
6789,6787,6786
6790,6789,6786
6786,6791,6790
6786,6792,6791
6792,6786,6781
6793,6794,6792
6795,6792,6794
6781,6793,6792
6792,6796,6791
6796,6792,6795
6797,6791,6796
6796,6798,6797
6798,6796,6787
6787,6796,6799
6799,6796,6800
6800,6796,6795
6794,6787,6800
6799,6800,6787
6800,6795,6794
6787,6789,6798
6801,6798,6789
6798,6801,6802
6802,6797,6798
6802,6803,6804
6803,6802,6801
6804,6805,6802
6797,6802,6805
6806,6805,6807
6808,6807,6805
6805,6804,6808
6805,6806,6797
6809,6810,6806
6806,6810,6791
6807,6809,6806
6791,6797,6806
6811,6812,6809
6811,6809,6807
6809,6813,6810
6813,6809,6812
6812,6811,6814
6812,6815,6813
6815,6812,6816
6814,6816,6812
6811,6817,6814
6816,6814,6818
6814,6819,6818
6814,6820,6819
6820,6814,6817
6817,6821,6820
6811,6808,6817
6821,6817,6808
6821,6808,6804
6804,6813,6821
6821,6813,6822
6821,6822,6820
6823,6820,6822
6823,6822,6815
6813,6815,6822
6824,6825,6823
6823,6825,6826
6820,6823,6827
6826,6827,6823
6824,6823,6816
6815,6816,6823
6828,6829,6826
6826,6830,6828
6826,6831,6827
6831,6826,6829
6830,6826,6832
6826,6833,6832
6833,6826,6825
6834,6835,6830
6836,6834,6830
6836,6830,6837
6837,6830,6838
6835,6839,6830
6840,6830,6839
6841,6830,6818
6841,6838,6830
6830,6840,6828
6818,6830,6832
6840,6829,6828
6829,6840,6839
6838,6842,6837
6842,6838,6841
6842,6843,6837
6842,6829,6843
6842,6841,6829
6837,6843,6844
6829,6844,6843
6844,6845,6837
6845,6844,6846
6844,6829,6846
6847,6846,6848
6846,6849,6848
6849,6846,6829
6845,6846,6847
6847,6850,6845
6851,6850,6847
6848,6851,6847
6851,6848,6852
6851,6853,6850
6853,6851,6852
6854,6853,6852
6854,6852,6855
6855,6852,6848
6853,6854,6856
6856,6854,6855
6853,6856,6849
6856,6855,6849
6855,6848,6849
6836,6850,6853
6857,6836,6853
6849,6857,6853
6857,6829,6834
6857,6849,6829
6836,6857,6834
6850,6836,6845
6837,6845,6836
6829,6841,6858
6858,6841,6818
6818,6831,6858
6831,6829,6858
6839,6835,6829
6835,6834,6829
6818,6833,6824
6832,6833,6818
6825,6824,6833
6831,6818,6819
6827,6831,6819
6818,6824,6816
6827,6819,6820
6803,6810,6813
6813,6804,6803
6808,6811,6807
6810,6859,6791
6859,6810,6803
6789,6859,6801
6801,6859,6803
6790,6791,6859
6789,6790,6859
6794,6793,6784
6793,6779,6860
6793,6781,6779
6784,6793,6860
6860,6779,6861
6783,6860,6780
6861,6780,6860
6860,6783,6784
6861,6779,6862
6777,6780,6861
6862,6777,6861
6862,6779,6775
6775,6769,6862
6769,6768,6862
6768,6777,6862
6788,6794,6784
6787,6794,6788
6769,6775,6345
6775,6341,6345
6341,6776,6863
6776,6864,6863
6864,6776,6865
6865,6776,6866
6866,6776,6774
6473,6867,6866
6866,6867,6865
6866,6774,6473
6379,6867,6473
6379,6865,6867
6865,6379,6864
6864,6868,6863
6378,6868,6864
6864,6379,6378
6863,6868,6869
6377,6869,6868
6868,6378,6377
6870,6871,6869
6869,6871,6872
6869,6873,6870
6874,6873,6869
6874,6869,6377
6869,6872,6863
6341,6872,6342
6342,6872,6875
6872,6871,6876
6872,6876,6875
6872,6341,6863
6875,6877,6342
6372,6877,6875
6875,6373,6372
6373,6875,6878
6875,6876,6878
6879,6878,6880
6878,6879,6373
6878,6876,6873
6873,6880,6878
6873,6881,6880
6881,6874,6880
6882,6880,6883
6880,6874,6883
6880,6882,6879
6874,6879,6882
6882,6883,6874
6873,6874,6881
6879,6375,6373
6375,6879,6377
6377,6879,6874
6361,6342,6877
6361,6877,6372
6876,6871,6870
6876,6870,6873
6473,6774,6884
6885,6884,6774
6774,6773,6885
6884,6885,6886
6886,6885,6514
6773,6514,6885
6886,6887,6884
6888,6887,6886
6889,6886,6514
6886,6890,6888
6886,6889,6890
6514,6503,6889
6890,6889,6891
6503,6892,6889
6891,6889,6892
6891,6888,6890
6888,6891,6482
6892,6482,6891
6892,6503,6498
6498,6482,6892
6888,6482,6887
6482,6474,6887
6474,6884,6887
6884,6474,6473
6772,6514,6773
6766,6514,6772
6772,6767,6893
6772,6893,6894
6894,6895,6772
6766,6772,6895
6893,6896,6897
6896,6893,6767
6893,6898,6899
6899,6900,6893
6893,6900,6898
6893,6897,6894
6894,6899,6898
6894,6898,6900
6894,6897,6896
6899,6894,6900
6901,6896,6767
6895,6896,6901
6896,6902,6894
6896,6895,6902
6894,6902,6895
6767,6766,6901
6895,6901,6766
6895,6903,6904
6903,6895,6905
6895,6904,6905
6894,6905,6904
6894,6904,6903
6903,6905,6894
6769,6345,6765
6766,6515,6514
6763,6765,6906
6906,6765,6907
6345,6908,6765
6765,6908,6907
6907,6909,6906
6910,6909,6907
6907,6908,6910
6910,6911,6909
6912,6911,6910
6910,6908,6912
6913,6911,6912
6912,6346,6913
6346,6912,6908
6911,6913,6376
6914,6915,6913
6376,6913,6915
6913,6346,6914
6916,6917,6914
6915,6914,6917
6914,6918,6916
6914,6346,6918
6919,6916,6918
6919,6918,6920
6347,6920,6918
6918,6346,6347
6920,6347,6921
6921,6919,6920
6922,6921,6923
6923,6921,6347
6921,6922,6924
6924,6919,6921
6925,6926,6924
6924,6926,6927
6927,6916,6924
6924,6922,6925
6916,6919,6924
6925,6923,6928
6923,6925,6922
6926,6925,6929
6928,6929,6925
6336,6928,6337
6930,6928,6336
6928,6930,6929
6337,6928,6923
6930,6336,6376
6915,6930,6376
6915,6931,6930
6930,6931,6929
6915,6932,6931
6929,6931,6932
6929,6932,6933
6933,6932,6915
6933,6917,6926
6917,6933,6915
6929,6933,6926
6927,6917,6916
6926,6917,6927
6923,6338,6337
6347,6338,6923
6376,6909,6911
6906,6909,6376
6908,6345,6346
6382,6906,6376
6382,6471,6906
6478,6906,6471
6906,6478,6763
6484,6756,6763
6484,6763,6478
6515,6751,6516
6736,6743,6484
6736,6485,6733
6485,6736,6484
6520,6733,6517
6485,6517,6733
6733,6520,6522
6524,6733,6522
6934,6731,6935
6727,6935,6731
6729,6731,6934
6934,6727,6729
6727,6934,6935
6726,6712,6727
6712,6729,6727
6712,6726,6719
6721,6724,6722
6713,6722,6724
6724,6723,6713
6722,6713,6723
6719,6718,6712
6718,6713,6712
6525,6715,6524
6537,6526,6710
6518,6710,6526
6540,6537,6710
6609,6542,6710
6542,6540,6710
6516,6710,6518
6709,6708,6525
6709,6707,6708
6608,6605,6599
6604,6599,6605
6590,6599,6602
6608,6603,6607
6607,6594,6606
6607,6936,6594
6607,6603,6936
6604,6594,6936
6604,6936,6603
6608,6937,6603
6608,6599,6937
6604,6603,6937
6604,6937,6599
6604,6606,6594
6594,6542,6603
6603,6599,6594
6542,6594,6590
6599,6590,6594
6529,6564,6528
6546,6545,6551
6551,6553,6546
6553,6938,6546
6545,6546,6938
6545,6938,6551
6938,6552,6551
6938,6553,6552
6545,6939,6940
6545,6940,6941
6941,6939,6545
6942,6943,6545
6545,6944,6942
6945,6944,6545
6945,6545,6943
6942,6939,6943
6945,6943,6939
6944,6945,6946
6947,6945,6948
6948,6945,6939
6949,6946,6945
6949,6945,6950
6947,6951,6945
6950,6945,6951
6951,6952,6950
6949,6950,6953
6952,6954,6950
6955,6953,6950
6955,6950,6956
6957,6956,6950
6957,6950,6954
6958,6956,6959
6959,6956,6960
6956,6958,6955
6961,6960,6956
6956,6957,6962
6962,6963,6956
6961,6956,6963
6960,6961,6964
6965,6964,6961
6961,6966,6965
6963,6966,6961
6967,6965,6966
6966,6963,6967
6968,6969,6967
6967,6969,6942
6967,6963,6968
6965,6967,6942
6969,6968,6970
6971,6968,6963
6970,6968,6971
6970,6972,6969
6970,6971,6973
6973,6972,6970
6972,6973,6942
6942,6973,6974
6973,6971,6974
6974,6975,6948
6948,6942,6974
6974,6976,6975
6976,6974,6971
6971,6962,6976
6976,6962,6977
6977,6975,6976
6977,6978,6948
6948,6975,6977
6979,6978,6977
6977,6962,6979
6979,6957,6978
6979,6962,6957
6948,6978,6947
6954,6947,6978
6978,6957,6954
6942,6969,6972
6963,6962,6971
6942,6964,6965
6960,6964,6942
6944,6959,6960
6942,6944,6960
6959,6980,6958
6955,6958,6980
6980,6959,6944
6981,6980,6944
6980,6981,6955
6981,6946,6953
6946,6981,6944
6953,6955,6981
6947,6954,6952
6953,6946,6949
6952,6951,6947
6939,6942,6948
6982,6940,6939
6941,6982,6939
6983,6982,6941
6982,6984,6940
6984,6982,6985
6982,6983,6986
6987,6982,6988
6982,6989,6988
6989,6982,6990
6982,6987,6985
6982,6986,6990
6990,6986,6991
6983,6992,6986
6992,6993,6986
6993,6991,6986
6991,6994,6990
6995,6994,6991
6996,6991,6993
6991,6997,6995
6991,6998,6997
6991,6999,6998
6991,7000,6999
6996,7000,6991
7001,7000,6996
6993,7002,6996
6996,7002,7003
6996,7004,7001
7003,7004,6996
7005,7006,7003
7005,7003,7002
7006,7004,7003
7006,7007,7008
7009,7006,7008
7006,7010,7004
7010,7006,7009
7006,7005,7011
7011,7012,7006
7006,7012,7013
7007,7006,7013
7014,7009,6997
6997,7009,7015
7008,7015,7009
7010,7009,7014
6997,6998,7014
6999,7010,7014
7014,6998,6999
7015,6995,6997
6995,7015,7016
7008,7016,7015
7016,7017,6995
7018,7016,7008
7017,7016,7018
7008,7019,7018
7020,6994,7018
7018,7019,7020
7018,6994,7017
7019,7008,7021
7021,7020,7019
7022,7023,7021
6994,7021,7023
6994,7020,7021
7021,7008,7022
7024,7022,7008
7023,7022,7024
7024,7025,7023
7026,7025,7024
7024,7007,7026
7008,7007,7024
7027,7025,7026
7028,7026,7029
7027,7026,7028
7026,7007,7029
6992,6990,7027
6990,6994,7027
7028,6992,7027
7023,7027,6994
7027,7023,7025
7029,7007,7028
7013,7030,7028
7028,7007,7013
7028,7030,6992
6992,7030,7031
7011,7031,7030
7030,7012,7011
7030,7013,7012
7031,6993,6992
7032,7031,7011
7031,7032,6993
7011,7005,7032
7002,7032,7005
7032,7002,6993
6994,6995,7017
7001,7004,7010
7001,7010,6999
6999,7000,7001
6983,6989,6992
6990,6992,6989
6985,6987,7033
7034,6987,7035
7034,7036,6987
6987,7036,7037
7037,7035,6987
6987,6988,7033
7033,7038,6285
7038,7033,6988
6984,7033,6285
7033,6984,6985
7039,7040,7033
7033,7041,7039
7033,7042,7041
7042,7033,7040
7042,7040,7038
7039,7038,7040
7041,7042,7043
7042,7044,7043
7042,7039,7044
7038,7039,7042
7043,7044,7045
7044,7046,7045
7039,7046,7044
7047,7045,7048
7048,7045,7046
7049,7045,7047
7045,7049,7043
7041,7049,7050
7041,7043,7049
7047,7050,7049
7050,7051,7041
7052,7051,7050
7050,7047,7052
7048,7052,7047
7052,7048,7053
7053,7051,7052
7053,7046,7041
7041,7051,7053
7048,7046,7053
7041,7046,7039
6284,7038,7054
7038,6284,6285
7038,7055,7056
7055,7038,7057
6988,7057,7038
7056,7054,7038
7058,6264,7057
7057,6264,7059
7057,7059,7055
7057,6988,6989
6989,7060,7057
7057,7060,7061
7057,7062,7063
7062,7057,7064
7063,7064,7057
7057,7061,7058
7060,6351,7061
7061,6351,7065
7061,7065,7066
7058,7061,7067
7061,7066,7068
7068,7067,7061
7069,7066,6351
7070,7066,7065
7066,7071,7068
7070,7071,7066
7070,7065,6351
7070,6351,7072
7071,7070,7073
7070,7074,7073
7074,7070,7072
7075,7074,7072
7076,7072,6351
7072,7076,7075
7076,6351,7077
7077,7075,7076
7078,7079,7077
7079,7080,7077
7075,7077,7080
7077,6351,7078
7081,7079,7078
6351,7082,7078
7078,7082,7081
7083,7082,6351
7084,7081,7082
7082,7083,7084
7083,6351,7085
7084,7083,7085
7085,7086,7087
7086,7085,6351
7087,7088,7085
7085,7088,7084
7088,6277,6262
6262,6264,7088
7058,7088,6264
6277,7088,7087
7058,7080,7088
7084,7088,7080
7089,7087,7086
7087,7089,6277
7086,6351,7089
6277,7089,7090
7089,6351,6352
6352,7090,7089
7090,6363,6277
6353,6363,7090
7090,6352,6353
7080,7079,7084
7081,7084,7079
7058,7091,7080
7080,6277,6304
6277,7080,7092
6304,7092,7080
7074,7075,7080
7074,7080,7091
6277,7092,7091
6277,7091,6279
6279,7091,6304
7091,7058,7093
6304,7091,7092
7093,7074,7091
7094,7093,7058
7094,7073,7093
7074,7093,7073
7058,7067,7094
7073,7094,7071
7094,7067,7071
7068,7071,7067
7095,6301,7069
7095,7069,7096
6301,7096,7069
7095,7096,6351
6301,6351,7096
6351,7097,7095
7098,7099,7095
7098,7095,7097
7095,7099,6301
7100,7097,7101
7100,7102,7097
7103,7097,7102
7101,7097,7104
7097,6351,7104
7103,7098,7097
6291,6290,7103
7102,6291,7103
7103,7099,7098
7103,6290,6295
6295,7105,7103
7106,7103,7105
7106,7099,7103
7099,7106,7107
7105,7107,7106
7099,7107,6300
7107,7108,6300
7108,7107,7105
6298,6300,7108
7108,7105,6298
6298,7105,6295
6351,7060,7104
7109,7110,7104
7104,6941,7109
7110,7101,7104
6941,7104,7060
7111,7112,7110
7101,7110,7112
7110,7109,7113
7110,7114,7111
7115,7114,7110
7110,7116,7115
7117,7116,7110
7110,7118,7117
7113,7118,7110
7118,7113,7119
7119,7117,7118
7113,7120,7119
7121,7119,7120
7119,7114,7115
7114,7119,7122
7122,7119,7123
7119,7121,7123
7115,7116,7119
7116,7117,7119
7123,7124,7125
7124,7123,7121
7126,7123,7127
7123,7126,7122
7125,7127,7123
7128,7125,7129
7130,7129,7125
7125,7121,7131
7131,7132,7125
7125,7132,7133
7121,7125,7124
7128,7127,7125
7133,7130,7125
7112,7134,7130
7130,7109,7112
7109,7130,7133
7134,7129,7130
7112,7135,7134
7134,7135,7136
7136,7129,7134
7136,7137,7129
7137,7136,7135
7138,7137,7112
7137,7135,7112
7129,7137,7138
7112,7139,7138
7138,7139,7140
7129,7138,7140
7141,7140,7139
7140,7141,7122
7122,7129,7140
7141,7139,7112
7141,7142,7122
7142,7141,7112
7111,7142,7112
7142,7111,7122
7109,7133,7132
7129,7143,7128
7128,7144,7127
7128,7143,7145
7145,7144,7128
7144,7145,7146
7146,7145,7147
7147,7145,7143
7146,7148,7144
7148,7146,7147
7148,7143,7129
7129,7127,7148
7127,7144,7148
7147,7143,7148
7109,7132,7131
7121,7149,7131
7131,7149,7109
7120,7149,7121
7109,7149,7120
7126,7129,7122
7126,7127,7129
7122,7111,7114
7120,7113,7109
7112,7109,6941
6941,7101,7112
7101,6941,7100
6941,7102,7100
6941,6940,7102
6940,6984,7102
6291,7102,6984
7099,6300,6301
7063,7062,6988
7063,6988,7064
7063,7150,7151
7150,7063,7152
7151,7152,7063
7153,7154,7151
7150,7153,7151
7151,7062,7152
7062,7151,7154
7062,7154,7150
7153,7150,7154
7150,7152,7062
7062,7064,6988
6983,6941,7060
6989,6983,7060
6264,7155,7059
7055,7059,7155
6287,6284,7155
6287,7155,7156
7157,7055,7155
7158,7155,6284
7155,7158,7157
6264,7156,7155
7159,7156,6264
7156,7159,6287
6287,7159,7160
7161,7160,7159
7161,7159,6265
7159,6264,6265
7162,7160,7163
7160,7162,6287
7160,7161,7164
7164,7165,7160
7166,7163,7160
7160,7167,7166
7168,7167,7160
7169,7168,7160
7160,7170,7169
7160,7165,7170
7170,7165,7171
7165,7164,7172
7165,7172,7173
7173,7171,7165
7173,7174,7171
7175,7171,7176
7170,7171,7175
7176,7171,7177
7177,7171,7178
7171,7174,7178
7178,7179,7177
7174,7180,7178
7181,7178,7180
7179,7178,7182
7182,7178,7183
7181,7184,7178
7178,7184,7183
7183,7180,7182
7184,7181,7183
7180,7183,7181
7182,7180,7179
7174,7177,7179
7174,7179,7180
7177,7174,7185
7174,7186,7185
7174,7173,7186
7185,7186,7187
7173,7187,7186
7188,7187,7173
7188,7189,7187
7187,7190,7185
7191,7190,7187
7187,7189,7192
7187,7192,7191
7193,7191,7162
7162,7191,7192
7191,7193,7190
7194,7193,7162
7190,7193,7194
7190,7194,7163
7163,7194,7162
7192,7189,7162
7189,7188,7162
7190,7175,7176
7175,7190,7163
7190,7176,7185
7173,7195,7188
7162,7188,7195
7173,7196,7195
7196,7197,7195
7195,7197,7162
7161,7162,7197
7197,7198,7161
7198,7197,7196
7161,7198,7199
7199,7198,7173
7173,7198,7196
7161,7199,7200
7173,7200,7199
7161,7200,7201
7173,7201,7200
7161,7201,7164
7201,7172,7164
7172,7201,7173
7185,7176,7177
7163,7166,7175
7175,7166,7167
7167,7168,7175
7168,7169,7175
7175,7169,7170
7162,7161,6265
7162,6265,6287
7202,7203,7157
7202,7157,7158
7157,7204,7205
7205,7056,7157
7206,7204,7157
7203,7206,7157
7055,7157,7056
7206,7203,7207
7207,7203,7208
7203,7202,7208
7207,7204,7206
7209,7207,7210
7205,7207,7209
7207,7211,7212
7208,7211,7207
7212,7210,7207
7205,7204,7207
7213,7209,7210
7214,7210,7212
7215,7210,7216
7213,7210,7215
7210,7214,7216
7217,7209,7213
7213,7218,7217
7219,7213,7220
7213,7219,7221
7222,7223,7213
7213,7223,7218
7213,7221,7222
7215,7220,7213
7054,7218,7224
7218,7054,7056
7056,7217,7218
7218,7223,7224
7054,7224,7222
7222,7224,7223
7225,7226,7220
7220,7226,7219
7220,7227,7228
7220,7228,7225
7227,7220,7211
7211,7220,7229
7216,7220,7215
7220,7216,7229
7230,7229,7216
7211,7229,7231
7229,7230,7232
7233,7231,7229
7234,7229,7232
7234,7233,7229
7231,7233,7235
7233,7234,7235
7235,7230,7231
7232,7230,7235
7235,7234,7232
7214,7231,7230
7214,7211,7231
7216,7214,7230
7226,7225,7158
7158,7225,7228
7158,7228,7227
7211,7236,7227
7227,7236,7158
7237,7236,7211
7236,7237,7158
7211,7208,7237
7237,7208,7202
7158,7237,7202
7219,7226,7054
7158,7054,7226
7222,7221,7054
7054,7221,7219
7217,7238,7239
7056,7238,7217
7217,7239,7209
7240,7239,7238
7209,7239,7240
7240,7238,7056
7240,7241,7209
7241,7240,7056
7209,7241,7205
7205,7241,7056
7211,7214,7212
6284,7054,7158
7034,7035,6985
7037,6985,7035
7242,7034,7037
7037,7034,6985
7243,7037,7036
7242,7037,7243
7242,7244,7245
7243,7244,7242
7242,7245,7246
7242,7246,7247
7242,7036,7034
7247,7036,7242
7247,7248,7036
7248,7247,7246
7036,7248,7243
7244,7243,7248
7248,7245,7244
7246,7245,7248
6984,6285,6291
6532,6526,6537
6517,6512,6511
6485,6512,6517
6503,6514,6505
6502,6512,6485
6476,6484,6478
6380,6379,6473
6390,6388,6389
6376,6336,6370
6319,6277,6370
6370,6336,6319
6367,6277,6363
6353,6357,6358
6349,6344,6328
6348,6349,6328
6333,6348,6328
7249,6336,7250
6336,7249,6331
7250,6336,7251
6336,6332,7251
6331,6319,6336
7250,7251,6331
7251,6332,6331
7249,7250,6331
6319,6331,6326
6304,6277,6319
6320,6316,6317
6320,6301,6316
6315,6316,6301
6315,6301,6314
6312,6314,6301
6301,6302,6312
6292,6307,6294
6307,6292,6306
6292,6281,6306
6292,6282,6281
6286,6284,6287
6249,6271,6270
6270,6260,6249
6275,6274,6249
6249,6244,6275
6275,7252,7253
6244,7252,6275
6263,6275,7253
6263,7253,7254
7254,7253,7252
6244,7255,7254
7254,7252,6244
7254,7255,6263
6263,7255,6268
6268,7255,6244
6249,6274,6273
6273,6272,6249
6249,6272,6271
6250,6267,6251
6267,6266,6251
6254,6269,6253
6269,6254,6255
6266,6268,6244
6244,6251,6266
6260,6258,6249
6251,6243,6247
6241,6243,6251
7256,6241,6251
7256,6251,6244
6237,6239,7256
6241,7256,6239
7256,6238,6237
6238,7256,6244
6245,6244,6249
7257,7258,7259
7259,7260,7257
7259,7261,7260
7262,7263,7259
7262,7259,7258
7264,7265,7259
7266,7259,7263
7259,7267,7261
7266,7268,7259
7267,7259,7268
7268,7265,7269
7268,7269,7267
7266,7265,7268
7270,7269,7265
7270,7267,7269
7270,7261,7267
7270,7260,7261
7260,7270,7257
7258,7257,7270
7258,7270,7265
7267,7265,7260
7266,7271,7258
7271,7266,7272
7264,7272,7266
7266,7263,7264
7265,7266,7258
7271,7272,7265
7272,7273,7265
7272,7264,7273
7274,7273,7264
7274,7265,7273
7274,7275,7271
7274,7271,7276
7274,7262,7275
7264,7262,7274
7274,7276,7265
7265,7276,7271
7277,7278,7276
7276,7279,7277
7276,7280,7279
7281,7282,7276
7276,7283,7281
7276,7284,7285
7284,7276,7282
7280,7276,7278
7276,7286,7283
7276,7262,7286
7276,7287,7262
7276,7285,7287
7285,7271,7262
7271,7285,7288
7283,7285,7284
7283,7287,7285
7262,7288,7285
7289,7285,7290
7289,7291,7285
7291,7290,7285
7285,7280,7292
7280,7285,7293
7285,7292,7293
7277,7285,7294
7277,7295,7285
7295,7294,7285
7285,7296,7297
7296,7285,7298
7285,7297,7298
7299,7297,7296
7299,7298,7297
7300,7280,7299
7298,7299,7280
7299,7301,7300
7299,7296,7301
7283,7300,7301
7283,7301,7296
7296,7280,7300
7296,7300,7283
7296,7298,7280
7294,7280,7302
7295,7280,7294
7294,7302,7277
7303,7302,7280
7303,7277,7302
7295,7303,7288
7295,7277,7303
7280,7288,7303
7289,7290,7288
7291,7288,7290
7280,7295,7288
7283,7292,7280
7283,7293,7292
7280,7293,7283
7289,7283,7291
7288,7291,7283
7289,7277,7280
7289,7304,7277
7289,7288,7304
7289,7280,7305
7289,7305,7283
7306,7305,7280
7306,7283,7305
7306,7304,7288
7306,7277,7304
7277,7306,7280
7283,7306,7288
7271,7288,7307
7262,7307,7288
7288,7308,7309
7310,7308,7288
7311,7312,7288
7311,7288,7313
7313,7288,7312
7314,7288,7315
7314,7316,7288
7277,7288,7316
7288,7277,7317
7318,7319,7288
7288,7320,7318
7320,7288,7321
7317,7315,7288
7288,7322,7310
7322,7288,7323
7309,7323,7288
7319,7321,7288
7321,7324,7320
7321,7277,7324
7319,7277,7321
7318,7320,7324
7318,7324,7277
7314,7315,7310
7317,7310,7315
7313,7312,7310
7311,7310,7312
7318,7310,7319
7277,7319,7310
7322,7323,7311
7309,7311,7323
7271,7307,7311
7262,7311,7307
7322,7309,7308
7322,7311,7309
7308,7310,7322
7313,7310,7325
7310,7326,7314
7327,7310,7328
7327,7329,7310
7329,7328,7310
7277,7310,7318
7310,7320,7326
7311,7325,7310
7320,7310,7317
7330,7331,7310
7330,7310,7332
7333,7332,7310
7333,7310,7331
7310,7334,7335
7335,7336,7310
7310,7336,7334
7310,7337,7338
7337,7310,7339
7310,7338,7339
7327,7328,7308
7329,7308,7328
7313,7325,7308
7311,7308,7325
7330,7308,7331
7331,7308,7340
7331,7340,7333
7330,7340,7308
7330,7333,7340
7341,7338,7337
7341,7339,7338
7320,7341,7337
7320,7314,7341
7339,7341,7314
7337,7339,7314
7314,7320,7337
7342,7334,7336
7342,7335,7334
7336,7314,7342
7342,7343,7335
7342,7344,7343
7344,7342,7314
7320,7343,7344
7335,7320,7344
7335,7344,7314
7320,7335,7343
7335,7314,7336
7327,7333,7345
7327,7346,7333
7333,7277,7320
7308,7333,7347
7347,7333,7348
7333,7308,7348
7346,7345,7333
7330,7349,7333
7332,7333,7349
7348,7308,7350
7348,7350,7311
7348,7351,7347
7348,7311,7351
7352,7351,7353
7311,7353,7351
7351,7354,7347
7351,7352,7355
7355,7354,7351
7351,7356,7357
7357,7358,7351
7351,7358,7356
7359,7357,7356
7359,7356,7358
7359,7360,7357
7359,7361,7360
7361,7359,7347
7358,7347,7359
7352,7360,7361
7352,7357,7360
7357,7352,7361
7357,7361,7347
7357,7347,7358
7347,7354,7308
7354,7355,7308
7352,7353,7362
7352,7362,7347
7347,7355,7352
7362,7353,7363
7355,7347,7362
7362,7363,7355
7308,7363,7353
7308,7355,7363
7353,7364,7355
7365,7353,7355
7355,7366,7365
7355,7364,7366
7364,7353,7367
7364,7368,7369
7364,7369,7365
7368,7364,7370
7365,7370,7364
7364,7367,7347
7371,7366,7364
7371,7364,7372
7347,7372,7364
7368,7373,7365
7368,7365,7374
7368,7374,7373
7375,7376,7368
7376,7377,7368
7375,7368,7377
7378,7379,7368
7378,7368,7380
7381,7380,7368
7382,7368,7379
7382,7381,7368
7368,7370,7369
7379,7383,7382
7379,7365,7383
7378,7365,7379
7384,7382,7383
7384,7383,7365
7365,7378,7384
7381,7382,7384
7381,7384,7378
7381,7385,7374
7381,7374,7380
7381,7378,7385
7380,7374,7385
7380,7385,7378
7365,7382,7374
7382,7365,7386
7387,7388,7382
7372,7387,7382
7388,7389,7382
7382,7386,7378
7372,7382,7389
7390,7391,7382
7382,7392,7390
7382,7393,7392
7394,7395,7382
7382,7396,7394
7382,7397,7396
7397,7382,7398
7382,7399,7374
7382,7378,7399
7398,7382,7395
7391,7400,7382
7393,7382,7400
7389,7401,7372
7389,7397,7401
7388,7397,7389
7365,7372,7401
7365,7401,7397
7391,7397,7400
7393,7400,7397
7390,7392,7393
7390,7393,7397
7398,7395,7378
7394,7378,7395
7397,7391,7378
7390,7378,7391
7398,7378,7394
7398,7394,7396
7398,7402,7397
7398,7396,7402
7402,7392,7403
7402,7404,7392
7402,7403,7397
7402,7396,7404
7404,7403,7392
7404,7397,7403
7397,7404,7396
7386,7374,7399
7386,7399,7378
7397,7372,7392
7405,7372,7397
7397,7392,7406
7397,7406,7405
7397,7378,7390
7397,7388,7365
7372,7405,7392
7407,7375,7405
7405,7408,7407
7376,7409,7405
7376,7405,7410
7375,7411,7405
7392,7405,7412
7410,7405,7409
7406,7412,7405
7405,7413,7408
7413,7405,7411
7405,7414,7374
7414,7405,7415
7415,7405,7416
7417,7416,7405
7405,7374,7417
7415,7416,7375
7417,7375,7416
7375,7374,7411
7413,7411,7374
7392,7412,7413
7406,7413,7412
7414,7375,7417
7414,7417,7374
7375,7413,7415
7414,7415,7413
7375,7414,7413
7376,7410,7418
7410,7419,7420
7421,7410,7422
7421,7423,7410
7410,7424,7425
7410,7409,7375
7375,7418,7410
7410,7426,7427
7427,7428,7410
7428,7429,7410
7426,7410,7429
7423,7430,7410
7422,7410,7430
7423,7420,7430
7422,7430,7420
7426,7429,7425
7428,7425,7429
7420,7424,7422
7422,7431,7421
7422,7424,7431
7419,7431,7424
7419,7421,7431
7419,7423,7376
7421,7376,7423
7423,7419,7432
7423,7432,7420
7424,7432,7419
7424,7420,7432
7426,7433,7434
7426,7435,7433
7436,7426,7434
7425,7437,7426
7427,7426,7437
7426,7438,7435
7439,7426,7440
7436,7440,7426
7426,7439,7438
7438,7439,7441
7442,7438,7443
7442,7444,7438
7438,7433,7445
7433,7438,7446
7446,7438,7447
7448,7449,7438
7438,7450,7448
7450,7438,7451
7438,7441,7434
7445,7447,7438
7449,7451,7438
7434,7435,7438
7438,7452,7453
7453,7454,7438
7438,7454,7452
7444,7443,7438
7436,7455,7444
7444,7456,7436
7444,7439,7443
7439,7444,7442
7434,7444,7455
7457,7458,7444
7457,7444,7459
7459,7444,7458
7446,7444,7448
7446,7447,7444
7445,7444,7447
7448,7444,7445
7444,7434,7456
7433,7449,7444
7449,7460,7444
7433,7444,7460
7444,7453,7461
7453,7444,7462
7444,7461,7462
7444,7463,7464
7464,7465,7444
7444,7465,7463
7439,7464,7463
7439,7463,7465
7464,7439,7465
7457,7459,7464
7448,7464,7459
7464,7466,7433
7464,7448,7466
7464,7467,7468
7464,7433,7467
7464,7468,7457
7448,7468,7467
7448,7457,7468
7467,7433,7466
7467,7466,7448
7467,7469,7470
7469,7467,7471
7457,7471,7467
7467,7470,7472
7467,7473,7457
7467,7472,7473
7472,7469,7474
7472,7474,7457
7475,7469,7472
7472,7476,7475
7457,7476,7472
7471,7473,7472
7471,7472,7470
7476,7477,7474
7474,7478,7476
7457,7479,7476
7475,7476,7479
7476,7480,7481
7481,7482,7476
7483,7476,7482
7476,7478,7477
7469,7484,7476
7469,7476,7485
7485,7476,7484
7476,7486,7487
7486,7476,7488
7476,7487,7488
7476,7483,7480
7476,7489,7490
7489,7476,7491
7476,7490,7491
7483,7492,7493
7492,7483,7494
7495,7494,7483
7496,7483,7497
7481,7483,7496
7498,7495,7483
7499,7483,7500
7501,7500,7483
7502,7497,7483
7483,7481,7502
7483,7493,7498
7503,7483,7504
7503,7505,7483
7504,7483,7505
7506,7483,7507
7506,7508,7483
7508,7507,7483
7509,7483,7499
7483,7482,7480
7509,7501,7483
7510,7501,7509
7510,7511,7501
7512,7501,7513
7514,7501,7511
7501,7495,7500
7514,7515,7501
7515,7516,7501
7495,7501,7516
7515,7512,7516
7495,7516,7512
7512,7515,7509
7515,7514,7509
7517,7514,7512
7517,7509,7514
7514,7518,7512
7514,7513,7518
7514,7511,7513
7519,7518,7513
7519,7512,7518
7520,7521,7519
7522,7520,7519
7519,7510,7523
7524,7519,7525
7519,7524,7526
7519,7527,7528
7528,7529,7519
7527,7519,7530
7519,7531,7517
7512,7519,7517
7529,7530,7519
7532,7525,7519
7519,7526,7532
7522,7519,7533
7531,7519,7534
7513,7534,7519
7519,7535,7498
7498,7536,7519
7519,7536,7535
7521,7533,7519
7521,7523,7533
7522,7533,7523
7537,7498,7535
7535,7538,7537
7535,7536,7538
7512,7537,7538
7512,7538,7536
7536,7537,7512
7536,7498,7537
7524,7525,7526
7532,7526,7525
7523,7521,7531
7520,7531,7521
7529,7524,7530
7527,7530,7524
7531,7539,7523
7527,7523,7539
7523,7527,7522
7531,7510,7539
7527,7539,7510
7531,7534,7510
7513,7510,7534
7531,7520,7517
7527,7520,7522
7532,7540,7541
7540,7532,7542
7532,7543,7544
7532,7545,7543
7545,7532,7544
7546,7532,7524
7546,7547,7532
7548,7532,7547
7524,7532,7548
7549,7550,7532
7532,7551,7549
7551,7532,7550
7528,7552,7532
7552,7553,7532
7554,7532,7553
7532,7554,7528
7555,7542,7532
7555,7532,7556
7541,7556,7532
7549,7544,7550
7557,7544,7549
7557,7551,7544
7558,7559,7544
7544,7540,7558
7540,7544,7559
7543,7560,7544
7560,7561,7544
7545,7544,7561
7555,7544,7541
7555,7556,7544
7541,7544,7556
7544,7562,7563
7562,7544,7564
7544,7563,7564
7551,7550,7544
7565,7564,7563
7565,7563,7562
7565,7566,7567
7567,7557,7565
7565,7562,7566
7564,7565,7557
7540,7567,7566
7540,7566,7562
7562,7567,7540
7562,7557,7567
7562,7564,7557
7540,7559,7557
7558,7557,7559
7545,7561,7540
7560,7540,7561
7540,7560,7543
7558,7540,7557
7260,7557,7568
7557,7260,7569
7257,7568,7557
7569,7257,7557
7557,7549,7551
7257,7540,7568
7260,7568,7540
7569,7260,7549
7549,7257,7569
7555,7541,7540
7555,7540,7570
7555,7545,7542
7555,7570,7545
7542,7570,7540
7542,7545,7570
7548,7547,7545
7524,7548,7528
7548,7571,7528
7548,7545,7571
7546,7528,7571
7546,7571,7545
7554,7553,7524
7545,7554,7524
7554,7572,7528
7554,7545,7572
7552,7528,7572
7552,7572,7545
7552,7524,7553
7524,7552,7545
7549,7260,7573
7549,7573,7257
7574,7573,7260
7574,7257,7573
7574,7575,7527
7527,7576,7574
7260,7577,7574
7520,7574,7576
7257,7574,7545
7545,7574,7528
7574,7578,7528
7574,7520,7575
7578,7574,7577
7578,7577,7527
7260,7527,7577
7545,7578,7527
7545,7528,7578
7520,7576,7575
7527,7575,7576
7546,7545,7547
7546,7579,7528
7524,7579,7546
7524,7528,7579
7543,7545,7540
7527,7260,7545
7260,7580,7545
7257,7545,7580
7257,7580,7540
7260,7540,7580
7529,7581,7524
7529,7528,7581
7527,7524,7581
7527,7581,7528
7527,7510,7517
7517,7520,7527
7509,7517,7510
7510,7513,7511
7512,7582,7495
7512,7498,7582
7509,7498,7512
7583,7582,7498
7583,7495,7582
7495,7583,7481
7509,7481,7583
7509,7583,7498
7509,7499,7481
7499,7500,7495
7495,7481,7499
7508,7481,7507
7507,7481,7584
7507,7584,7506
7492,7584,7481
7584,7492,7585
7584,7585,7506
7508,7585,7492
7508,7506,7585
7496,7497,7492
7502,7492,7497
7481,7508,7492
7586,7506,7469
7481,7506,7587
7506,7481,7588
7486,7589,7506
7506,7588,7486
7590,7506,7589
7590,7587,7506
7498,7506,7492
7502,7591,7506
7502,7506,7592
7593,7592,7506
7593,7506,7591
7594,7595,7506
7594,7506,7596
7596,7506,7595
7486,7586,7589
7590,7589,7586
7594,7586,7595
7596,7595,7586
7593,7591,7481
7502,7481,7591
7594,7596,7481
7586,7481,7596
7594,7597,7486
7594,7481,7597
7594,7486,7598
7594,7598,7586
7481,7586,7598
7598,7597,7481
7598,7486,7597
7496,7492,7593
7496,7593,7481
7593,7492,7592
7502,7592,7492
7587,7588,7481
7587,7486,7588
7590,7486,7587
7586,7486,7590
7485,7599,7586
7599,7600,7586
7600,7601,7586
7485,7586,7601
7600,7469,7601
7485,7601,7469
7599,7486,7600
7469,7600,7486
7486,7599,7485
7504,7505,7495
7495,7492,7504
7503,7504,7492
7503,7495,7505
7503,7498,7602
7503,7603,7498
7503,7602,7495
7503,7492,7603
7603,7602,7498
7603,7495,7602
7495,7603,7492
7494,7498,7493
7494,7495,7498
7494,7493,7492
7481,7474,7477
7481,7477,7478
7481,7487,7486
7481,7488,7487
7604,7491,7490
7604,7490,7489
7604,7605,7606
7606,7486,7604
7491,7604,7486
7604,7489,7605
7481,7606,7605
7481,7605,7489
7489,7606,7481
7489,7486,7606
7489,7491,7486
7481,7480,7482
7486,7488,7481
7485,7484,7486
7469,7486,7484
7474,7481,7478
7475,7479,7474
7457,7474,7479
7475,7474,7469
7471,7457,7473
7471,7470,7469
7607,7461,7453
7607,7462,7461
7454,7439,7607
7462,7607,7439
7607,7453,7452
7607,7452,7454
7453,7462,7439
7460,7450,7433
7460,7448,7450
7449,7448,7460
7439,7456,7434
7439,7436,7456
7459,7458,7448
7457,7448,7458
7436,7439,7455
7434,7455,7439
7442,7443,7439
7453,7439,7454
7450,7451,7433
7449,7433,7451
7448,7445,7433
7440,7434,7441
7440,7441,7439
7446,7448,7433
7439,7608,7609
7609,7610,7439
7439,7610,7608
7439,7611,7612
7427,7439,7612
7439,7427,7611
7436,7612,7611
7436,7611,7427
7427,7612,7436
7613,7608,7610
7613,7609,7608
7613,7614,7615
7614,7613,7434
7610,7434,7613
7613,7615,7609
7436,7615,7614
7436,7609,7615
7609,7614,7434
7609,7436,7614
7609,7434,7610
7616,7617,7436
7437,7436,7617
7436,7425,7618
7425,7436,7437
7436,7618,7424
7436,7434,7440
7436,7424,7616
7428,7616,7424
7428,7427,7616
7616,7427,7617
7428,7618,7425
7428,7424,7618
7437,7617,7427
7434,7433,7435
7424,7421,7427
7418,7619,7376
7375,7419,7418
7418,7419,7619
7374,7376,7619
7374,7619,7419
7419,7376,7421
7419,7375,7620
7419,7620,7374
7377,7620,7375
7377,7374,7620
7621,7407,7408
7621,7408,7413
7375,7407,7621
7375,7621,7374
7413,7374,7621
7413,7407,7622
7407,7413,7623
7413,7406,7392
7413,7622,7623
7624,7413,7625
7413,7624,7396
7626,7413,7627
7626,7628,7413
7629,7413,7628
7629,7627,7413
7378,7413,7630
7396,7630,7413
7413,7631,7632
7631,7413,7633
7413,7632,7633
7378,7625,7413
7624,7625,7392
7378,7392,7625
7626,7627,7392
7629,7392,7627
7634,7633,7632
7634,7632,7631
7633,7634,7407
7635,7407,7634
7634,7636,7635
7634,7631,7636
7374,7635,7636
7374,7636,7631
7631,7407,7635
7631,7635,7374
7631,7633,7407
7378,7630,7407
7396,7407,7630
7374,7392,7629
7629,7637,7374
7629,7628,7378
7629,7378,7637
7626,7374,7637
7626,7637,7378
7626,7378,7628
7392,7374,7626
7638,7622,7407
7622,7638,7639
7622,7639,7623
7374,7639,7638
7374,7623,7639
7623,7638,7407
7623,7374,7638
7378,7624,7392
7378,7396,7624
7376,7375,7409
7407,7374,7378
7374,7407,7396
7396,7378,7374
7640,7641,7396
7396,7392,7640
7392,7396,7642
7643,7396,7644
7643,7645,7396
7645,7646,7396
7644,7396,7646
7641,7642,7396
7640,7378,7641
7642,7641,7647
7378,7647,7641
7642,7647,7640
7378,7640,7647
7646,7648,7644
7643,7644,7378
7378,7644,7648
7646,7643,7648
7378,7648,7643
7392,7642,7640
7646,7645,7649
7646,7649,7643
7392,7649,7645
7392,7643,7649
7643,7392,7645
7386,7365,7373
7386,7373,7374
7387,7365,7388
7372,7365,7387
7376,7374,7377
7371,7372,7347
7371,7650,7651
7651,7365,7371
7371,7365,7366
7371,7347,7650
7367,7651,7650
7367,7650,7347
7651,7347,7353
7367,7652,7651
7365,7651,7652
7367,7353,7652
7365,7652,7353
7365,7369,7370
7353,7350,7308
7353,7311,7350
7327,7345,7320
7346,7320,7345
7332,7349,7320
7330,7320,7349
7327,7308,7346
7320,7346,7308
7330,7332,7320
7326,7320,7653
7277,7314,7326
7326,7653,7277
7317,7653,7320
7317,7277,7653
7327,7314,7329
7308,7329,7314
7327,7320,7654
7327,7654,7314
7308,7654,7320
7308,7314,7654
7277,7316,7314
7311,7313,7308
7311,7262,7271
7283,7262,7287
7283,7286,7262
7284,7281,7283
7284,7282,7280
7284,7280,7281
7281,7280,7282
7280,7278,7279
7277,7279,7278
7258,7271,7275
7258,7275,7262
7262,7264,7263
7655,7656,7657
7657,7658,7655
7658,7657,7659
7657,7660,7661
7661,7662,7657
7663,7657,7662
7664,7665,7657
7657,7666,7664
7657,7665,7666
7657,7656,7667
7668,7669,7657
7668,7657,7670
7671,7670,7657
7672,7657,7669
7657,7673,7674
7673,7657,7675
7657,7674,7675
7657,7663,7660
7659,7657,7667
7657,7672,7676
7657,7677,7671
7657,7676,7677
7657,7678,7679
7678,7657,7680
7657,7679,7680
7681,7682,7663
7683,7681,7663
7683,7663,7682
7663,7684,7685
7685,7686,7663
7687,7663,7686
7663,7688,7689
7690,7688,7663
7691,7663,7692
7661,7663,7691
7663,7687,7684
7663,7689,7690
7693,7692,7663
7661,7693,7663
7694,7663,7695
7694,7696,7663
7696,7695,7663
7663,7662,7660
7663,7697,7698
7697,7663,7699
7663,7698,7699
7681,7700,7690
7661,7681,7690
7683,7690,7701
7690,7683,7702
7661,7690,7700
7702,7703,7690
7703,7704,7690
7705,7706,7690
7707,7690,7704
7690,7685,7688
7708,7701,7690
7707,7708,7690
7685,7690,7689
7690,7709,7710
7710,7711,7690
7690,7711,7709
7712,7709,7711
7712,7710,7709
7711,7685,7712
7706,7710,7712
7706,7712,7685
7710,7685,7711
7685,7710,7706
7707,7706,7708
7708,7713,7685
7708,7706,7713
7708,7685,7701
7683,7685,7713
7683,7713,7706
7707,7714,7683
7705,7714,7707
7706,7707,7683
7707,7704,7705
7714,7715,7706
7714,7705,7715
7702,7683,7714
7702,7714,7706
7716,7706,7715
7716,7715,7705
7702,7706,7716
7702,7716,7703
7705,7703,7716
7683,7701,7685
7703,7705,7704
7717,7706,7703
7687,7718,7706
7706,7694,7687
7694,7706,7718
7706,7719,7720
7706,7721,7719
7721,7706,7722
7723,7722,7706
7724,7723,7706
7706,7720,7724
7724,7702,7725
7702,7724,7726
7724,7703,7723
7724,7727,7703
7724,7728,7727
7724,7729,7730
7724,7731,7729
7731,7724,7730
7724,7721,7728
7724,7719,7721
7724,7720,7719
7724,7725,7726
7732,7726,7725
7732,7725,7702
7726,7732,7703
7702,7733,7732
7703,7732,7733
7703,7733,7726
7702,7726,7733
7731,7730,7727
7727,7730,7729
7717,7727,7728
7717,7728,7721
7727,7729,7731
7734,7731,7735
7731,7736,7737
7737,7738,7731
7731,7738,7736
7739,7731,7740
7739,7741,7731
7741,7740,7731
7731,7742,7743
7742,7731,7744
7744,7731,7745
7731,7746,7747
7747,7748,7731
7731,7748,7746
7743,7745,7731
7749,7750,7731
7749,7731,7751
7751,7731,7750
7731,7752,7753
7753,7754,7731
7731,7754,7752
7741,7742,7740
7739,7740,7742
7751,7750,7742
7750,7755,7742
7750,7749,7755
7756,7742,7755
7756,7755,7749
7742,7756,7734
7751,7734,7756
7751,7756,7749
7757,7752,7754
7757,7753,7752
7758,7757,7742
7754,7742,7757
7757,7758,7759
7757,7759,7753
7737,7759,7758
7737,7753,7759
7753,7758,7742
7753,7737,7758
7753,7742,7754
7743,7734,7745
7744,7745,7734
7742,7734,7751
7760,7761,7749
7760,7749,7762
7749,7763,7742
7749,7742,7720
7749,7764,7743
7749,7734,7764
7765,7749,7766
7765,7767,7749
7767,7768,7749
7749,7720,7763
7769,7749,7761
7769,7762,7749
7766,7749,7768
7743,7770,7749
7734,7749,7770
7771,7772,7749
7744,7771,7749
7744,7749,7772
7771,7742,7772
7744,7772,7742
7768,7773,7766
7743,7766,7773
7765,7766,7743
7768,7765,7773
7743,7773,7765
7760,7743,7761
7769,7761,7743
7742,7771,7743
7744,7743,7771
7743,7764,7770
7734,7770,7764
7768,7774,7765
7768,7767,7774
7734,7765,7774
7734,7774,7767
7760,7762,7734
7769,7734,7762
7775,7769,7776
7769,7775,7734
7777,7778,7769
7769,7735,7777
7735,7769,7779
7743,7776,7769
7769,7780,7781
7769,7782,7780
7769,7783,7782
7769,7784,7783
7769,7781,7784
7779,7769,7778
7785,7769,7786
7786,7769,7787
7788,7787,7769
7769,7785,7789
7769,7789,7788
7789,7790,7791
7790,7789,7792
7789,7793,7777
7777,7735,7789
7735,7779,7789
7794,7789,7795
7794,7796,7789
7781,7789,7796
7793,7789,7797
7789,7781,7798
7799,7800,7789
7789,7783,7799
7783,7789,7801
7798,7795,7789
7779,7797,7789
7785,7788,7789
7789,7791,7792
7800,7801,7789
7779,7781,7797
7793,7797,7781
7801,7802,7783
7801,7781,7802
7800,7781,7801
7799,7783,7802
7799,7802,7781
7794,7795,7790
7798,7790,7795
7799,7790,7800
7781,7800,7790
7735,7792,7791
7735,7791,7790
7790,7792,7735
7798,7783,7803
7783,7798,7781
7798,7803,7790
7794,7790,7803
7803,7804,7794
7803,7783,7804
7796,7794,7804
7796,7804,7783
7781,7790,7799
7777,7793,7781
7783,7781,7796
7805,7794,7806
7794,7805,7807
7808,7809,7794
7794,7783,7808
7783,7794,7810
7811,7794,7812
7811,7813,7794
7813,7814,7794
7794,7815,7780
7780,7816,7794
7806,7794,7816
7794,7807,7815
7812,7794,7814
7809,7810,7794
7807,7780,7817
7790,7807,7817
7818,7780,7807
7790,7818,7807
7819,7807,7805
7819,7815,7807
7820,7821,7807
7820,7807,7822
7822,7807,7821
7822,7821,7780
7820,7780,7821
7780,7790,7822
7820,7822,7790
7820,7823,7780
7820,7783,7823
7820,7824,7783
7820,7790,7824
7780,7824,7790
7824,7780,7823
7824,7823,7783
7783,7819,7790
7783,7780,7819
7819,7780,7815
7819,7805,7790
7825,7818,7826
7818,7827,7826
7818,7817,7827
7818,7790,7817
7825,7780,7818
7828,7780,7825
7825,7826,7829
7825,7829,7828
7780,7828,7830
7828,7817,7831
7817,7828,7829
7826,7828,7832
7828,7826,7833
7830,7828,7834
7833,7832,7828
7828,7831,7834
7835,7828,7836
7835,7837,7828
7838,7828,7837
7839,7836,7828
7828,7838,7839
7835,7836,7834
7839,7834,7836
7830,7831,7817
7830,7834,7831
7838,7827,7817
7826,7838,7817
7838,7826,7827
7833,7840,7838
7838,7841,7833
7841,7838,7834
7834,7838,7840
7842,7838,7843
7842,7844,7838
7830,7838,7844
7843,7838,7845
7846,7845,7838
7847,7838,7848
7848,7838,7849
7847,7849,7838
7835,7839,7838
7837,7850,7838
7838,7851,7852
7838,7830,7851
7838,7852,7846
7835,7838,7850
7833,7826,7840
7834,7840,7826
7835,7850,7826
7837,7826,7850
7847,7817,7849
7847,7853,7817
7847,7854,7830
7847,7834,7854
7847,7830,7853
7847,7848,7834
7834,7817,7853
7853,7854,7834
7853,7830,7854
7852,7855,7830
7852,7817,7855
7817,7852,7856
7857,7852,7858
7857,7859,7852
7859,7860,7852
7861,7862,7852
7861,7852,7863
7864,7863,7852
7862,7865,7852
7858,7852,7860
7830,7856,7852
7864,7852,7866
7843,7846,7852
7865,7866,7852
7842,7843,7852
7842,7852,7851
7860,7867,7858
7857,7858,7830
7830,7858,7867
7860,7857,7867
7830,7867,7857
7865,7830,7866
7866,7868,7864
7866,7830,7868
7865,7864,7868
7865,7868,7830
7862,7864,7865
7864,7817,7863
7864,7869,7817
7862,7861,7864
7864,7861,7869
7864,7870,7871
7870,7864,7872
7872,7864,7873
7830,7874,7864
7864,7875,7830
7875,7864,7874
7876,7877,7864
7864,7878,7876
7878,7864,7879
7871,7873,7864
7880,7881,7864
7880,7864,7882
7882,7864,7881
7877,7879,7864
7880,7830,7881
7882,7881,7830
7875,7874,7870
7830,7870,7874
7878,7879,7870
7877,7870,7879
7872,7873,7861
7871,7861,7873
7870,7877,7861
7877,7883,7861
7877,7876,7883
7878,7883,7876
7878,7861,7883
7880,7882,7861
7830,7861,7882
7880,7884,7817
7880,7817,7885
7880,7885,7830
7880,7861,7884
7885,7817,7884
7885,7884,7861
7861,7830,7885
7863,7817,7869
7863,7869,7861
7876,7871,7870
7871,7876,7886
7871,7886,7861
7872,7886,7876
7872,7861,7886
7861,7878,7870
7876,7887,7888
7887,7876,7889
7890,7889,7876
7876,7888,7890
7876,7861,7891
7817,7876,7891
7861,7876,7817
7876,7892,7872
7892,7876,7870
7893,7894,7876
7894,7895,7876
7896,7876,7895
7893,7876,7897
7898,7876,7899
7898,7900,7876
7901,7876,7900
7896,7897,7876
7901,7899,7876
7890,7891,7889
7887,7889,7891
7893,7897,7891
7896,7891,7897
7901,7891,7899
7899,7902,7898
7899,7891,7902
7901,7898,7902
7901,7902,7891
7901,7870,7903
7901,7903,7898
7901,7900,7870
7900,7903,7870
7900,7898,7903
7896,7895,7870
7870,7898,7896
7891,7896,7898
7898,7904,7887
7887,7905,7898
7893,7898,7870
7893,7891,7898
7875,7906,7898
7898,7830,7875
7830,7898,7906
7907,7898,7908
7907,7904,7898
7905,7908,7898
7898,7909,7910
7909,7898,7911
7898,7910,7911
7905,7909,7908
7907,7908,7909
7912,7910,7909
7910,7913,7911
7910,7912,7913
7911,7912,7909
7911,7891,7912
7891,7913,7912
7891,7911,7913
7909,7905,7891
7909,7890,7907
7909,7891,7890
7830,7906,7870
7875,7870,7906
7887,7891,7905
7914,7915,7904
7904,7916,7914
7887,7904,7917
7907,7917,7904
7904,7918,7919
7904,7890,7918
7904,7920,7890
7904,7921,7922
7921,7904,7923
7923,7904,7922
7904,7919,7924
7924,7925,7904
7920,7904,7925
7916,7904,7926
7915,7926,7904
7915,7914,7927
7915,7923,7926
7923,7915,7890
7915,7927,7890
7916,7927,7914
7916,7890,7927
7916,7926,7923
7920,7925,7923
7920,7923,7924
7920,7924,7919
7919,7890,7920
7928,7929,7922
7928,7922,7930
7922,7931,7932
7931,7922,7933
7922,7932,7933
7934,7923,7922
7934,7922,7935
7935,7922,7936
7930,7922,7929
7921,7936,7922
7937,7938,7922
7922,7939,7937
7922,7940,7939
7940,7922,7938
7941,7922,7942
7941,7943,7922
7943,7942,7922
7922,7944,7945
7944,7922,7946
7922,7945,7946
7922,7947,7948
7948,7949,7922
7922,7949,7947
7941,7942,7934
7943,7934,7942
7950,7948,7947
7950,7947,7949
7950,7951,7948
7949,7934,7950
7952,7950,7934
7950,7952,7951
7939,7948,7951
7939,7951,7952
7948,7939,7952
7948,7952,7934
7948,7934,7949
7921,7940,7936
7935,7936,7940
7930,7929,7940
7929,7953,7940
7929,7928,7953
7954,7940,7953
7954,7953,7928
7930,7954,7939
7930,7940,7954
7954,7928,7955
7954,7955,7939
7930,7955,7928
7930,7939,7955
7956,7945,7944
7956,7946,7945
7956,7944,7957
7946,7956,7931
7958,7931,7956
7956,7957,7958
7939,7957,7944
7939,7958,7957
7944,7931,7958
7944,7958,7939
7944,7946,7931
7940,7938,7931
7937,7931,7938
7941,7931,7943
7934,7943,7931
7941,7959,7939
7941,7939,7960
7941,7960,7931
7941,7934,7959
7960,7939,7959
7960,7959,7934
7934,7931,7960
7940,7928,7961
7940,7961,7939
7940,7921,7935
7940,7962,7963
7940,7963,7964
7965,7966,7940
7967,7940,7966
7931,7928,7940
7940,7968,7962
7968,7940,7964
7967,7965,7940
7962,7969,7970
7968,7963,7962
7964,7971,7962
7972,7964,7962
7972,7962,7973
7967,7966,7962
7967,7962,7974
7928,7975,7962
7962,7965,7928
7965,7962,7966
7971,7973,7962
7974,7962,7975
7962,7976,7977
7976,7962,7978
7962,7977,7978
7979,7977,7976
7979,7978,7977
7979,7970,7979
7978,7979,7970
7979,7976,7980
7979,7980,7979
7969,7980,7976
7969,7979,7980
7976,7970,7979
7976,7979,7969
7976,7978,7970
7974,7975,7970
7928,7970,7975
7971,7970,7973
7972,7973,7970
7974,7970,7981
7974,7981,7969
7967,7974,7969
7928,7981,7970
7928,7969,7981
7971,7982,7970
7971,7969,7982
7964,7969,7971
7972,7970,7982
7982,7969,7983
7982,7983,7972
7964,7983,7969
7964,7972,7983
7972,7984,7985
7985,7986,7972
7972,7969,7984
7969,7972,7986
7964,7986,7985
7986,7987,7969
7988,7986,7964
7988,7967,7986
7986,7967,7987
7984,7969,7987
7984,7987,7967
7989,7988,7990
7988,7989,7991
7984,7988,7985
7967,7988,7984
7985,7988,7968
7988,7992,7968
7990,7988,7993
7988,7964,7992
7991,7993,7988
7990,7993,7984
7991,7984,7993
7991,7994,7984
7995,7991,7996
7996,7991,7997
7998,7997,7991
7991,7989,7999
7991,8000,8001
8000,7991,8002
8002,7991,8003
8004,7991,7999
7991,7995,7998
8005,8003,7991
7991,8004,7994
7991,8001,8006
7991,8006,8005
8006,8007,8008
8009,8006,8008
8005,8006,8010
8006,8009,8007
8011,8012,8006
8006,7995,8011
8006,8013,7995
8006,8014,8013
8010,8006,8001
8014,8006,8012
8006,8015,8016
8015,8006,8017
8006,8016,8017
8006,8018,8019
8018,8006,8020
8006,8019,8020
8006,8000,8021
8000,8006,8022
8006,8021,8022
8014,8009,8011
8014,8012,8009
8009,8008,7995
8015,8009,8023
8015,8017,8009
8017,8024,8009
8011,8009,8012
8000,8002,8009
8000,8009,8010
8005,8010,8009
8002,8025,8009
8005,8009,8025
8023,8009,8024
7995,8007,8009
8024,8026,8023
7995,8023,8026
8015,8023,7995
8024,8015,8026
7995,8026,8015
8005,8025,7995
8002,7995,8025
8024,8016,8015
8024,8017,8016
8027,8014,8028
8027,8029,8014
7996,8030,8014
8014,8031,7996
8014,8029,8028
7998,8014,8032
8014,7998,8033
8033,8032,8014
8014,7995,8031
7995,8014,8030
8011,8013,8014
8014,8021,8000
8000,8022,8014
8014,8022,8021
8018,8014,8034
8018,8020,8014
8020,8035,8014
8034,8014,8035
7998,8032,8027
8033,8027,8032
7995,8034,8036
8035,8036,8034
8018,8034,7995
8035,8018,8036
7995,8036,8018
7996,8031,8030
7995,8030,8031
8035,8019,8018
8035,8020,8019
8033,7996,8037
8033,8038,7996
8033,8039,8027
8037,8039,8033
8033,7998,8038
8039,8040,8027
8039,8037,8040
7998,8027,8040
7998,8040,8037
8041,8038,7998
8041,7996,8038
8041,7655,8042
8041,8042,7658
8041,7658,7996
8041,8043,8044
8041,8045,8043
8041,8029,8045
8041,8044,8046
8041,8028,8047
8028,8041,8048
8037,8048,8041
7655,8041,8046
8041,7998,8037
8041,8047,8029
8045,8047,8028
8045,8029,8047
8048,8049,8046
8028,8048,8046
8046,8050,8028
8046,8043,7658
7658,8051,8046
8043,8046,8051
8050,8046,8044
7655,8046,8049
8046,8052,8053
8052,8046,8054
8046,8053,8054
8055,8053,8052
8055,8054,8053
8054,8055,8043
8055,8052,8056
8055,8056,8057
8057,8043,8055
7658,8056,8052
7658,8057,8056
8052,8043,8057
8052,8057,7658
8052,8054,8043
8049,8042,7655
8049,7658,8042
8048,7658,8049
8028,8050,8043
8050,8044,8043
8043,8051,7658
8037,7996,8048
7996,7658,8048
8027,8058,8048
8048,8059,8027
8059,8048,8060
8058,8060,8048
8061,8062,8048
8061,8048,8063
8064,8063,8048
8064,8048,8062
8061,8037,8062
8064,8062,8037
8059,8060,8037
8058,8037,8060
8027,8064,8037
8064,8027,8065
8064,8065,8028
8064,8028,8063
8066,8065,8027
8066,8028,8065
8027,8037,8066
8066,8037,8061
8066,8061,8028
8061,8063,8028
8058,8027,8067
8037,8058,8028
8058,8067,8028
8059,8067,8027
8059,8028,8067
8028,8059,8037
8028,8043,8045
8068,8069,8043
8043,8029,8068
8070,8043,8069
8043,8070,8071
8029,8043,8072
8071,8072,8043
8071,7659,8073
7659,8071,7658
8071,7655,7658
7655,8071,8074
8071,8068,8072
8068,8071,8070
8073,8074,8071
8073,8068,8074
7655,8074,8068
7667,8073,7659
7667,8068,8073
8070,8069,7658
8068,7658,8069
8029,8072,8068
8068,8070,7658
8068,8075,7659
7659,8076,8068
7667,7672,8068
8068,8076,7655
7656,8075,8068
8068,7672,7656
8075,8076,7659
7656,8076,8075
8076,7656,7655
8029,8027,8028
8010,8001,8000
8011,7995,8013
7995,8008,8007
8005,7995,8003
7999,8077,8004
7990,8004,8077
8078,7984,8004
7990,7994,8004
7990,8077,8078
7999,8078,8077
8078,8079,8080
7968,8078,8080
8078,7968,8079
8078,8000,7989
7989,7990,8078
7999,8000,8078
8000,8079,7968
8000,8080,8079
7968,8080,8000
7990,7984,7994
8002,8003,7995
7995,7996,7998
7989,7998,7996
7998,7989,7997
7999,7989,8000
7996,7997,7989
7985,7992,7964
7985,7968,7992
7914,7969,7939
7969,7914,8081
8081,7967,7969
7928,7939,7969
7887,8081,7914
8081,7887,7890
7934,7967,8081
7934,8081,7890
7967,7928,7965
7928,7967,7939
7934,7939,7967
7968,7964,7963
7937,7939,7961
7937,7961,7928
7939,8082,7914
7939,7933,7932
7939,7932,7931
7939,7934,8082
7931,7933,7939
7890,7914,8082
7890,8082,7934
7928,7931,7937
7934,7935,7921
7914,8083,7934
7934,8084,7914
7934,7919,8084
7923,7934,7921
8085,7934,8083
7934,8085,7919
8086,8087,7934
8086,7934,8088
8088,7934,8089
8087,8089,7934
7914,7923,8083
8085,8083,7923
8086,7923,8087
7923,8090,8087
8089,8087,8090
7923,8086,8090
8089,8090,8086
8089,8086,8091
8089,8091,8088
7914,8088,8091
7914,8091,8086
8086,8088,7914
8084,8085,7923
8084,7919,8085
7923,7914,8084
7890,7916,7923
7914,7919,8092
7919,7914,8093
7890,7919,8094
7918,8095,7919
7919,8093,7923
8096,7919,8097
8096,8098,7919
8098,8099,7919
8095,8094,7919
8097,7919,8099
7923,8092,7919
8096,8097,7923
7923,8097,8100
8099,8100,8097
7923,8100,8096
8099,8096,8100
7914,8092,8093
7923,8093,8092
8099,8101,8096
8099,8098,8101
7914,8101,8098
7914,8096,8101
8094,7914,8102
8095,7914,8094
8094,8102,7890
8095,8102,7914
8095,7890,8102
7918,7890,8095
8096,7914,8098
7924,7923,7925
7917,7888,7887
7917,7890,7888
7907,7890,7917
7914,7890,7887
7870,7894,7893
7894,7870,7895
7872,7892,7870
7861,7817,7891
7817,7856,7855
7830,7855,7856
7860,7859,8103
7860,8103,7857
7817,8103,7859
7817,7857,8103
7857,7817,7859
7843,7817,7846
7846,7817,7845
7842,7851,7830
7848,7849,7817
7817,7834,7848
7843,7845,7817
7844,8104,7830
7844,7834,8104
7842,7834,7844
7842,8104,7834
7842,7830,8104
7833,7841,7834
7835,7834,7839
7835,7826,7837
7833,7834,7832
7826,7832,7834
7780,7830,7817
7817,7829,7826
7806,7816,7783
7783,7790,7806
7805,7806,7790
7810,7809,8105
7790,8105,7809
7808,7790,7809
7810,8105,7808
7790,7808,8105
7814,8106,7812
7811,7812,7790
7790,7812,8106
7814,7811,8106
7790,8106,7811
7783,7810,7808
7814,7813,8107
7814,8107,7811
7783,8107,7813
7783,7811,8107
7780,7783,7816
7811,7783,7813
7779,7778,7781
7788,7781,7787
7785,7781,7788
7785,7786,7735
7781,7785,7735
7777,7781,7778
7781,7735,7786
7781,7780,7782
7782,7784,7781
7786,7787,7781
7782,7783,7784
7775,7776,7735
7743,7735,7776
7760,7775,7735
7760,7734,7775
7737,7742,7763
7737,7763,7720
7765,7734,7767
7735,7743,7760
7734,7743,7744
7727,7737,7736
7727,7736,7738
8108,7747,7746
8108,7746,7748
8108,8109,8110
8108,8110,7747
7748,7737,8108
8109,8108,7737
7747,7727,8109
7747,8109,7737
7727,8110,8109
7727,7747,8110
7747,7737,7748
7741,8111,7742
7739,7742,8111
7742,7737,7720
7741,7737,8111
7739,8111,7737
7739,7737,7741
7737,7727,7738
8112,7737,8113
8112,8114,7737
8114,8113,7737
7721,7737,8115
7721,8116,7737
8117,7737,8116
8117,8115,7737
8112,8113,7720
8114,7720,8113
7721,8115,7720
8117,7720,8115
8117,8118,7721
7721,7720,8117
8117,7727,8118
8117,8116,7727
8116,7721,8118
8116,8118,7727
8112,7727,8114
7720,8114,7727
8112,7720,8119
8112,8119,7721
7727,8112,7721
7727,7721,8119
7727,8119,7720
7727,8120,7703
7727,7717,8120
7723,8120,7717
7723,7703,8120
7721,7722,7717
7723,7717,7722
7694,7718,7685
7687,7685,7718
7681,7683,7700
7661,7700,7683
7693,7687,7692
7691,7692,7687
7695,7687,8121
7695,8121,7694
7696,7687,7695
8122,7694,8121
8122,8121,7687
7696,7694,8122
7687,7661,8122
7696,8122,7661
8123,7698,7697
8123,7699,7698
8123,7697,8124
7699,8123,7687
8125,7687,8123
8123,8124,8125
7685,8125,8124
7685,8124,7697
7697,8125,7685
7697,7687,8125
7697,7699,7687
7687,7696,7661
7685,7687,7694
8126,7694,8127
8128,8127,7694
7693,7694,8129
7691,8129,7694
7694,8130,8131
7672,8130,7694
8132,8133,7694
8132,7694,8134
8134,7694,8133
7694,8131,7672
7694,8126,7673
7677,7694,7673
7661,7694,7693
8128,7694,7677
7694,7661,8135
7694,8135,7691
8136,7673,8126
8136,8126,7661
8126,8127,7661
8136,7668,8137
7661,7668,8136
7677,7673,8136
8136,8137,7677
8128,8137,7668
8128,7677,8137
7691,8135,7661
7661,8128,7668
8128,7661,8127
8134,8133,7677
8132,7677,8133
7677,7672,8131
7677,8131,8130
7677,7661,8134
8132,8134,7661
8132,8138,7673
8132,7673,8139
8132,7661,8138
8132,8139,7677
8139,7673,8138
8139,8138,7661
7661,7677,8139
7672,7677,8130
7693,8129,7687
7691,7687,8129
7681,7661,7682
7683,7682,7661
7686,7685,7684
7686,7684,7687
7685,7689,7688
7661,7674,7673
7661,7675,7674
8140,7680,7679
8140,7679,7678
7680,8140,7673
8141,7673,8140
8140,8142,8141
8140,7678,8142
7661,8141,8142
7661,8142,7678
7678,7673,8141
7678,8141,7661
7678,7680,7673
7665,7664,8143
7665,8143,7656
7656,7666,7665
7661,8143,7664
7661,7656,8143
8144,7677,7676
8144,7676,7672
7671,8144,7668
7672,7668,8144
7671,7677,8144
7677,7668,8136
7668,7677,8145
7677,8136,8145
7677,8146,8147
8146,7677,8148
7677,8147,8148
8149,8147,8146
8149,8148,8147
8150,7668,8149
8148,8149,7668
8149,8146,8151
8149,8151,8150
7673,8151,8146
7673,8150,8151
8146,7668,8150
8146,8150,7673
8146,8148,7668
8152,8136,7668
8136,8153,8145
8136,8152,8153
7673,8145,8153
7673,8153,8152
8145,8152,7668
8145,7673,8152
7668,7673,7671
7671,7673,7670
7672,7669,7668
7667,7656,7672
7661,7660,7662
7673,7675,7661
7668,7670,7673
7656,7664,7666
7656,7661,7664
8154,8155,8156
8156,8157,8154
8157,8156,8158
8159,8158,8156
8155,8159,8156
8160,8155,8154
8161,8162,8155
8161,8155,8160
8159,8155,8163
8155,8164,8163
8155,8162,8164
8165,8159,8163
8163,8164,8165
8159,8165,8166
8166,8165,8167
8168,8167,8165
8165,8169,8168
8169,8165,8170
8170,8165,8164
8171,8168,8169
8168,8171,8172
8173,8167,8168
8172,8173,8168
8174,8172,8171
8173,8172,8175
8176,8175,8172
8172,8174,8176
8176,8174,8177
8177,8178,8176
8176,8178,8175
8178,8179,8175
8178,8180,8179
8181,8178,8177
8178,8181,8180
8180,8182,8183
8182,8180,8181
8184,8180,8183
8179,8180,8184
8184,8185,8179
8186,8185,8184
8187,8186,8184
8183,8187,8184
8187,8188,8186
8189,8188,8187
8190,8187,8182
8182,8187,8183
8189,8187,8190
8189,8190,8191
8190,8182,8191
8191,8188,8189
8188,8191,8182
8181,8186,8188
8181,8188,8182
8177,8185,8186
8181,8177,8186
8192,8193,8185
8179,8185,8193
8185,8177,8174
8185,8174,8192
8192,8171,8194
8175,8192,8194
8171,8192,8174
8192,8175,8193
8194,8171,8195
8175,8194,8196
8197,8196,8194
8194,8195,8197
8197,8198,8167
8167,8173,8197
8198,8197,8199
8197,8195,8199
8196,8197,8173
8198,8170,8200
8198,8200,8201
8201,8202,8198
8167,8198,8202
8169,8170,8198
8199,8169,8198
8202,8201,8166
8167,8202,8166
8201,8162,8203
8203,8166,8201
8162,8201,8200
8166,8203,8159
8158,8159,8203
8161,8203,8162
8203,8157,8158
8203,8161,8157
8164,8162,8200
8164,8200,8170
8169,8199,8195
8171,8169,8195
8196,8173,8175
8193,8175,8179
8160,8154,8157
8160,8157,8161
8204,8205,8206
8206,8207,8204
8207,8206,8208
8206,8209,8210
8209,8206,8205
8210,8208,8206
8211,8207,8208
8208,8212,8213
8208,8213,8211
8212,8208,8210
8213,8212,8214
8212,8215,8214
8215,8212,8210
8205,8214,8215
8205,8204,8214
8213,8214,8216
8217,8216,8214
8214,8204,8218
8214,8219,8217
8218,8219,8214
8218,8204,8207
8207,8211,8218
8219,8218,8211
8219,8211,8213
8217,8219,8213
8220,8217,8213
8217,8220,8221
8217,8221,8216
8216,8221,8222
8222,8221,8220
8220,8223,8222
8224,8222,8223
8222,8224,8225
8222,8225,8216
8226,8227,8225
8227,8228,8225
8225,8224,8229
8225,8229,8226
8216,8225,8213
8225,8230,8231
8232,8230,8225
8225,8228,8232
8231,8233,8225
8233,8234,8225
8234,8213,8225
8235,8233,8231
8235,8231,8236
8231,8237,8236
8231,8230,8237
8232,8237,8230
8232,8236,8237
8236,8230,8238
8239,8236,8238
8232,8235,8236
8240,8230,8236
8236,8239,8240
8239,8238,8240
8241,8242,8240
8241,8240,8243
8230,8240,8238
8242,8243,8240
8241,8243,8238
8242,8238,8243
8242,8241,8244
8244,8238,8242
8245,8242,8246
8242,8245,8247
8248,8246,8242
8242,8247,8248
8245,8246,8244
8248,8244,8246
8249,8247,8245
8249,8248,8247
8248,8249,8244
8244,8249,8245
8241,8238,8244
8245,8248,8250
8250,8251,8252
8251,8250,8253
8253,8250,8254
8252,8254,8250
8253,8254,8245
8252,8245,8254
8245,8252,8251
8253,8255,8256
8253,8256,8251
8253,8257,8255
8253,8258,8257
8259,8258,8253
8253,8245,8259
8259,8257,8260
8259,8260,8261
8251,8259,8245
8258,8259,8262
8263,8262,8259
8259,8261,8263
8259,8251,8256
8259,8256,8257
8261,8260,8258
8264,8263,8261
8261,8265,8264
8258,8265,8261
8258,8266,8264
8263,8264,8266
8258,8264,8265
8267,8268,8266
8266,8269,8267
8270,8269,8266
8266,8268,8263
8266,8258,8270
8262,8210,8270
8270,8258,8262
8270,8271,8269
8271,8270,8210
8269,8271,8272
8273,8272,8271
8271,8274,8273
8210,8274,8271
8275,8273,8274
8274,8276,8275
8210,8276,8274
8277,8275,8276
8277,8276,8210
8215,8277,8278
8277,8209,8278
8209,8277,8210
8275,8277,8215
8205,8278,8209
8215,8278,8205
8215,8273,8275
8272,8273,8215
8272,8267,8269
8262,8267,8272
8215,8262,8272
8263,8268,8262
8262,8268,8267
8210,8262,8215
8257,8258,8260
8257,8256,8255
8232,8233,8235
8279,8280,8234
8234,8233,8279
8280,8223,8234
8213,8234,8223
8223,8280,8224
8229,8224,8280
8280,8279,8229
8226,8229,8279
8226,8279,8233
8227,8226,8233
8233,8232,8227
8227,8232,8228
8223,8220,8213
8281,8282,8283
8283,8284,8281
8285,8284,8283
8286,8283,8287
8287,8283,8282
8285,8283,8286
8285,8286,8288
8286,8289,8290
8289,8286,8287
8288,8286,8291
8292,8286,8293
8292,8291,8286
8293,8286,8294
8286,8290,8294
8295,8294,8290
8296,8290,8297
8297,8290,8289
8290,8296,8298
8298,8295,8290
8299,8294,8295
8295,8300,8299
8301,8300,8295
8295,8298,8301
8299,8302,8303
8304,8299,8303
8294,8299,8304
8302,8299,8300
8302,8305,8306
8307,8305,8302
8307,8302,8300
8308,8302,8309
8306,8309,8302
8308,8303,8302
8310,8307,8301
8311,8307,8310
8312,8307,8311
8307,8300,8301
8305,8307,8312
8305,8312,8313
8303,8313,8312
8312,8304,8303
8314,8304,8312
8312,8315,8314
8315,8312,8311
8316,8317,8314
8314,8315,8316
8304,8314,8294
8317,8294,8314
8316,8318,8317
8319,8317,8320
8294,8317,8319
8317,8318,8321
8321,8320,8317
8321,8322,8323
8322,8321,8318
8320,8321,8323
8324,8325,8323
8325,8326,8323
8323,8327,8324
8326,8328,8323
8322,8327,8323
8323,8328,8329
8329,8320,8323
8329,8328,8330
8330,8319,8329
8320,8329,8319
8330,8331,8332
8333,8330,8332
8330,8333,8334
8334,8335,8330
8335,8319,8330
8331,8330,8328
8318,8331,8336
8337,8336,8331
8331,8338,8339
8339,8332,8331
8331,8328,8337
8331,8318,8340
8340,8341,8331
8341,8338,8331
8341,8342,8336
8343,8341,8336
8342,8341,8340
8343,8338,8341
8337,8326,8343
8343,8326,8344
8332,8343,8344
8343,8336,8337
8332,8345,8343
8345,8339,8343
8339,8338,8343
8346,8345,8347
8348,8347,8345
8345,8349,8339
8345,8332,8348
8349,8345,8346
8332,8339,8349
8349,8346,8332
8346,8348,8332
8348,8346,8350
8347,8350,8346
8350,8351,8348
8352,8350,8347
8350,8352,8351
8353,8352,8354
8352,8347,8354
8352,8353,8355
8355,8351,8352
8356,8353,8354
8355,8353,8356
8354,8357,8356
8355,8356,8358
8358,8356,8357
8359,8360,8357
8361,8359,8357
8362,8361,8357
8357,8360,8358
8355,8357,8354
8355,8362,8357
8363,8362,8364
8355,8364,8362
8361,8362,8365
8365,8362,8363
8364,8366,8363
8365,8363,8366
8288,8366,8364
8288,8367,8366
8366,8368,8365
8368,8366,8369
8369,8366,8367
8367,8370,8371
8371,8319,8367
8367,8372,8370
8367,8319,8372
8367,8288,8373
8374,8293,8367
8367,8375,8374
8367,8373,8375
8293,8376,8367
8369,8367,8376
8293,8319,8376
8369,8376,8319
8377,8373,8288
8373,8377,8378
8375,8373,8379
8378,8379,8373
8379,8380,8375
8381,8379,8378
8382,8379,8383
8380,8379,8382
8379,8381,8383
8384,8383,8381
8383,8384,8382
8385,8384,8381
8385,8382,8384
8381,8386,8385
8385,8386,8291
8382,8385,8292
8291,8292,8385
8381,8378,8386
8386,8378,8377
8386,8377,8291
8374,8375,8380
8380,8382,8374
8382,8292,8374
8291,8377,8288
8293,8374,8292
8319,8371,8370
8319,8370,8372
8372,8371,8387
8371,8372,8388
8282,8388,8372
8372,8389,8282
8372,8390,8391
8372,8387,8390
8391,8389,8372
8391,8392,8393
8392,8391,8390
8393,8394,8391
8391,8394,8389
8395,8394,8393
8393,8396,8395
8393,8397,8396
8393,8392,8397
8392,8390,8397
8310,8396,8397
8397,8398,8310
8397,8390,8398
8324,8398,8390
8310,8398,8311
8398,8324,8327
8398,8327,8311
8396,8287,8395
8310,8399,8396
8287,8396,8399
8399,8400,8401
8401,8287,8399
8402,8400,8399
8310,8402,8399
8400,8402,8403
8404,8405,8402
8404,8402,8310
8402,8405,8403
8405,8406,8403
8403,8407,8400
8408,8407,8403
8409,8408,8403
8410,8409,8403
8403,8406,8411
8403,8411,8410
8406,8412,8411
8289,8410,8411
8411,8412,8413
8413,8289,8411
8405,8412,8406
8405,8414,8412
8415,8412,8414
8413,8412,8416
8415,8417,8412
8417,8416,8412
8418,8416,8414
8414,8416,8419
8413,8416,8418
8417,8419,8416
8420,8418,8414
8421,8422,8418
8423,8421,8418
8418,8420,8423
8413,8418,8422
8422,8424,8413
8424,8422,8425
8425,8422,8421
8426,8424,8425
8425,8427,8426
8425,8421,8427
8427,8428,8309
8427,8309,8426
8429,8427,8421
8427,8429,8428
8429,8306,8305
8305,8430,8429
8306,8429,8421
8429,8430,8308
8309,8429,8431
8308,8428,8429
8305,8432,8430
8433,8308,8430
8433,8430,8432
8313,8432,8305
8432,8313,8303
8432,8342,8434
8342,8432,8316
8303,8316,8432
8434,8435,8432
8435,8433,8432
8433,8435,8303
8435,8434,8303
8316,8434,8436
8316,8303,8434
8436,8434,8342
8436,8318,8316
8342,8340,8436
8436,8340,8318
8303,8308,8433
8308,8309,8428
8437,8301,8426
8437,8426,8309
8298,8296,8426
8298,8426,8301
8296,8424,8426
8423,8438,8437
8423,8437,8306
8309,8306,8437
8301,8437,8438
8404,8438,8439
8404,8301,8438
8413,8438,8420
8438,8423,8420
8438,8413,8424
8424,8439,8438
8404,8439,8297
8424,8296,8439
8297,8439,8296
8421,8423,8306
8414,8440,8420
8413,8420,8440
8440,8404,8441
8440,8405,8404
8414,8405,8440
8441,8413,8440
8442,8441,8404
8289,8413,8441
8441,8442,8289
8297,8442,8404
8289,8442,8297
8419,8443,8444
8415,8419,8444
8419,8415,8414
8417,8443,8419
8415,8444,8443
8443,8417,8415
8445,8446,8444
8447,8444,8446
8448,8444,8449
8447,8449,8444
8448,8450,8444
8450,8445,8444
8407,8447,8451
8407,8408,8447
8408,8415,8447
8447,8415,8449
8447,8446,8452
8452,8451,8447
8453,8407,8451
8451,8452,8288
8288,8454,8451
8453,8451,8454
8454,8455,8453
8455,8454,8288
8288,8364,8455
8455,8364,8456
8453,8455,8359
8360,8359,8455
8360,8455,8456
8456,8452,8446
8446,8360,8456
8457,8452,8456
8358,8456,8355
8456,8358,8458
8355,8456,8364
8458,8457,8456
8457,8458,8446
8457,8446,8445
8452,8457,8445
8458,8358,8446
8400,8407,8453
8453,8459,8400
8453,8359,8459
8459,8460,8461
8461,8462,8459
8400,8459,8462
8361,8460,8459
8459,8359,8361
8387,8461,8460
8460,8325,8387
8463,8325,8460
8361,8464,8460
8460,8464,8463
8463,8326,8325
8463,8464,8465
8344,8326,8463
8465,8344,8463
8348,8368,8465
8348,8465,8464
8369,8344,8465
8369,8465,8368
8466,8464,8361
8464,8466,8347
8464,8347,8348
8365,8466,8361
8347,8466,8354
8355,8354,8466
8466,8351,8355
8365,8351,8466
8462,8467,8468
8467,8462,8461
8400,8462,8401
8468,8401,8462
8468,8469,8401
8470,8468,8467
8468,8470,8469
8469,8284,8401
8469,8470,8284
8470,8371,8284
8470,8471,8371
8467,8471,8470
8471,8467,8461
8461,8371,8471
8461,8387,8371
8410,8288,8452
8450,8448,8452
8452,8448,8410
8452,8445,8450
8409,8448,8408
8415,8408,8448
8448,8449,8415
8448,8409,8410
8358,8360,8446
8288,8410,8285
8410,8289,8285
8310,8301,8404
8284,8287,8401
8394,8395,8389
8389,8395,8282
8395,8287,8282
8324,8390,8387
8325,8324,8387
8284,8388,8281
8388,8284,8371
8282,8281,8388
8369,8335,8334
8369,8334,8344
8335,8369,8319
8348,8351,8368
8365,8368,8351
8333,8332,8344
8334,8333,8344
8336,8342,8322
8316,8315,8342
8327,8342,8315
8327,8322,8342
8326,8337,8328
8336,8322,8318
8311,8327,8315
8293,8294,8319
8289,8287,8284
8284,8285,8289
8472,8473,8474
8472,8475,8473
8476,8475,8472
8472,8477,8476
8472,8478,8477
8478,8472,8479
8474,8480,8472
8479,8472,8480
8479,8481,8478
8482,8481,8479
8479,8480,8482
8483,8484,8482
8482,8484,8481
8485,8482,8480
8482,8485,8486
8483,8482,8487
8482,8486,8487
8488,8487,8486
8488,8486,8485
8488,8489,8483
8487,8488,8483
8488,8490,8489
8490,8488,8485
8480,8489,8490
8480,8490,8485
8491,8490,8492
8491,8493,8490
8487,8490,8493
8494,8495,8490
8490,8483,8494
8490,8496,8483
8497,8490,8498
8497,8499,8490
8498,8490,8499
8492,8490,8500
8501,8500,8490
8496,8490,8495
8490,8487,8501
8501,8483,8500
8502,8483,8501
8502,8501,8487
8502,8492,8483
8487,8503,8502
8502,8504,8505
8504,8502,8506
8503,8506,8502
8492,8502,8505
8505,8507,8492
8505,8506,8503
8503,8507,8505
8504,8508,8505
8505,8508,8506
8491,8492,8507
8503,8509,8507
8510,8507,8509
8491,8507,8510
8511,8491,8510
8511,8510,8512
8510,8509,8513
8512,8510,8513
8514,8511,8512
8515,8512,8513
8512,8515,8516
8516,8514,8512
8517,8514,8516
8517,8516,8515
8517,8518,8519
8517,8513,8518
8520,8513,8517
8517,8519,8514
8521,8517,8515
8521,8522,8517
8517,8522,8523
8517,8523,8524
8524,8525,8517
8517,8525,8520
8513,8520,8515
8520,8525,8526
8526,8515,8520
8521,8515,8526
8527,8526,8528
8529,8526,8527
8529,8521,8526
8525,8528,8526
8527,8528,8530
8530,8528,8531
8528,8525,8531
8531,8532,8529
8533,8532,8531
8531,8525,8533
8534,8530,8531
8531,8535,8536
8537,8535,8531
8531,8536,8534
8538,8537,8531
8531,8529,8527
8527,8538,8531
8530,8508,8538
8530,8538,8527
8538,8508,8537
8504,8537,8508
8539,8537,8504
8537,8539,8540
8537,8540,8535
8541,8540,8539
8541,8535,8540
8504,8542,8541
8504,8541,8539
8535,8541,8542
8543,8539,8542
8542,8544,8543
8542,8534,8544
8539,8545,8542
8542,8506,8530
8530,8546,8542
8536,8542,8546
8504,8506,8542
8542,8536,8535
8534,8542,8545
8547,8542,8548
8547,8549,8542
8548,8542,8549
8547,8548,8539
8534,8539,8548
8548,8549,8534
8547,8534,8549
8539,8535,8547
8547,8535,8550
8547,8550,8534
8539,8550,8535
8539,8534,8550
8545,8539,8551
8545,8551,8535
8534,8545,8535
8552,8551,8539
8552,8535,8551
8553,8552,8554
8552,8543,8554
8552,8539,8543
8555,8552,8553
8544,8552,8555
8535,8552,8544
8555,8543,8544
8555,8478,8543
8555,8556,8478
8553,8556,8555
8478,8556,8557
8558,8557,8556
8556,8559,8558
8553,8559,8556
8560,8475,8559
8561,8559,8475
8559,8562,8558
8559,8561,8562
8559,8563,8560
8563,8559,8553
8564,8560,8563
8565,8475,8560
8560,8566,8565
8564,8566,8560
8563,8567,8564
8564,8567,8524
8522,8566,8564
8522,8564,8524
8563,8568,8567
8568,8569,8567
8521,8532,8567
8532,8533,8567
8567,8533,8521
8522,8524,8567
8522,8567,8569
8568,8532,8569
8522,8569,8532
8562,8565,8568
8568,8553,8562
8568,8565,8566
8553,8568,8563
8522,8532,8568
8566,8522,8568
8562,8561,8565
8570,8475,8565
8565,8571,8570
8571,8565,8561
8473,8475,8570
8473,8570,8572
8570,8571,8572
8572,8474,8473
8518,8572,8571
8573,8474,8572
8573,8572,8574
8572,8518,8574
8574,8518,8575
8574,8514,8519
8514,8574,8576
8574,8575,8573
8491,8511,8574
8511,8576,8574
8577,8574,8578
8577,8579,8574
8579,8578,8574
8574,8513,8491
8513,8574,8580
8519,8580,8574
8577,8578,8518
8579,8518,8578
8519,8518,8580
8513,8580,8518
8514,8575,8518
8575,8514,8581
8575,8581,8573
8571,8573,8581
8571,8581,8514
8577,8573,8579
8518,8579,8573
8577,8518,8582
8577,8582,8514
8514,8573,8577
8573,8582,8518
8573,8514,8582
8511,8573,8576
8576,8573,8583
8576,8583,8514
8511,8583,8573
8511,8514,8583
8571,8474,8573
8561,8476,8571
8474,8571,8476
8571,8514,8518
8475,8476,8561
8554,8562,8553
8562,8554,8558
8557,8558,8554
8557,8477,8478
8477,8557,8480
8557,8554,8543
8557,8543,8480
8530,8534,8546
8536,8546,8534
8535,8544,8534
8480,8543,8484
8478,8484,8543
8521,8533,8524
8524,8533,8525
8532,8521,8529
8530,8506,8508
8521,8524,8523
8521,8523,8522
8491,8513,8509
8487,8509,8503
8487,8485,8509
8491,8509,8485
8496,8495,8485
8494,8485,8495
8496,8584,8483
8496,8487,8584
8496,8585,8487
8496,8485,8585
8494,8483,8584
8494,8584,8487
8494,8487,8585
8494,8585,8485
8492,8500,8483
8497,8498,8485
8498,8499,8483
8483,8485,8498
8497,8483,8499
8497,8586,8483
8497,8487,8586
8497,8485,8587
8497,8587,8487
8586,8487,8587
8586,8587,8485
8485,8483,8586
8487,8493,8485
8491,8485,8493
8480,8483,8489
8484,8483,8480
8484,8478,8481
8480,8476,8477
8480,8474,8476
