0.10815,0.04068,0.34828
0.11168,0.04026,0.33924
0.1114,0.04064,0.34225
0.10964,0.0414,0.33908
0.10772,0.04027,0.33907
0.10992,0.04047,0.34376
0.1081,0.03878,0.34521
0.10833,0.03716,0.34829
0.10786,0.04041,0.34214
0.11084,0.04139,0.34827
0.11063,0.04144,0.34703
0.10949,0.04104,0.34828
0.10764,0.03973,0.34705
0.10827,0.03834,0.34828
0.10758,0.03782,0.35109
0.10821,0.03951,0.34828
0.10962,0.04171,0.35108
0.11017,0.04121,0.34828
0.1089,0.04104,0.34368
0.10882,0.04086,0.34828
0.10801,0.04054,0.34521
0.11036,0.04026,0.33918
0.10803,0.03872,0.34368
0.11236,0.0378,0.34828
0.11219,0.03841,0.33917
0.10928,0.04083,0.34367
0.11002,0.0366,0.33911
0.10986,0.03648,0.34709
0.11102,0.03759,0.34828
0.11246,0.03901,0.34717
0.11135,0.0402,0.34828
0.11268,0.03787,0.35108
0.10968,0.03738,0.34828
0.11185,0.039,0.34828
0.10959,0.03928,0.34828
0.11204,0.03894,0.33919
0.11064,0.03712,0.33912
0.11058,0.03782,0.33915
0.1089,0.0374,0.3392
0.10844,0.03772,0.33924
0.11006,0.03899,0.33924
0.10867,0.03756,0.33922
0.11037,0.04121,0.34667
0.11041,0.04097,0.33914
0.1119,0.03947,0.33921
0.10967,0.0369,0.34668
0.10909,0.04107,0.33908
0.10934,0.04048,0.33912
0.10784,0.03984,0.3391
0.10877,0.0394,0.33916
0.10796,0.03942,0.33913
0.10772,0.04021,0.33795
0.10846,0.03707,0.33793
0.10808,0.03899,0.33915
0.10912,0.03724,0.33918
0.10884,0.04052,0.33945
0.10815,0.03893,0.34475
0.10904,0.03956,0.33916
0.10939,0.03728,0.34485
0.11094,0.03818,0.33919
0.10735,0.03967,0.33391
0.10864,0.03736,0.33336
0.1082,0.03857,0.33918
0.10827,0.04059,0.33907
0.10957,0.03692,0.33914
0.10896,0.03675,0.33407
0.1098,0.03676,0.33913
0.10832,0.03815,0.33921
0.10874,0.03864,0.3392
0.10969,0.03795,0.33921
0.10935,0.03708,0.33916
0.11126,0.03764,0.33914
0.1103,0.03736,0.33915
0.11077,0.03775,0.33916
0.1099,0.0382,0.3391
0.11117,0.04054,0.3392
0.11113,0.03904,0.33919
0.11033,0.03686,0.33912
0.11212,0.03868,0.33918
0.11188,0.03816,0.33916
0.11241,0.03865,0.33406
0.11052,0.04104,0.33411
0.11,0.03961,0.3341
0.11211,0.03882,0.33806
0.11147,0.03984,0.33408
0.11176,0.04,0.33923
0.11241,0.04006,0.33778
0.11091,0.03668,0.33777
0.10982,0.03722,0.33406
0.10845,0.04,0.33416
0.11194,0.03925,0.33407
0.10948,0.03818,0.33408
0.11068,0.0377,0.33406
0.11151,0.0386,0.33421
0.111,0.04044,0.3341
0.11155,0.03817,0.33406
0.10799,0.04043,0.33907
0.10949,0.04052,0.33414
0.1087,0.03837,0.33411
0.10872,0.04065,0.33807
0.10895,0.03745,0.33807
0.11045,0.04149,0.33794
0.11,0.04078,0.33412
0.10858,0.03919,0.33414
0.10905,0.0379,0.33424
0.10897,0.04026,0.33415
0.10883,0.03756,0.33409
0.11066,0.04083,0.33916
0.10977,0.0398,0.33909
0.10854,0.04075,0.33908
0.10887,0.03843,0.33909
0.1099,0.04125,0.3391
0.11197,0.03921,0.3392
0.11095,0.03738,0.33913
0.10922,0.04078,0.3391
0.11195,0.03873,0.34477
0.11042,0.04094,0.34473
0.10909,0.04003,0.34653
0.11111,0.03849,0.34667
0.11051,0.04176,0.33379
0.1122,0.03883,0.33329
0.11035,0.04078,0.33278
0.10836,0.0397,0.33272
0.11015,0.04111,0.33912
0.11093,0.0405,0.33035
0.10832,0.03887,0.33036
0.10876,0.0395,0.33306
0.11113,0.03862,0.33306
0.11041,0.03688,0.33328
0.11089,0.03779,0.33035
0.10973,0.03874,0.33171
0.11157,0.0379,0.33915
0.11091,0.03991,0.33912
0.11183,0.03973,0.33922
0.10847,0.04046,0.33909
0.10904,0.04027,0.33913
0.11092,0.04069,0.33918
0.10882,0.04091,0.33908
0.10995,0.03934,0.33912
0.11024,0.04139,0.34368
0.10937,0.04123,0.33908
0.11113,0.0409,0.34375
0.11143,0.0404,0.33922
0.11112,0.04101,0.34526
0.11127,0.04071,0.34224
-0.21611,-0.21969,0.33964
-0.07207,-0.06651,0.33935
-0.07068,-0.06781,0.33785
-0.07045,-0.06803,0.33823
-0.21596,-0.21983,0.34009
-0.07373,-0.06494,0.34036
-0.0738,-0.06488,0.33986
-0.21453,-0.22118,0.33855
-0.21769,-0.2182,0.34087
-0.21317,-0.22246,0.33691
-0.21346,-0.22219,0.33662
-0.0692,-0.06921,0.3364
-0.21263,-0.22298,0.33453
-0.21229,-0.22329,0.33471
-0.2122,-0.22338,0.33222
-0.21184,-0.22372,0.33228
-0.06832,-0.07004,0.3342
-0.06787,-0.07047,0.33177
-0.21221,-0.22339,0.32983
-0.21196,-0.22362,0.32955
-0.06788,-0.07047,0.32926
-0.06824,-0.07013,0.33171
-0.06824,-0.07013,0.32932
-0.06868,-0.06973,0.32701
-0.06834,-0.07005,0.32683
-0.21231,-0.2233,0.32734
-0.21319,-0.22248,0.32514
-0.21349,-0.2222,0.32544
-0.06937,-0.06909,0.32478
-0.07071,-0.06783,0.32319
-0.21468,-0.22109,0.3237
-0.07218,-0.06645,0.32191
-0.21615,-0.21971,0.32242
-0.21445,-0.2213,0.32331
-0.07048,-0.06805,0.3228
-0.07203,-0.0666,0.32146
-0.216,-0.21986,0.32197
-0.07377,-0.06497,0.32069
-0.21777,-0.21819,0.32144
-0.07384,-0.0649,0.32118
-0.21956,-0.21651,0.32104
-0.21954,-0.21653,0.32154
-0.22136,-0.21482,0.32151
-0.07739,-0.06156,0.321
-0.07559,-0.06326,0.32078
-0.07728,-0.06167,0.32148
-0.07905,-0.06001,0.32207
-0.07885,-0.06019,0.32249
-0.22124,-0.21492,0.32199
-0.22423,-0.21211,0.32409
-0.22301,-0.21326,0.32258
-0.08045,-0.05868,0.32367
-0.08019,-0.05893,0.32402
-0.0812,-0.05797,0.32595
-0.08152,-0.05767,0.3257
-0.22549,-0.21092,0.32622
-0.22616,-0.21029,0.32855
-0.22517,-0.21122,0.32646
-0.22415,-0.21219,0.32453
-0.22629,-0.21016,0.3308
-0.08184,-0.05737,0.32816
-0.08214,-0.05708,0.3283
-0.22602,-0.21041,0.33104
-0.08183,-0.05736,0.33289
-0.22547,-0.21091,0.33559
-0.22615,-0.21028,0.33353
-0.0815,-0.05766,0.33535
-0.08218,-0.05703,0.33302
-0.08242,-0.05682,0.33053
-0.08118,-0.05796,0.33511
-0.08016,-0.05891,0.33704
-0.08042,-0.05866,0.33738
-0.22439,-0.21192,0.33789
-0.22515,-0.21121,0.33562
-0.22412,-0.21217,0.33755
-0.22297,-0.21324,0.33949
-0.22278,-0.21342,0.33907
-0.22132,-0.21479,0.34056
-0.07901,-0.05999,0.33898
-0.07735,-0.06154,0.34005
-0.07882,-0.06017,0.33856
-0.07724,-0.06165,0.33957
-0.07555,-0.06323,0.34052
-0.07553,-0.06325,0.34002
-0.21934,-0.21665,0.34091
-0.2195,-0.2165,0.34053
-0.22121,-0.2149,0.34008
-0.06866,-0.06972,0.33402
-0.0695,-0.06893,0.33611
0.08595,-0.0557,0.32866
0.08595,-0.05577,0.32894
0.08593,-0.05537,0.32816
0.08594,-0.05556,0.32839
0.08594,-0.05553,0.32833
0.08595,-0.05574,0.32967
0.08595,-0.0557,0.32976
0.08595,-0.05577,0.32948
0.08596,-0.05582,0.32921
0.10326,-0.05543,0.3281
0.08592,-0.0552,0.32799
0.10326,-0.05519,0.32793
0.10502,-0.05539,0.32805
0.10326,-0.05547,0.32814
0.10629,-0.05494,0.3277
0.11267,-0.05425,0.3276
0.10627,-0.05555,0.32829
0.10326,-0.05505,0.32783
0.0859,-0.05487,0.32782
0.10326,-0.05465,0.32769
0.10495,-0.05461,0.32764
0.11498,-0.05181,0.32515
0.10699,-0.05401,0.32746
0.10326,-0.05383,0.32778
0.08586,-0.05405,0.32775
0.10326,-0.05421,0.32768
0.10326,-0.05438,0.32768
0.10556,-0.05356,0.32776
0.11374,-0.04972,0.32543
0.10945,-0.05198,0.32851
0.08585,-0.05377,0.32782
0.10326,-0.05357,0.32792
0.10327,-0.05313,0.32835
0.10489,-0.05308,0.3283
0.10326,-0.05333,0.32811
0.10326,-0.05343,0.32801
0.08583,-0.0535,0.32796
0.08582,-0.05327,0.32816
0.08581,-0.0531,0.32832
0.08581,-0.05307,0.32839
0.0858,-0.05293,0.32866
0.10327,-0.053,0.32862
0.10507,-0.0528,0.32895
0.10327,-0.05295,0.32872
0.10327,-0.05292,0.3289
0.10327,-0.05288,0.32917
0.0858,-0.05286,0.32893
0.0858,-0.05282,0.3292
0.08594,-0.05556,0.33003
0.10326,-0.05543,0.33022
0.08593,-0.05536,0.33026
0.08589,-0.05459,0.33067
0.10326,-0.05577,0.32972
0.08586,-0.05385,0.33063
0.08585,-0.05377,0.33059
0.08587,-0.05405,0.33067
0.08588,-0.05432,0.33071
0.08583,-0.05343,0.33042
0.08582,-0.05327,0.33025
0.08584,-0.0535,0.33045
0.08582,-0.0531,0.33009
0.08581,-0.05307,0.33002
0.08581,-0.05293,0.32975
0.0858,-0.05286,0.32948
0.10326,-0.05554,0.33011
0.10591,-0.0555,0.32999
0.10593,-0.05575,0.32946
0.10513,-0.05572,0.32967
0.10326,-0.05587,0.32934
0.10487,-0.05584,0.32909
0.10606,-0.05575,0.32876
0.10987,-0.05423,0.33008
0.10488,-0.05378,0.33052
0.1055,-0.05323,0.33017
0.10557,-0.05423,0.33061
0.11555,-0.04874,0.32701
0.11565,-0.05068,0.3276
0.10501,-0.05501,0.33047
0.10327,-0.05442,0.33067
0.10327,-0.05411,0.33063
0.10326,-0.05483,0.3306
0.10327,-0.05465,0.33063
0.10327,-0.05384,0.33057
0.0859,-0.05478,0.33064
0.08591,-0.05486,0.33059
0.08592,-0.05513,0.33046
0.10326,-0.05492,0.33056
0.07916,-0.05627,0.33284
0.08593,-0.05497,0.33367
0.08581,-0.05276,0.33191
0.0778,-0.05465,0.33077
0.07988,-0.05515,0.33072
0.07486,-0.05771,0.33194
0.079,-0.05325,0.3326
0.07687,-0.05785,0.33076
0.07707,-0.06024,0.33061
0.07772,-0.05936,0.32976
0.07733,-0.05625,0.33077
0.07555,-0.05632,0.33033
0.0796,-0.05307,0.32945
0.07932,-0.05633,0.32992
0.07884,-0.0549,0.33075
0.08579,-0.05253,0.32898
0.08593,-0.05518,0.33071
0.08593,-0.05528,0.32787
0.07737,-0.05479,0.32775
0.07895,-0.05596,0.32805
0.07643,-0.06013,0.32773
0.07502,-0.05821,0.32824
0.07747,-0.06098,0.32788
0.07799,-0.06182,0.32785
0.07736,-0.05915,0.32817
0.09342,-0.07899,0.32775
0.07759,-0.06219,0.32775
0.0769,-0.06157,0.32773
0.07635,-0.06133,0.3278
0.09371,-0.07872,0.32788
0.09399,-0.07846,0.32815
0.09309,-0.07929,0.32773
0.07818,-0.06164,0.32799
0.07836,-0.06148,0.32816
0.07823,-0.06127,0.3282
0.07786,-0.06028,0.32854
0.0785,-0.06135,0.32842
0.09421,-0.07827,0.32854
0.07861,-0.06125,0.32868
0.07823,-0.06058,0.32906
0.09431,-0.07817,0.32895
0.09432,-0.07816,0.32939
0.07868,-0.06118,0.32923
0.07869,-0.06118,0.3294
0.07867,-0.0612,0.3295
0.09424,-0.07823,0.3298
0.07851,-0.06135,0.33005
0.09408,-0.07838,0.33016
0.07784,-0.06056,0.33017
0.07837,-0.06148,0.33028
0.09385,-0.0786,0.33046
0.09356,-0.07886,0.33065
0.0782,-0.06163,0.33049
0.07728,-0.06112,0.33068
0.0766,-0.06088,0.33074
0.07748,-0.06173,0.33076
0.07778,-0.06202,0.33077
0.07611,-0.06128,0.33088
0.0775,-0.06228,0.33074
0.07715,-0.06068,0.33081
0.07759,-0.06219,0.33074
0.07636,-0.06098,0.33071
0.07684,-0.06121,0.33074
0.07673,-0.05937,0.33075
0.09313,-0.07926,0.33073
0.09326,-0.07914,0.33074
0.08507,-0.07015,0.33074
0.07689,-0.06117,0.33075
0.07719,-0.06145,0.33075
0.08314,-0.06801,0.33075
0.08909,-0.07458,0.33074
0.08101,-0.06577,0.33074
0.07709,-0.06154,0.33074
0.08493,-0.07001,0.33074
0.07734,-0.06186,0.33074
0.07905,-0.06365,0.33074
0.08076,-0.06545,0.33074
0.0853,-0.0705,0.33074
0.08373,-0.06881,0.33074
0.09012,-0.07575,0.33074
0.08517,-0.07034,0.33074
0.08699,-0.07236,0.33074
0.08204,-0.06695,0.33074
0.08522,-0.0703,0.33075
0.08165,-0.0663,0.33076
0.07942,-0.06387,0.33076
0.09369,-0.07875,0.33337
0.09354,-0.07888,0.33346
0.09316,-0.07923,0.33073
0.09381,-0.07863,0.33328
0.09397,-0.07848,0.33308
0.09342,-0.07899,0.33075
0.08939,-0.07486,0.33075
0.08925,-0.07499,0.33073
0.08073,-0.06558,0.33074
0.09319,-0.0792,0.33073
0.08552,-0.07058,0.33076
0.09125,-0.07707,0.33074
0.08536,-0.07072,0.33073
0.08386,-0.06897,0.33074
0.09322,-0.07917,0.33074
0.08931,-0.07493,0.33074
0.07798,-0.06184,0.33343
0.07636,-0.05957,0.33365
0.07816,-0.06167,0.3333
0.07833,-0.06152,0.33313
0.07835,-0.0615,0.3331
0.078,-0.06111,0.33313
0.07768,-0.06031,0.33298
0.07766,-0.05943,0.33186
0.07855,-0.06131,0.33265
0.07852,-0.06134,0.33276
0.09404,-0.07843,0.333
0.09414,-0.07833,0.33275
0.09353,-0.07889,0.3308
0.09425,-0.07822,0.33225
0.09423,-0.07824,0.33237
0.09424,-0.07824,0.33197
0.09419,-0.07829,0.33264
0.07797,-0.06184,0.33084
0.0937,-0.07873,0.33088
0.07791,-0.0619,0.3308
0.0786,-0.06126,0.33188
0.07862,-0.06125,0.33213
0.09424,-0.07824,0.33184
0.09417,-0.0783,0.33159
0.09402,-0.07844,0.33126
0.0938,-0.07864,0.33098
0.09394,-0.07851,0.33112
0.07817,-0.06165,0.33098
0.07816,-0.06167,0.33097
0.07832,-0.06152,0.33116
0.07753,-0.06079,0.33096
0.07778,-0.0606,0.33126
0.07855,-0.06131,0.3316
0.07845,-0.0614,0.33138
0.09413,-0.07834,0.33145
0.07861,-0.06125,0.33239
0.07707,-0.05557,0.33352
0.07779,-0.06201,0.33352
0.0776,-0.06219,0.33353
0.07609,-0.06073,0.33347
0.09311,-0.07928,0.3335
0.07741,-0.06236,0.33351
0.0772,-0.06255,0.33343
0.07603,-0.06168,0.33318
0.07704,-0.0627,0.3333
0.09267,-0.07968,0.33331
0.09295,-0.07942,0.33348
0.09283,-0.07953,0.33341
0.09258,-0.07977,0.3332
0.07688,-0.06285,0.33312
0.09244,-0.07989,0.33303
0.09238,-0.07995,0.33289
0.07674,-0.06298,0.33291
0.09228,-0.08004,0.33269
0.07665,-0.06306,0.33265
0.09225,-0.08007,0.33254
0.0922,-0.08011,0.33229
0.07659,-0.06311,0.33239
0.07579,-0.06201,0.3326
0.09341,-0.079,0.33349
0.09326,-0.07914,0.33353
0.07617,-0.06265,0.33201
0.07656,-0.06314,0.33214
0.09221,-0.08011,0.33201
0.0922,-0.08012,0.33213
0.07659,-0.06311,0.33189
0.09224,-0.08008,0.33172
0.07663,-0.06307,0.33164
0.09227,-0.08005,0.33163
0.07674,-0.06298,0.33138
0.07534,-0.06098,0.33155
0.07678,-0.06294,0.33128
0.09241,-0.07992,0.33128
0.0926,-0.07975,0.33102
0.07687,-0.06285,0.33116
0.07703,-0.06271,0.33098
0.09285,-0.07952,0.33083
0.07741,-0.06236,0.33077
0.07608,-0.06125,0.33058
0.09282,-0.07955,0.33062
0.08527,-0.07081,0.33075
0.07629,-0.06205,0.33042
0.07537,-0.06153,0.32962
0.07699,-0.06274,0.33048
0.07609,-0.06274,0.32933
0.07649,-0.0632,0.32937
0.09219,-0.08012,0.32977
0.07588,-0.06241,0.32892
0.07667,-0.06303,0.33005
0.07632,-0.06251,0.33017
0.07578,-0.0619,0.32842
0.09212,-0.08019,0.32936
0.09235,-0.07998,0.33015
0.09255,-0.07979,0.33041
0.07682,-0.0629,0.33029
0.09212,-0.08019,0.32923
0.07651,-0.06318,0.32897
0.09216,-0.08015,0.32878
0.07657,-0.06313,0.32869
0.0923,-0.08002,0.3284
0.09251,-0.07982,0.32807
0.07681,-0.0629,0.32819
0.07616,-0.06209,0.32815
0.07699,-0.06274,0.32799
0.09279,-0.07957,0.32784
0.07739,-0.06238,0.32777
0.08461,-0.06985,0.33074
0.08929,-0.07495,0.33074
0.08148,-0.06646,0.33074
0.10326,-0.05522,0.33041
0.11728,-0.05,0.3254
0.11595,-0.04855,0.32353
0.11762,-0.03679,0.32445
0.11529,-0.03503,0.32421
0.11689,-0.03196,0.327
0.11759,-0.03371,0.3278
0.11653,-0.03657,0.32714
0.11753,-0.03249,0.32786
0.11559,-0.03177,0.32727
0.11612,-0.03139,0.32822
0.11665,-0.03144,0.32877
0.11735,-0.03209,0.32825
0.11664,-0.0314,0.32939
0.11692,-0.03155,0.32939
0.11707,-0.03164,0.32939
0.11716,-0.03173,0.32939
0.11736,-0.03195,0.32939
0.11488,-0.03247,0.32711
0.11527,-0.03159,0.3294
0.11535,-0.03153,0.3294
0.11551,-0.03146,0.3294
0.11576,-0.0314,0.32877
0.11504,-0.03192,0.32821
0.11459,-0.03355,0.32797
0.11457,-0.03658,0.32552
0.11465,-0.03271,0.32842
0.11465,-0.03258,0.3294
0.11474,-0.0323,0.3294
0.11487,-0.03202,0.3294
0.11478,-0.03216,0.3294
0.1148,-0.03215,0.33815
0.11489,-0.03201,0.33815
0.11476,-0.03228,0.33815
0.11467,-0.03257,0.33815
0.11467,-0.03299,0.33815
0.11465,-0.03289,0.3294
0.11578,-0.03134,0.33815
0.11553,-0.03145,0.33815
0.11607,-0.03131,0.33814
0.11666,-0.03138,0.33814
0.11637,-0.03133,0.33814
0.1162,-0.0313,0.33814
0.11671,-0.03141,0.33814
0.11472,-0.03317,0.33815
0.11738,-0.03194,0.33814
0.11718,-0.03172,0.33814
0.1147,-0.03318,0.3294
0.11465,-0.03301,0.3294
0.11507,-0.03177,0.33815
0.11529,-0.03158,0.33815
0.11709,-0.03163,0.33814
0.11694,-0.03154,0.33814
0.11537,-0.03152,0.33815
0.11635,-0.03134,0.32939
0.11605,-0.03132,0.32939
0.11576,-0.03136,0.3294
0.11503,-0.0318,0.3294
0.11479,-0.03343,0.33815
0.11477,-0.03344,0.3294
0.11483,-0.03355,0.3294
0.11492,-0.03367,0.3294
0.11485,-0.03354,0.33815
0.11494,-0.03366,0.33815
0.1151,-0.03389,0.3294
0.11512,-0.03388,0.33815
0.11535,-0.03407,0.3294
0.1175,-0.03218,0.33814
0.11758,-0.03233,0.33814
0.11537,-0.03406,0.33815
0.11742,-0.03359,0.33814
0.1176,-0.03243,0.33814
0.11765,-0.03272,0.33814
0.11762,-0.03302,0.33814
0.11761,-0.03316,0.33814
0.11755,-0.03331,0.33814
0.11744,-0.03357,0.33814
0.11545,-0.03413,0.33815
0.11564,-0.0342,0.33815
0.11583,-0.03426,0.33815
0.11723,-0.03383,0.33815
0.11594,-0.03427,0.33815
0.11721,-0.03384,0.3294
0.1174,-0.0336,0.32939
0.11562,-0.03421,0.3294
0.11543,-0.03414,0.3294
0.11588,-0.03449,0.32845
0.1151,-0.03397,0.32874
0.11592,-0.03428,0.3294
0.11623,-0.03431,0.3294
0.11622,-0.03432,0.32909
0.11674,-0.03436,0.32856
0.1174,-0.03369,0.32866
0.1168,-0.03415,0.3294
0.11664,-0.03422,0.3294
0.11699,-0.03402,0.3294
0.1165,-0.03425,0.3294
0.11652,-0.03424,0.33815
0.11678,-0.03416,0.33815
0.11701,-0.03401,0.33815
0.11625,-0.0343,0.33815
0.11682,-0.03414,0.33815
0.11717,-0.03391,0.33815
0.11753,-0.03332,0.32939
0.11759,-0.03318,0.32939
0.1176,-0.03303,0.32939
0.11763,-0.03273,0.32939
0.11763,-0.03284,0.32844
0.11758,-0.03244,0.32939
0.11756,-0.03234,0.32939
0.11748,-0.03219,0.32939
0.10327,-0.05356,0.33041
0.10327,-0.05347,0.33036
0.10327,-0.05333,0.33022
0.10327,-0.05319,0.33008
0.10327,-0.05313,0.32998
0.10327,-0.05299,0.32972
0.10496,-0.05294,0.32967
0.10327,-0.05292,0.32944
0.10327,-0.05288,0.32929
0.10326,-0.05585,0.3289
0.10326,-0.05576,0.32862
0.10474,-0.05573,0.32854
0.10326,-0.05562,0.32836
0.08595,-0.05574,0.32874
0.08585,-0.05386,0.32778
0.08589,-0.05459,0.32775
0.08587,-0.05432,0.3277
0.0859,-0.05478,0.32778
0.08592,-0.05513,0.32796
-0.00853,0.16652,0.01297
-0.00853,0.1665,0.01249
-0.00851,0.17254,0.01248
-0.00851,0.17252,0.01336
-0.1587,0.17301,0.01369
-0.00851,0.17255,0.0121
-0.1587,0.17305,0.01243
-0.1587,0.17309,0.0128
-0.15872,0.16708,0.01281
-0.1587,0.17288,0.01495
-0.15872,0.16693,0.01378
-0.1587,0.17293,0.01118
-0.00853,0.16645,0.0115
-0.15872,0.16693,0.01184
-0.15872,0.16684,0.01436
-0.00853,0.16641,0.01345
-0.15869,0.17252,0.01615
-0.15869,0.17228,0.01697
-0.15872,0.16666,0.01471
-0.00853,0.16626,0.01402
-0.0085,0.17235,0.01463
-0.00853,0.16617,0.0144
-0.0085,0.17158,0.01701
-0.0085,0.171,0.01813
-0.00853,0.16567,0.01524
-0.15872,0.16622,0.01558
-0.0085,0.17171,0.01669
-0.0085,0.17204,0.01584
-0.15872,0.16613,0.01576
-0.15869,0.17209,0.01733
-0.15869,0.17124,0.01892
-0.15869,0.1715,0.01844
-0.15869,0.17126,0.01891
-0.15869,0.17225,0.01702
-0.0085,0.17069,0.01859
-0.15869,0.17079,0.01947
-0.0085,0.17029,0.01918
-0.15869,0.16999,0.02045
-0.15872,0.16558,0.01631
-0.15869,0.16988,0.0206
-0.0085,0.16947,0.02014
-0.0085,0.16933,0.02026
-0.00853,0.16505,0.01599
-0.00853,0.16542,0.01566
-0.00853,0.16447,0.01652
-0.00853,0.16433,0.01665
-0.0085,0.16854,0.02099
-0.15869,0.16905,0.02128
-0.1587,0.16827,0.02193
-0.15872,0.16503,0.01686
-0.15872,0.16485,0.01695
-0.15872,0.16398,0.0174
-0.1587,0.16694,0.02265
-0.1587,0.16805,0.02205
-0.00851,0.16753,0.02174
-0.00851,0.16767,0.02163
-0.00851,0.16643,0.02236
-0.00853,0.16344,0.01707
-0.00851,0.16576,0.02265
-0.1587,0.1663,0.02298
-0.00853,0.163,0.01728
-0.00853,0.16309,0.01724
-0.00851,0.16527,0.02286
-0.1587,0.16579,0.02314
-0.15871,0.16459,0.02351
-0.15872,0.16363,0.01758
-0.15872,0.16305,0.01767
-0.15871,0.16335,0.02371
-0.15871,0.16424,0.02362
-0.15872,0.16209,0.02083
-0.15873,0.16208,0.01782
-0.00852,0.16281,0.02343
-0.00852,0.1637,0.02328
-0.15871,0.16209,0.02383
-0.00852,0.16156,0.02351
-0.15872,0.16108,0.02374
-0.00853,0.16053,0.02346
-0.15872,0.16002,0.02364
-0.15873,0.16112,0.01767
-0.00854,0.16155,0.0175
-0.00854,0.16057,0.0174
-0.15873,0.16054,0.01758
-0.15872,0.15983,0.02358
-0.15873,0.15862,0.02322
-0.15873,0.15792,0.02302
-0.00854,0.16002,0.01721
-0.15873,0.16019,0.01741
-0.00854,0.15735,0.02266
-0.00854,0.15807,0.02294
-0.15873,0.15788,0.023
-0.15873,0.15745,0.02277
-0.00854,0.1569,0.02248
-0.00855,0.15919,0.01691
-0.00855,0.15578,0.02188
-0.15874,0.15633,0.02218
-0.15874,0.15599,0.022
-0.15874,0.15931,0.01696
-0.00855,0.15879,0.01662
-0.15874,0.15597,0.02198
-0.15874,0.15914,0.01687
-0.15874,0.15532,0.02145
-0.00855,0.15475,0.02116
-0.00855,0.15544,0.02164
-0.00855,0.15864,0.0165
-0.00855,0.15801,0.01604
-0.15874,0.15859,0.01632
-0.00856,0.1538,0.02033
-0.00856,0.15295,0.01939
-0.00855,0.15754,0.01541
-0.15874,0.15803,0.01577
-0.15875,0.15794,0.01559
-0.15875,0.1543,0.02062
-0.15876,0.15297,0.01901
-0.15875,0.15353,0.01969
-0.15875,0.15434,0.02065
-0.00857,0.1524,0.01861
-0.15876,0.15279,0.01867
-0.00857,0.15222,0.01836
-0.15876,0.15218,0.01757
-0.15876,0.15193,0.01709
-0.15875,0.1575,0.01472
-0.00857,0.15161,0.01726
-0.00856,0.15713,0.01486
-0.00856,0.15696,0.0144
-0.15875,0.15732,0.01437
-0.15876,0.15191,0.01705
-0.15877,0.15171,0.0164
-0.15877,0.15134,0.0152
-0.00856,0.15683,0.01403
-0.15875,0.15723,0.01379
-0.15877,0.15128,0.01501
-0.00858,0.15079,0.01488
-0.00858,0.15113,0.01609
-0.00856,0.15663,0.01348
-0.00858,0.15075,0.01465
-0.00858,0.15059,0.01363
-0.00856,0.15658,0.0125
-0.00859,0.15053,0.01251
-0.15877,0.15118,0.01395
-0.15875,0.15707,0.01283
-0.15878,0.15106,0.01283
-0.15876,0.15722,0.01186
-0.15878,0.15119,0.01144
-0.00856,0.15656,0.01201
-0.15878,0.15108,0.0127
-0.00859,0.15053,0.01237
-0.00859,0.15061,0.01111
-0.00859,0.15075,0.01036
-0.15878,0.15126,0.01076
-0.15878,0.15142,0.01021
-0.00859,0.15084,0.00987
-0.00859,0.15121,0.00866
-0.15876,0.15731,0.01128
-0.15878,0.15178,0.009
-0.15878,0.15188,0.00866
-0.15876,0.15749,0.01093
-0.00857,0.15691,0.01058
-0.00857,0.15742,0.00974
-0.15876,0.15794,0.01005
-0.15878,0.1523,0.00786
-0.15878,0.1519,0.00862
-0.00859,0.15172,0.00751
-0.00859,0.15137,0.0083
-0.00859,0.15235,0.00642
-0.00859,0.15238,0.00639
-0.15878,0.1529,0.00673
-0.00859,0.15311,0.00541
-0.15878,0.15369,0.00577
-0.15876,0.15802,0.00988
-0.15876,0.15858,0.00933
-0.00857,0.15752,0.00957
-0.00857,0.15767,0.00932
-0.00857,0.15803,0.00899
-0.00859,0.15375,0.00472
-0.00857,0.15861,0.00846
-0.00857,0.15875,0.00833
-0.00859,0.15397,0.00449
-0.15878,0.15428,0.00504
-0.15878,0.15453,0.00483
-0.15876,0.15913,0.00877
-0.15878,0.1555,0.00403
-0.00859,0.15494,0.00367
-0.15878,0.15589,0.00371
-0.00859,0.15542,0.00336
-0.15878,0.15595,0.00367
-0.15876,0.1593,0.00868
-0.15878,0.15655,0.00335
-0.15875,0.16018,0.00824
-0.00856,0.15964,0.00791
-0.00856,0.15999,0.00774
-0.00858,0.15732,0.00233
-0.00858,0.15712,0.00241
-0.00856,0.16008,0.0077
-0.00858,0.1583,0.00197
-0.15877,0.15781,0.00267
-0.15875,0.16052,0.00806
-0.15877,0.15885,0.00234
-0.15878,0.15766,0.00275
-0.15875,0.1611,0.00797
-0.15877,0.15989,0.00202
-0.00858,0.15938,0.0017
-0.15877,0.15992,0.00202
-0.15877,0.16006,0.00201
-0.00858,0.15952,0.00166
-0.00856,0.16153,0.00448
-0.00857,0.16078,0.0015
-0.00857,0.16153,0.00148
-0.15876,0.16132,0.00188
-0.15876,0.16206,0.0018
-0.15876,0.16207,0.00481
-0.15875,0.16207,0.00781
-0.15876,0.16257,0.00185
-0.15875,0.16304,0.00796
-0.15876,0.16383,0.00197
-0.00856,0.16153,0.00748
-0.00855,0.16251,0.00758
-0.00856,0.16329,0.00162
-0.00856,0.16367,0.0017
-0.00856,0.16453,0.00189
-0.00855,0.16306,0.00778
-0.15874,0.16362,0.00806
-0.00855,0.16343,0.00791
-0.15874,0.16397,0.00823
-0.15875,0.16625,0.00263
-0.15875,0.16505,0.00227
-0.15875,0.16414,0.002
-0.15875,0.16628,0.00264
-0.00855,0.16574,0.00231
-0.00855,0.16389,0.00807
-0.00855,0.16686,0.00284
-0.00855,0.16764,0.00334
-0.15874,0.16737,0.00322
-0.15874,0.16816,0.00364
-0.15874,0.16484,0.00868
-0.00855,0.16429,0.00836
-0.00855,0.16445,0.00848
-0.15874,0.16501,0.00876
-0.15873,0.16557,0.00932
-0.15873,0.16942,0.00467
-0.00854,0.16508,0.00895
-0.15874,0.16844,0.00387
-0.00854,0.16554,0.00958
-0.00853,0.1698,0.0052
-0.00854,0.16931,0.00471
-0.00854,0.16891,0.00431
-0.00854,0.16793,0.00352
-0.15873,0.16986,0.00502
-0.15872,0.1703,0.00556
-0.15873,0.16612,0.00987
-0.15872,0.17111,0.00653
-0.00853,0.17058,0.00619
-0.15872,0.17119,0.00663
-0.00853,0.17068,0.00637
-0.15873,0.16621,0.01004
-0.15872,0.17122,0.00669
-0.00854,0.16566,0.00973
-0.00854,0.16595,0.01012
-0.00852,0.17124,0.00727
-0.00852,0.1717,0.00827
-0.15871,0.17223,0.00854
-0.15872,0.17173,0.00762
-0.00853,0.16625,0.01096
-0.00854,0.16612,0.01059
-0.00852,0.17177,0.00841
-0.15871,0.17224,0.00859
-0.15871,0.17229,0.00875
-0.15873,0.16666,0.01092
-0.15873,0.16684,0.01127
-0.15871,0.17266,0.00995
-0.00852,0.17217,0.00961
-0.1587,0.17287,0.01066
-0.00851,0.17232,0.01033
-0.00851,0.17243,0.01085
-0.00857,0.16204,0.00149
-0.00856,0.16057,0.00763
-0.00859,0.15599,0.00298
-0.00857,0.15682,0.01096
-0.00857,0.15668,0.01153
-0.00857,0.15139,0.01671
-0.00855,0.15742,0.01525
-0.00854,0.15965,0.01707
-0.00853,0.15929,0.02327
-0.00853,0.15941,0.02329
-0.00853,0.16155,0.0205
-0.00853,0.16252,0.01735
-0.00851,0.16406,0.02321
-0.00853,0.16557,0.01541
-0.0085,0.17235,0.01461
0.1081,0.0329,0.33925
0.10888,0.03455,0.34829
0.1082,0.03033,0.34829
0.10991,0.03428,0.33921
0.10848,0.0306,0.33923
0.10921,0.03002,0.34669
0.10816,0.03257,0.33925
0.11077,0.03405,0.34668
0.10965,0.03408,0.33921
0.11011,0.03187,0.33916
0.1081,0.03047,0.34719
0.10809,0.03364,0.34701
0.10939,0.03388,0.33922
0.10821,0.03224,0.33924
0.10733,0.03267,0.33392
0.10826,0.03192,0.33924
0.10913,0.03369,0.33922
0.10902,0.03371,0.3342
0.10887,0.03349,0.33923
0.10804,0.03191,0.33414
0.10832,0.03159,0.33924
0.10755,0.03334,0.33788
0.10837,0.03126,0.33924
0.10862,0.0333,0.33924
0.10956,0.0294,0.33908
0.1082,0.03285,0.34477
0.10843,0.03093,0.33924
0.10836,0.0331,0.33924
0.11212,0.03084,0.33907
0.10969,0.03068,0.33918
0.10935,0.02964,0.33911
0.10914,0.02968,0.33788
0.10934,0.0306,0.33415
0.10978,0.03016,0.33415
0.11207,0.03061,0.33792
0.10829,0.03236,0.33416
0.11125,0.03126,0.33417
0.11161,0.03055,0.33908
0.11173,0.03163,0.33418
0.11161,0.03399,0.33782
0.11234,0.03326,0.33907
0.1123,0.03278,0.33907
0.10976,0.03398,0.34818
0.10956,0.03437,0.34223
0.11039,0.03407,0.33918
0.11209,0.03227,0.33908
0.11184,0.03127,0.33909
0.11242,0.03228,0.34784
0.11227,0.03156,0.34346
0.11216,0.03132,0.33907
0.11018,0.03385,0.33919
0.11218,0.03182,0.3333
0.11048,0.03475,0.3338
0.11221,0.03181,0.33907
0.11046,0.03342,0.33917
0.11137,0.03367,0.33912
0.11225,0.03229,0.33907
0.11153,0.03376,0.33406
0.11088,0.03387,0.33915
0.11073,0.03299,0.33916
0.11186,0.03346,0.3391
0.10922,0.03446,0.34526
0.11107,0.0304,0.34814
0.11153,0.03285,0.34795
0.11081,0.03442,0.34708
0.11219,0.0312,0.34127
0.11065,0.03342,0.34806
0.11174,0.03134,0.34799
0.11047,0.03495,0.35109
0.11189,0.03015,0.35109
0.11116,0.03328,0.34352
0.11054,0.02958,0.34698
0.11039,0.02945,0.34829
0.11137,0.03069,0.34697
0.11234,0.03192,0.34565
0.10875,0.03011,0.34829
0.1093,0.02989,0.34829
0.11097,0.02992,0.34522
0.10839,0.03051,0.34225
0.1087,0.03036,0.3392
0.10829,0.03042,0.34527
0.10944,0.03003,0.34376
0.11154,0.03038,0.34215
0.10985,0.02967,0.34829
0.11016,0.03058,0.34368
0.10843,0.03174,0.34829
0.11007,0.02969,0.33908
0.11151,0.0308,0.3391
0.1103,0.03072,0.33915
0.11129,0.03213,0.33912
0.10884,0.03152,0.33923
0.10865,0.03314,0.34829
0.10765,0.03071,0.3511
0.10979,0.03265,0.33916
0.11058,0.02997,0.33908
0.11038,0.02987,0.33329
0.11087,0.03078,0.33036
0.1083,0.03186,0.33037
0.10861,0.03035,0.33337
0.10874,0.03249,0.33307
0.11111,0.03161,0.33307
0.1097,0.03173,0.33172
0.11091,0.03349,0.33036
0.10834,0.03269,0.33272
0.11033,0.03377,0.33279
0.10891,0.03012,0.33917
0.10919,0.03244,0.33922
0.11109,0.03026,0.33908
0.10968,0.03102,0.33912
0.10913,0.02988,0.33914
0.10955,0.03336,0.33921
0.11095,0.03256,0.33409
0.10877,0.03326,0.33419
0.10965,0.03372,0.33417
0.10998,0.03397,0.33807
0.10979,0.03284,0.3341
0.1119,0.0314,0.33807
0.11163,0.03269,0.33412
0.11036,0.03136,0.33412
0.11158,0.03323,0.33409
0.10952,0.03134,0.33417
0.1109,0.03375,0.3341
0.11028,0.03373,0.33413
0.11168,0.03216,0.33415
0.11038,0.03267,0.33419
0.10853,0.03281,0.33417
0.10848,0.03147,0.33415
0.11027,0.03053,0.33416
0.10891,0.03104,0.33415
0.10814,0.03098,0.33808
0.11076,0.0309,0.33416
0.10927,0.03252,0.33419
0.1109,0.03076,0.33913
0.11159,0.03107,0.33945
0.10995,0.03017,0.34475
0.11101,0.03256,0.33914
0.11153,0.03326,0.34471
0.11009,0.03061,0.34643
0.11195,0.03189,0.34498
0.10878,0.03242,0.34645
0.11024,0.03329,0.34656
0.10909,0.03064,0.33921
0.10933,0.03002,0.33914
0.11156,0.0317,0.33911
-0.10564,-0.02598,0.37269
-0.1056,-0.02757,0.3736
-0.10588,-0.02731,0.37112
-0.10572,-0.02816,0.37174
-0.10605,-0.02792,0.37351
-0.10644,-0.02628,0.37337
-0.10654,-0.02819,0.37304
-0.10679,-0.02767,0.37137
-0.10705,-0.0261,0.37305
-0.10726,-0.02736,0.3736
-0.10739,-0.02831,0.37275
-0.10747,-0.02741,0.37112
-0.10658,-0.02605,0.37169
-0.10601,-0.02584,0.37193
-0.10736,-0.02595,0.37187
-0.10765,-0.02609,0.37314
-0.10819,-0.02636,0.37145
-0.10826,-0.02593,0.37281
-0.10796,-0.02833,0.37218
-0.10844,-0.02802,0.37149
-0.10906,-0.02698,0.3717
-0.10904,-0.02603,0.37183
-0.10909,-0.02794,0.37157
-0.10827,-0.02847,0.37253
-0.10916,-0.02814,0.37301
-0.10863,-0.02721,0.37361
-0.10989,-0.02706,0.37365
-0.10911,-0.02655,0.37351
-0.10978,-0.02821,0.37187
-0.10986,-0.02663,0.37125
-0.11033,-0.02844,0.37035
-0.1102,-0.02846,0.37308
-0.11269,-0.02946,0.37241
-0.11275,-0.0274,0.37026
-0.11032,-0.02485,0.37126
-0.11275,-0.02491,0.37174
-0.11078,-0.02662,0.37208
-0.11277,-0.02689,0.37468
-0.11123,-0.02817,0.37304
-0.11031,-0.02657,0.37489
-0.10974,-0.02597,0.37284
-0.10812,-0.02686,0.37367
-0.10902,-0.02721,0.37104
0.11768,0.03959,0.33805
0.11754,0.03984,0.33805
0.11734,0.04005,0.33805
0.11776,0.03934,0.33805
0.11781,0.03908,0.33805
0.11781,0.03898,0.33805
0.11778,0.03883,0.33805
0.11725,0.04014,0.33805
0.11723,0.04013,0.33034
0.11743,0.03995,0.33034
0.11721,0.04017,0.33037
0.11753,0.03983,0.33034
0.11758,0.03981,0.33009
0.11732,0.04077,0.32937
0.11754,0.04048,0.32727
0.11781,0.03887,0.32901
0.11766,0.03958,0.33034
0.1171,0.04483,0.32789
0.11652,0.03804,0.32855
0.11526,0.04009,0.32714
0.11426,0.04702,0.32635
0.11476,0.04554,0.32932
0.11316,0.04906,0.32912
0.11015,0.05069,0.32752
0.10322,0.0518,0.32922
0.10084,0.0516,0.3299
0.10124,0.05107,0.3302
0.09997,0.05064,0.3304
0.10384,0.04975,0.32992
0.10983,0.04778,0.32869
0.10064,0.0492,0.32867
0.10314,0.04908,0.32899
0.10386,0.04929,0.32955
0.10105,0.04935,0.32815
0.10505,0.05004,0.32704
0.11341,0.0454,0.32746
0.10113,0.04925,0.32942
0.09878,0.04996,0.3303
0.10005,0.04932,0.3296
0.09867,0.04962,0.33006
0.09839,0.0492,0.32931
0.08556,0.04933,0.32959
0.08556,0.04929,0.32952
0.08555,0.04926,0.32933
0.09839,0.04919,0.32905
0.10109,0.04915,0.3289
0.09839,0.04918,0.32889
0.08555,0.04922,0.32908
0.08555,0.04926,0.32883
0.08573,0.05178,0.32984
0.06467,0.05068,0.32913
0.08555,0.04924,0.32896
0.08555,0.04923,0.32924
0.08555,0.04924,0.32921
0.08557,0.04945,0.32984
0.08557,0.04948,0.32991
0.09839,0.04941,0.32981
0.09839,0.04932,0.32968
0.06469,0.05091,0.32989
0.08557,0.04947,0.32988
0.08556,0.04939,0.32972
0.08556,0.04939,0.32844
0.08557,0.04945,0.32832
0.08556,0.04933,0.32857
0.08559,0.04986,0.32792
0.0856,0.04999,0.32783
0.08558,0.04964,0.3281
0.06469,0.05091,0.32836
0.09839,0.04941,0.32829
0.09839,0.04928,0.32851
0.08574,0.05191,0.32959
0.08557,0.04948,0.32826
0.0647,0.05109,0.32813
0.06468,0.05078,0.32861
0.06204,0.05095,0.32824
0.06468,0.0507,0.32887
0.06472,0.05131,0.32795
0.06473,0.05156,0.32782
0.08561,0.0501,0.32779
0.06475,0.05182,0.32775
0.08563,0.05036,0.3277
0.06477,0.05207,0.32772
0.08565,0.05061,0.32768
0.08571,0.05144,0.33021
0.0984,0.05111,0.33034
0.0984,0.05133,0.33021
0.0984,0.05109,0.33035
0.08569,0.05125,0.32785
0.0857,0.05137,0.32791
0.08571,0.05151,0.328
0.08575,0.05199,0.32895
0.08575,0.05201,0.32908
0.08575,0.05201,0.3292
0.0984,0.05146,0.33013
0.08566,0.05078,0.32769
0.08572,0.05159,0.33006
0.08574,0.05186,0.32848
0.08574,0.05194,0.32864
0.08574,0.05196,0.32874
0.08574,0.05197,0.32883
0.08573,0.05178,0.32832
0.08572,0.05159,0.3281
0.08569,0.05113,0.33037
0.06483,0.05284,0.3303
0.08571,0.05147,0.33019
0.0857,0.05128,0.33029
0.08571,0.05152,0.33014
0.08566,0.05087,0.32771
0.08574,0.05197,0.32933
0.08568,0.05112,0.32779
0.06482,0.05284,0.32795
0.06481,0.05259,0.32782
0.06222,0.05385,0.32879
0.06484,0.05306,0.32813
0.06479,0.05233,0.32774
0.05956,0.05246,0.32772
0.0542,0.05285,0.32784
0.0542,0.0531,0.32797
0.05927,0.05343,0.32822
0.0542,0.05208,0.32777
0.0542,0.05233,0.32774
0.0589,0.05118,0.32819
0.0542,0.05259,0.32777
0.04342,0.05289,0.32787
0.04342,0.05263,0.32779
0.04342,0.05314,0.328
-0.00021,0.05305,0.32796
-0.00021,0.05278,0.32789
-0.00021,0.05253,0.32786
-0.04272,0.05268,0.32796
-0.04272,0.05294,0.32798
-0.06259,0.05301,0.32802
-0.04273,0.05243,0.32798
-0.06259,0.05275,0.328
-0.00021,0.05227,0.32789
-0.04273,0.05217,0.32805
-0.06259,0.0525,0.32802
-0.04273,0.05191,0.32819
-0.00021,0.05201,0.32796
-0.06259,0.05224,0.3281
0.04341,0.05212,0.32779
-0.00021,0.05176,0.32809
0.04341,0.05186,0.32787
0.04342,0.05237,0.32777
0.04341,0.05161,0.328
0.0542,0.05182,0.32784
0.0542,0.05157,0.32797
0.04341,0.05138,0.32818
-0.00021,0.05154,0.32828
-0.04273,0.05151,0.32859
-0.04273,0.05169,0.32837
-0.00021,0.05136,0.3285
-0.06259,0.05199,0.32823
-0.06259,0.05176,0.32841
-0.06647,0.053,0.32778
-0.06259,0.05158,0.32864
-0.06259,0.05145,0.32889
-0.06478,0.05147,0.32961
-0.06605,0.05473,0.32918
-0.06884,0.05461,0.32778
-0.06846,0.05322,0.33025
-0.06258,0.05327,0.3281
-0.06258,0.05352,0.32823
-0.06258,0.05374,0.32841
-0.06729,0.054,0.33084
-0.06442,0.0521,0.33064
-0.07228,0.05694,0.32967
-0.0723,0.05692,0.32942
-0.07223,0.05699,0.32993
-0.07166,0.05753,0.33072
-0.07184,0.05736,0.33059
-0.072,0.0572,0.33041
-0.07214,0.05708,0.33018
-0.07963,0.06481,0.33005
-0.07966,0.06478,0.32993
-0.07957,0.06487,0.33018
-0.07855,0.06585,0.32805
-0.07947,0.06497,0.33038
-0.07944,0.065,0.33042
-0.07928,0.06515,0.33058
-0.07918,0.06524,0.33067
-0.0791,0.06532,0.33071
-0.07891,0.0655,0.3308
-0.07147,0.05771,0.33079
-0.07129,0.05789,0.33082
-0.07873,0.06568,0.33081
-0.07861,0.06579,0.33081
-0.07115,0.05802,0.3308
-0.07147,0.05772,0.33084
-0.07501,0.06178,0.33081
-0.06688,0.05451,0.3309
-0.07124,0.05793,0.33081
-0.07275,0.05947,0.33081
-0.07295,0.05965,0.33081
-0.07315,0.05984,0.33081
-0.0727,0.05951,0.33081
-0.07422,0.06105,0.33081
-0.07119,0.05798,0.3308
-0.07627,0.06318,0.33081
-0.07568,0.06263,0.33081
-0.07687,0.06373,0.33081
-0.07412,0.06114,0.3308
-0.0711,0.05807,0.33079
-0.07715,0.06421,0.33081
-0.07673,0.06386,0.33081
-0.07854,0.06585,0.33079
-0.07091,0.05825,0.33072
-0.07486,0.06193,0.3308
-0.07266,0.05956,0.3308
-0.07092,0.05825,0.33091
-0.07855,0.06585,0.33086
-0.07298,0.06,0.3308
-0.07867,0.06573,0.33081
-0.07833,0.06605,0.33071
-0.07073,0.05842,0.33058
-0.07818,0.0662,0.33058
-0.06622,0.05448,0.33035
-0.07057,0.05857,0.3304
-0.07808,0.0663,0.3305
-0.07044,0.0587,0.33018
-0.07802,0.06636,0.3304
-0.07788,0.06649,0.33019
-0.07035,0.05879,0.32993
-0.07779,0.06657,0.32993
-0.07029,0.05884,0.32966
-0.07776,0.0666,0.32983
-0.07772,0.06665,0.32936
-0.07784,0.06653,0.32874
-0.07587,0.06471,0.3293
-0.07811,0.06627,0.32831
-0.07057,0.05857,0.32842
-0.07074,0.05842,0.32824
-0.07818,0.0662,0.32825
-0.07092,0.05824,0.32811
-0.07836,0.06603,0.32811
-0.07111,0.05806,0.32803
-0.07864,0.06576,0.32802
-0.07129,0.05789,0.32801
-0.07972,0.06473,0.32917
-0.07873,0.06567,0.32802
-0.07148,0.05771,0.32804
-0.07892,0.0655,0.32805
-0.07904,0.06538,0.32809
-0.07166,0.05753,0.32811
-0.0791,0.06532,0.32813
-0.07185,0.05736,0.32824
-0.0793,0.06513,0.32826
-0.07929,0.06515,0.32825
-0.07201,0.0572,0.32842
-0.07944,0.065,0.32844
-0.07952,0.06492,0.32854
-0.07214,0.05708,0.32865
-0.07967,0.06478,0.32888
-0.07957,0.06487,0.32866
-0.07223,0.05699,0.3289
-0.07229,0.05693,0.32916
-0.07974,0.06471,0.32927
-0.07973,0.06472,0.32942
-0.07973,0.06472,0.32968
-0.06258,0.05352,0.33057
-0.06258,0.05375,0.33039
-0.06258,0.05393,0.33017
-0.06258,0.05406,0.32992
-0.06258,0.05301,0.33078
-0.06258,0.05327,0.3307
-0.06258,0.05413,0.32965
-0.06258,0.05276,0.3308
-0.05761,0.05274,0.33079
-0.04272,0.05294,0.33074
-0.04272,0.05268,0.33076
-0.0002,0.05253,0.33067
-0.0002,0.05279,0.33064
-0.04272,0.05243,0.33074
-0.04603,0.05248,0.33075
-0.05927,0.0527,0.33079
-0.04272,0.05249,0.33074
-0.05099,0.05269,0.33078
-0.00025,0.05253,0.33067
-0.04272,0.05262,0.33075
-0.02146,0.05274,0.3307
-0.04274,0.05294,0.33078
-0.06259,0.05301,0.33083
-0.05265,0.05272,0.33078
-0.04934,0.05254,0.33076
-0.04272,0.05256,0.33075
-0.04768,0.0527,0.33077
-0.04603,0.05261,0.33076
-0.05099,0.0526,0.33077
-0.04603,0.05255,0.33075
-0.06258,0.0525,0.33078
-0.04272,0.05217,0.33066
-0.06258,0.05224,0.3307
-0.05596,0.05265,0.33078
-0.05762,0.05248,0.33077
-0.06258,0.05269,0.3308
-0.05927,0.05257,0.33078
-0.04275,0.05217,0.33086
-0.04769,0.05245,0.33075
-0.06259,0.05224,0.3309
-0.06486,0.05214,0.33094
-0.05265,0.05259,0.33077
-0.05265,0.05246,0.33076
-0.06258,0.05263,0.33079
-0.05762,0.05255,0.33077
-0.06258,0.05256,0.33079
-0.05679,0.05256,0.33077
-0.05265,0.05253,0.33076
-0.05927,0.05267,0.33079
-0.05762,0.05261,0.33078
-0.06901,0.0533,0.332
-0.06495,0.05151,0.33224
-0.06259,0.05199,0.33103
-0.06259,0.05176,0.33121
-0.06259,0.05158,0.33144
-0.06259,0.05138,0.33195
-0.06259,0.05145,0.33169
-0.04275,0.05151,0.3314
-0.04275,0.05138,0.33165
-0.04275,0.05169,0.33117
-0.00026,0.05154,0.33108
-0.00026,0.05136,0.3313
0.04334,0.05139,0.33098
-0.00026,0.05123,0.33155
0.04334,0.0512,0.33121
0.04334,0.05161,0.3308
0.05412,0.05135,0.33096
0.05412,0.05157,0.33078
-0.00026,0.05177,0.3309
0.05412,0.05182,0.33065
0.04334,0.05186,0.33067
-0.04275,0.05192,0.33099
-0.00026,0.05202,0.33077
-0.0002,0.05228,0.33064
0.02161,0.0522,0.3306
0.04342,0.05212,0.33055
0.04334,0.05238,0.33057
0.05421,0.05234,0.33055
0.04881,0.05223,0.33055
0.05412,0.05259,0.33057
0.04334,0.05263,0.3306
0.05421,0.05259,0.33052
0.05784,0.05136,0.33033
0.0542,0.05208,0.33053
0.04342,0.05238,0.33057
0.05667,0.05146,0.33064
0.05412,0.05208,0.33057
0.05412,0.05285,0.33065
0.05876,0.05347,0.331
0.06219,0.05232,0.33022
0.05412,0.05117,0.33118
0.05412,0.05104,0.33144
0.05412,0.05096,0.3317
0.06196,0.05092,0.33268
0.05947,0.05092,0.33194
0.04334,0.05098,0.33198
0.04334,0.051,0.33172
-0.00026,0.05113,0.33207
0.04334,0.05108,0.33146
-0.00026,0.05116,0.33182
-0.04275,0.05128,0.33216
-0.00026,0.05116,0.33233
0.04334,0.051,0.33223
0.04334,0.05108,0.33249
-0.00025,0.05123,0.33259
-0.04274,0.05131,0.33242
-0.04274,0.05138,0.33268
-0.06259,0.05145,0.33272
-0.06259,0.05138,0.33246
-0.06259,0.05159,0.33297
-0.06574,0.05238,0.33349
-0.06485,0.05408,0.33323
-0.06259,0.05276,0.33361
-0.06259,0.0525,0.33358
-0.06764,0.0536,0.33362
-0.06737,0.05589,0.33291
-0.06259,0.05224,0.33351
-0.06259,0.05177,0.3332
-0.06259,0.05199,0.33338
-0.07044,0.05871,0.33145
-0.07035,0.0588,0.3317
-0.07029,0.05885,0.33196
-0.07027,0.05886,0.33221
-0.07029,0.05885,0.33247
-0.07091,0.05825,0.33352
-0.0711,0.05807,0.33359
-0.07073,0.05843,0.33339
-0.07057,0.05858,0.33321
-0.07044,0.05871,0.33298
-0.07034,0.0588,0.33273
-0.07772,0.06664,0.33238
-0.07773,0.06662,0.33247
-0.07771,0.06665,0.33222
-0.07909,0.06533,0.33352
-0.07774,0.06662,0.33197
-0.07776,0.06661,0.33181
-0.07779,0.06657,0.33171
-0.07789,0.06648,0.33143
-0.07802,0.06636,0.33124
-0.07057,0.05858,0.33122
-0.07809,0.06628,0.33113
-0.07818,0.0662,0.33106
-0.07073,0.05842,0.33104
-0.07835,0.06604,0.33092
-0.07779,0.06657,0.33278
-0.07788,0.06648,0.33298
-0.07795,0.06642,0.33313
-0.07801,0.06636,0.3332
-0.07817,0.06621,0.3334
-0.07835,0.06603,0.33351
-0.07854,0.06586,0.33359
-0.0789,0.06551,0.33359
-0.07147,0.05772,0.3336
-0.07929,0.06513,0.33338
-0.07184,0.05737,0.33339
-0.07166,0.05754,0.33352
-0.072,0.05721,0.33321
-0.07213,0.05709,0.33299
-0.07952,0.06492,0.3331
-0.07943,0.065,0.33321
-0.07956,0.06488,0.33299
-0.07967,0.06478,0.33274
-0.07223,0.057,0.33274
-0.07971,0.06474,0.33248
-0.07228,0.05694,0.33248
-0.07973,0.06472,0.33235
-0.0723,0.05693,0.33222
-0.07228,0.05694,0.33197
-0.07973,0.06472,0.33223
-0.07882,0.06559,0.3308
-0.07972,0.06473,0.33194
-0.0791,0.06532,0.33093
-0.07966,0.06479,0.33172
-0.07223,0.05699,0.3317
-0.07214,0.05708,0.33145
-0.07957,0.06487,0.33147
-0.07928,0.06515,0.33106
-0.07943,0.065,0.33122
-0.07201,0.05721,0.33123
-0.07184,0.05736,0.33105
-0.07166,0.05754,0.33091
-0.07919,0.06523,0.33098
-0.07128,0.0579,0.33362
-0.07875,0.06566,0.33362
-0.07845,0.06594,0.33357
-0.06258,0.05353,0.33338
-0.06258,0.05375,0.33319
-0.06258,0.05393,0.33297
-0.06258,0.05406,0.33272
-0.06258,0.05327,0.33351
-0.06258,0.05301,0.33358
-0.04274,0.0532,0.33346
-0.04274,0.05294,0.33354
-0.04274,0.05269,0.33356
-0.00025,0.05279,0.33345
-0.00025,0.05305,0.33337
0.04335,0.0529,0.33328
0.04335,0.05264,0.33335
-0.00025,0.05254,0.33347
-0.04274,0.05243,0.33354
-0.00025,0.05228,0.33345
0.04335,0.05238,0.33338
-0.04274,0.05217,0.33347
-0.00025,0.05202,0.33337
0.04335,0.05213,0.33335
-0.04274,0.05192,0.33334
-0.00025,0.05177,0.33324
0.04335,0.05186,0.33328
-0.04274,0.0517,0.33315
0.04335,0.05161,0.33315
-0.00025,0.05154,0.33306
-0.04274,0.05151,0.33293
-0.00025,0.05136,0.33284
0.04334,0.05121,0.33274
0.04334,0.05139,0.33297
0.05412,0.05135,0.33294
0.05412,0.05117,0.33272
0.05822,0.05127,0.33301
0.05412,0.05158,0.33312
0.05413,0.05183,0.33325
0.05413,0.05209,0.33333
0.05413,0.05234,0.33335
0.05413,0.0526,0.33333
0.05917,0.05266,0.33334
0.0593,0.05359,0.33261
0.05413,0.05333,0.33294
0.05413,0.05311,0.33312
0.06213,0.0535,0.3327
0.05413,0.05286,0.33325
0.06474,0.05285,0.3331
0.06473,0.0526,0.33323
0.06467,0.05183,0.33331
0.06469,0.05209,0.33333
0.06471,0.05234,0.33331
0.08449,0.05096,0.33326
0.08449,0.05109,0.33323
0.08449,0.05145,0.33307
0.08448,0.0494,0.3324
0.08449,0.05151,0.33303
0.08449,0.05182,0.33274
0.06476,0.05308,0.33292
0.08449,0.05187,0.33265
0.06477,0.05326,0.33269
0.08449,0.052,0.3324
0.08448,0.05121,0.33059
0.08448,0.05156,0.33077
0.08448,0.05114,0.33055
0.08448,0.0493,0.33203
0.08448,0.0498,0.33081
0.08448,0.04994,0.33072
0.08448,0.05018,0.33059
0.06478,0.05339,0.33244
0.08448,0.05095,0.33052
0.08448,0.04971,0.3309
0.08449,0.05203,0.33235
0.08448,0.05071,0.33048
0.08448,0.04952,0.33113
0.08448,0.04941,0.33138
0.08448,0.05064,0.33049
0.08448,0.05045,0.33052
0.08448,0.04933,0.33157
0.08448,0.05025,0.33056
0.08448,0.05168,0.3309
0.08449,0.05207,0.33214
0.06474,0.05285,0.33075
0.06472,0.0526,0.33062
0.08449,0.05208,0.33163
0.08449,0.05211,0.33188
0.06479,0.05346,0.33218
0.08448,0.05199,0.33137
0.08448,0.0519,0.33115
0.08448,0.05186,0.33109
0.06477,0.05326,0.33116
0.06476,0.05307,0.33093
0.06478,0.05339,0.33141
0.06478,0.05346,0.33167
0.06192,0.05368,0.33186
0.05413,0.05374,0.33195
0.04335,0.05378,0.33197
0.04335,0.05376,0.33223
0.04335,0.05376,0.33172
0.05413,0.05372,0.3322
0.05413,0.05372,0.33169
-0.00025,0.05391,0.33232
-0.00025,0.05384,0.33258
0.04335,0.05368,0.33249
0.05413,0.05364,0.33246
0.04335,0.05355,0.33274
-0.00024,0.05371,0.33283
0.05413,0.05351,0.33272
0.04335,0.05337,0.33296
0.04335,0.05315,0.33315
-0.00025,0.05353,0.33306
-0.00025,0.0533,0.33324
-0.04274,0.05346,0.33333
-0.04273,0.05368,0.33315
-0.04273,0.05386,0.33293
-0.04273,0.05399,0.33268
-0.04274,0.05407,0.33241
-0.06258,0.05414,0.33246
-0.00025,0.05394,0.33207
-0.04274,0.05409,0.33216
-0.06258,0.05416,0.3322
-0.04274,0.05406,0.3319
-0.06258,0.05414,0.33195
-0.00025,0.05391,0.33181
-0.04274,0.05399,0.33164
-0.00025,0.05384,0.33155
-0.04274,0.05386,0.33139
-0.06258,0.05406,0.33169
-0.04274,0.05368,0.33117
-0.00025,0.05371,0.3313
-0.06259,0.05393,0.33144
-0.06259,0.05375,0.33121
-0.06259,0.05352,0.33103
-0.04274,0.05345,0.33099
-0.04274,0.0532,0.33086
-0.06259,0.05327,0.3309
-0.00025,0.05305,0.33076
-0.00025,0.0533,0.33089
0.04335,0.05289,0.33067
0.04335,0.05314,0.3308
0.05412,0.05311,0.33078
0.05413,0.05333,0.33096
0.05413,0.05351,0.33118
0.04335,0.05337,0.33098
0.04335,0.05355,0.33121
-0.00025,0.05352,0.33108
0.04335,0.05368,0.33146
0.05413,0.05364,0.33143
0.08448,0.0504,0.3335
0.09478,0.05218,0.33168
0.08448,0.05089,0.33014
0.09535,0.0506,0.33318
0.09552,0.04981,0.33024
0.10824,0.04338,0.32675
0.10202,0.04849,0.33097
0.10513,0.0468,0.32865
0.11154,0.04019,0.32882
0.10941,0.03921,0.32694
0.11136,0.03957,0.32772
0.1085,0.04131,0.3295
0.11123,0.03967,0.32962
0.1113,0.03962,0.32923
0.11101,0.03999,0.32962
0.11108,0.03989,0.32962
0.11089,0.04009,0.32962
0.11064,0.04028,0.32957
0.09597,0.0488,0.33198
0.10845,0.04018,0.32774
0.10859,0.03976,0.32874
0.10868,0.03987,0.32893
0.10893,0.04011,0.32931
0.10884,0.04004,0.32921
0.10919,0.04024,0.3295
0.10957,0.04037,0.32964
0.1088,0.04001,0.32916
0.10876,0.03997,0.32911
0.1103,0.04039,0.32967
0.10865,0.0395,0.3294
0.10865,0.03949,0.32962
0.10858,0.03908,0.32962
0.1086,0.03893,0.32962
0.10861,0.03894,0.33807
0.10862,0.03922,0.33807
0.1086,0.03909,0.33807
0.10867,0.03949,0.33807
0.11091,0.0401,0.33806
0.10895,0.03995,0.33807
0.10879,0.03973,0.33807
0.1107,0.04026,0.33806
0.11103,0.04001,0.33806
0.10865,0.03867,0.33807
0.10867,0.0395,0.33807
0.11122,0.03836,0.33806
0.11132,0.03861,0.33806
0.11137,0.03874,0.33806
0.10956,0.03773,0.33807
0.10983,0.03766,0.33807
0.10876,0.03842,0.33807
0.11139,0.03927,0.33806
0.11134,0.03942,0.33806
0.11126,0.03966,0.33806
0.11138,0.03888,0.33806
0.1111,0.0399,0.33806
0.10863,0.03866,0.32962
0.10863,0.03867,0.32962
0.11023,0.03766,0.33807
0.11037,0.03771,0.33807
0.11063,0.03779,0.33807
0.11086,0.03795,0.33807
0.1101,0.03766,0.33807
0.11097,0.03803,0.33807
0.11105,0.03814,0.33807
0.1113,0.0386,0.32962
0.11121,0.03835,0.32962
0.11104,0.03813,0.32962
0.1105,0.03793,0.32831
0.1112,0.0384,0.32915
0.1096,0.03773,0.329
0.11009,0.03765,0.32962
0.11035,0.0377,0.32962
0.11095,0.03802,0.32962
0.11084,0.03794,0.32962
0.11061,0.03778,0.32962
0.11061,0.03785,0.32903
0.10981,0.03765,0.32962
0.1093,0.03783,0.32962
0.1094,0.03776,0.32962
0.10955,0.03772,0.32962
0.10907,0.03797,0.32962
0.10942,0.03777,0.33807
0.1089,0.03819,0.33807
0.10908,0.03799,0.33807
0.10879,0.03829,0.32962
0.10889,0.03818,0.32962
0.10881,0.0383,0.33807
0.10874,0.03841,0.32962
0.10863,0.03871,0.32922
0.11136,0.03887,0.32962
0.11138,0.03914,0.32962
0.11137,0.03925,0.32962
0.11132,0.03941,0.32962
0.11069,0.04027,0.33806
0.11042,0.04036,0.32962
0.11044,0.04037,0.33806
0.11031,0.04041,0.33806
0.11017,0.04042,0.33806
0.11015,0.04041,0.32962
0.10988,0.04043,0.32962
0.1099,0.04045,0.33806
0.10963,0.04039,0.33807
0.10914,0.04015,0.33807
0.10938,0.04029,0.33807
0.10973,0.0404,0.32963
0.10952,0.04036,0.33807
0.10988,0.04043,0.32961
0.10988,0.04043,0.3296
0.11002,0.04043,0.3296
0.10967,0.0404,0.32959
0.10986,0.04043,0.32959
0.10984,0.04043,0.32959
0.11002,0.04044,0.32959
0.11005,0.04043,0.3296
0.11015,0.04042,0.3296
0.10995,0.04044,0.32959
0.11042,0.04037,0.32959
0.11034,0.04038,0.32962
0.11025,0.0404,0.32964
0.1102,0.04041,0.32962
0.11027,0.0404,0.32961
0.11033,0.04039,0.32959
0.11023,0.04041,0.32959
0.11022,0.04042,0.32959
0.11024,0.0404,0.3296
0.11031,0.04039,0.32961
0.11038,0.04037,0.32961
0.11029,0.04039,0.32962
0.11055,0.04032,0.32958
0.11034,0.04038,0.32964
0.10961,0.04039,0.32959
0.10935,0.04029,0.32959
0.10912,0.04014,0.32962
0.1095,0.04035,0.32962
0.10893,0.03994,0.32962
0.10884,0.03986,0.32962
0.10877,0.03972,0.32962
0.0647,0.05234,0.33055
0.06469,0.05208,0.33053
0.06467,0.05183,0.33055
0.06465,0.05157,0.33062
0.06463,0.05132,0.33076
0.06462,0.0511,0.33094
0.0646,0.05091,0.33116
0.0646,0.05079,0.33141
0.06459,0.05071,0.33167
0.06459,0.05069,0.33193
0.06459,0.05071,0.33218
0.0646,0.05079,0.33245
0.08448,0.04945,0.33252
0.08448,0.04954,0.33265
0.06461,0.05092,0.3327
0.06462,0.0511,0.33292
0.08448,0.0497,0.33287
0.06464,0.05132,0.3331
0.08448,0.04976,0.33293
0.08448,0.04994,0.33305
0.08448,0.05009,0.33315
0.06466,0.05157,0.33323
0.08448,0.05045,0.33325
0.08448,0.05058,0.33329
0.08448,0.0507,0.33328
0.05412,0.05104,0.33247
0.05412,0.05096,0.33221
-0.04275,0.05131,0.33191
0.05939,0.05181,0.3306
0.05421,0.05285,0.33045
0.04342,0.05263,0.33055
0.05421,0.05311,0.33032
0.04342,0.05289,0.33047
0.04342,0.05314,0.33034
0.05922,0.05353,0.32994
0.05421,0.05333,0.33014
0.06213,0.05291,0.33038
0.05978,0.05372,0.329
0.05421,0.05374,0.32914
0.05421,0.05351,0.32991
0.05421,0.05364,0.32966
0.05421,0.05372,0.3294
0.04342,0.05375,0.32891
0.04342,0.05378,0.32917
0.04342,0.05375,0.32942
0.05421,0.05371,0.32889
-0.0002,0.05391,0.32952
-0.0002,0.05383,0.32978
0.04342,0.05368,0.32968
-0.0002,0.05371,0.33003
0.04342,0.05355,0.32994
-0.04272,0.05368,0.33035
-0.0002,0.05352,0.33025
-0.04272,0.05386,0.33012
-0.04272,0.05345,0.33053
-0.0002,0.0533,0.33044
0.04342,0.05337,0.33016
-0.04272,0.0532,0.33066
-0.0002,0.05305,0.33057
-0.04272,0.05399,0.32987
-0.04272,0.05406,0.32961
-0.0002,0.05393,0.32926
-0.04272,0.05408,0.32936
-0.06258,0.05416,0.3294
-0.04272,0.05406,0.3291
-0.06258,0.05413,0.32914
-0.04272,0.05399,0.32884
-0.06258,0.05406,0.32888
-0.04272,0.05385,0.32859
-0.06258,0.05393,0.32863
-0.04272,0.05367,0.32837
-0.04272,0.05345,0.32818
-0.0002,0.05352,0.32827
-0.0002,0.0537,0.3285
-0.0002,0.0533,0.32809
0.04342,0.05337,0.32818
0.04342,0.05355,0.3284
0.04342,0.05368,0.32865
0.05421,0.05364,0.32863
0.05421,0.05351,0.32838
-0.0002,0.05383,0.32875
-0.0002,0.05391,0.32901
0.0542,0.05333,0.32815
-0.04272,0.0532,0.32805
0.06479,0.05233,0.3305
0.06484,0.05307,0.33011
0.06486,0.05325,0.32989
0.08573,0.05175,0.3299
0.08572,0.05167,0.32998
0.06486,0.05338,0.32964
0.08573,0.05176,0.32987
0.08574,0.05184,0.32972
0.06487,0.05345,0.32938
0.06487,0.05347,0.32912
0.06487,0.05345,0.32887
0.06486,0.05338,0.32861
0.06485,0.05325,0.32836
0.0984,0.05155,0.33003
0.0856,0.04986,0.33025
0.08558,0.04964,0.33006
0.0647,0.05109,0.33012
0.08562,0.05011,0.33037
0.09839,0.04981,0.33021
0.08559,0.04979,0.33022
0.09839,0.04958,0.33004
0.06472,0.05131,0.3303
0.06474,0.05156,0.33043
0.08561,0.04998,0.33031
0.09839,0.04955,0.33001
0.08562,0.05015,0.33039
0.08562,0.05018,0.33041
0.06476,0.05182,0.3305
0.09839,0.05006,0.33035
0.08563,0.05036,0.33044
0.08563,0.05027,0.33043
0.09839,0.05032,0.33043
0.08565,0.05062,0.33048
0.08564,0.05049,0.33046
0.09839,0.05057,0.33044
0.10123,0.0503,0.33027
0.08567,0.05087,0.33044
0.0984,0.05082,0.33042
0.08568,0.05105,0.33041
0.06478,0.05208,0.33053
0.08566,0.05074,0.33046
0.08568,0.051,0.33041
0.08558,0.04956,0.32998
0.06468,0.05078,0.32964
0.06468,0.0507,0.32938
0.04342,0.05186,0.33047
0.0542,0.05182,0.33045
0.04342,0.05161,0.33034
-0.0002,0.05202,0.33057
-0.0002,0.05177,0.33044
-0.00021,0.05154,0.33026
0.0542,0.05157,0.33032
0.04342,0.05139,0.33016
-0.04272,0.05169,0.33035
-0.04272,0.05151,0.33013
-0.00021,0.05136,0.33003
-0.06258,0.05176,0.33039
-0.04273,0.05138,0.32988
-0.06259,0.05158,0.33017
-0.06258,0.05199,0.33058
-0.04272,0.05192,0.33053
-0.06259,0.05145,0.32992
-0.06259,0.05138,0.32966
-0.04273,0.0513,0.32961
-0.04273,0.05128,0.32936
-0.00021,0.05113,0.32927
-0.00021,0.05115,0.32952
-0.04273,0.0513,0.3291
-0.00021,0.05115,0.32901
-0.06259,0.05137,0.32915
-0.04273,0.05138,0.32884
-0.00021,0.05123,0.32875
0.04341,0.05107,0.32866
0.04341,0.0512,0.3284
0.0542,0.05134,0.32816
0.0542,0.05116,0.32838
0.0542,0.05103,0.32863
0.0542,0.05096,0.32889
0.04341,0.051,0.32892
0.04341,0.05097,0.32917
0.05955,0.05092,0.32914
0.0542,0.05096,0.3294
0.04341,0.051,0.32943
0.0542,0.05103,0.32966
0.0542,0.05116,0.32992
0.04342,0.05107,0.32969
0.0542,0.05135,0.33014
0.04342,0.0512,0.32994
-0.00021,0.05123,0.32978
-0.02146,0.05235,0.33069
-0.04851,0.05262,0.33076
-0.07454,0.06149,0.33081
-0.0772,0.06415,0.33081
-0.07864,0.06576,0.33081
-0.07716,0.0642,0.33081
-0.07574,0.06257,0.33081
-0.07572,0.06259,0.33081
-0.0787,0.06571,0.33081
0.08568,0.05105,0.32775
0.08566,0.05087,0.32772
0.09839,0.05108,0.32775
0.09839,0.05082,0.32769
0.09839,0.05069,0.32766
0.10103,0.0508,0.32752
0.10102,0.05055,0.3275
0.10104,0.05106,0.3276
0.10106,0.05131,0.32773
0.10108,0.05154,0.32791
0.09839,0.05141,0.32793
0.09839,0.05133,0.32789
0.09839,0.05155,0.32807
0.1011,0.05172,0.32813
0.09839,0.05168,0.32821
0.08573,0.05175,0.32825
0.08563,0.05036,0.32772
0.0998,0.05018,0.32765
0.09839,0.05015,0.32772
0.08562,0.05018,0.32775
0.09839,0.05053,0.32765
0.08574,0.05195,0.32951
0.10102,0.04978,0.32773
0.09839,0.05006,0.32776
0.09839,0.04978,0.32789
0.09839,0.04959,0.32807
0.08559,0.04979,0.32795
0.09839,0.04948,0.32817
0.0984,0.05191,0.32947
0.0984,0.05186,0.32956
0.1012,0.05185,0.32941
0.0984,0.05174,0.32982
0.0984,0.05193,0.3293
0.0984,0.05197,0.32905
0.10117,0.05195,0.32889
0.0984,0.05196,0.32894
0.10123,0.05192,0.32869
0.10495,0.0516,0.32794
0.10113,0.05185,0.32838
0.09839,0.05188,0.32856
0.09839,0.05173,0.32829
0.09839,0.05057,0.32765
0.08556,0.04928,0.32865
0.11506,0.04043,0.32901
0.11508,0.03947,0.33034
0.11511,0.03958,0.33034
0.11501,0.0392,0.33034
0.1152,0.03978,0.33018
0.11501,0.03924,0.33016
0.11506,0.03848,0.32989
0.11611,0.04078,0.32983
0.11686,0.04034,0.33041
0.11571,0.04024,0.33034
0.11575,0.04025,0.33034
0.11582,0.04028,0.33034
0.11559,0.04014,0.33034
0.11565,0.04019,0.33034
0.11546,0.04006,0.33036
0.11621,0.0404,0.33043
0.11608,0.04038,0.33034
0.11584,0.0403,0.33041
0.11663,0.04039,0.33043
0.11635,0.04041,0.33042
0.11536,0.03996,0.33034
0.11583,0.04029,0.33037
0.11577,0.04026,0.33036
0.11579,0.04027,0.33034
0.11581,0.04028,0.33036
0.11584,0.04029,0.33805
0.11573,0.04025,0.33805
0.1156,0.04015,0.33805
0.11773,0.03857,0.33805
0.1176,0.03831,0.33805
0.11503,0.03896,0.33806
0.11502,0.03922,0.33806
0.11777,0.03882,0.33034
0.11635,0.04041,0.33805
0.11538,0.03997,0.33805
0.11522,0.03973,0.33805
0.11609,0.04039,0.33805
0.11513,0.03959,0.33805
0.1151,0.03948,0.33805
0.11771,0.03856,0.33034
0.11754,0.03822,0.33034
0.11776,0.03878,0.32978
0.11779,0.03907,0.33034
0.11774,0.03933,0.33034
0.11741,0.03808,0.33034
0.11743,0.03809,0.33805
0.11756,0.03823,0.33805
0.11722,0.03789,0.33805
0.11697,0.03774,0.33805
0.1172,0.03788,0.33034
0.11728,0.03793,0.33034
0.11696,0.03774,0.33034
0.11696,0.03781,0.3298
0.11672,0.03775,0.3296
0.11645,0.03761,0.33034
0.11642,0.03761,0.33034
0.1167,0.03766,0.33034
0.11657,0.03762,0.33034
0.11672,0.03767,0.33805
0.11647,0.03762,0.33805
0.11622,0.03765,0.33805
0.1162,0.03764,0.33034
0.11603,0.03766,0.33034
0.11594,0.0377,0.33034
0.11605,0.03767,0.33806
0.11568,0.03781,0.33034
0.11596,0.03771,0.33806
0.11514,0.03845,0.33806
0.11528,0.03821,0.33806
0.11547,0.038,0.33806
0.11568,0.03783,0.33806
0.11506,0.03871,0.33806
0.11503,0.0388,0.33806
0.11546,0.03799,0.33034
0.11566,0.03782,0.33034
0.11568,0.03788,0.32982
0.11535,0.03808,0.33034
0.11527,0.0382,0.33034
0.11536,0.03809,0.33806
0.11512,0.03844,0.33034
0.11504,0.0387,0.33034
0.11501,0.03879,0.33034
0.11501,0.03895,0.33034
0.11633,0.0404,0.33034
0.11651,0.04042,0.33805
0.11658,0.04039,0.33034
0.11685,0.04033,0.33034
0.11687,0.04034,0.33805
0.1166,0.0404,0.33805
0.11689,0.04034,0.33805
0.11688,0.04033,0.33034
0.11712,0.04022,0.33805
0.1171,0.04021,0.33034
0.1152,0.03972,0.33034
0.11527,0.03984,0.33034
0.11633,0.04041,0.33043
0.11628,0.0404,0.33043
0.1163,0.04041,0.33043
0.11773,0.0395,0.33805
-0.07976,0.05951,0.32386
-0.08003,0.05926,0.32352
-0.07862,0.06057,0.32191
-0.07709,0.06199,0.32104
-0.21982,0.21639,0.32095
-0.2229,0.21354,0.32363
-0.22158,0.21476,0.32226
-0.08111,0.05826,0.32555
-0.22398,0.21254,0.32566
-0.22366,0.21284,0.3259
-0.08079,0.05856,0.32579
-0.08178,0.05764,0.32789
-0.22429,0.21225,0.32812
-0.08143,0.05797,0.32801
-0.08164,0.05777,0.33038
-0.22428,0.21225,0.33286
-0.08191,0.05751,0.33062
-0.22459,0.21196,0.33271
-0.22396,0.21255,0.33531
-0.08177,0.05764,0.33287
-0.22488,0.2117,0.33049
-0.08109,0.05827,0.3352
-0.08,0.05928,0.33723
-0.22292,0.21351,0.33708
-0.08077,0.05857,0.33496
-0.07973,0.05953,0.33688
-0.2226,0.21381,0.337
-0.22145,0.21487,0.33893
-0.22125,0.21506,0.33851
-0.07838,0.06078,0.3384
-0.07858,0.0606,0.33882
-0.0768,0.06224,0.33941
-0.07508,0.06384,0.33985
-0.21967,0.21652,0.33952
-0.0751,0.06382,0.34035
-0.07691,0.06214,0.33989
-0.21797,0.21809,0.34046
-0.07326,0.06552,0.34019
-0.21978,0.21642,0.34
-0.21632,0.21962,0.34022
-0.2162,0.21973,0.33981
-0.21438,0.22142,0.33952
-0.21306,0.22264,0.33778
-0.21454,0.22127,0.33906
-0.21283,0.22285,0.33817
-0.07151,0.06714,0.3394
-0.07008,0.06847,0.33786
-0.06871,0.06974,0.33622
-0.21172,0.22388,0.33619
-0.06782,0.07056,0.33402
-0.21069,0.22484,0.33413
-0.069,0.06947,0.33593
-0.21103,0.22452,0.33395
-0.21024,0.22526,0.3317
-0.2106,0.22492,0.33164
-0.21043,0.22509,0.32922
-0.06748,0.07087,0.33181
-0.06738,0.07098,0.32908
-0.06774,0.07064,0.32914
-0.21071,0.22483,0.32676
-0.21105,0.22451,0.32694
-0.06818,0.07023,0.32683
-0.2116,0.224,0.32456
-0.2119,0.22373,0.32486
-0.21286,0.22283,0.32274
-0.06873,0.06973,0.32445
-0.2131,0.22262,0.32312
-0.06784,0.07055,0.32665
-0.21458,0.22125,0.32185
-0.07023,0.06834,0.32301
-0.07019,0.06837,0.32257
-0.06903,0.06945,0.32475
-0.07337,0.06543,0.32101
-0.07155,0.06711,0.32128
-0.07331,0.06549,0.32052
-0.21617,0.21977,0.32063
-0.21462,0.22121,0.32141
-0.07514,0.06379,0.32036
-0.21818,0.21791,0.32062
-0.21799,0.21809,0.32097
-0.07512,0.06381,0.32086
-0.07684,0.06222,0.32132
-0.22129,0.21503,0.32245
-0.22682,0.2153,0.32772
-0.22253,0.21382,0.32336
-0.21298,0.22631,0.3264
-0.21242,0.22318,0.32338
-0.21433,0.22056,0.32094
-0.20509,0.19598,0.3217
-0.20927,0.21206,0.32021
-0.21182,0.21018,0.32008
-0.21573,0.22194,0.3203
-0.20625,0.20816,0.3196
-0.21843,0.21928,0.31956
-0.19583,0.20459,0.32185
-0.20268,0.19826,0.3203
-0.2089,0.2092,0.31989
-0.2078,0.20697,0.3194
-0.2049,0.20803,0.31871
-0.20427,0.20797,0.31986
-0.20355,0.20745,0.31967
-0.19907,0.20163,0.31873
-0.20152,0.20335,0.3158
-0.20756,0.20397,0.31867
-0.2064,0.2044,0.3137
-0.20407,0.20585,0.3128
-0.20347,0.20544,0.31453
-0.20249,0.20439,0.31517
-0.20368,0.20125,0.31477
-0.20469,0.20235,0.31517
-0.20571,0.20344,0.31557
-0.2013,0.20278,0.31281
-0.20373,0.20152,0.31212
-0.20247,0.19869,0.31877
-0.20829,0.20478,0.31979
-0.22109,0.21697,0.32031
-0.20814,0.20381,0.32009
-0.22379,0.21501,0.32207
-0.20784,0.20332,0.32014
-0.20781,0.20338,0.3201
-0.20303,0.19822,0.3201
-0.20283,0.19814,0.32028
-0.21644,0.20578,0.32345
-0.22895,0.21537,0.32751
-0.21349,0.22456,0.32214
-0.21077,0.20088,0.32257
-0.22021,0.20666,0.32658
-0.20765,0.19359,0.326
-0.21401,0.20064,0.3257
-0.21424,0.2,0.33392
-0.21083,0.19712,0.32585
-0.20816,0.1931,0.33347
-0.2112,0.19655,0.33369
-0.21459,0.20319,0.33712
-0.22218,0.21383,0.33795
-0.21861,0.20686,0.33616
-0.20282,0.19807,0.34078
-0.20638,0.19511,0.33798
-0.21138,0.19815,0.33529
-0.22471,0.2149,0.338
-0.22413,0.21534,0.33869
-0.20574,0.19546,0.33855
-0.22465,0.22036,0.34092
-0.21836,0.21727,0.3404
-0.20673,0.20351,0.34082
-0.19637,0.20409,0.33964
-0.1988,0.20196,0.34098
-0.19969,0.2013,0.34116
-0.20849,0.21005,0.34098
-0.21063,0.20895,0.34085
-0.20565,0.20406,0.34088
-0.21572,0.22849,0.3383
-0.19954,0.2096,0.33802
-0.20272,0.21511,0.3364
-0.19777,0.21122,0.33474
-0.19283,0.20732,0.33307
-0.21372,0.22163,0.33946
-0.20876,0.21147,0.34057
-0.19944,0.21358,0.32664
-0.19934,0.214,0.33336
-0.1996,0.20925,0.32232
-0.19613,0.21045,0.32985
-0.19318,0.20722,0.32646
-0.20337,0.21391,0.32278
-0.20614,0.21901,0.32446
-0.20538,0.21951,0.33487
-0.21019,0.22498,0.33303
-0.20487,0.22124,0.33034
-0.21384,0.23037,0.32804
-0.21028,0.22466,0.32704
-0.21537,0.23215,0.33405
-0.21585,0.23691,0.34216
-0.21549,0.23817,0.33013
-0.21522,0.25546,0.34235
-0.21362,0.2499,0.33041
-0.21526,0.24004,0.33906
-0.21935,0.23043,0.34247
-0.21669,0.24413,0.33896
-0.21643,0.24769,0.33839
-0.21803,0.23706,0.33851
-0.22116,0.23106,0.3388
-0.22129,0.22869,0.33935
-0.21583,0.25514,0.33895
-0.2194,0.26253,0.33794
-0.21488,0.24866,0.33795
-0.21533,0.24785,0.33445
-0.22676,0.24867,0.33528
-0.22605,0.24777,0.33898
-0.22942,0.25797,0.33517
-0.22953,0.25735,0.3378
-0.22848,0.25138,0.33898
-0.22702,0.24397,0.33899
-0.21587,0.24413,0.33796
-0.22722,0.24417,0.33522
-0.22144,0.23635,0.33845
-0.22858,0.24781,0.33847
-0.22849,0.2459,0.33864
-0.23004,0.24078,0.339
-0.23974,0.23301,0.33572
-0.23853,0.23287,0.33903
-0.2297,0.2403,0.33519
-0.22239,0.23281,0.33471
-0.23029,0.24688,0.33863
-0.2329,0.2491,0.33899
-0.23831,0.25281,0.339
-0.23828,0.25283,0.3357
-0.23407,0.24946,0.33899
-0.23026,0.24186,0.33569
-0.22063,0.22974,0.33088
-0.21948,0.23488,0.33429
-0.21942,0.2292,0.33185
-0.21904,0.22896,0.33775
-0.21664,0.23146,0.33127
-0.22046,0.22784,0.33041
-0.21628,0.23099,0.33029
-0.22997,0.21912,0.33052
-0.22749,0.22161,0.33078
-0.22776,0.22086,0.3378
-0.23034,0.21851,0.33134
-0.22452,0.21173,0.3328
-0.22027,0.20655,0.33439
-0.2242,0.21178,0.32707
-0.22969,0.2165,0.33485
-0.22592,0.21628,0.3383
-0.22926,0.21853,0.3397
-0.22458,0.21497,0.33816
-0.2242,0.21529,0.33862
-0.20629,0.19519,0.33811
-0.20616,0.19531,0.3383
-0.23359,0.21873,0.34237
-0.2505,0.2167,0.33052
-0.23756,0.21817,0.33025
-0.24502,0.21693,0.34247
-0.22861,0.22257,0.33892
-0.23196,0.22514,0.33506
-0.23825,0.23234,0.33522
-0.24221,0.22991,0.33904
-0.24041,0.21794,0.33912
-0.23529,0.22014,0.33838
-0.23456,0.22332,0.33844
-0.2419,0.23037,0.33524
-0.2337,0.22184,0.33411
-0.24336,0.23272,0.33733
-0.24317,0.22954,0.33528
-0.23108,0.24431,0.33536
-0.24295,0.23464,0.33536
-0.24668,0.23468,0.33533
-0.24589,0.23201,0.33858
-0.2446,0.23359,0.33858
-0.24397,0.23116,0.33904
-0.24679,0.2299,0.33534
-0.24939,0.23199,0.33905
-0.24469,0.23535,0.33904
-0.24592,0.22926,0.33905
-0.24678,0.23634,0.33904
-0.25625,0.23565,0.33576
-0.25507,0.23383,0.33906
-0.24939,0.23204,0.33575
-0.25991,0.24331,0.33575
-0.26021,0.24322,0.33906
-0.25478,0.24577,0.33574
-0.24672,0.23674,0.33573
-0.24745,0.23783,0.33904
-0.25172,0.24032,0.33905
-0.24717,0.23756,0.33904
-0.25489,0.24575,0.33905
-0.2562,0.24779,0.33905
-0.25888,0.2468,0.33839
-0.2581,0.24837,0.33846
-0.25609,0.25057,0.33904
-0.25007,0.24191,0.33904
-0.25011,0.24188,0.33574
-0.24657,0.25944,0.3357
-0.25605,0.25058,0.33574
-0.24656,0.25941,0.33901
-0.24369,0.25937,0.339
-0.24477,0.2625,0.33878
-0.26002,0.25173,0.33905
-0.24628,0.26474,0.339
-0.24267,0.26308,0.33846
-0.24186,0.26554,0.33899
-0.24317,0.26134,0.33823
-0.24322,0.25937,0.33537
-0.24673,0.26241,0.33544
-0.24581,0.26535,0.33524
-0.24173,0.25802,0.339
-0.23444,0.24988,0.339
-0.23902,0.26267,0.33899
-0.24142,0.25804,0.3357
-0.23657,0.25442,0.33899
-0.23898,0.26273,0.33568
-0.23161,0.25853,0.33567
-0.23367,0.24898,0.33569
-0.22854,0.25139,0.33568
-0.23351,0.26106,0.3381
-0.2323,0.26079,0.33517
-0.22977,0.26012,0.33717
-0.22919,0.2626,0.33716
-0.22691,0.26111,0.33716
-0.23078,0.2597,0.33347
-0.22948,0.26136,0.33717
-0.22944,0.26269,0.33346
-0.22932,0.26264,0.33531
-0.2269,0.26051,0.33346
-0.23011,0.26119,0.33346
-0.24079,0.26379,0.33526
-0.23157,0.24868,0.33527
-0.24152,0.27498,0.33844
-0.24167,0.27537,0.33485
-0.24502,0.27628,0.33444
-0.24475,0.27508,0.33843
-0.24661,0.27675,0.33799
-0.24893,0.27736,0.33038
-0.23745,0.27653,0.33058
-0.26712,0.26775,0.33043
-0.25667,0.27314,0.33864
-0.23661,0.27705,0.34235
-0.25565,0.27521,0.34241
-0.26917,0.26449,0.34245
-0.24983,0.2764,0.33907
-0.26015,0.27222,0.33911
-0.23695,0.27609,0.33905
-0.22717,0.27108,0.33892
-0.23902,0.27643,0.33797
-0.22138,0.26629,0.33908
-0.22185,0.26781,0.34235
-0.22313,0.26933,0.33033
-0.22709,0.27191,0.33795
-0.26823,0.26429,0.33906
-0.2723,0.25012,0.3386
-0.27296,0.2539,0.33914
-0.27276,0.25349,0.33807
-0.26471,0.26843,0.33804
-0.27437,0.24667,0.34249
-0.27333,0.24194,0.33917
-0.27014,0.23217,0.3425
-0.27307,0.23941,0.33048
-0.2741,0.25022,0.33047
-0.26576,0.22577,0.33048
-0.26946,0.23342,0.33857
-0.27321,0.24656,0.33449
-0.27358,0.24492,0.33809
-0.26117,0.22375,0.33855
-0.26894,0.23128,0.33919
-0.27189,0.24689,0.33867
-0.26139,0.2233,0.33917
-0.26313,0.22385,0.34249
-0.24747,0.21911,0.33906
-0.25276,0.21916,0.33913
-0.24325,0.21986,0.33905
-0.24693,0.21888,0.33806
-0.24317,0.21886,0.33805
-0.24316,0.21839,0.33449
-0.24645,0.21933,0.33496
-0.24852,0.21805,0.33055
-0.26159,0.24576,0.33533
-0.26577,0.24823,0.33906
-0.2618,0.24976,0.33529
-0.26012,0.24871,0.33853
-0.25837,0.25073,0.33533
-0.25766,0.25235,0.33524
-0.25609,0.2472,0.33539
-0.25604,0.23379,0.33526
-0.25926,0.23217,0.33727
-0.25858,0.23228,0.33542
-0.2579,0.23238,0.33356
-0.2589,0.23666,0.33526
-0.25961,0.23517,0.33356
-0.25526,0.23351,0.33726
-0.25699,0.23501,0.33356
-0.25876,0.23378,0.33356
-0.2614,0.23271,0.33357
-0.26152,0.23333,0.33727
-0.25883,0.2374,0.33813
-0.25826,0.2344,0.33726
-0.25876,0.23329,0.33727
-0.27285,0.25026,0.33465
-0.22654,0.22319,0.32924
-0.22864,0.22245,0.33098
-0.2179,0.23526,0.33798
-0.21544,0.24408,0.33443
-0.21885,0.225,0.3411
-0.21135,0.21176,0.34104
-0.19938,0.20159,0.34112
-0.20885,0.2114,0.34117
-0.19968,0.20105,0.32026
-0.19868,0.20197,0.31979
-0.19868,0.20225,0.31972
-0.19867,0.20226,0.31978
-0.20324,0.20723,0.31983
-0.19862,0.20231,0.31989
-0.2032,0.20726,0.31989
-0.1985,0.20214,0.32015
-0.1986,0.20205,0.32001
-0.19852,0.2024,0.32002
-0.20316,0.2073,0.31997
-0.20362,0.20771,0.31995
-0.20342,0.20772,0.32006
-0.2031,0.20736,0.32003
-0.1985,0.20242,0.32005
-0.19847,0.20218,0.32018
-0.06773,0.07064,0.33152
-0.07167,0.06699,0.33895
-0.07333,0.06545,0.33969
-0.22465,0.21192,0.328
0.12838,-0.00233,0.37422
0.1245,-0.0004,0.37608
0.12434,-0.00202,0.37422
0.12446,0.00081,0.3734
0.1285,0.00081,0.3751
0.13016,-0.00043,0.37599
0.12945,-0.00354,0.37606
0.12659,-0.01163,0.37616
0.13127,-0.0053,0.37638
0.13051,-0.00194,0.37336
0.13191,-0.00541,0.37451
0.12681,-0.01405,0.37396
0.12875,-0.01374,0.3761
0.12209,-0.01934,0.3774
0.12027,-0.0214,0.37571
0.1156,-0.02229,0.37719
0.11533,-0.02062,0.37751
0.12085,-0.01735,0.37645
0.11504,-0.02052,0.37485
0.12032,-0.02004,0.37455
0.1156,-0.0224,0.37523
0.11495,-0.02276,0.37628
0.10985,-0.02207,0.37497
0.10943,-0.02274,0.37599
0.10985,-0.02263,0.37561
0.10985,-0.0223,0.37514
0.10985,-0.02249,0.37536
0.10431,-0.02269,0.37588
0.10431,-0.02261,0.37562
0.09297,-0.02257,0.37564
0.10431,-0.02247,0.37537
0.09297,-0.02243,0.3754
0.09297,-0.02265,0.3759
0.08265,-0.02262,0.37592
0.08265,-0.02253,0.37566
0.07835,-0.02258,0.37582
0.08265,-0.02239,0.37542
0.07821,-0.02107,0.37447
0.08265,-0.02265,0.37618
0.07424,-0.02298,0.37624
0.07837,-0.02261,0.37656
0.08074,-0.02086,0.378
0.07261,-0.02316,0.37739
0.07171,-0.02623,0.3756
0.07343,-0.02281,0.37509
0.08265,-0.02257,0.3767
0.08265,-0.02264,0.37643
0.08265,-0.02245,0.37695
0.09297,-0.02261,0.37667
0.09298,-0.02249,0.37693
0.09297,-0.02267,0.37641
0.10431,-0.02271,0.37639
0.10431,-0.02265,0.37665
0.10985,-0.02255,0.37689
0.10431,-0.02253,0.3769
0.10985,-0.02267,0.37664
0.10985,-0.02238,0.37712
0.10985,-0.02216,0.37731
0.10431,-0.02236,0.37714
0.10431,-0.02214,0.37733
0.09298,-0.0221,0.37735
0.09298,-0.02232,0.37716
0.09298,-0.02185,0.37749
0.10431,-0.02189,0.37747
0.10985,-0.02191,0.37745
0.09298,-0.02159,0.37758
0.10985,-0.02166,0.37754
0.10431,-0.02164,0.37755
0.08265,-0.02156,0.3776
0.08265,-0.02182,0.37751
0.09298,-0.02134,0.37761
0.08265,-0.02206,0.37737
0.08265,-0.02228,0.37718
0.08265,-0.0213,0.37763
0.09298,-0.02109,0.3776
0.10432,-0.02138,0.37758
0.10985,-0.02115,0.37756
0.10432,-0.02113,0.37757
0.10985,-0.0214,0.37757
0.10985,-0.02088,0.37749
0.09298,-0.02082,0.37753
0.10432,-0.02086,0.37751
0.08266,-0.02078,0.37755
0.08266,-0.02105,0.37762
0.09298,-0.02057,0.37741
0.08266,-0.02053,0.37743
0.08266,-0.0203,0.37726
0.09298,-0.02033,0.37724
0.08266,-0.02011,0.37704
0.09298,-0.02014,0.37702
0.09298,-0.02,0.37678
0.10432,-0.02018,0.377
0.10432,-0.02037,0.37721
0.10985,-0.02039,0.3772
0.10432,-0.02061,0.37739
0.10985,-0.0202,0.37698
0.10985,-0.02063,0.37737
0.10985,-0.02006,0.37674
0.10432,-0.02004,0.37675
0.10985,-0.01998,0.37648
0.11459,-0.01993,0.37621
0.10985,-0.02002,0.37571
0.10892,-0.01995,0.37597
0.10985,-0.01995,0.37623
0.10432,-0.01993,0.37624
0.09298,-0.0199,0.37601
0.10432,-0.02,0.37572
0.09298,-0.01996,0.37574
0.10432,-0.02012,0.37546
0.09298,-0.02008,0.37549
0.08266,-0.02005,0.37551
0.08266,-0.01993,0.37577
0.08265,-0.02022,0.37528
0.08265,-0.02044,0.37509
0.09298,-0.02026,0.37526
0.10432,-0.0203,0.37523
0.09298,-0.02047,0.37507
0.10431,-0.02051,0.37504
0.10985,-0.02014,0.37545
0.10985,-0.02032,0.37522
0.10985,-0.02053,0.37503
0.10985,-0.02078,0.37489
0.10431,-0.02076,0.3749
0.10985,-0.02104,0.3748
0.10431,-0.02102,0.37482
0.10431,-0.02127,0.37478
0.10985,-0.02129,0.37477
0.10985,-0.02155,0.37478
0.10431,-0.02153,0.3748
0.10985,-0.02181,0.37485
0.10431,-0.02179,0.37486
0.10431,-0.02205,0.37498
0.09297,-0.02201,0.37501
0.09297,-0.02175,0.37489
0.10431,-0.02228,0.37515
0.09297,-0.02224,0.37518
0.08265,-0.0222,0.3752
0.08265,-0.02197,0.37503
0.08265,-0.02171,0.37491
0.09297,-0.02149,0.37482
0.08265,-0.02145,0.37484
0.09297,-0.02123,0.37481
0.08265,-0.02119,0.37483
0.09297,-0.02098,0.37484
0.08265,-0.02094,0.37486
0.09298,-0.02072,0.37493
0.08265,-0.02068,0.37495
0.07833,-0.01985,0.37604
0.08266,-0.01985,0.37629
0.073,-0.02056,0.37736
0.09298,-0.01989,0.37626
0.08266,-0.01988,0.37654
0.09298,-0.01992,0.37652
0.10432,-0.01996,0.37649
0.08266,-0.01997,0.3768
0.06935,-0.02625,0.37754
0.07301,-0.0211,0.37493
0.07017,-0.0229,0.37577
0.06927,-0.02925,0.37499
0.06968,-0.0318,0.37659
0.07298,-0.03262,0.37486
0.07379,-0.03508,0.37634
0.0788,-0.03234,0.37577
0.07879,-0.03476,0.37495
0.07373,-0.03181,0.37685
0.07185,-0.03273,0.37767
0.07154,-0.02796,0.37713
0.0788,-0.03386,0.37785
0.09297,-0.02269,0.37615
0.10431,-0.02273,0.37613
-0.11145,-0.03593,0.47203
-0.12181,-0.03233,0.47195
-0.12089,-0.03294,0.47015
-0.11357,-0.03564,0.47013
-0.11547,-0.02636,0.46988
-0.12607,-0.02606,0.47015
-0.12668,-0.01854,0.47014
-0.10811,-0.02594,0.4699
-0.11067,-0.02377,0.46698
-0.10644,-0.03472,0.47012
-0.11794,-0.0179,0.46987
-0.11548,-0.02148,0.46663
-0.09795,-0.02549,0.47009
-0.10136,-0.03166,0.4716
-0.09757,-0.01764,0.47008
-0.1061,-0.0187,0.46988
-0.0971,-0.02141,0.47189
-0.10943,-0.01868,0.46668
-0.11095,-0.01491,0.46988
-0.10303,-0.00901,0.47013
-0.10596,-0.00739,0.47188
-0.09967,-0.0128,0.47189
-0.1123,-0.00611,0.47006
-0.1225,-0.01,0.47013
-0.11475,-0.00627,0.47188
-0.12153,-0.00961,0.47194
-0.11215,-0.01962,0.47203
-0.12658,-0.02439,0.47194
-0.12602,-0.01562,0.47192
-0.11201,-0.02241,0.47203
-0.11017,-0.02151,0.47002
-0.11208,-0.02102,0.47203
-0.11402,-0.0204,0.47003
-0.11193,-0.0238,0.46005
-0.1148,-0.02139,0.45995
-0.11054,-0.01859,0.46006
-0.11209,-0.02096,0.47003
-0.11273,-0.02433,0.46216
-0.10935,-0.02225,0.46002
-0.10962,-0.02227,0.46315
-0.11462,-0.01897,0.46205
-0.11457,-0.01859,0.46393
-0.11351,-0.02374,0.46396
-0.11341,-0.01833,0.45999
-0.11025,-0.01895,0.46295
-0.09917,-0.02827,0.4719
-0.09833,-0.02663,0.47014
-0.11094,-0.0212,0.47203
-0.10157,-0.01011,0.47189
-0.10069,-0.01118,0.47014
-0.09734,-0.01952,0.47098
-0.10354,-0.03309,0.47013
-0.10548,-0.02183,0.46978
-0.10865,-0.01974,0.46537
-0.11062,-0.02013,0.47093
-0.11056,-0.02209,0.471
-0.10547,-0.01884,0.46981
-0.10923,-0.02273,0.46979
-0.10705,-0.02148,0.46639
-0.1059,-0.02196,0.46408
-0.10929,-0.02251,0.46617
-0.10657,-0.02048,0.46376
-0.1067,-0.01973,0.46578
-0.10947,-0.01876,0.46979
-0.10664,-0.01898,0.46365
-0.10661,-0.01973,0.4637
-0.11038,-0.01926,0.46251
-0.10952,-0.0195,0.46394
-0.11374,-0.01928,0.47103
-0.11426,-0.01869,0.46252
-0.11289,-0.01764,0.46975
-0.10802,-0.00674,0.47006
-0.11556,-0.00645,0.4702
-0.11555,-0.02189,0.4698
-0.12203,-0.01,0.47013
-0.11975,-0.00823,0.4719
-0.11152,-0.00613,0.47195
-0.11351,-0.02132,0.47156
-0.12667,-0.01677,0.47193
-0.12552,-0.02726,0.47197
-0.11975,-0.03365,0.47199
-0.1126,-0.02407,0.46252
-0.11222,-0.02126,0.47179
-0.10905,-0.02142,0.46372
-0.10896,-0.02193,0.4634
-0.10886,-0.02244,0.46308
-0.11163,-0.02424,0.4698
-0.11156,-0.03578,0.47012
-0.12199,-0.0324,0.47013
-0.12659,-0.02384,0.47016
-0.12622,-0.01629,0.47016
-0.11151,-0.03579,0.47193
-0.10439,-0.03355,0.47192
0.11507,0.03368,0.3392
0.11648,0.03456,0.34798
0.11389,0.03225,0.34828
0.11395,0.03117,0.33907
0.11645,0.02955,0.34772
0.11442,0.03041,0.34696
0.1156,0.03045,0.34791
0.11454,0.03371,0.34708
0.11475,0.03302,0.34818
0.11357,0.03144,0.35109
0.11561,0.03379,0.34808
0.11474,0.03135,0.34809
0.11647,0.03289,0.34789
0.1181,0.03246,0.34805
0.1181,0.03433,0.35107
0.11892,0.03142,0.34808
0.11727,0.03017,0.34784
0.11661,0.02949,0.33907
0.11896,0.03175,0.33908
0.11789,0.03389,0.33906
0.11887,0.0329,0.34667
0.1181,0.0308,0.34796
0.11729,0.03351,0.34801
0.11793,0.02993,0.35108
0.11646,0.03122,0.34781
0.11835,0.03297,0.33907
0.11628,0.03377,0.33914
0.11637,0.03304,0.33916
0.11818,0.031,0.33907
0.11622,0.03054,0.3391
0.11653,0.02952,0.34339
0.11432,0.03201,0.33911
0.11547,0.03021,0.33907
0.11471,0.03069,0.33907
0.1147,0.03285,0.33916
0.11588,0.03374,0.33916
0.11857,0.03137,0.33908
0.11689,0.03473,0.33378
0.11749,0.03386,0.33908
0.11881,0.03206,0.33907
0.11646,0.03447,0.33405
0.11708,0.03383,0.3391
0.11818,0.03187,0.33416
0.11866,0.03236,0.33907
0.11739,0.03025,0.33907
0.11577,0.034,0.34667
0.11668,0.0338,0.33912
0.11834,0.03161,0.34667
0.1185,0.03267,0.33907
0.11743,0.03203,0.33921
0.11879,0.03303,0.33777
0.11597,0.03458,0.3379
0.1182,0.03328,0.33906
0.11807,0.03279,0.33944
0.11547,0.03371,0.33918
0.11804,0.03358,0.33906
0.11698,0.03017,0.33935
0.11638,0.03052,0.33934
0.1146,0.03158,0.33931
0.11725,0.03169,0.33906
0.11455,0.032,0.33922
0.11451,0.03243,0.33913
0.11521,0.03039,0.34668
0.11579,0.03087,0.33933
0.11623,0.02973,0.33907
0.11491,0.03298,0.33923
0.11458,0.03167,0.3448
0.1159,0.03389,0.34473
0.11476,0.03228,0.33927
0.1166,0.03003,0.3449
0.11438,0.03144,0.33923
0.11509,0.03045,0.33907
0.1156,0.03053,0.33919
0.11417,0.0313,0.33915
0.11519,0.03122,0.33932
0.11546,0.03067,0.33921
0.11673,0.02972,0.33916
0.11685,0.02994,0.33926
0.11471,0.0327,0.33918
0.11817,0.03235,0.34472
0.11514,0.03273,0.34634
0.11758,0.03296,0.34629
0.11659,0.03092,0.34661
0.11637,0.02972,0.33409
0.11455,0.03198,0.33415
0.11644,0.03328,0.33406
0.11773,0.03133,0.33414
0.11503,0.0326,0.33413
0.11454,0.03096,0.33807
0.11546,0.03085,0.33412
0.11831,0.03138,0.33806
0.11727,0.03079,0.33413
0.11639,0.03091,0.33408
0.11653,0.0293,0.33797
0.11383,0.03121,0.33779
0.11592,0.03028,0.33411
0.11642,0.03209,0.33407
0.11682,0.03026,0.33411
0.11501,0.03141,0.33414
0.11689,0.03382,0.33408
0.11732,0.03317,0.33411
0.11551,0.03322,0.3341
0.11639,0.03395,0.33806
0.11599,0.03384,0.33408
0.11775,0.03252,0.33414
0.11575,0.03348,0.33425
0.11414,0.03159,0.33909
0.11585,0.02997,0.33907
0.1183,0.03122,0.33917
0.11778,0.03062,0.33907
0.11764,0.03069,0.33926
0.11738,0.03039,0.33921
0.11771,0.03066,0.33917
0.11766,0.0324,0.33912
0.117,0.02987,0.33907
0.11584,0.03159,0.33913
0.11679,0.02984,0.33328
0.11488,0.03326,0.33918
0.11433,0.03093,0.33907
0.11374,0.03264,0.33391
0.11502,0.03033,0.33336
0.11475,0.03267,0.33271
0.11471,0.03184,0.33035
0.11673,0.03375,0.33278
0.11732,0.03347,0.33035
0.11858,0.03179,0.33328
0.11728,0.03076,0.33035
0.11611,0.03171,0.3317
0.11752,0.03158,0.33305
0.11515,0.03247,0.33306
0.11545,0.03264,0.33917
-0.11371,-0.01976,0.47103
-0.114,-0.02032,0.47103
-0.1141,-0.02094,0.47103
-0.11326,-0.01932,0.47103
-0.1127,-0.01903,0.47103
-0.11208,-0.01894,0.47102
-0.11146,-0.01904,0.47102
-0.1109,-0.01933,0.47102
-0.114,-0.02157,0.47103
-0.11422,-0.0217,0.3709
-0.11422,-0.02045,0.3709
-0.11432,-0.02107,0.3709
-0.11393,-0.01989,0.3709
-0.1123,-0.01907,0.3709
-0.11348,-0.01945,0.3709
-0.11429,-0.02092,0.3709
-0.11112,-0.01946,0.37089
-0.11236,-0.01927,0.3709
-0.11407,-0.02017,0.3709
-0.11368,-0.02219,0.37053
-0.11029,-0.02109,0.3709
-0.11427,-0.02076,0.3709
-0.11417,-0.02042,0.39493
-0.114,-0.02003,0.3709
-0.11424,-0.02061,0.3709
-0.11231,-0.02309,0.3709
-0.11415,-0.02031,0.3709
-0.11017,-0.02034,0.47102
-0.11007,-0.02096,0.47102
-0.11018,-0.02158,0.47102
-0.11039,-0.02171,0.3709
-0.11058,-0.02093,0.3709
-0.1109,-0.01968,0.37089
-0.11174,-0.01936,0.3709
-0.11067,-0.0199,0.37089
-0.11063,-0.02042,0.37089
-0.11118,-0.0224,0.3709
-0.11131,-0.02255,0.3709
-0.11081,-0.0223,0.3709
-0.11068,-0.02227,0.3709
-0.11169,-0.023,0.3709
-0.11051,-0.02097,0.3709
-0.11189,-0.02027,0.3709
-0.10954,-0.02069,0.39487
-0.11034,-0.02043,0.39493
-0.11037,-0.02105,0.3709
-0.11034,-0.02168,0.39493
-0.11037,-0.02155,0.3709
-0.11293,-0.02299,0.3709
-0.11321,-0.02285,0.3709
-0.11262,-0.02304,0.3709
-0.1113,-0.02209,0.3709
-0.11349,-0.0227,0.3709
-0.11359,-0.02245,0.37072
-0.11395,-0.02194,0.37072
-0.11427,-0.02138,0.3709
-0.11371,-0.01967,0.3709
-0.11292,-0.01936,0.3709
-0.11044,-0.02101,0.3709
-0.11034,-0.0214,0.3709
-0.11032,-0.02124,0.3709
-0.11049,-0.02168,0.3709
-0.11093,-0.02234,0.3709
-0.11074,-0.02175,0.3709
-0.11143,-0.0227,0.3709
-0.11099,-0.02204,0.3709
-0.112,-0.02305,0.3709
-0.11174,-0.02275,0.3709
-0.113,-0.02264,0.37072
-0.11047,-0.02185,0.3709
-0.11091,-0.02258,0.47103
-0.11054,-0.02199,0.3709
-0.11108,-0.02268,0.39493
-0.11063,-0.02224,0.39493
-0.11061,-0.02213,0.3709
-0.11105,-0.02237,0.3709
-0.11046,-0.02214,0.47103
-0.11147,-0.02287,0.47103
-0.11328,-0.02258,0.47103
-0.11209,-0.02296,0.47103
-0.11272,-0.02286,0.47103
-0.11045,-0.01977,0.47102
-0.11372,-0.02213,0.47103
-0.11081,-0.02337,0.39486
-0.11164,-0.02297,0.39493
-0.11156,-0.02285,0.3709
-0.11226,-0.02354,0.39493
-0.11226,-0.02306,0.39493
-0.11216,-0.02307,0.3709
-0.11278,-0.02302,0.3709
-0.11288,-0.02296,0.39493
-0.11335,-0.02278,0.3709
-0.11344,-0.02267,0.39493
-0.11432,-0.02241,0.39494
-0.11416,-0.02372,0.39126
-0.11459,-0.02028,0.39493
-0.11503,-0.01955,0.3914
-0.11417,-0.02166,0.39494
-0.11389,-0.02223,0.39494
-0.11517,-0.02253,0.36991
-0.11369,-0.01906,0.3699
-0.11169,-0.01834,0.39486
-0.11324,-0.01893,0.39494
-0.11388,-0.01986,0.39493
-0.11287,-0.01913,0.39493
-0.11225,-0.01904,0.39493
-0.11231,-0.01912,0.3709
-0.11264,-0.01932,0.3709
-0.11162,-0.01914,0.39493
-0.11106,-0.01943,0.39493
-0.11168,-0.01917,0.3709
-0.11183,-0.01914,0.3709
-0.11171,-0.01926,0.3709
-0.11218,-0.0192,0.3709
-0.11199,-0.01912,0.3709
-0.11191,-0.0192,0.3709
-0.1114,-0.01931,0.3709
-0.11126,-0.01938,0.37089
-0.11188,-0.01929,0.3709
-0.11214,-0.01909,0.3709
-0.11154,-0.01924,0.3709
-0.11213,-0.01924,0.3709
-0.11141,-0.01936,0.3709
-0.11143,-0.01941,0.3709
-0.11235,-0.01922,0.3709
-0.11233,-0.01917,0.3709
-0.11216,-0.01914,0.3709
-0.11078,-0.01979,0.37089
-0.11014,-0.02006,0.39493
-0.11149,-0.0215,0.3709
-0.11061,-0.02067,0.3709
-0.11359,-0.01956,0.3709
-0.11027,-0.01815,0.3749
-0.11041,-0.01773,0.36989
-0.11056,-0.02408,0.3749
-0.10966,-0.01595,0.37122
-0.1095,-0.0132,0.37473
-0.11028,-0.01513,0.37404
-0.10882,-0.02936,0.37467
-0.10882,-0.02825,0.37142
-0.10958,-0.0295,0.37025
-0.11032,-0.0287,0.37355
-0.10882,-0.02736,0.37392
-0.10878,-0.0154,0.37398
-0.11031,-0.02599,0.37355
-0.11032,-0.02697,0.37098
-0.11045,-0.02442,0.3699
-0.10881,-0.02566,0.37186
-0.10877,-0.01233,0.37034
-0.10878,-0.01383,0.3715
-0.1105,-0.02128,0.36989
-0.11028,-0.0135,0.37112
-0.11409,-0.02182,0.37081
-0.11363,-0.02232,0.37062
-0.11427,-0.02104,0.39493
-0.11429,-0.02123,0.3709
-0.11354,-0.02258,0.37081
-0.11307,-0.02292,0.3709
-0.11231,-0.02108,0.3709
-0.11247,-0.02307,0.3709
-0.1129,-0.02127,0.3709
-0.11185,-0.02302,0.3709
-0.11065,-0.02016,0.37089
-0.11425,-0.02154,0.3709
-0.11381,-0.02207,0.37062
-0.11101,-0.01957,0.37089
-0.1123,-0.01945,0.3709
-0.11216,-0.01943,0.3709
-0.1132,-0.0194,0.3709
-0.11205,-0.01932,0.3709
-0.11263,-0.01936,0.3709
-0.11382,-0.01978,0.3709
-0.06991,0.05979,0.3692
-0.06997,0.05987,0.3692
-0.06968,0.06023,0.3692
-0.06983,0.05975,0.3692
-0.06968,0.05975,0.3692
-0.06963,0.05977,0.3692
-0.06951,0.05992,0.3692
-0.0696,0.06018,0.3692
-0.06967,0.06023,0.37377
-0.06987,0.0602,0.3692
-0.06982,0.06023,0.37377
-0.06995,0.06014,0.3692
-0.06987,0.06026,0.36806
-0.06981,0.06023,0.3692
-0.06993,0.06032,0.36739
-0.06977,0.06026,0.36805
-0.06972,0.06025,0.36805
-0.06964,0.0602,0.3692
-0.06978,0.06021,0.3692
-0.06987,0.06023,0.36863
-0.07002,0.06015,0.36807
-0.07013,0.06023,0.36732
-0.06991,0.06017,0.3692
-0.07065,0.06081,0.36588
-0.07005,0.05996,0.36806
-0.07004,0.0598,0.36712
-0.06978,0.0603,0.36721
-0.07228,0.06173,0.36578
-0.07191,0.06157,0.36605
-0.07078,0.06041,0.36539
-0.07072,0.06061,0.36563
-0.06967,0.06012,0.36719
-0.06951,0.06001,0.3692
-0.0696,0.06016,0.36803
-0.06964,0.06014,0.36761
-0.06956,0.06003,0.36802
-0.06956,0.06008,0.36862
-0.06963,0.05984,0.36802
-0.06951,0.05995,0.3692
-0.06978,0.05977,0.36802
-0.06975,0.05975,0.3692
-0.06966,0.05976,0.3692
-0.06957,0.05984,0.3692
-0.06985,0.05977,0.36803
-0.06998,0.05984,0.36805
-0.06987,0.05977,0.3692
-0.07003,0.05991,0.36806
-0.06994,0.05983,0.3692
-0.06996,0.06,0.3692
-0.06955,0.0601,0.3692
-0.06952,0.06011,0.37377
-0.0695,0.05992,0.37377
-0.06952,0.05988,0.37377
-0.0695,0.05993,0.37591
-0.0695,0.06007,0.37591
-0.06952,0.05996,0.37792
-0.06952,0.06012,0.37591
-0.06958,0.06015,0.37792
-0.06953,0.06006,0.37792
-0.06967,0.06024,0.37591
-0.0697,0.06023,0.37791
-0.06974,0.05998,0.3793
-0.06982,0.06011,0.37929
-0.07024,0.05999,0.3805
-0.0702,0.05997,0.38051
-0.0699,0.06015,0.37927
-0.07075,0.05976,0.38158
-0.07014,0.05989,0.38053
-0.07042,0.05979,0.38106
-0.07066,0.05954,0.38159
-0.07011,0.05974,0.38052
-0.07133,0.05939,0.38251
-0.07069,0.05968,0.3816
-0.07146,0.0595,0.38251
-0.07101,0.05954,0.38206
-0.07225,0.0591,0.38332
-0.07136,0.05927,0.38252
-0.0725,0.05896,0.38344
-0.07321,0.05868,0.38397
-0.07179,0.05924,0.38292
-0.07319,0.05863,0.38396
-0.0743,0.05827,0.3845
-0.07327,0.05881,0.38394
-0.07273,0.05889,0.38364
-0.07233,0.05921,0.38327
-0.0733,0.05884,0.38391
-0.07438,0.05843,0.38444
-0.07432,0.05831,0.3845
-0.07551,0.05786,0.3849
-0.07547,0.05776,0.3849
-0.07674,0.05719,0.38516
-0.07682,0.05741,0.38519
-0.07557,0.05798,0.38484
-0.07685,0.05748,0.38514
-0.07559,0.058,0.38481
-0.07441,0.05846,0.3844
-0.0734,0.05889,0.38376
-0.07447,0.05849,0.38428
-0.07448,0.05848,0.38423
-0.07342,0.05888,0.38372
-0.0725,0.05921,0.38305
-0.07346,0.0588,0.3836
-0.0745,0.05836,0.38408
-0.0745,0.05843,0.38414
-0.07346,0.05872,0.38355
-0.07254,0.05907,0.38294
-0.07566,0.05799,0.38454
-0.07692,0.05754,0.38492
-0.07691,0.05755,0.38497
-0.07692,0.05748,0.38479
-0.07566,0.05792,0.38447
-0.07827,0.05702,0.38512
-0.07968,0.05645,0.38517
-0.07968,0.05646,0.38532
-0.07823,0.05698,0.3853
-0.07827,0.05701,0.38507
-0.07826,0.05696,0.38499
-0.0769,0.0574,0.38474
-0.0782,0.0568,0.38491
-0.07964,0.05634,0.38504
-0.07968,0.05643,0.38513
-0.07963,0.05629,0.38502
-0.0811,0.05571,0.38504
-0.08116,0.05585,0.38515
-0.08424,0.05459,0.38493
-0.08117,0.05589,0.3853
-0.08428,0.05465,0.38506
-0.08427,0.05457,0.38528
-0.08115,0.05584,0.38543
-0.08114,0.05581,0.38546
-0.07965,0.0564,0.38544
-0.07962,0.05632,0.38549
-0.07822,0.05696,0.38534
-0.0811,0.05569,0.38553
-0.0796,0.05627,0.38551
-0.07816,0.05683,0.3854
-0.07958,0.05623,0.38551
-0.07955,0.05614,0.38548
-0.0781,0.05666,0.38535
-0.08103,0.05551,0.38548
-0.07809,0.05663,0.38532
-0.07952,0.05607,0.38543
-0.07808,0.05656,0.38519
-0.0795,0.05601,0.3853
-0.081,0.05546,0.38541
-0.0781,0.05658,0.38505
-0.07952,0.05603,0.38515
-0.08099,0.05542,0.38527
-0.081,0.05547,0.38513
-0.08409,0.05419,0.38503
-0.0841,0.05418,0.38514
-0.08732,0.05293,0.38452
-0.0841,0.05423,0.38495
-0.08732,0.05288,0.3847
-0.08732,0.05296,0.38448
-0.09056,0.05158,0.38389
-0.09057,0.05152,0.38402
-0.09377,0.05016,0.38326
-0.09058,0.05152,0.38407
-0.09382,0.05018,0.3834
-0.09377,0.05024,0.38309
-0.09682,0.04886,0.38228
-0.09682,0.04881,0.38236
-0.09684,0.0488,0.38246
-0.0997,0.04747,0.38158
-0.10232,0.04617,0.3807
-0.09976,0.04751,0.38171
-0.09968,0.04756,0.38137
-0.10231,0.04618,0.38065
-0.10229,0.04621,0.38056
-0.09686,0.04902,0.38218
-0.09972,0.04769,0.3813
-0.10229,0.04623,0.38052
-0.10234,0.04639,0.38042
-0.10466,0.04502,0.37961
-0.10465,0.04498,0.37964
-0.1057,0.04424,0.37941
-0.10569,0.0443,0.37928
-0.10466,0.04489,0.3798
-0.10579,0.04428,0.37958
-0.10666,0.04357,0.37909
-0.10663,0.04359,0.379
-0.10665,0.04366,0.37888
-0.10666,0.04369,0.37885
-0.10716,0.04341,0.37859
-0.10713,0.04318,0.37902
-0.1075,0.04266,0.37864
-0.10682,0.04369,0.37928
-0.10678,0.04385,0.37932
-0.10734,0.04352,0.37911
-0.10759,0.04264,0.37882
-0.10676,0.04363,0.37924
-0.10668,0.04357,0.37914
-0.10582,0.0443,0.37961
-0.1059,0.04441,0.37965
-0.10479,0.04498,0.38003
-0.10482,0.04502,0.38004
-0.10249,0.04635,0.3809
-0.10241,0.04624,0.38085
-0.10472,0.04491,0.37994
-0.10469,0.04489,0.3799
-0.09986,0.04766,0.38178
-0.09979,0.04754,0.38173
-0.09692,0.04887,0.38262
-0.09694,0.0489,0.38264
-0.09386,0.05023,0.38347
-0.09392,0.05035,0.38351
-0.09065,0.0516,0.38423
-0.09063,0.05157,0.3842
-0.08735,0.0529,0.3848
-0.08739,0.05296,0.38486
-0.08734,0.05288,0.38475
-0.08417,0.05431,0.38532
-0.08418,0.05435,0.38534
-0.08422,0.05444,0.38535
-0.08424,0.05449,0.38533
-0.08744,0.05308,0.38491
-0.08746,0.05313,0.38491
-0.0875,0.05325,0.38485
-0.09077,0.0519,0.38422
-0.09073,0.05177,0.38428
-0.08751,0.05328,0.38481
-0.09396,0.05044,0.3835
-0.09398,0.05052,0.38345
-0.09703,0.04908,0.38265
-0.09699,0.04899,0.38266
-0.09992,0.04783,0.38171
-0.09705,0.04916,0.3826
-0.10255,0.04653,0.38083
-0.09992,0.04789,0.38164
-0.10251,0.0464,0.38089
-0.09705,0.0492,0.38257
-0.10487,0.04511,0.38005
-0.10489,0.04515,0.38003
-0.10595,0.0445,0.37963
-0.10493,0.04529,0.37991
-0.10597,0.04454,0.37961
-0.10599,0.04465,0.37946
-0.10694,0.04385,0.37924
-0.10492,0.04531,0.37986
-0.10596,0.04467,0.37937
-0.10696,0.04391,0.37917
-0.10695,0.04388,0.37921
-0.10696,0.04395,0.37909
-0.1049,0.04533,0.37977
-0.10483,0.04529,0.37964
-0.10592,0.04465,0.37928
-0.10689,0.04396,0.3789
-0.10731,0.04367,0.37886
-0.10784,0.043,0.37851
-0.10793,0.04291,0.3788
-0.10626,0.04437,0.37892
-0.10717,0.04359,0.37894
-0.10723,0.04368,0.37873
-0.1073,0.04314,0.37873
-0.10778,0.04267,0.3784
-0.10783,0.04268,0.37841
-0.1079,0.04214,0.37841
-0.10794,0.04214,0.37843
-0.10784,0.04284,0.37846
-0.10785,0.04268,0.37841
-0.10799,0.04271,0.37854
-0.10801,0.04271,0.37861
-0.108,0.04271,0.37856
-0.1078,0.04214,0.37839
-0.10771,0.04214,0.37841
-0.10791,0.03942,0.37842
-0.10774,0.03942,0.3784
-0.10792,0.03914,0.37843
-0.10784,0.03907,0.3784
-0.10762,0.03848,0.37839
-0.10769,0.03917,0.37841
-0.10771,0.04078,0.37841
-0.10772,0.03942,0.37841
-0.1077,0.03997,0.37841
-0.10755,0.0391,0.3785
-0.10771,0.03929,0.37841
-0.10759,0.04214,0.3785
-0.10764,0.03942,0.37846
-0.10759,0.04051,0.37853
-0.10758,0.03942,0.37854
-0.10758,0.04248,0.3785
-0.10758,0.04101,0.37853
-0.10758,0.0426,0.37851
-0.10758,0.04089,0.37852
-0.10758,0.04237,0.3785
-0.10757,0.04214,0.37854
-0.10758,0.0418,0.37852
-0.10756,0.04214,0.37868
-0.10757,0.03942,0.3787
-0.10759,0.04044,0.37851
-0.10759,0.03928,0.37852
-0.10759,0.0416,0.37851
-0.10759,0.04105,0.37852
-0.10759,0.04226,0.3785
-0.10758,0.04021,0.37854
-0.10758,0.03996,0.37854
-0.10759,0.04084,0.37852
-0.10755,0.03923,0.37861
-0.10758,0.03935,0.37853
-0.10758,0.04123,0.37852
-0.10759,0.04171,0.37851
-0.10759,0.04111,0.37852
-0.10758,0.03924,0.37878
-0.10746,0.03895,0.37878
-0.10761,0.03933,0.3788
-0.10763,0.03942,0.37882
-0.10762,0.04024,0.37881
-0.10765,0.04123,0.37884
-0.10768,0.03942,0.37886
-0.10766,0.04214,0.37885
-0.10765,0.04258,0.37885
-0.10759,0.04243,0.37878
-0.10772,0.04214,0.37888
-0.10757,0.04214,0.37873
-0.10764,0.04033,0.37883
-0.10763,0.04091,0.37883
-0.10763,0.04239,0.37883
-0.10768,0.04258,0.37888
-0.1078,0.04214,0.37889
-0.10782,0.04262,0.37889
-0.10789,0.04214,0.37887
-0.1078,0.03942,0.37889
-0.10789,0.03942,0.37888
-0.10783,0.03908,0.37889
-0.10771,0.03911,0.37889
-0.10776,0.03909,0.37889
-0.10795,0.03942,0.37885
-0.1079,0.03905,0.37885
-0.1069,0.03838,0.37879
-0.10794,0.04214,0.37885
-0.10801,0.04214,0.37878
-0.10801,0.04123,0.37878
-0.10802,0.03942,0.37878
-0.10801,0.03927,0.37878
-0.108,0.03912,0.37878
-0.10791,0.04265,0.37886
-0.10804,0.03942,0.37874
-0.10803,0.04214,0.37874
-0.10805,0.03942,0.3786
-0.10805,0.03933,0.37865
-0.10805,0.03924,0.37869
-0.10804,0.03909,0.37863
-0.10805,0.03942,0.37856
-0.10803,0.03922,0.37855
-0.10797,0.03904,0.37849
-0.10798,0.03923,0.37848
-0.10796,0.04014,0.37847
-0.10795,0.04123,0.37844
-0.10799,0.03942,0.37847
-0.10795,0.03942,0.37844
-0.10797,0.04033,0.37846
-0.10802,0.04214,0.37853
-0.10804,0.04214,0.37856
-0.10801,0.0427,0.37871
-0.10805,0.04078,0.37858
-0.108,0.04269,0.37875
-0.10789,0.04241,0.37842
-0.10794,0.04091,0.37845
-0.10797,0.04253,0.37879
-0.10799,0.04097,0.37878
-0.10801,0.04033,0.37878
-0.10799,0.04143,0.37878
-0.10754,0.04257,0.37861
-0.10755,0.04243,0.37863
-0.10769,0.04264,0.37842
-0.10714,0.0436,0.37853
-0.10696,0.04355,0.37849
-0.10695,0.04339,0.37854
-0.1069,0.0433,0.37871
-0.10773,0.04318,0.37865
-0.10816,0.04151,0.37855
-0.1076,0.04187,0.37871
-0.10719,0.04365,0.37859
-0.10751,0.04316,0.37869
-0.10692,0.04331,0.37885
-0.10696,0.04335,0.37892
-0.10699,0.04347,0.37899
-0.10612,0.04413,0.37908
-0.1062,0.04426,0.37905
-0.10493,0.04475,0.37914
-0.10495,0.04479,0.37915
-0.10604,0.04402,0.37901
-0.10504,0.04496,0.37911
-0.10489,0.04467,0.37908
-0.10603,0.044,0.37898
-0.10486,0.04463,0.37901
-0.10599,0.04397,0.37879
-0.10485,0.04461,0.37886
-0.106,0.044,0.3787
-0.10355,0.04522,0.3789
-0.10356,0.04524,0.37905
-0.10357,0.04528,0.37876
-0.10487,0.04467,0.37873
-0.10359,0.04532,0.37873
-0.10491,0.04474,0.37868
-0.10493,0.04478,0.37866
-0.10603,0.04406,0.37863
-0.1061,0.04417,0.37858
-0.10613,0.04422,0.37858
-0.10497,0.04487,0.37866
-0.10616,0.04426,0.3786
-0.10503,0.04499,0.37872
-0.10622,0.04435,0.37868
-0.10505,0.04501,0.37876
-0.10625,0.04438,0.37877
-0.10373,0.04564,0.37879
-0.10374,0.04566,0.37903
-0.10508,0.04505,0.37889
-0.10506,0.04502,0.37904
-0.10372,0.04561,0.37911
-0.10622,0.04429,0.37903
-0.10371,0.04558,0.37914
-0.10233,0.04626,0.37896
-0.10089,0.04677,0.37872
-0.10233,0.04624,0.37881
-0.10087,0.04678,0.37891
-0.10085,0.04673,0.379
-0.10229,0.04616,0.37912
-0.09944,0.04728,0.37868
-0.09943,0.04727,0.37873
-0.09805,0.04773,0.37834
-0.09937,0.04716,0.37886
-0.09796,0.04761,0.37857
-0.09935,0.04712,0.37888
-0.09794,0.04757,0.37859
-0.09662,0.04801,0.37816
-0.0954,0.04835,0.37762
-0.09659,0.04792,0.37819
-0.09549,0.04846,0.3775
-0.09674,0.04812,0.37794
-0.09547,0.04844,0.37754
-0.09432,0.04865,0.37693
-0.0944,0.04873,0.37686
-0.09428,0.04856,0.37695
-0.09535,0.04822,0.37764
-0.09356,0.04897,0.37599
-0.09447,0.04875,0.37678
-0.09345,0.04891,0.37607
-0.09364,0.04897,0.37593
-0.09453,0.04873,0.3767
-0.09302,0.04911,0.37493
-0.0937,0.04892,0.37586
-0.09293,0.04914,0.37498
-0.09458,0.04864,0.37661
-0.09374,0.04886,0.37582
-0.09308,0.04906,0.37489
-0.09312,0.04893,0.37485
-0.09375,0.04877,0.37578
-0.0931,0.04902,0.37488
-0.09266,0.04916,0.37379
-0.09249,0.0492,0.37254
-0.09251,0.04916,0.37254
-0.09254,0.04901,0.37253
-0.0925,0.04925,0.37383
-0.09271,0.04903,0.37376
-0.09254,0.04901,0.36926
-0.09249,0.04888,0.36926
-0.09253,0.04912,0.36926
-0.09271,0.04897,0.37376
-0.09248,0.04887,0.37253
-0.09268,0.04888,0.37376
-0.09311,0.04882,0.37485
-0.09303,0.04871,0.37487
-0.09372,0.04862,0.37578
-0.09374,0.04867,0.37577
-0.09287,0.04865,0.37495
-0.09364,0.04852,0.37583
-0.09262,0.04881,0.37378
-0.0936,0.0485,0.37585
-0.09441,0.04826,0.37669
-0.09453,0.04836,0.37658
-0.09457,0.04845,0.37656
-0.09556,0.04813,0.37721
-0.09552,0.04805,0.37724
-0.09547,0.048,0.37731
-0.09666,0.04769,0.37779
-0.09668,0.04772,0.37776
-0.09796,0.0473,0.37819
-0.09797,0.04733,0.37816
-0.09674,0.04784,0.37772
-0.09557,0.04817,0.3772
-0.09803,0.04746,0.37811
-0.09675,0.04789,0.37772
-0.09559,0.04827,0.37721
-0.09677,0.04803,0.37778
-0.09804,0.04751,0.37811
-0.09677,0.04806,0.37781
-0.09807,0.04767,0.37821
-0.09943,0.04712,0.37841
-0.09945,0.04726,0.37853
-0.10078,0.04645,0.3786
-0.10085,0.04664,0.37859
-0.09937,0.04693,0.37842
-0.10086,0.04668,0.37861
-0.10087,0.04672,0.37864
-0.10221,0.04592,0.37869
-0.10224,0.04601,0.37867
-0.10226,0.04606,0.37867
-0.10231,0.04618,0.37874
-0.10366,0.04549,0.37869
-0.10371,0.04561,0.37876
-0.10077,0.04641,0.37862
-0.10217,0.04583,0.37878
-0.10074,0.04636,0.37869
-0.10215,0.04579,0.37893
-0.09931,0.04682,0.37855
-0.10072,0.04632,0.37879
-0.09791,0.04725,0.37832
-0.09929,0.04681,0.37865
-0.09935,0.0469,0.37844
-0.10072,0.04637,0.37897
-0.09788,0.04728,0.37846
-0.09928,0.04684,0.37875
-0.10077,0.04653,0.37907
-0.0993,0.04697,0.37887
-0.09789,0.04738,0.37856
-0.09788,0.04731,0.3785
-0.09656,0.04782,0.37817
-0.09534,0.04812,0.37761
-0.09657,0.04787,0.37819
-0.09791,0.04747,0.3786
-0.09656,0.04767,0.37806
-0.09536,0.04802,0.37752
-0.09535,0.04805,0.37756
-0.09539,0.04798,0.37744
-0.0943,0.0483,0.37684
-0.09542,0.04798,0.37739
-0.0966,0.04764,0.37792
-0.09429,0.04833,0.37687
-0.09342,0.04853,0.37601
-0.09356,0.04849,0.37588
-0.09352,0.04848,0.37592
-0.09275,0.0487,0.37502
-0.09268,0.04882,0.37507
-0.09337,0.04869,0.37609
-0.09244,0.04875,0.37382
-0.09228,0.04885,0.37386
-0.09223,0.04903,0.37389
-0.09268,0.04887,0.37508
-0.09271,0.04902,0.37508
-0.09337,0.04874,0.3761
-0.09343,0.04888,0.37609
-0.09427,0.04851,0.37695
-0.09427,0.04841,0.37692
-0.09274,0.04906,0.37507
-0.09232,0.0492,0.37387
-0.09236,0.04922,0.37387
-0.09284,0.04913,0.37503
-0.09214,0.04924,0.37254
-0.09245,0.04925,0.37385
-0.09232,0.04929,0.37254
-0.09222,0.04928,0.37254
-0.09221,0.04928,0.36926
-0.09214,0.04924,0.36926
-0.0922,0.04931,0.36876
-0.09224,0.04932,0.36876
-0.09237,0.0488,0.36926
-0.09225,0.04928,0.36926
-0.09252,0.04906,0.36926
-0.09228,0.04918,0.36926
-0.09218,0.04926,0.36926
-0.09233,0.04928,0.36926
-0.09235,0.04908,0.36926
-0.09229,0.04928,0.36926
-0.09242,0.04898,0.36926
-0.09237,0.0492,0.36926
-0.0925,0.04894,0.36926
-0.09249,0.04919,0.36926
-0.09237,0.04928,0.36926
-0.09229,0.04932,0.36876
-0.09217,0.0494,0.36831
-0.09231,0.04941,0.36828
-0.09214,0.04982,0.3673
-0.09236,0.04939,0.36828
-0.09243,0.04941,0.36776
-0.09248,0.04925,0.36823
-0.0925,0.04921,0.36822
-0.09223,0.04923,0.36724
-0.0917,0.05061,0.36544
-0.09198,0.04916,0.36782
-0.09214,0.04895,0.36818
-0.09219,0.04893,0.36818
-0.09245,0.04902,0.36818
-0.09247,0.04907,0.36818
-0.09238,0.0489,0.36831
-0.09188,0.0498,0.36716
-0.092,0.04922,0.36826
-0.092,0.04913,0.36824
-0.09205,0.04896,0.36926
-0.09214,0.04884,0.36926
-0.09204,0.04904,0.36926
-0.09209,0.04919,0.36926
-0.09228,0.04882,0.36869
-0.09229,0.04879,0.36926
-0.0921,0.0489,0.36926
-0.09222,0.04882,0.36926
-0.0923,0.04879,0.37254
-0.09226,0.0488,0.37254
-0.09212,0.04886,0.37254
-0.09205,0.04902,0.37255
-0.09205,0.049,0.36926
-0.09204,0.04905,0.37255
-0.09208,0.04917,0.37255
-0.09224,0.04908,0.37389
-0.09207,0.04911,0.36926
-0.09236,0.0488,0.37254
-0.09233,0.0488,0.36926
-0.09236,0.04884,0.36869
-0.09205,0.04931,0.36828
-0.09243,0.04884,0.36926
-0.09156,0.0512,0.36575
-0.09062,0.05401,0.36461
-0.09163,0.0509,0.36559
-0.09116,0.05231,0.36502
-0.09055,0.05384,0.36405
-0.08981,0.056,0.36513
-0.08974,0.05574,0.36529
-0.08987,0.05626,0.36498
-0.09059,0.05392,0.36433
-0.08988,0.05604,0.36705
-0.08998,0.05642,0.36714
-0.08944,0.05628,0.36703
-0.08967,0.05599,0.36702
-0.08962,0.05602,0.36794
-0.08951,0.05612,0.36794
-0.08964,0.05648,0.36704
-0.08947,0.05627,0.3694
-0.08956,0.05644,0.36794
-0.0895,0.05636,0.36794
-0.08949,0.05617,0.36989
-0.0895,0.05636,0.36989
-0.08956,0.05644,0.36989
-0.08951,0.05641,0.37407
-0.08949,0.05636,0.37407
-0.08947,0.05622,0.37407
-0.08946,0.05632,0.38154
-0.08946,0.0563,0.38154
-0.08948,0.05617,0.37407
-0.08945,0.05623,0.38154
-0.08965,0.0564,0.38154
-0.0899,0.05641,0.38154
-0.08966,0.05651,0.38154
-0.08954,0.05613,0.38154
-0.08956,0.05642,0.38154
-0.08962,0.05603,0.38154
-0.08984,0.05647,0.38154
-0.08949,0.05618,0.38154
-0.08975,0.05635,0.38154
-0.08945,0.05635,0.38655
-0.08945,0.05623,0.38655
-0.08945,0.05628,0.38154
-0.08948,0.05612,0.38655
-0.08948,0.05614,0.38655
-0.08945,0.05619,0.38655
-0.0896,0.05629,0.38154
-0.08958,0.05608,0.38154
-0.08945,0.05625,0.38154
-0.08976,0.05651,0.38154
-0.08975,0.05649,0.38154
-0.08989,0.05633,0.38154
-0.0899,0.05642,0.37407
-0.08989,0.05643,0.38154
-0.08982,0.05648,0.37407
-0.08982,0.05648,0.38154
-0.08989,0.05642,0.38655
-0.0898,0.05649,0.38154
-0.08987,0.05644,0.38154
-0.08994,0.05619,0.38154
-0.08991,0.05636,0.38154
-0.08986,0.05645,0.38154
-0.08978,0.0565,0.38154
-0.08974,0.05602,0.38154
-0.08982,0.05605,0.38154
-0.0895,0.05642,0.38154
-0.08959,0.05647,0.37407
-0.08949,0.05639,0.38154
-0.08963,0.05649,0.37407
-0.08962,0.05649,0.38154
-0.0897,0.05641,0.38154
-0.08961,0.05651,0.38655
-0.08956,0.05648,0.38655
-0.08958,0.05646,0.38154
-0.08948,0.05637,0.38154
-0.08947,0.05638,0.38655
-0.08954,0.05647,0.38655
-0.08954,0.05644,0.38154
-0.08991,0.05615,0.38154
-0.08947,0.05635,0.38154
-0.0896,0.05635,0.38154
-0.08975,0.05638,0.38154
-0.08985,0.05617,0.38154
-0.0898,0.05604,0.38154
-0.08984,0.05628,0.38154
-0.08981,0.05628,0.38154
-0.08971,0.05602,0.38154
-0.08953,0.05648,0.38855
-0.08948,0.05642,0.38855
-0.08953,0.05643,0.38655
-0.08983,0.05647,0.38655
-0.08976,0.05651,0.38655
-0.08957,0.05649,0.38655
-0.08991,0.05638,0.38655
-0.08992,0.05635,0.38655
-0.08971,0.05645,0.38655
-0.08988,0.05613,0.38655
-0.08969,0.05627,0.38655
-0.08992,0.0562,0.38655
-0.08993,0.05623,0.38655
-0.08993,0.05631,0.38655
-0.08994,0.05627,0.38655
-0.08959,0.0565,0.38655
-0.08961,0.05637,0.38655
-0.08973,0.05641,0.38655
-0.08983,0.05607,0.38655
-0.08967,0.05626,0.38655
-0.08952,0.05644,0.38655
-0.08949,0.05641,0.38655
-0.08963,0.05629,0.38655
-0.08976,0.05617,0.38655
-0.08966,0.05624,0.38655
-0.08957,0.05631,0.38655
-0.08964,0.05621,0.38655
-0.08953,0.05636,0.38655
-0.08954,0.05628,0.38655
-0.08946,0.05618,0.38655
-0.08945,0.05631,0.38655
-0.08976,0.05604,0.38855
-0.08988,0.05613,0.38855
-0.0895,0.05611,0.38655
-0.08954,0.05607,0.38655
-0.08956,0.05606,0.38655
-0.08961,0.05603,0.38655
-0.08965,0.05603,0.38655
-0.08976,0.05603,0.38655
-0.08968,0.05636,0.38655
-0.0899,0.05616,0.38655
-0.08978,0.05604,0.38154
-0.08978,0.05604,0.38655
-0.08972,0.05651,0.38655
-0.08969,0.05603,0.38655
-0.0898,0.05605,0.38655
-0.08974,0.05614,0.38655
-0.08972,0.05605,0.38655
-0.08982,0.05606,0.38655
-0.08976,0.05622,0.38655
-0.08986,0.0561,0.38655
-0.08977,0.05635,0.38655
-0.08977,0.05639,0.38655
-0.08982,0.0564,0.38655
-0.08979,0.05645,0.38655
-0.08961,0.05627,0.38655
-0.08957,0.05629,0.38655
-0.08955,0.05632,0.38655
-0.08953,0.05635,0.38655
-0.08961,0.05611,0.38655
-0.08962,0.05608,0.38655
-0.08971,0.05646,0.38655
-0.08984,0.05643,0.38655
-0.08991,0.05637,0.38655
-0.08984,0.05644,0.38655
-0.08989,0.05641,0.38655
-0.08986,0.05644,0.38655
-0.08961,0.05619,0.38655
-0.08947,0.05616,0.38655
-0.08945,0.05627,0.38655
-0.08961,0.05604,0.38855
-0.08973,0.05603,0.38655
-0.08955,0.05608,0.38655
-0.08951,0.0561,0.38655
-0.08956,0.05607,0.38655
-0.08957,0.05605,0.38655
-0.08944,0.0562,0.38855
-0.08948,0.05613,0.38855
-0.08968,0.05602,0.38154
-0.08959,0.05604,0.38655
-0.08953,0.05608,0.38655
-0.08992,0.05635,0.38855
-0.08976,0.05651,0.38855
-0.08988,0.05642,0.38855
-0.08992,0.0563,0.38154
-0.08993,0.05625,0.38655
-0.08993,0.05633,0.38655
-0.08993,0.05629,0.38655
-0.08993,0.05621,0.38655
-0.0898,0.05635,0.38154
-0.08982,0.05645,0.38154
-0.08988,0.05612,0.38154
-0.0899,0.0564,0.38655
-0.0897,0.05648,0.38655
-0.08969,0.05651,0.38655
-0.08979,0.05649,0.38655
-0.08965,0.05651,0.38655
-0.08971,0.05651,0.38154
-0.08974,0.05648,0.38154
-0.08973,0.05651,0.38154
-0.08983,0.05646,0.38154
-0.08964,0.05649,0.36989
-0.0896,0.05646,0.36891
-0.0896,0.05646,0.36749
-0.08962,0.05647,0.36869
-0.08983,0.05648,0.36989
-0.08988,0.05645,0.36794
-0.08974,0.0565,0.36794
-0.08994,0.05638,0.36954
-0.08996,0.05633,0.36989
-0.08997,0.05629,0.36794
-0.08995,0.05614,0.36989
-0.08995,0.05634,0.37407
-0.08994,0.05615,0.37407
-0.08994,0.0563,0.38154
-0.08985,0.05609,0.38154
-0.08981,0.05601,0.36989
-0.0898,0.05602,0.37407
-0.08987,0.05629,0.38154
-0.08993,0.05625,0.38154
-0.08979,0.05615,0.38154
-0.08976,0.05603,0.38154
-0.08971,0.05616,0.38154
-0.08965,0.05603,0.38154
-0.08956,0.05606,0.37407
-0.08953,0.05609,0.36989
-0.08971,0.056,0.36989
-0.08962,0.05602,0.36989
-0.08975,0.05601,0.37407
-0.08972,0.056,0.36794
-0.08981,0.05601,0.36794
-0.08993,0.0561,0.36794
-0.08951,0.05612,0.36989
-0.08968,0.05651,0.38154
-0.0925,0.04917,0.36926
-0.09241,0.04915,0.36926
-0.0924,0.04926,0.36926
-0.09243,0.04923,0.36926
-0.09248,0.04917,0.36926
-0.09246,0.04921,0.36926
-0.09245,0.04901,0.36926
-0.09251,0.04915,0.36926
-0.09244,0.04922,0.36926
-0.09242,0.04922,0.36926
-0.09245,0.04921,0.36926
-0.09249,0.04898,0.36926
-0.09252,0.04914,0.36926
-0.09251,0.049,0.36926
-0.09249,0.04909,0.36926
-0.09932,0.04702,0.37889
-0.09933,0.04707,0.37889
-0.1008,0.04662,0.37907
-0.10222,0.04599,0.37917
-0.10227,0.04613,0.37914
-0.10082,0.04667,0.37905
-0.10365,0.04546,0.37919
-0.1022,0.04595,0.37915
-0.10358,0.04529,0.37912
-0.10217,0.04587,0.3791
-0.10357,0.04526,0.37908
-0.10216,0.04584,0.37906
-0.09806,0.04772,0.37829
-0.09559,0.04836,0.37726
-0.09559,0.04839,0.37729
-0.09458,0.04855,0.37657
-0.10788,0.04169,0.37863
-0.10683,0.04138,0.37864
-0.10686,0.04394,0.37887
-0.1068,0.04389,0.37882
-0.10581,0.04454,0.37918
-0.10671,0.04377,0.37881
-0.10575,0.04445,0.37918
-0.10475,0.04519,0.37958
-0.10244,0.04655,0.38046
-0.10242,0.04652,0.38044
-0.1048,0.04526,0.37961
-0.09979,0.04782,0.38132
-0.10249,0.0466,0.38053
-0.09988,0.04792,0.38145
-0.10251,0.04662,0.38057
-0.09695,0.04918,0.38223
-0.09704,0.04925,0.38244
-0.09991,0.04792,0.38155
-0.09701,0.04925,0.38234
-0.10253,0.04662,0.38062
-0.10254,0.04662,0.38067
-0.09395,0.05061,0.38319
-0.09069,0.05191,0.38384
-0.09387,0.05051,0.38305
-0.09076,0.05198,0.384
-0.09397,0.05061,0.38328
-0.09379,0.05033,0.38304
-0.09063,0.05179,0.38379
-0.09688,0.04907,0.38218
-0.09693,0.04915,0.38221
-0.09061,0.05174,0.38379
-0.08738,0.05313,0.38442
-0.08746,0.05329,0.3845
-0.08421,0.05453,0.38488
-0.08751,0.05334,0.38468
-0.08415,0.05439,0.38485
-0.08736,0.05309,0.38442
-0.08103,0.05553,0.38507
-0.08411,0.05426,0.38492
-0.07957,0.05615,0.38503
-0.07959,0.0562,0.38501
-0.07815,0.05666,0.38494
-0.07679,0.05714,0.38478
-0.07685,0.05727,0.38471
-0.07687,0.05731,0.38471
-0.0756,0.05775,0.38442
-0.07562,0.05779,0.38442
-0.07449,0.05828,0.38404
-0.07445,0.05818,0.38403
-0.07339,0.05853,0.38354
-0.07345,0.05868,0.38354
-0.07247,0.05888,0.38293
-0.07253,0.05902,0.38292
-0.07239,0.05879,0.383
-0.07337,0.0585,0.38356
-0.07171,0.05922,0.38218
-0.07438,0.05807,0.38409
-0.07329,0.05843,0.38365
-0.07436,0.05804,0.38412
-0.07552,0.0576,0.38452
-0.07554,0.05763,0.38449
-0.07547,0.05757,0.38465
-0.07675,0.05709,0.38489
-0.07677,0.05712,0.38481
-0.07673,0.05709,0.38499
-0.07546,0.05757,0.3847
-0.07545,0.05762,0.38479
-0.07673,0.05715,0.38513
-0.07545,0.05768,0.38486
-0.07426,0.0581,0.38442
-0.07427,0.05817,0.38447
-0.07318,0.05851,0.3839
-0.07319,0.05848,0.38387
-0.0732,0.05845,0.38383
-0.07427,0.05804,0.38434
-0.07221,0.05891,0.38328
-0.07138,0.05919,0.38248
-0.07227,0.05879,0.38315
-0.07139,0.05915,0.38245
-0.07066,0.05949,0.38158
-0.07011,0.0597,0.38051
-0.07076,0.05935,0.38149
-0.07015,0.05962,0.38048
-0.06973,0.05984,0.37929
-0.06954,0.05988,0.37791
-0.06985,0.05969,0.37925
-0.06965,0.05977,0.3779
-0.07026,0.05954,0.38042
-0.06994,0.05966,0.37922
-0.06954,0.05984,0.37591
-0.06985,0.05975,0.37789
-0.07003,0.05967,0.3792
-0.06976,0.05975,0.37591
-0.06962,0.05978,0.37591
-0.07044,0.05956,0.38035
-0.07011,0.05972,0.37919
-0.07092,0.05934,0.38138
-0.07099,0.05939,0.38134
-0.07054,0.05966,0.38033
-0.07102,0.05943,0.38133
-0.07105,0.05947,0.38133
-0.07107,0.05952,0.38132
-0.07056,0.05985,0.38035
-0.07108,0.05966,0.38135
-0.07174,0.05932,0.38219
-0.07107,0.0597,0.38137
-0.07172,0.05949,0.38227
-0.07099,0.0598,0.38144
-0.07167,0.05954,0.38233
-0.07163,0.05956,0.38237
-0.07153,0.05955,0.38246
-0.07083,0.05981,0.38155
-0.07236,0.05923,0.38324
-0.07149,0.05953,0.38249
-0.0705,0.05997,0.38039
-0.07055,0.05989,0.38036
-0.07009,0.06013,0.37923
-0.07016,0.06007,0.37921
-0.06997,0.06014,0.37789
-0.06989,0.0602,0.37789
-0.06986,0.06021,0.37591
-0.06996,0.06011,0.37591
-0.06987,0.06021,0.37377
-0.06998,0.06006,0.37377
-0.06999,0.05997,0.37377
-0.06998,0.06006,0.37591
-0.06998,0.05992,0.37377
-0.06998,0.05992,0.37591
-0.06996,0.05987,0.37591
-0.06986,0.05977,0.37377
-0.06981,0.05975,0.37377
-0.06981,0.05975,0.37591
-0.06967,0.05975,0.37377
-0.06962,0.05977,0.37377
-0.06999,0.05987,0.37788
-0.07001,0.06005,0.37788
-0.07018,0.05979,0.37918
-0.07021,0.05994,0.37919
-0.0702,0.05998,0.37919
-0.07165,0.05914,0.38221
-0.07151,0.05908,0.38231
-0.07088,0.05933,0.3814
-0.07236,0.05878,0.38303
-0.07326,0.05842,0.38369
-0.0743,0.05801,0.38425
-0.09057,0.05161,0.38386
-0.09078,0.05197,0.3841
-0.09398,0.05056,0.38342
-0.09705,0.04922,0.38253
-0.06959,0.06019,0.37377
-0.07246,0.06213,0.3661
-0.07209,0.06165,0.36591
-0.07254,0.06207,0.36606
-0.07265,0.06188,0.36611
-0.07263,0.06196,0.36607
-0.07279,0.06228,0.36634
-0.07241,0.0619,0.36592
-0.07253,0.06201,0.36606
-0.0733,0.06269,0.36688
-0.07333,0.06265,0.36689
-0.07307,0.06246,0.36661
-0.07332,0.06266,0.36688
-0.0728,0.06227,0.36634
-0.07304,0.06249,0.36661
-0.07293,0.06237,0.36647
-0.0726,0.06209,0.36613
-0.07306,0.06247,0.36661
-0.07318,0.06257,0.36675
-0.07396,0.06332,0.36792
-0.07335,0.06261,0.3669
-0.07363,0.063,0.3674
-0.07313,0.06279,0.36693
-0.07362,0.06302,0.3674
-0.07331,0.06268,0.36688
-0.07393,0.06336,0.36791
-0.07425,0.06409,0.36909
-0.07376,0.06344,0.36795
-0.07442,0.06401,0.36907
-0.0742,0.06409,0.36911
-0.07412,0.06406,0.36915
-0.07361,0.0634,0.36805
-0.07297,0.06273,0.36709
-0.07306,0.06279,0.36698
-0.07233,0.06215,0.36623
-0.07239,0.06215,0.36615
-0.07242,0.06215,0.36612
-0.07228,0.06211,0.36631
-0.07227,0.06208,0.36635
-0.07227,0.06205,0.36639
-0.07296,0.0627,0.36712
-0.07229,0.06197,0.36644
-0.07295,0.06266,0.36716
-0.07295,0.06262,0.36718
-0.07239,0.06181,0.36647
-0.07251,0.06174,0.36641
-0.0732,0.06236,0.36719
-0.07307,0.06242,0.36723
-0.07364,0.06309,0.36822
-0.07367,0.06306,0.36822
-0.0736,0.06313,0.36821
-0.07376,0.06301,0.3682
-0.07411,0.06372,0.36933
-0.0742,0.06367,0.36933
-0.07403,0.06388,0.36928
-0.07445,0.0643,0.37051
-0.07441,0.06433,0.3705
-0.07435,0.0644,0.37047
-0.07404,0.06397,0.36923
-0.07433,0.06448,0.37044
-0.07356,0.06321,0.36819
-0.07434,0.06444,0.37045
-0.07444,0.06495,0.3716
-0.07429,0.06545,0.37259
-0.07433,0.06538,0.37264
-0.07446,0.06491,0.37162
-0.07428,0.06549,0.37257
-0.07443,0.06511,0.37152
-0.07399,0.06586,0.37325
-0.07441,0.06573,0.3725
-0.07451,0.06523,0.37147
-0.07456,0.06525,0.37146
-0.07445,0.06575,0.3725
-0.07422,0.06615,0.37334
-0.07398,0.06622,0.37421
-0.07452,0.06587,0.37342
-0.07471,0.06569,0.3726
-0.0731,0.06613,0.37452
-0.07339,0.06659,0.37441
-0.07464,0.06575,0.37256
-0.07308,0.06657,0.37486
-0.07416,0.06564,0.3735
-0.07277,0.06664,0.375
-0.07164,0.06675,0.37541
-0.07278,0.06655,0.37505
-0.07164,0.06679,0.37538
-0.07037,0.06681,0.37557
-0.07164,0.06671,0.37543
-0.07037,0.06662,0.37559
-0.07164,0.06661,0.37544
-0.07162,0.06651,0.37541
-0.0724,0.06627,0.37504
-0.07161,0.06647,0.37538
-0.07036,0.06648,0.37548
-0.0716,0.06644,0.37535
-0.07036,0.06645,0.37542
-0.07157,0.06639,0.37522
-0.07128,0.06641,0.37522
-0.06842,0.06646,0.37528
-0.07035,0.06653,0.37516
-0.06842,0.06654,0.37516
-0.07035,0.06658,0.37513
-0.07153,0.06652,0.37498
-0.07154,0.06645,0.37504
-0.06842,0.06657,0.37514
-0.06642,0.06653,0.37516
-0.06642,0.0665,0.37519
-0.06842,0.06672,0.37511
-0.06842,0.06677,0.37512
-0.06642,0.06671,0.37511
-0.06642,0.06688,0.3752
-0.06642,0.06691,0.37524
-0.06242,0.06689,0.37523
-0.06242,0.06687,0.37519
-0.06242,0.06675,0.37511
-0.06842,0.06682,0.37514
-0.06842,0.06689,0.3752
-0.06642,0.06693,0.37528
-0.06242,0.06692,0.37532
-0.05513,0.0669,0.37533
-0.06242,0.06692,0.37537
-0.05514,0.06686,0.37521
-0.05013,0.06688,0.37532
-0.05013,0.06683,0.37547
-0.05013,0.06685,0.37539
-0.05513,0.06688,0.37541
-0.05013,0.06648,0.37512
-0.05013,0.06663,0.37507
-0.05013,0.06643,0.37522
-0.04813,0.06654,0.37508
-0.05013,0.06648,0.37552
-0.05013,0.06644,0.37516
-0.05013,0.06652,0.37511
-0.05013,0.06643,0.37517
-0.05013,0.06666,0.37529
-0.05013,0.06647,0.37513
-0.05013,0.06659,0.37508
-0.05013,0.06655,0.37534
-0.05514,0.06646,0.37517
-0.05514,0.06653,0.37511
-0.05013,0.06655,0.37509
-0.05013,0.06665,0.37507
-0.05013,0.06645,0.37515
-0.05013,0.06659,0.37534
-0.05013,0.06671,0.37508
-0.05013,0.06674,0.3751
-0.05013,0.06678,0.37512
-0.05013,0.0668,0.37514
-0.05013,0.06683,0.37517
-0.05013,0.06685,0.37525
-0.05013,0.06677,0.37551
-0.05013,0.06671,0.37556
-0.05013,0.06667,0.37556
-0.05013,0.06663,0.37557
-0.05013,0.06638,0.37536
-0.05013,0.06638,0.37532
-0.05013,0.06639,0.3754
-0.05013,0.06648,0.37532
-0.04813,0.06638,0.37524
-0.04813,0.06638,0.37539
-0.04813,0.06642,0.37517
-0.05013,0.06641,0.37539
-0.05514,0.06641,0.37525
-0.05013,0.0664,0.37525
-0.05013,0.06645,0.37545
-0.05013,0.06654,0.37549
-0.05013,0.06654,0.37544
-0.05013,0.06639,0.37528
-0.05013,0.06639,0.37538
-0.05013,0.06638,0.37534
-0.05013,0.06641,0.37521
-0.05013,0.0666,0.37539
-0.05013,0.06646,0.3754
-0.05013,0.06646,0.37549
-0.05013,0.06659,0.37556
-0.05013,0.06669,0.37556
-0.06242,0.06643,0.37542
-0.06242,0.06642,0.37532
-0.05514,0.06643,0.37545
-0.06242,0.06645,0.37522
-0.06242,0.06652,0.37515
-0.06642,0.06644,0.37533
-0.06642,0.06647,0.37523
-0.06842,0.06644,0.37538
-0.06642,0.06649,0.37551
-0.06842,0.06653,0.37555
-0.06642,0.06666,0.3756
-0.06842,0.06657,0.37558
-0.06842,0.06662,0.3756
-0.06642,0.06671,0.3756
-0.06242,0.06664,0.3756
-0.06242,0.06655,0.37556
-0.06842,0.06681,0.37558
-0.06642,0.06684,0.37555
-0.06242,0.06679,0.37557
-0.06242,0.06683,0.37554
-0.06642,0.06688,0.37552
-0.06842,0.06691,0.37548
-0.06642,0.0669,0.37548
-0.06642,0.06694,0.37538
-0.06842,0.06694,0.37539
-0.06242,0.06691,0.37542
-0.05513,0.06683,0.37549
-0.05513,0.06676,0.37555
-0.05514,0.06667,0.37558
-0.05514,0.06657,0.37557
-0.05013,0.06655,0.37555
-0.05514,0.06648,0.37552
-0.05013,0.06644,0.37546
-0.06242,0.06648,0.3755
-0.07037,0.06694,0.37539
-0.07037,0.06685,0.37555
-0.07162,0.06687,0.37527
-0.07272,0.06673,0.37485
-0.07161,0.06688,0.37522
-0.07159,0.06687,0.37512
-0.07261,0.06666,0.37465
-0.0727,0.06674,0.3748
-0.07157,0.06683,0.37504
-0.07036,0.06691,0.37523
-0.07259,0.06662,0.37463
-0.07255,0.06645,0.37461
-0.07154,0.06666,0.37495
-0.07035,0.06681,0.37513
-0.07035,0.06677,0.37512
-0.07153,0.06661,0.37495
-0.07255,0.06638,0.37464
-0.07255,0.06634,0.37466
-0.06242,0.06665,0.3751
-0.05514,0.06665,0.37508
-0.05514,0.06672,0.37509
-0.05514,0.06685,0.37518
-0.04813,0.06682,0.37517
-0.04813,0.06687,0.37531
-0.04813,0.06642,0.37546
-0.04813,0.06654,0.37555
-0.04813,0.06662,0.37557
-0.04813,0.0667,0.37555
-0.04813,0.06682,0.37546
-0.04813,0.06677,0.37511
-0.04813,0.06662,0.37506
-0.05013,0.06684,0.37543
-0.05013,0.06676,0.37511
-0.05013,0.06679,0.37513
-0.05013,0.06675,0.37521
-0.05013,0.0668,0.37529
-0.05013,0.06672,0.37509
-0.05013,0.06673,0.37521
-0.05013,0.06668,0.37508
-0.05013,0.06679,0.37534
-0.05013,0.06676,0.37527
-0.05013,0.06683,0.37527
-0.05013,0.06684,0.37521
-0.05013,0.06687,0.37536
-0.05013,0.06683,0.37537
-0.05013,0.06687,0.37528
-0.05013,0.06682,0.37516
-0.05013,0.06666,0.37549
-0.05013,0.06641,0.37543
-0.05013,0.06652,0.37553
-0.05013,0.06673,0.37552
-0.05013,0.06665,0.37557
-0.05013,0.06674,0.37553
-0.05013,0.0668,0.37549
-0.05013,0.0667,0.3752
-0.05013,0.06676,0.37533
-0.0744,0.06532,0.37268
-0.0747,0.0654,0.37273
-0.07458,0.06532,0.37273
-0.07449,0.06531,0.37271
-0.07459,0.06483,0.37166
-0.07477,0.06484,0.37165
-0.07455,0.06426,0.37051
-0.07468,0.06427,0.37048
-0.07429,0.06365,0.36931
-0.07437,0.06366,0.36928
-0.07385,0.063,0.36816
-0.07381,0.06301,0.36818
-0.07479,0.06436,0.37042
-0.07448,0.06373,0.3692
-0.07401,0.0632,0.36796
-0.0745,0.06377,0.36918
-0.07482,0.06444,0.37037
-0.07451,0.06381,0.36915
-0.07482,0.06449,0.37035
-0.07491,0.06507,0.37155
-0.07488,0.06494,0.37161
-0.07491,0.06511,0.37153
-0.07475,0.06562,0.37264
-0.07476,0.06558,0.37266
-0.07473,0.06544,0.37272
-0.0748,0.06457,0.37031
-0.07465,0.06469,0.37027
-0.07479,0.06524,0.37147
-0.0745,0.0639,0.36911
-0.074,0.06324,0.36795
-0.07469,0.06527,0.37145
-0.07451,0.0647,0.37029
-0.07464,0.06527,0.37145
-0.07447,0.06469,0.37031
-0.07439,0.06464,0.37034
-0.07409,0.06404,0.36917
-0.07358,0.06337,0.36808
-0.07406,0.06401,0.3692
-0.07334,0.06239,0.36707
-0.07338,0.06249,0.36696
-0.07337,0.06245,0.36699
-0.07263,0.06175,0.36626
-0.0733,0.06237,0.3671
-0.07323,0.06236,0.36716
-0.07257,0.06173,0.36634
-0.07266,0.06184,0.36614
-0.06989,0.06025,0.36846
-0.0699,0.06029,0.36773
-0.07983,-0.00055,0.374
-0.07747,-0.00053,0.37379
-0.07848,-0.00016,0.37704
-0.07999,0.00403,0.37497
-0.07854,0.00455,0.37392
-0.07826,-0.00053,0.37386
-0.07938,-0.00042,0.37502
-0.07948,0.00304,0.37665
-0.07959,-0.00115,0.37691
-0.07893,-0.00029,0.37603
-0.08147,-0.00656,0.37232
-0.07566,-0.00658,0.3723
-0.07904,-0.00054,0.37393
-0.07781,-0.0004,0.37487
-0.07688,-0.00117,0.37629
-0.07855,-0.00656,0.37807
-0.07356,-0.00659,0.37225
-0.08556,-0.00704,0.37948
-0.07166,-0.00699,0.37945
-0.08357,-0.00655,0.37227
-0.07165,-0.03813,0.37949
-0.08575,-0.03808,0.37952
-0.0856,-0.01655,0.37589
-0.08584,-0.00751,0.37228
-0.08564,-0.02857,0.37591
-0.08582,-0.0378,0.37232
-0.07142,-0.00738,0.37224
-0.07367,-0.03863,0.37229
-0.08368,-0.03859,0.37231
-0.07867,-0.0386,0.37811
-0.08158,-0.0386,0.37236
-0.07887,-0.04402,0.37327
-0.07577,-0.03862,0.37234
-0.07987,-0.04477,0.37653
-0.07877,-0.04131,0.37569
-0.0795,-0.04485,0.37548
-0.07738,-0.04475,0.37634
-0.0783,-0.04493,0.37436
-0.07876,-0.04502,0.37336
-0.07793,-0.05211,0.37643
-0.0772,-0.05348,0.37461
-0.07821,-0.04475,0.37641
-0.07904,-0.04476,0.37647
-0.07844,-0.0448,0.37591
-0.07784,-0.04484,0.37535
-0.0789,-0.04489,0.37492
-0.07908,-0.04485,0.37545
-0.07913,-0.04493,0.37442
-0.07933,-0.05456,0.37406
-0.07789,-0.05468,0.36971
-0.0774,-0.05221,0.37301
-0.07884,-0.05139,0.37331
-0.07973,-0.05112,0.37392
-0.08065,-0.05372,0.36934
-0.08119,-0.05237,0.36826
-0.08068,-0.05134,0.36641
-0.08277,-0.05373,0.36655
-0.08024,-0.05337,0.3746
-0.07964,-0.05137,0.37649
-0.08608,-0.05299,0.36635
-0.08611,-0.05319,0.36611
-0.09676,-0.05084,0.36654
-0.08399,-0.05365,0.36606
-0.08602,-0.05265,0.36659
-0.08434,-0.05282,0.36666
-0.08256,-0.05413,0.3654
-0.08386,-0.05256,0.36681
-0.10207,-0.04989,0.36655
-0.09671,-0.05057,0.36668
-0.0968,-0.05108,0.36636
-0.10211,-0.05012,0.36637
-0.10202,-0.04961,0.36669
-0.10785,-0.04938,0.36621
-0.10764,-0.04809,0.36687
-0.09666,-0.05027,0.36676
-0.10197,-0.04932,0.36677
-0.08594,-0.05223,0.36673
-0.08594,-0.0522,0.36673
-0.08588,-0.05191,0.36674
-0.0966,-0.04998,0.36677
-0.10186,-0.04874,0.36674
-0.09655,-0.04969,0.36673
-0.08586,-0.05181,0.36674
-0.10694,-0.04693,0.36637
-0.10182,-0.04848,0.36664
-0.11031,-0.04528,0.36733
-0.10745,-0.04681,0.36434
-0.10167,-0.04763,0.3652
-0.10167,-0.04764,0.3655
-0.10168,-0.04771,0.3658
-0.1017,-0.04785,0.36608
-0.10174,-0.04803,0.36632
-0.10178,-0.04825,0.36651
-0.09646,-0.0492,0.3665
-0.09651,-0.04944,0.36663
-0.08576,-0.05124,0.36655
-0.08579,-0.05137,0.36661
-0.08579,-0.05141,0.36663
-0.08413,-0.0518,0.36668
-0.0847,-0.05156,0.36661
-0.08367,-0.05156,0.36658
-0.08575,-0.05114,0.36647
-0.08571,-0.05092,0.36629
-0.09643,-0.04899,0.36631
-0.09639,-0.0488,0.36607
-0.09637,-0.04867,0.36579
-0.08566,-0.05068,0.36594
-0.08394,-0.05091,0.36578
-0.08564,-0.05055,0.36559
-0.08334,-0.05092,0.36538
-0.08563,-0.05051,0.36515
-0.08564,-0.05054,0.36547
-0.0839,-0.05086,0.36491
-0.09636,-0.04862,0.3649
-0.09635,-0.04858,0.36519
-0.10167,-0.04767,0.36491
-0.09636,-0.0486,0.36549
-0.10169,-0.04776,0.36465
-0.10172,-0.04789,0.36441
-0.09638,-0.04872,0.36464
-0.0964,-0.04885,0.3644
-0.08566,-0.05064,0.36462
-0.08565,-0.0506,0.36474
-0.08334,-0.05112,0.36453
-0.08183,-0.05235,0.36407
-0.08371,-0.05165,0.36393
-0.0857,-0.05089,0.36424
-0.08583,-0.05161,0.3638
-0.09658,-0.04984,0.36378
-0.08408,-0.05311,0.36395
-0.08597,-0.05235,0.3638
-0.08591,-0.05204,0.36375
-0.07816,-0.0523,0.36774
-0.08051,-0.05389,0.36517
-0.09653,-0.04955,0.36386
-0.1019,-0.04888,0.36379
-0.09664,-0.05014,0.36377
-0.10195,-0.04918,0.36378
-0.09669,-0.05042,0.36381
-0.09673,-0.05068,0.36391
-0.102,-0.04947,0.36383
-0.08605,-0.05284,0.36402
-0.09678,-0.05091,0.36404
-0.10205,-0.04972,0.36392
-0.08609,-0.05305,0.36422
-0.09681,-0.05113,0.36423
-0.10209,-0.04995,0.36405
-0.10745,-0.04915,0.36403
-0.10213,-0.05017,0.36424
-0.1022,-0.05056,0.36506
-0.11495,-0.04599,0.36922
-0.11208,-0.04725,0.36509
-0.10216,-0.05035,0.36448
-0.10218,-0.05049,0.36476
-0.09685,-0.05131,0.36447
-0.09687,-0.05144,0.36475
-0.09688,-0.05152,0.36505
-0.08615,-0.05339,0.36477
-0.08495,-0.05364,0.36488
-0.08432,-0.05359,0.3645
-0.08617,-0.05346,0.3652
-0.09689,-0.05153,0.36535
-0.08616,-0.05342,0.36562
-0.09688,-0.05149,0.36564
-0.1022,-0.05058,0.36536
-0.08614,-0.05332,0.36587
-0.09686,-0.0514,0.3659
-0.10219,-0.05053,0.36565
-0.08613,-0.05325,0.36603
-0.09684,-0.05126,0.36614
-0.10217,-0.05044,0.36591
-0.10215,-0.05031,0.36615
-0.08611,-0.05314,0.36431
-0.11302,-0.04448,0.37054
-0.11493,-0.03926,0.37975
-0.11618,-0.04255,0.37013
-0.115,-0.03746,0.3764
-0.11328,-0.04349,0.36761
-0.11336,-0.03932,0.37441
-0.11428,-0.03651,0.37813
-0.11399,-0.03653,0.37811
-0.11373,-0.0366,0.37812
-0.11347,-0.0367,0.37816
-0.11352,-0.04187,0.37416
-0.11315,-0.0405,0.37555
-0.11268,-0.038,0.37891
-0.11268,-0.03776,0.37875
-0.11323,-0.03684,0.37822
-0.11302,-0.03703,0.37832
-0.11284,-0.03726,0.37845
-0.11273,-0.03751,0.37859
-0.11458,-0.03654,0.37819
-0.11341,-0.03177,0.38548
-0.1133,-0.03176,0.38547
-0.11332,-0.03047,0.38752
-0.11372,-0.03179,0.38553
-0.11487,-0.03663,0.37828
-0.11357,-0.02996,0.38857
-0.11512,-0.03676,0.37839
-0.11412,-0.03192,0.38567
-0.11444,-0.03215,0.38585
-0.11402,-0.03075,0.38769
-0.11533,-0.03693,0.37853
-0.11549,-0.03712,0.37867
-0.11461,-0.03237,0.38602
-0.11448,-0.03138,0.38773
-0.11466,-0.03244,0.38607
-0.11446,-0.0311,0.38934
-0.11478,-0.03279,0.38631
-0.11565,-0.03755,0.37897
-0.11559,-0.03733,0.37882
-0.11476,-0.03307,0.38668
-0.11441,-0.0313,0.38966
-0.11436,-0.03251,0.38856
-0.1148,-0.03457,0.38519
-0.1143,-0.03408,0.38678
-0.11329,-0.03079,0.39315
-0.11255,-0.02895,0.40219
-0.11362,-0.02845,0.40074
-0.11427,-0.02985,0.39047
-0.11197,-0.02895,0.40276
-0.11134,-0.03036,0.39272
-0.11108,-0.02929,0.39272
-0.11248,-0.03263,0.38959
-0.11307,-0.03438,0.38694
-0.11093,-0.02827,0.40315
-0.11103,-0.02833,0.40845
-0.11142,-0.02869,0.40847
-0.11083,-0.02792,0.40819
-0.11075,-0.02737,0.40819
-0.11076,-0.02766,0.40819
-0.11116,-0.02623,0.40095
-0.11081,-0.02792,0.41368
-0.11075,-0.02765,0.41368
-0.11079,-0.02789,0.42397
-0.11074,-0.02763,0.42397
-0.11072,-0.02735,0.42397
-0.11074,-0.02736,0.41368
-0.11092,-0.02815,0.42397
-0.111,-0.02831,0.42397
-0.11125,-0.02628,0.42397
-0.11093,-0.02817,0.41368
-0.11109,-0.02841,0.41368
-0.11131,-0.02861,0.41368
-0.11129,-0.0286,0.42397
-0.11108,-0.02838,0.42397
-0.11133,-0.02864,0.42398
-0.11156,-0.02875,0.42398
-0.11157,-0.02878,0.41368
-0.11158,-0.02879,0.40819
-0.11186,-0.02889,0.41368
-0.11184,-0.02886,0.42398
-0.11222,-0.02892,0.42398
-0.11243,-0.02889,0.42398
-0.11245,-0.02892,0.41368
-0.11216,-0.02893,0.41368
-0.11272,-0.02885,0.41369
-0.11296,-0.02877,0.41155
-0.11268,-0.02885,0.42398
-0.11205,-0.02893,0.40835
-0.11294,-0.02871,0.42398
-0.1131,-0.02863,0.42398
-0.11297,-0.02874,0.41369
-0.11321,-0.02858,0.41369
-0.11343,-0.02836,0.4082
-0.11342,-0.02836,0.41369
-0.11318,-0.02855,0.42398
-0.11343,-0.0283,0.42398
-0.11354,-0.02807,0.42398
-0.11358,-0.02809,0.41369
-0.11354,-0.02821,0.40865
-0.11373,-0.02769,0.41118
-0.11364,-0.02788,0.42398
-0.11369,-0.0278,0.41369
-0.11374,-0.0275,0.41369
-0.11366,-0.02779,0.42398
-0.11372,-0.02721,0.41369
-0.11373,-0.02722,0.4082
-0.1137,-0.02749,0.42398
-0.11371,-0.02741,0.42398
-0.11366,-0.02695,0.41368
-0.11367,-0.02696,0.4082
-0.11368,-0.0272,0.42398
-0.11364,-0.02695,0.42398
-0.11351,-0.02669,0.42398
-0.11335,-0.02645,0.42398
-0.11355,-0.0267,0.41368
-0.11338,-0.02646,0.41368
-0.11321,-0.02626,0.41032
-0.11356,-0.0267,0.4082
-0.11316,-0.02625,0.41368
-0.11309,-0.0262,0.42398
-0.1129,-0.02608,0.41368
-0.11287,-0.02609,0.42398
-0.11267,-0.02599,0.42397
-0.11261,-0.02598,0.41368
-0.11233,-0.02591,0.40972
-0.11231,-0.02593,0.41368
-0.11258,-0.02597,0.42397
-0.11228,-0.02593,0.42397
-0.11221,-0.02592,0.42397
-0.11202,-0.02595,0.41368
-0.112,-0.02595,0.42397
-0.11149,-0.02612,0.42397
-0.11174,-0.02599,0.42397
-0.11175,-0.02601,0.41368
-0.11133,-0.02621,0.42397
-0.1115,-0.02612,0.41368
-0.11104,-0.02639,0.41231
-0.11089,-0.02677,0.41368
-0.11078,-0.02706,0.41368
-0.11105,-0.02651,0.41368
-0.11126,-0.02629,0.41368
-0.11078,-0.02696,0.42397
-0.11077,-0.02705,0.42397
-0.11088,-0.02676,0.42397
-0.11104,-0.0265,0.42397
-0.11099,-0.02654,0.42397
-0.1135,-0.0267,0.39784
-0.11373,-0.02714,0.40351
-0.11233,-0.02742,0.3937
-0.1122,-0.03001,0.38863
-0.11274,-0.03053,0.38745
-0.11273,-0.03188,0.38548
-0.11286,-0.03184,0.38546
-0.11237,-0.03208,0.38556
-0.11192,-0.03105,0.38759
-0.11166,-0.03056,0.38876
-0.11215,-0.03228,0.38567
-0.11207,-0.03236,0.38571
-0.11163,-0.03153,0.38785
-0.1119,-0.03265,0.38588
-0.11187,-0.03275,0.38594
-0.11149,-0.03142,0.38876
-0.1118,-0.033,0.38609
-0.11164,-0.03226,0.3883
-0.11183,-0.03335,0.38632
-0.11188,-0.0335,0.38643
-0.1118,-0.03275,0.38799
-0.11284,-0.03843,0.37921
-0.11274,-0.03823,0.37906
-0.113,-0.03863,0.37935
-0.11207,-0.0338,0.38665
-0.11201,-0.03281,0.38854
-0.11214,-0.03386,0.38669
-0.11243,-0.03413,0.38682
-0.11321,-0.0388,0.37949
-0.11323,-0.02859,0.40541
-0.11322,-0.02864,0.40276
-0.11188,-0.0289,0.40541
-0.10184,-0.04859,0.36387
-0.10179,-0.04832,0.36401
-0.09648,-0.04927,0.364
-0.09644,-0.04904,0.36418
-0.08572,-0.05097,0.36417
-0.08576,-0.05121,0.36397
-0.10175,-0.04808,0.36419
-0.08485,-0.0524,0.36673
-0.07161,-0.03791,0.37228
-0.08002,0.0079,0.38194
-0.07682,0.0037,0.376
-0.0777,0.00659,0.3831
-0.07815,-0.00028,0.37596
-0.07756,0.0091,0.38116
-0.07669,0.00717,0.38139
-0.07549,0.00836,0.38151
-0.07778,0.00896,0.38409
-0.07548,0.00985,0.383
-0.07548,0.00983,0.38269
-0.07548,0.00977,0.38254
-0.07548,0.00966,0.38225
-0.07548,0.00956,0.38212
-0.07548,0.00937,0.38188
-0.07548,0.00923,0.38179
-0.07548,0.00898,0.38163
-0.07548,0.00882,0.38158
-0.07549,0.00852,0.3815
-0.06531,0.00859,0.38151
-0.06532,0.00832,0.38147
-0.06221,0.00765,0.38176
-0.06417,0.00875,0.38157
-0.06532,0.00805,0.38152
-0.06532,0.00786,0.38155
-0.0553,0.00942,0.38377
-0.063,0.00689,0.38261
-0.06395,0.00733,0.38186
-0.0553,0.00721,0.38375
-0.06532,0.00694,0.38243
-0.07549,0.00695,0.38254
-0.06532,0.00686,0.38271
-0.06318,0.0068,0.38311
-0.06532,0.00682,0.38298
-0.06532,0.0069,0.38344
-0.06532,0.00687,0.38325
-0.06342,0.00697,0.38379
-0.0553,0.00716,0.38629
-0.07549,0.00689,0.3833
-0.07549,0.00688,0.383
-0.07549,0.00695,0.38346
-0.07549,0.00706,0.38374
-0.06532,0.00694,0.38352
-0.06532,0.00708,0.38379
-0.06447,0.00708,0.38385
-0.07549,0.00716,0.38387
-0.06531,0.00728,0.38402
-0.07548,0.00735,0.38411
-0.06411,0.00738,0.38422
-0.06531,0.00751,0.38422
-0.07548,0.00749,0.3842
-0.07548,0.00774,0.38437
-0.06531,0.00778,0.38436
-0.07548,0.0079,0.38441
-0.07548,0.0082,0.38449
-0.06531,0.00806,0.38443
-0.06329,0.00781,0.38455
-0.06531,0.00833,0.38448
-0.06359,0.00859,0.38458
-0.05532,0.00957,0.38593
-0.06438,0.00938,0.3841
-0.06378,0.00977,0.38347
-0.06356,0.00981,0.38279
-0.0553,0.00792,0.38545
-0.05229,0.00707,0.38657
-0.05229,0.01038,0.38454
-0.05531,0.00952,0.38521
-0.05531,0.00797,0.38617
-0.0553,0.00795,0.38376
-0.05531,0.00947,0.38449
-0.0553,0.00867,0.38461
-0.0553,0.00718,0.38544
-0.05531,0.00877,0.38605
-0.06531,0.00957,0.38379
-0.06531,0.00937,0.38402
-0.06531,0.00914,0.38422
-0.07548,0.00923,0.3842
-0.06531,0.00887,0.38436
-0.06531,0.0086,0.38443
-0.07548,0.00867,0.38447
-0.07548,0.00911,0.3843
-0.07548,0.00882,0.38441
-0.07548,0.00947,0.38401
-0.07548,0.00956,0.38387
-0.07548,0.00973,0.38361
-0.07548,0.00977,0.38345
-0.06531,0.00971,0.38352
-0.06531,0.00978,0.38324
-0.07548,0.00985,0.38316
-0.06531,0.00983,0.38297
-0.06531,0.00978,0.3827
-0.06531,0.00975,0.38251
-0.06531,0.00971,0.38243
-0.06408,0.00942,0.38197
-0.06531,0.00957,0.38216
-0.06531,0.00914,0.38172
-0.06531,0.00921,0.38176
-0.06531,0.00937,0.38192
-0.06531,0.00887,0.38159
-0.0477,0.00536,0.38756
-0.0523,0.00718,0.38316
-0.04751,0.01117,0.38757
-0.04765,0.00523,0.38219
-0.04781,0.00067,0.38559
-0.02973,0.01502,0.38687
-0.02979,0.00077,0.38622
-0.02979,0.0024,0.38258
-0.02975,0.0139,0.38241
-0.02978,0.0045,0.3837
-0.02978,0.00434,0.38389
-0.02117,0.00436,0.38379
-0.02117,0.00453,0.38364
-0.02116,0.00401,0.38602
-0.02114,0.01195,0.38364
-0.02975,0.01211,0.3862
-0.02977,0.00422,0.38617
-0.04772,0.01123,0.38221
-0.04776,0.01591,0.38541
-0.0553,0.00868,0.38376
-0.0553,0.00719,0.3846
-0.07549,0.00687,0.38283
-0.06532,0.00707,0.38216
-0.07549,0.00699,0.38238
-0.07549,0.00716,0.38212
-0.07549,0.00725,0.38199
-0.06532,0.00727,0.38193
-0.07549,0.00749,0.3818
-0.07549,0.00761,0.38169
-0.06532,0.00751,0.38173
-0.06532,0.00777,0.38159
-0.07549,0.0079,0.38158
-0.07549,0.00805,0.38153
0.00053,0.05082,0.28334
0.00057,0.05067,0.28075
0.00121,0.04999,0.28242
0.00059,0.05279,0.28301
0.00117,0.05113,0.28367
0.00131,0.0509,0.28081
0.00224,0.05045,0.28117
0.00208,0.05021,0.28282
0.00327,0.05042,0.28115
0.00303,0.05025,0.2828
0.0027,0.05142,0.28369
0.00188,0.05214,0.28348
0.00332,0.05283,0.28279
0.0025,0.05299,0.28278
0.00402,0.05304,0.28199
0.00329,0.05224,0.28088
0.00426,0.05221,0.28346
0.00339,0.05211,0.28365
0.00376,0.05013,0.28293
0.00496,0.05035,0.28297
0.00507,0.05184,0.28354
0.00493,0.05291,0.28275
0.00451,0.05247,0.28094
0.00444,0.05072,0.28356
0.00421,0.05043,0.28293
0.00566,0.04976,0.28225
0.0055,0.05126,0.28366
0.00555,0.0514,0.28066
0.00495,0.05018,0.28152
0.00453,0.04996,0.2819
0.00417,0.05079,0.2809
0.005,0.05172,0.28071
0.00328,0.05133,0.28101
0.00552,0.05303,0.28195
0.00619,0.05455,0.2815
0.00619,0.05167,0.28442
0.00531,0.05275,0.28312
0.00617,0.04996,0.27945
0.00915,0.05351,0.28414
0.00922,0.05367,0.28018
0.00667,0.05232,0.28079
0.0092,0.04889,0.28078
0.00918,0.05027,0.28461
0.00666,0.05229,0.2835
0.00667,0.04991,0.28215
0.00313,0.05138,0.28058
0.00258,0.05235,0.28092
0.00192,0.05218,0.28074
0.00159,0.05302,0.28191
0.00094,0.05291,0.28145
0.00134,0.05265,0.28328
0.00086,0.05118,0.28095
-0.11151,0.00801,0.38182
-0.11112,0.00823,0.38398
-0.11391,0.00815,0.38415
-0.11384,0.00796,0.38202
-0.11248,0.00809,0.383
-0.11547,0.01263,0.38293
-0.11255,0.00891,0.38094
-0.11387,0.00802,0.38273
-0.11298,0.00817,0.38409
-0.11345,0.00569,0.38276
-0.11159,0.00602,0.38338
-0.11389,0.00808,0.38344
-0.11271,0.00808,0.38299
-0.11205,0.0082,0.38404
-0.11138,0.00808,0.38254
-0.11056,0.00721,0.37722
-0.11041,0.00571,0.37392
-0.11311,0.00513,0.37783
-0.11093,0.00584,0.37272
-0.11062,0.00564,0.37327
-0.11272,0.00738,0.37336
-0.09761,0.00577,0.37244
-0.1105,0.00634,0.37208
-0.0976,0.0057,0.37278
-0.10987,0.00572,0.37291
-0.10987,0.00568,0.37318
-0.09582,0.00568,0.37317
-0.0976,0.00562,0.37325
-0.09627,0.0057,0.37365
-0.09175,0.00604,0.37369
-0.09099,0.00637,0.37288
-0.09605,0.00587,0.37403
-0.0976,0.0057,0.37371
-0.10987,0.0057,0.37345
-0.10987,0.00595,0.37415
-0.10986,0.00606,0.37428
-0.10986,0.00596,0.37416
-0.0976,0.00591,0.37413
-0.10998,0.0062,0.37474
-0.09647,0.00602,0.37424
-0.10986,0.00627,0.37448
-0.10972,0.00632,0.37449
-0.0976,0.00624,0.37446
-0.10986,0.00667,0.37469
-0.10964,0.0067,0.37466
-0.10978,0.00614,0.37435
-0.1099,0.00769,0.37495
-0.10986,0.00681,0.37472
-0.10986,0.00695,0.37474
-0.0976,0.00666,0.37467
-0.10964,0.00725,0.37475
-0.0968,0.00633,0.37453
-0.09639,0.00721,0.3748
-0.09759,0.00676,0.37469
-0.09078,0.00737,0.37544
-0.09268,0.00886,0.37422
-0.0869,0.00915,0.37526
-0.08689,0.0089,0.37544
-0.08687,0.00863,0.37557
-0.08684,0.00835,0.37563
-0.08655,0.00675,0.37462
-0.08681,0.00807,0.37564
-0.09643,0.00843,0.37407
-0.09639,0.00803,0.3745
-0.08673,0.00753,0.37551
-0.08678,0.0078,0.3756
-0.08659,0.00687,0.3749
-0.08664,0.00705,0.37515
-0.08669,0.00728,0.37536
-0.08688,0.00962,0.3745
-0.08686,0.00966,0.37423
-0.09137,0.0091,0.37317
-0.08691,0.00936,0.37504
-0.0869,0.00952,0.37478
-0.09648,0.00867,0.37334
-0.09663,0.00858,0.37282
-0.09759,0.00863,0.37324
-0.10986,0.00866,0.37336
-0.09759,0.00855,0.37371
-0.11022,0.00867,0.37329
-0.10986,0.00861,0.37364
-0.11016,0.00858,0.37384
-0.11237,0.00819,0.3779
-0.10986,0.00851,0.3739
-0.10994,0.00838,0.37417
-0.10987,0.00812,0.37444
-0.11234,0.00854,0.38161
-0.11099,0.00853,0.37299
-0.11306,0.00797,0.38195
-0.10986,0.00864,0.37309
-0.09759,0.00855,0.37278
-0.1108,0.00791,0.37212
-0.10986,0.00846,0.37254
-0.11033,0.00837,0.37243
-0.09688,0.00843,0.37251
-0.09588,0.00808,0.37207
-0.09759,0.00834,0.37236
-0.10986,0.00806,0.37207
-0.0976,0.00801,0.37203
-0.0976,0.00775,0.3719
-0.10987,0.00793,0.372
-0.10987,0.0078,0.37193
-0.10987,0.00763,0.37185
-0.0976,0.00759,0.37182
-0.09614,0.00751,0.37182
-0.10987,0.00753,0.37183
-0.09576,0.00685,0.37181
-0.0976,0.00721,0.37176
-0.0909,0.00792,0.37215
-0.0976,0.00712,0.37174
-0.10987,0.00726,0.37179
-0.11051,0.00718,0.37183
-0.10987,0.00699,0.3718
-0.11011,0.00671,0.37186
-0.0976,0.00666,0.37182
-0.0976,0.00639,0.37195
-0.10987,0.00657,0.37192
-0.10987,0.00643,0.37198
-0.0976,0.00624,0.37203
-0.08656,0.00854,0.3727
-0.08652,0.00827,0.37266
-0.08649,0.008,0.37267
-0.0866,0.00881,0.37279
-0.08665,0.00907,0.37295
-0.08646,0.00772,0.37273
-0.08644,0.00744,0.37286
-0.09318,0.0065,0.37229
-0.07556,0.00884,0.37406
-0.07555,0.00859,0.37424
-0.08643,0.00719,0.37304
-0.07558,0.00911,0.37394
-0.06471,0.01022,0.37526
-0.0647,0.00997,0.37544
-0.05879,0.01033,0.37634
-0.06374,0.01226,0.37524
-0.06473,0.0105,0.37513
-0.07561,0.0094,0.37387
-0.06475,0.01078,0.37507
-0.07565,0.00967,0.37386
-0.06479,0.01106,0.37506
-0.07568,0.00994,0.3739
-0.06482,0.01132,0.3751
-0.07573,0.01021,0.374
-0.07578,0.01047,0.37415
-0.06487,0.0116,0.37519
-0.0867,0.0093,0.37315
-0.07583,0.01069,0.37436
-0.06491,0.01185,0.37535
-0.06496,0.01208,0.37555
-0.07588,0.01087,0.37461
-0.06501,0.01226,0.3758
-0.07593,0.01099,0.37488
-0.06505,0.01238,0.37608
-0.07597,0.01105,0.37516
-0.06509,0.01244,0.37636
-0.076,0.01105,0.37543
-0.06512,0.01244,0.37663
-0.07603,0.01101,0.3757
-0.06514,0.0124,0.3769
-0.07604,0.01091,0.37598
-0.06516,0.0123,0.37718
-0.07605,0.01076,0.37624
-0.06067,0.01274,0.37781
-0.07605,0.01055,0.37646
-0.06516,0.01194,0.37766
-0.07604,0.0103,0.37665
-0.06515,0.01169,0.37784
-0.06513,0.01141,0.37797
-0.06363,0.01033,0.37836
-0.0651,0.01113,0.37803
-0.07602,0.01002,0.37677
-0.07599,0.00974,0.37683
-0.07595,0.00947,0.37684
-0.06507,0.01086,0.37804
-0.06504,0.01059,0.378
-0.06499,0.01031,0.37791
-0.07591,0.0092,0.3768
-0.07587,0.00893,0.37671
-0.07582,0.00867,0.37656
-0.06495,0.01006,0.37775
-0.0649,0.00983,0.37755
-0.06485,0.00966,0.3773
-0.07577,0.00845,0.37635
-0.07571,0.00827,0.3761
-0.07567,0.00815,0.37583
-0.06481,0.00954,0.37702
-0.06477,0.00947,0.37674
-0.06474,0.00947,0.37647
-0.07563,0.00809,0.37555
-0.06472,0.00951,0.3762
-0.0756,0.00808,0.37527
-0.07557,0.00812,0.375
-0.08648,0.00669,0.37407
-0.08651,0.00669,0.37434
-0.08646,0.00673,0.3738
-0.07556,0.00822,0.37473
-0.08644,0.00683,0.37353
-0.07555,0.00838,0.37447
-0.06469,0.00976,0.37567
-0.0647,0.00961,0.37593
-0.054,0.01239,0.37901
-0.054,0.01047,0.37808
-0.05401,0.01141,0.37594
-0.05398,0.01373,0.37743
-0.05293,0.01057,0.37616
-0.05229,0.01196,0.37932
-0.05399,0.0121,0.37775
-0.04781,0.00851,0.37389
-0.04778,0.01629,0.37423
-0.05229,0.01367,0.37644
-0.0478,0.00696,0.38015
-0.04777,0.01495,0.3807
-0.04777,0.01664,0.37988
-0.04777,0.01643,0.3803
-0.04777,0.0161,0.38064
-0.04777,0.01568,0.38085
-0.02975,0.01562,0.38081
-0.02977,0.00727,0.38101
-0.02987,0.00602,0.37225
-0.02529,0.00618,0.37261
-0.02527,0.00616,0.38217
-0.02986,-0.01649,0.38273
-0.02942,0.00059,0.38341
-0.02535,-0.01712,0.38224
-0.02979,0.00718,0.37435
-0.02929,0.01421,0.38489
-0.02974,0.01676,0.3797
-0.02976,0.01357,0.37792
-0.02477,0.00787,0.37738
-0.02977,0.00965,0.38068
-0.02979,0.00721,0.37601
-0.02976,0.01609,0.37429
-0.02978,0.00723,0.37768
-0.02976,0.01202,0.38035
-0.02977,0.01038,0.37613
-0.02277,0.00786,0.37738
-0.02274,0.01587,0.37736
-0.02978,0.00725,0.37934
-0.02975,0.01439,0.38003
-0.02975,0.0166,0.37835
-0.02977,0.01164,0.37432
-0.02975,0.01643,0.377
-0.02475,0.01588,0.37737
-0.02995,0.01753,0.37265
-0.02977,0.01386,0.37431
-0.02978,0.00941,0.37433
-0.02975,0.01626,0.37564
-0.03053,0.0021,0.37172
-0.02909,0.02091,0.37186
-0.02972,0.01757,0.38708
-0.03028,0.01737,0.3875
-0.02851,0.02089,0.38788
-0.03035,-0.01733,0.38794
-0.03023,0.01672,0.38739
-0.03035,-0.01633,0.38744
-0.02973,0.01671,0.38739
-0.02918,0.00119,0.38641
-0.03003,-0.01695,0.38725
-0.0268,-0.00182,0.38441
-0.02684,-0.01384,0.38542
-0.02934,-0.02022,0.38794
-0.02983,-0.02035,0.37192
-0.03039,-0.0172,0.37273
0.03267,0.02069,0.37173
0.03312,-0.02061,0.37178
0.00068,-0.02094,0.38787
0.00545,-0.02097,0.37705
0.00409,-0.02077,0.382
0.00324,0.0211,0.38889
0.00451,-0.02095,0.39007
0.02321,-0.02102,0.39083
0.01876,-0.021,0.38979
0.00422,-0.01295,0.38296
0.00607,-0.01295,0.39095
0.0197,-0.01301,0.38287
0.01907,-0.013,0.38964
0.01943,-0.013,0.38913
0.01981,-0.02087,0.38179
0.01929,-0.013,0.38941
0.01904,-0.02101,0.38965
0.01926,-0.02101,0.38942
0.02321,-0.02102,0.38783
0.01941,-0.02101,0.38914
0.02336,0.02103,0.38777
0.0327,-0.02044,0.3878
0.02003,0.02105,0.38964
0.00476,0.01309,0.38962
0.01969,0.02074,0.38223
0.01985,0.01303,0.38861
0.00454,0.01308,0.38282
0.0043,0.02101,0.37867
0.01922,0.02103,0.37739
0.00452,0.01307,0.37804
0.01977,0.01302,0.37837
0.03217,0.02067,0.38775
0.03408,0.00236,0.38807
0.03348,-0.01738,0.38703
0.03364,0.01691,0.38761
0.03259,-0.01405,0.38479
0.0337,-0.01745,0.37264
0.03322,-0.01742,0.38203
0.03199,-0.00203,0.38448
0.03329,0.00097,0.38527
0.0333,0.00597,0.38206
0.02872,-0.01731,0.38212
0.0288,0.00635,0.38179
0.03334,0.00583,0.37223
0.03286,0.01398,0.38476
0.03354,0.01749,0.37264
0.03403,-0.00221,0.3714
0.02877,0.0053,0.37186
0.02869,-0.01741,0.3726
0.03029,0.00198,0.38478
0.03169,0.00473,0.38489
0.03308,0.00748,0.38501
0.01971,-0.01301,0.37845
0.019,-0.02102,0.37746
0.00433,-0.01296,0.37818
-0.02537,-0.01716,0.37261
-0.02974,0.01637,0.38026
-0.02974,0.01604,0.3806
-0.08683,0.00965,0.37396
-0.08679,0.00959,0.37368
-0.08675,0.00947,0.3734
-0.09759,0.00786,0.37453
-0.09759,0.00801,0.37446
-0.10986,0.00781,0.3746
-0.10986,0.00837,0.37417
-0.10979,0.00787,0.3746
-0.09759,0.00834,0.37413
-0.10986,0.00735,0.37475
-0.09759,0.00704,0.37473
-0.10986,0.00708,0.37476
-0.10971,0.01261,0.38582
-0.10972,0.0126,0.38001
-0.10969,0.01259,0.3724
-0.10964,0.01262,0.39343
-0.11764,0.01318,0.39581
-0.1177,0.01322,0.37002
-0.10954,0.03933,0.39565
-0.10969,0.01347,0.36992
-0.10959,0.03932,0.37012
-0.11234,0.03964,0.37933
-0.1176,0.0394,0.37026
-0.11511,0.03966,0.38145
-0.11339,0.03465,0.38659
-0.1129,0.03966,0.38657
-0.11305,0.03464,0.37917
-0.11755,0.03941,0.39555
-0.11766,0.03247,0.3757
-0.11768,0.03288,0.38957
-0.11782,0.02616,0.39036
-0.11776,0.01949,0.38957
-0.11792,0.03264,0.37613
-0.11778,0.01921,0.37647
-0.11789,0.03301,0.38925
-0.11791,0.03315,0.3774
-0.10963,0.0135,0.3959
-0.11228,0.00799,0.38189
-0.11125,0.00816,0.38326
0.11653,0.04108,0.3392
0.11821,0.04035,0.33908
0.11582,0.04159,0.34826
0.11428,0.04057,0.33906
0.11438,0.03731,0.34827
0.11893,0.03826,0.3481
0.11617,0.04133,0.34373
0.11807,0.04078,0.34708
0.11541,0.04118,0.34703
0.11402,0.03877,0.3471
0.11486,0.03874,0.34827
0.11686,0.04048,0.34821
0.11536,0.03626,0.35108
0.11501,0.04124,0.35107
0.11892,0.04014,0.35106
0.11789,0.03937,0.34815
0.11534,0.04017,0.34827
0.11666,0.03778,0.34818
0.1175,0.03659,0.34692
0.11843,0.03968,0.33907
0.11886,0.03833,0.33905
0.11695,0.0372,0.33922
0.11839,0.03805,0.33909
0.11637,0.03634,0.33906
0.1168,0.03698,0.33918
0.11462,0.03806,0.3392
0.11579,0.03691,0.3391
0.11891,0.03828,0.34508
0.11504,0.03699,0.3452
0.11769,0.03744,0.33907
0.11651,0.03655,0.3391
0.11845,0.038,0.33905
0.11743,0.03748,0.33918
0.11681,0.03685,0.33327
0.11916,0.03916,0.33377
0.1172,0.037,0.33905
0.11875,0.03867,0.33905
0.11625,0.03715,0.33413
0.11762,0.03733,0.33905
0.11882,0.03863,0.33404
0.11864,0.03901,0.33906
0.11731,0.04016,0.33915
0.11887,0.03824,0.33792
0.11832,0.04002,0.33907
0.11803,0.03767,0.33905
0.11678,0.03667,0.33906
0.11889,0.03831,0.34207
0.11809,0.03925,0.3391
0.11822,0.03855,0.3391
0.11791,0.03776,0.33913
0.11853,0.03934,0.33906
0.11773,0.04056,0.33911
0.11618,0.04126,0.33409
0.11578,0.04091,0.33915
0.11403,0.0391,0.33405
0.1162,0.03989,0.3341
0.11494,0.0396,0.33422
0.11797,0.03878,0.33419
0.11816,0.03929,0.33405
0.11564,0.04072,0.33408
0.11588,0.04101,0.33805
0.1151,0.04018,0.33407
0.11832,0.03892,0.33805
0.1175,0.03994,0.33407
0.11753,0.03789,0.33409
0.11687,0.04169,0.33773
0.11456,0.03964,0.33406
0.11684,0.0406,0.33408
0.11818,0.03826,0.33407
0.11622,0.03852,0.33412
0.11514,0.03813,0.33409
0.11534,0.03719,0.33806
0.11569,0.03764,0.33411
0.1157,0.03659,0.3379
0.11387,0.03952,0.3379
0.11608,0.03662,0.33908
0.11456,0.03848,0.33917
0.11465,0.04065,0.33908
0.11701,0.04087,0.33917
0.11458,0.03861,0.33407
0.11689,0.03752,0.33411
0.11526,0.03907,0.3392
0.11439,0.03973,0.3391
0.1152,0.03749,0.33915
0.11645,0.03871,0.33913
0.11806,0.03906,0.33911
0.11737,0.03825,0.33917
0.11764,0.03801,0.33915
0.11779,0.03802,0.34814
0.11765,0.0373,0.34358
0.11571,0.03666,0.34213
0.11697,0.03702,0.33914
0.11815,0.03907,0.33276
0.11598,0.04176,0.33378
0.11676,0.04076,0.33277
0.11734,0.04048,0.33034
0.1173,0.03777,0.33034
0.11473,0.03885,0.33034
0.11614,0.03872,0.33169
0.11754,0.03859,0.33304
0.11517,0.03948,0.33305
0.11504,0.03733,0.33335
0.1143,0.03948,0.33314
0.11491,0.03777,0.33917
0.11434,0.04015,0.33908
0.11532,0.03845,0.33906
0.11616,0.04099,0.33918
0.11797,0.04046,0.3391
0.11674,0.03914,0.33921
0.11779,0.03734,0.34666
0.11749,0.04066,0.33913
0.1155,0.0372,0.33913
0.1154,0.03777,0.3392
0.11666,0.03677,0.33914
0.11622,0.0372,0.33917
0.11704,0.03721,0.34475
0.11617,0.03748,0.33921
0.11826,0.03877,0.33944
0.11779,0.0393,0.33912
0.11621,0.04057,0.3392
0.11508,0.04071,0.34666
0.11545,0.03749,0.33916
0.11608,0.03698,0.33913
0.11677,0.04097,0.33919
0.11794,0.04028,0.34461
0.11501,0.04032,0.33943
0.11444,0.03921,0.34474
0.1164,0.04098,0.34515
0.11528,0.0382,0.34648
0.11813,0.03989,0.34517
0.11757,0.03883,0.34657
0.11558,0.03957,0.3392
0.11649,0.03989,0.33917
0.11641,0.03752,0.33909
0.11494,0.03856,0.3392
0.11503,0.04074,0.33911
0.1154,0.04082,0.33913
0.11589,0.04007,0.3392
0.11445,0.03931,0.33913
0.11501,0.03944,0.33916
0.11451,0.0389,0.33915
0.11565,0.04045,0.33917
0.11493,0.04007,0.33913
0.11725,0.04077,0.33915
0.11552,0.03755,0.34823
0.09466,-0.05279,0.33208
0.08412,-0.05074,0.33355
0.08411,-0.05282,0.33171
0.08412,-0.05039,0.33068
0.09372,-0.0498,0.33234
0.0949,-0.05106,0.33332
0.09994,-0.04699,0.33001
0.10294,-0.04883,0.3303
0.10724,-0.04252,0.32947
0.11012,-0.0424,0.32909
0.11003,-0.0431,0.32748
0.1036,-0.04643,0.32775
0.09503,-0.05072,0.33026
0.10974,-0.03923,0.32728
0.10825,-0.04048,0.32878
0.11089,-0.03991,0.32773
0.1087,-0.03905,0.32855
0.11057,-0.03876,0.32916
0.10902,-0.03864,0.32914
0.11022,-0.03849,0.32972
0.11033,-0.03856,0.32972
0.11008,-0.03846,0.32972
0.10983,-0.03839,0.33817
0.10903,-0.03856,0.32972
0.10928,-0.03848,0.32972
0.10942,-0.03842,0.32972
0.10954,-0.03842,0.32972
0.10956,-0.03841,0.33817
0.11103,-0.0403,0.33817
0.1101,-0.03845,0.33817
0.11082,-0.04066,0.33817
0.10944,-0.03841,0.33817
0.1108,-0.04067,0.32972
0.1106,-0.04086,0.32972
0.11062,-0.04085,0.33817
0.10847,-0.03915,0.33817
0.10872,-0.0388,0.33817
0.10863,-0.03892,0.33817
0.10882,-0.03873,0.33817
0.10904,-0.03856,0.33817
0.10905,-0.03855,0.33817
0.10929,-0.03847,0.33817
0.1088,-0.03874,0.32972
0.1087,-0.03881,0.32972
0.10861,-0.03893,0.32972
0.10845,-0.03916,0.32972
0.10836,-0.03942,0.32972
0.10845,-0.03921,0.32926
0.10833,-0.03961,0.32885
0.10831,-0.03999,0.32944
0.10831,-0.03995,0.32973
0.10832,-0.03968,0.32973
0.10838,-0.03941,0.33817
0.10833,-0.03967,0.33817
0.10834,-0.03953,0.33817
0.10932,-0.04113,0.33817
0.10832,-0.03994,0.33817
0.10909,-0.04102,0.33817
0.1093,-0.04114,0.32972
0.10961,-0.04117,0.33817
0.10958,-0.04117,0.3298
0.10838,-0.04022,0.32973
0.1084,-0.04021,0.33817
0.10841,-0.04035,0.32973
0.10843,-0.04034,0.33817
0.1085,-0.04046,0.33817
0.10886,-0.04088,0.33817
0.10865,-0.04069,0.33817
0.10863,-0.04071,0.32973
0.10849,-0.04047,0.32973
0.10884,-0.04089,0.32973
0.10892,-0.04096,0.32973
0.10894,-0.04095,0.33817
0.10907,-0.04103,0.32973
0.10887,-0.04098,0.32959
0.10935,-0.04115,0.32969
0.10906,-0.04104,0.3297
0.10932,-0.04115,0.3297
0.10959,-0.04119,0.3297
0.10955,-0.04119,0.3297
0.10972,-0.0412,0.3297
0.10986,-0.04119,0.3297
0.10986,-0.04118,0.32972
0.10971,-0.0412,0.32972
0.10988,-0.04116,0.33817
0.10973,-0.04119,0.33817
0.11015,-0.04112,0.33817
0.1104,-0.041,0.33817
0.11013,-0.04113,0.32969
0.11027,-0.04107,0.3297
0.11013,-0.0411,0.32975
0.11033,-0.04104,0.3297
0.10986,-0.04119,0.32971
0.11007,-0.04115,0.32969
0.11,-0.04115,0.32971
0.11038,-0.04105,0.32964
0.1105,-0.04096,0.32964
0.11052,-0.04094,0.33817
0.11036,-0.04103,0.32968
0.11041,-0.041,0.32967
0.1103,-0.04106,0.3297
0.11034,-0.04104,0.32968
0.11112,-0.04056,0.32884
0.1108,-0.04068,0.32959
0.11094,-0.04043,0.32972
0.11101,-0.04031,0.32972
0.11104,-0.04018,0.32972
0.11106,-0.04017,0.33817
0.1111,-0.03963,0.33817
0.11112,-0.0399,0.33817
0.11105,-0.03936,0.33817
0.1106,-0.03869,0.33817
0.11093,-0.03911,0.33817
0.11078,-0.03889,0.33817
0.11088,-0.039,0.33817
0.11104,-0.03937,0.32972
0.11092,-0.03912,0.32972
0.11104,-0.03941,0.32931
0.11108,-0.03964,0.32972
0.11111,-0.03979,0.32972
0.1111,-0.03991,0.32972
0.11112,-0.03978,0.33817
0.11076,-0.0389,0.32972
0.11058,-0.0387,0.32972
0.11057,-0.0387,0.32972
0.11035,-0.03855,0.33817
0.11024,-0.03848,0.33817
0.10979,-0.04118,0.32973
0.10972,-0.04117,0.32976
-0.00608,-0.05486,0.31729
-0.00594,-0.05486,0.31757
-0.00572,-0.05486,0.31617
-0.00613,-0.05486,0.31698
-0.00609,-0.05486,0.31667
-0.00594,-0.05486,0.31639
-0.00569,-0.04685,0.31616
-0.00572,-0.05486,0.31779
-0.00544,-0.05486,0.31793
-0.00544,-0.05487,0.31602
-0.00541,-0.04686,0.31601
-0.00591,-0.04685,0.31638
-0.00781,-0.04685,0.31373
-0.00511,-0.04686,0.31596
-0.0032,-0.04687,0.31372
-0.00397,-0.04688,0.2988
-0.0061,-0.04685,0.31697
-0.00606,-0.04685,0.31666
-0.0078,-0.04684,0.32064
-0.0063,-0.04687,0.29808
-0.00786,-0.04704,0.29473
-0.00778,-0.05536,0.29754
-0.00701,-0.04767,0.32141
-0.0072,-0.06093,0.28252
-0.00619,-0.05629,0.32098
-0.00043,-0.04915,0.29525
-0.00213,-0.04689,0.30198
0.00119,-0.04854,0.29947
-0.00215,-0.04697,0.29521
-0.00121,-0.05269,0.28588
-0.00134,-0.05552,0.28052
-0.00093,-0.05036,0.28386
-0.00219,-0.05095,0.28428
0.00032,-0.04978,0.28343
0.00014,-0.05305,0.28289
-0.00127,-0.0541,0.2832
-0.00445,-0.05163,0.29937
-0.00515,-0.05287,0.29847
-0.00106,-0.0476,0.30449
-0.00586,-0.0541,0.29756
0.00018,-0.05271,0.28122
0.00027,-0.05136,0.28061
-0.00096,-0.05143,0.28037
-0.0022,-0.0515,0.28014
-0.00219,-0.05122,0.28221
0.00088,-0.05176,0.28084
0.00033,-0.05013,0.28242
0.00022,-0.05204,0.28091
0.00085,-0.05046,0.28144
0.00089,-0.05305,0.2821
0.00152,-0.05039,0.28142
0.00176,-0.05172,0.28092
0.00165,-0.05317,0.28191
0.00221,-0.05052,0.28145
0.00212,-0.05292,0.28182
0.00256,-0.05213,0.28081
0.00268,-0.05314,0.28247
0.0025,-0.05198,0.28369
0.00338,-0.05221,0.28362
0.0032,-0.05061,0.28333
0.00299,-0.05024,0.28224
0.00245,-0.05072,0.28344
0.00164,-0.05217,0.28369
0.00181,-0.05047,0.28323
0.00093,-0.05144,0.28383
0.00073,-0.05281,0.28321
0.00034,-0.05146,0.28373
0.00109,-0.05007,0.28273
0.00267,-0.05008,0.28181
0.00326,-0.05192,0.28086
0.00336,-0.05081,0.28106
0.00374,-0.05146,0.28063
0.00402,-0.05313,0.28204
0.00337,-0.05305,0.28225
0.0042,-0.05246,0.2836
0.00452,-0.05313,0.28204
0.00511,-0.05225,0.28362
0.00448,-0.05052,0.28325
0.00382,-0.05062,0.2834
0.00401,-0.05025,0.28165
0.00423,-0.05169,0.28087
0.00472,-0.05062,0.28124
0.00484,-0.05255,0.28094
0.00517,-0.05285,0.28165
0.00536,-0.0502,0.28131
0.00552,-0.05241,0.28054
0.0051,-0.05046,0.28318
0.00487,-0.05323,0.28252
0.0088,-0.05439,0.28183
0.00581,-0.05416,0.28431
0.00886,-0.05106,0.27945
0.00628,-0.05244,0.28093
0.0063,-0.05247,0.28364
0.00884,-0.05213,0.2852
0.00878,-0.04885,0.28269
0.00583,-0.0501,0.28384
0.00631,-0.05006,0.28228
0.00016,-0.05288,0.28205
-0.00604,-0.05195,0.30588
-0.00219,-0.04678,0.31179
-0.00604,-0.05194,0.31334
-0.00422,-0.06019,0.30889
-0.00621,-0.06795,0.28508
0.00136,-0.06002,0.31627
0.00434,-0.06207,0.30955
0.0065,-0.07069,0.28604
-0.00129,-0.07208,0.28657
0.00887,-0.06059,0.28234
0.01068,-0.06018,0.28218
0.00922,-0.05279,0.30614
0.00281,-0.05967,0.32097
0.00949,-0.05503,0.32095
0.00439,-0.05747,0.32073
-0.00157,-0.0576,0.32073
0.01007,-0.04776,0.3213
0.00492,-0.04689,0.32061
0.00437,-0.05892,0.31671
0.0049,-0.0469,0.31341
-0.00187,-0.0584,0.31654
0.00507,-0.04684,0.31168
0.00791,-0.0469,0.31593
0.01061,-0.04692,0.31369
0.00691,-0.0469,0.31694
0.00696,-0.0469,0.31663
0.0076,-0.0469,0.31598
0.00732,-0.0469,0.31613
0.0071,-0.0469,0.31635
0.00707,-0.05491,0.31636
0.00693,-0.05491,0.31664
0.00688,-0.05491,0.31695
0.00696,-0.0469,0.31725
0.00693,-0.05491,0.31726
0.00708,-0.05491,0.31754
0.0071,-0.0469,0.31753
0.00733,-0.0469,0.31775
0.0073,-0.05491,0.31776
0.00757,-0.05491,0.31599
0.00729,-0.05491,0.31614
0.00758,-0.05491,0.3179
0.00788,-0.05491,0.31594
0.00819,-0.05492,0.31599
0.00822,-0.04691,0.31598
0.00847,-0.05492,0.31613
0.0085,-0.04691,0.31612
0.00884,-0.05492,0.31663
0.00869,-0.05492,0.31636
0.00872,-0.04691,0.31635
0.00889,-0.05492,0.31694
0.00891,-0.04691,0.31693
0.00886,-0.04691,0.31662
0.00887,-0.04691,0.31724
0.00884,-0.05492,0.31725
0.01063,-0.04691,0.3206
0.00872,-0.04691,0.31752
0.0085,-0.0469,0.31774
0.00847,-0.05491,0.31776
0.0087,-0.05492,0.31753
0.0082,-0.05491,0.3179
0.00822,-0.0469,0.31789
0.00792,-0.0469,0.31794
0.00761,-0.0469,0.31789
0.00789,-0.05491,0.31795
0.0075,-0.04707,0.29975
0.00879,-0.04681,0.29752
0.01013,-0.05151,0.2959
0.0037,-0.04906,0.2952
0.00656,-0.04686,0.29758
0.00226,-0.04923,0.29909
0.00628,-0.05415,0.28639
0.00226,-0.052,0.28446
0.00438,-0.0476,0.30426
0.0048,-0.05658,0.28088
0.00229,-0.05325,0.2816
0.00877,-0.05462,0.29773
0.00781,-0.05304,0.29841
0.00686,-0.05146,0.29909
0.00389,-0.05321,0.28111
0.0055,-0.05318,0.28062
0.0056,-0.05222,0.28442
0.00583,-0.04874,0.28413
0.00582,-0.05024,0.28107
0.00393,-0.05211,0.28444
0.00232,-0.04982,0.28203
0.00231,-0.05054,0.27907
0.00875,-0.0523,0.31342
-0.00209,-0.04686,0.32063
-0.0041,-0.04686,0.31696
-0.00415,-0.04686,0.31727
-0.00429,-0.04686,0.31755
-0.00451,-0.04686,0.31777
-0.00479,-0.04686,0.31792
-0.0051,-0.04685,0.31797
-0.00482,-0.05487,0.31793
-0.00454,-0.05487,0.31778
-0.00483,-0.05487,0.31602
-0.00432,-0.05487,0.31756
-0.00418,-0.05487,0.31728
-0.00413,-0.05487,0.31697
-0.00418,-0.05487,0.31666
-0.00455,-0.05487,0.31616
-0.00432,-0.05487,0.31638
-0.00429,-0.04686,0.31637
-0.00415,-0.04686,0.31665
-0.00452,-0.04686,0.31615
-0.0048,-0.04686,0.31601
-0.00513,-0.05487,0.31597
-0.00513,-0.05486,0.31798
-0.00541,-0.04685,0.31792
-0.00569,-0.04685,0.31778
-0.00591,-0.04685,0.31756
-0.00605,-0.04685,0.31728
-0.00514,-0.04688,0.29844
0.01355,0.1508,0.03385
0.01248,0.14994,0.03615
0.01226,0.15102,0.03456
0.01504,0.15048,0.03477
0.01478,0.15103,0.03477
0.01452,0.15019,0.03622
0.01331,0.15078,0.03701
0.01446,0.15198,0.03453
0.01484,0.15121,0.0363
0.01374,0.15152,0.03419
0.01202,0.15165,0.03572
0.01275,0.15167,0.03698
0.01228,0.15144,0.035
0.01375,0.15016,0.03684
0.01224,0.15052,0.03624
0.01393,0.15153,0.03713
0.01481,0.15201,0.03645
0.01438,0.15286,0.03507
0.01466,0.15264,0.03488
0.01501,0.15299,0.0359
0.01415,0.15208,0.03742
0.01353,0.15262,0.03442
0.01372,0.15357,0.03477
0.01423,0.15419,0.0353
0.01357,0.15234,0.03741
0.0149,0.15311,0.03708
0.01487,0.15463,0.03599
0.01256,0.1545,0.03546
0.01454,0.15377,0.03762
0.01212,0.1538,0.03593
0.01269,0.15324,0.03512
0.01209,0.15292,0.03662
0.01281,0.15315,0.03767
0.01267,0.15368,0.03774
0.01209,0.1541,0.03741
0.01357,0.15418,0.03824
0.01463,0.15533,0.03591
0.01426,0.15465,0.03833
0.01223,0.155,0.03619
0.01228,0.15477,0.03765
0.0119,0.1561,0.03597
0.01447,0.15582,0.03565
0.01101,0.15889,0.03695
0.01062,0.1554,0.03792
0.014,0.15939,0.03554
0.0159,0.15484,0.0394
0.01617,0.15872,0.03753
0.0148,0.15756,0.04057
0.01155,0.15784,0.03998
0.0127,0.15657,0.03606
0.01511,0.15611,0.03733
0.01386,0.15828,0.03876
0.01274,0.15564,0.03861
0.01345,0.15522,0.03534
0.01202,0.15226,0.03567
0.01291,0.15252,0.03762
0.0124,0.15213,0.03712
0.01281,0.15194,0.03424
-0.0011,-0.15546,0.017
0.00387,-0.15676,0.01745
-0.00432,-0.15244,0.0159
-0.00451,-0.16079,0.01845
-0.0062,-0.16537,0.02064
-0.00858,-0.15384,0.03988
0.00434,-0.14442,0.0364
0.00773,-0.15558,0.017
-0.0069,-0.14698,0.03737
0.00858,-0.15114,0.03884
0.00873,-0.14788,0.03764
-0.0007,-0.1431,0.03593
0.00989,-0.14996,0.03278
0.00532,-0.15253,0.015
0.01308,-0.1496,0.03308
0.01097,-0.15209,0.03647
0.01384,-0.14848,0.03617
0.0076,-0.15623,0.01119
0.00998,-0.15314,0.03316
0.01255,-0.15235,0.03577
0.01412,-0.15261,0.03506
0.01446,-0.15131,0.03863
0.01398,-0.15055,0.03561
0.0136,-0.15111,0.03407
0.008,-0.15815,0.00759
0.00882,-0.15954,0.0083
-0.00716,-0.15748,0.00852
-0.00563,-0.15332,0.01496
0.00022,-0.15685,0.00986
-0.00817,-0.15677,0.01501
0.00935,-0.15816,0.01646
0.00241,-0.15675,0.0142
0.00504,-0.16012,0.01804
-0.00242,-0.15704,0.01493
0.00748,-0.16482,0.02038
0.00105,-0.16414,0.02016
0.00172,-0.16521,0.01684
0.00919,-0.16354,0.01818
0.00822,-0.16742,0.01142
-0.00728,-0.16712,0.01388
0.00659,-0.16667,0.01958
0.00965,-0.15844,0.02204
0.00961,-0.15657,0.03442
0.00639,-0.15866,0.04159
0.01139,-0.15365,0.03804
0.01266,-0.15488,0.03468
0.00983,-0.15461,0.0401
0.00972,-0.15559,0.03726
0.0084,-0.15842,0.02203
0.01322,-0.15662,0.03607
0.01116,-0.15622,0.0367
0.01407,-0.15588,0.03792
0.01294,-0.15575,0.03538
0.01398,-0.15357,0.03829
0.01287,-0.15614,0.03613
0.0135,-0.15638,0.03669
0.01185,-0.15635,0.03649
0.01242,-0.15616,0.0373
0.01207,-0.15748,0.03486
0.01253,-0.15649,0.03628
0.01549,-0.15661,0.03726
0.01379,-0.15613,0.03731
0.01162,-0.1557,0.03853
0.01244,-0.15576,0.03833
0.01286,-0.15551,0.04025
0.00929,-0.15631,0.03805
0.01444,-0.15867,0.04035
0.01112,-0.15846,0.04091
0.01161,-0.15647,0.03904
0.01179,-0.16023,0.03607
0.00959,-0.15941,0.03818
0.01161,-0.15739,0.03647
0.01398,-0.15696,0.03771
0.01493,-0.15971,0.03737
0.01131,-0.15605,0.03731
0.01325,-0.15582,0.03813
0.01147,-0.15587,0.03792
0.0136,-0.15533,0.03817
0.01228,-0.1545,0.03849
0.01204,-0.15515,0.03863
0.01369,-0.15543,0.03649
0.01365,-0.15579,0.03619
0.01089,-0.15492,0.03695
0.01097,-0.15542,0.03732
0.01121,-0.15419,0.03768
0.01173,-0.155,0.03575
0.01142,-0.15558,0.03603
0.01151,-0.15604,0.03598
0.01332,-0.15514,0.03577
0.01361,-0.1543,0.03598
0.01384,-0.15452,0.03702
0.01403,-0.15479,0.03736
0.01332,-0.15403,0.03779
0.01187,-0.15367,0.03798
0.01325,-0.15322,0.03777
0.01117,-0.15338,0.03691
0.01135,-0.15292,0.03763
0.01185,-0.15257,0.03757
0.01148,-0.15337,0.0379
0.01399,-0.15328,0.03637
0.01265,-0.15206,0.03747
0.0138,-0.15279,0.03631
0.01302,-0.15329,0.03521
0.01258,-0.15388,0.03503
0.01106,-0.15403,0.03601
0.01114,-0.15339,0.03571
0.0124,-0.15443,0.03531
0.01117,-0.15452,0.03573
0.01087,-0.15249,0.03633
0.01155,-0.15319,0.03499
0.01339,-0.1531,0.03491
0.01227,-0.15284,0.03472
0.01119,-0.15232,0.03509
0.0133,-0.15252,0.03492
0.01313,-0.15222,0.03447
0.0139,-0.15141,0.03596
0.01377,-0.15209,0.03653
0.01269,-0.15097,0.03707
0.01378,-0.15142,0.03495
0.01342,-0.15178,0.0349
0.01169,-0.15176,0.03451
0.01102,-0.15104,0.03616
0.0111,-0.15179,0.03622
0.01257,-0.15141,0.03758
0.01402,-0.15472,0.03811
0.0008,-0.16064,0.04233
-0.00656,-0.1581,0.04143
-0.00058,-0.16891,0.02086
-0.00586,-0.16673,0.01958
-0.00708,-0.16802,0.012
-0.00768,-0.16762,0.01053
0.00832,-0.16733,0.01132
-0.00809,-0.16714,0.00959
-0.00858,-0.16568,0.00978
0.00921,-0.16564,0.0096
0.00899,-0.16666,0.00878
0.00881,-0.16697,0.0092
0.00859,-0.16729,0.00971
0.00924,-0.16556,0.00951
-0.00865,-0.16549,0.00956
-0.00843,-0.16656,0.00879
-0.00866,-0.16599,0.0082
-0.00877,-0.16513,0.00919
-0.00854,-0.16629,0.00852
-0.0087,-0.16587,0.0081
0.00922,-0.16604,0.00817
0.00935,-0.16566,0.00784
0.00933,-0.16572,0.00788
0.00911,-0.16636,0.00847
0.00939,-0.16506,0.009
-0.00839,-0.16663,0.00888
-0.00823,-0.1669,0.00925
0.00948,-0.16498,0.00737
0.00952,-0.16426,0.00846
-0.00886,-0.16468,0.00883
0.00949,-0.16492,0.00735
-0.00885,-0.16526,0.00763
0.00953,-0.16418,0.00842
0.00955,-0.16423,0.007
-0.0089,-0.16485,0.0074
-0.00895,-0.16455,0.00722
-0.00893,-0.16428,0.00854
-0.00896,-0.16344,0.00817
-0.00896,-0.16405,0.00701
-0.00897,-0.16371,0.00687
0.00953,-0.16335,0.00671
0.00955,-0.16405,0.00693
0.00955,-0.1632,0.00802
0.00956,-0.16351,0.00812
-0.00896,-0.16328,0.00811
-0.00895,-0.16282,0.00796
0.00951,-0.16255,0.00787
-0.0088,-0.16172,0.00785
-0.00884,-0.16243,0.00661
-0.0089,-0.16281,0.00665
0.00944,-0.1625,0.00656
-0.00876,-0.16199,0.00656
-0.00873,-0.16185,0.00655
0.0094,-0.16179,0.00781
0.00924,-0.16155,0.00652
-0.00866,-0.16157,0.00657
-0.00851,-0.16098,0.00659
-0.00871,-0.16126,0.00788
-0.00856,-0.16065,0.00796
-0.00842,-0.1607,0.00665
0.00924,-0.16105,0.00788
-0.00822,-0.16011,0.00676
0.00898,-0.16062,0.00662
0.00902,-0.16075,0.0066
0.0092,-0.16086,0.0079
0.00903,-0.16022,0.00807
0.00873,-0.1599,0.00681
-0.00812,-0.15984,0.00684
0.00868,-0.15977,0.00684
-0.008,-0.15953,0.00694
-0.0083,-0.15979,0.00823
-0.00804,-0.15901,0.00863
-0.00841,-0.16016,0.00811
0.00937,-0.16163,0.00782
-0.00881,-0.16221,0.01823
0.07979,0.05886,0.32001
0.07993,0.05868,0.32012
0.07382,0.0645,0.31983
0.07946,0.0592,0.31982
0.07384,0.06448,0.31982
0.09529,0.08732,0.31981
0.07355,0.06473,0.31997
0.0947,0.08789,0.32009
0.09566,0.08736,0.32012
0.09224,0.09054,0.32371
0.07481,0.06701,0.32126
0.10004,0.08319,0.31951
0.07736,0.06119,0.31902
0.09331,0.08939,0.32145
0.0936,0.08891,0.32102
0.06327,0.05664,0.32111
0.07276,0.06523,0.32041
0.07236,0.06534,0.32061
0.0723,0.06534,0.32064
0.07327,0.06493,0.32012
0.07307,0.06508,0.32024
0.07183,0.06526,0.32082
0.08025,0.05819,0.3204
0.08033,0.05801,0.32049
0.08038,0.05776,0.32062
0.10259,0.08047,0.32102
0.08041,0.05758,0.3207
0.10164,0.08137,0.32017
0.1028,0.0805,0.32109
0.08018,0.05834,0.32031
0.0802,0.05658,0.32105
0.07991,0.05661,0.32087
0.08038,0.05739,0.32076
0.08255,0.05657,0.32251
0.10508,0.07827,0.32579
0.10403,0.07913,0.32275
0.10541,0.07818,0.32537
0.07388,0.0448,0.32497
0.1044,0.07878,0.32327
0.0719,0.0448,0.32385
0.07582,0.04912,0.32493
0.07394,0.05215,0.32493
0.06108,0.04918,0.32438
0.0715,0.0448,0.32255
0.05069,0.04488,0.32301
0.07261,0.0448,0.32505
0.07715,0.04811,0.32637
0.07546,0.0448,0.32988
0.0763,0.04645,0.32812
0.07196,0.04482,0.33678
0.07718,0.04805,0.33368
0.07582,0.04916,0.33517
0.07457,0.04644,0.33523
0.08436,0.05563,0.33403
0.0611,0.0492,0.33577
0.07368,0.05286,0.33524
0.05052,0.0449,0.33708
0.08106,0.05705,0.33899
0.07671,0.05263,0.33755
0.10508,0.07857,0.33535
0.07555,0.05306,0.33755
0.07439,0.05349,0.33755
0.08307,0.0578,0.33502
0.0767,0.0527,0.33505
0.07791,0.06141,0.33896
0.07662,0.06452,0.33944
0.07702,0.06223,0.33655
0.08517,0.05655,0.33311
0.08155,0.06026,0.33881
0.06204,0.05278,0.33508
0.07185,0.06882,0.3352
0.06043,0.05502,0.33773
0.06067,0.05297,0.33508
0.06119,0.05212,0.33758
0.0593,0.05316,0.33509
0.05756,0.05252,0.3364
0.0573,0.05277,0.33497
0.05683,0.05321,0.33541
0.05679,0.05324,0.33463
0.07169,0.0686,0.33478
0.07213,0.06956,0.33457
0.05639,0.05361,0.33409
0.07173,0.06994,0.33404
0.07196,0.06973,0.33488
0.07146,0.07019,0.33336
0.09334,0.0895,0.33842
0.09072,0.09203,0.3316
0.09109,0.09132,0.33503
0.09099,0.09133,0.33246
0.07258,0.06549,0.33951
0.09661,0.0865,0.34044
0.09218,0.0903,0.33719
0.06692,0.05665,0.33866
0.07362,0.06273,0.33832
0.07777,0.05787,0.33926
0.07777,0.05788,0.33754
0.04954,0.0449,0.33734
0.04769,0.04491,0.33558
0.04881,0.04734,0.33164
0.04616,0.04491,0.33002
0.05863,0.05711,0.33369
0.05147,0.04977,0.33326
0.05164,0.04988,0.32683
0.05635,0.05365,0.33409
0.05802,0.05536,0.33408
0.04765,0.04489,0.32481
0.0584,0.05701,0.32638
0.05638,0.0536,0.32604
0.05735,0.05268,0.32387
0.0489,0.0474,0.32843
0.05677,0.05323,0.32554
0.07171,0.06993,0.32602
0.07233,0.06934,0.32529
0.07194,0.06971,0.32518
0.07145,0.07018,0.3267
0.05904,0.05697,0.32674
0.05934,0.05764,0.32748
0.05866,0.05814,0.32737
0.05881,0.05858,0.3283
0.05874,0.05835,0.32773
0.05944,0.05804,0.32848
0.05868,0.05819,0.32746
0.09098,0.09133,0.32746
0.05882,0.05863,0.32846
0.05943,0.05814,0.32907
0.0799,0.07991,0.32883
0.08082,0.08158,0.32852
0.07938,0.08059,0.32873
0.09035,0.09221,0.3287
0.09094,0.09179,0.32638
0.08101,0.08183,0.33115
0.05868,0.05819,0.33268
0.08004,0.08001,0.33153
0.07922,0.08043,0.33118
0.08587,0.08693,0.33137
0.07889,0.08016,0.33034
0.05881,0.05873,0.33107
0.07885,0.08013,0.33
0.05913,0.05828,0.33193
0.05878,0.05876,0.32943
0.05939,0.05817,0.33007
0.05943,0.05814,0.33107
0.07948,0.07955,0.33009
0.05935,0.05765,0.33257
0.07927,0.07993,0.32928
0.07886,0.08013,0.32992
0.09109,0.09129,0.3249
0.09095,0.09142,0.3252
0.04954,0.04488,0.32289
0.0609,0.05665,0.32256
0.09217,0.09026,0.32275
0.0613,0.05665,0.32226
0.06189,0.05443,0.32256
0.07768,0.05776,0.32252
0.07359,0.06271,0.32171
0.06683,0.05662,0.32054
0.0598,0.05259,0.32257
0.06002,0.05396,0.32507
0.06084,0.05351,0.32256
0.06167,0.05228,0.32507
0.07571,0.06342,0.32391
0.06085,0.05312,0.32507
0.07198,0.06693,0.32503
0.07935,0.06001,0.32495
0.07669,0.06249,0.32069
0.05783,0.05223,0.32508
0.07225,0.06804,0.32429
0.07976,0.06098,0.32075
0.07193,0.06835,0.32514
0.07167,0.06859,0.32528
0.05728,0.05275,0.32519
0.08378,0.05777,0.3251
0.08098,0.06121,0.3205
0.07653,0.05382,0.32503
0.08398,0.05564,0.32587
0.08559,0.0562,0.32845
0.08538,0.05576,0.32717
0.09026,0.06114,0.32844
0.10581,0.07747,0.32734
0.09399,0.06552,0.32998
0.09492,0.06608,0.32842
0.10595,0.07777,0.33178
0.10134,0.07276,0.33073
0.09674,0.06775,0.32969
0.09517,0.06628,0.33161
0.10056,0.07202,0.3317
0.09017,0.06141,0.33236
0.10512,0.07811,0.3249
0.0744,0.05366,0.32253
0.07663,0.05247,0.32253
0.07551,0.05307,0.32253
0.07523,0.05299,0.32498
0.07775,0.05849,0.32085
0.1023,0.08123,0.33912
0.06081,0.05357,0.33766
0.07519,0.05278,0.33514
0.07554,0.05309,0.3363
0.07479,0.05313,0.33635
0.2629,0.23305,0.33242
0.26416,0.23275,0.33613
0.26406,0.23182,0.33427
0.26396,0.2309,0.33242
0.26397,0.22902,0.33243
0.26101,0.2316,0.33413
0.2637,0.23466,0.33412
0.26532,0.23399,0.33242
0.26343,0.23197,0.33242
0.26348,0.2303,0.33613
0.26017,0.23167,0.33613
0.26647,0.23145,0.33612
0.26382,0.23152,0.33613
0.25104,0.22709,0.33797
0.26381,0.23549,0.33612
0.26327,0.2354,0.33793
0.251,0.22783,0.33421
0.2509,0.21917,0.33741
0.25353,0.23077,0.33795
0.24694,0.22835,0.33797
0.25067,0.22991,0.33734
0.24852,0.23035,0.33737
0.24363,0.23101,0.33798
0.23641,0.223,0.33387
0.23369,0.221,0.33773
0.24318,0.23062,0.33417
0.23931,0.22019,0.33769
0.23469,0.23865,0.33418
0.23509,0.23914,0.33798
0.24466,0.23129,0.33467
0.25202,0.23563,0.33795
0.25509,0.24011,0.33794
0.25511,0.24008,0.33463
0.26111,0.24874,0.33461
0.23526,0.24019,0.33468
0.25169,0.25766,0.33462
0.24336,0.25111,0.33465
0.2434,0.25109,0.33795
0.23926,0.24789,0.33796
0.24883,0.25761,0.33793
0.25156,0.25767,0.33792
0.23951,0.24819,0.33796
0.24689,0.25597,0.33794
0.25116,0.26009,0.33792
0.25232,0.26268,0.33791
0.24765,0.25974,0.33793
0.24337,0.26168,0.33794
0.24095,0.25134,0.33796
0.23843,0.24766,0.33466
0.24378,0.26124,0.33463
0.24689,0.25598,0.33463
0.2488,0.2655,0.33792
0.23747,0.25926,0.33415
0.23298,0.25043,0.33467
0.23261,0.25075,0.33797
0.2383,0.25952,0.33615
0.23805,0.24739,0.33797
0.23471,0.24409,0.33744
0.23478,0.24617,0.33746
0.23306,0.24515,0.33715
0.23459,0.24208,0.33431
0.23722,0.24565,0.33428
0.24679,0.2633,0.33421
0.24811,0.2574,0.33441
0.23417,0.24806,0.33434
0.24699,0.22862,0.33424
0.24828,0.23319,0.33422
0.24798,0.21709,0.33698
0.2479,0.2166,0.33343
0.23861,0.22047,0.3334
0.23853,0.21912,0.337
0.24242,0.21631,0.32923
0.23287,0.22099,0.32926
0.23165,0.22039,0.32946
0.22654,0.22665,0.32884
0.23353,0.21379,0.32641
0.23314,0.21903,0.33613
0.23415,0.21741,0.33425
0.23501,0.21695,0.32958
0.22586,0.21323,0.33834
0.22027,0.21851,0.33926
0.22687,0.22609,0.33876
0.22922,0.2102,0.33214
0.22283,0.20494,0.33522
0.21591,0.20767,0.33977
0.21144,0.20238,0.33996
0.20698,0.19708,0.34015
0.22049,0.20339,0.3364
0.22953,0.21327,0.33702
0.21902,0.20058,0.33535
0.2111,0.19322,0.336
0.21106,0.19362,0.33707
0.23032,0.21408,0.33712
0.22909,0.21359,0.33755
0.21047,0.19415,0.33786
0.22947,0.21795,0.33966
0.23789,0.21754,0.34126
0.22195,0.23188,0.34146
0.23238,0.21537,0.33711
0.22479,0.22308,0.34034
0.21598,0.21033,0.34014
0.22074,0.22963,0.33747
0.22139,0.22531,0.33861
0.22019,0.23761,0.34141
0.22566,0.22782,0.33796
0.22074,0.25553,0.3414
0.21937,0.24702,0.32946
0.22066,0.23397,0.32886
0.22031,0.25229,0.33811
0.22029,0.23984,0.33808
0.22299,0.23443,0.33737
0.22172,0.24257,0.33801
0.22081,0.24692,0.338
0.22086,0.24254,0.33701
0.22155,0.2351,0.32916
0.22481,0.23342,0.33332
0.22631,0.23464,0.33746
0.23206,0.24113,0.33799
0.23211,0.24225,0.33418
0.22967,0.24459,0.33799
0.22089,0.24619,0.337
0.23102,0.24573,0.33424
0.22118,0.24587,0.33391
0.23458,0.2564,0.33416
0.23468,0.2557,0.33616
0.23287,0.25926,0.33616
0.23189,0.25927,0.33246
0.23653,0.25753,0.33245
0.23482,0.25971,0.33245
0.23499,0.261,0.33245
0.23466,0.25842,0.33245
0.23358,0.25984,0.33492
0.23466,0.26016,0.33615
0.23556,0.26062,0.33615
0.23518,0.26087,0.33368
0.23377,0.25971,0.33616
0.23457,0.26023,0.33554
0.23537,0.26075,0.33492
0.23438,0.26036,0.3343
0.23428,0.26042,0.33369
0.23403,0.26006,0.33492
0.22038,0.24244,0.33337
0.22312,0.25891,0.33698
0.22575,0.26324,0.33796
0.23328,0.2698,0.33695
0.22377,0.26182,0.32937
0.2312,0.26876,0.33797
0.23076,0.26953,0.34136
0.23691,0.27338,0.32932
0.24216,0.27444,0.338
0.24896,0.2759,0.34131
0.24499,0.27486,0.33692
0.24639,0.2744,0.33332
0.25523,0.27547,0.32928
0.25029,0.27457,0.33331
0.25177,0.26204,0.33415
0.24993,0.27319,0.33731
0.25192,0.27497,0.3369
0.26264,0.2711,0.33746
0.27323,0.26432,0.32926
0.27129,0.26489,0.33687
0.26631,0.26945,0.33789
0.25657,0.27434,0.33799
0.26421,0.27161,0.34128
0.27429,0.2616,0.33798
0.27422,0.26248,0.34127
0.27883,0.2509,0.34127
0.27786,0.25212,0.33772
0.27874,0.24987,0.32943
0.27746,0.24821,0.33688
0.2768,0.24823,0.33788
0.27683,0.24485,0.33782
0.27651,0.2341,0.33791
0.27881,0.244,0.33827
0.2736,0.22926,0.33787
0.27083,0.22487,0.34126
0.27764,0.23525,0.3413
0.27778,0.23524,0.32928
0.26427,0.21894,0.32933
0.27818,0.24454,0.33329
0.27776,0.24463,0.33688
0.27365,0.22911,0.33691
0.26713,0.22253,0.33792
0.25291,0.21705,0.33735
0.26256,0.21893,0.33695
0.25178,0.2168,0.3334
0.24811,0.2181,0.33798
0.24911,0.21597,0.33803
0.26152,0.21867,0.33809
0.25928,0.2171,0.34135
0.24376,0.2159,0.34144
0.24941,0.215,0.32941
0.23781,0.21838,0.33809
0.26725,0.24451,0.33409
0.26421,0.24365,0.3348
0.26746,0.24444,0.33791
0.27729,0.24794,0.33374
0.2651,0.2469,0.33713
0.26667,0.24837,0.33413
0.26304,0.24602,0.33747
0.26324,0.24926,0.33415
0.26537,0.24512,0.33791
0.26698,0.24872,0.3379
0.26112,0.24886,0.33791
0.2533,0.25881,0.33792
0.26126,0.24594,0.33792
0.26489,0.24153,0.33792
0.25984,0.24392,0.33792
0.25244,0.23605,0.33795
0.25553,0.23771,0.33794
0.25168,0.23496,0.33465
0.25474,0.22988,0.33465
0.26535,0.24098,0.33461
0.2598,0.24394,0.33462
0.26156,0.24477,0.33423
0.25269,0.23179,0.33428
0.25015,0.23161,0.33733
0.24685,0.27305,0.33754
0.25026,0.26051,0.33625
0.24746,0.26072,0.3366
0.24993,0.26149,0.33792
0.24886,0.26061,0.33642
0.24879,0.26061,0.33793
0.22644,0.23049,0.33347
0.22461,0.22734,0.32999
0.22393,0.22723,0.33685
0.22153,0.22971,0.32991
0.22219,0.22889,0.33418
0.21613,0.2224,0.33528
0.20235,0.20144,0.3394
0.20066,0.20305,0.33808
0.20868,0.21447,0.33581
0.21008,0.21818,0.33362
0.21482,0.22366,0.32908
0.21774,0.22485,0.3255
0.21738,0.22108,0.3216
0.21,0.21939,0.32784
0.21074,0.2166,0.32288
0.21855,0.22885,0.33089
0.21804,0.22727,0.32573
0.21886,0.22207,0.32016
0.22836,0.21349,0.3209
0.2138,0.2103,0.31932
0.2229,0.21799,0.31861
0.22585,0.21537,0.31933
0.20811,0.21239,0.32185
0.21082,0.20678,0.31858
0.2082,0.20633,0.31916
0.201,0.20259,0.32059
0.20455,0.20749,0.32122
0.20421,0.21208,0.32579
0.19767,0.20581,0.32602
0.20407,0.21265,0.33277
0.20094,0.20895,0.32591
0.19803,0.20551,0.33368
0.19965,0.20434,0.33694
0.20105,0.20908,0.33322
0.21884,0.2259,0.33621
0.19997,0.20404,0.33741
0.21836,0.2237,0.33729
0.21925,0.22415,0.33765
0.2188,0.22327,0.33783
0.20103,0.20304,0.33855
0.21362,0.20778,0.31901
0.20371,0.20023,0.31961
0.21625,0.20998,0.31898
0.22244,0.21676,0.31965
0.21574,0.2077,0.31923
0.22622,0.21301,0.32121
0.21288,0.20474,0.3187
0.2097,0.19454,0.32076
0.20625,0.19759,0.31904
0.213,0.20275,0.31912
0.21268,0.2032,0.31797
0.20726,0.19701,0.31799
0.20873,0.2059,0.31774
0.21085,0.20268,0.31243
0.20933,0.20088,0.31583
0.20756,0.19684,0.3191
0.21237,0.20196,0.31908
0.20732,0.19679,0.31925
0.20765,0.19675,0.3192
0.20745,0.19667,0.31938
0.20774,0.19667,0.31926
0.21247,0.20188,0.31919
0.21256,0.2018,0.31924
0.21255,0.20201,0.31917
0.20932,0.20087,0.31272
0.20611,0.20183,0.31412
0.20933,0.20087,0.31428
0.20712,0.20291,0.31427
0.20813,0.20399,0.31442
0.20852,0.20029,0.31117
0.20649,0.20208,0.31127
0.20375,0.20014,0.31785
0.20892,0.20451,0.31229
0.20333,0.20054,0.31891
0.20826,0.20599,0.31878
0.20333,0.20081,0.31885
0.20825,0.20617,0.31903
0.20789,0.20579,0.319
0.20795,0.20573,0.31883
0.20329,0.20085,0.31898
0.20321,0.20076,0.31909
0.20784,0.20584,0.31907
0.20325,0.20062,0.31913
0.20332,0.20055,0.31897
0.20317,0.20097,0.31915
0.20779,0.20589,0.31913
0.20777,0.20591,0.31916
0.20773,0.20604,0.31921
0.20311,0.20102,0.3192
0.20308,0.20078,0.31936
0.20312,0.20074,0.31931
0.21561,0.19539,0.32547
0.2125,0.19185,0.32571
0.22057,0.20407,0.32238
0.21514,0.19931,0.32157
0.21872,0.19893,0.32523
0.21272,0.1917,0.33287
0.21895,0.19845,0.33289
0.21583,0.19508,0.33288
0.21506,0.1969,0.33568
0.22901,0.21037,0.32622
0.22508,0.20499,0.32592
0.22491,0.20509,0.33283
0.23522,0.21464,0.33113
0.22375,0.20475,0.33489
0.22341,0.20465,0.33519
0.22959,0.21323,0.33695
0.23093,0.21316,0.32604
0.22192,0.22867,0.32887
0.20795,0.20567,0.33966
0.21355,0.20991,0.33991
0.21355,0.20807,0.33998
0.00592,0.16152,0.01806
0.00136,0.15453,0.01634
0.00856,0.15438,0.01626
0.00867,0.16457,0.01995
0.00953,0.1582,0.02163
-0.00219,0.15242,0.01556
0.00424,0.14398,0.03592
0.00958,0.15097,0.03845
-0.00353,0.14496,0.03629
-0.00427,0.15292,0.01458
0.01004,0.14763,0.03724
0.00666,0.15247,0.01458
0.00871,0.15626,0.01011
0.01143,0.15251,0.03252
-0.00681,0.15859,0.00841
-0.00584,0.15631,0.01018
0.00947,0.15784,0.00898
-0.00093,0.15663,0.0141
0.0049,0.15695,0.01511
0.0106,0.15776,0.01631
0.00143,0.15628,0.01015
0.0088,0.15723,0.00775
-0.00578,0.15699,0.00807
0.01025,0.16325,0.01736
0.01078,0.15815,0.02161
0.01199,0.15458,0.03431
0.01007,0.1574,0.03439
0.01523,0.15437,0.03499
0.01411,0.15698,0.03517
0.01213,0.15518,0.0393
0.01327,0.15417,0.03881
0.01442,0.15317,0.03832
0.00978,0.15298,0.03918
0.01467,0.15568,0.03508
0.01487,0.15451,0.0383
0.01532,0.15585,0.03827
0.00619,0.15946,0.04153
-0.00467,0.15867,0.04126
-0.00288,0.16627,0.02058
0.00701,0.16692,0.01978
-0.00475,0.16649,0.01927
0.00831,0.16756,0.01426
0.00848,0.16786,0.01278
-0.0053,0.16784,0.01367
0.00929,0.16652,0.01323
0.00932,0.16578,0.01517
0.00925,0.16618,0.01438
0.00926,0.16631,0.014
0.00937,0.16559,0.01541
-0.00628,0.16617,0.01457
-0.00636,0.1658,0.01524
-0.00641,0.16562,0.01548
-0.00733,0.16311,0.01749
0.00011,0.16494,0.0164
0.00072,0.16398,0.01976
-0.00325,0.16008,0.01775
-0.00681,0.15898,0.01794
-0.00761,0.1575,0.01597
-0.00772,0.15054,0.03832
-0.00628,0.16636,0.01404
-0.00631,0.16655,0.01343
-0.00647,0.16661,0.01248
0.00944,0.16655,0.01245
0.00951,0.16655,0.0121
0.0087,0.16785,0.01199
-0.00664,0.16657,0.01178
-0.00688,0.16636,0.01092
0.00971,0.16643,0.01131
-0.00648,0.16662,0.0124
0.01034,0.16598,0.00794
0.00893,0.16776,0.01136
0.00901,0.16773,0.01113
0.00928,0.16754,0.01047
0.00937,0.16747,0.01025
0.0095,0.16734,0.00995
0.00964,0.16718,0.0096
0.0103,0.16607,0.00804
0.00972,0.1671,0.00943
0.00978,0.16702,0.00928
0.01,0.16668,0.00877
0.01008,0.16654,0.00857
-0.00749,0.16578,0.00772
-0.00735,0.16613,0.00809
-0.00747,0.16533,0.00913
-0.00724,0.1664,0.00835
-0.00741,0.1655,0.00932
-0.00704,0.16674,0.00882
0.01036,0.16543,0.00927
-0.00734,0.16564,0.00952
0.01029,0.16558,0.00948
-0.00719,0.16596,0.00998
-0.00696,0.16629,0.01068
-0.00668,0.16723,0.00964
-0.00694,0.16693,0.00907
-0.00655,0.16739,0.00994
-0.00631,0.16759,0.01051
-0.0062,0.16768,0.01076
-0.00596,0.16781,0.01139
-0.00576,0.1679,0.01192
0.00984,0.1663,0.01089
0.01003,0.16608,0.01027
0.01041,0.16576,0.00774
0.01041,0.16527,0.00909
0.01055,0.16481,0.00863
0.0105,0.16548,0.00749
-0.00758,0.16543,0.00746
0.01066,0.1642,0.00817
0.01064,0.16481,0.00702
0.01066,0.16463,0.00693
-0.00767,0.1651,0.0072
-0.00769,0.16453,0.0084
-0.00769,0.16497,0.00712
-0.00773,0.1647,0.00697
-0.00778,0.16376,0.00794
-0.00778,0.16424,0.00672
0.01071,0.16408,0.00664
-0.00779,0.16389,0.00659
0.01072,0.16394,0.00658
0.01073,0.16349,0.00778
0.01071,0.16366,0.00648
0.01069,0.16306,0.00629
0.01071,0.16306,0.00765
-0.00779,0.16331,0.00638
-0.0078,0.16346,0.00642
-0.00778,0.16312,0.00634
-0.0078,0.16305,0.00766
-0.00775,0.16232,0.00749
-0.00772,0.16251,0.0062
0.01062,0.16234,0.00615
-0.00768,0.16227,0.00618
0.0106,0.16221,0.00613
0.01069,0.1625,0.00749
-0.00764,0.16156,0.00743
-0.00758,0.16168,0.00613
0.01059,0.16218,0.00613
-0.00751,0.16141,0.00614
0.01039,0.16125,0.0061
0.01059,0.1617,0.0074
0.01055,0.1615,0.00739
-0.0078,0.16312,0.00768
-0.00779,0.16329,0.00775
0.01038,0.16071,0.00746
0.01017,0.16045,0.00618
0.01017,0.15994,0.00764
-0.00749,0.16083,0.0075
-0.00756,0.16114,0.00745
0.01017,0.16048,0.00618
-0.00736,0.16031,0.00759
-0.00727,0.16054,0.00623
-0.00742,0.16104,0.00615
-0.00716,0.16018,0.00628
-0.0069,0.15947,0.00649
0.00986,0.15958,0.00639
-0.0068,0.15921,0.00658
-0.00714,0.15957,0.00784
-0.00692,0.15889,0.00819
-0.00662,0.15881,0.00678
0.00952,0.15876,0.00672
-0.00644,0.15839,0.00698
0.00948,0.15867,0.00676
0.0099,0.15908,0.00802
0.01014,0.15981,0.00768
0.00971,0.15854,0.00838
0.00964,0.15835,0.0085
0.00914,0.15794,0.00719
-0.00609,0.15764,0.00748
-0.00626,0.158,0.00724
0.00913,0.15792,0.00721
-0.0059,0.15725,0.00783
-0.00757,0.16503,0.00881
0.01205,0.15183,0.03616
0.01499,0.15244,0.03446
0.01463,0.15094,0.03354
0.01427,0.14945,0.03262
0.01364,0.14808,0.03623
0.01485,0.15151,0.03701
0.01396,0.14876,0.03442
0.01425,0.14979,0.03662
-0.08018,-0.06412,0.32934
-0.08012,-0.06419,0.32908
-0.07992,-0.06438,0.3286
-0.08019,-0.06412,0.32959
-0.07956,-0.06473,0.3283
-0.07263,-0.05644,0.32905
-0.07777,-0.0627,0.32833
-0.0681,-0.05279,0.32823
-0.06562,-0.05412,0.32898
-0.06295,-0.05228,0.32814
-0.06783,-0.05462,0.3283
-0.06295,-0.05202,0.32816
-0.07188,-0.05717,0.32819
-0.06295,-0.05176,0.32823
-0.06595,-0.05151,0.3286
-0.06295,-0.05151,0.32836
-0.06909,-0.05258,0.32984
-0.07268,-0.05639,0.32931
-0.0727,-0.05637,0.32956
-0.07268,-0.05639,0.32982
-0.07263,-0.05644,0.33008
-0.06588,-0.05144,0.33052
-0.06848,-0.05437,0.33094
-0.07253,-0.05653,0.33033
-0.0724,-0.05666,0.33056
-0.07224,-0.05681,0.33074
-0.07974,-0.06455,0.33076
-0.07206,-0.05699,0.33087
-0.07955,-0.06473,0.33088
-0.07989,-0.0644,0.33057
-0.07901,-0.06526,0.32822
-0.08002,-0.06427,0.33035
-0.08012,-0.06418,0.33013
-0.08017,-0.06413,0.32984
-0.08019,-0.06411,0.32975
-0.07907,-0.0652,0.3282
-0.07151,-0.05753,0.32818
-0.0788,-0.06546,0.3283
-0.07132,-0.05771,0.32826
-0.0717,-0.05735,0.32816
-0.07919,-0.06509,0.3282
-0.07937,-0.06491,0.32821
-0.07114,-0.05788,0.32839
-0.07098,-0.05804,0.32857
-0.07855,-0.06571,0.32851
-0.07865,-0.06561,0.32843
-0.07835,-0.0659,0.32882
-0.07849,-0.06577,0.32861
-0.07085,-0.05817,0.3288
-0.06764,-0.05525,0.32963
-0.07826,-0.06598,0.32908
-0.07815,-0.06609,0.32974
-0.07085,-0.05816,0.33033
-0.07839,-0.06585,0.33045
-0.07098,-0.05804,0.33055
-0.07857,-0.06568,0.3307
-0.07848,-0.06577,0.33057
-0.07114,-0.05788,0.33074
-0.07132,-0.05771,0.33087
-0.06924,-0.05516,0.33094
-0.07151,-0.05752,0.33094
-0.07882,-0.06544,0.33089
-0.07169,-0.05735,0.33097
-0.07544,-0.06122,0.33095
-0.07909,-0.06517,0.33099
-0.079,-0.06526,0.33096
-0.07039,-0.05632,0.33094
-0.06928,-0.05511,0.33094
-0.07164,-0.05739,0.33096
-0.06755,-0.05506,0.3316
-0.07132,-0.0577,0.33106
-0.06999,-0.05595,0.33094
-0.07937,-0.06491,0.33096
-0.07892,-0.06534,0.33104
-0.07526,-0.06139,0.33095
-0.07155,-0.05748,0.33095
-0.07009,-0.05586,0.33095
-0.07075,-0.05674,0.33094
-0.0716,-0.05743,0.33095
-0.0708,-0.05669,0.33095
-0.07042,-0.0563,0.33095
-0.07553,-0.06113,0.33096
-0.07356,-0.05928,0.33097
-0.07919,-0.06508,0.33099
-0.07863,-0.06561,0.33355
-0.07731,-0.06315,0.33098
-0.0756,-0.06106,0.33095
-0.07187,-0.05717,0.33094
-0.07932,-0.06495,0.33096
-0.07174,-0.0573,0.33096
-0.0737,-0.05915,0.33095
-0.07546,-0.06119,0.33097
-0.07178,-0.05726,0.33095
-0.07544,-0.06121,0.33098
-0.07553,-0.06113,0.33097
-0.07548,-0.06117,0.33097
-0.07923,-0.06504,0.33098
-0.07832,-0.06405,0.33097
-0.07928,-0.06499,0.33097
-0.07736,-0.0631,0.33098
-0.07361,-0.05924,0.33097
-0.07272,-0.05822,0.33096
-0.07366,-0.05919,0.33096
-0.07557,-0.06108,0.33096
-0.07375,-0.0591,0.33095
-0.07651,-0.06205,0.33096
-0.07842,-0.06583,0.33149
-0.07835,-0.06589,0.33163
-0.07848,-0.06577,0.33141
-0.07864,-0.06561,0.33121
-0.07882,-0.06544,0.3311
-0.0788,-0.06545,0.33369
-0.07113,-0.05788,0.33354
-0.07855,-0.06569,0.33348
-0.0782,-0.06603,0.33214
-0.07825,-0.06598,0.33188
-0.07826,-0.06598,0.33184
-0.07085,-0.05816,0.3316
-0.07098,-0.05804,0.33138
-0.07075,-0.05825,0.33185
-0.0707,-0.0583,0.33211
-0.07818,-0.06605,0.33223
-0.07068,-0.05832,0.33237
-0.0707,-0.0583,0.33262
-0.07818,-0.06606,0.33239
-0.0782,-0.06603,0.33265
-0.07075,-0.05825,0.33288
-0.07822,-0.06601,0.3328
-0.07825,-0.06598,0.3329
-0.07848,-0.06576,0.33337
-0.07084,-0.05816,0.33313
-0.07835,-0.06589,0.33318
-0.07097,-0.05803,0.33336
-0.06669,-0.05366,0.33367
-0.06295,-0.05326,0.33333
-0.06294,-0.05304,0.33352
-0.06294,-0.05279,0.33365
-0.06555,-0.05383,0.33115
-0.07131,-0.0577,0.33367
-0.06822,-0.05318,0.3338
-0.06294,-0.05201,0.33372
-0.06294,-0.05175,0.33364
-0.06617,-0.05152,0.33328
-0.06294,-0.05227,0.33374
-0.06294,-0.05252,0.33372
-0.04309,-0.05234,0.3309
-0.05633,-0.05247,0.33091
-0.0649,-0.05338,0.33109
-0.06295,-0.05202,0.33092
-0.05432,-0.05309,0.33102
-0.06295,-0.05227,0.33094
-0.06425,-0.05315,0.33104
-0.06295,-0.05246,0.33092
-0.06295,-0.05253,0.33092
-0.05964,-0.0525,0.33091
-0.06295,-0.05279,0.33084
-0.06295,-0.05304,0.33071
-0.0649,-0.05351,0.33109
-0.06295,-0.05221,0.33093
-0.0649,-0.05344,0.3311
-0.0636,-0.05247,0.33097
-0.06425,-0.05302,0.33104
-0.06295,-0.05215,0.33093
-0.06425,-0.05305,0.33104
-0.06425,-0.05292,0.33103
-0.06425,-0.05299,0.33104
-0.06295,-0.05304,0.33117
-0.06295,-0.05326,0.33135
-0.06295,-0.05345,0.33158
-0.06295,-0.05358,0.33183
-0.06295,-0.05279,0.33104
-0.0636,-0.05285,0.33097
-0.06295,-0.05365,0.33209
-0.06295,-0.05367,0.33234
-0.06295,-0.05365,0.3326
-0.06295,-0.05344,0.33311
-0.06295,-0.05357,0.33286
-0.06701,-0.0541,0.33104
-0.06642,-0.05158,0.33135
-0.06295,-0.0524,0.33093
-0.0636,-0.05266,0.33099
-0.06425,-0.05318,0.33103
-0.06425,-0.05312,0.33104
-0.06392,-0.05283,0.33101
-0.0636,-0.0526,0.33099
-0.06327,-0.05253,0.33096
-0.06392,-0.05299,0.33101
-0.0636,-0.05279,0.33098
-0.04805,-0.05258,0.33088
-0.04309,-0.0526,0.33087
-0.04309,-0.05247,0.33088
-0.00057,-0.05274,0.33083
-0.00057,-0.05249,0.3308
0.03215,-0.05279,0.33071
-0.0112,-0.05245,0.33083
-0.00057,-0.053,0.3309
0.04305,-0.05315,0.33081
0.04305,-0.05289,0.33069
-0.03246,-0.05219,0.33086
-0.04309,-0.05226,0.33089
-0.04309,-0.05209,0.33087
-0.04309,-0.0523,0.33089
-0.00057,-0.05223,0.33078
-0.05053,-0.05219,0.3309
-0.05798,-0.05229,0.33093
-0.04309,-0.05183,0.3308
-0.05798,-0.05204,0.3309
-0.04805,-0.05213,0.33089
-0.03246,-0.05238,0.33087
-0.04309,-0.05213,0.33088
-0.0112,-0.05239,0.33082
-0.03777,-0.05223,0.33087
-0.00057,-0.05223,0.33083
-0.04308,-0.05183,0.33099
-0.05302,-0.05205,0.33089
-0.02183,-0.05242,0.33085
-0.04309,-0.05217,0.33088
-0.02183,-0.05229,0.33084
-0.03246,-0.05225,0.33086
-0.04805,-0.05207,0.33088
-0.05302,-0.05215,0.3309
-0.05798,-0.05223,0.33092
-0.05302,-0.05231,0.33092
-0.04309,-0.05221,0.33088
-0.05302,-0.05218,0.33091
-0.04805,-0.0522,0.3309
-0.03777,-0.05225,0.33087
-0.03246,-0.05229,0.33087
-0.04805,-0.05226,0.3309
-0.05302,-0.05221,0.33091
-0.05302,-0.05224,0.33091
-0.0555,-0.05217,0.33091
-0.06295,-0.05208,0.33092
-0.0555,-0.05208,0.3309
-0.02183,-0.05238,0.33085
-0.02183,-0.05235,0.33084
-0.00057,-0.05197,0.3309
-0.04308,-0.05157,0.33112
-0.06295,-0.05176,0.33104
-0.06295,-0.05151,0.33117
-0.04308,-0.05135,0.33131
-0.06294,-0.05128,0.33135
-0.04308,-0.05117,0.33153
-0.06294,-0.0511,0.33157
-0.04308,-0.05104,0.33178
-0.06294,-0.05097,0.33182
-0.06294,-0.05089,0.33208
-0.04308,-0.05096,0.33204
-0.06445,-0.0509,0.33234
-0.06294,-0.05097,0.33286
-0.06294,-0.05089,0.33259
-0.04308,-0.05094,0.3323
-0.00056,-0.05108,0.3322
-0.00056,-0.05111,0.33195
-0.04308,-0.05096,0.33255
-0.00056,-0.05111,0.33246
-0.04308,-0.05104,0.33281
-0.00056,-0.05118,0.33272
-0.00056,-0.05131,0.33297
-0.04308,-0.05117,0.33306
-0.06294,-0.0511,0.33311
-0.06294,-0.05128,0.33333
-0.04308,-0.05135,0.33329
-0.06294,-0.0515,0.33351
-0.00056,-0.05149,0.3332
-0.00056,-0.05172,0.33338
-0.04308,-0.05157,0.33347
-0.04308,-0.05182,0.3336
-0.00056,-0.05197,0.33351
-0.04308,-0.05208,0.33368
-0.00056,-0.05223,0.33358
-0.04308,-0.05234,0.3337
-0.00056,-0.05248,0.33361
-0.04308,-0.05259,0.33368
-0.00056,-0.05274,0.33358
0.04306,-0.05289,0.33349
-0.00057,-0.053,0.33351
0.04306,-0.05315,0.33341
0.04306,-0.05263,0.33351
0.05384,-0.05319,0.33339
0.05384,-0.05293,0.33347
0.04306,-0.05238,0.33349
0.05384,-0.05267,0.33349
0.05384,-0.05242,0.33346
0.04306,-0.05212,0.33341
0.05385,-0.05216,0.33339
0.04306,-0.05187,0.33328
0.04306,-0.05164,0.3331
0.05385,-0.05191,0.33326
0.04306,-0.05146,0.33288
0.05385,-0.05168,0.33308
0.04306,-0.05133,0.33262
0.05385,-0.0515,0.33285
0.04306,-0.05126,0.33236
0.05385,-0.05137,0.3326
0.05969,-0.05146,0.33297
0.05385,-0.0513,0.33234
0.0592,-0.05129,0.33207
0.04306,-0.05123,0.33211
0.05384,-0.0513,0.33183
0.04306,-0.05126,0.33185
0.05384,-0.05137,0.33157
0.05885,-0.05148,0.33126
0.06171,-0.05175,0.3309
0.05908,-0.05234,0.33067
0.05384,-0.0515,0.33132
0.05384,-0.05168,0.33109
0.05384,-0.05191,0.33091
0.05384,-0.05216,0.33078
0.05384,-0.05216,0.33059
0.05885,-0.05149,0.33008
0.06169,-0.05123,0.32829
0.05953,-0.05303,0.33068
0.06441,-0.05249,0.33066
0.06439,-0.05223,0.33064
0.06435,-0.0515,0.33025
0.06438,-0.05197,0.33056
0.06436,-0.05172,0.33043
0.05384,-0.05242,0.33066
0.05384,-0.05268,0.33068
0.05384,-0.05293,0.33066
0.05811,-0.05377,0.33034
0.05931,-0.05269,0.33067
0.05384,-0.05242,0.33071
0.05646,-0.05251,0.33068
0.05384,-0.05293,0.33071
0.06433,-0.05132,0.33003
0.08523,-0.05016,0.33017
0.08523,-0.0502,0.33021
0.08525,-0.05042,0.33037
0.08526,-0.05067,0.32792
0.09851,-0.05024,0.33011
0.09803,-0.05016,0.33007
0.08523,-0.05018,0.33019
0.08537,-0.05234,0.32999
0.09803,-0.05046,0.33034
0.08524,-0.05031,0.33029
0.08537,-0.05247,0.32973
0.06448,-0.05366,0.33003
0.06447,-0.05348,0.33025
0.08536,-0.05215,0.3302
0.09803,-0.05241,0.32995
0.09803,-0.05236,0.33003
0.08537,-0.05249,0.32972
0.0852,-0.04991,0.3287
0.09803,-0.05223,0.33017
0.08536,-0.05225,0.33009
0.08524,-0.05044,0.33038
0.08521,-0.04989,0.32972
0.0852,-0.04984,0.32946
0.08521,-0.04979,0.32921
0.08521,-0.05004,0.32997
0.0852,-0.04987,0.32878
0.0852,-0.04984,0.32896
0.06287,-0.05422,0.32927
0.06446,-0.05326,0.33043
0.08535,-0.05207,0.33029
0.06449,-0.05387,0.32901
0.06449,-0.05389,0.32926
0.06449,-0.05379,0.32875
0.06449,-0.05387,0.32952
0.05424,-0.05273,0.32752
0.05383,-0.05408,0.32928
0.06448,-0.05366,0.32849
0.06179,-0.05317,0.32796
0.06445,-0.05326,0.32809
0.06447,-0.05348,0.32827
0.06449,-0.05379,0.32978
0.08536,-0.05234,0.32845
0.08536,-0.05228,0.32836
0.08527,-0.05093,0.32785
0.08535,-0.05216,0.32823
0.08534,-0.05203,0.3281
0.08534,-0.05198,0.32813
0.08533,-0.05188,0.32801
0.08534,-0.05194,0.32805
0.08531,-0.05143,0.32785
0.08527,-0.05095,0.32785
0.09802,-0.05223,0.3282
0.08529,-0.05113,0.32781
0.0853,-0.05131,0.32782
0.08532,-0.05163,0.32789
0.08534,-0.05201,0.32809
0.08535,-0.05213,0.3282
0.08534,-0.05199,0.32809
0.08535,-0.05208,0.32816
0.09802,-0.05214,0.32811
0.08535,-0.0521,0.32817
0.08533,-0.05175,0.32794
0.08534,-0.05205,0.32814
0.08532,-0.05169,0.32791
0.08531,-0.05156,0.32788
0.08532,-0.05165,0.32802
0.08534,-0.05196,0.32806
0.08535,-0.05206,0.32814
0.08535,-0.0521,0.32819
0.08535,-0.05206,0.32815
0.08533,-0.05185,0.32802
0.08531,-0.0515,0.32786
0.08532,-0.05161,0.32794
0.08534,-0.052,0.32812
0.08533,-0.05179,0.32804
0.08532,-0.05168,0.32795
0.08535,-0.05207,0.32814
0.08534,-0.05201,0.3281
0.08531,-0.05164,0.32788
0.09802,-0.0515,0.32782
0.09973,-0.05134,0.3277
0.09802,-0.05176,0.32789
0.08533,-0.05181,0.32798
0.09836,-0.05181,0.32789
0.10407,-0.05157,0.32726
0.10042,-0.05216,0.32797
0.09802,-0.05201,0.32802
0.08534,-0.05199,0.32808
0.10073,-0.05242,0.32827
0.09802,-0.05242,0.32841
0.10312,-0.05254,0.32851
0.09802,-0.05254,0.32868
0.08537,-0.05248,0.32871
0.08537,-0.05241,0.32858
0.08538,-0.05254,0.32896
0.08537,-0.05253,0.32878
0.09802,-0.05258,0.32877
0.09802,-0.05261,0.32893
0.10077,-0.05262,0.32878
0.10079,-0.05265,0.32914
0.10382,-0.0523,0.3296
0.08538,-0.05258,0.32921
0.09802,-0.05264,0.32929
0.09802,-0.05261,0.32944
0.10083,-0.05255,0.32955
0.10849,-0.05177,0.32804
0.09802,-0.05255,0.3297
0.10086,-0.05224,0.33002
0.10087,-0.05201,0.3302
0.10274,-0.05119,0.33031
0.11398,-0.0492,0.32904
0.11348,-0.04839,0.32649
0.11107,-0.04776,0.32764
0.11555,-0.04077,0.32706
0.11728,-0.04261,0.32727
0.1148,-0.03948,0.32949
0.11446,-0.04318,0.32841
0.11614,-0.03868,0.32881
0.11519,-0.03877,0.33044
0.11542,-0.03862,0.33044
0.11555,-0.03853,0.33044
0.11732,-0.03911,0.33044
0.11732,-0.03917,0.33003
0.11714,-0.03889,0.33044
0.11517,-0.03884,0.32996
0.11706,-0.03878,0.33044
0.11752,-0.03993,0.32934
0.11672,-0.03855,0.33044
0.11679,-0.03866,0.3299
0.11643,-0.03846,0.33044
0.11634,-0.03844,0.33044
0.11618,-0.03843,0.33044
0.11567,-0.0385,0.33044
0.11593,-0.03851,0.32988
0.11693,-0.0387,0.33044
0.11694,-0.03869,0.33815
0.11673,-0.03854,0.33815
0.11645,-0.03845,0.33815
0.1174,-0.04039,0.33815
0.11636,-0.03843,0.33815
0.1162,-0.03842,0.33815
0.11594,-0.03842,0.33815
0.11725,-0.04063,0.33815
0.11657,-0.04113,0.33816
0.11683,-0.04101,0.33816
0.11568,-0.03849,0.33815
0.1172,-0.04071,0.33815
0.11706,-0.04084,0.33815
0.11593,-0.03843,0.33044
0.11723,-0.04064,0.33044
0.11718,-0.04072,0.33044
0.11709,-0.04083,0.33042
0.1169,-0.04098,0.33044
0.11658,-0.04115,0.33051
0.11743,-0.04041,0.33001
0.11633,-0.04223,0.32967
0.1175,-0.04,0.33044
0.11746,-0.04014,0.33044
0.1174,-0.04037,0.33044
0.11748,-0.04013,0.33815
0.1175,-0.03963,0.33815
0.11752,-0.03999,0.33815
0.11744,-0.03936,0.33815
0.11748,-0.03946,0.33815
0.11734,-0.0391,0.33815
0.11743,-0.03937,0.33044
0.11747,-0.03947,0.33044
0.11748,-0.03964,0.33044
0.11716,-0.03888,0.33815
0.11707,-0.03877,0.33815
0.11752,-0.03988,0.33815
0.11582,-0.0412,0.33053
0.11478,-0.04052,0.33022
0.11087,-0.04859,0.32921
0.11676,-0.04475,0.32909
0.11473,-0.03975,0.33045
0.11475,-0.03949,0.33045
0.11475,-0.03963,0.32988
0.11472,-0.03991,0.33045
0.11479,-0.04027,0.33045
0.11473,-0.04,0.33045
0.1148,-0.04029,0.33045
0.11499,-0.04065,0.33044
0.11495,-0.04058,0.33045
0.11506,-0.04075,0.33045
0.11543,-0.04106,0.33051
0.11562,-0.04113,0.33045
0.11554,-0.04108,0.33045
0.11529,-0.04095,0.33045
0.11529,-0.04093,0.33816
0.1151,-0.04074,0.33816
0.11555,-0.04107,0.33816
0.11493,-0.04051,0.33816
0.115,-0.04063,0.33816
0.11564,-0.04112,0.33816
0.11477,-0.03948,0.33816
0.11475,-0.03999,0.33816
0.11481,-0.04026,0.33816
0.11473,-0.0399,0.33816
0.11475,-0.03974,0.33816
0.11617,-0.04121,0.33816
0.11631,-0.04119,0.33816
0.11606,-0.04121,0.33816
0.11602,-0.04121,0.33816
0.11581,-0.04116,0.33816
0.11487,-0.03923,0.33816
0.11491,-0.03912,0.33816
0.11485,-0.03924,0.33045
0.11489,-0.03913,0.33045
0.11501,-0.03899,0.33816
0.11499,-0.039,0.33045
0.11516,-0.0388,0.33816
0.11519,-0.03877,0.33816
0.11543,-0.03861,0.33816
0.11557,-0.03852,0.33815
0.11629,-0.0412,0.33045
0.11616,-0.04122,0.33045
0.116,-0.04122,0.33045
0.11579,-0.04117,0.33045
0.11654,-0.04115,0.33044
0.11656,-0.04114,0.33044
0.11681,-0.04102,0.33044
0.10456,-0.04981,0.32786
0.10281,-0.04976,0.32898
0.10314,-0.05014,0.32983
0.10065,-0.04999,0.32841
0.09971,-0.05064,0.32785
0.10067,-0.05026,0.32804
0.09803,-0.05023,0.32822
0.09803,-0.05009,0.32842
0.09803,-0.05,0.32856
0.09803,-0.04996,0.32867
0.10072,-0.04987,0.32878
0.09803,-0.04987,0.32893
0.09803,-0.04986,0.32918
0.10076,-0.04987,0.32929
0.09803,-0.04986,0.32934
0.09803,-0.04988,0.32944
0.1001,-0.04995,0.32956
0.09803,-0.04996,0.32973
0.09803,-0.05009,0.32994
0.09803,-0.05026,0.32819
0.08522,-0.05023,0.32823
0.08524,-0.05041,0.32804
0.08524,-0.0504,0.32805
0.09803,-0.05049,0.32802
0.08524,-0.05039,0.32805
0.08522,-0.05002,0.32997
0.06435,-0.05173,0.32809
0.08523,-0.0502,0.32823
0.06434,-0.0515,0.32827
0.08522,-0.04993,0.32984
0.08521,-0.04981,0.32896
0.08521,-0.04989,0.32867
0.08522,-0.05009,0.32833
0.06433,-0.05132,0.32849
0.06432,-0.05119,0.32874
0.06432,-0.05112,0.329
0.0852,-0.04979,0.32905
0.06432,-0.05109,0.32926
0.08521,-0.0498,0.32946
0.06432,-0.05112,0.32951
0.06432,-0.05119,0.32977
0.06437,-0.05198,0.32796
0.06439,-0.05224,0.32788
0.08526,-0.05075,0.32788
0.09803,-0.05074,0.32789
0.08526,-0.05071,0.3279
0.09803,-0.051,0.32781
0.09924,-0.05102,0.32776
0.09802,-0.05125,0.3278
0.0644,-0.05249,0.32786
0.06442,-0.05275,0.32788
0.08525,-0.05054,0.32798
0.10084,-0.05048,0.3302
0.10086,-0.05073,0.33033
0.09803,-0.05074,0.33048
0.09803,-0.05048,0.33035
0.08526,-0.05066,0.3305
0.08526,-0.05055,0.33047
0.08528,-0.05092,0.33059
0.09803,-0.05083,0.33052
0.08527,-0.05079,0.33055
0.09893,-0.05097,0.33052
0.10087,-0.05125,0.33043
0.09803,-0.05121,0.33059
0.09803,-0.05125,0.33058
0.0853,-0.05118,0.3306
0.08529,-0.05105,0.3306
0.09803,-0.05137,0.33058
0.10088,-0.0515,0.33041
0.08531,-0.05143,0.33058
0.09803,-0.0515,0.33055
0.08532,-0.05163,0.33055
0.09803,-0.05175,0.33049
0.08533,-0.05172,0.33051
0.08532,-0.05157,0.33054
0.06444,-0.053,0.33056
0.08534,-0.05193,0.33037
0.08534,-0.05182,0.33044
0.06442,-0.05274,0.33064
0.08531,-0.05134,0.3306
0.08531,-0.05143,0.33065
0.06442,-0.05274,0.33069
0.0853,-0.05118,0.33063
0.07486,-0.05191,0.33063
0.06197,-0.05276,0.33067
0.06444,-0.053,0.33076
0.06446,-0.05325,0.33089
0.08533,-0.0517,0.33072
0.08534,-0.05193,0.33085
0.08528,-0.05091,0.33064
0.08526,-0.05066,0.33072
0.08535,-0.05205,0.33093
0.06438,-0.05197,0.33076
0.08536,-0.05215,0.33104
0.08537,-0.05233,0.33123
0.08538,-0.05246,0.33151
0.08526,-0.05053,0.33077
0.06436,-0.05172,0.33089
0.06439,-0.05223,0.33068
0.08523,-0.0502,0.33101
0.08525,-0.05042,0.33085
0.06435,-0.0515,0.33107
0.06434,-0.05132,0.33129
0.08522,-0.05001,0.33125
0.06433,-0.05119,0.33155
0.08522,-0.04995,0.33134
0.08522,-0.04989,0.3315
0.08524,-0.05019,0.333
0.08522,-0.04987,0.33253
0.08523,-0.05001,0.33278
0.08521,-0.04981,0.33227
0.08521,-0.04979,0.33202
0.08521,-0.0498,0.33173
0.06433,-0.05119,0.33258
0.06435,-0.0515,0.33305
0.06434,-0.05132,0.33283
0.06433,-0.05111,0.33232
0.06432,-0.05109,0.33206
0.08521,-0.04978,0.33214
0.06432,-0.05111,0.33181
0.08525,-0.05038,0.33317
0.06437,-0.05172,0.33324
0.06438,-0.05197,0.33337
0.08527,-0.05066,0.33331
0.08527,-0.05075,0.33335
0.0644,-0.05223,0.33344
0.08529,-0.05092,0.33338
0.06441,-0.05249,0.33347
0.0853,-0.05113,0.33342
0.08532,-0.05142,0.33338
0.08533,-0.05154,0.33337
0.06443,-0.05274,0.33344
0.06445,-0.053,0.33337
0.05921,-0.05284,0.33349
0.06184,-0.05431,0.33224
0.0589,-0.0538,0.33299
0.05384,-0.05344,0.33326
0.05384,-0.05398,0.3326
0.05384,-0.05405,0.33234
0.05941,-0.05409,0.33221
0.05384,-0.05366,0.33308
0.05384,-0.05385,0.33286
0.04305,-0.05394,0.33263
0.04305,-0.05381,0.33288
0.04305,-0.05401,0.33237
-0.00057,-0.05379,0.33272
-0.00057,-0.05366,0.33297
-0.04309,-0.05351,0.33307
-0.04309,-0.05333,0.33329
-0.00057,-0.05348,0.3332
-0.04308,-0.05311,0.33347
-0.00057,-0.05325,0.33338
0.04306,-0.05363,0.3331
0.04306,-0.0534,0.33328
-0.04308,-0.05285,0.3336
-0.04309,-0.05364,0.33282
-0.04309,-0.05372,0.33255
-0.00057,-0.05386,0.33246
-0.00057,-0.05389,0.33221
-0.04309,-0.05374,0.3323
0.04305,-0.05404,0.33211
-0.04309,-0.05372,0.33204
-0.00057,-0.05387,0.33195
-0.04309,-0.05364,0.33178
-0.00057,-0.05379,0.33169
0.04305,-0.05402,0.33186
0.04305,-0.05394,0.3316
-0.00057,-0.05366,0.33144
-0.04309,-0.05351,0.33153
-0.04309,-0.05333,0.33131
-0.00057,-0.05348,0.33122
-0.04309,-0.05311,0.33113
-0.00057,-0.05325,0.33103
-0.04309,-0.05286,0.331
0.04305,-0.05363,0.33112
0.04305,-0.05341,0.33094
0.05384,-0.05344,0.33091
0.05384,-0.05367,0.3311
0.05903,-0.05396,0.3314
0.05383,-0.05385,0.33132
0.05384,-0.05408,0.33209
0.05384,-0.05398,0.33157
0.05384,-0.05405,0.33183
0.04305,-0.05381,0.33134
0.05384,-0.05319,0.33078
0.06449,-0.05366,0.33283
0.06448,-0.05348,0.33306
0.06446,-0.05325,0.33324
0.0645,-0.05386,0.33232
0.06449,-0.05379,0.33258
0.06447,-0.05348,0.33107
0.06449,-0.05379,0.33155
0.0645,-0.05386,0.33181
0.0645,-0.05389,0.33206
0.06448,-0.05366,0.3313
0.08539,-0.05256,0.33218
0.08538,-0.05247,0.33253
0.08539,-0.05254,0.33227
0.08539,-0.05257,0.33202
0.08538,-0.05253,0.33176
0.08538,-0.05251,0.33161
0.08537,-0.05233,0.33278
0.08536,-0.05215,0.333
0.08535,-0.05193,0.3332
0.08533,-0.05168,0.33331
0.09803,-0.05209,0.3303
0.10088,-0.05176,0.33033
0.09802,-0.05256,0.32968
0.08538,-0.05254,0.32947
0.08538,-0.05251,0.32963
0.08538,-0.05256,0.32934
0.08538,-0.05257,0.32909
0.08534,-0.052,0.32809
0.08534,-0.05203,0.32812
0.08533,-0.05186,0.32801
0.05383,-0.05406,0.32903
0.05383,-0.05398,0.32877
0.05383,-0.05385,0.32852
0.05383,-0.05367,0.32829
0.05383,-0.05345,0.32811
0.05383,-0.0532,0.32798
0.05383,-0.05293,0.32791
0.05383,-0.05268,0.32788
0.05383,-0.05242,0.3279
0.05383,-0.05216,0.32798
0.05383,-0.05191,0.32811
0.05384,-0.05169,0.32829
0.05384,-0.05151,0.32851
0.05384,-0.05137,0.32877
0.05384,-0.0513,0.32903
0.05919,-0.05129,0.32927
0.04306,-0.05124,0.3293
0.05384,-0.0513,0.32954
0.04306,-0.05126,0.32956
-0.00057,-0.05109,0.3294
0.04306,-0.05126,0.32905
0.04306,-0.05134,0.32982
-0.00057,-0.05111,0.32965
0.05384,-0.05137,0.3298
-0.00057,-0.05119,0.32992
0.05384,-0.0515,0.33005
0.04306,-0.05147,0.33007
-0.04308,-0.05096,0.32975
-0.00057,-0.05132,0.33017
-0.04308,-0.05104,0.33001
-0.04309,-0.05094,0.32949
-0.06295,-0.05097,0.33005
-0.06295,-0.0509,0.32979
-0.0644,-0.05092,0.32941
-0.06295,-0.0509,0.32928
-0.06295,-0.05097,0.32902
-0.06295,-0.0511,0.32877
-0.04309,-0.05104,0.32898
-0.04309,-0.05097,0.32924
-0.04309,-0.05117,0.32873
-0.06295,-0.05129,0.32855
-0.04309,-0.05135,0.3285
-0.00057,-0.0515,0.32841
-0.00057,-0.05172,0.32823
-0.04309,-0.05158,0.32832
-0.00057,-0.05132,0.32863
0.04305,-0.05187,0.32813
0.04305,-0.05165,0.32831
-0.00057,-0.05119,0.32888
0.04305,-0.05147,0.32854
-0.00057,-0.05111,0.32914
0.04305,-0.05134,0.32879
0.04305,-0.05213,0.328
0.04305,-0.05239,0.32793
-0.00057,-0.05198,0.3281
-0.00057,-0.05224,0.32802
0.04305,-0.05264,0.3279
0.04305,-0.0529,0.32793
-0.00058,-0.05249,0.328
-0.04309,-0.05209,0.32812
-0.04309,-0.05235,0.32809
-0.00058,-0.05275,0.32802
-0.04309,-0.0526,0.32812
-0.00058,-0.05301,0.3281
0.04305,-0.05316,0.328
0.04305,-0.05341,0.32813
0.04305,-0.05363,0.32832
-0.00058,-0.05326,0.32823
-0.04309,-0.05286,0.32819
-0.0431,-0.05311,0.32832
-0.00058,-0.05348,0.32841
-0.0431,-0.05334,0.3285
-0.06296,-0.05327,0.32855
-0.06296,-0.05304,0.32837
-0.06296,-0.05279,0.32823
-0.06295,-0.05253,0.32816
-0.06296,-0.05345,0.32877
-0.06296,-0.05358,0.32902
-0.0431,-0.05352,0.32873
-0.00058,-0.05366,0.32864
-0.00058,-0.05379,0.32889
-0.0431,-0.05365,0.32898
0.04305,-0.05394,0.32879
0.04305,-0.05381,0.32854
0.04305,-0.05402,0.32905
-0.00058,-0.05387,0.32915
0.04305,-0.05404,0.32931
-0.00058,-0.05389,0.3294
0.04305,-0.05402,0.32956
-0.00058,-0.05387,0.32966
-0.04309,-0.05372,0.32975
-0.04309,-0.05365,0.33001
-0.00058,-0.05379,0.32992
-0.06296,-0.05365,0.32979
-0.04309,-0.05375,0.3295
-0.06296,-0.05368,0.32954
-0.0431,-0.05372,0.32924
-0.06296,-0.05365,0.32928
-0.06295,-0.05358,0.33006
-0.04309,-0.05352,0.33026
-0.06295,-0.05345,0.33031
-0.04309,-0.05333,0.33049
-0.06295,-0.05327,0.33053
-0.04309,-0.05311,0.33067
-0.00057,-0.05348,0.33039
-0.00057,-0.05326,0.33058
-0.04309,-0.05286,0.3308
-0.00057,-0.053,0.33071
0.04305,-0.05341,0.33048
-0.00057,-0.05274,0.33078
0.04305,-0.05315,0.33061
-0.04309,-0.05241,0.33089
0.05384,-0.05319,0.33059
0.05383,-0.05344,0.33046
0.05383,-0.05367,0.33028
0.05383,-0.05385,0.33005
0.04305,-0.05363,0.3303
0.04305,-0.05381,0.33008
0.04305,-0.05394,0.32982
0.05383,-0.05398,0.3298
-0.00057,-0.05366,0.33017
0.05383,-0.05406,0.32954
-0.04309,-0.05183,0.32819
-0.06295,-0.0511,0.3303
-0.04308,-0.05117,0.33026
-0.06295,-0.05128,0.33053
-0.04308,-0.05135,0.33048
-0.06295,-0.05151,0.33071
-0.04308,-0.05158,0.33067
-0.06295,-0.05176,0.33084
-0.00057,-0.05172,0.33057
-0.00057,-0.05197,0.3307
0.04305,-0.05238,0.33068
0.04306,-0.05212,0.33061
0.04306,-0.05187,0.33048
-0.00057,-0.0515,0.33039
0.04306,-0.05165,0.3303
0.05384,-0.05191,0.33046
0.05384,-0.05168,0.33027
0.04305,-0.05264,0.33071
0.04575,-0.05246,0.33068
0.04306,-0.05212,0.33081
0.04305,-0.05257,0.3307
0.04575,-0.05252,0.33069
0.04845,-0.05253,0.33068
0.04305,-0.05251,0.3307
0.05114,-0.0526,0.33068
0.0471,-0.05252,0.33069
0.04305,-0.05245,0.33069
0.0471,-0.05262,0.3307
0.04575,-0.05265,0.3307
0.04845,-0.05263,0.33069
0.04575,-0.05258,0.3307
0.04845,-0.05266,0.3307
0.04845,-0.05259,0.33069
0.05114,-0.05267,0.33069
-0.00057,-0.05172,0.33103
0.04306,-0.05187,0.33094
-0.00056,-0.0515,0.33121
0.04306,-0.05165,0.33112
-0.00056,-0.05131,0.33144
-0.00056,-0.05118,0.33169
0.04306,-0.05146,0.33134
0.04306,-0.05133,0.33159
0.01034,-0.05253,0.33078
0.04305,-0.0527,0.3307
0.02124,-0.05256,0.33076
0.03215,-0.05266,0.33073
0.04305,-0.05277,0.3307
0.0376,-0.05272,0.33071
0.03215,-0.0526,0.33073
0.04305,-0.05283,0.33069
0.0376,-0.05275,0.33071
0.01034,-0.05259,0.33077
0.02124,-0.0526,0.33075
0.03215,-0.05273,0.33072
0.02124,-0.05263,0.33075
0.02124,-0.05269,0.33074
-0.04474,-0.05248,0.33089
-0.0464,-0.05237,0.3309
-0.05798,-0.05255,0.33091
-0.04971,-0.0524,0.3309
-0.04309,-0.05253,0.33088
-0.05302,-0.05256,0.33089
-0.0464,-0.0525,0.33089
-0.0464,-0.05247,0.33089
-0.05219,-0.05246,0.3309
-0.05136,-0.05248,0.3309
-0.06327,-0.05234,0.33095
-0.0636,-0.05254,0.33098
-0.0695,-0.05302,0.33221
-0.07268,-0.05639,0.33211
-0.07269,-0.05637,0.33237
-0.07268,-0.05638,0.33262
-0.07253,-0.05653,0.3316
-0.07262,-0.05644,0.33185
-0.07262,-0.05644,0.33288
-0.08019,-0.06411,0.33227
-0.08016,-0.06413,0.33214
-0.08018,-0.06411,0.33239
-0.08012,-0.06417,0.33188
-0.08002,-0.06427,0.33163
-0.07989,-0.0644,0.33141
-0.08017,-0.06413,0.33268
-0.08011,-0.06418,0.3329
-0.08006,-0.06422,0.33307
-0.08002,-0.06427,0.33315
-0.07253,-0.05653,0.33313
-0.0724,-0.05665,0.33336
-0.07988,-0.0644,0.3334
-0.07223,-0.05681,0.33354
-0.07205,-0.05698,0.33367
-0.07964,-0.06463,0.33364
-0.07973,-0.06455,0.33356
-0.07975,-0.06453,0.33124
-0.07949,-0.06479,0.33106
-0.07224,-0.05681,0.33119
-0.07206,-0.05699,0.33106
-0.07562,-0.06104,0.33095
-0.07102,-0.05647,0.33094
-0.0724,-0.05666,0.33138
-0.07997,-0.06432,0.33152
-0.07955,-0.06472,0.33368
-0.07937,-0.0649,0.33377
-0.07187,-0.05716,0.33375
-0.07918,-0.06508,0.33378
-0.07168,-0.05734,0.33377
-0.07909,-0.06517,0.33379
-0.079,-0.06525,0.33376
-0.0715,-0.05752,0.33375
-0.04805,-0.05232,0.33091
-0.06295,-0.05234,0.33093
-0.05302,-0.05244,0.33091
-0.0555,-0.05243,0.33091
-0.0555,-0.05233,0.33092
-0.05054,-0.05238,0.33091
-0.07114,-0.05788,0.33119
-0.07749,-0.06297,0.33095
-0.07949,-0.06479,0.33093
-0.07051,-0.05621,0.33095
-0.06933,-0.05507,0.33094
-0.071,-0.05649,0.33094
-0.07018,-0.05577,0.33094
-0.07183,-0.05721,0.33095
-0.07093,-0.05656,0.33095
-0.07089,-0.0566,0.33096
-0.07053,-0.05619,0.33095
-0.07392,-0.05964,0.33095
-0.07046,-0.05625,0.33095
-0.07084,-0.05665,0.33095
-0.07037,-0.06272,0.32219
-0.0694,-0.06545,0.32098
-0.07786,-0.05692,0.32161
-0.07453,-0.0585,0.32133
-0.07445,-0.05776,0.323
-0.09736,-0.08275,0.32046
-0.07129,-0.05383,0.32299
-0.07329,-0.05233,0.32299
-0.06955,-0.0448,0.32398
-0.10106,-0.07932,0.32323
-0.10266,-0.07757,0.32784
-0.10263,-0.0777,0.33244
-0.09767,-0.07244,0.33078
-0.08164,-0.05595,0.32686
-0.08106,-0.0581,0.32461
-0.08195,-0.05727,0.32682
-0.07877,-0.05961,0.32234
-0.09271,-0.06719,0.32913
-0.08631,-0.06064,0.3285
-0.09796,-0.07271,0.33177
-0.09329,-0.06772,0.33111
-0.09132,-0.06633,0.3293
-0.09098,-0.06533,0.33014
-0.09714,-0.07183,0.33225
-0.09165,-0.06596,0.33206
-0.0814,-0.05567,0.33444
-0.10142,-0.07895,0.3366
-0.08694,-0.06115,0.33212
-0.08223,-0.05633,0.33219
-0.08661,-0.06083,0.33117
-0.06901,-0.04479,0.33709
-0.08083,-0.05767,0.33535
-0.07774,-0.05705,0.33952
-0.09831,-0.08192,0.34036
-0.07838,-0.05986,0.33906
-0.07258,-0.04909,0.33562
-0.07246,-0.05425,0.33556
-0.07584,-0.06022,0.33604
-0.07578,-0.06093,0.33908
-0.06864,-0.05279,0.33614
-0.07337,-0.06255,0.33702
-0.0594,-0.04768,0.33698
-0.05883,-0.04821,0.33687
-0.0728,-0.06308,0.33692
-0.07227,-0.06357,0.33662
-0.07066,-0.06509,0.33798
-0.07147,-0.06433,0.33552
-0.06879,-0.06815,0.33567
-0.07182,-0.064,0.33614
-0.05831,-0.04871,0.33657
-0.05786,-0.04913,0.33609
-0.05751,-0.04946,0.33547
-0.05509,-0.05173,0.33697
-0.05418,-0.05258,0.33669
-0.05457,-0.05222,0.33547
-0.04726,-0.04487,0.33743
-0.04555,-0.04732,0.33197
-0.0482,-0.04975,0.3336
-0.05355,-0.05318,0.33579
-0.0429,-0.0449,0.33033
-0.04441,-0.04488,0.3359
-0.04625,-0.04487,0.33767
-0.05714,-0.05499,0.33813
-0.07279,-0.05202,0.33801
-0.05752,-0.05354,0.33805
-0.0579,-0.05209,0.33798
-0.06351,-0.05661,0.33849
-0.0717,-0.05417,0.33801
-0.06928,-0.06546,0.33999
-0.07033,-0.0627,0.3388
-0.07448,-0.05785,0.33802
-0.07447,-0.05784,0.33974
-0.07225,-0.05309,0.33801
-0.07206,-0.05189,0.33551
-0.07226,-0.05307,0.33553
-0.0928,-0.08691,0.34082
-0.09032,-0.08892,0.33957
-0.08889,-0.09027,0.33782
-0.08884,-0.09065,0.33646
-0.08781,-0.0913,0.33566
-0.06819,-0.07017,0.33385
-0.08773,-0.09131,0.33308
-0.06868,-0.0697,0.33536
-0.08746,-0.092,0.33092
-0.07305,-0.06537,0.34045
-0.05608,-0.05764,0.33297
-0.07678,-0.07999,0.33208
-0.07622,-0.07954,0.33064
-0.0826,-0.08691,0.33131
-0.07775,-0.08182,0.33171
-0.07595,-0.08042,0.33173
-0.0756,-0.08012,0.33054
-0.07563,-0.08014,0.33089
-0.05541,-0.05817,0.33308
-0.05555,-0.05871,0.33147
-0.05587,-0.05826,0.33233
-0.05617,-0.05813,0.33147
-0.05614,-0.05816,0.33047
-0.07622,-0.07954,0.33055
-0.07604,-0.0799,0.32982
-0.07613,-0.08058,0.32928
-0.05549,-0.05834,0.32813
-0.0767,-0.07994,0.32933
-0.05543,-0.05818,0.32786
-0.07757,-0.08157,0.32908
-0.08774,-0.09132,0.32809
-0.05619,-0.05803,0.32888
-0.08751,-0.09204,0.32757
-0.05556,-0.05862,0.32886
-0.05555,-0.05857,0.3287
-0.05617,-0.05813,0.32947
-0.05609,-0.05763,0.32788
-0.055,-0.05724,0.32673
-0.0558,-0.05697,0.32714
-0.0682,-0.07018,0.32718
-0.0687,-0.06971,0.32567
-0.06847,-0.06993,0.32651
-0.05354,-0.05322,0.32592
-0.0691,-0.06934,0.32578
-0.05371,-0.05377,0.32591
-0.05402,-0.05278,0.32437
-0.04839,-0.04988,0.32718
-0.04746,-0.04488,0.32334
-0.05873,-0.04835,0.32381
-0.05627,-0.05358,0.32546
-0.05404,-0.05275,0.32557
-0.06843,-0.06859,0.32577
-0.06899,-0.06807,0.32552
-0.0704,-0.06676,0.3226
-0.07063,-0.06543,0.32549
-0.07091,-0.06555,0.32327
-0.07563,-0.06105,0.32206
-0.07318,-0.06552,0.32045
-0.09174,-0.08799,0.32085
-0.05845,-0.05665,0.32245
-0.08892,-0.09029,0.32335
-0.06353,-0.05664,0.32214
-0.05767,-0.05666,0.32296
-0.05779,-0.05433,0.32296
-0.04631,-0.04489,0.32322
-0.04442,-0.04489,0.32513
-0.08783,-0.09131,0.32551
-0.04565,-0.04739,0.32876
-0.0574,-0.05197,0.32296
-0.05759,-0.05315,0.32296
-0.05806,-0.05185,0.3255
-0.05717,-0.05272,0.32548
-0.05905,-0.04805,0.32398
-0.06867,-0.0528,0.32485
-0.07587,-0.06024,0.325
-0.08021,-0.05781,0.32556
-0.07258,-0.04912,0.32538
-0.07143,-0.05224,0.32549
-0.07173,-0.0465,0.32532
-0.07391,-0.0482,0.32666
-0.07391,-0.04803,0.33415
-0.07217,-0.04478,0.33159
-0.07146,-0.04641,0.33562
-0.07315,-0.05396,0.3255
-0.07229,-0.05308,0.32299
-0.07229,-0.0531,0.3255
-0.05553,-0.05875,0.32983
-0.05536,-0.05709,0.33408
-0.08713,-0.09194,0.3332
-0.05307,-0.05363,0.33446
-0.05475,-0.05533,0.33447
-0.05312,-0.05359,0.33447
-0.06845,-0.06992,0.33452
-0.05352,-0.05321,0.33501
-0.05402,-0.05274,0.33535
-0.06841,-0.06858,0.33526
-0.06908,-0.06933,0.33525
-0.06867,-0.06834,0.3354
-0.05791,-0.05418,0.33548
-0.05755,-0.0531,0.33548
-0.0572,-0.05202,0.33547
0.11744,-0.03306,0.33314
0.11769,-0.03247,0.33043
0.11597,-0.0344,0.33044
0.11489,-0.03257,0.33314
0.11488,-0.03165,0.33043
0.11447,-0.03224,0.33249
0.11768,-0.03367,0.33289
0.11542,-0.03493,0.33338
0.11347,-0.03243,0.33399
0.11365,-0.03417,0.33916
0.11872,-0.03379,0.33371
0.11856,-0.03454,0.33914
0.11659,-0.02998,0.33396
0.11603,-0.02981,0.33914
0.11788,-0.03276,0.33428
0.11757,-0.035,0.33414
0.11458,-0.03375,0.33428
0.11557,-0.0312,0.33425
0.11726,-0.03131,0.33293
0.23305,-0.2203,0.32891
0.24854,-0.21651,0.32962
0.23678,-0.22455,0.32057
0.22941,-0.2296,0.32059
0.23719,-0.22779,0.31971
0.24794,-0.22128,0.32095
0.24663,-0.22329,0.32108
0.2364,-0.22517,0.32218
0.23751,-0.22014,0.32961
0.24695,-0.22505,0.32144
0.25289,-0.22374,0.32144
0.24654,-0.22523,0.31985
0.25214,-0.22578,0.31969
0.24899,-0.21886,0.32848
0.26095,-0.22574,0.32059
0.26202,-0.22728,0.32217
0.25969,-0.22128,0.32883
0.25199,-0.22536,0.32146
0.24821,-0.23405,0.31913
0.26115,-0.22994,0.32146
0.26146,-0.22994,0.31992
0.2681,-0.23272,0.32053
0.26488,-0.2339,0.31956
0.26409,-0.22162,0.32845
0.27443,-0.23284,0.32961
0.27186,-0.24069,0.32051
0.26837,-0.23391,0.32224
0.26509,-0.23313,0.32153
0.26895,-0.24277,0.32113
0.26938,-0.24302,0.31994
0.26967,-0.24814,0.31986
0.27133,-0.2418,0.32209
0.27585,-0.24306,0.32852
0.27063,-0.23054,0.32795
0.27201,-0.24865,0.32208
0.27257,-0.24951,0.3205
0.27037,-0.25779,0.32054
0.26969,-0.25822,0.32216
0.27468,-0.25628,0.32849
0.26949,-0.24836,0.32142
0.26697,-0.25778,0.32139
0.26709,-0.25816,0.31994
0.26399,-0.26225,0.31994
0.25492,-0.25865,0.31766
0.25587,-0.26778,0.31985
0.26397,-0.26225,0.32152
0.26523,-0.26421,0.32055
0.25582,-0.2678,0.32145
0.26513,-0.26509,0.32224
0.25318,-0.25686,0.31903
0.23908,-0.25834,0.31942
0.25108,-0.27033,0.32172
0.24404,-0.24737,0.31842
0.24747,-0.25053,0.3185
0.25082,-0.24733,0.3184
0.24739,-0.24408,0.31689
0.2475,-0.24417,0.31849
0.25081,-0.24817,0.31689
0.24419,-0.24734,0.317
0.23699,-0.24268,0.31751
0.23272,-0.23051,0.31999
0.22667,-0.23912,0.32002
0.23671,-0.25789,0.31819
0.22833,-0.25891,0.32001
0.24655,-0.25039,0.31688
0.22612,-0.25444,0.32002
0.2255,-0.2442,0.31997
0.22713,-0.2625,0.32063
0.22285,-0.2534,0.32066
0.22673,-0.26107,0.32228
0.22885,-0.25911,0.32152
0.23541,-0.2658,0.32149
0.23574,-0.26636,0.32004
0.23461,-0.26779,0.32209
0.24019,-0.26861,0.32002
0.23285,-0.26781,0.32057
0.23988,-0.27019,0.32205
0.23521,-0.26919,0.32258
0.23073,-0.2706,0.32868
0.24142,-0.27529,0.32843
0.24435,-0.27193,0.32221
0.24249,-0.27597,0.33473
0.24332,-0.27596,0.33177
0.23287,-0.27259,0.33504
0.2515,-0.27604,0.33178
0.25509,-0.275,0.32832
0.2523,-0.2761,0.33472
0.26301,-0.27217,0.33498
0.25683,-0.27008,0.3221
0.26792,-0.26761,0.32864
0.25621,-0.27621,0.33
0.26869,-0.26918,0.32996
0.27195,-0.2631,0.33495
0.27564,-0.25803,0.32993
0.27618,-0.25233,0.33462
0.27611,-0.25146,0.33164
0.2762,-0.24331,0.33169
0.27737,-0.25518,0.32951
0.27613,-0.24252,0.33466
0.27126,-0.23058,0.33491
0.26528,-0.22265,0.32991
0.26332,-0.22259,0.33491
0.25277,-0.21829,0.32993
0.25244,-0.21871,0.33461
0.25161,-0.21867,0.33167
0.24688,-0.21829,0.33033
0.27754,-0.24158,0.32933
0.26868,-0.2693,0.32853
0.26395,-0.26771,0.32107
0.25487,-0.27708,0.3285
0.25276,-0.27285,0.32105
0.24145,-0.27197,0.3206
0.2402,-0.27699,0.32983
0.22866,-0.27159,0.32972
0.22155,-0.26344,0.32975
0.22376,-0.26435,0.33505
0.22129,-0.25935,0.32827
0.21884,-0.2521,0.33476
0.22279,-0.2448,0.3223
0.21854,-0.24521,0.33014
0.21861,-0.25132,0.33201
0.22337,-0.25315,0.3224
0.22585,-0.25473,0.3217
0.22541,-0.24405,0.32152
0.22491,-0.23746,0.32219
0.22687,-0.23899,0.32154
0.2223,-0.24468,0.32063
0.23544,-0.24417,0.31925
0.21802,-0.25505,0.32956
0.21731,-0.24226,0.32979
0.22087,-0.23226,0.32883
0.22484,-0.23625,0.32063
0.23026,-0.22949,0.32225
0.23731,-0.22775,0.32146
0.23066,-0.22396,0.32909
0.22105,-0.23509,0.32939
0.23265,-0.23081,0.32149
0.2511,-0.27036,0.32027
0.25664,-0.26987,0.32053
0.24085,-0.26841,0.32147
0.10841,-0.03383,0.33816
0.10831,-0.03276,0.32877
0.10926,-0.03413,0.33004
0.11006,-0.03408,0.33026
0.11007,-0.03389,0.33044
0.11125,-0.03812,0.32765
0.10992,-0.03405,0.33036
0.11243,-0.0426,0.32684
0.11104,-0.03384,0.32709
0.11205,-0.03981,0.32897
0.11119,-0.04149,0.32776
0.11425,-0.03724,0.32801
0.11406,-0.04177,0.32761
0.10473,-0.04957,0.33117
0.11128,-0.04646,0.32878
0.10496,-0.05223,0.33139
0.10656,-0.05092,0.33313
0.1133,-0.04187,0.32959
0.11123,-0.03416,0.33009
0.10443,-0.05018,0.33369
0.11066,-0.03348,0.33045
0.11117,-0.03327,0.3301
0.1105,-0.03361,0.33047
0.11045,-0.03366,0.33048
0.11028,-0.03377,0.33048
0.11016,-0.03384,0.33046
0.1111,-0.03228,0.32972
0.111,-0.03311,0.33017
0.11097,-0.03308,0.33026
0.11094,-0.03314,0.33029
0.11085,-0.03326,0.33036
0.11078,-0.03335,0.3304
0.11078,-0.03366,0.33013
0.11109,-0.03178,0.33816
0.1096,-0.03139,0.32915
0.09338,-0.05301,0.33387
0.09479,-0.05489,0.33467
0.09371,-0.05592,0.33287
0.08411,-0.05442,0.33377
0.08411,-0.0533,0.33081
0.08411,-0.05577,0.33134
0.09425,-0.05384,0.33177
0.11741,-0.04007,0.33315
0.11766,-0.03948,0.33044
0.11594,-0.04141,0.33045
0.11486,-0.03958,0.33315
0.11485,-0.03866,0.33044
0.11444,-0.03925,0.3325
0.11766,-0.04068,0.3329
0.1154,-0.04194,0.33339
0.11344,-0.03944,0.334
0.11363,-0.04118,0.33916
0.11869,-0.0408,0.33372
0.11854,-0.04154,0.33915
0.11657,-0.03699,0.33398
0.116,-0.03682,0.33915
0.11786,-0.03977,0.33428
0.11755,-0.04201,0.33415
0.11455,-0.04076,0.33429
0.11555,-0.03821,0.33426
0.11723,-0.03832,0.33294
-0.0003,0.06212,0.30943
0.00178,0.06237,0.30952
0.00151,0.16531,0.02555
-0.00057,0.16506,0.02547
0.0015,0.16437,0.02521
0.00358,0.16505,0.02546
0.00348,0.1641,0.02511
0.00375,0.06116,0.30908
-0.00047,0.16411,0.02512
0.00177,0.06143,0.30918
0.00385,0.06211,0.30942
-0.0002,0.06117,0.30909
-0.00202,0.0604,0.30881
-0.00223,0.06138,0.30916
-0.0039,0.06019,0.30873
-0.00353,0.05917,0.30837
-0.00229,0.16334,0.02484
-0.0038,0.16211,0.0244
-0.00417,0.16312,0.02477
-0.0025,0.16432,0.0252
-0.00545,0.16157,0.0242
-0.00489,0.16054,0.02383
-0.00517,0.05863,0.30817
-0.00625,0.15976,0.02355
-0.00598,0.05682,0.30751
-0.00653,0.15781,0.02284
-0.00546,0.15874,0.02318
-0.00519,0.05393,0.30647
-0.00547,0.15687,0.0225
-0.00519,0.0558,0.30715
-0.00626,0.05487,0.30681
-0.00462,0.0576,0.3078
-0.00627,0.15586,0.02213
-0.006,0.05292,0.3061
-0.00548,0.15404,0.02147
-0.00521,0.0511,0.30544
-0.00464,0.05213,0.30581
-0.00357,0.05054,0.30524
-0.00384,0.15348,0.02127
-0.00491,0.15506,0.02185
-0.00394,0.04954,0.30487
-0.00207,0.04931,0.30479
-0.00025,0.04853,0.3045
-0.00053,0.15146,0.02054
-0.00234,0.15225,0.02082
-0.00229,0.04833,0.30444
-0.00256,0.15127,0.02047
-0.00421,0.15247,0.02091
-0.00063,0.15051,0.02019
-0.00036,0.04757,0.30416
0.00172,0.04731,0.30406
0.00144,0.15025,0.02009
0.00145,0.15119,0.02044
0.00352,0.1505,0.02018
0.00342,0.15145,0.02053
0.00172,0.04825,0.3044
0.00379,0.04756,0.30415
0.00369,0.04851,0.3045
0.00545,0.15125,0.02045
0.00512,0.04851,0.30449
0.00739,0.0495,0.30485
0.00703,0.05051,0.30522
0.00524,0.15222,0.02081
0.00637,0.15236,0.02085
0.0084,0.15399,0.02144
0.00784,0.15502,0.02182
0.0092,0.15581,0.0221
0.00841,0.15682,0.02247
0.00868,0.05388,0.30644
0.00811,0.05208,0.30579
0.00867,0.05105,0.30541
0.00948,0.05287,0.30607
0.00976,0.05481,0.30677
0.00949,0.15775,0.02281
0.00949,0.05676,0.30748
0.00869,0.05576,0.30712
0.00786,0.1605,0.0238
0.0086,0.16037,0.02376
0.00794,0.05897,0.30828
0.00843,0.16152,0.02417
0.00641,0.16317,0.02477
0.00706,0.05914,0.30834
0.00743,0.06015,0.30871
0.00551,0.16429,0.02518
0.00529,0.16331,0.02483
0.00518,0.06115,0.30908
-0.26145,-0.23321,0.33417
-0.26225,-0.23136,0.33788
-0.25907,-0.23214,0.33787
-0.25975,-0.23144,0.33417
-0.26031,-0.22938,0.33787
-0.26066,-0.23175,0.33787
-0.25772,-0.2319,0.33587
-0.24814,-0.22776,0.33592
-0.25775,-0.23295,0.33967
-0.26052,-0.23546,0.33788
-0.26445,-0.24444,0.3397
-0.26058,-0.23477,0.33587
-0.26305,-0.23081,0.33417
-0.25902,-0.24376,0.33598
-0.26357,-0.24417,0.33595
-0.24838,-0.2329,0.33599
-0.26144,-0.24499,0.33895
-0.24423,-0.23261,0.33602
-0.25981,-0.24597,0.33909
-0.25843,-0.24774,0.33597
-0.26159,-0.24149,0.33969
-0.26174,-0.24722,0.33788
-0.26396,-0.24777,0.33596
-0.26182,-0.2473,0.3397
-0.26368,-0.24868,0.3397
-0.26116,-0.24929,0.3359
-0.24974,-0.26016,0.33969
-0.24873,-0.26178,0.33587
-0.24781,-0.25859,0.33601
-0.24386,-0.25813,0.33595
-0.24441,-0.26005,0.33901
-0.24642,-0.26016,0.33945
-0.24545,-0.26179,0.33935
-0.24638,-0.26383,0.3359
-0.24279,-0.26233,0.33592
-0.24089,-0.26091,0.33967
-0.2436,-0.25591,0.33967
-0.24312,-0.27438,0.3351
-0.24649,-0.2736,0.33562
-0.24317,-0.27402,0.33869
-0.24552,-0.26549,0.33968
-0.2342,-0.25957,0.33585
-0.23188,-0.2482,0.33593
-0.23338,-0.24314,0.33596
-0.23179,-0.24589,0.33904
-0.23141,-0.23862,0.33582
-0.22908,-0.24237,0.33587
-0.23108,-0.24393,0.33931
-0.23182,-0.23908,0.33962
-0.23476,-0.24735,0.33964
-0.22872,-0.24235,0.33962
-0.22977,-0.2453,0.33886
-0.22782,-0.24614,0.33962
-0.21757,-0.24251,0.33859
-0.21698,-0.24126,0.33957
-0.22304,-0.23462,0.33902
-0.22235,-0.22843,0.33941
-0.21965,-0.23447,0.33898
-0.21424,-0.22114,0.33873
-0.22064,-0.2272,0.33841
-0.22313,-0.23052,0.33505
-0.21934,-0.23296,0.33964
-0.2266,-0.22307,0.34075
-0.22408,-0.22533,0.34312
-0.22153,-0.23339,0.3349
-0.21715,-0.23703,0.33084
-0.22328,-0.22665,0.33042
-0.22135,-0.22732,0.33155
-0.22839,-0.22038,0.33103
-0.21866,-0.22866,0.33042
-0.21827,-0.2297,0.33146
-0.23175,-0.21693,0.33116
-0.2145,-0.22485,0.32702
-0.22986,-0.219,0.33771
-0.23089,-0.21738,0.3358
-0.22547,-0.21044,0.33543
-0.22769,-0.21316,0.32759
-0.22184,-0.20499,0.32743
-0.22575,-0.21049,0.32678
-0.22164,-0.20507,0.33434
-0.21954,-0.20491,0.33672
-0.2172,-0.20336,0.33788
-0.22194,-0.21408,0.34035
-0.21741,-0.21784,0.34096
-0.21275,-0.21027,0.34158
-0.21244,-0.20757,0.34129
-0.20852,-0.2019,0.34116
-0.2046,-0.19624,0.34102
-0.20183,-0.1989,0.34183
-0.19886,-0.20158,0.34063
-0.21024,-0.20987,0.34138
-0.21024,-0.20803,0.34145
-0.20717,-0.19412,0.33927
-0.22617,-0.21791,0.34122
-0.20782,-0.19319,0.33742
-0.20949,-0.19164,0.33416
-0.21178,-0.19687,0.33712
-0.21567,-0.19843,0.33435
-0.20776,-0.19359,0.33849
-0.21573,-0.20055,0.33682
-0.20902,-0.1922,0.32614
-0.21258,-0.19504,0.33426
-0.21548,-0.19893,0.32669
-0.21735,-0.20408,0.32387
-0.20715,-0.19409,0.32261
-0.21225,-0.19556,0.32642
-0.20492,-0.19613,0.32099
-0.22514,-0.2135,0.32244
-0.23024,-0.21376,0.32795
-0.21566,-0.222,0.32164
-0.21912,-0.21888,0.32156
-0.22264,-0.21538,0.32087
-0.21539,-0.22824,0.32815
-0.21969,-0.218,0.32014
-0.21059,-0.21031,0.32079
-0.20332,-0.21184,0.32404
-0.20766,-0.21748,0.32487
-0.20767,-0.2068,0.32003
-0.20499,-0.20635,0.3206
-0.19779,-0.20261,0.32198
-0.20055,-0.20722,0.32301
-0.21745,-0.22959,0.33902
-0.21529,-0.22884,0.33243
-0.20652,-0.21953,0.32943
-0.20692,-0.21828,0.33499
-0.2049,-0.21415,0.33716
-0.21555,-0.22587,0.33775
-0.21177,-0.22339,0.33355
-0.2008,-0.21263,0.3342
-0.19662,-0.20405,0.33764
-0.19603,-0.20431,0.33791
-0.19778,-0.20906,0.33463
-0.19476,-0.20548,0.33507
-0.2008,-0.2123,0.3274
-0.19443,-0.20581,0.32741
-0.19761,-0.20905,0.3274
-0.21507,-0.22366,0.33881
-0.19737,-0.20335,0.33961
-0.19667,-0.204,0.3388
-0.21596,-0.22412,0.33918
-0.21817,-0.22537,0.34022
-0.2155,-0.22324,0.33936
-0.19774,-0.203,0.33995
-0.21627,-0.22274,0.34002
-0.19812,-0.20264,0.3403
-0.21686,-0.22244,0.34042
-0.22155,-0.22299,0.3419
-0.20455,-0.20572,0.34101
-0.21815,-0.2334,0.34296
-0.21569,-0.24735,0.3429
-0.2206,-0.26224,0.34296
-0.21709,-0.25138,0.33964
-0.22027,-0.26146,0.33101
-0.21638,-0.24891,0.33106
-0.23244,-0.2727,0.33105
-0.22929,-0.26956,0.33865
-0.2201,-0.25863,0.33862
-0.21655,-0.2476,0.3386
-0.21837,-0.24598,0.33904
-0.22082,-0.26075,0.33963
-0.22739,-0.26912,0.34305
-0.22822,-0.2689,0.33963
-0.23886,-0.2744,0.33976
-0.24479,-0.27602,0.34311
-0.25534,-0.27387,0.33979
-0.24663,-0.27316,0.3391
-0.24317,-0.27319,0.33965
-0.24856,-0.27491,0.3387
-0.25586,-0.27214,0.33949
-0.24868,-0.27526,0.3313
-0.26133,-0.27123,0.33873
-0.26151,-0.27178,0.33112
-0.26562,-0.26864,0.34314
-0.27384,-0.25746,0.33113
-0.26921,-0.26353,0.33923
-0.27514,-0.2509,0.33873
-0.26801,-0.26526,0.3398
-0.2735,-0.24796,0.3392
-0.27391,-0.25521,0.33985
-0.27518,-0.24299,0.33968
-0.27255,-0.24527,0.33913
-0.27478,-0.24842,0.33516
-0.27491,-0.24367,0.33872
-0.2749,-0.24452,0.33513
-0.27522,-0.23618,0.3311
-0.26864,-0.22662,0.33868
-0.26231,-0.21986,0.33105
-0.27042,-0.22775,0.3431
-0.27603,-0.24298,0.34313
-0.27279,-0.23306,0.33978
-0.27423,-0.25572,0.34314
-0.26673,-0.22485,0.3397
-0.24884,-0.21698,0.3391
-0.25988,-0.2196,0.33972
-0.25584,-0.21699,0.34304
-0.24834,-0.21591,0.33969
-0.23727,-0.21821,0.33924
-0.24481,-0.21807,0.33962
-0.23511,-0.21807,0.33968
-0.24771,-0.2189,0.33915
-0.23983,-0.21599,0.34305
-0.24365,-0.22831,0.33963
-0.24469,-0.21706,0.33862
-0.24463,-0.21658,0.33506
-0.23916,-0.21625,0.33084
-0.24403,-0.22835,0.33585
-0.23533,-0.22045,0.33501
-0.22962,-0.22098,0.33084
-0.23481,-0.21748,0.34288
-0.25087,-0.21615,0.33126
-0.23195,-0.21462,0.3327
-0.24797,-0.21768,0.33557
-0.25926,-0.2189,0.33865
-0.22909,-0.21533,0.33867
-0.22046,-0.20472,0.33639
-0.22703,-0.21405,0.33867
-0.22624,-0.21324,0.33856
-0.22013,-0.20463,0.33669
-0.2258,-0.21356,0.33909
-0.23314,-0.22298,0.33547
-0.2399,-0.2306,0.33582
-0.2307,-0.22111,0.33923
-0.24034,-0.23097,0.33963
-0.24138,-0.23126,0.33633
-0.24619,-0.22943,0.33912
-0.24572,-0.23153,0.33916
-0.24782,-0.22756,0.33964
-0.24873,-0.23559,0.33965
-0.25179,-0.24008,0.33967
-0.25188,-0.23989,0.33636
-0.23592,-0.22109,0.33909
-0.25023,-0.23074,0.33965
-0.24827,-0.23509,0.33635
-0.25104,-0.23022,0.33635
-0.25792,-0.23378,0.33637
-0.24756,-0.23093,0.33874
-0.26164,-0.24141,0.33639
-0.25666,-0.24387,0.33968
-0.2569,-0.24352,0.33638
-0.25343,-0.23847,0.33967
-0.24914,-0.23601,0.33966
-0.25796,-0.2459,0.33969
-0.25782,-0.24883,0.33969
-0.24826,-0.25763,0.33968
-0.24841,-0.25764,0.33638
-0.25766,-0.24885,0.33639
-0.24008,-0.25109,0.33635
-0.23198,-0.24017,0.33632
-0.24011,-0.25105,0.33966
-0.23597,-0.24785,0.33964
-0.24554,-0.25758,0.33968
-0.23622,-0.24815,0.33964
-0.23514,-0.24763,0.33634
-0.23774,-0.25147,0.33965
-0.24362,-0.25598,0.33637
-0.2297,-0.2504,0.33633
-0.22998,-0.24997,0.33963
-0.23555,-0.25938,0.33862
-0.24053,-0.26124,0.33637
-0.23136,-0.25566,0.33847
-0.23191,-0.26069,0.33785
-0.22938,-0.25926,0.33784
-0.23034,-0.26088,0.33414
-0.2329,-0.25897,0.33414
-0.23086,-0.26082,0.33538
-0.23107,-0.26021,0.33784
-0.23022,-0.25974,0.33784
-0.2308,-0.26024,0.33723
-0.23139,-0.26075,0.33661
-0.23028,-0.26031,0.33599
-0.23002,-0.26034,0.33537
-0.23012,-0.26004,0.33661
-0.23162,-0.25993,0.33414
-0.2297,-0.2598,0.33661
-0.23056,-0.25675,0.33413
-0.23155,-0.25646,0.33584
-0.22797,-0.24603,0.33585
-0.21789,-0.24586,0.33549
-0.21712,-0.24243,0.335
-0.21891,-0.22886,0.33573
-0.21286,-0.22278,0.32557
-0.21922,-0.21677,0.32117
-0.21531,-0.21977,0.322
-0.20752,-0.21434,0.32339
-0.22248,-0.21352,0.32243
-0.21304,-0.20999,0.32046
-0.21253,-0.20772,0.32071
-0.20965,-0.20497,0.32014
-0.20218,-0.1986,0.32077
-0.21041,-0.20779,0.32048
-0.20979,-0.20277,0.32057
-0.20948,-0.20323,0.31942
-0.20551,-0.20591,0.31917
-0.20434,-0.19686,0.32051
-0.20382,-0.19724,0.31928
-0.20526,-0.19997,0.31535
-0.2078,-0.20252,0.31472
-0.20505,-0.20601,0.32021
-0.20053,-0.20015,0.31925
-0.20437,-0.2034,0.31708
-0.20592,-0.20477,0.3143
-0.20472,-0.20577,0.32035
-0.20468,-0.20581,0.32043
-0.20504,-0.20618,0.32047
-0.20012,-0.20083,0.32025
-0.20008,-0.20087,0.32038
-0.20458,-0.2059,0.32057
-0.19999,-0.20095,0.32051
-0.19995,-0.20098,0.32055
-0.20451,-0.20606,0.32065
-0.1996,-0.20098,0.32102
-0.1999,-0.20104,0.3206
-0.1999,-0.20076,0.32071
-0.20001,-0.20065,0.32058
-0.20111,-0.19962,0.32078
-0.20003,-0.20063,0.32053
-0.20012,-0.20055,0.32031
-0.20009,-0.20085,0.32033
-0.20395,-0.20296,0.31572
-0.20653,-0.20124,0.31504
-0.20354,-0.20253,0.31436
-0.20329,-0.20203,0.31257
-0.20515,-0.20009,0.31264
-0.2041,-0.19681,0.32065
-0.20423,-0.19669,0.32079
-0.20444,-0.19677,0.32061
-0.20934,-0.20202,0.32062
-0.20935,-0.20182,0.32068
-0.20453,-0.19669,0.32067
-0.20916,-0.20198,0.32052
-0.2579,-0.23114,0.33416
-0.2606,-0.23233,0.33417
0.23248,0.22543,0.32046
0.23916,0.22242,0.31998
0.2331,0.21925,0.32819
0.24621,0.21486,0.32928
0.25473,0.21981,0.3203
0.24883,0.22226,0.31965
0.23836,0.22593,0.31934
0.23822,0.2235,0.32162
0.24731,0.22085,0.32168
0.23864,0.22596,0.32085
0.25543,0.23486,0.31689
0.24839,0.22336,0.32081
0.25378,0.22395,0.31928
0.23222,0.22778,0.32158
0.23429,0.22909,0.32093
0.24935,0.24234,0.31761
0.23764,0.24165,0.31857
0.22967,0.2573,0.32093
0.22718,0.24255,0.32087
0.24311,0.25543,0.31843
0.22853,0.23735,0.32089
0.246,0.2448,0.31786
0.22445,0.2431,0.32165
0.22655,0.23548,0.3217
0.22825,0.23751,0.31943
0.23429,0.22892,0.31939
0.23868,0.24443,0.31665
0.23215,0.2279,0.32
0.22456,0.23794,0.32032
0.22707,0.2424,0.31935
0.22789,0.25291,0.31945
0.2303,0.25733,0.31936
0.24226,0.26678,0.31903
0.24581,0.24647,0.31631
0.24899,0.24237,0.31636
0.22318,0.24667,0.32045
0.21879,0.24112,0.32925
0.22191,0.23163,0.32841
0.22495,0.2428,0.31997
0.22664,0.23452,0.31995
0.22528,0.25205,0.32002
0.22561,0.25265,0.3216
0.2271,0.2597,0.32039
0.22773,0.26487,0.32781
0.22093,0.25031,0.32772
0.22986,0.26126,0.32171
0.22809,0.25258,0.32093
0.2219,0.23613,0.32901
0.22016,0.24495,0.3298
0.22051,0.24979,0.33123
0.22062,0.25056,0.33407
0.22413,0.26069,0.33437
0.2204,0.25567,0.32903
0.2283,0.26833,0.32914
0.23731,0.26871,0.32035
0.24076,0.27479,0.32916
0.2334,0.2702,0.33434
0.26402,0.27272,0.32918
0.25343,0.27436,0.33106
0.25347,0.27633,0.32893
0.248,0.27165,0.32042
0.24448,0.27415,0.33403
0.24523,0.27444,0.33109
0.24303,0.27375,0.32771
0.23583,0.26612,0.3215
0.25818,0.27279,0.32784
0.25944,0.26829,0.32153
0.25174,0.27032,0.3216
0.24228,0.26918,0.32152
0.24244,0.2692,0.31993
0.24239,0.26677,0.32083
0.25244,0.26759,0.32085
0.2562,0.25564,0.3185
0.23756,0.26443,0.32086
0.23759,0.26453,0.31931
0.23581,0.26605,0.31993
0.22884,0.2593,0.31996
0.25758,0.26612,0.32079
0.26959,0.25696,0.32101
0.26676,0.26055,0.32096
0.24889,0.24894,0.31785
0.25247,0.24532,0.31779
0.27067,0.24082,0.32043
0.25018,0.24859,0.31625
0.25244,0.24504,0.31635
0.25986,0.25279,0.31707
0.26612,0.2603,0.31929
0.26888,0.2561,0.31927
0.27131,0.24633,0.31924
0.27108,0.241,0.31927
0.25789,0.2657,0.31914
0.25232,0.26751,0.31927
0.25217,0.27047,0.31983
0.25858,0.26834,0.31967
0.26695,0.26362,0.31988
0.27924,0.25355,0.32893
0.27231,0.25579,0.3199
0.27608,0.26106,0.32915
0.27325,0.25137,0.32153
0.27361,0.24674,0.31986
0.2752,0.2448,0.32026
0.27226,0.23347,0.32034
0.27287,0.24002,0.32073
0.27864,0.23714,0.32909
0.27316,0.2461,0.32125
0.27441,0.24245,0.32213
0.26824,0.23059,0.31983
0.26934,0.23104,0.32156
0.27749,0.2417,0.32797
0.27688,0.25321,0.32759
0.27369,0.23056,0.32756
0.27808,0.24957,0.33103
0.27782,0.25033,0.33392
0.27536,0.25823,0.33427
0.26949,0.26604,0.32794
0.26973,0.26019,0.32191
0.26654,0.26946,0.33427
0.2542,0.2742,0.33395
0.27798,0.24133,0.33109
0.27782,0.24056,0.33403
0.27515,0.23124,0.3343
0.27399,0.22738,0.32916
0.26416,0.22038,0.33434
0.26381,0.22094,0.32788
0.26369,0.22534,0.32151
0.254,0.21704,0.33406
0.25496,0.21765,0.32799
0.25472,0.2215,0.32149
0.26365,0.22498,0.31985
0.25484,0.22158,0.31996
0.26329,0.22797,0.32085
0.26663,0.2318,0.32082
0.26676,0.23221,0.31922
0.26295,0.22805,0.31924
0.25369,0.22379,0.32091
0.26708,0.22038,0.329
0.25878,0.21687,0.32908
0.24758,0.21662,0.32947
0.25324,0.21683,0.33121
0.23792,0.21903,0.32892
0.22938,0.22449,0.32845
0.27124,0.2468,0.32072
0.08449,0.053,0.33048
0.08449,0.0529,0.33318
0.07946,0.05372,0.33349
0.0845,0.05553,0.33222
0.07957,0.05418,0.33055
0.07887,0.05312,0.33126
0.09582,0.05496,0.33276
0.09393,0.05337,0.33165
0.0952,0.0521,0.33297
0.08449,0.05268,0.33283
0.0845,0.05544,0.33245
0.09364,0.05384,0.33474
0.10525,0.05095,0.33357
0.10584,0.04839,0.33288
0.11444,0.04061,0.32878
0.11195,0.03902,0.32772
0.10526,0.04911,0.33072
0.11237,0.0406,0.32947
0.11184,0.03724,0.32908
0.11426,0.03629,0.32889
0.11325,0.03684,0.32655
0.11045,0.03083,0.32839
0.11139,0.03195,0.32993
0.11304,0.04037,0.32634
0.11075,0.03299,0.33039
0.11096,0.03066,0.33808
0.11044,0.03354,0.33807
0.10835,0.03236,0.33808
0.10853,0.03186,0.32868
0.10954,0.03339,0.32994
0.10606,0.05126,0.33127
0.11194,0.04577,0.32957
0.07629,0.05583,0.33314
0.0755,0.05697,0.33118
0.07591,0.06105,0.33231
0.07635,0.06121,0.331
0.07631,0.05911,0.33059
0.07631,0.0609,0.33305
0.07718,0.06249,0.33275
0.07709,0.06257,0.33249
0.07661,0.06216,0.33185
0.07703,0.06262,0.33223
0.08455,0.07063,0.33237
0.08455,0.07048,0.33262
0.08455,0.07058,0.33145
0.08455,0.07064,0.33153
0.08455,0.07073,0.33194
0.08455,0.07066,0.33231
0.08455,0.07072,0.33183
0.07703,0.06262,0.33173
0.07707,0.06258,0.33148
0.08455,0.07038,0.33118
0.07718,0.06248,0.33122
0.08455,0.07043,0.33122
0.08455,0.07038,0.33272
0.08455,0.07002,0.3309
0.08455,0.07015,0.33293
0.08455,0.06992,0.33085
0.08455,0.06942,0.33066
0.08455,0.07009,0.33297
0.07731,0.06236,0.33296
0.08455,0.06998,0.33302
0.08455,0.0696,0.3332
0.07748,0.06221,0.33314
0.08455,0.06947,0.33324
0.08455,0.06939,0.33327
0.07764,0.06206,0.33327
0.07694,0.06103,0.33331
0.07723,0.06152,0.33328
0.08455,0.06891,0.33334
0.07791,0.0618,0.33337
0.07665,0.05929,0.33339
0.08455,0.06841,0.33334
0.08455,0.06878,0.33335
0.07803,0.06169,0.33336
0.07822,0.06152,0.33336
0.08455,0.0683,0.33332
0.08454,0.06677,0.33142
0.08455,0.06784,0.33324
0.08455,0.06775,0.3332
0.07841,0.06134,0.33327
0.08454,0.06745,0.33308
0.07849,0.06126,0.33323
0.07785,0.05961,0.33307
0.07826,0.06049,0.33302
0.07859,0.06117,0.33314
0.07878,0.06099,0.33294
0.08454,0.06718,0.33291
0.08454,0.06705,0.33282
0.08454,0.06699,0.33277
0.08454,0.06684,0.33258
0.07888,0.0609,0.33274
0.07895,0.06083,0.33261
0.08454,0.06673,0.33244
0.08454,0.06662,0.33213
0.07898,0.06081,0.33249
0.08454,0.06663,0.33176
0.08454,0.06661,0.33184
0.07904,0.06075,0.33223
0.07834,0.05978,0.33226
0.07825,0.0588,0.33195
0.07905,0.06074,0.33182
0.07964,0.05589,0.33153
0.07722,0.05982,0.33063
0.07801,0.06008,0.33095
0.07883,0.06094,0.3311
0.07888,0.06089,0.33122
0.07897,0.0608,0.33144
0.07903,0.06075,0.33172
0.08454,0.06697,0.33116
0.08454,0.06702,0.33112
0.08454,0.06706,0.33108
0.07859,0.06116,0.33081
0.08454,0.06742,0.33084
0.08454,0.06755,0.33078
0.08452,0.06782,0.33076
0.07821,0.06151,0.33061
0.08454,0.0681,0.33061
0.07806,0.06166,0.33058
0.08454,0.0684,0.33056
0.07748,0.06135,0.33059
0.08454,0.06886,0.33057
0.07753,0.06107,0.33058
0.08454,0.0686,0.33057
0.09381,0.07853,0.33052
0.09367,0.07865,0.33051
0.0773,0.06119,0.33056
0.07779,0.06136,0.33058
0.07822,0.0615,0.33054
0.09457,0.07781,0.32799
0.09411,0.07825,0.33045
0.07786,0.06082,0.33052
0.07803,0.06032,0.33031
0.07843,0.06131,0.33046
0.07766,0.05764,0.33033
0.07692,0.06009,0.33058
0.0944,0.07798,0.33026
0.07879,0.06097,0.33012
0.0783,0.06012,0.33001
0.09463,0.07776,0.32996
0.07894,0.06084,0.32989
0.09479,0.07761,0.32959
0.09475,0.07764,0.32834
0.09486,0.07754,0.32918
0.0791,0.06068,0.32934
0.07804,0.05902,0.32963
0.07911,0.06067,0.32924
0.07822,0.05922,0.32873
0.07946,0.05574,0.32815
0.0784,0.05997,0.32839
0.07764,0.05907,0.32798
0.07903,0.06074,0.32852
0.07911,0.06067,0.32907
0.09485,0.07755,0.32875
0.07893,0.06083,0.32826
0.0782,0.06055,0.32784
0.07725,0.05974,0.32764
0.0788,0.06096,0.32801
0.07586,0.05749,0.32772
0.07733,0.06106,0.32757
0.07758,0.06071,0.3276
0.07842,0.06131,0.32769
0.09426,0.0781,0.32767
0.07861,0.06113,0.32783
0.09454,0.07784,0.32794
0.09272,0.07953,0.32857
0.09268,0.07958,0.32902
0.09286,0.07941,0.32819
0.09307,0.07921,0.32786
0.09334,0.07895,0.32763
0.09364,0.07867,0.32753
0.09397,0.07837,0.32754
0.09275,0.07951,0.32956
0.09291,0.07937,0.32994
0.09268,0.07958,0.32915
0.07726,0.0624,0.33013
0.0931,0.07918,0.33021
0.0763,0.06138,0.33001
0.07711,0.06254,0.32989
0.09337,0.07893,0.33041
0.07743,0.06224,0.33032
0.07705,0.06191,0.33029
0.07667,0.0611,0.3304
0.07783,0.06187,0.33054
0.07551,0.06044,0.32962
0.07607,0.06153,0.32873
0.07629,0.06062,0.3278
0.07695,0.06268,0.32935
0.07653,0.06224,0.32916
0.07592,0.05631,0.33023
0.07696,0.06268,0.3288
0.07701,0.06263,0.32853
0.07673,0.0621,0.32826
0.07725,0.0624,0.32802
0.07693,0.06187,0.32791
0.07743,0.06224,0.32783
0.0767,0.05446,0.32869
0.0797,0.05276,0.32975
0.07794,0.05665,0.33057
0.07961,0.0536,0.32751
0.08636,0.05542,0.3287
0.08621,0.05285,0.32765
0.07991,0.0556,0.32987
0.08623,0.05303,0.33066
0.08617,0.05223,0.32907
0.10364,0.05217,0.32891
0.08618,0.05227,0.3288
0.08634,0.05497,0.32988
0.10364,0.05216,0.32903
0.08618,0.05227,0.32934
0.08618,0.0523,0.32953
0.10364,0.0522,0.3293
0.10364,0.05223,0.32948
0.1053,0.05208,0.32911
0.10364,0.0522,0.32876
0.10364,0.05228,0.32958
0.10536,0.05235,0.3298
0.11141,0.05089,0.32861
0.10527,0.05221,0.32843
0.10364,0.05226,0.3285
0.10608,0.0526,0.33013
0.10365,0.05241,0.32985
0.10365,0.05261,0.33008
0.0862,0.05268,0.33012
0.08619,0.05248,0.32989
0.08618,0.05234,0.32962
0.08621,0.05284,0.33028
0.10365,0.05271,0.33019
0.08622,0.05291,0.33032
0.10365,0.05285,0.33027
0.08623,0.05318,0.33045
0.08624,0.05326,0.3305
0.10365,0.05311,0.33042
0.08625,0.05346,0.33053
0.10618,0.05335,0.33044
0.10544,0.05305,0.33037
0.10365,0.05349,0.33052
0.10365,0.05366,0.33051
0.1055,0.05387,0.33045
0.1125,0.0529,0.32931
0.10547,0.05428,0.33032
0.10365,0.05421,0.33041
0.10365,0.05394,0.3305
0.10365,0.05433,0.33037
0.10553,0.05466,0.33003
0.10365,0.05447,0.33027
0.08633,0.05477,0.33011
0.08631,0.05454,0.33031
0.10365,0.05472,0.33009
0.08634,0.05494,0.32995
0.10658,0.05488,0.32962
0.10365,0.05491,0.32984
0.10365,0.05504,0.32958
0.08635,0.05511,0.32961
0.10365,0.05514,0.3293
0.10551,0.05507,0.32924
0.10766,0.05492,0.32859
0.11107,0.05431,0.32799
0.10524,0.05511,0.32895
0.08635,0.05522,0.32906
0.10365,0.05515,0.32885
0.08635,0.05518,0.32879
0.08632,0.05477,0.32802
0.08634,0.05511,0.32852
0.08635,0.05515,0.3286
0.10365,0.05504,0.32845
0.08634,0.05497,0.32825
0.10531,0.05485,0.32815
0.10546,0.05499,0.32842
0.10365,0.05471,0.32798
0.10365,0.05483,0.32808
0.10365,0.0545,0.32778
0.10577,0.05457,0.32783
0.08631,0.0546,0.32785
0.08631,0.05454,0.32782
0.08629,0.05427,0.32768
0.10365,0.05421,0.32764
0.10538,0.05442,0.32772
0.10365,0.05411,0.3276
0.10532,0.05402,0.32753
0.10365,0.0537,0.32753
0.10365,0.05393,0.32757
0.10763,0.0536,0.3273
0.08629,0.05419,0.32764
0.08628,0.05399,0.32761
0.08626,0.05372,0.32756
0.10364,0.05339,0.32756
0.08624,0.05345,0.32761
0.10364,0.05312,0.32763
0.08623,0.05326,0.32764
0.08623,0.05318,0.32768
0.10364,0.05285,0.32778
0.10533,0.05251,0.32791
0.10528,0.05305,0.32758
0.11025,0.05194,0.32686
0.11538,0.04783,0.32674
0.11636,0.05067,0.325
0.11554,0.04714,0.32353
0.11457,0.04793,0.32536
0.11621,0.04117,0.32637
0.1177,0.04811,0.32602
0.11801,0.03482,0.32523
0.11655,0.03407,0.32779
0.11485,0.03516,0.32576
0.11577,0.03446,0.32412
0.11494,0.03189,0.32724
0.11525,0.03354,0.32769
0.11487,0.03221,0.32841
0.11609,0.03117,0.32634
0.11489,0.0318,0.32932
0.1149,0.03169,0.32932
0.11497,0.0315,0.32932
0.11503,0.03131,0.32932
0.1151,0.03122,0.32932
0.11527,0.03112,0.32813
0.11527,0.03098,0.32932
0.11529,0.03099,0.33807
0.1155,0.03079,0.32932
0.11552,0.0308,0.33807
0.11561,0.03071,0.32932
0.11563,0.03072,0.33807
0.11783,0.03163,0.33806
0.11578,0.03064,0.33806
0.11573,0.03065,0.32931
0.11601,0.03058,0.33806
0.11618,0.03053,0.33806
0.11785,0.03191,0.32931
0.11787,0.03192,0.33806
0.11781,0.03162,0.32931
0.11629,0.03053,0.33806
0.11659,0.03053,0.33806
0.11773,0.03138,0.33806
0.11627,0.03052,0.32931
0.11614,0.03057,0.32842
0.11599,0.03056,0.32931
0.11657,0.03055,0.32868
0.11572,0.03068,0.3287
0.11723,0.03094,0.32755
0.11771,0.03137,0.32931
0.11764,0.03121,0.32931
0.11757,0.03113,0.32931
0.11781,0.03175,0.32829
0.11782,0.03244,0.32672
0.1166,0.03052,0.32931
0.11687,0.0306,0.32931
0.11702,0.03065,0.32931
0.1173,0.03086,0.3287
0.11786,0.03204,0.32931
0.11783,0.0326,0.32798
0.11756,0.0334,0.32755
0.11779,0.03247,0.32931
0.11784,0.03221,0.32931
0.11778,0.0326,0.32851
0.11777,0.03253,0.32931
0.11763,0.03278,0.32931
0.11724,0.03329,0.32868
0.11754,0.03293,0.32931
0.11745,0.03302,0.32931
0.11724,0.03322,0.32931
0.11673,0.03352,0.32881
0.11643,0.0335,0.32931
0.117,0.03335,0.32931
0.11675,0.03344,0.32931
0.11685,0.03343,0.32931
0.11702,0.03336,0.33806
0.11726,0.03323,0.33806
0.11677,0.03346,0.33806
0.11645,0.03351,0.33806
0.11492,0.0317,0.33807
0.11498,0.03151,0.33807
0.11512,0.03123,0.33807
0.11618,0.03349,0.33806
0.11489,0.03211,0.33806
0.11487,0.03212,0.32931
0.11487,0.0321,0.32931
0.11493,0.03238,0.32931
0.11495,0.03239,0.33806
0.11496,0.03253,0.32931
0.11501,0.03264,0.32931
0.11503,0.03265,0.33806
0.11516,0.03287,0.32931
0.11535,0.03309,0.32931
0.11518,0.03288,0.33806
0.11528,0.03303,0.33806
0.11537,0.0331,0.33806
0.11558,0.03328,0.32931
0.1156,0.03329,0.33806
0.11586,0.0334,0.32931
0.11588,0.03341,0.33806
0.11599,0.03346,0.32931
0.11616,0.03347,0.32931
0.11601,0.03347,0.33806
0.11558,0.03335,0.3287
0.11747,0.03303,0.33806
0.11756,0.03294,0.33806
0.11765,0.03279,0.33806
0.11779,0.03254,0.33806
0.11781,0.03248,0.33806
0.11786,0.03222,0.33806
0.11788,0.03205,0.33806
0.11689,0.03062,0.33806
0.11714,0.03074,0.32931
0.11704,0.03066,0.33806
0.11716,0.03075,0.33806
0.11739,0.0309,0.33806
0.11739,0.03091,0.32931
0.11759,0.03115,0.33806
0.11766,0.03122,0.33806
0.11662,0.03053,0.33806
0.1174,0.0458,0.32368
0.10364,0.05247,0.32812
0.10364,0.05261,0.32798
0.10364,0.05242,0.32821
0.10364,0.05275,0.32784
0.08621,0.05291,0.32782
0.08621,0.05284,0.32785
0.0862,0.05268,0.32802
0.08619,0.05251,0.32819
0.08618,0.05234,0.32852
0.08618,0.0523,0.3286
0.08635,0.05518,0.32933
0.08635,0.05515,0.32953
0.0863,0.05427,0.33045
0.08628,0.054,0.33052
0.08627,0.05373,0.33057
0.07693,0.06271,0.32921
0.07782,0.06187,0.32761
0.07802,0.06168,0.32759
0.07784,0.06186,0.33061
0.08454,0.06902,0.33057
0.07765,0.06204,0.33067
0.08455,0.06931,0.33062
0.07747,0.06221,0.33081
0.0774,0.06227,0.33087
0.07731,0.06236,0.331
0.07795,0.06029,0.33081
0.07701,0.06264,0.33198
0.11103,-0.03304,0.33315
0.11128,-0.03245,0.33044
0.10956,-0.03437,0.33045
0.10848,-0.03255,0.33316
0.10847,-0.03163,0.33045
0.10806,-0.03221,0.3325
0.11128,-0.03365,0.3329
0.10901,-0.03491,0.3334
0.11231,-0.03376,0.33373
0.10706,-0.0324,0.334
0.10711,-0.03333,0.33917
0.10996,-0.03554,0.33916
0.10892,-0.03428,0.33427
0.10976,-0.02981,0.33916
0.10817,-0.03215,0.33432
0.11102,-0.03377,0.33432
0.11067,-0.03117,0.33424
0.11239,-0.03316,0.33916
0.11018,-0.02996,0.33398
0.11085,-0.03129,0.33295
-0.09863,-0.02161,0.4724
-0.10067,-0.0283,0.47232
-0.09905,-0.02423,0.47054
-0.10322,-0.03182,0.47054
-0.10575,-0.03362,0.47238
-0.11201,-0.02143,0.47248
-0.11497,-0.02046,0.47248
-0.11285,-0.00602,0.47238
-0.12237,-0.03289,0.4724
-0.11504,-0.02209,0.47048
-0.11349,-0.02094,0.47248
-0.11166,-0.02147,0.47048
-0.11377,-0.01915,0.47048
-0.1023,-0.01071,0.47232
-0.11402,-0.03578,0.4724
-0.12412,-0.01015,0.47237
-0.11487,-0.00622,0.4706
-0.10751,-0.00733,0.47054
-0.11824,-0.0167,0.47037
-0.10963,-0.01559,0.4703
-0.09985,-0.01453,0.4705
-0.10798,-0.02413,0.47034
-0.11587,-0.01849,0.46742
-0.11046,-0.01945,0.46739
-0.11581,-0.02322,0.46442
-0.11377,-0.02447,0.46715
-0.11942,-0.02263,0.47037
-0.11422,-0.01757,0.46435
-0.11176,-0.02349,0.46441
-0.11595,-0.01867,0.46257
-0.11149,-0.02348,0.46266
-0.1157,-0.02302,0.4625
-0.11507,-0.02324,0.46037
-0.11615,-0.02058,0.46044
-0.11118,-0.02268,0.46038
-0.11115,-0.01893,0.46255
-0.11134,-0.01941,0.46041
-0.11042,-0.02079,0.46429
-0.11435,-0.01829,0.46041
-0.12405,-0.03145,0.47063
-0.12808,-0.02394,0.47064
-0.12729,-0.01538,0.47062
-0.11494,-0.02716,0.47037
-0.11417,-0.0361,0.47064
-0.12685,-0.02724,0.4724
-0.12829,-0.01988,0.47244
-0.12213,-0.00888,0.47058
-0.11521,-0.02753,0.42405
-0.11348,-0.03021,0.42404
-0.1155,-0.02932,0.42889
-0.11314,-0.02441,0.42403
-0.11518,-0.02507,0.42889
-0.11654,-0.02852,0.45229
-0.11096,-0.02321,0.42966
-0.11189,-0.02414,0.4282
-0.1138,-0.02326,0.45202
-0.11575,-0.0241,0.44066
-0.11574,-0.02707,0.45379
-0.1123,-0.03098,0.45339
-0.11321,-0.02961,0.45812
-0.11097,-0.02427,0.45419
-0.11538,-0.02687,0.45795
-0.10999,-0.02956,0.45791
-0.10975,-0.02681,0.45815
-0.11206,-0.02863,0.46159
-0.11378,-0.02641,0.45811
-0.10858,-0.02782,0.46231
-0.10595,-0.0268,0.46522
-0.11052,-0.02536,0.46294
-0.10825,-0.02531,0.46483
-0.0968,-0.02335,0.4667
-0.09119,-0.02058,0.465
-0.08091,-0.02035,0.46645
-0.08241,-0.02238,0.46585
-0.09084,-0.02369,0.46445
-0.0803,-0.02208,0.46381
-0.07327,-0.02249,0.46881
-0.09873,-0.02377,0.46354
-0.08049,-0.02026,0.46352
-0.10797,-0.02589,0.46144
-0.1106,-0.02609,0.45968
-0.0727,-0.02164,0.46768
-0.07749,-0.01918,0.46587
-0.07514,-0.02124,0.46983
-0.07269,-0.01956,0.46997
-0.07493,-0.0202,0.47004
-0.07511,-0.02119,0.46995
-0.0751,-0.02131,0.46994
-0.07477,-0.02205,0.4703
-0.07511,-0.02125,0.46994
-0.0751,-0.02126,0.46995
-0.07811,-0.0215,0.4732
-0.07789,-0.02251,0.47605
-0.07798,-0.02103,0.47546
-0.07807,-0.01954,0.47487
-0.07913,-0.01897,0.47337
-0.0781,-0.02085,0.47376
-0.07914,-0.02308,0.47584
-0.07797,-0.02218,0.4751
-0.07864,-0.02036,0.47646
-0.07839,-0.02108,0.47632
-0.07814,-0.0218,0.47619
-0.07804,-0.02184,0.47415
-0.07837,-0.02093,0.47483
-0.07809,-0.02019,0.47431
-0.07845,-0.02009,0.47593
-0.07679,-0.02095,0.47634
-0.08136,-0.02086,0.47819
-0.0818,-0.01815,0.47454
-0.07826,-0.01981,0.4754
-0.07381,-0.01987,0.47338
-0.07256,-0.02181,0.47198
-0.08436,-0.00803,0.47445
-0.08654,-0.01813,0.47163
-0.08395,-0.00901,0.47948
-0.09392,0.00378,0.47928
-0.09807,-0.01111,0.48327
-0.0829,-0.02953,0.47974
-0.0924,0.00258,0.47457
-0.0904,-0.04263,0.47933
-0.10229,-0.03197,0.48378
-0.08859,-0.04049,0.47451
-0.08237,-0.02395,0.47328
-0.08325,-0.03088,0.47452
-0.09853,-0.04837,0.47454
-0.09993,-0.04385,0.4717
-0.09034,-0.03475,0.47156
-0.10353,-0.03946,0.4718
-0.09429,-0.03094,0.47175
-0.09195,-0.01957,0.47185
-0.1223,-0.03849,0.47183
-0.11382,-0.04109,0.47182
-0.1149,-0.04673,0.47164
-0.10908,-0.05128,0.47469
-0.12079,-0.05032,0.47444
-0.1325,-0.0375,0.47168
-0.13065,-0.02981,0.47177
-0.13807,-0.01762,0.47173
-0.14076,-0.03228,0.47477
-0.1326,-0.04355,0.47465
-0.14237,-0.01617,0.47466
-0.14263,-0.02139,0.47938
-0.13985,-0.03352,0.47952
-0.13243,-0.0436,0.47955
-0.14054,-0.01047,0.4798
-0.13737,-0.00374,0.47466
-0.13334,0.00107,0.47955
-0.12699,0.00594,0.47467
-0.12796,-0.0001,0.47158
-0.115,0.00942,0.47459
-0.10745,0.00462,0.47154
-0.11219,-0.00054,0.47173
-0.13222,-0.01773,0.47183
-0.1274,-0.00768,0.47181
-0.12021,-0.00249,0.47181
-0.10298,-0.00289,0.47169
-0.09539,-0.00916,0.47169
-0.09121,-0.00518,0.47161
-0.121,0.0081,0.47952
-0.10504,0.00884,0.47447
-0.10868,0.00958,0.47929
-0.1079,0.00064,0.48214
-0.1252,-0.0033,0.48218
-0.11554,-0.01395,0.48448
-0.12506,-0.02678,0.48389
-0.1223,-0.03822,0.48268
-0.11339,-0.05114,0.47987
-0.1232,-0.0492,0.47956
-0.10298,-0.05005,0.47945
-0.07915,-0.02397,0.47196
-0.11169,-0.02436,0.45796
-0.1088,-0.02834,0.45339
-0.1076,-0.0272,0.45185
-0.1087,-0.0276,0.42832
-0.10946,-0.03098,0.45194
-0.10968,-0.03111,0.42965
-0.1123,-0.03076,0.42822
-0.11381,-0.03194,0.43937
-0.11046,-0.02986,0.4241
-0.10918,-0.02647,0.42407
-0.10841,-0.02568,0.42954
-0.10794,-0.02743,0.43043
-0.10798,-0.02685,0.43042
-0.10793,-0.02682,0.45155
-0.10814,-0.02609,0.45155
-0.10824,-0.0257,0.45155
-0.10818,-0.02612,0.43042
-0.10829,-0.02573,0.43042
-0.10872,-0.02491,0.45155
-0.1101,-0.02358,0.45237
0.01146,0.15652,0.01245
0.01146,0.15667,0.01149
0.01144,0.15064,0.01107
0.01144,0.15053,0.01233
0.16163,0.15006,0.01074
0.01144,0.15071,0.01039
0.16163,0.14998,0.012
0.16165,0.15601,0.01164
0.16163,0.1502,0.00999
0.16165,0.15603,0.01212
0.16165,0.15613,0.01116
0.16165,0.15627,0.01059
0.01146,0.15676,0.01091
0.16165,0.15636,0.01021
0.16163,0.15029,0.0095
0.16162,0.15066,0.00829
0.16162,0.15082,0.00792
0.16162,0.15117,0.00714
0.16165,0.15687,0.00937
0.01146,0.15694,0.01056
0.01146,0.15738,0.00968
0.16165,0.15697,0.0092
0.16162,0.1518,0.00605
0.01146,0.15747,0.00951
0.16165,0.15712,0.00895
0.01143,0.15236,0.00634
0.01143,0.15314,0.0054
0.01146,0.15803,0.00896
0.16162,0.15256,0.00503
0.01143,0.15373,0.00467
0.16163,0.1532,0.00435
0.16163,0.15342,0.00412
0.16165,0.1582,0.00796
0.16165,0.15806,0.00809
0.16165,0.15748,0.00862
0.01146,0.15858,0.0084
0.01146,0.15875,0.00831
0.16163,0.15439,0.0033
0.16163,0.15487,0.00299
0.16165,0.15909,0.00754
0.16163,0.15657,0.00203
0.16163,0.15544,0.00261
0.01144,0.156,0.00298
0.16163,0.15677,0.00196
0.01144,0.15725,0.0023
0.01144,0.15711,0.00237
0.01146,0.15963,0.00787
0.16165,0.15944,0.00737
0.01146,0.15997,0.00769
0.01144,0.1573,0.00228
0.16165,0.15953,0.00733
0.16166,0.16001,0.00726
0.01146,0.16055,0.0076
0.16164,0.15775,0.00159
0.16164,0.15883,0.00133
0.01144,0.1583,0.00197
0.01145,0.15934,0.00165
0.16164,0.15897,0.00129
0.16165,0.16098,0.00411
0.16166,0.16098,0.00711
0.16164,0.16023,0.00113
0.16165,0.16098,0.00111
0.16165,0.16149,0.00112
0.16165,0.16274,0.00125
0.16166,0.16196,0.00721
0.01147,0.16152,0.00744
0.01145,0.16077,0.00151
0.01145,0.15951,0.00164
0.01146,0.16152,0.00444
0.01147,0.16249,0.00759
0.01146,0.16359,0.00163
0.01146,0.16328,0.0016
0.01146,0.16366,0.00165
0.01147,0.16307,0.00768
0.01147,0.16342,0.00786
0.01147,0.16573,0.00227
0.01147,0.16568,0.00225
0.16167,0.16288,0.00754
0.01147,0.1645,0.0019
0.16166,0.16251,0.00741
0.16166,0.16517,0.00193
0.16166,0.16398,0.00152
0.16167,0.16631,0.00247
0.16167,0.16334,0.0077
0.16167,0.16709,0.00297
0.16167,0.16374,0.00799
0.01148,0.16429,0.00831
0.01148,0.16682,0.00285
0.01148,0.16763,0.00328
0.01148,0.16446,0.00839
0.16167,0.1639,0.00811
0.16167,0.16453,0.00858
0.16167,0.16737,0.00315
0.01148,0.16502,0.00895
0.16168,0.16499,0.0092
0.16168,0.16836,0.00393
0.16168,0.16876,0.00433
0.16168,0.16925,0.00483
0.01149,0.1693,0.00465
0.01149,0.16975,0.00519
0.16169,0.17003,0.00582
0.0115,0.17055,0.00616
0.01149,0.16557,0.0095
0.01149,0.16566,0.00967
0.0115,0.17063,0.00625
0.16168,0.16511,0.00936
0.16168,0.1654,0.00975
0.16169,0.17013,0.00599
0.0115,0.17067,0.00632
0.16169,0.17069,0.0069
0.0115,0.17118,0.00725
0.01149,0.16611,0.01055
0.0115,0.17169,0.00822
0.01151,0.17174,0.00837
0.1617,0.17122,0.00804
0.1617,0.17115,0.0079
0.16168,0.1659,0.01113
0.1617,0.17162,0.00924
0.16168,0.1657,0.01058
0.01149,0.16629,0.01089
0.1617,0.17177,0.00996
0.01149,0.16638,0.01147
0.1617,0.17188,0.01047
0.16169,0.16595,0.01212
0.0115,0.16653,0.01244
0.16171,0.172,0.01173
0.0115,0.16638,0.01341
0.16171,0.17199,0.01211
0.16169,0.16597,0.0126
0.01152,0.17246,0.01332
0.16171,0.17197,0.01299
0.01152,0.17254,0.01243
0.01152,0.1725,0.01206
0.01151,0.17238,0.01081
0.01151,0.17232,0.01028
0.01151,0.17232,0.01026
0.01151,0.17211,0.00958
0.01152,0.17233,0.01457
0.16171,0.1718,0.01424
0.16169,0.16562,0.01403
0.16171,0.17148,0.01546
0.01152,0.17197,0.01578
0.16169,0.16585,0.01308
0.16169,0.16571,0.01365
0.01152,0.17232,0.01458
0.0115,0.16629,0.01399
0.0115,0.16611,0.01434
0.01152,0.17173,0.0166
0.01152,0.17154,0.01696
0.01152,0.1717,0.01665
0.0115,0.16567,0.01521
0.16171,0.17116,0.01632
0.16171,0.17103,0.01664
0.01152,0.17095,0.01807
0.16171,0.17045,0.01776
0.01152,0.17069,0.01855
0.0115,0.16558,0.01538
0.01152,0.17024,0.0191
0.16171,0.17014,0.01822
0.16169,0.16511,0.01488
0.16171,0.16974,0.01881
0.16169,0.16487,0.01529
0.0115,0.16447,0.01649
0.0115,0.16503,0.01594
0.16169,0.1645,0.01562
0.16171,0.16892,0.01976
0.01152,0.16932,0.02023
0.01152,0.16944,0.02008
0.01152,0.1685,0.02091
0.16171,0.16878,0.01989
0.16171,0.16799,0.02062
0.16169,0.16378,0.01628
0.16169,0.16392,0.01615
0.0115,0.1643,0.01658
0.01149,0.16343,0.01703
0.01149,0.16308,0.01721
0.16169,0.16286,0.01672
0.16171,0.16712,0.02126
0.16171,0.16697,0.02137
0.16171,0.16588,0.02199
0.01152,0.16639,0.02228
0.01152,0.16575,0.02261
0.16171,0.16521,0.02227
0.01152,0.1675,0.02167
0.01152,0.16765,0.02159
0.01151,0.16524,0.02277
0.1617,0.16472,0.02248
0.16168,0.16245,0.01691
0.01149,0.1625,0.0173
0.1617,0.16351,0.02284
0.16168,0.16197,0.01698
0.01149,0.16153,0.01745
0.01151,0.16369,0.02324
0.1617,0.16315,0.02291
0.01151,0.16403,0.02314
0.16169,0.161,0.02013
0.1617,0.16226,0.02306
0.01151,0.16279,0.02334
0.0115,0.16154,0.02346
0.0115,0.16154,0.02046
0.0115,0.16052,0.02337
0.16169,0.161,0.02313
0.01149,0.16057,0.0173
0.01149,0.15946,0.02327
0.16169,0.15998,0.02309
0.16168,0.16002,0.01703
0.16169,0.15886,0.02292
0.16168,0.15752,0.02257
0.16167,0.15947,0.01683
0.01148,0.15999,0.01721
0.16168,0.161,0.01713
0.01149,0.15737,0.02265
0.16168,0.1568,0.02229
0.01149,0.15807,0.02285
0.16167,0.1591,0.0167
0.01148,0.15964,0.01703
0.16167,0.15864,0.01654
0.16167,0.15634,0.02211
0.16167,0.15523,0.02151
0.16167,0.15824,0.01625
0.01148,0.15876,0.01659
0.01148,0.1569,0.0224
0.01148,0.15578,0.02181
0.01149,0.15733,0.02262
0.01148,0.15544,0.02163
0.16167,0.15489,0.02127
0.01148,0.15542,0.02161
0.01148,0.15859,0.0165
0.01147,0.15477,0.02108
0.16166,0.1542,0.02079
0.16166,0.15321,0.01992
0.16167,0.15745,0.01566
0.01147,0.15379,0.02028
0.16167,0.15809,0.01613
0.01147,0.15803,0.01595
0.01147,0.15375,0.02025
0.01147,0.15748,0.0154
0.01146,0.15298,0.01931
0.01146,0.15238,0.01858
0.01147,0.15739,0.01522
0.16166,0.15699,0.01504
0.16166,0.15687,0.01488
0.16165,0.1524,0.01902
0.16165,0.15185,0.01824
0.16166,0.15658,0.01449
0.16165,0.15167,0.01799
0.01146,0.15224,0.0183
0.01145,0.15163,0.01719
0.16165,0.15106,0.01689
0.01145,0.15136,0.01667
0.01147,0.15695,0.01435
0.01147,0.15677,0.014
0.16166,0.15641,0.01403
0.16164,0.15084,0.01634
0.16166,0.15628,0.01366
0.16165,0.15608,0.0131
0.01146,0.15667,0.01342
0.16164,0.15058,0.01572
0.16163,0.15004,0.01326
0.16164,0.1502,0.01428
0.16164,0.15024,0.01451
0.01145,0.15079,0.01483
0.01145,0.15116,0.01603
0.01145,0.15073,0.01461
0.01144,0.15063,0.01358
0.01144,0.15051,0.01246
0.16163,0.14998,0.01213
0.01149,0.15939,0.02325
0.16168,0.16557,0.01021
0.01149,0.16887,0.00429
0.01148,0.16789,0.0035
0.16165,0.16312,0.00133
0.01146,0.16202,0.00148
0.01145,0.16151,0.00143
0.01144,0.1554,0.0033
0.01144,0.15534,0.00334
0.01144,0.15495,0.00366
0.01143,0.15398,0.00446
0.01143,0.15175,0.00749
0.01143,0.15133,0.00829
0.01143,0.15123,0.00863
0.01144,0.15087,0.00984
0.01144,0.15073,0.01031
-0.06958,0.06546,0.32044
-0.07662,0.05875,0.32074
-0.07654,0.0589,0.32065
-0.07631,0.05923,0.32046
-0.0988,0.08119,0.32146
-0.07317,0.0624,0.31888
-0.09521,0.08499,0.31954
-0.09913,0.08113,0.32209
-0.0767,0.05857,0.32084
-0.09935,0.08068,0.32195
-0.07852,0.05715,0.32256
-0.07675,0.05832,0.32096
-0.07626,0.05716,0.3212
-0.07675,0.05797,0.3211
-0.07678,0.05821,0.32101
-0.07388,0.0583,0.32241
-0.07892,0.05715,0.32286
-0.07209,0.0548,0.32285
-0.07172,0.05243,0.32285
-0.06795,0.0453,0.32286
-0.06817,0.0453,0.32418
-0.10023,0.07986,0.32319
-0.06983,0.04531,0.32465
-0.1006,0.07951,0.32371
-0.07027,0.04531,0.32532
-0.10133,0.07884,0.32535
-0.10153,0.07865,0.32582
-0.07991,0.05521,0.32594
-0.10182,0.07878,0.32723
-0.07992,0.05646,0.32609
-0.08124,0.05609,0.32663
-0.09078,0.06549,0.33019
-0.08228,0.05673,0.33045
-0.09721,0.07354,0.32824
-0.09261,0.06829,0.32924
-0.08184,0.0564,0.33299
-0.092,0.06779,0.33193
-0.09024,0.06617,0.33022
-0.09706,0.07319,0.33215
-0.10213,0.07858,0.33238
-0.08149,0.05714,0.33279
-0.0818,0.05639,0.33308
-0.08031,0.05622,0.33454
-0.08021,0.05838,0.33529
-0.07625,0.0608,0.33882
-0.07783,0.06129,0.33941
-0.0736,0.06248,0.33691
-0.07219,0.04968,0.3355
-0.07294,0.05418,0.33537
-0.09919,0.08119,0.33861
-0.05668,0.05134,0.33553
-0.06977,0.06657,0.33538
-0.06826,0.05332,0.336
-0.07086,0.05309,0.33537
-0.07272,0.06483,0.33977
-0.07275,0.05452,0.33787
-0.07152,0.05255,0.33787
-0.07106,0.05422,0.33787
-0.07092,0.05394,0.33787
-0.07087,0.05363,0.33787
-0.07186,0.05372,0.33599
-0.0719,0.05363,0.33537
-0.07181,0.05381,0.33662
-0.07233,0.05408,0.33662
-0.05719,0.05258,0.33784
-0.04693,0.04524,0.33728
-0.06792,0.04532,0.33787
-0.06832,0.04532,0.33658
-0.07889,0.05717,0.33788
-0.1002,0.07988,0.33759
-0.07654,0.05716,0.33935
-0.07406,0.05842,0.33787
-0.07403,0.05896,0.33954
-0.07608,0.05716,0.33957
-0.05777,0.05278,0.33784
-0.063,0.05711,0.33824
-0.06989,0.06325,0.33869
-0.06886,0.06597,0.33987
-0.08971,0.08959,0.33929
-0.09447,0.08562,0.34129
-0.05961,0.0571,0.33929
-0.07664,0.05889,0.34005
-0.09876,0.08121,0.33931
-0.07028,0.06794,0.33841
-0.08954,0.09008,0.33834
-0.06874,0.06835,0.33534
-0.06792,0.0691,0.33508
-0.06818,0.06886,0.33522
-0.06797,0.07042,0.33454
-0.05598,0.05339,0.33534
-0.0542,0.05265,0.33533
-0.05371,0.0531,0.33654
-0.05364,0.05316,0.33521
-0.05314,0.05363,0.33487
-0.06795,0.07044,0.33434
-0.05343,0.05425,0.33497
-0.05538,0.05739,0.33365
-0.06769,0.07069,0.33366
-0.08773,0.09155,0.33507
-0.08707,0.09197,0.33284
-0.05567,0.05807,0.33282
-0.05562,0.05793,0.33306
-0.055,0.0586,0.33293
-0.05509,0.05885,0.33251
-0.05575,0.05833,0.33231
-0.07565,0.08011,0.33051
-0.07648,0.08143,0.33217
-0.07502,0.08068,0.33033
-0.07566,0.08011,0.33034
-0.05572,0.05859,0.33032
-0.05577,0.0585,0.33175
-0.07507,0.08072,0.33076
-0.05513,0.05913,0.33132
-0.05514,0.05904,0.33193
-0.0551,0.05916,0.33032
-0.05513,0.05913,0.32932
-0.07508,0.08073,0.32987
-0.05514,0.05912,0.32917
-0.05576,0.05855,0.32932
-0.05578,0.05845,0.3287
-0.07566,0.08012,0.33009
-0.07568,0.08013,0.33001
-0.05576,0.05832,0.32832
-0.07571,0.08016,0.32988
-0.07568,0.08072,0.3292
-0.07634,0.08071,0.32895
-0.05514,0.05899,0.32856
-0.07583,0.08141,0.32889
-0.07705,0.08193,0.32889
-0.05568,0.05807,0.32782
-0.0677,0.07068,0.327
-0.05494,0.05746,0.32667
-0.08708,0.09196,0.32785
-0.05499,0.05854,0.32762
-0.05501,0.05859,0.32771
-0.08812,0.09144,0.32463
-0.08698,0.0925,0.3278
-0.08674,0.09271,0.33036
-0.08646,0.09261,0.3279
-0.0865,0.09257,0.32774
-0.07731,0.08267,0.33017
-0.07705,0.08287,0.33008
-0.08203,0.08769,0.33027
-0.07704,0.08286,0.33067
-0.08644,0.09262,0.33279
-0.08691,0.09255,0.33269
-0.08649,0.09258,0.33295
-0.05471,0.05795,0.33377
-0.08731,0.09209,0.33502
-0.08704,0.09207,0.33511
-0.05402,0.05694,0.33425
-0.08717,0.09194,0.3354
-0.08815,0.09124,0.33713
-0.04596,0.04524,0.33754
-0.04856,0.05023,0.33399
-0.04407,0.04523,0.33561
-0.05723,0.05709,0.33784
-0.08827,0.09093,0.33755
-0.05763,0.05709,0.33814
-0.05806,0.05447,0.33784
-0.0561,0.05306,0.33784
-0.05786,0.05452,0.33534
-0.04258,0.04523,0.33037
-0.04789,0.05012,0.32718
-0.04724,0.05034,0.33282
-0.04391,0.04522,0.32523
-0.04523,0.04767,0.32878
-0.04688,0.04523,0.3234
-0.04596,0.04523,0.32308
-0.05693,0.05501,0.32276
-0.05741,0.05236,0.32282
-0.0587,0.04848,0.32386
-0.05393,0.05291,0.32401
-0.05319,0.05359,0.32499
-0.04564,0.04522,0.32335
-0.0883,0.09091,0.32315
-0.08803,0.09116,0.32351
-0.0909,0.08889,0.32112
-0.05962,0.05708,0.32135
-0.08931,0.08997,0.32178
-0.07089,0.06773,0.32182
-0.08975,0.08957,0.32142
-0.06801,0.06562,0.32113
-0.06829,0.06582,0.32108
-0.06864,0.06584,0.32094
-0.06908,0.06574,0.32072
-0.06901,0.06576,0.32075
-0.07346,0.06071,0.32113
-0.06989,0.06321,0.32223
-0.06331,0.05709,0.32083
-0.0637,0.05709,0.32283
-0.07452,0.06364,0.3206
-0.06949,0.06766,0.32303
-0.06794,0.06909,0.32559
-0.06838,0.07005,0.32579
-0.0682,0.07022,0.32549
-0.06872,0.06815,0.32529
-0.07166,0.06428,0.32222
-0.07846,0.05968,0.32282
-0.07506,0.06114,0.32449
-0.08062,0.0581,0.32558
-0.07171,0.05483,0.32535
-0.07209,0.05245,0.32536
-0.07235,0.04954,0.32532
-0.0719,0.05364,0.32536
-0.07195,0.04532,0.3303
-0.06829,0.0533,0.32471
-0.0736,0.04845,0.32683
-0.07278,0.04689,0.32857
-0.0703,0.04533,0.33546
-0.07276,0.04702,0.33219
-0.06903,0.04532,0.33538
-0.07357,0.04872,0.33408
-0.1013,0.07886,0.33544
-0.10057,0.07953,0.33707
-0.10151,0.07866,0.33497
-0.0719,0.05361,0.32285
-0.07104,0.06486,0.32534
-0.07139,0.06454,0.32472
-0.07184,0.06411,0.32424
-0.05753,0.04957,0.32471
-0.05798,0.04915,0.32423
-0.05637,0.05247,0.32537
-0.05801,0.05438,0.32533
-0.05717,0.05369,0.32279
-0.05719,0.05342,0.32535
-0.05422,0.05263,0.32532
-0.06876,0.06834,0.32533
-0.05366,0.05315,0.32544
-0.05316,0.05362,0.32578
-0.0682,0.06885,0.32545
-0.05271,0.05403,0.32632
-0.06797,0.07043,0.32632
-0.05437,0.05575,0.32632
-0.0872,0.09193,0.32529
-0.08706,0.09205,0.32558
-0.07696,0.08274,0.32963
-0.0551,0.05886,0.32819
-0.05749,0.05263,0.33784
-0.1057,-0.01393,0.37265
-0.10556,-0.01556,0.37359
-0.10568,-0.01418,0.37157
-0.10568,-0.01615,0.37173
-0.10601,-0.0159,0.3735
-0.10653,-0.01446,0.37342
-0.10631,-0.01598,0.37322
-0.1061,-0.01552,0.37118
-0.1069,-0.01631,0.37248
-0.10636,-0.01399,0.37178
-0.10666,-0.01551,0.37123
-0.10737,-0.01545,0.37119
-0.1069,-0.014,0.37177
-0.10743,-0.01406,0.37306
-0.10762,-0.01422,0.3716
-0.10822,-0.01392,0.3728
-0.10802,-0.01639,0.37226
-0.1083,-0.01602,0.37155
-0.10845,-0.01433,0.37142
-0.10822,-0.01502,0.37362
-0.10887,-0.01391,0.37242
-0.10889,-0.01494,0.37363
-0.10953,-0.01444,0.37128
-0.1097,-0.01398,0.37286
-0.10893,-0.0163,0.37274
-0.10946,-0.01511,0.37364
-0.10945,-0.01596,0.37313
-0.10994,-0.01563,0.37351
-0.10956,-0.01617,0.37191
-0.1088,-0.01576,0.37132
-0.11019,-0.01651,0.37172
-0.11028,-0.01668,0.37415
-0.11021,-0.01455,0.37115
-0.1127,-0.01707,0.37143
-0.11266,-0.01672,0.37397
-0.11121,-0.01497,0.37371
-0.11271,-0.01363,0.3704
-0.11119,-0.01617,0.37177
-0.11121,-0.01401,0.37163
-0.11268,-0.01372,0.37428
-0.11027,-0.01287,0.37383
-0.10767,-0.01609,0.37306
-0.10715,-0.01549,0.3736
-0.14987,-0.16178,0.01822
-0.14988,-0.16332,0.01798
0.15051,-0.16445,0.01733
0.15051,-0.16291,0.01757
0.15051,-0.16291,0.01657
0.1505,-0.16414,0.01637
0.1505,-0.16585,0.01662
-0.14988,-0.16301,0.01703
0.1505,-0.16526,0.01581
-0.14987,-0.16178,0.01722
-0.14988,-0.16443,0.01687
-0.14989,-0.16583,0.01617
-0.14989,-0.16502,0.01558
-0.14989,-0.16559,0.01446
-0.14989,-0.16654,0.01477
0.15049,-0.16672,0.01381
0.15049,-0.16655,0.01522
0.15049,-0.16767,0.01412
-0.1499,-0.16679,0.01322
0.15048,-0.16792,0.01257
0.15049,-0.16692,0.01257
-0.1499,-0.16579,0.01322
0.15048,-0.16672,0.01133
-0.1499,-0.16559,0.01199
-0.1499,-0.16655,0.01168
0.15048,-0.16767,0.01102
0.15048,-0.16697,0.00963
-0.1499,-0.16584,0.01028
-0.1499,-0.16503,0.01087
0.15048,-0.16527,0.00933
-0.1499,-0.16414,0.00998
0.15048,-0.16615,0.01021
0.15049,-0.16415,0.00876
0.15048,-0.16586,0.00852
0.15048,-0.16446,0.0078
-0.14989,-0.16179,0.00921
-0.14989,-0.16318,0.00893
0.15049,-0.16292,0.00856
0.1505,-0.16168,0.00875
-0.14988,-0.16055,0.00941
0.15049,-0.16292,0.00756
-0.14989,-0.16179,0.00821
0.1505,-0.16137,0.0078
-0.14988,-0.16024,0.00845
0.1505,-0.15997,0.00851
0.1505,-0.16056,0.00932
0.15051,-0.15967,0.01021
-0.14988,-0.15943,0.00997
-0.14987,-0.15855,0.01086
-0.14988,-0.15884,0.00916
0.15051,-0.15887,0.00962
-0.14987,-0.15774,0.01027
-0.14987,-0.15702,0.01166
-0.14987,-0.15797,0.01198
-0.14987,-0.15778,0.01321
0.15051,-0.1591,0.01132
0.15052,-0.15815,0.01101
0.15052,-0.15891,0.01256
0.15052,-0.1591,0.0138
0.15052,-0.15791,0.01256
0.15052,-0.15815,0.0141
0.15052,-0.15967,0.01491
-0.14986,-0.15854,0.01557
-0.14986,-0.15797,0.01445
0.15052,-0.15886,0.0155
-0.14986,-0.15702,0.01476
-0.14986,-0.15773,0.01616
-0.14986,-0.15883,0.01726
0.15052,-0.15996,0.01661
0.15052,-0.16055,0.0158
-0.14986,-0.15942,0.01646
0.15051,-0.16167,0.01637
0.15052,-0.16136,0.01732
-0.14987,-0.16054,0.01703
-0.14986,-0.16023,0.01798
-0.14986,-0.15678,0.01321
-0.1499,-0.16473,0.00917
0.11577,-0.01985,0.32654
0.11673,-0.01977,0.33255
0.11584,-0.02207,0.33255
0.11436,-0.02114,0.32655
0.11806,-0.0217,0.32654
0.11831,-0.02304,0.3325
0.11685,-0.01927,0.32654
0.11692,-0.01929,0.33255
0.11755,-0.01969,0.33255
0.11681,-0.01919,0.33255
0.11738,-0.01723,0.33252
0.11752,-0.01671,0.32654
0.11744,-0.01429,0.33254
0.11864,-0.02278,0.33256
0.11861,-0.01364,0.3326
0.11877,-0.01408,0.33262
0.11874,-0.02293,0.33264
0.1192,-0.01394,0.33556
0.11881,-0.02322,0.3372
0.11828,-0.02324,0.33263
0.11489,-0.02354,0.33567
0.11875,-0.02277,0.33747
0.11871,-0.02277,0.33752
0.1185,-0.02317,0.33752
0.11862,-0.02295,0.33755
0.11388,-0.02323,0.33268
0.11608,-0.02324,0.33266
0.11392,-0.02325,0.33536
0.1147,-0.02317,0.33752
0.11478,-0.02504,0.33706
0.11382,-0.02329,0.33557
0.11369,-0.02466,0.33608
0.11389,-0.02313,0.33258
0.1138,-0.02306,0.33266
0.11383,-0.02306,0.33262
0.11828,-0.02319,0.33259
0.11828,-0.02314,0.33256
0.11397,-0.02306,0.33256
0.11392,-0.02306,0.33257
0.11414,-0.01565,0.33255
0.11506,-0.01986,0.33255
0.11401,-0.01377,0.33255
0.1146,-0.02262,0.33256
0.11831,-0.01378,0.33254
0.11394,-0.0137,0.33256
0.11394,-0.01377,0.33256
0.11388,-0.01375,0.33259
0.11381,-0.01377,0.33275
0.11389,-0.01607,0.33259
0.11391,-0.01373,0.33258
0.11386,-0.01841,0.3326
0.11387,-0.01839,0.3326
0.11378,-0.02306,0.33536
0.11381,-0.01376,0.33535
0.11389,-0.0136,0.33535
0.11379,-0.02312,0.33536
0.11381,-0.01374,0.33547
0.1138,-0.01333,0.33576
0.11401,-0.01356,0.33535
0.11476,-0.01354,0.33553
0.11418,-0.01191,0.33555
0.11381,-0.0121,0.33718
0.11081,-0.01274,0.33656
0.11231,-0.01273,0.33652
0.1138,-0.01271,0.33647
0.11466,-0.01252,0.33753
0.11487,-0.0119,0.33692
0.11393,-0.0125,0.33751
0.11382,-0.01275,0.33735
0.11383,-0.01247,0.33737
0.11378,-0.02406,0.33737
0.11402,-0.01275,0.33755
0.11396,-0.01275,0.33754
0.11386,-0.02406,0.33753
0.11386,-0.01275,0.33747
0.11391,-0.02431,0.33753
0.11391,-0.01841,0.33754
0.11391,-0.02136,0.33753
0.11462,-0.01376,0.33755
0.11385,-0.0245,0.33745
0.11389,-0.02419,0.33753
0.11519,-0.02161,0.33756
0.11535,-0.01525,0.33755
0.11458,-0.02306,0.33756
0.11458,-0.02407,0.33757
0.11832,-0.01378,0.33754
0.11473,-0.01365,0.33751
0.11832,-0.01371,0.33753
0.11832,-0.01359,0.33741
0.11474,-0.01275,0.33751
0.1148,-0.01359,0.33744
0.11852,-0.01369,0.33753
0.11481,-0.01357,0.33741
0.11874,-0.01383,0.33746
0.11868,-0.01408,0.33753
0.11734,-0.0202,0.33755
0.11734,-0.01661,0.33755
0.11702,-0.01517,0.33946
0.11724,-0.01617,0.33953
0.11631,-0.01689,0.33962
0.11634,-0.01593,0.33755
0.11593,-0.01506,0.33975
0.11589,-0.01545,0.34173
0.11131,-0.01589,0.34147
0.11491,-0.01674,0.34158
0.11521,-0.01584,0.34005
0.11829,-0.02307,0.33756
0.1158,-0.02012,0.33978
0.11692,-0.02008,0.33953
0.11693,-0.02176,0.33948
0.11626,-0.0209,0.33756
0.11521,-0.0208,0.34012
0.11551,-0.0205,0.34201
0.11599,-0.02167,0.34009
0.1113,-0.0209,0.34147
0.11829,-0.02313,0.33755
0.11467,-0.02314,0.33755
0.11464,-0.02407,0.33756
0.11874,-0.01408,0.33751
0.11379,-0.02406,0.33743
0.1138,-0.02486,0.33712
0.11831,-0.01359,0.33268
0.11401,-0.01357,0.33275
0.11401,-0.01363,0.33261
0.11831,-0.01362,0.33262
0.11389,-0.01361,0.33274
0.11462,-0.01615,0.32654
0.11556,-0.01693,0.33255
0.11703,-0.01492,0.33254
0.11671,-0.01431,0.32653
0.11397,-0.02325,0.3327
0.07497,-0.06696,0.33881
0.07481,-0.0671,0.33926
0.07656,-0.06548,0.34003
0.07663,-0.06542,0.33954
0.0784,-0.06378,0.34018
0.22127,-0.21806,0.34007
0.21768,-0.22138,0.33915
0.21928,-0.2199,0.33974
0.21635,-0.22261,0.33742
0.21612,-0.22282,0.33781
0.07325,-0.06854,0.33792
0.21486,-0.22399,0.33598
0.21397,-0.22482,0.33378
0.07199,-0.06971,0.33609
0.21515,-0.22372,0.33568
0.21431,-0.2245,0.3336
0.07229,-0.06944,0.3358
0.07349,-0.06833,0.33753
0.07144,-0.07022,0.33371
0.0711,-0.07054,0.3339
0.071,-0.07063,0.3314
0.21387,-0.22491,0.33129
0.07099,-0.07063,0.32902
0.21386,-0.22491,0.32891
0.2135,-0.22524,0.33135
0.07142,-0.07023,0.32671
0.07108,-0.07055,0.32653
0.07063,-0.07097,0.32896
0.21429,-0.22451,0.3266
0.07063,-0.07097,0.33147
0.21395,-0.22483,0.32641
0.21498,-0.22387,0.32436
0.07226,-0.06945,0.32462
0.2135,-0.22525,0.32884
0.07196,-0.06973,0.32432
0.07334,-0.06846,0.32268
0.21632,-0.22262,0.32276
0.21609,-0.22284,0.32238
0.21772,-0.22133,0.32125
0.07493,-0.06698,0.32159
0.21946,-0.21972,0.32074
0.07659,-0.06544,0.32085
0.07477,-0.06713,0.32114
0.22121,-0.2181,0.32058
0.21939,-0.21978,0.32024
0.22123,-0.21808,0.32008
0.07652,-0.0655,0.32036
0.07835,-0.06381,0.32044
0.08017,-0.06213,0.32066
0.08006,-0.06223,0.32113
0.08164,-0.06076,0.32214
0.22292,-0.21651,0.32102
0.22318,-0.21628,0.32074
0.22586,-0.21379,0.32355
0.22471,-0.21486,0.32161
0.08194,-0.06049,0.32196
0.08326,-0.05927,0.32332
0.22613,-0.21354,0.3232
0.08435,-0.05826,0.32534
0.22722,-0.21254,0.3255
0.22689,-0.21284,0.32547
0.08467,-0.05796,0.3278
0.08403,-0.05856,0.32558
0.22777,-0.21203,0.33005
0.0849,-0.05775,0.33016
0.08503,-0.05763,0.32767
0.2279,-0.21191,0.32756
0.22755,-0.21223,0.33242
0.22813,-0.21169,0.33005
0.22791,-0.2119,0.33254
0.08527,-0.05741,0.33016
0.22691,-0.21283,0.33464
0.08504,-0.05762,0.33265
0.22724,-0.21253,0.33488
0.08405,-0.05855,0.33475
0.08302,-0.0595,0.33668
0.22602,-0.21365,0.33674
0.22474,-0.21484,0.33852
0.22454,-0.21502,0.33809
0.08329,-0.05925,0.33702
0.22308,-0.21638,0.33959
0.08187,-0.06056,0.33863
0.08001,-0.06229,0.33966
0.08168,-0.06074,0.33821
0.0801,-0.06221,0.33923
0.22125,-0.21808,0.33957
0.22296,-0.21649,0.33911
0.2195,-0.21969,0.33942
0.08437,-0.05825,0.33472
-0.0017,-0.15129,0.02058
-0.00036,-0.04802,0.30443
0.00138,-0.04737,0.30418
0.00037,-0.15151,0.02066
0.00244,-0.15131,0.02058
0.00137,-0.04831,0.30453
0.00345,-0.04763,0.30427
-0.00161,-0.15224,0.02093
0.00234,-0.15226,0.02092
0.00335,-0.04858,0.30462
0.00415,-0.15304,0.0212
0.00478,-0.04859,0.30462
0.00666,-0.0506,0.30535
0.00437,-0.15207,0.02085
0.00528,-0.15318,0.02125
0.00703,-0.04959,0.30498
0.0073,-0.15483,0.02185
0.00755,-0.05077,0.3054
0.0083,-0.05398,0.30658
0.0091,-0.05298,0.30621
0.00673,-0.15586,0.02222
0.00746,-0.15598,0.02227
0.00836,-0.1586,0.02322
0.00728,-0.15953,0.02356
0.00808,-0.16054,0.02393
0.00937,-0.05492,0.30692
0.00829,-0.05586,0.30726
0.00909,-0.05687,0.30763
0.00727,-0.16235,0.0246
0.00828,-0.05868,0.30829
0.00772,-0.05765,0.30792
0.00563,-0.1629,0.0248
0.00664,-0.05922,0.3085
0.00671,-0.16133,0.02422
0.00373,-0.16489,0.02554
0.006,-0.16391,0.02517
0.00513,-0.06045,0.30895
0.00534,-0.06142,0.30931
0.007,-0.06023,0.30887
0.00331,-0.06122,0.30924
0.0023,-0.16489,0.02554
0.0024,-0.16584,0.02589
0.00033,-0.16515,0.02564
0.00134,-0.06148,0.30934
-0.00064,-0.0612,0.30925
-0.00074,-0.06215,0.30959
0.00133,-0.06242,0.30968
-0.00165,-0.16488,0.02555
0.00341,-0.06217,0.30959
0.00032,-0.16609,0.02599
-0.00175,-0.16583,0.0259
-0.00368,-0.16507,0.02563
-0.00267,-0.06139,0.30932
-0.00432,-0.06019,0.30889
-0.00458,-0.16395,0.02522
-0.00346,-0.16409,0.02527
-0.00245,-0.06042,0.30897
-0.00395,-0.05918,0.30852
-0.00604,-0.16128,0.02425
-0.00503,-0.0576,0.30795
-0.00559,-0.05863,0.30832
-0.0066,-0.1623,0.02463
-0.0074,-0.16048,0.02396
-0.00659,-0.15948,0.02359
-0.00766,-0.15854,0.02325
-0.00558,-0.05393,0.30661
-0.00576,-0.05748,0.3079
-0.00676,-0.15593,0.0223
-0.00666,-0.05486,0.30695
-0.00638,-0.05292,0.30624
-0.00602,-0.15581,0.02225
-0.00501,-0.05213,0.30595
-0.00557,-0.05111,0.30557
-0.00658,-0.15478,0.02188
-0.00393,-0.05056,0.30537
-0.00429,-0.04955,0.305
-0.00242,-0.04934,0.30492
-0.00494,-0.15424,0.02167
-0.00263,-0.04836,0.30456
-0.00343,-0.15301,0.02122
-0.00364,-0.15204,0.02086
-0.0053,-0.15323,0.0213
-0.22979,0.22031,0.32935
-0.24528,0.21652,0.33014
-0.2374,0.22201,0.32153
-0.2262,0.22957,0.32101
-0.23322,0.22563,0.32098
-0.25037,0.223,0.32099
-0.24212,0.22265,0.32107
-0.24378,0.22496,0.32041
-0.24339,0.22299,0.32249
-0.23317,0.22516,0.32262
-0.22763,0.22916,0.32254
-0.22741,0.22397,0.32951
-0.23421,0.22017,0.33007
-0.23409,0.22774,0.3219
-0.23384,0.2277,0.32038
-0.22951,0.23049,0.32041
-0.24362,0.23588,0.31787
-0.24318,0.22542,0.32177
-0.23231,0.24803,0.31793
-0.22346,0.23911,0.32039
-0.22929,0.23118,0.32185
-0.22132,0.2435,0.3206
-0.24343,0.24419,0.31735
-0.24387,0.25064,0.31736
-0.23701,0.26848,0.32011
-0.24106,0.24732,0.31742
-0.22291,0.25443,0.32035
-0.22512,0.25889,0.32033
-0.22563,0.2591,0.32184
-0.22354,0.26064,0.3225
-0.22391,0.26249,0.32093
-0.22,0.25379,0.32091
-0.23219,0.26582,0.32183
-0.23252,0.26635,0.32037
-0.23059,0.26767,0.32095
-0.23228,0.27051,0.32141
-0.23088,0.26808,0.32253
-0.23837,0.27188,0.32095
-0.23777,0.27728,0.33001
-0.23004,0.27446,0.33009
-0.22064,0.26703,0.33003
-0.22662,0.2711,0.33534
-0.21454,0.25562,0.32988
-0.21503,0.25364,0.33036
-0.21994,0.26349,0.33534
-0.22748,0.27061,0.32898
-0.21804,0.25936,0.32856
-0.21561,0.2521,0.33505
-0.21533,0.25131,0.33229
-0.21528,0.24523,0.33046
-0.22014,0.25314,0.32271
-0.21957,0.24479,0.32264
-0.21779,0.2351,0.32974
-0.21762,0.23227,0.32919
-0.21405,0.24227,0.33011
-0.22164,0.238,0.32246
-0.2222,0.24405,0.3218
-0.22146,0.23624,0.32102
-0.22405,0.23871,0.32176
-0.22262,0.25472,0.32203
-0.24144,0.24566,0.31872
-0.23884,0.25713,0.31927
-0.24269,0.25053,0.31888
-0.23943,0.23639,0.31954
-0.24576,0.2444,0.31883
-0.25724,0.24122,0.31993
-0.24761,0.24678,0.31743
-0.24728,0.24827,0.31894
-0.25294,0.2565,0.31968
-0.24765,0.26967,0.32194
-0.2526,0.26779,0.32186
-0.26075,0.26224,0.32198
-0.26397,0.25846,0.32205
-0.26627,0.24835,0.32195
-0.26387,0.25814,0.3204
-0.26191,0.26508,0.32271
-0.26664,0.25787,0.32108
-0.26721,0.25695,0.32286
-0.26467,0.26762,0.32911
-0.27143,0.25629,0.32902
-0.25184,0.27501,0.32872
-0.2536,0.27006,0.32249
-0.25342,0.26985,0.32095
-0.26202,0.2642,0.32102
-0.25379,0.27195,0.3214
-0.24709,0.2693,0.32026
-0.25263,0.26766,0.32033
-0.25331,0.253,0.31778
-0.26074,0.26224,0.32039
-0.26613,0.243,0.32035
-0.26562,0.24248,0.3219
-0.26801,0.24233,0.3225
-0.26187,0.23312,0.32208
-0.26838,0.24041,0.32107
-0.26173,0.23371,0.32042
-0.25823,0.22994,0.3204
-0.27036,0.24779,0.3215
-0.26753,0.24773,0.32073
-0.27408,0.24148,0.33002
-0.27367,0.25582,0.32899
-0.26629,0.26135,0.3215
-0.26569,0.26925,0.33018
-0.27391,0.25329,0.33048
-0.26815,0.26449,0.33544
-0.27291,0.24342,0.33221
-0.27303,0.25159,0.33224
-0.27274,0.2523,0.33513
-0.25838,0.27287,0.33541
-0.24902,0.27613,0.3351
-0.25295,0.27622,0.3304
-0.25161,0.27709,0.32889
-0.24823,0.27601,0.33216
-0.24006,0.27599,0.33211
-0.23817,0.2753,0.32877
-0.23921,0.27605,0.33507
-0.24735,0.27128,0.32136
-0.2368,0.27079,0.32254
-0.23773,0.26829,0.32184
-0.2726,0.24306,0.32909
-0.27285,0.2426,0.33519
-0.2691,0.23222,0.33549
-0.26878,0.24864,0.32262
-0.26738,0.23055,0.32853
-0.25644,0.22129,0.32938
-0.2588,0.22727,0.32272
-0.26026,0.22279,0.33548
-0.26515,0.2339,0.3228
-0.25017,0.22344,0.32263
-0.25773,0.22573,0.32114
-0.25793,0.22993,0.322
-0.24877,0.22535,0.32197
-0.24888,0.22564,0.32042
-0.24574,0.21887,0.32899
-0.24363,0.21831,0.33084
-0.24834,0.21869,0.3322
-0.25565,0.21932,0.33047
-0.26084,0.22163,0.32902
-0.26909,0.22949,0.3303
-0.24916,0.21874,0.33514
-0.26488,0.23271,0.32109
-0.2181,0.24793,0.32146
0.15165,0.16102,0.00714
-0.14874,0.16204,0.00779
-0.14873,0.16358,0.00803
0.15165,0.16257,0.00738
-0.14872,0.16498,0.00874
-0.14872,0.16439,0.00955
-0.14873,0.16204,0.00879
-0.14873,0.16327,0.00899
-0.14874,0.16049,0.00804
-0.14874,0.1608,0.00899
0.15164,0.15978,0.00833
0.15165,0.16226,0.00833
0.15165,0.16102,0.00814
0.15166,0.16367,0.00849
0.15166,0.16507,0.00919
0.15166,0.16426,0.00978
-0.14872,0.16568,0.01014
0.15167,0.16531,0.01074
-0.14871,0.16585,0.01155
-0.14871,0.1668,0.01124
-0.14871,0.16605,0.01279
0.15167,0.16503,0.01214
0.15167,0.16603,0.01214
0.15167,0.16484,0.01337
0.15168,0.16579,0.01368
-0.14871,0.16529,0.01515
-0.14871,0.16585,0.01403
0.15167,0.16427,0.01449
0.15167,0.16338,0.01538
-0.14871,0.1644,0.01603
0.15168,0.16508,0.01508
-0.14871,0.16681,0.01434
-0.1487,0.1661,0.01573
0.15168,0.16397,0.01619
-0.14871,0.16499,0.01684
-0.14871,0.16328,0.0166
-0.14871,0.16359,0.01756
0.15167,0.16227,0.01595
0.15167,0.16103,0.01615
-0.14872,0.16205,0.0168
-0.14871,0.16205,0.0178
0.15167,0.16258,0.0169
0.15167,0.16103,0.01715
-0.14872,0.1605,0.01756
0.15166,0.15949,0.01691
-0.14873,0.1591,0.01685
-0.14873,0.15969,0.01604
-0.14872,0.16081,0.01661
0.15166,0.15868,0.01539
0.15166,0.15979,0.01595
0.15166,0.15809,0.0162
0.15165,0.15779,0.0145
-0.14873,0.1588,0.01516
-0.14873,0.158,0.01574
-0.14874,0.15776,0.01419
0.15165,0.15722,0.01338
0.15165,0.15698,0.01509
0.15164,0.15627,0.0137
0.15164,0.15702,0.01215
-0.14874,0.15804,0.0128
-0.14874,0.15704,0.0128
0.15164,0.15602,0.01215
0.15164,0.15626,0.0106
0.15164,0.15722,0.01091
-0.14874,0.15728,0.01126
-0.14874,0.15823,0.01156
-0.14875,0.15799,0.00986
-0.14874,0.1588,0.01045
0.15164,0.15867,0.0089
-0.14874,0.15968,0.00956
0.15164,0.15738,0.0095
0.15164,0.15808,0.0081
-0.14874,0.15909,0.00875
0.15164,0.15947,0.00738
-0.14871,0.16705,0.01279
0.0979,-0.08549,0.31941
0.07318,-0.06517,0.32008
0.07701,-0.06177,0.31894
0.07952,-0.05924,0.32027
0.0728,-0.06547,0.3203
0.09297,-0.08958,0.32125
0.09412,-0.0889,0.32094
0.0714,-0.0658,0.32098
0.07185,-0.06585,0.3208
0.07223,-0.06577,0.32061
0.07229,-0.06575,0.32058
0.06284,-0.05709,0.32123
0.09254,-0.08998,0.32162
0.07997,-0.05833,0.32077
0.10202,-0.0812,0.32123
0.07992,-0.05858,0.32065
0.07999,-0.05822,0.32082
0.07976,-0.05891,0.32046
0.07983,-0.05876,0.32055
0.07997,-0.05799,0.32091
0.07948,-0.05717,0.32101
0.10257,-0.08069,0.32171
0.08174,-0.05715,0.32236
0.10138,-0.08217,0.321
0.07719,-0.0584,0.32215
0.08215,-0.05715,0.32266
0.07532,-0.05486,0.32267
0.07494,-0.05242,0.32267
0.07118,-0.04531,0.32267
0.0714,-0.04531,0.32399
0.10346,-0.07986,0.32296
0.10383,-0.07952,0.32347
0.07306,-0.04531,0.32446
0.10509,-0.07875,0.32647
0.0735,-0.04531,0.32512
0.07521,-0.04531,0.3301
0.07607,-0.04692,0.3283
0.10456,-0.07884,0.3251
0.08311,-0.05644,0.32585
0.07694,-0.04854,0.3265
0.07584,-0.0493,0.32526
0.07136,-0.04529,0.33716
0.07681,-0.04866,0.33386
0.05924,-0.05351,0.33772
0.04955,-0.04521,0.33773
0.04939,-0.04521,0.33635
0.0733,-0.05335,0.33538
0.06235,-0.04811,0.33671
0.07548,-0.04965,0.3353
0.07409,-0.04698,0.33551
0.08386,-0.05623,0.33422
0.10483,-0.0789,0.33491
0.08065,-0.05758,0.33919
0.07597,-0.05441,0.33769
0.07433,-0.05273,0.33769
0.07515,-0.05357,0.33769
0.06631,-0.05708,0.33821
0.06171,-0.05349,0.33772
0.06048,-0.0535,0.33772
0.05161,-0.0503,0.3337
0.04873,-0.04776,0.332
0.0569,-0.05316,0.33631
0.04735,-0.04521,0.33553
0.04584,-0.04521,0.3303
0.05801,-0.05213,0.33672
0.04925,-0.04521,0.33744
0.09043,-0.09193,0.33527
0.06052,-0.05706,0.33773
0.09154,-0.09092,0.33743
0.09195,-0.09097,0.33758
0.08974,-0.09257,0.33281
0.05784,-0.05763,0.33395
0.05865,-0.05737,0.33355
0.05889,-0.05791,0.33296
0.05671,-0.05422,0.33487
0.05827,-0.05859,0.33284
0.05894,-0.05806,0.33272
0.07833,-0.08071,0.33063
0.05836,-0.05883,0.33241
0.07974,-0.08133,0.33201
0.07831,-0.08069,0.33055
0.07892,-0.0801,0.33047
0.0584,-0.05902,0.33184
0.07891,-0.0801,0.33038
0.05839,-0.05912,0.33123
0.07828,-0.08067,0.33021
0.07892,-0.0801,0.33021
0.05898,-0.05857,0.33022
0.05903,-0.05849,0.33165
0.05902,-0.05833,0.33215
0.05901,-0.05831,0.33221
0.07892,-0.0801,0.32996
0.05901,-0.05854,0.32922
0.07893,-0.08011,0.32988
0.05901,-0.05831,0.32822
0.05903,-0.05844,0.3286
0.07834,-0.08072,0.32974
0.05839,-0.05912,0.32922
0.07834,-0.08072,0.32971
0.07897,-0.08015,0.32975
0.05835,-0.05915,0.33022
0.05839,-0.05911,0.32907
0.05839,-0.05899,0.32846
0.05835,-0.05885,0.32809
0.07908,-0.0814,0.32876
0.07894,-0.08071,0.32907
0.08021,-0.08184,0.32872
0.07959,-0.0807,0.32882
0.05893,-0.05806,0.32772
0.05826,-0.05859,0.32761
0.09033,-0.09196,0.3277
0.07095,-0.07067,0.32688
0.05819,-0.05746,0.32658
0.05824,-0.05854,0.32753
0.0903,-0.09205,0.32544
0.09001,-0.09272,0.32811
0.09043,-0.09193,0.32514
0.09136,-0.09144,0.32448
0.07144,-0.07022,0.32536
0.09153,-0.09091,0.32299
0.07411,-0.06774,0.32168
0.09126,-0.09116,0.32335
0.07161,-0.07005,0.32566
0.07121,-0.07043,0.3262
0.05761,-0.05574,0.32622
0.05595,-0.05403,0.32622
0.05131,-0.05034,0.32692
0.05643,-0.05359,0.32489
0.05639,-0.05362,0.32568
0.05011,-0.04523,0.32331
0.04715,-0.04522,0.32515
0.04858,-0.04777,0.32861
0.05032,-0.04992,0.3308
0.04886,-0.04523,0.32326
0.04919,-0.04523,0.32299
0.06052,-0.05504,0.32264
0.06693,-0.0571,0.32269
0.06025,-0.05237,0.3227
0.05939,-0.05358,0.32521
0.06038,-0.0537,0.32267
0.06137,-0.05281,0.32523
0.06139,-0.04899,0.32382
0.07358,-0.06568,0.32484
0.07199,-0.06834,0.3252
0.06038,-0.0532,0.32522
0.05716,-0.05291,0.3239
0.05745,-0.05263,0.32521
0.0569,-0.05315,0.32533
0.07144,-0.06885,0.32532
0.07118,-0.06909,0.32546
0.07267,-0.06725,0.3234
0.0786,-0.06151,0.32162
0.07955,-0.06217,0.32021
0.08392,-0.0581,0.32538
0.07594,-0.05443,0.32517
0.07867,-0.06079,0.32466
0.08547,-0.0567,0.32997
0.0935,-0.06615,0.32999
0.09542,-0.06789,0.3287
0.10025,-0.07332,0.32759
0.08509,-0.05638,0.32755
0.09404,-0.06548,0.32996
0.08424,-0.05604,0.32626
0.08315,-0.05521,0.32572
0.10477,-0.07865,0.32557
0.0957,-0.06819,0.33149
0.08482,-0.05712,0.3327
0.10027,-0.07354,0.3332
0.08158,-0.06018,0.3384
0.08314,-0.05836,0.33513
0.076,-0.06573,0.3402
0.07864,-0.06149,0.33874
0.10077,-0.08282,0.3401
0.09581,-0.08737,0.34035
0.07218,-0.06592,0.33973
0.0613,-0.05706,0.33824
0.07737,-0.05902,0.33936
0.07318,-0.06321,0.33847
0.07729,-0.05829,0.33769
0.07151,-0.06872,0.33536
0.07186,-0.06983,0.33495
0.07146,-0.0702,0.33506
0.07317,-0.06589,0.33583
0.06062,-0.05451,0.33522
0.05748,-0.05262,0.33522
0.07146,-0.06884,0.3351
0.0712,-0.06908,0.33496
0.05692,-0.05314,0.33511
0.05641,-0.05361,0.33477
0.07123,-0.07042,0.33422
0.07096,-0.07066,0.33354
0.09034,-0.09195,0.3327
0.08999,-0.09274,0.33041
0.08049,-0.08286,0.33025
0.08524,-0.0878,0.33033
0.08525,-0.08779,0.32918
0.06019,-0.05199,0.33506
0.0604,-0.05325,0.33514
0.06124,-0.04913,0.33631
0.0751,-0.0641,0.3363
0.07564,-0.06361,0.3366
0.06178,-0.04864,0.33661
0.07842,-0.06103,0.33597
0.07632,-0.0532,0.33518
0.07481,-0.05328,0.33528
0.07513,-0.05364,0.32267
0.07354,-0.05269,0.32505
0.07474,-0.05356,0.32511
0.06653,-0.0571,0.3207
0.07333,-0.06328,0.32176
-0.00974,-0.1731,0.015
-0.00974,-0.17321,0.01381
-0.00972,-0.16729,0.01292
-0.00974,-0.17308,0.01506
-0.00972,-0.16713,0.01389
-0.00974,-0.1733,0.01293
-0.15991,-0.16673,0.01373
-0.00974,-0.17326,0.01255
-0.00975,-0.17314,0.0113
-0.00972,-0.16714,0.01195
-0.15991,-0.16666,0.01227
-0.15991,-0.1667,0.01325
-0.15993,-0.17275,0.01288
-0.15994,-0.17192,0.00904
-0.15994,-0.17199,0.00919
-0.15991,-0.16646,0.01172
-0.15994,-0.17238,0.01039
-0.15994,-0.17264,0.01162
-0.15994,-0.17253,0.01111
-0.15993,-0.17275,0.01325
-0.15993,-0.17272,0.01414
-0.15993,-0.17255,0.01539
-0.15991,-0.16637,0.01516
-0.15992,-0.17223,0.01661
-0.15991,-0.16661,0.01421
-0.15991,-0.16646,0.01478
-0.00972,-0.16704,0.01447
-0.00972,-0.16686,0.01481
-0.15992,-0.1719,0.01746
-0.1599,-0.16586,0.016
-0.15992,-0.17178,0.01779
-0.15992,-0.17119,0.01891
-0.00973,-0.17228,0.01745
-0.00972,-0.17169,0.01856
-0.00972,-0.17143,0.01904
-0.15991,-0.17088,0.01936
-0.00971,-0.16642,0.01569
-0.00971,-0.16633,0.01586
-0.1599,-0.16576,0.01617
-0.1599,-0.16561,0.01642
-0.15991,-0.16966,0.0209
-0.1599,-0.16525,0.01675
-0.00971,-0.16577,0.01641
-0.15991,-0.17048,0.01995
-0.00972,-0.17098,0.01959
-0.00971,-0.17018,0.02057
-0.1599,-0.16952,0.02103
-0.15989,-0.16452,0.01741
-0.1599,-0.16873,0.02176
-0.00971,-0.17006,0.02071
-0.1599,-0.16467,0.01728
-0.0097,-0.16522,0.01697
-0.00971,-0.16923,0.02139
-0.00971,-0.16845,0.02204
-0.1599,-0.16785,0.0224
-0.0097,-0.16839,0.02207
-0.15989,-0.16771,0.0225
-0.0097,-0.16823,0.02216
-0.15989,-0.16661,0.02312
-0.0097,-0.16505,0.01705
-0.0097,-0.16712,0.02275
-0.15989,-0.16364,0.01782
-0.0097,-0.16417,0.0175
-0.15989,-0.16328,0.01799
-0.15989,-0.16594,0.0234
-0.0097,-0.16648,0.02309
-0.15988,-0.16545,0.02361
-0.0097,-0.16653,0.02308
-0.15989,-0.16319,0.01803
-0.0097,-0.16382,0.01768
-0.15988,-0.16424,0.02397
-0.15989,-0.16271,0.0181
-0.0097,-0.16324,0.01777
-0.00969,-0.16597,0.02325
-0.00969,-0.16476,0.02361
-0.15988,-0.16388,0.02403
-0.00969,-0.16442,0.02372
-0.15987,-0.16299,0.02418
-0.00969,-0.16444,0.02371
-0.15988,-0.16174,0.02125
-0.15987,-0.16173,0.02425
-0.15987,-0.16071,0.02421
-0.15988,-0.16077,0.01815
-0.15988,-0.16174,0.01825
-0.00969,-0.16228,0.01792
-0.00968,-0.16227,0.02092
-0.00969,-0.16131,0.01776
-0.00967,-0.16001,0.02367
-0.00967,-0.16012,0.02371
-0.00969,-0.16073,0.01767
-0.15988,-0.15984,0.01782
-0.00969,-0.16038,0.01749
-0.00966,-0.1581,0.0231
-0.00967,-0.1588,0.02331
-0.15988,-0.16021,0.01795
-0.15986,-0.15825,0.02368
-0.15986,-0.15946,0.02401
-0.15986,-0.15752,0.02339
-0.15985,-0.15707,0.02321
-0.15987,-0.15938,0.01765
-0.00968,-0.15951,0.01705
-0.15987,-0.15899,0.01736
-0.15985,-0.15596,0.02261
-0.00966,-0.15763,0.02285
-0.00966,-0.15652,0.02226
-0.15985,-0.15562,0.02238
-0.15985,-0.15493,0.02189
-0.15987,-0.15883,0.01724
-0.00966,-0.15615,0.02206
-0.00968,-0.15933,0.01696
-0.00966,-0.1555,0.02152
-0.00966,-0.15452,0.02072
-0.15985,-0.15399,0.02105
-0.15987,-0.1582,0.01678
-0.00966,-0.15448,0.02069
-0.15985,-0.15314,0.02012
-0.00968,-0.15823,0.01585
-0.00966,-0.15372,0.01976
-0.00968,-0.15878,0.0164
-0.00966,-0.15316,0.01908
-0.00966,-0.15312,0.01902
-0.15985,-0.15259,0.01934
-0.15985,-0.15241,0.01909
-0.15987,-0.15774,0.01615
-0.15987,-0.15762,0.01599
-0.15987,-0.15733,0.0156
-0.00968,-0.15814,0.01568
-0.00968,-0.1577,0.0148
-0.00966,-0.15238,0.01763
-0.00966,-0.15298,0.01874
-0.15985,-0.1518,0.01798
-0.00966,-0.15211,0.01711
-0.15985,-0.15158,0.01743
-0.15987,-0.15703,0.01476
-0.15987,-0.15716,0.01513
-0.15987,-0.15684,0.01422
-0.15985,-0.15133,0.01681
-0.00966,-0.15191,0.01647
-0.15985,-0.15099,0.0156
-0.15985,-0.15095,0.01537
-0.00966,-0.15148,0.01505
-0.00966,-0.15154,0.01526
-0.00968,-0.15743,0.01387
-0.00966,-0.15138,0.01402
-0.00968,-0.15728,0.01291
-0.00966,-0.15127,0.0129
-0.15985,-0.15074,0.01323
-0.15985,-0.15079,0.01435
-0.15987,-0.15679,0.01323
-0.15985,-0.15073,0.01309
-0.15988,-0.15676,0.01275
-0.00969,-0.15743,0.01194
-0.00967,-0.1514,0.01151
-0.15986,-0.15082,0.01183
-0.00966,-0.15128,0.01276
-0.00967,-0.15147,0.01082
-0.15986,-0.15096,0.01108
-0.00967,-0.15149,0.01075
-0.00967,-0.15163,0.01028
-0.15986,-0.15106,0.01059
-0.00967,-0.15199,0.00907
-0.00969,-0.15752,0.01136
-0.15986,-0.15143,0.00939
-0.15988,-0.15712,0.01132
-0.15988,-0.15763,0.01048
-0.15987,-0.15194,0.00823
-0.00969,-0.15824,0.00996
-0.15988,-0.15703,0.0117
-0.00969,-0.1577,0.01101
-0.15987,-0.15159,0.00902
-0.00969,-0.15815,0.01014
-0.00968,-0.15312,0.0068
-0.00968,-0.15252,0.00793
-0.00968,-0.15313,0.00678
-0.15987,-0.15257,0.00714
-0.00969,-0.15391,0.00584
-0.15988,-0.15333,0.00613
-0.15989,-0.15788,0.01006
-0.15988,-0.15773,0.01031
-0.0097,-0.15879,0.00941
-0.0097,-0.15935,0.00886
-0.15988,-0.15398,0.00545
-0.15989,-0.15824,0.00973
-0.00969,-0.15475,0.00491
-0.15988,-0.1542,0.00522
-0.00969,-0.1545,0.00511
-0.15989,-0.15897,0.00907
-0.15989,-0.15883,0.0092
-0.15989,-0.15565,0.00409
-0.15989,-0.15622,0.00371
-0.15989,-0.15517,0.00441
-0.00971,-0.16074,0.00815
-0.00971,-0.16039,0.00833
-0.1599,-0.15986,0.00866
-0.1599,-0.15735,0.00314
-0.0097,-0.15952,0.00877
-0.0097,-0.15611,0.00379
-0.0097,-0.15618,0.00375
-0.0097,-0.15678,0.00343
-0.00971,-0.15789,0.00283
-0.00971,-0.15804,0.00275
-0.00971,-0.15808,0.00274
-0.1599,-0.15755,0.00307
-0.00971,-0.15908,0.00243
-0.1599,-0.15853,0.00271
-0.1599,-0.1603,0.00845
-0.1599,-0.16021,0.00849
-0.00971,-0.16229,0.00791
-0.00971,-0.16132,0.00806
-0.1599,-0.16078,0.00838
-0.15991,-0.15961,0.00244
-0.00972,-0.1603,0.0021
-0.15991,-0.15976,0.00241
-0.00972,-0.16013,0.00211
-0.15991,-0.16176,0.00523
-0.15991,-0.16101,0.00225
-0.15992,-0.16176,0.00223
-0.15992,-0.16227,0.00224
-0.1599,-0.16175,0.00823
-0.15992,-0.16353,0.00237
-0.15991,-0.16273,0.00833
-0.15991,-0.16328,0.00853
-0.00972,-0.16384,0.00815
-0.00972,-0.16326,0.00806
-0.15992,-0.16391,0.00246
-0.15993,-0.16476,0.00265
-0.00972,-0.16418,0.00833
-0.15993,-0.16595,0.00306
-0.15991,-0.16365,0.00866
-0.00974,-0.16651,0.00275
-0.00974,-0.1676,0.00333
-0.15993,-0.16709,0.00361
-0.15991,-0.16411,0.00883
-0.15991,-0.1645,0.00912
-0.00972,-0.16506,0.00878
-0.15994,-0.16787,0.0041
-0.15994,-0.16815,0.00428
-0.15991,-0.16466,0.00924
-0.00972,-0.16523,0.00887
-0.00975,-0.16965,0.00478
-0.15994,-0.16914,0.00507
-0.00975,-0.16867,0.00398
-0.00974,-0.16841,0.00376
-0.15991,-0.16529,0.0097
-0.00972,-0.16578,0.00942
-0.00972,-0.16634,0.00998
-0.15994,-0.16953,0.00547
-0.15994,-0.17002,0.00597
-0.15991,-0.16576,0.01033
-0.00972,-0.16642,0.01015
-0.00975,-0.17141,0.00674
-0.00975,-0.17133,0.00665
-0.00975,-0.17052,0.00567
-0.00975,-0.17144,0.00681
-0.00975,-0.17195,0.00774
-0.00972,-0.16687,0.01102
-0.15991,-0.16616,0.01088
-0.15991,-0.16587,0.01049
-0.15994,-0.1708,0.00697
-0.15994,-0.1709,0.00714
-0.15994,-0.17146,0.00804
-0.00975,-0.17244,0.00867
-0.00975,-0.17246,0.00871
-0.00975,-0.17251,0.00887
-0.00975,-0.17288,0.01007
-0.00972,-0.16705,0.01137
-0.15991,-0.16633,0.01135
-0.00975,-0.17308,0.01075
-0.00975,-0.17008,0.00513
-0.00974,-0.16528,0.00237
-0.00973,-0.16444,0.00212
-0.00973,-0.16406,0.00207
-0.00973,-0.1628,0.00195
-0.00972,-0.16229,0.0049
-0.00973,-0.1623,0.0019
-0.00972,-0.16155,0.00197
-0.0097,-0.15573,0.00411
-0.00967,-0.15209,0.00873
-0.15988,-0.15688,0.01227
-0.00968,-0.15752,0.01445
-0.15986,-0.15958,0.02403
-0.00967,-0.16019,0.02373
-0.00967,-0.16125,0.02383
-0.00968,-0.16227,0.02393
-0.00968,-0.16352,0.0238
-0.00973,-0.17247,0.01709
-0.00973,-0.17272,0.01627
-0.10702,-0.02248,0.46263
-0.10539,-0.02486,0.46395
-0.1076,-0.02494,0.46284
-0.10505,-0.02248,0.46625
-0.10679,-0.02223,0.46398
-0.10877,-0.02216,0.46468
-0.10774,-0.02201,0.46383
-0.1086,-0.02143,0.46452
-0.10633,-0.02202,0.46504
-0.10701,-0.02162,0.46383
-0.1063,-0.02142,0.46487
-0.10746,-0.02109,0.46368
-0.10827,-0.0209,0.46604
-0.10628,-0.02062,0.4648
-0.10784,-0.02048,0.46381
-0.10732,-0.01963,0.46379
-0.10876,-0.02048,0.46538
-0.10855,-0.01992,0.4656
-0.10853,-0.01991,0.46422
-0.10866,-0.01936,0.46473
-0.10654,-0.01924,0.46595
-0.10817,-0.01937,0.46616
-0.10781,-0.01919,0.4661
-0.10642,-0.01922,0.46415
-0.10721,-0.01973,0.46613
-0.10642,-0.01962,0.46567
-0.10706,-0.02016,0.46633
-0.10633,-0.01979,0.4647
-0.10666,-0.02061,0.46588
-0.10682,-0.02146,0.466
-0.10817,-0.0214,0.46611
-0.10676,-0.02201,0.46602
-0.1081,-0.02197,0.46611
-0.10984,-0.02487,0.46434
-0.10863,-0.02491,0.46696
-0.10766,-0.02364,0.46393
-0.10584,-0.0249,0.46656
-0.10836,-0.02363,0.46569
-0.10651,-0.02364,0.46548
0.0851,0.05738,0.33238
0.08545,0.05705,0.3325
0.08478,0.05768,0.33484
0.08446,0.05798,0.3346
0.08371,0.05869,0.33687
0.22768,0.21195,0.33636
0.22875,0.21094,0.33433
0.22843,0.21124,0.33408
0.22924,0.21047,0.33193
0.22741,0.2122,0.33601
0.22927,0.21042,0.3295
0.22964,0.21008,0.3295
0.08544,0.05704,0.32752
0.2294,0.21029,0.32701
0.22905,0.21063,0.32714
0.08567,0.05683,0.33001
0.08531,0.05717,0.33002
0.08509,0.05737,0.32765
0.22841,0.21122,0.32492
0.08444,0.05797,0.32543
0.08476,0.05767,0.32519
0.08342,0.05893,0.32351
0.08368,0.05868,0.32316
0.08207,0.06018,0.32199
0.22604,0.21344,0.32147
0.22856,0.21108,0.32453
0.22765,0.21193,0.32265
0.22623,0.21325,0.32105
0.08227,0.06,0.32156
0.0805,0.06166,0.32097
0.08061,0.06155,0.3205
0.22458,0.21481,0.31998
0.22276,0.21652,0.32001
0.22446,0.21491,0.32046
0.22278,0.21649,0.31951
0.22102,0.21815,0.32017
0.07879,0.06326,0.32053
0.07706,0.06489,0.32068
0.07881,0.06324,0.32003
0.07699,0.06496,0.32019
0.22095,0.21821,0.31967
0.07525,0.06659,0.32096
0.07541,0.06645,0.32142
0.21937,0.2197,0.3209
0.21909,0.21996,0.32067
0.21767,0.2213,0.3218
0.07394,0.06783,0.3227
0.21672,0.2222,0.32392
0.07371,0.06804,0.32231
0.07246,0.06922,0.32414
0.2164,0.2225,0.3239
0.21555,0.22331,0.32583
0.07192,0.06973,0.32653
0.21546,0.2234,0.32832
0.07173,0.06991,0.32616
0.07113,0.07048,0.32877
0.2151,0.22374,0.32826
0.0715,0.07014,0.32884
0.21547,0.2234,0.33071
0.0715,0.07015,0.33122
0.2159,0.223,0.33302
0.21556,0.22332,0.3332
0.2151,0.22374,0.33077
0.21674,0.22221,0.3351
0.21645,0.22249,0.3354
0.0716,0.07006,0.33371
0.07278,0.06896,0.33562
0.07248,0.06924,0.33591
0.07194,0.06974,0.33353
0.07114,0.07049,0.33128
0.07374,0.06806,0.33774
0.21771,0.22132,0.33723
0.07397,0.06784,0.33736
0.21941,0.21972,0.33812
0.21794,0.2211,0.33684
0.21925,0.21987,0.33857
0.07544,0.06647,0.33863
0.22106,0.21817,0.33885
0.07706,0.06495,0.33961
0.07883,0.06329,0.33951
0.2228,0.21654,0.339
0.221,0.21823,0.33934
0.07886,0.06327,0.34001
0.22282,0.21652,0.3395
0.07529,0.06661,0.33908
0.08065,0.06158,0.33954
0.22462,0.21483,0.33903
0.08054,0.06168,0.33907
0.22627,0.21328,0.33796
0.2245,0.21494,0.33855
0.08231,0.06002,0.33847
0.22607,0.21346,0.33754
0.08211,0.0602,0.33805
0.08344,0.05894,0.33653
0.111,-0.04005,0.33316
0.11126,-0.03946,0.33045
0.10953,-0.04138,0.33046
0.10845,-0.03956,0.33317
0.10844,-0.03864,0.33046
0.10804,-0.03922,0.33251
0.11125,-0.04066,0.33291
0.10899,-0.04192,0.33341
0.11228,-0.04077,0.33374
0.10703,-0.03941,0.33401
0.10722,-0.04116,0.33918
0.11213,-0.04152,0.33917
0.11016,-0.03697,0.33399
0.11145,-0.03975,0.3343
0.10959,-0.0368,0.33917
0.11114,-0.04199,0.33416
0.11083,-0.0383,0.33296
0.10814,-0.04074,0.33431
0.10914,-0.03819,0.33427
-0.27572,-0.25314,0.32964
-0.27226,-0.24481,0.32219
-0.26744,-0.26067,0.32213
-0.26808,-0.2669,0.33083
-0.25598,-0.26964,0.32209
-0.26802,-0.25638,0.32172
-0.26356,-0.26299,0.32175
-0.26291,-0.26032,0.32113
-0.26569,-0.25613,0.32109
-0.26571,-0.25616,0.32262
-0.26881,-0.25574,0.32342
-0.27023,-0.24669,0.32222
-0.26831,-0.24615,0.32267
-0.27077,-0.24258,0.32344
-0.26779,-0.24657,0.32063
-0.24847,-0.2571,0.31867
-0.24939,-0.24627,0.31799
-0.26788,-0.24099,0.32108
-0.26337,-0.23204,0.32082
-0.24417,-0.24849,0.31807
-0.24918,-0.24673,0.31958
-0.24707,-0.24253,0.31949
-0.24674,-0.24257,0.31807
-0.24768,-0.23184,0.31896
-0.2433,-0.24373,0.31799
-0.25168,-0.21989,0.3221
-0.2451,-0.22343,0.321
-0.25057,-0.22396,0.32098
-0.23551,-0.24274,0.31824
-0.25976,-0.22805,0.32104
-0.23514,-0.22594,0.321
-0.23404,-0.26394,0.32087
-0.22709,-0.25734,0.32102
-0.22387,-0.24243,0.32093
-0.22412,-0.25331,0.32126
-0.22504,-0.23753,0.32104
-0.23108,-0.22893,0.321
-0.22385,-0.25969,0.32205
-0.22562,-0.25932,0.32163
-0.22548,-0.25915,0.3232
-0.22722,-0.2574,0.32252
-0.2343,-0.26451,0.32257
-0.23613,-0.26867,0.32348
-0.23187,-0.26613,0.3233
-0.23335,-0.26613,0.32155
-0.23717,-0.25362,0.32015
-0.23368,-0.23943,0.32047
-0.22396,-0.24256,0.32248
-0.24311,-0.24405,0.31949
-0.24439,-0.24852,0.31957
-0.25427,-0.2542,0.32006
-0.23916,-0.26681,0.32257
-0.25051,-0.22399,0.32223
-0.23543,-0.22601,0.32248
-0.2515,-0.22151,0.32317
-0.25162,-0.22159,0.32164
-0.24547,-0.22295,0.32257
-0.26737,-0.24076,0.32214
-0.26007,-0.22797,0.32262
-0.26035,-0.22507,0.32164
-0.25964,-0.2248,0.3234
-0.26056,-0.22093,0.3296
-0.26563,-0.23066,0.32316
-0.26923,-0.22884,0.32971
-0.26797,-0.22557,0.33608
-0.25083,-0.21694,0.33582
-0.25171,-0.21764,0.32966
-0.27009,-0.23914,0.32336
-0.27392,-0.23954,0.32951
-0.27463,-0.24057,0.33582
-0.27462,-0.24136,0.3329
-0.27482,-0.24956,0.33288
-0.27363,-0.2532,0.32945
-0.2682,-0.26344,0.32969
-0.26723,-0.25834,0.32341
-0.26979,-0.26311,0.33613
-0.27455,-0.2503,0.33577
-0.2638,-0.26298,0.32342
-0.26264,-0.26038,0.32267
-0.25439,-0.2662,0.32259
-0.25421,-0.26652,0.32115
-0.24981,-0.2686,0.32286
-0.25559,-0.26793,0.32287
-0.25393,-0.26973,0.32398
-0.2576,-0.2721,0.32985
-0.23954,-0.2697,0.32331
-0.23978,-0.27374,0.32948
-0.22448,-0.26486,0.32948
-0.22951,-0.26985,0.33605
-0.2412,-0.27413,0.3358
-0.24196,-0.27442,0.33287
-0.25017,-0.27434,0.33287
-0.24288,-0.27604,0.33089
-0.23147,-0.27265,0.33066
-0.22301,-0.26574,0.33075
-0.23415,-0.26877,0.32208
-0.24491,-0.27168,0.32221
-0.23928,-0.26924,0.32168
-0.23894,-0.26689,0.32112
-0.24906,-0.26985,0.32167
-0.24909,-0.26753,0.32097
-0.25373,-0.27529,0.32964
-0.25757,-0.27364,0.33111
-0.25092,-0.27418,0.33576
-0.26064,-0.27073,0.33612
-0.21657,-0.25391,0.32957
-0.21757,-0.25623,0.33101
-0.21996,-0.25879,0.33602
-0.21734,-0.25054,0.33568
-0.21802,-0.25173,0.32946
-0.21746,-0.24144,0.33074
-0.21763,-0.24976,0.33302
-0.22185,-0.25214,0.32331
-0.21663,-0.24978,0.33291
-0.21585,-0.24112,0.3307
-0.21907,-0.23096,0.32988
-0.22008,-0.23299,0.33044
-0.22145,-0.23965,0.32379
-0.22584,-0.22491,0.33
-0.23058,-0.21906,0.32981
-0.22826,-0.22766,0.32152
-0.22317,-0.23404,0.32166
-0.23499,-0.22351,0.32323
-0.23619,-0.2184,0.33053
-0.22811,-0.228,0.32332
-0.22437,-0.23752,0.32266
-0.23109,-0.22916,0.32249
-0.22186,-0.24263,0.32311
-0.22061,-0.24414,0.32163
-0.24454,-0.22121,0.32233
-0.23628,-0.22204,0.32169
-0.24265,-0.21554,0.33066
-0.24928,-0.21516,0.33052
-0.25692,-0.21739,0.33104
-0.24998,-0.21682,0.33287
-0.24395,-0.21688,0.33097
-0.26815,-0.22491,0.33108
-0.2616,-0.21927,0.3296
-0.27266,-0.23035,0.33079
-0.27584,-0.23903,0.33077
-0.26664,-0.23088,0.32165
-0.26979,-0.23974,0.32169
-0.26341,-0.23181,0.32258
-0.27485,-0.25437,0.33114
-0.22486,-0.25259,0.32258
-0.00474,0.05489,0.31783
-0.00505,0.05489,0.31779
-0.00379,0.05488,0.31714
-0.00443,0.05489,0.31778
-0.00393,0.05488,0.31742
-0.00382,0.04687,0.31715
-0.00533,0.05489,0.31764
-0.00555,0.05489,0.31742
-0.00374,0.05488,0.31683
-0.00377,0.04687,0.31684
-0.00396,0.04687,0.31743
-0.00285,0.04687,0.32051
-0.00208,0.04702,0.32092
-0.00189,0.04679,0.31169
-0.00288,0.04685,0.30381
-0.00477,0.04688,0.31784
-0.00446,0.04688,0.31779
-0.00418,0.04687,0.31765
-0.00757,0.04749,0.32104
-0.00746,0.04689,0.32052
-0.00382,0.04687,0.31653
-0.00396,0.04687,0.31625
0.00693,0.04709,0.29801
0.01092,0.0468,0.30378
0.0026,0.04684,0.30789
-0.00446,0.04687,0.31589
-0.00477,0.04687,0.31584
-0.0075,0.04687,0.30382
-0.00418,0.04687,0.31603
-0.00589,0.04685,0.29815
-0.00362,0.04685,0.29847
-0.00181,0.04691,0.29509
0.00144,0.04771,0.2992
0.00164,0.04888,0.29958
0.00368,0.04813,0.29495
-0.00043,0.04902,0.2951
0.00267,0.05167,0.28396
0.00064,0.05575,0.2805
-0.00248,0.04786,0.30426
0.00343,0.04732,0.30408
0.00348,0.05497,0.28021
0.00069,0.05258,0.28397
-0.00617,0.05448,0.30667
0.00946,0.05212,0.30579
0.00749,0.05165,0.29912
0.00785,0.05786,0.28126
0.01086,0.05531,0.29737
0.01045,0.06372,0.28337
0.00825,0.05327,0.29702
0.00586,0.05351,0.28607
0.0109,0.04697,0.29457
0.01096,0.04683,0.32048
0.01004,0.04783,0.32139
0.01025,0.05394,0.32097
0.00403,0.05996,0.32091
0.00653,0.07092,0.28599
0.00583,0.06111,0.30906
-0.00189,0.06143,0.30918
-0.00402,0.06995,0.28565
-0.00012,0.05937,0.31589
-0.00562,0.05226,0.31332
0.00975,0.05305,0.31359
0.00541,0.04683,0.31134
0.00825,0.04683,0.31581
0.00794,0.04683,0.31586
0.00856,0.04683,0.31586
0.00883,0.04683,0.316
0.00906,0.04683,0.31622
0.00521,0.04684,0.31219
0.00766,0.04683,0.31601
0.00769,0.05484,0.31599
0.00796,0.05484,0.31585
0.00827,0.05484,0.3158
0.00886,0.05484,0.31599
0.00858,0.05484,0.31585
0.00908,0.05484,0.31621
0.0092,0.04683,0.3165
0.00923,0.05484,0.31649
0.00925,0.04683,0.31681
0.00928,0.05484,0.3168
0.00923,0.05484,0.31711
0.0092,0.04683,0.31712
0.00906,0.04683,0.3174
0.00747,0.05484,0.31739
0.00909,0.05484,0.31739
0.00732,0.05484,0.31711
0.00727,0.05484,0.31681
0.00746,0.05484,0.31622
0.00732,0.05484,0.3165
0.00744,0.04683,0.31623
0.00729,0.04683,0.31651
0.00524,0.04684,0.31329
0.00503,0.05836,0.31637
0.00525,0.04685,0.32049
0.00725,0.04683,0.31682
0.00445,0.05784,0.32062
-0.00109,0.05894,0.31659
-0.00149,0.05713,0.3207
-0.00632,0.05496,0.32101
-0.00747,0.05794,0.29834
-0.00704,0.06348,0.2833
-0.00553,0.04743,0.29471
-0.0046,0.05287,0.29719
-0.00223,0.05613,0.28064
-0.00483,0.05716,0.28101
-0.00187,0.05326,0.28599
0.00067,0.04943,0.28275
-0.00183,0.05014,0.28382
-0.00183,0.0522,0.28016
-0.00058,0.05149,0.28002
-0.00183,0.05117,0.28199
0.00067,0.05079,0.27988
-0.00058,0.04979,0.28328
-0.00476,0.04685,0.29831
-0.0051,0.05286,0.29952
-0.00485,0.05286,0.29835
0.0073,0.04683,0.31713
0.00744,0.04683,0.3174
0.00766,0.04683,0.31763
0.00769,0.05484,0.31761
0.00797,0.05484,0.31776
0.00794,0.04683,0.31777
0.00825,0.04683,0.31782
0.00828,0.05484,0.3178
0.00856,0.04683,0.31777
0.00859,0.05484,0.31776
0.00887,0.05484,0.31761
0.00884,0.04683,0.31762
0.00898,0.0468,0.29891
0.00796,0.04694,0.29846
0.00918,0.05451,0.29882
0.00562,0.05273,0.28055
0.00417,0.05107,0.28396
0.00566,0.05047,0.28395
0.00417,0.05003,0.283
0.00267,0.04959,0.28205
0.00568,0.05047,0.28056
0.00418,0.05003,0.2813
0.00268,0.0517,0.27992
0.00415,0.05221,0.28023
-0.00379,0.05488,0.31652
-0.00393,0.05488,0.31624
-0.00533,0.05489,0.31602
-0.00505,0.05489,0.31588
-0.00555,0.05489,0.31625
-0.00569,0.05489,0.31652
-0.00569,0.05489,0.31714
-0.00443,0.05488,0.31588
-0.00415,0.05488,0.31602
-0.00474,0.05488,0.31583
-0.00574,0.05489,0.31683
-0.00577,0.04688,0.31684
-0.00558,0.04688,0.31743
-0.00572,0.04688,0.31715
-0.00572,0.04688,0.31654
-0.00558,0.04688,0.31626
-0.00536,0.04688,0.31603
-0.00508,0.04688,0.31589
-0.00536,0.04688,0.31765
-0.00508,0.04688,0.3178
-0.00415,0.05488,0.31764
0.26347,-0.23457,0.33673
0.2621,-0.23191,0.33673
0.26307,-0.23233,0.33303
0.26139,-0.23423,0.33303
0.26465,-0.23443,0.33302
0.26258,-0.23212,0.33488
0.26223,-0.23328,0.33303
0.25977,-0.23511,0.33304
0.25947,-0.2334,0.33474
0.25855,-0.23348,0.33674
0.2622,-0.23648,0.33473
0.2355,-0.24597,0.33493
0.25363,-0.23114,0.33855
0.24933,-0.2293,0.33856
0.24923,-0.22941,0.33482
0.25096,-0.23275,0.33489
0.2484,-0.2353,0.33499
0.25004,-0.262,0.33486
0.24153,-0.23232,0.33477
0.24534,-0.23001,0.33476
0.24488,-0.2319,0.33495
0.2325,-0.24985,0.33492
0.23324,-0.24767,0.33834
0.24489,-0.25973,0.33504
0.2307,-0.24396,0.33484
0.2337,-0.24597,0.33691
0.23105,-0.24649,0.33684
0.23149,-0.24557,0.33862
0.23031,-0.24393,0.33862
0.23178,-0.25134,0.33863
0.23333,-0.24075,0.33861
0.23628,-0.24903,0.33861
0.23237,-0.24662,0.33848
0.2244,-0.23094,0.33844
0.22588,-0.23303,0.33453
0.23298,-0.24028,0.3348
0.24302,-0.23298,0.33527
0.24182,-0.23283,0.33858
0.23749,-0.24954,0.33861
0.24161,-0.25277,0.33861
0.24156,-0.25281,0.3353
0.23354,-0.24184,0.3353
0.25337,-0.24188,0.33857
0.25339,-0.24185,0.33526
0.25938,-0.25054,0.33856
0.25933,-0.25056,0.33526
0.24985,-0.25942,0.33529
0.24986,-0.25938,0.3386
0.26177,-0.24879,0.3383
0.24699,-0.25934,0.3386
0.24819,-0.26312,0.3386
0.26332,-0.25169,0.33856
0.2626,-0.24801,0.33828
0.26343,-0.24723,0.33826
0.26282,-0.25125,0.33477
0.25969,-0.24865,0.33504
0.26108,-0.24578,0.33536
0.2595,-0.24775,0.33856
0.25075,-0.2378,0.33857
0.25809,-0.24572,0.33856
0.26357,-0.24321,0.33855
0.25046,-0.23753,0.33857
0.24798,-0.23532,0.33857
0.24939,-0.23306,0.33856
0.24813,-0.23242,0.33839
0.25005,-0.23636,0.33857
0.24686,-0.23178,0.33821
0.2455,-0.22988,0.33857
0.2379,-0.22334,0.33791
0.24646,-0.21883,0.33755
0.24654,-0.21982,0.33855
0.24964,-0.22007,0.33803
0.2319,-0.22254,0.33849
0.22243,-0.21641,0.3399
0.23105,-0.22082,0.33737
0.23439,-0.22401,0.33423
0.24476,-0.21769,0.3386
0.24435,-0.21751,0.34196
0.23637,-0.219,0.34191
0.22466,-0.22852,0.33908
0.23928,-0.22042,0.33817
0.23075,-0.2216,0.33035
0.23059,-0.22307,0.3296
0.23699,-0.2219,0.3338
0.24015,-0.21812,0.32972
0.23822,-0.21953,0.33757
0.25081,-0.21761,0.32998
0.23639,-0.21785,0.33463
0.23192,-0.21517,0.32677
0.23206,-0.21572,0.33449
0.24643,-0.21837,0.33399
0.24973,-0.21931,0.33444
0.25284,-0.21838,0.33754
0.26595,-0.22345,0.3299
0.27125,-0.22886,0.33751
0.25666,-0.21954,0.3385
0.27646,-0.24598,0.33752
0.27072,-0.23064,0.33805
0.27654,-0.23811,0.3299
0.2732,-0.23047,0.34191
0.27648,-0.24653,0.33393
0.2764,-0.25557,0.32994
0.2782,-0.2485,0.34192
0.27557,-0.24989,0.33439
0.27555,-0.25012,0.33782
0.27431,-0.25842,0.33754
0.26856,-0.2691,0.32996
0.26581,-0.27018,0.33757
0.27248,-0.26445,0.34196
0.27406,-0.26013,0.33863
0.26664,-0.26984,0.33859
0.25699,-0.27612,0.342
0.27604,-0.2534,0.33849
0.27724,-0.24693,0.34191
0.27661,-0.24274,0.33849
0.2733,-0.23232,0.34191
0.27224,-0.23124,0.3386
0.26473,-0.22329,0.3386
0.25875,-0.21919,0.34192
0.27412,-0.24717,0.33798
0.26906,-0.24819,0.33854
0.26533,-0.2463,0.33477
0.26558,-0.24948,0.3348
0.25694,-0.27536,0.33876
0.24009,-0.2766,0.33005
0.25588,-0.27624,0.32999
0.24394,-0.27715,0.34204
0.24712,-0.2768,0.33868
0.24802,-0.27487,0.33816
0.24387,-0.27563,0.33863
0.2358,-0.27464,0.33869
0.24487,-0.2752,0.33763
0.23238,-0.2716,0.3383
0.24516,-0.26551,0.33861
0.23284,-0.27431,0.33765
0.22388,-0.26526,0.33875
0.22297,-0.26296,0.33766
0.22632,-0.26933,0.33005
0.22693,-0.26975,0.34203
0.21794,-0.25363,0.33005
0.21886,-0.25666,0.34206
0.2178,-0.24113,0.34206
0.21781,-0.24996,0.33869
0.22017,-0.23616,0.33868
0.21911,-0.25,0.33835
0.22093,-0.24722,0.33799
0.21999,-0.2441,0.33864
0.21817,-0.24862,0.33765
0.21861,-0.24782,0.33415
0.22955,-0.24779,0.33486
0.21871,-0.24405,0.33412
0.21825,-0.24005,0.32997
0.21916,-0.2441,0.33764
0.22103,-0.23636,0.33801
0.21985,-0.23585,0.32962
0.22392,-0.23542,0.3343
0.22426,-0.2359,0.33802
0.22376,-0.22936,0.33038
0.22233,-0.22893,0.33738
0.22372,-0.22782,0.33003
0.21991,-0.23144,0.33092
0.21954,-0.23098,0.32994
0.21372,-0.22466,0.33362
0.21348,-0.22496,0.32752
0.21588,-0.22288,0.3227
0.20898,-0.22024,0.32612
0.21622,-0.22631,0.32605
0.20851,-0.22061,0.33206
0.20908,-0.2176,0.32313
0.21686,-0.23027,0.33205
0.21616,-0.22822,0.32575
0.21844,-0.22065,0.32064
0.21682,-0.22446,0.32165
0.20674,-0.21408,0.32253
0.22198,-0.21706,0.32033
0.21249,-0.21207,0.31983
0.20049,-0.20324,0.32049
0.20361,-0.20866,0.32151
0.20282,-0.21352,0.32574
0.1968,-0.20661,0.32488
0.2029,-0.20106,0.3199
0.20561,-0.19863,0.32024
0.21211,-0.20921,0.31952
0.21894,-0.22195,0.31993
0.20168,-0.20219,0.31983
0.20663,-0.20773,0.3197
0.20171,-0.20243,0.3197
0.22162,-0.21928,0.31917
0.20946,-0.20818,0.31923
0.20748,-0.20799,0.3195
0.20683,-0.20773,0.31959
0.20637,-0.20732,0.31961
0.2081,-0.20805,0.31835
0.20676,-0.20746,0.31931
0.20642,-0.20728,0.31954
0.20645,-0.20725,0.31947
0.20228,-0.20165,0.31838
0.20187,-0.20229,0.31946
0.20648,-0.20722,0.31936
0.20183,-0.20232,0.31954
0.20183,-0.20204,0.31962
0.2019,-0.20199,0.31943
0.20181,-0.20207,0.31966
0.20178,-0.20237,0.31961
0.20173,-0.20241,0.31967
0.20631,-0.20737,0.31967
0.20653,-0.20533,0.31571
0.20604,-0.19865,0.31841
0.20448,-0.20281,0.31245
0.20485,-0.20352,0.31391
0.20569,-0.20443,0.31481
0.20725,-0.20588,0.31243
0.20921,-0.20376,0.3129
0.20693,-0.20157,0.31174
0.21104,-0.20681,0.31894
0.20805,-0.20255,0.31591
0.20645,-0.20304,0.31491
0.20863,-0.20316,0.31441
0.21145,-0.20476,0.31924
0.21504,-0.21019,0.31969
0.22431,-0.21698,0.3199
0.22709,-0.21501,0.32171
0.20834,-0.19597,0.32132
0.21106,-0.20334,0.31975
0.2114,-0.20398,0.31968
0.21121,-0.20369,0.31969
0.20864,-0.20081,0.31972
0.21102,-0.20339,0.31971
0.21002,-0.2024,0.3197
0.20625,-0.19823,0.31972
0.20604,-0.19824,0.31969
0.20604,-0.19815,0.3199
0.22576,-0.21383,0.32294
0.214,-0.20088,0.32217
0.21169,-0.19282,0.32807
0.21967,-0.20579,0.32303
0.21725,-0.20064,0.32528
0.211,-0.19351,0.33416
0.21447,-0.19673,0.32668
0.21426,-0.19674,0.33383
0.21751,-0.19998,0.33349
0.21788,-0.20316,0.3367
0.20967,-0.19508,0.33758
0.21444,-0.19834,0.33543
0.20751,-0.19676,0.33917
0.22801,-0.21487,0.33757
0.22584,-0.2135,0.33696
0.22189,-0.20684,0.33574
0.22779,-0.21171,0.33236
0.22355,-0.20653,0.33396
0.22744,-0.21178,0.32664
0.22345,-0.20666,0.32615
0.22922,-0.21624,0.33787
0.22796,-0.21696,0.33894
0.2323,-0.21871,0.33965
0.22696,-0.21585,0.33883
0.22787,-0.21493,0.33773
0.22749,-0.21525,0.33819
0.22743,-0.2153,0.33826
0.20945,-0.19528,0.3379
0.20838,-0.19627,0.33905
0.20904,-0.19542,0.33815
0.20826,-0.19639,0.33917
0.20958,-0.19516,0.33771
0.22754,-0.22101,0.34069
0.22614,-0.22537,0.34215
0.20537,-0.19894,0.34078
0.22353,-0.22461,0.34092
0.21488,-0.21124,0.34062
0.2138,-0.2089,0.34051
0.21179,-0.21001,0.34061
0.20299,-0.20126,0.34081
0.20247,-0.20148,0.34062
0.20315,-0.20101,0.3402
0.2124,-0.21189,0.34022
0.19637,-0.20707,0.33392
0.21698,-0.22162,0.33908
0.21219,-0.21141,0.3408
0.19851,-0.20522,0.3384
0.20261,-0.21398,0.33303
0.20719,-0.21576,0.33654
0.21822,-0.2269,0.33825
0.21961,-0.23221,0.33908
0.20793,-0.21865,0.33531
0.21846,-0.2337,0.32895
0.1996,-0.2103,0.32983
0.19949,-0.21052,0.33348
0.19981,-0.21007,0.32531
0.20268,-0.20155,0.34076
0.23007,-0.2153,0.32728
0.23361,-0.21849,0.33089
0.23323,-0.21911,0.33008
0.22935,-0.24774,0.33863
0.23274,-0.25645,0.33863
0.23274,-0.25804,0.33483
0.23285,-0.25733,0.33683
0.23103,-0.26075,0.33684
0.23169,-0.26006,0.33436
0.23201,-0.25972,0.33313
0.23491,-0.25936,0.33312
0.23562,-0.26092,0.33482
0.23428,-0.2612,0.33683
0.23265,-0.26097,0.33683
0.23222,-0.26175,0.33313
0.23232,-0.26277,0.33313
0.23211,-0.26074,0.33313
0.23136,-0.26041,0.3356
0.23189,-0.2621,0.33437
0.23146,-0.26142,0.3356
0.23302,-0.2634,0.33683
0.24036,-0.26288,0.33862
0.24508,-0.25787,0.3386
0.24152,-0.26321,0.33531
0.23661,-0.24928,0.33531
0.24506,-0.2577,0.3353
0.23147,-0.25166,0.33532
0.23923,-0.25318,0.33861
0.23773,-0.24985,0.33861
0.24561,-0.26151,0.33861
0.2469,-0.26232,0.33861
0.24731,-0.26125,0.33744
0.24689,-0.2625,0.33715
0.24647,-0.26374,0.33686
0.24805,-0.26547,0.33485
0.24521,-0.26527,0.33482
0.24957,-0.2647,0.3386
0.24831,-0.27636,0.33401
0.25048,-0.2642,0.3348
0.24495,-0.27535,0.3345
0.24889,-0.27637,0.33762
0.25267,-0.23202,0.33525
0.25017,-0.2366,0.33526
0.25953,-0.23563,0.33524
0.26319,-0.24329,0.33524
0.25806,-0.24575,0.33526
0.26203,-0.23761,0.3378
0.25382,-0.23948,0.33856
0.24787,-0.23092,0.33681
0.24921,-0.23322,0.33688
0.26278,-0.23324,0.33673
0.01037,-0.15161,0.01499
0.01036,-0.15148,0.01374
0.01034,-0.1574,0.01286
0.01034,-0.15756,0.01383
0.16053,-0.15796,0.01302
0.01036,-0.1514,0.01285
0.01036,-0.15143,0.01248
0.01036,-0.15156,0.01123
0.01034,-0.15756,0.0119
0.16053,-0.15804,0.01156
0.16053,-0.15799,0.01254
0.16054,-0.15278,0.00832
0.16054,-0.15272,0.00846
0.16053,-0.15824,0.01101
0.16055,-0.15194,0.01215
0.16055,-0.15232,0.00966
0.16055,-0.15206,0.0109
0.16055,-0.15216,0.01038
0.16055,-0.15195,0.01253
0.16056,-0.15197,0.01341
0.16056,-0.15214,0.01466
0.16056,-0.15214,0.01468
0.16053,-0.15808,0.0135
0.16053,-0.15822,0.01407
0.01034,-0.15765,0.01441
0.16054,-0.15832,0.01445
0.01034,-0.15782,0.01476
0.16056,-0.15245,0.01589
0.16053,-0.15882,0.01529
0.16056,-0.15278,0.01674
0.16056,-0.1529,0.01706
0.16056,-0.15349,0.01818
0.01037,-0.1524,0.01738
0.01037,-0.15299,0.01849
0.01037,-0.15325,0.01897
0.16056,-0.1538,0.01864
0.16053,-0.15907,0.01571
0.16053,-0.15892,0.01546
0.16056,-0.1542,0.01923
0.16056,-0.15502,0.02019
0.01037,-0.1537,0.01953
0.16056,-0.15516,0.02031
0.16053,-0.15944,0.01604
0.01037,-0.15449,0.0205
0.01034,-0.15836,0.01581
0.01034,-0.15891,0.01636
0.01037,-0.15461,0.02065
0.01034,-0.15946,0.01692
0.16053,-0.16002,0.01657
0.16053,-0.16016,0.0167
0.16055,-0.15806,0.02241
0.16053,-0.16105,0.01712
0.01034,-0.15964,0.017
0.16056,-0.15594,0.02104
0.16056,-0.15682,0.02168
0.16056,-0.15696,0.02179
0.01037,-0.15628,0.02201
0.01036,-0.15644,0.0221
0.01034,-0.16051,0.01745
0.01036,-0.15755,0.0227
0.01036,-0.15818,0.02303
0.01034,-0.16086,0.01763
0.01036,-0.1587,0.02319
0.16055,-0.15873,0.0227
0.16055,-0.15922,0.02291
0.01036,-0.1599,0.02356
0.16055,-0.16043,0.02326
0.16054,-0.16079,0.02333
0.16053,-0.16197,0.0174
0.16053,-0.16149,0.01733
0.01034,-0.16144,0.01772
0.16052,-0.16294,0.01755
0.16053,-0.16294,0.02055
0.16054,-0.16293,0.02356
0.16053,-0.16395,0.02351
0.16052,-0.16391,0.01745
0.16054,-0.16167,0.02348
0.16053,-0.16508,0.02334
0.01033,-0.16337,0.01772
0.01033,-0.1624,0.01788
0.01033,-0.16395,0.01763
0.16053,-0.1652,0.02332
0.16052,-0.16642,0.02299
0.16052,-0.16447,0.01726
0.16052,-0.16484,0.01712
0.01033,-0.1643,0.01746
0.01033,-0.16657,0.02307
0.01034,-0.16466,0.02363
0.01033,-0.16587,0.02327
0.16051,-0.1653,0.01696
0.16052,-0.16714,0.02271
0.01033,-0.16661,0.02305
0.16052,-0.16759,0.02253
0.01033,-0.16704,0.02282
0.01032,-0.16517,0.01701
0.01032,-0.16815,0.02223
0.16051,-0.16871,0.02193
0.16051,-0.16905,0.02169
0.16051,-0.16569,0.01667
0.16051,-0.16585,0.01655
0.16051,-0.16974,0.02121
0.01032,-0.16535,0.01692
0.16051,-0.16648,0.01609
0.1605,-0.17069,0.02038
0.01032,-0.1659,0.01637
0.1605,-0.17153,0.01944
0.1605,-0.16695,0.01546
0.01031,-0.16646,0.01582
0.1605,-0.16707,0.0153
0.16049,-0.17209,0.01866
0.01031,-0.16655,0.01564
0.1605,-0.16736,0.01491
0.16049,-0.17227,0.01841
0.0103,-0.17155,0.019
0.0103,-0.1717,0.01872
0.16049,-0.17288,0.01731
0.0103,-0.1723,0.01762
0.0103,-0.17256,0.01714
0.16049,-0.1731,0.01676
0.01029,-0.17258,0.0171
0.16048,-0.17336,0.01614
0.1605,-0.16786,0.01353
0.1605,-0.16766,0.01408
0.1605,-0.16752,0.01445
0.01031,-0.16699,0.01477
0.01031,-0.16717,0.01442
0.01031,-0.16726,0.01384
0.01029,-0.17315,0.01525
0.01029,-0.17277,0.01645
0.01029,-0.17321,0.01503
0.0103,-0.16742,0.01288
0.01029,-0.17331,0.014
0.01028,-0.17343,0.01288
0.16047,-0.17395,0.01256
0.16048,-0.17374,0.0147
0.16048,-0.1739,0.01368
0.16049,-0.16791,0.01255
0.16047,-0.17396,0.01242
0.0103,-0.16727,0.01191
0.16049,-0.16793,0.01206
0.01028,-0.17329,0.01149
0.01028,-0.17321,0.01074
0.01028,-0.17307,0.01026
0.0103,-0.16717,0.01133
0.01028,-0.17271,0.00905
0.0103,-0.167,0.01098
0.16049,-0.16781,0.01158
0.16049,-0.16767,0.01101
0.01028,-0.17219,0.00791
0.01028,-0.17261,0.00871
0.0103,-0.16655,0.01011
0.16049,-0.16758,0.01064
0.16047,-0.17364,0.00992
0.16047,-0.17327,0.00871
0.16047,-0.17374,0.01041
0.16047,-0.17311,0.00835
0.16047,-0.17277,0.00756
0.16049,-0.16707,0.00979
0.16047,-0.17387,0.01116
0.01028,-0.1716,0.0068
0.16047,-0.17213,0.00647
0.01028,-0.17157,0.00676
0.16047,-0.17211,0.00644
0.0103,-0.16647,0.00993
0.01028,-0.1708,0.00582
0.16049,-0.16682,0.00937
0.0103,-0.16591,0.00938
0.16049,-0.16697,0.00962
0.16047,-0.17074,0.00477
0.16049,-0.16646,0.00904
0.0103,-0.16536,0.00882
0.16047,-0.17138,0.00546
0.01028,-0.16996,0.00489
0.16047,-0.17051,0.00454
0.01028,-0.17021,0.00509
0.16049,-0.16573,0.00838
0.16049,-0.16588,0.00851
0.16047,-0.16955,0.00373
0.16047,-0.16907,0.00341
0.16047,-0.1685,0.00303
0.1605,-0.16485,0.00796
0.01031,-0.16431,0.00829
0.0103,-0.16519,0.00873
0.16048,-0.16737,0.00246
0.01028,-0.1686,0.00376
0.01028,-0.16854,0.00373
0.01028,-0.16794,0.0034
0.01028,-0.16683,0.0028
0.01029,-0.16664,0.0027
0.16048,-0.16717,0.00238
0.01029,-0.16564,0.00239
0.01031,-0.16396,0.00811
0.16048,-0.16619,0.00202
0.1605,-0.16441,0.00775
0.1605,-0.16449,0.00779
0.01031,-0.16339,0.00802
0.01031,-0.16242,0.00786
0.1605,-0.16392,0.00768
0.16048,-0.16511,0.00175
0.01029,-0.1646,0.00207
0.1605,-0.16296,0.00453
0.16048,-0.16496,0.00171
0.01029,-0.16443,0.00206
0.01031,-0.16242,0.00486
0.0103,-0.16192,0.0019
0.0103,-0.16317,0.00193
0.0103,-0.16243,0.00185
0.16049,-0.16296,0.00153
0.16049,-0.16371,0.00155
0.16049,-0.16245,0.00154
0.01031,-0.16066,0.00202
0.1605,-0.1612,0.00167
0.01031,-0.16028,0.00207
0.1605,-0.16082,0.00175
0.16051,-0.16198,0.00763
0.1605,-0.16295,0.00754
0.01032,-0.16145,0.00801
0.16051,-0.16142,0.00783
0.01032,-0.16087,0.00811
0.1605,-0.15996,0.00194
0.01032,-0.15823,0.00268
0.16051,-0.15877,0.00235
0.01031,-0.15944,0.00232
0.01032,-0.15821,0.00269
0.01032,-0.15712,0.00327
0.16051,-0.15763,0.0029
0.16051,-0.16059,0.00812
0.16051,-0.16105,0.00796
0.01032,-0.16052,0.00828
0.01032,-0.15965,0.00873
0.01033,-0.15947,0.00881
0.16051,-0.1602,0.00841
0.01033,-0.15631,0.00371
0.01033,-0.15605,0.00392
0.16052,-0.15656,0.00357
0.16052,-0.15685,0.00339
0.16052,-0.15558,0.00436
0.16052,-0.15941,0.009
0.01033,-0.15507,0.00472
0.16052,-0.16004,0.00853
0.01033,-0.15892,0.00937
0.01033,-0.15463,0.00507
0.16052,-0.15518,0.00476
0.01034,-0.15419,0.00561
0.16053,-0.15469,0.00525
0.01034,-0.15338,0.00658
0.16053,-0.15391,0.00625
0.16052,-0.15894,0.00963
0.16052,-0.15883,0.00978
0.01033,-0.15836,0.00992
0.01033,-0.15828,0.01009
0.01034,-0.1533,0.00668
0.01034,-0.15327,0.00674
0.01035,-0.15276,0.00767
0.01034,-0.15783,0.01097
0.16052,-0.15854,0.01017
0.16054,-0.15325,0.00732
0.16053,-0.15837,0.01064
0.16053,-0.15381,0.00642
0.01035,-0.15226,0.0086
0.01035,-0.15225,0.00864
0.01035,-0.1522,0.0088
0.01036,-0.15183,0.01
0.01034,-0.15765,0.01132
0.01036,-0.15162,0.01068
0.01028,-0.16899,0.00408
0.01028,-0.17341,0.01275
0.16048,-0.1737,0.01493
0.0103,-0.17152,0.01906
0.01031,-0.17096,0.01974
0.01031,-0.17019,0.02067
0.01032,-0.16917,0.0215
0.01032,-0.16852,0.02203
0.01034,-0.16454,0.02367
0.01034,-0.16447,0.02369
0.01034,-0.16341,0.02379
0.01034,-0.1624,0.02088
0.01035,-0.1624,0.02388
0.01035,-0.16114,0.02376
0.01035,-0.16025,0.02367
0.16053,-0.1614,0.01729
0.01037,-0.15544,0.02133
0.01034,-0.15827,0.01563
0.01037,-0.15223,0.01707
0.01037,-0.15221,0.01702
0.01037,-0.15197,0.0162
