1,2,3
1,4,2
5,4,1
5,1,6
1,7,8
8,9,1
1,9,7
10,6,1
1,3,10
11,1,12
11,13,1
13,14,1
14,12,1
15,1,16
15,17,1
17,18,1
16,1,18
19,20,1
19,1,21
21,1,20
19,10,20
21,20,10
14,10,12
11,12,10
16,18,10
17,10,18
6,10,3
6,2,22
6,22,5
6,3,2
4,22,2
4,5,22
23,7,9
23,8,7
9,5,23
24,23,5
24,8,23
2,24,10
2,25,24
24,5,26
8,24,27
25,27,24
24,26,10
28,24,29
28,30,24
30,31,24
31,29,24
32,33,24
32,24,34
34,24,33
28,29,8
31,8,29
34,33,8
32,8,33
2,10,26
2,26,5
8,10,34
32,34,10
10,17,32
8,32,15
17,15,32
31,10,35
30,10,31
31,35,8
14,35,10
14,8,35
10,30,11
2,11,30
30,36,2
30,25,36
30,28,25
37,36,25
37,2,36
28,27,37
28,37,25
37,38,2
37,27,38
39,2,38
39,38,27
28,40,39
28,39,27
39,41,2
39,40,41
4,40,42
40,4,43
40,44,2
40,2,45
40,27,5
8,40,5
27,40,8
43,46,40
46,42,40
47,48,40
47,40,49
49,40,50
28,13,40
13,51,40
51,41,40
40,52,53
52,40,54
54,40,55
53,55,40
56,40,57
56,58,40
44,40,58
40,59,57
59,40,60
40,61,62
61,40,63
64,63,40
62,65,40
66,40,67
66,68,40
25,40,68
48,50,40
25,67,40
64,40,69
45,70,40
65,69,40
71,40,70
71,60,40
59,60,25
71,25,60
71,27,72
71,72,25
27,71,73
74,73,71
70,74,71
74,72,73
72,74,25
70,25,74
27,73,72
45,25,70
46,27,42
42,75,4
42,27,75
76,4,75
76,75,27
43,4,76
76,77,2
43,76,2
76,27,77
78,2,77
78,77,27
46,78,27
46,25,78
78,79,2
78,25,79
43,2,79
43,79,25
53,27,55
54,55,27
65,4,69
4,65,27
62,27,65
66,67,27
67,80,27
67,25,80
81,27,80
81,80,25
81,82,83
82,81,84
81,83,66
84,81,66
2,85,81
81,86,2
81,87,88
88,89,81
90,81,89
87,81,91
92,93,81
27,81,93
81,25,86
94,81,95
94,96,81
96,95,81
92,81,85
90,91,81
90,4,97
4,90,98
5,99,90
90,97,5
100,90,82
100,101,90
101,66,90
90,83,82
90,66,83
102,103,90
90,52,102
52,90,104
91,90,103
92,98,90
90,105,94
94,106,90
106,107,90
105,90,107
89,104,90
92,90,99
89,66,104
52,104,66
92,99,66
5,66,99
106,66,107
105,107,66
66,94,105
66,106,82
94,82,106
25,97,4
25,5,97
4,98,82
92,82,98
91,103,82
102,82,103
102,87,82
102,52,4
102,4,108
102,108,2
2,87,102
108,4,109
27,2,108
108,109,27
110,109,4
110,27,109
52,110,4
110,5,111
52,5,110
110,111,27
54,27,111
54,111,5
100,84,101
101,84,66
84,100,82
87,91,82
92,85,82
2,82,85
96,82,95
94,95,82
92,66,93
82,96,66
94,66,96
112,2,86
112,86,25
82,2,112
82,112,4
25,4,112
27,93,66
87,2,113
25,88,87
87,113,25
114,113,2
114,25,113
2,27,114
88,114,27
88,25,114
88,66,89
88,53,66
27,53,88
4,115,48
47,4,48
50,48,115
4,47,115
50,115,47
64,69,4
116,25,45
116,45,2
116,117,118
117,116,2
119,59,116
25,116,59
118,119,116
118,59,119
118,117,57
59,118,57
117,2,56
57,117,56
44,58,4
56,44,4
56,2,44
120,64,4
64,5,63
120,5,64
121,122,120
122,123,120
120,4,124
120,124,2
121,120,2
120,61,5
123,61,120
123,122,125
125,126,123
62,123,126
61,123,62
126,127,128
129,62,126
129,126,130
130,126,131
125,131,126
130,131,128
125,128,131
125,130,128
130,125,121
121,129,130
129,121,25
129,132,27
62,129,27
129,25,132
132,133,4
4,27,132
132,25,133
124,4,133
124,133,25
122,121,125
121,2,134
121,134,25
124,25,134
124,134,2
50,135,49
50,47,135
5,49,135
5,135,47
66,5,68
25,68,5
66,53,52
61,63,5
56,4,58
52,54,5
51,2,41
51,136,2
51,5,136
13,5,51
137,2,136
137,136,5
137,138,4
11,137,4
11,2,137
137,5,138
13,4,138
13,138,5
47,49,5
25,46,43
8,13,28
2,139,25
27,25,139
2,5,139
27,139,5
10,5,21
19,21,5
19,140,10
19,4,140
19,141,4
19,5,141
10,4,141
10,141,5
140,142,10
143,140,4
140,143,142
143,10,144
10,143,4
2,145,143
143,144,2
142,143,145
2,144,145
142,145,144
144,10,142
10,8,16
15,16,8
13,8,14
13,11,4
8,5,9
146,147,148
147,149,148
149,147,150
150,147,151
147,152,151
152,147,146
150,153,149
151,154,150
146,150,154
150,146,153
149,153,155
156,153,148
148,153,146
156,155,153
155,157,149
158,159,155
155,156,158
157,155,159
160,161,159
159,158,160
159,162,157
163,162,159
159,161,163
161,160,164
164,165,161
161,165,166
166,163,161
167,163,166
166,168,167
169,168,166
166,170,169
171,170,166
166,165,171
170,171,172
173,172,171
171,165,173
173,165,169
169,174,173
173,174,175
175,176,173
172,173,176
176,175,177
177,178,176
179,176,178
176,179,172
172,179,180
181,180,179
179,182,181
178,182,179
183,181,182
184,182,178
182,184,183
185,184,178
183,184,186
187,184,185
187,186,184
188,186,187
186,188,189
189,190,186
186,190,183
189,191,190
187,190,191
185,190,187
190,185,183
191,189,192
192,193,191
194,191,193
191,194,187
187,194,188
194,195,196
193,195,194
196,188,194
188,196,192
196,195,197
197,192,196
192,197,198
199,198,197
197,200,199
201,200,197
197,195,201
200,201,202
202,201,203
203,201,195
195,204,203
203,204,198
203,205,202
206,205,203
203,199,206
198,199,203
206,199,200
200,207,206
206,207,208
208,205,206
209,210,208
208,207,209
211,205,208
208,210,211
212,213,211
211,210,212
214,205,211
211,213,214
209,213,212
213,209,207
207,214,213
214,207,202
202,205,214
212,215,209
216,215,212
212,217,216
218,217,212
212,210,218
219,220,218
221,218,220
217,218,221
218,210,219
209,215,219
219,215,216
219,210,209
216,220,219
220,222,221
223,221,222
221,224,217
225,224,221
221,223,225
226,224,225
225,227,226
227,225,228
228,225,223
152,229,228
228,151,152
154,151,228
228,229,227
228,230,154
223,230,228
152,230,231
146,230,152
231,230,223
154,230,146
227,229,231
231,232,227
223,232,231
231,229,152
222,232,223
232,222,226
226,227,232
226,216,217
217,224,226
220,216,226
226,222,220
202,207,200
204,195,193
193,198,204
198,193,192
192,189,188
185,177,181
181,183,185
178,177,185
180,181,177
180,174,172
174,180,175
177,175,180
174,169,170
172,174,170
164,168,169
169,165,164
167,168,164
167,233,162
162,163,167
158,233,167
167,160,158
164,160,167
233,234,157
157,162,233
156,234,233
233,158,156
234,148,149
149,157,234
148,234,156
235,236,237
237,238,235
237,239,238
240,241,237
237,242,240
243,242,237
237,236,243
239,237,244
237,245,246
245,237,241
246,244,237
247,244,246
248,244,247
239,244,248
246,249,247
249,250,247
251,247,250
248,247,251
249,246,252
253,249,252
254,249,253
254,255,249
250,249,256
249,257,256
249,255,257
257,255,254
258,257,259
259,257,260
257,261,260
254,261,257
258,262,257
256,257,263
257,264,263
264,257,262
262,258,265
266,262,265
267,268,262
262,269,267
270,269,262
262,266,270
262,268,264
269,270,271
270,266,271
265,271,266
241,271,265
241,272,271
271,272,269
272,273,267
273,272,241
267,269,272
273,274,267
241,274,273
274,275,276
275,274,241
276,267,274
267,276,277
277,276,278
278,276,275
279,278,275
278,279,277
277,279,280
280,279,281
275,281,279
281,282,280
282,281,283
283,281,275
284,285,283
285,286,283
287,283,241
241,283,275
288,289,283
283,290,288
291,290,283
292,293,283
283,294,292
289,294,283
283,286,291
295,296,283
283,293,295
296,297,283
283,298,282
297,298,283
299,284,283
283,300,299
287,300,283
242,301,287
287,240,242
287,241,240
302,287,301
287,302,300
302,301,300
303,301,242
301,304,305
301,305,250
301,303,304
300,301,306
250,306,301
307,306,308
308,306,264
306,307,309
306,310,264
306,311,310
311,306,250
306,309,312
306,312,300
313,309,291
291,309,314
315,312,309
309,316,315
313,316,309
317,314,309
309,307,317
316,286,318
286,316,313
315,316,318
315,318,319
319,318,286
319,286,285
285,320,319
321,319,320
319,321,315
322,319,323
319,324,323
324,319,325
319,322,326
326,325,319
327,328,325
325,328,324
326,329,325
329,327,325
325,330,331
330,325,332
333,332,325
325,334,333
335,336,325
335,325,331
334,325,337
338,325,336
338,337,325
338,336,326
335,326,336
339,337,338
337,339,340
340,334,337
339,341,340
341,342,340
333,334,340
342,343,340
333,340,343
342,344,345
342,346,344
347,342,345
342,348,349
348,342,347
342,349,350
350,343,342
341,346,342
347,351,352
352,353,347
347,353,348
345,351,347
351,344,354
352,351,354
345,344,351
355,354,344
354,355,352
344,356,355
355,356,352
357,358,356
352,356,358
356,344,346
356,346,357
358,357,359
359,357,360
357,331,361
357,346,331
360,357,361
362,359,360
360,361,362
359,362,363
364,363,362
362,361,364
364,365,363
365,364,361
331,366,365
361,331,365
363,365,366
366,331,367
366,367,363
368,369,367
352,367,369
367,352,359
363,367,359
367,331,368
370,368,331
368,370,369
369,370,371
370,331,330
371,370,330
372,369,371
371,330,372
352,369,372
372,373,352
374,373,372
372,330,374
375,374,330
374,375,373
375,330,376
375,376,377
375,377,378
373,375,378
329,376,379
380,379,376
329,381,376
376,382,380
376,378,382
376,381,378
383,384,376
383,376,385
330,385,376
386,376,384
386,377,376
376,387,388
387,376,389
376,388,389
376,390,391
390,376,392
376,391,392
376,393,394
394,395,376
376,395,393
376,396,397
396,376,398
376,397,398
399,398,397
399,397,396
399,400,401
401,387,399
399,396,400
398,399,387
382,400,396
382,401,400
396,387,401
396,401,382
396,398,387
402,394,393
402,393,395
403,402,387
395,387,402
402,404,394
402,403,404
382,394,404
382,404,403
394,403,387
394,382,403
394,387,395
405,392,391
405,391,390
392,405,387
406,387,405
405,390,407
405,407,406
378,407,390
378,406,407
390,387,406
390,406,378
390,392,387
378,388,387
378,389,388
387,389,378
408,409,387
409,410,387
411,408,387
387,412,411
413,387,414
412,387,413
387,386,415
387,415,382
416,387,410
373,387,352
352,387,417
418,417,387
373,418,387
386,387,419
382,419,387
414,387,416
420,387,421
420,422,387
422,423,387
421,387,423
424,409,408
408,425,424
426,425,408
408,411,426
427,426,411
425,426,427
412,428,427
429,427,428
427,429,425
411,412,427
428,430,429
429,430,425
431,425,430
431,430,432
433,432,430
434,430,428
434,433,430
434,435,433
428,412,434
434,412,436
436,435,434
437,438,436
436,439,437
413,436,412
440,435,436
441,442,436
436,443,441
436,438,440
439,436,442
443,436,413
444,431,439
439,431,445
439,446,444
445,437,439
447,446,439
439,448,447
448,439,449
442,449,439
450,449,451
452,451,449
449,450,448
449,442,452
448,450,453
451,453,450
453,451,454
453,455,448
454,455,453
455,454,381
454,452,381
451,452,454
455,431,456
381,431,455
456,457,455
448,455,457
458,457,456
457,458,448
456,447,458
448,458,447
431,444,456
456,444,446
446,447,456
452,441,381
441,452,442
437,445,459
459,445,431
432,459,431
438,459,432
459,438,437
443,378,381
381,441,443
413,378,443
432,440,438
435,440,432
432,433,435
329,431,381
431,329,322
425,431,322
460,327,425
425,322,460
425,461,424
425,462,461
463,462,425
425,327,463
464,463,465
463,466,465
462,463,464
467,463,327
466,463,467
467,468,466
466,468,469
470,465,466
469,471,466
466,471,470
471,469,472
464,470,471
472,464,471
473,474,472
472,467,473
468,467,472
472,469,468
464,472,474
474,475,464
474,473,476
476,475,474
477,475,476
464,475,477
476,478,477
479,477,478
477,479,464
409,479,480
481,480,479
478,482,479
479,482,481
479,409,483
484,464,479
479,483,484
481,482,485
485,486,481
480,481,486
486,485,487
486,488,480
487,488,486
487,485,489
490,487,489
488,487,409
409,487,490
490,489,491
490,492,409
491,492,490
493,491,494
485,494,491
492,491,493
491,489,485
495,493,494
496,493,495
493,496,492
409,496,497
498,497,496
409,492,496
496,495,498
499,498,379
379,498,495
497,498,499
499,379,500
500,497,499
500,379,501
500,386,409
409,497,500
501,386,500
501,380,386
380,501,379
501,502,503
503,504,501
383,501,504
501,383,502
505,502,506
505,507,502
503,502,507
333,506,502
502,383,333
508,509,506
510,506,509
508,506,511
512,513,506
512,506,510
333,343,506
513,505,506
514,511,506
514,506,343
510,515,352
352,516,510
509,515,510
510,516,512
516,517,518
517,516,352
516,513,512
518,513,516
517,505,518
513,518,505
507,505,517
507,517,503
503,517,352
519,515,509
352,515,519
520,521,519
352,519,521
509,508,519
519,508,520
520,511,521
508,511,520
522,523,521
521,511,522
521,523,352
352,523,524
525,524,523
523,514,525
522,514,523
525,526,524
526,525,514
524,526,527
350,526,343
350,527,526
514,343,526
528,524,527
527,350,528
524,528,352
352,528,353
529,353,528
528,350,529
350,349,529
529,349,353
514,522,511
383,504,386
503,386,504
352,386,503
495,494,379
327,379,494
482,327,494
482,494,485
480,488,409
484,483,461
461,483,409
461,462,484
464,484,462
327,482,467
473,467,482
482,476,473
482,478,476
465,470,464
409,424,461
323,460,322
323,328,460
328,327,460
423,530,421
382,421,530
420,421,382
423,420,530
382,530,420
423,422,531
423,531,420
386,531,422
386,420,531
420,386,422
413,414,378
414,416,382
382,378,414
418,386,417
373,378,418
386,418,378
416,410,386
386,382,416
386,419,415
382,415,419
352,417,386
409,386,410
386,380,382
386,378,377
384,532,386
383,386,532
384,382,532
383,532,382
383,382,384
383,385,329
330,329,385
329,333,383
379,327,329
358,359,352
353,349,348
335,331,346
346,341,335
339,335,341
339,338,335
338,326,335
333,329,332
330,332,329
322,329,326
328,323,324
315,321,312
320,312,321
320,285,284
533,312,320
320,284,533
300,312,533
533,284,300
314,290,291
290,314,317
317,288,290
317,289,288
317,307,289
313,291,286
250,534,311
534,310,311
534,256,535
250,256,534
536,534,535
536,310,534
537,536,535
537,538,536
536,539,540
540,310,536
536,541,539
541,536,538
538,542,543
538,543,544
538,545,541
546,547,538
538,544,546
537,542,538
548,549,538
538,547,548
538,549,550
538,550,545
551,542,537
552,553,542
553,554,542
555,542,554
552,542,556
542,555,543
551,556,542
557,551,558
551,557,559
560,561,551
551,559,560
556,551,562
563,562,551
561,563,551
537,558,551
263,310,558
263,558,537
558,540,557
558,310,540
564,563,561
563,564,565
565,562,563
561,566,564
565,564,566
566,561,560
567,565,566
560,567,566
567,568,565
569,568,567
567,560,569
570,571,568
568,572,570
573,574,568
568,574,575
576,573,568
568,577,578
568,578,579
580,577,568
568,581,580
582,565,568
568,583,582
584,585,568
568,579,584
568,569,581
568,585,576
568,571,586
586,583,568
575,572,568
575,574,587
587,543,575
575,543,588
588,572,575
572,588,589
589,588,543
554,589,555
589,543,555
589,570,572
570,589,554
543,587,546
546,587,574
583,552,590
552,583,586
590,582,583
556,590,552
562,590,556
582,590,562
586,553,552
553,586,571
573,576,546
547,546,576
576,585,547
571,554,553
554,571,570
578,577,591
577,580,592
592,591,577
593,592,557
557,592,580
591,592,593
557,594,593
595,593,594
593,595,591
595,596,578
591,595,578
594,596,595
597,598,596
596,594,597
578,596,598
598,597,599
598,600,578
601,600,598
599,602,598
603,598,602
598,604,601
598,605,604
598,606,605
607,606,598
598,608,607
609,608,598
598,603,609
603,602,610
610,611,603
603,611,612
613,603,614
612,614,603
615,616,603
609,603,616
603,613,615
617,611,610
610,618,617
618,610,602
618,599,619
619,617,618
602,599,618
619,599,597
597,620,619
619,620,557
619,557,540
621,617,619
622,621,619
619,623,622
624,623,619
540,624,619
624,540,539
539,625,624
624,626,627
624,628,626
615,628,624
623,624,622
624,629,622
627,629,624
624,625,616
616,615,624
616,625,539
629,627,630
627,626,631
631,630,627
622,629,630
630,632,633
631,632,630
630,633,622
632,614,633
622,633,614
631,634,632
632,634,626
614,632,635
635,632,628
626,628,632
635,613,614
613,635,615
628,615,635
634,631,626
621,612,611
611,617,621
621,614,612
614,621,622
557,620,597
616,636,608
539,636,616
608,609,616
636,637,607
637,636,539
607,608,636
637,638,606
539,638,637
606,607,637
639,638,539
638,639,605
605,606,638
539,640,639
641,639,640
639,641,604
604,605,639
640,541,641
541,642,641
641,642,601
601,604,641
642,643,600
541,643,642
600,601,642
643,541,545
643,550,578
578,600,643
545,550,643
541,640,539
597,594,557
585,584,548
548,547,585
579,578,550
584,579,549
550,549,579
581,569,557
557,580,581
549,548,584
562,565,582
574,573,546
557,569,560
560,559,557
546,544,543
263,537,535
263,535,256
310,263,264
307,308,644
289,307,644
644,294,289
294,644,645
645,644,308
645,292,294
646,645,308
292,645,646
293,646,647
646,293,292
647,646,308
308,648,647
295,647,648
647,295,293
649,648,308
296,648,649
648,296,295
308,650,649
649,650,277
277,651,649
649,651,298
649,298,297
649,297,296
298,651,652
652,651,277
652,282,298
277,280,652
652,280,282
264,650,308
264,277,650
303,242,243
243,304,303
653,305,304
653,304,243
236,305,653
653,243,236
654,655,305
654,305,236
305,251,250
305,655,251
656,251,655
656,655,235
655,654,235
251,656,248
248,656,238
235,238,656
236,657,654
657,235,654
235,657,236
300,284,299
277,268,267
268,277,264
658,265,258
241,265,658
259,658,258
658,259,241
659,660,261
260,261,660
261,254,659
660,659,241
241,659,661
661,659,254
253,661,254
661,253,241
660,259,260
241,259,660
252,246,662
662,253,252
241,253,662
241,662,245
245,662,246
248,238,239
663,664,665
665,666,663
667,666,665
665,668,669
668,665,664
669,670,665
665,670,667
667,670,671
671,670,669
672,667,671
671,673,672
671,669,674
675,664,671
675,671,676
673,671,664
674,676,671
663,677,673
673,664,663
672,673,677
677,663,678
677,679,672
680,679,677
677,681,680
681,677,682
678,682,677
682,678,683
683,684,682
682,684,681
684,685,686
686,687,684
684,687,688
684,689,685
684,690,689
684,683,690
684,688,681
691,688,687
692,681,688
693,688,691
688,694,692
695,694,688
688,693,695
685,692,694
692,685,689
689,696,692
692,696,681
680,696,689
681,696,680
695,693,697
697,693,698
691,698,693
698,699,697
699,698,700
700,698,691
701,702,700
703,700,702
700,703,699
691,701,700
703,704,705
703,705,706
706,699,703
702,704,703
707,705,704
704,708,707
708,704,709
710,709,704
704,702,710
709,710,711
712,711,710
712,710,702
705,707,712
712,706,705
702,701,712
706,712,701
713,712,707
712,713,711
713,714,715
708,714,713
707,708,713
715,716,713
716,711,713
717,716,715
718,711,716
716,717,718
708,718,717
708,709,718
711,718,709
708,717,719
715,719,717
719,720,708
719,721,720
722,721,719
719,715,722
723,724,721
721,725,723
726,725,721
724,720,721
721,722,726
727,726,728
725,726,727
728,726,722
728,724,723
720,724,728
728,729,727
723,729,728
722,714,728
728,714,720
730,731,729
731,727,729
732,730,729
729,733,732
723,733,729
730,734,735
734,730,736
735,731,730
732,736,730
736,737,734
737,736,738
738,736,732
738,739,737
739,738,740
741,740,738
732,733,738
738,733,741
742,743,741
741,733,742
743,744,741
745,741,744
741,745,740
744,746,745
747,746,744
743,748,744
749,744,748
744,749,747
747,750,751
751,746,747
750,747,752
749,752,747
753,752,749
752,753,754
752,754,750
750,754,755
755,754,756
757,756,754
754,753,757
756,757,758
758,757,759
759,757,753
755,760,759
755,759,749
761,759,762
762,759,760
759,761,758
753,749,759
761,763,764
761,764,765
762,763,761
765,758,761
758,765,756
756,765,760
766,760,765
765,764,766
767,766,764
768,762,766
760,766,762
766,767,768
767,769,770
770,771,767
767,771,772
764,769,767
772,768,767
773,772,771
774,768,772
772,773,775
772,775,776
772,776,774
769,777,774
769,774,776
768,774,777
777,769,764
764,763,777
777,763,762
762,768,777
776,770,769
770,776,775
775,778,770
775,779,780
775,780,778
779,775,773
780,779,781
781,779,773
782,781,783
784,781,782
781,784,780
773,783,781
785,786,783
787,783,786
783,788,782
788,783,787
785,783,773
787,789,788
790,789,787
786,791,787
792,787,791
787,792,790
793,790,792
794,790,793
790,794,795
795,789,790
796,794,797
795,794,796
793,797,794
793,798,797
796,797,798
799,796,798
798,800,799
800,798,801
793,801,798
802,803,801
801,803,800
801,793,792
801,792,802
802,804,805
804,802,806
805,807,802
802,799,806
807,803,802
796,799,802
796,802,792
807,808,800
809,808,807
807,805,809
800,803,807
808,809,806
806,809,810
811,810,809
809,805,811
811,812,813
811,813,810
812,811,804
811,805,804
814,813,812
815,816,812
812,804,815
812,816,814
814,816,817
818,817,816
816,815,818
819,818,815
820,821,818
818,819,820
822,818,821
822,823,818
818,823,817
823,822,824
823,824,825
825,817,823
819,825,824
819,814,825
817,825,814
820,819,824
824,826,820
826,824,822
826,827,820
828,827,826
822,828,826
828,829,827
830,828,831
828,830,829
821,828,822
828,821,831
831,832,830
833,831,821
832,831,834
831,833,834
833,820,827
834,833,827
821,820,833
834,835,832
836,835,834
827,829,834
834,829,836
837,835,836
836,838,837
838,836,839
839,836,840
836,829,830
830,840,836
841,840,832
840,841,839
832,840,830
842,843,841
841,832,842
844,839,841
841,843,844
845,843,842
844,843,845
845,846,844
846,845,847
848,847,845
842,848,845
849,848,850
851,850,848
838,848,842
848,838,851
849,847,848
850,851,852
852,851,853
854,853,851
854,851,838
855,852,853
853,856,855
857,856,853
857,853,854
858,859,857
857,859,856
857,860,850
854,860,857
857,850,858
852,858,850
858,861,862
861,858,855
858,852,855
862,859,858
859,862,863
863,862,864
861,864,862
865,864,861
864,866,863
864,865,866
867,863,866
866,868,867
868,866,865
869,868,870
868,869,867
865,870,868
870,871,869
872,871,870
870,865,872
872,873,874
874,871,872
861,873,872
872,865,861
873,875,876
876,874,873
873,877,878
877,873,861
878,875,873
878,879,880
879,878,867
878,877,867
878,880,881
881,882,878
878,882,883
878,883,875
883,882,884
884,885,883
886,887,883
883,887,888
888,875,883
883,885,889
889,886,883
887,886,890
886,889,890
891,884,890
890,892,891
892,890,889
882,881,890
890,884,882
890,881,887
891,892,893
893,892,894
889,894,892
894,895,893
895,894,896
894,889,885
885,896,894
896,897,898
898,899,896
891,897,896
896,885,891
895,896,899
899,900,901
902,900,899
901,903,899
899,898,902
899,903,895
904,902,905
902,906,905
900,902,904
907,906,902
902,898,908
908,907,902
907,908,903
903,901,907
906,907,901
908,898,897
895,903,908
908,893,895
897,893,908
905,906,909
901,909,906
910,909,900
909,910,905
900,909,901
911,912,910
910,900,911
913,905,910
910,912,913
913,912,914
914,912,911
914,915,913
916,917,914
914,917,915
911,916,914
913,915,918
919,918,915
915,920,919
920,915,917
919,920,921
922,921,920
920,923,922
917,923,920
924,925,921
921,675,924
675,921,926
926,921,927
921,925,919
922,927,921
928,927,929
927,928,926
929,927,922
928,929,930
919,925,929
929,925,924
916,929,923
922,923,929
929,916,919
924,930,929
931,930,676
930,931,928
675,676,930
930,924,675
928,931,932
932,931,933
676,933,931
933,934,932
934,933,674
674,933,676
675,932,934
674,935,934
675,934,935
675,935,668
668,935,674
932,926,928
926,932,675
923,917,916
918,919,916
918,916,911
911,904,918
918,904,913
905,913,904
904,911,900
893,897,891
884,891,885
888,887,881
888,876,875
879,876,888
881,880,888
888,880,879
867,936,879
879,936,874
874,876,879
867,869,936
936,869,871
871,874,936
861,937,877
867,877,937
855,937,861
863,937,855
937,863,867
855,856,863
863,856,859
850,860,849
849,860,854
838,938,854
854,938,849
847,938,846
838,846,938
847,849,938
838,844,846
838,839,844
842,837,838
837,842,832
832,835,837
815,939,819
810,819,939
813,814,819
819,810,813
939,940,810
804,940,939
939,815,804
806,940,804
810,940,806
806,799,808
799,800,808
796,941,795
941,796,791
791,796,792
791,786,941
788,795,941
941,786,785
785,784,941
782,941,784
941,782,788
788,789,795
785,942,780
780,784,785
773,942,785
771,942,773
778,942,771
942,778,780
771,770,778
756,760,755
749,943,755
755,943,750
943,748,751
751,750,943
748,943,749
743,944,751
751,748,743
746,751,944
743,945,944
745,944,945
944,745,746
740,945,739
743,739,945
945,740,745
739,743,946
743,742,946
946,742,947
947,735,946
946,735,734
734,737,946
946,737,739
948,735,947
948,947,723
947,742,733
733,723,947
731,735,948
948,727,731
727,948,725
723,725,948
722,715,714
708,720,714
706,949,697
697,699,706
691,949,706
706,701,691
949,687,697
687,949,691
695,697,686
686,697,687
686,694,695
694,686,685
679,690,683
680,689,690
690,679,680
672,683,950
950,683,678
683,672,679
663,666,950
950,678,663
672,950,666
674,669,668
668,664,675
666,667,672
951,952,953
951,954,952
951,955,954
953,955,951
956,957,951
951,958,956
958,951,959
959,951,960
951,961,962
962,963,951
963,964,951
961,951,964
965,966,951
965,951,967
967,951,966
968,969,951
951,970,968
970,951,971
969,971,951
972,973,951
972,951,974
975,974,951
976,951,977
976,978,951
979,951,978
979,977,951
975,951,973
957,960,951
956,955,957
957,955,980
957,979,960
957,980,979
956,980,955
956,979,980
963,955,964
961,964,955
965,955,966
967,966,955
970,971,955
969,955,971
972,955,973
973,955,981
973,981,975
982,975,981
982,981,955
982,970,983
982,972,970
982,983,984
985,982,984
975,982,985
972,982,955
986,983,970
986,984,983
972,968,986
972,986,970
984,986,968
985,984,987
985,988,975
985,987,989
990,985,989
979,985,990
985,979,988
991,975,988
988,979,992
988,992,991
990,992,979
990,991,992
991,952,993
991,994,952
975,991,995
979,991,996
991,979,997
991,997,954
991,998,999
999,1000,991
1001,991,1000
991,993,998
1002,1003,991
1002,991,1004
1005,1004,991
1003,1006,991
989,1007,991
991,1008,989
1008,991,1009
1010,991,1007
990,995,991
954,996,991
1010,1009,991
1005,991,1006
1001,1011,991
994,991,1011
998,952,1012
952,998,979
953,998,1013
953,1014,998
954,979,998
998,1012,954
994,998,993
1015,998,1016
1015,1017,998
1017,1018,998
1019,998,1014
1019,1020,998
1020,1013,998
994,1021,998
1001,998,1021
1001,999,998
1022,1016,998
1022,998,1018
998,1023,1024
1023,998,1025
998,1024,1025
1022,1018,1023
1017,1023,1018
1013,1026,953
1013,1023,1026
1020,1023,1013
1020,953,1026
1020,1026,1023
979,1025,1024
979,1024,1023
1023,1025,979
952,1027,1023
1023,1017,952
953,1023,1028
1023,953,1029
1023,955,1030
1023,1031,955
1029,1032,1023
975,1033,1023
1023,1030,975
961,1023,1027
961,1022,1023
1031,1023,1034
1028,1023,1032
1035,1023,1033
1035,1034,1023
1035,953,1034
1031,1034,953
1027,1036,953
1027,952,1036
961,1027,953
961,1036,952
961,953,1036
953,1028,979
1028,1032,955
955,979,1028
1031,953,1035
1035,1033,979
1031,1035,979
1033,975,1037
1033,1037,979
1038,1037,975
1038,979,1037
1038,975,1030
1038,1030,955
1031,1038,955
1031,979,1038
1029,955,1032
979,1029,953
979,955,1029
1022,955,1039
1022,1039,979
1022,961,955
1022,979,1016
1039,1040,979
1039,954,1040
1039,955,1041
1039,1041,954
963,1041,955
963,954,1041
1015,979,1040
1015,1040,954
1015,1016,979
1001,1021,954
994,954,1021
1014,1042,952
1019,1014,952
1014,953,1042
1043,952,1042
1043,1042,953
952,1043,1019
953,1020,1043
1043,1020,1019
1015,952,1017
1015,962,952
962,1015,954
979,1012,952
979,954,1012
994,1011,954
1001,954,1011
1003,954,1006
1005,1006,954
1008,1009,954
1010,954,1009
975,995,954
990,954,995
994,993,952
1001,979,999
1001,1000,979
1005,954,1044
1005,1044,975
1005,975,1045
1005,979,1004
1005,1045,979
1046,1045,975
1046,979,1045
1002,1046,1047
1046,1048,1047
1049,1046,975
1046,1002,979
1046,1049,1048
1048,1050,1051
1047,1048,1052
1053,1052,1048
1053,1048,1054
1049,1054,1048
1053,1051,1052
1047,1052,1051
1054,1055,1053
1055,1054,1003
965,1054,1049
1054,965,1003
1055,1002,1053
1002,1055,1003
1047,1053,1002
1053,1047,1051
1049,1056,955
955,965,1049
1049,975,1056
1056,975,1044
1056,1057,955
1056,1044,954
1056,954,1057
967,1057,954
967,955,1057
1010,1058,975
1010,975,1059
1010,1007,979
1010,979,1058
1010,1059,954
984,975,1058
984,1058,979
1060,954,1059
1060,1059,975
970,955,1060
970,1060,975
1060,1061,954
1060,955,1061
969,954,1061
969,1061,955
979,996,997
954,997,996
989,979,1007
970,1008,1062
1008,970,1063
989,1008,968
954,968,1008
984,1064,1008
1008,987,984
1065,1066,1008
1008,1067,1065
1067,1008,1068
1069,1068,1008
990,1008,1064
990,1070,1008
987,1008,1070
1071,1069,1008
1063,1072,1008
1071,1008,1073
1062,1008,1074
1075,1074,1008
1066,1073,1008
1075,1008,1072
1063,968,1072
1075,1072,968
1066,968,1073
1071,1073,968
984,968,1064
990,1064,968
970,989,1075
1075,1063,970
1075,968,1063
1075,989,1074
1066,970,1076
1065,970,1066
1066,1076,968
1071,1076,970
1071,968,1076
1062,1074,989
1062,1077,970
1062,1078,984
1062,984,1077
1062,989,1078
1077,984,1078
1077,1078,989
989,970,1077
1071,970,1079
1071,984,1069
1071,1079,984
1080,1079,970
1080,984,1079
1065,1080,970
1080,1067,984
1065,1067,1080
1069,984,1081
1069,1081,989
1069,989,1068
1067,1081,984
1067,989,1081
987,1070,989
990,989,1070
1067,1068,989
1003,965,954
1002,1004,979
999,979,1000
972,990,968
990,972,954
989,968,1082
989,1082,984
979,989,984
970,1082,968
970,984,1082
975,984,970
976,977,955
977,1083,955
977,979,1083
1084,955,1083
1084,1083,979
1085,955,1084
1084,979,1086
1084,1086,954
1084,954,1087
1087,1085,1084
1085,976,955
976,1085,1088
1089,1085,1087
1088,1085,1089
1088,1090,976
1088,1089,1091
1090,1088,1091
976,1090,1091
1091,1087,976
1089,1087,1091
1087,954,976
978,1086,979
978,954,1086
959,960,979
975,955,1092
975,1092,979
955,975,1093
979,1093,975
975,954,974
955,1093,1092
979,1092,1093
958,1094,979
979,956,958
959,979,1094
958,954,1094
959,1094,954
976,954,978
972,974,954
968,954,969
965,967,954
962,961,952
962,954,963
958,959,954
955,953,954
953,952,954
1095,1096,1097
1096,1098,1097
1099,1098,1096
1100,1096,1095
1096,1100,1099
1098,1099,1101
1100,1101,1099
1101,1097,1098
1097,1101,1102
1101,1100,1103
1101,1103,1104
1104,1105,1101
1101,1105,1102
1106,1107,1102
1106,1102,1105
1107,1097,1102
1108,1097,1107
1100,1107,1103
1108,1107,1100
1109,1103,1107
1107,1106,1109
1103,1109,1110
1111,1110,1109
1109,1106,1111
1112,1110,1111
1113,1111,1106
1114,1111,1113
1111,1115,1116
1116,1112,1111
1111,1117,1115
1111,1114,1117
1113,1118,1114
1119,1114,1120
1120,1114,1118
1114,1119,1117
1121,1119,1122
1122,1119,1120
1121,1123,1119
1123,1117,1119
1124,1123,1125
1117,1123,1124
1126,1123,1121
1126,1125,1123
1127,1125,1126
1128,1129,1125
1124,1125,1129
1125,1127,1128
1128,1130,1129
1130,1128,1131
1132,1133,1128
1127,1132,1128
1131,1128,1133
1133,1132,1131
1132,1130,1131
1132,1127,1126
1126,1134,1132
1130,1132,1134
1126,1121,1134
1134,1129,1130
1135,1129,1134
1134,1121,1135
1135,1122,1116
1121,1122,1135
1135,1124,1129
1135,1116,1124
1124,1116,1115
1124,1115,1117
1122,1120,1116
1113,1136,1118
1118,1136,1120
1136,1113,1105
1120,1136,1112
1110,1112,1136
1136,1105,1110
1116,1120,1112
1117,1116,1137
1113,1106,1105
1110,1104,1103
1104,1110,1105
1108,1095,1097
1095,1108,1100
1138,1139,1140
1140,1141,1138
1142,1141,1140
1140,1143,1142
1140,1144,1143
1144,1140,1145
1146,1145,1140
1147,1140,1139
1140,1147,1146
1148,1146,1147
1139,1149,1147
1150,1147,1149
1148,1147,1150
1150,1151,1148
1152,1151,1150
1150,1153,1152
1154,1153,1150
1149,1154,1150
1151,1152,1155
1153,1156,1152
1157,1152,1156
1158,1152,1157
1158,1155,1152
1151,1155,1159
1159,1155,1160
1155,1158,1160
1160,1161,1162
1160,1162,1163
1161,1160,1158
1163,1164,1160
1164,1165,1160
1165,1166,1160
1167,1160,1166
1167,1159,1160
1168,1167,1169
1170,1169,1167
1167,1168,1171
1171,1172,1167
1172,1173,1167
1173,1159,1167
1166,1170,1167
1174,1169,1170
1170,1166,1175
1170,1176,1174
1170,1177,1176
1175,1177,1170
1178,1169,1174
1174,1176,1178
1179,1180,1178
1178,1176,1179
1180,1181,1178
1182,1178,1181
1169,1178,1182
1182,1183,1169
1183,1182,1184
1184,1182,1185
1181,1185,1182
1185,1186,1184
1187,1186,1185
1185,1181,1187
1188,1189,1185
1188,1185,1190
1190,1185,1191
1192,1185,1189
1192,1191,1185
1190,1191,1181
1192,1181,1191
1187,1192,1193
1193,1192,1194
1192,1179,1195
1195,1194,1192
1187,1179,1192
1196,1192,1197
1196,1198,1192
1181,1192,1198
1192,1189,1186
1192,1199,1200
1192,1201,1199
1202,1203,1192
1204,1202,1192
1203,1197,1192
1192,1200,1204
1186,1201,1192
1204,1200,1205
1200,1206,1207
1207,1201,1200
1208,1200,1201
1206,1200,1209
1209,1200,1208
1205,1200,1199
1204,1205,1210
1205,1211,1212
1210,1205,1212
1205,1199,1201
1201,1211,1205
1213,1211,1201
1211,1213,1212
1213,1188,1212
1201,1186,1213
1188,1213,1186
1204,1210,1214
1214,1210,1212
1214,1202,1204
1215,1214,1212
1203,1202,1214
1214,1215,1203
1216,1215,1217
1215,1216,1203
1217,1215,1212
1217,1218,1216
1219,1217,1212
1218,1217,1219
1218,1220,1221
1219,1220,1218
1221,1216,1218
1222,1223,1221
1224,1222,1221
1221,1225,1226
1221,1226,1227
1221,1228,1229
1229,1230,1221
1221,1223,1231
1221,1220,1232
1221,1203,1216
1233,1221,1231
1221,1234,1235
1221,1235,1236
1221,1236,1237
1221,1237,1228
1221,1238,1234
1221,1239,1238
1240,1221,1233
1221,1240,1224
1227,1239,1221
1241,1221,1242
1241,1243,1221
1203,1221,1243
1242,1221,1244
1232,1245,1221
1187,1244,1221
1187,1221,1246
1230,1246,1221
1221,1247,1225
1221,1245,1247
1187,1233,1244
1242,1244,1233
1248,1226,1225
1248,1225,1247
1227,1226,1248
1248,1249,1250
1251,1248,1250
1248,1251,1227
1247,1249,1248
1249,1247,1245
1245,1252,1249
1253,1250,1249
1249,1252,1253
1253,1254,1255
1255,1256,1253
1250,1253,1256
1252,1219,1253
1253,1257,1258
1257,1253,1259
1212,1259,1253
1212,1253,1219
1253,1258,1260
1253,1260,1254
1255,1254,1261
1262,1261,1254
1254,1260,1262
1261,1263,1255
1263,1261,1264
1265,1264,1261
1261,1262,1265
1266,1265,1262
1265,1266,1267
1264,1265,1268
1267,1268,1265
1269,1268,1267
1270,1267,1266
1267,1271,1269
1271,1267,1270
1266,1272,1270
1273,1270,1272
1270,1274,1271
1274,1270,1273
1275,1273,1276
1277,1273,1275
1273,1277,1274
1272,1276,1273
1276,1272,1278
1276,1279,1275
1279,1276,1280
1278,1280,1276
1278,1281,1258
1258,1257,1278
1281,1278,1272
1280,1278,1257
1260,1258,1281
1262,1281,1266
1272,1266,1281
1281,1262,1260
1282,1280,1283
1257,1283,1280
1280,1282,1279
1283,1284,1282
1285,1282,1284
1282,1285,1286
1286,1279,1282
1287,1288,1286
1286,1289,1287
1289,1286,1285
1279,1286,1288
1288,1275,1279
1290,1275,1288
1288,1291,1290
1291,1288,1287
1292,1291,1293
1287,1293,1291
1292,1290,1291
1292,1293,1294
1294,1295,1292
1296,1292,1297
1297,1292,1298
1292,1277,1290
1292,1274,1277
1292,1271,1274
1292,1269,1271
1292,1299,1269
1292,1300,1299
1292,1301,1300
1301,1292,1296
1295,1298,1292
1302,1298,1303
1295,1303,1298
1298,1304,1305
1297,1298,1305
1298,1306,1304
1298,1307,1308
1307,1298,1302
1298,1308,1309
1298,1309,1310
1298,1310,1306
1311,1306,1310
1311,1312,1306
1304,1306,1312
1311,1313,1314
1314,1312,1311
1310,1313,1311
1314,1313,1315
1315,1313,1310
1314,1315,1316
1309,1316,1315
1310,1309,1315
1316,1317,1314
1308,1317,1316
1316,1309,1308
1318,1317,1308
1314,1317,1318
1307,1319,1318
1318,1319,1314
1308,1307,1318
1314,1319,1320
1321,1320,1319
1319,1307,1321
1302,1321,1307
1302,1322,1321
1320,1321,1322
1323,1322,1324
1322,1323,1320
1302,1325,1322
1324,1322,1325
1326,1327,1322
1326,1322,1328
1328,1322,1329
1327,1329,1322
1322,1330,1331
1330,1322,1332
1322,1331,1332
1322,1333,1334
1334,1335,1322
1322,1335,1333
1322,1336,1337
1337,1338,1322
1322,1338,1336
1322,1339,1340
1340,1341,1322
1322,1341,1339
1324,1340,1339
1324,1339,1341
1340,1324,1341
1325,1340,1342
1343,1342,1340
1302,1344,1340
1343,1340,1344
1334,1340,1335
1334,1345,1340
1345,1346,1340
1328,1329,1340
1340,1347,1328
1347,1340,1348
1348,1340,1349
1350,1349,1340
1335,1340,1346
1340,1323,1350
1327,1340,1329
1340,1327,1323
1302,1340,1325
1344,1351,1343
1314,1343,1351
1343,1324,1342
1324,1343,1314
1352,1353,1351
1351,1353,1314
1351,1344,1352
1354,1352,1344
1354,1355,1352
1356,1353,1352
1352,1355,1356
1354,1357,1355
1355,1358,1356
1359,1358,1355
1355,1357,1359
1354,1360,1357
1357,1360,1361
1361,1359,1357
1354,1362,1360
1363,1360,1362
1363,1361,1360
1363,1364,1365
1365,1361,1363
1362,1364,1363
1366,1365,1364
1364,1362,1366
1296,1366,1362
1365,1366,1296
1359,1361,1365
1365,1358,1359
1358,1365,1367
1367,1365,1368
1368,1365,1296
1368,1369,1367
1369,1368,1297
1296,1297,1368
1370,1369,1371
1369,1370,1367
1371,1369,1297
1371,1372,1370
1372,1371,1373
1373,1371,1297
1373,1314,1372
1374,1373,1375
1375,1373,1297
1374,1314,1373
1376,1314,1374
1374,1377,1376
1375,1377,1374
1377,1375,1378
1378,1379,1377
1377,1379,1376
1376,1379,1380
1380,1379,1378
1381,1382,1380
1380,1382,1376
1378,1381,1380
1381,1378,1297
1382,1381,1383
1383,1381,1297
1384,1385,1383
1384,1383,1386
1383,1385,1382
1386,1383,1297
1376,1382,1385
1376,1385,1384
1386,1387,1384
1388,1387,1386
1389,1386,1297
1386,1389,1388
1390,1391,1389
1389,1392,1390
1392,1389,1297
1389,1391,1388
1387,1388,1391
1376,1387,1391
1391,1390,1376
1376,1390,1392
1392,1393,1376
1393,1392,1297
1394,1393,1305
1305,1393,1297
1394,1376,1393
1394,1395,1314
1314,1376,1394
1305,1395,1394
1314,1395,1396
1396,1395,1305
1396,1312,1314
1312,1396,1304
1305,1304,1396
1384,1387,1376
1378,1375,1297
1353,1370,1372
1372,1314,1353
1356,1358,1370
1370,1353,1356
1367,1370,1358
1362,1354,1296
1397,1398,1354
1398,1399,1354
1399,1400,1354
1401,1402,1354
1402,1397,1354
1344,1302,1354
1400,1403,1354
1296,1354,1403
1354,1302,1404
1404,1401,1354
1401,1404,1405
1402,1401,1406
1401,1405,1407
1407,1406,1401
1407,1408,1409
1409,1406,1407
1408,1407,1410
1407,1411,1410
1412,1413,1407
1407,1404,1412
1404,1407,1414
1411,1407,1405
1415,1416,1407
1415,1407,1417
1418,1417,1407
1419,1418,1407
1419,1407,1420
1416,1420,1407
1421,1407,1422
1421,1423,1407
1423,1424,1407
1422,1407,1424
1413,1414,1407
1414,1413,1425
1410,1425,1413
1412,1410,1413
1414,1425,1412
1410,1412,1425
1421,1422,1410
1424,1426,1422
1410,1422,1426
1410,1426,1421
1424,1421,1426
1411,1405,1404
1427,1411,1404
1427,1410,1411
1428,1410,1427
1427,1429,1428
1429,1427,1303
1302,1303,1427
1427,1404,1302
1430,1427,1431
1430,1432,1427
1432,1433,1427
1434,1427,1435
1434,1436,1427
1437,1427,1436
1438,1439,1427
1438,1427,1440
1440,1427,1441
1437,1442,1427
1435,1427,1442
1439,1441,1427
1431,1427,1433
1430,1431,1410
1410,1431,1443
1433,1443,1431
1433,1430,1443
1410,1443,1430
1410,1444,1439
1438,1410,1439
1441,1439,1444
1410,1438,1444
1441,1444,1438
1434,1435,1410
1435,1442,1404
1404,1410,1435
1433,1445,1430
1433,1432,1445
1404,1430,1445
1404,1445,1432
1441,1446,1440
1441,1438,1446
1404,1440,1446
1404,1446,1438
1437,1404,1442
1404,1437,1328
1437,1447,1328
1447,1437,1448
1437,1449,1450
1437,1450,1451
1452,1448,1437
1437,1436,1449
1437,1453,1452
1437,1451,1453
1454,1451,1450
1451,1454,1455
1455,1453,1451
1454,1456,1457
1457,1458,1454
1450,1456,1454
1455,1454,1458
1458,1457,1459
1458,1460,1455
1460,1458,1461
1459,1461,1458
1462,1459,1457
1461,1459,1463
1464,1463,1459
1459,1462,1464
1457,1465,1462
1466,1464,1462
1462,1467,1466
1467,1462,1465
1456,1468,1465
1465,1457,1456
1465,1469,1467
1469,1465,1468
1468,1434,1469
1436,1434,1468
1468,1449,1436
1449,1468,1456
1469,1470,1471
1470,1469,1434
1469,1471,1472
1472,1467,1469
1473,1471,1470
1473,1472,1471
1470,1415,1473
1473,1474,1475
1473,1475,1472
1476,1474,1473
1473,1477,1476
1477,1473,1415
1478,1474,1479
1474,1480,1479
1472,1480,1474
1474,1481,1472
1481,1474,1478
1482,1483,1474
1482,1474,1476
1483,1475,1474
1482,1466,1483
1483,1472,1475
1467,1472,1483
1483,1466,1467
1482,1476,1484
1484,1485,1482
1486,1482,1485
1482,1464,1466
1482,1463,1464
1482,1487,1463
1482,1488,1487
1482,1489,1488
1490,1491,1482
1482,1486,1490
1489,1482,1491
1489,1491,1492
1492,1493,1489
1488,1489,1493
1493,1492,1494
1493,1495,1488
1495,1493,1496
1494,1496,1493
1496,1494,1497
1497,1494,1498
1499,1498,1494
1494,1492,1499
1500,1501,1498
1498,1499,1500
1502,1498,1501
1498,1502,1497
1501,1503,1502
1502,1503,1504
1504,1505,1502
1497,1502,1505
1505,1504,1448
1505,1448,1497
1506,1504,1503
1504,1506,1507
1507,1448,1504
1508,1507,1509
1510,1509,1507
1511,1447,1507
1507,1512,1511
1513,1510,1507
1514,1515,1507
1515,1513,1507
1506,1514,1507
1507,1447,1448
1507,1508,1512
1512,1328,1516
1512,1508,1328
1516,1517,1512
1517,1518,1512
1518,1519,1512
1512,1519,1520
1512,1521,1522
1522,1511,1512
1512,1523,1521
1512,1524,1523
1512,1525,1524
1512,1526,1525
1512,1520,1526
1527,1520,1519
1527,1528,1520
1526,1520,1528
1527,1529,1530
1530,1528,1527
1519,1529,1527
1529,1531,1530
1531,1529,1519
1530,1531,1532
1532,1531,1518
1519,1518,1531
1532,1533,1530
1517,1533,1532
1518,1517,1532
1530,1533,1534
1516,1534,1533
1533,1517,1516
1534,1535,1530
1534,1516,1536
1536,1535,1534
1530,1535,1537
1537,1535,1536
1537,1538,1530
1539,1538,1537
1536,1539,1537
1539,1347,1540
1347,1539,1328
1539,1536,1328
1540,1538,1539
1540,1348,1530
1530,1538,1540
1348,1540,1347
1536,1516,1328
1530,1541,1528
1530,1542,1541
1543,1542,1530
1530,1544,1543
1545,1544,1530
1530,1546,1545
1546,1530,1547
1548,1547,1530
1549,1548,1530
1550,1530,1348
1530,1550,1551
1530,1552,1549
1551,1552,1530
1511,1552,1551
1511,1551,1553
1553,1551,1550
1447,1553,1554
1555,1554,1553
1553,1447,1511
1550,1556,1553
1553,1556,1555
1555,1557,1554
1348,1557,1555
1555,1556,1348
1557,1558,1559
1558,1557,1348
1559,1554,1557
1560,1561,1559
1559,1558,1560
1447,1554,1559
1447,1559,1561
1561,1560,1562
1562,1563,1561
1447,1561,1563
1564,1563,1565
1563,1564,1447
1562,1565,1563
1348,1565,1562
1565,1323,1566
1565,1566,1320
1565,1324,1350
1565,1350,1323
1567,1565,1568
1320,1568,1565
1565,1567,1564
1565,1348,1324
1567,1569,1570
1568,1569,1567
1570,1564,1567
1564,1570,1447
1570,1571,1447
1570,1569,1572
1572,1571,1570
1572,1569,1573
1573,1574,1572
1572,1574,1575
1575,1571,1572
1575,1576,1447
1571,1575,1447
1576,1575,1574
1328,1447,1576
1576,1577,1328
1577,1576,1578
1574,1573,1576
1576,1573,1578
1578,1568,1577
1568,1578,1573
1577,1326,1328
1320,1326,1577
1577,1568,1320
1573,1569,1568
1326,1566,1323
1326,1320,1566
1562,1560,1348
1348,1560,1558
1348,1556,1550
1511,1549,1552
1511,1579,1549
1580,1548,1549
1549,1579,1580
1511,1522,1579
1579,1522,1547
1547,1580,1579
1548,1580,1547
1547,1581,1546
1581,1547,1522
1521,1546,1581
1581,1522,1521
1545,1546,1521
1521,1523,1545
1544,1545,1523
1543,1544,1524
1523,1524,1544
1525,1542,1543
1543,1524,1525
1541,1542,1525
1528,1541,1526
1525,1526,1541
1582,1583,1508
1583,1584,1508
1328,1508,1585
1584,1585,1508
1586,1582,1508
1509,1587,1508
1587,1586,1508
1582,1586,1588
1586,1587,1589
1589,1588,1586
1590,1589,1587
1591,1589,1590
1589,1591,1592
1592,1588,1589
1593,1592,1591
1591,1594,1593
1594,1591,1595
1590,1595,1591
1596,1597,1595
1595,1590,1596
1595,1598,1594
1598,1595,1597
1599,1600,1597
1597,1596,1599
1597,1601,1598
1601,1597,1600
1602,1603,1600
1600,1599,1602
1600,1604,1601
1604,1600,1603
1603,1602,1605
1603,1606,1604
1606,1603,1607
1605,1607,1603
1607,1605,1608
1608,1605,1514
1605,1602,1515
1515,1514,1605
1608,1609,1607
1609,1608,1503
1503,1608,1506
1514,1506,1608
1503,1501,1609
1610,1609,1501
1611,1607,1609
1609,1610,1611
1612,1611,1610
1613,1610,1500
1610,1613,1612
1501,1500,1610
1612,1613,1614
1615,1612,1614
1611,1612,1615
1616,1615,1614
1606,1615,1616
1615,1606,1611
1617,1616,1614
1616,1604,1606
1604,1616,1617
1618,1617,1614
1601,1617,1618
1617,1601,1604
1598,1618,1619
1619,1618,1620
1618,1598,1601
1614,1620,1618
1620,1621,1622
1622,1623,1620
1621,1620,1624
1623,1625,1620
1626,1624,1620
1620,1627,1626
1625,1619,1620
1620,1628,1629
1628,1620,1490
1490,1620,1614
1620,1629,1630
1620,1630,1627
1631,1627,1630
1627,1631,1632
1627,1632,1633
1633,1626,1627
1633,1632,1634
1634,1635,1633
1626,1633,1635
1634,1636,1635
1635,1636,1637
1635,1637,1626
1634,1638,1636
1637,1636,1638
1638,1639,1637
1639,1638,1640
1634,1640,1638
1641,1642,1640
1643,1641,1640
1640,1634,1644
1645,1646,1640
1640,1646,1647
1640,1648,1639
1640,1649,1643
1640,1650,1645
1648,1640,1651
1651,1640,1642
1652,1649,1640
1653,1650,1640
1640,1654,1653
1655,1652,1640
1640,1656,1655
1657,1654,1640
1658,1656,1640
1640,1644,1657
1640,1647,1658
1642,1659,1660
1659,1642,1661
1662,1661,1642
1642,1641,1662
1642,1660,1651
1663,1664,1660
1665,1660,1664
1660,1666,1663
1667,1666,1660
1651,1660,1665
1668,1667,1660
1660,1659,1668
1667,1668,1669
1670,1669,1668
1668,1659,1670
1669,1670,1486
1670,1661,1486
1661,1670,1659
1669,1671,1666
1671,1669,1486
1666,1667,1669
1671,1672,1663
1672,1671,1486
1663,1666,1671
1664,1663,1672
1672,1673,1664
1486,1673,1672
1621,1673,1674
1674,1673,1485
1664,1673,1665
1673,1621,1624
1624,1665,1673
1485,1673,1486
1674,1675,1676
1677,1675,1674
1674,1678,1621
1676,1678,1674
1485,1679,1674
1674,1679,1677
1676,1680,1681
1680,1676,1675
1678,1676,1682
1681,1682,1676
1682,1683,1678
1683,1682,1684
1685,1684,1682
1682,1681,1685
1678,1683,1621
1683,1686,1621
1684,1686,1683
1686,1622,1621
1687,1622,1686
1686,1684,1687
1622,1687,1688
1689,1687,1684
1690,1688,1687
1687,1689,1690
1588,1592,1690
1688,1690,1592
1691,1690,1689
1690,1691,1588
1689,1692,1691
1691,1692,1583
1588,1691,1582
1583,1582,1691
1692,1689,1685
1685,1693,1692
1692,1693,1584
1584,1583,1692
1693,1694,1585
1681,1694,1693
1693,1685,1681
1585,1584,1693
1694,1681,1680
1680,1695,1694
1696,1585,1694
1694,1695,1696
1695,1680,1697
1697,1698,1695
1695,1698,1699
1699,1696,1695
1699,1698,1700
1328,1699,1701
1696,1699,1328
1700,1701,1699
1700,1698,1697
1697,1702,1700
1703,1700,1702
1701,1700,1703
1702,1704,1703
1705,1703,1704
1703,1706,1701
1706,1703,1705
1707,1705,1708
1704,1708,1705
1709,1705,1707
1705,1709,1706
1328,1709,1710
1328,1706,1709
1707,1710,1709
1328,1710,1711
1710,1707,1712
1712,1711,1710
1711,1712,1713
1713,1714,1711
1328,1711,1714
1714,1713,1418
1328,1714,1419
1418,1419,1714
1418,1713,1715
1713,1712,1716
1716,1715,1713
1409,1715,1717
1715,1409,1418
1715,1716,1718
1718,1717,1715
1719,1484,1717
1477,1717,1484
1717,1718,1719
1717,1477,1409
1485,1484,1719
1485,1719,1720
1720,1719,1718
1721,1720,1722
1485,1720,1721
1718,1722,1720
1722,1718,1716
1723,1722,1724
1716,1724,1722
1722,1723,1721
1725,1723,1708
1724,1708,1723
1726,1721,1723
1723,1725,1726
1708,1704,1725
1677,1725,1704
1679,1726,1725
1725,1677,1679
1485,1721,1726
1485,1726,1679
1708,1724,1707
1712,1707,1724
1724,1716,1712
1328,1701,1706
1704,1702,1677
1702,1697,1675
1675,1677,1702
1675,1697,1680
1585,1696,1328
1684,1685,1689
1688,1623,1622
1623,1688,1593
1592,1593,1688
1624,1648,1665
1651,1665,1648
1664,1727,1728
1727,1664,1729
1728,1729,1664
1730,1728,1727
1729,1728,1731
1728,1732,1731
1733,1728,1730
1728,1733,1734
1734,1732,1728
1735,1732,1734
1736,1731,1732
1732,1737,1736
1737,1732,1735
1734,1733,1735
1735,1733,1738
1739,1740,1735
1737,1735,1740
1741,1742,1735
1735,1743,1741
1744,1743,1735
1735,1742,1739
1735,1738,1744
1738,1733,1730
1745,1746,1738
1746,1747,1738
1738,1747,1748
1738,1730,1745
1749,1738,1750
1749,1751,1738
1738,1751,1752
1738,1753,1750
1738,1754,1753
1752,1755,1738
1744,1738,1755
1738,1748,1754
1756,1754,1748
1756,1748,1747
1754,1756,1757
1758,1757,1756
1756,1747,1758
1758,1759,1760
1746,1759,1758
1757,1758,1761
1760,1762,1758
1762,1761,1758
1747,1746,1758
1761,1763,1757
1764,1761,1762
1763,1761,1764
1765,1766,1764
1765,1764,1767
1768,1764,1769
1743,1764,1768
1770,1763,1764
1764,1766,1770
1762,1760,1764
1764,1760,1769
1764,1743,1744
1744,1767,1764
1771,1772,1769
1769,1772,1773
1769,1774,1775
1774,1769,1776
1777,1778,1769
1769,1778,1779
1773,1780,1769
1769,1779,1781
1769,1781,1768
1776,1769,1782
1759,1783,1769
1783,1782,1769
1784,1785,1769
1769,1785,1786
1769,1780,1777
1769,1760,1759
1786,1787,1769
1769,1775,1788
1769,1787,1789
1769,1788,1784
1789,1790,1769
1790,1771,1769
1791,1772,1771
1771,1792,1791
1792,1771,1790
1790,1793,1792
1792,1793,1794
1791,1792,1795
1792,1794,1795
1737,1795,1794
1794,1736,1737
1736,1794,1796
1796,1794,1797
1798,1797,1794
1799,1800,1794
1794,1793,1799
1801,1798,1794
1794,1802,1801
1802,1794,1800
1798,1785,1784
1785,1798,1801
1798,1784,1788
1788,1797,1798
1800,1787,1786
1787,1800,1799
1786,1801,1800
1800,1801,1802
1801,1786,1785
1789,1799,1793
1799,1789,1787
1797,1803,1796
1775,1803,1797
1797,1788,1775
1775,1796,1803
1736,1796,1804
1805,1804,1796
1796,1806,1805
1806,1796,1775
1807,1804,1808
1804,1807,1736
1804,1805,1808
1808,1774,1809
1774,1808,1805
1808,1810,1807
1809,1810,1808
1811,1812,1809
1809,1813,1811
1810,1809,1812
1776,1813,1809
1809,1774,1776
1814,1811,1813
1813,1776,1814
1811,1814,1736
1815,1736,1814
1814,1782,1815
1782,1814,1776
1782,1783,1815
1746,1815,1783
1736,1815,1746
1812,1807,1810
1736,1807,1812
1736,1812,1811
1805,1806,1774
1775,1774,1806
1795,1737,1791
1793,1790,1789
1816,1791,1737
1772,1791,1816
1816,1780,1773
1780,1816,1817
1816,1773,1772
1737,1817,1816
1818,1817,1737
1777,1817,1818
1817,1777,1780
1818,1737,1740
1740,1819,1818
1777,1818,1819
1739,1819,1740
1778,1819,1739
1819,1778,1777
1741,1768,1781
1742,1781,1779
1781,1742,1741
1783,1759,1746
1739,1779,1778
1779,1739,1742
1767,1820,1765
1744,1820,1767
1821,1822,1820
1820,1744,1821
1820,1822,1765
1822,1821,1755
1765,1822,1823
1755,1823,1822
1823,1824,1765
1825,1824,1823
1823,1755,1825
1826,1827,1824
1824,1825,1826
1824,1827,1828
1829,1765,1824
1824,1830,1829
1828,1830,1824
1828,1826,1831
1828,1827,1826
1828,1831,1752
1832,1828,1752
1828,1832,1830
1833,1831,1826
1833,1752,1831
1825,1833,1826
1825,1834,1833
1752,1833,1834
1825,1835,1834
1836,1834,1837
1752,1834,1836
1826,1837,1834
1834,1838,1839
1826,1834,1835
1834,1840,1841
1841,1842,1834
1834,1842,1840
1826,1835,1841
1825,1841,1835
1839,1841,1840
1839,1840,1842
1841,1839,1842
1826,1841,1755
1841,1825,1755
1841,1843,1844
1843,1841,1845
1841,1844,1845
1841,1846,1847
1846,1841,1848
1841,1847,1848
1841,1849,1850
1850,1851,1841
1841,1851,1849
1843,1849,1851
1843,1850,1849
1850,1843,1851
1852,1848,1847
1852,1847,1846
1853,1843,1852
1848,1852,1843
1852,1854,1853
1852,1846,1854
1755,1853,1854
1755,1854,1846
1846,1843,1853
1846,1853,1755
1846,1848,1843
1755,1844,1843
1755,1845,1844
1843,1845,1755
1855,1856,1843
1744,1855,1843
1821,1843,1856
1843,1821,1744
1855,1755,1856
1821,1856,1755
1855,1744,1755
1836,1837,1838
1826,1838,1837
1826,1836,1838
1836,1857,1752
1857,1836,1826
1857,1751,1858
1857,1826,1751
1858,1752,1857
1751,1859,1858
1860,1858,1830
1860,1752,1858
1858,1859,1829
1829,1830,1858
1861,1859,1751
1859,1861,1765
1765,1829,1859
1862,1861,1751
1861,1862,1765
1751,1754,1862
1862,1863,1766
1754,1863,1862
1766,1765,1862
1863,1757,1770
1757,1863,1754
1770,1766,1863
1830,1832,1860
1752,1860,1832
1751,1826,1752
1755,1752,1826
1763,1770,1757
1768,1741,1743
1749,1753,1754
1751,1749,1754
1754,1747,1750
1749,1750,1753
1727,1745,1730
1745,1727,1729
1729,1731,1745
1746,1745,1731
1731,1736,1746
1864,1662,1641
1662,1864,1486
1661,1662,1486
1865,1864,1649
1864,1865,1486
1641,1643,1864
1643,1649,1864
1649,1652,1865
1866,1865,1652
1865,1866,1486
1867,1866,1656
1866,1867,1486
1652,1655,1866
1655,1656,1866
1868,1867,1647
1867,1868,1486
1656,1658,1867
1658,1647,1867
1647,1646,1868
1869,1868,1646
1868,1869,1486
1870,1869,1650
1869,1870,1486
1646,1645,1869
1645,1650,1869
1870,1871,1486
1871,1870,1653
1650,1653,1870
1490,1486,1871
1871,1872,1490
1872,1871,1654
1653,1654,1871
1872,1873,1490
1873,1872,1657
1654,1657,1872
1490,1873,1874
1657,1644,1873
1644,1874,1873
1490,1874,1875
1634,1875,1874
1874,1644,1634
1875,1634,1876
1877,1878,1875
1875,1876,1877
1490,1875,1878
1490,1878,1879
1878,1877,1880
1880,1879,1878
1490,1879,1881
1879,1880,1882
1883,1881,1879
1879,1882,1883
1881,1883,1884
1884,1885,1881
1490,1881,1885
1490,1885,1628
1886,1628,1885
1885,1884,1886
1884,1883,1886
1886,1883,1882
1628,1886,1887
1880,1877,1886
1887,1886,1877
1882,1880,1886
1628,1887,1888
1877,1888,1887
1876,1634,1888
1631,1888,1634
1888,1629,1628
1888,1877,1876
1629,1888,1631
1624,1639,1648
1624,1637,1639
1624,1626,1637
1634,1632,1631
1631,1630,1629
1594,1619,1625
1625,1593,1594
1593,1625,1623
1619,1594,1598
1613,1889,1614
1889,1890,1614
1491,1614,1890
1614,1491,1490
1499,1890,1889
1890,1499,1492
1492,1491,1890
1500,1889,1613
1889,1500,1499
1607,1611,1606
1602,1599,1513
1513,1515,1602
1510,1513,1599
1599,1596,1510
1596,1590,1509
1509,1510,1596
1587,1509,1590
1497,1891,1496
1452,1891,1497
1497,1448,1452
1891,1455,1460
1460,1496,1891
1891,1452,1453
1453,1455,1891
1496,1460,1495
1487,1488,1495
1495,1461,1487
1461,1495,1460
1463,1487,1461
1484,1476,1477
1479,1892,1478
1893,1478,1892
1478,1894,1481
1894,1478,1893
1895,1893,1892
1893,1896,1894
1896,1893,1895
1895,1897,1896
1892,1898,1895
1897,1895,1899
1899,1895,1898
1898,1892,1900
1898,1901,1902
1901,1898,1250
1900,1250,1898
1903,1899,1898
1904,1903,1898
1905,1904,1898
1902,1905,1898
1906,1907,1902
1902,1907,1908
1902,1909,1906
1901,1909,1902
1908,1905,1902
1908,1910,1911
1911,1912,1908
1910,1908,1907
1905,1908,1912
1912,1911,1913
1913,1914,1912
1904,1912,1914
1912,1904,1905
1915,1916,1913
1913,1917,1915
1917,1913,1911
1914,1913,1916
1918,1919,1916
1920,1916,1919
1916,1915,1918
1916,1920,1914
1919,1897,1920
1899,1920,1897
1920,1899,1903
1903,1914,1920
1919,1918,1921
1921,1918,1397
1398,1397,1918
1918,1915,1398
1921,1922,1919
1922,1921,1406
1397,1402,1921
1406,1921,1402
1897,1919,1922
1922,1896,1897
1896,1922,1409
1406,1409,1922
1915,1917,1399
1911,1923,1917
1917,1923,1400
1400,1399,1917
1923,1911,1910
1910,1924,1923
1923,1924,1403
1403,1400,1923
1924,1910,1925
1925,1926,1924
1924,1926,1927
1927,1403,1924
1927,1926,1928
1403,1927,1296
1928,1929,1927
1296,1927,1929
1929,1928,1930
1930,1931,1929
1296,1929,1931
1931,1930,1932
1932,1933,1931
1296,1931,1933
1933,1932,1934
1296,1933,1301
1934,1301,1933
1935,1934,1936
1301,1934,1935
1934,1932,1937
1937,1936,1934
1936,1938,1935
1938,1936,1939
1936,1937,1940
1940,1939,1936
1941,1940,1937
1940,1941,1942
1942,1943,1940
1939,1940,1943
1941,1906,1909
1906,1941,1944
1937,1944,1941
1909,1942,1941
1932,1930,1944
1944,1937,1932
1945,1944,1930
1944,1945,1906
1945,1925,1907
1925,1945,1928
1930,1928,1945
1907,1906,1945
1256,1943,1942
1256,1946,1943
1943,1946,1939
1256,1255,1946
1263,1939,1946
1946,1255,1263
1256,1942,1909
1939,1263,1938
1947,1935,1938
1938,1264,1947
1264,1938,1263
1300,1935,1947
1268,1947,1264
1299,1947,1268
1947,1299,1300
1935,1300,1301
1928,1926,1925
1907,1925,1910
1399,1398,1915
1914,1903,1904
1909,1901,1256
1892,1948,1900
1240,1900,1948
1949,1250,1900
1241,1900,1240
1900,1241,1949
1250,1949,1950
1951,1950,1949
1949,1952,1951
1949,1233,1952
1242,1233,1949
1949,1241,1242
1250,1950,1953
1953,1950,1187
1950,1951,1954
1950,1954,1187
1954,1952,1233
1954,1951,1952
1233,1187,1954
1953,1955,1208
1956,1953,1208
1953,1187,1955
1250,1953,1956
1208,1246,1956
1956,1246,1230
1250,1956,1957
1230,1957,1956
1957,1229,1228
1230,1229,1957
1957,1228,1237
1957,1958,1250
1237,1958,1957
1958,1959,1250
1958,1237,1236
1958,1236,1235
1235,1959,1958
1959,1960,1250
1960,1959,1235
1960,1251,1250
1960,1235,1234
1251,1960,1238
1960,1234,1238
1246,1208,1955
1246,1955,1187
1951,1233,1961
1187,1951,1961
1951,1187,1962
1962,1233,1951
1962,1963,1203
1964,1963,1962
1233,1962,1965
1965,1962,1966
1177,1966,1962
1967,1962,1187
1968,1177,1962
1962,1967,1968
1962,1969,1964
1970,1969,1962
1970,1962,1971
1203,1971,1962
1177,1968,1972
1972,1968,1963
1967,1963,1968
1177,1972,1194
1194,1972,1963
1970,1971,1965
1203,1965,1971
1970,1965,1973
1970,1973,1974
1892,1970,1975
1974,1975,1970
1892,1969,1970
1974,1965,1976
1977,1974,1976
1233,1965,1974
1974,1977,1233
1203,1974,1973
1975,1974,1978
1203,1978,1974
1203,1977,1978
1975,1978,1977
1976,1979,1977
1233,1977,1980
1980,1977,1979
1975,1977,1981
1203,1981,1977
1979,1982,1980
1982,1979,1983
1979,1175,1983
1979,1976,1175
1983,1175,1166
1166,1165,1983
1983,1165,1982
1982,1165,1984
1984,1980,1982
1165,1985,1984
1980,1984,1233
1984,1986,1240
1233,1984,1240
1986,1984,1985
1984,1948,1987
1987,1988,1984
1203,1984,1988
1948,1984,1989
1203,1989,1984
1948,1989,1240
1203,1240,1989
1203,1988,1980
1987,1980,1988
1980,1987,1975
1892,1987,1948
1892,1975,1987
1224,1985,1165
1985,1224,1240
1240,1986,1985
1203,1980,1981
1975,1981,1980
1175,1976,1965
1203,1973,1965
1892,1964,1969
1964,1990,1963
1964,1193,1990
1964,1196,1193
1892,1196,1964
1203,1963,1990
1203,1990,1193
1187,1963,1967
1966,1175,1965
1175,1966,1177
1193,1963,1187
1963,1193,1194
1231,1961,1233
1961,1231,1163
1961,1163,1187
1250,1256,1901
1409,1894,1896
1894,1409,1408
1408,1481,1894
1212,1892,1479
1991,1892,1212
1892,1991,1196
1991,1992,1181
1181,1179,1991
1212,1992,1991
1196,1991,1179
1190,1181,1992
1190,1992,1188
1212,1188,1992
1481,1408,1470
1470,1472,1481
1993,1994,1480
1480,1994,1479
1480,1472,1993
1994,1993,1995
1993,1996,1997
1997,1995,1993
1996,1993,1472
1995,1997,1998
1995,1999,1994
1999,1995,2000
1998,2000,1995
2001,1998,1997
1998,2001,2002
2002,2003,1998
2000,1998,2003
2002,2001,2004
2003,2002,2005
2005,2002,2006
2004,2006,2002
2007,2004,2001
2004,2007,1303
2006,2004,1303
1429,2007,2008
2001,2008,2007
2007,1429,1303
2008,1997,1996
1997,2008,2001
1996,1428,2008
2008,1428,1429
2006,2009,2005
2009,2006,1303
2009,2010,2011
2011,2005,2009
2010,2009,1295
1303,1295,2009
2012,2011,2010
2010,1295,2012
2012,2013,2014
2014,2011,2012
2012,2015,2016
2016,2013,2012
2017,2015,2012
2012,1295,2017
2015,2018,2019
2019,2016,2015
1294,2018,2015
2015,2017,1294
1289,2019,2018
2018,1287,1289
1293,1287,2018
2018,1294,1293
2016,2019,2020
2021,2020,2019
2019,1289,2021
2021,1285,2022
2022,2023,2021
1285,2021,1289
2020,2021,2023
1259,2023,2022
2023,2024,2020
1259,2024,2023
1259,2025,2024
2024,2025,2026
2026,2020,2024
2027,2026,2025
2026,2027,2013
2020,2026,2016
2013,2016,2026
2025,2028,2027
2027,2028,2029
2029,2030,2027
2013,2027,2030
2030,2029,2031
2028,1479,2029
2031,2029,1479
2032,2031,1479
2031,2033,2030
2033,2031,2032
2034,2032,1479
2032,2035,2033
2035,2032,2034
1999,2034,1479
2034,2000,2035
2000,2034,1999
2036,2033,2035
2035,2003,2036
2003,2035,2000
2011,2014,2036
2033,2036,2014
2036,2005,2011
2005,2036,2003
2014,2030,2033
2030,2014,2013
2025,1259,2028
1479,2028,1212
1212,2028,1259
1259,2022,1284
1284,2022,1285
1295,1294,2017
1994,1999,1479
1428,1996,1470
1472,1470,1996
1415,1409,1477
1470,1410,1428
1410,1470,1408
1434,2037,1470
1415,1470,2037
1434,1410,2037
1415,2037,1410
1456,1450,1449
1438,1440,1404
1430,1404,1432
1404,1414,1412
1424,2038,1421
1424,1423,2038
1404,2038,1423
1404,1421,2038
1416,1404,1420
1404,1416,1410
1415,1410,1416
1418,1409,1417
1421,1404,1423
1419,1420,1404
1328,1419,1404
1415,1417,1409
1350,1324,1349
1346,1333,1335
1346,1345,2039
1346,2039,1334
1346,1334,1333
1324,2039,1345
1324,1334,2039
1348,1349,1324
1334,1324,1345
1325,1342,1324
2040,1337,1336
2040,1336,1338
1338,1323,2040
2041,2040,1323
2040,2042,1337
2040,2041,2042
1337,2041,1323
1324,2042,2041
1337,1324,2041
1324,1337,2042
1337,1323,1338
2043,1332,1331
2043,1331,1330
1332,2043,1323
2043,2044,2045
2043,1330,2044
2045,1323,2043
1330,1323,2045
1324,2045,2044
1330,2045,1324
1324,2044,1330
1330,1332,1323
1326,1323,1327
1314,1323,1324
1320,1323,1314
1268,1269,1299
1275,1290,1277
1259,1284,1283
1259,1283,1257
1252,1245,1232
1219,1252,1232
1251,1239,1227
1238,1239,1251
1247,2046,2047
1247,2047,1239
1239,1226,1247
2048,2046,1247
2048,1247,1226
2049,2047,2046
2048,2049,2046
2047,2049,2050
2050,2049,2051
2051,2049,2048
1172,2052,2051
2050,2051,2052
1172,2051,2053
2048,2053,2051
1172,2053,2054
2054,2053,2048
1172,2054,2055
2056,2055,2054
2048,2057,2054
2054,2057,2056
2056,2057,1226
1226,2057,2048
2056,2058,2055
1239,2058,2056
2056,1226,1239
2059,2055,2058
2058,2060,2059
2060,2058,2061
2058,1239,2061
2061,1239,2062
2062,1238,2061
2060,2061,1238
1229,1237,2062
2062,1246,1229
2062,2063,2064
2064,2065,2062
1220,2062,1239
2066,2062,1220
1208,2062,2065
2066,2063,2062
2062,1235,1238
2067,1246,2062
2062,1208,2067
2062,1237,1235
1172,2068,2063
1172,2063,2052
2063,2069,2064
2069,2063,2068
2066,2052,2063
2068,2070,2069
1172,1171,2068
2070,2068,1171
1171,2071,2070
2070,2071,1204
1216,2069,2070
2070,2072,1216
2070,1204,2072
2072,1204,1208
1216,2072,1208
1171,2073,2071
1204,2071,2073
1171,1206,2073
1209,2073,1206
2073,1209,1204
2065,2064,2069
2069,1216,2065
1246,2067,2074
2067,2075,2074
2067,1208,2075
2074,2075,2076
1163,2076,2075
2075,2077,1163
2077,2075,1208
1163,2077,1187
1208,1187,2077
2076,1162,2078
2076,1163,1162
2078,2074,2076
2079,2078,1162
2078,2079,1229
2074,2078,1246
1229,1246,2078
1162,2080,2079
1229,2079,2081
2081,2079,2080
2082,2080,2083
1162,2083,2080
2082,2081,2080
2084,2082,2083
1237,2082,2085
2082,2084,2085
2081,2082,1237
2059,2084,2083
2084,2059,2086
2086,2085,2084
2060,2086,2059
1235,2085,2086
1238,2086,2060
2086,1238,1235
2085,1235,1237
2055,2059,2083
2055,2083,1172
2083,1162,1161
1161,1172,2083
1237,1229,2081
2066,2087,2052
1220,2087,2066
2052,2087,2050
2050,2087,1220
2065,1216,1208
2050,1220,2047
1239,2047,1220
1232,1220,1219
1203,1243,1240
1241,1240,1243
1165,1164,1224
1164,1222,1224
1231,1223,1163
1223,1222,1164
1164,1163,1223
1201,1187,1208
1208,1204,1209
1171,1207,1206
1171,1168,1207
1207,1168,1201
1201,1168,1184
1184,2088,1201
1187,1201,2088
1184,1186,2088
2088,1186,1187
1194,1176,1177
1176,1194,1195
1203,1193,1197
1196,1197,1193
1181,1198,1179
1196,1179,1198
1179,1176,1195
1188,1186,1189
1180,1179,1187
1187,1181,1180
1184,1168,1183
1169,1183,1168
1173,1172,1158
1173,1158,1157
1173,1157,2089
2089,1159,1173
2089,2090,2091
2092,2090,2089
2093,2089,2091
2089,2094,2092
2094,2089,2095
2089,1157,2095
2093,2096,2089
1159,2089,2096
1159,2096,1151
1151,2096,2097
2096,2098,2099
2096,2099,2100
2096,2101,2102
2103,2101,2096
2104,2096,2105
2106,2105,2096
2097,2096,2107
2096,2104,2108
2107,2096,2108
2093,2109,2096
2096,2109,2103
2096,2102,2098
2100,2106,2096
2106,2110,2111
2106,2111,2098
2098,2110,2106
2105,2106,2100
2110,2098,2112
2110,2112,2100
2111,2110,2113
2100,2113,2110
2111,2113,2112
2100,2112,2113
2112,2098,2111
2105,2100,2114
2115,2114,2100
2115,2100,2099
2101,2098,2100
2116,2115,2098
2115,2116,2117
2117,2114,2115
2115,2099,2098
2118,2117,2119
2120,2119,2117
2121,1144,2117
2117,1144,2122
2123,2124,2117
2117,2116,2123
2117,2125,2114
2126,2127,2117
2117,2124,2126
2117,2122,2125
2127,2120,2117
2128,2117,2118
2117,2128,2121
2118,2129,2128
2128,2129,1153
2121,2128,2130
1153,2130,2128
2131,2121,2130
2131,2130,1153
2131,1143,1144
2131,1142,1143
1142,2131,2132
2132,2131,1153
1144,2121,2131
2132,1141,1142
1154,2132,1153
1141,2132,1154
2129,2133,1153
2134,2133,2129
2129,2118,2135
2129,2135,2134
2135,2118,2119
2119,2134,2135
2136,2134,2119
2133,2134,2136
2137,2136,2119
2138,2136,2137
2136,2139,2133
2136,2138,2139
2137,2140,2138
2138,2140,2141
2139,2138,1153
2141,1153,2138
1153,2141,2142
2142,2141,2140
2142,2143,2144
1156,2142,2144
1153,2142,1156
2140,2145,2142
2146,2143,2142
2142,2145,2146
2147,2145,2140
2147,2146,2145
2119,2148,2147
2119,2147,2137
2140,2137,2147
2146,2147,2148
2119,2149,2148
2148,2149,2150
2148,2143,2146
2148,2144,2143
2150,2144,2148
2144,2150,1156
1156,2150,2151
2151,2150,2149
2152,2151,2153
2149,2153,2151
2151,2152,1156
1156,2152,2154
2154,2152,2155
2153,2155,2152
2156,2157,2155
2158,2155,2157
2159,2155,2158
2155,2160,2156
2161,2160,2155
2155,2119,2161
2119,2155,2153
2155,2159,2154
2159,2158,2162
2162,2163,2159
2163,2154,2159
2164,2163,2162
2154,2163,2164
2162,2095,2164
2154,2164,1156
1156,2164,2095
2095,2162,2165
2165,2162,2158
2166,2165,2167
2158,2167,2165
2165,2166,2095
2167,2157,2166
2168,2166,2157
2095,2166,2168
2169,2168,2156
2157,2156,2168
2095,2168,2169
2156,2160,2169
2170,2169,2160
2095,2169,2170
2160,2161,2170
2170,2171,2095
2171,2170,2161
2095,2171,2092
2092,2171,2119
2161,2119,2171
2157,2167,2158
2153,2149,2119
2133,2139,1153
2119,2120,2092
2120,2127,2090
2090,2092,2120
2125,2122,2172
2122,2173,2174
2173,2122,1144
2174,2172,2122
2174,2175,2097
2176,2175,2174
2108,2172,2174
2097,2107,2174
2174,2107,2108
2174,2177,2176
2174,2173,2177
2175,2176,2178
2178,2176,1144
2176,2177,1144
2179,2178,2180
1144,2180,2178
2178,2179,2175
2097,2175,2179
2180,2181,2179
2097,2179,1148
2179,2181,1148
2181,2180,1145
1145,1146,2181
2181,1146,1148
1145,2180,1144
1144,2177,2173
2105,2172,2108
2172,2105,2125
2127,2126,2091
2091,2090,2127
2114,2125,2105
2126,2124,2182
2183,2124,2123
2183,2182,2124
2182,2091,2126
2182,2183,2093
2091,2182,2093
2109,2183,2123
2109,2093,2183
2123,2116,2101
2101,2109,2123
2116,2098,2102
2116,2102,2101
2103,2109,2101
2184,2185,2104
2104,2186,2184
2104,2185,2186
2105,2108,2104
2108,2186,2185
2184,2108,2185
2108,2184,2186
2097,1148,1151
2092,2094,2095
1157,1156,2095
1158,1172,1161
1154,1138,2187
1154,2187,1141
1138,1154,1149
1141,2187,1138
1149,1139,1138
2188,2189,2190
2190,2191,2188
2192,2191,2190
2190,2189,2193
2190,2194,2192
2193,2194,2190
2195,2196,2193
2193,2196,2197
2193,2189,2195
2197,2194,2193
2188,2198,2195
2195,2189,2188
2196,2195,2199
2199,2195,2198
2200,2201,2198
2198,2197,2200
2197,2198,2188
2198,2201,2199
2199,2201,2202
2202,2201,2200
2203,2204,2202
2202,2204,2199
2200,2205,2202
2202,2205,2203
2206,2205,2207
2207,2205,2208
2203,2205,2206
2208,2205,2200
2207,2209,2206
2206,2209,2210
2210,2211,2206
2206,2211,2203
2210,2209,2212
2212,2209,2207
2207,2204,2212
2212,2204,2203
2212,2213,2210
2214,2213,2212
2212,2211,2214
2203,2211,2212
2215,2216,2214
2214,2216,2217
2214,2211,2215
2217,2213,2214
2217,2218,2210
2210,2213,2217
2218,2217,2219
2219,2217,2216
2220,2219,2221
2219,2220,2222
2219,2223,2218
2222,2223,2219
2216,2221,2219
2224,2222,2225
2225,2222,2220
2223,2222,2224
2224,2226,2223
2225,2227,2224
2224,2227,2221
2221,2226,2224
2216,2215,2226
2226,2221,2216
2218,2223,2226
2226,2215,2218
2221,2227,2220
2220,2227,2228
2228,2227,2229
2229,2227,2225
2230,2231,2229
2229,2232,2230
2229,2231,2228
2232,2229,2233
2225,2233,2229
2232,2234,2235
2233,2234,2232
2235,2236,2232
2230,2232,2236
2235,2237,2238
2237,2235,2239
2234,2239,2235
2238,2236,2235
2240,2238,2241
2238,2240,2236
2241,2238,2237
2242,2241,2243
2241,2242,2240
2241,2244,2245
2245,2243,2241
2237,2244,2241
2242,2243,2246
2247,2243,2245
2246,2243,2248
2247,2248,2243
2248,2249,2246
2250,2251,2248
2249,2248,2251
2248,2247,2250
2252,2250,2253
2250,2252,2254
2250,2247,2255
2255,2253,2250
2254,2251,2250
2253,2255,2249
2246,2249,2255
2255,2245,2246
2245,2255,2247
2256,2254,2252
2257,2254,2256
2251,2254,2257
2256,2258,2257
2257,2258,2253
2253,2259,2257
2257,2259,2251
2249,2259,2253
2251,2259,2249
2253,2258,2252
2260,2258,2256
2252,2258,2261
2261,2258,2260
2261,2262,2263
2260,2262,2261
2261,2264,2252
2263,2264,2261
2265,2266,2263
2263,2266,2267
2267,2264,2263
2263,2262,2265
2265,2191,2192
2191,2265,2268
2260,2268,2265
2265,2262,2260
2192,2266,2265
2268,2269,2191
2269,2268,2267
2267,2268,2260
2270,2191,2269
2269,2266,2270
2267,2266,2269
2270,2266,2192
2192,2194,2270
2188,2191,2270
2270,2194,2188
2260,2264,2267
2266,2271,2272
2271,2266,2273
2274,2273,2266
2266,2275,2274
2276,2266,2272
2277,2275,2266
2266,2276,2278
2266,2278,2277
2277,2279,2280
2281,2279,2277
2277,2282,2275
2277,2278,2281
2277,2283,2282
2277,2284,2283
2284,2277,2280
2284,2280,2285
2285,2280,2286
2286,2280,2287
2287,2280,2279
2287,2288,2286
2288,2289,2286
2290,2286,2289
2285,2286,2291
2292,2291,2286
2286,2293,2292
2294,2293,2286
2286,2295,2294
2286,2290,2295
2290,2296,2297
2290,2297,2298
2299,2295,2290
2289,2299,2290
2294,2290,2298
2290,2294,2296
2300,2296,2298
2296,2300,2301
2298,2296,2301
2294,2297,2296
2299,2289,2301
2289,2283,2301
2301,2291,2298
2291,2301,2302
2301,2300,2299
2302,2301,2283
2278,2285,2302
2302,2303,2278
2302,2285,2291
2283,2304,2302
2302,2304,2303
2276,2305,2303
2281,2303,2305
2278,2303,2281
2306,2276,2303
2303,2304,2306
2304,2307,2306
2308,2276,2306
2308,2306,2307
2308,2307,2304
2276,2308,2309
2283,2309,2308
2283,2308,2304
2276,2309,2283
2310,2311,2305
2311,2312,2305
2305,2279,2281
2312,2279,2305
2305,2313,2310
2305,2276,2313
2272,2313,2276
2272,2310,2313
2311,2310,2314
2314,2310,2272
2315,2316,2310
2276,2310,2316
2276,2315,2310
2317,2318,2315
2319,2315,2318
2316,2315,2276
2315,2319,2320
2315,2320,2317
2319,2321,2317
2317,2316,2318
2316,2317,2320
2322,2321,2323
2321,2322,2324
2325,2321,2326
2321,2325,2327
2327,2323,2321
2324,2326,2321
2328,2329,2324
2324,2330,2328
2322,2331,2324
2331,2332,2324
2324,2333,2334
2335,2324,2334
2336,2337,2324
2330,2324,2332
2335,2338,2324
2333,2324,2338
2329,2319,2324
2324,2319,2326
2331,2337,2332
2330,2332,2337
2339,2334,2333
2339,2333,2340
2333,2338,2336
2333,2341,2342
2341,2333,2343
2344,2340,2333
2344,2333,2345
2333,2342,2343
2336,2345,2333
2346,2342,2341
2346,2343,2342
2347,2346,2341
2343,2346,2347
2346,2348,2282
2282,2349,2346
2350,2346,2349
2346,2351,2348
2350,2351,2346
2350,2282,2348
2350,2343,2282
2350,2349,2343
2350,2348,2351
2282,2312,2351
2351,2275,2282
2352,2351,2312
2275,2351,2352
2352,2353,2354
2355,2353,2352
2352,2312,2356
2356,2355,2352
2354,2357,2352
2274,2275,2352
2357,2274,2352
2357,2354,2274
2355,2358,2339
2355,2356,2358
2339,2353,2355
2358,2359,2339
2358,2356,2360
2360,2359,2358
2361,2359,2362
2362,2359,2360
2363,2359,2361
2364,2339,2359
2363,2364,2359
2365,2363,2366
2365,2367,2363
2367,2368,2363
2364,2363,2369
2361,2370,2363
2369,2363,2368
2366,2363,2370
2371,2372,2366
2371,2366,2370
2366,2372,2373
2373,2374,2366
2366,2374,2375
2365,2366,2375
2374,2376,2375
2376,2377,2375
2375,2377,2378
2378,2379,2375
2375,2379,2365
2380,2365,2379
2379,2381,2380
2381,2379,2382
2382,2379,2368
2379,2383,2384
2379,2378,2383
2379,2384,2385
2368,2379,2385
2386,2387,2385
2388,2385,2387
2388,2389,2385
2368,2385,2389
2390,2391,2385
2385,2384,2390
2385,2392,2393
2392,2385,2394
2391,2394,2385
2385,2395,2386
2385,2393,2395
2396,2389,2397
2389,2381,2397
2398,2389,2396
2389,2398,2399
2399,2368,2389
2381,2389,2388
2398,2400,2399
2354,2399,2400
2369,2368,2399
2399,2344,2369
2354,2344,2399
2398,2401,2400
2401,2402,2400
2400,2402,2354
2403,2402,2401
2354,2402,2273
2273,2402,2271
2402,2403,2271
2401,2404,2403
2405,2403,2404
2403,2405,2406
2403,2406,2271
2407,2271,2406
2322,2407,2406
2406,2405,2322
2407,2322,2323
2408,2409,2407
2272,2407,2409
2407,2323,2408
2271,2407,2272
2409,2408,2314
2314,2408,2410
2411,2410,2408
2327,2408,2323
2408,2327,2411
2411,2330,2412
2410,2411,2412
2411,2328,2330
2327,2413,2411
2413,2414,2411
2411,2414,2328
2414,2413,2415
2328,2414,2416
2414,2415,2416
2329,2415,2325
2413,2325,2415
2329,2416,2415
2416,2329,2328
2413,2327,2325
2412,2417,2410
2412,2330,2417
2417,2418,2419
2417,2420,2418
2420,2417,2421
2417,2419,2410
2364,2417,2330
2417,2364,2369
2369,2421,2417
2421,2422,2423
2423,2387,2421
2421,2387,2424
2331,2421,2369
2425,2421,2426
2421,2425,2420
2421,2331,2405
2424,2427,2421
2427,2426,2421
2405,2422,2421
2427,2424,2428
2426,2427,2429
2427,2428,2429
2430,2428,2431
2431,2428,2424
2428,2432,2423
2432,2428,2433
2433,2428,2430
2422,2429,2428
2422,2428,2423
2434,2433,2430
2435,2430,2431
2430,2436,2434
2437,2436,2430
2430,2435,2437
2436,2437,2387
2424,2387,2437
2437,2435,2424
2435,2431,2438
2436,2435,2438
2435,2439,2424
2440,2435,2436
2435,2440,2439
2424,2439,2441
2439,2440,2442
2443,2444,2439
2439,2444,2441
2439,2442,2445
2439,2445,2443
2444,2443,2446
2445,2446,2443
2446,2447,2444
2447,2446,2448
2449,2448,2446
2449,2446,2445
2449,2450,2451
2449,2452,2450
2449,2442,2452
2451,2448,2449
2449,2445,2442
2451,2450,2453
2448,2451,2453
2450,2454,2453
2448,2453,2447
2447,2453,2454
2447,2454,2455
2456,2455,2454
2454,2457,2456
2454,2440,2458
2452,2440,2454
2458,2457,2454
2454,2450,2452
2458,2387,2386
2387,2458,2440
2386,2459,2458
2457,2458,2459
2460,2461,2459
2459,2393,2460
2395,2393,2459
2459,2386,2395
2459,2461,2457
2457,2461,2460
2392,2460,2393
2392,2462,2460
2460,2462,2457
2462,2392,2463
2463,2464,2462
2462,2464,2457
2464,2465,2457
2464,2466,2465
2464,2467,2468
2468,2466,2464
2464,2469,2470
2464,2470,2471
2467,2464,2472
2471,2472,2464
2469,2464,2473
2463,2473,2464
2473,2463,2474
2469,2473,2475
2476,2473,2477
2473,2474,2477
2476,2475,2473
2475,2476,2478
2479,2478,2476
2477,2480,2476
2476,2481,2479
2480,2481,2476
2481,2480,2391
2480,2394,2391
2477,2474,2480
2480,2474,2394
2391,2378,2481
2479,2481,2378
2478,2479,2482
2378,2482,2479
2475,2482,2468
2468,2482,2483
2377,2482,2378
2482,2377,2484
2483,2482,2485
2484,2485,2482
2482,2475,2478
2485,2484,2486
2484,2377,2486
2487,2484,2488
2487,2489,2484
2489,2488,2484
2488,2490,2485
2487,2488,2485
2488,2489,2490
2487,2485,2490
2487,2490,2489
2489,2485,2486
2485,2489,2483
2486,2491,2489
2491,2492,2489
2483,2489,2492
2491,2487,2492
2483,2492,2487
2376,2491,2486
2487,2491,2376
2376,2483,2487
2376,2486,2377
2483,2493,2468
2483,2470,2493
2376,2494,2483
2433,2434,2483
2433,2483,2494
2434,2470,2483
2494,2432,2433
2432,2494,2390
2383,2390,2494
2494,2374,2383
2376,2374,2494
2495,2493,2496
2468,2493,2495
2497,2496,2493
2469,2493,2470
2469,2467,2493
2467,2472,2493
2493,2472,2497
2497,2472,2498
2497,2498,2499
2499,2500,2497
2497,2501,2496
2497,2500,2501
2502,2500,2503
2499,2503,2500
2504,2501,2500
2505,2500,2502
2500,2505,2504
2506,2505,2502
2507,2504,2505
2508,2505,2506
2505,2508,2507
2503,2507,2508
2503,2498,2507
2498,2495,2507
2509,2507,2495
2504,2507,2509
2510,2509,2495
2509,2510,2504
2510,2495,2511
2370,2510,2371
2511,2371,2510
2510,2370,2512
2510,2512,2504
2513,2504,2512
2512,2370,2513
2513,2514,2501
2501,2504,2513
2513,2362,2514
2362,2513,2361
2361,2513,2370
2501,2514,2515
2371,2514,2362
2514,2371,2515
2515,2511,2501
2515,2371,2511
2496,2501,2511
2511,2495,2496
2516,2508,2506
2503,2508,2516
2517,2516,2518
2516,2517,2519
2516,2520,2503
2516,2519,2520
2518,2516,2506
2518,2506,2521
2517,2518,2522
2522,2518,2521
2521,2506,2502
2521,2523,2522
2523,2521,2524
2502,2525,2521
2525,2524,2521
2524,2526,2523
2527,2526,2524
2528,2524,2525
2529,2524,2528
2529,2527,2524
2530,2527,2531
2526,2527,2530
2527,2532,2522
2529,2532,2527
2522,2531,2527
2530,2531,2533
2523,2531,2522
2523,2534,2531
2533,2531,2534
2533,2535,2530
2533,2534,2420
2536,2533,2420
2533,2536,2535
2537,2441,2535
2538,2535,2441
2538,2530,2535
2535,2536,2425
2535,2425,2537
2539,2537,2426
2424,2537,2539
2441,2537,2424
2426,2537,2425
2539,2431,2424
2540,2431,2539
2539,2426,2419
2539,2419,2540
2431,2540,2541
2540,2542,2541
2540,2419,2542
2541,2542,2538
2538,2542,2526
2526,2542,2418
2542,2419,2418
2541,2438,2431
2538,2438,2541
2441,2438,2538
2526,2530,2538
2536,2420,2425
2526,2418,2534
2526,2534,2523
2418,2420,2534
2543,2544,2532
2528,2543,2532
2528,2532,2529
2517,2522,2532
2544,2517,2532
2455,2544,2447
2447,2544,2543
2544,2545,2517
2544,2465,2545
2544,2457,2465
2457,2544,2546
2544,2455,2546
2546,2455,2543
2546,2543,2545
2546,2456,2457
2547,2456,2546
2546,2545,2547
2548,2547,2545
2548,2472,2547
2547,2472,2471
2547,2549,2456
2471,2549,2547
2543,2549,2550
2550,2549,2438
2455,2549,2543
2549,2471,2434
2434,2438,2549
2549,2455,2456
2550,2551,2552
2550,2552,2553
2554,2543,2550
2555,2554,2550
2556,2550,2438
2550,2556,2551
2550,2557,2555
2553,2557,2550
2557,2558,2555
2557,2553,2558
2559,2555,2558
2559,2558,2553
2559,2552,2551
2559,2553,2552
2554,2555,2559
2554,2559,2560
2551,2560,2559
2554,2560,2561
2562,2561,2560
2560,2563,2562
2560,2551,2563
2556,2562,2563
2556,2563,2551
2562,2551,2555
2555,2553,2562
2551,2562,2553
2556,2561,2562
2554,2561,2447
2556,2444,2561
2444,2447,2561
2551,2553,2555
2438,2444,2556
2447,2543,2554
2548,2465,2466
2465,2548,2545
2466,2472,2548
2564,2545,2543
2517,2545,2564
2543,2528,2564
2564,2528,2525
2519,2517,2564
2564,2525,2519
2525,2502,2519
2520,2519,2502
2502,2503,2520
2499,2498,2503
2498,2466,2468
2498,2472,2466
2468,2495,2498
2475,2467,2469
2475,2468,2467
2394,2474,2463
2471,2470,2434
2392,2394,2463
2440,2452,2442
2441,2444,2438
2387,2440,2436
2436,2438,2434
2388,2423,2432
2388,2432,2381
2381,2432,2384
2390,2384,2432
2429,2419,2426
2419,2429,2565
2565,2429,2566
2422,2566,2429
2566,2396,2565
2396,2566,2404
2405,2404,2566
2566,2422,2405
2565,2356,2311
2311,2419,2565
2356,2565,2360
2396,2360,2565
2387,2423,2388
2410,2419,2311
2314,2410,2311
2272,2409,2314
2405,2331,2322
2404,2401,2396
2396,2401,2398
2396,2397,2360
2360,2397,2567
2397,2381,2382
2397,2382,2567
2360,2567,2380
2380,2567,2367
2382,2367,2567
2378,2391,2390
2390,2383,2378
2384,2383,2374
2374,2381,2384
2368,2367,2382
2374,2568,2381
2380,2381,2568
2362,2360,2568
2568,2373,2362
2374,2373,2568
2568,2360,2380
2365,2380,2367
2372,2362,2373
2372,2371,2362
2369,2344,2331
2330,2569,2364
2569,2339,2364
2334,2339,2569
2345,2334,2569
2570,2345,2569
2570,2569,2330
2344,2345,2570
2570,2331,2344
2570,2337,2331
2570,2330,2337
2353,2344,2354
2274,2354,2273
2312,2311,2356
2341,2353,2339
2353,2341,2344
2282,2343,2349
2347,2341,2343
2571,2334,2345
2571,2345,2572
2345,2336,2572
2572,2336,2335
2572,2335,2571
2334,2571,2335
2339,2340,2341
2344,2341,2340
2325,2319,2329
2335,2336,2338
2325,2326,2319
2319,2318,2316
2316,2320,2319
2279,2312,2282
2293,2299,2300
2298,2292,2300
2293,2300,2292
2291,2292,2298
2294,2298,2297
2299,2294,2295
2294,2299,2293
2573,2283,2289
2573,2289,2574
2288,2575,2289
2575,2574,2289
2574,2575,2576
2577,2576,2575
2288,2577,2575
2578,2576,2577
2288,2287,2577
2287,2579,2577
2577,2579,2578
2580,2581,2578
2581,2576,2578
2580,2578,2582
2582,2578,2583
2579,2583,2578
2583,2579,2287
2287,2584,2583
2584,2585,2583
2582,2583,2586
2585,2586,2583
2585,2279,2282
2585,2282,2587
2586,2585,2587
2585,2287,2279
2585,2584,2287
2282,2588,2587
2582,2587,2588
2587,2582,2586
2588,2282,2573
2582,2588,2580
2573,2580,2588
2581,2580,2573
2574,2581,2573
2581,2574,2576
2283,2573,2282
2285,2278,2284
2284,2278,2276
2276,2283,2284
2252,2264,2256
2256,2264,2260
2589,2246,2245
2246,2589,2242
2245,2244,2589
2589,2244,2240
2240,2242,2589
2240,2244,2239
2239,2244,2237
2239,2236,2240
2239,2234,2230
2230,2236,2239
2230,2234,2590
2234,2233,2590
2590,2231,2230
2228,2231,2590
2590,2591,2228
2591,2590,2233
2233,2225,2591
2220,2591,2225
2228,2591,2220
2210,2218,2215
2215,2211,2210
2208,2204,2207
2199,2204,2208
2208,2592,2199
2200,2592,2208
2199,2592,2196
2197,2196,2592
2592,2200,2197
2188,2194,2197
2593,2594,2595
2594,2596,2595
2596,2594,2597
2598,2597,2594
2598,2594,2599
2593,2599,2594
2599,2600,2601
2598,2599,2601
2599,2602,2600
2602,2599,2593
2593,2596,2602
2596,2597,2602
2598,2602,2597
2602,2603,2604
2604,2600,2602
2602,2598,2603
2603,2605,2604
2605,2603,2601
2598,2601,2603
2606,2607,2605
2607,2604,2605
2606,2605,2601
2607,2606,2608
2609,2608,2606
2606,2610,2609
2610,2606,2600
2600,2606,2601
2611,2609,2610
2611,2610,2612
2610,2600,2604
2610,2604,2612
2612,2604,2607
2613,2612,2607
2611,2612,2613
2613,2607,2614
2611,2613,2615
2613,2614,2616
2616,2617,2613
2618,2615,2613
2619,2618,2613
2617,2619,2613
2617,2616,2620
2620,2621,2617
2619,2617,2621
2622,2621,2620
2621,2623,2619
2624,2623,2621
2621,2622,2624
2622,2625,2626
2626,2627,2622
2620,2625,2622
2624,2622,2627
2628,2627,2626
2627,2629,2624
2630,2629,2627
2627,2628,2630
2631,2632,2628
2628,2626,2631
2632,2630,2628
2632,2633,2634
2634,2635,2632
2635,2636,2632
2632,2637,2630
2636,2637,2632
2633,2632,2631
2634,2633,2638
2631,2639,2633
2639,2638,2633
2638,2640,2634
2641,2638,2639
2642,2640,2638
2638,2641,2642
2639,2643,2641
2641,2643,2644
2642,2641,2645
2644,2645,2641
2646,2647,2645
2645,2647,2642
2645,2648,2646
2648,2645,2644
2648,2614,2608
2644,2614,2648
2608,2646,2648
2647,2646,2649
2608,2649,2646
2608,2650,2649
2651,2649,2650
2649,2651,2647
2651,2652,2653
2653,2654,2651
2647,2651,2654
2650,2652,2651
2655,2653,2652
2652,2656,2655
2657,2656,2652
2652,2650,2657
2658,2655,2656
2659,2660,2656
2656,2660,2658
2656,2657,2659
2658,2661,2662
2661,2658,2663
2663,2658,2660
2662,2655,2658
2662,2661,2634
2664,2662,2634
2655,2662,2664
2665,2664,2634
2664,2653,2655
2653,2664,2665
2665,2654,2653
2640,2665,2634
2654,2665,2640
2663,2666,2661
2666,2663,2667
2667,2663,2668
2660,2668,2663
2669,2670,2668
2668,2671,2669
2671,2668,2660
2668,2670,2667
2670,2669,2672
2673,2667,2670
2672,2674,2670
2670,2674,2673
2673,2675,2676
2676,2667,2673
2677,2673,2674
2675,2673,2677
2675,2678,2634
2676,2675,2634
2677,2678,2675
2678,2679,2634
2680,2679,2678
2678,2677,2680
2679,2681,2634
2682,2681,2679
2679,2680,2682
2681,2682,2683
2683,2682,2684
2685,2684,2682
2682,2680,2685
2686,2685,2687
2687,2685,2680
2688,2684,2685
2685,2686,2688
2609,2686,2689
2609,2688,2686
2687,2689,2686
2609,2689,2672
2674,2672,2689
2689,2687,2674
2609,2690,2688
2684,2688,2690
2691,2690,2692
2693,2692,2690
2690,2609,2693
2690,2691,2684
2609,2611,2693
2693,2611,2694
2694,2695,2693
2693,2696,2692
2693,2695,2696
2697,2695,2698
2698,2695,2699
2695,2694,2699
2697,2696,2695
2700,2699,2701
2701,2699,2694
2699,2700,2698
2700,2702,2703
2701,2702,2700
2698,2700,2704
2703,2704,2700
2630,2703,2705
2630,2704,2703
2705,2703,2702
2630,2705,2706
2702,2707,2705
2706,2705,2707
2708,2707,2702
2707,2709,2706
2710,2709,2707
2707,2708,2710
2702,2701,2708
2711,2712,2708
2708,2701,2711
2710,2708,2712
2712,2711,2611
2712,2713,2710
2713,2712,2611
2713,2714,2715
2715,2710,2713
2714,2713,2611
2714,2716,2717
2717,2715,2714
2716,2714,2611
2718,2717,2716
2716,2719,2718
2719,2716,2611
2719,2720,2721
2721,2718,2719
2720,2719,2611
2720,2722,2723
2723,2721,2720
2722,2720,2611
2615,2722,2611
2722,2615,2724
2724,2723,2722
2724,2725,2726
2725,2724,2727
2726,2723,2724
2727,2724,2615
2727,2728,2725
2728,2727,2623
2623,2727,2618
2615,2618,2727
2623,2624,2728
2725,2728,2729
2629,2729,2728
2728,2624,2629
2729,2730,2725
2630,2730,2729
2630,2729,2629
2726,2725,2730
2730,2731,2726
2630,2731,2730
2732,2726,2731
2731,2733,2732
2630,2733,2731
2734,2732,2733
2733,2735,2734
2630,2735,2733
2736,2734,2735
2735,2737,2736
2630,2737,2735
2738,2736,2737
2737,2739,2738
2630,2739,2737
2709,2738,2739
2739,2706,2709
2630,2706,2739
2715,2738,2709
2717,2736,2738
2738,2715,2717
2718,2734,2736
2736,2717,2718
2721,2732,2734
2734,2718,2721
2723,2726,2732
2732,2721,2723
2709,2710,2715
2694,2711,2701
2711,2694,2611
2704,2630,2740
2704,2740,2698
2634,2741,2740
2634,2740,2742
2630,2742,2740
2698,2740,2741
2741,2743,2698
2744,2741,2634
2743,2741,2744
2744,2745,2743
2743,2745,2746
2698,2743,2697
2746,2697,2743
2696,2697,2746
2692,2746,2691
2746,2692,2696
2691,2746,2745
2745,2744,2747
2747,2683,2745
2745,2683,2691
2681,2747,2634
2747,2744,2634
2683,2747,2681
2634,2742,2635
2742,2748,2635
2742,2630,2749
2749,2750,2742
2748,2742,2750
2750,2751,2748
2751,2750,2749
2752,2748,2751
2636,2753,2751
2637,2636,2751
2754,2752,2751
2753,2754,2751
2637,2751,2749
2755,2756,2753
2753,2757,2755
2756,2754,2753
2757,2753,2636
2748,2758,2757
2759,2748,2757
2757,2758,2760
2759,2757,2636
2760,2755,2757
2759,2635,2748
2636,2635,2759
2755,2760,2756
2754,2756,2760
2758,2754,2760
2758,2748,2752
2758,2752,2754
2637,2749,2630
2684,2691,2683
2674,2687,2677
2680,2677,2687
2666,2676,2634
2667,2676,2666
2609,2672,2669
2609,2669,2671
2660,2659,2671
2609,2671,2659
2661,2666,2634
2609,2659,2657
2657,2608,2609
2608,2657,2650
2640,2642,2654
2654,2642,2647
2616,2614,2644
2644,2643,2761
2761,2762,2644
2644,2762,2616
2762,2761,2625
2625,2620,2762
2762,2620,2616
2625,2761,2631
2639,2631,2761
2761,2643,2639
2631,2626,2625
2618,2619,2623
2608,2614,2607
2596,2593,2595
2763,2764,2765
2765,2766,2763
2767,2766,2765
2768,2765,2764
2767,2765,2768
2768,2769,2767
2770,2767,2771
2767,2770,2772
2773,2767,2769
2767,2773,2774
2774,2771,2767
2767,2772,2766
2766,2772,2763
2772,2775,2776
2776,2763,2772
2770,2775,2772
2777,2775,2778
2775,2777,2779
2775,2779,2776
2775,2770,2778
2778,2770,2780
2781,2778,2780
2782,2778,2781
2778,2782,2777
2782,2783,2784
2783,2782,2785
2777,2782,2784
2781,2785,2782
2786,2785,2773
2787,2785,2786
2787,2783,2785
2785,2781,2773
2786,2788,2787
2789,2787,2788
2789,2783,2787
2784,2783,2789
2789,2790,2764
2791,2790,2789
2779,2784,2789
2788,2791,2789
2776,2779,2789
2792,2789,2764
2789,2792,2776
2793,2794,2789
2789,2795,2793
2795,2789,2794
2793,2792,2794
2795,2794,2792
2793,2795,2792
2796,2797,2795
2797,2798,2795
2798,2799,2795
2796,2795,2799
2798,2793,2799
2796,2799,2793
2793,2798,2796
2797,2796,2800
2801,2796,2798
2796,2801,2800
2801,2802,2800
2803,2800,2804
2805,2804,2800
2800,2802,2805
2797,2800,2803
2806,2797,2803
2806,2803,2807
2807,2803,2804
2798,2806,2807
2780,2807,2804
2807,2802,2798
2780,2802,2807
2798,2797,2806
2802,2780,2771
2805,2802,2771
2802,2801,2798
2771,2774,2805
2774,2804,2805
2804,2774,2780
2763,2776,2792
2792,2764,2763
2791,2786,2769
2769,2790,2791
2786,2791,2788
2764,2790,2768
2790,2769,2768
2769,2786,2773
2784,2779,2777
2771,2780,2770
2780,2774,2773
2780,2773,2781
2779,2808,2809
2808,2779,2810
2779,2811,2810
2812,2811,2779
2812,2779,2813
2809,2813,2779
2812,2813,2777
2809,2777,2813
2808,2814,2809
2815,2809,2814
2777,2809,2815
2816,2815,2817
2815,2818,2817
2815,2819,2812
2815,2812,2777
2814,2820,2815
2818,2815,2821
2822,2821,2815
2823,2822,2815
2815,2820,2823
2819,2815,2824
2824,2815,2825
2816,2825,2815
2825,2816,2826
2825,2826,2819
2825,2827,2828
2827,2825,2819
2825,2828,2824
2819,2828,2827
2819,2824,2828
2824,2827,2816
2827,2824,2829
2827,2830,2816
2827,2829,2830
2817,2829,2816
2829,2817,2831
2831,2832,2829
2829,2832,2833
2833,2826,2829
2816,2829,2826
2824,2830,2829
2834,2826,2833
2833,2835,2834
2836,2833,2832
2837,2833,2836
2833,2837,2835
2838,2839,2835
2835,2837,2838
2834,2835,2839
2839,2811,2834
2811,2839,2810
2839,2838,2840
2839,2840,2810
2838,2841,2840
2840,2841,2842
2840,2842,2843
2810,2840,2843
2840,2818,2844
2818,2840,2845
2817,2845,2840
2817,2840,2831
2831,2840,2844
2831,2844,2832
2844,2846,2847
2818,2846,2844
2832,2844,2836
2823,2820,2844
2844,2848,2823
2844,2847,2848
2844,2820,2849
2849,2836,2844
2823,2848,2847
2823,2847,2846
2849,2820,2814
2849,2814,2850
2849,2850,2851
2836,2849,2851
2843,2851,2850
2851,2843,2842
2852,2851,2842
2836,2851,2852
2852,2842,2841
2841,2853,2852
2836,2852,2853
2837,2853,2841
2836,2853,2837
2850,2854,2843
2854,2850,2814
2843,2854,2810
2810,2854,2855
2814,2855,2854
2810,2855,2808
2814,2808,2855
2822,2846,2848
2846,2821,2823
2821,2846,2818
2817,2810,2845
2818,2845,2810
2841,2838,2837
2826,2834,2812
2812,2834,2811
2824,2816,2830
2819,2826,2812
2822,2823,2821
2810,2817,2818
2856,2857,2858
2858,2859,2856
2859,2858,2860
2860,2858,2857
2861,2862,2858
2858,2863,2861
2863,2858,2864
2862,2864,2858
2865,2866,2858
2865,2858,2867
2867,2858,2866
2862,2857,2864
2863,2864,2857
2867,2866,2857
2865,2857,2866
2867,2857,2868
2867,2868,2860
2865,2867,2860
2869,2868,2857
2869,2860,2868
2870,2869,2857
2869,2871,2872
2869,2872,2860
2870,2871,2869
2871,2860,2857
2873,2860,2871
2874,2873,2871
2875,2874,2871
2871,2857,2875
2876,2871,2877
2876,2878,2871
2878,2877,2871
2870,2879,2871
2879,2872,2871
2878,2860,2877
2876,2877,2860
2879,2860,2872
2860,2879,2865
2865,2879,2870
2878,2857,2880
2876,2857,2878
2878,2880,2860
2862,2880,2857
2862,2860,2880
2876,2863,2857
2863,2876,2875
2876,2874,2881
2876,2881,2875
2876,2860,2874
2881,2882,2875
2881,2856,2882
2881,2883,2856
2881,2874,2883
2884,2856,2883
2884,2883,2874
2884,2885,2856
2884,2873,2885
2886,2873,2884
2886,2884,2874
2887,2856,2885
2887,2885,2873
2887,2888,2859
2861,2887,2859
2861,2856,2887
2887,2873,2888
2861,2859,2888
2861,2888,2873
2861,2886,2860
2874,2860,2886
2861,2873,2886
2863,2875,2882
2863,2882,2856
2875,2889,2859
2875,2859,2890
2874,2875,2856
2856,2875,2857
2873,2875,2891
2875,2873,2892
2893,2894,2875
2893,2875,2895
2895,2875,2894
2896,2875,2897
2896,2898,2875
2898,2899,2875
2900,2875,2899
2901,2902,2875
2875,2903,2901
2903,2875,2904
2904,2875,2905
2875,2906,2907
2906,2875,2908
2892,2908,2875
2907,2891,2875
2909,2875,2910
2909,2911,2875
2912,2875,2911
2875,2912,2913
2875,2913,2914
2902,2905,2875
2900,2915,2875
2890,2897,2875
2889,2875,2915
2914,2910,2875
2900,2873,2915
2889,2915,2873
2895,2894,2856
2893,2856,2894
2890,2856,2897
2896,2897,2856
2902,2912,2905
2912,2902,2856
2901,2856,2902
2873,2891,2856
2907,2856,2891
2859,2914,2916
2914,2859,2917
2856,2914,2912
2914,2856,2901
2901,2918,2914
2873,2914,2919
2914,2873,2920
2912,2914,2918
2917,2921,2914
2914,2922,2923
2923,2924,2914
2910,2914,2924
2925,2922,2914
2925,2914,2913
2921,2916,2914
2920,2926,2914
2919,2914,2926
2927,2914,2928
2927,2929,2914
2930,2914,2929
2928,2914,2930
2930,2931,2912
2928,2930,2912
2930,2929,2859
2930,2859,2931
2927,2912,2931
2927,2931,2859
2919,2912,2932
2859,2912,2919
2919,2926,2859
2919,2932,2873
2920,2932,2912
2920,2873,2932
2928,2912,2933
2927,2928,2873
2928,2933,2873
2927,2933,2912
2927,2873,2933
2927,2859,2929
2920,2859,2926
2916,2921,2934
2856,2934,2921
2917,2856,2921
2856,2917,2934
2916,2934,2917
2912,2859,2920
2859,2916,2917
2935,2925,2912
2925,2913,2912
2925,2936,2922
2937,2925,2935
2936,2925,2938
2925,2937,2938
2936,2923,2922
2923,2936,2937
2938,2937,2936
2935,2923,2937
2935,2909,2923
2935,2912,2909
2923,2856,2924
2910,2924,2856
2923,2909,2856
2901,2903,2918
2912,2918,2903
2909,2910,2856
2939,2859,2889
2939,2889,2873
2939,2940,2859
2940,2939,2941
2896,2942,2939
2939,2943,2896
2898,2941,2939
2898,2939,2874
2939,2873,2900
2939,2900,2874
2944,2939,2945
2944,2946,2939
2946,2947,2939
2948,2945,2939
2906,2939,2942
2906,2949,2939
2939,2949,2950
2950,2951,2939
2943,2939,2951
2952,2953,2939
2952,2939,2954
2954,2939,2953
2948,2939,2947
2952,2898,2953
2954,2953,2898
2948,2947,2898
2946,2898,2947
2942,2955,2898
2942,2896,2955
2906,2942,2898
2906,2955,2896
2906,2898,2955
2948,2898,2956
2948,2956,2896
2948,2940,2945
2948,2957,2940
2948,2896,2957
2958,2940,2957
2958,2957,2896
2958,2944,2940
2896,2946,2958
2944,2958,2946
2946,2896,2956
2946,2956,2898
2940,2941,2896
2898,2896,2941
2952,2954,2940
2898,2940,2954
2952,2940,2959
2952,2959,2896
2952,2896,2960
2952,2960,2898
2961,2959,2940
2961,2896,2959
2898,2961,2940
2961,2960,2896
2961,2898,2960
2943,2951,2940
2907,2943,2940
2907,2896,2943
2950,2940,2951
2940,2950,2907
2859,2950,2949
2950,2859,2962
2950,2962,2856
2907,2950,2856
2962,2859,2963
2873,2856,2962
2962,2963,2873
2949,2963,2859
2949,2873,2963
2949,2906,2874
2949,2892,2873
2949,2874,2892
2944,2945,2940
2940,2896,2856
2940,2890,2859
2940,2856,2890
2900,2899,2874
2904,2905,2912
2892,2874,2908
2909,2912,2964
2911,2964,2912
2965,2912,2966
2912,2965,2873
2966,2912,2967
2873,2967,2912
2912,2874,2904
2903,2874,2912
2965,2966,2874
2967,2968,2966
2874,2966,2968
2967,2965,2968
2874,2968,2965
2909,2964,2874
2911,2874,2964
2873,2965,2967
2909,2874,2911
2907,2906,2896
2906,2908,2874
2903,2904,2874
2898,2874,2899
2895,2856,2969
2893,2895,2874
2895,2969,2874
2970,2969,2856
2970,2874,2969
2970,2856,2971
2970,2971,2873
2972,2970,2873
2972,2874,2970
2973,2971,2856
2973,2873,2971
2973,2859,2974
2975,2859,2973
2975,2973,2856
2973,2974,2873
2976,2974,2859
2976,2873,2974
2859,2975,2976
2975,2977,2976
2976,2972,2873
2972,2976,2978
2976,2977,2978
2977,2979,2980
2980,2978,2977
2979,2977,2893
2977,2975,2893
2981,2979,2893
2979,2981,2980
2982,2980,2981
2981,2972,2982
2972,2981,2874
2981,2893,2874
2982,2983,2984
2980,2982,2984
2982,2978,2983
2972,2978,2982
2980,2984,2983
2980,2983,2978
2978,2985,2984
2893,2975,2856
2874,2856,2986
2874,2986,2873
2859,2986,2856
2859,2873,2986
2860,2873,2859
2857,2865,2870
2861,2860,2862
2856,2861,2863
2987,2988,2989
2989,2990,2987
2991,2990,2989
2989,2992,2991
2993,2992,2989
2989,2994,2993
2994,2989,2995
2996,2995,2989
2989,2988,2997
2989,2998,2996
2997,2998,2989
2997,2988,2987
2987,2999,2997
2998,2997,3000
2997,2999,3000
3001,2997,3002
3003,3002,2997
3004,3005,2997
2997,3006,3004
3007,3008,2997
3006,2997,3008
3009,2997,3010
3009,3011,2997
3012,2997,3011
3001,3013,2997
3012,3010,2997
3007,2997,3005
3003,2997,3013
3014,3015,3007
3007,3015,3016
3007,3017,3000
3018,3007,3000
3007,3018,3014
3007,3003,3019
3007,3020,3003
3016,3017,3007
3007,3021,3022
3007,3019,3021
3007,3023,3024
3007,3025,3023
3007,3026,3025
3007,3024,3027
3027,3028,3007
3028,3029,3007
3007,3030,3031
3031,3032,3007
3012,3007,3032
3033,3030,3007
3033,3007,3034
3012,3034,3007
3007,3035,3036
3007,3037,3035
3037,3007,3038
3007,3039,3040
3007,3036,3039
3007,3006,3041
3007,3040,3006
3007,2996,3042
3007,3041,2996
3007,2998,3008
3007,3042,2998
3007,2999,3043
3007,3005,2999
3007,3001,3044
3007,3043,3001
3007,3004,3020
3007,3044,3004
3022,3045,3007
3045,3046,3007
3047,3007,3029
3046,3048,3007
3026,3007,3047
3049,3007,3048
3049,3050,3007
3051,3007,3050
3051,3052,3007
3053,3007,3052
3053,3038,3007
3037,3038,3012
3053,3012,3038
3053,3052,3027
3051,3053,3027
3051,3012,3053
3051,3027,3052
3051,3050,3023
3051,3023,3054
3051,3054,3012
3054,3006,3055
3054,3055,3012
3006,3054,3023
3037,3012,3055
3037,3055,3006
3049,3023,3050
3049,3048,3026
3018,3049,3026
3018,3023,3049
3046,3026,3048
3047,3017,3056
3001,3017,3047
3047,3056,3026
3047,3029,3001
3001,3056,3017
3001,3026,3056
3017,3026,3000
3026,3017,3016
3026,3023,3000
3057,3023,3026
3046,3058,3026
3018,3026,3058
3059,3060,3026
3060,3061,3026
3012,3026,3061
3059,3026,3062
3012,3062,3026
3001,3025,3026
3016,3063,3026
3026,3063,3057
3064,3057,3065
3065,3057,3063
3027,3023,3057
3057,3064,3027
3065,3066,3064
3027,3064,3066
3065,3067,3066
3012,3066,3067
3066,3012,3027
3067,3065,3039
3067,3035,3012
3039,3035,3067
3016,3015,3065
3065,3063,3016
3014,3068,3065
3065,3015,3014
3068,2994,3065
3069,3065,2994
3039,3065,3069
2995,3069,2994
3069,2995,2996
3069,3006,3039
2996,3006,3069
2994,3068,3021
3021,3068,3014
3012,3023,3062
3059,3062,3023
3070,3060,3059
3070,3059,3071
3059,3023,3072
3027,3071,3059
3059,3072,3027
3071,3073,3070
3073,3071,3074
3074,3071,3027
3074,3027,3075
3074,3012,3076
3074,3075,3012
3074,3076,3035
3074,3077,3073
3035,3077,3074
3077,3035,3078
3077,3078,3039
3077,3079,3080
3039,3079,3077
3080,3073,3077
3073,3080,3081
3080,3082,3083
3082,3080,3084
3079,3085,3080
3085,3084,3080
3083,3081,3080
3081,3083,3086
3083,3087,3086
3083,3088,3087
3089,3088,3083
3083,3082,3089
3089,3082,3090
3001,3089,3090
3091,3089,3001
3088,3089,3091
3000,3092,3091
3091,3093,3000
3091,3001,3094
3091,3092,3088
3091,3004,3093
3091,3094,3004
3095,3092,3000
3088,3092,3095
3088,3095,3096
3096,3095,3097
3095,3098,3097
3095,3000,3098
3012,3097,3098
3012,3098,3000
3003,3097,2993
2993,3097,3000
3097,3099,3000
3097,3003,3099
3097,3100,3101
3101,3102,3097
3103,3097,3102
3096,3097,3104
3012,3104,3097
3097,3004,3100
3097,3105,3004
3106,3097,3107
3106,3108,3097
3107,3097,3108
3097,3103,3105
3106,3107,3003
3107,3108,3004
3004,3003,3107
3105,3109,3110
3105,3103,3109
3110,3004,3105
3103,3004,3110
3103,3110,3003
3003,3110,3109
3003,3109,3103
3103,3102,3004
3096,3104,3003
3012,3003,3104
3021,3000,3099
3021,3099,3003
3106,3004,3108
3106,3000,3111
3003,3000,3106
3106,3111,3004
3003,3111,3000
3003,3004,3111
3100,3112,3113
3112,3100,3004
3100,3113,3101
3000,3113,3112
3000,3101,3113
3101,3000,3112
3101,3112,3004
3101,3004,3102
3096,3003,3114
3096,3114,3021
3088,3096,3115
3021,3115,3096
3115,3030,3088
3115,3031,3030
3031,3115,3021
3114,3012,3116
3114,3116,3021
3012,3114,3003
3117,3116,3012
3117,3021,3116
3012,3018,3117
3031,3021,3117
3031,3117,3018
3012,3094,3001
3012,3004,3094
3012,3000,3093
3012,3093,3004
3090,2999,3118
3090,3118,3001
3009,3090,3082
2999,3090,3009
3012,3118,2999
3012,3001,3118
3087,3088,3119
3088,3030,3119
3119,3120,3087
3121,3119,3030
3122,3120,3119
3119,3123,3124
3119,3125,3123
3119,3124,3122
3119,3121,3125
3126,3125,3127
3125,3128,3127
3121,3128,3125
3126,3129,3125
3130,3125,3129
3130,3123,3125
3128,3131,3129
3129,3126,3128
3126,3132,3128
3128,3121,3131
3128,3132,3127
3133,3127,3132
3132,3131,3133
3132,3126,3134
3134,3131,3132
3130,3129,3134
3134,3129,3131
3134,3126,3127
3134,3122,3130
3134,3135,3122
3127,3135,3134
3136,3122,3135
3135,3130,3136
3130,3135,3123
3135,3127,3137
3135,3137,3120
3120,3138,3135
3138,3123,3135
3138,3120,3122
3123,3138,3124
3124,3138,3136
3136,3138,3122
3004,3087,3137
3137,3087,3120
3006,3137,3133
3133,3137,3127
3023,3018,3137
3023,3137,3006
3018,3004,3137
3136,3130,3124
3121,3081,3133
3131,3121,3133
3006,3133,3086
3086,3133,3081
3122,3124,3130
3030,3070,3121
3070,3081,3121
3087,3006,3086
3087,3004,3006
2996,3084,3085
3085,3139,2996
3085,3039,3140
3085,3079,3039
3085,3006,3139
3085,3140,3006
3012,3140,3039
3012,3006,3140
3012,2996,3139
3012,3139,3006
3081,3070,3073
3141,3084,2996
3084,3141,3082
3141,2996,3142
3009,3141,2998
3141,3142,2998
3141,3009,3082
3012,3142,2996
3012,2998,3142
3076,3078,3035
3076,3039,3078
3039,3076,3012
3072,3075,3027
3072,3012,3075
3012,3072,3023
3060,3070,3030
3012,3061,3017
3060,3017,3061
3060,3033,3017
3030,3033,3060
3046,3017,3058
3018,3058,3017
3045,3017,3046
3012,3017,3034
3033,3034,3017
3028,3001,3029
3017,3045,3018
3022,3018,3045
3004,3022,3021
3004,3018,3022
3019,3020,3004
3019,3003,3020
3004,3021,3019
3043,3044,3001
3043,3004,3044
3004,3043,2999
3041,3042,2996
3041,2998,3042
2998,3041,3006
3036,3040,3039
3036,3006,3040
3006,3036,3035
3039,3006,3000
3035,3039,3000
3021,3039,3143
3021,3144,3039
3001,3039,3144
3001,3143,3039
3001,3006,3143
3021,3143,3006
3001,3144,3035
3021,3035,3144
3006,3035,3037
3035,3000,3145
3035,3145,3012
3021,3146,3035
3001,3035,3146
3027,3145,3000
3027,3012,3145
3146,3147,3001
3146,3012,3147
3021,3012,3146
3148,3147,3012
3148,3001,3147
3001,3148,3027
3021,3027,3148
3021,3148,3012
3012,3032,3018
3031,3018,3032
3001,3024,3023
3001,3027,3024
3027,3018,3028
3001,3028,3018
3023,3027,3000
3027,3021,3149
3027,3149,3018
3001,3149,3021
3001,3018,3149
3001,3023,3025
3021,3018,3000
3014,3018,3021
3021,3003,2994
3021,2996,3150
3021,3151,2996
3021,3006,3151
2998,3152,3021
3021,3150,2998
3001,3021,3152
2998,3003,3152
3152,3153,3001
3152,3003,3153
3153,3154,3155
3153,3003,3154
3155,3001,3153
3155,3004,3156
3155,3156,3003
3154,3157,3155
3004,3155,3157
3003,3001,3155
3154,3156,3157
3004,3157,3156
3156,3154,3003
3001,3150,2996
3001,2998,3150
3001,2996,3151
3001,3151,3006
3006,2996,3000
3006,3008,2998
3012,2999,3010
3012,3011,2998
2993,2994,3003
3003,3158,3001
3003,2999,3158
3003,2998,3002
3003,3013,2999
3013,3158,2999
3013,3001,3158
3000,2992,2993
2991,2992,3000
3000,3004,2991
3001,3004,3000
2996,2998,3000
2999,3001,3000
3004,2999,3005
3009,3010,2999
2987,2990,3001
3001,2999,2987
3001,3002,2998
3001,2990,2991
2991,3004,3001
3009,2998,3011
3159,3160,3161
3161,3162,3159
3163,3162,3161
3161,3164,3163
3161,3165,3164
3161,3166,3165
3166,3161,3167
3161,3168,3169
3161,3170,3168
3160,3170,3161
3169,3167,3161
3171,3172,3161
3161,3173,3171
3174,3173,3161
3161,3175,3174
3175,3161,3176
3176,3161,3177
3172,3177,3161
3176,3177,3168
3172,3168,3177
3172,3178,3168
3172,3171,3178
3179,3168,3178
3179,3178,3171
3179,3180,3170
3179,3170,3181
3179,3181,3168
3180,3179,3171
3159,3181,3170
3159,3168,3181
3182,3180,3173
3180,3171,3173
3170,3180,3183
3180,3184,3183
3184,3180,3182
3182,3173,3185
3186,3187,3182
3187,3188,3182
3188,3186,3182
3184,3182,3189
3182,3185,3190
3190,3189,3182
3190,3188,3189
3184,3189,3188
3188,3187,3186
3188,3190,3184
3191,3190,3192
3185,3193,3190
3194,3190,3193
3194,3184,3190
3194,3193,3192
3185,3192,3193
3194,3195,3191
3194,3192,3195
3184,3194,3196
3165,3196,3194
3191,3197,3194
3197,3165,3194
3165,3197,3168
3168,3197,3191
3196,3198,3184
3196,3199,3162
3162,3198,3196
3196,3200,3163
3196,3164,3200
3196,3201,3164
3196,3165,3201
3196,3163,3199
3168,3162,3199
3168,3199,3163
3168,3164,3201
3168,3201,3165
3198,3202,3184
3202,3198,3162
3202,3203,3184
3202,3162,3204
3159,3203,3202
3202,3204,3159
3168,3159,3204
3168,3204,3162
3203,3205,3184
3205,3203,3159
3205,3183,3184
3205,3206,3160
3183,3205,3160
3205,3159,3206
3206,3170,3207
3170,3206,3159
3206,3207,3160
3183,3207,3170
3183,3160,3207
3168,3163,3200
3168,3200,3164
3208,3191,3195
3208,3195,3192
3168,3191,3208
3168,3208,3166
3192,3166,3208
3185,3175,3192
3166,3192,3175
3209,3191,3166
3209,3210,3191
3165,3191,3210
3191,3165,3166
3210,3211,3165
3211,3210,3212
3213,3212,3210
3213,3210,3209
3214,3212,3213
3209,3215,3213
3213,3215,3216
3213,3217,3214
3213,3216,3217
3218,3219,3216
3216,3215,3218
3220,3217,3216
3216,3219,3221
3221,3220,3216
3222,3223,3221
3221,3224,3222
3224,3221,3219
3220,3221,3223
3223,3222,3225
3226,3223,3225
3223,3226,3220
3225,3227,3226
3228,3229,3226
3220,3226,3229
3228,3226,3227
3226,3230,3231
3232,3230,3233
3234,3230,3232
3235,3230,3234
3235,3233,3230
3230,3236,3237
3237,3238,3230
3230,3238,3236
3234,3237,3236
3234,3236,3238
3237,3234,3238
3239,3237,3240
3240,3237,3241
3239,3242,3237
3241,3237,3242
3243,3244,3241
3245,3241,3244
3241,3234,3243
3241,3242,3234
3241,3245,3246
3241,3246,3240
3247,3240,3246
3247,3246,3245
3240,3247,3248
3248,3247,3249
3247,3250,3249
3250,3247,3251
3245,3251,3247
3251,3252,3250
3252,3251,3253
3254,3253,3251
3251,3245,3254
3244,3254,3245
3254,3244,3255
3253,3254,3256
3255,3256,3254
3253,3256,3257
3258,3257,3256
3256,3255,3258
3259,3260,3258
3259,3258,3255
3257,3258,3260
3260,3261,3262
3261,3260,3263
3264,3263,3260
3260,3259,3264
3260,3262,3257
3265,3257,3262
3265,3262,3261
3257,3265,3253
3265,3266,3267
3267,3253,3265
3265,3268,3266
3268,3265,3269
3261,3269,3265
3270,3267,3266
3270,3266,3268
3270,3271,3272
3272,3273,3270
3267,3270,3273
3268,3274,3270
3271,3270,3274
3268,3275,3274
3271,3274,3275
3276,3277,3275
3278,3275,3277
3275,3268,3276
3275,3279,3271
3275,3278,3279
3277,3280,3278
3278,3281,3282
3281,3278,3280
3282,3279,3278
3283,3282,3281
3282,3271,3279
3271,3282,3284
3282,3283,3285
3285,3284,3282
3284,3285,3286
3286,3287,3284
3272,3284,3287
3284,3272,3271
3286,3288,3287
3289,3287,3288
3287,3289,3272
3288,3290,3289
3273,3272,3289
3289,3291,3273
3291,3289,3290
3290,3288,3292
3291,3290,3293
3292,3293,3290
3294,3293,3295
3293,3294,3291
3292,3295,3293
3295,3296,3294
3296,3295,3292
3297,3294,3296
3292,3298,3296
3299,3297,3296
3300,3296,3298
3296,3300,3299
3301,3299,3300
3302,3300,3303
3298,3303,3300
3300,3302,3301
3304,3301,3302
3302,3305,3304
3305,3302,3306
3303,3306,3302
3306,3307,3305
3307,3306,3308
3306,3303,3309
3309,3308,3306
3310,3311,3308
3308,3311,3307
3312,3308,3309
3308,3312,3310
3313,3310,3314
3315,3314,3310
3315,3310,3312
3311,3310,3313
3314,3315,3316
3312,3317,3315
3315,3317,3318
3318,3316,3315
3319,3316,3320
3321,3320,3316
3316,3318,3322
3322,3321,3316
3316,3319,3314
3320,3321,3323
3321,3322,3323
3324,3323,3325
3325,3323,3322
3323,3326,3320
3327,3328,3323
3323,3324,3327
3326,3323,3328
3329,3320,3326
3326,3330,3329
3330,3326,3331
3328,3331,3326
3331,3332,3330
3332,3331,3333
3334,3333,3331
3331,3328,3334
3335,3336,3334
3333,3334,3336
3334,3337,3335
3337,3334,3327
3328,3327,3334
3335,3338,3339
3338,3335,3337
3339,3340,3335
3340,3341,3335
3336,3335,3341
3341,3342,3336
3342,3341,3343
3344,3343,3341
3341,3340,3344
3343,3344,3345
3344,3346,3347
3347,3348,3344
3344,3348,3349
3350,3346,3344
3349,3345,3344
3340,3339,3344
3339,3351,3344
3351,3350,3344
3350,3338,3352
3338,3350,3351
3353,3346,3350
3350,3352,3353
3354,3352,3338
3354,3353,3352
3353,3354,3355
3356,3355,3354
3354,3357,3356
3338,3358,3354
3357,3354,3358
3359,3358,3338
3324,3358,3359
3358,3324,3357
3337,3359,3338
3359,3337,3327
3327,3324,3359
3360,3356,3357
3357,3325,3361
3325,3357,3324
3357,3361,3360
3361,3362,3363
3363,3360,3361
3362,3361,3325
3318,3364,3362
3363,3362,3364
3322,3362,3325
3362,3322,3318
3364,3365,3363
3365,3364,3366
3317,3367,3364
3364,3318,3317
3367,3366,3364
3367,3368,3369
3369,3366,3367
3368,3367,3317
3317,3370,3368
3371,3369,3368
3371,3368,3370
3370,3309,3371
3317,3312,3370
3309,3370,3312
3369,3371,3372
3372,3371,3292
3298,3292,3371
3303,3298,3371
3371,3309,3303
3373,3372,3292
3369,3372,3373
3288,3374,3373
3373,3292,3288
3373,3375,3369
3376,3375,3373
3373,3374,3376
3288,3286,3374
3374,3286,3377
3377,3376,3374
3377,3378,3379
3378,3377,3380
3380,3377,3286
3379,3376,3377
3379,3375,3376
3379,3381,3365
3381,3379,3378
3366,3379,3365
3375,3379,3366
3378,3382,3381
3383,3381,3382
3384,3365,3381
3381,3383,3384
3385,3383,3386
3382,3386,3383
3360,3384,3383
3383,3385,3360
3387,3385,3388
3385,3387,3389
3390,3388,3385
3385,3386,3390
3356,3360,3385
3385,3389,3356
3391,3356,3389
3391,3389,3387
3387,3392,3391
3356,3391,3355
3393,3391,3392
3353,3355,3391
3391,3393,3353
3393,3392,3394
3394,3395,3393
3347,3393,3395
3347,3353,3393
3394,3396,3395
3395,3397,3347
3397,3395,3396
3394,3398,3396
3399,3396,3398
3396,3400,3401
3396,3402,3400
3402,3396,3399
3396,3401,3397
3398,3403,3399
3403,3404,3399
3405,3399,3404
3399,3405,3406
3406,3407,3399
3399,3407,3402
3343,3407,3406
3407,3343,3408
3348,3402,3407
3409,3348,3407
3407,3408,3409
3410,3407,3411
3410,3412,3407
3413,3407,3412
3413,3411,3407
3408,3343,3414
3414,3415,3408
3408,3416,3417
3416,3408,3418
3415,3418,3408
3417,3419,3408
3419,3420,3408
3421,3409,3408
3408,3422,3421
3408,3420,3422
3423,3415,3414
3423,3419,3415
3415,3419,3418
3414,3424,3423
3423,3416,3419
3425,3416,3423
3423,3424,3426
3426,3425,3423
3425,3427,3417
3417,3416,3425
3427,3425,3428
3428,3425,3426
3427,3428,3429
3428,3430,3429
3430,3428,3426
3430,3431,3432
3430,3424,3431
3424,3430,3433
3432,3433,3430
3430,3434,3429
3434,3430,3435
3426,3435,3430
3434,3435,3432
3426,3432,3435
3436,3437,3432
3424,3436,3432
3432,3426,3424
3434,3432,3437
3432,3431,3433
3437,3436,3438
3437,3438,3439
3437,3439,3434
3440,3441,3439
3440,3439,3438
3442,3443,3439
3439,3444,3442
3445,3446,3439
3436,3445,3439
3436,3439,3446
3447,3439,3441
3447,3448,3439
3439,3449,3450
3450,3451,3439
3439,3451,3449
3444,3439,3452
3452,3439,3443
3453,3439,3454
3453,3455,3439
3455,3456,3439
3457,3439,3448
3457,3458,3439
3434,3439,3458
3454,3439,3456
3442,3454,3459
3453,3454,3442
3456,3459,3454
3442,3459,3453
3456,3453,3459
3440,3442,3441
3447,3441,3442
3436,3446,3442
3445,3442,3446
3442,3444,3443
3443,3444,3460
3443,3460,3452
3436,3460,3444
3436,3452,3460
3456,3455,3461
3456,3461,3453
3436,3461,3455
3436,3453,3461
3434,3458,3450
3457,3450,3458
3457,3462,3463
3463,3434,3457
3457,3434,3450
3462,3457,3448
3448,3464,3462
3465,3466,3462
3462,3467,3465
3468,3462,3464
3463,3462,3468
3469,3462,3466
3462,3469,3467
3448,3465,3464
3468,3464,3465
3465,3467,3466
3469,3466,3467
3349,3470,3469
3469,3471,3349
3469,3472,3468
3472,3469,3470
3471,3469,3473
3473,3469,3474
3468,3474,3469
3469,3475,3465
3465,3476,3469
3469,3476,3475
3473,3474,3465
3468,3465,3474
3349,3475,3476
3349,3465,3475
3465,3349,3476
3471,3473,3345
3448,3447,3473
3345,3473,3447
3465,3448,3473
3349,3471,3345
3477,3470,3349
3470,3477,3472
3478,3472,3477
3477,3349,3348
3348,3479,3477
3477,3479,3478
3480,3478,3479
3481,3478,3480
3481,3472,3478
3481,3482,3483
3480,3482,3481
3481,3484,3463
3481,3485,3484
3481,3483,3485
3463,3468,3481
3472,3481,3468
3483,3482,3486
3483,3487,3488
3486,3487,3483
3485,3483,3488
3486,3489,3490
3486,3490,3491
3486,3492,3493
3486,3491,3492
3489,3486,3482
3486,3493,3494
3494,3487,3486
3495,3490,3489
3489,3480,3495
3482,3480,3489
3409,3490,3495
3348,3409,3495
3348,3495,3479
3495,3480,3479
3496,3493,3492
3496,3494,3493
3497,3498,3496
3497,3496,3492
3496,3498,3499
3496,3499,3500
3500,3494,3496
3501,3499,3498
3501,3500,3499
3502,3503,3501
3501,3498,3502
3494,3500,3501
3494,3501,3429
3501,3504,3429
3504,3501,3503
3502,3505,3504
3504,3503,3502
3417,3504,3506
3504,3417,3507
3508,3506,3504
3504,3507,3508
3429,3504,3427
3427,3504,3509
3509,3504,3505
3509,3505,3508
3502,3508,3505
3509,3510,3417
3509,3508,3510
3427,3509,3417
3511,3417,3510
3511,3510,3508
3420,3417,3511
3511,3422,3420
3511,3512,3422
3512,3511,3502
3508,3502,3511
3421,3422,3512
3513,3421,3512
3512,3497,3513
3497,3512,3514
3502,3514,3512
3498,3500,3512
3502,3498,3514
3497,3514,3498
3409,3513,3515
3409,3421,3513
3513,3497,3515
3515,3490,3409
3497,3490,3515
3417,3506,3507
3508,3507,3506
3508,3516,3417
3417,3517,3508
3419,3508,3517
3508,3419,3516
3417,3516,3517
3419,3517,3516
3497,3491,3490
3497,3492,3491
3490,3494,3492
3487,3494,3488
3429,3488,3494
3492,3518,3409
3409,3519,3492
3520,3492,3519
3518,3492,3520
3519,3521,3520
3490,3520,3521
3518,3520,3490
3490,3521,3518
3519,3518,3521
3409,3518,3519
3463,3488,3429
3488,3463,3485
3484,3485,3463
3463,3429,3434
3436,3450,3449
3436,3449,3451
3453,3436,3455
3444,3452,3436
3450,3436,3451
3522,3447,3442
3447,3523,3345
3447,3522,3523
3345,3522,3442
3523,3522,3345
3442,3445,3436
3442,3524,3343
3343,3345,3442
3424,3442,3440
3424,3524,3442
3524,3414,3343
3524,3424,3414
3440,3438,3436
3424,3440,3436
3424,3433,3431
3417,3420,3419
3416,3418,3419
3525,3526,3413
3526,3527,3413
3527,3528,3413
3529,3413,3530
3530,3413,3531
3413,3529,3531
3532,3525,3413
3532,3413,3533
3528,3534,3413
3413,3534,3535
3413,3535,3536
3413,3536,3411
3412,3533,3413
3532,3533,3529
3412,3529,3533
3536,3537,3538
3538,3411,3536
3537,3536,3535
3537,3539,3540
3539,3537,3541
3542,3538,3537
3537,3540,3542
3535,3541,3537
3541,3543,3539
3543,3541,3544
3535,3544,3541
3544,3545,3543
3544,3535,3534
3545,3544,3546
3534,3546,3544
3547,3545,3546
3534,3528,3546
3548,3546,3528
3546,3548,3547
3547,3549,3550
3550,3545,3547
3551,3549,3547
3547,3552,3551
3552,3547,3548
3553,3551,3552
3554,3552,3548
3552,3554,3553
3554,3555,3553
3555,3554,3556
3548,3556,3554
3556,3557,3555
3557,3556,3526
3528,3527,3556
3556,3548,3528
3527,3526,3556
3557,3558,3559
3559,3555,3557
3558,3557,3526
3558,3560,3559
3560,3558,3526
3561,3559,3560
3560,3562,3561
3562,3560,3525
3526,3525,3560
3563,3561,3562
3525,3532,3562
3562,3564,3563
3564,3562,3532
3561,3563,3565
3566,3565,3563
3563,3567,3566
3567,3563,3564
3567,3564,3410
3410,3568,3567
3566,3567,3568
3569,3568,3542
3568,3569,3566
3570,3542,3568
3568,3410,3570
3542,3570,3538
3411,3570,3410
3411,3538,3570
3542,3571,3569
3572,3569,3571
3572,3566,3569
3573,3574,3572
3572,3575,3573
3576,3572,3577
3572,3576,3575
3566,3572,3574
3571,3577,3572
3578,3573,3575
3575,3579,3578
3579,3575,3576
3580,3578,3579
3576,3581,3579
3582,3579,3581
3579,3582,3580
3582,3581,3583
3583,3584,3582
3585,3582,3584
3580,3582,3585
3586,3585,3587
3584,3587,3585
3588,3589,3585
3585,3590,3588
3585,3586,3590
3585,3589,3580
3586,3591,3592
3586,3593,3591
3593,3586,3594
3587,3594,3586
3592,3590,3586
3595,3596,3592
3592,3597,3595
3597,3592,3591
3590,3592,3596
3598,3599,3596
3588,3596,3599
3596,3595,3598
3596,3588,3590
3600,3601,3598
3598,3602,3600
3599,3598,3601
3602,3598,3595
3601,3603,3599
3603,3601,3604
3605,3604,3601
3601,3600,3605
3606,3607,3604
3603,3604,3607
3604,3608,3606
3604,3605,3608
3606,3608,3609
3608,3605,3609
3610,3611,3609
3609,3611,3612
3610,3609,3613
3609,3614,3606
3614,3609,3612
3613,3609,3605
3612,3615,3616
3617,3615,3612
3612,3611,3617
3618,3612,3619
3619,3612,3616
3618,3614,3612
3619,3620,3618
3614,3618,3621
3621,3618,3620
3621,3606,3614
3620,3622,3621
3621,3622,3623
3623,3624,3621
3621,3624,3607
3607,3606,3621
3622,3625,3626
3627,3625,3622
3622,3620,3627
3626,3623,3622
3626,3628,3629
3629,3630,3626
3628,3626,3625
3623,3626,3630
3631,3630,3632
3630,3631,3624
3633,3632,3630
3630,3629,3633
3624,3623,3630
3633,3634,3635
3634,3633,3629
3635,3636,3633
3632,3633,3636
3636,3635,3637
3637,3638,3636
3639,3636,3638
3640,3632,3636
3636,3639,3640
3638,3641,3639
3639,3642,3640
3642,3639,3641
3643,3642,3644
3642,3643,3640
3641,3645,3642
3644,3642,3645
3646,3644,3645
3645,3647,3646
3645,3648,3649
3649,3647,3645
3645,3641,3648
3650,3651,3648
3648,3652,3650
3652,3648,3641
3648,3653,3654
3654,3649,3648
3648,3651,3653
3651,3650,3655
3655,3656,3651
3651,3657,3658
3658,3653,3651
3656,3657,3651
3657,3656,3553
3656,3655,3553
3658,3657,3659
3553,3659,3657
3659,3660,3658
3659,3553,3555
3555,3559,3659
3660,3659,3559
3559,3561,3660
3660,3565,3658
3565,3660,3561
3658,3654,3653
3654,3658,3574
3574,3658,3565
3650,3661,3655
3662,3655,3661
3551,3553,3655
3655,3662,3549
3549,3551,3655
3661,3663,3662
3662,3664,3549
3664,3662,3663
3663,3661,3665
3663,3666,3664
3666,3663,3665
3637,3667,3665
3668,3665,3667
3638,3637,3665
3665,3669,3638
3669,3665,3661
3665,3668,3666
3670,3666,3668
3667,3671,3668
3672,3668,3671
3668,3672,3670
3673,3670,3672
3672,3674,3673
3674,3672,3675
3676,3675,3672
3671,3676,3672
3675,3676,3677
3677,3676,3671
3678,3594,3677
3594,3679,3677
3680,3677,3679
3677,3680,3675
3671,3681,3677
3677,3681,3682
3683,3678,3677
3682,3683,3677
3682,3684,3685
3683,3682,3685
3684,3682,3681
3684,3686,3685
3686,3684,3681
3634,3686,3687
3681,3687,3686
3686,3634,3629
3629,3685,3686
3687,3635,3634
3637,3635,3687
3687,3667,3637
3667,3687,3681
3685,3688,3683
3688,3685,3689
3690,3691,3685
3685,3629,3690
3691,3689,3685
3689,3691,3692
3625,3692,3691
3691,3690,3625
3692,3693,3694
3694,3689,3692
3692,3695,3696
3695,3692,3625
3696,3693,3692
3693,3696,3697
3697,3698,3693
3693,3698,3694
3697,3699,3698
3698,3699,3700
3700,3694,3698
3699,3701,3700
3694,3700,3702
3702,3700,3701
3702,3703,3694
3701,3593,3702
3594,3702,3593
3703,3702,3594
3703,3688,3694
3688,3703,3683
3594,3678,3703
3678,3683,3703
3701,3591,3593
3591,3701,3597
3704,3597,3701
3701,3699,3704
3704,3699,3705
3705,3706,3704
3597,3704,3707
3707,3704,3706
3597,3707,3602
3602,3707,3706
3708,3706,3705
3706,3709,3602
3710,3709,3706
3706,3711,3710
3706,3708,3711
3710,3711,3712
3711,3708,3712
3712,3713,3714
3712,3714,3715
3716,3713,3712
3616,3717,3712
3712,3718,3616
3712,3617,3718
3716,3712,3719
3708,3720,3712
3710,3712,3721
3722,3712,3720
3721,3712,3722
3723,3712,3724
3723,3725,3712
3726,3712,3725
3617,3712,3717
3726,3724,3712
3727,3719,3712
3712,3728,3727
3715,3728,3712
3728,3715,3729
3730,3715,3714
3730,3729,3715
3729,3730,3731
3729,3731,3728
3732,3731,3730
3731,3733,3728
3732,3733,3731
3733,3732,3734
3727,3733,3734
3727,3728,3733
3727,3734,3735
3734,3736,3735
3736,3734,3737
3734,3732,3738
3738,3737,3734
3739,3737,3738
3739,3740,3737
3740,3741,3737
3737,3742,3743
3737,3744,3742
3741,3744,3737
3737,3743,3736
3745,3739,3738
3746,3747,3739
3739,3745,3746
3739,3748,3749
3748,3739,3747
3740,3739,3749
3750,3749,3748
3750,3751,3749
3741,3740,3749
3751,3713,3749
3752,3741,3749
3752,3749,3753
3753,3749,3713
3716,3754,3749
3716,3749,3755
3756,3755,3749
3749,3757,3756
3749,3758,3757
3758,3749,3754
3716,3748,3754
3758,3754,3748
3748,3759,3758
3696,3758,3759
3695,3757,3758
3758,3696,3695
3759,3760,3750
3750,3761,3759
3759,3761,3697
3759,3748,3760
3759,3697,3696
3716,3760,3748
3716,3750,3760
3762,3761,3750
3761,3762,3763
3763,3697,3761
3705,3763,3762
3763,3705,3699
3699,3697,3763
3762,3750,3764
3762,3764,3751
3708,3762,3751
3705,3762,3708
3716,3764,3750
3716,3751,3764
3695,3756,3757
3756,3753,3755
3627,3765,3756
3753,3756,3765
3756,3695,3627
3765,3716,3766
3716,3765,3619
3619,3765,3627
3765,3766,3753
3755,3766,3716
3755,3753,3766
3716,3753,3713
3752,3753,3716
3752,3744,3741
3716,3767,3752
3752,3767,3744
3744,3767,3716
3713,3751,3714
3751,3768,3714
3751,3746,3768
3751,3750,3746
3751,3716,3769
3751,3769,3616
3616,3713,3751
3751,3713,3708
3708,3713,3713
3713,3713,3616
3619,3769,3716
3619,3616,3769
3768,3730,3714
3768,3746,3745
3730,3768,3745
3747,3750,3748
3747,3746,3750
3738,3770,3745
3770,3732,3745
3745,3732,3730
3732,3770,3738
3771,3772,3770
3770,3773,3771
3773,3770,3772
3773,3772,3738
3771,3738,3772
3774,3773,3738
3774,3771,3773
3774,3738,3771
3774,3775,3776
3774,3777,3775
3777,3774,3778
3776,3778,3774
3776,3779,3780
3780,3777,3776
3781,3776,3777
3781,3782,3776
3782,3779,3776
3776,3771,3778
3771,3776,3775
3783,3782,3781
3781,3784,3783
3785,3781,3777
3781,3786,3784
3781,3787,3788
3787,3781,3785
3781,3788,3786
3784,3786,3789
3790,3789,3786
3786,3788,3790
3790,3791,3792
3792,3793,3790
3793,3794,3790
3791,3790,3788
3789,3790,3794
3794,3795,3796
3794,3793,3795
3794,3797,3789
3798,3797,3794
3794,3796,3798
3798,3799,3795
3800,3798,3795
3801,3798,3802
3798,3801,3803
3800,3804,3798
3798,3804,3805
3797,3798,3806
3807,3798,3796
3798,3808,3809
3808,3798,3810
3803,3810,3798
3811,3802,3798
3798,3812,3811
3798,3813,3812
3798,3809,3813
3814,3815,3798
3814,3798,3816
3816,3798,3815
3807,3806,3798
3798,3805,3799
3817,3818,3805
3817,3805,3795
3805,3800,3795
3800,3805,3819
3820,3821,3805
3805,3822,3820
3822,3805,3823
3823,3805,3821
3824,3825,3805
3824,3805,3826
3801,3826,3805
3805,3827,3828
3828,3829,3805
3830,3805,3829
3801,3805,3825
3804,3831,3805
3831,3832,3805
3832,3819,3805
3827,3805,3830
3833,3805,3818
3833,3799,3805
3833,3818,3801
3817,3801,3818
3800,3819,3827
3832,3827,3819
3833,3795,3799
3795,3833,3801
3833,3792,3834
3833,3793,3792
3793,3833,3835
3836,3837,3833
3833,3834,3836
3837,3838,3833
3833,3839,3840
3839,3833,3841
3842,3841,3833
3808,3842,3833
3833,3843,3808
3833,3844,3843
3833,3840,3844
3827,3845,3833
3833,3846,3827
3833,3832,3846
3800,3833,3845
3800,3847,3833
3835,3833,3838
3832,3833,3847
3835,3848,3795
3793,3835,3795
3835,3800,3848
3835,3838,3800
3807,3795,3848
3807,3848,3800
3842,3795,3803
3808,3795,3842
3842,3803,3801
3842,3801,3841
3847,3849,3795
3832,3847,3795
3847,3800,3849
3814,3795,3849
3814,3849,3800
3837,3800,3838
3827,3801,3845
3800,3845,3801
3850,3827,3846
3850,3846,3832
3850,3828,3827
3850,3851,3831
3850,3832,3851
3850,3852,3800
3850,3800,3828
3850,3831,3852
3852,3853,3800
3852,3854,3804
3852,3831,3854
3852,3804,3853
3814,3800,3853
3814,3853,3804
3795,3804,3854
3795,3854,3831
3795,3831,3851
3795,3851,3832
3840,3843,3844
3840,3808,3843
3808,3840,3839
3855,3856,3844
3856,3808,3844
3855,3844,3839
3844,3857,3839
3844,3808,3857
3844,3858,3824
3844,3859,3858
3859,3844,3860
3844,3861,3862
3844,3824,3861
3860,3844,3863
3864,3865,3844
3844,3866,3864
3844,3867,3866
3844,3868,3869
3844,3862,3868
3844,3869,3867
3865,3863,3844
3870,3844,3871
3870,3872,3844
3871,3844,3872
3844,3873,3874
3873,3844,3875
3844,3874,3875
3844,3876,3877
3876,3844,3878
3844,3877,3878
3871,3872,3862
3862,3873,3871
3870,3871,3873
3865,3824,3863
3824,3865,3873
3864,3873,3865
3879,3877,3876
3879,3878,3877
3879,3876,3880
3879,3880,3881
3881,3873,3879
3878,3879,3873
3808,3880,3876
3808,3881,3880
3876,3881,3808
3876,3873,3881
3876,3878,3873
3874,3882,3875
3874,3883,3882
3883,3874,3873
3808,3875,3882
3808,3882,3883
3875,3808,3883
3875,3883,3873
3873,3813,3884
3873,3885,3813
3873,3886,3887
3866,3873,3887
3873,3811,3888
3873,3884,3811
3873,3889,3890
3873,3888,3889
3873,3891,3892
3873,3890,3891
3873,3893,3886
3893,3873,3894
3832,3873,3895
3873,3832,3896
3866,3894,3873
3892,3897,3873
3808,3873,3897
3873,3808,3885
3873,3859,3898
3873,3898,3839
3873,3839,3870
3899,3900,3873
3900,3901,3873
3902,3873,3901
3873,3896,3831
3831,3903,3873
3903,3904,3873
3895,3873,3904
3899,3873,3902
3824,3873,3864
3862,3905,3873
3859,3873,3905
3862,3866,3905
3859,3905,3866
3832,3895,3866
3839,3866,3895
3895,3904,3839
3894,3865,3893
3894,3839,3865
3894,3866,3906
3894,3906,3839
3907,3906,3866
3907,3839,3906
3866,3869,3907
3908,3839,3907
3908,3907,3869
3909,3908,3862
3869,3862,3908
3909,3839,3908
3862,3824,3909
3859,3909,3824
3859,3839,3909
3865,3910,3891
3891,3893,3865
3865,3839,3910
3910,3911,3889
3889,3891,3910
3910,3839,3911
3911,3912,3811
3811,3889,3911
3911,3839,3912
3912,3913,3813
3813,3811,3912
3912,3839,3913
3808,3813,3913
3913,3839,3857
3913,3857,3808
3899,3902,3891
3902,3901,3808
3808,3891,3902
3899,3893,3900
3811,3899,3891
3811,3893,3899
3903,3839,3904
3839,3903,3893
3831,3893,3903
3801,3831,3896
3801,3896,3832
3900,3808,3901
3808,3900,3893
3884,3813,3914
3884,3915,3811
3884,3893,3915
3884,3914,3893
3885,3893,3914
3885,3914,3813
3888,3811,3915
3888,3915,3893
3893,3890,3889
3890,3892,3891
3890,3893,3892
3898,3862,3916
3898,3917,3862
3898,3859,3917
3898,3916,3839
3918,3862,3917
3917,3919,3918
3917,3859,3919
3919,3920,3918
3919,3921,3920
3921,3919,3859
3824,3918,3920
3824,3920,3921
3918,3824,3921
3918,3921,3859
3859,3862,3918
3870,3916,3862
3870,3839,3916
3885,3922,3893
3885,3808,3922
3897,3893,3922
3897,3922,3808
3893,3889,3888
3892,3893,3897
3893,3923,3813
3893,3813,3924
3893,3811,3923
3925,3886,3893
3893,3891,3925
3893,3924,3808
3839,3893,3926
3831,3926,3893
3839,3926,3891
3831,3891,3926
3891,3924,3813
3891,3808,3924
3891,3813,3923
3923,3811,3927
3923,3927,3891
3928,3927,3811
3927,3929,3891
3927,3928,3929
3930,3891,3929
3929,3928,3889
3929,3889,3930
3889,3930,3889
3889,3889,3928
3928,3930,3889
3928,3891,3930
3891,3928,3811
3925,3931,3856
3925,3932,3931
3889,3932,3925
3856,3886,3925
3925,3891,3889
3931,3932,3811
3932,3889,3811
3856,3931,3808
3931,3813,3808
3811,3813,3931
3856,3887,3886
3891,3933,3804
3891,3831,3933
3839,3891,3934
3804,3934,3891
3839,3934,3889
3804,3889,3934
3801,3804,3933
3801,3933,3831
3839,3889,3935
3804,3935,3889
3839,3935,3811
3804,3811,3935
3887,3936,3866
3936,3887,3937
3855,3937,3887
3887,3856,3855
3937,3938,3936
3938,3937,3859
3937,3855,3839
3937,3839,3859
3862,3936,3938
3938,3824,3862
3859,3824,3938
3936,3869,3866
3862,3869,3936
3870,3862,3872
3860,3863,3824
3869,3939,3827
3827,3940,3869
3800,3869,3941
3869,3800,3939
3839,3941,3869
3839,3869,3940
3859,3869,3942
3859,3943,3869
3943,3942,3869
3824,3867,3869
3824,3869,3868
3943,3862,3942
3859,3942,3862
3839,3862,3941
3800,3941,3862
3827,3866,3940
3839,3940,3866
3939,3944,3827
3939,3945,3801
3939,3801,3944
3939,3800,3945
3946,3827,3944
3946,3944,3801
3866,3827,3946
3801,3832,3946
3866,3946,3832
3826,3801,3945
3826,3945,3800
3862,3943,3866
3859,3866,3943
3824,3866,3867
3868,3862,3861
3839,3947,3862
3800,3862,3947
3839,3824,3947
3800,3947,3824
3868,3861,3824
3824,3864,3866
3860,3824,3948
3860,3949,3859
3860,3839,3949
3860,3948,3839
3858,3948,3824
3858,3839,3948
3858,3859,3949
3858,3949,3839
3950,3951,3859
3817,3950,3859
3817,3859,3951
3950,3839,3951
3817,3951,3839
3839,3950,3824
3817,3824,3950
3839,3841,3801
3839,3801,3952
3839,3952,3817
3839,3812,3813
3839,3811,3812
3839,3809,3808
3839,3813,3809
3825,3952,3801
3825,3817,3952
3837,3953,3800
3837,3801,3953
3836,3801,3837
3954,3800,3953
3954,3953,3801
3822,3954,3801
3954,3955,3800
3954,3817,3955
3822,3817,3954
3823,3800,3955
3823,3955,3817
3834,3792,3791
3791,3956,3834
3836,3834,3956
3791,3957,3956
3956,3822,3836
3956,3958,3787
3787,3959,3956
3785,3956,3959
3822,3956,3960
3961,3960,3956
3956,3962,3961
3962,3956,3957
3956,3785,3958
3787,3958,3959
3785,3959,3958
3791,3787,3957
3962,3957,3787
3962,3787,3780
3961,3962,3780
3960,3961,3963
3963,3961,3780
3964,3963,3965
3965,3963,3780
3963,3964,3960
3965,3966,3964
3967,3964,3966
3964,3967,3820
3820,3960,3964
3967,3968,3827
3827,3969,3967
3967,3969,3800
3800,3820,3967
3966,3968,3967
3968,3970,3827
3971,3972,3968
3832,3968,3972
3968,3966,3971
3968,3832,3970
3973,3827,3970
3973,3970,3832
3973,3974,3827
3973,3800,3974
3973,3975,3800
3973,3831,3975
3973,3832,3976
3973,3976,3831
3972,3831,3976
3972,3976,3832
3975,3977,3800
3975,3804,3977
3975,3978,3804
3975,3831,3978
3979,3804,3978
3979,3978,3831
3804,3979,3797
3797,3979,3980
3981,3982,3979
3979,3983,3981
3982,3980,3979
3983,3979,3831
3831,3972,3983
3971,3981,3983
3983,3972,3971
3982,3981,3984
3984,3783,3982
3980,3982,3783
3782,3984,3985
3782,3783,3984
3985,3984,3981
3981,3971,3985
3971,3986,3985
3985,3986,3779
3985,3779,3782
3966,3965,3986
3986,3965,3780
3986,3971,3966
3780,3779,3986
3980,3987,3797
3987,3980,3783
3783,3784,3987
3789,3987,3784
3987,3789,3797
3807,3800,3977
3807,3977,3804
3969,3827,3974
3969,3974,3800
3960,3820,3822
3836,3822,3801
3823,3821,3800
3822,3823,3817
3824,3817,3825
3827,3830,3817
3830,3829,3800
3800,3817,3830
3827,3817,3988
3827,3988,3801
3800,3827,3832
3800,3801,3988
3800,3988,3817
3800,3832,3831
3800,3831,3804
3828,3800,3829
3824,3826,3800
3820,3800,3821
3801,3817,3795
3797,3806,3804
3807,3804,3806
3811,3804,3802
3801,3802,3804
3816,3815,3804
3814,3804,3815
3807,3796,3795
3803,3795,3810
3814,3816,3795
3804,3795,3816
3808,3810,3795
3788,3787,3791
3785,3780,3787
3777,3780,3785
3771,3775,3777
3777,3778,3771
3617,3736,3743
3616,3617,3743
3743,3742,3616
3744,3716,3616
3616,3742,3744
3617,3735,3736
3735,3617,3727
3728,3989,3617
3617,3717,3728
3717,3990,3728
3989,3728,3991
3616,3992,3728
3616,3728,3723
3723,3728,3993
3710,3728,3994
3710,3721,3728
3721,3995,3728
3996,3993,3728
3996,3728,3992
3994,3728,3995
3991,3728,3997
3998,3997,3728
3718,3728,3990
3718,3998,3728
3718,3990,3616
3717,3616,3990
3718,3617,3998
3998,3989,3997
3989,3998,3617
3997,3999,3991
3997,3989,3999
3727,3991,3999
3727,3999,3989
3989,3991,3727
3996,3992,3727
3616,3727,3992
3994,4000,3727
3710,3994,3727
3994,3616,4000
3994,3995,3616
4001,3727,4000
4001,4000,3616
3611,3727,4001
3611,4001,3617
4001,4002,3617
4001,3616,4002
3615,3617,4002
3615,4002,3616
3721,3616,3995
3996,3617,3993
3996,3726,3617
3996,3616,3726
3616,3996,3727
3723,3993,3617
3617,4003,3727
3610,3710,3727
3727,3611,3610
3719,3727,4003
3719,4003,3616
3617,3616,4003
3716,3719,3616
3721,3722,3616
3722,3720,3713
3713,3616,3722
3726,3616,3724
3723,3724,3616
3726,3725,3617
3723,3617,3725
3708,3713,3720
3709,3613,3602
3613,3709,3710
3613,3710,3610
3625,3627,3695
3689,3694,3688
3628,3690,3629
3690,3628,3625
3681,3671,3667
4004,3674,3680
4005,4004,3680
3587,3584,3680
3680,3679,3587
3675,3680,3674
4005,3680,3584
4006,4005,3583
4005,4006,3673
3584,3583,4005
3673,4004,4005
4006,3583,3581
4007,3673,4006
4006,4008,4007
4008,4006,4009
3581,4009,4006
3581,3576,4009
3577,4009,3576
4009,3577,4008
3571,4008,3577
4008,3571,4010
4010,4007,4008
4010,3540,3539
4010,3542,3540
4010,4011,4007
4011,4010,4012
3543,4012,4010
4010,3539,3543
3542,4010,3571
4012,4013,4011
4013,4012,4014
3543,4014,4012
4014,3543,3545
3545,3550,4014
4015,4014,3550
4014,4015,4013
4013,4015,3670
3666,3670,4015
3664,4015,3550
4015,3664,3666
4011,4013,3673
3670,3673,4013
3673,4007,4011
3674,4004,3673
3594,3587,3679
3669,3652,3638
3652,3669,3661
3550,3549,3664
3661,3650,3652
3649,3654,3573
3574,3573,3654
3641,3638,3652
3649,4016,3647
3647,4016,3646
4016,3649,3578
4016,3580,3589
3589,3646,4016
3578,3580,4016
3573,3578,3649
4017,3644,3646
3646,4018,4017
4018,3646,3589
3603,4017,4018
4018,3599,3603
3599,4018,3588
3589,3588,4018
4017,3603,4019
3644,4017,3643
4019,3643,4017
3624,3631,4019
3643,4019,3631
3607,4019,3603
4019,3607,3624
3631,3640,3643
3632,3640,3631
3619,3627,3620
3605,3600,3613
3600,3602,3613
3602,3595,3597
3574,3565,3566
3532,3529,3564
3564,3529,3412
3412,3410,3564
3529,3530,4020
3529,4020,3531
4021,4020,3530
4021,3531,4020
4021,3530,3531
3406,4022,3343
4022,3406,3405
4022,4023,3343
4023,4022,4024
3405,4024,4022
4023,4025,3343
4025,4023,4024
4025,3342,3343
3342,4025,4026
4024,4026,4025
4026,4024,4027
4027,3333,4026
4026,3336,3342
3336,4026,3333
4028,4029,4027
4029,3332,4027
4027,4030,4028
4030,4027,4024
3333,4027,3332
3404,4030,4024
4030,3404,4028
4029,4028,4031
4028,4032,4031
4032,4028,3404
4033,4031,4032
4034,4032,3404
4032,4034,4033
4035,4031,4033
4036,4033,4037
4033,4036,4038
4033,4038,4035
4037,4033,4039
4034,4039,4033
3404,3403,4039
4039,4034,3404
4039,4040,4037
4040,4039,3403
4040,3403,3398
3394,3387,4040
4040,3398,3394
3388,4040,3387
3388,4037,4040
4036,4037,3388
4041,4035,4038
4041,4038,4036
4042,4043,4041
4041,4044,4042
4044,4041,4045
4036,4045,4041
4035,4041,4043
4046,4043,4047
4043,4046,4048
4043,4042,4047
4043,4048,4049
4043,4049,4035
4049,4048,3330
3330,4031,4049
4035,4049,4031
3329,4048,4046
4048,3329,3330
4050,4047,4051
4052,4051,4047
4047,4050,4046
4047,4042,4052
4051,4052,4053
4052,4054,3283
4054,4052,4042
3283,4053,4052
4053,4055,4051
3281,4055,4053
3281,4053,3283
4056,4051,4055
4055,3281,4057
4056,4055,4058
4058,4055,4057
4059,3305,4057
3307,4057,3305
4057,3307,4058
4060,4057,3281
4060,4059,4057
3305,4059,4061
4059,4060,4061
4061,3304,3305
3304,4061,4062
4063,4062,4061
4064,4063,4061
4061,3277,4064
3277,4061,4060
4065,4063,4064
4064,4066,4065
3277,3276,4064
4066,4064,3276
4066,4067,4068
4068,4065,4066
4067,4066,3269
3276,3269,4066
4069,4068,4067
4067,4070,4069
4067,3263,4070
3263,4067,3261
3269,3261,4067
4071,4069,4070
4072,4070,3263
4070,4072,4071
4071,4073,4074
4073,4071,4075
4075,4071,4072
4074,4069,4071
4069,4074,4076
4074,4077,4076
4077,4074,4073
4078,4076,4077
4076,4078,4079
4076,4080,4065
4079,4080,4076
4076,4068,4069
4065,4068,4076
4079,4081,4082
4081,4079,4078
4082,4083,4079
4080,4079,4083
4083,4082,3304
4062,4083,3304
4083,4062,4080
3301,3304,4082
4084,4082,4081
4082,4084,3301
4081,4085,4084
4085,4086,4084
4087,4084,4086
4084,4087,3299
3299,3301,4084
4086,4088,4087
3249,4087,4088
4087,3249,3297
3297,3299,4087
4089,4090,4088
3248,4088,4090
4088,3248,3249
4088,4086,4089
4090,4089,4091
4092,4091,4089
4093,4092,4089
4089,4094,4093
4094,4089,4086
4092,4093,4095
4091,4092,4095
4095,3234,3239
3234,4095,3235
3239,4091,4095
4096,3235,4095
4097,4095,4093
4098,4096,4095
4095,4097,4098
4099,4096,4098
4099,3235,4096
4099,4100,3229
3229,3228,4099
4098,4101,4099
4099,4102,4100
4102,4099,4101
3235,4099,3228
3220,3229,4100
4100,4103,3220
4103,4100,4102
4104,3214,4103
4104,4103,4105
4102,4105,4103
3220,4103,3214
4105,4106,4104
4107,4108,4105
4105,4102,4107
4106,4105,4108
4109,4104,4106
4110,4106,4111
4112,4106,4110
4106,4113,4109
4112,4113,4106
4108,4111,4106
4107,4111,4108
4114,4115,4111
4110,4111,4115
4111,4107,4114
4116,4114,4107
4114,4116,4117
4115,4114,4118
4114,4117,4119
4114,4119,4120
4120,4118,4114
4075,4120,4119
4120,4121,4118
4121,4120,4075
4122,4118,4121
4121,4123,4122
4123,4121,4124
4075,4124,4121
4125,4123,4124
4124,4072,3264
4072,4124,4075
4124,4126,4125
3264,4126,4124
4127,4125,4126
4126,4128,4127
4126,3264,3259
3259,4128,4126
3259,4129,4128
4128,4129,4127
3259,4130,4129
4129,4130,4131
4131,4127,4129
4130,4132,3243
3243,4133,4130
4130,4133,3225
3225,4131,4130
4130,3259,4132
4132,3255,3244
3244,3243,4132
3255,4132,3259
3243,3232,4133
4133,3232,3225
4131,3225,3222
4127,4131,3222
4125,4127,4134
3222,4134,4127
4135,4134,4136
4134,4135,4125
4134,3222,3224
3224,4136,4134
4136,4137,4135
4137,4136,4138
4136,3224,4139
4139,4138,4136
4139,3219,3218
3218,4140,4139
4138,4139,4140
3224,3219,4139
4140,4141,4138
4142,4141,4140
4140,3169,4142
4140,3167,3169
3167,4140,3218
4142,3168,3170
3170,4143,4142
4141,4142,4143
4142,3169,3168
3170,3160,4143
4144,4143,3160
4143,4145,4141
4145,4143,4144
4145,4144,4146
4146,4144,3160
4146,4147,4145
4148,4147,4146
4146,4149,4148
4146,3160,3159
3159,4149,4146
3159,3162,4149
4150,4149,3162
4151,4148,4149
4149,4150,4151
4152,4150,3162
4112,4151,4150
4113,4112,4150
4150,4152,4113
4152,4153,4113
4153,4152,3163
4152,3162,3163
4109,4113,4153
4153,3211,4109
3163,3164,4153
3164,3211,4153
4110,4148,4151
4110,4151,4112
4145,4147,4154
4154,4147,4148
4154,4155,4145
4155,4154,4156
4115,4154,4110
4148,4110,4154
4154,4115,4156
4155,4156,4157
4157,4156,4118
4118,4156,4115
4157,4158,4155
4158,4157,4118
4138,4155,4158
4118,4122,4158
4158,4137,4138
4137,4158,4135
4122,4135,4158
4141,4145,4155
4155,4138,4141
4123,4125,4135
4135,4122,4123
4075,4119,4117
4159,4117,4116
4117,4159,4075
4075,4159,4073
4159,4160,4073
4116,4160,4159
4160,4161,4101
4160,4116,4161
4160,4098,4097
4097,4162,4160
4162,4073,4160
4101,4098,4160
4162,4097,4163
4163,4077,4162
4073,4162,4077
4077,4163,4164
4163,4093,4164
4093,4163,4097
4094,4164,4093
4164,4094,4085
4085,4081,4164
4078,4164,4081
4164,4078,4077
4107,4161,4116
4107,4101,4161
4104,4109,3212
3212,4109,3211
4101,4107,4102
3212,3214,4104
4086,4085,4094
4091,3239,4090
4090,3240,3248
3240,4090,3239
4065,4080,4062
3263,3264,4072
4062,4063,4065
3281,3280,4060
3277,4060,3280
4058,3313,4056
3313,4058,3311
3311,4058,3307
4051,4056,4050
4165,4050,4056
4056,3313,4165
4165,3314,3319
3314,4165,3313
4050,4165,4046
3319,4046,4165
4042,4044,4054
3380,4054,4044
4054,3380,3285
3285,3283,4054
4046,3319,3320
3320,3329,4046
4045,4166,4044
4166,4045,4167
4045,4036,4168
4045,4168,3390
3390,4167,4045
3388,3390,4168
3388,4168,4036
4167,3390,3386
3386,3382,4167
4166,4167,3382
4044,4166,3380
3382,3378,4166
3380,4166,3378
3332,4029,4031
4031,3330,3332
4024,3405,3404
3348,3397,3401
3348,3401,3400
3348,3400,3402
3348,3347,3397
3387,3394,3392
3384,3363,3365
3360,3363,3384
3286,3285,3380
3366,3369,3375
3353,3347,3346
3351,3339,3338
3294,3297,3249
3250,3291,3294
3294,3249,3250
3252,3273,3291
3291,3250,3252
3269,3276,3268
3273,3252,3267
3253,3267,3252
3232,3243,3234
3239,3234,3242
3232,3233,3231
3235,3231,3233
3235,3228,3231
3231,3225,3232
3225,3231,3227
3228,3227,3231
3214,3217,3220
3218,4169,3167
4169,3218,3215
3215,3209,4169
3166,4169,3209
3167,4169,3166
3211,3164,3165
3175,3185,3173
4170,4171,3186
4172,4170,3186
3186,4173,4174
4173,3186,4171
3186,4174,4172
4175,4176,3186
4176,4177,3186
4178,3186,4177
3186,4178,4175
4178,4179,4172
4170,4172,4180
4181,4172,4182
4181,4183,4172
4183,4184,4172
4174,4180,4172
4182,4172,4184
4172,4175,4185
4175,4172,4176
4172,4185,4176
4177,4176,4185
4177,4185,4175
4184,4186,4182
4181,4182,4179
4179,4182,4186
4184,4181,4186
4179,4186,4181
4170,4180,4179
4174,4179,4180
4184,4183,4187
4184,4187,4181
4178,4187,4183
4178,4181,4187
4181,4178,4183
4188,4179,4189
4174,4189,4179
4188,4190,4179
4191,4179,4190
4179,4191,4170
4179,4192,4193
4194,4179,4193
4179,4194,4192
4195,4196,4194
4194,4197,4195
4191,4190,4194
4194,4196,4191
4197,4194,4188
4188,4194,4190
4194,4193,4178
4178,4192,4194
4196,4198,4199
4196,4195,4198
4199,4200,4196
4201,4202,4196
4196,4200,4201
4202,4191,4196
4202,4201,4203
4203,4204,4202
4191,4202,4204
4205,4204,3187
4204,4203,3187
4204,4205,4191
4170,4205,3187
4205,4170,4191
4203,4206,3187
4206,4203,4201
4207,4206,4201
4206,4207,3187
4207,4208,3187
4201,4209,4207
4208,4207,4209
4210,4208,4211
4209,4211,4208
3187,4208,4210
4211,4212,4210
4213,4210,4212
4210,4213,3187
3187,4213,4214
4215,4214,4213
4213,4216,4215
4212,4216,4213
4217,4218,4216
4219,4217,4216
4220,4215,4216
4216,4218,4220
4216,4212,4219
4220,4218,4221
4218,4217,4221
4217,4219,4221
4221,4222,4220
4223,4221,4219
4222,4221,4224
4225,4224,4221
4226,4225,4221
4221,4223,4226
4223,4227,4228
4227,4223,4229
4219,4229,4223
4230,4226,4223
4228,4230,4223
4230,4228,4231
4226,4230,4231
4232,4233,4231
4234,4231,4233
4235,4232,4231
4231,4234,4225
4225,4226,4231
4236,4231,4228
4231,4236,4235
4232,4235,4237
4237,4235,4238
4236,4238,4235
4238,4239,4240
4240,4241,4238
4242,4238,4241
4238,4236,4239
4238,4242,4237
4243,4242,4244
4245,4244,4242
4246,4237,4242
4242,4247,4246
4243,4247,4242
4242,4248,4245
4242,4241,4248
4243,4246,4249
4250,4246,4243
4243,4244,4250
4247,4243,4249
4251,4249,4252
4247,4249,4251
4249,4246,4253
4252,4249,4253
4254,4252,4255
4255,4252,4256
4252,4254,4251
4253,4256,4252
4257,4255,4256
4257,4256,4258
4253,4258,4256
4258,4259,4257
4260,4259,4258
4258,4253,4260
4257,4259,4261
4260,4261,4259
4261,4262,4257
4262,4261,4263
4260,4263,4261
4264,4262,4263
4264,4263,4265
4260,4265,4263
4265,4266,4264
4260,4266,4265
4267,4264,4266
4267,4266,4268
4260,4268,4266
4269,4268,4270
4270,4268,4271
4272,4271,4268
4268,4260,4272
4268,4269,4267
4270,4273,4269
4274,4269,4273
4269,4274,4275
4275,4267,4269
4270,4276,4273
4274,4273,4276
4277,4276,4270
4278,4274,4276
4276,4277,4279
4279,4278,4276
4279,4280,4281
4281,4282,4279
4282,4283,4279
4278,4279,4283
4277,4284,4279
4284,4285,4279
4280,4279,4285
4280,4286,4287
4286,4280,4285
4287,4281,4280
4281,4287,4288
4287,4289,4288
4289,4287,4286
4290,4288,4291
4288,4290,4281
4288,4292,4293
4288,4294,4292
4288,4293,4291
4294,4288,4289
4295,4293,4292
4295,4291,4293
4296,4295,4297
4298,4295,4296
4299,4295,4300
4299,4301,4295
4302,4297,4295
4302,4295,4298
4303,4295,4304
4303,4305,4295
4306,4295,4305
4307,4308,4295
4308,4309,4295
4310,4295,4309
4307,4295,4311
4312,4300,4295
4312,4295,4301
4295,4310,4313
4295,4314,4315
4295,4313,4314
4295,4316,4317
4295,4315,4316
4295,4318,4291
4295,4317,4318
4295,4319,4320
4295,4292,4319
4295,4321,4322
4295,4320,4321
4295,4323,4324
4295,4325,4323
4306,4304,4295
4322,4326,4295
4325,4295,4326
4324,4311,4295
4324,4327,4328
4325,4324,4328
4329,4327,4324
4324,4302,4329
4325,4330,4324
4302,4324,4297
4331,4324,4323
4331,4332,4324
4311,4324,4332
4333,4324,4334
4334,4324,4335
4335,4324,4336
4299,4336,4324
4299,4324,4337
4322,4338,4324
4322,4324,4339
4340,4339,4324
4320,4324,4341
4320,4292,4324
4292,4291,4324
4291,4317,4324
4317,4315,4324
4315,4313,4324
4313,4296,4324
4296,4297,4324
4330,4341,4324
4333,4337,4324
4340,4324,4338
4322,4325,4338
4340,4338,4325
4337,4342,4299
4337,4325,4342
4333,4325,4337
4333,4299,4342
4333,4342,4325
4340,4302,4339
4302,4340,4292
4325,4292,4340
4330,4322,4341
4320,4341,4322
4333,4343,4299
4333,4334,4322
4333,4322,4343
4320,4299,4343
4343,4322,4344
4343,4344,4320
4334,4344,4322
4334,4320,4344
4322,4330,4299
4325,4299,4330
4322,4339,4302
4299,4302,4336
4335,4336,4302
4302,4320,4335
4334,4335,4320
4311,4332,4302
4331,4302,4332
4331,4307,4302
4345,4346,4331
4331,4347,4345
4325,4347,4331
4346,4348,4331
4348,4307,4331
4331,4323,4325
4275,4349,4348
4307,4348,4349
4350,4348,4346
4348,4350,4351
4348,4351,4275
4267,4351,4350
4267,4275,4351
4352,4350,4353
4345,4353,4350
4350,4346,4345
4350,4352,4267
4353,4354,4352
4262,4352,4354
4352,4262,4264
4264,4267,4352
4354,4353,4355
4262,4354,4356
4355,4356,4354
4357,4355,4358
4359,4358,4355
4355,4360,4359
4360,4355,4353
4355,4357,4356
4257,4356,4357
4257,4357,4361
4362,4361,4357
4357,4358,4362
4363,4362,4358
4363,4364,4362
4365,4362,4364
4362,4365,4366
4366,4361,4362
4365,4367,4366
4367,4365,4364
4367,4368,4369
4369,4366,4367
4364,4370,4367
4368,4367,4370
4370,4289,4368
4286,4368,4289
4368,4286,4369
4371,4370,4364
4294,4289,4370
4370,4371,4294
4371,4320,4319
4371,4319,4292
4371,4372,4320
4364,4372,4371
4294,4371,4292
4372,4364,4363
4373,4372,4363
4372,4373,4320
4373,4322,4321
4373,4374,4322
4363,4359,4373
4373,4321,4320
4374,4373,4359
4374,4299,4375
4374,4376,4299
4374,4375,4322
4360,4376,4374
4374,4359,4360
4326,4375,4299
4326,4322,4375
4376,4377,4299
4378,4347,4376
4376,4360,4378
4376,4347,4325
4376,4325,4377
4326,4299,4377
4326,4377,4325
4353,4345,4378
4353,4378,4360
4347,4378,4345
4379,4380,4369
4369,4285,4379
4285,4369,4286
4366,4369,4380
4380,4255,4361
4255,4380,4254
4380,4381,4254
4381,4380,4379
4361,4366,4380
4254,4381,4382
4383,4381,4379
4381,4383,4382
4384,4383,4379
4385,4386,4383
4383,4384,4385
4386,4382,4383
4247,4386,4385
4382,4386,4247
4387,4384,4379
4384,4387,4385
4379,4388,4387
4389,4385,4387
4390,4389,4387
4391,4387,4392
4387,4391,4390
4388,4392,4387
4392,4393,4391
4393,4392,4284
4392,4388,4284
4391,4393,4270
4270,4393,4277
4284,4277,4393
4388,4379,4285
4285,4284,4388
4391,4394,4390
4389,4390,4246
4390,4395,4246
4395,4390,4394
4394,4391,4270
4270,4271,4394
4394,4271,4395
4246,4395,4396
4271,4396,4395
4396,4271,4272
4272,4246,4396
4385,4389,4246
4246,4247,4385
4382,4251,4254
4251,4382,4247
4358,4359,4363
4361,4255,4257
4356,4257,4262
4349,4397,4398
4397,4349,4274
4349,4275,4274
4398,4308,4349
4349,4308,4307
4397,4283,4398
4308,4398,4296
4398,4310,4296
4398,4399,4313
4399,4398,4283
4398,4313,4310
4399,4400,4315
4283,4400,4399
4399,4315,4314
4399,4314,4313
4317,4400,4290
4281,4290,4400
4400,4317,4316
4400,4316,4315
4400,4283,4282
4400,4282,4281
4283,4397,4274
4401,4402,4327
4401,4327,4329
4327,4403,4328
4327,4404,4403
4327,4405,4404
4327,4406,4405
4327,4407,4406
4327,4402,4407
4291,4402,4401
4292,4407,4402
4291,4292,4402
4406,4407,4292
4322,4405,4406
4406,4320,4322
4292,4320,4406
4404,4405,4322
4325,4403,4404
4404,4299,4325
4322,4299,4404
4325,4328,4403
4401,4408,4315
4408,4401,4298
4401,4329,4298
4401,4317,4291
4315,4317,4401
4408,4409,4296
4408,4298,4409
4296,4313,4408
4313,4315,4408
4296,4409,4298
4298,4329,4302
4313,4292,4410
4292,4313,4411
4291,4411,4313
4313,4410,4291
4313,4317,4412
4317,4313,4413
4414,4313,4415
4414,4413,4313
4412,4415,4313
4313,4416,4417
4417,4418,4313
4313,4418,4416
4419,4417,4416
4419,4416,4418
4296,4417,4419
4296,4419,4292
4418,4292,4419
4417,4292,4418
4292,4417,4296
4412,4315,4415
4414,4415,4315
4420,4412,4317
4420,4315,4412
4420,4421,4291
4420,4317,4421
4420,4414,4315
4420,4292,4414
4420,4422,4292
4420,4291,4422
4317,4292,4422
4422,4291,4421
4422,4421,4317
4317,4413,4292
4414,4292,4413
4292,4411,4315
4291,4315,4411
4423,4410,4292
4423,4291,4410
4315,4423,4292
4423,4424,4291
4423,4425,4317
4423,4317,4424
4423,4315,4425
4424,4317,4425
4424,4425,4315
4315,4291,4424
4325,4426,4292
4426,4325,4427
4322,4427,4325
4427,4428,4299
4426,4427,4299
4427,4322,4428
4426,4299,4428
4426,4428,4322
4426,4322,4429
4426,4429,4292
4429,4322,4430
4429,4320,4431
4429,4430,4320
4429,4431,4292
4430,4431,4320
4430,4292,4431
4292,4430,4322
4290,4318,4317
4299,4320,4432
4302,4312,4320
4296,4320,4312
4296,4432,4320
4432,4296,4433
4299,4432,4292
4432,4433,4292
4299,4433,4296
4299,4292,4433
4306,4302,4304
4303,4304,4302
4307,4311,4302
4312,4302,4300
4299,4300,4302
4322,4434,4292
4322,4296,4434
4296,4322,4306
4302,4306,4322
4303,4434,4296
4303,4292,4434
4306,4305,4296
4290,4291,4318
4310,4309,4296
4312,4301,4296
4299,4296,4301
4308,4296,4309
4303,4296,4305
4302,4292,4303
4274,4278,4283
4246,4272,4260
4246,4260,4253
4250,4237,4246
4237,4250,4435
4250,4244,4436
4436,4437,4250
4437,4438,4250
4438,4435,4250
4435,4233,4237
4435,4438,4439
4233,4435,4439
4440,4439,4438
4439,4440,4441
4439,4234,4233
4234,4439,4225
4441,4224,4439
4224,4225,4439
4441,4442,4443
4442,4441,4440
4224,4441,4222
4443,4222,4441
4443,4444,4445
4445,4446,4443
4222,4443,4446
4444,4443,4442
4442,4447,4444
4448,4444,4447
4445,4444,4448
4449,4448,4450
4448,4449,4445
4450,4448,4447
4447,4451,4450
4449,4450,4452
4451,4452,4450
4452,4451,4453
4454,4453,4451
4455,4454,4451
4451,4447,4455
4453,4454,4456
4457,4456,4454
4454,4458,4457
4454,4244,4458
4459,4244,4454
4454,4455,4459
4459,4436,4244
4436,4459,4455
4244,4457,4458
4244,4245,4457
4456,4457,4245
4456,4460,4453
4456,4461,4460
4461,4456,4462
4248,4462,4456
4456,4245,4248
4460,4197,4463
4197,4460,4461
4463,4453,4460
4449,4452,4463
4463,4464,4449
4464,4463,4197
4453,4463,4452
4189,4449,4464
4197,4188,4464
4189,4464,4188
4241,4465,4462
4462,4248,4241
4461,4462,4465
4465,4466,4461
4241,4467,4465
4466,4465,4467
4466,4198,4195
4195,4461,4466
4198,4466,4468
4240,4468,4466
4466,4467,4240
4468,4240,4239
4468,4199,4198
4468,4239,4236
4199,4468,4469
4236,4469,4468
4469,4470,4199
4470,4469,4228
4236,4228,4469
4471,4200,4470
4470,4472,4471
4228,4472,4470
4199,4470,4200
4472,4227,4471
4228,4227,4472
4229,4471,4227
4211,4209,4471
4471,4229,4211
4200,4471,4201
4209,4201,4471
4241,4240,4467
4461,4195,4197
4455,4440,4436
4440,4455,4447
4473,4445,4449
4449,4474,4475
4449,4189,4474
4449,4475,4473
4476,4473,4475
4445,4473,4477
4476,4477,4473
4445,4477,4478
4477,4476,4479
4479,4478,4477
4478,4479,4214
3187,4214,4479
3187,4479,4476
4214,4215,4478
4445,4478,4215
3187,4476,4480
4475,4480,4476
3187,4480,4173
4189,4173,4480
4480,4474,4189
4480,4475,4474
4447,4442,4440
4215,4446,4445
4446,4220,4222
4215,4220,4446
4437,4436,4440
4438,4437,4440
4233,4232,4237
4212,4211,4229
4229,4219,4212
4178,4193,4192
4189,4174,4173
4178,4177,4175
4173,4171,3187
4170,3187,4171
3175,3176,3166
3168,3166,3176
3173,3174,3175
3173,4481,4482
3168,3173,4482
3173,3168,4481
3171,4481,3168
3171,4482,4481
3168,4482,3171
4483,4484,4485
4486,4487,4483
4487,4488,4483
4488,4489,4483
4490,4486,4483
4490,4483,4489
4491,4492,4483
4491,4483,4493
4494,4493,4483
4494,4483,4495
4495,4483,4492
4490,4489,4485
4488,4485,4489
4495,4492,4485
4491,4485,4492
4494,4495,4484
4495,4496,4484
4495,4485,4496
4497,4484,4496
4497,4496,4485
4494,4484,4497
4497,4498,4494
4498,4497,4491
4485,4491,4497
4499,4494,4498
4498,4500,4501
4498,4501,4499
4493,4498,4491
4498,4493,4502
4502,4500,4498
4503,4501,4500
4500,4504,4503
4505,4500,4506
4502,4506,4500
4504,4500,4505
4505,4507,4504
4507,4505,4506
4507,4508,4504
4506,4508,4507
4508,4506,4509
4509,4510,4508
4508,4510,4511
4508,4511,4504
4512,4504,4511
4511,4513,4512
4513,4511,4510
4512,4513,4514
4510,4515,4513
4514,4513,4515
4514,4515,4512
4512,4515,4510
4516,4517,4514
4514,4518,4516
4514,4519,4520
4514,4520,4521
4514,4521,4518
4519,4514,4517
4519,4516,4522
4522,4523,4519
4519,4521,4516
4521,4519,4523
4512,4524,4519
4519,4517,4512
4524,4520,4519
4519,4525,4526
4525,4519,4527
4519,4526,4527
4528,4526,4525
4528,4527,4526
4528,4525,4529
4527,4528,4521
4528,4529,4530
4530,4521,4528
4516,4530,4529
4516,4529,4525
4525,4530,4516
4525,4521,4530
4525,4527,4521
4512,4516,4524
4524,4516,4518
4524,4521,4520
4524,4518,4521
4531,4532,4523
4532,4533,4523
4534,4523,4533
4522,4531,4523
4521,4523,4534
4521,4534,4535
4535,4534,4536
4534,4537,4536
4534,4538,4537
4538,4534,4533
4539,4532,4536
4536,4537,4539
4536,4532,4531
4531,4540,4536
4535,4536,4540
4540,4531,4541
4535,4540,4521
4540,4541,4516
4540,4516,4521
4531,4522,4541
4516,4541,4522
4539,4542,4543
4542,4539,4544
4543,4545,4539
4546,4539,4547
4544,4539,4546
4539,4548,4532
4545,4548,4539
4549,4547,4539
4539,4537,4549
4550,4544,4551
4551,4544,4546
4544,4552,4542
4553,4552,4544
4544,4550,4553
4550,4554,4555
4553,4550,4555
4551,4554,4550
4556,4555,4554
4557,4558,4554
4554,4558,4556
4554,4551,4557
4559,4557,4551
4559,4560,4557
4561,4562,4557
4557,4560,4561
4558,4557,4562
4563,4556,4562
4562,4556,4558
4562,4564,4563
4564,4562,4565
4562,4561,4565
4556,4563,4566
4563,4567,4566
4567,4563,4564
4568,4556,4566
4566,4569,4568
4570,4569,4566
4566,4571,4570
4566,4572,4571
4566,4573,4572
4566,4574,4573
4566,4575,4574
4567,4575,4566
4574,4575,4576
4577,4576,4575
4575,4567,4577
4578,4576,4577
4577,4579,4578
4580,4579,4577
4580,4577,4564
4564,4577,4567
4581,4582,4580
4564,4581,4580
4582,4579,4580
4578,4579,4582
4582,4583,4578
4583,4582,4581
4583,4584,4578
4583,4537,4538
4537,4583,4549
4549,4583,4581
4538,4585,4583
4585,4584,4583
4584,4585,4586
4586,4576,4584
4578,4584,4576
4587,4586,4585
4573,4574,4586
4586,4587,4573
4576,4586,4574
4587,4588,4572
4588,4587,4589
4585,4538,4587
4587,4538,4589
4572,4573,4587
4589,4590,4588
4589,4538,4590
4588,4590,4591
4590,4592,4591
4592,4590,4538
4592,4593,4594
4592,4594,4591
4593,4592,4595
4592,4538,4595
4593,4595,4596
4596,4597,4593
4594,4593,4597
4597,4596,4598
4597,4599,4594
4598,4570,4597
4599,4597,4570
4588,4599,4571
4591,4599,4588
4591,4594,4599
4570,4571,4599
4600,4598,4596
4569,4598,4600
4569,4570,4598
4569,4600,4601
4601,4600,4602
4596,4602,4600
4602,4603,4601
4603,4602,4604
4605,4604,4602
4605,4602,4596
4595,4606,4605
4596,4595,4605
4606,4604,4605
4606,4607,4608
4606,4608,4609
4606,4595,4538
4604,4606,4603
4603,4606,4609
4606,4538,4607
4610,4608,4607
4610,4607,4611
4607,4612,4613
4613,4614,4607
4611,4607,4614
4607,4615,4616
4616,4612,4607
4538,4615,4607
4611,4617,4610
4617,4611,4618
4614,4619,4611
4611,4619,4620
4620,4618,4611
4619,4614,4613
4613,4621,4619
4620,4619,4621
4622,4621,4613
4621,4623,4620
4623,4621,4622
4624,4625,4622
4622,4612,4624
4613,4612,4622
4622,4626,4623
4626,4622,4625
4627,4628,4625
4629,4625,4628
4625,4624,4627
4625,4629,4626
4630,4626,4629
4628,4631,4629
4629,4631,4630
4555,4630,4632
4555,4633,4630
4618,4630,4569
4630,4634,4569
4630,4633,4634
4630,4618,4620
4630,4623,4626
4630,4620,4623
4635,4636,4630
4636,4632,4630
4631,4635,4630
4635,4637,4638
4637,4635,4631
4638,4636,4635
4636,4638,4639
4639,4638,4640
4640,4638,4637
4640,4641,4639
4637,4642,4640
4642,4641,4640
4641,4548,4643
4639,4641,4643
4548,4641,4642
4643,4644,4639
4643,4548,4644
4632,4639,4644
4645,4646,4644
4644,4548,4645
4644,4647,4632
4647,4644,4646
4648,4649,4646
4646,4645,4648
4646,4650,4647
4650,4646,4649
4651,4652,4649
4649,4648,4651
4653,4649,4652
4649,4653,4650
4653,4654,4555
4650,4653,4555
4652,4654,4653
4654,4553,4555
4654,4652,4552
4552,4553,4654
4651,4543,4652
4552,4652,4543
4651,4648,4545
4545,4543,4651
4647,4650,4555
4545,4648,4645
4632,4647,4555
4645,4548,4545
4655,4642,4637
4655,4612,4642
4548,4642,4612
4637,4628,4655
4628,4627,4655
4655,4627,4612
4639,4632,4636
4631,4628,4637
4656,4657,4633
4657,4658,4633
4555,4656,4633
4633,4658,4634
4657,4659,4658
4658,4659,4660
4660,4634,4658
4660,4656,4568
4656,4660,4661
4660,4659,4661
4568,4569,4660
4660,4569,4634
4662,4663,4661
4663,4664,4661
4664,4665,4661
4666,4661,4667
4667,4661,4668
4669,4668,4661
4670,4671,4661
4671,4672,4661
4672,4673,4661
4673,4669,4661
4665,4670,4661
4656,4661,4666
4661,4659,4674
4674,4662,4661
4662,4675,4676
4663,4662,4676
4675,4662,4674
4676,4675,4677
4675,4678,4677
4674,4678,4675
4679,4680,4678
4680,4677,4678
4678,4674,4679
4679,4674,4659
4681,4679,4659
4682,4680,4679
4682,4679,4681
4683,4684,4681
4681,4684,4682
4685,4681,4659
4681,4685,4683
4685,4686,4687
4686,4685,4659
4687,4683,4685
4683,4687,4688
4688,4687,4689
4689,4687,4686
4690,4688,4689
4689,4691,4690
4692,4691,4689
4689,4693,4692
4689,4686,4693
4659,4693,4686
4659,4692,4693
4692,4659,4657
4657,4694,4692
4691,4692,4694
4690,4694,4695
4696,4695,4694
4694,4690,4691
4694,4697,4696
4657,4697,4694
4696,4697,4698
4657,4698,4697
4698,4699,4696
4657,4699,4698
4699,4700,4701
4702,4699,4701
4703,4700,4699
4704,4705,4699
4704,4699,4706
4706,4699,4707
4696,4699,4695
4695,4699,4702
4699,4708,4703
4708,4699,4705
4657,4707,4699
4709,4710,4708
4711,4709,4708
4712,4713,4708
4708,4714,4712
4703,4708,4710
4713,4711,4708
4708,4705,4714
4715,4711,4713
4713,4716,4715
4716,4713,4712
4717,4715,4716
4716,4718,4717
4719,4718,4716
4716,4720,4719
4712,4720,4716
4721,4717,4718
4719,4721,4718
4722,4721,4723
4723,4721,4719
4715,4717,4721
4724,4721,4722
4721,4724,4715
4724,4709,4711
4709,4724,4725
4711,4715,4724
4722,4725,4724
4709,4725,4726
4727,4726,4725
4725,4728,4727
4722,4728,4725
4723,4727,4728
4723,4728,4722
4729,4727,4723
4726,4727,4729
4723,4730,4729
4729,4730,4731
4731,4726,4729
4731,4732,4710
4710,4726,4731
4732,4731,4733
4734,4733,4731
4731,4730,4734
4733,4734,4735
4723,4735,4734
4734,4730,4723
4735,4736,4737
4723,4736,4735
4735,4738,4733
4737,4738,4735
4737,4739,4740
4740,4700,4737
4737,4736,4741
4737,4700,4742
4742,4738,4737
4741,4739,4737
4741,4736,4723
4723,4743,4741
4739,4741,4743
4744,4743,4723
4745,4743,4744
4743,4745,4739
4745,4746,4740
4744,4746,4745
4739,4745,4740
4747,4740,4746
4746,4748,4747
4748,4746,4749
4744,4749,4746
4723,4750,4749
4723,4749,4744
4749,4750,4748
4723,4751,4750
4750,4751,4752
4752,4748,4750
4748,4752,4753
4754,4753,4752
4752,4751,4755
4752,4756,4754
4755,4756,4752
4757,4756,4758
4755,4758,4756
4756,4757,4754
4757,4759,4760
4760,4754,4757
4757,4761,4762
4759,4757,4762
4758,4761,4757
4762,4761,4723
4761,4758,4723
4759,4763,4764
4764,4760,4759
4762,4765,4759
4759,4765,4766
4766,4763,4759
4766,4765,4723
4723,4767,4766
4763,4766,4767
4768,4767,4723
4769,4767,4768
4767,4769,4763
4769,4770,4771
4771,4772,4769
4768,4770,4769
4763,4769,4772
4770,4773,4771
4773,4770,4768
4768,4774,4773
4775,4773,4774
4773,4775,4771
4774,4776,4775
4775,4776,4777
4775,4778,4779
4779,4771,4775
4777,4778,4775
4780,4778,4781
4777,4781,4778
4778,4780,4779
4780,4782,4783
4784,4780,4783
4781,4782,4780
4780,4784,4779
4785,4783,4782
4782,4786,4785
4786,4782,4723
4782,4781,4723
4786,4787,4785
4788,4787,4786
4723,4789,4786
4790,4786,4789
4786,4790,4788
4787,4788,4784
4788,4791,4779
4779,4784,4788
4791,4788,4790
4779,4791,4714
4791,4792,4793
4791,4794,4792
4791,4795,4794
4720,4712,4791
4791,4793,4720
4791,4790,4795
4791,4712,4714
4789,4795,4790
4789,4723,4795
4794,4795,4723
4796,4797,4793
4796,4793,4792
4793,4797,4719
4719,4720,4793
4719,4797,4723
4798,4723,4797
4797,4796,4798
4799,4723,4798
4798,4800,4799
4800,4798,4792
4792,4798,4796
4794,4799,4800
4792,4794,4800
4723,4799,4794
4784,4785,4787
4783,4785,4784
4723,4781,4777
4777,4776,4723
4801,4771,4779
4779,4714,4801
4701,4802,4801
4772,4801,4802
4801,4803,4680
4680,4702,4801
4801,4702,4701
4803,4801,4714
4801,4772,4771
4803,4804,4805
4804,4803,4705
4803,4805,4677
4677,4680,4803
4714,4705,4803
4806,4805,4804
4806,4807,4805
4676,4677,4805
4676,4805,4663
4663,4805,4807
4664,4807,4806
4807,4664,4663
4806,4804,4665
4665,4664,4806
4808,4804,4809
4804,4810,4809
4705,4810,4804
4665,4804,4808
4670,4808,4811
4809,4811,4808
4808,4670,4665
4812,4811,4809
4671,4811,4812
4811,4671,4670
4812,4810,4672
4812,4809,4810
4672,4671,4812
4810,4813,4814
4810,4705,4813
4672,4810,4814
4813,4815,4814
4814,4815,4673
4814,4673,4672
4815,4813,4816
4816,4817,4815
4815,4817,4669
4669,4673,4815
4817,4816,4668
4668,4669,4817
4818,4816,4704
4816,4705,4704
4816,4813,4705
4668,4816,4819
4819,4816,4818
4818,4820,4819
4821,4818,4704
4820,4818,4821
4820,4821,4822
4819,4820,4823
4822,4823,4820
4819,4823,4668
4667,4823,4822
4668,4823,4667
4666,4822,4824
4822,4666,4667
4825,4824,4822
4822,4821,4825
4826,4827,4825
4821,4826,4825
4825,4827,4824
4826,4828,4827
4827,4828,4829
4829,4824,4827
4657,4829,4828
4666,4824,4829
4829,4657,4666
4828,4826,4706
4657,4828,4707
4828,4706,4707
4826,4821,4704
4704,4706,4826
4802,4760,4764
4802,4764,4772
4760,4802,4701
4723,4776,4774
4774,4768,4723
4772,4764,4763
4723,4765,4762
4701,4754,4760
4723,4758,4755
4755,4751,4723
4701,4753,4754
4753,4747,4748
4747,4753,4830
4831,4753,4701
4830,4753,4831
4740,4830,4831
4740,4831,4700
4701,4700,4831
4830,4740,4747
4700,4703,4742
4742,4733,4738
4733,4742,4732
4703,4832,4742
4732,4742,4832
4703,4710,4832
4832,4710,4732
4726,4710,4709
4684,4702,4680
4690,4695,4702
4702,4688,4690
4688,4702,4683
4683,4702,4684
4684,4680,4682
4656,4666,4657
4556,4568,4656
4656,4555,4556
4627,4624,4612
4569,4833,4618
4618,4833,4617
4569,4834,4833
4833,4834,4835
4835,4617,4833
4835,4836,4837
4837,4838,4835
4617,4835,4838
4836,4835,4834
4609,4837,4836
4603,4836,4839
4609,4836,4603
4834,4839,4836
4569,4839,4834
4839,4601,4603
4569,4601,4839
4608,4838,4837
4838,4608,4617
4608,4837,4609
4617,4608,4610
4612,4616,4548
4616,4615,4532
4533,4615,4538
4615,4533,4532
4616,4532,4548
4571,4572,4588
4565,4549,4581
4565,4581,4564
4565,4561,4549
4561,4560,4840
4840,4560,4559
4549,4840,4547
4840,4549,4561
4547,4840,4559
4551,4547,4559
4543,4542,4552
4546,4547,4551
4516,4512,4517
4510,4503,4512
4512,4503,4504
4503,4510,4841
4510,4509,4841
4503,4841,4509
4509,4499,4501
4509,4501,4503
4502,4499,4509
4509,4506,4502
4499,4502,4493
4493,4494,4499
4486,4490,4842
4490,4843,4844
4844,4842,4490
4843,4490,4485
4487,4843,4484
4843,4845,4484
4843,4485,4845
4846,4843,4487
4846,4847,4843
4847,4844,4843
4842,4846,4487
4847,4846,4848
4842,4849,4846
4846,4849,4850
4850,4851,4846
4846,4851,4852
4852,4853,4846
4846,4853,4854
4854,4855,4846
4846,4855,4856
4856,4857,4846
4858,4859,4846
4846,4857,4858
4846,4859,4848
4860,4859,4858
4861,4848,4859
4859,4860,4861
4862,4861,4860
4860,4863,4862
4858,4863,4860
4864,4861,4862
4865,4864,4862
4863,4866,4862
4867,4868,4862
4862,4868,4865
4862,4866,4869
4862,4869,4867
4870,4867,4871
4871,4867,4872
4867,4873,4872
4868,4867,4870
4873,4867,4869
4874,4872,4873
4875,4876,4873
4875,4873,4877
4873,4878,4877
4869,4878,4873
4876,4874,4873
4876,4879,4880
4880,4874,4876
4879,4876,4875
4880,4879,4844
4875,4881,4879
4844,4879,4881
4882,4881,4883
4881,4882,4844
4881,4875,4883
4877,4883,4875
4884,4883,4877
4883,4884,4882
4877,4885,4884
4884,4885,4886
4886,4882,4884
4844,4882,4886
4887,4888,4886
4886,4888,4844
4886,4885,4887
4885,4889,4887
4890,4887,4889
4888,4887,4890
4890,4891,4888
4892,4891,4890
4893,4890,4889
4890,4893,4892
4891,4892,4844
4844,4892,4894
4894,4892,4893
4894,4895,4849
4894,4849,4844
4896,4895,4894
4894,4897,4896
4893,4897,4894
4898,4896,4897
4897,4899,4898
4889,4897,4893
4897,4877,4878
4877,4897,4889
4899,4897,4900
4900,4897,4878
4900,4901,4899
4902,4900,4903
4901,4900,4902
4903,4900,4866
4900,4904,4866
4905,4906,4900
4906,4907,4900
4908,4900,4907
4905,4900,4908
4900,4909,4869
4909,4900,4910
4911,4910,4900
4912,4913,4900
4900,4869,4912
4900,4878,4904
4911,4900,4913
4914,4901,4902
4901,4914,4915
4916,4901,4917
4917,4901,4915
4901,4916,4918
4918,4899,4901
4918,4919,4899
4920,4919,4918
4918,4916,4921
4918,4922,4920
4921,4922,4918
4922,4921,4849
4849,4921,4917
4917,4921,4916
4849,4920,4922
4895,4920,4849
4919,4920,4895
4895,4898,4919
4899,4919,4898
4923,4915,4914
4915,4923,4917
4917,4923,4849
4849,4923,4924
4914,4924,4923
4924,4925,4849
4925,4924,4914
4926,4925,4927
4849,4925,4926
4914,4927,4925
4927,4902,4926
4902,4927,4914
4928,4929,4926
4926,4929,4849
4926,4902,4928
4928,4902,4903
4929,4928,4930
4903,4930,4928
4930,4850,4929
4850,4930,4931
4903,4931,4930
4903,4932,4931
4851,4931,4932
4931,4851,4850
4903,4933,4932
4852,4932,4933
4932,4852,4851
4934,4935,4933
4933,4935,4853
4933,4903,4934
4853,4852,4933
4936,4934,4863
4866,4863,4934
4934,4936,4937
4934,4937,4938
4935,4934,4854
4854,4934,4938
4866,4934,4903
4938,4855,4854
4855,4938,4937
4937,4856,4855
4856,4937,4936
4857,4856,4936
4936,4939,4857
4863,4939,4936
4858,4857,4939
4939,4863,4858
4854,4853,4935
4849,4929,4850
4912,4878,4913
4911,4913,4878
4905,4908,4878
4908,4907,4866
4866,4878,4908
4911,4866,4910
4911,4909,4866
4911,4878,4912
4911,4869,4909
4911,4912,4869
4869,4866,4904
4869,4904,4878
4909,4910,4866
4940,4905,4941
4941,4905,4878
4942,4906,4905
4905,4940,4942
4941,4943,4940
4940,4943,4944
4945,4942,4940
4940,4946,4945
4946,4940,4944
4947,4944,4943
4944,4947,4946
4948,4947,4943
4947,4948,4949
4950,4946,4947
4947,4949,4950
4951,4950,4949
4949,4948,4952
4949,4952,4951
4951,4953,4950
4953,4951,4952
4953,4954,4955
4955,4956,4953
4953,4956,4950
4952,4954,4953
4954,4948,4955
4954,4952,4948
4956,4955,4945
4946,4950,4956
4945,4946,4956
4955,4948,4945
4943,4957,4948
4948,4957,4958
4958,4945,4948
4942,4957,4906
4906,4957,4943
4957,4942,4958
4958,4942,4945
4943,4941,4906
4941,4869,4959
4941,4959,4866
4941,4878,4960
4941,4960,4869
4906,4941,4866
4960,4959,4869
4960,4866,4959
4866,4960,4878
4906,4866,4907
4895,4896,4898
4844,4888,4891
4889,4885,4877
4874,4880,4961
4844,4961,4880
4872,4961,4871
4871,4961,4844
4961,4872,4874
4870,4962,4868
4962,4870,4963
4871,4963,4870
4963,4964,4962
4964,4963,4847
4847,4963,4871
4962,4964,4965
4847,4965,4964
4966,4965,4967
4967,4965,4847
4965,4966,4962
4962,4966,4868
4967,4868,4966
4967,4968,4969
4847,4968,4967
4969,4868,4967
4970,4969,4968
4969,4970,4868
4968,4971,4970
4868,4970,4865
4971,4865,4970
4971,4968,4847
4847,4972,4971
4865,4971,4972
4864,4972,4848
4848,4972,4847
4972,4864,4865
4844,4847,4871
4848,4861,4864
4849,4842,4844
4488,4484,4845
4488,4845,4485
4842,4487,4486
4487,4484,4488
4973,4974,4975
4973,4976,4974
4976,4973,4977
4973,4975,4977
4975,4978,4979
4978,4975,4974
4980,4977,4975
4979,4980,4975
4980,4981,4982
4983,4980,4982
4981,4980,4979
4977,4980,4984
4984,4980,4983
4983,4982,4985
4984,4983,4986
4986,4983,4985
4987,4988,4985
4989,4987,4985
4986,4985,4988
4990,4991,4985
4990,4985,4982
4989,4985,4991
4992,4993,4989
4989,4993,4994
4994,4995,4989
4987,4989,4995
4996,4992,4989
4989,4997,4996
4997,4989,4991
4998,4999,4992
4998,4992,5000
5001,5000,4992
4999,4993,4992
5001,4992,5002
4996,5002,4992
5002,5003,5001
5002,4997,5003
4997,5002,4996
5004,5003,4995
4995,5003,4987
5003,4997,4991
4987,5003,4988
5004,5001,5003
5003,4991,4981
5003,5005,4988
5003,4981,5005
5001,5004,5000
5006,5000,5004
4994,5004,4995
5006,5004,4994
5007,5000,5006
5008,5006,4999
5009,4999,5006
4994,5009,5006
5007,5006,5008
5000,5007,5010
5011,5007,5008
5012,5010,5007
5007,5011,5012
5013,5014,5012
5010,5012,5014
5012,5015,5016
5015,5012,5011
5012,5016,5013
5014,5013,5017
5017,5013,5016
5017,5015,5014
5017,5016,5015
5014,5015,4998
5015,5011,5008
5008,4998,5015
5014,4998,5010
4998,5000,5010
4999,4998,5008
4993,4999,5009
5009,4994,4993
4979,5005,4981
4979,4988,5005
4982,4991,4990
4982,4981,4991
5018,4981,4988
4988,5019,4986
4979,5019,4988
5020,5019,4979
5020,4986,5019
4984,5020,5021
5020,4978,5021
4978,5020,4979
4986,5020,4984
5021,4978,5022
5022,5023,5021
5023,4984,5021
4976,4977,5022
5022,4974,4976
4974,5022,5024
5022,4977,5023
5024,5022,4978
4978,4974,5024
5023,4977,4984
5025,5026,5027
5027,5028,5025
5027,5029,5028
5027,5026,5029
5030,5031,5027
5031,5032,5027
5032,5033,5027
5030,5027,5033
5027,5034,5035
5034,5027,5036
5036,5027,5037
5035,5038,5027
5037,5027,5038
5032,5026,5033
5030,5033,5026
5035,5026,5038
5037,5038,5026
5025,5028,5029
5025,5029,5026
5037,5039,5025
5036,5037,5025
5037,5026,5039
5035,5039,5026
5035,5025,5039
5035,5040,5025
5040,5035,5041
5041,5035,5042
5035,5034,5042
5042,5043,5044
5042,5044,5041
5042,5034,5028
5028,5045,5042
5042,5045,5043
5046,5043,5047
5048,5043,5046
5049,5043,5048
5043,5049,5050
5047,5043,5045
5050,5044,5043
5050,5049,5048
5048,5051,5050
5052,5044,5050
5050,5051,5052
5053,5051,5054
5055,5054,5051
5051,5046,5055
5046,5051,5048
5053,5052,5051
5056,5053,5054
5056,5057,5053
5052,5053,5058
5058,5053,5057
5057,5041,5058
5058,5041,5044
5058,5044,5052
5059,5057,5056
5059,5041,5057
5059,5060,5061
5062,5060,5059
5059,5056,5062
5041,5059,5063
5061,5063,5059
5062,5056,5064
5065,5062,5064
5062,5065,5060
5060,5065,5066
5065,5064,5067
5067,5066,5065
5067,5068,5066
5066,5068,5069
5066,5063,5070
5070,5060,5066
5063,5066,5071
5071,5066,5069
5069,5072,5073
5072,5069,5074
5073,5075,5069
5069,5075,5071
5074,5069,5068
5074,5076,5077
5077,5078,5074
5074,5078,5072
5068,5076,5074
5076,5064,5079
5076,5067,5064
5068,5067,5076
5077,5076,5079
5080,5079,5081
5082,5081,5079
5083,5082,5079
5084,5083,5079
5079,5054,5085
5054,5079,5056
5086,5084,5079
5087,5088,5079
5079,5080,5087
5089,5090,5079
5090,5086,5079
5085,5091,5079
5091,5092,5079
5092,5093,5079
5093,5089,5079
5056,5079,5064
5088,5077,5079
5080,5094,5095
5095,5096,5080
5081,5097,5080
5080,5097,5098
5080,5099,5087
5080,5098,5094
5099,5080,5096
5099,5100,5101
5096,5100,5099
5102,5099,5101
5087,5099,5103
5103,5099,5102
5101,5104,5102
5105,5102,5104
5102,5105,5103
5104,5106,5105
5105,5106,5103
5106,5104,5107
5103,5106,5108
5109,5108,5106
5106,5110,5109
5110,5106,5107
5107,5025,5040
5107,5111,5025
5107,5071,5110
5045,5107,5112
5112,5107,5104
5111,5107,5028
5040,5071,5107
5028,5107,5045
5111,5113,5025
5111,5028,5113
5036,5025,5113
5036,5113,5028
5112,5104,5114
5115,5112,5114
5112,5116,5045
5112,5117,5118
5112,5118,5116
5117,5112,5115
5115,5119,5117
5115,5100,5119
5114,5100,5115
5119,5120,5121
5096,5120,5119
5096,5119,5100
5117,5119,5121
5122,5121,5120
5121,5118,5117
5121,5122,5118
5122,5120,5123
5118,5122,5116
5123,5116,5122
5120,5124,5123
5125,5123,5124
5125,5116,5123
5125,5126,5116
5124,5126,5125
5116,5126,5127
5128,5127,5126
5126,5124,5128
5129,5128,5124
5128,5129,5130
5130,5127,5128
5131,5132,5129
5133,5131,5129
5133,5129,5120
5124,5120,5129
5130,5129,5132
5134,5132,5131
5135,5132,5134
5132,5135,5130
5134,5136,5135
5136,5130,5135
5137,5136,5134
5138,5047,5136
5045,5136,5047
5136,5137,5138
5045,5116,5136
5127,5130,5136
5127,5136,5116
5134,5131,5137
5137,5131,5139
5139,5138,5137
5131,5140,5139
5141,5139,5140
5141,5138,5139
5138,5141,5047
5047,5141,5142
5140,5142,5141
5143,5047,5142
5142,5140,5143
5143,5046,5047
5131,5046,5143
5143,5140,5131
5133,5144,5145
5133,5145,5146
5133,5147,5144
5133,5148,5147
5133,5146,5149
5133,5149,5150
5131,5133,5151
5150,5151,5133
5148,5133,5096
5120,5096,5133
5150,5152,5153
5153,5154,5150
5151,5150,5154
5152,5150,5149
5149,5155,5152
5156,5152,5155
5157,5153,5152
5152,5156,5157
5158,5157,5156
5156,5159,5158
5155,5160,5156
5159,5156,5160
5160,5155,5161
5159,5160,5162
5161,5162,5160
5162,5161,5163
5163,5164,5162
5159,5162,5164
5164,5163,5165
5159,5164,5166
5165,5166,5164
5144,5165,5163
5165,5144,5147
5147,5167,5165
5166,5165,5167
5148,5168,5167
5167,5147,5148
5167,5169,5166
5169,5167,5168
5170,5171,5168
5172,5168,5171
5168,5148,5170
5168,5172,5169
5171,5173,5172
5159,5172,5173
5159,5169,5172
5173,5171,5174
5174,5175,5173
5159,5173,5175
5175,5174,5176
5176,5177,5175
5159,5175,5177
5177,5176,5178
5178,5179,5177
5159,5177,5179
5179,5178,5180
5180,5181,5179
5159,5179,5181
5181,5180,5182
5182,5183,5181
5159,5181,5183
5183,5182,5184
5184,5185,5183
5159,5183,5185
5186,5187,5185
5185,5187,5159
5185,5184,5186
5097,5186,5184
5188,5186,5097
5189,5187,5186
5186,5188,5189
5188,5190,5191
5190,5188,5081
5097,5081,5188
5191,5189,5188
5191,5192,5193
5189,5191,5193
5192,5191,5190
5192,5194,5193
5194,5192,5195
5190,5195,5192
5195,5196,5194
5196,5195,5083
5195,5190,5082
5082,5083,5195
5196,5197,5198
5197,5196,5084
5083,5084,5196
5198,5194,5196
5199,5198,5197
5198,5199,5193
5194,5198,5193
5199,5200,5193
5200,5199,5201
5197,5201,5199
5086,5090,5201
5201,5197,5086
5201,5202,5200
5202,5201,5090
5090,5089,5202
5202,5203,5204
5203,5202,5089
5204,5200,5202
5204,5205,5193
5200,5204,5193
5205,5204,5203
5205,5206,5193
5206,5205,5207
5203,5207,5205
5207,5208,5206
5208,5207,5092
5093,5092,5207
5207,5203,5093
5092,5091,5208
5208,5209,5210
5209,5208,5091
5210,5206,5208
5206,5210,5193
5210,5211,5193
5211,5210,5209
5211,5212,5193
5212,5211,5213
5209,5213,5211
5158,5193,5212
5212,5214,5158
5214,5212,5215
5213,5215,5212
5215,5216,5214
5216,5215,5217
5218,5217,5215
5215,5213,5218
5217,5218,5054
5218,5085,5054
5085,5218,5213
5217,5219,5216
5219,5217,5054
5220,5216,5219
5221,5219,5054
5219,5221,5220
5222,5220,5221
5054,5055,5221
5221,5055,5222
5154,5153,5222
5223,5222,5153
5222,5055,5154
5220,5222,5223
5223,5224,5220
5158,5223,5157
5224,5223,5158
5153,5157,5223
5216,5220,5224
5224,5214,5216
5214,5224,5158
5213,5209,5085
5091,5085,5209
5089,5093,5203
5084,5086,5197
5187,5189,5193
5187,5193,5225
5193,5158,5226
5226,5225,5193
5226,5227,5228
5228,5225,5226
5227,5226,5158
5226,5229,5230
5229,5226,5231
5230,5231,5226
5230,5229,5232
5230,5228,5231
5233,5234,5230
5228,5230,5234
5232,5235,5230
5230,5235,5236
5230,5236,5233
5237,5233,5236
5236,5238,5237
5239,5238,5236
5236,5240,5239
5241,5240,5236
5236,5242,5241
5242,5236,5235
5242,5243,5244
5244,5245,5242
5246,5247,5242
5248,5246,5242
5242,5249,5243
5242,5245,5248
5247,5250,5242
5250,5251,5242
5242,5251,5252
5242,5252,5249
5253,5242,5254
5253,5255,5242
5256,5242,5255
5235,5257,5242
5241,5242,5258
5259,5242,5257
5242,5260,5261
5260,5242,5262
5263,5262,5242
5261,5263,5242
5242,5256,5264
5264,5254,5242
5259,5258,5242
5264,5251,5254
5253,5254,5251
5241,5258,5251
5259,5251,5258
5263,5249,5262
5249,5263,5251
5261,5251,5263
5259,5265,5256
5259,5256,5266
5259,5257,5249
5259,5249,5265
5259,5266,5251
5233,5251,5266
5233,5266,5256
5233,5256,5265
5233,5265,5249
5256,5252,5251
5256,5249,5252
5267,5251,5264
5267,5264,5256
5253,5267,5256
5251,5267,5253
5249,5256,5268
5253,5256,5269
5261,5270,5256
5261,5256,5271
5271,5256,5270
5255,5269,5256
5268,5256,5251
5243,5268,5272
5273,5272,5268
5268,5243,5249
5251,5274,5268
5274,5275,5268
5273,5268,5275
5275,5276,5273
5276,5275,5277
5277,5275,5278
5278,5275,5274
5278,5279,5277
5279,5278,5280
5274,5280,5278
5281,5282,5280
5280,5282,5279
5250,5280,5274
5280,5250,5281
5283,5281,5247
5250,5247,5281
5281,5283,5284
5284,5282,5281
5246,5282,5284
5246,5284,5283
5283,5247,5246
5279,5282,5277
5285,5277,5282
5286,5285,5282
5246,5287,5282
5282,5287,5286
5286,5272,5288
5288,5289,5286
5286,5287,5272
5290,5285,5286
5286,5291,5292
5291,5286,5289
5286,5292,5290
5290,5293,5276
5290,5294,5293
5290,5292,5294
5276,5285,5290
5293,5294,5295
5294,5296,5295
5297,5294,5292
5298,5296,5294
5294,5297,5298
5297,5299,5298
5299,5297,5292
5300,5299,5301
5301,5299,5302
5292,5302,5299
5299,5300,5298
5301,5303,5300
5304,5300,5303
5296,5298,5300
5300,5304,5296
5304,5305,5306
5306,5296,5304
5303,5305,5304
5306,5305,5307
5307,5305,5303
5306,5307,5302
5302,5307,5301
5303,5301,5307
5308,5306,5309
5306,5308,5310
5289,5309,5306
5306,5302,5289
5296,5306,5295
5310,5295,5306
5293,5310,5311
5295,5310,5293
5308,5312,5310
5313,5310,5312
5310,5313,5311
5314,5313,5312
5313,5314,5311
5312,5315,5314
5311,5314,5315
5315,5316,5288
5315,5288,5273
5311,5315,5293
5293,5315,5273
5316,5315,5317
5317,5315,5312
5312,5318,5317
5316,5317,5318
5312,5316,5318
5288,5316,5308
5308,5316,5312
5309,5319,5308
5319,5309,5320
5321,5320,5309
5321,5309,5289
5320,5321,5322
5322,5321,5323
5289,5324,5321
5321,5324,5325
5321,5325,5323
5326,5327,5323
5322,5323,5327
5326,5323,5325
5327,5326,5328
5325,5328,5326
5329,5330,5328
5328,5325,5329
5330,5331,5328
5328,5332,5327
5333,5332,5328
5328,5331,5333
5334,5333,5331
5335,5334,5331
5330,5335,5331
5334,5335,5336
5330,5336,5335
5325,5324,5336
5336,5324,5334
5336,5329,5325
5329,5336,5330
5334,5324,5289
5288,5334,5289
5333,5334,5288
5288,5322,5333
5332,5333,5322
5327,5332,5322
5332,5337,5338
5337,5332,5339
5332,5338,5339
5327,5339,5338
5327,5338,5337
5337,5339,5327
5288,5319,5322
5320,5322,5319
5308,5319,5288
5340,5341,5302
5302,5341,5289
5340,5302,5292
5340,5291,5341
5340,5342,5291
5292,5342,5340
5292,5291,5342
5289,5341,5291
5273,5276,5293
5273,5288,5272
5343,5287,5246
5343,5272,5287
5244,5343,5248
5343,5244,5243
5246,5248,5343
5243,5272,5343
5277,5285,5276
5274,5251,5250
5255,5249,5269
5253,5269,5249
5271,5270,5249
5261,5249,5270
5249,5251,5271
5261,5271,5251
5261,5260,5249
5260,5262,5249
5235,5249,5257
5253,5249,5255
5249,5232,5233
5235,5232,5249
5344,5251,5237
5251,5233,5237
5344,5345,5251
5251,5345,5241
5240,5241,5345
5239,5345,5344
5345,5239,5240
5237,5238,5344
5344,5238,5239
5248,5245,5244
5233,5232,5229
5229,5234,5233
5229,5228,5234
5229,5231,5228
5227,5158,5159
5159,5228,5227
5225,5228,5187
5228,5159,5187
5081,5082,5190
5184,5098,5097
5098,5184,5182
5182,5094,5098
5094,5182,5180
5180,5095,5094
5095,5180,5178
5346,5178,5176
5178,5346,5095
5176,5347,5346
5096,5346,5347
5096,5095,5346
5347,5176,5174
5174,5348,5347
5096,5347,5348
5348,5174,5171
5171,5170,5348
5096,5348,5170
5096,5170,5148
5159,5166,5169
5163,5145,5144
5145,5163,5161
5161,5146,5145
5146,5161,5155
5155,5149,5146
5151,5154,5055
5055,5046,5151
5151,5046,5131
5101,5100,5114
5114,5104,5101
5110,5349,5350
5110,5351,5349
5352,5109,5110
5110,5071,5353
5353,5351,5110
5350,5352,5110
5352,5350,5088
5352,5088,5354
5354,5109,5352
5354,5087,5108
5087,5354,5088
5108,5109,5354
5350,5349,5088
5349,5351,5077
5075,5355,5351
5355,5077,5351
5353,5075,5351
5355,5075,5356
5356,5077,5355
5356,5357,5073
5078,5356,5073
5356,5075,5357
5356,5078,5077
5073,5357,5075
5071,5075,5353
5077,5088,5349
5108,5087,5103
5073,5072,5078
5071,5040,5063
5070,5061,5060
5061,5070,5063
5063,5040,5041
5034,5036,5028
5026,5358,5030
5030,5359,5031
5360,5359,5030
5030,5358,5361
5361,5362,5030
5362,5363,5030
5030,5363,5360
5358,5359,5360
5360,5361,5358
5364,5361,5360
5365,5360,5363
5365,5366,5360
5360,5366,5364
5366,5365,5363
5367,5366,5368
5363,5368,5366
5367,5364,5366
5368,5369,5367
5370,5371,5367
5367,5371,5364
5372,5367,5369
5367,5372,5370
5369,5371,5370
5370,5372,5369
5373,5371,5369
5368,5373,5369
5374,5375,5373
5373,5368,5374
5373,5375,5376
5377,5362,5373
5373,5376,5377
5373,5364,5371
5364,5373,5362
5376,5375,5378
5378,5374,5376
5376,5374,5379
5379,5377,5376
5363,5379,5374
5379,5363,5362
5362,5377,5379
5380,5381,5378
5378,5375,5380
5374,5378,5381
5381,5380,5375
5375,5374,5381
5374,5368,5363
5382,5361,5364
5362,5382,5364
5362,5361,5382
5358,5026,5031
5031,5359,5358
5026,5032,5028
5031,5028,5032
5031,5025,5383
5031,5384,5025
5031,5026,5384
5031,5383,5028
5383,5025,5384
5383,5384,5026
5026,5028,5383
5385,5386,5387
5387,5388,5385
5387,5389,5388
5390,5387,5386
5390,5391,5387
5389,5387,5391
5387,5392,5393
5393,5394,5387
5394,5395,5387
5392,5387,5396
5396,5387,5395
5397,5398,5387
5398,5399,5387
5399,5400,5387
5397,5387,5401
5400,5401,5387
5392,5396,5390
5396,5395,5389
5396,5389,5402
5396,5402,5390
5403,5390,5402
5403,5402,5389
5386,5392,5403
5403,5404,5386
5403,5405,5404
5403,5406,5407
5403,5407,5405
5403,5408,5409
5403,5409,5406
5403,5410,5411
5403,5411,5408
5389,5394,5403
5403,5394,5410
5392,5390,5403
5385,5404,5405
5385,5405,5407
5389,5412,5405
5405,5413,5389
5408,5405,5414
5405,5408,5415
5406,5405,5416
5405,5406,5390
5390,5416,5405
5415,5417,5405
5417,5414,5405
5418,5419,5405
5418,5405,5420
5388,5420,5405
5419,5421,5405
5422,5423,5405
5405,5424,5422
5424,5405,5425
5423,5426,5405
5427,5428,5405
5427,5405,5429
5428,5429,5405
5425,5405,5426
5413,5405,5430
5386,5405,5431
5386,5432,5405
5431,5405,5432
5412,5430,5405
5405,5433,5434
5434,5435,5405
5405,5435,5433
5388,5405,5421
5388,5421,5386
5419,5386,5421
5425,5436,5386
5424,5425,5386
5425,5385,5436
5425,5426,5385
5437,5436,5385
5437,5386,5436
5437,5424,5386
5437,5385,5438
5439,5440,5437
5388,5439,5437
5424,5437,5440
5437,5438,5388
5441,5442,5437
5442,5443,5437
5444,5437,5443
5441,5437,5444
5445,5446,5437
5437,5447,5445
5447,5437,5448
5449,5448,5437
5450,5437,5451
5450,5452,5437
5453,5437,5452
5437,5453,5422
5449,5437,5454
5422,5451,5437
5446,5454,5437
5439,5422,5440
5424,5440,5422
5424,5439,5444
5441,5444,5439
5444,5443,5424
5449,5454,5422
5446,5422,5454
5445,5439,5446
5446,5439,5455
5446,5455,5422
5456,5455,5439
5456,5422,5455
5439,5445,5456
5445,5447,5456
5422,5456,5447
5450,5451,5439
5451,5457,5439
5451,5422,5457
5458,5439,5457
5458,5457,5422
5408,5458,5427
5427,5458,5422
5459,5458,5410
5458,5459,5439
5458,5460,5410
5458,5408,5460
5461,5410,5460
5461,5460,5408
5459,5410,5461
5459,5461,5388
5408,5388,5461
5388,5450,5459
5439,5459,5450
5447,5449,5422
5447,5424,5449
5449,5424,5448
5427,5422,5453
5427,5453,5424
5453,5452,5424
5450,5424,5452
5386,5427,5450
5450,5427,5424
5450,5462,5385
5450,5385,5463
5450,5463,5386
5450,5388,5462
5408,5385,5462
5408,5462,5388
5408,5463,5385
5408,5386,5463
5447,5448,5424
5441,5439,5464
5441,5422,5442
5441,5464,5422
5464,5465,5422
5464,5424,5465
5424,5464,5439
5442,5422,5465
5442,5465,5424
5442,5424,5443
5438,5385,5466
5438,5466,5410
5438,5410,5467
5438,5467,5388
5468,5466,5385
5468,5410,5466
5468,5385,5469
5439,5410,5468
5468,5469,5408
5439,5468,5408
5423,5469,5385
5423,5408,5469
5439,5467,5410
5439,5388,5467
5408,5422,5439
5470,5434,5433
5470,5433,5435
5471,5470,5386
5435,5386,5470
5470,5472,5434
5470,5471,5472
5406,5434,5472
5406,5472,5471
5434,5471,5386
5434,5406,5471
5434,5386,5435
5427,5386,5428
5408,5428,5386
5428,5408,5429
5386,5431,5390
5431,5432,5385
5385,5390,5431
5412,5389,5473
5412,5408,5430
5408,5412,5390
5412,5473,5390
5413,5473,5389
5413,5390,5473
5413,5430,5408
5386,5385,5432
5416,5474,5408
5406,5416,5408
5416,5390,5474
5475,5408,5474
5475,5474,5390
5390,5389,5475
5406,5475,5389
5406,5408,5475
5390,5413,5408
5423,5385,5426
5408,5414,5415
5414,5476,5415
5414,5417,5476
5406,5415,5476
5406,5476,5417
5427,5429,5408
5422,5408,5423
5418,5477,5419
5419,5478,5386
5477,5479,5419
5479,5478,5419
5479,5477,5480
5481,5480,5477
5477,5418,5481
5481,5482,5483
5418,5482,5481
5481,5483,5484
5480,5481,5484
5480,5483,5482
5480,5484,5483
5482,5485,5484
5418,5486,5482
5480,5482,5487
5486,5487,5482
5486,5418,5408
5410,5487,5486
5486,5488,5410
5486,5408,5488
5489,5410,5488
5489,5488,5408
5487,5489,5388
5487,5410,5489
5489,5408,5490
5489,5490,5388
5420,5388,5490
5420,5490,5408
5479,5487,5478
5487,5479,5480
5478,5487,5388
5478,5491,5385
5478,5385,5492
5478,5492,5386
5478,5388,5491
5491,5386,5492
5386,5491,5388
5491,5492,5385
5418,5420,5408
5415,5406,5417
5385,5407,5406
5385,5406,5409
5406,5389,5390
5410,5406,5493
5406,5410,5494
5494,5386,5406
5406,5386,5495
5496,5497,5406
5496,5406,5498
5498,5406,5499
5500,5501,5406
5500,5406,5502
5502,5406,5503
5503,5406,5501
5497,5499,5406
5495,5493,5406
5410,5386,5503
5502,5503,5386
5503,5501,5410
5493,5385,5504
5495,5385,5493
5493,5504,5410
5505,5504,5385
5505,5410,5504
5505,5495,5386
5494,5505,5386
5505,5385,5495
5505,5494,5410
5410,5506,5497
5499,5497,5506
5496,5410,5497
5410,5496,5506
5499,5506,5496
5499,5507,5498
5499,5496,5507
5408,5498,5507
5408,5507,5496
5500,5410,5501
5502,5386,5508
5509,5502,5385
5502,5508,5385
5509,5500,5502
5509,5385,5510
5510,5511,5509
5511,5512,5509
5509,5512,5500
5511,5513,5512
5500,5512,5514
5514,5512,5515
5513,5515,5512
5515,5500,5514
5500,5515,5513
5513,5511,5500
5410,5511,5510
5410,5500,5511
5510,5385,5516
5510,5516,5410
5508,5516,5385
5508,5410,5516
5410,5508,5386
5496,5498,5408
5389,5517,5408
5389,5408,5410
5410,5408,5517
5411,5518,5408
5409,5408,5518
5517,5385,5519
5389,5385,5517
5517,5519,5410
5388,5519,5385
5388,5410,5519
5411,5385,5518
5409,5518,5385
5385,5411,5410
5410,5520,5385
5389,5410,5388
5521,5522,5410
5521,5410,5523
5523,5410,5524
5394,5525,5410
5520,5410,5525
5522,5524,5410
5385,5526,5522
5521,5385,5522
5524,5522,5526
5385,5521,5526
5524,5526,5521
5393,5385,5520
5393,5520,5388
5520,5525,5388
5524,5527,5523
5524,5521,5527
5388,5527,5521
5388,5523,5527
5394,5388,5525
5521,5523,5388
5404,5528,5386
5404,5385,5528
5393,5528,5385
5393,5386,5528
5400,5389,5401
5400,5529,5389
5400,5390,5529
5399,5390,5400
5397,5389,5529
5397,5529,5390
5390,5385,5391
5389,5391,5385
5397,5401,5389
5399,5398,5397
5399,5397,5390
5394,5389,5395
5393,5392,5386
5388,5394,5393
5530,5531,5532
5531,5533,5532
5534,5533,5531
5535,5534,5531
5530,5535,5531
5535,5536,5534
5535,5530,5537
5536,5535,5538
5535,5539,5538
5535,5537,5539
5539,5537,5540
5540,5537,5541
5542,5541,5537
5537,5530,5542
5534,5542,5533
5532,5533,5542
5542,5530,5532
5542,5534,5536
5536,5541,5542
5543,5540,5541
5544,5543,5541
5544,5541,5536
5545,5540,5543
5546,5543,5544
5543,5547,5545
5548,5543,5546
5549,5550,5543
5543,5551,5549
5551,5543,5552
5547,5543,5550
5553,5554,5543
5543,5548,5553
5555,5556,5543
5543,5554,5555
5552,5543,5556
5556,5557,5552
5552,5557,5558
5558,5559,5552
5552,5559,5551
5557,5556,5555
5560,5557,5561
5555,5561,5557
5557,5560,5558
5558,5560,5562
5563,5562,5560
5560,5564,5563
5565,5564,5560
5566,5567,5560
5560,5568,5566
5560,5569,5568
5570,5569,5560
5560,5571,5570
5561,5571,5560
5560,5567,5565
5553,5569,5570
5569,5553,5572
5572,5568,5569
5568,5572,5573
5573,5572,5546
5572,5553,5548
5548,5546,5572
5566,5573,5574
5546,5574,5573
5573,5566,5568
5567,5574,5575
5575,5574,5546
5574,5567,5566
5565,5575,5576
5576,5575,5577
5575,5565,5567
5546,5577,5575
5578,5577,5546
5577,5578,5576
5544,5579,5578
5544,5578,5546
5580,5581,5578
5578,5579,5580
5581,5576,5578
5582,5576,5581
5583,5581,5580
5581,5583,5584
5581,5584,5582
5584,5583,5585
5585,5582,5584
5586,5587,5585
5588,5585,5587
5585,5565,5582
5565,5585,5589
5585,5588,5590
5590,5589,5585
5585,5583,5586
5586,5580,5591
5580,5586,5583
5591,5592,5586
5587,5586,5592
5592,5591,5593
5592,5594,5595
5593,5594,5592
5595,5587,5592
5596,5587,5595
5595,5597,5596
5598,5597,5595
5595,5599,5598
5599,5595,5594
5544,5598,5599
5544,5599,5593
5594,5593,5599
5597,5598,5600
5600,5596,5597
5544,5600,5598
5601,5600,5544
5596,5600,5601
5602,5601,5603
5604,5603,5601
5544,5604,5601
5601,5602,5596
5596,5602,5587
5603,5587,5602
5538,5590,5604
5544,5538,5604
5604,5590,5605
5606,5603,5604
5606,5604,5605
5605,5607,5606
5605,5608,5607
5608,5605,5609
5609,5605,5590
5608,5609,5610
5610,5609,5590
5610,5611,5608
5610,5612,5611
5610,5612,5612
5590,5612,5610
5613,5612,5612
5613,5611,5612
5613,5608,5611
5613,5590,5608
5613,5612,5614
5614,5615,5613
5613,5615,5589
5589,5590,5613
5615,5614,5565
5565,5589,5615
5565,5614,5616
5616,5614,5612
5565,5616,5617
5612,5618,5616
5617,5616,5618
5619,5618,5620
5612,5620,5618
5619,5621,5618
5618,5622,5611
5618,5611,5623
5618,5621,5617
5623,5624,5618
5622,5618,5624
5623,5612,5624
5622,5624,5612
5623,5622,5612
5623,5611,5622
5625,5626,5621
5625,5621,5619
5621,5626,5627
5627,5617,5621
5621,5628,5629
5629,5630,5621
5621,5630,5628
5631,5628,5630
5631,5629,5628
5630,5619,5631
5626,5629,5631
5626,5631,5619
5629,5619,5630
5619,5629,5626
5627,5564,5565
5565,5617,5627
5564,5627,5626
5539,5626,5625
5626,5632,5633
5539,5632,5626
5626,5633,5562
5562,5563,5626
5626,5563,5564
5634,5562,5633
5633,5632,5634
5562,5634,5558
5635,5634,5632
5634,5635,5558
5632,5636,5635
5635,5636,5637
5637,5558,5635
5638,5637,5639
5639,5637,5636
5640,5637,5638
5558,5637,5641
5640,5642,5637
5637,5643,5641
5644,5643,5637
5637,5642,5644
5645,5646,5642
5644,5642,5646
5642,5640,5645
5646,5645,5647
5648,5645,5640
5645,5648,5632
5632,5647,5645
5647,5545,5646
5647,5632,5545
5649,5648,5638
5632,5648,5649
5640,5638,5648
5650,5649,5651
5649,5650,5632
5638,5651,5649
5651,5639,5650
5639,5651,5638
5650,5636,5632
5636,5650,5639
5646,5652,5643
5545,5652,5646
5643,5644,5646
5652,5653,5641
5641,5643,5652
5652,5545,5547
5547,5653,5652
5654,5653,5547
5653,5654,5641
5654,5550,5655
5550,5654,5547
5655,5641,5654
5558,5655,5656
5656,5655,5550
5558,5641,5655
5656,5559,5558
5559,5656,5549
5550,5549,5656
5545,5632,5540
5632,5539,5540
5625,5619,5620
5539,5625,5620
5612,5590,5620
5620,5590,5539
5612,5657,5611
5611,5658,5612
5612,5658,5657
5590,5611,5657
5590,5657,5658
5611,5590,5658
5607,5608,5590
5606,5607,5588
5590,5588,5607
5588,5603,5606
5587,5603,5588
5593,5591,5544
5544,5591,5580
5539,5590,5538
5576,5582,5565
5580,5579,5544
5554,5571,5561
5553,5570,5571
5571,5554,5553
5561,5555,5554
5549,5551,5559
5536,5538,5544
5659,5660,5661
5661,5662,5659
5663,5662,5661
5661,5664,5663
5664,5661,5665
5666,5667,5661
5661,5660,5666
5661,5668,5669
5668,5661,5667
5669,5665,5661
5665,5670,5664
5665,5669,5671
5671,5670,5665
5672,5673,5671
5671,5673,5674
5675,5676,5671
5675,5671,5677
5671,5676,5670
5674,5678,5671
5671,5669,5672
5679,5680,5671
5679,5671,5678
5677,5671,5681
5671,5680,5681
5676,5675,5662
5662,5663,5676
5664,5670,5676
5676,5663,5664
5680,5682,5683
5683,5681,5680
5682,5680,5684
5684,5680,5679
5684,5685,5686
5685,5684,5687
5679,5687,5684
5688,5684,5686
5682,5684,5688
5686,5689,5688
5688,5689,5682
5688,5690,5691
5688,5692,5690
5693,5692,5688
5693,5688,5694
5691,5694,5688
5689,5695,5696
5689,5697,5695
5686,5697,5689
5698,5682,5689
5689,5696,5698
5693,5694,5689
5689,5699,5693
5699,5689,5700
5689,5701,5700
5689,5702,5701
5689,5703,5702
5689,5691,5703
5691,5689,5694
5699,5701,5702
5699,5700,5701
5693,5702,5703
5693,5703,5691
5691,5702,5700
5702,5691,5692
5702,5693,5699
5692,5700,5702
5692,5691,5700
5704,5700,5705
5705,5700,5706
5704,5706,5700
5707,5704,5705
5704,5699,5706
5699,5704,5708
5707,5709,5704
5704,5709,5710
5710,5711,5704
5711,5708,5704
5709,5712,5710
5713,5711,5710
5714,5713,5710
5714,5710,5712
5713,5715,5716
5713,5714,5715
5711,5713,5716
5717,5716,5715
5716,5717,5718
5718,5719,5716
5720,5716,5719
5716,5721,5711
5716,5722,5721
5722,5716,5720
5723,5721,5722
5721,5723,5724
5708,5711,5721
5724,5708,5721
5693,5708,5724
5693,5724,5725
5725,5724,5723
5705,5725,5723
5705,5693,5725
5722,5726,5723
5726,5707,5723
5705,5723,5707
5726,5722,5709
5707,5726,5709
5722,5720,5712
5727,5712,5720
5719,5727,5720
5727,5714,5712
5727,5719,5728
5728,5714,5727
5729,5728,5719
5730,5728,5729
5728,5730,5731
5731,5732,5728
5714,5728,5732
5715,5732,5717
5732,5715,5714
5732,5731,5733
5733,5717,5732
5733,5734,5735
5734,5733,5731
5736,5733,5735
5737,5733,5736
5717,5733,5737
5736,5738,5737
5737,5738,5718
5737,5718,5717
5729,5718,5738
5729,5738,5730
5739,5730,5738
5740,5739,5738
5738,5736,5740
5739,5740,5741
5741,5740,5742
5740,5743,5744
5743,5740,5745
5745,5740,5736
5744,5742,5740
5742,5744,5735
5742,5746,5741
5746,5742,5735
5734,5746,5735
5734,5741,5746
5747,5748,5744
5735,5744,5748
5744,5749,5747
5749,5744,5743
5750,5747,5749
5747,5750,5751
5752,5747,5751
5748,5747,5752
5752,5753,5754
5752,5754,5748
5749,5753,5752
5755,5749,5752
5752,5751,5755
5755,5750,5749
5750,5755,5751
5753,5749,5743
5743,5754,5753
5745,5735,5754
5743,5745,5754
5748,5754,5735
5736,5735,5745
5741,5734,5739
5739,5734,5731
5730,5739,5731
5719,5718,5729
5712,5709,5722
5708,5756,5699
5708,5693,5756
5705,5756,5693
5705,5699,5756
5705,5706,5699
5757,5696,5695
5757,5698,5696
5757,5758,5759
5760,5757,5759
5761,5682,5757
5757,5682,5698
5757,5760,5761
5697,5757,5695
5757,5697,5758
5759,5762,5760
5760,5763,5764
5763,5760,5762
5764,5761,5760
5765,5761,5764
5764,5766,5767
5768,5766,5764
5769,5765,5764
5770,5764,5767
5763,5768,5764
5764,5770,5769
5769,5771,5772
5772,5683,5769
5771,5769,5770
5769,5683,5765
5773,5774,5771
5775,5771,5774
5773,5771,5770
5775,5772,5771
5774,5776,5775
5772,5775,5777
5777,5775,5778
5776,5778,5775
5779,5780,5776
5778,5776,5780
5781,5782,5776
5781,5776,5774
5776,5783,5779
5784,5783,5776
5776,5785,5784
5782,5785,5776
5786,5785,5782
5782,5787,5786
5788,5787,5782
5782,5781,5788
5788,5781,5789
5789,5790,5788
5788,5790,5791
5787,5788,5791
5789,5792,5791
5791,5790,5789
5791,5792,5793
5793,5794,5791
5795,5791,5794
5791,5786,5787
5796,5786,5791
5791,5795,5796
5794,5797,5795
5798,5795,5797
5783,5795,5798
5784,5796,5795
5795,5783,5784
5797,5799,5798
5798,5799,5800
5800,5779,5798
5798,5779,5783
5801,5802,5800
5800,5802,5780
5780,5779,5800
5800,5799,5801
5803,5804,5801
5801,5804,5805
5801,5799,5803
5805,5802,5801
5803,5806,5807
5807,5808,5803
5803,5808,5805
5805,5804,5803
5806,5803,5799
5809,5807,5806
5810,5806,5799
5806,5810,5809
5807,5809,5811
5811,5809,5812
5812,5809,5810
5812,5813,5811
5814,5813,5812
5812,5815,5814
5810,5815,5812
5814,5815,5799
5799,5815,5810
5816,5814,5799
5814,5816,5817
5817,5813,5814
5811,5813,5817
5818,5817,5816
5817,5818,5811
5818,5819,5774
5774,5811,5818
5797,5819,5818
5818,5820,5797
5816,5820,5818
5799,5797,5820
5820,5816,5799
5819,5793,5774
5793,5819,5797
5811,5774,5773
5811,5780,5807
5773,5780,5811
5808,5807,5780
5805,5808,5780
5780,5802,5805
5797,5794,5793
5786,5796,5784
5793,5792,5774
5774,5792,5789
5774,5789,5781
5784,5785,5786
5778,5780,5821
5821,5780,5822
5823,5822,5780
5773,5823,5780
5824,5825,5823
5822,5823,5825
5823,5773,5770
5824,5823,5767
5770,5767,5823
5686,5821,5824
5825,5824,5821
5824,5826,5686
5827,5828,5824
5827,5824,5767
5826,5824,5828
5686,5826,5829
5826,5830,5829
5828,5831,5826
5826,5831,5830
5830,5832,5833
5830,5766,5832
5830,5833,5834
5834,5829,5830
5766,5830,5767
5830,5831,5835
5830,5836,5767
5830,5835,5836
5837,5836,5835
5837,5835,5831
5828,5827,5837
5837,5827,5767
5767,5836,5837
5831,5828,5837
5838,5837,5839
5838,5840,5837
5839,5837,5840
5841,5836,5839
5842,5839,5836
5838,5839,5842
5828,5841,5839
5839,5840,5828
5841,5831,5836
5831,5841,5842
5842,5841,5838
5838,5841,5828
5836,5831,5842
5838,5828,5840
5768,5833,5832
5768,5834,5833
5834,5825,5821
5821,5832,5834
5825,5834,5832
5834,5768,5829
5832,5821,5822
5832,5766,5768
5822,5825,5832
5829,5697,5686
5768,5697,5829
5821,5697,5778
5821,5685,5697
5686,5685,5821
5778,5697,5768
5778,5758,5777
5759,5758,5778
5778,5762,5759
5762,5778,5843
5768,5843,5778
5763,5762,5843
5843,5768,5763
5772,5777,5758
5683,5772,5681
5772,5844,5681
5758,5844,5772
5844,5758,5673
5844,5673,5845
5846,5847,5844
5844,5847,5848
5845,5846,5844
5849,5850,5844
5848,5849,5844
5844,5677,5681
5677,5844,5850
5851,5849,5848
5848,5852,5851
5852,5848,5847
5851,5852,5853
5847,5854,5852
5852,5854,5853
5853,5854,5855
5855,5854,5847
5855,5856,5853
5856,5855,5846
5847,5846,5855
5846,5845,5856
5857,5856,5845
5856,5857,5853
5858,5853,5857
5857,5859,5858
5860,5859,5857
5845,5861,5857
5857,5861,5860
5861,5845,5673
5860,5861,5673
5673,5862,5860
5860,5862,5858
5858,5859,5860
5863,5862,5673
5858,5862,5863
5863,5672,5864
5864,5853,5863
5673,5672,5863
5863,5853,5858
5864,5668,5667
5667,5853,5864
5669,5668,5864
5864,5672,5669
5865,5851,5853
5853,5667,5865
5850,5865,5667
5851,5865,5850
5850,5849,5851
5667,5866,5850
5850,5866,5677
5867,5866,5667
5866,5867,5677
5667,5666,5867
5660,5868,5867
5867,5666,5660
5867,5868,5677
5869,5868,5660
5677,5868,5869
5662,5675,5869
5869,5659,5662
5660,5659,5869
5677,5869,5675
5761,5765,5683
5685,5673,5758
5685,5758,5697
5682,5761,5683
5698,5674,5870
5674,5698,5695
5695,5698,5678
5698,5870,5678
5695,5870,5674
5695,5678,5870
5693,5691,5690
5693,5690,5692
5687,5673,5685
5673,5687,5674
5678,5674,5687
5678,5687,5679
5871,5872,5873
5871,5874,5872
5875,5874,5871
5871,5873,5875
5874,5875,5876
5876,5875,5877
5875,5878,5879
5878,5875,5880
5875,5873,5880
5879,5877,5875
5881,5877,5882
5881,5883,5877
5877,5884,5876
5885,5877,5883
5886,5882,5877
5877,5879,5886
5877,5885,5884
5872,5876,5884
5884,5885,5872
5873,5885,5883
5885,5873,5872
5879,5887,5886
5886,5887,5882
5888,5887,5889
5890,5887,5888
5882,5887,5891
5887,5890,5891
5889,5887,5892
5878,5892,5887
5879,5878,5887
5890,5893,5894
5888,5893,5890
5895,5891,5890
5895,5890,5896
5894,5896,5890
5897,5894,5898
5897,5899,5894
5898,5894,5900
5894,5899,5896
5900,5894,5893
5900,5893,5901
5901,5902,5900
5902,5903,5900
5900,5904,5898
5904,5900,5903
5899,5904,5903
5899,5903,5896
5903,5902,5896
5905,5898,5904
5904,5906,5905
5899,5906,5904
5899,5907,5906
5908,5906,5907
5905,5906,5909
5910,5909,5906
5908,5910,5906
5909,5910,5911
5911,5910,5908
5912,5909,5911
5913,5911,5914
5911,5908,5914
5913,5915,5911
5915,5912,5911
5907,5912,5908
5907,5909,5912
5908,5912,5916
5916,5912,5917
5915,5917,5912
5917,5915,5913
5918,5917,5919
5917,5918,5916
5917,5920,5921
5920,5917,5922
5921,5922,5917
5913,5919,5917
5919,5913,5914
5919,5914,5916
5918,5919,5916
5920,5922,5919
5919,5923,5920
5921,5923,5919
5921,5919,5922
5923,5921,5920
5908,5916,5914
5909,5907,5924
5924,5897,5909
5898,5909,5897
5898,5905,5909
5897,5924,5907
5907,5899,5897
5925,5902,5901
5926,5896,5902
5926,5902,5895
5895,5902,5927
5925,5927,5902
5892,5925,5901
5881,5882,5925
5927,5925,5882
5881,5925,5892
5895,5927,5891
5882,5891,5927
5895,5896,5926
5893,5888,5901
5892,5901,5888
5889,5892,5888
5892,5878,5881
5883,5881,5928
5883,5880,5873
5928,5880,5883
5928,5881,5878
5880,5928,5878
5876,5872,5874
5929,5930,5931
5931,5932,5929
5931,5933,5932
5933,5931,5934
5935,5931,5936
5936,5931,5930
5931,5937,5934
5931,5935,5937
5938,5935,5936
5935,5938,5939
5940,5937,5935
5935,5939,5941
5940,5935,5942
5941,5942,5935
5943,5941,5944
5941,5945,5944
5946,5941,5947
5947,5941,5943
5946,5942,5941
5945,5941,5939
5945,5948,5944
5949,5943,5945
5950,5951,5945
5948,5945,5951
5938,5945,5939
5950,5945,5938
5950,5938,5944
5944,5949,5950
5950,5949,5951
5948,5952,5943
5948,5949,5952
5943,5944,5948
5948,5951,5949
5947,5943,5952
5947,5952,5949
5949,5944,5947
5953,5946,5954
5955,5954,5946
5955,5946,5953
5956,5946,5957
5958,5957,5946
5947,5959,5946
5960,5946,5959
5942,5946,5956
5958,5946,5960
5960,5930,5929
5960,5961,5930
5959,5961,5960
5929,5962,5960
5960,5962,5958
5962,5932,5958
5929,5932,5962
5961,5963,5936
5936,5930,5961
5961,5964,5963
5964,5961,5965
5966,5965,5961
5961,5959,5966
5966,5967,5968
5966,5968,5965
5969,5967,5966
5966,5959,5970
5970,5971,5966
5966,5972,5969
5972,5966,5971
5973,5974,5971
5971,5975,5973
5972,5971,5976
5977,5976,5971
5971,5978,5979
5975,5971,5979
5971,5970,5977
5974,5978,5971
5980,5981,5978
5982,5980,5978
5979,5978,5974
5982,5978,5981
5983,5984,5978
5983,5978,5985
5986,5985,5978
5987,5988,5978
5978,5989,5987
5989,5978,5990
5991,5978,5988
5991,5990,5978
5986,5978,5984
5983,5980,5984
5986,5984,5980
5990,5992,5980
5990,5991,5992
5989,5990,5980
5993,5980,5992
5993,5992,5991
5980,5993,5989
5991,5994,5993
5989,5993,5995
5996,5993,5994
5993,5996,5995
5997,5996,5998
5999,5998,5996
5994,5999,5996
5995,5996,5997
5998,6000,5997
5997,6000,6001
5997,6001,5995
6001,6000,5998
5998,5995,6001
5998,5999,5994
6002,5995,5998
6002,5998,5987
5994,5987,5998
5989,5995,6002
5987,5989,6002
5994,5991,6003
5994,6003,5979
5979,5987,5994
5988,5979,6003
5988,6003,5991
5982,5981,5974
5980,5974,5981
5986,5979,5985
5986,5980,6004
5986,6005,5979
5986,5991,6005
5986,6004,5991
6006,6004,5980
6006,5991,6004
6007,6008,6006
6006,6009,6007
6009,6006,6010
6010,6006,5983
5980,5983,6006
6008,5991,6006
6007,6011,6008
5991,6008,6012
6012,6008,6011
6013,6011,6007
6011,6013,6014
6015,6011,6014
6012,6011,6015
6015,6010,6016
6015,6009,6010
6009,6015,6017
6016,6012,6015
6015,6014,6017
6017,6014,6018
6018,6019,6017
6019,6020,6017
6017,6020,6009
6020,6007,6009
6021,6007,6020
6020,6019,6021
6007,6021,6013
6022,6013,6021
6023,6022,6021
6021,6018,6023
6018,6021,6019
6024,6023,6025
6026,6025,6023
6023,6027,6022
6027,6023,6024
6028,6023,6018
6023,6028,6026
6029,6026,6028
6030,6029,6028
6028,6031,6030
6031,6028,6032
6018,6032,6028
6033,6034,6032
6032,6034,6031
6035,6033,6032
6032,6018,6035
6035,6018,6014
6014,6036,6035
6036,6033,6035
6033,6036,6013
6036,6014,6013
6024,6034,6033
6024,6033,6027
6027,6033,6022
6013,6022,6033
6037,6034,6026
6034,6037,6038
6024,6025,6034
6025,6026,6034
6034,6038,6039
6039,6031,6034
6038,6037,6040
6040,6039,6038
6041,6040,6037
6040,6041,6042
6039,6040,6042
6042,6041,6043
6042,6043,6044
6044,6045,6042
6039,6042,6045
6044,6046,6045
6047,6046,6044
6048,6047,6044
6044,6043,6048
6049,6048,6043
6048,6049,6047
6047,6049,6046
6049,6050,6046
6050,6049,6051
6049,6043,6041
6041,6051,6049
6051,6041,6037
6052,6051,6029
6052,6046,6051
6029,6051,6037
6050,6051,6046
6052,6029,6045
6046,6052,6045
6030,6039,6045
6029,6030,6045
6039,6030,6031
6026,6029,6037
5979,6012,6016
6016,5983,5979
5983,6016,6010
6012,6005,5991
6012,5979,6005
5991,5982,6053
5991,5973,5982
5973,5991,5979
5991,6053,5980
5991,5980,5975
5979,5991,5975
5975,5980,6053
5975,6053,5982
5987,5979,5988
5983,5985,5979
5973,5975,5982
5980,5982,5974
5977,5936,5963
5977,5938,5936
5977,5963,5972
5972,5975,5977
5977,5975,5976
5947,5938,5977
5977,5970,5947
5974,5973,5979
5972,5976,5975
5969,5972,6054
5963,6054,5972
6054,6055,6056
5933,6055,6054
6054,6056,5969
6054,5963,5933
5969,6056,6057
6055,6057,6056
6057,6055,5968
5967,6057,6058
6058,6057,5968
6057,5967,5969
6058,6059,5967
5968,6059,6058
6060,6059,6061
5968,6061,6059
6059,6060,5967
6060,6062,5968
6062,6060,6063
5967,6060,5968
6063,6060,6064
6060,6065,6064
6060,6066,6065
6061,6066,6060
6067,6063,6064
6063,6067,6068
6063,6068,6062
6069,6062,6068
6070,6068,6071
6071,6068,6067
6068,6072,6069
6068,6070,6072
6073,6070,6071
6072,6070,6074
6075,6070,6073
6070,6075,6076
6076,6074,6070
6074,6077,6072
6078,6067,6074
6074,6076,6078
6077,6074,6067
6069,6072,6077
6077,6079,6069
6079,6077,6064
6064,6077,6067
6069,6079,6062
6079,6080,6062
6065,6080,6079
6079,6064,6065
5968,6062,6080
6080,6061,5968
6061,6080,6066
6080,6065,6066
6081,6082,6078
6083,6078,6082
6083,6067,6078
6078,6076,6075
6078,6075,6081
6081,6084,6082
6073,6085,6081
6081,6075,6073
6085,6084,6081
6086,6082,6084
6087,6084,6088
6086,6084,6087
6085,6088,6084
6088,6089,6087
6090,6089,6088
6088,6085,6090
6090,6091,6092
6082,6091,6090
6082,6090,6083
6073,6083,6090
6092,6089,6090
6090,6085,6073
6091,6093,6092
6089,6092,6087
6092,6093,6094
6094,6095,6092
6092,6095,6087
6096,6095,6094
6087,6095,6097
6096,6097,6095
6098,6097,6096
6097,6098,6091
6086,6097,6091
6087,6097,6086
6099,6098,6100
6096,6100,6098
6093,6098,6099
6093,6091,6098
6101,6099,6100
6102,6099,6101
6102,6103,6099
6099,6103,6093
6094,6103,6102
6094,6093,6103
6104,6102,6105
6101,6105,6102
6102,6104,6094
6105,6106,6104
6107,6100,6104
6104,6100,6096
6104,6108,6107
6104,6106,6109
6096,6094,6104
6109,6108,6104
6108,6109,6110
6111,6110,6109
6109,6106,6101
6109,6101,6111
6111,6112,6113
6112,6111,6114
6111,6101,6114
6113,6110,6111
6115,6113,6112
6116,6113,6115
6108,6110,6113
6113,6117,6108
6113,6116,6117
6117,6116,6118
6119,6118,6116
6116,6120,6119
6121,6120,6116
6116,6115,6121
6120,5954,6119
6120,6122,5954
6120,6121,6123
6122,6120,6123
5955,6123,6124
6124,6123,6121
6122,6123,5955
5955,6124,6125
6121,6126,6124
6124,6126,6119
6119,6125,6124
6125,6119,5954
5954,5955,6125
6126,6112,6118
6118,6119,6126
6112,6126,6115
6126,6121,6115
5955,5953,6122
5954,6122,5953
6112,6114,6118
6117,6118,6114
6114,6108,6117
6127,6114,6101
6108,6114,6127
6127,6107,6108
6101,6107,6127
6101,6106,6105
6100,6107,6101
6091,6082,6086
6067,6083,6071
6071,6083,6073
6055,5934,6128
5934,6055,5933
6128,5968,6055
5968,6128,5965
5932,5965,6128
5932,6128,5958
5958,6128,5934
5970,5959,5947
5964,5965,5932
5933,5963,5964
5933,5964,5932
5958,5955,5957
5956,5955,5958
5958,5937,5956
5958,5934,5937
5956,5957,5955
5956,5937,5940
5942,5956,5940
5944,5938,5947
6129,6130,6131
6131,6132,6129
6132,6131,6133
6133,6131,6134
6131,6135,6136
6135,6131,6130
6136,6134,6131
6133,6134,6137
6134,6136,6137
6137,6138,6139
6140,6137,6139
6137,6140,6141
6137,6141,6133
6138,6137,6142
6143,6142,6137
6137,6136,6143
6142,6143,6144
6143,6145,6146
6146,6147,6143
6148,6149,6143
6143,6135,6148
6147,6150,6143
6135,6143,6136
6150,6144,6143
6143,6149,6145
6151,6145,6149
6145,6151,6152
6152,6153,6145
6153,6146,6145
6153,6152,6154
6147,6146,6153
6153,6155,6147
6154,6155,6153
6156,6154,6129
6154,6156,6157
6154,6152,6151
6130,6129,6154
6154,6158,6130
6159,6160,6154
6154,6160,6161
6159,6154,6157
6151,6158,6154
6161,6155,6154
6162,6159,6157
6157,6156,6140
6157,6140,6163
6157,6164,6162
6157,6165,6164
6163,6165,6157
6166,6164,6167
6165,6167,6164
6164,6166,6168
6162,6164,6168
6168,6169,6170
6170,6171,6168
6172,6168,6173
6173,6168,6171
6168,6172,6162
6169,6168,6174
6166,6174,6168
6175,6169,6174
6176,6174,6166
6174,6177,6175
6174,6176,6177
6166,6175,6177
6166,6177,6176
6178,6176,6175
6179,6175,6176
6179,6176,6178
6180,6181,6178
6182,6178,6181
6178,6183,6184
6184,6180,6178
6183,6178,6185
6178,6186,6187
6178,6188,6186
6182,6188,6178
6178,6187,6189
6178,6189,6190
6190,6185,6178
6179,6178,6175
6180,6179,6181
6182,6179,6180
6191,6182,6180
6180,6184,6192
6192,6191,6180
6193,6194,6191
6193,6191,6195
6196,6182,6191
6197,6191,6194
6192,6195,6191
6197,6196,6191
6195,6192,6184
6184,6183,6195
6195,6183,6198
6195,6199,6193
6198,6199,6195
6200,6201,6198
6198,6202,6200
6202,6198,6201
6203,6198,6183
6199,6198,6203
6204,6203,6183
6204,6205,6203
6199,6203,6205
6200,6202,6203
6202,6201,6203
6200,6203,6201
6206,6207,6205
6205,6204,6206
6205,6207,6208
6208,6199,6205
6208,6207,6209
6209,6199,6208
6210,6211,6209
6209,6207,6210
6209,6211,6212
6199,6209,6212
6211,6213,6212
6214,6212,6213
6214,6199,6212
6214,6215,6216
6217,6215,6214
6213,6217,6214
6218,6219,6214
6214,6219,6199
6216,6220,6214
6200,6214,6220
6218,6214,6200
6221,6222,6218
6200,6221,6218
6223,6186,6218
6219,6218,6186
6218,6222,6223
6222,6221,6224
6224,6223,6222
6187,6186,6224
6224,6189,6187
6200,6224,6221
6224,6186,6223
6224,6200,6190
6224,6190,6189
6225,6220,6216
6200,6220,6225
6216,6226,6225
6185,6225,6226
6225,6185,6200
6226,6227,6228
6228,6185,6226
6229,6226,6216
6226,6230,6227
6226,6229,6230
6228,6231,6230
6230,6229,6232
6230,6232,6206
6206,6185,6230
6185,6227,6230
6232,6229,6233
6210,6232,6233
6206,6232,6210
6233,6229,6213
6233,6213,6211
6211,6210,6233
6234,6231,6235
6236,6235,6231
6237,6236,6231
6173,6237,6231
6173,6231,6238
6234,6238,6231
6237,6239,6236
6240,6236,6239
6240,6235,6236
6239,6241,6240
6242,6240,6241
6242,6243,6240
6240,6243,6244
6244,6235,6240
6235,6244,6245
6245,6244,6243
6245,6246,6235
6245,6247,6248
6247,6245,6249
6245,6250,6246
6245,6248,6250
6243,6251,6245
6251,6249,6245
6252,6247,6249
6252,6249,6253
6253,6249,6254
6255,6249,6251
6249,6255,6254
6254,6255,6256
6256,6255,6250
6255,6257,6258
6255,6258,6250
6257,6255,6259
6251,6259,6255
6260,6215,6259
6215,6261,6259
6260,6259,6262
6262,6259,6261
6251,6263,6259
6257,6259,6263
6262,6264,6260
6264,6262,6261
6265,6264,6266
6266,6264,6261
6267,6260,6264
6265,6267,6264
6266,6268,6265
6265,6268,6269
6269,6270,6265
6267,6265,6270
6271,6267,6270
6271,6270,6269
6261,6271,6266
6272,6271,6261
6271,6272,6267
6266,6271,6273
6269,6273,6271
6273,6256,6248
6248,6274,6273
6256,6273,6254
6269,6254,6273
6273,6274,6266
6252,6266,6274
6274,6248,6247
6274,6247,6252
6229,6260,6272
6260,6267,6272
6213,6229,6272
6272,6217,6213
6217,6272,6261
6268,6253,6269
6254,6269,6253
6266,6252,6268
6253,6268,6252
6251,6215,6263
6257,6263,6215
6215,6217,6261
6260,6229,6216
6216,6215,6260
6215,6258,6257
6258,6215,6251
6275,6258,6138
6138,6258,6251
6250,6258,6276
6275,6276,6258
6276,6275,6246
6276,6246,6250
6235,6275,6234
6235,6246,6275
6275,6138,6277
6277,6234,6275
6278,6173,6277
6277,6279,6278
6234,6277,6173
6138,6279,6277
6280,6278,6279
6279,6142,6144
6279,6138,6142
6144,6280,6279
6281,6278,6280
6280,6144,6281
6282,6281,6283
6283,6281,6284
6285,6281,6282
6281,6144,6284
6281,6285,6278
6286,6287,6281
6281,6288,6286
6288,6281,6287
6286,6285,6287
6288,6287,6285
6286,6288,6285
6288,6171,6289
6289,6290,6288
6171,6288,6290
6289,6286,6290
6171,6290,6286
6289,6291,6286
6289,6292,6293
6293,6291,6289
6170,6292,6289
6289,6171,6170
6286,6291,6294
6295,6294,6291
6295,6291,6293
6293,6296,6295
6139,6295,6296
6294,6295,6297
6295,6298,6297
6241,6298,6295
6295,6139,6241
6298,6239,6299
6299,6297,6298
6241,6239,6298
6299,6239,6237
6294,6299,6237
6297,6299,6294
6300,6296,6293
6300,6301,6296
6301,6139,6296
6139,6301,6140
6163,6140,6301
6301,6300,6163
6292,6300,6293
6300,6292,6302
6169,6300,6302
6169,6303,6300
6303,6304,6300
6300,6304,6163
6303,6305,6304
6304,6305,6165
6163,6304,6306
6307,6306,6304
6308,6309,6304
6308,6304,6196
6309,6196,6304
6165,6307,6304
6307,6310,6311
6165,6310,6307
6307,6311,6312
6307,6309,6306
6312,6309,6307
6309,6312,6163
6163,6312,6311
6312,6313,6310
6196,6314,6313
6182,6313,6314
6313,6182,6196
6309,6313,6315
6313,6309,6308
6308,6315,6313
6309,6315,6196
6308,6196,6315
6182,6314,6310
6196,6310,6314
6163,6311,6310
6182,6310,6188
6188,6310,6196
6310,6165,6163
6163,6306,6309
6305,6316,6165
6316,6305,6303
6167,6316,6166
6316,6167,6165
6303,6166,6316
6175,6303,6169
6166,6303,6175
6302,6170,6317
6318,6170,6302
6302,6319,6318
6302,6317,6319
6169,6302,6320
6292,6320,6302
6318,6282,6162
6282,6318,6317
6318,6162,6172
6172,6317,6318
6170,6318,6319
6172,6173,6317
6173,6282,6317
6170,6319,6317
6169,6320,6170
6292,6170,6320
6294,6171,6286
6171,6294,6237
6173,6278,6285
6282,6173,6285
6150,6283,6284
6150,6284,6144
6321,6282,6283
6282,6321,6160
6282,6160,6159
6159,6162,6282
6321,6161,6160
6161,6321,6283
6283,6150,6161
6256,6250,6248
6138,6251,6243
6243,6242,6138
6242,6139,6138
6139,6242,6241
6234,6228,6238
6173,6238,6228
6234,6173,6228
6171,6237,6173
6185,6228,6227
6186,6322,6219
6219,6322,6197
6219,6194,6199
6219,6197,6194
6186,6188,6322
6322,6188,6197
6210,6207,6206
6206,6204,6185
6185,6204,6183
6185,6202,6323
6185,6190,6202
6190,6323,6202
6185,6323,6200
6190,6200,6323
6194,6193,6199
6188,6196,6197
6190,6192,6324
6190,6187,6192
6187,6325,6192
6324,6192,6325
6187,6190,6325
6325,6326,6324
6325,6190,6326
6184,6324,6326
6184,6326,6190
6190,6324,6184
6182,6181,6179
6155,6161,6147
6150,6147,6161
6148,6130,6158
6158,6149,6148
6158,6151,6149
6132,6140,6156
6156,6129,6132
6130,6148,6135
6140,6132,6141
6133,6141,6132
6327,6328,6329
6327,6330,6328
6327,6329,6330
6327,6331,6332
6332,6333,6327
6334,6327,6333
6334,6335,6327
6331,6327,6335
6334,6330,6335
6331,6335,6330
6336,6330,6329
6336,6329,6328
6336,6328,6330
6336,6337,6332
6332,6331,6336
6331,6338,6336
6338,6339,6336
6337,6336,6339
6338,6328,6339
6337,6339,6328
6337,6340,6332
6328,6341,6337
6342,6337,6341
6337,6342,6340
6343,6332,6340
6340,6344,6343
6340,6342,6345
6344,6340,6346
6347,6348,6340
6340,6345,6347
6348,6349,6340
6340,6349,6346
6350,6351,6349
6352,6350,6349
6353,6349,6351
6346,6349,6353
6354,6352,6349
6349,6355,6354
6355,6349,6356
6348,6357,6349
6358,6349,6357
6349,6358,6359
6349,6359,6356
6358,6360,6359
6361,6356,6359
6362,6363,6359
6359,6360,6362
6359,6363,6361
6361,6363,6364
6356,6361,6355
6364,6355,6361
6355,6364,6365
6366,6365,6364
6367,6364,6363
6364,6367,6366
6366,6368,6365
6368,6366,6369
6367,6370,6366
6369,6366,6370
6370,6371,6369
6372,6369,6371
6373,6369,6372
6374,6368,6369
6375,6374,6369
6376,6377,6369
6369,6373,6376
6369,6377,6375
6372,6378,6373
6379,6373,6378
6380,6373,6381
6381,6373,6382
6382,6373,6379
6380,6376,6373
6383,6375,6380
6380,6381,6383
6375,6376,6380
6375,6383,6365
6365,6383,6355
6355,6383,6384
6385,6383,6381
6385,6384,6383
6384,6386,6355
6386,6384,6387
6388,6387,6384
6384,6385,6388
6389,6390,6388
6389,6388,6379
6391,6388,6385
6379,6388,6391
6392,6388,6393
6393,6388,6390
6387,6388,6392
6346,6353,6392
6346,6392,6394
6343,6392,6348
6343,6395,6392
6394,6392,6395
6396,6392,6353
6352,6392,6396
6387,6392,6352
6348,6392,6393
6353,6397,6396
6397,6398,6396
6396,6398,6399
6396,6399,6350
6352,6396,6350
6400,6399,6401
6401,6399,6402
6399,6398,6402
6399,6400,6403
6350,6399,6403
6403,6351,6350
6404,6403,6405
6405,6403,6400
6403,6406,6351
6406,6403,6404
6406,6407,6408
6408,6351,6406
6404,6409,6406
6410,6406,6409
6411,6407,6406
6406,6412,6411
6406,6413,6412
6414,6413,6406
6410,6414,6406
6415,6414,6410
6414,6416,6417
6418,6416,6414
6414,6417,6413
6414,6415,6418
6418,6415,6419
6418,6419,6420
6418,6421,6417
6420,6421,6418
6416,6418,6417
6419,6422,6420
6420,6422,6421
6423,6424,6422
6425,6423,6422
6419,6425,6422
6422,6426,6427
6424,6426,6422
6422,6427,6411
6413,6421,6422
6422,6412,6413
6422,6411,6412
6428,6429,6424
6430,6428,6424
6429,6426,6424
6408,6424,6423
6424,6408,6431
6431,6430,6424
6430,6432,6433
6434,6430,6433
6428,6430,6434
6432,6430,6435
6431,6436,6430
6436,6435,6430
6436,6431,6437
6437,6438,6436
6439,6436,6438
6439,6435,6436
6437,6440,6438
6440,6437,6441
6442,6441,6437
6437,6443,6442
6443,6437,6431
6443,6444,6445
6443,6445,6442
6431,6444,6443
6445,6444,6446
6444,6431,6355
6355,6446,6444
6447,6439,6446
6446,6448,6447
6446,6439,6438
6446,6381,6448
6385,6381,6446
6440,6445,6446
6446,6438,6440
6446,6386,6385
6446,6355,6386
6449,6448,6445
6447,6448,6449
6450,6448,6381
6448,6450,6391
6448,6354,6445
6354,6448,6387
6386,6448,6391
6387,6448,6386
6451,6452,6450
6450,6381,6451
6452,6453,6450
6450,6453,6454
6379,6391,6450
6379,6450,6454
6454,6455,6456
6454,6456,6379
6454,6453,6457
6454,6457,6455
6453,6455,6457
6453,6456,6455
6457,6456,6458
6457,6458,6452
6457,6452,6459
6457,6459,6460
6457,6460,6461
6457,6461,6456
6460,6451,6382
6460,6382,6379
6460,6456,6452
6460,6452,6451
6379,6456,6460
6459,6461,6460
6460,6462,6463
6462,6460,6464
6460,6463,6464
6465,6464,6463
6465,6463,6462
6466,6456,6465
6464,6465,6456
6465,6467,6466
6465,6462,6467
6452,6466,6467
6452,6467,6462
6462,6466,6452
6462,6456,6466
6462,6464,6456
6459,6456,6461
6459,6458,6456
6459,6452,6458
6456,6453,6452
6382,6451,6381
6468,6433,6449
6449,6433,6447
6445,6468,6449
6468,6441,6433
6468,6445,6440
6440,6441,6468
6469,6447,6433
6447,6469,6439
6470,6469,6471
6471,6469,6472
6469,6433,6472
6470,6439,6469
6471,6473,6470
6474,6470,6473
6470,6435,6439
6435,6470,6432
6470,6474,6432
6432,6474,6472
6475,6472,6474
6476,6477,6474
6475,6474,6477
6473,6476,6474
6472,6475,6471
6475,6478,6471
6478,6475,6479
6480,6475,6477
6475,6480,6481
6481,6479,6475
6481,6482,6389
6483,6482,6481
6484,6483,6481
6481,6480,6484
6389,6479,6481
6485,6483,6484
6480,6485,6484
6486,6487,6485
6487,6488,6485
6488,6489,6485
6489,6483,6485
6480,6486,6485
6476,6489,6477
6489,6490,6477
6489,6488,6490
6489,6476,6483
6491,6492,6490
6490,6492,6486
6477,6490,6480
6488,6491,6490
6490,6486,6480
6491,6493,6492
6491,6494,6493
6488,6494,6491
6495,6496,6494
6496,6497,6494
6498,6494,6497
6498,6499,6494
6494,6487,6486
6488,6487,6494
6486,6495,6494
6494,6500,6493
6494,6499,6500
6498,6501,6499
6499,6501,6502
6499,6502,6503
6500,6499,6503
6503,6504,6495
6493,6503,6495
6503,6502,6505
6505,6504,6503
6503,6493,6500
6504,6506,6495
6506,6504,6507
6508,6507,6504
6504,6505,6508
6508,6509,6501
6501,6507,6508
6508,6510,6509
6510,6508,6511
6505,6511,6508
6512,6510,6511
6511,6505,6512
6512,6344,6510
6512,6343,6344
6395,6512,6505
6343,6512,6395
6510,6344,6513
6513,6514,6510
6510,6514,6515
6509,6510,6515
6515,6514,6516
6515,6516,6502
6509,6515,6502
6517,6516,6514
6518,6516,6517
6502,6516,6505
6518,6505,6516
6518,6517,6398
6518,6398,6505
6423,6517,6519
6517,6423,6398
6514,6519,6517
6423,6519,6351
6519,6514,6353
6351,6519,6353
6353,6514,6513
6353,6513,6394
6394,6513,6346
6346,6513,6344
6501,6509,6502
6501,6498,6507
6498,6520,6507
6507,6520,6506
6333,6521,6520
6333,6520,6341
6520,6342,6341
6522,6342,6520
6498,6522,6520
6523,6506,6520
6521,6524,6520
6520,6525,6523
6525,6520,6524
6524,6526,6527
6524,6527,6525
6524,6528,6529
6529,6530,6524
6524,6521,6528
6526,6524,6530
6530,6370,6367
6530,6531,6370
6530,6529,6531
6530,6358,6532
6526,6530,6532
6530,6367,6362
6358,6530,6360
6362,6360,6530
6526,6532,6533
6533,6532,6534
6534,6532,6535
6357,6535,6532
6358,6357,6532
6534,6535,6536
6536,6535,6537
6537,6535,6357
6345,6538,6537
6538,6539,6537
6534,6536,6537
6537,6540,6534
6539,6540,6537
6357,6345,6537
6539,6538,6342
6342,6533,6539
6533,6534,6539
6540,6539,6534
6345,6342,6538
6533,6529,6528
6533,6528,6526
6342,6522,6533
6529,6533,6522
6527,6482,6531
6527,6531,6529
6371,6531,6482
6371,6370,6531
6526,6528,6521
6526,6541,6527
6541,6526,6521
6527,6541,6542
6542,6541,6333
6541,6521,6333
6542,6333,6332
6542,6393,6527
6347,6543,6542
6393,6542,6543
6347,6542,6343
6542,6332,6343
6543,6348,6393
6357,6348,6543
6543,6347,6345
6345,6357,6543
6496,6525,6529
6529,6497,6496
6529,6525,6527
6529,6522,6498
6498,6497,6529
6393,6482,6527
6523,6525,6496
6506,6523,6495
6495,6523,6496
6395,6505,6398
6493,6495,6486
6486,6492,6493
6378,6482,6483
6483,6544,6378
6483,6476,6544
6479,6389,6544
6479,6544,6478
6544,6471,6478
6544,6473,6471
6544,6389,6378
6544,6476,6473
6378,6371,6482
6545,6389,6482
6545,6482,6390
6482,6393,6390
6546,6545,6390
6389,6545,6546
6372,6547,6545
6372,6545,6548
6547,6548,6545
6547,6546,6548
6546,6547,6372
6371,6547,6549
6547,6371,6378
6378,6549,6547
6371,6549,6372
6378,6372,6549
6372,6548,6546
6546,6390,6389
6432,6472,6433
6442,6445,6354
6441,6442,6550
6550,6442,6354
6550,6401,6441
6401,6550,6551
6552,6551,6550
6552,6550,6431
6355,6550,6354
6355,6431,6550
6551,6552,6553
6554,6553,6552
6408,6552,6431
6554,6552,6555
6407,6555,6552
6408,6407,6552
6555,6407,6556
6555,6557,6558
6555,6556,6557
6559,6560,6555
6555,6558,6559
6555,6560,6554
6560,6561,6553
6561,6560,6562
6560,6553,6554
6562,6560,6563
6560,6559,6563
6563,6564,6562
6563,6559,6565
6564,6563,6566
6563,6565,6566
6566,6434,6401
6402,6566,6401
6566,6402,6567
6565,6434,6566
6566,6567,6564
6568,6567,6402
6569,6567,6570
6567,6571,6570
6568,6571,6567
6572,6564,6567
6573,6574,6567
6574,6575,6567
6567,6575,6576
6569,6573,6567
6567,6576,6572
6562,6572,6576
6562,6576,6575
6562,6564,6572
6577,6572,6575
6572,6578,6575
6578,6572,6577
6579,6580,6578
6579,6578,6581
6581,6578,6580
6578,6577,6575
6581,6580,6577
6579,6577,6580
6581,6557,6582
6582,6583,6581
6557,6581,6583
6577,6579,6581
6582,6579,6583
6557,6583,6579
6558,6582,6584
6558,6579,6582
6557,6585,6582
6582,6585,6586
6582,6586,6584
6429,6428,6584
6565,6584,6428
6559,6584,6565
6429,6584,6587
6587,6584,6586
6558,6584,6559
6429,6587,6588
6588,6587,6585
6587,6586,6585
6429,6588,6589
6585,6557,6588
6557,6589,6588
6429,6589,6556
6589,6557,6556
6579,6558,6557
6590,6569,6591
6575,6591,6569
6573,6569,6590
6592,6569,6570
6569,6592,6593
6569,6593,6562
6569,6562,6575
6594,6592,6570
6592,6595,6593
6595,6592,6594
6571,6596,6594
6570,6571,6594
6597,6595,6594
6594,6598,6597
6598,6594,6590
6590,6594,6596
6599,6596,6571
6590,6596,6573
6600,6596,6599
6573,6596,6600
6600,6599,6601
6600,6602,6573
6602,6600,6603
6604,6603,6600
6604,6600,6598
6601,6598,6600
6601,6599,6605
6598,6601,6605
6599,6606,6605
6605,6607,6598
6607,6605,6608
6608,6605,6606
6598,6607,6609
6608,6609,6607
6610,6597,6609
6609,6608,6610
6598,6609,6597
6611,6612,6610
6597,6610,6612
6610,6608,6611
6613,6612,6611
6613,6611,6608
6599,6613,6606
6606,6613,6608
6599,6612,6613
6612,6599,6571
6612,6571,6597
6604,6614,6603
6615,6604,6616
6604,6615,6617
6618,6616,6604
6604,6617,6618
6614,6604,6598
6615,6616,6614
6618,6614,6616
6614,6617,6615
6614,6618,6617
6614,6619,6603
6598,6619,6614
6620,6603,6619
6620,6619,6598
6598,6621,6620
6615,6620,6621
6603,6620,6622
6618,6622,6620
6615,6618,6620
6603,6622,6602
6602,6622,6618
6623,6621,6591
6598,6591,6621
6624,6621,6625
6621,6623,6625
6602,6621,6624
6621,6602,6618
6618,6615,6621
6624,6626,6573
6626,6624,6627
6628,6624,6625
6628,6627,6624
6602,6624,6573
6625,6627,6628
6625,6629,6627
6629,6626,6627
6629,6630,6631
6629,6632,6630
6629,6631,6626
6633,6629,6625
6633,6632,6629
6632,6633,6591
6591,6630,6632
6591,6633,6623
6625,6623,6633
6634,6635,6631
6631,6630,6634
6626,6631,6635
6635,6636,6574
6636,6635,6634
6635,6574,6626
6636,6637,6574
6636,6634,6638
6638,6637,6636
6575,6574,6637
6638,6575,6637
6639,6638,6634
6638,6639,6575
6639,6640,6591
6575,6639,6591
6634,6640,6639
6640,6630,6591
6630,6640,6634
6573,6626,6574
6591,6598,6590
6597,6641,6642
6597,6642,6643
6571,6568,6597
6568,6644,6597
6595,6597,6644
6643,6645,6597
6597,6645,6641
6643,6642,6641
6643,6641,6645
6642,6645,6646
6647,6645,6642
6645,6647,6646
6416,6648,6647
6647,6649,6416
6647,6642,6646
6647,6417,6649
6417,6647,6648
6416,6646,6648
6417,6648,6646
6646,6416,6649
6646,6649,6417
6650,6595,6643
6650,6643,6651
6651,6643,6568
6568,6643,6644
6595,6644,6643
6651,6652,6409
6653,6652,6651
6409,6650,6651
6568,6402,6651
6402,6653,6651
6653,6398,6423
6398,6653,6402
6423,6425,6653
6652,6653,6425
6654,6652,6425
6654,6410,6652
6652,6410,6409
6654,6425,6419
6654,6655,6410
6656,6655,6654
6654,6419,6656
6419,6415,6656
6656,6415,6655
6410,6655,6415
6650,6409,6657
6657,6595,6650
6593,6657,6561
6405,6561,6657
6595,6657,6593
6409,6405,6657
6593,6561,6562
6428,6434,6565
6553,6561,6658
6405,6658,6561
6553,6658,6551
6658,6405,6400
6400,6551,6658
6556,6426,6429
6407,6659,6556
6426,6556,6659
6660,6661,6556
6660,6556,6413
6411,6413,6556
6661,6411,6556
6411,6661,6413
6661,6660,6413
6407,6660,6659
6427,6660,6407
6660,6427,6426
6426,6659,6660
6551,6400,6401
6441,6401,6434
6441,6434,6433
6411,6427,6407
6351,6408,6423
6413,6417,6421
6404,6405,6409
6395,6398,6394
6398,6397,6394
6394,6397,6353
6391,6385,6386
6378,6389,6379
6387,6352,6354
6365,6368,6375
6377,6376,6375
6375,6368,6374
6363,6362,6367
6348,6347,6343
6341,6338,6333
6338,6341,6328
6338,6331,6334
6338,6334,6333
6330,6334,6331
6662,6663,6664
6664,6665,6662
6665,6664,6666
6663,6667,6664
6664,6667,6668
6666,6664,6669
6668,6669,6664
6668,6670,6671
6667,6670,6668
6672,6669,6668
6673,6672,6668
6671,6673,6668
6673,6674,6675
6672,6673,6675
6674,6673,6671
6674,6676,6677
6676,6674,6678
6679,6680,6674
6680,6681,6674
6679,6674,6682
6674,6683,6678
6674,6677,6684
6684,6683,6674
6675,6674,6681
6671,6682,6674
6681,6680,6662
6662,6685,6681
6681,6685,6686
6686,6675,6681
6675,6686,6666
6686,6685,6687
6666,6686,6687
6688,6687,6685
6689,6687,6688
6687,6690,6691
6687,6689,6690
6687,6692,6693
6687,6693,6694
6687,6694,6666
6687,6691,6692
6693,6689,6695
6689,6693,6696
6697,6695,6689
6689,6696,6697
6688,6690,6689
6697,6690,6695
6693,6695,6690
6690,6697,6696
6690,6696,6693
6693,6697,6691
6694,6693,6692
6694,6692,6691
6691,6698,6694
6698,6691,6688
6691,6690,6688
6698,6699,6700
6700,6665,6698
6701,6699,6698
6665,6694,6698
6688,6685,6698
6698,6685,6701
6701,6702,6699
6701,6703,6702
6703,6701,6685
6703,6704,6705
6706,6704,6703
6705,6702,6703
6707,6708,6703
6703,6708,6709
6710,6707,6703
6703,6685,6710
6709,6706,6703
6711,6708,6707
6707,6712,6711
6707,6710,6712
6705,6711,6712
6710,6713,6712
6702,6712,6713
6712,6702,6705
6702,6713,6714
6714,6713,6715
6713,6710,6715
6662,6715,6710
6716,6715,6662
6717,6715,6716
6714,6715,6717
6717,6716,6700
6717,6700,6718
6663,6679,6717
6718,6663,6717
6719,6717,6679
6717,6719,6714
6677,6719,6679
6714,6719,6720
6720,6719,6677
6671,6670,6720
6720,6670,6667
6714,6720,6699
6718,6699,6720
6720,6677,6671
6667,6718,6720
6699,6718,6700
6718,6667,6663
6665,6716,6662
6716,6665,6700
6714,6699,6702
6708,6711,6721
6721,6711,6705
6722,6721,6705
6709,6721,6722
6721,6709,6708
6723,6722,6705
6722,6723,6724
6722,6724,6706
6722,6706,6709
6725,6724,6723
6706,6724,6704
6726,6704,6724
6726,6724,6725
6727,6728,6725
6729,6725,6728
6725,6730,6727
6725,6723,6730
6731,6725,6729
6725,6732,6726
6733,6732,6725
6725,6734,6733
6735,6734,6725
6725,6736,6735
6725,6737,6736
6725,6731,6738
6739,6737,6725
6725,6740,6739
6725,6741,6740
6725,6742,6741
6725,6738,6742
6738,6731,6743
6743,6744,6738
6742,6738,6744
6744,6743,6745
6746,6744,6745
6742,6744,6746
6745,6747,6746
6746,6748,6741
6748,6746,6747
6741,6742,6746
6747,6745,6749
6750,6747,6749
6747,6750,6748
6749,6751,6750
6752,6750,6751
6748,6750,6752
6752,6753,6754
6751,6753,6752
6754,6755,6752
6752,6755,6748
6755,6754,6737
6739,6748,6755
6737,6739,6755
6756,6754,6753
6735,6754,6756
6735,6736,6754
6736,6737,6754
6756,6753,6728
6735,6756,6757
6757,6756,6727
6728,6727,6756
6733,6757,6758
6758,6757,6727
6733,6734,6757
6757,6734,6735
6733,6758,6759
6727,6759,6758
6726,6759,6760
6760,6759,6727
6726,6732,6759
6759,6732,6733
6704,6760,6705
6705,6760,6723
6760,6730,6723
6760,6704,6726
6760,6727,6730
6761,6728,6753
6753,6762,6761
6753,6751,6762
6761,6762,6763
6763,6762,6751
6763,6764,6765
6763,6749,6764
6729,6763,6731
6763,6729,6761
6766,6763,6765
6731,6763,6743
6763,6767,6743
6751,6749,6763
6767,6763,6766
6768,6769,6766
6766,6765,6768
6767,6766,6769
6769,6770,6771
6770,6769,6768
6769,6771,6767
6767,6771,6772
6772,6771,6773
6773,6771,6770
6772,6773,6774
6770,6774,6773
6774,6775,6772
6774,6776,6775
6777,6776,6774
6774,6770,6777
6777,6778,6776
6778,6777,6779
6777,6770,6780
6779,6777,6780
6778,6779,6781
6780,6781,6779
6782,6781,6783
6781,6780,6783
6784,6781,6782
6781,6785,6778
6781,6784,6785
6784,6786,6787
6787,6785,6784
6782,6786,6784
6788,6787,6786
6786,6789,6788
6789,6786,6790
6786,6782,6790
6791,6789,6790
6792,6790,6793
6793,6790,6782
6790,6792,6791
6788,6789,6791
6794,6788,6791
6791,6795,6794
6795,6791,6796
6791,6792,6796
6797,6795,6796
6796,6798,6797
6798,6796,6799
6799,6796,6792
6800,6799,6788
6787,6788,6799
6799,6800,6798
6799,6801,6787
6799,6793,6801
6793,6799,6792
6785,6787,6801
6793,6783,6801
6801,6802,6785
6802,6801,6783
6778,6802,6775
6775,6802,6783
6778,6785,6802
6788,6794,6800
6803,6800,6794
6800,6803,6798
6804,6803,6805
6806,6805,6803
6807,6806,6803
6803,6794,6807
6804,6808,6803
6808,6798,6803
6805,6806,6809
6809,6806,6810
6811,6806,6807
6811,6810,6806
6811,6797,6798
6797,6811,6807
6810,6811,6798
6810,6812,6809
6812,6810,6808
6798,6808,6810
6813,6812,6804
6809,6812,6813
6812,6808,6804
6814,6815,6813
6813,6815,6816
6804,6814,6813
6813,6816,6809
6816,6817,6805
6809,6816,6805
6817,6816,6818
6816,6815,6818
6676,6817,6818
6818,6677,6676
6819,6820,6818
6677,6818,6820
6818,6815,6814
6814,6819,6818
6820,6819,6821
6821,6819,6822
6819,6814,6823
6823,6822,6819
6814,6805,6823
6823,6805,6817
6817,6822,6823
6824,6822,6817
6821,6822,6824
6825,6824,6676
6817,6676,6824
6824,6825,6821
6678,6825,6676
6825,6678,6821
6826,6821,6678
6820,6821,6826
6827,6828,6826
6826,6828,6820
6827,6826,6829
6829,6826,6678
6829,6683,6827
6678,6683,6829
6677,6828,6827
6830,6827,6683
6827,6830,6677
6677,6830,6684
6684,6830,6683
6820,6828,6677
6805,6814,6804
6807,6794,6797
6794,6795,6797
6783,6793,6782
6783,6780,6775
6768,6780,6770
6780,6768,6775
6775,6776,6778
6772,6775,6768
6768,6765,6772
6765,6764,6772
6831,6772,6764
6767,6772,6831
6764,6745,6831
6831,6745,6743
6831,6743,6767
6764,6749,6745
6728,6761,6729
6740,6741,6748
6748,6739,6740
6710,6685,6662
6694,6665,6666
6679,6682,6677
6671,6677,6682
6680,6679,6663
6680,6663,6662
6832,6833,6675
6675,6669,6832
6675,6833,6834
6675,6835,6672
6675,6834,6835
6666,6669,6675
6832,6834,6833
6832,6835,6834
6672,6835,6836
6836,6835,6832
6837,6835,6838
6837,6833,6835
6833,6838,6835
6837,6838,6836
6833,6836,6838
6832,6839,6836
6833,6837,6836
6672,6836,6669
6669,6836,6839
6832,6837,6839
6669,6839,6837
6832,6669,6837
6840,6841,6842
6842,6843,6840
6842,6844,6843
6842,6841,6845
6846,6844,6842
6847,6846,6842
6847,6842,6845
6848,6847,6849
6847,6848,6850
6851,6849,6847
6852,6847,6850
6853,6851,6847
6847,6854,6855
6855,6853,6847
6847,6852,6846
6845,6856,6847
6847,6856,6854
6856,6857,6858
6858,6859,6856
6859,6860,6856
6861,6854,6856
6861,6856,6862
6860,6863,6856
6863,6864,6856
6864,6865,6856
6862,6856,6865
6856,6845,6857
6858,6857,6840
6841,6840,6857
6857,6845,6841
6866,6865,6864
6865,6867,6862
6868,6867,6865
6865,6866,6868
6866,6869,6870
6870,6868,6866
6864,6869,6866
6863,6871,6869
6869,6871,6870
6864,6863,6869
6872,6871,6863
6870,6871,6872
6863,6860,6872
6873,6872,6860
6872,6873,6870
6870,6873,6874
6874,6873,6859
6860,6859,6873
6858,6843,6874
6874,6843,6870
6874,6859,6858
6875,6870,6843
6876,6870,6875
6868,6870,6877
6878,6877,6870
6870,6876,6878
6850,6878,6876
6850,6876,6879
6879,6876,6875
6875,6880,6879
6879,6880,6881
6850,6879,6852
6881,6852,6879
6881,6880,6843
6843,6844,6881
6852,6881,6844
6843,6880,6875
6850,6882,6878
6877,6878,6882
6850,6883,6882
6884,6885,6882
6882,6885,6877
6882,6883,6884
6886,6887,6883
6883,6887,6884
6883,6888,6886
6850,6888,6883
6888,6889,6890
6890,6886,6888
6850,6889,6888
6891,6890,6889
6889,6848,6862
6889,6850,6848
6892,6891,6889
6889,6862,6892
6893,6891,6892
6893,6892,6894
6894,6892,6862
6895,6896,6894
6894,6896,6893
6894,6897,6895
6897,6894,6862
6895,6897,6898
6898,6897,6862
6898,6862,6899
6898,6899,6900
6898,6901,6895
6901,6898,6900
6902,6900,6903
6904,6900,6902
6904,6905,6900
6900,6905,6901
6862,6900,6906
6900,6862,6907
6907,6908,6900
6908,6906,6900
6899,6903,6900
6909,6910,6900
6909,6900,6911
6912,6911,6900
6913,6914,6900
6913,6900,6910
6915,6900,6914
6916,6917,6900
6916,6900,6918
6918,6900,6919
6912,6900,6915
6917,6919,6900
6919,6917,6920
6862,6920,6917
6916,6862,6917
6919,6920,6916
6862,6916,6920
6903,6921,6902
6899,6912,6903
6903,6912,6921
6922,6902,6921
6922,6921,6912
6904,6902,6922
6904,6922,6923
6912,6923,6922
6904,6923,6890
6886,6890,6923
6923,6905,6924
6905,6923,6925
6923,6887,6886
6884,6887,6923
6923,6885,6884
6923,6912,6885
6923,6926,6927
6927,6928,6923
6923,6928,6926
6923,6902,6929
6929,6930,6923
6930,6931,6923
6932,6933,6923
6932,6923,6934
6934,6923,6935
6936,6925,6923
6923,6937,6938
6938,6939,6923
6923,6939,6937
6924,6936,6923
6933,6935,6923
6902,6923,6931
6902,6940,6933
6932,6902,6933
6935,6933,6940
6902,6932,6940
6935,6940,6932
6912,6926,6928
6912,6927,6926
6902,6931,6929
6931,6930,6941
6931,6941,6929
6927,6929,6941
6927,6941,6930
6935,6932,6942
6935,6942,6934
6927,6942,6932
6927,6934,6942
6943,6938,6937
6943,6937,6939
6943,6944,6945
6943,6945,6938
6939,6927,6943
6944,6943,6927
6938,6912,6944
6938,6944,6927
6912,6945,6944
6912,6938,6945
6936,6902,6925
6902,6936,6912
6924,6912,6936
6946,6947,6924
6924,6948,6946
6949,6948,6924
6924,6950,6949
6924,6905,6913
6913,6950,6924
6951,6924,6952
6952,6924,6953
6953,6924,6954
6955,6954,6924
6956,6955,6924
6924,6947,6956
6912,6924,6951
6956,6947,6957
6957,6947,6946
6946,6958,6957
6909,6957,6958
6957,6959,6956
6909,6959,6957
6954,6955,6959
6959,6960,6954
6909,6960,6959
6959,6955,6956
6961,6954,6960
6961,6960,6962
6909,6962,6960
6963,6962,6909
6962,6964,6961
6965,6964,6962
6962,6963,6965
6966,6963,6909
6967,6965,6963
6963,6966,6967
6965,6967,6968
6966,6968,6967
6969,6965,6968
6968,6966,6970
6970,6971,6968
6968,6971,6969
6964,6965,6969
6961,6964,6969
6969,6954,6961
6954,6969,6953
6953,6969,6972
6972,6969,6971
6971,6970,6972
6972,6970,6973
6952,6972,6973
6972,6952,6953
6909,6973,6966
6970,6966,6973
6973,6974,6975
6973,6975,6976
6974,6973,6977
6978,6952,6973
6973,6979,6978
6973,6980,6981
6981,6982,6973
6979,6973,6982
6973,6983,6980
6973,6984,6983
6973,6976,6984
6909,6977,6973
6977,6985,6986
6985,6977,6987
6988,6977,6989
6988,6861,6977
6862,6977,6861
6848,6977,6862
6990,6991,6977
6977,6992,6990
6977,6993,6994
6977,6995,6993
6977,6996,6995
6996,6977,6848
6992,6977,6997
6998,6977,6999
6998,7000,6977
7000,7001,6977
7002,7003,6977
7002,6977,7004
7004,6977,7005
7006,7007,6977
7007,7008,6977
7008,7009,6977
7010,6977,7011
7010,7006,6977
7009,7012,6977
7012,7013,6977
6977,7013,7014
6977,7015,6974
6977,7016,7015
6909,7017,6977
6977,7014,7016
7018,6977,7017
7018,6987,6977
7003,7005,6977
6999,6977,7001
6997,6977,6991
6994,6989,6977
6986,7011,6977
7019,6977,7020
7019,7021,6977
7021,7022,6977
7020,6977,7022
7001,7023,6999
6990,6999,7023
6998,6999,6990
7001,6998,7023
6990,7023,6998
7002,6990,7003
6990,7024,7003
7005,7003,7024
6990,7002,7024
7005,7024,7002
7019,7020,6990
6990,7020,7025
7022,7025,7020
7022,7019,7025
6990,7025,7019
6992,6997,6993
6993,6997,7026
6991,7026,6997
6991,6992,7026
6993,7026,6992
7022,7027,7019
7022,7021,7027
6993,7019,7027
6993,7027,7021
7019,6993,7021
6986,6993,7011
7010,7011,6993
6986,7028,6993
6986,7029,7028
6986,6985,7030
6986,7030,7029
7031,7030,6985
7031,7029,7030
7031,7032,7033
7031,7034,7032
7031,6985,7034
7029,7031,7035
7036,7035,7031
7031,7037,7036
7031,7033,7037
7034,7038,7032
7034,6985,7039
7034,7040,7038
7034,7039,7040
7032,7040,7041
7032,7042,7040
6985,7043,7040
7040,7044,6985
7045,7040,7042
7045,7046,7040
7040,6988,6990
7044,7040,7047
7046,7041,7040
7048,7040,7049
7048,7050,7040
7050,7051,7040
7052,7038,7040
7052,7040,7053
7053,7040,7054
7055,7056,7040
7055,7040,7057
7057,7040,7058
7054,7040,7039
7056,7058,7040
7049,7040,7051
7047,7040,7043
7040,7059,7060
7059,7040,7061
7040,7060,7061
7062,7040,7063
7062,7064,7040
7064,7065,7040
7063,7040,7065
7048,7049,6985
6985,7049,7066
7051,7066,7049
6985,7066,7048
7051,7048,7066
6985,7067,7056
7055,6985,7056
7058,7056,7067
6985,7055,7067
7058,7067,7055
6985,7063,7068
7062,7063,6985
7065,7068,7063
7065,7062,7068
6985,7068,7062
7043,7069,7047
6990,7047,7069
7044,7047,6990
6990,7069,7044
7043,7044,7069
7065,7064,7070
7065,7070,7062
6990,7070,7064
6990,7062,7070
7062,6990,7064
7071,7061,7060
7071,7060,7059
7061,7071,6990
7072,6990,7071
7071,7073,7072
7071,7059,7073
6988,7072,7073
6988,7073,7059
7059,7072,6988
7059,6990,7072
7059,7061,6990
7032,7041,6985
7046,6985,7041
6985,7044,7043
7051,7074,7048
7051,7050,7074
7032,7074,7050
7032,7048,7074
7058,7075,7057
7058,7055,7075
7032,7057,7075
7032,7075,7055
7054,7039,6985
7053,7054,6988
6985,6988,7054
7055,7057,7032
7053,7076,7052
7076,7053,7077
7077,7053,7078
6988,7078,7053
7078,7079,7077
7079,7078,7018
7078,6988,7018
7080,7077,7079
7079,7081,7080
7081,7079,7018
7082,7080,7081
7081,7083,7082
7083,7081,7018
7084,7082,7083
7083,7085,7084
7085,7083,7018
7085,7086,7087
7087,7084,7085
7086,7085,7088
7018,7088,7085
7088,7089,7090
7091,7088,7090
7089,7088,6982
7018,6982,7088
7086,7088,7091
7091,7092,7093
7093,7087,7091
7091,7087,7086
7091,7094,7095
7095,7092,7091
7090,7094,7091
7094,7096,7097
7097,7095,7094
7089,7096,7094
7094,7090,7089
7098,7097,7096
7096,7099,7098
7100,7099,7096
7096,7089,7100
7099,7100,7101
6982,7101,7100
6982,7100,7089
7101,7102,7099
6982,7103,7101
7102,7101,7103
7099,7102,7104
7105,7104,7102
7102,7106,7105
7103,7106,7102
7106,7107,7108
7108,7105,7106
6981,7107,7106
7106,7103,6981
7107,7109,7110
7110,7108,7107
6980,7109,7107
7107,6981,6980
7109,7111,7112
7112,7110,7109
6983,7111,7109
7109,6980,6983
7111,7113,7114
6984,7113,7111
7114,7112,7111
7111,6983,6984
7112,7114,7115
7114,7116,7117
7116,7114,7113
7117,7115,7114
7115,7118,7112
7115,7117,7119
7119,7120,7115
7118,7115,7120
7121,7118,7122
7120,7122,7118
7110,7112,7118
7118,7121,7110
7122,7123,7121
7124,7121,7123
7121,7124,7108
7108,7110,7121
7123,7125,7124
7105,7108,7124
7124,7126,7105
7126,7124,7125
7126,7127,7104
7104,7105,7126
7125,7128,7126
7127,7126,7128
7098,7104,7127
7129,7127,7130
7128,7130,7127
7127,7129,7098
7129,7131,7097
7097,7098,7129
7130,7132,7129
7131,7129,7132
7095,7097,7131
7133,7131,7134
7131,7133,7095
7132,7134,7131
7135,7134,7132
7135,7136,7134
7134,7136,7133
7136,7135,7137
7136,7137,7138
7138,7133,7136
7133,7138,7092
7139,7140,7138
7092,7138,7140
7138,7137,7139
7140,7139,7141
7141,7139,7142
7137,7142,7139
7135,7143,7142
7142,7137,7135
7144,7142,7143
7145,7141,7142
7146,7145,7142
7147,7146,7142
7148,7147,7142
7142,7144,7148
7149,7144,7150
7150,7144,7151
7144,7152,7153
7153,7154,7144
7151,7144,7155
7154,7156,7144
7156,7157,7144
7144,7149,7158
7144,7159,7160
7160,7161,7144
7152,7144,7161
7144,7158,7159
7143,7162,7144
7163,7144,7164
7163,7148,7144
7165,7164,7144
7165,7144,7162
7157,7155,7144
7155,7166,7151
7167,7166,7155
7155,7168,7167
7168,7155,7157
7168,7169,7170
7170,7167,7168
7157,7169,7168
7168,7171,7172
7172,7173,7168
7174,7168,7173
7175,7171,7168
7175,7168,7176
7174,7176,7168
7174,7169,7176
7175,7176,7169
7177,7174,7178
7179,7178,7174
7174,7177,7170
7170,7180,7174
7174,7180,7179
7174,7181,7182
7181,7174,7183
7183,7174,7184
7182,7185,7174
7185,7186,7174
7187,7174,7186
7174,7187,7169
7174,7173,7167
7188,7189,7174
7174,7189,7190
7191,7188,7174
7167,7191,7174
7192,7184,7174
7174,7193,7192
7190,7193,7174
7178,7179,7194
7179,7195,7194
7195,7179,7196
7179,7180,7196
7194,7197,7198
7194,7199,7197
7198,7200,7194
7201,7194,7202
7202,7194,7161
7194,7203,7199
7204,7194,7201
7194,7205,7206
7194,7206,7203
7205,7194,7204
7152,7194,7195
7161,7194,7152
7207,7178,7194
7200,7207,7194
7199,7203,7208
7209,7208,7203
7209,7203,7206
7210,7208,7209
7209,7211,7210
7206,7211,7209
7212,7213,7211
7212,7211,7206
7211,7214,7215
7216,7211,7215
7217,7211,7208
7208,7211,7218
7219,7210,7211
7220,7219,7211
7211,7216,7221
7222,7211,7223
7222,7224,7211
7224,7225,7211
7220,7211,7213
7226,7211,7227
7226,7218,7211
7228,7229,7211
7211,7230,7228
7211,7231,7230
7217,7232,7211
7233,7234,7211
7233,7211,7235
7235,7211,7236
7234,7236,7211
7223,7211,7225
7221,7237,7211
7238,7211,7239
7238,7240,7211
7227,7211,7240
7231,7211,7241
7241,7211,7229
7214,7211,7237
7239,7211,7232
7221,7230,7237
7214,7237,7230
7217,7219,7232
7239,7232,7219
7212,7216,7213
7220,7213,7216
7241,7242,7216
7241,7215,7242
7241,7229,7215
7231,7241,7216
7231,7242,7215
7231,7216,7242
7238,7239,7216
7219,7216,7239
7212,7223,7243
7222,7223,7212
7225,7243,7223
7212,7243,7222
7225,7222,7243
7230,7212,7227
7226,7227,7212
7227,7240,7230
7212,7244,7234
7233,7212,7234
7236,7234,7244
7212,7233,7244
7236,7244,7233
7221,7215,7214
7221,7214,7230
7228,7215,7229
7231,7215,7228
7231,7228,7230
7238,7230,7240
7245,7238,7216
7245,7230,7238
7245,7216,7246
7230,7245,7246
7247,7246,7216
7248,7246,7247
7246,7248,7230
7248,7215,7249
7248,7250,7215
7247,7250,7248
7248,7249,7230
7247,7251,7250
7252,7250,7251
7250,7253,7215
7252,7253,7250
7253,7212,7254
7212,7253,7226
7253,7254,7215
7252,7226,7253
7230,7254,7212
7254,7249,7215
7254,7230,7249
7251,7255,7252
7218,7252,7255
7252,7218,7226
7256,7255,7257
7251,7257,7255
7255,7256,7218
7218,7256,7208
7257,7258,7256
7256,7258,7259
7256,7259,7260
7256,7260,7208
7259,7261,7197
7197,7199,7259
7259,7208,7170
7208,7259,7199
7170,7261,7259
7262,7259,7258
7217,7259,7262
7217,7260,7259
7262,7261,7217
7261,7262,7263
7262,7258,7263
7263,7264,7261
7265,7263,7258
7265,7264,7263
7258,7257,7265
7257,7266,7265
7264,7265,7266
7266,7257,7267
7264,7266,7268
7268,7266,7269
7266,7270,7269
7270,7266,7271
7267,7271,7266
7272,7267,7257
7273,7271,7267
7267,7181,7273
7181,7267,7274
7267,7275,7274
7275,7267,7276
7277,7276,7267
7277,7267,7272
7272,7251,7278
7272,7257,7251
7278,7277,7272
7279,7278,7251
7279,7280,7278
7278,7280,7281
7281,7277,7278
7282,7280,7283
7280,7282,7284
7284,7281,7280
7283,7280,7279
7285,7286,7284
7284,7286,7287
7288,7289,7284
7284,7290,7288
7284,7291,7285
7292,7290,7284
7289,7293,7284
7281,7284,7293
7294,7295,7284
7284,7296,7294
7284,7295,7292
7297,7296,7284
7284,7298,7297
7287,7299,7284
7300,7284,7299
7298,7284,7300
7282,7291,7284
7295,7301,7292
7295,7294,7301
7292,7301,7302
7303,7302,7301
7301,7294,7303
7303,7304,7305
7305,7302,7303
7304,7303,7294
7305,7304,7306
7306,7304,7296
7294,7296,7304
7306,7307,7305
7307,7306,7297
7296,7297,7306
7305,7307,7308
7308,7307,7298
7297,7298,7307
7309,7305,7308
7308,7310,7311
7310,7308,7312
7313,7309,7308
7308,7314,7313
7311,7314,7308
7299,7312,7308
7308,7315,7299
7298,7315,7308
7299,7315,7300
7300,7315,7298
7305,7309,7316
7317,7309,7313
7317,7316,7309
7317,7313,7314
7314,7318,7317
7318,7316,7317
7318,7319,7320
7319,7318,7314
7316,7318,7321
7322,7318,7320
7322,7321,7318
7321,7322,7293
7321,7293,7323
7323,7324,7321
7321,7325,7316
7321,7324,7325
7325,7324,7326
7326,7305,7325
7316,7325,7305
7327,7326,7328
7329,7326,7327
7328,7326,7324
7305,7326,7329
7327,7330,7329
7305,7329,7331
7331,7329,7332
7329,7330,7333
7333,7332,7329
7289,7288,7332
7332,7288,7331
7293,7332,7333
7332,7293,7289
7334,7333,7330
7293,7333,7334
7323,7334,7327
7330,7327,7334
7334,7323,7293
7331,7335,7305
7335,7331,7288
7305,7335,7336
7336,7335,7290
7288,7290,7335
7290,7292,7336
7302,7336,7292
7336,7302,7305
7328,7337,7327
7337,7328,7323
7324,7323,7328
7327,7337,7323
7322,7281,7293
7320,7338,7322
7322,7338,7339
7322,7283,7340
7339,7283,7322
7341,7281,7322
7340,7341,7322
7339,7342,7343
7343,7344,7339
7345,7342,7339
7339,7346,7347
7339,7347,7345
7348,7346,7339
7339,7349,7350
7351,7349,7339
7339,7350,7348
7339,7352,7351
7339,7344,7282
7352,7339,7338
7283,7339,7282
7353,7354,7352
7352,7354,7355
7353,7352,7338
7355,7351,7352
7355,7356,7357
7356,7355,7354
7357,7351,7355
7357,7358,7359
7359,7360,7357
7349,7357,7360
7356,7358,7357
7349,7351,7357
7353,7361,7358
7362,7358,7361
7358,7363,7364
7364,7359,7358
7365,7363,7358
7358,7366,7365
7362,7366,7358
7354,7358,7356
7358,7354,7353
7367,7368,7362
7362,7369,7367
7370,7369,7362
7362,7371,7370
7361,7371,7362
7372,7362,7310
7362,7368,7310
7342,7366,7362
7343,7362,7372
7362,7343,7342
7373,7372,7310
7374,7372,7373
7372,7374,7343
7343,7374,7282
7373,7375,7374
7282,7374,7375
7375,7373,7376
7376,7377,7375
7375,7377,7282
7377,7285,7291
7378,7285,7377
7377,7376,7378
7291,7282,7377
7378,7376,7310
7310,7379,7378
7285,7378,7379
7310,7380,7379
7285,7379,7380
7381,7380,7310
7286,7380,7381
7380,7286,7285
7287,7381,7312
7310,7312,7381
7381,7287,7286
7310,7376,7373
7310,7368,7382
7368,7367,7383
7383,7382,7368
7320,7382,7383
7383,7384,7338
7369,7384,7383
7383,7338,7320
7383,7367,7369
7384,7385,7338
7371,7385,7384
7384,7369,7370
7384,7370,7371
7338,7385,7353
7361,7353,7385
7385,7371,7361
7386,7382,7320
7382,7386,7310
7386,7387,7310
7320,7387,7386
7311,7310,7387
7388,7387,7320
7387,7388,7311
7319,7388,7320
7388,7319,7311
7347,7363,7365
7346,7364,7363
7363,7347,7346
7345,7365,7366
7366,7342,7345
7365,7345,7347
7350,7359,7364
7364,7348,7350
7364,7346,7348
7350,7360,7359
7360,7350,7349
7282,7344,7343
7340,7389,7390
7340,7390,7391
7340,7391,7276
7276,7277,7340
7277,7341,7340
7283,7279,7340
7389,7340,7279
7279,7251,7389
7389,7251,7247
7390,7389,7392
7389,7247,7393
7393,7394,7389
7394,7392,7389
7395,7396,7392
7396,7397,7392
7397,7398,7392
7399,7392,7398
7395,7392,7394
7392,7399,7390
7390,7399,7400
7398,7400,7399
7400,7401,7390
7400,7398,7184
7401,7400,7193
7192,7193,7400
7184,7192,7400
7402,7390,7401
7401,7403,7402
7403,7401,7190
7193,7190,7401
7189,7404,7403
7190,7189,7403
7403,7404,7402
7188,7405,7404
7405,7402,7404
7404,7189,7188
7405,7406,7391
7391,7390,7405
7402,7405,7390
7406,7405,7188
7191,7407,7406
7406,7407,7391
7406,7188,7191
7407,7172,7171
7171,7391,7407
7167,7172,7407
7407,7191,7167
7395,7408,7409
7396,7395,7409
7394,7408,7395
7408,7410,7411
7408,7412,7410
7412,7408,7394
7413,7409,7408
7408,7411,7413
7183,7411,7410
7183,7413,7411
7414,7410,7413
7413,7410,7415
7413,7416,7414
7417,7416,7413
7413,7415,7417
7183,7409,7413
7167,7414,7166
7166,7414,7418
7188,7418,7414
7170,7414,7167
7414,7419,7188
7420,7419,7414
7414,7416,7421
7414,7421,7420
7414,7170,7410
7420,7421,7422
7422,7423,7420
7419,7420,7423
7151,7423,7422
7423,7424,7419
7151,7424,7423
7425,7419,7424
7425,7424,7426
7151,7426,7424
7427,7190,7426
7426,7428,7427
7428,7426,7151
7426,7190,7425
7188,7427,7428
7429,7428,7151
7428,7429,7188
7166,7429,7151
7418,7429,7166
7418,7188,7429
7190,7427,7188
7419,7425,7190
7417,7422,7421
7151,7422,7417
7421,7416,7417
7421,7184,7397
7397,7396,7421
7409,7421,7396
7421,7409,7183
7184,7421,7183
7190,7188,7419
7151,7415,7430
7151,7417,7415
7430,7415,7410
7410,7170,7430
7151,7430,7431
7432,7431,7430
7430,7170,7432
7432,7210,7431
7432,7170,7208
7208,7210,7432
7432,7217,7183
7217,7432,7433
7433,7432,7434
7183,7434,7432
7433,7434,7170
7183,7170,7434
7433,7435,7217
7435,7433,7393
7393,7433,7170
7435,7436,7219
7435,7393,7436
7219,7217,7435
7436,7247,7437
7436,7393,7247
7436,7437,7219
7216,7219,7437
7437,7247,7216
7219,7438,7431
7431,7210,7219
7151,7431,7438
7438,7219,7220
7220,7439,7438
7151,7438,7439
7230,7204,7439
7439,7216,7230
7220,7216,7439
7151,7439,7204
7412,7440,7410
7412,7170,7440
7412,7393,7170
7394,7393,7412
7183,7410,7440
7183,7440,7170
7184,7398,7397
7391,7441,7442
7442,7276,7391
7391,7171,7441
7443,7442,7441
7441,7444,7443
7441,7175,7444
7171,7175,7441
7445,7443,7444
7187,7444,7175
7444,7187,7445
7446,7445,7170
7170,7445,7447
7154,7447,7445
7445,7156,7154
7156,7445,7446
7445,7187,7180
7445,7448,7443
7448,7445,7449
7180,7449,7445
7180,7447,7449
7448,7449,7447
7447,7450,7448
7448,7450,7442
7442,7443,7448
7276,7442,7450
7276,7450,7451
7452,7451,7450
7452,7450,7447
7452,7453,7451
7454,7453,7452
7452,7455,7454
7452,7447,7455
7180,7455,7447
7180,7454,7455
7451,7453,7456
7456,7453,7454
7457,7451,7456
7458,7459,7456
7456,7454,7458
7456,7459,7457
7459,7458,7460
7457,7459,7461
7461,7459,7460
7461,7460,7462
7460,7458,7463
7460,7463,7462
7462,7464,7195
7195,7465,7462
7170,7458,7462
7464,7462,7458
7462,7465,7170
7461,7462,7466
7180,7466,7462
7180,7462,7463
7461,7466,7465
7180,7465,7466
7464,7467,7152
7458,7467,7464
7195,7464,7152
7467,7153,7152
7153,7467,7468
7467,7458,7468
7468,7454,7153
7468,7458,7170
7170,7454,7468
7468,7469,7470
7469,7468,7471
7471,7468,7472
7470,7472,7468
7470,7153,7472
7471,7472,7153
7470,7473,7153
7470,7152,7473
7152,7470,7474
7474,7470,7469
7143,7153,7473
7143,7473,7152
7152,7474,7475
7475,7474,7476
7469,7476,7474
7476,7477,7475
7477,7476,7469
7477,7471,7478
7471,7477,7469
7478,7479,7477
7475,7477,7480
7480,7477,7479
7481,7479,7478
7479,7482,7480
7483,7482,7479
7479,7484,7483
7484,7479,7485
7485,7479,7481
7481,7486,7485
7143,7481,7487
7143,7486,7481
7478,7487,7481
7488,7489,7486
7486,7490,7488
7486,7489,7485
7143,7490,7486
7490,7491,7492
7492,7488,7490
7143,7491,7490
7143,7493,7491
7494,7491,7493
7494,7492,7491
7494,7495,7496
7496,7492,7494
7493,7495,7494
7497,7498,7495
7495,7499,7497
7500,7499,7495
7495,7501,7500
7501,7495,7493
7498,7496,7495
7498,7497,7502
7503,7496,7498
7498,7504,7503
7502,7504,7498
7499,7505,7502
7502,7505,7135
7504,7502,7135
7502,7497,7499
7505,7506,7135
7507,7506,7505
7505,7499,7507
7507,7500,7506
7500,7507,7499
7508,7506,7500
7135,7506,7508
7500,7501,7508
7135,7508,7493
7493,7508,7501
7503,7504,7135
7509,7496,7503
7503,7510,7509
7510,7503,7135
7510,7511,7512
7512,7509,7510
7511,7510,7135
7513,7512,7511
7513,7511,7514
7514,7511,7135
7514,7515,7513
7516,7514,7135
7514,7516,7517
7517,7515,7514
7517,7518,7489
7489,7515,7517
7518,7517,7516
7489,7518,7519
7519,7518,7520
7516,7520,7518
7519,7520,7521
7521,7520,7522
7520,7516,7522
7522,7523,7521
7523,7522,7524
7522,7119,7525
7525,7524,7522
7522,7123,7122
7123,7522,7135
7135,7522,7516
7522,7122,7120
7522,7120,7119
7524,7526,7527
7527,7528,7524
7523,7524,7528
7524,7525,7529
7524,7529,7530
7524,7530,7526
7527,7526,7531
7532,7531,7526
7526,7530,7532
7531,7533,7527
7533,7531,7534
7535,7534,7531
7531,7532,7535
7534,7535,7536
7537,7536,7535
7535,7538,7537
7538,7535,7532
7539,7537,7538
7538,7540,7539
7540,7538,7541
7532,7541,7538
7542,7541,7529
7530,7529,7541
7541,7542,7540
7541,7532,7530
7529,7525,7542
7117,7542,7525
7542,7117,7116
7116,7540,7542
7543,7539,7540
7540,7116,7543
6975,7539,7543
7113,7543,7116
6976,7543,7113
7543,6976,6975
6974,7537,7539
7539,6975,6974
7015,7536,7537
7537,6974,7015
7536,7544,7534
7016,7544,7536
7536,7015,7016
7544,7545,7546
7546,7534,7544
7014,7545,7544
7544,7016,7014
7547,7546,7545
7013,7548,7545
7545,7014,7013
7545,7548,7547
7546,7547,7549
7550,7551,7547
7547,7548,7550
7549,7547,7551
7552,7553,7551
7551,7550,7552
7551,7554,7549
7554,7551,7553
7553,7555,7554
7555,7553,7556
7557,7556,7553
7553,7552,7557
7556,7557,7558
7558,7557,7008
7557,7552,7009
7009,7008,7557
7558,7559,7556
7559,7558,7560
7560,7558,7007
7008,7007,7558
7560,7561,7559
7561,7560,7562
7562,7560,7006
7007,7006,7560
7562,7035,7561
7035,7562,7029
7006,7010,7562
7029,7562,7010
7563,7559,7561
7561,7564,7563
7564,7561,7035
7564,7565,7566
7565,7564,7036
7566,7563,7564
7035,7036,7564
7566,7565,7152
7152,7567,7566
7563,7566,7568
7568,7566,7567
7528,7567,7523
7567,7152,7523
7567,7528,7569
7570,7568,7567
7571,7570,7567
7569,7571,7567
7533,7549,7569
7569,7549,7554
7569,7527,7533
7528,7527,7569
7554,7571,7569
7555,7570,7571
7571,7554,7555
7572,7568,7570
7570,7555,7572
7568,7572,7563
7556,7572,7555
7559,7563,7572
7572,7556,7559
7565,7573,7152
7036,7573,7565
7573,7165,7152
7037,7165,7573
7573,7036,7037
7552,7550,7012
7012,7009,7552
7549,7533,7546
7550,7548,7013
7013,7012,7550
7534,7546,7533
7525,7119,7117
7574,7575,7523
7575,7576,7523
7576,7521,7523
7577,7578,7523
7578,7574,7523
7523,7475,7579
7475,7523,7152
7523,7580,7581
7523,7581,7582
7523,7583,7580
7523,7579,7583
7582,7577,7523
7584,7577,7582
7585,7578,7577
7577,7586,7585
7584,7586,7577
7584,7587,7489
7489,7586,7584
7582,7587,7584
7588,7587,7582
7587,7588,7489
7589,7588,7581
7489,7588,7589
7582,7581,7588
7580,7484,7589
7589,7484,7489
7581,7580,7589
7489,7585,7586
7489,7590,7585
7585,7590,7574
7574,7578,7585
7591,7590,7489
7574,7590,7591
7576,7575,7591
7591,7592,7576
7591,7575,7574
7489,7592,7591
7593,7592,7489
7592,7593,7521
7521,7576,7592
7521,7593,7519
7519,7593,7489
7480,7482,7579
7579,7475,7480
7483,7583,7579
7579,7482,7483
7583,7483,7484
7484,7580,7583
7513,7515,7489
7489,7512,7513
7509,7512,7489
7489,7496,7509
7488,7492,7496
7496,7489,7488
7493,7143,7135
7485,7489,7484
7143,7487,7153
7471,7153,7487
7487,7478,7471
7196,7465,7195
7170,7465,7196
7465,7594,7461
7594,7465,7180
7180,7185,7594
7275,7594,7185
7594,7275,7595
7595,7461,7594
7461,7595,7457
7276,7595,7275
7276,7457,7595
7180,7463,7458
7276,7451,7457
7180,7458,7454
7153,7454,7447
7447,7454,7170
7447,7154,7153
7157,7156,7446
7170,7169,7446
7446,7169,7157
7277,7281,7341
7314,7311,7319
7312,7299,7287
7274,7185,7182
7274,7182,7181
7185,7274,7275
7183,7273,7181
7273,7596,7271
7596,7273,7183
7597,7270,7596
7271,7596,7270
7596,7183,7597
7597,7200,7198
7200,7597,7598
7598,7597,7170
7170,7597,7268
7198,7268,7597
7217,7597,7183
7269,7270,7597
7269,7597,7599
7217,7599,7597
7269,7599,7268
7217,7268,7599
7598,7207,7200
7598,7177,7207
7170,7177,7598
7217,7261,7268
7268,7261,7264
7268,7600,7170
7600,7268,7198
7600,7198,7197
7197,7261,7600
7600,7261,7170
7217,7208,7260
7215,7221,7216
7225,7224,7601
7225,7601,7222
7215,7601,7224
7215,7222,7601
7236,7602,7235
7236,7233,7602
7215,7235,7602
7215,7602,7233
7233,7235,7215
7216,7603,7230
7215,7230,7603
7230,7215,7205
7205,7204,7230
7216,7212,7603
7215,7603,7212
7222,7215,7224
7205,7215,7212
7206,7205,7212
7178,7207,7177
7151,7204,7201
7202,7604,7201
7604,7605,7201
7605,7606,7201
7606,7607,7201
7607,7608,7201
7608,7609,7201
7609,7610,7201
7610,7611,7201
7611,7612,7201
7612,7613,7201
7613,7614,7201
7614,7615,7201
7615,7616,7201
7616,7617,7201
7617,7618,7201
7619,7201,7618
7201,7619,7151
7620,7619,7618
7151,7619,7150
7621,7150,7619
7621,7619,7620
7622,7620,7623
7623,7620,7624
7618,7624,7620
7620,7622,7621
7625,7622,7626
7623,7626,7622
7622,7625,7627
7627,7621,7622
7626,7628,7625
7629,7627,7625
7625,7630,7629
7630,7625,7628
7628,7626,7631
7628,7632,7630
7632,7628,7633
7631,7633,7628
7634,7631,7626
7635,7633,7631
7631,7636,7635
7636,7631,7634
7634,7637,7636
7636,7637,6861
6861,7635,7636
7638,7637,7634
7637,6854,6861
7638,7639,7637
6854,7637,7639
7640,7639,7641
7642,7641,7639
7639,7638,7642
7639,7640,6854
7641,7643,7640
7644,7640,7643
7640,7644,6854
6855,7644,7645
7643,7645,7644
7644,6855,6854
7646,7645,7643
7645,7646,7647
7647,7648,7645
7645,7648,6855
7643,7649,7646
7650,7647,7646
7646,7651,7650
7651,7646,7649
7641,7652,7649
7649,7643,7641
7649,7653,7651
7653,7649,7652
7642,7654,7652
7652,7641,7642
7652,7655,7653
7655,7652,7654
7654,7642,7634
7634,7623,7654
7624,7654,7623
7654,7624,7655
7655,7617,7616
7616,7653,7655
7617,7655,7624
7653,7616,7615
7615,7651,7653
7651,7615,7614
7614,7650,7651
7650,7614,7613
7613,7656,7650
7647,7650,7656
7656,7613,7612
7612,7657,7656
7656,7658,7647
7658,7656,7657
7657,7659,7658
7657,7612,7611
7611,7660,7657
7659,7657,7660
7660,7611,7610
7610,7661,7660
7662,7660,7661
7660,7662,7659
7663,7659,7662
7662,7664,7663
7664,7662,7665
7661,7665,7662
7665,7666,7664
7666,7665,7667
7668,7667,7665
7665,7661,7668
7668,7609,7608
7609,7668,7661
7667,7668,7669
7608,7669,7668
7669,7608,7607
7607,7670,7669
7669,7671,7667
7671,7669,7670
7672,7667,7671
7673,7671,7674
7670,7674,7671
7671,7673,7672
7674,7675,7673
7673,7675,7676
7672,7673,7677
7676,7677,7673
7678,7677,6848
7677,7676,6848
7677,7678,7672
7679,7678,6848
7666,7672,7678
7678,7679,7666
7679,6849,7664
7664,7666,7679
6849,7679,6848
7676,7680,6848
7680,7676,7675
7681,7680,7682
7680,7681,6848
7675,7682,7680
7683,7682,7675
7682,7683,7684
7684,7685,7682
7682,7685,7681
7686,7684,7683
7683,7687,7686
7687,7683,7674
7675,7674,7683
7687,7606,7605
7606,7687,7670
7605,7686,7687
7674,7670,7687
7684,7686,7688
7604,7688,7686
7686,7605,7604
7688,7689,7684
7689,7688,7690
7202,7690,7688
7688,7604,7202
7690,7691,7689
7692,7690,7202
7690,7692,7693
7693,7691,7690
7691,7693,7694
7695,7694,7693
7693,7696,7695
7696,7693,7692
7697,7694,7695
7694,7698,7691
7699,7698,7694
7694,7697,7699
7691,7698,7700
7700,7698,7699
7700,7689,7691
7699,7701,7700
7689,7700,7685
7685,7700,7701
7701,7681,7685
7681,7701,6848
7701,7699,6848
7695,7702,7697
6848,7697,7702
6848,7699,7697
7702,7695,7703
6848,7702,7704
7703,7704,7702
7704,7703,7705
7705,7706,7704
6848,7704,7706
7706,7705,7707
6848,7706,6996
7707,6996,7706
7707,7705,7708
7708,7709,7707
7710,7707,7709
6996,7707,7710
7709,7711,7710
7029,7710,7711
7710,6995,6996
6995,7710,7029
7711,7709,7712
7711,7713,7029
7712,7714,7711
7713,7711,7714
7713,6985,7715
7713,7032,6985
7032,7713,7037
7713,7715,7029
7714,7037,7713
6994,7715,6985
6994,7029,7715
7037,7714,7716
7717,7716,7714
7714,7712,7717
7161,7716,7717
7161,7717,7718
7718,7717,7712
7161,7718,7719
7712,7720,7718
7719,7718,7720
7721,7720,7708
7709,7708,7720
7720,7712,7709
7720,7721,7719
7721,7722,7723
7723,7719,7721
7708,7724,7721
7722,7721,7724
7705,7703,7724
7724,7708,7705
7724,7696,7722
7696,7724,7703
7725,7723,7722
7692,7722,7696
7722,7692,7725
7161,7723,7725
7202,7725,7692
7161,7725,7202
7161,7719,7723
7161,7160,7716
7716,7160,7037
7703,7695,7696
7685,7684,7689
7667,7672,7666
7670,7607,7606
7663,7664,6849
6849,6851,7663
7659,7663,7726
7726,7663,6851
7726,7658,7659
7658,7726,7648
7648,7726,6853
6851,6853,7726
7661,7610,7609
7648,7647,7658
6853,6855,7648
7634,7642,7638
7626,7623,7634
6861,7727,7635
7633,7635,7727
7727,7728,7633
7728,7727,7729
6861,7729,7727
7729,7730,7728
7730,7729,7731
6861,7731,7729
7731,7732,7730
7732,7731,7733
6861,7733,7731
6861,6988,7733
7045,7733,6988
7733,7045,7732
7730,7732,7734
7735,7734,7732
7732,7045,7735
7735,7042,7736
7042,7735,7045
7734,7735,7737
7736,7737,7735
7738,7737,7149
7737,7738,7734
7737,7736,7158
7158,7149,7737
7739,7734,7738
7738,7740,7739
7740,7738,7741
7149,7741,7738
7632,7739,7740
7741,7742,7740
7630,7740,7742
7740,7630,7632
7150,7629,7742
7150,7742,7741
7742,7629,7630
7150,7741,7149
7734,7739,7730
7728,7730,7739
7739,7632,7728
7159,7158,7736
7743,7736,7042
7743,7159,7736
7163,7744,7736
7163,7736,7745
7076,7745,7736
7736,7052,7076
7052,7736,7746
7744,7746,7736
7736,7747,7748
7748,7749,7736
7736,7749,7747
7736,7750,7751
7750,7736,7752
7736,7751,7752
7753,7752,7751
7753,7751,7750
7752,7753,7743
7754,7743,7753
7753,7755,7754
7753,7750,7755
7159,7754,7755
7159,7755,7750
7750,7754,7159
7750,7743,7754
7750,7752,7743
7756,7748,7747
7756,7747,7749
7756,7757,7758
7757,7756,7743
7756,7758,7748
7749,7743,7756
7159,7758,7757
7159,7748,7758
7748,7159,7757
7748,7757,7743
7748,7743,7749
7052,7746,7743
7744,7743,7746
7163,7159,7744
7744,7159,7759
7744,7759,7743
7165,7759,7159
7165,7743,7759
7745,7148,7163
7745,7076,7760
7760,7761,7745
7148,7745,7761
7761,7760,7762
7762,7763,7761
7147,7761,7763
7761,7147,7148
7080,7762,7760
7762,7080,7082
7082,7764,7762
7763,7762,7764
7084,7765,7764
7764,7082,7084
7764,7766,7763
7766,7764,7765
7087,7093,7765
7767,7765,7093
7765,7084,7087
7765,7767,7766
7093,7140,7767
7767,7141,7145
7141,7767,7140
7145,7766,7767
7766,7145,7146
7146,7763,7766
7763,7146,7147
7760,7077,7080
7077,7760,7076
7032,7037,7743
7042,7032,7743
7160,7159,7743
7743,7037,7160
7052,7743,7768
7165,7769,7743
7768,7743,7769
7743,7770,7771
7770,7743,7772
7743,7771,7772
7743,7773,7774
7774,7775,7743
7743,7775,7773
7776,7773,7775
7776,7774,7773
7775,7037,7776
7776,7777,7778
7776,7778,7774
7777,7776,7037
7032,7778,7777
7774,7032,7777
7774,7777,7037
7032,7774,7778
7774,7037,7775
7779,7772,7771
7779,7771,7770
7779,7780,7781
7781,7037,7779
7772,7779,7037
7779,7770,7780
7032,7781,7780
7032,7780,7770
7770,7781,7032
7770,7037,7781
7770,7772,7037
7052,7768,7032
7768,7033,7032
7768,7037,7033
7768,7769,7037
7165,7037,7769
7633,7728,7632
7150,7627,7629
7150,7621,7627
7624,7618,7617
7196,7180,7170
7187,7186,7180
7175,7169,7187
7185,7180,7186
7172,7167,7173
7143,7152,7162
7165,7162,7152
7165,7159,7164
7163,7164,7159
7140,7093,7092
7135,7125,7123
7135,7132,7130
7135,7130,7128
7135,7128,7125
7092,7095,7133
7113,6984,6976
7104,7098,7099
6982,6981,7103
7052,7032,7038
7048,7032,7050
7046,7064,6985
7046,6988,7064
7045,6988,7046
6989,6985,7064
6989,7064,6988
6985,7029,7782
7029,6985,7783
7029,6993,6995
7029,6994,6993
7783,7784,7029
7784,7782,7029
7785,7786,7029
7785,7029,7787
7787,7029,7788
7010,7028,7029
7786,7788,7029
7788,7786,7789
6985,7789,7786
7785,6985,7786
6985,7785,7789
7788,7789,7785
7782,7784,7790
6985,7782,7783
7782,7790,7783
6993,7790,7784
6993,7783,7790
7788,7791,7787
7788,7785,7791
6993,7791,7785
6993,7787,7791
7785,7787,6993
7783,6993,7784
7010,6993,7028
6994,6985,6989
6990,6992,6991
7001,7792,6998
7001,7000,7792
6988,7792,7000
6988,6998,7792
7005,7002,7793
7005,7793,7004
6988,7004,7793
6988,7793,7002
6985,6987,6988
7018,6988,6987
7794,6982,7018
6862,7794,7018
7018,7017,6862
7794,7795,7796
7796,7797,7794
7794,7798,7799
7798,7794,6862
6982,7794,6979
6979,7794,7800
7797,7800,7794
7794,7799,7795
7801,7796,7795
7795,7802,7801
7802,7795,7799
7803,7801,7802
7799,7804,7802
7802,7804,7805
7805,7806,7802
7802,7806,7803
7801,7803,7796
7797,7796,7803
7807,7803,7806
7803,7807,7797
7806,7808,7807
7807,7808,7800
7800,7797,7807
7809,7808,7806
7800,7808,7809
7806,7810,7809
7809,7810,7811
7809,7811,7800
7812,7811,7810
7811,7812,6979
7800,7811,6979
7810,7813,7812
7814,7812,7813
7812,7814,6979
7814,7815,6979
7815,7814,7816
7814,7817,7816
7813,7817,7814
7806,7817,7813
7817,7806,7818
7818,7819,7817
7819,6912,7817
7816,7817,6912
7820,7821,7819
7819,7818,7820
7819,7822,6912
7819,6927,7822
7819,7821,6927
7821,6862,7823
7821,7823,6927
6862,7821,7820
6912,7823,6862
7823,6912,7822
7823,7822,6927
7824,7820,7818
6862,7820,7824
6862,7824,7798
7825,7798,7824
7824,7806,7825
7818,7806,7824
7805,7825,7806
7825,7805,7798
7816,7826,7815
6912,7826,7816
7815,7826,7827
7827,7826,6912
7828,7827,7829
7827,7828,7815
6912,7829,7827
7829,7830,7828
7830,7829,7831
7831,7829,6912
6912,7832,7831
7831,7832,7833
7833,7830,7831
6978,7833,7832
7830,7833,6979
7833,6978,6979
6951,7832,6912
7832,6951,6978
7828,7830,6979
7815,7828,6979
7813,7810,7806
7799,7798,7805
7805,7804,7799
6909,6862,7017
7002,7004,6988
6998,6988,7000
6985,6990,6993
7834,6993,7835
7834,7836,6993
7836,7837,6993
7835,6993,7837
7834,7835,6990
6990,7835,7838
7837,7838,7835
7837,7834,7838
6990,7838,7834
7837,7839,7834
7837,7836,7839
6985,7839,7836
6985,7834,7839
7834,6985,7836
6952,6978,6951
6946,6948,6958
6909,6958,7840
7840,6958,6948
6909,7840,6910
6910,7840,6949
6948,6949,7840
6949,6950,6910
6910,6950,6913
6938,6927,6939
6905,6925,6902
6932,6934,6927
6929,6927,6930
6927,6912,6928
6862,6927,7841
6867,6927,6862
6927,6867,7842
7842,7841,6927
6927,7843,6902
6902,7844,6927
6927,7844,7843
6927,7845,7846
7846,7847,6927
6927,7847,7845
6862,6902,7843
6862,7843,7844
7848,7845,7847
7848,7846,7845
7847,6902,7848
7849,7848,6902
7848,7850,7846
7848,7849,7850
6862,7846,7850
6862,7850,7849
7846,7849,6902
7846,6862,7849
7846,6902,7847
7841,6912,7851
7841,7851,6862
7842,6912,7841
6899,7851,6912
6899,6862,7851
6902,6862,7844
7842,6868,6885
6885,6912,7842
6867,6868,7842
6912,6862,6911
6912,6915,6902
6906,6908,7852
6906,7852,6907
6862,6906,6907
6902,7852,6908
6902,6907,7852
6919,7853,6918
6919,6916,7853
6902,6918,7853
6902,7853,6916
6905,6902,6915
6915,6914,6905
6916,6918,6902
6913,6905,6914
6909,6911,6862
6907,6902,6908
6890,6905,6904
6901,6905,6890
6890,6895,6901
6890,6896,6895
6893,6896,6890
6890,6891,6893
6877,6885,6868
6840,6843,6858
6844,6846,6852
7854,7855,7856
7856,7857,7854
7858,7857,7856
7859,7856,7855
7858,7856,7860
7861,7860,7856
7861,7856,7862
7856,7863,7862
7856,7859,7863
7864,7863,7865
7863,7866,7865
7863,7864,7867
7867,7862,7863
7868,7869,7863
7870,7868,7863
7863,7859,7870
7871,7863,7869
7863,7871,7866
7864,7865,7866
7867,7864,7871
7864,7866,7871
7871,7872,7867
7871,7865,7873
7871,7874,7865
7871,7873,7874
7875,7871,7869
7876,7871,7875
7871,7876,7872
7873,7865,7877
7873,7877,7878
7878,7874,7873
7878,7865,7879
7878,7880,7865
7879,7881,7878
7878,7882,7883
7878,7876,7882
7878,7883,7876
7880,7878,7881
7874,7878,7877
7879,7882,7881
7880,7881,7882
7867,7876,7883
7867,7883,7882
7879,7865,7880
7879,7880,7884
7880,7882,7885
7886,7880,7887
7887,7880,7888
7884,7880,7886
7880,7885,7888
7885,7879,7889
7889,7890,7885
7890,7891,7885
7885,7892,7888
7892,7885,7891
7882,7879,7885
7893,7891,7890
7894,7891,7893
7892,7891,7894
7893,7895,7894
7894,7895,7896
7896,7897,7894
7894,7897,7892
7898,7897,7896
7897,7898,7899
7899,7892,7897
7900,7901,7899
7899,7902,7900
7899,7901,7892
7899,7898,7902
7902,7898,7903
7903,7904,7902
7905,7900,7902
7902,7904,7905
7906,7904,7903
7905,7904,7906
7906,7907,7908
7907,7906,7909
7896,7895,7906
7909,7906,7895
7906,7908,7905
7903,7896,7906
7909,7910,7911
7912,7909,7911
7909,7913,7910
7913,7909,7914
7912,7907,7909
7909,7915,7914
7915,7909,7916
7895,7884,7909
7917,7909,7884
7909,7918,7916
7909,7919,7918
7909,7917,7919
7920,7918,7919
7920,7916,7918
7920,7919,7921
7916,7920,7922
7920,7923,7922
7923,7920,7924
7921,7924,7920
7886,7924,7917
7924,7886,7925
7924,7925,7923
7924,7921,7926
7924,7926,7917
7919,7926,7921
7919,7917,7926
7925,7886,7922
7922,7923,7925
7921,7927,7928
7921,7917,7927
7890,7917,7921
7921,7928,7890
7917,7928,7927
7917,7890,7928
7927,7889,7893
7927,7890,7889
7890,7927,7893
7922,7929,7930
7929,7922,7886
7922,7930,7916
7916,7930,7931
7931,7930,7929
7929,7932,7931
7915,7931,7933
7932,7933,7931
7916,7931,7915
7934,7935,7932
7932,7936,7934
7933,7932,7937
7935,7937,7932
7932,7938,7936
7932,7929,7938
7939,7935,7934
7935,7939,7940
7937,7935,7940
7939,7941,7940
7940,7942,7937
7940,7943,7942
7944,7943,7940
7940,7941,7945
7946,7944,7940
7945,7946,7940
7944,7946,7947
7948,7949,7946
7948,7946,7945
7949,7947,7946
7949,7948,7950
7941,7949,7950
7947,7949,7939
7941,7939,7949
7951,7950,7948
7952,7950,7951
7952,7941,7950
7941,7952,7945
7945,7952,7953
7951,7953,7952
7953,7954,7955
7955,7945,7953
7956,7953,7951
7954,7953,7956
7954,7957,7955
7956,7958,7954
7954,7958,7957
7959,7943,7958
7958,7960,7959
7960,7958,7956
7937,7958,7943
7958,7961,7957
7958,7937,7961
7962,7963,7960
7962,7960,7964
7964,7960,7956
7963,7965,7960
7959,7960,7965
7957,7966,7965
7965,7955,7957
7965,7963,7955
7965,7967,7968
7966,7967,7965
7968,7959,7965
7968,7969,7961
7969,7968,7970
7970,7968,7967
7961,7959,7968
7971,7972,7970
7970,7973,7971
7969,7970,7972
7967,7973,7970
7974,7971,7973
7966,7973,7967
7974,7973,7975
7973,7966,7975
7976,7974,7975
7976,7977,7974
7978,7974,7977
7978,7979,7974
7979,7971,7974
7980,7971,7979
7979,7981,7980
7979,7978,7981
7982,7981,7983
7981,7978,7983
7982,7980,7981
7984,7985,7982
7983,7984,7982
7986,7982,7985
7972,7980,7982
7982,7986,7972
7986,7985,7870
7986,7969,7972
7969,7986,7987
7859,7987,7986
7986,7870,7859
7987,7961,7969
7855,7987,7859
7855,7988,7987
7987,7989,7961
7989,7987,7988
7855,7990,7988
7990,7991,7988
7988,7991,7989
7991,7990,7992
7991,7976,7993
7976,7991,7992
7993,7989,7991
7994,7993,7976
7993,7994,7995
7995,7989,7993
7966,7995,7994
7995,7966,7957
7957,7961,7995
7961,7989,7995
7994,7976,7913
7994,7975,7966
7994,7996,7975
7994,7913,7996
7976,7975,7996
7976,7996,7913
7992,7997,7976
7997,7992,7858
7990,7858,7992
7978,7998,7992
7992,7999,7978
7999,7992,7998
7978,7997,7998
7999,7998,7997
7978,7999,7997
7999,7977,7983
7983,8000,7999
7977,7999,8000
7983,7978,8000
7977,8000,7978
7858,7976,7997
7858,7990,7854
7855,7854,7990
7985,7984,8001
8002,8003,7985
8003,8004,7985
7985,8004,7870
7985,8001,8002
8001,7977,7976
7976,7862,8001
8002,8001,7862
7983,7977,8001
8001,7984,7983
7862,8005,8002
8006,8003,8002
8002,8005,8006
8005,7862,8007
8005,8004,8006
8005,7867,8004
8005,8008,7867
8005,8007,8008
7867,8007,7862
7867,8008,8007
8008,8009,7862
8008,7862,8010
8009,8008,8010
8009,8010,7884
7889,7879,8009
7889,8009,8011
7879,8011,8009
8009,7884,7862
7889,8011,7884
7879,7884,8011
7884,8010,7862
7861,8006,8012
8012,8006,7860
8006,8013,7860
8006,7861,8013
8003,8006,8014
8004,8014,8006
8004,8012,8014
8003,8014,8012
8012,7860,8013
8012,8013,7861
8004,8003,8012
7868,7870,8004
8004,7869,7868
7867,7869,8004
7972,7971,7980
7862,7976,7860
7976,7858,7860
7913,7975,7911
7945,7963,7962
7945,7955,7963
7964,8015,7962
8015,7964,7951
7956,7951,7964
7945,7962,8015
7945,8015,7948
7948,8015,7951
7961,7937,7959
7943,7959,7937
8016,7947,7939
7947,8016,7933
7947,7943,7944
7947,8017,7943
7933,8017,7947
7937,8017,7933
8017,7942,7943
8017,7937,7942
7934,8016,7939
7914,8016,7911
7911,8016,8018
8018,8016,8019
8019,8016,7934
8016,7914,7933
8020,8018,8019
8019,7934,8021
8021,8020,8019
8022,8020,8021
8020,8022,7912
7912,8018,8020
8023,8022,8024
7912,8022,8023
8021,8025,8022
8024,8022,8025
7901,8024,8025
8025,8021,7936
8025,7936,7938
8025,7938,7901
8024,8026,8023
8026,8024,7901
7908,8023,8026
8026,7901,7908
8023,7907,7912
7907,8023,7908
8021,7934,7936
7911,8018,7912
7938,7888,7892
7892,7901,7938
7887,7888,7938
7929,7887,7938
7933,7914,7915
7886,7887,7929
7884,7886,7917
7919,8027,8028
8027,7919,7916
7919,8029,7916
7919,8028,8029
7916,8028,8027
7916,8029,8028
8027,8029,7908
8029,8027,7905
8029,7905,7908
8027,7901,7900
7900,7905,8027
7908,7901,8027
7914,7910,7913
7914,7911,7910
7896,7903,7898
7884,7895,7893
7893,7889,7884
7876,7867,7882
7874,7877,7865
7875,7867,7872
7875,7872,7876
7867,7875,7869
7862,7860,7861
7857,7858,7854
8030,8031,8032
8032,8033,8030
8032,8034,8033
8035,8034,8032
8032,8031,8036
8036,8037,8032
8037,8035,8032
8037,8038,8035
8038,8037,8039
8037,8040,8041
8037,8036,8040
8037,8041,8039
8042,8043,8041
8041,8040,8042
8044,8041,8043
8039,8041,8045
8044,8045,8041
8045,8046,8039
8045,8044,8046
8046,8043,8039
8046,8044,8047
8046,8047,8043
8047,8044,8043
8043,8042,8038
8039,8043,8038
8048,8035,8042
8038,8042,8035
8042,8040,8048
8035,8048,8034
8036,8048,8040
8048,8036,8031
8048,8031,8034
8033,8034,8031
8031,8030,8033
8049,8050,8051
8051,8052,8049
8051,8053,8052
8054,8055,8051
8054,8051,8050
8051,8055,8056
8056,8053,8051
8056,8055,8057
8055,8058,8059
8055,8060,8058
8061,8060,8055
8055,8054,8061
8062,8057,8055
8055,8059,8062
8054,8063,8059
8059,8061,8054
8064,8059,8063
8065,8062,8059
8059,8064,8065
8059,8058,8066
8066,8061,8059
8066,8067,8068
8067,8066,8058
8066,8068,8069
8069,8061,8066
8069,8070,8071
8071,8061,8069
8069,8063,8070
8063,8069,8064
8068,8064,8069
8072,8070,8063
8070,8072,8073
8073,8074,8070
8070,8074,8075
8076,8071,8070
8075,8076,8070
8076,8077,8078
8076,8067,8077
8068,8076,8064
8067,8076,8068
8078,8071,8076
8076,8075,8064
8071,8078,8079
8077,8080,8078
8078,8074,8079
8074,8078,8080
8080,8081,8082
8082,8075,8080
8081,8080,8083
8083,8080,8077
8074,8080,8075
8084,8085,8083
8083,8079,8084
8085,8086,8083
8087,8083,8086
8083,8087,8081
8083,8088,8079
8083,8077,8088
8077,8089,8088
8088,8089,8090
8090,8079,8088
8090,8091,8092
8092,8079,8090
8085,8090,8086
8089,8086,8090
8085,8091,8090
8093,8092,8091
8093,8091,8094
8095,8091,8085
8094,8091,8095
8094,8096,8093
8094,8086,8089
8097,8086,8094
8098,8096,8094
8095,8097,8094
8094,8089,8098
8098,8099,8100
8098,8101,8099
8102,8101,8098
8100,8096,8098
8103,8102,8098
8098,8077,8103
8077,8098,8089
8077,8067,8103
8104,8103,8105
8105,8103,8067
8104,8106,8103
8102,8103,8106
8104,8105,8101
8106,8104,8071
8107,8104,8101
8104,8107,8108
8104,8108,8053
8053,8061,8104
8061,8071,8104
8053,8108,8109
8108,8110,8109
8108,8111,8112
8111,8108,8113
8114,8115,8108
8115,8110,8108
8107,8113,8108
8112,8114,8108
8112,8116,8117
8116,8112,8118
8119,8118,8112
8112,8117,8114
8112,8120,8119
8120,8112,8121
8121,8112,8111
8121,8122,8120
8123,8124,8121
8121,8124,8122
8123,8121,8111
8118,8122,8124
8122,8125,8120
8125,8122,8126
8126,8122,8118
8126,8118,8127
8127,8128,8126
8126,8129,8125
8129,8126,8128
8128,8130,8131
8128,8132,8130
8128,8127,8132
8128,8131,8133
8134,8128,8133
8128,8134,8129
8134,8135,8136
8135,8134,8133
8137,8129,8134
8134,8138,8097
8097,8137,8134
8138,8134,8136
8136,8139,8140
8139,8136,8135
8138,8136,8141
8141,8136,8140
8087,8138,8141
8141,8140,8142
8143,8141,8142
8141,8143,8087
8087,8143,8144
8144,8143,8142
8145,8144,8146
8144,8142,8146
8144,8145,8081
8081,8087,8144
8073,8147,8145
8147,8081,8145
8145,8146,8073
8148,8147,8073
8147,8148,8081
8082,8081,8148
8065,8082,8148
8073,8149,8148
8065,8148,8150
8150,8148,8149
8149,8151,8150
8152,8150,8151
8065,8150,8152
8153,8152,8151
8065,8152,8153
8154,8153,8151
8153,8154,8062
8153,8062,8065
8057,8154,8050
8154,8151,8050
8062,8154,8057
8149,8050,8151
8050,8149,8072
8073,8072,8149
8155,8146,8084
8085,8084,8146
8085,8146,8156
8156,8146,8140
8146,8142,8140
8073,8146,8155
8073,8155,8074
8155,8084,8074
8156,8157,8085
8157,8156,8158
8140,8158,8156
8159,8157,8158
8160,8159,8158
8158,8161,8160
8139,8161,8158
8158,8140,8139
8132,8162,8161
8160,8161,8162
8133,8161,8139
8161,8130,8132
8131,8130,8161
8133,8131,8161
8162,8116,8124
8124,8160,8162
8116,8162,8163
8164,8163,8162
8162,8132,8164
8127,8164,8132
8127,8165,8164
8163,8164,8166
8166,8164,8165
8167,8168,8165
8169,8165,8168
8118,8165,8127
8166,8165,8169
8165,8170,8167
8165,8118,8170
8117,8167,8170
8171,8170,8118
8170,8171,8117
8119,8171,8118
8171,8172,8114
8114,8117,8171
8172,8171,8099
8099,8171,8119
8173,8167,8172
8174,8173,8172
8172,8115,8114
8175,8115,8172
8172,8167,8175
8176,8174,8172
8099,8176,8172
8167,8117,8175
8175,8117,8177
8177,8178,8175
8175,8178,8179
8179,8180,8175
8175,8180,8110
8115,8175,8110
8179,8052,8180
8110,8180,8173
8181,8173,8180
8180,8052,8181
8181,8182,8056
8181,8056,8183
8181,8183,8184
8184,8173,8181
8182,8181,8185
8185,8181,8109
8052,8109,8181
8183,8049,8179
8184,8183,8179
8057,8183,8056
8183,8057,8049
8067,8182,8185
8056,8182,8053
8182,8058,8060
8067,8058,8182
8182,8060,8053
8185,8109,8110
8185,8176,8067
8185,8174,8176
8110,8174,8185
8167,8184,8168
8168,8184,8179
8184,8167,8173
8179,8178,8168
8179,8049,8052
8168,8178,8177
8166,8177,8163
8163,8177,8117
8169,8168,8177
8169,8177,8166
8101,8067,8176
8176,8099,8101
8110,8173,8174
8117,8116,8163
8186,8159,8160
8123,8160,8124
8186,8160,8129
8160,8125,8129
8160,8123,8125
8123,8186,8100
8129,8100,8186
8092,8186,8123
8093,8186,8092
8093,8159,8186
8187,8157,8159
8187,8159,8093
8096,8137,8187
8187,8093,8096
8187,8137,8097
8095,8187,8097
8157,8187,8095
8095,8085,8157
8139,8135,8133
8097,8138,8087
8096,8100,8137
8129,8137,8100
8188,8125,8123
8125,8188,8120
8188,8100,8099
8100,8188,8123
8099,8120,8188
8111,8092,8123
8124,8116,8118
8119,8120,8099
8113,8106,8092
8106,8113,8102
8101,8113,8107
8101,8102,8113
8092,8111,8113
8052,8053,8109
8071,8092,8106
8101,8105,8067
8087,8086,8097
8092,8071,8079
8084,8079,8074
8064,8075,8082
8082,8065,8064
8050,8072,8063
8050,8063,8054
8050,8049,8057
8061,8053,8060
8189,8190,8191
8191,8192,8189
8193,8192,8191
8191,8190,8194
8195,8193,8191
8195,8191,8194
8196,8194,8197
8197,8194,8190
8194,8198,8195
8194,8199,8198
8194,8196,8199
8196,8197,8200
8200,8201,8196
8196,8202,8199
8203,8196,8201
8204,8196,8203
8204,8202,8196
8204,8203,8205
8206,8205,8203
8203,8201,8206
8206,8201,8200
8200,8207,8206
8198,8202,8206
8207,8198,8206
8202,8208,8206
8206,8208,8205
8209,8207,8210
8207,8209,8211
8207,8200,8210
8212,8207,8211
8212,8213,8207
8193,8195,8207
8207,8214,8193
8213,8214,8207
8198,8207,8195
8213,8192,8214
8213,8212,8192
8193,8214,8192
8200,8215,8210
8210,8215,8216
8216,8217,8210
8217,8218,8210
8210,8218,8219
8219,8220,8210
8210,8220,8209
8221,8209,8220
8221,8220,8219
8211,8221,8192
8189,8192,8221
8221,8222,8189
8221,8215,8222
8215,8221,8216
8218,8216,8221
8218,8221,8219
8221,8211,8209
8189,8222,8223
8215,8223,8222
8223,8190,8189
8223,8197,8190
8223,8215,8197
8216,8218,8217
8215,8200,8197
8192,8212,8211
8224,8208,8202
8205,8208,8225
8224,8225,8208
8225,8204,8205
8226,8225,8227
8225,8226,8204
8227,8225,8224
8228,8229,8227
8227,8229,8226
8224,8228,8227
8229,8228,8230
8228,8224,8230
8224,8202,8230
8202,8204,8230
8226,8229,8230
8226,8230,8204
8198,8199,8202
8231,8232,8233
8233,8234,8231
8233,8235,8234
8236,8235,8233
8233,8232,8237
8237,8238,8233
8238,8236,8233
8239,8238,8240
8238,8239,8236
8238,8241,8242
8238,8237,8241
8238,8242,8240
8243,8244,8242
8242,8241,8243
8245,8242,8244
8240,8242,8246
8245,8246,8242
8246,8245,8247
8246,8247,8240
8247,8245,8248
8247,8248,8244
8247,8244,8240
8248,8245,8244
8244,8243,8239
8240,8244,8239
8243,8241,8249
8239,8243,8236
8249,8236,8243
8249,8237,8232
8249,8232,8235
8236,8249,8235
8237,8249,8241
8234,8235,8232
8232,8231,8234
8250,8251,8252
8252,8253,8250
8253,8252,8254
8255,8252,8251
8254,8252,8255
8255,8256,8254
8254,8256,8257
8258,8254,8259
8254,8258,8253
8257,8259,8254
8259,8257,8260
8260,8251,8259
8259,8261,8258
8259,8251,8250
8250,8261,8259
8258,8261,8262
8261,8250,8263
8263,8262,8261
8262,8263,8264
8264,8265,8262
8266,8262,8265
8262,8266,8258
8266,8267,8268
8268,8269,8266
8258,8266,8269
8265,8267,8266
8269,8253,8258
8250,8253,8269
8269,8263,8250
8264,8263,8269
8269,8268,8264
8270,8268,8267
8271,8267,8265
8267,8271,8270
8268,8270,8272
8272,8270,8273
8273,8270,8271
8273,8274,8272
8274,8273,8275
8275,8273,8276
8271,8276,8273
8277,8278,8276
8275,8276,8278
8279,8276,8271
8276,8279,8277
8280,8277,8279
8271,8281,8279
8274,8279,8281
8279,8274,8280
8275,8280,8274
8280,8275,8282
8282,8283,8280
8280,8283,8277
8283,8282,8284
8284,8285,8283
8283,8285,8286
8286,8277,8283
8287,8286,8285
8286,8287,8288
8288,8289,8286
8278,8277,8286
8286,8289,8278
8289,8284,8282
8284,8289,8288
8282,8278,8289
8285,8290,8287
8288,8287,8291
8291,8287,8290
8291,8292,8293
8293,8294,8291
8291,8294,8288
8290,8295,8291
8292,8291,8295
8294,8296,8297
8297,8288,8294
8296,8294,8293
8290,8297,8296
8296,8295,8290
8295,8296,8298
8293,8298,8296
8298,8299,8295
8300,8299,8298
8298,8301,8300
8302,8301,8298
8298,8293,8302
8303,8301,8302
8302,8304,8303
8304,8302,8305
8302,8293,8292
8292,8305,8302
8305,8292,8299
8299,8300,8305
8305,8300,8306
8305,8307,8304
8306,8307,8305
8301,8303,8306
8306,8300,8301
8306,8303,8308
8308,8309,8306
8307,8306,8309
8310,8309,8308
8310,8311,8309
8312,8309,8311
8307,8309,8312
8311,8313,8312
8313,8308,8312
8312,8304,8307
8304,8312,8308
8310,8313,8314
8308,8313,8310
8313,8315,8314
8315,8313,8311
8316,8314,8315
8315,8317,8316
8318,8317,8315
8315,8319,8318
8311,8319,8315
8319,8320,8321
8321,8318,8319
8320,8319,8311
8311,8310,8320
8314,8320,8310
8320,8314,8316
8316,8321,8320
8322,8321,8316
8318,8321,8322
8316,8323,8322
8322,8324,8325
8324,8322,8323
8325,8318,8322
8326,8327,8325
8325,8327,8317
8328,8325,8324
8325,8328,8326
8317,8318,8325
8326,8329,8327
8329,8326,8330
8326,8328,8331
8331,8330,8326
8329,8330,8332
8332,8330,8333
8334,8333,8330
8334,8330,8331
8257,8256,8334
8333,8334,8256
8334,8335,8257
8331,8335,8334
8335,8331,8332
8333,8335,8332
8260,8335,8333
8335,8260,8257
8333,8255,8260
8256,8255,8333
8332,8328,8329
8328,8332,8331
8324,8327,8329
8329,8328,8324
8323,8327,8324
8317,8327,8323
8323,8316,8317
8308,8303,8304
8295,8299,8292
8288,8297,8284
8284,8297,8290
8290,8285,8284
8278,8282,8275
8281,8272,8274
8272,8281,8265
8265,8281,8271
8272,8264,8268
8265,8264,8272
8251,8260,8255
8336,8337,8338
8338,8339,8336
8338,8337,8339
8340,8341,8338
8340,8338,8342
8343,8342,8338
8338,8344,8343
8338,8345,8344
8345,8338,8341
8345,8341,8337
8340,8337,8341
8345,8346,8344
8347,8346,8345
8345,8337,8347
8342,8347,8336
8348,8336,8347
8337,8348,8347
8342,8349,8347
8347,8350,8346
8349,8350,8347
8343,8349,8342
8349,8343,8351
8350,8349,8352
8351,8353,8349
8354,8349,8355
8355,8349,8353
8354,8352,8349
8356,8352,8354
8352,8357,8358
8358,8350,8352
8359,8352,8360
8357,8352,8359
8356,8360,8352
8361,8358,8357
8355,8361,8357
8357,8354,8355
8359,8354,8357
8358,8361,8360
8361,8362,8360
8361,8363,8362
8363,8361,8364
8361,8355,8364
8364,8365,8366
8365,8364,8355
8366,8367,8364
8363,8364,8367
8368,8366,8369
8370,8369,8366
8366,8365,8370
8371,8366,8368
8372,8367,8366
8371,8372,8366
8370,8373,8374
8373,8370,8375
8376,8370,8377
8375,8370,8376
8374,8369,8370
8377,8370,8378
8379,8378,8370
8379,8370,8365
8380,8378,8379
8379,8365,8381
8382,8379,8381
8383,8379,8382
8379,8383,8380
8383,8384,8385
8380,8383,8385
8384,8383,8386
8387,8383,8382
8383,8387,8388
8388,8386,8383
8389,8382,8386
8386,8390,8389
8391,8386,8382
8390,8386,8388
8392,8386,8391
8386,8392,8384
8391,8393,8392
8392,8394,8395
8396,8392,8395
8396,8384,8392
8397,8392,8393
8392,8398,8394
8392,8399,8398
8399,8392,8397
8396,8400,8381
8401,8400,8396
8396,8402,8401
8402,8396,8403
8395,8403,8396
8384,8396,8381
8404,8403,8405
8403,8404,8402
8406,8405,8403
8403,8395,8406
8405,8407,8404
8406,8408,8405
8407,8405,8408
8407,8409,8404
8410,8409,8407
8410,8407,8411
8407,8408,8412
8411,8407,8412
8413,8411,8414
8414,8411,8412
8413,8415,8411
8415,8416,8411
8416,8417,8411
8418,8411,8417
8410,8411,8418
8409,8418,8398
8418,8409,8410
8398,8418,8394
8394,8418,8419
8420,8419,8418
8418,8421,8420
8418,8422,8421
8418,8423,8422
8417,8423,8418
8423,8424,8425
8426,8423,8425
8426,8427,8423
8421,8424,8423
8423,8428,8429
8429,8422,8423
8427,8421,8423
8423,8430,8428
8417,8430,8423
8431,8432,8430
8433,8431,8430
8434,8428,8430
8433,8430,8432
8435,8434,8430
8417,8435,8430
8434,8435,8417
8433,8435,8431
8431,8435,8432
8433,8432,8435
8436,8437,8433
8433,8438,8436
8438,8433,8437
8438,8437,8431
8436,8431,8437
8436,8438,8431
8439,8438,8440
8439,8441,8438
8440,8438,8441
8436,8442,8440
8443,8440,8442
8439,8440,8443
8440,8441,8436
8443,8444,8413
8445,8444,8443
8446,8445,8443
8443,8447,8446
8447,8443,8442
8413,8439,8443
8445,8448,8444
8449,8445,8446
8450,8445,8449
8451,8452,8445
8452,8448,8445
8453,8454,8445
8454,8455,8445
8445,8455,8456
8450,8453,8445
8445,8456,8451
8448,8457,8401
8401,8402,8448
8444,8448,8402
8457,8448,8458
8459,8458,8448
8452,8459,8448
8452,8460,8459
8459,8460,8458
8461,8462,8460
8460,8462,8458
8463,8460,8452
8460,8463,8394
8394,8461,8460
8464,8461,8465
8461,8464,8466
8461,8466,8462
8394,8465,8461
8465,8467,8464
8466,8465,8425
8394,8425,8465
8465,8466,8468
8465,8468,8467
8466,8464,8467
8466,8467,8468
8469,8464,8468
8464,8470,8468
8468,8470,8471
8468,8471,8469
8464,8469,8471
8464,8471,8470
8470,8469,8455
8451,8469,8470
8469,8451,8455
8451,8470,8455
8466,8472,8462
8466,8473,8474
8466,8474,8472
8473,8466,8425
8475,8462,8472
8475,8472,8474
8476,8462,8475
8476,8475,8477
8477,8475,8474
8476,8477,8478
8474,8473,8477
8473,8478,8477
8478,8479,8476
8479,8478,8480
8478,8473,8425
8425,8480,8478
8481,8480,8425
8480,8481,8479
8482,8481,8425
8482,8476,8481
8476,8479,8481
8476,8482,8399
8426,8420,8482
8429,8482,8420
8482,8425,8483
8482,8483,8426
8399,8482,8429
8419,8483,8425
8419,8426,8483
8476,8457,8462
8457,8476,8484
8399,8484,8476
8485,8484,8390
8401,8484,8485
8457,8484,8401
8397,8484,8399
8397,8390,8484
8486,8485,8487
8488,8485,8486
8485,8489,8401
8488,8489,8485
8390,8487,8485
8490,8488,8486
8491,8488,8490
8491,8492,8488
8488,8492,8493
8493,8489,8488
8493,8492,8494
8494,8492,8495
8495,8492,8491
8496,8495,8497
8491,8497,8495
8494,8495,8487
8487,8495,8486
8495,8496,8486
8497,8498,8496
8486,8496,8490
8490,8496,8499
8498,8499,8496
8500,8498,8501
8498,8500,8499
8502,8498,8497
8501,8498,8502
8501,8502,8376
8376,8369,8501
8501,8369,8374
8503,8501,8374
8500,8501,8504
8504,8501,8503
8374,8505,8503
8503,8506,8504
8506,8503,8507
8505,8507,8503
8508,8509,8507
8510,8507,8509
8507,8499,8508
8499,8507,8505
8507,8510,8506
8509,8511,8510
8512,8510,8511
8510,8512,8500
8510,8504,8506
8504,8510,8500
8513,8512,8511
8508,8512,8514
8508,8500,8512
8512,8513,8514
8515,8514,8513
8516,8515,8513
8517,8358,8513
8517,8513,8511
8513,8358,8360
8516,8513,8360
8515,8516,8518
8518,8516,8519
8516,8346,8350
8516,8350,8519
8360,8346,8516
8520,8519,8517
8519,8520,8518
8517,8519,8350
8520,8521,8518
8521,8520,8522
8522,8520,8523
8517,8509,8520
8524,8520,8509
8520,8524,8523
8525,8523,8524
8509,8526,8524
8515,8524,8526
8515,8525,8524
8515,8527,8525
8525,8527,8523
8527,8515,8521
8528,8527,8521
8527,8528,8529
8527,8529,8523
8529,8530,8523
8530,8529,8531
8528,8531,8529
8532,8531,8533
8534,8531,8532
8528,8535,8531
8533,8531,8535
8536,8530,8531
8531,8534,8536
8537,8533,8535
8538,8533,8537
8532,8533,8538
8539,8540,8538
8538,8541,8539
8537,8541,8538
8540,8532,8538
8532,8540,8542
8542,8540,8543
8536,8544,8540
8540,8545,8536
8543,8540,8444
8540,8546,8444
8546,8540,8544
8539,8545,8540
8539,8547,8545
8545,8547,8528
8545,8528,8548
8522,8545,8548
8530,8545,8522
8530,8536,8545
8522,8548,8521
8528,8521,8548
8547,8535,8528
8547,8343,8535
8343,8547,8539
8544,8549,8546
8549,8544,8429
8544,8399,8429
8399,8544,8398
8534,8398,8544
8544,8536,8534
8415,8546,8549
8550,8549,8551
8551,8549,8429
8550,8415,8549
8550,8416,8415
8550,8551,8552
8552,8553,8550
8550,8553,8416
8416,8553,8552
8417,8552,8434
8434,8552,8551
8552,8417,8416
8551,8429,8554
8434,8551,8554
8554,8429,8428
8554,8428,8434
8444,8546,8413
8546,8415,8413
8542,8543,8555
8404,8543,8402
8402,8543,8444
8543,8404,8409
8555,8543,8409
8556,8542,8555
8409,8557,8555
8555,8557,8558
8556,8555,8558
8381,8556,8558
8558,8384,8381
8384,8558,8559
8558,8560,8561
8560,8558,8562
8561,8563,8558
8564,8558,8563
8558,8564,8565
8558,8565,8559
8566,8558,8557
8537,8558,8566
8562,8558,8537
8343,8562,8535
8343,8344,8562
8567,8562,8344
8537,8535,8562
8562,8567,8560
8563,8567,8568
8567,8569,8568
8570,8569,8567
8567,8344,8570
8561,8571,8567
8567,8563,8561
8567,8571,8560
8571,8561,8353
8560,8571,8343
8353,8351,8571
8571,8351,8343
8572,8570,8344
8570,8572,8569
8356,8573,8572
8574,8572,8573
8569,8572,8574
8344,8356,8572
8573,8575,8574
8568,8569,8574
8575,8568,8574
8573,8576,8575
8575,8576,8568
8573,8577,8576
8568,8576,8563
8563,8576,8577
8354,8359,8577
8354,8577,8356
8577,8359,8578
8356,8577,8573
8564,8563,8577
8578,8564,8577
8579,8578,8359
8578,8579,8580
8564,8578,8581
8580,8581,8578
8580,8582,8581
8582,8580,8579
8565,8581,8582
8565,8582,8583
8583,8582,8584
8579,8584,8582
8384,8584,8585
8586,8585,8584
8584,8384,8583
8584,8579,8586
8586,8587,8585
8587,8586,8372
8372,8586,8367
8579,8367,8586
8588,8585,8587
8589,8587,8372
8588,8587,8589
8372,8590,8588
8588,8590,8591
8589,8372,8588
8588,8385,8585
8385,8588,8591
8591,8592,8385
8593,8592,8591
8591,8594,8593
8594,8591,8590
8594,8590,8371
8594,8371,8593
8376,8593,8371
8377,8593,8376
8592,8593,8595
8596,8595,8593
8596,8593,8377
8596,8597,8595
8377,8598,8596
8596,8598,8597
8599,8596,8600
8599,8601,8596
8601,8600,8596
8596,8602,8603
8602,8596,8604
8596,8603,8604
8605,8603,8602
8605,8604,8603
8606,8598,8605
8604,8605,8598
8605,8602,8607
8605,8607,8606
8597,8607,8602
8597,8606,8607
8602,8598,8606
8602,8606,8597
8602,8604,8598
8600,8598,8608
8601,8598,8600
8600,8608,8599
8609,8608,8598
8609,8599,8608
8601,8609,8598
8599,8609,8597
8601,8597,8609
8599,8597,8601
8598,8599,8610
8377,8599,8598
8611,8610,8599
8599,8377,8611
8595,8597,8611
8388,8595,8611
8597,8610,8611
8611,8377,8378
8612,8611,8378
8388,8611,8612
8494,8612,8613
8388,8612,8494
8614,8613,8612
8382,8614,8612
8387,8612,8378
8382,8612,8387
8614,8489,8613
8401,8489,8614
8614,8382,8389
8389,8401,8614
8613,8489,8493
8493,8494,8613
8598,8610,8597
8592,8595,8388
8380,8385,8592
8387,8592,8388
8592,8387,8380
8372,8371,8590
8585,8385,8384
8583,8559,8565
8559,8583,8384
8581,8565,8564
8359,8367,8579
8532,8566,8534
8542,8566,8532
8542,8541,8566
8557,8534,8566
8537,8566,8541
8561,8560,8541
8541,8353,8561
8343,8541,8560
8365,8556,8381
8365,8541,8556
8556,8541,8542
8398,8557,8409
8557,8398,8534
8343,8539,8541
8541,8365,8353
8523,8530,8522
8508,8526,8509
8514,8515,8526
8514,8526,8508
8515,8518,8521
8511,8509,8517
8350,8358,8517
8500,8508,8499
8373,8505,8374
8373,8490,8505
8499,8505,8490
8376,8502,8375
8502,8497,8491
8491,8375,8502
8388,8494,8390
8487,8390,8494
8375,8491,8490
8375,8490,8373
8394,8463,8615
8463,8406,8615
8452,8616,8463
8463,8616,8408
8463,8408,8406
8617,8408,8616
8617,8616,8618
8618,8616,8619
8616,8452,8619
8455,8618,8619
8619,8456,8455
8619,8451,8456
8452,8451,8619
8450,8617,8618
8450,8618,8455
8617,8412,8408
8620,8412,8617
8620,8617,8621
8450,8621,8617
8621,8450,8449
8622,8621,8449
8620,8621,8622
8447,8623,8622
8449,8447,8622
8624,8622,8625
8624,8620,8622
8625,8622,8623
8626,8623,8447
8627,8623,8626
8627,8453,8623
8623,8453,8625
8627,8628,8453
8627,8626,8629
8629,8630,8627
8631,8627,8630
8631,8632,8627
8628,8627,8632
8628,8633,8453
8634,8628,8635
8628,8634,8633
8632,8636,8628
8628,8636,8635
8637,8638,8633
8639,8633,8638
8637,8633,8640
8633,8634,8640
8633,8639,8453
8641,8639,8638
8641,8642,8639
8642,8454,8639
8453,8639,8454
8641,8643,8642
8643,8644,8642
8642,8645,8454
8645,8642,8644
8646,8647,8644
8644,8648,8646
8648,8644,8643
8645,8644,8647
8647,8455,8645
8647,8646,8455
8648,8649,8650
8646,8648,8650
8649,8648,8643
8650,8649,8651
8641,8651,8649
8649,8643,8641
8651,8652,8650
8652,8651,8641
8650,8652,8634
8641,8653,8652
8652,8653,8640
8634,8652,8640
8653,8641,8638
8640,8653,8637
8638,8637,8653
8455,8646,8650
8634,8624,8650
8650,8624,8455
8455,8454,8645
8636,8654,8635
8635,8632,8655
8635,8655,8631
8631,8656,8635
8632,8635,8656
8634,8635,8654
8636,8656,8654
8634,8654,8656
8636,8657,8656
8656,8657,8634
8656,8655,8632
8656,8631,8655
8630,8634,8657
8657,8658,8630
8632,8658,8657
8657,8636,8632
8630,8658,8631
8631,8658,8632
8630,8624,8634
8629,8659,8630
8624,8630,8659
8659,8660,8624
8661,8660,8659
8659,8629,8661
8662,8663,8661
8664,8661,8663
8661,8629,8665
8665,8662,8661
8660,8661,8664
8664,8442,8660
8442,8664,8663
8626,8663,8662
8626,8662,8665
8626,8665,8629
8663,8626,8447
8663,8447,8442
8436,8624,8660
8436,8660,8442
8625,8450,8624
8453,8450,8625
8624,8436,8620
8455,8624,8450
8412,8620,8414
8414,8620,8439
8439,8620,8436
8615,8395,8394
8615,8406,8395
8458,8462,8457
8446,8447,8449
8439,8436,8441
8414,8439,8413
8427,8426,8424
8421,8427,8424
8429,8420,8421
8429,8421,8422
8426,8425,8424
8420,8426,8419
8394,8419,8425
8389,8393,8401
8400,8401,8393
8391,8382,8400
8393,8391,8400
8400,8382,8381
8393,8390,8397
8393,8389,8390
8380,8387,8378
8376,8363,8369
8368,8376,8371
8368,8367,8376
8367,8362,8376
8363,8376,8362
8368,8369,8363
8367,8368,8363
8359,8362,8367
8355,8353,8365
8359,8360,8362
8360,8356,8346
8346,8356,8344
8348,8666,8339
8348,8339,8667
8348,8667,8336
8337,8340,8348
8666,8348,8340
8666,8667,8339
8666,8336,8667
8336,8666,8342
8342,8666,8340
8337,8336,8339
8668,8669,8670
8669,8671,8670
8671,8669,8672
8672,8669,8673
8668,8674,8669
8669,8675,8676
8669,8674,8675
8673,8669,8676
8677,8674,8673
8678,8673,8674
8673,8676,8679
8673,8679,8677
8680,8673,8678
8680,8672,8673
8675,8677,8681
8681,8677,8682
8677,8675,8674
8677,8679,8683
8684,8677,8683
8682,8677,8684
8684,8685,8686
8684,8687,8685
8688,8682,8684
8689,8687,8684
8689,8684,8683
8686,8688,8684
8688,8690,8691
8688,8686,8690
8688,8691,8692
8688,8692,8693
8682,8688,8693
8693,8692,8694
8668,8695,8693
8681,8693,8695
8674,8668,8693
8693,8681,8682
8694,8674,8693
8694,8692,8696
8694,8697,8698
8694,8698,8699
8694,8678,8674
8700,8694,8699
8694,8700,8701
8701,8702,8694
8678,8694,8702
8696,8697,8694
8703,8696,8704
8705,8704,8696
8706,8696,8703
8705,8696,8707
8692,8707,8696
8706,8697,8696
8690,8697,8706
8706,8708,8690
8703,8708,8706
8708,8709,8690
8698,8708,8710
8703,8710,8708
8708,8698,8709
8711,8712,8709
8709,8713,8711
8713,8709,8685
8690,8709,8712
8709,8714,8685
8714,8709,8698
8686,8685,8714
8697,8686,8714
8714,8698,8697
8715,8712,8716
8717,8716,8712
8712,8715,8690
8712,8718,8717
8712,8719,8718
8712,8711,8719
8718,8720,8717
8716,8717,8720
8719,8721,8720
8710,8720,8721
8710,8703,8720
8716,8720,8704
8704,8720,8703
8718,8719,8720
8721,8722,8710
8721,8723,8722
8724,8723,8721
8721,8719,8724
8725,8723,8726
8727,8723,8725
8728,8723,8727
8723,8728,8722
8724,8729,8723
8723,8729,8730
8723,8730,8726
8726,8730,8731
8731,8730,8729
8732,8731,8711
8711,8731,8724
8729,8724,8731
8731,8733,8726
8734,8733,8731
8731,8735,8734
8731,8736,8735
8731,8732,8736
8736,8700,8737
8735,8736,8737
8700,8736,8738
8732,8738,8736
8700,8738,8739
8740,8739,8738
8687,8740,8738
8687,8738,8741
8738,8732,8741
8742,8685,8741
8741,8732,8742
8687,8741,8685
8742,8743,8722
8742,8722,8700
8699,8742,8700
8685,8742,8699
8743,8742,8732
8743,8710,8722
8710,8743,8744
8743,8732,8713
8744,8743,8713
8710,8744,8699
8685,8699,8744
8744,8713,8685
8745,8739,8740
8740,8746,8747
8747,8745,8740
8748,8740,8687
8748,8749,8740
8750,8746,8740
8750,8740,8749
8751,8749,8748
8749,8683,8750
8752,8683,8749
8749,8751,8752
8752,8702,8683
8752,8751,8753
8702,8752,8678
8752,8753,8678
8753,8754,8755
8755,8756,8753
8757,8753,8756
8700,8753,8751
8700,8758,8753
8678,8753,8757
8753,8758,8754
8700,8759,8758
8758,8760,8761
8745,8758,8761
8758,8745,8747
8747,8754,8758
8759,8760,8758
8761,8760,8727
8727,8760,8728
8728,8760,8737
8737,8760,8735
8739,8735,8760
8760,8759,8739
8739,8759,8700
8727,8725,8761
8725,8762,8761
8761,8734,8745
8761,8762,8734
8763,8764,8762
8765,8763,8762
8762,8725,8765
8764,8755,8762
8762,8747,8734
8762,8754,8747
8754,8762,8755
8766,8746,8764
8746,8755,8764
8764,8767,8766
8768,8767,8764
8768,8764,8763
8768,8769,8770
8769,8768,8771
8768,8763,8771
8770,8757,8768
8757,8756,8768
8756,8767,8768
8772,8770,8773
8750,8770,8772
8774,8770,8769
8757,8770,8750
8775,8770,8774
8773,8770,8775
8776,8777,8773
8778,8776,8773
8773,8775,8778
8766,8773,8777
8772,8773,8766
8777,8776,8779
8777,8779,8780
8777,8780,8781
8777,8782,8783
8783,8766,8777
8782,8777,8781
8782,8781,8784
8765,8784,8781
8765,8781,8780
8765,8725,8784
8785,8784,8725
8733,8782,8784
8784,8785,8733
8726,8785,8725
8733,8785,8726
8734,8782,8733
8782,8734,8783
8766,8783,8746
8747,8783,8734
8783,8747,8746
8765,8780,8779
8776,8786,8779
8771,8779,8786
8771,8765,8779
8787,8788,8786
8776,8787,8786
8786,8788,8771
8788,8787,8778
8788,8789,8771
8788,8790,8789
8778,8791,8788
8790,8788,8791
8792,8791,8778
8793,8790,8791
8791,8794,8793
8795,8794,8791
8791,8792,8795
8796,8797,8792
8796,8792,8798
8775,8792,8778
8797,8795,8792
8775,8799,8792
8799,8798,8792
8800,8750,8799
8799,8750,8798
8799,8775,8774
8774,8800,8799
8800,8796,8801
8796,8800,8774
8750,8800,8757
8757,8800,8678
8801,8678,8800
8798,8801,8796
8680,8678,8801
8798,8680,8801
8672,8797,8796
8797,8680,8802
8802,8795,8797
8680,8797,8672
8802,8679,8795
8802,8798,8679
8680,8798,8802
8679,8798,8683
8750,8683,8798
8796,8769,8789
8789,8803,8796
8769,8796,8774
8672,8796,8803
8803,8804,8672
8789,8804,8803
8804,8805,8671
8672,8804,8671
8804,8789,8790
8804,8806,8805
8806,8804,8793
8804,8790,8793
8794,8806,8793
8806,8794,8805
8676,8807,8805
8805,8807,8671
8795,8805,8794
8805,8795,8676
8670,8671,8807
8675,8808,8807
8807,8808,8670
8807,8676,8675
8808,8705,8670
8715,8808,8691
8808,8715,8705
8808,8675,8681
8681,8691,8808
8676,8795,8679
8769,8771,8789
8787,8776,8778
8809,8772,8756
8772,8809,8750
8767,8756,8772
8767,8772,8766
8755,8746,8809
8746,8750,8809
8809,8756,8755
8765,8771,8763
8748,8701,8751
8751,8701,8700
8701,8748,8689
8689,8748,8687
8734,8735,8745
8739,8745,8735
8737,8700,8722
8737,8722,8728
8711,8713,8732
8711,8724,8719
8704,8715,8716
8715,8704,8705
8691,8690,8715
8710,8699,8698
8695,8707,8691
8707,8692,8691
8695,8668,8707
8707,8668,8705
8670,8705,8668
8702,8701,8689
8702,8689,8683
8697,8690,8686
8691,8681,8695
8810,8811,8812
8810,8813,8811
8813,8810,8814
8812,8815,8810
8815,8814,8810
8810,8816,8817
8817,8818,8810
8819,8810,8818
8816,8810,8820
8819,8820,8810
8820,8819,8821
8818,8821,8819
8820,8821,8816
8821,8822,8816
8822,8821,8823
8821,8818,8823
8822,8823,8824
8825,8823,8826
8823,8825,8827
8826,8823,8818
8824,8823,8827
8827,8825,8828
8827,8828,8829
8829,8824,8827
8830,8829,8831
8832,8831,8829
8829,8830,8833
8828,8834,8829
8829,8833,8824
8834,8832,8829
8831,8832,8835
8835,8832,8834
8836,8835,8834
8836,8837,8835
8838,8835,8837
8838,8831,8835
8839,8838,8837
8831,8838,8830
8825,8838,8839
8825,8830,8838
8839,8828,8825
8839,8834,8828
8834,8839,8836
8839,8837,8836
8833,8840,8841
8841,8824,8833
8833,8826,8840
8826,8833,8825
8830,8825,8833
8841,8840,8822
8816,8822,8840
8817,8840,8826
8817,8816,8840
8822,8824,8841
8826,8818,8817
8812,8842,8815
8843,8814,8815
8842,8843,8815
8844,8843,8842
8845,8846,8843
8843,8844,8845
8846,8814,8843
8842,8847,8844
8848,8849,8844
8844,8847,8848
8850,8845,8844
8850,8844,8851
8851,8844,8852
8852,8844,8849
8853,8852,8849
8854,8852,8853
8852,8854,8855
8852,8856,8857
8852,8857,8851
8858,8856,8852
8852,8855,8858
8859,8858,8855
8859,8855,8854
8859,8850,8858
8850,8859,8860
8854,8860,8859
8861,8862,8860
8845,8860,8862
8860,8854,8863
8860,8863,8861
8860,8845,8850
8863,8854,8864
8861,8863,8864
8864,8853,8849
8849,8848,8864
8853,8864,8854
8865,8861,8864
8866,8864,8848
8864,8867,8865
8864,8868,8867
8868,8864,8866
8869,8866,8870
8848,8870,8866
8866,8869,8868
8871,8869,8870
8869,8871,8868
8870,8847,8871
8872,8871,8873
8871,8847,8873
8868,8871,8872
8872,8874,8868
8874,8872,8873
8868,8874,8875
8875,8874,8876
8873,8876,8874
8877,8876,8878
8847,8878,8876
8876,8873,8847
8879,8875,8876
8876,8877,8879
8880,8877,8881
8847,8881,8877
8878,8847,8877
8877,8880,8879
8882,8883,8880
8882,8880,8884
8883,8879,8880
8881,8884,8880
8885,8884,8881
8884,8885,8886
8886,8882,8884
8882,8886,8887
8887,8886,8888
8888,8886,8885
8888,8889,8887
8889,8888,8890
8888,8885,8890
8887,8889,8891
8890,8892,8889
8891,8889,8892
8892,8890,8893
8892,8893,8894
8891,8892,8895
8894,8895,8892
8896,8894,8893
8897,8894,8896
8895,8894,8897
8891,8897,8887
8887,8897,8898
8897,8891,8895
8898,8897,8896
8887,8898,8899
8896,8899,8898
8900,8899,8901
8899,8896,8901
8899,8900,8887
8901,8902,8900
8887,8900,8903
8903,8900,8902
8903,8904,8887
8904,8903,8905
8903,8902,8905
8904,8906,8887
8907,8906,8904
8908,8907,8904
8905,8908,8904
8909,8908,8905
8907,8908,8909
8910,8909,8893
8905,8893,8909
8907,8909,8911
8909,8910,8911
8912,8913,8910
8913,8914,8910
8812,8910,8893
8910,8914,8915
8812,8912,8910
8915,8916,8910
8910,8916,8917
8917,8918,8910
8910,8918,8911
8813,8912,8812
8814,8912,8813
8814,8846,8912
8846,8913,8912
8916,8915,8919
8887,8917,8916
8916,8919,8887
8915,8920,8919
8883,8887,8919
8919,8920,8883
8920,8921,8883
8915,8921,8920
8921,8915,8914
8921,8914,8922
8922,8923,8921
8883,8921,8923
8923,8924,8883
8922,8924,8923
8924,8925,8883
8913,8925,8924
8922,8913,8924
8926,8927,8925
8913,8926,8925
8883,8925,8927
8926,8928,8927
8927,8929,8883
8929,8927,8928
8928,8930,8931
8930,8928,8932
8932,8928,8926
8928,8933,8929
8928,8931,8933
8928,8934,8935
8935,8936,8928
8936,8937,8928
8934,8928,8937
8936,8932,8937
8934,8937,8932
8934,8932,8938
8935,8934,8939
8939,8934,8940
8938,8940,8934
8932,8941,8938
8938,8941,8940
8942,8943,8941
8940,8941,8943
8942,8941,8944
8846,8944,8941
8941,8932,8945
8941,8945,8846
8946,8943,8942
8946,8942,8947
8948,8942,8944
8942,8948,8947
8947,8948,8949
8947,8949,8946
8949,8948,8950
8951,8949,8950
8949,8951,8939
8946,8949,8939
8952,8939,8951
8952,8951,8953
8954,8953,8951
8951,8955,8954
8950,8955,8951
8956,8954,8955
8956,8955,8957
8955,8950,8948
8957,8955,8958
8958,8955,8944
8955,8948,8944
8959,8957,8960
8960,8957,8958
8957,8959,8961
8962,8957,8963
8963,8957,8961
8957,8962,8956
8953,8956,8962
8963,8953,8962
8961,8959,8952
8961,8952,8963
8953,8963,8952
8960,8964,8959
8952,8959,8964
8964,8960,8939
8939,8952,8964
8965,8960,8966
8965,8967,8960
8939,8960,8967
8958,8968,8960
8960,8968,8966
8966,8968,8969
8970,8966,8969
8971,8966,8970
8972,8966,8971
8973,8966,8972
8966,8973,8965
8974,8965,8973
8973,8972,8974
8975,8976,8974
8974,8977,8975
8978,8977,8974
8974,8979,8978
8980,8979,8974
8981,8980,8974
8974,8972,8981
8982,8983,8974
8974,8984,8982
8976,8984,8974
8983,8939,8974
8967,8974,8939
8967,8965,8974
8985,8986,8983
8983,8987,8985
8988,8987,8983
8988,8983,8982
8939,8983,8986
8989,8986,8990
8939,8986,8989
8986,8991,8990
8985,8991,8986
8991,8987,8992
8992,8990,8991
8991,8985,8987
8990,8992,8989
8989,8992,8993
8936,8992,8846
8992,8936,8993
8992,8987,8994
8846,8992,8994
8994,8995,8996
8994,8996,8968
8987,8988,8994
8982,8994,8988
8994,8997,8998
8997,8994,8982
8968,8999,8994
8994,8998,8995
8999,8846,8994
9000,8995,8998
8975,8995,9000
8995,9001,9002
9001,8995,8975
9002,8996,8995
9003,9002,8977
8977,9002,9001
9003,9004,9002
8996,9002,9004
9005,9004,8978
8978,9004,9003
9004,9005,8996
8979,8996,9005
9005,8978,8979
8977,8978,9003
9001,8975,8977
9000,8998,8976
8976,8975,9000
9006,8999,8968
9007,8999,9006
8999,9007,8814
8999,9008,8846
8999,8814,9008
8944,8846,9008
8944,9008,8814
9009,9006,8968
9007,9006,9009
9010,9009,8958
8968,8958,9009
9007,9009,9011
9009,9010,9011
9010,8958,9012
9013,9010,9012
9010,9014,9011
9010,9013,9014
9015,9014,9016
9017,9016,9014
9015,9018,9014
9019,9014,9018
9014,9013,9007
9007,9011,9014
9014,9019,9017
9017,9019,9020
9020,9019,9021
9018,9021,9019
9021,9022,9020
9023,9021,9018
9022,9021,9023
9015,9024,9023
9023,9018,9015
9023,9025,9022
9026,9023,9027
9023,9028,9027
9029,9028,9023
9023,9024,9029
9025,9023,9026
9027,9030,9026
9031,9026,9030
9026,9031,9025
9031,9032,9033
9033,9034,9031
9030,9032,9031
9025,9031,9034
9034,9033,9017
9034,9035,9025
9017,9035,9034
9035,9020,9022
9020,9035,9017
9022,9025,9035
9036,9033,9032
9032,9037,9036
9037,9032,9030
9038,9036,9037
9030,9039,9037
9037,9039,9038
9040,9038,9039
9017,9038,9040
9036,9038,9017
9041,9040,9042
9017,9040,9041
9039,9042,9040
9043,9041,9042
9042,9044,9043
9042,9045,9044
9045,9042,9039
9044,9045,9030
9039,9030,9045
9043,9044,9046
9047,9044,9048
9044,9047,9046
9044,9049,9048
9044,9030,9049
9048,9050,9051
9051,9052,9048
9048,9052,9047
9050,9048,9049
9053,9051,9050
9054,9050,9049
9050,9055,9053
9055,9050,9054
9056,9057,9055
9053,9055,9057
9055,9058,9056
9054,9058,9055
9059,9056,9058
9058,9017,9059
9060,9061,9058
9058,9061,9017
9058,9054,9060
9060,9062,9063
9061,9060,9063
9064,9062,9060
9060,9065,9064
9065,9060,9066
9060,9067,9066
9049,9067,9060
9049,9060,9054
9068,9064,9065
9066,9068,9065
9064,9068,9069
9069,9068,9070
9070,9068,9066
9070,9071,9069
9070,9066,9071
9069,9071,9072
9072,9071,9073
9071,9074,9073
9075,9074,9071
9071,9066,9075
9075,9073,9074
9075,9076,9073
9077,9075,9078
9075,9077,9076
9066,9078,9075
9079,9072,9076
9073,9076,9072
9076,9077,9080
9080,9079,9076
9081,9079,9082
9083,9079,9081
9083,9072,9079
9079,9080,9077
9077,9082,9079
9063,9072,9083
9083,9084,9063
9081,9084,9083
9084,9085,9063
9086,9085,9084
9084,9081,9086
9086,9081,9087
9085,9086,9088
9088,9086,9089
9087,9089,9086
9090,9091,9089
9089,9092,9090
9092,9089,9087
9089,9091,9088
9088,9091,9093
9091,9094,9093
9094,9091,9090
9093,9094,9063
9063,9094,9095
9090,9095,9094
9096,9097,9095
9095,9097,9063
9095,9092,9096
9090,9092,9095
9097,9096,9098
9098,9096,9092
9098,9099,9097
9100,9098,9101
9098,9100,9099
9102,9101,9098
9098,9103,9102
9092,9103,9098
9104,9102,9103
9104,9103,9092
9102,9104,9027
9105,9027,9104
9092,9106,9104
9107,9104,9106
9104,9108,9105
9104,9107,9108
9109,9105,9108
9109,9110,9105
9105,9110,9049
9049,9027,9105
9111,9109,9112
9110,9109,9111
9109,9113,9112
9113,9109,9108
9113,9107,9114
9107,9113,9108
9115,9113,9114
9116,9112,9113
9113,9117,9116
9117,9113,9115
9114,9118,9115
9117,9115,9119
9115,9120,9119
9115,9121,9120
9115,9122,9121
9115,9123,9122
9123,9115,9124
9115,9118,9124
9124,9125,9123
9125,9124,9118
9123,9125,9126
9125,9127,9128
9128,9126,9125
9118,9127,9125
9118,9129,9127
9127,9129,9130
9130,9128,9127
9131,9128,9130
9132,9130,9133
9129,9133,9130
9131,9130,9132
9132,9134,9131
9131,9134,9135
9136,9137,9131
9131,9138,9136
9126,9131,9137
9139,9140,9131
9140,9141,9131
9135,9139,9131
9126,9128,9131
9138,9131,9141
9142,9139,9135
9135,9143,9142
9144,9143,9135
9135,9134,9144
9133,9144,9134
9143,9144,9133
9142,9143,9145
9133,9146,9143
9143,9147,9145
9146,9118,9143
9118,9147,9143
9129,9118,9146
9146,9133,9129
9138,9148,9147
9148,9149,9147
9149,9150,9147
9147,9151,9138
9152,9151,9147
9153,9145,9147
9147,9154,9153
9155,9154,9147
9155,9147,9156
9147,9150,9156
9118,9152,9147
9157,9136,9152
9152,9136,9138
9157,9152,9158
9152,9118,9111
9158,9152,9111
9138,9151,9152
9159,9158,9111
9160,9161,9158
9158,9162,9160
9159,9162,9158
9158,9161,9157
9163,9162,9159
9112,9159,9111
9159,9164,9163
9159,9112,9165
9166,9164,9159
9159,9167,9166
9168,9167,9159
9168,9159,9165
9112,9169,9165
9168,9165,9169
9170,9169,9112
9169,9171,9168
9169,9170,9172
9173,9171,9169
9169,9172,9173
9171,9174,9175
9175,9168,9171
9174,9171,9173
9126,9174,9176
9173,9176,9174
9175,9174,9126
9176,9177,9126
9170,9177,9176
9176,9172,9170
9176,9173,9172
9178,9179,9177
9177,9179,9180
9177,9181,9182
9181,9177,9170
9177,9182,9178
9180,9126,9177
9183,9184,9182
9185,9183,9182
9178,9182,9184
9182,9186,9185
9181,9186,9182
9187,9185,9186
9188,9187,9186
9189,9186,9181
9186,9189,9188
9187,9188,9116
9188,9190,9116
9190,9188,9189
9116,9190,9191
9191,9190,9192
9189,9192,9190
9192,9193,9191
9181,9192,9189
9194,9193,9192
9192,9181,9194
9195,9191,9194
9193,9194,9191
9194,9196,9195
9196,9194,9181
9197,9195,9196
9196,9181,9198
9196,9198,9197
9195,9197,9112
9112,9197,9199
9199,9197,9198
9199,9200,9112
9200,9199,9201
9198,9201,9199
9181,9201,9198
9201,9181,9200
9112,9200,9170
9170,9200,9181
9191,9195,9202
9112,9202,9195
9202,9116,9191
9116,9202,9112
9116,9185,9187
9184,9183,9117
9184,9119,9178
9119,9184,9117
9183,9185,9116
9116,9117,9183
9122,9123,9180
9126,9180,9123
9180,9179,9121
9121,9122,9180
9179,9178,9120
9119,9120,9178
9120,9121,9179
9203,9175,9126
9168,9175,9203
9203,9167,9168
9167,9203,9204
9204,9203,9126
9204,9166,9167
9166,9204,9205
9126,9205,9204
9164,9205,9206
9205,9164,9166
9206,9205,9126
9206,9163,9164
9163,9206,9207
9126,9207,9206
9160,9207,9208
9207,9160,9163
9126,9208,9207
9208,9161,9160
9161,9208,9209
9209,9208,9126
9157,9209,9137
9209,9157,9161
9126,9137,9209
9163,9160,9162
9137,9136,9157
9210,9154,9155
9156,9211,9155
9212,9155,9211
9155,9212,9210
9210,9212,9213
9211,9213,9212
9210,9213,9140
9214,9140,9213
9215,9214,9213
9213,9211,9215
9214,9215,9150
9150,9215,9156
9215,9211,9156
9150,9216,9214
9140,9214,9216
9216,9150,9149
9140,9216,9217
9149,9217,9216
9148,9141,9217
9217,9149,9148
9217,9141,9140
9154,9210,9218
9140,9218,9210
9218,9153,9154
9153,9218,9140
9145,9153,9142
9139,9142,9153
9153,9140,9139
9141,9148,9138
9134,9132,9133
9114,9111,9118
9111,9114,9107
9110,9111,9219
9111,9107,9219
9107,9106,9219
9106,9110,9219
9110,9106,9049
9106,9092,9067
9049,9106,9067
9220,9221,9102
9102,9222,9220
9102,9221,9223
9223,9101,9102
9027,9028,9102
9102,9028,9029
9029,9222,9102
9224,9101,9223
9223,9225,9224
9225,9223,9221
9225,9226,9063
9063,9224,9225
9221,9226,9225
9063,9226,9227
9220,9227,9226
9226,9221,9220
9063,9227,9228
9029,9228,9227
9227,9220,9222
9227,9222,9029
9029,9229,9228
9017,9228,9229
9228,9017,9063
9029,9016,9229
9229,9016,9017
9100,9224,9063
9101,9224,9100
9099,9100,9063
9063,9097,9099
9063,9085,9093
9088,9093,9085
9087,9082,9092
9082,9067,9092
9082,9087,9081
9077,9067,9082
9067,9077,9078
9067,9078,9066
9072,9230,9069
9231,9230,9072
9072,9063,9231
9231,9063,9062
9230,9231,9062
9064,9069,9230
9062,9064,9230
9063,9017,9061
9056,9059,9017
9232,9057,9056
9056,9233,9232
9017,9233,9056
9232,9233,9052
9234,9233,9017
9233,9234,9047
9047,9052,9233
9234,9043,9046
9017,9043,9234
9046,9047,9234
9057,9232,9053
9232,9051,9053
9052,9051,9232
9027,9049,9030
9041,9043,9017
9017,9033,9036
9016,9024,9015
9029,9024,9016
9013,9012,8814
8814,9007,9013
8958,8944,9012
9012,8944,8814
8998,8997,9235
8976,8998,9235
9235,8984,8976
8984,9235,8997
8982,8984,8997
9236,8969,8996
9236,8996,8979
8968,8996,8969
9236,8979,8980
8980,8969,9236
8993,8936,8935
8993,8935,8989
8989,8935,8939
9237,8980,8981
9237,8969,8980
8981,8970,9237
8969,9237,8970
8971,8970,8981
8981,8972,8971
8954,8956,8953
8939,8940,8946
8943,8946,8940
8936,8945,8932
8936,8846,8945
8931,8930,9238
8933,8931,8883
8883,8931,9239
9238,9239,8931
9239,9238,9240
9240,9241,9239
8883,9239,9241
9240,8868,9241
9241,8868,8883
8868,9240,9242
8845,9242,9240
8845,9240,9238
8867,9242,9243
9243,9242,8845
9242,8867,8868
8867,9243,9244
8845,9244,9243
8865,9244,8862
8862,9244,8845
9244,8865,8867
9238,8930,8845
8929,8933,8883
8846,8930,8932
8926,8913,8932
8846,8932,8913
8930,8846,8845
8913,8922,9245
9245,8922,8914
9245,8914,8913
8918,8917,8906
8906,8911,8918
8917,8887,8906
8911,8906,8907
8893,8905,8902
8902,8901,8893
8893,8901,8896
8812,8893,8881
8881,8893,8890
8890,8885,8881
8887,8883,8882
8879,8883,8868
8842,8881,8847
8842,8812,8881
8875,8879,8868
8870,8848,8847
8862,8861,8865
8858,8850,9246
9246,8856,8858
8851,9246,8850
9246,8851,8857
8857,8856,9246
8812,8811,8813
9247,9248,9249
9249,9250,9247
9249,9251,9250
9252,9251,9249
9249,9248,9253
9253,9254,9249
9254,9252,9249
9254,9253,9255
9254,9256,9252
9256,9254,9257
9254,9255,9258
9258,9257,9254
9259,9257,9258
9260,9257,9261
9257,9260,9256
9257,9259,9261
9262,9259,9258
9261,9259,9263
9263,9259,9262
9262,9258,9264
9263,9262,9264
9264,9258,9255
9263,9264,9260
9265,9260,9264
9264,9255,9265
9266,9252,9265
9256,9265,9252
9265,9255,9266
9260,9265,9256
9252,9266,9251
9266,9248,9251
9253,9266,9255
9266,9253,9248
9260,9261,9263
9250,9251,9248
9248,9247,9250
9267,9268,9269
9268,9270,9269
9270,9268,9271
9271,9268,9272
9272,9268,9267
9273,9272,9274
9275,9272,9273
9276,9277,9272
9272,9278,9276
9279,9278,9272
9279,9272,9277
9272,9280,9274
9267,9280,9272
9281,9271,9272
9275,9281,9272
9273,9274,9282
9282,9274,9283
9284,9283,9274
9274,9280,9284
9285,9283,9284
9286,9284,9287
9287,9284,9280
9284,9286,9285
9288,9286,9287
9289,9285,9286
9286,9288,9290
9290,9289,9286
9291,9292,9289
9289,9292,9293
9289,9293,9285
9289,9290,9294
9294,9291,9289
9292,9291,9295
9296,9291,9294
9297,9295,9291
9298,9297,9291
9291,9296,9298
9297,9298,9299
9299,9298,9296
9296,9300,9299
9299,9300,9276
9299,9301,9297
9301,9299,9276
9302,9301,9303
9278,9303,9301
9276,9278,9301
9301,9302,9297
9304,9297,9302
9294,9304,9302
9303,9305,9302
9296,9302,9305
9302,9296,9294
9279,9305,9303
9296,9305,9300
9300,9305,9276
9305,9279,9276
9297,9304,9295
9295,9304,9290
9290,9304,9294
9278,9279,9303
9290,9292,9295
9306,9307,9293
9293,9307,9308
9285,9293,9308
9309,9293,9292
9293,9309,9306
9310,9306,9309
9275,9306,9310
9306,9275,9311
9307,9306,9311
9273,9311,9275
9307,9311,9312
9273,9312,9311
9308,9307,9312
9312,9282,9308
9282,9312,9273
9309,9270,9310
9271,9310,9270
9310,9271,9281
9310,9281,9275
9309,9288,9270
9288,9309,9292
9285,9308,9313
9313,9308,9282
9283,9313,9282
9313,9283,9285
9292,9290,9288
9288,9287,9269
9288,9269,9270
9280,9267,9287
9267,9269,9287
9279,9277,9273
9276,9273,9277
9273,9276,9279
9314,9315,9316
9314,9317,9315
9318,9317,9314
9316,9318,9314
9319,9318,9316
9318,9320,9321
9318,9321,9317
9318,9322,9320
9322,9318,9323
9323,9318,9319
9319,9324,9323
9323,9324,9322
9324,9325,9326
9319,9325,9324
9327,9324,9328
9324,9327,9322
9324,9326,9328
9329,9326,9325
9326,9330,9331
9330,9326,9329
9326,9332,9328
9331,9332,9326
9331,9333,9334
9333,9331,9330
9331,9335,9332
9335,9331,9336
9331,9334,9336
9336,9334,9337
9338,9336,9337
9335,9336,9338
9338,9337,9339
9340,9339,9337
9334,9340,9337
9334,9341,9340
9340,9342,9343
9340,9341,9342
9339,9340,9343
9342,9341,9344
9333,9344,9341
9333,9341,9334
9344,9335,9338
9338,9345,9344
9344,9345,9342
9335,9344,9346
9346,9344,9333
9347,9346,9333
9346,9347,9335
9333,9330,9347
9330,9332,9347
9332,9335,9347
9345,9348,9342
9349,9348,9345
9338,9349,9345
9339,9349,9338
9339,9350,9349
9348,9349,9351
9351,9349,9352
9349,9350,9352
9353,9352,9350
9354,9350,9355
9355,9350,9343
9350,9339,9343
9350,9356,9353
9350,9354,9356
9353,9357,9354
9355,9356,9354
9355,9353,9356
9353,9355,9352
9358,9355,9359
9343,9359,9355
9358,9352,9355
9358,9360,9361
9361,9352,9358
9358,9359,9360
9362,9363,9358
9358,9364,9362
9364,9358,9365
9366,9358,9363
9367,9365,9358
9358,9366,9367
9368,9369,9358
9368,9358,9370
9371,9370,9358
9371,9358,9369
9371,9369,9359
9368,9359,9369
9367,9359,9365
9364,9365,9359
9366,9361,9360
9366,9360,9359
9371,9361,9372
9359,9361,9371
9371,9366,9370
9371,9372,9366
9359,9372,9361
9372,9368,9366
9372,9359,9368
9368,9370,9366
9361,9366,9373
9364,9367,9366
9364,9366,9374
9375,9374,9366
9366,9362,9375
9362,9366,9376
9363,9376,9366
9359,9373,9366
9361,9373,9377
9373,9378,9377
9378,9373,9359
9351,9361,9377
9377,9378,9351
9348,9351,9378
9343,9378,9359
9348,9378,9343
9362,9376,9361
9363,9361,9376
9379,9375,9380
9381,9375,9379
9381,9374,9375
9380,9375,9362
9381,9382,9383
9381,9383,9384
9385,9382,9381
9384,9374,9381
9381,9379,9385
9386,9384,9387
9383,9387,9384
9384,9386,9388
9374,9384,9389
9388,9390,9384
9390,9389,9384
9388,9391,9392
9391,9388,9386
9392,9393,9388
9390,9388,9393
9394,9393,9392
9393,9389,9390
9395,9380,9393
9393,9380,9389
9394,9395,9393
9396,9395,9397
9395,9396,9380
9395,9398,9397
9395,9394,9398
9399,9398,9394
9397,9398,9399
9400,9399,9392
9400,9401,9399
9402,9399,9401
9397,9399,9402
9394,9392,9399
9403,9402,9404
9405,9404,9402
9401,9406,9402
9403,9397,9402
9402,9406,9405
9407,9405,9408
9405,9409,9408
9405,9406,9410
9410,9409,9405
9404,9405,9407
9407,9408,9411
9411,9412,9407
9407,9412,9404
9413,9414,9412
9412,9411,9413
9415,9412,9414
9415,9404,9412
9414,9416,9415
9415,9417,9418
9416,9417,9415
9404,9415,9419
9415,9420,9419
9415,9421,9420
9418,9421,9415
9422,9418,9417
9418,9422,9396
9396,9421,9418
9423,9422,9417
9423,9396,9422
9417,9424,9423
9396,9423,9380
9424,9380,9423
9424,9385,9379
9379,9380,9424
9424,9417,9385
9420,9421,9396
9396,9419,9420
9419,9403,9404
9396,9403,9419
9416,9414,9425
9417,9416,9426
9427,9426,9416
9416,9425,9427
9427,9425,9428
9426,9427,9382
9382,9427,9428
9428,9429,9430
9430,9383,9428
9382,9428,9383
9429,9428,9425
9425,9413,9429
9413,9411,9429
9429,9411,9430
9431,9387,9430
9387,9383,9430
9431,9430,9411
9387,9431,9432
9410,9432,9431
9431,9411,9408
9409,9410,9431
9408,9409,9431
9432,9433,9387
9410,9434,9432
9434,9433,9432
9387,9433,9435
9400,9435,9433
9433,9434,9401
9401,9400,9433
9435,9386,9387
9386,9435,9391
9400,9391,9435
9434,9410,9401
9414,9413,9425
9426,9385,9417
9382,9385,9426
9406,9401,9410
9397,9403,9396
9392,9391,9400
9364,9374,9389
9389,9380,9436
9436,9364,9389
9362,9364,9436
9362,9436,9380
9364,9359,9367
9362,9361,9363
9361,9351,9352
9348,9343,9342
9332,9437,9328
9332,9330,9437
9328,9437,9327
9327,9437,9330
9325,9438,9329
9330,9329,9438
9327,9438,9439
9438,9440,9439
9441,9438,9325
9442,9438,9441
9438,9327,9330
9442,9440,9438
9443,9440,9442
9442,9444,9443
9444,9442,9325
9442,9441,9325
9319,9444,9325
9319,9316,9444
9443,9444,9316
9440,9443,9445
9443,9315,9445
9443,9316,9315
9440,9445,9446
9445,9315,9446
9321,9440,9446
9446,9317,9321
9317,9446,9315
9320,9440,9321
9320,9447,9440
9440,9447,9448
9448,9439,9440
9447,9449,9448
9448,9449,9450
9450,9439,9448
9439,9450,9451
9451,9450,9449
9451,9452,9439
9452,9451,9453
9449,9453,9451
9453,9449,9447
9447,9454,9453
9453,9454,9452
9454,9447,9455
9455,9452,9454
9320,9456,9455
9455,9447,9320
9455,9456,9439
9439,9452,9455
9322,9456,9320
9439,9456,9327
9456,9322,9327
9457,9458,9459
9459,9460,9457
9460,9459,9461
9461,9459,9462
9462,9459,9458
9461,9463,9460
9463,9461,9464
9462,9465,9461
9464,9461,9465
9464,9466,9463
9457,9466,9464
9465,9467,9464
9464,9467,9458
9458,9457,9464
9468,9467,9465
9458,9467,9468
9468,9469,9458
9469,9468,9470
9465,9470,9468
9471,9472,9470
9470,9465,9471
9470,9472,9473
9470,9473,9474
9475,9470,9474
9470,9476,9469
9476,9470,9475
9477,9475,9478
9475,9477,9476
9474,9479,9475
9478,9475,9479
9478,9480,9477
9481,9478,9479
9480,9478,9481
9482,9477,9480
9483,9482,9480
9484,9480,9481
9480,9484,9483
9482,9483,9485
9484,9486,9483
9483,9486,9487
9487,9485,9483
9488,9487,9486
9481,9485,9487
9489,9487,9488
9490,9491,9487
9487,9489,9490
9487,9491,9481
9484,9491,9490
9481,9491,9484
9492,9490,9489
9489,9493,9492
9489,9494,9495
9489,9488,9494
9493,9489,9496
9497,9496,9489
9489,9495,9498
9489,9498,9497
9497,9498,9499
9497,9500,9496
9501,9500,9497
9499,9502,9497
9497,9502,9501
9503,9502,9499
9501,9502,9503
9496,9503,9493
9499,9493,9503
9504,9505,9503
9506,9503,9505
9503,9506,9501
9503,9496,9504
9505,9504,9507
9504,9496,9500
9507,9504,9500
9507,9508,9509
9509,9505,9507
9500,9510,9507
9507,9510,9511
9511,9508,9507
9512,9513,9511
9513,9514,9511
9511,9510,9512
9515,9511,9514
9508,9511,9515
9515,9516,9508
9517,9518,9515
9514,9517,9515
9515,9518,9519
9515,9519,9520
9520,9521,9515
9521,9516,9515
9509,9508,9516
9516,9522,9509
9522,9516,9521
9522,9523,9524
9524,9509,9522
9523,9522,9525
9525,9522,9526
9521,9526,9522
9527,9528,9526
9526,9528,9525
9526,9529,9527
9529,9526,9530
9521,9530,9526
9530,9531,9532
9530,9532,9533
9534,9531,9530
9530,9535,9529
9533,9535,9530
9530,9536,9534
9521,9536,9530
9537,9534,9536
9538,9536,9521
9536,9538,9537
9533,9532,9537
9535,9533,9537
9537,9538,9535
9539,9537,9532
9537,9539,9540
9540,9534,9537
9541,9542,9540
9540,9542,9543
9534,9540,9531
9540,9539,9541
9543,9531,9540
9531,9543,9544
9545,9544,9543
9545,9543,9546
9547,9546,9543
9543,9542,9547
9548,9547,9549
9549,9547,9542
9546,9547,9548
9550,9548,9551
9548,9550,9546
9549,9552,9548
9552,9553,9548
9548,9553,9554
9551,9548,9554
9555,9556,9554
9554,9553,9555
9554,9557,9551
9557,9554,9556
9556,9558,9557
9559,9558,9556
9556,9550,9559
9556,9555,9550
9559,9560,9561
9561,9558,9559
9551,9559,9550
9562,9560,9559
9559,9551,9562
9563,9562,9564
9562,9563,9560
9562,9551,9557
9557,9564,9562
9561,9565,9564
9561,9564,9557
9564,9566,9563
9566,9564,9565
9560,9565,9561
9567,9565,9560
9565,9567,9566
9560,9568,9567
9569,9567,9568
9566,9567,9569
9569,9570,9571
9570,9569,9568
9569,9572,9566
9571,9572,9569
9573,9572,9571
9574,9571,9570
9571,9574,9573
9572,9573,9575
9576,9575,9573
9573,9574,9577
9573,9578,9576
9573,9577,9579
9573,9580,9581
9573,9581,9578
9573,9579,9582
9582,9580,9573
9583,9581,9580
9582,9584,9580
9583,9580,9585
9585,9580,9584
9586,9587,9584
9584,9588,9586
9589,9588,9584
9584,9582,9589
9584,9587,9585
9581,9588,9589
9581,9589,9590
9590,9589,9582
9577,9591,9590
9590,9591,9578
9590,9578,9581
9590,9579,9577
9582,9579,9590
9592,9591,9577
9578,9591,9592
9578,9592,9593
9574,9593,9592
9592,9577,9574
9593,9576,9578
9576,9593,9570
9570,9593,9574
9587,9586,9594
9594,9595,9587
9585,9587,9595
9596,9595,9597
9598,9597,9595
9595,9599,9585
9600,9599,9595
9595,9596,9600
9595,9601,9598
9595,9594,9601
9601,9594,9581
9581,9583,9601
9601,9583,9602
9602,9598,9601
9602,9603,9604
9604,9598,9602
9599,9600,9602
9603,9602,9600
9602,9585,9599
9585,9602,9583
9605,9606,9603
9605,9603,9607
9607,9603,9596
9603,9606,9604
9600,9596,9603
9604,9606,9608
9608,9606,9605
9604,9608,9597
9596,9597,9608
9596,9608,9609
9605,9609,9608
9609,9605,9610
9596,9609,9611
9610,9611,9609
9607,9610,9605
9612,9610,9607
9611,9610,9612
9612,9607,9613
9613,9614,9612
9615,9612,9614
9612,9615,9611
9611,9615,9616
9615,9617,9618
9614,9617,9615
9618,9616,9615
9613,9616,9618
9611,9616,9596
9613,9596,9616
9618,9619,9620
9619,9618,9621
9622,9621,9618
9618,9617,9622
9618,9620,9613
9620,9623,9624
9623,9620,9619
9613,9620,9624
9624,9614,9613
9617,9614,9624
9624,9622,9617
9622,9624,9623
9619,9625,9623
9626,9623,9625
9623,9626,9622
9625,9627,9626
9622,9626,9621
9628,9626,9627
9629,9621,9626
9626,9628,9629
9629,9628,9630
9631,9630,9628
9628,9632,9631
9632,9628,9633
9628,9627,9634
9628,9634,9635
9628,9635,9636
9636,9633,9628
9637,9636,9635
9638,9639,9636
9636,9637,9638
9636,9639,9633
9638,9637,9631
9630,9631,9637
9637,9640,9630
9635,9640,9637
9634,9641,9640
9640,9641,9630
9640,9635,9634
9619,9630,9641
9619,9641,9625
9627,9625,9641
9641,9634,9627
9642,9643,9639
9639,9638,9642
9639,9643,9644
9644,9633,9639
9644,9645,9632
9632,9633,9644
9646,9647,9644
9648,9644,9647
9644,9648,9645
9644,9643,9646
9649,9650,9646
9646,9651,9649
9651,9646,9643
9646,9650,9647
9652,9650,9653
9654,9653,9650
9647,9650,9652
9650,9649,9654
9653,9654,9655
9656,9655,9654
9654,9649,9656
9657,9655,9656
9645,9648,9656
9656,9648,9657
9656,9649,9645
9658,9655,9657
9657,9648,9659
9659,9660,9657
9661,9657,9660
9657,9661,9658
9652,9658,9661
9662,9661,9663
9660,9663,9661
9661,9662,9652
9664,9665,9662
9662,9665,9666
9662,9667,9652
9667,9662,9659
9662,9666,9659
9662,9663,9664
9668,9669,9664
9664,9670,9668
9670,9664,9663
9664,9669,9671
9671,9665,9664
9665,9671,9672
9672,9671,9673
9673,9671,9669
9673,9674,9675
9675,9676,9673
9673,9677,9672
9669,9674,9673
9673,9676,9677
9674,9678,9679
9680,9678,9674
9680,9674,9669
9679,9675,9674
9677,9679,9678
9681,9679,9677
9675,9679,9681
9681,9682,9675
9682,9681,9683
9677,9683,9681
9683,9677,9684
9684,9685,9683
9683,9685,9686
9683,9686,9682
9686,9687,9688
9689,9687,9686
9688,9690,9686
9682,9686,9690
9686,9685,9689
9684,9691,9689
9689,9685,9684
9687,9689,9692
9691,9692,9689
9692,9691,9693
9693,9691,9688
9691,9684,9690
9690,9688,9691
9693,9694,9692
9693,9695,9694
9693,9696,9695
9696,9693,9697
9688,9697,9693
9697,9698,9696
9697,9699,9700
9700,9698,9697
9699,9697,9688
9696,9698,9701
9701,9698,9702
9698,9700,9702
9702,9703,9704
9695,9703,9702
9695,9702,9700
9702,9705,9701
9704,9705,9702
9705,9704,9706
9706,9704,9707
9696,9707,9704
9704,9703,9696
9708,9707,9709
9706,9707,9708
9701,9707,9696
9701,9709,9707
9710,9709,9701
9711,9709,9710
9709,9711,9708
9710,9712,9711
9713,9708,9711
9711,9712,9713
9712,9710,9714
9466,9712,9715
9712,9716,9715
9712,9717,9716
9457,9713,9712
9712,9466,9457
9714,9717,9712
9718,9717,9714
9714,9719,9718
9706,9719,9714
9706,9714,9710
9718,9719,9708
9708,9719,9706
9708,9713,9718
9717,9718,9720
9720,9718,9713
9721,9720,9713
9720,9721,9715
9720,9716,9717
9720,9715,9716
9721,9722,9723
9457,9722,9721
9723,9715,9721
9721,9713,9457
9715,9723,9466
9723,9722,9460
9460,9463,9723
9466,9723,9463
9460,9722,9457
9701,9705,9710
9706,9710,9705
9703,9695,9696
9695,9700,9699
9699,9694,9695
9694,9699,9687
9688,9687,9699
9687,9692,9694
9690,9676,9682
9676,9690,9684
9684,9677,9676
9675,9682,9676
9669,9668,9680
9672,9680,9668
9678,9680,9672
9678,9672,9677
9666,9672,9668
9672,9666,9665
9668,9670,9666
9666,9670,9724
9663,9724,9670
9724,9659,9666
9659,9724,9660
9663,9660,9724
9659,9648,9667
9652,9667,9647
9647,9667,9648
9655,9658,9653
9653,9658,9652
9632,9645,9651
9651,9642,9632
9643,9642,9651
9649,9651,9645
9632,9642,9638
9638,9631,9632
9630,9619,9629
9621,9629,9619
9596,9613,9607
9597,9598,9604
9594,9586,9581
9586,9588,9581
9570,9568,9576
9575,9576,9568
9575,9725,9572
9568,9725,9575
9572,9725,9563
9563,9725,9568
9563,9566,9572
9568,9560,9563
9557,9558,9561
9550,9555,9726
9726,9555,9553
9546,9550,9726
9726,9727,9546
9727,9726,9552
9553,9552,9726
9546,9727,9545
9552,9549,9727
9545,9727,9549
9542,9541,9549
9549,9541,9545
9544,9545,9541
9544,9532,9531
9532,9544,9539
9541,9539,9544
9529,9535,9538
9538,9728,9529
9521,9728,9538
9521,9520,9728
9527,9728,9520
9527,9529,9728
9520,9528,9527
9729,9528,9520
9525,9528,9729
9520,9519,9729
9730,9729,9519
9729,9730,9525
9523,9730,9518
9525,9730,9523
9519,9518,9730
9524,9523,9517
9518,9517,9523
9524,9513,9509
9513,9524,9514
9517,9514,9524
9513,9512,9505
9505,9512,9506
9506,9512,9510
9505,9509,9513
9506,9510,9500
9500,9501,9506
9499,9731,9493
9731,9499,9498
9493,9731,9732
9731,9498,9495
9495,9732,9731
9492,9493,9732
9732,9733,9492
9494,9733,9732
9732,9495,9494
9492,9733,9734
9734,9733,9494
9734,9484,9492
9734,9486,9484
9486,9734,9488
9494,9488,9734
9490,9492,9484
9482,9485,9479
9479,9485,9481
9477,9482,9735
9735,9482,9479
9735,9476,9477
9735,9736,9476
9736,9735,9474
9479,9474,9735
9472,9737,9736
9476,9736,9737
9736,9473,9472
9736,9474,9473
9737,9469,9476
9469,9737,9738
9738,9737,9472
9738,9458,9469
9738,9739,9458
9472,9471,9738
9739,9738,9471
9458,9739,9462
9465,9462,9739
9739,9471,9465
9740,9741,9742
9742,9743,9740
9743,9742,9744
9744,9742,9741
9745,9744,9746
9744,9747,9746
9741,9748,9744
9749,9744,9750
9744,9749,9747
9744,9748,9751
9744,9752,9750
9753,9752,9744
9751,9754,9744
9744,9745,9743
9744,9754,9753
9750,9752,9755
9755,9756,9750
9749,9750,9756
9757,9756,9755
9757,9758,9756
9756,9759,9760
9759,9756,9758
9760,9761,9756
9756,9761,9749
9747,9749,9761
9761,9760,9762
9763,9761,9762
9761,9763,9747
9764,9765,9763
9763,9762,9764
9747,9763,9765
9766,9765,9767
9765,9766,9768
9769,9765,9764
9769,9767,9765
9765,9768,9747
9769,9770,9767
9766,9767,9770
9771,9770,9772
9770,9769,9772
9770,9773,9768
9770,9774,9773
9771,9774,9770
9770,9768,9766
9772,9775,9771
9776,9771,9775
9777,9774,9771
9776,9777,9771
9775,9778,9776
9774,9776,9768
9776,9774,9779
9776,9779,9768
9777,9776,9780
9780,9776,9778
9775,9779,9778
9780,9778,9779
9777,9780,9772
9775,9772,9780
9781,9775,9780
9780,9782,9781
9782,9780,9783
9783,9780,9779
9784,9783,9785
9786,9783,9784
9787,9783,9788
9783,9786,9788
9787,9782,9783
9785,9783,9789
9779,9789,9783
9790,9786,9791
9786,9790,9792
9793,9786,9792
9791,9786,9794
9786,9784,9794
9793,9788,9786
9792,9787,9793
9788,9793,9787
9795,9796,9793
9793,9797,9795
9793,9798,9797
9793,9799,9798
9793,9796,9799
9793,9800,9801
9801,9802,9793
9793,9802,9800
9803,9800,9802
9803,9801,9800
9802,9795,9803
9788,9801,9803
9788,9803,9795
9801,9795,9802
9795,9801,9788
9804,9799,9796
9804,9796,9805
9806,9805,9796
9806,9796,9795
9805,9806,9807
9807,9806,9808
9795,9808,9806
9808,9809,9807
9789,9809,9808
9808,9810,9789
9810,9808,9811
9811,9808,9795
9811,9812,9813
9811,9813,9810
9811,9814,9815
9811,9815,9816
9795,9814,9811
9816,9812,9811
9817,9816,9815
9812,9816,9817
9817,9818,9819
9817,9820,9818
9817,9815,9820
9817,9821,9812
9819,9821,9817
9819,9822,9821
9821,9822,9813
9821,9813,9812
9822,9819,9789
9810,9822,9789
9810,9813,9822
9794,9785,9819
9823,9794,9819
9818,9824,9819
9819,9824,9823
9789,9819,9785
9791,9794,9823
9823,9825,9791
9823,9826,9827
9823,9827,9825
9823,9828,9826
9828,9823,9824
9825,9829,9791
9829,9825,9830
9830,9825,9827
9830,9790,9829
9790,9830,9831
9830,9832,9831
9827,9832,9830
9832,9833,9831
9826,9833,9832
9832,9827,9826
9834,9835,9833
9831,9833,9835
9833,9828,9834
9828,9833,9826
9836,9835,9834
9834,9837,9836
9828,9837,9834
9837,9828,9838
9838,9839,9837
9837,9839,9840
9841,9836,9837
9840,9841,9837
9841,9840,9842
9843,9842,9840
9843,9840,9844
9844,9840,9845
9840,9839,9846
9846,9845,9840
9847,9848,9845
9845,9848,9849
9849,9850,9845
9845,9846,9851
9845,9851,9847
9850,9844,9845
9852,9850,9849
9850,9852,9853
9850,9853,9843
9843,9844,9850
9843,9853,9851
9851,9853,9852
9852,9854,9847
9849,9854,9852
9847,9851,9852
9855,9854,9849
9856,9847,9854
9856,9854,9855
9855,9857,9856
9857,9855,9858
9849,9858,9855
9857,9858,9859
9860,9859,9858
9858,9849,9848
9848,9860,9858
9860,9861,9862
9860,9862,9859
9860,9848,9847
9847,9856,9860
9861,9860,9856
9862,9861,9863
9863,9861,9856
9863,9864,9862
9864,9863,9856
9864,9865,9862
9866,9867,9864
9868,9864,9867
9864,9856,9866
9868,9865,9864
9865,9869,9862
9869,9865,9868
9870,9871,9869
9869,9872,9870
9869,9871,9873
9873,9874,9869
9862,9869,9874
9868,9872,9869
9870,9872,9875
9872,9876,9875
9877,9872,9868
9872,9877,9876
9876,9878,9879
9875,9876,9879
9878,9876,9877
9880,9881,9878
9881,9879,9878
9878,9882,9880
9878,9877,9882
9868,9882,9877
9868,9880,9882
9880,9839,9877
9839,9880,9846
9868,9881,9880
9883,9846,9880
9877,9884,9880
9883,9880,9884
9877,9885,9884
9886,9884,9885
9884,9886,9883
9887,9842,9886
9886,9842,9846
9886,9885,9888
9887,9886,9889
9888,9889,9886
9846,9883,9886
9889,9890,9887
9889,9891,9890
9891,9889,9888
9891,9892,9893
9891,9888,9892
9894,9890,9891
9894,9891,9895
9893,9895,9891
9896,9805,9893
9895,9893,9805
9893,9897,9896
9892,9897,9893
9897,9824,9820
9897,9892,9824
9898,9896,9897
9820,9898,9897
9898,9820,9815
9815,9896,9898
9899,9900,9896
9896,9815,9899
9805,9896,9900
9790,9804,9900
9829,9790,9900
9829,9900,9899
9805,9900,9804
9815,9814,9899
9899,9814,9790
9790,9901,9899
9899,9901,9829
9901,9790,9791
9791,9829,9901
9902,9894,9903
9903,9894,9904
9904,9894,9895
9831,9835,9894
9835,9890,9894
9894,9902,9805
9805,9831,9894
9905,9906,9902
9907,9902,9906
9895,9805,9902
9895,9902,9904
9902,9907,9905
9903,9904,9902
9908,9907,9909
9910,9909,9907
9907,9759,9910
9907,9760,9759
9911,9760,9907
9907,9912,9911
9913,9912,9907
9903,9913,9907
9907,9906,9903
9907,9914,9905
9907,9908,9914
9909,9915,9908
9916,9914,9908
9908,9915,9916
9875,9916,9915
9917,9875,9915
9918,9919,9915
9915,9909,9918
9915,9919,9917
9745,9746,9917
9917,9746,9920
9875,9917,9920
9917,9921,9745
9917,9919,9921
9922,9923,9921
9923,9924,9921
9925,9740,9921
9921,9926,9925
9922,9921,9918
9918,9921,9919
9740,9745,9921
9924,9926,9921
9926,9924,9751
9754,9751,9924
9924,9753,9754
9924,9923,9753
9925,9926,9751
9923,9922,9927
9928,9927,9922
9918,9929,9922
9929,9928,9922
9929,9930,9928
9757,9928,9930
9928,9757,9755
9928,9755,9927
9929,9918,9930
9918,9909,9930
9909,9910,9930
9758,9930,9759
9759,9930,9910
9758,9757,9930
9753,9923,9927
9927,9755,9752
9752,9753,9927
9740,9925,9741
9748,9741,9925
9925,9751,9748
9931,9932,9920
9920,9932,9933
9934,9920,9933
9875,9920,9935
9920,9934,9935
9746,9931,9920
9931,9936,9932
9936,9931,9937
9937,9931,9938
9747,9938,9931
9746,9747,9931
9939,9937,9938
9938,9940,9939
9768,9940,9938
9747,9768,9938
9941,9939,9940
9942,9940,9943
9940,9942,9944
9940,9944,9941
9940,9769,9943
9940,9772,9769
9777,9772,9940
9940,9774,9777
9940,9773,9774
9940,9768,9773
9943,9945,9760
9946,9943,9760
9769,9947,9943
9943,9947,9948
9943,9948,9945
9942,9943,9946
9760,9911,9946
9946,9911,9939
9946,9939,9941
9946,9944,9942
9946,9941,9944
9764,9948,9947
9764,9945,9948
9764,9760,9945
9949,9950,9945
9945,9951,9949
9951,9945,9950
9947,9952,9945
9949,9952,9950
9782,9952,9949
9951,9950,9952
9952,9787,9951
9952,9782,9787
9949,9951,9807
9787,9807,9951
9809,9949,9807
9782,9949,9953
9954,9953,9949
9949,9809,9954
9779,9954,9809
9953,9954,9779
9781,9953,9955
9953,9781,9782
9779,9955,9953
9775,9781,9955
9955,9779,9775
9764,9947,9769
9941,9956,9757
9757,9942,9941
9941,9758,9956
9942,9758,9941
9942,9757,9956
9942,9956,9758
9911,9937,9939
9957,9936,9937
9937,9958,9957
9959,9937,9911
9937,9959,9958
9957,9958,9960
9958,9959,9961
9961,9960,9958
9960,9962,9957
9962,9960,9912
9960,9961,9912
9963,9962,9910
9909,9962,9963
9962,9909,9964
9962,9964,9910
9957,9962,9965
9966,9965,9962
9912,9966,9962
9936,9966,9967
9966,9936,9963
9966,9963,9965
9967,9966,9968
9912,9968,9966
9968,9912,9913
9913,9969,9968
9968,9969,9933
9933,9970,9968
9968,9970,9967
9970,9933,9932
9967,9970,9932
9971,9969,9913
9934,9969,9971
9933,9969,9934
9903,9971,9913
9971,9972,9934
9972,9971,9973
9971,9871,9973
9903,9871,9971
9973,9870,9972
9973,9871,9870
9972,9870,9935
9934,9972,9935
9936,9967,9932
9957,9965,9963
9963,9964,9909
9963,9910,9964
9963,9936,9957
9912,9961,9911
9911,9961,9959
9875,9935,9870
9914,9916,9974
9974,9916,9875
9873,9974,9975
9875,9975,9974
9974,9905,9914
9871,9905,9974
9974,9873,9871
9975,9879,9874
9879,9975,9875
9874,9873,9975
9905,9903,9906
9871,9903,9905
9838,9824,9892
9892,9888,9838
9835,9887,9890
9885,9838,9888
9887,9835,9836
9887,9836,9841
9842,9887,9841
9885,9877,9839
9838,9885,9839
9879,9881,9976
9868,9976,9881
9976,9868,9879
9868,9874,9879
9874,9977,9862
9977,9874,9867
9868,9867,9874
9859,9862,9977
9867,9866,9977
9977,9866,9859
9857,9866,9856
9859,9866,9857
9851,9842,9843
9842,9851,9846
9824,9838,9828
9790,9831,9805
9824,9818,9820
9814,9978,9790
9978,9814,9797
9795,9797,9814
9978,9798,9799
9978,9797,9798
9799,9804,9978
9978,9804,9790
9789,9779,9809
9805,9807,9790
9807,9787,9792
9792,9790,9807
9784,9785,9794
9774,9768,9779
9764,9762,9760
9745,9740,9743
9979,9980,9981
9980,9982,9981
9983,9982,9980
9984,9980,9979
9980,9984,9983
9982,9983,9985
9984,9985,9983
9985,9986,9982
9984,9987,9985
9986,9985,9987
9986,9981,9982
9981,9986,9988
9988,9986,9989
9986,9987,9989
9989,9990,9991
9989,9987,9990
9988,9989,9991
9992,9984,9991
9991,9993,9992
9993,9991,9990
9988,9991,9984
9994,9992,9993
9995,9993,9990
9996,9993,9995
9993,9996,9997
9993,9997,9994
9992,9994,9998
9999,9998,9994
9999,9994,9997
10000,9998,9999
10001,9999,9997
9999,10001,10002
10002,10000,9999
9998,10000,10003
10000,10004,10003
10000,10002,10004
10003,10004,10005
10002,10006,10004
10005,10004,10006
10005,10007,10003
10006,10007,10005
10007,10008,10003
10007,10006,10009
10007,10009,10001
10007,10001,10008
9996,10008,9997
9996,10003,10008
10001,9997,10008
10006,10010,10009
10011,10009,10012
10001,10009,10011
10009,10010,10013
10013,10012,10009
10012,10013,10014
10012,10015,10011
10016,10015,10012
10016,10012,10014
10016,10014,10017
10015,10016,10017
10018,10017,10014
10017,10018,10015
10015,10018,10019
10010,10019,10018
10018,10013,10010
10013,10018,10014
10006,10019,10010
10019,10011,10015
10006,10002,10019
10019,10002,10011
10011,10002,10001
10003,9996,9998
9998,9996,9995
9998,9995,10020
9998,10020,9992
9987,10021,10020
9987,10020,9990
10021,9992,10020
9995,9990,10020
10021,9987,9984
9984,9992,10021
9981,9988,9979
9979,9988,9984
10022,10023,10024
10024,10025,10022
10026,10025,10024
10027,10024,10028
10028,10024,10023
10024,10027,10026
10026,10027,10029
10029,10027,10030
10028,10030,10027
10029,10031,10026
10022,10031,10029
10030,10032,10029
10029,10023,10022
10032,10023,10029
10023,10032,10028
10028,10032,10033
10032,10034,10033
10034,10032,10030
10034,10035,10036
10036,10033,10034
10037,10035,10034
10034,10038,10037
10030,10038,10034
10030,10028,10038
10033,10038,10028
10039,10038,10033
10038,10039,10037
10039,10036,10040
10033,10036,10039
10040,10041,10039
10039,10041,10042
10042,10037,10039
10042,10043,10035
10035,10037,10042
10044,10042,10041
10045,10043,10042
10042,10044,10045
10035,10043,10040
10046,10040,10043
10043,10045,10046
10041,10040,10046
10046,10047,10041
10048,10047,10046
10046,10049,10048
10050,10049,10046
10046,10045,10050
10051,10052,10050
10049,10050,10052
10050,10045,10044
10050,10053,10051
10044,10053,10050
10053,10044,10047
10051,10053,10048
10047,10048,10053
10054,10051,10055
10048,10055,10051
10052,10051,10054
10055,10056,10054
10057,10058,10054
10054,10059,10057
10054,10058,10052
10059,10054,10056
10059,10060,10061
10061,10057,10059
10056,10062,10059
10060,10059,10062
10063,10062,10056
10064,10062,10063
10062,10064,10060
10063,10065,10064
10066,10064,10065
10064,10066,10067
10067,10060,10064
10068,10067,10066
10067,10069,10061
10061,10060,10067
10067,10068,10070
10070,10069,10067
10069,10071,10065
10071,10069,10070
10065,10061,10069
10065,10071,10066
10072,10066,10071
10071,10073,10072
10070,10073,10071
10072,10073,10074
10075,10074,10073
10073,10070,10075
10074,10075,10076
10076,10075,10077
10077,10075,10070
10077,10068,10072
10072,10078,10077
10079,10077,10078
10077,10079,10076
10070,10068,10077
10080,10079,10081
10078,10081,10079
10076,10079,10080
10081,10082,10080
10080,10083,10084
10083,10080,10082
10084,10085,10080
10080,10085,10076
10086,10082,10087
10087,10082,10081
10082,10086,10083
10086,10088,10089
10087,10088,10086
10089,10090,10086
10086,10090,10091
10091,10083,10086
10083,10091,10092
10092,10091,10093
10093,10091,10090
10093,10026,10031
10026,10093,10094
10093,10095,10092
10031,10095,10093
10090,10094,10093
10094,10025,10026
10025,10094,10096
10096,10094,10090
10096,10022,10025
10031,10022,10096
10095,10096,10089
10090,10089,10096
10096,10095,10031
10089,10092,10095
10092,10089,10088
10088,10084,10092
10092,10084,10083
10084,10088,10087
10085,10087,10097
10081,10097,10087
10087,10085,10084
10076,10097,10074
10078,10074,10097
10097,10081,10078
10097,10076,10085
10074,10078,10072
10066,10072,10068
10061,10065,10063
10057,10063,10058
10056,10058,10063
10063,10057,10061
10056,10055,10098
10098,10058,10056
10049,10098,10055
10098,10052,10058
10052,10098,10049
10055,10048,10049
10041,10047,10044
10040,10036,10035
10099,10100,10101
10101,10102,10099
10101,10103,10102
10103,10101,10100
10099,10103,10100
10102,10103,10104
10099,10105,10103
10106,10103,10105
10103,10107,10104
10103,10106,10107
10105,10108,10106
10109,10107,10106
10108,10109,10106
10110,10111,10109
10109,10108,10110
10109,10104,10107
10112,10104,10109
10113,10109,10111
10109,10113,10112
10112,10113,10114
10114,10115,10112
10115,10104,10112
10114,10116,10115
10117,10115,10116
10104,10115,10117
10118,10117,10119
10118,10104,10117
10120,10121,10117
10120,10117,10116
10119,10117,10122
10122,10117,10123
10123,10117,10121
10119,10124,10125
10124,10119,10126
10119,10127,10128
10122,10127,10119
10119,10125,10118
10126,10119,10129
10130,10119,10128
10119,10130,10129
10131,10118,10125
10131,10125,10124
10124,10132,10131
10131,10132,10133
10131,10134,10118
10131,10135,10134
10135,10131,10136
10136,10131,10137
10131,10133,10137
10136,10138,10139
10136,10140,10138
10136,10139,10141
10104,10135,10136
10136,10141,10104
10136,10137,10140
10111,10138,10140
10111,10140,10142
10140,10143,10142
10143,10140,10144
10144,10140,10137
10145,10144,10137
10143,10144,10145
10132,10146,10145
10145,10146,10143
10137,10133,10145
10145,10133,10132
10145,10147,10148
10148,10149,10145
10145,10149,10147
10150,10148,10147
10150,10147,10149
10143,10148,10150
10143,10150,10133
10149,10133,10150
10148,10133,10149
10133,10148,10143
10146,10132,10151
10152,10153,10146
10153,10143,10146
10151,10152,10146
10132,10154,10151
10151,10155,10152
10129,10151,10154
10151,10129,10155
10153,10152,10155
10155,10156,10153
10129,10156,10155
10156,10157,10153
10157,10156,10158
10159,10158,10156
10156,10160,10159
10130,10156,10129
10130,10160,10156
10156,10161,10162
10161,10156,10163
10156,10162,10163
10160,10163,10162
10160,10162,10161
10161,10163,10160
10164,10165,10160
10160,10166,10164
10160,10167,10168
10160,10168,10166
10160,10169,10167
10169,10160,10130
10159,10160,10165
10166,10170,10164
10166,10171,10170
10172,10166,10173
10166,10168,10173
10171,10166,10172
10174,10175,10172
10172,10176,10174
10172,10175,10176
10170,10172,10177
10172,10170,10171
10178,10179,10172
10173,10178,10172
10180,10181,10172
10172,10182,10180
10177,10172,10181
10183,10172,10179
10172,10183,10182
10184,10177,10181
10185,10177,10184
10164,10177,10185
10177,10164,10170
10184,10186,10185
10186,10187,10185
10188,10185,10189
10189,10185,10187
10164,10185,10188
10187,10113,10165
10190,10113,10187
10190,10187,10186
10165,10191,10187
10191,10189,10187
10191,10165,10188
10188,10189,10191
10113,10190,10116
10116,10190,10192
10192,10190,10193
10190,10123,10193
10194,10123,10190
10190,10186,10184
10195,10190,10184
10194,10190,10195
10195,10181,10180
10184,10181,10195
10196,10197,10195
10197,10198,10195
10198,10199,10195
10196,10195,10199
10195,10180,10194
10198,10181,10199
10196,10199,10181
10181,10200,10196
10197,10196,10201
10196,10200,10201
10202,10203,10201
10201,10203,10197
10202,10201,10204
10200,10204,10201
10204,10200,10181
10198,10204,10181
10203,10204,10198
10202,10204,10203
10198,10197,10203
10205,10194,10180
10194,10205,10122
10122,10123,10194
10194,10206,10207
10207,10208,10194
10208,10209,10194
10206,10194,10209
10206,10210,10211
10211,10207,10206
10206,10209,10180
10180,10210,10206
10210,10212,10213
10212,10210,10180
10213,10211,10210
10212,10211,10213
10211,10212,10208
10208,10212,10180
10208,10207,10211
10208,10180,10209
10182,10214,10205
10122,10205,10214
10180,10182,10205
10127,10122,10214
10214,10215,10127
10214,10182,10215
10127,10215,10216
10215,10182,10216
10216,10128,10127
10183,10216,10182
10128,10216,10183
10116,10192,10120
10193,10217,10192
10120,10192,10217
10121,10217,10193
10217,10121,10120
10193,10123,10121
10188,10165,10164
10178,10174,10179
10183,10179,10174
10174,10128,10183
10128,10174,10178
10218,10178,10173
10178,10219,10128
10218,10219,10178
10218,10168,10167
10173,10168,10218
10167,10169,10218
10219,10218,10169
10219,10169,10130
10219,10130,10128
10171,10176,10175
10174,10171,10175
10171,10174,10176
10158,10165,10113
10158,10159,10165
10158,10113,10220
10221,10157,10158
10158,10220,10221
10221,10222,10157
10222,10221,10220
10222,10223,10142
10142,10143,10222
10222,10143,10224
10222,10220,10223
10157,10222,10224
10224,10153,10157
10224,10143,10153
10142,10223,10113
10113,10223,10220
10154,10132,10124
10124,10126,10154
10129,10154,10126
10142,10113,10111
10102,10141,10139
10104,10141,10102
10225,10139,10138
10139,10099,10102
10139,10225,10099
10099,10225,10110
10110,10225,10226
10227,10225,10228
10228,10225,10138
10225,10227,10226
10226,10227,10110
10227,10228,10110
10110,10228,10111
10138,10111,10228
10134,10135,10104
10104,10118,10134
10229,10124,10118
10116,10114,10113
10105,10110,10108
10110,10105,10099
10230,10231,10232
10232,10233,10230
10233,10232,10234
10235,10234,10232
10232,10231,10236
10232,10237,10235
10236,10237,10232
10238,10237,10236
10236,10239,10238
10236,10231,10240
10240,10239,10236
10238,10239,10241
10241,10239,10240
10242,10241,10243
10240,10243,10241
10241,10244,10238
10241,10242,10245
10245,10244,10241
10244,10246,10247
10248,10246,10244
10244,10245,10248
10247,10238,10244
10247,10240,10231
10231,10230,10247
10238,10247,10230
10240,10247,10246
10248,10249,10243
10243,10246,10248
10249,10248,10250
10251,10250,10248
10248,10245,10251
10252,10250,10251
10253,10251,10254
10251,10253,10252
10251,10245,10242
10242,10254,10251
10252,10255,10256
10256,10257,10252
10258,10255,10252
10252,10257,10259
10259,10250,10252
10252,10253,10258
10258,10260,10261
10258,10261,10262
10258,10253,10263
10263,10260,10258
10262,10255,10258
10255,10262,10264
10265,10264,10262
10266,10265,10262
10262,10261,10266
10266,10267,10268
10266,10268,10269
10267,10266,10261
10269,10265,10266
10270,10271,10269
10272,10269,10271
10269,10272,10265
10269,10268,10270
10271,10270,10273
10273,10270,10274
10274,10270,10268
10274,10268,10272
10275,10274,10276
10274,10275,10273
10272,10276,10274
10276,10277,10275
10276,10271,10277
10271,10276,10272
10275,10277,10278
10279,10278,10277
10273,10277,10271
10279,10277,10273
10278,10279,10280
10280,10279,10281
10273,10281,10279
10275,10282,10281
10281,10282,10280
10281,10273,10275
10283,10282,10284
10280,10282,10283
10284,10282,10278
10278,10282,10275
10284,10285,10286
10286,10287,10284
10278,10285,10284
10284,10287,10283
10288,10289,10287
10287,10289,10290
10287,10286,10288
10290,10283,10287
10290,10289,10291
10283,10290,10292
10291,10292,10290
10293,10294,10291
10295,10291,10294
10291,10295,10288
10288,10292,10291
10291,10289,10293
10293,10289,10296
10297,10293,10298
10294,10293,10297
10296,10298,10293
10298,10299,10297
10300,10298,10296
10299,10298,10300
10301,10297,10299
10300,10302,10299
10303,10299,10302
10299,10303,10301
10297,10301,10304
10305,10304,10301
10301,10306,10305
10306,10301,10303
10306,10307,10308
10305,10306,10308
10307,10306,10309
10309,10306,10303
10308,10307,10310
10310,10307,10311
10309,10311,10307
10311,10312,10310
10312,10311,10313
10313,10311,10309
10314,10313,10308
10313,10314,10312
10309,10305,10313
10308,10313,10305
10315,10312,10314
10314,10316,10315
10308,10316,10314
10315,10316,10310
10310,10316,10308
10315,10235,10237
10237,10317,10315
10315,10317,10233
10310,10235,10315
10233,10312,10315
10317,10237,10230
10230,10233,10317
10234,10312,10233
10310,10312,10234
10234,10235,10310
10305,10309,10318
10303,10318,10309
10302,10318,10303
10294,10318,10302
10297,10318,10294
10318,10304,10305
10304,10318,10297
10302,10300,10294
10294,10300,10295
10296,10295,10300
10296,10289,10288
10288,10295,10296
10292,10288,10286
10286,10285,10292
10292,10285,10283
10283,10285,10280
10280,10285,10278
10267,10265,10272
10272,10268,10267
10267,10261,10264
10264,10265,10267
10264,10256,10255
10260,10256,10264
10264,10261,10260
10256,10260,10263
10263,10254,10259
10254,10263,10253
10259,10257,10263
10263,10257,10256
10250,10259,10249
10249,10259,10254
10254,10242,10249
10243,10249,10242
10246,10243,10240
10230,10237,10238
10319,10320,10321
10321,10322,10319
10323,10322,10321
10324,10321,10320
10321,10325,10323
10325,10321,10324
10324,10320,10326
10327,10328,10324
10324,10322,10327
10326,10322,10324
10324,10328,10325
10329,10330,10328
10330,10325,10328
10328,10327,10329
10331,10330,10329
10332,10329,10327
10329,10333,10331
10329,10332,10333
10332,10330,10334
10334,10333,10332
10332,10323,10325
10325,10330,10332
10327,10323,10332
10335,10333,10334
10334,10336,10335
10336,10334,10331
10330,10331,10334
10336,10337,10338
10335,10336,10338
10339,10336,10331
10337,10336,10339
10339,10335,10340
10335,10339,10333
10339,10340,10337
10331,10333,10339
10341,10340,10338
10338,10340,10335
10337,10340,10342
10341,10342,10340
10341,10343,10342
10343,10341,10344
10338,10344,10341
10344,10338,10337
10345,10346,10344
10344,10337,10345
10344,10346,10343
10347,10343,10346
10346,10348,10347
10349,10348,10346
10346,10345,10349
10349,10345,10342
10350,10351,10349
10348,10349,10351
10342,10352,10349
10349,10352,10350
10353,10350,10354
10347,10354,10350
10350,10352,10347
10350,10353,10355
10355,10351,10350
10355,10356,10357
10356,10355,10358
10357,10351,10355
10355,10353,10359
10359,10358,10355
10353,10360,10359
10361,10359,10360
10359,10361,10362
10362,10358,10359
10362,10363,10364
10364,10365,10362
10362,10361,10366
10362,10365,10367
10367,10358,10362
10366,10363,10362
10367,10365,10368
10368,10360,10367
10356,10367,10360
10358,10367,10356
10364,10369,10368
10368,10365,10364
10361,10368,10369
10360,10368,10361
10370,10369,10364
10369,10366,10361
10366,10369,10370
10370,10371,10372
10372,10373,10370
10374,10370,10373
10364,10371,10370
10370,10374,10366
10366,10374,10375
10376,10375,10374
10374,10373,10376
10377,10378,10376
10376,10378,10379
10379,10372,10376
10375,10376,10372
10376,10373,10377
10377,10380,10381
10381,10382,10377
10380,10377,10373
10378,10377,10382
10382,10381,10383
10384,10385,10382
10382,10385,10378
10382,10386,10384
10386,10382,10383
10385,10384,10387
10384,10388,10387
10389,10390,10384
10384,10386,10389
10388,10384,10390
10388,10391,10392
10392,10386,10388
10390,10391,10388
10388,10386,10383
10383,10387,10388
10393,10394,10391
10392,10391,10394
10391,10390,10393
10394,10393,10395
10395,10393,10396
10396,10393,10390
10326,10320,10395
10397,10395,10320
10395,10397,10394
10396,10398,10395
10395,10398,10326
10319,10399,10397
10397,10320,10319
10394,10397,10399
10399,10400,10394
10400,10399,10398
10326,10398,10399
10399,10319,10326
10394,10400,10392
10392,10400,10396
10398,10396,10400
10390,10389,10396
10396,10389,10392
10386,10392,10389
10387,10383,10381
10381,10385,10387
10379,10385,10381
10385,10379,10378
10381,10380,10379
10372,10379,10380
10380,10373,10372
10363,10375,10371
10372,10371,10375
10375,10363,10366
10371,10364,10363
10360,10353,10356
10354,10357,10356
10357,10354,10347
10347,10348,10357
10351,10357,10348
10356,10353,10354
10343,10347,10352
10352,10342,10343
10342,10345,10337
10322,10326,10319
10323,10327,10322
10401,10402,10403
10403,10404,10401
10404,10403,10405
10402,10406,10403
10407,10403,10406
10403,10407,10405
10408,10407,10406
10407,10409,10410
10407,10408,10409
10405,10407,10410
10411,10410,10412
10413,10412,10410
10410,10409,10413
10411,10414,10410
10410,10414,10415
10410,10415,10405
10416,10415,10417
10417,10415,10408
10408,10415,10418
10414,10418,10415
10405,10415,10404
10416,10404,10415
10419,10420,10416
10421,10416,10420
10421,10411,10416
10404,10416,10411
10417,10419,10416
10422,10420,10419
10419,10417,10423
10419,10424,10425
10419,10426,10424
10427,10422,10419
10428,10427,10419
10426,10419,10423
10419,10425,10428
10429,10430,10428
10431,10428,10430
10428,10431,10432
10428,10432,10427
10433,10429,10428
10433,10428,10434
10434,10428,10425
10435,10434,10436
10434,10435,10437
10434,10437,10433
10425,10436,10434
10425,10438,10436
10436,10438,10439
10436,10439,10440
10436,10440,10441
10441,10431,10436
10435,10436,10431
10442,10441,10440
10432,10431,10441
10441,10443,10432
10443,10441,10444
10445,10444,10441
10442,10445,10441
10446,10447,10445
10446,10445,10442
10445,10448,10444
10448,10445,10447
10430,10447,10446
10448,10447,10449
10449,10447,10450
10447,10451,10452
10452,10450,10447
10447,10430,10451
10450,10453,10454
10454,10455,10450
10449,10450,10444
10450,10455,10444
10452,10453,10450
10453,10412,10454
10411,10412,10453
10453,10452,10456
10453,10456,10411
10456,10452,10457
10411,10456,10458
10420,10458,10456
10420,10456,10459
10459,10456,10457
10457,10452,10422
10460,10457,10427
10457,10422,10427
10459,10457,10461
10457,10460,10462
10462,10461,10457
10429,10460,10430
10460,10451,10430
10427,10432,10460
10460,10429,10462
10451,10460,10432
10426,10461,10463
10463,10461,10462
10464,10459,10461
10461,10465,10464
10423,10465,10461
10461,10426,10423
10466,10464,10465
10467,10468,10465
10468,10469,10465
10465,10469,10466
10423,10467,10465
10469,10462,10470
10470,10471,10469
10472,10473,10469
10471,10472,10469
10469,10463,10462
10468,10463,10469
10466,10469,10473
10474,10473,10475
10473,10474,10466
10476,10473,10472
10477,10475,10473
10473,10478,10477
10476,10478,10473
10476,10479,10480
10480,10478,10476
10481,10479,10476
10476,10482,10481
10483,10482,10476
10484,10476,10472
10484,10483,10476
10485,10483,10484
10483,10485,10486
10486,10487,10483
10471,10482,10483
10483,10487,10471
10488,10487,10486
10487,10489,10471
10489,10487,10488
10488,10417,10490
10467,10417,10488
10424,10467,10488
10488,10425,10424
10488,10475,10489
10490,10475,10488
10425,10488,10486
10491,10492,10490
10493,10491,10490
10494,10490,10492
10490,10495,10493
10496,10490,10417
10496,10495,10490
10490,10494,10497
10498,10475,10490
10490,10497,10498
10499,10497,10494
10499,10500,10497
10497,10501,10477
10501,10497,10500
10477,10498,10497
10501,10500,10502
10500,10503,10502
10503,10500,10499
10502,10503,10504
10503,10505,10506
10505,10503,10499
10507,10503,10506
10507,10504,10503
10504,10508,10502
10508,10504,10479
10480,10479,10504
10504,10507,10480
10479,10481,10508
10481,10509,10508
10510,10508,10509
10508,10510,10502
10511,10502,10510
10510,10509,10512
10512,10439,10510
10510,10439,10511
10485,10502,10511
10438,10485,10511
10511,10439,10438
10439,10512,10513
10514,10513,10512
10481,10514,10512
10509,10481,10512
10514,10515,10513
10514,10442,10515
10514,10446,10442
10514,10481,10516
10446,10514,10437
10517,10437,10514
10516,10517,10514
10516,10485,10438
10516,10486,10485
10516,10438,10517
10482,10470,10516
10482,10516,10481
10470,10486,10516
10437,10517,10433
10518,10517,10425
10438,10425,10517
10517,10518,10433
10518,10470,10462
10486,10470,10518
10518,10425,10486
10462,10433,10518
10513,10515,10440
10440,10515,10442
10440,10439,10513
10480,10507,10506
10506,10505,10519
10519,10480,10506
10520,10519,10505
10520,10521,10519
10522,10480,10519
10519,10492,10522
10492,10519,10523
10523,10519,10521
10523,10524,10525
10524,10523,10526
10521,10526,10523
10523,10527,10492
10525,10527,10523
10493,10527,10525
10525,10528,10529
10529,10496,10525
10528,10525,10524
10530,10525,10496
10530,10493,10525
10531,10530,10496
10531,10466,10530
10466,10493,10530
10409,10418,10531
10531,10418,10466
10496,10532,10531
10531,10532,10406
10406,10528,10531
10528,10409,10531
10408,10406,10532
10532,10496,10408
10406,10529,10528
10409,10528,10533
10524,10533,10528
10533,10413,10409
10534,10413,10533
10535,10534,10533
10535,10533,10524
10534,10535,10536
10534,10536,10402
10413,10534,10402
10402,10536,10537
10536,10538,10537
10538,10536,10526
10535,10539,10536
10539,10526,10536
10524,10539,10535
10524,10526,10539
10540,10537,10538
10538,10494,10540
10538,10499,10494
10499,10538,10521
10526,10521,10538
10496,10529,10540
10537,10540,10529
10540,10494,10527
10496,10540,10495
10493,10495,10540
10527,10493,10540
10402,10537,10529
10402,10529,10406
10494,10492,10527
10499,10521,10520
10492,10491,10522
10522,10474,10498
10522,10491,10474
10498,10477,10522
10477,10478,10522
10480,10522,10478
10520,10505,10499
10502,10485,10501
10484,10501,10485
10484,10489,10501
10501,10489,10475
10475,10477,10501
10475,10498,10474
10408,10496,10417
10491,10493,10466
10466,10474,10491
10472,10489,10484
10472,10471,10489
10482,10471,10470
10468,10467,10424
10467,10423,10417
10466,10418,10464
10463,10468,10424
10421,10459,10464
10464,10418,10414
10464,10414,10411
10411,10421,10464
10424,10426,10463
10462,10429,10433
10541,10458,10422
10455,10458,10541
10458,10404,10411
10454,10404,10458
10458,10455,10454
10422,10458,10420
10422,10432,10541
10541,10432,10443
10443,10455,10541
10459,10421,10420
10455,10443,10444
10412,10401,10454
10454,10401,10404
10432,10452,10451
10452,10432,10422
10449,10444,10448
10437,10430,10446
10431,10430,10437
10435,10431,10437
10418,10409,10408
10412,10413,10401
10402,10401,10413
10542,10543,10544
10544,10545,10542
10545,10544,10546
10547,10546,10544
10544,10543,10548
10544,10549,10547
10548,10549,10544
10548,10543,10550
10550,10551,10548
10548,10551,10552
10553,10549,10548
10552,10554,10548
10548,10554,10553
10547,10549,10553
10553,10555,10547
10555,10553,10545
10542,10545,10553
10553,10554,10542
10546,10555,10545
10556,10555,10546
10555,10556,10557
10547,10555,10557
10557,10558,10547
10557,10559,10560
10559,10557,10556
10560,10558,10557
10560,10561,10558
10561,10560,10562
10560,10559,10563
10563,10562,10560
10559,10564,10563
10565,10563,10564
10562,10563,10565
10564,10566,10565
10567,10568,10565
10565,10569,10567
10565,10568,10562
10569,10565,10566
10569,10570,10571
10570,10569,10572
10571,10567,10569
10566,10572,10569
10573,10574,10572
10572,10566,10573
10572,10575,10570
10575,10572,10574
10571,10576,10574
10574,10576,10575
10574,10567,10571
10567,10574,10573
10577,10578,10576
10575,10576,10578
10576,10571,10577
10579,10577,10571
10580,10581,10577
10577,10581,10582
10577,10579,10580
10582,10578,10577
10583,10578,10582
10582,10584,10583
10584,10582,10585
10585,10582,10581
10585,10586,10584
10586,10585,10587
10588,10587,10585
10585,10589,10588
10581,10589,10585
10590,10588,10589
10589,10581,10580
10589,10591,10590
10580,10591,10589
10590,10591,10586
10586,10591,10580
10586,10592,10590
10593,10590,10592
10590,10593,10594
10594,10588,10590
10594,10595,10587
10587,10588,10594
10595,10594,10596
10597,10596,10594
10594,10593,10597
10597,10593,10598
10598,10599,10597
10597,10600,10601
10600,10597,10599
10601,10596,10597
10595,10596,10599
10599,10598,10595
10602,10603,10599
10599,10596,10602
10599,10603,10600
10603,10604,10605
10606,10604,10603
10605,10600,10603
10603,10602,10606
10607,10606,10602
10604,10606,10608
10609,10608,10606
10606,10607,10609
10609,10607,10605
10605,10607,10601
10602,10601,10607
10610,10611,10609
10608,10609,10611
10609,10612,10610
10605,10612,10609
10612,10605,10604
10608,10612,10604
10613,10612,10608
10612,10613,10610
10608,10614,10613
10615,10613,10614
10613,10615,10552
10552,10610,10613
10614,10550,10615
10615,10542,10554
10542,10615,10550
10554,10552,10615
10611,10614,10608
10551,10550,10614
10614,10611,10551
10551,10611,10610
10610,10552,10551
10601,10600,10605
10601,10602,10596
10598,10592,10587
10587,10595,10598
10592,10598,10593
10587,10592,10586
10580,10584,10586
10579,10583,10584
10584,10580,10579
10578,10583,10575
10575,10583,10579
10571,10570,10579
10579,10570,10575
10568,10573,10616
10616,10573,10566
10573,10568,10567
10562,10616,10561
10561,10616,10564
10566,10564,10616
10616,10562,10568
10564,10559,10561
10561,10559,10556
10556,10558,10561
10546,10547,10558
10546,10558,10556
10550,10543,10542
10617,10618,10619
10618,10620,10619
10618,10621,10620
10621,10618,10622
10623,10622,10618
10618,10617,10623
10624,10625,10622
10625,10626,10622
10627,10621,10622
10624,10622,10628
10628,10622,10629
10623,10629,10622
10622,10626,10627
10627,10626,10630
10626,10625,10630
10631,10632,10630
10627,10630,10632
10630,10633,10631
10633,10630,10625
10620,10634,10631
10631,10634,10635
10631,10633,10636
10636,10637,10631
10635,10632,10631
10638,10631,10639
10631,10638,10640
10631,10637,10639
10619,10631,10640
10631,10619,10620
10639,10637,10641
10641,10642,10639
10638,10639,10642
10643,10642,10641
10643,10644,10642
10642,10645,10646
10645,10642,10644
10646,10647,10642
10642,10647,10638
10648,10647,10649
10647,10648,10650
10647,10646,10649
10647,10650,10640
10640,10638,10647
10648,10649,10651
10651,10649,10646
10651,10652,10653
10651,10646,10652
10651,10654,10648
10655,10654,10651
10651,10653,10656
10651,10656,10655
10657,10656,10653
10655,10656,10657
10656,10652,10658
10656,10659,10652
10659,10656,10658
10660,10658,10661
10658,10662,10661
10659,10658,10652
10663,10664,10658
10662,10658,10664
10658,10665,10663
10665,10658,10666
10667,10666,10658
10667,10658,10668
10669,10668,10658
10670,10669,10658
10658,10671,10672
10658,10673,10671
10674,10673,10658
10658,10660,10675
10658,10672,10670
10658,10675,10674
10662,10676,10677
10662,10678,10676
10679,10662,10680
10662,10677,10680
10662,10681,10678
10664,10681,10662
10679,10682,10662
10682,10661,10662
10682,10679,10683
10684,10661,10682
10682,10685,10684
10683,10685,10682
10686,10683,10687
10686,10685,10683
10688,10683,10679
10688,10687,10683
10688,10689,10690
10688,10691,10689
10691,10688,10676
10692,10688,10690
10688,10692,10687
10679,10676,10688
10690,10693,10692
10694,10692,10695
10695,10692,10693
10687,10692,10696
10692,10694,10696
10694,10697,10698
10698,10696,10694
10697,10694,10699
10695,10699,10694
10697,10700,10698
10697,10699,10701
10702,10697,10701
10700,10697,10702
10700,10703,10704
10704,10705,10700
10702,10703,10700
10705,10706,10700
10698,10700,10706
10701,10705,10704
10705,10701,10699
10705,10699,10695
10695,10706,10705
10695,10707,10706
10706,10707,10698
10695,10693,10707
10707,10693,10698
10703,10708,10709
10709,10704,10703
10708,10703,10702
10708,10710,10711
10708,10711,10712
10708,10712,10709
10710,10708,10713
10702,10713,10708
10714,10715,10713
10716,10713,10715
10713,10702,10717
10716,10710,10713
10713,10717,10714
10714,10718,10715
10718,10714,10709
10704,10709,10714
10714,10717,10704
10712,10719,10718
10718,10709,10712
10718,10719,10715
10720,10719,10712
10721,10719,10720
10719,10721,10722
10722,10715,10719
10723,10724,10722
10723,10722,10721
10722,10724,10711
10716,10722,10711
10722,10716,10715
10724,10725,10711
10725,10724,10723
10711,10725,10726
10723,10727,10725
10725,10727,10728
10728,10729,10725
10725,10729,10730
10730,10726,10725
10726,10730,10731
10726,10720,10711
10720,10726,10721
10723,10726,10732
10723,10721,10726
10731,10732,10726
10730,10733,10731
10734,10731,10733
10732,10731,10734
10728,10727,10734
10734,10735,10728
10727,10732,10734
10623,10734,10736
10734,10623,10737
10734,10738,10736
10733,10738,10734
10734,10737,10735
10737,10739,10735
10739,10740,10735
10740,10728,10735
10741,10728,10740
10740,10742,10741
10742,10740,10739
10743,10742,10744
10742,10745,10744
10739,10745,10742
10742,10729,10741
10743,10729,10742
10743,10744,10746
10729,10743,10747
10746,10748,10743
10676,10680,10743
10680,10749,10743
10749,10676,10743
10747,10743,10748
10747,10748,10680
10746,10680,10748
10680,10746,10747
10733,10747,10750
10729,10747,10733
10746,10750,10747
10746,10751,10750
10738,10750,10751
10750,10738,10733
10752,10736,10751
10751,10746,10752
10751,10736,10738
10753,10752,10641
10628,10752,10753
10736,10752,10628
10752,10644,10643
10641,10752,10643
10644,10752,10754
10754,10752,10746
10755,10752,10756
10755,10757,10752
10757,10756,10752
10757,10754,10756
10755,10756,10754
10757,10755,10754
10758,10757,10759
10757,10760,10759
10760,10757,10761
10762,10763,10757
10763,10761,10757
10757,10758,10762
10762,10764,10763
10764,10762,10744
10744,10762,10746
10746,10762,10758
10763,10764,10765
10744,10745,10764
10764,10745,10766
10766,10765,10764
10765,10766,10767
10765,10760,10763
10760,10765,10767
10759,10760,10767
10767,10768,10759
10768,10767,10769
10769,10767,10737
10767,10766,10737
10617,10769,10737
10640,10650,10769
10650,10770,10769
10617,10640,10769
10770,10768,10769
10771,10772,10770
10768,10770,10772
10771,10770,10657
10770,10655,10657
10770,10773,10655
10774,10773,10770
10770,10775,10774
10770,10776,10775
10770,10650,10776
10777,10776,10650
10777,10775,10776
10778,10775,10777
10778,10777,10773
10779,10777,10650
10773,10777,10779
10779,10655,10773
10655,10779,10780
10781,10780,10779
10779,10650,10781
10781,10654,10780
10654,10781,10650
10655,10780,10654
10782,10774,10778
10774,10775,10778
10782,10778,10667
10778,10773,10783
10783,10667,10778
10774,10783,10773
10783,10784,10668
10785,10783,10668
10783,10782,10784
10774,10782,10783
10783,10785,10786
10667,10783,10786
10785,10787,10788
10785,10788,10786
10787,10785,10789
10668,10789,10785
10789,10790,10787
10789,10668,10669
10791,10790,10789
10789,10669,10791
10686,10790,10791
10791,10792,10686
10791,10669,10793
10791,10673,10792
10791,10794,10673
10793,10794,10791
10673,10794,10670
10670,10794,10795
10793,10795,10794
10670,10795,10669
10795,10793,10669
10685,10686,10792
10792,10684,10685
10673,10684,10792
10790,10686,10787
10796,10787,10797
10787,10798,10797
10798,10787,10686
10787,10796,10788
10799,10796,10800
10788,10796,10799
10801,10796,10802
10800,10796,10801
10796,10803,10802
10797,10803,10796
10804,10802,10803
10797,10805,10803
10803,10805,10804
10802,10804,10801
10801,10804,10678
10804,10805,10678
10806,10691,10805
10678,10805,10691
10805,10797,10806
10689,10691,10806
10806,10807,10689
10798,10807,10806
10798,10806,10797
10690,10689,10807
10693,10690,10807
10807,10798,10686
10686,10808,10807
10807,10808,10693
10686,10809,10808
10696,10808,10809
10693,10808,10696
10686,10687,10809
10810,10809,10732
10696,10809,10811
10687,10811,10809
10696,10811,10810
10687,10810,10811
10727,10810,10812
10727,10723,10810
10723,10812,10810
10696,10810,10687
10723,10732,10812
10727,10812,10732
10800,10813,10799
10813,10800,10801
10660,10800,10814
10660,10674,10800
10674,10814,10800
10681,10815,10813
10813,10801,10681
10813,10815,10816
10816,10799,10813
10674,10813,10814
10674,10660,10813
10660,10814,10813
10799,10816,10817
10818,10817,10816
10816,10815,10818
10818,10815,10681
10681,10664,10818
10817,10818,10664
10664,10819,10817
10817,10788,10799
10788,10817,10819
10819,10664,10663
10663,10820,10819
10819,10786,10788
10786,10819,10820
10820,10663,10665
10665,10786,10820
10670,10820,10821
10670,10671,10820
10671,10821,10820
10671,10663,10821
10670,10821,10663
10801,10678,10681
10665,10667,10786
10667,10784,10782
10667,10668,10784
10782,10650,10668
10782,10775,10650
10782,10668,10775
10668,10650,10775
10771,10644,10822
10771,10823,10644
10643,10823,10771
10771,10822,10643
10657,10824,10771
10772,10771,10824
10657,10823,10824
10772,10824,10823
10823,10822,10644
10823,10643,10822
10646,10758,10823
10823,10657,10646
10823,10758,10759
10759,10772,10823
10772,10759,10768
10739,10737,10766
10766,10745,10739
10758,10646,10746
10763,10755,10761
10760,10761,10755
10763,10760,10755
10746,10645,10754
10754,10645,10644
10825,10628,10753
10825,10753,10826
10826,10753,10641
10637,10636,10826
10636,10624,10826
10825,10826,10624
10637,10826,10641
10628,10825,10624
10680,10676,10749
10746,10646,10645
10741,10729,10728
10623,10617,10737
10628,10629,10736
10736,10629,10623
10733,10730,10729
10712,10711,10720
10704,10717,10701
10701,10717,10702
10711,10710,10716
10696,10698,10693
10678,10691,10676
10661,10684,10660
10684,10673,10674
10684,10675,10660
10684,10674,10675
10679,10677,10676
10679,10680,10677
10667,10659,10666
10665,10666,10659
10673,10672,10671
10673,10670,10672
10663,10671,10670
10659,10667,10665
10657,10652,10646
10657,10653,10652
10650,10648,10654
10640,10617,10619
10621,10635,10634
10621,10627,10635
10632,10635,10627
10625,10624,10636
10625,10636,10633
10634,10620,10621
10827,10828,10829
10829,10830,10827
10829,10831,10830
10828,10832,10829
10831,10829,10833
10829,10834,10835
10835,10836,10829
10829,10836,10837
10829,10832,10834
10829,10838,10833
10837,10838,10829
10839,10838,10837
10837,10840,10841
10840,10837,10842
10841,10843,10837
10842,10837,10836
10837,10844,10839
10837,10845,10844
10837,10843,10845
10834,10839,10844
10846,10839,10834
10839,10846,10838
10834,10832,10846
10846,10832,10828
10828,10847,10846
10846,10847,10833
10833,10838,10846
10827,10848,10847
10847,10828,10827
10833,10847,10848
10849,10848,10850
10850,10848,10830
10827,10830,10848
10848,10851,10833
10852,10851,10848
10848,10849,10852
10853,10852,10849
10849,10854,10853
10849,10850,10855
10854,10849,10856
10849,10855,10857
10849,10857,10858
10858,10856,10849
10859,10860,10858
10858,10857,10859
10861,10862,10858
10858,10860,10861
10858,10862,10856
10863,10860,10859
10861,10860,10863
10859,10854,10863
10856,10863,10854
10861,10863,10864
10865,10864,10863
10863,10856,10865
10866,10865,10862
10864,10865,10866
10865,10856,10862
10867,10868,10866
10866,10868,10869
10869,10864,10866
10866,10870,10867
10862,10870,10866
10871,10872,10867
10873,10867,10872
10867,10870,10871
10867,10873,10868
10874,10873,10875
10875,10873,10876
10872,10876,10873
10877,10868,10873
10873,10874,10877
10878,10879,10876
10876,10869,10878
10869,10876,10872
10876,10879,10875
10875,10879,10880
10878,10880,10879
10881,10880,10882
10882,10880,10878
10880,10881,10875
10874,10875,10881
10874,10881,10883
10882,10883,10881
10882,10884,10883
10874,10883,10885
10885,10883,10884
10884,10882,10886
10884,10887,10885
10887,10884,10886
10888,10889,10886
10886,10889,10887
10878,10886,10882
10874,10886,10878
10886,10874,10888
10889,10888,10890
10890,10888,10891
10885,10891,10888
10885,10888,10874
10892,10893,10891
10891,10894,10892
10894,10891,10885
10891,10893,10895
10895,10890,10891
10889,10892,10894
10894,10887,10889
10885,10887,10894
10896,10890,10895
10897,10898,10895
10895,10898,10899
10899,10896,10895
10895,10893,10897
10900,10901,10897
10902,10897,10901
10897,10893,10900
10897,10902,10898
10903,10904,10902
10902,10905,10903
10906,10902,10904
10898,10902,10906
10901,10905,10902
10899,10903,10905
10905,10901,10899
10906,10907,10908
10908,10909,10906
10904,10907,10906
10909,10910,10906
10906,10910,10898
10911,10910,10909
10910,10911,10899
10899,10898,10910
10912,10911,10913
10899,10911,10912
10909,10913,10911
10914,10915,10913
10913,10915,10912
10914,10913,10916
10909,10916,10913
10917,10918,10916
10916,10918,10919
10919,10920,10916
10916,10920,10914
10916,10921,10917
10909,10921,10916
10917,10921,10922
10922,10921,10909
10914,10920,10922
10922,10923,10914
10909,10923,10922
10922,10924,10917
10919,10924,10922
10922,10920,10919
10924,10925,10926
10925,10924,10919
10926,10917,10924
10917,10926,10918
10927,10918,10926
10926,10928,10927
10926,10925,10929
10929,10928,10926
10930,10931,10929
10929,10925,10930
10932,10929,10931
10929,10932,10928
10932,10933,10934
10933,10932,10935
10934,10928,10932
10931,10935,10932
10935,10927,10936
10935,10931,10927
10936,10937,10935
10935,10937,10933
10937,10938,10939
10938,10937,10936
10939,10933,10937
10933,10939,10940
10938,10941,10939
10940,10939,10942
10942,10939,10941
10943,10944,10941
10941,10945,10943
10945,10941,10938
10941,10944,10942
10942,10944,10946
10943,10946,10944
10946,10947,10948
10947,10946,10943
10946,10948,10942
10949,10948,10947
10950,10942,10948
10951,10948,10949
10948,10951,10950
10952,10951,10949
10951,10952,10953
10943,10950,10951
10951,10953,10943
10954,10953,10952
10953,10954,10955
10943,10953,10947
10956,10947,10953
10955,10956,10953
10947,10956,10949
10956,10955,10957
10957,10949,10956
10958,10959,10957
10957,10955,10958
10949,10957,10952
10952,10957,10959
10960,10961,10959
10959,10962,10960
10962,10959,10963
10959,10961,10952
10963,10959,10958
10958,10964,10963
10965,10963,10964
10963,10965,10962
10962,10965,10966
10967,10966,10965
10964,10968,10965
10965,10968,10967
10967,10968,10969
10970,10967,10969
10966,10967,10970
10970,10969,10971
10971,10972,10970
10970,10972,10973
10970,10974,10966
10973,10974,10970
10962,10966,10974
10974,10973,10975
10975,10962,10974
10975,10973,10976
10977,10975,10976
10978,10975,10977
10962,10975,10971
10978,10971,10975
10979,10980,10976
10976,10981,10979
10981,10976,10973
10976,10980,10977
10980,10979,10982
10977,10980,10983
10982,10983,10980
10982,10979,10978
10978,10984,10982
10982,10984,10983
10985,10984,10978
10983,10984,10985
10986,10985,10987
10988,10987,10985
10985,10978,10988
10985,10986,10983
10986,10989,10990
10987,10989,10986
10990,10983,10986
10991,10990,10992
10993,10990,10991
10983,10990,10994
10994,10990,10995
10990,10989,10996
10990,10996,10992
10997,10995,10990
10990,10993,10997
10997,10998,10999
10999,10995,10997
10997,11000,10998
11000,10997,10993
11001,10998,11000
11001,11000,11002
11002,11000,10993
10998,11001,10992
10992,11001,10991
11001,11003,11004
11002,11003,11001
11005,10991,11001
11004,11005,11001
10991,11005,10993
10993,11005,11004
11004,11006,10993
11004,11007,11006
11004,11003,11008
11007,11004,11009
11008,11009,11004
11010,11011,11008
11008,11012,11010
11012,11008,11003
11013,11008,11011
11014,11009,11008
11008,11013,11014
11013,11015,11016
11013,11017,11015
11013,11018,11019
11018,11013,11020
11013,11011,11017
11013,11016,11021
11021,11020,11013
11019,11022,11013
11014,11013,11022
11007,11022,11023
11022,11024,11023
11022,11007,11014
11025,11024,11022
11025,11022,11019
11015,11024,11025
11019,11026,11025
11016,11025,11026
11025,11016,11015
11027,11026,11019
11021,11026,11027
11026,11021,11016
11027,11028,11029
11019,11028,11027
11027,11029,11021
11030,11031,11029
11029,11028,11030
11021,11029,11020
11029,11031,11032
11032,11033,11029
11033,11020,11029
11018,11033,11032
11020,11033,11018
11032,11034,11035
11034,11032,11036
11037,11036,11032
11032,11035,11018
11032,11031,11037
11038,11039,11037
11037,11040,11038
11040,11037,11031
11041,11037,11039
11036,11037,11041
11018,11035,11040
11040,11030,11018
11031,11030,11040
11038,11040,11035
11042,11043,11041
11039,11042,11041
11041,11043,11044
11041,11045,11036
11041,11044,11046
11046,11047,11041
11047,11045,11041
11047,11048,11049
11047,11049,11050
11045,11047,11050
11047,11051,11052
11052,11048,11047
11047,11046,11051
11053,11049,11048
11054,11055,11048
11048,11055,11053
11048,11052,11054
11056,11054,11052
11057,11058,11054
11054,11056,11057
11054,11058,11059
11059,11055,11054
11059,11060,11061
11059,11061,11053
11059,11058,11062
11062,11060,11059
11053,11055,11059
11063,11064,11060
11060,11064,11065
11065,11061,11060
11060,11062,11063
11066,11067,11063
11063,11068,11066
11069,11068,11063
11069,11063,11062
11063,11067,11070
11070,11064,11063
11064,11070,11071
11072,11071,11070
11067,11073,11070
11070,11073,11074
11075,11070,11074
11070,11075,11072
11072,11076,11077
11077,11078,11072
11072,11078,11079
11079,11071,11072
11076,11072,11075
11076,11080,11077
11081,11080,11076
11076,11082,11081
11083,11082,11076
11075,11084,11076
11076,11084,11083
11084,11075,11085
11083,11084,11086
11085,11086,11084
11077,11086,11085
11085,11078,11077
11074,11085,11075
11078,11085,11074
11080,11087,11086
11086,11077,11080
11086,11087,11083
11080,11081,11087
11087,11081,11088
11088,10840,11087
11083,11087,10840
11088,11081,11082
11082,11089,11088
10840,11088,11089
11089,11090,10841
11090,11089,11082
11089,10841,10840
10841,11090,11091
11092,11091,11090
11090,11082,11092
11091,11092,10836
11092,11082,11093
11093,10842,11092
10836,11092,10842
10840,11093,11083
10842,11093,10840
11083,11093,11082
11091,10843,10841
10843,11091,11094
10836,11094,11091
10835,11094,10836
11094,10835,10844
11094,10845,10843
11094,10844,10845
11079,11095,11071
11073,11095,11079
11079,11074,11073
11074,11079,11078
11071,11095,11066
11067,11066,11095
11095,11073,11067
11065,11071,11066
11071,11065,11064
11058,11057,11069
11069,11057,11061
11069,11061,11065
11065,11068,11069
11069,11062,11058
11066,11068,11065
11053,11061,11057
11057,11056,11053
11049,11053,11056
11056,11096,11049
11052,11096,11056
11049,11096,11097
11097,11096,11052
11097,11050,11049
11097,11098,11050
11097,11051,11046
11097,11052,11051
11046,11098,11097
11044,11099,11098
11098,11099,11034
11034,11050,11098
11098,11046,11044
11100,11034,11099
11099,11101,11100
11043,11101,11099
11099,11044,11043
11100,11101,11102
11042,11102,11101
11101,11043,11042
11102,11038,11100
11039,11038,11102
11102,11042,11039
11035,11034,11100
11100,11038,11035
11050,11034,11045
11036,11045,11034
11018,11030,11028
11028,11019,11018
11023,11024,11015
11023,11103,11007
11017,11103,11023
11023,11015,11017
11007,11103,11010
11011,11010,11103
11103,11017,11011
11009,11014,11007
11010,11012,11006
11006,11012,11002
11003,11002,11012
11010,11006,11007
10993,11006,11002
10992,10999,10998
10999,11104,10995
10996,11104,10999
10999,10992,10996
10989,10987,11104
10995,11104,10987
11104,10996,10989
10987,10988,10995
10995,10988,10994
10994,11105,10983
11105,10994,10988
10988,10977,11105
10983,11105,10977
10977,10988,10978
10979,10981,10971
10981,10972,10971
10973,10972,10981
10971,10978,10979
10962,10971,10969
10962,10969,11106
11106,10969,10968
10968,10964,11106
11106,10964,10958
10958,10954,11106
10960,11106,10954
11106,10960,10962
10954,10961,10960
10952,10961,10954
10958,10955,10954
10942,10950,10940
10945,10940,10950
10950,10943,10945
10936,10945,10938
10940,10945,10936
10940,10934,10933
10936,10934,10940
10934,10936,10927
10927,10928,10934
10927,10931,10930
10930,10918,10927
10930,10919,10918
10919,10930,10925
10915,10914,10923
10923,11107,10915
10909,11107,10923
10909,10908,11107
11108,11107,10908
11108,10915,11107
11108,11109,10912
10912,10915,11108
10908,11109,11108
11109,11110,10912
11110,11109,10908
10912,11110,11111
11111,11110,10907
10908,10907,11110
10903,11111,10904
11111,10903,10899
10912,11111,10899
10907,10904,11111
10901,10900,10896
10896,10900,10892
10892,10900,10893
10896,10899,10901
10892,10889,10896
10890,10896,10889
10877,10878,10869
10878,10877,10874
10869,10868,10877
10872,10871,10864
10864,10871,10861
10861,10871,10870
10864,10869,10872
10861,10870,10862
10859,11112,10854
11112,10859,10857
10853,10854,11112
11112,11113,10853
10850,11113,11112
11112,10855,10850
11112,10857,10855
10830,11113,10850
10853,11113,10830
10830,10831,10853
10852,10853,10831
10831,10851,10852
10833,10851,10831
10844,10835,10834
11114,11115,11116
11114,11117,11115
11117,11114,11118
11114,11119,11120
11119,11114,11116
11114,11120,11118
11121,11120,11119
11118,11120,11122
11122,11120,11123
11120,11121,11123
11122,11123,11124
11123,11121,11125
11124,11123,11125
11121,11126,11125
11125,11127,11124
11128,11125,11126
11125,11128,11127
11127,11128,11129
11126,11130,11128
11130,11131,11128
11128,11131,11132
11132,11129,11128
11132,11133,11129
11131,11133,11132
11129,11133,11134
11135,11133,11131
11135,11136,11133
11134,11133,11136
11134,11137,11129
11138,11134,11135
11136,11135,11134
11137,11134,11139
11134,11138,11139
11131,11138,11135
11140,11138,11131
11140,11141,11138
11139,11138,11141
11127,11129,11141
11142,11127,11141
11141,11140,11142
11141,11129,11137
11137,11139,11141
11143,11127,11142
11140,11130,11142
11130,11126,11142
11142,11144,11143
11142,11126,11144
11145,11124,11143
11143,11146,11145
11144,11146,11143
11127,11143,11124
11119,11146,11121
11146,11119,11147
11147,11148,11146
11148,11117,11146
11146,11117,11145
11144,11121,11146
11148,11116,11149
11116,11148,11147
11150,11148,11151
11148,11150,11117
11151,11148,11149
11151,11149,11152
11151,11152,11150
11149,11116,11152
11150,11152,11116
11150,11116,11115
11117,11150,11115
11116,11147,11119
11122,11124,11145
11117,11122,11145
11126,11121,11144
11130,11140,11131
11118,11122,11117
11153,11154,11155
11155,11156,11153
11156,11155,11157
11158,11157,11155
11159,11155,11154
11155,11159,11158
11160,11159,11161
11159,11160,11162
11162,11158,11159
11154,11161,11159
11160,11161,11153
11153,11161,11163
11164,11161,11154
11161,11164,11163
11165,11166,11164
11164,11166,11167
11167,11163,11164
11164,11168,11165
11154,11168,11164
11169,11163,11167
11167,11170,11169
11171,11167,11166
11170,11167,11171
11170,11165,11168
11165,11170,11172
11171,11172,11170
11168,11169,11170
11172,11173,11165
11173,11172,11174
11174,11172,11171
11174,11175,11173
11175,11174,11176
11177,11176,11174
11174,11178,11177
11171,11178,11174
11179,11178,11173
11173,11178,11166
11177,11178,11179
11166,11178,11171
11173,11175,11179
11179,11180,11177
11181,11180,11179
11179,11175,11181
11176,11181,11175
11181,11176,11182
11181,11183,11184
11182,11183,11181
11184,11180,11181
11185,11186,11184
11180,11184,11186
11187,11184,11183
11184,11187,11185
11188,11185,11187
11189,11185,11188
11186,11185,11189
11188,11190,11189
11191,11189,11190
11189,11191,11183
11183,11182,11189
11189,11182,11186
11187,11191,11192
11190,11192,11191
11183,11191,11187
11193,11192,11194
11195,11194,11192
11192,11190,11195
11192,11193,11187
11196,11188,11193
11193,11197,11196
11194,11197,11193
11187,11193,11188
11198,11197,11194
11196,11197,11199
11199,11197,11200
11200,11197,11198
11194,11201,11198
11198,11201,11202
11202,11203,11198
11198,11203,11200
11204,11203,11202
11200,11203,11205
11205,11203,11206
11206,11203,11204
11204,11207,11208
11208,11209,11204
11204,11209,11206
11202,11207,11204
11210,11208,11207
11207,11205,11210
11205,11207,11200
11200,11207,11199
11199,11207,11202
11211,11212,11210
11208,11210,11212
11206,11210,11205
11210,11206,11211
11212,11211,11213
11214,11213,11211
11215,11211,11206
11211,11215,11214
11216,11213,11214
11214,11217,11216
11218,11214,11215
11217,11214,11218
11219,11220,11218
11218,11221,11219
11221,11218,11222
11215,11222,11218
11218,11220,11217
11220,11223,11224
11225,11223,11220
11220,11219,11225
11224,11217,11220
11226,11227,11224
11217,11224,11227
11228,11224,11223
11224,11228,11226
11226,11229,11225
11229,11226,11230
11230,11226,11228
11225,11227,11226
11230,11231,11229
11232,11231,11230
11230,11233,11232
11233,11230,11234
11228,11234,11230
11235,11236,11234
11234,11236,11233
11237,11231,11234
11234,11228,11237
11234,11231,11235
11235,11238,11239
11240,11238,11235
11235,11232,11240
11232,11235,11231
11239,11236,11235
11241,11239,11238
11236,11239,11242
11242,11239,11241
11238,11243,11241
11241,11243,11157
11157,11158,11241
11244,11241,11158
11241,11244,11242
11245,11243,11238
11243,11245,11246
11246,11157,11243
11160,11156,11246
11157,11246,11156
11162,11246,11245
11246,11162,11160
11238,11240,11245
11245,11240,11242
11245,11244,11162
11242,11244,11245
11158,11162,11244
11233,11242,11240
11242,11233,11236
11240,11232,11233
11237,11229,11231
11229,11237,11223
11223,11237,11228
11223,11225,11229
11227,11216,11217
11216,11227,11225
11225,11219,11216
11222,11212,11221
11212,11222,11208
11209,11208,11222
11222,11215,11209
11219,11221,11213
11213,11221,11212
11213,11216,11219
11206,11209,11215
11202,11201,11199
11199,11201,11194
11194,11195,11199
11199,11195,11196
11190,11188,11196
11196,11195,11190
11186,11182,11176
11176,11177,11186
11186,11177,11180
11166,11165,11173
11169,11168,11154
11154,11153,11169
11163,11169,11153
11153,11156,11160
11247,11248,11249
11249,11250,11247
11249,11251,11250
11252,11251,11249
11249,11248,11253
11253,11254,11249
11254,11252,11249
11254,11253,11255
11254,11256,11252
11256,11254,11257
11254,11255,11258
11254,11258,11257
11258,11255,11259
11260,11258,11261
11259,11261,11258
11257,11258,11262
11260,11262,11258
11263,11252,11259
11256,11259,11252
11259,11255,11263
11261,11259,11256
11263,11253,11248
11263,11248,11251
11252,11263,11251
11253,11263,11255
11262,11264,11257
11262,11260,11264
11264,11261,11257
11264,11265,11261
11264,11260,11265
11265,11260,11261
11257,11261,11256
11248,11247,11250
11250,11251,11248
11266,11267,11268
11268,11269,11266
11269,11268,11270
11271,11268,11267
11270,11268,11272
11273,11272,11268
11273,11268,11274
11271,11274,11268
11275,11274,11271
11271,11276,11275
11271,11277,11276
11267,11277,11271
11277,11278,11279
11277,11279,11276
11277,11280,11278
11280,11277,11267
11273,11280,11281
11281,11280,11282
11280,11274,11275
11275,11278,11280
11283,11280,11267
11284,11280,11283
11273,11274,11280
11280,11284,11282
11285,11282,11286
11282,11287,11286
11287,11282,11288
11282,11285,11281
11282,11289,11288
11284,11289,11282
11290,11288,11289
11289,11291,11292
11291,11289,11293
11290,11289,11294
11289,11295,11293
11295,11289,11284
11296,11294,11289
11289,11292,11296
11281,11294,11297
11285,11294,11281
11297,11294,11298
11285,11290,11294
11299,11300,11294
11294,11301,11299
11302,11301,11294
11294,11300,11298
11296,11302,11294
11303,11304,11298
11305,11298,11304
11298,11305,11306
11303,11298,11300
11298,11306,11307
11307,11297,11298
11307,11308,11309
11307,11309,11310
11310,11297,11307
11307,11306,11311
11308,11307,11311
11312,11311,11313
11314,11311,11312
11315,11316,11311
11311,11316,11317
11314,11315,11311
11311,11306,11313
11317,11308,11311
11312,11318,11314
11315,11314,11285
11290,11314,11287
11287,11314,11318
11290,11285,11314
11318,11312,11319
11318,11320,11321
11318,11322,11320
11318,11323,11287
11324,11323,11318
11318,11319,11322
11293,11324,11318
11321,11293,11318
11321,11325,11291
11293,11321,11291
11325,11321,11326
11321,11320,11326
11325,11326,11324
11327,11326,11320
11328,11324,11326
11327,11328,11326
11329,11327,11330
11331,11330,11327
11327,11332,11331
11320,11332,11327
11328,11327,11329
11333,11328,11329
11329,11334,11333
11334,11329,11330
11334,11335,11336
11334,11330,11335
11334,11336,11337
11338,11334,11337
11334,11338,11279
11279,11333,11334
11338,11339,11340
11339,11338,11341
11338,11342,11341
11338,11337,11342
11276,11279,11338
11340,11276,11338
11343,11340,11339
11275,11276,11340
11343,11344,11340
11340,11344,11316
11316,11275,11340
11316,11344,11345
11345,11344,11273
11344,11343,11273
11273,11346,11345
11316,11345,11347
11348,11347,11345
11346,11348,11345
11348,11272,11343
11349,11348,11343
11272,11348,11270
11348,11346,11270
11347,11348,11349
11350,11349,11343
11347,11349,11351
11352,11351,11349
11349,11350,11352
11308,11352,11353
11353,11352,11354
11355,11354,11352
11352,11356,11355
11357,11356,11352
11352,11350,11357
11352,11308,11351
11356,11358,11359
11358,11356,11357
11359,11355,11356
11360,11359,11303
11361,11303,11359
11354,11359,11360
11359,11358,11361
11354,11355,11359
11310,11303,11361
11358,11362,11361
11363,11361,11362
11361,11297,11310
11297,11361,11364
11363,11364,11361
11362,11365,11363
11363,11365,11351
11364,11363,11351
11362,11270,11365
11366,11365,11270
11365,11366,11347
11365,11347,11351
11366,11297,11364
11297,11366,11281
11366,11270,11346
11317,11366,11364
11317,11347,11366
11366,11346,11281
11364,11351,11317
11362,11358,11367
11367,11270,11362
11367,11358,11368
11368,11269,11367
11367,11269,11270
11357,11368,11358
11269,11368,11341
11357,11369,11368
11369,11370,11368
11370,11341,11368
11350,11339,11370
11339,11341,11370
11370,11369,11350
11350,11369,11357
11360,11371,11372
11303,11371,11360
11360,11372,11373
11373,11354,11360
11374,11373,11372
11375,11373,11374
11375,11353,11373
11353,11354,11373
11376,11375,11377
11375,11374,11377
11353,11375,11305
11378,11305,11375
11375,11376,11378
11376,11379,11380
11376,11380,11381
11376,11382,11383
11382,11376,11381
11376,11377,11379
11383,11378,11376
11384,11381,11385
11386,11385,11381
11387,11386,11381
11381,11380,11387
11384,11382,11381
11388,11384,11389
11389,11384,11385
11382,11384,11390
11384,11388,11390
11386,11387,11390
11387,11391,11390
11388,11319,11390
11391,11383,11390
11390,11383,11382
11390,11302,11386
11302,11390,11392
11390,11319,11392
11391,11392,11312
11302,11392,11391
11392,11319,11312
11387,11301,11391
11391,11393,11383
11391,11313,11393
11391,11301,11302
11313,11391,11312
11378,11393,11394
11378,11383,11393
11393,11299,11394
11299,11393,11313
11380,11371,11394
11394,11387,11380
11394,11299,11387
11371,11303,11394
11394,11303,11300
11378,11394,11300
11389,11395,11388
11396,11388,11395
11319,11388,11296
11396,11296,11388
11291,11396,11395
11396,11291,11397
11396,11397,11385
11386,11396,11385
11386,11296,11396
11398,11397,11291
11398,11399,11397
11385,11397,11389
11399,11400,11397
11400,11401,11397
11401,11389,11397
11400,11399,11331
11400,11332,11401
11332,11400,11331
11395,11389,11401
11320,11401,11332
11401,11320,11395
11399,11330,11331
11330,11399,11402
11403,11399,11398
11403,11402,11399
11330,11402,11404
11402,11403,11404
11336,11404,11405
11405,11404,11406
11404,11403,11406
11404,11335,11330
11336,11335,11404
11267,11406,11407
11405,11406,11267
11403,11325,11406
11284,11406,11325
11406,11284,11408
11333,11407,11406
11408,11328,11406
11406,11328,11333
11408,11324,11328
11324,11408,11323
11284,11283,11408
11283,11323,11408
11407,11283,11267
11333,11283,11407
11409,11405,11266
11266,11405,11267
11405,11409,11337
11405,11337,11336
11341,11409,11269
11269,11409,11266
11409,11341,11342
11409,11342,11337
11403,11291,11325
11291,11403,11398
11395,11292,11291
11320,11322,11395
11322,11292,11395
11387,11299,11301
11296,11386,11302
11379,11372,11380
11374,11372,11379
11379,11377,11374
11380,11372,11371
11305,11378,11306
11410,11378,11300
11410,11306,11378
11299,11313,11410
11410,11300,11299
11313,11306,11410
11353,11309,11308
11305,11309,11353
11343,11339,11350
11308,11317,11351
11281,11346,11273
11316,11347,11317
11272,11273,11343
11323,11333,11279
11283,11333,11323
11324,11295,11325
11284,11325,11295
11296,11322,11319
11322,11296,11292
11324,11293,11295
11316,11323,11279
11316,11287,11323
11315,11286,11316
11286,11315,11285
11279,11278,11316
11286,11287,11316
11316,11278,11275
11303,11310,11304
11304,11310,11309
11309,11305,11304
11287,11288,11290
11411,11412,11413
11413,11414,11411
11414,11413,11415
11415,11413,11416
11417,11418,11413
11413,11412,11417
11413,11419,11420
11419,11413,11418
11420,11416,11413
11416,11421,11415
11416,11420,11422
11422,11421,11416
11423,11422,11424
11424,11422,11425
11425,11422,11420
11426,11427,11422
11422,11427,11428
11429,11430,11422
11426,11422,11430
11422,11428,11421
11422,11423,11429
11431,11432,11425
11420,11431,11425
11433,11434,11425
11435,11425,11434
11425,11436,11437
11438,11425,11437
11439,11436,11425
11425,11435,11424
11425,11432,11439
11440,11425,11438
11441,11442,11425
11425,11440,11441
11443,11425,11442
11425,11443,11433
11443,11444,11445
11445,11433,11443
11446,11444,11443
11442,11446,11443
11447,11445,11444
11444,11448,11449
11449,11450,11444
11444,11451,11447
11444,11450,11451
11452,11448,11444
11444,11446,11452
11424,11435,11450
11424,11450,11453
11453,11450,11449
11454,11450,11435
11450,11454,11455
11456,11450,11455
11450,11456,11451
11457,11456,11458
11458,11456,11459
11455,11459,11456
11460,11451,11456
11456,11445,11460
11456,11457,11445
11461,11457,11434
11462,11434,11457
11445,11457,11461
11457,11463,11462
11464,11463,11457
11457,11458,11464
11465,11464,11466
11464,11465,11463
11458,11466,11464
11454,11467,11466
11466,11467,11468
11466,11458,11454
11465,11466,11469
11468,11469,11466
11468,11470,11471
11471,11453,11468
11468,11467,11470
11469,11468,11453
11471,11470,11472
11467,11472,11470
11424,11472,11473
11472,11424,11471
11473,11472,11454
11467,11454,11472
11474,11475,11473
11473,11476,11474
11477,11476,11473
11473,11478,11477
11434,11478,11473
11473,11435,11434
11454,11435,11473
11424,11473,11479
11479,11473,11475
11475,11480,11479
11481,11480,11475
11475,11482,11481
11483,11482,11475
11475,11474,11483
11484,11482,11483
11483,11485,11484
11485,11483,11474
11486,11484,11477
11477,11484,11485
11484,11486,11482
11477,11478,11486
11487,11488,11486
11486,11478,11487
11482,11486,11488
11488,11487,11489
11488,11490,11482
11489,11490,11488
11490,11491,11482
11491,11490,11489
11491,11492,11493
11489,11492,11491
11494,11491,11495
11493,11495,11491
11491,11494,11496
11491,11496,11497
11481,11482,11491
11498,11481,11491
11497,11499,11491
11491,11499,11498
11481,11498,11500
11500,11498,11499
11499,11501,11500
11502,11500,11501
11500,11480,11481
11480,11500,11502
11503,11502,11504
11504,11502,11505
11502,11501,11505
11502,11479,11480
11503,11479,11502
11506,11507,11503
11504,11506,11503
11479,11503,11507
11507,11424,11479
11424,11507,11508
11506,11508,11507
11508,11423,11424
11465,11508,11506
11465,11509,11508
11423,11508,11509
11510,11429,11509
11509,11511,11510
11469,11509,11465
11509,11469,11511
11423,11509,11429
11511,11512,11510
11513,11514,11511
11511,11453,11513
11453,11511,11469
11512,11511,11515
11515,11511,11514
11515,11514,11516
11516,11446,11515
11515,11446,11512
11517,11452,11516
11516,11452,11446
11516,11518,11517
11519,11518,11516
11516,11514,11519
11514,11520,11519
11452,11519,11520
11518,11519,11452
11517,11519,11521
11517,11522,11519
11522,11521,11519
11521,11523,11517
11521,11518,11523
11522,11518,11521
11522,11517,11523
11522,11523,11518
11452,11520,11522
11452,11522,11448
11514,11448,11522
11514,11522,11520
11518,11452,11517
11513,11449,11514
11448,11514,11449
11438,11510,11512
11438,11512,11440
11512,11442,11440
11446,11442,11512
11513,11524,11441
11441,11525,11513
11440,11513,11525
11513,11440,11524
11449,11513,11526
11453,11526,11513
11449,11526,11525
11453,11525,11526
11525,11441,11524
11525,11524,11440
11453,11449,11525
11510,11438,11430
11430,11429,11510
11463,11465,11506
11506,11504,11463
11505,11527,11504
11505,11501,11499
11496,11527,11505
11499,11497,11505
11505,11497,11496
11528,11527,11496
11527,11528,11504
11528,11529,11504
11530,11529,11528
11528,11494,11530
11496,11494,11528
11529,11530,11531
11531,11530,11494
11531,11532,11529
11533,11532,11531
11531,11534,11533
11494,11534,11531
11535,11533,11534
11534,11536,11535
11494,11536,11534
11535,11536,11537
11537,11536,11494
11537,11538,11535
11494,11495,11537
11537,11495,11493
11493,11538,11537
11462,11535,11538
11538,11493,11462
11533,11535,11462
11504,11532,11533
11533,11462,11504
11529,11532,11504
11463,11504,11462
11462,11493,11492
11492,11489,11462
11489,11487,11434
11434,11462,11489
11487,11478,11434
11485,11476,11477
11474,11476,11485
11453,11471,11424
11445,11461,11433
11539,11461,11434
11539,11433,11461
11539,11434,11433
11459,11540,11539
11539,11541,11459
11455,11541,11539
11455,11539,11540
11459,11433,11540
11455,11540,11433
11458,11459,11541
11541,11455,11454
11454,11458,11541
11445,11447,11460
11460,11542,11451
11460,11447,11543
11542,11460,11544
11460,11543,11544
11542,11543,11447
11542,11544,11543
11447,11545,11544
11447,11544,11546
11544,11547,11546
11547,11544,11545
11545,11546,11548
11447,11546,11545
11545,11548,11547
11549,11548,11546
11549,11547,11548
11542,11549,11546
11451,11550,11549
11447,11549,11550
11542,11547,11549
11451,11549,11447
11451,11542,11550
11447,11550,11542
11547,11542,11546
11433,11459,11455
11441,11440,11442
11432,11431,11551
11551,11552,11432
11439,11432,11552
11553,11554,11552
11552,11555,11553
11556,11555,11552
11552,11418,11557
11418,11552,11551
11558,11559,11552
11552,11560,11558
11554,11560,11552
11552,11561,11556
11557,11561,11552
11552,11559,11439
11439,11559,11558
11562,11561,11557
11563,11564,11557
11557,11418,11563
11557,11564,11562
11562,11564,11430
11430,11564,11563
11438,11565,11562
11562,11565,11556
11562,11430,11438
11556,11561,11562
11565,11566,11555
11555,11556,11565
11438,11566,11565
11555,11566,11567
11567,11566,11438
11567,11553,11555
11553,11567,11568
11438,11568,11567
11568,11437,11560
11560,11554,11568
11568,11554,11553
11437,11568,11438
11417,11569,11563
11563,11418,11417
11563,11569,11430
11412,11570,11569
11569,11417,11412
11430,11569,11570
11430,11570,11426
11426,11570,11412
11436,11558,11560
11560,11437,11436
11558,11436,11439
11419,11551,11431
11551,11419,11418
11431,11420,11419
11412,11411,11426
11414,11427,11426
11426,11411,11414
11415,11421,11428
11428,11571,11415
11428,11427,11414
11414,11571,11428
11415,11571,11414
11572,11573,11574
11574,11575,11572
11573,11575,11574
11576,11574,11577
11576,11578,11574
11579,11574,11578
11574,11579,11580
11580,11577,11574
11576,11577,11573
11580,11573,11577
11580,11581,11573
11579,11582,11580
11580,11582,11583
11580,11584,11581
11585,11584,11580
11585,11580,11586
11580,11587,11586
11588,11587,11580
11588,11580,11583
11589,11583,11582
11590,11591,11583
11592,11583,11591
11583,11593,11594
11595,11593,11583
11583,11596,11590
11589,11595,11583
11597,11596,11583
11592,11588,11583
11594,11597,11583
11598,11597,11599
11597,11598,11596
11597,11594,11599
11598,11599,11594
11600,11601,11599
11602,11600,11599
11603,11599,11604
11602,11599,11603
11601,11604,11599
11605,11602,11606
11607,11606,11602
11608,11609,11602
11607,11602,11609
11605,11600,11602
11603,11610,11602
11602,11611,11612
11611,11602,11610
11602,11613,11608
11602,11612,11613
11614,11609,11608
11608,11615,11614
11615,11608,11613
11616,11614,11615
11615,11617,11616
11618,11617,11615
11615,11612,11618
11613,11612,11615
11616,11617,11618
11618,11619,11616
11611,11619,11618
11611,11618,11612
11620,11616,11619
11619,11611,11621
11621,11622,11619
11619,11622,11620
11622,11623,11620
11623,11624,11620
11620,11625,11626
11626,11627,11620
11628,11625,11620
11628,11620,11627
11616,11620,11629
11629,11620,11624
11629,11624,11625
11623,11625,11624
11630,11629,11631
11631,11629,11632
11629,11630,11633
11633,11634,11629
11614,11616,11629
11629,11634,11614
11632,11629,11625
11634,11635,11636
11635,11634,11584
11584,11634,11637
11609,11614,11634
11609,11634,11638
11634,11636,11638
11634,11633,11637
11639,11636,11635
11639,11638,11636
11640,11639,11591
11641,11591,11639
11639,11584,11585
11635,11584,11639
11639,11642,11641
11643,11642,11639
11639,11640,11644
11639,11609,11638
11644,11609,11639
11639,11585,11643
11644,11645,11646
11646,11647,11644
11644,11647,11590
11590,11609,11644
11644,11648,11649
11649,11650,11644
11645,11644,11651
11651,11644,11650
11648,11644,11652
11640,11652,11644
11646,11653,11647
11653,11654,11647
11654,11655,11647
11647,11655,11590
11655,11591,11590
11640,11591,11655
11655,11656,11657
11657,11640,11655
11656,11655,11654
11656,11650,11649
11656,11649,11658
11659,11650,11656
11660,11661,11656
11660,11656,11654
11659,11656,11661
11641,11656,11662
11641,11657,11656
11662,11656,11658
11591,11662,11663
11662,11658,11663
11662,11591,11641
11664,11643,11663
11643,11586,11663
11663,11658,11664
11663,11586,11591
11658,11665,11664
11666,11664,11665
11667,11643,11664
11664,11666,11667
11666,11668,11669
11669,11667,11666
11668,11666,11670
11666,11665,11670
11671,11670,11665
11668,11670,11672
11670,11673,11672
11674,11673,11670
11670,11671,11674
11672,11673,11675
11676,11675,11673
11677,11676,11673
11673,11678,11679
11679,11677,11673
11680,11678,11673
11674,11680,11673
11681,11682,11680
11682,11683,11680
11680,11683,11678
11684,11681,11680
11684,11680,11685
11685,11680,11674
11684,11682,11681
11684,11685,11686
11685,11687,11686
11687,11685,11674
11687,11688,11686
11689,11687,11690
11671,11690,11687
11674,11671,11687
11689,11688,11687
11669,11686,11688
11669,11688,11689
11667,11689,11690
11667,11669,11689
11690,11665,11658
11690,11671,11665
11690,11649,11648
11649,11690,11658
11690,11648,11667
11686,11691,11676
11686,11668,11691
11676,11684,11686
11669,11668,11686
11692,11676,11691
11693,11692,11691
11691,11668,11672
11672,11693,11691
11582,11693,11628
11632,11693,11582
11632,11692,11693
11693,11672,11675
11675,11694,11693
11625,11693,11694
11625,11628,11693
11692,11623,11694
11692,11694,11676
11676,11694,11675
11623,11626,11694
11694,11626,11625
11623,11692,11625
11632,11625,11692
11684,11676,11677
11682,11684,11677
11683,11682,11695
11696,11697,11683
11696,11683,11698
11695,11698,11683
11683,11697,11678
11699,11695,11682
11695,11699,11698
11682,11700,11699
11700,11701,11699
11699,11702,11698
11702,11699,11701
11701,11703,11704
11703,11701,11705
11705,11701,11700
11702,11701,11704
11706,11704,11703
11707,11702,11704
11707,11704,11708
11706,11708,11704
11706,11703,11696
11706,11696,11709
11708,11706,11709
11709,11696,11710
11709,11711,11708
11711,11709,11712
11710,11712,11709
11713,11712,11714
11711,11712,11713
11707,11714,11712
11712,11710,11707
11713,11714,11715
11714,11716,11717
11718,11714,11717
11715,11714,11718
11707,11716,11714
11708,11716,11707
11708,11719,11716
11717,11716,11719
11717,11719,11720
11719,11711,11720
11719,11708,11711
11720,11721,11717
11721,11720,11722
11722,11720,11711
11722,11711,11723
11722,11723,11724
11724,11596,11722
11721,11722,11596
11723,11725,11724
11718,11724,11725
11724,11718,11600
11600,11596,11724
11723,11726,11725
11718,11725,11715
11725,11726,11727
11727,11728,11725
11725,11728,11605
11725,11605,11715
11727,11596,11728
11728,11600,11605
11596,11600,11728
11727,11726,11729
11729,11606,11727
11596,11727,11606
11606,11729,11730
11653,11731,11729
11729,11654,11653
11729,11731,11732
11729,11732,11730
11726,11654,11729
11731,11733,11732
11734,11730,11732
11732,11733,11735
11735,11734,11732
11735,11736,11737
11735,11738,11736
11735,11733,11738
11734,11735,11739
11737,11739,11735
11740,11737,11736
11739,11737,11741
11742,11741,11737
11737,11740,11742
11736,11743,11740
11740,11744,11742
11744,11740,11745
11743,11745,11740
11736,11738,11743
11746,11743,11738
11747,11743,11746
11747,11748,11743
11743,11748,11749
11743,11749,11745
11744,11745,11749
11744,11749,11748
11748,11745,11750
11751,11748,11750
11752,11748,11753
11754,11753,11748
11747,11754,11748
11755,11744,11748
11748,11751,11745
11756,11748,11752
11757,11748,11758
11748,11756,11758
11757,11755,11748
11759,11755,11747
11744,11755,11759
11747,11755,11760
11761,11760,11755
11757,11761,11755
11761,11762,11763
11757,11762,11761
11764,11761,11765
11760,11761,11764
11763,11766,11761
11761,11766,11767
11765,11761,11767
11765,11768,11764
11765,11769,11768
11765,11767,11770
11765,11770,11769
11769,11770,11767
11771,11769,11767
11772,11769,11771
11772,11773,11769
11769,11773,11768
11773,11772,11752
11752,11768,11773
11752,11772,11774
11771,11774,11772
11774,11756,11752
11774,11771,11775
11756,11774,11775
11776,11775,11763
11756,11775,11776
11775,11771,11766
11766,11763,11775
11758,11776,11777
11776,11758,11756
11776,11763,11777
11777,11757,11758
11757,11777,11763
11767,11766,11771
11752,11753,11768
11778,11764,11768
11768,11753,11779
11780,11768,11779
11768,11780,11781
11768,11781,11782
11768,11782,11778
11783,11778,11782
11783,11782,11781
11778,11783,11764
11764,11783,11784
11783,11780,11785
11781,11780,11783
11783,11785,11784
11784,11786,11764
11786,11784,11787
11787,11784,11785
11784,11788,11781
11788,11784,11789
11781,11789,11784
11788,11789,11787
11781,11787,11789
11778,11781,11788
11778,11788,11787
11787,11785,11779
11779,11786,11787
11781,11778,11787
11786,11760,11764
11754,11760,11786
11779,11790,11786
11791,11786,11790
11786,11791,11754
11747,11791,11759
11791,11792,11759
11754,11791,11753
11746,11753,11791
11790,11792,11791
11746,11791,11747
11759,11792,11793
11794,11793,11792
11795,11794,11792
11792,11796,11795
11790,11796,11792
11795,11796,11797
11790,11797,11796
11796,11798,11799
11799,11800,11796
11801,11796,11800
11796,11801,11798
11802,11801,11799
11801,11795,11799
11802,11803,11801
11794,11801,11803
11801,11800,11798
11801,11794,11795
11803,11802,11753
11794,11803,11753
11802,11799,11790
11802,11779,11753
11790,11779,11802
11790,11799,11797
11795,11797,11799
11799,11798,11800
11804,11805,11794
11804,11794,11753
11794,11806,11807
11794,11807,11808
11808,11806,11794
11793,11794,11805
11809,11810,11808
11808,11811,11809
11812,11808,11810
11808,11812,11811
11806,11808,11807
11809,11806,11810
11812,11810,11806
11806,11809,11811
11806,11811,11812
11809,11813,11812
11814,11813,11815
11816,11815,11813
11813,11814,11817
11818,11645,11813
11818,11813,11819
11813,11645,11816
11817,11819,11813
11819,11820,11818
11820,11819,11821
11817,11821,11819
11822,11821,11823
11821,11822,11820
11824,11661,11821
11823,11821,11661
11821,11817,11824
11804,11822,11823
11823,11807,11804
11823,11661,11660
11660,11807,11823
11824,11825,11826
11661,11824,11826
11827,11825,11824
11817,11828,11824
11828,11829,11824
11824,11829,11830
11824,11830,11827
11830,11829,11831
11832,11827,11830
11831,11833,11830
11830,11833,11832
11816,11832,11833
11832,11834,11827
11834,11832,11816
11825,11827,11834
11834,11816,11825
11833,11835,11814
11833,11831,11835
11814,11809,11833
11816,11833,11809
11829,11828,11835
11829,11835,11831
11828,11814,11835
11828,11817,11814
11825,11836,11826
11825,11816,11836
11836,11837,11826
11816,11838,11836
11837,11836,11839
11840,11839,11836
11840,11836,11841
11838,11841,11836
11842,11838,11843
11842,11841,11838
11843,11838,11844
11844,11838,11845
11816,11845,11838
11841,11842,11845
11842,11846,11845
11841,11845,11816
11847,11844,11845
11848,11845,11846
11848,11847,11845
11846,11842,11849
11846,11849,11850
11846,11850,11839
11645,11846,11840
11846,11645,11848
11839,11840,11846
11851,11852,11850
11850,11847,11851
11844,11847,11850
11853,11850,11852
11844,11850,11849
11853,11839,11850
11853,11854,11839
11854,11853,11741
11739,11741,11853
11853,11855,11739
11852,11855,11853
11855,11852,11739
11723,11854,11856
11713,11854,11723
11854,11713,11837
11741,11856,11854
11837,11839,11854
11723,11856,11726
11654,11856,11660
11654,11726,11856
11856,11742,11660
11741,11742,11856
11852,11847,11848
11852,11848,11734
11847,11852,11851
11739,11852,11734
11857,11858,11851
11851,11750,11857
11750,11851,11858
11750,11858,11847
11857,11847,11858
11857,11750,11859
11857,11859,11751
11751,11847,11857
11745,11859,11750
11745,11751,11859
11849,11842,11843
11860,11844,11849
11849,11843,11860
11844,11860,11843
11847,11751,11750
11651,11848,11645
11734,11848,11730
11730,11848,11651
11840,11841,11645
11841,11816,11645
11837,11713,11651
11837,11650,11826
11650,11837,11651
11826,11659,11661
11826,11650,11659
11804,11820,11822
11861,11820,11804
11818,11820,11862
11820,11861,11862
11733,11863,11861
11863,11862,11861
11738,11733,11861
11861,11746,11738
11746,11861,11804
11863,11646,11862
11646,11863,11653
11863,11733,11731
11731,11653,11863
11862,11646,11818
11816,11809,11815
11646,11645,11818
11814,11815,11809
11804,11807,11805
11793,11805,11807
11807,11660,11793
11753,11746,11804
11793,11660,11742
11793,11742,11744
11793,11744,11759
11779,11785,11780
11762,11757,11763
11754,11747,11760
11730,11605,11606
11651,11605,11730
11723,11711,11713
11717,11721,11864
11721,11865,11864
11721,11866,11865
11593,11866,11721
11593,11721,11598
11598,11721,11596
11867,11865,11866
11866,11868,11867
11866,11869,11868
11866,11870,11869
11871,11870,11866
11871,11866,11872
11866,11593,11872
11870,11873,11874
11873,11870,11875
11870,11876,11868
11871,11877,11870
11875,11870,11878
11877,11869,11870
11874,11878,11870
11875,11878,11868
11874,11868,11878
11876,11874,11873
11874,11879,11868
11874,11876,11879
11875,11868,11879
11875,11879,11876
11871,11876,11877
11877,11880,11868
11877,11876,11880
11877,11868,11869
11881,11868,11880
11881,11880,11876
11881,11876,11872
11872,11873,11881
11873,11868,11881
11873,11875,11876
11876,11871,11872
11872,11882,11873
11873,11882,11865
11867,11868,11873
11865,11867,11873
11705,11882,11872
11883,11882,11705
11884,11882,11883
11865,11882,11884
11885,11884,11886
11885,11887,11884
11884,11887,11865
11883,11886,11884
11885,11886,11883
11887,11885,11601
11601,11865,11887
11603,11601,11885
11888,11889,11885
11885,11883,11888
11889,11610,11885
11610,11603,11885
11610,11889,11621
11883,11621,11889
11883,11889,11888
11883,11705,11890
11883,11890,11891
11621,11883,11622
11883,11891,11622
11705,11891,11890
11705,11622,11891
11892,11622,11890
11890,11893,11892
11890,11894,11893
11894,11890,11622
11622,11892,11893
11622,11893,11894
11895,11894,11892
11892,11894,11595
11894,11896,11595
11894,11895,11896
11700,11895,11897
11898,11895,11700
11897,11895,11899
11892,11589,11895
11589,11899,11895
11896,11895,11898
11898,11900,11896
11898,11696,11900
11898,11697,11696
11901,11697,11898
11898,11700,11901
11697,11901,11679
11679,11901,11682
11700,11682,11901
11900,11696,11703
11703,11896,11900
11899,11589,11897
11700,11897,11705
11622,11897,11623
11626,11623,11897
11589,11626,11897
11622,11705,11897
11705,11896,11703
11872,11896,11705
11896,11872,11595
11892,11595,11589
11595,11872,11593
11864,11865,11601
11718,11717,11864
11601,11600,11864
11864,11600,11718
11713,11715,11651
11715,11605,11651
11698,11710,11696
11710,11698,11702
11702,11707,11710
11679,11678,11697
11677,11679,11682
11643,11667,11648
11652,11657,11641
11652,11640,11657
11641,11642,11652
11652,11642,11648
11643,11648,11642
11643,11585,11586
11584,11637,11902
11637,11633,11903
11903,11902,11637
11584,11902,11904
11902,11905,11904
11903,11905,11902
11631,11905,11906
11905,11631,11632
11632,11904,11905
11906,11905,11903
11906,11903,11631
11904,11907,11584
11904,11632,11907
11582,11907,11632
11582,11572,11907
11581,11907,11572
11584,11907,11581
11903,11908,11631
11903,11630,11908
11903,11633,11630
11908,11630,11631
11638,11588,11592
11909,11638,11592
11910,11638,11635
11588,11638,11910
11635,11638,11909
11592,11586,11909
11635,11909,11910
11910,11909,11586
11910,11587,11588
11586,11587,11910
11589,11627,11626
11628,11627,11589
11628,11589,11582
11611,11610,11621
11607,11590,11596
11609,11590,11607
11607,11596,11606
11601,11594,11604
11603,11604,11594
11601,11603,11594
11598,11594,11593
11591,11586,11592
11581,11572,11911
11581,11911,11573
11576,11911,11572
11576,11573,11911
11582,11576,11572
11579,11576,11582
11579,11578,11575
11575,11576,11579
11576,11575,11578
11575,11573,11572
11912,11913,11914
11914,11915,11912
11915,11914,11916
11913,11917,11914
11914,11918,11919
11919,11920,11914
11914,11920,11921
11914,11917,11918
11914,11922,11916
11921,11922,11914
11921,11923,11924
11923,11921,11925
11926,11922,11921
11924,11927,11921
11921,11928,11926
11921,11929,11928
11925,11921,11920
11921,11927,11929
11918,11926,11928
11930,11926,11918
11926,11930,11922
11918,11917,11930
11930,11917,11913
11913,11931,11930
11930,11931,11916
11916,11922,11930
11916,11931,11932
11912,11932,11931
11931,11913,11912
11932,11933,11934
11933,11932,11912
11932,11934,11916
11916,11934,11915
11935,11934,11933
11915,11934,11935
11935,11936,11915
11936,11935,11937
11933,11937,11935
11937,11938,11936
11937,11933,11939
11938,11937,11940
11937,11939,11941
11937,11941,11942
11937,11942,11943
11943,11940,11937
11944,11945,11943
11943,11942,11944
11946,11947,11943
11943,11945,11946
11943,11947,11940
11948,11949,11947
11947,11950,11948
11949,11940,11947
11946,11950,11947
11951,11950,11952
11946,11952,11950
11948,11950,11951
11951,11953,11954
11953,11951,11955
11951,11954,11948
11952,11955,11951
11956,11957,11955
11955,11952,11956
11955,11958,11953
11957,11958,11955
11958,11957,11959
11960,11959,11957
11957,11956,11948
11957,11954,11960
11948,11954,11957
11953,11961,11960
11959,11960,11961
11960,11954,11953
11962,11963,11961
11964,11961,11963
11961,11965,11966
11961,11953,11965
11961,11966,11967
11961,11967,11962
11961,11964,11959
11959,11964,11968
11969,11968,11964
11963,11970,11964
11964,11970,11971
11971,11969,11964
11968,11969,11967
11969,11971,11962
11962,11967,11969
11962,11971,11972
11972,11971,11970
11973,11974,11972
11972,11970,11973
11972,11975,11962
11972,11976,11975
11972,11974,11976
11974,11977,11978
11977,11974,11973
11978,11976,11974
11978,11979,11980
11979,11978,11977
11981,11976,11978
11978,11980,11981
11981,11980,11982
11982,11980,11983
11980,11979,11984
11984,11983,11980
11984,11985,11986
11986,11987,11984
11988,11985,11984
11984,11979,11988
11987,11983,11984
11987,11986,11989
11987,11990,11991
11987,11992,11990
11987,11993,11994
11987,11989,11993
11991,11983,11987
11994,11995,11987
11987,11995,11992
11996,11997,11992
11992,11997,11998
11999,11990,11992
11998,12000,11992
11992,12000,11999
11992,11995,11996
11996,12001,11997
12001,11996,12002
11996,11995,11994
11994,12002,11996
11998,12003,12002
11998,12002,11994
12002,12004,12001
12004,12002,12003
12005,12003,11997
11997,12003,11998
12003,12005,12004
12006,12007,12005
12005,11997,12006
12005,12007,12008
12008,12004,12005
12009,12008,12007
12001,12004,12008
12008,12009,12010
12008,12010,12001
12011,12010,12009
12001,12010,12006
12006,12010,12011
12009,12012,12011
12011,12013,12006
12014,12011,12012
12013,12011,12014
12012,12015,12014
12014,12016,12013
12014,12015,12017
12017,12018,12014
12016,12014,12018
12018,12019,12016
12019,12018,12020
12018,12017,12021
12021,12020,12018
12020,12022,12019
12023,12020,12024
12020,12023,12022
12020,12021,12024
12025,12026,12024
12024,12021,12025
12027,12024,12026
12024,12027,12023
12027,12028,12029
12026,12028,12027
12029,12030,12027
12023,12027,12030
12029,12031,12030
12032,12030,12031
12033,12030,12032
12034,12035,12030
12030,12033,12034
12030,12035,12023
12036,12035,12034
12023,12035,12036
12036,12031,12029
12031,12036,12037
12029,12028,12036
12022,12036,12028
12036,12022,12023
12034,12037,12036
12037,12038,12039
12039,12040,12037
12037,12040,12031
12033,12038,12037
12037,12034,12033
12041,12039,12038
12033,12042,12038
12043,12038,12042
12043,12041,12038
12042,12044,12043
12043,12044,12045
12046,12041,12043
12043,12047,12046
12045,12047,12043
12033,12046,12047
12047,12045,12048
12048,12033,12047
12033,12048,12042
12048,12045,12049
12050,12042,12048
12051,12048,12049
12050,12048,12051
12042,12050,12052
12053,12052,12050
12054,12053,12050
12054,12050,12055
12051,12055,12050
12056,12055,12057
12055,12056,12054
12058,12059,12055
12057,12055,12059
12055,12051,12058
12060,12061,12057
12060,12057,12062
12063,12062,12057
12057,12061,12056
12059,12063,12057
12064,12065,12063
12063,12066,12064
12063,12065,12067
12063,12067,12068
12069,12063,12068
12063,12069,12062
12066,12063,12059
12054,12064,12066
12066,12053,12054
12053,12066,12070
12051,12070,12066
12066,12058,12051
12059,12058,12066
12052,12070,12049
12070,12052,12053
12049,12070,12051
12071,12072,12068
12068,12060,12071
12060,12068,12067
12068,12072,12069
12072,12071,12073
12072,12074,12069
12073,12074,12072
12073,12062,12075
12073,12071,12062
12074,12073,12076
12076,12073,12075
12077,12078,12075
12075,12078,12076
12075,12062,12069
12075,12079,12077
12069,12079,12075
12077,12079,12074
12079,12069,12074
12080,12081,12077
12082,12077,12081
12077,12082,12078
12074,12083,12077
12077,12083,12080
12084,12085,12080
12080,12086,12084
12086,12080,12083
12087,12080,12085
12088,12081,12080
12080,12087,12088
12087,12085,12089
12087,12089,12090
12087,12090,12091
12087,12092,12093
12087,12093,12094
12087,12091,12095
12095,12092,12087
12088,12087,12094
12082,12094,12096
12094,12097,12096
12094,12082,12088
12098,12097,12094
12098,12094,12093
12090,12097,12098
12093,12099,12098
12091,12098,12099
12098,12091,12090
12095,12099,12100
12100,12099,12093
12099,12095,12091
12101,12100,12102
12103,12102,12100
12100,12093,12103
12100,12101,12095
12102,12104,12101
12095,12101,12092
12101,12104,12105
12105,12106,12101
12106,12092,12101
12092,12106,12103
12103,12106,12105
12105,12107,12103
12105,12108,12107
12108,12105,12109
12110,12109,12105
12105,12104,12110
12111,12110,12104
12112,12110,12113
12114,12113,12110
12109,12110,12112
12110,12111,12114
12114,12111,12115
12115,12111,12107
12103,12107,12111
12111,12102,12103
12104,12102,12111
12107,12108,12115
12115,12108,12116
12115,12117,12114
12115,12118,12117
12116,12118,12115
12119,12118,12116
12120,12117,12118
12118,12119,12120
12120,12119,12112
12112,12119,12121
12116,12121,12119
12122,12123,12121
12121,12116,12122
12112,12121,12123
12123,12122,12124
12124,12125,12123
12126,12123,12125
12123,12126,12112
12126,12127,12112
12127,12126,12128
12126,12129,12130
12126,12130,12128
12131,12129,12126
12126,12125,12131
12132,12133,12131
12131,12134,12132
12124,12134,12131
12124,12131,12125
12129,12131,12133
12133,12132,12135
12136,12137,12133
12133,12135,12136
12133,12137,12138
12138,12139,12133
12133,12139,12129
12129,12139,12140
12140,12139,12138
12140,12141,12136
12136,12135,12140
12130,12140,12135
12140,12130,12129
12138,12141,12140
12142,12141,12143
12144,12141,12142
12138,12143,12141
12144,12136,12141
12137,12136,12144
12142,12145,12144
12144,12145,12146
12144,12147,12137
12144,12146,12147
12143,12147,12146
12146,12148,12149
12150,12148,12146
12146,12151,12143
12149,12151,12146
12146,12145,12150
12142,12152,12150
12152,12153,12150
12148,12150,12153
12150,12145,12142
12154,12153,12155
12155,12153,12152
12153,12154,12148
12155,12156,12154
12148,12154,12149
12149,12154,12156
12156,12155,12157
12157,12158,12156
12156,12158,12159
12159,12149,12156
12160,12159,12158
12149,12159,12161
12162,12161,12159
12159,12160,12162
12161,12162,12163
12162,12164,12163
12165,12164,12162
12162,12166,12165
12167,12166,12162
12162,12160,12167
12167,12168,11923
11923,12169,12167
12167,12169,12166
12167,12160,12170
12170,12168,12167
12164,12165,12168
12164,12168,12170
12168,12165,12171
12171,11923,12168
12171,12165,12166
12166,12172,12171
11923,12171,12172
12172,12173,11924
12173,12172,12166
12172,11924,11923
11924,12173,12174
12175,12174,12173
12173,12166,12175
12174,12175,11920
12175,12166,12169
12169,11925,12175
11920,12175,11925
11927,12174,12176
11920,12176,12174
12174,11927,11924
12176,11919,11928
11919,12176,11920
12176,11929,11927
12176,11928,11929
11925,12169,11923
12170,12163,12164
12163,12170,12158
12158,12170,12160
12163,12157,12161
12158,12157,12163
12161,12157,12155
12155,12152,12161
12161,12152,12149
12152,12142,12151
12151,12149,12152
12143,12151,12142
12138,12137,12147
12147,12143,12138
12135,12132,12130
12132,12134,12130
12130,12134,12124
12124,12122,12128
12108,12128,12122
12128,12108,12127
12124,12128,12130
12112,12127,12109
12109,12127,12108
12122,12116,12108
12113,12120,12112
12117,12120,12113
12113,12114,12117
12103,12093,12092
12096,12097,12090
12096,12177,12082
12089,12177,12096
12096,12090,12089
12082,12177,12084
12085,12084,12177
12177,12089,12085
12081,12088,12082
12084,12086,12078
12078,12086,12076
12083,12076,12086
12084,12078,12082
12076,12083,12074
12062,12071,12060
12056,12065,12064
12061,12067,12065
12065,12056,12061
12067,12061,12060
12064,12054,12056
12052,12178,12042
12049,12178,12052
12178,12044,12042
12045,12044,12178
12178,12049,12045
12033,12179,12046
12041,12046,12179
12032,12179,12033
12179,12032,12040
12040,12039,12179
12179,12039,12041
12031,12040,12032
12028,12026,12022
12026,12025,12022
12019,12022,12025
12025,12180,12019
12180,12025,12021
12019,12180,12181
12017,12181,12180
12180,12021,12017
12019,12181,12182
12182,12181,12017
12182,12016,12019
12013,12016,12182
12182,12183,12013
12183,12182,12015
12017,12015,12182
12013,12183,12184
12015,12012,12183
12184,12183,12012
12184,12006,12013
12184,12007,12006
12007,12184,12009
12012,12009,12184
12006,11997,12001
11999,12000,11994
11994,11993,11999
12185,11999,11993
11999,12185,11990
11990,12185,12186
12186,12185,11989
11993,11989,12185
11986,12187,12186
11990,12186,12187
12186,11989,11986
12188,11991,12187
12187,12189,12188
12187,11991,11990
12189,12187,11986
12188,12189,12190
12190,12189,11985
11986,11985,12189
12190,12191,12188
12191,12190,11988
11985,11988,12190
12188,12191,11982
12191,11977,11982
11977,12191,11979
12191,11988,11979
11982,11991,12188
11994,12000,11998
11983,11991,11982
11982,11973,11981
11973,11982,11977
11973,12192,11981
11981,12192,11975
11975,11976,11981
12192,11973,11970
12192,11963,11975
11970,11963,12192
11962,11975,11963
11965,12193,11968
11959,11968,12193
11968,11966,11965
11968,11967,11966
11958,12193,11965
11959,12193,11958
11965,11953,11958
11956,11952,11946
11949,11956,12194
11946,12194,11956
11956,11949,11948
12194,11945,11944
11944,11938,12194
11940,12194,11938
11946,11945,12194
12194,11940,11949
11944,12195,11938
12195,11944,11942
12195,11942,11941
11941,12196,12195
11938,12195,12196
11936,11938,12196
12196,12197,11936
11939,12197,12196
12196,11941,11939
11936,12197,11912
11912,12197,11939
11939,11933,11912
11912,11915,11936
11928,11919,11918
