1,2,3
3,4,1
5,3,2
6,5,2
6,2,1
7,6,1
4,8,7
8,4,3
9,10,11
12,13,10
13,12,14
13,14,15
10,16,17
13,17,16
18,10,19
17,19,10
20,21,22
22,19,20
19,17,23
24,23,17
17,25,24
25,21,26
27,26,21
27,21,28
29,27,28
29,28,30
31,29,32
32,24,33
24,26,33
34,33,26
26,27,34
33,31,32
32,29,30
26,24,25
19,23,20
19,35,18
35,13,15
9,12,10
5,8,3
27,29,34
36,29,31
30,23,24
24,32,30
30,20,23
20,30,28
20,28,21
22,35,19
35,22,21
21,13,35
21,25,13
13,25,17
16,10,13
18,11,10
11,18,35
35,15,11
37,15,14
37,14,12
8,12,9
9,11,8
11,7,8
7,11,15
7,15,37
37,6,7
37,5,6
5,37,12
5,12,8
7,1,4
38,36,31
38,31,33
39,34,29
38,33,34
34,39,38
40,38,39
41,36,38
42,29,36
39,29,43
39,43,40
29,42,43
41,42,36
38,40,41
42,40,43
44,41,40
41,45,42
44,40,42
45,41,44
44,42,45
46,47,48
46,49,47
46,50,49
51,46,52
46,48,52
46,51,53
46,54,50
53,55,46
54,46,56
46,55,56
51,54,57
54,51,49
58,57,54
54,56,59
54,49,58
59,60,54
54,60,61
61,50,54
61,60,59
61,59,62
62,63,61
63,64,61
61,49,50
64,65,61
66,61,65
67,68,61
49,61,68
67,61,66
69,70,66
69,66,71
71,66,72
66,70,73
73,67,66
72,66,74
75,74,66
65,75,66
75,76,77
78,76,75
78,75,65
77,79,75
79,80,75
75,80,81
81,82,75
74,75,83
83,75,82
84,85,82
84,82,86
86,82,85
87,88,82
88,89,82
90,82,89
91,83,82
91,82,92
82,81,93
93,87,82
94,95,82
94,82,96
97,96,82
82,90,98
82,98,99
82,100,101
82,99,100
101,92,82
97,82,95
99,90,101
101,102,99
99,102,90
103,99,104
103,105,99
105,100,99
104,99,98
99,86,106
86,99,107
107,99,108
106,108,99
107,108,90
106,90,108
106,109,90
106,101,109
106,110,101
106,86,110
110,94,111
110,111,101
94,110,86
96,111,94
96,101,111
107,90,109
107,109,101
107,112,86
107,101,112
94,86,112
94,112,101
113,104,114
103,104,113
90,115,104
104,98,90
104,116,117
104,117,118
119,104,115
114,104,119
104,118,120
104,120,121
122,104,123
123,104,124
125,124,104
122,125,104
104,121,116
118,126,127
127,128,118
129,118,128
130,131,118
118,132,130
121,122,118
121,118,123
118,133,132
118,134,133
135,136,118
135,118,137
126,118,129
116,118,114
116,137,118
117,120,118
113,118,136
113,114,118
134,118,138
131,138,118
122,123,118
113,136,128
135,128,136
130,128,131
131,128,139
131,139,129
131,129,138
140,139,128
140,129,139
140,141,142
140,142,129
143,140,128
143,141,140
143,144,145
144,143,128
143,146,141
143,145,147
143,147,146
148,147,69
148,105,147
147,149,69
147,128,150
147,105,128
141,151,147
141,147,152
127,147,151
127,144,147
147,144,152
147,153,149
153,147,154
145,155,147
155,146,147
150,154,147
153,154,144
150,144,154
127,151,128
141,128,151
150,156,157
150,157,158
159,160,150
159,150,161
162,150,163
162,164,150
164,156,150
150,165,166
150,167,165
150,168,167
150,169,168
170,171,150
170,150,172
172,150,171
161,150,160
166,163,150
150,173,152
150,152,174
150,174,144
175,150,176
150,158,176
128,169,150
150,175,173
177,174,152
177,144,174
177,152,178
177,153,144
178,179,177
149,153,177
177,179,149
179,178,149
178,152,173
178,173,175
178,180,70
178,175,180
149,178,70
87,93,180
181,180,93
70,180,181
180,175,87
93,182,181
181,73,70
183,184,181
183,181,185
181,175,186
181,182,175
73,181,187
187,181,188
181,189,188
181,190,189
181,191,190
191,181,186
192,181,184
192,185,181
193,194,181
194,195,181
193,181,195
183,175,184
192,184,175
193,183,196
193,196,175
193,191,194
193,195,183
191,193,175
197,196,183
197,175,196
197,198,199
200,197,199
197,183,198
200,175,197
200,199,201
200,202,203
200,203,204
191,175,200
200,204,191
205,206,200
200,201,205
207,200,206
200,207,202
206,208,209
206,210,208
211,212,206
206,209,211
206,212,213
206,213,214
206,205,210
206,214,207
214,215,207
214,216,215
214,217,216
214,213,217
218,216,219
218,215,216
216,220,221
216,221,222
223,224,216
216,225,223
225,216,226
216,224,227
228,229,216
216,230,228
231,230,216
232,233,216
216,227,232
234,216,229
226,216,233
235,219,216
235,216,236
236,216,237
238,231,216
216,222,238
216,239,220
216,240,239
216,241,240
216,242,241
216,213,242
216,243,213
216,207,243
244,237,216
244,216,245
246,245,216
246,216,247
248,247,216
248,216,249
250,251,216
250,216,217
252,249,216
252,216,251
207,216,234
213,241,253
254,253,241
241,255,254
256,241,239
241,256,255
239,241,213
257,241,242
257,240,241
212,241,250
212,252,241
252,251,241
250,241,251
258,257,259
213,259,257
260,238,257
257,169,260
257,242,213
257,239,240
169,257,258
239,257,238
259,192,258
258,135,169
261,262,258
258,192,261
211,258,262
258,211,263
258,263,135
263,264,208
263,211,264
208,135,263
265,208,264
265,264,211
265,266,267
265,267,268
269,265,270
269,271,265
208,265,272
262,265,211
273,274,265
272,265,274
275,276,265
265,268,275
277,265,262
265,277,278
273,265,276
265,279,280
265,281,279
281,265,282
280,283,265
283,284,265
285,265,284
286,265,287
287,265,288
286,288,265
265,278,289
271,290,265
265,290,290
265,290,290
265,290,266
282,265,285
289,270,265
273,276,279
275,279,276
270,291,269
270,292,281
270,281,291
270,289,292
293,281,292
293,292,289
293,267,266
293,268,267
294,293,289
295,293,294
290,296,293
293,296,271
293,269,291
271,269,293
293,275,268
293,266,290
293,295,275
293,291,281
294,279,295
275,295,279
296,290,290
296,290,290
296,290,271
262,261,294
294,277,262
297,279,294
294,261,297
294,289,278
294,278,277
273,279,297
297,274,273
297,261,274
267,298,289
289,299,267
289,279,300
289,277,279
289,300,281
277,289,281
289,301,275
289,275,299
301,289,302
303,302,289
298,304,289
303,289,304
303,304,267
267,277,303
303,279,302
303,305,279
303,277,305
306,279,305
306,305,277
306,267,307
267,306,273
306,307,279
277,273,306
299,307,267
299,279,307
304,308,267
304,298,308
309,267,308
309,308,298
309,310,267
298,281,309
309,311,310
311,309,281
267,269,311
267,311,281
311,269,312
312,310,311
313,267,312
312,267,310
313,312,269
267,313,271
290,313,269
290,271,313
269,300,279
269,281,300
267,281,298
301,302,279
299,275,301
299,301,279
282,285,279
280,279,285
285,284,280
279,277,282
281,282,277
286,267,288
267,286,277
286,287,273
273,277,286
267,290,279
290,267,314
269,315,290
314,316,290
290,290,279
271,290,290
290,290,316
315,290,290
315,290,290
290,290,317
290,317,271
267,271,317
267,317,290
290,315,267
269,267,315
314,318,316
319,316,318
316,319,290
319,320,290
321,322,319
319,322,271
319,323,321
319,271,320
323,319,324
319,325,326
326,324,319
325,319,327
328,327,319
329,328,319
329,319,318
330,327,328
331,330,328
328,329,331
330,331,324
331,332,333
332,331,329
331,333,324
334,333,332
333,335,336
336,337,333
335,333,334
338,333,337
338,339,333
339,324,333
339,338,340
341,342,339
324,339,342
339,343,341
340,343,339
344,340,345
340,338,345
346,343,340
347,348,340
340,344,347
340,348,346
346,349,343
323,349,346
346,350,351
346,351,323
348,352,346
353,346,354
354,346,352
346,353,350
355,353,356
357,353,355
358,359,353
357,358,353
359,360,353
353,351,361
353,362,351
362,353,363
353,364,356
353,354,364
365,353,366
365,367,353
368,353,367
360,322,353
322,321,353
353,321,369
353,369,370
371,372,353
353,370,371
361,363,353
366,353,368
373,350,353
373,353,372
371,361,372
373,372,361
363,361,374
363,374,359
362,363,359
375,359,374
375,374,361
362,359,375
362,375,360
361,360,375
366,368,359
368,376,359
368,367,361
368,361,376
377,359,376
377,376,361
370,359,377
370,377,360
377,361,378
377,378,360
379,378,361
379,360,378
370,360,379
370,379,322
379,380,322
379,361,380
381,380,361
381,322,380
381,382,370
381,321,382
381,361,383
381,383,321
370,322,381
384,383,361
384,321,383
359,384,361
359,370,384
384,370,382
384,382,321
373,351,350
323,373,361
323,351,373
359,351,366
365,366,351
361,351,362
362,370,361
370,385,361
359,361,365
323,361,321
321,361,371
365,361,367
361,386,360
361,322,386
361,387,322
387,361,385
370,321,385
387,385,321
362,322,387
362,387,321
362,360,386
362,386,322
321,370,362
371,370,369
371,369,321
271,360,359
271,322,360
359,365,351
388,364,354
388,356,364
389,388,354
390,391,388
392,390,388
356,388,393
394,393,388
395,396,388
388,396,397
398,399,388
398,388,400
401,400,388
401,388,399
402,388,391
388,402,392
403,395,388
397,394,388
388,389,403
394,397,404
405,404,397
397,396,405
406,407,405
405,408,406
408,405,409
407,404,405
410,411,405
410,405,396
412,413,405
405,414,412
411,409,405
414,405,413
405,415,416
416,417,405
405,417,415
410,418,414
419,414,418
419,420,414
412,414,421
414,422,423
423,424,414
425,414,424
410,414,411
413,421,414
414,426,427
427,428,414
414,428,426
429,430,414
429,414,431
432,431,414
432,414,430
422,414,425
411,414,433
433,414,420
429,422,430
432,430,422
433,420,422
419,422,420
422,412,433
411,433,412
425,424,412
425,434,422
425,419,434
425,412,435
425,435,419
423,435,412
423,419,435
423,434,419
423,422,434
436,437,422
437,408,422
408,412,422
422,419,436
432,422,438
429,438,422
429,419,438
432,438,419
436,418,439
439,440,436
419,418,436
437,436,440
441,440,439
440,441,437
437,441,442
441,443,442
439,443,441
442,443,444
443,439,444
442,444,445
444,439,446
444,447,445
446,448,444
444,448,449
444,449,447
450,447,449
450,445,447
448,451,450
448,450,449
450,452,453
452,450,454
455,450,456
455,457,450
458,450,457
450,453,459
456,450,460
460,450,461
459,462,450
454,450,462
458,463,450
463,461,450
464,450,451
450,465,445
464,465,450
464,466,467
468,466,464
469,464,470
467,470,464
464,469,471
471,465,464
472,468,464
464,452,472
464,451,452
472,452,473
472,474,475
475,476,472
473,477,472
477,478,472
479,472,478
476,468,472
472,479,474
480,475,474
480,474,479
481,475,480
482,481,480
480,479,483
480,483,482
484,481,482
482,485,484
485,482,486
487,486,482
488,482,483
489,482,488
482,489,487
490,491,484
484,485,490
492,484,491
481,484,492
492,493,494
492,495,493
492,496,497
498,492,497
492,498,499
491,500,492
492,466,481
466,492,501
501,492,500
495,492,502
499,503,492
504,502,492
496,492,503
494,504,492
496,503,493
499,493,503
466,501,498
501,497,505
501,500,497
501,505,498
493,505,497
493,498,505
494,498,504
504,497,502
504,506,497
504,498,506
495,497,506
495,506,498
495,494,493
495,498,494
496,493,499
496,499,498
498,497,496
495,502,497
491,497,500
507,498,493
508,498,470
509,470,498
509,498,507
498,508,510
498,467,466
467,498,477
510,477,498
470,509,511
509,512,511
507,513,509
509,513,512
470,513,514
513,470,515
513,507,514
515,512,513
511,515,470
515,511,516
512,515,517
516,517,515
517,516,518
518,516,519
516,520,519
516,521,520
521,516,511
522,521,493
521,522,523
523,520,521
521,524,507
507,493,521
524,521,512
521,511,512
525,526,524
507,524,526
524,512,525
525,517,518
518,526,525
517,525,512
514,527,525
525,528,514
528,525,527
514,517,527
528,527,517
528,529,530
526,529,528
531,528,532
528,531,533
528,507,526
528,530,534
507,528,535
533,532,528
536,528,537
528,536,538
517,514,528
539,535,528
539,528,540
538,541,528
534,540,528
542,537,528
542,528,541
539,540,531
534,531,540
536,537,531
542,531,537
531,532,530
533,530,532
538,530,541
542,541,530
542,543,531
544,542,530
545,542,544
542,545,543
545,531,530
536,545,530
545,546,533
531,545,533
545,536,546
547,545,548
547,549,545
550,545,549
544,551,545
551,552,545
553,543,545
550,548,545
553,545,552
550,546,548
547,548,546
551,546,552
553,552,546
553,531,543
531,553,536
553,546,554
553,554,536
551,554,546
551,536,554
550,549,531
550,531,534
550,534,530
546,550,530
536,551,544
547,531,549
547,539,531
555,547,546
547,555,539
546,556,555
555,556,557
557,539,555
558,557,556
559,539,557
560,557,558
560,559,557
514,539,559
561,559,560
559,470,514
470,559,469
561,562,559
559,562,563
563,469,559
564,565,563
563,566,564
565,469,563
567,566,563
563,562,568
563,569,567
568,569,563
570,569,568
571,572,568
572,573,568
568,573,570
571,568,562
561,572,571
562,561,571
574,573,572
573,575,570
575,573,574
560,576,574
574,561,560
574,576,577
572,561,574
575,574,578
574,577,578
577,564,578
564,577,579
580,577,576
581,582,577
577,580,581
582,579,577
583,579,407
583,584,579
564,579,584
582,407,579
584,583,585
586,587,584
584,585,586
587,588,584
588,589,584
590,584,589
564,584,590
591,592,585
586,585,592
585,583,591
583,406,591
592,591,406
406,593,592
592,593,586
593,406,594
587,586,593
593,594,587
442,471,594
442,594,406
595,594,471
587,594,596
594,595,596
595,471,590
588,596,595
595,589,588
590,589,595
596,588,587
590,471,469
590,565,564
469,565,590
407,406,583
582,581,597
407,582,598
582,597,598
599,598,597
600,597,581
597,600,599
599,601,580
601,599,602
603,599,604
580,604,599
599,603,605
599,605,598
600,602,599
603,606,607
603,607,605
603,604,608
608,606,603
606,609,607
601,609,606
606,608,601
609,610,607
601,602,609
609,602,610
607,610,611
610,403,611
612,403,610
610,349,612
600,613,610
610,602,600
610,613,614
614,389,610
354,610,389
615,610,354
616,349,610
610,615,616
615,617,616
617,615,403
618,395,615
395,403,615
354,618,615
352,618,354
618,352,395
348,347,617
619,348,617
617,620,616
621,620,617
617,347,621
617,336,619
617,337,336
612,337,617
403,612,617
622,619,623
619,622,624
624,625,619
410,619,625
335,623,619
619,336,335
626,619,410
626,348,619
623,627,628
623,335,627
623,629,630
628,629,623
623,630,631
623,631,622
632,633,631
632,631,630
631,634,622
634,631,633
632,635,633
633,636,637
634,633,637
638,633,639
638,640,633
641,633,640
633,642,639
636,633,635
633,643,644
643,633,645
645,633,646
644,647,633
647,646,633
641,648,633
633,649,642
649,633,650
650,633,648
645,646,641
647,641,646
650,648,636
641,636,648
649,650,638
636,638,650
651,649,652
649,653,652
653,649,654
651,655,649
639,644,649
639,649,638
644,642,649
636,649,655
656,649,657
656,658,649
658,657,649
636,659,649
659,654,649
659,644,654
653,654,644
658,644,657
656,657,644
659,660,644
659,639,660
636,639,659
653,644,660
653,660,639
656,638,658
644,658,638
656,639,661
656,661,638
656,644,643
656,643,639
661,639,662
661,662,636
661,663,638
661,636,663
644,638,663
644,663,636
664,662,639
664,636,662
639,641,664
644,664,641
644,636,664
655,665,636
655,638,665
651,638,655
651,665,638
651,636,665
666,651,652
651,666,636
652,667,666
637,666,667
666,637,641
666,641,668
666,668,636
637,668,641
637,636,668
637,667,634
669,634,667
667,670,671
671,669,667
672,670,667
667,652,672
673,672,652
672,673,674
675,676,672
674,675,672
672,676,677
677,670,672
678,677,676
679,677,678
670,677,680
677,681,680
679,682,677
681,677,683
683,677,682
684,685,682
686,684,682
687,683,682
682,688,687
689,688,682
686,682,690
690,682,679
682,685,689
689,685,684
688,689,691
684,691,689
689,692,693
693,694,689
689,694,692
689,695,696
695,689,697
689,696,697
688,692,694
688,693,692
698,696,695
698,697,696
698,695,699
698,699,700
700,693,698
697,698,693
688,700,699
688,699,695
695,700,688
695,693,700
695,697,693
691,701,688
684,693,691
691,693,701
701,702,688
703,701,693
701,703,702
704,688,702
704,702,703
704,703,678
705,704,706
676,706,704
707,704,705
707,687,704
704,687,688
704,678,676
707,708,709
707,709,683
687,707,683
705,708,707
708,710,709
710,708,705
711,710,712
713,710,711
710,713,709
705,712,710
712,706,714
706,712,705
715,712,716
486,716,712
485,712,717
486,712,485
715,711,712
714,717,712
709,717,714
714,718,709
719,718,714
720,719,714
714,721,720
721,714,722
714,723,722
723,714,724
714,706,724
724,725,723
725,724,726
727,724,706
724,727,726
728,726,729
726,730,729
726,731,730
722,731,726
727,732,726
726,732,721
728,725,726
726,721,722
676,728,729
733,725,728
733,728,676
676,675,733
733,675,731
731,722,733
723,733,722
733,723,725
734,729,730
734,730,731
731,735,734
732,729,734
732,734,735
736,737,735
735,738,736
721,735,739
740,739,735
740,735,731
735,741,738
741,735,742
729,743,735
743,742,735
735,721,732
729,735,744
745,746,735
747,745,735
748,735,749
747,735,748
750,749,735
744,735,737
750,735,751
752,735,753
752,751,735
754,735,746
754,753,735
755,747,756
757,747,755
747,758,756
757,759,747
760,747,761
760,762,747
762,761,747
747,731,758
731,747,759
743,747,736
743,763,747
744,747,763
736,747,737
764,747,765
764,766,747
767,747,766
747,740,745
748,768,747
747,741,769
747,754,741
754,747,752
747,769,740
752,747,751
750,751,747
750,747,768
675,765,747
747,770,675
747,771,770
744,737,747
771,747,767
762,758,761
760,761,758
765,675,772
764,765,758
765,772,758
764,772,675
764,758,772
627,773,771
773,774,771
771,675,755
771,755,775
758,675,771
771,776,758
771,775,756
771,756,776
774,777,771
771,778,628
778,771,779
779,771,777
771,628,627
780,770,771
780,771,781
767,781,771
774,675,777
779,777,675
760,775,755
760,756,775
780,781,756
767,756,781
780,675,770
764,675,780
764,780,756
675,782,779
779,782,783
783,778,779
778,783,784
783,785,674
782,785,783
674,784,783
784,628,778
784,674,629
628,784,629
674,785,782
782,675,674
773,756,774
675,774,756
760,758,776
760,776,756
756,773,786
773,787,786
773,788,789
790,773,789
788,773,627
773,790,787
791,792,787
790,791,787
786,787,793
794,787,795
794,796,787
795,787,796
793,787,792
797,787,798
797,799,787
799,798,787
795,796,786
795,786,800
795,801,794
795,793,801
795,800,793
801,800,786
801,793,800
786,794,801
786,793,238
793,794,802
793,802,803
793,792,794
803,238,793
797,793,804
797,805,793
805,804,793
797,804,786
805,786,804
805,806,786
797,794,805
805,794,806
799,786,806
799,806,794
238,803,807
807,803,802
802,808,807
807,808,809
809,810,807
811,807,810
807,811,238
810,812,811
812,813,811
221,811,813
221,238,811
76,813,812
76,814,813
814,815,813
815,221,813
816,815,817
814,817,815
816,221,815
815,818,819
815,820,818
820,815,819
203,815,821
203,822,815
823,815,822
824,815,825
824,826,815
827,815,826
828,829,815
829,830,815
828,815,830
815,827,831
823,832,815
815,239,833
239,815,834
834,815,835
836,821,815
833,835,815
831,825,815
837,815,838
815,837,836
838,815,832
836,817,839
68,836,839
48,840,836
836,186,48
78,836,840
836,78,841
842,203,836
836,841,842
836,203,186
817,836,843
844,845,836
844,836,846
845,846,836
819,836,847
819,848,836
847,836,848
821,836,849
837,849,836
836,850,843
836,68,850
851,852,843
843,790,851
843,853,48
843,48,854
790,843,855
843,68,856
68,843,857
852,858,843
858,855,843
843,791,859
843,839,791
839,843,850
843,854,47
843,859,817
843,856,860
861,862,843
843,47,861
844,863,843
844,843,864
864,843,863
862,865,843
865,866,843
853,843,866
857,843,860
860,867,868
860,868,869
48,870,860
860,871,48
860,872,867
872,860,873
860,874,857
875,873,860
869,876,860
860,876,877
875,860,878
68,860,870
68,879,860
874,860,879
865,880,860
865,860,866
853,866,860
881,860,880
881,882,860
882,883,860
884,853,860
885,860,883
860,47,871
47,860,856
816,878,860
816,860,886
877,886,860
884,860,885
881,880,857
865,857,880
816,857,878
875,878,857
48,876,870
68,870,876
857,876,884
884,876,887
884,48,853
884,887,48
884,885,857
857,887,876
857,48,887
885,883,881
881,857,885
52,48,877
52,877,876
877,48,886
816,886,48
876,48,871
876,871,47
874,879,875
68,857,874
68,874,875
883,888,881
883,882,888
875,881,888
875,888,882
881,875,882
68,875,879
889,875,890
875,857,890
873,875,889
891,889,892
893,892,889
889,852,851
894,889,851
873,889,891
889,890,893
894,852,889
893,894,892
872,894,893
867,872,893
893,56,867
56,893,890
894,895,852
895,894,896
851,896,894
897,898,894
894,872,897
894,898,891
891,892,894
891,898,53
897,53,898
873,897,872
53,897,899
873,899,897
52,899,58
52,876,899
58,899,900
55,900,899
53,899,891
891,899,873
869,899,876
869,55,899
58,900,53
55,53,900
851,895,896
852,895,890
890,895,808
895,851,790
895,809,808
790,809,895
808,56,890
857,852,890
876,901,68
876,47,901
856,901,47
856,68,901
56,869,868
56,55,869
868,867,56
857,854,48
852,857,858
857,47,854
816,791,857
791,858,857
861,857,902
857,861,47
862,857,865
862,902,857
862,68,902
861,902,68
858,791,855
790,855,791
864,863,791
844,791,863
861,68,862
791,68,864
844,864,68
839,817,859
839,859,791
847,903,203
847,203,904
847,904,819
847,817,903
847,848,817
828,203,903
828,903,817
905,904,203
905,819,904
817,819,905
905,203,906
817,905,820
905,906,820
829,906,203
829,820,906
78,840,68
48,68,840
845,817,846
817,845,68
844,68,845
839,850,68
837,817,849
821,849,817
819,817,848
844,846,817
844,817,907
844,907,791
68,907,817
68,791,907
187,841,78
187,842,841
76,78,842
814,76,842
842,78,814
842,187,203
838,832,819
823,819,832
837,838,203
819,203,838
834,835,818
833,818,835
824,825,818
831,818,825
817,837,203
824,831,827
824,818,831
827,833,239
827,818,833
203,821,817
828,830,203
820,828,817
828,820,829
908,816,909
816,908,183
816,910,911
910,816,912
913,909,816
816,914,913
914,816,915
916,816,48
916,917,816
918,816,917
915,816,919
183,919,816
920,921,816
816,922,920
816,923,912
816,924,923
816,925,926
816,926,924
927,816,928
925,816,927
921,928,816
816,911,922
816,786,238
816,755,786
816,238,221
816,929,755
816,817,791
816,918,929
918,930,786
918,786,931
755,918,932
918,755,933
934,932,918
918,933,934
935,757,918
757,929,918
935,918,936
936,918,937
938,918,939
938,940,918
918,940,941
918,941,942
918,943,944
918,942,943
918,945,946
918,944,945
918,946,930
931,939,918
947,948,918
948,925,918
925,937,918
949,947,918
950,949,918
951,950,918
918,952,951
918,953,952
914,953,918
918,917,914
954,955,918
954,918,956
956,918,957
955,957,918
958,959,918
958,918,960
961,960,918
961,918,962
959,963,918
964,918,963
964,962,918
961,962,786
964,786,962
965,786,964
964,963,946
965,964,946
965,961,786
965,942,966
965,967,942
965,944,967
965,968,944
965,940,958
958,934,965
965,934,961
965,946,968
965,966,940
967,968,946
967,944,968
946,942,967
946,966,942
946,940,966
959,946,963
925,938,937
936,937,938
946,959,938
958,938,959
938,939,934
931,934,939
954,934,955
957,955,969
934,969,955
957,969,954
934,954,969
961,934,960
958,960,934
958,970,938
958,940,970
946,938,970
946,970,940
957,971,956
957,954,971
755,956,971
755,971,954
954,956,755
953,948,949
950,948,953
953,972,947
947,973,953
915,974,953
953,913,915
953,951,975
953,975,950
976,952,953
976,953,977
977,953,978
979,953,974
953,979,913
980,981,953
980,953,973
951,953,949
982,978,953
953,914,982
972,953,981
983,984,953
983,953,985
984,985,953
982,913,978
977,978,913
984,986,915
984,913,986
984,915,985
983,913,984
987,915,986
987,986,913
948,987,913
948,914,987
987,988,915
987,914,988
927,915,988
927,988,914
915,948,974
979,974,948
983,985,915
983,989,948
913,983,948
983,915,989
990,948,989
990,989,915
914,948,990
990,915,991
990,991,925
914,990,925
926,991,915
926,925,991
972,981,948
980,948,981
980,972,948
980,947,972
916,913,982
916,982,914
947,951,973
980,973,951
980,992,947
980,951,993
980,949,992
980,994,949
980,950,994
980,993,950
995,993,951
995,950,993
951,947,995
992,995,947
992,950,995
992,949,994
992,994,950
979,948,996
979,996,925
909,979,925
913,979,909
915,996,948
915,925,996
976,977,997
997,977,998
977,913,999
1000,998,977
999,1000,977
1000,999,1001
1001,999,916
913,916,999
1002,1003,1001
605,1002,1001
1000,1001,1003
1001,1004,1005
1001,1005,1006
1001,1007,605
1001,1008,1007
1001,1006,1008
1001,916,1004
916,1009,1004
1004,1009,1010
1010,1011,1004
1004,1011,1012
1013,1004,1014
1013,1006,1004
1006,1014,1004
1004,1012,1015
1004,1016,392
1004,1015,1016
392,598,1004
1004,598,1017
1004,1017,1007
1018,1019,1004
1018,1004,1020
1021,1020,1004
1019,1021,1004
1007,1005,1004
1019,598,1021
1015,1021,598
1021,1015,1020
598,1019,1006
1018,1006,1019
1013,1014,1011
1014,1022,1011
1014,1006,1022
1007,1011,1022
1007,1022,1006
1018,1020,1015
1018,1023,1011
1006,1018,1011
1018,1015,1023
1006,1011,1023
1006,1023,1015
605,1017,598
605,1007,1017
392,1015,1011
1011,1015,1013
1024,1013,1015
1015,392,1024
1025,1016,1015
1015,1026,1006
1015,1007,1026
1007,1015,1027
394,1027,1015
1015,598,1028
1015,1029,1030
1015,1028,1029
1015,1030,394
1025,1015,1012
1025,1012,1011
1031,1025,1011
1031,103,1025
103,1032,1025
1025,392,1016
1032,392,1025
1032,103,113
113,164,1032
1032,164,162
162,355,1032
356,1032,355
356,392,1032
1031,1011,1033
1034,1031,1035
1033,1035,1031
1031,1034,1036
1036,103,1031
103,1036,128
1036,1037,128
1038,1037,1036
1038,1036,1039
1034,1039,1036
1039,1040,1041
1041,1042,1039
1039,1042,1038
1039,1043,1044
1039,1044,1045
1045,1040,1039
1039,1034,1043
1043,1046,1047
1043,1047,1044
1043,1048,1046
1043,1034,1048
1035,1046,1048
1035,1048,1034
1046,1000,1049
998,1000,1046
1050,1046,1035
1046,1050,998
1051,1052,1046
1046,1044,1051
1034,1046,1053
1034,1054,1046
1053,1046,1054
1049,1047,1046
1055,1046,1052
1044,1046,1055
1055,1052,1034
1051,1034,1052
1044,1000,1053
1034,1053,1000
1053,1054,1044
1055,1056,1044
1055,1000,1056
1055,1057,1000
1055,1034,1057
1056,1000,1057
1056,1057,1034
1056,1034,1051
1056,1051,1044
1003,1049,1000
1049,1044,1047
1003,1044,1049
1034,1044,1054
998,1050,997
1058,997,1050
1050,1059,1060
1050,1060,1058
1059,1050,1035
1058,1037,1061
1058,1059,1037
951,1058,1062
1058,951,997
1058,1063,1064
1058,1065,1063
128,1066,1058
1058,1067,128
1058,1068,1065
1058,1061,1068
1058,1064,1059
1062,1058,1060
1067,1058,1069
1066,1070,1058
1070,1069,1058
1068,1071,1037
1037,1072,1068
1073,1068,1072
1068,1074,1075
1076,1074,1068
1068,1063,1059
1068,1077,1063
1068,1078,1076
1068,1073,1078
1068,1075,1077
1061,1065,1068
1068,1059,1071
1068,1079,1080
1079,1068,1081
1068,1080,1081
1082,1080,1079
1082,1081,1080
1083,1063,1082
1081,1082,1063
1083,1082,1079
1079,1037,1083
1066,1083,1037
1066,1063,1083
1079,1081,1063
1063,1037,1079
128,1037,1071
128,1071,1059
1075,1084,1085
1075,1074,1084
1085,1077,1075
1085,1074,1086
1074,1085,1087
1088,1085,1089
1089,1085,1090
1088,1077,1085
1091,1087,1085
1085,1086,1091
1092,1085,1093
1092,1090,1085
1084,1093,1085
1085,1094,1095
1095,1096,1085
1085,1096,1094
1097,1098,1090
1090,1099,1097
1100,1099,1090
915,1101,1090
915,1090,1102
1098,1041,1090
1103,1090,1041
1090,1104,1100
1090,1105,1104
1090,1103,1089
1105,1090,1106
1106,1090,942
1090,1092,942
910,1090,1107
910,1108,1090
1108,1109,1090
1107,1090,1109
1102,1090,1101
915,1092,1101
1102,1101,1092
910,1107,1092
1107,1110,1092
1107,1109,915
1107,915,1110
1111,1092,1110
1111,1110,915
1112,1092,1111
1111,915,1113
1111,1113,1114
1112,1111,1114
1115,1114,1116
1115,1117,1114
1092,1114,942
942,1114,1117
915,1114,1118
1119,1114,915
1114,1120,1112
1121,1118,1114
1114,1119,1121
1091,1116,1114
1114,1092,1091
1122,1123,1114
1120,1114,1124
1124,1114,1113
1119,1115,71
71,1125,1119
1119,1125,1126
1115,1119,1117
1119,1112,942
1112,1119,1127
1119,1126,1127
1119,1128,1121
1128,1119,1129
915,1129,1119
942,1117,1119
1120,1124,1119
1120,1119,1130
1124,1130,1119
915,1112,1129
1128,1129,1112
1120,1130,915
1124,915,1130
1128,910,1131
1128,1132,910
922,1133,1128
1128,1131,922
1128,1134,1132
1128,1135,1134
1128,1112,1135
1136,1121,1128
1133,1136,1128
1132,1135,1112
1132,1134,1135
1112,910,1132
915,1131,910
915,922,1131
1136,1133,1137
1136,1137,1121
909,1137,908
1121,1137,909
1137,1133,908
1138,1137,1139
1138,1140,1137
1141,1137,1140
1137,1141,1139
1139,1142,1143
1142,1139,1141
1139,1144,1138
1144,1139,1145
1139,1143,1145
1146,1143,1142
1146,1145,1143
1146,1142,1147
1148,1149,1146
1148,1146,1147
1146,1150,1151
1151,1152,1146
1152,1153,1146
1146,1154,1150
1146,1155,1154
1146,1100,1155
1156,1157,1146
1156,1146,1158
1159,1158,1146
1159,1146,1157
1149,1160,1146
1145,1146,1161
1100,1146,1162
1162,1146,1163
1161,1146,1164
1165,1146,1153
1165,1166,1146
1166,1167,1146
1168,1146,1167
1160,1164,1146
1169,1146,1170
1170,1146,1171
1168,1171,1146
1169,1163,1146
1169,1149,1163
1162,1163,1149
1165,1153,1145
1152,1145,1153
1168,1167,1150
1168,1155,1171
1150,1154,1168
1155,1168,1154
1160,1154,1164
1161,1164,1154
1172,1149,1169
1172,1169,1100
1169,1170,1100
1100,1148,1172
1162,1172,1148
1162,1149,1172
1170,1171,1155
1155,1100,1170
1154,1160,1100
1149,1100,1160
1166,1150,1167
1165,1151,1166
1150,1166,1151
1142,1151,1165
1142,1165,1145
1154,1151,1161
1145,1161,1151
1100,1162,1148
1173,1159,1174
1159,1173,1148
1157,1174,1159
1145,1159,1148
1159,1145,1158
1173,1174,1145
1157,1145,1174
1175,1173,1145
1175,1148,1173
1151,1148,1175
1151,1175,1149
1145,1149,1175
1099,1149,1176
1149,1099,1100
1149,1148,1147
1176,1149,1147
1149,1154,1177
1149,1178,1154
1178,1149,1179
1149,1177,1151
1145,1179,1149
1178,1179,1100
1145,1100,1179
1145,1177,1154
1177,1180,1151
1177,1145,1180
1148,1151,1180
1148,1180,1145
1145,1178,1100
1145,1154,1178
1176,1181,1099
1182,1176,1147
1176,1182,1181
1099,1181,1183
1181,1182,1183
1183,1097,1099
1184,1097,1183
1183,1185,1186
1185,1183,1182
1186,72,1183
1184,1183,74
74,1183,72
1097,1184,1074
1184,1187,1115
1187,1184,1076
1188,1189,1184
1184,1189,1098
1115,1190,1184
1074,1184,1098
1076,1184,1190
74,1191,1184
1191,1188,1184
1192,1189,1188
1192,1188,1191
1189,1192,1042
1192,1038,1042
148,1038,1192
148,1192,83
1191,83,1192
1191,74,83
1115,1074,1190
1076,1190,1074
1042,1098,1189
1115,1187,71
1187,1076,1072
71,1187,1072
1186,1185,1126
72,1186,1126
1182,1193,1185
1126,1185,1193
1127,1126,1193
1193,1194,1127
1195,1194,1193
1193,1182,1147
1147,1195,1193
1195,1196,1194
1197,1195,1147
1196,1195,1198
1199,1198,1195
1195,1200,1201
1195,1197,1200
1195,1201,1199
1200,1202,1201
1201,1202,1199
1202,1200,1203
1202,1203,1204
1202,1205,1199
1205,1202,1206
1207,1206,1202
1202,1208,1207
1204,1208,1202
1206,908,1209
1206,1209,1205
1206,1207,1210
1210,1211,1206
1206,1211,908
1211,1210,1212
908,1211,1213
1212,1213,1211
1213,1214,908
1215,1213,1212
1215,1214,1213
1216,1217,1215
1216,1215,1218
1212,1218,1215
1214,1215,1217
1212,1208,1218
1218,1208,1204
1219,1218,1204
1218,1219,1220
1218,1220,1216
1220,1196,1221
1221,1216,1220
1222,1220,1219
1220,1222,1223
1220,1223,1196
1194,1223,71
71,1223,1125
1223,1224,1125
1223,1225,1224
1223,1226,1225
1222,1226,1223
1196,1223,1194
1227,1225,1226
1227,1224,1225
1228,1227,1229
1227,1228,1230
1227,1231,1232
1232,1224,1227
1230,1233,1227
1233,1234,1227
1235,1229,1227
533,1235,1227
1234,1236,1227
1237,1238,1227
1227,238,1237
1239,1227,1238
1240,1227,946
238,1227,1240
1241,1227,1236
1242,1243,1227
1242,1227,1244
1245,1244,1227
1245,1227,1243
1227,1239,946
1227,1246,533
1227,1247,1246
1227,1248,1247
1227,1249,1248
1227,1250,1249
1227,1251,1250
1222,1251,1227
1226,1222,1227
1227,1252,1231
1227,1253,1252
1227,1254,1253
1227,1255,1254
1227,1241,1255
1241,908,922
908,1241,1256
1241,1257,1258
1256,1241,1258
942,1259,1241
1241,1245,942
1241,1260,1232
1232,1252,1241
1224,1241,922
1241,1224,1260
1241,1236,1240
1241,1240,1261
1241,1262,1245
1263,1257,1241
1241,1254,1263
1241,1261,1262
1252,1254,1241
1214,1241,1259
1214,1255,1241
1264,1265,1241
1264,1241,1266
1266,1241,1267
1265,1267,1241
942,908,1259
1214,1259,908
1224,1265,908
1264,908,1265
1265,1224,1267
1268,1245,1262
1268,1262,1261
1269,1245,1268
1268,1270,1271
1269,1268,1271
1268,1261,1270
1240,1271,1270
1240,1270,1261
1272,1269,1273
944,1269,1272
1245,1269,944
1273,1269,1240
1271,1240,1269
1274,1275,1273
1275,1276,1273
1273,1240,1274
1273,1277,1272
1278,1277,1273
1273,1276,1278
1279,1280,1276
1276,1280,1281
1281,1278,1276
1276,1275,1279
1282,1279,1275
1282,1280,1279
1283,1279,1284
1283,1285,1279
1286,1279,1285
1274,1279,1287
1274,1288,1279
1289,1279,1288
1289,1287,1279
1286,1284,1279
1289,1290,1286
1289,1286,1291
1289,1292,1293
1293,1294,1289
1291,1295,1289
1289,1296,1234
1289,1234,1292
1283,1297,1289
1297,1298,1289
1298,1299,1289
1283,1289,1299
1294,1300,1289
1289,1274,1296
1289,1282,1274
1282,1289,1301
1289,1275,1287
1289,1302,1275
1288,1303,1289
1289,1295,1290
1301,1289,1303
1302,1289,1304
1300,1305,1289
1306,1289,1305
1306,1307,1289
1304,1289,1307
1295,1308,938
938,1309,1295
1310,1295,1311
1312,1311,1295
925,1290,1295
925,1295,1313
1295,1291,1314
1295,1314,1312
1313,1295,1310
1282,1295,1286
1282,1283,1295
1283,1299,1295
1315,1295,1309
1298,1295,1299
1308,1295,1315
1295,940,1316
940,1295,1317
1317,1295,1318
1295,1301,1319
1301,1295,1320
1295,1319,1320
1316,1321,1295
1322,1295,1321
1322,1318,1295
1295,1298,1286
1315,1309,1282
1282,1313,1315
1308,1315,1313
1317,1318,1313
1322,1313,1318
1323,1319,1301
1323,1320,1319
1320,1323,1282
1303,1282,1323
1303,1323,1301
1322,1310,1324
1322,1324,1313
1322,1321,1282
1282,1310,1322
1324,1325,1326
1324,1326,1327
1324,1327,1313
1324,1310,1325
1325,1328,1329
1329,1326,1325
1325,1310,1328
1330,1329,1328
1330,1328,1310
1326,1329,1330
1326,1330,1331
1310,1331,1330
1239,1332,1331
1239,1331,1329
1329,1331,1332
1333,1334,1331
1334,1335,1331
1313,1331,1335
1333,1331,1313
1326,1331,1317
1317,1331,1336
1310,1336,1331
1310,1333,1336
1317,1336,1333
1239,1333,1332
1329,1332,1333
1337,1338,1333
1333,1339,1337
1333,1338,1339
925,1333,1340
1341,1340,1333
1342,1341,1333
1333,1343,1342
1333,1344,1343
1333,1345,1344
1346,1333,1347
1333,1346,1326
1333,1239,1348
1333,1348,1349
1350,1351,1333
1350,1333,1352
1352,1333,1351
1317,1333,1353
1310,1353,1333
1313,1347,1333
1326,1334,1333
925,1329,1333
1349,1345,1333
1239,1349,786
1354,1349,1239
1349,1355,1356
1349,1356,1357
786,1349,1358
1359,1360,1349
1349,1360,1361
1349,1362,1355
1349,1363,915
915,1359,1349
1349,1364,1363
1349,1365,1366
1367,1365,1349
1349,1368,1364
1367,1349,1369
1349,1370,1235
1242,1349,1235
1349,1361,1362
1349,1366,1371
1349,1372,1369
1371,1345,1349
1373,1372,1349
1354,1358,1349
533,1349,1348
1242,1374,1349
1374,1375,1349
1370,1349,1376
1376,1349,1375
1349,1357,1373
1349,529,1368
533,529,1349
526,1368,529
526,1364,1368
1377,1361,1360
1377,1362,1361
1360,1378,1377
1377,1379,1362
1379,1377,1380
1380,1377,1378
1378,520,1381
1381,1380,1378
520,1378,519
1378,1382,1383
1383,1384,1378
1384,519,1378
1382,1378,1360
518,1382,1360
1382,518,1385
1382,1386,1383
1382,1385,1386
1385,1387,1388
1389,1387,1385
1385,1384,1389
1390,1386,1385
1385,1388,1390
1384,1385,518
1388,1391,1392
1388,1392,1390
1388,1387,1393
1388,1393,1391
1256,1389,1391
1387,1390,1391
1394,1387,1391
1391,1395,1396
1391,1396,183
1397,1394,1391
1397,1391,1398
183,1398,1391
1390,1395,1391
1399,1391,1400
1399,1401,1391
1401,1392,1391
1400,1391,1402
1403,1404,1391
1403,1391,1405
1405,1391,1406
1407,1408,1391
1407,1391,1409
1409,1391,1410
1404,1406,1391
1402,1391,1411
1412,1413,1391
1412,1391,1414
1414,1391,1408
1391,1415,1416
1415,1391,1417
1391,1416,1417
1391,1418,1419
1418,1391,1420
1391,1419,1420
1421,1391,1422
1421,1411,1391
1423,1391,1413
1423,1424,1391
1425,1391,1393
1425,1422,1391
1426,1391,1424
1426,1427,1391
1428,1391,1427
1428,1410,1391
1428,1390,1410
1409,1410,1390
1428,1427,1387
1429,1428,1387
1429,1390,1428
1429,1387,1426
1429,1412,1256
1429,1256,1264
1429,1426,1394
1429,1394,1423
1429,1423,1397
1429,1397,1412
1359,1407,1429
1429,1430,1359
1390,1429,1407
1429,1431,1430
1431,1429,1264
915,1431,1432
1431,915,1433
1359,1432,1431
1431,1433,1359
1258,1431,1256
1258,1434,1431
1435,1431,1434
1394,1256,1431
1431,1387,1394
1390,1387,1431
1390,1431,1436
1264,1437,1431
1437,1438,1431
1438,1439,1431
1440,1431,1439
1440,1441,1431
1431,1435,1442
1431,1442,1443
1443,1444,1431
1444,1436,1431
1445,1446,1431
1445,1431,1447
1447,1431,1448
1446,1448,1431
1430,1431,1449
1450,1431,1441
1450,1449,1431
1450,1441,1443
1440,1443,1441
1430,1449,1444
1450,1444,1449
1407,1450,1443
1407,1444,1450
1444,1359,1436
1390,1436,1359
1359,1451,1446
1445,1359,1446
1448,1446,1451
1359,1445,1451
1448,1451,1445
1448,1452,1447
1448,1445,1452
915,1447,1452
915,1452,1445
1445,1447,915
1453,1454,1444
1453,1444,1455
1444,1396,1359
1444,1443,1396
1444,1456,1457
1457,1455,1444
1458,1444,1454
1444,1458,1456
1407,1459,1444
1430,1444,1459
1456,1460,1360
1360,1362,1456
1456,1359,1460
1359,1456,1461
1356,1456,1362
1356,1461,1456
1457,1456,1380
1456,1462,1380
1462,1456,1463
1463,1456,1464
1464,1456,1458
1465,1466,1456
1465,1456,1467
1467,1456,1468
1468,1456,1466
1359,1356,1464
1463,1464,1356
1464,1458,1359
1467,1468,1356
1468,1469,1356
1468,1359,1469
1468,1466,1359
1465,1356,1469
1465,1469,1359
1465,1359,1466
1356,1362,1461
1359,1461,1362
1467,1356,1470
1467,1470,1360
1465,1467,1360
1470,1356,1471
1472,1360,1470
1470,1471,1472
1472,1473,1356
1356,1360,1472
1472,1362,1473
1471,1474,1472
1362,1472,1474
1471,1473,1474
1362,1474,1473
1473,1471,1356
1356,1465,1360
1463,1356,1475
1462,1463,1476
1476,1463,1477
1478,1477,1463
1463,1475,1478
1463,1373,1479
1479,1480,1463
1481,1463,1480
1481,1482,1463
1483,1484,1463
1483,1463,1485
1486,1485,1463
1463,1487,1373
1486,1463,1484
1487,1463,1482
1373,1356,1486
1478,1486,1356
1486,1478,1485
1486,1484,1373
1481,1356,1482
1487,1482,1356
1479,1487,1356
1479,1373,1487
1483,1373,1484
1359,1475,1356
1359,1478,1475
1483,1485,1478
1356,1373,1483
1356,1483,1478
1479,1356,1481
1481,1480,1478
1479,1481,1478
1479,1478,1480
1478,1488,1372
1488,1478,1489
1453,1490,1478
1478,1359,1453
1491,1478,234
1478,1491,1492
1373,1478,1372
1373,1493,1478
1493,1494,1478
1495,1478,1496
1495,1497,1478
1497,1498,1478
1499,1477,1478
1478,1500,1501
1500,1478,1502
1502,1478,1503
1504,1478,1505
1504,1506,1478
1507,1478,1506
218,1508,1478
1508,1509,1478
1505,1478,1509
218,1478,1507
1501,1510,1478
1492,1496,1478
1503,1478,1510
1511,1478,1512
1511,1513,1478
1514,1478,1513
1514,1512,1478
1499,1478,1490
1478,1494,1489
1478,1498,234
1515,1488,1489
1489,1494,1516
1517,1515,1489
1516,1517,1489
1518,1516,1494
1516,1518,1519
1520,1516,1519
1520,1517,1516
1521,1518,1522
1522,1518,1523
1521,1519,1518
1494,1523,1518
1523,1524,1522
1524,1523,1494
1524,1525,1522
1526,1524,1527
1525,1524,1526
1494,1527,1524
1522,1525,1528
1525,1529,1528
1530,1529,1525
1525,757,1530
1531,757,1525
1532,1533,1525
1525,1534,1532
1535,1534,1525
1526,1536,1525
1531,1525,1533
1525,1537,1535
1536,1537,1525
1538,1537,1536
1538,1536,1539
1540,1539,1536
1541,1536,1526
1536,1541,1542
1536,1542,1540
1543,1542,1544
1544,1542,1541
1540,1542,1543
1543,1545,1546
1547,1543,1546
1544,1548,1543
1549,1550,1543
1540,1543,1550
1547,1551,1543
1543,1548,1552
1543,1552,1545
1543,1553,1549
1553,1543,1554
1555,1543,1551
1543,1555,1554
1552,1556,1557
1552,1557,1558
1552,1559,1560
1561,1552,1560
1546,1562,1552
1561,1546,1552
1552,1563,1564
1563,1552,1565
1566,1565,1552
1552,1548,1566
1552,1564,1556
1567,1552,1568
1552,1567,1559
1569,1570,1552
1569,1552,1571
1571,1552,1570
1558,1545,1552
1568,1552,1562
1569,1546,1570
1571,1570,1546
1546,1564,1562
1568,1562,1564
1568,1563,1572
1568,1573,1563
1568,1572,1567
1568,1564,1573
1573,1574,1563
1573,1564,1575
1573,1576,1574
1573,1575,1576
1577,1575,1564
1577,1576,1575
1577,1564,1578
1577,1578,1579
1580,1577,1579
1580,1576,1577
1580,1581,1582
1582,1564,1580
1580,1579,1581
1583,1580,1564
1580,1584,1585
1584,1580,1583
1580,1585,1576
1586,1585,1584
1586,1576,1585
1586,1587,1588
1589,1587,1586
1586,1588,1576
1589,1586,1584
1590,1589,1591
1592,1591,1589
1587,1589,1593
1589,1594,1592
1594,1589,1584
1589,1590,1595
1589,1595,1593
1592,1596,1591
1592,1597,1596
455,1592,1594
1598,1592,455
1597,1592,1598
1599,1592,1600
1592,1601,1600
1601,1592,1602
1603,1602,1592
1592,1604,1603
1604,1592,1605
1599,1605,1592
1605,1606,1607
1607,1608,1605
1605,1608,1604
1605,1609,1606
1605,1599,1609
1610,1609,1599
1609,1610,1606
1599,1611,1610
1611,1612,1610
1613,1610,1612
1613,1606,1610
1606,1613,1614
1613,1615,1614
1612,1615,1613
1615,1606,1614
1606,1615,1612
1606,1612,1607
1611,1608,1612
1608,1607,1612
1611,1599,1600
1616,1608,1611
1616,1611,1617
1600,1617,1611
1617,1601,1618
1601,1617,1600
1617,1618,1616
1604,1618,1619
1619,1618,1620
1621,1620,1618
1618,1601,1621
1618,1604,1616
1621,1622,1620
1621,1623,1622
1624,1621,1625
1624,1623,1621
1625,1621,1601
1602,1625,1601
1625,1603,1626
1625,1626,1624
1603,1625,1602
1627,1624,1626
1626,1628,1627
1628,1626,1603
1628,1620,1622
1622,1627,1628
1620,1628,1619
1603,1619,1628
1627,1622,1629
1630,1627,1629
1630,1624,1627
1631,1624,1630
1630,1629,1632
1632,1631,1630
1624,1631,1633
1633,1631,1634
1631,1632,1634
1633,1623,1624
1633,1635,1623
1635,1633,1636
1633,1637,1636
1637,1633,1634
1634,1636,1637
1636,1634,1638
1636,1638,1639
1639,1635,1636
1639,1629,1635
1629,1639,1632
1639,1638,1632
1634,1632,1638
1629,1623,1635
1622,1623,1629
1619,1603,1604
1616,1604,1608
1598,1591,1596
1598,1596,1640
455,1590,1598
1640,1597,1598
1591,1598,1590
1640,260,1641
260,1640,1642
1641,1643,1640
158,1640,1643
1640,1644,1642
1640,1645,1597
1640,1646,1645
176,1646,1640
1644,1640,1596
158,156,1640
1640,156,1647
1640,1647,176
1647,1648,176
1647,158,1648
158,1647,156
1646,1648,158
1646,176,1648
1649,1650,1644
1644,1650,1642
1651,1644,1596
1644,1651,1652
1644,1653,1649
1652,1654,1644
1653,1644,1595
1595,1644,1654
1595,1654,1655
1656,1655,1654
1654,1652,1656
1655,1656,1657
1657,1656,1652
1657,1658,1655
1657,1652,1651
1651,1658,1657
1658,1659,1660
1659,1658,1596
1658,1651,1596
1661,1658,1660
1658,1661,1655
1662,1661,1663
1663,1661,1664
1661,1660,1664
1593,1661,1662
1593,1655,1661
1663,1665,1662
1662,1665,1666
1666,1593,1662
1666,1667,1587
1593,1666,1587
1666,1668,1667
1669,1670,1666
1669,1666,1671
1671,1666,1672
1670,1672,1666
1666,1563,1668
1666,1665,1563
1666,1673,1674
1674,1675,1666
1666,1675,1673
1676,1674,1673
1676,1673,1675
1677,1674,1676
1675,1667,1676
1677,1676,1667
1674,1677,1665
452,1677,1667
452,1665,1677
1674,1667,1675
1667,1674,1665
1670,1563,1672
1670,1678,1563
1669,1665,1670
1670,1665,1678
1679,1563,1678
1679,1678,1665
1680,1679,1665
1680,1681,1679
1679,1682,1563
1679,1681,1682
1683,1563,1682
1683,1682,1681
1684,1683,1681
1684,1685,1683
1683,1686,1563
1683,1685,1686
1687,1563,1686
1687,1686,1685
1687,1688,1689
1687,455,1688
455,1687,1685
1687,1690,1563
1687,1689,1690
1691,1692,1689
1691,1689,1667
1693,1667,1689
683,1693,1689
455,1694,1689
448,455,1689
1689,1695,1563
1685,1689,1563
1590,1696,1689
1590,1689,1685
1665,1689,1692
683,1689,1694
448,1689,1665
1697,1690,1689
1689,1698,1699
1689,459,1698
459,1689,1696
1689,1699,1700
1689,1700,1701
1689,1702,1695
1689,1701,1702
1697,1689,1703
1704,1689,1688
1704,1705,1689
1705,1706,1689
1703,1689,1707
1708,1689,1709
1708,1710,1689
1711,1689,1710
1711,1707,1689
1712,1689,1706
1712,1709,1689
1713,1714,1701
1701,1715,1713
1716,1717,1701
1701,1717,1715
1714,1718,1701
1718,1719,1701
1701,1719,1702
1701,1720,1721
1721,1722,1701
1699,1701,1722
1720,1701,1723
1701,1724,1725
1724,1701,1726
1726,1701,1727
1725,1728,1701
1701,1699,1667
1667,1723,1701
1703,1707,1701
1703,1701,1729
1728,1729,1701
1701,1730,1716
1730,1701,1700
1731,1727,1701
1731,1701,1711
1711,1701,1707
1731,1716,1727
1726,1727,1716
1731,1711,1699
1732,1716,1731
1732,1731,1699
1716,1732,1733
1734,1732,1735
1733,1732,1734
1699,1735,1732
1733,1717,1736
1737,1717,1733
1733,1736,1716
1738,1733,1734
1733,1738,1737
1726,1736,1717
1726,1716,1736
1738,1739,1740
1737,1738,1740
1734,1739,1738
1739,156,1741
1741,1740,1739
1739,1742,156
1739,1734,1742
1742,1743,1744
1745,1743,1742
156,1742,1746
1742,1747,1745
1742,1734,1747
1744,1748,1742
1748,1746,1742
1749,1746,1684
1750,1746,1749
1748,1751,1746
1752,156,1746
1746,1750,1752
1751,1753,1746
1746,1753,1754
1754,1684,1746
1755,1754,1756
1756,1754,1753
1684,1754,1685
1754,1755,455
1685,1754,455
1569,1757,1755
1569,1755,1758
1755,1759,1557
1755,1557,1760
1758,1755,1546
1755,1760,1546
1761,1755,1762
1755,1761,1763
1755,1763,1759
1756,1764,1755
1757,455,1755
1764,1765,1755
1762,1755,1765
1763,1557,1556
1557,1763,1564
1582,1759,1763
1763,1766,1582
1763,1767,1579
1579,1768,1763
1763,1556,1564
1769,1763,1770
1769,1771,1763
1770,1763,1771
1766,1763,1768
1763,1761,1584
1763,1584,1772
1763,1772,1576
1763,1576,1767
1770,1773,1557
1769,1770,1557
1770,1564,1773
1770,1771,1564
1546,1557,1773
1546,1773,1564
1774,1582,1766
1774,1766,1564
1766,1768,1564
1576,1582,1774
1774,1775,1579
1774,1579,1767
1774,1564,1775
1774,1767,1576
1768,1579,1775
1768,1775,1564
1776,1772,1584
1776,1576,1772
1776,1777,1576
1776,1587,1777
1669,1587,1776
1669,1776,1584
1778,1777,1587
1778,1576,1777
1779,1778,1587
1778,1563,1780
1779,1563,1778
1778,1780,1576
1669,1779,1587
1779,1781,1563
1669,1667,1779
1779,1667,1781
1671,1563,1781
1671,1781,1667
1582,1576,1780
1582,1780,1563
1769,1564,1771
1557,1546,1769
1782,1769,1546
1594,1769,1782
1594,1564,1769
1546,1561,1782
1782,1561,1783
1782,1783,1784
455,1594,1782
1782,1784,455
1783,1785,1784
1785,455,1784
1783,1561,1785
1785,1786,455
1787,1785,1561
1786,1785,1788
1785,1789,1788
1785,1790,1789
1785,1791,1790
1787,1791,1785
1792,1787,1561
1787,1792,1793
1791,1787,1794
1794,1787,1795
1787,1793,1795
1795,1793,1597
1597,1796,1795
1792,1795,1796
1795,1792,1794
1797,1796,1597
1792,1796,1793
1793,1796,1798
1796,1799,1798
1800,1799,1796
1796,1801,1800
1797,1801,1796
1788,1797,1645
1645,1797,1597
1797,1790,1801
1797,1788,1790
1802,1801,1740
1803,1740,1801
1790,1645,1801
1803,1801,1645
1800,1801,1804
1801,1802,1805
1804,1801,1805
1645,916,1803
1806,1803,916
1807,1740,1803
1803,1806,1807
183,1806,916
1806,183,1808
1808,1715,1806
1717,1807,1806
1806,1715,1717
1808,1453,1809
1808,1810,1453
1808,1811,1498
1812,1808,1498
1808,183,1810
1715,1808,1497
1813,1497,1808
1808,1812,1813
1808,1814,1811
1808,1809,1814
218,1815,1814
218,1814,1816
1817,1814,1818
1818,1814,1453
1819,1814,1817
234,1811,1814
234,1814,1809
1814,1498,1453
1814,1819,1820
1820,1499,1814
1499,1498,1814
1816,1814,1815
1816,1815,1498
218,1498,1815
1816,1821,1453
1816,1498,1821
218,1816,1453
1715,1453,1821
1715,1821,1498
1822,1476,1820
1820,1819,1822
1477,1499,1820
1477,1820,1476
1476,1822,1462
1817,1462,1822
1817,1822,1819
1823,1462,1817
1818,1823,1817
1379,1380,1823
1379,1823,1824
1823,1825,1824
1825,1823,1818
1823,1380,1462
1826,1825,1519
1519,1825,1520
1825,1818,1520
1825,1826,1824
1379,1824,1826
1826,1521,1379
1827,1828,1826
1829,1827,1826
1828,1830,1826
1829,1826,1830
1519,1521,1826
1829,1357,1356
1827,1829,1356
1829,1373,1357
1373,1829,1824
1829,1830,1824
1828,1824,1830
1827,1494,1828
1831,1373,1828
1824,1828,1373
1828,1493,1832
1828,1494,1493
1832,1831,1828
1373,1831,1832
1832,1493,1373
1827,1356,1355
1522,1494,1827
1522,1827,1362
1827,1355,1362
1818,1833,1520
1833,1818,1834
1453,1834,1818
1835,1381,1834
520,1834,1381
1834,520,1833
1834,1453,1835
1381,1835,1836
1836,1835,1435
1835,1453,183
183,1435,1835
1381,1836,1457
1443,1457,1836
1836,1435,1443
1833,520,1837
1838,1517,1833
1838,1833,1839
1833,1840,1839
1833,1837,1840
1517,1520,1833
1838,1840,1837
1838,1839,1840
1839,1837,1812
1837,1841,1812
1813,1842,1837
1837,1843,1813
1837,523,1838
1837,520,523
1837,1844,1841
1837,1839,1844
1837,1845,1843
1837,1846,1845
1846,1837,1847
1842,1848,1837
1847,1837,1848
1837,1849,1850
1850,1851,1837
1837,1851,1849
1846,1847,1839
1847,1848,1813
1813,1839,1847
1852,1850,1849
1852,1849,1851
1853,1850,1852
1853,1852,1839
1851,1839,1852
1850,1853,1841
1854,1841,1853
1854,1853,1839
1854,1855,1813
1854,1813,1856
1845,1841,1854
1854,1856,1845
1854,1839,1855
1857,1813,1855
1857,1855,1839
1857,1856,1813
1857,1845,1856
1841,1857,1839
1841,1845,1857
1850,1839,1851
1839,1850,1841
1858,1841,1844
1858,1844,1839
1813,1841,1858
1813,1858,1845
1839,1845,1858
1848,1842,1859
1848,1859,1813
1860,1813,1859
1859,1842,1861
1859,1861,1860
1841,1861,1842
1841,1860,1861
1842,1813,1860
1842,1860,1841
1813,1846,1839
1846,1813,1843
1846,1843,1845
1845,1812,1862
1812,1845,1839
1845,1862,1813
1841,1862,1812
1841,1813,1862
1517,1838,1863
1864,1863,1838
1838,523,1864
1865,1864,523
1864,1865,227
1866,1863,1864
1864,1867,1866
1864,227,1867
1868,1866,1867
1867,1869,1868
1869,1867,227
218,1870,1869
218,1869,1871
1869,1872,226
1868,1869,226
1872,1869,227
1873,1869,1874
1873,1875,1869
234,1869,1875
1876,1869,1870
1876,1871,1869
234,1874,1869
1873,1874,1872
234,1872,1874
218,1872,1870
1876,1870,1872
218,1871,1868
1871,1876,1877
1871,1877,1868
218,1877,1876
218,1868,1877
1876,1491,1866
1876,1878,1491
1866,1868,1876
218,1876,1879
1876,1868,226
1878,1876,226
234,1880,1876
234,1876,1881
1873,1876,1880
1873,1881,1876
1872,1879,1876
1873,1880,1868
234,1868,1880
218,1879,1878
1872,1878,1879
234,1881,1878
1873,1878,1881
1491,1878,226
1873,1495,1878
1495,1882,1878
234,1878,1882
218,1878,1883
1498,1883,1878
1878,1872,1498
218,1883,1491
1498,1491,1883
234,1882,1491
1495,1491,1882
1873,1868,1875
234,1875,1868
1497,1495,1873
1497,1873,1715
1715,1873,1872
218,1884,1872
1498,1872,1884
1872,227,226
1715,1872,234
1872,1885,1886
1886,1887,1872
1872,1887,1885
1872,1888,1889
1889,1890,1872
1872,1890,1888
1891,1888,1890
1891,1889,1888
1890,1715,1891
1892,1891,1715
1891,1893,1889
1891,1892,1893
227,1889,1893
227,1893,1892
1889,1892,1715
1889,227,1892
1889,1715,1890
1894,1886,1885
1894,1885,1887
1887,1715,1894
1895,1894,1715
1894,1896,1886
1894,1895,1896
227,1886,1896
227,1896,1895
1886,227,1895
1886,1895,1715
1886,1715,1887
218,1715,1884
1498,1884,1715
1866,1491,1863
523,1563,1865
1897,1865,1563
1898,1865,1897
1865,1898,227
1897,1899,1898
232,227,1898
1898,1899,232
1900,1899,1901
1899,1897,1901
231,1899,1900
230,232,1899
1899,1902,230
1899,231,1902
226,1902,231
226,230,1902
1900,1901,1903
1904,1900,1905
1906,1905,1900
1900,1903,1906
226,1900,1904
1900,226,1907
1907,1798,1900
1900,1798,231
1491,1907,1908
1907,1491,1909
1547,1907,1500
1907,1910,1500
1911,1907,1912
1907,1911,1910
1798,1907,226
1547,1908,1907
1907,1913,1914
1907,1915,1913
1915,1907,1916
1917,1918,1907
1907,1914,1917
1918,1919,1907
1920,1916,1907
1920,1907,1919
1909,1912,1907
1911,1912,226
1909,226,1912
1915,1916,226
1920,226,1916
1909,1491,1921
1911,226,1909
1909,1921,1911
1501,1921,1491
1501,1911,1921
1918,1491,1919
1920,1919,1491
1915,1920,1491
1915,226,1920
1918,1922,1491
1918,1798,1922
1917,1798,1918
1923,1491,1922
1923,1922,1798
1923,1924,1547
1923,1917,1924
1923,1925,1491
1923,1547,1925
1917,1923,1798
1926,1491,1925
1926,1925,1547
1927,1926,1928
1926,1929,1928
1926,1547,1929
1927,1491,1926
1915,1927,1928
1927,1930,1491
1915,1931,1927
1927,1931,1930
1932,1491,1930
1932,1930,1931
1932,1933,1491
1915,1934,1932
1915,1932,1931
1932,1934,1933
1488,1934,1372
1935,1934,1488
1491,1936,1934
1491,1934,1937
1934,1938,1939
1935,1938,1934
1939,1931,1934
1934,1931,1372
1934,1940,1941
1934,1942,1940
1934,1943,1942
1934,1941,1944
1944,1502,1934
1502,1937,1934
1915,1945,1934
1945,1933,1934
1943,1934,1936
1905,1946,1935
1946,1947,1935
1935,1948,1905
1949,1948,1935
1935,1950,1949
1950,1935,1488
1935,1947,1938
1567,1951,1947
1947,1951,1526
1526,1952,1947
1953,1947,1952
1947,1946,1567
1947,1953,1954
1938,1947,1549
1947,1954,1549
1954,1488,1955
1488,1954,1950
1953,1956,1954
1957,1958,1954
1954,1958,1494
1954,1956,1959
1954,1959,1950
1549,1954,1960
1955,1957,1954
1494,1960,1954
1960,1494,1522
1522,1961,1960
1960,1961,1549
1528,1961,1522
1961,1528,1550
1550,1549,1961
1962,1958,1957
1957,1963,1962
1957,1964,1963
1964,1957,1955
1964,1965,1966
1966,1963,1964
1955,1965,1964
1967,1968,1965
1968,1969,1965
1969,1966,1965
1955,1970,1965
1971,1965,1970
1965,1971,1967
1968,1967,1959
1959,1967,1971
1971,1949,1950
1950,1959,1971
1949,1971,1972
1971,1970,1972
1973,1972,1488
1488,1972,1970
1972,1973,1949
1974,1973,1488
1973,1974,1949
1488,1515,1974
1974,1515,1948
1948,1949,1974
1970,1955,1488
1959,1969,1968
1966,1969,1956
1959,1956,1969
1966,1975,1963
1975,1966,1953
1956,1953,1966
1962,1963,1975
1975,1976,1962
1976,1975,1952
1952,1975,1953
1952,1526,1976
1527,1976,1526
1958,1962,1976
1958,1976,1527
1527,1494,1958
1951,1977,1978
1978,1526,1951
1977,1951,1567
1567,1566,1977
1978,1977,1544
1977,1566,1548
1548,1544,1977
1541,1978,1544
1526,1978,1541
1515,1905,1948
1946,1979,1567
1946,1906,1979
1946,1905,1906
1563,1567,1979
1563,1979,1906
1491,1931,1936
1943,1936,1931
1928,1942,1943
1928,1943,1980
1943,1940,1372
1981,1940,1943
1982,1943,1372
1943,1982,1981
1931,1980,1943
1915,1943,1983
1915,1984,1943
1984,1985,1943
1983,1943,1985
1983,1928,1986
1983,1985,1928
1915,1983,1940
1983,1986,1940
1987,1986,1928
1987,1940,1986
1987,1928,1988
1915,1940,1987
1915,1987,1944
1987,1988,1944
1989,1988,1928
1989,1944,1988
1989,1928,1990
1915,1944,1989
1915,1989,1913
1989,1990,1913
1914,1990,1928
1914,1913,1990
1984,1928,1985
1984,1982,1991
1915,1982,1984
1984,1991,1928
1915,1991,1982
1915,1928,1991
1980,1992,1928
1980,1982,1992
1931,1982,1980
1993,1992,1982
1993,1928,1992
1982,1931,1993
1491,1993,1931
1491,1928,1993
1928,1982,1372
1981,1982,1928
1928,1994,1981
1981,1994,1995
1995,1939,1981
1939,1996,1981
1944,1981,1996
1944,1940,1981
1939,1938,1996
1997,1996,1938
1996,1997,1913
1996,1913,1944
1997,1554,1917
1553,1554,1997
1997,1938,1553
1917,1913,1997
1995,1998,1999
1999,2000,1995
2000,1939,1995
2001,1998,1995
1995,2002,2001
2002,1995,1994
1994,2003,2002
2004,2001,2002
2005,2004,2002
2005,2002,2006
2006,2002,2003
2001,2006,1998
2006,2007,1998
2003,2007,2006
2008,2006,2001
2006,2008,2005
1999,2008,2004
1999,2009,2008
2004,2008,2001
2009,2005,2008
2007,2009,1999
2010,1547,2009
2007,2010,2009
2009,2000,2005
1994,2000,2009
2009,1547,2011
2009,2003,1994
2003,2009,1917
2009,2011,1917
1372,2011,1547
1372,1917,2011
2012,2010,1917
1547,2010,2012
2007,2003,2010
1917,2010,2003
1551,2012,1555
2012,1551,1547
1555,2012,1917
1999,1998,2007
2004,2000,1999
2004,2005,2000
1994,1928,2000
2000,1928,1939
1945,1488,2013
1915,1488,1945
1945,2013,1491
1945,1491,1933
1514,2013,1488
1514,1491,2013
1928,1941,1940
1928,1944,1941
1491,1937,1488
1502,1488,1937
1928,2014,1944
1944,1913,1372
1940,1944,1372
1502,1944,2014
1928,1913,2014
1502,2014,1913
1928,1940,1942
1928,1931,1939
1549,1553,1938
1931,1928,1372
1924,1928,1929
1924,1929,1547
1928,2015,1913
1928,1917,2015
1547,1917,1928
1547,1928,1491
1924,2016,1928
1914,1928,2016
1914,2016,1917
1924,1917,2016
1547,1913,2015
1547,2015,1917
1917,1554,1555
1913,1917,1372
1915,1491,2017
1488,1915,1500
1915,2017,1911
1915,2018,1500
1915,1911,2018
1511,1500,2018
1511,2018,1911
1511,2017,1491
1511,1911,2017
1913,1547,1502
1491,1908,1798
1908,1547,2019
1908,2019,1798
1491,2019,1547
1491,1798,2019
1501,1500,1910
1501,1910,1911
1491,1500,1911
1905,1863,1904
1904,1491,226
1491,1904,1863
1906,1567,1572
1567,1906,2020
2020,1906,2021
1906,1903,2022
1906,2022,1563
2023,2024,1906
2023,1906,2025
2026,2025,1906
2027,2028,1906
1906,2029,2027
1897,2029,1906
1906,2030,1897
2030,1906,2031
1572,2031,1906
1560,1906,2032
1560,2026,1906
2033,2032,1906
2033,1906,2034
2035,2021,1906
2035,1906,2028
2036,2034,1906
2036,1906,2037
2038,2037,1906
2038,1906,2024
2038,2029,2037
2036,2037,2029
2023,1897,2024
2038,2024,1897
2023,2038,1897
2023,2029,2038
2036,2022,2034
2039,2022,2036
2039,2036,2029
2040,2022,2039
2039,2041,1720
2039,1720,2040
2039,1563,1697
2039,2042,1563
2039,2029,2042
2039,1702,2041
2039,1697,1702
2040,1720,2043
2022,2040,2044
2040,2043,1719
1719,2044,2040
1569,2022,2044
2044,2045,1569
2046,2044,2047
2044,2048,2047
2046,2045,2044
2048,2044,1719
1757,1569,2045
2045,1735,1757
2049,1735,2045
2045,2046,2049
2050,2051,2049
1734,2049,2051
1735,2049,1734
2049,2046,2050
2051,2050,2052
2052,2050,2046
2052,1747,2051
2052,1745,1747
2046,1745,2052
2051,1747,1734
2053,2048,1725
1719,1725,2048
2047,2048,2053
2054,2055,2053
2053,2055,228
2053,2056,2054
2053,1799,2056
2053,231,2057
231,2053,1724
1725,1724,2053
2053,2057,1798
1798,2047,2053
228,1799,2053
2057,231,244
2057,2058,1798
2057,238,2058
2057,244,238
2059,1798,2058
2059,2058,238
2059,2060,1547
2047,2059,1547
2047,1798,2059
2059,238,2060
2061,2060,238
2061,1547,2060
2061,238,2062
2061,2062,1546
1743,2061,1546
1743,1547,2061
2063,1546,2062
2063,2062,238
1743,1546,2063
1743,2063,2064
2063,2065,2064
2063,238,2065
2066,2065,238
2066,2064,2065
2066,2067,2068
1743,2066,2068
1743,2064,2066
2066,238,2067
2067,2069,2068
2067,1660,2069
2067,238,2070
2067,2070,1660
2071,2070,238
2071,1660,2070
1680,1660,2071
1680,2071,2072
2071,2073,2072
2071,238,2073
2074,2072,2073
2074,2073,238
1680,2072,2074
1680,2074,2075
2074,238,2076
2074,2076,2075
2077,2075,2078
1369,2075,2077
2072,2075,2079
2075,2072,2080
786,2081,2075
786,2075,2082
2083,2079,2075
2075,2080,2083
1372,2075,1369
1372,2078,2075
2084,2075,260
238,260,2075
1681,1665,2075
1665,2085,2075
238,2075,2085
1681,2075,2084
1237,2075,2081
1237,2082,2075
212,2075,2076
212,135,2075
1750,2075,167
1750,1680,2075
167,2075,135
2086,2075,2087
2086,2088,2075
2089,2075,2088
2090,2091,2075
2090,2075,2092
2092,2075,2093
2091,2093,2075
1242,2087,2075
1242,2075,2089
1242,786,2087
2086,2087,786
786,1372,2081
1237,2081,1372
1242,2089,1372
2089,2088,786
2089,786,2094
2089,2094,1372
1374,2094,786
1374,1372,2094
2077,2078,2083
1372,2083,2078
2083,2095,2091
2090,2083,2091
2093,2091,2095
2083,2090,2095
2093,2095,2090
2093,2096,2092
2093,2090,2096
2072,2092,2096
2072,2096,2090
2090,2092,2072
2088,2097,786
2088,2086,2097
2097,2098,2099
2097,2086,2098
2099,786,2097
2086,786,2099
2086,2099,238
238,2099,2098
238,2098,2086
2072,2079,2080
2083,2080,2079
2082,2100,786
2082,238,2100
1237,238,2082
1261,786,2100
1261,2100,238
2084,2101,1681
2101,2084,1642
1642,2084,260
1681,2101,2102
2102,2101,1650
1642,1650,2101
2102,1749,1681
1649,1749,2102
2102,1650,1649
238,2085,2072
1665,2072,2085
2083,2103,2077
2104,2083,1372
2083,2104,2105
2083,2106,2072
2072,2107,2083
2083,2107,2106
2083,2108,2109
2108,2083,2110
2083,2109,2110
2105,2103,2083
2105,2111,2112
2103,2105,2112
2111,2105,2104
2111,1584,1587
1587,2112,2111
2111,2113,1584
2114,2113,2111
2111,2115,2114
2068,2115,2111
2111,2104,1660
2111,2116,2068
2111,1660,2116
1659,2111,2117
1659,2118,2111
2118,2119,2111
2119,2117,2111
2120,2111,2121
2120,2122,2111
2122,2121,2111
1659,2117,1660
2119,1660,2117
2120,2121,1660
2122,1660,2121
1372,2068,2116
1372,2116,1660
2122,2068,2069
2120,2068,2122
2122,2069,1660
1743,2068,2120
2123,2120,1764
1743,2120,2123
1665,2120,1680
1680,2120,1660
1669,1765,2120
1669,2120,1665
2120,1765,1764
2124,1744,2123
2123,1744,1743
2123,2125,2124
2125,2123,1753
1753,2123,1756
2123,1764,1756
1748,1744,2124
1751,1748,2124
2124,2125,1751
1753,1751,2125
1660,2119,2068
2118,2068,2119
1547,2068,2118
1793,2118,1659
1547,2118,1793
2126,2127,2118
2118,2128,2126
2128,2118,2127
2126,1659,2127
2128,2127,1659
2126,2128,1659
1594,2128,2129
1594,1584,2128
1583,2128,1584
1583,2129,2128
1594,2129,2126
1583,2126,2129
1594,2126,1583
2130,2115,1366
2114,2115,2130
1366,2115,2131
2115,2132,2131
2115,2068,2132
2133,2132,2068
2133,2131,2132
2133,2134,2135
2136,2134,2133
2068,2137,2133
2133,2138,2139
2139,2140,2133
2133,2137,2136
2141,2133,2142
2133,2141,2143
2144,2133,2145
2133,2144,2138
2133,2135,2146
2146,2147,2133
2133,2147,2148
2148,2149,2133
2133,2149,2131
2150,2133,2140
2143,2151,2133
2142,2133,2151
2133,2150,2152
2133,2152,2153
2133,2154,2155
2133,2153,2154
2155,2145,2133
2144,2145,2149
2145,2155,2156
2145,2156,2149
2144,2149,2156
2144,2156,2155
2142,2151,2068
2068,2149,2142
2141,2142,2149
2155,2157,2158
2155,2159,2157
2068,2160,2155
2068,2155,2161
2155,2153,2131
2148,2153,2155
2155,2158,2144
2141,2155,2160
2141,2161,2155
2149,2155,2131
2155,2149,2148
2155,2162,2159
2162,2155,2154
2163,2157,2162
2162,2148,2163
2162,2164,2148
2162,2157,1345
2162,2165,2164
2150,2159,2162
2162,2152,2150
2162,2153,2152
2162,2154,2153
2165,2162,2166
2162,2167,2168
2168,2169,2162
2162,2169,2167
2131,2166,2162
2162,1345,2131
2131,2150,2166
2165,2166,2150
2170,2168,2167
2170,2167,2169
2171,2170,2150
2169,2150,2170
2171,2168,2170
2168,2171,2157
2172,2157,2171
2171,2150,2173
2171,2173,2172
2150,2157,2172
2150,2172,2144
2172,2174,2144
2174,2172,2173
2175,2174,2150
2174,2173,2150
2175,2144,2174
2175,2176,2139
2175,2139,2177
2175,2150,2176
2175,2177,2141
2141,2144,2175
2177,2139,2176
2177,2176,2150
2177,2150,2178
2177,2178,2141
2143,2178,2150
2143,2141,2178
2168,2150,2169
2150,2168,2157
2165,2179,2180
2181,2179,2165
2182,2165,2180
2183,2165,2182
2184,2165,2183
2184,2148,2165
2165,2148,2185
2165,2185,2181
2150,2164,2165
2180,2186,2187
2187,2188,2180
2189,2180,2179
2186,2180,2189
2182,2180,2188
2188,2187,2190
2190,2189,2188
2182,2188,2189
2183,2190,2187
2191,2181,2190
2183,2191,2190
2190,2186,2189
2181,2186,2190
2182,2179,2191
2179,2192,2191
2191,2183,2182
2193,2181,2191
2191,2192,2193
2179,2064,2192
2192,2194,2193
2192,2195,2194
2064,2195,2192
2195,1558,1557
1557,1550,2195
1550,2134,2195
2195,1546,1558
1546,2195,2064
2195,2134,2136
2136,2194,2195
2137,2193,2194
2194,2136,2137
2193,2137,2179
2179,2181,2193
2189,2179,2182
2186,2181,2185
2187,2186,2185
2185,2184,2187
2187,2184,2183
2184,2185,2148
2064,2179,2137
2150,2148,2164
2163,2196,2139
2163,2139,2144
2163,2148,2147
2144,2157,2163
2196,2163,2147
2139,2196,2197
2146,2197,2196
2196,2147,2146
2198,2139,2197
2197,2134,1550
1550,2199,2197
2197,2135,2134
2197,2146,2135
2200,2198,2197
2197,2199,2200
2201,2202,2199
2203,2201,2199
1528,1529,2199
1341,2199,1529
1341,2204,2199
2199,2205,2200
2206,2207,2199
2206,2199,1343
2199,2204,2203
2199,1550,1528
1343,2199,2202
2208,2205,2199
2199,2207,2208
2209,2200,2205
2205,2210,2209
2205,2211,2210
2211,2205,2208
2211,2212,2213
2213,2210,2211
2208,2212,2211
2208,2214,2212
2215,2212,2214
2215,2216,2212
2216,2213,2212
2213,2216,2204
2216,2215,2203
2203,2204,2216
2217,2215,2214
2215,2217,2201
2201,2203,2215
2214,2218,2217
2219,2217,2218
2217,2219,2201
2201,2219,2220
2218,2220,2219
2202,2201,2220
2220,2218,2221
2221,2222,2220
2220,2223,2202
2223,2220,2222
2224,2225,2223
2226,2223,2225
2227,2224,2223
2223,2226,2228
2228,2202,2223
2223,2222,2227
2224,2227,2206
2206,2227,2222
2225,2229,2226
2228,2226,2229
2229,2230,1342
1342,2228,2229
2230,2229,2231
2229,2225,2232
2232,2231,2229
2198,2233,2231
2198,2231,2232
2234,2235,2231
2234,2231,2233
2231,2235,2230
2200,2236,2233
1579,2233,2236
1579,2234,2233
2198,2200,2233
2236,1582,1579
1582,2236,2237
2237,2236,2200
1538,2237,2200
1582,2237,1538
2235,2238,1342
1342,2230,2235
2238,2235,2234
2238,2239,1342
2238,1367,2239
2238,2234,1367
2239,1533,2240
1533,2239,2241
2239,2240,2242
2242,2241,2239
2239,1341,1342
1341,2239,2243
2239,1367,2244
2244,2245,2239
2239,2245,2246
2239,2246,2247
2247,2248,2239
2248,2249,2239
2250,2251,2239
2251,2252,2239
2253,2239,2252
2243,2239,2249
2253,2250,2239
2242,1533,2243
1341,2243,1533
2243,2249,2242
2250,1533,2254
2253,1533,2250
2250,2254,2241
2250,2241,2251
2253,2254,1533
2253,2241,2254
2253,2252,2242
2253,2242,2255
2253,2255,2241
2251,2255,2242
2251,2241,2255
2248,2242,2249
2241,2240,1533
2241,2242,2240
2251,2242,2252
1372,2246,2245
2246,2256,2247
2246,1372,2256
2257,2247,2256
2257,2256,1372
1372,2258,2257
2241,2257,2258
2241,2247,2257
2258,2259,1228
2241,2258,1228
2258,2245,718
2245,2258,2260
2258,740,2259
1354,2258,2247
1354,1237,2258
2247,2258,1237
2260,2258,2261
2258,2262,740
2262,2258,718
2263,2264,2258
2258,2265,2263
2265,2258,2266
2267,2258,2264
2268,2261,2258
2258,1372,2268
2269,2258,2267
2269,2266,2258
2269,1372,2266
2265,2266,1372
2260,2261,1237
2268,1237,2261
2269,2270,2263
2269,2263,2265
2269,2265,1372
2269,1237,2270
2269,2267,1237
2271,2270,1237
2271,2263,2270
2264,2263,2271
2264,2271,2247
2271,2272,2247
2271,1237,2272
2267,2247,2272
2267,2272,1237
2267,2264,2247
2260,1237,2268
2260,2268,1372
2245,2263,2273
2245,2274,2263
2263,2247,1237
2247,2263,1354
1372,1354,2263
2274,2275,2263
2276,2263,2277
2276,2278,2263
2278,2277,2263
2273,2263,2275
1372,2263,1237
2276,2277,2245
2278,2245,2277
2275,2245,2279
2275,2280,2245
2275,2274,2280
2275,2279,2273
2247,2279,2245
2247,2273,2279
2281,2245,2280
2280,2282,2281
2280,2274,2282
1372,2281,2282
1372,2282,2274
2274,2245,2281
2274,2281,1372
2245,2273,2247
2278,2283,2245
2276,1372,2278
2278,1372,2283
2283,2284,2245
2283,2247,2284
2247,2283,1372
2276,2245,2284
2276,2284,2247
1372,2276,2247
2285,2262,718
2262,2285,2286
2286,740,2262
2287,739,2286
739,740,2286
2287,2286,2285
2287,2288,739
2288,2287,719
2285,719,2287
2288,719,720
720,739,2288
718,719,2285
2245,2260,1372
1230,1228,2259
2259,1314,1230
2259,2289,1314
2259,740,2290
2289,2259,2291
2290,2291,2259
2289,2291,2292
2291,1338,2292
1338,2291,2293
2293,2291,1278
2291,2290,1278
2293,935,1338
2293,2294,935
2294,2293,2295
1280,2293,1281
2293,1278,1281
2295,2293,940
1280,940,2293
736,2294,2295
2295,2296,736
2296,2295,942
940,942,2295
736,2296,731
2296,2297,1272
1272,2298,2296
2296,2298,2297
942,944,2296
944,2299,2296
731,2296,2299
2296,2300,741
741,2301,2296
2301,2302,2296
2300,2296,2302
2303,1272,2297
2303,2297,2298
2303,736,2304
2298,736,2303
2303,2304,2305
2305,1272,2303
736,1272,2305
736,2305,741
741,2305,2304
741,2304,736
2301,1272,2302
2300,2302,1272
2300,736,2306
2300,2307,736
2300,2306,741
2300,1272,2307
2301,736,2307
2301,2307,1272
2301,2306,736
2301,741,2306
731,2299,1272
944,1272,2299
1272,736,2298
1531,935,2294
757,2294,736
2294,757,1531
1338,2308,2292
2309,2292,2308
2292,2309,2289
2242,2289,2309
2309,1533,2242
1533,2309,1531
1531,2309,2308
2308,1530,757
1530,2308,1338
935,2308,757
1531,2308,935
2290,1277,1278
1272,1277,2290
2290,741,1272
740,741,2290
1312,2289,2242
1312,1314,2289
2247,2241,2248
2248,2310,2242
2248,2241,2310
2311,2242,2310
2311,2310,2241
2242,2311,1312
1228,2311,2241
1311,1312,2311
2311,1228,2312
2312,2313,2311
2313,1311,2311
1229,2312,1228
2312,1229,2314
2314,2313,2312
1229,2315,2314
1239,2313,2314
533,1239,2314
1235,2316,2314
1235,2314,2317
2316,2317,2314
533,2314,2315
2318,2319,2314
2318,2314,2320
2320,2314,2319
2320,2319,1235
2318,1235,2319
2316,1239,2317
1239,2316,1229
2316,2321,1229
2316,1235,2321
1239,1229,2321
1239,2321,1235
2320,2322,1239
2320,1235,2322
2318,2320,1239
2323,1239,2322
2323,2322,1235
2323,2324,1239
2323,1229,2324
2318,1229,2323
2318,2323,1235
2318,1239,2324
2318,2324,1229
1229,1235,2315
533,2315,1235
1235,2317,1239
1311,2313,1310
2313,2325,1310
2313,1329,2325
2313,1239,1329
2325,1329,2326
2325,2326,1326
1326,1310,2325
2327,1326,2326
2327,2326,1329
1326,2327,1313
925,2327,1329
925,1313,2327
2328,2245,1693
1693,2245,2244
2328,718,2245
1693,683,2328
718,2328,683
1367,2077,2244
1693,2244,2112
2112,2244,2103
2244,2077,2103
2234,1579,1576
1365,1367,2234
1576,2114,2234
2130,2234,2114
2234,2130,1365
2198,2232,2225
2228,1342,1343
2202,2228,1343
2224,2206,2329
2329,2225,2224
2225,2329,2198
1343,2329,2206
1343,2198,2329
2222,2207,2206
2222,2221,2207
2207,2221,2218
2207,2218,2214
2214,2208,2207
2210,2213,2330
2330,2213,2204
2330,1532,2210
1532,2330,1341
2204,1341,2330
2209,2210,1532
2200,2209,1534
1532,1534,2209
1534,1535,2200
1537,1538,2200
2200,1535,1537
2198,1343,2139
2068,2153,2160
2141,2160,2153
2068,2161,2149
2141,2149,2161
2158,2150,2331
2158,2331,2144
2158,2157,2332
2158,2332,2150
2159,2332,2157
2159,2150,2332
2138,2331,2150
2138,2144,2331
2157,2144,1345
2153,2150,2131
2150,2153,2148
2068,2333,2153
2141,2153,2333
2333,2334,2150
2141,2333,2150
2333,2068,2334
2143,2150,2334
2143,2334,2068
2150,2139,2138
2139,2150,2335
2336,2335,2150
2150,2068,2336
2150,2140,2068
2144,2141,2150
2139,2335,2141
2336,2141,2335
2139,2141,2336
2139,2336,2068
2143,2068,2151
2139,2068,2140
2144,2139,2337
2144,2337,1345
1344,2337,2139
1344,1345,2337
2131,2068,2141
2141,2338,2339
1371,2338,2141
2141,1345,2340
2340,2341,2141
2341,2342,2141
2343,2141,2344
2343,2345,2141
2345,2346,2141
2347,2348,2141
2347,2141,2349
2349,2141,2350
2141,2351,2352
2351,2141,2353
2141,2352,2353
2141,2354,1343
1343,2355,2141
2355,2356,2141
2354,2141,2356
2348,2350,2141
2344,2141,2346
1345,2141,2342
2141,2339,1371
2141,2357,2358
2357,2141,2359
2141,2358,2359
2360,2358,2357
2360,2359,2358
2361,2139,2360
2359,2360,2139
2361,2360,2357
2362,2139,2361
2361,2363,2362
2361,1345,2363
2357,1345,2361
1345,2139,2362
1345,2362,1343
1343,2362,2363
1343,2363,1345
2357,2359,2139
2139,1345,2357
2354,2356,2139
2355,2139,2356
2347,2068,2348
2068,2364,2348
2350,2348,2364
2068,2347,2364
2350,2364,2347
1345,2344,2365
2346,2365,2344
2343,2344,1345
1345,2365,2343
2346,2343,2365
2131,2339,2338
2131,1371,2339
1345,2342,2340
2342,2366,2340
2342,2341,2366
1371,2340,2366
1371,2366,2341
2346,2367,2343
2346,2345,2367
1371,2367,2345
1371,2343,2367
2350,2347,2368
2350,2368,2349
2131,2368,2347
2131,2349,2368
2369,2352,2351
2369,2353,2352
2369,2370,2371
2369,2351,2370
2353,2369,1371
2371,1371,2369
2351,2371,2131
2351,1371,2371
2131,2371,2370
2131,2370,2351
2354,2139,2372
2354,2373,1343
2354,1345,2373
2354,2372,1345
2355,2372,2139
2355,1345,2372
2355,2373,1345
2355,1343,2373
2351,2353,1371
2347,2349,2131
2343,1371,2345
2340,1371,2341
1371,2131,2338
2137,2068,2064
2139,1343,1344
1366,2131,2374
1345,2374,2131
1366,2374,1371
1345,1371,2374
1366,1365,2130
1584,2113,2114
2114,1576,1584
2112,1587,1693
2104,2072,2106
2104,2106,2107
2375,2110,2109
2375,2109,2108
2110,2375,2072
2376,2072,2375
2375,2377,2376
2375,2108,2377
2104,2376,2377
2104,2377,2108
2108,2072,2376
2108,2376,2104
2108,2110,2072
2072,2104,2107
1660,2104,1372
2104,2378,2379
2378,2104,2380
2104,2379,2380
2104,2381,2382
2381,2104,2383
2104,2382,2383
2384,2383,2382
2384,2382,2381
1660,2072,2384
2383,2384,2072
1660,2384,2381
2381,2383,2072
2072,1660,2381
2385,2379,2378
2385,2380,2379
2386,2072,2385
2380,2385,2072
2385,2378,2387
2385,2387,2386
1660,2387,2378
1660,2386,2387
2378,2386,1660
2378,2072,2386
2378,2380,2072
2077,1367,1369
212,2076,238
2388,2389,2072
2072,1665,2388
238,2072,2389
2388,1660,2389
238,2389,1660
1665,1663,2388
2388,1663,1664
1664,1660,2388
2064,2068,1372
1547,2390,2068
238,2068,2390
238,1660,2068
1547,2064,2390
238,2390,2064
1546,2064,1372
2064,1547,2391
2391,2392,2064
238,2064,2392
238,2392,1546
2391,1546,2392
238,1546,2391
238,2391,1547
2056,1718,2054
2056,2393,1719
1799,2393,2056
1719,1718,2056
1720,1719,2393
2393,2394,1720
2394,2393,1799
2394,1804,1786
1804,2394,1800
2394,1799,1800
1702,1720,2394
2394,1791,1702
1786,1791,2394
2395,2055,2054
1718,2395,2054
2055,2395,225
2395,2396,225
2395,223,2396
2395,2397,223
2395,224,2397
224,2395,1718
234,225,2396
234,2396,223
234,223,2397
234,2397,224
2055,225,228
2047,1745,2046
1743,2047,1547
1743,1745,2047
2043,1720,2041
2043,2041,1702
2043,1702,2398
2043,2398,1719
1728,2398,1702
1728,1719,2398
2023,2042,2029
2023,1563,2042
2033,2034,2022
2035,2028,2022
2027,2022,2028
2035,1903,2021
1791,2035,2022
1791,1903,2035
2020,2021,1903
1569,1903,2033
1569,2033,2022
2033,1903,2032
1560,2032,1903
2026,1560,2399
2026,1563,2025
2026,2400,1563
2026,1567,2400
2026,2399,1567
1546,1563,2400
1546,2400,1567
1546,2399,1560
1546,1567,2399
1572,1563,2031
2030,2031,1563
2401,2030,1563
2401,1897,2030
2401,1563,1695
2401,2029,1897
2029,2401,1791
2401,1695,1702
1702,1791,2401
2022,2029,1563
1563,2029,2402
2022,2402,2029
1791,2027,2029
2022,1897,2402
1563,2402,1897
1791,2022,2027
2023,2025,1563
1901,2022,1903
1901,1897,2022
2020,1559,1567
2020,1560,1559
1794,2020,1903
1794,1792,2020
1792,1560,2020
1903,1569,1560
1794,1903,1791
1863,1905,1515
1515,1517,1863
1813,1812,1497
234,1453,1810
234,1810,183
234,1809,1453
234,1498,1811
1497,1812,1498
1717,2403,1807
1740,1807,2403
1717,1716,2403
1802,2403,1716
2403,1802,1740
1804,1699,1698
1699,1804,1805
1698,1786,1804
1805,1716,1730
1716,1805,1802
1805,1730,1699
1799,231,2404
1799,228,231
1799,2404,1798
238,2404,231
238,1798,2404
231,1798,226
1793,1798,1547
238,1547,1798
1659,1597,1793
1560,1792,1561
1791,1786,1790
1645,1790,1788
1786,1789,1790
1786,1788,1789
455,1786,454
1786,1698,459
459,454,1786
459,455,1757
1757,1712,459
1757,1698,1712
1698,1757,1735
1584,1762,1669
1765,1669,1762
1762,1584,1761
1582,1557,1759
1582,1760,1557
1582,1546,1760
1569,1758,1546
1681,1680,1750
1750,1749,2405
1750,2405,1681
1750,167,1752
1684,2405,1749
1684,1681,2405
1752,158,2406
1752,170,158
1752,2407,166
166,170,1752
1752,167,2407
1752,2406,156
2407,2408,208
2407,167,2408
2407,208,2409
2407,2409,166
2410,2409,208
2410,166,2409
170,2410,159
170,166,2410
2410,2411,159
2410,208,2411
2412,2411,208
2412,159,2411
198,183,2412
198,2412,208
2412,183,2413
2412,2413,159
2414,159,2413
2414,2413,183
2414,183,2415
2414,2415,158
172,159,2414
172,2414,158
2415,2416,158
2415,1646,2416
2415,2417,1646
2415,183,2417
2418,1646,2417
2418,2417,183
1741,1646,2418
1741,2418,186
2418,183,2419
2418,2419,186
2420,2419,183
2420,186,2419
2420,183,2421
2420,2421,916
1741,2420,916
1741,186,2420
2422,2421,183
2422,916,2421
218,1453,2422
916,2422,1453
218,2422,183
2423,2416,1646
2423,158,2416
2424,2423,1646
2423,176,2425
2424,176,2423
2423,2425,158
2406,158,2425
2406,2425,176
1646,156,2424
2406,2424,156
2406,176,2424
2426,208,2408
2426,2408,167
2426,2427,208
2426,169,2427
2428,2426,167
2428,169,2426
2428,2429,208
2428,208,2427
2428,135,2429
2428,2427,169
167,135,2428
2430,208,2429
2430,2429,135
2430,209,208
212,211,2430
212,2430,135
2430,211,209
1749,1649,1653
1653,1681,1749
1741,156,1646
1715,2431,1741
1741,916,1715
2432,1740,1741
1741,2431,2432
1717,2432,2431
2431,235,1717
2431,1715,223
225,235,2431
2431,2433,225
2431,223,2433
218,2433,223
218,225,2433
1737,2432,1717
1740,2432,1737
1735,1699,1708
1735,1708,1698
1730,1700,1699
1723,2434,1720
1723,1719,2434
1667,1719,1723
1667,1720,2434
1667,2434,1719
1725,1719,1728
1728,1702,1729
1716,1699,2435
1699,1716,2436
1716,2435,2436
2437,2435,1699
2437,2436,2435
1722,1717,2437
2436,2437,1717
1722,2437,1699
1699,2436,1717
1703,1729,1702
1724,1726,1717
1724,235,231
1724,1717,235
1719,1720,1702
1667,2438,1720
1721,1720,2438
1667,1702,2438
1721,2438,1702
1721,1717,1722
1717,1721,1698
1702,1698,1721
224,1718,1714
1714,1713,2439
1714,2439,224
234,2439,1713
234,224,2439
1713,1715,234
1453,1715,916
1715,227,2440
2440,2441,1715
2441,2442,1715
2443,1715,2444
1715,2443,224
1715,224,2445
1715,2445,223
2446,1715,2447
2446,2448,1715
2448,2449,1715
2447,1715,2449
227,1715,2442
218,2444,1715
227,2447,2450
2449,2450,2447
2446,2447,227
2449,2446,2450
227,2450,2446
2443,2444,1713
218,1713,2444
227,2442,2440
2442,2451,2440
2442,2441,2451
1713,2451,2441
1713,2440,2451
2449,2448,2452
2449,2452,2446
1713,2452,2448
1713,2446,2452
2446,1713,2448
218,2445,224
218,223,2445
218,2443,1713
218,224,2443
2440,1713,2441
1717,2453,1699
1717,1698,2453
1667,1699,2453
1667,2453,1698
1713,224,226
227,1713,226
227,224,1713
1712,1706,459
1705,459,1706
1712,1698,1709
1708,1709,1698
1711,1710,1699
1708,1699,1710
1697,1703,1702
1704,448,1705
1705,448,2454
1705,2454,459
456,459,2454
456,2454,448
459,1696,448
1590,448,1696
1704,1688,455
1704,455,2455
1704,2456,448
1704,2455,1590
1704,1590,2456
2455,448,2456
2455,2456,1590
2455,455,2457
2455,2457,448
456,448,2457
456,2457,455
1697,1563,1690
1694,455,2458
1694,2458,1590
683,1694,1590
446,1590,2458
446,2458,455
1563,1702,1667
1698,1702,1563
1563,2459,1698
1667,1698,2459
1563,459,2459
1667,2459,459
1691,1685,1692
1665,1692,1685
1693,2460,1667
1693,1587,2460
1563,2460,1587
1563,1667,2460
1691,1681,2461
1691,2461,1685
1691,1665,2462
1691,2462,1681
1665,1691,1667
2462,2461,1681
2462,1685,2461
1685,2462,1665
1681,1685,1563
1653,1595,1685
1685,1681,1653
1685,1595,1590
1665,1681,1563
1668,2463,1587
1587,1667,1668
1668,1563,2463
2463,1588,1587
2463,1563,1574
2463,1576,1588
2463,1574,1576
1671,1672,1563
1669,1671,1667
459,452,1667
452,448,1665
1596,1597,1659
1655,1593,1595
1645,1646,186
183,186,1646
2464,2465,1646
1646,1010,2464
1011,1010,1646
2466,1646,2465
1011,1646,2467
2467,1646,2466
183,1646,158
186,176,2466
2467,2466,176
2466,2465,186
2468,2467,176
2469,2470,2467
2468,2469,2467
2467,2470,1011
2470,1059,1033
2471,1059,2470
2470,2469,2471
1033,1011,2470
1059,2471,2472
2472,2471,2469
2472,2473,1059
2473,2472,2468
2469,2468,2472
128,1059,2473
2468,176,2473
176,128,2473
2464,186,2465
186,2464,2474
2464,1010,1009
1009,2474,2464
2474,2475,186
2474,916,2475
2474,1009,916
48,186,2475
48,2475,916
186,916,1645
1643,1641,166
1643,161,158
166,161,1643
169,1641,260
1641,167,166
1641,169,167
1590,455,2476
683,1590,2477
446,2477,1590
1590,2476,448
454,2476,455
454,448,2476
2477,446,483
681,683,2477
2477,2478,681
489,2478,2477
2477,478,489
483,478,2477
489,488,2478
2478,488,2479
2478,2479,2480
2480,681,2478
681,2480,680
680,2480,670
2480,2479,670
2479,488,2481
2481,670,2479
625,2481,439
2481,625,2482
2481,2483,2484
2481,2485,2483
488,439,2481
670,2481,2486
2484,2486,2481
2481,2487,2485
2482,2488,2481
2481,2488,2487
2489,2490,2488
2487,2488,2490
2488,2482,2489
2490,2489,2491
2492,2489,2482
2489,2492,2491
669,2486,2491
2491,622,669
622,2491,624
624,2491,2493
2484,2491,2486
2494,2490,2491
2491,2484,2494
2492,2495,2491
2495,2493,2491
2496,2493,2495
2496,624,2493
2496,2497,625
2495,2497,2496
624,2496,625
2497,2498,625
2492,2498,2497
2497,2495,2492
2498,2482,625
2492,2482,2498
2494,2484,2483
2490,2494,2485
2483,2485,2494
2485,2487,2490
2486,669,671
2486,671,670
1583,1564,1594
1587,1584,1576
1563,1587,1576
1564,1582,1581
1581,1579,1578
1581,1578,1564
1579,1582,2499
1538,1539,1582
1582,1539,1540
1540,2500,1582
2500,2499,1582
1563,1546,1582
1579,2499,1564
2500,1564,2499
1550,1557,2500
1564,2500,1557
1550,2500,1540
1576,1579,1564
1563,1576,1564
1558,1546,1545
1569,1571,1560
1546,1560,1571
1563,1565,1560
1566,1560,1565
1567,1560,1566
1560,1567,1563
1563,523,2501
2501,459,1563
522,2501,523
2501,452,459
2501,522,510
452,2501,473
510,473,2501
1500,1502,1547
1547,1546,1372
1341,1533,1532
1529,1530,1341
1530,1338,2502
1339,1341,1530
1530,2503,1339
1530,1337,2503
1530,2502,1337
925,1337,2502
925,2502,1338
925,1339,2503
925,2503,1337
1522,1379,1521
1522,1362,1379
1453,1498,1490
218,1507,1498
1499,1490,1498
1491,1498,1507
1495,1496,1500
1492,1500,1496
1514,1500,1512
1511,1512,1500
1500,1505,2504
1504,1505,1500
1509,2504,1505
1500,2504,1504
1509,1504,2504
1507,1506,1491
1491,1488,1503
1502,1503,1488
1503,1510,1491
1500,1514,1488
1514,1513,1491
1511,1491,1513
1501,1491,1510
1495,1492,1491
1495,1500,1492
1508,1504,1509
218,1491,1508
1504,1508,1491
1504,1491,1506
1362,1360,1460
1362,1460,1359
1453,1359,1454
1458,1454,1359
1430,1459,1359
1407,1359,1459
1453,1455,1443
1457,1443,1455
1457,1380,1381
1435,183,1453
1443,1435,1453
1396,1443,1442
1407,1443,1440
1396,1442,1435
915,2505,1435
1435,1434,915
1396,1435,2505
1407,1435,2506
1407,1440,1435
1440,1439,1435
1438,1435,1439
1438,2507,1435
2506,1435,2507
1396,2505,183
915,183,2505
2506,915,2508
2506,2507,915
1407,2506,183
2506,2508,183
2509,2508,915
2509,183,2508
2509,2510,916
2511,2509,916
2509,915,2510
2511,183,2509
921,916,2510
921,2510,915
1414,2511,1256
916,1256,2511
1414,183,2511
1438,915,2507
915,1432,1433
1359,1433,1432
1437,915,1438
915,1437,2512
1437,1264,1254
1254,2512,1437
2512,1232,2513
2512,2513,1224
2512,1224,2514
2512,2514,915
2512,2515,1232
2512,1252,2515
2512,2516,1252
2512,1254,2516
1224,2516,1254
1224,1252,2516
2513,1232,2515
2513,2515,1252
2514,910,2517
910,2514,1224
2514,2517,915
2518,2517,910
2518,915,2517
2518,910,2519
1120,915,2518
1120,2518,1112
2518,2519,1112
2520,2519,910
2519,2521,1112
2519,2520,2521
2520,910,2522
1134,2523,2520
2520,2524,1134
2520,2522,1112
2520,1112,2524
2521,2520,2523
1134,2524,2523
2521,2523,2524
2524,1112,2521
1092,2522,910
1092,1112,2522
1252,1224,2513
1258,915,1434
1426,1387,1427
1426,1424,1394
1423,1394,1424
1425,1394,1422
1421,1422,1394
1425,1393,1387
1397,1425,1387
1425,1397,1421
1425,1421,1394
1423,1413,1397
1412,1397,1413
1402,1411,1397
1421,1397,1411
2525,1419,1418
2525,1420,1419
1256,2525,1418
1256,183,2525
1420,2525,183
1418,1420,183
183,1256,1418
1407,183,1408
1414,1408,183
2526,1416,1415
2526,1417,1416
2527,183,2526
1417,2526,183
2526,1415,2528
2526,2528,2527
1256,2527,2528
1256,2528,1415
1415,2527,1256
1415,183,2527
1415,1417,183
1398,2529,1256
1397,1398,1256
1398,183,2529
908,1256,2529
908,2529,183
1412,1414,1256
1402,1397,2530
1402,2530,1389
1400,1402,1389
1387,1389,2530
1387,2530,1397
1406,1404,2531
1389,2531,1404
1403,1389,1404
1406,2531,1403
1389,1403,2531
1406,2532,1405
1406,1403,2532
1256,1405,2532
1256,2532,1403
1409,2533,1395
1407,1409,1395
1409,1390,2533
1407,1395,2533
1407,2533,1390
1403,1405,1256
2534,1400,2535
1400,2534,1399
1400,1389,1384
1383,2535,1400
1400,1384,1383
2535,2536,2534
2536,2535,2537
2537,2535,1383
1395,2536,2537
2537,2538,1395
2537,1390,2538
1383,1390,2537
1401,1395,2538
1401,2538,1390
1399,2534,2536
2536,1395,1399
1399,1395,1401
1401,1390,1392
1395,1390,1396
1394,1397,1256
1397,2539,1389
1389,2540,1397
1397,2540,2539
1397,2541,2542
2541,1397,2543
1397,2542,2543
2544,1389,2539
2539,2545,2544
2539,2540,2545
1256,2544,2545
1256,2545,2540
2540,2544,1256
2540,1389,2544
2546,2543,2542
2546,2542,2541
2543,2546,1389
2546,2547,2548
2548,1389,2546
2546,2541,2547
1256,2548,2547
1256,2547,2541
2541,2548,1256
2541,1389,2548
2541,2543,1389
1390,1359,1396
1390,1383,1386
518,519,1384
1370,1376,1239
1376,2549,1239
1376,1375,786
1376,786,2549
1245,1239,2549
1245,2549,786
1374,786,1375
1245,1370,1239
1245,1235,1370
1242,1372,1374
786,1358,1372
1354,1372,1358
1354,1239,1237
915,1364,533
2550,1364,915
529,1364,2550
1364,518,1360
1360,1363,1364
1364,529,2551
526,518,1364
2552,2553,1364
2552,1364,2554
2554,1364,2555
2553,2555,1364
1364,2551,533
2553,529,2556
2552,529,2553
2553,2556,533
2553,533,2555
2552,2556,529
2552,533,2556
1247,2551,529
1247,533,2551
2554,2555,533
2552,2554,915
2554,2557,915
2554,533,2557
2558,915,2557
2558,2557,533
2552,2558,1224
2552,915,2558
2558,2559,1224
2558,533,2559
2560,1224,2559
2560,2559,533
2552,2560,1226
2552,1224,2560
533,1226,2560
2552,2561,533
2552,1247,2561
1247,2552,1226
1226,533,2561
2561,2562,1226
2561,1247,2562
2562,2563,2564
2563,2562,1247
2562,2564,1226
2565,2564,2563
2565,1226,2564
2566,1226,2565
2566,2565,1249
2563,1249,2565
2566,2567,1226
2566,1251,2567
2568,2566,1249
2568,1251,2566
1249,1222,2568
2568,2567,1251
2568,1222,2569
2568,2569,1226
2568,1226,2567
1249,1226,2569
1249,2569,1222
1226,1249,2563
1226,2563,1247
915,1224,2550
1224,1226,2550
1251,2550,1226
2550,1247,529
2550,1249,1247
1249,2550,1251
1359,915,1360
1360,915,1363
938,1346,1338
1338,2570,938
925,1338,936
936,1338,935
1338,1337,1339
2570,1338,2571
1346,1347,1338
1313,1338,1347
1350,2572,1338
1350,1338,1351
1352,1351,1338
1317,1338,2573
1317,1353,1338
1310,1338,1353
1310,2573,1338
1313,2571,1338
1352,1338,2574
2575,1338,2572
2575,2574,1338
1350,1339,2572
2575,2572,1339
1352,2574,1337
2575,1337,2574
1350,2575,1339
1350,1337,2575
2570,2571,936
1313,936,2571
1310,936,2573
1317,2573,936
1313,938,2570
1313,2570,936
1341,1339,1340
1350,1352,1337
533,1348,1239
1346,938,1308
1346,2576,1326
1346,1313,2576
1317,1346,940
1346,1317,936
1346,936,2577
2577,2578,1346
2579,1346,2578
1346,2579,940
1308,1313,1346
2579,2578,938
1310,2579,938
1310,940,2579
2577,938,2578
1310,938,2577
1310,2577,936
2580,1326,2576
2580,2576,1313
1329,2580,1313
1329,1310,2580
2580,2581,1326
2580,1310,2581
1334,1326,2581
1334,2581,1310
925,1340,1339
2582,1339,2583
2582,2584,1339
2584,2583,1339
2584,1337,2583
2582,2583,1337
2582,1337,2584
1313,1335,1329
1334,1329,1335
1310,1329,1334
1317,1327,1326
1317,1313,1327
1310,1326,1313
1316,1282,1321
1310,1282,1316
1310,1316,940
1301,1320,1282
938,1282,1309
1313,2585,938
1313,1282,2586
1313,2586,940
1313,940,2585
2586,938,2585
2586,2585,940
938,2586,1282
1291,1230,1314
1288,1282,1303
1302,1304,1274
1304,1307,1296
1296,1274,1304
1306,1296,1307
1306,1305,1292
1292,1234,1306
1296,1306,1234
1300,1292,1305
1300,1294,2587
1300,2587,1293
1292,1300,1293
2587,1294,2588
2587,2588,2589
2589,1293,2587
1286,2588,1294
1286,2589,2588
1294,2589,1286
1294,1293,2589
1287,1275,1302
1287,1302,1274
925,1286,1290
1297,1286,1298
1297,1234,2590
1297,2590,1293
1297,1283,1274
1274,1234,1297
1293,1286,1297
1286,2590,1234
1286,1293,2590
1291,1233,1230
1286,1233,1291
1234,1293,2591
1293,1234,1233
1233,2591,1293
2591,1286,2592
1233,1286,2591
2591,2592,1234
925,2592,1286
925,1234,2592
1234,1274,1286
1286,1274,2593
1286,2593,1275
1286,1275,1284
1286,1285,1282
1283,1275,2593
1283,2593,1274
1283,1284,1275
1274,1282,1288
1283,1282,1285
1282,940,1280
925,1282,1275
925,940,1282
1275,1274,2594
1240,2594,1274
1275,2594,1234
1240,1234,2594
925,1275,1234
1272,741,731
1245,1271,2595
1245,946,1271
946,1261,1271
1261,2595,1271
2596,2597,1271
2596,1271,2598
2598,1271,2597
2598,2597,1261
2596,1261,2597
1245,2595,946
2595,2599,946
2595,1261,2599
2599,2600,1240
2599,1261,2600
1240,946,2599
238,1240,2600
238,2600,1261
1261,1245,2598
2596,2598,1245
2596,2601,786
2596,786,1242
2596,1245,2602
2596,2602,946
2596,946,2601
1261,2596,1242
2602,786,2601
2602,2601,946
786,2602,1245
1266,1267,1224
1224,1254,1266
1264,1266,1254
920,908,1264
1256,916,1264
1264,916,920
1261,946,786
1245,1261,2603
1242,2603,1261
1242,1240,2603
1245,2603,1240
1263,1232,1260
1263,1260,1224
1263,2604,915
915,1257,1263
1263,1224,2604
1254,1232,1263
922,915,2604
922,2604,1224
915,1258,1257
1214,1254,1255
1232,1254,1252
2605,1253,1254
2605,1254,1214
1214,1217,2605
1222,2605,1217
2605,1252,1253
2605,1219,1252
1219,2605,1222
1203,1231,1252
1252,1204,1203
1204,1252,1219
1203,1232,1231
2606,2607,1251
1251,2608,2606
1216,2609,1251
1251,1222,1216
1249,1251,1224
1224,1251,2610
1226,2610,1251
1251,2611,2612
2611,1251,2613
2613,1251,2609
2612,1250,1251
1251,2614,2615
2614,1251,2616
1251,2615,2616
2608,1251,2607
2617,2608,1216
2608,2607,1216
2618,2606,2608
2608,2619,2618
2620,2619,2608
2617,2620,2608
2618,2620,2621
2620,2618,2622
2623,2620,2624
2619,2620,2623
2622,2625,2620
2621,2620,2626
2606,2627,2620
2606,2620,2628
2627,2628,2620
2629,2626,2620
2630,2624,2620
2620,2617,2630
2629,2620,2625
2629,2625,2606
2622,2606,2625
2606,2617,2627
2627,2623,2628
2623,2627,2617
2629,2631,2617
2629,2606,2631
2632,2633,2629
2629,2617,2632
2626,2629,2633
2632,2606,2633
2626,2633,2606
2632,2634,2635
2632,2635,2606
2634,2632,2617
2634,2606,2636
2634,2631,2606
2634,2617,2631
2634,1216,2637
2634,2636,1216
2637,2635,2634
2637,2638,2614
2637,1216,2638
2637,2606,2635
2614,2606,2637
2616,2638,1216
2638,2616,2615
2638,2615,2614
2614,2636,2606
2614,1216,2636
2630,2606,2624
2639,2606,2630
2639,2630,2617
2607,2606,2639
2607,2639,1216
2617,1216,2639
2624,2606,2640
2624,2640,2623
2641,2640,2606
2641,2623,2640
2641,2642,2643
2619,2641,2643
2641,2606,2642
2619,2623,2641
2618,2642,2606
2618,2643,2642
2643,2618,2619
2623,2643,2644
2643,2623,2645
2646,2606,2643
2645,2646,2643
2643,2606,2647
2647,2648,2643
2648,2649,2643
2650,2651,2643
2650,2643,2652
2622,2652,2643
2644,2643,2649
2622,2643,2651
2653,2645,2654
2617,2654,2645
2645,2623,2617
605,607,2645
2645,2653,605
2655,2645,607
2646,2645,2655
2655,601,608
601,2655,607
2656,2657,2655
2646,2655,2657
2658,2656,2655
2655,576,2658
604,576,2655
2655,608,604
2659,2613,2656
2659,2656,2658
2660,2657,2656
2660,2656,2613
2657,2660,2661
2660,2658,576
2658,2660,2613
2661,2660,576
2662,2661,2612
2661,2663,2612
533,2657,2661
2661,2611,2663
2661,2662,2611
533,2661,2664
558,2664,2661
558,2661,576
558,2662,2664
533,2664,2662
2662,2663,2611
2662,2612,2663
558,2665,2662
533,2662,2665
2665,2666,533
2665,536,2666
2665,2667,536
2665,546,2667
558,546,2665
2668,2667,546
2668,536,2667
546,530,2668
2669,2668,530
2669,536,2668
529,533,2669
529,2669,530
2669,2666,536
2669,533,2666
2612,2659,2670
2659,2646,2670
2613,2659,2612
2658,2671,2659
2646,2659,2671
2671,2606,2646
2671,2613,2606
2613,2671,2658
2657,2670,2646
1249,2670,2657
2670,1249,2612
2657,1248,1249
2657,1247,1248
2657,533,1246
2657,1246,1247
1002,2653,2654
1002,605,2653
2654,2672,1002
2672,2654,2617
2672,2617,1221
2672,1221,1144
2672,1145,1104
1104,2673,2672
1145,2672,1144
2673,1002,2672
2673,1104,1105
2673,2674,1002
924,2674,2673
2673,1105,924
1002,2674,2675
2675,2674,2676
2674,924,2676
2676,1045,2675
949,1045,2676
947,2676,924
2676,947,949
2675,1044,1002
1044,2675,1045
2650,2606,2651
2622,2651,2606
2644,2649,2647
2649,2677,2647
2649,2648,2677
2618,2677,2648
2618,2647,2677
2647,2606,2644
2623,2644,2606
2622,2618,2652
2650,2652,2618
2618,2623,2650
2650,2678,2606
2650,2623,2678
2621,2606,2678
2621,2678,2623
2647,2618,2648
2621,2626,2606
2606,2628,2623
2618,2621,2623
1221,2617,2679
2606,2679,2617
1221,2679,1216
2606,1216,2679
2614,2616,1216
1216,2606,2609
2613,2609,2606
2613,2612,2611
2612,1249,1250
1224,2610,1222
2610,2680,1222
2610,1226,2680
1224,2680,1226
1224,1222,2680
1247,1249,1224
533,1247,1224
1237,1239,2681
1238,2681,1239
1239,786,946
1237,2681,1235
1238,1235,2681
942,1245,2682
944,2682,1245
1245,1240,1244
1245,1243,1235
2682,2683,942
2682,946,2683
944,946,2682
944,942,2683
944,2683,946
1242,1235,1243
1242,1244,1240
1234,1240,1236
1237,1235,1238
1224,1232,1203
915,533,1224
1224,1203,1125
908,910,1224
1217,1216,1222
1142,1221,2684
1221,1198,2684
1142,1144,1221
1198,1221,1196
2684,1147,1142
2684,2685,1197
2685,2684,1198
1197,1147,2684
2685,1199,1205
1199,2685,1198
1197,2685,910
2685,922,910
1205,922,2685
1208,1212,1210
1208,1210,1207
942,1209,908
942,1205,1209
910,2686,1205
910,1205,2687
922,1205,942
1133,2688,1205
1133,1205,908
908,1205,2688
2687,1205,2686
910,908,2686
2687,2686,908
2687,911,910
2687,908,2689
2687,2689,922
2687,922,911
920,2689,908
920,922,2689
908,2688,922
1133,922,2688
2690,1125,1203
1203,1127,2690
1127,1203,1112
1112,1203,1200
1194,1126,2690
1194,2690,1127
2690,1126,1125
1197,1134,1200
1197,910,1134
1112,1200,1134
71,72,1194
1126,1194,72
1157,2691,1145
1157,1156,2691
2691,2692,2693
2693,1145,2691
2691,1156,2692
1142,2693,2692
1142,2692,1156
1156,2693,1142
1156,1145,2693
1156,1158,1145
1104,1154,1100
1151,1154,1104
1145,1152,1142
1151,1142,1152
1104,1145,1151
1133,1144,1142
1133,1138,1144
1133,1142,1141
1141,1140,1133
1138,1133,1140
1134,910,942
1112,1134,942
1124,1113,915
1091,1122,1116
1115,1116,1122
1122,1091,1115
915,1118,1092
1121,1092,1118
909,1092,1121
1074,1115,1091
910,1112,915
1092,1106,1102
915,1102,1106
1108,915,1109
910,1106,1108
1108,2694,915
1108,1106,2694
2695,915,2694
2695,2694,1106
910,912,2695
910,2695,1106
2695,912,2696
2695,2696,915
923,2696,912
923,915,2696
1106,2697,1105
2698,2697,1106
915,1106,2699
1106,912,2698
912,1106,942
1106,1092,909
909,2699,1106
915,2699,912
909,912,2699
2698,912,924
2698,924,2697
2697,924,1105
1041,2700,1103
1103,2700,2701
2701,1089,1103
1089,2701,1088
1088,2701,2700
1041,1040,2700
2700,1045,1063
1045,2700,1040
1077,2700,1063
2700,1077,1088
1074,1098,1097
1098,1042,1041
1092,1093,1091
1084,1091,1093
2702,1094,1096
2702,1095,1094
2703,2702,1091
1096,1091,2702
2703,1095,2702
2704,2703,1091
1095,2703,1077
2703,2705,1077
2703,2704,2705
1077,2704,1091
1074,2706,2704
2704,2707,1074
2704,1077,2707
2705,2704,2706
2705,2706,2707
1074,2707,2706
2707,1077,2705
1095,1091,1096
1091,1095,1077
1087,1091,2708
1074,1087,1077
1087,2708,1077
1086,2708,1091
1086,1077,2708
1077,1086,1074
1091,1084,1074
1072,1078,1073
1073,2709,1076
1072,1076,1078
71,1072,69
69,1072,148
1037,148,1072
1062,1060,1059
1059,1063,1062
951,1062,1063
1066,1037,1070
128,1063,1066
2710,1059,1064
2710,1064,1063
2710,1063,2711
2710,2711,128
2712,1059,2710
2712,2710,128
2712,2713,1037
1059,2712,1037
2712,1063,2713
2712,2711,1063
2712,128,2711
1061,1037,2713
1061,2713,1063
1070,1059,1069
1067,1069,1059
1070,1037,2714
1070,2714,1059
2715,2714,1037
2715,1059,2714
1063,2715,1037
2715,1067,1059
2715,128,1067
1063,128,2715
1061,1063,1065
1063,949,950
949,1063,1045
951,1063,950
1059,1035,1033
1002,1044,1003
1000,1044,1034
1038,148,1037
392,1030,1029
1030,2716,394
1030,392,2716
1027,394,2716
1027,2716,392
1028,2717,1007
1028,598,2717
1007,1029,1028
1026,2717,598
1026,1007,2717
1011,1029,2718
1011,2719,1029
1007,392,1029
614,613,1029
1029,394,614
394,1029,2720
1029,613,2721
1024,2718,1029
598,1029,2719
1024,1029,598
407,2720,1029
2721,407,1029
407,2721,404
2721,611,404
611,2721,581
581,2721,613
598,2719,1007
1011,1007,2719
394,2720,598
407,598,2720
1011,2718,394
1024,394,2718
1007,1027,392
598,1006,1026
1006,1013,1024
1024,1007,1006
394,1024,392
598,1007,1024
394,392,1011
1005,1008,1006
1005,1007,1008
976,997,951
976,951,952
2722,975,951
2722,950,975
2723,950,2722
2723,2722,949
951,949,2722
2723,2724,947
2723,948,2724
948,2723,949
950,2723,947
950,2724,948
950,947,2724
948,947,924
948,924,925
940,931,786
940,934,931
945,930,946
945,786,930
786,944,943
786,945,944
910,922,942
786,942,941
786,943,942
925,912,942
925,942,940
786,941,940
940,938,934
925,936,938
755,932,933
934,933,932
786,2725,934
934,2726,786
755,934,2725
934,755,2726
2727,2728,934
2727,934,2729
2729,934,2730
2728,2730,934
786,2731,2728
2727,786,2728
2730,2728,2731
786,2727,2731
2730,2731,2727
2730,2732,2729
2730,2727,2732
755,2729,2732
755,2732,2727
2727,2729,755
786,2726,2725
755,2725,2726
757,755,929
915,2733,924
915,924,2734
925,924,912
909,924,2733
909,2734,924
926,2735,924
923,924,2735
915,912,2733
909,2733,912
926,915,2735
923,2735,915
915,2734,925
909,925,2734
925,927,914
913,914,915
915,919,916
915,2736,183
915,916,2736
921,915,928
927,928,915
919,2736,916
919,183,2736
920,916,921
916,914,917
183,916,186
820,819,2737
2738,218,819
218,2739,819
819,234,2738
234,819,2740
203,819,823
819,818,2741
819,2741,827
827,2740,819
2737,819,2739
2742,2737,2739
2739,2743,2742
2743,2739,218
2742,2743,253
253,2743,2744
218,2744,2743
207,253,2744
2744,218,203
207,2744,203
2745,2746,2744
2745,2744,2738
2738,2744,2747
234,2744,2746
2748,2744,2749
2748,2750,2744
2749,2744,2750
234,2747,2744
2747,218,2751
234,218,2747
2747,2751,2738
234,2751,218
2751,2752,2738
2751,234,2752
2745,2738,2752
2745,2752,234
207,218,2749
2748,2749,218
2749,2750,207
2748,207,2750
2748,218,2753
2748,203,202
2748,2754,203
2748,2753,2738
2748,2738,2755
2748,2755,234
2748,234,2754
2748,202,207
2754,2756,203
2754,2757,218
2754,218,2756
2754,234,2757
2753,218,2757
2753,2757,234
2756,183,2758
2756,2758,203
183,2756,218
204,2758,183
204,203,2758
2753,2755,2738
2753,234,2755
234,2746,207
2745,207,2746
207,2745,191
191,2745,234
79,2742,2759
2737,2742,79
275,254,2742
254,2760,2742
275,2742,2760
253,2759,2742
2761,2762,2742
2761,2742,2763
2762,2763,2742
2761,254,2762
2762,254,2764
2762,275,2763
2762,2764,275
2765,275,2764
2765,2764,254
2765,79,2766
2761,79,2765
2765,2766,275
2761,2765,254
2761,2766,79
2761,275,2766
2761,2763,275
253,254,2759
2759,2767,79
2759,254,2767
2767,2768,275
2767,254,2768
2767,2769,79
2767,275,2769
2770,79,2769
2770,2769,275
79,2770,80
2771,80,2770
2771,2770,2772
2772,2770,269
281,269,2770
2770,275,2773
2770,279,281
2770,2773,279
267,2773,275
267,279,2773
2771,2772,2774
2774,2772,2775
269,2776,2772
2777,2772,2776
2778,2775,2772
2777,2778,2772
2777,199,2778
2779,2777,2780
2776,2780,2777
2779,199,2777
2780,2781,2779
208,2779,2781
205,199,2779
2779,208,205
2781,2780,2782
211,2781,2782
2781,211,208
2782,2776,2783
2783,2784,2782
2782,2784,2785
2776,2782,2780
2782,135,211
2782,2785,2786
2782,2786,135
211,2786,2785
211,135,2786
2785,2784,2787
2788,133,2785
2787,2788,2785
2785,141,135
133,130,2785
130,2789,2785
2789,2790,2785
2790,199,2785
199,205,2785
205,208,2785
208,211,2785
2785,2791,2792
2792,2793,2785
2785,2793,2791
2785,2794,2795
2795,2796,2785
2785,2796,2794
2785,2797,2798
2798,2799,2785
2785,2799,2797
2800,2787,2784
2788,2787,2801
2801,2787,2800
359,121,2800
2800,2783,359
121,2801,2800
2784,2783,2800
121,90,2801
2802,2801,2803
2803,2801,90
133,2801,2802
133,2788,2801
2802,2804,2789
2804,2802,2803
2802,2789,130
2802,130,133
2775,2804,2774
2803,2774,2804
2804,2775,2790
2790,2789,2804
86,2774,2803
2803,90,86
2805,2797,2799
2805,2798,2797
2799,135,2805
2805,2806,2807
2806,2805,135
2805,2807,2798
141,2807,2806
141,2798,2807
2798,141,2806
2798,2806,135
2798,135,2799
2808,2794,2796
2808,2795,2794
2808,2809,2810
2809,2808,141
2796,141,2808
2808,2810,2795
2788,2810,2809
2788,2795,2810
2795,2809,141
2795,2788,2809
2795,141,2796
2811,2791,2793
2811,2792,2791
2811,2812,2792
2811,2813,2812
2813,2811,141
2793,141,2811
2788,2792,2812
2788,2812,2813
2792,2788,2813
2792,2813,141
2792,141,2793
199,2790,2778
2790,2775,2778
2790,2814,2815
2815,2816,2790
2790,2816,2814
2790,2817,2818
2817,2790,2819
2790,2818,2819
2790,2820,2821
2821,2822,2790
2790,2822,2820
2790,2823,2824
2824,2825,2790
2790,2825,2823
2826,2824,2823
2826,2823,2825
2825,2815,2826
199,2824,2826
199,2826,2815
2824,2815,2825
2815,2824,199
2827,2821,2820
2827,2820,2822
2827,2828,2821
2827,2829,2828
2829,2827,2815
2822,2815,2827
199,2828,2829
2821,199,2829
2821,2829,2815
199,2821,2828
2821,2815,2822
2789,2814,2816
2789,2815,2814
2830,2818,2817
2830,2819,2818
2830,2817,2831
2819,2830,2815
2830,2831,2832
2832,2815,2830
2789,2832,2831
2789,2831,2817
2817,2832,2789
2817,2815,2832
2817,2819,2815
2815,2789,2816
130,2815,2833
2815,130,2834
2834,2835,2815
2835,2833,2815
2815,2836,175
175,2837,2815
2815,2837,2836
2838,2815,2839
2838,2840,2815
2840,2841,2815
2815,2842,2843
2842,2815,2844
2815,2843,2844
2839,2815,2841
2815,2845,2846
2846,2847,2815
2815,2847,2845
2815,2848,2849
2849,2850,2815
2815,2850,2848
2851,2848,2850
2851,2849,2848
2851,2852,2853
2852,2851,175
2850,175,2851
2851,2853,2849
199,2853,2852
199,2849,2853
2849,199,2852
2849,2852,175
2849,175,2850
2854,2846,2845
2854,2845,2847
2854,2855,2846
2854,2856,2855
2856,2854,175
2847,175,2854
199,2855,2856
199,2846,2855
2846,199,2856
2846,2856,175
2846,175,2847
2841,2857,2839
130,2839,2857
2838,2839,130
2841,2838,2857
130,2857,2838
130,2833,2834
2833,2858,2834
2833,2835,2858
2789,2858,2835
2789,2834,2858
2836,2859,2860
2860,175,2836
2836,2837,2859
130,2860,2859
130,2859,2837
2837,175,2860
2837,2860,130
2841,2840,2861
2841,2861,2838
2789,2861,2840
2789,2838,2861
2862,2844,2843
2862,2843,2842
2862,2842,2863
2844,2862,175
2862,2863,2864
2864,175,2862
130,2863,2842
130,2864,2863
2842,175,2864
2842,2864,130
2842,2844,175
2838,2789,2840
2834,2789,2835
2788,141,2865
141,2788,2866
2788,2865,2866
2788,2867,2868
2868,2869,2788
2788,2869,2867
2870,2868,2867
2870,2867,2869
2870,2871,2872
2870,2872,2868
2869,141,2870
2871,2870,141
2868,2871,141
2868,133,2871
133,2872,2871
133,2868,2872
2868,141,2869
133,2865,141
133,2866,2865
141,2866,133
2783,2776,359
269,359,2776
88,2771,2774
2774,86,88
175,2771,88
80,2771,182
175,182,2771
267,275,2768
267,2768,254
275,2760,79
254,79,2760
77,2873,2737
79,77,2737
2874,2737,2873
820,2737,2874
314,2875,2874
2874,2873,314
2876,2874,2875
2874,2876,820
820,2876,827
827,2876,2877
2875,2877,2876
256,2877,2875
256,2878,2877
2877,2878,827
827,2878,213
2878,239,213
239,2878,256
818,2878,2879
818,2880,2878
2880,2879,2878
824,2878,2881
824,2882,2878
2882,2881,2878
2880,239,2879
818,2879,239
824,2881,239
2882,239,2881
824,827,2882
2882,827,2883
2882,2883,239
2884,2883,827
2884,239,2883
824,2884,221
824,239,2884
827,221,2884
239,2880,827
818,827,2880
314,255,2875
256,2875,255
2873,77,76
2873,76,812
812,314,2873
827,203,2740
234,2740,203
820,827,2741
820,2741,818
218,2738,203
2738,234,203
239,834,221
818,221,834
203,823,820
823,822,820
827,826,221
827,213,203
829,203,830
824,221,826
203,820,822
818,239,221
817,2885,2886
817,2887,2885
817,814,59
794,817,808
817,56,808
817,2886,62
2887,817,2888
817,59,56
817,62,2889
2889,2890,817
2890,2891,817
2892,817,2893
2892,2894,817
2895,817,2894
2896,817,2891
2895,2893,817
2896,2888,817
791,817,794
2896,814,2888
2887,2888,814
2892,2893,814
2895,814,2893
814,2896,62
2896,2891,2889
2889,62,2896
2895,2897,2885
2895,2885,2898
2895,59,2897
2895,2898,814
2895,2894,59
2892,2898,2885
2892,814,2898
2897,2899,2885
2897,62,2899
2897,59,2900
2897,2900,62
2901,2900,59
2901,62,2900
2901,2885,2899
2892,2885,2901
2892,2901,59
2901,2899,62
2891,2890,2902
2891,2902,2889
59,2902,2890
59,2889,2902
2892,59,2894
2889,59,2890
2886,2885,2887
2886,2887,814
814,62,2886
65,2885,814
65,64,2885
814,2885,59
2885,62,59
64,62,2885
65,814,78
812,810,318
812,318,314
810,809,789
810,789,318
790,789,809
808,802,794
797,798,794
799,794,798
797,786,799
791,794,792
794,786,796
329,789,788
326,325,788
334,326,788
327,788,325
627,334,788
788,327,329
318,789,329
786,755,756
767,766,755
767,755,2903
767,2903,756
764,756,2903
764,2903,755
750,768,731
748,731,768
745,740,769
745,769,741
764,755,766
731,759,736
757,736,759
744,763,731
743,731,763
758,762,755
731,2904,758
675,758,755
756,758,2904
756,2904,675
731,675,2904
760,755,762
745,741,746
754,746,741
752,753,736
754,736,753
754,752,736
750,729,749
750,2905,729
750,731,2905
748,729,2905
748,2905,731
729,744,731
743,736,738
743,738,741
748,749,729
742,2906,741
742,740,2906
743,740,742
743,2906,740
743,741,2906
729,731,743
741,740,731
739,720,721
729,732,676
727,676,732
727,706,676
683,709,718
709,490,717
717,490,485
716,686,715
690,715,686
690,711,715
684,686,716
684,716,486
711,690,713
709,713,2907
679,2907,713
713,690,679
478,709,2907
489,2907,487
2907,489,478
679,487,2907
497,491,709
709,493,497
493,709,478
491,490,709
678,703,693
703,2908,688
688,2909,703
703,2909,2908
703,2910,2911
2910,703,2912
703,2911,2912
2913,688,2908
2908,2909,2914
2908,2914,2913
693,2913,2914
693,2914,2909
2909,688,2913
2909,2913,693
2915,2911,2910
2915,2912,2911
2912,2915,688
2916,688,2915
2915,2917,2916
2915,2910,2917
693,2916,2917
693,2917,2910
2910,688,2916
2910,2916,693
2910,2912,688
693,688,694
693,684,678
486,678,684
487,679,486
678,486,679
674,673,629
629,673,652
669,622,634
2918,652,653
653,630,2918
653,639,630
2918,630,629
629,652,2918
641,638,636
636,635,639
644,639,642
638,641,2919
647,2920,641
641,639,645
640,2919,641
644,641,2920
638,2919,637
640,637,2919
647,637,2920
644,2920,637
644,637,647
643,645,639
632,639,635
639,632,630
638,637,640
334,627,335
410,395,626
626,395,352
352,348,626
439,418,625
625,418,410
2921,2922,621
621,2923,2921
2924,2923,621
621,347,2925
2925,2924,621
2922,2926,621
620,621,2926
2927,2924,2925
337,2924,2927
2923,2924,2928
612,2928,2924
2924,337,612
2923,2928,2929
2929,2928,612
2929,2930,2931
612,2930,2929
2929,2921,2923
2921,2929,2932
2929,2922,2933
2933,2934,2929
2935,2929,2934
2936,2937,2929
2936,2929,2938
2939,2938,2929
2931,2932,2929
2939,2929,2937
2922,2929,2935
2939,2937,2922
2936,2922,2937
2921,2932,2922
2931,2922,2932
2935,2934,2921
2935,2921,2940
2935,2940,2930
2922,2935,2930
2933,2940,2921
2933,2930,2940
2939,2921,2938
2921,2939,2930
2939,2922,2941
2939,2941,2930
2936,2930,2941
2936,2941,2922
2942,2931,2930
2942,2922,2931
612,2942,2930
2943,2942,612
2922,2942,2943
2944,2945,2943
2944,2943,612
2943,2926,2922
2926,2943,2945
2943,2946,2947
2947,2948,2943
2949,2943,2948
2950,2951,2943
2950,2943,2952
2953,2952,2943
2946,2943,2949
2953,2943,2951
2953,2951,2946
2950,2946,2951
2926,2945,2946
2944,2946,2945
2953,2954,2944
2953,2946,2954
2953,2926,2952
2926,2953,2944
2950,2954,2946
2950,2944,2954
2949,2955,2946
2949,2956,2944
2949,2944,2955
2949,2926,2956
2949,2948,2926
2947,2944,2956
2947,2956,2926
2947,2946,2955
2947,2955,2944
2946,2944,349
2926,2946,349
2950,2952,2926
2944,2950,2926
2947,2926,2948
2944,342,341
342,2944,324
349,2944,341
612,324,2944
2936,2938,2921
2930,2936,2921
2933,2921,2934
2930,2933,2922
345,2927,2957
337,2927,345
344,2958,2927
2927,2959,344
2927,2960,2959
2925,2961,2927
2957,2927,2961
2960,2927,2958
2962,2963,2927
2962,2927,2964
2964,2927,2965
2963,2965,2927
345,2957,344
2960,344,2957
2957,2961,2960
2962,344,2963
344,2966,2963
2965,2963,2966
2965,2966,2962
344,2962,2966
347,344,2960
2960,2958,2959
2960,2967,2962
2962,2964,2960
2960,2964,2967
2925,2960,2961
2960,2925,347
2965,2962,2967
2965,2967,2964
344,2959,2958
349,620,2926
349,616,620
404,614,394
403,389,614
614,404,403
613,600,581
349,324,612
611,601,607
404,611,403
581,601,611
580,576,604
581,580,601
598,2968,394
598,392,2968
393,394,2968
393,2968,392
566,578,564
578,566,2969
578,2969,575
566,567,2969
2969,567,570
575,2969,2970
2969,570,2970
2970,570,575
558,576,560
570,567,569
546,558,2971
556,2971,558
546,2971,556
546,536,533
544,2972,536
544,533,2972
544,2973,533
544,530,2973
2973,530,538
2973,536,2972
2973,2972,533
2973,538,536
539,514,535
507,535,514
530,533,536
478,522,493
477,522,478
522,477,510
467,473,510
510,508,467
467,508,470
439,488,446
483,446,488
478,483,479
481,466,476
476,475,481
445,475,479
475,449,479
479,449,445
466,468,476
477,473,467
475,445,449
465,471,442
454,459,453
454,462,448
454,453,452
445,465,442
448,452,451
452,2974,463
458,452,463
461,463,2974
452,458,2974
461,2974,458
460,461,458
458,457,459
458,459,460
455,459,457
459,448,462
456,460,459
448,446,455
442,408,437
406,408,442
432,412,431
412,432,419
429,431,412
419,429,412
2975,427,426
2975,426,428
2976,2975,410
428,410,2975
2976,427,2975
2976,416,2977
416,2976,410
427,2976,412
2976,2977,412
2977,416,415
2977,415,417
417,412,2977
427,410,428
410,427,412
421,410,2978
413,410,421
421,2978,412
413,2978,410
413,412,2978
423,412,424
411,412,409
408,409,412
416,412,417
412,416,410
396,395,410
356,393,392
392,354,390
401,399,392
401,392,2979
398,2979,392
354,392,402
398,392,399
398,354,2979
401,2979,354
402,391,356
390,356,391
354,402,356
401,354,2980
401,356,400
401,2980,356
398,2980,354
398,356,2980
398,400,356
356,390,354
357,162,159
167,357,159
358,357,2981
357,169,2981
357,167,168
357,168,169
355,162,357
2981,169,2982
2981,2982,135
2983,2981,2984
2981,2983,141
2985,2981,2986
2981,2985,133
2987,2981,126
133,126,2981
2981,2987,129
358,2981,116
116,2981,2988
2984,2981,2989
141,2989,2981
129,2986,2981
2990,2991,2981
2990,2981,2992
2992,2981,2993
2991,2993,2981
134,2994,2981
134,2981,2995
2995,2981,2996
2994,2996,2981
135,2988,2981
116,2988,2987
135,2987,2988
2994,2987,2997
2994,2997,129
2994,129,2996
134,2987,2994
134,2997,2987
134,129,2997
2985,2986,141
129,141,2986
2990,141,2991
2993,2991,2998
141,2998,2991
2993,2998,2990
141,2990,2998
2995,2996,129
134,2995,141
2995,142,141
2995,129,142
2989,2999,2984
135,2984,2999
2983,2984,135
2989,2983,2999
135,2999,2983
2993,2990,3000
2993,3000,2992
135,3000,2990
135,2992,3000
2990,2992,135
141,2983,2989
135,3001,2987
126,129,2987
116,2987,3001
116,3001,129
135,129,3001
152,2985,141
152,133,2985
128,2982,169
128,135,2982
359,269,3002
358,121,359
359,3002,271
279,3002,269
279,271,3002
358,116,3003
358,3003,121
119,3003,116
119,121,3003
349,323,324
349,341,343
345,338,337
326,334,332
329,327,332
327,330,332
332,330,326
330,324,326
279,290,320
279,320,271
255,314,267
287,288,267
267,273,287
284,283,3004
284,3004,280
273,3004,283
273,280,3004
280,273,283
254,275,79
272,3005,208
272,205,3005
272,274,205
3005,3006,199
199,208,3005
3005,205,3006
192,199,3006
192,3006,205
274,192,205
274,261,192
254,255,267
259,213,243
259,243,207
191,259,207
191,192,259
253,207,213
239,238,222
212,238,246
246,238,245
244,245,238
234,3007,191
3007,234,3008
234,229,225
183,3008,234
3007,3008,203
183,203,3008
183,3007,203
183,191,3007
222,220,239
212,239,252
212,248,239
248,249,239
252,239,249
224,223,226
223,225,226
226,233,230
212,250,213
250,217,213
248,221,247
212,221,248
246,247,221
212,246,221
244,231,237
236,237,231
222,221,220
235,3009,231
236,231,3009
230,231,228
235,230,3009
236,3009,230
218,219,225
235,225,219
235,236,230
232,230,233
228,225,229
218,207,215
210,199,3010
210,201,199
210,3010,208
210,205,201
198,3010,199
198,208,3010
213,207,203
183,208,199
169,135,208
167,169,208
166,167,208
159,166,208
183,159,208
204,183,3011
204,3011,191
194,191,3011
194,3011,183
203,187,188
203,188,191
203,191,186
192,175,199
183,199,175
175,176,186
194,183,195
183,185,191
192,191,185
191,188,189
191,189,190
190,3012,188
67,187,78
187,67,73
81,80,182
81,182,93
183,158,159
87,175,88
175,127,130
127,175,152
175,130,152
3013,3014,175
3013,175,3015
3015,175,3014
3013,130,3014
3015,3014,130
3015,3016,152
3013,3015,152
3015,130,3016
132,152,3016
132,3016,130
3013,152,3017
3013,3017,144
128,3013,144
130,3013,128
145,3017,152
145,144,3017
159,165,167
176,157,156
176,156,113
156,164,113
161,166,159
163,166,3018
165,3018,166
163,3018,159
165,159,3018
161,160,158
176,158,157
159,158,160
170,172,158
113,128,176
162,163,159
170,159,171
172,171,159
152,144,127
145,152,155
152,3019,133
152,130,3019
155,152,3020
3021,152,3022
3021,3020,152
132,3022,152
3021,3022,133
132,133,3022
3021,141,3020
155,3020,141
134,141,3021
134,3021,133
127,133,3019
127,3019,130
155,141,146
70,69,149
148,84,3023
148,3023,101
83,91,148
91,84,148
105,148,101
92,3023,84
92,101,3023
141,129,128
134,138,129
116,129,137
135,137,129
127,126,133
128,105,103
90,121,115
121,117,116
123,124,121
122,121,3024
125,121,124
125,3024,121
117,121,120
119,115,121
125,116,3024
122,3024,116
114,119,116
122,116,125
105,101,100
101,84,102
102,86,3025
86,102,84
102,3025,90
101,90,3025
101,3025,86
94,101,95
97,95,101
91,92,84
84,3026,97
97,3027,84
97,101,3027
96,97,3028
3028,97,3026
96,3028,101
3027,101,3028
3028,3026,3027
84,3027,3026
84,101,85
86,85,101
90,89,86
88,86,89
68,67,78
47,68,48
68,47,49
64,63,62
58,49,52
53,57,58
57,53,51
52,49,51
3029,3030,3031
3031,3032,3029
3031,3033,3032
3034,3031,3030
3034,3033,3031
3034,3030,3035
3035,3033,3034
3035,3030,3036
3035,3036,3033
3036,3037,3038
3037,3036,3039
3036,3038,3040
3033,3036,3040
3030,3039,3036
3030,3029,3039
3039,3029,3041
3042,3039,3041
3039,3042,3037
3042,3041,3043
3043,3044,3042
3045,3042,3044
3037,3042,3046
3045,3046,3042
3046,3045,3047
3045,3048,3047
3048,3045,3044
3049,3047,3048
3050,3049,3048
3044,3051,3048
3048,3051,3050
3050,3051,3052
3053,3050,3052
3054,3049,3050
3050,3053,3054
3052,3055,3053
3054,3053,3056
3053,3055,3057
3057,3056,3053
3058,3056,3057
3059,3056,3060
3056,3059,3054
3058,3060,3056
3058,3057,3060
3059,3060,3057
3061,3059,3057
3059,3061,3054
3049,3054,3061
3062,3049,3061
3062,3061,3055
3057,3055,3061
3055,3052,3062
3062,3052,3063
3047,3049,3062
3062,3063,3047
3052,3051,3063
3063,3064,3047
3063,3051,3064
3064,3065,3046
3047,3064,3046
3064,3051,3065
3046,3065,3066
3051,3044,3065
3065,3044,3066
3040,3066,3044
3066,3040,3038
3066,3038,3037
3046,3066,3037
3043,3040,3044
3029,3043,3041
3033,3040,3043
3029,3033,3043
3033,3029,3032
3067,3068,3069
3069,3070,3067
3070,3069,3071
3072,3071,3069
3068,3073,3069
3074,3069,3073
3069,3075,3072
3074,3075,3069
3073,3076,3074
3074,3076,3075
3077,3076,3073
3078,3075,3076
3077,3079,3076
3076,3080,3078
3081,3076,3079
3076,3081,3080
3080,3082,3083
3083,3078,3080
3082,3080,3081
3084,3083,3082
3082,3085,3084
3081,3086,3082
3085,3082,3086
3085,3087,3088
3088,3084,3085
3086,3089,3085
3087,3085,3089
3090,3088,3087
3089,3091,3087
3092,3087,3091
3087,3092,3090
3090,3092,3093
3093,3092,3094
3091,3094,3092
3093,3095,3090
3095,3093,3096
3096,3093,3097
3094,3097,3093
3094,3098,3097
3096,3097,3098
3098,3094,3099
3099,3100,3098
3096,3098,3100
3099,3101,3100
3096,3100,3101
3101,3099,3102
3102,3103,3101
3096,3101,3103
3103,3102,3104
3103,3104,3105
3105,3106,3103
3096,3103,3106
3104,3107,3108
3107,3104,3102
3108,3105,3104
3109,3108,3107
3108,3109,3110
3111,3108,3112
3110,3112,3108
3108,3111,3105
3112,3113,3111
3106,3105,3111
3106,3111,3113
3113,3112,3114
3114,3115,3113
3113,3116,3106
3113,3117,3116
3117,3113,3115
3115,3118,3117
3115,3114,3119
3119,3120,3115
3118,3115,3120
3120,3119,3121
3118,3120,3122
3121,3122,3120
3121,3123,3124
3124,3125,3121
3122,3121,3125
3123,3121,3119
3114,3126,3123
3123,3119,3114
3124,3123,3127
3128,3129,3123
3123,3126,3128
3129,3127,3123
3129,3128,3130
3127,3129,3131
3130,3131,3129
3128,3132,3130
3133,3130,3132
3131,3130,3134
3135,3134,3130
3136,3135,3130
3130,3133,3136
3137,3136,3138
3133,3138,3136
3139,3140,3136
3136,3137,3139
3135,3136,3140
3140,3139,3141
3142,3140,3143
3140,3141,3143
3135,3140,3142
3143,3141,3144
3144,3141,3145
3139,3145,3141
3139,3146,3145
3146,3070,3145
3145,3070,3144
3137,3147,3146
3146,3147,3070
3146,3139,3137
3079,3147,3148
3147,3079,3149
3070,3147,3149
3147,3137,3150
3150,3148,3147
3148,3150,3151
3151,3152,3148
3153,3148,3152
3148,3153,3079
3154,3155,3152
3152,3155,3153
3152,3156,3154
3156,3152,3151
3157,3154,3156
3156,3107,3157
3107,3156,3109
3151,3109,3156
3157,3158,3154
3158,3157,3091
3094,3091,3157
3099,3157,3107
3157,3099,3094
3158,3159,3155
3155,3154,3158
3159,3158,3089
3091,3089,3158
3155,3159,3153
3089,3086,3159
3159,3086,3081
3081,3153,3159
3153,3081,3079
3109,3151,3160
3160,3151,3150
3110,3109,3160
3150,3138,3160
3160,3161,3110
3161,3160,3138
3138,3133,3161
3161,3132,3126
3132,3161,3133
3126,3110,3161
3138,3150,3137
3149,3079,3067
3149,3067,3070
3162,3163,3144
3144,3164,3162
3144,3165,3164
3166,3167,3144
3144,3168,3166
3169,3168,3144
3167,3165,3144
3163,3143,3144
3170,3144,3171
3171,3144,3070
3144,3172,3169
3170,3172,3144
3173,3174,3170
3175,3173,3170
3170,3174,3172
3170,3171,3175
3070,3175,3171
3176,3173,3175
3176,3175,3071
3071,3175,3070
3176,3177,3173
3071,3177,3176
3178,3173,3177
3072,3075,3177
3072,3177,3071
3177,3179,3178
3179,3177,3075
3173,3178,3180
3178,3181,3182
3181,3178,3179
3182,3180,3178
3180,3182,3183
3184,3183,3182
3182,3185,3184
3185,3182,3181
3184,3185,3186
3185,3187,3186
3181,3187,3185
3188,3189,3187
3187,3190,3188
3191,3190,3187
3187,3181,3191
3189,3186,3187
3088,3188,3190
3190,3192,3088
3083,3192,3190
3190,3191,3083
3192,3084,3088
3083,3084,3192
3193,3194,3189
3189,3188,3193
3186,3189,3194
3194,3193,3195
3196,3197,3194
3195,3196,3194
3194,3198,3186
3198,3194,3197
3197,3199,3198
3199,3197,3096
3197,3196,3096
3199,3200,3201
3201,3198,3199
3200,3199,3096
3200,3202,3203
3202,3200,3096
3203,3201,3200
3201,3203,3204
3205,3203,3202
3203,3205,3206
3206,3204,3203
3206,3207,3208
3208,3209,3206
3204,3206,3209
3207,3206,3205
3210,3211,3207
3211,3208,3207
3207,3212,3210
3212,3207,3213
3205,3213,3207
3214,3215,3213
3216,3213,3215
3213,3216,3212
3213,3205,3214
3217,3213,3218
3218,3213,3219
3220,3219,3213
3217,3221,3213
3220,3213,3221
3217,3216,3221
3220,3221,3216
3220,3216,3222
3219,3220,3223
3224,3223,3220
3220,3225,3224
3222,3225,3220
3225,3222,3226
3227,3222,3216
3228,3226,3222
3222,3227,3228
3226,3229,3225
3228,3230,3226
3229,3226,3230
3230,3228,3231
3231,3232,3230
3233,3230,3232
3230,3233,3229
3224,3229,3233
3233,3234,3235
3233,3235,3224
3234,3233,3236
3233,3232,3237
3237,3236,3233
3234,3236,3238
3237,3238,3236
3238,3237,3122
3238,3239,3240
3238,3122,3239
3238,3241,3234
3241,3238,3240
3096,3118,3240
3240,3242,3096
3240,3122,3243
3243,3244,3240
3242,3240,3244
3122,3240,3118
3240,3245,3241
3245,3240,3246
3240,3247,3248
3248,3246,3240
3247,3240,3239
3249,3242,3250
3242,3249,3251
3242,3251,3252
3096,3242,3253
3242,3254,3250
3242,3255,3254
3242,3244,3256
3256,3257,3242
3255,3242,3257
3252,3253,3242
3096,3253,3258
3253,3259,3258
3259,3253,3260
3253,3252,3260
3259,3260,3252
3261,3258,3259
3259,3252,3262
3259,3263,3261
3264,3263,3259
3265,3264,3259
3259,3262,3265
3265,3263,3264
3262,3266,3265
3266,3262,3267
3268,3267,3262
3262,3252,3268
3269,3268,3270
3270,3268,3251
3251,3268,3252
3269,3267,3268
3270,3271,3269
3269,3272,3267
3272,3269,3271
3273,3272,3274
3274,3272,3271
3272,3275,3265
3265,3267,3272
3273,3275,3272
3275,3273,3276
3277,3275,3276
3278,3279,3275
3279,3265,3275
3278,3275,3280
3281,3280,3275
3281,3275,3277
3281,3282,3283
3283,3284,3281
3277,3282,3281
3281,3284,3285
3285,3280,3281
3284,3286,3285
3287,3285,3288
3288,3285,3289
3289,3285,3286
3280,3285,3287
3290,3287,3291
3291,3287,3292
3288,3292,3287
3287,3290,3293
3287,3294,3280
3293,3295,3287
3287,3295,3294
3294,3296,3297
3294,3297,3298
3299,3294,3298
3280,3294,3300
3300,3294,3301
3294,3302,3301
3294,3303,3302
3294,3299,3303
3296,3294,3295
3296,3304,3305
3304,3296,3306
3295,3306,3296
3305,3297,3296
3305,3304,3307
3307,3308,3305
3309,3305,3308
3297,3305,3309
3310,3309,3311
3312,3311,3309
3309,3310,3313
3308,3312,3309
3309,3298,3297
3313,3298,3309
3314,3315,3309
3309,3316,3314
3309,3315,3316
3309,3317,3318
3317,3309,3319
3309,3318,3319
3298,3319,3318
3298,3318,3317
3317,3319,3298
3314,3317,3315
3317,3314,3312
3315,3317,3320
3312,3320,3317
3312,3314,3320
3320,3316,3315
3320,3314,3316
3298,3313,3321
3321,3313,3310
3321,3322,3323
3322,3321,3310
3323,3298,3321
3324,3323,3322
3298,3323,3279
3323,3325,3326
3325,3323,3324
3323,3326,3279
3327,3326,3325
3326,3328,3329
3328,3326,3327
3329,3330,3326
3263,3326,3330
3263,3265,3326
3279,3326,3265
3327,3331,3332
3332,3333,3327
3327,3333,3328
3325,3331,3327
3331,3334,3335
3331,3324,3334
3324,3331,3325
3336,3332,3331
3335,3336,3331
3311,3312,3335
3334,3311,3335
3335,3255,3096
3255,3335,3308
3312,3308,3335
3336,3335,3096
3336,3337,3332
3337,3336,3258
3096,3258,3336
3338,3337,3258
3339,3337,3338
3333,3337,3339
3333,3332,3337
3328,3339,3330
3333,3339,3328
3338,3330,3339
3338,3258,3261
3261,3330,3338
3311,3334,3310
3310,3334,3322
3322,3334,3324
3330,3261,3263
3330,3329,3328
3308,3307,3255
3307,3340,3254
3340,3307,3304
3254,3255,3307
3340,3341,3254
3304,3341,3340
3291,3341,3290
3342,3341,3291
3290,3341,3304
3341,3342,3254
3342,3343,3254
3342,3344,3343
3344,3342,3292
3292,3342,3291
3344,3289,3343
3289,3344,3288
3292,3288,3344
3343,3345,3254
3345,3343,3289
3283,3282,3345
3282,3346,3345
3254,3345,3346
3289,3283,3345
3346,3282,3277
3254,3346,3347
3347,3346,3277
3250,3347,3277
3347,3250,3254
3306,3295,3304
3304,3293,3290
3304,3295,3293
3348,3302,3303
3348,3303,3299
3348,3349,3302
3350,3351,3348
3350,3348,3299
3348,3351,3349
3299,3351,3302
3350,3349,3351
3351,3352,3353
3352,3351,3354
3351,3353,3354
3351,3349,3355
3355,3356,3351
3351,3356,3349
3357,3355,3349
3357,3349,3356
3356,3302,3357
3358,3357,3302
3357,3359,3355
3357,3358,3359
3299,3355,3359
3299,3359,3358
3355,3358,3302
3355,3299,3358
3355,3302,3356
3357,3354,3353
3357,3353,3352
3354,3357,3302
3360,3302,3357
3357,3361,3360
3357,3352,3361
3352,3302,3360
3352,3360,3299
3299,3360,3361
3299,3361,3352
3352,3354,3302
3350,3302,3349
3350,3362,3302
3362,3350,3363
3350,3364,3365
3299,3364,3350
3350,3366,3367
3365,3363,3350
3362,3363,3367
3365,3367,3363
3368,3365,3369
3369,3365,3364
3365,3370,3367
3365,3368,3366
3365,3366,3370
3371,3367,3370
3371,3370,3366
3372,3373,3371
3371,3373,3374
3366,3375,3371
3374,3367,3371
3371,3376,3372
3376,3371,3375
3376,3375,3377
3377,3372,3376
3377,3378,3379
3379,3372,3377
3380,3377,3375
3378,3377,3380
3379,3378,3381
3381,3378,3382
3380,3382,3378
3383,3381,3382
3384,3385,3382
3382,3385,3386
3382,3387,3384
3382,3380,3387
3386,3383,3382
3386,3388,3300
3300,3383,3386
3388,3386,3385
3385,3389,3388
3389,3390,3388
3391,3388,3390
3388,3391,3300
3391,3392,3300
3392,3391,3393
3390,3393,3391
3394,3395,3393
3393,3395,3396
3397,3393,3390
3393,3397,3394
3393,3396,3392
3392,3396,3398
3396,3399,3398
3399,3396,3395
3400,3399,3401
3399,3400,3278
3278,3398,3399
3399,3402,3401
3395,3402,3399
3394,3402,3395
3403,3401,3402
3402,3394,3403
3404,3403,3394
3401,3403,3405
3405,3403,3404
3404,3406,3407
3408,3404,3407
3404,3409,3410
3409,3404,3394
3404,3411,3405
3411,3404,3412
3404,3410,3413
3412,3404,3408
3406,3404,3413
3414,3406,3413
3415,3416,3406
3406,3414,3415
3417,3407,3406
3416,3418,3406
3418,3417,3406
3407,3417,3419
3419,3417,3420
3417,3418,3421
3421,3420,3417
3422,3420,3421
3423,3419,3420
3420,3424,3423
3424,3420,3422
3422,3425,3426
3426,3427,3422
3421,3428,3422
3424,3422,3427
3425,3422,3428
3421,3429,3428
3425,3428,3429
3430,3431,3429
3425,3429,3431
3421,3432,3429
3429,3432,3433
3429,3433,3430
3416,3415,3430
3434,3430,3415
3430,3433,3416
3430,3434,3435
3435,3431,3430
3434,3436,3435
3425,3431,3435
3435,3436,3425
3436,3437,3425
3437,3436,3438
3439,3438,3436
3434,3439,3436
3438,3439,3440
3441,3440,3439
3439,3434,3441
3414,3441,3434
3413,3441,3414
3441,3413,3442
3442,3440,3441
3440,3442,3443
3442,3413,3443
3443,3375,3444
3375,3443,3413
3444,3445,3443
3446,3443,3445
3440,3443,3447
3443,3446,3447
3448,3447,3446
3446,3449,3448
3446,3450,3449
3446,3445,3450
3449,3450,3451
3450,3445,3451
3452,3453,3451
3451,3445,3452
3454,3451,3455
3451,3454,3449
3451,3453,3456
3456,3457,3451
3457,3455,3451
3458,3456,3453
3456,3426,3459
3426,3456,3460
3456,3461,3457
3459,3461,3456
3458,3462,3456
3463,3460,3456
3462,3463,3456
3453,3464,3462
3462,3458,3453
3463,3462,3465
3464,3465,3462
3466,3465,3464
3465,3466,3467
3468,3469,3465
3465,3467,3468
3465,3469,3463
3468,3470,3469
3469,3470,3460
3460,3463,3469
3470,3471,3472
3473,3471,3470
3470,3468,3474
3472,3460,3470
3470,3474,3473
3474,3468,3475
3473,3474,3475
3476,3444,3475
3444,3477,3475
3478,3475,3477
3476,3475,3468
3479,3473,3475
3475,3478,3480
3480,3479,3475
3481,3480,3478
3478,3408,3481
3477,3408,3478
3482,3480,3481
3483,3481,3484
3484,3481,3408
3481,3483,3482
3484,3485,3483
3482,3483,3486
3486,3483,3485
3485,3487,3486
3426,3488,3486
3482,3486,3488
3486,3489,3426
3489,3486,3487
3487,3485,3490
3487,3490,3491
3489,3487,3492
3491,3492,3487
3491,3493,3494
3494,3495,3491
3491,3496,3493
3491,3495,3492
3496,3491,3490
3493,3496,3407
3408,3407,3496
3485,3484,3496
3496,3484,3408
3496,3490,3485
3424,3495,3494
3424,3489,3495
3489,3492,3495
3494,3493,3407
3423,3497,3494
3494,3407,3423
3424,3494,3497
3497,3423,3424
3427,3426,3489
3424,3427,3489
3471,3482,3488
3488,3472,3471
3472,3488,3426
3480,3482,3471
3471,3479,3480
3471,3473,3479
3468,3467,3476
3444,3476,3467
3477,3444,3366
3477,3366,3368
3498,3408,3477
3477,3368,3498
3499,3498,3368
3498,3499,3500
3501,3502,3498
3498,3503,3501
3408,3498,3412
3498,3502,3412
3498,3504,3503
3504,3498,3500
3505,3500,3499
3500,3505,3504
3505,3506,3507
3507,3508,3505
3504,3505,3508
3499,3506,3505
3506,3509,3510
3510,3507,3506
3499,3509,3506
3511,3510,3509
3512,3369,3509
3509,3369,3511
3509,3499,3512
3513,3514,3511
3510,3511,3514
3511,3299,3513
3364,3511,3369
3511,3364,3299
3279,3515,3513
3513,3299,3279
3514,3513,3515
3279,3278,3515
3515,3516,3514
3516,3515,3517
3278,3517,3515
3518,3517,3278
3517,3518,3516
3516,3518,3507
3518,3519,3508
3508,3507,3518
3278,3519,3518
3519,3278,3520
3520,3521,3519
3519,3521,3522
3519,3523,3508
3522,3523,3519
3524,3522,3521
3523,3522,3501
3522,3524,3501
3521,3525,3524
3524,3526,3527
3526,3524,3528
3527,3501,3524
3525,3528,3524
3528,3525,3520
3520,3525,3521
3520,3278,3528
3278,3529,3528
3528,3529,3526
3529,3530,3531
3278,3530,3529
3531,3526,3529
3532,3529,3533
3529,3534,3533
3535,3534,3529
3532,3535,3529
3532,3536,3535
3537,3535,3536
3534,3535,3538
3535,3537,3538
3538,3531,3534
3531,3538,3539
3538,3537,3540
3540,3541,3538
3541,3539,3538
3539,3541,3540
3539,3542,3543
3539,3543,3531
3544,3539,3545
3544,3546,3539
3542,3539,3546
3540,3545,3539
3547,3542,3546
3401,3542,3547
3543,3542,3531
3401,3531,3542
3548,3549,3547
3550,3547,3549
3546,3548,3547
3547,3550,3401
3548,3551,3395
3395,3549,3548
3551,3548,3552
3553,3552,3548
3554,3555,3548
3548,3556,3554
3556,3548,3544
3555,3553,3548
3548,3546,3544
3551,3552,3553
3551,3553,3555
3557,3555,3554
3555,3557,3551
3558,3557,3559
3558,3560,3557
3556,3559,3557
3551,3557,3560
3557,3554,3556
3558,3561,3560
3560,3561,3551
3561,3558,3562
3562,3563,3561
3395,3551,3561
3561,3564,3395
3563,3564,3561
3550,3395,3564
3401,3564,3565
3565,3564,3533
3564,3563,3533
3401,3550,3564
3401,3565,3533
3563,3562,3566
3567,3568,3563
3563,3566,3567
3563,3569,3532
3569,3563,3568
3532,3533,3563
3570,3566,3571
3571,3566,3572
3566,3562,3573
3573,3572,3566
3566,3570,3574
3574,3567,3566
3574,3575,3567
3576,3574,3570
3575,3574,3576
3576,3577,3578
3578,3579,3576
3580,3576,3579
3576,3580,3575
3570,3577,3576
3577,3571,3578
3571,3577,3570
3580,3581,3582
3579,3581,3580
3582,3567,3580
3580,3567,3575
3567,3582,3568
3289,3568,3582
3582,3581,3289
3583,3581,3584
3581,3583,3289
3581,3579,3585
3585,3586,3581
3586,3584,3581
3584,3586,3219
3223,3584,3219
3584,3223,3583
3586,3585,3587
3587,3219,3586
3588,3587,3585
3219,3587,3589
3587,3588,3589
3590,3589,3588
3588,3591,3590
3591,3588,3592
3585,3592,3588
3593,3590,3591
3594,3589,3590
3590,3595,3594
3595,3590,3593
3596,3593,3591
3595,3593,3596
3591,3597,3596
3598,3596,3599
3599,3596,3597
3596,3598,3595
3600,3595,3598
3598,3601,3600
3601,3598,3602
3599,3602,3598
3602,3603,3601
3603,3602,3604
3602,3599,3605
3605,3604,3602
3604,3606,3603
3606,3604,3607
3604,3605,3608
3608,3607,3604
3609,3607,3610
3610,3607,3608
3607,3609,3606
3610,3611,3609
3612,3609,3611
3612,3606,3609
3611,3610,3613
3613,3614,3611
3615,3611,3614
3611,3616,3612
3611,3615,3616
3617,3618,3615
3615,3619,3617
3615,3620,3621
3615,3618,3620
3621,3616,3615
3619,3615,3614
3622,3619,3623
3614,3623,3619
3619,3622,3624
3624,3625,3619
3625,3617,3619
3625,3624,3626
3617,3625,3627
3626,3627,3625
3628,3626,3629
3629,3626,3630
3631,3630,3626
3627,3626,3628
3624,3632,3626
3632,3633,3626
3631,3626,3633
3634,3631,3635
3631,3634,3636
3633,3635,3631
3636,3637,3631
3638,3631,3637
3630,3631,3638
3629,3638,3639
3639,3638,3640
3637,3640,3638
3630,3638,3629
3641,3640,3636
3640,3641,3639
3640,3637,3636
3642,3643,3641
3641,3643,3639
3641,3634,3642
3636,3634,3641
3644,3642,3645
3642,3644,3643
3634,3645,3642
3646,3645,3647
3648,3647,3645
3645,3646,3644
3645,3634,3648
3644,3646,3639
3639,3646,3649
3650,3649,3646
3647,3651,3646
3651,3652,3646
3652,3653,3646
3650,3646,3653
3649,3650,3654
3650,3655,3656
3657,3655,3650
3654,3650,3658
3650,3656,3659
3658,3650,3659
3653,3657,3650
3658,3660,3164
3658,3164,3661
3658,3162,3654
3660,3658,3659
3658,3661,3162
3164,3660,3662
3663,3660,3659
3660,3663,3664
3665,3662,3660
3660,3666,3665
3664,3666,3660
3665,3666,3667
3668,3667,3666
3666,3664,3668
3668,3669,3670
3668,3671,3669
3667,3668,3672
3671,3668,3664
3670,3672,3668
3672,3673,3667
3672,3674,3675
3675,3676,3672
3677,3672,3676
3672,3670,3674
3672,3677,3673
3678,3674,3670
3674,3678,3600
3600,3675,3674
3678,3594,3595
3595,3600,3678
3594,3678,3679
3670,3679,3678
3679,3680,3594
3680,3679,3681
3669,3681,3679
3679,3670,3669
3681,3682,3680
3682,3681,3683
3671,3683,3681
3681,3669,3671
3684,3210,3683
3217,3683,3210
3683,3217,3682
3683,3671,3684
3684,3685,3210
3663,3686,3684
3684,3664,3663
3684,3687,3685
3664,3684,3671
3687,3684,3686
3687,3688,3689
3688,3687,3212
3689,3690,3687
3687,3210,3212
3210,3687,3690
3687,3227,3217
3227,3687,3691
3686,3691,3687
3217,3685,3687
3691,3692,3231
3231,3228,3691
3691,3228,3227
3692,3691,3693
3691,3686,3693
3125,3231,3692
3694,3692,3693
3692,3694,3695
3692,3695,3125
3694,3696,3697
3697,3698,3694
3694,3698,3125
3125,3124,3694
3694,3124,3699
3696,3694,3700
3699,3700,3694
3693,3701,3694
3694,3702,3703
3702,3694,3704
3701,3704,3694
3703,3695,3694
3703,3122,3705
3247,3122,3703
3703,3125,3695
3703,3706,3248
3706,3703,3702
3248,3247,3703
3703,3705,3125
3237,3705,3122
3237,3125,3705
3706,3707,3708
3707,3706,3709
3702,3709,3706
3708,3248,3706
3710,3708,3707
3246,3708,3710
3246,3248,3708
3711,3710,3712
3712,3710,3707
3710,3711,3246
3712,3713,3711
3714,3711,3713
3715,3246,3711
3711,3714,3715
3713,3716,3714
3717,3714,3716
3714,3717,3718
3718,3715,3714
3719,3720,3718
3718,3721,3719
3721,3718,3717
3715,3718,3720
3722,3723,3720
3241,3720,3723
3722,3720,3724
3720,3241,3245
3724,3720,3725
3720,3719,3725
3720,3726,3715
3720,3245,3726
3727,3724,3728
3724,3727,3722
3725,3728,3724
3569,3727,3728
3728,3729,3730
3729,3728,3725
3731,3732,3728
3732,3569,3728
3730,3731,3728
3731,3730,3732
3730,3721,3733
3730,3719,3721
3730,3729,3719
3733,3732,3730
3717,3733,3721
3717,3734,3733
3733,3734,3735
3735,3732,3733
3735,3734,3736
3736,3737,3735
3732,3735,3737
3737,3738,3732
3738,3737,3739
3739,3737,3736
3569,3732,3738
3740,3738,3739
3741,3742,3738
3741,3738,3740
3569,3738,3742
3740,3743,3741
3740,3744,3743
3739,3744,3740
3736,3717,3744
3745,3744,3717
3736,3744,3739
3744,3745,3746
3746,3743,3744
3743,3746,3747
3746,3748,3749
3748,3746,3745
3749,3747,3746
3750,3743,3747
3751,3747,3752
3752,3747,3753
3747,3754,3753
3754,3747,3749
3750,3747,3751
3752,3742,3751
3742,3741,3751
3750,3751,3741
3741,3743,3750
3749,3755,3754
3755,3756,3754
3757,3754,3756
3754,3757,3753
3756,3758,3757
3759,3753,3757
3760,3759,3757
3757,3761,3760
3761,3757,3758
3762,3763,3759
3759,3760,3762
3753,3759,3763
3763,3762,3764
3765,3763,3766
3763,3765,3753
3764,3766,3763
3763,3767,3768
3767,3763,3769
3763,3768,3769
3764,3769,3768
3764,3768,3767
3767,3769,3764
3766,3770,3767
3771,3766,3767
3767,3742,3771
3767,3772,3773
3773,3742,3767
3772,3767,3770
3773,3772,3562
3772,3774,3562
3772,3770,3764
3774,3772,3762
3762,3772,3764
3762,3760,3774
3774,3760,3775
3775,3562,3774
3760,3776,3775
3777,3775,3776
3778,3775,3777
3778,3562,3775
3778,3573,3562
3777,3573,3778
3776,3779,3777
3780,3777,3779
3777,3780,3572
3572,3573,3777
3572,3780,3571
3571,3780,3779
3779,3776,3781
3781,3782,3779
3779,3578,3571
3578,3779,3783
3782,3783,3779
3783,3592,3578
3783,3782,3597
3592,3783,3591
3597,3591,3783
3782,3781,3597
3781,3784,3785
3784,3781,3776
3785,3597,3781
3786,3785,3784
3597,3785,3605
3785,3786,3608
3608,3605,3785
3786,3758,3787
3787,3608,3786
3784,3761,3786
3758,3786,3761
3608,3787,3610
3787,3788,3610
3788,3787,3758
3788,3789,3790
3790,3613,3788
3613,3610,3788
3758,3756,3788
3789,3788,3756
3789,3791,3790
3791,3789,3755
3756,3755,3789
3792,3790,3791
3793,3792,3791
3755,3749,3791
3791,3749,3748
3791,3794,3793
3748,3794,3791
3794,3795,3793
3796,3795,3794
3794,3748,3796
3796,3712,3795
3712,3796,3713
3716,3713,3796
3796,3797,3716
3796,3745,3797
3745,3796,3748
3717,3797,3745
3717,3716,3797
3795,3712,3798
3798,3793,3795
3793,3798,3799
3798,3800,3799
3800,3798,3712
3801,3799,3800
3800,3707,3801
3707,3800,3712
3709,3801,3707
3802,3803,3801
3801,3709,3802
3799,3801,3804
3803,3804,3801
3803,3802,3647
3647,3648,3803
3804,3803,3648
3648,3635,3804
3804,3805,3799
3805,3804,3635
3805,3806,3807
3807,3799,3805
3806,3805,3633
3635,3633,3805
3806,3808,3807
3808,3806,3633
3809,3807,3808
3808,3622,3809
3622,3808,3632
3633,3632,3808
3807,3809,3792
3790,3792,3809
3809,3623,3790
3623,3809,3622
3792,3793,3807
3799,3807,3793
3810,3802,3702
3709,3702,3802
3652,3651,3802
3802,3810,3652
3651,3647,3802
3704,3810,3702
3810,3704,3653
3653,3652,3810
3613,3790,3623
3761,3784,3760
3776,3760,3784
3766,3764,3770
3773,3562,3811
3773,3812,3813
3813,3742,3773
3773,3811,3812
3814,3815,3812
3813,3812,3815
3816,3812,3811
3812,3816,3817
3817,3814,3812
3817,3816,3818
3818,3819,3817
3814,3817,3820
3821,3820,3817
3822,3817,3819
3817,3822,3821
3822,3819,3823
3823,3824,3822
3825,3821,3822
3826,3822,3824
3826,3825,3822
3827,3821,3825
3825,3828,3827
3825,3829,3828
3826,3829,3825
3830,3829,3831
3831,3829,3832
3830,3828,3829
3829,3833,3832
3829,3834,3833
3834,3829,3826
3835,3830,3831
3828,3830,3835
3836,3837,3835
3835,3837,3838
3835,3839,3836
3838,3840,3835
3835,3840,3828
3831,3839,3835
3839,3831,3841
3841,3836,3839
3841,3842,3843
3841,3843,3844
3842,3841,3845
3836,3841,3844
3831,3845,3841
3844,3843,3813
3813,3846,3844
3844,3846,3836
3846,3815,3838
3815,3846,3813
3838,3837,3846
3837,3836,3846
3845,3847,3842
3831,3847,3845
3848,3842,3847
3847,3831,3849
3847,3849,3848
3850,3851,3848
3842,3848,3851
3852,3848,3849
3848,3852,3850
3813,3851,3850
3850,3853,3813
3853,3850,3854
3854,3850,3852
3853,3854,3852
3855,3532,3853
3856,3855,3853
3569,3853,3532
3856,3853,3852
3569,3813,3853
3855,3856,3857
3857,3856,3858
3856,3859,3858
3856,3852,3859
3858,3860,3857
3858,3859,3861
3860,3858,3862
3861,3862,3858
3862,3863,3860
3864,3862,3861
3865,3863,3862
3864,3865,3862
3861,3849,3865
3849,3831,3865
3865,3831,3866
3865,3867,3863
3545,3867,3865
3861,3865,3864
3545,3865,3544
3544,3865,3868
3869,3868,3865
3866,3869,3865
3869,3870,3868
3870,3869,3871
3872,3871,3869
3873,3872,3869
3869,3866,3873
3874,3872,3873
3875,3871,3872
3872,3874,3875
3876,3875,3874
3873,3877,3874
3878,3874,3877
3874,3878,3876
3875,3876,3879
3880,3876,3881
3876,3882,3881
3883,3876,3880
3876,3878,3882
3884,3879,3876
3876,3883,3884
3879,3884,3885
3885,3875,3879
3871,3875,3885
3886,3885,3887
3888,3885,3886
3885,3888,3871
3885,3884,3887
3889,3886,3887
3887,3890,3889
3890,3887,3883
3887,3884,3883
3890,3883,3889
3891,3886,3889
3892,3889,3883
3893,3889,3892
3889,3894,3891
3889,3893,3894
3891,3894,3868
3868,3895,3891
3886,3891,3895
3886,3895,3888
3888,3895,3868
3894,3893,3868
3892,3896,3893
3893,3896,3868
3896,3892,3897
3897,3898,3896
3896,3898,3868
3899,3868,3898
3899,3898,3900
3901,3900,3898
3898,3902,3901
3898,3897,3902
3901,3902,3903
3900,3901,3904
3904,3901,3905
3903,3905,3901
3906,3904,3905
3905,3907,3906
3907,3905,3908
3903,3908,3905
3909,3906,3907
3908,3910,3907
3907,3910,3909
3911,3912,3910
3913,3910,3912
3914,3911,3910
3910,3908,3914
3913,3909,3910
3915,3916,3913
3913,3917,3915
3909,3913,3916
3917,3913,3912
3918,3916,3915
3916,3918,3919
3919,3920,3916
3916,3920,3906
3906,3909,3916
3919,3921,3920
3920,3921,3906
3921,3919,3922
3922,3923,3921
3921,3923,3904
3904,3906,3921
3923,3922,3904
3900,3922,3899
3544,3899,3922
3904,3922,3900
3544,3922,3919
3919,3918,3544
3924,3544,3918
3918,3925,3924
3918,3915,3925
3924,3925,3926
3925,3915,3917
3917,3926,3925
3926,3927,3924
3927,3926,3914
3911,3926,3917
3926,3911,3914
3928,3924,3927
3927,3929,3928
3930,3929,3927
3914,3931,3927
3927,3931,3930
3932,3929,3930
3932,3930,3933
3934,3933,3930
3930,3908,3934
3908,3930,3931
3934,3935,3880
3880,3936,3934
3937,3934,3936
3938,3933,3934
3938,3934,3939
3934,3940,3939
3934,3937,3940
3935,3934,3908
3941,3937,3936
3937,3941,3942
3942,3940,3937
3943,3944,3942
3945,3943,3942
3942,3941,3945
3940,3942,3944
3943,3946,3944
3947,3944,3946
3940,3944,3947
3946,3833,3947
3939,3947,3938
3938,3947,3948
3947,3833,3948
3947,3939,3940
3948,3949,3938
3949,3948,3833
3949,3928,3932
3928,3949,3834
3932,3938,3949
3833,3834,3949
3833,3946,3943
3832,3950,3945
3832,3945,3951
3951,3945,3941
3950,3943,3945
3832,3943,3950
3951,3952,3832
3953,3952,3951
3951,3941,3953
3954,3953,3941
3955,3952,3953
3955,3953,3956
3954,3956,3953
3955,3956,3957
3954,3957,3956
3866,3955,3957
3866,3957,3958
3881,3958,3957
3957,3954,3881
3882,3959,3958
3960,3958,3959
3958,3881,3882
3958,3960,3866
3959,3873,3960
3960,3873,3866
3873,3959,3877
3878,3877,3959
3959,3882,3878
3954,3936,3881
3941,3936,3954
3832,3955,3866
3955,3832,3952
3832,3833,3943
3961,3880,3935
3961,3935,3962
3962,3935,3908
3962,3963,3964
3962,3965,3963
3962,3966,3965
3964,3961,3962
3962,3967,3966
3962,3880,3967
3880,3962,3883
3908,3903,3962
3903,3883,3962
3968,3966,3967
3967,3969,3968
3970,3969,3967
3971,3967,3880
3972,3970,3967
3972,3967,3973
3967,3974,3973
3975,3974,3967
3967,3971,3975
3976,3970,3977
3969,3970,3976
3978,3979,3970
3970,3972,3978
3977,3970,3979
3980,3976,3977
3981,3977,3982
3977,3981,3980
3977,3983,3984
3978,3983,3977
3977,3984,3982
3977,3979,3978
3976,3980,3969
3980,3968,3969
3968,3980,3985
3985,3980,3981
3985,3966,3968
3966,3985,3986
3986,3985,3987
3981,3987,3985
3987,3981,3988
3987,3989,3986
3988,3989,3987
3990,3988,3991
3992,3991,3988
3981,3982,3988
3982,3984,3988
3988,3990,3989
3993,3988,3984
3988,3993,3992
3992,3993,3994
3995,3994,3993
3993,3996,3995
3996,3993,3997
3984,3997,3993
3998,3999,3997
3997,3999,4000
3997,4001,4002
3997,4002,3996
4001,3997,3992
4000,3992,3997
3997,3984,4003
4003,3998,3997
4004,3998,4005
4006,4005,3998
3998,4004,3999
3998,4003,4007
4007,4006,3998
4007,4008,4009
4008,4007,4010
4007,4009,4011
4011,4006,4007
4010,4007,4003
4010,4012,4008
4012,4010,4013
4003,4013,4010
4014,4013,4003
4012,4013,4014
4015,4014,4016
4017,4014,4015
4003,4018,4014
4018,4016,4014
4014,4017,4012
4015,4019,4017
4017,4019,4020
4020,4021,4017
4012,4017,4021
4021,4020,3971
4022,4021,3971
4021,4022,4012
4022,3971,4009
4008,4012,4022
4009,4008,4022
4020,3975,3971
3975,4020,4019
3974,3975,4019
4019,4023,4024
4019,4015,4023
4024,3973,4019
4019,3973,3974
3973,4024,4025
4025,4024,4016
4016,4024,4023
3983,4025,4016
3973,4025,3983
4023,4015,4016
4016,4018,4003
4016,3984,3983
4003,3984,4016
4011,4009,3971
3971,4026,4011
4026,4027,4011
4028,4011,4027
4005,4011,4028
4011,4005,4006
4029,4028,4027
4005,4028,4029
4029,4030,3961
4029,3961,4031
4031,4032,4029
4033,4029,4032
4027,4030,4029
4029,4033,4005
3999,4004,4033
4032,3999,4033
4005,4033,4004
4030,4027,3971
3971,3961,4030
4032,3964,4034
4034,4035,4032
4032,4031,3964
4032,4035,4036
4036,4037,4032
4037,3999,4032
3999,4037,4036
4038,4036,4035
4036,4038,4000
4000,3999,4036
4000,4038,4039
4039,4038,4040
4035,4040,4038
4040,4034,3963
4034,4040,4035
3963,4041,4040
4040,4041,4039
4041,3963,4042
4042,4043,4041
4041,4043,4039
4043,4042,4044
4044,4045,4043
4043,4045,4046
4046,4047,4043
4047,4039,4043
4000,4047,4046
4000,4039,4047
4048,4046,4045
4046,4049,4000
4049,4046,4048
4045,4050,4048
3991,4048,4051
4051,4048,4050
4048,3991,4049
3965,4050,4045
4052,4051,4050
4050,4053,4052
4050,3965,4054
4054,4055,4050
4055,4053,4050
3965,4055,4054
4053,4055,4056
4053,3986,4052
4056,3986,4053
4056,3965,3966
3966,4057,4056
3986,4056,4057
3965,4056,4055
4057,3966,3986
4058,4059,4052
4052,4059,4060
4061,4062,4052
4063,4061,4052
4058,4052,4064
4060,4063,4052
4065,4052,4066
4066,4052,4062
4052,4065,4064
3990,4052,3986
3991,4052,3990
3991,4051,4052
4067,4068,4062
4067,4062,4061
4062,4068,4066
4068,4067,4069
4068,4070,4065
4069,4070,4068
4068,4065,4066
4069,4067,4071
4071,4042,4069
4072,4069,4042
4073,4069,4072
4069,4073,4070
4073,4072,4072
4072,4074,4073
4070,4073,4065
4073,4074,4075
4075,4065,4073
4075,4076,4065
4076,4075,4074
4076,4077,4078
4077,4076,4079
4065,4076,4064
4076,4078,4064
4080,4079,4076
4074,4080,4076
4080,4081,4082
4080,4082,4083
4081,4080,4074
4083,4079,4080
4084,4083,4085
4086,4085,4083
4083,4082,4086
4084,4087,4083
4079,4083,4087
4087,4084,4085
4085,4088,4087
4089,4087,4088
4087,4090,4079
4087,4089,4090
4089,4088,4091
4091,4078,4089
4077,4090,4089
4078,4077,4089
4091,4088,4085
4091,4092,4093
4092,4091,4085
4093,4094,4091
4094,4078,4091
4094,4093,4095
4095,4078,4094
4096,4097,4095
4095,4093,4096
4078,4095,4097
4097,4096,4098
4097,4098,4099
4100,4097,4101
4097,4102,4101
4103,4102,4097
4097,4104,4103
4097,4099,4104
4097,4100,4064
4064,4078,4097
4099,4098,4092
4092,4105,4099
4104,4099,4105
4105,4092,4106
4106,4107,4105
4107,4108,4105
4105,4108,4104
4108,4107,4109
4108,4109,4110
4110,4111,4108
4108,4111,4103
4103,4104,4108
4109,4107,4110
4111,4110,4112
4112,4113,4111
4111,4113,4103
4112,4114,4113
4113,4114,4115
4115,4103,4113
4116,4115,4117
4114,4117,4115
4101,4103,4115
4115,4116,4118
4101,4115,4119
4115,4118,4119
4120,4121,4118
4122,4120,4118
4118,4123,4122
4058,4119,4118
4121,4058,4118
4118,4116,4123
4122,4123,4124
4125,4124,4123
4126,4125,4123
4123,4116,4126
4124,4127,4128
4124,4125,4127
4128,4129,4124
4124,4129,4120
4120,4122,4124
4129,4128,4130
4129,4131,4132
4131,4129,4130
4132,4120,4129
4121,4120,4132
4132,4133,4134
4131,4133,4132
4132,4060,4058
4134,4060,4132
4132,4058,4121
4133,4135,4134
4135,4136,4134
4137,4134,4136
4060,4134,4137
4063,4137,4138
4138,4137,4139
4137,4063,4060
4136,4139,4137
4139,4136,3965
4140,4139,3965
4139,4140,4138
4067,4138,4140
4140,3965,4067
4061,4138,4067
4138,4061,4063
4136,4135,4141
4141,3965,4136
4142,3459,4141
4141,3459,3965
4128,4142,4141
4141,4130,4128
4133,4130,4141
4135,4133,4141
3459,4142,4143
4117,4144,4142
4142,4126,4117
4126,4142,4127
4142,4128,4127
4144,4143,4142
4143,4145,3459
4145,4143,4110
4143,4112,4110
4143,4144,4112
4146,4145,4085
4145,4147,4085
4145,4106,4147
4106,4145,4107
4145,4110,4107
4145,4146,4148
4145,4148,4149
4145,4149,3459
4146,3459,4149
4146,4149,4148
3425,4148,3426
3426,4148,3459
4148,3461,3459
3425,3461,4148
4146,3965,3459
4146,4085,4086
4042,4071,4146
3965,4146,4071
4086,4150,4146
4150,4042,4146
4081,4072,4150
4042,4150,4072
4082,4081,4150
4150,4086,4082
4092,4085,4147
4092,4147,4106
4117,4112,4144
4130,4133,4131
4127,4125,4126
4117,4126,4116
4119,4058,4101
4117,4114,4112
4103,4101,4102
4100,4151,4064
4151,4100,4152
4152,4100,4153
4154,4153,4100
4101,4155,4100
4155,4156,4100
4156,4157,4100
4157,4154,4100
4153,4154,4158
4159,4158,4154
4154,4157,4159
4160,4159,4157
4161,4159,4160
4161,4158,4159
4162,4163,4161
4158,4161,4163
4161,4164,4165
4160,4164,4161
4161,4166,4162
4166,4161,4165
4167,4162,4168
4162,4167,4163
4162,4166,4169
4169,4168,4162
4170,4168,4169
4171,4168,4170
4167,4168,4171
4172,4171,4170
4171,4172,4167
4173,4167,4172
4170,4174,4172
4175,4172,4174
4172,4176,4173
4172,4175,4176
4176,4175,4177
4178,4177,4175
4179,4180,4175
4175,4180,4178
4175,4174,4179
4178,4151,4152
4181,4151,4178
4177,4178,4152
4180,4181,4178
4151,4181,4182
4181,4180,4179
4182,4181,4183
4179,4183,4181
4184,4183,4179
4183,4185,4182
4184,4185,4183
4184,4186,4185
4187,4184,4169
4184,4187,4186
4169,4184,4170
4184,4188,4170
4179,4188,4184
4187,4189,4186
4186,4189,4190
4185,4186,4191
4190,4191,4186
4192,4182,4191
4192,4191,4190
4191,4182,4185
4190,4193,4192
4151,4192,4193
4192,4151,4182
4193,4194,4195
4193,4196,4194
4193,4190,4196
4195,4197,4193
4193,4198,3994
4198,4193,4199
4200,4199,4193
4193,3994,4200
4193,4064,4151
4064,4193,4197
4201,4202,4197
4064,4197,4202
4197,4195,4201
4202,4201,4203
4203,4201,4204
4201,4195,4205
4205,4206,4201
4206,4207,4201
4207,4204,4201
4208,4204,4209
4204,4208,4210
4204,4207,4209
4210,4203,4204
4211,4210,4208
4202,4210,4211
4203,4210,4202
4212,4211,4208
4213,4211,4212
4211,4213,4202
4155,4213,4214
4155,4202,4213
4212,4214,4213
4214,4212,4215
4155,4214,4216
4215,4216,4214
4217,4218,4215
4215,4218,4219
4219,4216,4215
4215,4212,4220
4215,4221,4217
4220,4222,4215
4215,4222,4221
4217,4221,4223
4223,4221,4222
4224,4225,4223
4226,4224,4223
4223,4227,4166
4222,4227,4223
4165,4223,4166
4164,4223,4165
4223,4164,4228
4223,4228,4229
4223,4229,4226
4223,4225,4217
4229,4228,4230
4229,4230,4231
4232,4226,4229
4229,4231,4232
4156,4233,4231
4232,4231,4233
4231,4230,4156
4233,4219,4232
4219,4233,4155
4233,4156,4155
4218,4232,4219
4224,4232,4218
4232,4224,4226
4164,4234,4230
4230,4234,4156
4230,4228,4164
4164,4235,4234
4234,4235,4156
4164,4160,4235
4235,4160,4157
4157,4156,4235
4218,4225,4224
4218,4217,4225
4236,4237,4227
4237,4166,4227
4227,4169,4236
4169,4227,4222
4169,4238,4236
4236,4238,4239
4236,4240,4237
4236,4239,4240
4238,4240,4239
4239,4241,4242
4242,4243,4239
4239,4243,4241
4240,4242,4241
4240,4241,4243
4242,4240,4243
4242,4244,4245
4245,4246,4242
4246,4247,4242
4247,4248,4242
4242,4249,4244
4242,4250,4251
4242,4252,4250
4252,4242,4253
4251,4254,4242
4253,4242,4254
4242,4255,4256
4255,4242,4257
4258,4257,4242
4249,4242,4248
4258,4242,4259
4256,4259,4242
4245,4256,4260
4256,4245,4261
4256,4262,4246
4249,4256,4246
4256,4247,4259
4256,4258,4247
4249,4263,4256
4258,4256,4255
4264,4265,4256
4256,4266,4264
4266,4256,4265
4267,4256,4268
4267,4269,4256
4256,4269,4270
4261,4268,4256
4270,4260,4256
4262,4256,4263
4271,4272,4256
4271,4256,4273
4273,4256,4272
4274,4275,4256
4274,4256,4276
4276,4256,4275
4262,4263,4245
4249,4245,4263
4273,4272,4247
4271,4247,4272
4274,4247,4275
4276,4275,4247
4266,4265,4249
4264,4249,4265
4270,4249,4260
4260,4277,4245
4260,4249,4277
4278,4245,4277
4278,4277,4249
4278,4267,4245
4279,4280,4278
4267,4278,4270
4249,4270,4278
4280,4281,4282
4280,4283,4281
4283,4280,4284
4282,4284,4280
4282,4279,4284
4279,4282,4281
4282,4283,4285
4283,4282,4286
4285,4286,4282
4285,4287,4288
4287,4285,4289
4288,4290,4285
4286,4285,4290
4283,4289,4285
4291,4289,4292
4289,4293,4292
4286,4289,4283
4294,4295,4289
4289,4291,4294
4289,4296,4287
4289,4295,4296
4286,4293,4289
4291,4297,4298
4297,4291,4299
4300,4291,4301
4299,4291,4300
4292,4301,4291
4298,4294,4291
4299,4302,4297
4302,4299,4303
4299,4304,4303
4299,4300,4305
4305,4304,4299
4304,4306,4307
4307,4303,4304
4308,4306,4304
4304,4309,4308
4304,4305,4309
4310,4308,4311
4308,4310,4306
4312,4311,4308
4308,4313,4312
4313,4308,4309
4292,4312,4313
4309,4292,4313
4311,4312,4314
4293,4314,4312
4312,4292,4293
4311,4314,4315
4315,4314,4293
4315,4316,4311
4317,4316,4315
4315,4318,4317
4318,4315,4293
4318,4293,4317
4317,4319,4320
4317,4320,4321
4317,4321,4322
4322,4316,4317
4323,4317,4293
4319,4317,4323
4320,4319,4324
4325,4324,4319
4325,4319,4326
4327,4326,4319
4319,4323,4327
4328,4327,4329
4330,4327,4328
4327,4323,4331
4331,4329,4327
4327,4330,4332
4327,4332,4326
4333,4326,4332
4333,4332,4330
4334,4325,4333
4334,4333,4335
4326,4333,4325
4330,4335,4333
4334,4335,4336
4335,4330,4337
4337,4336,4335
4334,4336,4338
4339,4336,4340
4339,4338,4336
4340,4336,4337
4341,4339,4340
4340,4337,4330
4340,4342,4341
4340,4328,4343
4330,4328,4340
4342,4340,4344
4343,4344,4340
4345,4344,4286
4346,4344,4345
4344,4343,4286
4346,4342,4344
4347,4348,4346
4346,4349,4347
4342,4346,4348
4349,4346,4345
4350,4347,4349
4351,4350,4349
4349,4352,4351
4352,4349,4290
4345,4290,4349
4353,4351,4352
4352,4354,4353
4287,4354,4352
4352,4288,4287
4290,4288,4352
4355,4354,4287
4354,4355,4356
4356,4353,4354
4357,4353,4356
4357,4356,4358
4358,4356,4355
4357,4358,4359
4355,4360,4358
4359,4358,4360
4359,4361,4362
4359,4362,4363
4361,4359,4364
4359,4363,4357
4360,4364,4359
4364,4360,4287
4364,4296,4295
4295,4365,4364
4364,4287,4296
4364,4365,4361
4366,4361,4365
4294,4367,4365
4365,4367,4366
4365,4295,4294
4303,4368,4366
4361,4366,4368
4302,4366,4298
4366,4302,4303
4367,4298,4366
4368,4303,4362
4368,4362,4361
4294,4298,4367
4357,4363,4369
4363,4362,4369
4370,4371,4369
4369,4372,4370
4373,4369,4334
4334,4369,4374
4375,4374,4369
4303,4307,4369
4369,4362,4303
4357,4369,4373
4307,4376,4369
4376,4375,4369
4377,4378,4369
4379,4369,4378
4371,4377,4369
4372,4369,4379
4380,4381,4379
4382,4379,4381
4379,4382,4383
4372,4379,4383
4334,4380,4379
4379,4378,4334
4384,4381,4380
4385,4386,4380
4385,4380,4377
4377,4380,4334
4386,4387,4380
4387,4388,4380
4380,4388,4384
4388,4389,4390
4390,4384,4388
4388,4391,4389
4391,4388,4387
4389,4391,4392
4392,4393,4389
4390,4389,4393
4394,4393,4395
4393,4394,4396
4393,4392,4395
4396,4397,4393
4397,4390,4393
4397,4396,4382
4384,4390,4397
4397,4381,4384
4398,4381,4397
4382,4398,4397
4381,4398,4382
4396,4399,4383
4399,4396,4394
4383,4382,4396
4400,4399,4394
4401,4383,4399
4399,4400,4401
4400,4394,4402
4402,4403,4400
4400,4403,4404
4404,4401,4400
4372,4401,4404
4372,4404,4405
4405,4404,4403
4372,4405,4406
4406,4405,4403
4406,4407,4408
4408,4409,4406
4406,4409,4410
4407,4406,4411
4411,4406,4410
4403,4412,4406
4412,4413,4406
4370,4406,4413
4406,4370,4372
4412,4411,4413
4370,4413,4411
4412,4414,4411
4412,4415,4416
4412,4416,4417
4412,4418,4415
4418,4412,4403
4412,4417,4414
4417,4419,4415
4415,4420,4417
4407,4417,4420
4419,4417,4421
4407,4422,4417
4417,4411,4423
4422,4421,4417
4424,4417,4416
4424,4425,4417
4425,4426,4417
4414,4417,4426
4417,4427,4428
4427,4417,4429
4417,4428,4429
4419,4421,4423
4422,4423,4421
4414,4426,4423
4425,4423,4426
4430,4429,4428
4430,4428,4427
4429,4430,4423
4431,4423,4430
4430,4432,4431
4430,4427,4432
4411,4431,4432
4411,4432,4427
4427,4431,4411
4427,4423,4431
4427,4429,4423
4425,4433,4423
4424,4434,4425
4425,4434,4435
4425,4436,4433
4425,4435,4436
4370,4423,4433
4370,4433,4436
4437,4436,4435
4437,4435,4434
4438,4437,4439
4434,4439,4437
4370,4437,4438
4436,4437,4370
4440,4438,4441
4439,4441,4438
4438,4440,4371
4438,4371,4370
4441,4442,4440
4440,4443,4444
4443,4440,4442
4440,4444,4371
4442,4445,4446
4445,4442,4441
4446,4447,4442
4442,4447,4448
4442,4448,4443
4446,4443,4448
4446,4448,4447
4443,4371,4447
4449,4450,4446
4445,4449,4446
4451,4446,4450
4443,4446,4451
4451,4452,4443
4452,4451,4453
4453,4451,4450
4454,4453,4455
4450,4455,4453
4453,4454,4452
4452,4454,4371
4454,4456,4377
4455,4456,4454
4454,4377,4371
4456,4457,4458
4458,4385,4456
4456,4385,4377
4456,4455,4457
4458,4457,4459
4457,4455,4450
4450,4459,4457
4459,4449,4460
4459,4460,4458
4450,4449,4459
4460,4461,4458
4462,4461,4460
4460,4463,4462
4463,4460,4464
4449,4464,4460
4465,4466,4464
4464,4467,4465
4467,4464,4468
4469,4468,4464
4395,4464,4449
4395,4463,4464
4469,4464,4466
4469,4466,4395
4465,4395,4466
4470,4471,4469
4469,4465,4470
4468,4469,4472
4471,4473,4469
4473,4472,4469
4465,4469,4395
4474,4472,4475
4476,4472,4474
4472,4473,4475
4468,4472,4476
4474,4477,4476
4476,4478,4479
4478,4476,4477
4479,4468,4476
4477,4480,4478
4481,4480,4477
4477,4474,4481
4481,4482,4483
4482,4481,4474
4483,4484,4481
4481,4485,4486
4486,4480,4481
4481,4487,4485
4487,4481,4484
4484,4488,4487
4483,4489,4484
4484,4490,4491
4484,4492,4490
4484,4493,4492
4484,4491,4488
4484,4494,4493
4494,4484,4489
4495,4494,4489
4496,4495,4489
4489,4497,4496
4497,4489,4483
4489,4498,4499
4498,4489,4500
4489,4499,4500
4495,4499,4498
4495,4500,4499
4498,4500,4495
4501,4498,4502
4502,4498,4503
4504,4503,4498
4505,4504,4498
4498,4501,4505
4506,4505,4507
4465,4507,4505
4505,4508,4504
4505,4506,4508
4501,4509,4505
4465,4505,4509
4510,4509,4501
4509,4510,4511
4511,4512,4509
4513,4465,4509
4512,4513,4509
4513,4514,4515
4513,4512,4514
4513,4515,4516
4513,4470,4465
4470,4513,4517
4516,4517,4513
4516,4518,4519
4516,4519,4520
4518,4516,4515
4520,4521,4516
4516,4521,4522
4522,4517,4516
4521,4470,4522
4517,4522,4470
4521,4523,4470
4524,4523,4521
4521,4520,4524
4523,4525,4526
4524,4525,4523
4526,4470,4523
4471,4470,4526
4471,4526,4525
4527,4528,4525
4525,4524,4527
4525,4528,4471
4528,4527,4529
4529,4530,4528
4528,4530,4531
4531,4471,4528
4473,4531,4530
4473,4471,4531
4530,4529,4532
4530,4475,4473
4532,4475,4530
4474,4532,4482
4532,4529,4482
4475,4532,4474
4482,4529,4527
4482,4527,4524
4524,4533,4482
4533,4524,4520
4533,4520,4519
4519,4518,4533
4533,4497,4483
4483,4482,4533
4518,4534,4533
4497,4533,4534
4514,4535,4534
4534,4535,4497
4534,4515,4514
4515,4534,4518
4535,4514,4536
4536,4537,4535
4535,4537,4497
4537,4538,4497
4511,4538,4537
4537,4536,4511
4538,4496,4497
4539,4496,4538
4538,4510,4539
4538,4511,4510
4501,4539,4510
4501,4502,4539
4496,4539,4502
4512,4511,4536
4512,4536,4514
4508,4506,4494
4493,4494,4506
4506,4540,4493
4507,4540,4506
4492,4493,4540
4507,4541,4540
4540,4541,4492
4490,4492,4541
4541,4542,4490
4543,4542,4541
4541,4544,4543
4541,4507,4544
4543,4544,4507
4507,4465,4543
4543,4465,4467
4545,4543,4467
4542,4543,4545
4546,4545,4547
4545,4546,4542
4467,4547,4545
4547,4548,4546
4548,4547,4549
4467,4549,4547
4550,4551,4549
4549,4552,4550
4549,4551,4548
4467,4468,4549
4552,4549,4468
4553,4550,4552
4479,4552,4468
4552,4479,4553
4478,4553,4479
4553,4478,4480
4550,4553,4486
4480,4486,4553
4485,4487,4551
4551,4550,4485
4548,4551,4487
4486,4485,4550
4487,4488,4548
4546,4548,4488
4488,4491,4546
4542,4546,4491
4491,4490,4542
4504,4508,4494
4494,4495,4504
4504,4495,4503
4502,4503,4495
4502,4495,4496
4554,4555,4483
4556,4483,4555
4554,4483,4557
4558,4557,4483
4483,4559,4560
4483,4560,4561
4483,4561,4562
4562,4563,4483
4564,4558,4483
4564,4483,4563
4559,4483,4556
4559,4565,4566
4566,4567,4559
4560,4559,4568
4567,4568,4559
4556,4565,4559
4569,4566,4565
4556,4570,4565
4565,4570,4569
4571,4572,4569
4573,4571,4569
4569,4574,4573
4574,4569,4575
4575,4569,4570
4572,4566,4569
4572,4573,4576
4573,4572,4571
4572,4577,4568
4572,4576,4577
4567,4566,4572
4568,4567,4572
4577,4576,4578
4573,4578,4576
4573,4579,4578
4580,4578,4579
4581,4577,4578
4578,4580,4582
4582,4581,4578
4580,4583,4582
4584,4582,4583
4568,4582,4560
4581,4582,4568
4582,4584,4585
4585,4560,4582
4560,4585,4562
4562,4585,4586
4586,4585,4584
4584,4587,4586
4588,4586,4587
4562,4586,4588
4588,4589,4562
4588,4590,4589
4587,4591,4588
4590,4588,4591
4591,4592,4593
4594,4591,4593
4594,4595,4591
4591,4596,4597
4591,4587,4596
4591,4595,4598
4591,4599,4600
4600,4601,4591
4601,4602,4591
4598,4603,4591
4603,4604,4591
4592,4591,4604
4605,4606,4591
4605,4591,4607
4607,4591,4608
4597,4609,4591
4609,4610,4591
4590,4591,4610
4606,4608,4591
4599,4591,4602
4599,4602,4600
4603,4599,4604
4603,4592,4599
4592,4604,4599
4599,4611,4593
4593,4612,4599
4590,4610,4599
4590,4599,4613
4614,4613,4599
4599,4594,4614
4599,4609,4594
4599,4615,4616
4615,4599,4617
4599,4616,4617
4599,4618,4619
4619,4620,4599
4599,4620,4618
4599,4612,4611
4609,4599,4610
4599,4605,4621
4605,4599,4606
4599,4621,4606
4608,4606,4621
4608,4621,4605
4611,4622,4623
4611,4612,4622
4623,4593,4611
4612,4593,4623
4612,4623,4594
4594,4623,4622
4594,4622,4612
4624,4618,4620
4624,4619,4618
4620,4593,4624
4625,4624,4593
4624,4625,4626
4624,4626,4619
4619,4625,4593
4594,4626,4625
4619,4594,4625
4594,4619,4626
4619,4593,4620
4616,4627,4628
4627,4616,4615
4616,4628,4617
4594,4617,4628
4594,4628,4627
4617,4594,4627
4617,4627,4615
4579,4629,4615
4579,4615,4594
4629,4594,4615
4629,4579,4630
4629,4631,4632
4594,4629,4632
4633,4629,4630
4629,4633,4631
4634,4633,4630
4635,4631,4633
4636,4635,4633
4633,4634,4636
4631,4635,4637
4635,4636,4638
4635,4638,4637
4639,4637,4638
4640,4638,4641
4641,4638,4636
4638,4642,4639
4638,4640,4642
4637,4639,4643
4639,4642,4644
4643,4639,4644
4482,4589,4644
4644,4589,4643
4644,4564,4482
4644,4640,4645
4642,4640,4644
4645,4564,4644
4641,4645,4640
4645,4641,4646
4645,4558,4564
4646,4558,4645
4646,4641,4647
4648,4646,4647
4558,4646,4648
4647,4649,4648
4650,4651,4648
4648,4649,4650
4558,4648,4651
4649,4647,4634
4649,4634,4630
4649,4652,4650
4630,4652,4649
4650,4652,4653
4654,4652,4630
4652,4654,4653
4655,4654,4630
4653,4654,4656
4655,4657,4654
4654,4657,4658
4658,4656,4654
4650,4656,4659
4650,4653,4656
4660,4659,4656
4661,4656,4658
4656,4661,4660
4557,4660,4554
4659,4660,4557
4660,4661,4554
4661,4658,4662
4662,4663,4661
4661,4663,4555
4555,4554,4661
4663,4662,4664
4664,4665,4663
4663,4665,4555
4665,4664,4666
4666,4555,4665
4666,4667,4668
4666,4664,4667
4666,4669,4670
4671,4669,4666
4670,4555,4666
4666,4668,4671
4668,4667,4655
4655,4671,4668
4671,4672,4673
4671,4655,4672
4673,4573,4671
4574,4671,4573
4674,4671,4574
4674,4669,4671
4669,4674,4675
4674,4575,4570
4574,4575,4674
4570,4675,4674
4556,4675,4570
4556,4670,4675
4675,4670,4669
4673,4672,4676
4677,4678,4673
4673,4679,4677
4678,4579,4673
4673,4579,4573
4673,4680,4681
4673,4681,4682
4676,4680,4673
4679,4673,4682
4683,4684,4679
4685,4679,4684
4683,4679,4682
4686,4677,4679
4686,4679,4685
4684,4683,4682
4684,4687,4685
4688,4685,4687
4685,4689,4686
4685,4688,4689
4690,4688,4691
4690,4689,4688
4692,4693,4688
4688,4687,4692
4688,4693,4691
4694,4691,4693
4695,4693,4692
4694,4693,4695
4695,4681,4694
4682,4681,4695
4692,4682,4695
4696,4691,4694
4694,4681,4696
4697,4691,4696
4698,4696,4681
4696,4698,4697
4697,4699,4700
4697,4701,4699
4702,4701,4697
4697,4700,4691
4697,4703,4702
4697,4698,4703
4704,4705,4697
4697,4706,4704
4697,4705,4706
4704,4703,4705
4705,4703,4707
4707,4706,4705
4700,4704,4707
4707,4704,4706
4700,4707,4703
4703,4704,4700
4702,4703,4698
4702,4680,4701
4680,4702,4708
4698,4708,4702
4708,4698,4680
4700,4709,4691
4709,4700,4699
4709,4710,4711
4710,4709,4712
4709,4699,4712
4711,4691,4709
4711,4713,4714
4710,4713,4711
4691,4711,4690
4715,4690,4711
4714,4716,4711
4716,4717,4711
4717,4718,4711
4718,4719,4711
4719,4720,4711
4720,4721,4711
4711,4721,4722
4711,4723,4715
4711,4724,4723
4711,4722,4724
4722,4725,4726
4725,4722,4721
4722,4726,4727
4727,4724,4722
4728,4727,4726
4726,4729,4728
4729,4726,4725
4729,4730,4731
4730,4729,4732
4733,4732,4729
4731,4728,4729
4729,4725,4733
4734,4733,4735
4735,4733,4721
4721,4733,4725
4733,4734,4732
4736,4732,4734
4737,4734,4738
4734,4737,4736
4735,4738,4734
4732,4736,4730
4739,4730,4736
4739,4736,4737
4730,4739,4740
4737,4741,4739
4742,4739,4741
4740,4739,4743
4739,4742,4743
4744,4743,4742
4741,4745,4742
4746,4742,4745
4742,4746,4744
4741,4747,4745
4746,4745,4747
4747,4741,4748
4748,4749,4747
4746,4747,4749
4749,4748,4750
4750,4751,4749
4752,4749,4751
4749,4752,4746
4752,4753,4754
4754,4755,4752
4756,4752,4755
4752,4756,4753
4751,4757,4752
4746,4752,4758
4757,4758,4752
4754,4757,4759
4759,4757,4760
4761,4762,4757
4763,4761,4757
4757,4762,4760
4757,4754,4758
4757,4751,4764
4757,4765,4763
4757,4764,4765
4765,4766,4767
4766,4765,4764
4767,4763,4765
4768,4767,4766
4768,4769,4767
4763,4767,4769
4769,4768,4770
4771,4769,4772
4772,4769,4770
4769,4771,4763
4773,4771,4774
4772,4774,4771
4771,4773,4761
4761,4763,4771
4775,4773,4776
4776,4773,4777
4777,4773,4778
4775,4761,4773
4773,4774,4779
4779,4778,4773
4780,4778,4781
4782,4781,4778
4778,4780,4777
4778,4779,4782
4781,4782,4783
4784,4782,4779
4782,4784,4785
4785,4783,4782
4785,4784,4786
4787,4786,4784
4784,4788,4787
4779,4788,4784
4789,4787,4788
4788,4772,4789
4774,4772,4788
4788,4779,4774
4787,4789,4790
4789,4770,4790
4770,4789,4772
4790,4791,4787
4791,4790,4792
4793,4790,4770
4794,4792,4790
4790,4793,4794
4795,4794,4793
4796,4795,4793
4793,4797,4796
4797,4793,4768
4770,4768,4793
4798,4797,4799
4797,4798,4800
4768,4801,4797
4801,4799,4797
4802,4796,4797
4800,4802,4797
4799,4803,4798
4748,4803,4799
4750,4799,4801
4799,4750,4748
4738,4798,4803
4803,4737,4738
4741,4737,4803
4803,4748,4741
4802,4800,4719
4719,4718,4802
4796,4802,4718
4735,4800,4798
4800,4735,4720
4720,4719,4800
4801,4766,4750
4766,4801,4768
4798,4738,4735
4717,4716,4795
4795,4796,4717
4794,4795,4716
4718,4717,4796
4716,4714,4794
4792,4794,4714
4804,4792,4714
4792,4804,4791
4805,4806,4804
4807,4804,4806
4804,4807,4808
4808,4791,4804
4714,4805,4804
4806,4809,4807
4810,4807,4809
4807,4811,4808
4807,4810,4812
4807,4812,4811
4813,4814,4812
4815,4812,4814
4813,4812,4808
4816,4808,4812
4812,4815,4816
4817,4818,4812
4817,4812,4810
4819,4812,4818
4819,4811,4812
4817,4813,4818
4819,4818,4813
4819,4820,4821
4821,4822,4819
4819,4808,4811
4819,4786,4808
4786,4819,4822
4819,4813,4820
4820,4823,4821
4820,4824,4823
4824,4820,4813
4825,4821,4823
4825,4823,4824
4825,4826,4821
4827,4825,4824
4825,4827,4828
4828,4829,4825
4826,4825,4829
4821,4826,4830
4831,4830,4826
4826,4829,4831
4832,4781,4831
4830,4831,4781
4831,4833,4834
4834,4832,4831
4831,4829,4833
4832,4835,4836
4835,4832,4834
4836,4781,4832
4837,4838,4836
4836,4839,4837
4836,4840,4839
4841,4840,4836
4836,4842,4841
4842,4836,4835
4843,4836,4838
4780,4836,4843
4780,4781,4836
4838,4776,4843
4777,4843,4776
4777,4780,4843
4844,4838,4837
4838,4845,4776
4846,4845,4838
4847,4848,4838
4838,4849,4847
4844,4849,4838
4846,4838,4848
4846,4848,4850
4851,4850,4848
4848,4744,4851
4847,4744,4848
4851,4746,4852
4851,4852,4850
4851,4744,4746
4759,4846,4852
4852,4756,4759
4754,4756,4852
4850,4852,4846
4852,4746,4754
4760,4846,4759
4845,4846,4762
4760,4762,4846
4837,4853,4844
4844,4853,4854
4854,4849,4844
4854,4855,4856
4855,4854,4857
4853,4857,4854
4856,4858,4854
4849,4854,4858
4858,4856,4859
4860,4858,4859
4858,4860,4849
4859,4861,4860
4862,4860,4863
4860,4862,4744
4861,4863,4860
4744,4849,4860
4863,4864,4731
4863,4731,4730
4730,4740,4863
4864,4863,4861
4863,4740,4862
4728,4731,4864
4864,4865,4728
4861,4866,4864
4865,4864,4866
4866,4867,4865
4868,4865,4867
4727,4728,4865
4865,4868,4727
4724,4727,4868
4868,4723,4724
4723,4868,4869
4867,4869,4868
4723,4869,4870
4869,4867,4871
4871,4870,4869
4870,4871,4872
4872,4873,4870
4874,4870,4873
4870,4715,4723
4870,4874,4715
4873,4875,4874
4690,4715,4874
4690,4874,4875
4690,4875,4876
4877,4876,4875
4875,4873,4877
4876,4877,4878
4879,4878,4877
4877,4880,4879
4880,4877,4873
4880,4881,4882
4881,4880,4872
4873,4872,4880
4882,4879,4880
4879,4882,4883
4883,4882,4884
4885,4886,4882
4882,4881,4885
4886,4884,4882
4884,4886,4887
4886,4885,4887
4887,4888,4884
4889,4890,4887
4887,4891,4889
4888,4887,4892
4890,4892,4887
4891,4887,4885
4893,4892,4842
4842,4892,4894
4895,4894,4892
4892,4890,4895
4828,4892,4893
4827,4888,4892
4892,4828,4827
4893,4842,4896
4896,4897,4893
4893,4897,4828
4897,4896,4898
4897,4898,4899
4897,4900,4829
4897,4899,4900
4829,4828,4897
4899,4896,4901
4902,4896,4899
4899,4903,4904
4899,4904,4902
4905,4906,4899
4899,4829,4905
4829,4899,4906
4901,4907,4899
4903,4899,4907
4908,4909,4899
4908,4899,4910
4834,4910,4899
4834,4899,4909
4911,4900,4899
4911,4899,4912
4912,4899,4898
4896,4902,4913
4914,4913,4902
4904,4915,4902
4916,4902,4915
4902,4917,4914
4916,4917,4902
4914,4917,4918
4919,4918,4917
4917,4920,4919
4917,4921,4920
4921,4917,4922
4916,4922,4917
4915,4922,4916
4834,4923,4922
4834,4922,4915
4922,4924,4921
4924,4922,4923
4924,4923,4829
4829,4923,4834
4925,4921,4924
4829,4926,4924
4927,4924,4926
4924,4927,4928
4924,4928,4925
4929,4925,4928
4921,4925,4930
4929,4930,4925
4930,4929,4931
4932,4931,4929
4929,4933,4932
4933,4929,4934
4928,4934,4929
4934,4808,4933
4808,4934,4813
4934,4935,4813
4934,4927,4821
4934,4928,4927
4934,4821,4935
4936,4935,4821
4936,4813,4935
4937,4936,4938
4937,4814,4936
4814,4813,4936
4936,4939,4940
4939,4936,4941
4936,4940,4941
4942,4936,4943
4942,4944,4936
4944,4945,4936
4946,4947,4936
4946,4936,4948
4948,4936,4949
4817,4936,4950
4817,4951,4936
4951,4952,4936
4947,4949,4936
4943,4936,4945
4936,4953,4824
4936,4821,4953
4824,4954,4936
4954,4938,4936
4950,4936,4952
4936,4955,4956
4955,4936,4957
4936,4956,4957
4937,4938,4939
4954,4939,4938
4950,4952,4939
4951,4939,4952
4958,4957,4956
4958,4956,4955
4958,4959,4960
4960,4939,4958
4958,4955,4959
4957,4958,4939
4824,4960,4959
4824,4959,4955
4955,4960,4824
4955,4939,4960
4955,4957,4939
4942,4943,4813
4945,4961,4943
4813,4943,4961
4945,4942,4961
4813,4961,4942
4817,4950,4813
4939,4813,4950
4949,4947,4962
4946,4813,4947
4813,4962,4947
4949,4962,4946
4813,4946,4962
4954,4963,4883
4883,4939,4954
4954,4824,4964
4813,4965,4954
4813,4954,4966
4963,4954,4967
4964,4968,4954
4968,4967,4954
4969,4954,4970
4969,4971,4954
4971,4972,4954
4888,4827,4954
4827,4966,4954
4954,4884,4888
4884,4954,4965
4973,4974,4954
4973,4954,4975
4975,4954,4976
4974,4976,4954
4970,4954,4972
4972,4977,4970
4939,4970,4977
4969,4970,4939
4939,4977,4969
4972,4969,4977
4884,4965,4939
4813,4939,4965
4973,4939,4974
4939,4978,4974
4976,4974,4978
4976,4978,4973
4939,4973,4978
4972,4971,4979
4972,4979,4969
4824,4979,4971
4824,4969,4979
4976,4973,4980
4976,4980,4975
4824,4980,4973
4824,4975,4980
4973,4975,4824
4813,4966,4824
4827,4824,4966
4969,4824,4971
4968,4964,4981
4967,4968,4981
4982,4981,4896
4896,4981,4901
4829,4901,4981
4983,4981,4982
4964,4829,4981
4981,4983,4984
4984,4967,4981
4982,4985,4983
4986,4983,4985
4987,4983,4988
4988,4983,4986
4983,4987,4989
4989,4990,4983
4990,4984,4983
4991,4986,4992
4993,4992,4986
4986,4994,4993
4994,4986,4995
4985,4995,4986
4986,4991,4988
4996,4988,4991
4996,4991,4997
4997,4991,4992
4997,4998,4996
4999,4998,4997
4997,5000,4999
5000,4997,4992
4992,5001,5000
5000,5001,5002
5002,4999,5000
5003,4999,5002
5002,5004,5005
5004,5002,5001
5002,5005,5003
5003,5005,5006
5007,5006,5005
5005,5008,5007
5008,5005,5004
5006,5007,5009
5010,5009,5007
5011,5007,5008
5007,5011,5010
5008,5012,5011
5011,5013,5014
5013,5011,5012
5014,5010,5011
5014,5015,5016
5016,5017,5014
5010,5014,5017
5015,5014,5013
5016,5015,5018
5013,5019,5015
5020,5018,5015
5015,5019,5020
5021,5022,5019
5021,5019,5023
5022,5020,5019
5023,5019,5024
5019,5012,5024
5012,5019,5013
5024,5025,5023
5026,5024,5012
5024,5026,5025
5025,5027,5001
5001,5023,5025
5027,5025,5026
5004,5001,5027
5027,5008,5004
5026,5008,5027
5012,5008,5026
5001,5028,5023
5023,5028,5021
5028,5029,5030
5029,5028,5001
5028,5022,5021
5030,5022,5028
5030,5029,4992
4992,5031,5030
5030,5031,5022
5032,5031,4992
5033,5022,5031
5032,5034,5031
5031,5035,5033
5035,5031,5034
5036,4918,5034
5037,5034,4918
5034,5032,5036
5034,5037,5035
4918,4919,5037
5037,5038,5039
5038,5037,4919
5040,5035,5037
5037,5039,5040
5039,5041,5042
5042,5040,5039
5041,5039,5038
5041,5043,5044
5044,5042,5041
5043,5041,5045
5046,5045,5041
5041,5038,5046
4920,5047,5046
5046,4919,4920
4919,5046,5038
5046,4931,5045
4931,5046,5047
5047,4920,4921
4931,5047,4930
4921,4930,5047
5045,5048,5043
5048,5045,4931
5049,5043,5048
5049,5048,4932
4931,4932,5048
5043,5049,5050
5051,5052,5049
5050,5049,5052
5053,5051,5049
5049,5054,5053
4932,5054,5049
4933,5055,5054
5054,4932,4933
5056,5053,5054
5054,5055,5056
4806,5056,5055
5055,4816,4806
5055,4933,4808
4808,4816,5055
5057,5058,5056
5053,5056,5058
5059,5057,5056
5056,4806,5059
5058,5057,5060
5057,5059,5060
5061,5060,5062
5060,5063,5062
5063,5060,5059
5060,5064,5058
5064,5060,5065
5065,5060,5061
5062,5066,5061
5067,5061,5066
5061,5067,5065
5068,5066,5062
5067,5066,5069
5066,5068,5070
5070,5071,5066
5072,5073,5066
5072,5066,5071
5066,5073,5069
5069,5074,5075
5069,5075,5067
5074,5069,5076
5069,5077,5076
5069,4594,5077
5078,4594,5069
5078,5069,5073
5079,5078,5080
5080,5078,5073
5078,5081,4596
5078,5082,5081
5082,5078,5079
5078,4596,4594
5079,5083,5082
5080,5084,5079
5079,5085,5083
5085,5079,5084
5085,5084,5080
5084,5086,5087
5087,5088,5084
5084,5088,5086
5086,5088,5089
5090,5087,5086
5086,5089,5090
5085,5090,5089
5085,5089,5088
5088,5087,5090
5088,5090,5085
5087,5091,5085
5085,5080,5087
5087,5092,5093
5092,5087,5094
5091,5087,5095
5093,5095,5087
5080,5094,5087
5094,5096,5097
5097,5092,5094
5098,5096,5094
5094,5080,5098
5099,5100,5098
5100,5096,5098
5101,5098,5080
5098,5101,5102
5103,5099,5098
5104,5105,5098
5098,5106,5104
5102,5106,5098
5105,5103,5098
5099,5103,5107
5103,5105,5107
5107,5108,5099
5108,5107,5109
5105,5110,5107
5111,5107,5110
5107,5111,5109
5110,5112,5111
5113,5111,5112
5109,5111,5113
5113,5110,5114
5110,5113,5112
5113,5115,5116
5115,5113,5117
5114,5117,5113
5116,5118,5113
5113,5118,5109
5119,5118,5116
5119,5120,5118
5120,5121,5118
5122,5118,5121
5118,5122,5109
5109,5122,5123
5123,5122,5124
5125,5122,5121
5122,5125,5124
5124,5100,5099
5124,5126,5100
5126,5124,5125
5124,5127,5123
5127,5124,5099
5108,5127,5099
5127,5108,5128
5128,5123,5127
5109,5128,5108
5123,5128,5109
5097,5126,5129
5126,5097,5096
5096,5100,5126
5125,5129,5126
5121,5129,5125
5129,5121,5097
5092,5097,5121
5121,5093,5092
5121,5095,5093
5121,5120,5130
5095,5121,5130
5116,4590,5130
5131,5116,5130
5132,5130,5133
5132,5095,5130
5120,5134,5130
5130,4590,5133
5134,5131,5130
5135,5136,5131
5131,5137,5135
5131,5138,5137
5131,5139,5140
5131,5141,5139
5142,5141,5131
5131,5143,5142
5134,5143,5131
5131,5144,5138
5131,5145,5144
5131,5146,5145
5131,5140,5146
5116,5131,5136
5147,5148,5136
5136,5135,5147
5149,5136,5148
5116,5136,5119
5119,5136,5149
5150,5149,5148
5149,5151,5119
5152,5151,5149
5149,5150,5152
5153,5151,5152
5152,5150,5154
5152,5155,5153
5155,5152,5156
5154,5156,5152
5156,5157,5155
5156,5154,5158
5158,5159,5156
5157,5156,5159
5160,5155,5157
5161,5160,5157
5157,5162,5161
5162,5157,5159
5163,5162,5164
5159,5164,5162
5162,5163,5165
5166,5161,5162
5165,5166,5162
5167,5165,5168
5167,5166,5165
5168,5165,5163
5167,5168,5169
5169,5168,5164
5163,5164,5168
5169,5170,5167
5171,5169,5172
5170,5169,5171
5164,5172,5169
5120,5167,5170
5173,5174,5170
5120,5170,5174
5170,5171,5173
5173,5171,5172
5174,5173,5175
5176,5175,5173
5173,5177,5176
5172,5177,5173
5177,5172,5164
5164,5176,5177
5176,5164,5178
5176,5179,5180
5176,5180,5175
5178,5181,5176
5182,5176,5181
5176,5182,5179
5182,5181,5183
5184,5179,5182
5182,5183,5184
5184,5180,5179
5185,5180,5184
5185,5184,5183
5186,5185,5120
5134,5120,5185
5185,5187,5134
5183,5187,5185
5180,5185,5186
5174,5186,5120
5175,5186,5174
5186,5175,5180
5188,5189,5187
5187,5189,5134
5187,5183,5188
5190,5191,5188
5192,5188,5191
5181,5188,5183
5188,5181,5193
5188,5193,5190
5188,5192,5189
5189,5192,5134
5143,5134,5192
5192,5194,5143
5191,5194,5192
5195,5143,5194
5194,5191,5195
5142,5143,5195
5196,5197,5195
5195,5197,5141
5141,5142,5195
5190,5195,5191
5195,5190,5196
5196,5198,5197
5198,5196,5199
5190,5200,5196
5196,5201,5199
5200,5201,5196
5202,5203,5200
5203,5204,5200
5158,5202,5200
5200,5204,5205
5158,5200,5159
5200,5206,5159
5200,5207,5206
5207,5200,5178
5181,5178,5200
5193,5181,5200
5200,5190,5193
5208,5201,5200
5200,5205,5208
5206,5209,5210
5206,5211,5209
5210,5212,5206
5212,5159,5206
5206,5207,5211
5211,5213,5214
5211,5215,5213
5216,5215,5211
5211,5217,5216
5218,5217,5211
5211,5219,5218
5219,5211,5207
5214,5220,5211
5221,5209,5211
5211,5220,5221
5221,5220,5222
5214,5222,5220
5221,5222,5223
5224,5222,5214
5224,5225,5222
5223,5222,5225
5223,5209,5221
5209,5223,5226
5226,5223,5227
5225,5227,5223
5227,5228,5226
5228,5227,5229
5227,5225,5229
5224,5230,5229
5224,5229,5225
5229,5231,5228
5232,5231,5229
5229,5233,5232
5234,5235,5229
5229,5230,5234
5236,5229,5237
5237,5229,5235
5238,5229,5236
5239,5229,5238
5229,5239,5233
5239,5240,5241
5241,5242,5239
5233,5239,5242
5238,5240,5239
5243,5241,5240
5240,5244,5243
5238,5244,5240
5244,5245,5243
5238,5245,5244
5246,5243,5245
5238,5247,5245
5245,5247,5246
5246,5248,5249
5248,5246,5250
5250,5246,5247
5249,5243,5246
5249,5251,5243
5248,5251,5249
5251,5241,5243
5241,5251,5210
5251,5248,5210
5250,5252,5248
5252,5250,5253
5253,5250,5254
5247,5254,5250
5255,5256,5254
5254,5256,5253
5254,5238,5255
5238,5254,5247
5255,5257,5256
5258,5255,5259
5259,5255,5260
4409,5260,5255
5255,5258,5257
4410,5255,5236
5236,5255,5238
5255,4410,4409
5257,5258,5259
5259,5261,5257
5256,5257,5261
5261,5259,5262
5261,5262,5263
5263,5253,5261
5261,5253,5256
5248,5263,5262
5253,5263,5252
5248,5252,5263
5262,5259,5264
5265,5262,5264
5262,5212,5248
5266,5212,5262
5262,5265,5266
5266,5265,5264
4415,5266,5267
5267,5266,4408
5264,4408,5266
5212,5266,5207
5266,4415,5207
4408,4420,5267
5267,4420,4415
5260,5264,5259
5264,5260,4409
4409,4408,5264
5212,5210,5248
5210,5242,5241
5210,5268,5242
5242,5268,5233
5210,5269,5268
5268,5269,5233
5269,5210,5270
5226,5269,5270
5231,5232,5269
5269,5226,5231
5232,5233,5269
5270,5210,5209
5209,5271,5270
5270,5271,5226
5226,5271,5209
5224,5236,5230
5224,5272,5236
4410,5236,5272
5236,5273,4307
5236,5274,5273
5236,5275,5274
5236,5276,5275
5236,4307,5277
5236,5277,5230
5237,5278,5236
5236,5278,5276
5279,5280,5278
5281,5278,5280
5278,5237,5282
5278,5282,5279
5278,5281,5276
5276,5281,5283
5280,5283,5281
5283,5284,5276
5285,5283,5280
5286,5284,5283
5283,5285,5286
5280,5287,5285
5288,5286,5285
5289,5285,5290
5290,5285,5287
5285,5289,5288
5287,5280,5279
5279,5291,5287
5292,5287,5291
5292,5290,5287
5293,5290,5292
5293,5292,5294
5291,5294,5292
5294,5295,5293
5296,5297,5294
5294,5291,5296
5295,5294,5297
5298,5295,5297
5297,5299,5298
5297,5296,5299
5300,5298,5299
5301,5299,5296
5299,5301,5300
5300,5301,5235
5302,5300,5235
5298,5300,5302
5235,5303,5302
5304,5302,5303
5305,5302,5304
5302,5305,5298
5295,5298,5305
5304,5306,5305
5307,5305,5306
5307,5295,5305
5295,5307,5308
5306,5308,5307
5309,5310,5308
5308,5310,5311
5308,5306,5309
5311,5312,5308
5308,5312,5295
5313,5314,5312
5313,5312,5311
5295,5312,5315
5316,5315,5312
5312,5293,5317
5317,5318,5312
5312,5318,5293
5319,5316,5312
5320,5319,5312
5321,5320,5312
5322,5321,5312
5323,5322,5312
5314,5323,5312
5324,5325,5314
5323,5314,5325
5326,5324,5314
5314,5313,5326
5325,5324,5327
5324,5326,5328
5328,5327,5324
5328,5277,5329
5277,5328,5330
5329,5327,5328
5330,5328,5326
5327,5329,4307
4307,5329,5277
5331,5330,5326
5277,5330,5331
5332,5331,5333
5334,5331,5332
5331,5334,5277
5326,5333,5331
5332,5277,5334
5333,5335,5332
5335,5333,5336
5336,5333,5326
5326,5313,5336
5311,5336,5313
5336,5311,5335
5337,5332,5335
5335,5338,5337
5338,5335,5311
5339,5338,5311
5338,5339,5340
5340,5337,5338
5340,5341,5342
5342,5337,5340
5341,5340,5339
5343,5341,5339
5342,5341,5343
5343,5344,5342
5234,5344,5343
5343,5345,5234
5306,5345,5343
5339,5310,5343
5343,5309,5306
5343,5310,5309
5306,5304,5345
5234,5345,5304
5342,5344,5230
5234,5230,5344
5337,5342,5277
5342,5230,5277
5310,5339,5311
5277,5332,5337
4307,5346,5327
5327,5346,5325
5346,4307,5347
5347,5348,5346
5346,5348,5349
5349,5325,5346
5325,5349,5323
5349,5350,5323
5350,5349,5348
5350,5351,5320
5351,5350,5352
5348,5353,5350
5320,5321,5350
5321,5322,5350
5322,5323,5350
5353,5352,5350
5273,5353,5348
5273,5352,5353
5352,5273,5274
5274,5354,5352
5352,5354,5351
5354,5274,5275
5275,5355,5354
5354,5355,5356
5356,5351,5354
5357,5356,5358
5355,5358,5356
5351,5356,5319
5356,5357,5359
5359,5319,5356
5358,5360,5357
5357,5361,5362
5362,5363,5357
5357,5360,5364
5365,5357,5363
5364,5366,5357
5316,5357,5366
5361,5357,5365
5316,5359,5357
5363,5367,5365
5360,5365,5367
5361,5365,5360
5360,5367,5361
5363,5361,5367
5362,5361,5363
5284,5286,5366
5366,5368,5284
5366,5364,5368
5369,5366,5286
5366,5369,5316
5316,5369,5288
5286,5288,5369
5368,5364,5370
5284,5368,5370
5275,5370,5362
5362,5370,5364
5370,5276,5284
5275,5276,5370
5364,5360,5362
5362,5360,5358
5358,5275,5362
5319,5359,5316
5275,5358,5355
5319,5320,5351
5348,5347,5273
5347,4307,5273
5316,5293,5315
5293,5316,5290
5288,5290,5316
5318,5317,5371
5293,5318,5372
5371,5372,5318
5317,5372,5371
5372,5317,5293
5295,5315,5293
5303,5234,5304
5303,5235,5234
5301,5373,5374
5374,5235,5301
5296,5373,5301
5237,5374,5373
5373,5279,5237
5291,5279,5373
5373,5296,5291
5237,5235,5374
5290,5288,5289
5282,5237,5279
5224,5375,5272
5376,5377,5272
5378,5376,5272
5375,5378,5272
5377,4436,5272
4410,5272,4436
5379,5377,5376
5377,5379,4434
4434,4436,5377
5379,5380,5218
5218,5219,5379
5219,5381,5379
4434,5379,5381
5378,5380,5379
5379,5376,5378
5380,5217,5218
5380,5216,5217
5375,5216,5380
5380,5378,5375
5219,5207,5381
5381,4415,4434
4415,5381,5207
5382,5375,5224
5215,5375,5382
5375,5215,5216
5382,5224,5214
5382,5213,5215
5382,5214,5213
5228,5231,5226
5178,5164,5212
5178,5212,5207
5164,5159,5212
5383,5384,5208
5201,5208,5384
5385,5208,5205
5208,5385,5383
5138,5144,5385
5383,5385,5144
5205,5386,5385
5385,5386,5138
5204,5387,5386
5386,5387,5137
5386,5205,5204
5137,5138,5386
5204,5388,5387
5387,5388,5137
5135,5137,5388
5388,5389,5135
5389,5388,5204
5389,5390,5135
5390,5389,5204
5147,5135,5390
5390,5391,5147
5391,5390,5203
5204,5203,5390
5148,5147,5391
5391,5392,5148
5392,5391,5202
5203,5202,5391
5392,5150,5148
5150,5392,5158
5202,5158,5392
5393,5383,5145
5144,5145,5383
5384,5383,5393
5393,5201,5384
5201,5393,5394
5145,5146,5393
5394,5393,5146
5140,5139,5394
5198,5394,5139
5146,5140,5394
5199,5394,5198
5394,5199,5201
5197,5198,5139
5139,5141,5197
5166,5167,5395
5395,5167,5396
5396,5167,5120
5120,5119,5396
5397,5396,5119
5397,5153,5396
5160,5396,5153
5395,5396,5161
5396,5160,5161
5119,5153,5397
5395,5161,5166
5153,5155,5160
5158,5154,5150
5119,5151,5153
5133,5398,5399
5400,5398,5133
5133,5399,5132
5400,5133,4590
5400,5401,5398
4590,5402,5400
5401,5400,5402
4595,5403,5402
5401,5402,5403
5402,5404,4595
4598,5404,5402
4603,5402,4590
5402,4603,4598
5404,4598,4595
5081,5082,5403
5405,5403,5082
4596,5081,5403
5403,5405,5398
5398,5401,5403
5403,4595,4596
5405,5082,5083
5083,5091,5405
5405,5091,5398
5399,5398,5091
5132,5399,5091
5095,5132,5091
5406,5407,5116
5116,5115,5406
5116,5408,5409
5407,5408,5116
5409,4590,5116
5410,5407,5406
5411,5408,5407
5407,5410,5412
5407,5412,5413
5407,5413,5411
5414,5413,5412
5414,5411,5413
5412,5415,5414
5074,5414,5415
5074,5416,5414
5414,5416,5411
5416,5074,5076
5417,5416,5076
5416,5417,5411
5418,5417,5419
5076,5419,5417
5408,5411,5417
5417,5418,5408
5419,5420,5418
5418,5420,5409
5408,5418,5409
5420,5419,4632
4632,5421,5420
5420,5421,4590
4590,5409,5420
5421,4632,4593
4593,4603,5421
5421,4603,4590
4632,5419,5422
5076,5422,5419
5422,5077,4632
5422,5076,5077
5415,5102,5423
5102,5415,5424
5425,5424,5415
5074,5415,5423
5425,5415,5412
5102,5426,5423
5423,5075,5074
5075,5423,5427
5423,5426,5427
5428,5426,5429
5426,5428,5430
5426,5430,5431
5431,5429,5426
5426,5102,5101
5426,5101,5432
5432,5433,5426
5434,5426,5433
5435,5427,5426
5426,5434,5435
5435,5434,5436
5436,5434,5437
5434,5433,5431
5437,5434,5431
5438,5437,5439
5440,5439,5437
5437,5438,5436
5431,5428,5437
5437,5428,5440
5440,5441,5442
5442,5443,5440
5443,5444,5440
5444,5445,5440
5439,5440,5445
5428,5441,5440
5431,5441,5428
5441,5431,5432
5442,5441,5432
5445,5446,5439
5446,5445,5447
5445,5444,5447
5448,5447,5444
5447,5448,5449
5447,5450,5446
5450,5447,5451
5449,5451,5447
5452,5451,5453
5451,5452,5450
5451,5449,5454
5454,5455,5451
5455,5453,5451
5456,5453,5455
5455,5016,5456
5017,5016,5455
5455,5454,5017
5018,5456,5016
5453,5456,5042
5457,5042,5456
5456,5018,5457
5042,5457,5040
5033,5457,5018
5035,5040,5457
5457,5033,5035
5042,5458,5453
5459,5452,5453
5453,5458,5459
5042,5044,5458
5459,5458,5044
5460,5461,5459
5459,5050,5460
5043,5050,5459
5459,5044,5043
5452,5459,5461
5461,5450,5452
5450,5461,5446
5462,5446,5461
5461,5460,5462
5446,5462,5463
5464,5463,5462
5462,5465,5464
5465,5462,5460
5466,5464,5465
5465,5467,5466
5467,5465,5052
5460,5052,5465
5468,5466,5467
5467,5058,5468
5052,5051,5467
5051,5053,5467
5058,5467,5053
5466,5468,5469
5065,5469,5468
5064,5468,5058
5468,5064,5065
5469,5470,5466
5471,5470,5469
5472,5469,5065
5472,5075,5469
5469,5075,5471
5471,5473,5470
5473,5471,5075
5470,5473,5474
5474,5473,5427
5075,5427,5473
5475,5470,5474
5474,5427,5475
5470,5475,5464
5475,5427,5476
5476,5463,5475
5463,5464,5475
5435,5476,5427
5476,5435,5477
5477,5463,5476
5477,5438,5439
5439,5463,5477
5436,5438,5477
5477,5435,5436
5075,5472,5478
5065,5478,5472
5478,5067,5075
5478,5479,5067
5479,5478,5065
5065,5067,5479
5464,5466,5470
5463,5439,5446
5052,5460,5050
5480,5017,5454
5454,5481,5480
5481,5454,5482
5449,5482,5454
5483,5484,5482
5482,5485,5483
5486,5481,5482
5482,5484,5486
5482,5449,5448
5448,5485,5482
5487,5483,5485
5485,5488,5487
5485,5443,5488
5444,5443,5485
5485,5448,5444
5489,5487,5488
5489,5488,5443
5490,5491,5489
5487,5489,5491
5442,5489,5443
5492,5489,5442
5490,5489,5492
5490,5493,5491
5493,5490,5494
5495,5494,5490
5490,5496,5495
5490,5497,5496
5492,5497,5490
5498,5499,5490
5490,5500,5498
5490,5499,5500
5501,5500,5499
5499,5496,5501
5498,5496,5499
5501,5498,5500
5491,5498,5501
5491,5501,5496
5496,5498,5491
5496,5497,5502
5073,5502,5497
5492,5101,5497
5101,5073,5497
5503,5502,5504
5502,5073,5504
5503,5505,5502
5494,5502,5505
5502,5495,5496
5495,5502,5494
5505,5503,5504
5506,5505,5504
5507,5505,5506
5505,5508,5494
5505,5507,5508
5507,5509,5510
5510,5508,5507
5511,5509,5507
5506,5504,5507
5507,5504,5511
5512,5509,5511
5511,5072,5512
5072,5511,5504
5513,5514,5512
5515,5512,5514
5512,5515,5509
5512,5072,5513
5514,5516,5515
5517,5515,5516
5515,5517,5518
5518,5509,5515
5519,5518,5517
5509,5518,5520
5519,5520,5518
5520,5519,5521
5521,5522,5520
5509,5520,5522
5509,5522,5523
5524,5523,5522
5522,5521,5524
5523,5524,5525
5526,5525,5524
5526,5524,5521
5525,5526,5527
5527,5526,5528
5529,5530,5526
5530,5528,5526
5521,5531,5526
5526,5531,5529
5532,5533,5529
5529,5534,5532
5534,5529,5535
5530,5529,5533
5531,5535,5529
5519,5536,5535
5519,5535,5531
5535,5536,5534
5536,5519,5537
5538,5539,5536
5536,5540,5538
5541,5536,5539
5536,5541,5540
5542,5543,5536
5537,5542,5536
5544,4878,5536
5536,5545,5544
5545,5536,5546
4879,5547,5536
4879,5536,4878
5548,5546,5536
5548,5536,5547
5549,5536,5550
5549,5551,5536
5551,5552,5536
5550,5536,5552
5534,5536,5543
5517,5537,5519
5537,5517,5553
5553,5554,5537
5537,5541,5542
5541,5537,5554
5555,5556,5554
5557,5554,5556
5554,5553,5555
5554,5557,5541
5556,5558,5557
5557,4937,5538
5538,5541,5557
4937,5557,5558
5556,5559,5558
4937,5558,5559
5559,5556,5560
5559,5560,5561
5561,4815,5559
5559,4814,4937
4814,5559,4815
5562,5561,5560
5560,5563,5562
5563,5560,5556
5516,5562,5563
5516,5563,5555
5556,5555,5563
5562,5059,4806
4806,5561,5562
5516,5063,5562
5059,5562,5063
5561,4806,4816
5561,4816,4815
5516,5555,5553
5516,5553,5517
5542,5538,5543
5534,5543,5538
5549,5550,5538
5538,5550,5564
5552,5564,5550
5538,5564,5549
5552,5549,5564
5548,5547,5538
4879,5538,5547
5552,5565,5549
5552,5551,5565
5541,5549,5565
5541,5565,5551
5549,5541,5551
5566,5548,5538
5548,5541,5546
5566,5541,5548
5566,5538,5567
5566,5568,5569
5568,5566,4939
5569,5541,5566
5566,5567,4939
5570,5541,5569
5571,5569,5568
5572,5570,5569
5569,5571,5572
5568,4951,5571
5573,5572,5571
5571,4810,5573
4810,5571,4817
4951,4817,5571
4809,5573,4810
5573,4809,5574
5572,5573,5574
4806,4805,5574
4809,4806,5574
5575,5574,5576
4690,5574,5575
5574,4690,5572
5577,5576,5574
5578,5577,5574
5574,4713,5578
4713,5574,4805
5576,5577,5579
5580,5579,5577
5577,5578,5580
5581,5579,5580
5582,5580,5578
5583,5580,5582
5580,5583,5581
5581,5576,5579
4630,5584,5581
5581,5585,4630
5581,5584,5585
5583,5586,5581
5587,5581,5586
5581,5587,5588
5588,5576,5581
5589,5588,5587
5587,5590,5589
4630,5590,5587
5587,5586,4630
5590,5591,5592
5591,5590,4630
5589,5590,5593
5592,5593,5590
5593,5062,5589
5062,5593,5592
5592,5594,5062
5592,5595,5594
5592,5596,5597
5592,5591,5596
5592,5597,5595
5062,5595,5598
5516,5595,5062
5516,5596,5595
5598,5595,5596
5599,5595,5597
5599,5594,5595
5599,5062,5594
5589,5062,5599
5599,5597,5596
5596,5600,5599
5575,5599,5600
5601,5599,5575
5599,5601,5589
5588,5589,5601
5601,5576,5588
5576,5601,5575
5602,5600,5596
5575,5600,5602
5602,5603,5575
5603,5602,5596
4690,5575,5603
5604,4690,5603
5605,5603,5606
5605,5604,5603
5606,5603,5596
4690,5604,4689
5605,4689,5604
5606,4678,4677
5606,4677,5605
5596,4678,5606
4686,4689,5605
5605,5607,4686
5605,4677,5607
4677,4686,5607
5598,5608,5070
5598,5070,5062
5596,5608,5598
5608,5596,5514
5514,5071,5608
5071,5070,5608
5516,5514,5596
5596,5591,5609
5609,4678,5596
5591,4678,5609
4678,5591,4579
5591,4630,4579
5583,4630,5586
5579,5585,5584
4630,5579,5584
5579,4630,5585
5610,4630,5583
5582,5610,5583
5610,4672,4630
5610,5611,4672
5611,5610,5582
5612,4672,5611
5582,5613,5611
5611,5613,5612
5612,5614,5615
5613,5614,5612
5615,4672,5612
5615,5614,5616
5616,5617,5615
4672,5615,5617
5617,4676,4672
5617,5618,4676
5618,5617,5616
5619,4676,5618
5618,4710,5619
5616,4710,5618
4710,5620,5619
4712,5619,5620
5619,4712,5621
4676,5619,5622
5621,5623,5619
5623,5622,5619
5619,5624,5625
5625,5626,5619
5619,5626,5624
4676,5622,5625
5623,5625,5622
5620,5624,5626
5620,5625,5624
5625,5620,5626
4676,5625,5623
5623,4680,4676
5623,5621,4680
4701,4680,5621
5621,4712,4701
4712,5620,4710
5614,4710,5616
5614,5613,4710
5613,5578,4713
5578,5613,5582
4713,4710,5613
5570,5572,4690
5541,5570,5627
4690,5627,5570
5541,5627,5545
4690,5545,5627
5567,5538,5628
5567,5628,4883
5567,4883,5629
5567,5629,4939
4879,5628,5538
4879,4883,5628
4884,4939,5629
4884,5629,4883
4951,5568,4939
5538,5540,5539
5541,5539,5540
5545,5546,5541
4690,5544,5545
4878,5544,4876
4690,4876,5544
5538,5542,5541
4939,4883,5538
5534,5538,4883
5538,5630,5631
5630,5538,5632
5538,5631,5632
5538,5633,5634
5634,5635,5538
5538,5635,5633
5538,4937,4939
5636,5633,5635
5636,5634,5633
5635,4883,5636
5637,5636,4883
5636,5637,5638
5636,5638,5634
5634,5637,4883
4939,5638,5637
5634,4939,5637
4939,5634,5638
5634,4883,5635
5639,5631,5630
5639,5632,5631
5632,5639,4883
5640,4883,5639
5639,5630,5641
5639,5641,5640
4939,5641,5630
4939,5640,5641
5630,4883,5640
5630,5640,4939
5630,5632,4883
5533,5642,5530
4963,5643,5533
5533,5532,4963
5642,5533,5644
5643,5644,5533
5643,4963,4990
4990,4989,5643
5644,5643,4989
5645,5642,5644
5644,5646,5645
4989,5647,5644
5646,5644,5647
5647,4989,4987
5647,5648,5646
4987,4998,5647
5648,5647,4998
5649,5646,5648
5648,5006,5649
5006,5648,5003
4998,5003,5648
5646,5649,5650
5649,5651,5652
5652,5650,5649
5651,5649,5006
5651,5009,5652
5009,5651,5006
5650,5645,5646
5650,5652,5486
5486,5653,5650
5645,5650,5654
5653,5654,5650
5653,5486,5484
5654,5653,5527
5484,5527,5653
5654,5528,5645
5528,5654,5527
5652,5480,5481
5481,5486,5652
5480,5652,5009
5642,5645,5528
5528,5530,5642
4883,5532,5534
5532,4883,4963
5531,5521,5519
5527,5655,5525
5527,5656,5655
5656,5527,5484
5657,5656,5483
5656,5657,5658
5658,5655,5656
5484,5483,5656
5655,5658,5523
5493,5523,5658
5493,5658,5657
5491,5657,5487
5657,5491,5493
5483,5487,5657
5523,5525,5655
5523,5510,5509
5523,5493,5510
5516,5062,5063
5513,5071,5514
5072,5071,5513
5508,5510,5493
5493,5494,5508
5073,5072,5504
5442,5659,5492
5101,5492,5659
5442,5101,5659
5660,5659,5661
5659,5660,5443
5661,5659,5662
5443,5662,5659
5442,5661,5663
5660,5661,5442
5662,5663,5661
5442,5663,5660
5662,5660,5663
5443,5660,5662
5009,5010,5480
5017,5480,5010
5432,5101,5442
5432,5431,5433
5428,5429,5430
5431,5430,5429
5424,5425,5410
5412,5410,5425
5424,5664,5102
5664,5424,5665
5424,5410,5665
5664,5104,5102
5104,5664,5114
5665,5114,5664
5117,5114,5665
5115,5665,5410
5665,5666,5117
5665,5115,5666
5117,5666,5115
5410,5406,5115
5114,5110,5104
5105,5104,5110
5106,5102,5104
5080,5073,5101
5083,5085,5091
4593,5077,4594
4593,4632,5077
5062,5070,5068
5068,5667,5063
5063,5668,5068
5669,5068,5668
5667,5068,5669
5667,5669,5062
5062,5669,5670
5668,5670,5669
5062,5670,5667
5668,5667,5670
5063,5667,5668
4994,4918,5036
5036,5032,4993
5036,4993,4994
5018,5020,5033
5022,5033,5020
4992,4993,5032
5001,4992,5029
5003,4998,4999
4998,4987,4996
4988,4996,4987
4896,4995,4982
4995,4896,4994
4985,4982,4995
4913,4994,4896
4914,4918,4994
4994,4913,4914
4984,4990,4963
4967,4984,4963
4964,4953,4821
4821,4926,4964
4829,4964,4926
4964,4824,4953
4824,4941,4940
4824,4940,4939
4945,5671,4942
4945,4944,5671
4824,5671,4944
4824,4942,5671
4949,5672,4948
4949,4946,5672
4824,4948,5672
4824,5672,4946
4946,4948,4824
4942,4824,4944
4939,4941,4824
4926,4821,4927
4915,4904,4834
4896,4904,4912
4912,4898,4896
4911,4912,4904
4911,4904,5673
4911,4829,4900
4911,5673,4834
4911,4834,4833
4911,4833,4829
4835,5673,4904
4835,4834,5673
4903,4907,4829
4834,4904,4903
4834,4903,4829
4908,4829,4909
4909,5674,4834
4909,4829,5674
4908,5674,4829
4908,4834,5674
4910,5675,4904
4908,4910,4904
4910,4834,5675
4908,4904,5675
4908,5675,4834
4901,4829,4907
4829,4906,4904
4905,4904,4906
4905,5676,4904
4905,4834,5676
4905,5677,4834
4905,4829,5677
5676,5677,4829
5676,4834,5677
4829,4904,5676
4835,4904,4842
4896,4842,4904
4894,4841,4842
4894,4895,4841
4895,5678,4840
4840,4841,4895
4889,5678,4895
4895,4890,4889
4840,5678,5679
5679,5678,4889
4857,5679,4855
5679,4857,4839
5679,4839,4840
4889,4855,5679
4855,4889,4891
4891,4856,4855
4856,4891,5680
4885,5680,4891
4859,5680,5681
5680,4859,4856
4881,5681,5680
5680,4885,4881
4872,5681,4881
5681,4872,4871
4871,5682,5681
4859,5681,5682
5682,4871,4867
4859,5682,4866
4867,4866,5682
4866,4861,4859
4743,4862,4740
4862,4743,4744
4857,4853,4837
4857,4837,4839
4849,4744,4847
4775,4776,4845
4845,4761,4775
4762,4761,4845
4830,4822,4821
4781,4783,4830
4822,4830,4783
4824,4821,5683
4821,4824,5684
4824,5683,5684
4824,5685,5686
5685,4824,5687
4824,5686,5687
5688,5687,5686
5688,5686,5685
5689,4821,5688
5687,5688,4821
5688,5690,5689
5688,5685,5690
4813,5689,5690
4813,5690,5685
5685,4821,5689
5685,5689,4813
5685,5687,4821
4813,5683,4821
4813,5684,5683
4821,5684,4813
4783,4785,4822
4822,4785,4786
4805,4714,4713
4791,4808,4786
4786,4787,4791
4764,4750,4766
4750,4764,4751
4754,4759,4756
4746,4758,4754
4754,4753,4755
4756,4755,4753
4721,4720,4735
4701,4712,4699
4681,4680,4698
4684,4692,4687
4684,4682,4692
4630,4672,4655
4670,4556,4555
4667,5691,4655
4667,4657,5691
4657,4667,4664
4655,5691,4657
4664,4662,4657
4662,4658,4657
4650,4659,4651
4557,4651,4659
4651,4557,4558
4636,4647,4641
4647,4636,4634
4643,4632,4637
4643,5692,4632
4643,4593,5692
4593,4643,4590
4590,4643,4589
4614,4632,5692
4614,5692,4593
4637,4632,4631
4632,4614,4594
4614,4593,4613
4590,4613,4593
4603,4593,4592
4602,5693,4600
4602,4601,5693
4594,4600,5693
4594,5693,4601
4608,5694,4607
4608,4605,5694
4594,4607,5694
4594,5694,4605
4597,4594,4609
4579,4597,4596
4579,4594,4597
4605,4607,4594
4600,4594,4601
4594,5695,4595
5695,4596,4595
4594,4596,5695
4579,4596,5696
5696,4596,4587
5696,4583,4579
4583,5696,4584
4587,4584,5696
4589,4482,4562
4579,4583,4580
4568,4577,4581
4564,4563,4482
4562,4482,4563
4560,4562,4561
5697,5698,4463
4462,4463,5698
5699,5700,4463
4463,4392,5699
4463,4395,4392
5700,5697,4463
4386,5698,5697
4387,5697,5700
5697,4387,4386
4387,5700,5699
4387,5699,4391
4391,5699,4392
4386,5701,5698
5698,5701,4462
5701,4458,4461
4461,4462,5701
4385,4458,5701
5701,4386,4385
4452,4444,4443
4452,4371,4444
4445,5702,4449
5702,4395,4449
4439,5702,5703
5702,4439,4434
5704,5702,4434
5702,5704,4424
5702,4445,5703
4395,5702,4424
4441,5703,4445
5703,4441,4439
4434,4424,5704
4436,4434,4419
4419,4423,4436
4436,4423,4410
4419,4434,4415
4395,4424,4402
4415,4402,4424
4424,4416,4415
4422,4411,5705
4407,4411,4422
4422,5705,4423
4410,5705,4411
4410,4423,5705
4370,5706,4423
4414,4423,5706
4414,5706,4411
4370,4411,5706
4408,4407,4420
4402,4415,4418
4403,4402,4418
4394,4395,4402
4372,4383,4401
4377,4334,4378
5707,5708,4375
4375,4376,5707
4374,4375,5708
4311,5708,5707
5708,5709,4374
4316,5709,5708
5708,4311,4316
5709,4322,4374
4316,4322,5709
4310,5707,4376
4311,5707,4310
4306,4376,4307
4306,4310,4376
4334,4338,4373
4373,5710,4357
5711,4373,4338
4373,4350,4351
4351,5710,4373
4373,4347,4350
4347,4373,5711
4347,5711,4338
4353,4357,5710
5710,4351,4353
4324,4374,4322
4334,4374,4324
4287,4360,4355
4338,4348,4347
4338,4341,4348
4348,4341,4342
4290,4345,4286
4343,4329,4286
4329,4343,4328
4338,4339,4341
4334,4324,4325
4329,4331,4293
4293,4286,4329
4293,4331,4323
4322,4321,4324
4321,4320,4324
4292,4309,4305
4301,4305,4300
4305,4301,4292
4298,4297,4302
4283,4284,4279
4279,4281,4283
4274,4276,4249
4247,4249,4276
4250,5712,4274
4250,4274,5713
4274,5714,4251
4251,5715,4274
4252,4274,5715
4247,4274,5712
4249,5713,4274
5716,5717,4274
5716,4274,5718
5717,5718,4274
5719,5720,4274
5719,4274,5721
5721,4274,5722
5720,5722,4274
5723,4274,5724
5723,5725,4274
5725,5724,4274
4274,4252,5714
4250,4252,5712
4247,5712,4252
5720,4251,5722
4251,5720,4252
5719,4252,5720
5714,5726,4250
5714,4250,5727
5714,5727,4251
5714,4252,5726
5715,4250,5726
5715,5726,4252
5715,5727,4250
5715,4251,5727
5723,5724,4251
5725,4251,5724
5723,4251,5725
5721,5722,4251
5721,4250,5719
5721,5728,4250
5721,4251,5728
5729,4250,5728
5729,5728,4251
5730,4250,5729
4251,4252,5729
5730,5729,4252
5730,5719,4250
5730,5731,5732
5732,5733,5730
5730,5734,5731
5734,5730,5733
4252,5719,5730
5730,5735,5736
5736,5737,5730
5730,5737,5735
5738,5736,5735
5738,5735,5737
5733,5736,5738
5737,5719,5738
5733,5738,5719
5736,5719,5737
5719,5736,5733
5733,5732,5731
5733,5731,5734
5739,5740,5734
5741,5739,5734
5740,5732,5734
5732,5741,5734
5742,5743,5741
5744,5741,5743
5744,5745,5741
5741,5746,5742
5747,5748,5741
5739,5741,5748
5749,5747,5741
5745,5749,5741
5746,5741,5732
5750,5751,5746
5752,5750,5746
5746,5751,5742
5746,5753,5752
5732,5754,5746
5753,5746,5754
5753,5755,5752
5755,5753,5754
5756,5752,5755
5756,5755,5757
5754,5757,5755
5758,5757,5759
5757,5758,5756
5760,5759,5757
5757,5761,5760
5757,5754,5761
5754,5760,5761
5759,5760,5762
5760,5754,5763
5763,5762,5760
5763,5764,5762
5759,5762,5764
5763,5765,5764
5766,5764,5765
5764,5766,5759
5765,5767,5766
5768,5766,5767
5768,5759,5766
5768,5769,5770
5770,5771,5768
5771,5772,5768
5758,5768,5772
5767,5769,5768
5759,5768,5758
5773,5770,5769
5769,5774,5773
5775,5774,5769
5769,5767,5775
5776,5777,5775
5778,5775,5777
5779,5775,5767
5775,5780,5776
5775,5779,5780
5775,5778,5774
5778,5781,5782
5782,5783,5778
5783,5784,5778
5774,5778,5784
5785,5781,5778
5778,5777,5785
5786,5787,5785
5785,5788,5786
5789,5788,5785
5785,5777,5776
5776,5790,5785
5785,5791,5789
5785,5790,5791
5787,5782,5785
5785,5782,5781
5782,5787,5786
5739,5790,5740
5790,5739,5789
5789,5791,5790
5779,5763,5790
5790,5780,5779
5790,5776,5780
5790,5763,5740
5792,5789,5739
5793,5788,5789
5789,5792,5793
5794,5792,5739
5795,5793,5792
5792,5794,5796
5796,5795,5792
5795,5796,5797
5798,5797,5796
5799,5796,5794
5796,5799,5798
5798,5800,5801
5800,5798,5802
5802,5798,5803
5798,5801,5804
5804,5797,5798
5799,5803,5798
5803,5799,5794
5794,5805,5803
5805,5806,5803
5807,5803,5806
5808,5802,5803
5803,5807,5808
5807,5809,5808
5809,5807,5806
5810,5808,5809
5811,5809,5748
5809,5811,5812
5813,5748,5809
5809,5806,5813
5812,5810,5809
5812,5814,5815
5815,5810,5812
5814,5812,5745
5811,5745,5812
5815,5814,5816
5816,5814,5745
5817,5816,5745
5815,5816,5817
5818,5817,5744
5819,5817,5818
5817,5820,5815
5817,5819,5820
5745,5744,5817
5821,5820,5819
5821,5819,5822
5823,5822,5819
5819,5824,5823
5818,5824,5819
5750,5823,5824
5825,5824,5818
5824,5825,5750
5750,5825,5742
5818,5742,5825
5826,5822,5823
5826,5823,5827
5752,5827,5823
5823,5750,5752
5827,5756,5826
5752,5756,5827
5826,5828,5821
5828,5826,5758
5756,5758,5826
5822,5826,5821
5829,5828,5830
5831,5828,5829
5828,5832,5830
5831,5832,5828
5828,5772,5821
5772,5828,5758
5833,5831,5834
5835,5834,5831
5829,5835,5831
5831,5833,5836
5772,5832,5831
5772,5831,5836
5772,5836,5833
5837,5833,5834
5833,5838,5839
5833,5840,5838
5840,5833,5837
5833,5839,5772
5839,5838,5841
5772,5839,5842
5841,5843,5839
5843,5842,5839
5838,5840,5841
5844,5841,5845
5845,5841,5840
5846,5843,5841
5841,5847,5846
5841,5844,5847
5844,5846,5847
5845,5848,5844
5849,5850,5844
5844,5848,5849
5844,5851,5852
5851,5844,5850
5853,5844,5852
5854,5855,5844
5855,5846,5844
5844,5853,5854
5850,5853,5852
5856,5853,5850
5857,5858,5853
5856,5857,5853
5854,5853,5858
5856,5850,5859
5860,5861,5856
5862,5856,5861
5863,5860,5856
5856,5864,5863
5857,5856,5862
5856,5859,5864
5863,5859,5865
5866,5859,5850
5866,5864,5859
5866,5863,5864
5867,5868,5866
5869,5866,5868
5850,5867,5866
5870,5863,5866
5871,5870,5866
5866,5872,5871
5866,5869,5872
5873,5872,5869
5869,5874,5873
5867,5875,5869
5874,5869,5875
5869,5868,5867
5873,5874,5876
5877,5876,5874
5874,5878,5879
5879,5877,5874
5875,5878,5874
5878,5875,5880
5880,5881,5878
5878,5881,5882
5882,5879,5878
5883,5882,5881
5879,5882,5834
5882,5883,5834
5883,5884,5834
5884,5883,5885
5886,5885,5883
5887,5886,5883
5881,5887,5883
5888,5886,5887
5888,5887,5881
5886,5888,5889
5881,5880,5888
5890,5888,5880
5891,5889,5888
5888,5890,5891
5889,5891,5892
5850,5892,5891
5850,5891,5890
5850,5849,5892
5893,5892,5849
5892,5893,5889
5885,5889,5893
5893,5894,5885
5894,5893,5895
5849,5895,5893
5895,5896,5894
5895,5897,5896
5897,5895,5845
5895,5898,5899
5895,5900,5898
5900,5895,5899
5848,5845,5895
5895,5849,5848
5895,5901,5902
5902,5903,5895
5895,5903,5901
5904,5901,5903
5904,5902,5901
5900,5902,5904
5900,5904,5849
5903,5849,5904
5902,5849,5903
5849,5902,5900
5900,5899,5896
5896,5899,5898
5896,5898,5900
5845,5837,5897
5837,5905,5897
5896,5897,5905
5905,5837,5834
5894,5896,5905
5894,5905,5884
5884,5905,5834
5885,5894,5884
5890,5867,5850
5867,5890,5906
5880,5906,5890
5875,5867,5906
5906,5880,5875
5889,5885,5886
5876,5877,5879
5876,5879,5834
5876,5907,5908
5876,5834,5907
5909,5873,5876
5876,5865,5909
5876,5910,5865
5876,5908,5910
5911,5908,5907
5911,5912,5908
5913,5908,5912
5865,5910,5908
5908,5914,5865
5908,5913,5914
5908,5915,5916
5915,5908,5917
5908,5918,5917
5834,5908,5916
5918,5908,5834
5919,5918,5920
5921,5918,5919
5918,5922,5923
5918,5924,5922
5834,5920,5918
5918,5921,5924
5918,5923,5925
5918,5925,5917
5924,5921,5926
5921,5927,5926
5919,5927,5921
5927,5919,5920
5920,5928,5927
5929,5926,5927
5927,5928,5929
5930,5929,5928
5931,5930,5928
5928,5932,5931
5933,5932,5928
5928,5934,5933
5928,5920,5934
5933,5934,5920
5935,5933,5936
5933,5935,5937
5938,5933,5939
5939,5933,5940
5936,5933,5834
5933,5941,5940
5937,5941,5933
5834,5933,5920
5933,5938,5932
5938,5942,5943
5938,5943,5944
5938,5939,5942
5932,5938,5945
5946,5945,5938
5944,5946,5938
5940,5943,5942
5940,5942,5939
5944,5947,5948
5949,5944,5948
5946,5944,5949
5944,5943,5947
5950,5948,5947
5950,5947,5943
5950,5951,5952
5951,5950,5953
5940,5953,5950
5952,5948,5950
5950,5943,5940
5948,5952,5949
5949,5952,5951
5954,5951,5953
5937,5955,5953
5953,5955,5954
5953,5941,5937
5953,5940,5941
5951,5954,5956
5954,5957,5956
5954,5955,5957
5958,5956,5957
5957,5959,5958
5960,5959,5957
5960,5957,5955
5960,5937,5935
5955,5937,5960
5959,5960,5961
5961,5960,5936
5935,5936,5960
5962,5961,5963
5959,5961,5962
5936,5963,5961
5963,5964,5962
5916,5964,5963
5916,5963,5834
5963,5936,5834
5964,5916,5965
5966,5962,5964
5965,5966,5964
5965,5967,5968
5967,5965,5969
5968,5966,5965
5969,5965,5916
5967,5969,5970
5968,5971,5969
5969,5972,5968
5969,5966,5972
5973,5966,5969
5974,5969,5975
5916,5976,5969
5970,5969,5976
5973,5969,5977
5971,5977,5969
5969,5978,5979
5979,5980,5969
5969,5980,5978
5967,5970,5974
5970,5981,5974
5970,5976,5975
5970,5975,5981
5982,5981,5975
5982,5974,5981
5983,5984,5982
5982,5984,5985
5985,5986,5982
5974,5982,5986
5982,5975,5983
5915,5983,5975
5983,5987,5984
5988,5983,5915
5987,5983,5988
5989,5990,5987
5987,5991,5989
5992,5991,5987
5987,5990,5993
5993,5984,5987
5987,5988,5992
5991,5992,5994
5915,5994,5992
5915,5992,5988
5994,5995,5991
5996,5997,5994
5997,5995,5994
5994,5998,5996
5998,5994,5917
5994,5915,5917
5999,5995,5997
5991,5995,5999
6000,5999,5997
5999,5989,5991
5989,5999,6000
6000,6001,5990
6001,6000,6002
6002,6000,6003
6004,6003,6000
6000,6005,6004
5996,6005,6000
6000,5997,5996
5989,6000,5990
6004,6005,5998
6005,5996,5998
6003,6004,6006
5998,5925,6004
6006,6004,5925
6007,6006,5925
6002,6006,6007
6006,6002,6003
6008,6007,5924
6007,6008,6009
6007,6001,6002
5922,5924,6007
5925,5923,6007
5923,5922,6007
6009,6001,6007
5926,6010,6009
6001,6009,6010
6009,6008,5926
6011,6001,6010
6012,6013,6010
6010,6014,6012
5926,6014,6010
6011,6010,6013
6011,6013,6015
6016,6015,6013
5930,6016,6013
6013,5929,5930
5929,6013,6012
5930,6017,6016
6015,6016,6017
5945,5949,6017
6017,5931,5945
5930,5931,6017
6015,6017,5949
5949,6018,6015
6018,6011,6015
6018,6019,6011
6018,6020,6021
6021,6019,6018
6020,6018,5956
5949,5956,6018
6022,6023,6018
6022,6018,6024
6025,6024,6018
6025,6018,6023
6025,6023,6019
6022,6019,6023
6026,6025,6027
6028,6025,6026
6019,6027,6025
6024,6025,6029
6030,6029,6025
6028,6030,6025
6031,6032,6028
6031,6028,6033
6030,6028,6034
6026,6033,6028
6032,6034,6028
6035,6036,6032
6032,6031,6035
6034,6032,6036
6037,6036,6035
6038,6039,6036
6036,6037,6038
6036,6039,6034
6040,6041,6037
6041,6042,6037
6038,6037,6042
6037,6043,6040
6035,6043,6037
6035,6040,6043
6035,6044,6040
6044,6045,6040
6046,6040,6045
6041,6040,6046
6047,6046,6045
6045,6044,6048
6045,6049,6047
6050,6049,6045
6048,6051,6045
6051,6050,6045
6052,6050,6051
6053,6049,6050
6050,6052,6053
6052,6026,6053
6027,6053,6026
6027,6054,6053
6049,6053,6054
6027,6055,6054
6047,6054,6055
6054,6047,6049
6054,6056,6057
6057,6058,6054
6054,6058,6059
6060,6056,6054
6061,6060,6054
6054,6062,6061
6062,6054,6059
6063,6059,6058
6064,6059,6065
6059,6064,6062
6059,6063,6065
6066,6067,6063
6063,6068,6066
6027,6063,6055
6027,6069,6063
6070,6063,6069
6071,6055,6063
6063,6067,6071
6068,6063,6070
6058,6072,6063
6063,6073,6065
6073,6063,6074
6074,6063,6072
6068,6075,6076
6068,6076,6077
6075,6068,6078
6077,6066,6068
6070,6078,6068
6070,6079,6078
6075,6078,6079
6070,6080,6079
6075,6079,6080
6069,6081,6080
6082,6080,6081
6080,6070,6069
6080,6082,6075
6082,6083,6084
6084,6075,6082
6081,6083,6082
6081,6085,6083
6083,6085,6084
6085,6086,6087
6087,6084,6085
6088,6086,6085
6085,6081,6088
6089,6088,6081
6089,6090,6088
6091,6088,6090
6088,6091,6086
6091,6092,6093
6093,6094,6091
6086,6091,6094
6090,6092,6091
6095,6096,6092
6092,6096,6097
6097,6093,6092
6092,6090,6095
6098,6095,6099
6095,6098,6100
6095,6100,6096
6099,6095,6101
6095,6090,6102
6102,6103,6095
6103,6101,6095
6104,6069,6101
6101,6089,6104
6101,6027,6019
6027,6101,6069
6105,6106,6101
6101,6106,6099
6101,6022,6105
6101,6019,6022
6103,6102,6101
6102,6089,6101
6107,6099,6105
6105,6022,6107
6106,6105,6099
6108,6099,6107
6107,6109,6108
6110,6107,6022
6109,6107,6110
6108,6109,6111
6111,6109,6112
6110,6112,6109
6113,6112,6114
6042,6112,6113
6115,6111,6112
6042,6115,6112
6112,6116,6114
6112,6110,6116
6112,6117,6118
6118,6119,6112
6112,6119,6117
6120,6117,6119
6120,6118,6117
6115,6118,6120
6115,6120,6114
6119,6114,6120
6118,6114,6119
6114,6118,6115
6114,6121,6113
6121,6114,6122
6114,6116,6123
6114,6123,6122
6024,6123,6022
6123,6024,6122
6022,6123,6110
6116,6110,6123
6122,6124,6121
6124,6122,6024
6124,6024,6121
6125,6126,6121
6121,6127,6125
6126,6113,6121
6127,6121,6024
6042,6113,6126
6042,6126,6125
6128,6125,6127
6127,6129,6128
6024,6130,6127
6130,6129,6127
6039,6128,6129
6030,6034,6129
6129,6034,6039
6130,6029,6129
6029,6030,6129
6029,6130,6024
6125,6128,6042
6042,6128,6039
6115,6041,6111
6115,6042,6041
6098,6108,6111
6111,6097,6098
6097,6111,6041
6099,6108,6098
6081,6069,6104
6081,6104,6089
6090,6089,6102
6100,6098,6097
6096,6100,6097
6094,6097,6041
6094,6093,6097
6084,6094,6131
6041,6131,6094
6094,6087,6086
6084,6087,6094
6131,6132,6084
6133,6132,6131
6134,6131,6135
6131,6136,6135
6137,6138,6131
6131,6134,6137
6138,6133,6131
6136,6131,6041
6137,6134,6139
6134,6140,6141
6141,6139,6134
6135,6140,6134
6142,6139,6141
6142,6143,6139
6144,6145,6139
6143,6144,6139
6139,6146,6147
6145,6146,6139
6147,6137,6139
6145,6148,6149
6145,6144,6148
6146,6145,6149
6149,6150,6151
6150,6149,6152
6153,6149,6148
6149,6153,6152
6149,6154,6146
6149,6151,6154
6155,6152,6156
6156,6152,6153
6152,6155,6150
6156,6157,6155
6155,6157,6158
6150,6155,6159
6155,6158,6160
6160,6159,6155
6161,6158,6157
6162,6158,6161
6160,6158,6162
6163,6158,6164
6163,6165,6158
6166,6158,6165
6167,6164,6158
6158,6168,6167
6169,6168,6158
6166,6169,6158
6167,6161,6164
6163,6164,6161
6168,6169,6166
6166,6165,6160
6170,6166,6160
6166,6171,6168
6171,6166,6170
6172,6168,6171
6172,6171,6173
6170,6173,6171
6173,6170,6174
6174,6175,6173
6176,6173,6175
6173,6176,6177
6173,6177,6172
6177,6178,6172
6178,6177,6179
6177,6176,6180
6179,6177,6180
6180,6176,6175
6175,6181,6180
6180,6182,6179
6182,6180,6183
6181,6183,6180
6184,6181,6175
6184,6183,6181
6184,6185,6183
6185,6184,6186
6184,6187,6186
6187,6184,6188
6188,6184,6175
6186,6189,6190
6191,6186,6190
6189,6186,6187
6186,6192,6193
6192,6186,6194
6194,6186,6191
6193,6195,6186
6186,6195,6185
6191,6196,6197
6197,6198,6191
6187,6191,6190
6198,6199,6191
6191,6200,6194
6191,6201,6200
6191,6202,6201
6191,6199,6202
6203,6191,6187
6204,6196,6191
6191,6203,6204
6197,6196,6205
6205,6196,6204
6205,6206,6197
6207,6206,6205
6204,6208,6205
6209,6205,6208
6205,6210,6207
6205,6211,6210
6205,6209,6211
6212,6211,6209
6209,6213,6212
6208,6213,6209
6213,6214,6212
6214,6215,6212
6211,6212,6216
6215,6216,6212
6207,6211,6216
6217,6216,6215
6216,6218,6219
6219,6207,6216
6216,6217,6218
6220,6218,6217
6217,6221,6220
6217,6222,6221
6222,6217,6223
6215,6223,6217
6223,6215,6172
6172,6224,6223
6224,6225,6223
6226,6223,6225
6223,6226,6222
6222,6226,6227
6228,6229,6226
6229,6227,6226
6226,6230,6228
6225,6230,6226
6224,6231,6230
6230,6225,6224
6230,6231,6232
6232,6228,6230
6233,6232,6231
6234,6232,6233
6228,6232,6234
6234,6235,6228
6234,6064,6065
6064,6234,6233
6235,6234,6065
6228,6235,6236
6236,6235,6065
6236,6229,6228
6227,6229,6236
6236,6237,6227
6236,6238,6237
6238,6236,6239
6065,6239,6236
6240,6239,6241
6239,6240,6238
6242,6239,6065
6239,6242,6243
6241,6239,6243
6241,6244,6245
6241,6246,6244
6246,6241,6247
6241,6243,6247
6248,6241,6245
6241,6248,6240
6249,6240,6248
6248,6250,6249
6250,6248,6245
6251,6252,6250
6250,6252,6253
6251,6250,6254
6245,6254,6250
6249,6250,6253
6253,6220,6249
6253,6252,6220
6255,6251,6254
6254,6256,6255
6244,6256,6254
6254,6245,6244
6257,6255,6256
6246,6258,6256
6256,6258,6257
6256,6244,6246
6255,6257,6218
6259,6218,6257
6259,6257,6260
6258,6260,6257
6258,6259,6260
6259,6261,6178
6178,6218,6259
6262,6261,6259
6263,6262,6259
6259,6264,6263
6259,6258,6264
6265,6263,6264
6265,6264,6258
6263,6265,6266
6247,6266,6265
6258,6246,6265
6247,6265,6246
6266,6267,6263
6267,6266,6268
6269,6268,6266
6266,6247,6269
6269,6270,6271
6269,6272,6270
6273,6272,6269
6271,6268,6269
6269,6065,6273
6065,6269,6247
6274,6275,6271
6274,6271,6270
6268,6271,6275
6275,6274,6262
6262,6267,6275
6268,6275,6267
6274,6276,6178
6178,6261,6274
6261,6262,6274
6270,6276,6274
6277,6178,6276
6276,6278,6277
6279,6278,6276
6276,6270,6279
6279,6270,6272
6280,6279,6273
6278,6279,6280
6272,6273,6279
6281,6280,6273
6278,6280,6281
6282,6281,6283
6284,6281,6282
6273,6283,6281
6281,6284,6278
6282,6285,6284
6284,6285,6286
6278,6284,6287
6286,6287,6284
6056,6224,6286
6288,6056,6286
6286,6224,6172
6178,6286,6172
6287,6286,6277
6286,6178,6277
6288,6286,6285
6285,6289,6288
6288,6289,6290
6290,6056,6288
6056,6290,6057
6058,6057,6290
6071,6290,6289
6290,6071,6058
6074,6289,6285
6289,6074,6071
6287,6277,6278
6285,6291,6074
6285,6282,6291
6291,6282,6073
6074,6291,6073
6283,6073,6282
6073,6283,6065
6283,6273,6065
6262,6263,6267
6218,6251,6255
6218,6252,6251
6218,6220,6252
6220,6292,6249
6240,6249,6292
6293,6292,6294
6295,6294,6292
6220,6295,6292
6238,6292,6293
6292,6238,6240
6294,6221,6293
6293,6227,6238
6227,6293,6222
6221,6222,6293
6294,6295,6220
6220,6221,6294
6243,6296,6247
6247,6296,6065
6297,6242,6296
6296,6298,6297
6298,6296,6299
6296,6242,6065
6299,6296,6243
6299,6300,6301
6299,6302,6300
6302,6299,6303
6299,6243,6303
6301,6298,6299
6298,6301,6304
6305,6304,6301
6301,6306,6305
6301,6307,6306
6307,6301,6300
6306,6307,6308
6300,6309,6307
6307,6309,6310
6310,6308,6307
6310,6311,6308
6310,6312,6311
6312,6310,6309
6313,6314,6311
6311,6315,6313
6315,6311,6312
6316,6308,6311
6311,6314,6316
6316,6317,6308
6318,6316,6319
6316,6318,6317
5821,6316,6314
5821,5973,6316
6319,6316,5973
6319,5975,6318
5975,6319,5973
6308,6317,6306
6317,6318,6305
6305,6306,6317
6318,6320,5974
6318,5975,6320
5974,6305,6318
5971,6320,5975
5971,5974,6320
6313,6321,6314
6314,6322,6323
6314,6324,5821
6324,6314,6321
6323,6325,6326
6326,6327,6323
6327,6328,6323
6325,6323,6328
6325,6329,6330
6330,6331,6325
6322,6329,6325
6326,6325,6331
6325,6328,6322
6331,6330,6332
6333,6331,6332
6331,6333,6326
6334,6326,6333
6335,6334,6333
6333,6336,6335
6336,6333,6332
6327,6326,6334
6337,6334,6335
6334,6337,6327
6324,6327,6337
6337,6338,6324
6335,6338,6337
6338,6335,6339
6338,6340,6324
6339,6340,6338
6339,6335,6341
6342,6339,6341
6340,6339,6342
6341,6343,6342
6344,6342,6343
6345,6342,6344
6342,6345,6340
6344,6346,6345
6340,6345,6324
6345,6346,6347
6347,6324,6345
6324,6347,6348
6348,6347,6346
6324,6348,6349
6348,6350,6349
6348,6351,6350
6351,6348,6352
6353,6352,6348
6353,6348,6354
6346,6354,6348
6355,5973,6350
5821,6350,5973
6350,5821,6349
6356,6355,6350
6357,6350,6351
6350,6357,6358
6358,6356,6350
6358,6357,6359
6356,6358,6360
6359,6360,6358
6361,6360,6359
6361,6362,6360
6360,6362,6356
6362,6361,6363
6363,5968,6362
5966,6356,6362
6362,5972,5966
6362,5968,5972
5968,6363,6364
6297,6364,6363
6297,6363,6361
6364,5974,5968
6364,6297,6298
5974,6364,6298
6361,6242,6297
6242,6361,6365
6365,6361,6366
6359,6366,6361
6367,6365,6366
6366,6359,6367
6367,6368,6365
6369,6367,6359
6368,6367,6370
6371,6370,6367
6367,6369,6371
6359,6351,6369
6352,6371,6369
6351,6352,6369
6371,6372,6370
6372,6371,6373
6373,6371,6352
6373,6374,6372
6374,6373,6354
6354,6373,6353
6352,6353,6373
6354,6375,6374
6374,6375,6376
6372,6374,6377
6376,6377,6374
6376,6343,6242
6343,6376,6344
6377,6376,6242
6375,6344,6376
6377,6378,6372
6378,6377,6242
6378,6370,6372
6378,6368,6370
6368,6378,6242
6346,6344,6375
6375,6354,6346
6242,6365,6368
6357,6351,6359
6355,6356,5966
5966,5973,6355
5771,5770,6349
5784,6349,5770
5771,6349,6379
5800,6379,6349
5801,5800,6349
6349,5804,5801
6349,6380,5804
6349,6381,6380
5782,6381,6349
6349,5821,6324
6349,5784,5782
6382,6380,6381
5786,6381,5782
6381,5786,6382
6380,6382,6383
6383,6382,5793
6382,5786,5788
5788,5793,6382
6380,6383,6384
6384,6383,5793
6384,5804,6380
6385,6384,5795
6384,6385,5804
5793,5795,6384
5797,6385,5795
5804,6385,5797
5771,6379,5821
5800,5821,6379
6341,6242,6343
6341,6336,6332
6332,6243,6341
6242,6341,6243
6336,6341,6335
6303,6332,6330
6332,6303,6243
6313,6386,6329
6329,6386,6330
6329,6322,6313
6387,6330,6386
6303,6387,6386
6386,6313,6315
6315,6388,6386
6386,6388,6303
6388,6389,6302
6302,6303,6388
6389,6388,6315
6302,6389,6309
6309,6389,6312
6315,6312,6389
6330,6387,6303
6327,6322,6328
6327,6324,6322
6313,6322,6321
6324,6321,6322
6309,6300,6302
6304,6305,5974
5974,6298,6304
6227,6237,6238
6062,6233,6231
6233,6062,6064
6231,6061,6062
6231,6224,6061
6061,6224,6056
6390,6218,6178
6218,6390,6391
6392,6219,6218
6218,6391,6392
6391,6393,6394
6394,6395,6391
6391,6390,6393
6396,6391,6395
6391,6396,6397
6397,6392,6391
6397,6396,6395
6395,6398,6397
6399,6397,6398
6392,6397,6399
6399,6219,6392
6400,6219,6399
6399,6398,6400
6198,6197,6400
6206,6400,6197
6199,6198,6400
6400,6398,6199
6401,6400,6206
6400,6401,6219
6401,6207,6219
6206,6207,6401
6398,6395,6202
6202,6199,6398
6393,6390,6394
6200,6395,6394
6395,6200,6201
6395,6201,6202
6402,6394,6390
6194,6200,6394
6192,6194,6394
6394,6402,6192
6193,6192,6402
6403,6402,6404
6402,6403,6193
6390,6405,6402
6405,6404,6402
6390,6404,6405
6178,6404,6390
6406,6404,6179
6404,6406,6403
6404,6178,6179
6179,6182,6406
6406,6182,6407
6407,6403,6406
6407,6408,6195
6403,6407,6195
6408,6407,6182
6195,6408,6183
6183,6408,6182
6195,6193,6403
6214,6409,6215
6215,6410,6172
6410,6215,6409
6411,6412,6409
6411,6409,6214
6409,6412,6410
6412,6413,6414
6414,6415,6412
6412,6172,6410
6412,6415,6172
6412,6411,6413
6414,6416,6415
6417,6172,6415
6415,6416,6417
6416,6414,6418
6418,6417,6416
6418,6414,6419
6417,6418,6420
6420,6418,6419
6419,6421,6420
6421,6419,6187
6419,6422,6187
6422,6419,6414
6422,6423,6203
6203,6187,6422
6423,6422,6411
6414,6413,6422
6413,6411,6422
6423,6424,6203
6208,6424,6423
6423,6411,6208
6203,6424,6204
6208,6204,6424
6420,6421,6425
6426,6421,6187
6426,6425,6421
6163,6425,6187
6425,6426,6187
6425,6427,6428
6425,6428,6420
6161,6425,6163
6425,6161,6427
6429,6428,6427
6429,6427,6161
6429,6167,6168
6168,6430,6429
6420,6429,6430
6429,6420,6428
6161,6167,6429
6430,6168,6172
6420,6430,6431
6417,6431,6430
6417,6430,6172
6420,6431,6417
6432,6426,6428
6428,6161,6432
6426,6433,6428
6434,6428,6433
6162,6161,6428
6435,6428,6434
6428,6435,6162
6434,6436,6435
6132,6162,6435
6437,6435,6436
6435,6437,6132
6436,6438,6437
6437,6438,6132
6436,6439,6438
6438,6440,6041
6440,6438,6439
6132,6438,6041
6439,6441,6442
6441,6439,6436
6442,6443,6439
6439,6443,6440
6443,6442,6444
6443,6445,6446
6444,6445,6443
6443,6446,6440
6447,6448,6444
6449,6447,6444
6449,6444,6442
6445,6444,6450
6450,6444,6451
6448,6451,6444
6451,6448,6452
6448,6447,6452
6452,6156,6453
6156,6452,6449
6452,6454,6451
6447,6449,6452
6454,6452,6453
6453,6455,6456
6453,6456,6457
6458,6453,6153
6453,6458,6459
6460,6455,6453
6461,6460,6453
6462,6453,6457
6459,6461,6453
6153,6453,6156
6462,6463,6453
6463,6454,6453
6462,6464,6463
6464,6465,6463
6465,6451,6463
6454,6463,6451
6465,6464,6466
6451,6465,6466
6467,6466,6464
6451,6466,6450
6468,6450,6466
6469,6466,6467
6466,6470,6468
6466,6469,6470
6470,6469,6471
6469,6472,6471
6467,6472,6469
6472,6473,6474
6475,6473,6472
6472,6467,6475
6474,6471,6472
6475,6467,6462
6475,6462,6476
6476,6477,6475
6473,6475,6477
6477,6478,6479
6478,6477,6480
6477,6481,6473
6477,6482,6481
6483,6482,6477
6479,6483,6477
6476,6484,6477
6484,6480,6477
6476,6480,6484
6480,6476,6485
6486,6487,6480
6485,6488,6480
6478,6480,6488
6478,6488,6487
6485,6487,6488
6153,6489,6485
6487,6485,6489
6457,6485,6462
6485,6457,6490
6485,6476,6462
6485,6490,6153
6457,6491,6490
6492,6490,6491
6493,6490,6492
6493,6153,6490
6494,6493,6495
6492,6495,6493
6496,6493,6494
6153,6493,6496
6153,6496,6497
6497,6496,6498
6498,6496,6494
6498,6499,6497
6498,6500,6499
6500,6498,6495
6495,6498,6494
6501,6499,6500
6495,6502,6500
6501,6500,6502
6503,6501,6504
6501,6503,6505
6506,6501,6507
6501,6506,6504
6501,6505,6499
6502,6508,6501
6501,6509,6510
6509,6501,6511
6508,6511,6501
6501,6510,6512
6501,6512,6513
6501,6514,6507
6501,6513,6514
6515,6507,6516
6507,6515,6506
6507,6517,6516
6517,6507,6514
6518,6519,6516
6518,6516,6517
6516,6519,6515
6520,6519,6518
6521,6515,6519
6519,6520,6521
6515,6521,6506
6521,6522,6506
6522,6521,6520
6522,6523,6506
6523,6522,6520
6524,6525,6522
6522,6526,6524
6526,6522,6527
6522,6528,6529
6528,6522,6525
6529,6527,6522
6529,6520,6527
6526,6527,6520
6530,6520,6529
6529,6531,6530
6532,6529,6533
6529,6532,6531
6528,6534,6529
6533,6529,6534
6532,6533,6535
6535,6533,6534
6536,6535,6537
6537,6535,6538
6534,6538,6535
6535,6536,6532
6539,6536,6540
6536,6539,6541
6541,6532,6536
6537,6540,6536
6540,6542,6539
6542,6540,6543
6540,6537,6544
6544,6543,6540
6542,6543,6545
6544,6545,6543
6546,6545,6547
6545,6546,6542
6545,6544,6548
6548,6547,6545
6546,6547,6549
6548,6549,6547
6549,6550,6546
6550,6549,6551
6549,6548,6552
6552,6551,6549
6551,6553,6550
6553,6551,6554
6555,6554,6551
6551,6552,6555
6555,6556,6557
6556,6555,6552
6558,6559,6555
6555,6557,6558
6554,6555,6559
6559,6560,6561
6560,6559,6562
6559,6558,6563
6563,6562,6559
6559,6561,6554
6554,6561,6564
6561,6560,6564
6564,6565,6554
6565,6564,6566
6567,6566,6564
6568,6564,6560
6569,6567,6564
6564,6568,6569
6566,6567,6570
6567,6569,6570
6571,6572,6570
6573,6570,6572
6574,6570,6569
6570,6573,6566
6570,6574,6571
6575,6571,6576
6576,6571,6577
6571,6578,6577
6572,6571,6575
6578,6571,6574
6579,6578,6574
6578,6579,6577
6577,6579,6580
6580,6579,6581
6579,6582,6581
6574,6583,6579
6583,6584,6579
6582,6579,6584
6585,6581,6582
6585,6582,6586
6584,6586,6582
6587,6585,6586
6586,6584,6588
6588,6589,6586
6590,6586,6589
6586,6590,6587
6591,6587,6592
6592,6587,6593
6587,6594,6593
6585,6587,6591
6590,6595,6587
6594,6587,6595
6596,6594,6597
6595,6597,6594
6593,6594,6596
6597,6598,6596
6599,6596,6598
6599,6593,6596
6600,6601,6599
6602,6600,6599
6603,6599,6601
6593,6599,6603
6598,6604,6599
6599,6604,6602
6605,6606,6603
6607,6603,6606
6603,6608,6605
6609,6608,6603
6610,6603,6607
6610,6611,6603
6603,6611,6609
6603,6612,6613
6613,6614,6603
6603,6614,6593
6601,6612,6603
6615,6580,6612
6612,6576,6615
6612,6616,6576
6612,6617,6616
6580,6613,6612
6618,6617,6612
6612,6600,6618
6601,6600,6612
6619,6617,6618
6618,6620,6619
6618,6600,6620
6621,6620,6622
6619,6620,6621
6620,6623,6624
6623,6620,6600
6620,6624,6625
6625,6622,6620
6624,6626,6627
6627,6625,6624
6626,6624,6623
6626,6628,6629
6629,6627,6626
6628,6626,6630
6623,6630,6626
6630,6631,6628
6631,6630,6632
6623,6632,6630
6602,6633,6632
6634,6632,6633
6632,6623,6602
6632,6634,6631
6530,6631,6634
6634,6635,6636
6633,6635,6634
6634,6637,6530
6634,6636,6637
6636,6638,6637
6636,6518,6638
6636,6639,6518
6636,6635,6639
6640,6518,6639
6640,6639,6635
6518,6640,6641
6640,6635,6642
6642,6643,6640
6644,6641,6640
6640,6643,6644
6641,6638,6518
6641,6520,6645
6520,6641,6526
6641,6644,6646
6646,6647,6641
6647,6526,6641
6641,6637,6638
6641,6645,6637
6648,6649,6647
6647,6646,6648
6526,6647,6649
6649,6648,6650
6649,6524,6526
6524,6649,6650
6650,6651,6652
6652,6653,6650
6653,6654,6650
6654,6655,6650
6650,6656,6525
6656,6650,6657
6658,6657,6650
6648,6651,6650
6525,6524,6650
6650,6659,6658
6650,6655,6659
6660,6655,6658
6658,6655,6503
6660,6503,6655
6661,6655,6654
6661,6659,6655
6661,6658,6659
6662,6663,6661
6661,6663,6658
6654,6662,6661
6664,6662,6665
6665,6662,6654
6662,6187,6666
6666,6667,6662
6187,6662,6664
6663,6662,6667
6668,6667,6657
6669,6670,6667
6666,6669,6667
6663,6667,6670
6669,6668,6670
6663,6670,6668
6671,6672,6669
6673,6669,6672
6669,6666,6671
6668,6669,6673
6673,6674,6668
6674,6673,6656
6672,6675,6673
6675,6656,6673
6656,6675,6525
6676,6525,6675
6675,6677,6678
6677,6675,6679
6680,6679,6675
6678,6676,6675
6680,6675,6672
6681,6678,6677
6676,6678,6534
6678,6681,6538
6538,6534,6678
6681,6682,6538
6682,6681,6683
6677,6683,6681
6684,6682,6683
6683,6685,6686
6685,6683,6687
6688,6687,6683
6686,6684,6683
6689,6690,6683
6683,6677,6689
6690,6688,6683
6687,6688,6691
6691,6688,6690
6692,6693,6691
6691,6693,6687
6691,6694,6692
6694,6691,6690
6692,6695,6693
6695,6692,6694
6679,6695,6694
6696,6695,6679
6693,6695,6666
6696,6671,6695
6666,6695,6671
6696,6679,6680
6680,6671,6696
6694,6689,6679
6690,6689,6694
6697,6693,6698
6687,6693,6697
6698,6693,6666
6699,6698,6190
6698,6699,6700
6697,6698,6701
6701,6698,6700
6666,6190,6698
6702,6703,6700
6700,6703,6701
6700,6699,6702
6704,6703,6702
6705,6706,6702
6702,6706,6704
6702,6699,6705
6703,6704,6707
6707,6704,6708
6704,6709,6708
6709,6704,6705
6705,6704,6706
6707,6710,6703
6708,6711,6707
6710,6707,6556
6556,6707,6711
6710,6712,6703
6712,6710,6713
6556,6713,6710
6713,6714,6712
6714,6713,6548
6548,6713,6556
6686,6712,6714
6714,6715,6686
6715,6714,6548
6684,6686,6715
6715,6716,6684
6716,6715,6544
6548,6544,6715
6538,6716,6544
6716,6538,6682
6682,6684,6716
6685,6703,6712
6712,6686,6685
6711,6557,6556
6708,6717,6711
6557,6711,6717
6717,6708,6718
6717,6558,6557
6718,6719,6717
6558,6717,6719
6558,6719,6720
6721,6720,6719
6719,6718,6721
6722,6723,6721
6721,6724,6722
6724,6721,6718
6720,6721,6723
6723,6725,6720
6725,6723,6726
6722,6726,6723
6727,6728,6726
6729,6726,6728
6726,6722,6727
6726,6730,6725
6726,6729,6730
6731,6725,6730
6731,6730,6729
6725,6731,6732
6562,6732,6731
6731,6733,6562
6731,6734,6733
6734,6731,6735
6729,6735,6731
6562,6733,6736
6737,6736,6733
6733,6734,6737
6736,6738,6562
6738,6736,6739
6740,6739,6736
6736,6737,6740
6588,6741,6740
6739,6740,6741
6740,6742,6588
6742,6740,6737
6742,6743,6588
6737,6744,6742
6743,6742,6744
6745,6744,6746
6744,6745,6743
6744,6737,6734
6734,6746,6744
6735,6747,6746
6746,6747,6745
6735,6746,6734
6747,6748,6749
6747,6735,6748
6749,6750,6747
6747,6750,6751
6751,6745,6747
6745,6751,6743
6752,6743,6751
6753,6752,6751
6751,6754,6753
6754,6751,6750
6752,6753,6755
6743,6752,6589
6755,6589,6752
6756,6755,6753
6589,6755,6590
6595,6590,6755
6755,6756,6595
6597,6595,6756
6756,6757,6597
6757,6756,6758
6753,6758,6756
6759,6758,6760
6758,6759,6761
6758,6753,6754
6754,6760,6758
6761,6757,6758
6760,6762,6763
6762,6760,6764
6764,6760,6765
6763,6766,6760
6766,6767,6760
6760,6768,6769
6767,6765,6760
6754,6770,6760
6760,6771,6759
6771,6760,6772
6772,6760,6770
6760,6773,6774
6773,6760,6775
6760,6774,6775
6764,6765,6769
6767,6769,6765
6776,6774,6773
6776,6775,6774
6776,6773,6777
6775,6776,6769
6776,6777,6778
6778,6769,6776
6768,6777,6773
6768,6778,6777
6773,6769,6778
6773,6778,6768
6773,6775,6769
6754,6769,6770
6772,6770,6769
6771,6772,6768
6772,6769,6779
6772,6779,6768
6780,6779,6769
6780,6768,6779
6651,6781,6780
6780,6652,6651
6652,6780,6512
6769,6512,6780
6780,6781,6782
6782,6768,6780
6644,6782,6781
6782,6644,6643
6643,6771,6782
6768,6782,6771
6651,6648,6781
6646,6781,6648
6781,6646,6644
6642,6759,6771
6771,6643,6642
6766,6768,6767
6767,6768,6783
6767,6783,6769
6509,6769,6783
6509,6783,6768
6766,6784,6768
6768,6510,6509
6510,6768,6784
6512,6784,6785
6784,6512,6510
6784,6766,6786
6786,6785,6784
6785,6786,6787
6787,6517,6785
6514,6785,6517
6785,6513,6512
6785,6514,6513
6787,6788,6635
6788,6787,6786
6635,6518,6787
6517,6787,6518
6786,6759,6788
6788,6789,6790
6790,6635,6788
6789,6788,6759
6791,6790,6789
6789,6792,6791
6792,6789,6793
6759,6793,6789
6793,6794,6792
6793,6795,6794
6759,6795,6793
6795,6759,6763
6763,6796,6795
6797,6794,6795
6795,6796,6797
6796,6763,6762
6798,6797,6796
6796,6799,6798
6762,6799,6796
6800,6801,6799
6799,6762,6800
6802,6798,6799
6799,6801,6802
6803,6804,6801
6801,6804,6802
6801,6800,6803
6805,6806,6803
6804,6803,6806
6764,6803,6800
6803,6764,6805
6807,6805,6764
6807,6808,6805
6806,6805,6808
6806,6808,6809
6810,6809,6808
6808,6807,6810
6809,6810,6811
6812,6811,6810
6810,6813,6812
6813,6810,6807
6814,6815,6811
6811,6812,6814
6811,6816,6809
6816,6811,6815
6815,6817,6816
6818,6819,6815
6815,6820,6818
6815,6814,6820
6817,6815,6819
6821,6816,6817
6817,6822,6821
6822,6817,6823
6824,6823,6817
6817,6819,6824
6824,6825,6826
6826,6823,6824
6827,6824,6819
6825,6824,6827
6827,6828,6825
6828,6827,6506
6506,6827,6818
6819,6818,6827
6828,6829,6830
6830,6825,6828
6829,6828,6506
6829,6831,6832
6831,6829,6506
6832,6830,6829
6832,6833,6834
6833,6832,6831
6830,6832,6835
6834,6835,6832
6835,6834,6836
6837,6836,6834
6834,6838,6837
6838,6834,6833
6833,6839,6838
6840,6838,6839
6838,6840,6837
6841,6837,6840
6840,6842,6841
6842,6840,6839
6842,6843,6844
6844,6841,6842
6843,6842,6845
6846,6845,6842
6839,6846,6842
6845,6846,6847
6846,6839,6847
6847,6848,6845
6848,6847,6506
6847,6849,6506
6849,6847,6839
6839,6833,6849
6831,6849,6833
6849,6831,6506
6523,6848,6506
6848,6523,6850
6850,6845,6848
6850,6851,6852
6852,6843,6850
6845,6850,6843
6851,6850,6523
6520,6851,6523
6851,6520,6853
6853,6852,6851
6853,6637,6854
6854,6855,6853
6852,6853,6855
6637,6853,6520
6856,6855,6854
6843,6852,6855
6855,6844,6843
6857,6844,6855
6855,6856,6857
6858,6857,6856
6859,6856,6860
6854,6860,6856
6856,6861,6858
6856,6859,6861
6862,6861,6859
6862,6859,6863
6860,6863,6859
6862,6863,6791
6863,6860,6790
6790,6791,6863
6862,6864,6865
6864,6862,6866
6861,6862,6867
6865,6867,6862
6791,6868,6862
6610,6862,6868
6866,6862,6610
6864,6866,6869
6606,6869,6866
6610,6607,6866
6866,6607,6606
6865,6869,6870
6870,6869,6606
6869,6865,6864
6871,6870,6872
6606,6872,6870
6870,6871,6865
6865,6871,6873
6872,6874,6871
6875,6871,6874
6871,6875,6873
6876,6873,6875
6873,6867,6865
6873,6876,6858
6858,6867,6873
6876,6877,6857
6877,6876,6878
6875,6878,6876
6857,6858,6876
6878,6879,6877
6879,6878,6880
6881,6880,6878
6878,6875,6881
6882,6881,6875
6880,6881,6883
6882,6883,6881
6884,6883,6885
6885,6883,6882
6884,6886,6883
6883,6887,6888
6887,6883,6886
6883,6888,6880
6888,6889,6890
6890,6880,6888
6889,6888,6887
6890,6889,6891
6892,6891,6889
6893,6894,6889
6889,6887,6893
6889,6894,6892
6895,6892,6894
6894,6896,6895
6896,6894,6893
6896,6897,6895
6897,6896,6898
6893,6898,6896
6898,6893,6886
6886,6899,6898
6900,6898,6899
6901,6897,6898
6898,6900,6901
6902,6900,6899
6900,6902,6903
6903,6901,6900
6902,6904,6905
6905,6903,6902
6899,6906,6902
6906,6907,6902
6904,6902,6907
6908,6907,6909
6909,6907,6910
6907,6911,6910
6907,6906,6911
6912,6907,6908
6907,6912,6904
6899,6910,6911
6899,6911,6906
6913,6912,6914
6914,6912,6908
6913,6915,6912
6912,6915,6916
6916,6904,6912
6917,6915,6913
6915,6917,6918
6918,6916,6915
6919,6917,6913
6920,6917,6921
6921,6917,6919
6917,6920,6802
6802,6918,6917
6914,6909,6919
6919,6922,6914
6913,6922,6919
6909,6923,6919
6921,6919,6924
6924,6919,6923
6923,6606,6924
6606,6923,6925
6910,6923,6909
6910,6925,6923
6923,6906,6926
6906,6923,6927
6923,6926,6927
6606,6925,6928
6929,6928,6925
6925,6899,6929
6910,6899,6925
6886,6929,6899
6929,6886,6928
6928,6930,6606
6884,6930,6928
6928,6886,6884
6930,6885,6606
6884,6885,6930
6910,6927,6926
6910,6926,6906
6906,6927,6910
6921,6924,6606
6914,6922,6913
6798,6802,6920
6931,6920,6921
6920,6931,6798
6932,6931,6606
6606,6931,6921
6933,6931,6932
6931,6933,6794
6794,6797,6931
6797,6798,6931
6933,6611,6794
6933,6934,6609
6932,6934,6933
6609,6611,6933
6605,6934,6932
6609,6934,6605
6932,6606,6605
6918,6802,6804
6804,6935,6918
6916,6918,6935
6936,6935,6806
6806,6935,6804
6935,6936,6916
6806,6937,6936
6904,6916,6936
6905,6936,6937
6936,6905,6904
6809,6937,6806
6816,6938,6937
6937,6809,6816
6937,6938,6905
6938,6821,6905
6816,6821,6938
6908,6909,6914
6903,6905,6821
6901,6903,6822
6821,6822,6903
6897,6901,6939
6822,6939,6901
6895,6939,6823
6939,6895,6897
6823,6939,6822
6823,6826,6895
6892,6895,6826
6826,6940,6892
6891,6892,6940
6940,6835,6891
6940,6826,6825
6835,6940,6830
6825,6830,6940
6886,6893,6887
6891,6836,6890
6836,6891,6835
6880,6890,6879
6879,6890,6836
6606,6885,6941
6882,6941,6885
6882,6872,6941
6941,6872,6606
6882,6874,6872
6875,6874,6882
6836,6837,6879
6841,6877,6879
6879,6837,6841
6877,6841,6844
6844,6857,6877
6791,6611,6868
6610,6868,6611
6867,6858,6861
6860,6854,6635
6635,6790,6860
6635,6854,6637
6506,6820,6814
6506,6818,6820
6506,6814,6812
6511,6813,6942
6807,6942,6813
6511,6812,6813
6942,6807,6943
6943,6509,6942
6511,6942,6509
6509,6943,6769
6764,6943,6807
6764,6769,6943
6812,6511,6506
6764,6800,6762
6611,6792,6794
6611,6791,6792
6759,6786,6766
6512,6769,6944
6944,6769,6754
6944,6945,6512
6750,6944,6754
6510,6944,6750
6944,6510,6945
6946,6512,6945
6946,6945,6510
6947,6946,6948
6946,6947,6653
6512,6946,6652
6510,6948,6946
6653,6652,6946
6947,6948,6949
6948,6510,6749
6749,6949,6948
6949,6749,6748
6748,6950,6949
6951,6949,6950
6949,6951,6947
6952,6951,6728
6950,6728,6951
6953,6947,6951
6951,6952,6953
6728,6954,6952
6952,6954,6955
6953,6952,6956
6955,6957,6952
6952,6957,6956
6958,6956,6957
6956,6958,6953
6664,6959,6958
6953,6958,6959
6958,6957,6664
6960,6947,6959
6959,6947,6953
6959,6664,6960
6960,6653,6947
6960,6664,6665
6665,6653,6960
6957,6961,6664
6957,6955,6961
6961,6962,6189
6962,6961,6727
6187,6961,6189
6664,6961,6187
6727,6961,6955
6189,6962,6963
6963,6962,6722
6962,6727,6722
6722,6189,6963
6955,6954,6727
6728,6727,6954
6728,6950,6729
6950,6748,6735
6735,6729,6950
6766,6763,6759
6964,6761,6759
6761,6964,6598
6757,6761,6598
6759,6642,6964
6964,6642,6635
6604,6964,6965
6635,6965,6964
6604,6598,6964
6602,6965,6633
6635,6633,6965
6965,6602,6604
6598,6597,6757
6750,6749,6510
6589,6588,6743
6584,6583,6741
6966,6741,6583
6741,6588,6584
6741,6966,6739
6966,6569,6568
6568,6739,6966
6569,6966,6574
6583,6574,6966
6739,6568,6738
6738,6967,6562
6967,6738,6568
6562,6967,6560
6560,6967,6568
6562,6563,6732
6720,6732,6563
6732,6720,6725
6722,6724,6968
6718,6969,6724
6970,6724,6969
6724,6971,6968
6724,6970,6971
6969,6972,6970
6973,6970,6972
6971,6970,6973
6973,6708,6709
6972,6708,6973
6971,6973,6190
6709,6190,6973
6708,6972,6969
6971,6189,6968
6189,6971,6190
6968,6189,6722
6969,6718,6708
6720,6563,6558
6705,6190,6709
6705,6699,6190
6703,6685,6701
6701,6685,6697
6697,6685,6687
6679,6689,6677
6672,6671,6680
6534,6528,6676
6525,6676,6528
6674,6974,6668
6674,6657,6974
6657,6674,6656
6663,6668,6974
6663,6974,6657
6190,6666,6187
6654,6653,6665
6663,6657,6658
6975,6503,6660
6660,6976,6975
6658,6977,6660
6660,6977,6978
6978,6976,6660
6979,6978,6153
6978,6979,6980
6978,6977,6153
6980,6976,6978
6980,6499,6505
6505,6975,6980
6976,6980,6975
6497,6499,6980
6979,6153,6980
6980,6153,6497
6977,6981,6458
6981,6977,6658
6977,6458,6153
6658,6982,6981
6982,6458,6981
6982,6983,6984
6982,6985,6983
6982,6986,6985
6982,6658,6986
6984,6458,6982
6459,6458,6984
6987,6459,6984
6984,6983,6987
6988,6987,6989
6983,6989,6987
6987,6988,6990
6990,6459,6987
6990,6461,6459
6988,6461,6990
6989,6991,6988
6991,6992,6988
6988,6992,6993
6993,6461,6988
6993,6992,6994
6993,6995,6461
6994,6995,6993
6994,6992,6991
6991,6996,6994
6997,6994,6996
6998,6994,6997
6998,6995,6994
6995,6998,6999
6997,6460,6998
6460,6999,6998
6999,6460,6461
6999,6461,6995
6997,7000,7001
7002,7000,6997
6996,7002,6997
6997,7003,7004
7004,6460,6997
7001,7003,6997
6997,7005,7006
7006,7007,6997
6997,7007,7005
7008,7005,7007
7008,7006,7005
7007,7004,7008
7002,7008,7004
7002,7006,7008
7006,7004,7007
7004,7006,7002
7004,7003,6460
6460,7003,6455
7003,7001,6455
7009,6455,7001
7001,7000,7009
7000,7010,7009
7009,7011,7012
7012,6455,7009
7011,7009,7010
7013,7014,7011
7010,7013,7011
7012,7011,7014
7014,7013,7015
7014,7016,7012
7015,7016,7014
7015,6456,7016
7017,6456,7015
7015,7013,7017
7018,7017,7013
7017,7018,7019
7019,6456,7017
7020,6456,7019
7021,7022,7019
7019,7018,7021
7020,7019,7022
7023,7020,7021
7021,7020,7022
7020,6457,6456
7020,7023,6457
7021,7024,7023
7023,7024,7025
6457,7023,7026
7025,7026,7023
7025,6508,6491
7025,7027,6508
7025,7024,7027
7028,7029,7025
7025,7030,7028
7025,7029,7030
7026,7025,7031
6491,6457,7025
6457,7031,7025
7026,7031,7028
6457,7028,7031
7027,7030,7029
7028,7027,7029
7027,7028,7030
7026,7028,6457
7032,6508,7027
7032,7027,7024
6511,6508,7032
7032,7024,7033
7033,7013,7032
6506,7032,7013
7032,6506,6511
7021,7033,7024
7018,7033,7021
7013,7033,7018
7012,7016,6455
7016,6456,6455
7013,7000,6506
7013,7010,7000
7034,7000,7002
7002,6996,7034
6996,6991,7034
6504,7034,6991
7034,6504,6506
7000,7034,6506
6991,6989,6504
6989,6983,6504
6503,6986,6658
6986,6503,6504
6985,6986,6504
6983,6985,6504
6975,6505,6503
6530,6637,6645
6530,6645,6520
6637,6518,6635
6518,6637,6520
6637,7035,7036
7036,7037,6637
6637,7037,7035
6637,7038,7039
7038,6637,7040
6637,7039,7040
7041,7039,7038
7041,7040,7039
7042,6518,7041
7040,7041,6518
7041,7038,7043
7041,7043,7042
6635,7042,7043
6635,7043,7038
7038,6518,7042
7038,7042,6635
7038,7040,6518
7044,7036,7035
7044,7035,7037
7045,7044,6518
7037,6518,7044
7044,7046,7036
7044,7045,7046
6635,7036,7046
6635,7046,7045
7036,7045,6518
7036,6635,7045
7036,6518,7037
6631,6530,6531
6531,6628,6631
6628,6531,6532
6532,6629,6628
6532,6541,6629
6627,6629,6541
6627,6541,6539
6539,7047,6627
6625,6627,7047
7047,6539,6542
7047,7048,6625
7048,7047,7049
6542,7049,7047
7049,7050,7048
7049,7051,7050
7049,6542,6546
6546,7052,7049
7051,7049,7052
7053,7050,7051
7052,7054,7051
7053,7051,7054
7052,7055,7054
7053,7054,7055
7056,7055,7057
7055,7056,7053
7058,7057,7055
7055,7052,7058
7058,6550,6553
6550,7058,7052
6553,7059,7058
7057,7058,7059
6553,7060,7059
7061,7059,7060
7059,7061,7057
7062,7061,7063
7060,7063,7061
7061,7062,7056
7056,7057,7061
7063,7064,7062
7065,7062,7064
7065,7056,7062
7066,7056,7065
7065,7064,7067
7067,7068,7065
7065,7068,7066
7068,7067,7069
7069,7066,7068
7070,6616,7069
7069,7067,7070
7066,7069,7071
7069,7072,7073
7072,7069,6616
7069,7053,7071
7073,7053,7069
7073,7072,7074
7074,7075,7073
7073,7075,7053
6621,7075,7074
7050,7053,7075
6621,6622,7075
7075,6625,7048
6625,7075,6622
7075,7048,7050
7074,7072,6616
7074,7076,6621
6616,7076,7074
6619,7076,6616
6621,7076,6619
7071,7053,7056
7071,7056,7066
7077,7070,7067
6616,7070,7077
7077,7078,6572
7077,6572,6616
7064,7078,7077
7067,7064,7077
6572,7078,6573
7064,7063,7078
6566,7078,7063
6573,7078,6566
7063,7060,6566
7060,6553,6565
6565,6566,7060
7052,6546,6550
6600,6602,6623
6616,6617,6619
6576,6616,6575
6616,6572,6575
6577,6615,6576
6580,6615,6577
6592,6614,6613
6593,6614,6592
6613,7079,6592
7080,7079,6613
6581,6613,6580
6613,6585,7080
6581,6585,6613
6591,7080,6585
7079,7080,6591
6592,7079,6591
6605,6608,6609
6554,6565,6553
6556,6552,6548
6544,6537,6538
6491,6508,6492
6492,6508,6502
6502,6495,6492
6489,7081,7082
6153,7081,6489
6487,6489,7083
7082,7083,6489
6478,7083,7084
7083,6478,6487
7083,7082,7085
7085,7084,7083
7084,7086,6478
6136,7084,7085
6136,7086,7084
7086,6136,7087
7087,6479,7086
7086,6479,6478
6479,7087,6482
7087,6041,6482
6041,7087,6136
6140,7085,7082
6136,7085,6140
7081,6141,7082
7082,6141,6140
7081,6142,6141
7081,6143,6142
6153,6143,7081
6482,6483,6479
6481,6482,6474
6471,6474,6482
6482,6446,6471
6446,6482,6041
6474,6473,6481
7088,6471,6446
6471,7088,6470
6468,6470,7088
6445,6468,7088
7088,6446,6445
6450,6468,6445
6464,6462,6467
6449,7089,6156
7089,6449,6441
6442,6441,6449
6156,7089,6433
6433,7089,6441
6446,6041,6440
6436,6434,6441
6441,6434,6433
6433,6426,6156
6156,6426,6432
6156,6432,6157
6157,6432,6161
6214,6208,6411
6208,6214,6213
6207,6210,6211
6183,6185,6195
7090,6187,6188
7090,6188,6174
6175,6174,6188
6163,7090,6160
6174,6160,7090
7090,7091,6187
7091,7090,6163
7091,6163,6187
6160,6174,6170
6163,6160,6165
6162,7092,6160
7092,6162,6132
6159,6160,7092
7092,7093,6159
6133,7093,7092
7092,7094,6133
7092,6132,7094
6133,7094,6132
7095,6159,7093
6133,6147,7093
7093,6147,7095
6159,7095,6150
6151,6150,7095
6154,6151,7095
7095,6146,6154
6146,7095,6147
6153,6148,6143
6148,6144,6143
6138,6137,6147
6147,6133,6138
6140,6135,6136
6084,6132,7096
7097,7096,6132
7097,6132,6041
7098,7097,6046
6046,7097,6041
7097,7098,6077
7097,6077,7096
7097,7099,7100
7099,7097,7101
7097,7100,7101
7098,7101,7100
7098,7100,7099
7099,7101,7098
6047,7099,7102
6077,7102,7099
6071,7103,7099
7099,7103,6077
7099,6055,6071
6055,7099,6047
6067,6066,7103
6077,7103,6066
7103,6071,6067
6047,7102,7098
6077,7098,7102
7098,6046,6047
6075,6084,7096
7096,6076,6075
6077,6076,7096
6058,6071,6072
6074,6072,6071
6056,6060,6061
6031,6026,6052
6052,6048,6031
6052,6051,6048
6031,6048,6044
6044,6035,6031
6038,6042,6039
6031,6033,6026
7104,5968,6020
7105,6020,5968
5959,7104,6020
6020,7106,5959
5958,7106,6020
5956,5958,6020
6020,7105,6021
7105,5986,6021
5986,7105,5967
5968,5967,7105
5966,5968,7104
7104,5962,5966
5962,7104,5959
7106,5958,5959
6011,6019,6021
6021,5990,6011
5986,5985,6021
5985,5993,6021
5993,5990,6021
6011,5990,6001
5929,6012,6014
6014,5926,5929
5926,6008,5924
5925,5998,5917
5993,5985,5984
5967,5974,5986
5968,5974,5971
5971,5975,5977
7107,5979,5978
7107,5978,5980
7107,7108,5979
7107,7109,7108
7109,7107,5975
5980,5975,7107
5974,5979,7108
5974,7108,7109
5979,5974,7109
5979,7109,5975
5979,5975,5980
5973,5977,5975
5916,5975,5976
5915,5975,5916
5956,5949,5951
5949,5945,5946
5943,5939,5948
5945,5931,5932
5913,7110,7111
5911,7110,5913
7111,7112,5913
7112,5861,5913
5914,5913,5861
5913,5912,5911
5857,7111,7113
7113,7111,7110
7112,7111,5857
7113,7114,5858
5858,5857,7113
7110,7115,7113
7114,7113,7115
7115,7110,5911
5911,7116,7115
7115,7116,7114
7116,5911,7117
7117,7118,7116
7116,7118,7119
7119,7114,7116
7114,7119,5858
7119,7120,7121
7120,7119,7118
7121,5858,7119
5858,7121,5854
5854,7121,7120
7118,5829,7120
5830,7120,5829
7120,5830,5854
7118,7117,5835
5835,5829,7118
7117,5911,5834
5834,5835,7117
5861,7112,5862
7112,5857,5862
5865,5914,5860
5861,5860,5914
5911,5907,5834
5870,5909,5865
5872,5873,5909
5909,5870,5871
5909,5871,5872
5870,5865,7122
5870,7122,5863
5860,7122,5865
5860,5863,7122
5855,5854,5830
5830,5842,5855
5846,5855,5842
5851,5850,7123
7123,5850,7124
7125,7124,5850
5850,5852,7125
7125,5852,5851
5851,7123,7125
7123,7124,7125
7125,7126,4250
4250,7127,7125
7125,7127,7126
7124,4250,7126
7124,7126,7127
4250,7124,7127
5846,5842,5843
5840,5837,5845
5832,5772,5842
5842,5830,5832
5821,5815,5820
5821,7128,5815
5821,7129,7128
7129,5821,5800
5772,5771,5821
5808,7128,7129
5808,7129,5800
7128,5808,5810
5810,5815,7128
5744,5742,5818
5813,5806,5739
5748,5813,5739
5745,5811,5747
5811,5748,5747
5800,5802,5808
5806,5805,5739
5805,5794,5739
5783,5782,5784
5770,5773,5784
5784,5773,5774
5767,5765,5779
5763,5779,5765
5754,5732,5763
5763,5732,5740
5742,5751,5750
5745,5747,5749
5744,5743,5742
5717,4251,5718
5717,5716,4251
5716,5718,4251
4250,5713,4251
4249,4251,5713
4271,4273,4246
4247,4246,4273
4248,4271,4246
4248,4247,4271
4249,4262,4245
4249,4246,4262
4267,4261,4245
4261,4246,4268
4267,4246,4261
4270,4269,4267
7130,7131,4270
4270,7132,7130
7132,4270,7131
7130,4269,7131
7132,7131,4269
4269,7130,7132
4267,4268,4246
4249,4264,4266
4258,4259,4247
4253,4254,4249
4249,4247,4253
4252,4253,4247
4258,4249,4257
4258,4255,4249
4248,4246,7133
4248,7133,4249
7133,4244,4249
7133,4245,4244
4245,7133,4246
4255,4257,4249
4251,4249,4254
7134,4252,7135
4252,7134,7136
7137,7135,4252
4252,7136,7137
7134,7135,4247
7137,4247,7135
4247,7136,7134
4247,7137,7136
7138,7139,7137
7138,7137,7134
7137,7139,7134
7139,7140,7141
7141,7134,7139
7140,7139,7138
7141,7140,7138
7142,7140,7143
7142,7144,7140
7145,7143,7140
7145,7140,7146
7147,7146,7140
7144,7147,7140
7145,7141,7143
7142,7143,7141
7147,7144,7148
7148,7144,7149
7150,7144,7142
7151,7152,7144
7151,7144,7150
7152,7149,7144
7153,7154,7152
7152,7151,7153
7149,7152,7155
7154,7155,7152
3996,7154,7153
3996,7155,7154
7155,3996,7156
7156,7157,7155
7155,7157,7149
7156,3996,7157
7157,7158,7159
3996,7158,7157
7159,7149,7157
7160,7159,7158
7149,7159,7148
7159,7160,7147
7147,7148,7159
7160,7161,7147
7158,7162,7160
7161,7160,7162
3996,7162,7158
7162,7163,4002
4002,7164,7162
7162,3996,7163
7162,7164,7161
7164,4002,7165
7165,7166,7164
7166,7167,7164
7164,7167,7168
7168,7161,7164
7161,7168,7146
7168,7169,7170
7169,7168,7167
7170,7171,7168
7171,7146,7168
7171,7170,7146
7169,7172,7170
7172,7173,7170
7170,7173,7146
7174,7175,7173
7172,7174,7173
7173,7176,7177
7176,7173,7175
7145,7173,7177
7146,7173,7145
7175,7174,7178
7175,7179,7176
7179,7175,7178
7178,4001,7180
4001,7178,7181
7180,7182,7178
7181,7178,7174
7178,7182,7179
7182,7180,7179
7181,7183,4001
7181,7181,7183
7181,7181,7172
7174,7172,7181
7183,7181,7167
7167,7181,7172
4001,7183,7166
7167,7166,7183
7179,7180,7184
7180,7185,7184
7185,7180,3992
4001,3992,7180
7186,7184,7185
7185,7187,7186
7187,7185,3992
7188,7186,7187
7189,7187,3992
7187,7189,7188
7190,7188,7189
7191,7188,7190
7192,7186,7188
7188,7191,7193
7188,7193,7192
7194,7193,7191
7194,7192,7193
7191,7195,7194
7194,7196,7177
7196,7194,7195
7192,7194,7197
7177,7197,7194
7197,7198,7192
7198,7197,7177
7186,7192,7198
7198,7184,7186
7184,7198,7179
7176,7179,7198
7198,7177,7176
7191,7199,7195
7196,7195,7199
7191,7200,7199
7196,7199,7201
7202,7201,7199
7199,7200,7202
7202,7203,7204
7202,7204,4199
4199,7205,7202
7203,7202,7200
7196,7202,7205
7202,7196,7201
7205,4199,4200
7205,4200,7206
7207,7205,7208
7206,7208,7205
7205,7209,7196
7205,7207,7209
7206,4200,3994
7208,7206,7210
7210,7206,3994
3994,7211,7210
7212,7210,7211
7213,7210,7212
7210,7213,7208
7212,7214,7213
7207,7208,7213
7215,7213,7214
7213,7216,7207
7213,7215,7216
7214,7217,7215
7217,7218,7215
7215,7219,7142
7215,7218,7219
7215,7142,7207
7207,7216,7215
7218,7142,7220
7153,7218,7221
7151,7218,7153
7218,7151,7150
7150,7219,7218
7217,7221,7218
7217,7220,7221
7153,7221,7220
7222,7153,7220
3995,7222,7220
7217,7212,7220
7220,7212,3995
7222,7223,7153
7222,3995,3996
3996,7223,7222
7153,7223,3996
7150,7142,7219
7212,7217,7214
7211,3995,7212
3994,3995,7211
7209,7207,7196
7141,7207,7142
7141,7196,7207
7204,7203,7224
7200,7190,7203
7203,7190,7224
7224,7189,4198
7224,4198,7204
7189,7224,7190
4199,7204,4198
7190,7200,7191
7196,7141,7145
7145,7177,7196
3992,4198,7189
7172,7169,7167
4002,7166,7165
7166,4002,4001
3996,4002,7163
7146,7225,7161
7225,7147,7161
7147,7225,7146
7141,7138,7134
7226,7227,4246
7227,7228,4246
7228,7226,4246
7229,7230,7226
7231,7226,7230
7229,7226,7232
7231,7232,7226
7226,7228,7227
7229,7232,7227
7231,7227,7232
7230,7233,7231
7231,7234,7229
7231,7229,7227
7234,7231,7233
7233,7235,7236
7237,7233,7236
7237,7234,7233
7238,7235,7233
7233,7230,7238
7235,7238,7239
7235,7239,7236
7238,7240,7239
7236,7239,7241
7239,7240,7242
7242,7241,7239
7242,7243,7244
7244,7241,7242
7243,7242,7245
7245,7242,7240
7243,7245,7246
7246,7245,7240
7246,7247,7243
7247,7246,7248
7248,7246,7249
7240,7249,7246
7249,7250,7248
7249,7240,7238
7250,7249,7251
7238,7251,7249
7252,7251,7230
7251,7238,7230
7251,7252,7250
7253,7254,7252
7254,7250,7252
7255,7252,7230
7252,7255,7253
7256,7257,7253
7254,7253,7257
7253,7258,7256
7258,7253,7255
7259,7258,7260
7258,7259,7261
7261,7256,7258
7255,7230,7258
7230,7260,7258
7262,7256,7261
7262,7261,7263
7263,7261,7259
7263,7264,7262
7264,7263,7265
7265,7263,7259
7266,7265,7267
7265,7266,7268
7265,7268,7264
7259,7267,7265
7269,7270,7268
7268,7266,7269
7268,7271,7272
7272,7262,7268
7262,7264,7268
7271,7268,7273
7270,7273,7268
7273,7270,7269
7269,7274,7273
7274,7275,7273
7273,7275,7271
7271,7275,7276
7274,7276,7275
7276,7277,7271
7278,7276,7274
7279,7277,7276
7276,7278,7279
7274,7280,7278
7278,7281,7282
7282,7279,7278
7283,7281,7278
7278,7284,7283
7278,7280,7284
7280,7283,7269
7282,7283,7234
7234,7283,7229
7229,7283,7230
7283,7282,7281
7230,7283,7285
7285,7283,7259
7267,7259,7283
7267,7283,7284
7285,7260,7230
7260,7285,7259
7274,7286,7280
7267,7280,7286
7267,7284,7280
7274,7269,7286
7267,7286,7269
7234,7287,7282
7279,7282,7287
7234,7288,7287
7289,7287,7288
7287,7289,7279
7290,7279,7289
7289,7291,7290
7291,7289,7292
7288,7292,7289
7291,7292,7293
7288,7293,7292
7293,7294,7291
7293,7295,7294
7295,7293,7296
7293,7288,7297
7297,7296,7293
7296,7298,7295
7296,7299,7298
7299,7296,7300
7301,7300,7296
7296,7302,7301
7296,7297,7302
7302,7303,7301
7297,7234,7302
7303,7302,7234
7304,7303,7305
7303,7304,7306
7234,7305,7303
7303,7306,7300
7300,7301,7303
7307,7305,7237
7305,7307,7304
7234,7237,7305
7308,7304,7307
7237,7309,7307
7310,7307,7309
7307,7310,7308
7308,7310,7311
7312,7311,7310
7310,7313,7312
7309,7313,7310
7314,7312,7313
7313,7315,7314
7316,7315,7313
7313,7309,7316
7316,7236,7315
7236,7316,7237
7237,7316,7309
7315,7317,7314
7241,7315,7236
7317,7315,7241
7318,7317,7319
7317,7320,7319
7243,7320,7317
7317,7244,7243
7241,7244,7317
7321,7311,7317
7317,7318,7321
7311,7312,7317
7312,7314,7317
7298,7299,7318
7318,7322,7298
7322,7318,7272
7323,7321,7318
7323,7318,7299
7272,7318,7319
7299,7324,7323
7321,7323,7324
7306,7325,7324
7324,7325,7321
7300,7324,7299
7324,7300,7306
7325,7308,7321
7325,7306,7304
7304,7308,7325
7295,7298,7322
7322,7326,7295
7326,7322,7272
7291,7326,7327
7291,7294,7326
7294,7295,7326
7327,7326,7272
7271,7327,7272
7290,7291,7327
7327,7271,7290
7311,7321,7308
7320,7272,7328
7328,7329,7320
7320,7329,7319
7320,7247,7330
7320,7243,7247
7320,7330,7331
7262,7272,7320
7320,7331,7262
7331,7332,7333
7333,7334,7331
7332,7331,7335
7336,7335,7331
7331,7337,7336
7337,7331,7338
7338,7331,7334
7256,7262,7331
7331,7257,7256
7331,7330,7257
7339,7334,7340
7333,7340,7334
7338,7334,7341
7342,7341,7334
7334,7343,7342
7334,7339,7343
7344,7339,7340
7345,7339,7344
7343,7339,7346
7345,7346,7339
7347,7345,7344
7345,7347,7348
7346,7345,7349
7348,7349,7345
7348,7350,7351
7350,7348,7352
7351,7349,7348
7352,7348,7353
7347,7353,7348
7353,7347,7354
7354,7355,7353
7353,7355,7352
7356,7355,7354
7355,7356,7357
7357,7352,7355
7358,7352,7357
7359,7357,7360
7360,7357,7356
7357,7359,7361
7357,7361,7358
7358,7362,7363
7363,7350,7358
7352,7358,7350
7362,7358,7361
7364,7365,7362
7365,7366,7362
7362,7366,7367
7368,7369,7362
7362,7370,7368
7362,7359,7370
7362,7361,7359
7367,7363,7362
7369,7364,7362
7365,7364,7371
7372,7371,7364
7364,7369,7372
7373,7371,7374
7375,7374,7371
7371,7373,7376
7377,7375,7371
7371,7372,7377
7376,7365,7371
7375,7378,7379
7379,7374,7375
7378,7375,7377
7380,7378,7377
7381,7378,7380
7381,7379,7378
7379,7381,7333
7333,7381,7382
7383,7382,7381
7383,7381,7384
7385,7384,7381
7386,7385,7381
7386,7381,7340
7387,7340,7381
7381,7380,7388
7388,7387,7381
7340,7387,7389
7390,7387,7388
7390,7356,7387
7356,7389,7387
7389,7354,7340
7354,7389,7356
7356,7390,7360
7390,7391,7392
7392,7360,7390
7388,7391,7390
7391,7388,7380
7380,7393,7391
7391,7393,7394
7394,7392,7391
7369,7394,7372
7372,7394,7393
7392,7394,7369
7380,7377,7393
7393,7377,7372
7360,7392,7370
7369,7368,7392
7392,7368,7370
7384,7385,7395
7385,7396,7395
7397,7396,7385
7385,7386,7397
7398,7399,7397
7397,7400,7398
7397,7401,7402
7397,7399,7401
7402,7396,7397
7400,7397,7386
7403,7402,7404
7404,7402,7401
7396,7402,7403
7404,7405,7403
7405,7406,7403
7395,7403,7406
7403,7395,7396
7407,7406,7408
7409,7408,7406
7406,7407,7395
7406,7405,7409
7410,7408,7409
7409,7411,7410
7409,7405,7411
7412,7411,7413
7411,7412,7414
7411,7404,7413
7405,7404,7411
7411,7415,7410
7414,7415,7411
7416,7410,7415
7415,7417,7416
7417,7415,7414
7418,7416,7417
7419,7417,7414
7420,7417,7419
7417,7420,7418
7418,7420,7384
7420,7421,7383
7383,7384,7420
7419,7421,7420
7421,7419,7422
7421,7422,7423
7423,7424,7421
7421,7424,7383
7424,7425,7382
7426,7425,7424
7424,7423,7426
7382,7383,7424
7426,7423,7427
7426,7427,7428
7428,7429,7426
7425,7426,7429
7430,7429,7428
7431,7429,7430
7429,7431,7425
7430,7432,7431
7431,7432,7382
7425,7431,7382
7430,7433,7432
7382,7432,7433
7433,7434,7435
7436,7434,7433
7435,7382,7433
7433,7430,7436
7437,7436,7430
7438,7436,7437
7436,7438,7439
7439,7435,7436
7436,7435,7434
7440,7439,7438
7435,7439,7440
7438,7441,7440
7442,7440,7441
7443,7440,7442
7440,7443,7435
7333,7382,7443
7333,7443,7444
7444,7443,7445
7443,7442,7445
7382,7435,7443
7445,7446,7444
7446,7445,7447
7448,7447,7445
7445,7442,7448
7447,7448,7449
7448,7450,7449
7450,7448,7441
7441,7448,7442
7441,7438,7450
7449,7450,7451
7452,7451,7450
7453,7450,7437
7437,7450,7438
7450,7453,7412
7450,7412,7452
7454,7413,7452
7452,7412,7454
7452,7455,7456
7452,7457,7455
7458,7452,7413
7457,7452,7458
7456,7451,7452
7459,7460,7458
7459,7458,7461
7413,7404,7458
7458,7460,7457
7461,7458,7404
7404,7399,7461
7461,7399,7398
7461,7398,7459
7459,7462,7460
7457,7460,7462
7462,7459,7463
7462,7464,7457
7464,7462,7465
7463,7465,7462
7466,7467,7462
7462,7468,7466
7469,7468,7462
7462,7470,7469
7462,7471,7470
7471,7462,7472
7472,7462,7467
7472,7467,7457
7466,7457,7467
7469,7473,7468
7473,7469,7474
7475,7474,7469
7469,7470,7328
7475,7469,7328
7476,7475,7272
7475,7328,7272
7476,7477,7475
7477,7474,7475
7477,7478,7479
7478,7477,7480
7479,7474,7477
7476,7480,7477
7481,7480,7476
7482,7480,7481
7480,7482,7478
7478,7482,7483
7483,7482,7484
7481,7484,7482
7481,7485,7484
7484,7485,7483
7486,7485,7481
7486,7483,7485
7487,7486,7488
7489,7486,7487
7490,7488,7486
7481,7490,7486
7489,7483,7486
7489,7491,7483
7489,7487,7492
7493,7491,7489
7489,7492,7493
7494,7483,7491
7494,7491,7495
7496,7491,7497
7491,7493,7497
7496,7495,7491
7498,7495,7496
7496,7497,7498
7495,7498,7499
7499,7498,7500
7498,7497,7501
7501,7500,7498
7502,7501,7497
7503,7500,7501
7501,7502,7503
7503,7504,7505
7503,7506,7504
7503,7319,7507
7319,7503,7272
7506,7503,7507
7503,7508,7272
7503,7502,7508
7503,7505,7500
7507,7509,7506
7507,7319,7329
7507,7510,7511
7507,7511,7512
7513,7510,7507
7507,7514,7509
7507,7512,7514
7507,7329,7513
7506,7509,7515
7516,7515,7509
7509,7514,7516
7516,7517,7518
7517,7516,7519
7519,7516,7514
7518,7515,7516
7518,7520,7515
7518,7517,7520
7520,7521,7494
7494,7495,7520
7521,7520,7517
7520,7522,7515
7523,7520,7495
7522,7520,7523
7515,7522,7506
7523,7524,7522
7522,7524,7504
7504,7506,7522
7524,7523,7495
7495,7499,7524
7524,7499,7505
7505,7504,7524
7494,7521,7525
7521,7517,7526
7527,7525,7521
7527,7521,7526
7528,7526,7529
7526,7530,7529
7530,7526,7531
7532,7526,7528
7533,7526,7532
7526,7533,7527
7531,7526,7517
7519,7531,7517
7519,7530,7531
7534,7457,7533
7456,7534,7533
7533,7535,7494
7535,7533,7457
7536,7456,7533
7533,7532,7536
7494,7527,7533
7537,7538,7536
7456,7536,7538
7536,7532,7537
7539,7537,7540
7540,7537,7532
7541,7538,7537
7537,7539,7541
7541,7539,7329
7542,7541,7329
7538,7541,7542
7471,7542,7328
7543,7542,7471
7542,7543,7538
7329,7328,7542
7543,7544,7534
7534,7456,7543
7538,7543,7456
7471,7544,7543
7455,7464,7544
7455,7544,7545
7545,7544,7546
7544,7464,7546
7544,7472,7534
7471,7472,7544
7465,7546,7464
7546,7465,7386
7547,7548,7546
7546,7548,7545
7546,7386,7547
7333,7444,7547
7333,7547,7386
7549,7547,7444
7547,7549,7548
7548,7549,7550
7447,7550,7549
7444,7446,7549
7549,7446,7447
7550,7451,7551
7451,7550,7447
7551,7456,7550
7456,7552,7550
7550,7552,7548
7451,7456,7551
7456,7545,7552
7552,7545,7548
7545,7456,7455
7540,7553,7539
7329,7539,7553
7553,7540,7554
7553,7513,7329
7554,7513,7553
7554,7529,7510
7529,7554,7528
7554,7540,7555
7555,7528,7554
7510,7513,7554
7532,7555,7540
7528,7555,7532
7473,7556,7535
7535,7466,7473
7457,7466,7535
7483,7535,7557
7557,7535,7556
7535,7483,7494
7474,7479,7556
7556,7479,7557
7474,7556,7473
7483,7557,7478
7479,7478,7557
7457,7534,7472
7529,7530,7511
7530,7519,7512
7512,7511,7530
7511,7510,7529
7558,7525,7527
7559,7527,7494
7560,7527,7559
7527,7560,7558
7561,7562,7560
7558,7560,7562
7563,7560,7564
7560,7563,7565
7559,7566,7560
7560,7566,7567
7565,7561,7560
7560,7567,7564
7562,7561,7565
7568,7564,7567
7569,7567,7566
7567,7569,7570
7567,7570,7568
7564,7568,7563
7571,7563,7568
7572,7568,7570
7568,7572,7571
7573,7571,7574
7571,7572,7574
7563,7571,7573
7565,7573,7575
7575,7573,7574
7573,7565,7563
7576,7575,7577
7577,7575,7578
7575,7576,7565
7574,7578,7575
7579,7580,7578
7579,7578,7574
7581,7578,7580
7582,7577,7578
7578,7581,7582
7581,7583,7582
7583,7581,7584
7584,7581,7580
7585,7584,7586
7580,7586,7584
7587,7583,7584
7588,7584,7585
7584,7588,7587
7589,7590,7587
7583,7587,7590
7587,7591,7589
7587,7588,7591
7558,7591,7525
7591,7592,7525
7592,7591,7593
7591,7558,7589
7593,7591,7588
7593,7588,7594
7592,7593,7594
7594,7595,7592
7585,7595,7594
7585,7594,7588
7595,7596,7597
7598,7596,7595
7597,7592,7595
7595,7585,7598
7598,7599,7596
7598,7585,7599
7599,7585,7600
7600,7601,7599
7602,7599,7601
7599,7602,7596
7601,7603,7602
7602,7603,7604
7596,7602,7604
7604,7592,7597
7604,7525,7592
7604,7605,7525
7604,7597,7596
7604,7606,7605
7606,7604,7603
7559,7525,7605
7605,7607,7559
7608,7605,7606
7607,7605,7609
7609,7605,7608
7610,7611,7608
7608,7612,7610
7601,7612,7608
7601,7608,7603
7603,7608,7606
7608,7611,7609
7610,7613,7611
7611,7613,7609
7614,7613,7615
7610,7615,7613
7613,7614,7616
7616,7609,7613
7617,7607,7616
7616,7614,7617
7609,7616,7607
7617,7614,7618
7617,7619,7607
7619,7617,7620
7618,7620,7617
7615,7618,7614
7618,7615,7621
7621,7620,7618
7600,7622,7621
7622,7623,7621
7621,7623,7579
7579,7624,7621
7625,7621,7624
7615,7610,7621
7612,7621,7610
7612,7600,7621
7621,7626,7620
7621,7625,7626
7626,7625,7619
7627,7628,7625
7628,7619,7625
7625,7629,7627
7624,7629,7625
7624,7630,7629
7629,7630,7631
7631,7632,7629
7632,7627,7629
7633,7632,7631
7633,7627,7632
7633,7634,7607
7635,7634,7633
7633,7631,7635
7627,7633,7607
7635,7631,7630
7636,7635,7637
7637,7635,7638
7630,7638,7635
7635,7636,7634
7634,7636,7639
7637,7639,7636
7639,7559,7634
7559,7639,7566
7637,7566,7639
7624,7640,7638
7624,7638,7630
7638,7640,7637
7640,7624,7641
7641,7642,7640
7640,7642,7643
7643,7637,7640
7569,7643,7642
7566,7637,7643
7566,7643,7569
7642,7641,7569
7569,7641,7572
7641,7574,7572
7624,7574,7641
7559,7607,7634
7607,7628,7627
7607,7619,7628
7620,7626,7619
7574,7624,7579
7644,7645,7623
7623,7646,7644
7623,7622,7646
7645,7647,7623
7648,7649,7623
7623,7647,7648
7623,7649,7650
7651,7623,7650
7623,7651,7579
7649,7652,7653
7653,7650,7649
7649,7654,7652
7654,7649,7648
7655,7656,7652
7655,7652,7654
7657,7653,7652
7652,7656,7657
7658,7656,7655
7656,7658,7659
7656,7659,7660
7660,7657,7656
7653,7657,7660
7661,7660,7662
7662,7660,7659
7660,7663,7653
7660,7661,7663
7664,7663,7661
7665,7661,7666
7662,7666,7661
7661,7665,7664
7665,7667,7651
7666,7667,7665
7664,7665,7651
7668,7651,7667
7667,7666,7669
7669,7668,7667
7669,7670,7668
7670,7671,7668
7672,7668,7671
7651,7668,7579
7668,7672,7579
7579,7672,7580
7673,7674,7672
7675,7672,7674
7672,7675,7676
7672,7676,7580
7672,7671,7673
7673,7671,7677
7677,7678,7673
7673,7679,7680
7673,7681,7679
7673,7678,7681
7673,7680,7674
7678,7682,7683
7683,7684,7678
7685,7682,7678
7678,7686,7685
7678,7687,7686
7678,7677,7687
7684,7681,7678
7679,7674,7678
7684,7683,7688
7684,7689,7676
7688,7689,7684
7676,7675,7684
7675,7679,7684
7684,7679,7681
7689,7688,7690
7691,7690,7688
7691,7688,7683
7692,7691,7693
7693,7691,7694
7694,7691,7685
7695,7691,7696
7696,7691,7697
7683,7682,7691
7682,7685,7691
7692,7698,7691
7691,7698,7697
7690,7691,7699
7691,7695,7699
7698,7700,7701
7702,7698,7701
7703,7698,7702
7698,7692,7700
7697,7698,7703
7704,7701,7700
7704,7700,7692
7693,7705,7704
7706,7704,7705
7693,7704,7692
7701,7704,7706
7706,7707,7708
7708,7709,7706
7706,7709,7710
7707,7706,7711
7711,7706,7705
7706,7710,7701
7712,7710,7709
7712,7701,7710
7701,7712,7702
7702,7712,7713
7712,7714,7715
7715,7713,7712
7714,7712,7708
7709,7708,7712
7708,7716,7714
7717,7715,7714
7717,7714,7716
7716,7708,7707
7707,7718,7716
7716,7719,7717
7719,7716,7718
7718,7720,7719
7720,7718,7721
7707,7721,7718
7721,7707,7722
7722,7723,7721
7720,7721,7723
7723,7722,7724
7723,7725,7720
7724,7726,7723
7723,7727,7725
7727,7723,7726
7728,7720,7725
7725,7729,7728
7729,7725,7727
7728,7729,7730
7731,7730,7729
7727,7732,7729
7729,7732,7731
7730,7731,7733
7734,7733,7731
7731,7735,7734
7735,7731,7732
7736,7734,7735
7737,7736,7735
7735,7738,7737
7732,7739,7735
7738,7735,7739
7740,7741,7738
7740,7738,7742
7743,7742,7738
7744,7738,7741
7738,7744,7743
7745,7737,7738
7739,7746,7738
7745,7738,7746
7745,7746,7741
7739,7741,7746
7745,7741,7747
7737,7745,7748
7749,7748,7745
7745,7750,7749
7745,7747,7750
7751,7752,7750
7751,7750,7740
7753,7750,7752
7741,7740,7750
7750,7753,7741
7754,7749,7750
7754,7750,7755
7747,7755,7750
7754,7755,7752
7747,7752,7755
7756,7754,7757
7758,7757,7754
7749,7754,7759
7756,7759,7754
7754,7752,7760
7754,7760,7758
7761,7762,7758
7763,7758,7762
7758,7763,7764
7764,7752,7758
7761,7758,7752
7758,7765,7766
7765,7758,7760
7757,7758,7767
7766,7767,7758
7766,7762,7767
7757,7767,7762
7766,7768,7769
7766,7769,7762
7770,7771,7766
7768,7766,7771
7766,7765,7770
7768,7772,7773
7773,7763,7768
7774,7772,7768
7768,7775,7774
7775,7768,7762
7762,7768,7763
7771,7776,7768
7768,7776,7777
7777,7778,7768
7779,7768,7778
7779,7769,7768
7779,7762,7769
7778,7780,7779
7781,7762,7779
7779,7782,7781
7782,7779,7780
7780,7778,7783
7783,7784,7780
7785,7780,7784
7780,7785,7782
7786,7785,7787
7784,7787,7785
7788,7782,7785
7785,7786,7788
7789,7786,7790
7787,7790,7786
7789,7788,7786
7791,7789,7792
7793,7789,7791
7789,7794,7795
7794,7789,7793
7788,7789,7795
7790,7792,7789
7793,7796,7797
7798,7796,7793
7799,7793,7800
7793,7797,7800
7793,7801,7798
7802,7801,7793
7793,7803,7804
7803,7793,7805
7791,7805,7793
7793,7806,7802
7804,7806,7793
7793,7799,7794
7799,7800,7807
7799,7807,7808
7799,7795,7794
7809,7795,7799
7799,7810,7809
7799,7808,7810
7811,7809,7812
7811,7813,7809
7800,7812,7809
7800,7809,7814
7808,7809,7815
7809,7813,7816
7816,7814,7809
7817,7795,7809
7817,7809,7818
7810,7818,7809
7809,7819,7820
7820,7821,7809
7809,7821,7819
7811,7812,7808
7800,7808,7812
7822,7819,7821
7822,7820,7819
7822,7823,7820
7822,7824,7823
7824,7822,7815
7821,7815,7822
7808,7820,7823
7808,7823,7824
7820,7808,7824
7820,7824,7815
7820,7815,7821
7817,7818,7815
7810,7815,7818
7817,7825,7826
7817,7827,7825
7756,7795,7817
7817,7800,7827
7817,7828,7800
7817,7815,7828
7817,7826,7829
7829,7759,7817
7759,7756,7817
7826,7825,7830
7826,7831,7829
7830,7831,7826
7831,7832,7833
7833,7829,7831
7832,7831,7830
7834,7832,7798
7798,7832,7830
7835,7832,7834
7832,7835,7836
7836,7833,7832
7837,7835,7801
7801,7835,7834
7838,7835,7837
7835,7838,7839
7839,7836,7835
7840,7839,7838
7839,7840,7841
7841,7842,7839
7836,7839,7842
7843,7842,7733
7844,7733,7842
7842,7841,7844
7842,7843,7836
7733,7734,7843
7833,7836,7843
7843,7748,7833
7734,7736,7843
7748,7843,7736
7733,7844,7730
7844,7845,7846
7846,7847,7844
7847,7730,7844
7845,7844,7841
7845,7848,7849
7849,7846,7845
7841,7850,7845
7848,7845,7850
7850,7851,7848
7850,7841,7840
7840,7852,7850
7851,7850,7852
7853,7848,7851
7851,7854,7853
7854,7851,7855
7852,7855,7851
7855,7852,7856
7855,7857,7854
7857,7855,7858
7856,7858,7855
7859,7856,7852
7856,7859,7860
7860,7861,7856
7858,7856,7861
7861,7804,7803
7804,7861,7860
7803,7858,7861
7806,7804,7860
7860,7859,7806
7859,7838,7862
7806,7859,7862
7852,7840,7859
7838,7859,7840
7837,7862,7838
7862,7837,7802
7862,7802,7806
7863,7858,7803
7864,7858,7863
7858,7864,7865
7865,7857,7858
7866,7864,7867
7867,7864,7863
7864,7866,7868
7868,7869,7864
7869,7865,7864
7869,7868,7870
7870,7871,7869
7865,7869,7871
7871,7870,7872
7872,7873,7871
7854,7871,7873
7857,7865,7871
7871,7854,7857
7873,7872,7874
7874,7875,7873
7853,7873,7875
7873,7853,7854
7876,7875,7874
7848,7853,7875
7875,7877,7848
7877,7875,7876
7877,7849,7848
7849,7877,7878
7876,7878,7877
7846,7849,7878
7717,7878,7876
7878,7717,7719
7720,7728,7878
7878,7728,7846
7878,7719,7720
7874,7879,7876
7876,7880,7717
7880,7876,7879
7715,7717,7880
7880,7879,7881
7881,7882,7880
7883,7880,7882
7880,7883,7715
7883,7882,7884
7884,7885,7883
7713,7715,7883
7883,7886,7713
7886,7883,7885
7886,7887,7702
7886,7888,7887
7889,7888,7886
7886,7890,7889
7886,7885,7890
7702,7713,7886
7891,7890,7884
7890,7891,7892
7889,7890,7893
7893,7890,7894
7890,7892,7894
7884,7890,7885
7895,7892,7896
7892,7895,7897
7898,7892,7897
7891,7896,7892
7894,7892,7898
7898,7899,7894
7897,7900,7898
7900,7899,7898
7899,7900,7696
7894,7899,7893
7893,7899,7696
7901,7902,7900
7901,7900,7897
7902,7903,7900
7900,7903,7904
7696,7900,7904
7905,7903,7906
7907,7903,7905
7908,7903,7902
7903,7908,7906
7907,7909,7903
7694,7903,7909
7903,7694,7904
7908,7902,7906
7909,7910,7911
7910,7909,7912
7911,7694,7909
7912,7909,7907
7907,7913,7912
7912,7913,7914
7912,7914,7910
7910,7914,7915
7914,7916,7915
7914,7917,7918
7917,7914,7905
7913,7905,7914
7919,7920,7914
7920,7921,7914
7916,7914,7921
7918,7919,7914
7922,7916,7923
7916,7922,7924
7921,7923,7916
7924,7915,7916
7925,7915,7924
7924,7926,7927
7924,7927,7928
7924,7929,7925
7928,7929,7924
7926,7924,7922
7930,7928,7931
7928,7930,7926
7932,7928,7933
7928,7934,7933
7926,7931,7928
7934,7928,7927
7928,7932,7929
7935,7932,7933
7932,7935,7936
7932,7936,7937
7694,7932,7937
7694,7929,7932
7694,7937,7936
7694,7936,7935
7937,7938,7939
7937,7935,7938
7937,7940,7935
7941,7937,7933
7937,7939,7933
7937,7941,7940
7937,7942,7943
7942,7937,7944
7937,7943,7944
7940,7945,7946
7946,7935,7940
7945,7940,7947
7947,7940,7948
7940,7941,7948
7948,7941,7949
7948,7949,7947
7950,7949,7951
7949,7950,7952
7949,7941,7953
7954,7951,7949
7949,7953,7954
7947,7949,7952
7952,7955,7947
7956,7955,7952
7952,7950,7956
7956,7957,7955
7957,7956,7958
7958,7956,7959
7956,7950,7959
7959,7960,7958
7950,7960,7959
7958,7960,7961
7960,7951,7962
7962,7961,7960
7951,7960,7950
7961,7963,7958
7961,7962,7963
7963,7964,7965
7965,7958,7963
7966,7964,7963
7963,7962,7966
7967,7966,7962
7966,7967,7968
7968,7964,7966
7968,7969,7964
7970,7969,7968
7968,7967,7970
7970,7971,7972
7972,7969,7970
7971,7970,7967
7972,7971,7973
7967,7973,7971
7973,7974,7975
7975,7976,7973
7973,7976,7972
7974,7973,7967
7977,7976,7978
7977,7969,7976
7972,7976,7969
7975,7978,7976
7979,7978,7975
7980,7978,7979
7978,7981,7982
7978,7983,7981
7983,7978,7982
7978,7980,7977
7984,7923,7980
7985,7980,7923
7986,7984,7980
7987,7988,7980
7988,7989,7980
7990,7991,7980
7991,7987,7980
7992,7990,7980
7993,7992,7980
7964,7980,7985
7994,7980,7995
7994,7993,7980
7980,7964,7977
7986,7980,7979
7996,7997,7980
7997,7998,7980
7980,7998,7999
8000,7996,7980
8001,8000,7980
8002,8001,7980
8003,8002,7980
7989,8003,7980
7980,7999,8004
7980,8004,8005
7980,8005,8006
7980,8006,8007
7980,8007,8008
7980,8008,8009
7980,8009,8010
8010,7995,7980
7989,7988,8011
8011,8012,7989
8012,8013,7989
8003,7989,8013
8014,8013,8015
8013,8014,8003
8013,8012,8015
8016,8015,8017
8018,8017,8015
8015,8016,8014
8015,8019,8018
8019,8015,8012
8012,8011,8019
8019,8020,8021
8020,8019,8022
8011,8022,8019
8023,8018,8019
8021,8023,8019
8024,8018,8023
8023,8025,8024
8025,8023,8021
8026,8025,8027
8021,8027,8025
8028,8024,8025
8025,8026,8028
8029,8028,8026
8026,8027,8030
8029,8026,8031
8030,8031,8026
8032,8029,8033
8033,8029,8034
8034,8029,7813
8031,7813,8029
8029,8032,8035
8028,8029,8036
8035,8036,8029
8035,8032,8037
8036,8035,8038
8038,8035,8039
8035,8037,8039
8033,8037,8032
8039,8037,8033
8038,8039,8040
8033,8040,8039
7811,7808,8040
8040,8033,7811
8041,8040,8042
8042,8040,7808
8041,8038,8040
8043,8038,8041
8041,8044,8043
8042,8044,8041
8038,8043,8036
8045,8036,8043
8046,8043,8044
8043,8046,8045
8046,8047,8048
8048,8045,8046
8044,8049,8046
8047,8046,8049
8050,8051,8047
8048,8047,8051
8047,8052,8050
8053,8052,8047
8047,8049,8053
8052,8053,8054
8044,8053,8049
8055,8054,8053
8053,8044,8055
8056,8055,8057
8057,8055,8058
8058,8055,8044
8059,8055,8056
8060,8061,8055
8055,8059,8060
8055,8062,8054
8055,8061,8062
8063,8064,8061
8061,8060,8063
8064,8062,8061
8064,8063,8065
8065,8066,8064
8066,8067,8064
8062,8064,8068
8068,8064,8067
8069,8070,8067
8071,8067,8070
8067,8066,8069
8067,8071,8068
8071,8050,8052
8050,8071,8070
8052,8068,8071
8070,8069,8072
8073,8069,8066
8069,8073,8072
8066,8065,8073
8074,8073,8065
8075,8072,8073
8073,8074,8075
8074,8076,8075
8076,8074,8065
8075,8076,8077
8078,8077,8076
8065,8079,8076
8076,8079,8078
8078,8080,8077
8080,8078,8081
8081,8078,8082
8083,8082,8078
8078,8079,8083
8084,8083,8079
8083,8084,8085
8082,8083,8085
8060,8085,8084
8085,8086,8082
8086,8085,8059
8085,8060,8059
8059,8087,8086
8088,8086,8087
8086,8088,8082
8088,8089,8090
8089,8088,8091
8087,8091,8088
8090,8082,8088
8090,8092,8093
8092,8090,8089
8082,8090,8081
8093,8081,8090
8094,8093,8092
8095,8093,8094
8095,8081,8093
8094,8096,8095
8097,8095,8096
8081,8095,8098
8099,8098,8095
8095,8100,8099
8095,8097,8100
8008,8097,8101
8102,8101,8097
8097,8008,8007
8097,8007,8006
8006,8100,8097
8097,8096,8102
8102,8103,8104
8104,7742,8102
8102,8105,8103
8105,8102,8096
8102,7743,8101
7743,8102,7742
8106,8104,8103
8106,8103,8105
8104,8106,8107
8107,8106,8108
8105,8109,8106
8110,8108,8106
8106,8109,8110
8111,8110,8109
8112,8109,8105
8109,8112,8111
8092,8112,8094
8105,8094,8112
8089,8111,8112
8112,8092,8089
8111,8089,8113
8110,8111,8113
8114,8113,8115
8115,8113,8116
8091,8113,8089
8091,8116,8113
8117,8113,8114
8113,8117,8110
8118,8117,8114
8119,8117,8120
8120,8117,8118
8117,8119,8108
8108,8110,8117
8120,8118,8121
8121,8118,8115
8114,8115,8118
8122,8123,8121
8121,8124,8122
8121,8125,8124
8126,8125,8121
8121,8115,8126
8127,8121,8128
8128,8121,8123
8121,8127,8120
8123,7808,7800
7808,8123,8057
8057,8123,8056
8129,8128,8123
8123,7796,8129
7800,7796,8123
8130,8123,8122
8130,8056,8123
8056,8130,8059
8122,8059,8130
8131,8129,7796
8132,8128,8129
8129,8131,8132
7796,8133,8131
8132,8131,8133
8133,7796,8134
8135,8133,8136
7825,8136,8133
8137,8133,8135
8133,8137,8132
8133,8134,7825
8138,8135,7751
8135,8138,8137
8136,8139,8135
7751,8135,8139
8139,7761,8140
7761,8139,8141
8139,8136,7816
7816,8141,8139
8139,8140,7751
7752,7751,8140
7752,8140,7761
7761,8141,8031
7813,8031,8141
8141,7816,7813
8108,8138,8107
7751,8107,8138
8119,8137,8138
8138,8108,8119
7800,7825,8134
7800,8134,7796
8137,8119,8127
8128,8137,8127
8132,8137,8128
8136,7800,8142
8136,8142,7815
7800,8136,7825
7815,7816,8136
7814,8142,7800
7814,7815,8142
8120,8127,8119
8143,8124,8125
8125,8091,8143
8116,8091,8125
8116,8125,8126
8143,8087,8124
8091,8087,8143
8116,8126,8115
8144,8122,8124
8124,8087,8144
8087,8059,8144
8144,8059,8122
8107,7740,8104
7740,8107,7751
8096,8094,8105
7742,8104,7740
8101,8009,8008
8009,8101,7743
8100,8006,8005
8005,8099,8100
8098,8099,8145
8005,8145,8099
8145,8080,8098
8004,8146,8145
8145,8005,8004
8080,8145,8146
8146,8004,7999
8146,8077,8080
8077,8146,8075
7999,8075,8146
8081,8098,8080
8084,8063,8060
8063,8084,8065
8079,8065,8084
8072,8075,7998
8075,7999,7998
8072,8147,8070
7998,7997,8072
7997,7996,8072
8147,8072,7996
8147,8148,8070
8148,8147,7996
8149,8070,8148
7996,8000,8148
8150,8148,8000
8148,8150,8149
8000,8001,8150
8150,8151,8152
8151,8150,8001
8152,8149,8150
8152,8016,8051
8016,8152,8151
8149,8152,8051
8001,8002,8151
8014,8151,8002
8151,8014,8016
8051,8050,8149
8070,8149,8050
8054,8068,8052
8068,8054,8062
8058,8042,8057
8058,8044,8042
8057,8042,7808
8051,8017,8048
8017,8051,8016
8045,8048,8024
8018,8024,8048
8048,8017,8018
8024,8028,8045
8036,8045,8028
8034,7811,8033
8034,7813,7811
8153,8030,8027
8030,8153,7762
7762,8154,8030
8031,8030,8154
7762,7761,8154
8031,8154,7761
7762,8153,7775
8020,7775,8153
8153,8021,8020
8027,8021,8153
7775,8020,8022
8022,7774,7775
7774,8022,7991
7988,7987,8022
8022,8011,7988
7987,7991,8022
8002,8003,8014
7994,7995,7985
8010,7985,7995
7985,8010,8155
7743,8155,8010
7743,8010,8009
7985,8155,8156
7744,8156,8155
8155,7743,7744
8156,7744,8157
8157,8158,8156
7985,8156,8158
7739,8156,8159
7739,8160,8156
8161,8156,8160
8162,8159,8156
8156,8163,8162
8161,8163,8156
8164,8161,7922
8161,7942,7922
7942,8161,8165
8166,8163,8161
8161,8164,8166
8160,8165,8161
8167,8165,7726
8168,7726,8165
8165,8167,7942
8165,8160,8168
7726,8168,7727
8168,7739,7732
7732,7727,8168
7739,8168,8160
8169,8167,7724
7726,7724,8167
8170,8167,8169
7935,8167,8170
7935,7942,8167
8170,7694,7935
7694,8170,8171
8169,8171,8170
8172,8171,8173
8174,8171,8172
8173,8171,8169
8171,7693,7694
8171,8174,7693
7711,7693,8174
8172,7711,8174
8169,8172,8173
8172,7724,7722
7724,8172,8169
7722,7711,8172
8175,8164,7922
8164,8175,8166
8176,8175,7922
8175,8176,8177
8177,8166,8175
8178,8176,7922
8176,8178,8177
8178,7923,7990
7990,8177,8178
7923,8178,7922
8177,7990,7776
8166,8177,7770
7771,7770,8177
7776,7771,8177
8163,8166,8162
8179,8162,8166
7770,8179,8166
8162,8179,7765
8179,7770,7765
8162,8157,8159
7739,8159,8157
8180,7741,8162
8162,7741,8181
8162,8181,8157
7765,8180,8162
7741,8180,7752
8180,7765,7752
7739,8181,7741
7739,8157,8181
8158,8157,8182
8182,8183,8158
7985,8158,8183
7985,8183,8184
8185,8184,8183
8183,8182,8185
7764,8185,8182
7764,7773,8185
8184,8185,7773
7773,7994,8184
7985,8184,7994
8182,7753,7764
7753,8182,8157
8157,7741,7753
7741,8157,7744
7979,8186,7986
7986,8186,8187
8188,7986,8187
7984,7986,8189
8189,7986,8190
8190,7986,8188
8191,8188,8192
8187,8192,8188
8188,8191,8190
8193,8191,8192
8190,8191,8194
8194,8191,8193
8194,8193,8195
8195,8193,8196
8197,8193,8198
8199,8193,8197
8193,8199,8196
8193,8192,8198
8200,8197,8198
8198,7931,8200
8201,8198,7967
8198,8202,7967
8198,8192,8202
7931,8198,8203
8201,8204,8198
8204,8205,8198
8205,8206,8198
8203,8198,8206
7953,7931,8203
8203,8207,7953
7686,8203,8206
8203,7686,7682
7682,8207,8203
8208,8209,8203
8203,8210,8208
8203,8209,8210
8209,8208,8211
8209,8211,7686
8210,8209,8212
7686,8212,8209
8210,8212,8211
7686,8211,8212
8211,8208,8210
7686,8208,7677
8213,8208,8214
8213,8215,8208
8216,8208,8215
8214,8208,8216
7671,8217,8208
7671,8208,8218
8219,8218,8208
8208,8220,8221
8221,8222,8208
8208,8222,8220
8223,8208,8217
8223,8219,8208
8223,8217,8214
7671,8214,8217
8216,8224,7686
8216,7677,8224
8216,8215,7677
8214,8216,7686
7682,7686,8224
7682,8224,7677
8223,7686,8219
8219,7686,7687
8219,7677,8218
8219,7687,7677
8223,8225,7686
8223,8226,8225
7669,8226,8223
8223,8214,7669
8227,8226,8206
8206,8226,7686
8214,7686,8226
8228,8226,8227
8226,8228,8214
7694,8225,8226
8226,8229,7659
7659,7694,8226
7669,8229,8226
8229,7662,7659
7666,7662,8229
7669,7666,8229
8227,8230,8228
8231,8214,8228
8232,8228,8230
8228,8232,8231
8214,8231,8233
8231,8232,8234
8234,8233,8231
8234,8235,8236
8236,8237,8234
8213,8233,8234
8234,8238,8213
8235,8234,8239
8240,8239,8234
8232,8240,8234
8238,8234,8237
8241,8242,8238
8241,8238,8237
8238,8243,8244
8245,8243,8238
8246,8213,8238
8238,8244,8246
8242,8245,8238
8241,8247,8242
8248,8242,8247
8242,8248,8249
8249,8250,8242
8242,8250,8251
8242,8251,8245
8245,8251,8252
8251,8250,8253
8253,8252,8251
8254,8255,8252
8252,8256,8254
8257,8256,8252
8257,8252,8253
8252,8255,8245
8257,7951,8256
7951,8257,8258
8257,8259,8258
8259,8257,8260
8257,8253,8260
8260,8261,8259
8261,8260,8248
8260,8253,8250
8250,8249,8260
8249,8248,8260
8261,8258,8259
8258,8261,8262
8262,8261,8248
8262,8263,8258
8264,8262,8265
8266,8262,8264
8262,8266,8263
8248,8267,8262
8267,8265,8262
8268,8263,8266
8269,8268,8266
8266,8264,8269
8269,8264,8265
8270,8271,8269
8269,8272,8270
8265,8272,8269
8273,8268,8269
8273,8269,8271
8271,8274,8273
8275,8276,8271
8277,8271,8276
8277,8274,8271
8271,8270,8275
8276,8275,8278
8278,8275,8279
8275,8270,8279
8279,8272,8241
8235,8279,8241
8279,8235,8280
8280,8281,8279
8281,8278,8279
8272,8279,8270
8282,8281,8280
8280,8283,8282
8283,8280,8284
8284,8280,8235
8285,8284,8235
8283,8284,8285
8285,8286,8283
8286,8285,8287
8287,8285,8235
8286,8287,8239
8239,8287,8235
8288,8289,8286
8283,8286,8289
8205,8286,8290
8291,8290,8286
8286,8292,8291
8286,8205,8292
8239,8293,8286
8288,8286,8293
8293,8294,8288
8239,8230,8293
8295,8293,8230
8295,8294,8293
8206,8295,8227
8294,8295,8206
8230,8227,8295
8294,8205,8291
8291,8288,8294
8206,8205,8294
8288,8291,8289
8205,8290,8292
8291,8292,8290
8283,8291,8296
8296,8291,8205
8283,8289,8291
8297,8296,8201
8204,8201,8296
8205,8204,8296
8282,8296,8297
8296,8282,8283
8201,8277,8297
8282,8297,8277
8281,8282,8276
8277,8276,8282
8276,8278,8281
8274,8277,8201
8268,8274,8201
8268,8273,8274
8272,8265,8267
8241,8272,8247
8267,8247,8272
7951,8258,8268
8258,8263,8268
8268,7962,7951
7967,8268,8201
8268,7967,7962
8247,8267,8248
8255,8254,8298
8298,8299,8255
8255,8299,8245
8299,8300,8243
8301,8300,8299
8243,8245,8299
8299,8298,8301
8302,8301,8303
7954,8303,8301
7954,8301,8298
8301,8302,8300
8300,8302,8243
8303,8304,8302
8302,8304,8244
8244,8243,8302
8303,8305,8304
8304,8305,8246
8246,8244,8304
8305,8303,7682
8305,7677,8246
7682,7677,8305
8303,7954,8207
8207,7682,8303
8298,8306,7954
8298,8254,8306
8306,8256,7954
8306,8254,8256
7954,8256,7951
8213,8246,7677
8241,8236,8235
8307,8236,8241
8237,8308,8241
8309,8310,8241
8241,8311,8309
8308,8311,8241
8241,8312,8307
8312,8241,8313
8310,8313,8241
8314,8313,8310
8310,8315,8314
8315,8310,8309
8316,8315,8317
8318,8317,8315
8315,8309,8318
8316,8314,8315
8317,8319,8316
8316,8320,7454
7454,8321,8316
8322,8314,8316
8316,8323,8322
8323,8316,8321
8320,8316,8319
8317,8324,8319
8320,8319,8324
8311,8324,8317
8324,8325,8320
8326,8325,8324
8324,8311,8326
8327,8326,8311
8325,8326,8327
8311,8308,8327
8325,8327,8328
8308,8328,8327
8329,8328,8330
8330,8328,8308
8328,8329,8325
8329,8331,8332
8330,8331,8329
8325,8329,8333
8332,8333,8329
8334,8333,8332
8333,8334,8325
8334,8320,8325
8332,8320,8334
8335,8336,8332
8331,8335,8332
8332,8337,8338
8320,8332,8338
8337,8332,8336
8339,8336,8335
8336,8339,8340
8340,8337,8336
8335,8341,8339
8342,8339,8341
8340,8339,8342
8343,8344,8342
8342,8345,8343
8345,8342,8236
8344,8346,8342
8346,8347,8342
8342,8347,8340
8341,8308,8342
8237,8342,8308
8342,8237,8236
8340,8347,8348
8347,8346,8348
8348,8349,8350
8349,8348,8346
8350,8337,8348
8348,8337,8340
8350,8351,8338
8337,8350,8338
8351,8350,8349
8351,8352,8338
8349,8353,8351
8352,8351,8353
8352,8354,8338
8354,8352,8353
8354,8355,8338
8355,8354,8356
8353,8356,8354
8356,8357,8355
8357,8356,8343
8356,8353,8344
8344,8343,8356
8357,8358,8355
8358,8357,8343
8343,8345,8358
8359,8358,8345
8355,8358,8359
8345,8360,8359
8361,8359,8360
8359,8361,8362
8362,8355,8359
8363,8364,8362
8362,8361,8363
8362,8365,8338
8365,8362,8364
8338,8355,8362
8364,8363,8366
8366,8365,8364
8367,8368,8366
8369,8366,8368
8366,8363,8367
8365,8366,8369
8236,8368,8367
8236,8367,8370
8370,8367,8363
8236,8370,8360
8360,8370,8361
8363,8361,8370
8368,8371,8369
8372,8369,8373
8373,8369,8371
8372,8365,8369
8374,8371,8236
8236,8371,8368
8371,8374,8375
8376,8377,8371
8371,8375,8376
8377,8373,8371
8378,8373,8377
8378,8377,8376
8379,8372,8378
8379,8378,8380
8381,8380,8378
8376,8381,8378
8373,8378,8372
8382,8380,8381
8381,8376,8382
8382,8375,8374
8382,8376,8375
8380,8382,8383
8384,8383,8382
8382,8374,8384
8383,8384,8385
8385,8384,8307
8386,8307,8384
8384,8374,8386
8307,8386,8236
8236,8386,8374
8386,8376,8387
8376,8386,8388
8386,8387,8388
8374,8388,8387
8374,8387,8376
8376,8388,8374
8389,8385,8307
8383,8385,8389
8307,8312,8389
8390,8389,8312
8389,8391,8392
8391,8389,8390
8389,8392,8383
8313,8390,8312
8322,8390,8313
8390,8322,8391
8321,8383,8392
8392,8391,8323
8323,8321,8392
8323,8391,8322
8383,8321,8393
8383,8393,8380
8393,8321,8380
8380,7454,8379
8321,7454,8380
8379,8394,7413
8379,7454,8394
7413,8365,8379
8379,8365,8372
8338,8394,7454
8338,7413,8394
8365,7413,8338
8236,8360,8345
8353,8349,8346
8346,8344,8353
8341,8330,8308
8331,8330,8341
8341,8335,8331
8338,7454,8320
8313,8314,8322
8317,8318,8311
8318,8309,8311
8230,8239,8240
8230,8240,8232
8214,8233,8213
7694,7686,8225
8395,8221,8220
8395,8220,8222
8395,8396,8221
8395,8397,8396
8397,8395,7677
8222,7677,8395
7686,8221,8396
7686,8396,8397
8221,7686,8397
8221,8397,7677
8221,7677,8222
7671,8218,7677
7670,7669,8214
8214,7671,7670
8213,7677,8215
8207,7954,7953
8207,8398,8399
8207,7677,8398
7677,8207,8399
7677,8399,8400
8399,8401,7682
7682,8400,8399
8401,8399,8398
7677,8400,8401
7682,8401,8400
8401,8398,7677
8202,7975,8402
7975,8202,8403
8202,7983,7974
8202,8402,7983
7974,7967,8202
8404,8202,8192
8403,8202,8404
8405,8404,8192
8405,8406,8404
8407,8404,8406
8403,8404,8407
8406,8408,8407
7979,8407,8408
8407,8409,8403
8409,8407,7979
8403,8409,7975
7975,8409,7979
8410,8186,8408
8186,7979,8408
8406,8405,8408
8408,8405,8410
8187,8186,8410
8410,8405,8192
8410,8192,8187
7974,7983,8402
7974,8402,7975
8411,8200,8412
8412,8200,8413
8411,8197,8200
8200,7931,8413
8413,8414,8412
7926,8414,8413
8413,7931,7926
7926,8415,8414
8414,8415,7923
8414,8416,8412
8416,8414,7923
8416,8417,8412
8417,8416,7923
8417,8418,8412
7923,7984,8417
8419,8417,7984
8420,8418,8417
8417,8419,8420
8412,8418,8421
8418,8420,8196
8418,8422,8421
8196,8422,8418
8421,8422,8197
8199,8197,8422
8422,8196,8199
8421,8197,8412
8189,8419,7984
8195,8420,8419
8419,8189,8195
8196,8420,8195
7926,8423,8415
8415,8423,7923
7946,8423,7926
8423,7946,7923
8412,8197,8411
8195,8189,8194
8194,8189,8190
7992,7993,7772
7993,7994,7773
7773,7772,7993
7946,7985,7923
7985,7946,7945
7985,7955,7957
7985,7945,7955
7985,7957,7965
7965,7964,7985
7990,7992,7774
7772,7774,7992
7991,7990,7774
7990,8424,7777
8424,7990,7923
7777,7776,7990
7923,7921,8424
8425,8424,7921
8424,8425,7777
7921,7920,8425
8425,8426,8427
8426,8425,7919
7920,7919,8425
8427,8428,8425
8428,7777,8425
8429,8428,8427
8428,8429,7783
7783,7777,8428
8427,8430,8429
8431,8429,8430
7784,7783,8429
8429,8431,7784
8430,8432,8431
7787,8431,8432
7787,7784,8431
8432,8430,8433
8433,8434,8432
8435,8432,8434
8432,8435,7787
7790,7787,8435
8434,8436,8435
8437,8435,8436
8435,8437,7790
7792,7790,8437
8438,8437,8439
8436,8439,8437
8437,8438,7792
8440,8438,8441
8441,8438,8442
8442,8438,8443
8440,7792,8438
8438,8439,8444
8444,8443,8438
8445,8446,8443
8443,8446,8442
8445,8443,8447
8443,8444,8448
8443,8448,8449
8449,8447,8443
8450,8449,8448
8448,8451,8450
8451,8448,8444
8451,8452,8453
8453,8450,8451
8452,8451,8436
8444,8436,8451
8452,8433,8454
8433,8452,8434
8436,8434,8452
8452,8454,8455
8455,8453,8452
8456,8454,8433
8457,8455,8454
8454,8456,8457
8458,8459,8456
8457,8456,8459
8433,8460,8456
8456,8460,8458
8460,8461,8458
8426,8458,8461
8459,8458,8462
8463,8462,8458
7918,8463,8458
8458,8426,7918
8462,8463,8464
7917,8464,8463
8463,7918,7917
8465,8462,8464
8464,7895,8465
7895,8464,8466
8467,8466,8464
8468,8469,8464
8464,7917,8468
8469,8467,8464
8470,8467,8469
8466,8467,8470
8470,7906,7902
8469,7906,8470
8470,7902,8466
8469,8468,7906
7905,8468,7917
7906,8468,7905
8462,8465,8459
7896,8465,7895
8465,7896,8471
8471,8472,8465
8472,8459,8465
8473,8471,7896
8471,8473,8474
8472,8471,8475
8474,8475,8471
8475,8457,8472
8476,8475,8474
8455,8457,8475
8475,8476,8455
8474,8477,8476
8453,8476,8477
8453,8455,8476
8477,8478,8453
8477,8479,8478
8479,8477,8480
8477,8474,8481
8477,8481,7881
7881,8480,8477
7884,8481,8474
7884,7881,8481
8479,8480,7874
7881,7874,8480
8482,8478,8479
8479,8483,8482
7874,7872,8479
8484,8479,7872
8479,8484,8483
7872,7870,8484
8485,8483,8484
8486,8484,7870
8484,8486,8485
8486,7868,8487
7870,7868,8486
8487,8485,8486
8488,8487,7868
8487,8488,8489
8489,8490,8487
8485,8487,8490
8445,8490,8491
8491,8490,8489
8445,8447,8490
8490,8492,8485
8492,8490,8447
8482,8485,8492
8492,8493,8482
8493,8492,8449
8447,8449,8492
8493,8453,8478
8478,8482,8493
8453,8493,8450
8449,8450,8493
8494,7803,8491
8491,7867,8494
8491,8495,7867
8496,8495,8491
8489,8496,8491
8445,8491,8497
8497,8491,7803
7803,8441,8497
8442,8497,8441
8497,8446,8445
8442,8446,8497
8495,8496,8488
8496,8489,8488
7866,7867,8495
8488,7868,8495
8495,7868,7866
7863,8494,7867
7803,8494,7863
8485,8482,8483
8474,8473,7884
7896,7891,8473
7884,8473,7891
8459,8472,8457
7901,7895,8466
8466,7902,7901
8433,8461,8460
8461,8433,8430
8461,8427,8426
8430,8427,8461
8436,8444,8439
7792,8440,7791
7791,8440,7805
8441,7805,8440
7805,8441,7803
7919,7918,8426
7983,7982,7975
7975,7982,7981
7975,7981,7983
7977,7964,7969
7958,7965,7957
7947,7955,7945
7941,7930,7953
7931,7953,7930
7946,7938,7935
7926,7938,7946
8498,7943,7942
7943,8498,8499
7943,8499,7944
7935,8499,8498
7935,7944,8499
7944,7935,8498
7944,8498,7942
7942,7935,7922
7926,7939,7938
7926,7933,7939
7933,7930,7941
7922,7938,8500
7922,8501,7938
8502,7938,8501
8500,7938,8502
7938,7933,8503
7933,7938,8504
7938,8503,8504
7938,8505,8506
8505,7938,8507
7938,8506,8507
8500,8502,7933
8502,8501,7935
7935,7933,8502
8508,8507,8506
8508,8506,8505
8507,8508,7933
8509,7933,8508
8508,8510,8509
8508,8505,8510
8505,7933,8509
7926,8509,8510
8505,8509,7926
7926,8510,8505
8505,8507,7933
8511,8503,7933
8503,8512,8504
8503,8511,8512
7926,8512,8511
7926,8504,8512
8504,8511,7933
8504,7926,8511
8500,7934,7926
8500,7933,7934
7922,8500,7926
7922,7935,8501
7934,7927,7926
7926,7930,7933
7925,7911,7915
7925,7929,7911
7694,7911,7929
7915,7911,7910
7905,7913,7907
7904,7694,7659
7659,7658,7904
7658,8513,7904
7696,7904,8513
8514,8513,8515
8513,7658,8515
8513,7695,7696
8516,8517,8513
8513,8518,8516
8518,8513,8514
8517,7695,8513
8515,8519,8514
8520,8514,8521
8514,8520,8518
8522,8514,8519
8522,8521,8514
8522,8523,7646
8519,8523,8522
8522,8524,8521
8522,7622,8524
8522,7646,7622
8525,8524,7586
8524,8525,8526
8526,8520,8524
8521,8524,8520
7586,8524,7622
8516,8520,8526
8516,8526,8527
8527,8526,8525
8527,8528,8516
8529,8527,8530
8528,8527,8529
8525,8530,8527
8530,8531,8529
7586,8530,8525
7586,8531,8530
8531,8532,8529
7586,8532,8531
8533,8529,8532
8532,8534,8533
8532,8535,8534
8535,8532,7580
7580,8532,7586
8534,8535,8536
7580,8537,8535
8535,8537,8536
8538,8533,8536
8536,8539,8538
8539,8536,8540
8540,8536,8537
8536,8533,8534
8540,7699,8539
8540,7690,7699
8541,8540,8537
7690,8540,8541
7689,8541,7676
7690,8541,7689
8537,8542,8541
8542,7676,8541
8542,8537,7580
7580,7676,8542
8538,8539,7699
8538,7699,7695
7695,8528,8538
8529,8538,8528
8529,8533,8538
7695,8516,8528
8523,8519,8543
8543,7646,8523
8543,8515,8544
8544,8545,8543
8515,8543,8519
7646,8543,8545
7645,8545,8546
8547,8546,8545
8545,7644,7646
8545,7645,7644
8545,8544,8548
8545,8548,8547
7658,8548,8544
7658,8547,8548
7654,8547,8549
8549,8547,7658
8547,7654,8546
7654,8549,7655
7658,7655,8549
7645,8546,7654
8544,8515,7658
8520,8516,8518
8516,7695,8517
7897,7895,7901
7893,7696,7889
8550,7888,7889
7889,7696,8550
8550,7696,7697
8550,8551,7888
7697,8551,8550
7697,8552,8551
7888,8551,8552
7703,8552,7697
8552,7703,7702
8552,7702,7887
8552,7887,7888
7881,7884,7882
7874,7881,7879
7847,7846,7728
7730,7847,7728
7801,7802,7837
7798,7801,7834
7829,7833,7748
7830,7825,8553
7830,7796,7798
7830,8553,7796
7797,8553,7825
7797,7796,8553
7759,7829,7749
7748,7749,7829
7797,7825,7827
7797,7827,7800
7807,7800,7828
7807,7828,7815
7825,7796,8554
8554,8555,7825
8555,8556,7825
8557,8558,7825
8557,7825,8559
8559,7825,8560
8558,8560,7825
7796,7825,8556
7796,8561,8558
8560,8558,8561
8557,7796,8558
8560,8561,8557
7796,8557,8561
7796,8556,8554
8556,8562,8554
8556,8555,8562
7800,8554,8562
7800,8562,8555
8560,8557,8563
8560,8563,8559
7800,8563,8557
7800,8559,8563
8557,8559,7800
8554,7800,8555
7816,7815,7814
7800,7815,8564
7815,7800,8565
8565,8566,7815
8566,8564,7815
8567,8568,7815
8567,7815,8569
8569,7815,8570
8568,8570,7815
7807,7815,8571
7810,8571,7815
7800,8572,8568
8567,7800,8568
8570,8568,8572
7800,8567,8572
8570,8572,8567
7810,7808,8571
7807,8571,7808
7800,8564,8565
8564,8573,8565
8564,8566,8573
7808,8565,8573
7808,8573,8566
8570,8574,8569
8570,8567,8574
7808,8569,8574
7808,8574,8567
8567,8569,7808
8565,7808,8566
7795,7756,7788
7788,7781,7782
7781,7788,7756
7777,7783,7778
7762,7781,7757
7756,7757,7781
7773,7764,7763
7765,7760,7752
7752,7764,7753
7752,7747,7741
7736,7737,7748
7711,7722,7707
7705,7693,7711
7709,7692,7701
7685,7686,7694
7675,7674,7680
7675,7680,7679
7663,7664,7650
7650,7664,7651
7650,7653,7663
7654,7647,7645
7654,7648,7647
7586,7622,7585
7622,7600,7585
7600,7612,7601
7589,8575,7590
8575,7589,7558
7590,8575,7562
7562,8575,7558
7562,8576,7590
7582,7590,8576
7590,7582,7583
7577,8576,7576
8576,7577,7582
7562,7576,8576
7565,7576,7562
7572,7570,7569
7525,7559,7494
7514,7512,7519
7500,7505,7499
7490,7476,7508
7508,7488,7490
7272,7508,7476
7508,8577,7488
8578,8577,7508
7502,8578,7508
7488,8577,7487
7492,7487,8577
8577,8578,7492
7493,7492,8578
7497,7493,8578
8578,7502,7497
7476,7490,7481
7468,7473,7466
7470,7471,7328
8579,7463,7459
7463,8579,7386
7465,7463,7386
7400,8579,7459
7386,8579,7400
7464,7455,7457
7459,7398,7400
7412,7413,7454
7453,8580,7412
8580,7453,7428
7428,7453,7430
7453,7437,7430
7423,7422,8580
8580,7427,7423
7428,7427,8580
8580,7414,7412
7414,8580,7419
7422,7419,8580
7447,7449,7451
7418,7410,7416
7410,7418,8581
8581,7418,7384
7410,8581,7407
7407,8581,7384
7407,7408,7410
7395,7407,7384
7404,7401,7399
7386,7340,7333
7333,8582,7379
7374,7379,7373
7373,7379,8583
7379,8584,8583
8584,7379,8582
7333,8585,8582
8586,8582,8585
8582,8586,8587
8582,8587,8584
7333,8588,8585
8589,8585,8588
8585,8590,8586
8585,8589,8590
8591,8589,8592
8588,8592,8589
8593,8590,8589
8589,8591,8593
8592,8594,8591
8591,8594,8595
8593,8591,8596
8595,8596,8591
8596,8595,7366
8597,8596,7366
8596,8597,8593
8598,8597,7366
8599,8593,8597
8600,8599,8597
8597,8598,8600
7373,8601,8598
8598,7376,7373
7376,8598,7365
7366,7365,8598
8601,8600,8598
8601,8587,8586
8586,8600,8601
8601,8584,8587
8584,8601,7373
8586,8599,8600
8586,8593,8599
8602,8595,8594
8595,8602,7366
8594,8603,8602
8602,8604,7366
8604,8602,8603
8605,8606,8603
8603,8607,8605
8607,8603,8594
8603,8606,8604
8605,8607,8608
8608,8607,8592
8594,8592,8607
8592,8588,8608
8608,8609,8605
8609,8608,7333
7333,8608,8588
8610,8611,8609
8609,7332,8610
7332,8609,7333
8611,8605,8609
8606,8605,8611
8611,8612,8606
8612,8611,8610
8610,8613,8612
8612,8613,8614
8604,8606,8612
8614,8604,8612
7366,8604,8614
7366,8614,8615
8616,8615,8614
8614,8613,8616
7366,8615,8617
8615,8616,8618
8615,8618,8619
8619,8617,8615
7342,8620,8619
8619,7341,7342
7337,8619,8618
8619,7337,7341
8619,8620,8617
8621,8620,7342
8621,8622,8620
7366,8617,8620
7366,8620,8622
8622,8621,7349
7351,7363,8622
8622,7363,7366
7351,8622,7349
7342,7346,8621
7349,8621,7346
7336,8618,8616
8618,7336,7337
7335,8616,8613
8616,7335,7336
8613,8610,7335
7335,8610,7332
8593,8586,8590
7373,8583,8584
8623,7363,7367
8623,7367,8624
8624,7367,8625
7367,7366,8625
8623,8624,8625
8623,8625,8626
7366,8626,8625
7366,7363,8626
8623,8626,7363
8624,8627,4245
4245,8628,8624
8624,8628,8627
8623,4245,8627
8623,8627,8628
4245,8623,8628
7360,7370,7359
7363,7351,7350
7354,7344,7340
7344,7354,7347
7346,7342,7343
7338,7341,7337
7330,8629,7257
7330,8630,8629
7330,7248,8630
7248,7330,7247
8629,8630,7250
8630,7248,7250
7250,7254,8629
7257,8629,7254
7234,7297,7288
7277,7290,7271
7279,7290,7277
7269,7266,7267
4240,4238,4237
4238,4169,4237
4237,4169,4166
4220,8631,4222
8631,4208,4222
4209,4222,8632
8632,4222,4208
4222,4209,4169
4209,8632,4208
4208,8631,4212
8631,4220,4212
4216,4219,4155
4209,8633,4169
4207,4206,4209
8634,4209,4206
4209,8634,8633
8633,4187,4169
4205,8635,8633
8633,8634,4205
4187,8633,4189
8635,4189,8633
4195,4194,8635
8635,4205,4195
4189,8635,4194
4206,4205,8634
4202,4155,4064
3994,4198,3992
4194,4196,4189
4196,4190,4189
4174,4170,4188
4188,4179,4174
4177,8636,4176
8636,4177,4152
4173,4176,8636
8636,4152,4173
8637,4173,4153
4152,4153,4173
4167,4173,8637
8637,4163,4167
4163,8637,4158
4158,8637,4153
4155,4101,4058
4155,4058,4064
4098,4096,4092
4096,4093,4092
4079,4090,4077
4074,4072,4081
4072,4072,4042
3965,4071,4067
4059,4058,4060
4049,3991,4000
4045,4044,3965
4044,3963,3965
3963,4044,4042
3964,3963,4034
3961,3964,4031
4027,4026,3971
3992,4000,3991
3989,3990,3986
3983,3978,3973
3973,3978,3972
3880,3961,3971
3933,3938,3932
3880,3881,3936
3929,3932,3928
3931,3914,3908
3928,3834,8638
8638,3924,3928
3924,8638,3544
3544,8638,3834
3912,3911,3917
8639,3903,3902
8639,8640,3903
3883,3903,8640
8640,8639,3897
8640,3897,3892
3892,3883,8640
3902,3897,8639
3868,3899,3544
3871,3888,3868
3868,3870,3871
3832,3866,3831
3867,3540,3537
3537,3860,3867
3863,3867,3860
3545,3540,3867
3849,3861,3852
3859,3852,3861
8641,3860,3537
8641,3857,3860
3855,3857,8641
3855,8641,8642
3537,8642,8641
8642,3536,3855
3536,8642,3537
3532,3855,3536
3851,3843,3842
3843,3851,3813
3838,8643,3840
3828,3840,8643
8643,3838,8644
8644,3828,8643
3815,3814,8644
3814,3820,8644
8644,3838,3815
3827,8644,3820
8644,3827,3828
3834,3826,3544
3820,3821,3827
8645,3826,3824
3826,8645,8646
3826,8646,3544
3824,8647,8645
8647,8646,8645
8647,8648,8646
3559,8648,8647
8647,8649,3559
8649,8647,3824
3824,3823,8649
8649,3823,3818
3818,8650,8649
8650,3559,8649
8650,3558,3559
3558,8650,3811
8650,3818,3811
8648,3556,8646
3559,3556,8648
3556,3544,8646
3823,3819,3818
3818,3816,3811
3558,3811,3562
3813,3569,3742
3765,3766,3771
3771,3742,3752
3752,3765,3771
3753,3765,3752
3717,3736,3734
3725,3719,3729
3727,8651,8652
3722,3727,8652
3727,3568,8651
3727,3569,3568
8652,8651,8653
8653,8651,8654
8655,8651,3568
8656,8654,8651
8651,8655,8656
8654,3282,8657
8654,8656,3282
8654,8657,3277
8654,3277,8653
8658,8657,3282
8658,3277,8657
8658,3282,8659
8658,8659,3283
8658,3283,3583
8658,8653,3277
8658,3583,3223
3223,3224,8658
8658,3224,3235
8653,8658,3723
8658,3234,3241
3241,3723,8658
8658,3235,3234
8656,3283,8659
8656,8659,3282
3283,8655,8660
8656,8655,3283
3568,8660,8655
8660,3583,3283
8660,3568,3289
3289,3583,8660
3723,8661,8653
8653,8661,8652
3723,3722,8661
8652,8661,3722
3246,3726,3245
3246,3715,3726
3655,3657,3701
3701,3693,3655
3704,3701,3657
3657,3653,3704
3700,3699,3655
3131,3655,3699
3699,3127,3131
3127,3699,3124
8662,3696,3700
3700,3689,8662
3689,3700,8663
3700,3655,8664
3700,8664,8663
8664,3655,8665
8664,8666,8663
8664,8665,3659
8664,3659,8666
8667,8663,8666
8667,8666,3659
8668,8667,8669
8667,8668,3663
8669,8667,3164
3164,8667,8670
8667,3659,8670
3663,8663,8667
8671,8670,3659
3162,8670,8671
8670,3162,3164
3659,8672,8671
8671,8672,3163
8671,3163,3162
3142,8673,8672
3163,8672,8673
3134,8672,3131
8672,3134,3142
8672,8665,3655
3655,3131,8672
8672,3659,8665
8673,3142,3163
8669,3164,3165
3165,8668,8669
8674,8668,3165
8674,8675,8668
8668,8676,3663
8676,8668,8675
3166,8675,8674
3169,8675,3166
3169,8677,8675
8675,8678,8676
8675,8679,8678
8679,8675,8677
8678,8680,3690
3690,8676,8678
8680,8678,8679
3211,3210,8680
3690,8680,3210
8679,8681,8680
8680,8681,3208
3208,3211,8680
3209,3208,8681
8681,8682,3209
8683,8682,8681
8681,8679,8683
8682,8683,8684
3172,8684,8683
3172,8683,8679
8684,3183,8685
3183,8684,3180
3174,3180,8684
8684,8685,8682
8684,3172,3174
8682,8685,3184
3184,8685,3183
3184,3209,8682
8679,8677,3172
3169,3172,8677
8676,3690,3689
3689,3663,8676
3165,3167,8674
8674,3167,3166
8663,3655,3659
8663,3663,3689
3686,8686,8663
8663,3693,3686
3693,8663,8687
8687,8663,8688
8688,8663,8686
8663,8689,8690
8689,8663,8691
8663,8690,8691
3686,3663,8686
8688,8686,3663
8692,8690,8689
8692,8691,8690
8692,8693,8694
8694,3659,8692
8692,8689,8693
8691,8692,3659
3655,8694,8693
3655,8693,8689
8689,3659,8694
8689,8694,3655
8689,8691,3659
8687,8688,3659
3663,3659,8688
8687,3656,3655
3693,8687,3655
8687,3659,3656
8695,8696,8662
8662,3688,8695
3688,8662,3689
3696,8662,8696
8696,8695,8697
8696,3697,3696
3697,8696,8697
8697,8698,3697
8698,8697,3257
8699,3257,8697
8700,8697,8695
8697,8700,8699
3257,8699,3255
8699,8701,3255
8701,8699,8700
3215,8701,3216
8701,3215,3255
8700,3216,8701
3216,8700,3212
8695,3212,8700
3257,3256,8698
8698,3256,3244
3698,3697,8698
8698,3243,3698
3244,3243,8698
3212,8695,3688
3243,3125,3698
3217,3210,3685
3682,3218,3589
3589,3680,3682
3218,3682,3217
3589,3594,3680
8702,3677,8703
8704,8703,3677
3677,8702,3673
3677,3676,8704
8704,8705,8706
8705,8704,3676
8703,8704,8707
8706,8707,8704
8706,3603,3606
3603,8706,8705
8707,8706,3612
3606,3612,8706
8708,8707,8709
8707,8708,8710
3612,8709,8707
8707,8710,8703
8711,8710,8708
8711,8703,8710
8711,8712,8713
8713,8703,8711
8711,8708,8714
8714,8712,8711
8715,8716,8714
3639,8714,8716
8712,8714,3639
8714,8708,8715
8715,8708,8717
8715,8717,8718
8718,8716,8715
3639,8716,8718
8718,8717,8719
8720,8718,8719
8718,8720,3639
3628,8721,8720
3639,8720,8721
8719,3618,8720
8720,3618,3628
3629,8721,3628
3639,8721,3629
8719,8717,3618
8717,3621,3620
3621,8717,8708
8717,3620,3618
8713,8712,3639
8702,8703,8713
8713,8722,8702
3639,8722,8713
8723,8722,3162
3654,3162,8722
8722,8723,8724
8722,3639,3654
8722,3673,8702
8724,3673,8722
3673,8724,8725
8725,8724,8723
8725,3667,3673
8723,3667,8725
8723,3165,3665
8723,8726,3165
8723,3164,8726
8723,3661,3164
8723,3162,3661
3665,3667,8723
3662,3165,8726
3662,8726,3164
8708,8709,3621
3616,3621,8709
8709,3612,3616
8705,3601,3603
8705,3600,3601
3600,8705,3675
3676,3675,8705
3662,3665,3165
3649,3654,3639
3635,3648,3634
3639,3643,3644
3632,3624,3622
3618,3627,3628
3627,3618,3617
3623,3614,3613
3605,3599,3597
3579,3578,3592
3592,3585,3579
3589,3218,3219
3549,3395,3550
3533,3534,8727
8727,3534,3531
3533,8727,3531
3533,3531,3401
8728,3531,3530
3526,3531,8729
3531,8728,8730
8730,8729,3531
3412,3527,8729
8729,3527,3526
8729,8730,3412
3405,8730,8728
3412,8730,3405
8728,3401,3405
3530,8731,8728
3401,8728,8731
8731,3400,3401
3278,3400,8731
8731,3530,3278
3502,3501,3527
3527,3412,3502
3508,3523,3503
3501,3503,3523
3507,3510,3516
3514,3516,3510
3368,3512,3499
3369,3512,3368
3503,3504,3508
3460,3472,3426
3467,3466,3444
3453,3452,3466
3466,3452,8732
3466,3464,3453
8732,3444,3466
3444,8732,3445
3452,3445,8732
3455,3457,3461
3461,3425,3455
8733,8734,3455
8733,3455,3437
3437,3455,3425
8734,3454,3455
8734,8733,3448
3454,8734,3448
3440,3448,8733
3448,3448,8733
3438,8733,3437
8733,3438,3440
3447,3448,3448
3447,3448,3440
3448,3449,3454
3375,3366,3444
3415,3414,3434
3432,3421,3418
3433,3432,3416
3418,3416,3432
3419,3423,3407
3410,3375,3413
3405,3411,3412
3397,8735,3410
3410,8735,8736
8736,3384,3410
8737,3410,3384
3410,3409,3397
3375,3410,8737
3384,3387,8737
3375,8737,3387
3390,8736,8735
3389,3384,8736
8736,3390,3389
3390,8735,3397
3394,3397,3409
3280,3300,3398
3280,3398,3278
3398,3300,3392
3384,3389,3385
3381,3383,3300
3387,3380,3375
3381,8738,3379
3300,8738,3381
8738,3301,3379
3301,8738,3300
3373,3379,8739
8739,3379,3301
3379,3373,3372
3374,8739,3362
3362,8739,8740
8739,3374,3373
3301,8740,8739
8740,3302,3362
3302,8740,3301
3362,3367,3374
3298,3279,3299
3286,3284,3289
3283,3289,3284
3273,3250,3277
3277,3276,3273
3274,3250,3273
3274,3249,3250
3249,3274,3270
3271,3270,3274
3270,3251,3249
3266,3267,3265
3215,3214,3255
3214,3202,3255
3096,3255,3202
3247,3239,3122
3125,3243,3122
3125,3237,3232
3232,3231,3125
3224,3225,3229
3216,3217,3227
3202,3214,3205
3209,3184,3204
8741,3204,3184
3204,8741,3201
3198,3201,8741
8741,3186,3198
3186,8741,3184
3196,3195,3096
8742,3195,3193
3195,8742,3096
3095,8742,3090
8742,3095,3096
3193,3090,8742
3090,3193,3188
3078,3083,3191
3179,3191,3181
3191,3179,3078
3188,3088,3090
3180,3174,3173
3075,3078,3179
3166,3168,3169
3143,3163,3142
3142,3134,3135
3132,3128,3126
3112,3110,3126
3126,3114,3112
3096,3117,3118
3096,3116,3117
3096,3106,3116
3107,3102,3099
3067,3079,3077
3077,3068,3067
3077,3073,3068
8743,8744,8745
8744,8746,8745
8744,8747,8746
8744,8743,8748
8747,8744,8748
8747,8748,8749
8743,8749,8748
8743,8747,8749
8750,8751,8747
8751,8746,8747
8750,8747,8752
8747,8743,8752
8753,8752,8743
8753,8750,8752
8750,8753,8745
8754,8753,8755
8753,8754,8746
8753,8756,8757
8753,8758,8756
8753,8746,8758
8759,8753,8757
8759,8760,8753
8755,8753,8760
8761,8753,8762
8761,8763,8753
8764,8753,8763
8765,8766,8753
8765,8753,8767
8767,8753,8768
8769,8768,8753
8769,8753,8766
8753,8764,8751
8751,8762,8753
8745,8753,8743
8755,8760,8750
8755,8750,8770
8754,8755,8745
8755,8770,8745
8771,8745,8770
8771,8770,8750
8771,8772,8745
8771,8751,8772
8773,8751,8771
8773,8771,8750
8773,8774,8751
8773,8750,8759
8759,8775,8773
8775,8746,8773
8773,8746,8774
8754,8751,8774
8754,8774,8746
8746,8775,8758
8775,8759,8776
8775,8756,8758
8756,8775,8777
8778,8777,8775
8778,8775,8776
8756,8777,8779
8780,8779,8777
8777,8781,8780
8777,8778,8781
8781,8782,8780
8783,8781,8778
8782,8781,8784
8781,8785,8786
8785,8781,8783
8781,8786,8784
8782,8784,8787
8787,8784,8788
8784,8786,8788
8788,8789,8787
8788,8786,8790
8788,8791,8789
8791,8788,8790
8791,8790,8789
8790,8792,8789
8790,8793,8792
8793,8790,8786
8793,8786,8792
8789,8792,8785
8786,8785,8792
8789,8785,8787
8787,8794,8782
8794,8787,8785
8782,8794,8795
8785,8783,8794
8778,8794,8783
8778,8795,8794
8757,8779,8795
8780,8795,8779
8795,8780,8782
8795,8776,8759
8795,8778,8776
8759,8757,8795
8779,8757,8756
8754,8772,8751
8754,8745,8772
8762,8751,8796
8761,8762,8745
8762,8796,8745
8797,8796,8751
8797,8745,8796
8798,8745,8797
8798,8797,8746
8797,8799,8746
8797,8751,8799
8798,8746,8799
8798,8799,8751
8800,8801,8798
8802,8800,8798
8798,8803,8804
8805,8798,8804
8798,8801,8803
8798,8751,8764
8798,8764,8750
8750,8761,8798
8798,8761,8802
8806,8798,8807
8798,8805,8807
8745,8798,8806
8802,8808,8809
8810,8802,8809
8802,8811,8808
8811,8802,8812
8812,8802,8761
8813,8802,8810
8814,8802,8813
8800,8802,8815
8814,8815,8802
8808,8816,8817
8808,8811,8816
8817,8809,8808
8809,8817,8818
8817,8811,8819
8820,8811,8817
8817,8821,8820
8821,8817,8822
8817,8819,8822
8817,8823,8824
8824,8825,8817
8825,8826,8817
8827,8817,8826
8823,8817,8827
8817,8812,8810
8810,8818,8817
8812,8817,8816
8828,8817,8829
8828,8830,8817
8830,8831,8817
8831,8829,8817
8827,8832,8811
8823,8827,8811
8827,8822,8832
8827,8826,8822
8833,8811,8832
8833,8832,8822
8833,8834,8809
8833,8822,8834
8835,8833,8809
8835,8811,8833
8835,8809,8836
8836,8837,8835
8835,8823,8811
8823,8835,8837
8838,8837,8836
8837,8838,8839
8840,8841,8837
8837,8842,8840
8842,8837,8839
8837,8841,8823
8841,8843,8824
8841,8840,8843
8824,8823,8841
8843,8844,8824
8844,8843,8845
8843,8840,8846
8846,8845,8843
8845,8838,8844
8846,8838,8845
8847,8848,8846
8846,8849,8847
8846,8840,8849
8850,8846,8848
8838,8846,8850
8842,8838,8850
8842,8850,8851
8850,8852,8851
8852,8850,8848
8853,8851,8852
8848,8854,8852
8855,8853,8852
8852,8854,8855
8855,8856,8853
8854,8857,8855
8856,8855,8858
8857,8858,8855
8856,8858,8859
8859,8858,8860
8860,8858,8861
8858,8857,8861
8854,8861,8857
8860,8861,8859
8861,8854,8859
8854,8847,8859
8856,8859,8847
8847,8853,8856
8854,8848,8847
8853,8849,8851
8849,8853,8847
8851,8849,8842
8840,8842,8849
8824,8844,8825
8825,8844,8836
8838,8836,8844
8839,8838,8842
8825,8836,8809
8825,8809,8834
8825,8834,8822
8822,8831,8811
8830,8811,8831
8831,8822,8829
8809,8819,8811
8809,8822,8819
8828,8829,8822
8830,8862,8811
8828,8863,8830
8862,8830,8864
8864,8830,8865
8865,8830,8863
8863,8765,8751
8863,8751,8866
8828,8867,8863
8863,8866,8746
8863,8746,8769
8863,8769,8745
8765,8863,8745
8863,8868,8869
8868,8863,8867
8869,8865,8863
8865,8869,8870
8870,8869,8871
8871,8869,8872
8869,8873,8874
8874,8875,8869
8876,8869,8875
8869,8868,8873
8872,8869,8877
8869,8876,8878
8869,8878,8877
8877,8879,8880
8880,8876,8877
8876,8881,8877
8879,8877,8882
8882,8877,8881
8872,8877,8883
8883,8877,8884
8884,8877,8878
8885,8886,8877
8877,8887,8885
8888,8889,8877
8877,8890,8888
8890,8877,8891
8892,8877,8889
8892,8891,8877
8893,8877,8894
8877,8893,8887
8895,8894,8877
8895,8877,8886
8890,8887,8896
8897,8896,8887
8887,8898,8899
8898,8887,8900
8887,8899,8901
8887,8890,8876
8900,8887,8902
8887,8901,8897
8902,8887,8876
8903,8904,8887
8903,8887,8905
8906,8905,8887
8892,8907,8887
8892,8887,8891
8891,8887,8907
8908,8887,8909
8909,8887,8910
8911,8910,8887
8911,8887,8912
8885,8887,8893
8908,8912,8887
8887,8913,8906
8913,8887,8904
8892,8890,8907
8891,8907,8890
8906,8902,8903
8902,8906,8913
8906,8876,8905
8906,8903,8876
8913,8904,8902
8903,8902,8904
8913,8914,8915
8913,8915,8916
8913,8917,8918
8918,8919,8913
8913,8919,8917
8913,8920,8921
8921,8922,8913
8913,8922,8920
8923,8913,8924
8923,8925,8913
8926,8913,8925
8914,8913,8927
8916,8927,8913
8928,8929,8913
8876,8913,8929
8911,8913,8910
8911,8930,8913
8909,8913,8930
8926,8924,8913
8909,8910,8913
8931,8932,8913
8931,8913,8933
8933,8913,8934
8932,8934,8913
8913,8935,8936
8935,8913,8937
8913,8936,8937
8913,8938,8939
8939,8940,8913
8913,8940,8938
8876,8928,8913
8914,8916,8876
8914,8941,8916
8876,8916,8942
8916,8941,8943
8916,8915,8927
8916,8936,8935
8935,8937,8916
8916,8937,8936
8944,8942,8916
8943,8944,8916
8945,8946,8916
8945,8916,8947
8948,8947,8916
8916,8931,8949
8931,8916,8932
8916,8949,8932
8916,8939,8950
8939,8916,8951
8916,8950,8951
8952,8916,8946
8952,8953,8916
8948,8916,8953
8943,8954,8955
8954,8943,8956
8943,8955,8900
8900,8944,8943
8943,8957,8958
8958,8959,8943
8943,8959,8957
8960,8943,8941
8960,8956,8943
8952,8946,8943
8952,8943,8961
8962,8961,8943
8943,8963,8964
8963,8943,8965
8943,8964,8965
8945,8943,8946
8945,8966,8943
8962,8943,8966
8962,8900,8961
8962,8967,8900
8962,8954,8967
8962,8968,8954
8962,8966,8958
8962,8958,8968
8969,8968,8958
8969,8954,8968
8969,8970,8971
8969,8958,8970
8969,8972,8954
8969,8973,8972
8969,8974,8973
8969,8971,8975
8975,8974,8969
8976,8977,8974
8974,8977,8978
8974,8978,8979
8974,8979,8980
8974,8980,8973
8981,8974,8975
8974,8981,8982
8974,8983,8984
8974,8982,8983
8974,8984,8985
8976,8974,8985
8986,8985,8987
8986,8983,8985
8983,8988,8985
8989,8987,8985
8990,8985,8991
8990,8989,8985
8976,8985,8992
8993,8985,8984
8993,8992,8985
8985,8994,8995
8994,8985,8996
8985,8995,8996
8985,8997,8998
8998,8999,8985
8985,8999,8997
8991,8985,8988
8991,8988,8993
8983,8993,8988
8991,9000,8994
8991,8993,9000
8990,8991,8994
9001,8994,9000
9001,9000,8993
9001,8989,8990
8989,9001,8954
9002,9003,9001
9004,9001,9003
8898,8954,9001
9001,8993,9002
9001,9005,8898
9001,9004,9005
9001,8990,8994
8986,9003,9002
8986,9002,8983
8983,9002,8993
9005,9004,9006
9003,9007,9004
9008,9004,9009
9009,9004,9010
9011,9004,9012
9013,9012,9004
9013,9004,9007
9014,9006,9004
9004,9011,9014
9010,9004,9015
8981,9015,9004
9004,9016,8981
9016,9004,9017
9017,9004,9018
9008,9018,9004
9004,9019,9020
9019,9004,9021
9004,9020,9021
9004,9022,9023
9022,9004,9024
9004,9023,9024
9025,9023,9022
9025,9024,9023
9025,9022,9026
9024,9025,9007
9027,9007,9025
9025,9026,9027
9013,9026,9022
9013,9027,9026
9022,9007,9027
9022,9027,9013
9022,9024,9007
8981,9007,9015
9010,9015,9007
9028,9020,9019
9028,9021,9020
9028,9019,9029
9021,9028,9007
9028,9029,9030
9030,9007,9028
9013,9029,9019
9013,9030,9029
9019,9007,9030
9019,9030,9013
9019,9021,9007
9031,9008,9032
9008,9033,9032
9008,9006,9018
9033,9008,9009
9034,9006,9008
9008,9031,9034
9035,9033,9036
9032,9033,9035
9033,9009,9037
9033,9037,9038
9039,9033,9038
9033,9039,9036
9035,9036,9040
9039,9040,9036
9036,9034,9031
9036,9041,9034
9031,9041,9036
9035,9040,9041
9039,9041,9040
9041,9031,9032
9041,9042,9043
9041,9043,9044
9041,9039,9035
9044,9034,9041
9042,9041,9032
9045,9046,9044
9047,9044,9046
9044,9047,9048
9044,9049,9045
9044,9050,9051
9044,9052,9049
9053,9052,9044
9053,9044,9054
9044,9055,9042
9042,9056,9044
9044,9056,9055
9048,9057,9044
9044,9057,9058
9058,9059,9044
9054,9044,9059
9034,9044,9060
9035,9060,9044
9035,9044,9061
9062,9044,9063
9062,9061,9044
9044,9064,9065
9064,9044,9066
9044,9065,9066
9063,9044,9043
9044,9067,9068
9068,9069,9044
9044,9069,9067
9054,9070,9051
9053,9054,9051
9054,9042,9070
9054,9059,9042
9071,9051,9070
9071,9070,9042
9071,9072,9050
9073,9071,9050
9071,9042,9072
9073,9051,9071
9050,9074,9073
9075,9051,9073
9073,9076,9075
9077,9076,9073
9073,9074,9078
9078,9077,9073
9078,9079,9042
9079,9078,9080
9074,9080,9078
9077,9078,9081
9078,9042,9081
9082,9075,9081
9083,9081,9075
9082,9081,9084
9077,9081,9083
9081,9042,9085
9086,9087,9081
9081,9088,9086
9088,9081,9089
9081,9090,9089
9090,9081,9091
9085,9084,9081
9087,9091,9081
9081,9092,9093
9092,9081,9094
9081,9093,9094
9081,9095,9096
9096,9097,9081
9081,9097,9095
9085,9092,9084
9082,9084,9092
9098,9095,9097
9098,9096,9095
9097,9092,9098
9099,9098,9092
9098,9100,9096
9098,9099,9100
9096,9099,9092
9096,9042,9099
9042,9100,9099
9042,9096,9100
9096,9092,9097
9087,9092,9091
9090,9091,9092
9042,9093,9092
9042,9094,9093
9092,9094,9042
9101,9092,9085
9102,9092,9101
9092,9062,9090
9103,9062,9092
9092,9104,9103
9092,9105,9104
9105,9092,9106
9087,9106,9092
9092,9102,9082
9102,9107,9053
9102,9108,9107
9101,9108,9102
9082,9102,9053
9109,9108,9110
9109,9107,9108
9108,9111,9112
9112,9110,9108
9108,9101,9083
9083,9075,9108
9111,9108,9075
9111,9113,9112
9114,9113,9111
9111,9115,9114
9115,9111,9075
9113,9116,9112
9113,9117,9118
9113,9119,9117
9113,9120,9121
9113,9122,9120
9113,9123,9116
9113,9118,9123
9113,9124,9122
9113,9125,9124
9125,9113,9126
9113,9121,9127
9114,9126,9113
9113,9127,9119
9128,9129,9127
9127,9130,9128
9127,9120,9131
9132,9127,9133
9132,9119,9127
9130,9127,9134
9121,9135,9127
9136,9127,9137
9136,9138,9127
9138,9139,9127
9139,9140,9127
9134,9127,9129
9141,9127,9140
9135,9133,9127
9141,9137,9127
9142,9143,9127
9142,9127,9144
9144,9127,9145
9143,9145,9127
9127,9146,9147
9147,9148,9127
9127,9148,9146
9135,9128,9133
9132,9133,9128
9142,9128,9143
9128,9149,9143
9145,9143,9149
9128,9142,9149
9145,9149,9142
9136,9137,9128
9141,9128,9137
9130,9134,9131
9129,9150,9134
9131,9134,9150
9129,9130,9150
9131,9150,9130
9151,9147,9146
9151,9146,9148
9151,9152,9147
9148,9131,9151
9153,9151,9131
9151,9153,9152
9120,9147,9152
9120,9152,9153
9147,9153,9131
9147,9120,9153
9147,9131,9148
9145,9154,9144
9145,9142,9154
9131,9144,9154
9131,9154,9142
9142,9144,9131
9155,9128,9141
9141,9140,9131
9155,9141,9131
8884,8923,9155
8897,9155,8923
9155,9136,9128
9155,9131,9156
9155,9157,9158
9155,9156,9157
9155,9159,9160
9160,9161,9155
9155,9161,9136
9155,8897,9159
9155,9162,8884
9162,9155,9125
9155,9158,9125
9156,9158,9157
9156,9125,9158
9163,9164,9162
9162,9164,9165
9166,9167,9162
9162,9125,9166
8872,8884,9162
9162,9168,8872
9162,9165,9169
9163,9162,9167
9162,9169,9170
9170,9168,9162
9167,9171,9172
9167,9173,9171
9174,9175,9167
9167,9172,9174
9176,9173,9167
9167,9175,9177
9167,9166,9176
9177,9163,9167
9177,9175,9178
9170,9163,9177
9177,9169,9179
9177,9178,9169
9177,9179,9170
9178,9180,9181
9180,9178,9182
9178,9183,9164
9163,9178,9164
9178,9184,9182
9184,9178,9185
9178,9173,9185
9178,9186,9183
9178,9181,9186
9178,9175,9173
9178,9163,9169
9181,9164,9183
9181,9183,9186
9164,9181,9180
9180,9186,9187
9186,9180,9188
9186,9189,9190
9189,9186,9191
9186,9192,9193
9186,9194,9192
9188,9195,9186
9195,9187,9186
9186,9196,9164
9197,9186,9198
9197,9199,9186
9199,9198,9186
9194,9186,9200
9201,9186,9202
9201,9203,9186
9203,9204,9186
9202,9186,9204
9190,9205,9186
9206,9200,9186
9207,9186,9205
9186,9207,9191
9193,9206,9186
9186,9208,9209
9209,9210,9186
9186,9210,9208
9186,9211,9212
9212,9213,9186
9186,9213,9211
9186,9214,9215
9215,9216,9186
9186,9216,9214
9217,9191,9180
9189,9191,9207
9191,9218,9219
9218,9191,9220
9191,9219,9220
9191,9192,9221
9192,9191,9222
9191,9221,9222
9191,9223,9224
9224,9225,9191
9191,9225,9223
9191,9201,9226
9201,9191,9203
9191,9226,9203
9194,9191,9205
9194,9200,9191
9206,9191,9200
9206,9205,9191
9191,9188,9227
9188,9191,9195
9191,9227,9195
9206,9189,9205
9194,9205,9189
9187,9227,9188
9187,9195,9227
9204,9203,9226
9204,9226,9201
9228,9224,9223
9228,9223,9225
9228,9229,9224
9228,9230,9229
9230,9228,9192
9225,9192,9228
9217,9224,9229
9217,9229,9230
9224,9230,9192
9224,9217,9230
9224,9192,9225
9217,9221,9192
9217,9222,9221
9192,9222,9217
9231,9220,9219
9231,9219,9218
9220,9231,9180
9232,9180,9231
9231,9233,9232
9231,9218,9233
9218,9180,9232
9218,9232,9217
9217,9232,9233
9217,9233,9218
9218,9220,9180
9217,9234,9235
9235,9236,9217
9237,9217,9238
9239,9217,9237
8882,9217,8879
8879,9217,9240
9217,9236,9234
9241,9217,9239
9241,9240,9217
9242,9238,9217
9217,8882,9242
9217,9243,9244
9243,9217,9245
9217,9244,9245
9165,9217,9169
9169,9217,9182
9182,9217,9246
9165,9247,9217
8883,9217,8872
8872,9217,9247
8883,9248,9217
9246,9217,9248
9217,9249,9250
9249,9217,9251
9217,9250,9251
9217,9252,9253
9252,9217,9254
9217,9253,9254
9255,9254,9253
9255,9253,9252
9254,9255,9242
9255,9256,9257
9257,9242,9255
9255,9252,9256
9235,9257,9256
9235,9256,9252
9252,9257,9235
9252,9242,9257
9252,9254,9242
8883,9242,9248
9246,9248,9242
9258,9250,9249
9258,9251,9250
9258,9259,9260
9260,9242,9258
9258,9249,9259
9251,9258,9242
9235,9260,9259
9235,9259,9249
9249,9260,9235
9249,9242,9260
9249,9251,9242
9238,9261,9180
9237,9238,9180
9238,9242,9261
9262,9180,9261
9262,9261,9242
9262,9263,9180
9262,9264,9263
8882,9264,9262
8882,9262,9242
9265,9180,9263
9265,9263,9264
9265,9266,9180
9267,9265,9264
9267,9196,9265
9265,9196,9266
9266,9268,9180
9266,9269,9268
9269,9266,9196
9180,9269,9270
9180,9271,9269
9164,9269,9272
9269,9164,9273
9241,9269,9274
9196,9274,9269
9273,9275,9269
9275,9272,9269
9276,9277,9269
9277,9278,9269
9278,9268,9269
9269,9241,9276
9165,9269,9247
9247,9269,9271
9279,9269,9280
9279,9281,9269
9281,9282,9269
9165,9270,9269
9280,9269,9282
9282,9283,9280
9164,9280,9283
9279,9280,9164
9164,9283,9279
9282,9279,9283
9272,9275,9284
9164,9272,9273
9272,9284,9273
9196,9284,9275
9196,9273,9284
9282,9281,9285
9282,9285,9279
9196,9279,9285
9196,9285,9281
9180,9270,9164
9165,9164,9270
9279,9196,9281
9180,9196,9271
9247,9271,9196
9286,9277,9276
9276,9287,9286
9276,9241,9288
9287,9276,9288
9286,9287,8879
9288,9168,9287
9287,9168,8879
9289,9288,9290
9289,9291,9288
9241,9290,9288
9288,9291,9168
9291,9289,9292
9239,9291,9292
9291,9239,9237
9291,9237,9168
9292,9289,9293
9293,9294,9292
9292,9295,9239
9295,9292,9294
9294,9174,9296
9174,9294,9293
9297,9294,9298
9294,9296,9298
9295,9294,9299
9299,9294,9297
9297,9293,9300
9293,9297,9171
9297,9301,9171
9297,9298,9301
9300,9185,9297
9299,9297,9185
9300,9293,9289
9300,9302,9303
9303,9304,9300
9300,9305,9302
9300,9304,9305
9185,9300,9306
9307,9306,9300
9300,9126,9307
9289,9286,9300
9126,9300,9286
9185,9306,9304
9307,9304,9306
9304,9303,9302
9304,9302,9305
9308,9309,9307
9307,9309,9310
9311,9308,9307
9307,9310,9312
9312,9185,9307
9304,9307,9185
9313,9311,9307
9307,9126,9314
9313,9307,9315
9315,9307,9316
9314,9316,9307
9311,9313,9317
9318,9317,9313
9315,9318,9313
9319,9320,9318
9321,9318,9320
9321,9317,9318
9315,9319,9318
9322,9323,9318
9322,9318,9324
9325,9324,9318
9323,9326,9318
9325,9318,9326
9325,9326,9315
9323,9315,9326
9322,9324,9325
9325,9327,9328
9327,9325,9315
9328,9329,9325
9329,9322,9325
9329,9330,9331
9329,9331,9332
9329,9328,9333
9329,9333,9334
9322,9329,9335
9336,9335,9329
9329,9337,9330
9337,9329,9332
9329,9334,9336
9336,9050,9338
9339,9050,9336
9336,9340,9341
9336,9338,9340
9336,9341,9342
9342,9337,9336
9336,9337,9335
9336,9334,9343
9343,9339,9336
9050,9339,9344
9339,9345,9346
9346,9344,9339
9339,9347,9345
9339,9343,9347
9344,9345,9347
9344,9346,9345
9344,9348,9050
9344,9334,9348
9347,9343,9344
9334,9344,9343
9349,9050,9348
9349,9348,9334
9349,9350,9050
9089,9351,9349
9334,9089,9349
9349,9351,9088
9350,9349,9086
9352,9086,9349
9349,9088,9352
9086,9352,9353
9352,9088,9354
9354,9353,9352
9353,9355,9356
9353,9357,9355
9353,9358,9359
9353,9359,9360
9353,9338,9050
9353,9050,9361
9353,9354,9357
9353,9360,9340
9353,9340,9338
9353,9356,9362
9353,9361,9042
9086,9353,9042
9353,9362,9358
9079,9362,9359
9359,9362,9363
9363,9362,9364
9362,9355,9365
9079,9366,9362
9366,9367,9362
9354,9362,9356
9354,9368,9362
9364,9362,9367
9369,9358,9362
9369,9362,9368
9362,9370,9371
9371,9372,9362
9362,9372,9370
9364,9373,9365
9364,9354,9373
9363,9364,9365
9364,9367,9354
9374,9373,9354
9374,9365,9373
9374,9375,9376
9374,9377,9375
9374,9378,9377
9374,9379,9378
9380,9379,9374
9381,9374,9376
9374,9381,9365
9374,9354,9380
9380,9354,9083
9380,9382,9379
9382,9380,9383
9380,9101,9383
9083,9101,9380
9053,9107,9383
9384,9383,9107
9383,9384,9382
9385,9383,9101
9383,9385,9053
9386,9053,9385
9385,9387,9386
9101,9042,9385
9387,9385,9042
9386,9387,9388
9388,9387,9389
9387,9042,9389
9390,9389,9391
9391,9389,9392
9389,9390,9388
9392,9389,9042
9390,9393,9006
9391,9393,9390
9006,9394,9390
9390,9394,9388
9014,9395,9394
9394,9395,9047
9396,9388,9394
9396,9394,9047
9394,9006,9014
9397,9388,9396
9397,9396,9384
9047,9384,9396
9107,9397,9384
9005,9397,9107
9386,9397,9393
9393,9397,9005
9388,9397,9386
9398,9395,9399
9395,9398,9047
9395,9014,9011
9395,9011,9399
9011,9400,9399
9399,9400,9049
9399,9049,9052
9052,9391,9399
9392,9399,9391
9399,9392,9401
9399,9402,9398
9399,9401,9402
9402,9401,9403
9403,9401,9392
9402,9403,9404
9403,9405,9406
9403,9058,9405
9406,9404,9403
9058,9403,9042
9042,9403,9392
9406,9407,9404
9407,9406,9049
9049,9406,9405
9408,9407,9409
9049,9409,9407
9408,9404,9407
9409,9410,9408
9408,9410,9402
9402,9404,9408
9411,9410,9409
9410,9411,9402
9409,9412,9411
9413,9411,9412
9402,9411,9413
9400,9414,9412
9049,9400,9412
9412,9409,9049
9412,9414,9413
9400,9415,9414
9413,9414,9415
9400,9416,9415
9415,9416,9417
9415,9418,9413
9418,9415,9419
9415,9420,9421
9421,9422,9415
9422,9423,9415
9417,9419,9415
9424,9415,9425
9424,9426,9415
9426,9427,9415
9425,9415,9427
9420,9415,9423
9420,9417,9398
9418,9420,9398
9418,9419,9420
9420,9423,9421
9420,9428,9424
9424,9425,9420
9420,9425,9428
9417,9420,9419
9427,9424,9428
9427,9428,9425
9423,9429,9421
9423,9422,9429
9418,9429,9422
9418,9421,9429
9427,9430,9424
9427,9426,9430
9418,9430,9426
9418,9424,9430
9424,9418,9426
9417,9431,9398
9416,9431,9417
9431,9432,9398
9432,9431,9416
9432,9433,9398
9416,9434,9432
9433,9432,9434
9434,9416,9400
9400,9435,9434
9434,9435,9433
9400,9436,9435
9435,9437,9433
9437,9435,9436
9438,9436,9400
9437,9436,9439
9439,9436,9438
9440,9436,9441
9440,9442,9436
9442,9443,9436
9444,9436,9445
9444,9446,9436
9446,9447,9436
9445,9436,9447
9441,9436,9443
9400,9448,9438
9449,9438,9448
9438,9449,9439
9448,9450,9449
9449,9450,9047
9047,9439,9449
9451,9450,9452
9450,9451,9047
9448,9452,9450
9452,9453,9451
9038,9453,9452
9452,9448,9038
9454,9453,9455
9455,9453,9038
9451,9453,9454
9456,9453,9457
9456,9458,9453
9458,9459,9453
9460,9453,9461
9460,9462,9453
9462,9463,9453
9461,9453,9463
9457,9453,9459
9459,9464,9457
9456,9457,9454
9454,9457,9464
9459,9456,9464
9454,9464,9456
9463,9465,9461
9454,9461,9465
9460,9461,9454
9463,9460,9465
9454,9465,9460
9459,9458,9466
9459,9466,9456
9451,9466,9458
9451,9456,9466
9463,9462,9467
9463,9467,9460
9451,9467,9462
9451,9460,9467
9460,9451,9462
9456,9451,9458
9455,9048,9454
9047,9451,9454
9047,9454,9048
9048,9455,9468
9045,9468,9455
9455,9038,9045
9468,9405,9058
9405,9468,9045
9468,9057,9048
9058,9057,9468
9400,9038,9448
9440,9441,9439
9443,9469,9441
9439,9441,9469
9443,9440,9469
9439,9469,9440
9444,9445,9439
9447,9470,9445
9439,9445,9470
9447,9444,9470
9439,9470,9444
9443,9471,9440
9443,9442,9471
9437,9440,9471
9437,9471,9442
9447,9472,9444
9447,9446,9472
9437,9444,9472
9437,9472,9446
9444,9437,9446
9440,9437,9442
9437,9439,9047
9437,9047,9398
9398,9433,9437
9421,9418,9422
9413,9418,9398
9413,9398,9402
9045,9049,9405
9400,9011,9009
9009,9038,9400
9393,9391,9386
9006,9393,9005
9391,9052,9386
9053,9386,9052
9473,9382,9384
9384,9047,9473
9474,9382,9473
9473,9475,9474
9475,9473,9476
9476,9473,9047
9476,9477,9475
9477,9476,9478
9046,9478,9476
9046,9476,9047
9478,9046,9479
9477,9478,9479
9480,9479,9481
9479,9480,9477
9479,9046,9482
9482,9481,9479
9483,9484,9479
9483,9479,9485
9486,9485,9479
9486,9479,9487
9488,9487,9479
9488,9479,9484
9481,9489,9480
9490,9489,9481
9490,9481,9491
9481,9482,9491
9492,9493,9481
9492,9481,9494
9486,9494,9481
9481,9493,9483
9483,9485,9481
9486,9481,9485
9483,9493,9495
9496,9495,9493
9496,9493,9497
9498,9497,9493
9493,9499,9498
9493,9492,9499
9500,9498,9499
9492,9501,9499
9500,9499,9501
9502,9501,9490
9490,9501,9503
9504,9503,9501
9501,9502,9505
9501,9506,9504
9506,9501,9507
9500,9501,9508
9509,9508,9501
9492,9510,9501
9509,9501,9510
9505,9511,9501
9512,9507,9501
9501,9513,9512
9513,9501,9511
9501,9514,9515
9514,9501,9516
9501,9515,9516
9501,9517,9518
9518,9519,9501
9501,9519,9517
9501,9520,9521
9521,9522,9501
9501,9522,9520
9501,9523,9524
9524,9525,9501
9501,9525,9523
9512,9509,9507
9506,9507,9509
9526,9523,9525
9526,9524,9523
9525,9506,9526
9514,9526,9506
9514,9524,9526
9524,9506,9525
9506,9524,9514
9527,9520,9522
9527,9521,9520
9522,9514,9527
9527,9528,9529
9527,9529,9521
9528,9527,9514
9502,9529,9528
9521,9502,9528
9521,9528,9514
9502,9521,9529
9521,9514,9522
9530,9517,9519
9530,9518,9517
9530,9531,9532
9530,9532,9518
9519,9506,9530
9531,9530,9506
9518,9531,9506
9518,9514,9531
9514,9532,9531
9514,9518,9532
9518,9506,9519
9511,9533,9513
9511,9514,9533
9505,9514,9511
9534,9513,9533
9534,9533,9514
9502,9535,9534
9534,9505,9502
9536,9537,9534
9535,9536,9534
9534,9514,9505
9537,9513,9534
9538,9539,9537
9540,9538,9537
9541,9537,9539
9537,9536,9540
9537,9541,9513
9542,9543,9540
9540,9543,9544
9545,9542,9540
9540,9546,9545
9540,9547,9546
9540,9548,9547
9536,9548,9540
9549,9538,9540
9550,9540,9544
9540,9550,9549
9551,9550,9552
9550,9551,9553
9550,9554,9555
9550,9553,9554
9556,9549,9550
9544,9557,9550
9552,9550,9557
9556,9550,9555
9555,9553,9558
9553,9555,9559
9558,9559,9555
9555,9560,9556
9560,9555,9554
9561,9560,9562
9562,9560,9563
9564,9560,9561
9565,9560,9564
9563,9560,9553
9565,9556,9560
9560,9554,9553
9566,9562,9565
9565,9567,9566
9562,9567,9565
9564,9568,9565
9556,9565,9568
9564,9567,9568
9556,9568,9567
9569,9567,9559
9562,9559,9567
9570,9567,9571
9570,9572,9567
9567,9572,9566
9567,9569,9573
9564,9556,9567
9574,9571,9567
9573,9574,9567
9574,9573,9538
9538,9575,9574
9574,9575,9571
9575,9549,9576
9577,9575,9576
9549,9575,9538
9575,9577,9571
9578,9571,9577
9577,9579,9578
9579,9577,9580
9577,9576,9580
9581,9580,9576
9582,9580,9581
9580,9582,9579
9581,9576,9583
9583,9584,9581
9585,9581,9584
9582,9581,9585
9584,9586,9587
9587,9588,9584
9588,9589,9584
9586,9584,9583
9584,9589,9585
9590,9589,9591
9590,9585,9589
9588,9592,9589
9589,9592,9593
9593,9591,9589
9593,9594,9591
9591,9594,9595
9591,9596,9597
9596,9591,9598
9598,9591,9595
9591,9597,9590
9598,9599,9600
9598,9600,9596
9598,9601,9602
9602,9603,9598
9598,9604,9605
9605,9601,9598
9595,9604,9598
9598,9603,9599
9602,9606,9603
9603,9606,9607
9608,9603,9607
9599,9603,9609
9603,9610,9609
9603,9611,9610
9608,9611,9603
9611,9612,9613
9614,9612,9611
9615,9609,9611
9616,9611,9617
9616,9618,9611
9618,9619,9611
9608,9620,9611
9621,9622,9611
9621,9611,9623
9623,9611,9624
9625,9611,9626
9625,9627,9611
9628,9611,9627
9622,9624,9611
9611,9628,9629
9611,9629,9630
9611,9631,9632
9611,9633,9631
9633,9611,9634
9611,9632,9635
9611,9636,9614
9611,9635,9636
9610,9611,9620
9637,9611,9619
9613,9638,9611
9639,9634,9611
9639,9611,9638
9630,9626,9611
9617,9611,9637
9640,9641,9614
9614,9642,9640
9643,9614,9644
9614,9645,9642
9646,9647,9614
9614,9648,9646
9645,9614,9641
9648,9614,9649
9650,9614,9651
9650,9652,9614
9652,9653,9614
9654,9614,9655
9654,9656,9614
9656,9657,9614
9655,9614,9657
9651,9614,9653
9649,9614,9647
9614,9658,9612
9658,9614,9659
9660,9661,9614
9660,9614,9662
9662,9614,9663
9661,9663,9614
9664,9614,9636
9664,9659,9614
9614,9665,9666
9665,9614,9667
9614,9666,9667
9614,9635,9668
9635,9614,9669
9614,9668,9669
9614,9670,9671
9671,9672,9614
9614,9672,9670
9640,9635,9641
9645,9641,9635
9673,9671,9670
9673,9670,9672
9673,9674,9675
9673,9675,9671
9672,9635,9673
9674,9673,9635
9643,9675,9674
9671,9643,9674
9671,9674,9635
9643,9671,9675
9671,9635,9672
9643,9669,9668
9643,9668,9635
9635,9669,9643
9676,9667,9666
9676,9666,9665
9676,9677,9678
9678,9644,9676
9667,9676,9644
9676,9665,9677
9643,9678,9677
9643,9677,9665
9665,9678,9643
9665,9644,9678
9665,9667,9644
9653,9679,9651
9646,9651,9679
9650,9651,9646
9653,9650,9679
9646,9679,9650
9646,9680,9661
9660,9646,9661
9663,9661,9680
9646,9660,9680
9663,9680,9660
9657,9681,9655
9646,9655,9681
9654,9655,9646
9657,9654,9681
9646,9681,9654
9648,9649,9642
9647,9682,9649
9642,9649,9682
9647,9648,9682
9642,9682,9648
9664,9642,9659
9658,9659,9642
9664,9640,9683
9640,9664,9684
9664,9683,9685
9664,9686,9687
9664,9687,9642
9664,9685,9688
9664,9688,9686
9664,9632,9631
9664,9635,9632
9664,9636,9635
9631,9684,9664
9689,9685,9690
9685,9689,9691
9686,9685,9692
9685,9693,9694
9685,9695,9693
9695,9685,9696
9685,9697,9696
9685,9698,9640
9640,9699,9685
9685,9699,9698
9645,9685,9700
9645,9701,9685
9700,9685,9701
9702,9690,9685
9685,9703,9702
9703,9685,9704
9628,9704,9685
9685,9705,9706
9705,9685,9707
9685,9706,9707
9658,9685,9683
9685,9691,9708
9685,9708,9709
9685,9709,9710
9685,9710,9628
9658,9688,9685
9711,9685,9694
9711,9712,9685
9685,9713,9714
9713,9685,9715
9685,9714,9715
9685,9716,9717
9716,9685,9718
9685,9717,9718
9685,9719,9720
9719,9685,9721
9685,9720,9721
9697,9685,9712
9697,9712,9658
9711,9658,9712
9722,9696,9697
9722,9697,9658
9722,9723,9696
9722,9724,9723
9722,9725,9724
9722,9711,9725
9711,9722,9658
9612,9725,9711
9725,9616,9724
9725,9612,9726
9615,9616,9725
9725,9726,9615
9726,9628,9727
9726,9727,9615
9726,9612,9728
9726,9728,9628
9729,9728,9612
9729,9628,9728
9612,9709,9729
9730,9729,9709
9730,9628,9729
9731,9730,9732
9732,9730,9733
9709,9734,9730
9730,9734,9733
9730,9731,9735
9730,9735,9628
9735,9736,9628
9735,9737,9736
9735,9738,9737
9735,9731,9738
9689,9739,9737
9737,9694,9689
9733,9740,9737
9737,9732,9733
9732,9737,9738
9741,9737,9742
9743,9742,9737
9744,9737,9741
9737,9744,9743
9740,9745,9737
9737,9746,9747
9747,9748,9737
9737,9748,9746
9745,9749,9737
9737,9750,9751
9750,9737,9752
9737,9751,9752
9753,9754,9737
9754,9755,9737
9629,9737,9755
9753,9737,9756
9731,9756,9737
9757,9737,9739
9757,9758,9737
9694,9737,9758
9737,9759,9731
9737,9628,9759
9628,9737,9629
9760,9736,9737
9760,9737,9749
9743,9761,9762
9743,9763,9761
9763,9743,9744
9764,9743,9762
9743,9764,9732
9743,9732,9742
9765,9764,9762
9764,9766,9767
9694,9764,9767
9768,9764,9694
9764,9765,9766
9764,9768,9732
9767,9769,9765
9765,9770,9767
9771,9765,9769
9765,9771,9770
9762,9772,9765
9773,9765,9772
9773,9774,9765
9775,9776,9765
9775,9765,9774
9776,9777,9765
9778,8862,9765
9765,9779,9778
9779,9765,9780
8864,9781,9765
9765,8862,8864
9782,9765,9781
9765,9782,9783
9783,9780,9765
9784,9785,9765
9784,9765,9786
9786,9765,9787
9785,9787,9765
9766,9765,9788
9788,9765,9777
9788,9777,9782
9776,9782,9777
9788,9782,9789
9788,9789,9783
9766,9788,9783
9790,9783,9789
9790,9789,9782
9791,9790,9782
9790,9792,9793
9791,9792,9790
9790,9793,9783
9791,9794,9792
9791,9795,9794
9791,9796,9795
9791,9797,9796
9791,9798,9797
9791,9782,9799
9798,9791,9800
9800,9791,9801
9791,9802,9801
9791,9799,9802
9803,9802,9799
9803,9799,9782
9804,9803,9782
9802,9803,9805
9804,9805,9803
9805,9782,9806
9782,9805,9807
9804,9808,9805
9808,9734,9805
9805,9806,9807
9805,9809,9810
9810,9811,9805
9805,9811,9809
9734,9812,9805
9802,9805,9812
9805,9813,9814
9814,9815,9805
9816,9805,9815
9813,9805,9817
9818,9817,9805
9805,9819,9820
9819,9805,9821
9805,9820,9821
9818,9805,9822
9816,9822,9805
9805,9823,9824
9824,9825,9805
9805,9825,9823
9826,9824,9823
9826,9823,9825
9827,9826,9782
9825,9782,9826
9826,9828,9824
9826,9827,9828
9802,9828,9827
9802,9824,9828
9824,9802,9827
9824,9827,9782
9824,9782,9825
9816,9782,9822
9818,9822,9782
9816,9829,9782
9816,9830,9802
9816,9802,9829
9816,9810,9830
9816,9815,9810
9831,9782,9829
9831,9829,9802
9831,9802,9832
9831,9798,9833
9831,9834,9798
9831,9800,9834
9831,9833,9797
9831,9797,9835
9831,9835,9795
9831,9792,9836
9831,9837,9792
9831,9795,9837
9831,9836,9782
9800,9831,9832
9832,9838,9839
9840,9838,9832
9832,9802,9830
9832,9841,9842
9832,9842,9843
9832,9844,9800
9841,9832,9839
9832,9843,9845
9832,9845,9844
9840,9832,9810
9832,9830,9810
9846,9847,9839
9848,9839,9847
9839,9838,9846
9839,9848,9841
9848,9801,9849
9801,9848,9850
9849,9851,9848
9850,9848,9852
9852,9848,9851
9847,9853,9848
9841,9848,9853
9851,9854,9855
9854,9851,9856
9851,9857,9858
9851,9858,9859
9859,9856,9851
9860,9861,9851
9851,9855,9860
9857,9851,9849
9862,9851,9861
9863,9851,9862
9851,9864,9865
9864,9851,9866
9851,9865,9852
9863,9867,9851
9867,9866,9851
9868,9869,9866
9868,9866,9870
9871,9870,9866
9864,9866,9869
9866,9867,9871
9871,9872,9870
9872,9871,9873
9874,9873,9871
9871,9867,9874
9874,9867,9875
9874,9876,9877
9873,9874,9877
9874,9875,9876
9874,9878,9879
9879,9880,9874
9880,9881,9874
9878,9874,9881
9874,9882,9883
9882,9874,9884
9874,9883,9884
9880,9875,9881
9878,9881,9875
9885,9883,9882
9885,9884,9883
9886,9875,9885
9884,9885,9875
9885,9882,9887
9885,9887,9886
9877,9886,9887
9877,9887,9882
9882,9875,9886
9882,9886,9877
9882,9884,9875
9888,9876,9875
9888,9877,9876
9889,9888,9875
9888,9890,9877
9888,9878,9890
9889,9878,9888
9889,9863,9891
9867,9863,9889
9875,9867,9889
9878,9889,9892
9892,9889,9891
9863,9893,9891
9891,9893,9894
9895,9891,9894
9891,9895,9892
9896,9892,9895
9895,9897,9896
9895,9898,9897
9898,9895,9899
9894,9900,9895
9900,9899,9895
9901,9899,9902
9903,9899,9901
9898,9899,9904
9903,9904,9899
9902,9899,9900
9904,9905,9898
9893,9905,9904
9904,9894,9893
9894,9904,9903
9863,9906,9905
9905,9893,9863
9906,9898,9905
9907,9908,9905
9905,9909,9907
9909,9905,9910
9905,9908,9911
9911,9912,9905
9910,9905,9912
9906,9863,9913
9897,9906,9913
9906,9897,9898
9913,9863,9914
9915,9916,9913
9914,9915,9913
9917,9897,9913
9913,9918,9919
9918,9913,9920
9921,9920,9913
9917,9913,9916
9922,9913,9923
9922,9924,9913
9923,9913,9924
9919,9921,9913
9862,9925,9914
9862,9914,9863
9915,9914,9926
9927,9914,9925
9914,9927,9928
9914,9928,9926
9928,9929,9930
9931,9929,9928
9932,9928,9927
9933,9926,9928
9931,9928,9932
9928,9930,9933
9932,9934,9931
9931,9935,9929
9935,9931,9934
9936,9934,9932
9934,9936,9935
9932,9926,9936
9935,9936,9937
9938,9939,9936
9926,9938,9936
9937,9936,9939
9940,9941,9937
9937,9942,9940
9937,9941,9935
9303,9937,9939
9303,9310,9937
9310,9942,9937
9940,9943,9941
9944,9941,9943
9944,9935,9941
9945,9944,9943
9946,9944,9945
9935,9944,9947
9947,9944,9948
9944,9949,9948
9946,9949,9944
9950,9944,9951
9951,9944,9952
9944,9953,9952
9954,9953,9944
9944,9955,9954
9955,9944,9956
9950,9956,9944
9956,9950,9957
9956,9958,9955
9958,9956,9741
9956,9959,9960
9959,9956,9957
9741,9956,9960
9961,9957,9962
9957,9961,9963
9957,9963,9959
9962,9957,9950
9962,9964,9309
9962,9309,9965
9962,9966,9961
9962,9967,9966
9950,9968,9962
9310,9962,9968
9962,9965,9967
9962,9310,9964
9961,9967,9903
9309,9308,9967
9967,9942,9309
9942,9967,9969
9970,9967,9308
9970,9971,9967
9969,9967,9971
9322,9967,9965
9322,9972,9967
9966,9967,9972
9967,9973,9974
9973,9967,9975
9967,9974,9975
9969,9976,9961
9942,9969,9961
9969,9971,9903
9969,9903,9976
9977,9961,9976
9977,9976,9903
9977,9978,9979
9978,9977,9901
9980,9961,9977
9903,9901,9977
9919,9980,9977
9977,9917,9919
9917,9977,9979
9979,9978,9981
9917,9979,9982
9979,9983,9984
9979,9985,9983
9979,9986,9985
9984,9986,9979
9981,9982,9979
9902,9984,9901
9984,9987,9901
9987,9984,9983
9988,9985,9984
9984,9985,9986
9984,9902,9988
9989,9988,9990
9985,9988,9989
9902,9991,9988
9992,9988,9991
9993,9990,9988
9988,9992,9993
9991,9994,9992
9995,9993,9992
9992,9994,9996
9995,9992,9996
9917,9995,9896
9993,9995,9917
9873,9995,9996
9877,9995,9873
9877,9896,9995
9872,9996,9994
9996,9872,9873
9994,9870,9872
9870,9994,9991
9917,9990,9993
9989,9990,9869
9917,9997,9990
9990,9997,9869
9869,9997,9998
9997,9917,9981
9999,9998,9997
9997,9981,10000
10001,10002,9997
9997,10002,9999
10003,10001,9997
9997,10004,10003
9997,10000,10004
10005,10000,9981
10005,10004,10000
10005,10006,10003
10005,10007,10006
10007,10005,9981
10004,10005,10003
10007,9981,9987
9987,10008,10007
10007,10008,10009
10001,10006,10007
10001,10007,10010
10007,10009,10010
10007,10003,10011
10011,10012,10007
10004,10007,10012
10013,10014,10007
10013,10007,10015
10016,10015,10007
10016,10007,10014
10007,10017,10003
10007,10004,10017
10011,10003,10017
10011,10017,10004
10013,10003,10014
10016,10014,10003
10016,10004,10015
10016,9981,10018
9981,10016,10003
10016,10018,10004
10013,10018,9981
10013,10004,10018
10013,10015,10004
10003,10013,9981
10004,10012,9981
10011,9981,10012
10004,9981,10011
10009,10019,10020
10009,10021,10019
10022,10010,10009
10009,10023,10022
10024,10009,10025
10021,10009,10024
10009,10026,10023
10009,10020,10026
10027,10009,10008
10009,10027,10025
10019,10021,10028
10029,10028,10021
10029,10021,10024
10029,10030,10031
10030,10029,10032
10028,10029,10033
10010,10032,10029
10029,10024,10010
10029,10031,10034
10034,10033,10029
10035,10036,10032
10035,10032,10037
10032,10038,9983
10032,9983,10030
10032,10039,10040
10040,10041,10032
10032,10041,10039
10010,10042,10032
10043,10032,10042
10044,10045,10032
10044,10032,10036
10032,10046,10047
10046,10032,10048
10032,10047,10048
10049,10032,10045
10049,10037,10032
10038,10032,10043
10050,10038,10035
10050,9983,10038
10038,10043,10035
10051,10052,10050
10051,10050,10035
10050,10052,10053
10050,10053,9983
10054,10055,10052
10054,10052,9546
9543,10052,10051
10052,9543,10056
10056,9545,10052
9546,10052,9545
10052,10057,10058
10057,10052,10055
10052,10059,10060
10061,10059,10052
10062,10052,10063
10062,10064,10052
10064,10065,10052
10066,10052,10067
10067,10052,10068
10035,10068,10052
10052,10066,10069
10070,10071,10052
10052,10069,10070
10052,10072,10073
10072,10052,10074
10052,10073,10074
10075,10052,10076
10075,10077,10052
10077,10078,10052
10076,10052,10078
10063,10052,10065
10052,10060,10061
10052,9983,10035
10079,10053,10052
10052,10058,10079
9983,10052,10071
10055,10080,10081
10055,10054,10080
10055,10081,10082
10055,10082,10083
10083,10084,10055
10055,10084,10057
10085,10083,10082
10085,10082,10081
10086,10051,10085
10083,10085,10051
10086,10085,10081
10087,10088,10086
10087,10086,10081
10086,10089,10051
10086,10088,10089
10090,10051,10089
10090,10089,10088
10090,10091,10051
10090,10092,10091
9535,10092,10090
10090,10093,9535
10090,10088,10093
10094,10092,10095
10094,10091,10092
10051,10092,10088
10092,10051,10081
10081,10088,10092
10095,10092,9535
10096,10097,10092
10096,10092,10098
10099,10098,10092
10092,10100,10099
10100,10092,10097
10101,10100,10102
10100,10103,10051
10051,10104,10100
10100,10104,10103
10105,10100,10106
10105,10107,10100
10035,10100,10107
10106,10100,10108
10109,10108,10100
10100,10081,10109
10100,10035,10081
10096,10099,10100
10110,10111,10100
10111,10112,10100
10110,10100,10112
10100,10088,10113
10088,10100,10114
10100,10113,10114
10096,10100,10115
10100,10116,10117
10116,10100,10118
10100,10117,10118
10100,10119,10120
10119,10100,10121
10100,10120,10121
10100,10122,10123
10122,10100,10124
10100,10123,10124
10097,10115,10100
10100,10125,10126
10126,10127,10100
10100,10127,10125
10109,10088,10108
10106,10108,10088
10128,10126,10125
10128,10125,10127
10128,10129,10130
10128,10130,10126
10129,10128,10088
10127,10088,10128
10081,10130,10129
10126,10081,10129
10126,10129,10088
10081,10126,10130
10126,10088,10127
10096,10115,10088
10097,10088,10115
10131,10124,10123
10131,10123,10122
10124,10131,10101
10081,10131,10122
10081,10101,10131
10122,10124,10101
10101,10081,10122
10132,10121,10120
10132,10120,10119
10121,10132,10102
10133,10102,10132
10132,10119,10134
10132,10134,10133
10101,10133,10134
10101,10134,10119
10119,10102,10133
10119,10133,10101
10119,10121,10102
10135,10117,10116
10135,10118,10117
10118,10135,10101
10136,10101,10135
10135,10137,10136
10135,10116,10137
10081,10136,10137
10116,10136,10081
10116,10101,10136
10081,10137,10116
10116,10118,10101
10110,10051,10111
10051,10110,10081
10088,10081,10110
10110,10112,10088
10113,10138,10114
10113,10139,10138
10139,10113,10088
10081,10114,10138
10081,10138,10139
10114,10139,10088
10114,10081,10139
10140,10051,10103
10140,10103,10104
10104,10102,10140
9543,10140,10102
9543,10051,10140
10111,10088,10112
10088,10111,10051
10141,10088,10109
10141,10109,10081
10081,10142,10141
10143,10141,10142
9483,10141,10143
9497,10088,10141
9483,9497,10141
10080,10144,10143
10143,10087,10080
10145,10087,10143
10143,10146,10147
10146,10143,10144
10148,10149,10143
10143,10150,10148
9480,10150,10143
10151,10145,10143
10143,10149,10151
10143,10152,9480
10152,10143,10153
10154,10153,10143
10143,10155,10154
10143,10156,10155
10157,10143,10158
10157,10159,10143
10159,10160,10143
10161,10162,10143
10143,10163,10161
10163,10143,10164
10165,10166,10143
10165,10143,10167
10168,10167,10143
10169,10143,10170
10169,10171,10143
10171,10172,10143
10173,10174,10143
10173,10143,10175
10175,10143,10176
10177,10143,10166
9483,10143,10178
10177,10178,10143
10142,10179,10143
10179,10168,10143
10174,10176,10143
10170,10143,10172
10162,10164,10143
10158,10143,10160
10143,10147,10180
10143,10181,10182
10143,10180,10181
10143,10183,10184
10143,10182,10183
10143,10184,10156
10144,10080,10054
10144,10185,10186
10144,10186,10187
10185,10144,10084
10144,10054,10084
10144,10187,10146
10051,10188,10187
10051,10187,10186
10081,10189,10187
10081,10187,10190
10185,10191,10187
10192,10187,10188
10192,10193,10187
10194,10187,10193
10146,10187,10194
10195,10187,10196
10195,10197,10187
10179,10187,10197
10179,10190,10187
10198,10199,10187
10198,10187,10200
10200,10187,10201
10199,10201,10187
10189,10196,10187
10195,10196,10193
10189,10193,10196
10051,10191,10188
10192,10188,10191
10201,10199,10202
10191,10202,10199
10198,10191,10199
10191,10198,10202
10201,10202,10198
10081,10191,10189
10193,10189,10191
10201,10203,10200
10201,10198,10203
10185,10200,10203
10185,10203,10198
10179,10185,10190
10081,10190,10185
10198,10200,10185
10195,10146,10197
10179,10197,10146
10195,10204,10205
10195,10205,10206
10195,10207,10204
10195,9477,10207
10195,10208,10209
10209,9477,10195
10195,10193,10208
10195,10206,10146
10206,10210,10211
10211,10212,10206
10206,10213,10146
10206,10214,10182
10206,10182,10215
10206,10216,10214
10216,10206,10212
10206,10180,10213
10206,10215,10180
10217,10210,10206
10206,10205,10217
10155,10146,10213
10155,10213,10180
10155,10215,10182
10155,10180,10215
10217,10218,10210
10217,10219,10218
10217,10220,10219
10220,10217,10205
10221,10219,10220
10221,10218,10219
10221,10222,10223
10221,10224,10222
10221,10225,10224
10221,10226,10218
10221,10223,10226
10221,10220,10225
10227,10224,10225
10227,10225,10220
10205,10227,10220
10205,10204,10227
10224,10227,10204
10224,10228,10223
10223,10229,10224
10230,10231,10223
10231,10232,10223
9477,10233,10223
9477,10223,10232
10218,10223,10228
10223,10218,10229
10223,10234,10230
10234,10223,10235
10235,10223,10233
10210,10226,10223
10210,10223,10236
10236,10223,10237
10237,10223,10222
10238,10239,10223
10238,10223,10240
10240,10223,10241
10239,10241,10223
9477,10224,10233
10235,10233,10224
10238,10224,10239
10241,10239,10242
10224,10242,10239
10241,10242,10238
10224,10238,10242
10241,10238,10243
10241,10243,10240
10218,10243,10238
10218,10240,10243
10238,10240,10218
10224,10229,10228
10218,10228,10229
10244,10237,10245
10246,10245,10237
10237,10247,10246
10237,10248,10247
10237,10249,10248
10237,10244,10236
10237,10222,10224
10237,10224,10249
10249,10250,10152
10249,10152,10251
10249,10224,10252
10249,10253,10248
10249,10177,10254
10249,10251,10177
10249,10255,10256
10249,10252,10255
10249,10254,10253
10249,10256,10257
10249,10257,10250
10257,10152,10258
10152,10257,10259
9477,10260,10257
10257,10255,9477
10257,10261,10204
10204,10262,10257
10257,10263,10255
10257,10262,10261
10263,10257,10260
10257,10264,10265
10264,10257,10266
10257,10265,10266
10257,10258,10259
10257,10267,10268
10268,10269,10257
10257,10269,10267
10224,10250,10257
10224,10257,10256
10257,10270,10271
10270,10257,10272
10257,10271,10272
10257,10273,10274
10273,10257,10275
10257,10274,10275
10276,10274,10273
10276,10275,10274
10276,10273,10277
10275,10276,10255
10276,10277,10278
10278,10255,10276
10204,10277,10273
10204,10278,10277
10273,10255,10278
10273,10278,10204
10273,10275,10255
10279,10272,10271
10279,10271,10270
10279,10280,10281
10281,10255,10279
10279,10270,10280
10272,10279,10255
10204,10281,10280
10204,10280,10270
10270,10281,10204
10270,10255,10281
10270,10272,10255
10263,10260,10152
9477,10152,10260
10282,10267,10269
10282,10268,10267
10269,10152,10282
10282,10283,10284
10282,10284,10268
10283,10282,10152
10268,10283,10152
9477,10284,10283
10268,9477,10283
9477,10268,10284
10268,10152,10269
10261,10285,10286
10261,10262,10285
10286,10204,10261
9477,10286,10285
10262,10286,9477
10262,10204,10286
9477,10285,10262
10258,10287,10288
10287,10258,10152
10258,10288,10259
9477,10288,10287
9477,10259,10288
10259,10287,10152
10259,9477,10287
10289,10266,10265
10289,10265,10264
10266,10289,10204
10289,10290,10291
10289,10264,10290
10291,10204,10289
10264,10204,10291
10264,10291,9477
9477,10291,10290
9477,10290,10264
10264,10266,10204
10263,10177,10292
10152,10177,10263
10263,10224,10293
10263,10293,10255
10263,10253,10294
10263,10292,10253
10263,10294,10235
10235,10224,10263
10294,10295,10296
10296,10297,10294
10235,10294,10297
10295,10294,10253
10295,10154,10296
10295,10298,10154
10295,10299,10298
10295,10253,10299
10152,10299,10253
10152,10298,10299
10154,10298,10300
10152,10300,10298
10177,10301,10298
10177,10298,10302
10163,10303,10298
10298,10304,10163
10304,10298,10305
10298,10306,10253
10253,10307,10298
10298,10307,10306
10298,10308,10309
10308,10298,10310
10298,10309,10310
10298,10311,10312
10312,10302,10298
10311,10298,10301
10305,10298,10303
10313,10314,10298
10313,10298,10315
10315,10298,10316
10314,10316,10298
10154,10300,10163
10152,10163,10300
10177,10163,10301
10311,10301,10163
10163,10317,10314
10313,10163,10314
10316,10314,10317
10316,10317,10313
10163,10313,10317
10303,10318,10305
10177,10305,10318
10304,10305,10177
10303,10304,10318
10177,10318,10304
10316,10319,10315
10316,10313,10319
10177,10315,10319
10177,10319,10313
10313,10315,10177
10163,10304,10303
10177,10306,10307
10177,10253,10306
10320,10309,10308
10320,10310,10309
10320,10308,10321
10320,10321,10322
10322,10253,10320
10310,10320,10253
10177,10321,10308
10177,10322,10321
10308,10322,10177
10308,10253,10322
9498,10312,10311
10323,9498,10311
10324,10311,10163
10311,10324,10323
10323,10325,10326
10325,10323,10066
10066,10323,10327
10326,9498,10323
10327,10323,10324
10327,10069,10066
10327,10328,10216
10212,10327,10216
10327,10329,10328
10327,10324,10329
10330,10327,10212
10327,10070,10069
10070,10327,10331
10331,10327,10330
10332,10331,10330
10330,10333,10332
10212,10333,10330
9987,10334,10332
10332,10335,9987
10336,10337,10332
10336,10332,10338
10332,10339,10340
10332,10341,10339
10332,10342,10343
10342,10332,10344
10332,10343,10344
10332,10345,10346
10346,10347,10332
10348,10332,10349
10350,10332,10348
10338,10332,10351
10352,10332,10337
10331,10332,10334
10333,10353,10332
10354,10332,10353
10332,10354,10355
10332,10355,10335
10341,10332,10356
10340,10357,10332
10358,10332,10352
10358,10351,10332
10332,10359,10360
10359,10332,10361
10332,10360,10361
10332,10347,10345
10357,10356,10332
10362,10332,10363
10332,10362,10364
10365,10363,10332
10364,10365,10332
10350,10349,10332
10339,10366,10347
10347,10367,10339
10347,10346,10367
10345,10347,10366
10345,10366,10367
10339,10367,10366
10367,10346,10345
10368,10364,10369
10350,10364,10368
10350,10369,10364
10342,10370,10364
10342,10364,10348
10348,10364,10370
10362,10371,10364
10365,10364,10371
10368,10369,10342
10369,10372,10342
10369,10350,10372
9987,10342,10372
9987,10372,10350
10365,10371,10342
10362,10342,10371
10342,10350,10370
10348,10370,10350
10373,10368,10054
10057,10054,10368
10368,10336,10350
10336,10368,10374
10374,10368,10373
10368,10339,10375
10368,10375,10058
10368,10376,10339
10368,10342,10376
10058,10057,10368
10373,10054,10377
10374,10373,10378
10216,10378,10373
10373,10379,10216
10373,10329,10379
10373,10377,10329
10379,10380,10182
10379,10329,10380
10182,10216,10379
10381,10182,10380
10381,10380,10329
10381,10382,10154
10154,10184,10381
10383,10382,10381
10329,10383,10381
10381,10184,10183
10381,10183,10182
10383,10384,10054
10054,10385,10383
10383,9546,10382
9546,10383,10386
10387,10383,10385
10387,10388,10383
10384,10383,10388
10389,10383,10390
10389,10391,10383
10392,10383,10391
10377,10386,10383
10383,10329,10377
10392,10390,10383
10389,10390,10054
10392,10054,10390
10377,10054,10386
9546,10386,10054
10054,10329,10385
10387,10385,10329
10392,10393,10054
9546,10329,10392
10392,10329,10393
10392,10391,9546
10389,10054,10393
10389,10393,10329
10387,10054,10384
10387,10384,9546
10384,10388,9546
10389,9546,10391
10329,9546,10389
10387,9546,10388
10054,10387,10329
9546,10154,10382
10378,10147,10146
10194,10378,10146
10378,10194,10394
10394,10395,10378
10378,10395,10396
10378,10180,10147
10374,10378,10396
10378,10181,10180
10378,10182,10181
10216,10182,10378
10396,10395,10397
10397,10398,10396
10398,10399,10396
10399,10204,10396
10396,10204,10220
10396,10220,10400
10396,10400,10218
10218,10231,10396
10396,10231,10230
10396,10401,10374
10401,10396,10402
10396,10230,10402
10403,10402,10230
10404,10402,10405
10402,10404,10401
10406,10402,10403
10406,10407,10402
10402,10407,10405
10408,10404,10405
10405,10409,10408
10410,10411,10405
10411,10412,10405
10405,10407,10410
10412,10409,10405
10410,10397,10394
10410,10398,10397
10398,10410,10413
10411,10410,10414
10407,10413,10410
10410,10394,10414
10413,10399,10398
10399,10413,10406
10407,10406,10413
10411,10414,10193
10193,10414,10394
9379,9382,10412
10409,10412,9382
10415,9379,10412
10415,10412,10411
10415,10416,10417
10415,10418,10416
10415,10419,10418
10415,10417,10420
10411,10419,10415
9379,10415,10421
10415,10420,10421
10422,10423,10420
10417,10422,10420
9381,10420,10423
10424,10420,9381
10425,10421,10420
10420,10424,10425
10424,9376,10426
10426,10427,10424
10427,10425,10424
9376,10424,9381
10428,10427,10426
10428,10429,10427
10427,10430,10431
10431,10425,10427
10427,10432,10433
10432,10427,10434
10435,10434,10427
10433,10436,10427
10427,10437,10438
10438,10439,10427
10427,10439,10437
10435,10427,10436
10427,10440,10441
10441,10442,10427
10427,10442,10440
10430,10427,10429
10443,10444,10435
10435,10445,10443
10446,10435,10444
10446,10430,10435
10428,10445,10435
10428,10435,10429
10435,10431,10447
10447,10448,10435
10448,10449,10435
10430,10429,10435
10450,10451,10435
10450,10435,10452
10452,10435,10453
10454,10435,10451
10454,10455,10435
10436,10453,10435
10456,10435,10457
10456,10458,10435
10458,10459,10435
10434,10435,10455
10457,10435,10459
10431,10435,10449
10459,10460,10457
10431,10457,10460
10456,10457,10431
10459,10456,10460
10431,10460,10456
10431,10449,10447
10449,10448,10461
10449,10461,10447
10428,10461,10448
10428,10447,10461
10459,10458,10462
10459,10462,10456
10428,10462,10458
10428,10456,10462
10454,10431,10455
10434,10455,10431
10456,10428,10458
10436,10428,10453
10452,10453,10428
10211,10463,10454
10464,10211,10454
10465,10454,10463
10451,10464,10454
10454,10465,10432
10431,10454,10432
10464,10466,10418
10374,10464,10418
10467,10464,10374
10468,10466,10464
10468,10464,10025
10464,10002,10025
10467,10469,10464
10464,10469,10470
10211,10464,10471
10451,10472,10464
10473,10464,10472
10464,10473,10474
10475,10471,10464
10475,10464,10476
10474,10476,10464
10002,10464,10470
10002,10470,10469
10477,10478,10467
10467,10478,10033
10469,10467,10033
10479,10477,10467
10374,10401,10467
10467,10401,10479
10479,10480,10425
10401,10480,10479
10477,10479,10481
10481,10479,10425
10481,10482,10477
10482,10481,10425
10482,10444,10477
10444,10482,10446
10425,10446,10482
10480,10483,10484
10483,10480,10401
10484,10425,10480
10484,10483,10485
10485,10486,10484
10425,10484,10421
10421,10484,10487
10487,10484,10486
10486,10488,10487
10488,10486,10485
10486,10489,10490
10486,10491,10489
10491,10486,10492
10486,10493,10465
10486,10490,10493
10465,10492,10486
10491,10492,10485
10465,10485,10492
8806,10490,10489
8806,10493,10490
10493,10488,10489
10494,10493,10489
10495,10496,10493
10497,10498,10493
10499,10497,10493
10487,10493,10500
10493,10487,10488
8806,10501,10493
10502,10493,10501
10465,10493,10503
10504,10505,10493
10504,10493,10506
10506,10493,10507
10505,10507,10493
10493,10502,10508
10493,9375,10509
10493,10508,9375
10509,10503,10493
10493,9378,10510
9378,10493,10511
10493,10510,10511
10493,10512,10513
10513,10514,10493
10493,10514,10512
9377,10500,10493
9377,10493,10515
10498,10515,10493
10493,10494,10499
10516,10499,10494
10516,10494,10483
10483,10494,10489
10516,9590,10517
10518,9590,10516
10516,10519,10518
10408,10519,10516
10483,10401,10516
10516,10401,10408
10499,10516,10520
10517,10520,10516
10521,10517,9590
10520,10517,10522
10523,10522,10517
10523,10517,10524
10525,10517,10521
10526,10524,10517
10517,10525,10526
10527,10526,10525
10528,10526,10527
10529,10526,10530
10531,10526,10529
10528,10530,10526
10526,10531,10524
10532,10523,10531
10524,10531,10523
10531,10533,10532
10529,10533,10531
10534,10532,10533
10535,10533,10536
10533,10535,10534
10537,10536,10533
10533,10529,10537
10537,10538,10536
10538,10537,10539
10540,10539,10537
10537,10529,10541
10537,10541,10540
9723,10540,10541
9724,10540,9723
10540,9724,10542
10543,10540,10542
10544,10540,10543
10540,10544,10539
10545,10546,10544
10545,10544,10547
10548,10547,10544
10544,10543,10548
10544,10546,10539
10528,10547,10548
10543,10549,10548
8876,8880,10548
10548,8880,10528
10548,10549,10550
10548,8914,8876
10548,10550,8914
10551,8914,10550
10551,10550,10549
10551,10552,9235
10553,10551,9235
10553,8914,10551
10551,10549,10552
10554,9235,10552
10554,10552,10549
10555,9235,10554
10555,10554,10556
10549,10556,10554
10556,10557,10558
10557,10556,10549
10558,10559,10556
10556,10559,10555
10556,9235,8914
10556,10560,10561
10560,10556,10562
10562,10556,10563
10561,10564,10556
10564,10563,10556
10556,10565,10566
10565,10556,10567
10556,10566,10567
10556,10568,10569
10569,10570,10556
10556,10570,10568
10556,10571,10572
10571,10556,10573
10556,10572,10573
10574,10572,10571
10574,10573,10572
10549,8914,10574
10573,10574,8914
10549,10574,10571
10571,10573,8914
8914,10549,10571
10575,10568,10570
10575,10569,10568
10576,10575,8914
10570,8914,10575
10575,10576,10577
10575,10577,10569
9235,10577,10576
9235,10569,10577
10569,9235,10576
10569,10576,8914
10569,8914,10570
10578,10567,10566
10578,10566,10565
10567,10578,8914
10578,10579,10580
10580,8914,10578
10578,10565,10579
10549,10580,10579
10549,10579,10565
10565,8914,10580
10565,10580,10549
10565,10567,8914
10562,10563,9235
10564,9235,10563
9235,10564,10581
10561,10582,10564
10583,10581,10564
10584,10585,10564
10584,10564,10582
10564,10585,10583
10586,10583,10587
10587,10583,10555
9192,10555,10583
10583,9189,9192
9189,10583,10588
10583,10589,10590
10586,10591,10583
10588,10583,10591
10592,10583,10585
10592,10593,10583
10594,10583,10593
10581,10583,10595
10596,10595,10583
10596,10583,10594
10583,10597,10598
10597,10583,10599
10583,10598,10599
10583,10600,10601
10601,10602,10583
10583,10602,10600
10583,10603,10604
10603,10583,10605
10583,10604,10605
10606,10605,10604
10606,10604,10603
10606,10607,10608
10608,10590,10606
10606,10603,10607
10605,10606,10590
9189,10608,10607
9189,10607,10603
10603,10608,9189
10603,10590,10608
10603,10605,10590
10609,10600,10602
10609,10601,10600
10609,10610,10611
10610,10609,10590
10609,10611,10601
10602,10590,10609
10589,10601,10611
10589,10611,10610
10601,10610,10590
10601,10589,10610
10601,10590,10602
10612,10598,10597
10612,10599,10598
10612,10597,10613
10599,10612,10590
10614,10590,10612
10612,10613,10614
9189,10614,10613
9189,10613,10597
10597,10590,10614
10597,10614,9189
10597,10599,10590
10594,10593,10589
10594,10589,10615
10594,10615,10588
10596,10594,10588
10615,10616,10588
10615,10617,10616
10615,10589,10618
10615,10618,10617
8941,10617,8960
10619,8960,10617
10589,10617,10588
10617,10589,10619
10620,10617,10621
10617,10620,10622
10622,10623,10617
10623,10621,10617
10617,8941,10624
10624,10625,10617
10625,10626,10617
10588,10617,10626
10627,10617,8945
8945,10617,10618
10628,10617,10629
10628,10630,10617
10630,10631,10617
10627,10632,10617
10616,10617,10632
10629,10617,10631
10631,10633,10629
10620,10629,10633
10628,10629,10620
10631,10628,10633
10620,10633,10628
10620,10621,10622
10621,10634,10622
10621,10623,10634
10589,10634,10623
10589,10622,10634
10631,10630,10635
10631,10635,10628
10589,10635,10630
10589,10628,10635
10616,10632,10620
10627,10620,10632
10627,9235,10636
10637,9235,10627
8914,10627,8945
10627,8914,10638
10627,10588,10639
10627,10636,10588
10627,10639,10620
10638,10637,10627
10616,10639,10588
10616,10620,10639
10640,10636,9235
10640,10588,10636
10640,9192,10641
10640,10641,9189
10640,9235,10642
10640,9189,10596
10640,10642,9192
10640,10596,10588
10581,10642,9235
10581,9192,10642
10581,9189,10641
10581,10641,9192
10643,10638,8914
10637,10638,10644
10638,10643,10644
10637,10643,9235
10643,10645,9235
10643,8914,10645
10643,10637,10592
10643,10646,10644
10643,10592,10646
10637,10646,10592
10637,10644,10646
10549,9235,10645
10645,8914,10647
10645,10647,10549
8875,10549,10647
8875,10647,8914
10592,10644,10589
8945,10589,10644
10648,8945,10644
10644,10592,10648
10649,10650,10648
10648,10651,10649
10650,10652,10648
10653,10654,10648
10653,10648,10652
10648,10655,8958
10656,10657,10648
10651,10648,10657
10648,10658,10656
10648,10619,10658
10619,10648,10654
10659,10660,10648
10648,10661,10659
10661,10648,10592
10660,10662,10648
8945,10648,10663
10664,10648,10662
10665,10648,10664
10665,10663,10648
10648,10666,10667
10667,10668,10648
10648,10668,10666
10651,10669,10670
10670,10649,10651
10669,10651,10587
10587,10651,10586
10657,10586,10651
10671,10672,10669
10669,10672,10673
10670,10669,10559
10669,10673,10559
10669,10587,10674
10674,10671,10669
10587,10555,10673
10673,10555,10559
10672,10675,10673
10650,10673,10675
10650,10676,10673
10673,10676,10677
10673,10677,10587
10676,10678,10677
10587,10677,10678
10585,10679,10677
10585,10677,10661
10661,10677,10680
10679,10680,10677
10677,10674,10681
10674,10677,10682
10677,10681,10682
10677,10683,10684
10684,10685,10677
10677,10685,10683
10587,10678,10674
10676,10674,10678
10686,10684,10683
10686,10683,10685
10686,10687,10684
10686,10688,10687
10688,10686,10674
10685,10674,10686
10676,10684,10687
10676,10687,10688
10684,10676,10688
10684,10688,10674
10684,10674,10685
10679,10674,10680
10661,10680,10674
10681,10689,10682
10681,10690,10689
10690,10681,10674
10676,10682,10689
10676,10689,10690
10682,10676,10690
10682,10690,10674
10585,10676,10679
10679,10676,10691
10679,10691,10674
10692,10691,10676
10692,10674,10691
10660,10692,10676
10693,10692,10660
10674,10692,10584
10693,10694,10692
10694,10584,10692
10694,10693,10695
10584,10693,10660
10582,10693,10584
10582,10695,10693
10676,10585,10695
10695,10696,10676
10697,10695,10698
10699,10695,10697
10700,10695,10701
10701,10695,10702
10703,10698,10695
10695,10700,10696
10703,10695,10582
10694,10695,10585
10699,10702,10695
10704,10701,10702
10702,10705,10704
10706,10702,10246
10702,10707,10246
10706,10708,10702
10708,10705,10702
10702,10699,10707
10709,10708,10710
10705,10708,10709
10708,10706,10711
10708,10711,10710
10710,10712,10709
10712,10710,10713
10714,10710,10711
10710,10714,10715
10713,10710,10716
10716,10710,10717
10710,10715,10717
10718,10715,10714
10718,10717,10715
10719,10718,10720
10718,9572,10720
10718,10719,10721
9572,10718,10721
10717,10718,10722
10722,10718,10723
10724,10723,10718
10718,10725,10724
10725,10718,10714
10725,10714,10711
10704,10724,10725
10725,10701,10704
10725,10711,10726
10726,10727,10725
10701,10725,10727
10726,10728,10727
10727,10728,10729
10727,10730,10701
10727,10729,10106
10106,9492,10727
9492,10730,10727
10730,9491,9486
9491,10730,9492
10731,10730,9486
10730,10731,10732
10732,10701,10730
10732,10731,9486
9486,10733,10732
10733,10701,10732
10734,10735,10732
10732,10736,10734
10736,10732,10737
10735,10737,10732
10736,10737,10731
10735,10731,10737
9035,10736,10735
10735,10733,9035
10738,10733,10735
10735,10734,10739
10735,10739,10738
10735,10736,10731
9009,10739,10734
9009,10738,10739
10740,10738,10741
10738,10740,10742
10743,10738,9038
10742,10744,10738
10738,9009,10745
10738,10746,10734
10734,10747,10738
10738,10747,10746
10744,10748,10738
10733,10738,10749
10738,10750,10751
10750,10738,10752
10738,10751,10752
10749,10738,10753
10754,10738,10748
10745,10753,10738
10738,10755,10756
10755,10738,10757
10738,10756,10757
10741,10738,10754
10740,10741,10758
10758,10741,10759
10743,10759,10741
10741,10754,10743
10760,10758,10759
10761,10760,10759
10759,10675,10761
10762,10763,10759
10675,10759,10763
10764,10759,10765
10764,10762,10759
9009,9012,10759
10759,10743,9009
10765,10759,9012
10766,10764,10765
10765,10767,10766
10768,10767,10765
10769,10768,10765
9012,10769,10765
10770,10771,10765
10770,10765,10772
9009,10772,10765
10765,10700,9009
10700,10765,10771
10770,10766,10771
10700,10771,10766
10770,10772,10769
9009,10769,10772
10770,10773,10774
10770,10775,10773
10776,10766,10770
10770,10777,10775
10770,10778,10777
10770,10779,10778
10770,10780,10779
9013,10781,10770
10770,10781,10780
10770,10782,9013
10770,10769,10782
10770,10774,10776
10763,10762,10774
10783,10774,10762
10767,10774,10783
10775,10763,10774
10774,10767,10775
10776,10774,10784
10696,10784,10774
10696,10774,10773
10696,10762,10784
10776,10784,10762
10764,10766,10783
10783,10762,10764
10767,10783,10766
10785,10766,10776
10776,10762,10785
10700,10766,10785
10785,10762,10700
10768,10786,10780
10780,10778,10768
10780,10775,10777
10775,10780,10787
10778,10780,10788
10789,10780,10786
10780,10790,10791
10791,10792,10780
10792,10793,10780
10789,10790,10780
10780,10794,10795
10795,10796,10780
10780,10796,10794
10793,10788,10780
10777,10779,10780
10781,10797,10780
10797,10798,10780
10798,10799,10780
10799,10787,10780
10780,10800,10801
10800,10780,10802
10780,10801,10802
10793,10775,10788
10778,10788,10775
10778,10794,10796
10778,10795,10794
10803,10801,10800
10803,10802,10801
10803,10804,10805
10805,10795,10803
10803,10800,10804
10802,10803,10795
10778,10805,10804
10778,10804,10800
10800,10795,10805
10800,10805,10778
10787,10795,10806
10787,10806,10775
10799,10795,10787
10696,10775,10806
10696,10806,10795
10800,10802,10795
10797,10781,10807
10807,10798,10797
10808,10807,10809
10809,10807,9013
10781,10810,10807
9013,10807,10810
10807,10808,10799
10807,10799,10798
10799,10808,10811
10808,10812,10811
10808,10809,10812
9013,10812,10809
9007,8975,10812
8975,10811,10812
10812,10813,9007
10812,9013,10813
9010,9007,10813
9010,10813,9013
10799,10811,8975
10810,10781,9013
10799,8975,8971
10799,8971,8970
10799,8970,8958
10799,10814,10795
10799,8958,10814
10665,10814,8958
10665,10795,10814
10775,10793,10795
10792,10795,10793
10795,10778,10796
10653,10795,10815
10653,10763,10795
10795,10763,10775
10655,10816,10795
10795,10817,10655
10792,10815,10795
10795,8958,10817
10818,10795,10819
10818,10820,10795
10820,10821,10795
10822,10795,10823
10822,10824,10795
10824,10825,10795
10696,10795,10826
10665,10826,10795
10827,10795,10828
10827,10829,10795
10829,10830,10795
10831,10795,10832
10831,10833,10795
10833,10834,10795
10832,10795,10834
10828,10795,10830
10823,10795,10825
10819,10795,10821
8958,10795,10816
10835,10836,10795
10835,10795,10837
10837,10795,10838
10836,10838,10795
10821,10839,10819
10775,10819,10839
10818,10819,10775
10775,10839,10818
10821,10818,10839
10827,10828,10775
10775,10828,10840
10830,10840,10828
10830,10827,10840
10775,10840,10827
10822,10823,10655
10825,10841,10823
10655,10823,10841
10825,10822,10841
10655,10841,10822
10655,10842,10836
10835,10655,10836
10838,10836,10842
10838,10842,10835
10655,10835,10842
10655,10832,10843
10831,10832,10655
10834,10843,10832
10655,10843,10831
10834,10831,10843
10838,10844,10837
10838,10835,10844
8958,10837,10844
8958,10844,10835
10835,10837,8958
8958,10816,10817
10655,10817,10816
10821,10845,10818
10821,10820,10845
10778,10818,10845
10778,10845,10820
10825,10846,10822
10825,10824,10846
10653,10822,10846
10653,10846,10824
10830,10847,10827
10830,10829,10847
10778,10827,10847
10778,10847,10829
10834,10848,10831
10834,10833,10848
10653,10848,10833
10653,10831,10848
10831,10653,10833
10827,10778,10829
10665,10653,10826
10696,10826,10653
10822,10653,10824
10653,10815,8958
10792,8958,10815
10818,10778,10820
10789,10849,10790
10850,10851,10789
10786,10850,10789
10851,10852,10789
10789,10853,10849
10789,10854,10853
10789,10852,10854
10855,10790,10849
10855,10849,10853
10855,10856,10790
10855,10854,10852
10855,10852,10857
10855,10858,10856
10855,10857,10858
10855,10853,10854
10859,10857,10852
10859,10858,10857
10859,10860,10858
10860,10859,9013
10859,10851,9013
10851,10859,10852
10860,10861,10862
10863,10861,10860
9013,10863,10860
10860,10862,10864
10860,10864,10858
10865,10858,10864
10865,10864,10862
10862,10861,10865
10866,10865,10861
10866,10858,10865
10861,10867,10866
10856,10858,10866
10856,10866,10867
10867,10861,10868
10867,10868,10792
10792,10791,10867
10791,10869,10867
10867,10790,10852
10852,10870,10867
10871,10867,10870
10867,10872,10790
10856,10867,10869
10858,10867,10873
10873,10867,10874
10858,10874,10867
10872,10867,10871
10871,10870,10861
10871,10861,10875
10871,10875,10858
10872,10871,10858
10875,10861,10876
10862,10858,10875
10875,10876,10862
10852,10862,10876
10852,10876,10861
10877,10790,10872
10877,10872,10858
10852,10877,10858
10852,10853,10877
10790,10877,10853
10873,10874,10790
10858,10790,10874
10790,10861,10873
10858,10873,10861
10856,10869,10790
10791,10790,10869
10852,10861,10870
10861,10863,10868
10878,10868,10863
10792,10868,8971
10878,8971,10868
9007,10878,10863
10879,8971,10878
10878,9007,9003
10878,8986,10879
9003,8986,10878
10879,8986,8973
8954,10879,8973
10879,8954,8958
8958,8971,10879
10862,10852,10858
10880,10881,10862
10862,10853,10880
10853,10862,10882
10882,10862,10881
10882,10881,10858
10880,10858,10881
10858,10861,10882
10853,10882,10861
10880,10883,10852
10880,10852,10884
10880,10884,10858
10880,10853,10883
10884,10852,10883
10884,10883,10853
10853,10858,10884
9013,9007,10863
10861,10885,10853
10861,10790,10885
10858,10885,10790
10858,10853,10885
10852,10790,10853
10851,10850,10786
10851,10786,9013
8971,8958,10792
9013,10786,10768
10775,10768,10778
10777,10778,10779
10775,10767,10768
10696,10773,10775
9009,10782,10769
9009,9013,10782
10768,10769,9013
10769,9012,9013
10762,10696,10700
10675,10763,10650
10763,10653,10650
10760,10761,10704
10704,10761,10886
10887,10886,10761
10761,10675,10887
10886,10887,9576
10888,10887,10675
10887,10888,10889
10887,10889,9583
9583,9576,10887
10889,10890,10891
10891,9583,10889
10889,10888,10890
10892,10890,10888
10892,10891,10890
10892,10888,10675
10893,10892,10894
10893,10895,10892
10895,10894,10892
10891,10892,10896
10892,9583,10897
9583,10892,10898
10898,10892,10899
10897,10899,10892
10892,10675,10900
10900,10896,10892
9602,10896,10900
10901,10896,9602
10896,10901,10891
9601,10901,9602
10902,10901,9601
10901,10902,10903
10903,10904,10901
10891,10901,10904
10905,10903,10906
10906,10903,10907
10903,10902,10908
10907,10903,10908
10905,10904,10903
10906,10909,10905
10905,10909,10891
10904,10905,10891
10909,10906,10910
9583,10891,10909
9583,10909,9586
10910,9586,10909
10910,10906,10911
10910,9592,9587
10911,9592,10910
9587,9586,10910
9592,10911,10912
10913,10912,10911
10911,10906,10913
10914,10913,10915
10913,10914,10916
10915,10913,10906
10916,10912,10913
10917,10912,10916
10917,10916,10918
10558,10918,10916
10675,10916,10914
10916,10675,10582
10558,10916,10582
10918,10919,10917
10919,10918,9606
10918,10920,9606
10921,10920,10918
10918,10558,10922
10921,10918,10922
10923,10924,10921
10925,10921,10924
10920,10921,10925
10926,10923,10921
10921,10922,10926
10923,10927,10928
10928,10924,10923
10923,10926,10927
10928,10927,10929
10930,10931,10927
10930,10927,10926
10927,10932,10933
10927,10934,10932
10934,10927,10935
10933,10935,10927
10936,10937,10927
10936,10927,10938
10938,10927,10937
10931,10929,10927
10928,10929,10932
10931,10932,10929
10938,10937,10932
10936,10932,10937
10931,10939,10934
10931,10930,10939
10931,10934,10940
10931,10940,10932
10941,10932,10940
10941,10940,10934
10942,10941,9605
10941,10942,10932
9605,10941,9601
10941,10943,10902
10941,10934,10943
10902,9601,10941
10943,10934,10944
10943,10944,10945
10902,10943,10945
10558,10946,10945
10945,10922,10558
10947,10945,10946
10922,10945,10944
10945,10947,10902
9593,10947,9594
10948,9594,10947
10947,10949,10902
10947,9593,10949
10946,10948,10947
9604,10948,10950
10951,10950,10948
10948,10558,10951
10558,10948,10946
9604,9594,10948
10561,10948,10952
10561,10953,10948
10954,10948,10953
10952,10948,10955
10948,10954,10955
10954,10956,10957
10955,10954,10957
10956,10954,10953
10956,10958,10957
10956,10959,10958
10953,10959,10956
10958,10959,10960
10961,10960,10959
10962,10959,10963
10961,10959,10962
10953,10963,10959
10699,10961,10964
10699,10965,10961
10958,10961,10965
10962,10964,10961
10961,10958,10960
10964,10962,10963
10964,10963,10699
10965,10699,10966
10967,10958,10965
10965,9639,10967
9608,9639,10965
9684,9608,10965
10965,10968,10969
9635,10965,10969
10968,10965,10970
10966,10970,10965
9684,10965,9635
10966,10971,10970
10966,10972,10971
10966,10973,10972
10966,10974,10973
10975,10966,10699
10976,10977,10966
10966,10978,10976
10979,10974,10966
10966,10980,10979
10981,10966,10977
10966,10981,10978
10975,10980,10966
10976,10970,10977
10981,10977,10970
10970,10978,10981
10970,10976,10978
10975,10699,10974
10975,10974,10982
10982,10983,10975
10980,10975,10983
10983,10984,10917
10983,10985,10984
10983,10986,10987
10982,10986,10983
10988,10983,10917
10983,10988,10980
10985,10983,10989
10983,10987,10989
10989,10987,10990
10990,10991,10989
10989,10991,10992
10989,10992,10993
10989,10993,10994
10989,10994,10985
10984,10985,10994
10984,10994,10993
10995,10992,10991
10995,10993,10992
10996,10993,10995
10997,10996,10995
10995,10991,10998
10998,10997,10995
10997,10998,10999
10999,11000,10997
10996,10997,11000
11001,11000,10999
11000,10957,10996
10957,11000,10955
10955,11000,11001
10999,11002,11001
11002,10955,11001
10999,11003,11002
11003,11004,11002
11004,10955,11002
11003,10963,11004
10955,11004,10952
11004,11005,10952
11004,10963,11005
10953,11005,10963
11005,10953,11006
11007,10952,11005
11006,11007,11005
11006,11008,11009
11009,11007,11006
11006,11010,11011
11006,11011,11008
11010,11006,11012
10561,11006,10953
11012,11006,10561
11013,11014,11012
11012,11015,11013
11015,11012,11014
10561,11016,11012
11010,11012,11016
10561,11015,11016
11010,11016,11015
11015,11014,11017
11013,11017,11014
11017,11013,11018
11017,11019,11015
11017,11018,11019
11018,11013,10957
11018,10957,11020
11019,11018,11020
11020,10967,11021
10967,11020,10957
11020,11022,11019
11020,11021,11023
11024,11022,11020
11020,11023,11024
11025,11026,11024
11024,11027,11025
11024,9596,9600
9600,11028,11024
11021,11024,11026
11024,11021,11027
11029,11024,11030
11029,9596,11024
11024,11031,11030
11031,11024,11028
11032,11024,11033
11032,11034,11024
11034,11035,11024
11022,11024,11036
11023,11036,11024
11037,11024,11038
11037,11039,11024
11039,11040,11024
11038,11024,11040
11033,11024,11035
11041,11042,11024
11041,11024,11043
11043,11024,11044
11042,11044,11024
11025,11033,11045
11032,11033,11025
11035,11045,11033
11025,11045,11032
11035,11032,11045
11025,11046,11042
11041,11025,11042
11044,11042,11046
11025,11041,11046
11044,11046,11041
11025,11038,11047
11037,11038,11025
11040,11047,11038
11025,11047,11037
11040,11037,11047
11044,11041,11048
11044,11048,11043
11021,11043,11048
11021,11048,11041
11041,11043,11021
11030,11049,11050
11049,11030,9599
11050,11029,11030
9599,11030,11031
11051,11030,11052
11051,11053,11030
11053,11054,11030
11030,11025,11055
11025,11030,11056
11030,11055,11056
11057,11052,11030
11057,11030,11054
11030,11058,11059
11059,11060,11030
11030,11060,11058
11030,11021,11061
11021,11030,11062
11030,11061,11062
11030,11063,11064
11064,11065,11030
11030,11065,11063
11053,11021,11054
11057,11054,11021
11066,11063,11065
11066,11064,11063
11066,11067,11068
11067,11066,11021
11065,11021,11066
11066,11068,11064
11025,11068,11067
11025,11064,11068
11064,11025,11067
11064,11067,11021
11064,11021,11065
11025,11062,11061
11025,11061,11021
11021,11062,11025
11069,11059,11058
11069,11058,11060
11070,11069,11025
11060,11025,11069
11069,11071,11059
11069,11070,11071
11029,11059,11071
11029,11071,11070
11059,11070,11025
11059,11029,11070
11059,11025,11060
10967,11057,11021
10967,9639,11057
11057,11072,11073
11057,11074,11072
11057,11049,11052
11057,11073,11049
11057,9613,9612
11057,9612,11074
11057,9609,9613
11057,9639,9609
9612,11049,11073
11073,11074,9612
11073,11072,11074
11049,11075,11072
11072,11076,11049
11072,9658,11076
11072,11077,9711
9711,11078,11072
11072,11078,11077
11072,11079,9612
9612,11080,11072
11072,11080,11079
9599,11072,11081
9599,11082,11072
11081,11072,11082
11072,11083,11084
11083,11072,11085
11072,11084,11085
11072,11086,11087
11086,11072,11088
11072,11087,11088
9658,11072,11075
11089,11090,11072
11089,11072,11091
11091,11072,11092
11090,11092,11072
11081,11093,11049
9599,11081,11049
11081,9612,11093
11081,11082,9612
11094,11049,11093
11094,11093,9612
11049,11094,9658
9631,11094,9612
9631,9658,11094
11049,11095,11090
11089,11049,11090
11092,11090,11095
11049,11089,11095
11092,11095,11089
11092,11096,11091
11092,11089,11096
9658,11091,11096
9658,11096,11089
11089,11091,9658
11049,11076,11075
9658,11075,11076
11077,11078,11097
11098,9711,11077
11077,11097,11098
9658,11097,11078
9658,11098,11097
11078,9711,11098
11078,11098,9658
11099,9612,11079
11079,11080,11100
11079,11100,11099
9711,11100,11080
9711,11099,11100
11080,9612,11099
11080,11099,9711
11101,11085,11084
11101,11084,11083
11101,11102,11103
11103,9612,11101
11085,11101,9612
11101,11083,11102
9711,11103,11102
9711,11102,11083
11083,9612,11103
11083,11103,9711
11104,11087,11086
11104,11088,11087
11104,11105,11106
11106,9711,11104
11104,11086,11105
11088,11104,9711
9658,11106,11105
9658,11105,11086
11086,9711,11106
11086,11106,9658
11086,11088,9711
11083,11085,9612
9599,9612,11082
11051,11052,11049
11029,11055,11025
11029,11056,11055
11025,11056,11029
11021,11053,11029
11051,11029,11053
11051,11049,11010
11107,11051,10560
11010,10560,11051
11029,11051,11107
11107,11108,11109
11107,11109,11110
11107,11110,11029
10542,11107,10560
11107,10542,11108
11111,11110,11109
11110,11111,11112
11110,11112,11029
11113,11112,11111
11113,11029,11112
11114,11115,11113
11113,11115,11029
11113,11116,11117
11113,11118,11116
11113,11111,11118
11113,11117,11114
11119,11118,11111
11119,11116,11118
11120,11116,11119
11120,11119,11121
11111,11121,11119
9724,11122,11121
11121,10542,9724
11109,11121,11123
11121,11109,11124
10542,11121,11125
11124,11126,11121
11126,11123,11121
11125,11121,11122
11120,11121,11127
11111,11127,11121
11128,11121,11129
11128,11130,11121
11130,11131,11121
11129,11121,11131
11132,11121,11133
11132,11134,11121
11134,11135,11121
11133,11121,11135
11136,11121,11137
11136,11138,11121
11138,11139,11121
11137,11121,11139
11121,11140,11141
11140,11121,11142
11121,11141,11142
11121,11143,11116
11116,11144,11121
11121,11144,11143
11109,11129,11145
11131,11145,11129
11128,11129,11109
11131,11128,11145
11109,11145,11128
11111,11116,11143
11111,11143,11144
11116,11111,11144
11111,11137,11146
11136,11137,11111
11139,11146,11137
11111,11146,11136
11139,11136,11146
11147,11142,11141
11147,11141,11140
11142,11147,11116
11147,11148,11149
11147,11140,11148
11149,11116,11147
11140,11149,11111
11140,11116,11149
11111,11149,11148
11111,11148,11140
11140,11142,11116
11132,11133,11111
11111,11133,11150
11135,11150,11133
11135,11132,11150
11111,11150,11132
11139,11138,11151
11139,11151,11136
11109,11151,11138
11109,11136,11151
11136,11109,11138
11135,11134,11152
11135,11152,11132
11109,11152,11134
11109,11132,11152
11132,11109,11134
11125,11122,11116
11116,11109,11125
10542,11125,11109
11123,11126,11153
11123,11153,11124
11109,11123,11124
10542,11153,11126
10542,11124,11153
11131,11154,11128
11131,11130,11154
10542,11128,11154
10542,11154,11130
11128,10542,11130
11120,11127,10542
11111,10542,11127
9724,11116,11122
11124,10542,11126
11155,11156,11120
11156,11157,11120
11120,11157,11116
11155,11120,10542
11156,11155,9696
11158,11159,11155
11159,9703,11155
9703,9696,11155
11160,11158,11155
11155,10560,11160
10560,11155,10542
11160,11161,10539
11160,11162,11161
11160,10539,11163
11163,11158,11160
11162,11160,10560
10527,11161,11162
10527,11162,8874
8875,8874,11162
11162,10560,10549
11162,10549,8875
11163,11164,8874
11164,11163,11165
8874,11158,11163
11163,11166,11165
11167,11163,10539
11163,11167,11166
11168,11166,11167
11167,11169,11168
10539,11169,11167
11169,11170,11171
11169,11171,11114
11172,11168,11169
11172,11169,11114
11169,10539,11161
11170,11169,11161
11170,11173,11171
11174,11173,11170
11170,10521,11174
10521,11170,11175
11175,11170,10527
11170,11161,10527
11175,11176,10521
10527,11164,11175
11176,11175,11177
11164,11177,11175
11177,11178,11176
11179,11178,11177
11180,11179,11177
11177,11165,11180
11165,11177,11164
11173,11178,11179
11173,11179,11181
8806,11179,8761
11182,8761,11179
11181,11179,11183
11179,11184,11183
8806,11184,11179
11179,11180,11185
11186,11182,11179
11179,11185,11186
11187,11188,11185
11187,11185,11180
11189,11185,11190
11189,11191,11185
11191,11192,11185
11193,11185,11192
11185,11194,11195
11195,11196,11185
11196,11197,11185
11194,11185,11197
11198,11199,11185
11198,11185,11200
11201,11200,11185
11199,11202,11185
11185,11203,11201
11204,11185,11202
11185,11204,11203
11205,11190,11185
11205,11185,11206
11193,11206,11185
11186,11185,11188
11203,11187,11180
11203,11180,11182
11182,11186,11203
11186,11188,11203
11187,11203,11188
11203,11191,11189
11189,11205,11203
11205,11206,11203
11191,11203,11193
11203,11207,11208
11208,11209,11203
11210,11203,11209
11203,11195,11207
11195,11203,11210
11211,11201,11203
11211,11203,11199
11199,11203,11204
11193,11203,11206
11210,11209,11187
11187,11186,11210
11195,11210,11186
11211,11186,11201
11211,11212,11186
11213,11211,11199
11212,11211,11214
11213,11215,11211
11215,11214,11211
11212,11214,11216
11214,11217,11216
11214,11218,11217
11215,11218,11214
11218,11219,11220
11220,11217,11218
11219,11218,11213
11215,11213,11218
11221,11219,11222
11219,11221,11223
11224,11220,11219
11213,11222,11219
11219,11223,11224
11199,11198,11222
11213,11199,11222
11216,11222,11198
11222,11225,11221
11222,11216,11225
11225,11216,11226
11225,11226,11221
11217,11226,11216
11226,11217,11221
11227,11224,11223
11224,11228,11220
11224,11227,11228
11227,11223,11229
11230,11228,11227
11230,11227,11231
11227,11232,11231
11227,11229,11232
11229,11233,11234
11233,11229,11223
11234,11228,11229
11229,11228,11235
11235,11236,11229
11237,11229,11236
11237,11232,11229
11237,11238,11232
11237,11236,11238
11231,11238,11230
11232,11238,11231
11238,11236,11230
11228,11236,11235
11230,11236,11228
11220,11228,11234
11221,11217,11234
11221,11234,11233
11217,11220,11234
11233,11223,11221
11198,11212,11216
11212,11198,11186
11207,11194,11208
11195,11194,11207
11207,11239,11240
11239,11207,11241
11242,11241,11207
11242,11207,11240
11239,11242,11240
11242,11239,11194
11242,11194,11241
11239,11241,11194
11208,11187,11209
11187,11208,11194
11205,11187,11190
11189,11190,11187
11196,11187,11197
11194,11197,11187
11199,11187,11202
11204,11202,11187
11191,11193,11186
11193,11192,11186
11189,11187,11205
11199,11204,11187
11201,11186,11200
11198,11200,11186
11187,11196,11186
11195,11186,11196
11191,11186,11192
8873,11243,11191
11191,8874,8873
8874,11191,11243
8874,11243,11189
8873,11189,11243
11189,8873,11158
11158,8874,11189
8761,11182,11244
11182,11180,11244
11165,11157,11244
11245,11244,11157
11244,11245,11246
11180,11165,11244
8761,11244,11247
11247,11244,11248
11246,11248,11244
11249,11246,11245
11250,11251,11246
11250,11246,11252
11253,11254,11246
11246,11255,11253
11246,11256,11248
11249,11257,11246
11258,11246,11251
11258,11252,11246
11259,11260,11246
11246,11261,11259
11261,11246,11254
11255,11246,11260
11262,11246,11263
11262,11264,11246
11246,11264,11265
11266,11263,11246
11265,11267,11246
11267,11266,11246
11256,11246,11257
11258,11251,11249
11250,11249,11251
11261,11254,11249
11254,11268,11249
11254,11253,11268
11261,11249,11268
11261,11268,11253
11266,11248,11263
11267,11249,11266
11248,11266,11249
11256,11257,11253
11249,11253,11257
11250,11256,11253
11250,11248,11256
11255,11269,11253
11255,11250,11269
11255,11270,11250
11255,11260,11248
11255,11248,11270
11259,11250,11270
11259,11270,11248
11271,11253,11269
11271,11269,11250
11272,11261,11271
11253,11271,11261
11273,11271,11259
11250,11259,11271
11271,11273,11272
11272,11274,11261
11273,11274,11272
11274,11259,11261
11274,11273,11259
11267,11275,11253
11267,11276,11275
11267,11253,11277
11265,11276,11267
11267,11277,11249
11248,11277,11253
11248,11249,11277
11275,11276,11278
11265,11278,11276
11279,11275,11278
11278,11280,11279
11280,11278,11265
11280,11281,11279
11281,11280,11282
11265,11282,11280
11265,11283,11282
11282,11283,11284
11282,11284,11281
11285,11284,11283
11281,11284,11286
11284,11285,11286
11285,11287,11286
11287,11281,11286
11287,11288,11289
11287,11285,11288
11281,11287,11289
11290,11289,11288
11289,11290,11291
11289,11292,11281
11291,11292,11289
11293,11292,11294
11293,11281,11292
11291,11294,11292
11294,11285,11293
11294,11295,11285
11294,11291,11295
11296,11295,11291
11296,11297,11295
11288,11295,11297
11285,11295,11288
11298,11290,11297
11288,11297,11290
11297,11299,11298
11299,11297,11296
11298,11300,11290
11298,11299,11300
11291,11290,11300
11296,11300,11299
11296,11291,11300
11301,11279,11293
11301,11293,11285
11279,11281,11293
11302,11279,11301
11302,11301,11283
11285,11283,11301
11302,11264,11262
11262,11303,11302
11283,11264,11302
11302,11303,11275
11279,11302,11275
11303,11262,11248
11303,11253,11275
11303,11304,11250
11303,11248,11304
11303,11305,11253
11303,11250,11305
11305,11250,11304
11305,11304,11248
11248,11253,11305
11264,11283,11265
11262,11263,11248
11259,11248,11260
11258,11248,11252
11252,11306,11250
11252,11248,11306
11159,11250,11306
11159,11306,11248
11159,11258,11249
11258,11159,11248
11258,11158,11307
11158,11258,11308
11307,11308,11258
11307,11159,11308
11309,11159,11307
11310,11309,11307
11307,11311,11310
11307,8873,11311
8873,11307,11158
9693,11309,9757
9702,11309,9693
11159,11309,9702
11309,11312,9757
11312,11309,11310
8828,9778,11312
11312,11313,8828
11312,9779,9757
9779,11312,9778
11312,11310,11313
11311,11313,11310
11313,11311,8873
11313,8868,8828
8873,8868,11313
11158,11308,11159
11253,11249,11245
11249,11250,11314
11159,11249,11315
11314,11315,11249
11159,11315,11253
11314,11253,11315
11159,11253,11314
11159,11314,11250
11253,11245,11247
11247,11250,11253
11248,11250,11247
11247,11245,11156
11156,9753,11247
11247,9753,8761
11157,11156,11245
11184,8806,11316
10463,11317,11184
11184,11316,10463
11184,11317,11318
11184,11319,11183
11319,11184,11318
11318,11320,11321
11318,11321,11319
10208,11318,11322
11318,11317,11322
10208,11323,11318
11320,11318,11323
11320,11324,11325
11320,11325,11319
9475,11326,11320
11320,11326,10518
11327,11328,11320
10518,11327,11320
11320,10409,9474
9474,9475,11320
10409,11320,11328
11329,10244,11320
10244,11330,11320
11331,11320,11330
11323,11329,11320
11324,11320,11332
11319,11332,11320
11333,11334,11320
11333,11320,11335
11335,11320,11336
11334,11336,11320
11331,11321,11320
10519,11319,11324
11324,10518,10519
10518,11324,11327
11319,11327,11324
11337,11331,11324
11324,11338,11337
11338,11324,10244
10244,11324,11330
11331,11330,11324
11324,11332,11325
11324,11339,11333
11333,11335,11324
11324,11335,11339
11336,11339,11335
11336,11333,11339
11338,10245,11181
10245,11338,10244
11181,11337,11338
11183,11337,11181
11337,11183,11319
11337,11319,11331
11327,11319,11328
10409,11328,11319
11333,11319,11334
11336,11334,11340
11319,11340,11334
11336,11340,11333
11319,11333,11340
11331,11319,11321
11319,11325,11332
9477,10209,11329
10236,11329,10209
9034,9488,11329
9488,9477,11329
11329,11323,9034
11329,10236,10244
9475,11341,11326
10234,10518,11326
11326,11341,10234
11342,11343,11341
11341,11343,11344
11341,9475,11342
11344,10234,11341
10230,10234,11344
11344,10403,10230
11344,11343,10403
11345,10236,11344
11345,11344,11346
11346,11344,11347
10236,11347,11344
11344,11348,11349
11348,11344,11350
11344,11349,11350
11344,11351,11352
11351,11344,11353
11344,11352,11353
11354,11353,11352
11354,11352,11351
11354,11355,11356
11356,11343,11354
11354,11351,11355
11353,11354,11343
10403,11356,11355
10403,11355,11351
11351,11343,11356
11351,11356,10403
11351,11353,11343
11346,11347,11343
10236,11343,11347
11357,11349,11348
11357,11350,11349
11357,11348,11358
11350,11357,11343
11359,11343,11357
11357,11358,11359
10403,11358,11348
10403,11359,11358
11348,11343,11359
11348,11359,10403
11348,11350,11343
11345,11346,10403
11346,11343,11360
11346,11360,10403
11361,11360,11343
11361,10403,11360
11317,11362,11361
11361,11362,10403
11317,11361,11322
10208,11361,11343
11322,11361,10208
10211,11345,11362
10463,10211,11362
10403,11362,11345
10463,11362,11317
11345,10211,10210
10236,11345,10210
9477,11342,9475
9477,10399,11342
11343,11342,10399
10406,11343,10399
11343,10406,10403
10209,11343,10236
11343,10209,10208
11363,11364,11323
10208,11363,11323
11323,11364,9105
11323,11365,9034
11323,11366,11365
11323,9105,9103
9103,11367,11323
11323,11367,11366
9006,11366,11367
9006,11365,11366
9006,11367,9017
9017,11367,9103
11368,11367,11365
11367,11369,11365
11367,11370,11369
11367,11368,11370
9052,11368,9032
11371,11368,9052
11371,11369,11368
11368,11369,9032
11365,11370,11368
11371,9062,9103
9052,9062,11371
11371,9103,9104
11371,9104,9105
9105,9042,11371
11369,11371,9042
11365,11369,11370
9032,11369,9042
9006,9034,11365
11364,10509,9375
9375,11372,11364
11364,9378,10509
10465,9378,11364
11364,11363,10465
9105,11364,11372
11372,9375,11373
9354,9089,11372
11372,11374,9354
11372,11375,9365
11375,11372,11373
11372,9365,11374
9089,9105,11372
11373,9375,10508
11376,11377,11373
11373,11378,11376
11373,11377,11379
11373,11379,11380
11373,11380,11381
11373,10508,10502
11373,10502,11382
11373,11382,10495
11373,10495,11378
11381,11383,11373
10433,11373,11383
11375,11373,10433
10501,10495,11382
10501,11382,10502
11378,11384,11376
11378,11385,11384
11378,11386,11385
11378,10495,11386
10499,11385,11387
8805,11385,10499
11385,8805,11388
11388,11389,11385
11389,11390,11385
11376,10495,11385
11391,11385,11390
11377,11385,8807
8807,11385,8806
8806,11385,11386
11377,11384,11385
11392,11393,11385
11392,11385,11394
11394,11385,11395
11391,11387,11385
11393,11395,11385
10499,11387,10495
11391,10495,11387
11395,11393,11396
10495,11396,11393
11392,10495,11393
11395,11396,11392
10495,11392,11396
11395,11397,11394
11395,11392,11397
11376,11394,11397
11376,11397,11392
11398,10495,11391
11398,11391,11376
11391,11390,11376
11398,10445,10426
10445,11398,11399
11398,9864,11399
11389,11398,11376
11398,11389,11400
10495,11398,10502
9375,10502,11398
9376,11398,10426
11398,9376,9375
9864,11398,11400
11400,11401,11402
11402,9865,11400
11400,9865,9864
11403,11400,11389
11404,11401,11400
11400,11403,11405
11400,11406,11404
11407,11406,11400
11405,11407,11400
11403,11408,11405
11409,11405,11408
11407,11405,11410
11405,11409,11410
11411,11410,11409
11412,9774,11410
11410,9774,11413
11411,11412,11410
11413,11407,11410
11414,11413,9774
11415,11413,11414
11413,11415,11406
11406,11407,11413
11415,11416,9733
9733,11417,11415
11417,11418,11415
11414,11416,11415
11406,11415,11418
11418,11404,11406
11404,11418,11419
11419,11418,11417
9808,11420,11419
9808,11419,11417
11401,11419,11420
11419,11401,11404
11421,11420,9808
11402,11420,11421
11420,11402,11401
9813,11422,11420
9813,11420,11423
11420,11424,11423
11424,11420,11422
9813,11421,11422
11424,11422,11421
11425,11423,11424
11424,11421,11426
11424,11427,11425
11426,11427,11424
11426,11421,11428
11426,11428,11429
11430,11427,11426
11429,11430,11426
9808,11429,11421
11429,9808,11431
11431,11432,11429
11421,11429,11432
11430,11429,11433
9817,11433,11429
11429,9813,9817
9813,11429,11428
11430,11433,11431
9817,11431,11433
11432,11431,11434
9865,11432,11434
11402,11432,9865
11421,11432,11402
9800,9845,11434
11434,11435,9800
11435,11434,11431
11434,9845,11436
9865,11434,11437
11434,11436,11437
11438,11437,11436
11438,11436,9845
9845,9842,11438
9850,11438,9842
9850,11437,11438
9842,11439,11437
11437,11440,9842
11437,9845,11440
11437,9852,9865
9850,9852,11437
11430,11441,11437
11430,11437,11442
9853,11442,11437
9843,11437,11441
9853,11437,11443
9845,11437,11439
9843,11443,11437
11444,11445,11437
11444,11437,11446
11446,11437,11447
11445,11447,11437
9843,9842,11443
9853,11443,9842
9842,11448,11445
11444,9842,11445
11447,11445,11448
9842,11444,11448
11447,11448,11444
11447,11449,11446
11447,11444,11449
9845,11446,11449
9845,11449,11444
11444,11446,9845
9842,11440,11439
9845,11439,11440
9843,11441,9845
11430,9845,11441
11430,11442,9852
9853,9852,11442
9800,11435,11450
11411,11450,11435
11411,11435,11451
11451,11435,11431
11451,11412,11411
11412,11451,9808
11431,9808,11451
11450,11452,9798
9800,11450,9798
9168,11450,11411
11450,9168,9237
11450,11453,11452
11450,9237,11454
11454,11455,11450
11450,11456,11453
11450,9856,11456
9856,11450,11455
9947,9854,11455
9947,11455,9929
9929,11455,11457
9854,11458,11455
9856,11455,11458
11455,11454,11457
11457,9930,9929
9930,11457,9939
9939,11457,9305
11457,11454,9174
9174,11459,11457
9305,11457,9171
9171,11457,11459
11460,11457,11461
11461,11457,9968
9968,11457,11462
11460,9184,11457
9184,11463,11457
11462,11457,11464
9298,11464,11457
9298,11457,11463
11457,11465,11466
11466,11467,11457
11457,11467,11465
11457,11468,11469
11469,11470,11457
11457,11470,11468
9171,11459,9298
9174,9298,11459
11471,11468,11470
11471,11469,11468
11470,9171,11471
9174,11471,9171
9174,11469,11471
11469,9171,11470
9171,11469,9174
9184,9174,11463
11463,9174,11472
11463,11472,9298
9184,11472,9174
9184,9298,11472
11473,11466,11465
11473,11465,11467
11473,11474,11466
11473,11475,11474
11467,9171,11473
11475,11473,9171
11466,11475,9171
11466,9174,11475
9174,11474,11475
9174,11466,11474
11466,9171,11467
11464,11476,9171
11462,11464,9171
11464,9298,11476
11462,9171,11476
11462,11476,9298
11462,9310,9968
11462,11477,9310
11462,9312,11477
11462,11478,9312
11462,9298,11478
9323,9310,11477
9323,11477,9312
9184,11478,9298
9184,9312,11478
11479,11460,9951
9951,11460,9950
11460,11480,11481
11480,11460,11479
11461,9950,11460
9184,11460,11482
11482,11460,11481
11481,11480,11483
11481,11483,11484
11481,11485,9798
9798,11482,11481
11485,11481,11484
11484,9853,9847
9847,11486,11484
11487,11484,11486
11484,11488,11489
11484,11487,11488
11483,11490,11484
11490,11491,11484
11484,11491,11492
11484,11493,9853
11493,11484,11492
11484,11489,11485
11456,11489,11452
11489,11494,11485
11494,11489,11488
11480,11494,11495
11488,11495,11494
11479,11494,11480
11479,11485,11494
11495,11483,11480
11496,11483,11495
11496,11495,11488
11496,11490,11483
11488,11490,11496
11492,11497,11493
11498,11499,11492
11492,11500,11498
11500,11492,11491
11499,11497,11492
11501,11497,11502
11502,11497,11503
11504,11493,11497
11497,11499,11503
11501,11504,11497
11501,11505,11504
11504,11506,11507
11505,11506,11504
11504,11425,11427
11427,11493,11504
11508,11425,11504
11508,11504,11509
11504,11507,11408
8871,11509,11504
8871,11504,11408
11509,11510,11508
11510,11509,8865
11509,8871,9168
11509,9168,11482
11482,8865,11509
11511,11510,8865
11510,11511,11512
11510,11406,11508
11512,11406,11510
11406,11512,11513
11513,11512,8814
11511,8814,11512
11423,11513,8814
11514,11508,11513
11513,11423,11514
11513,11508,11406
11514,11423,11425
11514,11425,11508
11511,11515,8814
8865,8870,11511
11515,11511,8870
8814,11515,8815
8801,8815,11515
11515,8803,8801
8870,8803,11515
11516,11507,11506
11516,11408,11507
11516,8804,8803
8804,11516,11506
11516,8803,8870
11516,8870,11408
11505,11501,8805
11506,11505,8804
8805,8804,11505
11408,11506,11517
11518,11517,11506
11403,11506,11408
11506,11403,11518
11518,11403,11519
11519,11520,11518
11521,11518,11520
11521,11517,11518
11520,10520,11521
10520,11416,11521
11414,11521,11416
11522,11517,11521
11414,11522,11521
11517,11522,11408
9773,11522,11414
11409,11408,11522
9773,8880,11522
11522,8880,11409
11523,10520,11520
8805,11520,11519
8805,11523,11520
10520,11523,10499
10499,11523,8805
11403,11388,11519
11519,11388,8805
11501,11502,8807
8807,8805,11501
11503,11524,11502
11524,11503,11525
11503,11499,11526
11525,11503,11527
11503,11528,11527
11503,11526,11529
11530,11528,11503
11503,11529,11530
9989,11530,11531
11528,11530,9989
11530,11529,11531
11531,11532,11533
11532,11531,11529
11531,9359,9369
11531,11534,9359
11531,11535,9989
11531,11536,11537
11531,11537,11538
11536,11531,9369
11533,9894,11531
11531,9894,11534
11538,11535,11531
11539,11540,11536
11536,11540,11525
11539,11536,11538
11538,11536,11525
9369,11537,11536
11539,11541,11380
11380,11524,11539
11525,11539,11524
11539,11525,11540
11541,11539,11542
11528,11542,11539
11539,11527,11528
11543,11527,11539
11538,11543,11539
11538,11525,11543
11527,11543,11525
11542,11544,11541
11544,11542,11545
11545,11542,11546
9917,11542,11528
11546,11542,11547
11542,11548,11549
11548,11542,9917
11542,11549,11547
9917,11549,11548
9917,11547,11549
11547,9978,11546
11550,9978,11547
11551,11552,11547
11547,9983,11551
9917,11550,11547
11552,11548,11547
11547,11553,9983
11547,9985,11553
9985,11547,11548
11535,11553,9985
11535,9983,11553
11551,11554,11552
11552,9989,11555
9989,11552,11528
11552,9985,11548
11552,11555,9985
11556,11552,11554
11556,11528,11552
11554,11557,11556
11556,11557,9917
11528,11556,9917
11526,11557,11554
11558,11557,11526
11557,11558,9877
9911,9917,11557
11557,11559,9911
9877,11559,11557
11559,11560,9879
11559,9879,11561
9911,11559,11562
11559,9877,11560
11559,11561,9892
11559,9892,11562
9911,11562,9912
9912,11562,11533
11562,11563,9894
11563,11562,9892
9894,11533,11562
9909,11563,11564
9892,11564,11563
11563,9909,9894
9875,11558,11564
11564,11565,9875
11558,9907,11564
11564,11566,9878
11564,9878,11565
11564,9892,11566
9909,11564,9907
11567,11565,9878
11567,9875,11565
11567,9879,11568
11567,11561,9879
11567,11568,9875
11567,9892,11561
11567,9878,11566
11567,11566,9892
11560,11568,9879
11560,9875,11568
11560,11569,9875
11560,9877,11569
11558,9875,11569
11558,11569,9877
11558,11526,11499
9907,11558,11499
11526,11554,11529
11551,11532,11554
11529,11554,11532
11535,11555,9989
11535,9985,11555
11550,11570,9978
11550,9987,11570
11551,9987,11550
11550,9961,11571
9961,11550,11572
11550,11571,9903
11532,11551,11550
11550,9910,11533
11550,9903,9910
11550,11533,11532
11550,9917,11572
11572,11573,9961
11572,9917,9911
11572,9980,11573
9980,11572,11574
11575,11574,11572
11572,9907,11575
9911,9908,11572
9908,9907,11572
9963,9961,11573
9963,11573,9980
11575,11576,11577
11578,11576,11575
11575,11499,11578
11499,11575,9907
11577,11574,11575
11579,9919,11577
11577,11576,11579
11577,9919,11580
9980,11574,11577
11577,11580,9980
11581,11580,9919
11581,9980,11580
9959,11581,11582
11581,9959,11583
9953,11582,11581
11584,11581,9919
11585,9953,11581
11581,11583,9980
11581,11586,11585
11581,11584,11586
9963,11583,9959
9963,9980,11583
11587,11585,9932
9953,11585,11587
9932,11585,11586
11579,11587,11588
11578,11587,11579
9952,9953,11587
9952,11587,11578
11588,11587,11589
11589,11587,11590
9932,11590,11587
9950,11590,9932
11461,11591,11590
9950,11461,11590
11590,11591,11589
11589,11591,11592
9968,11592,11591
11591,11461,9968
11586,11584,11592
11584,11593,11592
9932,11592,9968
11592,9932,11586
11594,11589,11592
11592,11593,11594
11584,11595,11593
11593,11595,11588
11588,11594,11593
11595,11584,9919
11595,9919,11579
11579,11588,11595
11588,11589,11594
11582,9960,9959
11596,9960,11582
11582,9954,11597
11598,11582,11597
11582,9953,9954
11582,11598,11596
11599,11596,11598
11599,11598,11600
11598,11601,11600
11597,11601,11598
11601,11602,11599
11602,11601,11487
11600,11601,11599
11601,11597,9954
11601,9954,11487
11599,11602,11603
11604,11603,11602
11602,11605,11604
11605,11602,11487
11606,11604,11607
11607,11604,11608
11608,11604,11605
11606,11603,11604
11606,9691,11609
11606,11609,11610
11603,11606,11610
9691,11606,11611
11607,11611,11606
11611,11612,9691
11613,11611,11614
11614,11611,11607
11611,11613,11612
9708,9691,11612
11612,11615,9708
11612,11613,11615
11615,11616,11617
11616,11615,11613
11615,11617,9708
9709,9708,11617
9709,11617,11616
9708,11616,9612
9612,11616,11618
11619,11616,11620
11616,9708,11620
11616,11619,11621
11616,11622,11623
11623,11624,11616
11616,11624,11622
11621,11618,11616
11614,11625,11616
11613,11614,11616
11616,11626,11627
11616,11625,11626
11616,11628,11629
11628,11616,11630
11616,11629,11630
11627,11631,11616
9709,11616,11631
11622,11632,11633
11633,11623,11622
11622,11624,11632
9708,11632,11624
9708,11633,11632
11624,11623,11633
11624,11633,9708
11634,11630,11629
11634,11629,11628
11630,11634,11623
11635,11623,11634
11634,11636,11635
11634,11628,11636
9708,11636,11628
9708,11635,11636
11628,11623,11635
11628,11635,9708
9709,11631,11623
11627,11623,11631
11627,11637,11625
11623,11627,11638
11639,11640,11627
11641,11639,11627
11641,11627,11640
11638,11627,11626
11642,11643,11641
11641,11644,11642
11641,11645,11644
11646,11647,11641
9628,11641,11643
11648,11641,11649
11648,11645,11641
11637,11650,11641
11641,11640,11637
11651,11652,11641
11651,11641,11653
11653,11641,11654
11655,11641,11650
11656,11639,11641
11656,11641,11657
11652,11654,11641
9628,11658,11641
11658,11659,11641
11659,11649,11641
11655,11657,11641
11649,11660,11647
11648,11649,11647
11649,11659,11660
11661,11647,11660
11661,11660,11659
11662,11648,11661
11662,11661,11663
11661,11648,11647
11663,11661,11659
11658,11663,11659
11658,11664,11663
11664,11665,11663
11666,11663,11665
11663,11666,11662
11642,9628,11666
11666,11667,11642
11666,11665,11668
11662,11666,9628
11666,11668,11667
11669,11668,11665
11669,11667,11668
11669,11670,11667
11669,11671,11670
11648,11669,11665
11648,11671,11669
11671,11662,11642
11642,11670,11671
11671,11672,11665
11665,11673,11671
11648,11662,11671
11672,11671,11674
11674,11671,11673
11667,11675,11671
11667,11671,11676
11675,11676,11671
11675,11665,11677
11675,11677,11648
11675,11648,11676
11667,11665,11675
11667,11677,11665
11667,11648,11677
11667,11676,11648
11672,11674,11648
11672,11678,11665
11672,11648,11679
11672,11679,11667
11672,11667,11678
11673,11665,11678
11673,11678,11667
11674,11679,11648
11674,11667,11679
11674,11673,11667
11642,11667,11670
11648,11665,11645
11664,11645,11665
11645,11664,11680
9628,11680,11664
11664,11658,9628
11681,11682,11680
11619,11680,11682
11644,11645,11680
11644,11680,11642
9628,11642,11680
11681,11680,11620
11620,11680,11619
11681,11644,11682
11681,11621,11644
11623,11621,11681
11681,11683,11623
11681,11684,11683
11681,11685,11684
11681,11686,11685
11686,11681,9709
9734,9709,11681
11681,11620,9734
9612,11684,11685
9612,11685,11686
9612,11623,11683
9612,11683,11684
11687,11686,11688
11686,11687,11689
9708,11684,11686
11686,9709,9612
11689,11690,11686
11690,11688,11686
11686,11691,11692
11692,11693,11686
11693,11694,11686
11695,11696,11686
11695,11686,11697
11697,11686,11698
11699,11686,11700
11699,11701,11686
11701,11702,11686
11703,11686,11704
11703,11705,11686
11705,11706,11686
11704,11686,11706
11700,11686,11702
11696,11698,11686
11691,11686,11694
11707,11708,11686
11707,11686,11709
11709,11686,11708
11686,11710,11711
11710,11686,11712
11686,11711,11712
11686,11713,11714
11713,11686,11715
11686,11714,11715
11687,11716,11691
11691,11717,11687
9768,11691,11716
11691,9768,11717
11691,9709,11718
9709,11691,11713
11691,11719,11720
11720,11721,11691
11691,11721,11719
11691,11722,11723
11722,11691,11724
11691,11723,11724
11725,11726,11691
11725,11691,11727
11727,11691,11728
11726,11728,11691
11691,11694,11692
11691,11729,11703
11703,11704,11691
11691,11704,11729
11691,11718,11713
11691,11730,11731
11730,11691,11732
11691,11731,11732
11691,11733,11710
11710,11734,11691
11691,11734,11733
11691,11735,11736
11735,11691,11737
11691,11736,11737
11738,11737,11736
11738,11736,11735
11738,11739,11740
11740,9709,11738
11738,11735,11739
11737,11738,9709
11720,11740,11739
11720,11739,11735
11735,9709,11740
11735,11740,11720
11735,11737,9709
11741,11733,11734
11741,11710,11733
11734,9709,11741
11712,11741,9709
11741,11711,11710
11741,11712,11711
11710,9709,11734
11742,11731,11730
11742,11732,11731
11743,9709,11742
11732,11742,9709
11742,11744,11743
11742,11730,11744
11720,11743,11744
11720,11744,11730
11730,9709,11743
11730,11743,11720
11730,11732,9709
11715,11718,9709
11718,11715,11714
11718,11714,11713
11706,11729,11704
11706,11703,11729
11687,11745,11726
11725,11687,11726
11728,11726,11745
11687,11725,11745
11728,11745,11725
11728,11746,11727
11728,11725,11746
9768,11727,11746
9768,11746,11725
11725,11727,9768
11687,11717,11716
9768,11716,11717
9768,11719,11721
9768,11720,11719
11747,11724,11723
11747,11723,11722
11724,11747,11720
11747,11748,11749
11749,11720,11747
11747,11722,11748
9768,11749,11748
9768,11748,11722
11722,11749,9768
11722,11720,11749
11722,11724,11720
11720,9768,11721
9731,11720,11750
9709,11720,11751
11720,9709,11752
11753,11720,11754
11753,11755,11720
11755,11756,11720
11752,11757,11720
11757,11751,11720
11758,11720,11759
11758,11760,11720
11760,11761,11720
11762,11720,11763
11762,11764,11720
11764,11765,11720
11763,11720,11765
11759,11720,11761
11754,11720,11756
11720,11766,11767
11766,11720,11768
11720,11767,11768
9731,11754,11769
11753,11754,9731
11756,11769,11754
9731,11769,11753
11756,11753,11769
11770,11768,11767
11770,11767,11766
11768,11770,11750
11770,11771,11772
11770,11766,11771
11772,11750,11770
9731,11772,11771
11766,11772,9731
11766,11750,11772
9731,11771,11766
11766,11768,11750
11765,11773,11763
9731,11763,11773
11762,11763,9731
9731,11773,11762
11765,11762,11773
11758,11759,9709
9709,11759,11774
11761,11774,11759
9709,11774,11758
11761,11758,11774
11756,11775,11753
11756,11755,11775
9768,11775,11755
9768,11753,11775
9709,11751,11752
11751,11776,11752
11751,11757,11776
11750,11752,11776
11750,11776,11757
11761,11777,11758
11761,11760,11777
11750,11758,11777
11750,11777,11760
11765,11778,11762
11765,11764,11778
9768,11778,11764
9768,11762,11778
11762,9768,11764
11758,11750,11760
11752,11750,11757
11753,9768,11755
11658,11779,11750
11750,11780,11658
9709,11750,11779
11750,9709,11780
11750,11659,11781
11781,11782,11750
11782,11783,11750
11784,11750,11785
11784,11786,11750
11786,11787,11750
11788,11750,11789
11788,11790,11750
11790,11791,11750
11792,11750,11793
11792,11794,11750
11794,11795,11750
11793,11750,11795
11789,11750,11791
11785,11750,11787
11659,11750,11783
11796,11797,11750
11796,11750,11798
11798,11750,11799
11797,11799,11750
11787,11800,11785
11658,11785,11800
11784,11785,11658
11787,11784,11800
11658,11800,11784
11796,11658,11797
11799,11797,11801
11658,11801,11797
11799,11801,11796
11658,11796,11801
11792,11793,11658
11658,11793,11802
11795,11802,11793
11795,11792,11802
11658,11802,11792
11799,11796,11803
11799,11803,11798
9709,11803,11796
9709,11798,11803
11796,11798,9709
11788,11789,11659
11659,11789,11804
11791,11804,11789
11791,11788,11804
11659,11804,11788
11658,11780,11779
9709,11779,11780
11659,11783,11781
11783,11805,11781
11783,11782,11805
9731,11781,11805
9731,11805,11782
11787,11806,11784
11787,11786,11806
11659,11784,11806
11659,11806,11786
11791,11807,11788
11791,11790,11807
9731,11788,11807
9731,11807,11790
11795,11808,11792
11795,11794,11808
11659,11792,11808
11659,11808,11794
11792,11659,11794
11788,9731,11790
11784,11659,11786
11781,9731,11782
11713,11715,9709
11707,9709,11708
11709,11708,9709
11710,11712,9709
9709,11684,11709
11707,11709,11684
11809,11707,11684
8813,9709,11707
11707,11809,11607
11707,11607,8813
11684,11638,11809
11614,11809,11638
11607,11809,11614
11684,11810,11696
11695,11684,11696
11698,11696,11810
11684,11695,11810
11698,11810,11695
11687,11700,11811
11699,11700,11687
11702,11811,11700
11687,11811,11699
11702,11699,11811
11687,11688,11689
11688,11812,11689
11688,11690,11812
9708,11689,11812
9708,11812,11690
11694,11693,11813
11694,11813,11692
11687,11813,11693
11687,11692,11813
11698,11814,11697
11698,11695,11814
9708,11697,11814
9708,11814,11695
11702,11815,11699
11702,11701,11815
9708,11699,11815
9708,11815,11701
11706,11816,11703
11706,11705,11816
11687,11816,11705
11687,11703,11816
11703,11687,11705
11699,9708,11701
11695,11697,9708
11692,11687,11693
11689,9708,11690
11817,11687,11818
11687,11817,9708
11818,11687,11819
9708,11819,11687
11820,11821,11687
11820,11687,11822
11822,11687,11823
11821,11823,11687
11687,11824,11825
11824,11687,11826
11687,11825,11826
11827,11687,9768
9741,11827,11828
11827,11829,11830
11829,11827,11831
11827,11830,11831
11827,11832,11833
11832,11827,11834
11827,11833,11834
11827,11835,11836
11836,11837,11827
11827,11837,11835
11827,9708,11838
9708,11827,11839
11827,11838,11839
11827,11840,11820
11820,11822,11827
11827,11822,11840
11827,11841,11842
11842,11843,11827
11827,11843,11841
11827,11844,11817
11817,11818,11827
11827,11818,11844
11827,11845,11846
11845,11827,11847
11827,11846,11847
11827,11848,11824
11824,11849,11827
11827,11849,11848
11827,11850,11851
11850,11827,11852
11827,11851,11852
11853,11851,11850
11853,11852,11851
11854,9768,11853
11852,11853,9768
11853,11850,11855
11853,11855,11854
11828,11854,11855
11828,11855,11850
11850,11854,11828
11850,9768,11854
11850,11852,9768
11856,11824,11848
11856,11848,11849
11826,11856,9768
11849,9768,11856
11856,11825,11824
11856,11826,11825
11824,9768,11849
11857,11847,11846
11857,11846,11845
11858,9768,11857
11847,11857,9768
11857,11859,11858
11857,11845,11859
11828,11858,11859
11828,11859,11845
11845,11858,11828
11845,9768,11858
11845,11847,9768
11819,11844,11818
11819,11817,11844
11860,11841,11843
11860,11842,11841
11843,9708,11860
11860,11861,11862
11860,11862,11842
11861,11860,9708
11832,11862,11861
11842,11832,11861
11842,11861,9708
11832,11842,11862
11842,9708,11843
11823,11820,11840
11823,11840,11822
11838,11863,11839
11838,11864,11863
11864,11838,9708
11832,11839,11863
11832,11863,11864
11839,11832,11864
11839,11864,9708
11865,11836,11835
11865,11835,11837
11865,11866,11836
11865,11867,11866
11867,11865,11832
11837,11832,11865
9741,11836,11866
9741,11866,11867
11836,9741,11867
11836,11867,11832
11836,11832,11837
11833,11868,11869
11833,11869,11834
11868,11833,11832
11834,11868,11832
11834,9741,11868
9741,11869,11868
9741,11834,11869
9741,9689,11832
11870,11871,11832
11832,11872,11870
11832,11873,11872
11874,11875,11832
11832,11876,11874
11832,11877,11876
11832,11878,11879
11879,11880,11832
11880,11881,11832
11882,11832,11883
11882,11884,11832
11884,11885,11832
11886,11887,11832
11832,11888,11886
11832,11889,11888
11890,11891,11832
11832,11892,11890
11832,11893,11892
11894,11832,11895
11894,11896,11832
11896,11897,11832
9708,11898,11832
11832,11899,9708
11899,11832,11900
11901,11832,11902
11901,11903,11832
11903,11904,11832
11905,11906,11832
11905,11832,11907
11907,11832,11908
11909,11832,11910
11909,11911,11832
11911,11912,11832
11913,11832,11914
11913,11915,11832
11915,11916,11832
11917,11832,11918
11917,11919,11832
11919,11920,11832
11921,11832,11922
11921,11923,11832
11923,11924,11832
11922,11832,11924
11918,11832,11920
11914,11832,11916
11910,11832,11912
11906,11908,11832
11902,11832,11904
11900,11832,11898
11895,11832,11897
11893,11832,11891
11889,11832,11887
11883,11832,11885
11878,11832,11881
11877,11832,11875
11873,11832,11871
11832,11925,11926
11926,11927,11832
11832,11927,11925
11832,11928,11929
11929,11930,11832
11832,11930,11928
11931,11932,11832
11931,11832,11933
11933,11832,11934
11932,11934,11832
11935,11936,11832
11935,11832,11937
11937,11832,11938
11936,11938,11832
11939,11940,11832
11939,11832,11941
11941,11832,11942
11940,11942,11832
11943,11944,11832
11943,11832,11945
11945,11832,11946
11944,11946,11832
11832,9691,11947
9691,11832,11948
11832,11947,11948
11832,11949,11950
11950,11951,11832
11832,11951,11949
11832,11952,11953
11952,11832,11954
11832,11953,11954
11832,11955,11956
11956,11957,11832
11832,11957,11955
11958,11959,11832
11958,11832,11960
11960,11832,11961
11959,11961,11832
11958,9708,11959
11961,11959,11962
9708,11962,11959
11961,11962,11958
9708,11958,11962
11898,11963,11900
11890,11900,11963
11899,11900,11890
11898,11899,11963
11890,11963,11899
11934,11932,11964
11890,11964,11932
11931,11890,11932
11890,11931,11964
11934,11964,11931
11961,11965,11960
11961,11958,11965
11890,11960,11965
11890,11965,11958
11958,11960,11890
11901,11902,11886
11904,11966,11902
11886,11902,11966
11904,11901,11966
11886,11966,11901
11935,11886,11936
11886,11967,11936
11938,11936,11967
11938,11967,11935
11886,11935,11967
11921,11922,11886
11924,11968,11922
11886,11922,11968
11924,11921,11968
11886,11968,11921
11897,11969,11895
11952,11895,11969
11894,11895,11952
11897,11894,11969
11952,11969,11894
11970,11956,11955
11970,11955,11957
11970,11971,11972
11970,11972,11956
11971,11970,11952
11957,11952,11970
11956,11971,11952
9691,11972,11971
11956,9691,11971
9691,11956,11972
11956,11952,11957
11917,11918,11952
11952,11918,11973
11920,11973,11918
11920,11917,11973
11952,11973,11917
11874,11883,11974
11882,11883,11874
11885,11974,11883
11874,11974,11882
11885,11882,11974
11874,11910,11975
11909,11910,11874
11912,11975,11910
11874,11975,11909
11912,11909,11975
11874,11976,11944
11943,11874,11944
11946,11944,11976
11874,11943,11976
11946,11976,11943
9691,11953,11952
9691,11954,11953
11952,11954,9691
11952,11977,11978
11952,11979,11613
11613,11980,11952
11952,11980,11979
11952,11981,11982
11981,11952,11983
11952,11982,11983
11952,11984,11985
11985,11986,11952
11952,11986,11984
11952,11889,11987
11889,11952,11988
11952,11987,11988
11952,11989,11990
11990,11991,11952
11952,11991,11989
11952,11992,11993
11992,11952,11994
11952,11993,11994
11952,11995,11996
11995,11952,11997
11952,11996,11997
11998,11996,11995
11998,11997,11996
11998,11995,11999
11997,11998,9691
11998,11999,12000
12000,9691,11998
11613,11999,11995
11613,12000,11999
11995,9691,12000
11995,12000,11613
11995,11997,9691
12001,11994,11993
12001,11993,11992
12001,12002,12003
12003,9691,12001
12001,11992,12002
11994,12001,9691
11613,12003,12002
11613,12002,11992
11992,9691,12003
11992,12003,11613
11992,11994,9691
12004,11990,11989
12004,11989,11991
12004,12005,11990
12004,12006,12005
12006,12004,11889
11991,11889,12004
11990,12006,11889
11990,11978,12006
11978,12005,12006
11978,11990,12005
11990,11889,11991
11978,11988,11987
11978,11987,11889
11889,11988,11978
12007,11985,11984
12007,11984,11986
12007,12008,11985
11986,11978,12007
12009,12007,11978
12007,12009,12008
11977,11985,12008
11977,12008,12009
11985,12009,11978
11985,11977,12009
11985,11978,11986
11979,11980,12010
11979,12010,12011
12011,11613,11979
11977,12010,11980
11977,12011,12010
11980,11613,12011
11980,12011,11977
12012,11983,11982
12012,11982,11981
11983,12012,11613
12012,12013,12014
12014,11613,12012
12012,11981,12013
11977,12014,12013
11977,12013,11981
11981,12014,11977
11981,11613,12014
11981,11983,11613
11613,12015,11977
11977,12016,12017
12017,12018,11977
11977,12018,12016
11977,12019,12020
12020,12021,11977
12021,12022,11977
12023,11977,12024
12023,12025,11977
12025,12026,11977
11977,12027,12028
12027,11977,12029
11977,12028,12029
12030,11977,12031
12030,12032,11977
12032,12033,11977
12034,11977,12035
12034,12036,11977
12036,12037,11977
12038,12039,11977
12038,11977,12040
12040,11977,12041
12039,12041,11977
12035,11977,12037
12031,11977,12033
12024,11977,12026
12019,11977,12022
11977,9795,12042
9795,11977,12043
11977,12042,12043
11977,12044,12045
12045,12046,11977
11977,12046,12044
9795,12024,12047
12023,12024,9795
12026,12047,12024
9795,12047,12023
12026,12023,12047
12048,12045,12044
12048,12044,12046
12049,12048,9795
12046,9795,12048
12048,12050,12045
12048,12049,12050
12015,12050,12049
12015,12045,12050
12045,12015,12049
12045,12049,9795
12045,9795,12046
9795,12031,12051
12030,12031,9795
12033,12051,12031
9795,12051,12030
12033,12030,12051
12052,11870,12019
9795,12019,12053
12019,9795,12054
12054,12055,12019
12055,12053,12019
12056,12057,12019
12056,12019,12058
12058,12019,12059
12060,12019,12061
12060,12062,12019
12062,12063,12019
12061,12019,12063
12057,12059,12019
12019,12017,12064
12017,12019,12065
12019,12064,12065
12019,12066,12067
12067,12068,12019
12019,12068,12066
12019,12022,12020
12019,12069,12034
12034,12035,12019
12019,12035,12069
12019,12030,12070
12030,12019,12032
12019,12070,12032
12019,12023,12071
12023,12019,12025
12019,12071,12025
12026,12071,12023
12026,12025,12071
12033,12032,12070
12033,12070,12030
12037,12034,12069
12037,12069,12035
12072,12067,12066
12072,12066,12068
12068,12017,12072
12072,12073,12067
12072,12074,12073
12074,12072,12017
12067,12074,12017
12067,11870,12074
11870,12073,12074
11870,12067,12073
12067,12017,12068
11870,12065,12064
11870,12064,12017
12017,12065,11870
12056,11870,12057
12059,12057,12075
11870,12075,12057
12059,12075,12056
11870,12056,12075
9795,12061,12076
12060,12061,9795
12063,12076,12061
9795,12076,12060
12063,12060,12076
9795,12053,12054
12053,12077,12054
12053,12055,12077
12052,12054,12077
12052,12077,12055
12059,12056,12078
12059,12078,12058
12052,12078,12056
12052,12058,12078
12063,12079,12060
12063,12062,12079
12052,12079,12062
12052,12060,12079
12060,12052,12062
12056,12058,12052
12054,12052,12055
11610,12052,9795
12052,12080,9691
9691,12081,12052
12052,12081,12080
12052,12082,12083
12082,12052,12084
12052,12083,12084
12052,12085,12086
12086,12087,12052
12052,12087,12085
12052,12088,12089
12088,12052,12090
12052,12089,12090
12052,12091,12092
12092,12093,12052
12052,12093,12091
12094,12091,12093
12094,12092,12091
12093,9691,12094
11610,12092,12094
11610,12094,9691
12092,9691,12093
9691,12092,11610
12095,12090,12089
12095,12089,12088
12090,12095,9795
12096,9795,12095
12095,12088,12097
12095,12097,12096
11610,12096,12097
11610,12097,12088
12088,12096,11610
12088,9795,12096
12088,12090,9795
12098,12085,12087
12098,12086,12085
12087,9691,12098
12098,12099,12086
12098,12100,12099
12100,12098,9691
11610,12099,12100
12086,11610,12100
12086,12100,9691
11610,12086,12099
12086,9691,12087
12080,12101,12102
12102,9691,12080
12080,12081,12101
11870,12102,12101
11870,12101,12081
12081,9691,12102
12081,12102,11870
12103,12083,12082
12103,12084,12083
12103,12082,12104
12084,12103,9691
12105,9691,12103
12103,12104,12105
11870,12104,12082
11870,12105,12104
12082,9691,12105
12082,12105,11870
12082,12084,9691
12015,12043,12042
12015,12042,9795
9795,12043,12015
12015,12106,12039
12038,12015,12039
12041,12039,12106
12015,12038,12106
12041,12106,12038
11978,12016,12018
11978,12017,12016
12022,12021,12107
12022,12107,12020
12017,12020,12107
12017,12107,12021
12108,12028,12027
12108,12029,12028
12108,12027,12109
12108,12109,12110
12110,12017,12108
12029,12108,12017
11978,12109,12027
11978,12110,12109
12027,12110,11978
12027,12017,12110
12037,12111,12034
12037,12036,12111
12017,12034,12111
12017,12111,12036
12041,12112,12040
12041,12038,12112
11613,12112,12038
11613,12040,12112
12038,12040,11613
12034,12017,12036
12027,12029,12017
12020,12017,12021
12017,11978,12018
12017,12113,12114
12113,12017,12115
12017,12114,12115
12017,12116,12117
12117,12118,12017
12017,12118,12116
12017,12119,12120
12120,12121,12017
12017,12121,12119
12017,12122,12123
12123,12124,12017
12017,12124,12122
12125,12122,12124
12125,12123,12122
12113,12123,12125
12113,12125,11978
12124,11978,12125
12123,11978,12124
11978,12123,12113
12126,12119,12121
12126,12120,12119
12126,12127,12128
12126,12128,12120
12127,12126,11978
12121,11978,12126
12113,12128,12127
12120,12113,12127
12120,12127,11978
12113,12120,12128
12120,11978,12121
12129,12116,12118
12129,12117,12116
12118,12113,12129
12130,12129,12113
12129,12131,12117
12129,12130,12131
11870,12117,12131
11870,12131,12130
12117,11870,12130
12117,12130,12113
12117,12113,12118
12114,12132,12133
12114,12133,12115
12132,12114,12113
12115,12132,12113
11870,12133,12132
12115,11870,12132
11870,12115,12133
11870,11873,12113
12134,12135,12113
12134,12113,12136
12136,12113,12137
12135,12137,12113
12113,12138,12139
12140,12113,12139
12113,12140,12138
12113,12141,12142
12142,12143,12113
12113,12143,12141
12113,12144,12145
12145,12146,12113
12113,12146,12144
12113,12147,12148
12148,12149,12113
12113,12149,12147
12150,12151,12140
12140,12152,12150
12140,12153,12152
12140,12154,11873
11873,12155,12140
12140,12155,12154
12139,12156,12140
12156,12138,12140
11978,12157,12140
12140,12158,11978
12158,12140,12159
12140,12160,12161
12160,12140,12162
12140,12161,12162
12142,12140,12143
12142,12163,12140
12163,12164,12140
12143,12140,12164
12159,12140,12157
12153,12140,12151
12165,12166,12140
12165,12140,12167
12167,12140,12168
12166,12168,12140
12140,12169,12170
12169,12140,12171
12140,12170,12171
12172,12173,12140
12172,12140,12174
12174,12140,12175
12173,12175,12140
12140,12176,12177
12177,12178,12140
12140,12178,12176
12140,12145,12179
12145,12140,12180
12140,12179,12180
12140,12148,12181
12148,12140,12182
12140,12181,12182
12153,12183,12150
12153,12184,12185
12185,12186,12153
12186,12187,12153
12153,12188,12184
11873,11878,12153
12188,12153,12187
12189,12190,12153
12189,12153,12191
12191,12153,12192
12193,12153,12194
12193,12195,12153
12195,12196,12153
12190,12192,12153
12196,12194,12153
12153,12197,12198
12198,12199,12153
12153,12199,12197
12153,12151,12152
12153,12200,12165
12165,12167,12153
12153,12167,12200
12153,12201,12160
12160,12202,12153
12153,12202,12201
12153,12203,12155
12155,12204,12153
12153,12204,12203
12188,12187,11878
12186,11878,12187
11878,12205,12190
12189,11878,12190
12192,12190,12205
11878,12189,12205
12192,12205,12189
12193,12194,11878
12196,11878,12194
12154,12155,12203
12154,12203,12204
12204,11873,12154
12155,11873,12204
12206,12201,12202
12206,12160,12201
12162,12206,11873
12202,11873,12206
12206,12162,12161
12206,12161,12160
12160,11873,12202
12168,12165,12200
12168,12200,12167
12207,12197,12199
12207,12198,12197
12208,12207,12150
12199,12150,12207
12207,12208,12209
12207,12209,12198
12183,12198,12209
12183,12209,12208
12198,12208,12150
12198,12183,12208
12198,12150,12199
12196,12210,11878
12196,12184,12210
12195,12184,12196
12193,11878,12210
12193,12210,12184
12192,12189,12211
12192,12211,12191
11873,12191,12211
11873,12211,12189
12193,12183,12195
12184,12195,12183
12193,12212,12185
12193,12184,12212
12193,12213,12183
12193,12185,12213
12213,12185,12212
12184,12183,12213
12213,12212,12184
12189,12191,11873
12183,12188,11878
12188,12214,12184
12188,12183,12214
12185,12214,12183
12185,12184,12214
12184,12215,12216
12216,12217,12184
12184,12217,12215
11878,11874,12184
12218,12219,12184
12218,12184,12220
12220,12184,12221
12184,12222,12223
12222,12184,12224
12184,12223,12224
12219,12221,12184
12184,12225,12226
12225,12184,12227
12184,12226,12227
12184,12228,12229
12228,12184,12230
12184,12229,12230
12231,12230,12229
12231,12229,12228
12232,11874,12231
12230,12231,11874
12231,12233,12232
12231,12228,12233
12216,12232,12233
12216,12233,12228
12228,11874,12232
12228,12232,12216
12228,12230,11874
11874,12234,12219
12218,11874,12219
12221,12219,12234
11874,12218,12234
12221,12234,12218
12235,12227,12226
12235,12226,12225
12236,11874,12235
12227,12235,11874
12235,12237,12236
12235,12225,12237
12216,12237,12225
12216,12236,12237
12225,11874,12236
12225,12236,12216
12225,12227,11874
12215,12217,12238
12239,12216,12215
12215,12238,12239
12185,12238,12217
12185,12239,12238
12217,12216,12239
12217,12239,12185
12221,12240,12220
12221,12218,12240
11878,12220,12240
11878,12240,12218
12241,12224,12223
12241,12223,12222
12224,12241,12216
12241,12242,12243
12243,12216,12241
12241,12222,12242
12185,12243,12242
12185,12242,12222
12222,12243,12185
12222,12216,12243
12222,12224,12216
12218,12220,11878
12216,12185,12244
12185,12216,12245
12216,12246,12247
12216,12248,12249
12249,12250,12216
12216,12250,12248
11874,11877,12216
12251,12252,12216
12251,12216,12253
12253,12216,12254
12216,12255,12256
12255,12216,12257
12216,12256,12257
12252,12254,12216
12216,12258,12259
12259,12260,12216
12216,12260,12258
12216,12244,12245
12216,12261,12262
12262,12263,12216
12216,12263,12261
12216,12264,12265
12264,12216,12266
12216,12265,12266
12216,12267,12268
12267,12216,12269
12216,12268,12269
12270,12268,12267
12270,12269,12268
12270,12267,12271
12269,12270,11877
12270,12271,12272
12272,11877,12270
12249,12271,12267
12249,12272,12271
12267,11877,12272
12267,12272,12249
12267,12269,11877
12251,11877,12252
11877,12273,12252
12254,12252,12273
11877,12251,12273
12254,12273,12251
12274,12266,12265
12274,12265,12264
12274,12275,12276
12276,11877,12274
12274,12264,12275
12266,12274,11877
12249,12276,12275
12249,12275,12264
12264,12276,12249
12264,11877,12276
12264,12266,11877
12277,12261,12263
12277,12262,12261
12277,12278,12262
12277,12279,12278
12279,12277,12185
12263,12185,12277
12247,12278,12279
12247,12262,12278
12262,12247,12279
12262,12279,12185
12262,12185,12263
12247,12245,12244
12247,12244,12185
12185,12245,12247
12280,12259,12258
12280,12258,12260
12281,12280,12247
12260,12247,12280
12280,12282,12259
12280,12281,12282
12246,12259,12282
12246,12282,12281
12259,12281,12247
12259,12246,12281
12259,12247,12260
12248,12250,12283
12284,12249,12248
12248,12283,12284
12246,12283,12250
12246,12284,12283
12250,12249,12284
12250,12284,12246
12254,12251,12285
12254,12285,12253
11874,12253,12285
11874,12285,12251
12286,12257,12256
12286,12256,12255
12286,12287,12288
12288,12249,12286
12257,12286,12249
12286,12255,12287
12246,12288,12287
12246,12287,12255
12255,12249,12288
12255,12288,12246
12255,12257,12249
12251,12253,11874
12249,12289,12290
12249,12291,12292
12292,12293,12249
12249,12293,12291
12249,12294,11877
11877,12295,12249
12249,12295,12294
12249,12296,12297
12296,12249,12298
12249,12297,12298
12249,12299,12300
12299,12249,12301
12249,12300,12301
12249,12302,12303
12303,12304,12249
12249,12304,12302
12249,12305,12306
12246,12249,12306
12249,12246,12305
12249,12307,12308
12308,12309,12249
12249,12309,12307
12310,12307,12309
12310,12308,12307
12309,12246,12310
12310,12311,12312
12310,12312,12308
12311,12310,12246
12308,12311,12246
12308,12290,12311
12290,12312,12311
12290,12308,12312
12308,12246,12309
12290,12306,12305
12290,12305,12246
12246,12306,12290
12313,12303,12302
12313,12302,12304
12313,12314,12303
12304,12290,12313
12315,12313,12290
12313,12315,12314
12289,12303,12314
12289,12314,12315
12303,12315,12290
12303,12289,12315
12303,12290,12304
12289,12292,12291
12289,12291,12293
12292,12294,12295
12292,11877,12294
12316,12297,12296
12316,12298,12297
12316,12317,12318
12316,12296,12317
12298,12316,11877
12318,11877,12316
12292,12318,12317
12296,12318,12292
12296,11877,12318
12292,12317,12296
12319,12300,12299
12319,12301,12300
12301,12319,12292
12320,12292,12319
12319,12299,12321
12319,12321,12320
12289,12321,12299
12289,12320,12321
12299,12292,12320
12299,12320,12289
12299,12301,12292
12296,12298,11877
11877,12292,12295
12292,12289,12293
12292,12322,12323
12324,12322,12292
12292,12325,12326
12325,12292,12327
12292,12326,12327
12292,12323,12324
12292,12328,12329
12328,12292,12330
12292,12329,12330
12292,12331,12332
12331,12292,12333
12292,12332,12333
12324,9783,12334
9783,12324,12335
10973,12336,12324
9797,12335,12324
12324,12334,9797
12324,12337,12338
12338,12339,12324
12324,12339,12337
12322,12324,12340
12324,12341,11877
11877,12342,12324
12324,12342,12341
12324,12343,12344
12343,12324,12345
12324,12344,12345
11479,12346,12324
11479,12324,12347
12346,12347,12324
12348,12349,12324
12348,12324,12350
12350,12324,12351
12324,12352,12353
12352,12324,12354
12324,12353,12354
12349,12351,12324
12340,12324,12323
12324,12355,12356
12355,12324,12357
12324,12356,12357
12324,12358,12359
12359,12360,12324
12324,12360,12358
12324,12361,12362
12362,12363,12324
12324,12363,12361
12324,12364,12365
12365,12366,12324
12324,12366,12364
12324,12367,12368
12367,12324,12369
12324,12368,12369
12324,12370,12371
12371,12372,12324
12324,12372,12370
12324,12289,12373
12289,12324,12374
12324,12373,12374
12325,12327,12324
12325,12324,12375
12375,12324,12376
12327,12376,12324
12324,12377,12378
12378,12379,12324
12324,12379,12377
12324,12380,12328
12328,12381,12324
12324,12381,12380
12324,12382,12331
12331,12383,12324
12324,12383,12382
12384,12331,12382
12384,12382,12383
12383,11877,12384
12384,12332,12331
12384,12333,12332
12333,12384,11877
12331,11877,12383
12385,12380,12381
12385,12328,12380
12381,11877,12385
12330,12385,11877
12385,12329,12328
12385,12330,12329
12328,11877,12381
12322,12340,12289
12323,12386,12340
12289,12340,12386
12323,12322,12386
12289,12386,12322
12387,12377,12379
12387,12378,12377
12387,12388,12389
12388,12387,12289
12379,12289,12387
12387,12389,12378
12367,12389,12388
12367,12378,12389
12378,12388,12289
12378,12367,12388
12378,12289,12379
12376,12325,12390
12376,12326,12325
12376,12390,12375
12376,12327,12326
12289,12390,12325
12289,12375,12390
12325,12375,12289
12367,12374,12373
12367,12373,12289
12289,12374,12367
12391,12370,12372
12391,12371,12370
12391,12392,12393
12392,12391,12367
12372,12367,12391
12391,12393,12371
12336,12393,12392
12336,12371,12393
12371,12336,12392
12371,12392,12367
12371,12367,12372
12336,12369,12368
12336,12368,12367
12367,12369,12336
12367,11890,12394
11890,12367,12395
12367,12394,12395
12367,12396,12397
12396,12367,12398
12367,12397,12398
12367,12399,12400
12400,12401,12367
12367,12401,12399
12367,12402,12403
12402,12367,12404
12367,12403,12404
12405,12404,12403
12405,12403,12402
12405,12406,12407
12407,11890,12405
12405,12402,12406
12404,12405,11890
12289,12407,12406
12289,12406,12402
12402,12407,12289
12402,11890,12407
12402,12404,11890
12408,12399,12401
12408,12400,12399
12408,12409,12410
12409,12408,11890
12408,12410,12400
12401,11890,12408
12336,12410,12409
12336,12400,12410
12400,12336,12409
12400,12409,11890
12400,11890,12401
12411,12397,12396
12411,12398,12397
12411,12396,12412
12398,12411,11890
12411,12412,12413
12413,11890,12411
12289,12412,12396
12289,12413,12412
12396,11890,12413
12396,12413,12289
12396,12398,11890
12336,12395,12394
12336,12394,11890
11890,12395,12336
12351,12349,12414
12336,12414,12349
12348,12336,12349
12351,12414,12348
12336,12348,12414
12415,12365,12364
12415,12364,12366
12355,12365,12415
12366,12338,12415
12355,12415,12338
12365,12338,12366
12338,12365,12355
12416,12361,12363
12416,12362,12361
12416,12417,12418
12416,12418,12362
12417,12416,12355
12363,12355,12416
9783,12418,12417
12362,9783,12417
12362,12417,12355
9783,12362,12418
12362,12355,12363
12419,12359,12358
12419,12358,12360
12360,12338,12419
12420,12419,12338
12419,12421,12359
12419,12420,12421
12355,12359,12421
12355,12421,12420
12359,12420,12338
12359,12355,12420
12359,12338,12360
9783,12357,12356
9783,12356,12355
12355,12357,9783
12422,12355,12423
12422,12424,12355
12424,12425,12355
12426,12355,12427
12426,12428,12355
12429,12355,12428
9741,12427,12355
12355,12429,9741
12423,12355,12425
12423,12430,9783
12422,12423,9783
12423,9741,12430
12423,12425,9741
12431,12430,9741
12431,9783,12430
12431,9741,12432
12431,12432,9694
12433,9783,12431
12433,12431,9694
9766,9783,12433
9694,9767,12433
9766,12433,9767
9768,12432,9741
9768,9694,12432
9741,9783,12427
12426,12427,9783
12424,9741,12425
9958,12429,12338
9958,9741,12429
12429,12428,12338
12426,12338,12428
9958,12426,12434
12426,9958,12338
12434,12426,12435
12426,9783,12435
12436,12426,12437
12438,12437,12426
12436,12438,12426
11479,12435,9783
9958,12435,9955
9858,9955,12435
11479,9858,12435
12435,9958,12434
12438,12439,12440
12439,12438,9741
12438,12441,9741
12441,12438,12422
12438,12440,12442
12438,12442,12422
9960,12438,12443
9960,12444,12438
12434,12438,12444
12436,12443,12438
12438,12434,12437
12436,9741,12443
9960,12443,9741
12434,12444,11603
9960,11603,12444
12445,12442,12440
12445,12422,12442
12446,12445,12439
12439,12445,12440
12447,12441,12445
12422,12445,12441
12445,11610,12448
12445,12449,11610
12445,9689,12450
12445,12448,9689
12445,12446,12449
12450,12447,12445
12441,12447,12450
12450,9689,12441
12436,12451,12450
12436,12450,12452
12451,12452,12450
9689,12451,12434
12436,12434,12451
12451,9689,12452
12436,12452,9689
12449,9849,12453
11620,12449,12453
12449,12454,11610
12449,12446,9849
12449,9691,12454
12449,11620,9691
12448,12454,9691
12448,11610,12454
12453,12455,11620
9849,9801,12453
12455,12453,9801
12455,9801,9810
11620,12455,9734
9810,9734,12455
12448,12456,9689
12448,9691,12456
9612,9689,12456
9612,12456,9691
9857,9849,12446
9946,12446,12439
9946,9857,12446
12457,12422,12440
12440,12422,12458
12458,9945,12440
9945,12457,12440
12422,9783,12458
12335,12458,9783
12335,9858,12458
9945,12458,9858
12422,12457,12338
9741,12338,12457
9943,12457,9945
12457,9943,9741
12441,9689,12459
12441,12459,9741
9612,12459,9689
9612,9741,12459
9741,9943,12439
9943,9959,12439
12439,12460,9946
9959,12460,12439
9980,12460,9959
12460,9919,9915
9919,12460,9980
9949,9946,12460
12460,9925,9949
9925,12460,9927
12461,12460,9915
12460,12462,9927
12461,12462,12460
12461,9915,9926
9932,12462,12461
9926,9932,12461
9927,12462,9932
12436,9689,12463
12436,12463,9741
12436,12437,12434
9694,12463,9689
9694,9741,12463
12434,11610,12464
12434,12464,9689
11603,11610,12434
12464,11610,11609
12464,11609,9691
9691,9689,12464
9741,12424,12338
12422,12338,12424
9797,12346,9783
11479,9783,12346
12346,9797,12347
9796,12334,9783
9796,9797,12334
10973,12337,12339
10973,12338,12337
9797,12341,12342
9797,11877,12341
12465,12345,12344
12465,12344,12343
12465,12343,12466
12465,12466,12467
12467,11877,12465
12345,12465,11877
9797,12466,12343
9797,12467,12466
12343,12467,9797
12343,11877,12467
12351,12468,12350
12351,12348,12468
10973,12350,12468
10973,12468,12348
12469,12353,12352
12469,12354,12353
12469,12470,12471
12469,12352,12470
12354,12469,12338
12471,12338,12469
12352,12471,10973
12352,12338,12471
10973,12471,12470
10973,12470,12352
12352,12354,12338
12348,12350,10973
11479,12347,9797
12343,12345,11877
11877,9797,12342
12338,10973,12339
12472,12338,12473
12472,12474,12338
12474,12475,12338
12476,12338,12477
12476,12478,12338
12478,12479,12338
12477,12338,12479
12473,12338,12475
12475,12480,12473
9741,12473,12480
12472,12473,9741
12475,12472,12480
9741,12480,12472
12479,12481,12477
12476,12477,9741
9741,12477,12481
12479,12476,12481
9741,12481,12476
12475,12474,12482
12475,12482,12472
10973,12482,12474
10973,12472,12482
12479,12478,12483
12479,12483,12476
10973,12483,12478
10973,12476,12483
12476,10973,12478
12472,10973,12474
12336,9767,12484
9767,12336,12485
12486,12336,12487
12336,12486,12488
12489,12336,12490
12336,12489,12491
12490,12336,12492
12491,12492,12336
12487,12336,12493
12488,12493,12336
12494,12495,12336
12494,12336,12496
12496,12336,12497
12495,12497,12336
12336,12484,12485
12498,12499,12336
12498,12336,12500
12500,12336,12501
12499,12501,12336
12336,12502,12503
12503,12504,12336
12336,12504,12502
12336,12505,12506
12506,12507,12336
12336,12507,12505
12336,12508,12509
12509,12510,12336
12336,12510,12508
12511,12512,12491
12491,12513,12511
9767,12491,12512
12491,9767,12513
12491,12489,12492
11613,11890,12491
12514,12515,12491
12514,12491,12516
12516,12491,12517
12491,12498,12518
12498,12491,12499
12491,12518,12499
12515,12517,12491
12519,12520,12491
12519,12491,12521
12521,12491,12522
12520,12522,12491
12491,12523,12524
12524,12525,12491
12491,12525,12523
12491,12526,12527
12527,12528,12491
12491,12528,12526
12491,12506,12529
12506,12491,12530
12491,12529,12530
12491,12509,12531
12509,12491,12532
12491,12531,12532
12533,12532,12531
12533,12531,12509
12533,12508,12510
12510,11890,12533
12533,12509,12508
12532,12533,11890
12509,12532,11890
12514,11890,12515
11890,12534,12515
12517,12515,12534
12517,12534,12514
11890,12514,12534
12535,12530,12529
12535,12529,12506
12530,12535,11890
12507,11890,12535
12535,12505,12507
12535,12506,12505
12506,12530,11890
12536,12527,12526
12536,12526,12528
12536,12537,12527
12536,12538,12537
12538,12536,11613
12528,11613,12536
12511,12537,12538
12511,12527,12537
12527,12511,12538
12527,12538,11613
12527,11613,12528
12539,12524,12523
12539,12523,12525
12539,12540,12524
12539,12541,12540
12541,12539,11613
12525,11613,12539
12511,12540,12541
12511,12524,12540
12524,12511,12541
12524,12541,11613
12524,11613,12525
12519,12511,12520
12511,12542,12520
12522,12520,12542
12522,12542,12519
12511,12519,12542
12522,12543,12521
12522,12519,12543
9767,12543,12519
9767,12521,12543
12519,12521,9767
12511,12513,12512
9767,12512,12513
12517,12514,12544
12517,12544,12516
11613,12544,12514
11613,12516,12544
12501,12499,12518
12501,12518,12498
12514,12516,11613
12511,9767,9771
12511,12545,12546
12546,12547,12511
12511,12547,12545
12511,9792,12548
9792,12511,12549
12511,12548,12549
12511,12550,12551
12551,12552,12511
12511,12552,12550
12511,11613,12553
11613,12511,12554
12511,12553,12554
12511,12555,12556
12556,12557,12511
12511,12557,12555
12558,12556,12555
12558,12555,12557
12558,12559,12560
12558,12560,12556
12559,12558,11613
12557,11613,12558
9792,12560,12559
12556,9792,12559
12556,12559,11613
9792,12556,12560
12556,11613,12557
9792,12554,12553
9792,12553,11613
11613,12554,9792
12561,12550,12552
12561,12551,12550
12562,12561,9792
12552,9792,12561
12561,12562,12563
12561,12563,12551
12551,12562,9792
12551,9771,12562
9771,12563,12562
9771,12551,12563
12551,9792,12552
9771,12548,9792
9771,12549,12548
9792,12549,9771
12564,12546,12545
12564,12545,12547
12564,12565,12546
12547,9771,12564
12566,12564,9771
12564,12566,12565
9767,12565,12566
9767,12546,12565
12546,12566,9771
12546,9767,12566
12546,9771,12547
10973,12488,12567
12488,10973,12568
12488,12484,9767
9767,12485,12488
12488,12568,9692
12488,12486,12493
12488,12485,12484
12488,12494,12569
12494,12488,12495
12488,12569,12495
12488,12503,12570
12503,12488,12571
12488,12570,12571
9692,12567,12488
12572,12573,12488
12572,12488,12574
12574,12488,12575
12573,12575,12488
12488,9694,12576
9694,12488,12577
12488,12576,12577
12488,12578,12579
12578,12488,12580
12488,12579,12580
12488,12581,12582
12582,12583,12488
12488,12583,12581
12488,12584,12585
12584,12488,12586
12488,12585,12586
12587,12585,12584
12587,12586,12585
12587,12584,12588
12586,12587,9694
12589,9694,12587
12587,12588,12589
9767,12589,12588
9767,12588,12584
12584,12589,9767
12584,9694,12589
12584,12586,9694
12590,12582,12581
12590,12581,12583
12590,12591,12592
12590,12592,12582
12583,9694,12590
12591,12590,9694
12582,12591,9694
12582,9692,12591
9692,12592,12591
9692,12582,12592
12582,9694,12583
12593,12580,12579
12593,12579,12578
12580,12593,9694
12593,12594,12595
12595,9694,12593
12593,12578,12594
9767,12595,12594
9767,12594,12578
12578,12595,9767
12578,9694,12595
12578,12580,9694
9692,12576,9694
9692,12577,12576
9694,12577,9692
12572,9692,12573
12575,12573,12596
9692,12596,12573
12575,12596,12572
9692,12572,12596
12575,12572,12597
12575,12597,12574
10973,12574,12597
10973,12597,12572
12572,12574,10973
10973,12567,12568
9692,12568,12567
12497,12569,12494
12497,12495,12569
12598,12570,12503
12598,12571,12570
12598,12502,12504
12598,12503,12502
12571,12598,9767
12504,9767,12598
12503,12571,9767
12509,11890,12510
12506,11890,12507
12492,12599,12490
9767,12490,12599
12489,12490,9767
12492,12489,12599
9767,12599,12489
12503,9767,12504
12501,12600,12500
12501,12498,12600
9767,12500,12600
9767,12600,12498
12498,12500,9767
10973,12487,12601
12486,12487,10973
12493,12601,12487
10973,12601,12486
12493,12486,12601
12497,12494,12602
12497,12602,12496
10973,12496,12602
10973,12602,12494
12494,12496,10973
9859,12335,9797
12335,9859,9858
12331,12333,11877
12328,12330,11877
12289,12603,11890
11890,12604,12289
12289,12604,12603
12289,12605,12606
12605,12289,12607
12289,12606,12607
12290,12603,12604
12290,11890,12603
12608,12607,12606
12608,12606,12605
12608,12609,12610
12608,12605,12609
12607,12608,11890
12610,11890,12608
12290,12610,12609
12605,12610,12290
12605,11890,12610
12290,12609,12605
12605,12607,11890
11890,12290,12604
12290,12611,11893
11893,12612,12290
12290,12612,12611
12290,12613,12614
12613,12290,12615
12290,12614,12615
12290,12616,12617
12616,12290,12618
12290,12617,12618
12290,12619,12620
12619,12290,12621
12290,12620,12621
12622,12621,12620
12622,12620,12619
12621,12622,11890
11893,12622,12619
11893,11890,12622
12619,12621,11890
11890,11893,12619
12623,12617,12616
12623,12618,12617
12623,12624,12625
12625,11890,12623
12623,12616,12624
12618,12623,11890
11893,12625,12624
11893,12624,12616
12616,12625,11893
12616,11890,12625
12616,12618,11890
12246,11893,12611
12246,12611,12612
12626,12614,12613
12626,12615,12614
12615,12626,11893
12627,11893,12626
12626,12613,12628
12626,12628,12627
12246,12628,12613
12246,12627,12628
12613,12627,12246
12613,11893,12627
12613,12615,11893
11893,12246,12612
12246,12629,12630
12629,12246,12631
12246,12630,12631
12246,12632,12633
12632,12246,12634
12246,12633,12634
12635,12633,12632
12635,12634,12633
12247,12635,12632
12247,11893,12635
12634,12635,11893
12632,12634,11893
11893,12247,12632
12636,12630,12629
12636,12631,12630
12637,11893,12636
12631,12636,11893
12636,12638,12637
12636,12629,12638
12247,12637,12638
12247,12638,12629
12629,12637,12247
12629,11893,12637
12629,12631,11893
12247,12639,11886
11886,12640,12247
12247,12640,12639
12247,12641,12642
12641,12247,12643
12247,12642,12643
12247,12644,12645
12644,12247,12646
12247,12645,12646
12247,12647,12648
12647,12247,12649
12247,12648,12649
12650,12648,12647
12650,12649,12648
11886,11893,12650
12649,12650,11893
11886,12650,12647
12647,12649,11893
11893,11886,12647
12651,12646,12645
12651,12645,12644
12652,11893,12651
12646,12651,11893
12651,12653,12652
12651,12644,12653
11886,12652,12653
11886,12653,12644
12644,11893,12652
12644,12652,11886
12644,12646,11893
12185,12639,12640
12185,11886,12639
12654,12642,12641
12654,12643,12642
12654,12655,12656
12656,11886,12654
12654,12641,12655
12643,12654,11886
12185,12656,12655
12185,12655,12641
12641,12656,12185
12641,11886,12656
12641,12643,11886
11886,12185,12640
12185,12183,12186
11878,12186,12183
12185,12657,12658
12657,12185,12659
12185,12658,12659
12185,12660,12661
12660,12185,12662
12185,12661,12662
12663,12662,12661
12663,12661,12660
12662,12663,11886
12183,11886,12663
12183,12663,12660
12660,12662,11886
11886,12183,12660
12664,12659,12658
12664,12658,12657
12659,12664,11886
12665,11886,12664
12664,12666,12665
12664,12657,12666
12183,12665,12666
12183,12666,12657
12657,11886,12665
12657,12665,12183
12657,12659,11886
12183,12667,11889
11889,12668,12183
12183,12668,12667
12183,12669,12670
12669,12183,12671
12183,12670,12671
12183,12672,12673
12672,12183,12674
12183,12673,12674
12183,12675,12676
12675,12183,12677
12183,12676,12677
12678,12676,12675
12678,12677,12676
11889,12678,12675
12677,12678,11886
11889,11886,12678
12675,12677,11886
11886,11889,12675
12679,12674,12673
12679,12673,12672
12674,12679,11886
12679,12680,12681
12681,11886,12679
12679,12672,12680
11889,12681,12680
11889,12680,12672
12672,11886,12681
12672,12681,11889
12672,12674,11886
12150,12667,12668
12150,11889,12667
12682,12671,12670
12682,12670,12669
12682,12669,12683
12671,12682,11889
12682,12683,12684
12684,11889,12682
12150,12684,12683
12150,12683,12669
12669,12684,12150
12669,11889,12684
12669,12671,11889
11889,12150,12668
12685,12182,12181
12685,12181,12148
12685,12147,12149
12149,11978,12685
12685,12148,12147
12182,12685,11978
12148,12182,11978
12172,11978,12173
11978,12686,12173
12175,12173,12686
11978,12172,12686
12175,12686,12172
12687,12180,12179
12687,12179,12145
12180,12687,11978
12146,11978,12687
12687,12144,12146
12687,12145,12144
12145,12180,11978
12169,12159,12688
12158,12159,12169
12157,12688,12159
12169,12688,12158
12157,12158,12688
12689,12177,12176
12689,12176,12178
12178,12169,12689
12689,12690,12177
12689,12691,12690
12691,12689,12169
12177,12150,12691
12177,12691,12169
12150,12690,12691
12150,12177,12690
12177,12169,12178
12175,12692,12174
12175,12172,12692
12169,12174,12692
12169,12692,12172
12172,12174,12169
12693,12170,12169
12170,12694,12171
12170,12693,12694
12150,12694,12693
12150,12171,12694
12171,12150,12693
12171,12693,12169
12150,12169,12695
12169,12150,12696
12169,12696,11889
12697,12169,12698
12169,12697,11978
12698,12169,12699
11978,12699,12169
11889,12695,12169
12700,12701,12169
12700,12169,12702
12702,12169,12703
12701,12703,12169
12704,12705,12169
12704,12169,12706
12706,12169,12707
12705,12707,12169
12704,11978,12705
11978,12708,12705
12707,12705,12708
12707,12708,12704
11978,12704,12708
12699,12709,12698
11889,12698,12709
12697,12698,11889
12699,12697,12709
11889,12709,12697
12700,11889,12701
12703,12701,12710
11889,12710,12701
12703,12710,12700
11889,12700,12710
12707,12711,12706
12707,12704,12711
11889,12706,12711
11889,12711,12704
12704,12706,11889
12703,12700,12712
12703,12712,12702
12150,12702,12712
12150,12712,12700
12700,12702,12150
12150,12695,12696
11889,12696,12695
11978,12697,12699
12165,12150,12166
12150,12713,12166
12168,12166,12713
12150,12165,12713
12168,12713,12165
12150,12152,12151
11978,12158,12157
12164,12163,12714
12164,12141,12143
12164,12714,12142
12164,12142,12141
11873,12714,12163
11873,12142,12714
12142,11873,12163
12160,12162,11873
11873,12715,12156
12139,11873,12156
12138,12156,12715
11873,12139,12715
12138,12715,12139
12148,11978,12149
12145,11978,12146
11873,12716,12135
12134,11873,12135
12137,12135,12716
11873,12134,12716
12137,12716,12134
12137,12717,12136
12137,12134,12717
11870,12136,12717
11870,12717,12134
12134,12136,11870
12015,9792,12718
9792,12015,12719
12015,12718,12719
12015,12720,12721
12721,12722,12015
12015,12722,12720
12015,12723,12724
12724,12725,12015
12015,12725,12723
12015,12726,12727
12727,12728,12015
12015,12728,12726
12729,12726,12728
12729,12727,12726
9792,12727,12729
9792,12729,9795
12728,9795,12729
12727,9795,12728
9795,12727,9792
12730,12723,12725
12730,12724,12723
12725,9795,12730
12730,12731,12732
12730,12732,12724
12731,12730,9795
9792,12732,12731
12724,9792,12731
12724,12731,9795
9792,12724,12732
12724,9795,12725
12733,12720,12722
12733,12721,12720
12722,9792,12733
12734,12733,9792
12733,12734,12735
12733,12735,12721
12721,12734,9792
12721,11613,12734
11613,12735,12734
11613,12721,12735
12721,9792,12722
12736,12718,9792
12718,12737,12719
12718,12736,12737
12719,12736,9792
12719,11613,12736
11613,12737,12736
11613,12719,12737
12738,11949,11951
12738,11950,11949
11951,9691,12738
12738,12739,12740
12739,12738,9691
12738,12740,11950
11870,12740,12739
11870,11950,12740
11950,12739,9691
11950,11870,12739
11950,9691,11951
11870,11947,9691
11870,11948,11947
9691,11948,11870
11939,11870,11940
11870,12741,11940
11942,11940,12741
11942,12741,11939
11870,11939,12741
11878,11881,11879
11878,12742,11913
11913,11914,11878
11878,11914,12742
11878,11909,12743
11909,11878,11911
11878,12743,11911
11878,11882,12744
11882,11878,11884
11878,12744,11884
11885,12744,11882
11885,11884,12744
11912,12743,11909
11912,11911,12743
11916,12742,11914
11916,11913,12742
11877,12745,9689
9689,12746,11877
12747,11877,12748
11877,12747,12749
12749,12750,11877
12750,12748,11877
11877,12746,12745
11929,11877,11930
11929,12751,11877
12751,12752,11877
12753,11877,12754
12753,12755,11877
12755,12756,11877
11926,11877,11927
11926,12757,11877
12757,12758,11877
11877,12759,12760
12759,11877,12761
11877,12760,12761
11927,11877,12758
12754,11877,12756
11930,11877,12752
11877,11875,11876
11877,12762,11943
11943,11945,11877
11877,11945,12762
11946,12762,11945
11946,11943,12762
12753,12754,12747
12747,12754,12763
12756,12763,12754
12756,12753,12763
12747,12763,12753
12748,12750,12764
12748,12764,12749
12747,12748,12749
9797,12764,12750
9797,12749,12764
12765,9689,12745
12745,12746,12766
12745,12766,12765
12747,12765,12766
12747,12766,12746
12746,9689,12765
12746,12765,12747
12752,11929,11928
12752,12767,11929
12752,12751,12767
12752,11928,11930
9689,11929,12767
9689,12767,12751
12756,12768,12753
12756,12755,12768
9797,12753,12768
9797,12768,12755
12758,11925,11927
12758,12757,12769
12758,12769,11926
12758,11926,11925
9689,11926,12769
9689,12769,12757
12770,12761,12760
12770,12760,12759
12761,12770,9689
12770,12771,12772
12772,9689,12770
12770,12759,12771
12747,12772,12771
12747,12771,12759
12759,12772,12747
12759,9689,12772
12759,12761,9689
11926,9689,12757
12753,9797,12755
11929,9689,12751
12749,9797,12750
11610,12747,12773
12747,11610,12774
12747,12774,9797
12747,12775,9689
9689,12776,12747
12747,12776,12775
12747,12777,12778
12777,12747,12779
12747,12778,12779
9797,12773,12747
12780,12781,12747
12780,12747,12782
12782,12747,12783
12781,12783,12747
12783,12781,12784
9797,12784,12781
12780,9797,12781
12783,12784,12780
9797,12780,12784
12783,12785,12782
12783,12780,12785
11610,12782,12785
11610,12785,12780
12780,12782,11610
11610,12773,12774
9797,12774,12773
11610,12775,12776
11610,9689,12775
12786,12778,12777
12786,12779,12778
12786,12777,12787
12779,12786,9689
12788,9689,12786
12786,12787,12788
11610,12788,12787
11610,12787,12777
12777,12788,11610
12777,9689,12788
12777,12779,9689
9689,11610,12776
11873,11871,11872
11873,11913,12789
11913,11873,11915
11873,12789,11915
11873,12790,11939
11939,11941,11873
11873,11941,12790
11873,11879,12791
11879,11873,11880
11873,12791,11880
11881,11880,12791
11881,12791,11879
11942,12790,11941
11942,11939,12790
11916,11915,12789
11916,12789,11913
11889,11887,11888
11889,12792,11935
11935,11937,11889
11889,11937,12792
11889,11917,12793
11917,11889,11919
11889,12793,11919
11889,11894,12794
11894,11889,11896
11889,12794,11896
11897,11896,12794
11897,12794,11894
11920,12793,11917
11920,11919,12793
11938,12792,11937
11938,11935,12792
11893,11891,11892
11893,11921,12795
11921,11893,11923
11893,12795,11923
11893,12796,11931
11931,11933,11893
11893,11933,12796
11893,11901,12797
11901,11893,11903
11893,12797,11903
11904,12797,11901
11904,11903,12797
11934,12796,11933
11934,11931,12796
11924,12795,11921
11924,11923,12795
11908,11906,12798
9689,12798,11906
11905,9689,11906
11908,12798,11905
9689,11905,12798
11870,11872,11871
11874,11876,11875
11886,11888,11887
11890,11892,11891
9708,11899,11898
11908,12799,11907
11908,11905,12799
9741,11907,12799
9741,12799,11905
11905,11907,9741
11890,9708,12800
9708,11890,12801
11890,12800,12801
11890,12802,12803
12803,12804,11890
11890,12804,12802
12805,12802,12804
12805,12803,12802
12805,12806,12807
12806,12805,9708
12805,12807,12803
12804,9708,12805
11613,12807,12806
11613,12803,12807
12803,12806,9708
12803,11613,12806
12803,9708,12804
11613,12800,9708
11613,12801,12800
9708,12801,11613
12808,11831,11830
12808,11830,11829
11831,12808,11828
12809,11828,12808
12808,12810,12809
12808,11829,12810
11829,11828,12809
11829,12809,9741
9741,12809,12810
9741,12810,11829
11829,11831,11828
11828,12811,10973
10973,12812,11828
11828,12812,12811
11828,12813,9635
9635,12814,11828
11828,12814,12813
9694,12815,11828
11828,12816,9694
11828,9768,12816
11828,12817,12818
12817,11828,12819
11828,12818,12819
11828,12820,12821
12820,11828,12822
11828,12821,12822
9768,11828,12815
12823,12824,11828
12823,11828,12825
12825,11828,12826
12824,12826,11828
11828,12827,12828
12827,11828,12829
11828,12828,12829
11828,12830,12831
12831,12832,11828
11828,12832,12830
11828,9631,12833
9631,11828,12834
11828,12833,12834
11828,12835,12836
12835,11828,12837
11828,12836,12837
11828,12838,12839
12839,12840,11828
11828,12840,12838
11828,12841,12842
12841,11828,12843
11828,12842,12843
12844,12842,12841
12844,12843,12842
12844,12841,12845
12843,12844,9631
12846,9631,12844
12844,12845,12846
9635,12846,12845
9635,12845,12841
12841,9631,12846
12841,12846,9635
12841,12843,9631
12847,12838,12840
12847,12839,12838
12847,12848,12849
12848,12847,9631
12847,12849,12839
12840,9631,12847
12827,12849,12848
12827,12839,12849
12839,12827,12848
12839,12848,9631
12839,9631,12840
12850,12836,12835
12850,12837,12836
12850,12835,12851
12837,12850,9631
12852,9631,12850
12850,12851,12852
9635,12851,12835
9635,12852,12851
12835,9631,12852
12835,12852,9635
12835,12837,9631
12827,12834,12833
12827,12833,9631
9631,12834,12827
12853,12830,12832
12853,12831,12830
12832,12827,12853
12854,12853,12827
12853,12855,12831
12853,12854,12855
9694,12831,12855
9694,12855,12854
12831,12854,12827
12831,9694,12854
12831,12827,12832
9694,12828,12827
9694,12829,12828
12827,12829,9694
12827,12856,12857
12827,9744,12858
9744,12827,12859
12827,12858,12859
12827,12860,12861
12861,12862,12827
12827,12862,12860
12827,12863,12864
12864,12865,12827
12827,12865,12863
12827,12866,12867
12867,12868,12827
12827,12868,12866
12827,12869,12870
12869,12827,12871
12827,12870,12871
12827,12872,12873
12873,12874,12827
12827,12874,12872
12827,12875,12876
12875,12827,12877
12827,12876,12877
12878,12876,12875
12878,12877,12876
9631,12878,12875
12877,12878,12857
9631,12857,12878
12875,12877,12857
12857,9631,12875
12879,12873,12872
12879,12872,12874
12879,12880,12873
12874,12857,12879
12881,12879,12857
12879,12881,12880
12856,12873,12880
12856,12880,12881
12873,12881,12857
12873,12856,12881
12873,12857,12874
12882,12871,12870
12882,12870,12869
12882,12883,12884
12884,12857,12882
12882,12869,12883
12871,12882,12857
9631,12884,12883
9631,12883,12869
12869,12884,9631
12869,12857,12884
12869,12871,12857
12885,12866,12868
12885,12867,12866
12868,12856,12885
9744,12867,12885
9744,12885,12856
12867,12856,12868
12856,12867,9744
12886,12863,12865
12886,12864,12863
12865,12856,12886
12886,12887,12864
12888,12886,12856
12886,12888,12887
9744,12864,12887
9744,12887,12888
12864,12888,12856
12864,9744,12888
12864,12856,12865
12889,12861,12860
12889,12860,12862
12889,12890,12861
12889,12891,12890
12891,12889,9744
12862,9744,12889
9694,12861,12890
9694,12890,12891
12861,9694,12891
12861,12891,9744
12861,9744,12862
12858,12892,12893
12858,12893,12859
12892,12858,9744
12859,12892,9744
9694,12893,12892
12859,9694,12892
9694,12859,12893
12856,12894,12895
12895,12896,12856
12856,12897,9629
9629,12898,12856
12856,12898,12897
12856,12896,12894
12856,12899,12900
12899,12856,12901
12856,12900,12901
12856,12902,12903
12902,12856,12904
12856,12903,12904
12856,12905,12906
12905,12856,12907
12856,12906,12907
12856,12908,12909
12909,12910,12856
12856,12910,12908
12856,12911,12912
12912,12913,12856
12856,12913,12911
12856,12914,12915
12915,12916,12856
12856,12916,12914
12917,12914,12916
12917,12915,12914
12916,12895,12917
12905,12917,12895
12905,12915,12917
12915,12895,12916
12895,12915,12905
12918,12911,12913
12918,12912,12911
12919,12918,12895
12913,12895,12918
12918,12919,12920
12918,12920,12912
12912,12919,12895
12912,12905,12919
12905,12920,12919
12905,12912,12920
12912,12895,12913
12921,12908,12910
12921,12909,12908
12910,12905,12921
12921,12922,12909
12923,12921,12905
12921,12923,12922
9744,12909,12922
9744,12922,12923
12909,12923,12905
12909,9744,12923
12909,12905,12910
9744,12906,12905
9744,12907,12906
12905,12907,9744
12905,12924,9629
9629,12925,12905
12926,12905,12927
12905,12926,9747
12928,12905,12929
12928,12930,12905
12931,12905,12930
12932,12905,12925
12932,12933,12905
12924,12905,12933
12927,12905,12934
9747,12934,12905
12931,12935,12905
12936,12937,12905
12936,12905,12938
12938,12905,12939
12937,12939,12905
12929,12905,12935
12929,12935,9629
12931,9629,12935
12929,9629,12940
12929,12940,9747
12928,12929,9747
9745,12940,9629
9745,9747,12940
12936,9747,12937
9747,12941,12937
12939,12937,12941
12939,12941,12936
9747,12936,12941
12932,12925,9747
9629,9747,12925
12934,12942,12927
12926,12927,9744
9744,12927,12942
12934,12926,12942
9744,12942,12926
12939,12943,12938
12939,12936,12943
9744,12943,12936
9744,12938,12943
12936,12938,9744
12931,12930,12895
9616,12931,12895
9616,9629,12931
12924,12933,12895
9625,12924,12895
9625,9629,12924
9747,12926,12934
12932,12895,12933
12932,12944,12945
12945,12946,12932
12947,12932,12946
12932,12947,12948
12932,12949,12944
12932,12948,12949
12932,12950,12895
12932,9754,12951
12932,9747,9754
12932,12951,12950
12952,12953,12951
12948,12952,12951
9740,12951,12954
12895,12951,9740
12951,12955,12948
12951,12956,12957
12951,12958,12956
12958,12951,12959
12960,12961,12951
12951,12962,12960
12951,12944,12962
12955,12951,12953
12959,12951,12963
12895,12954,12951
12964,12965,12951
12964,12951,12966
12967,12966,12951
12967,12951,12968
9754,12950,12951
12947,12946,12951
12947,12951,12945
12945,12951,12946
12944,12951,12961
12957,12963,12951
12951,12969,12970
12969,12951,12971
12951,12970,12971
12965,12968,12951
12951,12972,12973
12972,12951,12974
12951,12973,12974
12975,12976,12951
12975,12951,12977
12977,12951,12978
12976,12978,12951
12895,12952,12954
9740,12954,12952
12957,12960,12963
12959,12963,12960
12967,12968,12960
12965,12960,12968
12975,12960,12976
12960,12979,12976
12978,12976,12979
12978,12979,12975
12960,12975,12979
12978,12980,12977
12978,12975,12980
12944,12977,12980
12944,12980,12975
12975,12977,12944
12981,12974,12973
12981,12973,12972
12948,12956,12981
12974,12981,12956
12948,12981,12972
12972,12974,12956
12956,12948,12972
12965,12982,12960
12965,12956,12982
12964,12956,12965
12964,12982,12956
12964,12960,12982
12983,12970,12969
12983,12971,12970
12984,12956,12983
12971,12983,12956
12983,12969,12985
12983,12985,12984
12948,12985,12969
12948,12984,12985
12969,12984,12948
12969,12956,12984
12969,12971,12956
12986,12957,12956
12986,12960,12957
12986,12958,12987
12956,12958,12986
12960,12986,12988
12987,12988,12986
12959,12987,12958
12989,12990,12987
12990,12988,12987
12989,12987,12959
12990,12989,12948
12991,12944,12989
12989,12992,12991
12989,12944,12948
12992,12989,12959
12988,12990,12992
12993,12992,12990
12991,12992,12993
12992,12959,12988
12956,12960,12993
12993,12994,12995
12994,12993,12996
12991,12993,12997
12990,12997,12993
12998,12999,12993
12998,12993,13000
13000,12993,13001
12993,13002,13003
13002,12993,13004
13005,13004,12993
12993,13003,13006
13006,13005,12993
12999,13001,12993
12993,12995,12996
12993,13007,13008
13008,13009,12993
12993,13009,13007
12993,13010,13011
13010,12993,13012
12993,13011,13012
12993,13013,13014
13013,12993,13015
12993,13014,13015
12993,13016,13017
13017,13018,12993
12993,13018,13016
12993,13019,13020
13019,12993,13021
12993,13020,13021
13022,13021,13020
13022,13020,13019
13023,13010,13022
13021,13022,13010
13022,13024,13023
13022,13019,13024
12991,13023,13024
12991,13024,13019
13019,13010,13023
13019,13023,12991
13019,13021,13010
13025,13016,13018
13025,13017,13016
13018,13010,13025
13025,13026,13027
13025,13027,13017
13026,13025,13010
13017,12994,13026
13017,13026,13010
12994,13027,13026
12994,13017,13027
13017,13010,13018
13028,13014,13013
13028,13015,13014
13029,13010,13028
13015,13028,13010
13028,13013,13030
13028,13030,13029
12991,13029,13030
12991,13030,13013
13013,13010,13029
13013,13029,12991
13013,13015,13010
13031,13011,13010
13011,13032,13012
13011,13031,13032
12994,13032,13031
12994,13012,13032
13012,12994,13031
13012,13031,13010
12991,13010,9629
12994,13033,13010
13034,13035,13010
13034,13010,13036
13036,13010,13037
13035,13037,13010
13010,13038,13039
13038,13010,13040
13010,13039,13040
13010,13041,13042
13041,13010,13043
13010,13042,13043
13010,13044,13045
13044,13010,13046
13010,13045,13046
13047,13046,13045
13047,13045,13044
9629,13033,13047
13046,13047,13033
9629,13047,13044
13044,13046,13033
13033,9629,13044
13048,13042,13041
13048,13043,13042
13049,13033,13048
13043,13048,13033
13048,13041,13050
13048,13050,13049
9629,13049,13050
9629,13050,13041
13041,13033,13049
13041,13049,9629
13041,13043,13033
13034,13033,13035
13033,13051,13035
13037,13035,13051
13037,13051,13034
13033,13034,13051
13052,13040,13039
13052,13039,13038
13040,13052,9629
13053,9629,13052
13052,13038,13054
13052,13054,13053
12991,13054,13038
12991,13053,13054
13038,9629,13053
13038,13053,12991
13038,13040,9629
13037,13034,13055
13037,13055,13036
12994,13055,13034
12994,13036,13055
13034,13036,12994
13033,9631,13056
13033,13056,12857
13057,13033,13058
13057,13059,13033
13059,13060,13033
13061,13033,13062
13061,13063,13033
13063,13064,13033
13062,13033,13064
13058,13033,13060
9631,13033,13065
12857,13065,13033
13066,13067,13033
13066,13033,13068
13068,13033,13069
13067,13069,13033
13033,13070,13071
13071,13072,13033
13033,13072,13070
13033,13073,13074
13074,13075,13033
13033,13075,13073
13076,13074,13073
13076,13073,13075
13075,9629,13076
13077,13076,9629
13076,13078,13074
13076,13077,13078
12857,13078,13077
12857,13074,13078
13074,13077,9629
13074,12857,13077
13074,9629,13075
13079,13071,13070
13079,13070,13072
13079,13080,13071
13079,13081,13080
13081,13079,9629
13072,9629,13079
12857,13071,13080
12857,13080,13081
13071,12857,13081
13071,13081,9629
13071,9629,13072
13069,13067,13082
12857,13082,13067
13066,12857,13067
13069,13082,13066
12857,13066,13082
12994,13058,13083
13057,13058,12994
13060,13083,13058
12994,13083,13057
13060,13057,13083
12994,13062,13084
13061,13062,12994
13064,13084,13062
12994,13084,13061
13064,13061,13084
13069,13085,13068
13069,13066,13085
9631,13068,13085
9631,13085,13066
13066,13068,9631
9631,13065,13056
12857,13056,13065
13060,13086,13057
13060,13059,13086
9631,13086,13059
9631,13057,13086
13064,13087,13061
13064,13063,13087
9631,13087,13063
9631,13061,13087
13061,9631,13063
13057,9631,13059
13088,13007,13009
13088,13008,13007
13009,12994,13088
13089,13088,12994
13088,13089,13090
13088,13090,13008
13008,13089,12994
13008,12960,13089
12960,13090,13089
12960,13008,13090
13008,12994,13009
12960,12995,12994
12960,12996,12995
12994,12996,12960
13001,12999,13091
12998,12960,12999
12960,13091,12999
13001,13091,12998
12960,12998,13091
13001,13092,13000
13001,12998,13092
12956,13000,13092
12956,13092,12998
12944,13006,13003
12944,13003,13002
13006,12956,13005
13005,12991,13004
12991,13005,12956
13006,13093,12967
13006,12966,13093
13006,12948,13094
13006,13094,12956
13006,13095,12948
13006,12944,13095
12966,13006,13002
12967,13002,13006
13094,13095,12944
13094,12948,13095
12944,12956,13094
13002,13093,12966
13002,12967,13093
13002,13004,12991
13002,13096,12944
13002,12991,13096
12956,12944,13096
12956,13096,12991
12998,13000,12956
12997,12956,13097
12990,12956,12997
12997,13097,12991
13098,13097,12956
13098,12991,13097
12991,13098,12944
13099,12944,13098
13099,13098,12956
12990,13099,12956
12990,12948,13099
12944,13099,12948
12994,9608,13100
12994,13100,9631
9608,12994,13101
9631,13101,12994
13102,13103,12994
13102,12994,13104
13104,12994,13105
13103,13105,12994
12994,13106,13107
13106,12994,13108
12994,13107,13108
12994,13109,13110
13109,12994,13111
12994,13110,13111
13112,13110,13109
13112,13111,13110
9608,13112,13109
13111,13112,12960
9608,12960,13112
13109,13111,12960
12960,9608,13109
13113,13108,13107
13113,13107,13106
13108,13113,12960
13113,13114,13115
13115,12960,13113
13113,13106,13114
9608,13115,13114
9608,13114,13106
13106,12960,13115
13106,13115,9608
13106,13108,12960
9631,13116,13103
13102,9631,13103
13105,13103,13116
9631,13102,13116
13105,13116,13102
13105,13117,13104
13105,13102,13117
9608,13104,13117
9608,13117,13102
13102,13104,9608
9608,13101,13100
9631,13100,13101
12991,13118,12960
12960,13119,12991
12991,13119,13118
12991,13120,13121
13120,12991,13122
12991,13121,13122
12991,13123,13124
13123,12991,13125
12991,13124,13125
12991,13126,13127
13126,12991,13128
12991,13127,13128
13129,13127,13126
13129,13128,13127
12960,9629,13129
13128,13129,9629
12960,13129,13126
13126,13128,9629
9629,12960,13126
13130,13125,13124
13130,13124,13123
13131,9629,13130
13125,13130,9629
13130,13132,13131
13130,13123,13132
12960,13131,13132
12960,13132,13123
13123,9629,13131
13123,13131,12960
13123,13125,9629
12944,13118,13119
12944,12960,13118
13133,13121,13120
13133,13122,13121
13133,13134,13135
13135,12960,13133
13133,13120,13134
13122,13133,12960
12944,13135,13134
12944,13134,13120
13120,13135,12944
13120,12960,13135
13120,13122,12960
12960,12944,13119
12960,12988,12959
12944,12961,12962
12960,12962,12961
12952,12948,12955
12952,12955,12944
12955,12953,12944
12966,12967,12960
12960,12964,12966
12952,12944,12953
12960,13136,13137
13136,12960,13138
12960,13137,13138
12960,13139,13140
13139,12960,13141
12960,13140,13141
13142,13140,13139
13142,13141,13140
13143,9629,13142
13141,13142,9629
13142,13139,13144
13142,13144,13143
9608,13143,13144
9608,13144,13139
13139,9629,13143
13139,13143,9608
13139,13141,9629
13145,13137,13136
13145,13138,13137
13145,13136,13146
13138,13145,9629
13147,9629,13145
13145,13146,13147
9608,13146,13136
9608,13147,13146
13136,9629,13147
13136,13147,9608
13136,13138,9629
13148,12952,12895
9740,12952,13148
13148,9747,9740
9747,13148,12928
12895,12928,13148
12947,12949,12948
9754,12895,12950
12947,12944,12949
12947,12945,12944
12928,12895,12930
12857,12897,12898
12857,9629,12897
9629,12895,12894
9629,12894,12896
13149,12901,12900
13149,12900,12899
12901,13149,9629
13150,9629,13149
13149,13151,13150
13149,12899,13151
12857,13150,13151
12857,13151,12899
12899,9629,13150
12899,13150,12857
13152,12903,12902
13152,12904,12903
12904,13152,12895
13153,12895,13152
13152,13154,13153
13152,12902,13154
9629,13154,12902
9629,13153,13154
12902,12895,13153
12902,13153,9629
12902,12904,12895
12899,12901,9629
12895,9629,12896
9629,12857,12898
9625,12895,9754
12895,9740,9616
12823,9694,12824
12826,12824,13155
9694,13155,12824
12826,13155,12823
9694,12823,13155
12826,12823,13156
12826,13156,12825
9768,12825,13156
9768,13156,12823
12823,12825,9768
9741,10973,12811
9741,12811,12812
12813,13157,13158
13158,9635,12813
12813,12814,13157
10973,13158,13157
10973,13157,12814
12814,13158,10973
12814,9635,13158
9768,12815,12816
9694,12816,12815
13159,12818,12817
13159,12819,12818
13159,13160,13161
13161,9635,13159
13159,12817,13160
12819,13159,9635
10973,13161,13160
10973,13160,12817
12817,13161,10973
12817,9635,13161
13162,12821,12820
13162,12822,12821
13162,13163,13164
13164,10973,13162
12822,13162,10973
13162,12820,13163
9741,13164,13163
9741,13163,12820
12820,13164,9741
12820,10973,13164
12820,12822,10973
12817,12819,9635
10973,9741,12812
11820,9708,11821
11823,11821,13165
9708,13165,11821
11823,13165,11820
9708,11820,13165
11824,11826,9768
9708,11817,11819
11638,11684,13166
11684,11623,13167
11623,11684,13168
11684,13167,13168
11684,13169,13170
13170,13171,11684
11684,13171,13169
9709,13166,11684
9709,11623,13166
11638,13166,11623
13172,13170,13169
13172,13169,13171
13173,13172,11623
13171,11623,13172
13172,13174,13170
13172,13173,13174
13170,13173,11623
13170,9708,13173
9708,13174,13173
9708,13170,13174
13170,11623,13171
9708,13167,11623
9708,13168,13167
11623,13168,9708
11619,11682,11644
11646,11642,11662
11662,13175,11646
11662,9628,13175
11643,11646,13175
11643,13175,9628
11654,11652,13176
11647,13176,11652
11651,11647,11652
11647,11651,13176
11654,13176,11651
11655,11647,11657
11656,11657,11647
11655,11646,13177
11655,11650,11646
11655,13178,11647
11655,13177,11659
11655,11659,13178
13179,11647,13178
13179,13178,11659
11639,13180,13179
11658,11639,13179
13179,13181,11658
11647,13179,13180
11656,13179,13182
13183,13179,11656
13179,13183,13184
13179,13184,13182
13179,11659,13181
13183,13185,11646
13182,13183,11646
13183,9628,13185
11637,9628,13183
13183,13182,11637
11656,13184,13183
13185,9628,13186
13185,13186,11658
11658,11646,13185
11639,13186,9628
11639,11658,13186
13177,11658,13181
13177,13181,11659
11639,11656,13180
11647,13180,11656
11646,11637,13182
11656,13182,13184
11658,13177,11646
11646,9628,11659
11659,9731,13187
9731,11659,13188
11647,11659,13189
11659,11647,13190
13190,13191,11659
13191,13189,11659
13192,13193,11659
13192,11659,13194
13194,11659,13195
13196,11659,13197
13196,13198,11659
13198,13199,11659
13197,11659,13199
13193,13195,11659
11659,13187,13188
11659,13200,13201
13201,13202,11659
11659,13202,13200
13203,13201,13200
13203,13200,13202
13203,13204,13201
13203,13205,13204
13205,13203,9731
13202,9731,13203
9628,13201,13204
9628,13204,13205
13201,13205,9731
13201,9628,13205
13201,9731,13202
9628,13187,9731
9628,13188,13187
9731,13188,9628
13195,13193,13206
9628,13206,13193
13192,9628,13193
13195,13206,13192
9628,13192,13206
13199,13207,13197
13196,13197,11647
11647,13197,13207
13199,13196,13207
11647,13207,13196
13189,13191,13208
13189,13208,13190
11647,13189,13190
11646,13190,13208
11646,13208,13191
13195,13209,13194
13195,13192,13209
11646,13194,13209
11646,13209,13192
13199,13198,13210
13199,13210,13196
11646,13210,13198
11646,13196,13210
13196,11646,13198
13192,13194,11646
13190,11646,13191
11658,13211,9709
9709,13212,11658
11658,13212,13211
11658,13213,13214
13213,11658,13215
11658,13214,13215
9628,9709,13211
9628,13211,13212
13216,13215,13214
13216,13214,13213
13215,13216,9709
13216,13217,13218
13218,9709,13216
13216,13213,13217
9628,13218,13217
9628,13217,13213
13213,9709,13218
13213,13218,9628
13213,13215,9709
9709,9628,13212
11654,13219,11653
11654,11651,13219
11646,11653,13219
11646,13219,11651
11637,11646,11650
11651,11653,11646
11642,11646,11643
11619,11644,11621
11638,11625,11614
11638,11626,11625
11639,11637,11640
9628,11637,11639
11628,11630,11623
9612,11618,11623
11621,11623,11618
9691,11620,11613
11620,9708,13220
11620,13220,11613
9612,13220,9708
9612,11613,13220
9691,11613,9612
11610,13221,13222
9797,11610,13222
11610,9797,13221
11610,13223,13224
13224,13225,11610
11610,13225,13223
13226,13223,13225
13226,13224,13223
13226,13227,13228
13227,13226,9797
13225,9797,13226
13226,13228,13224
9795,13228,13227
9795,13224,13228
13224,9795,13227
13224,13227,9797
13224,9797,13225
9795,13222,13221
9795,13221,9797
9797,13222,9795
11608,9846,11607
9846,11608,11486
11605,11486,11608
8813,11607,9838
11607,9846,9838
11486,11605,11487
11596,11599,11603
11603,9960,11596
11578,11579,11576
11578,11487,9858
11578,11491,11487
9858,9951,11578
11578,11498,11500
11491,11578,11500
11498,11578,11499
9951,9952,11578
11546,9978,11570
11546,11570,9987
9966,11571,9961
9966,9903,11571
11551,13229,9987
11551,9983,13229
10058,9987,13229
10058,13229,9983
13230,13231,11546
13230,11546,9987
11545,11546,13231
11546,13232,10003
11546,10004,13232
10003,13233,11546
10004,11546,13233
10003,13232,13233
10004,13233,13232
13230,10003,13231
11545,13231,10003
13230,13234,10008
13230,9987,13234
11545,13230,10049
13230,13235,10049
13230,13236,13235
13230,10008,13236
13230,11545,10003
13236,10019,13237
13236,13238,10019
13236,10022,13239
13236,13240,10022
13236,10026,13240
13236,13237,10026
10474,13236,10008
10473,13235,13236
10473,13236,10474
13238,13236,10049
10049,13236,10040
13236,13239,10040
13238,13241,10019
13238,10028,13241
13242,10028,13238
10049,10045,13238
13238,10045,13242
13242,10031,13243
10045,10031,13242
10028,13242,13244
10034,13244,13242
13242,13243,10034
13245,13243,10031
13245,10034,13243
13246,13245,10031
13245,13246,13247
13245,13247,13248
9999,13245,11544
11544,13245,13249
13250,10034,13245
9999,13250,13245
13245,13248,13249
13251,13249,13247
13247,13249,9998
13249,13252,9869
9869,9998,13249
13251,13252,13249
11541,13249,13248
11541,11544,13249
11399,13252,13251
13252,11399,9864
9864,9869,13252
13252,13253,11380
11380,11541,13252
11541,13254,13252
13253,13252,13254
13253,13254,13251
11541,13251,13254
13255,11381,13253
13253,11381,11380
13253,13251,13256
13253,13256,13257
13257,13255,13253
13257,11399,13251
13258,11399,13257
13257,13259,13258
13259,13257,13260
13257,13261,13260
13257,13262,13261
13251,13262,13257
13246,13263,13257
13246,13257,13247
13257,13264,13247
13255,13257,13263
13264,13257,13256
11541,13264,13251
13264,13256,13251
11541,13247,13264
13255,13263,13259
13246,13259,13263
13262,13265,13260
13262,13247,13265
13266,13247,13262
13251,13267,13262
13267,13268,13262
13269,13270,13262
13270,13271,13262
13272,13262,13271
13262,13273,13266
13262,13260,13273
13261,13262,13268
13272,13269,13262
13266,10031,13259
10031,13266,9998
13259,13260,13266
9998,13266,13274
13266,13260,13261
13266,13265,13247
13265,13266,13273
13261,13268,13266
13270,13266,13271
13270,13275,13266
13272,13266,13275
13272,13271,13266
13267,13274,13266
13267,13266,13268
13267,13247,13274
9998,13274,13247
13272,13275,13247
13270,13247,13275
13272,13260,13269
13269,13247,13270
13247,13269,13260
13247,13260,13272
13265,13273,13260
13251,13247,13267
13258,13259,9365
13276,13258,9365
13277,13258,13276
13258,13277,11399
13278,11399,13277
13277,10478,13278
13276,10478,13277
13255,13279,13277
13255,13277,13280
13280,13277,13281
13282,13281,13277
13282,13277,13279
13280,13281,13278
13282,13278,13281
13255,13276,13279
13282,13279,13276
13282,10451,10450
10450,13278,13282
13244,13282,13283
10451,13282,13244
13283,13282,13276
13284,10028,13283
13244,13283,10028
13285,13283,13286
13276,13286,13283
13283,13285,13284
13284,13287,10019
13284,10019,13241
13284,13241,10028
13284,11363,10035
13284,10035,13287
11363,13284,13285
13287,13237,10019
13287,10026,13237
10026,13287,10035
11363,13285,10432
13285,10433,10432
13285,13286,10433
13286,13276,13288
13286,13288,9365
11375,13286,9365
13286,11375,10433
13255,13288,13276
13255,9365,13288
13255,13280,13289
13280,13278,10450
10450,13289,13280
10452,13289,10450
13289,10452,13290
13289,13291,13255
13291,13289,13290
10433,13290,10452
11383,13290,10433
13291,13290,11383
13291,11381,13255
11383,11381,13291
10443,11399,13278
10443,13278,10478
9365,10423,13276
10423,13292,13276
13276,13292,10478
10033,13292,10422
13292,10423,10422
10033,10478,13292
9363,13259,10031
9363,9365,13259
9369,13293,13259
9369,13259,13294
13246,13294,13259
13255,13259,13293
13255,13293,9365
9369,9365,13293
9369,13294,10031
13246,10031,13294
11541,13248,13247
13295,13296,13250
13295,13250,9999
13250,13296,13297
13250,13297,10034
10034,9998,13296
13296,10033,10034
13296,9998,10002
10002,10469,13296
13296,10469,10033
13244,13296,13295
13244,13297,13296
13244,10034,13297
9999,13298,13295
13295,13298,13244
13298,10451,13244
10472,10451,13298
13298,9999,10472
10035,13239,10022
10035,10040,13239
10035,10022,13240
10035,13240,10026
10473,10049,13235
10475,13234,9987
10475,10008,13234
11544,11545,10473
10049,10473,11545
10473,10472,11544
11544,10472,9999
10031,11538,9369
10044,11538,10031
11538,10044,11535
9369,11538,11537
11535,10044,9983
11534,9360,9359
11534,9340,9360
9340,11534,9894
9912,11533,9910
11524,11380,13299
13299,11502,11524
11502,13299,11377
11379,11377,13299
13299,11380,11379
8807,11502,11377
11493,11430,9852
9853,11493,9852
11427,11430,11493
11487,11491,11488
11491,11490,11488
11487,9954,9955
9955,9858,11487
11486,9847,9846
11485,11479,9798
11482,9798,9834
11482,9834,9800
9800,13300,11482
13300,8864,11482
8865,11482,8864
11482,9168,9182
11482,9182,9184
11430,13300,9800
13300,11430,11431
11431,9817,13300
8864,13300,9817
11479,9833,9798
9951,9858,11479
11479,9797,9833
9856,11458,9854
9856,11453,11456
9856,11452,11453
9299,11454,9237
11454,9299,9185
9185,9312,11454
9298,11454,9312
9298,9174,11454
11452,9859,9798
9859,11452,9856
11430,9800,9844
11430,9844,9845
9813,11428,11421
8814,9813,11423
10520,9733,11416
9734,9808,11417
9733,9734,11417
9774,9773,11414
9774,11412,9775
9775,11412,9804
9808,9804,11412
11409,9168,11411
11409,8880,8879
8879,9168,11409
8871,11408,8870
11389,11388,11403
11399,10443,10445
11392,11394,11376
11389,11376,11390
8806,11386,10495
11377,11376,11384
9368,9354,11374
9368,11374,9365
11363,13301,10471
10035,11363,10471
10208,13301,11363
10432,10465,11363
13301,13302,10471
13301,10208,13302
10211,13303,13302
10211,13302,10333
10193,10471,13302
10193,13302,10208
10333,13302,10355
10355,13302,13303
10211,10471,13303
10355,13303,10471
10519,10408,11319
11319,10408,10409
10485,10463,11316
11316,10491,10485
11316,10489,10491
10489,11316,8806
11181,10245,11173
11174,11176,11178
11178,11173,11174
11174,10521,11176
10245,10246,11173
10246,11115,11173
11173,11115,11171
11172,11157,13304
11172,11114,11157
13304,11168,11172
13304,11157,11166
13304,11166,11168
11115,11114,11171
10538,10546,11168
13305,11168,10546
11168,10536,10538
13306,10536,11168
11168,13305,13306
13307,9724,13306
13307,13306,13305
10536,13306,9724
13305,11114,13307
11116,13307,11114
13307,11116,9724
13308,9590,13305
13305,9590,9597
9597,11114,13305
13305,10546,13308
13308,10521,9590
10521,13308,10525
10525,13308,10527
10546,10545,13308
13308,10545,10527
11157,11165,11166
8874,11164,10527
9702,9703,11159
11157,11117,11116
11157,11114,11117
9753,11156,9625
9615,9625,11156
11156,9612,13309
11156,13309,9615
11156,13310,9612
11156,9711,13310
11156,13311,9711
11156,9658,13311
11156,9696,13312
11156,13312,9658
9628,13312,9696
9628,9658,13312
9628,13311,9658
9628,9711,13311
9628,9612,13310
9628,13310,9711
9628,13309,9612
9628,9615,13309
11114,13313,11116
11114,11111,13313
11111,11114,9597
13314,11116,13313
13314,13313,11111
11116,13314,11109
13314,11111,13315
11029,11109,13314
13314,13315,11029
9597,13315,11111
9597,11029,13315
11022,11115,10246
11029,11115,11022
11111,13316,13317
11029,13316,11111
11111,13318,13319
13318,11111,13320
11111,13319,13320
11111,13317,11029
11111,11109,11108
11111,11108,10542
13317,13321,13322
13322,11029,13317
13317,13316,13321
11109,13321,13316
11109,13322,13321
13316,11029,13322
13316,13322,11109
13323,13319,13318
13323,13320,13319
13323,13324,13325
13323,13318,13324
13320,13323,11029
13325,11029,13323
11109,13325,13324
13318,13325,11109
13318,11029,13325
11109,13324,13318
13318,13320,11029
13326,11109,11029
11109,13326,10542
10557,10543,13326
13326,11050,10557
10542,13326,10543
11050,13326,11029
11050,11049,13327
13327,10557,11050
13328,13327,11049
13327,13328,10951
13329,10557,13327
13330,13329,13327
13327,10951,13330
13329,10558,10557
13329,13331,13332
13332,13333,13329
13331,13329,13333
13329,13330,10951
10951,10558,13329
13331,13333,13330
13332,13331,13330
13332,13330,13333
13328,13334,13335
13335,13336,13328
11011,13328,13336
13328,11049,13334
13328,13337,10951
13337,13328,11011
13337,11011,11009
11009,10924,13337
13337,10924,10928
10928,10950,13337
10950,10951,13337
13334,9607,13335
9607,13334,13338
13334,13339,13338
11049,9658,13334
13334,9658,13339
13340,13339,9658
13340,13338,13339
9631,9640,13340
13338,13340,9640
9631,13340,9658
13341,13338,9640
13338,9658,13342
13338,13341,9607
10968,13338,13343
10968,13344,13338
13344,13345,13338
13343,13338,13345
13338,13346,13347
13346,13338,13348
13338,13347,13348
13338,13349,13350
13350,13351,13338
13338,13351,13349
13338,13352,13353
13352,13338,13354
13338,13353,13354
13355,13354,13353
13355,13353,13352
13354,13355,13342
13341,13342,13355
13341,13355,13352
13352,13354,13342
13342,13341,13352
13356,13349,13351
13356,13350,13349
13357,13356,13342
13351,13342,13356
13356,13357,13358
13356,13358,13350
9658,13358,13357
9658,13350,13358
13350,13357,13342
13350,9658,13357
13350,13342,13351
13359,13347,13346
13359,13348,13347
13359,13360,13361
13361,13342,13359
13359,13346,13360
13348,13359,13342
13341,13360,13346
13341,13361,13360
13346,13361,13341
13346,13342,13361
13346,13348,13342
13344,9658,13345
13343,13345,9658
9658,13341,13343
10968,13343,13341
13344,13362,9658
13344,11049,13362
13344,11010,11049
11010,13344,10968
9612,13362,11049
9612,9658,13362
9640,13363,13341
9607,13341,13364
13364,13341,13363
13341,13365,10968
13365,13341,13366
13341,9658,13367
13367,13366,13341
9640,13342,13363
13364,13363,13342
13367,13342,13366
13365,13366,13342
13368,13342,13367
13368,13367,9658
13368,13369,9640
9684,13368,9640
9684,13342,13368
13368,9658,13369
9683,9640,13369
9683,13369,9658
13365,13370,13371
13365,13372,13370
13365,13342,13372
13365,13371,13364
10968,13365,13364
13373,13371,13370
13373,13364,13371
9684,13373,13370
9684,13374,13373
13364,13373,13374
13375,13374,9684
13374,13376,13364
13374,13375,13376
13375,13377,13376
10969,13376,13377
13364,13376,10969
13364,13377,9607
13377,13378,9607
13377,13379,13378
13377,13380,13381
13382,13380,13377
13370,13377,13364
13377,13370,13383
13377,13384,13379
13383,13384,13377
13385,13377,13386
13385,13387,13377
13387,13388,13377
10969,13377,13389
13389,13377,13390
13377,13391,13392
13391,13377,13393
13377,13392,13393
13394,13390,13377
13377,13375,13394
13395,13377,13396
13395,13397,13377
13397,13398,13377
13396,13377,13398
13386,13377,13388
13377,13381,13382
13399,13400,13383
13399,13383,13370
13383,13401,13384
13383,13400,13401
13401,13402,13384
13401,9635,13402
9635,13401,13400
13402,13379,13384
13402,13378,13379
13378,13402,9635
9635,13400,13399
13384,13403,13400
13400,13404,13384
9644,13405,13400
13400,13406,9644
13400,9643,13406
13404,13400,13407
9684,13408,13400
9684,13400,13375
13400,13394,13375
13394,13400,13409
13407,13400,13403
9643,13400,13405
13410,13411,13400
13410,13400,13412
13412,13400,13413
13411,13413,13400
13414,13415,13400
13414,13400,13416
13416,13400,13417
13415,13417,13400
13409,13400,13408
13400,13418,13419
13418,13400,13420
13400,13419,13420
13400,13421,13422
13421,13400,13423
13400,13422,13423
13424,13423,13422
13424,13422,13421
13423,13424,9635
13424,13425,13426
13426,9635,13424
13424,13421,13425
9643,13426,13425
9643,13425,13421
13421,13426,9643
13421,9635,13426
13421,13423,9635
9684,9635,13408
13409,13408,9635
13427,13419,13418
13427,13420,13419
13427,13418,13428
13420,13427,9635
13427,13428,13429
13429,9635,13427
9643,13429,13428
9643,13428,13418
13418,9635,13429
13418,13429,9643
13418,13420,9635
13384,13430,13415
13414,13384,13415
13417,13415,13430
13384,13414,13430
13417,13430,13414
13394,13409,13384
9635,13384,13409
13403,13431,13407
9644,13407,13431
13404,13407,9644
13403,13404,13431
9644,13431,13404
13410,9644,13411
9644,13432,13411
13413,13411,13432
13413,13432,13410
9644,13410,13432
13417,13433,13416
13417,13414,13433
9644,13416,13433
9644,13433,13414
13414,13416,9644
13413,13410,13434
13413,13434,13412
9643,13412,13434
9643,13434,13410
13410,13412,9643
9643,13405,13406
9644,13406,13405
13384,13404,13403
13342,9640,13399
13399,13370,13342
9640,9645,13399
9608,13399,9645
13399,9608,9607
13399,9607,9635
13435,13436,13382
13382,13437,13435
13384,13382,13436
13382,13384,13437
13382,13378,13380
13378,13382,13381
13438,13439,13382
13438,13382,13440
13440,13382,13441
13439,13441,13382
13382,13442,13443
13442,13382,13444
13382,13443,13444
13391,13393,13382
13391,13382,13445
13445,13382,13446
13393,13446,13382
13382,13395,13447
13395,13382,13397
13382,13447,13397
13382,13385,13448
13385,13382,13387
13382,13448,13387
13382,13449,13450
13449,13382,13451
13382,13450,13451
13382,13452,13453
13453,13454,13382
13382,13454,13452
13382,13455,13456
13455,13382,13457
13382,13456,13457
13458,13457,13456
13458,13456,13455
13457,13458,13442
13378,13442,13458
13378,13458,13455
13455,13457,13442
13442,13378,13455
13459,13453,13452
13459,13452,13454
13460,13459,13442
13454,13442,13459
13459,13461,13453
13459,13460,13461
13435,13461,13460
13435,13453,13461
13453,13435,13460
13453,13460,13442
13453,13442,13454
13462,13450,13449
13462,13451,13450
13463,13442,13462
13451,13462,13442
13462,13449,13464
13462,13464,13463
13378,13463,13464
13378,13464,13449
13449,13463,13378
13449,13442,13463
13449,13451,13442
13388,13448,13385
13388,13387,13448
13398,13447,13395
13398,13397,13447
13446,13393,13392
13446,13392,13391
13446,13391,13465
13446,13465,13445
13378,13465,13391
13378,13445,13465
13391,13445,13378
13435,13444,13443
13435,13443,13442
13442,13444,13435
13442,13466,13467
9635,13466,13442
13442,13468,13469
13468,13442,13470
13442,13469,13470
13442,13467,9635
13442,13471,13472
13471,13442,13473
13442,13472,13473
13442,13474,13475
13475,13476,13442
13442,13476,13474
13442,13477,13478
13478,13479,13442
13442,13479,13477
13442,13480,13481
13481,13482,13442
13442,13482,13480
13483,13480,13482
13483,13481,13480
13482,9635,13483
13483,13484,13485
13483,13485,13481
13484,13483,9635
13471,13485,13484
13481,13471,13484
13481,13484,9635
13471,13481,13485
13481,9635,13482
13486,13478,13477
13486,13477,13479
13486,13487,13478
13486,13488,13487
13488,13486,13471
13479,13471,13486
13435,13487,13488
13435,13478,13487
13478,13435,13488
13478,13488,13471
13478,13471,13479
13489,13475,13474
13489,13474,13476
13489,13490,13475
13489,13491,13490
13491,13489,9635
13476,9635,13489
13471,13475,13490
13471,13490,13491
13475,13471,13491
13475,13491,9635
13475,9635,13476
13492,13472,13471
13472,13493,13473
13472,13492,13493
13435,13493,13492
13473,13435,13492
13473,13492,13471
13435,13473,13493
13435,13471,13494
13471,13435,13495
13496,13497,13471
13471,13498,13496
13471,13499,13498
13495,13500,13471
13500,13494,13471
13501,13471,13502
13501,13503,13471
13503,13504,13471
13502,13471,13504
13499,13471,13497
13505,13506,13471
13505,13471,13507
13507,13471,13508
13506,13508,13471
13471,13509,13510
13509,13471,13511
13471,13510,13511
13471,13512,13513
13513,13514,13471
13471,13514,13512
13471,13515,13516
9635,13471,13516
13471,9635,13515
13471,13517,13518
13518,13519,13471
13471,13519,13517
9646,13499,13435
9686,13499,13520
13499,9686,13521
13496,13520,13499
13499,13521,13496
13499,13522,13523
13522,13499,13524
13499,13523,13524
13499,9642,13525
9642,13499,13526
13499,13525,13526
13499,13527,13528
13528,13529,13499
13499,13529,13527
13499,13530,13531
13531,13532,13499
13499,13532,13530
13499,13533,13534
13534,13535,13499
13499,13535,13533
13536,13537,13499
13536,13499,13538
13538,13499,13539
13537,13539,13499
13499,13497,13498
13499,13501,13540
13501,13499,13503
13499,13540,13503
13499,13541,13505
13505,13507,13499
13499,13507,13541
13499,13495,13542
13495,13499,13500
13499,13542,13500
13494,13500,13542
13494,13542,13495
13508,13541,13507
13508,13505,13541
13504,13503,13540
13504,13540,13501
13496,13543,13537
13536,13496,13537
13539,13537,13543
13496,13536,13543
13539,13543,13536
13539,13544,13538
13539,13536,13544
9686,13538,13544
9686,13544,13536
13536,13538,9686
13545,13533,13535
13545,13534,13533
9642,13534,13545
9642,13545,9686
13535,9686,13545
13534,9686,13535
9686,13534,9642
13546,13530,13532
13546,13531,13530
13532,9642,13546
13547,13546,9642
13546,13548,13531
13546,13547,13548
9646,13548,13547
9646,13531,13548
13531,9646,13547
13531,13547,9642
13531,9642,13532
13549,13527,13529
13549,13528,13527
13529,9686,13549
13550,13549,9686
13549,13550,13551
13549,13551,13528
9642,13551,13550
13528,9642,13550
13528,13550,9686
9642,13528,13551
13528,9686,13529
9646,13526,13525
9646,13525,9642
9642,13526,9646
13552,13523,13522
13552,13524,13523
13524,13552,13435
13553,13435,13552
13552,13554,13553
13552,13522,13554
13522,13435,13553
13522,13553,9646
9646,13553,13554
9646,13554,13522
13522,13524,13435
9686,13520,13521
13496,13521,13520
13555,13517,13519
13555,13518,13517
13519,9635,13555
13555,13556,13518
13555,13557,13556
13557,13555,9635
13509,13556,13557
13518,13509,13557
13518,13557,9635
13509,13518,13556
13518,9635,13519
13515,13558,13559
13515,13559,13516
13558,13515,9635
13509,13559,13558
13516,13509,13558
13516,13558,9635
13509,13516,13559
13560,13512,13514
13560,13513,13512
13514,13509,13560
13561,13560,13509
13560,13562,13513
13560,13561,13562
13513,13561,13509
13496,13562,13561
13513,13496,13561
13496,13513,13562
13513,13509,13514
13563,13510,13509
13510,13564,13511
13510,13563,13564
13496,13564,13563
13496,13511,13564
13511,13563,13509
13511,13496,13563
13509,13496,13565
13509,13565,13566
13509,13567,13568
13509,13568,13569
13570,13509,13571
13572,13509,13573
13572,13574,13509
13574,13575,13509
13576,13509,13577
13576,13578,13509
13578,13579,13509
13580,13509,13581
13509,13580,9635
13582,13509,13583
13582,13584,13509
13584,13585,13509
13586,13509,13587
13586,13588,13509
13588,13589,13509
13587,13509,13589
13583,13509,13585
13581,13509,13590
9635,13590,13509
13577,13509,13579
13573,13509,13575
13567,13509,13591
13569,13591,13509
13496,13509,13592
13566,13592,13509
13593,13594,13509
13593,13509,13595
13595,13509,13596
13594,13596,13509
13597,13598,13509
13597,13509,13599
13599,13509,13600
13598,13600,13509
13509,13601,13602
13601,13509,13603
13509,13602,13603
13509,10971,13604
10971,13509,13605
13509,13604,13605
13509,13606,13607
13607,13608,13509
13509,13608,13606
13609,13610,13509
13609,13509,13611
13611,13509,13612
13610,13612,13509
13613,13614,13571
13571,13615,13613
13571,13616,13615
13571,13617,13569
13569,13618,13571
13571,13618,13617
13571,13619,13620
13619,13571,13621
13571,13620,13621
13601,13603,13571
13601,13571,13622
13622,13571,13623
13603,13623,13571
13616,13571,13614
13624,13625,13571
13624,13571,13626
13626,13571,13627
13625,13627,13571
13571,13628,13629
13629,13630,13571
13571,13630,13628
13571,13631,13632
13632,13633,13571
13571,13633,13631
13571,13582,13634
13582,13571,13584
13571,13634,13584
13571,13572,13635
13572,13571,13574
13571,13635,13574
10971,13636,13616
10971,13616,13637
13613,13616,13638
13639,13640,13616
13616,13641,13639
13616,13569,13641
13642,13616,13643
13642,13644,13616
13644,13645,13616
10974,13616,13636
10974,13637,13616
13569,13616,13640
13643,13616,13645
13616,13646,13647
13646,13616,13648
13616,13647,13648
13616,13614,13615
13616,13649,13619
13619,13650,13616
13616,13650,13649
13616,13651,13624
13624,13626,13616
13616,13626,13651
13616,13652,13618
13618,13653,13616
13616,13653,13652
13654,13655,13616
13654,13616,13656
13656,13616,13657
13655,13657,13616
13643,13645,10971
13643,10971,13658
13643,13658,13639
13642,13643,13639
13659,13658,10971
13659,13639,13658
13660,13659,10971
13659,10973,13661
13660,10973,13659
13659,13661,13639
13662,13661,10973
13662,13639,13661
10973,13663,13662
13639,13662,13642
13664,13662,13663
13662,10919,13642
10919,13662,10907
13664,10907,13662
10675,10914,13664
10907,13664,10914
13664,13663,10675
10900,13663,9602
9602,13663,9606
13663,13660,13642
13660,13663,10973
13642,9606,13663
10675,13663,10900
13660,10971,13665
10979,13642,13660
13660,10920,10979
9606,10920,13660
13666,9606,13660
10981,13660,13665
10981,13666,13660
13667,13666,10981
9606,13666,13667
13335,13667,10971
10971,13667,13665
13335,9607,13667
13667,9607,9606
13665,13667,10976
10981,10976,13667
13665,10976,10981
13654,13639,13655
13639,13668,13655
13657,13655,13668
13657,13668,13654
13639,13654,13668
10971,13639,13636
10974,13636,13639
13657,13669,13656
13657,13654,13669
13569,13656,13669
13569,13669,13654
13654,13656,13569
13617,13652,13653
13617,13618,13652
13653,13569,13617
13618,13569,13653
13627,13651,13626
13627,13624,13651
13670,13649,13650
13670,13619,13649
13670,13621,13620
13621,13670,13569
13650,13569,13670
13670,13620,13619
13619,13569,13650
13671,13648,13647
13671,13647,13646
13648,13671,13638
13672,13638,13671
13671,13673,13672
13671,13646,13673
13646,13638,13672
13646,13672,13613
13613,13672,13673
13613,13673,13646
13646,13648,13638
13644,10971,13645
13569,13640,13641
13639,13641,13640
10971,13637,13638
10974,13638,13637
13644,13638,13674
13642,13638,13644
13644,13674,10971
13675,13674,13638
13675,10971,13674
13642,13675,13638
13675,13676,10971
13642,10979,13675
13675,10979,13676
13677,10971,13676
13677,13676,10979
13677,13678,10971
13677,11009,13678
10925,11009,13677
10925,13677,10979
13679,10971,13678
13679,13678,11009
13679,13680,10971
13681,13613,13679
13681,13679,11009
13679,13613,13680
13682,10971,13680
13682,13680,13613
13682,13683,10971
13681,13570,13682
13681,13682,13613
13682,13570,13683
13336,10971,13683
13336,13683,13570
13681,11011,13336
13336,13570,13681
11009,11011,13681
10919,9606,13642
13639,10971,10972
13569,10973,13639
13684,13685,13639
13684,13639,13686
13686,13639,13687
13639,10982,10974
10982,13639,13688
13685,13687,13639
10972,13688,13639
10973,13689,13685
13684,10973,13685
13687,13685,13689
10973,13684,13689
13687,13689,13684
10972,10973,13688
10982,13688,10973
13687,13690,13686
13687,13684,13690
13569,13686,13690
13569,13690,13684
13684,13686,13569
13638,13691,13692
11009,13691,13638
13638,13693,10979
10979,13694,13638
13638,13694,13693
13638,13695,13696
13695,13638,13697
13638,13696,13697
13638,13698,13699
13698,13638,13700
13638,13699,13700
10974,13701,13638
10971,13638,13701
13638,13692,11009
13613,13692,13691
13613,11009,13692
11009,13693,13694
11009,10979,13693
13702,13696,13695
13702,13697,13696
13702,13695,13703
13697,13702,11009
13704,11009,13702
13702,13703,13704
13613,13703,13695
13613,13704,13703
13695,13704,13613
13695,11009,13704
13705,13699,13698
13705,13700,13699
13705,13706,13707
13707,10979,13705
13705,13698,13706
13700,13705,10979
11009,13707,13706
11009,13706,13698
13698,13707,11009
13698,10979,13707
10971,13701,10979
10974,10979,13701
13698,13700,10979
13695,13697,11009
10979,11009,13694
11009,13613,13691
13575,13574,13635
13575,13635,13572
13585,13584,13634
13585,13634,13582
13708,13631,13633
13708,13632,13631
13633,13570,13708
13613,13708,13570
13613,13632,13708
13632,13570,13633
13570,13632,13613
13627,13625,13709
13613,13709,13625
13624,13613,13625
13627,13709,13624
13613,13624,13709
13710,13628,13630
13710,13629,13628
13710,13711,13712
13711,13710,13570
13710,13712,13629
13630,13570,13710
13613,13712,13711
13613,13629,13712
13629,13711,13570
13629,13613,13711
13629,13570,13630
13613,13615,13614
13623,13603,13602
13623,13713,13622
13623,13601,13713
13623,13602,13601
13570,13622,13713
13570,13713,13601
13601,13622,13570
13619,13621,13569
10971,13714,13613
10971,13613,13715
11011,13715,13613
13613,11008,11011
11008,13613,13714
10971,11009,13714
11008,13714,11009
13715,13716,10971
13715,13570,13716
11011,13570,13715
10968,10971,13716
10968,13716,13570
13569,13717,13567
13567,13718,13569
10973,13567,13717
13567,10973,13718
13567,13719,13566
13566,13720,13567
13567,13720,13719
13567,13721,13722
13721,13567,13723
13567,13722,13723
13724,13725,13567
13724,13567,13726
13726,13567,13727
13725,13727,13567
13567,13591,13568
13567,13586,13728
13586,13567,13588
13567,13728,13588
13567,13729,13597
13597,13599,13567
13567,13599,13729
13567,13576,13730
13576,13567,13578
13567,13730,13578
13579,13730,13576
13579,13578,13730
13600,13597,13729
13600,13729,13599
13589,13728,13586
13589,13588,13728
13724,13569,13725
13569,13731,13725
13727,13725,13731
13727,13731,13724
13569,13724,13731
13727,13724,13732
13727,13732,13726
10973,13732,13724
10973,13726,13732
13724,13726,10973
13569,13718,13717
10973,13717,13718
10973,13719,13720
10973,13566,13719
13733,13723,13722
13733,13722,13721
13723,13733,13566
13734,13566,13733
13733,13735,13734
13733,13721,13735
10973,13734,13735
10973,13735,13721
13721,13734,10973
13721,13566,13734
13721,13723,13566
13566,10973,13720
13566,9686,13736
13566,13736,9692
13566,13737,13496
13496,13738,13566
13566,13738,13737
13566,13565,13592
13566,13739,13740
13739,13566,13741
13566,13740,13741
13566,13593,13742
13593,13566,13594
13566,13742,13594
9686,13566,13743
9692,13743,13566
13744,13745,13566
13744,13566,13746
13746,13566,13747
13745,13747,13566
13566,13748,13749
13749,13750,13566
13566,13750,13748
13566,13751,13752
13752,13753,13566
13566,13753,13751
13566,13754,13586
13586,13587,13566
13566,13587,13754
13566,13755,13576
13576,13577,13566
13566,13577,13755
13579,13576,13755
13579,13755,13577
13589,13754,13587
13589,13586,13754
13756,13751,13753
13756,13752,13751
13753,10973,13756
9692,13756,10973
9692,13752,13756
13752,10973,13753
10973,13752,9692
13744,9692,13745
13747,13745,13757
9692,13757,13745
13747,13757,13744
9692,13744,13757
13758,13749,13748
13758,13748,13750
13758,13759,13749
13760,13758,10973
13750,10973,13758
13758,13760,13759
9692,13749,13759
9692,13759,13760
13749,13760,10973
13749,9692,13760
13749,10973,13750
13747,13744,13761
13747,13761,13746
9686,13761,13744
9686,13746,13761
13744,13746,9686
9686,13743,13736
9692,13736,13743
9686,13496,13737
9686,13737,13738
13762,13740,13739
13762,13741,13740
13741,13762,13496
13763,13496,13762
13762,13764,13763
13762,13739,13764
9686,13763,13764
9686,13764,13739
13739,13496,13763
13739,13763,9686
13596,13742,13593
13596,13594,13742
13739,13741,13496
13496,9686,13738
13569,13568,13591
13569,13597,13765
13597,13569,13598
13569,13765,13598
13569,13766,13582
13582,13583,13569
13569,13583,13766
13569,13767,13572
13572,13573,13569
13569,13573,13767
13575,13767,13573
13575,13572,13767
13585,13766,13583
13585,13582,13766
13600,13765,13597
13600,13598,13765
13609,9635,13610
13612,13610,13768
9635,13768,13610
13612,13768,13609
9635,13609,13768
10971,13581,13769
13580,13581,10971
13590,13769,13581
10971,13769,13580
13590,13580,13769
13612,13770,13611
13612,13609,13770
10971,13611,13770
10971,13770,13609
13609,13611,10971
13771,13607,13606
13771,13606,13608
13772,13771,10971
13608,10971,13771
13771,13773,13607
13771,13772,13773
13570,13607,13773
13570,13773,13772
13607,13772,10971
13607,13570,13772
13607,10971,13608
13570,13604,10971
13570,13605,13604
10971,13605,13570
13596,13593,13774
13596,13774,13595
13496,13774,13593
13496,13595,13774
13593,13595,13496
13496,13592,13565
9635,13580,13590
10968,13570,11011
13496,13775,13506
13505,13496,13506
13508,13506,13775
13496,13505,13775
13508,13775,13505
13435,13502,13776
13501,13502,13435
13504,13776,13502
13435,13776,13501
13504,13501,13776
13496,13498,13497
13435,13494,13495
13467,13466,13777
13467,13777,13778
13778,9635,13467
13378,13777,13466
13378,13778,13777
13466,9635,13778
13466,13778,13378
13779,13469,13468
13779,13470,13469
13779,13468,13780
13779,13780,13781
13781,9635,13779
13470,13779,9635
13378,13780,13468
13378,13781,13780
13468,9635,13781
13468,13781,13378
13468,13470,9635
13438,13435,13439
13435,13782,13439
13441,13439,13782
13435,13438,13782
13441,13782,13438
13441,13438,13783
13441,13783,13440
13384,13783,13438
13384,13440,13783
13438,13440,13384
13435,13437,13436
13384,13436,13437
13435,13384,9644
13435,13784,13785
13785,13786,13435
13435,13786,13784
13435,13787,13788
13788,13789,13435
13435,13789,13787
13435,13790,13791
13791,13792,13435
13435,13792,13790
13793,13791,13790
13793,13790,13792
9644,13791,13793
9644,13793,9646
13792,9646,13793
13791,9646,13792
9646,13791,9644
13794,13787,13789
13794,13788,13787
13795,13794,9644
13789,9644,13794
13794,13795,13796
13794,13796,13788
13384,13796,13795
13384,13788,13796
13788,13384,13795
13788,13795,9644
13788,9644,13789
13797,13785,13784
13797,13784,13786
13797,13798,13799
13797,13799,13785
13798,13797,9646
13786,9646,13797
9644,13799,13798
13785,9644,13798
13785,13798,9646
9644,13785,13799
13785,9646,13786
13388,13800,13386
13384,13386,13800
13385,13386,13384
13384,13800,13385
13388,13385,13800
13394,13384,13390
13389,13390,13384
13384,13396,13801
13395,13396,13384
13398,13801,13396
13384,13801,13395
13398,13395,13801
13378,13381,13380
13384,13378,13389
10969,13389,13378
13384,13802,13378
13384,9635,13802
10969,13378,13802
10969,13802,9635
9607,13378,9635
9684,13370,13372
9684,13372,13342
13364,13342,13370
13364,10969,10968
13342,13803,13804
13803,13342,13805
13342,13804,13805
13342,13806,13807
13806,13342,13808
13342,13807,13808
13809,13808,13807
13809,13807,13806
13809,13810,13811
13811,9658,13809
13809,13806,13810
13808,13809,9658
9640,13811,13810
9640,13810,13806
13806,13811,9640
13806,9658,13811
13806,13808,9658
13812,13805,13804
13812,13804,13803
13805,13812,9658
13812,13813,13814
13814,9658,13812
13812,13803,13813
9640,13814,13813
9640,13813,13803
13803,13814,9640
13803,9658,13814
13803,13805,9658
10971,13336,13335
11025,11027,11026
11021,11026,11027
11035,13815,11032
11035,11034,13815
11029,11032,13815
11029,13815,11034
11040,11039,13816
11040,13816,11037
11029,11037,13816
11029,13816,11039
11037,11029,11039
11022,11036,11029
11023,11029,11036
11032,11029,11034
9600,11021,11028
11031,11028,11021
9599,11031,11021
11029,9597,9596
11029,11023,11021
10246,11019,11022
11021,9600,9599
10246,11013,11019
11019,11013,11015
11015,10560,11010
11015,10561,10560
11013,10246,10957
11011,11010,10968
10971,13817,11009
10924,11009,10925
11007,11009,10988
10988,11009,13817
10971,10979,13817
10988,13817,10979
10561,11007,10988
11007,10561,10952
10998,10990,11003
10990,10699,11003
11003,10999,10998
10963,11003,10699
10991,10990,10998
10996,10957,10246
10996,10917,13818
10996,13818,10993
10917,10996,10246
10984,13818,10917
10984,10993,13818
9593,10993,10949
9593,13819,10993
10993,10908,10991
10985,10908,10993
10985,10993,13819
10993,10917,13820
13820,13821,10993
13821,13822,10993
10991,10949,10993
13823,10993,13824
13823,13825,10993
13825,13826,10993
13824,10993,13826
10917,10993,13822
13826,13827,13824
10917,13824,13827
13823,13824,10917
13826,13823,13827
10917,13827,13823
13822,13821,13828
13822,13828,13820
10917,13822,13820
10985,13828,13821
10985,13820,13828
13826,13825,13829
13826,13829,13823
10985,13829,13825
10985,13823,13829
13823,10985,13825
9593,10917,13819
10985,13819,10917
13820,10985,13821
10902,10949,10991
10991,10908,10902
10990,10987,10699
10987,10707,10699
10707,10987,10986
10919,10907,10985
10919,10985,10917
10985,10907,10908
10988,10979,10980
10988,10703,10561
10917,10703,10988
10698,13830,10986
10986,10982,10698
10707,10986,13830
10246,10707,13830
13830,10912,10246
10698,10912,13830
10973,10697,10982
10697,10698,10982
10973,10974,10699
10925,10979,10920
10973,9635,10971
10699,10697,10973
10973,13831,13832
13832,13833,10973
10973,13833,13831
13834,13831,13833
13834,13832,13831
13835,13834,10971
13833,10971,13834
13834,13835,13836
13834,13836,13832
9635,13832,13836
9635,13836,13835
13832,13835,10971
13832,9635,13835
13832,10971,13833
10968,10970,10971
10957,10958,10967
10950,10928,10942
10950,10942,9605
9605,9604,10950
10922,10944,10930
10944,10939,10930
10944,10934,10939
10932,10942,10928
10933,10930,10935
10934,10935,10930
10936,10938,10930
10932,10930,10938
10936,10930,13837
10936,13837,10934
10936,10934,13838
10936,13838,10932
10932,13837,10930
13837,13838,10934
13837,10932,13838
10934,10930,10933
10934,10933,10932
10930,10926,10922
9593,10912,10917
10703,10917,13839
10246,13839,10917
10246,10912,13839
10703,13839,10912
10914,10915,10907
10906,10907,10915
10912,9593,9592
10698,10703,10912
10895,10891,10894
10893,10894,10891
10897,10891,10899
10898,10899,10891
13840,10891,10897
13840,10897,9583
13840,13841,10891
10898,13840,9583
13840,10888,13841
10898,10888,13840
10898,10891,13841
10898,13841,10888
10891,10895,10888
10893,10888,10895
10893,13842,9583
10888,10893,9583
10893,10891,13842
10888,13842,10891
10888,9583,13842
10886,9549,10704
9576,9549,10886
13843,10760,9571
10760,10719,9571
10760,13843,13844
10719,10760,10704
13845,10760,13844
10758,10760,13845
13845,13846,10758
13844,13847,13845
13846,13845,10734
13845,13847,13848
13845,13848,10734
13847,13846,13848
10742,13848,13846
9045,13848,10742
9038,10734,13848
9045,9038,13848
13846,13847,9482
13847,13844,9482
10734,10742,13846
9482,10758,13846
13844,9491,9482
9491,13844,9490
9490,13844,13843
9578,13843,9571
13843,9578,13849
13850,13843,13849
13843,13850,9490
13849,10728,13850
13850,10728,10094
13850,10094,10095
10095,9490,13850
13851,13849,9578
10728,13849,13851
13852,13853,13851
13851,13853,10728
9579,13851,9578
13854,13851,9579
13851,13854,10297
13851,10297,13852
13855,13852,10297
13852,13855,9504
9541,13852,9509
9504,9509,13852
13853,13852,9541
13855,13856,13857
13855,13857,13858
13856,13855,10297
9504,13855,9503
13858,9503,13855
9489,9490,13858
9489,13858,13859
9490,9503,13858
13859,13858,13857
13859,13860,13861
13860,13859,13862
10088,13863,13859
13859,13861,10088
13859,13863,13864
13864,13865,13859
13859,13865,9489
13857,13862,13859
13862,13866,13860
13862,13867,13866
13862,13868,13867
13857,13869,13862
13862,13870,13868
10326,13862,9546
10326,13870,13862
10296,13862,13869
10296,9546,13862
13857,13856,13869
13869,13856,10296
13870,13871,13860
13870,13860,13872
13867,13870,13873
13870,10326,9535
13870,10088,13871
10088,13870,13874
13872,13875,13870
13876,13870,13877
13876,13874,13870
13870,13878,13879
13878,13870,13880
13870,13879,13880
9498,13881,13870
9498,13870,13875
9535,13868,13870
13877,13870,13882
13881,13882,13870
13870,13883,13884
13883,13870,13885
13870,13884,13885
13870,13886,13887
13886,13870,13888
13870,13887,13888
13870,13889,13890
13890,13891,13870
13870,13891,13889
13870,13892,13893
13892,13870,13894
13870,13893,13894
13895,13894,13893
13895,13893,13892
13896,13883,13895
13894,13895,13883
13895,13897,13896
13895,13892,13897
13873,13896,13897
13873,13897,13892
13892,13883,13896
13892,13896,13873
13892,13894,13883
13898,13890,13889
13898,13889,13891
13899,13898,13883
13891,13883,13898
13898,13900,13890
13898,13899,13900
10326,13890,13900
10326,13900,13899
13890,13899,13883
13890,10326,13899
13890,13883,13891
13901,13888,13887
13901,13887,13886
13902,13883,13901
13888,13901,13883
13901,13903,13902
13901,13886,13903
13873,13902,13903
13873,13903,13886
13886,13883,13902
13886,13902,13873
13886,13888,13883
13881,13883,13882
13877,13882,13883
10326,13884,13883
10326,13885,13884
13883,13885,10326
9547,13904,13883
13883,13904,9536
9547,13883,13905
10325,13883,13906
10325,13907,13883
13908,13883,13907
13908,13909,13883
13877,13883,13909
13881,13906,13883
9535,13905,13883
9536,13873,13883
13883,13873,9535
9547,13905,10326
9535,10326,13905
13881,10326,13906
10325,13906,10326
13877,13909,13873
13908,13873,13909
13908,13907,13904
13910,13908,13904
13908,13876,13911
13908,13912,13876
13908,13911,13873
13908,13913,9535
13908,9535,13912
13913,13908,13910
13874,13876,13912
13874,13912,9535
13877,13911,13876
13877,13873,13911
13914,10709,13910
13910,10709,13913
13910,13915,13914
10325,13910,13904
13916,9543,13910
13910,9543,13917
13915,13910,13917
13910,10066,10067
13910,10325,10066
13910,13918,13916
13910,10067,13918
9543,13918,10067
9543,13916,13918
13919,10067,13916
13919,9545,10056
13919,10056,9542
9545,13919,13920
9542,13920,13919
13920,9542,9545
13917,13921,10102
13917,10102,10105
9552,13915,13917
10729,13917,10105
13917,10729,13922
13917,9543,13923
13917,13924,9552
13917,13922,13925
10101,13917,13925
13917,10101,13921
13924,13917,13926
13923,13926,13917
13923,10102,13926
10035,10102,13923
10035,13923,9543
13924,13926,10102
13921,9552,13924
13921,13924,10102
9552,13921,10101
13927,13925,10712
13922,10712,13925
13925,13928,10101
13925,9551,13928
13929,9551,13925
13925,13927,13929
10712,10713,13927
13927,10713,13929
13927,13930,13931
13927,13931,9563
13932,13927,13933
9563,13933,13927
13930,13927,13932
13930,13934,9559
9562,13930,9559
9558,13930,9563
13930,9558,13934
9563,13930,9562
13932,13931,13930
9569,9559,13934
9569,13934,9558
13932,9563,13931
13932,13933,13929
13929,13935,13932
13932,13935,9563
13932,13936,13937
13932,13938,13936
10716,13938,13932
13937,13939,13932
10713,13932,13939
13932,10713,10716
13937,13935,13939
10713,13939,13935
13935,13937,13940
13937,13941,13938
13937,13938,10722
10716,13937,13936
13937,13942,13941
13937,10722,13942
10716,13940,13937
13935,13940,13941
10716,13941,13940
10716,10722,13941
10721,13941,10722
13941,13943,13944
13941,13944,13935
13945,13941,10721
13938,13941,13942
13945,13943,13941
10724,10704,13943
10704,10705,13943
13914,13944,13943
13943,10705,13914
13943,13945,13946
13943,13946,10724
10721,10724,13946
10721,13946,13945
10714,10717,13945
10714,13945,10724
10724,13945,10717
13944,13915,9552
13944,13914,13915
13944,13947,13935
13944,13929,13947
13944,9551,13929
13944,13948,9551
13944,9552,13948
13928,13948,9552
13928,9551,13948
10713,13947,13929
10713,13935,13947
13938,13942,10722
10716,13936,13938
13935,13929,9563
9563,13929,13933
9552,10101,13928
13922,13949,10709
10712,13922,10709
13922,10728,13950
13922,13950,13949
13922,10729,10728
13951,13952,13949
13951,13949,9539
10728,13953,13949
13949,13954,9539
13955,13949,13952
13954,13949,13956
13957,13949,13958
13957,10709,13949
13959,13960,13949
13959,13949,13961
13961,13949,13962
13963,13949,13950
13960,13962,13949
13963,13958,13949
13955,13956,13949
13954,13956,13953
13955,13953,13956
13963,13953,13958
13957,13958,13953
13962,13960,13964
13953,13964,13960
13959,13953,13960
13953,13959,13964
13962,13964,13959
13853,13953,13955
13853,13955,10728
13955,13952,10728
13963,13950,10728
13965,13963,10728
13965,13953,13963
10706,13965,10726
10706,13966,13965
13965,13966,13967
13953,13965,13957
13967,13957,13965
10728,10726,13965
13967,13913,10709
10709,13957,13967
13967,9509,13968
13967,13966,9509
9513,13913,13967
13967,13968,9513
13969,13968,9509
13969,9513,13968
9509,9514,13969
13913,9513,13969
13913,13969,9514
10706,10247,13966
9500,13966,10247
9500,9509,13966
13962,13970,13961
13962,13959,13970
10728,13961,13970
10728,13970,13959
13959,13961,10728
9539,13954,9541
9541,13954,13853
13953,13853,13954
13951,10728,13952
13951,13971,10094
10094,10728,13951
13951,13972,13971
13951,9539,9573
9569,13951,9573
13951,9569,13972
13972,9558,13973
9558,13972,9569
10101,13971,13972
9553,9551,13972
9551,10101,13972
13972,13973,9553
9563,13973,9558
9563,9553,13973
9544,10094,13971
10101,9557,13971
13971,9557,9544
10709,13914,10705
13913,9502,13974
13913,13975,9502
13913,13974,9535
13913,9514,13975
10106,13974,9502
10106,9535,13974
9509,9502,13975
9509,13975,9514
10325,13904,13907
9547,9548,13904
9548,9536,13904
9498,10326,13881
9498,13875,13867
13872,13867,13875
13976,13880,13879
13976,13879,13878
13880,13976,13873
13976,13977,13978
13976,13878,13977
13978,13873,13976
13867,13978,13977
13878,13978,13867
13878,13873,13978
13867,13977,13878
13878,13880,13873
13874,13979,10088
13874,9535,13979
10106,10088,13979
10106,13979,9535
13860,13867,13876
9536,13876,13980
9535,13876,9536
13981,13876,13982
13981,13983,13876
13983,13984,13876
13985,13986,13876
13985,13876,13987
13987,13876,13988
13989,13876,13990
13989,13991,13876
13991,13992,13876
13990,13876,13992
13986,13988,13876
13982,13876,13984
13876,13873,13993
13873,13876,13994
13876,13993,13994
13876,13995,13996
13996,13997,13876
13876,13997,13995
9535,13980,13876
9536,13980,13873
9535,13873,13980
13998,13996,13995
13998,13995,13997
13998,13999,13996
13998,14000,13999
14000,13998,13873
13997,13873,13998
13867,13999,14000
13867,13996,13999
13996,13867,14000
13996,14000,13873
13996,13873,13997
13981,13982,9535
9535,13982,14001
13984,14001,13982
13984,13981,14001
9535,14001,13981
13989,13990,9535
13992,14002,13990
9535,13990,14002
13992,13989,14002
9535,14002,13989
14003,13993,13873
13993,14003,14004
13993,14004,13994
13867,14004,14003
13994,13867,14003
13994,14003,13873
13867,13994,14004
13867,14005,13986
13985,13867,13986
13988,13986,14005
13867,13985,14005
13988,14005,13985
13984,14006,13981
13984,13983,14006
13860,14006,13983
13860,13981,14006
13988,14007,13987
13988,13985,14007
13860,13987,14007
13860,14007,13985
13992,14008,13989
13992,13991,14008
13860,13989,14008
13860,14008,13991
13989,13860,13991
13985,13987,13860
13981,13860,13983
9498,13867,13872
9498,13872,13860
9498,13860,13871
9498,13871,10088
9535,13867,13868
9535,13860,13866
9535,13866,13867
13865,13864,13863
10149,10148,13863
10151,10149,13863
10087,10145,13863
10088,10087,13863
13863,14009,13865
14010,14011,13863
14011,14012,13863
14013,13863,14012
14010,13863,14014
14015,14016,13863
14016,14017,13863
14017,14018,13863
14015,13863,14018
13863,10148,14009
14013,14014,13863
10145,10151,13863
14010,14014,10088
14013,10088,14014
14017,10088,14018
14015,14018,10088
14013,14012,13864
14019,14013,13864
14019,10088,14013
14020,14019,13864
14020,10087,14019
14019,10087,14021
14019,14021,10088
14021,10087,14022
10145,10088,14021
14021,14022,10145
14020,14022,10087
14020,10145,14022
14023,14020,13864
14023,10145,14020
14024,14023,13864
14024,10151,14023
14023,14025,10145
14023,10151,14025
10088,10145,14025
10088,14025,10151
14026,10149,14024
14024,10149,14027
14026,14024,13864
14024,14027,10151
14026,13864,14028
14026,14029,10149
14026,14028,13865
13865,10148,14026
14026,10148,14029
14010,10149,14029
14010,14029,10148
14030,14028,13864
14030,13865,14028
14011,14030,13864
13865,14030,10148
14011,10148,14030
10088,14027,10149
10088,10151,14027
10150,13865,14009
10150,14009,10148
14015,10087,14031
14015,14032,10087
14015,10145,14016
14015,10088,14032
14015,14031,10145
13864,14032,10088
13864,10087,14032
13864,14031,10087
13864,10145,14031
10088,14017,13864
14016,13864,14017
14016,14033,13864
14016,10145,14033
14034,14033,10145
14034,13864,14033
14034,14035,13864
14034,13865,14035
14034,10145,14036
14034,14036,10151
13865,14034,10151
13864,14036,10145
13864,10151,14036
10148,13864,14035
14035,13865,14037
14035,14037,10148
14038,14037,13865
14038,10148,14037
13864,14038,10149
13864,10148,14038
13865,10149,14038
10088,10149,14010
14010,10148,14011
14011,13864,14012
13865,14039,10149
14040,9489,13865
13865,14041,14040
14041,13865,10150
13865,10151,14039
13864,10149,14039
13864,14039,10151
14040,14041,10150
14040,9480,9489
10150,9480,14040
14042,9496,14041
14041,9495,14042
9495,14041,9497
9497,14041,9496
14042,14043,10312
14042,9495,14043
9496,14042,9498
14042,10312,9498
14043,9495,9496
14043,9496,10247
14043,10248,10312
14043,10247,10248
9535,13861,13860
13861,10093,10088
13861,9535,10093
13860,14044,14045
10088,13860,14045
13860,10088,14044
13860,14046,14047
14047,14048,13860
13860,14048,14046
14049,14046,14048
14049,14047,14046
14049,14050,14051
14050,14049,10088
14049,14051,14047
14048,10088,14049
9535,14051,14050
9535,14047,14051
14047,14050,10088
14047,9535,14050
14047,10088,14048
9535,14045,14044
9535,14044,10088
10088,14045,9535
10297,10296,13856
13854,14052,9585
9585,10297,13854
9579,14052,13854
9585,14052,9582
9582,14052,9579
10740,10758,9482
9009,10743,10754
10754,10748,9009
14053,10757,10756
14053,10756,10755
14053,10755,14054
14053,14054,10748
10748,9038,14053
10757,14053,9038
10743,10748,14054
10743,14054,10755
10755,10757,9038
10755,10748,10743
10755,9038,10748
10745,10743,10753
10749,10753,10743
10700,10743,10745
10700,10745,9009
10744,9009,10748
10746,10747,14055
14056,10734,10746
10746,14055,14056
9038,14055,10747
9038,14056,14055
10747,10734,14056
10747,14056,9038
14057,10751,10750
14057,10752,10751
14057,10750,14058
10752,14057,10734
14057,14058,14059
14059,10734,14057
9038,14058,10750
9038,14059,14058
10750,10734,14059
10750,14059,9038
10749,10700,10733
10749,10743,10700
10750,10752,10734
10742,10734,10744
10744,14060,9009
10744,10734,14060
9038,9009,14060
9038,14060,10734
10742,10740,9045
10743,14061,14062
14061,10743,14063
10743,14062,14063
10743,14064,14065
14064,10743,14066
10743,14065,14066
14067,14065,14064
14067,14066,14065
14067,14064,14068
14066,14067,9038
14069,9038,14067
14067,14068,14069
9009,14069,14068
9009,14068,14064
14064,9038,14069
14064,14069,9009
14064,14066,9038
14070,14063,14062
14070,14062,14061
14070,14071,14072
14072,9038,14070
14070,14061,14071
14063,14070,9038
9009,14072,14071
9009,14071,14061
14061,14072,9009
14061,9038,14072
14061,14063,9038
9482,9045,10740
9035,9038,10736
10736,14073,10734
10736,9038,14073
9037,10734,14073
9037,14073,9038
10734,9037,9009
9486,9035,10733
10701,10733,10700
10729,10105,10106
10711,10706,10726
10724,10721,10723
10724,10717,10714
10722,10723,10721
10722,10716,10717
14074,9564,10721
10721,9564,9572
10721,10704,9549
9549,14074,10721
10704,10721,10719
9570,10720,14074
14074,10720,9572
14074,14075,9570
9572,14075,14074
9564,14074,14076
9549,14076,14074
9549,14075,14076
9564,14076,14075
9564,14075,9556
14075,9549,9556
9572,9570,14075
10719,10720,9571
10720,9570,9571
10247,10706,10246
10561,10703,10582
10676,10696,10653
10584,10694,10585
10650,10671,10676
10671,10674,10676
10653,10660,10676
10582,10675,10670
10672,10670,10675
10649,10671,10650
10672,10671,10649
10584,10661,10674
10670,10672,10649
10670,10559,10582
10653,8958,10654
10619,10654,8958
14077,10666,10668
14077,10667,10666
14077,14078,14079
14078,14077,8958
14077,14079,10667
10668,8958,14077
10655,14079,14078
10655,10667,14079
10667,10655,14078
10667,14078,8958
10667,8958,10668
10665,8958,10663
8945,10663,8958
10665,10664,10653
10664,14080,10653
10664,10655,14080
10664,10662,10655
10660,14080,10655
10660,10653,14080
10660,10655,10662
10660,10659,10584
10585,10661,10592
10584,10659,10661
10650,10655,10652
10653,10652,10655
14081,10656,10658
10658,14082,14083
14082,10658,10619
10658,14084,14081
10658,14085,14084
14085,10658,14086
14087,10658,14088
14087,14089,10658
14090,10658,14089
14091,10658,14092
14091,14093,10658
14094,10658,14093
10658,14090,14095
14083,14086,10658
14094,14092,10658
14095,14088,10658
14083,14095,14086
14085,14086,14095
14095,14096,8914
14085,14095,8914
14095,14082,14088
14095,14087,14082
14087,14095,14090
14094,14095,14092
14094,14097,14095
14091,14095,14097
14091,14092,14095
14096,14095,14083
10624,8914,14096
14082,14098,14096
14096,14083,14082
14096,14098,10624
14096,14099,14100
14099,14096,14101
14096,14100,14101
14096,14102,14103
14102,14096,14100
14096,14103,14100
14104,14103,14102
14104,14100,14103
14104,14102,14105
14100,14104,14082
14106,14082,14104
14104,14105,14106
14098,14106,14105
14098,14105,14102
14102,14106,14098
14102,14082,14106
14102,14100,14082
14107,14101,14100
14107,14100,14099
14107,14108,14105
14105,14082,14107
14107,14099,14108
14101,14107,14082
14098,14105,14108
14098,14108,14099
14099,14105,14098
14099,14082,14105
14099,14101,14082
14109,14098,14082
14098,14109,10624
14109,14110,9235
14109,9235,10625
14110,14109,10586
14109,14111,10586
10625,10624,14109
14082,14111,14109
10586,14111,10589
10619,10589,14111
10619,14111,14082
9235,14110,10553
10657,10553,14110
14110,10586,10657
14094,14082,14097
14091,14097,14082
14087,14088,14082
14094,14093,14085
14085,14082,14094
14090,14089,14085
14087,14090,14085
14091,14085,14093
14082,14085,14091
14087,14085,14089
8914,14084,14085
14081,14084,8914
8914,14112,14081
10657,10656,14081
14081,14112,10657
10553,14112,8914
10553,10657,14112
14112,14113,14114
14114,14115,14112
14112,14115,14113
14112,14116,14117
14117,14118,14112
14112,14118,14116
14119,14117,14116
14119,14116,14118
14119,14120,14117
14119,14121,14120
14121,14119,10657
14118,10657,14119
10553,14120,14121
10553,14117,14120
14117,10553,14121
14117,14121,10657
14117,10657,14118
14122,14114,14113
14122,14113,14115
14115,10657,14122
14122,14123,14114
14122,14124,14123
14124,14122,10657
14114,10553,14124
14114,14124,10657
10553,14123,14124
10553,14114,14123
14114,10657,14115
10650,10653,10655
10628,10589,10630
8914,10624,8941
10625,10620,10626
10626,14125,10588
10626,10620,14125
10625,10588,14125
10625,14125,10620
10625,9235,14126
10625,14126,10588
9192,14126,9235
9192,10588,14126
10622,10589,10623
8960,10619,8958
10589,14127,10620
10620,14128,10589
10590,10620,14127
10620,10590,14128
14129,10620,14130
10620,14129,14131
14131,14132,10620
14132,14130,10620
10620,14133,10588
10588,14134,10620
10620,14134,14133
14135,10620,14136
14135,14137,10620
14137,14138,10620
10620,14139,14140
14139,10620,14141
10620,14140,14141
14136,10620,14138
14142,14143,10620
14142,10620,14144
14144,10620,14145
14143,14145,10620
14142,10589,14143
14145,14143,14146
10589,14146,14143
14145,14146,14142
10589,14142,14146
14138,14147,14136
14135,14136,14129
14129,14136,14147
14138,14135,14147
14129,14147,14135
14145,14142,14148
14145,14148,14144
10590,14148,14142
10590,14144,14148
14142,14144,10590
10589,14128,14127
10590,14127,14128
14129,14130,14131
14130,14149,14131
14130,14132,14149
10590,14131,14149
10590,14149,14132
14129,14133,14134
14129,10588,14133
14138,14137,14150
14138,14150,14135
10590,14150,14137
10590,14135,14150
14151,14140,14139
14151,14141,14140
14151,14139,14152
14141,14151,10588
14151,14152,14153
14153,10588,14151
14129,14152,14139
14129,14153,14152
14139,14153,14129
14139,10588,14153
14139,14141,10588
14135,10590,14137
10588,14129,14134
14131,10590,14132
14129,8944,8902
8902,10590,14129
14129,10590,9242
9242,14154,14129
8952,14129,14155
8952,14156,14129
14156,14155,14129
8944,14129,14154
9242,10588,14154
8944,14154,10588
8952,14155,10588
14156,10588,14155
8952,10590,14156
10588,14156,10590
8945,10618,10589
10596,9189,10595
10588,14157,9235
9235,14158,10588
9192,9189,10588
10588,8935,14159
8935,10588,14160
10588,10591,10589
10590,14161,10588
10588,14159,14160
10588,14158,14157
10588,14162,14163
14162,10588,14164
10588,14163,14164
8952,10588,14161
14165,14166,10588
10588,9242,14165
10588,14167,14168
14168,14169,10588
10588,14169,14167
8944,10588,14166
14165,8935,14166
8944,14166,8935
14170,14167,14169
14170,14168,14167
14170,14171,14172
14171,14170,8935
14170,14172,14168
14169,8935,14170
9242,14168,14172
9242,14172,14171
14168,14171,8935
14168,9242,14171
14168,8935,14169
8952,14161,8935
10590,8935,14161
14173,8935,14165
14173,14165,9242
14173,8902,8935
14173,10590,8902
9264,14173,9242
10590,14173,9264
9242,14159,8935
9242,14160,14159
9242,9235,14157
9242,14157,14158
14174,14163,14162
14174,14164,14163
14174,14175,14176
14176,9235,14174
14164,14174,9235
14174,14162,14175
9242,14175,14162
9242,14176,14175
14162,14176,9242
14162,9235,14176
14162,14164,9235
9235,9242,14158
8935,14160,9242
10581,10595,9189
10592,10589,10593
10586,10589,10591
9189,10590,9196
10590,9264,9242
14177,14178,10590
14177,10590,8952
8935,10590,14179
14179,10590,14178
10590,14180,14181
14180,10590,14182
10590,14181,14182
10590,14183,14184
14183,10590,14185
10590,14184,14185
10590,14186,14187
14186,10590,14188
10590,14187,14188
14189,14187,14186
14189,14188,14187
9196,9264,14189
14188,14189,9264
9196,14189,14186
14186,14188,9264
9264,9196,14186
14179,14178,9264
14177,9264,14178
14190,14185,14184
14190,14184,14183
14185,14190,9264
14191,9264,14190
14190,14192,14191
14190,14183,14192
9196,14191,14192
9196,14192,14183
14183,9264,14191
14183,14191,9196
14183,14185,9264
14193,14182,14181
14193,14181,14180
14193,14180,14194
14193,14194,14195
14195,9196,14193
14182,14193,9196
9189,14195,14194
9189,14194,14180
14180,14195,9189
14180,9196,14195
14180,14182,9196
14179,14196,8935
14179,9242,14196
14179,9264,14197
14179,14197,9242
14177,14197,9264
14177,9242,14197
8952,8935,14196
8952,14196,9242
9242,14177,8952
10558,10582,10559
9235,10549,10562
10560,10562,10549
10543,10557,10549
9235,10555,9192
10539,10546,10538
10547,10527,10545
10527,10547,10528
9772,9695,10541
9772,10541,10529
9695,9723,10541
9733,10535,10536
9724,9616,10536
9733,10536,9616
10534,10522,10523
10523,10532,10534
10534,10535,10522
10535,9733,10520
10520,10522,10535
8880,10530,10528
10530,8880,9772
10530,9772,10529
10518,14198,9590
10235,14198,10518
10518,10234,10235
9585,9590,14198
14198,10297,9585
10235,10297,14198
10499,10495,10497
10498,9375,10515
9377,10515,9375
10497,10502,10498
9375,10498,10502
9377,9378,10500
10487,10500,9378
14199,10512,10514
14199,10513,10512
10514,9378,14199
14200,14199,9378
14199,14200,14201
14199,14201,10513
10513,14200,9378
10513,10496,14200
10496,14201,14200
10496,10513,14201
10513,9378,10514
10509,9378,10503
10465,10503,9378
10510,14202,14203
10510,14203,10511
14202,10510,9378
10511,14202,9378
10511,10496,14202
10496,14203,14202
10496,10511,14203
10507,10505,14204
10496,14204,10505
10504,10496,10505
10507,14204,10504
10496,10504,14204
10502,10497,10495
10502,10496,14205
14205,14206,10502
14206,14207,10502
14208,10502,14209
14208,14210,10502
14210,14211,10502
14209,10502,14211
10496,10502,14207
10502,14212,14213
14212,10502,14214
10502,14213,14214
10502,14215,14216
14215,10502,14217
10502,14216,14217
14218,14216,14215
14218,14217,14216
14219,9375,14218
14217,14218,9375
14218,14215,14220
14218,14220,14219
10496,14220,14215
10496,14219,14220
14215,9375,14219
14215,14219,10496
14215,14217,9375
14221,14214,14213
14221,14213,14212
14214,14221,9375
14222,9375,14221
14221,14223,14222
14221,14212,14223
10496,14222,14223
10496,14223,14212
14212,9375,14222
14212,14222,10496
14212,14214,9375
10496,14209,14224
14211,14224,14209
14208,14209,10496
14211,14208,14224
10496,14224,14208
10496,14207,14205
14207,14225,14205
14207,14206,14225
10495,14225,14206
10495,14205,14225
14211,14210,14226
14211,14226,14208
10495,14208,14226
10495,14226,14210
14208,10495,14210
14205,10495,14206
10507,14227,10506
10507,10504,14227
10495,14227,10504
10495,10506,14227
10504,10506,10495
8806,10495,10501
9375,9378,10496
14228,14229,10496
14228,10496,14230
14230,10496,14231
14229,14231,10496
9378,14232,14229
14228,9378,14229
14231,14229,14232
9378,14228,14232
14231,14232,14228
14231,14233,14230
14231,14228,14233
9375,14230,14233
9375,14233,14228
14228,14230,9375
10489,10485,10483
10485,10489,10488
10487,9378,10421
10465,10463,10485
10477,10444,10478
10478,10444,10443
10475,10476,10468
10474,10468,10476
10475,10474,10008
10474,10475,10468
10475,9987,10335
10475,10335,10355
10471,10475,10355
10471,14234,10035
10471,10193,10191
10471,14235,14234
10471,14236,14235
10471,14237,14236
10471,14238,14237
10471,10191,14238
10081,10035,14234
10081,14234,14235
10081,14236,14237
10081,14235,14236
10081,14238,10191
10081,14237,14238
9987,14235,14237
10051,14239,14237
10051,14237,14240
14237,14241,10083
10083,14242,14237
14237,14242,14241
14237,14243,10191
10191,14244,14237
14237,14244,14243
14245,14237,14239
14245,14240,14237
14246,14247,14237
14246,14237,14248
14248,14237,14249
14237,14250,14251
14250,14237,14252
14237,14251,14252
14237,14253,14254
14253,14237,14255
14237,14254,14255
14247,14249,14237
10051,14235,14239
14245,14239,14235
14249,14247,14256
14235,14256,14247
14246,14235,14247
14249,14256,14246
14235,14246,14256
14257,10083,14241
14241,14242,14258
14241,14258,14257
9987,14257,14258
9987,14258,14242
14242,14257,9987
14242,10083,14257
10083,14243,14244
10083,10191,14243
14249,14246,14259
14249,14259,14248
9987,14248,14259
9987,14259,14246
14260,14252,14251
14260,14251,14250
14260,14261,14262
14262,10083,14260
14252,14260,10083
14260,14250,14261
9987,14262,14261
9987,14261,14250
14250,14262,9987
14250,10083,14262
14263,14254,14253
14263,14255,14254
14263,14264,14265
14263,14253,14264
14255,14263,10191
14265,10191,14263
10083,14265,14264
14253,14265,10083
14253,10191,14265
10083,14264,14253
14253,14255,10191
14250,14252,10083
14246,14248,9987
10051,14240,10191
14245,10191,14240
10418,14245,10336
10192,14245,10418
14245,10416,10466
10416,14245,10035
14245,10192,10191
14245,14266,10035
14245,10466,10355
14245,14235,14266
10355,10336,14245
10051,14266,14235
10051,10035,14266
10191,10083,14244
14235,10019,14267
10019,14235,14268
10035,14269,14235
14235,14270,10035
14270,14235,14271
14271,14235,14269
14235,10026,14272
10026,14235,14273
14235,14272,14273
14235,14274,14275
14275,14276,14235
14235,14276,14274
14235,14267,14268
14277,14278,14235
14277,14235,14279
14279,14235,14280
14278,14280,14235
14235,14281,14282
14282,14283,14235
14235,14283,14281
10035,14284,14278
14277,10035,14278
14280,14278,14284
14280,14284,14277
10035,14277,14284
10019,14271,14285
14270,14271,10019
14269,14285,14271
10019,14285,14270
14269,14270,14285
14286,14281,14283
14286,14282,14281
14287,14286,10019
14283,10019,14286
14286,14287,14288
14286,14288,14282
10026,14288,14287
10026,14282,14288
14282,14287,10019
14282,10026,14287
14282,10019,14283
14280,14289,14279
14280,14277,14289
10019,14279,14289
10019,14289,14277
14277,14279,10019
10026,14267,10019
10026,14268,14267
10019,14268,10026
14290,14274,14276
14290,14275,14274
14276,10026,14290
14291,14290,10026
14290,14291,14292
14290,14292,14275
9987,14292,14291
14275,9987,14291
14275,14291,10026
9987,14275,14292
14275,10026,14276
14293,14272,10026
14272,14293,14294
14272,14294,14273
9987,14294,14293
14273,9987,14293
14273,14293,10026
9987,14273,14294
10035,14270,14269
10468,14295,10027
10025,14295,10468
10027,10466,10468
10025,10027,14295
10466,10008,9987
9987,10355,10466
10466,10027,10008
10416,10418,10466
10452,10428,10433
10447,10428,10448
10426,10445,10428
10431,10446,10425
10446,10431,10430
14296,10440,10442
14296,10441,10440
10428,10441,14296
10428,14296,10431
10442,10431,14296
10441,10431,10442
10431,10441,10428
10433,10428,10436
14297,10437,10439
14297,10438,10437
10439,10431,14297
14297,14298,14299
14297,14299,10438
14298,14297,10431
10428,14299,14298
10438,10428,14298
10438,14298,10431
10428,10438,14299
10438,10431,10439
10432,10434,10431
9381,10423,9365
10417,10028,10422
10033,10422,10028
10421,9378,9379
10419,10411,10418
10417,10019,10028
10019,10417,10035
10035,10417,10416
10193,10418,10411
10418,10336,10374
10418,10193,10192
10409,9382,9474
10401,10404,10408
9477,10218,10400
9477,10400,10220
10204,10399,9477
10394,10397,10395
10394,10194,10193
10375,10339,10376
10375,10376,10342
10342,10058,10375
14300,10058,10355
10355,9987,10358
10355,10346,10336
10346,10355,10352
14301,14302,10355
14301,10355,14303
14303,10355,14304
10333,10355,10354
14302,14304,10355
10358,10352,10355
10355,14305,14306
14306,14307,10355
10355,14307,14305
10355,14308,14309
14309,14310,10355
10355,14310,14308
10355,14311,14312
14311,10355,14313
10355,14312,14313
10355,14314,14315
14314,10355,14316
10355,14315,14316
14317,14315,14314
14317,14316,14315
14300,9987,14317
14316,14317,9987
14300,14317,14314
14314,14316,9987
9987,14300,14314
14318,14313,14312
14318,14312,14311
14319,9987,14318
14313,14318,9987
14318,14320,14319
14318,14311,14320
14300,14320,14311
14300,14319,14320
14311,9987,14319
14311,14319,14300
14311,14313,9987
14321,14309,14308
14321,14308,14310
14310,10346,14321
14322,14321,10346
14321,14323,14309
14321,14322,14323
10058,14323,14322
10058,14309,14323
14309,14322,10346
14309,10058,14322
14309,10346,14310
14304,14302,14324
10058,14324,14302
14301,10058,14302
14304,14324,14301
10058,14301,14324
14325,14305,14307
14325,14306,14305
14307,10346,14325
14326,14325,10346
14325,14327,14306
14325,14326,14327
10058,14306,14327
10058,14327,14326
14306,14326,10346
14306,10058,14326
14306,10346,14307
14304,14328,14303
14304,14301,14328
14300,14303,14328
14300,14328,14301
14301,14303,14300
9552,14329,14300
14300,14330,9552
14300,9551,14330
14300,14331,10061
10061,14332,14300
14300,14332,14331
14300,10081,14333
14300,14333,10101
14334,14300,14335
14334,14336,14300
14336,14337,14300
14300,14338,14339
14338,14300,14340
14300,14339,14340
14341,14300,14342
14341,14343,14300
14343,14344,14300
14342,14300,14344
14335,14300,14337
10081,14300,14345
10101,14345,14300
9551,14300,14329
14346,14347,14300
14346,14300,14348
14348,14300,14349
14347,14349,14300
14300,14350,14351
14351,14352,14300
14300,14352,14350
14300,14353,14354
14354,14355,14300
14300,14355,14353
14300,10083,14356
10083,14300,14357
14300,14356,14357
14358,14359,14300
14358,14300,14360
14360,14300,14361
14359,14361,14300
14300,14362,14363
14362,14300,14364
14300,14363,14364
14300,14365,14366
14366,14367,14300
14300,14367,14365
14300,14368,14369
14368,14300,14370
14300,14369,14370
14371,14369,14368
14371,14370,14369
10081,14371,14368
14370,14371,10083
10081,10083,14371
14368,14370,10083
10083,10081,14368
14372,14366,14365
14372,14365,14367
14372,14373,14366
14372,14374,14373
14374,14372,10083
14367,10083,14372
9987,14373,14374
9987,14366,14373
14366,14374,10083
14366,9987,14374
14366,10083,14367
14375,14364,14363
14375,14363,14362
14375,14376,14377
14377,10083,14375
14375,14362,14376
14364,14375,10083
10081,14377,14376
10081,14376,14362
14362,14377,10081
14362,10083,14377
14362,14364,10083
14337,14378,14335
10101,14335,14378
14334,14335,10101
14337,14334,14378
10101,14378,14334
10101,14379,14359
14358,10101,14359
14361,14359,14379
14361,14379,14358
10101,14358,14379
14341,14342,10101
10101,14342,14380
14344,14380,14342
14344,14341,14380
10101,14380,14341
14361,14381,14360
14361,14358,14381
10081,14360,14381
10081,14381,14358
14358,14360,10081
9987,14357,14356
9987,14356,10083
10083,14357,9987
14382,14354,14353
14382,14353,14355
9552,14354,14382
9552,14382,10061
14355,10061,14382
14354,10061,14355
10061,14354,9552
14383,14350,14352
14383,14351,14350
14352,10061,14383
14383,14384,14385
14383,14385,14351
14384,14383,10061
9552,14385,14384
14351,9552,14384
14351,14384,10061
9552,14351,14385
14351,10061,14352
14346,9552,14347
9552,14386,14347
14349,14347,14386
14349,14386,14346
9552,14346,14386
14349,14346,14387
14349,14387,14348
9551,14387,14346
9551,14348,14387
14346,14348,9551
9552,14330,14329
9551,14329,14330
10058,14331,14332
10058,10061,14331
10081,14345,14333
10101,14333,14345
14337,14336,14388
14337,14388,14334
9551,14388,14336
9551,14334,14388
14389,14340,14339
14389,14339,14338
14340,14389,10061
14389,14390,14391
14391,10061,14389
14389,14338,14390
10058,14391,14390
10058,14390,14338
14338,14391,10058
14338,10061,14391
14344,14392,14341
14344,14343,14392
9551,14392,14343
9551,14341,14392
14341,9551,14343
14338,14340,10061
14334,9551,14336
10061,10058,14332
10350,10358,9987
10336,10338,10350
10338,10351,10350
10358,10350,10351
10362,10350,14393
10362,10363,10350
10365,10350,10363
10350,10342,10349
10365,14393,10350
10365,10342,14393
10362,14393,10342
10348,10349,10342
10341,10356,10342
10357,10342,10356
10342,10357,10346
10340,10346,10357
10339,10344,10343
10339,10343,10342
14394,10361,10360
14394,10360,10359
14394,14395,14396
14396,10346,14394
10361,14394,10346
14394,10359,14395
10339,14396,14395
10339,14395,10359
10359,14396,10339
10359,10346,14396
10359,10361,10346
9987,10339,10334
10331,10334,10339
10352,10337,10346
10340,10339,10341
10340,10341,10342
10342,10346,10340
10354,10353,10346
10333,10354,10346
10333,10346,10353
10336,10346,10337
10058,10339,10346
14397,14398,10346
14397,10346,14399
14399,10346,14400
14398,14400,10346
10339,14401,14398
14397,10339,14398
14400,14398,14401
10339,14397,14401
14400,14401,14397
14400,14402,14399
14400,14397,14402
10058,14399,14402
10058,14402,14397
14397,14399,10058
10342,10344,10339
10342,9987,9983
10342,9983,10079
10342,10079,10058
9987,14403,10339
10331,10339,14403
9987,10058,14403
10331,14403,10058
10212,10211,10333
10058,10070,10331
10214,10328,10329
10214,10216,10328
10329,10184,14404
10329,10324,10184
10182,10329,14405
10329,10182,14406
10216,14405,10329
10329,14406,10216
14404,14407,10329
10214,10329,14407
14408,14409,10329
14408,10329,14410
14410,10329,14411
14409,14411,10329
14408,10216,14409
10216,14412,14409
14411,14409,14412
14411,14412,14408
10216,14408,14412
14411,14413,14410
14411,14408,14413
10182,14410,14413
10182,14413,14408
14408,14410,10182
10182,14405,14406
10216,14406,14405
10214,14407,10182
14404,10182,14407
14414,14404,10184
14414,10182,14404
10165,14414,10184
10165,10155,14414
10182,14414,10155
9546,9547,10326
10184,10324,10165
10163,10165,10324
10312,10253,10302
10302,10254,10177
10302,10253,10254
10312,10248,10253
10308,10310,10253
10253,10177,10307
9546,10296,10154
10152,10292,10177
10152,10253,10292
9477,10293,10224
9477,10255,10293
10224,10152,10250
10178,10251,10152
10178,10177,10251
10256,10252,10224
10256,10255,10252
10204,14415,10255
10255,14416,10204
10220,10255,14415
10255,10220,14416
10255,14417,10224
10224,14418,10255
10255,14418,14417
10255,14419,14420
14419,10255,14421
10255,14420,14421
14422,14423,10255
14422,10255,14424
14424,10255,14425
14423,14425,10255
14422,10204,14423
14425,14423,14426
10204,14426,14423
14425,14426,14422
10204,14422,14426
14425,14427,14424
14425,14422,14427
10220,14427,14422
10220,14424,14427
14422,14424,10220
10204,14416,14415
10220,14415,14416
14417,14428,14429
14429,10224,14417
14417,14418,14428
10220,14429,14428
10220,14428,14418
14418,10224,14429
14418,14429,10220
14430,14420,14419
14430,14421,14420
14421,14430,10224
14431,10224,14430
14430,14419,14432
14430,14432,14431
10220,14431,14432
10220,14432,14419
14419,10224,14431
14419,14431,10220
14419,14421,10224
9498,10247,9496
9500,10247,9498
10231,10218,10232
9477,10232,10218
10210,10218,10226
10152,10224,14433
10224,10218,10220
10204,14433,10224
10224,14434,14435
14435,14436,10224
10224,14436,14434
14437,14435,14434
14437,14434,14436
14437,14438,14435
14436,10220,14437
14439,14437,10220
14437,14439,14438
10218,14435,14438
10218,14438,14439
14435,14439,10220
14435,10218,14439
14435,10220,14436
14433,14440,10152
14433,10204,10207
14433,10207,9477
14433,9477,14440
9483,10152,14440
9483,14440,9477
10220,10204,9477
10191,14441,14442
14441,10191,14443
10191,14442,14443
10191,14444,14445
14445,14446,10191
10191,14446,14444
10191,14447,14448
14448,14449,10191
10191,14449,14447
10191,14450,14451
14451,14452,10191
10191,14452,14450
14453,14450,14452
14453,14451,14450
14441,14451,14453
14441,14453,10083
14452,10083,14453
14451,10083,14452
10083,14451,14441
14454,14447,14449
14454,14448,14447
14455,14454,14441
14449,14441,14454
14454,14455,14456
14454,14456,14448
10185,14456,14455
10185,14448,14456
14448,14455,14441
14448,10185,14455
14448,14441,14449
14457,14445,14444
14457,14444,14446
14458,14457,10083
14446,10083,14457
14457,14459,14445
14457,14458,14459
14441,14459,14458
14441,14445,14459
14445,14441,14458
14445,14458,10083
14445,10083,14446
10185,14442,14441
10185,14443,14442
14441,14443,10185
10084,14441,14460
10084,14461,14441
10051,14441,14461
10070,14441,14462
10070,14463,14441
10081,14441,14463
10081,14462,14441
10051,14460,14441
10084,14460,10185
10051,10185,14460
10081,10185,14462
10070,14462,10185
14463,14464,10081
14463,10083,14464
10070,10083,14463
10070,14464,10083
10070,10081,14464
10084,10083,14461
10051,14461,10083
10051,10186,10185
10185,10179,10070
10160,14465,10158
10146,10158,14465
10157,10158,10146
10146,14465,10157
10160,10157,14465
10146,10170,14466
10169,10170,10146
10172,14466,10170
10146,14466,10169
10172,10169,14466
10179,10146,10168
10155,10168,10146
10168,10155,10167
10152,14467,10162
10161,10152,10162
10164,10162,14467
10152,10161,14467
10164,14467,10161
10173,10152,10174
10152,14468,10174
10176,10174,14468
10176,14468,10173
10152,10173,14468
10154,10156,10184
10184,10155,14469
10184,14469,10180
10155,10184,14470
10180,14470,10184
14471,14472,10184
14471,10184,14473
14473,10184,14474
14472,14474,10184
10184,10182,14475
10182,10184,14476
10184,14475,14476
10184,14477,14478
14478,14479,10184
10184,14479,14477
14480,14478,14477
14480,14477,14479
14480,14481,14478
14480,14482,14481
14482,14480,10182
14479,10182,14480
10180,14478,14481
10180,14481,14482
14478,14482,10182
14478,10180,14482
14478,10182,14479
10180,14475,10182
10180,14476,14475
10182,14476,10180
14474,14472,14483
10180,14483,14472
14471,10180,14472
14474,14483,14471
10180,14471,14483
14474,14484,14473
14474,14471,14484
10155,14473,14484
10155,14484,14471
14471,14473,10155
10155,14470,14469
10180,14469,14470
10154,10155,10156
10146,14485,10180
10180,14486,10146
14486,10180,14487
14487,10180,14485
14488,14489,10180
14488,10180,14490
14490,10180,14491
14489,14491,10180
14488,10146,14489
10146,14492,14489
14491,14489,14492
10146,14488,14492
14491,14492,14488
10146,14486,14485
14485,14486,14493
14485,14493,14487
10155,14493,14486
10155,14487,14493
14491,14488,14494
14491,14494,14490
10155,14494,14488
10155,14490,14494
14488,14490,10155
14486,14487,10155
10177,10166,10163
14495,10177,14496
14495,14497,10177
14497,14498,10177
14496,10177,14498
14499,10177,14500
14499,14501,10177
14501,14502,10177
14500,10177,14502
10152,14500,14503
14499,14500,10152
14502,14503,14500
10152,14503,14499
14502,14499,14503
10152,14496,14504
14495,14496,10152
14498,14504,14496
10152,14504,14495
14498,14495,14504
14502,14501,14505
14502,14505,14499
10163,14505,14501
10163,14499,14505
14499,10163,14501
14498,14497,14506
14498,14506,14495
10163,14495,14506
10163,14506,14497
14495,10163,14497
10160,14507,10157
10160,10159,14507
10155,10157,14507
10155,14507,10159
10163,10164,10161
10172,14508,10169
10172,10171,14508
10155,10169,14508
10155,14508,10171
10176,10173,14509
10176,14509,10175
10163,14509,10173
10163,10175,14509
10066,10179,10142
10066,10070,10179
9483,10178,10152
10165,10163,10166
10173,10175,10163
10169,10155,10171
10165,10167,10155
10154,10163,10153
10152,10153,10163
10157,10155,10159
10152,9477,9480
10070,10142,10081
10142,10070,10066
9492,10106,9502
10035,10107,10102
10105,10102,10107
10051,10102,10104
9544,10102,10051
14510,10102,14511
9557,14511,10102
10102,14510,9552
9552,9557,10102
10102,9544,9543
10102,14512,14513
14512,10102,14514
10102,14513,14514
10102,14515,14516
14515,10102,14517
10102,14516,14517
14518,14517,14516
14518,14516,14515
14517,14518,9543
9552,9543,14518
9552,14518,14515
14515,14517,9543
9543,9552,14515
14519,14513,14512
14519,14514,14513
14519,14512,14520
14514,14519,9543
14521,9543,14519
14519,14520,14521
9552,14520,14512
9552,14521,14520
14512,14521,9552
14512,9543,14521
14512,14514,9543
9551,9552,14510
9551,14510,10101
14510,14511,10101
9557,10101,14511
10096,10088,10097
10099,10051,10098
10096,10051,10099
10096,10098,10051
9535,9502,10095
9490,10095,9502
10051,10094,9544
10094,10051,10091
10088,9497,9498
10081,10080,10087
10084,10054,10057
10061,9543,10059
9543,10061,10060
10061,14522,14523
14523,14524,10061
10061,14524,14522
10061,14525,14526
14526,14527,10061
10061,14527,14525
10072,10074,10061
10072,10061,14528
14528,10061,14529
10074,14529,10061
10061,10075,14530
10075,10061,10077
10061,14530,10077
10061,10062,14531
10062,10061,10064
10061,14531,10064
10065,10064,14531
10065,14531,10062
10078,10077,14530
10078,14530,10075
14529,14532,14528
14529,10072,14532
14529,10074,10073
14529,10073,10072
9543,14528,14532
9543,14532,10072
10072,14528,9543
14533,14526,14525
14533,14525,14527
14527,9543,14533
14534,14533,9543
14533,14535,14526
14533,14534,14535
9552,14535,14534
9552,14526,14535
14526,9552,14534
14526,14534,9543
14526,9543,14527
14536,14522,14524
14536,14523,14522
14524,9543,14536
14537,14536,9543
14536,14537,14538
14536,14538,14523
14523,14537,9543
9552,14538,14537
14523,9552,14537
9552,14523,14538
14523,9543,14524
10070,10058,10071
9983,10071,10058
10058,14539,10075
10075,10076,10058
10058,10076,14539
10058,14540,10062
10062,10063,10058
10058,10063,14540
10065,14540,10063
10065,10062,14540
10078,14539,10076
10078,10075,14539
10079,9983,10053
9543,10060,10059
10035,9543,10068
10067,10068,9543
9542,10056,9543
10043,14541,10035
10043,10042,10040
10043,10040,14541
14541,14542,10022
14541,10022,14543
14541,14543,10035
14541,10040,14542
14543,10022,10023
14543,10023,10026
14543,10026,14544
14543,14544,10035
14544,10020,10019
10019,10035,14544
14544,10026,10020
10010,10022,14542
10010,14542,10040
9983,10039,10041
9983,10040,10039
14545,10047,10046
14545,10048,10047
14545,14546,14547
14545,10046,14546
10048,14545,10040
14547,10040,14545
9983,14547,14546
10046,14547,9983
10046,10040,14547
9983,14546,10046
10049,10040,10037
10035,10037,10040
10045,10044,10031
10046,10048,10040
10035,9983,10036
10044,10036,9983
10010,10040,10042
10040,9983,10041
10040,14548,10022
10022,14549,10040
10040,14549,14548
10040,14550,14551
14550,10040,14552
10040,14551,14552
14553,10022,14548
14548,14554,14553
14548,14549,14554
9983,14553,14554
9983,14554,14549
14549,10022,14553
14549,14553,9983
14555,14551,14550
14555,14552,14551
14552,14555,10022
14556,10022,14555
14555,14550,14557
14555,14557,14556
9983,14557,14550
9983,14556,14557
14550,10022,14556
14550,14556,9983
14550,14552,10022
9998,10034,10031
10031,10030,9363
10030,14558,9363
14558,10030,14559
14559,10030,9983
9983,9985,14559
9989,14559,9985
14559,9989,9868
9868,14560,14559
14558,14559,14560
14560,9902,9900
9902,14560,14561
9868,14561,14560
14560,14562,14558
14560,9363,14562
14560,9359,9363
9900,9894,14560
14560,14563,9359
14560,9894,14563
9340,9359,14563
14563,14564,9340
14563,9894,14564
14565,9340,14564
14565,14564,9894
14566,9340,14565
14566,14565,14567
9894,14567,14565
14568,14567,9903
9903,14567,9894
14567,14569,9359
9359,14570,14567
14567,14570,14569
14567,14571,14572
14572,14573,14567
14567,14573,14571
14567,14574,9340
9340,14575,14567
14567,14575,14574
14566,14567,14568
9910,9332,14567
9910,14567,14576
14576,14567,14577
14567,14578,14579
14578,14567,14580
14567,14579,14580
9346,14567,9332
14567,14581,14582
14581,14567,14583
14567,14582,14583
14567,14584,14585
14584,14567,14586
14567,14585,14586
9346,14577,14567
9894,9359,14569
9894,14569,14570
9359,14571,14573
9359,14572,14571
14572,9340,14574
14572,14574,14575
14587,14579,14578
14587,14580,14579
14580,14587,9359
14588,9359,14587
14587,14589,14588
14587,14578,14589
9894,14588,14589
9894,14589,14578
14578,9359,14588
14578,14588,9894
14590,14583,14582
14590,14582,14581
14583,14590,14572
14591,14572,14590
14590,14581,14592
14590,14592,14591
9359,14591,14592
9359,14592,14581
14581,14591,9359
14581,14572,14591
14593,14585,14584
14593,14586,14585
14593,14584,14594
14593,14594,14595
14595,9340,14593
14586,14593,9340
14572,14594,14584
14572,14595,14594
14584,14595,14572
14584,9340,14595
9346,9340,14577
14576,14577,9340
14584,14586,9340
14581,14583,14572
14578,14580,9359
9340,9894,14576
9910,14576,9894
14596,14568,14597
14568,14596,9342
14598,14566,14568
9342,14598,14568
14599,14568,14600
14600,14568,9903
14568,14599,14597
14597,14599,9334
14597,9334,14601
14597,14602,14596
14601,14602,14597
9340,9342,14601
14601,9050,9340
14602,14601,9342
14603,9050,14601
14604,14603,14601
14601,9334,14604
14603,14605,9050
14598,14606,14603
14603,14604,14598
14606,14605,14603
14606,9342,9340
9340,14566,14606
14606,14598,9342
14605,14606,14566
14605,9334,9050
14566,14604,14605
14605,14604,9334
14604,14566,14598
14602,14607,14608
14599,14602,14608
9903,9970,14602
9342,9903,14602
14602,14609,14607
14602,9970,14609
14602,14600,14596
14600,14602,14599
9321,14608,14607
14607,14610,9321
14607,14609,14610
14611,9321,14610
14611,14610,14609
14609,9308,14611
9311,14611,9308
9311,9321,14611
14609,14608,14612
14609,14613,14608
9308,14609,9970
14613,14609,14614
14609,14612,9321
9321,14614,14609
14615,14616,14609
14615,14609,14617
14617,14609,14618
14619,14609,14616
14619,14618,14609
14615,9321,14616
14619,14616,9321
14617,14618,14608
14619,14608,14618
9308,14608,14619
14619,14615,9308
14619,9321,14615
14613,14614,9308
9321,9308,14614
14608,9308,14617
14615,14617,9308
14613,14612,14608
14613,9321,14612
9321,14613,9308
14608,14620,14599
14621,14620,14608
14621,14608,9321
9320,14621,9321
9320,14620,14621
14620,9320,14622
14599,14620,14622
9328,14622,9319
9319,14622,9320
9328,14599,14622
14599,9328,9334
9342,14596,14600
14600,9903,9342
9340,14572,14575
14572,9359,14573
14572,14623,14624
14623,14572,14625
14572,14624,14625
14572,14626,14627
14626,14572,14628
14572,14627,14628
14629,14628,14627
14629,14627,14626
14629,14630,14631
14631,9340,14629
14629,14626,14630
14628,14629,9340
9359,14631,14630
9359,14630,14626
14626,14631,9359
14626,9340,14631
14626,14628,9340
14632,14624,14623
14632,14625,14624
14633,9340,14632
14625,14632,9340
14632,14623,14634
14632,14634,14633
9359,14633,14634
9359,14634,14623
14623,14633,9359
14623,9340,14633
14623,14625,9340
9359,9894,14570
14562,14635,14558
14636,14562,9363
14562,14636,14635
14636,14637,14558
9363,14635,14636
9363,14558,14635
14561,9991,9902
9870,9991,14561
14561,9868,9870
10024,10025,10001
10002,10001,10025
9987,10022,10026
14638,14639,10026
14638,10026,14640
14640,10026,14641
14639,14641,10026
14638,10022,14639
10022,14642,14639
14641,14639,14642
10022,14638,14642
14641,14642,14638
14641,14638,14643
14641,14643,14640
9987,14640,14643
9987,14643,14638
14638,14640,9987
10001,10010,10024
10022,14644,14645
9983,10022,14645
10022,9983,14644
10022,14646,14647
14647,14648,10022
10022,14648,14646
14649,14646,14648
14649,14647,14646
14649,14650,14651
14650,14649,9983
14648,9983,14649
14649,14651,14647
9987,14651,14650
9987,14647,14651
14647,9987,14650
14647,14650,9983
14647,9983,14648
14644,14652,14645
14644,14653,14652
14653,14644,9983
9987,14652,14653
9987,14645,14652
14645,9987,14653
14645,14653,9983
10001,10003,10006
9998,9999,10002
9869,9868,9989
9981,9978,9987
9978,9901,9987
9917,9982,9986
9981,9986,9982
9986,9981,9917
9961,9980,9959
14654,9980,14655
14654,14656,9980
14656,14657,9980
14658,9980,14659
14658,14660,9980
14660,14661,9980
14659,9980,14661
14655,9980,14657
9959,14655,14662
14654,14655,9959
14657,14662,14655
9959,14662,14654
14657,14654,14662
9959,14659,14663
14658,14659,9959
14661,14663,14659
9959,14663,14658
14661,14658,14663
14657,14656,14664
14657,14664,14654
9961,14664,14656
9961,14654,14664
14661,14665,14658
14661,14660,14665
9961,14665,14660
9961,14658,14665
14658,9961,14660
14654,9961,14656
14666,9974,9973
14666,9975,9974
14666,9973,14667
14666,14667,14668
14668,9903,14666
9975,14666,9903
9961,14667,9973
9961,14668,14667
9973,14668,9961
9973,9903,14668
9973,9975,9903
9322,9903,9972
9966,9972,9903
9970,9903,9971
9323,9309,9964
9323,9964,9310
9322,9965,9309
9968,9950,9932
9961,9940,9942
9940,9961,9959
9943,9940,9959
9858,9857,9946
9945,9858,9946
9948,9949,9925
9947,9948,9925
9947,9929,9935
9947,14669,9854
9925,14670,9947
9947,14670,14669
14669,14670,14671
14669,14671,9860
14669,9860,9855
14669,9855,9854
9861,14671,14670
9861,9860,14671
9854,14670,9860
9861,14670,9925
14670,14672,14669
14672,14670,14671
14670,14669,14671
14673,14671,14669
14673,14669,14672
14671,14673,9860
14673,14674,14673
14673,14672,14674
14673,9860,14673
14672,9860,14673
14672,14673,9854
9854,14673,14674
9854,14674,14672
14672,14671,9860
9310,9309,9942
9938,9933,9939
9939,9933,9930
9305,9303,9939
9926,9933,9938
9861,9925,9862
9917,9916,9919
9915,9919,9916
9922,9919,14675
9922,14676,9919
14675,9919,14676
9921,9919,14677
9918,14677,9919
14675,14676,9915
9915,9917,14675
9922,14675,9917
9918,9915,14677
9921,14677,9915
9922,9915,14676
9896,9897,9917
9922,9917,9924
9918,9920,9917
9918,9917,14678
9921,14678,9917
9921,9917,9920
9923,9924,9917
9917,9915,9923
9918,14678,9915
9921,9915,14678
9922,9923,9915
9903,9332,9910
9910,9894,9909
9330,9332,9903
9337,14679,9903
9903,9322,9337
9330,9903,14679
9330,14679,9342
9337,9342,14679
9877,9879,9896
9896,9879,9892
9892,9879,9877
9892,9890,9878
9892,9877,9890
14680,9892,14681
14680,14682,9892
14682,14683,9892
14684,9892,14685
14684,14686,9892
14686,14687,9892
14685,9892,14687
14681,9892,14683
14680,14681,9879
9879,14681,14688
14683,14688,14681
9879,14688,14680
14683,14680,14688
9879,14685,14689
14684,14685,9879
14687,14689,14685
9879,14689,14684
14687,14684,14689
14683,14690,14680
14683,14682,14690
9878,14680,14690
9878,14690,14682
14687,14686,14691
14687,14691,14684
9878,14691,14686
9878,14684,14691
14684,9878,14686
14680,9878,14682
9878,14692,9879
9878,9875,14693
9878,9877,14692
9878,14693,9877
9878,14694,14695
14695,14696,9878
9878,14696,14694
9878,14697,14698
14698,14699,9878
9878,14699,14697
14700,14698,14697
14700,14697,14699
14701,14700,9875
14699,9875,14700
14700,14702,14698
14700,14701,14702
9879,14702,14701
9879,14698,14702
14698,9879,14701
14698,14701,9875
14698,9875,14699
14703,14695,14694
14703,14694,14696
14704,14703,9875
14696,9875,14703
14703,14704,14705
14703,14705,14695
9879,14705,14704
9879,14695,14705
14695,9879,14704
14695,14704,9875
14695,9875,14696
9880,14693,9875
9880,9877,14693
9880,9879,14692
9880,14692,9877
9879,9875,14706
9875,9879,14707
9879,14706,14707
9879,14708,14709
14709,14710,9879
9879,14710,14708
14711,14708,14710
14711,14709,14708
14711,14712,14713
14711,14713,14709
14710,9875,14711
14712,14711,9875
14709,14712,9875
14709,9877,14712
9877,14713,14712
9877,14709,14713
14709,9875,14710
9877,14706,9875
9877,14707,14706
9875,14707,9877
9859,9797,9798
9853,9842,9841
9850,9842,9801
9814,9838,9840
9840,9810,9814
9801,9845,9800
9845,9801,9842
9838,9814,8813
9783,9782,9836
9783,9836,9792
9783,9792,9837
9783,9837,9795
9783,9835,9797
9783,9795,9835
9802,9806,9782
9802,9807,9806
9809,9811,14714
9809,14714,14715
14715,9810,9809
9802,14715,14714
9802,14714,9811
9811,9810,14715
9811,14715,9802
14716,9820,9819
14716,9821,9820
14716,9819,14717
9821,14716,9810
14716,14717,14718
14718,9810,14716
9802,14718,14717
9802,14717,9819
9819,14718,9802
9819,9810,14718
8864,9818,9782
9817,9818,8864
9819,9821,9810
9813,8814,8813
8813,9814,9813
9814,9810,9815
9802,9812,9810
9734,9810,9812
9810,9801,9802
9782,9807,9802
9775,9804,9782
9794,9793,9792
9794,9783,9793
9794,14719,9783
9794,9795,14719
9796,9783,14719
9796,14719,9795
9792,9782,14720
9782,9792,14721
9792,14720,14721
9792,14722,14723
14723,14724,9792
9792,14724,14722
14725,14722,14724
14725,14723,14722
14724,9782,14725
14726,14725,9782
14725,14727,14723
14725,14726,14727
9771,14723,14727
9771,14727,14726
14723,14726,9782
14723,9771,14726
14723,9782,14724
9771,14720,9782
9771,14721,14720
9782,14721,9771
9767,14728,9785
9784,9767,9785
9787,9785,14728
9767,9784,14728
9787,14728,9784
9783,9767,9780
9779,9780,9767
9787,9784,14729
9787,14729,9786
9771,9786,14729
9771,14729,9784
9784,9786,9771
9783,9694,14730
9783,14730,9767
9694,9783,9741
9779,9767,14730
9779,14730,9694
9775,9782,14731
8864,9782,14732
9781,14732,9782
9776,14731,9782
9776,9771,14731
9775,14731,9771
9781,9771,14732
8864,14732,9771
9767,9770,9769
9771,9769,9770
8864,9771,9781
9779,14733,9768
9779,9768,14734
9779,9694,14733
9779,14734,9732
9757,9779,9732
14733,9732,14734
14733,14734,9768
9732,14733,9694
8828,8862,9778
9775,9771,9776
8880,9773,9772
9772,9762,9761
9695,9772,9761
9768,14735,9731
9731,14736,9768
9768,14736,14735
9768,14737,14738
14737,9768,14739
9768,14738,14739
9732,9768,9741
14740,9731,14735
14735,14736,14741
14735,14741,14740
9732,14741,14736
9732,14740,14741
14736,9731,14740
14736,14740,9732
14742,14738,14737
14742,14739,14738
14742,14737,14743
14739,14742,9731
14744,9731,14742
14742,14743,14744
9732,14743,14737
9732,14744,14743
14737,9731,14744
14737,14744,9732
14737,14739,9731
9761,9763,9695
9693,9695,9763
9763,14745,9693
9744,14745,9763
14745,9694,14746
14745,14746,9692
14745,14747,9693
14745,9692,14747
9744,9694,14745
9694,9693,14747
14747,14746,9694
14747,9692,14746
9612,14748,9741
9744,9741,14748
9741,9742,9732
9612,9694,14748
9744,14748,9694
9760,9749,9629
9637,9628,9760
9637,9760,9629
9760,9628,9736
9745,9629,9749
8813,9731,9759
8813,9759,9628
9744,9747,9746
9744,9746,9748
14749,9751,9750
14749,9752,9751
14749,14750,14751
14749,9750,14750
9752,14749,9747
14751,9747,14749
9750,14751,9744
9750,9747,14751
9744,14751,14750
9744,14750,9750
9689,9744,9739
9757,9739,9744
9694,9758,9732
9757,9732,9758
9757,14752,9693
9757,9744,14753
9757,14753,9694
9757,9694,14754
9757,9692,14752
9757,14754,9692
14754,14753,9744
14754,9694,14753
9689,9693,14752
9689,14752,9692
9744,9692,14754
9756,9731,14755
9756,14755,9732
9753,9756,9732
8813,14755,9731
8813,9732,14755
8761,9753,8810
9753,8813,8810
9732,8813,9753
9625,9754,9753
9629,9755,9747
9754,9747,9755
9750,9752,9747
9740,9747,9745
9747,9744,9748
9733,9616,9740
9692,9744,9689
9732,9738,9731
9618,9727,9628
9618,9615,9727
9695,9696,9723
14756,9720,9719
14756,9721,9720
9692,9693,14756
9721,14756,9693
9692,14756,9719
9719,9721,9693
9693,9692,9719
9689,9690,9693
9702,9693,9690
14757,9717,9716
14757,9718,9717
14758,9693,14757
9718,14757,9693
14757,9716,14759
14757,14759,14758
9692,14759,9716
9692,14758,14759
9716,9693,14758
9716,14758,9692
9716,9718,9693
9700,9701,9640
9640,9686,9700
9645,9700,9686
14760,9715,9714
14760,9714,9713
9715,14760,9692
14760,14761,14762
14760,9713,14761
14762,9692,14760
9713,14762,9686
9713,9692,14762
9686,14762,14761
9686,14761,9713
9713,9715,9692
9612,9711,9694
8813,9710,9709
8813,9628,9710
9696,9640,9698
9696,9698,9699
14763,9707,9706
14763,9706,9705
9707,14763,9640
14764,9640,14763
14763,14765,14764
14763,9705,14765
9696,14764,14765
9696,14765,9705
9705,9640,14764
9705,14764,9696
9705,9707,9640
9703,9704,9696
9628,9696,9704
9645,9640,9701
9640,9696,9699
9696,9658,14766
9658,9696,14767
9696,14766,14767
9696,14768,14769
14769,14770,9696
9696,14770,14768
14771,14768,14770
14771,14769,14768
14771,14772,14773
14771,14773,14769
14772,14771,9658
14770,9658,14771
9640,14773,14772
14769,9640,14772
14769,14772,9658
9640,14769,14773
14769,9658,14770
9640,14767,14766
9640,14766,9658
9658,14767,9640
9684,9631,9633
9684,9633,9608
9645,9686,14774
9658,9686,9688
9658,9687,9686
9640,14774,9686
9640,9642,14774
9645,14774,9642
9658,9642,9687
9663,9660,14775
9663,14775,9662
9642,9662,14775
9642,14775,9660
9660,9662,9642
9646,9648,9647
9653,9652,14776
9653,14776,9650
9644,14776,9652
9644,9650,14776
9657,9656,14777
9657,14777,9654
9644,14777,9656
9644,9654,14777
9654,9644,9656
9650,9644,9652
9645,9631,9608
9635,9631,9645
9631,9635,9640
9617,9637,9629
9637,9619,9628
9629,9608,9617
9616,9617,9608
9639,9608,9634
9633,9634,9608
9630,9608,9626
9625,9626,9608
9625,9630,9629
9625,9608,9630
9624,9622,14778
9609,14778,9622
9621,9609,9622
9624,14778,9621
9609,9621,14778
9613,9609,9638
9639,9638,9609
9618,9628,9619
9610,9620,9631
9608,9631,9620
9612,9609,9631
9631,9609,9610
9616,9608,9629
9628,9627,9615
9624,14779,9623
9624,9621,14779
9615,9623,14779
9615,14779,9621
9625,9615,9627
9621,9623,9615
9616,9615,9618
9612,9615,14780
9615,9612,14781
14781,14782,9615
14782,14780,9615
14783,9615,14784
14783,14785,9615
14785,14786,9615
14784,9615,14786
9612,14784,14787
14786,14787,14784
14783,14784,9612
9612,14787,14783
14786,14783,14787
9612,14780,14781
14780,14782,14788
14780,14788,14781
9609,14781,14788
9609,14788,14782
14786,14789,14783
14786,14785,14789
9609,14783,14789
9609,14789,14785
14783,9609,14785
14781,9609,14782
9609,9612,9599
9595,9594,9604
9592,9588,9587
9573,9539,9538
9561,9566,9572
9572,9564,9561
9562,9566,9561
9559,9558,9553
9541,9509,9512
9541,9512,9513
9502,9516,9515
9502,9515,9514
9514,9516,9502
9514,14790,9513
9513,14791,9514
9514,14791,14790
9514,14792,14793
14792,9514,14794
9514,14793,14794
9506,14790,14791
9506,9513,14790
14795,14794,14793
14795,14793,14792
14794,14795,9513
14795,14796,14797
14797,9513,14795
14795,14792,14796
9506,14797,14796
9506,14796,14792
14792,14797,9506
14792,9513,14797
14792,14794,9513
9513,9506,14791
9509,9510,9502
9492,9502,9510
9509,9513,14798
9513,9509,14799
14799,14800,9513
14800,14798,9513
14801,9513,14802
14801,14803,9513
14803,14804,9513
14802,9513,14804
14801,14802,9509
14804,14805,14802
9509,14802,14805
14804,14801,14805
9509,14805,14801
9509,14798,14799
14798,14806,14799
14798,14800,14806
9506,14799,14806
9506,14806,14800
14804,14807,14801
14804,14803,14807
9506,14801,14807
9506,14807,14803
14801,9506,14803
14799,9506,14800
9500,14808,9509
9508,9509,14808
9504,9506,9509
9508,14808,9506
9500,9506,14808
9500,9508,9506
9497,9483,9495
9486,9491,9494
9492,9494,9491
9486,9487,9046
9488,9046,9487
9488,9484,9477
9483,9477,9484
9046,9488,9034
9486,9046,9035
9482,9046,9045
14809,9371,9370
14809,9370,9372
14809,14810,9371
9372,9365,14809
14811,14809,9365
14809,14811,14810
9355,14810,14811
9355,9371,14810
9371,14811,9365
9371,9355,14811
9371,9365,9372
9369,9368,9365
9369,9359,9358
9366,9354,9367
9079,9355,9366
9366,9355,14812
9366,14812,9354
9079,9354,14812
9079,14812,9355
9365,9354,14813
9354,9365,14814
9365,14813,14814
9365,14815,14816
14816,14817,9365
9365,14817,14815
14818,14816,14815
14818,14815,14817
14819,14818,9354
14817,9354,14818
14818,14820,14816
14818,14819,14820
9355,14820,14819
9355,14816,14820
14816,9355,14819
14816,14819,9354
14816,9354,14817
9355,14814,14813
9355,14813,9354
9354,14814,9355
14821,9361,9050
14821,9042,9361
9350,14821,9050
9042,14821,9051
9350,9051,14821
9356,9355,9357
9356,9357,9354
9359,9340,9079
9083,9354,9077
9080,9077,9354
9354,9079,9080
9089,9354,9088
9350,9351,9051
9351,9350,9086
9089,9051,9351
9086,9088,9351
9346,9347,9340
9347,9341,9340
9347,9346,9332
9347,9342,9341
9342,9347,9330
9332,9330,9347
9050,9079,9340
9050,9334,9074
9328,14822,9334
14823,9334,14822
9334,14823,14824
9076,9074,9334
9334,9075,9076
9115,9075,9334
9334,14824,9115
9327,14825,9334
9327,9334,9333
14826,14827,9334
14827,9089,9334
14826,9334,14825
9327,14823,14825
14826,14825,14823
14828,14827,14826
14826,14829,14830
14826,14830,14828
14826,14823,14831
14831,14829,14826
14828,9138,14832
9125,9138,14828
14827,14828,14832
14828,9166,9125
9166,14828,14833
14828,14830,14833
14833,14834,9166
14835,14833,14830
14835,14834,14833
14835,14836,14837
14835,14837,14834
14830,14829,14835
14831,14836,14835
14829,14831,14835
14838,14837,14836
14838,14836,14839
14831,14839,14836
14838,14840,14837
14838,9327,9314
14838,14823,9327
14838,9314,14840
14831,14838,14839
14831,14823,14838
9166,14837,14840
9166,14840,9314
14841,14837,14842
14837,14841,9314
14842,14837,14843
14843,14837,9126
9314,9126,14837
14834,14837,9166
14844,14843,14845
14845,14843,9126
14843,14844,14842
14846,14844,14845
14847,14848,14844
14848,14849,14844
14844,14849,14842
14846,14847,14844
14849,14850,14842
14848,14850,14849
14842,14850,14841
14823,14841,14850
14850,14848,14823
14847,14846,14845
14845,14824,14847
14848,14847,14824
14824,14823,14848
9115,14824,14845
14845,9126,9114
14845,9114,9115
14841,14822,9314
14822,14841,14823
9103,14832,9112
14832,9138,9112
14827,14832,9089
14832,9103,9089
9328,14851,14822
14851,9316,14822
9316,9314,14822
9319,14851,9328
14851,9319,9315
9315,9316,14851
9337,9332,9331
9337,9331,9330
9322,9335,9337
9327,9333,9328
14852,9327,9315
9314,9327,14852
9315,9176,14852
9314,14852,9176
9309,9323,9322
9323,9176,9315
9323,9312,14853
9323,14853,9185
9176,9323,9185
9184,9185,14853
9184,14853,9312
9321,9311,9317
9176,9166,9314
9312,9310,9303
9303,9298,9312
9171,9303,9305
9171,9298,9303
14854,9171,9301
14854,9301,9298
9293,9171,14854
9293,14854,9174
14854,9296,9174
14854,9298,9296
9299,9180,9197
9180,9299,9237
9299,9197,9295
9298,9173,9175
9175,14855,9298
9172,9298,14855
9173,9298,14856
9172,14856,9298
9172,9171,14856
9173,14856,9171
9175,9174,14855
9172,14855,9174
9197,9164,9295
14857,9295,9164
9239,9295,14857
9289,14857,9164
9290,14857,9289
14858,14857,9290
14857,14858,9239
14859,14857,14860
14859,14861,14857
14861,14862,14857
14863,14857,14864
14863,14865,14857
14865,14866,14857
14864,14857,14866
14860,14857,14862
14862,14867,14860
9290,14860,14867
14859,14860,9290
14862,14859,14867
9290,14867,14859
9290,14864,14868
14863,14864,9290
14866,14868,14864
9290,14868,14863
14866,14863,14868
14862,14861,14869
14862,14869,14859
14858,14869,14861
14858,14859,14869
14866,14870,14863
14866,14865,14870
14858,14870,14865
14858,14863,14870
14863,14858,14865
14859,14858,14861
14858,9290,9241
9241,9239,14858
9289,9164,9277
9277,9286,9289
8879,14871,9286
14872,9286,14871
9286,14872,9125
9286,9125,9126
8890,8896,14872
9110,14872,8896
14872,9110,14873
14873,9132,14872
14872,9132,9128
14872,9128,9131
14872,9131,9157
14872,9157,14874
14871,8890,14872
14872,14874,9125
14874,9131,14875
9131,14874,9157
14874,14875,9125
14876,14875,9131
14876,9125,14875
9122,14876,9131
9122,9124,14876
9125,14876,9124
9110,14877,14873
9119,9132,14873
14873,14877,14878
14873,9117,9119
14873,14878,9117
14878,9118,9117
14878,9123,9118
14878,14879,9123
14878,14877,14879
9116,14879,14877
9116,9123,14879
9110,14880,14877
14880,14881,14877
9161,14882,14877
9161,14877,9136
9136,14877,14883
14877,14884,9112
14877,14885,14884
14885,14877,14882
14877,14886,9123
14877,9112,14886
14877,9117,14887
9117,14877,14888
14877,14887,14888
9123,14883,14877
14877,14889,14890
14890,14891,14877
14877,14891,14889
14892,14877,14881
14892,14893,14877
9116,14877,14893
14892,9112,14893
9116,14893,9112
14892,14881,14885
9110,9112,14892
9110,14892,14885
14880,14885,14881
14894,14889,14891
14894,14890,14889
14895,14894,9117
14891,9117,14894
14894,14895,14896
14894,14896,14890
14880,14896,14895
14890,14880,14895
14890,14895,9117
14880,14890,14896
14890,9117,14891
9136,14883,9117
14883,14897,9117
14883,9123,14897
9138,9117,14897
9138,14897,9123
14880,14888,14887
14880,14887,9117
9117,14888,14880
14882,14880,14898
9161,14880,14882
14882,14898,14885
9161,14898,14880
9161,14885,14898
9138,14886,9112
9138,9123,14886
9110,14885,14880
14885,14899,9123
9123,14900,14885
14885,14900,14899
14885,14901,9112
9112,14902,14885
14885,14902,14901
9161,14884,14885
14885,14903,14904
14903,14885,14905
14885,14904,14905
14885,14906,14907
14906,14885,14908
14885,14907,14908
14880,14899,14900
14880,9123,14899
9123,9112,14901
9123,14901,14902
14909,14904,14903
14909,14905,14904
14909,14903,14910
14905,14909,9123
14911,9123,14909
14909,14910,14911
14880,14911,14910
14880,14910,14903
14903,14911,14880
14903,9123,14911
14912,14908,14907
14912,14907,14906
14912,14913,14914
14914,9112,14912
14908,14912,9112
14912,14906,14913
9123,14914,14913
9123,14913,14906
14906,9112,14914
14906,14914,9123
14906,14908,9112
14903,14905,9123
9112,9123,14902
9123,14880,14900
9161,9112,14884
14880,14915,14916
14915,14880,14917
14880,14916,14917
14880,14918,14919
14918,14880,14920
14880,14919,14920
14921,14920,14919
14921,14919,14918
9117,14921,14918
9117,9123,14921
14920,14921,9123
14918,14920,9123
9123,9117,14918
14922,14917,14916
14922,14916,14915
14917,14922,9123
14922,14923,14924
14924,9123,14922
14922,14915,14923
9117,14924,14923
9117,14923,14915
14915,14924,9117
14915,9123,14924
14915,14917,9123
14871,9267,8890
14871,9274,9267
9274,14871,8879
9278,9164,14925
9277,9164,9278
9278,14925,9180
9278,9180,9268
9199,9180,14925
9199,14925,9164
9273,9196,9275
9274,9196,9267
9274,9240,9241
9274,8879,9240
8890,9267,8882
8882,9267,9264
9180,14926,9264
9180,9264,14927
8883,9264,14926
8883,14927,9264
9180,9242,14926
8883,14926,9242
9180,14927,9196
8883,9196,14927
9242,9180,9246
9182,9246,9180
14928,9235,9234
9234,9236,14929
9234,14929,14928
9192,14928,14929
9192,14929,9236
9236,9235,14928
9236,14928,9192
14930,9245,9244
14930,9244,9243
9245,14930,9235
14931,9235,14930
14930,14932,14931
14930,9243,14932
9192,14931,14932
9192,14932,9243
9243,9235,14931
9243,14931,9192
9247,8884,8872
9247,9196,8884
9243,9245,9235
9190,9192,9205
9207,9205,9192
9199,9164,9198
9197,9198,9164
14933,9214,9216
14933,9215,9214
9216,9164,14933
14934,14933,9164
14933,14934,14935
14933,14935,9215
9196,14935,14934
9196,9215,14935
9215,14934,9164
9215,9196,14934
9215,9164,9216
14936,9212,9211
14936,9211,9213
14936,14937,9212
14936,14938,14937
14938,14936,9196
9213,9196,14936
9189,14937,14938
9189,9212,14937
9212,9189,14938
9212,14938,9196
9212,9196,9213
14939,9208,9210
14939,9209,9208
9210,9196,14939
14939,14940,14941
14939,14941,9209
14940,14939,9196
9189,14941,14940
9209,9189,14940
9209,14940,9196
9189,9209,14941
9209,9196,9210
9193,9189,9206
9194,9189,9193
9194,9193,9192
9207,9190,9189
9207,9192,9190
9180,9202,14942
9201,9202,9180
9204,14942,9202
9180,14942,9201
9204,9201,14942
9180,9187,9188
9197,9180,9199
8884,9196,8883
9185,9173,9176
9170,9169,9182
9170,9182,9168
9163,9179,9169
9163,9170,9179
8872,9168,8871
9125,9156,9131
9159,8899,14943
9159,14943,9160
9159,14944,8899
9159,8897,14944
8923,8899,14944
8923,14944,8897
14945,14943,8899
14945,9160,14943
8923,14945,8899
8923,14946,14945
14945,14947,9160
14945,14946,14947
14946,8899,8898
8898,9005,14946
9005,14948,14946
14946,14949,8899
14946,14950,9160
9160,14951,14946
14946,14951,14950
14949,14946,14948
8923,9016,14946
9016,14947,14946
14946,14952,14953
14952,14946,14954
14946,14953,14954
14955,8899,14949
14955,14949,9160
14949,14948,9160
8896,8897,14955
8896,14955,9160
14955,8901,8899
14955,8897,8901
14956,9160,14950
14950,14957,14956
14950,14951,14957
8899,14956,14957
8899,14957,14951
14951,14956,8899
14951,9160,14956
14958,14954,14953
14958,14953,14952
14958,14952,14959
14954,14958,9160
14958,14959,14960
14960,9160,14958
8899,14959,14952
8899,14960,14959
14952,9160,14960
14952,14960,8899
14952,14954,9160
9005,9160,14948
9016,9160,14947
9112,9161,9103
9161,9160,9016
9017,9161,9016
9103,9161,9017
9109,9160,9005
9160,8897,8899
9160,9109,8896
9160,14961,14962
14962,14963,9160
9160,14963,14961
14964,14961,14963
14964,14962,14961
14964,14965,14966
14965,14964,8899
14964,14966,14962
14963,8899,14964
8897,14966,14965
8897,14962,14966
14962,14965,8899
14962,8897,14965
14962,8899,14963
9120,9124,9157
14967,14968,9157
14967,9157,14969
14969,9157,14970
14968,14970,9157
9157,14971,14972
14972,14973,9157
9157,14973,14971
9157,14974,14975
14975,14976,9157
9157,14976,14974
9157,9125,14977
9125,9157,14978
9157,14977,14978
9157,14979,14980
14980,14981,9157
9157,14981,14979
14982,14979,14981
14982,14980,14979
14981,9125,14982
14982,14983,14984
14982,14984,14980
14983,14982,9125
14980,9124,14983
14980,14983,9125
9124,14984,14983
9124,14980,14984
14980,9125,14981
14977,14985,14978
14977,14986,14985
14986,14977,9125
14978,9124,14986
14978,14986,9125
9124,14985,14986
9124,14978,14985
14970,14968,14987
9124,14987,14968
14967,9124,14968
9124,14967,14987
14970,14987,14967
14988,14974,14976
14988,14975,14974
14976,9120,14988
14988,14989,14990
14988,14990,14975
14989,14988,9120
14975,9131,14989
14975,14989,9120
9131,14990,14989
9131,14975,14990
14975,9120,14976
14991,14971,14973
14991,14972,14971
14973,9120,14991
14991,14992,14993
14991,14993,14972
14992,14991,9120
9131,14993,14992
14972,9131,14992
14972,14992,9120
9131,14972,14993
14972,9120,14973
14970,14967,14994
14970,14994,14969
9120,14969,14994
9120,14994,14967
14967,14969,9120
9121,9131,9135
9128,9135,9131
9139,9131,9140
9128,9130,9129
9138,9120,9139
9139,14995,9131
9139,9120,14995
14996,9131,14995
14996,14995,9120
9138,9124,14996
9138,14996,9120
9131,14996,9124
9136,9117,9138
9138,14997,9124
9138,9125,14997
9131,9124,14997
9131,14997,9125
9121,14998,9131
9122,9131,14998
9122,14998,9120
9121,9120,14998
8896,9109,9110
9107,9109,9005
9087,9042,9106
9105,9106,9042
9103,9105,9089
9101,9085,9042
9086,9042,9087
9062,9051,9090
9051,9089,9090
9051,9075,9082
9053,9051,9082
9077,9080,9076
9074,9076,9080
9079,9072,9042
9079,9050,9072
14999,9068,9067
14999,9067,9069
15000,14999,9051
9069,9051,14999
14999,15001,9068
14999,15000,15001
9050,15001,15000
9050,9068,15001
9068,9050,15000
9068,15000,9051
9068,9051,9069
9062,9063,9051
9042,9051,9063
9063,9043,9042
9050,9055,9056
9050,9042,9055
15002,9066,9065
15002,9065,9064
15002,15003,15004
15004,9042,15002
15002,9064,15003
9066,15002,9042
9050,15004,15003
9050,15003,9064
9064,15004,9050
9064,9042,15004
9064,9066,9042
9035,9061,9052
9062,9052,9061
9034,9060,9046
9035,9046,9060
9058,9042,9059
9042,9050,9056
9032,9035,9052
9039,9038,9035
9017,9018,9006
9016,8976,8994
8976,9016,8954
9016,8994,15005
9016,15005,8993
9016,8923,8954
9016,8993,8981
8992,15005,8994
8992,8993,15005
9009,9010,9013
9012,9009,9011
8975,9007,8981
15006,8997,8999
15006,8998,8997
8999,8994,15006
15007,15006,8994
15006,15008,8998
15006,15007,15008
8983,15008,15007
8983,8998,15008
8998,15007,8994
8998,8983,15007
8998,8994,8999
8976,8992,8994
8983,8995,8994
8983,8996,8995
8994,8996,8983
8993,15009,8994
8994,15010,8993
15010,8994,15011
15011,8994,15009
15012,15013,8994
15012,8994,15014
15014,8994,15015
15013,15015,8994
15015,15013,15016
8993,15016,15013
15012,8993,15013
8993,15012,15016
15015,15016,15012
15010,15011,8983
15009,15017,15011
8983,15011,15017
15009,15010,15017
8983,15017,15010
15015,15018,15014
15015,15012,15018
8983,15014,15018
8983,15018,15012
15012,15014,8983
8993,15010,15009
8982,8981,8993
8982,8993,15019
8984,15019,8993
8982,15019,8983
8984,8983,15019
8987,8989,15020
8954,15020,8989
15020,8977,8987
8977,15020,15021
15021,15020,8954
8977,15021,15022
15021,15023,15022
15021,8954,15023
8973,15022,15023
8973,15023,8954
8979,8977,15022
8973,8979,15022
15022,15024,8954
8954,15025,15022
15022,15025,15024
8976,15026,15022
8976,15022,15027
15028,15027,15022
15029,15022,15026
15022,15030,15031
15030,15022,15032
15022,15031,15032
15029,15028,15022
15022,15033,15034
15034,15035,15022
15022,15035,15033
15022,15036,15037
15036,15022,15038
15022,15037,15038
15022,15039,15040
15040,15041,15022
15022,15041,15039
15022,15042,15043
15043,15044,15022
15022,15044,15042
8979,15042,15044
8979,15043,15042
15043,8979,15044
8973,15043,15045
15043,8973,15046
15046,15047,15043
15047,15045,15043
15036,15038,15043
15036,15043,15048
15048,15043,15049
15050,15043,15051
15050,15052,15043
15052,15053,15043
15051,15043,15053
15038,15049,15043
15043,8954,15024
8954,15043,15025
15043,15024,15025
15043,15054,15055
15054,15043,15056
15043,15055,15056
15043,15057,15030
15030,15058,15043
15043,15058,15057
15043,15059,15060
15059,15043,15061
15043,15060,15061
15062,15060,15059
15062,15061,15060
15062,15059,15063
15061,15062,8954
15064,8954,15062
15062,15063,15064
8973,15063,15059
8973,15064,15063
15059,8954,15064
15059,15064,8973
15059,15061,8954
15065,15057,15058
15065,15030,15057
15065,15032,15031
15065,15031,15030
15032,15065,8954
15058,8954,15065
15030,8954,15058
15066,15055,15054
15066,15056,15055
15066,15054,15067
15056,15066,8954
15068,8954,15066
15066,15067,15068
8973,15068,15067
8973,15067,15054
15054,15068,8973
15054,8954,15068
15054,15056,8954
8973,15051,15069
15053,15069,15051
15050,15051,8973
8973,15069,15050
15053,15050,15069
15045,15047,15070
15045,15070,15046
8973,15045,15046
8979,15070,15047
8979,15046,15070
15049,15037,15036
15049,15036,15071
15049,15071,15048
15049,15038,15037
8979,15048,15071
8979,15071,15036
15053,15072,15050
15053,15052,15072
8979,15072,15052
8979,15050,15072
15050,8979,15052
15036,15048,8979
15046,8979,15047
15073,15039,15041
15073,15040,15039
15041,8977,15073
15073,15074,15075
15073,15075,15040
15074,15073,8977
15040,15074,8977
15040,8979,15074
8979,15075,15074
8979,15040,15075
15040,8977,15041
15076,15034,15033
15076,15033,15035
15035,8977,15076
15077,15076,8977
15076,15078,15034
15076,15077,15078
8979,15034,15078
8979,15078,15077
15034,8979,15077
15034,15077,8977
15034,8977,15035
15028,8977,15027
15028,8978,8977
15028,8979,8978
15029,8979,15028
15029,8954,8972
15029,8972,8973
15029,8980,8979
15029,8973,8980
15029,15026,8954
15030,15032,8954
8976,8954,15026
8976,15027,8977
8986,8987,8977
8986,8977,8979
8979,8973,8986
8923,8900,8967
8923,8967,8954
8898,8900,8955
8898,8955,8954
8900,8957,8959
8900,8958,8957
15079,8964,8963
15079,8965,8964
15079,15080,15081
15081,8958,15079
15079,8963,15080
8965,15079,8958
8900,15081,15080
8900,15080,8963
8963,15081,8900
8963,8958,15081
8945,8958,8966
8963,8965,8958
8952,8961,8900
8960,8958,8956
8954,8956,8958
8958,8900,8959
8958,15082,15083
15082,8958,15084
8958,15083,15084
8958,15085,15086
15085,8958,15087
8958,15086,15087
15088,15086,15085
15088,15087,15086
8900,8954,15088
15087,15088,8954
8900,15088,15085
15085,15087,8954
8954,8900,15085
15089,15083,15082
15089,15084,15083
15089,15082,15090
15084,15089,8954
15089,15090,15091
15091,8954,15089
8900,15090,15082
8900,15091,15090
15082,15091,8900
15082,8954,15091
15082,15084,8954
8948,8914,8947
8948,15092,8914
8948,8876,15092
8948,8953,8935
8948,8935,8926
8948,8926,8876
8875,15092,8876
8875,8914,15092
8934,8949,8931
8934,8932,8949
15093,8951,8950
15093,8950,8939
15093,8938,8940
8940,8935,15093
15093,8939,8938
8951,15093,8935
8953,8952,15094
8953,15094,8935
8923,8935,15094
8923,15094,8952
8923,8952,8900
8939,8951,8935
8945,8947,8914
8876,8942,8935
8944,8935,8942
8900,8902,8944
8921,8914,8922
8921,15095,8914
15095,15096,8914
8922,8914,15096
8918,8914,8919
8918,15097,8914
15097,15098,8914
8919,8914,15098
8914,8927,8915
8914,15099,8931
8931,8933,8914
8914,8933,15099
8934,8931,15099
8934,15099,8933
15098,15097,15100
15098,8917,8919
15098,8918,8917
15098,15100,8918
8876,15100,15097
8876,8918,15100
8918,8876,15097
15096,8920,8922
15096,8921,8920
15096,15095,15101
15096,15101,8921
8876,15101,15095
8876,8921,15101
8921,8876,15095
8928,8902,8929
8902,8928,8935
8876,8935,8928
8939,8935,8940
8923,8924,8935
8926,8935,8924
8926,8925,8876
8911,8902,8930
8909,8930,8902
8876,8929,8902
8923,8876,8925
8876,8923,8884
8911,8912,8876
8908,8876,8912
8908,8909,8902
8911,8908,8902
8911,8876,8908
8903,8905,8876
8882,8881,8890
8876,8890,8881
8893,8894,8890
8895,8890,8894
8892,8889,8876
8888,8876,8889
8885,8876,8886
8895,8886,8876
8885,8895,8876
8885,8890,8895
8885,8893,8890
8892,8876,8888
8892,8888,8890
8884,8878,8876
8868,8867,8765
8828,8765,8867
8828,8868,8765
8866,8751,15102
8866,15102,8750
8750,8746,8866
8765,15102,8751
8765,8750,15102
8862,15103,8809
8862,8809,15104
8862,15104,8811
8862,8828,8822
8862,8822,15103
15104,8809,15103
15104,15103,8822
8822,8811,15104
8818,15105,8809
8810,8822,8818
8818,8822,15105
8810,8809,15105
8810,15105,8822
8825,8822,8826
8822,8809,15106
8822,15106,8821
15106,15107,15108
8809,15107,15106
15108,8821,15106
15109,15108,15107
15108,15109,8821
15109,15107,8820
15109,8820,8821
8811,8820,15107
15107,8809,8811
8812,8816,8811
8815,8801,8800
8810,8812,8761
8806,8761,8745
8765,8745,8766
8769,8766,8745
8764,8763,8750
8769,8746,8768
8767,8768,8746
8765,8767,8750
8746,8750,8767
8761,8750,8763
8759,8750,8760
8751,8750,8745
8746,8751,8745
15110,15111,15112
15112,15113,15110
15114,15113,15112
15114,15112,15111
15111,15115,15114
15115,15116,15114
15117,15114,15116
15117,15113,15114
15116,15118,15117
15119,15120,15117
15119,15117,15118
15113,15117,15120
15121,15122,15120
15120,15123,15121
15123,15120,15119
15113,15120,15122
15124,15113,15122
15125,15124,15122
15122,15121,15125
15124,15125,15118
15118,15125,15126
15127,15125,15121
15127,15126,15125
15127,15121,15128
15127,15129,15126
15130,15127,15128
15127,15130,15129
15131,15132,15129
15129,15132,15126
15133,15129,15130
15133,15131,15129
15132,15131,15134
15133,15135,15131
15134,15131,15136
15137,15136,15131
15131,15135,15137
15137,15135,15138
15135,15139,15138
15139,15135,15140
15140,15135,15133
15140,15133,15141
15136,15140,15141
15142,15140,15136
15140,15142,15139
15136,15137,15142
15142,15137,15143
15144,15139,15142
15142,15143,15144
15145,15144,15143
15146,15143,15147
15138,15147,15143
15143,15146,15145
15143,15137,15138
15147,15145,15146
15147,15144,15145
15148,15144,15147
15148,15147,15138
15144,15148,15139
15138,15139,15148
15141,15128,15149
15134,15141,15149
15130,15141,15133
15128,15141,15130
15136,15141,15134
15134,15149,15132
15123,15132,15149
15149,15121,15123
15149,15128,15121
15132,15123,15126
15126,15123,15118
15113,15124,15110
15124,15111,15110
15111,15124,15115
15115,15124,15116
15116,15124,15118
15123,15119,15118
15150,15151,15152
15152,15153,15150
15154,15153,15152
15155,15152,15151
15156,15152,15155
15152,15156,15154
15155,15157,15156
15156,15158,15159
15159,15154,15156
15157,15160,15156
15160,15158,15156
15161,15160,15162
15162,15160,15157
15160,15163,15164
15165,15160,15164
15160,15165,15166
15161,15167,15160
15163,15160,15167
15166,15158,15160
15168,15158,15166
15166,15169,15168
15166,15170,15169
15170,15166,15171
15166,15165,15171
15172,15171,15173
15172,15170,15171
15173,15171,15165
15172,15173,15174
15174,15173,15175
15175,15173,15176
15165,15176,15173
15176,15177,15175
15177,15176,15178
15165,15179,15176
15178,15176,15179
15180,15178,15179
15178,15180,15177
15179,15181,15180
15175,15177,15180
15180,15181,15175
15174,15181,15179
15175,15181,15174
15182,15183,15179
15179,15183,15184
15179,15164,15185
15164,15179,15165
15179,15185,15186
15179,15186,15182
15184,15174,15179
15183,15187,15184
15184,15187,15188
15188,15172,15184
15174,15184,15172
15189,15187,15183
15188,15187,15189
15190,15189,15183
15189,15170,15188
15191,15170,15189
15189,15190,15191
15183,15192,15190
15191,15190,15192
15192,15183,15169
15192,15169,15191
15170,15191,15169
15170,15172,15188
15193,15186,15185
15186,15194,15182
15194,15186,15193
15195,15194,15193
15193,15185,15195
15194,15195,15183
15195,15168,15183
15164,15168,15195
15195,15185,15164
15182,15194,15183
15169,15183,15168
15168,15164,15196
15197,15168,15198
15198,15168,15199
15168,15197,15158
15196,15199,15168
15200,15201,15199
15202,15199,15201
15203,15199,15202
15199,15196,15200
15204,15198,15199
15199,15203,15204
15203,15205,15206
15206,15204,15203
15202,15207,15203
15205,15203,15207
15208,15207,15202
15207,15208,15205
15150,15208,15209
15150,15205,15208
15202,15209,15208
15209,15210,15150
15209,15211,15210
15209,15201,15211
15201,15209,15202
15212,15210,15211
15211,15201,15200
15200,15213,15211
15211,15213,15212
15214,15213,15200
15215,15213,15216
15216,15213,15214
15213,15215,15212
15200,15196,15214
15214,15196,15217
15217,15218,15214
15214,15218,15216
15219,15218,15217
15218,15219,15220
15220,15216,15218
15220,15219,15221
15216,15220,15215
15221,15215,15220
15221,15217,15222
15217,15221,15219
15222,15215,15221
15223,15222,15217
15224,15215,15222
15224,15222,15223
15163,15223,15217
15223,15163,15224
15167,15215,15224
15224,15163,15167
15196,15164,15217
15217,15164,15163
15225,15215,15151
15151,15215,15155
15215,15162,15155
15225,15212,15215
15226,15162,15215
15226,15215,15167
15162,15226,15161
15167,15161,15226
15151,15150,15225
15225,15150,15210
15210,15212,15225
15206,15205,15150
15227,15206,15150
15204,15206,15227
15227,15150,15228
15229,15227,15228
15227,15198,15204
15198,15227,15229
15198,15229,15197
15228,15197,15229
15230,15228,15150
15228,15230,15231
15231,15197,15228
15159,15231,15230
15231,15158,15197
15231,15159,15158
15230,15150,15159
15157,15155,15162
15159,15150,15153
15153,15154,15159
15232,15233,15234
15232,15235,15233
15235,15232,15236
15236,15232,15237
15238,15239,15232
15238,15232,15234
15239,15237,15232
15237,15240,15236
15241,15242,15237
15237,15242,15240
15237,15239,15243
15243,15241,15237
15235,15236,15240
15240,15242,15235
15241,15244,15242
15243,15244,15241
15244,15245,15242
15244,15243,15246
15247,15248,15244
15248,15245,15244
15244,15246,15247
15243,15239,15246
15249,15246,15239
15250,15247,15246
15246,15249,15250
15239,15251,15249
15252,15249,15251
15252,15250,15249
15253,15254,15252
15250,15252,15254
15252,15248,15253
15248,15252,15251
15255,15253,15248
15254,15253,15256
15253,15255,15257
15257,15256,15253
15258,15255,15248
15255,15259,15260
15260,15257,15255
15261,15255,15258
15255,15261,15259
15261,15260,15262
15263,15261,15258
15264,15259,15261
15265,15264,15261
15261,15263,15265
15264,15260,15259
15264,15266,15260
15264,15267,15266
15268,15267,15264
15269,15270,15264
15270,15268,15264
15264,15265,15269
15269,15271,15272
15271,15269,15273
15269,15272,15274
15274,15270,15269
15265,15273,15269
15273,15265,15263
15263,15275,15273
15267,15273,15275
15273,15276,15277
15267,15276,15273
15277,15271,15273
15276,15270,15277
15277,15278,15271
15278,15277,15274
15274,15277,15270
15279,15271,15278
15274,15280,15278
15278,15280,15279
15279,15280,15272
15279,15272,15271
15274,15272,15280
15267,15268,15276
15270,15276,15268
15267,15275,15281
15275,15263,15281
15260,15281,15282
15281,15254,15282
15281,15260,15266
15266,15267,15281
15258,15281,15263
15258,15254,15281
15282,15257,15260
15282,15254,15283
15283,15257,15282
15254,15256,15283
15257,15283,15256
15258,15248,15284
15284,15247,15258
15254,15258,15247
15248,15247,15284
15247,15250,15254
15239,15238,15251
15248,15251,15245
15245,15251,15238
15238,15242,15245
15242,15234,15233
15238,15234,15242
15242,15233,15235
15235,15285,15234
15286,15287,15288
15288,15289,15286
15288,15290,15289
15287,15290,15288
15291,15290,15287
15291,15292,15290
15292,15289,15290
15289,15292,15293
15293,15292,15294
15295,15292,15291
15292,15296,15297
15292,15295,15296
15297,15294,15292
15293,15294,15298
15298,15294,15299
15294,15300,15299
15294,15297,15300
15301,15298,15302
15302,15298,15303
15298,15299,15304
15304,15303,15298
15298,15301,15293
15287,15302,15303
15287,15303,15291
15295,15291,15303
15295,15303,15296
15304,15296,15303
15301,15302,15293
15305,15296,15304
15306,15305,15304
15304,15299,15306
15307,15306,15308
15308,15306,15299
15307,15309,15306
15309,15310,15306
15310,15305,15306
15308,15311,15307
15312,15307,15313
15313,15307,15311
15314,15309,15307
15307,15315,15314
15315,15307,15312
15309,15314,15316
15314,15317,15316
15317,15314,15318
15314,15315,15318
15316,15317,15319
15317,15320,15319
15317,15318,15320
15321,15319,15322
15316,15319,15321
15323,15319,15320
15319,15323,15322
15319,15324,15325
15319,15326,15324
15326,15319,15325
15327,15328,15325
15329,15327,15325
15325,15328,15330
15329,15325,15324
15330,15331,15325
15331,15332,15325
15326,15325,15332
15329,15333,15334
15333,15329,15335
15329,15336,15335
15329,15337,15327
15334,15337,15329
15324,15338,15329
15339,15340,15329
15340,15341,15329
15329,15341,15342
15329,15343,15339
15338,15343,15329
15329,15342,15344
15344,15336,15329
15340,15342,15341
15340,15344,15342
15336,15344,15340
15336,15340,15345
15345,15335,15336
15345,15346,15334
15346,15345,15347
15347,15345,15340
15334,15348,15345
15348,15349,15345
15345,15349,15350
15350,15351,15345
15351,15352,15345
15352,15335,15345
15353,15354,15352
15352,15354,15333
15355,15356,15352
15355,15352,15351
15353,15352,15357
15352,15356,15357
15333,15335,15352
15358,15359,15353
15353,15360,15358
15354,15353,15361
15360,15353,15357
15362,15363,15353
15363,15361,15353
15362,15353,15359
15359,15358,15364
15365,15359,15364
15361,15359,15365
15359,15361,15362
15364,15358,15362
15366,15364,15367
15364,15368,15367
15368,15364,15361
15362,15361,15364
15364,15366,15365
15360,15365,15366
15358,15360,15366
15366,15369,15358
15366,15370,15369
15367,15370,15366
15371,15369,15370
15370,15372,15371
15373,15372,15370
15373,15370,15374
15375,15374,15370
15365,15370,15367
15370,15365,15375
15376,15377,15375
15378,15375,15377
15379,15374,15375
15380,15375,15378
15381,15375,15380
15382,15376,15375
15375,15365,15382
15375,15381,15379
15377,15382,15378
15378,15360,15383
15383,15384,15378
15360,15378,15382
15385,15380,15378
15378,15384,15385
15386,15381,15384
15384,15387,15386
15387,15384,15383
15388,15385,15384
15384,15381,15388
15389,15388,15380
15380,15388,15381
15389,15390,15388
15390,15385,15388
15389,15385,15374
15389,15374,15379
15390,15389,15391
15389,15379,15391
15380,15385,15389
15390,15391,15371
15369,15371,15391
15391,15357,15369
15392,15357,15391
15386,15392,15391
15391,15379,15386
15357,15392,15387
15386,15387,15392
15371,15385,15390
15383,15357,15387
15386,15393,15394
15386,15394,15381
15379,15393,15386
15395,15396,15393
15381,15395,15393
15393,15396,15357
15393,15357,15356
15379,15397,15393
15393,15356,15381
15394,15393,15397
15394,15397,15381
15379,15381,15397
15395,15357,15396
15356,15398,15395
15398,15399,15395
15333,15395,15399
15400,15395,15381
15401,15395,15400
15402,15356,15395
15402,15395,15401
15357,15395,15333
15400,15403,15401
15401,15404,15405
15405,15406,15401
15401,15407,15404
15406,15402,15401
15349,15407,15401
15401,15403,15349
15349,15403,15400
15404,15407,15334
15408,15409,15407
15407,15409,15410
15411,15412,15407
15407,15412,15334
15411,15407,15413
15410,15413,15407
15407,15349,15408
15408,15414,15415
15415,15416,15408
15408,15416,15417
15408,15418,15419
15420,15408,15419
15408,15421,15414
15421,15408,15420
15422,15408,15411
15418,15408,15422
15348,15411,15408
15408,15349,15348
15417,15409,15408
15419,15413,15420
15423,15421,15420
15420,15424,15423
15424,15420,15422
15422,15420,15413
15340,15424,15347
15340,15423,15424
15422,15347,15424
15423,15340,15425
15421,15423,15426
15425,15426,15423
15425,15340,15427
15425,15428,15429
15427,15428,15425
15426,15425,15338
15425,15429,15343
15425,15343,15338
15341,15343,15429
15341,15429,15428
15427,15339,15341
15341,15344,15427
15344,15428,15427
15339,15427,15340
15428,15344,15341
15430,15426,15428
15338,15428,15426
15428,15431,15430
15431,15428,15432
15338,15432,15428
15343,15433,15428
15433,15324,15434
15338,15324,15433
15338,15433,15432
15434,15332,15433
15433,15332,15431
15431,15432,15433
15434,15426,15326
15434,15326,15332
15324,15430,15434
15426,15434,15431
15434,15430,15431
15426,15431,15416
15416,15431,15332
15426,15430,15324
15426,15416,15435
15435,15421,15426
15324,15326,15426
15435,15436,15421
15435,15331,15437
15331,15435,15438
15435,15437,15330
15330,15438,15435
15436,15435,15416
15436,15330,15437
15436,15437,15331
15330,15436,15438
15331,15438,15436
15436,15416,15421
15409,15417,15415
15417,15421,15415
15421,15417,15439
15328,15439,15417
15328,15417,15331
15331,15417,15332
15332,15417,15416
15421,15439,15409
15409,15439,15337
15439,15328,15337
15418,15413,15410
15410,15419,15418
15413,15418,15422
15347,15422,15346
15411,15346,15422
15416,15414,15421
15416,15415,15414
15415,15421,15409
15337,15413,15419
15337,15419,15410
15410,15409,15337
15334,15413,15337
15413,15334,15411
15412,15411,15348
15411,15334,15346
15348,15334,15412
15406,15399,15355
15440,15399,15406
15406,15405,15440
15402,15406,15355
15333,15399,15440
15440,15405,15351
15404,15440,15351
15440,15404,15334
15440,15334,15333
15405,15404,15350
15404,15351,15350
15405,15402,15355
15355,15351,15405
15402,15405,15349
15405,15350,15349
15356,15402,15349
15400,15356,15349
15381,15356,15400
15399,15398,15355
15355,15398,15356
15371,15374,15385
15357,15383,15360
15377,15441,15382
15376,15382,15373
15382,15441,15373
15365,15360,15382
15441,15377,15371
15371,15372,15441
15373,15441,15372
15377,15376,15442
15373,15442,15376
15442,15374,15371
15371,15377,15442
15442,15373,15374
15358,15369,15357
15354,15367,15368
15354,15368,15362
15362,15368,15363
15368,15361,15363
15361,15367,15354
15367,15361,15365
15362,15358,15354
15358,15357,15354
15357,15333,15354
15339,15343,15341
15328,15327,15337
15331,15330,15328
15443,15322,15323
15443,15444,15322
15322,15444,15445
15445,15321,15322
15315,15446,15445
15445,15318,15315
15320,15318,15445
15321,15445,15446
15447,15320,15445
15445,15444,15447
15448,15323,15447
15447,15323,15320
15447,15444,15448
15323,15448,15443
15444,15443,15448
15446,15449,15321
15450,15449,15446
15312,15446,15315
15446,15312,15450
15450,15451,15316
15450,15312,15451
15449,15450,15316
15451,15312,15313
15316,15451,15309
15451,15313,15309
15316,15321,15449
15308,15452,15311
15311,15452,15313
15452,15308,15300
15313,15452,15310
15305,15310,15452
15452,15300,15305
15309,15313,15310
15308,15299,15300
15305,15297,15296
15297,15305,15300
15286,15293,15302
15302,15287,15286
15289,15293,15286
15453,15454,15455
15455,15456,15453
15457,15456,15455
15455,15458,15457
15459,15458,15455
15460,15455,15454
15455,15460,15459
15459,15461,15458
15462,15461,15459
15459,15460,15463
15463,15464,15459
15465,15462,15459
15459,15466,15465
15467,15466,15459
15459,15468,15467
15469,15468,15459
15459,15464,15469
15470,15464,15463
15471,15469,15464
15464,15470,15471
15471,15472,15469
15472,15471,15473
15471,15470,15473
15473,15474,15475
15475,15476,15473
15477,15478,15473
15473,15479,15477
15473,15476,15480
15481,15474,15473
15481,15473,15482
15473,15483,15479
15482,15473,15484
15473,15485,15484
15470,15486,15473
15472,15473,15487
15487,15473,15488
15486,15485,15473
15473,15480,15483
15473,15478,15489
15473,15490,15491
15473,15489,15490
15473,15491,15488
15479,15483,15492
15492,15483,15480
15493,15492,15494
15492,15493,15479
15492,15495,15494
15495,15492,15480
15494,15495,15496
15480,15476,15495
15496,15495,15475
15495,15476,15475
15475,15474,15496
15481,15482,15496
15496,15474,15481
15496,15482,15497
15496,15497,15498
15496,15498,15494
15499,15498,15497
15499,15494,15498
15497,15500,15499
15501,15499,15500
15494,15499,15502
15501,15502,15499
15503,15499,15504
15503,15505,15499
15505,15504,15499
15499,15506,15507
15506,15499,15508
15499,15507,15508
15503,15504,15501
15505,15501,15504
15509,15507,15506
15509,15508,15507
15497,15509,15506
15497,15494,15509
15508,15509,15494
15506,15508,15494
15494,15497,15506
15503,15494,15505
15501,15505,15494
15503,15497,15510
15501,15497,15503
15503,15510,15494
15501,15510,15497
15501,15494,15510
15501,15511,15502
15512,15501,15500
15501,15512,15513
15513,15511,15501
15514,15513,15512
15515,15511,15513
15513,15516,15515
15513,15514,15517
15518,15516,15513
15513,15519,15518
15519,15513,15520
15520,15513,15517
15520,15521,15519
15521,15520,15517
15522,15521,15523
15523,15521,15517
15521,15522,15524
15524,15519,15521
15525,15524,15522
15525,15519,15524
15525,15518,15519
15518,15525,15526
15527,15526,15525
15527,15525,15528
15525,15529,15528
15522,15529,15525
15530,15528,15529
15531,15529,15522
15532,15529,15531
15532,15530,15529
15528,15530,15523
15533,15523,15530
15533,15530,15532
15523,15533,15522
15534,15522,15533
15532,15535,15533
15536,15533,15535
15537,15533,15536
15533,15538,15539
15538,15533,15540
15533,15537,15540
15533,15541,15534
15539,15541,15533
15542,15539,15538
15543,15541,15539
15539,15542,15543
15544,15543,15542
15538,15545,15542
15542,15546,15544
15546,15542,15545
15538,15547,15545
15545,15547,15546
15548,15547,15549
15540,15549,15547
15547,15538,15550
15547,15550,15540
15551,15546,15547
15547,15548,15551
15546,15551,15537
15551,15548,15537
15548,15552,15537
15549,15552,15548
15540,15537,15552
15552,15549,15540
15540,15550,15538
15553,15544,15546
15537,15553,15546
15554,15553,15537
15553,15554,15544
15536,15554,15537
15554,15536,15555
15556,15544,15554
15554,15555,15556
15555,15557,15543
15555,15558,15557
15558,15555,15536
15556,15555,15543
15558,15559,15560
15560,15557,15558
15536,15559,15558
15561,15560,15559
15561,15559,15562
15562,15559,15536
15563,15561,15562
15561,15563,15534
15534,15560,15561
15564,15563,15565
15534,15563,15564
15562,15565,15563
15564,15565,15566
15566,15565,15536
15536,15565,15562
15566,15567,15568
15536,15567,15566
15566,15568,15564
15564,15568,15534
15534,15568,15569
15569,15568,15567
15567,15570,15569
15571,15569,15570
15569,15571,15534
15534,15571,15572
15572,15571,15573
15570,15573,15571
15573,15574,15572
15574,15573,15536
15536,15573,15570
15536,15575,15574
15576,15574,15575
15574,15576,15572
15575,15577,15576
15534,15576,15577
15572,15576,15534
15575,15578,15577
15577,15578,15535
15534,15577,15579
15535,15579,15577
15579,15522,15534
15522,15579,15531
15532,15531,15579
15535,15532,15579
15578,15575,15536
15535,15578,15536
15570,15567,15536
15534,15557,15560
15543,15557,15534
15543,15544,15556
15534,15541,15543
15517,15528,15523
15528,15517,15527
15517,15580,15527
15580,15526,15527
15526,15580,15581
15514,15581,15580
15580,15517,15514
15581,15514,15582
15582,15583,15581
15581,15584,15585
15586,15584,15581
15581,15583,15586
15581,15585,15526
15518,15526,15585
15585,15516,15518
15585,15584,15516
15584,15586,15515
15494,15502,15586
15586,15502,15511
15586,15511,15515
15477,15494,15586
15586,15587,15477
15583,15587,15586
15587,15583,15588
15588,15490,15587
15587,15490,15477
15512,15588,15582
15512,15500,15588
15588,15500,15589
15590,15588,15589
15488,15490,15588
15582,15588,15583
15588,15590,15488
15591,15592,15590
15593,15590,15592
15590,15589,15591
15488,15590,15593
15594,15593,15592
15594,15595,15593
15596,15593,15595
15593,15596,15478
15490,15593,15478
15490,15488,15593
15596,15462,15465
15465,15597,15596
15598,15599,15596
15596,15599,15600
15601,15598,15596
15595,15601,15596
15600,15462,15596
15596,15597,15478
15597,15465,15466
15602,15597,15466
15478,15597,15602
15466,15467,15602
15467,15468,15602
15472,15602,15468
15487,15602,15472
15487,15478,15602
15603,15604,15600
15600,15599,15603
15600,15605,15606
15600,15606,15607
15600,15604,15608
15607,15609,15600
15600,15609,15610
15611,15462,15600
15608,15605,15600
15600,15610,15611
15605,15612,15613
15612,15605,15608
15613,15606,15605
15614,15613,15612
15607,15606,15613
15613,15615,15607
15615,15613,15614
15497,15616,15614
15497,15614,15617
15614,15618,15615
15619,15617,15614
15612,15620,15614
15614,15620,15619
15618,15614,15616
15619,15621,15617
15621,15619,15603
15604,15603,15619
15604,15619,15620
15603,15622,15621
15622,15623,15621
15623,15624,15621
15621,15624,15617
15623,15625,15624
15625,15626,15624
15626,15627,15624
15624,15627,15617
15599,15625,15623
15599,15626,15625
15628,15627,15626
15617,15627,15628
15628,15626,15629
15628,15629,15630
15630,15631,15628
15617,15628,15631
15631,15632,15617
15630,15632,15631
15633,15632,15634
15632,15630,15634
15632,15633,15617
15634,15635,15633
15633,15635,15636
15636,15637,15633
15617,15633,15637
15636,15638,15637
15637,15638,15617
15617,15638,15639
15640,15639,15638
15638,15636,15640
15599,15641,15640
15640,15641,15642
15642,15639,15640
15640,15636,15599
15617,15642,15643
15643,15642,15641
15639,15642,15617
15644,15645,15643
15646,15643,15645
15643,15641,15644
15617,15643,15646
15645,15647,15646
15648,15646,15647
15646,15648,15617
15617,15648,15649
15647,15649,15648
15647,15650,15649
15649,15651,15617
15651,15649,15650
15650,15647,15599
15599,15652,15650
15651,15650,15652
15652,15653,15654
15652,15654,15651
15653,15652,15599
15599,15655,15653
15654,15653,15655
15655,15656,15654
15657,15656,15655
15599,15658,15655
15655,15658,15657
15657,15659,15660
15658,15659,15657
15656,15657,15617
15660,15617,15657
15660,15661,15662
15660,15662,15663
15664,15665,15660
15660,15666,15664
15667,15668,15660
15660,15669,15667
15670,15669,15660
15660,15671,15670
15672,15673,15660
15660,15674,15672
15660,15675,15671
15676,15677,15660
15663,15676,15660
15678,15679,15660
15679,15661,15660
15665,15680,15660
15660,15680,15681
15660,15668,15674
15660,15682,15675
15497,15660,15673
15660,15681,15678
15659,15666,15660
15497,15617,15660
15677,15682,15660
15683,15681,15680
15683,15684,15681
15678,15681,15684
15684,15679,15678
15684,15685,15679
15685,15684,15598
15684,15683,15598
15685,15686,15679
15686,15685,15598
15686,15661,15679
15662,15661,15686
15662,15686,15687
15687,15686,15598
15687,15688,15662
15598,15688,15687
15663,15662,15688
15689,15688,15598
15663,15688,15689
15689,15676,15663
15677,15676,15689
15689,15690,15677
15598,15690,15689
15677,15690,15691
15598,15691,15690
15692,15691,15598
15682,15691,15692
15691,15682,15677
15693,15692,15598
15675,15692,15693
15675,15682,15692
15693,15694,15671
15693,15671,15675
15598,15694,15693
15695,15694,15598
15671,15694,15695
15695,15670,15671
15695,15669,15670
15669,15695,15696
15598,15696,15695
15697,15696,15598
15696,15697,15667
15696,15667,15669
15668,15667,15697
15598,15698,15697
15668,15697,15698
15698,15699,15674
15698,15674,15668
15699,15698,15598
15700,15699,15598
15674,15699,15700
15700,15701,15702
15702,15672,15700
15601,15701,15700
15700,15672,15674
15598,15601,15700
15702,15701,15703
15601,15703,15701
15704,15703,15601
15703,15704,15705
15703,15705,15702
15673,15705,15706
15704,15706,15705
15702,15705,15673
15706,15707,15708
15708,15709,15706
15706,15709,15710
15704,15707,15706
15710,15673,15706
15711,15712,15710
15713,15710,15712
15714,15715,15710
15710,15715,15716
15717,15710,15709
15710,15718,15711
15710,15717,15714
15673,15710,15497
15710,15716,15718
15710,15713,15497
15719,15718,15716
15720,15719,15716
15720,15716,15715
15715,15721,15720
15720,15721,15601
15601,15595,15720
15719,15720,15595
15715,15714,15721
15722,15721,15714
15721,15722,15601
15723,15724,15722
15722,15725,15723
15722,15726,15708
15722,15708,15707
15724,15726,15722
15722,15714,15717
15727,15722,15717
15707,15601,15722
15725,15722,15727
15723,15725,15728
15725,15729,15728
15725,15730,15729
15725,15731,15730
15725,15732,15731
15733,15732,15725
15725,15734,15733
15725,15735,15734
15725,15727,15735
15735,15717,15736
15736,15737,15735
15734,15735,15737
15735,15727,15717
15709,15737,15736
15737,15738,15734
15709,15738,15737
15709,15739,15738
15733,15734,15738
15732,15733,15738
15738,15739,15732
15740,15728,15739
15739,15741,15740
15739,15709,15741
15742,15739,15728
15739,15742,15732
15731,15732,15742
15729,15743,15742
15729,15742,15728
15731,15742,15743
15731,15743,15729
15740,15741,15726
15708,15726,15741
15708,15741,15744
15741,15709,15744
15744,15709,15708
15740,15724,15723
15723,15728,15740
15740,15726,15724
15736,15717,15709
15729,15730,15731
15718,15719,15745
15595,15745,15719
15746,15745,15595
15718,15745,15746
15746,15711,15718
15711,15746,15747
15595,15747,15746
15594,15748,15747
15711,15747,15748
15747,15595,15594
15748,15712,15711
15748,15749,15712
15750,15748,15594
15748,15750,15751
15751,15749,15748
15749,15751,15713
15713,15712,15749
15750,15752,15753
15753,15751,15750
15752,15750,15594
15752,15754,15753
15755,15754,15752
15755,15752,15756
15756,15752,15594
15713,15754,15755
15753,15754,15713
15594,15757,15756
15756,15757,15755
15758,15757,15594
15759,15757,15758
15759,15755,15757
15713,15759,15760
15760,15759,15758
15713,15755,15759
15758,15761,15760
15760,15761,15762
15762,15763,15760
15760,15763,15713
15762,15592,15763
15592,15591,15763
15713,15763,15591
15594,15762,15761
15592,15762,15594
15761,15758,15594
15751,15753,15713
15591,15500,15713
15713,15500,15497
15601,15707,15704
15672,15702,15673
15764,15683,15680
15598,15683,15764
15680,15665,15764
15765,15764,15665
15764,15765,15598
15598,15765,15766
15766,15765,15665
15767,15766,15664
15665,15664,15766
15766,15767,15598
15767,15664,15666
15659,15768,15767
15767,15666,15659
15598,15767,15768
15658,15768,15659
15768,15658,15599
15599,15598,15768
15617,15654,15656
15617,15651,15654
15599,15647,15645
15599,15645,15644
15644,15641,15599
15636,15635,15599
15635,15634,15599
15599,15634,15630
15630,15629,15599
15599,15629,15626
15623,15622,15599
15599,15622,15603
15609,15615,15618
15618,15610,15609
15611,15610,15618
15611,15618,15769
15616,15769,15618
15769,15770,15611
15770,15769,15771
15616,15771,15769
15772,15770,15771
15773,15771,15616
15771,15773,15772
15773,15774,15772
15616,15774,15773
15772,15774,15775
15775,15774,15776
15776,15774,15777
15777,15774,15616
15457,15777,15616
15776,15777,15457
15776,15457,15458
15776,15461,15775
15458,15461,15776
15772,15775,15778
15778,15775,15462
15775,15461,15462
15772,15778,15770
15770,15778,15462
15462,15611,15770
15779,15616,15497
15780,15457,15616
15779,15781,15616
15782,15780,15616
15616,15781,15782
15782,15783,15784
15784,15456,15782
15779,15785,15782
15782,15781,15779
15782,15456,15780
15785,15463,15782
15783,15782,15463
15784,15783,15460
15463,15460,15783
15463,15785,15497
15785,15779,15497
15460,15453,15784
15456,15784,15453
15780,15456,15457
15604,15620,15612
15609,15607,15615
15612,15608,15604
15500,15591,15589
15584,15515,15516
15582,15514,15512
15497,15786,15463
15497,15787,15786
15482,15787,15497
15486,15786,15787
15787,15485,15486
15484,15485,15787
15484,15787,15482
15463,15786,15470
15486,15470,15786
15493,15494,15477
15493,15477,15479
15478,15488,15491
15478,15491,15490
15488,15478,15487
15477,15489,15478
15477,15490,15489
15468,15469,15472
15454,15453,15460
15788,15789,15790
15789,15791,15790
15792,15791,15789
15789,15788,15792
15793,15792,15794
15792,15793,15791
15795,15792,15788
15792,15795,15796
15796,15794,15792
15788,15797,15795
15797,15796,15795
15797,15788,15798
15799,15796,15797
15797,15798,15800
15800,15801,15797
15802,15803,15797
15803,15799,15797
15804,15802,15797
15797,15805,15804
15805,15797,15801
15806,15798,15788
15806,15800,15798
15806,15791,15807
15806,15790,15791
15790,15806,15788
15800,15806,15807
15793,15807,15791
15807,15793,15800
15801,15800,15793
15793,15794,15801
15808,15801,15809
15794,15809,15801
15801,15808,15805
15810,15808,15811
15808,15810,15804
15812,15808,15813
15813,15808,15809
15808,15812,15811
15808,15804,15805
15814,15812,15813
15815,15811,15812
15816,15812,15814
15816,15815,15812
15811,15815,15817
15815,15818,15817
15818,15815,15819
15820,15815,15816
15815,15820,15821
15822,15819,15815
15821,15822,15815
15821,15823,15822
15822,15823,15819
15823,15824,15825
15823,15825,15819
15826,15823,15821
15827,15824,15823
15823,15826,15827
15821,15827,15826
15821,15824,15827
15824,15821,15825
15820,15825,15821
15816,15825,15820
15816,15828,15825
15828,15819,15825
15828,15814,15829
15818,15828,15829
15819,15828,15818
15814,15828,15816
15829,15817,15818
15829,15830,15817
15829,15814,15830
15810,15817,15830
15830,15831,15810
15830,15814,15831
15832,15802,15831
15831,15813,15832
15813,15831,15814
15810,15831,15802
15809,15832,15813
15832,15809,15802
15817,15810,15811
15810,15802,15804
15794,15833,15809
15833,15802,15809
15803,15833,15799
15802,15833,15803
15796,15799,15833
15833,15794,15796
15834,15800,15788
15835,15836,15837
15835,15838,15836
15839,15838,15835
15835,15837,15839
15840,15838,15839
15841,15839,15842
15842,15839,15837
15839,15841,15843
15843,15840,15839
15843,15844,15840
15838,15840,15844
15844,15845,15846
15844,15843,15845
15844,15847,15838
15844,15846,15847
15846,15836,15847
15836,15846,15842
15848,15842,15846
15846,15849,15848
15846,15845,15849
15842,15848,15841
15850,15841,15848
15851,15850,15848
15848,15849,15851
15852,15850,15851
15849,15853,15851
15853,15854,15851
15851,15854,15852
15853,15855,15854
15855,15856,15854
15856,15852,15854
15855,15853,15857
15858,15856,15855
15855,15859,15858
15859,15855,15860
15857,15860,15855
15861,15857,15853
15861,15841,15857
15841,15850,15857
15860,15857,15850
15845,15861,15853
15845,15843,15861
15843,15841,15861
15850,15862,15860
15863,15860,15862
15860,15863,15859
15863,15864,15865
15865,15866,15863
15866,15858,15863
15862,15864,15863
15863,15858,15859
15867,15868,15864
15864,15868,15865
15864,15862,15867
15868,15867,15869
15852,15867,15862
15856,15869,15867
15867,15852,15856
15869,15858,15870
15870,15868,15869
15869,15856,15858
15871,15868,15870
15872,15870,15866
15866,15870,15858
15870,15872,15871
15873,15871,15872
15873,15872,15865
15872,15866,15865
15873,15874,15871
15865,15875,15873
15873,15876,15874
15873,15875,15877
15876,15873,15877
15877,15875,15878
15877,15878,15876
15878,15874,15876
15878,15875,15874
15874,15875,15879
15865,15879,15875
15880,15874,15879
15879,15865,15880
15874,15880,15871
15880,15868,15871
15865,15868,15880
15862,15850,15852
15853,15849,15845
15836,15838,15847
15842,15837,15836
15881,15882,15883
15882,15884,15883
15885,15884,15882
15882,15886,15885
15886,15882,15887
15887,15882,15888
15889,15888,15882
15882,15881,15889
15890,15888,15889
15889,15891,15890
15892,15891,15889
15889,15881,15893
15889,15893,15892
15894,15895,15889
15889,15896,15894
15889,15897,15896
15889,15898,15897
15895,15899,15889
15900,15898,15889
15899,15901,15889
15901,15902,15889
15903,15889,15904
15889,15905,15904
15889,15902,15905
15889,15906,15900
15907,15906,15889
15889,15903,15907
15908,15909,15907
15910,15907,15909
15908,15907,15903
15910,15906,15907
15910,15911,15912
15912,15900,15910
15906,15910,15900
15909,15911,15910
15913,15911,15914
15911,15913,15912
15909,15914,15911
15915,15913,15914
15914,15916,15915
15917,15916,15914
15917,15914,15909
15918,15915,15916
15916,15919,15918
15919,15916,15920
15917,15920,15916
15921,15922,15920
15923,15920,15922
15920,15917,15921
15920,15923,15919
15924,15925,15923
15922,15924,15923
15923,15925,15926
15926,15927,15923
15927,15919,15923
15925,15924,15928
15925,15928,15926
15929,15928,15924
15928,15929,15930
15931,15932,15928
15932,15926,15928
15931,15928,15930
15930,15933,15931
15930,15934,15933
15930,15929,15934
15935,15936,15934
15933,15934,15936
15934,15929,15937
15937,15938,15934
15934,15938,15935
15936,15935,15939
15935,15940,15939
15935,15941,15942
15935,15942,15940
15935,15938,15943
15943,15941,15935
15944,15939,15940
15944,15940,15942
15939,15944,15936
15944,15945,15936
15945,15944,15946
15942,15941,15944
15947,15944,15948
15949,15944,15947
15944,15949,15950
15950,15951,15944
15946,15944,15951
15941,15948,15944
15948,15941,15931
15931,15952,15948
15953,15948,15954
15954,15948,15955
15955,15948,15952
15947,15948,15953
15956,15952,15931
15952,15956,15957
15957,15958,15952
15958,15959,15952
15959,15960,15952
15961,15962,15952
15952,15960,15961
15952,15963,15964
15952,15965,15963
15952,15962,15965
15952,15964,15955
15966,15962,15967
15966,15965,15962
15962,15968,15967
15968,15962,15969
15970,15969,15962
15962,15961,15970
15970,15961,15971
15971,15972,15970
15969,15970,15972
15973,15974,15972
15971,15973,15972
15972,15974,15969
15974,15973,15968
15968,15969,15974
15975,15973,15976
15977,15973,15975
15978,15979,15973
15980,15973,15979
15981,15982,15973
15973,15971,15981
15983,15973,15984
15984,15973,15985
15968,15973,15980
15983,15976,15973
15986,15978,15973
15973,15987,15986
15988,15989,15973
15973,15989,15990
15973,15991,15987
15973,15977,15991
15973,15982,15988
15990,15985,15973
15992,15988,15982
15988,15992,15993
15993,15994,15988
15988,15994,15995
15995,15989,15988
15996,15995,15994
15995,15997,15989
15996,15997,15995
15994,15998,15996
15997,15996,15999
15999,15996,15998
15993,16000,15998
15998,15994,15993
15998,16000,15999
15993,15992,16000
16000,16001,16002
15992,16001,16000
16002,15999,16000
16003,16002,16001
15999,16002,16004
16002,16003,16004
16004,16003,16005
16001,16006,16003
16007,16005,16003
16003,16006,16007
16007,16006,16008
16008,15961,16007
16007,16009,16010
15961,16009,16007
16010,16005,16007
16011,16010,16009
16010,16012,16005
16013,16010,16014
16012,16010,16013
16011,16014,16010
16015,16004,16012
16005,16012,16004
16012,16016,16015
16013,16016,16012
16017,16018,16016
16016,16018,16019
16016,16013,16017
16019,16020,16016
16020,16015,16016
15999,16015,16020
16020,16019,15999
16021,16019,16022
16019,16021,15999
16022,16019,16018
16022,16023,16021
16024,16023,16022
16024,16022,16018
16024,16018,16025
16026,16024,16025
16027,16024,16026
16023,16024,16027
16028,16029,16027
16027,16029,16023
16030,16031,16027
16027,16032,16030
16027,16033,16032
16027,16031,16028
16033,16027,16026
16026,16034,16033
16035,16033,16034
16033,16035,16032
16034,16036,16035
16037,16038,16035
16037,16035,16036
16038,16032,16035
16038,16037,16039
16032,16038,16039
16040,16039,16041
16041,16039,16042
16039,16030,16032
16039,16031,16030
16037,16042,16039
16039,16043,16031
16039,16044,16043
16045,16044,16039
16039,16046,16045
16046,16039,16047
16039,16040,16047
16025,16041,16042
16025,16042,16048
16049,16048,16042
16042,16037,16049
16034,16048,16049
16036,16049,16037
16034,16049,16036
16048,16050,16025
16048,16034,16050
16025,16050,16034
16047,16040,16051
16040,16052,16053
16052,16040,16041
16053,16051,16040
16051,16054,16047
16055,16054,16051
16051,16053,16056
16056,16055,16051
16054,16055,16057
16058,16057,16055
16059,16055,16056
16060,16058,16055
16061,16060,16055
16055,16059,16061
16060,16061,16062
16058,16060,16062
16063,16062,16061
16062,16063,16064
16064,16065,16062
16066,16058,16062
16062,16067,16066
16067,16062,16065
16068,16069,16067
16069,16070,16067
16068,16067,16071
16065,16071,16067
16066,16067,16070
16072,16070,16069
16070,16073,16066
16073,16070,16074
16074,16070,16072
16075,16074,16076
16076,16074,16077
16072,16077,16074
16074,15947,16073
16078,15947,16074
16074,16075,16078
16075,16076,16078
15947,16078,16079
16079,16078,16076
16079,16080,15947
16080,16079,16081
16081,16079,15950
16076,15950,16079
16080,16081,16082
16082,16081,16083
15950,16083,16081
16083,16084,16082
16084,16083,15949
16083,15950,15949
16082,16084,16085
15949,16085,16084
16085,16086,16082
16086,16085,16087
15949,16087,16085
16087,16088,16086
16088,16087,15949
15949,16080,16088
16086,16088,16080
16080,16082,16086
15947,16080,15949
16077,16089,16076
16090,16089,16077
16077,16091,16090
16091,16077,16092
16077,16072,16092
16092,16093,16094
16094,16095,16092
16096,16093,16092
16092,16097,16096
16097,16092,16098
16092,16072,16098
16092,16095,16091
16099,16095,16100
16101,16095,16099
16102,16100,16095
16091,16095,16101
16095,16094,16102
16093,16096,16102
16102,16096,16097
16102,16094,16093
16097,16100,16102
16103,16101,16104
16101,16103,16105
16105,16106,16101
16101,16106,15946
16107,16104,16101
16101,16099,16107
15946,16091,16101
16104,16107,16108
16109,16108,16107
16107,16110,16109
16107,16111,16110
16112,16111,16107
16107,16113,16112
16114,16113,16107
16107,16099,16114
16115,16114,16099
16116,16113,16114
16114,16115,16116
16100,16115,16099
16117,16116,16115
16117,16115,16118
16118,16115,16119
16119,16115,16120
16121,16115,16100
16120,16115,16121
16121,16122,16120
16120,16123,16119
16124,16123,16120
16120,16122,16124
16125,16124,16122
16122,16121,16125
16125,16121,16126
16126,16127,16125
16123,16124,16125
16125,16119,16123
16127,16128,16125
16129,16125,16128
16119,16125,16129
16127,16126,16130
16127,16131,16132
16130,16131,16127
16132,16128,16127
16133,16130,16134
16130,16126,16134
16131,16130,16133
16133,16135,16136
16134,16135,16133
16136,16131,16133
16131,16136,16137
16137,16136,16135
16135,16138,16137
16131,16137,16139
16140,16139,16137
16137,16138,16140
16138,16135,16134
16140,16138,16134
16134,16141,16140
16140,16141,16142
16142,16139,16140
16141,16143,16142
16139,16142,16131
16131,16142,16143
16144,16145,16143
16143,16141,16144
16143,16146,16131
16143,16145,16146
16146,16145,16147
16132,16131,16146
16146,16148,16132
16147,16148,16146
16149,16150,16147
16148,16147,16150
16147,16145,16151
16147,16152,16149
16151,16152,16147
16153,16154,16151
16151,16154,15967
16151,16155,16156
15980,16155,16151
16144,16157,16151
16151,16145,16144
16151,16156,16149
16152,16151,16149
16151,15967,15980
16151,16157,16153
16158,16153,16157
16159,16153,16158
16153,16159,16160
16160,16154,16153
16159,16161,16162
16162,16160,16159
16161,16159,16158
16072,16162,16161
16163,16164,16161
16161,16158,16163
16164,16165,16161
16166,16167,16161
16167,16098,16161
16161,16098,16072
16161,16165,16166
16165,16164,16168
16166,16165,16169
16168,16169,16165
16170,16169,16171
16169,16170,16166
16171,16169,16168
16172,16170,16171
16171,16173,16172
16171,16168,16174
16174,16175,16171
16173,16171,16134
16171,16175,16176
16176,16134,16171
16176,16175,16157
16134,16176,16141
16176,16144,16141
16157,16144,16176
16174,16157,16175
16172,16173,16098
16098,16173,16097
16173,16126,16097
16134,16126,16173
16157,16174,16158
16163,16158,16174
16163,16174,16168
16167,16170,16172
16098,16167,16172
16170,16167,16166
16168,16164,16163
16177,16160,16162
16162,16178,16177
16162,16072,16179
16179,16180,16162
16181,16178,16162
16162,16180,16182
16182,16183,16162
16162,16183,16184
16162,16184,16181
16185,16178,16181
16186,16187,16181
16181,16187,16185
16181,16184,16186
16185,16187,16188
16188,16189,16185
16185,16189,16178
16190,16189,16188
16189,16190,16177
16177,16178,16189
16191,16190,16192
16188,16192,16190
16190,16191,16154
16154,16177,16190
16192,16193,16191
15967,16191,16193
16154,16191,15967
16194,16195,16193
16193,16192,16194
15967,16193,16195
16195,16196,15967
16197,16196,16195
16195,16194,16197
16196,16197,16198
16199,16198,16197
16197,16194,16200
16197,16200,16199
16199,16200,16187
16200,16201,16187
16201,16200,16194
16201,16188,16187
16192,16188,16201
16201,16194,16192
16199,16202,16198
16187,16202,16199
16198,16202,16203
16203,16202,16204
16187,16204,16202
16204,16064,16205
16204,16187,16064
16206,16204,16205
16203,16204,16206
16205,16207,16206
16203,16206,16208
15963,16206,16207
15965,16208,16206
16206,15963,15965
16208,16198,16203
15966,16198,16208
16208,15965,15966
16205,16209,16207
15964,16207,16209
16207,15964,15963
16205,16210,16209
16211,16209,16210
15955,16209,15954
15954,16209,16211
16209,15955,15964
16211,16212,15958
16213,16211,15958
16210,16212,16211
16211,16213,15954
16214,16215,16213
16213,16216,16214
16216,16213,15958
16213,16215,16073
16213,16073,15947
15954,16213,16217
16213,15947,16217
16218,16217,15953
16217,16218,16219
16217,16219,16220
15953,16217,16220
15947,16221,16217
15954,16217,16221
15947,15953,16221
15954,16221,15953
15953,16219,16218
15953,16220,16219
16220,16222,16223
16218,16220,16223
16220,16218,16222
15957,16223,16222
16222,16224,15957
16224,16222,16225
16218,16225,16222
16225,16216,16224
16225,16226,16216
16226,16225,16218
16227,16228,16226
16226,16228,16229
16229,16216,16226
16226,16230,16227
16218,16230,16226
16229,16231,16232
16229,16232,16233
16214,16216,16229
16233,16214,16229
16229,16234,16231
16234,16229,16228
16235,16231,16234
16236,16234,15931
16234,16236,16237
16234,16227,15956
16234,16228,16227
16234,15956,15931
16234,16237,16235
16238,16237,16239
16235,16237,16238
16239,16237,16236
16239,16240,16238
16239,16241,16240
16241,16239,16232
16232,16239,16242
16236,16242,16239
16242,16214,16232
15933,16214,16242
15933,16242,16236
16235,16238,16240
16235,16240,16241
15942,15939,16241
15939,16238,16241
16241,16238,15942
16241,16232,16235
16238,15939,15942
16231,16235,16232
16236,15931,15933
16232,16214,16233
16218,16223,16230
16230,16223,15956
15956,16227,16230
15957,16224,15958
15958,16224,16216
15957,15956,16223
16215,16214,16243
16243,16244,16215
16244,16245,16215
16215,16245,16246
16215,16066,16073
16058,16066,16215
16246,16057,16215
16215,16057,16058
16057,16246,16247
16246,16248,16249
16248,16246,16245
16249,16250,16246
16247,16246,16250
16247,16054,16057
15908,16247,16250
16251,16054,16247
15903,16247,15908
16252,16247,15903
16247,16252,16251
16251,16252,15903
16054,16251,16253
16253,16251,16047
15903,16047,16251
16253,16254,16054
16047,16254,16253
16047,16054,16254
16250,15921,15908
16255,15921,16250
16250,16256,16255
16249,16256,16250
16255,16256,16257
16257,16256,16249
16249,16258,16257
16259,16257,16258
16257,16259,16255
16260,16259,16261
16259,16260,16262
16263,16259,16264
16259,16263,16265
16266,16259,16262
15937,16264,16259
16259,16266,15937
16259,16265,16255
16258,16261,16259
16261,16267,16260
16261,16258,16268
16269,16267,16261
16268,16269,16261
16269,16268,16270
16270,16271,16269
16269,16271,16272
16272,16267,16269
16271,16260,16272
16260,16267,16272
16273,16260,16271
16271,16270,16273
16270,16274,16273
16273,16274,16275
16275,16260,16273
16260,16275,16276
16276,16275,16277
16274,16277,16275
16277,16274,16270
16105,16278,16277
16277,16278,16276
16277,16270,16105
16276,16278,16279
16103,16279,16278
16278,16105,16103
16276,16279,16280
16280,16279,16104
16104,16279,16103
16276,16280,16281
16104,16281,16280
16282,16260,16281
16281,16260,16276
16283,16281,16104
16281,16283,16282
16260,16282,16284
16284,16282,16283
16284,16285,16260
16286,16285,16284
16284,16287,16286
16288,16287,16284
16283,16289,16284
16284,16289,16288
16104,16288,16289
16289,16283,16104
16287,16288,16290
16290,16288,16104
16291,16292,16290
16293,16290,16292
16290,16293,16287
16104,16291,16290
16286,16287,16293
16286,16293,16294
16294,16293,16295
16292,16295,16293
16295,16296,16294
16296,16295,16297
16295,16292,16297
16297,16292,16298
16299,16297,16300
16301,16300,16297
16302,16303,16297
16297,16303,16301
16297,15932,16304
16304,16305,16297
16298,16302,16297
16297,16305,16306
16307,16297,16299
16306,16296,16297
15932,16297,16308
16297,16307,16309
16309,16308,16297
16310,15932,16308
16311,16310,16308
16308,16309,16311
16311,16312,16313
16312,16311,16309
16313,16314,16311
16310,16311,16314
16314,16313,16315
16316,16314,16315
16314,16316,16310
16315,16317,16316
16317,16310,16316
16318,16317,16319
16315,16319,16317
16318,16320,16317
15926,16317,16320
16317,15926,15932
16310,16317,15932
15918,16320,16318
15927,16320,15918
16320,15927,15926
16318,16321,16322
16322,16323,16318
16319,16321,16318
16318,16323,15918
16324,16321,16319
16322,16321,16324
16324,16325,16326
16327,16324,16326
16319,16325,16324
16328,16324,16327
16324,16328,16322
16322,16328,16329
16327,16329,16328
16329,16327,16330
16331,16329,16330
16331,16332,16329
16329,16332,16333
16334,16329,16335
16334,16336,16329
16329,16333,16337
16337,16335,16329
16338,16339,16329
16329,16336,16338
16329,16340,16322
16341,16340,16329
16329,16342,16341
16343,16342,16329
16343,16329,16339
16344,16339,16338
15900,16339,16344
16339,15900,15912
15912,16343,16339
16344,16345,15898
16344,15898,15900
16345,16344,16338
16338,16346,16345
15898,16345,16346
16347,16346,16348
16346,16349,16348
16346,16338,16349
16346,16347,15894
16346,15897,15898
15896,15897,16346
16346,15894,15896
16348,16349,15899
16349,16338,15899
16348,16350,16347
16347,16350,15894
15899,16350,16348
16350,15899,15895
15895,15894,16350
15912,16342,16343
16351,16341,16342
16342,15912,16351
16341,16351,16352
16351,15912,15913
16352,16351,15915
15913,15915,16351
16352,16340,16341
16323,16352,15915
16340,16352,16323
16323,16322,16340
16335,16353,16354
16335,16354,16334
16335,16355,16353
16335,16356,16355
16356,16335,16337
16357,16356,16358
16358,16356,16359
16356,16360,16359
16356,16357,16361
16361,16355,16356
16337,16360,16356
16361,16357,16362
16353,16361,16363
16364,16363,16361
16353,16355,16361
16361,16365,16364
16361,16362,16365
16366,16367,16364
16366,16364,16365
16364,16367,16368
16369,16364,16368
16364,16369,16370
16370,16363,16364
16334,16370,16369
16363,16370,16334
16369,16371,16372
16368,16371,16369
16372,16334,16369
16373,16372,16371
16334,16372,16373
16374,16373,16375
16371,16375,16373
16373,16336,16334
16373,16374,16338
16338,16336,16373
16375,16376,16374
16377,16378,16374
16374,16376,16377
16374,16378,16338
16338,16378,16379
16379,16378,16377
16379,16380,16338
16381,16380,16379
16379,16377,16381
16044,16045,16381
16381,16028,16044
16382,16381,16046
16045,16046,16381
16383,16381,16377
16028,16381,16383
16384,16380,16381
16381,16382,16384
16021,16385,16383
16383,15999,16021
16376,15999,16383
16383,16377,16376
16383,16385,16028
16028,16385,16029
16023,16029,16385
16385,16021,16023
16046,16386,16382
16382,16387,16384
16387,16382,16386
16386,16388,16387
16387,16388,16389
16387,16390,16384
16389,16390,16387
16390,16391,16380
16384,16390,16380
16390,16392,16391
16392,16390,16389
16392,16393,16394
16389,16393,16392
16394,16391,16392
16394,16393,15904
16391,16394,15904
16393,16389,16395
15904,16393,16395
16395,16396,16046
16046,15904,16395
16397,16396,16395
16395,16389,16397
16397,16389,16388
16388,16396,16397
16046,16396,16388
15904,16380,16391
16046,16388,16386
16338,16380,16398
15902,16398,16380
16380,15905,15902
16380,15904,15905
15899,16338,16398
16398,15901,15899
16398,15902,15901
16375,16368,16376
16376,16368,15999
16375,16371,16368
16368,16367,15999
16367,16366,15999
16399,16366,16400
16401,16366,16399
16402,16403,16366
16401,16402,16366
15999,16366,16403
16404,16400,16366
16366,16358,16404
16366,16362,16358
16365,16362,16366
16401,16405,16403
16405,16401,15990
15990,16401,16406
16399,16406,16401
16403,16402,16401
16407,16406,16408
16407,15985,16406
16406,15985,15990
16406,16399,16400
16406,16400,16408
16408,16400,16409
16408,16409,16360
16408,16410,16407
16408,16337,16410
16337,16408,16360
16407,16410,16411
16313,16411,16410
16313,16410,16412
16410,16337,16412
16413,16412,16414
16415,16412,16413
16337,16414,16412
16412,16415,16313
16313,16415,16416
16413,16417,16415
16417,16416,16415
16416,16417,16418
16418,16419,16416
16416,16419,16420
16420,16421,16416
16416,16421,16313
16327,16421,16420
16313,16421,16422
16326,16421,16327
16326,16422,16421
16326,16325,16422
16422,16325,16319
16319,16315,16422
16422,16315,16313
16420,16419,16330
16330,16327,16420
16330,16419,16418
16331,16418,16417
16418,16331,16330
16414,16417,16413
16417,16332,16331
16417,16333,16332
16417,16414,16333
16337,16333,16414
16423,16424,16411
16411,16424,16425
16425,16407,16411
16411,16313,16426
16411,16426,16423
16425,16424,16427
16427,16428,16425
16428,16429,16425
16425,16429,15977
15977,16430,16425
16425,16430,16431
16431,16407,16425
16431,16430,15975
16407,16431,15985
15985,16431,16432
15975,16432,16431
16432,15975,16433
16432,15984,15985
15984,16432,16434
16433,16434,16432
15976,16433,15975
16434,16433,15976
16434,15983,15984
15976,15983,16434
15975,16430,15977
16429,16428,16435
15991,15977,16429
16429,16436,15991
16436,16429,16437
16437,16429,16435
16438,16435,16428
16439,16435,16438
16439,16440,16435
16435,16441,16442
16435,16442,16437
16440,16441,16435
16441,16440,16443
16444,16442,16441
16441,16445,16444
16441,16443,16445
16446,16443,16447
16447,16443,16448
16443,16440,16449
16443,16446,16445
16449,16448,16443
16450,16448,16451
16451,16448,16438
16438,16448,16449
16448,16450,16452
16448,16452,16447
16453,16452,16450
16452,16454,16447
16452,16453,16454
16450,16451,16453
16455,16453,16451
16456,16457,16453
16454,16453,16457
16453,16455,16456
16458,16456,16459
16459,16456,16460
16458,16457,16456
16461,16460,16456
16456,16455,16461
16462,16463,16461
16460,16461,16463
16461,16455,16464
16465,16461,16464
16461,16465,16462
16466,16463,16462
16462,16467,16466
16467,16462,16468
16465,16468,16462
16467,16468,16469
16469,16468,16465
16469,16470,16467
16471,16470,16469
16465,16471,16469
16464,16472,16471
16464,16471,16465
16471,16472,16473
16473,16470,16471
16474,16473,16472
16473,16474,16470
16467,16470,16474
16474,16475,16467
16476,16474,16477
16474,16478,16477
16479,16478,16474
16474,16480,16479
16474,16481,16480
16482,16474,16472
16482,16481,16474
16475,16474,16476
16476,16483,16475
16483,16476,16484
16477,16485,16476
16485,16484,16476
16486,16484,16485
16487,16488,16484
16484,16488,16483
16484,16489,16487
16484,16486,16489
16490,16486,16491
16491,16486,16485
16489,16486,16490
16312,16490,16492
16492,16490,16491
16312,16493,16490
16490,16493,16489
16494,16487,16493
16493,16495,16494
16493,16487,16489
16307,16495,16493
16493,16312,16307
16496,16494,16495
16495,16497,16496
16498,16497,16495
16498,16495,16307
16499,16496,16498
16498,16299,16499
16497,16498,16496
16299,16498,16307
16499,16500,16300
16300,16501,16499
16499,16299,16500
16499,16502,16497
16497,16503,16499
16504,16499,16503
16502,16499,16504
16499,16501,16494
16494,16496,16499
16501,16505,16506
16459,16505,16501
16501,16507,16459
16501,16300,16507
16506,16494,16501
16301,16508,16507
16459,16507,16508
16507,16300,16301
16508,16509,16459
16509,16508,16510
16508,16301,16510
16303,16511,16510
16510,16301,16303
16509,16510,16512
16512,16510,16511
16512,16511,16513
16514,16513,16511
16511,16303,16515
16511,16515,16514
16302,16516,16515
16514,16515,16516
16515,16303,16302
16516,16117,16514
16117,16516,16517
16516,16302,16517
16298,16109,16517
16517,16302,16298
16117,16517,16518
16518,16517,16109
16518,16519,16117
16110,16519,16518
16518,16109,16110
16519,16520,16117
16111,16520,16519
16519,16110,16111
16117,16520,16521
16521,16520,16111
16521,16112,16113
16111,16112,16521
16521,16116,16117
16113,16116,16521
16118,16514,16117
16514,16522,16513
16523,16522,16514
16514,16118,16524
16524,16523,16514
16522,16523,16525
16458,16523,16524
16523,16458,16525
16525,16458,16509
16525,16526,16522
16509,16526,16525
16526,16509,16513
16513,16522,16526
16524,16118,16458
16513,16509,16512
16459,16509,16458
16494,16506,16527
16527,16506,16528
16528,16506,16505
16487,16527,16488
16527,16487,16494
16528,16483,16527
16488,16527,16483
16528,16505,16529
16528,16529,16530
16475,16483,16528
16530,16475,16528
16459,16531,16530
16459,16530,16529
16530,16531,16532
16532,16475,16530
16475,16532,16466
16466,16532,16531
16533,16531,16459
16531,16533,16466
16459,16534,16533
16466,16533,16534
16460,16534,16459
16463,16534,16460
16534,16463,16466
16529,16505,16459
16504,16503,16500
16500,16496,16504
16502,16504,16496
16500,16497,16502
16500,16502,16496
16497,16500,16503
16300,16500,16299
16491,16535,16492
16492,16535,16536
16492,16537,16312
16536,16537,16492
16536,16477,16478
16478,16538,16536
16536,16535,16477
16536,16538,16537
16538,16478,16479
16479,16539,16538
16537,16538,16539
16540,16539,16479
16539,16540,16541
16539,16541,16537
16537,16541,16312
16541,16427,16542
16428,16427,16541
16542,16312,16541
16541,16540,16428
16543,16312,16542
16542,16423,16543
16427,16423,16542
16544,16312,16543
16426,16545,16543
16543,16423,16426
16543,16545,16544
16544,16545,16426
16312,16544,16313
16426,16313,16544
16479,16546,16540
16428,16540,16546
16546,16480,16547
16547,16548,16546
16546,16548,16428
16546,16479,16480
16455,16548,16547
16438,16428,16548
16548,16451,16438
16451,16548,16455
16547,16481,16464
16464,16455,16547
16480,16481,16547
16477,16535,16491
16491,16485,16477
16466,16467,16475
16464,16481,16482
16472,16464,16482
16119,16458,16118
16457,16458,16119
16549,16457,16129
16457,16549,16454
16129,16457,16119
16129,16550,16549
16549,16550,16446
16446,16454,16549
16446,16550,16129
16447,16454,16446
16449,16440,16551
16551,16552,16449
16438,16449,16553
16553,16449,16552
16438,16553,16439
16439,16553,16554
16555,16554,16553
16553,16552,16555
16554,16556,16439
16556,16554,16555
16439,16556,16557
16555,16557,16556
16557,16551,16439
16551,16557,16555
16555,16552,16551
16551,16440,16439
16129,16444,16446
16446,16444,16445
16128,16558,16444
16442,16444,16558
16444,16129,16128
16558,16437,16442
16559,16558,16128
16560,16558,16559
16561,16437,16558
16561,16558,16560
16562,16563,16560
16560,16563,16561
16560,16559,16564
16564,16565,16560
16565,16566,16560
16562,16560,16566
16567,16563,16562
16562,16568,16567
16566,16568,16562
16567,16568,16569
16569,16568,16566
16569,16566,16565
16565,16567,16569
16570,16571,16567
16563,16567,16571
16567,16572,16570
16572,16567,16573
16573,16567,16565
16573,16565,16564
16564,16572,16573
16570,16572,16574
16574,16572,16575
16575,16572,16576
16576,16572,16577
16577,16572,16564
16575,16578,16574
16576,16579,16575
16575,16579,16132
16132,16578,16575
16574,16578,16580
16580,16578,16132
16580,16570,16574
16581,16580,16132
16580,16581,16582
16582,16570,16580
16583,16584,16582
16582,16584,16585
16585,16586,16582
16582,16586,16570
16582,16581,16583
16587,16588,16585
16589,16585,16588
16585,16584,16587
16586,16585,16589
16590,16589,16588
16586,16589,16590
16588,16591,16590
16571,16590,16592
16592,16590,16593
16590,16571,16586
16591,16593,16590
16591,15979,15978
15978,16593,16591
16591,16588,15979
16594,16593,16595
16595,16593,15978
16594,16592,16593
16594,16596,16597
16598,16594,16597
16594,16595,16596
16592,16594,16599
16571,16600,16594
16594,16601,16571
16594,16600,16601
16598,16599,16594
16598,16571,16599
16592,16599,16571
16596,16601,16600
16571,16596,16600
16602,16598,16603
16597,16603,16598
16571,16598,16602
16603,16604,16602
16602,16605,16571
16605,16602,16606
16436,16606,16602
16602,16604,16436
16604,16603,15987
15987,16436,16604
16571,16605,16563
16606,16607,16605
16561,16563,16605
16561,16605,16607
16436,16607,16606
16607,16437,16561
16436,16437,16607
15987,16603,16597
16596,16571,16601
16597,16596,15986
15986,16596,16595
15986,15987,16597
16595,15978,15986
16587,16608,15979
15979,16588,16587
16608,16587,16609
16150,16587,16584
16587,16150,16149
16149,16609,16587
16609,16610,16608
16611,16609,16149
16611,16610,16609
16609,16612,16155
16155,16613,16609
16609,16613,16612
16149,16155,16612
16149,16612,16613
16155,16149,16613
16610,16611,16155
16611,16149,16614
16611,16614,16152
16155,16611,16152
16614,16156,16155
16155,16152,16614
16614,16149,16156
16610,16155,15980
15980,16608,16610
15979,16608,15980
16584,16583,16150
16150,16583,16132
16132,16583,16581
16571,16570,16586
16576,16615,16579
16616,16579,16615
16132,16579,16616
16128,16616,16559
16616,16128,16132
16615,16559,16616
16577,16615,16576
16559,16615,16577
16577,16564,16559
16436,15987,15991
16423,16427,16424
16409,16400,16404
16404,16360,16409
16405,15990,15989
15989,15997,16405
16403,16405,15997
16404,16358,16359
16359,16360,16404
16403,16617,15999
15997,16617,16403
15999,16617,15997
16358,16362,16357
16334,16354,16363
16363,16354,16353
15915,15918,16323
16312,16309,16307
16618,16619,16306
16306,16305,16618
16296,16306,16619
16619,16620,16621
16622,16619,16621
16620,16619,16618
16619,16622,16296
16621,16286,16622
16286,16294,16622
16622,16294,16296
16260,16621,16620
16260,16620,16623
16623,16620,16618
16623,16624,16260
16625,16624,16623
16618,16625,16623
16625,16618,16305
16626,16625,16304
16625,16626,16627
16305,16304,16625
16627,16624,16625
16628,16262,16627
16262,16624,16627
16626,16628,16627
16266,16262,16628
16266,16628,15938
16628,16626,16629
15938,16628,16630
16629,16630,16628
16630,16629,15932
15932,16629,16304
16304,16629,16626
16631,16630,15932
16630,16631,15938
15943,16631,15932
16631,15943,15938
16260,16624,16262
16621,16260,16285
16285,16286,16621
16298,16292,16291
16291,16108,16298
16109,16298,16108
16108,16291,16104
16268,16105,16270
16268,16106,16105
16106,16268,16632
16632,16268,16258
16632,15945,16106
15945,16632,16245
16258,16248,16632
16245,16632,16248
16633,16263,16264
16264,15937,16633
15937,15929,16633
16633,15929,15924
15924,16263,16633
16265,16263,15922
15922,15921,16265
15921,16255,16265
15938,15937,16266
16263,15924,15922
16249,16248,16258
15945,16245,16244
16244,16243,15936
16244,15936,15945
16634,16243,16214
16243,16634,15936
16634,15933,15936
16214,15933,16634
15958,16212,16635
16635,16212,16636
16636,16212,16210
16636,16637,16635
16636,16638,16637
16210,16638,16636
16638,16639,16637
16639,16638,16640
16640,16638,16064
16210,16064,16638
16640,16056,16639
16640,16059,16056
16059,16640,16064
16637,16639,16641
16639,16056,16053
16053,16642,16639
16639,16642,16641
16641,16011,15960
15960,16643,16641
16641,16643,16637
16641,16014,16011
16641,16642,16014
15960,15959,16643
16643,16635,16637
15959,16635,16643
16642,16053,16644
16642,16644,16014
16014,16644,16017
16644,16052,16017
16052,16644,16053
16635,15959,15958
16210,16205,16064
16198,15966,16196
15967,16196,15966
16187,16186,16645
16183,16645,16186
16186,16184,16183
16645,16064,16187
16064,16645,16646
16647,16646,16645
16647,16645,16183
16648,16646,16647
16647,16649,16648
16180,16649,16647
16647,16182,16180
16183,16182,16647
16648,16649,16069
16069,16649,16180
16068,16650,16648
16646,16648,16650
16069,16068,16648
16651,16650,16068
16646,16650,16651
16652,16653,16651
16651,16653,16646
16651,16068,16652
16071,16652,16068
16654,16653,16652
16654,16652,16071
16654,16064,16653
16071,16064,16654
16646,16653,16064
16180,16179,16069
16069,16179,16072
16177,16154,16160
16132,16148,16150
16097,16126,16121
16100,16097,16121
15946,16106,15945
16655,16090,16091
16091,15946,16655
16655,16076,16089
15950,16076,16655
16089,16090,16655
16655,15951,15950
15951,16655,16656
16655,15946,16656
15951,16656,15946
16065,16064,16071
16061,16059,16063
16059,16064,16063
16041,16017,16052
16046,16047,15903
15903,15904,16046
16043,16044,16028
16031,16043,16028
16018,16017,16041
16041,16025,16018
16034,16026,16025
16017,16013,16014
16004,16015,15999
16009,15960,16011
16009,15961,15960
16008,16657,15981
15981,15971,16008
15961,16008,15971
16657,16008,16006
15981,16657,16658
16001,16658,16657
16657,16006,16001
16658,15982,15981
16658,15992,15982
16001,15992,16658
15980,15967,15968
16659,15961,16660
16661,16660,15961
16661,15961,16662
16659,16663,15961
15961,16663,16664
16662,15961,16665
16665,15961,16666
15961,16664,16666
16662,16667,16661
16665,16667,16662
16668,16669,16667
16665,16668,16667
16667,16669,16670
16667,16671,16672
16672,16661,16667
16670,16671,16667
16673,16671,16670
16673,16674,16671
16671,16674,16675
16675,16672,16671
16676,16675,16674
16675,16677,16672
16676,16677,16675
16676,16678,16677
16679,16676,16680
16674,16680,16676
16681,16678,16676
16676,16679,16681
16682,16683,16679
16679,16684,16682
16679,16680,16684
16685,16681,16679
16679,16686,16685
16686,16679,16683
16687,16684,16688
16684,16673,16688
16684,16674,16673
16684,16680,16674
16682,16684,16687
16687,16689,16682
16689,16687,16690
16687,16688,16690
16690,16691,16689
16670,16691,16690
16690,16688,16670
16691,16670,16692
16691,16693,16689
16691,16694,16693
16694,16691,16695
16695,16691,16692
16696,16692,16669
16669,16692,16670
16695,16692,16696
16696,16669,16697
16697,16698,16696
16696,16698,16695
16698,16697,16699
16698,16699,16694
16694,16695,16698
16700,16699,16701
16701,16699,16702
16699,16697,16702
16694,16699,16700
16702,16703,16704
16702,16705,16703
16705,16702,16706
16702,16704,16701
16702,16697,16669
16669,16707,16702
16708,16702,16707
16709,16706,16702
16702,16710,16709
16711,16710,16702
16702,16708,16711
16710,16712,16713
16710,16714,16712
16713,16715,16710
16716,16714,16710
16709,16710,16715
16710,16717,16716
16717,16710,16711
16716,16717,16718
16711,16718,16717
16718,16711,16719
16718,16720,16716
16719,16720,16718
16721,16722,16720
16720,16723,16721
16722,16724,16720
16724,16716,16720
16725,16720,16726
16720,16725,16723
16719,16668,16720
16726,16720,16668
16727,16722,16721
16727,16728,16722
16722,16728,16729
16729,16724,16722
16729,16730,16724
16730,16729,16731
16731,16729,16728
16731,16732,16730
16732,16731,16733
16731,16734,16735
16728,16734,16731
16735,16733,16731
16732,16733,16736
16733,16737,16736
16735,16737,16733
16736,16737,16738
16739,16737,16735
16738,16737,16739
16740,16741,16738
16740,16738,16742
16742,16738,16739
16738,16743,16736
16741,16743,16738
16744,16745,16741
16741,16740,16744
16746,16747,16741
16741,16745,16746
16741,16747,16748
16748,16743,16741
16749,16748,16747
16743,16748,16750
16751,16748,16749
16750,16748,16752
16752,16748,16751
16749,16753,16751
16754,16751,16753
16755,16751,16756
16756,16751,16754
16751,16755,16752
16757,16755,16758
16756,16758,16755
16755,16757,16759
16760,16752,16755
16755,16761,16760
16759,16761,16755
16762,16759,16757
16759,16762,16760
16760,16761,16759
16757,16763,16762
16762,16763,16752
16752,16760,16762
16763,16764,16765
16764,16763,16757
16752,16763,16750
16765,16750,16763
16765,16764,16766
16767,16768,16765
16765,16768,16769
16765,16766,16767
16769,16770,16765
16771,16750,16765
16765,16770,16771
16771,16770,16769
16750,16771,16772
16769,16772,16771
16773,16774,16772
16775,16772,16774
16772,16775,16750
16772,16769,16773
16773,16776,16777
16777,16774,16773
16776,16773,16778
16778,16773,16779
16780,16779,16773
16773,16781,16780
16782,16773,16769
16782,16781,16773
16780,16781,16783
16783,16781,16784
16781,16782,16784
16785,16784,16782
16784,16785,16783
16777,16785,16714
16712,16714,16785
16783,16785,16777
16782,16786,16785
16768,16785,16786
16785,16768,16767
16787,16712,16785
16767,16787,16785
16712,16787,16788
16788,16787,16789
16789,16787,16767
16789,16790,16791
16789,16791,16788
16789,16767,16792
16792,16790,16789
16793,16790,16792
16794,16791,16790
16790,16795,16794
16795,16790,16793
16793,16792,16796
16796,16797,16793
16793,16797,16795
16798,16797,16796
16795,16797,16798
16798,16796,16799
16799,16795,16798
16800,16799,16801
16801,16799,16796
16800,16795,16799
16801,16802,16800
16802,16795,16800
16803,16802,16804
16804,16802,16805
16806,16802,16801
16807,16802,16806
16805,16802,16807
16795,16802,16803
16805,16808,16804
16805,16809,16808
16807,16809,16805
16810,16811,16809
16808,16809,16811
16809,16812,16810
16807,16812,16809
16810,16812,16806
16806,16812,16807
16766,16811,16810
16810,16767,16766
16792,16767,16810
16792,16810,16801
16806,16801,16810
16811,16766,16808
16813,16808,16766
16814,16808,16813
16808,16814,16815
16804,16808,16816
16808,16817,16816
16808,16818,16817
16815,16818,16808
16819,16815,16820
16814,16820,16815
16819,16818,16815
16821,16819,16820
16822,16823,16819
16819,16823,16824
16819,16825,16822
16825,16819,16821
16824,16818,16819
16826,16824,16827
16818,16824,16826
16827,16824,16828
16828,16824,16823
16828,16829,16827
16830,16829,16828
16828,16831,16830
16831,16828,16823
16830,16831,16832
16831,16823,16833
16833,16832,16831
16832,16834,16830
16832,16835,16834
16835,16832,16836
16821,16836,16832
16832,16833,16821
16836,16837,16835
16837,16836,16838
16839,16840,16836
16836,16841,16839
16836,16840,16842
16843,16838,16836
16842,16844,16836
16821,16845,16836
16836,16844,16843
16845,16841,16836
16841,16846,16847
16846,16841,16845
16847,16839,16841
16839,16847,16848
16848,16847,16849
16849,16847,16846
16849,16850,16851
16851,16852,16849
16849,16853,16848
16853,16849,16852
16846,16850,16849
16854,16855,16850
16851,16850,16855
16850,16846,16854
16845,16854,16846
16854,16856,16857
16857,16855,16854
16854,16845,16856
16858,16857,16856
16856,16845,16859
16856,16860,16858
16859,16860,16856
16861,16859,16862
16860,16859,16861
16862,16859,16821
16859,16845,16821
16862,16863,16861
16864,16865,16862
16863,16862,16865
16821,16866,16862
16862,16866,16864
16867,16861,16863
16867,16863,16868
16868,16863,16869
16863,16865,16869
16869,16870,16868
16869,16871,16870
16872,16871,16869
16869,16873,16872
16874,16869,16875
16869,16874,16873
16869,16865,16864
16864,16875,16869
16872,16873,16876
16873,16877,16876
16873,16874,16877
16858,16877,16878
16879,16878,16877
16858,16876,16877
16879,16877,16874
16880,16878,16879
16879,16881,16882
16874,16881,16879
16883,16880,16879
16879,16884,16883
16885,16884,16879
16879,16886,16885
16882,16886,16879
16886,16882,16887
16887,16882,16881
16887,16885,16886
16881,16758,16887
16885,16887,16758
16758,16884,16885
16884,16758,16888
16884,16889,16883
16888,16889,16884
16888,16890,16891
16891,16889,16888
16890,16888,16892
16893,16892,16888
16758,16756,16888
16888,16756,16893
16893,16894,16895
16894,16893,16896
16892,16893,16895
16893,16897,16896
16897,16893,16898
16893,16899,16898
16893,16900,16899
16901,16900,16893
16893,16756,16901
16902,16900,16901
16901,16753,16902
16901,16756,16753
16900,16902,16903
16903,16902,16753
16899,16903,16904
16903,16899,16900
16904,16903,16753
16753,16897,16904
16898,16904,16897
16904,16898,16899
16896,16897,16753
16905,16906,16896
16896,16906,16894
16753,16905,16896
16906,16905,16907
16749,16907,16905
16905,16753,16749
16908,16909,16907
16908,16907,16749
16907,16909,16906
16909,16908,16910
16909,16910,16911
16911,16906,16909
16911,16912,16913
16914,16912,16911
16894,16906,16911
16911,16915,16894
16915,16911,16913
16911,16910,16916
16911,16916,16914
16914,16916,16910
16910,16917,16914
16914,16917,16912
16917,16918,16919
16918,16917,16910
16912,16917,16920
16917,16919,16920
16919,16921,16725
16725,16920,16919
16922,16921,16919
16919,16918,16922
16923,16921,16922
16924,16922,16925
16922,16924,16923
16922,16918,16926
16926,16925,16922
16725,16921,16923
16723,16725,16923
16923,16927,16723
16924,16927,16923
16928,16927,16929
16723,16927,16928
16927,16924,16929
16930,16929,16931
16928,16929,16930
16929,16924,16931
16931,16735,16932
16931,16932,16930
16925,16931,16924
16933,16735,16931
16931,16925,16933
16933,16925,16926
16934,16933,16926
16735,16933,16935
16936,16935,16933
16933,16937,16936
16937,16933,16934
16926,16938,16934
16934,16938,16749
16749,16939,16934
16934,16939,16937
16940,16939,16749
16939,16940,16936
16936,16937,16939
16749,16746,16940
16936,16940,16746
16938,16941,16749
16926,16941,16938
16749,16941,16908
16908,16941,16910
16910,16941,16918
16926,16918,16941
16744,16935,16936
16936,16745,16744
16746,16745,16936
16935,16942,16735
16943,16942,16935
16935,16944,16943
16935,16744,16944
16945,16942,16946
16946,16942,16943
16945,16735,16942
16742,16735,16945
16946,16742,16945
16740,16946,16943
16742,16946,16740
16740,16944,16744
16943,16944,16740
16930,16932,16947
16948,16932,16735
16947,16932,16948
16727,16947,16948
16727,16948,16734
16735,16734,16948
16928,16947,16721
16721,16947,16727
16930,16947,16928
16721,16723,16928
16726,16920,16725
16912,16920,16726
16726,16913,16912
16949,16666,16913
16913,16726,16949
16913,16666,16664
16664,16950,16913
16913,16950,16951
16952,16953,16913
16913,16954,16952
16955,16954,16913
16913,16956,16955
16957,16956,16913
16951,16958,16913
16913,16958,16957
16913,16953,16915
16959,16953,16960
16960,16953,16952
16961,16915,16953
16953,16959,16961
16959,16960,16962
16963,16959,16962
16959,16964,16961
16964,16959,16963
16963,16965,16964
16966,16965,16963
16963,16967,16966
16962,16967,16963
16966,16967,16968
16962,16968,16967
16968,16969,16966
16970,16969,16968
16968,16971,16970
16971,16968,16962
16892,16970,16971
16971,16891,16892
16962,16891,16971
16892,16969,16970
16966,16969,16892
16965,16966,16892
16892,16964,16965
16961,16964,16892
16889,16962,16972
16973,16972,16962
16962,16960,16973
16962,16889,16891
16972,16973,16974
16952,16973,16960
16973,16952,16974
16974,16975,16976
16975,16974,16952
16976,16977,16974
16974,16977,16972
16977,16976,16978
16978,16979,16977
16972,16977,16979
16980,16981,16979
16979,16978,16980
16972,16979,16981
16982,16981,16980
16981,16982,16972
16972,16982,16983
16984,16983,16982
16980,16985,16982
16982,16985,16984
16985,16986,16987
16986,16985,16988
16987,16989,16985
16985,16989,16990
16990,16984,16985
16991,16988,16985
16985,16980,16991
16988,16991,16992
16991,16980,16978
16978,16992,16991
16993,16988,16992
16994,16992,16978
16992,16994,16993
16995,16993,16994
16993,16995,16996
16988,16993,16997
16996,16997,16993
16956,16957,16996
16998,16996,16957
16997,16996,16998
16996,16995,16956
16999,16998,17000
17000,16998,16958
16957,16958,16998
16998,16999,16997
17000,17001,16999
16988,16997,16999
16988,16999,17001
17002,17001,17000
17001,17002,16988
16988,17002,17003
17002,17000,17004
17004,17003,17002
17003,17004,17005
17005,17006,17003
16986,17003,17006
17003,16986,16988
16986,17006,17007
17008,17007,17006
17006,17005,17008
17007,17008,17009
17009,17008,17010
17011,17010,17008
17008,17005,17011
17010,17011,16950
17012,17011,17005
17011,17012,16950
16950,17012,16951
16951,17012,17004
17005,17004,17012
17013,17010,16950
17010,17013,17009
17014,17009,17013
16950,17015,17013
17013,17015,17014
17014,17015,17016
17016,17017,17014
17014,17018,17019
17019,17020,17014
17014,17020,17021
17014,17021,17018
16986,17014,17017
16986,17009,17014
17016,17020,17017
16986,17017,17020
16986,17020,17022
17022,17020,17023
17023,17020,17024
17024,17020,17016
17020,17019,17018
17020,17018,17021
17025,17026,17024
17025,17024,17027
17024,17026,17028
17029,17024,17028
17027,17024,17016
17024,17029,17023
17027,17030,17031
17030,17027,17032
17031,17033,17027
17034,17032,17027
17027,17016,17034
17035,17027,17033
17035,17036,17027
17027,17036,17037
17027,17037,17025
16880,17033,17031
17033,17038,17035
17038,17033,16880
17026,17038,17039
17038,17026,17036
17039,17038,17040
16880,17040,17038
17036,17035,17038
17040,17041,17039
17041,17040,16880
17039,17041,16883
16880,16883,17041
17039,17028,17026
16883,17029,17039
17028,17039,17029
17037,17036,17042
17043,17044,17037
17037,17045,17043
17037,17042,17045
17025,17037,17044
17046,17044,17043
17044,17046,17025
17043,17047,17046
17025,17046,17047
17047,17043,17045
17047,17048,17025
17045,17048,17047
17048,17049,17025
17049,17048,17045
17036,17026,17049
17049,17026,17025
17045,17042,17049
17049,17042,17036
17050,17051,17034
17051,17032,17034
17034,17016,17052
17052,17053,17034
17034,17053,17050
17054,17051,17050
17050,17055,17054
17055,17050,17056
17050,17053,17056
17057,17058,17056
17056,17059,17057
17056,17060,17059
17060,17056,17061
17061,17056,17053
17055,17056,17058
17061,17057,17059
17061,17059,17060
17061,17058,17057
17062,17058,17061
17058,17062,17063
17063,17064,17058
17058,17064,17055
17065,17064,17063
17055,17064,17054
17064,17065,17054
17066,17067,17065
17054,17065,17067
17065,17068,17066
17063,17068,17065
17069,17066,17068
17068,17070,17069
17070,17068,17063
17069,17070,17071
17071,17070,17063
17071,17072,17069
17071,17073,17072
17073,17071,17063
17073,17074,17072
17074,17073,17075
17076,17075,17073
17063,17062,17073
17073,17062,17077
17076,17073,17077
17061,17077,17062
17078,17077,17079
17079,17077,17061
17077,17078,17076
17078,17079,17052
17080,17078,17016
17016,17078,17052
17081,17078,17080
17076,17078,17081
17081,17082,17021
17080,17082,17081
17021,17083,17081
17081,17083,17084
17084,17085,17081
17081,17085,17076
17086,17087,17085
17085,17087,17075
17086,17085,17084
17075,17076,17085
17087,17086,17088
17088,17086,17089
17084,17089,17086
17089,17090,17088
17090,17089,17091
17091,17089,17084
17091,17092,17090
17093,16950,17091
17092,17091,16950
17084,17093,17091
17083,17093,17084
17080,17093,17094
16950,17093,17080
17083,17094,17093
17019,17082,17094
17080,17094,17082
17094,17083,17019
17092,17095,16663
17096,17092,16663
17090,17092,17096
16950,17095,17092
17097,17096,17098
17099,17098,17096
16663,17099,17096
17088,17090,17096
17096,17097,17088
17100,17097,17098
17088,17097,17100
17101,17088,17100
17100,17102,17101
17100,17098,17103
17104,17102,17100
17100,17103,17104
17103,17105,17106
17103,17098,17105
17106,17104,17103
17106,17105,17107
17107,17104,17106
17108,17107,17105
17104,17107,17109
17107,17110,17109
17110,17107,17111
17111,17107,17112
17108,17112,17107
17108,17105,17113
17113,17112,17108
17113,17114,16683
16683,17115,17113
17113,17116,17112
17117,17116,17113
17118,17114,17113
17113,17115,17117
17113,17105,17118
17119,17117,17115
17120,17117,17119
17117,17120,17121
17121,17116,17117
17122,17116,17121
17123,17121,17124
17124,17121,17120
17123,17125,17121
17126,17121,17125
17127,17128,17121
17121,17129,17127
17121,17130,17129
17126,17130,17121
17128,17131,17121
17121,17131,17132
17121,17132,17122
17125,17133,17126
17134,17126,17133
17130,17126,17134
17133,17135,17134
17134,17135,17136
17130,17134,17137
17136,17137,17134
17138,17136,17135
17136,17138,17137
17139,17138,17135
17138,17139,17140
17140,17137,17138
17141,17142,17140
17140,17143,17141
17144,17140,17142
17140,17144,17130
17130,17137,17140
17139,17143,17140
17143,17145,17146
17143,17146,17147
17147,17148,17143
17143,17148,17149
17145,17143,17139
17143,17149,17150
17150,17151,17143
17151,17152,17143
17143,17152,17153
17154,17141,17143
17153,17154,17143
17141,17154,17155
17155,17154,17156
17153,17156,17154
17156,17157,17158
17157,17156,17159
17158,17144,17156
17156,17144,17155
17153,17159,17156
17152,17159,17153
17152,17160,17159
17159,17160,17157
17160,17152,17104
17104,17161,17160
17162,17157,17160
17160,17161,17162
17161,17104,17163
17163,17164,17161
17161,17164,17165
17165,17162,17161
17162,17165,17158
17158,17165,17164
17164,17166,17167
17163,17166,17164
17164,17168,17158
17167,17168,17164
17169,17170,17167
17167,17166,17169
17168,17167,17170
17170,17169,17130
17170,17171,17168
17171,17170,17144
17130,17144,17170
17158,17168,17171
17171,17144,17158
17169,17166,17172
17172,17130,17169
17173,17130,17172
17172,17174,17173
17174,17172,17166
17173,17174,17175
17166,17176,17174
17174,17176,17177
17178,17175,17174
17177,17178,17174
17177,17179,17180
17176,17179,17177
17177,17180,17178
17181,17182,17180
17181,17180,17179
17178,17180,17183
17180,17182,17184
17184,17183,17180
17184,17182,17185
17185,17186,17184
17183,17184,17186
17187,17186,17188
17185,17188,17186
17186,17187,17183
17188,17189,17187
17189,17178,17187
17178,17183,17187
17189,17188,17190
17189,17191,17178
17192,17189,17190
17192,17193,17189
17191,17189,17194
17194,17189,17195
17189,17196,17195
17189,17197,17196
17197,17189,17193
17192,17198,17193
17199,17193,17198
17193,17199,17197
17200,17201,17199
17201,17197,17199
17199,17198,17200
17199,17202,17203
17199,17204,17202
17204,17199,17203
17201,17203,17202
17204,17203,17201
17205,17200,17198
17205,17206,17200
17206,17204,17200
17200,17207,17201
17200,17204,17207
17208,17201,17207
17208,17207,17204
17208,17209,17210
17196,17208,17210
17208,17196,17197
17197,17201,17208
17211,17208,17204
17208,17211,17209
17211,17212,17213
17212,17211,17214
17213,17215,17211
17204,17214,17211
17216,17211,17215
17210,17211,17195
17216,17209,17211
17217,17216,17215
17216,17217,17218
17216,17218,17219
17194,17216,17220
17219,17220,17216
17194,17210,17216
17216,17210,17209
17219,17221,17222
17219,17223,17221
17224,17223,17219
17219,17225,17224
17225,17219,17218
17222,17220,17219
17221,17226,17222
17220,17222,17194
17194,17222,17227
17226,17227,17222
17227,17191,17194
17191,17227,17226
17226,17221,17223
17226,17223,17224
17191,17226,17224
17225,17191,17224
17228,17191,17225
17225,17229,17228
17229,17225,17218
17229,17230,17228
17230,17229,17218
17218,17231,17230
17232,17230,17231
17233,17228,17230
17230,17232,17233
17232,17234,17235
17235,17236,17232
17236,17233,17232
17234,17232,17231
17237,17234,17231
17175,17235,17234
17234,17237,17175
17231,17238,17237
17237,17238,17175
17175,17238,17173
17173,17238,17231
17178,17236,17235
17178,17233,17236
17178,17235,17175
17178,17228,17233
17239,17231,17212
17173,17231,17239
17212,17231,17218
17129,17239,17212
17239,17129,17173
17178,17191,17228
17240,17213,17218
17218,17241,17240
17217,17241,17218
17213,17212,17218
17215,17240,17241
17215,17241,17217
17215,17213,17240
17214,17242,17212
17243,17244,17214
17245,17214,17244
17245,17242,17214
17214,17204,17243
17245,17246,17212
17212,17242,17245
17246,17245,17244
17246,17247,17212
17248,17249,17246
17246,17250,17248
17244,17250,17246
17249,17247,17246
17247,17249,17251
17247,17127,17212
17252,17127,17247
17247,17251,17252
17253,17251,17249
17254,17252,17251
17251,17253,17255
17255,17254,17251
17256,17255,17253
17131,17254,17255
17131,17255,17257
17255,17258,17257
17256,17258,17255
17258,17256,17259
17256,17260,17261
17256,17261,17243
17253,17260,17256
17262,17259,17256
17262,17256,17243
17259,17262,17205
17206,17205,17262
17243,17206,17262
17259,17257,17258
17263,17259,17264
17259,17263,17131
17131,17257,17259
17205,17264,17259
17264,17265,17266
17266,17132,17264
17264,17267,17263
17268,17265,17264
17264,17132,17267
17264,17205,17268
17198,17268,17205
17269,17268,17198
17265,17268,17269
17190,17269,17198
17265,17269,17190
17263,17267,17131
17267,17132,17131
17270,17266,17265
17265,17190,17271
17271,17270,17265
17185,17271,17190
17270,17271,17185
17266,17270,17272
17270,17185,17272
17266,17272,17116
17272,17273,17116
17272,17182,17273
17272,17185,17182
17116,17273,17179
17179,17273,17181
17181,17273,17182
17132,17266,17274
17274,17266,17122
17122,17266,17116
17132,17274,17122
17248,17261,17260
17260,17253,17248
17243,17261,17244
17250,17244,17261
17261,17248,17250
17254,17128,17252
17254,17131,17128
17249,17248,17253
17252,17128,17127
17206,17243,17204
17212,17127,17129
17194,17275,17210
17196,17210,17275
17194,17195,17275
17196,17275,17195
17201,17202,17204
17190,17198,17192
17188,17185,17190
17179,17276,17116
17176,17276,17179
17116,17276,17166
17166,17276,17176
17173,17129,17130
17163,17277,17166
17116,17166,17111
17166,17278,17111
17277,17278,17166
17110,17278,17277
17277,17279,17110
17279,17277,17163
17163,17104,17279
17109,17279,17104
17109,17110,17279
17111,17278,17110
17158,17157,17162
17155,17142,17141
17142,17155,17144
17280,17152,17151
17280,17104,17152
17151,17147,17280
17280,17281,17282
17282,17283,17280
17284,17104,17280
17147,17281,17280
17280,17283,17285
17280,17285,17284
17284,17285,17283
17104,17284,17286
17283,17286,17284
17286,17287,17104
17286,17283,17102
17102,17287,17286
17287,17102,17104
17072,17283,17282
17102,17283,17074
17283,17072,17074
17281,17288,17289
17289,17282,17281
17281,17147,17290
17288,17281,17290
17291,17288,17292
17293,17292,17288
17294,17288,17291
17290,17293,17288
17294,17295,17288
17295,17289,17288
17069,17289,17295
17066,17069,17295
17295,17294,17066
17291,17296,17294
17294,17296,17066
17066,17296,17297
17297,17296,17291
17298,17067,17297
17297,17299,17298
17297,17291,17299
17067,17066,17297
17300,17298,17299
17299,17301,17300
17299,17291,17302
17302,17301,17299
17303,17302,17304
17302,17303,17305
17305,17301,17302
17304,17302,17291
17306,17304,17291
17307,17304,17306
17304,17307,17303
17306,17308,17307
17307,17308,17309
17309,17303,17307
17309,17310,17311
17311,17303,17309
17309,17308,17310
17310,17312,17313
17313,17314,17310
17315,17312,17310
17311,17310,17314
17310,17308,17315
17315,17316,17317
17315,17317,17312
17308,17316,17315
17292,17317,17316
17316,17308,17306
17306,17292,17316
17293,17318,17317
17319,17317,17318
17317,17292,17293
17312,17317,17319
17319,17124,17312
17124,17319,17320
17318,17320,17319
17321,17320,17318
17320,17321,17124
17123,17321,17146
17124,17321,17123
17318,17146,17321
17290,17146,17318
17318,17293,17290
17322,17323,17314
17324,17314,17323
17325,17314,17313
17314,17326,17327
17314,17325,17326
17314,17324,17311
17327,17322,17314
17328,17329,17322
17328,17322,17327
17329,17323,17322
17330,17329,17328
17323,17329,17331
17331,17329,17330
17332,17333,17331
17330,17332,17331
17323,17331,17333
17334,17333,17332
17335,17333,17334
17333,17336,17323
17333,17335,17336
17336,17335,17324
17335,17337,17311
17334,17337,17335
17311,17324,17335
17311,17337,17338
17338,17337,17334
17311,17338,17339
17334,17340,17338
17339,17338,17341
17341,17338,17340
17342,17343,17340
17340,17334,17342
17340,17343,16838
17340,17300,17341
17300,17340,17298
16838,17298,17340
17344,17345,17343
17344,17343,17342
16838,17343,17345
16837,16838,17345
16837,17345,17346
17346,17345,17344
17344,17347,17346
17348,17346,17347
16835,17346,17348
17346,16835,16837
17349,17348,16706
16706,17348,17350
17348,17347,16703
17348,17349,16834
16703,17350,17348
17348,16834,16835
17350,17351,16706
16705,17351,17350
17350,16703,16705
16706,17351,16705
16706,16709,17349
17349,17352,16834
17352,17349,16709
17353,16834,17352
17352,16713,17353
16713,17352,17354
16709,17354,17352
17354,16715,16713
16715,17354,16709
16712,17355,17353
17355,17356,17353
17353,16713,16712
16834,17353,17356
17356,17355,17357
16834,17356,17358
17358,17356,17359
17356,17360,17359
17357,17360,17356
17361,17357,17355
17360,17357,17361
17361,17362,17360
16794,17362,17361
17361,16791,16794
16791,17361,16788
17355,16788,17361
17362,17363,17359
17363,17362,16794
17359,17360,17362
17363,17364,17365
16794,17364,17363
17363,17365,17359
17366,17367,17365
17365,17364,17366
17358,17365,17367
17359,17365,17358
17367,17368,17369
17366,17368,17367
17367,17369,17358
16829,16830,17369
17369,17368,16829
16834,17358,17369
17369,16830,16834
16829,17368,17370
17371,17370,17368
17366,17371,17368
16803,17370,17371
16803,17371,17366
16829,17370,16827
16803,16827,17370
17366,17364,16803
16803,17364,16794
16788,17355,16712
17328,17372,17347
17347,17330,17328
17373,17374,17347
17347,17372,17373
17347,17374,16703
17342,17347,17344
17332,17330,17347
17347,17342,17332
17373,17375,17374
17374,17375,17376
17376,17377,17374
16703,17374,17377
17377,17378,16704
17376,17378,17377
16704,16703,17377
17378,17376,17379
17379,17380,17378
16704,17378,17380
17380,17379,17381
17382,16701,17380
17380,16701,16704
17380,17381,17382
17325,17381,17379
17381,17325,17382
16701,17382,16700
17383,16700,17382
17382,17325,17383
16682,16700,17383
17383,17325,17384
17384,17385,17383
17383,17385,16682
17385,17384,17386
17386,16682,17385
17325,17386,17384
17387,16682,17386
17386,17388,17387
17388,17386,17325
17389,17387,17388
17388,17390,17389
17325,17390,17388
17389,17390,17391
17390,17392,17391
17392,17390,17393
17393,17390,17313
17325,17313,17390
17394,17391,17392
17392,17395,17394
17395,17392,17396
17393,17396,17392
17396,17119,17395
17119,17396,17120
17393,17120,17396
17394,17395,16683
17395,17119,17115
17115,16683,17395
17391,17394,17389
17389,17394,16683
17124,17393,17313
17120,17393,17124
17389,16683,17387
17387,16683,16682
17379,17397,17325
17375,17397,17379
17379,17376,17375
17325,17397,17398
17373,17398,17397
17397,17375,17373
17373,17372,17398
17372,17326,17398
17398,17326,17325
17327,17372,17328
17327,17326,17372
17332,17342,17334
17305,17339,17341
17341,17300,17301
17305,17341,17301
17339,17303,17311
17303,17339,17305
17323,17336,17324
17313,17312,17124
17292,17306,17291
17399,17298,16838
17298,17399,17067
16838,17054,17399
17067,17399,17054
17146,17290,17147
17282,17289,17069
17069,17072,17282
17147,17151,17150
17150,17149,17147
17149,17148,17147
17145,17135,17133
17133,17146,17145
17135,17145,17139
17146,17133,17125
17146,17125,17123
17400,17118,17105
17118,17400,17114
17401,17400,17105
17114,17400,17402
17402,17400,17403
17401,17403,17400
17401,17105,17098
17403,17401,17098
17403,17404,17402
17404,17403,17405
17406,17403,17099
17403,17406,17405
17098,17099,17403
17405,17407,17404
16685,17407,17405
17408,17409,17405
17405,17409,16685
17406,17408,17405
16659,17408,16663
17409,17408,16659
17406,16663,17408
17409,17410,16685
16659,17410,17409
17410,16659,17411
17411,16685,17410
16660,17411,16659
17412,17411,16660
16685,17411,17412
16660,16677,17412
16678,17412,16677
17412,16681,16685
16681,17412,16678
16686,17404,17407
17407,16685,16686
17099,16663,17406
17402,17404,16686
17402,16686,17114
16683,17114,16686
17112,17116,17111
17102,17413,17101
17074,17413,17102
17075,17413,17074
17101,17413,17075
17088,17101,17087
17075,17087,17101
16664,16663,17095
17095,16950,16664
17021,17019,17083
17082,17019,17021
17080,17016,17015
17080,17015,16950
17061,17052,17079
17053,17052,17061
17414,17060,17057
17060,17414,17415
17416,17057,17060
17060,17415,17416
17416,17051,17417
17417,17030,17416
17030,17414,17416
17032,17051,17416
17416,17414,17032
17057,17416,17415
17418,17419,17417
17420,17417,17419
17417,17051,17418
17420,17030,17417
17420,17421,17422
17422,17030,17420
17419,17421,17420
17421,17423,17422
17424,17423,17421
17425,17421,17419
17424,17421,17425
17426,17427,17424
17424,16852,17426
16852,17424,16853
17427,17428,17424
17424,17428,17429
17425,17430,17424
17430,17431,17424
17431,17432,17424
17424,17432,17433
17433,17434,17424
17434,17435,17424
17435,16853,17424
17436,17424,17429
17436,17423,17424
17437,17429,17428
17429,17437,17438
17436,17429,17439
17438,17439,17429
17439,17423,17436
17422,17423,17439
17422,17439,17031
17438,17440,17439
17440,17031,17439
17441,17442,17440
17440,17438,17441
17443,17444,17440
17440,17442,17443
17440,17444,16878
16878,17031,17440
17443,17442,17445
17445,17442,17441
17445,17446,17447
17446,17445,17448
17441,17448,17445
17445,17447,17443
17447,17446,17449
17447,17450,16857
17449,17450,17447
16857,17443,17447
17449,17446,17450
17450,17446,17451
17451,17452,17450
16857,17450,17452
17451,17453,17452
17452,17453,16857
17451,16851,17453
16851,16855,17453
17453,16855,16857
16851,17451,17426
17426,17451,17446
17454,17427,17448
17427,17446,17448
17438,17454,17448
17438,17448,17441
17437,17427,17454
17454,17438,17437
17427,17426,17446
17444,17443,16857
16857,16878,17444
17428,17427,17437
17435,17434,17455
16853,17435,17456
17455,17456,17435
16842,17456,17455
17456,16848,16853
16840,16848,17456
17456,16842,16840
17457,17455,17434
16844,17455,17457
17455,16844,16842
17457,17433,17432
17458,17457,17432
17434,17433,17457
16843,17457,17458
17457,16843,16844
17459,17458,17431
17432,17431,17458
17460,17458,17459
17458,17460,16843
17459,17461,17460
16843,17460,16838
17054,17460,17461
17054,16838,17460
17054,17461,17462
17463,17462,17461
17461,17459,17463
17463,17459,17430
17430,17425,17463
17462,17463,17419
17419,17463,17425
17419,17418,17462
17054,17462,17418
17431,17430,17459
17426,16852,16851
17031,17030,17422
17418,17051,17054
17057,17415,17414
17414,17030,17032
17031,16878,16880
17023,17029,16883
17023,17464,17022
17464,17023,17465
16883,17466,17023
17465,17023,17466
16972,17467,17466
17466,17467,17468
17468,17465,17466
16972,17466,16889
16883,16889,17466
17465,17468,17469
17469,17468,16990
16990,17468,17467
17469,17470,17471
17470,17469,16989
17469,17471,17465
16990,16989,17469
17471,17470,17472
17473,17471,17472
17464,17465,17471
17474,17464,17471
17471,17473,17474
17472,16987,17473
17475,17474,17473
17473,16987,17475
17475,16986,17474
17475,16987,16986
17474,16986,17476
17476,17464,17474
16986,17477,17476
17476,17477,17464
17022,17477,16986
17464,17477,17022
17472,17470,16989
16989,16987,17472
16983,17467,16972
17467,16983,16990
17009,16986,17007
17004,17000,16951
16958,16951,17000
16955,16956,16995
16995,17478,16955
16994,17478,16995
16954,16955,17478
17478,16975,16954
16975,17478,16994
16978,16976,16994
16994,16976,16975
16984,16990,16983
16952,16954,16975
16895,16915,16961
16892,16895,16961
16665,16949,16668
16668,16949,16726
16666,16949,16665
16894,16915,16895
16891,16890,16892
17479,16881,16874
16881,17479,16757
16758,16881,16757
17480,16764,17479
17480,17479,17481
16757,17479,16764
16875,17479,16874
16875,17481,17479
16875,17482,17481
17483,17481,17482
17483,17480,17481
16813,17480,17483
17483,17484,16813
17482,17484,17483
16813,17484,17485
17485,17484,17482
16813,17485,17486
17487,17486,17485
17485,17488,17487
17482,17488,17485
17488,17482,16875
17487,17488,16875
16875,17489,17487
17486,17487,17489
16864,16866,17489
16875,16864,17489
17490,17489,16866
17489,17490,17486
17486,17490,16813
17490,17491,17492
16866,17491,17490
17490,17492,16813
16813,17492,16814
16820,16814,17492
17492,17491,16820
16821,17491,16866
16820,17491,16821
16813,16764,17480
16878,16857,16858
16872,16876,17493
16858,17493,16876
17493,17494,16870
17494,17493,16858
16870,16871,17493
17493,16871,16872
16870,17494,17495
17495,17494,16858
16858,16867,17495
16868,17495,16867
17495,16868,16870
16861,16867,16858
16858,16860,16861
16848,16840,16839
16833,16823,16822
16821,16833,16822
16827,16803,16826
16826,16803,16817
16826,16817,16818
16822,16825,16821
17496,16816,16817
16817,16803,17496
16816,17496,16804
16804,17496,16803
16766,16764,16813
16803,16794,16795
16796,16792,16801
16786,16769,16768
16769,16786,16782
16777,16778,16783
17497,16783,16778
16783,17498,16780
16783,17497,17498
16778,17499,17497
17498,17497,17499
17499,17500,17498
17500,17499,16778
16778,16779,17500
17498,17500,16779
16779,16780,17498
16778,16777,16776
16777,16714,17501
16774,16777,16775
16743,16775,16777
16777,17501,16743
16732,17501,16714
16736,17501,16732
16743,17501,16736
16750,16775,16743
16756,16754,16753
16747,16746,16749
16739,16735,16742
16734,16728,16727
16714,16730,16732
16724,16730,16714
16714,16716,16724
17502,16719,16711
16719,17502,16668
16668,17502,17503
17504,17503,17502
16711,16708,17502
17502,16708,17504
17503,17504,16707
16707,17504,16708
17503,16669,16668
16707,16669,17503
16700,17505,16694
16700,16682,17505
17505,16693,16694
16693,17505,16682
16682,16689,16693
16670,16688,16673
16672,16677,16660
16660,16661,16672
15931,15941,15943
15943,15932,15931
15918,15919,15927
15921,15917,15908
15908,15917,15909
15892,15893,17506
17507,15893,17508
15881,17508,15893
15893,17509,17510
17510,17511,15893
15893,17511,17506
15893,17507,17509
17512,17506,17511
17506,17513,15892
17514,17513,17506
17512,17515,17506
17506,17515,17516
17506,17516,17514
17514,17516,17515
17515,17517,17514
17513,17514,17517
17517,17515,17518
17517,17518,17513
17519,17518,17520
17513,17518,17519
17520,17518,17515
17520,17521,17519
17522,17520,17523
17521,17520,17522
17515,17523,17520
17521,17524,17525
17519,17521,17525
17526,17524,17521
17521,17522,17526
17524,17526,17527
17526,17522,17528
17527,17526,17529
17528,17529,17526
17528,17523,17530
17529,17528,17530
17523,17528,17522
17512,17530,17523
17531,17530,17512
17530,17532,17529
17532,17530,17531
17533,17531,17534
17535,17534,17531
17512,17536,17531
17531,17536,17535
17533,17537,17531
17538,17531,17539
17538,17540,17531
17531,17540,17541
17537,17539,17531
17541,17532,17531
17507,17535,17536
17508,17535,17507
17534,17535,17508
17542,17532,17541
17541,17540,17543
17543,17542,17541
17543,17544,17542
17544,17545,17542
17542,17545,17532
17544,17532,17545
17544,17546,17532
17544,17547,17546
17544,17548,17547
17548,17544,17543
17548,17543,17549
17549,17550,17548
17547,17548,17550
17551,17550,17549
17552,17553,17550
17550,17553,17547
17551,17554,17550
17554,17555,17550
17550,17555,17552
17556,17552,17557
17552,17556,17553
17554,17557,17552
17552,17555,17554
17558,17556,17557
17558,17557,17559
17560,17561,17557
17557,17562,17560
17562,17557,17554
17563,17557,17561
17559,17557,17563
17559,17564,17565
17563,17564,17559
17559,17566,17558
17566,17559,17567
17565,17568,17559
17568,17567,17559
17569,17570,17567
17567,17570,17566
17568,17569,17567
17569,17571,17570
17572,17571,17569
17572,17569,17568
17572,17573,17574
17573,17572,17575
17575,17572,17568
17571,17572,17576
17576,17572,17574
17577,17574,17578
17579,17578,17574
17574,17580,17579
17580,17574,17573
17574,17577,17581
17576,17574,17581
17577,17582,17581
17583,17581,17582
17581,17583,17584
17584,17585,17581
17581,17586,17576
17585,17587,17581
17587,17586,17581
17586,17587,17588
17589,17588,17587
17587,17585,17589
17588,17589,17570
17588,17590,17586
17590,17588,17570
17586,17590,17591
17570,17591,17590
17591,17576,17586
17571,17591,17570
17576,17591,17571
17592,17589,17585
17570,17589,17592
17592,17593,17570
17594,17592,17584
17593,17592,17594
17585,17584,17592
17595,17593,17565
17593,17595,17596
17596,17570,17593
17565,17593,17597
17593,17598,17597
17599,17598,17593
17593,17600,17599
17594,17600,17593
17601,17596,17595
17601,17602,17596
17602,17566,17596
17570,17596,17566
17603,17601,17604
17603,17602,17601
17595,17604,17601
17605,17603,17604
17606,17605,17604
17606,17604,17607
17608,17609,17604
17607,17604,17609
17604,17610,17611
17604,17611,17608
17595,17612,17604
17612,17610,17604
17610,17613,17614
17614,17611,17610
17610,17615,17613
17616,17615,17610
17610,17617,17616
17617,17610,17612
17618,17617,17619
17612,17619,17617
17620,17616,17617
17617,17618,17620
17620,17618,17619
17619,17616,17620
17620,17621,17622
17621,17620,17623
17622,17623,17620
17624,17625,17622
17624,17622,17626
17618,17622,17621
17626,17622,17625
17622,17618,17623
17626,17625,17621
17624,17621,17625
17627,17628,17626
17626,17629,17627
17626,17630,17629
17630,17626,17628
17626,17631,17632
17633,17626,17632
17634,17624,17626
17634,17626,17635
17636,17635,17626
17621,17636,17626
17626,17633,17631
17633,17637,17638
17638,17639,17633
17640,17633,17639
17633,17640,17637
17632,17641,17633
17641,17631,17633
17642,17640,17638
17640,17642,17643
17638,17640,17612
17640,17643,17612
17639,17637,17640
17643,17616,17619
17612,17643,17619
17616,17643,17642
17627,17643,17644
17627,17630,17643
17630,17644,17643
17627,17644,17642
17630,17642,17644
17616,17642,17615
17642,17638,17615
17630,17627,17642
17639,17645,17641
17632,17639,17641
17631,17641,17645
17631,17645,17632
17639,17632,17645
17639,17638,17637
17563,17615,17638
17612,17563,17638
17636,17632,17635
17632,17636,17628
17621,17628,17636
17634,17635,17632
17646,17624,17634
17632,17647,17634
17634,17583,17646
17583,17634,17648
17634,17649,17650
17634,17651,17649
17634,17652,17651
17652,17634,17650
17575,17648,17634
17575,17634,17653
17647,17653,17634
17650,17654,17655
17655,17651,17650
17656,17650,17651
17650,17656,17654
17652,17650,17649
17564,17655,17656
17656,17595,17564
17612,17595,17656
17612,17656,17655
17651,17654,17656
17651,17655,17654
17655,17564,17563
17655,17563,17612
17575,17647,17573
17657,17573,17647
17658,17647,17621
17647,17658,17659
17659,17657,17647
17632,17628,17647
17628,17621,17647
17647,17652,17653
17647,17575,17652
17580,17573,17657
17657,17659,17580
17659,17658,17660
17660,17580,17659
17580,17660,17661
17661,17660,17662
17662,17660,17663
17663,17660,17624
17660,17658,17624
17663,17664,17662
17665,17664,17663
17666,17665,17663
17663,17667,17666
17646,17667,17663
17663,17624,17646
17666,17667,17668
17646,17668,17667
17669,17668,17670
17670,17668,17671
17666,17668,17669
17672,17671,17668
17668,17673,17672
17674,17673,17668
17675,17674,17668
17668,17676,17675
17677,17676,17668
17668,17646,17677
17678,17671,17578
17679,17671,17678
17671,17679,17670
17578,17671,17680
17672,17681,17671
17681,17682,17671
17682,17680,17671
17683,17681,17684
17684,17681,17672
17681,17683,17682
17684,17685,17683
17686,17683,17685
17682,17683,17686
17687,17682,17686
17685,17674,17686
17686,17674,17687
17674,17675,17687
17688,17682,17687
17687,17675,17688
17682,17688,17689
17675,17689,17688
17689,17690,17691
17691,17692,17689
17690,17689,17693
17692,17694,17689
17689,17675,17693
17689,17694,17695
17695,17603,17689
17689,17603,17696
17689,17696,17680
17680,17682,17689
17605,17696,17603
17605,17676,17696
17697,17696,17676
17680,17696,17698
17698,17696,17697
17697,17676,17699
17699,17698,17697
17677,17699,17676
17699,17677,17700
17700,17698,17699
17701,17702,17700
17700,17677,17701
17702,17698,17700
17680,17702,17577
17680,17698,17702
17702,17703,17704
17704,17705,17702
17703,17702,17701
17702,17705,17577
17704,17703,17706
17701,17706,17703
17706,17677,17707
17707,17708,17706
17706,17708,17704
17706,17701,17677
17708,17707,17709
17582,17704,17708
17708,17709,17582
17707,17646,17709
17583,17582,17709
17709,17646,17583
17707,17677,17646
17582,17705,17704
17582,17577,17705
17695,17602,17603
17602,17695,17566
17710,17566,17695
17710,17695,17694
17547,17711,17710
17547,17710,17712
17712,17710,17713
17566,17710,17711
17713,17710,17692
17694,17692,17710
17532,17713,17714
17713,17532,17712
17691,17714,17713
17692,17691,17713
17714,17715,17532
17715,17714,17716
17690,17716,17714
17714,17691,17690
17716,17717,17524
17524,17718,17716
17716,17718,17715
17717,17716,17719
17690,17720,17716
17720,17719,17716
17717,17719,17721
17721,17719,17693
17719,17720,17693
17721,17609,17717
17609,17721,17607
17693,17607,17721
17693,17720,17690
17722,17524,17717
17717,17609,17722
17524,17722,17723
17724,17723,17722
17722,17609,17608
17608,17724,17722
17725,17724,17614
17614,17724,17608
17725,17726,17724
17727,17724,17726
17727,17723,17724
17726,17728,17727
17727,17728,17524
17723,17727,17524
17524,17728,17729
17729,17728,17726
17525,17729,17730
17525,17524,17729
17730,17729,17726
17730,17726,17731
17731,17732,17730
17730,17732,17525
17733,17732,17731
17732,17733,17525
17733,17731,17734
17734,17735,17733
17733,17735,17736
17736,17525,17733
17525,17736,17737
17735,17738,17736
17737,17736,17738
17738,17739,17737
17737,17739,17740
17737,17741,17742
17737,17743,17741
17737,17740,17743
17744,17737,17742
17737,17744,17525
17745,17746,17744
17742,17745,17744
17525,17744,17746
17746,17747,17525
17747,17746,17745
17747,17748,17519
17747,17513,17748
17747,15892,17513
17745,17749,17747
17747,17519,17525
15892,17747,15891
15891,17747,17749
17749,17750,17751
17751,15891,17749
17750,17749,17740
17749,17745,17742
17749,17742,17741
17741,17743,17749
17749,17743,17740
17750,17752,17751
17753,17752,17750
17750,17754,17753
17754,17750,17755
17740,17756,17750
17750,17756,17755
17754,17755,17757
17758,17755,17756
17757,17755,17758
17734,17759,17758
17760,17758,17759
17734,17758,17761
17756,17761,17758
17758,17760,17757
17762,17763,17760
17757,17760,17763
17760,17759,17762
17759,17764,17762
17765,17762,17764
17762,17765,17766
17766,17763,17762
17767,17763,17766
17766,17768,17767
17766,17769,17770
17766,17770,17771
17766,17765,17769
17766,17771,17768
17770,17768,17771
17767,17768,17770
17772,17770,17769
17773,17774,17769
17769,17775,17773
17769,17774,17772
17776,17775,17769
17769,17777,17776
17777,17769,17765
17778,17779,17775
17773,17775,17779
17780,17778,17775
17775,17776,17780
17781,17782,17778
17778,17780,17781
17779,17778,17782
17783,17784,17782
17783,17782,17781
17782,17784,17779
17779,17784,17785
17786,17785,17784
17784,17783,17786
17787,17788,17786
17787,17786,17789
17790,17785,17786
17786,17788,17790
17786,17783,17789
17791,17787,17789
17789,17792,17791
17793,17792,17789
17789,17794,17793
17554,17789,17783
17554,17794,17789
17795,17796,17794
17793,17794,17796
17797,17795,17794
17794,17554,17797
17797,17549,17798
17798,17795,17797
17797,17799,17549
17799,17797,17554
17549,17799,17551
17551,17799,17554
17798,17800,17801
17800,17798,17538
17538,17798,17549
17796,17798,17801
17796,17795,17798
17802,17801,17800
17803,17801,17802
17801,17803,17796
17793,17803,17804
17802,17804,17803
17796,17803,17793
17793,17804,17805
17804,17802,17806
17806,17805,17804
17793,17805,17807
17807,17805,17806
17806,17808,17807
17793,17807,17808
17808,17809,17792
17806,17809,17808
17792,17793,17808
17809,17806,17787
17787,17791,17809
17809,17791,17792
17810,17811,17806
17810,17806,17802
17811,17787,17806
17812,17811,17810
17811,17812,17813
17813,17814,17811
17815,17811,17814
17816,17811,17815
17816,17787,17811
17816,17817,17818
17815,17817,17816
17787,17816,17790
17818,17790,17816
17790,17818,17819
17773,17820,17818
17773,17818,17821
17818,17820,17822
17818,17822,17823
17823,17819,17818
17817,17821,17818
17773,17821,17824
17824,17821,17817
17773,17824,17825
17817,17825,17824
17825,17826,17774
17817,17826,17825
17774,17773,17825
17826,17817,17770
17770,17772,17826
17826,17772,17774
17819,17820,17785
17785,17827,17819
17820,17819,17823
17819,17827,17790
17827,17785,17790
17823,17822,17820
17785,17820,17779
17779,17820,17773
17828,17770,17817
17815,17828,17817
17829,17828,17815
17828,17829,17830
17830,17831,17828
17753,17828,17831
17754,17828,17753
17832,17770,17828
17828,17754,17832
17832,17754,17757
17770,17832,17767
17757,17767,17832
17831,17830,17833
17831,17834,17835
17833,17834,17831
17752,17753,17831
17836,17831,17835
17831,17836,17752
17830,17837,17833
17838,17833,17837
17833,17838,17834
17834,17838,17839
17839,17838,17837
17839,17840,17841
17840,17839,17837
17839,17841,17834
17841,17840,17842
17835,17834,17841
17841,17843,17844
17843,17841,17845
17841,17844,17835
17842,17845,17841
17846,17847,17845
17845,17847,17848
17845,17842,17846
17848,17849,17845
17843,17845,17849
17848,17850,17849
17664,17849,17850
17851,17849,17664
17849,17851,17843
17852,17843,17851
17664,17665,17851
17666,17851,17665
17851,17666,17852
17852,17666,17853
17854,17852,17855
17843,17852,17854
17852,17856,17855
17852,17853,17856
17854,17855,17857
17857,17855,17856
17858,17859,17857
17858,17857,17856
17854,17857,17859
17860,17859,17858
17859,17861,17854
17860,17861,17859
17860,17858,17862
17860,17862,17863
17860,17864,17836
17864,17860,17863
17861,17860,17865
17836,17865,17860
17865,17835,17844
17844,17861,17865
17835,17865,17836
17863,17866,17864
17866,17863,17862
17866,17862,17858
15891,17866,17858
17866,15891,17751
17751,17864,17866
17752,17836,17864
17864,17751,17752
17854,17861,17844
17856,15890,17858
17858,15890,15891
17666,17669,17853
17853,17669,17856
17856,17670,17867
17670,17856,17669
17868,17869,17856
17856,17869,17870
17867,17868,17856
15890,17856,17871
17872,17856,17870
17872,17873,17856
17873,17871,17856
17874,17871,15885
17875,15885,17871
17871,17873,17875
17871,17874,15890
17874,15887,15890
15887,17874,15886
15885,15886,17874
15884,15885,17875
15884,17875,17876
17876,17875,17873
17877,15884,17876
17877,17876,17872
17873,17872,17876
17877,17878,15884
17878,17877,17870
17872,17870,17877
15884,17878,17879
17879,17878,17869
17870,17869,17878
15884,17879,17880
17880,17879,17868
17869,17868,17879
17880,17679,15884
17679,17880,17867
17868,17867,17880
17867,17670,17679
17844,17843,17854
17850,17662,17664
17881,17662,17850
17850,17848,17881
17882,17661,17881
17881,17883,17882
17884,17881,17885
17883,17881,17884
17662,17881,17661
17885,17881,17886
17881,17830,17829
17830,17881,17837
17846,17837,17881
17881,17887,17886
17881,17888,17887
17888,17881,17829
17881,17847,17846
17848,17847,17881
17887,17888,17889
17829,17890,17888
17888,17890,17891
17891,17889,17888
17889,17891,17814
17891,17892,17814
17892,17891,17890
17890,17829,17892
17892,17829,17893
17893,17814,17892
17815,17893,17829
17814,17893,17815
17894,17889,17895
17814,17895,17889
17889,17894,17887
17894,17895,17886
17886,17887,17894
17896,17895,17897
17813,17897,17895
17886,17895,17896
17895,17814,17813
17897,17884,17896
17885,17896,17884
17896,17885,17886
17898,17899,17897
17813,17898,17897
17882,17897,17900
17900,17897,17901
17902,17884,17897
17902,17897,17882
17903,17901,17897
17897,17904,17903
17897,17899,17904
17905,17901,17903
17905,17903,17904
17901,17905,17579
17906,17905,17904
17579,17905,17907
17907,17905,17906
17906,17908,17907
17909,17908,17906
17906,17910,17909
17910,17906,17899
17906,17904,17899
17910,17898,17911
17910,17899,17898
17912,17910,17911
17909,17910,17912
17912,17913,17909
17912,17914,17913
17914,17912,17915
17915,17912,17916
17912,17813,17917
17912,17911,17813
17912,17917,17916
17812,17916,17917
17916,17812,17915
17812,17917,17813
17914,17915,17918
17810,17918,17915
17810,17915,17812
17914,17918,17919
17802,17919,17918
17802,17918,17810
17920,17921,17919
17919,15881,17920
17922,15881,17919
17919,17921,17914
17919,17802,17922
17508,17922,17923
17922,17508,15881
17924,17923,17922
17922,17802,17924
17925,17923,17924
17924,17926,17925
17800,17926,17924
17924,17802,17800
17926,17800,17538
17927,17925,17926
17926,17538,17927
17538,17539,17927
17537,17927,17539
17927,17537,17533
17533,17925,17927
17923,17925,17533
17533,17928,17923
17923,17928,17508
17533,17929,17928
17508,17928,17929
17533,17534,17929
17508,17929,17534
17921,17913,17914
17930,17913,17921
17921,17920,17930
17931,17930,17920
17930,17931,17913
17932,17931,17920
17913,17931,17932
17932,17933,17934
17933,17932,15883
17920,15883,17932
17932,17934,17913
17934,17933,17935
17934,17936,17908
17935,17936,17934
17913,17934,17909
17908,17909,17934
17935,17933,15883
15883,17937,17935
17935,17937,17936
15884,17938,17937
15883,15884,17937
17937,17938,17936
17939,17938,15884
17936,17938,17939
17940,17939,15884
17939,17940,17907
17939,17907,17936
15884,17678,17940
17907,17940,17678
17907,17908,17936
15883,17920,15881
17813,17911,17898
17907,17578,17579
17578,17907,17678
17901,17580,17900
17579,17580,17901
17884,17902,17883
17882,17883,17902
17900,17661,17882
17661,17900,17580
17837,17846,17842
17842,17840,17837
17790,17788,17787
17781,17941,17783
17783,17941,17554
17942,17941,17943
17941,17944,17943
17941,17781,17944
17554,17941,17942
17942,17943,17945
17946,17942,17947
17942,17946,17554
17945,17947,17942
17948,17945,17943
17945,17948,17776
17945,17776,17947
17780,17948,17944
17943,17944,17948
17948,17780,17776
17947,17949,17946
17947,17776,17777
17777,17949,17947
17562,17946,17949
17950,17949,17777
17949,17950,17562
17951,17950,17777
17560,17562,17950
17950,17951,17560
17777,17952,17951
17951,17952,17561
17561,17560,17951
17613,17615,17952
17952,17615,17563
17563,17561,17952
17952,17777,17613
17554,17946,17562
17944,17781,17780
17953,17954,17777
17955,17777,17954
17956,17953,17777
17957,17613,17777
17955,17957,17777
17958,17777,17765
17777,17958,17959
17777,17959,17956
17955,17960,17961
17960,17955,17956
17953,17956,17955
17955,17954,17953
17955,17614,17957
17614,17955,17725
17961,17725,17955
17734,17731,17961
17734,17961,17960
17726,17725,17961
17961,17731,17726
17960,17759,17734
17759,17960,17958
17960,17959,17958
17960,17956,17959
17759,17958,17764
17765,17764,17958
17614,17613,17957
17763,17767,17757
17738,17734,17761
17739,17761,17756
17761,17739,17738
17756,17740,17739
17519,17748,17513
17738,17735,17734
17524,17962,17718
17963,17715,17718
17718,17962,17963
17715,17963,17532
17532,17963,17964
17964,17963,17962
17965,17964,17962
17965,17532,17964
17966,17965,17967
17965,17966,17532
17962,17967,17965
17962,17524,17967
17524,17527,17967
17967,17527,17966
17529,17966,17527
17966,17529,17532
17566,17711,17968
17968,17711,17547
17547,17553,17968
17558,17968,17553
17968,17558,17566
17546,17712,17532
17547,17712,17546
17607,17693,17606
17606,17693,17675
17685,17684,17674
17672,17673,17684
17673,17674,17684
17578,17680,17577
17678,15884,17679
17675,17676,17606
17605,17606,17676
17624,17658,17621
17575,17653,17652
17598,17969,17648
17648,17969,17583
17648,17575,17597
17597,17598,17648
17599,17970,17969
17969,17970,17583
17969,17598,17599
17600,17971,17970
17583,17970,17971
17970,17599,17600
17972,17971,17600
17971,17972,17583
17584,17972,17594
17583,17972,17584
17600,17594,17972
17652,17649,17651
17628,17627,17629
17628,17629,17630
17621,17623,17618
17608,17611,17614
17973,17597,17575
17597,17973,17565
17565,17973,17568
17575,17568,17973
17565,17564,17595
17553,17556,17558
17549,17543,17538
17538,17543,17540
17536,17512,17509
17509,17507,17536
17523,17515,17512
17512,17510,17509
17512,17511,17510
15888,15890,15887
17974,17975,17976
17976,17977,17974
17977,17976,17978
17979,17976,17975
17980,17978,17976
17979,17980,17976
17978,17980,17981
17980,17979,17982
17981,17980,17983
17984,17983,17980
17980,17982,17984
17985,17986,17983
17981,17983,17986
17983,17984,17987
17983,17987,17985
17985,17988,17989
17985,17987,17988
17990,17985,17989
17979,17985,17990
17985,17979,17986
17991,17989,17988
17989,17982,17990
17982,17989,17992
17989,17991,17992
17993,17991,17994
17994,17991,17988
17993,17992,17991
17993,17994,17995
17995,17996,17993
17992,17993,17996
17992,17996,17997
17998,17997,17996
17998,17996,17995
17999,17997,17998
17995,18000,17998
17998,18001,17999
18001,17998,18000
17997,17999,18002
18003,18002,17999
17999,18004,18003
17999,18005,18004
18005,17999,18006
18001,18006,17999
18005,18003,18004
18000,18007,18006
18006,18001,18000
18008,18005,18006
18008,18006,18007
18000,18009,18007
18009,18008,18007
18009,18010,18002
18009,18000,18010
18003,18009,18002
18009,18003,18011
18008,18009,18012
18009,18011,18012
18012,18011,18013
18011,18003,18005
18013,18011,18014
18014,18011,18005
18013,18015,18016
18014,18015,18013
18017,18018,18013
18013,18018,18012
18013,18016,18017
18018,18017,18016
18016,18015,18018
18019,18018,18015
18019,18012,18018
18019,18008,18012
18005,18019,18014
18005,18008,18019
18015,18014,18019
18010,17994,18020
18010,17995,17994
17997,18010,18020
17997,18002,18010
18000,17995,18010
17994,18021,18020
17997,18020,18021
18021,17994,17984
17984,17997,18021
17997,17984,17992
17987,17994,17988
17994,17987,17984
17982,17992,17984
17979,17990,17982
17986,17975,17974
17986,17979,17975
17981,17986,17974
17981,17977,17978
17977,17981,17974
18022,18023,18024
18022,18025,18023
18026,18025,18022
18024,18027,18022
18022,18027,18028
18028,18026,18022
18028,18024,18029
18027,18024,18028
18030,18031,18028
18031,18026,18028
18030,18028,18029
18024,18032,18029
18032,18030,18029
18032,18024,18023
18032,18023,18025
18033,18032,18026
18025,18026,18032
18034,18030,18032
18034,18032,18035
18032,18033,18035
18035,18031,18034
18030,18034,18031
18035,18033,18036
18026,18037,18033
18037,18036,18033
18038,18035,18036
18037,18039,18036
18039,18040,18036
18036,18040,18038
18038,18041,18042
18040,18041,18038
18043,18038,18042
18038,18043,18035
18043,18042,18044
18044,18042,18045
18042,18041,18046
18046,18047,18042
18045,18042,18047
18044,18045,18048
18048,18045,18047
18040,18044,18048
18049,18048,18050
18040,18048,18049
18051,18050,18048
18048,18047,18051
18051,18052,18053
18052,18051,18047
18054,18051,18055
18054,18050,18051
18053,18055,18051
18056,18055,18053
18053,18052,18056
18057,18056,18052
18058,18055,18056
18056,18057,18059
18059,18058,18056
18058,18060,18055
18059,18061,18058
18058,18062,18060
18062,18058,18061
18062,18061,18063
18061,18059,18063
18062,18063,18059
18060,18062,18055
18062,18064,18055
18062,18059,18064
18064,18054,18055
18065,18054,18064
18057,18064,18059
18064,18057,18065
18052,18065,18057
18065,18052,18049
18054,18065,18050
18049,18050,18065
18052,18047,18066
18049,18052,18066
18049,18066,18046
18047,18046,18066
18049,18046,18041
18041,18040,18049
18031,18043,18044
18037,18031,18044
18037,18044,18039
18039,18044,18040
18031,18035,18043
18031,18037,18026
18067,18024,18025
18068,18069,18070
18070,18071,18068
18072,18071,18070
18070,18069,18073
18070,18074,18072
18070,18073,18074
18071,18072,18075
18072,18074,18075
18071,18075,18068
18075,18076,18068
18075,18077,18076
18074,18078,18075
18079,18077,18075
18075,18080,18079
18080,18075,18078
18077,18079,18081
18082,18079,18080
18083,18079,18082
18079,18083,18081
18083,18082,18078
18084,18083,18078
18085,18081,18083
18083,18086,18085
18083,18087,18086
18084,18087,18083
18088,18087,18084
18086,18087,18089
18090,18087,18088
18090,18089,18087
18091,18089,18090
18092,18091,18090
18090,18088,18092
18093,18089,18091
18094,18091,18092
18094,18093,18091
18095,18096,18094
18093,18094,18096
18094,18097,18095
18098,18097,18094
18094,18092,18098
18095,18097,18099
18099,18097,18098
18099,18100,18095
18099,18098,18101
18101,18100,18099
18101,18098,18100
18102,18095,18100
18102,18100,18098
18096,18095,18102
18103,18096,18102
18102,18098,18092
18102,18092,18103
18103,18104,18105
18093,18103,18105
18103,18092,18088
18093,18096,18103
18104,18103,18088
18104,18106,18105
18106,18104,18088
18088,18084,18106
18106,18084,18107
18106,18107,18108
18105,18106,18086
18086,18106,18108
18108,18107,18081
18081,18086,18108
18107,18084,18109
18107,18109,18081
18110,18077,18109
18077,18081,18109
18110,18109,18078
18078,18109,18084
18074,18110,18078
18074,18073,18110
18073,18077,18110
18093,18105,18089
18089,18105,18086
18081,18085,18086
18082,18080,18078
18073,18076,18077
18069,18068,18076
18076,18073,18069
18111,18112,18113
18111,18114,18112
18111,18115,18114
18115,18111,18116
18113,18116,18111
18115,18116,18117
18117,18116,18118
18116,18119,18118
18116,18113,18119
18119,18120,18118
18119,18121,18122
18119,18123,18121
18122,18120,18119
18113,18123,18119
18123,18112,18124
18123,18113,18112
18124,18125,18123
18123,18125,18121
18124,18117,18125
18125,18117,18118
18126,18121,18125
18126,18125,18118
18127,18128,18126
18126,18129,18127
18118,18129,18126
18128,18121,18126
18128,18122,18121
18122,18128,18130
18131,18130,18128
18132,18128,18127
18128,18132,18131
18131,18133,18130
18134,18133,18131
18135,18131,18136
18136,18131,18132
18131,18135,18134
18133,18134,18137
18134,18138,18139
18139,18140,18134
18137,18134,18140
18138,18134,18141
18134,18135,18141
18134,18142,18143
18134,18144,18142
18144,18134,18145
18134,18143,18145
18143,18146,18145
18145,18147,18144
18147,18145,18148
18148,18145,18149
18150,18151,18145
18151,18149,18145
18145,18146,18150
18152,18150,18146
18152,18146,18153
18154,18153,18146
18143,18154,18146
18154,18143,18142
18142,18155,18154
18156,18147,18154
18154,18155,18156
18153,18154,18147
18157,18155,18142
18157,18158,18155
18156,18155,18158
18144,18158,18159
18144,18156,18158
18160,18158,18157
18160,18159,18158
18159,18160,18161
18162,18163,18159
18163,18157,18159
18159,18161,18162
18142,18159,18157
18159,18142,18144
18162,18164,18163
18162,18161,18165
18165,18164,18162
18166,18165,18161
18164,18165,18166
18161,18167,18166
18166,18167,18164
18160,18167,18161
18164,18167,18160
18160,18163,18164
18160,18157,18163
18147,18156,18144
18153,18149,18152
18149,18153,18147
18168,18169,18152
18152,18170,18168
18170,18152,18171
18150,18152,18169
18152,18149,18171
18170,18171,18172
18173,18172,18171
18173,18171,18151
18151,18171,18149
18173,18174,18172
18173,18175,18174
18173,18176,18175
18176,18173,18150
18151,18150,18173
18176,18168,18177
18168,18176,18169
18150,18169,18176
18177,18175,18176
18178,18177,18168
18177,18178,18179
18180,18177,18179
18177,18180,18175
18174,18180,18181
18174,18175,18180
18179,18181,18180
18181,18179,18182
18181,18182,18183
18183,18184,18181
18181,18184,18174
18178,18184,18185
18183,18185,18184
18184,18172,18174
18172,18184,18178
18178,18185,18186
18186,18185,18187
18185,18188,18187
18183,18188,18185
18187,18188,18182
18182,18188,18183
18187,18182,18179
18187,18179,18186
18186,18179,18178
18172,18178,18168
18172,18168,18170
18149,18147,18148
18141,18189,18190
18141,18135,18189
18190,18138,18141
18191,18190,18189
18138,18190,18192
18193,18190,18191
18193,18192,18190
18194,18195,18192
18192,18193,18194
18139,18192,18195
18138,18192,18139
18195,18196,18139
18194,18197,18195
18195,18197,18196
18197,18194,18198
18199,18196,18197
18199,18197,18198
18198,18196,18199
18198,18194,18196
18139,18196,18200
18200,18196,18194
18200,18201,18139
18200,18194,18193
18200,18193,18201
18136,18201,18189
18201,18191,18189
18139,18201,18140
18136,18140,18201
18191,18201,18193
18189,18135,18136
18140,18136,18202
18137,18140,18202
18202,18127,18133
18202,18133,18137
18136,18132,18202
18127,18202,18132
18203,18130,18133
18133,18127,18203
18203,18129,18130
18203,18127,18129
18120,18122,18130
18120,18130,18129
18118,18120,18129
18114,18117,18124
18124,18112,18114
18117,18114,18115
18204,18205,18206
18206,18207,18204
18206,18208,18207
18208,18206,18205
18209,18206,18210
18209,18211,18206
18206,18211,18212
18212,18210,18206
18212,18205,18210
18209,18210,18205
18212,18213,18214
18213,18212,18215
18211,18215,18212
18216,18212,18217
18212,18214,18217
18212,18216,18205
18215,18218,18213
18218,18215,18219
18215,18211,18219
18220,18219,18211
18221,18218,18219
18219,18220,18221
18222,18223,18221
18221,18214,18222
18224,18214,18221
18221,18223,18225
18225,18218,18221
18221,18220,18226
18221,18226,18227
18227,18224,18221
18226,18211,18209
18211,18226,18220
18228,18217,18226
18217,18214,18226
18229,18227,18226
18226,18214,18229
18209,18228,18226
18217,18228,18230
18209,18225,18228
18228,18225,18223
18231,18228,18223
18231,18230,18228
18230,18231,18232
18232,18233,18230
18217,18230,18216
18216,18230,18233
18234,18233,18232
18233,18234,18216
18232,18235,18234
18216,18234,18205
18235,18205,18234
18231,18204,18235
18204,18236,18235
18236,18209,18235
18235,18209,18205
18231,18235,18232
18225,18236,18218
18218,18236,18207
18236,18204,18207
18225,18209,18236
18231,18222,18204
18222,18231,18223
18229,18237,18238
18229,18239,18237
18224,18239,18229
18229,18238,18224
18214,18240,18229
18227,18229,18240
18227,18240,18239
18214,18239,18240
18239,18238,18237
18239,18224,18238
18214,18241,18239
18227,18239,18241
18227,18241,18237
18214,18237,18241
18224,18237,18214
18237,18224,18227
18204,18222,18214
18208,18213,18218
18218,18207,18208
18213,18204,18214
18204,18213,18208
18205,18204,18208
18242,18243,18244
18244,18245,18242
18246,18245,18244
18247,18244,18243
18247,18246,18244
18246,18247,18248
18246,18248,18249
18245,18246,18250
18250,18246,18251
18249,18251,18246
18249,18248,18252
18253,18251,18249
18249,18254,18253
18249,18252,18254
18255,18252,18248
18252,18255,18256
18256,18254,18252
18257,18256,18255
18257,18258,18256
18258,18254,18256
18258,18257,18259
18260,18254,18258
18261,18260,18258
18261,18258,18262
18258,18259,18262
18259,18263,18262
18257,18264,18259
18263,18259,18265
18265,18259,18266
18259,18264,18266
18265,18266,18267
18267,18263,18265
18267,18268,18269
18267,18269,18263
18267,18270,18271
18270,18267,18266
18272,18268,18267
18272,18267,18271
18272,18273,18268
18271,18274,18272
18275,18273,18272
18276,18272,18274
18275,18272,18276
18276,18274,18275
18277,18273,18275
18274,18277,18275
18278,18273,18277
18277,18274,18278
18273,18278,18268
18268,18278,18279
18271,18278,18274
18270,18278,18271
18278,18270,18279
18279,18269,18268
18279,18263,18269
18280,18279,18281
18279,18270,18281
18263,18279,18280
18261,18282,18280
18263,18280,18282
18283,18261,18280
18264,18283,18280
18281,18264,18280
18283,18257,18255
18255,18284,18283
18257,18283,18264
18261,18283,18285
18253,18285,18283
18253,18283,18284
18286,18251,18284
18251,18253,18284
18286,18284,18255
18255,18248,18286
18248,18287,18286
18251,18286,18288
18286,18287,18288
18288,18287,18242
18243,18242,18287
18243,18287,18247
18247,18287,18248
18242,18250,18288
18288,18250,18251
18253,18260,18285
18261,18285,18260
18282,18262,18263
18262,18282,18261
18264,18281,18270
18266,18264,18270
18253,18254,18260
18242,18245,18250
18289,18290,18291
18290,18292,18291
18293,18292,18290
18290,18289,18293
18289,18294,18295
18295,18293,18289
18289,18296,18294
18289,18291,18296
18296,18291,18297
18298,18296,18297
18299,18294,18296
18299,18296,18298
18297,18292,18298
18300,18299,18298
18300,18298,18292
18295,18300,18292
18301,18300,18295
18299,18300,18302
18300,18301,18302
18301,18303,18304
18303,18301,18305
18305,18301,18295
18304,18306,18301
18306,18302,18301
18304,18307,18308
18307,18304,18303
18308,18309,18304
18309,18306,18304
18309,18310,18306
18310,18309,18311
18312,18311,18309
18309,18313,18312
18313,18309,18308
18312,18314,18315
18314,18312,18313
18315,18316,18312
18316,18317,18312
18317,18311,18312
18318,18311,18317
18317,18316,18319
18319,18320,18317
18317,18320,18321
18317,18321,18318
18307,18322,18321
18321,18308,18307
18322,18318,18321
18308,18321,18320
18323,18322,18307
18322,18310,18311
18310,18322,18324
18324,18322,18323
18322,18311,18318
18303,18323,18307
18323,18303,18325
18325,18326,18323
18326,18302,18323
18306,18323,18302
18323,18306,18324
18326,18325,18294
18294,18299,18326
18302,18326,18299
18303,18305,18325
18305,18294,18325
18324,18306,18310
18319,18327,18320
18327,18314,18320
18308,18320,18314
18328,18327,18319
18328,18329,18327
18314,18327,18329
18330,18331,18328
18330,18328,18319
18332,18328,18331
18332,18329,18328
18333,18331,18330
18332,18331,18334
18331,18333,18334
18335,18334,18336
18334,18335,18332
18333,18336,18334
18337,18335,18336
18336,18333,18338
18336,18338,18337
18335,18337,18338
18335,18338,18330
18338,18333,18330
18335,18330,18332
18332,18315,18329
18332,18330,18315
18319,18315,18330
18329,18315,18314
18315,18319,18316
18308,18314,18313
18295,18294,18305
18291,18292,18297
18295,18292,18293
18339,18340,18341
18340,18342,18341
18343,18342,18340
18340,18344,18343
18339,18344,18340
18345,18339,18341
18344,18339,18346
18347,18339,18345
18347,18348,18339
18339,18348,18346
18347,18349,18348
18350,18346,18348
18348,18349,18351
18350,18348,18352
18351,18352,18348
18353,18352,18351
18354,18352,18353
18352,18354,18355
18356,18357,18352
18356,18352,18358
18355,18359,18352
18358,18352,18359
18360,18352,18361
18352,18360,18350
18352,18362,18361
18357,18363,18352
18352,18363,18364
18364,18365,18352
18365,18366,18352
18352,18366,18362
18359,18367,18358
18368,18358,18367
18358,18368,18356
18367,18369,18368
18357,18356,18368
18368,18369,18357
18370,18369,18367
18369,18370,18371
18372,18369,18373
18373,18369,18371
18369,18372,18374
18374,18375,18369
18369,18376,18377
18377,18378,18369
18357,18369,18378
18369,18379,18376
18380,18379,18369
18369,18375,18380
18381,18382,18375
18375,18382,18383
18381,18375,18374
18383,18380,18375
18384,18383,18382
18383,18384,18380
18385,18384,18382
18386,18387,18384
18384,18385,18386
18384,18387,18376
18376,18379,18384
18384,18379,18380
18385,18388,18386
18385,18389,18388
18390,18389,18385
18391,18390,18385
18392,18385,18382
18391,18385,18392
18393,18391,18394
18394,18391,18395
18390,18391,18393
18392,18395,18391
18396,18397,18391
18391,18398,18396
18398,18391,18399
18400,18391,18397
18401,18399,18391
18391,18402,18401
18391,18403,18402
18391,18404,18403
18391,18400,18404
18401,18393,18399
18398,18399,18393
18400,18403,18401
18400,18405,18403
18400,18397,18395
18400,18395,18406
18400,18407,18405
18408,18400,18409
18410,18409,18400
18411,18400,18412
18411,18413,18400
18414,18400,18413
18415,18416,18400
18415,18400,18417
18418,18417,18400
18416,18419,18400
18400,18420,18418
18400,18401,18421
18400,18421,18407
18408,18404,18400
18412,18400,18414
18420,18400,18419
18400,18406,18410
18420,18403,18422
18420,18419,18403
18420,18423,18424
18420,18410,18423
18420,18425,18426
18420,18427,18425
18420,18428,18429
18429,18430,18420
18420,18407,18431
18407,18420,18432
18424,18433,18420
18434,18435,18420
18420,18436,18434
18437,18432,18420
18410,18420,18438
18433,18438,18420
18439,18418,18420
18420,18440,18439
18440,18420,18435
18441,18420,18442
18441,18443,18420
18443,18444,18420
18420,18422,18401
18420,18401,18427
18420,18445,18446
18420,18426,18445
18420,18447,18448
18420,18446,18447
18420,18449,18450
18420,18448,18449
18420,18451,18436
18420,18450,18451
18437,18420,18452
18431,18452,18420
18444,18442,18420
18420,18453,18454
18454,18455,18420
18420,18455,18453
18420,18456,18457
18456,18420,18458
18420,18457,18458
18420,18430,18428
18433,18407,18438
18410,18438,18407
18444,18407,18442
18441,18442,18407
18434,18429,18428
18434,18428,18430
18429,18434,18430
18459,18458,18457
18459,18457,18456
18451,18459,18456
18451,18434,18459
18458,18459,18434
18456,18458,18434
18434,18451,18456
18460,18454,18453
18460,18453,18455
18460,18461,18454
18460,18462,18461
18462,18460,18429
18455,18429,18460
18434,18454,18461
18434,18461,18462
18454,18434,18462
18454,18462,18429
18454,18429,18455
18431,18451,18452
18437,18452,18451
18443,18451,18444
18407,18444,18451
18449,18451,18431
18431,18463,18449
18431,18407,18463
18447,18449,18463
18463,18407,18464
18463,18464,18447
18464,18465,18445
18464,18407,18465
18445,18447,18464
18432,18465,18407
18432,18445,18465
18449,18437,18451
18449,18445,18437
18437,18445,18432
18466,18436,18451
18466,18434,18436
18467,18466,18451
18434,18466,18468
18469,18468,18466
18466,18467,18469
18467,18451,18470
18471,18467,18472
18473,18472,18467
18467,18474,18475
18467,18475,18473
18469,18467,18471
18474,18467,18449
18467,18470,18449
18473,18476,18472
18476,18473,18475
18477,18472,18476
18475,18478,18476
18476,18478,18477
18475,18479,18478
18439,18477,18478
18480,18481,18478
18478,18479,18480
18478,18482,18439
18478,18481,18482
18481,18480,18483
18416,18482,18481
18481,18484,18416
18485,18484,18481
18486,18485,18481
18483,18486,18481
18401,18485,18486
18401,18486,18483
18480,18479,18483
18401,18483,18487
18487,18483,18479
18487,18427,18401
18487,18425,18427
18479,18425,18487
18485,18422,18403
18403,18484,18485
18485,18401,18422
18416,18484,18403
18415,18439,18482
18482,18416,18415
18479,18475,18488
18488,18425,18479
18489,18488,18474
18474,18488,18475
18447,18488,18489
18488,18446,18445
18488,18447,18446
18488,18426,18425
18488,18445,18426
18474,18449,18489
18489,18448,18447
18489,18449,18448
18472,18477,18471
18471,18477,18439
18470,18451,18450
18470,18450,18449
18490,18491,18471
18491,18469,18471
18471,18490,18490
18439,18490,18471
18490,18490,18492
18490,18439,18440
18440,18493,18490
18493,18492,18490
18492,18468,18491
18491,18490,18492
18434,18468,18492
18434,18492,18493
18429,18493,18440
18493,18429,18494
18493,18494,18434
18435,18434,18494
18435,18494,18429
18468,18469,18491
18495,18451,18496
18497,18496,18451
18443,18498,18451
18451,18447,18499
18447,18451,18498
18451,18499,18445
18451,18445,18500
18451,18500,18407
18495,18501,18451
18502,18451,18501
18451,18502,18503
18451,18503,18497
18504,18503,18502
18504,18497,18503
18497,18504,18505
18506,18505,18504
18504,18507,18506
18504,18502,18508
18410,18396,18504
18507,18504,18396
18504,18509,18510
18504,18510,18373
18504,18508,18509
18504,18373,18511
18504,18511,18424
18504,18424,18423
18504,18423,18410
18502,18509,18370
18512,18509,18502
18373,18509,18512
18371,18509,18373
18371,18370,18509
18434,18509,18508
18509,18434,18513
18429,18510,18509
18509,18513,18429
18407,18429,18513
18407,18513,18434
18514,18394,18512
18512,18515,18514
18512,18502,18497
18512,18497,18516
18424,18512,18394
18512,18424,18373
18516,18515,18512
18517,18515,18516
18518,18515,18517
18514,18515,18519
18520,18515,18518
18515,18520,18519
18514,18519,18521
18521,18519,18520
18517,18514,18521
18517,18521,18520
18520,18518,18517
18517,18516,18522
18522,18523,18517
18517,18523,18514
18344,18514,18523
18523,18343,18344
18343,18523,18522
18522,18516,18343
18516,18345,18343
18497,18345,18516
18394,18514,18344
18524,18506,18507
18507,18525,18526
18507,18526,18524
18527,18507,18396
18525,18507,18527
18525,18528,18394
18394,18529,18525
18525,18530,18531
18531,18524,18525
18525,18532,18530
18525,18524,18532
18527,18533,18525
18525,18533,18528
18529,18534,18525
18534,18526,18525
18535,18506,18534
18524,18534,18506
18534,18524,18526
18529,18536,18534
18535,18534,18536
18537,18506,18535
18536,18538,18535
18539,18535,18538
18535,18539,18537
18506,18537,18505
18537,18536,18505
18536,18537,18539
18539,18538,18540
18540,18538,18536
18539,18540,18536
18536,18529,18505
18447,18505,18529
18529,18394,18445
18529,18445,18541
18529,18541,18447
18407,18541,18445
18407,18447,18541
18398,18533,18527
18528,18533,18398
18398,18394,18528
18532,18542,18531
18531,18530,18532
18542,18532,18524
18531,18542,18524
18527,18396,18398
18429,18511,18373
18429,18424,18511
18434,18508,18502
18429,18373,18510
18505,18543,18449
18497,18505,18449
18505,18447,18543
18407,18449,18543
18407,18543,18447
18544,18347,18497
18497,18347,18345
18545,18497,18502
18355,18544,18497
18497,18545,18355
18497,18449,18496
18502,18367,18545
18545,18367,18359
18359,18355,18545
18354,18546,18544
18347,18544,18546
18544,18355,18354
18353,18546,18354
18347,18546,18353
18370,18367,18502
18502,18501,18434
18495,18434,18501
18495,18496,18449
18434,18495,18407
18449,18407,18495
18547,18407,18500
18547,18500,18445
18441,18407,18547
18441,18547,18447
18547,18445,18499
18547,18499,18447
18443,18449,18498
18498,18449,18548
18498,18548,18447
18441,18447,18548
18441,18548,18449
18449,18447,18445
18441,18449,18443
18394,18549,18445
18401,18445,18550
18425,18550,18445
18401,18425,18445
18407,18445,18549
18394,18425,18549
18407,18549,18425
18550,18551,18407
18550,18425,18551
18550,18552,18401
18550,18407,18552
18551,18401,18552
18551,18552,18407
18401,18551,18425
18440,18435,18429
18439,18415,18407
18439,18407,18418
18407,18433,18429
18424,18429,18433
18394,18410,18424
18373,18424,18372
18372,18424,18410
18425,18394,18553
18407,18425,18554
18555,18554,18425
18425,18553,18555
18555,18394,18556
18555,18393,18394
18556,18393,18555
18398,18555,18553
18398,18557,18555
18401,18555,18557
18555,18401,18554
18555,18388,18558
18388,18555,18559
18555,18558,18559
18556,18559,18558
18556,18558,18388
18388,18559,18556
18398,18393,18557
18401,18557,18393
18556,18560,18561
18560,18556,18394
18556,18389,18393
18389,18556,18562
18561,18563,18556
18563,18562,18556
18563,18388,18562
18389,18562,18388
18563,18386,18388
18386,18563,18564
18565,18564,18563
18563,18561,18565
18566,18565,18561
18567,18565,18566
18565,18567,18564
18568,18566,18569
18569,18566,18570
18570,18566,18561
18568,18571,18566
18566,18572,18567
18566,18573,18572
18566,18571,18573
18574,18575,18571
18574,18571,18568
18575,18576,18571
18576,18573,18571
18577,18360,18576
18578,18577,18576
18579,18576,18362
18362,18576,18580
18360,18580,18576
18573,18576,18579
18578,18576,18575
18577,18578,18581
18346,18581,18578
18578,18574,18346
18575,18574,18578
18577,18581,18350
18346,18350,18581
18362,18366,18579
18573,18579,18582
18582,18579,18366
18365,18573,18582
18582,18366,18365
18580,18361,18362
18580,18360,18361
18350,18360,18577
18568,18569,18574
18574,18569,18346
18583,18573,18584
18573,18583,18585
18586,18584,18573
18573,18585,18586
18587,18573,18365
18587,18588,18573
18572,18573,18588
18586,18387,18583
18583,18564,18586
18572,18588,18586
18572,18586,18564
18586,18587,18589
18586,18589,18387
18586,18585,18584
18587,18586,18588
18590,18377,18589
18387,18589,18377
18590,18589,18587
18590,18591,18377
18592,18591,18590
18590,18587,18592
18593,18590,18594
18593,18595,18590
18595,18596,18590
18596,18597,18590
18597,18594,18590
18597,18591,18594
18593,18594,18591
18597,18596,18595
18598,18597,18599
18598,18600,18597
18600,18601,18597
18602,18603,18597
18602,18597,18604
18604,18597,18605
18603,18605,18597
18606,18607,18597
18606,18597,18608
18609,18608,18597
18599,18597,18601
18610,18611,18597
18597,18593,18610
18597,18595,18612
18597,18612,18613
18614,18597,18611
18597,18614,18593
18609,18597,18615
18607,18615,18597
18591,18597,18613
18591,18613,18593
18593,18613,18612
18613,18616,18595
18613,18595,18617
18618,18619,18613
18618,18613,18620
18613,18621,18620
18622,18621,18613
18613,18623,18622
18602,18623,18613
18619,18624,18613
18625,18613,18626
18625,18627,18613
18616,18613,18627
18626,18613,18624
18602,18613,18603
18613,18617,18596
18596,18603,18613
18613,18598,18628
18598,18613,18600
18613,18628,18600
18601,18600,18628
18601,18628,18598
18629,18596,18617
18629,18617,18595
18595,18630,18629
18629,18630,18631
18596,18629,18604
18604,18629,18632
18629,18631,18632
18631,18633,18632
18602,18632,18633
18632,18602,18604
18633,18631,18618
18618,18602,18633
18593,18618,18631
18630,18593,18631
18630,18595,18616
18630,18616,18593
18616,18627,18593
18624,18634,18626
18624,18619,18634
18619,18618,18634
18634,18618,18626
18635,18626,18618
18635,18625,18626
18625,18635,18618
18625,18593,18627
18625,18618,18593
18620,18623,18602
18636,18623,18620
18622,18623,18636
18636,18620,18622
18622,18620,18621
18602,18618,18620
18601,18637,18599
18593,18599,18637
18598,18599,18593
18601,18598,18637
18593,18637,18598
18607,18593,18615
18609,18615,18593
18610,18596,18611
18614,18611,18596
18603,18596,18605
18604,18605,18596
18606,18596,18607
18593,18607,18596
18609,18596,18606
18596,18609,18593
18609,18606,18595
18609,18595,18608
18614,18596,18638
18614,18638,18595
18614,18595,18639
18614,18639,18593
18610,18639,18595
18610,18593,18639
18610,18638,18596
18610,18595,18638
18593,18612,18595
18606,18608,18595
18640,18641,18592
18592,18641,18591
18642,18592,18587
18592,18642,18643
18643,18644,18592
18592,18644,18645
18592,18645,18640
18645,18646,18647
18646,18645,18648
18640,18645,18644
18645,18649,18650
18650,18648,18645
18647,18649,18645
18647,18646,18651
18647,18652,18644
18647,18643,18652
18647,18651,18643
18644,18649,18647
18653,18651,18646
18653,18643,18651
18653,18646,18654
18653,18654,18655
18653,18655,18656
18653,18656,18657
18657,18658,18653
18659,18653,18658
18643,18653,18659
18640,18654,18646
18640,18655,18654
18660,18659,18658
18659,18660,18650
18659,18661,18643
18659,18650,18661
18644,18661,18650
18661,18644,18652
18661,18652,18643
18650,18660,18657
18658,18657,18660
18656,18655,18662
18656,18663,18657
18664,18663,18656
18656,18662,18665
18666,18664,18656
18656,18667,18666
18667,18656,18668
18656,18665,18668
18664,18669,18667
18667,18670,18664
18664,18666,18671
18664,18671,18663
18672,18664,18670
18669,18664,18672
18670,18673,18672
18669,18672,18666
18666,18672,18673
18670,18669,18673
18666,18673,18669
18667,18669,18670
18671,18655,18674
18655,18671,18662
18671,18674,18663
18662,18671,18665
18667,18665,18671
18671,18666,18667
18640,18674,18655
18674,18675,18663
18674,18640,18675
18650,18663,18675
18650,18675,18640
18667,18668,18665
18640,18663,18641
18663,18655,18641
18644,18655,18663
18644,18663,18640
18663,18650,18657
18643,18646,18655
18641,18655,18646
18655,18644,18643
18649,18644,18650
18650,18640,18648
18646,18648,18640
18646,18642,18641
18646,18643,18642
18641,18642,18364
18587,18364,18642
18641,18364,18377
18641,18377,18591
18587,18365,18364
18583,18584,18585
18564,18583,18386
18387,18386,18583
18564,18567,18572
18386,18676,18572
18572,18677,18386
18677,18572,18678
18678,18572,18676
18676,18677,18679
18564,18679,18677
18386,18677,18676
18677,18678,18564
18564,18678,18679
18676,18679,18678
18561,18560,18570
18570,18560,18680
18680,18569,18570
18394,18680,18560
18346,18680,18394
18346,18569,18680
18398,18553,18394
18407,18554,18401
18410,18395,18681
18395,18410,18394
18410,18681,18372
18396,18410,18406
18410,18407,18409
18395,18382,18681
18681,18382,18381
18372,18681,18374
18374,18681,18381
18407,18403,18414
18403,18407,18411
18405,18407,18421
18418,18407,18417
18415,18417,18407
18411,18407,18413
18414,18413,18407
18408,18409,18407
18401,18408,18407
18396,18406,18395
18412,18414,18403
18416,18403,18419
18412,18403,18682
18412,18682,18401
18411,18412,18401
18411,18682,18403
18411,18401,18682
18408,18402,18403
18408,18403,18404
18408,18401,18402
18405,18421,18401
18401,18403,18405
18396,18395,18397
18392,18382,18395
18393,18389,18390
18344,18346,18394
18387,18377,18376
18378,18363,18357
18363,18378,18377
18377,18364,18363
18351,18349,18353
18353,18349,18347
18341,18343,18345
18343,18341,18342
18683,18684,18685
18683,18686,18684
18687,18686,18683
18688,18683,18685
18683,18688,18687
18689,18687,18688
18688,18690,18691
18691,18689,18688
18690,18688,18685
18692,18690,18684
18690,18685,18684
18693,18690,18692
18690,18693,18694
18690,18694,18691
18694,18695,18696
18694,18693,18695
18696,18691,18694
18691,18696,18697
18696,18698,18697
18698,18696,18695
18699,18697,18698
18698,18700,18699
18700,18698,18701
18695,18701,18698
18702,18701,18695
18701,18702,18703
18704,18701,18703
18705,18701,18704
18701,18705,18706
18701,18706,18700
18707,18700,18706
18706,18705,18708
18708,18707,18706
18707,18709,18700
18710,18709,18707
18711,18707,18708
18707,18712,18710
18707,18711,18712
18713,18710,18714
18715,18714,18710
18712,18715,18710
18709,18710,18713
18716,18714,18715
18716,18715,18712
18714,18716,18717
18712,18718,18716
18718,18717,18716
18714,18717,18719
18717,18718,18720
18721,18719,18717
18717,18720,18721
18721,18720,18722
18721,18722,18723
18723,18719,18721
18724,18723,18725
18723,18724,18719
18726,18725,18723
18723,18722,18727
18727,18726,18723
18727,18728,18726
18729,18730,18726
18726,18730,18725
18731,18726,18728
18729,18726,18731
18731,18728,18729
18728,18732,18729
18732,18730,18729
18727,18733,18732
18722,18732,18733
18734,18730,18732
18732,18728,18727
18722,18734,18732
18734,18722,18720
18720,18718,18734
18718,18725,18734
18734,18725,18730
18722,18733,18727
18725,18718,18724
18718,18712,18724
18712,18711,18724
18719,18724,18711
18719,18708,18713
18719,18711,18708
18714,18719,18713
18713,18708,18735
18713,18735,18709
18705,18735,18708
18735,18704,18697
18697,18709,18735
18704,18735,18705
18709,18697,18699
18709,18699,18700
18704,18703,18697
18703,18689,18691
18691,18697,18703
18703,18702,18689
18687,18702,18693
18687,18689,18702
18693,18702,18695
18693,18692,18687
18687,18692,18686
18692,18684,18686
18736,18737,18738
18737,18739,18738
18737,18736,18739
18740,18737,18741
18740,18742,18737
18737,18742,18743
18743,18741,18737
18743,18736,18741
18740,18741,18736
18742,18744,18743
18745,18743,18744
18736,18743,18746
18743,18745,18747
18743,18747,18748
18748,18746,18743
18749,18746,18748
18746,18749,18750
18736,18746,18740
18740,18746,18750
18745,18750,18749
18751,18750,18738
18738,18750,18745
18750,18751,18740
18752,18751,18744
18744,18751,18739
18751,18753,18739
18752,18740,18751
18751,18738,18753
18745,18739,18753
18745,18753,18738
18752,18744,18754
18740,18752,18755
18754,18755,18752
18756,18755,18754
18754,18747,18756
18757,18747,18754
18754,18744,18758
18758,18759,18754
18754,18759,18760
18754,18760,18761
18761,18762,18754
18757,18754,18762
18763,18757,18762
18763,18764,18757
18765,18757,18764
18757,18765,18747
18747,18765,18766
18765,18762,18761
18761,18766,18765
18763,18762,18765
18764,18763,18765
18766,18767,18764
18747,18766,18764
18766,18763,18767
18763,18766,18761
18761,18767,18763
18761,18764,18767
18760,18747,18764
18764,18761,18760
18760,18742,18740
18742,18760,18759
18760,18755,18748
18748,18747,18760
18740,18755,18760
18759,18758,18742
18744,18742,18758
18749,18756,18747
18748,18756,18749
18748,18755,18756
18747,18745,18749
18745,18744,18739
18736,18738,18739
18768,18769,18770
18770,18771,18768
18772,18771,18770
18769,18772,18770
18769,18768,18773
18773,18774,18769
18769,18775,18772
18769,18774,18775
18776,18775,18774
18775,18776,18777
18775,18777,18778
18778,18772,18775
18778,18777,18779
18780,18778,18781
18781,18778,18782
18778,18779,18782
18778,18780,18772
18779,18783,18782
18784,18782,18783
18782,18784,18781
18774,18780,18784
18784,18776,18774
18780,18781,18784
18776,18784,18783
18783,18785,18786
18783,18786,18776
18787,18783,18779
18787,18785,18783
18787,18788,18785
18788,18786,18785
18786,18788,18789
18788,18790,18789
18788,18791,18792
18791,18788,18793
18793,18788,18787
18792,18790,18788
18790,18794,18789
18794,18790,18795
18790,18796,18797
18798,18795,18790
18790,18792,18798
18799,18800,18798
18798,18800,18796
18798,18792,18799
18798,18796,18795
18801,18800,18799
18802,18799,18792
18803,18799,18802
18803,18801,18799
18801,18803,18804
18803,18802,18805
18806,18804,18803
18803,18805,18806
18805,18807,18806
18807,18805,18808
18808,18805,18802
18809,18806,18807
18807,18808,18809
18806,18809,18810
18810,18809,18808
18804,18806,18810
18810,18811,18804
18802,18811,18810
18802,18810,18808
18801,18804,18811
18801,18811,18793
18792,18811,18802
18791,18811,18792
18811,18791,18793
18801,18793,18800
18787,18796,18800
18800,18793,18787
18794,18795,18796
18787,18794,18796
18794,18779,18812
18812,18789,18794
18779,18794,18787
18813,18786,18812
18812,18779,18813
18789,18812,18786
18813,18779,18786
18786,18777,18776
18777,18786,18779
18772,18780,18771
18780,18814,18771
18780,18774,18814
18771,18814,18768
18768,18814,18773
18774,18773,18814
18815,18816,18817
18817,18818,18815
18819,18818,18817
18816,18820,18817
18820,18819,18817
18816,18821,18820
18821,18822,18820
18820,18823,18819
18820,18822,18823
18823,18824,18825
18824,18823,18822
18823,18825,18819
18826,18827,18825
18825,18827,18819
18828,18829,18825
18829,18826,18825
18830,18828,18825
18830,18825,18824
18824,18831,18830
18832,18828,18830
18831,18832,18830
18833,18831,18834
18834,18831,18835
18831,18833,18836
18831,18836,18832
18831,18824,18837
18837,18835,18831
18828,18837,18829
18837,18838,18829
18839,18838,18837
18839,18837,18824
18840,18837,18828
18837,18840,18835
18840,18828,18841
18841,18835,18840
18832,18841,18828
18834,18835,18841
18841,18832,18842
18834,18841,18843
18842,18843,18841
18844,18842,18845
18845,18842,18832
18846,18843,18842
18846,18842,18847
18848,18847,18842
18842,18844,18848
18845,18849,18844
18844,18849,18848
18850,18848,18849
18850,18849,18851
18851,18849,18852
18849,18845,18833
18852,18849,18833
18843,18852,18833
18852,18843,18846
18852,18847,18853
18852,18846,18847
18854,18851,18852
18852,18853,18854
18851,18854,18850
18854,18853,18855
18854,18856,18850
18856,18854,18855
18857,18856,18855
18855,18853,18857
18857,18850,18856
18857,18853,18850
18858,18853,18847
18850,18853,18858
18850,18858,18848
18847,18848,18858
18836,18833,18845
18845,18832,18836
18843,18833,18834
18859,18838,18839
18838,18859,18827
18827,18826,18838
18829,18838,18826
18859,18819,18827
18839,18822,18859
18819,18859,18818
18815,18818,18859
18859,18822,18815
18839,18824,18822
18822,18821,18815
18816,18815,18821
18860,18861,18862
18860,18863,18861
18863,18860,18864
18865,18864,18860
18860,18866,18865
18866,18860,18862
18864,18865,18867
18868,18865,18866
18869,18867,18865
18869,18865,18870
18871,18870,18865
18865,18868,18871
18872,18868,18866
18872,18873,18868
18871,18868,18873
18874,18875,18873
18873,18875,18871
18873,18876,18874
18872,18876,18873
18874,18876,18877
18876,18878,18877
18878,18876,18879
18872,18879,18876
18879,18880,18881
18881,18878,18879
18872,18880,18879
18882,18883,18879
18883,18884,18879
18885,18879,18884
18879,18886,18882
18887,18886,18879
18879,18885,18887
18885,18888,18889
18888,18885,18884
18890,18887,18885
18885,18889,18890
18888,18891,18889
18892,18890,18889
18893,18889,18894
18895,18894,18889
18889,18893,18892
18891,18895,18889
18875,18886,18891
18895,18891,18886
18884,18875,18891
18884,18891,18888
18886,18887,18895
18887,18890,18895
18895,18890,18894
18893,18896,18892
18892,18896,18890
18896,18897,18898
18898,18899,18896
18897,18896,18893
18896,18899,18890
18894,18890,18899
18899,18893,18894
18893,18899,18898
18898,18897,18900
18893,18900,18897
18898,18900,18893
18886,18875,18901
18886,18901,18882
18902,18901,18875
18901,18902,18903
18901,18903,18882
18902,18904,18905
18906,18902,18905
18875,18907,18902
18904,18902,18907
18906,18903,18902
18906,18905,18908
18906,18909,18903
18910,18909,18906
18906,18908,18910
18911,18912,18908
18908,18905,18911
18912,18910,18908
18911,18913,18912
18910,18912,18913
18914,18913,18911
18915,18913,18914
18913,18916,18910
18917,18916,18913
18913,18915,18917
18918,18917,18915
18918,18915,18911
18911,18915,18914
18918,18919,18920
18918,18921,18919
18920,18917,18918
18911,18921,18918
18917,18920,18922
18922,18920,18923
18919,18923,18920
18923,18919,18924
18924,18917,18923
18923,18917,18922
18921,18924,18919
18924,18925,18917
18924,18921,18925
18917,18925,18916
18926,18925,18921
18925,18926,18916
18926,18911,18905
18921,18911,18926
18916,18926,18904
18926,18905,18904
18910,18916,18927
18916,18904,18927
18904,18909,18927
18910,18927,18909
18909,18904,18907
18907,18928,18909
18928,18903,18909
18907,18883,18928
18903,18928,18883
18907,18875,18884
18883,18907,18884
18903,18883,18882
18929,18880,18872
18929,18930,18880
18875,18880,18930
18880,18875,18931
18880,18931,18881
18931,18932,18933
18932,18931,18934
18875,18934,18931
18881,18931,18933
18935,18933,18932
18933,18935,18936
18881,18933,18937
18937,18933,18938
18933,18936,18939
18939,18938,18933
18940,18938,18941
18940,18937,18938
18938,18942,18941
18942,18938,18939
18943,18941,18942
18939,18943,18942
18944,18941,18943
18939,18944,18943
18941,18944,18936
18936,18944,18939
18941,18936,18940
18940,18936,18935
18940,18935,18945
18937,18940,18945
18945,18935,18946
18946,18881,18945
18937,18945,18881
18881,18946,18878
18877,18878,18946
18877,18946,18932
18932,18946,18935
18934,18877,18932
18875,18874,18934
18874,18877,18934
18871,18930,18870
18930,18929,18870
18875,18930,18871
18870,18929,18867
18866,18929,18872
18947,18867,18929
18862,18947,18929
18929,18866,18862
18947,18862,18861
18861,18948,18947
18948,18864,18947
18867,18947,18864
18948,18861,18863
18863,18864,18948
18870,18867,18869
18949,18950,18951
18950,18952,18951
18952,18950,18949
18953,18954,18950
18950,18955,18953
18955,18950,18956
18954,18956,18950
18955,18956,18949
18954,18949,18956
18954,18952,18957
18952,18954,18958
18954,18957,18959
18954,18960,18949
18954,18953,18958
18960,18954,18959
18960,18955,18949
18960,18961,18955
18962,18960,18959
18962,18963,18960
18963,18964,18960
18961,18960,18964
18961,18965,18951
18961,18951,18966
18965,18961,18964
18967,18961,18968
18968,18961,18966
18967,18955,18961
18955,18967,18969
18968,18969,18967
18969,18970,18955
18970,18969,18968
18953,18955,18970
18971,18963,18970
18970,18963,18962
18970,18962,18959
18970,18972,18973
18972,18970,18968
18970,18973,18971
18959,18974,18970
18970,18974,18953
18953,18974,18966
18966,18974,18968
18959,18975,18974
18968,18974,18975
18975,18963,18968
18963,18975,18957
18975,18959,18957
18976,18971,18973
18976,18973,18972
18971,18976,18963
18976,18977,18963
18977,18976,18972
18977,18972,18978
18977,18978,18979
18980,18963,18977
18977,18979,18980
18980,18979,18968
18968,18979,18978
18972,18979,18981
18972,18971,18979
18971,18981,18979
18972,18981,18980
18971,18980,18981
18968,18963,18980
18980,18971,18972
18968,18978,18972
18966,18958,18953
18966,18951,18958
18952,18965,18964
18949,18965,18952
18951,18965,18949
18957,18964,18963
18957,18952,18964
18951,18952,18958
18982,18983,18984
18984,18985,18982
18985,18984,18986
18987,18984,18983
18988,18984,18987
18986,18984,18989
18988,18989,18984
18989,18988,18990
18989,18991,18986
18991,18989,18992
18989,18990,18992
18990,18993,18992
18993,18990,18994
18990,18995,18994
18996,18995,18990
18988,18997,18990
18997,18996,18990
18998,18997,18999
18997,18988,18999
18996,18997,18998
18998,18999,19000
19000,18986,18998
18991,18998,18986
18991,18996,18998
18983,19000,18999
18986,19000,18982
19000,18983,18982
18987,18999,18988
18999,18987,18983
18996,18991,19001
19001,19002,18996
19002,19003,18996
18995,18996,19004
19005,19006,18996
18996,19003,19005
19006,19004,18996
19006,18994,19004
19004,18994,18995
19006,19007,18994
19007,19006,19008
19006,19009,19008
19006,19005,19009
19010,19008,19009
19009,19005,19010
19011,19012,19010
19011,19010,19013
19005,19013,19010
19008,19010,19014
19012,19014,19010
19014,19015,19008
19014,19012,19016
19017,19015,19014
19014,19016,19017
19015,19017,19018
19019,19017,19020
19020,19017,19016
19019,19018,19017
19018,19021,19015
19018,19022,19023
19021,19018,19023
19018,19019,19024
19024,19022,19018
19024,19025,19026
19024,19019,19025
19026,19022,19024
19025,19023,19026
19026,19023,19022
19023,19025,19020
19025,19019,19020
19027,19015,19021
19021,19023,19027
19028,19015,19027
19020,19027,19023
19029,19027,19020
19027,19029,19028
19028,19029,19030
19030,19015,19028
19007,19008,19030
19030,19008,19015
19012,19007,19030
19029,19012,19030
19029,19016,19012
19020,19016,19029
19012,19011,19007
18993,19031,19013
18993,19013,19005
19011,19013,19031
18993,18994,19031
19031,19007,19011
19007,19031,18994
19003,19002,18993
18993,19005,19003
18991,18993,19002
19001,18991,19002
18993,18991,18992
18986,18982,18985
19032,19033,19034
19034,19035,19032
19035,19034,19036
19033,19037,19034
19036,19034,19037
19037,19038,19039
19039,19036,19037
19038,19037,19033
19039,19038,19040
19038,19041,19040
19042,19041,19038
19038,19033,19042
19043,19044,19042
19043,19042,19033
19042,19045,19046
19042,19046,19041
19042,19044,19045
19044,19047,19048
19047,19044,19043
19049,19045,19044
19044,19048,19049
19050,19048,19047
19051,19048,19052
19052,19048,19050
19053,19054,19048
19054,19049,19048
19048,19055,19053
19055,19048,19056
19056,19048,19057
19051,19057,19048
19058,19059,19051
19051,19060,19058
19057,19051,19059
19051,19052,19060
19060,19061,19062
19062,19058,19060
19061,19060,19050
19060,19052,19050
19062,19061,19050
19062,19063,19064
19050,19063,19062
19064,19065,19062
19058,19062,19065
19066,19065,19064
19065,19066,19067
19067,19068,19065
19065,19068,19058
19068,19069,19058
19068,19070,19069
19070,19068,19071
19071,19068,19067
19072,19071,19073
19074,19071,19072
19071,19074,19075
19076,19071,19075
19071,19067,19073
19070,19071,19077
19078,19071,19079
19078,19077,19071
19071,19080,19079
19080,19071,19081
19082,19081,19071
19076,19082,19071
19083,19082,19076
19081,19082,19084
19083,19084,19082
19085,19086,19084
19084,19086,19081
19084,19087,19085
19084,19088,19087
19084,19083,19088
19089,19088,19090
19090,19088,19083
19088,19089,19091
19091,19087,19088
19092,19091,19089
19087,19091,19093
19091,19094,19093
19094,19091,19095
19092,19095,19091
19096,19095,19092
19095,19096,19094
19097,19098,19096
19094,19096,19098
19096,19092,19099
19097,19096,19100
19101,19100,19096
19102,19096,19103
19103,19096,19104
19105,19104,19096
19099,19105,19096
19096,19102,19101
19101,19106,19107
19101,19107,19108
19108,19100,19101
19109,19101,19102
19110,19106,19101
19101,19109,19110
19111,19110,19109
19102,19112,19109
19109,19112,19111
19111,19113,19110
19113,19111,19114
19112,19114,19111
19115,19113,19114
19114,19116,19115
19114,19112,19116
19117,19118,19116
19116,19119,19117
19116,19112,19120
19116,19120,19121
19115,19116,19118
19122,19123,19116
19123,19119,19116
19116,19121,19124
19116,19124,19122
19123,19122,19125
19126,19125,19122
19122,19127,19126
19127,19122,19128
19124,19129,19122
19130,19122,19129
19131,19122,19130
19128,19122,19131
19128,19132,19127
19131,19133,19128
19128,19133,19132
19134,19135,19132
19132,19135,19136
19136,19127,19132
19137,19138,19132
19134,19132,19138
19132,19133,19137
19136,19126,19127
19139,19126,19136
19136,19140,19139
19141,19140,19136
19141,19136,19135
19142,19140,19141
19141,19143,19142
19141,19144,19143
19135,19144,19141
19143,19144,19134
19144,19135,19134
19134,19142,19143
19145,19140,19142
19142,19146,19145
19134,19146,19142
19146,19139,19145
19147,19139,19146
19146,19148,19147
19134,19148,19146
19149,19147,19148
19148,19150,19149
19148,19134,19150
19150,19151,19152
19153,19151,19150
19152,19154,19150
19153,19150,19134
19149,19150,19154
19153,19155,19151
19153,19156,19155
19153,19157,19156
19158,19157,19153
19153,19134,19159
19153,19159,19160
19153,19160,19158
19161,19158,19160
19160,19134,19161
19134,19160,19159
19157,19158,19161
19161,19162,19157
19134,19163,19161
19163,19164,19161
19165,19166,19161
19166,19162,19161
19161,19167,19165
19161,19164,19167
19167,19164,19168
19169,19170,19164
19164,19163,19169
19170,19168,19164
19168,19170,19171
19168,19171,19167
19172,19173,19171
19171,19173,19174
19167,19171,19175
19175,19171,19176
19171,19177,19176
19170,19169,19171
19178,19171,19169
19178,19172,19171
19177,19171,19174
19176,19177,19179
19180,19179,19177
19174,19180,19177
19181,19180,19182
19182,19180,19183
19180,19184,19183
19181,19179,19180
19180,19174,19184
19185,19183,19184
19184,19186,19185
19186,19184,19187
19184,19188,19187
19189,19188,19184
19184,19174,19173
19190,19191,19184
19184,19192,19190
19192,19184,19173
19184,19191,19193
19193,19194,19184
19184,19194,19189
19195,19183,19185
19185,19196,19195
19196,19185,19186
19196,19197,19151
19151,19195,19196
19186,19197,19196
19198,19151,19197
19199,19198,19197
19197,19186,19199
19187,19199,19186
19200,19199,19187
19199,19200,19198
19198,19200,19201
19201,19200,19188
19187,19188,19200
19201,19202,19198
19188,19202,19201
19198,19202,19203
19202,19188,19189
19189,19203,19202
19203,19204,19205
19205,19198,19203
19204,19203,19206
19194,19206,19203
19203,19189,19194
19207,19208,19204
19204,19206,19207
19204,19209,19205
19209,19204,19208
19208,19210,19209
19205,19209,19211
19209,19210,19212
19212,19211,19209
19211,19212,19213
19214,19211,19213
19211,19215,19205
19211,19214,19215
19215,19216,19205
19215,19217,19218
19218,19219,19215
19217,19215,19214
19215,19219,19220
19215,19220,19221
19215,19222,19216
19222,19215,19223
19223,19215,19224
19224,19215,19221
19225,19221,19226
19224,19221,19225
19226,19221,19227
19221,19220,19227
19227,19228,19226
19228,19227,19229
19227,19230,19229
19227,19231,19230
19220,19231,19227
19232,19233,19231
19231,19220,19232
19234,19230,19231
19231,19233,19234
19230,19234,19235
19235,19234,19233
19230,19235,19236
19235,19233,19237
19237,19236,19235
19237,19238,19236
19239,19240,19237
19237,19240,19238
19241,19239,19237
19233,19242,19237
19242,19243,19237
19244,19237,19243
19237,19245,19241
19245,19237,19246
19247,19246,19237
19247,19237,19248
19248,19237,19244
19229,19236,19238
19238,19249,19229
19249,19238,19240
19228,19229,19249
19240,19250,19249
19228,19249,19250
19250,19240,19239
19239,19228,19250
19251,19248,19252
19244,19252,19248
19253,19248,19251
19248,19253,19247
19245,19254,19253
19253,19255,19245
19253,19246,19247
19254,19246,19253
19255,19253,19251
19241,19245,19255
19251,19256,19255
19255,19256,19257
19255,19258,19241
19257,19258,19255
19259,19260,19257
19256,19259,19257
19258,19257,19261
19262,19263,19257
19263,19264,19257
19264,19261,19257
19262,19257,19260
19265,19266,19257
19259,19265,19260
19262,19260,19265
19267,19265,19259
19268,19265,19267
19269,19265,19268
19265,19269,19270
19270,19262,19265
19271,19262,19270
19270,19272,19271
19272,19270,19273
19274,19273,19270
19269,19275,19270
19270,19275,19274
19276,19275,19269
19274,19275,19276
19277,19278,19276
19276,19278,19274
19268,19276,19269
19277,19276,19279
19268,19279,19276
19279,19280,19281
19279,19281,19282
19268,19280,19279
19282,19283,19279
19284,19279,19283
19279,19284,19285
19279,19285,19277
19285,19286,19287
19285,19288,19286
19285,19287,19289
19289,19277,19285
19285,19284,19290
19290,19288,19285
19291,19288,19292
19292,19288,19293
19288,19290,19293
19291,19294,19288
19295,19286,19288
19288,19294,19295
19296,19293,19297
19293,19298,19297
19298,19293,19299
19293,19290,19299
19296,19300,19293
19292,19293,19300
19296,19297,19300
19301,19300,19297
19300,19301,19302
19302,19292,19300
19303,19304,19301
19305,19303,19301
19301,19306,19305
19301,19307,19306
19308,19307,19301
19301,19304,19309
19301,19309,19278
19308,19301,19297
19301,19278,19302
19307,19308,19310
19297,19311,19308
19310,19308,19311
19312,19311,19297
19310,19311,19312
19312,19297,19313
19313,19314,19312
19312,19315,19310
19315,19312,19314
19314,19191,19190
19314,19313,19191
19315,19314,19316
19190,19316,19314
19317,19318,19316
19317,19316,19190
19319,19316,19318
19320,19316,19319
19316,19320,19315
19319,19305,19320
19307,19320,19305
19320,19307,19310
19310,19315,19320
19305,19319,19321
19318,19321,19319
19303,19321,19322
19322,19321,19318
19303,19305,19321
19303,19322,19323
19318,19323,19322
19323,19309,19303
19323,19318,19309
19178,19318,19172
19172,19318,19317
19178,19324,19318
19309,19318,19324
19178,19325,19324
19326,19324,19325
19326,19327,19324
19278,19324,19327
19324,19278,19309
19325,19328,19326
19329,19330,19325
19325,19178,19329
19330,19328,19325
19328,19331,19332
19331,19328,19333
19328,19334,19333
19334,19328,19330
19326,19328,19335
19336,19335,19328
19328,19337,19336
19337,19328,19338
19338,19328,19339
19328,19332,19339
19340,19341,19338
19337,19338,19341
19340,19338,19342
19339,19342,19338
19340,19343,19341
19344,19340,19345
19345,19340,19342
19274,19343,19340
19340,19344,19274
19345,19346,19344
19292,19302,19344
19292,19344,19291
19347,19274,19344
19347,19344,19302
19346,19291,19344
19346,19345,19294
19294,19291,19346
19302,19289,19347
19347,19289,19274
19327,19326,19343
19343,19326,19336
19336,19341,19343
19343,19274,19327
19294,19345,19348
19348,19345,19349
19342,19350,19345
19331,19345,19350
19331,19349,19345
19350,19342,19332
19332,19331,19350
19351,19349,19331
19352,19349,19351
19353,19349,19352
19348,19349,19353
19354,19353,19355
19352,19355,19353
19356,19353,19357
19357,19353,19354
19356,19358,19353
19358,19348,19353
19359,19354,19360
19360,19354,19361
19354,19359,19362
19354,19355,19361
19363,19354,19364
19364,19354,19362
19357,19354,19363
19364,19365,19363
19366,19363,19365
19363,19366,19367
19363,19367,19357
19262,19367,19263
19366,19263,19367
19367,19368,19357
19367,19262,19368
19369,19368,19262
19369,19370,19368
19371,19368,19370
19368,19371,19372
19372,19357,19368
19356,19372,19371
19372,19356,19357
19370,19373,19371
19374,19371,19373
19371,19374,19356
19289,19374,19375
19374,19376,19375
19373,19376,19374
19289,19287,19374
19356,19374,19287
19375,19376,19373
19377,19375,19373
19377,19273,19375
19274,19375,19273
19289,19375,19274
19373,19272,19377
19273,19377,19272
19370,19369,19373
19378,19272,19373
19373,19369,19378
19379,19378,19262
19262,19378,19369
19378,19379,19272
19379,19271,19272
19262,19271,19379
19365,19263,19366
19380,19365,19364
19381,19365,19380
19365,19381,19263
19263,19381,19382
19380,19382,19381
19382,19383,19263
19383,19382,19384
19380,19384,19382
19384,19385,19386
19385,19384,19380
19386,19383,19384
19385,19387,19386
19388,19386,19387
19386,19388,19383
19388,19389,19390
19390,19391,19388
19388,19391,19383
19387,19389,19388
19392,19389,19387
19389,19392,19393
19390,19389,19393
19392,19394,19393
19394,19395,19393
19393,19395,19390
19395,19394,19396
19395,19397,19390
19396,19397,19395
19264,19396,19398
19394,19398,19396
19397,19396,19264
19398,19399,19400
19399,19398,19401
19400,19264,19398
19394,19401,19398
19402,19401,19403
19403,19401,19394
19401,19402,19404
19405,19401,19404
19401,19406,19399
19406,19401,19405
19404,19407,19405
19405,19408,19406
19408,19405,19407
19258,19407,19404
19261,19407,19258
19407,19261,19408
19408,19409,19406
19408,19400,19409
19400,19408,19264
19264,19408,19261
19399,19406,19409
19409,19400,19399
19404,19241,19258
19241,19404,19402
19241,19402,19410
19410,19402,19411
19403,19411,19402
19412,19413,19411
19412,19411,19414
19411,19415,19226
19226,19410,19411
19415,19411,19413
19414,19411,19403
19416,19414,19403
19414,19416,19417
19417,19412,19414
19418,19419,19417
19412,19417,19419
19417,19420,19418
19416,19420,19417
19420,19421,19418
19416,19421,19420
19421,19422,19419
19422,19421,19423
19421,19416,19423
19419,19418,19421
19424,19423,19425
19424,19422,19423
19426,19423,19427
19423,19428,19427
19429,19428,19423
19423,19426,19425
19423,19430,19429
19430,19423,19416
19431,19425,19432
19431,19433,19425
19425,19434,19435
19432,19425,19435
19424,19425,19436
19433,19436,19425
19425,19426,19437
19437,19438,19425
19438,19434,19425
19434,19438,19439
19434,19439,19440
19434,19440,19362
19362,19435,19434
19439,19438,19441
19439,19441,19442
19442,19440,19439
19442,19443,19444
19444,19445,19442
19443,19442,19441
19440,19442,19445
19443,19441,19446
19447,19444,19443
19447,19443,19448
19446,19448,19443
19446,19441,19449
19449,19450,19446
19451,19446,19450
19448,19446,19451
19452,19429,19451
19453,19451,19429
19451,19454,19455
19451,19455,19448
19454,19451,19453
19450,19452,19451
19453,19430,19456
19429,19430,19453
19457,19458,19453
19453,19458,19454
19456,19459,19453
19453,19459,19457
19458,19457,19392
19394,19457,19459
19392,19457,19394
19459,19456,19460
19394,19459,19460
19460,19456,19416
19403,19460,19416
19460,19403,19394
19416,19456,19430
19387,19458,19392
19454,19458,19387
19452,19427,19428
19427,19452,19450
19428,19429,19452
19455,19454,19461
19387,19461,19454
19461,19385,19455
19461,19387,19385
19455,19385,19447
19447,19448,19455
19450,19462,19427
19462,19450,19449
19427,19462,19426
19426,19462,19437
19449,19437,19462
19437,19449,19441
19444,19447,19463
19385,19463,19447
19444,19463,19362
19463,19385,19364
19362,19463,19364
19362,19445,19444
19445,19362,19440
19441,19438,19437
19435,19464,19432
19432,19464,19465
19431,19432,19466
19121,19466,19432
19432,19467,19121
19432,19465,19467
19467,19465,19468
19469,19468,19465
19465,19464,19469
19470,19469,19464
19468,19469,19470
19464,19471,19470
19472,19470,19471
19470,19472,19468
19472,19473,19467
19467,19468,19472
19471,19473,19472
19474,19467,19473
19473,19475,19474
19476,19475,19473
19471,19477,19473
19473,19477,19476
19477,19471,19464
19477,19478,19476
19479,19477,19480
19479,19481,19477
19477,19481,19478
19480,19477,19482
19482,19477,19464
19483,19478,19481
19478,19483,19475
19475,19476,19478
19483,19484,19485
19474,19483,19485
19481,19484,19483
19475,19483,19474
19485,19484,19486
19487,19486,19484
19488,19484,19481
19484,19488,19487
19489,19486,19487
19489,19487,19490
19490,19487,19491
19491,19487,19488
19490,19491,19492
19492,19491,19329
19488,19329,19491
19493,19492,19494
19492,19493,19490
19494,19492,19329
19495,19496,19494
19494,19496,19493
19497,19494,19329
19494,19497,19495
19495,19498,19489
19489,19496,19495
19498,19495,19499
19499,19495,19497
19500,19498,19499
19501,19500,19499
19499,19497,19501
19501,19497,19329
19502,19500,19501
19501,19178,19502
19501,19329,19178
19138,19137,19502
19138,19502,19169
19169,19502,19178
19502,19137,19500
19489,19500,19137
19489,19498,19500
19493,19496,19489
19490,19493,19489
19503,19486,19489
19503,19489,19504
19504,19489,19137
19504,19505,19506
19507,19504,19506
19504,19508,19505
19509,19504,19507
19503,19504,19509
19131,19510,19504
19504,19510,19508
19133,19131,19504
19504,19137,19133
19511,19508,19510
19508,19511,19512
19512,19505,19508
19129,19512,19511
19513,19512,19129
19505,19512,19513
19129,19514,19513
19513,19514,19515
19513,19515,19516
19513,19506,19505
19513,19516,19506
19507,19516,19517
19517,19516,19515
19506,19516,19507
19507,19517,19518
19515,19518,19517
19519,19518,19520
19121,19520,19518
19515,19121,19518
19519,19521,19518
19518,19521,19507
19507,19521,19509
19474,19521,19519
19474,19509,19521
19520,19522,19519
19467,19519,19522
19519,19467,19474
19523,19522,19524
19520,19524,19522
19467,19522,19523
19524,19525,19523
19525,19467,19523
19525,19524,19121
19525,19121,19467
19524,19520,19121
19124,19515,19129
19121,19515,19124
19129,19515,19514
19510,19526,19511
19129,19511,19526
19510,19527,19526
19526,19527,19129
19130,19527,19510
19129,19527,19130
19510,19131,19130
19509,19485,19486
19485,19509,19474
19486,19503,19509
19488,19479,19329
19481,19479,19488
19464,19528,19482
19529,19530,19482
19482,19530,19480
19482,19351,19529
19528,19351,19482
19531,19528,19464
19531,19360,19528
19351,19528,19360
19464,19532,19531
19533,19531,19532
19360,19531,19533
19533,19359,19360
19362,19359,19533
19533,19534,19362
19532,19534,19533
19435,19362,19534
19534,19532,19435
19435,19532,19464
19529,19333,19334
19529,19334,19535
19535,19530,19529
19351,19333,19529
19330,19535,19334
19530,19535,19330
19536,19480,19530
19530,19330,19536
19536,19330,19329
19480,19536,19329
19480,19329,19479
19466,19537,19431
19537,19466,19538
19121,19539,19466
19539,19538,19466
19538,19539,19540
19541,19538,19540
19538,19541,19542
19542,19537,19538
19537,19542,19543
19542,19544,19543
19544,19542,19545
19541,19545,19542
19546,19545,19099
19546,19544,19545
19545,19541,19105
19105,19099,19545
19546,19547,19548
19549,19547,19546
19550,19546,19548
19546,19551,19549
19551,19546,19552
19552,19546,19553
19546,19550,19544
19099,19553,19546
19549,19554,19547
19554,19549,19555
19556,19555,19549
19549,19557,19556
19557,19549,19551
19551,19558,19557
19556,19557,19559
19557,19558,19560
19560,19559,19557
19558,19561,19562
19561,19558,19551
19558,19562,19560
19562,19563,19553
19564,19563,19562
19553,19560,19562
19562,19561,19564
19564,19552,19563
19564,19561,19552
19553,19563,19552
19551,19552,19561
19559,19565,19556
19566,19565,19559
19566,19559,19560
19567,19568,19566
19566,19553,19567
19568,19569,19566
19570,19566,19569
19560,19553,19566
19565,19566,19570
19570,19571,19572
19572,19573,19570
19570,19573,19574
19570,19575,19565
19574,19575,19570
19569,19571,19570
19576,19572,19571
19577,19571,19569
19571,19578,19576
19578,19571,19577
19579,19576,19580
19579,19581,19576
19580,19576,19578
19576,19581,19582
19573,19572,19576
19582,19573,19576
19583,19582,19581
19583,19573,19582
19584,19583,19585
19586,19585,19583
19586,19583,19581
19584,19575,19583
19575,19574,19583
19583,19574,19573
19587,19588,19584
19589,19587,19584
19555,19584,19588
19584,19585,19589
19575,19584,19555
19585,19590,19589
19590,19591,19589
19587,19589,19591
19591,19588,19587
19588,19591,19590
19592,19590,19593
19554,19590,19592
19590,19594,19593
19588,19590,19554
19590,19585,19594
19595,19596,19594
19593,19594,19596
19594,19597,19595
19597,19594,19598
19599,19600,19594
19594,19585,19599
19598,19594,19600
19598,19601,19597
19600,19586,19598
19581,19601,19598
19581,19598,19586
19595,19597,19601
19601,19602,19595
19581,19602,19601
19603,19602,19581
19596,19595,19602
19602,19603,19596
19604,19593,19603
19603,19605,19604
19605,19603,19606
19607,19606,19603
19596,19603,19593
19581,19608,19603
19607,19603,19608
19608,19609,19607
19610,19608,19581
19609,19608,19611
19608,19610,19611
19612,19611,19613
19613,19611,19610
19611,19612,19609
19614,19612,19613
19043,19612,19047
19043,19615,19612
19609,19612,19615
19612,19614,19047
19613,19616,19614
19578,19614,19580
19614,19616,19580
19578,19617,19614
19618,19614,19617
19618,19619,19614
19619,19047,19614
19610,19581,19616
19616,19581,19620
19616,19613,19610
19620,19580,19616
19579,19620,19581
19580,19620,19579
19621,19047,19619
19619,19618,19621
19621,19622,19047
19622,19621,19623
19623,19621,19624
19624,19621,19618
19618,19625,19624
19624,19625,19626
19627,19064,19624
19624,19064,19623
19626,19627,19624
19628,19629,19626
19626,19630,19628
19625,19630,19626
19099,19626,19631
19631,19626,19629
19632,19627,19626
19626,19633,19632
19634,19633,19626
19634,19626,19099
19634,19635,19636
19636,19633,19634
19635,19634,19637
19634,19092,19637
19099,19092,19634
19637,19638,19635
19092,19089,19637
19638,19637,19639
19639,19637,19089
19638,19639,19640
19641,19640,19639
19639,19089,19641
19640,19641,19076
19076,19641,19083
19083,19641,19090
19641,19089,19090
19640,19076,19638
19635,19638,19076
19635,19076,19636
19075,19636,19076
19633,19636,19075
19075,19632,19633
19632,19072,19627
19072,19632,19075
19642,19629,19628
19629,19642,19631
19553,19642,19643
19553,19631,19642
19628,19643,19642
19643,19567,19553
19630,19567,19643
19643,19628,19630
19099,19631,19553
19630,19625,19567
19064,19627,19072
19567,19625,19644
19625,19645,19644
19617,19625,19618
19625,19577,19645
19617,19577,19625
19645,19569,19568
19568,19644,19645
19569,19645,19577
19644,19568,19567
19064,19063,19623
19623,19063,19646
19623,19646,19622
19050,19646,19063
19646,19050,19047
19047,19622,19646
19577,19617,19578
19615,19043,19606
19606,19607,19615
19615,19607,19609
19647,19606,19043
19606,19647,19605
19647,19648,19649
19649,19605,19647
19043,19648,19647
19649,19648,19033
19043,19033,19648
19650,19649,19033
19649,19650,19651
19651,19605,19649
19652,19651,19650
19605,19651,19652
19652,19653,19605
19653,19652,19654
19654,19652,19655
19650,19655,19652
19033,19655,19650
19655,19656,19654
19033,19656,19655
19656,19032,19657
19657,19658,19656
19654,19656,19659
19656,19658,19659
19033,19032,19656
19654,19659,19658
19653,19658,19657
19658,19653,19654
19657,19660,19661
19660,19657,19035
19661,19662,19657
19657,19662,19653
19035,19657,19032
19663,19662,19661
19664,19662,19663
19662,19664,19653
19653,19664,19665
19663,19665,19664
19653,19665,19666
19666,19665,19667
19663,19667,19665
19663,19666,19667
19666,19668,19669
19663,19668,19666
19605,19653,19666
19605,19666,19669
19669,19668,19670
19670,19671,19669
19669,19671,19672
19673,19605,19669
19669,19674,19673
19669,19675,19674
19669,19672,19675
19675,19672,19676
19676,19672,19671
19677,19678,19676
19676,19678,19675
19671,19677,19676
19679,19677,19680
19680,19677,19671
19678,19677,19679
19679,19681,19678
19681,19679,19682
19680,19682,19679
19678,19681,19683
19684,19681,19682
19681,19684,19683
19682,19685,19684
19685,19686,19684
19683,19684,19686
19687,19686,19685
19688,19683,19686
19686,19689,19688
19689,19686,19687
19682,19690,19687
19687,19690,19689
19687,19685,19682
19690,19691,19692
19692,19693,19690
19670,19694,19690
19694,19691,19690
19670,19690,19680
19690,19693,19695
19690,19696,19689
19697,19696,19690
19690,19698,19697
19695,19698,19690
19682,19680,19690
19692,19691,19699
19700,19699,19691
19700,19691,19694
19699,19701,19692
19701,19699,19700
19036,19701,19702
19701,19036,19703
19703,19692,19701
19700,19702,19701
19702,19704,19036
19705,19704,19702
19702,19700,19705
19706,19707,19705
19704,19705,19707
19694,19705,19700
19705,19694,19706
19663,19706,19694
19706,19661,19707
19663,19661,19706
19707,19661,19660
19660,19035,19707
19707,19035,19704
19035,19036,19704
19036,19708,19703
19703,19708,19693
19693,19692,19703
19709,19708,19036
19698,19708,19709
19695,19693,19708
19708,19698,19695
19036,19710,19709
19711,19709,19710
19709,19711,19698
19712,19711,19713
19710,19713,19711
19711,19712,19714
19714,19697,19711
19697,19698,19711
19712,19715,19714
19696,19714,19716
19717,19716,19714
19714,19715,19718
19718,19717,19714
19696,19697,19714
19719,19718,19715
19718,19719,19720
19721,19718,19720
19718,19721,19717
19722,19721,19723
19723,19721,19724
19721,19722,19725
19725,19717,19721
19720,19724,19721
19724,19726,19727
19726,19724,19720
19724,19728,19723
19727,19728,19724
19727,19729,19730
19729,19727,19726
19730,19728,19727
19730,19729,19731
19731,19732,19730
19730,19732,19733
19733,19723,19730
19728,19730,19723
19733,19732,19734
19733,19735,19723
19733,19736,19735
19737,19736,19733
19733,19738,19739
19733,19734,19738
19733,19739,19740
19737,19733,19740
19740,19741,19737
19737,19741,19742
19737,19743,19744
19737,19745,19743
19737,19742,19745
19744,19736,19737
19744,19725,19746
19746,19747,19744
19717,19725,19744
19748,19717,19744
19744,19747,19735
19735,19736,19744
19748,19744,19749
19749,19744,19750
19751,19744,19743
19751,19750,19744
19750,19752,19749
19753,19754,19750
19752,19750,19754
19753,19750,19108
19750,19751,19108
19107,19755,19753
19108,19107,19753
19753,19756,19757
19758,19753,19757
19759,19756,19753
19759,19753,19755
19754,19753,19758
19760,19754,19758
19758,19761,19760
19758,19762,19761
19762,19758,19757
19761,19762,19763
19756,19763,19762
19757,19756,19762
19761,19763,19748
19764,19763,19759
19748,19763,19764
19763,19756,19759
19765,19766,19764
19764,19767,19765
19764,19766,19748
19767,19764,19755
19759,19768,19764
19768,19755,19764
19755,19768,19759
19769,19767,19770
19769,19765,19767
19771,19770,19767
19767,19755,19772
19771,19767,19773
19773,19767,19772
19771,19773,19774
19771,19774,19775
19775,19776,19771
19771,19776,19777
19777,19778,19771
19770,19771,19778
19778,19779,19780
19778,19780,19770
19778,19777,19781
19781,19779,19778
19780,19779,19781
19782,19781,19783
19781,19777,19783
19784,19780,19781
19123,19784,19781
19781,19785,19123
19117,19785,19781
19781,19782,19117
19782,19118,19117
19783,19786,19782
19118,19782,19786
19118,19786,19787
19777,19787,19786
19786,19783,19777
19788,19789,19787
19787,19790,19788
19787,19789,19791
19118,19787,19115
19787,19791,19115
19790,19787,19792
19787,19777,19792
19792,19793,19790
19793,19792,19794
19777,19794,19792
19794,19777,19776
19795,19794,19776
19794,19795,19796
19794,19797,19793
19791,19794,19796
19797,19794,19789
19791,19789,19794
19797,19788,19798
19789,19788,19797
19798,19799,19797
19793,19797,19799
19798,19117,19800
19117,19798,19788
19798,19801,19799
19798,19800,19801
19107,19800,19802
19106,19800,19107
19117,19119,19800
19801,19800,19106
19802,19800,19119
19107,19802,19774
19774,19802,19801
19801,19802,19785
19119,19785,19802
19801,19803,19774
19785,19804,19801
19801,19804,19799
19106,19805,19801
19805,19803,19801
19775,19774,19803
19803,19795,19775
19795,19803,19805
19806,19796,19805
19805,19796,19795
19805,19106,19806
19806,19106,19807
19807,19791,19806
19796,19806,19791
19113,19791,19807
19113,19807,19106
19804,19785,19117
19799,19804,19808
19117,19808,19804
19809,19799,19808
19809,19808,19788
19788,19808,19117
19790,19793,19809
19809,19788,19790
19799,19809,19793
19776,19775,19795
19791,19113,19115
19123,19785,19119
19198,19780,19784
19125,19198,19784
19125,19784,19123
19770,19780,19769
19769,19780,19810
19780,19198,19811
19810,19780,19811
19812,19813,19810
19812,19810,19814
19769,19810,19813
19811,19814,19810
19815,19816,19814
19814,19816,19812
19815,19814,19817
19817,19814,19811
19817,19818,19815
19819,19818,19817
19820,19817,19811
19817,19820,19819
19818,19819,19821
19821,19819,19820
19717,19821,19716
19821,19717,19748
19748,19818,19821
19822,19823,19821
19821,19824,19822
19824,19821,19820
19821,19823,19716
19825,19716,19823
19823,19826,19825
19822,19826,19823
19716,19825,19696
19827,19825,19826
19825,19827,19828
19828,19696,19825
19828,19829,19696
19829,19828,19830
19828,19827,19831
19831,19830,19828
19830,19222,19829
19830,19831,19222
19222,19831,19832
19833,19832,19831
19833,19831,19827
19827,19826,19833
19833,19826,19822
19832,19833,19820
19822,19820,19833
19216,19832,19834
19832,19820,19834
19832,19216,19222
19834,19205,19216
19205,19834,19198
19811,19198,19834
19811,19834,19820
19829,19222,19835
19835,19696,19829
19836,19696,19835
19836,19835,19837
19837,19835,19222
19222,19838,19837
19839,19837,19840
19840,19837,19838
19837,19839,19836
19696,19836,19839
19839,19841,19696
19841,19839,19842
19840,19842,19839
19843,19842,19844
19841,19842,19843
19844,19842,19840
19845,19844,19846
19840,19846,19844
19844,19845,19843
19846,19847,19845
19845,19847,19848
19848,19849,19845
19843,19845,19849
19850,19849,19848
19849,19850,19843
19850,19848,19851
19851,19843,19850
19224,19851,19223
19223,19851,19848
19843,19851,19224
19223,19847,19838
19848,19847,19223
19847,19840,19838
19846,19840,19847
19841,19843,19689
19852,19689,19843
19852,19843,19224
19853,19852,19854
19852,19224,19854
19855,19852,19856
19689,19852,19855
19853,19857,19852
19857,19858,19852
19856,19852,19858
19855,19856,19859
19856,19860,19861
19858,19860,19856
19861,19859,19856
19859,19593,19855
19862,19547,19859
19859,19861,19862
19593,19859,19547
19863,19864,19862
19865,19862,19864
19862,19861,19863
19865,19866,19862
19862,19866,19867
19867,19868,19862
19862,19868,19869
19862,19869,19547
19863,19860,19858
19870,19860,19863
19870,19863,19871
19858,19872,19863
19873,19871,19863
19873,19863,19874
19863,19872,19864
19863,19861,19874
19875,19876,19872
19872,19858,19875
19872,19876,19877
19877,19864,19872
19878,19877,19876
19864,19877,19865
19866,19865,19877
19877,19878,19866
19879,19878,19876
19878,19880,19867
19880,19878,19881
19878,19867,19866
19882,19881,19878
19879,19882,19878
19883,19879,19884
19884,19879,19875
19876,19875,19879
19883,19882,19879
19885,19882,19883
19886,19887,19883
19883,19854,19886
19883,19887,19885
19854,19883,19853
19883,19884,19853
19882,19885,19888
19885,19886,19889
19887,19886,19885
19889,19888,19885
19890,19889,19891
19891,19889,19886
19888,19889,19890
19892,19890,19891
19893,19894,19890
19890,19894,19888
19890,19892,19893
19893,19892,19895
19895,19867,19893
19894,19893,19867
19868,19867,19895
19868,19895,19896
19895,19892,19896
19868,19896,19897
19897,19896,19898
19898,19896,19899
19896,19436,19899
19424,19436,19896
19424,19896,19900
19900,19896,19892
19424,19900,19901
19900,19874,19902
19892,19874,19900
19902,19901,19900
19901,19902,19886
19861,19860,19902
19891,19902,19860
19886,19902,19891
19902,19874,19861
19226,19901,19225
19901,19886,19225
19424,19901,19226
19897,19898,19903
19904,19903,19898
19898,19899,19904
19869,19904,19547
19868,19904,19869
19547,19904,19548
19899,19548,19904
19868,19903,19904
19897,19903,19868
19899,19905,19548
19905,19899,19436
19906,19548,19905
19907,19905,19436
19905,19907,19906
19908,19906,19907
19908,19907,19909
19436,19909,19907
19908,19909,19910
19910,19909,19436
19911,19910,19433
19910,19911,19543
19910,19436,19433
19543,19912,19910
19910,19912,19908
19908,19912,19913
19913,19912,19550
19550,19912,19543
19906,19913,19548
19550,19548,19913
19906,19908,19913
19911,19431,19543
19433,19431,19911
19891,19874,19892
19867,19914,19894
19888,19894,19914
19914,19881,19882
19881,19914,19915
19916,19915,19914
19888,19914,19882
19914,19917,19916
19880,19917,19914
19867,19880,19914
19918,19916,19917
19917,19880,19918
19919,19916,19918
19918,19920,19919
19920,19918,19873
19881,19918,19880
19873,19918,19881
19919,19920,19891
19874,19891,19920
19873,19874,19920
19919,19870,19916
19891,19870,19919
19916,19870,19871
19915,19916,19871
19915,19873,19881
19871,19873,19915
19860,19870,19891
19886,19854,19224
19224,19225,19886
19875,19857,19884
19857,19853,19884
19875,19858,19857
19688,19855,19593
19688,19689,19855
19696,19841,19689
19223,19838,19222
19822,19824,19820
19816,19815,19818
19818,19748,19816
19921,19812,19816
19816,19748,19921
19813,19812,19921
19813,19921,19769
19921,19765,19769
19765,19921,19748
19772,19774,19773
19774,19755,19107
19774,19772,19755
19748,19766,19765
19761,19748,19760
19760,19749,19752
19749,19760,19748
19754,19760,19752
19751,19922,19108
19923,19751,19743
19922,19751,19923
19924,19922,19925
19926,19925,19922
19922,19923,19926
19922,19924,19108
19924,19927,19928
19929,19927,19924
19930,19931,19924
19924,19931,19929
19924,19925,19930
19932,19933,19924
19924,19934,19932
19934,19924,19928
19108,19924,19933
19935,19928,19927
19936,19928,19935
19937,19928,19936
19928,19937,19934
19938,19934,19937
19937,19939,19938
19936,19939,19937
19939,19940,19941
19941,19938,19939
19940,19939,19936
19940,19942,19941
19942,19940,19943
19940,19944,19945
19935,19944,19940
19945,19943,19940
19935,19940,19936
19945,19946,19943
19947,19946,19945
19948,19949,19945
19948,19945,19944
19945,19949,19947
19950,19947,19949
19951,19947,19950
19951,19952,19947
19946,19947,19952
19952,19953,19954
19953,19952,19955
19951,19955,19952
19952,19954,19946
19946,19954,19956
19953,19956,19954
19957,19070,19956
19077,19956,19070
19956,19958,19957
19956,19953,19958
19077,19078,19956
19078,19946,19956
19957,19958,19059
19958,19953,19959
19959,19059,19958
19059,19959,19055
19955,19959,19953
19959,19955,19053
19053,19055,19959
19069,19070,19957
19069,19957,19059
19960,19053,19955
19955,19951,19960
19950,19960,19951
19960,19950,19049
19054,19053,19960
19049,19054,19960
19949,19961,19950
19049,19950,19961
19962,19045,19961
19961,19949,19962
19961,19045,19049
19963,19962,19949
19046,19045,19962
19962,19963,19046
19964,19046,19963
19963,19965,19964
19949,19966,19963
19965,19963,19966
19967,19964,19965
19968,19967,19965
19965,19966,19969
19969,19970,19965
19965,19970,19968
19971,19041,19968
19971,19968,19972
19972,19968,19970
19967,19968,19041
19971,19972,19973
19974,19973,19972
19970,19969,19972
19972,19969,19974
19969,19975,19974
19973,19974,19975
19971,19975,19976
19977,19976,19975
19975,19971,19973
19975,19978,19977
19975,19969,19978
19979,19977,19978
19978,19980,19979
19981,19978,19982
19980,19978,19981
19969,19982,19978
19983,19981,19982
19982,19966,19983
19966,19982,19969
19981,19983,19984
19984,19983,19985
19966,19985,19983
19986,19984,19985
19987,19985,19966
19985,19987,19986
19986,19987,19988
19948,19987,19966
19987,19989,19988
19948,19989,19987
19990,19991,19989
19992,19989,19991
19990,19989,19993
19948,19994,19989
19994,19995,19989
19996,19993,19989
19989,19995,19996
19992,19988,19989
19992,19729,19984
19984,19986,19992
19988,19992,19986
19991,19729,19992
19996,19995,19997
19929,19997,19995
19995,19994,19929
19997,19998,19996
19998,19997,19931
19997,19929,19931
19996,19998,19999
19999,19998,20000
19931,20000,19998
20001,20000,20002
19993,20000,20001
20000,19931,19738
19738,20002,20000
19999,20000,19993
20003,20002,20004
20004,20002,19990
20002,19734,19732
19732,19990,20002
20002,20003,20001
19738,19734,20002
20005,20001,20003
20003,20004,20005
19990,20005,20004
19990,19993,20005
20001,20005,19993
19993,19996,19999
19948,19944,19994
19994,19944,19927
19927,19929,19994
19731,19991,19990
19990,19732,19731
19991,19731,19729
20006,20007,19984
20006,19984,19712
19715,19712,19984
19981,19984,20007
19726,19984,19729
19984,20008,19715
20008,19984,19720
19720,19984,19726
19715,20008,19719
19720,19719,20008
20009,20007,20006
20010,19981,20007
20007,20009,20010
20009,19036,20011
20011,20010,20009
19036,20009,20012
20006,20012,20009
20012,19710,19036
19713,19710,20012
20012,20006,19713
20011,19979,20010
19979,20011,20013
20013,20011,19036
19036,19039,20013
19040,20013,19039
20013,19040,19041
20013,20014,19976
20013,19041,20014
19976,19977,20013
20013,19977,19979
19976,20014,19971
19971,20014,19041
20010,19979,19980
19980,19981,20010
19712,19713,20006
19041,19964,19967
19966,19949,19948
19046,19964,19041
20015,20016,19946
20015,19946,19079
19079,19946,19078
20016,19943,19946
20016,20015,20017
20018,20016,20017
20018,20019,20016
20019,20020,20016
20020,19943,20016
20021,20020,20019
20021,19943,20020
20021,20019,20022
20023,20024,20021
20021,20024,19943
20021,20025,20023
20022,20025,20021
20026,20027,20022
20022,20019,20026
20025,20022,20028
20028,20022,20027
20029,20027,20026
20027,20030,20028
20030,20027,20031
20031,20027,20029
20032,20031,19093
20030,20031,20032
20031,20029,19093
20032,20033,20030
20033,20032,20034
19093,20034,20032
20035,20036,20034
20034,20037,20035
20038,20037,20034
20034,20036,20033
20034,19093,20038
19097,20037,20038
19094,20038,19093
20038,19098,19097
19098,20038,19094
20039,20036,20035
20033,20036,20039
20040,20039,20035
20041,20033,20039
20039,20042,19932
19932,20041,20039
20042,20039,20043
20039,20044,20043
20044,20039,20040
20040,20045,20044
20046,20040,20035
20045,20040,20046
20046,19100,20047
20046,20047,20048
19097,20046,20035
20046,19097,19100
20045,20046,20049
20046,20050,20049
20046,20048,20050
20051,20050,20048
20052,20048,20047
20053,20048,20052
20048,20053,20051
20053,20054,19932
20051,20053,19932
20052,20054,20053
19933,19932,20054
20052,20047,20054
20054,20047,19933
20051,19932,20042
20043,20051,20042
20051,20043,20049
20049,20050,20051
20043,20044,20049
20044,20045,20049
20047,19100,19108
19933,20047,19108
20041,20028,20030
20041,20055,20028
20055,20041,19932
20030,20033,20041
20028,20055,20056
19932,19934,20055
20055,19934,20056
20057,20023,20056
20057,20056,20058
20058,20056,19934
20056,20023,20028
19934,19938,20058
20058,19938,20059
20058,20059,20057
19941,20059,19938
19942,20059,19941
19943,20057,20059
20059,19942,19943
20024,20057,20060
20057,19943,20060
20057,20024,20023
20060,19943,20024
20035,20037,19097
20026,20061,20029
20062,20029,20061
19093,20029,20062
20062,19085,19093
19086,19085,20062
20062,20061,19086
20061,20026,19081
19086,20061,19081
20023,20025,20028
20019,20018,20026
19081,20026,20018
20017,19081,20018
19080,20017,20015
19081,20017,19080
19079,19080,20015
19927,19944,19935
19738,19931,19930
19742,19930,20063
19930,19742,19738
19925,19926,19930
19926,20064,19930
19930,20065,20063
19930,20064,20065
20066,20064,19926
20066,20065,20064
19926,19923,20066
19923,20067,20066
20065,20066,20067
19923,19743,20067
20068,20067,19743
20063,20067,20068
20067,20063,20065
19743,20069,20068
20070,20068,20069
20068,20070,20063
19742,20063,20070
20069,20071,20070
20070,20071,19742
20071,20069,19745
19745,19742,20071
19743,19745,20069
19747,19746,20072
20072,19735,19747
19723,19735,20072
19723,20072,19722
19722,20072,19746
19746,19725,19722
19740,19738,19742
19742,19741,19740
19738,19740,19739
19694,19670,19663
19683,19688,19593
19678,19683,19593
19671,19670,19680
20073,20074,19678
19675,19678,20074
19604,20073,19678
19604,19678,19593
19674,20074,20073
20073,19673,19674
20073,20075,19673
20075,20073,19604
19673,20075,19605
19604,19605,20075
20074,19674,19675
19663,19670,19668
19586,19600,19599
19599,19585,19586
19547,19592,19593
19547,19554,19592
19554,19555,19588
19565,19575,19555
19565,19555,19556
19543,19544,19550
19543,19431,19537
19540,19105,19541
19539,20076,19540
19540,20076,19104
19104,19105,19540
19121,20077,20076
20076,20077,20078
20076,19539,19121
20078,19104,20076
19104,20078,19103
19103,20078,20079
20078,20080,20079
20080,20078,20077
20080,20081,20079
20082,20081,20080
20080,20077,20082
20083,20081,20082
20082,20084,20083
20084,20082,20085
20085,20082,20077
20084,20085,19120
19120,20085,19121
20085,20077,19121
19102,20083,20084
20084,19112,19102
19120,19112,20084
20079,20081,20083
20083,19102,20079
20079,19102,19103
19422,19424,19226
20086,19422,20087
19226,20087,19422
20086,20088,19422
20088,19419,19422
19419,20088,19412
19412,20088,20086
20086,20087,19413
20086,19413,19412
19415,20087,19226
19413,20087,19415
19410,19226,20089
20089,19241,19410
19228,20089,19226
19241,20089,19228
19390,19397,19264
19391,19264,19383
19390,19264,19391
19364,19385,19380
19383,19264,19263
19361,20090,19360
20090,19361,19355
19360,20090,19351
19355,19352,20090
20090,19352,19351
19286,19358,19356
19295,19348,19358
19358,19286,19295
19356,19287,19286
19333,19351,19331
19348,19295,19294
19342,19339,19332
19341,19336,19337
19326,19335,19336
19327,19274,19278
19172,19317,20091
19190,20091,19317
19192,19172,20091
20091,19190,19192
19191,19313,20092
20092,19313,20093
20094,20093,19313
19297,19298,19313
19298,20094,19313
19299,20094,19298
20094,19299,19290
20095,20094,19290
20094,20095,20093
20093,20095,19281
20095,19282,19281
19282,20095,19284
19290,20096,20095
20096,19284,20095
19290,19284,20096
20097,20093,20098
20099,20093,20097
20093,20099,20092
19281,20098,20093
19259,20098,20100
20098,19259,20101
20100,20098,20102
20098,19281,20102
20101,20097,20098
19259,19208,20101
20097,20101,19208
20102,20103,20100
20104,20102,19281
20105,20102,20104
20105,20103,20102
20106,20100,20103
20107,20103,20105
20106,20103,20107
19259,20106,20108
20106,19259,20100
20107,20108,20106
20107,19259,20108
20107,19267,19259
20107,20109,19267
20110,20109,20107
20107,19280,20110
20107,20111,19280
20105,20111,20107
20111,20105,19280
19280,19268,20110
20109,20110,19268
19267,20109,19268
20104,19280,20105
19280,20104,19281
20099,20097,20112
20112,20092,20099
19191,20092,20112
19191,20112,20113
20114,20113,20112
20112,20097,20114
19207,20114,19208
20113,20114,19207
20097,19208,20114
19191,20113,19193
19207,19193,20113
19303,19309,19304
19307,19305,19306
19277,19302,19278
19302,19277,19289
19283,19282,19284
19256,19208,19259
19256,20115,19208
20116,20115,19256
19256,19251,20116
20117,20116,19251
20116,20118,20115
20118,20116,20117
20119,20115,20118
20118,20120,20119
20117,20120,20118
20119,20120,20121
20121,20120,20122
19243,20122,20120
20120,20117,19243
20123,20122,19243
20121,20122,20123
19242,20124,20123
20123,20124,20121
19243,19242,20123
19242,20125,20124
20121,20124,20125
19233,20126,20125
20121,20125,20126
20125,19242,19233
19232,20126,19233
20126,19232,20121
20121,20127,20128
20121,20128,20119
20121,19232,20127
20128,20127,20129
20127,19232,19220
20129,20127,19219
19220,19219,20127
20130,20129,19218
20128,20129,20130
19219,19218,20129
19218,19217,20130
19214,20130,19217
20130,19214,20128
20131,20119,20128
20132,20131,20128
20128,19214,20132
20133,20131,20132
19213,20132,19214
20134,20132,19213
20132,20134,20133
19213,19208,20134
20134,19208,20115
20115,20133,20134
20133,20115,20119
20119,20131,20133
19252,20117,19251
19252,20135,20117
20135,19243,20117
19244,20135,19252
19244,19243,20135
19246,19254,19245
19228,19239,19241
19236,19229,19230
19210,19208,19213
19213,19212,19210
19193,19207,19206
19206,19194,19193
19198,20136,19151
20137,20136,19198
19198,20138,20137
20138,19198,19126
19125,19126,19198
20137,20138,20139
20140,20139,20138
19126,20140,20138
20141,20140,19126
20140,20141,20139
20142,20141,19126
20143,20139,20141
20143,20141,19154
19154,20141,20142
19126,19139,20142
20142,20144,19154
19139,20144,20142
19154,20144,20145
20145,20144,19139
20145,19139,19147
19147,19149,20145
20145,19149,19154
20143,20136,20137
20137,20139,20143
19154,19152,20143
20143,19152,20136
19151,20136,19152
19195,19151,19155
19183,19195,19182
19155,19182,19195
19173,19172,19192
19182,19156,19181
19179,19181,19156
19155,19156,19182
19156,19157,19179
19179,19157,19162
19162,19176,19179
20146,19176,19162
19176,20146,19175
20146,19166,19165
19162,19166,20146
19165,19175,20146
19175,19165,19167
19169,19163,19138
19138,19163,19134
19139,19140,19145
19106,19110,19113
19093,19085,19087
19073,19064,19072
19066,19064,19073
19073,19067,19066
19075,19074,19072
19059,19058,19069
19055,19057,19059
19057,19055,19056
20147,20148,20149
20148,20150,20149
20148,20151,20150
20151,20148,20152
20147,20152,20148
20153,20147,20154
20149,20154,20147
20153,20155,20147
20152,20147,20155
20156,20155,20153
20152,20155,20156
20156,20157,20158
20157,20156,20159
20153,20160,20156
20159,20156,20160
20156,20158,20152
20159,20161,20157
20159,20162,20161
20159,20163,20162
20164,20163,20159
20159,20160,20164
20163,20164,20165
20164,20166,20165
20166,20164,20160
20167,20165,20168
20165,20167,20169
20169,20163,20165
20168,20165,20170
20171,20170,20165
20165,20172,20171
20172,20165,20166
20173,20171,20172
20171,20166,20174
20166,20171,20175
20176,20170,20171
20175,20171,20173
20171,20174,20177
20177,20178,20171
20179,20180,20171
20179,20171,20178
20180,20176,20171
20174,20181,20177
20154,20181,20174
20174,20182,20154
20153,20174,20166
20182,20174,20153
20154,20182,20153
20149,20181,20154
20150,20177,20181
20181,20149,20150
20172,20175,20183
20183,20175,20184
20166,20175,20172
20185,20184,20175
20185,20175,20173
20184,20186,20187
20187,20188,20184
20183,20184,20185
20186,20184,20189
20188,20189,20184
20188,20190,20186
20188,20187,20190
20188,20185,20189
20185,20188,20186
20191,20190,20187
20190,20192,20193
20190,20194,20192
20191,20194,20190
20186,20190,20193
20186,20193,20191
20192,20191,20193
20191,20187,20186
20195,20194,20191
20195,20191,20192
20196,20194,20195
20197,20195,20192
20195,20197,20198
20195,20198,20196
20199,20198,20197
20198,20199,20200
20200,20196,20198
20201,20200,20199
20200,20201,20202
20200,20197,20196
20202,20197,20200
20202,20203,20204
20204,20199,20202
20199,20197,20202
20202,20201,20203
20205,20203,20206
20205,20207,20203
20207,20208,20203
20201,20206,20203
20204,20203,20208
20206,20204,20208
20206,20208,20205
20209,20205,20208
20208,20207,20209
20209,20210,20211
20209,20212,20210
20211,20205,20209
20212,20209,20207
20212,20205,20211
20211,20213,20212
20212,20207,20205
20213,20214,20212
20212,20214,20210
20215,20210,20214
20214,20216,20215
20213,20216,20214
20216,20217,20218
20217,20216,20219
20216,20213,20219
20218,20215,20216
20219,20215,20218
20218,20220,20219
20220,20218,20221
20221,20218,20217
20222,20220,20221
20217,20223,20221
20222,20221,20223
20220,20223,20217
20223,20220,20224
20223,20225,20222
20224,20225,20223
20220,20222,20224
20226,20225,20224
20224,20227,20226
20227,20224,20222
20226,20227,20228
20228,20227,20229
20229,20227,20230
20231,20230,20227
20227,20222,20225
20227,20232,20233
20227,20234,20232
20225,20234,20227
20233,20235,20227
20236,20231,20227
20237,20236,20227
20237,20227,20238
20239,20238,20227
20227,20235,20239
20240,20237,20238
20240,20238,20241
20238,20239,20241
20237,20240,20242
20241,20243,20240
20244,20240,20243
20245,20242,20240
20240,20244,20245
20246,20245,20244
20247,20242,20245
20246,20248,20245
20247,20245,20248
20248,20231,20247
20231,20242,20247
20244,20249,20246
20246,20250,20248
20251,20252,20246
20252,20253,20246
20250,20246,20253
20251,20246,20254
20255,20254,20246
20249,20255,20246
20243,20249,20244
20249,20243,20256
20256,20255,20249
20239,20256,20243
20256,20235,20255
20256,20239,20235
20257,20258,20255
20255,20235,20257
20258,20259,20255
20260,20254,20255
20255,20261,20260
20255,20262,20261
20259,20263,20255
20263,20262,20255
20264,20265,20262
20261,20262,20265
20264,20262,20263
20265,20264,20266
20263,20266,20264
20266,20267,20225
20268,20266,20225
20266,20268,20265
20269,20267,20266
20269,20266,20263
20234,20269,20270
20269,20234,20267
20259,20270,20269
20263,20259,20269
20258,20271,20270
20232,20270,20271
20270,20272,20234
20270,20259,20258
20270,20232,20272
20272,20232,20234
20271,20233,20232
20273,20271,20258
20233,20271,20273
20257,20273,20258
20233,20273,20257
20225,20267,20234
20225,20274,20268
20268,20274,20265
20225,20226,20274
20275,20274,20276
20274,20226,20276
20261,20274,20275
20265,20274,20261
20276,20277,20275
20277,20278,20275
20260,20275,20278
20275,20260,20261
20277,20279,20278
20280,20278,20279
20278,20280,20254
20278,20254,20260
20279,20281,20280
20281,20282,20280
20254,20280,20282
20283,20282,20281
20282,20283,20254
20284,20283,20281
20283,20284,20252
20252,20251,20283
20254,20283,20251
20281,20228,20284
20284,20228,20252
20281,20226,20228
20281,20276,20226
20276,20281,20279
20279,20277,20276
20233,20257,20235
20285,20286,20253
20253,20287,20285
20253,20252,20287
20253,20286,20250
20285,20288,20286
20288,20250,20286
20229,20289,20288
20288,20285,20229
20288,20230,20250
20288,20289,20230
20230,20289,20229
20290,20229,20287
20229,20285,20287
20228,20290,20287
20287,20252,20228
20228,20229,20290
20291,20248,20250
20250,20230,20291
20291,20231,20248
20231,20291,20230
20242,20231,20236
20242,20236,20237
20243,20241,20239
20217,20219,20220
20219,20213,20215
20213,20210,20215
20210,20213,20211
20206,20201,20204
20199,20204,20201
20192,20194,20196
20196,20197,20192
20186,20189,20185
20185,20173,20183
20183,20173,20172
20292,20180,20179
20293,20176,20180
20292,20293,20180
20292,20294,20295
20295,20296,20292
20294,20292,20179
20293,20292,20296
20296,20297,20298
20296,20295,20297
20152,20296,20298
20152,20158,20296
20296,20299,20293
20299,20296,20158
20300,20299,20157
20299,20158,20157
20299,20300,20293
20157,20301,20300
20300,20301,20302
20302,20293,20300
20301,20303,20302
20304,20302,20303
20293,20302,20170
20302,20305,20306
20302,20304,20305
20306,20170,20302
20304,20306,20307
20306,20308,20168
20168,20170,20306
20308,20306,20305
20309,20168,20308
20308,20304,20309
20308,20305,20304
20310,20309,20311
20309,20312,20311
20309,20304,20312
20168,20309,20310
20310,20167,20168
20313,20167,20310
20310,20311,20314
20310,20314,20313
20312,20313,20314
20312,20315,20313
20313,20315,20316
20313,20316,20317
20317,20167,20313
20167,20317,20316
20316,20169,20167
20318,20169,20316
20316,20315,20318
20318,20315,20312
20312,20162,20318
20318,20162,20163
20319,20169,20318
20318,20163,20319
20169,20319,20163
20311,20312,20314
20161,20162,20312
20312,20157,20161
20312,20320,20157
20304,20320,20312
20157,20320,20307
20320,20321,20307
20320,20304,20321
20303,20307,20321
20303,20321,20304
20157,20307,20303
20303,20301,20157
20298,20297,20322
20151,20298,20323
20298,20151,20152
20322,20323,20298
20294,20322,20297
20178,20322,20294
20323,20322,20178
20323,20324,20151
20177,20324,20323
20323,20178,20177
20150,20151,20324
20324,20177,20150
20297,20295,20294
20294,20179,20178
20293,20170,20176
20166,20160,20153
20325,20326,20327
20327,20328,20325
20326,20328,20327
20327,20329,20330
20330,20331,20327
20329,20327,20331
20329,20332,20330
20329,20331,20328
20329,20328,20333
20334,20329,20333
20332,20329,20335
20334,20335,20329
20335,20334,20336
20333,20336,20334
20336,20337,20335
20337,20336,20333
20337,20338,20339
20338,20337,20333
20339,20340,20337
20341,20335,20337
20337,20342,20341
20343,20342,20337
20337,20340,20343
20344,20342,20343
20345,20342,20344
20342,20345,20333
20342,20333,20341
20345,20344,20340
20345,20340,20333
20344,20343,20346
20340,20344,20346
20346,20347,20330
20346,20330,20340
20343,20347,20346
20330,20347,20328
20328,20347,20348
20349,20347,20325
20347,20332,20325
20350,20348,20347
20349,20350,20347
20332,20347,20343
20349,20325,20328
20328,20326,20349
20326,20335,20349
20350,20349,20341
20335,20341,20349
20341,20348,20350
20348,20341,20328
20343,20340,20330
20333,20340,20351
20340,20352,20353
20353,20354,20340
20351,20340,20354
20340,20339,20352
20338,20352,20339
20338,20353,20352
20355,20351,20354
20351,20355,20333
20353,20351,20356
20351,20353,20339
20339,20356,20351
20351,20357,20358
20358,20359,20351
20360,20351,20359
20351,20360,20357
20361,20351,20362
20361,20363,20351
20363,20362,20351
20361,20362,20360
20363,20360,20362
20363,20364,20365
20361,20364,20363
20360,20363,20365
20364,20366,20365
20366,20361,20365
20365,20361,20360
20366,20364,20367
20361,20366,20368
20366,20367,20369
20369,20370,20366
20371,20366,20370
20366,20371,20372
20358,20368,20366
20366,20359,20358
20372,20359,20366
20373,20368,20374
20373,20375,20368
20368,20375,20364
20368,20364,20361
20368,20376,20374
20358,20376,20368
20377,20378,20376
20376,20378,20374
20379,20380,20376
20380,20381,20376
20376,20381,20382
20376,20382,20377
20376,20358,20379
20380,20379,20383
20383,20379,20384
20379,20385,20386
20384,20379,20386
20379,20387,20388
20379,20358,20387
20379,20388,20389
20385,20379,20390
20389,20390,20379
20384,20391,20383
20391,20384,20392
20393,20392,20384
20394,20384,20395
20394,20393,20384
20386,20395,20384
20381,20393,20396
20397,20393,20381
20393,20397,20392
20396,20393,20394
20398,20382,20396
20382,20381,20396
20394,20399,20396
20396,20399,20398
20380,20398,20400
20380,20382,20398
20400,20398,20401
20399,20401,20398
20401,20402,20400
20402,20401,20403
20403,20401,20399
20399,20404,20403
20405,20403,20404
20403,20406,20407
20391,20406,20403
20403,20405,20391
20407,20402,20403
20402,20407,20400
20400,20407,20408
20408,20407,20409
20406,20409,20407
20409,20410,20408
20410,20409,20391
20391,20409,20406
20411,20408,20410
20391,20412,20410
20410,20412,20411
20413,20412,20391
20414,20411,20412
20412,20413,20414
20415,20414,20413
20414,20415,20400
20400,20411,20414
20416,20415,20417
20400,20415,20416
20413,20417,20415
20418,20417,20391
20391,20417,20413
20417,20418,20416
20391,20419,20418
20420,20416,20418
20418,20419,20420
20416,20420,20400
20400,20420,20421
20421,20420,20419
20397,20421,20419
20421,20397,20400
20391,20392,20419
20419,20392,20397
20408,20411,20400
20395,20383,20405
20383,20391,20405
20404,20394,20405
20394,20395,20405
20399,20394,20404
20380,20400,20381
20381,20400,20397
20422,20383,20395
20423,20382,20395
20395,20390,20423
20395,20382,20424
20424,20425,20395
20386,20426,20395
20426,20390,20395
20422,20395,20425
20389,20425,20390
20389,20427,20425
20427,20428,20425
20424,20390,20425
20429,20430,20425
20430,20431,20425
20431,20422,20425
20425,20428,20429
20428,20432,20433
20432,20428,20434
20435,20436,20428
20435,20428,20433
20434,20428,20437
20430,20429,20428
20438,20439,20428
20440,20428,20439
20438,20428,20441
20441,20428,20436
20428,20442,20437
20428,20427,20443
20442,20428,20443
20430,20428,20440
20440,20444,20445
20445,20446,20440
20440,20446,20447
20440,20448,20444
20439,20448,20440
20430,20440,20449
20447,20449,20440
20450,20447,20451
20447,20446,20451
20450,20452,20447
20449,20447,20453
20447,20452,20453
20431,20452,20450
20453,20452,20454
20454,20452,20455
20431,20455,20452
20422,20455,20383
20449,20383,20455
20430,20449,20455
20455,20422,20454
20455,20431,20430
20454,20424,20453
20454,20450,20424
20450,20454,20431
20422,20431,20454
20453,20424,20382
20382,20380,20453
20383,20453,20380
20453,20383,20449
20451,20424,20450
20451,20456,20424
20451,20457,20430
20451,20429,20457
20429,20451,20458
20430,20458,20451
20456,20451,20446
20456,20459,20424
20456,20460,20459
20446,20436,20456
20460,20456,20436
20429,20458,20456
20456,20457,20429
20456,20430,20457
20430,20456,20458
20427,20459,20460
20460,20443,20427
20443,20460,20461
20436,20461,20460
20461,20462,20443
20462,20461,20463
20464,20463,20461
20436,20435,20461
20464,20461,20435
20464,20465,20466
20466,20467,20464
20465,20464,20435
20467,20468,20464
20469,20464,20470
20464,20469,20471
20472,20464,20473
20473,20464,20471
20470,20464,20468
20464,20474,20442
20442,20475,20464
20476,20464,20475
20464,20476,20474
20464,20472,20463
20463,20472,20477
20472,20478,20477
20472,20479,20478
20472,20480,20479
20480,20472,20481
20472,20473,20481
20481,20473,20482
20482,20483,20481
20480,20481,20483
20483,20482,20484
20482,20442,20484
20485,20442,20482
20473,20485,20482
20477,20486,20484
20486,20358,20484
20484,20358,20357
20487,20488,20484
20484,20372,20487
20372,20484,20489
20477,20484,20442
20484,20488,20483
20484,20490,20491
20490,20484,20492
20357,20492,20484
20489,20484,20493
20479,20493,20484
20491,20479,20484
20494,20491,20364
20364,20491,20367
20367,20491,20490
20494,20375,20491
20491,20375,20479
20494,20364,20492
20375,20494,20492
20493,20360,20372
20495,20493,20372
20490,20493,20367
20360,20493,20490
20495,20489,20493
20493,20479,20367
20489,20495,20372
20496,20495,20497
20495,20496,20370
20370,20497,20495
20370,20489,20497
20496,20497,20489
20369,20496,20489
20496,20369,20498
20496,20498,20370
20489,20498,20369
20489,20370,20498
20364,20499,20492
20357,20490,20492
20375,20492,20499
20364,20357,20499
20375,20499,20357
20490,20357,20360
20488,20487,20500
20488,20500,20501
20483,20488,20480
20501,20480,20488
20501,20502,20503
20503,20480,20501
20502,20501,20500
20502,20371,20503
20485,20473,20502
20502,20473,20471
20500,20485,20502
20502,20471,20371
20480,20503,20371
20487,20485,20500
20487,20372,20485
20389,20486,20504
20389,20505,20486
20506,20358,20486
20506,20486,20373
20486,20505,20374
20486,20507,20373
20486,20374,20507
20486,20477,20504
20389,20504,20478
20504,20477,20478
20506,20373,20507
20506,20507,20374
20505,20388,20374
20505,20389,20388
20506,20387,20358
20508,20506,20374
20387,20506,20508
20374,20388,20508
20388,20387,20508
20372,20509,20485
20442,20485,20509
20509,20372,20371
20371,20471,20509
20510,20442,20509
20471,20511,20509
20509,20512,20510
20509,20511,20512
20510,20513,20514
20510,20512,20513
20510,20515,20442
20510,20514,20469
20515,20510,20469
20515,20514,20513
20515,20469,20514
20512,20515,20513
20515,20476,20442
20512,20476,20515
20470,20516,20513
20513,20469,20470
20471,20469,20513
20513,20516,20471
20516,20517,20518
20518,20471,20516
20519,20517,20516
20516,20470,20520
20521,20519,20516
20516,20522,20521
20516,20520,20522
20520,20467,20523
20523,20522,20520
20467,20520,20524
20520,20468,20525
20468,20520,20470
20520,20526,20524
20520,20525,20526
20521,20527,20524
20524,20519,20521
20524,20527,20528
20524,20528,20442
20467,20524,20526
20525,20524,20442
20519,20524,20525
20528,20527,20523
20528,20437,20442
20437,20528,20529
20529,20528,20530
20530,20528,20523
20530,20531,20529
20532,20531,20530
20533,20530,20534
20532,20530,20533
20523,20534,20530
20532,20535,20531
20534,20535,20532
20534,20532,20536
20536,20532,20533
20537,20536,20533
20538,20536,20537
20536,20538,20534
20538,20539,20540
20534,20538,20540
20541,20539,20538
20538,20537,20541
20541,20533,20542
20533,20541,20537
20543,20539,20541
20542,20544,20541
20541,20544,20545
20545,20543,20541
20545,20546,20547
20543,20545,20547
20546,20545,20544
20547,20546,20548
20548,20546,20549
20544,20549,20546
20549,20550,20548
20550,20549,20542
20542,20549,20544
20550,20551,20552
20542,20551,20550
20552,20548,20550
20548,20552,20547
20547,20552,20553
20553,20552,20551
20551,20554,20553
20555,20553,20554
20553,20555,20547
20547,20555,20556
20556,20555,20557
20554,20557,20555
20557,20558,20556
20558,20557,20542
20542,20557,20554
20558,20559,20556
20542,20559,20558
20560,20561,20559
20559,20562,20560
20561,20556,20559
20542,20562,20559
20535,20562,20531
20542,20531,20562
20535,20560,20562
20561,20560,20547
20547,20556,20561
20563,20547,20560
20560,20535,20563
20547,20563,20564
20565,20564,20563
20563,20535,20534
20565,20563,20534
20529,20565,20466
20523,20466,20565
20565,20566,20564
20534,20523,20565
20566,20565,20435
20435,20565,20465
20434,20465,20565
20565,20529,20434
20564,20566,20435
20566,20567,20568
20566,20432,20567
20432,20566,20569
20568,20569,20566
20432,20569,20564
20568,20564,20569
20568,20432,20434
20432,20568,20433
20434,20529,20568
20444,20433,20568
20529,20531,20568
20444,20568,20531
20564,20568,20567
20564,20567,20432
20564,20570,20547
20564,20435,20570
20445,20570,20571
20445,20547,20570
20572,20571,20570
20433,20570,20435
20572,20570,20436
20436,20570,20441
20570,20433,20441
20572,20573,20439
20573,20572,20436
20439,20438,20572
20571,20572,20438
20571,20573,20445
20573,20446,20445
20573,20436,20446
20448,20439,20573
20448,20573,20571
20438,20448,20571
20554,20551,20542
20445,20540,20547
20539,20543,20547
20547,20540,20539
20531,20542,20444
20542,20533,20574
20542,20574,20444
20444,20574,20445
20540,20445,20574
20574,20533,20540
20534,20540,20533
20437,20529,20466
20517,20527,20521
20517,20519,20527
20518,20523,20527
20527,20511,20518
20527,20519,20511
20525,20468,20467
20467,20526,20525
20525,20442,20476
20525,20511,20519
20511,20525,20476
20522,20523,20517
20466,20523,20467
20517,20523,20518
20522,20517,20521
20511,20471,20518
20512,20511,20476
20371,20479,20480
20369,20367,20479
20369,20479,20371
20478,20479,20373
20375,20373,20479
20478,20459,20389
20373,20459,20478
20442,20462,20477
20477,20462,20463
20476,20475,20470
20470,20474,20476
20470,20442,20474
20442,20470,20475
20466,20465,20437
20465,20434,20437
20442,20443,20462
20427,20389,20459
20459,20423,20424
20423,20459,20378
20374,20378,20459
20373,20374,20459
20441,20444,20448
20438,20441,20448
20444,20441,20433
20385,20426,20377
20426,20385,20390
20426,20386,20377
20390,20424,20423
20423,20378,20377
20382,20423,20377
20385,20575,20378
20378,20386,20385
20385,20377,20575
20386,20575,20377
20386,20378,20575
20357,20364,20375
20360,20359,20372
20370,20369,20371
20339,20355,20356
20353,20356,20355
20338,20355,20354
20333,20355,20338
20339,20353,20355
20354,20353,20338
20330,20332,20343
20328,20341,20333
20332,20335,20326
20326,20325,20332
20330,20328,20331
20576,20577,20578
20578,20579,20576
20580,20579,20578
20581,20578,20577
20580,20578,20581
20577,20582,20581
20582,20583,20581
20584,20581,20583
20584,20580,20581
20583,20585,20584
20580,20584,20586
20586,20584,20587
20588,20587,20584
20588,20584,20585
20585,20589,20588
20589,20585,20590
20583,20590,20585
20590,20583,20591
20592,20590,20591
20593,20589,20590
20590,20594,20593
20594,20590,20595
20592,20595,20590
20595,20592,20587
20587,20592,20586
20591,20580,20592
20580,20586,20592
20596,20589,20593
20594,20596,20593
20596,20597,20589
20598,20597,20596
20599,20596,20600
20599,20598,20596
20594,20600,20596
20601,20600,20602
20601,20599,20600
20594,20602,20600
20603,20601,20602
20602,20604,20603
20605,20604,20602
20606,20605,20602
20602,20594,20606
20606,20594,20607
20606,20607,20595
20597,20606,20608
20595,20608,20606
20605,20606,20597
20608,20589,20597
20608,20609,20589
20608,20595,20609
20609,20587,20588
20587,20609,20595
20589,20609,20588
20594,20595,20607
20598,20605,20597
20605,20610,20604
20610,20605,20598
20604,20610,20611
20610,20612,20611
20598,20612,20610
20613,20611,20612
20598,20599,20612
20612,20599,20613
20613,20614,20611
20613,20601,20614
20599,20601,20613
20615,20614,20601
20614,20615,20616
20617,20611,20614
20614,20616,20618
20618,20617,20614
20619,20618,20616
20619,20617,20618
20616,20620,20619
20617,20619,20620
20616,20621,20620
20620,20621,20617
20621,20616,20622
20621,20622,20611
20611,20617,20621
20603,20622,20615
20622,20603,20611
20615,20622,20616
20615,20601,20603
20611,20603,20604
20591,20576,20579
20576,20591,20582
20582,20591,20583
20580,20591,20579
20582,20577,20576
20623,20624,20625
20625,20626,20623
20625,20627,20626
20628,20625,20624
20629,20625,20628
20630,20625,20629
20631,20627,20625
20630,20631,20625
20632,20630,20629
20633,20630,20632
20631,20630,20634
20633,20634,20630
20633,20635,20636
20635,20633,20632
20636,20637,20633
20634,20633,20637
20638,20637,20636
20639,20637,20640
20637,20639,20634
20641,20640,20637
20637,20642,20641
20643,20642,20637
20643,20637,20638
20644,20645,20638
20643,20638,20645
20638,20646,20644
20647,20646,20638
20636,20647,20638
20647,20636,20648
20649,20647,20648
20650,20647,20649
20647,20651,20652
20651,20647,20650
20652,20646,20647
20650,20653,20654
20653,20650,20655
20656,20657,20650
20656,20650,20654
20650,20649,20655
20651,20650,20657
20657,20658,20659
20657,20660,20658
20661,20662,20657
20657,20663,20661
20664,20663,20657
20657,20665,20660
20659,20664,20657
20657,20662,20651
20657,20656,20665
20665,20666,20660
20666,20665,20667
20656,20668,20665
20667,20665,20668
20669,20667,20654
20654,20667,20670
20668,20670,20667
20667,20669,20666
20671,20669,20672
20672,20669,20654
20669,20671,20666
20672,20660,20671
20660,20666,20671
20660,20672,20654
20668,20656,20670
20654,20670,20656
20673,20659,20658
20674,20659,20675
20659,20674,20664
20659,20673,20676
20659,20676,20675
20675,20676,20673
20673,20674,20675
20673,20658,20677
20677,20674,20673
20677,20678,20679
20677,20680,20678
20681,20677,20658
20677,20679,20674
20677,20681,20680
20682,20677,20683
20682,20684,20677
20684,20683,20677
20684,20679,20683
20682,20683,20679
20684,20682,20679
20679,20678,20685
20646,20652,20679
20652,20686,20679
20679,20687,20688
20679,20686,20687
20689,20674,20679
20679,20688,20689
20646,20679,20685
20678,20690,20685
20691,20685,20690
20646,20685,20639
20691,20639,20685
20690,20692,20691
20691,20692,20639
20693,20694,20692
20639,20692,20694
20692,20690,20693
20678,20693,20690
20693,20678,20695
20695,20694,20693
20694,20695,20639
20680,20696,20695
20695,20696,20639
20695,20678,20680
20681,20696,20680
20681,20658,20696
20654,20696,20658
20654,20639,20696
20661,20663,20688
20689,20688,20663
20687,20697,20688
20688,20697,20661
20698,20661,20697
20697,20699,20698
20699,20697,20687
20700,20698,20699
20699,20686,20700
20699,20701,20686
20687,20701,20699
20701,20687,20686
20700,20686,20702
20698,20700,20662
20702,20662,20700
20702,20686,20703
20702,20703,20704
20704,20705,20702
20705,20662,20702
20704,20703,20706
20707,20706,20703
20707,20703,20686
20652,20708,20707
20686,20652,20707
20707,20708,20706
20708,20652,20706
20651,20709,20706
20709,20710,20706
20704,20706,20710
20652,20651,20706
20662,20711,20710
20710,20651,20662
20710,20709,20651
20710,20711,20704
20705,20704,20711
20711,20662,20705
20698,20712,20661
20662,20712,20698
20712,20662,20661
20689,20663,20664
20689,20664,20674
20654,20658,20660
20655,20713,20653
20714,20713,20655
20655,20649,20714
20636,20713,20714
20636,20714,20648
20648,20714,20649
20653,20713,20636
20654,20715,20634
20654,20716,20715
20653,20636,20654
20716,20654,20636
20634,20639,20654
20715,20716,20717
20718,20716,20635
20635,20716,20636
20718,20717,20716
20715,20717,20719
20717,20720,20721
20718,20720,20717
20719,20717,20721
20720,20722,20721
20721,20722,20719
20722,20720,20719
20715,20719,20723
20723,20719,20720
20723,20720,20635
20635,20715,20723
20720,20718,20635
20632,20715,20635
20715,20632,20631
20631,20634,20715
20642,20645,20644
20644,20641,20642
20644,20724,20640
20640,20641,20644
20646,20724,20644
20724,20646,20640
20639,20640,20646
20645,20642,20643
20632,20629,20628
20628,20626,20632
20631,20632,20626
20631,20626,20627
20628,20624,20623
20626,20628,20623
20725,20726,20727
20726,20728,20727
20729,20728,20726
20729,20726,20730
20726,20731,20730
20726,20725,20731
20732,20733,20725
20733,20731,20725
20725,20727,20732
20734,20732,20728
20732,20727,20728
20733,20732,20734
20728,20729,20734
20734,20735,20733
20734,20729,20735
20736,20733,20735
20729,20730,20735
20735,20737,20736
20737,20735,20738
20738,20735,20730
20739,20738,20740
20731,20740,20738
20738,20739,20741
20741,20737,20738
20738,20730,20731
20739,20742,20741
20737,20741,20742
20739,20743,20742
20743,20737,20742
20744,20745,20743
20743,20745,20737
20746,20744,20743
20746,20743,20747
20739,20747,20743
20744,20748,20745
20746,20749,20744
20750,20748,20744
20751,20750,20744
20751,20744,20749
20752,20748,20750
20751,20752,20750
20753,20752,20751
20748,20752,20754
20754,20752,20755
20756,20752,20753
20757,20755,20752
20752,20756,20757
20756,20758,20757
20757,20758,20759
20757,20759,20755
20758,20756,20760
20760,20759,20758
20756,20761,20760
20760,20761,20759
20753,20761,20756
20759,20761,20753
20753,20749,20759
20749,20755,20759
20762,20755,20749
20755,20762,20754
20763,20754,20762
20762,20746,20763
20746,20762,20749
20763,20739,20764
20764,20748,20763
20754,20763,20748
20747,20763,20746
20739,20763,20747
20748,20764,20745
20745,20764,20765
20764,20739,20740
20740,20765,20764
20765,20740,20766
20765,20766,20737
20765,20737,20745
20767,20766,20740
20766,20767,20736
20737,20766,20736
20731,20767,20740
20767,20731,20733
20733,20736,20767
20749,20753,20751
20768,20769,20770
20768,20771,20769
20771,20768,20772
20773,20772,20768
20773,20768,20770
20774,20772,20773
20772,20774,20775
20776,20772,20775
20771,20772,20776
20776,20777,20778
20776,20775,20777
20776,20778,20771
20770,20769,20778
20778,20769,20771
20770,20778,20777
20779,20780,20777
20779,20777,20775
20777,20780,20770
20780,20779,20781
20781,20782,20780
20780,20782,20770
20773,20770,20782
20773,20782,20774
20774,20782,20783
20782,20781,20783
20783,20781,20784
20785,20783,20786
20783,20785,20774
20784,20787,20783
20786,20783,20787
20785,20786,20788
20786,20787,20788
20789,20788,20790
20785,20788,20789
20790,20788,20787
20790,20791,20792
20791,20790,20793
20790,20792,20789
20787,20793,20790
20794,20793,20784
20793,20787,20784
20793,20794,20795
20793,20796,20797
20797,20791,20793
20793,20795,20796
20798,20795,20794
20798,20796,20795
20799,20796,20798
20800,20798,20794
20801,20798,20800
20798,20801,20799
20799,20801,20802
20802,20803,20799
20797,20799,20803
20796,20799,20797
20803,20804,20797
20805,20804,20803
20803,20806,20805
20806,20803,20802
20802,20807,20806
20806,20807,20808
20808,20805,20806
20809,20808,20807
20808,20809,20810
20805,20808,20811
20810,20811,20808
20811,20812,20805
20811,20810,20813
20812,20811,20814
20811,20813,20814
20815,20814,20816
20814,20815,20812
20817,20816,20814
20817,20814,20813
20817,20818,20816
20819,20817,20820
20820,20817,20813
20819,20818,20817
20821,20818,20822
20821,20816,20818
20818,20823,20822
20818,20824,20823
20819,20824,20818
20822,20825,20824
20824,20826,20822
20824,20827,20828
20824,20828,20829
20830,20824,20825
20824,20830,20826
20829,20831,20824
20832,20824,20831
20824,20819,20833
20833,20834,20824
20823,20824,20834
20835,20824,20836
20835,20837,20824
20837,20836,20824
20824,20838,20827
20824,20832,20838
20839,20840,20824
20839,20824,20841
20841,20824,20842
20840,20842,20824
20815,20816,20838
20838,20828,20815
20830,20838,20816
20838,20843,20828
20838,20830,20843
20829,20827,20838
20829,20838,20832
20835,20838,20844
20835,20845,20838
20845,20844,20838
20845,20830,20844
20835,20844,20830
20830,20845,20828
20835,20828,20845
20822,20828,20843
20822,20843,20830
20822,20846,20840
20839,20822,20840
20842,20840,20846
20822,20839,20846
20842,20846,20839
20842,20847,20841
20842,20839,20847
20830,20841,20847
20830,20847,20839
20839,20841,20830
20832,20831,20830
20829,20832,20830
20829,20828,20827
20822,20826,20825
20830,20825,20826
20837,20828,20836
20835,20836,20828
20828,20837,20830
20835,20830,20837
20823,20834,20828
20833,20828,20834
20833,20820,20828
20819,20820,20833
20829,20830,20831
20822,20830,20821
20830,20816,20821
20848,20815,20828
20828,20820,20848
20828,20822,20823
20849,20815,20848
20848,20813,20849
20813,20848,20820
20850,20812,20849
20850,20849,20851
20851,20849,20813
20815,20849,20812
20851,20852,20850
20853,20852,20851
20813,20809,20851
20809,20853,20851
20853,20804,20852
20804,20853,20854
20854,20853,20855
20853,20809,20807
20853,20807,20855
20797,20855,20791
20854,20855,20797
20855,20800,20791
20855,20807,20800
20804,20854,20797
20804,20805,20852
20850,20852,20805
20812,20850,20805
20810,20809,20813
20801,20800,20807
20801,20807,20802
20794,20792,20800
20792,20791,20800
20784,20856,20794
20792,20794,20789
20789,20794,20856
20784,20857,20856
20789,20856,20857
20858,20857,20784
20857,20785,20789
20857,20859,20785
20857,20858,20859
20781,20859,20858
20781,20858,20784
20781,20779,20859
20779,20785,20859
20785,20779,20775
20785,20775,20774
20860,20861,20862
20862,20863,20860
20864,20863,20862
20862,20865,20864
20862,20861,20865
20866,20867,20864
20864,20867,20863
20864,20865,20868
20868,20866,20864
20869,20870,20866
20869,20866,20868
20866,20871,20872
20873,20871,20866
20874,20866,20870
20874,20873,20866
20875,20867,20866
20872,20875,20866
20875,20876,20867
20876,20875,20877
20877,20875,20872
20863,20876,20878
20876,20879,20878
20879,20876,20880
20877,20880,20876
20867,20876,20863
20881,20880,20877
20882,20880,20881
20882,20879,20880
20882,20860,20883
20861,20860,20882
20883,20879,20882
20861,20882,20865
20865,20882,20881
20878,20883,20860
20879,20883,20878
20881,20877,20884
20884,20885,20881
20881,20868,20865
20868,20881,20885
20873,20886,20885
20885,20871,20873
20871,20885,20872
20886,20887,20885
20868,20885,20887
20872,20885,20877
20884,20877,20885
20888,20889,20887
20888,20887,20890
20868,20887,20889
20886,20890,20887
20889,20888,20891
20868,20889,20891
20891,20892,20893
20892,20891,20888
20891,20893,20868
20868,20893,20869
20869,20893,20874
20892,20874,20893
20874,20892,20890
20892,20888,20890
20890,20873,20874
20886,20873,20890
20863,20878,20860
20874,20870,20869
20894,20895,20896
20895,20897,20896
20898,20897,20895
20895,20894,20898
20899,20894,20896
20898,20894,20900
20894,20901,20900
20894,20902,20901
20894,20899,20902
20903,20899,20904
20896,20904,20899
20899,20903,20905
20905,20902,20899
20900,20905,20903
20906,20902,20905
20900,20906,20905
20907,20906,20908
20907,20909,20906
20902,20906,20909
20908,20906,20900
20910,20907,20908
20910,20908,20911
20900,20911,20908
20911,20901,20910
20911,20900,20901
20912,20907,20910
20913,20910,20901
20914,20910,20913
20910,20914,20912
20915,20907,20912
20916,20915,20912
20916,20912,20914
20917,20915,20916
20918,20916,20914
20919,20916,20918
20916,20920,20921
20920,20916,20919
20921,20917,20916
20917,20922,20915
20923,20922,20917
20917,20924,20923
20924,20917,20921
20922,20923,20925
20926,20923,20924
20927,20925,20923
20923,20926,20927
20925,20927,20928
20927,20926,20929
20928,20927,20930
20929,20930,20927
20928,20930,20931
20932,20933,20930
20931,20930,20933
20930,20929,20934
20930,20935,20932
20934,20935,20930
20935,20934,20932
20933,20932,20934
20929,20933,20934
20931,20936,20928
20936,20931,20933
20936,20924,20921
20921,20920,20936
20937,20936,20920
20928,20936,20937
20926,20924,20936
20933,20926,20936
20919,20937,20920
20919,20925,20937
20937,20925,20928
20926,20933,20929
20925,20919,20922
20922,20919,20918
20922,20938,20915
20938,20922,20918
20938,20913,20939
20915,20938,20939
20913,20938,20914
20914,20938,20918
20915,20939,20907
20907,20939,20909
20909,20939,20913
20913,20901,20909
20901,20902,20909
20898,20900,20903
20940,20898,20903
20941,20903,20904
20903,20941,20940
20897,20940,20941
20941,20896,20897
20904,20896,20941
20897,20898,20940
20942,20943,20944
20944,20945,20942
20946,20945,20944
20944,20947,20946
20948,20947,20944
20949,20948,20944
20944,20950,20949
20950,20944,20951
20952,20953,20944
20944,20954,20952
20943,20954,20944
20944,20955,20956
20955,20944,20953
20956,20951,20944
20957,20958,20951
20951,20958,20959
20959,20960,20951
20951,20961,20950
20951,20960,20962
20951,20962,20963
20951,20964,20965
20964,20951,20956
20963,20961,20951
20965,20966,20951
20951,20966,20967
20951,20967,20957
20942,20957,20967
20957,20942,20945
20945,20958,20957
20943,20967,20966
20967,20943,20942
20954,20966,20965
20966,20954,20943
20949,20950,20961
20961,20963,20949
20952,20965,20964
20965,20952,20954
20948,20949,20963
20963,20962,20948
20964,20968,20969
20964,20969,20970
20970,20971,20964
20953,20964,20971
20972,20973,20964
20964,20974,20972
20956,20975,20964
20964,20975,20974
20964,20953,20952
20964,20973,20976
20976,20968,20964
20977,20978,20968
20968,20976,20977
20969,20968,20978
20979,20978,20953
20953,20978,20977
20978,20979,20969
20969,20979,20980
20980,20979,20953
20970,20980,20981
20953,20981,20980
20980,20970,20969
20981,20971,20970
20971,20981,20953
20982,20977,20976
20977,20982,20953
20953,20982,20983
20983,20982,20973
20976,20973,20982
20983,20984,20953
20984,20983,20972
20973,20972,20983
20985,20984,20974
20984,20985,20953
20972,20974,20984
20955,20985,20975
20953,20985,20955
20974,20975,20985
20975,20956,20955
20948,20962,20960
20960,20947,20948
20947,20960,20959
20946,20959,20958
20959,20946,20947
20958,20945,20946
20986,20987,20988
20986,20989,20987
20989,20986,20988
20988,20987,20990
20988,20990,20991
20991,20989,20988
20987,20992,20990
20990,20992,20993
20993,20991,20990
20993,20994,20991
20994,20993,20995
20993,20996,20995
20993,20997,20996
20997,20993,20992
20998,20999,20997
21000,20998,20997
20992,21000,20997
20997,20999,20996
20999,21001,20996
20999,21002,21001
20999,21003,21002
20999,20998,21003
20998,21004,21003
21003,21004,21005
21002,21003,21005
21002,21005,21006
21006,21005,21007
21005,21004,21007
21008,21007,21009
21009,21007,21010
21004,21010,21007
21007,21008,21011
21011,21012,21007
21006,21007,21012
21008,21009,21013
21008,21014,21015
21015,21011,21008
21014,21008,21013
21009,21016,21013
21017,21013,21012
21012,21013,21016
21013,21017,21014
21016,21009,21001
21001,21002,21016
21006,21016,21002
21012,21016,21006
21018,21014,21017
21017,21019,21018
21017,21020,21019
21012,21020,21017
21012,21011,21020
21020,21011,21015
21021,21020,21015
21020,21021,21019
21022,21021,21015
21021,21022,21023
21024,21019,21021
21021,21023,21024
21023,21025,21024
21025,21023,21022
21019,21024,21025
21022,21019,21025
21022,21015,21014
21014,21018,21022
21019,21022,21018
21010,21001,21009
21026,21001,21010
21026,21010,21004
20996,21001,21026
20996,21026,20995
21004,20998,21026
21026,20998,21027
21027,20995,21026
20994,20995,21027
20998,20994,21027
21000,21028,20998
20992,21028,21000
21029,20994,21028
21030,21029,21028
20992,21030,21028
20998,21028,20994
21030,20992,21029
21031,21029,20992
21029,21031,20989
21029,20991,20994
20989,20991,21029
20992,20987,21031
21031,20987,20989
21032,21033,21034
21033,21035,21034
21033,21036,21035
21037,21036,21033
21038,21033,21032
21038,21037,21033
21038,21032,21034
21034,21039,21038
21037,21038,21040
21038,21041,21040
21038,21039,21041
21042,21040,21041
21040,21042,21043
21044,21040,21043
21040,21044,21037
21045,21044,21046
21043,21046,21044
21044,21045,21037
21035,21037,21045
21035,21045,21039
21039,21045,21047
21046,21047,21045
21041,21047,21042
21041,21039,21047
21048,21042,21047
21048,21047,21046
21049,21042,21048
21050,21048,21046
21051,21048,21050
21048,21051,21049
21042,21049,21052
21051,21052,21049
21052,21053,21042
21054,21052,21051
21055,21056,21052
21052,21056,21053
21052,21054,21057
21057,21055,21052
21053,21043,21042
21053,21050,21043
21056,21050,21053
21051,21058,21054
21058,21057,21054
21059,21057,21058
21060,21059,21058
21061,21058,21062
21058,21061,21060
21062,21058,21063
21050,21063,21058
21058,21051,21050
21059,21060,21064
21061,21062,21060
21060,21062,21065
21060,21065,21064
21064,21065,21066
21065,21067,21066
21067,21065,21068
21068,21065,21062
21069,21070,21068
21068,21062,21069
21068,21070,21071
21068,21071,21067
21070,21072,21071
21067,21071,21072
21064,21066,21072
21070,21064,21072
21073,21072,21066
21067,21072,21074
21073,21074,21072
21075,21067,21074
21075,21074,21073
21075,21066,21067
21073,21066,21075
21064,21070,21059
21069,21059,21070
21057,21059,21069
21069,21062,21055
21069,21055,21057
21063,21050,21056
21056,21062,21063
21062,21056,21055
21046,21043,21050
21039,21034,21035
21036,21037,21035
21076,21077,21078
21077,21079,21078
21079,21077,21080
21081,21080,21077
21076,21081,21077
21081,21082,21079
21082,21081,21076
21080,21081,21083
21083,21081,21084
21084,21081,21085
21079,21085,21081
21080,21086,21085
21087,21085,21086
21080,21085,21079
21085,21087,21084
21088,21089,21087
21088,21087,21090
21087,21091,21090
21086,21091,21087
21087,21089,21092
21092,21084,21087
21088,21093,21092
21092,21089,21088
21092,21093,21094
21095,21084,21092
21092,21094,21095
21096,21094,21093
21094,21096,21090
21090,21095,21094
21093,21097,21096
21096,21097,21088
21090,21096,21088
21088,21097,21093
21091,21083,21095
21095,21090,21091
21084,21095,21083
21083,21091,21086
21083,21086,21080
21076,21098,21082
21099,21082,21100
21082,21099,21078
21082,21098,21100
21078,21079,21082
21078,21098,21076
21101,21100,21098
21098,21078,21101
21100,21101,21102
21078,21102,21101
21103,21102,21104
21104,21102,21078
21102,21103,21100
21099,21103,21105
21100,21103,21099
21106,21105,21103
21103,21104,21106
21106,21104,21078
21078,21107,21106
21105,21106,21107
21107,21108,21105
21108,21107,21109
21110,21109,21107
21107,21078,21110
21109,21111,21108
21112,21109,21110
21109,21112,21111
21112,21110,21113
21111,21112,21114
21113,21114,21112
21114,21115,21111
21115,21114,21116
21116,21114,21113
21117,21116,21118
21119,21118,21116
21116,21117,21115
21116,21113,21119
21120,21121,21119
21119,21113,21120
21119,21122,21123
21122,21119,21121
21123,21118,21119
21124,21123,21125
21124,21118,21123
21125,21123,21122
21125,21122,21126
21126,21127,21125
21124,21125,21127
21128,21127,21126
21127,21129,21124
21129,21127,21128
21126,21130,21128
21129,21128,21131
21131,21128,21130
21130,21126,21132
21133,21130,21134
21132,21134,21130
21131,21130,21133
21132,21135,21124
21135,21132,21126
21129,21134,21132
21124,21129,21132
21126,21122,21135
21124,21135,21121
21121,21135,21122
21134,21136,21133
21137,21133,21136
21138,21133,21137
21138,21139,21133
21133,21139,21131
21140,21131,21139
21139,21141,21140
21139,21138,21141
21142,21143,21141
21141,21144,21142
21145,21144,21141
21140,21141,21136
21141,21138,21145
21143,21136,21141
21136,21143,21137
21146,21137,21143
21143,21142,21146
21138,21137,21146
21146,21142,21147
21147,21148,21146
21149,21146,21148
21149,21145,21146
21146,21145,21138
21149,21150,21144
21148,21150,21149
21145,21149,21144
21151,21152,21150
21150,21148,21151
21144,21150,21152
21152,21153,21154
21152,21154,21144
21153,21152,21151
21153,21151,21155
21155,21156,21153
21157,21154,21153
21153,21156,21157
21158,21159,21157
21157,21160,21158
21161,21160,21157
21154,21157,21159
21157,21156,21161
21159,21162,21154
21151,21162,21159
21159,21155,21151
21159,21163,21155
21159,21158,21163
21160,21155,21163
21160,21163,21158
21148,21147,21162
21162,21151,21148
21162,21147,21144
21144,21154,21162
21161,21155,21160
21155,21161,21156
21164,21158,21155
21158,21165,21155
21165,21158,21164
21165,21164,21155
21166,21164,21167
21166,21168,21164
21167,21164,21168
21167,21169,21170
21170,21166,21167
21171,21169,21167
21167,21168,21165
21167,21165,21171
21166,21171,21165
21166,21170,21171
21170,21169,21171
21166,21165,21168
21147,21142,21144
21131,21140,21129
21134,21129,21140
21136,21134,21140
21118,21124,21117
21117,21124,21121
21121,21120,21117
21120,21172,21111
21172,21120,21113
21111,21115,21120
21120,21115,21117
21172,21099,21108
21099,21172,21110
21113,21110,21172
21108,21111,21172
21110,21078,21099
21105,21108,21099
21173,21174,21175
21175,21176,21173
21177,21176,21175
21175,21174,21177
21177,21178,21179
21178,21177,21180
21176,21177,21181
21179,21181,21177
21180,21177,21174
21179,21182,21183
21182,21179,21178
21183,21181,21179
21181,21183,21184
21184,21183,21182
21185,21186,21184
21184,21187,21185
21184,21186,21181
21182,21187,21184
21187,21188,21189
21188,21187,21190
21191,21190,21187
21191,21187,21192
21182,21192,21187
21189,21193,21187
21187,21193,21194
21187,21194,21195
21185,21187,21196
21187,21195,21196
21197,21198,21196
21185,21196,21198
21196,21195,21199
21196,21199,21197
21197,21200,21198
21201,21202,21197
21173,21197,21202
21197,21173,21200
21197,21203,21201
21197,21199,21203
21203,21204,21201
21203,21205,21204
21199,21205,21203
21206,21205,21207
21207,21205,21208
21205,21206,21204
21209,21205,21199
21205,21209,21208
21208,21209,21210
21210,21211,21208
21212,21208,21211
21208,21212,21207
21212,21211,21213
21213,21214,21212
21207,21212,21214
21214,21213,21215
21215,21216,21214
21214,21216,21217
21214,21217,21207
21218,21207,21217
21217,21219,21218
21219,21217,21220
21220,21217,21216
21221,21220,21222
21222,21220,21223
21224,21219,21220
21223,21220,21216
21225,21226,21220
21224,21220,21226
21220,21221,21225
21227,21224,21228
21227,21229,21224
21230,21231,21224
21230,21224,21232
21224,21231,21233
21226,21232,21224
21233,21228,21224
21229,21219,21224
21234,21229,21235
21229,21236,21235
21236,21229,21237
21237,21229,21227
21219,21229,21234
21218,21219,21234
21234,21238,21218
21235,21238,21234
21218,21238,21239
21240,21239,21238
21238,21235,21240
21239,21240,21241
21241,21240,21235
21239,21241,21206
21204,21206,21241
21241,21242,21204
21242,21241,21236
21235,21236,21241
21236,21243,21242
21242,21243,21244
21244,21204,21242
21245,21244,21243
21244,21246,21247
21246,21244,21248
21204,21244,21247
21249,21248,21244
21244,21245,21249
21248,21249,21188
21250,21188,21249
21249,21251,21250
21251,21249,21245
21252,21253,21251
21250,21251,21253
21251,21245,21252
21253,21252,21237
21252,21245,21243
21243,21237,21252
21254,21253,21255
21250,21253,21254
21256,21253,21227
21231,21253,21256
21237,21227,21253
21255,21253,21231
21231,21257,21255
21257,21258,21255
21259,21260,21255
21255,21258,21259
21255,21260,21261
21261,21262,21255
21255,21262,21263
21255,21215,21254
21255,21216,21215
21255,21263,21216
21264,21216,21263
21263,21265,21264
21265,21263,21262
21266,21264,21267
21266,21216,21264
21264,21265,21267
21267,21268,21269
21270,21267,21269
21267,21270,21271
21268,21267,21265
21272,21266,21267
21272,21267,21271
21271,21209,21272
21271,21270,21273
21273,21209,21271
21274,21189,21273
21274,21273,21270
21273,21189,21209
21270,21269,21274
21274,21269,21275
21189,21274,21276
21275,21276,21274
21277,21275,21278
21269,21278,21275
21276,21275,21277
21277,21279,21280
21279,21277,21278
21281,21277,21280
21277,21281,21276
21193,21276,21281
21281,21194,21193
21280,21194,21281
21272,21282,21280
21194,21280,21282
21272,21280,21279
21282,21199,21195
21195,21194,21282
21199,21282,21209
21282,21272,21209
21283,21279,21278
21284,21279,21283
21284,21272,21279
21285,21272,21284
21285,21284,21286
21286,21284,21287
21287,21284,21283
21283,21198,21287
21173,21287,21198
21288,21287,21173
21287,21288,21286
21289,21288,21173
21290,21286,21288
21288,21291,21290
21291,21288,21289
21173,21292,21289
21293,21291,21289
21293,21289,21294
21294,21289,21292
21173,21295,21292
21296,21297,21292
21292,21295,21296
21292,21297,21294
21298,21297,21299
21298,21294,21297
21300,21299,21297
21297,21301,21300
21296,21301,21297
21298,21299,21302
21300,21303,21299
21299,21303,21304
21302,21299,21304
21304,21303,21305
21303,21306,21305
21303,21307,21306
21303,21300,21307
21308,21309,21307
21309,21310,21307
21307,21310,21311
21312,21313,21307
21307,21314,21312
21314,21307,21296
21313,21315,21307
21307,21315,21304
21308,21307,21305
21301,21296,21307
21311,21305,21307
21304,21306,21307
21307,21300,21301
21311,21316,21317
21310,21316,21311
21302,21305,21311
21311,21318,21302
21318,21311,21317
21317,21316,21314
21314,21295,21317
21317,21295,21319
21317,21319,21318
21319,21180,21320
21319,21320,21321
21180,21319,21322
21323,21322,21319
21319,21295,21323
21319,21302,21318
21321,21302,21319
21322,21173,21202
21173,21322,21323
21324,21180,21322
21324,21322,21325
21202,21325,21322
21325,21202,21326
21327,21325,21326
21328,21329,21325
21325,21329,21330
21327,21331,21325
21325,21332,21333
21325,21333,21334
21330,21335,21325
21334,21328,21325
21325,21335,21332
21324,21325,21331
21327,21334,21331
21324,21331,21334
21335,21336,21333
21336,21335,21337
21329,21335,21190
21335,21333,21190
21338,21335,21329
21330,21332,21335
21339,21337,21335
21338,21339,21335
21340,21341,21339
21337,21339,21341
21339,21338,21340
21341,21340,21204
21338,21204,21340
21342,21341,21343
21204,21343,21341
21342,21337,21341
21344,21342,21343
21344,21337,21342
21345,21344,21343
21344,21345,21346
21344,21346,21347
21348,21337,21344
21344,21347,21348
21345,21347,21346
21345,21348,21347
21345,21349,21336
21337,21345,21336
21345,21337,21348
21349,21345,21343
21349,21350,21336
21350,21349,21351
21352,21351,21349
21349,21343,21352
21353,21352,21343
21353,21354,21352
21355,21352,21354
21351,21352,21355
21351,21355,21356
21356,21355,21357
21355,21358,21357
21354,21359,21355
21355,21359,21360
21360,21232,21355
21355,21232,21361
21361,21358,21355
21362,21358,21361
21363,21362,21361
21363,21361,21364
21361,21232,21364
21364,21365,21366
21364,21366,21363
21364,21358,21365
21357,21364,21225
21357,21358,21364
21364,21226,21225
21232,21226,21364
21367,21366,21365
21365,21362,21356
21356,21257,21365
21358,21362,21365
21365,21257,21367
21366,21367,21368
21230,21368,21367
21367,21231,21230
21257,21231,21367
21368,21363,21366
21369,21368,21230
21363,21368,21369
21363,21369,21370
21230,21370,21369
21371,21370,21359
21356,21370,21371
21362,21363,21370
21356,21362,21370
21232,21370,21230
21232,21360,21370
21370,21360,21359
21372,21371,21228
21371,21372,21373
21371,21373,21374
21350,21371,21374
21371,21350,21356
21359,21375,21371
21371,21375,21228
21359,21354,21375
21354,21228,21375
21374,21373,21376
21246,21376,21373
21256,21246,21373
21256,21373,21372
21374,21376,21248
21376,21246,21248
21374,21336,21350
21336,21374,21377
21377,21374,21353
21374,21248,21353
21336,21377,21346
21377,21378,21346
21353,21343,21377
21378,21377,21343
21190,21378,21188
21248,21188,21378
21190,21333,21378
21247,21248,21378
21348,21346,21378
21378,21333,21348
21343,21247,21378
21372,21379,21256
21379,21372,21233
21228,21233,21372
21256,21379,21231
21233,21231,21379
21357,21222,21356
21222,21357,21225
21351,21356,21350
21257,21356,21222
21354,21246,21228
21353,21246,21354
21353,21247,21246
21247,21353,21248
21348,21333,21336
21336,21346,21348
21343,21204,21247
21329,21204,21338
21324,21334,21380
21380,21334,21381
21334,21333,21191
21382,21334,21191
21334,21382,21328
21327,21381,21334
21327,21382,21381
21380,21381,21382
21191,21182,21382
21178,21382,21182
21382,21383,21202
21382,21178,21383
21382,21384,21380
21326,21384,21382
21202,21201,21382
21201,21385,21382
21382,21327,21326
21328,21382,21385
21201,21327,21385
21328,21385,21327
21380,21384,21386
21386,21384,21326
21386,21387,21380
21386,21326,21202
21202,21383,21386
21386,21383,21387
21180,21387,21178
21178,21387,21383
21380,21387,21324
21180,21324,21387
21330,21333,21332
21327,21201,21328
21328,21201,21329
21330,21329,21191
21330,21191,21333
21204,21329,21201
21190,21191,21329
21321,21320,21388
21302,21321,21389
21389,21321,21315
21388,21309,21321
21321,21309,21315
21388,21320,21314
21309,21388,21316
21388,21314,21316
21315,21313,21389
21313,21390,21389
21391,21389,21390
21392,21389,21391
21392,21393,21389
21394,21395,21389
21389,21298,21394
21298,21389,21395
21302,21389,21393
21298,21395,21391
21394,21391,21395
21302,21393,21394
21392,21394,21393
21391,21394,21298
21394,21396,21397
21394,21398,21396
21394,21392,21398
21397,21399,21394
21399,21400,21394
21400,21401,21394
21302,21394,21401
21302,21401,21298
21400,21298,21401
21402,21397,21396
21400,21399,21397
21397,21402,21400
21403,21402,21396
21402,21403,21404
21402,21404,21400
21403,21405,21404
21404,21405,21406
21400,21404,21407
21404,21408,21407
21404,21406,21408
21405,21409,21406
21406,21409,21392
21410,21406,21411
21412,21411,21406
21406,21392,21412
21406,21410,21408
21413,21414,21410
21410,21411,21413
21414,21415,21410
21410,21416,21417
21416,21410,21418
21415,21418,21410
21417,21408,21410
21416,21415,21419
21420,21419,21415
21415,21414,21420
21418,21415,21421
21421,21415,21422
21422,21415,21416
21418,21421,21422
21416,21423,21422
21423,21419,21422
21422,21419,21424
21424,21425,21422
21418,21422,21425
21424,21423,21425
21418,21425,21423
21424,21426,21427
21428,21426,21424
21424,21429,21423
21424,21416,21429
21416,21424,21430
21427,21431,21424
21430,21424,21431
21432,21428,21424
21424,21420,21432
21424,21419,21420
21433,21428,21434
21435,21434,21428
21435,21428,21432
21433,21426,21428
21434,21436,21433
21433,21436,21437
21437,21426,21433
21437,21436,21438
21426,21437,21439
21440,21439,21437
21437,21441,21440
21441,21437,21442
21437,21438,21442
21441,21442,21443
21443,21442,21444
21442,21438,21445
21442,21445,21444
21444,21445,21446
21444,21446,21434
21443,21444,21447
21447,21444,21434
21447,21445,21438
21448,21445,21447
21448,21447,21434
21438,21443,21447
21445,21448,21449
21450,21449,21448
21451,21450,21448
21451,21448,21435
21434,21435,21448
21449,21450,21452
21453,21450,21451
21452,21450,21454
21453,21454,21450
21455,21454,21453
21456,21457,21453
21453,21427,21456
21458,21453,21457
21459,21453,21460
21453,21459,21461
21462,21453,21458
21463,21453,21462
21463,21464,21453
21453,21464,21460
21453,21461,21455
21451,21427,21453
21455,21465,21466
21467,21455,21466
21454,21455,21468
21468,21455,21467
21465,21455,21461
21465,21469,21470
21465,21471,21469
21471,21465,21472
21473,21466,21465
21461,21473,21465
21472,21465,21474
21470,21474,21465
21475,21470,21469
21470,21475,21476
21477,21478,21470
21477,21470,21476
21470,21478,21479
21470,21461,21474
21479,21472,21470
21461,21470,21472
21476,21480,21481
21481,21482,21476
21483,21476,21482
21476,21483,21484
21480,21476,21475
21484,21477,21476
21484,21483,21485
21484,21430,21431
21430,21484,21485
21478,21477,21484
21484,21486,21478
21486,21484,21487
21431,21487,21484
21487,21431,21488
21487,21488,21489
21487,21490,21486
21489,21490,21487
21478,21486,21490
21490,21479,21478
21489,21479,21490
21489,21488,21472
21489,21477,21491
21477,21489,21492
21472,21479,21489
21478,21492,21489
21489,21491,21478
21492,21493,21479
21477,21492,21479
21492,21478,21493
21491,21479,21493
21491,21493,21478
21479,21491,21477
21494,21495,21488
21488,21495,21482
21482,21471,21488
21472,21488,21471
21496,21488,21431
21488,21496,21494
21496,21497,21494
21430,21497,21496
21430,21496,21498
21451,21498,21496
21431,21451,21496
21498,21451,21420
21499,21430,21498
21498,21500,21499
21500,21498,21420
21501,21502,21500
21497,21500,21502
21503,21500,21497
21420,21501,21500
21500,21503,21499
21504,21503,21497
21504,21505,21503
21503,21505,21506
21507,21499,21503
21506,21508,21503
21508,21507,21503
21509,21510,21507
21509,21507,21501
21507,21502,21501
21511,21502,21507
21507,21510,21512
21512,21511,21507
21499,21507,21513
21508,21513,21507
21508,21510,21513
21499,21513,21510
21510,21514,21512
21510,21515,21499
21515,21510,21508
21510,21509,21514
21516,21514,21509
21514,21516,21517
21514,21518,21512
21417,21514,21517
21518,21514,21519
21520,21519,21514
21417,21520,21514
21521,21520,21522
21519,21520,21521
21523,21522,21520
21520,21417,21523
21506,21512,21523
21508,21506,21523
21523,21512,21524
21523,21515,21508
21524,21525,21523
21522,21523,21525
21515,21523,21417
21524,21526,21525
21522,21525,21526
21519,21526,21527
21527,21526,21524
21526,21519,21521
21522,21526,21521
21527,21528,21529
21529,21473,21527
21527,21530,21528
21519,21527,21473
21518,21530,21527
21527,21524,21518
21530,21518,21531
21475,21530,21531
21530,21532,21528
21533,21532,21530
21530,21475,21533
21469,21534,21533
21469,21533,21475
21533,21534,21535
21532,21533,21535
21535,21536,21532
21536,21535,21537
21537,21535,21534
21482,21481,21537
21537,21481,21518
21537,21518,21536
21534,21471,21537
21537,21471,21482
21528,21532,21536
21518,21528,21536
21534,21469,21471
21531,21480,21475
21504,21480,21531
21531,21505,21504
21505,21531,21481
21481,21531,21518
21528,21518,21538
21538,21529,21528
21538,21539,21529
21539,21538,21540
21538,21541,21540
21538,21519,21542
21519,21538,21518
21542,21541,21538
21541,21542,21543
21543,21542,21544
21545,21544,21542
21473,21459,21542
21473,21542,21519
21542,21459,21545
21407,21544,21545
21407,21545,21400
21546,21400,21545
21547,21545,21459
21547,21546,21545
21298,21400,21546
21298,21546,21548
21549,21548,21546
21550,21546,21551
21549,21546,21550
21546,21547,21552
21546,21552,21551
21549,21553,21548
21553,21549,21554
21550,21554,21549
21554,21555,21553
21554,21556,21555
21550,21556,21554
21555,21556,21462
21463,21462,21556
21556,21550,21557
21556,21557,21463
21558,21463,21557
21551,21557,21550
21557,21551,21552
21557,21559,21558
21552,21559,21557
21560,21558,21559
21560,21559,21552
21460,21560,21459
21459,21560,21547
21552,21547,21560
21560,21460,21558
21464,21463,21558
21558,21460,21464
21462,21561,21555
21562,21553,21555
21555,21561,21562
21548,21562,21563
21564,21563,21562
21564,21562,21561
21553,21562,21548
21563,21564,21565
21561,21467,21564
21565,21564,21467
21566,21567,21565
21565,21568,21566
21568,21565,21467
21565,21567,21563
21567,21569,21563
21570,21569,21567
21543,21570,21567
21567,21571,21543
21571,21567,21566
21543,21571,21541
21566,21541,21571
21570,21572,21392
21570,21573,21572
21573,21570,21574
21392,21569,21570
21543,21574,21570
21574,21575,21573
21575,21574,21576
21576,21574,21543
21575,21576,21577
21517,21578,21576
21576,21578,21577
21544,21408,21576
21408,21417,21576
21576,21543,21544
21576,21417,21517
21579,21577,21580
21580,21577,21516
21581,21582,21577
21577,21579,21581
21516,21577,21578
21575,21577,21582
21583,21412,21582
21582,21581,21583
21412,21392,21582
21582,21392,21575
21411,21583,21584
21584,21583,21579
21581,21579,21583
21411,21412,21583
21584,21414,21413
21414,21584,21580
21579,21580,21584
21413,21411,21584
21580,21516,21509
21501,21580,21509
21580,21420,21414
21501,21420,21580
21578,21517,21516
21575,21392,21573
21403,21572,21573
21573,21392,21405
21405,21403,21573
21403,21392,21572
21585,21586,21569
21569,21390,21585
21569,21548,21563
21390,21569,21391
21391,21569,21392
21548,21569,21587
21569,21588,21587
21569,21586,21588
21586,21589,21590
21591,21589,21586
21586,21585,21591
21590,21588,21586
21587,21588,21590
21590,21592,21587
21592,21590,21589
21592,21589,21593
21594,21587,21592
21592,21593,21594
21595,21593,21596
21596,21593,21597
21593,21598,21597
21593,21595,21599
21599,21286,21593
21593,21286,21600
21593,21589,21598
21600,21601,21593
21594,21593,21601
21602,21601,21603
21604,21603,21601
21601,21600,21604
21605,21601,21602
21601,21605,21594
21298,21548,21605
21298,21605,21606
21606,21605,21607
21605,21602,21607
21548,21594,21605
21294,21606,21607
21294,21298,21606
21294,21607,21608
21608,21607,21609
21607,21390,21609
21607,21602,21390
21609,21290,21608
21610,21290,21609
21390,21611,21609
21609,21611,21610
21290,21610,21612
21312,21612,21610
21312,21610,21611
21612,21613,21290
21613,21612,21181
21314,21181,21612
21312,21314,21612
21613,21181,21614
21290,21613,21615
21615,21613,21616
21616,21613,21614
21614,21617,21616
21617,21618,21616
21618,21619,21616
21616,21619,21615
21619,21618,21600
21600,21290,21619
21290,21615,21619
21618,21604,21600
21618,21589,21604
21620,21589,21618
21621,21618,21617
21621,21620,21618
21621,21622,21620
21589,21620,21598
21623,21620,21622
21624,21620,21623
21624,21598,21620
21624,21625,21626
21626,21597,21624
21623,21625,21624
21598,21624,21597
21627,21626,21625
21625,21623,21627
21627,21628,21629
21629,21630,21627
21631,21627,21630
21631,21467,21627
21627,21467,21462
21632,21628,21627
21627,21623,21632
21626,21627,21462
21633,21630,21634
21634,21630,21629
21630,21633,21446
21446,21631,21630
21630,21635,21636
21636,21637,21630
21638,21630,21637
21638,21635,21630
21635,21638,21639
21640,21636,21635
21635,21641,21640
21639,21642,21635
21635,21642,21641
21642,21639,21634
21639,21638,21634
21631,21643,21641
21641,21644,21631
21644,21641,21645
21640,21641,21643
21645,21641,21646
21647,21646,21641
21647,21641,21642
21646,21647,21648
21649,21648,21647
21647,21650,21649
21650,21647,21651
21652,21651,21647
21642,21652,21647
21634,21652,21642
21652,21634,21653
21654,21651,21652
21652,21653,21654
21654,21655,21656
21656,21657,21654
21654,21657,21658
21658,21634,21654
21654,21634,21629
21659,21654,21629
21655,21654,21660
21654,21659,21660
21654,21661,21651
21662,21654,21638
21662,21661,21654
21638,21654,21653
21651,21661,21650
21663,21661,21662
21661,21664,21650
21661,21663,21664
21664,21656,21665
21656,21664,21666
21664,21667,21668
21667,21664,21655
21664,21665,21655
21666,21664,21663
21668,21650,21664
21599,21669,21668
21670,21668,21669
21668,21667,21671
21668,21671,21672
21668,21672,21673
21668,21670,21649
21285,21286,21668
21668,21286,21599
21668,21649,21650
21668,21673,21285
21674,21675,21673
21673,21676,21674
21285,21673,21675
21676,21673,21677
21677,21673,21672
21677,21223,21676
21678,21223,21677
21677,21672,21678
21679,21680,21678
21679,21678,21672
21223,21678,21680
21680,21679,21681
21681,21682,21680
21223,21680,21682
21683,21682,21684
21683,21223,21682
21684,21682,21685
21682,21681,21685
21684,21686,21683
21685,21687,21684
21684,21688,21257
21688,21684,21689
21684,21690,21686
21684,21222,21690
21689,21684,21687
21257,21222,21684
21223,21683,21686
21223,21686,21690
21691,21689,21671
21692,21671,21689
21689,21691,21693
21692,21689,21694
21689,21693,21688
21689,21687,21694
21694,21695,21692
21687,21695,21694
21696,21697,21695
21688,21696,21695
21695,21698,21699
21699,21692,21695
21698,21695,21697
21688,21695,21687
21697,21696,21700
21697,21679,21698
21687,21697,21700
21697,21687,21685
21685,21681,21697
21697,21681,21679
21700,21259,21257
21259,21700,21696
21700,21688,21687
21688,21700,21257
21699,21698,21701
21698,21679,21702
21698,21702,21701
21701,21656,21699
21693,21656,21701
21696,21701,21702
21696,21688,21701
21701,21688,21693
21702,21703,21704
21702,21679,21703
21704,21259,21702
21696,21702,21259
21705,21259,21704
21703,21706,21704
21704,21706,21707
21704,21707,21705
21707,21675,21674
21706,21675,21707
21674,21705,21707
21705,21674,21708
21259,21705,21708
21259,21708,21709
21676,21709,21708
21676,21708,21674
21260,21259,21709
21710,21709,21711
21260,21709,21710
21712,21711,21709
21709,21676,21712
21711,21285,21713
21711,21713,21710
21285,21711,21266
21711,21712,21266
21285,21714,21713
21261,21710,21713
21714,21715,21713
21713,21715,21261
21715,21714,21268
21262,21261,21715
21715,21268,21262
21716,21717,21714
21617,21714,21717
21278,21268,21714
21285,21716,21714
21278,21714,21617
21718,21717,21716
21675,21716,21285
21716,21675,21718
21717,21718,21719
21706,21718,21675
21718,21706,21719
21719,21720,21721
21720,21719,21706
21721,21617,21719
21719,21617,21717
21722,21721,21723
21721,21722,21617
21724,21723,21721
21721,21720,21724
21723,21724,21725
21599,21722,21723
21669,21599,21723
21723,21725,21669
21660,21726,21725
21720,21660,21725
21727,21725,21726
21725,21724,21720
21728,21725,21727
21725,21728,21669
21728,21729,21669
21728,21730,21731
21727,21730,21728
21731,21729,21728
21670,21669,21729
21731,21670,21729
21730,21732,21731
21733,21731,21732
21731,21733,21646
21646,21648,21731
21670,21731,21648
21733,21462,21646
21734,21462,21733
21732,21734,21733
21734,21596,21462
21596,21734,21595
21735,21595,21734
21734,21736,21735
21734,21730,21736
21730,21734,21732
21628,21735,21736
21737,21628,21736
21736,21730,21737
21629,21628,21737
21737,21738,21629
21727,21738,21737
21727,21737,21730
21659,21629,21738
21726,21738,21727
21738,21726,21659
21735,21628,21739
21739,21595,21735
21632,21622,21739
21739,21628,21632
21595,21739,21621
21622,21621,21739
21726,21660,21659
21599,21621,21722
21617,21722,21621
21660,21720,21706
21676,21223,21712
21712,21223,21216
21712,21216,21266
21261,21260,21710
21655,21706,21703
21660,21706,21655
21656,21655,21703
21656,21703,21699
21699,21703,21671
21671,21703,21679
21671,21692,21699
21691,21656,21693
21691,21663,21656
21691,21671,21667
21691,21666,21663
21667,21666,21691
21690,21258,21740
21258,21690,21683
21257,21683,21690
21690,21740,21257
21222,21223,21690
21683,21740,21258
21683,21257,21740
21672,21671,21679
21648,21649,21670
21666,21667,21656
21667,21665,21656
21667,21655,21665
21657,21656,21663
21741,21636,21663
21636,21640,21663
21663,21640,21657
21741,21663,21662
21662,21638,21741
21636,21741,21638
21634,21658,21633
21633,21658,21657
21633,21657,21446
21640,21446,21657
21638,21653,21634
21646,21440,21441
21440,21646,21462
21742,21646,21441
21645,21646,21742
21643,21645,21742
21643,21742,21640
21742,21443,21446
21640,21742,21446
21742,21743,21443
21441,21743,21742
21743,21441,21443
21446,21645,21643
21645,21446,21644
21631,21446,21643
21445,21644,21446
21631,21644,21467
21467,21644,21468
21744,21468,21644
21644,21445,21744
21445,21449,21744
21452,21744,21449
21454,21744,21452
21468,21744,21454
21638,21637,21633
21636,21638,21633
21636,21633,21637
21622,21632,21623
21462,21596,21626
21597,21626,21596
21621,21599,21595
21745,21617,21614
21745,21278,21617
21745,21746,21747
21614,21746,21745
21278,21745,21748
21747,21748,21745
21186,21283,21748
21748,21747,21186
21278,21748,21283
21747,21746,21186
21186,21746,21181
21746,21614,21181
21313,21611,21390
21611,21313,21312
21291,21608,21290
21291,21293,21608
21608,21293,21294
21603,21390,21602
21589,21591,21604
21603,21604,21591
21585,21390,21603
21603,21591,21585
21290,21600,21286
21587,21594,21548
21568,21467,21466
21540,21566,21568
21540,21568,21539
21473,21539,21568
21568,21466,21473
21566,21540,21541
21561,21462,21467
21544,21407,21408
21529,21539,21473
21524,21512,21518
21416,21499,21515
21417,21416,21515
21494,21502,21511
21512,21505,21511
21481,21511,21505
21504,21511,21481
21511,21504,21483
21483,21495,21511
21511,21495,21494
21506,21505,21512
21485,21483,21504
21481,21480,21504
21497,21485,21504
21502,21494,21497
21430,21499,21416
21485,21497,21430
21482,21495,21483
21472,21474,21461
21473,21461,21459
21462,21458,21440
21439,21440,21458
21749,21458,21457
21458,21749,21439
21457,21456,21749
21750,21749,21456
21749,21750,21426
21426,21439,21749
21456,21427,21750
21750,21751,21426
21750,21427,21751
21427,21426,21751
21451,21435,21420
21451,21431,21427
21434,21446,21443
21443,21436,21434
21436,21443,21438
21432,21420,21435
21418,21429,21416
21418,21423,21429
21419,21423,21416
21405,21396,21409
21392,21409,21396
21396,21405,21392
21403,21396,21398
21403,21398,21392
21173,21323,21174
21752,21323,21295
21320,21323,21752
21320,21174,21323
21176,21752,21173
21752,21176,21320
21752,21295,21173
21176,21314,21320
21174,21320,21180
21316,21310,21309
21308,21315,21309
21315,21308,21302
21308,21305,21302
21302,21304,21315
21314,21176,21181
21296,21295,21314
21304,21305,21306
21266,21272,21285
21198,21283,21186
21278,21269,21268
21276,21193,21189
21262,21268,21265
21259,21258,21257
21227,21246,21256
21753,21254,21754
21254,21753,21250
21215,21754,21254
21211,21755,21754
21754,21755,21753
21215,21213,21754
21754,21213,21211
21755,21211,21210
21756,21755,21210
21755,21756,21753
21756,21188,21250
21189,21188,21756
21189,21756,21210
21250,21753,21756
21246,21227,21228
21237,21243,21236
21239,21206,21218
21225,21221,21222
21207,21218,21206
21189,21210,21209
21173,21198,21200
21198,21186,21185
21182,21191,21192
21757,21758,21759
21757,21760,21758
21760,21757,21761
21757,21762,21761
21759,21762,21757
21759,21763,21762
21763,21764,21762
21765,21762,21764
21765,21761,21762
21764,21766,21767
21759,21766,21764
21763,21759,21764
21765,21764,21767
21768,21767,21766
21768,21765,21767
21768,21769,21770
21768,21771,21769
21765,21768,21770
21771,21768,21772
21766,21772,21768
21772,21773,21771
21773,21772,21774
21772,21766,21774
21775,21774,21776
21775,21777,21774
21777,21773,21774
21778,21774,21766
21779,21774,21778
21774,21779,21776
21776,21780,21775
21779,21781,21776
21782,21780,21776
21781,21783,21776
21782,21776,21783
21784,21782,21783
21785,21783,21786
21783,21787,21786
21783,21781,21787
21784,21783,21785
21788,21782,21784
21789,21788,21784
21789,21784,21790
21790,21784,21791
21785,21791,21784
21791,21782,21788
21782,21791,21780
21785,21780,21791
21788,21792,21791
21792,21790,21791
21793,21792,21788
21792,21794,21790
21795,21792,21793
21794,21792,21795
21793,21796,21795
21795,21796,21797
21798,21794,21795
21799,21798,21795
21797,21800,21795
21800,21801,21795
21802,21795,21801
21799,21795,21802
21802,21803,21799
21804,21799,21803
21799,21804,21805
21805,21806,21799
21798,21799,21806
21807,21808,21806
21806,21809,21807
21810,21806,21808
21786,21809,21806
21811,21786,21806
21806,21805,21811
21806,21810,21798
21794,21810,21789
21808,21789,21810
21794,21798,21810
21785,21811,21812
21786,21811,21785
21812,21811,21813
21813,21811,21805
21804,21814,21813
21815,21813,21814
21813,21805,21804
21813,21816,21817
21812,21813,21817
21813,21815,21816
21818,21816,21819
21819,21816,21820
21821,21820,21816
21821,21816,21815
21816,21818,21817
21818,21822,21823
21819,21822,21818
21824,21817,21818
21818,21823,21825
21825,21824,21818
21826,21824,21827
21824,21828,21827
21824,21825,21828
21829,21824,21826
21830,21831,21824
21830,21824,21832
21831,21832,21824
21817,21824,21829
21833,21834,21824
21824,21835,21833
21835,21824,21834
21833,21831,21834
21835,21834,21831
21836,21833,21835
21836,21835,21831
21836,21831,21833
21830,21829,21831
21831,21829,21832
21817,21829,21826
21829,21837,21838
21838,21839,21829
21837,21829,21839
21830,21832,21829
21837,21839,21830
21838,21837,21830
21838,21830,21839
21823,21828,21825
21823,21827,21828
21840,21826,21827
21841,21826,21840
21780,21826,21770
21780,21812,21826
21826,21812,21817
21841,21770,21826
21761,21841,21842
21770,21841,21761
21840,21842,21841
21842,21843,21761
21842,21844,21843
21842,21845,21844
21845,21842,21846
21846,21842,21847
21847,21842,21848
21849,21848,21842
21842,21850,21849
21851,21850,21842
21842,21840,21852
21842,21852,21851
21840,21853,21852
21851,21852,21854
21853,21855,21852
21854,21852,21855
21853,21856,21855
21854,21855,21857
21855,21858,21859
21860,21858,21855
21855,21856,21860
21859,21857,21855
21854,21857,21859
21859,21861,21854
21859,21858,21861
21862,21859,21863
21862,21864,21859
21859,21864,21865
21865,21863,21859
21862,21863,21857
21865,21857,21863
21866,21865,21864
21865,21867,21868
21867,21865,21866
21865,21868,21857
21866,21869,21867
21869,21866,21870
21870,21866,21871
21872,21873,21866
21873,21871,21866
21866,21874,21872
21864,21874,21866
21875,21876,21874
21874,21877,21875
21872,21874,21876
21878,21877,21874
21878,21874,21879
21879,21874,21864
21880,21877,21878
21880,21875,21877
21881,21880,21882
21878,21882,21880
21875,21880,21881
21883,21881,21882
21883,21884,21881
21884,21875,21881
21875,21884,21885
21886,21887,21884
21884,21883,21886
21884,21887,21888
21885,21884,21889
21889,21884,21890
21888,21890,21884
21891,21888,21887
21892,21893,21888
21890,21888,21893
21888,21891,21892
21894,21891,21887
21891,21894,21895
21895,21892,21891
21896,21895,21897
21894,21897,21895
21898,21892,21895
21895,21896,21898
21896,21899,21900
21900,21860,21896
21860,21898,21896
21901,21899,21896
21896,21897,21901
21899,21901,21902
21901,21903,21902
21901,21897,21903
21897,21904,21903
21905,21902,21903
21903,21906,21905
21907,21906,21903
21903,21904,21907
21904,21897,21887
21908,21907,21904
21904,21909,21908
21887,21909,21904
21887,21886,21909
21909,21886,21910
21910,21908,21909
21911,21908,21910
21886,21883,21910
21910,21882,21911
21882,21910,21883
21911,21878,21912
21913,21911,21912
21906,21907,21911
21906,21911,21913
21882,21878,21911
21907,21908,21911
21914,21906,21913
21913,21915,21914
21915,21913,21916
21913,21912,21917
21917,21916,21913
21918,21916,21917
21916,21918,21915
21917,21919,21918
21920,21915,21918
21921,21918,21919
21918,21921,21920
21920,21921,21922
21920,21923,21915
21922,21924,21920
21923,21920,21924
21923,21925,21779
21779,21915,21923
21923,21926,21927
21924,21926,21923
21927,21925,21923
21925,21927,21928
21928,21927,21929
21927,21930,21929
21930,21927,21931
21931,21927,21926
21808,21930,21931
21808,21931,21932
21793,21932,21931
21931,21796,21793
21796,21931,21926
21788,21789,21932
21808,21932,21789
21788,21932,21793
21807,21929,21930
21930,21808,21807
21933,21934,21929
21929,21935,21933
21935,21929,21936
21807,21937,21929
21936,21929,21937
21929,21938,21928
21939,21938,21929
21929,21940,21939
21941,21940,21929
21929,21934,21941
21934,21942,21943
21943,21941,21934
21942,21934,21933
21942,21944,21945
21945,21943,21942
21935,21944,21942
21942,21933,21935
21944,21946,21945
21947,21946,21944
21944,21935,21947
21947,21936,21946
21936,21947,21935
21946,21936,21948
21948,21949,21946
21950,21945,21946
21946,21949,21950
21787,21950,21949
21949,21786,21787
21949,21951,21786
21951,21949,21948
21948,21952,21951
21952,21953,21951
21786,21951,21954
21954,21951,21953
21955,21956,21953
21956,21957,21953
21958,21953,21952
21953,21957,21954
21958,21955,21953
21958,21959,21936
21936,21955,21958
21959,21958,21952
21959,21948,21936
21952,21948,21959
21956,21955,21936
21960,21957,21956
21957,21960,21809
21809,21954,21957
21961,21937,21960
21956,21961,21960
21937,21807,21960
21960,21807,21809
21936,21961,21956
21937,21961,21936
21786,21954,21809
21945,21950,21787
21962,21945,21925
21945,21781,21925
21945,21963,21943
21962,21963,21945
21787,21781,21945
21925,21928,21962
21938,21963,21962
21962,21928,21938
21940,21943,21963
21963,21939,21940
21963,21938,21939
21943,21940,21941
21925,21781,21779
21964,21926,21919
21965,21919,21926
21926,21966,21965
21922,21966,21926
21926,21924,21922
21926,21964,21967
21967,21796,21926
21968,21796,21967
21967,21969,21968
21970,21969,21967
21967,21971,21970
21971,21967,21972
21967,21964,21972
21973,21972,21964
21972,21973,21971
21974,21973,21964
21975,21973,21974
21971,21973,21975
21976,21975,21977
21977,21975,21978
21974,21979,21975
21980,21971,21975
21981,21980,21975
21979,21978,21975
21976,21981,21975
21976,21819,21982
21982,21981,21976
21819,21976,21983
21977,21983,21976
21822,21983,21823
21819,21983,21822
21983,21977,21823
21984,21982,21985
21982,21984,21980
21981,21982,21980
21986,21982,21987
21982,21819,21987
21985,21982,21986
21988,21986,21987
21989,21985,21986
21986,21802,21989
21990,21986,21988
21803,21802,21986
21986,21990,21803
21803,21990,21804
21804,21990,21814
21991,21814,21990
21990,21988,21991
21991,21988,21987
21987,21992,21991
21814,21991,21815
21815,21991,21992
21992,21987,21819
21820,21992,21819
21992,21820,21815
21985,21989,21984
21989,21801,21984
21801,21989,21802
21971,21984,21970
21969,21970,21984
21984,21971,21980
21993,21984,21801
21984,21994,21969
21993,21994,21984
21994,21995,21968
21968,21969,21994
21995,21994,21993
21993,21797,21995
21797,21968,21995
21800,21797,21993
21801,21800,21993
21979,21974,21978
21996,21978,21974
21997,21978,21996
21998,21999,21978
21978,22000,21998
22000,21978,21997
21978,21999,21977
21996,22001,21997
21997,22001,22002
22000,21997,22003
22003,21997,22004
22002,22004,21997
22004,22005,22003
22006,22005,22004
22006,22004,22002
22007,22006,22008
22008,22006,22009
22006,22007,22010
22010,22005,22006
22002,22009,22006
22011,22012,22009
22013,22011,22009
22009,21869,22008
21869,22009,22012
22009,22002,22013
22012,21867,21869
21867,22012,21868
22011,21868,22012
22014,22011,22013
22013,22015,22014
22015,22013,22001
22001,22013,22002
21974,22014,22015
21974,22015,21996
22001,21996,22015
22011,22014,22016
22014,21974,22016
22011,22016,21879
21974,21964,22016
22016,21964,21879
21862,22011,21879
22011,21862,21868
22017,22010,21853
22010,21856,21853
22005,22010,22018
22019,22018,22010
22010,22007,21856
22010,22017,22019
21823,22017,22020
22017,21823,22019
22021,22017,21840
22017,21853,21840
22017,22022,22020
22017,22021,22022
21823,22020,21827
22020,22023,22021
22020,22021,22024
21827,22020,22022
22024,22023,22020
22023,22024,22021
21827,22021,21840
21827,22022,22021
22025,22026,22019
22027,22019,22026
22018,22019,22027
22025,22019,21823
21977,22026,22025
21823,21977,22025
22027,22026,22003
22027,22028,22018
22027,22003,22028
22028,22003,22005
22018,22028,22005
22003,22026,21998
21998,22026,21999
21999,22026,21977
22008,21856,22007
22008,21869,21860
21860,21856,22008
22003,21998,22000
21796,21968,21797
21919,21917,21964
21964,21917,21878
21879,21964,21878
21966,21922,21921
21921,21965,21966
21919,21965,21921
21878,21917,21912
21915,21779,21914
21914,21779,21905
21905,21906,21914
22029,21902,21905
21905,21779,22029
22030,21850,22029
21778,22030,22029
22029,21779,21778
21851,22029,21850
21851,21900,22029
22029,21900,21899
21902,22029,21899
22030,22031,21849
21850,22030,21849
22031,22030,22032
22033,22032,22030
21758,22034,22030
22034,22035,22030
22030,22035,22033
22030,21778,21758
22036,22032,22033
22036,22033,22037
22035,22037,22033
22036,21847,22032
21847,22036,22037
22038,21845,22037
21847,22037,21845
22035,22038,22037
22038,22035,21844
22038,21844,21845
22034,21844,22035
21844,22034,21843
22034,21758,21760
21843,22034,21760
22032,21848,22031
21848,22032,21847
22031,22039,21849
22039,22031,21848
22039,21848,21849
21851,21858,21900
21860,21900,21858
22040,21898,21860
21892,21898,22040
21889,22040,22041
22040,21889,21893
22040,21893,21892
21860,22041,22040
21869,22041,21860
21870,22041,21869
22041,21870,22042
22041,22042,21889
21889,22042,21885
22042,21870,22043
22043,21885,22042
22043,21871,21875
21871,22043,21870
21885,22043,21875
21887,21897,21894
21893,21889,21890
21864,21862,21879
21876,21875,22044
22044,21872,21876
22044,21875,21871
21871,21873,22044
21873,21872,22044
21857,21868,21862
21854,21861,21851
21858,21851,21861
21845,21846,21847
21760,21761,21843
22045,22046,21827
22046,21825,21827
22045,21827,21825
21825,22046,22045
21820,21821,21815
21780,21785,21812
21789,21790,21794
21780,21770,21775
21766,21759,21778
21778,21759,21758
21777,21775,21773
21775,21769,21773
21770,21769,21775
21771,21773,21769
21761,21765,21770
22047,22048,22049
22048,22050,22049
22048,22051,22050
22048,22047,22051
22051,22047,22052
22052,22047,22053
22047,22054,22053
22055,22054,22047
22049,22055,22047
22055,22056,22054
22056,22055,22057
22049,22057,22055
22051,22057,22058
22057,22059,22058
22059,22057,22049
22051,22052,22057
22060,22056,22057
22057,22052,22060
22060,22061,22056
22060,22062,22061
22052,22062,22060
22062,22063,22061
22063,22062,22053
22052,22053,22062
22064,22063,22065
22065,22063,22053
22064,22061,22063
22064,22065,22066
22066,22067,22064
22061,22064,22067
22068,22066,22065
22069,22067,22066
22066,22068,22070
22069,22066,22071
22070,22071,22066
22072,22071,22070
22070,22073,22074
22074,22072,22070
22073,22070,22075
22075,22070,22068
22075,22068,22076
22076,22077,22075
22078,22075,22077
22075,22078,22073
22079,22078,22077
22078,22079,22080
22073,22078,22074
22074,22078,22081
22080,22081,22078
22081,22080,22082
22082,22083,22081
22074,22081,22083
22084,22083,22085
22083,22084,22074
22082,22086,22083
22085,22083,22086
22086,22087,22085
22085,22087,22084
22080,22087,22082
22087,22080,22088
22088,22084,22087
22087,22086,22082
22079,22088,22080
22088,22079,22072
22084,22088,22074
22088,22072,22074
22071,22079,22077
22079,22071,22072
22071,22077,22069
22089,22077,22076
22077,22089,22069
22069,22089,22067
22089,22061,22067
22089,22076,22068
22089,22068,22090
22056,22089,22091
22089,22056,22061
22089,22090,22091
22068,22065,22090
22065,22091,22090
22091,22065,22056
22065,22054,22056
22054,22065,22053
22049,22058,22059
22051,22058,22050
22050,22058,22049
22092,22093,22094
22093,22095,22094
22096,22095,22093
22093,22097,22096
22092,22097,22093
22098,22097,22092
22092,22094,22098
22099,22098,22100
22100,22098,22094
22098,22099,22101
22101,22102,22098
22102,22097,22098
22101,22103,22102
22097,22102,22103
22103,22096,22097
22103,22104,22096
22104,22103,22105
22103,22106,22105
22103,22101,22106
22106,22107,22108
22106,22101,22107
22108,22105,22106
22105,22108,22109
22108,22110,22109
22110,22108,22107
22111,22110,22112
22112,22110,22107
22111,22109,22110
22111,22112,22113
22113,22114,22111
22109,22111,22114
22115,22113,22112
22116,22114,22113
22117,22113,22115
22113,22117,22116
22117,22118,22116
22114,22116,22118
22118,22119,22114
22120,22119,22118
22121,22118,22117
22120,22118,22121
22121,22117,22122
22121,22122,22120
22123,22122,22117
22124,22122,22123
22125,22120,22122
22126,22125,22122
22126,22122,22124
22126,22127,22125
22128,22126,22124
22129,22126,22128
22129,22127,22126
22129,22128,22130
22130,22127,22129
22130,22128,22127
22131,22125,22127
22127,22132,22131
22132,22127,22128
22131,22132,22128
22133,22125,22131
22123,22131,22124
22123,22133,22131
22124,22131,22128
22134,22133,22135
22133,22123,22135
22125,22133,22120
22120,22133,22119
22133,22134,22119
22136,22119,22134
22134,22115,22136
22135,22115,22134
22136,22115,22137
22119,22136,22114
22114,22136,22109
22138,22136,22139
22136,22138,22109
22136,22137,22139
22115,22112,22137
22112,22139,22137
22139,22112,22138
22112,22099,22138
22104,22105,22138
22105,22109,22138
22100,22138,22099
22138,22100,22104
22115,22135,22117
22117,22135,22123
22099,22112,22107
22101,22099,22107
22104,22095,22096
22095,22104,22100
22100,22094,22095
22140,22141,22142
22140,22143,22141
22143,22140,22144
22145,22140,22142
22145,22144,22140
22142,22146,22147
22145,22142,22147
22142,22148,22146
22148,22142,22141
22149,22150,22148
22148,22150,22146
22148,22141,22149
22144,22149,22143
22149,22141,22143
22150,22149,22144
22144,22145,22150
22146,22150,22151
22150,22152,22151
22152,22150,22153
22145,22153,22150
22154,22151,22152
22151,22154,22155
22146,22151,22155
22146,22155,22156
22157,22156,22155
22158,22155,22154
22157,22155,22159
22155,22158,22159
22158,22154,22160
22160,22159,22158
22160,22161,22162
22161,22160,22154
22163,22159,22160
22163,22160,22164
22162,22164,22160
22165,22162,22161
22166,22162,22165
22167,22164,22162
22167,22162,22168
22166,22168,22162
22169,22166,22170
22165,22170,22166
22168,22166,22171
22166,22169,22171
22172,22171,22173
22168,22171,22172
22171,22174,22173
22174,22171,22169
22175,22173,22174
22175,22174,22176
22169,22176,22174
22173,22175,22177
22175,22176,22177
22177,22178,22173
22176,22178,22177
22173,22178,22172
22179,22172,22178
22178,22176,22179
22179,22170,22172
22169,22170,22179
22176,22169,22179
22172,22170,22180
22172,22167,22168
22172,22164,22167
22164,22172,22180
22180,22157,22163
22164,22180,22163
22170,22165,22180
22181,22180,22165
22157,22180,22181
22157,22181,22161
22165,22161,22181
22163,22157,22159
22161,22154,22182
22157,22161,22182
22182,22154,22183
22183,22156,22182
22157,22182,22156
22154,22152,22183
22153,22183,22152
22153,22156,22183
22156,22153,22147
22147,22146,22156
22153,22145,22147
22184,22185,22186
22186,22187,22184
22188,22187,22186
22189,22186,22185
22186,22189,22188
22190,22188,22191
22188,22190,22187
22188,22192,22191
22188,22189,22192
22191,22193,22194
22191,22192,22193
22194,22190,22191
22194,22193,22195
22190,22194,22196
22194,22195,22196
22197,22196,22195
22198,22197,22195
22195,22199,22200
22200,22198,22195
22193,22199,22195
22193,22201,22199
22200,22199,22202
22203,22202,22199
22199,22204,22203
22204,22199,22205
22205,22199,22201
22197,22201,22206
22201,22207,22206
22208,22201,22197
22201,22193,22207
22205,22201,22208
22209,22205,22208
22197,22210,22208
22209,22208,22210
22211,22209,22210
22212,22205,22209
22213,22209,22211
22209,22204,22212
22214,22204,22209
22209,22213,22215
22209,22215,22214
22216,22214,22217
22216,22204,22214
22214,22215,22218
22214,22218,22217
22217,22219,22220
22219,22217,22218
22220,22221,22217
22216,22217,22221
22221,22222,22216
22221,22220,22223
22223,22222,22221
22211,22222,22213
22222,22211,22203
22216,22222,22203
22213,22222,22215
22215,22222,22218
22219,22218,22222
22223,22224,22222
22222,22224,22219
22225,22219,22224
22223,22226,22224
22224,22226,22225
22219,22225,22226
22226,22220,22219
22223,22220,22226
22203,22204,22216
22212,22204,22205
22202,22203,22211
22210,22202,22211
22210,22197,22200
22210,22200,22202
22207,22193,22192
22192,22206,22207
22192,22189,22206
22189,22196,22206
22196,22197,22206
22200,22197,22198
22196,22227,22190
22196,22189,22227
22187,22190,22227
22227,22184,22187
22227,22185,22184
22189,22185,22227
22228,22229,22230
22230,22231,22228
22230,22232,22231
22233,22230,22229
22232,22230,22233
22229,22234,22233
22235,22233,22234
22232,22233,22235
22234,22236,22235
22235,22237,22238
22235,22238,22232
22239,22237,22235
22239,22235,22236
22240,22239,22241
22236,22241,22239
22237,22239,22240
22241,22242,22240
22240,22242,22243
22243,22244,22240
22245,22237,22240
22240,22244,22245
22244,22243,22246
22246,22247,22244
22247,22245,22244
22247,22246,22248
22248,22249,22247
22249,22250,22247
22251,22247,22250
22238,22247,22251
22238,22245,22247
22250,22252,22253
22252,22250,22254
22255,22250,22249
22256,22250,22255
22251,22250,22257
22257,22250,22253
22250,22256,22254
22254,22256,22258
22256,22259,22258
22259,22256,22260
22256,22261,22262
22256,22263,22261
22256,22264,22263
22264,22256,22255
22262,22260,22256
22265,22260,22262
22265,22266,22260
22259,22260,22266
22262,22267,22265
22268,22265,22269
22265,22267,22269
22268,22266,22265
22269,22267,22270
22271,22270,22267
22267,22261,22272
22267,22273,22261
22271,22267,22274
22262,22274,22267
22273,22267,22275
22272,22275,22267
22272,22261,22273
22272,22273,22266
22275,22272,22266
22271,22274,22261
22262,22261,22274
22259,22273,22275
22275,22276,22259
22277,22276,22275
22266,22277,22275
22278,22277,22279
22277,22258,22279
22277,22278,22276
22266,22268,22277
22280,22281,22277
22277,22281,22258
22280,22277,22268
22282,22283,22280
22281,22280,22283
22282,22280,22268
22268,22284,22282
22283,22282,22284
22285,22286,22284
22284,22286,22283
22285,22284,22268
22287,22285,22288
22286,22285,22287
22257,22285,22289
22285,22257,22290
22285,22290,22291
22289,22285,22291
22285,22292,22288
22292,22285,22293
22294,22293,22285
22268,22294,22285
22295,22296,22294
22296,22271,22294
22297,22294,22271
22298,22299,22294
22294,22300,22298
22263,22294,22297
22294,22263,22295
22300,22294,22301
22294,22289,22293
22294,22299,22289
22268,22301,22294
22268,22297,22301
22300,22301,22297
22299,22302,22303
22303,22292,22299
22292,22289,22299
22302,22299,22304
22305,22304,22299
22299,22298,22305
22299,22306,22307
22299,22308,22306
22308,22299,22309
22299,22307,22309
22308,22309,22307
22308,22307,22306
22305,22298,22310
22310,22311,22305
22312,22305,22311
22305,22308,22304
22308,22305,22312
22313,22312,22314
22312,22315,22314
22311,22315,22312
22308,22312,22313
22314,22316,22313
22317,22318,22313
22317,22313,22319
22320,22313,22316
22313,22320,22319
22318,22321,22313
22322,22313,22321
22313,22323,22308
22323,22313,22322
22324,22322,22321
22322,22325,22323
22322,22324,22326
22322,22326,22325
22327,22328,22326
22326,22323,22327
22323,22326,22328
22324,22325,22326
22329,22330,22328
22329,22328,22331
22328,22327,22331
22328,22330,22332
22332,22333,22328
22323,22328,22333
22333,22332,22334
22333,22334,22335
22327,22333,22335
22333,22327,22323
22335,22336,22337
22334,22336,22335
22335,22337,22318
22327,22335,22318
22338,22337,22336
22337,22338,22318
22339,22340,22338
22341,22338,22340
22336,22342,22338
22343,22344,22338
22338,22345,22343
22324,22338,22344
22321,22338,22324
22321,22318,22338
22346,22338,22347
22338,22341,22347
22346,22339,22338
22338,22342,22348
22348,22345,22338
22345,22349,22350
22351,22349,22345
22351,22345,22348
22352,22345,22350
22345,22353,22343
22353,22345,22352
22352,22354,22355
22354,22352,22356
22356,22352,22350
22355,22343,22352
22353,22352,22343
22357,22358,22355
22357,22355,22359
22359,22355,22360
22355,22358,22360
22361,22355,22362
22361,22363,22355
22323,22355,22363
22354,22362,22355
22343,22355,22323
22358,22364,22360
22364,22358,22365
22358,22366,22365
22366,22358,22367
22358,22357,22367
22368,22367,22369
22367,22368,22366
22357,22369,22367
22370,22369,22371
22369,22370,22368
22357,22372,22369
22372,22371,22369
22371,22373,22374
22372,22373,22371
22371,22374,22370
22374,22375,22376
22377,22375,22374
22378,22374,22379
22374,22378,22377
22374,22373,22380
22381,22379,22374
22380,22381,22374
22370,22374,22376
22376,22382,22370
22383,22384,22376
22376,22385,22383
22386,22376,22375
22376,22384,22382
22386,22387,22376
22385,22376,22387
22385,22387,22377
22377,22388,22385
22388,22389,22385
22383,22385,22390
22385,22389,22390
22391,22392,22389
22391,22389,22393
22394,22395,22389
22388,22394,22389
22390,22389,22395
22396,22389,22397
22396,22393,22389
22392,22397,22389
22392,22391,22398
22399,22392,22398
22392,22399,22397
22400,22401,22399
22398,22400,22399
22399,22401,22402
22397,22399,22402
22403,22397,22402
22404,22403,22402
22402,22405,22404
22401,22406,22402
22407,22405,22402
22402,22406,22407
22406,22401,22408
22409,22407,22406
22408,22410,22406
22409,22406,22410
22411,22410,22403
22410,22411,22409
22403,22410,22412
22412,22410,22413
22408,22413,22410
22413,22408,22414
22413,22414,22415
22412,22413,22415
22416,22417,22415
22408,22415,22417
22416,22415,22408
22418,22415,22419
22420,22419,22415
22420,22415,22414
22421,22422,22415
22415,22418,22421
22422,22412,22415
22422,22423,22403
22412,22422,22403
22422,22421,22423
22423,22397,22403
22421,22397,22423
22424,22418,22425
22419,22425,22418
22397,22421,22418
22397,22418,22424
22425,22361,22424
22424,22426,22387
22387,22427,22424
22428,22429,22424
22428,22424,22361
22424,22386,22426
22386,22424,22427
22397,22424,22429
22428,22427,22429
22397,22429,22427
22427,22387,22426
22427,22426,22386
22430,22427,22431
22427,22432,22431
22427,22428,22432
22354,22397,22427
22427,22433,22354
22427,22430,22433
22430,22434,22384
22430,22354,22434
22354,22430,22384
22431,22361,22430
22359,22433,22430
22359,22430,22361
22370,22382,22434
22370,22434,22435
22384,22434,22382
22354,22436,22434
22436,22435,22434
22368,22435,22366
22437,22366,22435
22438,22437,22435
22435,22439,22438
22440,22435,22436
22395,22439,22435
22435,22368,22370
22435,22440,22395
22390,22395,22440
22390,22440,22383
22436,22383,22440
22438,22439,22441
22398,22441,22439
22398,22439,22442
22442,22439,22394
22394,22439,22395
22442,22443,22444
22394,22443,22442
22442,22400,22398
22400,22442,22405
22442,22444,22405
22444,22445,22446
22445,22444,22443
22446,22405,22444
22404,22405,22446
22404,22446,22447
22445,22447,22446
22448,22449,22447
22445,22448,22447
22450,22447,22449
22450,22404,22447
22449,22451,22450
22404,22450,22411
22411,22450,22452
22451,22452,22450
22451,22449,22448
22451,22448,22453
22453,22452,22451
22417,22453,22448
22453,22417,22452
22416,22452,22417
22411,22452,22416
22448,22454,22455
22454,22448,22445
22417,22448,22455
22456,22417,22455
22455,22457,22456
22458,22457,22455
22455,22459,22458
22460,22461,22455
22455,22454,22460
22455,22461,22462
22462,22463,22455
22463,22459,22455
22464,22459,22465
22466,22459,22464
22459,22466,22467
22463,22468,22459
22469,22459,22468
22467,22458,22459
22459,22469,22465
22467,22401,22465
22470,22467,22465
22467,22471,22401
22470,22458,22467
22471,22467,22466
22472,22473,22467
22467,22474,22472
22474,22467,22473
22474,22473,22470
22472,22470,22473
22474,22470,22475
22475,22476,22474
22474,22476,22472
22420,22475,22477
22475,22420,22408
22470,22472,22475
22476,22475,22408
22472,22477,22475
22477,22457,22458
22457,22477,22472
22478,22477,22458
22479,22477,22478
22480,22477,22479
22420,22477,22480
22420,22480,22481
22481,22480,22482
22480,22462,22482
22479,22462,22480
22481,22482,22462
22481,22462,22483
22483,22484,22481
22481,22419,22420
22484,22419,22481
22484,22483,22419
22483,22485,22419
22485,22483,22486
22483,22460,22454
22460,22483,22462
22486,22483,22487
22454,22488,22483
22489,22483,22490
22489,22491,22483
22491,22487,22483
22483,22488,22490
22490,22492,22489
22493,22492,22490
22468,22494,22490
22490,22495,22468
22488,22496,22490
22496,22493,22490
22495,22490,22494
22468,22488,22494
22495,22494,22488
22488,22468,22495
22463,22495,22497
22463,22479,22495
22469,22495,22479
22469,22497,22495
22469,22468,22497
22463,22497,22468
22496,22491,22489
22488,22491,22496
22498,22496,22492
22498,22493,22496
22496,22489,22492
22499,22498,22500
22499,22501,22498
22502,22493,22498
22498,22501,22503
22498,22492,22500
22498,22504,22502
22503,22504,22498
22504,22503,22505
22501,22505,22503
22503,22506,22507
22506,22503,22508
22503,22507,22509
22509,22510,22503
22510,22508,22503
22510,22507,22506
22510,22509,22507
22506,22508,22504
22510,22504,22508
22504,22510,22506
22509,22506,22511
22509,22511,22501
22506,22509,22493
22509,22501,22493
22502,22511,22506
22505,22511,22502
22511,22505,22501
22493,22502,22506
22502,22504,22505
22500,22512,22499
22512,22500,22485
22485,22500,22492
22513,22499,22512
22512,22514,22513
22485,22486,22512
22514,22512,22486
22514,22515,22516
22513,22514,22516
22486,22517,22514
22517,22518,22514
22518,22515,22514
22518,22519,22520
22520,22515,22518
22518,22517,22519
22517,22521,22519
22522,22520,22519
22522,22519,22523
22521,22523,22519
22523,22524,22522
22523,22525,22524
22526,22525,22523
22526,22523,22521
22527,22526,22528
22528,22526,22521
22525,22526,22527
22529,22530,22527
22527,22530,22525
22529,22527,22531
22531,22527,22528
22532,22530,22529
22533,22529,22531
22534,22529,22533
22529,22534,22532
22535,22530,22532
22536,22535,22532
22532,22537,22425
22425,22536,22532
22532,22534,22537
22535,22536,22538
22536,22539,22538
22539,22536,22534
22425,22534,22536
22540,22538,22539
22539,22534,22533
22533,22540,22539
22541,22538,22540
22540,22542,22541
22540,22533,22543
22543,22542,22540
22531,22543,22533
22544,22543,22531
22542,22543,22544
22542,22544,22541
22541,22544,22545
22491,22545,22544
22546,22547,22544
22547,22491,22544
22544,22531,22546
22528,22517,22546
22528,22546,22531
22546,22517,22548
22546,22486,22547
22486,22546,22419
22548,22419,22546
22548,22517,22486
22419,22548,22486
22548,22549,22550
22550,22551,22548
22537,22548,22551
22548,22552,22553
22553,22549,22548
22548,22554,22552
22548,22485,22554
22485,22548,22555
22425,22555,22548
22548,22556,22425
22548,22537,22556
22425,22419,22555
22485,22555,22419
22557,22425,22556
22557,22556,22537
22558,22559,22557
22559,22361,22557
22558,22557,22560
22557,22537,22561
22561,22562,22557
22425,22557,22361
22560,22557,22562
22560,22563,22558
22560,22562,22564
22560,22565,22566
22560,22566,22563
22565,22560,22567
22567,22560,22564
22563,22559,22568
22568,22569,22563
22558,22563,22569
22559,22563,22566
22570,22569,22571
22569,22570,22572
22569,22573,22558
22572,22573,22569
22574,22571,22569
22574,22569,22568
22575,22574,22576
22574,22575,22577
22571,22574,22578
22574,22577,22578
22576,22574,22568
22576,22579,22575
22576,22580,22579
22568,22581,22576
22580,22576,22581
22579,22580,22581
22582,22579,22581
22558,22573,22581
22581,22573,22582
22559,22581,22568
22581,22559,22558
22583,22584,22582
22582,22585,22583
22586,22585,22582
22587,22582,22584
22582,22588,22541
22582,22541,22586
22587,22579,22582
22588,22582,22589
22589,22582,22572
22573,22572,22582
22445,22586,22454
22545,22454,22586
22586,22445,22590
22590,22591,22586
22545,22586,22541
22586,22591,22585
22592,22593,22586
22586,22594,22592
22594,22586,22593
22594,22593,22545
22592,22545,22593
22545,22592,22594
22595,22585,22591
22591,22365,22595
22591,22596,22364
22596,22591,22597
22598,22597,22591
22364,22365,22591
22591,22590,22598
22599,22597,22598
22599,22598,22600
22601,22600,22598
22601,22598,22602
22602,22598,22590
22381,22602,22379
22590,22379,22602
22603,22602,22381
22601,22602,22603
22373,22603,22380
22603,22381,22380
22601,22603,22373
22428,22604,22601
22601,22431,22428
22431,22601,22604
22600,22601,22373
22431,22604,22600
22428,22600,22604
22605,22606,22600
22373,22605,22600
22606,22607,22600
22600,22607,22599
22600,22428,22431
22608,22596,22607
22599,22607,22596
22609,22608,22607
22607,22606,22609
22596,22608,22360
22360,22608,22609
22609,22605,22360
22605,22609,22606
22360,22605,22372
22605,22373,22372
22597,22599,22596
22360,22364,22596
22365,22437,22595
22610,22595,22437
22595,22610,22585
22610,22611,22612
22612,22585,22610
22437,22611,22610
22612,22611,22583
22437,22583,22611
22583,22585,22612
22443,22590,22445
22613,22379,22590
22590,22443,22613
22614,22613,22443
22613,22378,22379
22614,22377,22613
22613,22377,22378
22443,22394,22614
22394,22388,22614
22388,22377,22614
22615,22588,22616
22589,22616,22588
22588,22615,22541
22615,22616,22617
22535,22615,22618
22617,22618,22615
22541,22615,22538
22538,22615,22535
22589,22619,22617
22620,22617,22619
22617,22616,22589
22620,22618,22617
22619,22621,22620
22622,22620,22621
22618,22620,22622
22623,22622,22624
22621,22624,22622
22535,22622,22623
22618,22622,22535
22524,22530,22623
22524,22623,22625
22623,22530,22535
22624,22625,22623
22625,22626,22524
22627,22628,22625
22625,22629,22627
22630,22625,22624
22626,22625,22628
22625,22630,22629
22627,22629,22630
22630,22631,22627
22630,22624,22632
22632,22633,22630
22633,22631,22630
22634,22627,22631
22634,22631,22635
22636,22631,22633
22631,22637,22635
22631,22636,22637
22636,22638,22637
22636,22633,22639
22638,22636,22639
22640,22641,22636
22636,22561,22640
22561,22636,22641
22561,22641,22633
22640,22633,22641
22640,22562,22633
22640,22561,22642
22642,22564,22640
22640,22564,22562
22643,22644,22642
22642,22645,22643
22645,22642,22644
22642,22646,22564
22646,22642,22647
22648,22647,22642
22642,22649,22648
22649,22642,22561
22634,22650,22644
22651,22634,22644
22651,22644,22652
22644,22653,22652
22644,22643,22653
22654,22644,22650
22654,22655,22644
22644,22655,22645
22655,22654,22656
22655,22657,22643
22657,22655,22656
22645,22655,22643
22658,22659,22656
22658,22656,22660
22661,22660,22656
22656,22659,22662
22663,22656,22664
22664,22656,22665
22656,22666,22665
22656,22663,22667
22654,22661,22656
22662,22668,22656
22656,22668,22669
22656,22670,22666
22656,22669,22670
22656,22671,22657
22667,22671,22656
22671,22667,22672
22673,22667,22674
22667,22663,22674
22675,22672,22667
22675,22667,22673
22676,22677,22673
22673,22677,22675
22676,22673,22665
22674,22665,22673
22678,22679,22676
22680,22676,22679
22676,22680,22678
22677,22676,22645
22681,22676,22665
22681,22682,22676
22645,22676,22682
22681,22680,22682
22645,22682,22680
22681,22683,22684
22681,22665,22683
22680,22681,22685
22681,22684,22685
22686,22685,22687
22686,22688,22685
22685,22688,22689
22684,22687,22685
22690,22685,22689
22690,22680,22685
22691,22692,22689
22689,22693,22691
22693,22689,22694
22690,22689,22695
22694,22689,22688
22689,22692,22695
22686,22696,22692
22686,22692,22691
22696,22695,22692
22697,22696,22686
22698,22696,22697
22696,22698,22695
22680,22679,22698
22698,22679,22695
22680,22698,22678
22678,22698,22697
22699,22697,22686
22700,22697,22699
22697,22700,22683
22697,22683,22678
22700,22684,22683
22687,22684,22700
22687,22700,22699
22699,22664,22687
22701,22664,22699
22699,22686,22701
22664,22701,22702
22686,22687,22701
22687,22702,22701
22702,22687,22703
22702,22703,22674
22704,22664,22702
22704,22702,22705
22705,22702,22674
22705,22706,22707
22705,22707,22708
22706,22705,22709
22708,22709,22705
22663,22704,22705
22705,22674,22663
22708,22704,22709
22704,22708,22707
22710,22706,22708
22710,22708,22711
22706,22712,22708
22713,22708,22712
22711,22708,22713
22714,22715,22713
22713,22716,22714
22713,22712,22716
22717,22713,22715
22711,22713,22718
22713,22717,22719
22719,22718,22713
22720,22721,22719
22719,22722,22720
22719,22723,22722
22723,22719,22721
22718,22719,22717
22720,22723,22715
22715,22723,22717
22717,22723,22724
22723,22720,22724
22718,22722,22723
22723,22721,22718
22724,22718,22717
22718,22724,22711
22711,22724,22720
22720,22718,22721
22718,22720,22722
22715,22711,22720
22711,22715,22725
22715,22726,22725
22715,22714,22726
22727,22728,22726
22728,22725,22726
22710,22726,22712
22716,22712,22726
22726,22714,22729
22716,22726,22729
22727,22726,22710
22550,22730,22727
22727,22731,22550
22727,22732,22733
22734,22727,22733
22735,22728,22727
22727,22730,22735
22731,22727,22734
22710,22732,22727
22736,22737,22730
22738,22736,22730
22739,22730,22737
22730,22739,22740
22730,22740,22735
22730,22553,22738
22549,22553,22730
22730,22550,22549
22741,22737,22736
22737,22741,22739
22741,22736,22742
22743,22741,22744
22745,22744,22741
22746,22741,22743
22741,22746,22745
22739,22741,22747
22742,22747,22741
22744,22745,22501
22501,22745,22748
22745,22746,22748
22746,22493,22748
22748,22493,22501
22742,22749,22744
22749,22742,22750
22750,22742,22736
22742,22744,22747
22750,22513,22749
22750,22499,22513
22751,22499,22750
22736,22751,22750
22751,22501,22499
22738,22751,22736
22752,22753,22751
22501,22751,22753
22738,22752,22751
22554,22753,22752
22752,22738,22754
22554,22752,22754
22552,22754,22738
22552,22554,22754
22753,22744,22501
22753,22743,22744
22743,22753,22746
22493,22746,22753
22492,22753,22554
22753,22492,22493
22520,22749,22516
22516,22749,22513
22744,22749,22755
22522,22755,22749
22749,22520,22522
22756,22755,22757
22756,22744,22755
22757,22755,22522
22757,22626,22758
22757,22758,22759
22757,22760,22756
22757,22759,22760
22761,22626,22757
22761,22757,22522
22761,22550,22731
22731,22561,22761
22561,22762,22761
22550,22761,22762
22626,22761,22551
22522,22551,22761
22561,22551,22762
22550,22762,22551
22763,22760,22764
22759,22764,22760
22760,22765,22756
22760,22763,22728
22760,22766,22765
22728,22766,22760
22766,22756,22716
22766,22714,22756
22740,22765,22766
22740,22766,22735
22716,22729,22766
22766,22729,22714
22735,22766,22728
22740,22756,22765
22764,22767,22763
22767,22725,22763
22728,22763,22725
22767,22764,22768
22768,22769,22767
22725,22767,22769
22770,22769,22768
22769,22711,22725
22711,22769,22732
22769,22770,22732
22771,22764,22770
22770,22764,22651
22653,22657,22770
22653,22770,22651
22770,22768,22771
22772,22770,22657
22772,22732,22770
22734,22733,22772
22732,22772,22733
22677,22648,22772
22772,22672,22677
22772,22649,22734
22648,22649,22772
22657,22672,22772
22771,22768,22764
22627,22764,22758
22651,22764,22627
22764,22759,22758
22628,22758,22773
22627,22758,22628
22626,22773,22758
22626,22628,22773
22739,22744,22756
22756,22714,22716
22756,22740,22739
22739,22747,22744
22738,22553,22552
22734,22561,22731
22732,22710,22711
22561,22734,22649
22706,22710,22712
22706,22709,22704
22704,22707,22706
22704,22663,22664
22664,22703,22687
22674,22703,22664
22774,22693,22694
22690,22694,22775
22774,22694,22690
22776,22694,22688
22694,22776,22775
22776,22777,22778
22776,22778,22779
22776,22780,22775
22779,22780,22776
22688,22777,22776
22780,22777,22781
22781,22777,22688
22777,22782,22778
22782,22777,22780
22783,22778,22782
22784,22783,22782
22782,22779,22784
22780,22779,22782
22785,22786,22784
22787,22785,22784
22788,22789,22784
22787,22784,22789
22784,22790,22788
22790,22784,22779
22783,22784,22791
22786,22791,22784
22792,22793,22787
22792,22787,22794
22795,22785,22787
22787,22793,22795
22787,22789,22794
22796,22794,22797
22794,22796,22792
22798,22797,22794
22794,22799,22798
22794,22789,22788
22794,22788,22799
22798,22799,22788
22788,22800,22798
22798,22800,22801
22797,22798,22801
22288,22802,22801
22802,22803,22801
22288,22801,22803
22800,22804,22801
22801,22804,22797
22804,22805,22797
22806,22805,22804
22804,22790,22806
22804,22788,22790
22804,22800,22788
22288,22803,22804
22804,22802,22288
22802,22804,22803
22790,22779,22806
22806,22807,22805
22779,22808,22806
22807,22806,22808
22809,22807,22808
22805,22807,22810
22811,22807,22809
22807,22811,22810
22811,22812,22775
22812,22811,22813
22775,22813,22811
22810,22811,22805
22809,22805,22811
22812,22813,22810
22775,22810,22813
22775,22812,22810
22802,22814,22812
22780,22812,22814
22802,22812,22780
22802,22775,22814
22780,22814,22775
22805,22809,22815
22816,22815,22809
22809,22817,22816
22817,22809,22818
22808,22818,22809
22818,22808,22817
22816,22817,22819
22783,22819,22817
22778,22783,22817
22778,22817,22808
22819,22791,22820
22819,22820,22816
22783,22791,22819
22821,22820,22791
22821,22822,22820
22816,22820,22822
22822,22823,22816
22823,22822,22824
22825,22826,22822
22822,22821,22825
22822,22826,22824
22693,22826,22827
22693,22824,22826
22826,22828,22827
22825,22828,22826
22827,22691,22693
22827,22828,22691
22829,22827,22830
22827,22829,22825
22831,22830,22827
22827,22688,22831
22827,22825,22688
22688,22686,22831
22686,22832,22831
22832,22833,22831
22833,22825,22831
22831,22828,22830
22831,22829,22828
22831,22825,22829
22833,22832,22828
22828,22825,22833
22832,22686,22691
22828,22832,22691
22829,22830,22828
22824,22774,22823
22774,22824,22693
22688,22825,22821
22823,22658,22660
22823,22774,22658
22816,22823,22815
22660,22815,22823
22821,22791,22834
22834,22835,22821
22835,22836,22821
22836,22688,22821
22781,22836,22795
22836,22835,22795
22836,22837,22785
22836,22786,22837
22786,22836,22838
22785,22838,22836
22836,22781,22688
22786,22838,22835
22785,22835,22838
22835,22837,22786
22835,22785,22837
22834,22795,22835
22795,22834,22785
22834,22786,22785
22786,22834,22791
22815,22661,22839
22840,22815,22839
22815,22797,22805
22815,22841,22797
22841,22815,22840
22661,22815,22842
22815,22843,22842
22815,22660,22843
22844,22842,22843
22844,22843,22660
22660,22842,22844
22840,22845,22841
22845,22797,22841
22845,22840,22796
22797,22845,22796
22842,22660,22661
22846,22796,22840
22839,22846,22840
22847,22848,22846
22846,22839,22847
22849,22850,22846
22846,22848,22849
22850,22851,22846
22846,22852,22853
22852,22846,22851
22853,22854,22846
22796,22846,22854
22853,22855,22854
22854,22855,22856
22857,22854,22856
22796,22854,22858
22858,22854,22857
22857,22859,22860
22859,22857,22861
22861,22857,22862
22863,22857,22864
22857,22860,22864
22856,22862,22857
22857,22863,22858
22864,22858,22863
22865,22862,22856
22862,22865,22866
22866,22867,22862
22862,22867,22868
22868,22861,22862
22868,22869,22870
22869,22868,22871
22868,22870,22861
22868,22872,22873
22872,22868,22867
22871,22868,22873
22859,22861,22871
22859,22871,22874
22874,22871,22875
22871,22861,22870
22871,22870,22869
22876,22875,22871
22871,22877,22878
22877,22871,22879
22879,22871,22873
22871,22878,22876
22876,22877,22880
22881,22877,22876
22876,22882,22875
22882,22876,22878
22876,22880,22881
22883,22880,22877
22880,22883,22874
22881,22880,22884
22874,22884,22880
22885,22884,22874
22885,22886,22884
22884,22886,22881
22885,22887,22886
22886,22887,22888
22889,22886,22888
22890,22886,22889
22881,22886,22890
22889,22891,22890
22891,22860,22890
22890,22860,22892
22892,22881,22890
22881,22892,22883
22883,22892,22859
22860,22859,22892
22891,22893,22864
22889,22893,22891
22860,22891,22864
22796,22864,22893
22893,22889,22792
22792,22796,22893
22792,22889,22887
22888,22887,22889
22887,22885,22894
22792,22887,22895
22887,22896,22895
22887,22897,22882
22887,22894,22897
22882,22896,22887
22781,22896,22898
22793,22896,22781
22882,22898,22896
22896,22793,22895
22898,22882,22877
22877,22780,22898
22898,22780,22781
22899,22894,22885
22899,22897,22894
22874,22899,22885
22874,22875,22899
22875,22897,22899
22900,22897,22885
22897,22901,22885
22897,22900,22901
22875,22882,22897
22901,22900,22885
22869,22902,22900
22869,22900,22903
22903,22900,22902
22861,22869,22903
22278,22903,22904
22903,22905,22904
22901,22906,22903
22903,22902,22901
22903,22278,22907
22903,22907,22905
22861,22903,22906
22904,22905,22907
22904,22907,22278
22861,22906,22904
22901,22904,22906
22279,22905,22278
22279,22276,22905
22276,22278,22905
22904,22901,22861
22869,22901,22902
22869,22861,22901
22895,22793,22792
22874,22883,22859
22881,22883,22877
22882,22878,22877
22879,22873,22872
22879,22287,22877
22287,22879,22908
22879,22872,22283
22283,22908,22879
22908,22909,22287
22908,22910,22909
22908,22286,22910
22286,22908,22283
22286,22287,22909
22286,22909,22910
22910,22866,22911
22911,22287,22910
22866,22910,22287
22865,22912,22911
22913,22911,22912
22911,22913,22287
22911,22866,22865
22913,22914,22915
22915,22254,22913
22913,22916,22914
22916,22913,22912
22287,22913,22866
22254,22866,22913
22252,22915,22914
22252,22914,22916
22912,22917,22916
22918,22915,22916
22916,22253,22252
22916,22919,22253
22919,22916,22855
22855,22916,22917
22917,22865,22920
22865,22917,22912
22856,22917,22920
22917,22856,22855
22856,22920,22865
22257,22253,22919
22919,22921,22291
22921,22919,22855
22291,22257,22919
22921,22855,22853
22922,22921,22853
22291,22921,22922
22922,22251,22257
22922,22853,22251
22257,22291,22922
22915,22252,22254
22877,22288,22780
22288,22877,22287
22866,22283,22872
22872,22867,22866
22283,22866,22254
22858,22864,22796
22853,22238,22251
22853,22852,22238
22923,22851,22850
22851,22923,22852
22924,22925,22923
22923,22925,22852
22923,22850,22926
22924,22923,22927
22926,22927,22923
22928,22926,22850
22929,22926,22303
22927,22926,22929
22292,22926,22928
22926,22292,22303
22850,22849,22928
22849,22930,22928
22929,22928,22930
22928,22929,22931
22931,22292,22928
22931,22932,22292
22303,22932,22931
22929,22303,22931
22292,22932,22933
22932,22934,22935
22932,22936,22934
22937,22932,22935
22936,22932,22937
22938,22932,22303
22938,22933,22932
22935,22936,22939
22939,22936,22940
22941,22940,22936
22942,22936,22935
22943,22936,22942
22936,22943,22941
22937,22934,22936
22944,22943,22942
22944,22945,22943
22941,22943,22946
22946,22943,22947
22945,22948,22943
22943,22948,22947
22949,22946,22947
22948,22949,22947
22938,22947,22950
22938,22951,22947
22951,22950,22947
22938,22950,22949
22951,22949,22950
22951,22938,22949
22775,22952,22951
22646,22775,22951
22646,22951,22952
22775,22938,22952
22646,22952,22938
22945,22953,22949
22945,22949,22948
22954,22949,22953
22949,22954,22946
22954,22953,22955
22955,22956,22954
22954,22956,22957
22958,22954,22957
22958,22946,22954
22959,22960,22958
22946,22958,22960
22958,22961,22959
22962,22961,22958
22958,22957,22962
22962,22956,22961
22962,22963,22956
22962,22957,22567
22963,22962,22564
22962,22567,22564
22963,22957,22956
22564,22957,22963
22961,22956,22964
22964,22965,22961
22966,22961,22965
22961,22966,22959
22965,22959,22966
22967,22965,22964
22959,22965,22968
22965,22967,22968
22964,22852,22967
22852,22925,22967
22925,22968,22967
22968,22925,22927
22959,22968,22941
22968,22940,22941
22968,22927,22940
22969,22964,22970
22971,22970,22964
22964,22839,22971
22839,22964,22956
22232,22964,22969
22232,22852,22964
22972,22970,22971
22839,22661,22971
22661,22973,22971
22971,22973,22974
22638,22972,22971
22638,22971,22650
22974,22650,22971
22970,22972,22632
22632,22972,22975
22972,22638,22975
22633,22975,22639
22633,22632,22975
22975,22638,22639
22976,22654,22974
22650,22974,22654
22976,22974,22973
22654,22976,22661
22973,22661,22976
22970,22977,22969
22589,22969,22977
22231,22969,22589
22969,22231,22232
22977,22970,22978
22977,22619,22589
22619,22977,22978
22624,22978,22970
22978,22621,22619
22621,22978,22624
22632,22624,22970
22941,22960,22959
22960,22941,22946
22564,22646,22957
22957,22646,22567
22979,22956,22955
22956,22979,22839
22839,22979,22847
22979,22955,22945
22980,22979,22945
22979,22980,22847
22847,22980,22848
22848,22980,22981
22981,22980,22945
22981,22935,22939
22982,22981,22939
22981,22944,22942
22942,22935,22981
22944,22981,22945
22982,22848,22981
22930,22849,22982
22982,22849,22848
22939,22930,22982
22945,22955,22953
22939,22940,22983
22940,22927,22983
22983,22927,22930
22983,22930,22939
22937,22935,22934
22938,22937,22933
22292,22933,22937
22303,22646,22938
22937,22938,22775
22937,22288,22292
22775,22802,22937
22937,22802,22984
22937,22984,22288
22780,22984,22802
22780,22288,22984
22930,22927,22929
22924,22927,22925
22232,22238,22852
22779,22778,22808
22781,22795,22793
22775,22646,22680
22775,22680,22690
22774,22985,22658
22690,22985,22774
22679,22985,22695
22985,22679,22658
22695,22985,22690
22678,22683,22986
22986,22683,22666
22665,22666,22683
22666,22987,22986
22986,22987,22662
22986,22659,22678
22986,22662,22659
22987,22666,22670
22987,22988,22662
22987,22669,22988
22670,22669,22987
22662,22988,22668
22668,22988,22669
22646,22645,22680
22659,22679,22678
22679,22659,22658
22645,22648,22677
22672,22675,22677
22672,22657,22671
22674,22664,22665
22643,22657,22653
22650,22634,22989
22635,22650,22989
22637,22650,22635
22637,22638,22650
22989,22634,22635
22651,22652,22653
22627,22634,22651
22648,22645,22647
22646,22647,22645
22303,22567,22646
22633,22562,22561
22524,22626,22522
22551,22522,22626
22589,22228,22231
22990,22228,22589
22572,22990,22589
22228,22990,22229
22990,22572,22229
22587,22991,22575
22584,22991,22587
22575,22579,22587
22992,22993,22991
22584,22992,22991
22994,22991,22993
22994,22575,22991
22577,22575,22994
22993,22577,22994
22995,22993,22992
22993,22996,22577
22995,22996,22993
22996,22995,22997
22992,22998,22995
22998,22302,22995
22565,22997,22995
22995,22363,22565
22302,22363,22995
22997,22998,22999
22999,22996,22997
22998,22997,22302
22997,22565,22302
22999,22577,22996
23000,22999,22998
23001,22999,23000
22577,22999,22578
22999,23001,22578
23000,23002,23001
23002,22578,23001
22578,23002,22570
22570,23002,22234
22236,22234,23002
22236,23002,23003
23002,23004,23003
23002,23000,23004
23000,22992,23004
22584,23003,23004
23004,22992,22584
23005,23006,23003
22236,23003,23006
23003,22584,23005
23005,23007,23008
22437,23007,23005
22242,23006,23005
23005,23008,22242
23005,22584,22437
22334,22332,23008
22334,23008,23007
23008,23009,22242
23009,23008,23010
23011,23010,23008
23008,23012,23011
23012,23008,22332
22306,23010,23011
22306,22309,23010
22309,23013,23010
23009,23010,23013
22309,23014,23013
23014,23009,23013
23009,23014,22242
22246,22242,23014
22248,22246,23014
23014,22309,22248
23011,23012,23015
23015,23012,22329
22329,23012,22330
22332,22330,23012
23015,23016,23017
23016,23015,23018
23015,23019,23018
23017,22248,23015
22329,23019,23015
22306,23015,22248
23011,23015,22306
23019,22329,23020
23020,23018,23019
23016,23018,23020
23020,23021,23016
23020,22296,23021
22331,23020,22329
23020,22331,22319
22319,23022,23020
22296,23020,23022
22270,22271,23022
23022,22271,22296
23023,23022,22319
23024,23025,23022
23025,23026,23022
23022,23026,23027
23022,23023,23024
23028,23029,23022
23029,22270,23022
23022,23027,23028
22300,23024,22310
22310,23024,23023
22300,23030,23024
23030,23028,23024
23028,23025,23024
23029,23028,23030
23029,23030,22300
23028,23027,23025
23031,23025,23027
22314,23027,23032
23031,23027,22314
23033,23027,23026
23033,23032,23027
22339,22346,23032
22339,23032,22320
22320,23032,23034
23032,23033,23035
22316,22314,23032
23032,22346,22316
23035,23034,23032
23033,23036,23035
23036,23034,23035
23035,23037,23038
23038,23039,23035
23040,23035,23039
23035,23040,23037
23040,23036,23033
23041,23034,23036
23036,23040,23041
23034,23041,22320
22320,23041,23038
23041,23040,23038
23033,23031,23040
23040,23039,23034
23034,23037,23040
23038,23040,23031
23034,23038,23037
23038,23034,23039
23038,23031,22320
22320,23031,22319
22319,23031,23042
23025,23031,23033
22314,23042,23031
23023,23042,22310
22319,23042,23023
22315,23042,22314
23042,22315,22310
23033,23026,23025
22270,23029,22300
23021,22248,23016
23021,22295,22249
22249,22248,23021
23021,22296,22295
22248,23017,23016
23043,23007,22437
23007,23043,22336
23007,22336,22334
23044,23045,23007
23007,23046,23044
23046,23007,23045
23044,22437,23045
23046,23045,22437
22437,23044,23046
23047,23048,23043
23047,23043,22437
23043,23049,22351
23049,23043,23050
23043,23048,23050
22351,22336,23043
23051,23048,23047
23051,23050,23048
23052,23051,23053
23052,23050,23051
23047,23054,23051
23053,23051,23054
23055,23056,23054
23054,23057,23055
23047,23057,23054
23053,23054,23058
23058,23054,23056
22391,23058,23056
22354,23058,22391
23059,23058,22354
23058,23059,23053
23059,23060,23061
23059,23062,23060
23053,23059,23063
23063,23059,23064
23062,23059,22354
23059,23065,23064
23059,23061,23065
23066,23065,23067
23065,23066,23068
23065,23068,23069
23065,23070,23064
23065,23069,23071
23071,23072,23065
23070,23065,23072
23065,23061,23067
23067,23073,23066
23073,23067,23074
23061,23075,23067
23074,23067,23075
23075,23076,23074
22354,23075,23061
22354,22356,23075
23075,22356,23077
23077,23076,23075
23073,23077,22356
23077,23073,23074
23077,23074,23070
23077,23070,23078
23077,23078,23076
23074,23078,23070
23074,23076,23078
23070,23079,23076
23070,23076,23080
23081,23076,23079
23076,23081,23080
23080,23072,23082
23064,23080,23082
23083,23072,23080
23080,22350,23084
23080,23084,23083
23081,22350,23080
23070,23080,23064
23085,23072,23083
23083,23086,23085
23086,23083,23084
23085,23086,23087
23088,23087,23086
23086,22339,23088
22339,23086,23084
23084,23087,23088
23088,22339,23089
23088,22346,23084
23088,23089,22346
23084,23089,22339
23084,22346,23089
22349,23087,22350
23087,22349,23085
23084,22350,23087
23079,23072,23085
23085,22349,23079
23090,23082,23091
22438,23082,23090
23068,23092,23082
23068,23082,23071
23071,23082,23072
23091,23082,23092
23082,23093,23064
23082,22441,23093
22441,23082,22438
23093,22391,23094
22391,23093,22441
23095,23064,23093
23094,23095,23093
23095,23094,23090
23096,23095,23091
23064,23095,23096
23090,23091,23095
23096,23063,23064
23091,23063,23096
23094,22391,23097
23056,23090,23094
23094,23097,23056
23056,23097,22391
23092,23053,23091
23063,23091,23053
23098,23092,23068
23053,23092,23098
23099,23052,23098
23053,23098,23052
23062,23099,23098
23098,23100,23061
23061,23062,23098
23100,23098,23068
23066,23101,23100
23066,23100,23068
23101,23099,23100
23100,23099,23061
23101,23052,23099
23052,23101,23049
23073,22351,23101
22351,23049,23101
23101,23066,23073
23099,23062,23061
23056,23055,23090
22438,23090,23055
23081,22356,22350
22356,23081,23079
23079,23073,22356
22351,23073,23079
23079,22349,22351
23072,23079,23070
23071,23069,23068
22354,23061,23060
22354,23060,23062
22438,23055,23057
23057,23047,22437
23057,22437,22438
23050,23052,23049
22241,23006,22242
23006,22241,22236
22992,23000,22998
22583,22437,22584
22571,22578,22570
22572,22570,22229
22234,22229,22570
22302,22565,22567
22567,22303,22302
22566,22565,22363
22559,22566,22361
22363,22361,22566
22551,22561,22537
22554,22485,22492
22487,22491,22547
22547,22486,22487
22545,22488,22454
22491,22488,22545
22425,22537,22534
22525,22530,22524
22517,22528,22521
22520,22516,22515
22479,22463,22462
22469,22479,22478
22469,22478,22470
22458,22470,22478
22408,22471,22476
22476,22471,22456
22476,22457,22472
22456,22457,22476
22471,23102,23103
22471,23103,22456
22401,22471,22408
22466,23102,22471
23103,23102,22466
23103,23104,22456
22466,23104,23103
22466,22464,23104
22464,22416,23104
22416,23105,23104
22456,23104,23105
22417,23105,22408
22417,22456,23105
23105,22416,22408
22465,22469,22470
22400,22465,22401
22465,22400,22464
22405,22464,22400
22416,22464,22409
22407,22409,22464
22407,22464,22405
22462,22461,22460
22391,22441,22398
22365,22366,22437
22383,22436,22384
22384,22436,22354
22359,22354,22433
22361,22431,22432
22361,22432,22428
22420,22414,22408
22409,22411,22416
22403,22404,22411
22397,22354,22396
22391,22393,22390
22396,22390,22393
22354,22390,22396
22390,22354,22391
22387,22386,22375
22375,22377,22387
22357,22360,22372
22354,22359,22362
22361,22362,22359
22363,22302,22323
22360,22357,22359
22342,22336,22351
22351,22348,22342
22347,22316,22346
22341,22340,22336
22336,22339,22341
22316,22341,22320
22320,22341,22339
22341,22316,22347
22339,22336,22340
22343,22324,22344
22323,22324,22343
22319,22331,22317
22331,22318,22317
22318,22331,22327
22324,22323,22325
22302,22308,22323
22311,22310,22315
22310,22298,22300
22302,22304,22308
22248,22309,22306
22268,22300,22297
22271,22263,22297
22263,22264,22295
22264,22249,22295
22300,22269,22270
22269,22300,22268
22292,22293,22289
22289,22290,22257
22289,22291,22290
22254,22281,22283
22254,22258,22281
23106,22276,22279
23107,22279,22259
22279,22258,22259
22279,23108,23106
23107,23108,22279
23108,23107,23109
23110,23111,23107
23107,23112,23110
23107,23113,23112
23113,23107,23111
22259,23109,23107
23106,23108,23109
23109,23113,23106
22259,23113,23109
23113,23111,23108
23108,23112,23113
23113,23110,23106
23110,23113,22259
23110,23108,23111
23108,23110,23112
22276,23106,23110
22259,22276,23110
22266,22273,22259
22263,22271,22261
22255,22249,22264
22242,22246,22243
22245,22238,22237
23114,23115,23116
23116,23117,23114
23118,23117,23116
23116,23115,23118
23119,23115,23114
23120,23118,23115
23115,23119,23121
23121,23120,23115
23118,23120,23122
23120,23121,23123
23124,23122,23120
23123,23124,23120
23125,23126,23124
23124,23126,23122
23124,23123,23127
23124,23128,23125
23127,23128,23124
23129,23127,23123
23130,23127,23129
23128,23127,23131
23132,23133,23127
23127,23134,23132
23135,23134,23127
23133,23131,23127
23135,23127,23130
23129,23136,23130
23130,23137,23138
23130,23138,23135
23137,23130,23136
23139,23140,23136
23136,23129,23139
23136,23140,23141
23141,23142,23136
23137,23136,23142
23143,23137,23142
23143,23142,23141
23144,23138,23143
23143,23141,23144
23138,23137,23143
23144,23145,23128
23128,23131,23144
23146,23144,23131
23144,23146,23147
23144,23148,23149
23148,23144,23150
23138,23144,23147
23144,23151,23145
23144,23152,23151
23152,23144,23153
23149,23153,23144
23144,23154,23150
23154,23144,23141
23154,23129,23125
23129,23154,23155
23156,23157,23154
23156,23154,23125
23154,23141,23155
23150,23154,23157
23157,23158,23159
23157,23160,23158
23157,23161,23160
23162,23163,23157
23163,23164,23157
23157,23164,23150
23165,23162,23157
23165,23157,23166
23157,23159,23166
23167,23157,23168
23167,23169,23157
23169,23168,23157
23157,23156,23161
23161,23170,23160
23170,23161,23171
23171,23161,23172
23156,23172,23161
23172,23173,23171
23172,23156,23173
23171,23173,23125
23125,23173,23156
23174,23170,23175
23171,23175,23170
23170,23174,23160
23174,23175,23176
23176,23160,23174
23160,23176,23125
23176,23175,23125
23125,23175,23171
23169,23159,23168
23167,23168,23159
23169,23167,23159
23159,23158,23177
23166,23159,23178
23177,23178,23159
23179,23177,23158
23180,23178,23177
23180,23177,23152
23152,23177,23179
23152,23181,23180
23178,23180,23181
23152,23178,23181
23179,23158,23182
23179,23182,23183
23152,23179,23183
23125,23128,23182
23184,23182,23128
23183,23182,23184
23125,23182,23158
23185,23184,23128
23184,23186,23183
23187,23186,23184
23184,23185,23187
23128,23188,23185
23187,23185,23188
23189,23188,23128
23188,23189,23190
23188,23151,23187
23190,23151,23188
23190,23145,23151
23145,23190,23189
23189,23128,23145
23186,23187,23151
23152,23183,23186
23152,23186,23151
23152,23166,23178
23163,23162,23191
23162,23165,23191
23166,23191,23165
23163,23191,23166
23192,23193,23166
23152,23192,23166
23166,23193,23163
23194,23193,23192
23195,23163,23193
23193,23194,23195
23192,23196,23194
23194,23197,23164
23164,23195,23194
23194,23196,23197
23164,23197,23198
23199,23197,23200
23200,23197,23192
23196,23192,23197
23197,23199,23201
23198,23197,23201
23202,23164,23198
23198,23201,23203
23203,23202,23198
23204,23164,23202
23202,23203,23204
23205,23205,23204
23205,23204,23203
23164,23204,23205
23205,23150,23164
23205,23206,23150
23205,23205,23206
23150,23206,23207
23206,23205,23207
23203,23207,23205
23203,23201,23207
23208,23148,23207
23148,23150,23207
23209,23208,23207
23209,23207,23201
23148,23208,23199
23208,23209,23199
23201,23199,23209
23148,23199,23200
23148,23200,23210
23152,23200,23192
23200,23152,23210
23153,23210,23211
23152,23211,23210
23153,23148,23210
23153,23211,23152
23195,23212,23163
23164,23212,23195
23212,23164,23163
23125,23158,23160
23129,23155,23213
23155,23141,23213
23140,23139,23213
23213,23139,23129
23213,23141,23140
23149,23148,23153
23147,23146,23133
23133,23132,23147
23134,23214,23147
23147,23132,23134
23147,23214,23138
23214,23134,23135
23135,23138,23214
23131,23133,23146
23123,23215,23129
23215,23216,23129
23216,23125,23129
23217,23126,23216
23125,23216,23126
23216,23215,23217
23126,23217,23218
23217,23219,23218
23215,23219,23217
23218,23220,23126
23220,23218,23221
23222,23218,23219
23222,23221,23218
23221,23222,23219
23219,23220,23221
23220,23219,23215
23220,23215,23126
23122,23126,23215
23215,23123,23121
23215,23121,23122
23122,23114,23223
23114,23122,23121
23122,23223,23118
23223,23114,23118
23119,23114,23121
23118,23114,23117
23224,23225,23226
23226,23227,23224
23228,23227,23226
23226,23225,23229
23229,23228,23226
23230,23229,23225
23229,23230,23231
23231,23228,23229
23232,23231,23230
23231,23233,23228
23231,23232,23234
23234,23235,23231
23235,23233,23231
23230,23236,23232
23232,23236,23237
23232,23237,23238
23238,23234,23232
23235,23238,23239
23234,23238,23235
23240,23238,23237
23238,23240,23241
23238,23241,23239
23241,23240,23242
23242,23243,23241
23239,23241,23243
23239,23243,23244
23244,23243,23245
23242,23245,23243
23245,23246,23244
23246,23245,23247
23245,23248,23247
23248,23245,23249
23245,23242,23250
23245,23250,23251
23251,23249,23245
23250,23242,23252
23250,23252,23253
23253,23251,23250
23254,23252,23248
23248,23252,23255
23242,23255,23252
23253,23252,23256
23252,23254,23256
23257,23253,23256
23258,23256,23254
23256,23258,23259
23257,23256,23259
23251,23253,23257
23251,23257,23260
23261,23260,23257
23259,23261,23257
23261,23262,23260
23259,23258,23261
23262,23261,23258
23263,23261,23264
23263,23265,23261
23265,23266,23261
23264,23261,23266
23265,23258,23266
23264,23266,23258
23265,23263,23264
23265,23264,23258
23262,23258,23254
23254,23260,23262
23249,23260,23254
23260,23249,23251
23254,23248,23249
23240,23267,23255
23255,23267,23248
23240,23255,23242
23267,23268,23244
23267,23244,23246
23267,23269,23235
23235,23268,23267
23267,23240,23269
23246,23248,23267
23244,23268,23239
23235,23239,23268
23233,23235,23269
23233,23269,23270
23269,23236,23270
23236,23269,23237
23269,23240,23237
23271,23270,23230
23270,23271,23227
23236,23230,23270
23233,23270,23228
23270,23227,23228
23224,23271,23230
23224,23227,23271
23246,23247,23248
23224,23230,23225
23272,23273,23274
23273,23275,23274
23276,23275,23273
23276,23273,23272
23277,23276,23272
23277,23272,23278
23274,23278,23272
23278,23274,23279
23279,23280,23278
23281,23278,23280
23278,23281,23282
23278,23282,23277
23282,23283,23277
23284,23285,23282
23285,23286,23282
23286,23283,23282
23287,23284,23282
23282,23288,23287
23288,23282,23281
23276,23277,23283
23283,23289,23276
23290,23289,23283
23283,23286,23290
23284,23290,23285
23290,23284,23291
23289,23290,23291
23285,23290,23286
23289,23291,23288
23292,23288,23291
23293,23291,23284
23294,23292,23291
23291,23293,23294
23292,23295,23287
23292,23287,23288
23296,23295,23292
23297,23292,23294
23292,23297,23296
23298,23296,23297
23299,23297,23300
23300,23297,23294
23301,23297,23299
23297,23301,23298
23296,23298,23302
23303,23298,23304
23304,23298,23301
23302,23298,23305
23305,23298,23306
23306,23298,23307
23298,23303,23307
23308,23309,23307
23310,23307,23309
23308,23307,23303
23307,23310,23306
23310,23309,23311
23311,23306,23310
23311,23305,23306
23304,23305,23311
23304,23311,23309
23309,23308,23312
23308,23303,23312
23303,23309,23312
23304,23309,23303
23313,23302,23305
23299,23313,23305
23305,23304,23299
23299,23300,23313
23313,23300,23314
23315,23313,23314
23295,23302,23313
23313,23315,23295
23295,23315,23284
23293,23284,23315
23315,23294,23293
23314,23294,23315
23294,23314,23300
23302,23295,23296
23301,23299,23304
23295,23284,23287
23280,23276,23289
23288,23281,23289
23289,23281,23280
23276,23280,23275
23280,23279,23275
23279,23274,23275
23316,23317,23318
23316,23319,23317
23320,23319,23316
23321,23320,23316
23316,23322,23321
23316,23318,23322
23319,23323,23318
23324,23318,23317
23318,23325,23322
23318,23324,23325
23326,23324,23327
23327,23324,23319
23324,23317,23319
23325,23324,23328
23324,23326,23328
23329,23326,23327
23330,23326,23329
23330,23331,23326
23332,23333,23326
23326,23331,23332
23328,23326,23333
23328,23333,23334
23335,23336,23333
23337,23333,23336
23333,23338,23335
23339,23338,23333
23333,23332,23339
23333,23337,23334
23340,23328,23334
23334,23341,23340
23337,23341,23334
23331,23340,23341
23331,23341,23342
23341,23337,23342
23332,23342,23343
23343,23342,23344
23342,23336,23344
23336,23342,23337
23331,23342,23332
23344,23345,23346
23345,23344,23335
23346,23347,23344
23347,23343,23344
23336,23335,23344
23348,23346,23345
23346,23349,23347
23349,23346,23350
23348,23350,23346
23351,23350,23348
23350,23351,23352
23350,23352,23349
23348,23353,23351
23351,23353,23354
23352,23351,23355
23351,23354,23355
23356,23354,23357
23354,23356,23355
23357,23354,23358
23359,23358,23354
23353,23359,23354
23353,23360,23359
23352,23361,23359
23359,23360,23352
23359,23355,23356
23355,23359,23361
23356,23358,23359
23352,23355,23361
23362,23363,23360
23360,23353,23362
23364,23360,23363
23349,23360,23364
23352,23360,23349
23363,23362,23365
23363,23343,23364
23365,23343,23363
23338,23339,23365
23339,23343,23365
23365,23345,23338
23362,23345,23365
23364,23347,23349
23343,23347,23364
23362,23348,23345
23348,23362,23353
23357,23358,23356
23335,23338,23345
23332,23343,23339
23366,23328,23340
23331,23367,23340
23340,23367,23366
23325,23328,23366
23325,23366,23368
23368,23366,23330
23330,23366,23331
23366,23367,23331
23325,23368,23322
23330,23329,23368
23368,23329,23321
23368,23321,23322
23329,23327,23321
23327,23319,23320
23320,23321,23327
