0.07584,-0.05285,0.33461
0.0762,-0.05472,0.33459
0.07438,-0.05489,0.33478
0.07398,-0.05361,0.33472
0.07604,-0.05472,0.33515
0.07593,-0.05292,0.33521
0.07454,-0.05285,0.33525
0.07436,-0.05487,0.3355
0.07522,-0.05517,0.3362
0.0757,-0.055,0.33697
0.07401,-0.05438,0.33624
0.07633,-0.05443,0.33607
0.07545,-0.05272,0.33705
0.07587,-0.05287,0.3364
0.07457,-0.05281,0.3362
0.07649,-0.05348,0.33699
0.07638,-0.05403,0.33758
0.07449,-0.05496,0.33709
0.0751,-0.05516,0.33768
0.07416,-0.05438,0.3379
0.07452,-0.05281,0.33778
0.07381,-0.05398,0.33766
0.07551,-0.05493,0.33802
0.07602,-0.053,0.33845
0.07561,-0.05275,0.33776
0.0746,-0.05285,0.33855
0.07403,-0.05383,0.33861
0.07396,-0.05448,0.33816
0.0746,-0.05501,0.33877
0.0755,-0.05528,0.33823
0.07632,-0.05402,0.33905
0.07639,-0.05436,0.33857
0.07561,-0.05284,0.33913
0.07421,-0.05326,0.33928
0.07395,-0.05367,0.33711
0.07637,-0.05501,0.33932
0.07606,-0.053,0.3358
0.07693,-0.05231,0.33939
0.07335,-0.05208,0.33939
0.07445,-0.05168,0.34179
0.07755,-0.05384,0.34185
0.07464,-0.05605,0.34181
0.07289,-0.05428,0.34175
0.07442,-0.05284,0.34032
0.07552,-0.05451,0.33989
0.10997,0.04468,0.35782
0.11247,0.04482,0.35818
0.11247,0.04486,0.3577
0.11248,0.04611,0.35924
0.11124,0.04624,0.3592
0.10997,0.04687,0.35742
0.11247,0.04619,0.35679
0.10996,0.0459,0.35195
0.11,0.04637,0.35915
0.10995,0.04498,0.35121
0.10997,0.04413,0.36235
0.10998,0.04837,0.35801
0.11248,0.04838,0.358
0.10989,0.04413,0.36291
0.10989,0.04654,0.36295
0.11114,0.04647,0.36379
0.10963,0.04414,0.36347
0.10961,0.04654,0.3635
0.10944,0.04654,0.36373
0.10794,0.04648,0.36484
0.1125,0.04854,0.36671
0.11251,0.04854,0.36872
0.11249,0.04383,0.36872
0.00739,0.0489,0.36895
0.05119,0.04875,0.36885
-0.08584,0.04923,0.36715
-0.0781,0.0477,0.36638
0.06471,0.0487,0.36882
-0.03805,0.04756,0.3663
0.10687,0.04704,0.36597
0.10631,0.04646,0.36442
0.10139,0.04654,0.36554
0.10791,0.04693,0.36873
0.07222,0.04667,0.3658
0.0551,0.04698,0.36597
0.05477,0.0472,0.36608
0.0543,0.04723,0.36609
0.00187,0.04742,0.36621
0.00253,0.04717,0.36608
0.01558,0.04706,0.36602
0.01769,0.04686,0.36592
0.05343,0.04675,0.36885
0.05331,0.04661,0.36581
0.02989,0.04698,0.36598
0.0154,0.04687,0.36497
0.00233,0.04731,0.36615
0.03704,0.04721,0.36609
0.05444,0.04724,0.36884
0.0421,0.04711,0.36603
0.04139,0.04717,0.36607
0.02848,0.04712,0.36604
0.01979,0.04719,0.36609
0.00696,0.0469,0.36563
0.00274,0.04691,0.36595
0.00269,0.04697,0.36598
0.00267,0.047,0.366
0.01076,0.04689,0.36594
0.0034,0.04682,0.36278
0.00618,0.0469,0.36337
0.00283,0.04674,0.36896
0.01616,0.04687,0.36529
0.00272,0.04694,0.36597
0.01118,0.04688,0.3653
0.00903,0.04694,0.36548
0.01269,0.04691,0.36595
0.02238,0.04706,0.36602
0.00768,0.04696,0.36597
0.00378,0.04437,0.36089
0.00632,0.04603,0.36314
0.01273,0.04687,0.36185
0.05137,0.04431,0.34534
0.03645,0.0443,0.35112
0.0066,0.04428,0.36267
0.0363,0.04518,0.35135
0.01131,0.04557,0.36189
0.01601,0.04686,0.3611
0.02152,0.04429,0.3569
0.00646,0.04515,0.36291
0.00946,0.04689,0.36261
0.02124,0.04604,0.35736
0.01414,0.04386,0.35946
0.01416,0.04387,0.36894
0.002,0.04416,0.36896
0.00799,0.04449,0.36197
0.01628,0.04387,0.3649
0.00353,0.0442,0.36687
0.01617,0.04387,0.36409
0.01596,0.04386,0.36245
0.01592,0.04385,0.35873
0.0629,0.04367,0.34314
0.00507,0.04424,0.36477
0.00752,0.04442,0.36221
0.00706,0.04435,0.36244
0.00499,0.04432,0.36547
0.02692,0.04394,0.35825
0.05183,0.04372,0.34753
0.02991,0.0441,0.35475
0.00521,0.04494,0.36896
0.01288,0.04539,0.36894
0.01246,0.04576,0.36894
0.03173,0.04511,0.35824
0.01162,0.0465,0.36894
0.00187,0.04754,0.36896
0.01223,0.04728,0.36767
0.00581,0.04447,0.34162
0.00842,0.04572,0.36895
0.04793,0.04526,0.36886
0.01204,0.04564,0.36744
0.01204,0.04613,0.36894
0.02978,0.04588,0.3689
0.00405,0.04408,0.3423
0.00463,0.04401,0.34207
0.00581,0.04387,0.34162
0.05042,0.04431,0.34152
0.00581,0.04427,0.34162
0.0141,0.04384,0.3416
0.05042,0.04431,0.34052
0.02068,0.04442,0.34159
0.00321,0.04448,0.34103
0.05063,0.04371,0.34156
0.05042,0.04371,0.34152
0.05104,0.04371,0.34165
0.05128,0.04371,0.34186
0.05175,0.04371,0.34229
0.01589,0.04383,0.3416
0.03555,0.04436,0.34155
0.00581,0.04407,0.34162
0.05023,0.04498,0.36886
0.02456,0.04535,0.36891
0.05482,0.04441,0.36885
-0.00008,0.04389,0.34258
0.04792,0.04526,0.36736
0.0492,0.04646,0.36886
0.04918,0.04653,0.36736
0.05119,0.04725,0.36885
0.06471,0.04721,0.36882
0.05516,0.04699,0.36884
-0.06967,0.04414,0.31309
0.06141,0.04627,0.36883
0.07072,0.04611,0.36881
-0.01227,0.04393,0.34136
0.103,0.04707,0.36874
0.10026,0.04606,0.36875
0.08697,0.04616,0.36807
0.07368,0.04627,0.3674
0.07373,0.04557,0.3688
0.06872,0.04368,0.36882
0.05812,0.04534,0.36884
0.06771,0.04666,0.36882
-0.00248,0.04567,0.34096
-0.00742,0.04427,0.34097
0.05931,0.04409,0.36682
-0.00294,0.04395,0.33894
0.06379,0.04377,0.36479
0.07092,0.04368,0.36881
0.06428,0.04372,0.36394
0.08487,0.04363,0.36675
0.09815,0.04358,0.36875
0.08187,0.0449,0.36879
0.06452,0.04369,0.36351
0.07091,0.04367,0.36376
0.07158,0.04368,0.36474
0.0646,0.04369,0.36287
0.06432,0.04375,0.35044
0.06457,0.04369,0.36308
0.06419,0.04377,0.34423
0.07086,0.04364,0.34244
0.0709,0.04367,0.36286
0.07136,0.04368,0.36411
0.0065,0.04394,0.34062
-0.05858,0.04421,0.3165
0.00616,0.04394,0.33968
0.09688,0.04388,0.3648
-0.05856,0.04416,0.31655
0.07774,0.04389,0.34431
0.07937,0.04397,0.34421
0.07989,0.0438,0.34266
-0.05873,0.04406,0.31671
-0.05895,0.04406,0.31674
-0.05852,0.04406,0.31664
-0.01435,0.04418,0.29581
-0.06007,0.04442,0.31636
-0.01917,0.0439,0.30114
-0.05854,0.04411,0.31659
-0.01375,0.04403,0.29884
-0.01295,0.04388,0.29852
-0.0138,0.04418,0.2987
-0.02869,0.04409,0.30473
0.09735,0.04358,0.36506
-0.04841,0.04402,0.31266
-0.04363,0.04415,0.31061
-0.03576,0.04404,0.30751
0.08016,0.04372,0.34188
0.07284,0.04365,0.34463
0.07225,0.04375,0.3453
0.07105,0.04395,0.34663
0.071,0.04386,0.35204
0.07113,0.04367,0.36348
0.03361,0.0438,0.3202
0.01079,0.04396,0.32919
0.07963,0.04389,0.34343
0.0104,0.04409,0.33035
0.0761,0.04381,0.34442
0.00713,0.04393,0.33056
0.07095,0.04376,0.35745
0.00624,0.04408,0.33156
0.07165,0.04385,0.34596
0.07167,0.04417,0.36433
0.07043,0.04427,0.3651
0.0709,0.04424,0.34328
0.07308,0.04415,0.34503
0.06977,0.04365,0.3432
0.06867,0.04365,0.3432
0.06982,0.04368,0.36882
0.05821,0.04367,0.33025
0.06868,0.04366,0.34892
0.0678,0.04368,0.34766
0.06376,0.04374,0.34387
0.06446,0.04372,0.35666
0.06656,0.04412,0.34915
0.06975,0.04665,0.34602
0.07017,0.04665,0.34624
0.07034,0.04667,0.3588
0.06526,0.04667,0.34625
0.06705,0.04539,0.3479
0.06641,0.04667,0.34559
0.06729,0.04366,0.34984
0.06772,0.04448,0.3637
0.06762,0.04411,0.3501
0.07043,0.04668,0.36508
0.06734,0.04583,0.35885
0.06792,0.04448,0.3473
0.06842,0.04593,0.34771
0.06773,0.04668,0.3637
0.06773,0.04595,0.3637
0.06755,0.04666,0.34666
0.06701,0.04424,0.34853
0.06734,0.04436,0.35885
0.06715,0.04504,0.35642
0.06695,0.04498,0.354
0.06747,0.04436,0.34792
0.06695,0.04424,0.354
0.06837,0.04539,0.3477
0.06867,0.04666,0.34791
0.06892,0.04666,0.34558
0.06602,0.04667,0.34639
0.06792,0.04666,0.34708
0.06868,0.04666,0.34625
0.06868,0.04666,0.34883
0.06872,0.04668,0.36305
0.06868,0.04666,0.34558
0.06864,0.04446,0.34933
0.0683,0.04666,0.34749
0.07026,0.04666,0.35252
0.06764,0.04667,0.35518
0.06863,0.04668,0.36416
0.0682,0.04667,0.3558
0.06817,0.04521,0.3475
0.06942,0.04666,0.34708
0.06783,0.04558,0.3555
0.06773,0.04522,0.3637
0.06895,0.04667,0.35497
0.06923,0.04666,0.34687
0.06886,0.04666,0.34645
0.06848,0.04666,0.34638
0.06679,0.04667,0.34652
0.06772,0.04666,0.34625
0.06603,0.04667,0.34581
0.07119,0.04665,0.34303
0.06933,0.04666,0.3458
0.06891,0.04665,0.34128
0.06808,0.04666,0.34559
0.06962,0.04665,0.33937
0.0695,0.05679,0.33955
0.06725,0.04667,0.34559
0.06631,0.05568,0.34066
0.0664,0.05521,0.34092
0.06585,0.0567,0.33979
0.06822,0.05665,0.33756
0.08504,0.05645,0.33923
0.08534,0.05643,0.33753
0.07679,0.054,0.33925
0.07436,0.05401,0.33925
0.07542,0.05146,0.33926
0.07586,0.05471,0.33755
0.07409,0.05257,0.33755
0.07661,0.052,0.33755
0.0682,0.05179,0.33757
0.0919,0.05171,0.33752
0.0682,0.05134,0.33757
0.05354,0.05139,0.3376
0.05354,0.05184,0.3376
0.06099,0.05183,0.33758
0.06228,0.05252,0.33758
0.0602,0.05191,0.33929
0.06195,0.05396,0.33928
0.06196,0.05395,0.33758
0.06227,0.05253,0.33928
0.0596,0.05268,0.33929
0.06011,0.05197,0.33759
0.0644,0.04891,0.33928
0.04757,0.0527,0.33931
0.04535,0.05001,0.3389
0.06443,0.05667,0.33927
0.0558,0.0467,0.3399
0.06521,0.04666,0.3394
0.01752,0.04908,0.33939
0.0511,0.04671,0.34014
0.01502,0.04909,0.33939
0.05042,0.04671,0.34052
0.01501,0.04684,0.33939
0.05181,0.04431,0.34144
0.05303,0.04671,0.34393
0.06422,0.04667,0.34241
0.0664,0.04666,0.34128
0.06602,0.04666,0.34011
0.06632,0.04666,0.34073
0.05547,0.0467,0.3409
0.01501,0.04834,0.33939
0.06575,0.04666,0.33987
0.0605,0.04668,0.33965
0.06104,0.04668,0.34012
0.05985,0.04668,0.34165
0.06631,0.04967,0.34067
0.0663,0.04666,0.34067
0.06611,0.04666,0.34029
0.05607,0.04669,0.34013
0.06548,0.04666,0.33964
0.06542,0.04666,0.34087
0.06495,0.04667,0.34203
0.06482,0.04667,0.34164
0.06568,0.04666,0.34166
0.06621,0.04666,0.3407
0.0664,0.05236,0.34104
0.06621,0.05094,0.34051
0.06634,0.05553,0.34075
0.06631,0.05268,0.34067
0.06621,0.05268,0.34048
0.06621,0.04666,0.34048
0.06612,0.04967,0.34029
0.0664,0.04951,0.34116
0.06637,0.05537,0.34084
0.01372,0.04935,0.33939
0.01376,0.05425,0.33939
0.01458,0.04917,0.33939
0.01458,0.04767,0.33939
0.00429,0.04687,0.33942
0.00743,0.0477,0.33941
-0.0101,0.0495,0.33944
0.01506,0.05028,0.33769
0.01251,0.0491,0.33769
-0.01001,0.04944,0.33774
0.01415,0.04926,0.33939
0.01058,0.04852,0.3394
0.01415,0.04851,0.33939
0.01144,0.04685,0.3394
0.00786,0.04686,0.33941
0.01357,0.05481,0.33768
-0.01017,0.05428,0.33774
-0.01137,0.04918,0.33775
-0.01268,0.04693,0.33752
-0.01276,0.04939,0.33775
-0.00967,0.04692,0.33736
-0.01029,0.04842,0.33774
0.01501,0.04908,0.33769
0.00019,0.04801,0.33772
-0.00812,0.04692,0.33774
-0.00258,0.04915,0.33773
0.01175,0.04685,0.3377
-0.00149,0.04839,0.33773
0.00622,0.04911,0.33771
-0.00921,0.04767,0.33774
0.01329,0.04684,0.33731
0.01175,0.04671,0.3377
0.00512,0.04682,0.33771
0.01392,0.04834,0.33769
-0.00812,0.04678,0.33774
-0.00812,0.04683,0.33774
-0.00415,0.0469,0.33773
0.01175,0.0468,0.3377
0.00832,0.04723,0.33771
0.0038,0.04687,0.33772
0.01284,0.04759,0.3377
-0.00812,0.04687,0.33774
-0.0015,0.0468,0.33773
-0.00017,0.04689,0.33772
0.01175,0.04676,0.3377
0.00777,0.04686,0.33771
0.00512,0.04673,0.33771
0.00181,0.04681,0.33772
0.01334,0.04444,0.3373
-0.00977,0.04452,0.33728
-0.0015,0.04676,0.33773
0.0132,0.04711,0.32285
0.01324,0.04442,0.32305
-0.0097,0.0445,0.3231
-0.00964,0.0469,0.32289
-0.00816,0.0469,0.32272
-0.00891,0.04915,0.32272
-0.01149,0.05049,0.32273
0.01362,0.04929,0.32097
-0.01143,0.0505,0.32187
-0.00891,0.04915,0.32102
-0.01136,0.05051,0.32102
-0.0139,0.04917,0.32103
-0.02393,0.04932,0.32105
-0.04399,0.04964,0.3211
-0.04738,0.0479,0.3211
-0.00716,0.04689,0.32102
0.00387,0.04685,0.31949
-0.01057,0.04916,0.32102
-0.03735,0.04775,0.32108
-0.04569,0.04877,0.3211
-0.04908,0.04703,0.32111
-0.02563,0.04846,0.32106
-0.02979,0.04897,0.32107
-0.01224,0.04916,0.32103
-0.03396,0.04948,0.32107
-0.04413,0.04962,0.3228
-0.01391,0.04917,0.32273
-0.05191,0.05487,0.32281
-0.056,0.05251,0.32282
-0.04818,0.05377,0.3228
-0.05193,0.04931,0.32282
-0.07087,0.05246,0.32285
-0.01416,0.04692,0.32274
-0.0482,0.05401,0.3211
-0.05596,0.05277,0.32112
-0.01126,0.05355,0.32187
-0.01118,0.05351,0.32272
-0.04647,0.05481,0.3228
-0.05699,0.05514,0.32112
0.015,0.05682,0.32096
-0.01133,0.05359,0.32102
-0.00888,0.05467,0.32271
-0.01138,0.05472,0.32272
0.015,0.05463,0.32266
0.01368,0.05427,0.32181
-0.01138,0.05584,0.32272
0.015,0.05575,0.32266
0.05352,0.05449,0.32258
0.04606,0.05446,0.32259
0.0149,0.05028,0.32267
0.01626,0.05423,0.32186
0.01501,0.05682,0.32266
-0.01138,0.05692,0.32272
-0.05191,0.05599,0.32281
-0.06455,0.05711,0.32283
-0.05979,0.05581,0.32282
-0.06033,0.05709,0.32282
-0.05612,0.05708,0.32281
-0.0519,0.05706,0.32281
-0.05742,0.05516,0.32281
-0.06217,0.05646,0.32283
-0.05191,0.0567,0.32281
-0.05374,0.05571,0.32281
-0.05191,0.05634,0.32281
-0.05823,0.05655,0.32282
-0.05558,0.05543,0.32281
-0.05374,0.05643,0.32281
-0.05558,0.05579,0.32281
-0.08036,0.05655,0.32287
-0.0585,0.05289,0.32283
-0.07133,0.05506,0.32285
-0.05856,0.0527,0.32112
-0.0703,0.05329,0.32115
-0.07285,0.05491,0.32114
-0.07349,0.05336,0.32286
-0.07981,0.05035,0.32287
-0.07269,0.05241,0.32115
-0.06592,0.04709,0.32099
-0.08003,0.04984,0.32117
-0.0823,0.04715,0.32019
-0.06967,0.0471,0.31821
-0.06759,0.04709,0.31528
-0.0658,0.05733,0.32079
-0.06227,0.0573,0.32081
-0.06176,0.04709,0.31572
-0.08021,0.05655,0.32117
-0.08134,0.0508,0.32118
-0.08594,0.04716,0.32119
-0.08068,0.05032,0.32117
-0.08188,0.05052,0.32288
-0.08594,0.04717,0.32289
-0.08427,0.04716,0.32289
-0.08276,0.04715,0.32311
-0.08267,0.0494,0.32288
-0.08388,0.04718,0.33791
-0.08351,0.04716,0.323
-0.08084,0.05044,0.32288
-0.08341,0.04717,0.3359
-0.08247,0.04828,0.32303
-0.0837,0.04717,0.33156
-0.07383,0.04712,0.3234
-0.08217,0.0494,0.32295
-0.08347,0.04828,0.32289
-0.08349,0.04716,0.32289
-0.08321,0.04716,0.32429
-0.08347,0.04717,0.33015
-0.08344,0.04716,0.32489
-0.08308,0.04477,0.33757
-0.08291,0.04475,0.32314
-0.08332,0.04636,0.32912
-0.08299,0.04716,0.3237
-0.08385,0.04716,0.32389
-0.08342,0.04717,0.33015
-0.0832,0.04557,0.33334
-0.08342,0.04717,0.3304
-0.0833,0.04637,0.33646
-0.07373,0.04472,0.32377
-0.07538,0.04474,0.33103
-0.07544,0.04714,0.33046
-0.07392,0.04715,0.33756
-0.07107,0.04711,0.32306
-0.07382,0.04713,0.33158
-0.07397,0.04533,0.33072
-0.071,0.04531,0.32312
-0.04491,0.04522,0.32303
-0.04178,0.04702,0.33023
-0.04488,0.04702,0.32308
-0.04192,0.04522,0.32996
-0.04337,0.04493,0.32909
-0.06939,0.04493,0.32414
-0.04611,0.04499,0.32435
-0.06842,0.04472,0.33667
-0.07225,0.04508,0.32797
-0.07228,0.04498,0.33263
-0.06967,0.04514,0.33635
-0.07091,0.04533,0.33774
-0.06841,0.04532,0.33667
-0.07085,0.04713,0.33782
-0.04499,0.04705,0.33773
-0.04489,0.04524,0.33758
-0.04202,0.04703,0.33713
-0.05586,0.05275,0.33784
-0.0482,0.05397,0.33782
-0.0442,0.0497,0.33782
-0.04212,0.04463,0.33716
-0.04041,0.04702,0.33027
-0.04087,0.04462,0.33215
-0.04073,0.04462,0.33121
-0.04068,0.04461,0.32974
-0.04082,0.04461,0.32879
-0.04219,0.04461,0.3237
-0.04211,0.04701,0.32353
-0.01414,0.04453,0.33776
-0.01352,0.04453,0.33766
-0.01229,0.04452,0.33673
-0.0124,0.04603,0.32353
-0.01376,0.04451,0.32277
-0.01299,0.04451,0.32312
-0.0482,0.05366,0.33952
-0.04385,0.04961,0.33952
-0.05583,0.05258,0.33954
-0.04642,0.05482,0.33952
-0.05684,0.05518,0.33784
-0.05642,0.05472,0.33954
-0.05871,0.05349,0.33955
-0.05871,0.05304,0.33784
-0.06208,0.0471,0.33966
-0.05803,0.05465,0.33954
-0.06074,0.05711,0.33955
-0.05803,0.05465,0.33784
-0.0571,0.05499,0.33954
0.01504,0.05684,0.33938
-0.01134,0.05694,0.33774
0.05356,0.0567,0.33759
-0.01265,0.0544,0.33944
-0.01004,0.05438,0.33944
0.01629,0.05425,0.33846
0.04682,0.05438,0.33931
0.04795,0.05341,0.33761
0.01622,0.04956,0.33939
0.05353,0.04895,0.3376
0.04748,0.05356,0.33931
0.04759,0.05313,0.33931
0.04838,0.04672,0.33729
0.07453,0.04663,0.33747
0.04568,0.04673,0.337
0.01629,0.04683,0.33743
0.04016,0.049,0.33763
0.09259,0.05118,0.33752
0.07739,0.04662,0.33685
0.07785,0.04661,0.32997
0.0746,0.04481,0.3373
0.04849,0.0449,0.33744
0.05169,0.04489,0.33689
0.04906,0.04466,0.33559
0.04567,0.04491,0.33165
0.06485,0.04452,0.3361
0.05102,0.04428,0.3238
0.04671,0.04469,0.32897
0.07199,0.0442,0.32375
0.07274,0.04446,0.33635
0.0475,0.04468,0.33117
0.04889,0.04428,0.32461
0.07306,0.04449,0.33025
0.07396,0.04437,0.33452
0.07641,0.04419,0.33087
0.05695,0.04459,0.33584
0.04897,0.04447,0.3301
0.04828,0.04467,0.33338
0.05004,0.04447,0.32969
0.07337,0.04452,0.32415
0.06053,0.04443,0.32967
0.07199,0.0448,0.32375
0.07457,0.04479,0.32279
0.07671,0.04479,0.33024
0.07438,0.04441,0.32639
0.07245,0.04431,0.32388
0.07322,0.0445,0.3272
0.07539,0.0443,0.32863
0.07291,0.04441,0.32401
0.0729,0.04447,0.3333
0.07518,0.04428,0.3327
0.07236,0.04433,0.33005
0.06188,0.04437,0.33007
0.065,0.04423,0.32377
0.05031,0.04428,0.32407
0.05801,0.04425,0.32378
0.05016,0.04488,0.32394
0.04836,0.04489,0.32288
0.0496,0.04428,0.32434
0.04561,0.04672,0.32932
0.0535,0.04893,0.32259
0.04846,0.0467,0.32287
0.06816,0.04888,0.32255
0.07461,0.04661,0.32281
0.07734,0.0466,0.32324
0.09646,0.0468,0.32278
0.07567,0.05169,0.32253
0.04574,0.05034,0.32199
0.05351,0.05122,0.32258
0.04776,0.05349,0.32259
0.04105,0.04907,0.32261
0.04012,0.04898,0.32091
0.04753,0.05267,0.32089
0.06461,0.04664,0.32086
0.05956,0.05261,0.32189
0.05977,0.0523,0.32087
0.05947,0.05316,0.32086
0.06124,0.05176,0.32086
0.06015,0.05198,0.32086
0.06002,0.05207,0.32086
0.04755,0.05311,0.32089
0.06007,0.05204,0.322
0.0601,0.05201,0.32172
0.06009,0.05202,0.32257
0.06011,0.05201,0.32086
0.06007,0.05204,0.32086
0.06006,0.05205,0.32115
0.06005,0.05205,0.32143
0.06008,0.05203,0.32172
0.06009,0.05202,0.32138
0.06011,0.052,0.32189
0.0601,0.05201,0.32223
0.06015,0.05198,0.32143
0.06015,0.05198,0.32257
0.06206,0.05205,0.32256
0.06192,0.05394,0.32256
0.06818,0.05444,0.32255
0.06224,0.05316,0.32086
0.06193,0.05393,0.32086
0.06439,0.05664,0.32085
0.06115,0.05454,0.32086
0.06041,0.05443,0.32086
0.06034,0.05468,0.32256
0.04744,0.05354,0.32089
0.0681,0.05663,0.32254
0.05971,0.054,0.32086
0.05947,0.05317,0.32257
0.05353,0.05669,0.32258
0.06607,0.0567,0.32019
0.06926,0.05663,0.31998
0.0695,0.05662,0.32023
0.07029,0.05662,0.32081
0.08541,0.05637,0.3212
0.08684,0.05549,0.3225
0.07503,0.05439,0.32253
0.07579,0.05441,0.32253
0.07589,0.05477,0.32083
0.07399,0.05287,0.32254
0.07705,0.05349,0.32253
0.07642,0.05198,0.32083
0.09122,0.04834,0.3208
0.09862,0.04652,0.32079
0.0743,0.05216,0.32083
0.08708,0.05534,0.3225
0.07439,0.05019,0.32083
0.07033,0.04662,0.32083
0.09635,0.04653,0.31854
0.07976,0.04659,0.32023
0.091,0.04655,0.31867
0.06946,0.04662,0.32025
0.0689,0.04662,0.3191
0.07493,0.0466,0.31904
0.06937,0.04662,0.31968
0.08415,0.04657,0.32082
0.0774,0.0466,0.32082
0.06985,0.04662,0.32025
0.07263,0.04661,0.31993
0.09862,0.04652,0.31904
0.09154,0.04655,0.3208
0.07236,0.04841,0.32083
0.08447,0.04657,0.32081
0.08919,0.04655,0.31963
0.09787,0.04652,0.31887
0.08334,0.04657,0.31968
0.08029,0.04658,0.31891
0.09864,0.04383,0.33251
0.09865,0.04654,0.3325
0.09857,0.04679,0.29182
0.09862,0.04652,0.32249
0.09711,0.04652,0.31871
0.09864,0.04653,0.32801
0.09862,0.04652,0.32019
0.09864,0.04473,0.32802
0.09862,0.04652,0.3202
0.09865,0.04653,0.32975
0.09862,0.04652,0.32134
0.09863,0.04562,0.32353
0.09863,0.04653,0.32352
0.09862,0.04652,0.31962
0.07091,0.04662,0.31908
0.09634,0.04672,0.32763
0.09609,0.04655,0.33733
0.0979,0.04662,0.32259
0.1003,0.0464,0.33704
0.0978,0.04654,0.33411
0.09865,0.04564,0.3325
0.09864,0.04653,0.3275
0.09621,0.04663,0.33248
0.07733,0.04421,0.33686
0.09625,0.04415,0.33712
0.09756,0.04667,0.32764
0.09694,0.04655,0.33572
0.09619,0.04413,0.32288
0.07887,0.0442,0.32959
0.07891,0.0466,0.33079
0.0773,0.0442,0.32341
0.09873,0.04356,0.33444
0.10175,0.04357,0.3374
0.0907,0.05263,0.33922
0.09896,0.04657,0.33921
0.11215,0.0465,0.33792
0.11188,0.04349,0.33786
0.10254,0.04373,0.34046
0.09621,0.04355,0.34153
0.10294,0.0438,0.34199
0.0999,0.04356,0.33878
0.09974,0.04356,0.33543
0.09806,0.04356,0.34015
0.10215,0.04365,0.33893
0.10074,0.04357,0.33641
0.09705,0.04355,0.33917
0.10069,0.04372,0.34183
0.10139,0.04414,0.34151
0.08144,0.04421,0.34155
0.09789,0.04356,0.3368
0.09845,0.04364,0.34168
0.10083,0.04368,0.33821
0.07813,0.04422,0.34056
0.1097,0.04411,0.34098
0.10861,0.04651,0.34055
0.07714,0.04662,0.34071
0.07578,0.04423,0.34195
0.07604,0.04663,0.34328
0.09533,0.04418,0.356
0.10719,0.04467,0.36427
0.10155,0.04381,0.35894
-0.06092,0.0441,0.34273
0.10339,0.04379,0.3578
0.09759,0.04357,0.36051
0.09793,0.04389,0.36455
0.09898,0.04392,0.36242
0.10216,0.0438,0.35856
0.09984,0.04389,0.36126
0.09828,0.0439,0.36384
0.09231,0.04359,0.35701
0.09891,0.04365,0.35999
0.09415,0.04386,0.35403
0.09798,0.04387,0.36113
0.10278,0.04379,0.35818
0.10069,0.04385,0.3601
0.09928,0.04366,0.36548
0.09772,0.04367,0.36072
0.09974,0.04385,0.36175
0.08522,0.04361,0.35257
0.08676,0.04392,0.34912
0.10023,0.04373,0.35946
0.11219,0.04353,0.36872
0.10751,0.04355,0.36873
0.10041,0.04373,0.36221
0.11213,0.0435,0.34311
0.11229,0.04363,0.36872
0.10704,0.04603,0.36873
0.10618,0.04513,0.36874
0.11242,0.04379,0.33848
0.11218,0.04353,0.36367
0.11239,0.04373,0.36872
0.10779,0.04366,0.36326
0.10283,0.04357,0.36874
0.10999,0.0436,0.36599
0.10559,0.04372,0.36053
0.11244,0.0438,0.34604
0.11245,0.04831,0.34324
0.11244,0.04599,0.34208
0.11246,0.04483,0.353
0.11247,0.04483,0.35802
0.11224,0.04369,0.33828
0.11247,0.04432,0.35969
0.11244,0.0448,0.34329
0.11243,0.04446,0.34169
0.10622,0.04369,0.35115
0.11245,0.04481,0.35065
0.11248,0.04416,0.36521
0.11246,0.04381,0.3536
0.11206,0.04359,0.33807
0.11247,0.04382,0.36116
0.11243,0.04413,0.34009
0.11244,0.0443,0.34457
0.10995,0.04482,0.35057
0.10995,0.04482,0.35065
0.10995,0.04486,0.35095
0.11246,0.04482,0.35075
0.11247,0.04485,0.35786
0.10995,0.04531,0.34961
0.11246,0.04621,0.34947
0.11244,0.04481,0.34339
0.11244,0.04485,0.3436
0.11246,0.04486,0.35096
0.11247,0.04486,0.35545
0.11244,0.0448,0.34513
0.11244,0.04483,0.34595
0.11245,0.0448,0.34881
0.11244,0.04483,0.34349
0.11245,0.04482,0.3483
0.11245,0.04482,0.34707
0.11246,0.04484,0.35085
0.11245,0.0448,0.34697
0.11247,0.04484,0.35535
0.11246,0.04486,0.3532
0.11244,0.04482,0.3459
0.11245,0.04601,0.34462
0.10995,0.04477,0.34273
0.11247,0.04837,0.35065
0.11119,0.04608,0.34462
0.10994,0.04502,0.34391
0.10994,0.04614,0.34462
0.10998,0.04645,0.34213
0.10995,0.04836,0.34324
0.10996,0.04698,0.35071
0.10996,0.04836,0.35065
0.11246,0.04592,0.35192
0.11121,0.04591,0.35193
0.11248,0.04449,0.36169
0.11246,0.04431,0.35601
0.10077,0.04369,0.36327
0.09808,0.04369,0.36735
0.09863,0.04391,0.36313
0.09856,0.04375,0.36558
0.10905,0.04359,0.34451
-0.07068,0.04414,0.3445
-0.06092,0.0441,0.34348
-0.06699,0.04422,0.35895
-0.06718,0.04416,0.3538
-0.06092,0.0441,0.34529
-0.04831,0.04448,0.34308
-0.04856,0.04406,0.3429
-0.08599,0.04444,0.30367
-0.04763,0.04424,0.3417
-0.05268,0.04407,0.34284
0.09856,0.04378,0.29165
-0.05206,0.0442,0.34204
-0.06403,0.04411,0.34182
-0.05649,0.04415,0.34238
-0.06727,0.04413,0.35123
-0.06067,0.04422,0.34487
-0.06018,0.04445,0.34404
-0.05893,0.04409,0.34349
-0.05977,0.04433,0.34386
-0.0568,0.04409,0.34278
-0.07346,0.04427,0.3232
0.09861,0.04382,0.31889
0.09745,0.04355,0.3304
0.09842,0.04353,0.32236
0.09856,0.04377,0.31031
0.09856,0.04375,0.32896
0.09831,0.04352,0.31834
0.09492,0.04551,0.29166
0.09825,0.04348,0.29166
0.09846,0.04368,0.2929
0.09826,0.04349,0.29539
0.09849,0.04371,0.29833
0.09511,0.04379,0.29932
0.09548,0.04382,0.31072
0.09566,0.04384,0.31642
0.09472,0.04388,0.31743
0.09426,0.04391,0.31794
0.09383,0.04366,0.31818
0.09361,0.04353,0.3183
-0.05855,0.04439,0.34389
-0.05925,0.04424,0.34369
-0.01327,0.04426,0.36215
-0.01316,0.04396,0.36187
-0.01223,0.04395,0.35912
-0.02424,0.04399,0.3542
-0.04827,0.04406,0.34437
0.09848,0.04367,0.32542
0.09843,0.04365,0.305
0.09858,0.0438,0.30527
0.09852,0.04373,0.30854
0.09826,0.04349,0.29669
0.09836,0.04358,0.29415
0.09837,0.04358,0.31167
0.09863,0.04355,0.33041
0.09864,0.04367,0.31305
0.09608,0.04366,0.30498
0.09489,0.04354,0.32233
0.0975,0.04352,0.31834
0.0953,0.04381,0.30502
0.09519,0.04386,0.31693
0.09404,0.04378,0.31806
0.09846,0.04366,0.31521
0.0959,0.04372,0.29834
0.09853,0.04374,0.31535
-0.05902,0.04429,0.34376
-0.03626,0.04402,0.34928
-0.05102,0.04411,0.3442
-0.01254,0.04395,0.36003
-0.04741,0.04421,0.34477
-0.04803,0.04458,0.3441
-0.04828,0.0442,0.34394
-0.04857,0.04406,0.34346
-0.04833,0.04406,0.34769
-0.05651,0.0442,0.34386
-0.04839,0.04434,0.34302
-0.05376,0.04415,0.34403
-0.0483,0.04434,0.34351
-0.06713,0.04425,0.32402
-0.06715,0.04446,0.32338
-0.04848,0.0442,0.34296
-0.06728,0.04425,0.32328
-0.07262,0.04434,0.32368
-0.05904,0.04414,0.34356
-0.07246,0.04427,0.32358
-0.04346,0.04435,0.34998
-0.01285,0.04396,0.36095
-0.01324,0.04416,0.36206
-0.03586,0.04418,0.35288
-0.05915,0.04419,0.34363
-0.00429,0.04423,0.36199
-0.04735,0.04466,0.34463
-0.04914,0.04466,0.34226
-0.04897,0.04466,0.34473
-0.0489,0.04706,0.34153
-0.06053,0.0471,0.34263
-0.04886,0.04707,0.3448
-0.04679,0.04465,0.34073
-0.04679,0.04545,0.34073
-0.04679,0.04705,0.34073
-0.04904,0.04706,0.33953
-0.04754,0.04705,0.34033
-0.04679,0.04465,0.34173
-0.0022,0.0445,0.34164
0.0004,0.04449,0.34104
-0.00066,0.04609,0.34077
-0.00712,0.04691,0.34064
-0.03106,0.04459,0.34084
-0.00119,0.04689,0.34063
0.00246,0.04688,0.33982
-0.04731,0.04791,0.33953
-0.01533,0.04454,0.34094
-0.04679,0.04625,0.34073
-0.02399,0.04577,0.34068
-0.04532,0.04713,0.34013
-0.02319,0.04577,0.34089
-0.00013,0.04529,0.3409
-0.00712,0.04691,0.33944
0.00046,0.04689,0.34122
-0.04829,0.04706,0.33993
0.00064,0.04689,0.34023
-0.02304,0.04952,0.33947
-0.01264,0.04948,0.33945
-0.01179,0.04949,0.33945
0.00028,0.04692,0.36198
0.00317,0.04688,0.34099
0.00076,0.04451,0.36015
-0.00376,0.04693,0.36319
-0.00146,0.04452,0.36315
0.00078,0.0464,0.36296
0.00108,0.04481,0.36897
0.00098,0.04698,0.36599
-0.01159,0.04696,0.36497
-0.01228,0.04456,0.3655
-0.01395,0.04457,0.36599
-0.01394,0.04697,0.36599
-0.00667,0.04694,0.36247
-0.01249,0.04696,0.36102
-0.01189,0.04455,0.36283
-0.00466,0.04453,0.36292
-0.00988,0.04615,0.36165
-0.00436,0.04533,0.36301
-0.02465,0.04619,0.35559
-0.00301,0.04441,0.36227
-0.00958,0.04695,0.36175
-0.00406,0.04613,0.3631
-0.01943,0.04458,0.35686
-0.00727,0.04534,0.36229
-0.0342,0.04462,0.3508
-0.03681,0.04543,0.35016
-0.02637,0.0458,0.35396
-0.00277,0.04393,0.36265
-0.00049,0.04426,0.36075
-0.00125,0.04415,0.36138
-0.00266,0.04464,0.36897
-0.00589,0.04399,0.36283
-0.01213,0.0441,0.36319
-0.00631,0.04418,0.36197
-0.0108,0.04423,0.36706
-0.00901,0.04404,0.36301
0.00117,0.04419,0.36622
-0.01014,0.0443,0.36899
-0.00201,0.04404,0.36202
-0.00084,0.04437,0.36581
0.00003,0.04444,0.36349
-0.00824,0.04744,0.36898
-0.00786,0.0465,0.36748
-0.03881,0.04527,0.36905
-0.03021,0.04483,0.36777
-0.03143,0.04662,0.36903
-0.013,0.04397,0.3652
-0.01965,0.04656,0.36826
-0.0064,0.04447,0.36898
-0.00893,0.04432,0.36705
-0.01147,0.04417,0.36512
-0.00926,0.04428,0.36608
-0.00772,0.04434,0.36511
-0.04869,0.04469,0.36725
-0.05857,0.04412,0.36544
-0.04136,0.04529,0.36906
-0.04338,0.04407,0.36536
-0.01383,0.04412,0.36519
-0.05857,0.04442,0.36514
-0.05934,0.04441,0.36525
-0.04646,0.04534,0.36907
-0.06087,0.04413,0.3691
-0.05453,0.04453,0.36665
-0.03934,0.04448,0.36657
-0.02819,0.04402,0.36528
-0.05049,0.04494,0.36786
-0.03907,0.04717,0.36608
-0.03773,0.04546,0.36602
-0.05957,0.04713,0.36609
-0.06019,0.04713,0.36599
-0.05985,0.04432,0.36654
-0.06037,0.04422,0.36385
-0.05857,0.04472,0.36514
-0.06137,0.04473,0.36533
-0.06067,0.04463,0.36345
-0.06088,0.04413,0.36314
-0.06036,0.04423,0.36782
-0.05985,0.04432,0.36455
-0.07267,0.04442,0.33446
-0.07343,0.04429,0.33639
-0.05794,0.04585,0.36909
-0.06736,0.04416,0.36911
-0.07124,0.04557,0.33638
-0.05648,0.04671,0.36909
-0.04712,0.04794,0.36907
-0.0512,0.04667,0.36832
-0.06329,0.04834,0.3691
-0.0594,0.04499,0.3691
-0.0667,0.04916,0.36911
-0.06714,0.04583,0.36911
-0.06192,0.04414,0.3691
-0.04592,0.04664,0.36756
-0.05648,0.04668,0.36759
-0.05989,0.04753,0.36909
-0.08583,0.04923,0.36915
-0.07787,0.04779,0.36913
-0.07742,0.0459,0.36913
-0.06603,0.04415,0.36911
-0.06692,0.04749,0.36911
-0.07635,0.0468,0.33639
-0.06708,0.04419,0.35638
-0.06745,0.04418,0.36299
-0.06504,0.04452,0.34883
-0.06768,0.04417,0.36501
-0.06747,0.04416,0.36775
-0.06433,0.04412,0.35036
-0.06276,0.04451,0.34955
-0.06376,0.04492,0.34755
-0.06305,0.04714,0.3632
-0.0639,0.04452,0.34919
-0.06418,0.04494,0.36397
-0.0654,0.04715,0.36343
-0.06412,0.04714,0.36379
-0.06416,0.04712,0.34693
-0.06155,0.04713,0.36452
-0.06647,0.04715,0.36472
-0.06687,0.04475,0.36577
-0.06664,0.04715,0.36504
-0.06676,0.04715,0.36528
-0.06089,0.04713,0.36556
-0.06119,0.04713,0.36527
-0.06576,0.04715,0.36386
-0.06278,0.04714,0.36457
-0.06075,0.04713,0.36571
-0.06037,0.04713,0.3659
-0.06612,0.04715,0.36429
-0.06401,0.04714,0.36462
-0.06524,0.04715,0.36467
-0.06658,0.04715,0.36493
-0.06228,0.04714,0.36557
-0.06471,0.04715,0.3649
-0.06653,0.04715,0.36483
-0.06661,0.04715,0.365
-0.06266,0.04714,0.36538
-0.06131,0.04713,0.36502
-0.06295,0.04714,0.36509
-0.06368,0.04714,0.36514
-0.06456,0.04715,0.36505
-0.06457,0.04715,0.36552
-0.06438,0.04715,0.36515
-0.06342,0.04714,0.36531
-0.06668,0.04715,0.36512
-0.06409,0.04714,0.36478
-0.06407,0.04714,0.36473
-0.06672,0.04715,0.3652
-0.06742,0.04716,0.36591
-0.06104,0.04713,0.36542
-0.06056,0.04713,0.3658
-0.06238,0.04714,0.36576
-0.06143,0.04713,0.36477
-0.06706,0.04716,0.36611
-0.06837,0.04716,0.36611
-0.03833,0.04756,0.36629
-0.03766,0.04766,0.36904
-0.07737,0.04722,0.36614
-0.07763,0.04753,0.3663
-0.03416,0.04905,0.36904
-0.03755,0.04735,0.36619
-0.03732,0.04707,0.36605
-0.03824,0.04646,0.36905
-0.03787,0.04751,0.36627
0.00172,0.04742,0.36621
-0.07719,0.04624,0.36611
-0.07944,0.04689,0.36605
-0.08093,0.0448,0.36548
-0.08103,0.0472,0.36501
-0.06792,0.04467,0.36479
-0.06939,0.04474,0.34714
-0.07022,0.04467,0.35028
-0.07806,0.04444,0.36499
-0.07906,0.04469,0.36317
-0.07932,0.0442,0.36275
-0.08555,0.04422,0.36915
-0.08204,0.04457,0.3564
-0.06966,0.04426,0.34995
-0.07144,0.04414,0.34594
-0.07922,0.04432,0.35668
-0.08037,0.0445,0.35714
-0.07034,0.04418,0.34632
-0.07882,0.04448,0.35613
-0.07146,0.04444,0.34543
-0.07882,0.04478,0.35613
-0.07111,0.04463,0.34457
-0.0719,0.04464,0.34264
-0.06909,0.04473,0.34336
-0.06905,0.04713,0.34225
-0.07024,0.04473,0.34145
-0.08078,0.04479,0.36026
-0.08327,0.0448,0.35931
-0.08227,0.0472,0.36057
-0.06756,0.04713,0.34664
-0.08315,0.04718,0.34182
-0.08585,0.04722,0.36615
-0.08585,0.04452,0.36915
-0.08588,0.0463,0.35411
-0.08589,0.0472,0.34658
0.07177,0.04392,0.31257
0.07028,0.04421,0.31542
0.07121,0.04417,0.31153
0.07203,0.0442,0.316
-0.08461,0.04428,0.34317
-0.08561,0.04419,0.34278
0.07372,0.04403,0.31277
0.07418,0.04359,0.31292
0.07079,0.0436,0.31086
0.07469,0.04374,0.31562
0.06832,0.04397,0.31226
0.07112,0.04371,0.31143
0.07115,0.04359,0.29608
0.07615,0.04365,0.31714
-0.0723,0.04414,0.34193
0.07081,0.04361,0.3184
0.07145,0.04381,0.312
0.07323,0.04383,0.31409
0.09361,0.04383,0.318
-0.08456,0.04718,0.33791
-0.08591,0.04718,0.33791
-0.08591,0.04719,0.33848
-0.0859,0.04719,0.33961
-0.0851,0.04718,0.33961
-0.0835,0.04718,0.33961
-0.08261,0.04447,0.34396
-0.08203,0.04447,0.34338
-0.08087,0.04445,0.34222
-0.07802,0.04435,0.34212
-0.0715,0.04411,0.31871
-0.08564,0.04417,0.33057
-0.08566,0.04416,0.31962
-0.07176,0.04414,0.34279
-0.08569,0.0443,0.35157
0.07854,0.04358,0.31833
0.08608,0.04371,0.31817
-0.08561,0.04418,0.34167
-0.07652,0.04414,0.33013
-0.07122,0.04414,0.34365
-0.07516,0.04425,0.34203
-0.07908,0.04433,0.35554
0.08859,0.0438,0.31806
0.07737,0.04407,0.31771
0.07854,0.04368,0.31823
0.07854,0.04373,0.31818
0.07392,0.0442,0.3188
0.0765,0.0441,0.31579
0.07691,0.04358,0.31441
0.07712,0.04388,0.31462
0.07712,0.04419,0.31462
0.07342,0.0442,0.31721
0.07385,0.0442,0.31648
0.09216,0.04381,0.29949
0.09303,0.04403,0.29896
0.09315,0.04411,0.29707
0.09286,0.04351,0.29863
0.09032,0.04352,0.3009
0.08714,0.04384,0.30453
0.09262,0.04361,0.29892
0.0876,0.04383,0.2991
0.08213,0.04386,0.30957
0.09239,0.04371,0.2992
0.08781,0.04353,0.29931
0.08784,0.04383,0.29784
0.08782,0.04402,0.29893
0.07447,0.04369,0.31255
0.07462,0.04374,0.31237
0.08774,0.04363,0.29924
0.08808,0.04383,0.29659
0.076,0.04359,0.31391
0.08622,0.04353,0.30091
0.08767,0.04373,0.29917
0.0879,0.04363,0.2984
0.08122,0.04363,0.30584
0.08799,0.04373,0.29749
0.07698,0.04368,0.31448
0.09033,0.04352,0.29897
0.08236,0.04356,0.30686
0.08114,0.04361,0.30593
0.081,0.04356,0.30611
0.0819,0.04356,0.30661
0.08695,0.04353,0.29553
0.09166,0.04359,0.29812
0.08618,0.04383,0.29569
0.08638,0.04413,0.29547
0.0902,0.04411,0.29472
0.08662,0.04353,0.29543
0.09152,0.04411,0.29606
0.08759,0.04373,0.2962
0.09361,0.04361,0.29886
0.09217,0.04351,0.29532
0.08711,0.04363,0.29581
0.08923,0.0437,0.29755
0.09047,0.04367,0.29761
0.08927,0.04375,0.2971
0.08713,0.04383,0.29614
0.09042,0.04362,0.29806
0.08647,0.04363,0.29551
0.08618,0.04373,0.29559
0.08617,0.04353,0.29539
0.08632,0.04353,0.2954
0.0818,0.04379,0.29565
0.07306,0.04372,0.29556
0.07306,0.04362,0.29546
0.07306,0.04357,0.29541
0.07348,0.04357,0.29294
0.07369,0.04357,0.29171
0.07347,0.04357,0.29541
0.07306,0.04367,0.29551
0.07327,0.04357,0.29418
0.09008,0.04601,0.29167
0.093,0.04474,0.29166
0.07353,0.04607,0.29171
0.07358,0.04524,0.29171
0.06211,0.04714,0.29173
0.06238,0.04501,0.29173
0.05564,0.04363,0.29175
0.06032,0.04362,0.29416
0.06266,0.04361,0.29537
0.09745,0.04349,0.29531
0.07852,0.04386,0.2917
0.06869,0.04365,0.29609
0.06379,0.04377,0.2961
0.07364,0.0444,0.29171
0.08335,0.04415,0.29169
0.08188,0.04479,0.29169
0.08817,0.04444,0.29168
0.06793,0.04395,0.31006
-0.09422,0.04514,0.29384
-0.09463,0.04423,0.29316
-0.08706,0.04494,0.29242
0.06552,0.04394,0.30622
-0.08619,0.04424,0.30167
-0.0861,0.04699,0.30228
-0.09096,0.04695,0.29755
-0.09339,0.04694,0.29518
-0.08598,0.04534,0.30893
-0.08595,0.04716,0.31944
0.06215,0.04421,0.29564
0.06215,0.04391,0.29564
0.06399,0.04419,0.29495
-0.08595,0.04716,0.32059
0.06475,0.04391,0.30655
0.07088,0.0436,0.30717
0.06215,0.04376,0.29549
0.06638,0.04402,0.31128
-0.08327,0.0453,0.29205
0.06465,0.04385,0.30116
0.08126,0.04367,0.31527
0.06624,0.04371,0.2961
-0.08858,0.04714,0.29695
-0.07956,0.04712,0.30677
-0.08756,0.04704,0.29513
-0.08871,0.04474,0.29668
-0.06888,0.04469,0.31519
-0.08317,0.04714,0.30704
-0.08094,0.04472,0.30644
-0.06965,0.0447,0.31823
-0.08309,0.04475,0.31892
-0.08324,0.04473,0.30724
-0.08203,0.04449,0.31794
-0.08206,0.04449,0.31511
-0.07333,0.04446,0.31813
-0.08213,0.04449,0.30945
-0.0723,0.04411,0.31526
-0.07885,0.04436,0.31139
-0.07879,0.04436,0.31705
-0.08045,0.04414,0.31868
-0.07973,0.04412,0.30851
-0.08301,0.04412,0.30128
-0.07446,0.04412,0.31867
-0.07203,0.04411,0.31641
-0.073,0.04426,0.31479
-0.07243,0.0446,0.31602
-0.07725,0.04412,0.31076
-0.07264,0.04423,0.31622
-0.07242,0.04428,0.31842
-0.07299,0.04435,0.31717
-0.07177,0.04411,0.31756
-0.07236,0.0442,0.31684
-0.08284,0.04412,0.30144
-0.07099,0.04413,0.31417
-0.07478,0.04412,0.31301
-0.07557,0.04424,0.31332
-0.07374,0.04411,0.31753
-0.07298,0.04411,0.31869
-0.07302,0.04411,0.31639
-0.07217,0.04411,0.31583
-0.0719,0.04411,0.31698
-0.07111,0.04412,0.31531
-0.07033,0.04413,0.31363
-0.07164,0.04411,0.31813
-0.07164,0.04411,0.31643
-0.07164,0.04412,0.31472
-0.07646,0.04412,0.31867
-0.07773,0.04413,0.31754
-0.07845,0.04413,0.31867
-0.07501,0.04412,0.3164
-0.08098,0.04425,0.31843
-0.0815,0.04437,0.31819
-0.07554,0.04424,0.31615
-0.08209,0.04449,0.31228
-0.0828,0.04415,0.31873
-0.08606,0.04422,0.30594
-0.08566,0.04416,0.31874
-0.08586,0.04426,0.31087
-0.08606,0.04437,0.303
-0.08591,0.04437,0.30744
-0.07097,0.0444,0.31209
-0.08579,0.04418,0.31447
-0.08564,0.04417,0.33015
-0.08575,0.04423,0.31497
-0.07832,0.04428,0.31542
-0.07547,0.04441,0.3079
-0.08506,0.04429,0.30913
-0.07996,0.04442,0.30371
-0.08445,0.04443,0.29952
-0.08533,0.04413,0.2989
-0.08612,0.0443,0.30234
-0.08592,0.0442,0.31021
-0.08583,0.0443,0.31121
-0.08589,0.04423,0.31054
-0.0855,0.04414,0.30882
-0.08504,0.04423,0.29911
-0.08602,0.04425,0.30627
-0.08598,0.0443,0.30677
-0.06776,0.0444,0.31149
-0.08561,0.04417,0.29982
-0.08474,0.04433,0.29932
-0.08518,0.04432,0.29746
-0.08493,0.04459,0.29882
-0.08585,0.04426,0.30027
-0.0859,0.0442,0.30075
-0.08616,0.04515,0.30188
-0.08929,0.04563,0.29632
-0.08415,0.04464,0.2963
-0.08351,0.04412,0.29579
-0.08833,0.04429,0.29603
-0.08613,0.04607,0.30208
-0.08551,0.04429,0.29887
-0.08564,0.04565,0.29987
-0.09148,0.04426,0.2946
-0.09041,0.04424,0.29742
-0.09037,0.04561,0.29772
-0.09158,0.0456,0.29654
-0.08853,0.04697,0.29992
-0.09381,0.04604,0.29451
-0.09117,0.0465,0.29721
-0.07516,0.04411,0.2924
-0.08309,0.04427,0.29591
-0.07155,0.04408,0.29573
-0.06542,0.04405,0.29201
-0.07137,0.04447,0.29202
-0.07748,0.0441,0.29453
-0.0849,0.04417,0.29278
-0.09093,0.0442,0.29404
-0.07732,0.04488,0.29204
-0.08339,0.04471,0.29392
-0.07145,0.04407,0.29327
-0.08722,0.04416,0.29491
-0.09085,0.04459,0.29279
-0.05784,0.04517,0.29199
-0.0595,0.0461,0.292
-0.06604,0.04405,0.29416
-0.05997,0.04437,0.29621
-0.05949,0.0441,0.29579
-0.07028,0.04659,0.29202
-0.05815,0.04797,0.29199
-0.06103,0.04404,0.29585
-0.06391,0.04405,0.29293
-0.06289,0.04407,0.31118
-0.06727,0.04406,0.29845
-0.06797,0.04407,0.29615
-0.05937,0.04403,0.29568
-0.05985,0.0443,0.2961
-0.06103,0.04404,0.29356
-0.0629,0.04442,0.29201
-0.05961,0.04417,0.29589
-0.06088,0.04404,0.29477
-0.06106,0.0443,0.29537
-0.06666,0.04406,0.29631
-0.06324,0.04418,0.29369
-0.06252,0.04411,0.29395
-0.06433,0.04411,0.29285
-0.05973,0.04423,0.296
-0.0624,0.04404,0.29385
-0.06215,0.04424,0.29453
-0.06037,0.04479,0.292
-0.05836,0.04551,0.295
-0.05889,0.04741,0.29481
-0.05952,0.04671,0.29502
-0.05851,0.04754,0.29474
-0.08625,0.04764,0.2948
-0.06803,0.04707,0.29502
-0.0864,0.04764,0.2948
-0.09394,0.04916,0.29407
-0.05836,0.04754,0.29474
-0.05823,0.04754,0.29474
0.09858,0.04849,0.29365
-0.04848,0.04751,0.29472
-0.05806,0.04749,0.29477
0.02674,0.04874,0.2918
0.05678,0.04863,0.29174
0.09108,0.04851,0.29166
0.09412,0.04703,0.2944
0.06165,0.04711,0.29449
0.06193,0.04711,0.29449
0.05192,0.04715,0.29451
0.05178,0.04715,0.29451
0.00158,0.04733,0.29461
0.05164,0.04715,0.29451
0.05147,0.0471,0.29453
0.00171,0.04732,0.29461
0.00171,0.04733,0.29186
0.00141,0.04728,0.29464
0.0014,0.04728,0.29186
-0.01162,0.04717,0.29189
0.00112,0.04714,0.29186
0.0011,0.04613,0.29186
0.00181,0.04509,0.29186
-0.01259,0.04387,0.29183
0.0009,0.04692,0.29186
-0.02332,0.04817,0.29191
0.02674,0.04799,0.29181
-0.01239,0.04717,0.29177
0.00075,0.04664,0.29186
-0.02333,0.04721,0.29192
-0.02109,0.0472,0.29133
-0.02032,0.0472,0.29082
0.00264,0.04673,0.29285
0.00266,0.04664,0.29186
0.00209,0.04561,0.29186
-0.0155,0.04706,0.29482
0.00084,0.04684,0.29486
0.0001,0.0468,0.29678
0.00167,0.04677,0.29334
-0.05914,0.04707,0.31756
0.0026,0.0469,0.29482
0.00081,0.04677,0.29386
0.00099,0.04703,0.29476
-0.0482,0.0475,0.29472
-0.02919,0.04685,0.30471
0.00012,0.04681,0.29813
0.00145,0.04561,0.29186
0.00078,0.04671,0.29286
-0.05185,0.04736,0.30233
-0.02827,0.04698,0.30619
-0.00889,0.04687,0.30279
0.00942,0.04684,0.29511
0.01624,0.04677,0.2954
0.01684,0.04677,0.29521
0.01289,0.04681,0.29483
0.01804,0.04677,0.29483
0.0106,0.04679,0.29485
0.01265,0.04695,0.29476
0.00186,0.04732,0.29461
0.00862,0.0468,0.29674
0.01555,0.04678,0.29727
0.01578,0.04678,0.29665
0.016,0.04678,0.29867
0.01623,0.04678,0.29937
0.01623,0.04678,0.29804
0.01232,0.04679,0.30019
0.01291,0.04682,0.32005
0.0095,0.04682,0.3158
0.0071,0.04654,0.31633
0.01237,0.04439,0.30017
0.00471,0.04682,0.2996
0.01213,0.04442,0.31884
0.0101,0.04441,0.31615
0.00539,0.04385,0.31637
0.00777,0.04606,0.31798
0.00814,0.04572,0.3156
0.00842,0.04649,0.31546
0.00885,0.04705,0.31584
0.00744,0.04721,0.31572
0.007,0.04728,0.31694
0.00726,0.04648,0.31759
0.00719,0.04562,0.31736
0.00596,0.04395,0.3167
0.00775,0.04392,0.31961
0.00852,0.04573,0.31807
0.00716,0.04545,0.31617
0.00826,0.04388,0.31408
0.00935,0.04583,0.31632
0.0108,0.04389,0.31702
0.00933,0.0446,0.3162
0.00743,0.04483,0.31615
0.00819,0.04483,0.31787
0.00908,0.04603,0.31775
0.00953,0.04662,0.31645
0.00909,0.04685,0.31774
0.00792,0.04714,0.318
0.00882,0.04747,0.31809
0.00953,0.04769,0.3172
0.00796,0.04815,0.31805
0.00941,0.04843,0.31727
0.00873,0.04822,0.31566
0.00886,0.04758,0.31563
0.00697,0.04767,0.31623
0.00703,0.04819,0.31705
0.00728,0.04757,0.31778
0.00731,0.04904,0.31756
0.0075,0.04857,0.31582
0.00883,0.04902,0.31561
0.00741,0.04943,0.31578
0.00952,0.04926,0.31717
0.00918,0.04982,0.31602
0.00834,0.04933,0.31806
0.00784,0.05004,0.31827
0.00952,0.04999,0.31716
0.00785,0.05002,0.31581
0.00705,0.04978,0.31719
0.00824,0.04384,0.31978
0.05182,0.04371,0.34137
0.01405,0.04381,0.3194
0.0141,0.04384,0.34145
0.01329,0.04406,0.31786
-0.00456,0.04421,0.31899
-0.00135,0.04409,0.34174
0.00267,0.04402,0.34239
0.00384,0.04387,0.34194
0.01475,0.04411,0.31827
0.01475,0.04381,0.31857
0.01244,0.04381,0.31627
0.01274,0.04411,0.31627
0.01475,0.04441,0.31827
0.01275,0.04441,0.31627
0.01287,0.0443,0.30286
0.01272,0.04409,0.30357
0.01256,0.04394,0.30357
0.01264,0.0438,0.30235
0.00896,0.04414,0.30023
0.01699,0.04359,0.30014
0.01418,0.04429,0.30157
0.01544,0.04438,0.3017
0.0504,0.04398,0.31529
0.0155,0.04393,0.30156
0.0514,0.04407,0.31586
0.05077,0.04428,0.31436
0.05191,0.04668,0.31504
0.01489,0.04681,0.31588
0.00799,0.04597,0.29773
0.05119,0.04414,0.31536
0.05115,0.04508,0.31458
-0.00419,0.04567,0.31596
0.05125,0.04504,0.31483
0.05098,0.04421,0.31486
0.05153,0.04588,0.31481
0.05144,0.04544,0.31495
0.05165,0.04537,0.31545
-0.00387,0.04557,0.31671
0.0511,0.04411,0.31718
0.0515,0.0437,0.31571
0.05096,0.04413,0.31784
-0.00409,0.0456,0.3177
0.05023,0.04423,0.31874
0.00576,0.04444,0.31829
0.04987,0.04429,0.31919
-0.00464,0.04568,0.31838
0.05124,0.04588,0.31878
0.0279,0.04676,0.31903
0.05193,0.04668,0.31857
-0.00361,0.04687,0.31806
0.0522,0.04428,0.31824
0.05055,0.04508,0.31899
0.06296,0.04664,0.31733
0.03892,0.04673,0.31906
-0.0555,0.04705,0.31675
0.03165,0.0475,0.31938
-0.05187,0.04704,0.31594
-0.04857,0.04703,0.31869
-0.04634,0.04462,0.3194
-0.04687,0.04457,0.31845
-0.04793,0.04448,0.31654
-0.04823,0.04702,0.31514
0.00185,0.04685,0.31685
0.02592,0.04677,0.31955
0.01137,0.04833,0.3202
0.00142,0.04686,0.31984
0.002,0.04558,0.31756
-0.04708,0.04542,0.31917
0.00168,0.04686,0.31863
0.00279,0.04565,0.31899
-0.0474,0.04452,0.3175
-0.04874,0.04703,0.3195
-0.05916,0.04406,0.31676
-0.0478,0.04402,0.31584
-0.06098,0.04407,0.31869
-0.04634,0.04462,0.3184
-0.04756,0.04437,0.31819
-0.04732,0.04424,0.3157
-0.04689,0.04462,0.3155
-0.04726,0.04462,0.31457
-0.04908,0.04463,0.31638
-0.04769,0.0444,0.31764
-0.04759,0.04452,0.3162
-0.04752,0.04416,0.31579
-0.0469,0.04432,0.3155
-0.04781,0.04444,0.31709
-0.04714,0.04455,0.31747
-0.04724,0.04457,0.31585
-0.04808,0.04575,0.31584
-0.04634,0.04462,0.31874
-0.04634,0.04462,0.31907
-0.00225,0.04447,0.31831
-0.00225,0.04417,0.31831
-0.00074,0.04427,0.31783
0.00035,0.04446,0.31892
-0.04716,0.04445,0.31826
-0.04634,0.04417,0.31855
-0.00225,0.04402,0.31846
-0.00121,0.04386,0.31843
-0.01232,0.0439,0.31863
-0.04837,0.04404,0.33007
0.00175,0.04385,0.31855
0.00299,0.04381,0.29186
0.00353,0.04382,0.30052
-0.00021,0.04384,0.30013
0.00426,0.04415,0.31789
0.00005,0.04385,0.3163
0.00345,0.04384,0.31629
0.04986,0.04398,0.31819
0.05086,0.04369,0.31834
0.00375,0.04414,0.31629
0.01586,0.04382,0.32993
0.00375,0.04444,0.31629
0.00314,0.04445,0.31886
0.00306,0.04681,0.29851
0.00294,0.04442,0.29986
0.00046,0.04686,0.31884
0.00177,0.04517,0.29787
0.00263,0.0467,0.29286
0.00237,0.04612,0.29186
0.00259,0.04682,0.29754
0.00674,0.04681,0.29753
0.00258,0.04682,0.29486
0.00532,0.04441,0.29775
0.00695,0.04441,0.29753
0.0021,0.04718,0.29468
0.01744,0.04677,0.29502
0.00259,0.04685,0.29485
0.00321,0.04674,0.29681
0.00261,0.04676,0.29386
0.00259,0.04688,0.29484
0.01601,0.04678,0.29603
0.00262,0.04682,0.29383
0.00725,0.04714,0.29469
0.00774,0.04686,0.29482
0.01578,0.04678,0.29797
0.01624,0.04678,0.29672
-0.03402,0.04697,0.31149
0.04001,0.04671,0.30981
-0.03401,0.04697,0.31017
-0.02213,0.04694,0.31672
0.00328,0.04509,0.2968
-0.00096,0.04483,0.29712
0.00434,0.04484,0.31843
-0.00099,0.04634,0.31841
-0.00859,0.04689,0.31887
-0.00376,0.04652,0.29907
-0.00412,0.04688,0.31828
-0.00472,0.04676,0.31696
-0.00532,0.04663,0.31564
-0.00898,0.04687,0.30026
-0.00503,0.0462,0.29708
-0.0025,0.04388,0.29644
-0.00635,0.04686,0.29877
-0.00512,0.04451,0.30015
-0.00765,0.04388,0.29741
-0.00357,0.04443,0.31529
-0.01275,0.04389,0.29613
-0.01107,0.04404,0.30155
-0.00944,0.04428,0.30261
-0.00891,0.04395,0.31733
-0.01128,0.0442,0.31833
-0.01231,0.0439,0.31946
-0.00869,0.04449,0.31894
-0.01128,0.0445,0.31833
-0.06097,0.04407,0.31956
-0.04634,0.04402,0.3187
-0.065,0.04408,0.31232
-0.06781,0.04445,0.30654
-0.06903,0.04423,0.31256
-0.06769,0.0444,0.29726
-0.06506,0.04459,0.31079
-0.06313,0.04487,0.31228
-0.0679,0.04456,0.29666
-0.06748,0.04423,0.29786
-0.06785,0.04451,0.3016
-0.07982,0.04471,0.29605
-0.06688,0.04466,0.29518
-0.06964,0.04437,0.29603
-0.06964,0.04422,0.29588
-0.06751,0.04423,0.30497
-0.08309,0.04442,0.29606
-0.08688,0.04514,0.295
-0.0856,0.04569,0.29205
-0.08524,0.0469,0.29509
-0.08723,0.04756,0.29205
-0.09512,0.04916,0.29216
-0.08309,0.04755,0.29205
-0.09485,0.04422,0.29208
-0.08642,0.04663,0.29205
-0.08382,0.04664,0.29355
-0.07027,0.04659,0.29352
-0.06664,0.04706,0.2956
-0.06664,0.04468,0.31388
-0.06976,0.04462,0.31269
-0.07101,0.0447,0.31206
-0.06411,0.04708,0.31378
-0.06161,0.04705,0.29561
-0.06431,0.04706,0.29632
-0.06421,0.04707,0.30505
-0.06441,0.04488,0.31376
-0.06431,0.04561,0.31377
-0.06381,0.04486,0.30165
-0.06434,0.04633,0.30214
-0.06416,0.04485,0.29633
-0.06426,0.04632,0.29632
-0.06416,0.04707,0.30941
-0.06362,0.04597,0.31303
-0.06423,0.0467,0.30723
-0.06421,0.04634,0.31377
-0.06426,0.04706,0.30069
-0.06426,0.0467,0.30505
-0.06437,0.0456,0.30795
-0.06398,0.04487,0.31327
-0.06372,0.04596,0.3043
-0.06347,0.04486,0.30696
-0.06421,0.04559,0.29633
-0.06428,0.04486,0.30504
-0.06372,0.04524,0.31302
-0.06356,0.04487,0.31278
-0.06393,0.04524,0.31327
-0.0641,0.04473,0.31154
-0.06136,0.04464,0.29509
-0.06157,0.04467,0.31596
-0.0595,0.04466,0.31759
-0.06057,0.04455,0.29722
-0.06068,0.04466,0.31496
-0.06072,0.04434,0.29791
-0.06068,0.04436,0.31496
-0.06088,0.04416,0.31497
-0.06069,0.04436,0.30928
-0.06098,0.04406,0.31497
-0.06101,0.04405,0.30123
-0.06078,0.04426,0.31497
-0.06071,0.04435,0.30359
-0.06087,0.04419,0.29791
-0.06077,0.04429,0.29791
-0.06102,0.04404,0.29791
-0.06092,0.04414,0.29791
-0.06082,0.04424,0.29791
-0.06097,0.04409,0.29791
-0.06032,0.04426,0.29677
-0.06067,0.04415,0.29734
-0.06098,0.04407,0.31683
-0.06068,0.04418,0.3159
-0.06038,0.0443,0.3159
-0.06098,0.04407,0.3159
-0.06083,0.04412,0.31659
-0.06068,0.04418,0.31543
-0.06098,0.04407,0.31776
-0.06083,0.04413,0.31706
-0.0603,0.04433,0.31694
-0.06049,0.04426,0.31619
-0.06068,0.04418,0.31729
-0.06052,0.04424,0.31752
-0.06045,0.04427,0.31671
-0.01369,0.04448,0.29974
-0.05863,0.04466,0.31636
-0.01323,0.04439,0.29831
-0.01297,0.04437,0.29616
-0.01231,0.04448,0.29868
-0.01321,0.04393,0.29863
-0.01237,0.04687,0.29579
-0.05872,0.04463,0.2959
-0.04832,0.0452,0.29489
-0.0146,0.04688,0.2949
-0.01436,0.04388,0.29551
-0.01329,0.04388,0.29592
-0.02956,0.04424,0.29594
-0.05894,0.04413,0.29573
-0.05872,0.04418,0.29575
-0.01436,0.04398,0.29561
-0.03522,0.04394,0.29143
-0.02473,0.04391,0.29071
-0.04845,0.044,0.29558
-0.01435,0.04408,0.29571
-0.01949,0.04389,0.29035
-0.01382,0.04388,0.29571
-0.03716,0.04412,0.29586
-0.04477,0.0443,0.29607
-0.05956,0.0443,0.29606
-0.03636,0.04413,0.29617
-0.01271,0.04388,0.29506
-0.01719,0.04388,0.29084
-0.03628,0.04412,0.29402
-0.04859,0.04416,0.29233
-0.03957,0.04396,0.28958
-0.03721,0.04395,0.28845
-0.0249,0.04391,0.29014
-0.05213,0.04417,0.29403
-0.04428,0.04398,0.29184
-0.04454,0.04398,0.29188
-0.05251,0.04417,0.29409
-0.04506,0.04398,0.29197
-0.04782,0.0455,0.29197
-0.0448,0.04398,0.29193
-0.05358,0.04477,0.29199
-0.04504,0.04728,0.29196
-0.04371,0.04728,0.2917
-0.03604,0.04395,0.29109
-0.03598,0.04395,0.29114
-0.03625,0.04395,0.29094
-0.03636,0.04395,0.29086
-0.03585,0.04395,0.29123
-0.04932,0.04438,0.29198
-0.04739,0.04704,0.29496
-0.0482,0.04754,0.29197
-0.0493,0.04621,0.29498
-0.04935,0.04643,0.29498
-0.04936,0.04651,0.29197
-0.04835,0.0475,0.29472
-0.04866,0.04746,0.29475
-0.04895,0.04732,0.29197
-0.05336,0.04828,0.29198
-0.05742,0.04685,0.29199
-0.04917,0.0471,0.29197
-0.05756,0.04713,0.29199
-0.05778,0.04735,0.29199
-0.04931,0.04682,0.29197
-0.05336,0.04901,0.29198
-0.02332,0.04891,0.29191
-0.05778,0.04735,0.29484
-0.0577,0.0473,0.29486
-0.05756,0.04713,0.29495
-0.0575,0.04705,0.29498
-0.04901,0.04727,0.29484
-0.0493,0.04682,0.29498
-0.04923,0.047,0.29498
-0.04918,0.04707,0.29494
-0.05739,0.04675,0.29499
-0.04933,0.04672,0.29498
-0.05737,0.04654,0.295
-0.05744,0.0461,0.295
-0.05781,0.04572,0.295
-0.04876,0.04743,0.29476
-0.05796,0.04746,0.29478
0.00113,0.04714,0.29471
0.0013,0.04725,0.29465
-0.0258,0.04709,0.29484
-0.03643,0.04395,0.29076
-0.03721,0.04725,0.28978
-0.03647,0.04395,0.29071
-0.03614,0.04395,0.29102
-0.03639,0.04395,0.29081
-0.03678,0.04395,0.28965
-0.03662,0.04395,0.28977
-0.03591,0.04395,0.29118
-0.03653,0.04395,0.28984
-0.03543,0.04394,0.29136
-0.03621,0.04395,0.28994
-0.03672,0.04395,0.28995
-0.03696,0.04395,0.2892
-0.04192,0.04397,0.29071
-0.03213,0.04687,0.28398
-0.03222,0.04688,0.28043
-0.03555,0.04725,0.29135
-0.03517,0.04725,0.29143
-0.02826,0.0467,0.27751
-0.02829,0.0439,0.27746
-0.03487,0.04393,0.28467
-0.02922,0.04671,0.28076
-0.02855,0.04671,0.28263
-0.02454,0.04685,0.28397
-0.02947,0.04391,0.2816
-0.02773,0.04391,0.28241
-0.02744,0.04671,0.28068
-0.02449,0.04685,0.28041
-0.028,0.0439,0.28027
-0.02236,0.04389,0.28448
-0.01967,0.04719,0.28794
-0.01489,0.04387,0.29134
-0.0186,0.04719,0.28868
-0.05891,0.04477,0.2941
-0.03564,0.04395,0.2913
-0.02998,0.04393,0.29107
-0.02835,0.04392,0.2894
-0.05914,0.04424,0.2959
-0.05915,0.04408,0.29571
-0.01263,0.04387,0.29291
-0.00722,0.04686,0.29489
-0.01386,0.04688,0.2952
-0.01275,0.04688,0.29938
-0.04399,0.0462,0.31162
-0.01415,0.04568,0.29732
-0.0443,0.047,0.31001
-0.037,0.04729,0.29478
-0.01306,0.04688,0.2995
-0.01337,0.04688,0.29789
-0.01368,0.04688,0.29973
-0.02884,0.04534,0.30568
-0.02945,0.04694,0.30245
-0.01311,0.04688,0.2955
-0.01262,0.04688,0.29818
-0.01398,0.04688,0.29639
-0.0125,0.04688,0.29699
-0.01337,0.04688,0.29962
-0.01414,0.04688,0.29732
-0.01368,0.04608,0.29973
-0.04613,0.04702,0.31413
-0.00476,0.04445,0.29783
-0.04791,0.04622,0.31495
-0.03641,0.04697,0.30865
-0.04714,0.04462,0.31488
-0.00291,0.0443,0.29827
0.00041,0.04443,0.29964
-0.00071,0.04433,0.29979
-0.00287,0.04384,0.29811
-0.00439,0.04415,0.29877
-0.00025,0.04446,0.3163
-0.00029,0.04414,0.30155
-0.00025,0.04416,0.3163
-0.00014,0.04399,0.30155
-0.01235,0.04388,0.30158
-0.04695,0.04417,0.31536
-0.04701,0.04402,0.31523
-0.01205,0.04418,0.30178
-0.01282,0.04388,0.29693
0.0337,0.0438,0.31901
-0.01267,0.04388,0.29398
0.03378,0.04379,0.31686
-0.00299,0.04469,0.29185
0.04098,0.04441,0.31687
0.01136,0.04421,0.29175
0.01613,0.04377,0.2917
0.04814,0.04374,0.31679
0.01666,0.04377,0.2943
0.04854,0.04374,0.31874
0.01692,0.04377,0.29559
0.01694,0.04371,0.29711
0.04857,0.04365,0.32101
0.04306,0.04365,0.30932
0.05175,0.04367,0.31238
0.06596,0.04369,0.32713
0.06065,0.04366,0.31549
0.06361,0.04365,0.31653
0.06775,0.04367,0.32287
0.0637,0.04414,0.31599
0.06312,0.04375,0.31639
0.05898,0.04369,0.31492
0.05435,0.04374,0.31331
0.06454,0.04377,0.31478
0.07602,0.0437,0.33554
0.06214,0.04394,0.3161
0.05177,0.04368,0.31932
0.05472,0.04366,0.31342
0.07189,0.04368,0.32921
0.08703,0.04359,0.32847
0.07532,0.04362,0.3225
0.06546,0.0439,0.31303
0.05955,0.04387,0.31517
0.06263,0.04384,0.31624
0.05768,0.04366,0.31446
0.06158,0.04376,0.31585
0.08256,0.04379,0.32286
0.06109,0.04386,0.3157
0.05862,0.04377,0.31481
0.08531,0.04362,0.33182
0.07912,0.04367,0.3343
0.08635,0.04367,0.3394
0.09254,0.04361,0.33692
0.04986,0.04368,0.31849
0.04986,0.04383,0.31834
0.06215,0.04424,0.3161
0.01724,0.04407,0.29864
0.01724,0.04437,0.29864
0.04198,0.04385,0.30842
0.03221,0.04403,0.30446
0.04718,0.04398,0.31028
0.05206,0.04389,0.31226
0.05695,0.0438,0.31424
0.01613,0.04417,0.2979
0.01713,0.04437,0.29967
0.01555,0.04438,0.29726
0.0162,0.04437,0.29543
0.01693,0.04428,0.29597
0.01696,0.04365,0.29863
0.01641,0.04398,0.29865
0.00714,0.04399,0.29561
0.01665,0.0439,0.29636
0.00675,0.04402,0.29841
0.0167,0.04378,0.2994
0.01639,0.04404,0.29713
0.00439,0.04425,0.2994
0.00357,0.04397,0.30154
0.00372,0.04412,0.30154
0.00692,0.04607,0.2984
0.00805,0.04406,0.29792
0.00945,0.04618,0.29834
0.00819,0.04612,0.29837
0.01778,0.04437,0.29573
0.01778,0.04392,0.29559
0.01721,0.04382,0.29559
0.03993,0.04368,0.29083
0.03411,0.04701,0.29162
0.03907,0.04699,0.29116
0.0249,0.04704,0.2913
0.0229,0.04374,0.29024
0.04742,0.04366,0.29154
0.04809,0.04366,0.29175
0.02459,0.04374,0.29401
0.05172,0.04365,0.29536
0.04015,0.04368,0.28954
0.02562,0.04374,0.29554
0.04708,0.04366,0.29144
0.04004,0.04368,0.29018
0.03975,0.04699,0.29069
0.03986,0.04699,0.29053
0.04054,0.04698,0.2881
0.04026,0.04368,0.28889
0.03994,0.04368,0.2881
0.03226,0.04371,0.29242
0.04002,0.04368,0.28827
0.04006,0.04368,0.28835
0.04017,0.04368,0.28856
0.04022,0.04368,0.28866
0.04025,0.04368,0.28882
0.04695,0.04366,0.29135
0.04699,0.04366,0.29138
0.04653,0.04366,0.29104
0.04011,0.04368,0.28845
0.04023,0.04368,0.28874
0.04632,0.04366,0.29089
0.04716,0.04696,0.29148
0.03897,0.04533,0.28616
0.0374,0.04368,0.28423
0.04419,0.04367,0.28996
0.0444,0.04367,0.29011
0.04674,0.04366,0.29119
0.04206,0.04367,0.28903
0.04334,0.04367,0.28965
0.04461,0.04367,0.29027
0.04703,0.04366,0.29141
0.04349,0.04367,0.28976
0.04232,0.04367,0.28922
0.04775,0.04366,0.29165
0.04401,0.04367,0.28993
0.0499,0.04365,0.29356
0.04386,0.04367,0.29052
0.02533,0.04372,0.28453
0.03256,0.0437,0.28218
0.02796,0.04667,0.28384
0.03183,0.04369,0.27735
0.03286,0.04649,0.27771
0.0356,0.04665,0.2803
0.03553,0.04662,0.28383
0.03184,0.0465,0.28245
0.03274,0.04649,0.28093
0.03201,0.0437,0.28022
0.03055,0.0437,0.28129
0.03082,0.0465,0.28044
0.02779,0.04661,0.27997
0.01637,0.04707,0.29157
0.02287,0.04704,0.28965
0.02453,0.04704,0.29121
0.01503,0.04707,0.29183
0.04768,0.04696,0.29164
0.04845,0.04696,0.29176
0.05108,0.04519,0.29176
0.05678,0.04789,0.29174
0.05125,0.04714,0.29175
0.06083,0.04643,0.29173
0.06078,0.04612,0.29173
0.06097,0.04671,0.29173
0.06119,0.04693,0.29173
0.05236,0.04696,0.29175
0.05276,0.04586,0.29175
0.05272,0.04646,0.29175
0.05258,0.04674,0.29175
0.05208,0.0471,0.29453
0.05219,0.04706,0.29455
0.05236,0.04695,0.2946
0.05244,0.0469,0.29463
0.06137,0.04703,0.29453
0.05258,0.04673,0.29471
0.06099,0.0467,0.29469
0.06114,0.04688,0.2946
0.06092,0.04662,0.29474
0.05265,0.04665,0.29475
0.06084,0.04643,0.29474
0.06081,0.04634,0.29474
0.05272,0.04646,0.29475
0.05275,0.04637,0.29475
0.06079,0.04604,0.29474
0.05271,0.04575,0.29476
0.05236,0.04535,0.29476
0.06084,0.04581,0.29474
0.05277,0.04615,0.29475
0.06083,0.04581,0.29173
0.06085,0.04575,0.29474
0.061,0.0455,0.29474
0.05177,0.04515,0.29476
0.05206,0.0452,0.29476
0.05075,0.04563,0.29478
0.01803,0.04436,0.29483
0.06122,0.04529,0.29474
0.05091,0.04665,0.29476
0.05114,0.04694,0.29461
0.06254,0.04519,0.29473
0.06416,0.04638,0.29476
0.06835,0.04676,0.29464
0.07023,0.04658,0.29515
0.07156,0.04658,0.29471
0.06342,0.04662,0.29467
0.06437,0.04423,0.31715
0.06631,0.04661,0.3131
0.06677,0.04661,0.30741
0.0677,0.0466,0.29604
0.06821,0.04651,0.29502
0.06909,0.04651,0.29473
0.06267,0.04687,0.29458
0.06618,0.04644,0.29489
0.06663,0.04645,0.29474
0.06514,0.04693,0.29456
0.06608,0.04684,0.29482
0.07067,0.04658,0.295
0.06704,0.04531,0.30366
0.06807,0.04658,0.30179
0.06883,0.04656,0.31328
0.07132,0.04661,0.31626
0.06716,0.04442,0.31329
0.06866,0.0457,0.31294
0.06894,0.05531,0.31927
0.06755,0.04439,0.29604
0.06845,0.04657,0.30753
0.06726,0.0443,0.29985
0.06761,0.04529,0.31228
0.06849,0.04483,0.3126
0.06767,0.04399,0.31193
0.06703,0.044,0.3116
0.06793,0.04418,0.30415
0.06762,0.0455,0.29604
0.06801,0.04528,0.30415
0.06759,0.04495,0.29604
0.06668,0.04412,0.30747
0.06714,0.04513,0.30173
0.06766,0.04605,0.29604
0.06672,0.04587,0.30741
0.06697,0.04421,0.30366
0.06695,0.04578,0.30457
0.06649,0.04536,0.31029
0.06634,0.04575,0.31249
0.06651,0.04493,0.30998
0.06636,0.04489,0.31189
0.06724,0.0466,0.30172
0.06897,0.05547,0.31935
0.06894,0.04662,0.31937
0.06896,0.04662,0.31946
0.06924,0.04662,0.32003
0.09154,0.04649,0.29548
0.07325,0.04661,0.31815
0.09287,0.0465,0.29735
0.09297,0.04651,0.29467
0.09375,0.04458,0.29653
0.09528,0.04646,0.29653
0.09641,0.0441,0.29747
0.09621,0.04412,0.31859
0.08511,0.04496,0.31868
0.09631,0.04573,0.31856
0.08135,0.04418,0.31873
0.07459,0.0458,0.31896
0.09626,0.04492,0.31858
0.08878,0.04415,0.31866
0.0814,0.04498,0.31871
0.08531,0.04576,0.31871
0.07426,0.045,0.31888
0.08564,0.04656,0.31879
0.08888,0.04575,0.31863
0.09365,0.04709,0.29166
0.09316,0.04675,0.29454
0.07112,0.04658,0.29486
0.07029,0.04418,0.29509
0.07109,0.0442,0.31086
0.07156,0.04408,0.29618
0.07106,0.04388,0.29772
0.07097,0.04379,0.3021
0.07111,0.04398,0.30233
0.07112,0.04369,0.29663
0.07116,0.04407,0.30693
0.07088,0.0437,0.30648
0.07109,0.04379,0.29718
0.07107,0.04398,0.31131
0.07097,0.0436,0.30347
0.07093,0.04379,0.31108
0.07118,0.04388,0.30381
0.07743,0.04376,0.29561
0.07962,0.04363,0.29548
0.07984,0.04363,0.2955
0.06612,0.04663,0.32001
0.05235,0.04534,0.29175
0.06148,0.04706,0.29451
0.0447,0.04367,0.29033
0.04227,0.04367,0.28919
0.03998,0.04368,0.28819
0.02843,0.04372,0.29185
0.04779,0.04366,0.29294
0.04302,0.04368,0.29542
0.05173,0.04364,0.29266
0.02626,0.04385,0.29553
0.0442,0.04381,0.29551
0.06249,0.04366,0.29541
0.05954,0.04373,0.29546
0.0571,0.04365,0.29539
0.06232,0.04371,0.29545
0.05719,0.04363,0.29537
0.05693,0.0437,0.29542
0.05702,0.04368,0.29541
0.01749,0.04387,0.29559
0.03432,0.04371,0.29548
0.03475,0.04378,0.29547
0.0346,0.04376,0.29547
0.04323,0.04371,0.29542
0.04878,0.0437,0.29541
0.05432,0.04368,0.29539
0.05312,0.04364,0.29175
0.05445,0.04364,0.29536
0.049,0.04365,0.29266
0.05992,0.04362,0.29537
0.05537,0.04363,0.29491
0.05081,0.04365,0.29446
0.05401,0.04364,0.29356
0.05902,0.04362,0.29447
0.05061,0.04365,0.29175
0.05663,0.04363,0.29356
0.0259,0.04379,0.29553
0.05975,0.04367,0.29541
0.06101,0.0437,0.29543
0.05962,0.04371,0.29544
0.02612,0.04382,0.29553
0.05269,0.04374,0.29545
0.04529,0.04376,0.29547
0.04736,0.04381,0.29552
0.05538,0.04363,0.29356
0.05798,0.04362,0.29296
0.03257,0.04386,0.29555
0.04946,0.04383,0.31133
0.03449,0.04387,0.30551
0.04084,0.04393,0.30789
0.01715,0.04391,0.29914
0.03014,0.04384,0.30404
0.04312,0.04377,0.30894
0.01707,0.04375,0.29964
0.02147,0.04386,0.30086
0.02587,0.04397,0.30207
0.03441,0.04371,0.30601
0.03445,0.04379,0.30576
0.03437,0.04363,0.30626
0.02576,0.04377,0.3027
0.05051,0.04368,0.31501
0.02568,0.04361,0.3032
0.01639,0.04377,0.293
-0.00779,0.04428,0.29184
0.00658,0.04465,0.29181
-0.01205,0.04448,0.30178
-0.00901,0.04447,0.30022
-0.04745,0.04402,0.31547
-0.05866,0.04406,0.31668
-0.05887,0.04406,0.31673
-0.04756,0.04582,0.31532
-0.03185,0.04728,0.29477
-0.05549,0.04721,0.30995
-0.01478,0.04689,0.30017
-0.01369,0.04528,0.29974
-0.04634,0.04432,0.3184
-0.01288,0.04388,0.29772
0.05041,0.04406,0.31802
0.00522,0.04394,0.34185
0.05083,0.04371,0.34161
0.05782,0.0437,0.35226
0.05751,0.0437,0.3522
0.05042,0.04391,0.34152
0.05751,0.044,0.3522
-0.00254,0.04392,0.33798
-0.00963,0.04423,0.32731
0.02811,0.04409,0.34157
-0.03193,0.044,0.32736
0.00223,0.04398,0.34168
-0.03551,0.04412,0.32742
-0.00499,0.04404,0.34161
-0.04097,0.04404,0.32722
-0.02406,0.04403,0.34147
-0.05314,0.04422,0.33455
-0.0684,0.04431,0.31202
-0.00051,0.04396,0.3423
0.00129,0.04395,0.34249
0.00188,0.04388,0.34226
0.05152,0.04371,0.34208
0.05817,0.0437,0.35258
0.05918,0.04368,0.34286
0.06375,0.04368,0.353
0.06333,0.04371,0.3435
-0.0484,0.04403,0.31866
-0.04713,0.04402,0.31858
-0.05859,0.04406,0.31666
-0.04702,0.04462,0.31519
-0.04654,0.04458,0.31887
-0.04675,0.04454,0.31833
-0.04695,0.04449,0.3188
-0.04758,0.04542,0.31476
-0.05909,0.04406,0.31675
-0.05977,0.0443,0.3165
-0.05962,0.04406,0.31724
-0.06037,0.04418,0.31759
-0.05902,0.04406,0.31674
-0.06007,0.04406,0.31773
-0.0588,0.04406,0.31672
-0.05947,0.04418,0.31663
-0.06075,0.04416,0.31811
-0.06052,0.04407,0.31821
-0.06022,0.04412,0.31766
-0.06011,0.04417,0.31737
-0.05969,0.04418,0.31687
-0.05999,0.04412,0.31742
-0.04783,0.04623,0.31893
-0.029,0.04809,0.32106
0.00689,0.04684,0.31968
0.002,0.04798,0.32053
-0.00039,0.04762,0.32
0.0099,0.04683,0.31986
-0.04891,0.04703,0.3203
0.02812,0.04675,0.30459
0.05059,0.04418,0.31829
0.05125,0.04409,0.31652
-0.00889,0.04687,0.30543
-0.0022,0.0442,0.34164
-0.00863,0.04398,0.34149
-0.00093,0.04402,0.34202
-0.00041,0.0444,0.34279
-0.00004,0.04404,0.34364
-0.00019,0.04419,0.34364
-0.00019,0.04449,0.34364
-0.00016,0.04421,0.3592
-0.00001,0.04406,0.3592
0.00014,0.04391,0.3592
-0.04679,0.04435,0.34173
-0.03584,0.04414,0.34159
-0.00465,0.04838,0.32051
0.01498,0.04906,0.32097
0.01628,0.04937,0.32096
0.01748,0.04906,0.32266
0.04012,0.04898,0.32261
0.01626,0.04681,0.3228
0.01574,0.04443,0.33569
0.01772,0.0444,0.32267
0.04571,0.04431,0.32345
0.0171,0.0444,0.32277
0.04562,0.04671,0.32333
0.016,0.04441,0.32353
0.01572,0.04441,0.32468
0.04426,0.04432,0.3302
0.0443,0.04432,0.32921
0.044,0.04672,0.33015
0.04435,0.04432,0.33142
0.04576,0.04432,0.33675
0.04444,0.04432,0.32827
0.0444,0.04432,0.33164
0.01733,0.04442,0.33766
0.01657,0.04442,0.33731
0.01592,0.04443,0.33656
0.00235,0.04704,0.29475
0.00231,0.04715,0.29186
-0.06227,0.04708,0.32102
0.09203,0.04516,0.29167
0.08594,0.04603,0.29168
-0.06025,0.0441,0.29533
-0.07054,0.04431,0.31242
-0.07011,0.04423,0.31276
-0.07848,0.04442,0.30788
-0.07783,0.04429,0.30838
-0.05865,0.04419,0.3274
-0.06681,0.04434,0.32269
-0.07013,0.04413,0.31449
-0.08561,0.04418,0.34187
-0.08577,0.04441,0.36036
-0.08596,0.04446,0.32004
-0.08361,0.04438,0.34357
-0.08145,0.04446,0.3428
-0.07649,0.04433,0.33131
-0.07668,0.0443,0.33639
-0.06724,0.04418,0.36573
-0.06722,0.0442,0.36097
-0.06729,0.04418,0.36504
-0.06711,0.0442,0.36234
-0.06739,0.04418,0.36367
-0.06757,0.04416,0.36638
-0.07065,0.04412,0.31561
-0.07079,0.04412,0.31504
-0.07059,0.04412,0.3159
-0.07124,0.04412,0.31644
-0.07105,0.04411,0.3173
-0.07371,0.04435,0.31831
-0.0727,0.04432,0.3178
-0.07209,0.0442,0.31799
-0.08053,0.04424,0.30883
-0.0731,0.04441,0.3149
-0.0791,0.04472,0.3093
-0.0791,0.04442,0.3093
-0.08012,0.04459,0.30876
-0.08133,0.04437,0.30914
-0.07279,0.04429,0.31841
-0.07224,0.04411,0.3187
-0.07372,0.04411,0.31868
-0.0739,0.04417,0.31858
-0.07409,0.04423,0.31849
-0.07287,0.04437,0.31827
-0.07256,0.04424,0.31849
-0.07353,0.04429,0.3184
-0.07284,0.04415,0.31862
-0.07196,0.0442,0.31856
0.08494,0.04357,0.31526
-0.0859,0.04719,0.34107
-0.08457,0.04717,0.3329
-0.08593,0.04717,0.33015
-0.08594,0.04716,0.32174
-0.08597,0.04625,0.31418
-0.08492,0.04717,0.32867
-0.08525,0.04717,0.3279
-0.08494,0.04581,0.32079
-0.08592,0.04448,0.33641
-0.08487,0.04585,0.35353
-0.08586,0.04541,0.36163
-0.08523,0.04718,0.33791
-0.0859,0.04719,0.34225
-0.08591,0.04719,0.33905
-0.0859,0.04719,0.34282
-0.0859,0.04719,0.3431
-0.0843,0.04718,0.33961
-0.0847,0.04719,0.3431
-0.08338,0.04718,0.34035
-0.08406,0.04719,0.34341
0.09826,0.04348,0.2929
0.09475,0.04432,0.29166
0.08327,0.04541,0.29169
0.0965,0.0439,0.29166
0.09105,0.04559,0.29167
0.07767,0.04606,0.2917
0.08647,0.04353,0.29541
0.09826,0.04348,0.29415
0.09785,0.04349,0.29535
0.09669,0.04364,0.29736
0.08633,0.04373,0.2956
0.08617,0.04363,0.29549
0.09008,0.04602,0.29317
0.08181,0.04604,0.29169
0.07354,0.04608,0.29321
0.09747,0.04356,0.29637
0.09436,0.0437,0.29909
0.08118,0.04368,0.30581
0.08334,0.0437,0.3036
0.07895,0.04377,0.30795
0.07433,0.04364,0.31274
0.08327,0.0438,0.30352
0.08089,0.04371,0.30601
0.07705,0.04378,0.31455
0.07509,0.04359,0.31341
0.08608,0.04363,0.31824
0.09222,0.04354,0.3183
0.07854,0.04363,0.31828
0.08357,0.04377,0.31812
0.08608,0.04356,0.31832
0.07695,0.04363,0.31754
0.09617,0.04355,0.32637
0.09361,0.04373,0.3181
0.07774,0.04361,0.31794
-0.08589,0.0445,0.35278
-0.08308,0.04478,0.34179
-0.06632,0.04712,0.33964
-0.07868,0.04716,0.34049
-0.06711,0.04712,0.34102
-0.07778,0.04716,0.33962
-0.08327,0.04718,0.34108
-0.0799,0.04934,0.3396
-0.0815,0.05138,0.3396
-0.0723,0.05204,0.33958
-0.07205,0.04714,0.33963
-0.07296,0.04714,0.3405
-0.07386,0.04715,0.34137
-0.06527,0.04712,0.34588
-0.06538,0.04712,0.34095
-0.06537,0.04712,0.34102
-0.06528,0.04712,0.34157
-0.06528,0.04997,0.34145
-0.06569,0.04712,0.34052
-0.06528,0.05568,0.34121
-0.06554,0.04712,0.34109
-0.06606,0.04712,0.34012
-0.0658,0.04712,0.34061
-0.06528,0.04712,0.34301
-0.06528,0.05283,0.34133
-0.06528,0.04712,0.34444
-0.06553,0.04712,0.34432
-0.06606,0.04712,0.3412
-0.0658,0.04712,0.34276
-0.0658,0.04712,0.34204
-0.06779,0.04713,0.34346
-0.06705,0.04712,0.34155
-0.067,0.04712,0.34029
-0.06768,0.04713,0.34094
-0.07055,0.04714,0.34094
-0.06836,0.04713,0.3416
-0.06563,0.05283,0.34068
-0.06531,0.05584,0.34112
-0.06608,0.04938,0.33997
-0.06538,0.05615,0.34095
-0.06561,0.05389,0.34062
-0.06246,0.05717,0.34031
-0.06624,0.05719,0.33967
-0.06601,0.04712,0.34008
-0.06538,0.05013,0.34095
-0.06569,0.05163,0.34051
-0.06534,0.05599,0.34104
-0.06585,0.05163,0.3403
-0.06538,0.05314,0.34095
-0.06278,0.04711,0.34157
-0.06277,0.04711,0.34587
-0.06452,0.05713,0.33785
-0.07328,0.05437,0.33788
-0.08039,0.05661,0.33789
-0.07034,0.0542,0.3379
-0.07238,0.05512,0.33957
-0.07206,0.05217,0.33787
-0.08139,0.05146,0.3379
-0.08003,0.04926,0.3379
-0.0807,0.05036,0.3396
-0.08071,0.05036,0.3379
-0.08258,0.04717,0.33777
-0.08357,0.04717,0.33657
-0.08319,0.04557,0.33701
-0.08398,0.04716,0.32723
-0.08401,0.04717,0.3329
-0.08028,0.05655,0.33959
-0.07047,0.05398,0.33957
-0.06161,0.04711,0.34653
-0.06151,0.04471,0.34434
-0.05952,0.0447,0.34265
-0.01302,0.04456,0.36117
-0.05855,0.04469,0.34389
-0.06569,0.04862,0.34051
-0.06597,0.04997,0.34016
-0.06653,0.04713,0.34467
-0.08498,0.04719,0.345
0.07106,0.04359,0.29978
0.09361,0.04363,0.3182
0.09464,0.04368,0.31736
-0.06673,0.04473,0.34755
-0.06776,0.04466,0.35094
-0.07,0.04422,0.34813
-0.06887,0.04422,0.35038
-0.06807,0.04418,0.3508
-0.06897,0.04414,0.34787
-0.07936,0.04647,0.36914
-0.06383,0.04714,0.36441
-0.06447,0.04714,0.36422
-0.06283,0.04714,0.36416
-0.07344,0.04428,0.33341
-0.06089,0.04412,0.35719
-0.07346,0.04427,0.32448
-0.06058,0.04443,0.36314
-0.06077,0.04425,0.34529
-0.0609,0.04411,0.35124
-0.01316,0.04447,0.36488
-0.01383,0.04427,0.36504
-0.03732,0.04468,0.36718
-0.02415,0.04443,0.36649
-0.04391,0.04532,0.36906
-0.02846,0.04464,0.36713
-0.03276,0.04486,0.36777
-0.02161,0.0444,0.36649
-0.0353,0.04489,0.36778
-0.03143,0.04659,0.36753
0.00034,0.04422,0.36349
-0.00506,0.04413,0.36608
0.0017,0.04437,0.36896
-0.00332,0.04457,0.36704
0.00056,0.04462,0.36623
0.00139,0.04459,0.36896
-0.00051,0.04775,0.33943
-0.04558,0.04876,0.33952
-0.01095,0.04949,0.33945
-0.03084,0.04827,0.33949
-0.03345,0.04957,0.3395
-0.01253,0.05428,0.33774
-0.0132,0.04406,0.36196
-0.02837,0.04431,0.35606
-0.05879,0.04434,0.34383
0.09849,0.04363,0.32574
0.09867,0.04374,0.33315
0.0987,0.04365,0.33379
0.09852,0.04354,0.32639
0.0984,0.0436,0.32188
0.09851,0.04358,0.32607
0.09861,0.04359,0.33009
0.09855,0.04362,0.32784
-0.06043,0.04433,0.34446
-0.05935,0.04421,0.34367
-0.07309,0.04444,0.32385
-0.06416,0.04417,0.32024
0.10153,0.04417,0.36541
0.09688,0.04373,0.36495
0.09688,0.04418,0.3648
0.098,0.04379,0.36595
0.09785,0.04377,0.36092
0.07221,0.04427,0.36581
0.07321,0.04426,0.36485
0.07321,0.04396,0.36485
0.07362,0.04366,0.36515
0.07213,0.04378,0.36478
0.0811,0.04394,0.36484
0.09233,0.0436,0.36511
0.08899,0.04391,0.36482
0.07267,0.04387,0.36482
0.09688,0.04383,0.36485
0.09703,0.04368,0.36499
0.09688,0.04378,0.3649
0.09788,0.04358,0.36752
0.09719,0.04363,0.36502
0.09751,0.04373,0.36678
0.09711,0.04373,0.36493
0.01424,0.04386,0.34092
0.07102,0.04427,0.36533
0.07221,0.04587,0.3658
0.07221,0.04507,0.3658
0.07162,0.04427,0.36557
0.07132,0.04547,0.36544
0.07043,0.04508,0.36509
0.07162,0.04587,0.36557
0.07103,0.04668,0.36532
0.07103,0.04507,0.36533
0.07043,0.04588,0.36509
0.07162,0.04667,0.36556
0.06491,0.04668,0.36553
0.05539,0.04545,0.36578
0.06488,0.04429,0.36556
0.06953,0.04668,0.36462
0.01768,0.04446,0.36592
0.0623,0.0443,0.36488
0.06506,0.04426,0.34381
0.06416,0.04429,0.3637
0.06319,0.04418,0.36466
0.0643,0.04399,0.36287
0.06426,0.04427,0.34501
0.06426,0.04397,0.34502
0.06358,0.0442,0.34362
0.0628,0.04427,0.34243
0.06219,0.04427,0.34363
0.06219,0.04397,0.34363
0.06242,0.04387,0.34346
0.01699,0.04446,0.36208
0.01699,0.04416,0.36208
0.01756,0.04416,0.36497
0.0623,0.044,0.36488
0.04583,0.044,0.35027
0.03205,0.0441,0.35593
0.0596,0.04391,0.3446
0.05077,0.04391,0.34817
0.04712,0.04403,0.34978
0.05442,0.04378,0.34656
0.05983,0.04381,0.34444
0.05701,0.04384,0.34558
0.06266,0.04377,0.3433
0.01673,0.04446,0.3611
0.01604,0.04435,0.36257
0.01631,0.04437,0.36445
0.01547,0.04446,0.36506
0.01756,0.04446,0.36497
0.05995,0.04376,0.34436
0.05736,0.04369,0.34533
0.05719,0.04377,0.34546
0.04948,0.04387,0.34866
0.0257,0.04405,0.35844
0.03641,0.04404,0.35411
0.04194,0.04391,0.35173
0.03759,0.04396,0.35355
0.04312,0.04383,0.35117
0.04217,0.04392,0.36507
0.05187,0.04374,0.3652
0.03247,0.04411,0.36494
0.04738,0.04405,0.36491
0.05223,0.04396,0.36497
0.05708,0.04387,0.36504
0.06149,0.04389,0.36489
0.0633,0.04385,0.36482
0.05969,0.04394,0.36496
0.05864,0.04386,0.36498
0.0628,0.04392,0.36485
0.05448,0.0438,0.36512
0.05733,0.04383,0.36502
0.05758,0.04379,0.36501
0.06056,0.0438,0.36491
0.05783,0.04375,0.365
0.04963,0.0439,0.36505
0.04105,0.044,0.365
0.03471,0.04395,0.36509
0.03429,0.04385,0.36506
0.01671,0.04397,0.36493
0.02614,0.04405,0.36503
0.04,0.04412,0.36691
0.02518,0.04384,0.36498
0.01713,0.04406,0.36495
0.03407,0.0438,0.36505
0.04329,0.04384,0.36514
0.0345,0.0439,0.36508
0.04297,0.04377,0.36513
0.04779,0.04384,0.36562
0.05261,0.04391,0.36611
0.05708,0.04392,0.36596
0.06081,0.04376,0.3649
0.05335,0.04407,0.36702
0.05447,0.04399,0.36652
0.05485,0.04375,0.3651
0.05409,0.04424,0.36794
0.05484,0.04408,0.36697
0.06155,0.04393,0.36581
0.0582,0.04384,0.36545
0.05782,0.04408,0.36687
0.05894,0.044,0.36636
0.05707,0.04425,0.36783
0.0256,0.04393,0.365
0.02142,0.04401,0.36498
0.03518,0.04406,0.36642
0.04519,0.04427,0.36786
0.03021,0.04395,0.36505
0.0489,0.04409,0.36699
0.03444,0.04389,0.36551
0.02592,0.044,0.36589
0.03424,0.04389,0.35487
0.01664,0.04406,0.36221
0.02536,0.04395,0.35857
0.0163,0.04396,0.36233
0.03441,0.04394,0.35481
0.03407,0.04384,0.35493
0.0339,0.04379,0.35499
0.0251,0.04388,0.35866
0.10203,0.04656,0.36289
0.10197,0.04416,0.36278
0.07327,0.04424,0.34354
0.09798,0.04417,0.36113
0.07428,0.04424,0.34542
0.07428,0.04393,0.34542
0.0738,0.04384,0.34515
0.09008,0.04389,0.35589
0.07332,0.04374,0.34489
0.08218,0.04391,0.35065
0.08541,0.04376,0.35288
0.07447,0.04373,0.34453
0.10895,0.04414,0.36412
0.10918,0.04414,0.3639
0.10778,0.04449,0.36422
0.10466,0.04408,0.35995
0.10972,0.04414,0.36328
0.10773,0.04402,0.3612
0.10656,0.04396,0.36054
0.10899,0.04431,0.36336
0.10593,0.04438,0.36211
0.10556,0.0439,0.3595
0.10809,0.04449,0.36381
0.10651,0.04396,0.36063
0.10926,0.04414,0.36372
0.10836,0.04432,0.36417
0.1094,0.04414,0.36369
0.10981,0.04413,0.36309
0.10958,0.04414,0.36331
0.10872,0.04408,0.36224
0.09865,0.04473,0.33251
0.09718,0.04671,0.32268
0.08382,0.05016,0.32082
0.07292,0.04661,0.31906
0.04678,0.05434,0.32089
0.06013,0.05199,0.32172
0.06011,0.05201,0.32257
0.06013,0.05199,0.32257
0.06014,0.05199,0.32228
0.06015,0.05198,0.322
0.06014,0.05199,0.32121
0.06012,0.052,0.32189
0.06014,0.05199,0.32172
0.06012,0.05199,0.32155
0.06013,0.05199,0.32206
0.07769,0.04479,0.32968
0.04816,0.04442,0.32606
0.04744,0.04455,0.32751
0.06007,0.05427,0.33929
0.0601,0.05429,0.33929
0.05979,0.05401,0.33929
0.05952,0.05349,0.33829
0.05951,0.05312,0.33929
0.06051,0.05448,0.33928
0.05957,0.05276,0.33759
0.05981,0.05403,0.33758
0.06007,0.05427,0.33758
0.06009,0.05429,0.33758
0.06009,0.05429,0.33872
0.06009,0.05428,0.33872
0.06009,0.05429,0.33929
0.06007,0.05427,0.33872
0.06008,0.05427,0.33758
0.06008,0.05428,0.33929
0.06008,0.05428,0.33815
0.06007,0.05427,0.33815
0.06008,0.05428,0.33758
0.06008,0.05428,0.33843
0.06009,0.05429,0.33815
0.06015,0.05433,0.33758
0.0605,0.05448,0.33758
0.06131,0.0545,0.33835
0.06055,0.05449,0.33872
0.06058,0.0545,0.33928
0.06053,0.05449,0.33928
0.06051,0.05448,0.33815
0.06104,0.05449,0.33809
0.06056,0.05449,0.33928
0.06053,0.05449,0.33815
0.06051,0.05448,0.33872
0.06077,0.05449,0.33784
0.06106,0.0545,0.33866
0.06082,0.0545,0.33897
0.06091,0.05449,0.33882
0.05958,0.05273,0.33815
0.05958,0.05274,0.33844
0.05958,0.05272,0.33929
0.05958,0.05275,0.33929
0.05957,0.05275,0.33872
0.05959,0.0527,0.33929
0.05959,0.05271,0.33872
0.05957,0.05276,0.33815
0.05958,0.05273,0.33844
0.05959,0.0527,0.339
0.05958,0.05273,0.33872
-0.0053,0.04863,0.33944
-0.04507,0.04503,0.33568
-0.04745,0.04464,0.33663
-0.07388,0.04474,0.33726
-0.08373,0.04718,0.33724
-0.08414,0.04717,0.32789
-0.03982,0.04912,0.32109
0.00941,0.04798,0.3377
-0.00041,0.04764,0.33772
-0.00095,0.04802,0.33772
0.0073,0.04836,0.33771
0.00965,0.04798,0.3394
0.01501,0.04759,0.33939
0.05216,0.04411,0.34382
0.05547,0.0437,0.34257
0.06013,0.04368,0.34423
0.05574,0.04396,0.34359
0.04286,0.04375,0.35126
0.05208,0.04401,0.34475
0.05099,0.04431,0.34441
0.05177,0.04418,0.34402
0.05615,0.0439,0.34403
0.0546,0.0437,0.34643
0.052,0.04391,0.34568
0.05932,0.04382,0.34336
0.05338,0.04391,0.34513
0.05138,0.04425,0.34422
0.05191,0.04381,0.3466
0.03007,0.0443,0.3529
0.02232,0.04443,0.35612
0.0533,0.04381,0.34605
0.05793,0.04382,0.34391
0.05696,0.04376,0.3449
0.03665,0.04437,0.35027
0.06565,0.04667,0.34603
0.03958,0.04516,0.35059
0.06753,0.04516,0.36127
0.06454,0.04369,0.3633
0.06403,0.04374,0.36437
0.09001,0.04424,0.36877
0.09761,0.04358,0.36629
-0.01348,0.04398,0.29874
0.06419,0.04373,0.36383
0.00203,0.04485,0.34095
0.10026,0.04606,0.36724
0.01595,0.04387,0.36893
0.03555,0.04414,0.36688
0.05253,0.04469,0.36885
0.0321,0.04457,0.36688
0.03625,0.04531,0.36889
0.05042,0.04411,0.34152
0.01607,0.04387,0.36327
0.04988,0.04449,0.3582
0.02493,0.04383,0.35872
0.03194,0.04456,0.36566
0.00258,0.04712,0.36606
0.0278,0.04601,0.35585
0.01693,0.04686,0.3656
0.0112,0.04713,0.36606
0.00262,0.04706,0.36603
0.01123,0.0471,0.36604
-0.0588,-0.05375,0.33529
-0.058,-0.05226,0.33516
-0.05648,-0.05302,0.33475
-0.0578,-0.05472,0.33502
-0.05661,-0.05421,0.33534
-0.05654,-0.05254,0.33508
-0.05681,-0.05255,0.33532
-0.05668,-0.05256,0.33596
-0.05809,-0.05228,0.33673
-0.05685,-0.05239,0.33669
-0.05827,-0.05238,0.33594
-0.0564,-0.05395,0.33636
-0.0586,-0.05399,0.33615
-0.05885,-0.05374,0.33683
-0.05749,-0.05465,0.33633
-0.05703,-0.05451,0.33735
-0.05822,-0.05448,0.33762
-0.05876,-0.05311,0.33758
-0.05868,-0.05383,0.33843
-0.05717,-0.0546,0.3385
-0.0581,-0.05457,0.33914
-0.05636,-0.05339,0.33913
-0.05632,-0.05336,0.33816
-0.05712,-0.0523,0.33912
-0.05535,-0.05217,0.33968
-0.05716,-0.05507,0.33958
-0.05898,-0.05146,0.33968
-0.05521,-0.05269,0.34213
-0.05958,-0.05207,0.34212
-0.05764,-0.05233,0.34039
-0.05794,-0.0558,0.34209
-0.05741,-0.0545,0.34039
-0.0598,-0.05405,0.33969
-0.05881,-0.05328,0.33927
-0.0583,-0.05244,0.33876
-0.05781,-0.05218,0.33806
-0.05645,-0.05276,0.33748
-0.05727,-0.05217,0.33724
-0.08859,-0.07845,0.32734
-0.08854,-0.0785,0.32748
-0.08855,-0.07851,0.32779
-0.08866,-0.07837,0.32723
-0.0886,-0.07846,0.32793
-0.07069,-0.0618,0.32815
-0.08853,-0.07852,0.32763
-0.07067,-0.06182,0.32806
-0.07003,-0.06124,0.32812
-0.06986,-0.06115,0.32796
-0.07067,-0.06181,0.3278
-0.06833,-0.05993,0.32811
-0.06993,-0.0611,0.32768
-0.06831,-0.05996,0.32792
-0.06833,-0.05994,0.32774
-0.0658,-0.05828,0.32783
-0.06581,-0.05824,0.32803
-0.06318,-0.05674,0.32784
-0.06318,-0.05675,0.32774
-0.0658,-0.05828,0.32774
-0.06048,-0.05539,0.32765
-0.06049,-0.05535,0.32784
-0.0632,-0.05673,0.32756
-0.0577,-0.05418,0.32775
-0.0605,-0.05537,0.32747
-0.05769,-0.05422,0.32756
-0.05483,-0.05329,0.32748
-0.0577,-0.05422,0.32747
-0.05483,-0.05328,0.32758
-0.05362,-0.053,0.3272
-0.05483,-0.05329,0.32739
-0.05484,-0.05326,0.32731
-0.05775,-0.0541,0.32721
-0.05485,-0.05322,0.32722
-0.05487,-0.05317,0.32714
-0.05778,-0.05403,0.32714
-0.05492,-0.05301,0.32702
-0.05781,-0.05395,0.32709
-0.05785,-0.05386,0.32706
-0.05497,-0.05282,0.32698
-0.06062,-0.05512,0.32718
-0.0607,-0.05495,0.32714
-0.06343,-0.05633,0.32723
-0.06348,-0.05625,0.32724
-0.05788,-0.05377,0.32705
-0.06074,-0.05487,0.32715
-0.05794,-0.0536,0.32708
-0.06077,-0.05479,0.32717
-0.05797,-0.05351,0.32713
-0.05499,-0.05273,0.32698
-0.05501,-0.05265,0.32701
-0.05506,-0.05248,0.32711
-0.06084,-0.05463,0.32727
-0.058,-0.05344,0.32719
-0.06087,-0.05457,0.32735
-0.05802,-0.05337,0.32726
-0.06359,-0.05602,0.32737
-0.06365,-0.05591,0.32754
-0.06089,-0.05452,0.32744
-0.06352,-0.05617,0.32727
-0.06629,-0.05751,0.32755
-0.06621,-0.05764,0.32741
-0.06625,-0.05757,0.32747
-0.06872,-0.05942,0.32745
-0.06885,-0.05923,0.32763
-0.06617,-0.05772,0.32736
-0.06866,-0.05949,0.32743
-0.07,-0.06027,0.32753
-0.06994,-0.06034,0.32748
-0.06975,-0.06036,0.32745
-0.06977,-0.06056,0.32746
-0.06861,-0.05957,0.32742
-0.07099,-0.06146,0.32746
-0.0711,-0.06135,0.32748
-0.08886,-0.07815,0.32713
-0.07119,-0.06124,0.32755
-0.08897,-0.07804,0.32716
-0.08887,-0.07816,0.32813
-0.08876,-0.07827,0.32716
-0.07089,-0.06157,0.32748
-0.07014,-0.06107,0.32753
-0.06844,-0.0598,0.32751
-0.07075,-0.06172,0.32762
-0.06855,-0.05965,0.32743
-0.06597,-0.05803,0.32737
-0.06592,-0.05811,0.32742
-0.06836,-0.05991,0.32765
-0.06326,-0.05664,0.32739
-0.06588,-0.05817,0.32749
-0.06334,-0.05649,0.32728
-0.06055,-0.05527,0.3273
-0.06322,-0.05669,0.32747
-0.06584,-0.05822,0.32757
-0.06607,-0.05787,0.32733
-0.06612,-0.05779,0.32734
-0.08919,-0.07781,0.32748
-0.08914,-0.07786,0.32734
-0.08921,-0.07779,0.32763
-0.0892,-0.07781,0.32779
-0.08907,-0.07795,0.32804
-0.08915,-0.07787,0.32793
-0.08898,-0.07805,0.32811
-0.07113,-0.06133,0.32842
-0.0709,-0.06158,0.32844
-0.08877,-0.07828,0.32811
-0.07011,-0.06066,0.32846
-0.0701,-0.06105,0.32837
-0.0698,-0.06062,0.32844
-0.08867,-0.07838,0.32804
-0.07077,-0.06172,0.32832
-0.06998,-0.06109,0.32827
-0.06844,-0.05977,0.32834
-0.06836,-0.05989,0.3282
-0.06849,-0.0597,0.32839
-0.06591,-0.05807,0.32826
-0.06596,-0.058,0.3283
-0.066,-0.05792,0.32832
-0.06337,-0.05638,0.32823
-0.06332,-0.05646,0.3282
-0.0606,-0.05509,0.32811
-0.06328,-0.05654,0.32816
-0.06051,-0.05531,0.32793
-0.06054,-0.05524,0.32801
-0.06322,-0.05667,0.32802
-0.06584,-0.0582,0.32812
-0.0632,-0.05672,0.32793
-0.05772,-0.05414,0.32784
-0.05777,-0.05399,0.32798
-0.05485,-0.0532,0.32777
-0.05486,-0.05314,0.32784
-0.05488,-0.05306,0.32791
-0.0578,-0.05391,0.32802
-0.05491,-0.05297,0.32795
-0.05493,-0.05289,0.32797
-0.05783,-0.05383,0.32805
-0.05495,-0.0528,0.32798
-0.05786,-0.05374,0.32805
-0.06068,-0.05493,0.32814
-0.05793,-0.05356,0.32801
-0.06072,-0.05484,0.32813
-0.06076,-0.05475,0.3281
-0.0635,-0.05613,0.3282
-0.06345,-0.05622,0.32823
-0.06359,-0.05599,0.32808
-0.06355,-0.05606,0.32815
-0.06083,-0.0546,0.32798
-0.05796,-0.05348,0.32796
-0.055,-0.05261,0.32794
-0.05503,-0.05253,0.32789
-0.05799,-0.05341,0.32789
-0.06085,-0.05456,0.32809
-0.05796,-0.05337,0.32806
-0.05498,-0.05242,0.32795
-0.05495,-0.05254,0.32778
-0.05797,-0.05344,0.32793
-0.05792,-0.05351,0.3278
-0.05194,-0.05179,0.32767
-0.05193,-0.05182,0.32758
-0.05495,-0.05257,0.32769
-0.05792,-0.05353,0.3277
-0.06082,-0.05464,0.3279
-0.06083,-0.05464,0.32771
-0.05495,-0.05258,0.32759
-0.05792,-0.05352,0.32761
-0.06084,-0.05462,0.32762
-0.05793,-0.0535,0.32752
-0.05495,-0.05257,0.3275
-0.05195,-0.0518,0.3273
-0.05194,-0.05183,0.32739
-0.05498,-0.05251,0.32733
-0.05797,-0.0534,0.32736
-0.055,-0.05245,0.32725
-0.05654,-0.0529,0.32723
-0.05507,-0.05242,0.32719
-0.05197,-0.0517,0.32713
-0.05317,-0.05191,0.3271
-0.05803,-0.05333,0.32735
-0.05508,-0.05237,0.32728
-0.05201,-0.05154,0.32702
-0.0551,-0.05211,0.32709
-0.05803,-0.05324,0.32724
-0.05806,-0.05315,0.32721
-0.05047,-0.05166,0.32704
-0.05093,-0.05158,0.32716
-0.05051,-0.05182,0.32693
-0.0499,-0.05196,0.3269
-0.05144,-0.05218,0.32692
-0.05191,-0.05167,0.32767
-0.05427,-0.05233,0.32793
-0.05509,-0.05233,0.32747
-0.05509,-0.05233,0.32756
-0.05075,-0.05227,0.32698
-0.04892,-0.05214,0.32694
-0.05045,-0.0521,0.32692
-0.00283,-0.0524,0.32689
-0.00283,-0.05211,0.3268
-0.00248,-0.05237,0.3269
-0.00283,-0.05226,0.32682
-0.00218,-0.05217,0.32688
-0.0026,-0.0521,0.32681
-0.00245,-0.05204,0.32683
-0.04892,-0.05178,0.32692
-0.00283,-0.05195,0.32682
-0.04892,-0.05168,0.32697
-0.00283,-0.05185,0.32687
-0.00243,-0.05181,0.32691
-0.00283,-0.05177,0.32693
-0.04892,-0.05164,0.32699
-0.00211,-0.05161,0.3271
-0.00283,-0.05165,0.3271
-0.04892,-0.05146,0.32724
-0.00082,-0.0508,0.3285
-0.00139,-0.05213,0.3273
-0.0022,-0.05145,0.32768
-0.00283,-0.0516,0.3273
-0.04892,-0.05145,0.32729
-0.04892,-0.05145,0.32748
-0.00283,-0.05163,0.32745
-0.00258,-0.05163,0.32756
-0.00283,-0.05163,0.32747
-0.00258,-0.05186,0.32778
-0.00283,-0.0517,0.32759
-0.04892,-0.05151,0.32765
-0.00283,-0.0519,0.32775
-0.04892,-0.05164,0.3278
-0.00283,-0.05174,0.32763
-0.00283,-0.05195,0.32777
-0.00223,-0.052,0.32799
-0.00274,-0.05209,0.3278
-0.00283,-0.0521,0.3278
-0.00283,-0.05226,0.32777
-0.0023,-0.05238,0.32775
-0.00108,-0.0516,0.32905
-0.00174,-0.05104,0.32877
-0.00149,-0.05147,0.32905
-0.00122,-0.0516,0.32905
-0.00118,-0.0516,0.32905
-0.04892,-0.05183,0.32788
-0.04892,-0.05202,0.32789
-0.00283,-0.05209,0.3278
-0.05065,-0.05196,0.32791
-0.05048,-0.05213,0.32789
-0.04892,-0.05227,0.32776
-0.04892,-0.05239,0.3276
-0.05044,-0.05238,0.32774
-0.05001,-0.05224,0.32782
-0.00283,-0.05251,0.32759
-0.04946,-0.05226,0.32779
-0.02588,-0.05233,0.32773
-0.03767,-0.0523,0.32776
-0.00283,-0.0524,0.3277
-0.01422,-0.05236,0.32773
-0.02561,-0.05233,0.32776
-0.02615,-0.05233,0.32775
-0.00283,-0.05256,0.3275
-0.00283,-0.05258,0.32745
-0.00249,-0.05257,0.32744
-0.04892,-0.05242,0.3275
-0.00283,-0.0526,0.3273
-0.00219,-0.05252,0.32721
-0.04892,-0.05243,0.32732
-0.00283,-0.05258,0.32714
-0.0026,-0.05256,0.32714
-0.00263,-0.05249,0.327
-0.05016,-0.05248,0.32742
-0.05043,-0.05245,0.32719
-0.04892,-0.05241,0.32724
-0.05003,-0.05244,0.32758
-0.05197,-0.05253,0.3278
-0.05181,-0.05266,0.32728
-0.05001,-0.05235,0.32709
-0.04892,-0.0523,0.32706
-0.00283,-0.05253,0.32704
-0.05046,-0.0518,0.32786
-0.05025,-0.0517,0.32782
-0.0502,-0.05161,0.32775
-0.05048,-0.05157,0.32766
-0.04892,-0.05153,0.32769
-0.05045,-0.0515,0.32749
-0.05048,-0.05151,0.3273
-0.05048,-0.05154,0.32721
-0.00109,-0.0516,0.32905
-0.00117,-0.0516,0.32906
-0.00107,-0.05155,0.36909
-0.00115,-0.05161,0.32906
-0.00111,-0.0516,0.32906
-0.00115,-0.0516,0.32906
-0.00118,-0.0516,0.32906
-0.00113,-0.05161,0.32906
-0.0012,-0.0516,0.32905
-0.00117,-0.0516,0.32905
-0.00111,-0.0516,0.32905
-0.00112,-0.0516,0.32906
-0.00115,-0.0516,0.32905
-0.00113,-0.0516,0.32905
-0.00125,-0.05152,0.36909
-0.00111,-0.05155,0.37029
-0.00092,-0.05153,0.36909
-0.00096,-0.05153,0.37149
-0.00112,-0.05144,0.3723
-0.00116,-0.05154,0.37149
-0.00087,-0.05142,0.37218
-0.00077,-0.05146,0.37149
-0.00114,-0.05149,0.37189
-0.00129,-0.05145,0.37195
-0.00147,-0.05134,0.37149
-0.00136,-0.05145,0.37149
-0.00122,-0.05153,0.37149
-0.0015,-0.05107,0.37252
-0.00147,-0.05129,0.37192
-0.00152,-0.05125,0.37149
-0.00154,-0.05121,0.36909
-0.00147,-0.05135,0.36909
-0.00155,-0.05115,0.37149
-0.00163,-0.05125,0.32905
-0.00157,-0.05105,0.36909
-0.00165,-0.05114,0.32905
-0.00154,-0.05089,0.37149
-0.00155,-0.05096,0.36909
-0.00166,-0.0511,0.32905
-0.00156,-0.05105,0.37149
-0.00164,-0.05097,0.32895
-0.00153,-0.05087,0.36909
-0.00147,-0.05076,0.36909
-0.00152,-0.05077,0.32905
-0.00146,-0.05071,0.32905
-0.00136,-0.05065,0.36909
-0.00126,-0.0506,0.37149
-0.00127,-0.0506,0.36909
-0.00138,-0.05067,0.32905
-0.00135,-0.05064,0.37149
-0.00135,-0.05068,0.32875
-0.00131,-0.05063,0.32905
-0.00119,-0.05061,0.32905
-0.00117,-0.05057,0.36909
-0.00122,-0.05058,0.36909
-0.00116,-0.05057,0.37149
-0.00115,-0.0504,0.37214
-0.00106,-0.05055,0.37149
-0.00147,-0.04943,0.37326
-0.00098,-0.04957,0.37292
-0.00059,-0.04995,0.37307
-0.00135,-0.05061,0.37178
-0.00152,-0.05075,0.37195
-0.00106,-0.05052,0.37176
-0.00083,-0.05054,0.3719
-0.00156,-0.05023,0.37283
-0.00154,-0.04924,0.37351
-0.00153,-0.04924,0.37344
-0.00147,-0.04924,0.37334
-0.00125,-0.04924,0.37314
-0.00134,-0.04924,0.37319
-0.00116,-0.04924,0.37311
-0.00122,-0.04116,0.37313
-0.00132,-0.04116,0.37318
-0.00122,-0.04034,0.3731
-0.00109,-0.04924,0.3731
-0.00093,-0.04116,0.3731
-0.00198,-0.03899,0.37355
-0.00097,-0.03852,0.37316
-0.00108,-0.04029,0.37308
-0.00137,-0.04032,0.37318
-0.00148,-0.04031,0.37328
-0.0015,-0.04115,0.37343
-0.00154,-0.04034,0.37341
-0.00143,-0.04115,0.37329
-0.00145,-0.04115,0.37333
-0.00151,-0.04115,0.3735
-0.00156,-0.04034,0.37349
-0.00155,-0.04033,0.37374
-0.00148,-0.04033,0.37388
-0.00148,-0.04115,0.37379
-0.00151,-0.04115,0.37369
-0.00154,-0.04924,0.3737
-0.00155,-0.04924,0.3736
-0.00154,-0.04964,0.37359
-0.00149,-0.04981,0.3737
-0.0011,-0.05008,0.37392
-0.0012,-0.04958,0.37404
-0.0013,-0.04948,0.374
-0.00146,-0.0495,0.37384
-0.00146,-0.04924,0.37389
-0.00135,-0.04924,0.374
-0.00123,-0.04924,0.37406
-0.00118,-0.04115,0.37406
-0.00105,-0.04924,0.3741
-0.00092,-0.04116,0.37407
-0.00132,-0.04115,0.37399
-0.00134,-0.04031,0.37402
-0.00105,-0.03918,0.37405
-0.00117,-0.04029,0.37408
-0.00097,-0.04027,0.37407
-0.00324,-0.03476,0.37359
-0.00065,-0.04024,0.37385
-0.00226,-0.03673,0.37407
-0.00084,-0.04022,0.37403
-0.00071,-0.04024,0.37392
-0.00087,-0.04116,0.37406
-0.00082,-0.04116,0.37404
-0.00095,-0.04924,0.37408
-0.00076,-0.04924,0.374
-0.00069,-0.04924,0.37393
-0.00066,-0.04116,0.37392
-0.00062,-0.04116,0.37388
-0.00056,-0.04116,0.37376
-0.00061,-0.04023,0.37376
-0.00059,-0.04924,0.37377
-0.00063,-0.04924,0.37386
-0.0006,-0.04958,0.37377
-0.00076,-0.0494,0.37399
-0.00068,-0.05088,0.37302
-0.00055,-0.0496,0.37349
-0.00058,-0.04924,0.37375
-0.00057,-0.04924,0.37369
-0.00057,-0.04924,0.37349
-0.00052,-0.04116,0.37358
-0.00057,-0.04116,0.37339
-0.0006,-0.04924,0.3734
-0.00062,-0.04116,0.37329
-0.0006,-0.04023,0.37344
-0.00067,-0.04024,0.37329
-0.00058,-0.04023,0.37358
-0.00098,-0.03922,0.37315
-0.00069,-0.04116,0.37322
-0.00084,-0.04116,0.37312
-0.00082,-0.04026,0.37316
-0.00079,-0.04924,0.37317
-0.00095,-0.04927,0.3731
-0.00088,-0.04041,0.37311
-0.00071,-0.04928,0.37322
-0.00101,-0.04924,0.3731
-0.00052,-0.05093,0.3722
-0.00061,-0.05124,0.37192
-0.00056,-0.05101,0.37185
-0.00066,-0.05076,0.37149
-0.00065,-0.05073,0.3718
-0.00059,-0.0509,0.37149
-0.00058,-0.05095,0.37149
-0.00056,-0.05105,0.37149
-0.00058,-0.05114,0.37149
-0.00061,-0.05123,0.36909
-0.00057,-0.05106,0.36909
-0.00064,-0.05131,0.37149
-0.00066,-0.05135,0.36909
-0.00078,-0.05146,0.36909
-0.00077,-0.05141,0.37194
-0.00085,-0.0515,0.32905
-0.00079,-0.05144,0.32905
-0.00088,-0.05162,0.32848
-0.00068,-0.05127,0.32905
-0.00073,-0.05129,0.32862
-0.00065,-0.05111,0.32905
-0.00066,-0.05107,0.32905
-0.00071,-0.05091,0.32885
-0.00072,-0.05088,0.32905
-0.00061,-0.05086,0.36909
-0.00059,-0.0509,0.36909
-0.00066,-0.05076,0.36909
-0.00075,-0.05081,0.32905
-0.00077,-0.05065,0.36909
-0.00077,-0.05065,0.37149
-0.00082,-0.05074,0.32905
-0.0009,-0.05068,0.32905
-0.001,-0.05063,0.32905
-0.00089,-0.05059,0.36909
-0.00112,-0.05089,0.32812
-0.00117,-0.0506,0.32916
-0.00094,-0.05055,0.32915
-0.00086,-0.05051,0.32915
-0.00076,-0.05042,0.32893
-0.00066,-0.05035,0.36909
-0.0008,-0.05047,0.36909
-0.00087,-0.05049,0.37125
-0.00065,-0.05033,0.37091
-0.00077,-0.05046,0.37091
-0.00106,-0.05055,0.3709
-0.00088,-0.05051,0.37091
-0.00126,-0.04998,0.37252
-0.00066,-0.05032,0.37126
-0.00107,-0.0505,0.3713
-0.00116,-0.05054,0.37091
-0.00132,-0.05045,0.37128
-0.00125,-0.05051,0.37091
-0.00122,-0.05053,0.36909
-0.00136,-0.05046,0.36909
-0.00136,-0.05045,0.37091
-0.00141,-0.0504,0.37091
-0.00148,-0.05032,0.37091
-0.00147,-0.05034,0.37091
-0.00148,-0.0503,0.37117
-0.00148,-0.05032,0.36909
-0.00163,-0.05025,0.32915
-0.00154,-0.05021,0.36909
-0.00156,-0.0504,0.32915
-0.00146,-0.0505,0.32916
-0.00233,-0.05076,0.32791
-0.00137,-0.05091,0.32856
-0.00126,-0.0506,0.32916
-0.00118,-0.0506,0.32915
-0.0023,-0.05122,0.32789
-0.00262,-0.05145,0.32767
-0.00215,-0.0515,0.32753
-0.00156,-0.05086,0.32719
-0.00296,-0.05126,0.32777
-0.04892,-0.05102,0.32788
-0.00296,-0.05109,0.3278
-0.00286,-0.05109,0.3278
-0.00275,-0.05135,0.32773
-0.00296,-0.05139,0.3277
-0.04892,-0.05119,0.32782
-0.04892,-0.05109,0.32787
-0.05049,-0.0512,0.32791
-0.05044,-0.05133,0.32785
-0.04892,-0.05127,0.32776
-0.04983,-0.05138,0.32772
-0.00296,-0.05151,0.32759
-0.0497,-0.05145,0.32756
-0.05194,-0.05174,0.32776
-0.05197,-0.05159,0.3279
-0.05195,-0.05167,0.32784
-0.055,-0.05234,0.32801
-0.05502,-0.05226,0.32806
-0.05801,-0.05321,0.32817
-0.05804,-0.05313,0.32819
-0.05507,-0.05209,0.32809
-0.052,-0.05142,0.32797
-0.05807,-0.05304,0.3282
-0.06093,-0.05434,0.32827
-0.06097,-0.05426,0.32829
-0.0581,-0.05295,0.32819
-0.05512,-0.0519,0.32805
-0.06104,-0.05409,0.32829
-0.05813,-0.05286,0.32816
-0.06383,-0.05557,0.32838
-0.06391,-0.0554,0.32838
-0.06108,-0.054,0.32826
-0.06395,-0.05532,0.32835
-0.06112,-0.05392,0.32821
-0.05816,-0.05278,0.32811
-0.064,-0.05524,0.3283
-0.06115,-0.05385,0.32814
-0.05819,-0.05271,0.32804
-0.06403,-0.05517,0.32823
-0.06117,-0.05379,0.32806
-0.06408,-0.05508,0.32806
-0.06682,-0.05669,0.32829
-0.06121,-0.05373,0.32789
-0.06409,-0.05506,0.32797
-0.06689,-0.05658,0.32804
-0.06685,-0.05664,0.32821
-0.06956,-0.05834,0.32797
-0.07049,-0.05902,0.32799
-0.06689,-0.05659,0.32785
-0.06954,-0.05836,0.32815
-0.06951,-0.0584,0.32824
-0.06688,-0.05661,0.32775
-0.0641,-0.05506,0.32779
-0.06954,-0.05837,0.32778
-0.06955,-0.05835,0.32788
-0.07088,-0.05947,0.32769
-0.07082,-0.05933,0.32788
-0.072,-0.0604,0.32777
-0.08984,-0.07714,0.32734
-0.07192,-0.06049,0.3276
-0.07099,-0.05978,0.32753
-0.06951,-0.05841,0.32769
-0.06942,-0.05853,0.32755
-0.07061,-0.05974,0.32747
-0.06937,-0.0586,0.32751
-0.07175,-0.06067,0.32747
-0.07179,-0.06062,0.32748
-0.08976,-0.07722,0.32723
-0.08936,-0.07765,0.32723
-0.08966,-0.07732,0.32716
-0.08956,-0.07743,0.32713
-0.07162,-0.06081,0.32747
-0.08945,-0.07754,0.32716
-0.07155,-0.06088,0.3275
-0.07044,-0.05978,0.32748
-0.07056,-0.06012,0.32756
-0.0692,-0.05882,0.32748
-0.06926,-0.05874,0.32747
-0.07144,-0.061,0.32762
-0.07042,-0.0602,0.32773
-0.06915,-0.0589,0.32751
-0.06909,-0.05897,0.32756
-0.06905,-0.05903,0.32763
-0.08928,-0.07773,0.32734
-0.06888,-0.05919,0.32772
-0.06919,-0.05941,0.32776
-0.06901,-0.05908,0.32771
-0.07136,-0.0611,0.32787
-0.07013,-0.06009,0.32785
-0.0704,-0.06027,0.32801
-0.0892,-0.0778,0.32756
-0.07136,-0.0611,0.32806
-0.06889,-0.05916,0.32801
-0.06899,-0.05911,0.32817
-0.07138,-0.06108,0.32815
-0.07021,-0.06006,0.32817
-0.07051,-0.06021,0.32829
-0.06902,-0.05907,0.32826
-0.06645,-0.0573,0.32831
-0.0665,-0.05723,0.32837
-0.06642,-0.05736,0.32823
-0.06916,-0.05888,0.32844
-0.07052,-0.06,0.32843
-0.06654,-0.05715,0.32841
-0.06658,-0.05708,0.32844
-0.06921,-0.05881,0.32847
-0.07045,-0.05983,0.32846
-0.06379,-0.05565,0.32835
-0.06375,-0.05573,0.32831
-0.0609,-0.05442,0.32823
-0.06371,-0.0558,0.32825
-0.06087,-0.0545,0.32816
-0.06369,-0.05586,0.32817
-0.0664,-0.0574,0.32814
-0.0636,-0.05596,0.32804
-0.06638,-0.05743,0.32795
-0.06362,-0.05594,0.328
-0.06364,-0.0559,0.32791
-0.06632,-0.05744,0.32792
-0.06628,-0.05749,0.32809
-0.06366,-0.05594,0.3278
-0.06367,-0.05592,0.32771
-0.06638,-0.05743,0.32786
-0.06366,-0.05589,0.32763
-0.06227,-0.0552,0.32754
-0.06366,-0.05587,0.32773
-0.0609,-0.05448,0.32764
-0.0609,-0.05449,0.32754
-0.06631,-0.05747,0.32764
-0.06632,-0.05744,0.32773
-0.06642,-0.05737,0.32768
-0.06376,-0.05576,0.32747
-0.06095,-0.05437,0.32734
-0.06645,-0.05732,0.3276
-0.05945,-0.05395,0.32735
-0.06099,-0.05428,0.32731
-0.06106,-0.05411,0.32731
-0.0581,-0.05306,0.3272
-0.06384,-0.05559,0.32739
-0.05813,-0.05298,0.32721
-0.05513,-0.05202,0.32709
-0.05815,-0.05289,0.32723
-0.05515,-0.05193,0.32712
-0.05206,-0.05126,0.32698
-0.05205,-0.05135,0.32697
-0.05208,-0.05118,0.327
-0.05054,-0.05089,0.32695
-0.05049,-0.05108,0.32693
-0.04892,-0.05104,0.32691
-0.04996,-0.05122,0.32695
-0.04892,-0.05094,0.3269
-0.04892,-0.0513,0.32706
-0.05044,-0.05144,0.32709
-0.00296,-0.0514,0.32689
-0.04892,-0.05114,0.32694
-0.05203,-0.05145,0.32698
-0.00252,-0.05146,0.327
-0.00247,-0.05127,0.32687
-0.00296,-0.05126,0.32682
-0.00296,-0.0511,0.3268
-0.00272,-0.0511,0.32681
-0.00254,-0.05099,0.32684
-0.04892,-0.05086,0.32691
-0.04892,-0.05078,0.32692
-0.00296,-0.05095,0.32682
-0.04892,-0.05068,0.32697
-0.00296,-0.05084,0.32687
-0.00245,-0.05074,0.32697
-0.00296,-0.05081,0.32689
-0.04892,-0.0506,0.32703
-0.00296,-0.0507,0.327
-0.00249,-0.05059,0.32717
-0.05004,-0.05057,0.32715
-0.04988,-0.05066,0.32703
-0.05211,-0.05101,0.32711
-0.05212,-0.05094,0.32719
-0.05042,-0.05054,0.32729
-0.05521,-0.05171,0.3273
-0.05522,-0.05166,0.32739
-0.04892,-0.05048,0.3272
-0.00296,-0.05063,0.32714
-0.04891,-0.05045,0.32729
-0.05054,-0.05057,0.3275
-0.05213,-0.05085,0.32747
-0.05522,-0.05162,0.32758
-0.05522,-0.05162,0.32767
-0.05212,-0.05088,0.32765
-0.05519,-0.05168,0.32785
-0.05053,-0.05064,0.32768
-0.05013,-0.05069,0.3278
-0.05209,-0.05098,0.32781
-0.04891,-0.05057,0.32773
-0.04891,-0.05051,0.32765
-0.00296,-0.0507,0.32759
-0.04891,-0.05045,0.32748
-0.00296,-0.05062,0.32745
-0.00278,-0.05062,0.32749
-0.01436,-0.05061,0.32755
-0.02594,-0.0506,0.32762
-0.00287,-0.05066,0.32754
-0.00296,-0.0506,0.3273
-0.00269,-0.05068,0.32763
-0.00214,-0.05037,0.32776
-0.00296,-0.05081,0.3277
-0.04891,-0.05074,0.32785
-0.0505,-0.05087,0.32788
-0.04891,-0.05083,0.32788
-0.00296,-0.05095,0.32777
-0.05071,-0.05104,0.32793
-0.04892,-0.05094,0.3279
-0.05206,-0.05114,0.32793
-0.05204,-0.05124,0.32796
-0.05202,-0.05133,0.32797
-0.05207,-0.05106,0.32788
-0.05515,-0.05182,0.328
-0.05517,-0.05174,0.32793
-0.05821,-0.05265,0.32796
-0.05824,-0.05259,0.32779
-0.05825,-0.05258,0.32769
-0.06121,-0.05372,0.3278
-0.05824,-0.05262,0.3275
-0.0612,-0.05376,0.3276
-0.06118,-0.05381,0.32751
-0.05823,-0.05267,0.32741
-0.05821,-0.05273,0.32733
-0.05519,-0.05177,0.32722
-0.0521,-0.05109,0.32705
-0.06113,-0.05395,0.32737
-0.06396,-0.05534,0.32742
-0.0611,-0.05403,0.32733
-0.06393,-0.05542,0.32739
-0.06659,-0.05709,0.32746
-0.06664,-0.05701,0.32745
-0.06669,-0.05693,0.32745
-0.06678,-0.05678,0.32752
-0.06682,-0.05671,0.32758
-0.06407,-0.05513,0.3276
-0.06685,-0.05666,0.32766
-0.06409,-0.05509,0.32769
-0.06649,-0.05725,0.32753
-0.00173,-0.05004,0.32871
-0.0014,-0.0497,0.32888
-0.00101,-0.04969,0.32868
-0.00145,-0.0497,0.32915
-0.0013,-0.04963,0.32915
-0.00156,-0.04981,0.32915
-0.00147,-0.04976,0.36909
-0.00164,-0.05003,0.32915
-0.00152,-0.04986,0.36909
-0.00136,-0.04965,0.36909
-0.00146,-0.04975,0.37091
-0.00147,-0.04977,0.37091
-0.00154,-0.0499,0.36909
-0.00154,-0.04989,0.37091
-0.00145,-0.04968,0.37126
-0.00154,-0.04977,0.37155
-0.00133,-0.04963,0.37091
-0.00123,-0.04957,0.37106
-0.00121,-0.04939,0.37145
-0.00105,-0.04953,0.3711
-0.00078,-0.04955,0.37133
-0.00098,-0.04874,0.37203
-0.00133,-0.04865,0.37216
-0.00151,-0.04885,0.3723
-0.00106,-0.04955,0.3709
-0.00097,-0.04957,0.36909
-0.00106,-0.04955,0.36909
-0.00115,-0.04956,0.36909
-0.0009,-0.04957,0.3709
-0.00114,-0.04956,0.37091
-0.00091,-0.04958,0.36909
-0.00077,-0.04965,0.36909
-0.00081,-0.04975,0.32915
-0.00098,-0.04964,0.32915
-0.00076,-0.04965,0.3709
-0.00107,-0.04962,0.32915
-0.00065,-0.04976,0.3709
-0.00065,-0.04979,0.36909
-0.00062,-0.04978,0.37123
-0.00071,-0.04989,0.32915
-0.00075,-0.04981,0.32915
-0.00059,-0.0499,0.36909
-0.00072,-0.05007,0.32866
-0.00068,-0.04995,0.32915
-0.00069,-0.05024,0.3288
-0.00065,-0.05011,0.32915
-0.00066,-0.05018,0.32915
-0.00056,-0.05005,0.36909
-0.00058,-0.04997,0.36909
-0.00059,-0.05021,0.36909
-0.00057,-0.04997,0.3709
-0.00056,-0.05005,0.3709
-0.00058,-0.05021,0.3709
-0.00056,-0.05002,0.3712
-0.00055,-0.05002,0.37161
-0.00066,-0.0487,0.37226
-0.0006,-0.05024,0.3709
-0.00069,-0.049,0.37291
-0.00055,-0.04899,0.37243
-0.00056,-0.04893,0.3726
-0.00057,-0.04861,0.37269
-0.00058,-0.04861,0.37244
-0.00059,-0.04861,0.37241
-0.00055,-0.04061,0.37243
-0.00052,-0.04061,0.37258
-0.00069,-0.03912,0.37244
-0.00056,-0.04061,0.3724
-0.00062,-0.03972,0.3724
-0.00058,-0.03971,0.37259
-0.00273,-0.03524,0.3721
-0.00081,-0.03925,0.37221
-0.00066,-0.03972,0.37231
-0.0009,-0.03856,0.37289
-0.00059,-0.03971,0.37268
-0.00056,-0.04061,0.37277
-0.00062,-0.04061,0.37288
-0.00066,-0.03972,0.37286
-0.00058,-0.04861,0.37275
-0.00068,-0.04061,0.37294
-0.00073,-0.03973,0.37294
-0.0007,-0.04861,0.37295
-0.00084,-0.04061,0.37305
-0.00078,-0.04861,0.37301
-0.00076,-0.04861,0.373
-0.00064,-0.04861,0.37287
-0.00087,-0.04861,0.37306
-0.00094,-0.04061,0.37307
-0.00105,-0.04861,0.37309
-0.00106,-0.04876,0.37308
-0.00115,-0.0486,0.37308
-0.00112,-0.04061,0.37307
-0.00102,-0.04061,0.37308
-0.00118,-0.03887,0.37308
-0.00118,-0.04061,0.37306
-0.00121,-0.03984,0.37307
-0.00132,-0.04061,0.37299
-0.00135,-0.0398,0.373
-0.002,-0.03825,0.37288
-0.00138,-0.04061,0.37293
-0.00157,-0.0393,0.37289
-0.00154,-0.03983,0.37276
-0.00149,-0.03982,0.37285
-0.00144,-0.04061,0.37285
-0.00157,-0.03983,0.37267
-0.00152,-0.0486,0.37277
-0.00146,-0.0486,0.37289
-0.00149,-0.04061,0.37276
-0.00147,-0.04919,0.37272
-0.00135,-0.0489,0.37295
-0.00135,-0.0486,0.373
-0.00133,-0.0486,0.37301
-0.0012,-0.04878,0.37306
-0.00124,-0.0486,0.37305
-0.00154,-0.0486,0.37268
-0.00153,-0.0486,0.37275
-0.00151,-0.04061,0.37267
-0.00152,-0.04061,0.37259
-0.00153,-0.0486,0.37244
-0.00151,-0.04061,0.37249
-0.00156,-0.03982,0.37243
-0.00157,-0.03983,0.37258
-0.0015,-0.04061,0.37243
-0.00149,-0.03982,0.37231
-0.0015,-0.03887,0.37212
-0.00354,-0.03593,0.37252
-0.00105,-0.03914,0.3721
-0.00107,-0.03977,0.37208
-0.00144,-0.04061,0.37231
-0.00135,-0.0398,0.37216
-0.00117,-0.03978,0.37209
-0.00102,-0.04061,0.37208
-0.00111,-0.04061,0.3721
-0.00119,-0.0486,0.37211
-0.0012,-0.04061,0.37212
-0.00093,-0.0486,0.37211
-0.00123,-0.04861,0.37213
-0.00129,-0.04061,0.37217
-0.0014,-0.0486,0.37224
-0.00147,-0.0486,0.37232
-0.00109,-0.0486,0.37209
-0.00091,-0.0486,0.37211
-0.00087,-0.04861,0.37213
-0.00087,-0.04061,0.37211
-0.00089,-0.03975,0.37212
-0.00077,-0.04861,0.37218
-0.00075,-0.04061,0.37217
-0.00073,-0.04061,0.37218
-0.00067,-0.04061,0.37224
-0.00061,-0.04061,0.37231
-0.00065,-0.04861,0.3723
-0.00823,-0.03291,0.37265
-0.00351,-0.03458,0.37311
-0.00856,-0.03236,0.37309
-0.00889,-0.03251,0.37295
-0.0085,-0.03211,0.37312
-0.00862,-0.03173,0.37278
-0.00851,-0.03178,0.37233
-0.00911,-0.03159,0.37269
-0.00911,-0.03158,0.37259
-0.00939,-0.03153,0.37246
-0.00868,-0.03249,0.37209
-0.00912,-0.03166,0.37232
-0.01005,-0.03159,0.37225
-0.00916,-0.0318,0.37217
-0.00918,-0.03188,0.37213
-0.01005,-0.03146,0.37251
-0.04104,-0.03135,0.37257
-0.01005,-0.03153,0.37232
-0.01005,-0.03148,0.37241
-0.01005,-0.03146,0.37269
-0.04104,-0.03133,0.37266
-0.04111,-0.03132,0.37262
-0.04104,-0.03142,0.37239
-0.04145,-0.03129,0.37232
-0.01005,-0.03147,0.37275
-0.01005,-0.03165,0.373
-0.04104,-0.03136,0.37281
-0.04127,-0.03133,0.37286
-0.04104,-0.03143,0.37295
-0.04104,-0.03149,0.37301
-0.04158,-0.03156,0.3731
-0.04388,-0.0304,0.37272
-0.04262,-0.03034,0.37239
-0.0438,-0.02935,0.37269
-0.04346,-0.02925,0.37245
-0.04348,-0.02931,0.37183
-0.04219,-0.03209,0.37224
-0.04139,-0.03224,0.37241
-0.04133,-0.0323,0.37278
-0.0414,-0.03202,0.3731
-0.04421,-0.02962,0.37185
-0.04377,-0.02973,0.37171
-0.04142,-0.03193,0.37215
-0.04127,-0.03231,0.37265
-0.04104,-0.03232,0.37257
-0.04104,-0.03225,0.37238
-0.04104,-0.03218,0.37231
-0.01005,-0.03221,0.37217
-0.01005,-0.03229,0.37224
-0.04104,-0.03201,0.3722
-0.01005,-0.03235,0.3723
-0.01005,-0.0321,0.37212
-0.04104,-0.03199,0.37218
-0.04104,-0.03183,0.37216
-0.04104,-0.03168,0.37218
-0.04132,-0.03158,0.37216
-0.01005,-0.03195,0.37209
-0.04131,-0.03187,0.37215
-0.01005,-0.03176,0.37213
-0.0092,-0.03197,0.3721
-0.0092,-0.03211,0.37209
-0.00926,-0.03224,0.37212
-0.04104,-0.03165,0.3722
-0.04104,-0.03156,0.37225
-0.04104,-0.03154,0.37225
-0.00931,-0.03247,0.37231
-0.00933,-0.03253,0.37244
-0.01005,-0.03243,0.3725
-0.01005,-0.03243,0.37268
-0.00933,-0.03255,0.37259
-0.00932,-0.03252,0.37277
-0.01005,-0.03236,0.37286
-0.04104,-0.03232,0.37275
-0.0093,-0.03241,0.37294
-0.01005,-0.03235,0.37289
-0.04104,-0.03225,0.37293
-0.04104,-0.0323,0.37284
-0.04104,-0.03219,0.37301
-0.04104,-0.03211,0.37307
-0.01005,-0.0323,0.37294
-0.01005,-0.03224,0.373
-0.00934,-0.03218,0.3731
-0.01005,-0.0321,0.37307
-0.00924,-0.03216,0.37308
-0.01005,-0.03204,0.37308
-0.04104,-0.03183,0.37316
-0.04104,-0.03199,0.37314
-0.04104,-0.03175,0.37315
-0.04138,-0.03178,0.37314
-0.01005,-0.03186,0.37308
-0.04104,-0.03168,0.37314
-0.04105,-0.03155,0.37319
-0.01005,-0.03168,0.37301
-0.00918,-0.03189,0.37306
-0.00916,-0.0318,0.37301
-0.00914,-0.03172,0.37295
-0.00912,-0.03166,0.37287
-0.04142,-0.03113,0.37372
-0.0409,-0.03142,0.37337
-0.04083,-0.03138,0.37346
-0.04083,-0.03168,0.37318
-0.04083,-0.03174,0.37317
-0.04083,-0.03154,0.37326
-0.0426,-0.03141,0.3729
-0.04183,-0.03181,0.37313
-0.0411,-0.03179,0.37314
-0.01018,-0.03185,0.37311
-0.04083,-0.03184,0.37316
-0.01018,-0.03205,0.37311
-0.04083,-0.03194,0.37318
-0.00932,-0.03208,0.37309
-0.01018,-0.03224,0.37319
-0.04083,-0.03213,0.37325
-0.04083,-0.0322,0.37333
-0.04121,-0.03214,0.3733
-0.04132,-0.03224,0.37349
-0.04107,-0.03231,0.37366
-0.0413,-0.03226,0.3738
-0.04083,-0.03232,0.37357
-0.04083,-0.0323,0.37348
-0.01018,-0.03237,0.37333
-0.01018,-0.03241,0.37342
-0.01018,-0.03243,0.3735
-0.00982,-0.03248,0.3736
-0.00922,-0.03261,0.37362
-0.00943,-0.03253,0.37341
-0.01018,-0.03244,0.3736
-0.01018,-0.03243,0.3737
-0.04083,-0.03232,0.37376
-0.04083,-0.03233,0.37366
-0.01018,-0.03242,0.37375
-0.01018,-0.03235,0.37389
-0.04083,-0.03224,0.37395
-0.04083,-0.03229,0.37386
-0.04107,-0.03222,0.37395
-0.04083,-0.03217,0.37402
-0.04132,-0.03197,0.3741
-0.04083,-0.03213,0.37407
-0.04083,-0.03209,0.37408
-0.04334,-0.0307,0.37382
-0.04141,-0.03156,0.3741
-0.04118,-0.03177,0.37414
-0.04083,-0.03173,0.37415
-0.04083,-0.03193,0.37415
-0.01018,-0.0322,0.37402
-0.00939,-0.03236,0.374
-0.00897,-0.03231,0.37407
-0.01018,-0.03212,0.37406
-0.00934,-0.03217,0.37408
-0.00899,-0.03214,0.37409
-0.01017,-0.03194,0.37409
-0.00927,-0.03188,0.37405
-0.01017,-0.03179,0.37407
-0.01017,-0.03174,0.37405
-0.04083,-0.03154,0.37407
-0.04083,-0.03147,0.374
-0.01017,-0.03165,0.374
-0.04109,-0.03132,0.37385
-0.04138,-0.0314,0.37402
-0.04083,-0.03135,0.37375
-0.0409,-0.03132,0.37365
-0.04083,-0.03136,0.37382
-0.04083,-0.03143,0.37395
-0.01017,-0.03152,0.37385
-0.01017,-0.03154,0.37389
-0.01017,-0.03158,0.37393
-0.0092,-0.03162,0.37377
-0.0092,-0.0316,0.37368
-0.01017,-0.03146,0.37369
-0.0092,-0.03159,0.37359
-0.01017,-0.03146,0.37349
-0.04083,-0.03135,0.37356
-0.00959,-0.03151,0.37348
-0.01017,-0.03149,0.37339
-0.00921,-0.03163,0.37339
-0.00921,-0.03171,0.37327
-0.01018,-0.03165,0.37319
-0.01018,-0.03176,0.37313
-0.00925,-0.03182,0.37317
-0.00927,-0.0319,0.37313
-0.00741,-0.03222,0.37346
-0.00864,-0.0318,0.37384
-0.00838,-0.03217,0.37406
-0.00924,-0.03179,0.374
-0.00792,-0.03294,0.37406
-0.00777,-0.03292,0.37314
-0.00941,-0.03247,0.37389
-0.00374,-0.03608,0.37357
-0.00349,-0.03542,0.37358
-0.0094,-0.03244,0.37325
-0.04413,-0.02992,0.373
-0.04429,-0.02961,0.37329
-0.04431,-0.02908,0.3735
-0.04424,-0.02906,0.37357
-0.04291,-0.02995,0.37349
-0.04392,-0.02917,0.37369
-0.04417,-0.02904,0.37362
-0.04432,-0.02838,0.37355
-0.04424,-0.02838,0.3736
-0.04416,-0.02838,0.37364
-0.04417,-0.00795,0.37357
-0.04425,-0.00737,0.37357
-0.04431,-0.00795,0.37345
-0.04393,-0.00795,0.37364
-0.04407,-0.00765,0.37365
-0.04408,-0.0067,0.37389
-0.04437,-0.00795,0.37337
-0.04421,-0.00656,0.37365
-0.0433,-0.00444,0.37395
-0.04439,-0.00736,0.37321
-0.04438,-0.00755,0.37333
-0.04441,-0.00795,0.37328
-0.04444,-0.02838,0.3734
-0.04442,-0.00795,0.37307
-0.04449,-0.02838,0.3731
-0.04448,-0.02838,0.37332
-0.04442,-0.02912,0.37317
-0.04439,-0.02912,0.37302
-0.04441,-0.00795,0.37298
-0.04448,-0.02838,0.37301
-0.04444,-0.02838,0.37292
-0.04432,-0.02838,0.37278
-0.04432,-0.00795,0.37282
-0.04428,-0.00732,0.37289
-0.04425,-0.00795,0.37275
-0.04409,-0.00795,0.37266
-0.04404,-0.00747,0.37271
-0.04438,-0.00749,0.37303
-0.04407,-0.00795,0.37266
-0.04414,-0.02838,0.37268
-0.04424,-0.02838,0.37273
-0.04416,-0.02908,0.37274
-0.04396,-0.02908,0.37268
-0.04394,-0.02838,0.37267
-0.04385,-0.02838,0.37269
-0.044,-0.02838,0.37266
-0.04378,-0.029,0.3727
-0.04397,-0.02984,0.37267
-0.044,-0.02855,0.37266
-0.04389,-0.02855,0.37264
-0.04369,-0.02838,0.37278
-0.04358,-0.02894,0.37281
-0.04362,-0.02838,0.37285
-0.04362,-0.00795,0.37275
-0.04377,-0.00795,0.37266
-0.04369,-0.00795,0.3727
-0.04364,-0.00795,0.37273
-0.04349,-0.00795,0.3729
-0.04357,-0.00737,0.37283
-0.04357,-0.02838,0.37293
-0.04352,-0.02838,0.37302
-0.04351,-0.02838,0.37322
-0.04346,-0.02891,0.37304
-0.04344,-0.0289,0.37318
-0.04353,-0.02838,0.37332
-0.04347,-0.0289,0.37333
-0.0435,-0.00795,0.37337
-0.04362,-0.02838,0.37348
-0.04359,-0.02892,0.37354
-0.04344,-0.00795,0.3732
-0.04346,-0.00795,0.37329
-0.04335,-0.00727,0.37324
-0.04367,-0.00781,0.37364
-0.04361,-0.00795,0.37352
-0.04355,-0.00795,0.37345
-0.0437,-0.00795,0.37357
-0.0431,-0.00608,0.37418
-0.04389,-0.00795,0.37363
-0.04377,-0.00795,0.37361
-0.04397,-0.02838,0.37366
-0.04385,-0.02838,0.37364
-0.04377,-0.02838,0.3736
-0.0438,-0.02896,0.37366
-0.044,-0.02838,0.37366
-0.04406,-0.02838,0.37365
-0.03923,-0.00143,0.37689
-0.04129,-0.00172,0.37683
-0.03915,-0.00055,0.37673
-0.03582,-0.00041,0.37683
-0.03601,-0.00034,0.37819
-0.03537,-0.00045,0.37755
-0.03482,-0.00052,0.37759
-0.03591,-0.00038,0.37751
-0.03147,0.0023,0.37877
-0.03481,0.00229,0.37759
-0.03482,0.00236,0.37322
-0.03483,-0.0001,0.37261
-0.03482,0.00092,0.37541
-0.0298,0.0023,0.37937
-0.03483,-0.00329,0.37765
-0.02981,-0.00202,0.37934
-0.03483,-0.00104,0.37353
-0.03482,-0.00024,0.37427
-0.03314,0.00042,0.37819
-0.02981,0.00205,0.37301
-0.02981,0.00199,0.37142
-0.03147,0.00136,0.37878
-0.03231,0.0011,0.37599
-0.03482,-0.00038,0.37593
-0.0298,0.00218,0.37619
-0.03481,0.00231,0.37613
-0.03481,0.00234,0.37468
-0.03231,0.00214,0.37451
-0.02079,0.00172,0.37928
-0.02981,0.00211,0.3746
-0.0208,0.00258,0.37147
-0.03481,0.00509,0.37327
-0.03148,0.00211,0.37202
-0.0298,0.005,0.37146
-0.02978,0.00581,0.37932
-0.03482,0.00113,0.37291
-0.03149,0.00129,0.37182
-0.03315,0.00224,0.37262
-0.02983,-0.00225,0.37145
-0.03316,0.0006,0.37221
-0.0298,0.00224,0.37778
-0.03314,0.00229,0.37818
-0.0348,0.00505,0.37753
-0.03585,0.00446,0.37786
-0.0359,0.00513,0.37711
-0.03762,0.00491,0.37728
-0.03756,0.0052,0.37787
-0.03768,0.00461,0.37669
-0.03587,0.00479,0.37749
-0.04096,0.00714,0.37419
-0.04141,0.00643,0.37445
-0.04138,0.0088,0.37337
-0.04156,0.00882,0.37355
-0.04126,0.00664,0.3733
-0.04169,0.0088,0.37362
-0.04155,0.0088,0.37273
-0.04166,0.00796,0.37278
-0.04225,0.00816,0.37305
-0.04143,0.00875,0.37286
-0.04136,0.00866,0.37296
-0.04134,0.00879,0.37314
-0.04153,0.00928,0.37275
-0.04146,0.00928,0.37281
-0.04151,0.02748,0.37268
-0.0416,0.00928,0.37269
-0.04166,0.0087,0.37268
-0.04146,0.02748,0.37273
-0.04152,0.02798,0.37264
-0.04171,0.02748,0.3726
-0.04171,0.00928,0.37263
-0.0418,0.02748,0.37259
-0.04176,0.02802,0.37262
-0.04196,0.00928,0.37262
-0.04178,0.00928,0.37262
-0.0419,0.02748,0.3726
-0.04215,0.00928,0.3727
-0.04199,0.00867,0.37267
-0.04184,0.00868,0.37265
-0.04212,0.00866,0.37274
-0.04223,0.00867,0.37284
-0.04227,0.00928,0.37282
-0.04234,0.00928,0.37296
-0.0423,0.00867,0.37297
-0.0423,0.02748,0.37309
-0.04228,0.02748,0.37293
-0.04227,0.02748,0.37291
-0.04221,0.02748,0.37279
-0.04237,0.00928,0.37311
-0.04223,0.02804,0.37296
-0.04224,0.02804,0.3731
-0.04229,0.02748,0.37318
-0.04232,0.00928,0.3733
-0.04228,0.00928,0.37339
-0.04232,0.00872,0.37328
-0.04226,0.02748,0.37328
-0.04234,0.00869,0.37315
-0.04228,0.02748,0.37324
-0.04223,0.02803,0.37324
-0.04206,0.0287,0.3735
-0.04216,0.02801,0.37339
-0.0421,0.02792,0.37347
-0.04214,0.02748,0.37344
-0.04193,0.028,0.37357
-0.04206,0.02748,0.37351
-0.04216,0.00928,0.37352
-0.04195,0.02748,0.37356
-0.04202,0.00928,0.37359
-0.04225,0.00873,0.37343
-0.04208,0.00879,0.37359
-0.04184,0.0088,0.37364
-0.04196,0.00928,0.3736
-0.0418,0.02748,0.37359
-0.04189,0.02748,0.37357
-0.04167,0.00928,0.37357
-0.04165,0.02748,0.37356
-0.04161,0.02748,0.37354
-0.04158,0.00928,0.37352
-0.04144,0.02748,0.37343
-0.04151,0.00928,0.37345
-0.04146,0.00928,0.3734
-0.0414,0.02748,0.37338
-0.04131,0.02785,0.37333
-0.04134,0.02748,0.37326
-0.0413,0.02748,0.37308
-0.0414,0.00928,0.37329
-0.04134,0.02748,0.37289
-0.04128,0.02825,0.37277
-0.04126,0.02786,0.37309
-0.04137,0.00928,0.37311
-0.04141,0.00928,0.37292
-0.04139,0.02748,0.3728
-0.04146,0.00928,0.37283
-0.04135,0.02789,0.37281
-0.04088,0.02894,0.3727
-0.03982,0.03015,0.37303
-0.03979,0.0297,0.37335
-0.03991,0.0306,0.37322
-0.04152,0.0282,0.3736
-0.04215,0.02804,0.3728
-0.04203,0.02803,0.37269
-0.04191,0.028,0.37262
-0.03996,0.02975,0.37386
-0.04147,0.02882,0.3731
-0.04046,0.03056,0.37362
-0.04001,0.03034,0.37407
-0.03984,0.03071,0.37373
-0.0396,0.03074,0.37349
-0.0396,0.03072,0.37339
-0.0396,0.03066,0.37387
-0.0396,0.02996,0.37398
-0.0396,0.03017,0.37406
-0.0396,0.03035,0.37406
-0.0396,0.03061,0.37393
-0.00374,0.03048,0.37385
-0.00374,0.03054,0.37377
-0.00374,0.0304,0.37392
-0.00299,0.03044,0.37396
-0.00322,0.03065,0.37374
-0.00327,0.03067,0.37331
-0.00006,0.03222,0.3732
-0.00374,0.03061,0.37341
-0.00374,0.03061,0.37359
-0.0396,0.03074,0.37367
-0.00374,0.03059,0.37332
-0.00374,0.03048,0.37315
-0.0396,0.03067,0.3733
-0.00243,0.03072,0.37307
-0.00374,0.03042,0.37309
-0.0396,0.03055,0.37317
-0.0396,0.03053,0.37316
-0.03959,0.03044,0.37304
-0.00379,0.03031,0.37296
-0.00379,0.03048,0.37285
-0.03959,0.0306,0.37293
-0.03993,0.03031,0.37306
-0.03959,0.03041,0.37305
-0.00374,0.03028,0.37302
-0.03959,0.03042,0.37305
-0.02169,0.03035,0.37301
-0.00291,0.0303,0.373
-0.00335,0.03029,0.37299
-0.00379,0.03028,0.37297
-0.003,0.03044,0.37303
-0.00379,0.03013,0.373
-0.00307,0.03042,0.37296
-0.01274,0.03027,0.373
-0.03064,0.03038,0.37303
-0.03959,0.03025,0.37308
-0.0026,0.0303,0.373
-0.00375,0.03013,0.373
-0.02169,0.03027,0.37303
-0.01274,0.03031,0.37299
-0.02169,0.03029,0.37302
-0.03064,0.03026,0.37305
-0.02617,0.03028,0.37304
-0.03959,0.03033,0.37306
-0.02617,0.03032,0.37303
-0.03959,0.03021,0.37307
-0.00379,0.02994,0.37296
-0.02169,0.03005,0.37301
-0.0396,0.03016,0.37306
-0.0396,0.02998,0.37316
-0.0396,0.02996,0.37317
-0.00375,0.02985,0.37308
-0.0396,0.02985,0.37328
-0.00375,0.02972,0.37321
-0.00375,0.02971,0.37323
-0.0396,0.02978,0.37342
-0.0397,0.02974,0.37338
-0.00284,0.02985,0.37322
-0.00337,0.02967,0.37335
-0.00375,0.02967,0.37332
-0.02167,0.02972,0.37337
-0.00018,0.03075,0.37343
-0.00328,0.02968,0.37361
-0.00375,0.02963,0.3735
-0.0396,0.02975,0.37358
-0.00375,0.02965,0.37366
-0.0396,0.02977,0.37367
-0.00375,0.02967,0.37368
-0.0396,0.02984,0.37385
-0.00375,0.02971,0.37377
-0.00374,0.02983,0.37391
-0.00284,0.02986,0.37377
-0.00231,0.03004,0.37382
-0.00288,0.03,0.37392
-0.0029,0.03008,0.37396
-0.00241,0.03043,0.37401
0.00332,0.03372,0.37377
0.00339,0.03628,0.37385
0.00163,0.03297,0.37349
0.00447,0.0363,0.37369
0.00462,0.03701,0.37317
0.00409,0.03669,0.37296
0.00395,0.0376,0.37313
0.00421,0.03775,0.37299
0.0046,0.03827,0.373
0.00444,0.03807,0.37297
0.00468,0.04936,0.37299
0.00455,0.03897,0.37298
0.00473,0.03897,0.37305
0.00477,0.04936,0.37304
0.00481,0.03897,0.37312
0.00476,0.03813,0.37312
0.00485,0.04936,0.37311
0.00493,0.04955,0.37308
0.00452,0.04977,0.37277
0.00447,0.05134,0.37287
0.00487,0.04983,0.37376
0.00497,0.04936,0.3733
0.00491,0.04936,0.37318
0.00499,0.04936,0.37355
0.00498,0.04936,0.37361
0.00441,0.04964,0.37392
0.00485,0.04936,0.37381
0.0049,0.04936,0.37375
0.00479,0.04936,0.37386
0.00465,0.04936,0.37393
0.00459,0.04936,0.37394
0.00432,0.04937,0.37392
0.00423,0.04937,0.37387
0.00409,0.0498,0.37369
0.00431,0.03897,0.37395
0.00434,0.04424,0.37393
0.00436,0.04951,0.37392
0.00423,0.03819,0.37394
0.00428,0.03897,0.37393
0.00431,0.04417,0.37393
0.00437,0.03897,0.37396
0.00439,0.03799,0.37398
0.00455,0.03897,0.37396
0.00459,0.03815,0.37394
0.00446,0.03897,0.37397
0.00395,0.03738,0.37386
0.00411,0.03898,0.37382
0.00406,0.03898,0.37377
0.004,0.03821,0.37375
0.00386,0.03788,0.37347
0.00399,0.03898,0.37363
0.00396,0.03898,0.37347
0.004,0.03897,0.37329
0.00395,0.03822,0.37329
0.00402,0.04937,0.3733
0.00404,0.04937,0.37328
0.00409,0.04937,0.37316
0.00406,0.03897,0.37318
0.00399,0.03821,0.3732
0.00411,0.03897,0.37312
0.00423,0.04937,0.37304
0.00417,0.03897,0.37307
0.00414,0.03819,0.37305
0.00434,0.04936,0.37298
0.00431,0.03897,0.37299
0.00441,0.04936,0.37297
0.00437,0.03897,0.37298
0.00432,0.03817,0.37298
0.00459,0.04936,0.37297
0.00404,0.04959,0.37314
0.004,0.04937,0.37346
0.00401,0.04937,0.37355
0.004,0.03898,0.37365
0.00404,0.04937,0.37364
0.00408,0.04937,0.37373
0.00419,0.03897,0.37389
0.00462,0.03897,0.37395
0.00476,0.03897,0.37387
0.00481,0.03897,0.37382
0.00469,0.03756,0.37383
0.00468,0.03814,0.37389
0.00483,0.03812,0.37374
0.00488,0.03897,0.37374
0.00487,0.03811,0.37365
0.00495,0.03897,0.37356
0.00491,0.03811,0.37347
0.00495,0.03897,0.37338
0.00496,0.03897,0.37347
0.00487,0.03811,0.37329
0.00488,0.03897,0.3732
0.0049,0.05144,0.37178
0.00445,0.05161,0.37197
0.00413,0.05148,0.37181
0.00499,0.05126,0.37134
0.005,0.05117,0.37134
0.00401,0.05126,0.37134
0.00401,0.05108,0.37134
0.00401,0.05093,0.37203
0.00411,0.05077,0.37185
0.0045,0.05055,0.37282
0.00498,0.05088,0.37201
0.00403,0.05133,0.37134
0.00402,0.05132,0.36895
0.00401,0.05126,0.36895
0.004,0.05117,0.36895
0.00409,0.05146,0.36895
0.00409,0.05144,0.37134
0.00398,0.05137,0.32891
0.00394,0.05128,0.32891
0.00406,0.05153,0.32801
0.0041,0.05151,0.32891
0.00415,0.05152,0.36895
0.00398,0.0513,0.32848
0.00392,0.05115,0.32871
0.00395,0.05105,0.32858
0.00422,0.05072,0.32846
0.00393,0.05096,0.32891
0.00391,0.05108,0.32891
0.00402,0.05101,0.36895
0.004,0.05082,0.32891
0.00408,0.0509,0.36895
0.00408,0.0509,0.37134
0.00421,0.05077,0.37134
0.0042,0.05076,0.36895
0.00423,0.05075,0.37134
0.0045,0.0506,0.3717
0.00445,0.05062,0.37131
0.0044,0.05065,0.36895
0.00456,0.05065,0.36895
0.00458,0.05065,0.36895
0.00443,0.05061,0.32901
0.00434,0.05064,0.36895
0.0042,0.05059,0.32891
0.00432,0.0506,0.32896
0.00434,0.05064,0.37076
0.00449,0.05067,0.36895
0.00445,0.05063,0.34232
0.00442,0.05062,0.33899
0.00443,0.05064,0.35564
0.0045,0.05067,0.37075
0.00447,0.05066,0.36895
0.00447,0.05065,0.35564
0.00445,0.05066,0.36895
0.00442,0.05063,0.34898
0.00444,0.05065,0.36229
0.00441,0.05064,0.35896
0.00443,0.05066,0.36895
0.00451,0.05064,0.35231
0.00444,0.05062,0.33567
0.00452,0.05066,0.36895
0.00451,0.05063,0.34898
0.00442,0.05063,0.32872
0.00445,0.05064,0.34551
0.00448,0.05066,0.36229
0.0045,0.05065,0.35896
0.00446,0.05064,0.34898
0.00454,0.05066,0.36895
0.00446,0.05065,0.36229
0.00449,0.05063,0.34732
0.00455,0.05064,0.35896
0.00452,0.05064,0.35896
0.00447,0.05062,0.33899
0.00447,0.05063,0.34399
0.00442,0.05062,0.32887
0.00445,0.05064,0.34558
0.0045,0.05066,0.32854
0.00566,0.05178,0.32768
0.00463,0.05067,0.32891
0.00465,0.05064,0.36895
0.00474,0.05076,0.32867
0.0049,0.05098,0.32881
0.00478,0.05078,0.32891
0.00483,0.05086,0.32891
0.00477,0.05075,0.36895
0.0049,0.05087,0.36895
0.00477,0.05075,0.37134
0.00492,0.0509,0.37134
0.00496,0.05098,0.36895
0.0049,0.05087,0.37134
0.00459,0.05068,0.37134
0.00487,0.05075,0.37181
0.00498,0.05101,0.37134
0.00498,0.05107,0.36895
0.0049,0.05105,0.32891
0.005,0.05116,0.36895
0.00492,0.05114,0.32881
0.00489,0.05126,0.3289
0.00498,0.05125,0.36895
0.00488,0.05131,0.32885
0.0048,0.05142,0.3289
0.00473,0.0515,0.32892
0.00454,0.05162,0.32888
0.0049,0.05146,0.36895
0.00457,0.05159,0.32892
0.00479,0.05157,0.36895
0.00497,0.05132,0.36895
0.00492,0.05144,0.37134
0.00477,0.05158,0.37134
0.00468,0.05163,0.36895
0.00466,0.05165,0.37134
0.00459,0.05165,0.36895
0.00459,0.05166,0.37134
0.0045,0.05167,0.36895
0.00447,0.05161,0.32891
0.00432,0.05161,0.32891
0.00431,0.05163,0.36895
0.00441,0.05166,0.37134
0.00423,0.05158,0.32889
0.00514,0.05236,0.32767
0.0045,0.05186,0.32722
0.0042,0.05157,0.36895
0.00423,0.05159,0.37134
0.00531,0.05251,0.32737
0.00566,0.0518,0.32677
0.00547,0.05164,0.32693
0.00569,0.05204,0.32668
0.00543,0.05253,0.32706
0.00546,0.05229,0.32676
0.00567,0.0522,0.32668
0.00584,0.05211,0.32666
0.00608,0.05211,0.32664
0.05216,0.05186,0.32656
0.00608,0.05195,0.32667
0.05216,0.05194,0.32654
0.0538,0.05201,0.32654
0.05358,0.05179,0.32658
0.05688,0.05208,0.32665
0.05402,0.05226,0.32661
0.05216,0.05205,0.32656
0.0533,0.05209,0.32656
0.05216,0.05214,0.32659
0.00608,0.05226,0.32667
0.00608,0.0524,0.32674
0.05217,0.05237,0.32679
0.00587,0.0525,0.32685
0.05367,0.05246,0.32683
0.05325,0.05235,0.32672
0.05217,0.05242,0.32689
0.00608,0.05258,0.32699
0.00608,0.05251,0.32685
0.05271,0.05236,0.32676
0.02912,0.05244,0.32682
0.04092,0.0524,0.32679
0.02939,0.05244,0.3268
0.00584,0.05257,0.32699
0.05505,0.05266,0.32691
0.05409,0.05237,0.32742
0.05649,0.05303,0.32715
0.0534,0.05248,0.32705
0.05621,0.0523,0.32757
0.05822,0.05271,0.32758
0.05819,0.05292,0.3266
0.05818,0.05289,0.32759
0.05813,0.05306,0.32752
0.05811,0.05314,0.32746
0.05809,0.05321,0.32738
0.05808,0.05329,0.3272
0.05808,0.0533,0.3271
0.05809,0.05327,0.32692
0.05816,0.05301,0.32663
0.05812,0.05317,0.32675
0.06095,0.0542,0.32698
0.06097,0.05416,0.32689
0.06099,0.05411,0.32681
0.06379,0.05528,0.32688
0.06374,0.05537,0.32705
0.06645,0.05673,0.32713
0.0665,0.05665,0.32696
0.06373,0.05539,0.32714
0.06094,0.05423,0.32716
0.06373,0.0554,0.32723
0.06094,0.05422,0.32726
0.06643,0.05675,0.32722
0.06643,0.05675,0.32741
0.06373,0.05539,0.32733
0.06905,0.05828,0.3273
0.06909,0.05823,0.32712
0.06905,0.05828,0.32749
0.07156,0.05996,0.32737
0.07158,0.05995,0.32728
0.07318,0.0611,0.32721
0.07156,0.05997,0.32746
0.07311,0.06115,0.32749
0.07156,0.05996,0.32756
0.06906,0.05825,0.32758
0.07158,0.05994,0.32765
0.06908,0.05821,0.32767
0.0716,0.05989,0.32774
0.07328,0.06125,0.32765
0.08286,0.07016,0.32743
0.07393,0.06181,0.32768
0.07807,0.0657,0.32754
0.09179,0.07851,0.32719
0.07318,0.06101,0.32785
0.07361,0.06153,0.32766
0.09184,0.07846,0.32733
0.07402,0.06172,0.32784
0.07329,0.06083,0.32797
0.07405,0.06169,0.32789
0.07179,0.05963,0.32795
0.07164,0.05984,0.32782
0.07169,0.05977,0.32788
0.06916,0.05808,0.32781
0.0692,0.05801,0.32785
0.06661,0.05639,0.3278
0.06925,0.05793,0.32788
0.06666,0.05631,0.32781
0.07184,0.05956,0.32796
0.06935,0.05777,0.32788
0.07336,0.06066,0.32799
0.0719,0.05948,0.32795
0.07419,0.06154,0.32797
0.09212,0.07817,0.32754
0.07432,0.0614,0.32797
0.07319,0.06033,0.32794
0.07196,0.0594,0.32792
0.07436,0.06136,0.32796
0.07362,0.06051,0.32788
0.07201,0.05933,0.32787
0.07206,0.05927,0.3278
0.06945,0.05762,0.3278
0.06949,0.05755,0.32773
0.06679,0.05606,0.32772
0.06675,0.05614,0.32777
0.0694,0.05769,0.32785
0.0667,0.05623,0.3278
0.06393,0.05493,0.32773
0.06401,0.05476,0.32769
0.06114,0.05366,0.32764
0.06385,0.0551,0.32769
0.06111,0.05375,0.32765
0.06104,0.05392,0.32762
0.06101,0.054,0.32758
0.06378,0.05525,0.32759
0.06374,0.05536,0.32742
0.06646,0.05668,0.32759
0.06097,0.05414,0.32744
0.06653,0.05655,0.32773
0.06099,0.05408,0.32752
0.06644,0.05672,0.3275
0.06121,0.05349,0.32756
0.05825,0.05262,0.32755
0.05821,0.05249,0.32749
0.06123,0.05341,0.32749
0.0641,0.05457,0.32767
0.05829,0.05246,0.32743
0.06126,0.05336,0.32741
0.06408,0.0546,0.32758
0.06407,0.05464,0.32749
0.0669,0.05594,0.32755
0.06407,0.05465,0.3273
0.06116,0.05352,0.3274
0.06118,0.05344,0.32759
0.06413,0.05452,0.3274
0.06549,0.05529,0.32752
0.06686,0.05594,0.32757
0.06758,0.05631,0.32757
0.06963,0.05743,0.3276
0.06953,0.0575,0.32765
0.06963,0.05743,0.32757
0.06963,0.05744,0.3275
0.07214,0.05916,0.32746
0.07212,0.05918,0.32763
0.07214,0.05917,0.32736
0.07338,0.0601,0.32738
0.07365,0.06027,0.32754
0.0721,0.05922,0.32772
0.07334,0.06015,0.32775
0.07452,0.06118,0.32778
0.07414,0.06068,0.32761
0.07463,0.06108,0.32768
0.0924,0.07787,0.32733
0.09232,0.07795,0.32744
0.092,0.07827,0.32656
0.09191,0.07837,0.32663
0.09211,0.07816,0.32654
0.09221,0.07804,0.32656
0.09231,0.07794,0.32663
0.09239,0.07786,0.32674
0.09223,0.07806,0.32751
0.07411,0.0616,0.32703
0.09202,0.07828,0.32751
0.09192,0.07838,0.32744
0.07399,0.06173,0.32714
0.09183,0.07846,0.32674
0.07339,0.06107,0.32706
0.09179,0.07851,0.32688
0.07392,0.06182,0.32733
0.09177,0.07853,0.32704
0.07413,0.06158,0.32701
0.07302,0.06056,0.32699
0.07299,0.06037,0.32698
0.07186,0.05957,0.32696
0.07424,0.06146,0.32698
0.0718,0.05965,0.32697
0.06932,0.05787,0.32689
0.07169,0.0598,0.32705
0.06921,0.05804,0.32693
0.0716,0.05991,0.32719
0.06912,0.05818,0.32704
0.06654,0.05658,0.3269
0.06382,0.05521,0.32682
0.06658,0.0565,0.32685
0.06386,0.05513,0.32677
0.06102,0.05403,0.32674
0.06105,0.05395,0.32669
0.06112,0.05377,0.32665
0.0639,0.05504,0.32674
0.06398,0.05487,0.32673
0.06118,0.0536,0.32668
0.05821,0.05282,0.32659
0.05826,0.05265,0.32662
0.05828,0.05257,0.32667
0.06121,0.05352,0.32673
0.06124,0.05344,0.32679
0.06411,0.05457,0.32694
0.06402,0.05479,0.32676
0.06676,0.05617,0.32684
0.06684,0.05602,0.32694
0.06697,0.05583,0.32711
0.06953,0.05752,0.3271
0.06946,0.05765,0.32696
0.0695,0.05758,0.32702
0.07201,0.05936,0.32703
0.0721,0.05924,0.32717
0.07319,0.06035,0.32701
0.07324,0.06028,0.32706
0.07196,0.05943,0.32699
0.07353,0.0603,0.3272
0.07455,0.06113,0.32729
0.07447,0.06122,0.32712
0.07444,0.06125,0.32708
0.09248,0.07779,0.32688
0.07457,0.06112,0.32733
0.09247,0.0778,0.32696
0.09247,0.07781,0.32704
0.08776,0.07342,0.32716
0.0746,0.0611,0.32739
0.09261,0.07766,0.32744
0.08307,0.06903,0.32737
0.09249,0.07779,0.32719
0.07461,0.0611,0.32758
0.09248,0.07779,0.32715
0.07835,0.06466,0.32742
0.07458,0.06111,0.32757
0.08306,0.06904,0.32729
0.09247,0.0778,0.32707
0.08355,0.06944,0.32736
0.09248,0.0778,0.32711
0.09271,0.07756,0.32751
0.07488,0.06082,0.32797
0.09254,0.07774,0.32733
0.07471,0.061,0.32784
0.0738,0.06006,0.32794
0.07378,0.05968,0.32801
0.07246,0.05882,0.32801
0.0724,0.05889,0.32798
0.07235,0.05896,0.32794
0.07376,0.06022,0.32782
0.07346,0.06007,0.3277
0.07226,0.05908,0.3278
0.0697,0.05731,0.32786
0.07222,0.05914,0.32761
0.06964,0.05741,0.3277
0.06967,0.05736,0.32779
0.067,0.05574,0.32788
0.06974,0.05724,0.32793
0.06707,0.05558,0.32795
0.06422,0.05427,0.32788
0.06415,0.05443,0.32781
0.06693,0.05587,0.32774
0.06895,0.05706,0.32759
0.0669,0.05594,0.32737
0.06408,0.05462,0.32721
0.06691,0.05594,0.32734
0.06692,0.05592,0.32728
0.06718,0.05608,0.32734
0.06745,0.05624,0.32739
0.06799,0.05654,0.32753
0.0669,0.05594,0.32741
0.06799,0.05654,0.32742
0.06745,0.05624,0.32745
0.06908,0.05714,0.32751
0.0669,0.05594,0.32751
0.06854,0.05684,0.32745
0.06799,0.05654,0.32744
0.0669,0.05594,0.32746
0.06414,0.05449,0.32731
0.06691,0.05593,0.32732
0.06963,0.05744,0.32753
0.06967,0.05738,0.32724
0.06908,0.05714,0.32748
0.068,0.05653,0.32739
0.06691,0.05593,0.3273
0.068,0.05653,0.32738
0.06868,0.05691,0.32743
0.06827,0.05668,0.32739
0.06745,0.05624,0.32747
0.06799,0.05654,0.32751
0.06974,0.05726,0.32709
0.07222,0.05914,0.32742
0.06829,0.05665,0.32726
0.06965,0.05741,0.32737
0.07226,0.05909,0.32725
0.07223,0.05912,0.32734
0.06759,0.0563,0.32733
0.06898,0.05701,0.32725
0.06964,0.05742,0.32744
0.06863,0.05684,0.32729
0.06895,0.05706,0.32745
0.0676,0.05629,0.32727
0.06966,0.05739,0.3273
0.06931,0.05722,0.32734
0.06829,0.05666,0.32729
0.06828,0.05667,0.32736
0.06861,0.05686,0.32739
0.0693,0.05723,0.32737
0.07366,0.06024,0.32733
0.07466,0.06104,0.32719
0.07381,0.06012,0.32708
0.07229,0.05904,0.32717
0.07469,0.06101,0.32714
0.0926,0.07765,0.32663
0.07369,0.05978,0.32701
0.0748,0.06088,0.32703
0.07245,0.05882,0.32702
0.07234,0.05897,0.3271
0.0927,0.07755,0.32656
0.09301,0.07723,0.32744
0.09292,0.07733,0.32751
0.09281,0.07745,0.32754
0.09253,0.07773,0.32674
0.07486,0.06081,0.327
0.0928,0.07743,0.32654
0.07386,0.05975,0.327
0.07499,0.06068,0.327
0.09291,0.07732,0.32656
0.093,0.07722,0.32663
0.07513,0.06053,0.32708
0.07386,0.05957,0.32704
0.07516,0.06049,0.32712
0.07392,0.0595,0.32708
0.07267,0.05853,0.32709
0.07275,0.05842,0.32723
0.07418,0.0595,0.32724
0.0701,0.05666,0.32722
0.07012,0.05662,0.32731
0.07278,0.05838,0.32732
0.07407,0.05933,0.32741
0.07281,0.05834,0.32751
0.07014,0.05659,0.3274
0.07014,0.05659,0.32759
0.06734,0.05506,0.32754
0.06734,0.05507,0.32736
0.07012,0.05661,0.32768
0.07374,0.05903,0.32753
0.07279,0.05837,0.32769
0.07527,0.06039,0.32757
0.07423,0.05949,0.32769
0.09315,0.07707,0.32704
0.07527,0.06039,0.32738
0.09313,0.07709,0.32688
0.07525,0.06041,0.32729
0.09308,0.07714,0.32674
0.09314,0.07709,0.32719
0.09309,0.07715,0.32733
0.07522,0.06045,0.32778
0.07413,0.0596,0.32789
0.07507,0.06061,0.32794
0.07276,0.05841,0.32778
0.07388,0.05956,0.32797
0.07268,0.05852,0.32792
0.07501,0.06068,0.32797
0.07263,0.05859,0.32797
0.06993,0.05693,0.32799
0.06998,0.05684,0.32796
0.07003,0.05677,0.32791
0.0672,0.05532,0.32792
0.06724,0.05524,0.32787
0.06429,0.05409,0.32788
0.06436,0.05392,0.3278
0.06712,0.0555,0.32796
0.06983,0.05709,0.32799
0.06979,0.05716,0.32797
0.06425,0.05418,0.32789
0.06135,0.05296,0.32779
0.06138,0.05287,0.32776
0.05832,0.05209,0.3277
0.05834,0.052,0.32769
0.05829,0.05218,0.3277
0.06129,0.05314,0.32779
0.06123,0.0533,0.32773
0.05827,0.05227,0.32767
0.0552,0.05168,0.32747
0.05523,0.05152,0.32758
0.05519,0.05175,0.3274
0.05308,0.05139,0.32736
0.00621,0.05151,0.32744
0.05216,0.0514,0.32724
0.05295,0.05146,0.32721
0.05368,0.05133,0.32749
0.05216,0.05128,0.32741
0.0054,0.0515,0.32738
0.00587,0.05146,0.32751
0.00621,0.05158,0.3273
0.00458,0.05111,0.32798
0.00577,0.05158,0.32722
0.00585,0.05154,0.32695
0.00576,0.05146,0.32685
0.00489,0.0509,0.32703
0.00486,0.05035,0.32896
0.00554,0.05123,0.32774
0.00481,0.05041,0.32901
0.00451,0.05061,0.32902
0.00421,0.05072,0.3283
0.00396,0.05029,0.32867
0.00404,0.05004,0.32833
0.00411,0.05052,0.32901
0.00405,0.05045,0.32901
0.00394,0.05029,0.32901
0.00393,0.05014,0.32872
0.00392,0.05019,0.32901
0.00396,0.05017,0.34891
0.00399,0.05017,0.36895
0.00392,0.05017,0.32887
0.00394,0.05017,0.33892
0.00395,0.05018,0.34898
0.00402,0.05032,0.36895
0.00403,0.04998,0.36895
0.00402,0.05001,0.37077
0.00396,0.0499,0.32901
0.004,0.05017,0.37083
0.004,0.04982,0.32901
0.00408,0.04989,0.36895
0.0043,0.04963,0.32867
0.00423,0.04965,0.32901
0.00406,0.04975,0.32901
0.00532,0.05054,0.32707
0.00506,0.05016,0.32784
0.0044,0.04961,0.32901
0.0047,0.04971,0.32901
0.00456,0.04964,0.32901
0.00465,0.04971,0.32874
0.00449,0.04966,0.36895
0.0044,0.04968,0.36895
0.00446,0.04966,0.37092
0.00465,0.04969,0.36895
0.00458,0.04968,0.37076
0.00465,0.04969,0.37076
0.00473,0.04969,0.37102
0.00476,0.04975,0.36895
0.00493,0.04989,0.37109
0.00502,0.0503,0.37141
0.00479,0.04976,0.37076
0.00452,0.04945,0.37133
0.00469,0.04887,0.37192
0.00404,0.04906,0.37204
0.00405,0.04989,0.37109
0.00426,0.04972,0.37091
0.00434,0.04969,0.37076
0.0042,0.04976,0.36895
0.0042,0.04976,0.37076
0.00414,0.04982,0.36895
0.00434,0.04969,0.36895
0.0044,0.04968,0.37076
0.00409,0.04987,0.37077
0.00416,0.05006,0.37222
0.00484,0.04916,0.37282
0.00401,0.05026,0.37076
0.00407,0.0503,0.37144
0.0041,0.04909,0.37272
0.00498,0.04873,0.37237
0.00494,0.04891,0.37215
0.005,0.04873,0.37246
0.00497,0.04873,0.37261
0.00459,0.04873,0.37294
0.00468,0.04873,0.37292
0.0045,0.04873,0.37296
0.00441,0.04873,0.37294
0.00435,0.0489,0.37292
0.0049,0.04873,0.37275
0.00485,0.04873,0.37281
0.00477,0.04873,0.37287
0.00496,0.04873,0.37227
0.00484,0.04873,0.37211
0.00475,0.04873,0.37203
0.00475,0.03827,0.37206
0.00468,0.04873,0.37199
0.00464,0.03827,0.37201
0.00463,0.04872,0.37197
0.00467,0.03746,0.37205
0.00461,0.03827,0.37199
0.00458,0.03747,0.37201
0.00439,0.03735,0.37197
0.00467,0.03701,0.37209
0.00357,0.03441,0.37202
0.00446,0.03827,0.37197
0.00437,0.03827,0.37198
0.00422,0.03751,0.37201
0.00413,0.03752,0.37205
0.00396,0.03687,0.37208
0.00418,0.03827,0.37205
0.00427,0.03827,0.37201
0.00414,0.04873,0.37211
0.00411,0.03827,0.37212
0.00405,0.03827,0.37218
0.00409,0.04873,0.37216
0.00404,0.03827,0.3722
0.00399,0.03754,0.3722
0.00398,0.03827,0.37232
0.00403,0.04873,0.37227
0.00397,0.03827,0.37238
0.00385,0.03724,0.37252
0.00394,0.03755,0.37229
0.00303,0.03521,0.37256
0.00394,0.03755,0.37266
0.00397,0.03827,0.37256
0.00402,0.03713,0.37285
0.00399,0.03754,0.37275
0.00404,0.03827,0.37274
0.004,0.03827,0.37265
0.00403,0.04873,0.37264
0.00399,0.04873,0.37246
0.00408,0.04873,0.37273
0.00419,0.03827,0.37289
0.00415,0.04873,0.37281
0.00428,0.03758,0.37296
0.00428,0.03827,0.37293
0.0042,0.04873,0.37286
0.00413,0.03753,0.37289
0.00431,0.04873,0.37292
0.0043,0.03827,0.37295
0.00437,0.03666,0.37297
0.00446,0.03827,0.37297
0.00455,0.03827,0.37296
0.00459,0.03747,0.37294
0.00441,0.0356,0.37287
0.00464,0.03686,0.37285
0.00482,0.03744,0.3722
0.00486,0.03744,0.37229
0.0049,0.03743,0.37247
0.00486,0.03744,0.37265
0.00163,0.03192,0.37234
0.00058,0.03182,0.37306
0.00482,0.03744,0.37274
-0.00248,0.03,0.37214
-0.00241,0.03037,0.37199
-0.00252,0.02983,0.3725
0.0009,0.03262,0.3721
-0.0038,0.02964,0.37241
-0.0038,0.02965,0.37234
-0.0038,0.02963,0.3725
-0.0038,0.02965,0.37265
-0.00292,0.02979,0.37268
-0.00293,0.02983,0.37277
-0.00248,0.03,0.37285
-0.00292,0.02979,0.37231
-0.00293,0.02983,0.37222
-0.0038,0.02971,0.37223
-0.0038,0.02978,0.37215
-0.0396,0.02983,0.37233
-0.0396,0.02984,0.3723
-0.0038,0.02983,0.37209
-0.0396,0.0299,0.37223
-0.0396,0.02996,0.37217
-0.04,0.03002,0.372
-0.04094,0.02843,0.37218
-0.0396,0.03007,0.37211
-0.0396,0.0301,0.3721
-0.0396,0.03025,0.37208
-0.04126,0.02784,0.37187
-0.04146,0.02789,0.37168
-0.04179,0.02909,0.37249
-0.04161,0.02809,0.37162
-0.03997,0.03051,0.37216
-0.0396,0.03034,0.37209
-0.0396,0.03044,0.37211
-0.00379,0.03031,0.37204
-0.00379,0.03022,0.37201
-0.00379,0.0304,0.37208
-0.0396,0.03053,0.37216
-0.0396,0.03055,0.37217
-0.00379,0.03048,0.37215
-0.0396,0.0306,0.37223
-0.00269,0.03075,0.37217
-0.00309,0.03051,0.37208
-0.00379,0.03053,0.3722
-0.00307,0.03042,0.37203
-0.00312,0.03065,0.37222
-0.00379,0.0306,0.37234
-0.0396,0.03066,0.37228
-0.04007,0.0307,0.37268
-0.03959,0.03072,0.37239
-0.03959,0.03075,0.37258
-0.03959,0.03074,0.37267
-0.00379,0.0306,0.37265
-0.03959,0.03067,0.37285
-0.00379,0.03061,0.37241
-0.00316,0.03072,0.3726
-0.00314,0.03071,0.37235
-0.00379,0.03059,0.37268
-0.00312,0.03065,0.37277
-0.00273,0.03069,0.37285
-0.00309,0.03051,0.37292
-0.0038,0.03013,0.372
-0.0038,0.02997,0.37202
-0.00298,0.03006,0.37203
-0.00296,0.02997,0.37208
-0.03978,0.02985,0.37295
-0.04203,0.02779,0.37251
-0.04216,0.02768,0.37239
-0.04223,0.02802,0.37208
-0.04208,0.02795,0.37175
-0.04146,0.02784,0.37256
-0.04187,0.0279,0.37163
-0.04172,0.02711,0.3716
-0.04191,0.02712,0.3716
-0.04204,0.02769,0.37169
-0.04176,0.02765,0.3716
-0.0421,0.02712,0.37168
-0.04223,0.02712,0.37183
-0.04216,0.00969,0.3717
-0.04223,0.00969,0.37177
-0.04187,0.00969,0.37161
-0.04224,0.00917,0.37182
-0.04212,0.00917,0.37171
-0.04204,0.00869,0.37173
-0.04178,0.00969,0.37162
-0.04174,0.00872,0.37165
-0.04142,0.00742,0.37177
-0.04165,0.00874,0.37166
-0.04123,0.00825,0.3718
-0.04169,0.00969,0.37164
-0.04157,0.00877,0.37168
-0.04153,0.00969,0.37175
-0.04157,0.00969,0.3717
-0.04147,0.02711,0.37172
-0.04155,0.02711,0.37166
-0.0414,0.02711,0.37179
-0.04136,0.02758,0.37181
-0.04133,0.02711,0.37193
-0.04146,0.00969,0.37181
-0.04139,0.00969,0.37195
-0.04134,0.00884,0.37186
-0.0413,0.00898,0.37201
-0.04137,0.00969,0.3721
-0.04135,0.00937,0.37211
-0.04138,0.0093,0.37234
-0.04115,0.00789,0.3728
-0.0415,0.0089,0.37258
-0.04183,0.00878,0.37264
-0.04129,0.00765,0.37229
-0.04228,0.0088,0.37207
-0.03942,0.00534,0.37356
-0.03773,0.00569,0.37322
-0.04226,0.00876,0.37223
-0.04214,0.00868,0.37244
-0.04208,0.0087,0.37252
-0.042,0.00873,0.37258
-0.04191,0.00876,0.37262
-0.04187,0.00969,0.37261
-0.04195,0.00969,0.37259
-0.04177,0.00969,0.37259
-0.0418,0.02712,0.37259
-0.04165,0.02712,0.37256
-0.04176,0.02761,0.3726
-0.04161,0.02712,0.37254
-0.04151,0.02712,0.37249
-0.04144,0.02711,0.37242
-0.04158,0.00969,0.37252
-0.04148,0.02757,0.3725
-0.0415,0.00969,0.37244
-0.04155,0.00927,0.37253
-0.04138,0.02711,0.37234
-0.04144,0.00969,0.37237
-0.04138,0.00969,0.37219
-0.04134,0.02711,0.37226
-0.04133,0.02711,0.37224
-0.04129,0.02754,0.37227
-0.0413,0.02711,0.37208
-0.04127,0.02755,0.37209
-0.04132,0.02711,0.37198
-0.04189,0.02712,0.37257
-0.04193,0.02764,0.37257
-0.04206,0.02712,0.37251
-0.04202,0.00969,0.37258
-0.0422,0.00969,0.37247
-0.04227,0.00969,0.3724
-0.04214,0.02712,0.37245
-0.0421,0.02712,0.37249
-0.04221,0.02712,0.37238
-0.04228,0.02712,0.37224
-0.04234,0.00969,0.37226
-0.04237,0.00969,0.37211
-0.04229,0.02712,0.37219
-0.04233,0.00916,0.37213
-0.0423,0.02712,0.37209
-0.04229,0.02737,0.37208
-0.04227,0.02762,0.37207
-0.04233,0.01853,0.37209
-0.04228,0.02712,0.37193
-0.04234,0.01841,0.3721
-0.04233,0.00969,0.37194
-0.04231,0.02289,0.37209
-0.04227,0.02712,0.37191
-0.0423,0.00916,0.37195
-0.04222,0.02771,0.37193
-0.03581,0.005,0.3734
-0.03753,0.00458,0.37295
-0.04163,0.02711,0.37162
-0.04159,0.02762,0.37163
-0.03961,0.02975,0.37261
-0.0396,0.0299,0.37293
-0.0396,0.02998,0.37299
-0.0396,0.02985,0.37287
-0.00379,0.02978,0.37285
-0.0038,0.02971,0.37277
-0.00296,0.02997,0.37292
-0.0396,0.02976,0.37253
0.00481,0.03827,0.37282
0.00475,0.03745,0.37282
0.00486,0.03827,0.37276
0.00493,0.03827,0.37262
0.00494,0.03827,0.37256
0.00496,0.03827,0.37247
0.00494,0.03827,0.37238
0.00492,0.03827,0.37229
0.00487,0.03827,0.3722
0.00481,0.03827,0.37212
0.00473,0.03827,0.37289
0.00464,0.03827,0.37293
0.00436,0.04873,0.37198
0.00444,0.04872,0.37196
0.00454,0.04872,0.37196
0.00403,0.05035,0.37076
0.00402,0.05032,0.37076
0.0041,0.05044,0.37112
0.00415,0.05052,0.37076
0.00431,0.0506,0.37111
0.00422,0.05058,0.36895
0.00432,0.05063,0.37076
0.00409,0.05046,0.36895
0.00496,0.04998,0.37076
0.005,0.05016,0.37083
0.00496,0.05035,0.37076
0.00486,0.05048,0.37112
0.00497,0.05001,0.36895
0.00497,0.05032,0.36895
0.00499,0.05016,0.36895
0.00498,0.05025,0.36895
0.0049,0.05014,0.32901
0.00496,0.05011,0.3287
0.00484,0.05036,0.32901
0.0049,0.05046,0.36895
0.00485,0.05052,0.37076
0.00479,0.05057,0.36895
0.00477,0.05058,0.37076
0.00468,0.05063,0.37076
0.00467,0.05053,0.32901
0.00547,0.05055,0.32791
0.00487,0.04994,0.32901
0.00489,0.05004,0.32901
0.00588,0.05059,0.32729
0.00593,0.05091,0.32765
0.05216,0.05047,0.3272
0.01753,0.05056,0.32725
0.02918,0.05054,0.32721
0.0062,0.05062,0.32723
0.0062,0.05061,0.32714
0.00604,0.0506,0.32726
0.00606,0.05068,0.32742
0.00601,0.05078,0.32755
0.0062,0.0507,0.32744
0.05216,0.05052,0.3273
0.05216,0.05054,0.32734
0.05378,0.05065,0.32733
0.05378,0.05058,0.32715
0.05216,0.05045,0.32713
0.05216,0.05046,0.32694
0.05366,0.05055,0.32693
0.05537,0.05086,0.3271
0.05536,0.05089,0.32728
0.05535,0.05093,0.32737
0.05846,0.05163,0.32729
0.05847,0.05162,0.3272
0.06149,0.05259,0.3273
0.05844,0.05169,0.32747
0.06149,0.05259,0.32739
0.06146,0.05265,0.32756
0.06442,0.0538,0.32765
0.06446,0.05373,0.32738
0.06445,0.05374,0.32747
0.06733,0.05508,0.32763
0.07007,0.0567,0.32784
0.0644,0.05385,0.32773
0.06141,0.05278,0.32771
0.0584,0.05182,0.32761
0.05842,0.05175,0.32755
0.05532,0.05106,0.32752
0.05337,0.0507,0.32744
0.05375,0.05088,0.32752
0.0553,0.05115,0.32757
0.05395,0.05105,0.32757
0.05526,0.05134,0.32761
0.05373,0.05121,0.32755
0.05216,0.05102,0.32753
0.05216,0.05084,0.32753
0.0062,0.05111,0.32764
0.0062,0.05126,0.32762
0.00611,0.0511,0.32765
0.0062,0.05095,0.32762
0.05216,0.05074,0.3275
0.0062,0.05081,0.32755
0.05216,0.05058,0.32738
0.006,0.05136,0.32758
0.00621,0.0514,0.32755
0.06733,0.05509,0.32726
0.06445,0.05377,0.32719
0.06149,0.05263,0.3271
0.05845,0.05171,0.32692
0.06145,0.05274,0.32694
0.05846,0.05166,0.32701
0.06443,0.05382,0.3271
0.05536,0.05095,0.32682
0.05537,0.0509,0.32691
0.05328,0.05058,0.32679
0.05216,0.05068,0.32662
0.05312,0.05066,0.32668
0.0062,0.0507,0.32685
0.05378,0.0509,0.32659
0.05216,0.05079,0.32657
0.0062,0.05095,0.32667
0.0062,0.05081,0.32674
0.0057,0.05075,0.32682
0.05264,0.05067,0.32665
0.02918,0.05075,0.32668
0.04091,0.05071,0.32666
0.02942,0.05074,0.32669
0.00579,0.05099,0.32669
0.00596,0.0511,0.32666
0.00572,0.05127,0.32672
0.0062,0.05111,0.32664
0.0062,0.05126,0.32667
0.05216,0.05104,0.32656
0.05216,0.05094,0.32654
0.0532,0.05122,0.3266
0.05374,0.05108,0.32657
0.0062,0.0514,0.32674
0.05216,0.05131,0.32671
0.0062,0.05151,0.32685
0.05216,0.05135,0.32675
0.05369,0.05144,0.32673
0.05361,0.05157,0.32698
0.05522,0.05171,0.32677
0.05523,0.05163,0.3267
0.05826,0.05238,0.32679
0.05525,0.05154,0.32665
0.05832,0.0522,0.32671
0.05527,0.05145,0.32662
0.05531,0.05127,0.32661
0.05834,0.05211,0.3267
0.05837,0.05202,0.32671
0.06137,0.05298,0.32681
0.0614,0.0529,0.32683
0.06431,0.05411,0.32689
0.0642,0.05438,0.32693
0.06427,0.0542,0.32689
0.06131,0.05316,0.32681
0.067,0.05576,0.32704
0.06709,0.0556,0.32696
0.06416,0.05446,0.32698
0.06127,0.05325,0.32684
0.06124,0.05333,0.32689
0.05824,0.05246,0.32686
0.06413,0.05453,0.32704
0.06159,0.05351,0.32693
0.06194,0.05369,0.32698
0.06122,0.05341,0.32696
0.06122,0.05339,0.32694
0.06196,0.05363,0.32693
0.0583,0.05249,0.32673
0.05832,0.05242,0.3268
0.06124,0.05335,0.32691
0.06341,0.05423,0.327
0.0634,0.05425,0.32702
0.06267,0.05397,0.327
0.06269,0.05393,0.32697
0.06123,0.05337,0.32692
0.06196,0.05365,0.32695
0.0552,0.05177,0.32685
0.05822,0.05252,0.32694
0.05518,0.05183,0.32702
0.0582,0.05258,0.32712
0.06119,0.05346,0.32704
0.06118,0.0535,0.32712
0.06116,0.05353,0.3273
0.05819,0.05258,0.32721
0.0582,0.05254,0.3274
0.05518,0.0518,0.32731
0.05518,0.05184,0.32711
0.06268,0.05395,0.32698
0.06195,0.05367,0.32696
0.06414,0.0545,0.32712
0.06552,0.05523,0.32716
0.06414,0.05449,0.32722
0.06129,0.05329,0.32715
0.05833,0.05233,0.32709
0.06128,0.0533,0.32724
0.05833,0.05234,0.32718
0.05831,0.0524,0.32735
0.05651,0.05203,0.32744
0.05519,0.05166,0.32719
0.05353,0.05166,0.32743
0.05371,0.0518,0.3275
0.05389,0.05196,0.32755
0.05217,0.05175,0.3275
0.05217,0.05184,0.32753
0.00608,0.05181,0.32755
0.05217,0.05203,0.32753
0.00608,0.05211,0.32764
0.02912,0.05178,0.32752
0.01739,0.05178,0.3276
0.00587,0.0518,0.32761
0.00608,0.0517,0.32744
0.05216,0.05158,0.32738
0.05216,0.05152,0.3273
0.00581,0.05162,0.32736
0.0057,0.05158,0.32708
0.00607,0.05161,0.32714
0.00608,0.05163,0.3273
0.05216,0.05142,0.32714
0.05216,0.05144,0.32704
0.05216,0.05142,0.32689
0.05216,0.05143,0.32697
0.0062,0.05161,0.32714
0.05369,0.0515,0.32713
0.05373,0.05151,0.32694
0.05372,0.05157,0.3273
0.05373,0.05154,0.32684
0.05418,0.05158,0.32679
0.05372,0.05166,0.32668
0.05216,0.05165,0.32664
0.00607,0.0517,0.32685
0.00607,0.05181,0.32674
0.0062,0.05158,0.32699
0.00607,0.05163,0.32699
0.00565,0.0522,0.32769
0.00608,0.05226,0.32762
0.05217,0.0522,0.32747
0.05334,0.05211,0.32753
0.05326,0.05225,0.32746
0.00608,0.0524,0.32755
0.05217,0.05228,0.32741
0.00574,0.05246,0.32751
0.00608,0.05251,0.32744
0.05217,0.0524,0.32724
0.05327,0.05244,0.32721
0.00608,0.05261,0.32714
0.02912,0.05249,0.32727
0.00573,0.05257,0.32728
0.0294,0.0525,0.32726
0.00608,0.05258,0.3273
0.05272,0.05242,0.32723
0.05833,0.05237,0.32689
0.06555,0.05518,0.32708
0.06694,0.05588,0.3272
0.06622,0.05557,0.32722
0.06553,0.05522,0.32714
0.06484,0.05486,0.32706
0.06554,0.05519,0.3271
0.06483,0.05488,0.3271
0.06626,0.05551,0.32709
0.0659,0.05535,0.32711
0.06693,0.0559,0.32724
0.06588,0.05539,0.32717
0.06659,0.0557,0.32717
0.06695,0.05585,0.32715
0.06659,0.05571,0.32719
0.06713,0.05551,0.32695
0.06979,0.05718,0.32704
0.06984,0.0571,0.32701
0.06717,0.05543,0.32696
0.06993,0.05694,0.32701
0.07251,0.05875,0.32701
0.07256,0.05867,0.32702
0.07002,0.05679,0.32708
0.06721,0.05535,0.32699
0.07006,0.05672,0.32714
0.06731,0.05514,0.32717
0.06437,0.05395,0.32696
0.06434,0.05403,0.32692
0.05839,0.05194,0.32674
0.05843,0.05178,0.32684
0.05535,0.05101,0.32674
0.05532,0.05118,0.32664
0.0062,0.05063,0.32699
0.05291,0.0505,0.32694
0.02918,0.05054,0.32697
0.02956,0.05057,0.32696
0.04104,0.05052,0.32695
0.00476,0.04977,0.32901
0.0049,0.04987,0.36895
0.0049,0.04987,0.37076
0.05256,0.05143,0.32722
0.02938,0.0515,0.32726
0.02918,0.05149,0.32727
0.04087,0.05146,0.32725
0.06799,0.05654,0.32748
0.06881,0.05699,0.32748
0.08802,0.07361,0.32731
0.07438,0.06088,0.32764
0.08356,0.06944,0.32743
0.07909,0.06526,0.32755
0.07389,0.06047,0.32758
0.07434,0.06135,0.32701
0.0743,0.0614,0.327
0.06937,0.0578,0.32689
0.06668,0.05633,0.32681
0.06663,0.05641,0.32682
0.06854,0.05684,0.32757
0.06745,0.05624,0.32754
0.06854,0.05684,0.32752
0.06908,0.05714,0.32754
0.06963,0.05744,0.32755
0.06908,0.05714,0.32756
0.06827,0.05669,0.32758
0.0684,0.05676,0.32755
0.00452,0.0516,0.32892
0.00462,0.05065,0.36895
0.00444,0.05062,0.34066
0.00445,0.05064,0.35231
0.00425,0.05059,0.32901
0.00408,0.05075,0.32891
-0.00374,0.03013,0.374
-0.00374,0.03004,0.37399
-0.00374,0.03031,0.37396
-0.00374,0.03022,0.37399
-0.00374,0.02995,0.37396
-0.00229,0.03013,0.3731
-0.00286,0.02992,0.37314
-0.0029,0.03008,0.37303
-0.03959,0.03029,0.37307
-0.03959,0.03037,0.37306
-0.04199,0.02748,0.37263
-0.04209,0.02748,0.37268
-0.04216,0.02748,0.37275
-0.04148,0.02788,0.37351
-0.04175,0.02793,0.3736
-0.0315,-0.00184,0.37214
-0.02982,-0.00207,0.37776
-0.03232,-0.00153,0.37643
-0.03233,-0.00277,0.37455
-0.0208,-0.00065,0.37928
-0.02081,-0.00066,0.37147
-0.02982,-0.00211,0.37618
-0.03484,-0.0038,0.37278
-0.03316,-0.00144,0.37284
-0.02982,-0.00482,0.37941
-0.02982,-0.00216,0.37461
-0.02081,-0.00345,0.37929
-0.02983,-0.0022,0.37303
-0.02082,-0.00346,0.37148
-0.03483,-0.00254,0.37628
-0.03148,-0.00244,0.37878
-0.03315,-0.00286,0.37821
-0.03483,-0.00179,0.3749
-0.03546,-0.00289,0.37371
-0.03784,-0.00342,0.37338
-0.03838,-0.0038,0.3738
-0.03595,-0.00376,0.3733
-0.0373,-0.00304,0.37296
-0.03543,-0.00334,0.37338
-0.03571,-0.00333,0.37351
-0.03515,-0.00335,0.37325
-0.03527,-0.00356,0.37314
-0.04128,-0.00661,0.37181
-0.04016,-0.00434,0.37279
-0.04114,-0.00763,0.3721
-0.04139,-0.00846,0.37231
-0.04133,-0.00832,0.37218
-0.04144,-0.00926,0.37215
-0.04147,-0.00926,0.37195
-0.04131,-0.00779,0.37253
-0.04141,-0.00829,0.37189
-0.04147,-0.00827,0.37181
-0.04136,-0.0083,0.37199
-0.04152,-0.00926,0.37241
-0.04141,-0.00832,0.37244
-0.04164,-0.00926,0.37254
-0.04156,-0.0083,0.37259
-0.04163,-0.00769,0.37272
-0.04178,-0.00926,0.37261
-0.04173,-0.02668,0.37257
-0.04185,-0.00926,0.37262
-0.0421,-0.02668,0.37264
-0.04204,-0.00926,0.37262
-0.04193,-0.00823,0.37266
-0.04184,-0.00825,0.37267
-0.04201,-0.00821,0.37263
-0.04149,-0.00649,0.37283
-0.04209,-0.00819,0.37259
-0.04217,-0.00817,0.37252
-0.04221,-0.00926,0.37255
-0.04235,-0.00926,0.3724
-0.04219,-0.02668,0.37261
-0.04235,-0.02668,0.3725
-0.04235,-0.02724,0.37248
-0.04223,-0.02722,0.37259
-0.04215,-0.02704,0.37268
-0.04242,-0.02726,0.37235
-0.04247,-0.02668,0.37231
-0.04242,-0.00926,0.37221
-0.04231,-0.00811,0.37216
-0.04243,-0.00926,0.37212
-0.0425,-0.02668,0.37214
-0.04223,-0.00815,0.37244
-0.0423,-0.00812,0.37225
-0.04248,-0.02668,0.37205
-0.04244,-0.02718,0.37201
-0.04245,-0.02727,0.37216
-0.04237,-0.02769,0.37224
-0.04242,-0.00926,0.37203
-0.04241,-0.02668,0.37188
-0.04245,-0.02668,0.37196
-0.04235,-0.00926,0.37186
-0.04216,-0.00812,0.37182
-0.04208,-0.00728,0.37214
-0.04227,-0.00811,0.37198
-0.04208,-0.00813,0.37175
-0.04223,-0.00926,0.37173
-0.0419,-0.00817,0.37168
-0.04209,-0.00926,0.37166
-0.04202,-0.00926,0.37164
-0.04208,-0.02668,0.37167
-0.04189,-0.02668,0.37167
-0.04194,-0.00926,0.37163
-0.04183,-0.02755,0.37169
-0.04194,-0.02722,0.37167
-0.04184,-0.02668,0.37168
-0.04192,-0.00926,0.37163
-0.0421,-0.02724,0.37169
-0.0418,-0.00819,0.37167
-0.04171,-0.00821,0.37168
-0.04174,-0.00926,0.37167
-0.04181,-0.02668,0.3717
-0.04158,-0.00926,0.37178
-0.04165,-0.02668,0.37181
-0.04153,-0.00926,0.37184
-0.04158,-0.02669,0.37188
-0.04154,-0.00825,0.37175
-0.04152,-0.02669,0.372
-0.04151,-0.02714,0.37193
-0.04151,-0.02669,0.37207
-0.04151,-0.02668,0.37226
-0.04152,-0.02668,0.37231
-0.04143,-0.02752,0.3724
-0.04146,-0.02712,0.37218
-0.0411,-0.02812,0.3725
-0.04155,-0.02712,0.37244
-0.04165,-0.02668,0.37251
-0.04154,-0.02668,0.37235
-0.04148,-0.00926,0.37232
-0.04173,-0.02715,0.37263
-0.0417,-0.02668,0.37256
-0.04195,-0.02704,0.37266
-0.04185,-0.02704,0.37268
-0.04198,-0.00885,0.37264
-0.042,-0.02803,0.3727
-0.04205,-0.02704,0.37266
-0.04231,-0.02759,0.37282
-0.04189,-0.02912,0.37337
-0.0418,-0.02752,0.37269
-0.0421,-0.02757,0.3727
-0.04244,-0.02748,0.373
-0.0424,-0.02704,0.37286
-0.04229,-0.02704,0.37275
-0.04243,-0.02704,0.37292
-0.04234,-0.00885,0.37284
-0.04209,-0.00885,0.37266
-0.04223,-0.00885,0.37273
-0.04208,-0.00705,0.37298
-0.04241,-0.00885,0.37298
-0.04219,-0.00821,0.37276
-0.04229,-0.0082,0.37285
-0.04238,-0.0082,0.37302
-0.0424,-0.00822,0.37316
-0.04128,-0.00622,0.37435
-0.0404,-0.00409,0.37539
-0.04059,-0.00511,0.37401
-0.04109,-0.0063,0.37329
-0.04184,-0.00787,0.3727
-0.04205,-0.0082,0.37269
-0.04135,-0.00786,0.37319
-0.04148,-0.00806,0.37289
-0.04163,-0.00828,0.37274
-0.04144,-0.00843,0.3733
-0.04144,-0.00885,0.37318
-0.04144,-0.00885,0.37308
-0.04143,-0.00829,0.37301
-0.04145,-0.00885,0.37328
-0.04145,-0.00864,0.37329
-0.04156,-0.02704,0.37339
-0.04154,-0.00834,0.37352
-0.04179,-0.00785,0.37375
-0.04175,-0.00832,0.37364
-0.04169,-0.00885,0.37356
-0.04153,-0.00885,0.37343
-0.04161,-0.00885,0.37351
-0.04164,-0.00885,0.37354
-0.0417,-0.02704,0.37356
-0.04184,-0.02704,0.37363
-0.04188,-0.00885,0.37363
-0.04156,-0.02761,0.37354
-0.0418,-0.02747,0.37365
-0.04204,-0.02704,0.37365
-0.04188,-0.02766,0.37368
-0.04217,-0.00885,0.37357
-0.04223,-0.02704,0.37359
-0.0421,-0.02752,0.37365
-0.0423,-0.02758,0.37353
-0.04242,-0.02759,0.37333
-0.04243,-0.02704,0.3734
-0.04231,-0.02704,0.37354
-0.04229,-0.02704,0.37356
-0.04224,-0.00884,0.37352
-0.04236,-0.00884,0.37338
-0.04219,-0.00829,0.37357
-0.04232,-0.00829,0.37345
-0.04238,-0.00823,0.37332
-0.04241,-0.00884,0.37329
-0.04247,-0.02704,0.37331
-0.04242,-0.00884,0.37319
-0.04249,-0.02704,0.37321
-0.04249,-0.02704,0.37311
-0.04244,-0.01339,0.37317
-0.04246,-0.01794,0.3732
-0.04243,-0.00884,0.37313
-0.04242,-0.00869,0.37317
-0.04243,-0.00884,0.37316
-0.04241,-0.00853,0.37317
-0.04241,-0.00853,0.37316
-0.04244,-0.02761,0.37317
-0.04205,-0.00829,0.37364
-0.04159,-0.0285,0.37328
-0.0413,-0.02788,0.37319
-0.04161,-0.02704,0.37347
-0.04148,-0.02743,0.37332
-0.04152,-0.02767,0.37285
-0.04148,-0.02744,0.37301
-0.0415,-0.02704,0.3731
-0.0415,-0.02704,0.37321
-0.03998,-0.02941,0.3733
-0.04022,-0.0296,0.3731
-0.03994,-0.0293,0.3736
-0.0403,-0.0293,0.37396
-0.04006,-0.02964,0.37412
-0.04026,-0.02975,0.37412
-0.03981,-0.0296,0.37409
-0.03981,-0.02945,0.37397
-0.03981,-0.02943,0.37395
-0.03981,-0.02954,0.37406
-0.03981,-0.02936,0.37381
-0.00396,-0.02982,0.37406
-0.03981,-0.02968,0.37413
-0.03981,-0.02999,0.37413
-0.00396,-0.02996,0.37408
-0.00396,-0.03012,0.37405
-0.00396,-0.0302,0.37401
-0.03981,-0.03007,0.37409
-0.04015,-0.03025,0.37394
-0.04015,-0.02993,0.37411
-0.04001,-0.03029,0.37349
-0.04035,-0.0302,0.37347
-0.03982,-0.03031,0.3735
-0.03981,-0.03015,0.37404
-0.03998,-0.03027,0.37388
-0.03982,-0.03033,0.3737
-0.03982,-0.03033,0.3736
-0.0399,-0.03027,0.37388
-0.03982,-0.03027,0.37389
-0.00396,-0.0304,0.37381
-0.00396,-0.03027,0.37397
-0.00396,-0.03037,0.37387
-0.02189,-0.03035,0.37381
-0.00396,-0.03044,0.37373
-0.00348,-0.0305,0.37377
-0.00396,-0.03046,0.37362
-0.00365,-0.0305,0.37357
-0.00364,-0.03048,0.37372
-0.00396,-0.03045,0.37352
-0.00364,-0.03047,0.37342
-0.00396,-0.03044,0.37342
-0.00332,-0.03056,0.37342
-0.00396,-0.0304,0.37334
-0.00327,-0.03048,0.37326
-0.00396,-0.03026,0.37317
-0.03982,-0.03027,0.37342
-0.03982,-0.03022,0.37334
-0.03982,-0.03007,0.37322
-0.04048,-0.02993,0.37316
-0.03996,-0.03,0.37318
-0.03982,-0.02988,0.37316
-0.03982,-0.02999,0.37318
-0.00396,-0.03,0.37308
-0.00396,-0.03012,0.3731
-0.03982,-0.02984,0.37316
-0.03085,-0.02985,0.37314
-0.02189,-0.02987,0.37312
-0.02189,-0.03005,0.37314
-0.04025,-0.02984,0.37313
-0.00396,-0.0299,0.37309
-0.03981,-0.02968,0.37318
-0.03982,-0.02972,0.37317
-0.03982,-0.0298,0.37316
-0.02637,-0.02982,0.37314
-0.01292,-0.02989,0.3731
-0.03982,-0.02976,0.37317
-0.01292,-0.02985,0.37311
-0.00396,-0.02981,0.3731
-0.03981,-0.0296,0.37322
-0.00396,-0.02967,0.37317
-0.0031,-0.02987,0.37314
-0.00306,-0.03003,0.37308
-0.00396,-0.02956,0.37328
-0.03981,-0.02945,0.37334
-0.00326,-0.0296,0.37335
-0.00258,-0.02976,0.37341
-0.00396,-0.02953,0.37334
-0.03981,-0.0294,0.37342
-0.00308,-0.0298,0.37319
-0.03981,-0.02936,0.3735
-0.00396,-0.02949,0.37342
-0.00396,-0.02946,0.37358
-0.00396,-0.02947,0.37354
-0.03981,-0.02933,0.37366
-0.00348,-0.02953,0.37343
-0.00324,-0.02954,0.37358
-0.00253,-0.02986,0.37387
-0.00305,-0.02968,0.37381
-0.00348,-0.02954,0.37373
-0.00396,-0.02949,0.37373
-0.00396,-0.02947,0.37364
-0.00396,-0.02953,0.37381
-0.00396,-0.02964,0.37396
-0.00396,-0.02967,0.37398
-0.00308,-0.02979,0.37396
-0.00276,-0.03,0.37404
0.00074,-0.03163,0.37395
-0.00315,-0.03006,0.37408
-0.00267,-0.03026,0.37408
-0.00312,-0.02996,0.37406
-0.00174,-0.03108,0.37393
-0.0032,-0.03025,0.37405
-0.00325,-0.0304,0.37397
0.00071,-0.03276,0.37353
0.00307,-0.03367,0.37352
-0.00284,-0.03049,0.37315
-0.00144,-0.03078,0.37302
0.00412,-0.03729,0.37407
0.00189,-0.03321,0.37353
0.00379,-0.03761,0.37399
0.00323,-0.0365,0.3734
0.00365,-0.03763,0.37329
0.00393,-0.03594,0.37308
0.00364,-0.03811,0.37356
0.0037,-0.0381,0.37381
0.00366,-0.03811,0.37371
0.00371,-0.03887,0.37342
0.00368,-0.03887,0.37357
0.00367,-0.03811,0.37342
0.00371,-0.03887,0.37371
0.00367,-0.04926,0.37343
0.00365,-0.04926,0.37359
0.00364,-0.04999,0.37339
0.00367,-0.04948,0.37369
0.00367,-0.04926,0.37374
0.00373,-0.04941,0.37325
0.00377,-0.05085,0.37324
0.00383,-0.04977,0.37389
0.00365,-0.04959,0.37343
0.00371,-0.04926,0.37335
0.00391,-0.04926,0.37315
0.00396,-0.04929,0.37311
0.00403,-0.03887,0.3731
0.0038,-0.03887,0.37326
0.00395,-0.03887,0.37314
0.00389,-0.03887,0.37317
0.00387,-0.03887,0.37319
0.00382,-0.03809,0.37319
0.00385,-0.0377,0.37314
0.004,-0.03807,0.37309
0.00403,-0.03726,0.37307
0.00402,-0.04881,0.37306
0.00404,-0.04862,0.37307
0.00417,-0.03817,0.37307
0.00402,-0.03737,0.37306
0.00395,-0.04862,0.37304
0.00386,-0.04876,0.37298
0.00389,-0.03817,0.37298
0.00432,-0.03737,0.37314
0.00385,-0.03742,0.37298
0.00389,-0.0362,0.37312
0.00434,-0.03887,0.3731
0.00429,-0.03804,0.37309
0.00442,-0.03887,0.37314
0.00454,-0.03751,0.37338
0.00452,-0.03802,0.37325
0.0042,-0.03805,0.37307
0.00426,-0.03771,0.37311
0.00444,-0.03736,0.37296
0.00426,-0.03817,0.37306
0.00453,-0.04926,0.37327
0.00438,-0.04926,0.37315
0.0043,-0.04928,0.37311
0.0045,-0.03887,0.37318
0.00456,-0.03887,0.37325
0.00459,-0.03887,0.37328
0.00466,-0.03887,0.37342
0.00455,-0.04926,0.37329
0.00458,-0.04926,0.37335
0.00457,-0.04957,0.3732
0.00462,-0.04926,0.37343
0.00464,-0.04926,0.37354
0.00464,-0.0496,0.37345
0.00468,-0.03887,0.37357
0.00464,-0.03803,0.37358
0.00468,-0.03887,0.37363
0.00465,-0.04926,0.37358
0.00462,-0.04926,0.37374
0.00462,-0.04968,0.37362
0.00465,-0.04969,0.37349
0.00462,-0.03887,0.37381
0.00458,-0.04926,0.37382
0.00455,-0.04977,0.37378
0.00453,-0.04926,0.3739
0.00442,-0.03887,0.37401
0.00455,-0.04926,0.37388
0.00444,-0.03703,0.37381
0.00461,-0.03801,0.37372
0.00458,-0.03801,0.37381
0.00462,-0.03801,0.37343
0.00438,-0.03803,0.37401
0.00446,-0.03803,0.37395
0.00434,-0.03887,0.37405
0.00438,-0.04926,0.37402
0.00419,-0.04926,0.37408
0.00419,-0.03887,0.37407
0.00429,-0.04948,0.37405
0.00399,-0.04926,0.37406
0.00385,-0.04926,0.37399
0.00403,-0.03887,0.37405
0.00405,-0.04958,0.37404
0.00413,-0.03887,0.37406
0.00402,-0.04674,0.37405
0.00402,-0.04942,0.37405
0.00401,-0.04406,0.37405
0.00403,-0.04414,0.37405
0.00395,-0.03887,0.37401
0.00399,-0.03807,0.37405
0.00413,-0.03801,0.37407
0.0039,-0.03808,0.37401
0.00377,-0.04926,0.3739
0.00384,-0.04926,0.37397
0.0038,-0.03887,0.37389
0.00374,-0.04926,0.37388
0.00371,-0.03887,0.37373
0.00376,-0.0381,0.37389
0.00465,-0.0511,0.37212
0.00412,-0.05033,0.37226
0.00449,-0.05062,0.37194
0.00463,-0.05103,0.37147
0.00461,-0.05118,0.37187
0.00449,-0.05138,0.37193
0.00461,-0.05092,0.37147
0.00462,-0.05089,0.37182
0.00463,-0.05107,0.36908
0.00461,-0.05123,0.37148
0.00461,-0.05123,0.36908
0.00452,-0.05128,0.32904
0.00455,-0.0512,0.32896
0.00453,-0.05106,0.32904
0.00452,-0.05096,0.32904
0.00454,-0.05078,0.36908
0.00457,-0.05084,0.37147
0.00455,-0.05105,0.32894
0.00446,-0.05086,0.32872
0.00434,-0.05072,0.32904
0.00441,-0.0508,0.32904
0.00424,-0.0507,0.32874
0.00519,-0.05162,0.32781
0.00445,-0.05083,0.32904
0.00418,-0.05065,0.32904
0.00389,-0.05068,0.32867
0.00405,-0.05062,0.32904
0.00413,-0.05057,0.36908
0.00437,-0.05064,0.36908
0.00429,-0.0506,0.36908
0.00409,-0.05058,0.36908
0.00414,-0.05057,0.37148
0.00412,-0.05061,0.32914
0.00411,-0.05057,0.36908
0.00421,-0.05058,0.36908
0.0043,-0.05054,0.37089
0.00412,-0.05057,0.37089
0.00415,-0.05054,0.37122
0.00421,-0.05056,0.37089
0.00447,-0.05043,0.37089
0.0043,-0.0505,0.37128
0.00405,-0.05025,0.37213
0.00449,-0.05041,0.37123
0.00443,-0.05048,0.36908
0.00454,-0.05037,0.36908
0.00454,-0.05036,0.37089
0.00458,-0.05021,0.37153
0.00466,-0.04957,0.37201
0.00464,-0.05,0.3713
0.00462,-0.05018,0.37089
0.00459,-0.05027,0.36908
0.00464,-0.05007,0.37089
0.00461,-0.05023,0.36908
0.00449,-0.05035,0.32914
0.00452,-0.05028,0.32913
0.00462,-0.05007,0.3287
0.00374,-0.05073,0.32867
0.00439,-0.05048,0.32914
0.00536,-0.05086,0.32784
0.00515,-0.05051,0.32725
0.00397,-0.04963,0.32881
0.00441,-0.04978,0.32914
0.00451,-0.04995,0.32914
0.00435,-0.04973,0.32897
0.00454,-0.05005,0.32914
0.00364,-0.04983,0.32914
0.00378,-0.0497,0.32914
0.00389,-0.04965,0.32914
0.00397,-0.04963,0.32914
0.00426,-0.04968,0.32914
0.0042,-0.04965,0.32914
0.00417,-0.04964,0.32914
0.00356,-0.0501,0.32885
0.00357,-0.04997,0.32914
0.00373,-0.04978,0.36908
0.00384,-0.04966,0.36908
0.00375,-0.04973,0.37119
0.00366,-0.04991,0.36908
0.00369,-0.04987,0.3709
0.00373,-0.04977,0.37089
0.00369,-0.04985,0.37102
0.00364,-0.04994,0.37128
0.00366,-0.04991,0.37089
0.00364,-0.05007,0.3709
0.00364,-0.04989,0.37168
0.00372,-0.04951,0.37164
0.0037,-0.04891,0.37224
0.00424,-0.0489,0.37193
0.00388,-0.0496,0.37123
0.00385,-0.04864,0.37218
0.00374,-0.04869,0.37228
0.00367,-0.04862,0.37243
0.00364,-0.04903,0.37248
0.00384,-0.0493,0.37281
0.00367,-0.04897,0.37265
0.00366,-0.04862,0.37265
0.00368,-0.03816,0.37257
0.00371,-0.03816,0.37274
0.0037,-0.03816,0.37264
0.00368,-0.04862,0.37275
0.00374,-0.04862,0.37288
0.00376,-0.03816,0.37283
0.00382,-0.03816,0.37291
0.00374,-0.03742,0.37287
0.00367,-0.03744,0.37274
0.0035,-0.03672,0.37255
0.00364,-0.03745,0.37255
0.00373,-0.03744,0.37228
0.00265,-0.03444,0.37227
0.00385,-0.03744,0.37216
0.00383,-0.03605,0.37205
-0.0011,-0.0316,0.37262
0.00133,-0.032,0.37209
0.00416,-0.03739,0.37207
0.00402,-0.03703,0.37207
0.00431,-0.03739,0.3721
0.004,-0.03491,0.37261
0.00397,-0.03741,0.3721
0.00393,-0.03817,0.37214
0.00402,-0.03817,0.3721
0.00412,-0.04862,0.37208
0.00399,-0.04862,0.37211
0.00394,-0.04862,0.37214
0.00411,-0.03817,0.37208
0.00417,-0.04862,0.37209
0.0042,-0.03817,0.37207
0.00433,-0.04863,0.37212
0.00429,-0.03817,0.37209
0.00451,-0.04868,0.37222
0.0044,-0.04863,0.37216
0.00462,-0.04878,0.37236
0.00455,-0.04863,0.37229
0.00448,-0.03817,0.37216
0.00447,-0.03817,0.37216
0.00442,-0.03736,0.37216
0.00454,-0.03734,0.37228
0.00461,-0.03817,0.37231
0.0046,-0.03734,0.3724
0.00455,-0.03681,0.37244
0.00469,-0.03817,0.37257
0.00466,-0.03817,0.37241
0.00463,-0.03733,0.37259
0.00461,-0.03733,0.37272
0.00464,-0.04863,0.37251
0.00466,-0.03817,0.3724
0.00463,-0.04863,0.37269
0.00462,-0.04897,0.37266
0.00462,-0.04863,0.37274
0.00466,-0.03817,0.37272
0.00464,-0.03817,0.37277
0.00459,-0.03817,0.37286
0.00452,-0.03817,0.37293
0.00454,-0.03734,0.37286
0.00448,-0.04862,0.37295
0.00444,-0.04862,0.37299
0.0044,-0.04915,0.37291
0.00455,-0.04885,0.37283
0.00427,-0.04882,0.37305
0.00422,-0.04862,0.37307
0.00413,-0.04862,0.37308
0.00444,-0.03817,0.37299
0.00378,-0.03817,0.37228
0.00371,-0.03817,0.37242
0.00374,-0.04862,0.37229
0.00381,-0.04862,0.37222
0.0015,-0.03234,0.37305
-0.00187,-0.03073,0.37305
-0.00249,-0.03013,0.37306
-0.00144,-0.03024,0.3728
-0.00313,-0.02964,0.37278
-0.00314,-0.02973,0.37292
-0.00312,-0.02961,0.37269
-0.00266,-0.02972,0.37245
-0.00318,-0.02983,0.373
-0.00401,-0.02971,0.373
-0.00401,-0.02967,0.37298
-0.00401,-0.02956,0.37287
-0.03981,-0.02943,0.37295
-0.00401,-0.02949,0.37273
-0.03981,-0.02936,0.37281
-0.03985,-0.0293,0.37265
-0.03981,-0.02934,0.37265
-0.03981,-0.02941,0.3724
-0.03991,-0.02934,0.37245
-0.03981,-0.02935,0.37258
-0.04033,-0.02932,0.37299
-0.03981,-0.02954,0.37306
-0.03981,-0.02958,0.37308
-0.04006,-0.02961,0.37311
-0.03085,-0.02974,0.37316
-0.03986,-0.02941,0.37238
-0.03981,-0.02947,0.37232
-0.03981,-0.02954,0.37225
-0.0401,-0.02969,0.37211
-0.00401,-0.02967,0.37217
-0.00401,-0.02976,0.37212
-0.03981,-0.02964,0.3722
-0.03981,-0.02951,0.37228
-0.00401,-0.0296,0.37224
-0.00314,-0.02969,0.37228
-0.00317,-0.0298,0.37217
-0.0016,-0.0304,0.37213
-0.00319,-0.02989,0.37212
-0.00401,-0.02981,0.3721
-0.00401,-0.02985,0.37209
-0.00321,-0.02998,0.37209
-0.03981,-0.02968,0.37218
-0.03981,-0.02984,0.37215
-0.00401,-0.03003,0.37209
-0.03981,-0.02991,0.37217
-0.00298,-0.03016,0.37207
-0.00401,-0.03012,0.3721
-0.00328,-0.03024,0.3721
-0.00401,-0.03022,0.37215
-0.03981,-0.03,0.37218
-0.03981,-0.03009,0.37223
-0.0401,-0.03003,0.3722
-0.04063,-0.02999,0.37228
-0.04202,-0.02877,0.3721
-0.04055,-0.03005,0.37291
-0.04021,-0.03026,0.37278
-0.04008,-0.0303,0.37258
-0.04001,-0.03022,0.37236
-0.03981,-0.03017,0.37229
-0.04003,-0.0301,0.37305
-0.03981,-0.03013,0.37306
-0.03981,-0.03026,0.37291
-0.03981,-0.03024,0.37295
-0.00401,-0.03039,0.37283
-0.00401,-0.03037,0.37287
-0.00308,-0.03049,0.37293
-0.00401,-0.03033,0.37291
-0.00329,-0.03028,0.37303
-0.00326,-0.03019,0.37306
-0.00297,-0.03066,0.37271
-0.00335,-0.03054,0.37274
-0.00401,-0.03045,0.37265
-0.00336,-0.03057,0.37256
-0.03981,-0.03033,0.37273
-0.00401,-0.03045,0.37247
-0.03981,-0.03033,0.37264
-0.00401,-0.03042,0.37238
-0.03981,-0.03024,0.37236
-0.00401,-0.03037,0.37228
-0.00401,-0.0303,0.37221
-0.00332,-0.03036,0.37217
-0.00334,-0.03048,0.37229
-0.00334,-0.03055,0.37241
-0.04156,-0.02844,0.3723
-0.04227,-0.02726,0.37179
-0.04237,-0.02727,0.37189
-0.04234,-0.02668,0.3718
-0.04227,-0.02668,0.37174
-0.04218,-0.02668,0.37169
-0.04215,-0.02668,0.37168
-0.00401,-0.02949,0.37242
-0.00313,-0.02962,0.37241
-0.00401,-0.02947,0.37251
-0.00401,-0.02948,0.37269
0.00447,-0.04967,0.37118
0.00432,-0.04955,0.37123
0.00407,-0.0495,0.37126
0.00443,-0.04966,0.37089
0.00443,-0.04967,0.36908
0.00429,-0.0496,0.36908
0.00429,-0.04959,0.37089
0.00416,-0.04957,0.37089
0.00416,-0.04957,0.36908
0.00414,-0.04957,0.37089
0.00398,-0.04959,0.36908
0.00389,-0.04964,0.37089
0.00456,-0.04982,0.36908
0.00461,-0.04992,0.36908
0.00459,-0.04986,0.37105
0.00454,-0.04978,0.37089
0.00462,-0.04992,0.37089
0.00462,-0.05,0.36908
0.00464,-0.05007,0.36908
0.00365,-0.05014,0.3709
0.00367,-0.05009,0.37154
0.00366,-0.05022,0.36908
0.00367,-0.05023,0.3709
0.00366,-0.05023,0.36908
0.00371,-0.05032,0.36908
0.00371,-0.05032,0.3709
0.00373,-0.05036,0.3709
0.00377,-0.05038,0.37118
0.00377,-0.0504,0.36908
0.00369,-0.05046,0.32914
0.00384,-0.05047,0.36908
0.00375,-0.05053,0.32914
0.00358,-0.0503,0.32914
0.00356,-0.0502,0.32914
0.00357,-0.05,0.32914
0.00395,-0.05061,0.32914
0.00389,-0.05065,0.32904
0.00404,-0.05059,0.36908
0.00399,-0.05059,0.36908
0.00403,-0.05055,0.3709
0.00393,-0.0505,0.37124
0.00384,-0.05047,0.3709
0.00398,-0.05063,0.32904
0.00379,-0.0507,0.32904
0.00384,-0.05067,0.36908
0.00398,-0.05059,0.37148
0.00382,-0.05069,0.37148
0.00395,-0.05057,0.37176
0.00374,-0.0507,0.37194
0.0037,-0.05083,0.37148
0.00366,-0.05088,0.37182
0.00375,-0.05076,0.36908
0.00366,-0.05092,0.36908
0.00366,-0.05091,0.37148
0.00363,-0.05107,0.36908
0.00366,-0.05121,0.37148
0.00364,-0.05106,0.3723
0.00355,-0.05108,0.32904
0.00354,-0.05112,0.32904
0.00357,-0.05098,0.32904
0.00365,-0.05121,0.36908
0.00355,-0.05118,0.32904
0.00357,-0.05106,0.32877
0.00397,-0.05179,0.3275
0.00362,-0.05131,0.32861
0.00504,-0.05242,0.32699
0.00513,-0.05259,0.32735
0.00499,-0.05242,0.32774
0.00508,-0.05164,0.3271
0.00532,-0.0518,0.32692
0.00528,-0.05219,0.32682
0.0053,-0.05194,0.32685
0.00375,-0.05153,0.32904
0.00376,-0.05163,0.32847
0.00374,-0.05152,0.32904
0.00364,-0.05142,0.32904
0.00372,-0.05136,0.36908
0.00384,-0.05148,0.36908
0.00366,-0.05122,0.37148
0.00382,-0.05145,0.37148
0.0037,-0.0513,0.37148
0.00381,-0.0514,0.37193
0.0039,-0.0515,0.37148
0.00398,-0.05154,0.37148
0.00398,-0.05149,0.37194
0.00397,-0.05155,0.36908
0.004,-0.05162,0.32905
0.00413,-0.05157,0.36908
0.00427,-0.05155,0.36908
0.00429,-0.05155,0.37148
0.00405,-0.05162,0.32905
0.00408,-0.05156,0.37148
0.00414,-0.05145,0.37231
0.00417,-0.05156,0.37148
0.00404,-0.05162,0.32904
0.00418,-0.05167,0.32892
0.00425,-0.05158,0.32906
0.0043,-0.05155,0.32905
0.00417,-0.05159,0.32905
0.00444,-0.05143,0.32904
0.00521,-0.05223,0.32784
0.00571,-0.05229,0.32776
0.05179,-0.05238,0.32767
0.00571,-0.05213,0.32778
0.00571,-0.05198,0.32775
0.05179,-0.05219,0.32766
0.00546,-0.05188,0.32775
0.00571,-0.05184,0.32768
0.05179,-0.05214,0.32765
0.05316,-0.05203,0.32757
0.05333,-0.05217,0.32764
0.05603,-0.05235,0.32756
0.05352,-0.05233,0.32768
0.05317,-0.05185,0.32726
0.05482,-0.05204,0.32702
0.05335,-0.05194,0.32744
0.05634,-0.05313,0.32672
0.05796,-0.05273,0.32722
0.05357,-0.05246,0.32768
0.05785,-0.05311,0.32772
0.0579,-0.05293,0.32764
0.05646,-0.053,0.3277
0.05792,-0.05286,0.32757
0.05794,-0.0528,0.32749
0.05795,-0.05276,0.3274
0.05796,-0.05274,0.32713
0.06091,-0.05371,0.32729
0.0609,-0.05372,0.32738
0.06375,-0.05493,0.32736
0.06091,-0.05372,0.32719
0.0609,-0.05375,0.32709
0.05795,-0.05277,0.32703
0.05794,-0.05282,0.32694
0.05792,-0.05289,0.32686
0.05483,-0.05215,0.32698
0.05485,-0.05209,0.3269
0.05785,-0.05291,0.32708
0.05942,-0.05329,0.32702
0.05792,-0.0527,0.32688
0.06089,-0.05367,0.32698
0.06377,-0.0549,0.32712
0.06381,-0.05482,0.32707
0.06388,-0.05464,0.32703
0.06096,-0.05349,0.32694
0.05797,-0.05251,0.32684
0.06099,-0.0534,0.32695
0.06392,-0.05456,0.32704
0.06102,-0.05332,0.32697
0.058,-0.05242,0.32685
0.06677,-0.05589,0.32711
0.06395,-0.05448,0.32706
0.06673,-0.05597,0.3271
0.06681,-0.05581,0.32713
0.06399,-0.05439,0.3271
0.06107,-0.05316,0.32707
0.06402,-0.05432,0.32716
0.06692,-0.0556,0.32731
0.06404,-0.05426,0.32724
0.06111,-0.05305,0.32724
0.06406,-0.05421,0.32733
0.06694,-0.05556,0.3274
0.06407,-0.05418,0.32743
0.06112,-0.05302,0.32734
0.06695,-0.05552,0.3276
0.06407,-0.05418,0.32762
0.06111,-0.05301,0.32753
0.0581,-0.05202,0.32733
0.05809,-0.05203,0.32743
0.05807,-0.05209,0.3276
0.0611,-0.05304,0.32761
0.06404,-0.05424,0.32779
0.06406,-0.0542,0.3277
0.06103,-0.0532,0.32785
0.05805,-0.05215,0.32768
0.06693,-0.05554,0.32778
0.06695,-0.05552,0.32769
0.06973,-0.05707,0.32774
0.0697,-0.05713,0.32791
0.06688,-0.05564,0.32794
0.06966,-0.05718,0.32799
0.07231,-0.05895,0.32801
0.0737,-0.06011,0.32805
0.07388,-0.06013,0.32793
0.07237,-0.05887,0.32784
0.07221,-0.05909,0.32813
0.07475,-0.061,0.32798
0.09246,-0.07788,0.32764
0.07458,-0.0612,0.32813
0.07345,-0.06007,0.32812
0.07336,-0.06019,0.32816
0.09226,-0.07809,0.32774
0.07445,-0.06133,0.32813
0.07327,-0.06034,0.32815
0.07215,-0.05917,0.32816
0.07204,-0.05932,0.32816
0.07334,-0.06051,0.32812
0.07198,-0.05939,0.32814
0.07333,-0.06072,0.32798
0.06942,-0.05756,0.32814
0.06938,-0.05764,0.32812
0.07188,-0.05952,0.32803
0.07427,-0.06151,0.328
0.09198,-0.07838,0.32753
0.07417,-0.06162,0.32774
0.07303,-0.06057,0.32786
0.07184,-0.05957,0.32795
0.07301,-0.06059,0.32776
0.07181,-0.05961,0.32786
0.07179,-0.05964,0.32767
0.0732,-0.06077,0.32762
0.07326,-0.06076,0.32745
0.07417,-0.06161,0.32755
0.07181,-0.05962,0.32749
0.0919,-0.07844,0.32724
0.07179,-0.05964,0.32758
0.09184,-0.07851,0.32753
0.09176,-0.07859,0.32764
0.09188,-0.07846,0.32708
0.09188,-0.07846,0.32739
0.07413,-0.06164,0.3278
0.07413,-0.06163,0.32749
0.07324,-0.06082,0.3277
0.09192,-0.07843,0.32708
0.09215,-0.0782,0.32771
0.09193,-0.07843,0.32739
0.09237,-0.07798,0.32771
0.09254,-0.07779,0.32753
0.09197,-0.07838,0.32694
0.07425,-0.06152,0.3273
0.09205,-0.07829,0.32683
0.07337,-0.06063,0.32724
0.07443,-0.06133,0.32716
0.07326,-0.06029,0.32717
0.07192,-0.05947,0.32726
0.07197,-0.0594,0.32721
0.07209,-0.05925,0.32717
0.06938,-0.05766,0.32719
0.06948,-0.0575,0.32715
0.06664,-0.05614,0.32714
0.06669,-0.05606,0.32711
0.06933,-0.05774,0.32724
0.0666,-0.05622,0.32719
0.06929,-0.0578,0.32731
0.06926,-0.05786,0.32739
0.06656,-0.05629,0.32726
0.06651,-0.05634,0.32745
0.06512,-0.05565,0.32731
0.06374,-0.05497,0.32717
0.06375,-0.05495,0.32727
0.06513,-0.05563,0.32741
0.06369,-0.05506,0.32735
0.06079,-0.05392,0.32726
0.0665,-0.0564,0.32751
0.06368,-0.05509,0.32744
0.06078,-0.05394,0.32735
0.06232,-0.05436,0.32713
0.05782,-0.05298,0.32726
0.05783,-0.05295,0.32717
0.05481,-0.05221,0.32716
0.05482,-0.05219,0.32707
0.05324,-0.05194,0.32711
0.05481,-0.0522,0.32734
0.05481,-0.05217,0.32744
0.05258,-0.05182,0.32734
0.0518,-0.05178,0.32728
0.05179,-0.0518,0.32718
0.05332,-0.05181,0.32686
0.05179,-0.05172,0.32692
0.05179,-0.05181,0.32707
0.05179,-0.05181,0.32713
0.00571,-0.05163,0.32728
0.00584,-0.05163,0.32728
0.00542,-0.0516,0.32732
0.00584,-0.05161,0.32712
0.00539,-0.05155,0.32754
0.00584,-0.05161,0.32743
0.0046,-0.05115,0.32709
0.00548,-0.05156,0.32708
0.00584,-0.05154,0.32698
0.0056,-0.05145,0.32691
0.00566,-0.05155,0.32703
0.00548,-0.05137,0.32687
0.00584,-0.05143,0.32687
0.05179,-0.05166,0.32684
0.05179,-0.0517,0.32688
0.05284,-0.05158,0.32673
0.05488,-0.05192,0.32678
0.05337,-0.05145,0.3267
0.0549,-0.05183,0.32675
0.0518,-0.0514,0.32669
0.05179,-0.0515,0.32672
0.05494,-0.05164,0.32675
0.05496,-0.05156,0.32677
0.05342,-0.05126,0.32673
0.05497,-0.05147,0.32681
0.05276,-0.05102,0.32681
0.05499,-0.05139,0.32687
0.0518,-0.05104,0.32675
0.0518,-0.05114,0.3267
0.0518,-0.0513,0.32668
0.0518,-0.05122,0.32669
0.00584,-0.05098,0.3268
0.00559,-0.05113,0.32679
0.00541,-0.05094,0.32685
0.00584,-0.05113,0.32678
0.00522,-0.05122,0.32686
0.00584,-0.05129,0.3268
0.00584,-0.05084,0.32687
0.00544,-0.0508,0.32692
0.00561,-0.05072,0.327
0.00584,-0.05073,0.32698
0.0518,-0.05096,0.32681
0.0518,-0.05084,0.32698
0.05292,-0.05094,0.32693
0.05268,-0.05086,0.3271
0.00584,-0.05065,0.32717
0.0518,-0.05082,0.32702
0.05501,-0.05123,0.32723
0.05304,-0.05089,0.32727
0.0518,-0.0508,0.32718
0.05501,-0.05128,0.32704
0.05501,-0.05124,0.32733
0.055,-0.05133,0.32695
0.05809,-0.05206,0.32714
0.05808,-0.05211,0.32705
0.05806,-0.05218,0.32697
0.05804,-0.05225,0.32691
0.055,-0.05126,0.32741
0.05342,-0.05102,0.32746
0.05499,-0.0513,0.3275
0.05496,-0.05144,0.32765
0.0534,-0.05111,0.32758
0.0518,-0.0511,0.32763
0.05338,-0.05124,0.32766
0.0518,-0.051,0.32758
0.05494,-0.05153,0.3277
0.05359,-0.05142,0.3277
0.0518,-0.05138,0.32766
0.05337,-0.05157,0.32769
0.0549,-0.05171,0.32774
0.05492,-0.05162,0.32773
0.05797,-0.0524,0.32783
0.05803,-0.05222,0.32775
0.061,-0.05329,0.3279
0.06097,-0.05338,0.32793
0.05794,-0.05249,0.32784
0.06394,-0.05445,0.32799
0.0639,-0.05453,0.32802
0.06398,-0.05436,0.32794
0.06681,-0.05578,0.32806
0.06676,-0.05587,0.32809
0.06952,-0.0574,0.32814
0.06672,-0.05596,0.3281
0.06664,-0.05612,0.32807
0.06386,-0.05462,0.32803
0.06383,-0.05471,0.32802
0.06094,-0.05347,0.32794
0.0609,-0.05355,0.32793
0.05789,-0.05266,0.32781
0.05787,-0.05275,0.32777
0.06085,-0.05372,0.32787
0.06379,-0.05479,0.328
0.0666,-0.05619,0.32803
0.06656,-0.05627,0.32797
0.06371,-0.05501,0.32782
0.06929,-0.05778,0.32801
0.06926,-0.05784,0.32794
0.06923,-0.05788,0.32785
0.06651,-0.05637,0.3278
0.06649,-0.05636,0.32763
0.06365,-0.05512,0.32778
0.06922,-0.05791,0.32775
0.06639,-0.05652,0.32786
0.06643,-0.05645,0.32779
0.06362,-0.0552,0.32783
0.06294,-0.05483,0.32777
0.06369,-0.05505,0.32771
0.06153,-0.05421,0.32772
0.06082,-0.0539,0.3277
0.06079,-0.05399,0.32775
0.06151,-0.05427,0.32776
0.06368,-0.05508,0.32763
0.06295,-0.05481,0.32776
0.06224,-0.05451,0.32774
0.06223,-0.05453,0.32775
0.06222,-0.05455,0.32777
0.06151,-0.05425,0.32775
0.06152,-0.05423,0.32773
0.06081,-0.05395,0.32773
0.06081,-0.05393,0.32771
0.05782,-0.05294,0.32754
0.05782,-0.05298,0.32735
0.06078,-0.05395,0.32744
0.0608,-0.05397,0.32774
0.06085,-0.05383,0.32763
0.06089,-0.05374,0.32747
0.06374,-0.05495,0.32754
0.06375,-0.05493,0.32745
0.0665,-0.05635,0.32754
0.06916,-0.05792,0.32762
0.06916,-0.05792,0.32753
0.07172,-0.05966,0.32761
0.07171,-0.05966,0.3277
0.06914,-0.05794,0.32771
0.0717,-0.05968,0.32779
0.06912,-0.05798,0.3278
0.06908,-0.05803,0.32788
0.07163,-0.05976,0.32796
0.07159,-0.05982,0.32802
0.06904,-0.05809,0.32795
0.06635,-0.0566,0.32791
0.06899,-0.05817,0.328
0.07153,-0.0599,0.32807
0.0663,-0.05668,0.32794
0.06894,-0.05825,0.32803
0.06353,-0.05537,0.32787
0.06621,-0.05685,0.32795
0.06072,-0.05417,0.32779
0.06349,-0.05545,0.32786
0.06346,-0.05553,0.32784
0.06066,-0.05434,0.32776
0.06063,-0.05442,0.32772
0.05775,-0.05346,0.32766
0.0578,-0.05329,0.32773
0.05773,-0.05354,0.3276
0.06058,-0.05456,0.32758
0.06342,-0.05561,0.3278
0.06336,-0.05575,0.32766
0.0577,-0.05365,0.32743
0.06056,-0.05461,0.32749
0.05771,-0.0536,0.32752
0.06609,-0.05707,0.32782
0.06606,-0.05713,0.32774
0.06333,-0.05582,0.32747
0.06055,-0.05464,0.3274
0.06056,-0.05464,0.32721
0.06333,-0.05583,0.32728
0.05769,-0.05369,0.32724
0.0577,-0.05369,0.32715
0.0577,-0.05367,0.32706
0.06057,-0.05462,0.32712
0.05773,-0.05357,0.32689
0.06063,-0.05445,0.32689
0.06067,-0.05437,0.32683
0.06347,-0.05557,0.32691
0.06343,-0.05565,0.32696
0.06618,-0.05696,0.32699
0.06627,-0.05679,0.32695
0.06351,-0.05548,0.32688
0.06074,-0.05419,0.32679
0.06355,-0.05539,0.32687
0.06636,-0.05663,0.32698
0.06359,-0.05531,0.32688
0.06366,-0.05515,0.32694
0.0664,-0.05655,0.32703
0.0608,-0.05402,0.32682
0.06077,-0.0541,0.3268
0.05786,-0.05313,0.32674
0.05788,-0.05305,0.32676
0.05778,-0.05341,0.32677
0.06083,-0.05394,0.32687
0.06086,-0.05386,0.32693
0.06369,-0.05508,0.327
0.06372,-0.05501,0.32708
0.06649,-0.05638,0.32725
0.06647,-0.05642,0.32716
0.06909,-0.05806,0.32717
0.06904,-0.05812,0.32711
0.07159,-0.05985,0.32719
0.07167,-0.05973,0.32733
0.06914,-0.05795,0.32734
0.07163,-0.05979,0.32725
0.07309,-0.06081,0.32736
0.0717,-0.05969,0.32742
0.07403,-0.06173,0.32728
0.074,-0.06176,0.32724
0.09183,-0.07851,0.32695
0.07281,-0.06078,0.32721
0.07295,-0.0606,0.32754
0.09175,-0.07859,0.32683
0.09165,-0.07869,0.32676
0.0739,-0.06186,0.32717
0.09155,-0.0788,0.32674
0.07276,-0.06085,0.32717
0.0738,-0.06198,0.32714
0.07256,-0.06087,0.32714
0.07148,-0.05999,0.32712
0.06895,-0.05827,0.32704
0.07143,-0.06007,0.32711
0.0689,-0.05835,0.32704
0.07131,-0.06022,0.32715
0.07258,-0.06107,0.32715
0.07369,-0.06209,0.32717
0.07287,-0.06154,0.32723
0.07352,-0.06227,0.32735
0.09135,-0.07901,0.32684
0.07273,-0.06165,0.32744
0.07121,-0.06036,0.32727
0.07126,-0.06029,0.3272
0.06875,-0.05859,0.32713
0.0688,-0.05851,0.32708
0.06613,-0.05704,0.32704
0.06604,-0.05719,0.32728
0.07115,-0.06044,0.32744
0.06865,-0.05874,0.32736
0.06603,-0.05721,0.32737
0.06863,-0.05876,0.32745
0.06862,-0.05876,0.32754
0.07113,-0.06046,0.32753
0.07267,-0.06165,0.32765
0.07113,-0.06045,0.32771
0.06863,-0.05875,0.32764
0.07115,-0.06043,0.32781
0.06864,-0.05872,0.32773
0.07121,-0.06033,0.32798
0.0687,-0.05862,0.3279
0.07284,-0.06175,0.32781
0.07279,-0.0616,0.32796
0.07357,-0.06223,0.328
0.09128,-0.0791,0.32754
0.07347,-0.06233,0.32774
0.07315,-0.06204,0.32778
0.07291,-0.06156,0.32806
0.0737,-0.0621,0.32812
0.09136,-0.07902,0.32765
0.07261,-0.06113,0.32813
0.07131,-0.0602,0.32808
0.07293,-0.06117,0.32815
0.07142,-0.06005,0.32811
0.09156,-0.07881,0.32774
0.07276,-0.06083,0.3281
0.07392,-0.06187,0.32812
0.09145,-0.07892,0.32772
0.09123,-0.07915,0.3274
0.09167,-0.07869,0.32772
0.09121,-0.07917,0.32724
0.07759,-0.06625,0.32769
0.08235,-0.07074,0.32757
0.09123,-0.07915,0.32709
0.07347,-0.06233,0.32756
0.09127,-0.07909,0.32695
0.07319,-0.06101,0.32803
0.07406,-0.06172,0.32798
0.07291,-0.06065,0.3279
0.07409,-0.06169,0.32794
0.06884,-0.05841,0.32803
0.06879,-0.05848,0.32801
0.06617,-0.05692,0.32792
0.06613,-0.057,0.32788
0.06602,-0.05721,0.32755
0.06337,-0.05577,0.32711
0.09144,-0.07891,0.32676
0.05782,-0.0532,0.32773
0.06076,-0.05408,0.32778
0.06082,-0.0538,0.3278
0.05791,-0.05289,0.32761
0.05482,-0.05212,0.32753
0.05271,-0.05175,0.3275
0.05483,-0.05206,0.32761
0.05485,-0.05198,0.32767
0.05486,-0.05189,0.32771
0.05332,-0.0517,0.32763
0.0518,-0.05159,0.32758
0.0518,-0.05163,0.32754
0.0518,-0.05145,0.32765
0.00584,-0.05129,0.32775
0.00584,-0.05143,0.32768
0.00553,-0.0514,0.32771
0.0056,-0.05144,0.32768
0.00584,-0.05154,0.32757
0.0518,-0.05175,0.32738
0.00531,-0.0512,0.32788
0.00584,-0.05113,0.32778
0.00584,-0.05098,0.32775
0.06921,-0.05792,0.32765
0.06923,-0.05789,0.32747
0.06962,-0.05725,0.32806
0.06401,-0.05429,0.32787
0.00584,-0.05084,0.32768
0.0518,-0.05087,0.32743
0.00584,-0.05066,0.32745
0.00556,-0.05066,0.32753
0.0518,-0.05082,0.32733
0.00584,-0.05064,0.32736
0.02882,-0.05163,0.32695
0.0518,-0.05187,0.32743
0.00571,-0.05166,0.32745
0.0055,-0.05163,0.32723
0.00544,-0.05164,0.32748
0.00571,-0.05173,0.32757
0.0518,-0.05189,0.32747
0.00571,-0.05166,0.32712
0.05179,-0.05184,0.32698
0.05299,-0.05193,0.32689
0.00571,-0.05173,0.32698
0.05336,-0.05191,0.32698
0.05336,-0.05188,0.32707
0.05179,-0.05196,0.32681
0.05179,-0.05204,0.32675
0.05335,-0.05203,0.32681
0.0057,-0.05184,0.32687
0.05338,-0.05219,0.32671
0.05179,-0.05214,0.3267
0.0057,-0.05198,0.3268
0.05179,-0.0523,0.32668
0.0057,-0.05205,0.32679
0.05332,-0.05238,0.32668
0.05179,-0.0524,0.32669
0.0057,-0.05213,0.32678
0.00547,-0.05213,0.32679
0.05369,-0.05263,0.32674
0.0057,-0.05243,0.32687
0.05292,-0.05246,0.32669
0.00537,-0.05237,0.32687
0.0057,-0.05229,0.3268
0.04055,-0.05239,0.32672
0.05236,-0.05243,0.32669
0.02875,-0.05235,0.32675
0.02903,-0.05236,0.32675
0.05179,-0.0527,0.32688
0.05329,-0.05273,0.32684
0.05179,-0.05272,0.32692
0.0057,-0.05254,0.32699
0.05369,-0.0529,0.32712
0.05179,-0.05277,0.32702
0.0057,-0.05262,0.3272
0.00552,-0.0526,0.32712
0.05179,-0.0528,0.32718
0.05285,-0.05282,0.32725
0.0057,-0.05262,0.32738
0.00529,-0.05259,0.32745
0.05179,-0.05277,0.32733
0.0057,-0.05261,0.32743
0.0057,-0.05254,0.32757
0.05299,-0.05272,0.3275
0.05179,-0.05255,0.3276
0.00547,-0.05244,0.32768
0.05288,-0.05261,0.32759
0.0057,-0.05243,0.32768
0.05234,-0.05258,0.3276
0.02902,-0.0525,0.32764
0.02875,-0.05249,0.32764
0.05483,-0.05287,0.3276
0.05329,-0.05282,0.32738
0.055,-0.05244,0.3267
0.06409,-0.05512,0.32728
0.06443,-0.05531,0.32724
0.06375,-0.05494,0.32732
0.06581,-0.056,0.32738
0.06478,-0.05548,0.3273
0.06374,-0.05496,0.32722
0.06478,-0.05546,0.32737
0.06444,-0.05528,0.32738
0.06513,-0.05564,0.32738
0.06409,-0.05512,0.3273
0.06582,-0.05599,0.32743
0.06512,-0.05565,0.32733
0.06953,-0.05742,0.32716
0.07214,-0.05917,0.32717
0.06957,-0.05734,0.32718
0.07219,-0.0591,0.3272
0.07225,-0.05903,0.32724
0.06966,-0.0572,0.32729
0.07362,-0.06011,0.32723
0.07229,-0.05897,0.3273
0.07233,-0.05892,0.32738
0.07376,-0.06001,0.32739
0.07236,-0.05888,0.32747
0.06972,-0.0571,0.32745
0.06973,-0.05707,0.32755
0.06974,-0.05706,0.32765
0.07238,-0.05885,0.32757
0.07364,-0.05984,0.32756
0.07239,-0.05885,0.32766
0.07386,-0.06,0.32767
0.07483,-0.06091,0.32754
0.09253,-0.07779,0.32694
0.0926,-0.07772,0.32724
0.09258,-0.07774,0.32708
0.09245,-0.07787,0.32683
0.09258,-0.07774,0.32739
0.07473,-0.06101,0.32728
0.09235,-0.07797,0.32676
0.0746,-0.06115,0.32716
0.09225,-0.07808,0.32674
0.07343,-0.06026,0.32716
0.09214,-0.07819,0.32676
0.07483,-0.06092,0.32779
0.07285,-0.05922,0.32783
0.09206,-0.0783,0.32764
0.0743,-0.06148,0.32805
0.00449,-0.05134,0.32903
0.00453,-0.05137,0.36908
0.00442,-0.05148,0.36908
0.00445,-0.05145,0.37148
0.00452,-0.05138,0.37148
0.00437,-0.05151,0.37148
0.00428,-0.0515,0.37194
0.0037,-0.05126,0.37189
0.00364,-0.05083,0.32904
0.00432,-0.05054,0.32915
0.00416,-0.05062,0.32915
0.00429,-0.05059,0.37147
0.00445,-0.05068,0.37147
0.00429,-0.05056,0.37175
0.00443,-0.05067,0.36908
0.00434,-0.04935,0.3731
0.00411,-0.04937,0.37305
0.004,-0.04926,0.37311
0.00414,-0.03887,0.37308
0.0041,-0.04409,0.37308
0.00406,-0.04931,0.37308
0.00407,-0.04406,0.37309
0.00424,-0.03887,0.37308
-0.00396,-0.0302,0.37314
-0.00317,-0.03014,0.37308
-0.00325,-0.03041,0.37319
-0.02637,-0.02978,0.37314
-0.01741,-0.02984,0.37312
-0.02189,-0.02979,0.37313
-0.04159,-0.02704,0.37286
-0.04153,-0.00885,0.37284
-0.04146,-0.00885,0.37298
-0.04155,-0.00885,0.37281
-0.04162,-0.00885,0.37275
-0.04162,-0.02704,0.37283
-0.04168,-0.02704,0.37277
-0.04172,-0.0275,0.37273
-0.0417,-0.02704,0.37275
-0.0417,-0.00885,0.3727
-0.04178,-0.00885,0.37266
-0.04175,-0.00823,0.37269
-0.04151,-0.01795,0.37334
-0.03752,-0.00301,0.37778
-0.03595,-0.00376,0.37776
-0.03608,-0.00307,0.37717
-0.03542,-0.00335,0.37756
-0.03601,-0.00342,0.37747
-0.04168,-0.02718,0.37175
-0.04176,-0.02719,0.37171
-0.02079,0.00538,0.37147
-0.02979,0.00541,0.37539
-0.02078,0.00452,0.37928
-0.03231,0.00233,0.37629
-0.0359,-0.00012,0.37398
-0.03483,-0.00057,0.37307
-0.03587,-0.0005,0.37342
-0.03583,-0.00089,0.37285
-0.0391,-0.0015,0.37343
-0.03856,-0.00062,0.37282
-0.04173,-0.0034,0.37227
-0.04065,-0.00153,0.37365
-0.04335,-0.00775,0.37225
-0.04119,-0.00247,0.37296
-0.04335,-0.00751,0.37194
-0.043,-0.00417,0.3728
-0.04384,-0.00701,0.37175
-0.04356,-0.00737,0.37176
-0.04351,-0.00777,0.3718
-0.04353,-0.00845,0.37184
-0.04335,-0.00784,0.37216
-0.04344,-0.00845,0.37212
-0.04348,-0.00845,0.37193
-0.04352,-0.02855,0.37224
-0.04353,-0.02855,0.37201
-0.04356,-0.02855,0.37196
-0.04355,-0.02907,0.37188
-0.0436,-0.02855,0.37187
-0.04368,-0.02855,0.37179
-0.0436,-0.00845,0.37177
-0.04369,-0.00845,0.37171
-0.04386,-0.00845,0.37165
-0.04384,-0.02855,0.37169
-0.04378,-0.02913,0.3717
-0.04393,-0.02855,0.37167
-0.04395,-0.02917,0.37168
-0.04411,-0.0292,0.37171
-0.04416,-0.02855,0.37169
-0.04394,-0.00845,0.37163
-0.04414,-0.00845,0.37169
-0.04413,-0.00765,0.37178
-0.04395,-0.00768,0.37169
-0.04423,-0.00845,0.37173
-0.04422,-0.00737,0.37195
-0.0443,-0.00845,0.37181
-0.04436,-0.00845,0.37189
-0.04431,-0.00763,0.37202
-0.04426,-0.00725,0.37221
-0.04438,-0.02854,0.37183
-0.04441,-0.00845,0.37197
-0.04444,-0.02914,0.37203
-0.0443,-0.02855,0.37176
-0.04448,-0.02854,0.372
-0.04423,-0.02922,0.37178
-0.04451,-0.02854,0.37216
-0.04443,-0.02925,0.3722
-0.04448,-0.02854,0.37232
-0.04441,-0.02924,0.37233
-0.04441,-0.02854,0.37246
-0.04433,-0.02921,0.37248
-0.04434,-0.02854,0.37253
-0.04434,-0.00845,0.37243
-0.04442,-0.00845,0.37225
-0.04438,-0.00845,0.37234
-0.04431,-0.00766,0.37233
-0.04424,-0.00769,0.37248
-0.04391,-0.00684,0.37271
-0.04433,-0.00764,0.3722
-0.04442,-0.00845,0.37206
-0.04415,-0.00774,0.37258
-0.04418,-0.00845,0.37256
-0.04401,-0.00775,0.37265
-0.04401,-0.00845,0.37262
-0.04417,-0.02854,0.37263
-0.04408,-0.02854,0.37265
-0.04393,-0.00845,0.37264
-0.0438,-0.02855,0.37261
-0.04359,-0.00759,0.37266
-0.04373,-0.00845,0.37259
-0.04383,-0.00779,0.37268
-0.04371,-0.02855,0.37256
-0.04365,-0.02906,0.37258
-0.04364,-0.02855,0.37249
-0.04364,-0.00845,0.37254
-0.04353,-0.00845,0.37243
-0.04343,-0.00787,0.37244
-0.04355,-0.00784,0.37258
-0.04351,-0.00845,0.37238
-0.04345,-0.00845,0.37221
-0.0434,-0.0081,0.37223
-0.04353,-0.02855,0.37232
-0.04349,-0.0185,0.37227
-0.04348,-0.02903,0.37234
-0.04345,-0.02903,0.37216
-0.04424,-0.02918,0.37258
-0.04377,-0.00771,0.37168
-0.03888,0.00196,0.37344
-0.0359,0.00262,0.37341
-0.03588,0.00163,0.37385
-0.04161,0.00499,0.37265
-0.04377,0.00732,0.37271
-0.04256,0.00448,0.37218
-0.03739,0.00229,0.37343
-0.0442,0.00738,0.37216
-0.04337,0.00628,0.37168
-0.04433,0.00818,0.37215
-0.04436,0.0089,0.37204
-0.0443,0.00818,0.37197
-0.0443,0.00819,0.37228
-0.04437,0.0089,0.37213
-0.04432,0.0089,0.37232
-0.0443,0.02899,0.37211
-0.04428,0.02899,0.3722
-0.0442,0.02969,0.37226
-0.04422,0.0297,0.37212
-0.04425,0.02899,0.3723
-0.04421,0.02899,0.37238
-0.04412,0.02966,0.3724
-0.04413,0.02899,0.37246
-0.04428,0.0089,0.37241
-0.04417,0.0089,0.37252
-0.04423,0.0082,0.37243
-0.04413,0.00823,0.37253
-0.04403,0.0089,0.37259
-0.04412,0.0089,0.37254
-0.0439,0.00825,0.37262
-0.04387,0.02899,0.37258
-0.04395,0.02899,0.37256
-0.04385,0.0089,0.37261
-0.04366,0.0089,0.37256
-0.04368,0.00829,0.3726
-0.04359,0.02899,0.37253
-0.04352,0.02974,0.37259
-0.04351,0.02899,0.37249
-0.04344,0.0295,0.3725
-0.04343,0.02899,0.37241
-0.04337,0.02899,0.37233
-0.04347,0.0089,0.37241
-0.04323,0.02971,0.37234
-0.04332,0.02899,0.37224
-0.04327,0.02947,0.37226
-0.0432,0.02971,0.37198
-0.04247,0.03068,0.37216
-0.04325,0.02947,0.37217
-0.04331,0.02899,0.37216
-0.04324,0.02947,0.37208
-0.0433,0.02899,0.37207
-0.04332,0.02899,0.37193
-0.04337,0.0089,0.37211
-0.04339,0.0089,0.372
-0.0434,0.0089,0.37227
-0.04333,0.0083,0.3721
-0.04336,0.00828,0.37196
-0.0433,0.00807,0.37227
-0.04335,0.00849,0.37227
-0.04353,0.00829,0.37252
-0.04336,0.01894,0.37226
-0.04343,0.00828,0.37182
-0.04355,0.0083,0.37171
-0.04347,0.0089,0.37182
-0.04335,0.02899,0.37188
-0.04347,0.02899,0.37171
-0.04355,0.0089,0.37174
-0.04358,0.0089,0.37171
-0.04351,0.02899,0.37168
-0.04356,0.02899,0.37166
-0.04372,0.0089,0.37164
-0.04367,0.00825,0.37165
-0.04365,0.02899,0.37161
-0.04373,0.02899,0.3716
-0.04389,0.0089,0.37162
-0.04385,0.00822,0.37162
-0.04372,0.00759,0.37165
-0.044,0.00823,0.37165
-0.04408,0.0089,0.37167
-0.04413,0.00819,0.37173
-0.04399,0.0089,0.37163
-0.04417,0.0089,0.37171
-0.04401,0.02899,0.37164
-0.04428,0.0089,0.37182
-0.04417,0.02899,0.37176
-0.04402,0.02967,0.3717
-0.04413,0.02969,0.37182
-0.04421,0.02899,0.37179
-0.04419,0.0297,0.37194
-0.04428,0.02899,0.37193
-0.04435,0.0089,0.37196
-0.04407,0.0302,0.37196
-0.04359,0.03022,0.37164
-0.04247,0.03222,0.3721
-0.04349,0.0308,0.37271
-0.04389,0.02963,0.37163
-0.04357,0.02957,0.37163
-0.04375,0.02961,0.3716
-0.04382,0.02899,0.37159
-0.04392,0.02899,0.3716
-0.04345,0.02953,0.37168
-0.04334,0.02951,0.3718
-0.04143,0.0321,0.37304
-0.04131,0.03254,0.37294
-0.04403,0.02963,0.3725
-0.04389,0.02951,0.37263
-0.04402,0.02955,0.37271
-0.0434,0.03137,0.37308
-0.04355,0.03014,0.37264
-0.04401,0.02883,0.37264
-0.04392,0.02883,0.37261
-0.04382,0.02883,0.37259
-0.04374,0.02949,0.3726
-0.04344,0.02962,0.37267
-0.0428,0.03034,0.3729
-0.04373,0.02883,0.3726
-0.04365,0.02883,0.37261
-0.04357,0.02944,0.37263
-0.04333,0.02938,0.3728
-0.0434,0.02883,0.37279
-0.04356,0.02883,0.37266
-0.04335,0.02883,0.37287
-0.04339,0.0084,0.37299
-0.04348,0.0084,0.37281
-0.04337,0.00775,0.37297
-0.04343,0.00771,0.37285
-0.04337,0.0084,0.37311
-0.0433,0.02883,0.37306
-0.04323,0.02935,0.37301
-0.04331,0.02883,0.37315
-0.04337,0.02883,0.37333
-0.04338,0.0084,0.37318
-0.04333,0.00775,0.37312
-0.04336,0.00776,0.3733
-0.04344,0.0084,0.37336
-0.04334,0.00776,0.37321
-0.04322,0.0068,0.37375
-0.0426,0.00499,0.37347
-0.04381,0.00774,0.37365
-0.04392,0.00706,0.3737
-0.04429,0.0066,0.3732
-0.04164,0.0045,0.37475
-0.04353,0.00777,0.37354
-0.04367,0.00775,0.37362
-0.04341,0.00747,0.37349
-0.04387,0.0084,0.37362
-0.04372,0.0084,0.37359
-0.04403,0.0084,0.37359
-0.04386,0.02883,0.37358
-0.0438,0.02883,0.37359
-0.04399,0.00772,0.37363
-0.04364,0.02883,0.37356
-0.0437,0.02943,0.3736
-0.04389,0.02947,0.37358
-0.04357,0.0294,0.37358
-0.04295,0.0308,0.3738
-0.04111,0.03257,0.37388
-0.04108,0.03223,0.37406
-0.04103,0.03185,0.37394
-0.04084,0.03171,0.3736
-0.04105,0.03186,0.3731
-0.04327,0.02959,0.37341
-0.04343,0.02937,0.3735
-0.04326,0.02934,0.37325
-0.04342,0.02883,0.37341
-0.0435,0.02883,0.37348
-0.04357,0.0084,0.37351
-0.04359,0.02883,0.37353
-0.04366,0.0084,0.37356
-0.0406,0.03179,0.37373
-0.0406,0.03176,0.37358
-0.0406,0.03178,0.37349
-0.00995,0.03174,0.37324
-0.00937,0.03172,0.37339
-0.0406,0.0318,0.3734
-0.00995,0.03167,0.37342
-0.00995,0.03165,0.37351
-0.00995,0.03168,0.37367
-0.00864,0.03186,0.37345
-0.00898,0.03183,0.37369
-0.00995,0.03174,0.37378
-0.0406,0.03186,0.37387
-0.00995,0.03175,0.37381
-0.00899,0.03187,0.37378
-0.00995,0.0318,0.37386
-0.00835,0.03204,0.3738
-0.00627,0.03392,0.37395
-0.003,0.03485,0.3736
-0.00904,0.0321,0.37397
-0.00902,0.03201,0.37393
-0.00995,0.03188,0.37393
-0.00995,0.03197,0.37397
-0.0406,0.03208,0.37404
-0.00995,0.03206,0.374
-0.0406,0.03211,0.37405
-0.0406,0.03226,0.37408
-0.00995,0.03215,0.37401
-0.00995,0.03231,0.37399
-0.0406,0.03244,0.37404
-0.0406,0.03253,0.37399
-0.00995,0.03243,0.37393
-0.00913,0.03246,0.37397
-0.00915,0.03255,0.37393
-0.00994,0.03245,0.37392
-0.00994,0.0325,0.37386
-0.0406,0.03256,0.37398
-0.0406,0.03261,0.37393
-0.0406,0.03268,0.37385
-0.0406,0.03272,0.37376
-0.04078,0.03273,0.37372
-0.00994,0.03261,0.37369
-0.00918,0.03269,0.37378
-0.00994,0.03264,0.3736
-0.0406,0.03275,0.37367
-0.0406,0.03276,0.37358
-0.00995,0.03265,0.37351
-0.0406,0.03274,0.37342
-0.04115,0.03269,0.37352
-0.04112,0.03256,0.37323
-0.0406,0.03268,0.3733
-0.0406,0.03267,0.37328
-0.00995,0.03256,0.37322
-0.00995,0.03263,0.37336
-0.00919,0.03273,0.37332
-0.00885,0.03286,0.37351
-0.00873,0.03271,0.37311
-0.00667,0.03335,0.37296
-0.00874,0.03274,0.37386
-0.00258,0.03732,0.37349
-0.00903,0.03228,0.373
-0.00913,0.03246,0.37304
-0.00904,0.0321,0.37304
-0.0085,0.03206,0.37315
-0.00995,0.0318,0.37316
-0.00902,0.03201,0.37309
-0.00899,0.03187,0.37324
-0.00995,0.03197,0.37305
-0.0406,0.03197,0.37317
-0.00995,0.032,0.37303
-0.0406,0.03208,0.37312
-0.00893,0.032,0.37293
-0.0095,0.03203,0.37305
-0.00982,0.03188,0.37293
-0.04081,0.03197,0.37298
-0.04081,0.03208,0.37304
-0.04081,0.03226,0.37308
-0.00982,0.03206,0.373
-0.00982,0.03186,0.37291
-0.04081,0.03191,0.37293
-0.04115,0.03179,0.37287
-0.04103,0.03171,0.37251
-0.04081,0.0318,0.37276
-0.00982,0.03167,0.37266
-0.00982,0.03173,0.37278
-0.04081,0.03177,0.37267
-0.04082,0.03178,0.37242
-0.00982,0.03165,0.37251
-0.00849,0.03184,0.37249
-0.00982,0.03166,0.37242
-0.00926,0.0317,0.37241
-0.00982,0.03174,0.37222
-0.00982,0.0318,0.37216
-0.04082,0.03186,0.37228
-0.0089,0.03186,0.37223
-0.04082,0.0318,0.37239
-0.00836,0.03207,0.37213
-0.00982,0.03186,0.3721
-0.00982,0.03188,0.37209
-0.00371,0.0341,0.37231
-0.00834,0.03235,0.37201
-0.00895,0.03209,0.37204
-0.00982,0.03197,0.37205
-0.00982,0.03206,0.37202
-0.00982,0.03215,0.37201
-0.04081,0.03217,0.37209
-0.04081,0.03211,0.3721
-0.04081,0.03208,0.37212
-0.04128,0.03212,0.37202
-0.04081,0.03235,0.37209
-0.04081,0.03226,0.37208
-0.04081,0.03244,0.37211
-0.04119,0.0327,0.37234
-0.04122,0.03178,0.37221
-0.04081,0.03253,0.37216
-0.04081,0.03275,0.37267
-0.04081,0.03275,0.37249
-0.04081,0.03272,0.37239
-0.04081,0.03272,0.37276
-0.04081,0.03268,0.3723
-0.00982,0.03244,0.3721
-0.00982,0.03257,0.37224
-0.00863,0.03272,0.37215
-0.00905,0.03253,0.37209
-0.00982,0.03261,0.37233
-0.00865,0.03249,0.37203
-0.00522,0.03442,0.37219
-0.00982,0.0323,0.37203
-0.00901,0.03235,0.37201
-0.00982,0.03224,0.37202
-0.00168,0.03738,0.37193
-0.00807,0.03304,0.37264
-0.00343,0.03578,0.37285
-0.00909,0.03272,0.37269
-0.00982,0.03265,0.37251
-0.00982,0.03264,0.37242
-0.00909,0.03272,0.37232
-0.00865,0.03272,0.37286
-0.00723,0.03285,0.37302
-0.00886,0.03228,0.37301
-0.00841,0.03203,0.37286
-0.00905,0.03253,0.37293
-0.00982,0.0325,0.37286
-0.00982,0.03242,0.37292
-0.04081,0.03267,0.37287
-0.00982,0.03256,0.3728
-0.04081,0.03253,0.37299
-0.04081,0.03235,0.37306
-0.00982,0.03233,0.37297
-0.00995,0.03215,0.37301
-0.00995,0.03224,0.37302
-0.0406,0.03226,0.37308
-0.04119,0.03232,0.37306
-0.0406,0.03244,0.37312
-0.0406,0.03261,0.37323
-0.00995,0.0325,0.37316
-0.00915,0.03255,0.37309
-0.00995,0.03233,0.37305
-0.04081,0.03268,0.37285
-0.00982,0.03263,0.37266
-0.00908,0.03267,0.37278
-0.00982,0.0318,0.37286
-0.00889,0.03181,0.37269
-0.00175,0.03842,0.3726
-0.00116,0.03738,0.37288
-0.00116,0.03923,0.37293
-0.00121,0.03997,0.37275
-0.00134,0.03965,0.37256
-0.00108,0.04075,0.37283
-0.00106,0.03995,0.3729
-0.00114,0.04075,0.37277
-0.0008,0.03976,0.37298
-0.00098,0.03994,0.37295
-0.001,0.04075,0.37289
-0.00089,0.04075,0.37295
-0.00091,0.04075,0.37294
-0.00105,0.04875,0.37282
-0.00098,0.04875,0.37288
-0.00112,0.04875,0.37274
-0.00106,0.04909,0.37277
-0.00119,0.04875,0.37256
-0.00122,0.04075,0.37257
-0.0012,0.04875,0.37247
-0.00121,0.04935,0.37227
-0.00067,0.05023,0.37223
-0.00123,0.05014,0.37136
-0.00117,0.04903,0.37218
-0.00117,0.04875,0.37229
-0.00111,0.04875,0.37217
-0.001,0.04878,0.37206
-0.00089,0.04875,0.37201
-0.00097,0.04958,0.37136
-0.00114,0.04075,0.37218
-0.00103,0.04075,0.37207
-0.00121,0.03996,0.37221
-0.0012,0.04075,0.3723
-0.00119,0.03952,0.3721
-0.00101,0.03949,0.372
-0.00107,0.03995,0.37206
-0.00101,0.04075,0.37206
-0.00092,0.04075,0.37202
-0.00089,0.04075,0.372
-0.00089,0.03992,0.37199
-0.00084,0.04874,0.37199
-0.00071,0.04875,0.37197
-0.00054,0.04893,0.37191
-0.00062,0.04875,0.37198
-0.00073,0.04075,0.37198
-0.00064,0.04075,0.37199
-0.00083,0.03939,0.37198
-0.00061,0.03918,0.37208
-0.00061,0.03989,0.37201
-0.00036,0.03934,0.37248
-0.00046,0.04075,0.37206
-0.00044,0.03987,0.37212
-0.00036,0.04874,0.37212
-0.00044,0.04075,0.37207
-0.00052,0.04875,0.37201
-0.00032,0.04075,0.3722
-0.00027,0.04075,0.37229
-0.0003,0.04874,0.37217
-0.00033,0.03985,0.37229
-0.00026,0.04075,0.37232
-0.00024,0.04874,0.37228
-0.00023,0.04075,0.37248
-0.00023,0.04874,0.37231
-0.00021,0.04923,0.3721
-0.00057,0.04951,0.37136
-0.0002,0.04995,0.37124
-0.00041,0.04923,0.37281
-0.00022,0.04874,0.37256
-0.00022,0.04874,0.37238
-0.00026,0.04075,0.37263
-0.00025,0.04075,0.37257
-0.00023,0.04874,0.37262
-0.00035,0.04875,0.37282
-0.00032,0.04075,0.37275
-0.00027,0.04075,0.37266
-0.00033,0.03985,0.37266
-0.00053,0.03928,0.37283
-0.00044,0.04075,0.37288
-0.00052,0.03988,0.3729
-0.00058,0.04075,0.37295
-0.00041,0.04875,0.37287
-0.00061,0.03989,0.37294
-0.00061,0.04875,0.37295
-0.00081,0.04892,0.37295
-0.0007,0.04875,0.37297
-0.00082,0.04075,0.37296
-0.00043,0.04977,0.37078
-0.0003,0.04989,0.37077
-0.00053,0.0497,0.37093
-0.00024,0.05,0.37077
-0.00023,0.05003,0.37077
-0.0002,0.05018,0.37084
-0.00022,0.05027,0.37077
-0.00027,0.05039,0.37125
-0.00021,0.05018,0.36896
-0.00022,0.05027,0.36896
-0.00023,0.05003,0.36896
-0.00031,0.05,0.32902
-0.00031,0.05019,0.32881
-0.00031,0.05021,0.32902
-0.0004,0.04994,0.32851
-0.00053,0.05065,0.32837
-0.00033,0.05031,0.32902
-0.0003,0.05048,0.36896
-0.00043,0.05047,0.32902
-0.00023,0.05034,0.36896
-0.00024,0.05037,0.37077
-0.00029,0.05046,0.37077
-0.00041,0.05059,0.36896
-0.00041,0.05059,0.37077
-0.00051,0.05062,0.37112
-0.00055,0.05066,0.36896
-0.00055,0.05066,0.37077
-0.0007,0.05069,0.37076
-0.00096,0.0506,0.37124
-0.00086,0.05066,0.37077
-0.00093,0.0506,0.3711
-0.00105,0.05054,0.37078
-0.00112,0.05046,0.37078
-0.00086,0.05071,0.36896
-0.00086,0.05066,0.36896
-0.00088,0.05065,0.37077
-0.00091,0.05063,0.37094
-0.00087,0.05065,0.36987
-0.00093,0.05066,0.32892
-0.00113,0.05049,0.32902
-0.001,0.05059,0.36896
-0.00087,0.05063,0.32903
-0.00073,0.05064,0.32892
-0.0008,0.05068,0.34894
-0.0012,0.05043,0.32902
-0.00111,0.05048,0.36896
-0.00127,0.05026,0.32902
-0.00175,0.05068,0.32805
-0.00244,0.05088,0.32761
-0.00206,0.05121,0.32777
-0.00164,0.05155,0.32732
-0.00129,0.04997,0.32837
-0.00197,0.05057,0.32711
-0.00237,0.05064,0.32732
-0.00244,0.05074,0.32749
-0.00133,0.05016,0.32881
-0.00252,0.05093,0.32762
-0.00259,0.05098,0.32764
-0.04855,0.0509,0.32756
-0.00259,0.05073,0.32746
-0.0025,0.05109,0.32766
-0.00259,0.05114,0.32766
-0.04855,0.0512,0.32775
-0.05034,0.05142,0.3278
-0.05013,0.05125,0.32775
-0.04855,0.05115,0.32774
-0.02557,0.05107,0.32769
-0.04855,0.05138,0.32775
-0.04976,0.05107,0.32767
-0.05017,0.05102,0.32755
-0.05171,0.05144,0.32775
-0.05174,0.05131,0.3276
-0.05169,0.05153,0.3278
-0.05478,0.05223,0.32786
-0.05167,0.05163,0.32783
-0.05475,0.05231,0.32791
-0.05472,0.05241,0.32794
-0.05165,0.05172,0.32784
-0.05012,0.05158,0.32778
-0.05163,0.05181,0.32783
-0.05007,0.0517,0.32772
-0.05467,0.05259,0.32794
-0.0516,0.05198,0.32777
-0.05465,0.05267,0.32792
-0.05772,0.05338,0.32805
-0.05766,0.05356,0.32805
-0.06058,0.05471,0.32815
-0.06055,0.05479,0.32813
-0.05763,0.05364,0.32803
-0.06339,0.05612,0.32821
-0.06335,0.0562,0.32816
-0.06051,0.05487,0.32808
-0.06331,0.05627,0.3281
-0.06329,0.05633,0.32802
-0.06041,0.05512,0.32791
-0.05755,0.05387,0.32785
-0.06314,0.05653,0.328
-0.06044,0.05505,0.32784
-0.06037,0.0552,0.32796
-0.05751,0.05408,0.3279
-0.05758,0.05391,0.32782
-0.06326,0.05638,0.32793
-0.06042,0.05509,0.32787
-0.06183,0.05573,0.32785
-0.06599,0.05789,0.32799
-0.06597,0.05792,0.32789
-0.06322,0.05641,0.32785
-0.06589,0.05795,0.32786
-0.06325,0.05635,0.32768
-0.06047,0.055,0.32776
-0.06597,0.05792,0.3278
-0.06323,0.05638,0.32776
-0.06856,0.05962,0.32764
-0.06599,0.0579,0.32762
-0.06326,0.05635,0.32759
-0.06854,0.05965,0.32782
-0.06326,0.05635,0.32763
-0.06592,0.05792,0.32768
-0.06324,0.05638,0.32739
-0.06051,0.05493,0.32749
-0.0605,0.05494,0.32758
-0.06045,0.05507,0.32748
-0.06047,0.05503,0.32739
-0.06325,0.05636,0.32749
-0.0605,0.05497,0.3273
-0.06187,0.05568,0.32735
-0.05755,0.05393,0.32738
-0.05757,0.05389,0.3273
-0.05766,0.05373,0.32731
-0.05766,0.05372,0.3275
-0.05765,0.05376,0.32721
-0.06048,0.05502,0.32721
-0.05759,0.05383,0.32722
-0.05765,0.05367,0.3271
-0.06053,0.0549,0.32725
-0.06332,0.0563,0.3274
-0.06336,0.05623,0.32733
-0.06601,0.05786,0.32753
-0.06604,0.05781,0.32745
-0.06056,0.05482,0.3272
-0.0634,0.05615,0.32728
-0.06608,0.05774,0.32739
-0.06867,0.05948,0.32741
-0.06613,0.05767,0.32734
-0.06862,0.05954,0.32748
-0.07013,0.06064,0.3274
-0.06872,0.05941,0.32736
-0.07112,0.0614,0.32734
-0.07001,0.0603,0.32733
-0.0888,0.0783,0.32703
-0.071,0.06153,0.32746
-0.06999,0.06072,0.32757
-0.08864,0.07846,0.32759
-0.08865,0.07845,0.32751
-0.08873,0.07839,0.32773
-0.08873,0.07838,0.32714
-0.08865,0.07844,0.32743
-0.08881,0.07831,0.32784
-0.08891,0.07821,0.32791
-0.08921,0.07788,0.32784
-0.08912,0.07798,0.32791
-0.0889,0.0782,0.32696
-0.08901,0.0781,0.32793
-0.08864,0.07845,0.32735
-0.08864,0.07846,0.32728
-0.07088,0.06164,0.32764
-0.0842,0.07425,0.32737
-0.08859,0.07851,0.32714
-0.07532,0.06584,0.32755
-0.06991,0.06085,0.32754
-0.07089,0.06163,0.32769
-0.07089,0.06163,0.3277
-0.0697,0.06061,0.3277
-0.06996,0.06077,0.32778
-0.07088,0.06164,0.32766
-0.07532,0.06584,0.32757
-0.07976,0.07005,0.32746
-0.07089,0.06164,0.32767
-0.07532,0.06584,0.32758
-0.07887,0.06921,0.3275
-0.07799,0.06836,0.32753
-0.07089,0.06163,0.32789
-0.06976,0.0606,0.32791
-0.07533,0.06584,0.32777
-0.07977,0.07004,0.32757
-0.06856,0.05962,0.32801
-0.07093,0.06162,0.32795
-0.06978,0.06058,0.32801
-0.07008,0.06073,0.32813
-0.06859,0.05958,0.32811
-0.07102,0.06152,0.32816
-0.07012,0.06057,0.32826
-0.06863,0.05953,0.32818
-0.07115,0.06139,0.32828
-0.07002,0.0603,0.32831
-0.06873,0.05939,0.32829
-0.06884,0.05925,0.32832
-0.06622,0.05749,0.3283
-0.06618,0.05757,0.32829
-0.06604,0.05779,0.32816
-0.06343,0.05604,0.32823
-0.06351,0.05588,0.32823
-0.06065,0.05454,0.32815
-0.06062,0.05463,0.32816
-0.06356,0.05579,0.3282
-0.06069,0.05445,0.32812
-0.06632,0.05733,0.32826
-0.06637,0.05725,0.32821
-0.06896,0.0591,0.32828
-0.06364,0.05564,0.32808
-0.06641,0.05719,0.32814
-0.06901,0.05902,0.32823
-0.07021,0.06008,0.32828
-0.06906,0.05896,0.32817
-0.07045,0.06012,0.32821
-0.07011,0.0602,0.32832
-0.07133,0.0612,0.32829
-0.07137,0.06116,0.32828
-0.0712,0.06134,0.32829
-0.0715,0.06101,0.32814
-0.0706,0.06005,0.32801
-0.0691,0.05891,0.32809
-0.07159,0.06092,0.32789
-0.08934,0.07775,0.32759
-0.07009,0.05956,0.32784
-0.06912,0.05888,0.328
-0.06648,0.05708,0.32789
-0.06647,0.0571,0.32798
-0.0637,0.05553,0.32783
-0.06369,0.05555,0.32792
-0.06082,0.05418,0.32775
-0.06079,0.05424,0.32792
-0.05784,0.05308,0.32782
-0.06073,0.05437,0.32807
-0.05779,0.05321,0.32797
-0.05785,0.05304,0.32774
-0.05482,0.05209,0.32771
-0.05787,0.05302,0.32765
-0.05485,0.05203,0.32754
-0.05176,0.05125,0.32743
-0.05485,0.05203,0.32745
-0.05176,0.05124,0.32733
-0.05017,0.05095,0.32737
-0.04855,0.05083,0.32742
-0.04855,0.05081,0.32735
-0.04855,0.05082,0.32716
-0.05005,0.05092,0.32716
-0.05176,0.05128,0.32714
-0.04967,0.05095,0.32702
-0.0026,0.05066,0.32701
-0.04855,0.05085,0.32707
-0.04951,0.05103,0.3269
-0.05175,0.05133,0.32705
-0.04855,0.05097,0.3269
-0.0026,0.05073,0.32687
-0.00236,0.05072,0.32688
-0.00183,0.05081,0.32684
-0.0026,0.05084,0.32676
-0.00217,0.05094,0.32673
-0.00197,0.05123,0.32674
-0.00097,0.05066,0.32733
-0.04855,0.0514,0.32678
-0.00259,0.05114,0.32666
-0.00259,0.05129,0.32669
-0.00235,0.05113,0.32668
-0.00224,0.05137,0.32675
-0.00259,0.05143,0.32676
-0.00236,0.05145,0.32679
-0.04855,0.0515,0.32681
-0.04855,0.05146,0.32679
-0.04959,0.05159,0.32682
-0.04855,0.05171,0.32697
-0.05007,0.05181,0.32695
-0.05013,0.05145,0.32679
-0.05168,0.05174,0.32684
-0.05166,0.05183,0.32685
-0.05164,0.05193,0.32688
-0.05162,0.05201,0.32693
-0.05,0.05194,0.3272
-0.05158,0.05205,0.32712
-0.04855,0.05173,0.32701
-0.00259,0.05154,0.32687
-0.04855,0.05185,0.32706
-0.02551,0.05176,0.32704
-0.00246,0.05166,0.32701
-0.00223,0.05157,0.32697
-0.00226,0.05163,0.32712
-0.00188,0.05164,0.32698
-0.00217,0.05161,0.3272
-0.00246,0.05164,0.32716
-0.02551,0.05174,0.32711
-0.04855,0.05183,0.32742
-0.01782,0.05172,0.32735
-0.00246,0.05166,0.32732
-0.04855,0.05182,0.32734
-0.03703,0.05177,0.3273
-0.04855,0.0519,0.32756
-0.00219,0.05165,0.32737
-0.04934,0.05182,0.32743
-0.04126,0.0518,0.32741
-0.03319,0.05177,0.32738
-0.05011,0.05195,0.32753
-0.05008,0.05187,0.32735
-0.04855,0.05194,0.3276
-0.00246,0.05173,0.32746
-0.00212,0.05174,0.32756
-0.00221,0.05189,0.32763
-0.00178,0.05191,0.32788
-0.00246,0.05184,0.32757
-0.00173,0.05142,0.32753
-0.00149,0.05122,0.32813
-0.04991,0.05203,0.32766
-0.04855,0.05215,0.32774
-0.05009,0.05217,0.32773
-0.04855,0.0522,0.32775
-0.00246,0.05198,0.32764
-0.00237,0.05209,0.32766
-0.00246,0.05214,0.32766
-0.00196,0.05224,0.32772
-0.04855,0.0523,0.32776
-0.05033,0.05247,0.32777
-0.05027,0.05234,0.32777
-0.00246,0.05229,0.32764
-0.00174,0.05243,0.32762
-0.04855,0.05256,0.32769
-0.04963,0.05261,0.32768
-0.00246,0.05243,0.32757
-0.00223,0.05245,0.32756
-0.04855,0.05264,0.32763
-0.00246,0.05254,0.32746
-0.00211,0.05257,0.32739
-0.04855,0.05279,0.32737
-0.04974,0.05273,0.32759
-0.05159,0.05287,0.32769
-0.04976,0.05282,0.32742
-0.05001,0.05286,0.32714
-0.05407,0.0534,0.3271
-0.02581,0.05271,0.32735
-0.04915,0.05281,0.32739
-0.00246,0.05261,0.32732
-0.05176,0.05245,0.3268
-0.05279,0.05235,0.32767
-0.05045,0.05264,0.32683
-0.05466,0.05297,0.32691
-0.05464,0.05305,0.32687
-0.05461,0.05314,0.32685
-0.0547,0.05282,0.32705
-0.05468,0.05289,0.32697
-0.05471,0.05278,0.32714
-0.05471,0.05275,0.32724
-0.05471,0.05274,0.32733
-0.05343,0.05287,0.32738
-0.05446,0.05367,0.32717
-0.05445,0.05369,0.32725
-0.05445,0.0537,0.32735
-0.05445,0.05369,0.32744
-0.05449,0.05357,0.327
-0.05451,0.0535,0.32693
-0.05454,0.05341,0.32688
-0.05456,0.05332,0.32685
-0.05446,0.05366,0.32754
-0.05447,0.05361,0.32763
-0.0545,0.05347,0.32777
-0.05453,0.05338,0.32781
-0.05455,0.0533,0.32783
-0.05457,0.05321,0.32784
-0.0546,0.05312,0.32783
-0.05756,0.05402,0.32694
-0.05753,0.05411,0.32692
-0.05749,0.05419,0.32691
-0.05746,0.05428,0.32692
-0.06035,0.05531,0.327
-0.06027,0.05548,0.32701
-0.06303,0.05679,0.32709
-0.06311,0.05664,0.32712
-0.06042,0.05515,0.32707
-0.06045,0.05508,0.32713
-0.06319,0.05649,0.32722
-0.05761,0.05387,0.32705
-0.06316,0.05656,0.32716
-0.06571,0.05828,0.32719
-0.0658,0.05813,0.32726
-0.06839,0.05979,0.3274
-0.06584,0.05806,0.32732
-0.06829,0.05993,0.3273
-0.06974,0.06092,0.32737
-0.06587,0.058,0.32739
-0.06845,0.0597,0.32757
-0.07066,0.06187,0.32732
-0.08851,0.07859,0.32703
-0.07079,0.06174,0.32744
-0.07055,0.06198,0.3273
-0.06932,0.06088,0.32729
-0.08841,0.07869,0.32695
-0.07045,0.06209,0.32732
-0.0883,0.0788,0.32693
-0.0882,0.07891,0.32695
-0.07042,0.06212,0.32734
-0.0881,0.07902,0.32702
-0.06934,0.06107,0.3273
-0.06971,0.06158,0.32737
-0.06818,0.06007,0.32726
-0.06813,0.06015,0.32727
-0.06555,0.05852,0.32722
-0.06566,0.05835,0.32718
-0.06807,0.06023,0.3273
-0.06289,0.05704,0.32718
-0.06293,0.05696,0.32713
-0.0655,0.05859,0.32727
-0.06801,0.0603,0.32735
-0.06797,0.06036,0.32742
-0.06949,0.06161,0.32752
-0.07023,0.06233,0.32764
-0.08803,0.0791,0.32713
-0.07031,0.06224,0.32746
-0.06942,0.06166,0.3278
-0.06789,0.06046,0.32767
-0.0679,0.06044,0.32758
-0.06793,0.06041,0.3275
-0.06538,0.05876,0.32759
-0.0654,0.05874,0.3275
-0.06278,0.05722,0.3275
-0.06279,0.0572,0.32741
-0.06282,0.05716,0.32732
-0.06546,0.05866,0.32734
-0.0601,0.05581,0.32732
-0.06012,0.05578,0.32723
-0.06285,0.05711,0.32724
-0.05731,0.05465,0.32733
-0.06009,0.05583,0.32741
-0.06008,0.05584,0.3275
-0.05731,0.05464,0.32751
-0.06008,0.05583,0.3276
-0.06009,0.0558,0.32769
-0.06281,0.05714,0.32787
-0.06278,0.05721,0.32769
-0.06011,0.05575,0.32778
-0.06288,0.05701,0.32801
-0.06539,0.05873,0.32788
-0.06538,0.05876,0.32778
-0.06538,0.05877,0.32768
-0.06788,0.06047,0.32776
-0.0679,0.06043,0.32796
-0.06959,0.06176,0.32796
-0.06797,0.06034,0.32813
-0.06806,0.0602,0.32823
-0.06545,0.05863,0.32804
-0.06949,0.06152,0.32816
-0.06554,0.05849,0.32815
-0.06292,0.05693,0.32806
-0.06296,0.05685,0.32808
-0.06021,0.05554,0.32797
-0.06025,0.05546,0.32799
-0.05744,0.05426,0.3279
-0.06014,0.05569,0.32786
-0.05735,0.0545,0.32778
-0.05738,0.05442,0.32784
-0.05747,0.05417,0.32791
-0.06033,0.05529,0.32799
-0.06305,0.05669,0.32808
-0.0631,0.05661,0.32805
-0.06301,0.05677,0.32809
-0.06569,0.05825,0.32817
-0.06583,0.05803,0.32802
-0.06828,0.0599,0.32822
-0.06564,0.05834,0.32818
-0.06817,0.06006,0.32826
-0.06811,0.06013,0.32826
-0.06559,0.05841,0.32817
-0.0696,0.06134,0.32828
-0.0705,0.06206,0.32828
-0.08821,0.07893,0.32791
-0.07036,0.0622,0.3282
-0.06968,0.06117,0.3283
-0.08831,0.07881,0.32793
-0.06951,0.06084,0.32825
-0.07063,0.06192,0.32828
-0.08842,0.0787,0.32791
-0.08797,0.07917,0.32743
-0.08798,0.07915,0.32727
-0.08798,0.07916,0.32758
-0.08803,0.07911,0.32772
-0.08811,0.07903,0.32783
-0.07067,0.06188,0.32827
-0.08852,0.0786,0.32784
-0.08859,0.07852,0.32772
-0.07022,0.06234,0.32771
-0.07084,0.0617,0.32809
-0.07081,0.06173,0.32814
-0.07008,0.06095,0.328
-0.0842,0.07426,0.32766
-0.06845,0.05969,0.32794
-0.07005,0.06087,0.32783
-0.06994,0.06102,0.32819
-0.06839,0.05977,0.32811
-0.06847,0.05966,0.32776
-0.06591,0.05793,0.32777
-0.06847,0.05967,0.32767
-0.08421,0.07424,0.3275
-0.07024,0.06232,0.32799
-0.07022,0.06234,0.32789
-0.05733,0.05456,0.3277
-0.05732,0.05461,0.32761
-0.05734,0.05458,0.32715
-0.05736,0.05453,0.32707
-0.06018,0.05565,0.32709
-0.05739,0.05446,0.327
-0.05742,0.05437,0.32695
-0.06022,0.05557,0.32704
-0.06322,0.05643,0.3273
-0.0659,0.05796,0.32749
-0.05463,0.05302,0.3278
-0.05465,0.05294,0.32775
-0.0576,0.05384,0.32775
-0.05467,0.05286,0.32768
-0.05613,0.05339,0.32775
-0.05459,0.0529,0.32774
-0.05157,0.05218,0.32754
-0.05753,0.05395,0.32756
-0.05457,0.05298,0.32755
-0.05156,0.05222,0.32735
-0.05157,0.05213,0.32763
-0.05457,0.05299,0.32745
-0.04946,0.05175,0.32759
-0.05462,0.05275,0.32788
-0.04855,0.05164,0.32763
-0.00259,0.05154,0.32746
-0.00235,0.05144,0.32756
-0.04855,0.0516,0.32767
-0.00259,0.05143,0.32757
-0.00259,0.05129,0.32764
-0.05157,0.05221,0.32725
-0.05158,0.05219,0.32717
-0.05459,0.05296,0.32728
-0.05159,0.05215,0.32708
-0.05754,0.05395,0.32747
-0.06043,0.0551,0.32766
-0.05902,0.05445,0.3278
-0.05763,0.05378,0.32767
-0.05469,0.0528,0.3276
-0.0547,0.05276,0.32751
-0.05765,0.05374,0.32759
-0.04963,0.05272,0.32695
-0.04855,0.05267,0.32693
-0.00246,0.05243,0.32676
-0.04968,0.05246,0.32678
-0.04855,0.0525,0.32681
-0.00212,0.05237,0.32675
-0.00179,0.05241,0.32686
-0.00204,0.05219,0.3267
-0.00246,0.05229,0.32669
-0.04855,0.05241,0.32678
-0.00246,0.05214,0.32666
-0.00205,0.05194,0.32673
-0.00086,0.0519,0.32725
-0.00223,0.05213,0.32668
-0.00208,0.05181,0.3268
-0.00042,0.05153,0.32874
-0.00185,0.05257,0.3273
-0.00077,0.05069,0.32852
-0.00037,0.05132,0.32848
-0.00033,0.05112,0.32856
-0.00049,0.05078,0.3286
-0.00097,0.05069,0.32866
-0.00071,0.05068,0.36896
-0.00075,0.05067,0.32872
-0.00073,0.05067,0.34884
-0.00071,0.05068,0.36095
-0.00073,0.05067,0.34484
-0.0007,0.05069,0.37135
-0.00055,0.05071,0.36896
-0.00082,0.0507,0.36896
-0.00072,0.05067,0.35294
-0.00063,0.0507,0.36896
-0.00074,0.05069,0.36896
-0.00072,0.05066,0.34494
-0.00075,0.05067,0.35294
-0.00073,0.05065,0.33693
-0.00078,0.0507,0.36896
-0.00069,0.05062,0.32902
-0.00076,0.05066,0.33893
-0.00064,0.05067,0.32892
-0.00054,0.05071,0.32892
-0.00046,0.05076,0.32892
-0.00041,0.05078,0.36896
-0.0005,0.05054,0.32902
-0.0003,0.05089,0.36896
-0.00055,0.05071,0.37135
-0.00041,0.05078,0.37135
-0.00061,0.0507,0.37135
-0.0004,0.05071,0.37172
-0.00019,0.05114,0.37197
-0.00026,0.04974,0.37382
-0.00057,0.05025,0.3724
-0.00105,0.05071,0.37181
-0.00024,0.051,0.37135
-0.00035,0.05084,0.37135
-0.00104,0.05116,0.37284
-0.00119,0.05126,0.37185
-0.0011,0.0509,0.37136
-0.00105,0.05084,0.37136
-0.00117,0.05104,0.37136
-0.00088,0.05073,0.37136
-0.00102,0.05153,0.3718
-0.00105,0.05154,0.37135
-0.00116,0.05137,0.37135
-0.00117,0.05134,0.37136
-0.0012,0.05119,0.37136
-0.0012,0.05119,0.36896
-0.00118,0.05134,0.36896
-0.00128,0.05107,0.32892
-0.00118,0.05103,0.36896
-0.00134,0.0512,0.32865
-0.00127,0.05128,0.32892
-0.00112,0.0515,0.32892
-0.00118,0.05144,0.32892
-0.00116,0.05137,0.36896
-0.00111,0.05148,0.36896
-0.00088,0.05165,0.36896
-0.00104,0.05157,0.32894
-0.00086,0.05166,0.36896
-0.00088,0.05165,0.37135
-0.00095,0.05161,0.32893
-0.00099,0.05159,0.37135
-0.0008,0.05163,0.32893
-0.0007,0.05169,0.36896
-0.00061,0.05167,0.37135
-0.00052,0.05165,0.36896
-0.00075,0.05166,0.37177
-0.00075,0.05163,0.32892
-0.00069,0.05162,0.32892
-0.00051,0.05165,0.37135
-0.00041,0.05159,0.36896
-0.00056,0.05157,0.32892
-0.0004,0.05159,0.37135
-0.00036,0.05153,0.37181
-0.00029,0.05148,0.37135
-0.00035,0.05154,0.37135
-0.0003,0.05148,0.36896
-0.00023,0.05134,0.36896
-0.00022,0.05134,0.37135
-0.0002,0.05119,0.37135
-0.0002,0.05118,0.36896
-0.00021,0.0511,0.37135
-0.00031,0.05099,0.32892
-0.00025,0.05119,0.34894
-0.00026,0.05117,0.34885
-0.0003,0.05119,0.32892
-0.00031,0.05116,0.32874
-0.00024,0.051,0.36896
-0.00032,0.05099,0.32881
-0.00035,0.0509,0.32892
-0.00031,0.05129,0.32892
-0.00042,0.05146,0.32892
-0.00126,0.05097,0.32892
-0.00117,0.051,0.36896
-0.00112,0.05091,0.36896
-0.00122,0.05088,0.32892
-0.00111,0.05089,0.36896
-0.00109,0.05073,0.32892
-0.001,0.05078,0.36896
-0.00089,0.05072,0.36896
-0.00129,0.05106,0.32882
-0.00102,0.04974,0.3738
-0.00088,0.04946,0.37297
-0.00119,0.04938,0.37338
-0.0012,0.04938,0.37347
-0.00114,0.04948,0.3732
-0.00111,0.05006,0.37357
-0.00119,0.04938,0.37356
-0.00121,0.0413,0.37357
-0.00122,0.0413,0.37339
-0.00135,0.04011,0.37348
-0.00115,0.0413,0.37321
-0.00116,0.04938,0.37329
-0.0012,0.04048,0.37321
-0.00123,0.03998,0.37313
-0.00123,0.03998,0.37383
-0.00119,0.0413,0.37366
-0.0012,0.04048,0.37375
-0.00113,0.0413,0.37319
-0.001,0.0413,0.37306
-0.00105,0.04938,0.37312
-0.001,0.04938,0.37306
-0.00088,0.04938,0.37301
-0.00088,0.0413,0.373
-0.00079,0.04938,0.37298
-0.00082,0.0413,0.37299
-0.00086,0.0402,0.37297
-0.00097,0.04045,0.37301
-0.00106,0.04046,0.37306
-0.00073,0.0413,0.37298
-0.00064,0.0413,0.37299
-0.00059,0.04055,0.37301
-0.00079,0.03861,0.37303
-0.00061,0.04938,0.37298
-0.00055,0.04938,0.37299
-0.0007,0.04938,0.37297
-0.00031,0.04952,0.37306
-0.00021,0.04938,0.37338
-0.00028,0.04938,0.37319
-0.0002,0.04938,0.37347
-0.00035,0.04938,0.37312
-0.00052,0.04938,0.37301
-0.00046,0.0413,0.37306
-0.00044,0.0413,0.37307
-0.00052,0.04039,0.37306
-0.00044,0.04039,0.37313
-0.00037,0.04038,0.37321
-0.00038,0.0413,0.37313
-0.00033,0.04037,0.37329
-0.00029,0.04037,0.37348
-0.00027,0.0413,0.3733
-0.00024,0.0413,0.37339
-0.00023,0.0413,0.37348
-0.00025,0.0413,0.37363
-0.00022,0.04938,0.37362
-0.00032,0.0413,0.37377
-0.00037,0.04038,0.37375
-0.00038,0.0413,0.37383
-0.00044,0.04039,0.37383
-0.00065,0.03911,0.3738
-0.00046,0.0413,0.37389
-0.00035,0.04938,0.37382
-0.00052,0.04938,0.37393
-0.00055,0.0413,0.37394
-0.00029,0.04938,0.37376
-0.0007,0.04938,0.37397
-0.00061,0.04041,0.37395
-0.00064,0.0413,0.37396
-0.00088,0.04938,0.37393
-0.00088,0.04534,0.37394
-0.00088,0.0413,0.37396
-0.00073,0.0413,0.37398
-0.00082,0.03989,0.37398
-0.00104,0.03886,0.37399
-0.00107,0.03961,0.37396
-0.00088,0.04044,0.37397
-0.00091,0.0413,0.37394
-0.001,0.0413,0.3739
-0.00099,0.04938,0.37387
-0.00105,0.04938,0.37382
-0.00084,0.04958,0.37393
-0.00087,0.04539,0.37394
-0.00086,0.04948,0.37393
-0.00112,0.04938,0.37374
-0.00116,0.04938,0.37365
-0.00114,0.0413,0.37375
-0.00113,0.0413,0.37377
-0.00106,0.04046,0.3739
-0.00279,0.03609,0.37354
-0.00079,0.05068,0.35294
-0.00078,0.05067,0.34794
-0.00083,0.05069,0.35895
-0.00091,0.05069,0.34887
-0.00095,0.05067,0.32879
-0.00092,0.05068,0.33886
-0.0009,0.05068,0.34894
-0.0255,0.0527,0.32734
-0.00246,0.05264,0.32716
-0.00208,0.0526,0.32707
-0.00222,0.05259,0.32697
-0.00246,0.05261,0.32701
-0.04855,0.05278,0.32711
-0.04855,0.05273,0.32701
-0.04855,0.0528,0.32726
-0.00246,0.05254,0.32687
-0.00246,0.05184,0.32676
-0.04855,0.05205,0.32684
-0.00246,0.05173,0.32687
-0.04975,0.05193,0.32698
-0.05011,0.05191,0.32707
-0.0501,0.05203,0.3269
-0.05014,0.05219,0.3268
-0.04855,0.05222,0.32677
-0.05008,0.05238,0.32677
-0.04855,0.0523,0.32676
-0.00246,0.05198,0.32669
-0.00246,0.05206,0.32667
-0.05011,0.05188,0.32717
-0.05465,0.05279,0.32704
-0.05467,0.0527,0.32699
-0.05473,0.05252,0.32695
-0.05772,0.05349,0.32706
-0.05768,0.05358,0.32707
-0.0606,0.05473,0.32717
-0.06064,0.05464,0.32716
-0.06344,0.05606,0.32725
-0.06349,0.05598,0.32724
-0.06071,0.05448,0.32719
-0.06353,0.05589,0.32725
-0.06623,0.0575,0.3273
-0.06628,0.05742,0.3273
-0.06884,0.05925,0.32732
-0.07019,0.06026,0.32732
-0.0689,0.05918,0.32733
-0.07118,0.06133,0.32732
-0.089,0.07808,0.32693
-0.07131,0.0612,0.32731
-0.07019,0.06009,0.32735
-0.06895,0.05911,0.32735
-0.07148,0.06102,0.32744
-0.07136,0.06115,0.32733
-0.0703,0.05996,0.32746
-0.069,0.05904,0.3274
-0.06905,0.05898,0.32746
-0.06641,0.05721,0.32743
-0.06637,0.05727,0.32737
-0.06357,0.05582,0.32727
-0.06367,0.05561,0.32746
-0.06074,0.0544,0.32723
-0.06077,0.05433,0.3273
-0.0578,0.05324,0.32713
-0.05783,0.05316,0.3272
-0.05475,0.05243,0.32696
-0.0548,0.05226,0.32702
-0.05778,0.05332,0.32709
-0.05775,0.05341,0.32707
-0.05171,0.05156,0.32687
-0.0517,0.05165,0.32685
-0.05018,0.05127,0.32682
-0.05174,0.0514,0.32697
-0.04855,0.05104,0.32684
-0.04855,0.05115,0.32679
-0.04855,0.0513,0.32676
-0.04855,0.05122,0.32678
-0.00259,0.05098,0.32669
-0.05484,0.05212,0.32716
-0.05482,0.05218,0.32709
-0.05485,0.05207,0.32725
-0.05786,0.05305,0.32736
-0.05785,0.0531,0.32727
-0.0608,0.05426,0.32737
-0.06082,0.05422,0.32746
-0.06369,0.05556,0.32755
-0.06371,0.05552,0.32774
-0.06083,0.05418,0.32766
-0.05787,0.05302,0.32746
-0.06647,0.05711,0.3276
-0.06649,0.05708,0.3277
-0.06649,0.05707,0.3278
-0.06912,0.05888,0.32763
-0.06914,0.05885,0.32782
-0.07039,0.05985,0.32772
-0.07159,0.06092,0.3277
-0.07158,0.06092,0.32765
-0.07051,0.06002,0.32755
-0.08921,0.07787,0.32703
-0.06909,0.05892,0.32754
-0.06645,0.05715,0.32751
-0.08929,0.0778,0.32773
-0.08935,0.07773,0.32743
-0.08933,0.07774,0.32728
-0.08911,0.07797,0.32696
-0.04894,0.05182,0.32742
-0.04106,0.0518,0.3274
-0.04855,0.05183,0.3272
-0.04855,0.05182,0.32738
-0.02551,0.05173,0.32725
-0.02551,0.05173,0.32722
-0.04855,0.05182,0.32727
-0.04855,0.05184,0.32713
-0.03127,0.05176,0.32717
-0.01398,0.05168,0.32721
-0.02551,0.05174,0.32715
-0.01398,0.05169,0.32714
-0.03127,0.05177,0.32714
-0.03703,0.0518,0.32709
-0.04279,0.05181,0.32718
-0.00082,0.04969,0.32861
-0.0008,0.0497,0.36896
-0.00064,0.04966,0.32902
-0.00101,0.04969,0.32902
-0.00104,0.04973,0.32875
-0.00095,0.04966,0.32902
-0.00062,0.0497,0.36896
-0.00086,0.04971,0.36896
-0.00086,0.04971,0.37078
-0.00074,0.04968,0.37093
-0.00061,0.0497,0.37078
-0.0009,0.0497,0.37102
-0.001,0.04978,0.37078
-0.001,0.04978,0.36896
-0.00106,0.04984,0.36896
-0.0012,0.04984,0.32902
-0.00111,0.04989,0.36896
-0.00105,0.04984,0.37078
-0.00111,0.04989,0.37078
-0.00116,0.04999,0.37091
-0.00117,0.05,0.36896
-0.00117,0.05001,0.37078
-0.00118,0.05003,0.37078
-0.00118,0.05003,0.36896
-0.0012,0.05018,0.37084
-0.00126,0.04996,0.32902
-0.00128,0.05006,0.32902
-0.00121,0.05019,0.36896
-0.00117,0.05037,0.36896
-0.00119,0.05028,0.37078
-0.00055,0.04971,0.36896
-0.00053,0.04971,0.32902
-0.00041,0.04978,0.36896
-0.0003,0.04989,0.36896
-0.00035,0.04992,0.32902
-0.00046,0.04977,0.32902
-0.00032,0.04998,0.32902
-0.0026,0.05064,0.32716
-0.00259,0.05065,0.32725
-0.00259,0.05066,0.32732
-0.07533,0.06584,0.32781
-0.08864,0.07846,0.32755
-0.08421,0.07424,0.32755
-0.07977,0.07005,0.32772
-0.08865,0.07845,0.32747
-0.07977,0.07005,0.32774
-0.07977,0.07004,0.32766
-0.07977,0.07004,0.32768
-0.08421,0.07425,0.3276
-0.08643,0.07635,0.32755
-0.08421,0.07424,0.32756
-0.07977,0.07004,0.32755
-0.08865,0.07845,0.32739
-0.08509,0.07509,0.32736
-0.08864,0.07846,0.32731
-0.07533,0.06584,0.32763
-0.08154,0.07173,0.32745
-0.07976,0.07004,0.32751
-0.07444,0.065,0.32762
-0.08199,0.07215,0.32747
-0.08687,0.07677,0.32738
-0.08509,0.07509,0.32738
-0.00125,0.03997,0.3723
-0.00123,0.04075,0.37248
-0.04082,0.03191,0.37223
-0.04082,0.03199,0.37216
-0.0406,0.03191,0.37323
-0.00892,0.03235,0.37401
-0.0406,0.03191,0.37393
-0.04411,0.02954,0.37341
-0.04395,0.02883,0.37356
-0.04404,0.02883,0.37352
-0.04419,0.02956,0.37326
-0.0442,0.02883,0.37339
-0.04409,0.02883,0.37349
-0.04421,0.02957,0.37313
-0.04427,0.02883,0.37324
-0.04425,0.02883,0.3733
-0.04437,0.0084,0.37314
-0.0443,0.02883,0.37309
-0.04435,0.0084,0.37327
-0.04437,0.0084,0.37312
-0.04433,0.00764,0.37318
-0.0443,0.00766,0.37331
-0.04423,0.00768,0.37346
-0.04414,0.00776,0.37355
-0.04427,0.0084,0.37342
-0.0442,0.0084,0.37349
-0.04411,0.0084,0.37355
-0.04432,0.00764,0.37309
-0.04435,0.0084,0.37296
-0.04424,0.00764,0.37286
-0.04423,0.02883,0.37285
-0.0443,0.0084,0.37287
-0.04429,0.02883,0.37302
-0.0442,0.02957,0.37304
-0.04413,0.02957,0.37282
-0.0441,0.02883,0.37269
-0.0442,0.02883,0.37279
-0.04425,0.0084,0.37279
-0.04417,0.0084,0.37271
-0.04413,0.00763,0.37276
-0.04401,0.00763,0.37269
-0.04403,0.0084,0.37264
-0.04385,0.00765,0.37265
-0.04399,0.0084,0.37263
-0.04387,0.0084,0.37261
-0.04375,0.00777,0.37265
-0.04363,0.0084,0.37268
-0.04357,0.00763,0.37272
-0.03605,0.00154,0.37758
-0.03593,0.0026,0.37734
-0.03844,0.00193,0.37758
-0.04284,0.00428,0.37416
-0.0354,0.00218,0.37753
-0.03599,0.00207,0.37746
-0.04405,0.02899,0.37252
-0.04409,0.02899,0.37249
-0.04344,-0.00795,0.3731
-0.04346,-0.00758,0.37295
-0.04384,-0.00731,0.37272
-0.04374,-0.0075,0.37271
-0.04387,-0.00795,0.37265
-0.0444,-0.02911,0.37332
-0.04439,-0.02838,0.37348
-0.00155,-0.04889,0.37251
-0.00099,-0.03976,0.37308
-0.0009,-0.03975,0.37305
-0.00069,-0.05028,0.32915
-0.00075,-0.0504,0.32915
-0.00121,-0.04957,0.37091
-0.00133,-0.04963,0.36909
-0.00156,-0.05001,0.3712
-0.00156,-0.05,0.37154
-0.00156,-0.05005,0.37091
-0.00155,-0.05013,0.37091
-0.00156,-0.05005,0.36909
-0.00165,-0.05013,0.32915
-0.0026,-0.05154,0.3271
-0.00296,-0.05151,0.327
-0.04892,-0.05136,0.32714
-0.00296,-0.05158,0.32714
-0.00252,-0.05157,0.32737
-0.00296,-0.0516,0.3273
-0.04892,-0.05146,0.32727
-0.05037,-0.05157,0.32734
-0.04892,-0.05145,0.32739
-0.00296,-0.05158,0.32745
-0.04892,-0.05134,0.3271
-0.06365,-0.05588,0.32782
-0.0689,-0.05915,0.32792
-0.06888,-0.05918,0.32777
-0.06982,-0.05987,0.32782
-0.06921,-0.05939,0.3279
-0.07048,-0.06035,0.32799
-0.07051,-0.06043,0.32816
-0.07133,-0.06111,0.32805
-0.07132,-0.06111,0.3278
-0.07131,-0.06113,0.32777
-0.07028,-0.0603,0.32767
-0.07123,-0.06121,0.3276
-0.07128,-0.06117,0.32825
-0.07038,-0.0605,0.32835
-0.06885,-0.05921,0.32818
-0.06994,-0.06032,0.32841
-0.06881,-0.05926,0.32826
-0.06876,-0.05932,0.32833
-0.06625,-0.05754,0.32817
-0.06615,-0.05768,0.32829
-0.0661,-0.05777,0.32832
-0.06865,-0.05947,0.32841
-0.06854,-0.05962,0.32841
-0.06605,-0.05785,0.32833
-0.06889,-0.05916,0.32796
-0.06889,-0.05916,0.32787
-0.06982,-0.05986,0.32787
-0.06889,-0.05917,0.32782
-0.0692,-0.0594,0.32785
-0.06952,-0.05962,0.32788
-0.06951,-0.05963,0.32784
-0.0692,-0.05941,0.3278
-0.06951,-0.05964,0.32779
-0.06088,-0.05451,0.32781
-0.06089,-0.05449,0.32773
-0.05804,-0.05329,0.32764
-0.05804,-0.05329,0.32755
-0.05507,-0.05239,0.32774
-0.05801,-0.05335,0.32781
-0.05505,-0.05245,0.32782
-0.07163,-0.06081,0.32845
-0.07053,-0.05968,0.32848
-0.06932,-0.05866,0.32847
-0.06668,-0.05692,0.32844
-0.06673,-0.05684,0.32841
-0.06943,-0.05851,0.32839
-0.07088,-0.0596,0.32836
-0.06948,-0.05845,0.32832
-0.07063,-0.05956,0.32844
-0.07183,-0.0606,0.32842
-0.08967,-0.07733,0.32811
-0.08957,-0.07744,0.32813
-0.08977,-0.07722,0.32804
-0.07197,-0.06045,0.32825
-0.08984,-0.07714,0.32793
-0.07098,-0.05949,0.32816
-0.08989,-0.07709,0.32779
-0.07202,-0.06039,0.32805
-0.0899,-0.07707,0.32763
-0.08989,-0.07709,0.32748
-0.08946,-0.07755,0.32811
-0.08929,-0.07773,0.32793
-0.07149,-0.06096,0.32836
-0.07146,-0.06099,0.32832
-0.0892,-0.0778,0.32771
-0.001,-0.05058,0.32915
-0.00097,-0.05057,0.36909
-0.00091,-0.05057,0.37149
-0.00097,-0.05056,0.37149
-0.00115,-0.0506,0.32905
-0.00105,-0.04941,0.37408
-0.00143,-0.04115,0.37388
-0.00136,-0.04115,0.37395
-0.00147,-0.05075,0.37149
-0.00148,-0.05079,0.37149
-0.00156,-0.05101,0.37186
-0.00153,-0.05143,0.32907
-0.00136,-0.05146,0.36909
-0.00132,-0.05158,0.32907
-0.06064,-0.05501,0.32813
-0.05484,-0.05325,0.32768
-0.00319,-0.04416,0.31778
-0.00598,-0.04391,0.31955
-0.00426,-0.045,0.31827
-0.00565,-0.04575,0.31806
-0.0073,-0.04395,0.31533
-0.00568,-0.0449,0.31779
-0.00499,-0.04483,0.31586
-0.0051,-0.04556,0.31571
-0.00617,-0.04538,0.31641
-0.00324,-0.0439,0.31506
-0.00389,-0.04582,0.31697
-0.00461,-0.04519,0.31822
-0.00398,-0.04561,0.3173
-0.00444,-0.04673,0.31807
-0.00392,-0.04655,0.31687
-0.00508,-0.04627,0.3183
-0.00448,-0.04621,0.31587
-0.0048,-0.04562,0.31602
-0.00261,-0.04388,0.31525
-0.00407,-0.04541,0.31762
-0.00449,-0.04569,0.31634
-0.00564,-0.04547,0.31606
-0.00432,-0.04686,0.3156
-0.00417,-0.04521,0.31795
-0.00419,-0.04575,0.31665
-0.00477,-0.04578,0.31751
-0.00531,-0.04556,0.31811
-0.00468,-0.04528,0.31699
-0.00591,-0.04543,0.31623
-0.00554,-0.04526,0.31703
-0.00638,-0.04593,0.31647
-0.00578,-0.04566,0.31765
-0.00631,-0.04661,0.31701
-0.00569,-0.04695,0.31576
-0.00564,-0.04735,0.31819
-0.00631,-0.04755,0.31661
-0.00396,-0.04723,0.31759
-0.00407,-0.04779,0.31778
-0.00595,-0.04815,0.31783
-0.00379,-0.04819,0.31719
-0.00642,-0.04818,0.31624
-0.00488,-0.04874,0.31833
-0.0057,-0.04873,0.31587
-0.00636,-0.04908,0.31733
-0.00413,-0.04884,0.31625
-0.00378,-0.04915,0.31744
-0.00425,-0.04966,0.31599
-0.00503,-0.04993,0.31832
-0.00381,-0.04982,0.3171
-0.00567,-0.04977,0.31588
-0.00638,-0.04984,0.31726
-0.00475,-0.04803,0.3157
-0.00432,-0.04724,0.31595
-0.0049,-0.04513,0.31765
-0.00496,-0.04537,0.31817
-0.00893,-0.04384,0.31714
-0.00591,-0.04557,0.31723
-0.0093,-0.04384,0.31643
-0.0096,-0.04414,0.31644
-0.00962,-0.04369,0.29897
-0.01003,-0.04437,0.31786
-0.0116,-0.04413,0.31844
-0.01263,-0.04382,0.31874
-0.00089,-0.04384,0.34183
-0.0126,-0.04381,0.33052
-0.00549,-0.04558,0.29783
-0.0046,-0.04574,0.29735
-0.00235,-0.04413,0.29753
-0.00637,-0.04542,0.29832
-0.00656,-0.04391,0.30094
-0.01298,-0.04386,0.29192
-0.01037,-0.04419,0.30191
-0.00963,-0.04415,0.30375
-0.00547,-0.04559,0.29897
-0.00457,-0.04577,0.29962
-0.00427,-0.0457,0.29907
-0.00557,-0.04549,0.29838
-0.00748,-0.0439,0.29967
-0.00338,-0.04396,0.30078
-0.00398,-0.04564,0.29852
-0.00639,-0.04595,0.29857
-0.00534,-0.04643,0.29968
-0.0039,-0.04626,0.29892
-0.00413,-0.04567,0.29879
-0.00502,-0.04568,0.29929
-0.0029,-0.04689,0.29862
-0.00442,-0.04574,0.29934
-0.00623,-0.04687,0.29943
-0.00592,-0.0455,0.29864
-0.00477,-0.04557,0.29845
-0.00593,-0.0455,0.29807
-0.00444,-0.04571,0.29764
-0.00575,-0.04616,0.29739
-0.00462,-0.0466,0.29718
-0.00623,-0.04701,0.29763
-0.00421,-0.04736,0.29767
-0.00533,-0.04729,0.29708
-0.00614,-0.04763,0.29909
-0.00622,-0.04685,0.29919
-0.00607,-0.04773,0.29766
-0.00504,-0.04729,0.29973
-0.00401,-0.04698,0.29871
-0.00396,-0.04746,0.29922
-0.00417,-0.04793,0.29922
-0.00529,-0.04889,0.2997
-0.00386,-0.04872,0.29885
-0.00632,-0.04832,0.29913
-0.00432,-0.04804,0.29734
-0.00588,-0.04853,0.29738
-0.00429,-0.04885,0.2976
-0.00592,-0.04906,0.29737
-0.00402,-0.04962,0.29904
-0.00419,-0.04953,0.29757
-0.0065,-0.04941,0.29841
-0.00414,-0.05005,0.29765
-0.00577,-0.04997,0.29737
-0.00558,-0.04968,0.29969
-0.00642,-0.05007,0.29866
-0.00521,-0.05011,0.29991
-0.00531,-0.04688,0.29688
-0.00586,-0.04685,0.31828
-0.01186,-0.04686,0.29743
-0.00931,-0.04686,0.3003
-0.00604,-0.04547,0.31682
-0.00509,-0.04686,0.31694
-0.00116,-0.04687,0.31853
-0.00967,-0.04683,0.32008
-0.00901,-0.04444,0.31905
-0.04779,-0.0467,0.31935
-0.0135,-0.04862,0.32116
0.0039,-0.04689,0.31866
0.01175,-0.04691,0.31898
0.01033,-0.04691,0.3211
0.00367,-0.04913,0.32112
-0.01044,-0.04937,0.32115
-0.00339,-0.04925,0.32113
-0.01342,-0.04876,0.32116
-0.00042,-0.04687,0.31972
-0.01046,-0.04938,0.32172
-0.01049,-0.05425,0.32116
-0.0105,-0.0542,0.32195
-0.01156,-0.04996,0.32286
0.00367,-0.04913,0.32214
0.00014,-0.04919,0.32113
0.00367,-0.04913,0.32282
-0.00578,-0.04931,0.32227
-0.00692,-0.04931,0.32114
-0.0105,-0.0494,0.32285
-0.00339,-0.04925,0.32199
0.00367,-0.04913,0.3218
-0.00578,-0.04931,0.32284
-0.01048,-0.04939,0.32228
-0.00105,-0.04922,0.3217
-0.01005,-0.04683,0.32316
-0.01002,-0.04442,0.32321
0.01296,-0.04691,0.32315
0.01293,-0.04451,0.32316
0.01463,-0.04917,0.3228
0.00719,-0.04449,0.32318
0.01329,-0.04949,0.3228
0.00688,-0.04925,0.32168
0.01008,-0.04937,0.32281
0.00367,-0.04913,0.32146
0.00649,-0.04914,0.32111
-0.00105,-0.04922,0.32283
0.01008,-0.04937,0.32224
0.00688,-0.04925,0.32281
0.0079,-0.04915,0.32196
0.01071,-0.04916,0.3211
0.00367,-0.04913,0.32248
0.01212,-0.04916,0.3211
0.06401,-0.04935,0.32099
0.05229,-0.04931,0.32101
0.01713,-0.04918,0.32109
0.02806,-0.04922,0.32107
0.00508,-0.04914,0.32112
0.05104,-0.0493,0.32102
0.0165,-0.04918,0.32109
0.0079,-0.04915,0.32111
0.02509,-0.04921,0.32107
0.0128,-0.04753,0.32296
0.01403,-0.05015,0.3211
0.0093,-0.04915,0.32111
0.00917,-0.0498,0.32111
0.03221,-0.04924,0.32106
0.01276,-0.04949,0.3211
0.0129,-0.04938,0.32223
0.01251,-0.04927,0.32167
0.02885,-0.04922,0.32106
0.01462,-0.04917,0.3211
0.03807,-0.04926,0.32104
0.02049,-0.04919,0.32108
0.01467,-0.05047,0.3211
0.01402,-0.04982,0.3211
0.01337,-0.04917,0.3211
0.01464,-0.0495,0.3211
0.01588,-0.04918,0.32109
0.01339,-0.04982,0.3211
0.04508,-0.05025,0.32103
0.01528,-0.05015,0.32109
0.03977,-0.04926,0.32274
0.01585,-0.04956,0.32279
0.04345,-0.04976,0.32242
0.02845,-0.04922,0.32192
0.04057,-0.04927,0.32104
0.0104,-0.04916,0.3211
0.02174,-0.0492,0.32108
0.01589,-0.0495,0.32109
0.0159,-0.04983,0.32109
0.01466,-0.05037,0.3228
0.01651,-0.04951,0.32109
0.01588,-0.04692,0.32303
0.01494,-0.04861,0.32285
0.0498,-0.04937,0.32272
0.03703,-0.0493,0.32275
0.05315,-0.0494,0.32271
0.02091,-0.04919,0.32278
0.04365,-0.04984,0.32273
0.0272,-0.04922,0.32277
0.02782,-0.04809,0.32288
0.03349,-0.04924,0.32276
0.03997,-0.04929,0.32274
0.04646,-0.04933,0.32273
0.04312,-0.0493,0.32274
0.01556,-0.04749,0.32297
0.03451,-0.04816,0.32287
0.04529,-0.04703,0.32345
0.0506,-0.04822,0.32287
0.04805,-0.04704,0.32302
0.03801,-0.0452,0.32342
0.04539,-0.04463,0.32355
0.04371,-0.04673,0.33038
0.04503,-0.04702,0.32983
0.01365,-0.0445,0.3303
0.04397,-0.04461,0.32949
0.04405,-0.04462,0.32894
0.04412,-0.04462,0.32839
0.04476,-0.04462,0.32597
0.04524,-0.04701,0.3372
0.04541,-0.04461,0.33692
0.04408,-0.04461,0.33176
0.04406,-0.04461,0.33164
0.04404,-0.04461,0.33153
0.04372,-0.04702,0.33064
0.04394,-0.04461,0.33042
0.03053,-0.04456,0.33465
0.01542,-0.0445,0.33581
0.0156,-0.0445,0.33667
0.03709,-0.04458,0.33301
0.0232,-0.04453,0.33595
0.01701,-0.0445,0.33777
0.01625,-0.0445,0.33742
0.03015,-0.04456,0.33451
0.04405,-0.04461,0.33159
0.03711,-0.04458,0.33309
0.04407,-0.04461,0.3317
0.03015,-0.04456,0.33448
0.01644,-0.0445,0.33751
0.01595,-0.0469,0.33756
0.0454,-0.04461,0.33709
0.04528,-0.04701,0.33705
0.05318,-0.04929,0.33773
0.01278,-0.04689,0.33773
0.01716,-0.04916,0.33781
0.04823,-0.04702,0.33759
0.04327,-0.04958,0.33793
0.06783,-0.05178,0.3377
0.06369,-0.04729,0.33763
0.04387,-0.04994,0.33775
0.06784,-0.04934,0.3377
0.07421,-0.0453,0.33754
0.03981,-0.04924,0.33776
0.05071,-0.04815,0.33766
0.01442,-0.0469,0.33708
0.01466,-0.04915,0.33782
0.03517,-0.04922,0.33777
0.05844,-0.04829,0.33768
0.05395,-0.04794,0.33766
0.04947,-0.04759,0.33763
0.06895,-0.0463,0.33759
0.06045,-0.04751,0.33764
0.05194,-0.04872,0.3377
0.05859,-0.04666,0.33759
0.06184,-0.04645,0.33758
0.05473,-0.04659,0.33758
0.05333,-0.04766,0.33764
0.06308,-0.04701,0.33762
0.06771,-0.04573,0.33755
0.04769,-0.05286,0.33945
0.04748,-0.05401,0.33795
0.05906,-0.05281,0.33772
0.05786,-0.04754,0.33934
0.06165,-0.05614,0.33774
0.05945,-0.05221,0.33942
0.06783,-0.05201,0.3377
0.06783,-0.05223,0.3377
0.06215,-0.05343,0.33772
0.06048,-0.05356,0.33942
0.06151,-0.05491,0.33942
-0.01174,-0.05681,0.33959
0.04508,-0.05701,0.33946
0.06403,-0.05708,0.33942
0.06781,-0.0571,0.33771
0.06569,-0.05715,0.34005
0.06405,-0.04933,0.33941
0.06188,-0.05338,0.33942
0.05315,-0.05705,0.33774
-0.06492,-0.05662,0.338
-0.05227,-0.05667,0.33797
0.01463,-0.05691,0.33783
-0.01035,-0.05471,0.33788
0.03495,-0.05698,0.33906
-0.02221,-0.05677,0.33897
-0.03268,-0.05674,0.33836
0.06162,-0.05429,0.33942
0.06062,-0.05506,0.33943
0.0072,-0.05688,0.33954
0.06486,-0.05712,0.33974
0.03933,-0.05699,0.33862
-0.01345,-0.0549,0.33789
-0.0232,-0.05677,0.33833
0.03179,-0.05697,0.33907
0.02896,-0.05696,0.33928
0.02614,-0.05695,0.3395
0.00271,-0.05686,0.3387
-0.00045,-0.05685,0.33871
0.00588,-0.05688,0.3387
-0.03201,-0.05674,0.33878
-0.05544,-0.05666,0.33798
-0.05163,-0.05667,0.3384
-0.05676,-0.05436,0.33798
-0.05887,-0.05385,0.33798
-0.04455,-0.04934,0.33794
-0.05729,-0.0515,0.33801
-0.05652,-0.05193,0.3397
-0.05729,-0.05461,0.33969
-0.06262,-0.05686,0.34002
-0.05908,-0.05306,0.33968
-0.04858,-0.0535,0.33966
-0.04858,-0.05358,0.33796
-0.04421,-0.04925,0.33965
-0.0397,-0.05369,0.33964
-0.01271,-0.0549,0.33959
-0.05746,-0.05474,0.33969
-0.03016,-0.05516,0.33962
-0.05657,-0.05187,0.33968
-0.0445,-0.04932,0.33846
-0.04849,-0.05371,0.33796
-0.02192,-0.05407,0.3396
-0.01304,-0.05426,0.33959
-0.02621,-0.05429,0.33961
-0.03937,-0.05433,0.33964
-0.02588,-0.05493,0.33961
-0.02095,-0.05598,0.3396
-0.03081,-0.05388,0.33962
-0.017,-0.05512,0.33959
-0.01239,-0.05554,0.33959
-0.01667,-0.05576,0.33959
-0.01299,-0.04934,0.33958
-0.01295,-0.05418,0.33788
-0.01178,-0.04991,0.33788
-0.01172,-0.04994,0.33873
-0.01166,-0.04997,0.33958
-0.01207,-0.05617,0.33959
-0.01037,-0.04933,0.33787
-0.01302,-0.0493,0.33788
-0.00983,-0.04681,0.33778
-0.01303,-0.0468,0.33767
-0.04241,-0.04669,0.33722
-0.04243,-0.04429,0.33728
-0.04079,-0.04671,0.33003
-0.04237,-0.0467,0.33047
-0.04519,-0.04668,0.33768
-0.04149,-0.0443,0.33352
-0.04103,-0.0443,0.33117
-0.04107,-0.0443,0.33144
-0.041,-0.0443,0.33024
-0.04114,-0.0443,0.3289
-0.04113,-0.0443,0.32896
-0.04214,-0.0443,0.32507
-0.04118,-0.0443,0.33227
-0.04248,-0.04431,0.32379
-0.04234,-0.04671,0.32353
-0.04523,-0.0467,0.32307
-0.0411,-0.0443,0.32913
-0.01266,-0.04441,0.32399
-0.02712,-0.04436,0.32627
-0.01315,-0.04441,0.32342
-0.01331,-0.04441,0.32323
-0.01248,-0.04441,0.32485
-0.03399,-0.04433,0.32784
-0.03647,-0.04432,0.32814
-0.01794,-0.04439,0.32422
-0.01206,-0.04441,0.33134
-0.01977,-0.04439,0.32527
-0.04079,-0.04642,0.33029
-0.04111,-0.0443,0.32907
-0.02257,-0.04438,0.3252
-0.01299,-0.04441,0.32361
-0.01282,-0.04441,0.3238
-0.02688,-0.04436,0.32656
-0.0272,-0.04436,0.32618
-0.02696,-0.04436,0.32646
-0.03648,-0.04432,0.32809
-0.04112,-0.0443,0.32901
-0.03184,-0.04434,0.32716
-0.01985,-0.04439,0.32518
-0.02481,-0.04437,0.32578
-0.02722,-0.04436,0.32612
-0.03185,-0.04434,0.32707
-0.02259,-0.04438,0.32512
-0.02001,-0.04439,0.32499
-0.01149,-0.04683,0.32361
-0.01367,-0.04441,0.32306
-0.01403,-0.04441,0.32289
-0.03526,-0.04613,0.32337
-0.01,-0.04441,0.33398
-0.01,-0.04441,0.33757
-0.01146,-0.04681,0.33742
-0.04443,-0.04932,0.32247
-0.05676,-0.05183,0.32296
-0.0523,-0.05449,0.32295
-0.04857,-0.05357,0.32186
-0.04532,-0.0467,0.32305
-0.07314,-0.05173,0.32299
-0.06252,-0.04664,0.32117
-0.05691,-0.05464,0.32126
-0.05834,-0.05166,0.32126
-0.0738,-0.05244,0.32129
-0.07169,-0.05238,0.32129
-0.0726,-0.05468,0.323
-0.07099,-0.05236,0.32128
-0.07085,-0.05285,0.32299
-0.08108,-0.04977,0.32301
-0.0592,-0.05352,0.32296
-0.05757,-0.05535,0.32295
-0.05762,-0.05315,0.32126
-0.05231,-0.05669,0.32295
-0.03204,-0.05622,0.32291
-0.0627,-0.05683,0.32094
-0.04217,-0.05481,0.32293
-0.06623,-0.05688,0.32094
-0.08048,-0.05609,0.32301
-0.01178,-0.05576,0.32286
-0.02698,-0.05624,0.3229
-0.04218,-0.05672,0.32293
0.0146,-0.05585,0.32281
0.0146,-0.05666,0.32281
-0.01178,-0.05683,0.32286
0.0146,-0.05693,0.32281
0.0146,-0.05612,0.32281
0.00801,-0.0569,0.32282
-0.01178,-0.05656,0.32286
-0.01177,-0.05464,0.32286
-0.05231,-0.05561,0.32295
-0.02191,-0.05544,0.32289
-0.04218,-0.05646,0.32293
-0.01178,-0.05629,0.32286
-0.02191,-0.0568,0.32289
-0.02191,-0.05599,0.32289
-0.01178,-0.05603,0.32286
-0.01685,-0.05628,0.32288
0.00141,-0.05634,0.32284
0.00801,-0.05583,0.32282
-0.00519,-0.05686,0.32285
-0.00518,-0.05564,0.32285
0.00141,-0.0558,0.32283
-0.01178,-0.05548,0.32286
-0.00848,-0.05535,0.32286
-0.00518,-0.05578,0.32285
-0.01177,-0.05492,0.32286
-0.02191,-0.05516,0.32288
-0.01178,-0.0552,0.32286
-0.03204,-0.05512,0.32291
-0.01178,-0.05683,0.32116
-0.01178,-0.05683,0.32201
-0.02191,-0.0568,0.32246
-0.03205,-0.05676,0.32291
0.00141,-0.05688,0.32262
-0.01178,-0.05683,0.32244
-0.00519,-0.05686,0.32221
-0.01178,-0.05683,0.32159
0.00141,-0.05688,0.32284
-0.01685,-0.05641,0.32288
-0.02698,-0.05664,0.3229
0.00141,-0.05688,0.3222
-0.00519,-0.05686,0.32179
0.00141,-0.05688,0.32198
-0.03205,-0.05676,0.32248
-0.03205,-0.05676,0.32206
-0.02192,-0.0568,0.32204
0.036,-0.057,0.3217
0.06399,-0.05711,0.321
0.008,-0.0569,0.3224
-0.06265,-0.05686,0.32096
-0.02192,-0.0568,0.32161
-0.058,-0.05467,0.32126
-0.01305,-0.05424,0.32116
-0.04686,-0.05447,0.32124
0.0133,-0.05438,0.3211
-0.00519,-0.05686,0.32157
0.01046,-0.05691,0.32133
0.0261,-0.05697,0.32108
-0.04218,-0.05672,0.32251
-0.01303,-0.05424,0.32207
0.00076,-0.05561,0.32113
0.00716,-0.0569,0.32112
0.00709,-0.05595,0.32112
0.00703,-0.05499,0.32112
0.04504,-0.05704,0.32104
0.01977,-0.05663,0.32109
-0.00551,-0.05622,0.32115
0.02917,-0.05571,0.32107
0.03551,-0.05605,0.32106
0.02597,-0.05506,0.32108
0.01023,-0.05564,0.32111
0.02924,-0.05666,0.32107
0.05132,-0.05642,0.32102
-0.0195,-0.05553,0.32203
-0.00363,-0.05454,0.32242
-0.03079,-0.05564,0.3229
-0.00927,-0.0546,0.32286
-0.01115,-0.05463,0.32286
-0.03204,-0.05566,0.32291
-0.01053,-0.05411,0.32286
-0.04958,-0.05558,0.32295
-0.04686,-0.05447,0.32294
-0.04822,-0.05448,0.32294
-0.02931,-0.05455,0.3229
-0.04451,-0.0545,0.32293
-0.04217,-0.05453,0.32293
-0.01301,-0.05425,0.32286
-0.02054,-0.0546,0.32288
-0.0486,-0.05344,0.32124
-0.04856,-0.05342,0.32294
-0.05094,-0.05449,0.32295
-0.02191,-0.0546,0.32288
-0.04958,-0.05448,0.32294
-0.03808,-0.05451,0.32292
-0.03438,-0.05454,0.32291
-0.03574,-0.05454,0.32291
-0.03136,-0.05456,0.3229
-0.03,-0.05456,0.3229
-0.04449,-0.04931,0.32293
-0.04434,-0.04932,0.32122
-0.05644,-0.05204,0.32125
-0.05645,-0.05199,0.32296
-0.05648,-0.05393,0.32126
-0.05892,-0.05257,0.32126
-0.05917,-0.0532,0.32296
-0.07234,-0.05151,0.32299
-0.07091,-0.05379,0.32299
-0.05745,-0.05457,0.32296
-0.07122,-0.05291,0.32128
-0.07345,-0.05424,0.32299
-0.07194,-0.05457,0.32129
-0.06497,-0.05664,0.32298
-0.08024,-0.04991,0.32301
-0.0724,-0.05403,0.32129
-0.08108,-0.04977,0.3213
-0.08172,-0.0504,0.32131
-0.08197,-0.04963,0.32301
-0.08043,-0.04913,0.3213
-0.0811,-0.04977,0.32301
-0.08503,-0.04886,0.32301
-0.08516,-0.04655,0.32301
-0.08627,-0.04655,0.32301
-0.08628,-0.04655,0.32131
-0.08382,-0.04656,0.32301
-0.08064,-0.05597,0.32131
-0.0831,-0.04656,0.32323
-0.07142,-0.0466,0.32328
-0.07412,-0.04419,0.32368
-0.07411,-0.04659,0.32377
-0.08377,-0.04656,0.32501
-0.08348,-0.04416,0.32352
-0.07551,-0.04417,0.33194
-0.08337,-0.04414,0.33755
-0.08381,-0.04655,0.33027
-0.08353,-0.04658,0.33777
-0.08413,-0.04678,0.32329
-0.08328,-0.04414,0.33773
-0.07443,-0.04417,0.33757
-0.0788,-0.04417,0.3236
-0.07517,-0.04658,0.33045
-0.07415,-0.04657,0.33728
-0.08019,-0.04928,0.33802
-0.08112,-0.05105,0.33973
-0.08104,-0.04966,0.33973
-0.08097,-0.04827,0.33973
-0.07266,-0.04658,0.33762
-0.07118,-0.04658,0.33796
-0.08137,-0.04991,0.33803
-0.08041,-0.05614,0.33801
-0.08255,-0.05054,0.33803
-0.06554,-0.0567,0.33901
-0.07243,-0.05468,0.33802
-0.06616,-0.05679,0.34003
-0.07341,-0.05637,0.33988
-0.08065,-0.05595,0.33973
-0.07347,-0.05217,0.33801
-0.07092,-0.05229,0.33801
-0.07223,-0.05312,0.33971
-0.07053,-0.05303,0.33971
-0.07393,-0.0532,0.33972
-0.06805,-0.0516,0.33798
-0.05905,-0.05242,0.33798
-0.05721,-0.05463,0.33799
-0.05624,-0.05244,0.33797
-0.05897,-0.05276,0.33968
-0.0628,-0.05679,0.34025
-0.06245,-0.04661,0.33977
-0.06311,-0.04661,0.34169
-0.06311,-0.04661,0.34492
-0.06295,-0.04661,0.34121
-0.06435,-0.0466,0.346
-0.06561,-0.04659,0.346
-0.06588,-0.05169,0.34301
-0.02504,-0.05676,0.33919
-0.0631,-0.0466,0.34599
-0.06324,-0.0466,0.34747
-0.06255,-0.04661,0.34519
-0.06091,-0.04662,0.34277
-0.06311,-0.04661,0.34276
-0.06278,-0.04661,0.34288
-0.06145,-0.04661,0.34358
-0.06195,-0.04661,0.34665
-0.06256,-0.04661,0.34411
-0.06311,-0.04661,0.34384
-0.062,-0.04661,0.34438
-0.06129,-0.04662,0.34202
-0.04852,-0.04666,0.34114
-0.04711,-0.04427,0.34085
-0.04877,-0.04426,0.34134
-0.01172,-0.0444,0.34108
0.00008,-0.04444,0.34116
0.00019,-0.04684,0.34129
-0.01171,-0.0468,0.33957
-0.04968,-0.04665,0.34444
0.00357,-0.04686,0.34046
-0.01045,-0.04938,0.33957
0.00371,-0.04911,0.33954
-0.01043,-0.05427,0.33958
0.01341,-0.05432,0.33783
0.01337,-0.0543,0.33953
0.01348,-0.04967,0.33952
0.01593,-0.05431,0.33952
0.01587,-0.04962,0.33952
0.01589,-0.05433,0.33782
0.04571,-0.05477,0.33946
0.01584,-0.04969,0.33781
0.01717,-0.04916,0.33951
0.04499,-0.05023,0.33945
0.01216,-0.04914,0.33952
0.01339,-0.04947,0.33782
0.04719,-0.05299,0.33945
0.04748,-0.05384,0.33775
0.05317,-0.05218,0.33774
0.04671,-0.05448,0.33946
0.04721,-0.05343,0.33945
0.05948,-0.05447,0.33943
0.05943,-0.05442,0.33943
0.06052,-0.05508,0.33772
0.05942,-0.05442,0.33773
0.05923,-0.05409,0.33773
0.05923,-0.05409,0.33943
0.0592,-0.05402,0.33773
0.0592,-0.05402,0.33943
0.05913,-0.05365,0.33943
0.05912,-0.05365,0.33773
0.05913,-0.05357,0.33943
0.05912,-0.05356,0.33772
0.05919,-0.05313,0.33772
0.05937,-0.05279,0.33772
0.05937,-0.05279,0.33943
0.05918,-0.0532,0.33943
0.0592,-0.05313,0.33886
0.0592,-0.05313,0.33943
0.05919,-0.05315,0.33943
0.05918,-0.05317,0.33886
0.05919,-0.05314,0.33858
0.05918,-0.05317,0.33943
0.0592,-0.05313,0.33829
0.05919,-0.05315,0.33829
0.05919,-0.05315,0.33858
0.05919,-0.05315,0.33886
0.05919,-0.05316,0.33914
0.05919,-0.05316,0.33886
0.05942,-0.05273,0.33943
0.05969,-0.05247,0.33942
0.05975,-0.05242,0.33942
0.05969,-0.05247,0.33772
0.05975,-0.05243,0.33772
0.06017,-0.05225,0.33772
0.06007,-0.05228,0.33942
0.06048,-0.05222,0.33772
0.06017,-0.05225,0.33942
0.06014,-0.05226,0.33942
0.06017,-0.05225,0.33829
0.0601,-0.05227,0.33886
0.06015,-0.05225,0.33857
0.0601,-0.05227,0.33942
0.06017,-0.05225,0.33886
0.06013,-0.05226,0.33829
0.06013,-0.05226,0.33857
0.06055,-0.05222,0.33772
0.06048,-0.05222,0.33942
0.06088,-0.05226,0.33942
0.06138,-0.05256,0.33942
0.06098,-0.0523,0.33772
0.06143,-0.05261,0.33772
0.06143,-0.05261,0.33942
0.06187,-0.05335,0.33772
0.06141,-0.05259,0.33942
0.06143,-0.05261,0.33829
0.06139,-0.05257,0.33885
0.06142,-0.0526,0.33857
0.0614,-0.05257,0.33942
0.06143,-0.05261,0.33885
0.06141,-0.05259,0.33829
0.06141,-0.05259,0.33857
0.06142,-0.0526,0.33885
0.06141,-0.05259,0.33914
0.0614,-0.05258,0.33914
0.0614,-0.05258,0.33885
0.06165,-0.05422,0.33772
0.06015,-0.05225,0.33886
0.06014,-0.05226,0.33914
0.06012,-0.05227,0.33914
0.06012,-0.05227,0.33886
0.05234,-0.04704,0.33943
0.00448,-0.04686,0.34074
0.05214,-0.04703,0.34131
0.06551,-0.04708,0.33971
0.06383,-0.04707,0.34249
0.06607,-0.04708,0.34141
0.06608,-0.04708,0.34571
0.06617,-0.04708,0.34727
0.06858,-0.04709,0.34571
0.06905,-0.05729,0.33971
0.06622,-0.04708,0.34719
0.06495,-0.04708,0.3441
0.06733,-0.04708,0.34571
0.06889,-0.05723,0.33993
0.06589,-0.05211,0.34288
0.06565,-0.04708,0.33977
0.06892,-0.04708,0.3482
0.07087,-0.0471,0.34316
0.06857,-0.04709,0.3414
0.07093,-0.0471,0.34311
0.06881,-0.04709,0.3482
0.06858,-0.04709,0.34355
0.06714,-0.04488,0.34738
0.06843,-0.04462,0.34858
0.06798,-0.04706,0.36372
0.07097,-0.04431,0.36447
0.07057,-0.04469,0.34339
0.07162,-0.04452,0.34524
0.07295,-0.0447,0.34366
0.1016,-0.04478,0.36284
0.07181,-0.0447,0.34327
0.07303,-0.04458,0.3452
0.09865,-0.04477,0.36164
0.07396,-0.0447,0.34553
0.07346,-0.04455,0.3446
0.07346,-0.0447,0.3446
0.07396,-0.0444,0.34553
0.09444,-0.04476,0.35804
0.09272,-0.04476,0.35773
0.07989,-0.04442,0.34946
0.09766,-0.04447,0.36124
0.09766,-0.04477,0.36124
0.08889,-0.04475,0.35485
0.08011,-0.04472,0.34845
0.08049,-0.04472,0.34917
0.08778,-0.04474,0.35421
0.07321,-0.0447,0.34413
0.08506,-0.04474,0.35197
0.08728,-0.04474,0.35325
0.08284,-0.04473,0.35069
0.0758,-0.04471,0.34612
0.07789,-0.04472,0.34718
0.07371,-0.0447,0.34506
0.07593,-0.04471,0.34635
0.09247,-0.04476,0.35725
0.09963,-0.04478,0.36204
0.09345,-0.04476,0.35764
0.08087,-0.04472,0.34987
0.09174,-0.04475,0.35732
0.08976,-0.04475,0.35576
0.09766,-0.04454,0.36124
0.09873,-0.04469,0.36277
0.10124,-0.04478,0.36552
0.09765,-0.04443,0.36468
0.09896,-0.04418,0.36222
0.10278,-0.04419,0.35828
0.10112,-0.04441,0.35902
0.10168,-0.04417,0.36886
0.092,-0.04415,0.35713
0.09993,-0.04671,0.36887
0.10267,-0.04768,0.36886
0.10574,-0.04594,0.36885
0.07339,-0.04632,0.36892
0.07155,-0.04406,0.36893
0.09201,-0.04414,0.36523
0.09729,-0.04416,0.36522
0.11194,-0.04428,0.33823
0.11212,-0.04427,0.36884
0.11216,-0.04722,0.36584
0.11216,-0.04922,0.36885
0.11214,-0.04771,0.35832
0.11215,-0.04653,0.35812
0.11215,-0.04535,0.35792
0.11213,-0.04535,0.35059
0.10772,-0.04628,0.36885
0.10964,-0.04749,0.35899
0.10964,-0.04558,0.3573
0.11213,-0.04709,0.35191
0.11212,-0.0491,0.35077
0.10963,-0.04673,0.35445
0.11214,-0.04909,0.35813
0.11212,-0.04697,0.3496
0.10963,-0.04737,0.35172
0.10962,-0.04907,0.35077
0.10964,-0.04557,0.34984
0.10963,-0.04647,0.35078
0.10958,-0.04481,0.36333
0.10963,-0.04557,0.34274
0.10895,-0.04484,0.34087
0.10961,-0.04653,0.34476
0.10293,-0.04479,0.35789
0.10302,-0.04481,0.34312
0.10254,-0.0444,0.34203
0.09741,-0.04419,0.34164
0.10107,-0.04481,0.34163
0.07781,-0.04472,0.34068
0.08063,-0.04473,0.34171
0.09196,-0.04417,0.34165
0.09196,-0.04417,0.3414
0.08112,-0.04413,0.34167
0.09719,-0.04422,0.31846
0.09191,-0.0442,0.31842
0.07054,-0.0441,0.34144
0.0933,-0.04421,0.31841
0.07823,-0.0443,0.3183
0.07823,-0.04415,0.31845
0.07049,-0.04413,0.31851
0.05071,-0.04406,0.3184
0.07049,-0.04413,0.31753
0.0775,-0.04441,0.31805
0.0761,-0.04449,0.31658
0.07112,-0.04444,0.31226
0.07048,-0.04413,0.31097
0.06413,-0.04411,0.3152
0.063,-0.04411,0.3167
0.07044,-0.04416,0.29548
0.06334,-0.04452,0.29623
0.06414,-0.04413,0.29775
0.09186,-0.04423,0.29544
0.09794,-0.04426,0.29177
0.06269,-0.04413,0.29556
0.07078,-0.04451,0.29728
0.07245,-0.04443,0.29567
0.09292,-0.04556,0.29178
0.06111,-0.04483,0.29185
0.04715,-0.04407,0.29182
0.06183,-0.04427,0.2956
0.05401,-0.04413,0.29551
0.0514,-0.04409,0.29548
0.06183,-0.04442,0.29575
0.06183,-0.04431,0.29564
0.05202,-0.04741,0.29187
0.01746,-0.04411,0.2957
0.01668,-0.04396,0.29568
0.05034,-0.04408,0.29456
0.02595,-0.0441,0.29564
0.01435,-0.04396,0.29003
0.04976,-0.04573,0.29368
0.03965,-0.04419,0.29565
0.05662,-0.04418,0.29554
0.03443,-0.0441,0.29559
0.04553,-0.04414,0.29556
0.01708,-0.04396,0.29559
0.04821,-0.04408,0.29273
0.04292,-0.04409,0.29553
-0.02271,-0.04383,0.28458
0.04027,-0.04405,0.29033
0.04371,-0.04406,0.29107
0.04812,-0.04738,0.29188
0.05227,-0.04825,0.29187
0.04787,-0.04656,0.29187
0.04927,-0.04408,0.29365
0.05643,-0.04911,0.29187
0.05423,-0.04826,0.29187
0.04584,-0.04407,0.2929
0.05922,-0.04423,0.29557
0.06183,-0.04412,0.29545
0.0502,-0.04652,0.29496
0.05312,-0.04784,0.29187
0.05175,-0.04754,0.29465
0.05224,-0.04719,0.29187
0.05215,-0.04731,0.29477
0.05074,-0.04752,0.29188
0.05185,-0.04751,0.29467
0.0519,-0.04747,0.29327
0.05177,-0.04753,0.29466
0.05195,-0.04744,0.29257
0.05193,-0.04746,0.2947
0.05198,-0.04743,0.29257
0.05212,-0.04733,0.29405
0.05197,-0.04743,0.29328
0.05207,-0.04736,0.29474
0.0519,-0.04748,0.29397
0.05205,-0.04739,0.2926
0.05205,-0.04738,0.29331
0.01771,-0.04456,0.29495
0.05188,-0.04747,0.29326
0.05183,-0.04752,0.29467
0.05194,-0.04746,0.29327
0.05181,-0.04751,0.29396
0.05192,-0.04746,0.29327
0.05111,-0.04762,0.29188
0.05213,-0.0473,0.29187
0.05211,-0.04733,0.2926
0.05208,-0.04736,0.29332
0.05426,-0.04824,0.29187
0.05208,-0.04736,0.29187
0.05376,-0.04797,0.29187
0.05219,-0.04725,0.29187
0.05533,-0.04869,0.29187
0.05431,-0.04818,0.29187
0.05329,-0.04767,0.29187
0.05274,-0.04746,0.29187
0.05214,-0.0473,0.29332
0.05216,-0.04727,0.2926
0.0522,-0.04725,0.29332
0.05195,-0.04745,0.29363
0.05188,-0.04749,0.29397
0.05198,-0.04742,0.29436
0.05186,-0.04749,0.29361
0.05102,-0.04732,0.29471
0.05122,-0.04548,0.29187
0.0513,-0.04759,0.29463
0.05158,-0.04759,0.29463
0.0517,-0.04755,0.29465
0.05151,-0.04759,0.29463
-0.07061,-0.04642,0.29214
0.02664,-0.04741,0.29473
-0.05369,-0.04446,0.2921
0.00151,-0.04741,0.29474
0.00198,-0.04724,0.29482
0.00137,-0.04742,0.29198
0.00224,-0.04692,0.29498
0.01771,-0.04697,0.29495
0.01771,-0.04637,0.29495
0.03815,-0.04682,0.29492
0.0261,-0.04712,0.29487
0.05137,-0.04759,0.29463
0.05048,-0.04678,0.29488
0.00447,-0.04692,0.29498
0.01027,-0.04694,0.29497
0.0345,-0.04728,0.29479
0.0429,-0.04743,0.29471
0.04682,-0.04724,0.29475
0.05075,-0.04705,0.29479
-0.04538,-0.04704,0.29209
-0.0198,-0.04383,0.29046
-0.02126,-0.04383,0.28752
0.01746,-0.04456,0.29585
0.03451,-0.04607,0.29479
0.05144,-0.04759,0.29463
0.03892,-0.04754,0.29466
0.0264,-0.0475,0.29468
0.03885,-0.04754,0.29466
0.02658,-0.04743,0.29472
0.01431,-0.04733,0.29477
0.01396,-0.04745,0.29471
0.02646,-0.04748,0.29469
0.03897,-0.0475,0.29468
0.01572,-0.04456,0.29567
0.01544,-0.04696,0.29591
0.01587,-0.04435,0.29813
0.01646,-0.04446,0.29618
0.05074,-0.04435,0.29574
-0.00263,-0.04397,0.29014
0.01956,-0.04413,0.29017
-0.02199,-0.04383,0.28605
-0.01316,-0.04385,0.29182
-0.01328,-0.04716,0.29177
-0.01195,-0.04461,0.29201
0.00111,-0.04391,0.29198
-0.014,-0.04385,0.29571
-0.01564,-0.04632,0.28997
-0.004,-0.04427,0.28826
0.0147,-0.04471,0.29195
0.00071,-0.04593,0.29186
0.0147,-0.04534,0.29195
0.01586,-0.04396,0.29178
-0.09429,-0.04856,0.2942
-0.00528,-0.04463,0.292
0.00198,-0.04537,0.29198
0.01469,-0.04726,0.29196
0.01528,-0.04662,0.29186
0.01508,-0.04694,0.29189
0.01547,-0.04726,0.29183
0.0147,-0.04662,0.29195
0.02749,-0.04438,0.29114
0.0147,-0.04598,0.29195
0.01489,-0.04598,0.29192
0.01509,-0.04598,0.29189
-0.00031,-0.0439,0.29199
0.01577,-0.04396,0.29184
0.01489,-0.04534,0.29192
0.00138,-0.04466,0.29198
0.00244,-0.04598,0.29198
0.00804,-0.04468,0.29197
-0.02035,-0.04466,0.28638
0.00878,-0.04394,0.28745
0.00235,-0.04564,0.29799
0.00031,-0.0461,0.29799
0.00232,-0.04673,0.29198
0.00025,-0.04678,0.29199
0.00048,-0.04694,0.29497
0.00067,-0.04705,0.29491
0.00123,-0.04741,0.29474
-0.01196,-0.04716,0.29201
-0.00521,-0.04696,0.29496
-0.0109,-0.04699,0.29495
-0.01494,-0.04685,0.29502
0.00278,-0.04693,0.29806
0.00022,-0.0469,0.30012
-0.00296,-0.04689,0.29753
-0.01267,-0.04685,0.29596
-0.01108,-0.04687,0.29501
-0.00722,-0.04569,0.295
-0.00026,-0.04685,0.29691
0.00028,-0.04683,0.29199
0.00104,-0.04729,0.2948
-0.00337,-0.04691,0.29499
-0.01493,-0.04444,0.29502
-0.08587,-0.04661,0.29516
-0.00281,-0.04727,0.29481
0.00086,-0.04717,0.29486
-0.00723,-0.04689,0.295
-0.00117,-0.0471,0.29489
-0.0427,-0.04677,0.29507
-0.0504,-0.04553,0.29509
-0.03986,-0.04493,0.29508
-0.06162,-0.04427,0.2952
-0.04817,-0.04509,0.29511
-0.06702,-0.04585,0.29514
-0.05584,-0.04521,0.29511
-0.0584,-0.04524,0.29512
-0.05955,-0.04597,0.29517
-0.05993,-0.04621,0.29519
-0.0619,-0.04667,0.29571
-0.02596,-0.0444,0.29527
-0.06191,-0.04424,0.31599
-0.06054,-0.0441,0.29646
-0.05904,-0.04428,0.29602
-0.01422,-0.04438,0.29582
-0.01256,-0.04445,0.29606
-0.01399,-0.04435,0.29609
-0.03323,-0.04437,0.29552
-0.05153,-0.04429,0.29603
-0.01303,-0.04427,0.29804
-0.02934,-0.04422,0.29598
-0.01467,-0.04414,0.29592
-0.04402,-0.04431,0.29604
-0.0145,-0.0442,0.29596
-0.01259,-0.04397,0.29714
-0.01467,-0.04384,0.29562
-0.01433,-0.04425,0.296
-0.0215,-0.04434,0.29607
-0.01287,-0.04439,0.29813
-0.01324,-0.04445,0.29552
-0.03651,-0.04432,0.29605
-0.02534,-0.04431,0.29605
-0.01416,-0.0443,0.29604
-0.01469,-0.04442,0.29529
-0.02173,-0.04436,0.29581
-0.029,-0.04433,0.29606
-0.01446,-0.0444,0.29555
-0.02197,-0.04439,0.29554
-0.03698,-0.04436,0.29552
-0.03299,-0.04435,0.29579
-0.04801,-0.04432,0.29577
-0.03685,-0.04421,0.29597
-0.06174,-0.04427,0.29522
-0.06049,-0.04419,0.29647
-0.06092,-0.04644,0.29545
-0.0619,-0.04546,0.30585
-0.05917,-0.04573,0.29515
-0.02324,-0.04461,0.29504
-0.05328,-0.04517,0.29511
-0.05921,-0.04368,0.29572
-0.06081,-0.04368,0.29631
-0.05904,-0.04383,0.29587
-0.06099,-0.04398,0.2976
-0.06103,-0.04397,0.29802
-0.06103,-0.04404,0.30229
-0.06145,-0.04425,0.31554
-0.061,-0.04425,0.31508
-0.06134,-0.04367,0.29577
-0.06134,-0.04367,0.29582
-0.06133,-0.04367,0.29802
-0.06756,-0.04365,0.29674
-0.06118,-0.04382,0.29802
-0.06781,-0.04382,0.31126
-0.0613,-0.04365,0.31508
-0.06133,-0.04367,0.30135
-0.06692,-0.04423,0.31369
-0.06749,-0.04423,0.31323
-0.06607,-0.04664,0.31242
-0.06843,-0.04416,0.29659
-0.06725,-0.04425,0.29528
-0.06702,-0.04665,0.29571
-0.06865,-0.04422,0.31229
-0.06866,-0.04392,0.31227
-0.06932,-0.04362,0.31306
-0.07226,-0.04387,0.34265
-0.06123,-0.04361,0.34199
-0.06052,-0.04367,0.31685
-0.06788,-0.04381,0.3513
-0.07097,-0.04358,0.34394
-0.06705,-0.04418,0.34776
-0.06752,-0.04369,0.36352
-0.07027,-0.0441,0.35027
-0.06992,-0.04368,0.34998
-0.07138,-0.04386,0.35116
-0.07175,-0.04356,0.35116
-0.07176,-0.04357,0.34606
-0.07165,-0.04372,0.34563
-0.07768,-0.04356,0.35462
-0.07889,-0.04353,0.35641
-0.07177,-0.04387,0.34555
-0.07914,-0.04383,0.35624
-0.07651,-0.04354,0.35296
-0.07172,-0.04362,0.34592
-0.07414,-0.04356,0.34951
-0.07291,-0.04361,0.34764
-0.07168,-0.04367,0.34577
-0.07289,-0.04364,0.34757
-0.07527,-0.04362,0.35102
-0.0747,-0.04359,0.35027
-0.07175,-0.04384,0.34556
-0.07142,-0.04405,0.34464
-0.07533,-0.0437,0.35098
-0.06936,-0.04418,0.34327
-0.07914,-0.04413,0.35624
-0.07074,-0.04418,0.34151
-0.06932,-0.04659,0.34252
-0.08092,-0.04412,0.36025
-0.08002,-0.04383,0.35703
-0.08223,-0.04387,0.35673
-0.08352,-0.04411,0.35962
-0.08338,-0.04651,0.35988
-0.08071,-0.04652,0.36008
-0.08618,-0.04649,0.36627
-0.08137,-0.04651,0.3646
-0.08624,-0.04653,0.33974
-0.08347,-0.04654,0.34192
-0.08344,-0.04414,0.34196
-0.0824,-0.04406,0.34298
-0.07223,-0.04382,0.34265
-0.08232,-0.04388,0.34281
-0.07058,-0.04418,0.34156
-0.08344,-0.04653,0.34191
-0.08251,-0.04387,0.35653
-0.08363,-0.04411,0.35933
-0.08292,-0.04357,0.34275
-0.07353,-0.04379,0.31827
-0.08238,-0.04381,0.31807
-0.08394,-0.04356,0.33478
-0.08586,-0.04349,0.36927
-0.0859,-0.04351,0.35246
-0.08598,-0.04355,0.31885
-0.0839,-0.04354,0.35159
-0.08256,-0.04373,0.3263
-0.08496,-0.04356,0.32682
-0.08274,-0.04365,0.33452
-0.08488,-0.04351,0.36043
-0.07008,-0.04395,0.3129
-0.08341,-0.04416,0.31903
-0.07265,-0.04399,0.31616
-0.06998,-0.04421,0.31839
-0.07088,-0.04662,0.31479
-0.07077,-0.04661,0.31907
-0.08254,-0.04658,0.30626
-0.08277,-0.04418,0.30632
-0.08306,-0.04657,0.31925
-0.08381,-0.04658,0.30858
-0.08387,-0.04659,0.30199
-0.08379,-0.04657,0.31433
-0.08508,-0.04656,0.32131
-0.08379,-0.04657,0.3175
-0.08383,-0.04656,0.32131
-0.08667,-0.04657,0.30172
-0.08512,-0.04658,0.30082
-0.0863,-0.04656,0.31434
-0.08925,-0.04656,0.2972
-0.08881,-0.04417,0.29725
-0.08748,-0.0446,0.29511
-0.08509,-0.04405,0.29673
-0.06854,-0.04422,0.31546
-0.07062,-0.04422,0.31269
-0.08513,-0.04405,0.29916
-0.08221,-0.04659,0.30592
-0.06795,-0.04422,0.31543
-0.0706,-0.0439,0.31269
-0.08536,-0.04382,0.29895
-0.08497,-0.04396,0.29671
-0.08841,-0.04417,0.29538
-0.08889,-0.04655,0.29758
-0.08662,-0.04658,0.30168
-0.08796,-0.04647,0.29526
-0.08677,-0.04387,0.30149
-0.09489,-0.04364,0.2934
-0.08631,-0.04387,0.30379
-0.08628,-0.04655,0.31956
-0.08642,-0.04387,0.30321
-0.08628,-0.04655,0.32216
-0.08627,-0.04654,0.32664
-0.0863,-0.04454,0.31041
-0.08626,-0.04654,0.33027
-0.08301,-0.04657,0.32014
-0.08627,-0.04587,0.32365
-0.08624,-0.04653,0.33803
-0.08625,-0.04653,0.33737
-0.08626,-0.04654,0.33264
-0.08629,-0.0452,0.31703
-0.08627,-0.04587,0.32602
-0.08625,-0.04653,0.335
-0.08629,-0.04453,0.31277
-0.08617,-0.04379,0.36927
-0.08618,-0.04849,0.36928
-0.07907,-0.04711,0.36926
-0.08616,-0.04372,0.30379
-0.05613,-0.04725,0.36921
-0.07864,-0.04597,0.36926
-0.07842,-0.04703,0.36651
-0.07976,-0.04616,0.36616
-0.07732,-0.04615,0.36618
-0.07822,-0.04483,0.36925
-0.08619,-0.04849,0.36727
-0.08048,-0.04411,0.36602
-0.0672,-0.04416,0.3659
-0.06839,-0.04383,0.36505
-0.08118,-0.04411,0.36384
-0.07931,-0.04404,0.36315
-0.07867,-0.04387,0.36495
-0.07896,-0.04412,0.36216
-0.07973,-0.04352,0.36341
-0.07896,-0.04382,0.36216
-0.05533,-0.04404,0.3692
-0.06038,-0.0439,0.36484
-0.05888,-0.04359,0.36556
-0.05636,-0.0469,0.36871
-0.04715,-0.04458,0.36919
-0.04861,-0.04363,0.36553
-0.04625,-0.04617,0.36768
-0.05681,-0.04618,0.36771
-0.04954,-0.04653,0.36819
-0.04654,-0.04656,0.36819
-0.04711,-0.04736,0.36919
-0.03451,-0.04868,0.36916
-0.0381,-0.04715,0.36917
-0.03976,-0.0462,0.36917
-0.05284,-0.04689,0.3687
-0.05312,-0.04729,0.3692
-0.05012,-0.04732,0.3692
-0.04682,-0.04696,0.36869
-0.05196,-0.04677,0.36845
-0.05417,-0.04618,0.3677
-0.04889,-0.04617,0.36769
-0.05658,-0.04654,0.36821
-0.03837,-0.04717,0.36642
-0.03841,-0.04717,0.36642
-0.03754,-0.0467,0.36617
-0.03865,-0.04717,0.36642
-0.03855,-0.04717,0.36642
-0.03748,-0.04559,0.36917
-0.03108,-0.04493,0.36915
-0.03852,-0.04717,0.36642
-0.03113,-0.04708,0.36915
-0.01428,-0.04676,0.36611
-0.03911,-0.04497,0.36624
-0.06149,-0.04657,0.36592
-0.06146,-0.04418,0.36596
-0.03938,-0.04668,0.36618
-0.01256,-0.04436,0.36492
-0.05889,-0.04419,0.36526
0.00093,-0.04714,0.36624
-0.0589,-0.04685,0.36634
-0.03932,-0.04676,0.36622
-0.03875,-0.04708,0.36638
-0.05389,-0.04697,0.36638
-0.03912,-0.047,0.36633
-0.06866,-0.04694,0.36642
-0.03919,-0.04692,0.3663
-0.01923,-0.04691,0.36621
-0.0599,-0.04659,0.36621
-0.03946,-0.04541,0.36614
-0.04914,-0.04677,0.36626
-0.0442,-0.0468,0.36626
-0.03925,-0.04684,0.36626
-0.03855,-0.04531,0.36917
0.03265,-0.04734,0.3676
0.10586,-0.04728,0.36589
0.06437,-0.04755,0.36895
-0.00703,-0.04729,0.36773
0.05454,-0.045,0.36896
0.05475,-0.04738,0.36897
0.07463,-0.04756,0.36892
0.05085,-0.0475,0.36898
0.05084,-0.04899,0.36898
0.09309,-0.04765,0.36888
0.07873,-0.04835,0.36892
0.06436,-0.04904,0.36895
0.05422,-0.04901,0.36897
0.06099,-0.04791,0.36895
0.06436,-0.04867,0.36895
0.0593,-0.04828,0.36896
0.0539,-0.04475,0.36896
0.07337,-0.0465,0.36892
0.08352,-0.04761,0.3689
0.05416,-0.04617,0.36897
0.05441,-0.04758,0.36897
0.05761,-0.04827,0.36896
0.07394,-0.04758,0.36892
0.06915,-0.04794,0.36894
0.06436,-0.04829,0.36895
0.06098,-0.04903,0.36896
0.05423,-0.04863,0.36897
0.06437,-0.04792,0.36895
0.06267,-0.04829,0.36895
-0.01379,-0.04801,0.36774
0.05497,-0.04713,0.366
0.05424,-0.0475,0.36621
0.05417,-0.0475,0.36621
0.05396,-0.0475,0.36621
0.0529,-0.04671,0.36897
0.08005,-0.04739,0.36605
0.06835,-0.04716,0.36598
0.06297,-0.04704,0.36594
0.07188,-0.04707,0.36592
0.08887,-0.04718,0.36591
0.09049,-0.04714,0.36588
0.10384,-0.04724,0.36588
0.09979,-0.04717,0.36586
0.07922,-0.0465,0.36582
0.10554,-0.04692,0.36355
0.10219,-0.04719,0.36437
0.10289,-0.04731,0.36592
0.08118,-0.04711,0.3659
0.10181,-0.04721,0.36587
0.10595,-0.04739,0.36595
0.10599,-0.04744,0.36597
0.10696,-0.04773,0.36611
0.10667,-0.04781,0.36885
0.10618,-0.0475,0.36701
0.1065,-0.04772,0.36813
0.1058,-0.0472,0.36585
0.10217,-0.04715,0.36466
0.10616,-0.04753,0.36669
0.09917,-0.04737,0.36596
0.0613,-0.04733,0.3661
0.07149,-0.04748,0.36613
0.10591,-0.04733,0.36592
0.0787,-0.04715,0.36593
0.076,-0.04727,0.36601
0.08012,-0.04747,0.36609
0.08553,-0.04722,0.36594
0.08874,-0.04746,0.36605
0.09773,-0.04756,0.36606
0.10672,-0.04766,0.36608
0.10648,-0.04758,0.36604
0.1064,-0.0476,0.36673
0.10633,-0.04762,0.36741
0.06286,-0.04749,0.36617
0.08455,-0.0475,0.36609
0.10623,-0.04751,0.36601
0.09486,-0.04737,0.36598
0.09737,-0.04745,0.36601
0.09235,-0.04729,0.36595
0.08462,-0.04726,0.36597
0.05777,-0.04742,0.36615
0.07757,-0.04743,0.36608
0.08491,-0.04761,0.36614
0.10657,-0.0477,0.36745
0.10681,-0.04777,0.36748
0.10664,-0.04768,0.36676
0.09785,-0.04759,0.36608
0.0806,-0.04761,0.36616
0.08467,-0.04754,0.36611
0.07247,-0.04736,0.36607
0.06482,-0.04724,0.36604
0.10627,-0.04754,0.36737
0.0644,-0.04702,0.36575
0.05522,-0.04688,0.36593
0.06455,-0.04464,0.36568
0.05368,-0.04541,0.36594
0.06359,-0.04704,0.36584
0.01737,-0.04447,0.36604
0.01727,-0.04447,0.36533
0.06487,-0.04705,0.36456
0.06459,-0.04705,0.36512
0.06574,-0.04705,0.36202
0.06414,-0.04704,0.36556
0.06479,-0.04467,0.34406
0.06403,-0.04464,0.36421
0.06349,-0.0443,0.36456
0.06198,-0.04463,0.36499
0.06198,-0.04456,0.36499
0.04414,-0.04457,0.36541
0.05275,-0.0446,0.36577
0.06262,-0.04464,0.36517
0.05434,-0.04461,0.36555
0.0646,-0.04467,0.348
0.06473,-0.04466,0.34947
0.06386,-0.04464,0.36372
0.06457,-0.04465,0.35684
0.06287,-0.04464,0.36481
0.06438,-0.04464,0.36519
0.06326,-0.04464,0.36534
0.02916,-0.04451,0.36595
0.02629,-0.0445,0.36583
0.04096,-0.04456,0.36586
0.0639,-0.04464,0.36551
0.04542,-0.04457,0.36576
0.06423,-0.04465,0.35586
0.06467,-0.04466,0.35487
0.06421,-0.04464,0.3647
0.06439,-0.04465,0.36077
0.06394,-0.04467,0.34513
0.06461,-0.04465,0.36028
0.05327,-0.0456,0.36594
0.01724,-0.04447,0.36509
0.01724,-0.04424,0.36509
0.01724,-0.04417,0.36509
0.0508,-0.04429,0.36502
0.06198,-0.04433,0.36499
0.0533,-0.04709,0.36601
0.04431,-0.04704,0.36602
0.01736,-0.04687,0.36604
0.01344,-0.04698,0.36611
0.0056,-0.0472,0.36626
0.02634,-0.04693,0.36603
0.00168,-0.04731,0.36633
0.00214,-0.04714,0.36624
0.00241,-0.04682,0.36608
0.01557,-0.04687,0.36549
0.0143,-0.04687,0.36394
0.00988,-0.04685,0.36606
0.01736,-0.04567,0.36604
0.02749,-0.0472,0.36617
0.00952,-0.04709,0.36619
0.03533,-0.04698,0.36603
0.02242,-0.04704,0.36611
0.0185,-0.04715,0.36618
0.03141,-0.04709,0.3661
0.01642,-0.04447,0.36122
0.01497,-0.04447,0.36241
0.01584,-0.04421,0.36478
0.04012,-0.04577,0.35186
0.00353,-0.0468,0.36316
0.05214,-0.04703,0.34479
0.01588,-0.04387,0.36236
0.00189,-0.04381,0.36908
0.02115,-0.04403,0.36903
0.01734,-0.04447,0.3658
0.01724,-0.04402,0.36524
0.01724,-0.04432,0.36509
0.01724,-0.04387,0.36539
0.01585,-0.04439,0.36293
0.01667,-0.04417,0.3622
0.01667,-0.04432,0.3622
0.01667,-0.04447,0.3622
0.05283,-0.04432,0.34743
0.05928,-0.04428,0.34472
0.05152,-0.04402,0.34765
0.06187,-0.04436,0.34374
0.02571,-0.04445,0.35851
0.04281,-0.04406,0.35128
0.01654,-0.04447,0.36171
0.03861,-0.04411,0.35308
0.02571,-0.04421,0.35851
0.01561,-0.04387,0.35884
0.01603,-0.04403,0.36254
0.02538,-0.04413,0.35856
0.05411,-0.0441,0.34667
0.05149,-0.04437,0.3439
0.06284,-0.04407,0.34324
0.05188,-0.04445,0.34389
0.06274,-0.04417,0.34348
0.03475,-0.04425,0.35482
0.05669,-0.04419,0.34569
0.03409,-0.04409,0.35492
0.04313,-0.04413,0.35123
0.04572,-0.04422,0.35025
0.03442,-0.04417,0.35487
0.05149,-0.04437,0.34177
0.0515,-0.04403,0.34148
0.077,-0.04431,0.31807
0.06945,-0.04409,0.34174
0.06401,-0.04407,0.34408
0.06342,-0.04463,0.34379
0.0637,-0.04467,0.34329
0.06436,-0.04467,0.3446
0.06187,-0.04459,0.34374
0.06394,-0.04437,0.34513
0.06394,-0.04444,0.34513
0.06187,-0.04466,0.34374
0.06224,-0.04466,0.34313
0.06261,-0.04467,0.34252
0.06406,-0.04539,0.34328
0.06334,-0.04611,0.3425
0.06315,-0.04467,0.34291
0.04,-0.04553,0.35186
0.06359,-0.04659,0.3425
0.06337,-0.04457,0.3438
0.0631,-0.04563,0.34251
0.05708,-0.04512,0.34485
0.05106,-0.04462,0.3472
0.06355,-0.04491,0.3431
0.06285,-0.04515,0.34252
0.06424,-0.04467,0.34368
0.03951,-0.04457,0.35187
0.05078,-0.04462,0.34766
0.06206,-0.04466,0.34344
0.02796,-0.04452,0.35655
0.04519,-0.04459,0.34969
0.06242,-0.04466,0.34283
0.04492,-0.04459,0.35014
0.03924,-0.04457,0.35233
0.05051,-0.04461,0.34811
0.05069,-0.04462,0.34781
0.03365,-0.04454,0.35436
0.02778,-0.04452,0.35685
0.06382,-0.04491,0.34329
0.06455,-0.04527,0.34367
0.0637,-0.04521,0.34309
0.04593,-0.04586,0.34952
0.02827,-0.04512,0.35654
0.06407,-0.04647,0.34288
0.06371,-0.04629,0.34269
0.03976,-0.04505,0.35187
0.05754,-0.04603,0.34484
0.05198,-0.04642,0.34717
0.06394,-0.04459,0.34513
0.06187,-0.04444,0.34374
0.06416,-0.04407,0.34455
0.06428,-0.04404,0.36298
0.07059,-0.04407,0.36387
0.07054,-0.0441,0.34174
0.06398,-0.04434,0.36298
0.06395,-0.04436,0.34959
0.06395,-0.04442,0.36317
0.06392,-0.04449,0.36335
0.06397,-0.04435,0.35852
0.06395,-0.0445,0.35778
0.06391,-0.04466,0.35257
0.06395,-0.0446,0.3487
0.06395,-0.04445,0.3487
0.06396,-0.04454,0.35227
0.06397,-0.04441,0.35941
0.06397,-0.04438,0.35674
0.06396,-0.04436,0.35406
0.06392,-0.04416,0.3639
0.06428,-0.04405,0.36233
0.0639,-0.04465,0.35629
0.06389,-0.04457,0.36354
0.06396,-0.04447,0.35584
0.06394,-0.0445,0.35964
0.06389,-0.04461,0.35991
0.06393,-0.04463,0.35063
0.06393,-0.04456,0.35606
0.06396,-0.04439,0.35227
0.06396,-0.04446,0.35227
0.06394,-0.04452,0.34513
0.0695,-0.04406,0.36528
0.06275,-0.04416,0.365
0.07331,-0.04408,0.36527
0.0729,-0.04407,0.36527
0.04648,-0.0442,0.36898
0.0344,-0.04393,0.36535
0.05156,-0.04399,0.36531
0.04824,-0.04562,0.36748
0.04854,-0.04715,0.36828
0.01255,-0.04736,0.36756
0.01129,-0.04635,0.36836
0.04059,-0.04746,0.3687
-0.03957,-0.04866,0.36817
0.01128,-0.04634,0.36906
0.01255,-0.04736,0.36876
0.01167,-0.04702,0.36756
0.0476,-0.04749,0.36898
0.04059,-0.04746,0.369
0.04759,-0.04749,0.36848
0.04759,-0.04749,0.36748
0.03708,-0.04745,0.3678
0.02657,-0.04741,0.36813
0.01605,-0.04737,0.36845
0.01255,-0.04736,0.36906
0.01956,-0.04739,0.36784
0.0307,-0.04687,0.36752
0.02131,-0.04739,0.36754
0.01189,-0.0455,0.36756
0.01233,-0.04674,0.36756
0.00979,-0.0481,0.36831
0.01255,-0.04736,0.36816
0.0098,-0.0481,0.36907
0.00704,-0.04883,0.36907
0.03007,-0.04743,0.36752
0.01255,-0.04736,0.36786
-0.03682,-0.04793,0.36741
0.03358,-0.04744,0.36841
0.02306,-0.0474,0.36843
0.01255,-0.04736,0.36846
0.02421,-0.04579,0.36753
0.01211,-0.04612,0.36756
0.04885,-0.04637,0.36748
0.03883,-0.04746,0.3675
0.01956,-0.04739,0.36844
0.01956,-0.04739,0.36904
0.04888,-0.04618,0.36898
0.04843,-0.04674,0.36748
0.03653,-0.04608,0.3675
0.04801,-0.04712,0.36748
0.03569,-0.04682,0.36751
0.01563,-0.04386,0.36539
0.00229,-0.04381,0.36908
0.04841,-0.04786,0.36898
0.04759,-0.04749,0.36798
0.05355,-0.04466,0.36775
0.01595,-0.04421,0.36487
0.04298,-0.04396,0.36533
0.02582,-0.04413,0.36515
0.06198,-0.04418,0.36514
0.06198,-0.04403,0.36529
0.05797,-0.04402,0.3653
0.06021,-0.04469,0.36895
0.05583,-0.04401,0.36531
0.05683,-0.04435,0.36652
0.06155,-0.04403,0.36712
0.06702,-0.04405,0.36772
0.06588,-0.04438,0.36894
0.05569,-0.04467,0.36774
0.0625,-0.04403,0.36651
0.05369,-0.044,0.36531
0.05255,-0.04433,0.36653
0.01486,-0.04687,0.36372
0.01487,-0.04446,0.36364
0.01553,-0.04423,0.3628
0.01486,-0.04687,0.36365
0.01489,-0.04687,0.36329
0.01575,-0.04687,0.36113
0.01667,-0.0444,0.3622
0.00154,-0.04381,0.36402
0.00602,-0.04409,0.3624
0.00767,-0.04444,0.36209
0.0038,-0.04424,0.36075
0.00325,-0.04442,0.36227
0.00786,-0.04444,0.36308
0.00683,-0.04443,0.3633
0.00374,-0.04412,0.34234
0.00286,-0.04445,0.34122
0.00653,-0.04684,0.36331
0.00315,-0.04676,0.36239
0.00212,-0.04683,0.35766
0.00781,-0.04684,0.3631
0.0024,-0.04682,0.36332
0.00001,-0.04678,0.36288
0.00059,-0.04663,0.36908
0.00067,-0.04682,0.36608
0.00184,-0.04522,0.36908
0.00178,-0.04514,0.36307
-0.00268,-0.0468,0.36347
0.00022,-0.04441,0.36124
-0.01201,-0.04677,0.36518
-0.01223,-0.04677,0.36203
-0.04953,-0.04425,0.34478
-0.00324,-0.04428,0.36265
-0.04884,-0.04426,0.3436
-0.04767,-0.04426,0.34474
-0.04767,-0.04396,0.34474
-0.0301,-0.04401,0.35199
-0.00659,-0.04401,0.36139
-0.0046,-0.04409,0.36211
-0.00249,-0.04439,0.36284
-0.04843,-0.04413,0.34472
-0.02613,-0.04418,0.35343
-0.01254,-0.04377,0.35923
-0.04767,-0.04411,0.34474
-0.04228,-0.04413,0.34692
-0.04767,-0.04403,0.34474
-0.0369,-0.04422,0.34909
-0.03152,-0.04416,0.35126
-0.04767,-0.04418,0.34474
-0.01537,-0.04414,0.35777
-0.01294,-0.04376,0.36226
-0.01253,-0.04376,0.3629
-0.04827,-0.04379,0.34449
-0.00418,-0.0439,0.36236
-0.01537,-0.04406,0.35777
-0.03889,-0.04391,0.34837
-0.01395,-0.04391,0.3585
-0.01348,-0.04376,0.36198
-0.01206,-0.0438,0.36372
-0.04808,-0.04366,0.34487
-0.0301,-0.04386,0.35199
-0.00287,-0.04388,0.36255
-0.01056,-0.04385,0.35995
-0.0369,-0.04399,0.34909
-0.00857,-0.04393,0.36067
-0.02132,-0.04382,0.35561
-0.02472,-0.04388,0.35416
-0.02274,-0.04396,0.35488
-0.02713,-0.04399,0.35307
-0.02911,-0.0439,0.35235
-0.00042,-0.04381,0.36084
-0.0103,-0.04405,0.3691
-0.00028,-0.04428,0.36019
-0.00864,-0.0473,0.36911
-0.01257,-0.04388,0.36414
-0.00819,-0.04632,0.3676
-0.01349,-0.0439,0.36513
-0.01415,-0.04375,0.36546
0.00071,-0.04718,0.36908
-0.01253,-0.04376,0.36545
-0.03061,-0.04471,0.36915
-0.0317,-0.04644,0.36818
-0.00864,-0.04731,0.3691
-0.00925,-0.04519,0.36835
-0.01245,-0.04376,0.36306
-0.0131,-0.04425,0.3626
-0.00301,-0.0438,0.36259
-0.00079,-0.04382,0.36152
-0.00313,-0.0438,0.3626
-0.0037,-0.0438,0.36262
-0.00017,-0.04381,0.35931
-0.00069,-0.0443,0.36055
-0.00032,-0.04396,0.35931
-0.00047,-0.04411,0.35932
-0.00051,-0.04443,0.34375
-0.00051,-0.04413,0.34375
-0.00036,-0.04398,0.34375
-0.00067,-0.04417,0.34302
-0.00034,-0.04397,0.35153
-0.0004,-0.04404,0.35932
-0.00099,-0.04436,0.3423
-0.00026,-0.04383,0.34319
-0.00252,-0.04413,0.34175
-0.00252,-0.04443,0.34175
-0.00213,-0.04419,0.34189
-0.02405,-0.04431,0.34207
-0.00133,-0.04391,0.34188
-0.00072,-0.04438,0.34201
-0.00175,-0.04424,0.34202
-0.04711,-0.04426,0.34185
-0.00018,-0.04442,0.34145
-0.00252,-0.04428,0.34175
-0.00175,-0.04439,0.34202
-0.00137,-0.0443,0.34216
-0.00175,-0.04432,0.34202
-0.04711,-0.04427,0.34135
-0.03531,-0.04431,0.34093
-0.00064,-0.04441,0.34166
-0.00137,-0.04438,0.34216
-0.00129,-0.0444,0.34181
-0.00213,-0.04441,0.34189
-0.00045,-0.0444,0.34173
-0.02405,-0.04431,0.34157
0.00147,-0.04386,0.33013
0.00396,-0.04411,0.31807
0.05129,-0.04425,0.34203
0.01557,-0.04389,0.34171
-0.00069,-0.04387,0.31806
0.04955,-0.04435,0.31831
0.00314,-0.04388,0.31641
0.00344,-0.04418,0.31641
0.00362,-0.04448,0.3173
0.00544,-0.04449,0.31841
0.00281,-0.04448,0.31895
0.04955,-0.04465,0.31931
0.00443,-0.04689,0.31941
0.00255,-0.0445,0.30033
0.00264,-0.04688,0.31868
0.00344,-0.04448,0.31641
0.0034,-0.0442,0.30165
0.00375,-0.04442,0.30004
0.00325,-0.04405,0.30165
0.00331,-0.04391,0.30024
0.00576,-0.04412,0.29852
0.00555,-0.04452,0.29747
0.0075,-0.04452,0.29885
0.05045,-0.04466,0.31447
0.01611,-0.04695,0.29989
0.00489,-0.04692,0.29756
0.01681,-0.04455,0.29979
0.06233,-0.0471,0.31741
0.05213,-0.04706,0.31587
0.05155,-0.04466,0.3186
0.05122,-0.04456,0.31603
0.0509,-0.04706,0.31903
0.0523,-0.04706,0.32101
0.06553,-0.04711,0.32066
0.06515,-0.04767,0.32074
0.06401,-0.05129,0.32099
0.06476,-0.05211,0.32083
0.06178,-0.05344,0.321
0.06441,-0.05712,0.32081
0.06778,-0.05712,0.32269
0.0657,-0.05716,0.32023
0.06488,-0.04712,0.31571
0.0705,-0.04715,0.31625
0.06905,-0.05726,0.32067
0.0641,-0.04713,0.31725
0.07046,-0.04715,0.31629
0.06561,-0.05213,0.32044
0.06527,-0.05715,0.32042
0.06912,-0.05723,0.32082
0.06565,-0.05465,0.32034
0.06504,-0.05297,0.32057
0.06443,-0.0513,0.3208
0.06485,-0.05519,0.32061
0.06484,-0.05713,0.32061
0.06485,-0.05325,0.32061
0.06557,-0.04962,0.32055
0.06542,-0.05241,0.32048
0.06527,-0.05521,0.32042
0.06479,-0.04949,0.32077
0.06443,-0.05324,0.3208
0.064,-0.05323,0.32099
0.06442,-0.05518,0.3208
0.06483,-0.052,0.32066
0.06521,-0.05144,0.32058
0.06477,-0.04823,0.32082
0.05312,-0.05707,0.32272
0.06917,-0.04712,0.32082
0.05312,-0.05599,0.32272
0.07401,-0.05487,0.32097
0.08507,-0.05697,0.32175
0.06122,-0.05495,0.3227
0.07495,-0.055,0.32267
0.01591,-0.05438,0.3211
0.05313,-0.05487,0.32272
0.01461,-0.05473,0.3228
0.05313,-0.05515,0.32272
0.06114,-0.05514,0.3227
0.05312,-0.05571,0.32272
0.03452,-0.05519,0.32191
0.04349,-0.05595,0.32274
0.01526,-0.05512,0.32195
0.03386,-0.05592,0.32276
0.02905,-0.05548,0.32277
0.02424,-0.05505,0.32278
0.0435,-0.05539,0.32274
0.05313,-0.05543,0.32272
0.03387,-0.05536,0.32276
0.02423,-0.05588,0.32278
0.03386,-0.05578,0.32276
0.0435,-0.05567,0.32274
0.01942,-0.05531,0.32279
0.01942,-0.05545,0.32279
0.01461,-0.05501,0.3228
0.03387,-0.05508,0.32276
0.03387,-0.0548,0.32276
0.0435,-0.05511,0.32274
0.02424,-0.05533,0.32278
0.02423,-0.05575,0.32278
0.01461,-0.05557,0.32281
0.03452,-0.05463,0.32191
0.03165,-0.05411,0.32192
0.04738,-0.05383,0.32273
0.05025,-0.05435,0.32273
0.05314,-0.0516,0.32272
0.04567,-0.05479,0.32274
0.04746,-0.05432,0.32273
0.04754,-0.05481,0.32273
0.05169,-0.05461,0.32272
0.04715,-0.05301,0.32103
0.04684,-0.05447,0.32103
0.0461,-0.05455,0.32274
0.04741,-0.05392,0.32103
0.05126,-0.05485,0.32272
0.04653,-0.05431,0.32273
0.04882,-0.05409,0.32273
0.04932,-0.05434,0.32273
0.04695,-0.05407,0.32273
0.0489,-0.05458,0.32273
0.04961,-0.05471,0.32273
0.05004,-0.05447,0.32273
0.02793,-0.05506,0.32107
0.05992,-0.05515,0.321
0.05948,-0.05241,0.321
0.03823,-0.05469,0.32233
0.01526,-0.05566,0.32195
0.0146,-0.05639,0.32281
0.03929,-0.05702,0.3219
0.0619,-0.05306,0.321
0.05973,-0.05203,0.3227
0.06399,-0.05517,0.321
0.06043,-0.05359,0.3227
0.06439,-0.04879,0.32091
0.0678,-0.05165,0.32268
0.07626,-0.05261,0.32266
0.09265,-0.05147,0.32263
0.07353,-0.05331,0.32267
0.0678,-0.05001,0.32268
0.08739,-0.04953,0.32264
0.06413,-0.05109,0.32269
0.0678,-0.04946,0.32268
0.06141,-0.05256,0.3227
0.06178,-0.05343,0.3227
0.06059,-0.05224,0.3227
0.07386,-0.05428,0.32267
0.07427,-0.05242,0.32267
0.07504,-0.055,0.32267
0.0678,-0.0511,0.32268
0.05681,-0.04997,0.32271
0.07759,-0.05059,0.32266
0.07027,-0.04947,0.32268
0.06414,-0.05054,0.32269
0.0678,-0.05056,0.32268
0.06047,-0.05053,0.3227
0.07511,-0.05517,0.32097
0.07391,-0.0525,0.32097
0.07613,-0.05465,0.32267
0.0766,-0.05334,0.32096
0.08506,-0.05697,0.32136
0.07539,-0.05495,0.32267
0.09851,-0.04709,0.32093
0.08669,-0.05596,0.32265
0.08644,-0.05611,0.32265
0.08368,-0.05582,0.32265
0.08656,-0.05603,0.32265
0.07815,-0.05524,0.32267
0.08095,-0.05551,0.32266
0.0865,-0.05607,0.32265
0.08377,-0.05576,0.32265
0.08663,-0.056,0.32265
0.08092,-0.05553,0.32266
0.08101,-0.05547,0.32266
0.08242,-0.0556,0.32266
0.07821,-0.0552,0.32267
0.08518,-0.05589,0.32265
0.08386,-0.05571,0.32265
0.08104,-0.05546,0.32266
0.07683,-0.05367,0.32267
0.07473,-0.0522,0.32097
0.07669,-0.05362,0.32097
0.09861,-0.04705,0.32093
0.09613,-0.04744,0.32281
0.09824,-0.04726,0.29478
0.096,-0.04722,0.31873
0.09811,-0.04428,0.29177
0.09622,-0.04747,0.3375
0.10048,-0.04711,0.33868
0.09949,-0.0443,0.33686
0.07284,-0.04714,0.31824
0.11188,-0.04726,0.33794
0.11159,-0.04425,0.338
0.07972,-0.04437,0.34201
0.09509,-0.04454,0.31748
0.10262,-0.0445,0.34204
0.1023,-0.04445,0.35891
0.10961,-0.04484,0.34261
0.10931,-0.04484,0.34143
0.10951,-0.04481,0.36363
0.10965,-0.04545,0.35831
0.10962,-0.04728,0.34242
0.10962,-0.04653,0.34342
0.10963,-0.0457,0.35149
0.10961,-0.04578,0.34442
0.1096,-0.04909,0.34337
0.10917,-0.04724,0.34129
0.10965,-0.04747,0.34273
0.1121,-0.04906,0.34336
0.10962,-0.0463,0.34946
0.11085,-0.04907,0.34336
0.11211,-0.04715,0.34226
0.10878,-0.04724,0.34083
0.07553,-0.04472,0.34173
0.07524,-0.04712,0.3422
0.07671,-0.04472,0.34435
0.1057,-0.04718,0.36358
0.06922,-0.0471,0.3395
0.07349,-0.0536,0.3394
0.07687,-0.05358,0.33939
0.08509,-0.05694,0.33862
0.07613,-0.05254,0.33769
0.07602,-0.05491,0.3377
0.07357,-0.05319,0.33769
0.07518,-0.05359,0.33939
0.08792,-0.05231,0.33766
0.08497,-0.05236,0.33767
0.08511,-0.05696,0.33767
0.09153,-0.05232,0.33765
0.0761,-0.05482,0.33769
0.08792,-0.05186,0.33766
0.07908,-0.05248,0.33768
0.07787,-0.05182,0.33768
0.07449,-0.05239,0.33769
0.07285,-0.05225,0.33769
0.07787,-0.05205,0.33768
0.09157,-0.05229,0.33765
0.08289,-0.05229,0.33767
0.08246,-0.05235,0.33767
0.08202,-0.05242,0.33767
0.08792,-0.05197,0.33766
0.08792,-0.05219,0.33766
0.08792,-0.05208,0.33766
0.08289,-0.05218,0.33767
0.07787,-0.05227,0.33768
0.08516,-0.05687,0.33937
0.09634,-0.04752,0.33747
0.1012,-0.04705,0.33938
0.09941,-0.04721,0.33655
0.09594,-0.04481,0.32308
0.09582,-0.04728,0.3228
0.09582,-0.04479,0.33745
0.07715,-0.04713,0.33714
0.07703,-0.04473,0.33693
0.07871,-0.04714,0.3302
0.07744,-0.04714,0.3303
0.07432,-0.04712,0.3374
0.07803,-0.04714,0.32992
0.07709,-0.04593,0.33703
0.07573,-0.04712,0.33727
0.07704,-0.04595,0.32335
0.07701,-0.04474,0.32337
0.07708,-0.04715,0.32334
0.07858,-0.04474,0.33054
0.07567,-0.04714,0.32313
0.07426,-0.04714,0.32293
0.07425,-0.04623,0.32293
0.07424,-0.04532,0.32292
0.07656,-0.04504,0.3305
0.07426,-0.04621,0.33747
0.07853,-0.04474,0.33002
0.08647,-0.04478,0.32322
0.09588,-0.0448,0.33734
0.07721,-0.04532,0.33057
0.07263,-0.04633,0.32286
0.07566,-0.04623,0.32313
0.0738,-0.04499,0.32471
0.06745,-0.04506,0.32358
0.04982,-0.04523,0.32405
0.04814,-0.04523,0.32295
0.06941,-0.04835,0.32274
0.07103,-0.04802,0.32281
0.0678,-0.04936,0.32268
0.07425,-0.04668,0.32293
0.07298,-0.04512,0.32419
0.04986,-0.04499,0.32388
0.04831,-0.04513,0.32325
0.07424,-0.04577,0.32292
0.07263,-0.04656,0.32286
0.07102,-0.04734,0.3228
0.07102,-0.04757,0.3228
0.07264,-0.04701,0.32286
0.07103,-0.04825,0.32281
0.07244,-0.04825,0.32301
0.07294,-0.04487,0.3362
0.04779,-0.04486,0.33505
0.05016,-0.04522,0.33661
0.07547,-0.04502,0.33259
0.04542,-0.04521,0.32888
0.04797,-0.04521,0.3374
0.06122,-0.04616,0.33756
0.06414,-0.04937,0.32269
0.05681,-0.04939,0.32271
0.06231,-0.04939,0.32269
0.05681,-0.04942,0.32271
0.07638,-0.04714,0.32324
0.07012,-0.04881,0.32284
0.07264,-0.04769,0.32287
0.07209,-0.04825,0.32296
0.0727,-0.04947,0.32267
0.0678,-0.04938,0.32268
0.08249,-0.04949,0.32265
0.07025,-0.04942,0.32268
0.0776,-0.04944,0.32266
0.07496,-0.04714,0.32303
0.07476,-0.0477,0.32317
0.06942,-0.0488,0.32274
0.07138,-0.04825,0.32286
0.08249,-0.04951,0.32265
0.0678,-0.04943,0.32268
0.0727,-0.0494,0.32267
0.07515,-0.04944,0.32267
0.06414,-0.04944,0.32269
0.0678,-0.04941,0.32268
0.06048,-0.04938,0.3227
0.06597,-0.0494,0.32269
0.07325,-0.04798,0.32304
0.07486,-0.04742,0.3231
0.07025,-0.04943,0.32268
0.06597,-0.04943,0.32269
0.07515,-0.04947,0.32267
0.06231,-0.04941,0.32269
0.07451,-0.04742,0.32305
0.0776,-0.04948,0.32266
0.07219,-0.04797,0.32289
0.0776,-0.04946,0.32266
0.07027,-0.04483,0.32377
0.07585,-0.04494,0.33162
0.0734,-0.04515,0.33592
0.0717,-0.04469,0.33648
0.07167,-0.04471,0.32387
0.07169,-0.0447,0.33228
0.06644,-0.04469,0.32703
0.06188,-0.04491,0.3279
0.05772,-0.04464,0.33651
0.05073,-0.04462,0.33653
0.0717,-0.04529,0.33648
0.04962,-0.04522,0.33631
0.04656,-0.0449,0.33196
0.0498,-0.04462,0.33634
0.04817,-0.04521,0.3375
0.05011,-0.04462,0.33641
0.04795,-0.04481,0.33348
0.04911,-0.04474,0.32885
0.0483,-0.0448,0.32501
0.04519,-0.04521,0.32983
0.06107,-0.04497,0.32406
0.04714,-0.04487,0.32964
0.04992,-0.04468,0.33269
0.05631,-0.04476,0.33221
0.04772,-0.04483,0.32733
0.05468,-0.04488,0.32453
0.04934,-0.04471,0.33501
0.04872,-0.04471,0.33488
0.0612,-0.04466,0.3302
0.04523,-0.04702,0.33091
0.04534,-0.04703,0.32349
0.05597,-0.04464,0.33336
0.05042,-0.04462,0.33647
0.04764,-0.04481,0.33342
0.07168,-0.0447,0.32807
0.06471,-0.04467,0.3365
0.06886,-0.04494,0.32368
0.10082,-0.04435,0.33735
0.09838,-0.0443,0.33394
0.098,-0.04423,0.31845
0.09773,-0.04423,0.31845
0.09746,-0.04422,0.3178
0.09718,-0.04422,0.31747
0.098,-0.04423,0.31747
0.09759,-0.04423,0.31796
0.09773,-0.04423,0.31747
0.098,-0.04423,0.31813
0.09795,-0.04426,0.29542
0.09718,-0.04422,0.31813
0.098,-0.04423,0.3178
0.09745,-0.04423,0.31747
0.09824,-0.04456,0.29177
0.09713,-0.04425,0.29543
0.09235,-0.04424,0.29872
0.09494,-0.04465,0.2998
0.09545,-0.04424,0.30017
0.09581,-0.04443,0.30956
0.09492,-0.04472,0.31755
0.09534,-0.04485,0.29648
0.09297,-0.04475,0.29898
0.09497,-0.04423,0.31791
0.0933,-0.04451,0.31811
0.07823,-0.04475,0.31815
0.07301,-0.04474,0.31845
0.09528,-0.04482,0.31896
0.096,-0.04722,0.3186
0.09626,-0.04482,0.31756
0.07293,-0.04714,0.3184
0.07354,-0.04474,0.3166
0.09252,-0.0472,0.29749
0.09342,-0.0456,0.2967
0.09254,-0.04705,0.29178
0.09263,-0.04724,0.29479
0.09119,-0.04723,0.29603
0.0897,-0.04723,0.29481
0.08947,-0.04723,0.2948
0.09269,-0.04732,0.29475
0.0899,-0.04723,0.29488
0.08991,-0.04483,0.29486
0.08948,-0.04483,0.29479
0.08913,-0.04482,0.2955
0.08994,-0.04483,0.29486
0.08878,-0.04482,0.29587
0.08757,-0.04482,0.29679
0.08915,-0.04482,0.29551
0.08765,-0.04482,0.29689
0.08992,-0.04483,0.29486
0.08836,-0.04482,0.29615
0.08835,-0.04482,0.29614
0.08993,-0.04483,0.29486
0.08841,-0.04482,0.29621
0.08759,-0.04482,0.29682
0.08746,-0.04437,0.29625
0.08616,-0.04481,0.29564
0.08788,-0.04457,0.29823
0.09113,-0.04483,0.29593
0.08215,-0.04455,0.30531
0.07182,-0.04473,0.31606
0.07294,-0.0445,0.31309
0.07002,-0.04473,0.31566
0.07621,-0.04432,0.3155
0.07002,-0.04475,0.29519
0.06988,-0.04716,0.29543
0.07224,-0.04474,0.31596
0.06992,-0.04476,0.29524
0.07047,-0.04474,0.31053
0.07268,-0.04465,0.31311
0.07086,-0.04444,0.29706
0.07113,-0.04425,0.3126
0.06935,-0.04415,0.29554
0.07189,-0.04451,0.29599
0.07275,-0.04416,0.29553
0.07316,-0.04417,0.29553
0.08586,-0.04451,0.2958
0.08645,-0.04454,0.2958
0.08586,-0.04421,0.2955
0.05964,-0.04412,0.29185
0.08975,-0.047,0.29179
0.06372,-0.04414,0.29612
0.06199,-0.04564,0.29185
0.06045,-0.04663,0.29185
0.0732,-0.04668,0.29183
0.06795,-0.04916,0.29184
0.08309,-0.04921,0.29281
0.09823,-0.04927,0.29378
0.09441,-0.04784,0.29178
0.09434,-0.04585,0.29178
0.0732,-0.04667,0.29333
0.08147,-0.04684,0.29181
0.08148,-0.0467,0.29331
0.09268,-0.04733,0.29178
0.09243,-0.04659,0.29178
0.08975,-0.04673,0.29329
0.095,-0.04708,0.29653
0.09379,-0.04534,0.29656
0.08318,-0.04479,0.30689
0.09283,-0.04484,0.29719
0.09602,-0.04485,0.29735
0.09493,-0.0446,0.29974
0.09272,-0.04717,0.2969
0.09285,-0.04473,0.29902
0.09332,-0.04425,0.29852
0.09184,-0.04453,0.2996
0.08432,-0.04464,0.30717
0.0768,-0.04475,0.31473
0.08482,-0.04479,0.30596
0.0768,-0.04445,0.31473
0.0761,-0.04441,0.31607
0.07624,-0.04415,0.31494
0.09001,-0.04422,0.30102
0.08591,-0.04421,0.30103
0.07379,-0.04415,0.31307
0.07431,-0.0443,0.31249
0.08729,-0.04451,0.29922
0.08835,-0.04423,0.29794
0.088,-0.04473,0.29804
0.0911,-0.04483,0.29549
0.06993,-0.04715,0.29512
0.09123,-0.04721,0.29562
0.07747,-0.04744,0.2947
0.09283,-0.04749,0.29466
0.06354,-0.04707,0.29479
0.06212,-0.04738,0.29473
0.0673,-0.04715,0.29609
0.06839,-0.04465,0.31171
0.067,-0.04494,0.29614
0.06726,-0.04712,0.31361
0.06728,-0.04714,0.30485
0.06628,-0.04492,0.31063
0.06731,-0.0443,0.31009
0.06677,-0.0446,0.31255
0.06415,-0.04413,0.30107
0.06384,-0.04443,0.29775
0.06399,-0.04411,0.31574
0.06398,-0.0443,0.31054
0.06403,-0.04426,0.31481
0.06388,-0.04441,0.31481
0.06394,-0.04434,0.30841
0.06385,-0.04442,0.30202
0.06389,-0.04439,0.30202
0.0633,-0.04461,0.31615
0.06384,-0.04473,0.29775
0.06384,-0.04465,0.29775
0.06373,-0.04446,0.31514
0.06399,-0.04429,0.31481
0.06348,-0.04452,0.31582
0.06388,-0.04436,0.31498
0.06366,-0.04443,0.31548
0.06345,-0.04456,0.31582
0.06391,-0.04437,0.31481
0.06385,-0.04434,0.31514
0.06374,-0.04441,0.31531
0.06386,-0.04442,0.30628
0.06395,-0.04433,0.31481
0.06393,-0.04434,0.30628
0.06394,-0.04434,0.31054
0.06386,-0.04438,0.31498
0.0639,-0.04437,0.31054
0.06368,-0.04446,0.31531
0.06389,-0.04438,0.30628
0.06442,-0.04473,0.29498
0.06475,-0.04471,0.31579
0.06464,-0.04471,0.31617
0.06413,-0.04473,0.29637
0.06344,-0.04464,0.31155
0.06384,-0.04458,0.29775
0.06379,-0.04455,0.30858
0.0637,-0.0447,0.30235
0.06333,-0.04464,0.29624
0.06372,-0.04458,0.30875
0.06357,-0.04467,0.30695
0.06387,-0.04449,0.31054
0.06384,-0.04454,0.29988
0.06385,-0.04465,0.30202
0.06385,-0.04454,0.30202
0.06386,-0.04457,0.30628
0.06384,-0.0445,0.29775
0.06385,-0.0445,0.30202
0.06387,-0.04441,0.31054
0.06386,-0.04449,0.30841
0.06372,-0.04454,0.31088
0.06359,-0.04451,0.31548
0.06358,-0.04459,0.31122
0.06183,-0.04472,0.29575
0.06378,-0.04473,0.29517
0.06183,-0.04465,0.29575
0.04561,-0.04466,0.29536
0.02939,-0.04461,0.29496
0.0231,-0.04458,0.2955
0.02874,-0.0446,0.29515
0.04519,-0.04451,0.29579
0.02855,-0.0446,0.29583
0.06248,-0.04473,0.29556
0.06183,-0.0445,0.29575
0.03965,-0.04464,0.2958
0.05074,-0.04461,0.29578
0.06183,-0.04457,0.29575
0.0508,-0.04468,0.29555
0.05077,-0.04468,0.29567
0.05074,-0.04468,0.29578
0.05275,-0.04469,0.29497
0.06313,-0.04473,0.29537
0.03977,-0.04464,0.29535
0.05729,-0.04471,0.29536
0.06313,-0.04458,0.29537
0.03977,-0.04449,0.29535
0.05794,-0.04471,0.29517
0.04626,-0.04467,0.29516
0.02313,-0.04458,0.29539
0.01752,-0.04456,0.29563
0.05074,-0.04446,0.29578
0.03965,-0.04453,0.2958
0.05074,-0.04453,0.29578
0.03965,-0.04457,0.2958
0.03965,-0.04449,0.2958
0.03413,-0.04462,0.2957
0.03423,-0.04462,0.29536
0.01765,-0.04456,0.29517
0.06234,-0.0447,0.31738
0.03932,-0.04463,0.308
0.06183,-0.0447,0.31621
0.0622,-0.04467,0.3162
0.06183,-0.0444,0.31621
0.06257,-0.0445,0.31618
0.06178,-0.04425,0.31635
0.05144,-0.04406,0.31249
0.06246,-0.0441,0.31667
0.01692,-0.04426,0.29875
0.03418,-0.04416,0.30562
0.02815,-0.04429,0.30312
0.01692,-0.04441,0.29875
0.01609,-0.04455,0.29862
0.01692,-0.04456,0.29875
0.01692,-0.04433,0.29875
0.03375,-0.04461,0.30543
0.05057,-0.04466,0.31211
0.0259,-0.04458,0.30224
0.01684,-0.04455,0.29953
0.01687,-0.04455,0.29927
0.02807,-0.04459,0.30389
0.03488,-0.04461,0.30574
0.01689,-0.04456,0.29901
0.02249,-0.04457,0.30132
0.06183,-0.04455,0.31621
0.0259,-0.04452,0.30224
0.04387,-0.04464,0.30923
0.03937,-0.04455,0.30748
0.06183,-0.04445,0.31621
0.04387,-0.04446,0.30923
0.05285,-0.04467,0.31272
0.03937,-0.0445,0.30748
0.03488,-0.04449,0.30574
0.0259,-0.04449,0.30224
0.01692,-0.04448,0.29875
0.03488,-0.04434,0.30574
0.05285,-0.04443,0.31272
0.03148,-0.0446,0.30481
0.05285,-0.04445,0.31272
0.0259,-0.04437,0.30224
0.03713,-0.04441,0.30661
0.03938,-0.04433,0.30748
0.04387,-0.04454,0.30923
0.05734,-0.04456,0.31447
0.05285,-0.04459,0.31272
0.03371,-0.04461,0.30582
0.02248,-0.04457,0.30145
0.01466,-0.04695,0.29737
0.01587,-0.04426,0.29636
0.01689,-0.04381,0.29978
0.01208,-0.04694,0.30028
0.00821,-0.04693,0.29688
0.05139,-0.04706,0.31499
0.05252,-0.04466,0.31739
0.0518,-0.04706,0.31854
0.01209,-0.04454,0.30025
0.01181,-0.04451,0.31895
0.01269,-0.04428,0.30247
0.01409,-0.04447,0.30168
0.01513,-0.04455,0.30182
0.05009,-0.04435,0.31541
0.05095,-0.04448,0.31609
0.05037,-0.04457,0.31807
0.05118,-0.04418,0.31705
0.0502,-0.04406,0.31513
0.05033,-0.04405,0.31848
0.04955,-0.0442,0.31846
0.01443,-0.04452,0.31839
0.01444,-0.04422,0.31839
0.0125,-0.04418,0.31763
0.01444,-0.04392,0.31869
0.0085,-0.0439,0.31968
0.01042,-0.04403,0.31515
0.01379,-0.04389,0.34157
0.00496,-0.04394,0.31686
0.0055,-0.04386,0.34173
0.00372,-0.04402,0.34244
0.00878,-0.04577,0.31794
0.00682,-0.04589,0.31761
0.0086,-0.04555,0.31593
0.00813,-0.04569,0.31734
0.00791,-0.0469,0.31536
0.00873,-0.04572,0.31744
0.00792,-0.0469,0.31854
0.00731,-0.04586,0.31769
0.00683,-0.04563,0.31651
0.01011,-0.04397,0.31809
0.00624,-0.04396,0.31932
0.0078,-0.04583,0.31777
0.00869,-0.04566,0.31693
0.00901,-0.04618,0.31762
0.00861,-0.04613,0.31583
0.00829,-0.0458,0.31786
0.00683,-0.0458,0.31724
0.00865,-0.04561,0.31643
0.00683,-0.04554,0.31615
0.00728,-0.04554,0.31609
0.00816,-0.04555,0.31598
0.00748,-0.04562,0.31675
0.00621,-0.04396,0.31544
0.0095,-0.04395,0.3147
0.00772,-0.04555,0.31604
0.00683,-0.04571,0.31688
0.00723,-0.04628,0.31597
0.00694,-0.0464,0.31754
0.00874,-0.04687,0.31611
0.00655,-0.04693,0.31675
0.00764,-0.04696,0.31575
0.00738,-0.04694,0.3181
0.00667,-0.04768,0.31726
0.00766,-0.0476,0.31563
0.00901,-0.04785,0.31627
0.00721,-0.04827,0.31599
0.00885,-0.0479,0.31781
0.00909,-0.04681,0.31739
0.0092,-0.04874,0.31735
0.00857,-0.04861,0.31585
0.00829,-0.04718,0.3181
0.00778,-0.04759,0.31831
0.00917,-0.04928,0.31724
0.0071,-0.04892,0.31588
0.00733,-0.04911,0.31801
0.00876,-0.0497,0.31596
0.00867,-0.04976,0.31802
0.00717,-0.04996,0.31804
0.00787,-0.04857,0.31837
0.00673,-0.04835,0.31762
0.00647,-0.04919,0.31699
0.00732,-0.04975,0.31583
0.00661,-0.04991,0.31691
0.00922,-0.05009,0.31692
0.00782,-0.04488,0.31801
0.00701,-0.04489,0.3164
0.00816,-0.04397,0.31677
0.00892,-0.04488,0.3165
0.00791,-0.0469,0.31695
0.00759,-0.04392,0.30113
0.01082,-0.04405,0.29794
0.00815,-0.04602,0.29958
0.00516,-0.04401,0.29703
0.00674,-0.04539,0.29885
0.00902,-0.04592,0.29869
0.00736,-0.04547,0.2973
0.00836,-0.046,0.29935
0.00709,-0.04554,0.29903
0.00857,-0.0458,0.29742
0.00858,-0.04597,0.29913
0.00735,-0.04552,0.29837
0.00796,-0.04566,0.2979
0.00836,-0.04591,0.2985
0.00754,-0.04692,0.3
0.00512,-0.04398,0.29934
0.00745,-0.0457,0.29921
0.00991,-0.04399,0.30038
0.00674,-0.04598,0.29909
0.0078,-0.04586,0.29939
0.00682,-0.04682,0.29909
0.00779,-0.04697,0.29968
0.0088,-0.04594,0.29891
0.00923,-0.04651,0.29897
0.00879,-0.04586,0.29806
0.00797,-0.04563,0.29736
0.00705,-0.04543,0.29808
0.00875,-0.04401,0.29562
0.00921,-0.0445,0.29821
0.00735,-0.04492,0.29751
0.00776,-0.04468,0.29967
0.00843,-0.04665,0.29718
0.00884,-0.04676,0.29895
0.00868,-0.04583,0.29774
0.00921,-0.04699,0.29871
0.00901,-0.04747,0.29789
0.00899,-0.04739,0.299
0.00861,-0.04808,0.29939
0.00774,-0.04762,0.29978
0.00651,-0.04748,0.29845
0.00699,-0.04792,0.29914
0.00717,-0.0483,0.29747
0.00654,-0.04818,0.29912
0.007,-0.04841,0.29919
0.00655,-0.04901,0.29852
0.00773,-0.04883,0.29974
0.00691,-0.04944,0.29911
0.00913,-0.0493,0.29872
0.00916,-0.04876,0.29883
0.00892,-0.04808,0.2977
0.00853,-0.04863,0.29733
0.00727,-0.04892,0.29726
0.00865,-0.0497,0.29739
0.00737,-0.04979,0.29729
0.00654,-0.05001,0.29871
0.00914,-0.05011,0.29874
0.00825,-0.04977,0.29973
0.00766,-0.04761,0.29712
0.00719,-0.0468,0.29739
0.00699,-0.04599,0.29744
0.0069,-0.04541,0.29846
0.00767,-0.04555,0.29733
0.00721,-0.04545,0.29769
0.00437,-0.04691,0.29999
0.00787,-0.04693,0.29844
0.00276,-0.04679,0.29688
0.00399,-0.04491,0.29725
0.00402,-0.04488,0.31854
-0.00043,-0.04528,0.29696
-0.00119,-0.04486,0.31855
0.00827,-0.04572,0.29739
0.00891,-0.04589,0.29837
-0.00021,-0.04383,0.34375
0.00391,-0.04418,0.36105
0.00318,-0.04445,0.341
0.00549,-0.04446,0.34174
0.0501,-0.04462,0.34064
0.01664,-0.0445,0.34146
0.00263,-0.04442,0.36038
0.0035,-0.04704,0.34023
0.0501,-0.04462,0.34164
0.03895,-0.04458,0.34166
0.05192,-0.04463,0.34122
0.0501,-0.04462,0.34139
0.03895,-0.04458,0.34091
0.05193,-0.04703,0.34091
0.0501,-0.04462,0.34089
0.0278,-0.04454,0.34169
0.04452,-0.0446,0.34115
0.01665,-0.0445,0.34171
0.0278,-0.04454,0.34119
0.0501,-0.04462,0.34114
0.03337,-0.04456,0.34117
0.01379,-0.04389,0.34172
0.0501,-0.04402,0.34164
0.03337,-0.04456,0.34142
0.02222,-0.04452,0.34145
0.05249,-0.04463,0.34427
0.05218,-0.04703,0.3447
0.05105,-0.04462,0.34546
0.05067,-0.04462,0.34453
0.01383,-0.04387,0.35957
0.02917,-0.04453,0.35331
0.05086,-0.04462,0.34499
0.03992,-0.04457,0.34892
0.04544,-0.0446,0.34707
0.05096,-0.04462,0.34523
0.01842,-0.04448,0.3577
0.03459,-0.04455,0.35123
0.05077,-0.04462,0.34476
0.03473,-0.04455,0.35158
0.02931,-0.04453,0.35366
0.0402,-0.04457,0.34962
0.04549,-0.0446,0.34719
0.02922,-0.04453,0.35342
0.01851,-0.04448,0.35793
0.02936,-0.04453,0.35377
0.00552,-0.04443,0.36347
0.00638,-0.0442,0.36238
-0.00001,-0.04674,0.36298
-0.00005,-0.04684,0.34078
0.0147,-0.05055,0.33952
0.0146,-0.05044,0.33867
0.0145,-0.05034,0.33782
0.01492,-0.05369,0.33782
0.01471,-0.05358,0.33952
0.01481,-0.05363,0.33867
-0.01048,-0.05423,0.33863
-0.0476,-0.04667,0.34028
-0.04863,-0.04403,0.34223
-0.06207,-0.04661,0.34052
-0.0497,-0.04666,0.34426
-0.04711,-0.04381,0.3417
-0.04779,-0.04366,0.34166
-0.03596,-0.04389,0.34171
-0.04827,-0.04366,0.342
-0.06124,-0.04361,0.34203
-0.05925,-0.04362,0.34361
-0.03596,-0.04423,0.34183
-0.04857,-0.04366,0.3444
-0.02121,-0.0438,0.34153
-0.01258,-0.04379,0.34147
-0.00503,-0.04404,0.34168
-0.01006,-0.04388,0.34154
-0.04666,-0.0437,0.31882
-0.04741,-0.04366,0.34157
-0.03848,-0.04381,0.34164
-0.01366,-0.04405,0.34174
-0.02481,-0.04397,0.34173
-0.00755,-0.04396,0.34161
-0.02984,-0.0438,0.34159
-0.0187,-0.04388,0.3416
-0.01618,-0.04397,0.34167
-0.02733,-0.04389,0.34166
-0.04851,-0.04384,0.34233
-0.06007,-0.04385,0.34386
-0.04829,-0.04396,0.31681
-0.04784,-0.04382,0.31591
-0.04872,-0.0437,0.31277
-0.0477,-0.04409,0.31822
-0.04721,-0.044,0.31562
-0.04901,-0.04429,0.31851
-0.04721,-0.0443,0.31562
-0.04857,-0.04429,0.31528
-0.04666,-0.0443,0.31952
-0.04871,-0.04669,0.31891
-0.04869,-0.0467,0.31533
-0.05976,-0.04665,0.31773
-0.01289,-0.04685,0.29913
-0.00507,-0.04448,0.29795
-0.0007,-0.04449,0.29813
-0.0029,-0.04432,0.2986
-0.00043,-0.04414,0.30114
-0.00354,-0.04388,0.29825
-0.00471,-0.04418,0.29888
-0.01267,-0.04384,0.30169
-0.01332,-0.04385,0.29868
-0.01406,-0.04399,0.29896
-0.01369,-0.04392,0.29882
-0.01211,-0.04385,0.3015
-0.01949,-0.04382,0.30126
-0.04797,-0.0437,0.3157
-0.05889,-0.0438,0.31661
-0.05978,-0.04365,0.31692
-0.01409,-0.04407,0.29889
-0.01412,-0.04414,0.29882
-0.06041,-0.04405,0.31646
-0.05895,-0.04425,0.31647
-0.05894,-0.04395,0.31647
-0.03653,-0.0442,0.30765
-0.06043,-0.04415,0.31641
-0.05992,-0.04425,0.31771
-0.061,-0.04417,0.31508
-0.061,-0.04395,0.31508
-0.06101,-0.04395,0.31082
-0.061,-0.04406,0.31295
-0.06101,-0.04418,0.31082
-0.061,-0.0441,0.31508
-0.06115,-0.0438,0.31508
-0.06102,-0.04396,0.30655
-0.06102,-0.04411,0.30655
-0.06102,-0.04396,0.30229
-0.061,-0.04402,0.31508
-0.06101,-0.04403,0.31082
-0.06102,-0.04404,0.30442
-0.06101,-0.04407,0.31082
-0.06311,-0.04662,0.31364
-0.01401,-0.04444,0.29985
-0.06446,-0.04666,0.29645
-0.06444,-0.04555,0.30517
-0.0662,-0.05683,0.32092
-0.06734,-0.04663,0.31469
-0.06442,-0.04444,0.31389
-0.06627,-0.04662,0.32109
-0.06693,-0.04663,0.31364
-0.06911,-0.0506,0.32119
-0.0679,-0.04663,0.3154
-0.07002,-0.04662,0.31838
-0.08108,-0.04978,0.3213
-0.06863,-0.04949,0.32119
-0.07004,-0.04953,0.32119
-0.06898,-0.0495,0.32119
-0.06981,-0.05093,0.32124
-0.06815,-0.04808,0.32114
-0.06968,-0.04952,0.32119
-0.06745,-0.04806,0.32114
-0.07192,-0.05098,0.32124
-0.07062,-0.05025,0.32122
-0.07146,-0.05347,0.32129
-0.0718,-0.05168,0.32126
-0.0711,-0.05166,0.32126
-0.07239,-0.0524,0.32129
-0.07287,-0.0535,0.32129
-0.08346,-0.05126,0.32131
-0.07629,-0.05527,0.3213
-0.06705,-0.04665,0.29539
-0.06543,-0.04664,0.31263
-0.06432,-0.04664,0.31389
-0.06119,-0.04668,0.31754
-0.06484,-0.04444,0.31387
-0.06328,-0.044,0.31131
-0.06437,-0.04666,0.29638
-0.06239,-0.04367,0.29582
-0.06796,-0.04395,0.29676
-0.06528,-0.04393,0.3108
-0.06445,-0.04446,0.29644
-0.06491,-0.0441,0.31271
-0.06646,-0.04363,0.31783
-0.0644,-0.04363,0.31881
-0.06129,-0.04364,0.31782
-0.06545,-0.04666,0.3004
-0.06543,-0.04664,0.31163
-0.06543,-0.04554,0.31164
-0.06129,-0.04364,0.3188
-0.06752,-0.0436,0.33064
-0.06933,-0.04358,0.34205
-0.06755,-0.04362,0.31881
-0.04733,-0.0437,0.31872
-0.06126,-0.04363,0.33063
-0.06808,-0.04384,0.35087
-0.04804,-0.04406,0.31828
-0.04666,-0.044,0.31852
-0.04666,-0.0443,0.31852
-0.04666,-0.0443,0.31902
-0.0482,-0.04416,0.31613
-0.04941,-0.04669,0.3163
-0.04758,-0.0443,0.31469
-0.00929,-0.04446,0.30036
-0.01236,-0.04445,0.3019
-0.01236,-0.04414,0.3019
-0.04727,-0.04385,0.31548
-0.00963,-0.04445,0.30376
-0.0116,-0.04443,0.31844
-0.00257,-0.04446,0.31842
-0.00257,-0.04416,0.31842
-0.04666,-0.04385,0.31867
-0.00257,-0.04401,0.31857
-0.00103,-0.04437,0.31789
0.00004,-0.04447,0.31902
-0.00239,-0.04386,0.31872
-0.06229,-0.04361,0.34203
-0.06552,-0.04405,0.34909
-0.07004,-0.04382,0.35008
-0.06436,-0.04363,0.35042
-0.06805,-0.0438,0.36489
-0.06951,-0.04418,0.34707
-0.06699,-0.04419,0.34791
-0.06809,-0.04659,0.34668
-0.08132,-0.04651,0.36429
-0.08249,-0.04651,0.36072
-0.06654,-0.04659,0.34513
-0.0673,-0.04654,0.36598
-0.06446,-0.0466,0.34706
-0.06409,-0.04659,0.35554
-0.06373,-0.04658,0.36402
-0.06317,-0.04395,0.34946
-0.06452,-0.04439,0.34777
-0.06119,-0.04359,0.36261
-0.06545,-0.04356,0.36922
-0.06419,-0.04437,0.36409
-0.06119,-0.04358,0.36556
-0.04671,-0.04509,0.36919
-0.05681,-0.04639,0.3692
-0.07949,-0.04681,0.36926
-0.07761,-0.04527,0.36925
-0.07855,-0.04604,0.36926
-0.08666,-0.04641,0.3674
-0.07953,-0.04658,0.36629
-0.07904,-0.04454,0.36633
-0.07787,-0.04659,0.36634
-0.08131,-0.04411,0.36449
-0.07226,-0.04516,0.36604
-0.07842,-0.04382,0.36508
-0.07944,-0.04381,0.36311
-0.07114,-0.04357,0.34499
-0.0799,-0.04385,0.35693
-0.07904,-0.04371,0.35631
-0.07914,-0.04398,0.35624
-0.0812,-0.04412,0.36043
-0.0694,-0.04418,0.34347
-0.07137,-0.04408,0.34434
-0.0717,-0.04378,0.3456
-0.07546,-0.044,0.35089
-0.073,-0.04386,0.34733
-0.07314,-0.04374,0.34775
-0.07285,-0.04369,0.34743
-0.08619,-0.04849,0.36827
-0.08626,-0.04586,0.33075
-0.08592,-0.04352,0.34208
-0.08623,-0.0438,0.30379
-0.08592,-0.04352,0.34178
-0.07177,-0.04357,0.34175
-0.07179,-0.04359,0.33065
-0.08595,-0.04354,0.33068
-0.06839,-0.0439,0.31227
-0.07182,-0.0436,0.31882
-0.08607,-0.04364,0.31132
-0.08624,-0.04358,0.30182
-0.09201,-0.04356,0.29589
-0.08646,-0.0438,0.30264
-0.08254,-0.04385,0.31767
-0.08067,-0.04394,0.30873
-0.08266,-0.04387,0.31006
-0.07272,-0.04381,0.31584
-0.0736,-0.0436,0.31857
-0.07307,-0.04413,0.31775
-0.07006,-0.04421,0.31733
-0.07143,-0.04421,0.31936
-0.08342,-0.04416,0.31825
-0.08134,-0.04388,0.31842
-0.07411,-0.0439,0.3184
-0.08076,-0.04357,0.31879
-0.07187,-0.04363,0.29579
-0.08341,-0.04359,0.29587
-0.07187,-0.04363,0.29584
-0.06943,-0.04364,0.29579
-0.06995,-0.04364,0.29584
-0.06863,-0.04381,0.29613
-0.0676,-0.04365,0.29578
-0.06967,-0.04365,0.29214
-0.06651,-0.04365,0.29578
-0.06651,-0.04365,0.29583
-0.06508,-0.04367,0.29213
-0.06134,-0.04368,0.29367
-0.06239,-0.04367,0.29577
-0.0577,-0.04503,0.29211
-0.05903,-0.04522,0.29211
-0.04537,-0.04374,0.29208
-0.0496,-0.04495,0.29209
-0.04824,-0.04512,0.29209
-0.0449,-0.04374,0.29204
-0.04681,-0.04608,0.29209
-0.04461,-0.04704,0.29196
-0.04499,-0.04704,0.29202
-0.03866,-0.04707,0.29123
-0.04409,-0.04704,0.29181
-0.04471,-0.04374,0.29205
-0.0368,-0.04707,0.29082
-0.04093,-0.04706,0.29152
-0.03668,-0.04707,0.29098
-0.04519,-0.04704,0.29205
-0.03853,-0.04376,0.28879
-0.0381,-0.04542,0.28872
-0.03767,-0.04707,0.28865
-0.0448,-0.04704,0.29199
-0.04272,-0.04705,0.29173
-0.04064,-0.04706,0.29147
-0.04262,-0.04705,0.29172
-0.04202,-0.04705,0.29166
-0.03886,-0.04706,0.29126
-0.04074,-0.04706,0.29149
-0.04321,-0.04705,0.29181
-0.044,-0.04704,0.2919
-0.03632,-0.04378,0.28583
-0.03675,-0.04377,0.29095
-0.03247,-0.04675,0.2841
-0.03699,-0.04543,0.28724
-0.03256,-0.04676,0.28055
-0.03539,-0.04378,0.2833
-0.02966,-0.04455,0.27836
-0.03748,-0.04707,0.28843
-0.03248,-0.04686,0.28411
-0.02869,-0.04382,0.27764
-0.0287,-0.04662,0.27767
-0.0297,-0.04661,0.281
-0.03159,-0.04673,0.27983
-0.03159,-0.04603,0.27982
-0.0287,-0.0455,0.27765
-0.03063,-0.04669,0.27911
-0.03062,-0.04529,0.27909
-0.03063,-0.04613,0.2791
-0.02869,-0.04438,0.27764
-0.02979,-0.04661,0.28091
-0.02966,-0.04665,0.27839
-0.02489,-0.04685,0.28409
-0.02482,-0.04675,0.28054
-0.02773,-0.04665,0.27838
-0.02816,-0.04662,0.28061
-0.02895,-0.04381,0.2803
-0.02805,-0.04661,0.28262
-0.03198,-0.0466,0.28405
-0.02953,-0.04661,0.28208
-0.02819,-0.04381,0.28267
-0.02957,-0.04381,0.28198
-0.02955,-0.04567,0.28204
-0.02956,-0.04567,0.282
-0.02959,-0.04381,0.28193
-0.02962,-0.04381,0.28184
-0.02964,-0.04661,0.28136
-0.02961,-0.04381,0.28189
-0.02965,-0.04474,0.28156
-0.02959,-0.04474,0.28192
-0.02967,-0.04568,0.28128
-0.02959,-0.04661,0.28172
-0.02956,-0.04474,0.28201
-0.02964,-0.04521,0.28149
-0.03484,-0.04378,0.28508
-0.03704,-0.04377,0.29096
-0.03616,-0.04543,0.28676
-0.03617,-0.04707,0.29133
-0.036,-0.04707,0.29144
-0.03545,-0.04708,0.29153
-0.03526,-0.04708,0.29157
-0.02366,-0.04712,0.29204
-0.03218,-0.04709,0.29181
-0.02909,-0.0471,0.29205
-0.04285,-0.04705,0.29196
-0.02179,-0.04713,0.29151
-0.02226,-0.04712,0.29164
-0.02656,-0.04711,0.29192
-0.02876,-0.0471,0.2916
-0.04069,-0.04706,0.29176
-0.03581,-0.04708,0.29147
-0.04032,-0.04706,0.29183
-0.03798,-0.04707,0.29166
-0.03452,-0.04708,0.29206
-0.02946,-0.0471,0.2918
-0.03779,-0.04707,0.2917
-0.03489,-0.04708,0.29181
-0.02319,-0.04712,0.29191
-0.03189,-0.04709,0.29155
-0.03236,-0.04709,0.29168
-0.02923,-0.0471,0.29174
-0.03554,-0.04377,0.29154
-0.02753,-0.04545,0.29101
-0.03563,-0.04708,0.2915
-0.02853,-0.0471,0.29154
-0.0261,-0.04587,0.29114
-0.02367,-0.04464,0.29074
-0.02516,-0.04711,0.29152
-0.02828,-0.04669,0.29141
-0.0314,-0.04627,0.29129
-0.01834,-0.04714,0.29176
-0.01488,-0.04715,0.29202
-0.02248,-0.04547,0.29099
-0.01794,-0.04714,0.29166
-0.02146,-0.04713,0.29144
-0.01441,-0.04715,0.29189
-0.01933,-0.04714,0.29164
-0.02052,-0.04713,0.29156
-0.0217,-0.04713,0.29149
-0.01781,-0.04714,0.29203
-0.02272,-0.04712,0.29177
-0.01687,-0.04714,0.29176
-0.0198,-0.04713,0.29177
-0.02754,-0.04711,0.29173
-0.02162,-0.04713,0.29147
-0.02096,-0.04589,0.2911
-0.0203,-0.04465,0.29072
-0.02466,-0.04629,0.29126
-0.0208,-0.04548,0.29099
-0.02154,-0.04713,0.29146
-0.02142,-0.04672,0.29135
-0.02129,-0.0463,0.29125
-0.02067,-0.04548,0.29096
-0.02088,-0.04589,0.29108
-0.02022,-0.04466,0.2907
-0.02417,-0.04547,0.291
-0.02071,-0.04548,0.29097
-0.02104,-0.0463,0.29119
-0.02133,-0.04672,0.29133
-0.02027,-0.04713,0.2919
-0.01734,-0.04714,0.29189
-0.02039,-0.04713,0.29154
-0.01802,-0.04714,0.29168
-0.01671,-0.04714,0.29173
-0.01982,-0.04714,0.28991
-0.02063,-0.04589,0.29088
-0.01981,-0.04466,0.29032
-0.01295,-0.04716,0.29183
-0.01941,-0.04714,0.29152
-0.01433,-0.04715,0.29187
-0.0172,-0.04714,0.29163
-0.02023,-0.04713,0.29029
-0.01982,-0.04631,0.29005
-0.02063,-0.04548,0.29095
-0.02064,-0.04713,0.29067
-0.02064,-0.04672,0.29074
-0.01229,-0.04716,0.29195
-0.01532,-0.04715,0.29169
-0.01908,-0.04714,0.29158
-0.01687,-0.04714,0.29169
-0.01737,-0.04714,0.2916
-0.01921,-0.04714,0.29133
-0.02105,-0.04713,0.29106
-0.01618,-0.04715,0.29167
-0.01859,-0.04714,0.29076
-0.01696,-0.04714,0.29122
-0.01655,-0.04715,0.29084
-0.0138,-0.04716,0.29182
-0.02022,-0.04589,0.2905
-0.01364,-0.04716,0.29185
-0.02002,-0.0459,0.29031
-0.02023,-0.04672,0.29036
-0.01568,-0.04715,0.29177
-0.02045,-0.04586,0.28939
-0.02108,-0.04458,0.28887
-0.02194,-0.04685,0.28334
-0.01491,-0.04715,0.2913
-0.02088,-0.04699,0.28663
-0.02487,-0.04682,0.2832
-0.02109,-0.04706,0.28846
-0.02357,-0.04685,0.28288
-0.02235,-0.04698,0.28656
-0.01617,-0.04706,0.28896
-0.02232,-0.04694,0.28522
-0.01819,-0.04714,0.29038
-0.01799,-0.0471,0.28944
-0.02486,-0.0468,0.28231
-0.02362,-0.04692,0.28554
-0.02107,-0.04704,0.28757
-0.02234,-0.04697,0.28611
-0.02362,-0.04609,0.28568
-0.02236,-0.04699,0.287
-0.01981,-0.04548,0.29019
-0.02172,-0.04661,0.2878
-0.02298,-0.04694,0.28583
-0.02299,-0.04654,0.28634
-0.02424,-0.04686,0.28393
-0.02172,-0.04579,0.28793
-0.01924,-0.047,0.28709
-0.01843,-0.047,0.28732
-0.02422,-0.04684,0.28304
-0.01718,-0.0471,0.28967
-0.02296,-0.04692,0.28494
-0.03587,-0.04377,0.29146
-0.03825,-0.04707,0.29162
-0.03199,-0.04709,0.29193
-0.03597,-0.04707,0.292
-0.02441,-0.04712,0.29178
-0.04051,-0.04706,0.29179
-0.03616,-0.04707,0.29188
-0.02778,-0.0471,0.29179
-0.0291,-0.04838,0.29205
-0.02366,-0.04754,0.29204
-0.02638,-0.04775,0.29205
-0.03995,-0.04748,0.29207
-0.03995,-0.04706,0.29207
-0.02367,-0.0484,0.29204
-0.03181,-0.0473,0.29206
-0.02367,-0.04797,0.29204
-0.0222,-0.04755,0.29204
-0.02074,-0.04713,0.29203
-0.02367,-0.04882,0.29204
0.0264,-0.049,0.29193
-0.05898,-0.04869,0.29312
-0.02881,-0.0488,0.29255
0.00136,-0.04891,0.29199
-0.05371,-0.04871,0.29211
-0.04752,-0.04873,0.29234
-0.04132,-0.04876,0.29258
-0.05766,-0.0487,0.29287
-0.07664,-0.04863,0.29366
-0.03869,-0.04877,0.29207
-0.03828,-0.04792,0.29207
-0.03118,-0.04879,0.29206
-0.03181,-0.04794,0.29206
-0.04036,-0.04833,0.29208
-0.0462,-0.04874,0.29209
-0.03452,-0.04793,0.29206
-0.02638,-0.04796,0.29205
-0.01115,-0.04887,0.29201
-0.01302,-0.04822,0.29202
-0.01488,-0.04758,0.29202
-0.02074,-0.04798,0.29203
-0.01781,-0.04799,0.29203
0.01388,-0.04896,0.29196
-0.00343,-0.04868,0.292
-0.02074,-0.04841,0.29203
0.00096,-0.04806,0.29199
-0.00237,-0.04762,0.29199
0.00576,-0.04829,0.29198
-0.01781,-0.04757,0.29203
-0.01155,-0.04801,0.29201
0.01681,-0.04854,0.29195
0.00283,-0.04871,0.29198
-0.04579,-0.04789,0.29209
-0.04746,-0.04746,0.29209
-0.04683,-0.0481,0.29209
-0.0414,-0.04854,0.29208
-0.05162,-0.04829,0.2921
-0.06517,-0.04867,0.29288
-0.07024,-0.04865,0.29314
-0.06385,-0.04867,0.29263
-0.08415,-0.0486,0.29367
-0.06273,-0.04868,0.29313
-0.05774,-0.04577,0.29211
-0.05573,-0.04752,0.29211
-0.05775,-0.04633,0.29211
-0.05775,-0.04652,0.29211
-0.05812,-0.04702,0.29211
-0.05625,-0.04794,0.29211
-0.0588,-0.04717,0.29212
-0.05903,-0.04723,0.29212
-0.0579,-0.0468,0.29211
-0.05786,-0.04673,0.29211
-0.05674,-0.04707,0.29211
-0.05578,-0.04772,0.29211
-0.05806,-0.04696,0.29211
-0.05481,-0.04829,0.29211
-0.05685,-0.04728,0.29211
-0.05588,-0.04784,0.29211
-0.0495,-0.04683,0.29209
-0.05166,-0.04766,0.2921
-0.04961,-0.04662,0.29209
-0.04964,-0.04655,0.29209
-0.04838,-0.04726,0.29209
-0.05138,-0.04791,0.2921
-0.04906,-0.0471,0.29209
-0.04928,-0.04705,0.29209
-0.04968,-0.04631,0.29209
-0.0527,-0.04809,0.2921
-0.05066,-0.04709,0.2921
-0.05169,-0.04751,0.2921
-0.05067,-0.04796,0.2921
-0.04763,-0.04721,0.29209
-0.05237,-0.04835,0.2921
-0.04945,-0.04688,0.29209
-0.05266,-0.04824,0.2921
-0.05039,-0.04746,0.2921
-0.05158,-0.0478,0.2921
-0.08245,-0.04749,0.29317
-0.06216,-0.04757,0.29212
-0.074,-0.04864,0.29315
-0.06808,-0.0481,0.29264
-0.05795,-0.04685,0.29211
-0.05591,-0.04786,0.29211
-0.0558,-0.04775,0.29211
-0.05583,-0.04778,0.29211
-0.05779,-0.04659,0.29211
-0.05475,-0.04823,0.29211
-0.05472,-0.04816,0.29211
-0.05575,-0.04765,0.29211
-0.04966,-0.04647,0.29209
-0.0507,-0.04686,0.2921
-0.05168,-0.04763,0.2921
-0.05168,-0.04759,0.2921
-0.04934,-0.04699,0.29209
-0.05055,-0.0473,0.2921
-0.0526,-0.0483,0.2921
-0.05152,-0.04785,0.2921
-0.06137,-0.04748,0.29212
-0.06638,-0.047,0.29213
-0.05637,-0.04797,0.29211
-0.05781,-0.04787,0.29211
-0.05793,-0.04814,0.29211
-0.0577,-0.0476,0.29211
-0.0486,-0.04721,0.29209
-0.05104,-0.04799,0.2921
-0.05149,-0.04788,0.2921
-0.05115,-0.04796,0.2921
-0.04954,-0.04676,0.29209
-0.0516,-0.04777,0.2921
-0.05269,-0.04817,0.2921
-0.05162,-0.04773,0.2921
-0.05775,-0.04595,0.29211
-0.05572,-0.04724,0.29211
-0.05573,-0.04761,0.29211
-0.05573,-0.04733,0.29211
-0.05834,-0.04707,0.29211
-0.05702,-0.04744,0.29211
-0.05504,-0.04834,0.29211
-0.05603,-0.04789,0.29211
-0.0542,-0.04622,0.2921
-0.05472,-0.04797,0.29211
-0.05522,-0.04654,0.29211
-0.05673,-0.0465,0.29211
-0.0537,-0.04659,0.2921
-0.04969,-0.04624,0.29209
-0.0517,-0.04694,0.2921
-0.0537,-0.04765,0.2921
-0.0527,-0.0465,0.2921
-0.05369,-0.04552,0.2921
-0.0517,-0.04747,0.2921
-0.04688,-0.04715,0.29209
-0.04954,-0.04788,0.2921
-0.04971,-0.04763,0.2921
-0.05029,-0.04793,0.2921
-0.04821,-0.04751,0.29209
-0.05,-0.04778,0.2921
-0.04982,-0.0476,0.2921
-0.04829,-0.04739,0.29209
-0.05105,-0.04756,0.2921
-0.05057,-0.04726,0.2921
-0.04995,-0.04715,0.2921
-0.05119,-0.0472,0.2921
-0.05169,-0.04588,0.2921
-0.05169,-0.04535,0.2921
-0.05269,-0.04544,0.2921
-0.05018,-0.04666,0.2921
-0.05644,-0.04762,0.29211
-0.05693,-0.04736,0.29211
-0.05768,-0.04726,0.29211
-0.04968,-0.04623,0.2951
-0.04966,-0.04644,0.2951
-0.04896,-0.04568,0.29322
-0.04968,-0.04623,0.29435
-0.04969,-0.04624,0.29285
-0.04933,-0.04596,0.29247
-0.04896,-0.04568,0.29209
-0.04968,-0.04629,0.2936
-0.04968,-0.04624,0.2936
-0.04968,-0.04634,0.2936
-0.04966,-0.04642,0.29247
-0.04969,-0.04629,0.29285
-0.04967,-0.04639,0.29322
-0.04967,-0.04639,0.29435
-0.04967,-0.04639,0.29209
-0.04933,-0.04596,0.29209
-0.05101,-0.04543,0.2921
-0.05269,-0.04491,0.2921
-0.0486,-0.0454,0.29209
-0.04965,-0.0456,0.29209
-0.05069,-0.04579,0.2921
-0.05115,-0.04493,0.2921
-0.05046,-0.04501,0.29209
-0.05233,-0.04463,0.2921
-0.05151,-0.04521,0.2921
-0.05015,-0.04537,0.29209
-0.05096,-0.04479,0.29209
-0.04966,-0.04647,0.29322
-0.04966,-0.04644,0.29397
-0.04965,-0.04649,0.2936
-0.04967,-0.04634,0.29435
-0.04968,-0.04626,0.29435
-0.04967,-0.04629,0.2951
-0.04914,-0.04582,0.29359
-0.0486,-0.0454,0.29284
-0.04896,-0.04568,0.29247
-0.0495,-0.0461,0.2936
-0.04932,-0.04595,0.29435
-0.04963,-0.04593,0.2951
-0.05369,-0.0463,0.29511
-0.05771,-0.0462,0.29512
-0.04967,-0.04639,0.2951
-0.05781,-0.04565,0.29512
-0.05778,-0.04579,0.29512
-0.0557,-0.04621,0.29511
-0.05373,-0.04601,0.29511
-0.05825,-0.04535,0.29512
-0.05186,-0.04599,0.2951
-0.05578,-0.0458,0.29511
-0.05397,-0.04579,0.29511
-0.04967,-0.04634,0.2951
-0.05168,-0.04628,0.2951
-0.05369,-0.04622,0.29511
-0.05811,-0.04545,0.29512
-0.05622,-0.04549,0.29511
-0.05374,-0.04594,0.29511
-0.05389,-0.04584,0.29511
-0.05776,-0.04593,0.29512
-0.05171,-0.04609,0.2951
-0.05168,-0.04623,0.2951
-0.05372,-0.04608,0.29511
-0.04893,-0.04552,0.29359
-0.04964,-0.046,0.2951
-0.04896,-0.04568,0.29359
-0.0493,-0.04588,0.29435
-0.05403,-0.0457,0.29511
-0.04966,-0.04616,0.2951
-0.05185,-0.04591,0.2951
-0.04965,-0.04608,0.2951
-0.05404,-0.04574,0.29511
-0.05506,-0.04567,0.29511
-0.05403,-0.04566,0.29511
-0.05401,-0.04559,0.29511
-0.05183,-0.04583,0.2951
-0.05716,-0.04547,0.29511
-0.05839,-0.04525,0.29211
-0.0581,-0.04545,0.29474
-0.0584,-0.04525,0.29437
-0.05825,-0.04535,0.29286
-0.05807,-0.04551,0.29211
-0.05778,-0.04571,0.29361
-0.0581,-0.04545,0.29361
-0.05794,-0.04558,0.29361
-0.05839,-0.04525,0.29286
-0.05796,-0.04555,0.29512
-0.05796,-0.04555,0.29436
-0.0581,-0.04545,0.29399
-0.05775,-0.04594,0.29474
-0.05779,-0.04568,0.29436
-0.05775,-0.0459,0.29399
-0.05776,-0.04574,0.29286
-0.05773,-0.04607,0.29512
-0.05473,-0.04601,0.29511
-0.05592,-0.04569,0.29511
-0.05702,-0.04557,0.29511
-0.05773,-0.04597,0.29399
-0.05774,-0.04586,0.29324
-0.05772,-0.04599,0.29361
-0.05792,-0.04561,0.29286
-0.05818,-0.0454,0.29399
-0.05832,-0.0453,0.29361
-0.05808,-0.04548,0.29286
-0.05817,-0.0454,0.29361
-0.0558,-0.04505,0.29211
-0.0579,-0.04564,0.29211
-0.05823,-0.04538,0.29211
-0.05713,-0.04512,0.29211
-0.05604,-0.04486,0.29211
-0.05804,-0.04514,0.29211
-0.05887,-0.04523,0.29211
-0.05722,-0.04506,0.29211
-0.05871,-0.04524,0.29211
-0.05855,-0.04524,0.29286
-0.0584,-0.04525,0.29361
-0.05671,-0.04495,0.29211
-0.05855,-0.04525,0.29211
-0.05487,-0.04466,0.2921
-0.05612,-0.04485,0.29211
-0.05856,-0.04524,0.29361
-0.05872,-0.04523,0.29361
-0.05871,-0.04523,0.29286
-0.05628,-0.04484,0.29211
-0.05762,-0.04503,0.29211
-0.05636,-0.04484,0.29211
-0.0563,-0.04521,0.29211
-0.0547,-0.04479,0.2921
-0.05596,-0.04492,0.29211
-0.05748,-0.04541,0.29211
-0.05673,-0.04544,0.29211
-0.04929,-0.04576,0.29435
-0.05674,-0.046,0.29511
-0.05369,-0.04627,0.29511
-0.05168,-0.04633,0.2951
-0.05368,-0.04632,0.29511
-0.05472,-0.04608,0.29511
-0.04894,-0.0456,0.29359
-0.05772,-0.04641,0.29512
-0.05772,-0.04625,0.29474
-0.05771,-0.04609,0.29436
-0.05772,-0.04612,0.29399
-0.05773,-0.04588,0.29286
-0.05772,-0.04636,0.29512
-0.0567,-0.04629,0.29511
-0.05771,-0.04631,0.29512
-0.05569,-0.04626,0.29511
-0.05469,-0.04632,0.29511
-0.05771,-0.04626,0.29512
-0.05167,-0.04638,0.2951
-0.05369,-0.04635,0.29511
-0.05369,-0.04638,0.29511
-0.05369,-0.04643,0.29511
-0.0557,-0.04637,0.29511
-0.05773,-0.04614,0.29399
-0.05772,-0.04625,0.29436
-0.05773,-0.04606,0.29361
-0.05774,-0.04593,0.29286
-0.05773,-0.04601,0.29361
-0.05775,-0.04614,0.29211
-0.05774,-0.04647,0.29361
-0.05773,-0.04609,0.29361
-0.05773,-0.04628,0.29361
-0.05777,-0.04656,0.29474
-0.05773,-0.04644,0.29437
-0.05782,-0.04669,0.29512
-0.05777,-0.04656,0.29399
-0.05774,-0.04649,0.29286
-0.0578,-0.04662,0.29512
-0.05674,-0.04649,0.29511
-0.05777,-0.04655,0.29512
-0.0557,-0.04642,0.29511
-0.05471,-0.04646,0.29511
-0.05774,-0.04648,0.29512
-0.05168,-0.04643,0.2951
-0.04956,-0.04672,0.2951
-0.05682,-0.04673,0.2951
-0.05581,-0.04677,0.29508
-0.0579,-0.04679,0.29507
-0.05782,-0.04664,0.2936
-0.05788,-0.04676,0.29508
-0.05777,-0.04656,0.29286
-0.05373,-0.0466,0.29511
-0.04964,-0.04652,0.2951
-0.05577,-0.04665,0.29511
-0.05786,-0.04674,0.29509
-0.05782,-0.04667,0.29435
-0.05779,-0.0466,0.29361
-0.05781,-0.04665,0.29437
-0.05778,-0.04659,0.29399
-0.05165,-0.04674,0.29509
-0.05163,-0.04671,0.2951
-0.05784,-0.04671,0.2951
-0.05473,-0.04671,0.2951
-0.04963,-0.04654,0.2951
-0.05269,-0.04662,0.29511
-0.05576,-0.0467,0.29511
-0.04965,-0.04649,0.2951
-0.05374,-0.04657,0.29511
-0.05168,-0.04658,0.2951
-0.05373,-0.04659,0.29511
-0.05371,-0.04666,0.29511
-0.05369,-0.0467,0.29511
-0.05373,-0.04661,0.29511
-0.05474,-0.04653,0.29511
-0.0517,-0.0465,0.2951
-0.05676,-0.04655,0.29511
-0.05578,-0.04663,0.29511
-0.04949,-0.04682,0.29505
-0.05805,-0.04696,0.29498
-0.04936,-0.04697,0.29497
-0.05159,-0.04681,0.29506
-0.0579,-0.04679,0.29433
-0.05793,-0.04684,0.29283
-0.05782,-0.04666,0.29211
-0.0579,-0.04679,0.29359
-0.05783,-0.04665,0.29359
-0.05786,-0.04672,0.29359
-0.05802,-0.04694,0.29499
-0.0579,-0.04679,0.29285
-0.0558,-0.04679,0.29506
-0.05797,-0.04687,0.29503
-0.05371,-0.04678,0.29507
-0.05369,-0.0468,0.29506
-0.05373,-0.04675,0.29508
-0.05474,-0.04672,0.2951
-0.05786,-0.04673,0.29471
-0.05786,-0.04672,0.29433
-0.05783,-0.04667,0.29397
-0.05779,-0.04658,0.29285
-0.05786,-0.04672,0.29285
-0.05781,-0.04663,0.2936
-0.05163,-0.04676,0.29508
-0.04951,-0.04679,0.29506
-0.0516,-0.0468,0.29506
-0.05801,-0.04692,0.29427
-0.05782,-0.04665,0.29285
-0.0537,-0.04696,0.29498
-0.04939,-0.04693,0.29499
-0.05377,-0.04689,0.29502
-0.0549,-0.04704,0.29494
-0.05828,-0.04711,0.29491
-0.05153,-0.04697,0.29497
-0.05801,-0.04691,0.29211
-0.05808,-0.04699,0.29355
-0.05797,-0.04688,0.29355
-0.05803,-0.04693,0.29355
-0.05588,-0.04696,0.29498
-0.05699,-0.04698,0.29497
-0.0581,-0.04699,0.29496
-0.05816,-0.04703,0.29495
-0.05813,-0.04702,0.29389
-0.0581,-0.047,0.29283
-0.05822,-0.04707,0.29493
-0.05814,-0.04702,0.2946
-0.05806,-0.04697,0.29427
-0.05817,-0.04704,0.29352
-0.05816,-0.04704,0.29281
-0.05819,-0.04706,0.29387
-0.05804,-0.04695,0.29283
-0.05814,-0.04702,0.29353
-0.05824,-0.04709,0.29421
-0.0582,-0.04706,0.29458
-0.05379,-0.04702,0.29495
-0.05605,-0.04708,0.29492
-0.05799,-0.04689,0.29283
-0.05708,-0.04703,0.29494
-0.05373,-0.04698,0.29497
-0.05159,-0.04701,0.29496
-0.05269,-0.04703,0.29494
-0.05602,-0.04709,0.29492
-0.04911,-0.04714,0.29489
-0.04927,-0.04704,0.29494
-0.05498,-0.04716,0.29488
-0.05855,-0.04719,0.29487
-0.0514,-0.04713,0.29489
-0.05857,-0.04712,0.29212
-0.05865,-0.04717,0.29351
-0.0582,-0.04706,0.29351
-0.05842,-0.04712,0.29351
-0.05599,-0.04712,0.2949
-0.05716,-0.04712,0.2949
-0.05834,-0.04713,0.2949
-0.05373,-0.0471,0.29491
-0.05369,-0.04713,0.2949
-0.05377,-0.04707,0.29492
-0.05267,-0.04705,0.29494
-0.05152,-0.04705,0.29493
-0.05382,-0.04704,0.29494
-0.05841,-0.04715,0.29489
-0.05863,-0.04717,0.29385
-0.05884,-0.0472,0.29281
-0.05848,-0.04717,0.29488
-0.05847,-0.04716,0.29454
-0.05846,-0.04714,0.29421
-0.05875,-0.0472,0.2935
-0.05869,-0.04719,0.29384
-0.05891,-0.04722,0.2928
-0.05861,-0.04715,0.29281
-0.05872,-0.04719,0.2935
-0.05854,-0.04718,0.29453
-0.05867,-0.0472,0.29418
-0.05044,-0.04701,0.29495
-0.05041,-0.04704,0.29494
-0.04929,-0.04702,0.29495
-0.05148,-0.04708,0.29492
-0.04915,-0.04712,0.2949
-0.05142,-0.04712,0.2949
-0.0538,-0.04716,0.29488
-0.05619,-0.04718,0.29487
-0.05838,-0.04709,0.29281
-0.05727,-0.04716,0.29488
-0.05373,-0.04714,0.29489
-0.05147,-0.04716,0.29488
-0.04884,-0.04723,0.29485
-0.04899,-0.04718,0.29487
-0.05498,-0.04721,0.29486
-0.0587,-0.04719,0.29487
-0.05127,-0.04722,0.29485
-0.05884,-0.04721,0.29349
-0.05866,-0.04719,0.29487
-0.05863,-0.04719,0.29487
-0.05871,-0.0472,0.29418
-0.05879,-0.04721,0.29349
-0.05612,-0.0472,0.29486
-0.05736,-0.0472,0.29486
-0.05859,-0.04719,0.29487
-0.05373,-0.0472,0.29486
-0.05369,-0.04721,0.29486
-0.05377,-0.04719,0.29487
-0.05264,-0.04717,0.29488
-0.05616,-0.04719,0.29487
-0.05261,-0.04717,0.29487
-0.05138,-0.04718,0.29487
-0.05383,-0.04717,0.29488
-0.05025,-0.04716,0.29488
-0.04902,-0.04717,0.29487
-0.0502,-0.04718,0.29487
-0.05134,-0.04719,0.29486
-0.05129,-0.04721,0.29485
-0.04888,-0.04721,0.29485
-0.05883,-0.04721,0.29349
-0.05874,-0.0472,0.29418
-0.05886,-0.04721,0.29349
-0.05741,-0.0472,0.29486
-0.05377,-0.04721,0.29486
-0.05495,-0.04721,0.29486
-0.0513,-0.04722,0.29485
-0.05507,-0.04721,0.29486
-0.05883,-0.04719,0.29487
-0.05624,-0.0472,0.29486
-0.05748,-0.0472,0.29486
-0.05873,-0.04719,0.29487
-0.05877,-0.04719,0.29487
-0.05886,-0.04721,0.29383
-0.05894,-0.04722,0.2928
-0.0588,-0.04719,0.29487
-0.05879,-0.0472,0.29452
-0.05878,-0.0472,0.29418
-0.0729,-0.04641,0.29518
-0.06836,-0.04665,0.29514
-0.04856,-0.04723,0.29484
-0.01382,-0.04792,0.29449
-0.08661,-0.0471,0.29492
0.05896,-0.04875,0.29405
-0.05633,-0.0472,0.29486
-0.05934,-0.04684,0.29361
-0.05966,-0.04646,0.29511
-0.05938,-0.0467,0.29503
-0.05916,-0.04696,0.29426
-0.05893,-0.04721,0.29349
-0.07235,-0.0469,0.29501
-0.05911,-0.04695,0.29495
0.02483,-0.04825,0.29431
-0.05369,-0.04721,0.29485
0.0197,-0.04823,0.29432
-0.017,-0.04772,0.29459
-0.01957,-0.04771,0.29459
-0.04614,-0.04743,0.29474
-0.07272,-0.04714,0.29489
-0.08614,-0.04693,0.29501
-0.07586,-0.04699,0.29497
-0.06559,-0.04705,0.29494
-0.07254,-0.04708,0.29493
-0.07931,-0.04699,0.29497
-0.06578,-0.04717,0.29488
-0.0758,-0.04691,0.29501
-0.07911,-0.04676,0.29509
-0.07248,-0.04706,0.29494
-0.07266,-0.04712,0.29491
-0.06566,-0.04713,0.2949
-0.07966,-0.04712,0.29491
-0.04869,-0.04723,0.29484
-0.05248,-0.04722,0.29485
-0.05626,-0.0472,0.29486
-0.05244,-0.04722,0.29485
-0.05113,-0.04722,0.29485
-0.05376,-0.04721,0.29486
-0.05257,-0.04721,0.29485
-0.0563,-0.0472,0.29486
-0.05134,-0.04722,0.29485
-0.05753,-0.0472,0.29486
-0.05253,-0.04722,0.29485
-0.05122,-0.04722,0.29485
-0.05383,-0.04721,0.29486
-0.05882,-0.0472,0.29452
-0.05888,-0.0472,0.29418
-0.05889,-0.04721,0.29383
-0.05898,-0.04722,0.2928
-0.05891,-0.04721,0.29349
-0.0589,-0.04721,0.29349
-0.05382,-0.04721,0.29486
-0.05003,-0.04722,0.29485
-0.04873,-0.04723,0.29484
-0.04998,-0.04722,0.29485
-0.05379,-0.04721,0.29486
-0.04991,-0.04723,0.29485
-0.04859,-0.04723,0.29484
-0.04986,-0.04723,0.29485
-0.04852,-0.04725,0.29347
-0.04866,-0.04723,0.29484
-0.04876,-0.04723,0.29485
-0.04861,-0.04724,0.29381
-0.04845,-0.04726,0.29278
-0.04858,-0.04724,0.29416
-0.04862,-0.04723,0.29484
-0.04853,-0.04725,0.29347
-0.0488,-0.04723,0.29485
-0.04871,-0.04723,0.2945
-0.04861,-0.04724,0.29416
-0.04859,-0.04725,0.29347
-0.04865,-0.04724,0.29381
-0.04849,-0.04726,0.29278
-0.0485,-0.04725,0.29347
-0.04847,-0.04725,0.29347
-0.04854,-0.04724,0.29416
-0.04857,-0.04725,0.29347
-0.04874,-0.04723,0.2945
-0.04872,-0.04724,0.29416
-0.01443,-0.04773,0.29458
-0.07613,-0.04711,0.29491
-0.08262,-0.04684,0.29505
-0.08594,-0.04669,0.29513
-0.08253,-0.04673,0.29511
-0.08296,-0.04704,0.29495
-0.08625,-0.04697,0.29499
-0.08278,-0.04698,0.29498
-0.08615,-0.04719,0.29218
-0.08607,-0.04685,0.29505
-0.08649,-0.04705,0.29495
-0.09021,-0.04774,0.2946
-0.08669,-0.04733,0.29218
-0.086,-0.04677,0.29509
-0.08637,-0.04701,0.29497
-0.09045,-0.04783,0.29456
-0.09008,-0.04759,0.29468
-0.04225,-0.04702,0.29357
-0.06241,-0.04818,0.29346
-0.04232,-0.04701,0.29495
-0.08683,-0.04488,0.29217
-0.08585,-0.04527,0.29519
-0.08296,-0.04748,0.29217
-0.08676,-0.04611,0.29218
-0.09544,-0.04856,0.29234
-0.09538,-0.0436,0.29237
-0.08734,-0.04502,0.29217
-0.08319,-0.04741,0.29217
-0.08675,-0.04611,0.29218
-0.09486,-0.04856,0.29327
-0.09517,-0.04363,0.2922
-0.08348,-0.04484,0.29217
-0.08416,-0.04359,0.29593
-0.08415,-0.04611,0.29367
-0.06193,-0.04552,0.29212
-0.06478,-0.04366,0.29212
-0.07061,-0.04616,0.29364
-0.08408,-0.0459,0.29317
-0.07061,-0.04629,0.29289
-0.05987,-0.04368,0.29583
-0.05503,-0.04465,0.2921
-0.04876,-0.04372,0.29569
-0.06215,-0.04544,0.29212
-0.08761,-0.04671,0.29515
-0.08567,-0.04597,0.29519
-0.07653,-0.04696,0.29265
-0.08611,-0.04335,0.29995
-0.08246,-0.04396,0.30961
-0.08062,-0.0439,0.30872
-0.08837,-0.04803,0.29368
-0.06772,-0.04612,0.29213
-0.0592,-0.04696,0.29357
-0.05943,-0.04671,0.29434
-0.05948,-0.04672,0.29365
0.02227,-0.04824,0.29432
-0.05309,-0.0474,0.29476
-0.00688,-0.04795,0.29447
0.00581,-0.04818,0.29435
-0.04616,-0.04874,0.29409
-0.08853,-0.04746,0.29474
0.05202,-0.04872,0.29406
-0.06639,-0.04792,0.29451
0.0501,-0.04909,0.29388
-0.09237,-0.04819,0.29438
-0.0404,-0.04764,0.29464
-0.01826,-0.04809,0.2944
-0.06735,-0.0481,0.29442
-0.02114,-0.04864,0.29413
0.00293,-0.04873,0.29408
0.00485,-0.04836,0.29426
-0.01742,-0.04734,0.29478
-0.03607,-0.04727,0.29482
0.07401,-0.0488,0.29402
-0.01186,-0.04774,0.29458
0.00138,-0.04741,0.29474
-0.0111,-0.04732,0.29479
-0.03611,-0.04727,0.29482
-0.04809,-0.04706,0.29493
-0.02983,-0.04728,0.29481
0.01273,-0.04802,0.29443
0.02559,-0.04787,0.2945
-0.02359,-0.04732,0.29479
0.06153,-0.04876,0.29404
-0.01148,-0.04755,0.29467
-0.03576,-0.04715,0.29488
-0.0482,-0.0471,0.29491
-0.01122,-0.04736,0.29476
-0.04216,-0.04719,0.29486
-0.01739,-0.04734,0.29478
-0.01111,-0.04736,0.29476
-0.02366,-0.04732,0.29479
-0.04842,-0.04719,0.29452
-0.04832,-0.04715,0.29489
-0.04851,-0.04724,0.29416
-0.04843,-0.04722,0.29382
-0.04844,-0.04719,0.29486
-0.04842,-0.04726,0.29278
-0.04782,-0.04675,0.29509
-0.02956,-0.04715,0.29488
-0.01103,-0.04724,0.29483
-0.04831,-0.04619,0.29209
-0.04823,-0.04716,0.29351
-0.04816,-0.04609,0.29351
-0.0482,-0.04663,0.29351
-0.04198,-0.04713,0.29489
-0.03556,-0.04691,0.295
-0.04789,-0.04682,0.29505
-0.02343,-0.04723,0.29483
-0.04182,-0.04699,0.29496
-0.04804,-0.04674,0.29461
-0.04795,-0.0469,0.29501
-0.04812,-0.04658,0.29422
-0.04811,-0.04629,0.29388
-0.04802,-0.04698,0.29497
-0.0482,-0.0456,0.2928
-0.04831,-0.04718,0.29384
-0.0483,-0.04721,0.2928
-0.0483,-0.04715,0.29454
-0.04816,-0.04711,0.29422
-0.04841,-0.04723,0.29348
-0.04827,-0.04668,0.2928
-0.04835,-0.04721,0.29349
-0.04813,-0.04605,0.29353
-0.04797,-0.04666,0.29465
-0.04793,-0.04634,0.29434
-0.0481,-0.04601,0.29355
-0.04804,-0.04621,0.29392
-0.04813,-0.04552,0.29284
-0.04172,-0.04687,0.29502
-0.02949,-0.04707,0.29492
-0.04823,-0.04614,0.2928
-0.02734,-0.04694,0.29498
-0.0233,-0.04708,0.29491
-0.03138,-0.0468,0.29505
-0.04388,-0.04593,0.29509
-0.0396,-0.04677,0.29507
-0.03562,-0.04616,0.29507
-0.02316,-0.04682,0.29504
-0.04808,-0.04551,0.2951
-0.04807,-0.04573,0.29359
-0.04791,-0.04633,0.29509
-0.04801,-0.04593,0.29434
-0.048,-0.04592,0.2951
-0.04803,-0.04593,0.29359
-0.04812,-0.04552,0.29359
-0.0482,-0.04511,0.2936
-0.0481,-0.04551,0.29435
-0.03566,-0.04596,0.29507
-0.02324,-0.04641,0.29504
-0.0232,-0.04661,0.29504
-0.01912,-0.04696,0.29497
-0.01507,-0.0471,0.2949
-0.00685,-0.04713,0.29488
0.03771,-0.0481,0.29438
0.07405,-0.0488,0.29402
0.001,-0.0476,0.29464
-0.0049,-0.04739,0.29475
0.0013,-0.04741,0.29474
0.02569,-0.04787,0.2945
0.00144,-0.04741,0.29474
0.0498,-0.04834,0.29426
0.01353,-0.04764,0.29462
0.00139,-0.04741,0.29336
0.00141,-0.04741,0.29474
0.00134,-0.04741,0.29474
0.00135,-0.04741,0.29371
0.00137,-0.04742,0.29267
0.00142,-0.04741,0.29405
0.00148,-0.04741,0.29474
0.00137,-0.04741,0.29336
0.00127,-0.04741,0.29474
0.00132,-0.04741,0.29439
0.00137,-0.04741,0.29405
0.00132,-0.04741,0.29336
0.0013,-0.04741,0.29371
0.00133,-0.04742,0.29267
0.00142,-0.04741,0.29336
0.00144,-0.04741,0.29336
0.00146,-0.04741,0.29405
0.00135,-0.04741,0.29336
0.0013,-0.04741,0.29439
0.00126,-0.04741,0.29405
0.01357,-0.04764,0.29462
0.03775,-0.0481,0.29438
-0.00494,-0.04738,0.29475
-0.0236,-0.0473,0.2948
-0.02349,-0.04726,0.29482
0.03108,-0.04827,0.2943
0.04356,-0.04831,0.29427
-0.04867,-0.04723,0.29348
-0.04896,-0.04719,0.29486
-0.04892,-0.0472,0.29486
-0.04876,-0.04722,0.29416
-0.04861,-0.04725,0.29347
-0.04865,-0.04723,0.29348
-0.0488,-0.04721,0.29417
-0.04869,-0.04722,0.29348
-0.04918,-0.0471,0.29349
-0.04908,-0.04715,0.29488
-0.04905,-0.04716,0.29488
-0.0491,-0.04714,0.29418
-0.04914,-0.04711,0.29348
-0.04907,-0.04715,0.29418
-0.0488,-0.04719,0.29348
-0.04853,-0.04724,0.29279
-0.04921,-0.04708,0.29279
-0.04903,-0.04714,0.29348
-0.04884,-0.0472,0.29418
-0.04879,-0.04717,0.29244
-0.04872,-0.04721,0.29313
-0.04895,-0.04715,0.29313
-0.04883,-0.04716,0.29209
-0.04917,-0.0471,0.29349
-0.0492,-0.0471,0.29349
-0.04913,-0.04713,0.29418
-0.04919,-0.04709,0.29491
-0.04922,-0.04708,0.29385
-0.04924,-0.04707,0.29279
-0.04923,-0.04706,0.29493
-0.04919,-0.04709,0.29456
-0.04915,-0.04712,0.29419
-0.04926,-0.04706,0.29351
-0.04924,-0.04707,0.2935
-0.04928,-0.04704,0.29352
-0.04923,-0.04707,0.29422
-0.04942,-0.04691,0.29353
-0.04934,-0.04699,0.29496
-0.04932,-0.04701,0.29496
-0.04935,-0.04697,0.29424
-0.04939,-0.04693,0.29352
-0.04933,-0.04698,0.29423
-0.0493,-0.04701,0.29352
-0.04928,-0.04705,0.29281
-0.04944,-0.04688,0.29281
-0.04936,-0.04696,0.29352
-0.04927,-0.04704,0.29423
-0.04936,-0.04696,0.29245
-0.04931,-0.04702,0.29316
-0.04939,-0.04694,0.29209
-0.04936,-0.04696,0.29316
-0.04941,-0.04692,0.29353
-0.04937,-0.04695,0.29424
-0.04943,-0.0469,0.29353
-0.04942,-0.04689,0.29501
-0.04945,-0.04688,0.29391
-0.04947,-0.04686,0.29281
-0.04946,-0.04685,0.29503
-0.04943,-0.0469,0.29464
-0.0494,-0.04694,0.29425
-0.04948,-0.04684,0.29356
-0.04946,-0.04686,0.29355
-0.0495,-0.04682,0.29357
-0.04946,-0.04686,0.29429
-0.04959,-0.04665,0.29359
-0.04954,-0.04674,0.29509
-0.04952,-0.04677,0.29507
-0.04954,-0.04672,0.29432
-0.04957,-0.04668,0.29357
-0.04953,-0.04675,0.29431
-0.04951,-0.04679,0.29357
-0.0495,-0.04682,0.29283
-0.04961,-0.04661,0.29283
-0.04955,-0.04672,0.29357
-0.04949,-0.04682,0.29431
-0.04955,-0.04672,0.29246
-0.04951,-0.04679,0.2932
-0.04955,-0.04672,0.2932
-0.04957,-0.04669,0.29209
-0.04958,-0.04666,0.29358
-0.04956,-0.0467,0.29434
-0.0496,-0.04663,0.2936
-0.0537,-0.04646,0.29511
-0.0517,-0.04653,0.2951
-0.05372,-0.0465,0.29511
-0.05271,-0.04658,0.29511
-0.05166,-0.04662,0.2951
-0.05164,-0.04667,0.2951
-0.0496,-0.04663,0.2951
-0.05066,-0.04653,0.2951
-0.04958,-0.04667,0.2951
-0.05267,-0.04669,0.29511
-0.04961,-0.04661,0.29472
-0.04958,-0.04668,0.29435
-0.04965,-0.04652,0.29285
-0.04963,-0.04654,0.29435
-0.04964,-0.04653,0.29397
-0.04962,-0.04659,0.29285
-0.04964,-0.04654,0.2936
-0.04961,-0.04658,0.2951
-0.04963,-0.04656,0.29397
-0.04966,-0.04647,0.29435
-0.04966,-0.04647,0.2951
-0.04964,-0.04655,0.29285
-0.04964,-0.0465,0.29472
-0.04966,-0.04647,0.29472
-0.04964,-0.04653,0.2936
-0.04963,-0.04657,0.29322
-0.04965,-0.04651,0.2936
-0.04962,-0.04659,0.29397
-0.05164,-0.04672,0.2951
-0.05777,-0.04657,0.29361
-0.05775,-0.0465,0.29361
-0.05774,-0.0463,0.29286
-0.05774,-0.04612,0.29286
-0.04872,-0.04541,0.29473
-0.04928,-0.04572,0.29435
-0.04856,-0.04531,0.29397
-0.04858,-0.04532,0.29284
-0.04853,-0.0453,0.2951
-0.05036,-0.04563,0.2951
-0.0489,-0.04551,0.2951
-0.05182,-0.04576,0.2951
-0.05274,-0.04557,0.29511
-0.04926,-0.04572,0.2951
-0.05621,-0.04542,0.29511
-0.05383,-0.04548,0.29511
-0.05365,-0.04538,0.29511
-0.05073,-0.04513,0.29511
-0.04981,-0.04532,0.29511
-0.04838,-0.04521,0.29397
-0.04819,-0.0451,0.29435
-0.04839,-0.04521,0.2936
-0.04822,-0.04511,0.29284
-0.04875,-0.04542,0.29359
-0.05521,-0.04548,0.29211
-0.05572,-0.04511,0.29211
-0.05623,-0.04581,0.29211
-0.05673,-0.0466,0.29211
-0.05627,-0.04741,0.29211
-0.05688,-0.0473,0.29211
-0.05746,-0.04712,0.29211
-0.0651,-0.04642,0.29213
-0.05959,-0.04641,0.29212
-0.05977,-0.04614,0.29212
-0.05942,-0.04669,0.2925
-0.05981,-0.04616,0.29288
-0.05971,-0.04647,0.29442
-0.06771,-0.04662,0.29213
-0.05848,-0.04768,0.29212
-0.05989,-0.0462,0.29442
-0.0594,-0.04669,0.29212
-0.05925,-0.04697,0.29289
-0.05946,-0.04671,0.29327
-0.06482,-0.04683,0.29213
-0.0627,-0.04711,0.29212
-0.05921,-0.04696,0.29212
-0.06057,-0.04699,0.29212
-0.06192,-0.04703,0.29212
-0.05669,-0.0477,0.29211
-0.05965,-0.04644,0.29327
-0.05976,-0.04631,0.29365
-0.0679,-0.04635,0.29213
-0.06374,-0.04638,0.29213
-0.06282,-0.04738,0.29212
-0.05957,-0.04658,0.29365
-0.0656,-0.04691,0.29213
-0.06491,-0.04669,0.29213
-0.0622,-0.04662,0.29212
-0.06519,-0.04628,0.29213
-0.05951,-0.04581,0.2925
-0.05926,-0.04547,0.29288
-0.06491,-0.04594,0.29213
-0.05922,-0.04545,0.29211
-0.05959,-0.04591,0.29212
-0.06103,-0.04606,0.29212
-0.06248,-0.04621,0.29212
-0.05971,-0.04596,0.29442
-0.05985,-0.04618,0.29365
-0.0594,-0.04568,0.29211
-0.05974,-0.04605,0.29327
-0.05978,-0.04607,0.29404
-0.05955,-0.04582,0.29327
-0.0651,-0.04617,0.29213
-0.0622,-0.04587,0.29212
-0.06482,-0.04582,0.29213
-0.05625,-0.04738,0.29211
-0.05674,-0.04678,0.29211
-0.0573,-0.0469,0.29211
-0.05111,-0.04746,0.2921
-0.05067,-0.04705,0.2921
-0.05017,-0.0467,0.2921
-0.05097,-0.04764,0.2921
-0.05005,-0.04755,0.2921
-0.04992,-0.04717,0.2921
-0.0723,-0.04753,0.29265
-0.07823,-0.04806,0.29316
-0.04686,-0.04688,0.29209
-0.04834,-0.04673,0.29209
-0.0472,-0.04638,0.29209
-0.04827,-0.04565,0.29209
-0.04613,-0.0471,0.29209
-0.04683,-0.04635,0.29209
-0.04752,-0.0456,0.29209
-0.0479,-0.04563,0.29209
-0.01629,-0.04885,0.29253
-0.03395,-0.04878,0.29306
-0.04646,-0.04874,0.29309
0.01705,-0.04897,0.2937
-0.06412,-0.04867,0.29363
0.06835,-0.04916,0.29259
0.08027,-0.0492,0.29332
0.00889,-0.04812,0.29197
-0.00863,-0.04723,0.29201
0.06231,-0.04914,0.29285
0.05186,-0.0491,0.29238
0.04141,-0.04906,0.2919
-0.00378,-0.04889,0.2925
0.02029,-0.04898,0.29245
0.04435,-0.04907,0.29239
-0.00196,-0.04736,0.29199
0.01388,-0.04821,0.29196
0.00722,-0.04808,0.29197
0.01222,-0.04818,0.29196
0.0264,-0.0473,0.29193
0.02327,-0.04796,0.29194
0.02014,-0.04861,0.29194
0.01701,-0.04799,0.29195
0.00763,-0.04782,0.29197
0.0264,-0.04815,0.29193
0.03726,-0.04798,0.29191
0.0264,-0.04858,0.29193
0.0339,-0.04903,0.29192
0.0383,-0.04841,0.2919
0.04269,-0.04779,0.29189
0.03183,-0.04796,0.29192
0.0264,-0.04773,0.29193
0.03726,-0.04819,0.29191
0.04892,-0.04909,0.29188
0.04037,-0.04884,0.2919
0.03183,-0.0486,0.29192
0.04852,-0.04823,0.29188
0.04956,-0.04845,0.29188
0.0502,-0.04782,0.29188
0.03726,-0.04756,0.29191
0.03183,-0.04732,0.29192
0.02912,-0.04753,0.29192
0.04101,-0.04821,0.2919
0.04413,-0.04886,0.29189
0.05435,-0.04868,0.29187
0.01701,-0.04756,0.29195
0.01389,-0.04736,0.29196
0.01076,-0.04759,0.29196
0.0242,-0.0473,0.29137
0.03829,-0.04735,0.29138
0.01742,-0.0473,0.29195
0.02014,-0.04733,0.29194
0.01262,-0.04733,0.29196
0.00763,-0.04739,0.29197
0.01762,-0.04727,0.29195
0.0232,-0.04729,0.29187
0.02055,-0.04728,0.29194
0.02585,-0.0473,0.29179
0.02411,-0.04729,0.29172
0.02347,-0.04729,0.29194
0.02475,-0.0473,0.29151
0.03726,-0.04734,0.29191
0.03629,-0.04734,0.29171
0.03531,-0.04734,0.29152
0.02882,-0.04731,0.29165
0.0253,-0.0473,0.29165
0.03234,-0.04732,0.29165
0.04269,-0.04736,0.29189
0.03603,-0.04734,0.29184
0.02937,-0.04731,0.29179
0.04049,-0.04735,0.29164
0.03179,-0.04732,0.29151
0.02651,-0.0473,0.29151
0.02772,-0.04731,0.29137
0.03777,-0.04734,0.29164
0.04023,-0.04735,0.29177
0.0432,-0.04736,0.29163
0.02384,-0.04729,0.29165
0.02237,-0.04729,0.29166
0.02,-0.04728,0.2918
0.01945,-0.04728,0.29166
0.01116,-0.04733,0.29196
0.00783,-0.04737,0.29197
0.00803,-0.04734,0.29197
0.0047,-0.04738,0.29198
0.01242,-0.04736,0.29196
0.02942,-0.04442,0.29047
0.02258,-0.04399,0.29036
0.03625,-0.04486,0.29059
0.03752,-0.04569,0.29085
0.03476,-0.04733,0.29138
0.03124,-0.04732,0.29137
0.03174,-0.0465,0.29111
0.03223,-0.04567,0.29085
0.02821,-0.04648,0.29111
0.0258,-0.04606,0.29099
0.02339,-0.04564,0.29086
0.02339,-0.04729,0.29085
0.02261,-0.04729,0.29118
0.02182,-0.04729,0.29152
0.02033,-0.04728,0.29139
0.01707,-0.04727,0.29181
0.02359,-0.04729,0.29098
0.02379,-0.04688,0.29111
0.02379,-0.04729,0.29111
0.02379,-0.04647,0.29112
0.02349,-0.04605,0.29093
0.024,-0.04729,0.29124
0.02299,-0.04481,0.29061
0.02329,-0.04564,0.2908
0.02319,-0.04564,0.29073
0.02299,-0.04564,0.2906
0.02339,-0.04647,0.29086
0.02023,-0.04728,0.29133
0.01806,-0.04727,0.29161
0.01904,-0.04728,0.2914
0.03143,-0.04402,0.29034
0.01745,-0.04727,0.29159
0.01489,-0.04726,0.29192
0.02122,-0.04728,0.29113
0.02328,-0.04729,0.29069
0.02141,-0.04729,0.2911
0.02279,-0.04481,0.29048
0.03585,-0.04404,0.29034
0.0224,-0.04729,0.28852
0.02319,-0.04647,0.29073
0.01914,-0.04728,0.29139
0.03183,-0.04567,0.29059
0.01527,-0.04726,0.29186
0.01943,-0.04728,0.29134
0.01687,-0.04727,0.29168
0.01933,-0.04728,0.29136
0.02787,-0.04566,0.29108
0.01735,-0.04727,0.2916
0.01805,-0.04727,0.29153
0.01607,-0.04726,0.29177
0.02762,-0.04696,0.28397
0.0258,-0.04474,0.28444
0.0238,-0.04565,0.28656
0.02636,-0.04548,0.2825
0.02753,-0.04695,0.2804
0.02757,-0.04695,0.28219
0.02389,-0.04399,0.28748
0.0252,-0.044,0.2846
0.02273,-0.04729,0.28803
0.02701,-0.04622,0.28413
0.02396,-0.04565,0.28632
0.02755,-0.04695,0.2813
0.03143,-0.04683,0.2774
0.03609,-0.04474,0.28275
0.02977,-0.04403,0.27824
0.03068,-0.04403,0.28234
0.03764,-0.04405,0.28453
0.02766,-0.04512,0.28436
0.03012,-0.04623,0.28411
0.02831,-0.04401,0.28458
0.03147,-0.04404,0.27754
0.02831,-0.04542,0.281
0.03133,-0.04403,0.28015
0.03147,-0.04403,0.28265
0.03142,-0.04403,0.28457
0.02578,-0.04474,0.28355
0.02783,-0.04543,0.28138
0.02987,-0.04613,0.2792
0.02695,-0.04621,0.28145
0.02685,-0.04546,0.28213
0.02675,-0.04471,0.2828
0.03513,-0.04478,0.28439
0.03453,-0.04404,0.28455
0.02641,-0.04548,0.28429
0.03017,-0.04439,0.2845
0.03483,-0.04441,0.28447
0.03077,-0.04513,0.28434
0.02919,-0.04652,0.27943
0.03298,-0.04614,0.27919
0.0286,-0.04579,0.28048
0.02948,-0.04689,0.2789
0.02763,-0.04582,0.28123
0.03246,-0.04404,0.2779
0.0308,-0.04403,0.28047
0.0326,-0.04403,0.28127
0.03058,-0.04682,0.28226
0.03143,-0.04683,0.28019
0.0352,-0.04704,0.28396
0.03235,-0.04683,0.2819
0.03527,-0.04698,0.28042
0.04679,-0.04738,0.29163
0.04132,-0.04681,0.28654
0.03586,-0.04625,0.28145
0.03239,-0.04687,0.27816
0.03453,-0.04544,0.28097
0.03645,-0.04551,0.28248
0.03335,-0.04691,0.27891
0.0349,-0.04621,0.28069
0.03191,-0.04683,0.28254
0.03138,-0.04683,0.28142
0.03525,-0.04699,0.28131
0.03431,-0.04694,0.27967
0.03085,-0.04683,0.2803
0.03904,-0.04598,0.28476
0.03705,-0.04478,0.2835
0.04103,-0.04718,0.28603
0.04025,-0.04736,0.28978
0.0392,-0.04722,0.2865
0.03815,-0.04708,0.28322
0.03523,-0.04701,0.28219
0.03712,-0.04714,0.28482
0.03901,-0.04726,0.28744
0.04083,-0.04722,0.28697
0.04391,-0.04728,0.28883
0.03776,-0.04717,0.2851
0.03521,-0.04703,0.28308
0.03586,-0.04705,0.28292
0.03651,-0.04707,0.28276
0.03773,-0.04719,0.28643
0.03899,-0.04728,0.28833
0.0371,-0.04715,0.2857
0.04208,-0.04732,0.28931
0.04189,-0.04736,0.29024
0.0429,-0.04732,0.28954
0.03774,-0.04718,0.28599
0.03646,-0.04712,0.28542
0.03585,-0.04706,0.28381
0.04515,-0.04737,0.29117
0.04165,-0.04723,0.2872
0.03862,-0.04735,0.29131
0.0427,-0.04736,0.29147
0.03903,-0.04735,0.29093
0.04352,-0.04737,0.29071
0.04148,-0.04736,0.29063
0.03772,-0.0472,0.28687
0.03899,-0.04645,0.28846
0.04026,-0.0457,0.29006
0.04026,-0.04653,0.28992
0.03984,-0.04694,0.29023
0.03943,-0.04735,0.29054
0.04026,-0.04488,0.29019
0.04005,-0.04612,0.29018
0.03984,-0.04735,0.29016
0.03944,-0.04611,0.29075
0.03944,-0.04694,0.29061
0.03944,-0.0457,0.29082
0.03985,-0.04611,0.29037
0.04086,-0.04736,0.2912
0.039,-0.04562,0.2886
0.03773,-0.04555,0.28715
0.03773,-0.04637,0.28701
0.04311,-0.04736,0.29109
0.04566,-0.04737,0.29176
0.04712,-0.04738,0.29169
0.04066,-0.04736,0.29139
0.04574,-0.04737,0.29174
0.04287,-0.04736,0.2915
0.04778,-0.04738,0.29182
0.04474,-0.04737,0.29155
0.04099,-0.04736,0.29145
0.0432,-0.04736,0.29156
0.04214,-0.04736,0.29153
0.04074,-0.04736,0.2915
0.03837,-0.04735,0.29136
0.04337,-0.04737,0.29159
0.03968,-0.04735,0.29141
0.03874,-0.04694,0.2912
0.03845,-0.04735,0.29134
0.03903,-0.04652,0.29106
0.03919,-0.04611,0.29095
0.03853,-0.04735,0.29132
0.03986,-0.04488,0.29057
0.0394,-0.0457,0.29083
0.03878,-0.04652,0.29112
0.03866,-0.04694,0.29122
0.03936,-0.0457,0.29084
0.03911,-0.04611,0.29097
0.03977,-0.04488,0.29059
0.03956,-0.04735,0.29143
0.04389,-0.04737,0.29154
0.04626,-0.04738,0.29168
0.04205,-0.04736,0.29155
0.04643,-0.04738,0.29172
0.04439,-0.04737,0.29163
0.04192,-0.04608,0.28757
0.04221,-0.04571,0.28808
0.03963,-0.04525,0.28579
0.03549,-0.04548,0.28172
0.03394,-0.04617,0.27994
0.0314,-0.04403,0.2814
0.03045,-0.04686,0.27815
0.02759,-0.04695,0.28308
0.0333,-0.04702,0.28397
0.03331,-0.04694,0.28068
0.02952,-0.04689,0.28069
0.02851,-0.04692,0.27965
0.04739,-0.0449,0.29183
0.04709,-0.04614,0.29173
0.04763,-0.04573,0.29185
0.04745,-0.04738,0.29176
0.04697,-0.04573,0.29172
0.04721,-0.04655,0.29174
0.04688,-0.04655,0.29168
0.0434,-0.04572,0.28899
0.03993,-0.04488,0.28631
0.04706,-0.0449,0.29177
0.04578,-0.04572,0.29081
0.0445,-0.04655,0.28986
0.04235,-0.04447,0.28815
0.04226,-0.0453,0.2881
0.04345,-0.0453,0.28901
0.04002,-0.04405,0.28635
0.04754,-0.04655,0.2918
0.0473,-0.04573,0.29179
0.03358,-0.04551,0.28425
0.02951,-0.04698,0.28397
0.03141,-0.047,0.28397
0.03391,-0.04627,0.28411
0.03642,-0.04554,0.28425
0.03581,-0.04629,0.28411
0.0374,-0.04555,0.28642
0.039,-0.0448,0.28874
0.03703,-0.0448,0.28439
0.03675,-0.04554,0.28497
0.03646,-0.04629,0.28556
0.03865,-0.04442,0.28736
0.03804,-0.04517,0.28722
0.03961,-0.04405,0.28888
0.03771,-0.04517,0.28649
0.03452,-0.04552,0.28425
0.03202,-0.04625,0.28411
0.03263,-0.0455,0.28425
0.04239,-0.04406,0.28817
0.04067,-0.04406,0.2878
0.03895,-0.04405,0.28743
0.04477,-0.04407,0.29
0.04153,-0.04406,0.28799
0.0383,-0.04405,0.28598
0.04252,-0.04406,0.29016
0.04199,-0.04406,0.2907
0.04338,-0.04406,0.29035
0.04133,-0.04406,0.28925
0.04391,-0.04407,0.28981
0.04543,-0.04407,0.29145
0.02165,-0.04729,0.28871
0.03575,-0.04569,0.29085
0.03928,-0.0457,0.29085
0.03526,-0.04651,0.29111
0.0254,-0.04524,0.29073
0.02701,-0.044,0.29035
0.02761,-0.04524,0.29073
0.00596,-0.04778,0.29197
0.00263,-0.04772,0.29198
0.07358,-0.04918,0.29283
0.06688,-0.04915,0.29234
0.05937,-0.04912,0.29236
0.06982,-0.04916,0.29284
0.07733,-0.04919,0.29282
0.04723,-0.04908,0.29314
-0.0009,-0.0489,0.29324
0.00197,-0.04891,0.29399
-0.03995,-0.04727,0.29207
-0.03634,-0.04707,0.29121
-0.03751,-0.04707,0.29129
-0.03834,-0.04707,0.2916
-0.03977,-0.04706,0.29151
-0.04303,-0.04705,0.29192
-0.03651,-0.04707,0.2911
-0.03986,-0.04706,0.29145
-0.04103,-0.04706,0.29153
-0.04203,-0.04705,0.29173
-0.02421,-0.04382,0.28284
-0.02966,-0.04609,0.27838
-0.0256,-0.04617,0.27996
-0.02579,-0.04672,0.27982
-0.02762,-0.04662,0.28219
-0.02871,-0.04661,0.28155
-0.02484,-0.04678,0.28142
-0.02957,-0.04381,0.28066
-0.0278,-0.04381,0.28241
-0.02869,-0.04381,0.28153
-0.0257,-0.04382,0.28111
-0.0238,-0.04534,0.28433
-0.01879,-0.04659,0.28666
-0.0243,-0.04602,0.28155
-0.02676,-0.04641,0.2791
-0.0287,-0.04606,0.27766
-0.02792,-0.0444,0.27822
-0.0272,-0.04382,0.27937
-0.02377,-0.04529,0.28256
-0.02714,-0.04499,0.2788
-0.02601,-0.04529,0.27995
-0.02869,-0.04494,0.27765
-0.02676,-0.04669,0.2791
-0.02637,-0.04558,0.27938
-0.02676,-0.04584,0.27909
-0.02115,-0.04576,0.28486
-0.02324,-0.04456,0.28357
-0.01905,-0.04696,0.28615
-0.01826,-0.04586,0.28767
-0.02062,-0.04503,0.28587
-0.018,-0.04549,0.28817
-0.02548,-0.04455,0.28096
-0.02773,-0.04581,0.27837
-0.02831,-0.04523,0.27794
-0.02717,-0.0444,0.27908
-0.02753,-0.04526,0.27851
-0.02153,-0.04421,0.28746
-0.02326,-0.04458,0.28446
-0.02435,-0.04609,0.28421
-0.02335,-0.04571,0.28574
-0.02235,-0.04534,0.28727
-0.02207,-0.04496,0.28734
-0.02244,-0.04496,0.2866
-0.02053,-0.04383,0.28899
-0.02966,-0.04539,0.27837
-0.04609,-0.04656,0.29209
-0.0594,-0.04572,0.29403
-0.05887,-0.04523,0.29286
-0.05902,-0.04548,0.29401
-0.05856,-0.04524,0.29437
-0.05948,-0.04572,0.29365
-0.05925,-0.04573,0.29478
-0.05878,-0.04549,0.29513
-0.05867,-0.04536,0.29475
-0.0823,-0.04776,0.36689
-0.04746,-0.04748,0.36919
-0.05153,-0.04628,0.36844
-0.05153,-0.04617,0.3677
-0.05417,-0.04628,0.36845
-0.06035,-0.04859,0.36822
-0.03853,-0.0463,0.36917
-0.03851,-0.04729,0.36917
-0.03848,-0.04717,0.36642
-0.03731,-0.0464,0.36611
-0.039,-0.04704,0.36636
-0.03862,-0.04717,0.36642
-0.02632,-0.04696,0.36627
-0.01427,-0.04435,0.36611
-0.06017,-0.04419,0.36561
-0.01289,-0.04425,0.3649
-0.06031,-0.04384,0.3649
-0.06078,-0.0441,0.36397
-0.06089,-0.04389,0.36326
-0.06104,-0.04374,0.36326
-0.06119,-0.04358,0.36326
-0.05888,-0.04389,0.36526
-0.06108,-0.04376,0.3454
-0.06123,-0.04361,0.3454
-0.06071,-0.04363,0.34394
-0.06116,-0.04368,0.3454
-0.05973,-0.04404,0.34353
-0.06086,-0.04394,0.34495
-0.06064,-0.04413,0.34449
-0.0599,-0.04422,0.34275
-0.06185,-0.04421,0.34457
-0.06093,-0.04421,0.3454
-0.06093,-0.04401,0.3454
-0.06093,-0.04391,0.3454
-0.06124,-0.04417,0.34453
-0.06099,-0.04382,0.35433
-0.06091,-0.04405,0.35433
-0.06089,-0.04419,0.36326
-0.0609,-0.04389,0.35731
-0.06091,-0.04409,0.35731
-0.06093,-0.04411,0.3454
-0.06092,-0.0439,0.35135
-0.06092,-0.044,0.35135
-0.06092,-0.0442,0.35135
-0.06091,-0.04419,0.35731
-0.06089,-0.04409,0.36326
-0.06089,-0.04399,0.36326
-0.01334,-0.04436,0.36128
-0.05887,-0.04422,0.34401
-0.01359,-0.04406,0.36226
-0.0361,-0.04429,0.35265
-0.05887,-0.04392,0.34401
-0.03623,-0.04414,0.35314
-0.01229,-0.04427,0.36313
-0.0113,-0.04677,0.36416
-0.0074,-0.04678,0.3661
-0.00285,-0.0468,0.36354
-0.02058,-0.04675,0.35729
-0.01872,-0.04716,0.36633
-0.03712,-0.04549,0.35203
-0.05875,-0.04362,0.34373
-0.04829,-0.04366,0.34469
-0.05918,-0.04362,0.34362
-0.01175,-0.04437,0.36271
-0.06138,-0.04541,0.34367
-0.06165,-0.04419,0.35526
-0.01415,-0.04391,0.36531
-0.01415,-0.04405,0.36516
-0.03652,-0.04412,0.36521
-0.01372,-0.04376,0.3654
-0.06124,-0.04361,0.34173
-0.05916,-0.04425,0.31795
0.0016,-0.04509,0.36307
0.00247,-0.04565,0.36908
0.00159,-0.04641,0.36908
0.01518,-0.0441,0.30167
0.05113,-0.04406,0.31577
0.01549,-0.04395,0.30163
0.01622,-0.04395,0.2987
0.05078,-0.04456,0.31781
0.03965,-0.04427,0.29573
0.02855,-0.04453,0.29583
0.01759,-0.04456,0.2954
0.01771,-0.04516,0.29495
0.0506,-0.04436,0.31185
0.06183,-0.04465,0.31621
0.06293,-0.04455,0.31617
0.06183,-0.0445,0.31621
0.06257,-0.04455,0.31618
0.06183,-0.0446,0.31621
0.06201,-0.04452,0.3162
0.0622,-0.04445,0.3162
0.06238,-0.04456,0.31619
0.06293,-0.04463,0.31617
0.06257,-0.0446,0.31618
0.0622,-0.04462,0.3162
0.06257,-0.04465,0.31618
0.06269,-0.0447,0.31743
0.06465,-0.04714,0.2954
0.0624,-0.04709,0.29485
0.06712,-0.04712,0.31361
0.06736,-0.04715,0.29616
0.06723,-0.04494,0.29616
0.06727,-0.04492,0.31361
0.06724,-0.04713,0.30488
0.06195,-0.0456,0.29485
0.06244,-0.04597,0.29185
0.06226,-0.04723,0.29185
0.07123,-0.04716,0.29484
0.0609,-0.0458,0.29486
0.02851,-0.04487,0.29493
0.04479,-0.04619,0.29496
0.06058,-0.04611,0.29486
0.05145,-0.04559,0.29488
0.06074,-0.04596,0.29486
0.06178,-0.04558,0.29485
0.0501,-0.04549,0.29488
0.06082,-0.04588,0.29486
0.05731,-0.04576,0.29486
0.05381,-0.04565,0.29487
0.04774,-0.04544,0.29488
0.03931,-0.04518,0.2949
0.05617,-0.0457,0.29487
0.06066,-0.04603,0.29486
0.0596,-0.04589,0.29486
0.05853,-0.04575,0.29486
0.05605,-0.04581,0.29487
0.04538,-0.04539,0.29489
0.03795,-0.04518,0.29491
0.03863,-0.04518,0.2949
0.05613,-0.04574,0.29487
0.05842,-0.04586,0.29486
0.05601,-0.04585,0.29487
0.04107,-0.04465,0.29496
0.0583,-0.04598,0.29486
0.06046,-0.04655,0.29486
0.06051,-0.04632,0.29486
0.05373,-0.04572,0.29487
0.02446,-0.04477,0.29493
0.05082,-0.04605,0.29492
0.03937,-0.04587,0.29496
0.05174,-0.04564,0.29488
0.0561,-0.04609,0.29487
0.05159,-0.04562,0.29488
0.05231,-0.046,0.29488
0.05244,-0.0466,0.29488
0.05242,-0.04682,0.29488
0.06046,-0.04663,0.29486
0.06048,-0.04685,0.29486
0.0605,-0.04694,0.29185
0.0564,-0.04702,0.29337
0.06049,-0.04692,0.29261
0.06057,-0.04706,0.29371
0.06065,-0.04721,0.29482
0.05246,-0.04618,0.29488
0.05231,-0.04709,0.29488
0.0544,-0.04712,0.29486
0.05844,-0.04691,0.29486
0.06061,-0.04712,0.29483
0.05744,-0.04698,0.29486
0.06049,-0.04689,0.29336
0.05639,-0.04697,0.29487
0.06048,-0.04687,0.29411
0.06052,-0.04695,0.29447
0.06056,-0.04703,0.29484
0.05238,-0.0469,0.29488
0.05857,-0.04718,0.29483
0.05435,-0.04703,0.29487
0.06052,-0.04694,0.29485
0.05952,-0.04701,0.29484
0.05163,-0.04534,0.29187
0.05239,-0.04691,0.29187
0.05237,-0.04696,0.29262
0.05437,-0.0481,0.29337
0.05229,-0.04708,0.29333
0.05219,-0.04725,0.2948
0.0523,-0.04707,0.29223
0.05222,-0.04722,0.2926
0.05233,-0.04701,0.2926
0.05441,-0.04801,0.29187
0.05233,-0.04705,0.29413
0.05217,-0.04728,0.29405
0.05227,-0.04711,0.29332
0.05232,-0.04705,0.29187
0.05228,-0.04709,0.29296
0.05227,-0.04715,0.29485
0.05235,-0.047,0.29337
0.05221,-0.04721,0.29405
0.05233,-0.04703,0.29336
0.05235,-0.04698,0.29187
0.05389,-0.04777,0.29187
0.05542,-0.04856,0.29187
0.05228,-0.04712,0.29187
0.05284,-0.04729,0.29187
0.0534,-0.04746,0.29187
0.05436,-0.04812,0.29187
0.05383,-0.04788,0.29187
0.05539,-0.04863,0.29187
0.05439,-0.04805,0.29187
0.05335,-0.04757,0.29187
0.05434,-0.04815,0.29187
0.05231,-0.04707,0.29411
0.05226,-0.04713,0.2937
0.05222,-0.04719,0.29368
0.05224,-0.04718,0.29445
0.05224,-0.04716,0.29296
0.06079,-0.04737,0.29473
0.05754,-0.04719,0.29483
0.05443,-0.04716,0.29484
0.05867,-0.0473,0.29477
0.06072,-0.04729,0.29477
0.05648,-0.04715,0.29485
0.05966,-0.04726,0.29479
0.06064,-0.04722,0.29185
0.06066,-0.04724,0.29333
0.06069,-0.04725,0.2948
0.06057,-0.04707,0.29334
0.06057,-0.04704,0.29446
0.05954,-0.04706,0.29484
0.0575,-0.04712,0.29484
0.06061,-0.04714,0.29408
0.06063,-0.04718,0.29334
0.06064,-0.04722,0.2926
0.0607,-0.04727,0.29404
0.06075,-0.04733,0.29475
0.06064,-0.04721,0.29334
0.06053,-0.04701,0.29259
0.06059,-0.04711,0.29334
0.06065,-0.04721,0.29408
0.06059,-0.04711,0.29222
0.06069,-0.04728,0.2933
0.06071,-0.0473,0.29329
0.06073,-0.04732,0.29402
0.06062,-0.04718,0.29297
0.06057,-0.04708,0.29185
0.06059,-0.04711,0.29297
0.06053,-0.04697,0.29372
0.06053,-0.04701,0.29185
0.05848,-0.04806,0.29186
0.0606,-0.04715,0.29185
0.05957,-0.04766,0.29186
0.05854,-0.04817,0.29186
0.06086,-0.04744,0.29185
0.06077,-0.04735,0.29221
0.06067,-0.04726,0.29257
0.06019,-0.04754,0.29186
0.0608,-0.04739,0.29185
0.05959,-0.04769,0.29186
0.06075,-0.04733,0.29293
0.06075,-0.04734,0.29401
0.06075,-0.04733,0.29185
0.05909,-0.04796,0.29186
0.06069,-0.04728,0.29185
0.05748,-0.04864,0.29186
0.05856,-0.0482,0.29186
0.05975,-0.04786,0.29186
0.06022,-0.04757,0.29186
0.0608,-0.04739,0.29293
0.06079,-0.04738,0.29329
0.06084,-0.04743,0.29257
0.05862,-0.04825,0.29186
0.05917,-0.04804,0.29186
0.05754,-0.0487,0.29186
0.0608,-0.04739,0.29401
0.06074,-0.04733,0.29329
0.06085,-0.04743,0.29328
0.06085,-0.04742,0.29471
0.06114,-0.04757,0.29463
0.06096,-0.0475,0.29325
0.06106,-0.04755,0.29465
0.06104,-0.04754,0.29465
0.06099,-0.04752,0.29395
0.06097,-0.0475,0.29467
0.06082,-0.04741,0.29329
0.0609,-0.04747,0.29255
0.06092,-0.04747,0.29326
0.06112,-0.04756,0.29464
0.061,-0.04751,0.29324
0.06095,-0.04749,0.29325
0.06099,-0.0475,0.29325
0.06145,-0.04766,0.29185
0.06119,-0.04757,0.2922
0.06093,-0.04747,0.29255
0.06111,-0.04755,0.2929
0.06107,-0.04754,0.29394
0.06115,-0.04755,0.29185
0.05872,-0.04831,0.29186
0.061,-0.0475,0.29185
0.05997,-0.04794,0.29186
0.0613,-0.04761,0.29185
0.05865,-0.04828,0.29186
0.0575,-0.04756,0.29464
0.05397,-0.04758,0.29463
0.05645,-0.04752,0.29466
0.05868,-0.04749,0.29468
0.06091,-0.04746,0.29469
0.05524,-0.04754,0.29466
0.05874,-0.04753,0.29466
0.05637,-0.04755,0.29465
0.05407,-0.04754,0.29465
0.05867,-0.04755,0.29465
0.05527,-0.04753,0.29466
0.05415,-0.04752,0.29467
0.05639,-0.04754,0.29465
0.05633,-0.04756,0.29464
0.05871,-0.04754,0.29465
0.05394,-0.04758,0.29464
0.05875,-0.04758,0.29463
0.06109,-0.04756,0.29464
0.05631,-0.04756,0.29464
0.0599,-0.04756,0.29464
0.06094,-0.04748,0.29361
0.06103,-0.04753,0.29395
0.06092,-0.04747,0.29433
0.05992,-0.04757,0.29464
0.05753,-0.04757,0.29464
0.05515,-0.04756,0.29464
0.05295,-0.04753,0.29466
0.0518,-0.04752,0.29466
0.05297,-0.04752,0.29466
0.05282,-0.04756,0.29464
0.05166,-0.04756,0.29464
0.05287,-0.04755,0.29465
0.05862,-0.04745,0.2947
0.05632,-0.04744,0.2947
0.05638,-0.04748,0.29468
0.05887,-0.04836,0.29186
0.05949,-0.04818,0.29186
0.05769,-0.04875,0.29186
0.06019,-0.04803,0.29186
0.0606,-0.04776,0.29186
0.06126,-0.0476,0.2929
0.06137,-0.04764,0.29255
0.06122,-0.04759,0.29324
0.06122,-0.04759,0.29394
0.06107,-0.04753,0.29324
0.06119,-0.04758,0.29463
0.06131,-0.04762,0.29461
0.06145,-0.04762,0.29461
0.06149,-0.04762,0.29461
0.06159,-0.04762,0.29461
0.06203,-0.04745,0.29185
0.06176,-0.04757,0.29463
0.06163,-0.04761,0.29462
0.06148,-0.04765,0.29254
0.06168,-0.0476,0.29394
0.06154,-0.04764,0.29323
0.06135,-0.04762,0.29461
0.06141,-0.04765,0.29254
0.06145,-0.04763,0.29392
0.0614,-0.04764,0.29323
0.06507,-0.04915,0.29185
0.06307,-0.04804,0.29185
0.06172,-0.04759,0.29463
0.06156,-0.04763,0.29392
0.06152,-0.04764,0.29255
0.06158,-0.04762,0.29324
0.06142,-0.04762,0.29461
0.06134,-0.04763,0.29392
0.06145,-0.04765,0.29254
0.06143,-0.04764,0.29323
0.06326,-0.0484,0.29185
0.06147,-0.04764,0.29323
0.06132,-0.04762,0.29324
0.06127,-0.04761,0.29462
0.06138,-0.04764,0.29323
0.0613,-0.04762,0.29324
0.06136,-0.04764,0.29323
0.06156,-0.04762,0.29461
0.06152,-0.04764,0.29323
0.06145,-0.04764,0.29323
0.0615,-0.04764,0.29323
0.06174,-0.04755,0.29185
0.06167,-0.04759,0.29255
0.0616,-0.04762,0.29324
0.06477,-0.04838,0.29185
0.06159,-0.04761,0.29185
0.0641,-0.04814,0.29185
0.06189,-0.0475,0.29185
0.06632,-0.04878,0.29184
0.05931,-0.04913,0.29186
0.05894,-0.04839,0.29186
0.0647,-0.04841,0.29185
0.06038,-0.04839,0.29186
0.06187,-0.04754,0.29465
0.07352,-0.0476,0.29462
0.08528,-0.04763,0.2946
0.09308,-0.04766,0.29458
0.07342,-0.04763,0.2946
0.08525,-0.04764,0.29459
0.06959,-0.04759,0.29462
0.06563,-0.0476,0.29462
0.06168,-0.0476,0.29462
0.0619,-0.04751,0.29324
0.06175,-0.04756,0.29324
0.06967,-0.04757,0.29463
0.06181,-0.04756,0.29464
0.07742,-0.04762,0.29461
0.06571,-0.04757,0.29463
0.06183,-0.04755,0.29429
0.06184,-0.04755,0.29465
0.06183,-0.04754,0.29394
0.06188,-0.04752,0.29359
0.06179,-0.04757,0.29464
0.06197,-0.04748,0.29255
0.06162,-0.04761,0.29359
0.06166,-0.0476,0.29428
0.09355,-0.04775,0.29453
0.09304,-0.04763,0.2946
0.09291,-0.04754,0.29464
0.09371,-0.04778,0.29452
0.08135,-0.04766,0.29458
0.06962,-0.04766,0.29459
0.09445,-0.04756,0.29178
0.09324,-0.04769,0.29457
0.09295,-0.04757,0.29462
0.08051,-0.04841,0.29321
0.07747,-0.0476,0.29462
0.08523,-0.0476,0.29461
0.093,-0.0476,0.29461
0.0774,-0.04762,0.2946
0.08521,-0.04765,0.29459
0.07355,-0.04759,0.29462
0.07736,-0.04763,0.2946
0.06946,-0.04763,0.2946
0.08568,-0.04774,0.29454
0.09339,-0.04772,0.29455
0.07734,-0.04764,0.2946
0.08938,-0.0477,0.29456
0.08083,-0.04847,0.29318
0.09066,-0.04924,0.29329
0.08841,-0.04817,0.2918
0.09484,-0.04815,0.29433
0.09452,-0.04687,0.29645
0.09823,-0.04745,0.29191
0.09582,-0.04725,0.29709
0.0735,-0.04736,0.29183
0.08946,-0.0461,0.29179
0.07395,-0.04576,0.29182
0.08954,-0.04773,0.29455
0.08151,-0.04769,0.29457
0.06559,-0.04761,0.29461
0.08519,-0.04757,0.29463
0.07739,-0.04754,0.29464
0.07743,-0.04757,0.29463
0.08043,-0.04835,0.29324
0.09274,-0.04739,0.2925
0.08031,-0.04825,0.29181
0.09279,-0.04745,0.29394
0.08039,-0.04832,0.29325
0.06961,-0.04753,0.29465
0.06491,-0.04835,0.29325
0.06204,-0.04743,0.2947
0.06199,-0.04747,0.29255
0.06647,-0.04873,0.29184
0.07991,-0.04844,0.29419
0.09597,-0.04852,0.29415
0.07765,-0.0477,0.29456
0.08681,-0.04811,0.29436
0.0971,-0.04889,0.29396
0.08794,-0.04848,0.29417
0.07878,-0.04807,0.29438
0.06963,-0.04754,0.29465
0.08123,-0.04752,0.29465
0.09276,-0.04742,0.29322
0.09285,-0.0475,0.29466
0.08515,-0.04754,0.29464
0.08901,-0.04753,0.29465
0.09287,-0.04752,0.29465
0.09289,-0.04753,0.29464
0.09284,-0.04749,0.29393
0.09279,-0.04744,0.29321
0.09285,-0.04749,0.29392
0.08899,-0.04752,0.29465
0.08125,-0.04753,0.29465
0.07735,-0.04752,0.29466
0.09278,-0.04743,0.29321
0.09282,-0.04747,0.29393
0.09275,-0.04741,0.29322
0.06191,-0.04751,0.29324
0.06574,-0.04757,0.29464
0.06194,-0.0475,0.29325
0.06195,-0.04749,0.29325
0.0619,-0.04752,0.29395
0.06182,-0.04753,0.29255
0.08509,-0.0475,0.29466
0.06191,-0.04752,0.29395
0.06351,-0.04787,0.29185
0.07526,-0.04824,0.2943
0.08907,-0.04885,0.29399
0.07517,-0.04824,0.2943
0.08903,-0.04885,0.29399
0.07065,-0.04803,0.2944
0.06601,-0.04783,0.29451
0.06138,-0.04762,0.29461
0.07075,-0.04803,0.2944
0.06152,-0.04762,0.29461
0.07984,-0.04844,0.29419
0.0661,-0.04783,0.29451
0.06143,-0.04764,0.29358
0.0615,-0.04763,0.29392
0.0614,-0.04763,0.29427
0.06614,-0.04783,0.29451
0.0753,-0.04824,0.2943
0.06598,-0.04783,0.29451
0.07977,-0.04844,0.29419
0.07521,-0.04824,0.2943
0.03906,-0.04754,0.29466
0.05758,-0.04758,0.29463
0.05401,-0.0476,0.29463
0.05888,-0.04761,0.29462
0.06005,-0.04761,0.29462
0.06123,-0.0476,0.29462
0.06132,-0.04763,0.29392
0.05019,-0.04758,0.29463
0.01403,-0.04745,0.29471
0.03141,-0.04752,0.29467
0.05645,-0.0476,0.29462
0.03767,-0.04754,0.29466
0.0435,-0.04775,0.29455
0.01646,-0.04746,0.29471
0.07054,-0.04803,0.2944
0.06768,-0.04821,0.29431
0.04636,-0.04757,0.29464
0.089,-0.04885,0.29399
0.06138,-0.04763,0.29427
0.06138,-0.04764,0.29358
0.07229,-0.04842,0.29421
0.02272,-0.04748,0.29469
0.05734,-0.04836,0.29424
0.03316,-0.0479,0.29448
0.04987,-0.04834,0.29426
0.03524,-0.04753,0.29467
0.06001,-0.04759,0.29462
0.05636,-0.04758,0.29463
0.05762,-0.0476,0.29462
0.06154,-0.04763,0.29392
0.06164,-0.04761,0.29427
0.06156,-0.04763,0.29358
0.05913,-0.04876,0.29186
0.06407,-0.04859,0.29185
0.062,-0.04877,0.29185
0.06492,-0.04833,0.29185
0.06499,-0.0483,0.29185
0.06344,-0.0479,0.29185
0.06128,-0.04761,0.29393
0.06106,-0.04754,0.29394
0.0609,-0.04745,0.29398
0.05899,-0.04779,0.29186
0.05745,-0.04857,0.29186
0.05852,-0.04813,0.29186
0.05953,-0.04759,0.29186
0.05846,-0.04803,0.29186
0.05969,-0.0473,0.29477
0.05757,-0.04723,0.29481
0.05643,-0.04737,0.29474
0.05431,-0.04732,0.29476
0.05855,-0.04741,0.29472
0.05651,-0.04729,0.29478
0.05655,-0.04723,0.2948
0.05647,-0.04734,0.29475
0.05636,-0.04742,0.29471
0.05863,-0.04736,0.29474
0.05409,-0.04747,0.29469
0.05524,-0.04743,0.29471
0.05435,-0.04727,0.29479
0.05223,-0.0472,0.29482
0.05439,-0.04722,0.29481
0.05308,-0.04742,0.29472
0.052,-0.04741,0.29472
0.05315,-0.04737,0.29474
0.05642,-0.04701,0.29486
0.05646,-0.04711,0.29485
0.05948,-0.04748,0.29186
0.05113,-0.04582,0.2949
0.04117,-0.0454,0.29491
0.03121,-0.04498,0.29492
0.05051,-0.04629,0.29494
0.04761,-0.04584,0.29491
0.0447,-0.04539,0.29489
0.03411,-0.04542,0.29494
0.03682,-0.04559,0.29494
0.02313,-0.04489,0.29495
0.03442,-0.04519,0.29492
0.03984,-0.04552,0.29492
0.02854,-0.04521,0.29495
0.06361,-0.04449,0.31548
0.06365,-0.04445,0.31548
0.09272,-0.04737,0.2925
0.07599,-0.04475,0.3152
0.07435,-0.04474,0.31613
0.07836,-0.04476,0.31174
0.08882,-0.04482,0.30157
0.07758,-0.04476,0.31324
0.08801,-0.04481,0.30204
0.07517,-0.04475,0.31566
0.08081,-0.04477,0.31035
0.0824,-0.04478,0.30839
0.08159,-0.04478,0.30885
0.08359,-0.04479,0.30666
0.08441,-0.04479,0.30619
0.09589,-0.04482,0.31871
0.08165,-0.04921,0.29281
0.08778,-0.04923,0.2933
0.07552,-0.04918,0.29233
0.07786,-0.04919,0.29257
0.06219,-0.04914,0.29185
0.07498,-0.04918,0.29258
0.08918,-0.04482,0.29554
0.08762,-0.04482,0.29685
0.07327,-0.04474,0.31752
0.09746,-0.04422,0.31845
0.09773,-0.04423,0.31813
0.09718,-0.04422,0.3178
0.07643,-0.04712,0.34098
0.06922,-0.0471,0.33949
0.07597,-0.05239,0.33939
0.07598,-0.05505,0.33939
0.07365,-0.05316,0.33939
0.07349,-0.0534,0.33769
0.07551,-0.04471,0.34188
0.07596,-0.04712,0.34371
0.0793,-0.04451,0.34251
0.07334,-0.0441,0.34491
0.07932,-0.0443,0.34465
0.0808,-0.04413,0.34172
0.07116,-0.04443,0.34595
0.07056,-0.04409,0.3472
0.07058,-0.04439,0.35706
0.07004,-0.04469,0.34427
0.07014,-0.04466,0.36527
0.07189,-0.04467,0.36592
0.07189,-0.04527,0.36592
0.07134,-0.04439,0.36449
0.07126,-0.04707,0.36583
0.0707,-0.04707,0.36554
0.0687,-0.04706,0.36332
0.07264,-0.04467,0.36521
0.0729,-0.04467,0.36497
0.0729,-0.04445,0.36497
0.07059,-0.04407,0.36297
0.0729,-0.04437,0.36497
0.07188,-0.04647,0.36592
0.07214,-0.04467,0.36568
0.09656,-0.04446,0.36492
0.08707,-0.04458,0.36524
0.0729,-0.04452,0.36497
0.09656,-0.04476,0.36492
0.07763,-0.04439,0.36496
0.0729,-0.0446,0.36497
0.07763,-0.0445,0.36496
0.08236,-0.04441,0.36495
0.0729,-0.04422,0.36512
0.09183,-0.04432,0.36505
0.09656,-0.04431,0.36507
0.08473,-0.0443,0.36505
0.0729,-0.0443,0.36504
0.08709,-0.04443,0.36494
0.0871,-0.04438,0.36498
0.0871,-0.04434,0.36503
0.07763,-0.04425,0.3651
0.0729,-0.04415,0.36519
0.08236,-0.04435,0.36501
0.09183,-0.04444,0.36493
0.08473,-0.0444,0.36496
0.07763,-0.04436,0.36499
0.09419,-0.04438,0.365
0.09656,-0.04435,0.36503
0.09419,-0.0444,0.36498
0.08473,-0.04423,0.36513
0.08473,-0.04419,0.36517
0.07881,-0.04417,0.36518
0.09183,-0.04437,0.365
0.09656,-0.04439,0.36499
0.09183,-0.04441,0.36496
0.09656,-0.04416,0.36522
0.09065,-0.04425,0.36512
0.07881,-0.04413,0.36522
0.09656,-0.04424,0.36514
0.09784,-0.04447,0.36457
0.09656,-0.04442,0.36495
0.0975,-0.04433,0.36887
0.09656,-0.04454,0.36492
0.0989,-0.04477,0.36522
0.09869,-0.04451,0.36256
0.11186,-0.04422,0.36223
0.11188,-0.04421,0.36884
0.09987,-0.04683,0.36787
0.10675,-0.04572,0.36885
0.08662,-0.04667,0.3684
0.07337,-0.04662,0.36742
0.09993,-0.0466,0.36736
0.10674,-0.04779,0.36817
0.10657,-0.04525,0.36427
0.10467,-0.04775,0.36886
0.10941,-0.04851,0.36885
0.10829,-0.04717,0.36449
0.10671,-0.04676,0.36885
0.10964,-0.04716,0.35924
0.10956,-0.04747,0.36597
0.11215,-0.04713,0.35927
0.10963,-0.04906,0.35814
0.11088,-0.04907,0.35813
0.10964,-0.04673,0.35677
0.11089,-0.04714,0.35925
0.10964,-0.04653,0.35815
0.11214,-0.04609,0.35696
0.11087,-0.04834,0.35116
0.11212,-0.04841,0.35128
0.10962,-0.04827,0.35104
0.11089,-0.04641,0.35686
0.11213,-0.04712,0.35056
0.11213,-0.04583,0.34984
0.11088,-0.04606,0.34965
0.11211,-0.04455,0.3386
0.11218,-0.04451,0.36884
0.11212,-0.046,0.34454
0.11211,-0.04657,0.3434
0.11214,-0.04661,0.35811
0.11216,-0.04822,0.36734
0.1,-0.04478,0.35859
0.09418,-0.04477,0.35503
0.10748,-0.0448,0.36454
0.08253,-0.04473,0.34791
0.08002,-0.04473,0.34534
0.09199,-0.04416,0.35328
0.07919,-0.04472,0.34509
0.095,-0.04477,0.35528
0.09727,-0.04417,0.35678
0.09001,-0.04475,0.35197
0.07836,-0.04472,0.34484
0.08501,-0.04474,0.34865
0.08835,-0.04475,0.35147
0.08918,-0.04475,0.35172
0.07754,-0.04472,0.3446
0.08169,-0.04473,0.34675
0.07921,-0.04442,0.3445
0.07274,-0.04411,0.34478
0.09728,-0.04417,0.36063
0.08581,-0.04444,0.35339
0.09766,-0.04469,0.36124
0.08336,-0.04473,0.34816
0.10759,-0.04602,0.36453
0.10925,-0.04721,0.36398
0.11089,-0.0476,0.35866
0.10142,-0.04478,0.36418
0.10062,-0.04478,0.36244
0.08473,-0.04453,0.36494
0.08177,-0.04456,0.36495
0.09064,-0.04451,0.36493
0.0939,-0.04535,0.36562
0.09656,-0.04469,0.36492
0.0895,-0.04473,0.36568
0.09773,-0.04477,0.36507
0.07806,-0.04469,0.36567
0.09303,-0.04475,0.3653
0.07239,-0.04467,0.36544
0.07881,-0.0447,0.36496
0.08422,-0.04472,0.36542
0.08448,-0.04472,0.36518
0.08363,-0.04471,0.36576
0.10007,-0.04477,0.36537
0.09039,-0.04474,0.36517
0.0901,-0.04474,0.36534
0.0936,-0.0446,0.36492
0.09064,-0.04474,0.36493
0.09064,-0.04466,0.36493
0.08473,-0.04472,0.36494
0.09656,-0.04461,0.36492
0.09064,-0.04459,0.36493
0.08473,-0.04464,0.36494
0.08473,-0.04457,0.36494
0.09362,-0.04475,0.36537
0.09185,-0.04474,0.36557
0.07881,-0.04462,0.36496
0.08473,-0.04468,0.36494
0.0756,-0.04468,0.3652
0.08378,-0.04471,0.36568
0.07831,-0.04469,0.36543
0.08701,-0.04473,0.36546
0.06743,-0.04706,0.36374
0.06792,-0.04706,0.36547
0.06807,-0.04706,0.36519
0.07089,-0.04707,0.36564
0.07129,-0.04707,0.36573
0.07147,-0.04707,0.36586
0.06712,-0.04706,0.36589
0.06742,-0.04706,0.36584
0.07108,-0.04707,0.36573
0.07168,-0.04707,0.36589
0.06684,-0.04705,0.36574
0.06596,-0.04705,0.36574
0.06891,-0.04706,0.36593
0.06317,-0.04704,0.36591
0.06633,-0.04705,0.36555
0.06765,-0.04706,0.36533
0.06377,-0.04704,0.36575
0.06681,-0.04706,0.36489
0.06429,-0.04705,0.36541
0.06937,-0.04707,0.36406
0.06468,-0.04705,0.36493
0.06876,-0.04706,0.36522
0.06338,-0.04704,0.36588
0.06594,-0.04705,0.36594
0.06833,-0.04706,0.36564
0.06852,-0.04706,0.36555
0.07004,-0.04707,0.3648
0.06396,-0.04704,0.36565
0.06615,-0.04705,0.36415
0.06477,-0.04705,0.36474
0.06444,-0.04705,0.36526
0.06734,-0.04488,0.34677
0.06738,-0.04486,0.36382
0.06734,-0.04447,0.3502
0.06624,-0.04407,0.34845
0.08363,-0.04591,0.36576
0.09537,-0.04476,0.3656
0.07482,-0.04528,0.36588
0.07776,-0.04469,0.36584
0.07189,-0.04587,0.36592
0.07482,-0.04588,0.36588
0.08656,-0.04593,0.36572
0.08216,-0.04531,0.36578
0.08104,-0.04413,0.34167
0.07787,-0.05216,0.33768
0.08289,-0.05206,0.33767
0.07345,-0.05236,0.33769
0.07405,-0.05246,0.33769
0.07951,-0.05241,0.33768
0.0764,-0.0523,0.33769
0.0699,-0.05231,0.3377
0.07198,-0.05216,0.33769
0.0829,-0.05184,0.33767
0.07787,-0.05199,0.33768
0.07285,-0.05214,0.33769
0.07285,-0.0518,0.33769
0.07787,-0.05188,0.33768
0.0829,-0.05195,0.33767
0.07034,-0.05202,0.3377
0.07034,-0.05196,0.3377
0.06783,-0.05212,0.3377
0.07536,-0.05204,0.33769
0.07536,-0.05187,0.33769
0.06783,-0.0519,0.3377
0.07198,-0.05239,0.3377
0.11211,-0.04734,0.34256
0.11212,-0.04571,0.34429
0.11211,-0.04653,0.34342
0.06047,-0.04998,0.3227
0.06048,-0.04943,0.3227
0.06414,-0.04999,0.32269
0.0776,-0.04949,0.32266
0.06141,-0.05256,0.321
0.06006,-0.05229,0.3227
0.06011,-0.05228,0.32157
0.06051,-0.05224,0.321
0.06044,-0.05224,0.321
0.06043,-0.05225,0.32213
0.06025,-0.05227,0.32185
0.06041,-0.05226,0.3227
0.06049,-0.05224,0.32157
0.06023,-0.05226,0.321
0.06034,-0.05225,0.321
0.06028,-0.05226,0.32157
0.06054,-0.05224,0.32213
0.06024,-0.05227,0.3227
0.06013,-0.05227,0.321
0.06006,-0.05229,0.321
0.06009,-0.05228,0.32213
0.06003,-0.05231,0.321
0.06005,-0.0523,0.321
0.06006,-0.05229,0.32157
0.06006,-0.05229,0.32213
0.06004,-0.0523,0.321
0.06005,-0.0523,0.32128
0.06005,-0.05229,0.32185
0.06004,-0.0523,0.32157
0.06005,-0.05229,0.32213
0.06006,-0.05229,0.32185
0.06004,-0.0523,0.32128
0.05884,-0.05415,0.321
0.06159,-0.05447,0.321
0.05887,-0.05354,0.32271
0.06177,-0.05336,0.321
0.06178,-0.0534,0.32128
0.06178,-0.05341,0.321
0.06177,-0.05339,0.32156
0.06178,-0.0534,0.32156
0.06177,-0.05339,0.321
0.06178,-0.05341,0.32213
0.06178,-0.05341,0.32185
0.06178,-0.05341,0.32128
0.06178,-0.05344,0.32156
0.06178,-0.05342,0.32185
0.06178,-0.05342,0.32156
0.06178,-0.05344,0.32213
0.02335,-0.05448,0.32151
0.05197,-0.05643,0.32102
0.03496,-0.05478,0.32276
0.02424,-0.05477,0.32278
0.01593,-0.05436,0.3228
0.03064,-0.05462,0.32277
0.0156,-0.05445,0.3228
0.02237,-0.05475,0.32279
0.01964,-0.05443,0.32194
0.02337,-0.05447,0.32278
0.01494,-0.05464,0.3228
0.0308,-0.05458,0.32277
0.03791,-0.05477,0.32275
0.03031,-0.05471,0.32277
0.03824,-0.05468,0.32275
0.03451,-0.05463,0.32234
0.03079,-0.05459,0.32192
0.0435,-0.05483,0.32274
0.0494,-0.05483,0.32273
0.03014,-0.05476,0.32277
0.04459,-0.05481,0.32274
0.04645,-0.05483,0.32274
0.02287,-0.05461,0.32279
0.03682,-0.0548,0.32276
0.01899,-0.0546,0.32279
0.02642,-0.05471,0.32278
0.02707,-0.05453,0.32193
0.02708,-0.05453,0.32235
0.01592,-0.05437,0.32195
0.01593,-0.05437,0.32238
0.01592,-0.05438,0.32152
0.01527,-0.05455,0.3228
0.03917,-0.05574,0.32105
0.01435,-0.05438,0.3211
0.01425,-0.05243,0.3211
0.01382,-0.05438,0.3211
0.01498,-0.05145,0.3211
0.01487,-0.05438,0.3211
0.02741,-0.05506,0.32107
0.03995,-0.05574,0.32105
0.01433,-0.05145,0.3211
0.0156,-0.05341,0.3211
0.01534,-0.05341,0.3211
0.01539,-0.05438,0.3211
0.01529,-0.05243,0.3211
0.01503,-0.05243,0.3211
0.01399,-0.05243,0.3211
0.01469,-0.0534,0.3211
0.0134,-0.05429,0.32281
0.03943,-0.05574,0.32105
0.02676,-0.05506,0.32108
0.03864,-0.05574,0.32105
0.01328,-0.05435,0.32281
0.00267,-0.05467,0.32283
0.01396,-0.05455,0.32195
0.01461,-0.05529,0.32281
0.00801,-0.05499,0.32282
0.00142,-0.05468,0.32283
0.00801,-0.05471,0.32282
0.00236,-0.05467,0.32283
-0.0033,-0.05463,0.32284
-0.00518,-0.05466,0.32285
0.00173,-0.05468,0.32283
0.00864,-0.0547,0.32282
-0.00722,-0.05463,0.32285
-0.00063,-0.05465,0.32284
-0.01052,-0.05462,0.32286
-0.00125,-0.05466,0.32284
0.00142,-0.05496,0.32283
0.00801,-0.05527,0.32282
0.00142,-0.05524,0.32283
0.01364,-0.0534,0.3211
0.00202,-0.05449,0.32198
0.05792,-0.04405,0.34177
-0.00103,-0.04442,0.34153
-0.00057,-0.04444,0.34131
-0.00135,-0.04442,0.3416
-0.00187,-0.04443,0.34161
-0.00162,-0.0444,0.34188
-0.00213,-0.04434,0.34189
-0.00252,-0.04435,0.34175
-0.01366,-0.04416,0.34178
-0.02481,-0.04431,0.3418
-0.00252,-0.0442,0.34175
-0.02481,-0.04435,0.3418
-0.02481,-0.0442,0.3418
-0.02481,-0.04423,0.3418
-0.03596,-0.04431,0.34183
-0.04154,-0.04429,0.34146
-0.04711,-0.04427,0.3411
-0.01367,-0.04439,0.34178
-0.03039,-0.04433,0.34169
-0.04711,-0.04427,0.3416
-0.03039,-0.04433,0.34131
-0.03596,-0.04431,0.34107
-0.02481,-0.04435,0.34143
-0.04154,-0.04429,0.34134
-0.01367,-0.04439,0.34153
-0.02481,-0.04435,0.34168
-0.01366,-0.04427,0.34178
-0.00809,-0.04426,0.34176
-0.01366,-0.0442,0.34178
-0.00194,-0.04429,0.34196
-0.02351,-0.04435,0.34101
-0.00122,-0.04443,0.34146
-0.02481,-0.04435,0.3413
-0.01302,-0.04439,0.34138
-0.01237,-0.04439,0.34123
-0.02416,-0.04435,0.34115
0.00104,-0.04719,0.36627
0.0014,-0.04732,0.36633
0.00143,-0.04732,0.36633
0.00153,-0.04731,0.36633
0.00157,-0.04731,0.36633
0.0015,-0.04732,0.36633
0.00164,-0.04731,0.36633
-0.00515,-0.04785,0.36662
-0.06426,-0.0482,0.36704
0.02126,-0.04738,0.36629
0.04085,-0.04746,0.36624
0.00154,-0.04743,0.36908
-0.0424,-0.0479,0.3668
0.00146,-0.04732,0.36633
-0.04233,-0.0479,0.3668
-0.02043,-0.04761,0.36657
-0.0204,-0.04761,0.36657
0.00367,-0.04751,0.36642
0.02774,-0.04741,0.36627
0.01464,-0.04736,0.3663
0.00812,-0.04734,0.36631
0.0016,-0.04731,0.36633
-0.02047,-0.04761,0.36657
0.01892,-0.04775,0.36648
-0.02267,-0.04797,0.36676
-0.04236,-0.0479,0.3668
0.01678,-0.04756,0.36639
-0.03578,-0.04793,0.36679
-0.05115,-0.04825,0.36701
0.00816,-0.04734,0.36631
0.02123,-0.04739,0.36629
0.02782,-0.04741,0.36627
0.00128,-0.04727,0.36631
-0.02348,-0.04723,0.36638
-0.00858,-0.04728,0.36635
-0.01358,-0.04724,0.36635
-0.02855,-0.04716,0.36637
-0.00855,-0.04728,0.36635
-0.02951,-0.04739,0.36649
-0.0205,-0.04761,0.36657
-0.04143,-0.04772,0.36671
-0.06429,-0.0482,0.36704
-0.01856,-0.04724,0.36637
-0.0089,-0.04715,0.36629
0.00116,-0.04723,0.36629
-0.02843,-0.04721,0.3664
-0.00375,-0.04723,0.36631
-0.02351,-0.04723,0.36638
-0.02854,-0.04721,0.3664
-0.01849,-0.04724,0.36637
-0.00387,-0.04719,0.36629
-0.01855,-0.04722,0.36636
-0.03346,-0.04719,0.36641
-0.03845,-0.04717,0.36642
-0.03349,-0.04719,0.36641
-0.01866,-0.04718,0.36634
-0.05141,-0.04769,0.36673
-0.05044,-0.0475,0.36663
-0.05736,-0.04785,0.36683
-0.07427,-0.04816,0.36706
-0.04739,-0.04789,0.36681
-0.03176,-0.04624,0.36765
-0.02613,-0.04414,0.35343
-0.02613,-0.04406,0.35343
-0.02613,-0.04403,0.35343
-0.0369,-0.04403,0.34909
0.11215,-0.04922,0.36684
0.0815,-0.04911,0.36791
0.02894,-0.04891,0.36902
0.0596,-0.04903,0.36796
0.04427,-0.04897,0.36849
0.02416,-0.04871,0.36904
0.03989,-0.04895,0.369
0.00842,-0.04847,0.36907
0.01458,-0.0483,0.36906
0.01799,-0.04887,0.36905
0.01117,-0.04773,0.36906
0.03332,-0.04893,0.36851
-0.01478,-0.04875,0.36812
-0.06288,-0.04858,0.36772
0.08588,-0.04912,0.3674
0.0348,-0.04894,0.36801
-0.01627,-0.04875,0.36862
-0.00016,-0.04881,0.36734
-0.02644,-0.04871,0.36789
0.01298,-0.04886,0.36706
0.02315,-0.04889,0.36779
0.01527,-0.04812,0.36905
0.04127,-0.04859,0.369
0.02963,-0.04873,0.36902
0.05522,-0.04901,0.36847
0.02622,-0.04816,0.36903
0.02212,-0.04777,0.36904
0.03101,-0.04836,0.36902
0.07055,-0.04907,0.36793
0.11216,-0.04847,0.36672
0.11216,-0.04772,0.36659
0.06527,-0.04905,0.3687
0.06617,-0.04905,0.36844
0.06742,-0.04756,0.36619
0.10826,-0.0476,0.36604
0.11085,-0.04885,0.36666
0.11216,-0.04772,0.36609
0.11021,-0.04841,0.36644
0.09683,-0.04916,0.36738
0.09852,-0.04917,0.36737
0.10021,-0.04918,0.36737
0.11086,-0.04735,0.36591
0.10826,-0.0481,0.36629
0.11216,-0.04872,0.36659
0.11151,-0.04828,0.36637
0.08979,-0.04839,0.36651
0.11216,-0.04872,0.36809
0.11216,-0.04922,0.36835
0.11216,-0.04822,0.36634
0.11216,-0.04897,0.36747
0.10021,-0.04918,0.36787
0.11216,-0.04922,0.36784
0.08826,-0.04913,0.36789
0.09423,-0.04915,0.36788
0.11216,-0.04922,0.36734
0.07631,-0.04909,0.36842
0.05826,-0.04827,0.36658
0.06257,-0.04904,0.36695
0.09378,-0.04767,0.36614
0.10956,-0.04847,0.36648
0.0832,-0.04836,0.36653
0.10297,-0.04845,0.36649
0.09768,-0.04879,0.36668
0.08309,-0.04836,0.36653
0.06851,-0.04793,0.36637
0.02323,-0.04852,0.36685
-0.0366,-0.04868,0.36717
0.08306,-0.04836,0.36653
0.06872,-0.04793,0.36637
0.08316,-0.04836,0.36653
0.09761,-0.04879,0.36668
0.06134,-0.04772,0.36629
0.00868,-0.04809,0.36669
-0.02636,-0.04834,0.36695
-0.01612,-0.048,0.36674
0.07582,-0.04815,0.36645
0.07585,-0.04815,0.36645
0.05403,-0.0475,0.36621
0.10956,-0.04822,0.36635
0.10167,-0.04807,0.36631
0.10956,-0.04772,0.3661
0.08849,-0.04802,0.36633
0.08826,-0.04913,0.36815
0.08826,-0.04913,0.3684
0.08826,-0.04913,0.3689
0.10021,-0.04918,0.36837
0.11216,-0.04897,0.36822
0.11216,-0.04847,0.36722
0.11021,-0.04766,0.36607
0.08059,-0.0491,0.36816
0.07722,-0.04909,0.36817
0.0576,-0.04902,0.36896
0.11151,-0.04803,0.36625
0.02379,-0.04616,0.36753
0.02306,-0.0474,0.36874
0.03358,-0.04744,0.36871
0.03358,-0.04744,0.36901
0.04922,-0.04824,0.36898
0.02657,-0.04741,0.36903
0.0317,-0.04818,0.36902
0.03089,-0.0478,0.36902
0.03789,-0.04783,0.369
0.04046,-0.04821,0.369
0.05003,-0.04862,0.36898
0.03961,-0.04425,0.36504
0.0344,-0.04404,0.36524
0.01724,-0.04409,0.36516
0.04298,-0.04404,0.36526
0.01724,-0.04394,0.36531
0.02582,-0.0439,0.36537
0.0344,-0.04408,0.3652
0.0344,-0.04397,0.36531
0.02153,-0.04392,0.36534
0.02582,-0.04401,0.36526
0.06198,-0.04441,0.36499
0.03924,-0.04457,0.35285
0.01661,-0.04447,0.36195
0.04492,-0.04444,0.35066
0.02797,-0.04452,0.35758
0.03927,-0.04457,0.35297
0.05057,-0.04454,0.34836
0.06187,-0.04451,0.34374
0.01648,-0.04447,0.36146
0.03914,-0.04457,0.35248
0.05057,-0.04461,0.34836
0.03918,-0.04457,0.3526
0.02781,-0.04452,0.35697
0.03353,-0.04454,0.35491
0.0404,-0.04445,0.35251
0.05283,-0.04438,0.34743
0.05057,-0.04446,0.34836
0.03475,-0.04443,0.35482
0.03701,-0.0445,0.35389
0.06285,-0.04572,0.34312
0.04379,-0.04435,0.35112
0.04379,-0.04429,0.35112
0.04379,-0.04441,0.35112
0.03023,-0.04438,0.35666
0.03023,-0.04427,0.35666
0.01667,-0.04425,0.3622
0.06431,-0.04587,0.34328
0.05358,-0.04737,0.36615
0.03408,-0.04731,0.3662
0.01458,-0.04726,0.36625
0.02767,-0.04736,0.36625
0.0406,-0.04736,0.36619
0.01475,-0.04736,0.3663
0.03401,-0.04724,0.36616
0.04039,-0.04715,0.36609
0.02763,-0.04734,0.36624
0.02777,-0.04739,0.36626
0.01465,-0.04733,0.36628
0.04089,-0.04746,0.36624
0.0343,-0.04742,0.36625
0.04698,-0.04726,0.36612
0.05337,-0.04716,0.36604
0.04688,-0.04715,0.36607
0.04728,-0.04743,0.3662
0.05367,-0.0474,0.36616
0.04714,-0.04738,0.36618
0.05351,-0.0473,0.36611
0.05386,-0.04747,0.3662
0.05344,-0.04723,0.36608
0.05377,-0.04744,0.36618
0.0541,-0.0475,0.36621
0.04844,-0.04458,0.36559
0.03362,-0.04453,0.36585
0.06466,-0.04467,0.34873
0.06445,-0.04466,0.35537
0.04409,-0.04457,0.36503
0.05303,-0.04445,0.36501
0.03514,-0.04454,0.36505
0.03961,-0.0444,0.36504
0.06198,-0.04448,0.36499
0.04856,-0.04443,0.36502
0.03402,-0.04427,0.36505
0.0508,-0.04437,0.36502
0.02843,-0.04432,0.36507
0.02843,-0.04444,0.36507
0.02843,-0.04421,0.36506
0.02284,-0.0443,0.36508
0.02283,-0.04442,0.36508
0.01724,-0.0444,0.36509
0.03738,-0.04447,0.36505
0.04856,-0.04451,0.36502
0.03515,-0.04454,0.36515
0.05306,-0.0446,0.3652
0.05303,-0.0446,0.36501
0.03521,-0.04454,0.36562
0.0173,-0.04447,0.36557
0.02619,-0.0445,0.36507
0.02623,-0.0445,0.36536
0.02626,-0.0445,0.36559
0.05305,-0.0446,0.36511
0.0307,-0.04452,0.36535
0.06405,-0.04465,0.35979
0.06457,-0.04467,0.34433
0.06388,-0.04465,0.36
0.06399,-0.04466,0.35246
0.06442,-0.04466,0.35193
0.06415,-0.04467,0.34486
0.06393,-0.04466,0.34885
0.06418,-0.04466,0.34853
0.06428,-0.04466,0.3484
0.06431,-0.04466,0.35206
0.06417,-0.04466,0.35039
0.06396,-0.04465,0.3599
0.05338,-0.0446,0.36529
0.0451,-0.04457,0.36567
0.06422,-0.04465,0.36028
0.10956,-0.04847,0.36748
0.10688,-0.04775,0.3668
0.10804,-0.04816,0.36885
0.10585,-0.04794,0.36886
0.10367,-0.04771,0.36886
0.11079,-0.04887,0.36885
0.10823,-0.04832,0.36885
0.10567,-0.04778,0.36886
0.10673,-0.04827,0.36886
0.10535,-0.04792,0.36886
0.10773,-0.04831,0.36885
0.10741,-0.04845,0.36885
0.08707,-0.04894,0.3689
0.10021,-0.04917,0.36887
0.07394,-0.0487,0.36893
0.0847,-0.04855,0.3689
0.07631,-0.04909,0.36892
0.09309,-0.04802,0.36888
0.08351,-0.04836,0.3689
0.06915,-0.04831,0.36894
0.06267,-0.04848,0.36895
0.05929,-0.04884,0.36896
0.07873,-0.04797,0.36891
0.08949,-0.04838,0.36889
0.10979,-0.04883,0.36885
0.09305,-0.04896,0.36889
0.10144,-0.04843,0.36887
0.10504,-0.04807,0.36886
0.10262,-0.04862,0.36887
0.0576,-0.04883,0.36896
0.05761,-0.04846,0.36896
-0.0191,-0.04707,0.36629
-0.03877,-0.04713,0.3664
-0.01886,-0.04716,0.36633
-0.0188,-0.04716,0.36633
-0.04413,-0.04688,0.3663
-0.05396,-0.04689,0.36634
-0.05877,-0.04701,0.36642
-0.05362,-0.0471,0.36644
-0.06859,-0.04702,0.36646
-0.04895,-0.04701,0.36638
-0.04392,-0.04705,0.36638
-0.03889,-0.04709,0.36638
-0.04859,-0.04714,0.36644
-0.05859,-0.04708,0.36645
-0.0438,-0.04709,0.3664
-0.06848,-0.04706,0.36648
-0.05871,-0.04704,0.36643
-0.06431,-0.04658,0.36412
-0.06719,-0.04654,0.36593
-0.06814,-0.04658,0.34668
-0.06963,-0.04418,0.34715
-0.06526,-0.04659,0.34781
-0.06839,-0.04659,0.34339
-0.06774,-0.05169,0.34128
-0.06619,-0.05424,0.33998
-0.07097,-0.05227,0.33971
-0.06627,-0.0466,0.33981
-0.08001,-0.04895,0.33972
-0.06708,-0.04659,0.34392
-0.06856,-0.04659,0.34185
-0.06569,-0.0466,0.34307
-0.06562,-0.0466,0.34169
-0.06577,-0.0466,0.34445
-0.06597,-0.05169,0.34063
-0.06578,-0.0466,0.34122
-0.06779,-0.04659,0.34117
-0.06624,-0.04915,0.33987
-0.06703,-0.0466,0.34049
-0.06648,-0.0466,0.3417
-0.06594,-0.0466,0.34291
-0.0661,-0.0466,0.34136
-0.06602,-0.0466,0.34106
-0.06594,-0.0466,0.34075
-0.0661,-0.0466,0.34028
-0.06616,-0.04915,0.3401
-0.06621,-0.05169,0.33992
-0.06632,-0.0466,0.34325
-0.06746,-0.04659,0.34426
-0.06725,-0.04659,0.34238
-0.06586,-0.0466,0.34153
-0.06561,-0.0466,0.34385
-0.06586,-0.0466,0.3426
-0.06613,-0.05169,0.34016
-0.066,-0.04915,0.34057
-0.06589,-0.05169,0.34086
-0.08141,-0.05085,0.33973
-0.08032,-0.05076,0.33803
-0.07385,-0.05264,0.33972
-0.08076,-0.04857,0.33802
-0.08213,-0.04952,0.33973
-0.08055,-0.0561,0.33801
-0.08247,-0.05036,0.33803
-0.07292,-0.05441,0.338
-0.07342,-0.05207,0.33801
-0.07058,-0.05295,0.33801
-0.07176,-0.05449,0.33972
-0.08462,-0.04654,0.33803
-0.08379,-0.04654,0.33803
-0.08504,-0.04653,0.33803
-0.08463,-0.04654,0.33544
-0.08426,-0.04655,0.32785
-0.0838,-0.04655,0.33285
-0.08447,-0.04655,0.33052
-0.08508,-0.04654,0.33302
-0.08471,-0.04655,0.32543
-0.08422,-0.04654,0.33286
-0.08512,-0.04655,0.32802
-0.08421,-0.04654,0.33803
-0.0838,-0.04654,0.33544
-0.0829,-0.04654,0.33791
-0.08375,-0.04654,0.33603
-0.07426,-0.04417,0.33762
-0.06561,-0.0466,0.34277
-0.06582,-0.05042,0.34161
-0.06602,-0.05424,0.34045
-0.06561,-0.0466,0.34492
-0.06568,-0.04787,0.3431
-0.06575,-0.04915,0.34128
-0.06588,-0.05169,0.34248
-0.06582,-0.05042,0.34322
-0.06602,-0.05424,0.34152
-0.06589,-0.05169,0.3414
-0.06574,-0.04914,0.34451
-0.06568,-0.04787,0.34364
-0.06433,-0.04549,0.35559
-0.06434,-0.0444,0.34705
-0.06431,-0.04437,0.36411
-0.06242,-0.04783,0.36685
-0.03859,-0.04717,0.36642
-0.06235,-0.04783,0.36685
-0.05047,-0.0475,0.36663
-0.0505,-0.0475,0.36663
-0.06239,-0.04783,0.36685
-0.06448,-0.04727,0.36657
-0.05054,-0.0475,0.36663
-0.06642,-0.04763,0.36676
-0.0743,-0.04816,0.36706
-0.05853,-0.0471,0.36646
-0.07636,-0.0476,0.36678
-0.08036,-0.04739,0.3667
-0.07733,-0.04778,0.36688
-0.06739,-0.04782,0.36686
-0.08425,-0.04813,0.36708
-0.08665,-0.04387,0.30206
-0.08631,-0.04376,0.30321
-0.08627,-0.04383,0.30379
-0.08641,-0.0438,0.30292
-0.08654,-0.04387,0.30264
-0.08662,-0.04383,0.30206
-0.0862,-0.04376,0.30379
-0.08635,-0.0438,0.30321
-0.08648,-0.04381,0.30264
-0.08658,-0.04385,0.30235
-0.08646,-0.04385,0.30292
-0.08637,-0.04381,0.30321
-0.08626,-0.04587,0.32838
-0.08628,-0.0452,0.3194
-0.08627,-0.0452,0.32176
-0.06808,-0.04423,0.31276
-0.06866,-0.04422,0.3123
-0.06866,-0.04422,0.31229
-0.0675,-0.04423,0.31323
-0.06807,-0.04423,0.31276
-0.06779,-0.04423,0.31299
-0.08594,-0.04353,0.33566
-0.08358,-0.04372,0.31833
-0.08478,-0.04364,0.31859
-0.08412,-0.04365,0.34367
-0.08345,-0.05124,0.33973
-0.07791,-0.04384,0.35446
-0.07914,-0.04405,0.35624
-0.07361,-0.04393,0.34822
-0.07853,-0.04398,0.35535
-0.07545,-0.04385,0.35089
-0.07914,-0.0439,0.35624
-0.0773,-0.04406,0.35357
-0.0773,-0.04399,0.35357
-0.07853,-0.04394,0.35535
-0.0773,-0.04388,0.35357
-0.07576,-0.04388,0.35134
-0.07638,-0.04396,0.35223
-0.07909,-0.04377,0.35628
-0.07648,-0.04359,0.35282
-0.07295,-0.0438,0.34736
-0.07423,-0.04386,0.34911
-0.07167,-0.04375,0.34561
-0.0742,-0.04383,0.34913
-0.07668,-0.04384,0.35268
-0.07172,-0.04381,0.34558
-0.07416,-0.04378,0.34915
-0.07764,-0.04381,0.35412
-0.07716,-0.04382,0.3534
-0.07294,-0.04379,0.34737
-0.07464,-0.04376,0.34988
-0.07444,-0.04381,0.34949
-0.07532,-0.04368,0.35099
-0.07899,-0.04365,0.35635
-0.07754,-0.04369,0.35419
-0.07894,-0.04359,0.35638
-0.07614,-0.04378,0.352
-0.07529,-0.04365,0.35101
-0.07406,-0.04366,0.34923
-0.0765,-0.04362,0.3528
-0.03489,-0.04424,0.29599
-0.02576,-0.04418,0.29594
-0.02559,-0.04423,0.29599
-0.04223,-0.04428,0.29602
-0.04795,-0.04425,0.29599
-0.07214,-0.04593,0.29514
-0.02739,-0.04499,0.29505
-0.03986,-0.04553,0.29509
-0.03155,-0.04537,0.29506
-0.03155,-0.04597,0.29506
-0.03155,-0.04477,0.29506
-0.02324,-0.04521,0.29504
-0.01493,-0.04625,0.29502
-0.02324,-0.04611,0.29504
-0.00098,-0.04722,0.29483
-0.00502,-0.04708,0.2949
0.0013,-0.04741,0.29336
-0.01493,-0.04504,0.29502
-0.01493,-0.04565,0.29502
-0.00529,-0.04729,0.292
-0.01195,-0.04652,0.29201
-0.01261,-0.0462,0.29189
-0.01195,-0.04525,0.29201
-0.01195,-0.04589,0.29201
-0.01228,-0.04652,0.29195
-0.01262,-0.04716,0.29189
-0.01295,-0.04652,0.29183
-0.01245,-0.04588,0.29192
-0.01262,-0.04652,0.29189
-0.01212,-0.04557,0.29198
-0.01228,-0.04525,0.29195
0.00197,-0.04725,0.29198
0.0014,-0.04742,0.29267
0.00163,-0.04737,0.29476
-0.03052,-0.0478,0.29272
0.01508,-0.04662,0.29189
0.01489,-0.04662,0.29192
0.01508,-0.04726,0.29189
0.00186,-0.04728,0.2948
0.01136,-0.0473,0.29196
0.00148,-0.04741,0.29405
-0.01261,-0.04588,0.29189
0.00797,-0.04735,0.29477
0.02042,-0.04739,0.29474
0.00175,-0.04732,0.29478
0.0203,-0.04743,0.29472
0.02647,-0.0475,0.29468
0.03899,-0.04754,0.29466
0.02654,-0.0475,0.29468
0.04655,-0.04697,0.29484
0.03395,-0.04674,0.29496
0.03843,-0.04709,0.29483
0.02177,-0.04571,0.29495
0.02583,-0.04685,0.29495
0.02989,-0.0462,0.29495
0.04208,-0.04663,0.29496
0.01771,-0.04576,0.29495
0.0299,-0.0456,0.29495
0.03396,-0.04554,0.29495
0.03802,-0.04608,0.29496
0.05162,-0.04757,0.29464
0.05182,-0.04751,0.29431
0.05202,-0.0474,0.29437
0.05206,-0.04737,0.29367
0.04813,-0.04419,0.2956
0.03704,-0.04415,0.29562
0.03965,-0.04425,0.29571
0.06183,-0.04439,0.29572
0.05074,-0.04423,0.29563
0.06183,-0.04435,0.29568
0.02855,-0.04419,0.29571
0.02855,-0.04415,0.29568
0.03965,-0.04423,0.29569
0.04519,-0.04427,0.2957
0.05629,-0.04431,0.29567
0.04519,-0.04425,0.29568
0.08878,-0.04459,0.35535
0.07989,-0.04472,0.34946
0.08581,-0.04474,0.35339
0.09174,-0.04468,0.35732
0.09766,-0.04462,0.36124
0.09174,-0.0446,0.35732
0.08581,-0.04466,0.35339
0.08581,-0.04459,0.35339
0.08581,-0.04447,0.35339
0.07396,-0.04448,0.34553
0.07989,-0.04465,0.34946
0.07396,-0.04463,0.34553
0.09174,-0.04445,0.35732
0.09174,-0.04453,0.35732
0.08581,-0.04455,0.35339
0.08285,-0.04454,0.35142
0.07693,-0.04456,0.3475
0.08285,-0.04458,0.35142
0.07396,-0.04455,0.34553
-0.06201,-0.04661,0.34331
-0.06256,-0.04661,0.34303
-0.06201,-0.04661,0.34223
-0.06262,-0.04661,0.34025
-0.06196,-0.04661,0.34114
-0.06146,-0.04661,0.3425
-0.06212,-0.04661,0.34162
-0.06256,-0.04661,0.34196
-0.06168,-0.04662,0.34127
-0.06251,-0.04661,0.34087
-0.06278,-0.04661,0.34073
-0.06267,-0.04661,0.34134
-0.06176,-0.05663,0.33799
-0.07418,-0.04658,0.33157
-0.07136,-0.04478,0.33778
-0.04523,-0.04488,0.33776
-0.07127,-0.04568,0.33787
-0.0452,-0.04488,0.33776
-0.04528,-0.04668,0.33784
-0.04218,-0.0467,0.33127
-0.04687,-0.04468,0.33659
-0.04358,-0.04472,0.33263
-0.06984,-0.04449,0.33666
-0.04235,-0.04669,0.33726
-0.04375,-0.04465,0.32778
-0.04542,-0.0449,0.32308
-0.04712,-0.04456,0.32413
-0.07125,-0.04449,0.32519
-0.07133,-0.0448,0.32323
-0.07391,-0.04478,0.32908
-0.07268,-0.04419,0.33256
-0.07138,-0.0457,0.32325
-0.07416,-0.04478,0.32926
-0.07043,-0.0448,0.32461
-0.04524,-0.0449,0.32316
-0.04608,-0.0446,0.32462
-0.04213,-0.0449,0.33091
-0.04351,-0.04452,0.3309
-0.04618,-0.04466,0.33629
-0.07032,-0.04451,0.33645
-0.07114,-0.0442,0.32506
-0.07294,-0.04446,0.33072
-0.07556,-0.04658,0.33165
-0.07418,-0.04659,0.32371
-0.08056,-0.05603,0.32216
-0.07309,-0.05242,0.32129
-0.0717,-0.05402,0.32129
-0.07333,-0.05297,0.32129
-0.05648,-0.05393,0.32296
-0.05651,-0.05396,0.32126
-0.05649,-0.05394,0.32126
-0.05648,-0.05393,0.32239
-0.0565,-0.05395,0.32182
-0.05649,-0.05393,0.32211
-0.0565,-0.05395,0.32126
-0.05648,-0.05393,0.32182
-0.05649,-0.05394,0.32239
-0.05649,-0.05394,0.32211
-0.05649,-0.05393,0.32182
-0.05649,-0.05394,0.32154
-0.0565,-0.05394,0.32154
-0.0565,-0.05394,0.32182
-0.0131,-0.04937,0.32286
-0.013,-0.04682,0.32306
-0.01246,-0.0444,0.33587
-0.02111,-0.04499,0.32305
-0.02782,-0.04556,0.32338
-0.0279,-0.04436,0.32351
-0.01268,-0.0444,0.33684
-0.01977,-0.04437,0.33542
-0.02693,-0.04435,0.33455
-0.01328,-0.04439,0.33749
-0.01336,-0.04439,0.33734
-0.01298,-0.0444,0.33716
-0.03394,-0.04433,0.33259
-0.02114,-0.04437,0.3377
-0.01404,-0.04439,0.33784
-0.04212,-0.04429,0.33603
-0.02693,-0.04435,0.33409
-0.01283,-0.0444,0.337
-0.01999,-0.04437,0.33566
-0.01313,-0.0444,0.33733
-0.02686,-0.04435,0.334
-0.03533,-0.04431,0.33742
-0.02756,-0.04434,0.33706
-0.02708,-0.04435,0.33425
-0.02716,-0.04435,0.33433
-0.02014,-0.04437,0.33583
-0.04114,-0.0443,0.33199
-0.01366,-0.04439,0.33766
-0.02733,-0.04435,0.33492
-0.01347,-0.04439,0.33758
-0.03841,-0.04431,0.33547
-0.0344,-0.04432,0.33366
-0.01385,-0.04439,0.33775
-0.02073,-0.04437,0.3364
-0.02761,-0.04435,0.33505
-0.02083,-0.04437,0.33645
-0.02453,-0.04435,0.337
-0.02823,-0.04434,0.33756
-0.02752,-0.04435,0.33501
-0.02054,-0.04437,0.33632
-0.02723,-0.04435,0.33488
-0.03163,-0.04433,0.33686
-0.03132,-0.04433,0.33561
-0.04181,-0.04429,0.33477
-0.02022,-0.04437,0.33591
-0.02721,-0.04435,0.33474
-0.03421,-0.04432,0.33357
-0.03409,-0.04432,0.33275
-0.02718,-0.04435,0.33447
-0.02026,-0.04437,0.33618
-0.03764,-0.04431,0.33251
-0.0307,-0.04434,0.33409
-0.03066,-0.04434,0.33381
-0.04111,-0.0443,0.33172
-0.05231,-0.05559,0.32295
0.00766,-0.05443,0.32154
-0.0099,-0.05461,0.32286
0.05164,-0.05706,0.32145
0.02982,-0.05698,0.32192
0.0294,-0.05698,0.32129
0.02695,-0.05697,0.32235
0.01088,-0.05691,0.32196
-0.03204,-0.05484,0.32291
-0.03204,-0.05457,0.32291
-0.02191,-0.05488,0.32288
-0.00848,-0.05521,0.32286
0.00141,-0.05566,0.32283
0.00801,-0.05555,0.32282
-0.00518,-0.05522,0.32285
-0.00518,-0.05494,0.32285
-0.00188,-0.05537,0.32284
-0.02191,-0.05639,0.32289
0.00528,-0.04447,0.32796
-0.00428,-0.04445,0.3232
0.01297,-0.0445,0.33029
0.01302,-0.04449,0.33741
0.00727,-0.04447,0.33745
-0.00424,-0.04443,0.33753
0.0091,-0.04449,0.32556
0.00147,-0.04446,0.33215
0.01295,-0.0445,0.32673
0.013,-0.0445,0.33385
0.00726,-0.04447,0.33567
0.00151,-0.04445,0.33749
-0.01001,-0.04442,0.3268
-0.00618,-0.04442,0.33517
0.00339,-0.04446,0.33095
0.0015,-0.04445,0.33571
0.00532,-0.04447,0.33331
-0.00236,-0.04444,0.33277
-0.00427,-0.04444,0.33038
-0.01001,-0.04442,0.33039
0.00146,-0.04446,0.33036
0.00146,-0.04446,0.32678
0.00145,-0.04447,0.32319
-0.00428,-0.04444,0.32679
-0.04181,-0.0443,0.32635
-0.02826,-0.04436,0.32334
-0.02759,-0.04436,0.3259
-0.02792,-0.04436,0.32462
-0.01715,-0.0444,0.32377
-0.01349,-0.04441,0.32315
-0.02081,-0.04438,0.32439
-0.02411,-0.04437,0.32519
-0.01385,-0.04441,0.32298
-0.03436,-0.04433,0.3274
-0.03174,-0.04555,0.32332
-0.02114,-0.04438,0.32312
-0.03178,-0.04495,0.32339
-0.03537,-0.04433,0.32357
-0.02818,-0.04556,0.32321
-0.03885,-0.04552,0.32355
-0.04237,-0.04611,0.3236
-0.03887,-0.04522,0.32358
-0.03179,-0.04465,0.32342
-0.04244,-0.04491,0.32373
-0.03503,-0.04433,0.32484
-0.0275,-0.04436,0.32594
-0.01795,-0.04439,0.32418
-0.0159,-0.0444,0.32358
-0.02732,-0.04436,0.32603
-0.02723,-0.04436,0.32607
-0.02036,-0.04439,0.32461
-0.0347,-0.04433,0.32612
-0.03187,-0.04434,0.32701
-0.04148,-0.0443,0.32762
-0.04241,-0.04551,0.32366
-0.0365,-0.04432,0.32796
-0.02636,-0.05676,0.33834
-0.0586,-0.05665,0.33799
-0.02952,-0.05675,0.33835
0.01002,-0.05689,0.33933
-0.00327,-0.05684,0.33893
-0.03833,-0.05672,0.33879
0.01682,-0.0445,0.33769
0.03016,-0.04456,0.33456
0.03017,-0.04456,0.33459
0.03712,-0.04458,0.33315
0.02678,-0.04454,0.33534
0.03732,-0.04459,0.33326
0.02321,-0.04453,0.33601
0.02378,-0.04453,0.33627
0.01663,-0.0445,0.3376
0.03713,-0.04458,0.33317
0.02002,-0.04452,0.33685
0.02021,-0.04452,0.33693
0.03026,-0.04456,0.33463
0.03045,-0.04456,0.33472
0.03055,-0.04456,0.33476
0.0154,-0.04452,0.32479
0.01557,-0.04452,0.32392
0.01622,-0.04452,0.32317
0.01596,-0.04632,0.32306
0.0163,-0.04572,0.32297
0.01673,-0.04452,0.32292
0.01605,-0.04572,0.3231
0.0301,-0.04457,0.32633
0.03947,-0.0446,0.32752
0.03081,-0.04457,0.32336
0.01639,-0.04452,0.32309
0.01626,-0.04482,0.32311
0.01614,-0.04512,0.32313
0.02899,-0.04456,0.3257
0.03482,-0.04458,0.32665
0.02316,-0.04454,0.32475
0.03017,-0.04457,0.32578
0.02337,-0.04455,0.32439
0.01656,-0.04452,0.323
0.03128,-0.04457,0.32641
0.02552,-0.04455,0.32491
0.03703,-0.04459,0.32791
0.01888,-0.04453,0.32344
0.0169,-0.04452,0.32284
0.02087,-0.04454,0.32404
0.03099,-0.04457,0.3238
0.04507,-0.04462,0.32476
0.03732,-0.04459,0.327
0.03051,-0.04457,0.32561
0.02354,-0.04455,0.32431
0.04444,-0.04462,0.32718
0.03114,-0.04458,0.3232
0.0237,-0.04455,0.32423
0.03067,-0.04457,0.32501
0.02402,-0.04455,0.32302
0.02008,-0.04544,0.323
0.01613,-0.04632,0.32298
0.01639,-0.04512,0.32301
0.01639,-0.04572,0.32293
0.03827,-0.0446,0.32337
0.02745,-0.04486,0.32313
0.01664,-0.04512,0.32289
0.02707,-0.04576,0.3232
0.03076,-0.04548,0.32327
0.02325,-0.04635,0.32316
0.01613,-0.04572,0.32306
0.01995,-0.04574,0.32302
0.02733,-0.04516,0.32315
0.03063,-0.04578,0.32329
0.03779,-0.0446,0.32519
0.0412,-0.04461,0.32588
0.03034,-0.04457,0.3257
0.03407,-0.04458,0.3257
0.03475,-0.04458,0.3272
0.04409,-0.04462,0.32866
0.0348,-0.04458,0.32679
0.0394,-0.0446,0.32807
0.04401,-0.04462,0.32921
0.03942,-0.0446,0.32793
0.04332,-0.04932,0.32273
0.03369,-0.04926,0.32276
0.03389,-0.04929,0.32276
0.04352,-0.04935,0.32273
0.03436,-0.04844,0.32284
0.02519,-0.04754,0.32295
0.02426,-0.04923,0.32278
0.03404,-0.04901,0.32278
0.04383,-0.04878,0.32279
0.02007,-0.04808,0.3229
0.0297,-0.04813,0.32288
0.02938,-0.0487,0.32282
0.01525,-0.04805,0.32291
0.03384,-0.04924,0.32105
0.01527,-0.04983,0.32109
0.01466,-0.05042,0.32195
0.04893,-0.0493,0.32102
0.03595,-0.04925,0.32105
0.01876,-0.04919,0.32109
0.03455,-0.04924,0.32105
0.03346,-0.04924,0.32105
0.01192,-0.04916,0.3211
0.02841,-0.04922,0.32106
-0.00537,-0.04552,0.31588
-0.00413,-0.04567,0.29823
-0.00504,-0.04566,0.29759
-0.00429,-0.04569,0.29793
-0.00355,-0.04393,0.2962
-0.00659,-0.04435,0.29723
-0.00399,-0.04464,0.29791
-0.00525,-0.04464,0.29969
0.04606,0.05066,0.3761
0.04557,0.05054,0.37433
0.04775,0.05037,0.37461
0.04758,0.05084,0.37586
0.04762,0.05093,0.37429
0.04621,0.05098,0.3738
0.04606,0.05136,0.37391
0.04755,0.05176,0.37408
0.04606,0.05207,0.3739
0.04722,0.05236,0.3739
0.0478,0.05194,0.37557
0.04719,0.05255,0.37616
0.0467,0.05181,0.3762
0.04694,0.05293,0.37381
0.04557,0.05153,0.3755
0.04542,0.05245,0.37538
0.04561,0.05316,0.37442
0.04603,0.05315,0.37605
0.04711,0.05319,0.3761
0.0456,0.0538,0.37569
0.04702,0.05393,0.37623
0.04555,0.05446,0.37445
0.04668,0.05357,0.37373
0.0469,0.05439,0.37627
0.04646,0.05413,0.37375
0.04643,0.05476,0.37628
0.0471,0.05482,0.37392
0.04564,0.05519,0.3743
0.04453,0.05528,0.37611
0.04821,0.05527,0.37711
0.04786,0.05475,0.37508
0.04794,0.054,0.37476
0.04813,0.05527,0.37299
0.04553,0.05766,0.3729
0.04902,0.05773,0.37454
0.04768,0.05599,0.37546
0.04567,0.05599,0.37456
0.04479,0.0577,0.3762
0.04699,0.05765,0.37729
0.04789,0.05318,0.37482
-0.1063,0.04375,0.38153
-0.10612,0.04301,0.38185
-0.10581,0.04301,0.38189
-0.10581,0.04332,0.38185
-0.0897,0.04326,0.38181
-0.1059,0.01698,0.38193
-0.08833,0.0432,0.38191
-0.0898,0.01692,0.38189
-0.0849,0.04359,0.38276
-0.0897,0.04354,0.38167
-0.08579,0.01623,0.38239
-0.0898,0.01633,0.3817
-0.10591,0.01667,0.38188
-0.08744,0.01593,0.38132
-0.05386,0.01578,0.37243
-0.08011,0.01605,0.38687
-0.08025,0.04375,0.3867
-0.0898,0.01611,0.38148
-0.05376,0.04381,0.37239
-0.07605,0.04388,0.38765
-0.07726,0.04345,0.3881
-0.0782,0.01669,0.38792
-0.07617,0.04304,0.38838
-0.07633,0.01669,0.38839
-0.05382,0.0168,0.38845
-0.0749,0.01657,0.38844
-0.07633,0.01613,0.38808
-0.0749,0.01629,0.3883
-0.05383,0.01599,0.38803
-0.05383,0.01617,0.38704
-0.05383,0.01621,0.38825
-0.05382,0.01649,0.3884
-0.05682,0.01794,0.38824
-0.05373,0.04291,0.38704
-0.05373,0.04283,0.38841
-0.05386,0.017,0.37364
-0.05686,0.01661,0.3741
-0.05373,0.04314,0.38836
-0.0748,0.04322,0.38841
-0.05373,0.04342,0.38822
-0.05373,0.04364,0.388
-0.0748,0.04372,0.38804
-0.05373,0.04379,0.38772
-0.05677,0.04169,0.37261
-0.05674,0.04303,0.38675
-0.05376,0.04258,0.37358
-0.10693,0.01697,0.37254
-0.08747,0.04392,0.38127
-0.10583,0.044,0.3725
-0.10683,0.043,0.37251
-0.10691,0.01698,0.38093
-0.10681,0.04301,0.3809
-0.10678,0.04331,0.37251
-0.10642,0.04381,0.3725
-0.10614,0.04395,0.3725
-0.1064,0.04382,0.38089
-0.10612,0.04396,0.38089
-0.10664,0.04359,0.37251
-0.10662,0.0436,0.38089
-0.1067,0.04333,0.38128
-0.10662,0.04301,0.38148
-0.10677,0.04301,0.3812
-0.10672,0.01698,0.38152
-0.10678,0.01657,0.38128
-0.10688,0.01666,0.37254
-0.10637,0.01623,0.38158
-0.10672,0.01639,0.38093
-0.10593,0.01597,0.37254
-0.10674,0.01638,0.37254
-0.10652,0.01616,0.37254
-0.1065,0.01617,0.38093
-0.10624,0.01602,0.37254
-0.10591,0.01598,0.38093
-0.0898,0.01592,0.38089
-0.10591,0.01603,0.38124
-0.10649,0.01698,0.38174
-0.10591,0.01639,0.38174
-0.10581,0.04401,0.38089
-0.10581,0.04396,0.3812
-0.0897,0.04395,0.38086
-0.10581,0.04382,0.38148
-0.0897,0.04376,0.38145
0.11029,-0.0466,0.35201
0.11021,-0.04686,0.35033
0.11023,-0.04783,0.35092
0.11019,-0.04589,0.34974
0.11033,-0.04541,0.351
0.11106,-0.04559,0.3516
0.11102,-0.04774,0.35058
0.11133,-0.04687,0.35199
0.11075,-0.04556,0.34987
0.11124,-0.04531,0.35039
0.11081,-0.04662,0.34949
0.11147,-0.04553,0.35065
0.11145,-0.04607,0.34964
0.11132,-0.04728,0.34971
0.11172,-0.04524,0.35114
0.11217,-0.04547,0.35034
0.11221,-0.04726,0.34979
0.11183,-0.04675,0.35209
0.11229,-0.04559,0.35145
0.11174,-0.04777,0.35099
0.11241,-0.04701,0.35194
0.11276,-0.04773,0.35106
0.11316,-0.04558,0.3515
0.11333,-0.04745,0.34985
0.11321,-0.04723,0.35193
0.11349,-0.04775,0.35121
0.11322,-0.04576,0.34989
0.11416,-0.04714,0.3505
0.11415,-0.04762,0.35144
0.11417,-0.04667,0.34956
0.11419,-0.0479,0.35045
0.1143,-0.04539,0.35037
0.11483,-0.04772,0.35029
0.11489,-0.04642,0.34949
0.11459,-0.04758,0.35163
0.11498,-0.04631,0.35195
0.11528,-0.04729,0.35176
0.11557,-0.04671,0.34905
0.11542,-0.04815,0.35094
0.11815,-0.04441,0.35042
0.11811,-0.04623,0.34853
0.11535,-0.04527,0.35105
0.11812,-0.04882,0.35006
0.11465,-0.04547,0.35134
0.11574,-0.0467,0.35321
0.11816,-0.04657,0.35322
0.1166,-0.04674,0.352
0.11664,-0.0455,0.35011
0.11664,-0.04766,0.35003
0.11398,-0.04573,0.35159
0.11361,-0.04655,0.35212
0.1134,-0.04685,0.35185
0.11229,-0.04611,0.34963
0.11003,-0.04723,0.34971
0.109,-0.04587,0.35756
0.10941,-0.0471,0.35686
0.10895,-0.0481,0.35747
0.10897,-0.04683,0.35935
0.10931,-0.04829,0.35834
0.10977,-0.04797,0.35774
0.10984,-0.04772,0.35915
0.10973,-0.04646,0.35923
0.11057,-0.04717,0.35936
0.11002,-0.04808,0.35725
0.11034,-0.04777,0.35717
0.11067,-0.0482,0.35843
0.11036,-0.04594,0.35873
0.11092,-0.04577,0.35849
0.11113,-0.04768,0.35913
0.1099,-0.04594,0.35867
0.10982,-0.046,0.3575
0.11006,-0.04671,0.35699
0.11075,-0.04639,0.35698
0.11096,-0.04761,0.35707
0.11161,-0.04606,0.35738
0.11196,-0.04609,0.35897
0.11138,-0.04679,0.35936
0.11234,-0.04666,0.35702
0.11168,-0.04743,0.35696
0.11169,-0.04714,0.35949
0.11251,-0.04758,0.35918
0.11205,-0.04821,0.35827
0.11273,-0.04583,0.35772
0.11277,-0.04638,0.35921
0.11323,-0.04671,0.35695
0.1135,-0.0458,0.35792
0.1133,-0.04628,0.35902
0.11375,-0.04535,0.35645
0.11375,-0.04536,0.36017
0.11352,-0.04799,0.35722
0.11613,-0.04773,0.35589
0.11614,-0.04499,0.3572
0.11374,-0.04733,0.35632
0.11376,-0.04161,0.35634
0.11375,-0.045,0.35883
0.11379,-0.0339,0.35633
0.11379,-0.0339,0.35643
0.11378,-0.02694,0.34014
0.11379,-0.03634,0.36075
0.11379,-0.03695,0.36366
0.11375,-0.04862,0.36578
0.11394,0.02403,0.33281
0.11386,-0.01329,0.35649
0.11304,-0.02591,0.33311
0.11217,-0.02696,0.34012
0.11381,-0.0277,0.35642
0.11286,-0.0457,0.35291
0.11372,-0.04644,0.34602
0.11256,-0.0452,0.34256
0.1137,-0.04815,0.34131
0.1129,-0.04822,0.34121
0.11372,-0.04698,0.34818
0.1121,-0.04829,0.34111
0.11225,-0.01398,0.35628
0.11225,-0.0155,0.35641
0.11224,-0.01948,0.35631
0.11226,-0.01372,0.35985
0.1123,-0.00853,0.36611
0.11228,-0.00925,0.35997
0.11227,-0.00913,0.35637
0.11261,0.02515,0.33305
0.11236,0.0261,0.34
0.11396,0.02618,0.34005
0.1123,-0.00143,0.35624
0.11264,0.00175,0.35814
0.11314,0.01416,0.35621
0.11357,0.04449,0.34906
0.11245,0.04669,0.34841
0.11246,0.04498,0.35257
0.11245,0.04783,0.34159
0.11308,0.04497,0.34549
0.11243,0.0447,0.34204
0.11405,0.04623,0.34666
0.11247,0.04738,0.35256
0.11406,0.04599,0.35325
0.11405,0.04824,0.34103
0.11404,0.0457,0.34119
0.11403,0.03468,0.35456
0.11408,0.0485,0.35614
0.11403,0.03468,0.35624
0.11407,0.0471,0.35622
0.11408,0.04768,0.35767
0.1141,0.04799,0.36554
0.1125,0.04805,0.36554
0.11248,0.04638,0.36043
0.11323,0.04441,0.35718
0.11243,0.03469,0.35634
0.11399,0.01877,0.36585
0.1124,0.02471,0.35915
0.11294,0.00768,0.36619
0.11247,0.0466,0.35614
0.11237,0.01877,0.35626
0.11237,0.01877,0.35636
0.11334,0.02462,0.35696
0.11327,0.01628,0.35822
0.11236,0.01479,0.35637
0.11238,0.02119,0.35793
0.114,0.02256,0.35993
0.11399,0.02221,0.35657
0.11397,0.01876,0.35626
0.11396,0.01479,0.35637
0.11326,0.01199,0.35821
0.11236,0.01407,0.36001
0.11393,0.0069,0.35628
0.11396,0.01353,0.35637
0.1131,0.00983,0.3622
0.11391,0.00027,0.35638
0.11391,-0.00013,0.35626
0.11316,0.00652,0.36957
0.1139,-0.00839,0.36625
0.11321,-0.00111,0.35999
0.11292,-0.00725,0.36957
0.11388,-0.00994,0.35923
0.11279,-0.00599,0.35803
0.1139,-0.00189,0.35684
0.11388,-0.01473,0.36589
0.11224,-0.02524,0.36591
0.11382,-0.02966,0.36303
0.11383,-0.02409,0.36002
0.11299,-0.01694,0.35794
0.11386,-0.01478,0.36005
0.11354,-0.02249,0.35685
0.11221,-0.03113,0.36225
0.11221,-0.0309,0.36374
0.11219,-0.03727,0.36592
0.11381,-0.03165,0.36411
0.11223,-0.02214,0.35898
0.11277,-0.02579,0.35783
0.11221,-0.02769,0.35642
0.1122,-0.03137,0.36076
0.11224,-0.01948,0.35641
0.11218,-0.0339,0.35633
0.11221,-0.02769,0.35632
0.11213,-0.0457,0.34859
0.11215,-0.045,0.35729
0.11211,-0.04779,0.34552
0.11212,-0.04871,0.35062
0.11292,-0.04784,0.3494
0.11214,-0.04761,0.35671
0.11215,-0.04885,0.36566
0.11292,-0.04859,0.35149
0.11373,-0.04847,0.35237
0.11291,-0.0474,0.36036
0.11218,-0.03791,0.36132
0.11219,-0.03539,0.36315
0.11379,-0.03665,0.36221
0.11219,-0.03665,0.36224
0.1138,-0.03185,0.361
0.11388,-0.00787,0.35604
0.11407,0.04565,0.35627
0.11408,0.04487,0.36007
0.11445,-0.04691,0.35702
0.11612,-0.04924,0.35881
0.11344,-0.04797,0.35902
0.11307,-0.04813,0.35894
0.11616,-0.04596,0.36028
0.11446,-0.04713,0.35922
0.1132,-0.04784,0.35702
0.11296,-0.04789,0.35746
0.11249,-0.04816,0.35755
0.11154,-0.04828,0.35789
-0.09423,0.00027,0.28168
-0.0942,0.00148,0.28169
-0.0942,0.00152,0.28169
-0.09421,-0.00101,0.2817
-0.09409,-0.00242,0.28179
-0.09407,0.00296,0.28178
-0.09451,0.00331,0.28287
-0.09471,0.00027,0.28281
-0.09402,0.00339,0.28184
-0.09459,0.00331,0.28305
-0.0835,-0.00057,0.28673
-0.08349,0.00328,0.28673
-0.08494,0.00328,0.28739
-0.08473,0.00328,0.2872
-0.08443,0.00328,0.28703
-0.08415,0.00328,0.28686
-0.08386,0.00328,0.28681
-0.08322,0.01275,0.28674
-0.08373,0.01276,0.28675
-0.08383,0.01276,0.28678
-0.08278,0.01275,0.28812
-0.08165,0.01275,0.28759
-0.08145,0.01275,0.28785
-0.08136,0.01275,0.28813
-0.08157,0.01275,0.28992
-0.08414,0.01276,0.28963
-0.08122,0.01275,0.28916
-0.08123,0.01275,0.28848
-0.08186,0.01275,0.28731
-0.08215,-0.01229,0.28717
-0.08123,0.01275,0.28873
-0.08241,0.01275,0.28693
-0.08262,0.01275,0.28686
-0.08306,0.01275,0.28673
-0.0836,0.01276,0.28816
-0.08355,0.01501,0.28794
-0.08361,0.01392,0.28999
-0.08307,0.01508,0.29035
-0.08331,0.01504,0.28914
-0.08129,-0.01229,0.28876
-0.08134,-0.01229,0.28938
-0.0827,-0.01228,0.29014
-0.08142,-0.01229,0.28815
-0.08171,-0.01229,0.28761
-0.08467,-0.01228,0.28788
-0.08401,-0.01228,0.28863
-0.08435,-0.01453,0.28991
-0.08528,-0.01453,0.28683
-0.08282,-0.01464,0.28791
-0.08224,-0.01456,0.29016
-0.08445,-0.01378,0.28923
-0.08359,-0.01458,0.28891
-0.08325,-0.01303,0.29006
-0.08456,-0.01303,0.28856
-0.08418,-0.0134,0.28927
-0.0838,-0.01378,0.28998
-0.08363,-0.01265,0.28935
-0.08335,-0.01228,0.28939
-0.08069,-0.01436,0.28804
-0.08355,-0.01454,0.28565
-0.0798,0.01393,0.28867
-0.07991,0.01407,0.28857
-0.08052,-0.01424,0.28819
-0.08046,-0.01416,0.28824
-0.08057,0.01393,0.29033
-0.07993,-0.01348,0.28868
-0.07946,-0.01317,0.28907
-0.07958,0.01379,0.28886
-0.07934,0.01364,0.28905
-0.07895,-0.01307,0.28949
-0.07923,0.01362,0.28915
-0.07933,-0.01314,0.28918
-0.08055,-0.01332,0.29045
-0.08108,-0.01399,0.29006
-0.08089,0.00024,0.29014
-0.08005,0.01362,0.29079
-0.07997,-0.01308,0.291
-0.07981,0.01356,0.29104
-0.07985,-0.01307,0.29117
-0.07977,0.01355,0.2911
-0.07886,0.01354,0.28946
-0.07816,-0.01307,0.29016
-0.07967,0.01355,0.29126
-0.07806,0.01354,0.29013
-0.07673,0.01283,0.29124
-0.07698,-0.01254,0.29114
-0.07757,-0.01295,0.29066
-0.07665,-0.01157,0.29142
-0.07777,-0.01299,0.29048
-0.0776,-0.01296,0.29416
-0.07776,-0.01301,0.29416
-0.07759,0.01346,0.29412
-0.07701,-0.01257,0.29416
-0.07751,0.01344,0.29413
-0.07669,-0.01195,0.29416
-0.07663,0.0125,0.29413
-0.07664,-0.01157,0.29416
-0.07669,-0.01193,0.29139
-0.07689,0.013,0.29414
-0.07656,0.01204,0.29413
-0.07748,0.01342,0.29062
-0.0776,0.01345,0.29051
-0.07805,0.01355,0.29406
-0.07786,0.01353,0.2941
-0.07815,-0.01306,0.29409
-0.07824,0.01355,0.294
-0.07853,0.01355,0.29382
-0.07863,-0.01306,0.29387
-0.07872,-0.01306,0.29383
-0.07878,0.01355,0.29368
-0.07905,-0.01306,0.29353
-0.07918,-0.01306,0.29341
-0.07895,0.01355,0.29349
-0.0792,0.01355,0.29321
-0.07927,0.01355,0.29306
-0.07936,-0.01306,0.29309
-0.07949,-0.01306,0.29286
-0.07945,0.01355,0.29264
-0.07954,-0.01306,0.29259
-0.07961,-0.01306,0.29225
-0.07946,0.01355,0.29256
-0.07952,0.01355,0.29202
-0.07953,0.01355,0.29171
-0.07961,-0.01306,0.29205
-0.07966,-0.01306,0.29159
-0.07958,0.01355,0.29156
-0.07976,-0.01306,0.2913
-0.08098,0.01446,0.29003
-0.08114,0.01465,0.28995
-0.08035,0.01463,0.28821
-0.08116,0.01467,0.28994
-0.08124,-0.01417,0.28999
-0.08116,-0.0141,0.29002
-0.08139,-0.01429,0.28994
-0.08132,0.01478,0.28991
-0.08089,0.015,0.28756
-0.08465,-0.01453,0.28494
-0.08449,0.015,0.28494
-0.08518,-0.01451,0.28474
-0.08507,0.01498,0.2847
-0.08501,0.01501,0.28757
-0.0871,0.01481,0.28638
-0.08865,0.0142,0.28569
-0.08503,0.01276,0.28748
-0.0849,0.01276,0.28737
-0.09118,0.01193,0.28456
-0.09273,0.0093,0.28387
-0.09387,0.00643,0.28337
-0.09004,0.01323,0.28507
-0.08441,0.01276,0.287
-0.09322,0.00698,0.28239
-0.09329,0.00684,0.28242
-0.09345,0.00642,0.28243
-0.09363,0.00589,0.28239
-0.09365,0.0058,0.28238
-0.09343,0.00649,0.28244
-0.09369,0.00566,0.28236
-0.09377,0.00528,0.28229
-0.09382,0.00508,0.28225
-0.0934,-0.00613,0.28244
-0.09355,-0.00574,0.28244
-0.09392,-0.00589,0.28338
-0.09369,-0.00525,0.28238
-0.0946,-0.00285,0.28307
-0.0928,-0.00877,0.28389
-0.09379,-0.00486,0.28233
-0.09327,-0.00644,0.2824
-0.09335,-0.00627,0.28244
-0.09317,-0.00662,0.28235
-0.09316,0.00709,0.28236
-0.09309,0.0072,0.28231
-0.09303,-0.00685,0.28225
-0.09298,0.00739,0.28224
-0.09285,0.00762,0.2822
-0.0929,-0.0071,0.28222
-0.09278,-0.00737,0.2822
-0.09272,0.00789,0.28219
-0.09268,0.00798,0.28219
-0.09273,-0.00746,0.28221
-0.09265,-0.00765,0.28223
-0.0924,-0.00822,0.28231
-0.0926,0.00816,0.28221
-0.09234,0.00874,0.28229
-0.09223,0.00898,0.28234
-0.09237,-0.00828,0.28232
-0.09229,-0.00847,0.28238
-0.09219,-0.00871,0.28245
-0.09213,0.00922,0.28244
-0.0921,0.0093,0.28247
-0.09216,-0.00878,0.28249
-0.09211,-0.00892,0.28257
-0.09206,0.00942,0.28252
-0.09205,0.00945,0.28254
-0.09207,-0.00909,0.28269
-0.092,0.00961,0.28266
-0.09204,-0.0092,0.28277
-0.09201,-0.00928,0.28283
-0.09194,0.00981,0.2828
-0.09196,-0.00943,0.28291
-0.09189,0.00994,0.28289
-0.09185,0.01002,0.28292
-0.09192,-0.0095,0.28294
-0.09173,0.01027,0.283
-0.0918,-0.00975,0.28302
-0.09174,-0.00986,0.28306
-0.09169,0.01035,0.28303
-0.09167,-0.00999,0.28308
-0.09126,-0.01142,0.28459
-0.09102,-0.01075,0.28286
-0.09089,-0.01091,0.28284
-0.09087,-0.01093,0.28284
-0.09152,-0.01019,0.28308
-0.09138,-0.01037,0.28304
-0.09163,-0.01005,0.28309
-0.09012,-0.0121,0.28346
-0.09007,-0.01218,0.28355
-0.09016,-0.01202,0.28338
-0.09018,-0.01197,0.28331
-0.09023,-0.01188,0.2832
-0.08992,-0.01237,0.28367
-0.09013,-0.01272,0.2851
-0.09003,-0.01223,0.28358
-0.0903,-0.01175,0.2831
-0.09076,-0.01108,0.28287
-0.09052,-0.01142,0.28295
-0.09122,-0.01053,0.28294
-0.09114,-0.01061,0.28289
-0.09128,-0.01048,0.28299
-0.09125,-0.0105,0.28297
-0.09039,-0.01161,0.28301
-0.09123,0.01097,0.28298
-0.09118,0.01101,0.28294
-0.09108,0.01111,0.28287
-0.09101,0.01117,0.28284
-0.09083,0.01139,0.28281
-0.09081,0.01142,0.28281
-0.09068,0.01159,0.28284
-0.09044,0.01193,0.28292
-0.09032,0.01211,0.28299
-0.09021,0.01226,0.28307
-0.09015,0.01237,0.28315
-0.09014,0.01239,0.28317
-0.09009,0.01249,0.28329
-0.09008,0.01252,0.28334
-0.09004,0.01261,0.28343
-0.09001,0.01266,0.28349
-0.08994,0.01274,0.28355
-0.08983,0.01288,0.28364
-0.08975,0.01295,0.28367
-0.08978,-0.01251,0.28372
-0.08956,0.01311,0.28369
-0.08954,0.01313,0.28369
-0.08975,-0.01253,0.28372
-0.08949,-0.01272,0.28368
-0.0894,0.01322,0.28365
-0.08929,0.01328,0.28358
-0.08939,-0.01278,0.28363
-0.08875,-0.0137,0.28572
-0.08788,-0.01382,0.28435
-0.08783,-0.01384,0.28437
-0.0872,-0.01432,0.28642
-0.08823,-0.01361,0.2841
-0.08816,-0.01366,0.2842
-0.08809,-0.01371,0.28426
-0.08829,-0.01355,0.28396
-0.08801,-0.01375,0.28431
-0.08805,0.01417,0.28418
-0.08806,0.01416,0.28417
-0.08813,0.0141,0.28406
-0.08819,0.01404,0.28393
-0.08894,0.01348,0.28344
-0.0891,0.01338,0.28347
-0.08889,0.01352,0.28344
-0.08912,0.01337,0.28348
-0.08821,0.01402,0.28386
-0.08899,-0.01301,0.28348
-0.08887,-0.0131,0.2835
-0.08878,0.0136,0.28347
-0.08852,0.01377,0.28355
-0.08841,0.01385,0.28361
-0.08834,0.0139,0.28366
-0.08831,0.01393,0.2837
-0.08824,0.01399,0.28381
-0.08829,-0.01354,0.28393
-0.08833,-0.0135,0.28384
-0.0884,-0.01344,0.28373
-0.0885,-0.01336,0.28365
-0.08913,-0.01292,0.28349
-0.0892,-0.01287,0.28351
-0.08858,-0.0133,0.2836
-0.08862,-0.01328,0.28359
-0.08934,-0.0128,0.28359
-0.08799,0.0142,0.28422
-0.08792,0.01425,0.28428
-0.08779,0.01431,0.28432
-0.08763,0.01437,0.28432
-0.08773,-0.01388,0.28435
-0.08749,0.01442,0.28428
-0.08759,-0.01393,0.28432
-0.08737,0.01445,0.2842
-0.08749,-0.01395,0.28426
-0.08736,-0.01399,0.28417
-0.08723,-0.01403,0.28413
-0.08722,0.01449,0.28411
-0.08713,0.01451,0.28409
-0.087,0.01455,0.28408
-0.0871,-0.01407,0.28412
-0.08697,-0.01411,0.28414
-0.08687,0.0146,0.2841
-0.08617,0.01475,0.28433
-0.08627,-0.01427,0.28437
-0.0913,0.01089,0.28302
-0.09134,0.01085,0.28303
-0.09145,0.01071,0.28305
-0.09156,0.01056,0.28306
-0.09163,0.01046,0.28305
-0.09389,-0.00426,0.28218
-0.09386,0.00479,0.28217
-0.09394,-0.00393,0.2821
-0.09394,0.00026,0.28204
-0.09396,-0.00368,0.28201
-0.09401,-0.00322,0.28191
-0.09398,0.00374,0.2819
-0.09401,0.00008,0.28187
-0.09403,-0.00302,0.28186
-0.09394,0.00412,0.28197
-0.08495,-0.00056,0.28739
-0.09417,-0.0016,0.28172
-0.09481,-0.00053,0.28297
-0.09473,-0.00053,0.2828
-0.09474,-0.00018,0.2828
-0.09424,-0.00009,0.28168
-0.08429,-0.00056,0.28691
-0.08331,-0.01228,0.28675
-0.0827,-0.01228,0.28688
0.07617,0.05442,0.33517
0.07663,0.05285,0.33456
0.07648,0.05419,0.3345
0.07502,0.05229,0.33464
0.07648,0.05255,0.33519
0.07454,0.05284,0.3353
0.07562,0.05219,0.33587
0.07662,0.05429,0.33553
0.07661,0.05381,0.33572
0.07495,0.05451,0.33603
0.07541,0.05428,0.33517
0.07641,0.05439,0.336
0.07466,0.05413,0.33518
0.07439,0.05295,0.33611
0.07584,0.05468,0.33681
0.07611,0.05452,0.33633
0.07441,0.05378,0.3369
0.07419,0.05336,0.33663
0.0749,0.05445,0.33451
0.07437,0.05333,0.33465
0.07477,0.05242,0.33723
0.07608,0.05233,0.33684
0.07462,0.05412,0.33743
0.0747,0.05257,0.33802
0.07615,0.05236,0.33809
0.07671,0.05316,0.33738
0.07667,0.0537,0.33818
0.07497,0.05227,0.33873
0.07678,0.05335,0.33882
0.07429,0.05347,0.33817
0.07441,0.05362,0.33892
0.07395,0.05428,0.33934
0.07638,0.05211,0.33915
0.07621,0.05105,0.34169
0.07318,0.05345,0.34162
0.07519,0.05563,0.34165
0.0776,0.05436,0.34164
0.07766,0.05494,0.33925
0.07455,0.05387,0.33997
0.07656,0.05296,0.33996
0.07603,0.05452,0.3389
0.07546,0.05477,0.33848
0.07522,0.05454,0.338
0.07626,0.05442,0.33748
0.07687,0.05384,0.33685
0.07674,0.05295,0.33612
0.07579,0.0547,0.33514
0.06031,-0.05265,0.33455
0.05928,-0.05419,0.33477
0.05991,-0.05266,0.33491
0.0616,-0.05437,0.33467
0.06102,-0.05275,0.33518
0.06152,-0.0534,0.33535
0.05985,-0.05275,0.33604
0.05958,-0.05314,0.33535
0.06154,-0.05298,0.3357
0.0614,-0.05469,0.33527
0.06135,-0.05474,0.33579
0.05967,-0.05482,0.33554
0.06015,-0.05511,0.3349
0.05926,-0.05429,0.33615
0.06051,-0.05512,0.33623
0.0597,-0.05295,0.337
0.05963,-0.05469,0.33669
0.05928,-0.05411,0.33708
0.06159,-0.0544,0.33649
0.06075,-0.0551,0.33716
0.06166,-0.05409,0.33746
0.0607,-0.055,0.33781
0.06127,-0.05292,0.33655
0.06167,-0.05372,0.33844
0.0615,-0.05297,0.33798
0.06094,-0.05274,0.33743
0.06119,-0.05294,0.33595
0.05945,-0.05319,0.33776
0.05994,-0.05275,0.33848
0.05929,-0.05372,0.33851
0.05952,-0.05302,0.33934
0.06095,-0.05276,0.33885
0.05967,-0.05478,0.33812
0.05993,-0.05497,0.33887
0.06117,-0.05486,0.33848
0.06163,-0.05397,0.33909
0.06167,-0.05495,0.33935
0.06224,-0.05226,0.33942
0.06275,-0.05314,0.34191
0.06028,-0.05613,0.34184
0.05944,-0.05195,0.34185
0.06111,-0.05494,0.34033
0.06104,-0.05277,0.34031
0.05924,-0.05394,0.34032
0.0582,-0.05423,0.34178
0.05858,-0.05556,0.33943
0.08592,0.0421,0.36725
0.10159,0.04026,0.36762
0.1022,0.04171,0.36659
0.1035,0.04026,0.36642
0.10235,0.03945,0.36739
0.1019,0.03945,0.36763
0.10137,-0.04007,0.36777
0.10098,0.03946,0.36779
0.08591,0.03977,0.36808
0.10116,-0.04078,0.36779
0.08562,-0.04258,0.36745
0.08563,-0.03948,0.36689
0.08591,0.0396,0.36672
0.07597,0.03864,0.36841
0.07738,0.03781,0.36836
0.07591,0.03876,0.36841
0.0759,0.03886,0.36841
0.0759,0.0398,0.36841
0.0809,0.03711,0.36825
0.0759,0.04069,0.36826
0.08471,0.03627,0.36813
0.08581,0.03559,0.36809
0.0859,0.03896,0.36626
0.0859,0.03537,0.36809
0.08588,0.03546,0.36809
0.08591,0.04063,0.36796
0.08591,0.03957,0.36617
0.09742,0.03934,0.36594
0.08591,0.04012,0.36589
0.08591,0.04066,0.36794
0.08592,0.04147,0.36755
0.0759,0.04152,0.36785
0.08592,0.04149,0.36753
0.08591,0.04014,0.36588
0.08592,0.04215,0.3669
0.08591,0.04058,0.36544
0.09742,0.0399,0.36565
0.08592,0.0426,0.36607
0.08591,0.04085,0.36491
0.09742,0.04035,0.36521
0.09741,0.03873,0.36425
0.09741,0.03895,0.36402
0.09742,0.04061,0.36469
0.09741,0.03909,0.36374
0.09742,0.04073,0.36408
0.08591,0.04109,0.3634
0.08591,0.04087,0.36488
0.09682,0.04043,0.3299
0.08351,0.03941,0.36386
0.08528,0.0396,0.35267
0.08523,0.03954,0.33004
0.0849,0.04087,0.32962
0.08518,0.03958,0.35267
0.08353,0.03967,0.35267
0.08359,0.03938,0.34658
0.08358,0.02791,0.35282
0.08348,0.03951,0.36431
0.08349,0.04,0.34658
0.08355,0.03065,0.34974
0.08355,0.03017,0.34829
0.08362,0.03936,0.33004
0.08355,0.0297,0.34683
0.08354,0.03988,0.33004
0.08314,0.00765,0.35429
0.08351,0.02765,0.36431
0.08347,0.02158,0.36456
0.08309,-0.00816,0.35429
0.08334,-0.03994,0.33014
0.08261,0.00726,0.36246
0.08179,0.00727,0.3663
0.08264,0.00787,0.36608
0.08477,-0.04106,0.32978
0.08334,-0.0335,0.34035
0.08331,-0.03992,0.34668
0.08326,-0.04046,0.33015
0.08495,-0.03179,0.33809
0.08509,-0.03732,0.33917
0.08492,-0.04014,0.35277
0.09645,-0.04089,0.32996
0.08561,-0.0416,0.36359
0.08481,-0.04347,0.33018
0.08435,-0.04278,0.32957
0.08305,-0.04094,0.33015
0.08324,-0.04056,0.33015
0.08295,-0.04112,0.33015
0.08273,-0.04135,0.33015
0.08378,-0.04275,0.33015
0.08378,-0.04275,0.32935
0.08428,-0.04325,0.32935
0.08428,-0.04325,0.33015
-0.0927,-0.04332,0.33053
-0.09174,-0.04262,0.33053
-0.09395,-0.04173,0.33027
-0.09174,-0.04262,0.32973
-0.09435,-0.00186,0.33048
-0.09449,-0.03936,0.32973
-0.09368,-0.03931,0.33053
-0.09268,-0.04105,0.33053
-0.09219,-0.04125,0.33053
-0.09174,-0.04212,0.33053
-0.09346,-0.04322,0.33054
-0.09419,-0.04292,0.33054
-0.09455,-0.04059,0.32973
-0.09499,-0.03936,0.33053
-0.09569,-0.0403,0.33054
-0.0931,-0.04073,0.33053
-0.09342,-0.04031,0.33053
-0.09482,-0.04243,0.33054
-0.0953,-0.0418,0.33054
-0.09559,-0.04106,0.33054
-0.09362,-0.03982,0.33053
-0.09416,-0.04288,0.33856
-0.09444,-0.04273,0.33856
-0.09477,-0.0424,0.33856
-0.0951,-0.04206,0.33856
-0.09416,-0.04166,0.36598
-0.09525,-0.04177,0.33856
-0.0941,-0.04175,0.36598
-0.09397,-0.04107,0.36801
-0.09347,-0.04223,0.36598
-0.09273,-0.04253,0.36596
-0.09283,-0.04238,0.36673
-0.09197,-0.04248,0.3668
-0.09197,-0.04247,0.36686
0.07557,-0.04309,0.36644
-0.09198,-0.04263,0.36595
0.07555,-0.04323,0.36558
-0.09268,-0.04331,0.33854
0.08561,-0.04328,0.36526
0.08561,-0.04313,0.36612
0.08562,-0.04136,0.36502
0.07557,-0.04306,0.36649
0.08561,-0.0427,0.36695
0.08562,-0.04106,0.36558
-0.09197,-0.04208,0.36758
0.07558,-0.04266,0.36728
0.08562,-0.04203,0.36762
0.0756,-0.04199,0.36794
-0.09197,-0.04147,0.36822
-0.09197,-0.04203,0.36768
-0.09206,-0.04074,0.36866
-0.09197,-0.04136,0.36833
-0.09196,-0.04074,0.36867
-0.08944,-0.04053,0.36874
0.07561,-0.04112,0.36837
-0.08931,-0.04052,0.36874
-0.08983,-0.03697,0.36872
-0.09195,-0.03589,0.36859
-0.091,-0.03676,0.36869
0.0768,-0.03838,0.36847
0.08063,-0.03757,0.36835
0.0757,-0.03906,0.36851
-0.08605,-0.0378,0.36883
-0.08726,-0.04029,0.3688
-0.08496,-0.03849,0.36886
-0.08489,-0.03861,0.36886
0.07562,-0.03928,0.36851
0.07563,-0.03918,0.36851
0.08563,-0.04027,0.36819
0.08562,-0.04008,0.36627
0.08562,-0.0412,0.36804
0.07561,-0.04023,0.36851
0.08414,-0.0369,0.36823
0.08556,-0.03608,0.36819
0.08563,-0.03596,0.36818
0.08564,-0.03586,0.36818
0.08562,-0.03947,0.36637
-0.08488,-0.03965,0.36886
-0.08488,-0.03871,0.36886
-0.08505,-0.03989,0.36886
0.09714,-0.03992,0.36604
0.08562,-0.04061,0.36601
0.09714,-0.04045,0.36579
0.09714,-0.03932,0.36614
0.09714,-0.03903,0.36449
0.09714,-0.03931,0.36435
0.09714,-0.03873,0.36454
0.08323,-0.03892,0.36481
0.08325,-0.03948,0.36464
0.08323,-0.03922,0.36476
0.08324,-0.03925,0.36476
0.08317,-0.03948,0.36501
0.08321,-0.03948,0.36483
0.08293,-0.04007,0.36548
0.083,-0.03948,0.36534
0.08326,-0.02814,0.3648
0.08323,-0.02267,0.36499
0.08195,-0.02267,0.36627
0.08133,-0.02267,0.36637
0.08331,-0.02268,0.36462
0.08295,-0.02267,0.36555
0.04643,-0.02254,0.3647
0.08331,-0.02814,0.36438
0.08332,-0.02207,0.36462
0.08275,-0.02207,0.36593
0.08133,-0.02207,0.36637
0.04643,-0.02194,0.3647
0.08258,-0.00835,0.3661
0.08173,-0.00775,0.36632
0.08235,-0.00775,0.36395
0.082,-0.00775,0.36626
0.08256,-0.00775,0.36597
0.08205,0.00727,0.36624
0.08261,0.00727,0.36595
0.08305,0.00727,0.36551
0.083,-0.00775,0.36553
0.08334,0.00726,0.36495
0.08328,-0.00776,0.36497
0.04644,-0.02194,0.36645
0.04659,0.02171,0.36639
0.04659,0.02171,0.36464
0.04583,-0.02194,0.3647
0.04584,-0.02194,0.36645
0.04599,0.02172,0.36639
0.04599,0.02171,0.36464
0.00839,-0.0218,0.36653
0.00839,-0.02181,0.36478
0.04583,-0.02254,0.3647
0.04599,0.02232,0.36464
0.00854,0.02185,0.36472
0.04659,0.02231,0.36464
0.00854,0.02185,0.36647
0.0466,0.02232,0.36639
0.04665,0.03903,0.36462
0.08149,0.02219,0.36631
0.08347,0.02218,0.36456
0.04605,0.03904,0.36462
0.04597,0.03899,0.33012
0.04606,0.04119,0.36448
0.04606,0.04073,0.36557
0.04606,0.04029,0.366
0.04606,0.03974,0.36627
0.04605,0.03913,0.36637
0.04599,0.02232,0.36639
0.00839,0.0223,0.36492
0.00861,0.03926,0.36645
0.0086,0.03917,0.3647
0.00794,0.02245,0.36472
-0.02951,0.02198,0.36481
0.00794,0.02185,0.36648
0.00778,-0.0218,0.36478
0.00779,-0.0218,0.36653
-0.0295,0.02199,0.36656
-0.02966,-0.02167,0.36661
-0.02966,-0.02167,0.36486
0.00778,-0.02241,0.36478
-0.02966,-0.02227,0.36545
-0.03027,-0.02227,0.36486
-0.03026,-0.02167,0.36486
0.00779,-0.02255,0.36717
-0.02972,-0.03928,0.36633
-0.03033,-0.03899,0.36489
0.00772,-0.03982,0.36646
0.00772,-0.03913,0.3648
0.00772,-0.04037,0.36619
-0.02973,-0.04024,0.36627
-0.02973,-0.04068,0.36584
0.00772,-0.04082,0.36575
-0.02973,-0.04097,0.36529
0.00772,-0.04111,0.36521
0.00771,-0.04135,0.36363
-0.02973,-0.04108,0.36468
-0.02977,-0.04152,0.34694
0.00764,-0.04167,0.33031
-0.02981,-0.04154,0.33039
-0.0298,-0.03904,0.33039
-0.03041,-0.04154,0.3304
-0.0304,-0.03904,0.33039
-0.06036,-0.04133,0.33724
-0.03037,-0.04152,0.34695
-0.06065,-0.04213,0.33046
-0.06005,-0.04097,0.33046
0.04569,-0.04181,0.33023
0.04629,-0.04181,0.33023
-0.07066,-0.0416,0.33048
-0.06551,-0.04146,0.33386
0.00824,-0.04168,0.33031
0.04576,-0.04155,0.36304
0.0457,-0.03931,0.33023
0.0463,-0.03931,0.33022
0.04577,-0.03926,0.36472
0.04637,-0.03926,0.36472
0.04576,-0.04124,0.36513
0.04577,-0.04095,0.36567
0.04577,-0.04051,0.3661
0.04577,-0.03996,0.36638
0.04583,-0.02283,0.36708
0.00832,-0.04082,0.36575
0.00832,-0.04038,0.36618
0.00833,-0.03967,0.36651
0.00832,-0.03913,0.3648
0.00839,-0.02241,0.36653
0.00838,-0.02241,0.36478
0.00832,-0.04128,0.36467
0.00825,-0.03917,0.33031
0.00765,-0.03917,0.33031
0.04632,-0.04179,0.34678
0.04636,-0.04135,0.36452
0.04644,-0.02254,0.36645
0.04638,-0.03935,0.36647
0.04637,-0.04124,0.36513
0.04637,-0.03996,0.36638
0.04637,-0.04051,0.3661
0.04637,-0.04095,0.36567
0.08126,-0.04137,0.36504
0.08126,-0.04108,0.36559
0.082,-0.04122,0.36519
0.08176,-0.04142,0.36444
0.08126,-0.04148,0.36444
0.0813,-0.04192,0.3467
0.08133,-0.04194,0.33015
0.08191,-0.04182,0.3467
0.08183,-0.04186,0.33015
0.08228,-0.04164,0.3467
0.08231,-0.04166,0.33015
0.08251,-0.04156,0.33015
0.08247,-0.04154,0.3467
0.08269,-0.04132,0.3467
0.08259,-0.04096,0.36443
0.08225,-0.04122,0.36444
0.08214,-0.04127,0.36444
0.08266,-0.04091,0.36455
0.08276,-0.04078,0.36443
0.08287,-0.04056,0.36493
0.08301,-0.04044,0.36442
0.08301,-0.04092,0.34669
0.08321,-0.04054,0.34669
0.08292,-0.0411,0.34669
0.08322,-0.04044,0.34669
0.08321,-0.03994,0.36441
0.08325,-0.04019,0.35277
0.08322,-0.03991,0.36397
0.08411,-0.02837,0.35292
0.08515,0.03017,0.35228
0.08491,-0.02815,0.36476
0.08491,-0.03151,0.34545
0.08333,-0.03395,0.34323
0.0884,-0.03273,0.34275
0.0884,-0.03376,0.34171
0.08839,-0.0348,0.34068
0.08334,-0.03373,0.34179
0.08838,-0.03789,0.34195
0.08838,-0.0339,0.33703
0.08491,-0.03603,0.34535
0.0884,-0.03454,0.34591
0.08841,-0.03004,0.34357
0.08496,-0.02992,0.34051
0.08498,-0.02977,0.34193
0.08495,-0.02991,0.34298
0.08841,-0.02993,0.3405
0.0849,0.0253,0.34872
0.08837,0.0309,0.35245
0.08514,0.02893,0.35208
0.08515,0.02781,0.34504
0.08862,0.02537,0.34834
0.0852,0.03271,0.34488
0.08863,0.03043,0.34412
0.08864,0.03063,0.34679
0.08865,0.03443,0.34815
0.08864,0.03015,0.34827
0.08864,0.02967,0.34975
0.08512,0.03312,0.35149
0.08514,0.02832,0.35273
0.08513,0.02771,0.35315
0.08511,0.02764,0.36469
0.09741,0.03814,0.36444
0.09742,0.03873,0.36604
0.0835,0.03856,0.3647
0.08351,0.03873,0.36466
0.09741,0.03845,0.36439
0.0895,0.02376,0.36645
0.08951,0.03178,0.36653
0.08932,-0.0243,0.36655
0.08928,-0.03231,0.36661
0.08353,0.039,0.36452
0.08353,0.03899,0.36453
0.08349,0.03899,0.36473
0.08345,0.03899,0.36491
0.08339,0.03953,0.36489
0.08269,0.04018,0.36567
0.08328,0.03899,0.36524
0.08316,0.04007,0.36479
0.08353,0.03923,0.3643
0.08349,0.03944,0.3643
0.08354,0.03912,0.36443
0.0833,0.03995,0.36432
0.08305,0.03909,0.3656
0.08339,0.02218,0.36493
0.08311,0.02218,0.36549
0.08211,0.02219,0.36622
0.08266,0.02219,0.36593
0.08287,0.03899,0.36576
0.08242,0.039,0.36606
0.08217,0.039,0.36619
0.08208,0.03954,0.36614
0.08155,0.03961,0.3662
0.08198,0.039,0.36622
0.08155,0.039,0.36629
0.04666,0.03912,0.36637
0.04666,0.03973,0.36627
0.04666,0.04028,0.366
0.08155,0.0406,0.36549
0.04666,0.04073,0.36556
0.08155,0.04089,0.36494
0.08208,0.04084,0.36487
0.08198,0.04094,0.36433
0.08155,0.041,0.36433
0.04666,0.04112,0.36441
0.04666,0.04101,0.36502
0.04662,0.04151,0.34667
0.04658,0.03899,0.33012
0.04658,0.04149,0.33012
0.08159,0.04139,0.34659
0.08209,0.04131,0.34659
0.08163,0.04137,0.33004
0.08225,0.04127,0.33004
0.08409,0.04216,0.33004
0.04598,0.0415,0.33012
-0.06035,0.04258,0.33035
-0.03011,0.04177,0.33029
-0.02951,0.04177,0.33029
0.00854,0.04163,0.3302
0.00794,0.04163,0.3302
0.08302,0.04077,0.33004
0.0828,0.04098,0.33004
0.08261,0.04108,0.33004
-0.09144,0.04279,0.33042
0.08408,0.04216,0.32924
-0.09144,0.04279,0.32962
0.08459,0.04266,0.32923
-0.09144,0.04329,0.32962
-0.09376,0.04211,0.32987
-0.09455,0.04212,0.33043
-0.09144,0.04329,0.33042
-0.09238,0.04399,0.33042
0.08459,0.04266,0.33004
0.08506,0.04275,0.3297
0.07586,0.0428,0.36547
-0.09237,0.044,0.33843
0.08592,0.04277,0.36515
-0.09167,0.04339,0.36583
-0.09167,0.04322,0.36675
0.07587,0.04262,0.36638
-0.09243,0.0433,0.36585
-0.09312,0.04389,0.33844
-0.0933,0.04386,0.33844
-0.09316,0.043,0.36586
-0.09252,0.04315,0.36662
-0.09342,0.04195,0.36813
-0.0938,0.04252,0.36587
-0.09414,0.04207,0.36587
-0.09428,0.04189,0.36587
-0.09449,0.0413,0.36631
-0.09341,0.03721,0.36801
-0.09386,0.04143,0.36763
-0.09276,0.03733,0.36835
-0.09461,0.04092,0.36635
-0.09198,0.03729,0.36856
-0.0892,0.04128,0.36863
-0.09167,0.04286,0.36748
-0.09167,0.04278,0.36756
-0.09167,0.04225,0.36813
-0.09167,0.04211,0.36821
-0.08775,0.04113,0.36867
-0.08478,0.04065,0.36875
-0.0846,0.03943,0.36876
-0.08462,0.03933,0.36876
-0.08534,0.03874,0.36874
-0.08741,0.03814,0.36868
-0.08468,0.03921,0.36876
0.07589,0.04219,0.3672
0.07589,0.04223,0.36717
-0.09408,0.03743,0.36739
-0.09378,0.03738,0.3677
-0.09418,0.03741,0.36723
-0.0944,0.03716,0.36684
-0.09429,0.03601,0.36694
-0.09471,-0.03522,0.3667
-0.09455,0.03601,0.36643
-0.09459,0.03673,0.36635
-0.09417,0.036,0.36719
-0.09457,-0.03522,0.36705
-0.09378,0.036,0.36761
-0.09405,-0.03522,0.36772
-0.09443,-0.03522,0.36723
-0.09478,-0.04027,0.36699
-0.09405,-0.0366,0.3678
-0.09347,-0.03646,0.36825
-0.09355,-0.03523,0.36808
-0.09357,0.036,0.36783
-0.09337,-0.03523,0.36822
-0.0931,0.036,0.3681
-0.0928,0.036,0.36827
-0.09231,0.036,0.36839
-0.09302,-0.03523,0.36834
-0.09267,-0.03602,0.36854
-0.09247,-0.03523,0.36852
-0.09221,0.036,0.36841
-0.09198,0.036,0.36846
-0.0917,0.036,0.36848
-0.09195,-0.03523,0.36857
-0.06003,-0.0198,0.36842
-0.09204,-0.03655,0.36866
-0.06138,0.00027,0.36837
-0.09195,-0.03656,0.36866
0.05866,-0.02068,0.36822
-0.05849,-0.02026,0.36833
0.05974,-0.02046,0.36812
0.0608,0.01836,0.36802
-0.06021,0.01962,0.36833
-0.05917,0.02066,0.36836
-0.05834,0.02079,0.36827
0.06022,0.01998,0.36809
0.05881,0.02037,0.36817
0.0608,0.01836,0.36817
0.06056,-0.01942,0.3682
0.06067,-0.01868,0.36807
-0.09169,0.03667,0.3685
-0.09497,-0.03963,0.36574
-0.09493,-0.03691,0.36614
-0.09555,-0.04105,0.33855
-0.09487,-0.04038,0.36597
-0.09469,-0.04083,0.36597
-0.09488,-0.03522,0.36626
-0.09553,-0.04122,0.33856
-0.09567,-0.04029,0.33855
-0.09553,0.00036,0.33876
-0.0947,0.03613,0.36551
-0.09462,0.036,0.36606
-0.09536,0.04079,0.34199
-0.09679,0.00159,0.33048
-0.09526,0.04176,0.33845
-0.09523,0.04194,0.33845
-0.09458,0.04116,0.36586
-0.095,0.04249,0.33043
-0.09451,0.04312,0.33043
-0.09495,0.04249,0.33845
-0.0948,0.04277,0.33845
-0.09447,0.0431,0.33845
-0.09414,0.04343,0.33845
-0.09372,0.04375,0.33043
-0.09314,0.0439,0.33042
-0.09433,0.00255,0.33048
-0.09354,0.00134,0.33048
-0.09352,0.00035,0.33875
-0.09484,0.00255,0.33048
-0.0934,0.03999,0.33043
-0.09336,0.04001,0.34698
-0.09365,-0.03929,0.34708
-0.09355,-0.00066,0.33048
-0.09555,-0.00065,0.33048
-0.09485,-0.00186,0.33048
-0.09435,-0.00186,0.32968
-0.09485,-0.00186,0.32968
-0.09268,-0.00744,0.35517
-0.09357,-0.03979,0.34709
-0.09319,-0.03885,0.36482
-0.09262,0.00818,0.35515
-0.09308,-0.00713,0.36478
-0.09169,-0.00713,0.36663
-0.09239,-0.00773,0.36634
-0.09308,-0.00773,0.36478
-0.09173,-0.02145,0.36665
-0.09311,-0.02144,0.365
-0.0927,-0.02144,0.36607
-0.09112,-0.02145,0.36675
-0.09158,0.02221,0.3666
-0.09163,0.00849,0.36661
-0.09163,0.00789,0.36661
-0.0927,0.00849,0.36589
-0.09302,0.00849,0.36476
-0.09254,0.02221,0.36602
-0.09296,0.02221,0.36494
-0.09097,0.02221,0.36669
-0.09296,0.02281,0.36494
-0.03011,0.02259,0.36481
-0.03011,0.02199,0.36481
-0.0295,0.02275,0.36586
-0.03005,0.03931,0.36478
-0.0301,0.02259,0.36656
-0.09097,0.02281,0.36669
-0.09136,0.03962,0.3666
-0.09091,0.03961,0.36667
-0.09286,0.02281,0.36535
-0.09158,0.02281,0.3666
-0.0909,0.04021,0.36657
-0.09145,0.04015,0.36652
-0.09152,0.03962,0.36658
-0.09182,0.03962,0.36642
-0.09199,0.03993,0.36633
-0.09213,0.02281,0.36632
-0.09257,0.02281,0.36589
-0.0923,0.03962,0.36608
-0.09251,0.04025,0.36582
-0.09144,0.04104,0.36601
-0.092,0.04115,0.3654
-0.09238,0.04095,0.36473
-0.09264,0.04061,0.36473
-0.09273,0.04041,0.36473
-0.09278,0.04028,0.3649
-0.09279,0.03981,0.36533
-0.09271,0.03962,0.3655
-0.09145,0.04145,0.36525
-0.09183,0.04138,0.36473
-0.0919,0.04135,0.36473
-0.09234,0.04173,0.34698
-0.09186,0.04193,0.34698
-0.09141,0.04155,0.36472
-0.09197,0.04191,0.34698
-0.09239,0.04172,0.33042
-0.09253,0.04163,0.34698
-0.09281,0.0414,0.33042
-0.0919,0.04192,0.33042
-0.09135,0.04201,0.34697
-0.09139,0.04199,0.33042
-0.07062,0.04184,0.33716
-0.07097,0.04129,0.33038
-0.07036,0.04261,0.33037
-0.06006,0.0418,0.33714
-0.05975,0.04145,0.33035
-0.03008,0.04179,0.34684
-0.07079,0.04156,0.33377
-0.05991,0.04163,0.33374
-0.06534,0.04182,0.33715
-0.03004,0.0414,0.36458
-0.0909,0.04161,0.36471
-0.03012,0.03926,0.33029
-0.02952,0.03926,0.33029
-0.02944,0.04033,0.36553
-0.02944,0.04159,0.3631
0.00801,0.04133,0.36456
-0.02944,0.04129,0.36518
0.00801,0.04086,0.36565
0.008,0.03917,0.3647
0.00793,0.03913,0.33021
0.00853,0.03913,0.33021
0.00861,0.04146,0.36302
0.00861,0.04115,0.3651
0.00861,0.04086,0.36565
0.00861,0.04042,0.36608
0.00861,0.03987,0.36636
0.00801,0.04042,0.36608
0.00801,0.03972,0.3664
0.00795,0.02245,0.36648
-0.02944,0.04,0.36644
-0.02944,0.04056,0.36616
-0.09136,0.04156,0.36472
-0.0909,0.04151,0.36532
-0.03004,0.04129,0.36519
-0.03004,0.041,0.36573
-0.03004,0.04056,0.36616
-0.0909,0.04078,0.3663
-0.03004,0.04001,0.36644
-0.03004,0.0394,0.36654
-0.09276,0.04141,0.34698
-0.09298,0.04119,0.34698
-0.09313,0.04099,0.33043
-0.09308,0.041,0.34698
-0.09326,0.04063,0.34698
-0.09328,0.04052,0.34698
-0.09333,0.0405,0.33043
-0.0942,0.04004,0.33043
-0.09434,0.00254,0.32968
-0.0947,0.04004,0.32963
-0.09484,0.00255,0.32968
-0.09285,0.04011,0.36473
-0.09284,0.03962,0.36512
-0.09291,0.03962,0.36472
-0.0301,0.02199,0.36656
-0.03026,-0.02167,0.36662
-0.09224,-0.00713,0.36636
-0.09218,0.00789,0.36634
-0.09303,0.00789,0.36476
-0.09291,0.00789,0.36537
-0.09262,0.00789,0.36591
-0.09297,-0.00713,0.36539
-0.09268,-0.00713,0.36593
-0.09312,-0.02205,0.365
-0.09113,-0.02205,0.36675
-0.09302,-0.02205,0.36541
-0.09312,-0.03885,0.36522
-0.09299,-0.03885,0.3656
-0.09307,-0.03905,0.36543
-0.09174,-0.02205,0.36666
-0.09229,-0.02205,0.36638
-0.09273,-0.02205,0.36595
-0.0925,-0.03942,0.36624
-0.09271,-0.0389,0.36607
-0.09258,-0.03885,0.36618
-0.09167,-0.04042,0.36594
-0.0926,-0.04022,0.36535
-0.09176,-0.03953,0.36661
-0.0921,-0.03885,0.36652
-0.09119,-0.04002,0.3664
-0.03032,-0.03968,0.36654
-0.09119,-0.03946,0.36668
-0.09164,-0.03886,0.3667
-0.03033,-0.04024,0.36627
-0.03032,-0.03907,0.36664
-0.03033,-0.04068,0.36584
-0.03033,-0.04097,0.36529
-0.0912,-0.04075,0.36543
-0.03033,-0.04108,0.36469
-0.0912,-0.04086,0.36482
-0.09165,-0.0408,0.36483
-0.09174,-0.04069,0.36535
-0.09165,-0.0413,0.34708
-0.09216,-0.04122,0.34708
-0.0917,-0.0408,0.36483
-0.09212,-0.04062,0.36484
-0.09227,-0.0412,0.34709
-0.09219,-0.04059,0.36484
-0.09264,-0.04101,0.34709
-0.09261,-0.04027,0.36484
-0.09283,-0.04091,0.34709
-0.09305,-0.04069,0.34709
-0.09327,-0.04047,0.34709
-0.09293,-0.03985,0.36484
-0.0926,-0.04024,0.3651
-0.09283,-0.04048,0.35597
-0.09271,-0.04035,0.36066
-0.09301,-0.03965,0.36483
-0.09337,-0.04028,0.34709
-0.09355,-0.03991,0.34709
-0.09307,-0.03951,0.365
-0.09313,-0.03936,0.36483
-0.09313,-0.03935,0.36483
-0.09169,-0.04132,0.33053
-0.07092,-0.04132,0.33727
-0.07166,-0.04139,0.33049
-0.07166,-0.04029,0.33048
-0.06815,-0.04146,0.33387
-0.06564,-0.04133,0.33726
-0.0602,-0.04115,0.33385
-0.09119,-0.03886,0.36677
-0.03026,-0.02227,0.36662
-0.09458,-0.04111,0.36598
0.08277,0.041,0.34659
0.08257,0.0411,0.34659
0.08254,0.04073,0.36433
0.08243,0.04078,0.36433
0.08221,0.04129,0.34659
0.08288,0.04047,0.36433
0.08295,0.04042,0.36444
0.08298,0.04079,0.34659
0.08321,0.04056,0.34659
0.08305,0.04029,0.36432
0.0833,0.04038,0.34659
0.08325,0.04054,0.33004
0.08334,0.04036,0.33004
0.08353,0.03998,0.33004
0.08346,0.02765,0.36472
0.08351,0.03937,0.36403
0.08514,0.02863,0.35268
0.09713,-0.03973,0.36356
0.08323,-0.03986,0.36414
0.09713,-0.03968,0.36387
0.08325,-0.03972,0.3644
0.09713,-0.03953,0.36414
0.08326,-0.03961,0.36453
0.09713,-0.04121,0.36479
0.09713,-0.04091,0.36535
0.09713,-0.04132,0.36419
0.08562,-0.04063,0.36599
0.08172,-0.04061,0.36599
0.08179,-0.04002,0.36625
0.08127,-0.04008,0.3663
0.0817,-0.03947,0.36633
0.08127,-0.03947,0.3664
0.08189,-0.03948,0.3663
0.08214,-0.03948,0.36617
0.0825,-0.02267,0.36599
0.08233,-0.03978,0.36606
0.08259,-0.03948,0.36586
0.08149,0.02159,0.36632
0.0829,0.02158,0.36587
-0.09343,-0.04319,0.33855
-0.09357,-0.04316,0.33869
0.07532,-0.04332,0.29531
-0.09271,-0.04333,0.32307
-0.09269,-0.04332,0.33108
0.08438,-0.04335,0.3307
0.08546,-0.04249,0.29794
0.08469,-0.04154,0.32991
-0.09174,-0.04272,0.32998
0.08368,-0.04265,0.3296
-0.0931,-0.04252,0.33108
-0.09408,-0.04152,0.32998
-0.09549,-0.03969,0.33109
-0.09482,-0.04243,0.33109
-0.09419,-0.04291,0.33109
-0.09345,-0.04322,0.33109
-0.09448,-0.04275,0.32306
-0.09419,-0.04289,0.32306
-0.09364,-0.04318,0.32307
-0.09352,-0.04236,0.29565
-0.09347,-0.0432,0.32307
-0.09289,-0.04262,0.29565
-0.09358,-0.04209,0.29445
-0.09362,-0.04232,0.29564
-0.09295,-0.04247,0.29487
-0.0947,-0.04076,0.29443
-0.09368,-0.0407,0.29324
-0.09428,-0.0418,0.29557
-0.09213,-0.04256,0.29476
-0.09213,-0.04213,0.29394
-0.09435,-0.04171,0.29564
-0.09481,-0.04241,0.32306
-0.09473,-0.0412,0.29564
-0.09514,-0.04208,0.32306
-0.09528,-0.04179,0.32307
-0.0953,-0.0418,0.33109
-0.09485,-0.0409,0.29565
-0.09503,-0.04047,0.29565
-0.09557,-0.04121,0.32295
-0.09559,-0.04106,0.33109
-0.09571,-0.04031,0.32308
-0.09559,-0.04107,0.32307
-0.09512,-0.03971,0.29567
-0.09502,-0.03971,0.29507
-0.09484,0.04031,0.29557
-0.09556,0.00034,0.32276
-0.09524,0.04047,0.33098
-0.09542,0.04099,0.32297
-0.09554,0.00135,0.33103
-0.09494,0.00135,0.32993
-0.09555,-0.00065,0.33104
-0.09495,-0.00065,0.32993
-0.09424,0.00135,0.32993
-0.09356,0.00033,0.32276
-0.09425,-0.00066,0.32993
-0.09344,0.03997,0.31443
-0.0934,0.03999,0.33098
-0.09372,-0.03933,0.31453
-0.09354,0.00134,0.33103
-0.09368,-0.03931,0.33108
-0.09354,-0.00066,0.33103
-0.09425,-0.00066,0.33103
-0.09439,-0.03936,0.32998
-0.09398,-0.04111,0.33108
-0.0931,-0.04073,0.33108
-0.09342,-0.0403,0.33108
-0.09268,-0.04105,0.33108
-0.09362,-0.03981,0.33108
-0.09219,-0.04125,0.33108
-0.09174,-0.04202,0.33108
-0.09334,-0.04051,0.31452
-0.09344,-0.04032,0.31452
-0.09362,-0.03995,0.31453
-0.09364,-0.03983,0.31453
-0.09318,-0.03975,0.29768
-0.0933,-0.03946,0.29768
-0.09324,-0.03962,0.29751
-0.0931,-0.03995,0.29767
-0.09296,-0.03959,0.29659
-0.09329,-0.03896,0.29729
-0.09324,-0.03915,0.29708
-0.09319,-0.02213,0.29706
-0.09316,-0.03896,0.29691
-0.09191,-0.02214,0.29581
-0.0913,-0.02214,0.29571
-0.0929,-0.02213,0.29651
-0.09328,-0.02213,0.29747
-0.09181,-0.03897,0.2958
-0.09136,-0.03897,0.29573
-0.03048,-0.03919,0.2956
-0.03042,-0.02236,0.29558
-0.03041,-0.02235,0.29733
-0.03047,-0.03908,0.29735
-0.03041,-0.02175,0.29733
-0.02981,-0.02236,0.29733
-0.02981,-0.02176,0.29733
-0.02988,-0.03934,0.29585
-0.02982,-0.02236,0.29557
0.00764,-0.02189,0.29724
0.00763,-0.02265,0.29605
0.00779,0.02177,0.29719
0.00824,-0.02189,0.29724
0.00779,0.02176,0.29544
-0.02981,-0.02176,0.29557
0.00763,-0.02189,0.29549
-0.02966,0.0219,0.29552
-0.02965,0.0219,0.29727
-0.02965,0.0225,0.29727
-0.03026,0.0219,0.29727
-0.03025,0.0225,0.29727
-0.09312,0.02273,0.29741
-0.09292,0.02212,0.2965
-0.09114,0.02212,0.29565
-0.03026,0.0219,0.29552
-0.03042,-0.02176,0.29558
-0.0913,-0.02154,0.29571
-0.09186,-0.00722,0.29579
-0.09251,-0.00782,0.296
-0.09308,-0.02153,0.29656
-0.09182,-0.00721,0.30543
-0.09301,-0.00759,0.30754
-0.09325,-0.00721,0.29765
-0.09241,-0.00722,0.29606
-0.09236,0.0078,0.29604
-0.0918,0.0078,0.29577
-0.09179,0.0078,0.29576
-0.09319,0.00781,0.29763
-0.09177,0.00781,0.30541
-0.09295,0.00822,0.30752
-0.09245,0.0084,0.29598
-0.09308,0.03956,0.29759
-0.09301,0.04006,0.29758
-0.09301,0.03955,0.29719
-0.09296,0.03975,0.29697
-0.09295,0.04021,0.29741
-0.09303,0.02273,0.297
-0.09288,0.03955,0.29681
-0.09252,0.04077,0.29688
-0.09239,0.04012,0.29616
-0.09274,0.02272,0.29646
-0.0926,0.0396,0.29633
-0.09247,0.03955,0.29622
-0.0923,0.02272,0.29602
-0.092,0.03955,0.29588
-0.09175,0.02272,0.29575
-0.09165,0.04022,0.2958
-0.0918,0.04131,0.29686
-0.09108,0.04071,0.296
-0.03019,0.03994,0.29559
-0.09153,0.03955,0.2957
-0.09108,0.04015,0.29572
-0.03019,0.03994,0.29625
-0.0302,0.03933,0.2955
-0.09114,0.02272,0.29565
-0.03026,0.0225,0.29552
-0.09108,0.03955,0.29563
-0.02959,0.03922,0.29725
-0.03012,0.03927,0.33084
-0.03015,0.04175,0.31429
-0.03019,0.04093,0.2963
-0.03019,0.04122,0.29684
-0.03019,0.04133,0.29745
-0.06135,0.04203,0.33088
-0.03011,0.04177,0.33084
-0.06135,0.04248,0.3309
-0.06935,0.04168,0.33807
-0.06936,0.04208,0.3309
-0.09107,0.04155,0.29758
-0.06134,0.04152,0.33803
-0.09107,0.04144,0.29698
-0.09152,0.04149,0.29757
-0.09143,0.04197,0.31442
-0.09193,0.04189,0.31442
-0.0919,0.04193,0.33097
-0.09139,0.04199,0.33097
-0.09144,0.04269,0.33097
-0.06936,0.04251,0.33092
-0.09343,0.04203,0.33042
-0.09144,0.04269,0.32987
0.08399,0.04206,0.33059
0.08398,0.04206,0.32949
0.08497,0.0413,0.33
0.08213,0.04129,0.33059
0.08225,0.04127,0.33059
0.08163,0.04137,0.33059
0.08261,0.04109,0.33059
0.08302,0.04077,0.33059
0.08281,0.04098,0.33059
0.04659,0.0415,0.33067
0.08152,0.04135,0.31404
0.08202,0.04127,0.31404
0.08214,0.04125,0.31404
0.08191,0.04087,0.2972
0.08141,0.04093,0.29721
0.08141,0.04082,0.2966
0.08187,0.04078,0.29665
0.08218,0.04076,0.2972
0.04655,0.04147,0.31412
0.04651,0.04106,0.29728
0.04658,0.03899,0.33067
0.0465,0.03895,0.29708
0.0459,0.03895,0.29708
0.04598,0.0415,0.33067
0.04598,0.039,0.33068
0.04595,0.04148,0.31412
0.00854,0.04163,0.33075
0.00847,0.04132,0.29829
0.00793,0.03913,0.33076
0.00853,0.03913,0.33076
0.00794,0.04163,0.33075
0.04591,0.04106,0.29728
0.00846,0.04108,0.29676
0.00846,0.03909,0.29716
0.00846,0.04079,0.29621
0.00846,0.04035,0.29578
0.00845,0.0398,0.29551
0.00839,0.02251,0.29479
0.0084,0.02236,0.29719
0.00785,0.03909,0.29717
0.0459,0.03947,0.29536
0.04584,0.02223,0.29667
0.04644,0.02223,0.2971
0.04584,0.02163,0.2971
0.04644,0.02163,0.2971
0.00839,0.02176,0.29719
0.00839,0.02176,0.29543
0.04629,-0.02203,0.29716
0.04569,-0.02203,0.29716
0.04568,-0.02203,0.29541
0.04584,0.02163,0.29535
0.00823,-0.02189,0.29549
0.00824,-0.02249,0.29724
0.04568,-0.02263,0.29716
0.00823,-0.0225,0.29549
0.04568,-0.02278,0.29477
0.00817,-0.03927,0.29586
0.00757,-0.04102,0.29724
0.00764,-0.04167,0.33086
0.00795,-0.03917,0.33086
-0.02984,-0.04156,0.31439
-0.02988,-0.04119,0.29755
0.00757,-0.04121,0.29687
0.00757,-0.04092,0.29632
0.00757,-0.04048,0.29589
0.00757,-0.03993,0.29561
-0.02988,-0.04035,0.29597
-0.02988,-0.04079,0.2964
-0.02988,-0.04108,0.29695
-0.0298,-0.03903,0.33094
-0.02981,-0.04154,0.33094
-0.0304,-0.03903,0.33094
-0.03044,-0.04156,0.3144
-0.03041,-0.04154,0.33095
-0.06165,-0.04158,0.33099
-0.06165,-0.04203,0.33101
-0.06966,-0.042,0.33103
0.08368,-0.04264,0.3307
-0.06964,-0.04114,0.33818
0.00824,-0.04167,0.33086
-0.06163,-0.04105,0.33813
-0.06966,-0.04156,0.33101
-0.09136,-0.04097,0.29769
-0.09172,-0.04134,0.31453
-0.09169,-0.04132,0.33108
-0.09223,-0.04126,0.31453
-0.09187,-0.0409,0.29768
-0.09234,-0.04124,0.31452
-0.09229,-0.04073,0.29767
-0.09191,-0.0408,0.29715
-0.09137,-0.04086,0.29708
-0.09271,-0.04105,0.31452
-0.0929,-0.04095,0.31452
-0.09236,-0.0407,0.29767
-0.09278,-0.04038,0.29767
-0.09246,-0.0405,0.29701
-0.0928,-0.04035,0.29762
-0.09189,-0.04039,0.29638
-0.03048,-0.04079,0.2964
-0.09191,-0.0395,0.29589
-0.09136,-0.03958,0.29583
-0.09137,-0.04013,0.2961
-0.03048,-0.04108,0.29695
-0.03048,-0.04035,0.29597
-0.03048,-0.0398,0.29569
-0.03048,-0.04119,0.29756
-0.09245,-0.03928,0.29608
-0.09228,-0.03896,0.29598
-0.09197,-0.03897,0.29583
-0.09275,-0.03896,0.29633
-0.09246,-0.02214,0.29608
-0.09312,-0.04073,0.31452
-0.09284,-0.04029,0.29767
-0.09174,-0.04202,0.32998
0.08461,-0.04112,0.33069
0.08273,-0.04134,0.3307
0.04629,-0.04181,0.33078
0.04569,-0.04181,0.33078
0.08133,-0.04193,0.3307
0.08183,-0.04186,0.3307
0.08195,-0.04184,0.3307
0.08231,-0.04166,0.3307
0.08251,-0.04156,0.3307
0.04562,-0.04158,0.29831
0.0457,-0.0393,0.33078
0.0082,-0.0417,0.31431
0.04562,-0.03935,0.29718
0.04562,-0.04135,0.29678
0.00817,-0.04132,0.29747
0.00817,-0.04121,0.29686
0.00817,-0.04093,0.29632
0.04562,-0.04106,0.29624
0.04562,-0.04062,0.2958
0.00817,-0.04049,0.29589
0.00817,-0.03993,0.29561
0.04562,-0.04007,0.29553
0.04622,-0.03935,0.29718
0.0463,-0.03931,0.33078
0.04625,-0.04183,0.31423
0.08122,-0.04196,0.31415
0.08112,-0.04158,0.29731
0.04622,-0.04146,0.29739
0.08112,-0.04147,0.29671
0.04622,-0.04135,0.29678
0.08111,-0.04119,0.29616
0.04622,-0.04106,0.29624
0.04622,-0.04062,0.2958
0.04622,-0.04007,0.29553
0.08112,-0.04074,0.29573
0.08177,-0.04071,0.29579
0.08296,-0.04017,0.29657
0.08227,-0.03991,0.29573
0.0823,-0.04109,0.29666
0.08158,-0.04014,0.29549
0.08112,-0.04019,0.29545
0.08163,-0.04114,0.29621
0.08158,-0.04144,0.29676
0.08188,-0.04141,0.29731
0.08162,-0.04152,0.29731
0.08184,-0.04186,0.31415
0.08221,-0.04168,0.31415
0.08211,-0.04133,0.29731
0.0824,-0.04158,0.31415
0.08229,-0.04119,0.29731
0.08262,-0.04136,0.31415
0.08253,-0.04101,0.29732
0.08262,-0.04089,0.29732
0.08268,-0.04082,0.29732
0.08285,-0.04114,0.31415
0.08294,-0.04096,0.31415
0.08285,-0.04059,0.29732
0.08299,-0.04026,0.29733
0.08313,-0.04058,0.31415
0.08315,-0.04048,0.31416
0.08324,-0.04056,0.3307
0.08305,-0.04094,0.3307
0.08296,-0.04112,0.3307
0.08326,-0.04046,0.3307
0.08335,-0.03337,0.30667
0.08409,-0.03508,0.33071
0.08402,-0.02326,0.30484
0.08331,-0.03379,0.3053
0.08832,-0.03381,0.30527
0.08831,-0.03484,0.3063
0.08327,-0.03421,0.30392
0.08832,-0.03278,0.30424
0.08305,-0.03959,0.29691
0.08317,-0.02276,0.29708
0.08255,-0.00818,0.30433
0.08324,-0.00784,0.2973
0.08158,-0.00784,0.29534
0.08258,0.00754,0.3043
0.08228,-0.00844,0.29547
0.08296,-0.02216,0.29616
0.08341,0.03893,0.29724
0.08333,0.0221,0.29702
0.0834,0.02269,0.3049
0.08311,0.0215,0.2961
0.08505,0.02317,0.30527
0.08233,0.00778,0.29545
0.08163,0.00718,0.29532
0.08329,0.00718,0.29728
0.08134,0.0215,0.29528
0.08118,-0.02215,0.29533
0.04644,0.02163,0.29535
0.04628,-0.02203,0.29541
0.0819,0.00718,0.29539
0.0829,0.00718,0.29611
0.08319,0.00718,0.29667
0.08246,0.00718,0.29567
0.08314,-0.00784,0.29669
0.08285,-0.00784,0.29613
0.08241,-0.00784,0.29569
0.08185,-0.00784,0.29541
0.08512,0.03119,0.30892
0.08423,0.0345,0.33062
0.08501,0.03076,0.30193
0.085,0.02879,0.30535
0.08488,0.04007,0.33015
0.08496,0.03598,0.30844
0.08855,0.03045,0.3089
0.08856,0.03464,0.30507
0.08857,0.03777,0.30449
0.08855,0.0331,0.30516
0.08855,0.03155,0.30524
0.08854,0.03042,0.30171
0.08502,0.03435,0.30135
0.08503,0.03547,0.30192
0.08507,0.03692,0.30346
0.08506,0.03935,0.2975
0.09727,0.03887,0.29724
0.09727,0.03956,0.29863
0.08501,0.03912,0.29706
0.09727,0.03865,0.29703
0.08501,0.03891,0.29684
0.085,0.03863,0.2967
0.09727,0.03837,0.29689
0.085,0.03832,0.29665
0.09727,0.03807,0.29684
0.08473,-0.039,0.29675
0.08471,-0.03156,0.30165
0.08501,0.03311,0.30116
0.08481,-0.02996,0.30401
0.08497,0.03114,0.30167
0.08484,-0.03142,0.30931
0.08831,-0.03164,0.30122
0.08833,-0.03039,0.30789
0.0883,-0.0379,0.30404
0.08477,-0.03613,0.30201
0.08477,-0.03501,0.30144
0.08473,-0.03957,0.29693
0.08473,-0.03928,0.2968
0.09699,-0.03941,0.29713
0.08473,-0.03979,0.29715
0.09699,-0.03963,0.29734
0.08482,-0.04023,0.29876
0.09699,-0.04045,0.29773
0.08471,-0.03832,0.3057
0.08832,-0.03548,0.3091
0.09631,-0.04122,0.33045
0.09698,-0.04102,0.29615
0.09698,-0.0406,0.29572
0.08547,-0.04074,0.29554
0.08547,-0.0412,0.29599
0.09698,-0.04003,0.29544
0.09699,-0.03914,0.29699
0.09699,-0.03942,0.29534
0.08547,-0.04019,0.29526
0.08549,-0.03563,0.29343
0.08541,-0.04098,0.29309
0.08546,-0.04038,0.29334
0.07532,-0.0401,0.29234
0.0752,-0.04084,0.29245
0.0759,-0.03861,0.29252
0.0752,-0.0386,0.2925
-0.06673,-0.03921,0.29267
0.0752,-0.04032,0.29236
-0.09213,-0.04064,0.29287
-0.09213,-0.04147,0.29329
-0.09295,-0.04053,0.29296
-0.09213,-0.03972,0.29273
-0.0928,-0.03972,0.29284
0.07519,-0.04139,0.29259
-0.09304,-0.03972,0.29287
-0.09252,0.0403,0.29273
-0.09184,0.0403,0.29263
-0.09175,-0.02151,0.2927
0.07549,0.04022,0.29234
-0.09184,0.04121,0.29277
0.07548,0.0397,0.29226
-0.06645,0.03961,0.29257
-0.07702,0.02247,0.29262
-0.09059,0.02249,0.29265
-0.07267,0.03468,0.29259
-0.07077,0.03748,0.29267
-0.09133,0.02227,0.29265
-0.09159,0.02209,0.29265
0.07548,0.0391,0.29226
-0.06645,0.03849,0.2927
0.0756,0.03798,0.29239
0.07548,0.03797,0.29239
-0.06646,0.03742,0.29307
0.07547,0.03692,0.29276
0.08073,0.03621,0.29302
-0.06646,0.03636,0.29345
0.07972,0.03472,0.29326
-0.06753,0.03501,0.29362
0.08526,0.03565,0.29322
-0.06812,0.03483,0.2937
0.07625,0.03798,0.29242
0.07599,0.03998,0.29227
0.08575,0.03969,0.29324
0.08573,0.0354,0.29325
0.08573,0.03513,0.29325
0.08573,0.03492,0.29325
0.08573,0.03474,0.29325
0.08572,0.03077,0.29321
0.08145,0.03381,0.29332
0.08044,0.03461,0.29334
-0.06646,0.03524,0.29373
0.08172,0.03271,0.29341
0.08148,-0.03337,0.29349
-0.06871,-0.03284,0.29382
0.08172,0.03271,0.29326
0.08109,-0.03479,0.29339
0.07947,-0.03537,0.29335
0.07947,-0.03537,0.2935
-0.06672,-0.03597,0.29354
-0.06815,-0.03441,0.29371
-0.06671,-0.03485,0.29382
-0.07043,-0.03631,0.29301
-0.06983,-0.03283,0.29355
-0.06871,-0.03284,0.29367
-0.07066,0.03325,0.29309
-0.06959,0.03325,0.29346
-0.06847,0.03325,0.29358
-0.07196,-0.03283,0.2928
-0.07284,0.03326,0.29259
-0.07307,-0.03282,0.29268
-0.07618,-0.02059,0.29267
-0.07292,-0.03424,0.29268
-0.07713,-0.02199,0.29267
-0.07658,-0.02147,0.2927
-0.07718,-0.022,0.29267
-0.07718,-0.02187,0.29269
-0.09018,-0.02186,0.29271
-0.09055,-0.02183,0.29272
-0.07718,-0.0218,0.29272
-0.09018,-0.02176,0.29274
-0.09094,-0.02169,0.29275
-0.09018,-0.02168,0.29279
-0.07718,-0.02175,0.29274
-0.09018,-0.0216,0.29285
-0.07683,-0.01983,0.29447
-0.08166,-0.01982,0.29461
-0.07667,-0.02111,0.29288
-0.07717,-0.01983,0.29461
-0.07704,-0.01983,0.29459
-0.07671,-0.01962,0.29437
-0.07677,-0.01958,0.29447
-0.07683,-0.01958,0.29453
-0.07694,-0.01958,0.29461
-0.07717,-0.01971,0.29466
-0.07702,-0.01958,0.29465
-0.07698,0.02014,0.29461
-0.07683,0.02005,0.29458
-0.07688,0.01022,0.29459
-0.07692,0.00024,0.29461
-0.07684,0.0202,0.29457
-0.08148,0.02007,0.29463
-0.07703,0.02017,0.29461
-0.07683,0.02013,0.29457
-0.07673,0.02005,0.29453
-0.07663,0.02013,0.29441
-0.07662,0.02005,0.29441
-0.07664,0.0202,0.29441
-0.0766,0.02203,0.29265
-0.07659,0.02166,0.29287
-0.07679,0.02036,0.29443
-0.07659,0.02023,0.2943
-0.07654,0.02013,0.29419
-0.07656,0.02126,0.29305
-0.07648,0.02141,0.29282
-0.07653,0.02105,0.29312
-0.07653,0.02005,0.29412
-0.07668,-0.02059,0.29317
-0.07669,-0.01968,0.29427
-0.07666,-0.02059,0.29308
-0.07665,-0.02059,0.29302
-0.0765,0.02105,0.29296
-0.0767,-0.0208,0.2931
-0.07671,-0.02084,0.29309
-0.07658,-0.02059,0.29288
-0.07643,0.02105,0.29282
-0.07638,0.02105,0.29277
-0.07626,0.02167,0.29263
-0.07632,0.02105,0.29271
-0.07647,-0.02059,0.29277
-0.07618,0.02105,0.29264
-0.07633,-0.02059,0.29269
-0.0764,-0.02059,0.29273
-0.07611,0.02105,0.29263
-0.07608,0.02142,0.29262
-0.07649,0.02225,0.29262
-0.0766,0.02155,0.29295
-0.07657,0.0214,0.293
-0.07671,0.02187,0.29284
-0.07693,0.02032,0.29453
-0.0769,0.0204,0.29446
-0.07673,0.02199,0.29276
-0.07681,0.02217,0.29268
-0.07702,0.02234,0.29263
-0.07699,0.02212,0.29276
-0.07702,0.02219,0.29271
-0.07692,0.02209,0.29277
-0.09003,0.02239,0.29266
-0.09003,0.02242,0.29266
-0.09003,0.02216,0.29279
-0.09075,0.0224,0.29265
-0.09063,0.02226,0.2927
-0.08152,0.02032,0.29456
-0.09103,0.02222,0.2927
-0.09083,0.02222,0.29272
-0.08155,0.0202,0.29461
-0.08148,0.02042,0.29448
-0.07703,0.02041,0.29447
-0.08148,0.0202,0.29461
-0.09135,0.02219,0.29267
-0.08158,0.02007,0.29462
-0.0817,-0.01969,0.29466
-0.09168,-0.0216,0.29271
-0.09148,0.02215,0.29266
-0.08163,-0.01957,0.29468
-0.08163,-0.01968,0.29467
-0.09148,-0.02162,0.29273
-0.09099,-0.02165,0.29277
-0.09135,-0.02179,0.29271
-0.09093,-0.0219,0.2927
-0.09175,-0.02151,0.29271
-0.07669,0.00024,0.29444
-0.07245,-0.03559,0.29268
-0.06672,-0.03703,0.29317
-0.06673,-0.03809,0.2928
0.07521,-0.03754,0.29286
0.08575,0.03889,0.29506
0.08575,0.0395,0.29516
0.09727,0.03926,0.29534
0.09726,0.03865,0.29524
0.08934,0.02367,0.29488
0.08935,0.03168,0.2948
0.08917,-0.02439,0.29494
0.08913,-0.0324,0.29488
0.08575,0.04005,0.29543
0.09727,0.03979,0.29559
0.08575,0.04058,0.29338
0.08576,0.04049,0.29586
0.08576,0.04145,0.29381
0.08575,0.04061,0.29338
0.09727,0.04025,0.29602
0.09727,0.03981,0.29561
0.09727,0.04026,0.29604
0.09727,0.04055,0.29658
0.08576,0.04102,0.29781
0.08576,0.04078,0.29641
0.08577,0.0427,0.29618
0.08576,0.04255,0.29532
0.08576,0.04252,0.29527
0.07571,0.04254,0.29428
0.08576,0.04212,0.29448
0.07575,0.04261,0.29469
0.08576,0.04208,0.29444
0.07585,0.04218,0.29361
0.07566,0.04211,0.29346
0.0755,0.04246,0.29413
-0.09183,0.04271,0.29383
-0.09183,0.04314,0.29464
-0.09183,0.04204,0.29318
-0.09317,0.04188,0.29339
-0.09324,0.0427,0.29436
0.07549,0.04178,0.29314
0.0759,0.04178,0.29316
0.07578,0.04144,0.29282
0.07596,0.04077,0.2925
0.07549,0.04131,0.29275
0.07549,0.04077,0.29248
0.07549,0.04062,0.2924
-0.09332,0.04291,0.29553
-0.09322,0.04295,0.29553
-0.09265,0.04306,0.29475
-0.09451,0.04128,0.29447
-0.09398,0.0424,0.29546
-0.09395,0.04243,0.29553
-0.09417,0.04342,0.32295
-0.09388,0.04356,0.32295
-0.09388,0.0436,0.33097
-0.09333,0.04384,0.32295
-0.09314,0.0439,0.33097
-0.09316,0.04387,0.32295
-0.0924,0.04398,0.32296
-0.0925,0.04322,0.29554
-0.09258,0.04321,0.29554
-0.09182,0.04331,0.29555
0.0755,0.04271,0.29519
0.0755,0.04262,0.29468
0.08583,0.04335,0.32257
0.07563,0.04271,0.29519
-0.09238,0.04399,0.33097
0.08584,0.04336,0.33058
0.08469,0.04276,0.33059
0.0851,0.04263,0.32993
-0.09144,0.04339,0.32987
-0.09418,0.04291,0.33098
-0.09421,0.04242,0.32988
-0.0941,0.04004,0.32988
-0.0948,0.04005,0.33098
-0.09494,0.00135,0.33103
-0.0941,0.04005,0.33098
-0.09333,0.0405,0.33098
-0.09424,0.00135,0.33103
-0.09335,0.04048,0.31442
-0.09313,0.04099,0.33098
-0.09333,0.04059,0.31442
-0.09281,0.04141,0.33097
-0.09305,0.04115,0.31442
-0.09315,0.04096,0.31442
-0.09289,0.04035,0.29757
-0.09281,0.04055,0.29757
-0.09255,0.04088,0.29757
-0.09251,0.04095,0.29752
-0.09283,0.04137,0.31442
-0.09249,0.04097,0.29757
-0.0926,0.04159,0.31441
-0.09241,0.04169,0.31442
-0.09239,0.04173,0.33097
-0.092,0.04132,0.29757
-0.09207,0.04129,0.29757
-0.0945,0.04309,0.32295
-0.09484,0.04276,0.32295
-0.095,0.04249,0.33098
-0.09498,0.04247,0.32296
-0.09527,0.04192,0.32296
-0.0953,0.04176,0.33098
-0.09529,0.04175,0.32296
-0.09456,0.04151,0.29554
-0.09474,0.04107,0.29555
-0.09465,0.0413,0.29529
-0.09473,0.04031,0.29497
-0.09496,-0.03971,0.29476
-0.09454,0.04031,0.2944
-0.09482,-0.03971,0.2945
-0.09424,0.04031,0.29383
-0.09438,-0.03971,0.29379
-0.0941,0.04031,0.29369
-0.09421,-0.03972,0.29362
-0.09371,0.04061,0.29329
-0.09358,0.04031,0.29319
-0.09321,0.0403,0.293
-0.09266,0.04111,0.29286
-0.09387,-0.03972,0.29329
-0.0935,-0.03972,0.29311
-0.09275,0.0403,0.29277
-0.09443,0.0418,0.29554
-0.09405,0.04231,0.29553
0.0966,0.04055,0.33034
0.0754,-0.04207,0.29293
0.08546,-0.04208,0.29388
0.07519,-0.04239,0.29325
0.08545,-0.0427,0.29436
0.07519,-0.04272,0.29357
0.07539,-0.04309,0.29427
0.08546,-0.04321,0.29536
0.07519,-0.0428,0.29371
0.07548,-0.04316,0.2944
0.07519,-0.04316,0.29439
0.07519,-0.04323,0.29479
-0.09213,-0.04272,0.29567
-0.09281,-0.04263,0.29565
0.09699,-0.03883,0.29694
0.08343,0.03187,0.30427
0.08344,0.03311,0.30516
0.08345,0.03435,0.30606
0.08352,0.03934,0.31406
0.08355,0.03988,0.33059
0.08344,0.03986,0.31405
0.08335,0.03938,0.29723
0.08332,0.03949,0.29712
0.08333,0.03893,0.2968
0.08331,0.03904,0.29666
0.08291,0.04006,0.29625
0.08328,0.0396,0.29723
0.08192,0.04049,0.2961
0.08267,0.0398,0.29585
0.0829,0.03893,0.29596
0.08296,0.0221,0.29609
0.08314,0.03993,0.29722
0.08297,0.04016,0.29721
0.08291,0.04023,0.29721
0.08282,0.04035,0.29721
0.08258,0.04053,0.29721
0.0824,0.04067,0.29721
0.08327,0.03893,0.29657
0.08251,0.0221,0.29565
0.08196,0.0221,0.29537
0.08324,0.0221,0.29665
0.08134,0.0221,0.29527
0.08178,0.03893,0.29531
0.0814,0.03893,0.29525
0.0465,0.03905,0.29533
0.04644,0.02223,0.29535
0.0814,0.03953,0.29534
0.08178,0.04007,0.29565
0.0465,0.03966,0.29542
0.08206,0.03938,0.2954
0.0814,0.04009,0.29562
0.0465,0.04022,0.2957
0.08141,0.04053,0.29605
0.04651,0.04066,0.29613
0.04651,0.04095,0.29667
0.08257,0.03893,0.29563
0.0827,0.04096,0.31404
0.0825,0.04106,0.31404
0.08291,0.04075,0.31404
0.08314,0.04052,0.31404
0.08323,0.04034,0.31405
0.08325,0.04054,0.33059
0.08334,0.04036,0.33059
0.08353,0.03998,0.33059
0.08342,0.03996,0.31405
0.08308,-0.02276,0.29671
0.08118,-0.02276,0.29533
0.04628,-0.02263,0.29646
0.04622,-0.03946,0.29543
0.08112,-0.03958,0.29535
0.0815,-0.03959,0.29541
0.08174,-0.03959,0.29545
0.0818,-0.02276,0.29543
0.08188,-0.03959,0.29553
0.08235,-0.02276,0.29571
0.0828,-0.02276,0.29615
0.08262,-0.03959,0.29606
0.08299,-0.03959,0.29667
0.08303,-0.03971,0.29676
0.08173,-0.04188,0.31415
0.00779,0.02237,0.29684
-0.02966,0.02265,0.29488
0.00785,0.0396,0.29544
0.00786,0.04035,0.29578
-0.02959,0.03994,0.29559
-0.02959,0.04049,0.29586
-0.02959,0.04093,0.2963
-0.02959,0.04122,0.29684
0.00786,0.04109,0.29676
0.00786,0.0408,0.29621
0.00786,0.04132,0.29816
-0.02958,0.04152,0.29885
-0.02951,0.04177,0.33084
-0.02952,0.03926,0.33084
0.0459,0.04022,0.2957
0.04591,0.04066,0.29613
0.04591,0.04095,0.29668
-0.09107,0.04115,0.29643
-0.09308,0.00781,0.29702
-0.0928,0.00781,0.29648
-0.09314,-0.00721,0.29704
-0.09285,-0.00721,0.2965
-0.09336,-0.03896,0.29769
-0.09509,-0.03935,0.32998
-0.09508,-0.03935,0.33108
-0.09495,-0.00065,0.33103
-0.09494,-0.0407,0.2954
0.08641,0.03897,0.36627
0.08641,0.03999,0.36599
0.08591,0.04112,0.36567
0.08641,0.03971,0.36611
0.08641,0.03953,0.3662
0.08641,0.03937,0.36623
0.10017,0.0393,0.36591
0.08612,-0.03971,0.36637
0.0911,0.02326,0.36642
0.10016,0.03869,0.366
0.09113,0.03227,0.36649
0.09093,-0.0238,0.36648
0.09097,-0.03287,0.36678
0.09988,-0.03991,0.36601
0.10033,-0.0393,0.36603
0.10043,-0.03983,0.36594
0.10049,-0.0393,0.366
0.10061,0.03869,0.36592
0.10155,-0.03985,0.36519
0.10068,-0.04081,0.36532
0.10079,-0.0393,0.36584
0.10104,-0.0393,0.36571
0.10077,0.03869,0.3659
0.10107,0.03869,0.36574
0.10071,0.03922,0.36584
0.10103,0.04024,0.36513
0.10181,0.03951,0.36502
0.10017,0.04058,0.36464
0.08641,0.04062,0.36543
0.08641,0.04013,0.3659
0.10017,0.03985,0.36563
0.10071,0.04051,0.36457
0.10071,0.04115,0.33801
0.10077,0.04058,0.36404
0.10132,0.04029,0.36403
0.10154,0.04006,0.36403
0.10162,0.03998,0.36403
0.10126,0.04086,0.338
0.1017,0.04042,0.33799
0.10175,0.03985,0.36402
0.10203,0.03929,0.36401
0.10197,0.03987,0.33798
0.1017,0.04041,0.33796
0.10123,0.04084,0.32204
0.10166,0.0404,0.32204
0.10139,0.03999,0.29668
0.10179,0.03939,0.29669
0.10194,0.03985,0.32204
0.10151,0.03983,0.29596
0.1016,0.03978,0.29668
0.10188,0.03922,0.29669
0.10193,0.03894,0.29636
0.10199,0.03883,0.30582
0.1019,0.01785,0.29768
0.10188,0.03861,0.2961
0.1019,0.03861,0.29626
0.10179,0.03861,0.29592
0.10184,0.0001,0.29676
0.10187,0.00936,0.29774
0.09586,0.00936,0.29773
0.10192,0.01798,0.3061
0.0959,0.01813,0.29822
0.09589,0.01668,0.29768
0.0959,0.01793,0.2994
0.09591,0.0179,0.30627
0.09591,0.01761,0.30532
0.10351,0.01814,0.29879
0.10357,0.02034,0.29657
0.10363,0.02045,0.30705
0.10347,0.00964,0.2983
0.10352,0.01744,0.30558
0.10373,0.01925,0.3079
0.10387,0.04004,0.33797
0.10384,0.04001,0.32202
0.10378,0.03937,0.29592
0.10353,0.01913,0.30794
0.10373,0.01863,0.308
0.10346,0.00011,0.30802
0.1035,0.01062,0.306
0.10352,0.01663,0.306
0.10352,0.01722,0.3058
0.10352,0.01694,0.30595
0.09591,0.01696,0.30596
0.09591,0.01665,0.30601
0.09591,0.01724,0.30582
0.09591,0.01746,0.3056
0.09589,0.01065,0.30602
0.09588,0.00943,0.30633
0.09588,0.01034,0.30597
0.10189,0.00934,0.30624
0.10192,0.01663,0.3066
0.09588,0.00964,0.30502
0.09588,0.00969,0.30533
0.09588,0.00984,0.30561
0.09588,0.01006,0.30583
0.10201,0.01669,0.35198
0.10202,0.01803,0.35217
0.09732,0.02062,0.35318
0.10188,-0.02123,0.35293
0.09718,-0.01984,0.35278
0.09717,-0.02117,0.355
0.10191,-0.02033,0.36286
0.10178,-0.03995,0.33807
0.10184,-0.03931,0.3641
0.10171,-0.03961,0.30592
0.10175,-0.03997,0.32214
0.10186,0.00011,0.30587
0.10162,-0.03986,0.2968
0.10165,-0.04058,0.32213
0.10169,-0.03941,0.29681
0.10178,-0.01742,0.29894
0.10179,-0.01901,0.30515
0.09578,-0.01739,0.30486
0.1018,-0.01581,0.30514
0.09577,-0.0174,0.29925
0.10338,-0.01742,0.29953
0.10339,-0.01742,0.30454
0.09578,-0.01739,0.30205
0.10346,-0.02161,0.30612
0.10339,-0.01742,0.30204
0.10342,-0.00866,0.30453
0.0958,-0.00996,0.29924
0.1034,-0.01075,0.29952
0.0958,-0.01039,0.30204
0.09581,-0.01082,0.30485
0.09963,-0.00317,0.3028
0.10343,-0.0032,0.30077
0.09583,-0.00314,0.30484
0.10347,0.00361,0.30451
0.10343,-0.00593,0.30265
0.10341,-0.0097,0.30203
0.10183,-0.0034,0.30202
0.10183,-0.00287,0.29892
0.09582,-0.0037,0.29923
0.10184,-0.00393,0.30513
0.09583,-0.00342,0.30203
0.1018,-0.01094,0.29893
0.10182,-0.00987,0.30513
0.10181,-0.01041,0.30203
0.09963,-0.00331,0.3014
0.10349,-0.0205,0.30782
0.10344,0.00009,0.29601
0.10349,0.00966,0.30525
0.09585,0.00368,0.30203
0.09586,0.00396,0.30483
0.09584,0.0034,0.29922
0.10346,0.0036,0.29951
0.10346,0.00361,0.30201
0.10186,0.00361,0.30201
0.10185,0.00414,0.29891
0.10186,0.00308,0.30512
0.1037,0.01862,0.29598
0.10344,-0.02095,0.29648
0.10357,-0.01943,0.29603
0.10349,-0.04019,0.29602
0.10339,-0.04019,0.29535
0.10338,-0.04086,0.29601
0.10355,-0.04076,0.32213
0.1034,-0.04166,0.32211
0.1034,-0.04166,0.32213
0.10343,-0.04166,0.33808
0.10358,-0.04074,0.33807
0.10364,-0.04008,0.36488
0.10354,-0.04075,0.3649
0.10354,-0.04008,0.36555
0.10393,0.03944,0.36478
0.10384,0.01608,0.36398
0.10372,-0.01791,0.3639
0.10362,-0.01844,0.36324
0.10334,-0.01924,0.36243
0.10323,-0.02049,0.35426
0.1036,-0.01945,0.3531
0.10382,0.04011,0.36479
0.10382,0.03944,0.36545
0.10357,0.02012,0.3548
0.10382,0.01725,0.36363
0.10353,0.01864,0.36233
0.1037,0.01608,0.36347
0.10369,-0.01672,0.36376
0.10359,-0.01672,0.36351
0.10354,0.01608,0.36326
0.10321,-0.01672,0.36315
0.10308,0.01608,0.36301
0.09735,0.01894,0.36262
0.10204,0.01608,0.36416
0.10204,0.01641,0.36415
0.10204,0.01717,0.36403
0.09719,-0.01925,0.36309
0.10205,0.0196,0.36288
0.10204,0.02121,0.35446
0.0974,0.01968,0.35411
0.10306,0.01669,0.35312
0.1034,0.01743,0.35304
0.10319,-0.01735,0.35307
0.10352,0.01669,0.35287
0.10356,-0.01736,0.3527
0.10377,0.01803,0.35267
0.10378,0.01669,0.35241
0.10382,0.01669,0.35215
0.10382,0.01779,0.35229
0.10366,-0.01736,0.35246
0.10369,-0.01846,0.35234
0.1037,-0.01736,0.3522
0.10359,-0.01942,0.30805
0.10212,0.03868,0.364
0.10207,0.03925,0.33796
0.10205,0.03913,0.36401
0.10205,0.03868,0.36444
0.10203,0.03868,0.36461
0.10194,0.03868,0.36478
0.10175,-0.03931,0.36471
0.10177,-0.03931,0.36455
0.10166,-0.03931,0.36488
0.10192,-0.01748,0.36414
0.10192,-0.01671,0.3642
0.10192,-0.0178,0.36407
0.10177,-0.03975,0.36411
0.10174,-0.03992,0.36411
0.10169,-0.04055,0.33807
0.1014,-0.04111,0.33807
0.10141,-0.0411,0.3381
0.10166,-0.04009,0.36412
0.10146,-0.04047,0.36413
0.1013,-0.04065,0.36418
0.10125,-0.04068,0.36413
0.10097,-0.04155,0.33811
0.10103,-0.04091,0.36414
0.10078,-0.04104,0.36414
0.10042,-0.04184,0.33807
0.10048,-0.0412,0.36415
0.10042,-0.04113,0.36468
0.09988,-0.04119,0.36476
0.10032,-0.04122,0.36415
0.09987,-0.0413,0.36415
0.08611,-0.04149,0.36442
0.08611,-0.0414,0.36497
0.08611,-0.04131,0.36516
0.08611,-0.04144,0.36482
0.09988,-0.0409,0.3653
0.08611,-0.04118,0.36544
0.08611,-0.04109,0.36557
0.0858,-0.0406,0.36628
0.08612,-0.04009,0.36628
0.08561,-0.04192,0.36505
0.08555,-0.04264,0.33813
0.08555,-0.04394,0.33819
0.08555,-0.04394,0.33812
0.08551,-0.04397,0.32217
0.08552,-0.04266,0.32215
0.08604,-0.04218,0.33014
0.08605,-0.04214,0.33815
0.08602,-0.04216,0.32213
0.09969,-0.04201,0.3301
0.10038,-0.04186,0.3221
0.09977,-0.04196,0.3221
0.09981,-0.04194,0.33812
0.10017,-0.04133,0.29677
0.09972,-0.04141,0.29677
0.10033,-0.0413,0.29677
0.10027,-0.04123,0.29624
0.09973,-0.0413,0.29617
0.08597,-0.04159,0.29656
0.08596,-0.04151,0.29606
0.10021,-0.04077,0.2954
0.08564,-0.04147,0.29544
0.08596,-0.04149,0.29597
0.08596,-0.04075,0.29497
0.09973,-0.04002,0.29491
0.09973,-0.04056,0.29518
0.10027,-0.03994,0.29497
0.10097,-0.03985,0.29529
0.10135,-0.04048,0.29613
0.10033,-0.03941,0.29492
0.10017,-0.03941,0.29489
0.10064,-0.03941,0.29508
0.10092,0.03861,0.29497
0.10061,0.03861,0.29482
0.10056,0.03914,0.29487
0.10045,0.03861,0.29479
0.1,0.03861,0.29471
0.10001,0.03922,0.2948
0.08593,0.04002,0.29459
0.08625,0.0394,0.29456
0.10047,0.03999,0.29529
0.08625,0.0389,0.2945
0.08625,0.0405,0.2953
0.10002,0.04022,0.29551
0.10002,0.04051,0.29606
0.10056,0.04044,0.29614
0.10062,0.04051,0.29666
0.10046,0.04054,0.29666
0.10092,0.04035,0.29667
0.10068,0.04113,0.32204
0.10117,0.04022,0.29667
0.09999,0.04131,0.32997
0.10007,0.04124,0.32199
0.08597,0.04185,0.33269
0.10001,0.04062,0.29666
0.08626,0.0409,0.29645
0.08626,0.04085,0.29606
0.08576,0.04139,0.29596
0.08626,0.04081,0.2959
0.08626,0.04072,0.29572
0.08625,0.0406,0.29544
0.08582,0.04334,0.32199
0.08576,0.042,0.29342
0.10136,0.04225,0.29514
0.10211,0.04171,0.29421
0.10129,0.04009,0.29302
0.08546,-0.04038,0.29279
0.08575,0.0389,0.29399
0.08547,-0.04021,0.29415
0.08597,-0.03959,0.2946
0.09094,0.02317,0.29439
0.09972,-0.03941,0.29481
0.08597,-0.03999,0.29464
0.09074,-0.03291,0.29437
0.09078,-0.02389,0.29442
0.08596,-0.04014,0.29468
0.08596,-0.04033,0.29476
0.08596,-0.04061,0.29488
0.09098,0.03218,0.29428
0.08545,-0.04295,0.2938
0.10114,-0.04098,0.29319
0.10102,-0.04274,0.29435
0.10058,-0.04376,0.32207
0.08546,-0.0421,0.29655
0.10121,-0.04306,0.29596
0.10151,-0.0436,0.32207
0.10151,-0.0436,0.32214
0.10062,-0.04374,0.33808
0.10174,-0.04284,0.29528
0.10145,-0.04302,0.29596
0.1019,-0.04279,0.29597
0.10227,-0.04259,0.29597
0.10233,-0.04316,0.32208
0.10261,-0.04225,0.29598
0.10299,-0.0425,0.32213
0.10233,-0.04317,0.32214
0.10299,-0.04249,0.32209
0.10268,-0.04221,0.2959
0.10292,-0.04193,0.29598
0.10321,-0.04136,0.29599
0.1034,-0.04168,0.32211
0.10335,-0.0411,0.296
0.1034,-0.04168,0.32213
0.10301,-0.04249,0.33808
0.1035,-0.041,0.36491
0.10237,-0.04314,0.33808
0.10308,-0.04183,0.36493
0.10322,-0.04101,0.3665
0.10283,-0.04209,0.36497
0.10197,-0.04241,0.3666
0.10242,-0.04249,0.36495
0.10154,-0.04358,0.33815
0.10236,-0.04315,0.33811
0.1016,-0.04292,0.36496
0.10136,-0.04296,0.36496
0.10062,-0.04373,0.33815
0.10154,-0.04358,0.33808
0.10121,-0.04294,0.36567
0.1035,-0.04008,0.3658
0.10337,-0.04008,0.36606
0.10309,-0.04008,0.36663
0.10289,-0.04008,0.36683
0.10207,-0.04007,0.36749
0.10277,-0.04008,0.36695
0.10244,-0.04007,0.3673
0.10161,-0.04007,0.36773
0.10272,0.03945,0.36719
0.10305,0.03945,0.36685
0.10318,0.03945,0.36672
0.10337,0.03945,0.36653
0.10366,0.03945,0.36596
0.10378,0.03944,0.3657
0.10296,-0.0412,0.29434
0.10335,-0.04019,0.2951
0.10322,-0.04019,0.29484
0.10321,0.03937,0.29417
0.10274,-0.04019,0.29408
0.10261,-0.04019,0.29395
0.10227,-0.04019,0.29361
0.10191,-0.04018,0.29342
0.10219,0.03937,0.29331
0.10145,-0.04018,0.29318
0.10173,0.03937,0.29308
0.10149,0.03937,0.29304
0.10053,-0.04018,0.29302
0.10256,0.03937,0.29351
0.1027,0.03967,0.29361
0.10302,0.03937,0.29397
0.10348,0.04038,0.29486
0.10298,0.04139,0.29583
0.10322,0.04112,0.29587
0.10367,0.03937,0.29525
0.10367,0.04004,0.2959
0.1035,0.03937,0.29474
0.10364,0.04029,0.29589
0.10351,0.04055,0.29589
0.1037,0.04091,0.32202
0.10329,0.04175,0.32202
0.10373,0.04093,0.33799
0.10332,0.04177,0.33797
0.10267,0.04244,0.33797
0.10264,0.04242,0.32202
0.10257,0.04179,0.29586
0.10181,0.04286,0.32203
0.10185,0.04288,0.33804
0.10155,0.04299,0.33798
0.10089,0.04303,0.32203
0.10151,0.04226,0.29585
0.10175,0.04222,0.29585
0.08584,0.04339,0.33007
0.08586,0.04337,0.33808
0.10145,0.04233,0.36556
0.10093,0.04305,0.33804
0.08591,0.04148,0.36433
0.08641,0.04097,0.36432
0.08635,0.04155,0.33805
0.10016,0.04069,0.36405
0.1001,0.04126,0.33801
0.10061,0.04061,0.36404
0.08641,0.0409,0.36482
0.08641,0.04087,0.36491
0.10166,0.04234,0.36485
0.1019,0.04229,0.36485
0.10235,0.04205,0.36484
0.10272,0.04186,0.36484
0.10267,0.04244,0.33802
0.10306,0.04152,0.36483
0.10332,0.04177,0.33801
0.10313,0.04147,0.3649
0.10337,0.04119,0.36482
0.10366,0.04062,0.36481
0.10379,0.04036,0.3648
0.10127,0.0388,0.29518
0.10147,0.03861,0.29541
0.10139,0.03861,0.29533
0.10116,0.03861,0.2951
0.10111,-0.03941,0.29543
0.1016,0.03861,0.29554
0.10119,-0.03941,0.29552
0.10088,-0.03941,0.2952
0.10132,-0.03941,0.29564
0.10151,-0.03941,0.29603
0.1016,-0.03941,0.2962
0.10162,-0.03941,0.29636
0.10116,-0.04075,0.29675
0.10132,-0.04057,0.29678
0.10137,-0.04113,0.32212
0.1011,-0.04079,0.29678
0.1016,-0.04002,0.2968
0.10063,-0.04114,0.29677
0.10088,-0.04101,0.29678
0.10093,-0.04157,0.32211
0.10097,-0.04155,0.33807
0.10147,-0.0393,0.36527
0.10175,0.03868,0.36516
0.10162,0.03868,0.36529
0.10154,0.03868,0.36538
0.10131,0.03868,0.36561
0.10126,-0.0393,0.36548
0.10203,0.03923,0.32204
0.10349,0.00967,0.30531
0.10349,0.00981,0.30559
0.10349,0.01003,0.30581
0.10349,0.01031,0.30596
0.09587,0.00978,0.29833
-0.07097,0.05311,0.32591
-0.07088,0.05463,0.32594
-0.07244,0.05504,0.32577
-0.07249,0.05298,0.32599
-0.07309,0.05389,0.32577
-0.07101,0.05472,0.32539
-0.0729,0.0545,0.32511
-0.07235,0.05271,0.32545
-0.07184,0.05514,0.32451
-0.0725,0.05282,0.32507
-0.07309,0.05432,0.32432
-0.07101,0.05301,0.32474
-0.07092,0.05337,0.32538
-0.07249,0.0528,0.32455
-0.0712,0.05287,0.32414
-0.0707,0.05418,0.32421
-0.07102,0.05479,0.32478
-0.07094,0.05358,0.32377
-0.07128,0.05488,0.32387
-0.07058,0.05348,0.32354
-0.07229,0.05268,0.32373
-0.07147,0.05294,0.32326
-0.07108,0.05492,0.3234
-0.07253,0.05496,0.32328
-0.07071,0.05412,0.32299
-0.07148,0.05508,0.32239
-0.0717,0.05271,0.32269
-0.07067,0.05377,0.32254
-0.07297,0.05462,0.32262
-0.07232,0.05503,0.3219
-0.07118,0.05499,0.32183
-0.07072,0.05399,0.32166
-0.07061,0.05347,0.3222
-0.07231,0.0526,0.32207
-0.07154,0.0528,0.32162
-0.07307,0.05394,0.32189
-0.0729,0.05324,0.32285
-0.07198,0.05553,0.32135
-0.07307,0.05329,0.32133
-0.07195,0.05638,0.31871
-0.06985,0.05557,0.32114
-0.0698,0.0528,0.31873
-0.0709,0.05437,0.32044
-0.07292,0.05347,0.32044
-0.0739,0.05246,0.31873
-0.07152,0.05137,0.32115
-0.07304,0.05356,0.32351
-0.07326,0.05399,0.32378
-0.02926,0.04344,0.24915
-0.02853,0.04483,0.2495
-0.0275,0.04502,0.24944
-0.02956,0.04464,0.24956
-0.02961,0.04381,0.24993
-0.02746,0.04339,0.24911
-0.02837,0.04291,0.24975
-0.02722,0.04422,0.24993
-0.0277,0.04319,0.25036
-0.02875,0.04297,0.25069
-0.02771,0.04528,0.25035
-0.02883,0.04538,0.25077
-0.02728,0.04343,0.25068
-0.02723,0.04383,0.25124
-0.02774,0.04521,0.25125
-0.02966,0.04434,0.25084
-0.02722,0.04399,0.25185
-0.02941,0.04498,0.25157
-0.02802,0.04532,0.25202
-0.02734,0.04351,0.25226
-0.02886,0.043,0.2522
-0.02836,0.04294,0.25145
-0.02959,0.04366,0.25162
-0.02961,0.04403,0.25234
-0.02807,0.04313,0.25276
-0.02966,0.04386,0.25286
-0.02881,0.04536,0.25244
-0.02725,0.04387,0.25291
-0.02758,0.04513,0.25302
-0.02906,0.04529,0.25313
-0.0288,0.04305,0.25351
-0.0297,0.04388,0.25377
-0.02793,0.04526,0.25356
-0.02955,0.0454,0.25386
-0.03013,0.04248,0.25396
-0.02725,0.0421,0.25395
-0.03048,0.04328,0.25636
-0.02707,0.04221,0.25643
-0.03003,0.04584,0.25629
-0.02933,0.0448,0.25467
-0.02704,0.04604,0.25634
-0.02751,0.04372,0.25464
-0.02618,0.0453,0.25395
-0.02729,0.04369,0.25358
-0.02851,0.04285,0.253
-0.0289,0.04531,0.24942
-0.05656,-0.05268,0.32584
-0.05813,-0.05234,0.32587
-0.05846,-0.05431,0.32593
-0.05676,-0.05433,0.32586
-0.05735,-0.05475,0.32537
-0.05885,-0.05313,0.32548
-0.05835,-0.05451,0.32508
-0.05655,-0.05409,0.32501
-0.05675,-0.05257,0.32522
-0.05742,-0.05225,0.32466
-0.05816,-0.05455,0.32444
-0.0564,-0.05301,0.32439
-0.05674,-0.05445,0.32451
-0.05705,-0.05241,0.32375
-0.05704,-0.05457,0.32417
-0.05706,-0.0545,0.32362
-0.05841,-0.05437,0.32342
-0.05628,-0.0539,0.32365
-0.05643,-0.05321,0.32313
-0.05677,-0.05444,0.32289
-0.05884,-0.05352,0.32261
-0.05647,-0.05367,0.32238
-0.05814,-0.05456,0.3222
-0.05716,-0.05458,0.32183
-0.05879,-0.05376,0.32154
-0.05634,-0.05314,0.32168
-0.05684,-0.05583,0.32126
-0.05538,-0.05275,0.31887
-0.05536,-0.05233,0.32125
-0.05689,-0.05566,0.31887
-0.05957,-0.0543,0.31883
-0.05703,-0.05465,0.32033
-0.05687,-0.05239,0.32033
-0.05884,-0.05336,0.32036
-0.05905,-0.05143,0.31883
-0.0582,-0.05231,0.32177
-0.05827,-0.05245,0.32234
-0.05699,-0.05241,0.32242
-0.05819,-0.05246,0.32298
-0.05856,-0.05267,0.32359
-0.05746,-0.05209,0.32332
-0.05884,-0.05309,0.32409
-0.05861,-0.05287,0.32475
0.03121,0.04434,0.28239
0.0329,0.04434,0.28185
0.03248,0.04488,0.28211
0.03198,0.04409,0.28016
0.0306,0.0442,0.28104
0.03053,0.04477,0.2817
0.03095,0.04475,0.28032
0.03071,0.04547,0.28185
0.03235,0.04528,0.28242
0.0319,0.04578,0.2825
0.03249,0.04555,0.2803
0.03293,0.04588,0.28156
0.0327,0.04507,0.28044
0.03241,0.04458,0.28018
0.03106,0.04531,0.28019
0.03111,0.04597,0.28012
0.03081,0.04671,0.28057
0.03233,0.04617,0.2802
0.03049,0.04613,0.28163
0.03215,0.04657,0.28243
0.03297,0.04689,0.2812
0.03215,0.0469,0.2801
0.03083,0.04707,0.28219
0.03207,0.04771,0.28243
0.03299,0.04763,0.28114
0.03177,0.04755,0.28009
0.03074,0.04746,0.28174
0.03234,0.0485,0.28231
0.0311,0.04846,0.28242
0.03053,0.04791,0.28155
0.03296,0.04821,0.28116
0.03065,0.04808,0.28198
0.03072,0.04748,0.28182
0.03293,0.04803,0.28157
0.03248,0.04705,0.28222
0.0305,0.04685,0.28182
0.03223,0.04733,0.28006
0.03307,0.04719,0.28132
0.0327,0.04668,0.28049
0.03144,0.04618,0.28244
0.03272,0.04613,0.282
0.03097,0.04638,0.28023
0.03101,0.04686,0.28025
0.03098,0.0474,0.28038
0.03116,0.048,0.28015
0.0323,0.04792,0.28017
0.03051,0.04855,0.28109
0.03247,0.0484,0.2803
0.03303,0.04909,0.28263
0.03209,0.04909,0.27949
0.03411,0.05152,0.28201
0.03005,0.05151,0.28298
0.02911,0.0491,0.28212
0.02987,0.05148,0.28014
0.03183,0.0498,0.28236
0.03166,0.0498,0.28016
0.0321,0.05148,0.27904
0.03115,0.04549,0.28016
0.03048,0.0459,0.28156
0.03198,0.04575,0.28009
0.03283,0.04576,0.28081
0.03252,0.04502,0.28035
0.03261,0.04534,0.28199
0.03279,0.04468,0.28197
0.03151,0.0451,0.28247
0.03061,0.04535,0.2818
0.03063,0.04466,0.28182
0.0309,0.04448,0.28033
0.0305,0.04377,0.28153
0.03184,0.04452,0.28249
0.03192,0.04397,0.28239
0.03149,0.04333,0.28262
0.03277,0.04375,0.28196
0.03266,0.04444,0.28039
0.03267,0.04387,0.28041
0.03119,0.04397,0.28037
0.03159,0.04345,0.28004
0.03288,0.04324,0.28121
0.03233,0.04818,0.28015
0.03274,0.04868,0.28052
0.03119,0.04869,0.2802
0.0338,0.04895,0.2826
0.03254,0.04895,0.27878
0.03331,0.05137,0.27973
0.03363,0.05133,0.28264
0.03029,0.05141,0.28291
0.03252,0.04986,0.28225
0.03223,0.04987,0.28007
0.03051,0.04986,0.28136
0.03012,0.05141,0.27947
0.03062,0.04838,0.28068
0.03074,0.04736,0.2805
0.0311,0.04653,0.28227
0.02978,-0.04735,0.27977
0.0307,-0.04932,0.27932
0.0324,-0.04929,0.28263
0.03284,-0.04729,0.28169
0.03023,-0.04728,0.28244
0.03283,-0.04883,0.27774
0.03155,-0.0493,0.28098
0.03465,-0.04929,0.28496
0.02784,-0.04911,0.28532
0.02766,-0.04675,0.28492
0.02728,-0.04759,0.2502
0.03511,-0.04627,0.28606
0.02913,-0.04928,0.27646
0.02807,-0.04932,0.24993
0.03516,-0.04716,0.28396
0.03516,-0.04879,0.28475
0.03508,-0.04884,0.25012
0.03509,-0.04734,0.25192
0.02944,-0.04757,0.25321
0.03285,-0.04804,0.25326
0.03298,-0.04471,0.25192
0.03449,-0.04793,0.26305
0.03464,-0.04916,0.24916
0.03431,-0.04312,0.24901
0.0322,-0.04877,0.25373
0.03234,-0.04557,0.24892
0.02955,-0.04915,0.25461
0.02864,-0.04831,0.25492
0.02959,-0.04831,0.25543
0.02959,-0.04881,0.25543
0.02963,-0.04879,0.27646
0.02975,-0.04825,0.27811
0.03328,-0.04794,0.27837
0.02976,-0.04419,0.25192
0.03137,-0.04445,0.25192
0.0297,-0.0437,0.24879
0.03102,-0.04464,0.24885
0.02973,-0.04395,0.25035
-0.02344,-0.0505,0.37412
-0.02502,-0.05051,0.37484
-0.02376,-0.05048,0.37645
-0.0227,-0.05057,0.3758
-0.02284,-0.05144,0.37613
-0.02447,-0.05107,0.3764
-0.02389,-0.05179,0.37643
-0.02263,-0.05205,0.37484
-0.0226,-0.05111,0.37492
-0.02376,-0.05181,0.374
-0.02317,-0.05238,0.37642
-0.02378,-0.05244,0.37413
-0.02256,-0.05259,0.37507
-0.02483,-0.05242,0.37606
-0.02334,-0.05291,0.37646
-0.0242,-0.05316,0.37635
-0.02267,-0.05324,0.37556
-0.02281,-0.0539,0.37608
-0.02327,-0.05311,0.37415
-0.02371,-0.05358,0.37411
-0.02253,-0.05372,0.375
-0.02345,-0.05431,0.37411
-0.02419,-0.05385,0.37647
-0.02269,-0.05434,0.37496
-0.02322,-0.05431,0.37622
-0.02255,-0.05486,0.37494
-0.02469,-0.05521,0.37301
-0.02447,-0.05491,0.37425
-0.02363,-0.05472,0.37657
-0.02211,-0.05522,0.377
-0.02213,-0.05765,0.37365
-0.02569,-0.05763,0.37395
-0.02251,-0.05764,0.37712
-0.02481,-0.05592,0.37483
-0.02293,-0.05589,0.37573
-0.02541,-0.05756,0.37695
-0.02592,-0.0552,0.37684
-0.02501,-0.05471,0.37514
-0.02504,-0.05402,0.37522
-0.02487,-0.05441,0.37606
-0.02391,-0.05382,0.3739
-0.02497,-0.05319,0.37546
-0.02488,-0.05232,0.37458
-0.0246,-0.05321,0.37438
-0.02494,-0.05182,0.37471
-0.02504,-0.05137,0.37527
-0.02385,-0.05121,0.37399
0.11072,0.04519,0.34961
0.11013,0.04482,0.35017
0.11031,0.04663,0.34979
0.11065,0.04599,0.35186
0.1107,0.04462,0.35102
0.11153,0.04674,0.34979
0.11132,0.04466,0.35056
0.11085,0.04671,0.3497
0.11062,0.04699,0.35093
0.11117,0.04696,0.35147
0.11162,0.04672,0.35147
0.11165,0.04536,0.35177
0.11206,0.04461,0.35069
0.11215,0.04566,0.35197
0.11228,0.04616,0.34947
0.11267,0.0451,0.34968
0.11165,0.0452,0.3496
0.11267,0.04474,0.35115
0.1128,0.04688,0.34996
0.1137,0.04673,0.34979
0.11356,0.04513,0.34965
0.11333,0.04466,0.35104
0.11375,0.04487,0.35152
0.11423,0.04478,0.35009
0.11418,0.04591,0.34929
0.11449,0.04699,0.35004
0.11505,0.04581,0.34943
0.11452,0.04451,0.35033
0.11432,0.04524,0.35169
0.11374,0.04615,0.3519
0.11498,0.04461,0.35086
0.11446,0.04647,0.35166
0.11378,0.04695,0.35118
0.11293,0.04675,0.35145
0.11231,0.04691,0.3511
0.11286,0.04555,0.3519
0.11196,0.04645,0.34946
0.11205,0.04718,0.35102
0.115,0.04659,0.35181
0.1155,0.04589,0.3519
0.11517,0.04697,0.35041
0.11605,0.04396,0.35027
0.11607,0.04659,0.35295
0.11607,0.04751,0.34966
0.11843,0.04551,0.3529
0.11855,0.04824,0.3506
0.11849,0.04558,0.34848
0.11675,0.04682,0.35082
0.11676,0.04478,0.35056
0.11845,0.04354,0.35085
0.09686,-0.04009,0.37627
0.10421,-0.03837,0.37827
0.1042,-0.03866,0.37411
0.10422,-0.0352,0.37644
0.09696,-0.03484,0.37695
0.09691,-0.0382,0.37864
0.09676,-0.03739,0.3736
0.10421,-0.03923,0.37907
0.1042,-0.0398,0.37398
0.1042,-0.04107,0.37564
0.10419,-0.04158,0.37235
0.10421,-0.0416,0.37992
0.1112,-0.04161,0.37234
0.11182,-0.04157,0.37234
0.10419,-0.0414,0.3721
0.1112,-0.04143,0.37209
0.1112,-0.04113,0.37199
0.11191,-0.04113,0.37228
0.11207,-0.04113,0.37249
0.11175,-0.02662,0.3721
0.11146,-0.04113,0.37202
0.11172,-0.04162,0.3799
0.11186,-0.04161,0.37299
0.11199,-0.04154,0.37299
0.11217,-0.04113,0.37273
0.1122,-0.04113,0.37299
0.11218,-0.04129,0.37299
0.11211,-0.04143,0.37299
0.11157,-0.02646,0.37203
0.11196,-0.02662,0.37226
0.11194,-0.02618,0.37242
0.11125,-0.02632,0.37207
0.11125,-0.02621,0.37218
0.11125,-0.02611,0.37247
0.10424,-0.02611,0.37233
0.11176,-0.02611,0.37297
0.11191,-0.02614,0.37297
0.11223,-0.02646,0.37297
0.11225,-0.02662,0.37297
0.11222,-0.02662,0.37271
0.11216,-0.02632,0.37297
0.11205,-0.02621,0.37297
0.1119,-0.02612,0.37988
0.11193,-0.02615,0.38005
0.11202,-0.02617,0.37988
0.11211,-0.02626,0.37998
0.11195,-0.02625,0.38021
0.11214,-0.02648,0.3802
0.11224,-0.02645,0.37999
0.11188,-0.02647,0.38035
0.11183,-0.02633,0.38029
0.11177,-0.02629,0.38027
0.10426,-0.02617,0.38019
0.11177,-0.0262,0.38017
0.10426,-0.02628,0.3803
0.10426,-0.02709,0.38008
0.10426,-0.0261,0.38005
0.10426,-0.02672,0.37951
0.10426,-0.02614,0.38012
0.10426,-0.02689,0.3797
0.10426,-0.02623,0.38024
0.09385,-0.02606,0.38007
0.09385,-0.02625,0.38032
0.09385,-0.02616,0.38024
0.09385,-0.02614,0.38021
0.09385,-0.02608,0.38011
0.09385,-0.02607,0.38002
0.10426,-0.02609,0.37997
0.09385,-0.02604,0.37992
0.09385,-0.0261,0.38011
0.09385,-0.02605,0.37996
0.10426,-0.02608,0.3799
0.09385,-0.0262,0.38022
0.09385,-0.02616,0.3802
0.09385,-0.02605,0.38
0.09385,-0.0261,0.38014
0.08884,-0.02602,0.37993
0.08883,-0.02605,0.38008
0.09385,-0.02606,0.38003
0.09384,-0.02605,0.37621
0.09385,-0.02612,0.38018
0.09383,-0.02605,0.37251
0.09385,-0.02609,0.38002
0.09385,-0.02622,0.3803
0.10425,-0.02608,0.37619
0.10424,-0.02609,0.37249
0.09377,-0.02709,0.38073
0.09381,-0.03021,0.38072
0.09379,-0.02681,0.3806
0.09383,-0.02609,0.37238
0.09383,-0.02607,0.37235
0.09383,-0.0261,0.37241
0.09383,-0.02649,0.37715
0.09383,-0.02891,0.37661
0.09383,-0.02607,0.37239
0.09383,-0.02626,0.3721
0.09383,-0.02606,0.37243
0.09381,-0.02664,0.37194
0.09381,-0.02959,0.37616
0.09384,-0.02605,0.37436
0.08386,-0.02659,0.37624
0.08883,-0.02603,0.37251
0.09381,-0.03367,0.37562
0.09384,-0.02604,0.37807
0.09377,-0.03373,0.37315
0.09379,-0.02706,0.37183
0.09383,-0.03178,0.38071
0.0938,-0.03892,0.37923
0.09379,-0.0413,0.37874
0.09374,-0.04135,0.37626
0.0937,-0.0414,0.37379
0.09374,-0.0344,0.3727
0.09378,-0.0274,0.3716
0.09381,-0.02673,0.37206
0.09383,-0.02613,0.37234
0.09383,-0.02621,0.3722
0.09383,-0.02606,0.37247
0.09382,-0.02639,0.37228
0.09383,-0.02627,0.37229
0.09383,-0.02615,0.37231
0.09382,-0.02632,0.37219
0.09383,-0.02614,0.37228
0.09383,-0.02616,0.37225
0.09383,-0.02612,0.37229
0.09377,-0.03372,0.37685
0.09381,-0.03621,0.37913
0.09384,-0.02891,0.38031
0.08881,-0.02638,0.37204
0.08374,-0.0353,0.37243
0.08881,-0.02624,0.37212
0.08382,-0.02723,0.37294
0.08879,-0.038,0.37204
0.0838,-0.03134,0.37448
0.0788,-0.03077,0.37473
0.07878,-0.03649,0.37405
0.08381,-0.04109,0.37546
0.08378,-0.03497,0.37999
0.0788,-0.03375,0.37982
0.08381,-0.03068,0.37637
0.08381,-0.03134,0.37801
0.08383,-0.02714,0.37949
0.08383,-0.02709,0.37946
0.08383,-0.02704,0.37941
0.08383,-0.02691,0.37922
0.08883,-0.02628,0.38036
0.08883,-0.02609,0.38018
0.08882,-0.02617,0.38028
0.08882,-0.02623,0.38033
0.08883,-0.02636,0.3804
0.08383,-0.03622,0.38049
0.08868,-0.04147,0.37831
0.08382,-0.02699,0.37312
0.08382,-0.0271,0.37301
0.08881,-0.02613,0.37223
0.08881,-0.02606,0.37236
0.09383,-0.02617,0.37223
0.0938,-0.02695,0.37437
0.09372,-0.0379,0.37324
0.10422,-0.03414,0.37204
0.09376,-0.0309,0.37215
0.09381,-0.03654,0.37972
0.09383,-0.03034,0.38051
0.0938,-0.02702,0.37177
0.10424,-0.02643,0.37201
0.10423,-0.03029,0.37203
0.10424,-0.02661,0.37288
0.10419,-0.04122,0.37383
0.09399,-0.03651,0.37241
0.09403,-0.02611,0.3735
0.10424,-0.02631,0.3721
0.10424,-0.02618,0.37219
0.10424,-0.02615,0.37226
0.10424,-0.0261,0.37241
0.10424,-0.02709,0.37299
0.09383,-0.02621,0.37217
0.09707,-0.02896,0.37849
0.09684,-0.02853,0.37433
0.09651,-0.03411,0.37389
0.09688,-0.03275,0.37597
0.09722,-0.03082,0.37397
0.10425,-0.02799,0.37643
0.10423,-0.03071,0.37398
0.10424,-0.03186,0.378
0.10423,-0.03384,0.37659
0.09653,-0.03223,0.37844
0.09402,-0.03082,0.37386
0.09403,-0.02926,0.37888
0.09403,-0.03004,0.37637
0.09405,-0.02674,0.37961
0.09404,-0.02699,0.37979
0.10421,-0.03955,0.37976
0.10141,-0.03017,0.37825
0.10168,-0.02812,0.37632
0.10193,-0.03185,0.37637
0.09404,-0.02685,0.37972
0.09401,-0.03724,0.3793
0.10177,-0.03562,0.37672
0.09399,-0.04066,0.37738
0.09399,-0.0388,0.37346
0.10186,-0.0383,0.37783
0.10186,-0.03775,0.37439
0.10136,-0.03957,0.37594
0.09382,-0.03416,0.38022
0.10191,-0.03015,0.37439
0.09377,-0.04132,0.3775
0.10419,-0.04111,0.372
0.11125,-0.02661,0.37197
0.10419,-0.04126,0.37203
0.09383,-0.03113,0.37952
0.09372,-0.04137,0.37503
0.09379,-0.02865,0.38072
0.09384,-0.02747,0.38012
0.09381,-0.02656,0.38032
0.09385,-0.02614,0.38012
0.10426,-0.02676,0.38022
0.09382,-0.02653,0.38046
0.10426,-0.02642,0.38037
0.11177,-0.0266,0.38038
0.10426,-0.02635,0.38034
0.10995,-0.02649,0.38036
0.10802,-0.02651,0.38038
0.11172,-0.04112,0.3804
0.11184,-0.04112,0.38038
0.11183,-0.02654,0.38037
0.11192,-0.02661,0.38036
0.11206,-0.02661,0.38028
0.11197,-0.04112,0.38033
0.11193,-0.04129,0.38034
0.11201,-0.04112,0.3803
0.11172,-0.04141,0.38031
0.10421,-0.04125,0.38039
0.11172,-0.04122,0.38038
0.1119,-0.04145,0.38026
0.11207,-0.04112,0.38025
0.11217,-0.04129,0.38005
0.10421,-0.04139,0.38032
0.11172,-0.04151,0.38021
0.11194,-0.04155,0.3801
0.11172,-0.04159,0.38007
0.10421,-0.0415,0.38021
0.11207,-0.04147,0.3799
0.1119,-0.04159,0.3799
0.10421,-0.04157,0.38007
0.11212,-0.04142,0.3799
0.11225,-0.02661,0.38003
0.11219,-0.03758,0.38007
0.1122,-0.03387,0.38009
0.11215,-0.04112,0.38015
0.11222,-0.04113,0.3799
0.11216,-0.04121,0.3801
0.11227,-0.02661,0.37988
0.11226,-0.02948,0.37859
0.11224,-0.03106,0.37375
0.11223,-0.03633,0.37842
0.11408,-0.03234,0.37575
0.11225,-0.03027,0.37617
0.1146,-0.03145,0.3782
0.1145,-0.02883,0.37797
0.11422,-0.02863,0.37487
0.11384,-0.03183,0.3753
0.11417,-0.02987,0.37517
0.11365,-0.03009,0.37456
0.11403,-0.03023,0.37509
0.11354,-0.02969,0.37438
0.11393,-0.02936,0.37472
0.11583,-0.02857,0.37471
0.11436,-0.02873,0.37642
0.11458,-0.0308,0.37814
0.11443,-0.02878,0.3772
0.11441,-0.03004,0.37654
0.11421,-0.03212,0.37636
0.11422,-0.03117,0.37649
0.11429,-0.02868,0.37565
0.11398,-0.03113,0.3763
0.11336,-0.03082,0.3744
0.11436,-0.03,0.37723
0.11413,-0.0311,0.37546
0.11434,-0.0319,0.37697
0.11455,-0.03014,0.37808
0.11374,-0.03181,0.3739
0.11324,-0.0312,0.3748
0.11331,-0.03007,0.37444
0.11321,-0.03034,0.37455
0.11323,-0.03024,0.37453
0.11326,-0.03013,0.37452
0.11328,-0.0313,0.37484
0.11339,-0.03161,0.37501
0.11333,-0.03147,0.37492
0.1136,-0.03132,0.37485
0.11374,-0.03096,0.37493
0.11769,-0.03033,0.37502
0.11677,-0.03274,0.37401
0.11616,-0.03358,0.36022
0.11699,-0.02895,0.36022
0.11365,-0.03087,0.36023
0.11327,-0.0313,0.37484
0.11337,-0.03156,0.37497
0.11325,-0.03015,0.37452
0.11401,-0.03085,0.37523
0.11453,-0.02949,0.37803
0.11447,-0.03167,0.37759
0.11404,-0.03546,0.37571
0.11222,-0.03685,0.37387
0.11221,-0.03969,0.37619
0.11446,-0.03969,0.37691
0.11424,-0.03673,0.37826
0.11423,-0.03553,0.37682
0.11422,-0.03919,0.37503
0.11422,-0.03918,0.37505
0.11414,-0.0355,0.37626
0.11423,-0.03561,0.37696
0.11561,-0.03505,0.37613
0.11434,-0.03944,0.37597
0.11435,-0.03821,0.37759
0.11449,-0.03877,0.37261
0.11397,-0.03892,0.37478
0.11372,-0.03866,0.37453
0.11329,-0.03719,0.37404
0.11528,-0.03414,0.36023
0.11629,-0.03918,0.36023
0.11758,-0.03779,0.37441
0.11745,-0.03536,0.37211
0.1159,-0.03787,0.37781
0.11323,-0.03762,0.37453
0.11352,-0.03594,0.37498
0.11316,-0.03707,0.37463
0.11319,-0.03741,0.37456
0.11316,-0.03712,0.37462
0.11317,-0.03722,0.37459
0.11318,-0.03732,0.37458
0.11317,-0.03717,0.3746
0.11317,-0.03712,0.37462
0.11332,-0.03728,0.37443
0.11316,-0.0371,0.37462
0.11317,-0.03713,0.37461
0.11362,-0.0373,0.37476
0.11378,-0.0357,0.37535
0.11209,-0.03383,0.38025
0.1121,-0.02654,0.38024
0.11207,-0.03387,0.38027
0.11209,-0.0302,0.38026
0.10421,-0.0411,0.38042
0.11177,-0.02612,0.37997
0.09385,-0.02619,0.38027
-0.05845,0.05375,0.32584
-0.05621,0.0546,0.32594
-0.05769,0.05501,0.32568
-0.05642,0.05289,0.3259
-0.05783,0.05281,0.32526
-0.05821,0.05444,0.32508
-0.05838,0.05426,0.32454
-0.05632,0.05466,0.32536
-0.05714,0.05508,0.32448
-0.05644,0.05287,0.3253
-0.05614,0.05298,0.32484
-0.05632,0.05474,0.32475
-0.05656,0.05286,0.32439
-0.056,0.05412,0.32418
-0.05667,0.05491,0.32361
-0.05648,0.05286,0.32378
-0.05602,0.05343,0.32343
-0.05681,0.0527,0.32318
-0.058,0.053,0.32378
-0.05779,0.05275,0.32452
-0.05849,0.05417,0.32398
-0.05784,0.05487,0.32354
-0.05812,0.05479,0.32301
-0.05819,0.05309,0.32314
-0.0574,0.05269,0.32253
-0.05831,0.05438,0.3225
-0.05598,0.05377,0.3227
-0.05592,0.05342,0.32217
-0.05841,0.05345,0.32221
-0.05746,0.05261,0.32196
-0.05687,0.05523,0.32228
-0.05646,0.05463,0.32201
-0.05623,0.05354,0.32194
-0.05587,0.05386,0.32173
-0.05616,0.05446,0.32163
-0.05723,0.05257,0.32147
-0.05772,0.05495,0.32178
-0.05593,0.05341,0.32124
-0.05644,0.05499,0.3213
-0.055,0.0553,0.32111
-0.05922,0.05533,0.32112
-0.05834,0.05356,0.32149
-0.05889,0.0522,0.32112
-0.05938,0.05413,0.3187
-0.05755,0.0561,0.31873
-0.05658,0.05494,0.32021
-0.05668,0.05274,0.32022
-0.05821,0.05187,0.31873
-0.05844,0.05399,0.32023
-0.05548,0.05256,0.31868
-0.05514,0.05488,0.31878
-0.05624,0.05169,0.32112
-0.0569,0.05508,0.32285
-0.02972,-0.04906,0.28029
-0.02769,-0.04907,0.28278
-0.0298,-0.04696,0.28015
-0.02754,-0.04707,0.28268
-0.02742,-0.04855,0.27803
-0.0287,-0.04907,0.28153
-0.02544,-0.04907,0.28511
-0.03187,-0.04918,0.28549
-0.02478,-0.04672,0.28543
-0.03254,-0.04646,0.28506
-0.03024,-0.04862,0.27756
-0.03281,-0.04737,0.25035
-0.03035,-0.04917,0.25376
-0.0318,-0.04769,0.26603
-0.03027,-0.0478,0.27886
-0.02665,-0.04751,0.27829
-0.02554,-0.04773,0.26477
-0.02867,-0.04702,0.28142
-0.025,-0.04711,0.25206
-0.0273,-0.04823,0.25409
-0.03034,-0.04784,0.25377
-0.02791,-0.04546,0.25207
-0.02493,-0.04857,0.2849
-0.02501,-0.04862,0.25027
-0.02545,-0.04894,0.2493
-0.02578,-0.0429,0.24915
-0.02722,-0.04355,0.25206
-0.02868,-0.04337,0.24906
-0.02882,-0.04583,0.24907
-0.03028,-0.04377,0.25207
-0.03179,-0.04308,0.24914
-0.02875,-0.0446,0.24906
0.0599,-0.05485,0.32586
0.06,-0.05509,0.3253
0.06139,-0.05467,0.32574
0.06147,-0.05317,0.32579
0.06143,-0.05442,0.32523
0.05925,-0.05377,0.32564
0.05944,-0.0533,0.32496
0.05985,-0.05498,0.32492
0.0592,-0.05348,0.32429
0.05986,-0.055,0.3244
0.06133,-0.05479,0.32459
0.06123,-0.05482,0.32387
0.06134,-0.05308,0.32524
0.06133,-0.05301,0.32463
0.06165,-0.05362,0.32406
0.06069,-0.05259,0.32365
0.06052,-0.05266,0.32436
0.06081,-0.05275,0.32319
0.05924,-0.05386,0.32366
0.06163,-0.05366,0.32296
0.0598,-0.05285,0.32283
0.05918,-0.05448,0.32323
0.05926,-0.05413,0.32277
0.05977,-0.05287,0.32208
0.05926,-0.0541,0.32189
0.06105,-0.05283,0.32216
0.0609,-0.05516,0.32333
0.06022,-0.05449,0.32276
0.06119,-0.05485,0.32276
0.06001,-0.05514,0.32285
0.05993,-0.055,0.32215
0.06088,-0.055,0.32158
0.06157,-0.05411,0.32211
0.0617,-0.05356,0.32142
0.05919,-0.0544,0.32118
0.062,-0.05605,0.321
0.06226,-0.05245,0.321
0.0604,-0.05622,0.31862
0.06273,-0.05362,0.31856
0.0612,-0.05454,0.32032
0.05835,-0.05428,0.31858
0.05964,-0.05324,0.32032
0.05939,-0.05171,0.31859
0.05991,-0.0527,0.32151
0.05998,-0.05484,0.3235
0.05985,-0.05505,0.32373
0.05989,-0.05274,0.32564
-0.02888,0.04456,0.28253
-0.02903,0.04435,0.2805
-0.02741,0.04439,0.28063
-0.02735,0.04457,0.28221
-0.02739,0.04511,0.28069
-0.02884,0.04485,0.2802
-0.02954,0.04456,0.2815
-0.02936,0.04521,0.28199
-0.02896,0.04525,0.28031
-0.02951,0.04601,0.28188
-0.02896,0.04594,0.28032
-0.0275,0.04591,0.28042
-0.0273,0.04563,0.28101
-0.0286,0.04677,0.28017
-0.0278,0.04624,0.2803
-0.02962,0.04671,0.28127
-0.02898,0.04704,0.28245
-0.02935,0.04747,0.28073
-0.02796,0.04798,0.28258
-0.02709,0.04743,0.28151
-0.02753,0.04691,0.28242
-0.02942,0.04748,0.28226
-0.02734,0.04645,0.28212
-0.02716,0.04602,0.28186
-0.02829,0.04597,0.28267
-0.02704,0.04676,0.28097
-0.02798,0.04739,0.28026
-0.02893,0.04832,0.28036
-0.0272,0.04808,0.28127
-0.02954,0.04851,0.28131
-0.02948,0.04796,0.28182
-0.02784,0.04839,0.28028
-0.02826,0.04896,0.28014
-0.0297,0.04909,0.28119
-0.02892,0.04865,0.28256
-0.02966,0.05158,0.28327
-0.02749,0.04904,0.28265
-0.02705,0.04877,0.28132
-0.0281,0.05157,0.27922
-0.02604,0.05163,0.28205
-0.02779,0.05005,0.28032
-0.02771,0.05007,0.28249
-0.02962,0.05008,0.28145
-0.03039,0.05152,0.28034
-0.02777,0.0453,0.28251
0.03175,-0.04466,0.28019
0.03234,-0.04448,0.28221
0.0324,-0.04502,0.28069
0.0302,-0.04454,0.28097
0.03007,-0.04512,0.28151
0.03024,-0.04571,0.28116
0.03144,-0.04564,0.28021
0.03216,-0.04566,0.28249
0.03036,-0.04635,0.28055
0.03068,-0.04582,0.28254
0.03115,-0.04607,0.28243
0.03037,-0.0465,0.28215
0.03167,-0.04639,0.28018
0.03019,-0.04699,0.28154
0.03027,-0.04759,0.28153
0.03131,-0.0472,0.28259
0.03067,-0.04737,0.28045
0.03004,-0.04799,0.28141
0.0313,-0.04789,0.27998
0.03194,-0.04731,0.28029
0.03259,-0.04714,0.28149
0.03253,-0.04816,0.28104
0.03031,-0.04698,0.28082
0.03188,-0.04684,0.28021
0.03249,-0.04727,0.2819
0.03225,-0.04778,0.28052
0.03023,-0.04759,0.28147
0.03075,-0.0479,0.28037
0.03255,-0.04796,0.28192
0.0324,-0.04882,0.28286
0.03286,-0.04882,0.27998
0.03102,-0.04784,0.28257
0.033,-0.05118,0.28306
0.02973,-0.0512,0.28315
0.02871,-0.04881,0.28141
0.03021,-0.0483,0.28175
0.03339,-0.05121,0.28042
0.03269,-0.04975,0.28133
0.03063,-0.04975,0.28031
0.03019,-0.0513,0.27936
0.03082,-0.04973,0.28258
0.03021,-0.04691,0.28191
0.03086,-0.0462,0.28253
0.03037,-0.04641,0.28067
0.03129,-0.04536,0.28264
0.03018,-0.04541,0.28167
0.0304,-0.04592,0.28069
0.03224,-0.04635,0.28229
0.03048,-0.04533,0.28066
0.03221,-0.04582,0.28037
0.03184,-0.04518,0.28035
0.03021,-0.04453,0.28121
0.03127,-0.04481,0.28007
0.03226,-0.04451,0.28041
0.03081,-0.04438,0.2802
0.03189,-0.04396,0.28022
0.03236,-0.04474,0.28215
0.03261,-0.04367,0.28133
0.03065,-0.04372,0.28036
0.03022,-0.04319,0.28141
0.03166,-0.04317,0.28014
0.03026,-0.04385,0.28191
0.03257,-0.04303,0.28115
0.03193,-0.04305,0.28247
0.03094,-0.04345,0.28259
0.03169,-0.04416,0.28258
0.03061,-0.04455,0.28222
0.0327,-0.04535,0.28139
0.03251,-0.04631,0.28081
0.03269,-0.04604,0.28122
0.03202,-0.04655,0.28253
0.03218,-0.04808,0.28228
0.03031,-0.04847,0.28195
0.03219,-0.0488,0.28247
0.03093,-0.04782,0.28256
0.02991,-0.04906,0.28167
0.02929,-0.04928,0.28293
0.0325,-0.04895,0.28078
0.03339,-0.05173,0.27994
0.03245,-0.05166,0.28339
0.03062,-0.04929,0.27903
0.02964,-0.05171,0.27993
0.03238,-0.05,0.28097
0.03048,-0.04999,0.28201
0.02982,-0.05166,0.28304
0.03118,-0.04898,0.28019
0.03116,-0.04836,0.28015
0.0324,-0.04504,0.28209
0.03095,-0.04475,0.28253
-0.02902,0.04917,0.28273
-0.02764,0.04916,0.28002
-0.02738,0.04716,0.2801
-0.02959,0.04714,0.27984
-0.02656,0.04891,0.27762
-0.0298,0.04857,0.27796
-0.02509,0.04916,0.28498
-0.02833,0.04916,0.28138
-0.03157,0.04775,0.26787
-0.0268,0.04812,0.27826
-0.02985,0.04858,0.25425
-0.03189,0.04904,0.28533
-0.02445,0.0468,0.28531
-0.03167,0.04913,0.24995
-0.03248,0.04742,0.25022
-0.0322,0.04656,0.28494
-0.02811,0.04716,0.28295
-0.02528,0.04775,0.26496
-0.02459,0.04865,0.28477
-0.02466,0.04711,0.25194
-0.02466,0.04861,0.25014
-0.0251,0.04893,0.24918
-0.02961,0.04504,0.24895
-0.02665,0.04367,0.2488
-0.02813,0.04436,0.24887
-0.02698,0.04824,0.25389
-0.03034,0.0477,0.25361
-0.03149,0.04311,0.24903
-0.03127,0.04259,0.25196
-0.0271,0.04346,0.25037
-0.02755,0.04326,0.25195
-0.02898,0.04571,0.25195
-0.02826,0.04448,0.25195
0.03071,-0.04535,0.24907
0.03013,-0.04427,0.24926
0.03236,-0.04358,0.24929
0.03233,-0.04498,0.24912
0.03169,-0.04551,0.24968
0.03088,-0.04323,0.24939
0.03159,-0.04321,0.25008
0.03256,-0.04448,0.2501
0.03212,-0.04331,0.25075
0.0312,-0.04562,0.25048
0.03249,-0.0451,0.25065
0.03157,-0.04553,0.25115
0.03259,-0.04444,0.25154
0.03221,-0.04358,0.25114
0.03034,-0.04367,0.251
0.03052,-0.04326,0.25044
0.03011,-0.04472,0.25016
0.03034,-0.04379,0.24993
0.03075,-0.04551,0.24967
0.03002,-0.04463,0.25083
0.03033,-0.04489,0.25104
0.03038,-0.04531,0.25123
0.03188,-0.04314,0.25142
0.03016,-0.04421,0.25181
0.03139,-0.04315,0.25188
0.03243,-0.04481,0.25241
0.03214,-0.04347,0.25271
0.03088,-0.04319,0.25246
0.03015,-0.04401,0.25279
0.03091,-0.04535,0.25233
0.031,-0.04558,0.25285
0.03055,-0.04529,0.25193
0.03076,-0.04324,0.2534
0.03245,-0.0437,0.25351
0.03009,-0.04464,0.25372
0.03055,-0.04189,0.25392
0.03188,-0.04217,0.25631
0.02933,-0.0433,0.25629
0.02933,-0.04582,0.25393
0.03364,-0.04403,0.25627
0.03202,-0.04332,0.25478
0.03241,-0.04634,0.25631
0.03005,-0.04424,0.25484
0.02988,-0.046,0.25634
0.03187,-0.04545,0.25481
0.03252,-0.04644,0.25392
0.03241,-0.04494,0.25355
0.03118,-0.04556,0.25361
0.03237,-0.04515,0.25304
0.03188,-0.04552,0.25182
0.1297,-0.04417,0.38756
0.13068,-0.04403,0.38694
0.11247,-0.03249,0.40788
0.11174,-0.03242,0.40836
0.11179,-0.03143,0.4088
0.1307,-0.04316,0.38772
0.13156,-0.04285,0.38714
0.11291,-0.03178,0.40789
0.13154,-0.0417,0.38771
0.13222,-0.04136,0.387
0.13163,-0.043,0.36894
0.12985,-0.04452,0.36895
0.13141,-0.04245,0.36894
0.13221,-0.0407,0.36894
0.13243,-0.04087,0.38613
0.13121,-0.04271,0.38695
0.13189,-0.04119,0.38669
0.13203,-0.0407,0.38617
0.13154,-0.04145,0.38721
0.13184,-0.03974,0.38703
0.13181,-0.04037,0.38705
0.13202,-0.03974,0.38656
0.13201,-0.04043,0.3865
0.13197,-0.03974,0.38677
0.13193,-0.0404,0.38678
0.13187,-0.03974,0.38696
0.13194,0.03959,0.38716
0.13215,0.03959,0.38686
0.13175,-0.04033,0.38715
0.13164,-0.04033,0.38729
0.12253,-0.03501,0.39736
0.11304,-0.03095,0.40759
0.11267,-0.03036,0.40803
0.11342,-0.02968,0.40744
0.11286,-0.02968,0.40792
0.11307,0.02971,0.40784
0.11363,0.0297,0.40736
0.13193,0.03992,0.38717
0.13192,0.04018,0.38718
0.11269,0.03067,0.40809
0.11222,-0.02967,0.40831
0.11292,0.02971,0.40797
0.11242,0.02971,0.40823
0.1119,0.02971,0.40842
0.11125,0.03071,0.40852
0.11327,0.03098,0.40752
0.13157,0.04146,0.38732
0.11293,0.0317,0.40754
0.11274,0.03202,0.40754
0.112,0.03235,0.40783
0.1115,0.03174,0.40827
0.1107,0.03181,0.40842
0.11096,0.03226,0.40823
0.09027,0.04486,0.40799
0.11121,0.03268,0.40797
0.09003,0.04445,0.40826
0.08976,0.04399,0.40844
0.08897,0.04415,0.40849
0.08968,0.04385,0.40849
0.0891,0.04474,0.40829
0.07273,0.04409,0.40853
0.08949,0.04534,0.40791
0.08856,0.04533,0.40801
0.07385,0.0449,0.4083
0.07148,0.04489,0.40792
0.0729,0.04658,0.40689
0.07386,0.04554,0.4079
0.07123,0.04193,0.40862
0.07067,0.06346,0.38699
0.06531,0.05518,0.38737
0.06871,0.04395,0.40715
0.06817,0.04273,0.40815
0.0669,0.04179,0.40849
0.06968,0.04152,0.4086
0.063,0.05482,0.38674
0.06518,0.0555,0.36896
0.07057,0.06377,0.36894
0.06216,0.05464,0.38725
0.06216,0.05479,0.38688
-0.03886,0.05508,0.38729
-0.04128,0.05335,0.39141
-0.03886,0.05514,0.3871
-0.03945,0.05514,0.38716
-0.03888,0.05519,0.38683
-0.04218,0.05567,0.38767
-0.02411,0.05531,0.37332
-0.02475,0.05523,0.3761
-0.03955,0.05517,0.36919
-0.04403,0.04444,0.40708
-0.04654,0.04423,0.40856
-0.04782,0.06477,0.3692
-0.04196,0.0559,0.36919
-0.04711,0.0637,0.38713
-0.04641,0.06343,0.38723
-0.04854,0.06508,0.38731
-0.04916,0.06536,0.3692
-0.05108,0.06522,0.3692
-0.04946,0.06502,0.38699
-0.05104,0.06524,0.38657
-0.06984,0.06531,0.38649
-0.06988,0.06569,0.36924
-0.06988,0.06529,0.36924
-0.07086,0.06556,0.38725
-0.06984,0.06571,0.38649
-0.05062,0.06563,0.38668
-0.07133,0.06511,0.36925
-0.07179,0.06544,0.36925
-0.05005,0.06534,0.38745
-0.05054,0.06549,0.38714
-0.05104,0.06561,0.38681
-0.06984,0.06556,0.38721
-0.06984,0.06566,0.38695
-0.06984,0.06567,0.38685
-0.05104,0.06543,0.38736
-0.06984,0.06547,0.38746
-0.05104,0.06533,0.3875
-0.06984,0.0654,0.38754
-0.05104,0.06513,0.3878
-0.07011,0.06519,0.38784
-0.06574,0.04593,0.40881
-0.05052,0.05391,0.40017
-0.06637,0.0467,0.40805
-0.05051,0.0595,0.394
-0.06621,0.04611,0.40858
-0.06714,0.04576,0.40853
-0.06745,0.0463,0.408
-0.07234,0.0646,0.38785
-0.07125,0.06498,0.3879
-0.07178,0.06483,0.38789
-0.07244,0.06498,0.38728
-0.07258,0.06447,0.38785
-0.07164,0.0655,0.38658
-0.07282,0.06487,0.38696
-0.07272,0.0647,0.38747
-0.07269,0.06465,0.38755
-0.07277,0.06479,0.38721
-0.1065,0.04557,0.38706
-0.10653,0.04562,0.3866
-0.10651,0.04558,0.38696
-0.10754,0.0449,0.38737
-0.10872,0.04344,0.38753
-0.10777,0.04385,0.38813
-0.08946,0.03323,0.40824
-0.1064,0.0454,0.38756
-0.1068,0.04499,0.38781
-0.10678,0.04486,0.38797
-0.10851,0.04404,0.36935
-0.08847,0.03426,0.40806
-0.08873,0.03316,0.40871
-0.08816,0.03372,0.40859
-0.06705,0.0456,0.40868
-0.0878,0.03308,0.40899
-0.08871,0.03225,0.40916
-0.08752,0.0326,0.40924
-0.0874,0.0324,0.40927
-0.08743,0.03139,0.40938
-0.08769,0.0308,0.40938
-0.08774,0.03041,0.40938
-0.09031,0.03179,0.40825
-0.08976,0.03138,0.4088
-0.0899,0.03252,0.40825
-0.08879,0.03042,0.40924
-0.08856,0.03042,0.40927
-0.06678,0.04512,0.40893
-0.0665,0.04464,0.40918
-0.06638,0.04444,0.40921
-0.04743,0.04506,0.40901
-0.087,0.03169,0.40938
-0.04924,0.04373,0.40928
-0.04897,0.0436,0.40928
-0.04866,0.04337,0.40928
-0.08795,-0.02897,0.40946
-0.0883,-0.02975,0.40943
-0.04704,0.04227,0.40927
-0.08877,-0.02897,0.40935
-0.089,-0.02897,0.40932
-0.09008,-0.03013,0.40905
-0.08722,-0.03026,0.40946
-0.08763,-0.03096,0.40935
-0.06616,-0.04298,0.4094
-0.06669,-0.04315,0.40932
-0.0668,-0.04334,0.40929
-0.06624,-0.0438,0.40925
-0.04832,-0.04389,0.40908
-0.04589,-0.04032,0.40938
-0.05084,-0.0443,0.40901
-0.05084,-0.04486,0.40876
-0.05084,-0.04503,0.40862
-0.04892,-0.04727,0.40625
-0.04672,-0.06217,0.38729
-0.04455,-0.04087,0.40932
-0.04624,-0.04332,0.4083
-0.04491,-0.04648,0.40277
-0.04298,-0.05578,0.38763
-0.04813,-0.0636,0.36936
-0.04937,-0.06414,0.38752
-0.05024,-0.06441,0.38692
-0.05149,-0.06437,0.38734
-0.05149,-0.06421,0.38767
-0.05149,-0.064,0.38797
-0.06555,-0.04561,0.40812
-0.07058,-0.06409,0.3878
-0.07029,-0.06414,0.38771
-0.07029,-0.0642,0.38763
-0.07029,-0.0643,0.38738
-0.07188,-0.06424,0.38725
-0.07029,-0.0644,0.38713
-0.07029,-0.06445,0.38666
-0.07029,-0.06441,0.38702
-0.07192,-0.06435,0.36942
-0.07176,-0.06394,0.38778
-0.07303,-0.0634,0.38777
-0.07315,-0.06339,0.38769
-0.0733,-0.06364,0.38667
-0.07296,-0.06378,0.38704
-0.07326,-0.06358,0.3872
-0.10677,-0.04398,0.38743
-0.0515,-0.06446,0.38709
-0.0515,-0.06448,0.38698
-0.10803,-0.0431,0.38763
-0.10672,-0.04389,0.38769
-0.10682,-0.04406,0.38718
-0.07327,-0.0636,0.38703
-0.10774,-0.04355,0.38667
-0.10847,-0.04249,0.38824
-0.10941,-0.04146,0.36947
-0.10689,-0.04413,0.36947
-0.10965,-0.04055,0.38743
-0.10959,-0.0355,0.37199
-0.1078,-0.043,0.36947
-0.10936,-0.04018,0.38697
-0.10883,-0.04145,0.38747
-0.10774,-0.04296,0.38717
-0.10976,-0.02955,0.3745
-0.10964,-0.02995,0.36945
-0.10979,-0.0389,0.38708
-0.10974,-0.01162,0.38682
-0.10959,-0.01281,0.37479
-0.10934,-0.01175,0.38668
-0.1094,-0.0389,0.387
-0.10929,-0.01175,0.38705
-0.10934,-0.01158,0.38684
-0.1093,0.00873,0.3694
-0.10938,-0.01223,0.36943
-0.10978,-0.01223,0.36943
-0.1094,-0.00251,0.38898
-0.10971,0.00873,0.3694
-0.10956,-0.00973,0.38895
-0.10964,-0.01122,0.38751
-0.10217,-0.01115,0.39577
-0.10292,-0.00981,0.39619
-0.10893,-0.0096,0.39081
-0.10925,-0.00915,0.39728
-0.10931,-0.00558,0.39503
-0.10868,-0.00831,0.3991
-0.10883,-0.00902,0.391
-0.10916,0.00058,0.40128
-0.1091,-0.00322,0.38447
-0.10949,-0.00118,0.40436
-0.10861,0.01054,0.39646
-0.10942,0.00707,0.39612
-0.10942,0.00904,0.40059
-0.10854,0.00734,0.40225
-0.10855,-0.00084,0.4046
-0.10863,0.01085,0.39761
-0.10036,0.01103,0.39816
-0.09508,0.00633,0.40365
-0.10833,0.00393,0.40456
-0.10922,0.01115,0.3899
-0.10958,0.01272,0.38751
-0.10918,0.00434,0.389
-0.1096,0.01328,0.3871
-0.10963,0.01307,0.38702
-0.1094,0.01328,0.38761
-0.10944,0.01287,0.38764
-0.10916,0.01287,0.38802
-0.10455,0.01272,0.39312
-0.10965,0.01328,0.38665
-0.10453,0.01291,0.39311
-0.10261,0.01275,0.39518
-0.10128,0.01289,0.39659
-0.09071,0.03042,0.40807
-0.10901,0.04102,0.38798
-0.10449,0.01327,0.39307
-0.10912,0.04124,0.38784
-0.1092,0.04224,0.38751
-0.10951,0.04143,0.38686
-0.10931,0.04043,0.38758
-0.10913,0.01328,0.38799
-0.1094,0.04043,0.38733
-0.1095,0.04043,0.38707
-0.10951,0.04043,0.38697
-0.10942,0.0413,0.36936
-0.10844,0.04338,0.36936
-0.10912,0.04135,0.38669
-0.10919,0.04041,0.36936
-0.10891,0.04197,0.38733
-0.10749,0.04444,0.38716
-0.10826,0.04343,0.38738
-0.10872,0.04102,0.38771
-0.10874,0.04062,0.38768
-0.09003,0.03169,0.40795
-0.10836,0.04231,0.38785
-0.1091,0.04112,0.38692
-0.10913,0.04044,0.38691
-0.10905,0.04043,0.38719
-0.10905,0.01328,0.38742
-0.10891,0.04043,0.38745
-0.10923,0.01211,0.38759
-0.10921,0.01328,0.38701
-0.10883,0.01328,0.38772
-0.10925,0.01328,0.38665
-0.10888,0.01049,0.39056
-0.09911,0.01133,0.39863
-0.10199,0.01075,0.39712
-0.10908,0.0062,0.38548
-0.09338,0.00174,0.40499
-0.09041,0.03042,0.4078
-0.10419,0.01327,0.3928
-0.08966,0.03135,0.40835
-0.08985,0.03042,0.40828
-0.09062,-0.02896,0.40788
-0.0898,-0.02979,0.40853
-0.09006,-0.02897,0.40836
-0.10153,-0.00957,0.39664
-0.109,-0.03949,0.38781
-0.09597,-0.00616,0.40223
-0.08941,-0.02897,0.40875
-0.0892,0.03042,0.40867
-0.0899,-0.02897,0.40849
-0.08851,-0.02979,0.40902
-0.09026,-0.03024,0.40803
-0.08927,-0.0305,0.40866
-0.08988,-0.03093,0.40804
-0.10865,-0.04077,0.38795
-0.10901,-0.04055,0.38763
-0.10914,-0.03951,0.38764
-0.10923,-0.0389,0.38749
-0.10919,-0.0389,0.38755
-0.10892,-0.01175,0.38775
-0.10428,-0.01176,0.39283
-0.10914,-0.01175,0.38745
-0.10937,-0.00903,0.38897
-0.10931,-0.01099,0.38737
-0.10918,-0.01125,0.38748
-0.1093,-0.01143,0.38705
-0.10932,-0.0389,0.38729
-0.10939,-0.0389,0.38709
-0.08959,-0.03147,0.40805
-0.10827,-0.04146,0.38796
-0.10787,-0.04214,0.38795
-0.10786,-0.04244,0.38774
-0.08947,-0.03159,0.40803
-0.08877,-0.03157,0.40847
-0.10694,-0.04309,0.38781
-0.08856,-0.03256,0.40788
-0.107,-0.04319,0.38766
-0.10644,-0.0434,0.38779
-0.10653,-0.04356,0.38755
-0.10705,-0.04322,0.38758
-0.07275,-0.06301,0.38774
-0.07292,-0.063,0.38765
-0.07272,-0.0633,0.38738
-0.07298,-0.0631,0.38743
-0.10659,-0.04367,0.38729
-0.10654,-0.04358,0.38749
-0.07304,-0.0632,0.38724
-0.07307,-0.06325,0.38704
-0.10662,-0.04372,0.38708
-0.07281,-0.06343,0.38695
-0.07178,-0.06388,0.36941
-0.07174,-0.06384,0.38704
-0.07313,-0.06331,0.36942
-0.10665,-0.04376,0.38671
-0.07308,-0.06326,0.38695
-0.10668,-0.04379,0.36946
-0.10723,-0.04339,0.38684
-0.10663,-0.04374,0.38701
-0.07033,-0.06408,0.36941
-0.07099,-0.06401,0.3869
-0.07029,-0.06394,0.38724
-0.07029,-0.06401,0.38703
-0.07061,-0.06393,0.38724
-0.0515,-0.06412,0.38662
-0.07059,-0.06376,0.38758
-0.07029,-0.06385,0.38744
-0.05149,-0.06388,0.38746
-0.05149,-0.06391,0.38739
-0.07029,-0.06381,0.3875
-0.05101,-0.06373,0.38765
-0.0485,-0.06344,0.38731
-0.04903,-0.04496,0.40792
-0.04293,-0.05483,0.38845
-0.04839,-0.04311,0.40875
-0.04968,-0.04399,0.40865
-0.05084,-0.04463,0.40843
-0.05084,-0.0448,0.40829
-0.06555,-0.04475,0.40832
-0.06555,-0.04531,0.40785
-0.04588,-0.04095,0.40893
-0.04821,-0.04118,0.40898
-0.04518,-0.04199,0.40851
-0.05025,-0.04257,0.40899
-0.08775,0.03041,0.40898
-0.04482,-0.04301,0.40763
-0.05084,-0.04362,0.40887
-0.05444,-0.04291,0.409
-0.06592,-0.04259,0.40902
-0.06628,-0.04244,0.40903
-0.06613,-0.0433,0.40895
-0.06665,-0.04308,0.40893
-0.06675,-0.04325,0.4089
-0.08769,-0.03106,0.40893
-0.08758,-0.03089,0.40896
-0.0663,-0.04397,0.40873
-0.08795,-0.03152,0.40875
-0.06702,-0.0437,0.40872
-0.06554,-0.04357,0.4089
-0.06555,-0.0441,0.40872
-0.06647,-0.0446,0.40837
-0.06555,-0.04458,0.40846
-0.06662,-0.04513,0.4079
-0.06734,-0.04426,0.40833
-0.06726,-0.04413,0.40846
-0.07057,-0.06363,0.38774
-0.07264,-0.06307,0.38775
-0.06763,-0.04475,0.40785
-0.07163,-0.06344,0.3878
-0.07168,-0.06362,0.38756
-0.08828,-0.03207,0.40836
-0.05084,-0.04415,0.40869
-0.08849,-0.031,0.40879
-0.08801,0.03179,0.40894
-0.06598,0.04373,0.40891
-0.04476,0.04143,0.40887
-0.06579,0.04461,0.40886
-0.06634,0.04437,0.40882
-0.08736,0.03233,0.40888
-0.08746,0.0325,0.40885
-0.08772,0.03296,0.40867
-0.06644,0.04454,0.40879
-0.0667,0.045,0.40861
-0.06615,0.04589,0.40825
-0.06694,0.04541,0.40835
-0.08796,0.03337,0.40841
-0.08864,0.03288,0.40844
-0.08805,0.03352,0.40827
-0.10663,0.04461,0.3877
-0.08925,0.03305,0.40795
-0.08833,0.03401,0.40779
-0.08899,0.03207,0.40858
-0.06703,0.04555,0.40821
-0.06731,0.04604,0.40773
-0.06681,0.04625,0.40777
-0.07219,0.06434,0.38758
-0.07236,0.06426,0.38757
-0.10554,0.04527,0.38766
-0.07154,0.06501,0.38703
-0.07253,0.06436,0.38734
-0.10621,0.04506,0.38743
-0.10623,0.04509,0.38737
-0.07254,0.06439,0.38727
-0.10628,0.04518,0.38718
-0.07262,0.06453,0.38687
-0.07259,0.06448,0.38708
-0.10631,0.04524,0.38697
-0.07233,0.0647,0.38679
-0.07263,0.06455,0.38679
-0.07232,0.06474,0.38667
-0.10634,0.04528,0.3866
-0.07688,0.06259,0.36926
-0.07118,0.06471,0.38763
-0.07086,0.06514,0.38723
-0.06984,0.06511,0.38726
-0.06984,0.06507,0.38733
-0.07003,0.06492,0.38755
-0.06984,0.0652,0.38707
-0.06629,0.04641,0.40778
-0.06984,0.06528,0.38678
-0.05104,0.06514,0.38703
-0.05104,0.06504,0.38722
-0.05104,0.06501,0.38729
-0.05045,0.06496,0.38733
-0.04946,0.06447,0.3878
-0.06984,0.0649,0.38757
-0.05051,0.0592,0.39373
-0.04931,0.04606,0.40815
-0.06523,0.04539,0.4086
-0.04987,0.04533,0.40857
-0.06305,0.0461,0.40833
-0.06523,0.04486,0.40878
-0.06524,0.0447,0.40883
-0.04987,0.0448,0.40874
-0.04987,0.04462,0.4088
-0.05104,0.06519,0.38681
-0.05104,0.0652,0.38674
-0.08902,0.03114,0.40871
-0.08998,0.03186,0.40797
-0.08966,0.03238,0.40796
-0.08868,0.03042,0.40886
-0.08848,0.03042,0.40888
-0.08889,-0.02897,0.40893
-0.08868,-0.02897,0.40896
-0.10798,0.04299,0.38785
-0.10757,0.04366,0.38784
-0.04388,-0.04011,0.40897
-0.04298,0.04124,0.40887
-0.04434,0.04229,0.40875
-0.04295,0.0421,0.40875
0.06689,0.04086,0.40863
0.06599,-0.0405,0.40873
0.06596,-0.04145,0.40861
0.06735,-0.04155,0.40861
0.06778,-0.04069,0.40873
0.06993,-0.04347,0.40849
0.06513,-0.05508,0.38734
0.06534,-0.04417,0.40591
0.07054,-0.04508,0.40767
0.0672,-0.04242,0.40825
0.07226,-0.04458,0.40839
0.07177,-0.04366,0.40864
0.08887,-0.0439,0.40863
0.07083,-0.0554,0.39625
0.072,-0.04582,0.40743
0.07288,-0.04522,0.40806
0.07288,-0.04507,0.40814
0.07289,-0.04459,0.40842
0.08824,-0.04513,0.40812
0.08825,-0.04464,0.40838
0.07289,-0.04406,0.40859
0.08825,-0.04412,0.40857
0.08825,-0.04392,0.40859
0.07289,-0.04387,0.40865
0.08824,-0.04529,0.40799
0.08917,-0.04514,0.40803
0.08972,-0.04425,0.40838
0.08996,-0.04467,0.40812
0.09004,-0.04481,0.40798
0.0893,-0.04567,0.40756
0.09032,-0.0453,0.40751
0.09511,-0.06365,0.38738
0.0941,-0.06402,0.38744
0.09304,-0.0642,0.38739
0.08824,-0.04585,0.40751
0.09517,-0.06378,0.38721
0.11134,-0.03327,0.40745
0.12889,-0.04435,0.38725
0.09545,-0.06368,0.38714
0.12915,-0.04442,0.38698
0.09424,-0.06442,0.38682
0.09415,-0.0642,0.3872
0.09304,-0.06433,0.38724
0.07289,-0.0525,0.40014
0.07341,-0.06424,0.38729
0.09276,-0.06442,0.38708
0.07237,-0.0528,0.39969
0.07225,-0.05277,0.39966
0.07254,-0.06397,0.3875
0.0718,-0.06405,0.3871
0.07223,-0.06384,0.38753
0.0699,-0.06288,0.38698
0.07055,-0.06402,0.3691
0.07276,-0.06441,0.38683
0.07396,-0.06453,0.38664
0.07396,-0.06456,0.38635
0.07396,-0.06451,0.38671
0.09276,-0.06452,0.38688
0.07396,-0.06432,0.38719
0.07396,-0.06435,0.38712
0.09276,-0.06458,0.38667
0.09276,-0.06459,0.38659
0.09194,-0.06535,0.36913
0.07396,-0.06496,0.38635
0.09428,-0.06492,0.38656
0.09572,-0.06425,0.36905
0.09553,-0.06391,0.36905
0.09525,-0.06404,0.38641
0.09556,-0.06388,0.3863
0.09554,-0.06384,0.38666
0.12924,-0.04456,0.38649
0.13032,-0.04391,0.38626
0.12923,-0.04455,0.38657
0.13026,-0.04368,0.38701
0.12921,-0.04461,0.36895
0.1292,-0.0445,0.38678
0.12955,-0.04392,0.3873
0.11226,-0.03231,0.40759
0.13049,-0.04297,0.38743
0.09546,-0.0637,0.38707
0.11267,-0.03164,0.4076
0.1309,-0.0423,0.38744
0.11299,-0.03112,0.40761
0.112,-0.03132,0.40822
0.11165,-0.03214,0.40809
0.11102,-0.03105,0.40858
0.11204,-0.0304,0.40835
0.11048,-0.03175,0.4085
0.11038,-0.03158,0.40853
0.11074,-0.03221,0.40832
0.08899,-0.04299,0.40869
0.11169,-0.02967,0.4085
0.11149,-0.02967,0.40852
0.11076,-0.02967,0.40862
0.11096,0.02993,0.40854
0.1117,0.02971,0.40845
0.08894,0.04334,0.40858
0.11091,0.0301,0.40854
0.08932,0.04324,0.40857
0.11023,0.031,0.40854
0.1106,0.03163,0.40845
0.08936,-0.04362,0.40859
0.08946,-0.04379,0.40857
0.11098,-0.03263,0.40806
0.11106,-0.03277,0.40792
0.13129,-0.04162,0.38743
0.09576,-0.06423,0.3863
0.12945,-0.04494,0.3862
0.12943,-0.0449,0.38656
0.12943,-0.04489,0.38666
0.09574,-0.06418,0.38676
0.09569,-0.0641,0.38701
0.09534,-0.06408,0.38743
0.09564,-0.06401,0.38727
0.12938,-0.0448,0.38691
0.12983,-0.04442,0.38718
0.11149,-0.03352,0.40772
0.1292,-0.04448,0.38755
0.1293,-0.04467,0.38725
0.11117,-0.03298,0.40825
0.09015,-0.04501,0.40831
0.09046,-0.04556,0.40778
0.08938,-0.04596,0.40783
0.09526,-0.06391,0.38765
0.0947,-0.06414,0.38769
0.09419,-0.06459,0.38736
0.09417,-0.06429,0.3877
0.09304,-0.0645,0.38766
0.093,-0.06479,0.38725
0.08824,-0.04615,0.40778
0.09276,-0.0645,0.38765
0.09276,-0.06472,0.38736
0.09276,-0.06497,0.38677
0.09276,-0.06487,0.38702
0.09276,-0.06478,0.38727
0.07396,-0.06465,0.3874
0.07346,-0.06441,0.38773
0.07317,-0.0648,0.38709
0.07279,-0.0643,0.38778
0.07349,-0.05319,0.40003
0.07263,-0.06445,0.38758
0.07287,-0.05316,0.40001
0.07209,-0.06461,0.38712
0.07223,-0.06415,0.38779
0.0723,-0.05306,0.39992
0.07217,-0.05303,0.3999
0.07222,-0.04941,0.40401
0.06976,-0.06332,0.38713
0.0699,-0.04463,0.40813
0.07224,-0.04503,0.40882
0.08827,-0.04371,0.40905
0.11002,-0.03095,0.40903
0.07226,-0.04298,0.40912
0.08899,-0.0452,0.40853
0.07199,-0.04286,0.40912
0.06849,-0.04158,0.40906
0.07041,-0.04176,0.40913
0.07167,-0.04263,0.40912
0.0894,-0.04369,0.40898
0.08951,-0.04389,0.40895
0.11042,-0.03166,0.40892
0.11053,-0.03185,0.40889
0.11045,-0.03065,0.40902
0.11081,-0.03234,0.40864
0.08979,-0.04438,0.4087
0.08923,-0.04537,0.40836
0.09007,-0.04486,0.40846
0.1107,-0.03005,0.40902
0.11076,-0.02967,0.40902
0.11158,-0.02967,0.40891
0.11097,0.02972,0.40895
0.11132,0.03049,0.40892
0.11178,0.02971,0.40884
0.07006,-0.04152,0.40913
0.11023,0.031,0.40895
0.0689,0.04106,0.40902
0.0729,0.04378,0.40897
0.08917,0.04373,0.40894
0.08971,0.04389,0.40887
0.08982,0.04408,0.40884
0.08925,0.04454,0.40879
0.08856,0.04499,0.40859
0.08954,0.04556,0.40824
0.0901,0.04457,0.40859
0.07386,0.04504,0.40862
0.11104,0.03239,0.40856
0.11132,0.03287,0.40831
0.09038,0.04506,0.40834
0.11221,0.03242,0.40819
0.09047,0.04521,0.40819
0.11172,0.03356,0.40763
0.09078,0.04575,0.40766
0.0897,0.04615,0.40771
0.09571,0.06401,0.38748
0.08856,0.04572,0.40819
0.08856,0.04635,0.40766
0.09103,0.05548,0.39758
0.09474,0.06466,0.3872
0.09462,0.0644,0.38753
0.09409,0.06453,0.38753
0.09349,0.06461,0.38749
0.09351,0.0648,0.38726
0.07331,0.06486,0.38726
0.07179,0.04572,0.40806
0.07441,0.06469,0.38752
0.07386,0.0456,0.40837
0.07386,0.04577,0.40823
0.06927,0.04402,0.40798
0.06998,0.04756,0.4043
0.06932,0.06234,0.38697
0.07125,0.06442,0.38695
0.0693,0.06198,0.3874
0.06578,0.05638,0.38722
0.06625,0.05693,0.38736
0.0642,0.05535,0.38729
0.06492,0.05549,0.38786
0.06545,0.05585,0.38785
0.06829,0.05091,0.39805
0.06469,0.05534,0.38787
0.06961,0.04951,0.40167
0.06848,0.04934,0.40033
0.06818,0.05083,0.39803
0.06703,0.05004,0.39785
0.06571,0.04952,0.39784
0.06682,0.04439,0.4069
0.06671,0.04679,0.40272
0.06254,0.05495,0.38755
0.06438,0.05524,0.38784
0.01198,0.04456,0.40706
0.06216,0.05499,0.38744
0.06216,0.05517,0.38698
0.06324,0.05517,0.38717
0.06274,0.05517,0.38704
0.06279,0.05523,0.38656
0.06249,0.05524,0.38649
0.06216,0.05524,0.38648
-0.03885,0.05559,0.3867
-0.03885,0.05553,0.3872
-0.03943,0.05553,0.38726
-0.04069,0.05522,0.38844
-0.04019,0.0556,0.38707
-0.02494,0.05553,0.37566
-0.03918,0.05559,0.38671
-0.04221,0.0564,0.38757
-0.03955,0.05557,0.36919
-0.02471,0.05553,0.37611
-0.02293,0.05534,0.37694
-0.02182,0.05532,0.37491
-0.02189,0.05512,0.37565
-0.02182,0.05552,0.37516
0.06216,0.05484,0.38648
0.04515,0.05528,0.37551
0.04507,0.05528,0.37501
0.04617,0.05507,0.3768
0.04797,0.05527,0.37595
0.04797,0.05487,0.37595
0.04507,0.05488,0.37501
-0.0219,0.05512,0.37466
0.04523,0.05501,0.37425
0.06278,0.05481,0.36897
0.04761,0.05506,0.37334
0.06278,0.05521,0.36897
0.0482,0.05527,0.3755
0.04573,0.05528,0.37372
0.04819,0.05487,0.3755
0.06249,0.05483,0.38649
0.06216,0.05482,0.38668
-0.02212,0.05552,0.37422
0.04515,0.05528,0.37452
-0.04294,0.04421,0.40795
-0.04498,0.04409,0.4084
0.0669,0.04374,0.40778
0.0669,0.04381,0.4077
-0.04294,0.04412,0.40802
0.0669,0.04289,0.40845
0.06734,0.04366,0.40789
-0.04294,0.04328,0.4087
0.06779,0.04286,0.40851
0.0669,0.04208,0.40883
-0.04295,0.04228,0.40911
0.06809,0.04195,0.40889
0.06689,0.04139,0.40899
0.06846,0.04102,0.40902
0.0669,0.0418,0.4089
0.06642,-0.04051,0.40913
0.06689,0.04086,0.40903
0.06597,-0.0405,0.40913
0.06596,-0.04103,0.4091
0.06596,-0.04143,0.40901
-0.04388,-0.04083,0.40931
-0.04388,-0.04011,0.40937
-0.04341,0.04125,0.40927
-0.04295,0.04124,0.40927
-0.04493,0.0422,0.40922
-0.04388,-0.04115,0.4092
0.06596,-0.04172,0.40894
-0.04388,-0.04196,0.40893
-0.04512,-0.04218,0.40886
0.06596,-0.04242,0.40865
-0.04388,-0.04214,0.40879
0.06714,-0.04261,0.4086
0.06596,-0.04254,0.40857
0.06678,-0.04366,0.40768
0.06595,-0.04305,0.40822
0.06595,-0.04338,0.40789
-0.04389,-0.04292,0.40823
-0.04473,-0.04296,0.40823
-0.04389,-0.04304,0.40806
0.06595,-0.04344,0.40783
0.06595,-0.04359,0.40768
-0.04389,-0.04363,0.40729
0.06254,-0.05484,0.38728
0.06177,-0.05483,0.38716
-0.03924,-0.0543,0.3878
0.06503,-0.05555,0.38755
0.06336,-0.05502,0.36911
0.06235,-0.05484,0.38718
0.06243,-0.05491,0.38668
0.06484,-0.05531,0.36911
0.06239,-0.05493,0.36911
0.06239,-0.05453,0.36911
0.06244,-0.0545,0.38674
0.04689,-0.05467,0.37326
0.04781,-0.05447,0.37564
0.06211,-0.0545,0.38664
0.06177,-0.0545,0.38662
-0.03924,-0.05415,0.38684
0.06178,-0.05445,0.38702
0.06237,-0.05445,0.38708
-0.02251,-0.05462,0.37436
0.04476,-0.05486,0.37466
0.04781,-0.05487,0.37564
0.04468,-0.05457,0.37493
-0.03994,-0.05417,0.36933
0.0621,-0.0549,0.38664
0.04758,-0.05487,0.37609
0.04758,-0.05447,0.37609
0.04616,-0.05468,0.37692
0.06177,-0.0549,0.38662
0.04499,-0.05446,0.3761
0.04476,-0.05486,0.37565
-0.03924,-0.05455,0.38684
-0.03924,-0.05449,0.38734
0.06177,-0.05484,0.38712
-0.03957,-0.05455,0.38686
-0.04076,-0.05453,0.38762
-0.03982,-0.05448,0.38741
-0.0251,-0.05461,0.37625
-0.02533,-0.05461,0.3758
-0.02532,-0.05421,0.3758
-0.02479,-0.05447,0.37369
-0.0399,-0.05415,0.3869
-0.03957,-0.05415,0.38686
-0.0251,-0.05421,0.37625
-0.03924,-0.05414,0.38704
-0.0401,-0.05408,0.38739
-0.03924,-0.05404,0.38743
-0.03966,-0.05394,0.38764
-0.04175,-0.04697,0.40036
-0.04113,-0.05429,0.36934
-0.04259,-0.05513,0.36934
-0.03994,-0.05457,0.36933
0.06178,-0.05431,0.38739
0.06241,-0.05427,0.38751
-0.04389,-0.04328,0.4071
0.06595,-0.04315,0.40756
-0.04389,-0.04277,0.40781
0.06595,-0.0431,0.40763
-0.04389,-0.04271,0.40786
-0.04388,-0.04195,0.40847
-0.04388,-0.04105,0.40884
0.06596,-0.04234,0.40823
0.06651,-0.0431,0.40765
-0.02331,-0.05443,0.37709
-0.0222,-0.05462,0.3753
-0.02221,-0.05436,0.37502
-0.02228,-0.05422,0.3758
0.04476,-0.05446,0.37565
-0.02283,-0.05422,0.37396
-0.02381,-0.05422,0.3737
0.06707,0.0441,0.40734
0.07244,0.06495,0.36893
0.07374,0.06516,0.3865
0.09413,0.06497,0.36889
0.09317,0.06512,0.36889
0.09321,0.06514,0.38614
0.09617,0.0643,0.36888
0.09597,0.06396,0.36888
0.09621,0.06432,0.38613
0.09357,0.06508,0.3866
0.09515,0.06484,0.3863
0.09441,0.06459,0.38654
0.09171,0.0652,0.38437
0.09571,0.06413,0.38637
0.12953,0.04443,0.36883
0.09599,0.06397,0.37751
0.09586,0.06407,0.38613
0.09598,0.06393,0.3865
0.09601,0.06398,0.38613
0.13033,0.04398,0.38604
0.12955,0.04443,0.38638
0.13013,0.04405,0.38639
0.13073,0.04357,0.38659
0.13042,0.04411,0.36883
0.13175,0.04227,0.36883
0.13189,0.04192,0.38682
0.13233,0.04029,0.38626
0.13183,0.04284,0.36883
0.13238,0.04148,0.36883
0.13207,-0.03974,0.38619
0.13232,0.03958,0.38637
0.1323,0.04027,0.38639
0.13221,0.04024,0.38668
0.13202,0.04129,0.38677
0.1323,0.03958,0.38646
0.13187,0.04124,0.38706
0.13208,0.04021,0.38694
0.13217,0.04026,0.3868
0.13224,0.03958,0.38666
0.13205,-0.03974,0.38648
0.13204,-0.03977,0.36894
0.13271,0.03956,0.36883
0.13275,0.03958,0.38608
0.13243,-0.03974,0.38655
0.1327,0.03958,0.38655
0.13267,0.04073,0.38682
0.13242,-0.03974,0.38665
0.13232,-0.03974,0.3869
0.13251,0.04019,0.38704
0.1326,0.03958,0.3868
0.13212,-0.04037,0.38733
0.13222,-0.03974,0.38716
0.13217,-0.03974,0.38724
0.13245,0.03958,0.38713
0.13223,0.03959,0.38743
0.12283,-0.03501,0.39763
0.11372,-0.02968,0.40771
0.11393,0.0297,0.40763
0.11309,-0.02968,0.40824
0.1133,0.02971,0.40816
0.11311,0.03048,0.40828
0.13222,0.04018,0.38745
0.11353,0.03107,0.4078
0.11226,0.03118,0.40869
0.13184,0.04155,0.38761
0.11313,0.03181,0.40781
0.13199,0.04246,0.38704
0.131,0.04301,0.3876
0.13103,0.04378,0.38689
0.13012,0.04417,0.38724
0.13001,0.04403,0.38745
0.1127,0.03253,0.4078
0.12969,0.04466,0.3868
0.13072,0.04419,0.38602
0.12975,0.04476,0.38644
0.12974,0.04475,0.38655
0.09619,0.06428,0.38649
0.09588,0.06446,0.38654
0.09618,0.06426,0.38666
0.0958,0.06431,0.38703
0.09608,0.0641,0.3871
0.0958,0.06412,0.38729
0.09607,0.06408,0.38716
0.12961,0.04453,0.38713
0.12964,0.04458,0.38706
0.11201,0.02971,0.40881
0.11257,0.02971,0.40856
0.11064,0.03171,0.40884
0.11236,-0.02967,0.40863
0.11292,-0.02968,0.40838
0.11286,-0.03061,0.40835
0.1118,-0.02967,0.40888
0.11332,-0.03105,0.40788
0.13194,-0.04033,0.38755
0.1308,0.04283,0.38732
0.13078,0.04313,0.38711
0.11248,0.03234,0.40751
0.12986,0.04378,0.38718
0.12991,0.04388,0.38704
0.12997,0.04391,0.38695
0.12945,0.04424,0.38693
0.0958,0.06362,0.38721
0.09591,0.06381,0.38691
0.12946,0.04427,0.38686
0.09589,0.06377,0.38697
0.11157,0.03331,0.40736
0.09064,0.04549,0.40739
0.0957,0.06392,0.38692
0.09036,0.04501,0.40788
0.09556,0.06375,0.38722
0.09045,0.04558,0.40741
0.08963,0.04587,0.40744
0.09455,0.06413,0.38727
0.08943,0.04592,0.40744
0.09103,0.05519,0.39731
0.09349,0.06432,0.38722
0.08856,0.04605,0.40739
0.08856,0.04549,0.40787
0.0935,0.06445,0.38705
0.07441,0.06439,0.38726
0.0946,0.0643,0.38703
0.09353,0.06461,0.38671
0.09321,0.06454,0.38692
0.09321,0.06449,0.38698
0.07405,0.0645,0.3871
0.07336,0.06453,0.38703
0.07304,0.06467,0.38643
0.07441,0.06476,0.38655
0.07441,0.0646,0.38695
0.07441,0.0647,0.38676
0.09321,0.06463,0.38671
0.07441,0.06478,0.38647
0.09321,0.0647,0.38651
0.09321,0.06471,0.38643
0.09567,0.06403,0.38671
0.09596,0.06389,0.38671
0.12951,0.04436,0.38666
0.09598,0.06392,0.3866
0.12954,0.04441,0.38646
0.13006,0.044,0.38668
0.11129,0.03282,0.40784
0.09036,0.04501,0.40789
0.09321,0.06499,0.38685
0.09321,0.0651,0.3865
0.09321,0.06509,0.3866
0.07441,0.06515,0.38664
0.07441,0.06505,0.38689
0.07442,0.06496,0.38715
0.07442,0.0649,0.38723
0.09321,0.06489,0.38711
0.09321,0.06483,0.38719
0.08856,0.04555,0.40834
0.07396,-0.0649,0.38681
0.07396,-0.06481,0.38706
0.09276,-0.06498,0.38667
-0.04295,0.04219,0.40874
-0.04294,0.04308,0.40836
0.0669,0.0427,0.40812
0.06746,0.04344,0.40755
0.0669,0.04309,0.40784
0.0669,0.04345,0.4075
-0.04294,0.04383,0.40776
0.0669,0.04352,0.40743
-0.04294,0.0439,0.40767
-0.0435,0.04384,0.40778
-0.05149,-0.06409,0.38691
-0.05055,-0.06407,0.38672
-0.05149,-0.06401,0.3872
-0.05153,-0.06454,0.36937
-0.08969,0.03042,0.40841
-0.10862,0.04239,0.38813
-0.09008,0.03042,0.4086
-0.09092,-0.02896,0.40815
-0.09372,0.0004,0.40512
-0.09629,-0.00671,0.40245
-0.10857,-0.00643,0.40224
-0.09009,-0.02973,0.4088
-0.10929,-0.03949,0.38808
-0.09029,-0.02896,0.40868
-0.10931,-0.03919,0.38806
-0.09052,-0.03033,0.40832
-0.10458,-0.01176,0.3931
-0.10922,-0.01175,0.38802
-0.10454,-0.01154,0.39316
-0.10925,-0.01133,0.38805
-0.10952,-0.0389,0.38776
-0.10948,-0.01175,0.38765
-0.10958,-0.0389,0.38769
-0.10968,-0.01175,0.38714
-0.10968,-0.01148,0.38714
-0.10952,-0.01133,0.38767
-0.0899,0.03042,0.40875
-0.08935,0.03042,0.409
-0.08955,-0.02897,0.40907
-0.08919,-0.03168,0.40871
-0.10709,-0.04334,0.38808
-0.10719,-0.04348,0.38787
-0.08871,-0.03282,0.40815
-0.06746,-0.04446,0.40865
-0.06777,-0.04501,0.40812
-0.06669,-0.04541,0.40817
-0.07279,-0.06332,0.38802
-0.07203,-0.06362,0.38807
-0.0717,-0.06371,0.38806
-0.07117,-0.06384,0.38806
-0.07057,-0.06393,0.38801
-0.06555,-0.04498,0.40865
-0.06653,-0.04482,0.4087
-0.06555,-0.04481,0.40879
-0.06555,-0.04424,0.40904
-0.06737,-0.04431,0.4088
-0.06709,-0.04383,0.40904
-0.08831,-0.03213,0.40883
-0.08802,-0.03164,0.40907
-0.10669,-0.04384,0.38776
-0.04923,0.04675,0.40801
-0.04924,0.05014,0.40415
-0.0492,0.05376,0.40003
-0.04933,0.05378,0.40005
-0.04923,0.06482,0.38789
-0.04931,0.06484,0.38789
-0.04972,0.06497,0.38789
-0.0499,0.05388,0.40014
-0.0505,0.06509,0.38784
-0.05077,0.06512,0.38781
-0.10638,0.04536,0.38765
-0.08318,0.00069,0.28801
-0.09599,0.00257,0.28353
-0.09603,0.00243,0.28359
-0.09605,0.00235,0.2836
-0.09606,0.00227,0.2836
-0.09598,0.0026,0.28351
-0.0828,0.0007,0.28811
-0.0832,0.00062,0.28806
-0.08313,0.00078,0.28791
-0.08311,0.00081,0.28784
-0.09588,0.00271,0.28329
-0.09591,0.00269,0.28336
-0.08307,0.00083,0.28769
-0.08263,0.00076,0.28799
-0.09586,0.00271,0.28321
-0.09583,0.00269,0.28314
-0.08304,0.00081,0.28762
-0.08254,0.00074,0.28786
-0.08212,0.00054,0.28793
-0.08245,0.00063,0.28865
-0.0827,0.00048,0.28745
-0.08253,0.00028,0.28753
-0.0827,0.00066,0.28754
-0.08227,0,0.28794
-0.08219,-0.00026,0.2887
-0.08211,0.00052,0.28999
-0.083,-0.00038,0.2904
-0.08282,0.00048,0.28826
-0.08341,-0.00015,0.28984
-0.08268,-0.00003,0.28788
-0.08297,0.00039,0.28819
-0.08306,0.00018,0.28809
-0.08283,0.00002,0.28806
-0.08273,-0.00003,0.28794
-0.08323,0.00047,0.28809
-0.083,0.00059,0.28812
-0.08452,0.00019,0.29007
-0.08457,0.00014,0.28807
-0.08453,-0.00076,0.28874
-0.08287,-0.00059,0.28825
-0.08207,-0.00038,0.28777
-0.08419,-0.00086,0.28755
-0.08455,-0.00031,0.28841
-0.08195,-0.00121,0.28843
-0.08231,-0.00061,0.29016
-0.08369,-0.00108,0.28964
-0.08269,-0.00078,0.28925
-0.08361,-0.00137,0.29048
-0.08399,-0.00072,0.29023
-0.08466,-0.00163,0.28964
-0.08402,-0.00137,0.28829
-0.08492,-0.00088,0.289
-0.08351,-0.00101,0.2874
-0.08458,-0.00172,0.28766
-0.08216,-0.00199,0.28783
-0.08282,-0.00167,0.28836
-0.08276,-0.00187,0.28937
-0.08175,-0.00154,0.28922
-0.08441,-0.00258,0.28932
-0.08245,-0.00224,0.29018
-0.08427,-0.00185,0.28946
-0.08389,-0.00188,0.29056
-0.08513,-0.00232,0.28821
-0.0823,-0.0028,0.28751
-0.08371,-0.0029,0.28743
-0.08352,-0.00227,0.28805
-0.08261,-0.00273,0.28868
-0.08173,-0.00259,0.28927
-0.08266,-0.00344,0.28989
-0.08277,-0.0026,0.29028
-0.08434,-0.00267,0.28959
-0.08447,-0.00336,0.2903
-0.08332,-0.00301,0.28971
-0.08417,-0.00371,0.28805
-0.08494,-0.0034,0.28801
-0.0828,-0.00371,0.28717
-0.08386,-0.0031,0.28804
-0.08283,-0.00369,0.28835
-0.0817,-0.0035,0.28905
-0.08266,-0.00378,0.28924
-0.08242,-0.00433,0.29008
-0.08285,-0.00421,0.28964
-0.08296,-0.00427,0.28974
-0.08324,-0.0044,0.28995
-0.08332,-0.00443,0.2901
-0.08295,-0.00373,0.29033
-0.08327,-0.0039,0.29046
-0.0827,-0.00366,0.29019
-0.08327,-0.00402,0.29048
-0.08324,-0.00438,0.29022
-0.08324,-0.00434,0.29031
-0.08296,-0.00425,0.29034
-0.08325,-0.00416,0.29045
-0.08427,-0.00425,0.2905
-0.08324,-0.00423,0.29041
-0.08429,-0.00438,0.29032
-0.08427,-0.00423,0.2905
-0.09724,-0.0042,0.29166
-0.09724,-0.00429,0.29157
-0.0973,-0.00409,0.29096
-0.08429,-0.0044,0.29025
-0.09726,-0.00437,0.29134
-0.09723,-0.00409,0.29172
-0.09728,-0.00435,0.29121
-0.08433,-0.00409,0.28979
-0.08433,-0.00416,0.2898
-0.09729,-0.0042,0.29101
-0.0973,-0.00397,0.29094
-0.09723,-0.00397,0.29173
-0.08427,-0.00416,0.29054
-0.08427,-0.00387,0.29054
-0.09723,-0.00373,0.29166
-0.09725,-0.00359,0.29146
-0.09729,-0.00373,0.29101
-0.09728,-0.00364,0.2911
-0.09727,-0.00359,0.29121
-0.09726,-0.00357,0.29133
-0.0843,-0.00362,0.2901
-0.08431,-0.00363,0.29005
-0.08343,-0.00363,0.2901
-0.08334,-0.00364,0.29021
-0.08336,-0.00364,0.28996
-0.08428,-0.00364,0.29032
-0.08428,-0.00369,0.29041
-0.08427,-0.00378,0.2905
-0.08332,-0.00369,0.2903
-0.08427,-0.0038,0.2905
-0.08318,-0.00369,0.28981
-0.08433,-0.00378,0.28985
-0.0833,-0.00373,0.28979
-0.08336,-0.0038,0.28975
-0.08433,-0.0038,0.28984
-0.08335,-0.00387,0.28972
-0.08433,-0.00389,0.28979
-0.08321,-0.00398,0.28966
-0.08433,-0.00394,0.28979
-0.08334,-0.00402,0.28968
-0.08332,-0.00414,0.2897
-0.08432,-0.00429,0.28989
-0.09729,-0.00429,0.2911
-0.08433,-0.00423,0.28984
-0.08432,-0.00435,0.28996
-0.08328,-0.00432,0.28983
-0.0833,-0.00423,0.28975
-0.08431,-0.0044,0.2901
-0.08321,0.00006,0.2878
-0.08319,0.00004,0.28772
-0.08324,0.00019,0.288
-0.09604,0.00201,0.28346
-0.09603,0.00197,0.28339
-0.09606,0.00207,0.28351
-0.09606,0.00218,0.28358
-0.09598,0.00192,0.28324
-0.09595,0.00193,0.28315
-0.09593,0.00194,0.2831
-0.08312,0.00009,0.28751
-0.0959,0.00197,0.28303
-0.0831,0.00013,0.28746
-0.08295,0.00013,0.28749
-0.0828,0.00012,0.28752
-0.09588,0.00201,0.28298
-0.08276,0.00021,0.28747
-0.08303,0.00035,0.28733
-0.08301,0.00048,0.28733
-0.09579,0.00228,0.28285
-0.09581,0.0022,0.28286
-0.09578,0.0025,0.28291
-0.09578,0.00236,0.28286
-0.09579,0.00256,0.28295
-0.08301,0.00068,0.28742
-0.083,0.00058,0.28736
-0.09581,0.00266,0.28307
-0.08302,0.00075,0.28749
-0.09585,0.00206,0.28293
-0.08949,0.00107,0.28522
-0.08325,0.00025,0.28804
-0.08325,0.00031,0.28807
-0.08324,0.00039,0.28809
0.03027,0.04896,0.28087
0.03269,0.04895,0.28256
0.03149,0.04695,0.28287
0.03254,0.04701,0.27966
0.03564,0.04659,0.28516
0.02772,0.04648,0.28481
0.03201,0.04698,0.28127
0.02827,0.04885,0.28525
0.03573,0.04703,0.25183
0.0355,0.04844,0.28463
0.035,0.04895,0.28483
0.03543,0.0484,0.25
0.03499,0.04872,0.24903
0.03462,0.04268,0.24889
0.03284,0.04482,0.2488
0.02762,0.04721,0.25008
0.03428,0.04828,0.26622
0.03332,0.04814,0.25417
0.02942,0.04919,0.25297
0.02984,0.04788,0.25435
0.03183,0.04752,0.25282
0.02872,0.0477,0.26837
0.03019,0.04821,0.27766
0.03343,0.04783,0.27836
0.03207,0.04904,0.27942
0.03289,0.04805,0.27766
0.03086,0.04525,0.25181
0.03134,0.04421,0.24873
0.02984,0.0436,0.24866
0.02882,0.04238,0.25181
0.0329,0.0433,0.2518
0.03188,0.04427,0.2518
0.01293,0.03163,0.25187
0.01298,0.04643,0.25185
0.03843,0.04634,0.25179
0.03252,0.04257,0.25181
0.0314,0.04557,0.25381
0.03169,0.04391,0.25181
0.03072,0.04284,0.25381
0.01521,0.03091,0.25387
0.03293,0.04327,0.25381
0.03843,0.04634,0.25379
0.03138,0.02932,0.25383
0.0107,0.04644,0.25386
0.02957,0.01176,0.25386
0.03347,0.01235,0.25385
0.03828,0.00254,0.25385
0.03828,0.00504,0.25184
0.00179,0.01104,0.25393
0.00139,0.04186,0.25387
0.012,0.03049,0.25387
0.00013,0.04648,0.25388
-0.01257,0.0293,0.25394
-0.0089,0.03066,0.25394
-0.00612,0.04649,0.2519
-0.03518,0.0466,0.25397
-0.01953,0.04545,0.25393
-0.0281,0.02968,0.25397
-0.03518,0.0466,0.25197
-0.01953,0.04545,0.25193
-0.00882,0.02996,0.25192
-0.01201,0.03133,0.25193
0.00011,0.04212,0.25189
0.00007,0.03064,0.2519
-0.00337,0.00522,0.25196
-0.00613,0.00953,0.25194
-0.02988,0.04549,0.25195
-0.02831,0.04547,0.25195
-0.0276,0.04524,0.253
-0.02781,0.04265,0.25195
-0.0281,0.02968,0.25197
-0.02781,0.04265,0.25396
-0.02831,0.04547,0.25395
-0.02988,0.04223,0.25396
-0.02964,0.04371,0.25396
-0.02987,0.04549,0.25396
-0.02973,0.04414,0.25396
-0.02973,0.04421,0.25396
-0.02973,0.04421,0.25196
-0.02967,0.04377,0.25196
-0.02989,0.04223,0.25196
-0.02967,0.04457,0.25195
-0.02964,0.04464,0.25396
-0.02947,0.04494,0.25396
-0.02964,0.04464,0.25195
-0.02947,0.04496,0.25195
-0.02942,0.04501,0.25396
-0.02942,0.04501,0.25195
-0.02915,0.04526,0.25195
-0.02918,0.04522,0.25396
-0.02908,0.0453,0.25395
-0.02882,0.0454,0.25395
-0.02909,0.04529,0.25195
-0.02875,0.04543,0.25195
-0.02868,0.04545,0.25195
-0.02867,0.04545,0.25395
-0.02842,0.04546,0.25395
-0.02786,0.01403,0.25199
-0.00619,0.00968,0.25395
-0.00771,0.00736,0.25395
-0.00781,0.00743,0.25195
-0.01133,0.02835,0.25193
-0.00584,-0.00217,0.25196
-0.00655,-0.00777,0.25197
-0.00989,-0.00009,0.25196
-0.03183,0.00029,0.25202
-0.02775,0.0105,0.25199
-0.01008,-0.02837,0.252
-0.02678,-0.03006,0.25204
-0.00016,-0.03173,0.25198
-0.00596,-0.00918,0.25397
-0.00834,-0.00777,0.25397
0.00129,-0.01119,0.25195
-0.02717,-0.01344,0.25202
-0.02852,-0.01038,0.25202
-0.03537,-0.00586,0.25203
-0.02863,-0.028,0.25205
0.00938,-0.00786,0.25193
-0.00015,-0.00711,0.25195
-0.03546,-0.03287,0.25207
-0.03551,-0.04652,0.25409
-0.03536,-0.00647,0.25404
-0.03534,0.00172,0.25403
-0.03034,-0.01283,0.25203
-0.03534,0.00204,0.25202
-0.0275,0.01084,0.254
-0.03184,0,0.25402
-0.03031,0.01181,0.254
-0.03526,0.02177,0.254
-0.02774,0.01405,0.25399
-0.03029,0.01234,0.252
-0.00989,0.00028,0.25396
-0.02086,0.0001,0.25199
-0.02086,0.00014,0.25399
-0.00497,0.00378,0.25395
-0.00444,-0.00438,0.25396
0.00193,-0.00738,0.25395
0.00711,-0.00502,0.25193
0.00821,-0.00313,0.25393
0.00917,-0.00807,0.25393
0.00115,-0.01119,0.25395
0.00276,-0.04088,0.25399
0.01186,-0.03073,0.25395
0.0142,-0.02842,0.25394
0.02989,-0.01132,0.25388
0.03114,-0.02975,0.25391
0.03824,-0.00853,0.25386
0.00771,0.0034,0.25392
0.01287,-0.00062,0.25391
0.02014,-0.01893,0.25192
0.02015,-0.01891,0.25392
0.0309,-0.02999,0.2519
0.00795,0.00323,0.25192
0.00292,0.00713,0.25393
0.00944,0.00762,0.25391
0.02262,0.00134,0.25389
0.01474,0.00136,0.25391
0.01285,-0.0004,0.25191
0.01474,0.00136,0.2519
0.00933,0.00772,0.2519
0.03469,-0.00058,0.25186
0.00141,0.01103,0.25192
0.03296,0.0013,0.25186
0.02261,0.00133,0.25188
0.02968,0.01226,0.25185
0.02939,0.02967,0.25183
0.02067,0.02109,0.25387
0.015,0.02828,0.25187
0.0317,0.02821,0.25183
0.01473,0.02833,0.25387
0.03343,0.01187,0.25184
0.03158,0.0123,0.25285
0.03156,0.01207,0.25185
0.03152,0.01205,0.25385
0.01396,0.02995,0.25187
0.03276,0.0013,0.25186
0.03276,0.0013,0.25386
0.03471,-0.0004,0.25386
0.03297,0.0013,0.25386
0.00236,0.0071,0.25193
0.00003,0.02106,0.25191
0.00229,0.04182,0.25188
0.00159,0.02645,0.2539
0.0001,0.03997,0.25189
0.03823,-0.00805,0.25186
0.03183,-0.0107,0.25188
0.0381,-0.0468,0.25191
0.03304,-0.01348,0.25188
0.03311,-0.01352,0.25388
0.0315,-0.01242,0.25388
0.02964,-0.01295,0.25188
0.03293,-0.04402,0.25392
0.03052,-0.04563,0.25393
0.0381,-0.04679,0.25391
0.03295,-0.0442,0.25192
0.01492,-0.03139,0.25395
0.02997,-0.04362,0.25192
0.03036,-0.04335,0.25392
0.0216,-0.04673,0.25395
0.01225,-0.03156,0.25195
0.01517,-0.02884,0.25194
0.01371,-0.0302,0.25195
0.03117,-0.04585,0.25192
0.00485,-0.04667,0.25199
0.00134,-0.04209,0.25199
-0.00665,-0.04663,0.25202
-0.01985,-0.04287,0.25204
-0.02797,-0.04559,0.25207
-0.0302,-0.04655,0.25207
-0.02813,-0.04573,0.25407
-0.02791,-0.04308,0.25312
-0.02996,-0.04461,0.25207
-0.02999,-0.04454,0.25207
-0.02996,-0.04461,0.25407
-0.03004,-0.04418,0.25407
-0.0302,-0.04654,0.25408
-0.03005,-0.04411,0.25207
-0.03019,-0.04284,0.25207
-0.03004,-0.04411,0.25407
-0.02998,-0.04375,0.25207
-0.02998,-0.04374,0.25407
-0.02996,-0.04368,0.25407
-0.03019,-0.04283,0.25407
-0.02979,-0.04338,0.25407
-0.02996,-0.04368,0.25207
-0.02978,-0.04336,0.25207
-0.02974,-0.0433,0.25207
-0.02973,-0.0433,0.25407
-0.0295,-0.04309,0.25407
-0.02946,-0.04306,0.25207
-0.0294,-0.04302,0.25407
-0.02899,-0.04287,0.25407
-0.0294,-0.04302,0.25207
-0.02914,-0.04292,0.25207
-0.02899,-0.04287,0.25207
-0.02862,-0.04285,0.25407
-0.02874,-0.04285,0.25407
-0.02863,-0.04285,0.25207
-0.01984,-0.04287,0.25405
-0.01251,-0.03112,0.25401
0.00013,-0.0415,0.25399
-0.00915,-0.02907,0.254
-0.01082,-0.03017,0.25201
-0.01157,-0.03197,0.25201
-0.01083,-0.0301,0.25401
-0.02847,-0.02949,0.25405
-0.02931,-0.01392,0.25403
-0.02675,-0.01216,0.25402
-0.02993,-0.0109,0.25403
-0.03551,-0.04653,0.25209
-0.01073,0.02998,0.25394
0.07435,0.05309,0.32551
0.07569,0.0523,0.32568
0.07662,0.05398,0.32561
0.07477,0.05441,0.32547
0.07646,0.05422,0.32498
0.07648,0.05266,0.32517
0.07507,0.05218,0.32513
0.07492,0.05229,0.32475
0.07641,0.05246,0.32434
0.07489,0.05229,0.32422
0.07663,0.05404,0.32439
0.07667,0.05376,0.32382
0.07607,0.05227,0.32375
0.07512,0.05215,0.3234
0.07437,0.05387,0.32398
0.07452,0.05397,0.32479
0.07556,0.05458,0.32429
0.07426,0.05325,0.32329
0.07489,0.05443,0.32296
0.07605,0.05454,0.32355
0.07451,0.05273,0.32254
0.0759,0.0523,0.32272
0.07547,0.05217,0.32212
0.07437,0.05332,0.32161
0.07445,0.05409,0.3223
0.075,0.05447,0.32149
0.07597,0.05455,0.32201
0.07664,0.05394,0.32116
0.07676,0.05342,0.32164
0.07675,0.05324,0.32221
0.07669,0.05352,0.32275
0.07588,0.05452,0.32302
0.07684,0.05295,0.32322
0.07648,0.05305,0.32345
0.07602,0.05226,0.3216
0.07591,0.05222,0.32105
0.07482,0.05238,0.32152
0.07455,0.05274,0.32095
0.07296,0.05299,0.32084
0.07526,0.05576,0.32083
0.07551,0.05585,0.31839
0.07548,0.05105,0.31845
0.07327,0.05307,0.31845
0.0745,0.05294,0.32012
0.07652,0.05384,0.32011
0.07773,0.05303,0.31844
0.07799,0.05377,0.32082
0.11895,-0.00278,0.33588
0.11714,-0.00525,0.33588
0.11645,-0.00536,0.33017
0.11835,-0.00198,0.33014
0.11603,-0.00296,0.33028
0.11995,-0.00331,0.33015
0.11973,-0.00573,0.33025
0.11752,-0.00649,0.33588
0.11601,-0.00234,0.33588
0.1206,-0.00333,0.33587
0.12125,-0.00717,0.33588
0.11484,-0.00715,0.33589
0.12065,0.00182,0.33587
0.12187,0.00556,0.32815
0.12192,-0.00721,0.32817
0.12227,-0.00769,0.34158
0.11477,-0.00793,0.32818
0.12173,-0.00818,0.32817
0.12202,-0.00809,0.32817
0.12213,-0.00798,0.32817
0.1222,-0.00784,0.32817
0.12205,-0.00807,0.34038
0.12216,-0.00796,0.34038
0.12178,-0.00791,0.34248
0.12202,0.00702,0.34226
0.12219,0.00713,0.32815
0.1221,0.00725,0.34036
0.12161,0.00731,0.34189
0.12007,0.00553,0.3446
0.11972,-0.00584,0.34487
0.12178,0.00734,0.32815
0.11458,0.00655,0.32816
0.12196,0.00733,0.34036
0.1143,0.00729,0.34162
0.114,0.00604,0.34411
0.11388,0.00638,0.33738
0.11389,0.00472,0.34281
0.11394,0.007,0.34174
0.11396,0.00393,0.34513
0.1142,0.004,0.34534
0.11391,0.0039,0.34501
0.1139,0.00386,0.34489
0.11411,0.00719,0.34164
0.11404,0.00723,0.34063
0.11408,0.00727,0.32816
0.11415,0.00731,0.34063
0.11397,0.00716,0.32816
0.11422,0.00734,0.32816
0.11396,0.00713,0.34063
0.11389,0.00702,0.32816
0.11388,0.00186,0.34302
0.11389,0.00266,0.34464
0.11189,0.00349,0.34496
0.11188,0.00299,0.34186
0.11386,-0.00337,0.34201
0.11389,-0.00777,0.34176
0.11388,-0.00583,0.34488
0.11385,-0.00764,0.34065
0.11384,-0.00714,0.3374
0.11186,-0.00439,0.34186
0.11387,-0.0046,0.34345
0.11187,-0.00355,0.34496
0.11423,-0.00805,0.34159
0.11418,-0.00473,0.34536
0.11393,-0.00469,0.34514
0.11389,-0.00465,0.34502
0.11387,-0.00461,0.3449
0.11405,-0.00805,0.34065
0.11416,-0.00813,0.32818
0.11402,-0.00806,0.32818
0.11394,-0.00793,0.34065
0.11391,-0.00795,0.32818
0.11384,-0.00781,0.32818
0.11382,-0.00766,0.32818
0.11393,-0.00461,0.34515
0.11404,0.00386,0.34524
0.11401,-0.00461,0.34525
0.11415,0.00386,0.34532
0.11401,-0.00467,0.34525
0.11424,-0.00461,0.34538
0.11437,-0.00469,0.34539
0.1144,0.00386,0.34539
0.11427,0.00386,0.34537
0.1164,0.00268,0.34559
0.11727,-0.0047,0.34539
0.11777,-0.00478,0.34536
0.1178,0.004,0.34535
0.1173,0.00393,0.34538
0.1144,0.00394,0.34538
0.11404,0.00392,0.34524
0.12194,0.00731,0.32815
0.12208,0.00724,0.32815
0.11531,0.00357,0.33588
0.1181,0.00592,0.33587
0.11726,0.00505,0.33015
0.11943,0.00509,0.33025
0.11607,0.0032,0.33017
0.1199,0.00223,0.33016
0.11873,0.00447,0.33587
0.11739,0.00187,0.33587
0.11697,0.00104,0.33025
0.12191,-0.00814,0.34038
-0.07094,0.05308,0.33551
-0.0732,0.05375,0.33519
-0.0726,0.05285,0.33492
-0.07148,0.05503,0.33468
-0.07265,0.05489,0.33537
-0.07299,0.05356,0.33605
-0.0718,0.05272,0.33619
-0.07076,0.05348,0.33492
-0.07083,0.05456,0.33582
-0.07119,0.05502,0.3352
-0.07234,0.05507,0.33607
-0.07116,0.05499,0.33658
-0.07225,0.05518,0.337
-0.07308,0.05353,0.33661
-0.07251,0.05291,0.33745
-0.07134,0.05286,0.33716
-0.07323,0.05389,0.33695
-0.07301,0.05431,0.33722
-0.07287,0.05461,0.33787
-0.07233,0.055,0.33861
-0.07155,0.05512,0.33782
-0.07302,0.05357,0.33837
-0.07294,0.05309,0.33789
-0.07065,0.05404,0.33837
-0.07312,0.05403,0.33914
-0.07135,0.05507,0.3388
-0.07206,0.0552,0.33929
-0.07056,0.05406,0.33919
-0.07303,0.05624,0.33957
-0.07128,0.0529,0.33913
-0.07188,0.05151,0.33958
-0.06961,0.05466,0.34207
-0.07155,0.05171,0.34197
-0.07179,0.05289,0.34028
-0.07384,0.05297,0.342
-0.07204,0.05494,0.34026
-0.07316,0.05579,0.34199
-0.07245,0.05283,0.33903
-0.07154,0.05277,0.33833
-0.07072,0.05373,0.33764
-0.07055,0.05437,0.33718
-0.07091,0.05428,0.33695
-0.07066,0.05353,0.33644
-0.02749,-0.04346,0.28145
-0.02881,-0.04339,0.28279
-0.02815,-0.04376,0.28267
-0.02882,-0.0435,0.28035
-0.02819,-0.04403,0.28035
-0.0275,-0.04404,0.28139
-0.02791,-0.04457,0.28057
-0.02951,-0.04453,0.28062
-0.0295,-0.04397,0.28065
-0.02985,-0.04421,0.28201
-0.02985,-0.04357,0.28168
-0.02988,-0.04473,0.28185
-0.0288,-0.04431,0.28279
-0.02793,-0.04497,0.28242
-0.0277,-0.04432,0.28233
-0.02773,-0.04507,0.28082
-0.02762,-0.04575,0.28218
-0.02973,-0.04529,0.28095
-0.02883,-0.04529,0.28031
-0.0276,-0.04577,0.28089
-0.02879,-0.04584,0.28029
-0.02982,-0.04587,0.2819
-0.02934,-0.04627,0.28054
-0.02934,-0.04667,0.28044
-0.02989,-0.0464,0.28202
-0.02768,-0.04644,0.28092
-0.02837,-0.0463,0.28262
-0.0275,-0.04659,0.28185
-0.02785,-0.04706,0.28067
-0.02922,-0.04725,0.28042
-0.02811,-0.04691,0.28264
-0.02752,-0.04735,0.28076
-0.02934,-0.04695,0.28259
-0.02785,-0.04727,0.28257
-0.02765,-0.04753,0.28169
-0.02835,-0.04764,0.2805
-0.02976,-0.04774,0.28116
-0.02906,-0.04809,0.28035
-0.02751,-0.0478,0.28093
-0.02779,-0.04763,0.28239
-0.02769,-0.04814,0.28078
-0.02797,-0.04822,0.2824
-0.02752,-0.04838,0.28155
-0.02867,-0.04862,0.28033
-0.02988,-0.04864,0.28125
-0.02702,-0.0492,0.28214
-0.02795,-0.04921,0.27923
-0.03133,-0.04919,0.28141
-0.02873,-0.05165,0.27931
-0.02646,-0.05163,0.28141
-0.02851,-0.04981,0.28102
-0.02775,-0.05011,0.28231
-0.02837,-0.05163,0.28368
-0.02881,-0.05038,0.28015
-0.02993,-0.05035,0.28095
-0.02986,-0.05035,0.28186
-0.02983,-0.05035,0.28231
-0.02989,-0.05036,0.28163
-0.02995,-0.05037,0.28094
-0.03045,-0.05163,0.28229
-0.03026,-0.05163,0.28288
-0.03006,-0.0508,0.28158
-0.02996,-0.05038,0.28094
-0.02993,-0.05037,0.28128
-0.03055,-0.0512,0.28105
-0.0286,-0.05038,0.28293
-0.03011,-0.0512,0.28269
-0.03034,-0.05098,0.28171
-0.02997,-0.05078,0.2825
-0.02986,-0.05036,0.28197
-0.03085,-0.05162,0.28111
-0.02994,-0.05036,0.28095
-0.0299,-0.05035,0.2814
-0.0299,-0.05036,0.28162
-0.02989,-0.05035,0.28163
-0.03016,-0.05121,0.28223
-0.03026,-0.05079,0.281
-0.03065,-0.05162,0.2817
-0.02992,-0.05035,0.28117
-0.02992,-0.05036,0.28128
-0.02843,-0.0492,0.2839
-0.02963,-0.04869,0.2824
-0.02979,-0.04821,0.28174
-0.02888,-0.04822,0.28273
-0.03004,-0.04798,0.28164
-0.02903,-0.04777,0.28266
-0.03002,-0.04754,0.28183
-0.02991,-0.04722,0.28188
-0.02921,-0.0458,0.2828
-0.02952,-0.04547,0.28241
-0.02844,-0.04543,0.28283
-0.02923,-0.04504,0.28266
0.10395,0.01364,0.30213
0.10389,0.01277,0.3043
0.10385,0.0111,0.30202
0.10386,0.01266,0.29986
0.10371,0.00364,0.29947
0.10368,0.00358,0.30496
0.10364,0.00009,0.29621
0.10365,0.02016,0.29664
0.10366,0.0001,0.30547
0.10369,-0.00336,0.30496
0.10369,-0.00343,0.29946
0.10349,-0.02107,0.29675
0.10337,-0.01943,0.29623
0.10363,-0.0176,0.29948
0.10366,-0.01048,0.29949
0.1035,0.01862,0.29618
0.10362,0.02065,0.30026
0.10353,0.01863,0.3082
0.1039,0.01561,0.30078
0.10384,0.01606,0.30311
0.10364,0.02028,0.30765
0.10366,0.00011,0.30822
0.10381,0.01361,0.30551
0.1039,0.01449,0.30431
0.10339,-0.01942,0.30825
0.10351,-0.02114,0.30766
0.10364,-0.01823,0.30445
0.10365,-0.01686,0.30465
0.10359,-0.01647,0.30405
0.10359,-0.01661,0.30433
0.10364,-0.01633,0.30271
0.10362,-0.01041,0.30473
0.10366,-0.01116,0.30452
0.10368,-0.00958,0.30442
0.05974,0.05297,0.33545
0.05963,0.05352,0.33459
0.06035,0.05231,0.33469
0.06116,0.05458,0.33442
0.06022,0.05453,0.33517
0.06169,0.05257,0.33532
0.06047,0.05464,0.33601
0.05962,0.05328,0.33636
0.06094,0.05225,0.3359
0.06183,0.05428,0.33541
0.06196,0.05264,0.33501
0.06192,0.0541,0.33586
0.06204,0.05301,0.33615
0.06197,0.05383,0.33684
0.06171,0.05451,0.33648
0.06109,0.05218,0.33663
0.0604,0.05443,0.33679
0.06027,0.05464,0.33656
0.06134,0.05462,0.33718
0.05981,0.05311,0.33689
0.05976,0.05413,0.33726
0.06209,0.05331,0.33751
0.0605,0.05457,0.33788
0.06203,0.05393,0.3381
0.05994,0.05262,0.33792
0.05962,0.05344,0.33814
0.06024,0.05452,0.3386
0.06154,0.05456,0.33853
0.06132,0.05237,0.33804
0.06151,0.05241,0.33885
0.06209,0.05342,0.33887
0.06024,0.0524,0.33873
0.06334,0.05306,0.33928
0.06059,0.0511,0.33929
0.05831,0.05388,0.33929
0.06276,0.05208,0.34167
0.05888,0.05204,0.34173
0.05978,0.05551,0.34164
0.06011,0.05454,0.34021
0.06241,0.0551,0.34167
0.06218,0.05356,0.34022
0.06029,0.0523,0.34021
0.06111,0.05467,0.33908
0.05967,0.05368,0.33886
0.06004,0.05247,0.33739
0.06122,0.05233,0.3371
0.0612,0.05463,0.33497
0.06201,0.0529,0.33457
-0.08355,0.01826,0.28958
-0.08333,0.01826,0.28961
-0.08387,0.01826,0.28833
-0.08374,0.01826,0.28949
-0.0839,0.01826,0.28934
-0.08402,0.01826,0.28915
-0.08407,0.01826,0.28895
-0.08407,0.01826,0.28873
-0.084,0.01826,0.28853
-0.084,-0.01778,0.28838
-0.08298,0.01826,0.28952
-0.08279,0.01826,0.28938
-0.08318,0.01826,0.28959
-0.08367,0.01826,0.28819
-0.0838,-0.01779,0.28824
-0.08368,-0.01778,0.28962
-0.08387,-0.01778,0.28953
-0.08403,-0.01778,0.28939
-0.08415,-0.01778,0.2892
-0.08413,-0.01778,0.28857
-0.0842,-0.01778,0.289
-0.0842,-0.01778,0.28877
-0.08292,-0.01779,0.28943
-0.08311,-0.01779,0.28957
-0.08331,-0.01779,0.28964
-0.08346,-0.01779,0.28966
-0.08277,-0.01779,0.28861
-0.08271,-0.01779,0.28881
-0.08272,-0.01779,0.28904
-0.08278,-0.01779,0.28924
-0.08324,-0.01779,0.28819
-0.08305,-0.01779,0.28828
-0.08346,-0.01779,0.28815
-0.0836,-0.01779,0.28817
-0.08288,-0.01779,0.28842
-0.08275,0.01826,0.28838
-0.08264,0.01826,0.28856
-0.08258,0.01826,0.28877
-0.08259,0.01826,0.28899
-0.08266,0.01826,0.28919
-0.08292,0.01826,0.28823
-0.08311,0.01826,0.28814
-0.08333,0.01826,0.28811
-0.08347,0.01826,0.28812
0.03239,0.04291,0.24904
0.03267,0.04463,0.24907
0.03149,0.04269,0.24938
0.03044,0.0438,0.24915
0.03287,0.04376,0.24982
0.03162,0.04262,0.24991
0.03261,0.04474,0.24991
0.0317,0.04277,0.25059
0.03043,0.04369,0.25056
0.0307,0.043,0.25111
0.03189,0.0427,0.25129
0.03279,0.04345,0.25086
0.03182,0.04515,0.25125
0.03282,0.04354,0.25156
0.03247,0.04499,0.25059
0.0312,0.0428,0.25204
0.03275,0.04329,0.25212
0.03269,0.04479,0.25188
0.03122,0.04509,0.2522
0.03256,0.04484,0.25248
0.03279,0.04399,0.25272
0.03173,0.04516,0.25287
0.03042,0.04412,0.2533
0.03079,0.04315,0.2529
0.03041,0.04392,0.25232
0.03179,0.04518,0.25328
0.03291,0.0437,0.25342
0.031,0.0429,0.25351
0.02934,0.04292,0.25382
0.0314,0.04648,0.25381
0.03223,0.04291,0.25291
0.03275,0.0418,0.25381
0.03038,0.04211,0.25617
0.03368,0.04251,0.25622
0.03341,0.04428,0.25376
0.03276,0.04592,0.2562
0.02953,0.04503,0.25623
0.03111,0.04512,0.25473
0.03297,0.04388,0.25473
0.03092,0.04286,0.25475
0.03051,0.0443,0.25159
0.03055,0.04475,0.25122
0.03135,0.04514,0.25052
0.03046,0.04406,0.24985
0.03091,0.04513,0.24989
0.03119,0.04509,0.24927
0.06174,0.05423,0.32555
0.06033,0.05458,0.32545
0.06176,0.05264,0.32552
0.06016,0.05247,0.32548
0.05963,0.05343,0.32551
0.05983,0.05402,0.32482
0.06176,0.05427,0.32501
0.06166,0.05238,0.32479
0.0609,0.05466,0.32422
0.06194,0.05409,0.32442
0.06183,0.05422,0.32365
0.05961,0.05377,0.32359
0.05959,0.05384,0.32415
0.06023,0.05234,0.32463
0.06028,0.05227,0.32383
0.06159,0.05248,0.32426
0.06142,0.05238,0.32364
0.06214,0.053,0.32325
0.05987,0.05274,0.32291
0.0612,0.05231,0.32282
0.06198,0.05369,0.32273
0.0607,0.05475,0.32312
0.06185,0.05255,0.3223
0.06147,0.05447,0.32202
0.0599,0.05429,0.32265
0.06196,0.05318,0.32195
0.06018,0.05238,0.32201
0.06128,0.05232,0.32143
0.05995,0.0527,0.32121
0.05958,0.05343,0.3215
0.06028,0.05454,0.32163
0.05946,0.05356,0.32216
0.05927,0.05153,0.32087
0.05872,0.05452,0.32086
0.05876,0.05271,0.31845
0.0601,0.05576,0.3184
0.06144,0.05493,0.32095
0.06205,0.0535,0.32129
0.06302,0.05217,0.32086
0.06311,0.05378,0.31852
0.06163,0.0513,0.31844
0.06139,0.05225,0.31993
0.0616,0.05443,0.31995
0.05958,0.05354,0.31997
-0.10809,0.00339,0.33852
-0.10802,0.00336,0.3235
-0.10934,0.00313,0.3235
-0.10164,0.00184,0.32349
-0.09895,0.00162,0.32348
-0.09806,0.00131,0.3385
-0.10821,0.00308,0.33852
-0.09762,0.0014,0.3385
-0.09759,0.00108,0.3385
-0.0977,0.00108,0.32348
-0.09765,0.00137,0.32348
-0.09762,0.00106,0.32348
-0.09556,0.00099,0.32347
-0.09556,0.00084,0.32347
-0.09699,0.00129,0.32348
-0.09749,0.00134,0.32348
-0.09553,0.00086,0.33849
-0.09552,0.00116,0.33849
-0.09575,0.00116,0.33849
-0.09696,0.00129,0.3385
-0.09578,0.00116,0.32347
-0.09556,0.00114,0.32347
-0.10949,0.0033,0.33852
-0.11013,0.00289,0.33853
-0.10981,0.00326,0.33852
-0.10983,0.0032,0.32351
-0.11024,0.00316,0.32351
-0.11042,0.0031,0.33853
-0.11045,0.00307,0.32351
-0.11067,0.00303,0.33853
-0.11069,0.00298,0.32351
-0.11125,0.00276,0.32351
-0.11122,0.00278,0.33853
-0.11141,0.0027,0.32351
-0.11126,0.00244,0.32351
-0.11142,0.0027,0.33853
-0.11144,0.00267,0.32351
-0.11172,0.00209,0.32351
-0.1119,0.00233,0.32351
-0.11188,0.00237,0.33853
-0.11204,0.00222,0.32351
-0.11202,0.00227,0.33853
-0.11227,0.00204,0.32351
-0.11206,0.00184,0.32351
-0.11168,0.00211,0.33853
-0.11202,0.00186,0.33853
-0.11219,0.00165,0.32351
-0.11242,0.00184,0.32351
-0.11249,0.00177,0.33853
-0.1125,0.00174,0.32351
-0.11246,0.00129,0.32351
-0.11273,0.00144,0.32351
-0.11279,0.00129,0.32352
-0.11276,0.00131,0.33853
-0.11252,0.00116,0.32351
-0.11282,0.00121,0.32352
-0.11243,0.00131,0.33853
-0.11267,0.0008,0.32352
-0.11249,0.00118,0.33853
-0.11216,0.00167,0.33853
-0.11263,0.00082,0.33853
-0.11268,0.00064,0.32352
-0.11298,0.00069,0.32352
-0.11296,0.00085,0.32352
-0.1128,0.00124,0.33853
-0.11296,0.00071,0.33854
-0.11269,0.00032,0.33854
-0.11265,0.00066,0.33853
-0.11298,0.00019,0.33854
-0.11302,0.00028,0.32352
-0.11272,0.0003,0.32352
-0.11266,0.00014,0.33854
-0.11269,0.00012,0.32352
-0.113,0.00017,0.32352
-0.11299,0.00008,0.32352
-0.11264,-0.00017,0.32352
-0.11292,-0.00028,0.32352
-0.11289,-0.00034,0.32352
-0.11287,-0.00032,0.33854
-0.11214,-0.00118,0.32352
-0.11281,-0.00051,0.32352
-0.11278,-0.00049,0.33854
-0.11096,-0.002,0.33853
-0.11251,-0.00036,0.33854
-0.11261,-0.0008,0.33854
-0.11267,-0.00079,0.32352
-0.11261,-0.00015,0.33854
-0.11155,-0.00159,0.33103
-0.10124,-0.0006,0.33851
-0.11065,-0.00211,0.32351
-0.09555,0.00052,0.33849
-0.09553,0.0003,0.33849
-0.10594,-0.00135,0.33101
-0.09556,0.00013,0.32347
-0.09556,0.00043,0.32347
-0.0991,-0.00016,0.32348
-0.11123,0.00246,0.33853
0.00322,-0.04495,0.28969
0.00263,-0.04707,0.29198
0.00251,-0.0456,0.29198
0.00023,-0.04527,0.29198
0.00274,-0.04075,0.29197
0.00378,-0.04075,0.29197
0.00378,-0.03892,0.29197
0.00272,-0.04892,0.29198
0.00354,-0.03867,0.29197
0.04965,-0.03908,0.29187
0.00465,-0.03892,0.29197
0.00465,-0.03862,0.29167
0.05391,-0.03879,0.29126
0.00297,-0.03805,0.29141
0.05538,-0.03845,0.29166
0.06721,-0.03695,0.29183
0.0623,-0.0367,0.29178
0.06267,-0.04577,0.29184
0.05987,-0.04612,0.29185
0.05391,-0.03909,0.29186
0.05591,-0.03545,0.29185
0.056,-0.03625,0.29136
0.06098,-0.04023,0.29124
0.05793,-0.04238,0.29125
0.00938,-0.04222,0.28946
0.00305,-0.04177,0.29056
0.0597,-0.04203,0.28935
0.00464,-0.0422,0.28947
0.04816,-0.0439,0.28937
0.01313,-0.04508,0.28945
0.05693,-0.04244,0.28935
0.0665,-0.04414,0.28933
0.0651,-0.04247,0.28934
0.06584,-0.04247,0.28933
0.06525,-0.00027,0.28928
0.06476,-0.03464,0.28933
0.06339,-0.03691,0.28933
0.06428,-0.03607,0.29149
0.06476,-0.03463,0.29133
0.06487,-0.00027,0.28928
0.065,0.03411,0.29124
0.06499,0.03411,0.28924
0.06482,0.035,0.29144
0.06356,0.0363,0.28924
0.06538,0.03593,0.28923
0.06599,-0.00027,0.28928
0.06612,0.03593,0.28923
0.06623,0.04378,0.28947
0.0661,0.04679,0.29072
0.06634,0.04762,0.28922
0.06032,0.04139,0.28924
0.07237,0.04092,0.28921
0.08869,0.04657,0.28994
0.08857,0.04384,0.28961
0.0718,0.03534,0.28922
0.09398,0.0063,0.28921
0.06748,0.03601,0.29011
0.07467,0.04195,0.29141
0.07235,0.04072,0.29165
0.09496,0.04163,0.28916
0.09182,0.00767,0.29142
0.0665,0.03476,0.28923
0.06638,-0.00027,0.29078
0.06838,-0.00027,0.29078
0.06918,0.02927,0.28923
0.06638,-0.00027,0.28928
0.06625,-0.0353,0.28932
0.06626,-0.0353,0.29083
0.06729,-0.03655,0.29029
0.06814,-0.03597,0.28932
0.06926,0.0088,0.28926
0.071,-0.03581,0.28931
0.06967,-0.03345,0.29152
0.09377,-0.0005,0.28967
0.07215,-0.04165,0.28932
0.07236,-0.03585,0.29178
0.06974,-0.03441,0.29172
0.06734,-0.0003,0.29178
0.06949,-0.0003,0.29177
0.06991,0.0329,0.29143
0.06999,0.034,0.29169
0.06504,0.03544,0.29173
0.06318,0.03635,0.2917
0.07231,0.03523,0.29161
0.06222,0.04807,0.29173
0.06152,0.04448,0.29173
0.05574,0.0383,0.29175
0.05625,0.0351,0.29175
0.0499,0.03102,0.29178
0.0499,0.02879,0.29178
0.06195,0.03583,0.29144
0.00621,0.00163,0.29141
0.00621,0.00163,0.29161
0.00561,0.00121,0.28941
0.00499,-0.00004,0.29158
0.00514,0.00104,0.29191
0.00519,-0.00123,0.29191
0.0062,-0.00175,0.29161
0.0062,-0.00175,0.29141
0.0053,-0.00104,0.28941
0.0617,-0.03633,0.29154
0.04969,-0.0292,0.29186
0.00599,-0.00421,0.29192
0.04968,-0.03143,0.29186
0.00583,-0.00447,0.29162
0.0036,-0.00411,0.29182
0.00392,-0.00407,0.28942
0.0095,-0.00676,0.28941
0.05497,-0.03509,0.29155
0.06017,-0.03848,0.28934
0.00276,-0.00616,0.28942
0.00278,-0.00005,0.28942
0.00343,0.00408,0.28941
0.00153,-0.00004,0.28942
0.00263,-0.04224,0.28947
0.00138,-0.04224,0.28947
-0.00162,-0.04223,0.28948
0.00037,-0.03771,0.29107
-0.00021,-0.04164,0.29046
-0.00163,-0.04367,0.28948
-0.00187,-0.04218,0.28948
-0.05416,-0.042,0.2896
-0.01044,-0.04511,0.28951
-0.04487,-0.04354,0.28958
-0.05417,-0.04348,0.2896
-0.05731,-0.04541,0.28961
-0.05417,-0.0438,0.2896
-0.04562,-0.04374,0.28958
-0.04538,-0.04362,0.28958
-0.04915,-0.0485,0.2899
-0.04574,-0.04383,0.28958
-0.05023,-0.04433,0.28995
-0.04707,-0.04528,0.28997
-0.047,-0.0448,0.29103
-0.04692,-0.04433,0.29209
-0.04711,-0.04617,0.29209
-0.04686,-0.04745,0.29209
-0.04603,-0.04696,0.29209
-0.046,-0.04716,0.28998
-0.02322,-0.03882,0.29203
-0.0518,-0.03865,0.29209
-0.01043,-0.04516,0.29201
-0.0497,-0.04753,0.2921
-0.01246,-0.04736,0.29201
-0.01246,-0.04736,0.28951
-0.04698,-0.04778,0.28959
-0.00165,-0.04891,0.28949
0.00107,-0.04798,0.29199
-0.04687,-0.04874,0.29209
0.00259,-0.04876,0.2896
-0.00037,-0.04789,0.28986
0.00375,-0.04892,0.29198
0.05178,-0.04889,0.28959
0.04872,-0.04767,0.28976
0.04961,-0.04539,0.28982
0.0531,-0.04484,0.28967
0.06201,-0.04516,0.28935
0.05995,-0.0473,0.28935
0.05173,-0.0486,0.29073
0.06186,-0.04858,0.2906
0.06174,-0.04855,0.29185
0.05167,-0.04832,0.29188
0.06199,-0.04861,0.28935
0.09793,-0.04927,0.29178
0.09191,-0.04856,0.28956
0.06512,-0.0466,0.28934
0.08806,-0.04751,0.29022
0.06494,-0.04584,0.29084
0.08825,-0.04455,0.28968
0.09235,-0.0445,0.28948
0.0963,-0.04175,0.28927
0.09453,-0.04477,0.28964
0.09552,-0.0478,0.28961
0.0951,-0.04626,0.29178
0.09351,-0.04681,0.29178
0.09192,-0.04735,0.29179
0.09823,-0.04927,0.29147
0.0981,-0.00041,0.29171
0.09857,0.04849,0.29135
0.0984,-0.00039,0.28921
0.09439,-0.00705,0.28923
0.0955,-0.00038,0.28921
0.09857,0.04848,0.28914
0.09827,0.04849,0.29165
0.09315,0.04841,0.28935
0.09511,0.04768,0.28956
0.09562,0.03583,0.28917
0.09564,0.03987,0.28916
0.09508,0.04414,0.28946
0.09524,0.04673,0.29166
0.09382,0.04451,0.29166
0.09166,0.04532,0.28941
0.0925,0.04678,0.29166
0.09272,0.04521,0.29167
0.07399,0.04215,0.29171
0.07468,0.04225,0.29171
0.09365,0.04219,0.29167
0.09543,0.04145,0.29161
0.0951,0.00689,0.29161
0.09224,0.007,0.29162
0.09437,-0.00014,0.29172
0.0945,-0.0071,0.29156
0.09553,0.0087,0.2892
0.09045,-0.00874,0.29183
0.09512,-0.0422,0.29171
0.07217,-0.04188,0.29172
0.07414,0.03638,0.29172
0.04962,-0.04779,0.29188
0.05088,-0.04664,0.29188
0.0501,-0.04495,0.29187
0.01316,-0.0451,0.29196
0.04883,-0.0473,0.29188
0.04985,-0.04517,0.29085
0.01519,-0.04751,0.29195
0.00375,-0.04763,0.29198
-0.0065,-0.04759,0.292
-0.05848,-0.04813,0.29212
-0.05346,-0.03681,0.29187
-0.05895,-0.04463,0.29212
-0.08741,-0.04801,0.29218
-0.05923,-0.04794,0.29087
-0.05997,-0.04774,0.28962
-0.05871,-0.04638,0.29212
-0.08558,-0.04795,0.28997
-0.08101,-0.04699,0.29064
-0.08649,-0.04798,0.29107
-0.06293,-0.04688,0.29041
-0.06313,-0.04387,0.29001
-0.05864,-0.04657,0.28961
-0.08173,-0.04414,0.29011
-0.08513,-0.04471,0.29001
-0.08736,-0.04345,0.28978
-0.08882,-0.04569,0.28998
-0.09527,-0.04857,0.28968
-0.06946,-0.04194,0.28963
-0.09227,-0.04156,0.29057
-0.08767,-0.04843,0.28995
-0.09531,-0.00491,0.29
-0.09527,-0.04856,0.2919
-0.09496,-0.04856,0.2922
-0.09512,-0.00664,0.29184
-0.09515,-0.00555,0.29205
-0.09666,-0.00283,0.29224
-0.09572,-0.00194,0.29011
-0.09222,-0.01706,0.28965
-0.1007,-0.00226,0.29025
-0.09708,0.00354,0.29219
-0.09505,0.00614,0.2921
-0.10066,-0.00193,0.29214
-0.09961,0.00255,0.29229
-0.09887,0.00294,0.29024
-0.09532,0.00529,0.29005
-0.09924,0.00275,0.29126
-0.09494,0.04326,0.28957
-0.092,0.04208,0.29052
-0.09492,0.04916,0.29177
-0.0973,0.0005,0.29018
-0.09116,0.01531,0.29025
-0.09223,0.01776,0.2896
-0.09507,0.00723,0.29182
-0.09492,0.04915,0.28957
-0.09462,0.04916,0.29207
-0.09466,0.03698,0.29208
-0.08765,0.04898,0.2897
-0.08872,0.04414,0.28956
-0.08829,0.04559,0.28994
-0.08276,0.04319,0.28955
-0.0659,0.04313,0.28951
-0.08103,0.04437,0.28994
-0.08492,0.04492,0.28994
-0.08512,0.04864,0.28982
-0.08501,0.0473,0.29205
-0.08596,0.04526,0.29206
-0.05831,0.04865,0.29199
-0.08802,0.04719,0.29206
-0.0921,0.03872,0.29205
-0.08037,0.03908,0.29205
-0.08107,0.0392,0.29163
-0.09252,0.03801,0.29157
-0.06867,0.03874,0.29173
-0.06706,0.0417,0.29029
-0.06696,0.03798,0.29151
-0.06613,0.02736,0.29179
-0.08277,0.0424,0.28955
-0.06917,0.04235,0.28952
-0.06591,0.04235,0.28951
-0.06606,0.0002,0.28957
-0.06518,0.03522,0.28952
-0.06798,0.01591,0.28955
-0.06051,0.03643,0.2897
-0.06382,0.03638,0.29027
-0.06504,0.03579,0.28952
-0.06825,0.01581,0.29216
-0.06646,0.0122,0.29206
-0.06164,0.03603,0.29201
-0.06658,0.0379,0.29202
-0.07914,0.015,0.29194
-0.07928,0.01513,0.29023
-0.08045,0.01695,0.29208
-0.07977,0.01722,0.28963
-0.06716,-0.01396,0.28977
-0.06811,0.01586,0.29086
-0.07972,0.01325,0.29058
-0.08146,0.01512,0.29127
-0.08367,0.01526,0.28917
-0.08238,0.01525,0.2867
-0.08216,0.01725,0.28683
-0.08147,0.00119,0.29118
-0.08124,-0.00048,0.2921
-0.08105,0.01696,0.29208
-0.08818,0.01498,0.2921
-0.0877,0.01526,0.29015
-0.08853,0.00456,0.29076
-0.08546,0.01526,0.28612
-0.08658,0.01727,0.28921
-0.09053,0.01729,0.2918
-0.08386,0.01726,0.28905
-0.08535,0.01726,0.28605
-0.08303,0.01526,0.28793
-0.08301,0.01726,0.28794
-0.08227,0.01625,0.28676
-0.08968,0.01699,0.2921
-0.08923,0.01698,0.2921
-0.09091,0.016,0.2921
-0.09001,0.0046,0.29132
-0.0923,0.01469,0.29199
-0.09209,0.00025,0.29058
-0.09143,0.00077,0.29177
-0.09289,0.00028,0.29213
-0.08974,0.00027,0.29212
-0.09087,0.00012,0.29062
-0.08826,0.00134,0.29126
-0.08808,-0.0009,0.29139
-0.0885,-0.00405,0.29095
-0.0913,-0.00023,0.29175
-0.09006,-0.00405,0.29078
-0.09294,-0.01272,0.29215
-0.09125,-0.01486,0.2918
-0.08929,0.00026,0.29212
-0.08829,-0.01477,0.29216
-0.09127,-0.00754,0.29177
-0.09197,-0.01683,0.29206
-0.09127,-0.01474,0.29032
-0.09296,-0.01872,0.29215
-0.09266,-0.01873,0.29185
-0.08168,-0.01471,0.29169
-0.07914,-0.01679,0.28988
-0.08722,-0.01674,0.28945
-0.08345,-0.01676,0.28835
-0.08552,-0.01675,0.28615
-0.08793,-0.01471,0.29022
-0.08344,-0.01476,0.28835
-0.08559,-0.01475,0.28619
-0.08138,-0.01596,0.2861
-0.0794,-0.01468,0.29023
-0.07942,-0.01459,0.29198
-0.06771,-0.01441,0.29197
-0.0798,-0.01353,0.29062
-0.08163,-0.00086,0.29093
-0.07981,-0.01326,0.29182
-0.07972,0.01325,0.29178
-0.08002,0.01325,0.29208
-0.08006,0.00023,0.2921
-0.08011,-0.01326,0.29212
-0.08051,0.00023,0.2921
-0.06734,-0.01715,0.292
-0.06654,-0.01181,0.29209
-0.06657,-0.01882,0.2921
-0.06687,-0.01881,0.2918
-0.06724,-0.01728,0.28959
-0.06726,-0.03769,0.29162
-0.06744,-0.04136,0.29082
-0.06621,-0.042,0.28962
-0.06433,-0.03609,0.2901
-0.06543,-0.03484,0.28961
-0.06073,-0.03611,0.29007
-0.06192,-0.0342,0.2896
-0.06331,0.00018,0.28956
-0.06342,-0.03485,0.29111
-0.06542,-0.03484,0.29111
-0.06192,-0.03419,0.2916
-0.0618,0.00018,0.28956
-0.06168,0.03455,0.29152
-0.06283,0.02719,0.28953
-0.0633,0.00018,0.29106
-0.06518,0.03522,0.29102
-0.06531,0.00019,0.29107
-0.06531,0.00019,0.28957
-0.06168,0.03455,0.29172
-0.06192,-0.03419,0.29181
-0.06193,-0.0355,0.2921
-0.0621,0.00017,0.29206
-0.0643,0.00017,0.29207
-0.06659,-0.02409,0.2921
-0.06671,-0.03697,0.29212
-0.0665,0.00018,0.29207
-0.05982,-0.03638,0.29206
-0.06786,-0.03853,0.29212
-0.06693,-0.03636,0.29182
-0.08678,-0.04611,0.29226
-0.08615,-0.04421,0.29235
-0.07984,-0.039,0.29191
-0.09188,-0.03844,0.29217
-0.09191,-0.03839,0.29166
-0.09274,-0.03705,0.29212
-0.09272,-0.03628,0.29188
-0.09303,-0.03857,0.29218
-0.09302,-0.03638,0.29218
-0.09304,-0.04041,0.29218
-0.09323,-0.04523,0.29172
-0.09493,-0.03939,0.29218
-0.09492,-0.03637,0.29218
-0.0468,-0.03109,0.29207
-0.0468,-0.02886,0.29207
-0.05887,-0.03591,0.2916
-0.05887,-0.03591,0.2918
-0.00235,-0.00111,0.29182
-0.00312,-0.00172,0.29163
-0.00635,-0.00628,0.29195
-0.00312,-0.00172,0.29143
-0.00186,-0.00004,0.28943
-0.05413,-0.033,0.28958
-0.00276,0.00439,0.28942
-0.05389,0.0333,0.2895
-0.00311,0.00167,0.29143
-0.00209,0.00048,0.29162
-0.00034,0.00426,0.28942
-0.00054,-0.00427,0.28943
-0.00279,-0.00445,0.28943
-0.05213,-0.03471,0.29148
-0.00279,-0.00444,0.29164
-0.00181,-0.00398,0.29186
-0.05824,-0.03965,0.2896
-0.05514,-0.04199,0.2896
-0.05818,-0.04034,0.2915
-0.00187,-0.04218,0.29138
-0.05109,-0.03842,0.29149
-0.00185,-0.03859,0.29168
-0.05109,-0.03842,0.29179
-0.0009,-0.03857,0.2919
0.0002,-0.03727,0.29189
0.00141,-0.03672,0.29197
0.00016,-0.0366,0.29167
0.00056,-0.00616,0.29193
0.00154,-0.00006,0.29192
-0.00004,-0.00474,0.29186
0.00026,-0.00616,0.29163
-0.00208,0.00115,0.29193
-0.00161,0.00389,0.29185
-0.0063,0.00625,0.29193
-0.04659,0.02911,0.29199
-0.00311,0.00167,0.29163
-0.05861,0.03625,0.29171
-0.05862,0.03625,0.29151
-0.05914,0.03663,0.29195
-0.05268,0.03569,0.29181
-0.05218,0.03874,0.29199
-0.04845,0.04484,0.29197
-0.0573,0.04527,0.29199
-0.04658,0.03135,0.29199
-0.04827,0.04814,0.29197
-0.04661,0.04551,0.29197
-0.04962,0.04454,0.28979
-0.04939,0.04861,0.28986
-0.04836,0.04649,0.29197
-0.04614,0.0474,0.2899
-0.04612,0.04494,0.28967
-0.05384,0.04901,0.28948
-0.05781,0.04507,0.28949
-0.04514,0.04387,0.28946
-0.05718,0.04742,0.28949
-0.05998,0.04694,0.292
-0.05987,0.04728,0.28949
-0.06272,0.04427,0.28976
-0.05386,0.04378,0.28948
-0.05386,0.04309,0.28948
-0.00132,0.0429,0.28937
-0.00132,0.0436,0.28937
-0.01214,0.04366,0.28939
-0.04456,0.04377,0.28946
-0.02835,0.04549,0.29193
-0.01009,0.04547,0.29189
0.00119,0.04479,0.29187
0.00236,0.04818,0.29185
-0.04494,0.04898,0.29196
-0.04652,0.0477,0.29197
-0.00619,0.03882,0.29189
-0.00058,0.03842,0.29179
-0.01013,0.04538,0.28939
-0.01213,0.04736,0.28939
-0.0013,0.04883,0.28936
0.00023,0.04483,0.2897
0.00177,0.04648,0.29186
-0.00024,0.04726,0.28973
0.00382,0.04624,0.28976
0.00242,0.04396,0.2894
0.00014,0.04154,0.29029
-0.00132,0.04212,0.28937
0.01345,0.04489,0.28934
0.00968,0.04286,0.28935
0.00332,0.04174,0.29005
0.05412,0.03831,0.29116
0.00326,0.03788,0.29138
0.06127,0.04043,0.29114
0.02832,0.04201,0.28931
0.05723,0.04269,0.28924
0.04866,0.04352,0.29017
0.05723,0.04339,0.28924
0.04888,0.04373,0.28926
0.05723,0.0437,0.28924
0.06047,0.04506,0.28923
0.05725,0.04863,0.28923
0.05347,0.04419,0.28952
0.06176,0.04612,0.28923
0.05303,0.04806,0.28962
0.05197,0.04779,0.29175
0.0097,0.04879,0.28934
0.06305,0.04719,0.28922
0.00209,0.0488,0.28951
0.01553,0.04732,0.28933
0.0041,0.04881,0.29185
0.05005,0.04768,0.28925
0.0497,0.04693,0.2897
0.05018,0.04564,0.29176
0.04978,0.04444,0.28961
0.04959,0.04652,0.29176
0.01553,0.04732,0.29183
0.05314,0.04544,0.29175
0.04996,0.04736,0.29176
0.04994,0.04049,0.29176
0.01348,0.04492,0.29184
0.02627,0.03871,0.29182
0.05412,0.03831,0.29146
0.0032,0.0383,0.29186
0.00493,0.03848,0.29157
0.05537,0.03791,0.29123
0.05613,0.03559,0.29126
0.05516,0.0346,0.29146
0.00955,0.00662,0.28939
0.06017,0.03773,0.28924
0.00586,0.00436,0.29161
0.00359,0.00404,0.29183
0.00602,0.0041,0.29191
0.00281,0.00607,0.29161
0.00251,0.00607,0.29191
0.00262,0.03649,0.29187
0.00167,0.03664,0.29188
0.00046,0.03716,0.29179
0.00061,0.00609,0.29192
0.00006,0.00485,0.29179
0.00031,0.00609,0.29162
0.00042,0.03649,0.29158
0.00012,0.03799,0.29128
-0.00158,0.0385,0.29158
-0.05077,0.03868,0.29139
-0.00157,0.04212,0.29127
-0.00157,0.04211,0.28937
-0.05597,0.04215,0.29139
-0.05386,0.0423,0.28949
-0.05485,0.0423,0.28949
-0.05855,0.04232,0.2895
-0.05802,0.03986,0.2895
-0.05184,0.03497,0.29139
-0.05756,0.03909,0.2914
-0.05251,0.03793,0.29144
-0.05077,0.03868,0.29169
-0.00275,0.00439,0.29163
0.06187,0.04627,0.29173
-0.04664,0.04803,0.28946
-0.06295,0.04775,0.29009
-0.08114,0.04732,0.29033
-0.06795,0.03874,0.29192
0.00247,-0.00616,0.29193
0.00266,-0.03747,0.29188
0.00266,-0.03661,0.29167
0.00277,-0.00616,0.29163
-0.08277,0.04241,0.28955
-0.08873,0.04243,0.28956
-0.09045,0.04242,0.28957
-0.00036,-0.04515,0.28987
0.06518,-0.00029,0.29178
0.065,0.03411,0.29144
0.06476,-0.03463,0.29153
0.06472,-0.03611,0.29182
0.12431,-0.00259,0.35063
0.12427,0.00149,0.35244
0.12431,-0.00425,0.3516
0.12426,0.00273,0.34758
0.12427,-0.00151,0.34703
0.12441,-0.00593,0.34692
0.12429,-0.00534,0.34932
0.12436,-0.00854,0.34947
0.12444,-0.0091,0.34649
0.12426,-0.01086,0.35142
0.12421,-0.01081,0.34772
0.12436,-0.01592,0.34804
0.12438,-0.02286,0.3465
0.12432,-0.04262,0.33286
0.12439,-0.0197,0.34924
0.12434,-0.01534,0.35235
0.1243,-0.02234,0.352
0.12439,-0.04257,0.36741
0.12436,-0.04259,0.3509
0.12316,-0.04477,0.35367
0.12435,-0.02541,0.35217
0.12453,-0.00329,0.36736
0.12339,-0.0443,0.36841
0.12319,-0.04471,0.34786
0.11851,-0.04956,0.36843
0.11574,-0.04442,0.35289
0.11575,-0.05062,0.35422
0.11533,-0.04768,0.35271
0.11573,-0.05063,0.34731
0.11215,-0.05056,0.36694
0.11365,-0.05056,0.36844
0.11374,-0.04587,0.35326
0.11373,-0.04924,0.3559
0.11372,-0.04823,0.34981
0.11573,-0.04632,0.34764
0.11373,-0.04617,0.34779
0.11373,-0.04353,0.3465
0.11371,-0.04944,0.34537
0.11582,-0.04994,0.34532
0.1226,-0.04343,0.3465
0.12152,-0.0452,0.34564
0.11371,-0.04949,0.34506
0.11369,-0.0495,0.3364
0.12125,-0.04593,0.34014
0.12144,-0.04538,0.33621
0.11594,-0.04946,0.33609
0.11369,-0.04945,0.33609
0.11368,-0.0495,0.3339
0.11281,-0.04927,0.33309
0.11215,-0.04946,0.36494
0.116,-0.04942,0.36524
0.11613,-0.04992,0.35632
0.11215,-0.04941,0.36525
0.11373,-0.04947,0.35657
0.11207,-0.0506,0.3319
0.11795,-0.05005,0.33188
0.1134,-0.04347,0.33419
0.11369,-0.04909,0.33559
0.11572,-0.04882,0.33544
0.12108,-0.04471,0.33541
0.1196,-0.04343,0.3343
0.12243,-0.0425,0.33542
0.12133,-0.0449,0.33555
0.12109,-0.0449,0.33546
0.12108,-0.0449,0.33546
0.12244,-0.0425,0.33542
0.12273,0.04166,0.33531
0.12207,-0.00843,0.33372
0.1223,0.00759,0.33531
0.12331,-0.04435,0.33187
0.12211,0.00892,0.33295
0.12221,0.00826,0.33413
0.1196,-0.02805,0.33432
0.11913,-0.02352,0.33207
0.11917,-0.01303,0.33352
0.12084,-0.01824,0.33402
0.11329,-0.00864,0.33377
0.12062,-0.01073,0.33362
0.11623,-0.01084,0.33365
0.11301,-0.01316,0.33271
0.11324,-0.02425,0.33378
0.11295,-0.02843,0.33247
0.11937,-0.02578,0.3332
0.12362,0.04349,0.33175
0.12446,-0.00333,0.33281
0.12462,0.04175,0.33275
0.12448,0.00483,0.34647
0.12443,0.00917,0.34653
0.12444,0.0163,0.34727
0.12435,0.02017,0.34673
0.12442,0.0209,0.34885
0.12447,0.02363,0.35216
0.12444,0.02452,0.35455
0.12469,0.0418,0.3673
0.12354,0.04392,0.35355
0.12346,0.04401,0.34764
0.1182,0.0492,0.33176
0.11605,0.04425,0.34803
0.11612,0.04808,0.34878
0.11243,0.0488,0.33298
0.11405,0.04584,0.34794
0.11612,0.04799,0.35281
0.11406,0.04584,0.35335
0.11251,0.04987,0.36681
0.11606,0.04433,0.35342
0.11404,0.04284,0.34649
0.11406,0.04584,0.35064
0.11406,0.04279,0.355
0.11408,0.04845,0.35564
0.11627,0.04904,0.35608
0.11408,0.04875,0.35645
0.11406,0.04832,0.34574
0.1125,0.04877,0.36481
0.11635,0.0487,0.36511
0.12182,0.04458,0.36496
0.12186,0.0444,0.35583
0.12163,0.04512,0.36116
0.12296,0.04261,0.35498
0.12201,0.04439,0.36507
0.12198,0.04443,0.35635
0.12347,0.04189,0.36493
0.12341,0.02139,0.36482
0.12297,0.04268,0.3463
0.12344,0.04186,0.3651
0.1233,0.042,0.36533
0.12337,0.02139,0.36513
0.12329,0.04183,0.36538
0.12185,0.04435,0.36538
0.12174,0.04448,0.36532
0.12309,0.04177,0.3656
0.12176,0.0441,0.36559
0.12164,0.04434,0.36552
0.1163,0.04856,0.36539
0.12167,0.04438,0.36547
0.12159,0.04427,0.36561
0.11623,0.04834,0.36561
0.11624,0.04836,0.3656
0.12147,0.04411,0.36571
0.11614,0.04808,0.36575
0.11272,0.04459,0.36617
0.12144,0.04396,0.36577
0.1125,0.04836,0.36562
0.11632,0.04319,0.36842
0.11645,0.05015,0.36861
0.11505,0.0413,0.36617
0.11946,0.03578,0.36707
0.12249,0.04161,0.3658
0.1228,0.0417,0.36575
0.11945,0.03057,0.36707
0.12241,0.0214,0.36583
0.12272,0.0214,0.36578
0.123,0.0214,0.36563
0.12307,0.04177,0.3656
0.12322,0.02139,0.36541
0.12342,0.0214,0.36632
0.12342,0.02087,0.36743
0.11252,0.02163,0.36686
0.11597,0.02508,0.36709
0.11401,0.02243,0.36835
0.11236,0.00965,0.36677
0.12337,0.00938,0.36656
0.11396,0.00853,0.36768
0.12331,-0.01014,0.36661
0.11583,-0.02864,0.36841
0.1139,-0.00902,0.36777
0.11385,-0.02342,0.36758
0.11745,-0.02913,0.36784
0.11383,-0.02861,0.36769
0.11669,-0.03912,0.36794
0.12326,-0.02266,0.3668
0.12319,-0.04264,0.36741
0.12229,-0.04418,0.36741
0.12171,-0.04519,0.36512
0.12168,-0.04524,0.36491
0.12271,-0.0435,0.35517
0.11375,-0.04356,0.35501
0.1218,-0.04503,0.36695
0.12183,-0.04499,0.367
0.12174,-0.04513,0.36672
0.12171,-0.04518,0.36641
0.12165,-0.04519,0.36522
0.12212,-0.04449,0.36736
0.12209,-0.04453,0.36735
0.12195,-0.04477,0.36722
0.12192,-0.04483,0.36718
0.11377,-0.04496,0.36702
0.11377,-0.04474,0.36724
0.11377,-0.04511,0.36674
0.11377,-0.04515,0.36843
0.11377,-0.04516,0.36643
0.12173,-0.04515,0.36669
0.11604,-0.04535,0.36636
0.11211,-0.04528,0.36643
0.11367,-0.04515,0.36843
0.11215,-0.04904,0.36575
0.11579,-0.04879,0.36588
0.11588,-0.04906,0.36574
0.11215,-0.04927,0.36553
0.12133,-0.04518,0.36558
0.12142,-0.04518,0.3655
0.11595,-0.04928,0.36552
0.12104,-0.04518,0.36571
0.1208,-0.04518,0.36582
0.11596,-0.04929,0.3655
0.12159,-0.04519,0.36534
0.11377,-0.04415,0.36743
0.11377,-0.04446,0.36738
0.12337,0.04223,0.33663
0.11236,-0.01013,0.36674
0.11225,-0.02236,0.36692
0.12312,-0.04268,0.33637
0.12174,-0.04509,0.34512
0.12172,-0.0451,0.33638
0.12169,-0.04508,0.33615
0.12308,-0.04267,0.33607
0.12338,0.04183,0.33596
0.1233,0.04184,0.33582
0.12193,0.04434,0.33595
0.12323,0.04179,0.33567
0.12272,-0.04258,0.33557
0.12301,0.04173,0.33545
0.12178,0.04431,0.33568
0.12193,0.0442,0.33581
0.12293,-0.04281,0.33584
0.12293,-0.04263,0.33578
0.12146,-0.04514,0.3358
0.12271,-0.04257,0.33556
0.12162,-0.04518,0.33607
0.12136,-0.04527,0.33586
0.11589,-0.04932,0.33581
0.12125,-0.04513,0.33565
0.11582,-0.04912,0.3356
0.12142,-0.04536,0.33607
0.11369,-0.04931,0.33581
0.11581,-0.04909,0.33559
0.1212,-0.04507,0.33557
0.12159,-0.04525,0.33638
0.12167,-0.04518,0.33638
0.12164,-0.04523,0.34512
0.12168,0.04444,0.33574
0.11624,0.04852,0.33568
0.12157,0.0443,0.33554
0.12169,0.04407,0.33547
0.1216,0.04434,0.33559
0.11624,0.04854,0.3357
0.11404,0.04868,0.33596
0.11617,0.04832,0.33547
0.11404,0.04853,0.33568
0.11403,0.04831,0.33546
0.11403,0.04872,0.33377
0.11403,0.04843,0.33294
0.11243,0.04873,0.33377
0.11404,0.04872,0.33627
0.11371,0.04269,0.33408
0.11615,0.04925,0.34498
0.11406,0.04868,0.34533
0.11629,0.04867,0.33596
0.12176,0.04454,0.3361
0.12174,0.04452,0.33595
0.12139,0.04524,0.3394
0.11988,0.04258,0.33443
0.11607,0.04802,0.33532
0.1214,0.04396,0.33531
0.12119,0.02662,0.33524
0.12116,0.02661,0.33178
0.12117,0.02662,0.33351
0.11396,0.02665,0.3353
0.11288,0.02665,0.33246
0.12164,0.04404,0.33543
0.12163,0.04409,0.33543
0.12139,0.04407,0.33534
0.11607,0.04804,0.33532
0.1237,0.04354,0.3683
0.1246,0.01542,0.36733
0.12443,0.02253,0.35433
0.12449,0.02073,0.35155
0.12441,0.01825,0.3526
0.12442,0.005,0.35241
0.12444,0.0103,0.35227
0.12437,0.01729,0.3506
0.1244,0.01602,0.35062
0.12442,0.01127,0.34814
0.12442,0.02388,0.35381
0.1125,0.04858,0.3654
0.1125,0.04872,0.36512
0.11631,0.04858,0.36537
0.12181,0.04456,0.36511
0.12197,0.04446,0.3648
0.11282,0.00862,0.33249
0.11389,0.00862,0.33532
0.07597,-0.055,0.3249
0.07598,-0.0548,0.32558
0.07447,-0.05491,0.32561
0.07616,-0.05323,0.32576
0.07603,-0.05313,0.32521
0.07629,-0.05343,0.32438
0.07584,-0.05495,0.32413
0.07455,-0.05505,0.32437
0.07454,-0.05503,0.32489
0.07395,-0.05351,0.32413
0.07435,-0.05297,0.32486
0.07459,-0.0528,0.3256
0.07394,-0.05382,0.32561
0.07521,-0.05268,0.32416
0.07581,-0.05293,0.32358
0.07638,-0.05349,0.32385
0.0761,-0.05428,0.32358
0.07645,-0.05438,0.32336
0.07475,-0.05517,0.32354
0.0755,-0.05509,0.32274
0.07598,-0.05298,0.32314
0.07414,-0.05461,0.32267
0.0764,-0.05384,0.32269
0.07455,-0.05499,0.32182
0.07628,-0.05408,0.32204
0.0756,-0.05504,0.32154
0.07394,-0.05403,0.32163
0.07425,-0.05477,0.32108
0.07401,-0.05352,0.32218
0.07407,-0.05308,0.32266
0.07553,-0.05277,0.32215
0.0746,-0.05281,0.32152
0.07635,-0.05351,0.32138
0.07691,-0.05216,0.32096
0.07267,-0.05298,0.32097
0.07473,-0.05157,0.31855
0.07297,-0.05419,0.31855
0.07586,-0.05626,0.31852
0.07516,-0.05497,0.32028
0.07521,-0.05288,0.32026
0.07717,-0.05337,0.31855
0.07688,-0.05555,0.32097
0.0745,-0.05289,0.3231
0.07399,-0.0543,0.32332
0.07378,-0.05387,0.3236
-0.05616,0.05478,0.33494
-0.05611,0.05433,0.33462
-0.05775,0.05494,0.33483
-0.05839,0.05398,0.33488
-0.05751,0.05267,0.33495
-0.05607,0.05329,0.33486
-0.05702,0.05502,0.33543
-0.05776,0.05501,0.33615
-0.05807,0.05461,0.33547
-0.05611,0.05477,0.33582
-0.05613,0.05434,0.33547
-0.05626,0.05305,0.33539
-0.05819,0.05332,0.33559
-0.05714,0.05267,0.33618
-0.05631,0.05301,0.33591
-0.05648,0.0549,0.33638
-0.05598,0.05362,0.33648
-0.05665,0.0528,0.33712
-0.05621,0.05422,0.33692
-0.05586,0.05432,0.33714
-0.05756,0.05513,0.33697
-0.05674,0.05497,0.33766
-0.05602,0.05363,0.33767
-0.05816,0.05453,0.33776
-0.05615,0.05478,0.3381
-0.05771,0.05499,0.3386
-0.05605,0.05409,0.33842
-0.05658,0.05284,0.33838
-0.05593,0.05391,0.33912
-0.05663,0.05496,0.33867
-0.05675,0.05505,0.33922
-0.05832,0.05416,0.33924
-0.05863,0.05591,0.33954
-0.0547,0.05349,0.33954
-0.05677,0.05627,0.34194
-0.05514,0.0527,0.34196
-0.05933,0.05425,0.34196
-0.05626,0.05451,0.34025
-0.05806,0.05332,0.34025
-0.05862,0.05168,0.33955
-0.05825,0.05186,0.34192
-0.05743,0.05262,0.33903
-0.05786,0.05293,0.33837
-0.05844,0.05394,0.33846
-0.05795,0.0529,0.33752
-0.05832,0.05426,0.33719
-0.05837,0.05348,0.33639
-0.05854,0.05383,0.33691
-0.03939,-0.04527,0.36646
-0.03925,-0.0472,0.36654
-0.03978,-0.04649,0.36695
-0.03804,-0.04511,0.36628
-0.03783,-0.0451,0.3668
-0.03916,-0.04514,0.36715
-0.03817,-0.04737,0.36776
-0.03956,-0.04674,0.36766
-0.03758,-0.04704,0.36711
-0.03745,-0.04683,0.36648
-0.03753,-0.04547,0.36741
-0.03732,-0.04663,0.36803
-0.0379,-0.04507,0.36817
-0.03927,-0.04518,0.3677
-0.03822,-0.04491,0.36873
-0.03784,-0.04718,0.36856
-0.03979,-0.04648,0.36832
-0.03915,-0.04721,0.36904
-0.03719,-0.04574,0.36877
-0.03767,-0.04714,0.369
-0.03813,-0.04503,0.3694
-0.0395,-0.04549,0.36948
-0.03908,-0.04512,0.37033
-0.03724,-0.04628,0.36944
-0.03736,-0.04604,0.37009
-0.03963,-0.04658,0.36997
-0.0397,-0.04596,0.37074
-0.03799,-0.04505,0.37039
-0.03826,-0.04505,0.37094
-0.04057,-0.04751,0.37118
-0.03905,-0.04729,0.37062
-0.0393,-0.04369,0.37117
-0.03722,-0.04608,0.37077
-0.0381,-0.0438,0.37359
-0.04076,-0.04584,0.37354
-0.03945,-0.04564,0.37188
-0.03894,-0.04848,0.3736
-0.0375,-0.04663,0.37188
-0.03628,-0.04654,0.37355
-0.03755,-0.04746,0.3711
-0.03812,-0.04734,0.36999
-0.03958,-0.04702,0.36948
-0.03965,-0.04581,0.36882
-0.03905,-0.045,0.3682
-0.02408,0.05077,0.37413
-0.02252,0.05085,0.37432
-0.02233,0.05083,0.37572
-0.02442,0.05094,0.37608
-0.0225,0.05137,0.37599
-0.02267,0.0516,0.37407
-0.02443,0.05157,0.37574
-0.02362,0.05177,0.37631
-0.02255,0.05189,0.37604
-0.02308,0.05249,0.37632
-0.02449,0.05214,0.37576
-0.0245,0.05266,0.37585
-0.02423,0.05214,0.37415
-0.02399,0.05284,0.37415
-0.02478,0.0529,0.37523
-0.02296,0.05332,0.3763
-0.02442,0.05325,0.37593
-0.02231,0.05308,0.37479
-0.02422,0.05373,0.37613
-0.02303,0.05434,0.37633
-0.02217,0.0542,0.37504
-0.02218,0.05365,0.37516
-0.02273,0.05236,0.37415
-0.02222,0.05245,0.37542
-0.023,0.0534,0.37399
-0.02398,0.05414,0.37411
-0.02452,0.0535,0.3745
-0.02453,0.05427,0.37556
-0.02319,0.0541,0.37386
-0.02466,0.05489,0.37515
-0.02296,0.05495,0.37404
-0.02428,0.05508,0.37435
-0.02223,0.05495,0.37515
-0.02105,0.05551,0.37451
-0.02446,0.05552,0.37284
-0.02421,0.05796,0.37283
-0.02109,0.0579,0.37513
-0.02267,0.05542,0.37652
-0.02419,0.05503,0.37627
-0.02308,0.05791,0.3774
-0.02546,0.05761,0.37629
-0.02418,0.05645,0.37409
-0.02241,0.05623,0.37561
-0.02432,0.05145,0.37445
0.00164,-0.02107,0.37155
0.03264,-0.02108,0.36978
-0.02994,-0.0207,0.36992
-0.02659,-0.02097,0.37161
-0.03019,-0.02047,0.37162
-0.03043,0.00017,0.36989
0.03376,-0.01952,0.36978
-0.02984,0.021,0.36986
0.03351,0.02063,0.36973
-0.02501,0.02129,0.37156
-0.02892,0.02201,0.37156
0.00179,0.02119,0.3715
0.00179,0.0225,0.3715
0.03183,0.02109,0.37143
0.03652,0.02207,0.37142
0.03134,0.02249,0.37143
0.00179,0.0226,0.37149
-0.01272,0.02265,0.37153
0.03298,0.02297,0.37047
-0.02927,0.02296,0.36976
0.03312,0.04373,0.37003
-0.01972,0.04428,0.36971
-0.02948,0.04374,0.37082
-0.03073,0.027,0.37138
-0.03192,0.04348,0.37078
-0.032,0.03831,0.37053
-0.03569,0.04738,0.37126
-0.01967,0.04464,0.36971
-0.02142,0.04649,0.37151
-0.03197,0.03543,0.37125
-0.02414,0.04836,0.37152
-0.02042,0.05303,0.3715
-0.02234,0.04796,0.36961
-0.00379,0.0492,0.37147
-0.0051,0.0476,0.36958
-0.00026,0.04671,0.37117
-0.01972,0.04428,0.37151
-0.01993,0.04961,0.36941
-0.02057,0.05257,0.36944
-0.00387,0.05062,0.36918
-0.02344,0.04946,0.36901
-0.00613,0.0494,0.36897
-0.00112,0.04938,0.36896
0.0018,0.04863,0.37122
-0.00491,0.05248,0.36897
-0.00294,0.05317,0.37147
-0.00383,0.04991,0.37032
-0.00293,0.05412,0.36896
-0.02601,0.05471,0.37104
-0.02652,0.05277,0.36932
-0.0415,0.05415,0.36896
-0.02647,0.05252,0.37152
-0.02657,0.04992,0.36951
-0.02435,0.04807,0.36962
-0.02789,0.04948,0.36902
-0.02788,0.04948,0.36962
-0.02913,0.04948,0.36902
-0.03432,0.0358,0.36905
-0.03549,0.0495,0.36904
-0.03739,0.0452,0.36905
-0.06908,0.01133,0.36916
-0.0321,0.03466,0.36905
-0.0332,0.03524,0.37125
-0.03444,0.03504,0.37126
-0.042,0.0207,0.36916
-0.03321,0.03523,0.36905
0.00212,0.04484,0.36896
0.00056,0.04463,0.37113
0.004,0.04705,0.37111
0.00162,0.04806,0.36896
0.03593,0.04925,0.36888
0.03592,0.03576,0.3689
0.02216,0.0493,0.36891
0.00187,0.04645,0.36896
0.04182,0.01938,0.36895
-0.03779,0.01709,0.36909
0.03688,0.03498,0.3689
0.03976,0.04924,0.36887
0.03849,0.03613,0.3711
0.03703,0.03537,0.3711
0.03784,0.0342,0.3689
0.03557,0.03462,0.37111
0.04221,0.04923,0.36947
0.0422,0.04923,0.36887
0.04564,0.04921,0.36886
0.0485,0.0502,0.36925
0.04352,0.05257,0.36907
0.04365,0.04976,0.36933
0.04977,0.0525,0.36911
0.04912,0.04659,0.36946
0.05451,0.04873,0.36944
0.04669,0.04815,0.37136
0.04953,0.05207,0.37135
0.06548,0.04915,0.36882
0.05121,0.04919,0.36885
0.05507,0.04481,0.36885
0.06949,0.04912,0.36881
0.05442,0.04628,0.36885
0.05378,0.04774,0.36885
0.05423,0.04825,0.37085
0.05319,0.04449,0.37103
0.03942,0.04408,0.37138
0.03942,0.04408,0.36958
0.05199,0.04708,0.37113
0.06342,0.04399,0.36953
0.05575,0.04441,0.37102
0.06485,0.04375,0.37046
0.05692,0.04704,0.3711
0.06783,0.04812,0.37132
0.0657,0.04641,0.36942
0.06781,0.05021,0.36911
0.0675,0.05596,0.37131
0.06782,0.04917,0.37021
0.06645,0.05278,0.37131
0.06896,0.04736,0.36941
0.08116,0.0491,0.36878
0.06999,0.04914,0.36881
0.08966,0.04949,0.36918
0.06761,0.05562,0.36883
0.0666,0.05271,0.36881
0.08892,0.04712,0.36937
0.09052,0.06148,0.37125
0.0893,0.06251,0.36867
0.09062,0.04796,0.37127
0.09097,0.04905,0.36876
0.08831,0.04907,0.36877
0.09386,0.01358,0.3688
0.07081,0.01413,0.36885
0.09323,0.05485,0.36893
0.07325,0.01355,0.37165
0.07058,0.01526,0.37152
0.07194,0.0119,0.36885
0.06984,0.01195,0.37166
0.04743,-0.01773,0.36895
0.07138,0.01302,0.36885
0.04716,0.01847,0.36892
0.06888,0.01303,0.37136
0.06878,0.02055,0.37135
0.07056,0.0204,0.37061
0.07079,0.01612,0.36955
0.0918,0.02037,0.3695
0.07393,0.01204,0.36955
0.09074,0.01295,0.36951
0.07045,0.01001,0.36956
0.0712,0.01037,0.3715
0.07034,-0.00727,0.37095
0.09061,-0.01019,0.36954
0.09123,-0.01226,0.37153
0.09302,-0.00712,0.37145
0.09292,-0.01977,0.37135
0.09169,-0.02084,0.36955
0.07041,-0.02078,0.37028
0.07351,-0.00845,0.36958
0.07105,-0.01305,0.36959
0.09166,0.01062,0.37146
0.0953,0.01293,0.3695
0.0941,0.01127,0.37151
0.09521,-0.01021,0.36953
0.09236,-0.0091,0.37164
0.0942,-0.01189,0.37154
0.09406,-0.02085,0.36955
0.11325,-0.00907,0.36924
0.11324,0.0084,0.36923
0.13191,0.00868,0.36873
0.13184,-0.00915,0.36875
0.11324,-0.00034,0.36923
0.13028,-0.02094,0.37042
0.13046,0.02014,0.36941
0.11145,-0.00448,0.36879
0.11246,-0.02415,0.36881
0.13218,-0.00039,0.36904
0.13181,-0.02048,0.36876
0.13216,-0.04299,0.37072
0.13144,-0.04282,0.36879
0.12226,-0.02433,0.36902
0.11223,-0.02424,0.36951
0.09158,-0.02095,0.36955
0.13026,-0.02343,0.37043
0.12211,-0.04339,0.36919
0.13027,-0.04208,0.3695
0.10776,-0.04779,0.36885
0.12476,-0.04548,0.36951
0.11214,-0.04334,0.36924
0.10666,-0.0445,0.36955
0.11191,-0.03638,0.36883
0.11189,-0.04004,0.36883
0.10666,-0.04664,0.36885
0.10556,-0.04549,0.36885
0.10842,-0.04531,0.37095
0.10447,-0.04749,0.37107
0.0923,-0.03105,0.36886
0.05565,-0.04684,0.36896
0.09549,-0.0488,0.36888
0.11195,-0.02471,0.36881
0.11193,-0.0312,0.36882
0.11195,-0.02542,0.36881
0.09279,-0.01139,0.36884
0.03734,-0.03415,0.36899
0.09328,-0.01049,0.37159
0.09304,-0.00904,0.36883
0.07116,-0.01133,0.36888
0.09291,-0.01022,0.36884
0.09201,0.01231,0.36881
0.07142,-0.00896,0.36888
0.07129,-0.01015,0.36888
0.09293,0.01294,0.36881
0.09165,0.01455,0.37153
0.09299,0.01968,0.3713
0.09459,0.01447,0.37148
0.0676,0.02134,0.37135
0.13076,0.02203,0.37121
0.13137,0.01957,0.37122
0.09414,0.02027,0.36949
0.13255,0.04087,0.37077
0.13211,-0.02203,0.37127
0.1306,-0.02198,0.37127
0.1306,-0.02282,0.37127
0.06937,-0.0226,0.37141
0.07199,-0.02271,0.3714
0.06997,-0.02363,0.37062
0.06928,-0.04554,0.37144
0.0704,-0.04483,0.37143
0.07088,-0.04575,0.36963
0.07191,-0.04533,0.37143
0.1045,-0.04544,0.37102
0.10456,-0.04567,0.37136
0.06831,-0.04817,0.37122
0.09031,-0.04841,0.37141
0.10704,-0.04881,0.36946
0.09145,-0.04781,0.36949
0.09171,-0.06321,0.36951
0.09244,-0.06395,0.37141
0.06934,-0.04745,0.36954
0.08896,-0.04787,0.3695
0.08922,-0.04998,0.36929
0.08897,-0.0628,0.37142
0.12948,-0.04392,0.3713
0.09554,-0.06401,0.3692
0.11632,-0.04889,0.37134
0.10729,-0.05558,0.36901
0.07149,-0.06342,0.37146
0.09403,-0.06447,0.36899
0.09918,-0.0579,0.36902
0.11382,-0.05072,0.3692
0.09743,-0.05313,0.36927
0.10324,-0.05674,0.36902
0.09972,-0.05171,0.3692
0.09948,-0.04961,0.36887
0.10048,-0.04973,0.36916
0.09321,-0.05417,0.3692
0.09391,-0.05858,0.36927
0.08877,-0.06319,0.36881
0.09062,-0.04957,0.36889
0.08081,-0.04955,0.36891
0.08796,-0.04958,0.3689
0.06754,-0.05045,0.36928
0.06963,-0.04951,0.36894
0.04949,-0.04969,0.36934
0.05425,-0.04868,0.3706
0.06617,-0.04774,0.36954
0.06837,-0.05798,0.37145
0.06631,-0.05296,0.36895
0.06674,-0.0555,0.36898
0.06693,-0.04857,0.37144
0.04949,-0.05272,0.36933
0.04877,-0.05483,0.37077
0.06755,-0.05674,0.37022
0.07156,-0.06333,0.36877
0.06375,-0.05398,0.37146
0.07153,-0.06338,0.37011
0.04908,-0.05229,0.37149
0.04636,-0.04888,0.3715
0.04713,-0.05004,0.36958
0.04316,-0.05297,0.3715
0.04839,-0.05446,0.37715
0.04622,-0.05195,0.37382
0.04726,-0.05195,0.37681
0.04427,-0.05194,0.37719
0.04653,-0.05445,0.37619
0.04628,-0.05445,0.37503
0.04674,-0.05195,0.37532
0.04603,-0.05445,0.37387
0.04638,-0.0532,0.37501
0.04416,-0.05444,0.37709
0.04946,-0.0467,0.36959
0.04931,-0.04726,0.37148
0.05177,-0.04739,0.37113
0.05186,-0.04719,0.37148
0.0518,-0.04727,0.37148
0.05227,-0.04599,0.37101
0.05181,-0.04641,0.37147
0.00379,-0.04579,0.37158
0.00384,-0.04648,0.37158
0.05207,-0.04548,0.37147
0.00349,-0.04607,0.37108
0.00359,-0.04531,0.37158
0.00296,-0.04446,0.37138
0.0365,-0.04411,0.37151
0.03711,-0.04421,0.3715
0.03559,-0.04392,0.3697
0.05273,-0.04439,0.37125
0.03562,-0.0383,0.37029
0.03412,-0.04246,0.37134
0.06392,-0.04427,0.36964
0.0354,-0.0351,0.3712
0.03903,-0.03583,0.36969
0.0379,-0.03647,0.37119
0.03417,-0.02688,0.37126
0.03615,-0.0332,0.37119
0.03599,-0.036,0.36899
0.03633,-0.03216,0.36969
0.03888,-0.03347,0.37119
0.03914,-0.03511,0.36969
0.06466,-0.02251,0.37075
0.06487,-0.04315,0.36964
0.06461,-0.04368,0.36964
0.06449,-0.04414,0.37146
0.06742,-0.04398,0.37143
0.05559,-0.04477,0.37117
0.05648,-0.04738,0.37078
0.05251,-0.04616,0.36897
0.03559,-0.04859,0.36901
0.02181,-0.04854,0.36904
0.00197,-0.04477,0.36908
0.03941,-0.0494,0.369
0.03558,-0.04939,0.36901
0.04529,-0.04941,0.36899
0.05408,-0.0465,0.36897
0.03666,-0.03507,0.36899
0.04478,-0.02014,0.36895
0.04342,-0.01838,0.37139
0.04551,-0.01689,0.37147
0.0408,-0.01784,0.36899
-0.0329,-0.03586,0.36914
-0.03251,-0.0344,0.36914
0.04322,-0.01641,0.37141
-0.04009,-0.02023,0.36917
0.04435,0.01384,0.36894
0.04468,-0.01439,0.36895
-0.03847,-0.01508,0.36913
0.04486,-0.01335,0.37175
0.04072,-0.01921,0.37158
0.03461,-0.01962,0.37148
0.04038,-0.02015,0.36966
0.03168,-0.02117,0.37149
0.04362,-0.02097,0.37158
0.04177,-0.01402,0.36965
0.06484,0.02001,0.36956
0.04742,-0.01544,0.36964
0.04662,0.0138,0.36961
0.03547,-0.02007,0.36967
0.06459,-0.02041,0.37028
0.04807,-0.02016,0.36965
0.04759,-0.01947,0.37156
0.06573,-0.02174,0.37141
0.06656,0.00059,0.37138
0.06588,0.02056,0.37136
0.06771,-0.02116,0.37093
0.06749,-0.0223,0.37141
0.06499,-0.01918,0.37141
0.03669,-0.02209,0.37148
0.00163,-0.02151,0.37155
0.06937,-0.02176,0.3714
0.06863,-0.02175,0.37141
0.06745,-0.04397,0.36979
0.06745,-0.03314,0.37142
0.06749,-0.02228,0.36976
0.06857,0.00058,0.37138
0.069,0.01226,0.37136
0.0688,-0.01011,0.37139
0.06894,-0.01148,0.37154
0.06892,-0.00934,0.37139
0.06997,-0.00885,0.37164
0.07229,-0.01051,0.37168
0.07068,-0.01284,0.37152
0.07411,-0.00983,0.37168
0.07113,-0.00968,0.37166
0.0699,0.011,0.37136
0.06942,-0.00851,0.37139
0.06928,-0.00864,0.37139
0.06935,0.01156,0.37136
0.06949,0.01142,0.37136
0.06857,0.02006,0.3697
0.06689,0.0205,0.3697
0.06679,-0.02084,0.36976
0.09012,-0.02127,0.37136
0.09563,-0.02128,0.37135
0.03546,-0.02245,0.36968
0.03604,-0.02221,0.37148
0.03569,-0.02248,0.37148
0.03408,-0.02424,0.37148
0.00163,-0.02236,0.37155
0.03118,-0.02257,0.37149
0.00163,-0.02247,0.37155
0.03277,-0.02298,0.36968
0.03269,-0.04378,0.36971
-0.02943,-0.02262,0.36982
-0.02003,-0.04401,0.36983
0.00027,-0.04453,0.37123
-0.02857,-0.04394,0.37165
-0.02002,-0.04401,0.37163
-0.02797,-0.04399,0.36984
-0.02966,-0.04338,0.36985
-0.0313,-0.04226,0.37146
-0.03091,-0.02665,0.37146
-0.03207,-0.03439,0.37134
-0.03547,-0.04425,0.37166
-0.03241,-0.04355,0.36985
-0.03512,-0.03594,0.37135
-0.03233,-0.03789,0.36985
-0.03643,-0.0349,0.36985
-0.03534,-0.03296,0.37135
-0.03456,-0.0343,0.36914
-0.03359,-0.03516,0.37135
-0.03683,-0.04615,0.36916
-0.03833,-0.0482,0.37117
-0.03704,-0.04452,0.3714
-0.0402,-0.04594,0.36917
-0.04392,-0.01547,0.36916
-0.03851,-0.04605,0.36917
-0.04387,-0.0491,0.36918
-0.03584,-0.04913,0.36917
-0.03598,-0.04396,0.36986
-0.03129,-0.04697,0.37166
-0.03528,-0.04696,0.37167
-0.03616,-0.04708,0.37081
-0.04009,-0.0444,0.37149
-0.04072,-0.04704,0.37128
-0.06424,-0.04801,0.37173
-0.03892,-0.04805,0.36977
-0.06719,-0.04444,0.37173
-0.0762,-0.04692,0.37146
-0.0647,-0.04347,0.37173
-0.06145,-0.04361,0.37169
-0.07575,-0.04685,0.36998
-0.06318,-0.0622,0.37175
-0.06643,-0.06317,0.37176
-0.06511,-0.0493,0.36975
-0.06566,-0.04746,0.36983
-0.06336,-0.04949,0.3696
-0.06664,-0.0469,0.36983
-0.06606,-0.04714,0.36983
-0.06588,-0.04724,0.36983
-0.06323,-0.04747,0.36985
-0.06206,-0.04903,0.36982
-0.06431,-0.04902,0.36923
-0.06436,-0.06151,0.36917
-0.06206,-0.04903,0.36922
-0.07747,-0.04725,0.36926
-0.0457,-0.04909,0.36919
-0.07865,-0.04802,0.37126
-0.07659,-0.04501,0.37146
-0.07961,-0.04483,0.36926
-0.08938,-0.04897,0.36928
-0.07854,-0.04604,0.36926
-0.07895,-0.04794,0.36986
-0.09016,-0.04942,0.36958
-0.10829,-0.04196,0.36932
-0.10743,-0.04244,0.37182
-0.08989,-0.05244,0.36931
-0.10902,-0.02811,0.36999
-0.10359,-0.0271,0.36976
-0.10128,-0.02642,0.36954
-0.10705,-0.03053,0.37
-0.10536,-0.04353,0.37001
-0.10607,-0.0226,0.36999
-0.10257,-0.02452,0.36956
-0.07852,-0.04384,0.36995
-0.08075,-0.04487,0.3715
-0.08091,-0.04687,0.37153
-0.07931,-0.04423,0.37126
-0.09445,-0.04795,0.3718
-0.09443,-0.04772,0.36989
-0.07227,-0.06392,0.37154
-0.07098,-0.06394,0.36934
-0.06931,-0.06294,0.36922
-0.04888,-0.06317,0.37172
-0.04854,-0.06308,0.3691
-0.04233,-0.05345,0.36908
-0.04222,-0.05349,0.37038
-0.04211,-0.05352,0.37169
-0.04871,-0.06313,0.37041
-0.02694,-0.05244,0.36957
-0.0267,-0.05205,0.37165
-0.0408,-0.05414,0.36926
-0.02381,-0.05422,0.37165
-0.00578,-0.05257,0.36976
-0.02091,-0.05208,0.37164
-0.00376,-0.05421,0.37146
-0.02169,-0.05422,0.3773
-0.02498,-0.0542,0.37684
-0.02325,-0.05421,0.37411
-0.02489,-0.0517,0.37465
-0.02412,-0.05421,0.37548
-0.02352,-0.05171,0.37549
-0.02215,-0.05171,0.37633
-0.02582,-0.0517,0.37734
-0.02289,-0.04963,0.37089
-0.02049,-0.05262,0.36941
-0.02379,-0.04917,0.36914
-0.0208,-0.04959,0.36958
-0.00331,-0.05393,0.36909
0.02181,-0.04934,0.36904
-0.02379,-0.04837,0.36914
-0.0257,-0.05066,0.36966
-0.02824,-0.04915,0.36915
-0.02948,-0.04915,0.36915
-0.00648,-0.04923,0.3691
0.00821,-0.04825,0.36966
0.00954,-0.04929,0.36907
0.04185,-0.04941,0.3696
0.00453,-0.04927,0.36908
-0.00147,-0.04925,0.36909
0.0075,-0.05058,0.36924
0.00832,-0.04776,0.3716
0.00891,-0.05266,0.36907
0.00739,-0.05141,0.37155
0.00631,-0.05396,0.37158
0.00633,-0.05394,0.36906
0.00744,-0.05099,0.3704
0.00752,-0.05433,0.36938
0.00371,-0.0471,0.37158
0.0433,-0.04724,0.37149
0.04574,-0.04868,0.36959
0.04357,-0.0502,0.36941
0.0426,-0.05295,0.36932
0.04185,-0.04941,0.369
0.00236,-0.04875,0.37141
-0.0042,-0.05006,0.3716
0.00032,-0.04807,0.37119
-0.00076,-0.04601,0.37159
-0.00062,-0.04708,0.37159
-0.0055,-0.04746,0.37081
0.0011,-0.04794,0.36908
0.00154,-0.04635,0.36908
-0.02225,-0.04746,0.37038
-0.02669,-0.04699,0.37165
-0.00429,-0.05025,0.37049
-0.00439,-0.05045,0.36938
-0.0224,-0.04783,0.37164
-0.02617,-0.04709,0.37165
-0.02454,-0.04863,0.37165
-0.0254,-0.04731,0.36974
-0.02632,-0.04707,0.37165
-0.02824,-0.04915,0.36975
-0.00043,-0.04513,0.37159
-0.06713,-0.02266,0.37057
-0.06746,-0.01049,0.36919
-0.09579,-0.01871,0.36926
-0.1085,-0.01867,0.36929
-0.10156,-0.01762,0.36963
-0.10218,-0.01509,0.36967
-0.10846,-0.0079,0.36927
-0.10873,0.00044,0.36956
-0.10393,-0.0167,0.36969
-0.10589,-0.0202,0.36998
-0.10671,-0.01206,0.36997
-0.10628,-0.01299,0.37216
-0.10628,-0.01627,0.37247
-0.10685,0.02098,0.37173
-0.07108,0.01136,0.36987
-0.10678,0.021,0.36993
-0.06713,0.0072,0.36986
-0.10639,-0.01899,0.37177
-0.1079,0.02289,0.37173
-0.10865,0.02134,0.37174
-0.06697,0.02088,0.37106
-0.10877,-0.01214,0.37261
-0.06407,0.02167,0.37164
-0.06559,0.00958,0.37169
-0.06724,0.01287,0.37175
-0.06696,0.01334,0.36985
-0.07079,0.01173,0.37197
-0.06815,0.0115,0.37196
-0.06762,0.00931,0.36916
-0.06819,0.00985,0.37192
-0.06822,0.00821,0.37187
-0.06688,-0.00719,0.37179
-0.06789,-0.00676,0.36988
-0.07137,-0.00907,0.372
-0.07067,-0.0113,0.36989
-0.06722,-0.01232,0.37181
-0.06942,-0.00897,0.37199
-0.06741,-0.01043,0.37199
-0.06937,-0.00893,0.36919
-0.06842,-0.0097,0.37199
-0.06841,-0.00971,0.36919
-0.0642,-0.02131,0.3717
-0.0652,-0.02128,0.3717
-0.06712,-0.02032,0.37052
-0.06699,-0.01277,0.36989
-0.10429,-0.02061,0.37178
-0.10805,-0.02112,0.37179
-0.10879,-0.01787,0.37179
-0.10806,-0.02197,0.37179
-0.06521,-0.02212,0.3717
-0.1043,-0.02211,0.37178
-0.10881,-0.02533,0.37336
-0.10641,-0.02386,0.37198
-0.10632,-0.02635,0.37129
-0.10631,-0.02797,0.37405
-0.10756,-0.02665,0.3737
-0.10632,-0.02716,0.37267
-0.10883,-0.02899,0.37207
-0.10666,-0.03008,0.37187
-0.10882,-0.02868,0.37464
-0.10627,-0.01675,0.37483
-0.10878,-0.01602,0.37405
-0.10878,-0.01467,0.37111
-0.10628,-0.01463,0.37231
-0.10878,-0.01534,0.37258
-0.06245,-0.02129,0.37169
-0.06312,0.00104,0.37166
-0.0642,-0.02069,0.37004
-0.06346,-0.04309,0.37032
-0.0642,-0.02181,0.37004
-0.06513,-0.04296,0.37007
-0.06395,0.02125,0.36999
-0.0623,0.02102,0.37164
-0.06169,-0.01875,0.37169
-0.06124,0.0205,0.3706
-0.04397,0.01974,0.37165
-0.04227,0.02078,0.37183
-0.04076,0.02094,0.37159
-0.03105,0.02091,0.37157
-0.03215,0.02267,0.37085
-0.06215,0.0235,0.37163
-0.0611,0.02276,0.36983
-0.0611,0.04421,0.37091
-0.06401,0.0441,0.37161
-0.06404,0.02239,0.36999
-0.06514,0.04785,0.37161
-0.06701,0.04523,0.37066
-0.06403,0.06207,0.37159
-0.0628,0.04786,0.3716
-0.06407,0.04411,0.36996
-0.0659,0.02417,0.37164
-0.04056,0.04728,0.37136
-0.03805,0.04877,0.3704
-0.06278,0.04787,0.3697
-0.063,0.05009,0.36939
-0.06401,0.06224,0.36902
-0.06402,0.06215,0.3703
-0.06495,0.04938,0.36937
-0.0617,0.04959,0.3697
-0.0617,0.04959,0.3691
-0.07824,0.04875,0.36973
-0.08967,0.04996,0.3694
-0.07942,0.04791,0.36914
-0.07704,0.04552,0.36913
-0.07823,0.04671,0.36914
-0.04535,0.04954,0.36906
-0.07825,0.04878,0.37114
-0.07877,0.04478,0.37114
-0.10796,0.04284,0.36923
-0.07614,0.04747,0.37133
-0.08057,0.04759,0.37142
-0.09434,0.04892,0.37167
-0.08041,0.04562,0.37132
-0.10773,0.04255,0.37171
-0.10591,0.04397,0.3699
-0.10673,0.0234,0.37051
-0.07824,0.04443,0.36984
-0.06702,0.02321,0.36984
-0.07604,0.04549,0.37137
-0.06855,0.02285,0.37165
-0.09195,0.05094,0.37041
-0.10859,0.04046,0.37171
-0.10859,0.04045,0.36951
-0.08957,0.05297,0.36915
-0.10835,0.02228,0.36923
-0.09411,0.04855,0.36977
-0.06986,0.06414,0.36899
-0.07164,0.06405,0.3715
-0.07075,0.06409,0.37025
-0.04826,0.0636,0.36893
-0.04792,0.06331,0.37155
-0.04214,0.05446,0.37154
-0.04809,0.06346,0.37024
-0.04182,0.0543,0.37025
-0.04352,0.04953,0.36906
-0.03819,0.0466,0.36905
-0.03899,0.04799,0.36905
-0.03984,0.04684,0.37105
-0.03962,0.0445,0.37131
-0.03695,0.0448,0.37122
-0.03548,0.04443,0.37026
-0.03529,0.04452,0.37078
-0.03568,0.04434,0.36975
-0.04173,0.04437,0.36976
-0.03567,0.04433,0.37155
-0.03502,0.03712,0.37061
-0.04172,0.04436,0.37156
-0.03565,0.03396,0.37065
-0.03203,0.03216,0.37048
-0.03764,0.01982,0.37169
-0.03697,0.02064,0.36978
-0.0321,0.02015,0.37071
-0.04042,0.01879,0.37161
-0.03858,0.01428,0.37065
-0.04195,0.01694,0.37146
-0.04017,0.01626,0.37157
-0.04368,0.0146,0.37169
-0.04204,0.01437,0.36921
-0.04722,0.00989,0.36912
-0.04825,0.01023,0.36912
-0.04822,0.01005,0.37188
-0.04934,0.0117,0.37192
-0.0471,0.00839,0.37183
-0.04929,0.01057,0.36912
-0.04886,-0.00871,0.36914
-0.04642,0.01208,0.3718
-0.04607,0.00972,0.36981
-0.04644,-0.00896,0.36984
-0.05034,0.00881,0.37178
-0.04838,-0.00673,0.37156
-0.04743,0.00392,0.36982
-0.0511,-0.01138,0.36985
-0.0459,-0.01071,0.37173
-0.04787,-0.00876,0.37194
-0.05123,-0.00926,0.37195
-0.04825,-0.01188,0.37189
-0.04806,-0.01032,0.37192
-0.0479,-0.01089,0.36914
-0.04838,-0.0098,0.36914
-0.04463,-0.01375,0.36984
-0.0441,-0.01528,0.3717
-0.04448,-0.01979,0.36985
-0.04389,-0.01984,0.37176
-0.04194,-0.01609,0.37157
-0.04169,-0.01359,0.37181
-0.03807,-0.01418,0.36983
-0.04303,-0.01374,0.36984
-0.03751,-0.01909,0.37175
-0.03954,-0.0171,0.37164
-0.04146,-0.01818,0.37157
-0.0312,-0.0214,0.37162
-0.03231,-0.01994,0.37054
-0.0373,-0.01985,0.36983
-0.03183,0.00018,0.3716
-0.03183,0.00018,0.3698
-0.02659,-0.02141,0.37161
-0.03074,-0.02313,0.37163
-0.06128,-0.02218,0.37057
-0.03226,-0.02207,0.36982
-0.06135,-0.04372,0.36992
-0.04204,-0.04394,0.36987
-0.03223,-0.03175,0.37051
-0.04203,-0.04393,0.37168
-0.0266,-0.02226,0.37161
-0.01288,-0.02242,0.37159
-0.06113,-0.02013,0.37061
-0.06169,-0.01875,0.36988
-0.0507,0.01209,0.36982
-0.04358,0.01904,0.3698
-0.04299,0.01413,0.3698
-0.06835,0.01032,0.36916
-0.06744,-0.04477,0.36993
-0.07643,-0.04713,0.36985
-0.07591,-0.0469,0.36985
-0.07534,-0.04682,0.36985
-0.03598,-0.04394,0.37166
0.01566,-0.02111,0.37152
0.06454,0.02044,0.37136
0.04507,0.02059,0.37161
0.04789,0.01874,0.37153
0.04825,0.02002,0.36959
0.04568,0.0175,0.37108
0.04473,0.01345,0.37171
0.04357,0.01593,0.37105
0.04342,0.01813,0.37101
0.04099,0.0155,0.37085
0.04102,0.01931,0.37114
0.03604,0.02049,0.36962
0.03472,0.01958,0.37143
0.03306,0.02068,0.37143
0.04435,0.02064,0.3714
0.06588,0.02071,0.37136
0.03248,0.02098,0.37143
0.06776,0.04362,0.37132
0.0647,0.02231,0.37024
0.03572,0.02245,0.36962
0.03927,0.03353,0.37035
0.03612,0.03814,0.3696
0.03942,0.04406,0.36958
0.03567,0.03187,0.37028
0.03443,0.02649,0.3713
0.03549,0.04322,0.37052
0.03191,0.0441,0.3714
0.03315,0.04353,0.3714
0.03681,0.04397,0.37139
0.03743,0.04407,0.37139
0.00392,0.04541,0.37146
0.00332,0.04434,0.3712
0.00698,0.04938,0.37145
0.00885,0.04756,0.36954
0.00864,0.04969,0.36954
0.00881,0.0525,0.37144
0.00675,0.05408,0.37144
0.00677,0.05336,0.3688
0.00795,0.05065,0.36894
0.00489,0.04936,0.36895
0.00989,0.04934,0.36894
0.04356,0.05228,0.37137
0.04965,0.05432,0.37065
0.04374,0.05506,0.37101
0.04792,0.05427,0.37654
0.04622,0.05428,0.37376
0.04465,0.05429,0.37705
0.04634,0.05178,0.37548
0.04782,0.05177,0.37503
0.04707,0.05428,0.37515
0.04486,0.05178,0.37593
0.04871,0.05177,0.37704
0.04608,0.04851,0.36946
0.06961,0.04517,0.37132
0.06769,0.02192,0.3697
0.06768,0.03248,0.37134
0.06766,0.04364,0.36967
0.0699,0.02349,0.37052
0.07079,0.04453,0.37132
0.10487,0.04505,0.37124
0.07222,0.04496,0.37131
0.07109,0.04536,0.36951
0.1048,0.04485,0.37089
0.10697,0.04386,0.36943
0.07214,0.02234,0.36954
0.12875,0.02214,0.37122
0.11752,0.02312,0.36919
0.07214,0.02234,0.37134
0.11241,0.02357,0.36889
0.11243,0.04277,0.36888
0.10701,0.04604,0.36873
0.10605,0.04738,0.36873
0.10798,0.04471,0.36873
0.11778,0.04279,0.36907
0.12098,0.04858,0.3687
0.11421,0.05001,0.36903
0.1071,0.04831,0.36933
0.10103,0.04908,0.36902
0.10931,0.04692,0.37092
0.11788,0.04782,0.36931
0.10768,0.0549,0.36892
0.11791,0.04782,0.37121
0.0957,0.06291,0.37124
0.09178,0.04727,0.36936
0.09996,0.05098,0.36906
0.09983,0.04902,0.36874
0.09959,0.05731,0.36887
0.09689,0.05208,0.36918
0.10364,0.05611,0.36889
0.09218,0.06271,0.36934
0.09495,0.0639,0.36885
0.09439,0.05806,0.36909
0.12992,0.04333,0.37106
0.07241,0.06396,0.37129
0.07189,0.06307,0.36867
0.09337,0.06262,0.37124
0.07091,0.0627,0.37129
0.08787,0.06264,0.37126
0.07254,0.06241,0.37129
0.06756,0.05579,0.37007
0.13044,0.02275,0.37028
0.12966,0.04315,0.36939
0.1092,0.04494,0.37094
0.13165,0.04204,0.36874
0.12235,0.03087,0.36911
0.12223,0.0356,0.3691
0.11833,0.03725,0.36902
0.11828,0.02912,0.36905
0.10784,0.04399,0.37074
0.10566,0.04508,0.37074
0.10716,0.04807,0.37073
0.10471,0.04693,0.37102
0.11602,-0.05003,0.36944
0.11302,-0.04689,0.36944
0.109,-0.04757,0.37116
0.10693,-0.04871,0.37086
-0.02551,0.05453,0.37717
-0.02337,0.05202,0.37384
-0.02439,0.05202,0.37683
-0.02132,0.05201,0.37716
-0.02444,0.05452,0.37433
-0.02388,0.05202,0.37533
-0.02315,0.05452,0.37535
-0.02187,0.05452,0.37637
0.11838,0.01606,0.33013
0.1192,0.01223,0.33013
0.11964,0.01401,0.33585
0.11658,0.01402,0.33586
0.11658,0.0126,0.33015
0.12033,0.01447,0.33021
0.1185,0.01153,0.33586
0.12042,0.01518,0.33585
0.11563,0.01514,0.33586
0.12131,0.01085,0.33585
0.1149,0.01087,0.33587
0.11464,0.02458,0.32814
0.11524,0.02162,0.33585
0.12198,0.01081,0.32814
0.11484,0.0101,0.32816
0.12145,0.02444,0.32813
0.12232,0.01035,0.34036
0.12179,0.00984,0.32814
0.12209,0.00993,0.32814
0.12195,0.00986,0.32814
0.1222,0.01004,0.32814
0.12227,0.01018,0.32814
0.12237,0.02487,0.34034
0.12231,0.01035,0.34064
0.12219,0.01011,0.34131
0.12232,0.02501,0.32812
0.12235,0.02503,0.34034
0.12229,0.02512,0.341
0.12236,0.02487,0.34062
0.12227,0.01037,0.3411
0.12168,0.01027,0.34283
0.11441,0.00988,0.34063
0.12197,0.00988,0.34036
0.12211,0.00995,0.34036
0.11924,0.01253,0.34503
0.11979,0.01187,0.34461
0.12007,0.0234,0.34463
0.11415,0.01006,0.34178
0.1139,0.01121,0.34355
0.1204,0.01121,0.34403
0.12187,0.0251,0.34246
0.12225,0.02529,0.32813
0.11436,0.02532,0.3416
0.11396,0.02316,0.34475
0.11394,0.0244,0.33735
0.11395,0.02032,0.34209
0.11401,0.02502,0.34171
0.11417,0.02522,0.34161
0.11398,0.0219,0.34499
0.11403,0.02195,0.34511
0.11426,0.02202,0.34532
0.11396,0.02188,0.34487
0.11395,0.01337,0.345
0.11196,0.02278,0.34345
0.11395,0.02174,0.34342
0.11195,0.01988,0.3433
0.11411,0.02525,0.34061
0.11414,0.02529,0.32814
0.11421,0.02533,0.34061
0.11428,0.02536,0.32814
0.11403,0.02515,0.34061
0.11403,0.02518,0.32814
0.11396,0.02504,0.32814
0.11393,0.01561,0.34321
0.11393,0.01316,0.34459
0.1139,0.01088,0.33737
0.11193,0.01556,0.34354
0.11192,0.01248,0.34322
0.11388,0.01037,0.32816
0.11391,0.01038,0.34063
0.11391,0.01021,0.32816
0.11398,0.01007,0.32816
0.11392,0.01033,0.34148
0.114,0.01009,0.34063
0.11409,0.00996,0.32816
0.11423,0.00989,0.32816
0.11425,0.00991,0.34063
0.11398,0.02188,0.34499
0.11399,0.01333,0.34512
0.114,0.01341,0.34513
0.11408,0.01341,0.34523
0.11411,0.02188,0.34522
0.11408,0.01336,0.34523
0.11426,0.0133,0.34535
0.1143,0.01341,0.34536
0.11752,0.01326,0.34535
0.11418,0.01222,0.34482
0.11443,0.01333,0.34537
0.11433,0.02188,0.34535
0.11446,0.02188,0.34537
0.11446,0.02197,0.34536
0.11737,0.02195,0.34535
0.11787,0.02203,0.34533
0.11646,0.02071,0.34556
0.11784,0.01324,0.34534
0.11733,0.01333,0.34537
0.11442,0.01125,0.34405
0.11442,0.0112,0.34401
0.11411,0.02194,0.34521
0.12225,0.02515,0.32812
0.12222,0.01006,0.34036
0.12076,0.02025,0.33584
0.11838,0.02419,0.33584
0.11985,0.02289,0.3302
0.11678,0.02281,0.33014
0.11974,0.01981,0.33016
0.11662,0.01958,0.33012
0.1169,0.02075,0.33585
0.11951,0.02175,0.33584
0.11609,0.01507,0.33026
0.04522,-0.0509,0.37594
0.04696,-0.05074,0.37627
0.04693,-0.05058,0.37424
0.04543,-0.05093,0.37432
0.04659,-0.05124,0.37398
0.0475,-0.05123,0.37513
0.04673,-0.05158,0.37629
0.04714,-0.05196,0.3742
0.0472,-0.05228,0.37599
0.04562,-0.05204,0.37405
0.04747,-0.05245,0.37476
0.04615,-0.05271,0.37397
0.04608,-0.05225,0.37636
0.04626,-0.05283,0.37646
0.04745,-0.05305,0.37508
0.04686,-0.05344,0.37409
0.04613,-0.05336,0.37636
0.04744,-0.05361,0.37543
0.04726,-0.05414,0.37593
0.04752,-0.05397,0.37461
0.04594,-0.05409,0.37384
0.04626,-0.05453,0.37391
0.04528,-0.05436,0.37466
0.04523,-0.05456,0.37422
0.04541,-0.05475,0.37595
0.045,-0.05519,0.37487
0.04741,-0.05469,0.37468
0.04614,-0.05517,0.37391
0.04659,-0.05481,0.37628
0.04738,-0.05503,0.37572
0.04458,-0.05546,0.37686
0.04582,-0.05401,0.37632
0.04839,-0.05547,0.37668
0.04696,-0.05546,0.37372
0.04657,-0.05786,0.37737
0.04855,-0.05784,0.37554
0.04417,-0.05546,0.37409
0.04629,-0.05792,0.37272
0.04401,-0.05782,0.37592
0.04676,-0.05639,0.37396
0.04701,-0.05639,0.37622
0.04497,-0.05639,0.37528
0.04643,-0.05789,0.37505
0.04506,-0.05374,0.37512
0.04575,-0.05356,0.37409
0.04506,-0.05272,0.3753
0.04511,-0.05189,0.37509
0.04523,-0.05138,0.37575
-0.07147,-0.05439,0.32558
-0.07138,-0.05261,0.32599
-0.07168,-0.05445,0.32621
-0.07284,-0.05227,0.32591
-0.07134,-0.05255,0.32535
-0.07122,-0.05429,0.32501
-0.07291,-0.05446,0.32543
-0.0735,-0.05339,0.32597
-0.07328,-0.05282,0.32525
-0.07346,-0.053,0.32471
-0.07285,-0.05451,0.32451
-0.07122,-0.05381,0.32482
-0.07201,-0.05467,0.32373
-0.07173,-0.05452,0.32421
-0.07143,-0.05439,0.32454
-0.07343,-0.05376,0.32364
-0.07357,-0.05309,0.32415
-0.07218,-0.05218,0.32467
-0.07109,-0.05295,0.32442
-0.07175,-0.05232,0.32371
-0.07305,-0.05241,0.32332
-0.07097,-0.05384,0.32368
-0.0711,-0.05322,0.32315
-0.07328,-0.05404,0.32307
-0.07286,-0.05241,0.32248
-0.07172,-0.05235,0.32252
-0.07298,-0.05231,0.32181
-0.07154,-0.05444,0.32205
-0.07113,-0.05372,0.32248
-0.07117,-0.05259,0.32195
-0.0735,-0.05338,0.32222
-0.07333,-0.0513,0.31885
-0.0713,-0.05257,0.32163
-0.07264,-0.05455,0.32148
-0.07324,-0.05586,0.3213
-0.07395,-0.05507,0.31885
-0.0724,-0.05445,0.3206
-0.07026,-0.05245,0.31891
-0.07065,-0.05503,0.31894
-0.07072,-0.05363,0.32134
-0.07207,-0.05234,0.32058
-0.07282,-0.0545,0.32225
-0.07126,-0.0543,0.32273
-0.07191,-0.05449,0.32318
-0.07345,-0.05328,0.33505
-0.07176,-0.05357,0.33508
-0.07225,-0.05459,0.33503
-0.07128,-0.05255,0.33512
-0.07272,-0.05224,0.33518
-0.07338,-0.05291,0.33583
-0.07321,-0.05412,0.33566
-0.07112,-0.05377,0.33492
-0.07113,-0.05387,0.33584
-0.07226,-0.05459,0.33601
-0.07147,-0.05241,0.33685
-0.07178,-0.05225,0.33591
-0.07128,-0.05414,0.3368
-0.0725,-0.0521,0.33651
-0.07275,-0.05245,0.33693
-0.07321,-0.05255,0.33732
-0.07205,-0.05222,0.33773
-0.07104,-0.05353,0.33768
-0.07184,-0.05469,0.33738
-0.0726,-0.0547,0.33834
-0.07297,-0.05435,0.33804
-0.07197,-0.05461,0.33772
-0.07101,-0.05393,0.33822
-0.07127,-0.05253,0.33815
-0.07316,-0.05397,0.33726
-0.07356,-0.05386,0.33751
-0.07337,-0.05333,0.33795
-0.07266,-0.05224,0.33838
-0.07349,-0.05347,0.33853
-0.07191,-0.05446,0.3387
-0.07292,-0.05437,0.33893
-0.07358,-0.05298,0.3389
-0.07258,-0.05456,0.33943
-0.07309,-0.05262,0.33915
-0.07353,-0.05366,0.33944
-0.07431,-0.05503,0.33972
-0.07271,-0.05182,0.33963
-0.07112,-0.05446,0.33965
-0.07126,-0.05531,0.34214
-0.07458,-0.05411,0.34218
-0.07355,-0.05325,0.34064
-0.07172,-0.0545,0.34061
-0.07152,-0.05231,0.34063
-0.07009,-0.05252,0.3421
-0.07118,-0.05266,0.33929
-0.07262,-0.05109,0.34205
-0.07121,-0.05392,0.33917
-0.07169,-0.05227,0.33865
-0.07215,-0.05208,0.339
-0.07102,-0.05357,0.33856
-0.07297,-0.05452,0.33675
-0.07322,-0.05433,0.33702
-0.0735,-0.05344,0.3365
