-0.04842,0.02218,0.37667
-0.04842,0.02218,0.37677
-0.04842,0.02315,0.37655
-0.04842,0.02225,0.37696
-0.04622,0.02224,0.37696
-0.04622,0.02217,0.37666
-0.04622,0.02219,0.37687
-0.05083,0.02205,0.37721
-0.04842,0.02218,0.37672
-0.04842,0.02221,0.37686
-0.04842,0.02297,0.37631
-0.04842,0.02252,0.37624
-0.04842,0.02257,0.37623
-0.04842,0.02247,0.37626
-0.04842,0.02242,0.37628
-0.04842,0.02281,0.37623
-0.04842,0.02289,0.37627
-0.04842,0.02262,0.37622
-0.04842,0.02234,0.37634
-0.04842,0.02221,0.37658
-0.04622,0.02251,0.37623
-0.04842,0.02223,0.37649
-0.04842,0.02225,0.37645
-0.04842,0.02228,0.37641
-0.05082,0.02298,0.37617
-0.04622,0.02234,0.37634
-0.04842,0.02317,0.37671
-0.04842,0.02316,0.37663
-0.04842,0.02315,0.37687
-0.05082,0.02469,0.37671
-0.05081,0.02687,0.37675
-0.04842,0.02304,0.37702
-0.04842,0.02312,0.37693
-0.04842,0.02313,0.3769
-0.05584,0.02075,0.37693
-0.05581,0.02866,0.37644
-0.04842,0.02297,0.37712
-0.05082,0.02252,0.37669
-0.04842,0.02292,0.37714
-0.04622,0.02292,0.37713
-0.04622,0.023,0.37708
-0.04842,0.02283,0.37719
-0.04842,0.02273,0.3772
-0.04842,0.02263,0.3772
-0.04622,0.02283,0.37718
-0.04842,0.02231,0.37704
-0.04842,0.02245,0.37715
-0.04842,0.02254,0.37719
-0.04622,0.02251,0.37718
-0.04622,0.02267,0.37721
-0.04842,0.02252,0.37719
-0.04842,0.02249,0.37717
-0.04622,0.02245,0.37715
-0.0446,0.02256,0.3772
-0.04463,0.02278,0.37726
-0.04461,0.02262,0.37724
-0.04464,0.02283,0.37725
-0.03253,0.02437,0.37809
-0.03256,0.02455,0.37811
-0.03252,0.02428,0.37806
-0.03092,0.0244,0.37811
-0.03092,0.02446,0.37815
0.00321,0.02436,0.37808
-0.03092,0.02467,0.37816
0.00321,0.02455,0.37809
0.00321,0.02445,0.3781
0.03737,0.02437,0.37802
0.03736,0.02431,0.37802
0.03791,0.02442,0.37802
0.03827,0.02423,0.378
0.03737,0.02417,0.37798
0.03834,0.02418,0.37798
0.03906,0.02413,0.378
0.04049,0.02428,0.37783
0.03834,0.02451,0.378
0.03904,0.02461,0.37793
0.0392,0.02476,0.37763
0.04045,0.02316,0.37795
0.04078,0.02342,0.37803
0.04104,0.02326,0.37798
0.0392,0.02476,0.37742
0.03916,0.02463,0.37714
0.03992,0.02389,0.377
0.04069,0.0237,0.37706
0.04129,0.02341,0.3776
0.04117,0.0234,0.37722
0.04117,0.02327,0.3779
0.03835,0.02487,0.37756
0.03834,0.02483,0.37733
0.03834,0.02486,0.37742
0.03737,0.02484,0.37736
0.03737,0.02487,0.37747
0.00321,0.02497,0.37744
0.03737,0.02485,0.37766
0.00321,0.02499,0.37754
0.00321,0.02497,0.37774
-0.03092,0.02512,0.37767
-0.03092,0.02509,0.37751
-0.03259,0.025,0.37766
-0.0326,0.02498,0.37775
-0.03092,0.02509,0.37783
-0.03257,0.02497,0.37746
-0.04465,0.02325,0.37661
-0.04467,0.02328,0.37676
-0.04467,0.02325,0.37692
-0.03256,0.02493,0.37736
-0.04464,0.0232,0.37651
-0.04622,0.02314,0.37655
-0.04622,0.02317,0.37671
-0.04842,0.0231,0.37646
-0.04622,0.02309,0.37646
-0.04622,0.02307,0.37641
-0.04622,0.02304,0.37638
-0.0446,0.023,0.37632
-0.04622,0.02296,0.3763
-0.04622,0.02289,0.37626
-0.04459,0.02294,0.37629
-0.03251,0.02464,0.37714
-0.03254,0.02485,0.37725
-0.03252,0.02473,0.37717
-0.03255,0.02487,0.37728
-0.03092,0.02492,0.37727
-0.03092,0.02498,0.37734
0.00321,0.02487,0.37726
0.00321,0.02479,0.3772
-0.03092,0.02484,0.37723
-0.03092,0.02477,0.3772
0.00321,0.02472,0.37715
0.03736,0.02459,0.37708
0.00321,0.02463,0.37712
0.03736,0.02464,0.3771
0.03737,0.02472,0.37717
0.03834,0.02464,0.37711
0.03834,0.02472,0.37717
0.03833,0.02437,0.37702
0.03736,0.0245,0.37704
0.03737,0.02475,0.3772
0.03834,0.02478,0.37724
0.03737,0.02483,0.37733
0.00321,0.02454,0.3771
0.03736,0.02441,0.37703
-0.04841,0.02483,0.37718
-0.04841,0.02482,0.37719
0.03736,0.02446,0.37703
0.03823,0.02441,0.37702
0.03818,0.02456,0.37698
0.03818,0.02447,0.37701
0.03736,0.02434,0.37703
0.03736,0.02427,0.37704
0.03818,0.02418,0.37698
0.03886,0.02448,0.37705
0.03777,0.02418,0.37702
-0.04841,0.02452,0.37718
0.01633,0.02427,0.37705
-0.00553,0.02435,0.37712
0.03818,0.02403,0.37688
0.03736,0.02418,0.37706
0.00321,0.02424,0.37717
0.03736,0.02409,0.37711
0.00321,0.02433,0.37712
0.03841,0.02422,0.37704
0.03833,0.0241,0.3771
-0.04841,0.02446,0.37715
0.03736,0.0241,0.37694
0.03736,0.02399,0.37684
0.03777,0.02401,0.37686
-0.04841,0.02438,0.37711
0.03818,0.02395,0.37679
-0.04841,0.02427,0.377
0.0389,0.0239,0.37684
0.03818,0.02391,0.37672
0.03736,0.02391,0.37672
-0.04842,0.02424,0.37693
-0.04842,0.0242,0.37686
0.03736,0.0239,0.37667
0.03736,0.02387,0.37659
0.03818,0.02388,0.37662
0.03818,0.02387,0.37653
0.03888,0.02377,0.37653
0.04012,0.02319,0.3766
0.03888,0.02382,0.37633
0.03888,0.02382,0.37672
0.03818,0.0239,0.37633
0.03928,0.0239,0.3761
0.03818,0.02391,0.37632
0.04045,0.02288,0.37626
0.03894,0.02408,0.37606
0.03818,0.02408,0.37611
0.03818,0.02395,0.37626
0.03896,0.02417,0.37603
0.0397,0.02416,0.37602
0.04073,0.02352,0.37602
0.03822,0.02436,0.37602
0.03818,0.02417,0.37606
-0.04842,0.02452,0.37623
0.01632,0.02428,0.3761
-0.00553,0.02439,0.37613
0.03736,0.02427,0.37604
0.03777,0.02422,0.37605
0.03736,0.02409,0.37611
-0.04842,0.02444,0.37627
0.03736,0.02405,0.37614
-0.04842,0.02427,0.37641
-0.04841,0.02468,0.37721
-0.04842,0.02424,0.37648
-0.04842,0.0242,0.37655
0.03736,0.02393,0.3763
0.03735,0.0239,0.37643
-0.04842,0.02418,0.37671
-0.04842,0.02419,0.37663
-0.04842,0.02468,0.37621
-0.04841,0.02497,0.3763
-0.04841,0.0249,0.37627
0.03736,0.02459,0.37608
-0.04841,0.02497,0.37711
-0.04841,0.0249,0.37715
-0.04842,0.0246,0.37622
0.03736,0.02436,0.37602
0.03815,0.02446,0.37603
-0.04841,0.02508,0.377
-0.04841,0.02518,0.37671
-0.04841,0.02503,0.37706
-0.04841,0.02516,0.37663
0.03736,0.02464,0.37694
-0.04841,0.02503,0.37636
-0.04841,0.02508,0.37641
-0.04841,0.02512,0.37648
-0.04841,0.02515,0.37655
0.03736,0.02465,0.37693
0.03818,0.02465,0.37693
0.03818,0.02473,0.37686
0.03818,0.02483,0.3767
0.03736,0.02476,0.37683
0.0391,0.02475,0.37661
0.03818,0.02486,0.37661
0.03736,0.02485,0.37665
0.03736,0.02479,0.37679
-0.04841,0.02516,0.37684
0.03736,0.02487,0.37652
0.03777,0.02487,0.37649
0.03818,0.02487,0.37647
0.03736,0.02484,0.37637
0.03818,0.02483,0.37633
0.03736,0.02475,0.3762
0.03818,0.02475,0.3762
0.03884,0.02472,0.37622
0.04017,0.02444,0.37658
0.03909,0.02472,0.37632
0.03906,0.02461,0.37616
0.04044,0.02364,0.37704
0.04128,0.02331,0.37647
0.04125,0.02326,0.37675
0.04109,0.02323,0.37694
0.04081,0.02312,0.37704
0.04097,0.023,0.37705
0.04067,0.0229,0.377
0.04076,0.0229,0.37703
0.04054,0.02291,0.37693
0.04047,0.02289,0.37686
0.04067,0.02303,0.37708
0.04067,-0.0132,0.37773
0.04087,0.023,0.37704
0.04105,0.0229,0.377
0.04073,-0.0132,0.37771
0.04077,0.00496,0.37738
0.04104,0.00486,0.37732
0.04078,-0.01412,0.3777
0.04102,0.00488,0.37733
0.04103,-0.01318,0.37763
0.04101,0.02295,0.37703
0.04114,0.0229,0.37696
0.04114,-0.01318,0.37754
0.04095,-0.01375,0.37764
0.04111,-0.01359,0.37752
0.04121,0.00485,0.37718
0.04127,0.02289,0.37682
0.0412,0.0049,0.37719
0.04125,0.02297,0.37684
0.04123,0.02306,0.37686
0.04122,-0.01319,0.37741
0.04126,-0.01319,0.37727
0.04117,-0.01379,0.37728
0.04131,0.00485,0.37691
0.04134,0.02289,0.37669
0.04136,0.02289,0.37654
0.04113,-0.01379,0.37742
0.04134,0.02288,0.3764
0.04134,0.0231,0.37659
0.0413,0.0049,0.37692
0.04135,0.02299,0.37657
0.04132,0.02288,0.37635
0.04125,-0.01319,0.37712
0.0413,0.01397,0.3766
0.04131,0.0231,0.37643
0.04129,0.00485,0.37676
0.04128,0.00495,0.37678
0.0411,-0.01396,0.377
0.0412,-0.0132,0.37698
0.04058,-0.01545,0.37722
0.04089,-0.01408,0.37681
0.04103,-0.01378,0.37687
0.04111,-0.0132,0.37685
0.04128,0.02288,0.37627
0.04025,-0.01494,0.37672
0.0387,-0.0165,0.3778
0.03871,-0.01681,0.37703
0.03871,-0.01568,0.3771
0.04023,-0.01385,0.37692
0.04028,-0.01319,0.37707
0.04024,-0.0134,0.37716
0.04034,-0.01319,0.37694
0.04043,-0.0132,0.37683
0.04049,-0.0132,0.3768
0.04056,-0.0132,0.37675
0.04067,0.02288,0.37608
0.0407,-0.0132,0.37671
0.04065,-0.01402,0.37673
0.04077,-0.01371,0.37673
0.04085,-0.0132,0.37672
0.04086,0.02288,0.37605
0.04094,0.02312,0.37605
0.04105,0.02288,0.37608
0.04112,0.02312,0.37613
0.04099,-0.0132,0.37677
0.04122,0.02288,0.37619
0.04116,0.00484,0.37652
0.04128,0.02314,0.37631
0.04117,0.023,0.37616
0.04114,0.0049,0.37651
0.0407,0.02299,0.37606
0.0405,0.02288,0.3762
0.04052,0.02288,0.37618
0.04038,0.02286,0.37641
0.04036,0.02286,0.37654
0.04026,-0.01319,0.37721
0.0404,0.02289,0.37673
0.04025,-0.0134,0.37736
0.04031,-0.01391,0.37765
0.04028,-0.01319,0.37736
0.04041,-0.01318,0.37756
0.04051,0.0229,0.37689
0.04044,-0.01318,0.3776
0.04057,-0.01318,0.37767
0.04066,-0.01318,0.3777
0.04069,-0.01375,0.37772
0.04049,-0.0132,0.3778
0.04059,-0.01517,0.37809
0.04075,-0.01363,0.37773
0.04068,-0.01472,0.3789
0.03858,-0.01675,0.37967
0.04117,-0.01405,0.37836
0.0409,-0.01371,0.37777
0.04099,-0.01381,0.37784
0.04117,-0.01381,0.37807
0.0411,-0.0138,0.37794
0.04027,-0.01405,0.37794
0.03863,-0.01572,0.37888
0.0409,-0.01345,0.37775
0.0409,-0.0132,0.37773
0.04112,-0.0132,0.37787
0.041,0.0232,0.37707
0.04105,0.00852,0.37737
0.04115,0.02301,0.37713
0.04097,0.00498,0.37741
0.04104,0.02315,0.37708
0.04093,-0.0041,0.37757
0.04095,-0.00596,0.37761
0.04092,-0.00983,0.37769
0.04108,0.0231,0.3771
0.04095,0.005,0.3774
0.0411,0.01577,0.37725
0.04099,0.00495,0.37742
0.04122,0.02301,0.37719
0.04111,0.02305,0.37711
0.04098,0.0141,0.37723
0.041,0.00128,0.37749
0.04101,0.00493,0.37742
0.04087,-0.0132,0.37773
0.04133,0.02301,0.37736
0.04122,-0.01319,0.37802
0.04134,0.02301,0.3774
0.04131,0.02316,0.37734
0.04118,-0.01319,0.37794
0.04132,0.02308,0.37735
0.04128,0.00491,0.37769
0.0413,0.014,0.37752
0.04127,0.00494,0.37768
0.04125,-0.01319,0.37812
0.04133,0.02327,0.37747
0.04126,-0.01319,0.37816
0.04136,0.02301,0.37749
0.04136,0.02301,0.37755
0.04125,-0.01319,0.37831
0.04131,0.02302,0.37778
0.04122,-0.01319,0.37841
0.04117,-0.01368,0.37847
0.04117,-0.01318,0.37849
0.04107,-0.01365,0.3786
0.04121,0.02302,0.37791
0.04103,-0.01318,0.37863
0.041,-0.01337,0.37865
0.04098,-0.01356,0.37867
0.04123,0.02319,0.37786
0.04109,0.02302,0.37799
0.04102,-0.00432,0.37849
0.04106,0.00492,0.37831
0.04095,0.02302,0.37803
0.04084,-0.01318,0.37871
0.04081,0.02319,0.37804
0.04075,-0.01318,0.37871
0.04066,0.02302,0.37799
0.04055,-0.01318,0.37867
0.04068,0.02306,0.378
0.0408,0.02302,0.37804
0.04072,-0.01395,0.37881
0.04078,0.00492,0.37837
0.04073,-0.0049,0.37864
0.0402,-0.01381,0.37848
0.04057,0.02302,0.37794
0.04043,-0.01318,0.37859
0.04023,-0.01356,0.37827
0.04025,-0.01357,0.37809
0.0404,-0.01318,0.37856
0.0403,-0.01318,0.3784
0.04028,-0.01319,0.37811
0.04036,0.02302,0.37753
0.04027,-0.01319,0.3783
0.04039,0.02301,0.37739
0.04037,0.02297,0.37758
0.04038,0.02298,0.37764
0.03908,0.0238,0.37765
0.04045,0.02299,0.37726
0.04031,-0.01319,0.37802
0.04035,-0.01319,0.37793
0.04045,-0.01319,0.37782
0.04053,0.02301,0.37717
0.03736,0.02388,0.37758
0.00321,0.02402,0.37776
0.03736,0.02391,0.37771
0.03833,0.02391,0.37773
0.03833,0.02387,0.37759
0.0389,0.02392,0.37784
0.03832,0.02387,0.37747
0.03833,0.02391,0.37733
0.03899,0.02383,0.37733
0.03834,0.02396,0.3778
0.03834,0.02409,0.37794
0.03736,0.024,0.37785
0.03736,0.0241,0.37794
0.00321,0.02427,0.37805
0.00321,0.02419,0.378
0.00321,0.02412,0.37793
-0.03092,0.02425,0.378
-0.03092,0.02419,0.37792
-0.03249,0.02414,0.37795
-0.03247,0.02403,0.37778
-0.03092,0.02414,0.37783
-0.03248,0.02408,0.37787
0.00321,0.02406,0.37785
-0.03245,0.02402,0.37758
-0.03092,0.02411,0.37767
-0.03245,0.02403,0.37748
-0.03092,0.02414,0.37752
0.00321,0.02399,0.37755
-0.03244,0.02407,0.3774
-0.03092,0.02417,0.37745
0.00321,0.02405,0.37737
0.03736,0.02393,0.3773
0.00321,0.02409,0.3773
0.03736,0.02389,0.37743
0.03834,0.02398,0.3772
0.03736,0.02406,0.37713
0.03903,0.02401,0.37711
0.00321,0.02416,0.37722
-0.03092,0.02437,0.37724
-0.03092,0.02422,0.37737
-0.03245,0.02411,0.37732
-0.03245,0.02416,0.37726
-0.04452,0.02239,0.37646
-0.04454,0.02253,0.37634
-0.04455,0.02263,0.37629
-0.03246,0.02428,0.37717
-0.03173,0.02431,0.37724
-0.01406,0.02429,0.3772
-0.03132,0.02434,0.37724
-0.01385,0.0243,0.3772
-0.02259,0.02432,0.37722
-0.03247,0.02435,0.37715
-0.03092,0.02446,0.3772
-0.03092,0.02462,0.37717
-0.03248,0.02445,0.37712
0.00321,0.02444,0.3771
-0.03249,0.02456,0.37712
-0.04622,0.02261,0.37621
-0.04622,0.02271,0.37621
-0.04842,0.02272,0.37622
-0.04622,0.02282,0.37623
-0.04622,0.02227,0.37641
-0.04452,0.02234,0.37654
-0.04622,0.02219,0.37655
-0.04452,0.02231,0.37661
-0.04453,0.02228,0.37676
-0.04455,0.02231,0.37692
-0.04456,0.02236,0.37701
-0.04456,0.02238,0.37706
-0.04457,0.02241,0.37709
-0.04622,0.02237,0.37711
-0.04459,0.02248,0.37716
0.03736,0.02387,0.37752
0.04038,0.02302,0.37767
0.04044,0.02302,0.37781
0.04052,0.02302,0.3779
0.04098,0.00953,0.37733
0.04101,0.01405,0.37725
0.04105,0.01858,0.37717
0.04109,0.01943,0.37717
0.04106,0.01217,0.3773
0.03904,0.02448,0.37607
0.03818,0.02464,0.3761
0.03736,0.02463,0.37609
0.03736,0.02468,0.37613
0.01633,0.02494,0.37654
-0.00552,0.02502,0.37661
-0.04841,0.02515,0.37686
-0.04841,0.02512,0.37693
0.03871,0.02437,0.37602
0.03766,0.02452,0.376
-0.03168,0.02467,0.37616
-0.03173,0.02477,0.37615
-0.03165,0.02505,0.37589
-0.03165,0.02507,0.37586
-0.04457,0.0265,0.37713
-0.0317,0.02457,0.37616
-0.04456,0.0266,0.37713
-0.03165,0.02509,0.37582
-0.03165,0.0251,0.37575
-0.03167,0.02477,0.37614
-0.03168,0.02504,0.37542
-0.03166,0.0251,0.37559
-0.03167,0.02509,0.37551
-0.03165,0.02511,0.37567
-0.03168,0.02506,0.37546
-0.03168,0.02485,0.37579
-0.03171,0.02494,0.37532
-0.03173,0.02484,0.37523
-0.03171,0.02448,0.37615
0.03736,0.02428,0.37601
-0.04459,0.02639,0.37711
-0.0446,0.02633,0.37708
-0.03173,0.0244,0.37611
-0.03172,0.02444,0.37613
0.0377,0.02421,0.376
0.03736,0.0241,0.37594
0.0377,0.02407,0.37592
0.03825,0.02396,0.37585
0.03736,0.02402,0.37587
-0.03177,0.02419,0.37592
-0.03175,0.02429,0.37602
-0.04463,0.02618,0.37697
-0.04465,0.02612,0.37689
-0.04466,0.02608,0.3768
-0.0318,0.02413,0.37573
-0.03179,0.02416,0.37583
0.03736,0.02391,0.3757
0.0377,0.02389,0.37567
0.03736,0.02388,0.37561
0.03883,0.02377,0.37535
0.0377,0.02387,0.37552
-0.03181,0.02414,0.37554
0.03736,0.02388,0.37543
0.03736,0.02395,0.37525
0.0377,0.02396,0.37523
0.03829,0.02412,0.37507
0.0404,0.024,0.37515
0.04078,0.02301,0.37503
0.04051,0.02271,0.37519
0.04042,0.02273,0.37528
0.04062,0.02279,0.37509
0.03979,0.02376,0.37613
0.04106,0.02296,0.3751
0.0407,0.0227,0.37507
0.0406,-0.0132,0.37573
0.04096,0.0227,0.37506
0.04086,0.0227,0.37504
0.04049,-0.0132,0.37579
0.04047,-0.01363,0.37566
0.04076,-0.01327,0.37571
0.04046,-0.0132,0.37581
0.04024,-0.01343,0.37608
0.04027,-0.01319,0.37611
0.04035,-0.0132,0.37592
0.0402,-0.01366,0.37604
0.03874,-0.01623,0.3747
0.04093,-0.0134,0.37573
0.04085,-0.0132,0.37573
0.04041,-0.0132,0.37586
0.04057,0.02271,0.37514
0.04101,0.0227,0.37507
0.04076,-0.0132,0.37571
0.04095,-0.0132,0.37575
0.04115,0.0227,0.37514
0.04111,-0.0132,0.37587
0.04092,-0.01412,0.37565
0.04117,0.02305,0.37519
0.0413,0.02271,0.37532
0.04134,0.02271,0.37539
0.04128,0.02314,0.37544
0.04129,0.02304,0.3757
0.04135,0.02271,0.37564
0.04135,0.02271,0.37559
0.04123,-0.0132,0.37605
0.04125,-0.0134,0.3762
0.04118,-0.0132,0.37594
0.04101,-0.01458,0.37615
0.03858,-0.01677,0.3756
0.04081,-0.01379,0.37664
0.04108,-0.01346,0.37656
0.0412,-0.01358,0.37634
0.04113,-0.01365,0.37588
0.03988,-0.01629,0.37513
0.04055,-0.01385,0.37659
0.03873,-0.01569,0.37546
0.04066,-0.01318,0.3767
0.0406,-0.01318,0.37669
0.04036,-0.01391,0.3765
0.04018,-0.01407,0.37633
0.04046,-0.01318,0.37662
0.0404,-0.01318,0.37655
0.04034,-0.01318,0.37648
0.04051,0.02272,0.37589
0.04041,0.02273,0.37577
0.04039,0.02272,0.37572
0.04028,-0.01319,0.37637
0.04037,0.0227,0.37567
0.04036,0.02269,0.37549
0.04024,-0.01337,0.37621
0.04038,0.0227,0.37539
0.04026,-0.01319,0.3762
0.0404,0.0227,0.37534
0.04026,-0.00445,0.3759
0.04033,0.00475,0.37575
0.04045,0.02271,0.37526
0.04058,0.02287,0.37599
0.04057,0.02272,0.37595
0.04058,0.02272,0.37596
0.04076,0.02272,0.37603
0.04086,0.02272,0.37604
0.04084,-0.01318,0.3767
0.04102,-0.01318,0.37663
0.04104,0.02272,0.37601
0.04094,0.02299,0.37602
0.04082,-0.01348,0.37667
0.04085,0.00477,0.37637
0.04083,-0.00451,0.37651
0.04111,0.02297,0.37595
0.04116,0.02272,0.37595
0.04121,0.02291,0.37587
0.0411,-0.01319,0.37657
0.04127,0.02272,0.37584
0.0413,0.02272,0.37578
0.04116,-0.01319,0.3765
0.04124,-0.01319,0.37631
0.04126,-0.01319,0.37622
0.04134,0.02271,0.3757
0.04122,-0.01339,0.37632
0.04129,0.00476,0.376
0.04125,-0.00441,0.37617
0.0385,0.02479,0.37572
0.03771,0.02487,0.37552
0.03736,0.02486,0.37561
0.03771,0.02484,0.37537
0.03847,0.02476,0.37526
0.03736,0.02479,0.37579
0.03769,0.02466,0.37592
0.0377,0.02477,0.37581
0.03736,0.02472,0.37587
-0.03166,0.02486,0.3761
-0.04455,0.0267,0.37711
-0.04454,0.02679,0.37706
-0.03165,0.02494,0.37604
-0.03165,0.02501,0.37597
-0.04453,0.02694,0.37694
-0.04452,0.02699,0.37686
-0.04621,0.02714,0.37686
-0.04621,0.02712,0.37692
-0.04453,0.02702,0.37677
-0.04453,0.02704,0.37664
-0.04621,0.02717,0.37674
-0.0484,0.02712,0.37693
-0.04621,0.02714,0.37654
-0.04841,0.02717,0.37665
-0.04841,0.02717,0.37667
-0.04841,0.02717,0.37675
-0.04841,0.02716,0.37679
-0.04841,0.02717,0.3767
-0.04841,0.02714,0.37655
-0.0484,0.02708,0.377
-0.04841,0.02711,0.37646
-0.04841,0.02713,0.37655
-0.04841,0.02711,0.37657
-0.0484,0.02711,0.37694
-0.04841,0.02715,0.37665
-0.0484,0.02709,0.37698
-0.0484,0.02713,0.37688
-0.0484,0.02708,0.37701
-0.0484,0.02715,0.37684
-0.0484,0.0271,0.37696
-0.04841,0.02712,0.37681
-0.04841,0.02711,0.37669
-0.0484,0.0271,0.37697
-0.04841,0.02709,0.37673
-0.04841,0.0271,0.37664
-0.04841,0.02709,0.37687
-0.04841,0.02693,0.37713
-0.04621,0.02707,0.377
-0.04621,0.027,0.37707
-0.04621,0.02692,0.37713
-0.04621,0.02687,0.37716
-0.04841,0.02674,0.3772
-0.04621,0.02672,0.3772
-0.04841,0.02662,0.37621
-0.04841,0.02668,0.37721
-0.04841,0.02671,0.3772
-0.04841,0.02638,0.3763
-0.04841,0.02657,0.37622
-0.04841,0.02627,0.37641
-0.04841,0.02683,0.37623
-0.04841,0.02652,0.37623
-0.04622,0.02661,0.37621
-0.04841,0.02643,0.37628
-0.04621,0.02687,0.37624
-0.04841,0.02682,0.37623
-0.04841,0.0262,0.37686
-0.04841,0.02619,0.37678
-0.04841,0.02624,0.37693
-0.04841,0.02627,0.377
-0.04841,0.02618,0.37671
-0.04841,0.02638,0.3771
-0.04841,0.02633,0.37705
-0.04841,0.02642,0.37713
-0.04841,0.02646,0.37715
-0.04841,0.0262,0.37657
-0.04841,0.02628,0.37641
-0.04622,0.02628,0.3764
-0.04622,0.02623,0.37648
-0.04468,0.02622,0.37627
-0.04622,0.02633,0.37634
-0.04467,0.0263,0.37621
-0.0318,0.02437,0.37525
-0.04622,0.02645,0.37625
-0.04622,0.02634,0.37633
-0.03181,0.02429,0.3753
-0.04468,0.02611,0.37642
-0.04468,0.02608,0.37649
-0.0318,0.02412,0.37567
-0.04467,0.02605,0.37664
-0.04466,0.02608,0.37679
-0.03181,0.02413,0.3756
-0.0318,0.02413,0.3757
-0.04622,0.02618,0.37676
-0.04622,0.02617,0.37672
-0.04622,0.0263,0.37703
-0.04621,0.02645,0.37715
-0.04621,0.02653,0.37718
-0.04841,0.02664,0.3772
-0.04621,0.02663,0.3772
-0.04841,0.02619,0.37666
-0.03179,0.02446,0.3752
-0.03177,0.02462,0.37517
-0.03176,0.02466,0.37518
-0.03174,0.02477,0.3752
0.03736,0.02402,0.37517
0.03736,0.02419,0.37506
-0.03173,0.02446,0.37519
-0.03176,0.0246,0.37524
-0.03173,0.02421,0.37538
-0.04463,0.02659,0.37615
-0.04461,0.02671,0.37616
0.03852,0.02452,0.37506
0.03736,0.02446,0.37503
0.03736,0.02464,0.3751
-0.03174,0.0248,0.37521
0.03848,0.02434,0.37502
0.03736,0.02428,0.37503
0.0377,0.02421,0.37504
0.03772,0.02466,0.37512
0.03736,0.02472,0.37517
-0.04457,0.02691,0.37631
-0.04621,0.02697,0.3763
-0.04621,0.02701,0.37634
-0.04621,0.0271,0.37645
-0.04455,0.02702,0.37648
-0.04841,0.02698,0.37631
-0.04841,0.0269,0.37626
-0.04841,0.0271,0.37659
-0.04841,0.02704,0.37638
-0.04841,0.02715,0.3766
-0.04841,0.02712,0.37683
-0.04841,0.02717,0.37672
-0.04841,0.02712,0.3765
-0.04464,0.02655,0.37614
-0.04466,0.02639,0.37617
-0.04622,0.02651,0.37623
-0.04841,0.02709,0.37682
0.03736,0.02483,0.37534
0.03736,0.02486,0.37543
-0.04841,0.0246,0.3772
0.03892,0.02401,0.37694
-0.04841,0.02445,0.37715
-0.04841,0.02433,0.37706
0.01633,0.02411,0.37693
-0.00553,0.02418,0.37698
0.03911,0.02438,0.37703
-0.03092,0.02504,0.37742
-0.04842,0.02317,0.37675
-0.04622,0.02314,0.37686
-0.04467,0.02322,0.37698
-0.0326,0.02494,0.37784
-0.04467,0.02311,0.37713
-0.03259,0.02483,0.37799
-0.0326,0.02491,0.37789
-0.0326,0.0249,0.37791
-0.03092,0.02506,0.37789
0.00321,0.02494,0.37782
-0.03092,0.02495,0.37804
0.03737,0.02483,0.37771
0.03737,0.02482,0.37775
0.03836,0.02476,0.37783
0.03737,0.02473,0.37788
0.00321,0.02483,0.37797
-0.03092,0.02487,0.3781
0.00321,0.02475,0.37803
0.0382,0.02461,0.37796
0.03737,0.02456,0.37798
0.00321,0.02465,0.37807
0.02932,0.02456,0.37801
0.02029,0.02461,0.37803
0.03785,0.02454,0.37799
-0.03258,0.02475,0.37804
-0.03257,0.02466,0.37809
-0.04465,0.02293,0.37723
-0.04467,0.02307,0.37717
0.03834,0.02472,0.37787
0.03834,0.02483,0.37771
-0.06485,0.02083,0.37675
-0.05582,0.0247,0.37668
-0.06482,0.02864,0.37674
0.11177,-0.04102,0.34838
0.11164,-0.03812,0.34517
0.11157,-0.03809,0.33916
0.11089,-0.04177,0.33917
0.10805,-0.03828,0.33917
0.10796,-0.03813,0.34531
0.11168,-0.03813,0.34818
0.10974,-0.03808,0.34377
0.10791,-0.03806,0.34838
0.11069,-0.03814,0.33917
0.11161,-0.03811,0.34217
0.10863,-0.03805,0.34678
0.10981,-0.03819,0.33917
0.11179,-0.03989,0.34678
0.11111,-0.04054,0.33917
0.10786,-0.04125,0.33918
0.11047,-0.03738,0.34718
0.11176,-0.04127,0.34726
0.11134,-0.03932,0.33917
0.10893,-0.03824,0.33917
0.10823,-0.03795,0.34711
0.108,-0.03821,0.34224
0.10986,-0.03821,0.34367
0.10885,-0.03808,0.34833
0.10799,-0.03927,0.33917
0.10875,-0.04149,0.34678
0.10887,-0.04142,0.33917
0.10848,-0.04212,0.34839
0.10988,-0.04225,0.34678
0.10761,-0.04109,0.34725
0.10793,-0.04026,0.33918
0.10988,-0.0416,0.33917
0.10947,-0.04003,0.33917
0.10829,-0.04077,0.34839
0.10984,-0.03954,0.34838
0.11067,-0.04138,0.34838
0.10979,-0.0381,0.34828
0.11171,-0.03909,0.34824
0.11133,-0.04139,0.34377
0.10968,-0.04194,0.34378
0.1069,-0.04036,0.35119
0.1081,-0.03941,0.34839
0.11138,-0.04182,0.35118
0.10958,-0.04175,0.34839
0.11129,-0.03742,0.35118
0.11174,-0.04005,0.34831
0.11074,-0.03811,0.34823
0.27812,0.24125,0.34309
0.27844,0.2455,0.34309
0.27854,0.2455,0.34309
0.27822,0.24124,0.34309
0.27901,0.24718,0.34242
0.27815,0.24975,0.34308
0.2796,0.24539,0.34829
0.27622,0.25821,0.34238
0.2726,0.26507,0.34828
0.27535,0.23119,0.34832
0.27849,0.23868,0.34242
0.27733,0.25394,0.34308
0.271,0.22598,0.34313
0.27362,0.22936,0.34312
0.27573,0.23308,0.34311
0.26792,0.22285,0.34254
0.26865,0.22153,0.34245
0.26366,0.21885,0.34836
0.25318,0.21619,0.34245
0.25656,0.21724,0.34317
0.25236,0.21648,0.34318
0.24382,0.21602,0.34841
0.24447,0.21632,0.3425
0.24808,0.21634,0.34319
0.24385,0.21692,0.3432
0.2397,0.21792,0.34321
0.23568,0.21932,0.34254
0.23577,0.21961,0.34321
0.231,0.22206,0.34843
0.22485,0.22861,0.34247
0.22885,0.22459,0.34322
0.23213,0.22185,0.34322
0.23219,0.22193,0.34322
0.23582,0.2197,0.34321
0.22715,0.22644,0.34322
0.22375,0.23141,0.34322
0.22144,0.23346,0.34843
0.22015,0.24784,0.34321
0.21992,0.25243,0.34841
0.22014,0.24358,0.34322
0.22196,0.23528,0.34322
0.22032,0.23956,0.34246
0.22074,0.23936,0.34322
0.22065,0.23934,0.34322
0.22004,0.24357,0.34322
0.22186,0.23524,0.34322
0.22005,0.25059,0.34257
0.22005,0.24785,0.34321
0.22069,0.25208,0.3432
0.22267,0.26068,0.34281
0.22761,0.26606,0.34243
0.22377,0.26003,0.34319
0.22194,0.25617,0.3432
0.22203,0.25613,0.3432
0.22079,0.25205,0.3432
0.22622,0.26353,0.34318
0.22835,0.26732,0.34838
0.23035,0.26795,0.34316
0.22798,0.26669,0.3454
0.23793,0.27309,0.3425
0.24435,0.27546,0.34833
0.25057,0.27608,0.34244
0.25861,0.27385,0.3483
0.25009,0.27486,0.34311
0.24581,0.2747,0.34312
0.24203,0.27398,0.34313
0.23759,0.27244,0.34314
0.23381,0.27046,0.34315
0.25434,0.27443,0.3431
0.25848,0.27338,0.34309
0.25894,0.27359,0.34239
0.2646,0.27055,0.34309
0.26081,0.27252,0.34309
0.27087,0.26592,0.34237
0.27374,0.26168,0.34308
0.27114,0.26507,0.34308
0.26807,0.26805,0.34308
0.27582,0.25794,0.34308
0.26801,0.26797,0.34308
0.27106,0.265,0.34308
0.27366,0.26162,0.34308
0.27573,0.2579,0.34308
0.23973,0.21801,0.34321
0.25234,0.21658,0.34318
0.26061,0.21861,0.34316
0.26442,0.22055,0.34315
0.26437,0.22064,0.34315
0.26785,0.2231,0.34314
0.26791,0.22303,0.34314
0.27718,0.2371,0.3431
0.27727,0.23707,0.3431
0.27354,0.22941,0.34312
-0.24911,-0.24303,0.35699
-0.2517,-0.24329,0.35699
-0.24817,-0.24634,0.35699
-0.2485,-0.2496,0.35699
-0.24851,-0.25113,0.35449
-0.25193,-0.23997,0.35705
-0.2551,-0.24565,0.35433
-0.25085,-0.24382,0.35449
-0.25393,-0.24535,0.3545
-0.25011,-0.24721,0.35574
-0.25122,-0.25284,0.35435
-0.24611,-0.25395,0.35703
-0.24056,-0.25161,0.35704
-0.24484,-0.25446,0.35429
-0.2435,-0.25,0.35698
-0.24332,-0.25124,0.35448
-0.24349,-0.24598,0.35698
-0.23974,-0.24858,0.35707
-0.24123,-0.24781,0.35115
-0.24307,-0.24945,0.35117
-0.24281,-0.24807,0.33874
-0.24079,-0.25164,0.35147
-0.24501,-0.25437,0.35149
-0.24841,-0.25038,0.35122
-0.24271,-0.25229,0.35328
-0.24281,-0.27309,0.35296
-0.24777,-0.25068,0.35329
-0.24524,-0.26964,0.35151
-0.24235,-0.27337,0.35121
-0.24761,-0.27353,0.35127
-0.24745,-0.27335,0.35301
-0.2485,-0.27508,0.35313
-0.26286,-0.26813,0.35113
-0.25143,-0.27367,0.34777
-0.2485,-0.27554,0.35091
-0.24503,-0.27416,0.34871
-0.23327,-0.27341,0.35047
-0.24213,-0.27524,0.35193
-0.23704,-0.27365,0.34984
-0.2389,-0.27325,0.34762
-0.25691,-0.27366,0.35048
-0.23266,-0.27099,0.34868
-0.22738,-0.26736,0.34895
-0.22745,-0.26674,0.35112
-0.22643,-0.26866,0.35085
-0.22384,-0.26282,0.35123
-0.22298,-0.2627,0.34865
-0.22712,-0.26819,0.35307
-0.22224,-0.26321,0.35309
-0.22194,-0.26337,0.35111
-0.21788,-0.2573,0.35033
-0.22738,-0.26621,0.35294
-0.21958,-0.25718,0.3492
-0.22854,-0.26188,0.35146
-0.23876,-0.25089,0.35242
-0.22431,-0.26286,0.35291
-0.21646,-0.24875,0.35324
-0.23974,-0.252,0.3543
-0.23675,-0.24538,0.35432
-0.21941,-0.23216,0.35348
-0.21622,-0.24174,0.35184
-0.21574,-0.24787,0.35104
-0.21823,-0.2469,0.35287
-0.23701,-0.24623,0.35241
-0.24111,-0.24315,0.35146
-0.22183,-0.2447,0.35142
-0.24402,-0.2414,0.35067
-0.24469,-0.24007,0.35133
-0.2415,-0.23998,0.35146
-0.24099,-0.24326,0.35326
-0.24405,-0.24043,0.35327
-0.22858,-0.22356,0.3512
-0.22507,-0.22693,0.35294
-0.22478,-0.22694,0.35112
-0.22825,-0.22185,0.35305
-0.22805,-0.22128,0.35104
-0.22874,-0.22375,0.35289
-0.23458,-0.21784,0.3502
-0.23432,-0.21903,0.34963
-0.23419,-0.21962,0.34934
-0.22875,-0.22259,0.34861
-0.22407,-0.22699,0.3486
-0.22317,-0.22556,0.35009
-0.22348,-0.22579,0.35189
-0.21731,-0.23558,0.35046
-0.22062,-0.23202,0.3485
-0.21812,-0.23826,0.3488
-0.21811,-0.24214,0.35117
-0.21743,-0.24456,0.34771
-0.21654,-0.24547,0.34976
-0.21776,-0.25105,0.34862
-0.21798,-0.24729,0.35116
-0.21797,-0.24179,0.35301
-0.24266,-0.21604,0.35326
-0.24606,-0.23654,0.35427
-0.25589,-0.21842,0.35334
-0.24973,-0.2158,0.3518
-0.24367,-0.21552,0.35128
-0.24442,-0.2177,0.35292
-0.24426,-0.21761,0.35121
-0.24674,-0.22144,0.35145
-0.24975,-0.2176,0.35105
-0.2491,-0.218,0.35291
-0.24726,-0.2367,0.3524
-0.24895,-0.24166,0.35125
-0.25174,-0.23874,0.35244
-0.25069,-0.24147,0.35137
-0.25242,-0.24128,0.35148
-0.26459,-0.2248,0.35132
-0.26448,-0.22476,0.35298
-0.26799,-0.22817,0.35127
-0.2645,-0.22371,0.34869
-0.2594,-0.2187,0.35024
-0.26546,-0.22266,0.35126
-0.25923,-0.22024,0.3476
-0.26479,-0.22281,0.35323
-0.27005,-0.22744,0.35074
-0.26976,-0.22829,0.35313
-0.27389,-0.23382,0.35059
-0.27419,-0.24009,0.34929
-0.27219,-0.23389,0.34871
-0.26891,-0.22862,0.3478
-0.27628,-0.25219,0.35041
-0.27456,-0.25198,0.34989
-0.27456,-0.24643,0.34874
-0.27392,-0.24366,0.35122
-0.27376,-0.24899,0.3513
-0.27351,-0.25295,0.34784
-0.27141,-0.25878,0.34875
-0.26726,-0.26399,0.35116
-0.26798,-0.26406,0.34919
-0.26905,-0.2651,0.35101
-0.26323,-0.26872,0.34941
-0.25755,-0.27177,0.34874
-0.26422,-0.26915,0.35205
-0.26867,-0.26438,0.35331
-0.26651,-0.26409,0.35301
-0.27301,-0.25556,0.35339
-0.25741,-0.27232,0.35352
-0.26319,-0.26721,0.35298
-0.26245,-0.2631,0.35153
-0.25087,-0.24788,0.35149
-0.25096,-0.24767,0.35329
-0.25483,-0.24481,0.35242
-0.27002,-0.24629,0.35153
-0.25311,-0.24017,0.35329
-0.27363,-0.24408,0.35301
-0.27596,-0.24312,0.35127
-0.27547,-0.24297,0.35314
-0.27309,-0.23372,0.3537
-0.27563,-0.24932,0.3519
-0.27349,-0.24865,0.35301
-0.25195,-0.23884,0.35428
-0.24768,-0.23721,0.35696
-0.24708,-0.24086,0.35698
-0.24812,-0.24004,0.35448
-0.2441,-0.23766,0.35447
-0.23961,-0.23996,0.35699
-0.24042,-0.23854,0.35438
-0.24063,-0.24739,0.35447
-0.23806,-0.24528,0.35446
-0.24091,-0.2465,0.35697
-0.23733,-0.24765,0.3569
-0.26764,-0.22828,0.35298
-0.25318,-0.2178,0.34811
-0.24593,-0.21568,0.34991
-0.24704,-0.21704,0.34774
-0.24043,-0.21737,0.34863
-0.23445,-0.21843,0.34992
-0.25052,-0.2415,0.35702
-0.24992,-0.24678,0.3387
-0.25045,-0.24715,0.35069
-0.24864,-0.2422,0.33854
-0.24978,-0.24538,0.33705
-0.24305,-0.24259,0.33865
-0.24618,-0.24171,0.33702
-0.24753,-0.2479,0.35499
-0.24876,-0.24806,0.33703
-0.24754,-0.24321,0.35498
-0.24549,-0.24949,0.33708
-0.24293,-0.24544,0.35497
-0.24188,-0.24622,0.33712
-0.24638,-0.24944,0.33861
-0.24352,-0.24268,0.33705
-0.23428,-0.21924,0.34671
-0.23264,-0.27208,0.35356
0.24515,0.24801,0.3559
0.24482,0.24781,0.3559
0.24483,0.24781,0.3601
0.24516,0.24801,0.3601
0.24472,0.24779,0.3601
0.24642,0.24529,0.35588
0.24471,0.24778,0.3559
0.2469,0.24396,0.35587
0.24651,0.24478,0.36008
0.24667,0.2461,0.36009
0.24688,0.24645,0.35589
0.24525,0.24807,0.3559
0.24734,0.24692,0.35589
0.24735,0.2469,0.36009
0.24794,0.24721,0.36009
0.24551,0.24836,0.3559
0.24558,0.24845,0.3559
0.24793,0.24723,0.35589
0.24573,0.2488,0.3559
0.24578,0.24891,0.3559
0.24551,0.24836,0.3601
0.24559,0.24845,0.3601
0.24574,0.24881,0.3601
0.24579,0.24891,0.3601
0.24582,0.2493,0.36011
0.24581,0.24929,0.3559
0.24583,0.24941,0.36011
0.24573,0.24978,0.35591
0.24574,0.24979,0.36011
0.24572,0.2499,0.36011
0.24552,0.25023,0.36011
0.24551,0.25022,0.35591
0.24546,0.25033,0.36011
0.24545,0.25032,0.35591
0.24516,0.25058,0.35591
0.24517,0.25058,0.36011
0.24508,0.25066,0.36011
0.24507,0.25065,0.35591
0.24473,0.25081,0.36012
0.24472,0.2508,0.35592
0.24462,0.25085,0.36012
0.24461,0.25085,0.35592
0.24423,0.25088,0.35592
0.24424,0.25089,0.36012
0.24363,0.25079,0.36012
0.24411,0.25089,0.35592
0.24374,0.25081,0.35592
0.2433,0.25059,0.36012
0.24362,0.25078,0.35592
0.24329,0.25058,0.35592
0.2432,0.25053,0.36012
0.24319,0.25052,0.35589
0.24295,0.25024,0.36012
0.24287,0.25015,0.36012
0.24294,0.25023,0.35592
0.24272,0.2498,0.36012
0.24271,0.24979,0.35592
0.24268,0.24969,0.36012
0.24267,0.24968,0.35591
0.24264,0.2493,0.36011
0.24263,0.24919,0.36011
0.24264,0.2493,0.35591
0.24263,0.24918,0.35591
0.24272,0.24881,0.36011
0.24275,0.2487,0.36011
0.24271,0.24881,0.35591
0.24295,0.24837,0.36011
0.24274,0.24869,0.35591
0.24294,0.24836,0.35591
0.22653,0.25455,0.35598
0.243,0.24826,0.35591
0.24329,0.24801,0.3559
0.22427,0.25559,0.35589
0.2282,0.25639,0.35599
0.24337,0.24794,0.3559
0.26004,0.22416,0.35573
0.2187,0.26682,0.355
0.26142,0.22568,0.35574
0.2433,0.24802,0.36011
0.24301,0.24827,0.36011
0.24374,0.24779,0.3601
0.24373,0.24779,0.3559
0.24384,0.24775,0.3601
0.24423,0.24771,0.3601
0.24384,0.24774,0.3559
0.24422,0.24771,0.3559
0.24434,0.2477,0.3601
0.24434,0.2477,0.3559
0.26521,0.22986,0.35575
0.26332,0.22777,0.35574
0.25391,0.23978,0.35583
0.26048,0.22464,0.35573
0.25358,0.23958,0.35583
0.25359,0.23959,0.36003
0.25309,0.23947,0.35583
0.25299,0.23949,0.36003
0.25298,0.23948,0.35583
0.25259,0.23951,0.35583
0.2526,0.23952,0.36003
0.25249,0.23956,0.35583
0.25213,0.23971,0.35584
0.2525,0.23957,0.36004
0.25205,0.23979,0.36004
0.25403,0.23986,0.36004
0.25392,0.23979,0.36003
0.25401,0.23984,0.35583
0.25426,0.24013,0.35583
0.25435,0.24023,0.36003
0.25427,0.24014,0.36003
0.25176,0.24004,0.36004
0.2517,0.24014,0.36004
0.25151,0.24047,0.36004
0.25148,0.24059,0.36004
0.25139,0.24096,0.36005
0.2514,0.24108,0.36005
0.25144,0.24146,0.36005
0.25148,0.24157,0.36005
0.25163,0.24192,0.36005
0.25171,0.24201,0.36005
0.25196,0.2423,0.36005
0.25206,0.24236,0.36005
0.25239,0.24256,0.36005
0.2525,0.24259,0.36005
0.25288,0.24267,0.36005
0.253,0.24266,0.36005
0.25338,0.24263,0.36005
0.25349,0.24258,0.36005
0.25393,0.24236,0.36005
0.25422,0.2421,0.36004
0.25428,0.242,0.36004
0.25448,0.24167,0.36004
0.2545,0.24156,0.36004
0.25459,0.24119,0.36004
0.25458,0.24107,0.36004
0.25454,0.24069,0.36004
0.2545,0.24058,0.36004
0.25434,0.24022,0.35583
0.25449,0.24057,0.35583
0.26901,0.23404,0.35576
0.27716,0.22274,0.355
0.27379,0.23439,0.35553
0.23716,0.26628,0.35602
0.25383,0.24243,0.35585
0.25348,0.24258,0.35585
0.25058,0.24624,0.35588
0.27068,0.23589,0.35577
0.23673,0.2658,0.35602
0.23199,0.26057,0.356
0.24898,0.24733,0.35589
0.24928,0.24729,0.36009
0.25032,0.24645,0.36008
0.25073,0.24462,0.36007
0.25063,0.24458,0.35587
0.25063,0.24587,0.36007
0.25299,0.24266,0.35585
0.24991,0.24344,0.35586
0.24929,0.24318,0.36006
0.24988,0.24349,0.36006
0.24804,0.24308,0.36007
0.24862,0.24309,0.35586
0.25205,0.24236,0.35585
0.24796,0.24319,0.35587
0.25238,0.24255,0.35585
0.25249,0.24258,0.35585
0.25139,0.24107,0.35585
0.24737,0.24349,0.35587
0.25143,0.24146,0.35585
0.25147,0.24156,0.35585
0.25162,0.24192,0.35585
0.2517,0.24201,0.35585
0.25138,0.24096,0.35584
0.25147,0.24058,0.35584
0.2515,0.24047,0.35584
0.25169,0.24014,0.35584
0.25175,0.24004,0.35584
0.25204,0.23979,0.35584
0.24691,0.24393,0.36007
0.23579,0.26476,0.35601
0.23113,0.27179,0.35664
0.25454,0.24068,0.35583
0.25457,0.24106,0.35584
0.25449,0.24156,0.35584
0.25447,0.24167,0.35584
0.25427,0.242,0.35584
0.25392,0.24235,0.35585
0.25421,0.2421,0.35584
0.25458,0.24118,0.35584
0.24526,0.24807,0.3601
-0.24482,0.23926,0.34454
-0.24912,0.23987,0.35006
-0.2412,0.23907,0.35004
-0.25164,0.2442,0.34455
-0.24655,0.23866,0.33907
-0.23856,0.24178,0.34442
-0.24145,0.23902,0.33905
-0.23519,0.24537,0.34929
-0.24421,0.23752,0.34804
-0.23552,0.24552,0.339
-0.24293,0.23262,0.33904
-0.24422,0.23681,0.34254
-0.24269,0.23217,0.34254
-0.24476,0.23211,0.33904
-0.24386,0.2323,0.34021
-0.24568,0.23185,0.33904
-0.24432,0.23217,0.34021
-0.24571,0.23173,0.34138
-0.24572,0.23166,0.34255
-0.23764,0.23098,0.33907
-0.24385,0.23236,0.33904
-0.2315,0.2357,0.33899
-0.24277,0.23232,0.34137
-0.24479,0.23198,0.34138
-0.24285,0.23247,0.3402
-0.24429,0.23207,0.34138
-0.2437,0.232,0.34254
-0.24328,0.23224,0.34137
-0.2523,0.23245,0.34807
-0.24073,0.23069,0.34804
-0.24471,0.23183,0.34255
-0.24569,0.23179,0.34021
-0.25572,0.23469,0.339
-0.26061,0.24219,0.34807
-0.25329,0.23175,0.34397
-0.24047,0.23028,0.34394
-0.26127,0.24335,0.33903
-0.26161,0.24447,0.34397
-0.24743,0.23004,0.33915
-0.26076,0.25234,0.339
-0.25991,0.25545,0.34395
-0.25952,0.25467,0.34805
-0.25942,0.24898,0.34256
-0.25182,0.26241,0.34803
-0.24753,0.26536,0.34391
-0.2427,0.2653,0.33907
-0.25517,0.26065,0.33897
-0.23056,0.25887,0.34388
-0.24007,0.26388,0.348
-0.23048,0.25812,0.33893
-0.22645,0.2464,0.34389
-0.22985,0.25663,0.34799
-0.22816,0.24041,0.348
-0.22718,0.24697,0.33892
-0.23144,0.23513,0.34391
-0.22747,0.24374,0.33891
-0.22868,0.24574,0.34249
-0.23467,0.24569,0.34251
-0.2307,0.2478,0.34249
-0.23028,0.24795,0.34074
-0.22985,0.24811,0.33899
-0.22843,0.2489,0.34249
-0.23577,0.24965,0.33901
-0.23628,0.24657,0.34465
-0.2388,0.25344,0.34451
-0.23742,0.25318,0.35001
-0.23519,0.24939,0.34801
-0.24169,0.25582,0.33902
-0.24258,0.25647,0.34922
-0.24414,0.25791,0.34251
-0.24628,0.25512,0.34462
-0.24597,0.25607,0.33898
-0.24351,0.26175,0.339
-0.24262,0.26311,0.3425
-0.24336,0.26312,0.34161
-0.24455,0.26244,0.33898
-0.24558,0.26312,0.33896
-0.24553,0.26271,0.34073
-0.24284,0.26277,0.34163
-0.2445,0.26202,0.34075
-0.24548,0.26229,0.34251
-0.24307,0.26243,0.34075
-0.24555,0.26291,0.33984
-0.24403,0.26209,0.33899
-0.24329,0.26209,0.33987
-0.24506,0.26278,0.33897
-0.24476,0.2625,0.34251
-0.24484,0.26312,0.33984
-0.2455,0.2625,0.34162
-0.24333,0.26291,0.3425
-0.2441,0.26312,0.34073
-0.24405,0.2627,0.3425
-0.24624,0.2563,0.34802
-0.25287,0.25075,0.35005
-0.25313,0.24948,0.33906
-0.25402,0.24741,0.34805
-0.25065,0.25212,0.34442
-0.25272,0.24504,0.33904
-0.25917,0.24885,0.33905
-0.25473,0.2474,0.34255
-0.25905,0.24628,0.33905
-0.25914,0.24821,0.33905
-0.25917,0.24718,0.34022
-0.25951,0.2482,0.34256
-0.25979,0.24586,0.34256
-0.25923,0.24617,0.33993
-0.25938,0.24785,0.34022
-0.25936,0.24895,0.34168
-0.25923,0.24888,0.33993
-0.25942,0.24607,0.34081
-0.25961,0.24742,0.34256
-0.25961,0.24596,0.34168
-0.25959,0.24685,0.34139
-0.2597,0.24664,0.34256
-0.2593,0.24891,0.3408
-0.25929,0.24808,0.34139
-0.25908,0.24692,0.33905
-0.25911,0.24756,0.33905
-0.22914,0.24851,0.34074
-0.22851,0.24754,0.33895
0.24404,-0.25106,0.35656
0.24505,-0.24816,0.35653
0.24616,-0.2489,0.35653
0.24395,-0.25144,0.35656
0.24392,-0.25155,0.35656
0.24372,-0.25188,0.35656
0.24366,-0.25198,0.35656
0.2451,-0.24998,0.35654
0.24454,-0.24961,0.35654
0.24438,-0.24896,0.35654
0.24473,-0.24686,0.35652
0.24373,-0.25001,0.35655
0.24348,-0.24972,0.35655
0.24484,-0.24621,0.35652
0.244,-0.25056,0.35655
0.24395,-0.25045,0.35655
0.2438,-0.2501,0.35655
0.24515,-0.24562,0.35651
0.24305,-0.24946,0.35655
0.24338,-0.24966,0.35655
0.24294,-0.24943,0.35655
0.24256,-0.24934,0.35655
0.2497,-0.24315,0.35648
0.24812,-0.24519,0.3565
0.24753,-0.24488,0.3565
0.24967,-0.24277,0.35647
0.24966,-0.24265,0.35647
0.24975,-0.24228,0.35647
0.24977,-0.24217,0.35647
0.24997,-0.24184,0.35647
0.25004,-0.24174,0.35647
0.24862,-0.24402,0.35649
0.24891,-0.24417,0.35649
0.24878,-0.24594,0.3565
0.25022,-0.244,0.35648
0.25032,-0.24406,0.35648
0.24895,-0.24726,0.35651
0.25064,-0.24426,0.35648
0.24855,-0.24817,0.35652
0.2519,-0.24433,0.35648
0.25076,-0.24428,0.35648
0.24997,-0.2437,0.35648
0.24974,-0.24326,0.35648
0.1206,0.03062,0.37399
0.12059,0.03063,0.36766
0.12068,0.03074,0.36777
0.1206,0.03155,0.36737
0.11783,0.03073,0.36748
0.12052,0.03058,0.36777
0.12044,0.03057,0.36777
0.12069,0.03075,0.37399
0.12053,0.03059,0.37399
0.1207,0.03083,0.37399
0.12011,0.03204,0.37294
0.12009,0.03435,0.37288
0.12072,0.03553,0.37398
0.12041,0.03143,0.37347
0.12047,0.03578,0.37398
0.12041,0.03494,0.37343
0.12046,0.03578,0.36776
0.1177,0.0357,0.37244
0.12069,0.03446,0.36762
0.1206,0.03565,0.36757
0.12068,0.0356,0.36765
0.12067,0.03565,0.36776
0.12068,0.03563,0.36771
0.11664,0.03456,0.36685
0.1166,0.03181,0.36689
0.11621,0.03284,0.37253
0.11763,0.03068,0.37245
0.117,0.02635,0.36407
0.11567,0.02884,0.36687
0.11646,0.02742,0.37256
0.11607,0.02701,0.36653
0.11607,0.02757,0.36813
0.11606,0.02813,0.36972
0.11701,0.02943,0.36407
0.11429,0.0254,0.37202
0.11489,0.03194,0.36407
0.11425,0.02536,0.36498
0.11552,0.03819,0.36406
0.11438,0.03945,0.36932
0.11696,0.03443,0.36406
0.11433,0.02694,0.36934
0.11784,0.03568,0.36757
0.11784,0.03818,0.36405
0.11786,0.04116,0.36405
0.11784,0.03574,0.36762
0.11784,0.03577,0.36769
0.12046,0.03573,0.36762
0.12054,0.03575,0.36769
0.1206,0.03573,0.36776
0.12062,0.03574,0.37398
0.12071,0.03561,0.37398
0.12067,0.03568,0.37398
0.12068,0.03562,0.36926
0.12069,0.03563,0.37087
0.11741,0.0396,0.37252
0.11437,0.04093,0.37178
0.1143,0.04102,0.36481
0.11611,0.03944,0.36652
0.11502,0.03695,0.37253
0.1161,0.03694,0.36652
0.11265,0.02662,0.36888
0.11267,0.02728,0.36972
0.11271,0.03981,0.3697
0.11269,0.03912,0.36893
0.00614,0.04408,0.29823
0.00811,0.04425,0.30027
0.00744,0.04575,0.29932
0.00911,0.04575,0.29913
0.01038,0.04406,0.29832
0.0083,0.04478,0.2972
0.00778,0.04387,0.2955
0.00939,0.04576,0.29797
0.00858,0.04552,0.29715
0.00944,0.04646,0.29778
0.00902,0.04667,0.2993
0.0076,0.04663,0.29942
0.00872,0.04745,0.29942
0.00939,0.04738,0.29847
0.00702,0.04724,0.29864
0.0092,0.04791,0.29923
0.00764,0.04793,0.29949
0.00942,0.04793,0.29773
0.00891,0.04874,0.29945
0.00752,0.04853,0.29951
0.00694,0.04822,0.29808
0.00764,0.04723,0.29715
0.00768,0.04792,0.29709
0.00829,0.0485,0.29695
0.00695,0.04903,0.29838
0.00903,0.04929,0.29737
0.00825,0.04921,0.29958
0.00726,0.0494,0.29732
0.00701,0.04976,0.29867
0.00912,0.04965,0.29928
0.00946,0.04998,0.2983
0.0076,0.05004,0.29961
0.00854,0.04999,0.29705
0.00945,0.04861,0.29799
0.00696,0.04639,0.29787
0.00791,0.04649,0.29703
0.00896,0.04714,0.29728
0.00711,0.04577,0.29748
0.00713,0.04536,0.2977
0.24416,0.25138,0.35284
0.24389,0.24832,0.35277
0.24317,0.24926,0.35352
0.24618,0.24865,0.3528
0.2459,0.25108,0.35281
0.24398,0.25119,0.35375
0.24599,0.25101,0.35365
0.24665,0.24954,0.35326
0.24555,0.2481,0.35383
0.24667,0.2492,0.35455
0.24336,0.24887,0.35468
0.24339,0.24937,0.35413
0.2454,0.2481,0.35458
0.24563,0.25129,0.35417
0.24653,0.24933,0.35539
0.24573,0.25133,0.35497
0.24356,0.25096,0.3548
0.24354,0.25073,0.35572
0.24525,0.25138,0.35566
0.24368,0.24868,0.35555
0.24576,0.25114,0.35641
0.24342,0.25127,0.35635
0.24338,0.249,0.35674
0.24529,0.24805,0.35653
0.2465,0.24933,0.35654
0.24684,0.24974,0.35595
0.24511,0.2481,0.35565
0.27583,-0.23947,0.34893
0.27557,-0.23898,0.34372
0.27639,-0.24317,0.34372
0.27649,-0.24316,0.34372
0.27717,-0.24897,0.34308
0.27583,-0.23785,0.34306
0.27397,-0.23502,0.34372
0.27668,-0.24742,0.34373
0.27665,-0.24993,0.34894
0.27596,-0.23615,0.34892
0.26509,-0.22254,0.34893
0.2694,-0.22749,0.34301
0.27742,-0.25198,0.34894
0.27198,-0.23125,0.34372
0.26938,-0.22785,0.34372
0.2693,-0.22792,0.34372
0.25843,-0.21967,0.34302
0.26433,-0.22338,0.34372
0.26067,-0.22118,0.34373
0.25901,-0.2205,0.34373
0.25498,-0.21911,0.34374
0.24551,-0.21728,0.34896
0.25079,-0.21832,0.34375
0.2508,-0.21822,0.34375
0.24654,-0.21815,0.34376
0.24615,-0.21786,0.34307
0.24228,-0.2185,0.34377
0.23348,-0.22108,0.34303
0.23814,-0.21957,0.34378
0.23054,-0.22344,0.3438
0.22724,-0.22616,0.34381
0.22337,-0.23036,0.34314
0.2295,-0.22319,0.34901
0.2342,-0.22122,0.34379
0.23817,-0.21966,0.34378
0.2423,-0.2186,0.34377
0.23424,-0.22131,0.34379
0.22731,-0.22623,0.34381
0.22438,-0.22934,0.34382
0.22446,-0.2294,0.34382
0.22201,-0.23289,0.34383
0.22018,-0.23676,0.34384
0.22027,-0.23679,0.34384
0.21794,-0.24001,0.34905
0.21903,-0.24087,0.34385
0.21925,-0.25689,0.34907
0.21866,-0.25713,0.34318
0.21809,-0.24258,0.34315
0.21838,-0.24935,0.34386
0.2184,-0.24508,0.34385
0.2202,-0.25765,0.34387
0.21899,-0.25356,0.34386
0.22711,-0.26945,0.34907
0.22425,-0.26514,0.34387
0.22191,-0.26156,0.34387
0.22011,-0.25768,0.34387
0.22285,-0.26418,0.34311
0.21889,-0.25358,0.34386
0.23512,-0.27446,0.34313
0.22709,-0.26833,0.34386
0.23037,-0.27108,0.34386
0.22716,-0.26826,0.34386
0.23043,-0.271,0.34386
0.23406,-0.27323,0.34386
0.23401,-0.27332,0.34386
0.23797,-0.27491,0.34385
0.23794,-0.275,0.34385
0.24207,-0.2761,0.34384
0.24598,-0.27686,0.34311
0.24632,-0.27658,0.34383
0.2506,-0.27644,0.34382
0.25736,-0.27506,0.34306
0.24721,-0.27792,0.34904
0.24209,-0.276,0.34384
0.25059,-0.27634,0.34382
0.2548,-0.27568,0.34381
0.25886,-0.27431,0.3438
0.26266,-0.27237,0.34379
0.26896,-0.26758,0.34316
0.27239,-0.2657,0.34304
0.27397,-0.25984,0.34375
0.26924,-0.26694,0.34377
0.27186,-0.26357,0.34376
0.26615,-0.2699,0.34378
0.26948,-0.26842,0.34898
0.27178,-0.26351,0.34376
0.26609,-0.26982,0.34378
0.27388,-0.2598,0.34375
0.27542,-0.25583,0.34374
0.27551,-0.25586,0.34374
0.27636,-0.25167,0.34373
0.27646,-0.25169,0.34373
0.27678,-0.24742,0.34373
0.21828,-0.24935,0.34386
0.21893,-0.24085,0.34385
0.2719,-0.2313,0.34372
0.05541,0.04701,0.36667
0.0556,0.04573,0.366
0.0539,0.04737,0.36599
0.05366,0.04526,0.36625
0.0552,0.0452,0.36638
0.054,0.04745,0.36655
0.05527,0.04535,0.36688
0.05535,0.04712,0.36769
0.05384,0.04735,0.36693
0.05376,0.04729,0.36763
0.05341,0.04568,0.36732
0.05323,0.04583,0.36788
0.05485,0.0474,0.36848
0.05324,0.04574,0.36843
0.05497,0.04519,0.36835
0.05454,0.04503,0.36747
0.05565,0.04583,0.36772
0.05563,0.04599,0.36885
0.05454,0.04501,0.36889
0.05428,0.04492,0.36942
0.05561,0.04645,0.36965
0.05534,0.04712,0.36921
0.05404,0.04739,0.36936
0.0532,0.04647,0.36896
0.05324,0.04609,0.36959
0.05367,0.04721,0.37017
0.05509,0.0473,0.36999
0.05505,0.04526,0.36993
0.05554,0.04552,0.37039
0.05524,0.04728,0.3705
0.05562,0.04854,0.37084
0.05552,0.04421,0.3732
0.05388,0.04503,0.37038
0.05659,0.04736,0.37324
0.05293,0.04459,0.37325
0.05577,0.04634,0.37178
0.05388,0.04508,0.37177
0.05369,0.04732,0.37178
0.05275,0.04795,0.37326
0.05316,0.04645,0.37046
0.05513,0.04512,0.36971
0.05342,0.0471,0.3686
0.05317,0.04592,0.36663
0.11415,-0.03213,0.34676
0.11623,-0.03043,0.33914
0.11856,-0.03337,0.33914
0.11822,-0.03346,0.34675
0.1154,-0.03495,0.33915
0.11595,-0.03194,0.33915
0.11826,-0.03148,0.34723
0.11707,-0.03526,0.34717
0.11646,-0.03442,0.33915
0.11778,-0.03239,0.33914
0.11517,-0.03528,0.34836
0.11756,-0.03363,0.34836
0.11751,-0.0339,0.33915
0.117,-0.03141,0.33914
0.11875,-0.03281,0.34835
0.11381,-0.03265,0.33915
0.11366,-0.03272,0.34713
0.11542,-0.03117,0.33915
0.11434,-0.03342,0.33915
0.11491,-0.03035,0.34836
0.11508,-0.03364,0.34836
0.11461,-0.03191,0.33915
0.11487,-0.03418,0.33915
0.11367,-0.03132,0.35117
0.115,-0.03199,0.34836
0.1189,-0.03206,0.35116
0.11747,-0.03199,0.34836
0.11636,-0.03446,0.34836
0.11619,-0.03117,0.34836
0.11597,-0.03033,0.3471
0.11604,-0.0354,0.35117
0.11568,-0.03344,0.33915
0.10906,-0.04627,0.34339
0.1087,-0.04852,0.3439
0.10924,-0.04688,0.34442
0.10894,-0.04725,0.3422
0.10963,-0.04659,0.34269
0.10944,-0.04787,0.34228
0.10997,-0.04641,0.34404
0.11009,-0.04721,0.3423
0.11043,-0.04617,0.34345
0.11033,-0.04759,0.34462
0.10968,-0.04852,0.34423
0.11017,-0.04855,0.34269
0.11057,-0.04867,0.34386
0.11099,-0.04626,0.34373
0.11129,-0.04802,0.34449
0.11109,-0.048,0.3422
0.11074,-0.04715,0.34218
0.11177,-0.04641,0.34278
0.11138,-0.04651,0.34423
0.1117,-0.04794,0.34228
0.11174,-0.04867,0.34364
0.11255,-0.04809,0.34446
0.11192,-0.04668,0.34437
0.11226,-0.04851,0.34251
0.11287,-0.04867,0.34337
0.11277,-0.04695,0.34231
0.11346,-0.04622,0.34318
0.1135,-0.04784,0.3422
0.11263,-0.04623,0.34336
0.11293,-0.048,0.34228
0.11609,-0.04781,0.34115
0.11354,-0.04907,0.3439
0.11609,-0.04971,0.34306
0.11617,-0.04509,0.3434
0.11442,-0.04751,0.34231
0.11442,-0.04757,0.3445
0.11611,-0.04819,0.34563
0.11321,-0.04705,0.34463
0.11248,-0.04664,0.34425
0.10927,-0.04876,0.34362
0.10911,-0.0485,0.34251
0.10275,0.01584,0.35654
0.09605,0.01554,0.35829
0.09722,0.01466,0.35621
0.09742,0.01346,0.3563
0.09683,0.01329,0.36008
0.1028,0.01625,0.35908
0.09666,0.01666,0.35803
0.10204,0.01489,0.35615
0.10252,0.0143,0.35596
0.10241,0.01522,0.35612
0.10241,0.01564,0.35643
0.10241,0.01554,0.35631
0.10241,0.01566,0.35641
0.09728,0.01568,0.35642
0.09728,0.01517,0.35609
0.10237,0.01496,0.356
0.09732,0.01498,0.356
0.09731,0.01442,0.35589
0.09735,0.01405,0.35593
0.09779,0.01493,0.35607
0.09779,0.01478,0.35603
0.09786,0.01491,0.35597
0.09598,0.01306,0.35579
0.09722,0.0124,0.35635
0.09739,0.01367,0.35598
0.09767,0.01419,0.35614
0.09782,0.01481,0.35595
0.09784,0.01463,0.35599
0.09791,0.0148,0.35596
0.09766,0.01373,0.35614
0.09757,0.01441,0.35624
0.09803,0.01389,0.35645
0.09787,0.01397,0.35646
0.09803,0.01374,0.35634
0.09792,0.01358,0.35604
0.09781,0.01371,0.35608
0.09803,0.01369,0.35624
0.09803,0.01385,0.35619
0.10165,0.01382,0.35641
0.10165,0.01389,0.35645
0.10164,0.01373,0.35633
0.10179,0.01379,0.35642
0.10164,0.01368,0.35625
0.10164,0.01367,0.35616
0.09803,0.01351,0.35605
0.10173,0.01367,0.35612
0.10164,0.01355,0.35604
0.10188,0.0136,0.35602
0.10226,0.01399,0.35599
0.0989,0.01359,0.35606
0.09988,0.01359,0.35609
0.10204,0.01346,0.35619
0.10263,0.012,0.35683
0.10239,0.01415,0.35597
0.10266,0.01281,0.35992
0.09723,0.0126,0.35998
0.10177,0.01356,0.35595
0.10164,0.01381,0.35612
0.10164,0.01365,0.35598
0.09803,0.01362,0.35597
0.10197,0.01419,0.35623
0.10164,0.01369,0.356
0.09803,0.01381,0.35611
0.10164,0.01383,0.35618
0.10172,0.01385,0.3562
0.1018,0.01388,0.35621
0.10165,0.01392,0.35627
0.09803,0.01395,0.35628
0.10165,0.01394,0.35628
0.09803,0.01389,0.35626
0.10074,0.01385,0.3562
0.09793,0.01387,0.3562
0.09796,0.01389,0.35624
0.09789,0.01389,0.35622
0.09784,0.01392,0.35623
0.09982,0.01386,0.35621
0.09799,0.01388,0.35624
0.10092,0.01384,0.35618
0.09799,0.0139,0.35625
0.09791,0.01388,0.35621
0.09795,0.01387,0.35621
0.09786,0.01391,0.35622
0.09801,0.01389,0.35625
0.09789,0.01391,0.35624
0.09795,0.0139,0.35624
0.09794,0.01391,0.35624
0.09984,0.01386,0.35622
0.09845,0.01388,0.35623
0.09797,0.01388,0.35622
0.09894,0.01388,0.35624
0.09794,0.0139,0.35624
0.09981,0.01386,0.3562
0.09888,0.01386,0.35621
0.09979,0.01385,0.35619
0.10041,0.01384,0.35619
0.09788,0.01391,0.35623
0.09801,0.01385,0.35619
0.10103,0.01384,0.35619
0.09948,0.01384,0.35619
0.09855,0.01386,0.3562
0.09798,0.01386,0.3562
0.0987,0.01385,0.35619
0.09876,0.01384,0.35619
0.09917,0.01386,0.3562
0.09796,0.01386,0.3562
0.09834,0.01385,0.3562
0.09792,0.01381,0.35606
0.09803,0.01369,0.356
0.09784,0.01363,0.35595
0.09901,0.01385,0.35619
0.09896,0.01385,0.35619
0.09873,0.01385,0.35619
0.09836,0.01385,0.35619
0.1002,0.01384,0.35619
0.101,0.01386,0.3562
0.10181,0.01436,0.35628
0.10165,0.01443,0.35627
0.09798,0.01448,0.35626
0.10165,0.01454,0.35613
0.10165,0.01454,0.35612
0.09804,0.01453,0.35619
0.09804,0.01461,0.35605
0.09804,0.01455,0.35613
0.10165,0.01453,0.35614
0.10014,0.01452,0.35618
0.10165,0.01451,0.35618
0.09864,0.01453,0.35618
0.09924,0.01453,0.35617
0.10044,0.01452,0.35617
0.10165,0.01452,0.35617
0.09984,0.01453,0.35616
0.10074,0.01453,0.35616
0.10165,0.01452,0.35616
0.10105,0.01453,0.35615
0.10044,0.01453,0.35615
0.10165,0.01453,0.35616
0.10135,0.01453,0.35614
0.10105,0.01453,0.35614
0.10165,0.01453,0.35615
0.10044,0.01452,0.35618
0.09954,0.01453,0.35618
0.09984,0.01452,0.35619
0.10074,0.01452,0.35617
0.10007,0.01453,0.35617
0.10029,0.01452,0.35618
0.10105,0.01452,0.35617
0.10074,0.01452,0.35618
0.10059,0.01453,0.35617
0.10135,0.01452,0.35616
0.1012,0.01452,0.35618
0.10112,0.01453,0.35616
0.09939,0.01452,0.35619
0.0979,0.01449,0.35623
0.0982,0.01451,0.35621
0.09849,0.01453,0.35619
0.09846,0.0145,0.35622
0.09894,0.01452,0.35619
0.09793,0.0145,0.35622
0.09821,0.01451,0.35621
0.09801,0.01451,0.35622
0.09848,0.01452,0.3562
0.09798,0.01451,0.35621
0.09792,0.01449,0.35624
0.09796,0.01449,0.35623
0.09796,0.0145,0.35621
0.09796,0.01448,0.35625
0.09801,0.01452,0.3562
0.09798,0.0145,0.35622
0.09794,0.01448,0.35624
0.098,0.0145,0.35623
0.09799,0.01449,0.35624
0.098,0.01451,0.35622
0.09797,0.01449,0.35623
0.09802,0.01452,0.3562
0.10165,0.01467,0.35599
0.09804,0.01477,0.35597
0.10165,0.01474,0.35596
0.10165,0.01474,0.35606
0.09804,0.01475,0.35607
0.10188,0.01465,0.35608
0.10165,0.01469,0.35613
0.09804,0.01469,0.35623
0.09804,0.01482,0.35604
0.09785,0.01467,0.35612
0.10165,0.01485,0.35604
0.10165,0.01462,0.35633
0.09804,0.01463,0.35634
0.09804,0.01457,0.35641
0.10165,0.01453,0.35641
0.09787,0.01439,0.35646
0.10165,0.01447,0.35644
0.10186,0.01445,0.35644
0.10165,0.01397,0.35646
0.10187,0.01477,0.35602
0.1008,0.01482,0.35604
0.10176,0.01481,0.35603
0.09984,0.01484,0.35604
0.0999,0.01482,0.35604
0.10165,0.01484,0.35595
0.10184,0.01473,0.35594
0.10181,0.0149,0.35596
0.09804,0.01486,0.35596
0.10165,0.01491,0.35597
0.10268,0.01445,0.36033
0.09722,0.01553,0.36003
0.09599,0.01358,0.3604
0.0933,0.01525,0.36002
0.09328,0.01229,0.35962
0.0913,0.01194,0.35883
0.0933,0.0123,0.35608
0.09586,0.01252,0.35973
0.09329,0.01583,0.36053
0.09131,0.01281,0.36003
0.09131,0.01228,0.3595
0.09324,0.01236,0.36057
0.09131,0.01347,0.36039
0.09131,0.01422,0.36048
0.09132,0.01495,0.36036
0.09325,0.01708,0.35775
0.10387,0.01688,0.36066
0.09132,0.01562,0.36002
0.09323,0.0133,0.35547
0.10381,0.01175,0.35669
0.0913,0.01194,0.35736
0.10383,0.01239,0.36051
0.0913,0.01183,0.3581
0.0913,0.01228,0.35669
0.0913,0.01281,0.35616
0.0913,0.01279,0.35615
0.0913,0.01347,0.35582
0.0913,0.01421,0.35571
0.09131,0.01495,0.35582
0.09323,0.01634,0.35641
0.09131,0.01561,0.35616
0.09131,0.01614,0.35669
0.09132,0.01648,0.35735
0.09132,0.0166,0.35809
0.09132,0.01648,0.35883
0.09132,0.01615,0.35949
0.09132,0.01616,0.35951
0.09585,0.01302,0.35611
0.09587,0.01677,0.35867
0.09329,0.0151,0.35593
0.10388,0.01628,0.35593
0.10388,0.01055,0.36053
0.1038,0.01118,0.35523
0.10385,0.00933,0.35527
0.10387,0.00949,0.35634
0.10381,0.00936,0.35847
0.10381,0.00998,0.35848
0.10381,0.01039,0.35848
0.10381,0.01039,0.3595
0.10381,0.01034,0.35918
0.10381,0.00998,0.35867
0.10381,0.0102,0.35889
0.09478,0.01043,0.35951
0.09478,0.01023,0.35891
0.09478,0.01044,0.35939
0.09478,0.01038,0.35983
0.09478,0.01023,0.36012
0.09478,0.00986,0.36044
0.09555,0.01044,0.35983
0.09478,0.00988,0.35864
0.10135,0.00936,0.35832
0.09554,0.00882,0.35844
0.09554,0.00866,0.36036
0.10204,0.01014,0.36052
0.09752,0.01019,0.3595
0.10169,0.01015,0.35964
0.10262,0.00975,0.36006
0.10229,0.0085,0.3601
0.09704,0.00865,0.35951
0.10276,0.00911,0.35861
0.09684,0.00972,0.35906
0.09656,0.00982,0.35943
0.09684,0.00972,0.35996
0.10236,0.00976,0.3591
0.10274,0.01022,0.35936
0.09478,0.00897,0.36042
0.09478,0.00837,0.35972
0.1038,0.00833,0.3595
0.09478,0.00842,0.35984
0.09477,0.00842,0.3592
0.09477,0.00864,0.35885
0.09478,0.00856,0.36012
0.09478,0.00879,0.36035
0.09478,0.00879,0.35868
0.1038,0.00853,0.35889
0.09478,0.00924,0.35852
0.09478,0.00939,0.35849
0.09478,0.00971,0.35854
0.09478,0.00908,0.35854
0.1038,0.00876,0.35866
0.1038,0.00905,0.35848
0.1038,0.00817,0.35828
0.1038,0.00828,0.35763
0.10387,0.00771,0.36062
0.10387,0.00765,0.35977
0.1038,0.00838,0.35918
0.1038,0.00724,0.35871
0.1038,0.00724,0.35848
0.1038,0.00742,0.35889
0.1038,0.00757,0.35918
0.1038,0.00762,0.3595
0.1038,0.00659,0.35847
0.1038,0.00796,0.35768
0.1038,0.00817,0.35765
0.09477,0.00799,0.3577
0.09477,0.00831,0.35765
0.09477,0.0086,0.3575
0.1038,0.00857,0.35748
0.09477,0.00767,0.35768
0.09477,0.00893,0.35715
0.09553,0.00787,0.35768
0.09553,0.00693,0.35667
0.09477,0.00704,0.35698
0.09477,0.00716,0.35728
0.09477,0.00739,0.3575
0.1038,0.00764,0.35763
0.1038,0.00724,0.35737
0.1038,0.00736,0.35748
0.09129,0.00812,0.35776
0.09227,0.00804,0.35762
0.09359,0.00723,0.35722
0.09352,0.00772,0.35756
0.09469,0.00891,0.35679
0.09357,0.00893,0.35667
0.09241,0.00706,0.35694
0.09465,0.00728,0.35581
0.09245,0.00896,0.35656
0.10379,0.00713,0.35726
0.10379,0.00698,0.35697
0.10379,0.00693,0.35665
0.09476,0.00696,0.35667
0.10379,0.00658,0.35505
0.10379,0.00698,0.35633
0.09476,0.00701,0.35635
0.09476,0.00701,0.35649
0.09476,0.00716,0.35607
0.09476,0.00766,0.35566
0.09477,0.00831,0.35569
0.09477,0.00878,0.356
0.09477,0.00799,0.35564
0.10379,0.00764,0.35567
0.09476,0.00739,0.35584
0.09553,0.00803,0.35562
0.10134,0.00796,0.35548
0.09554,0.00906,0.35684
0.09691,0.00872,0.35674
0.10277,0.00831,0.3558
0.10267,0.00716,0.35638
0.09721,0.00721,0.35644
0.09683,0.00766,0.35712
0.1021,0.00822,0.35802
0.09683,0.00781,0.3572
0.10265,0.00865,0.3571
0.10262,0.00759,0.35724
0.10182,0.00703,0.35701
0.10235,0.00772,0.35715
0.1038,0.00857,0.35582
0.09477,0.00883,0.35606
0.09477,0.00897,0.35635
0.09477,0.00902,0.35667
0.09477,0.00897,0.35699
0.1038,0.00894,0.35697
0.1038,0.00899,0.35665
0.10384,0.00916,0.356
0.1038,0.00828,0.35567
0.1038,0.00879,0.35604
0.10379,0.00817,0.35565
0.10379,0.00796,0.35562
0.1038,0.0088,0.35725
0.10379,0.00735,0.35582
0.10379,0.00724,0.35593
0.10379,0.00713,0.35605
0.1038,0.01021,0.35504
0.10379,0.00553,0.35567
0.10383,0.00651,0.35566
0.10379,0.00541,0.35565
0.10377,0.00257,0.35505
0.1023,0.01634,0.35463
0.10378,0.00521,0.35562
0.1038,0.01039,0.35513
0.1038,0.01118,0.35513
0.10382,0.01634,0.35504
0.10382,0.01682,0.35512
0.10359,0.01671,0.35489
0.10379,0.01804,0.35583
0.09747,0.01855,0.35519
0.0975,0.01765,0.36128
0.10387,0.01788,0.36104
0.10232,0.01584,0.3615
0.09727,0.01586,0.36151
0.09728,0.0166,0.36253
0.09732,0.01595,0.36231
0.09745,0.01595,0.36205
0.09754,-0.01655,0.36189
0.09791,0.01594,0.36172
0.09819,0.01594,0.36167
0.10386,0.01592,0.36166
0.10386,0.01691,0.36173
0.09784,0.01804,0.3613
0.10386,0.01878,0.35561
0.09807,0.01655,0.36198
0.09789,0.01595,0.36213
0.09779,0.01904,0.35578
0.09812,0.02087,0.35727
0.09815,0.02215,0.36021
0.0977,0.01695,0.36229
0.09778,0.01595,0.36224
0.0972,0.02238,0.35903
0.09814,0.02503,0.35969
0.09724,0.02331,0.35968
0.09757,0.02345,0.36437
0.09768,0.01595,0.36254
0.0973,0.02065,0.36435
0.09754,-0.02535,0.36441
0.09757,-0.01655,0.36258
0.09731,0.02596,0.364
0.09693,0.02243,0.36149
0.09767,-0.01851,0.3616
0.09759,-0.01655,0.36243
0.09766,-0.01655,0.36228
0.09778,-0.01655,0.36217
0.09803,0.01594,0.36206
0.09807,-0.01655,0.36207
0.10323,-0.01784,0.36182
0.10321,0.01593,0.36202
0.10374,-0.01847,0.36123
0.10343,-0.01657,0.36202
0.10375,-0.01657,0.36188
0.10355,0.01592,0.36197
0.09732,-0.01927,0.3557
0.09763,-0.01843,0.36094
0.09785,-0.01707,0.36168
0.10374,-0.01935,0.35547
0.09768,-0.01961,0.35553
0.0972,-0.01857,0.36179
0.09779,-0.01655,0.36176
0.09726,-0.01723,0.36206
0.09716,-0.01655,0.36263
0.0972,-0.01655,0.36235
0.10368,-0.0178,0.36085
0.10372,-0.01574,0.3612
0.10376,-0.00464,0.36112
0.10377,0.00001,0.36122
0.10374,-0.01833,0.35594
0.09294,-0.01744,0.35933
0.10375,-0.00654,0.36103
0.10375,-0.01144,0.3564
0.09315,-0.01199,0.35919
0.09121,-0.01403,0.36042
0.0912,-0.01673,0.35672
0.0912,-0.01707,0.35739
0.09313,-0.01485,0.3554
0.0912,-0.01719,0.35813
0.0912,-0.01705,0.35887
0.09121,-0.01478,0.36054
0.09121,-0.01552,0.36042
0.0912,-0.01619,0.36008
0.0912,-0.01671,0.35954
0.09121,-0.01337,0.35618
0.0912,-0.01404,0.35584
0.0912,-0.0162,0.35618
0.0912,-0.01553,0.35584
0.0912,-0.01478,0.35572
0.09313,-0.015,0.3554
0.0912,-0.01478,0.35574
0.09121,-0.01283,0.35671
0.09317,-0.01206,0.3584
0.09321,-0.01628,0.35627
0.09574,-0.01659,0.3566
0.09576,-0.01266,0.35679
0.0932,-0.01271,0.35905
0.09577,-0.01459,0.36047
0.09322,-0.01607,0.36035
0.09589,-0.01558,0.36049
0.09662,-0.01643,0.35638
0.09636,-0.01257,0.35708
0.0971,-0.01316,0.35974
0.09711,-0.01709,0.35864
0.09713,-0.01525,0.36047
0.10257,-0.01715,0.35829
0.10255,-0.01587,0.36008
0.10267,-0.01284,0.35919
0.09672,-0.01671,0.35921
0.10265,-0.01395,0.36029
0.09603,-0.01335,0.35876
0.09727,-0.01538,0.35634
0.10213,-0.01545,0.35637
0.1024,-0.01548,0.35595
0.10241,-0.01436,0.35625
0.10227,-0.01546,0.35616
0.10187,-0.01556,0.3561
0.09796,-0.01559,0.35613
0.10213,-0.01456,0.35596
0.10176,-0.01542,0.35606
0.10154,-0.01549,0.35608
0.09772,-0.01556,0.35612
0.09793,-0.01548,0.35609
0.09771,-0.01541,0.35607
0.09767,-0.01527,0.35613
0.09736,-0.01502,0.35593
0.09793,-0.0154,0.35609
0.09713,-0.01434,0.35627
0.09729,-0.01477,0.35593
0.09774,-0.01536,0.35599
0.09722,-0.01453,0.35592
0.09782,-0.01532,0.35602
0.09787,-0.01531,0.35603
0.09793,-0.0153,0.35604
0.09793,-0.01522,0.35609
0.09778,-0.01515,0.35613
0.09762,-0.01479,0.3563
0.09764,-0.01513,0.35647
0.09766,-0.01435,0.35615
0.09745,-0.01469,0.35647
0.09718,-0.01382,0.35613
0.09722,-0.01401,0.35604
0.09776,-0.01409,0.35601
0.0976,-0.0141,0.3561
0.09773,-0.01425,0.35607
0.09781,-0.0142,0.35599
0.09773,-0.01437,0.35603
0.09793,-0.01429,0.35617
0.09793,-0.01417,0.35608
0.10154,-0.01424,0.356
0.10177,-0.01422,0.35606
0.10154,-0.01431,0.35617
0.09793,-0.0143,0.35621
0.10154,-0.01432,0.35626
0.09793,-0.01445,0.35646
0.10154,-0.01433,0.35629
0.10168,-0.01445,0.35647
0.10154,-0.01462,0.35649
0.10154,-0.01511,0.35648
0.10182,-0.01507,0.35648
0.10154,-0.01452,0.35648
0.10154,-0.01444,0.35644
0.09793,-0.01451,0.35649
0.09768,-0.01461,0.35649
0.09772,-0.015,0.3565
0.09793,-0.0151,0.35649
0.09793,-0.01518,0.35644
0.09793,-0.01527,0.35635
0.10154,-0.0152,0.35644
0.10154,-0.01531,0.35629
0.09793,-0.01531,0.35621
0.1017,-0.01533,0.35611
0.10154,-0.01533,0.35617
0.10206,-0.015,0.35609
0.10154,-0.01536,0.35612
0.10154,-0.01415,0.35599
0.10164,-0.01395,0.35614
0.09974,-0.01419,0.356
0.10174,-0.01426,0.35598
0.09793,-0.01423,0.35601
0.10171,-0.0141,0.356
0.10176,-0.0142,0.35598
0.10227,-0.01403,0.35604
0.10154,-0.01408,0.35601
0.10231,-0.01377,0.35616
0.10259,-0.01274,0.35655
0.10231,-0.01335,0.35647
0.10231,-0.01345,0.35635
0.09717,-0.01332,0.35646
0.1024,-0.01492,0.3561
0.10226,-0.01502,0.35595
0.10176,-0.01544,0.35598
0.09793,-0.01547,0.356
0.10154,-0.01539,0.356
0.10154,-0.0152,0.35614
0.10184,-0.01488,0.35626
0.09785,-0.01458,0.35632
0.10162,-0.01505,0.35631
0.1016,-0.01517,0.35616
0.10165,-0.01507,0.3563
0.10171,-0.01511,0.35625
0.10185,-0.01461,0.35609
0.10173,-0.01455,0.35626
0.10173,-0.01463,0.35631
0.10154,-0.01456,0.35631
0.09793,-0.01447,0.35623
0.09793,-0.01453,0.35631
0.10154,-0.01452,0.35629
0.10154,-0.01445,0.35614
0.09793,-0.01432,0.35604
0.09782,-0.01443,0.35611
0.09974,-0.01438,0.35609
0.10165,-0.01431,0.35601
0.10166,-0.01448,0.35615
0.1016,-0.01449,0.35624
0.10065,-0.01446,0.35619
0.10157,-0.01447,0.35619
0.09974,-0.01446,0.35618
0.09974,-0.01426,0.35601
0.1007,-0.01428,0.35601
0.09793,-0.01428,0.35602
0.09793,-0.01431,0.35604
0.1016,-0.01427,0.356
0.09975,-0.01447,0.35621
0.09787,-0.01437,0.35608
0.10154,-0.01508,0.35631
0.09793,-0.01515,0.35623
0.10163,-0.01513,0.35624
0.10154,-0.01516,0.35622
0.09793,-0.01518,0.35615
0.09774,-0.01507,0.35627
0.09776,-0.01503,0.35631
0.10073,-0.01513,0.35624
0.09974,-0.01515,0.35622
0.10154,-0.01518,0.35616
0.09878,-0.01528,0.35605
0.09973,-0.01525,0.35609
0.09793,-0.01539,0.356
0.09787,-0.01421,0.356
0.10232,-0.01335,0.35975
0.10232,-0.01345,0.35986
0.09718,-0.01333,0.35975
0.09718,-0.01346,0.35988
0.09121,-0.01249,0.35738
0.09121,-0.01237,0.35813
0.09122,-0.01251,0.35887
0.09121,-0.01336,0.36008
0.09122,-0.01283,0.35954
0.09122,-0.01249,0.35887
0.0912,-0.01671,0.35673
0.10379,-0.00539,0.35612
0.10381,-0.00586,0.35523
0.10376,-0.01151,0.3553
0.09315,-0.01054,0.35644
0.10372,-0.012,0.35507
0.10373,-0.01085,0.35507
0.10218,-0.01699,0.35468
0.10373,-0.01085,0.35515
0.10363,-0.01752,0.35503
0.10375,-0.00362,0.35506
0.10375,-0.00513,0.35511
0.10375,-0.00309,0.35525
0.10375,-0.00309,0.35514
0.10377,0.00195,0.35518
0.10377,0.00203,0.35515
0.10377,0.00199,0.35515
0.10387,0.00193,0.35531
0.10378,0.00219,0.3553
0.10383,0.00208,0.35612
0.10376,-0.00296,0.35665
0.09318,-0.00089,0.35549
0.10378,0.00357,0.35849
0.10378,0.00232,0.35732
0.10379,0.00382,0.35847
0.10378,0.00418,0.35665
0.10378,0.00449,0.35594
0.10378,0.00423,0.35634
0.10378,0.00438,0.35605
0.0932,0.00245,0.35748
0.09126,0.00113,0.35616
0.0932,0.00009,0.36084
0.09127,0.00167,0.35953
0.09126,0.00166,0.35669
0.09126,0.00201,0.35736
0.09127,0.00213,0.35811
0.09127,0.00201,0.35885
0.09318,0.00056,0.36075
0.09322,0.0021,0.35672
0.09126,0.00165,0.35671
0.09327,-0.00228,0.35642
0.09581,-0.00129,0.35591
0.09125,-0.00029,0.35573
0.09579,0.0022,0.35796
0.09125,0.00046,0.35582
0.09125,-0.00103,0.35582
0.09125,-0.00029,0.3557
0.09125,-0.0017,0.35616
0.09125,-0.00223,0.3567
0.09318,-0.00305,0.35838
0.09125,-0.00258,0.35737
0.09125,-0.00269,0.35812
0.09125,-0.00257,0.35886
0.09125,-0.00223,0.35953
0.09325,-0.0016,0.36011
0.09593,-0.00285,0.35773
0.09582,-0.00033,0.36034
0.09126,-0.00102,0.3604
0.09126,-0.0017,0.36006
0.09324,0.00144,0.35651
0.09594,0.00024,0.36028
0.09718,-0.00231,0.35954
0.09718,0.00007,0.36035
0.09714,0.00128,0.35978
0.09625,0.00198,0.35716
0.09727,-0.00008,0.35591
0.09714,0.00136,0.35637
0.10271,0.00206,0.35796
0.10236,0.00114,0.35645
0.10273,0.00066,0.36009
0.10237,0.00114,0.35974
0.09609,-0.0003,0.35987
0.10218,0.00032,0.35636
0.10269,0.00015,0.35564
0.10241,-0.00054,0.35591
0.10236,0.00072,0.35614
0.09738,0.00044,0.35635
0.09722,-0.0009,0.35625
0.09773,0.00044,0.35609
0.10188,0.00044,0.35609
0.1016,0.00041,0.35599
0.10225,0.00006,0.35593
0.10214,-0.00025,0.35606
0.10182,0.00028,0.35604
0.10185,0.00014,0.35613
0.10192,-0.00073,0.35611
0.10192,-0.00085,0.35603
0.10185,-0.00064,0.35644
0.10186,-0.00011,0.35646
0.1016,0.00024,0.35608
0.1016,0.00018,0.356
0.1016,0.00019,0.35615
0.1016,0.00012,0.35635
0.1016,0.00006,0.35642
0.09798,0.00003,0.35621
0.09798,0.00016,0.35633
0.0975,-0.00008,0.35624
0.1016,0.00003,0.35643
0.09798,-0.00001,0.35647
0.1016,-0.00003,0.35646
0.09778,-0.0005,0.35648
0.09777,-0.00012,0.35648
0.09773,0.00015,0.3561
0.09775,-0.00079,0.3561
0.09798,-0.00082,0.35619
0.09798,-0.00075,0.35636
0.09798,-0.00084,0.35612
0.09729,-0.00067,0.35598
0.09731,-0.00125,0.35604
0.09786,-0.00091,0.35606
0.09798,-0.0006,0.35647
0.09792,-0.00093,0.35606
0.09798,-0.00095,0.35607
0.1017,-0.00082,0.35615
0.10159,-0.00083,0.35618
0.10159,-0.00073,0.35607
0.10159,-0.00069,0.35614
0.10221,-0.00056,0.35586
0.10159,-0.0007,0.35612
0.09798,-0.00068,0.35613
0.10159,-0.00089,0.35598
0.09798,-0.0008,0.35602
0.09798,-0.00087,0.35599
0.10159,-0.00089,0.35608
0.10159,-0.001,0.35606
0.09802,-0.0011,0.35611
0.10178,-0.00109,0.35609
0.09798,-0.00099,0.35607
0.09882,-0.00094,0.35606
0.09979,-0.00097,0.35606
0.10241,-0.00074,0.35625
0.10233,-0.00024,0.35592
0.10256,-0.00261,0.35799
0.10263,-0.0013,0.35602
0.10264,-0.0015,0.36006
0.10159,-0.0009,0.35598
0.09798,-0.00098,0.35598
0.09779,-0.00087,0.35597
0.0976,-0.00071,0.35593
0.09783,-0.00065,0.35611
0.09765,-0.00033,0.35628
0.09777,-0.00004,0.35619
0.09793,-0.00001,0.35625
0.09788,-0.00063,0.35622
0.0978,-0.0005,0.3563
0.1019,-0.00038,0.35628
0.09798,0,0.35626
0.10195,-0.00026,0.3561
0.10179,-0.00006,0.35624
0.10175,-0.00062,0.35623
0.10178,-0.00013,0.35629
0.1016,-0.00007,0.35629
0.10159,-0.00058,0.35629
0.10169,-0.00056,0.35629
0.10167,-0.00065,0.35618
0.10159,-0.00063,0.35626
0.09798,-0.00065,0.35621
0.09888,-0.00066,0.35619
0.09881,-0.00064,0.3562
0.09796,-0.00065,0.35621
0.09979,-0.00067,0.35618
0.09885,-0.00065,0.3562
0.0979,-0.00064,0.35622
0.09931,-0.00066,0.35619
0.10069,-0.00068,0.35616
0.09793,-0.00064,0.35622
0.09928,-0.00065,0.35619
0.10021,-0.00067,0.35617
0.09974,-0.00066,0.35618
0.09883,-0.00065,0.3562
0.10023,-0.00067,0.35617
0.10066,-0.00067,0.35616
0.09798,-0.00055,0.3563
0.10165,0.00001,0.35622
0.10171,0.00002,0.35613
0.1016,0.00004,0.35615
0.09793,0.00001,0.35624
0.0998,0.00001,0.35624
0.09796,0.00001,0.35625
0.09982,0,0.35624
0.10073,0,0.35623
0.09797,0,0.35626
0.10072,0.00001,0.35622
0.0989,0,0.35625
0.09981,0.00001,0.35624
0.09979,0.00001,0.35623
0.09981,0,0.35624
0.09794,0.00001,0.35624
0.09886,0.00001,0.35623
0.0998,0.00001,0.35623
0.09934,0.00001,0.35624
0.09888,0.00001,0.35624
0.0984,0.00001,0.35624
0.09935,0.00001,0.35624
0.09842,0.00001,0.35625
0.09843,0,0.35625
0.09798,0.00011,0.35607
0.09979,0.00008,0.3561
0.1016,0.00005,0.35612
0.09787,0.00007,0.35609
0.09793,0.00009,0.35608
0.09785,-0.00001,0.35621
0.09779,0.00013,0.35601
0.09798,0.00018,0.35602
0.09798,0.00022,0.356
0.09786,0.0003,0.35598
0.09798,0.00027,0.35599
0.09792,0.00028,0.35598
0.1016,0.00024,0.35598
0.10171,0.00019,0.35599
0.10179,0.00023,0.35596
0.09979,0.00031,0.35598
0.1016,0.00034,0.35597
0.10176,0.0004,0.35598
0.10232,0.00047,0.35602
0.09723,0.00067,0.35611
0.09727,0.00049,0.35602
0.09781,0.00041,0.35599
0.09777,0.00031,0.35597
0.09719,0.00116,0.35644
0.10236,0.00105,0.35633
0.09786,-0.00001,0.35622
0.09788,-0.00001,0.35623
0.09781,-0.00002,0.3562
0.09792,0.00001,0.35624
0.09795,0.00001,0.35625
0.09789,0,0.35623
0.09782,-0.00003,0.35621
0.09789,-0.00001,0.35623
0.09792,-0.00001,0.35624
0.09788,-0.00002,0.35623
0.10159,-0.00074,0.35638
0.10159,-0.0007,0.35642
0.10159,-0.00068,0.35643
0.10159,-0.00061,0.35646
0.09798,-0.00059,0.35647
0.09789,0.00025,0.35607
0.09798,0.00023,0.35611
0.09798,0.0002,0.35619
0.09798,0.00033,0.35606
0.09985,0.00034,0.35604
0.10171,0.00035,0.35602
0.09979,0.00037,0.35603
0.10075,0.00036,0.35602
0.0972,0.00103,0.35986
0.09723,0.00117,0.35973
0.09126,-0.00028,0.36052
0.09126,0.00046,0.3604
0.09127,0.00114,0.36006
0.10378,0.00284,0.35919
0.10378,0.00279,0.35951
0.10378,0.00299,0.3589
0.10378,0.00321,0.35867
0.09476,0.00353,0.35854
0.09476,0.00324,0.35872
0.09476,0.00302,0.35892
0.09476,0.00293,0.35909
0.09476,0.00282,0.35952
0.09552,0.00389,0.35828
0.09476,0.00294,0.36004
0.09476,0.00372,0.35853
0.09553,0.00389,0.36075
0.09476,0.00489,0.35935
0.0971,0.00305,0.35952
0.09552,0.00389,0.35952
0.10133,0.00381,0.35833
0.10277,0.00417,0.35866
0.09693,0.00451,0.35939
0.09476,0.0043,0.35863
0.09476,0.00446,0.35869
0.09476,0.00468,0.35892
0.09476,0.00417,0.35854
0.10379,0.00389,0.35848
0.10379,0.00414,0.35852
0.09476,0.00385,0.35849
0.10379,0.0045,0.35848
0.10379,0.00442,0.35867
0.10379,0.0045,0.35874
0.10379,0.00541,0.35848
0.10379,0.00465,0.3589
0.10379,0.0048,0.35918
0.10379,0.00485,0.3595
0.10386,0.00495,0.36
0.09476,0.00488,0.35952
0.09476,0.00483,0.35984
0.10379,0.00465,0.36011
0.09476,0.00418,0.36054
0.09476,0.00469,0.36013
0.10379,0.0045,0.36026
0.10385,0.00506,0.36092
0.10379,0.00415,0.36111
0.10379,0.00443,0.36034
0.09476,0.00446,0.36036
0.10379,0.00414,0.36048
0.10379,0.00382,0.36053
0.09476,0.00385,0.36055
0.09476,0.00353,0.3605
0.10379,0.00357,0.3605
0.10379,0.0035,0.36048
0.10379,0.00322,0.36034
0.09476,0.00325,0.36036
0.10379,0.00299,0.36011
0.10379,0.00284,0.35982
0.09476,0.00287,0.35984
0.10379,0.00556,0.3595
0.10379,0.00561,0.35982
0.1038,0.00627,0.36048
0.10382,0.00659,0.3609
0.1038,0.00599,0.36033
0.1038,0.00576,0.36011
0.09477,0.00602,0.36035
0.09477,0.00579,0.36013
0.09516,0.00564,0.35983
0.09477,0.00652,0.36053
0.09477,0.00631,0.3605
0.09477,0.00559,0.35952
0.09477,0.00564,0.3592
0.09553,0.00687,0.3583
0.0974,0.00584,0.35952
0.09477,0.00614,0.3586
0.1018,0.00594,0.36057
0.09554,0.00715,0.36055
0.09476,0.00579,0.35892
0.10379,0.00561,0.35918
0.10379,0.00576,0.3589
0.10379,0.00599,0.35867
0.10379,0.00627,0.35852
0.09477,0.0063,0.35854
0.09477,0.00662,0.35849
0.09477,0.00694,0.35854
0.1038,0.00675,0.35848
0.1038,0.00691,0.35852
0.1038,0.0072,0.35867
0.09477,0.00723,0.35869
0.09477,0.00708,0.35862
0.09477,0.00746,0.35891
0.09477,0.00766,0.3594
0.09477,0.0076,0.35984
0.09477,0.0076,0.3592
0.09477,0.00746,0.36012
0.09477,0.0072,0.36037
0.10383,0.00755,0.36084
0.1038,0.00691,0.36048
0.09477,0.00694,0.3605
0.1038,0.00725,0.36028
0.1038,0.00743,0.3601
0.1038,0.00757,0.35982
0.1038,0.00676,0.3605
0.10379,0.00522,0.35768
0.10379,0.0045,0.35808
0.10379,0.00553,0.35763
0.10379,0.00633,0.35808
0.10379,0.00624,0.35665
0.10379,0.00619,0.35697
0.10379,0.00605,0.35726
0.10379,0.00582,0.35749
0.09476,0.00608,0.35728
0.09476,0.00585,0.35751
0.09476,0.00628,0.35695
0.09476,0.00623,0.35635
0.09476,0.00628,0.35667
0.09476,0.00543,0.35766
0.09476,0.00568,0.35572
0.09553,0.00631,0.35691
0.09552,0.00499,0.35765
0.10186,0.00597,0.35762
0.1014,0.00548,0.35551
0.09756,0.00606,0.35666
0.09552,0.00528,0.35562
0.09475,0.00464,0.35584
0.09552,0.00435,0.35622
0.09475,0.00427,0.35636
0.09552,0.00425,0.35654
0.09552,0.00429,0.35702
0.09749,0.00444,0.35668
0.10256,0.00493,0.35544
0.10263,0.00598,0.35648
0.10271,0.00437,0.35652
0.10261,0.00468,0.35623
0.10234,0.00539,0.35613
0.10233,0.00489,0.35621
0.10233,0.00497,0.35616
0.10234,0.00513,0.3561
0.10234,0.0053,0.3561
0.09682,0.00541,0.35614
0.09682,0.00524,0.35611
0.09656,0.0057,0.3566
0.09682,0.00507,0.35614
0.09682,0.00491,0.35622
0.09682,0.00479,0.35634
0.10233,0.00483,0.35625
0.10233,0.00473,0.35639
0.09682,0.00471,0.3565
0.10274,0.00608,0.35681
0.09682,0.00557,0.35622
0.09682,0.00479,0.357
0.09682,0.00471,0.35684
0.09682,0.00491,0.35712
0.09682,0.00507,0.3572
0.09682,0.00524,0.35723
0.09682,0.00541,0.3572
0.09682,0.00557,0.35712
0.09682,0.00569,0.357
0.10234,0.00561,0.35706
0.10262,0.00563,0.35725
0.10234,0.00547,0.35716
0.10234,0.00522,0.35721
0.10234,0.00539,0.35718
0.10262,0.00481,0.35726
0.10204,0.00439,0.3576
0.10271,0.00435,0.3568
0.10234,0.00473,0.35692
0.10234,0.00477,0.35698
0.10234,0.00497,0.35716
0.10234,0.00505,0.35718
0.10234,0.00513,0.35721
0.09476,0.00433,0.3571
0.09475,0.00422,0.35667
0.10378,0.00424,0.35697
0.09476,0.00464,0.35751
0.09476,0.00441,0.35728
0.09476,0.00482,0.35758
0.10378,0.00438,0.35726
0.10379,0.0045,0.35737
0.10379,0.00461,0.35749
0.10379,0.0049,0.35763
0.09476,0.00493,0.35765
0.09476,0.00525,0.3577
0.09476,0.00557,0.35765
0.09475,0.00441,0.35607
0.10378,0.00461,0.35582
0.10378,0.00489,0.35567
0.09475,0.00493,0.35569
0.09476,0.00525,0.35564
0.09476,0.00556,0.35569
0.10379,0.00582,0.35582
0.10379,0.00605,0.35605
0.09476,0.00608,0.35607
0.10379,0.00619,0.35633
0.10153,0.00755,0.36
0.10275,0.00721,0.36012
0.10263,0.00618,0.3601
0.10273,0.00577,0.35964
0.10235,0.00635,0.36
0.09683,0.00629,0.35997
0.10235,0.00621,0.35991
0.10235,0.00611,0.35977
0.10235,0.00643,0.36003
0.10235,0.0066,0.36006
0.09683,0.00662,0.36007
0.09683,0.00644,0.36005
0.09692,0.00731,0.35937
0.10235,0.00668,0.36006
0.09683,0.00679,0.36005
0.10153,0.00754,0.35899
0.09683,0.00616,0.35984
0.09683,0.00616,0.35919
0.10276,0.00687,0.35862
0.10235,0.00651,0.35895
0.09683,0.00644,0.35898
0.09683,0.00629,0.35906
0.10253,0.00578,0.35942
0.10262,0.00605,0.35908
0.10235,0.00621,0.3591
0.10181,0.00585,0.3585
0.10235,0.00635,0.359
0.10134,0.00384,0.36069
0.09682,0.00417,0.35997
0.09682,0.00402,0.36005
0.09682,0.0043,0.35985
0.10234,0.00432,0.35977
0.10272,0.00473,0.35973
0.10262,0.00363,0.3606
0.10264,0.00307,0.35985
0.10263,0.00424,0.3601
0.10234,0.00391,0.36006
0.10234,0.00407,0.36001
0.10234,0.00421,0.35991
0.10267,0.00299,0.35928
0.10382,-0.00464,0.35898
0.10383,-0.00348,0.35924
0.10382,-0.00384,0.35898
0.10383,-0.00353,0.36034
0.10389,-0.00381,0.35904
0.10389,-0.00367,0.35894
0.10389,-0.00366,0.35916
0.10376,-0.00365,0.35915
0.10381,-0.00361,0.35917
0.10386,-0.00357,0.3592
0.10374,-0.00569,0.35514
0.10374,-0.00584,0.35516
0.09317,-0.00583,0.35652
0.09123,-0.00766,0.35573
0.09122,-0.01027,0.35938
0.09309,-0.00744,0.36104
0.09122,-0.00849,0.35572
0.09122,-0.00914,0.35595
0.09122,-0.00986,0.3565
0.09122,-0.01043,0.35748
0.09295,-0.00778,0.36097
0.09123,-0.00906,0.36034
0.09323,-0.01002,0.35685
0.0932,-0.01001,0.35964
0.09124,-0.00769,0.3605
0.09124,-0.007,0.36029
0.09124,-0.00611,0.35954
0.09316,-0.00538,0.35792
0.09579,-0.00572,0.35727
0.09579,-0.00857,0.36031
0.09124,-0.00665,0.36007
0.09322,-0.00668,0.35989
0.09321,-0.00738,0.35597
0.09663,-0.00557,0.35813
0.0965,-0.00772,0.36031
0.0967,-0.01017,0.35942
0.10257,-0.00904,0.36028
0.09721,-0.00661,0.35974
0.0972,-0.00675,0.35988
0.10234,-0.00762,0.36028
0.10273,-0.00634,0.35955
0.10234,-0.00664,0.35975
0.10234,-0.00673,0.35985
0.09721,-0.0066,0.35976
0.1027,-0.00619,0.35674
0.09606,-0.00817,0.35986
0.10257,-0.01042,0.35857
0.09714,-0.00753,0.35624
0.09729,-0.00876,0.35628
0.10206,-0.00881,0.35624
0.10252,-0.00856,0.35581
0.10246,-0.00813,0.35603
0.1024,-0.0077,0.35625
0.09795,-0.00867,0.356
0.10214,-0.00838,0.35592
0.1018,-0.00868,0.35605
0.10156,-0.00873,0.35607
0.09976,-0.0087,0.35603
0.10156,-0.00852,0.35608
0.10162,-0.00854,0.35604
0.10157,-0.00847,0.35615
0.09795,-0.00849,0.3561
0.10156,-0.00859,0.35602
0.10166,-0.00861,0.35616
0.10157,-0.00857,0.35633
0.09976,-0.00857,0.3561
0.09795,-0.00863,0.35601
0.09795,-0.00858,0.35603
0.09795,-0.00863,0.35613
0.09978,-0.00859,0.35612
0.10161,-0.00856,0.35612
0.09795,-0.00858,0.35629
0.09786,-0.00862,0.35601
0.09776,-0.00865,0.35598
0.09761,-0.00846,0.35637
0.09734,-0.00819,0.35602
0.09795,-0.00876,0.35599
0.09714,-0.01015,0.35655
0.09784,-0.00869,0.35607
0.09755,-0.00842,0.356
0.09789,-0.00868,0.35603
0.09726,-0.00786,0.3559
0.09774,-0.00836,0.35623
0.0973,-0.00803,0.35596
0.0978,-0.00844,0.35612
0.09778,-0.00761,0.35623
0.09774,-0.00747,0.35598
0.09776,-0.00782,0.35648
0.09779,-0.0083,0.35649
0.09742,-0.00773,0.35593
0.09771,-0.00735,0.3561
0.10185,-0.00734,0.3561
0.10157,-0.00747,0.35607
0.09796,-0.00751,0.356
0.09781,-0.00748,0.35598
0.09796,-0.00755,0.35612
0.0978,-0.00758,0.3561
0.10157,-0.00757,0.35612
0.09796,-0.00758,0.35616
0.10157,-0.00769,0.35607
0.10157,-0.00762,0.35628
0.09796,-0.00759,0.35626
0.09796,-0.00778,0.35627
0.10157,-0.00776,0.35621
0.09782,-0.00779,0.35626
0.10157,-0.00766,0.35636
0.09796,-0.00767,0.3564
0.09792,-0.00774,0.35617
0.09796,-0.00773,0.35616
0.09784,-0.00771,0.3561
0.09765,-0.00804,0.35628
0.09788,-0.00775,0.35618
0.10188,-0.00815,0.35629
0.0997,-0.0078,0.35627
0.09796,-0.00782,0.3563
0.10157,-0.00781,0.35628
0.09777,-0.00828,0.35631
0.10157,-0.00836,0.3563
0.10166,-0.00834,0.3563
0.10181,-0.0078,0.35606
0.10189,-0.00831,0.3561
0.10176,-0.00784,0.35625
0.10175,-0.00792,0.3563
0.10167,-0.00836,0.35629
0.10162,-0.0084,0.35628
0.10222,-0.00771,0.35594
0.10158,-0.00837,0.35629
0.10233,-0.00706,0.35615
0.10229,-0.00732,0.35603
0.10173,-0.00738,0.35599
0.10212,-0.00809,0.35614
0.10179,-0.00748,0.35597
0.10168,-0.00759,0.356
0.10173,-0.00848,0.35645
0.10176,-0.00762,0.35611
0.10181,-0.00781,0.35646
0.10157,-0.00852,0.35639
0.10157,-0.00781,0.35647
0.10157,-0.00831,0.35649
0.10157,-0.00846,0.35644
0.10157,-0.00839,0.35647
0.09795,-0.00839,0.35648
0.09795,-0.00847,0.35644
0.09795,-0.00854,0.35637
0.09796,-0.0078,0.35648
0.09796,-0.00781,0.35648
0.10157,-0.00744,0.35598
0.10168,-0.00748,0.35602
0.09982,-0.00749,0.35601
0.09778,-0.00737,0.356
0.09976,-0.00748,0.35599
0.09776,-0.00765,0.35602
0.09724,-0.00729,0.35603
0.10157,-0.00737,0.356
0.09783,-0.00741,0.356
0.0976,-0.00756,0.35596
0.09744,-0.0077,0.35594
0.09776,-0.00742,0.35599
0.09761,-0.00753,0.35597
0.09769,-0.00747,0.35598
0.09777,-0.0074,0.35599
0.09783,-0.00746,0.35599
0.09791,-0.00748,0.356
0.09775,-0.00745,0.35598
0.0978,-0.00746,0.35599
0.09787,-0.00744,0.356
0.0972,-0.00711,0.35612
0.0972,-0.0066,0.35645
0.10233,-0.00674,0.35634
0.10234,-0.00664,0.35646
0.09783,-0.00747,0.35599
0.09788,-0.0075,0.35599
0.0979,-0.00749,0.35599
0.09759,-0.00758,0.35596
0.09767,-0.0075,0.35597
0.09758,-0.0076,0.35595
0.09759,-0.00757,0.35596
0.09796,-0.0076,0.35603
0.09796,-0.00761,0.35603
0.10157,-0.00761,0.35601
0.10168,-0.00776,0.35614
0.10162,-0.00778,0.35623
0.10069,-0.00776,0.35621
0.09976,-0.00775,0.35618
0.1016,-0.00777,0.35622
0.10068,-0.00776,0.3562
0.10072,-0.00748,0.35602
0.09976,-0.00749,0.35603
0.09788,-0.00838,0.35629
0.10157,-0.00845,0.35621
0.09978,-0.00841,0.35625
0.1016,-0.00839,0.35628
0.09795,-0.00843,0.35622
0.09976,-0.0084,0.35626
0.09795,-0.00847,0.35614
0.09972,-0.00837,0.35629
0.09795,-0.00833,0.35631
0.09976,-0.00771,0.35612
0.0959,-0.00852,0.35574
0.10156,-0.00868,0.35599
0.09576,-0.00976,0.35644
0.09313,-0.00802,0.35529
0.09123,-0.00612,0.3567
0.09123,-0.007,0.35595
0.09123,-0.00665,0.35617
0.09124,-0.00577,0.35737
0.09124,-0.00566,0.35812
0.09124,-0.00577,0.35886
0.09796,-0.02187,0.3566
0.09758,-0.01796,0.35403
0.09794,-0.01775,0.35425
0.10319,-0.01815,0.35434
0.09818,0.01643,0.35412
0.0979,-0.01706,0.35414
0.09776,-0.01706,0.35407
0.09802,0.01643,0.3541
0.09776,0.01643,0.35391
0.09789,0.01744,0.35424
0.10385,0.01726,0.35441
0.1032,0.01641,0.35411
0.09768,0.01709,0.3538
0.09757,-0.01706,0.35381
0.09736,-0.02406,0.35183
0.09769,0.02474,0.35178
0.09729,0.02595,0.35213
0.09816,0.02393,0.3557
0.09694,0.02388,0.35352
0.09727,0.02063,0.35179
0.09712,-0.02126,0.35184
0.09686,0.02063,0.35179
0.09671,-0.02125,0.35185
0.09672,-0.02158,0.35514
0.09673,-0.02418,0.35464
0.09662,-0.01979,0.35273
0.09066,-0.02384,0.35595
0.09652,-0.01931,0.36307
0.09697,-0.0203,0.3634
0.09677,-0.02402,0.3628
0.09052,-0.02211,0.35866
0.09335,-0.02003,0.35296
0.09287,-0.02076,0.3543
0.09335,-0.02051,0.35842
0.09011,-0.02283,0.35715
0.09068,-0.02596,0.35836
0.0874,-0.02475,0.35722
0.09087,-0.02383,0.35814
0.09069,-0.02297,0.3584
0.08741,-0.02289,0.35908
0.09087,-0.02376,0.3603
0.08741,-0.02475,0.35908
0.0901,-0.02482,0.35914
0.09049,-0.02433,0.35864
0.08741,-0.02289,0.35722
0.08895,-0.02311,0.35743
0.09049,-0.02333,0.35765
0.09671,-0.02577,0.36006
0.0971,-0.02657,0.3522
0.09709,-0.02656,0.36405
0.09799,-0.02569,0.35636
0.09792,-0.02565,0.35971
0.09706,-0.02473,0.35915
0.09683,-0.02482,0.35735
0.09695,-0.02339,0.35691
0.09679,-0.02473,0.35945
0.09634,-0.0237,0.35685
0.09667,-0.02481,0.35899
0.0963,-0.02509,0.35852
0.09651,-0.02509,0.35891
0.09632,-0.02366,0.3593
0.09646,-0.0235,0.35966
0.09599,-0.02514,0.35792
0.09596,-0.02332,0.3593
0.09617,-0.02334,0.3595
0.09576,-0.02468,0.35909
0.09561,-0.0234,0.35922
0.09579,-0.02263,0.35803
0.09631,-0.02262,0.35816
0.09661,-0.02336,0.35916
0.09673,-0.02264,0.35901
0.09667,-0.02259,0.35732
0.097,-0.0226,0.35864
0.09803,-0.02266,0.36036
0.09513,-0.02466,0.35908
0.09553,-0.02241,0.35829
0.09539,-0.0227,0.35836
0.09516,-0.0226,0.35824
0.0953,-0.0238,0.35961
0.09533,-0.02504,0.35779
0.09455,-0.02404,0.35933
0.09501,-0.02379,0.35964
0.09515,-0.02364,0.35932
0.0947,-0.02507,0.35791
0.09436,-0.02512,0.3578
0.09416,-0.02469,0.35932
0.09407,-0.02353,0.35932
0.09451,-0.02259,0.35844
0.09495,-0.02228,0.35826
0.09407,-0.02241,0.35838
0.09395,-0.02358,0.35686
0.09457,-0.02365,0.3569
0.09517,-0.02362,0.35689
0.09568,-0.02365,0.35692
0.09406,-0.02493,0.35779
0.09394,-0.02275,0.35867
0.09394,-0.02495,0.35702
0.09378,-0.02489,0.35761
0.09377,-0.02233,0.35819
0.0933,-0.02266,0.35777
0.09366,-0.02472,0.35697
0.09339,-0.02396,0.35694
0.09319,-0.02487,0.35745
0.0931,-0.02391,0.35663
0.09322,-0.02483,0.35884
0.09277,-0.02498,0.35714
0.09284,-0.02347,0.35705
0.0936,-0.02533,0.35849
0.09373,-0.02476,0.35886
0.09345,-0.02288,0.35907
0.09303,-0.02368,0.35938
0.09266,-0.02345,0.35969
0.09263,-0.02485,0.35881
0.09235,-0.02345,0.35936
0.09273,-0.02262,0.35801
0.0926,-0.02237,0.35799
0.0924,-0.02265,0.35842
0.09245,-0.02322,0.35698
0.09152,-0.02299,0.35729
0.09218,-0.02518,0.35839
0.09247,-0.02506,0.35726
0.09243,-0.02517,0.35873
0.09263,-0.02471,0.35728
0.09289,-0.02228,0.35789
0.09382,-0.02322,0.35946
0.09387,-0.02491,0.35927
0.09403,-0.02479,0.35883
0.09293,-0.01912,0.36282
0.09301,-0.01966,0.35309
0.09307,-0.01939,0.35499
0.09285,-0.01898,0.35328
0.09294,0.01839,0.35348
0.09281,-0.0184,0.35444
0.09322,-0.0184,0.35444
0.09294,0.01782,0.3544
0.09335,0.01681,0.35454
0.09335,0.01809,0.35442
0.0913,0.01777,0.3547
0.0932,0.01885,0.35512
0.09118,-0.00219,0.35538
0.09126,0.00443,0.35472
0.09124,0.00725,0.35502
0.09128,0.00851,0.35552
0.09133,0.0176,0.36139
0.09323,0.01776,0.36149
0.09095,0.01599,0.36007
0.09102,0.01423,0.35544
0.09121,0.0164,0.35583
0.087,0.01283,0.35731
0.09095,0.01168,0.35733
0.09104,0.01272,0.36078
0.08712,0.01552,0.35729
0.08723,0.01471,0.35967
0.09125,0.01039,0.36099
0.09125,0.00759,0.36092
0.09221,0.0097,0.36043
0.09129,0.00888,0.35851
0.09231,0.01033,0.35924
0.09468,0.01027,0.36027
0.08692,0.00935,0.35963
0.09349,0.0103,0.35975
0.09467,0.00853,0.3588
0.0924,0.0093,0.35858
0.09303,0.00989,0.36037
0.09226,0.00889,0.35999
0.09353,0.00891,0.35869
0.09388,0.00852,0.35912
0.09229,0.00849,0.35977
0.09347,0.00871,0.35939
0.09344,0.00911,0.35961
0.09467,0.00911,0.35929
0.09309,0.0085,0.35944
0.09468,0.00969,0.35978
0.09349,0.00938,0.36002
0.09224,0.00929,0.36021
0.09386,0.01008,0.36032
0.09123,0.00487,0.36146
0.0947,0.00754,0.35952
0.09202,0.00756,0.35925
0.09244,0.00667,0.36049
0.09128,0.00531,0.35972
0.09394,0.00725,0.35984
0.09324,-0.01684,0.36168
0.09117,0.00269,0.36029
0.09122,0.0049,0.36047
0.09233,0.00483,0.35958
0.0923,0.00371,0.36046
0.09465,0.00467,0.36034
0.09467,0.0038,0.36
0.09468,0.00293,0.35966
0.0869,0.00388,0.35954
0.09388,0.00472,0.36009
0.09236,0.00294,0.35948
0.0931,0.00345,0.36019
0.09226,0.00397,0.3586
0.09387,0.00435,0.36038
0.09387,0.00406,0.35862
0.09467,0.0041,0.35864
0.09309,0.00422,0.36027
0.09231,0.00427,0.36002
0.09349,0.00361,0.36017
0.09309,0.00403,0.36042
0.09389,0.00319,0.35992
0.09311,0.00459,0.35927
0.0931,0.00478,0.35983
0.09466,0.00438,0.35949
0.09389,0.00434,0.35895
0.09389,0.00444,0.35924
0.09307,0.00401,0.35861
0.09388,0.00348,0.36004
0.09387,0.00454,0.36023
0.09388,0.00328,0.3593
0.091,0.00245,0.35855
0.09126,0.00498,0.35566
0.09094,0.00039,0.35533
0.09128,0.00529,0.3578
0.08697,0.00015,0.35653
0.08688,-0.00068,0.35964
0.09085,-0.00195,0.36014
0.09352,0.00293,0.35957
0.09117,-0.00275,0.356
0.0911,-0.0051,0.35875
0.09097,-0.00743,0.36081
0.09096,-0.01383,0.36074
0.0911,-0.01136,0.35912
0.09077,-0.00653,0.35633
0.09077,-0.00995,0.35874
0.087,-0.00658,0.35783
0.08707,-0.00878,0.35965
0.08701,-0.00855,0.35658
0.09115,-0.01036,0.35606
0.09115,-0.0098,0.35515
0.09072,-0.01303,0.35606
0.09118,-0.01909,0.35518
0.09106,-0.01677,0.35577
0.09085,-0.017,0.35957
0.08698,-0.01522,0.35654
0.0871,-0.0134,0.35913
0.08693,-0.01573,0.35922
0.0912,-0.01837,0.36126
0.09308,-0.01837,0.36146
0.09283,-0.01777,0.36273
0.09324,-0.01752,0.36182
0.09295,0.01695,0.36177
0.09307,0.01889,0.36229
0.09336,0.01694,0.36177
0.09667,0.01888,0.36266
0.09647,0.01916,0.36183
0.09657,0.02041,0.35456
0.093,0.0172,0.36294
0.09322,0.01803,0.36321
0.09306,0.02021,0.35428
0.09677,0.02002,0.35311
0.0967,0.02043,0.35503
0.09659,0.02038,0.35502
0.0966,0.01918,0.36184
0.09671,0.01924,0.36185
0.09685,0.01918,0.36248
0.09671,0.01796,0.36342
0.09686,0.01783,0.36372
0.09689,0.02065,0.36435
0.09686,0.01944,0.36188
0.09688,0.01956,0.3619
0.09674,-0.02124,0.36441
0.09688,0.01719,0.3639
0.09675,-0.01828,0.3639
0.09673,-0.01778,0.36382
0.09673,-0.01889,0.36361
0.0968,0.01719,0.36366
0.09658,-0.01778,0.36362
0.09659,0.01719,0.36352
0.09647,-0.01778,0.36356
0.09647,0.01719,0.3635
0.09367,-0.01839,0.36344
0.09377,0.0172,0.3635
0.0934,-0.01777,0.36351
0.09352,0.0172,0.36346
0.09317,-0.01777,0.36339
0.09299,-0.01777,0.36321
0.09329,0.0172,0.36335
0.09687,0.0208,0.35452
0.09685,0.02063,0.35506
0.09688,0.02074,0.35847
0.09087,0.0212,0.35805
0.09104,0.02322,0.36032
0.09077,0.02535,0.35811
0.09026,0.02438,0.35919
0.09027,0.02228,0.35908
0.09065,0.02382,0.35863
0.09104,0.02327,0.35808
0.09065,0.02277,0.35858
0.08758,0.02421,0.35716
0.08757,0.02235,0.35716
0.09073,0.02332,0.356
0.08755,0.02409,0.35889
0.08757,0.02235,0.35902
0.09689,0.02578,0.35677
0.09685,0.01901,0.35242
0.09678,0.01837,0.35249
0.09645,0.01838,0.35266
0.09644,-0.01899,0.35269
0.09669,0.01837,0.35258
0.0936,0.01886,0.35273
0.09333,0.01947,0.35302
0.0935,0.01839,0.35271
0.09301,0.01884,0.35319
0.0931,0.01839,0.353
0.09314,-0.01898,0.35287
0.09362,-0.01898,0.35271
0.0964,-0.01948,0.35275
0.0967,-0.01899,0.35243
0.09664,-0.01899,0.35254
0.09672,-0.01899,0.3523
0.09686,0.01837,0.35225
0.09355,0.00432,0.35631
0.09245,0.00429,0.35664
0.09465,0.00434,0.35599
0.09252,0.00525,0.3576
0.09466,0.00615,0.35736
0.09237,0.00621,0.35674
0.09127,0.00514,0.35673
0.09323,0.00495,0.35707
0.09313,0.00494,0.35582
0.0912,0.00495,0.35692
0.09237,0.00524,0.35573
0.09394,0.00465,0.35653
0.09389,0.00464,0.3559
0.09313,0.00554,0.35627
0.09247,0.00525,0.35698
0.09351,0.00618,0.35705
0.0939,0.00584,0.35682
0.09323,0.00555,0.35752
0.09242,0.00524,0.35635
0.08689,0.00514,0.35676
0.08696,0.00545,0.35656
0.0914,0.00547,0.35639
0.09394,0.00585,0.35744
0.08771,0.00556,0.35648
0.0914,0.0056,0.35657
0.09307,0.00363,0.35895
0.09245,0.00567,0.35963
0.09244,0.00617,0.36006
0.09318,0.00639,0.36044
0.09466,0.00581,0.36034
0.09319,0.00572,0.35987
0.09467,0.00607,0.35949
0.09392,0.0061,0.36039
0.09468,0.00668,0.35993
0.09468,0.00632,0.35863
0.0943,0.00604,0.35937
0.09392,0.00576,0.36011
0.09227,0.00694,0.35878
0.0924,0.00663,0.35854
0.09316,0.00653,0.35857
0.0938,0.00754,0.35943
0.09394,0.0061,0.35896
0.09319,0.00696,0.36017
0.09141,0.0063,0.35942
0.09291,0.00755,0.35934
0.09214,0.00725,0.35901
0.09242,0.00615,0.35908
0.09141,0.00635,0.35932
0.09141,0.00684,0.35924
0.09141,0.00692,0.35932
0.09141,0.00675,0.35919
0.09141,0.00664,0.35917
0.09141,0.00653,0.35919
0.09392,0.00642,0.3586
0.09319,0.00588,0.3593
0.08772,0.00654,0.3592
0.08772,0.00629,0.35954
0.08696,0.00653,0.35938
0.08772,0.00644,0.35925
0.08697,0.0066,0.35974
0.08696,0.00681,0.35949
0.08772,0.00686,0.35925
0.08772,0.00665,0.35918
0.08773,0.00694,0.35933
0.09141,0.00697,0.35942
0.08773,0.00699,0.35942
0.08773,0.00699,0.35964
0.09141,0.00697,0.35964
0.09141,0.00699,0.35953
0.08773,0.00694,0.35974
0.09141,0.00692,0.35974
0.09141,0.00685,0.35981
0.08773,0.00686,0.35982
0.08773,0.00676,0.35987
0.09141,0.00675,0.35987
0.09141,0.00664,0.35988
0.08772,0.00654,0.35987
0.09141,0.00653,0.35987
0.09141,0.00643,0.35982
0.09112,0.00611,0.35991
0.09134,0.0061,0.35962
0.09141,0.00628,0.35953
0.09239,0.00771,0.35571
0.09354,0.00831,0.35625
0.09118,0.00829,0.35633
0.09353,0.00717,0.35638
0.09352,0.00749,0.35576
0.0869,0.00799,0.35668
0.08931,0.00808,0.35683
0.09172,0.00816,0.35697
0.09804,0.02561,0.35733
0.09703,0.02215,0.35746
0.09711,0.02377,0.35689
0.09649,0.02324,0.35674
0.09683,0.02451,0.35726
0.09702,0.02439,0.35826
0.09722,0.02459,0.35819
0.09706,0.02389,0.35903
0.09689,0.02446,0.35895
0.09696,0.02237,0.35939
0.09684,0.02229,0.35893
0.09677,0.02374,0.3591
0.09656,0.02446,0.35811
0.09663,0.0236,0.3596
0.09668,0.02201,0.35885
0.09647,0.02201,0.35846
0.09649,0.02344,0.35924
0.09628,0.02479,0.35813
0.09633,0.02376,0.35944
0.09613,0.02376,0.35924
0.09612,0.02439,0.35783
0.09598,0.02487,0.35786
0.09585,0.02345,0.35686
0.09584,0.02446,0.35807
0.096,0.02222,0.35752
0.09616,0.02212,0.35704
0.09584,0.02187,0.35761
0.09539,0.02197,0.35797
0.09556,0.0244,0.3583
0.0957,0.02469,0.35823
0.09527,0.02347,0.35682
0.09625,0.02209,0.35843
0.09609,0.02211,0.35911
0.09578,0.0237,0.35916
0.09595,0.02235,0.35886
0.09579,0.02226,0.3593
0.09563,0.02293,0.35921
0.09533,0.0245,0.35818
0.09547,0.0233,0.35955
0.09552,0.02177,0.35852
0.0951,0.0234,0.35935
0.09482,0.02453,0.3583
0.09476,0.0225,0.3591
0.09496,0.02167,0.35801
0.0949,0.0228,0.35946
0.09458,0.02372,0.35954
0.09464,0.02198,0.35889
0.09457,0.02219,0.35758
0.09432,0.02329,0.35928
0.09432,0.0223,0.35879
0.09404,0.0222,0.35921
0.09399,0.02388,0.3594
0.09426,0.02443,0.35845
0.09404,0.02225,0.35737
0.0939,0.02234,0.3588
0.09383,0.02385,0.35916
0.09372,0.02327,0.35959
0.09377,0.02436,0.35761
0.09367,0.0245,0.35883
0.09394,0.02477,0.35813
0.09377,0.02177,0.35843
0.09332,0.02228,0.35875
0.09326,0.02344,0.3593
0.09283,0.02365,0.35962
0.09322,0.02451,0.35794
0.09327,0.02319,0.35657
0.09314,0.02342,0.35689
0.09355,0.02314,0.35688
0.09276,0.02299,0.35684
0.093,0.02373,0.35667
0.09276,0.02473,0.35793
0.09251,0.02417,0.35703
0.09362,0.02459,0.35735
0.09388,0.02381,0.35669
0.09382,0.02238,0.35691
0.09366,0.02226,0.35743
0.09351,0.0219,0.35757
0.09323,0.02217,0.35756
0.09423,0.0235,0.35679
0.09474,0.02337,0.35685
0.09289,0.02192,0.35869
0.09294,0.02212,0.35708
0.09259,0.02197,0.35837
0.0927,0.02309,0.35931
0.09257,0.02445,0.35836
0.09254,0.02335,0.35964
0.09226,0.02371,0.35925
0.09144,0.02221,0.35811
0.10385,0.01641,0.35446
0.10373,-0.01708,0.35433
0.10353,0.01641,0.35415
0.10341,-0.01708,0.3542
0.09818,0.01643,0.35448
0.09783,-0.01785,0.35462
0.09777,-0.01706,0.35448
0.0974,-0.01799,0.3544
0.09716,-0.01855,0.3541
0.09731,-0.01705,0.35414
0.09764,0.01643,0.3543
0.09714,-0.01705,0.35361
0.0973,0.01643,0.35385
0.09726,0.01643,0.35356
0.09735,0.01797,0.35431
0.10381,0.00998,0.3611
0.10381,0.00905,0.3611
0.10381,0.00936,0.36053
0.10381,0.00905,0.36048
0.09478,0.0094,0.36055
0.10381,0.00876,0.36033
0.09478,0.00908,0.3605
0.10381,0.00968,0.36048
0.10381,0.00997,0.36033
0.09478,0.01,0.36035
0.10381,0.0102,0.3601
0.10381,0.01034,0.35981
0.10381,0.00853,0.3601
0.1038,0.00838,0.35982
0.10381,0.00968,0.35852
0.09478,0.01,0.35868
0.09131,0.01348,0.36036
0.09727,0.01566,0.35975
0.10242,0.01555,0.35982
0.10242,0.01565,0.3597
0.09728,0.01568,0.35973
0.10242,0.01566,0.35972
0.09797,0.01355,0.35605
0.09767,0.02394,0.35996
0.09698,0.02394,0.35997
0.0973,0.02398,0.35996
0.09747,0.02468,0.35948
0.09711,0.02474,0.35941
0.09721,0.02394,0.35997
0.09739,0.02434,0.35968
0.09767,0.02352,0.36006
0.0975,0.02373,0.36001
0.09732,0.02394,0.35996
0.09766,0.02466,0.35952
0.09755,0.02394,0.35996
0.09739,0.02397,0.35996
0.09767,0.02418,0.35981
0.09744,0.02394,0.35996
0.09767,0.02366,0.36003
0.09748,0.02396,0.35996
0.09709,0.02394,0.35997
0.09733,0.02394,0.35996
0.09758,0.02395,0.35996
0.09757,0.02431,0.35972
0.09767,0.02411,0.35983
0.09767,0.0238,0.35999
0.09766,0.02442,0.35967
0.09766,0.02423,0.35976
0.09716,0.02434,0.35969
0.09711,0.02407,0.35987
0.09702,0.02421,0.35978
0.09729,0.02471,0.35944
0.09739,0.02497,0.35898
0.09767,0.02519,0.35855
0.09708,0.02526,0.35834
0.09738,0.02522,0.35845
0.09734,0.02522,0.35756
0.0974,0.02489,0.35685
0.09731,0.02408,0.35621
0.09729,0.02328,0.35604
0.09767,0.02324,0.35605
0.09695,0.02325,0.35605
0.09719,0.02325,0.35605
0.09688,0.02234,0.3563
0.09692,0.02251,0.35621
0.09699,0.02306,0.35607
0.09697,0.02269,0.35613
0.09765,0.02305,0.35607
0.09729,0.02321,0.35604
0.09701,0.02296,0.35608
0.09717,0.02296,0.35608
0.09749,0.02296,0.35608
0.09697,0.02315,0.35606
0.09765,0.02296,0.35608
0.09743,0.02324,0.35605
0.0973,0.02311,0.35607
0.09688,0.02205,0.35642
0.09709,0.02251,0.35619
0.09699,0.02287,0.35609
0.09764,0.02269,0.35614
0.09729,0.02265,0.35613
0.09732,0.02238,0.35624
0.09714,0.02242,0.35622
0.09713,0.02267,0.35613
0.09751,0.02269,0.35614
0.09703,0.02282,0.3561
0.09705,0.02268,0.35613
0.09766,0.0223,0.35629
0.09724,0.02269,0.35613
0.09703,0.0226,0.35616
0.09733,0.02296,0.35608
0.09698,0.02278,0.35611
0.09737,0.02269,0.35613
0.09731,0.02249,0.35621
0.09715,0.02267,0.35613
0.0971,0.02269,0.35613
0.09721,0.02266,0.35613
0.09719,0.02267,0.35613
0.09733,0.02268,0.35613
0.09755,0.02268,0.35614
0.09765,0.02243,0.35624
0.09749,0.02234,0.35627
0.09764,0.02287,0.3561
0.09746,0.02267,0.35613
0.09715,0.02281,0.3561
0.09737,0.02266,0.35613
0.09732,0.02283,0.35611
0.09729,0.02292,0.35607
0.09741,0.02224,0.35632
0.09765,0.02256,0.35619
0.09716,0.02217,0.35635
0.0975,0.02218,0.35636
0.09733,0.02206,0.35643
0.0975,0.02194,0.35651
0.09764,0.02278,0.35612
0.09767,0.02173,0.35673
0.09722,0.02174,0.35673
0.09728,0.02176,0.35669
0.097,0.02175,0.35672
0.09688,0.02184,0.35666
0.09725,0.02194,0.35652
0.097,0.02195,0.35653
0.09696,0.02157,0.35694
0.09698,0.02163,0.35687
0.09764,0.02158,0.35695
0.09764,0.02145,0.35719
0.09728,0.02154,0.35697
0.09728,0.02144,0.35715
0.097,0.02144,0.35719
0.09716,0.02143,0.35722
0.09704,0.02128,0.35761
0.09692,0.0217,0.3568
0.09699,0.02148,0.35711
0.09713,0.02157,0.35694
0.09728,0.02158,0.3569
0.0973,0.02157,0.35694
0.09745,0.02173,0.35673
0.09699,0.02169,0.3568
0.09732,0.02141,0.35725
0.09698,0.02152,0.35702
0.0973,0.02147,0.35713
0.09747,0.02158,0.35695
0.09764,0.02138,0.35732
0.09766,0.02168,0.3568
0.09732,0.02166,0.35684
0.09764,0.02151,0.35707
0.09728,0.02141,0.35722
0.09728,0.02133,0.35741
0.09702,0.02139,0.35733
0.09767,0.02123,0.358
0.09744,0.02135,0.35741
0.09765,0.02155,0.35702
0.09736,0.02135,0.3574
0.09724,0.02131,0.35751
0.09748,0.0214,0.35729
0.09712,0.02138,0.35735
0.09703,0.02133,0.35747
0.09713,0.02132,0.35749
0.09718,0.02129,0.35865
0.09697,0.02221,0.3598
0.09701,0.02206,0.3597
0.09745,0.02162,0.35929
0.0971,0.02168,0.35918
0.09695,0.02229,0.35984
0.09708,0.02175,0.35922
0.09697,0.02297,0.36006
0.09697,0.02283,0.36005
0.09712,0.02247,0.35993
0.09765,0.02243,0.3599
0.09754,0.02246,0.35992
0.09729,0.02233,0.35988
0.0972,0.02255,0.35998
0.09713,0.02232,0.35986
0.09729,0.02226,0.35984
0.09696,0.02256,0.35995
0.09697,0.02311,0.36007
0.09767,0.02207,0.3597
0.09748,0.0224,0.35989
0.09723,0.02206,0.3597
0.09699,0.02214,0.35975
0.09717,0.02237,0.35988
0.0973,0.02236,0.35987
0.09703,0.02238,0.35989
0.09696,0.02263,0.35995
0.09705,0.02265,0.35999
0.09713,0.02285,0.36005
0.09731,0.02326,0.3601
0.09689,0.02325,0.3601
0.09693,0.02314,0.36008
0.09697,0.02304,0.36007
0.09756,0.02297,0.36005
0.0973,0.02286,0.36006
0.09749,0.02285,0.36005
0.09697,0.0229,0.36005
0.0972,0.02321,0.36009
0.09768,0.02283,0.36003
0.09689,0.02356,0.36003
0.09693,0.02318,0.36009
0.09709,0.02316,0.36008
0.0975,0.02283,0.36004
0.09733,0.02297,0.36005
0.09755,0.02332,0.36007
0.09743,0.02311,0.36008
0.09733,0.02283,0.36004
0.09744,0.02269,0.36
0.09766,0.02256,0.35994
0.09739,0.02285,0.36005
0.09767,0.0227,0.35999
0.09715,0.02283,0.36004
0.09737,0.02283,0.36004
0.09758,0.02284,0.36004
0.09722,0.02285,0.36005
0.09721,0.02285,0.36006
0.09718,0.02284,0.36005
0.09742,0.02249,0.35994
0.09725,0.02271,0.36002
0.09705,0.02284,0.36005
0.09713,0.0227,0.36001
0.09709,0.02274,0.36002
0.09712,0.02265,0.36
0.09731,0.02252,0.35996
0.09705,0.02274,0.36002
0.09714,0.02304,0.36007
0.09693,0.02375,0.36
0.09749,0.02339,0.36008
0.09706,0.02447,0.35959
0.09716,0.02367,0.36005
0.09698,0.02402,0.35981
0.0971,0.02376,0.36002
0.09706,0.02395,0.35997
0.09721,0.0238,0.36
0.0975,0.02357,0.36006
0.09704,0.02385,0.35999
0.09718,0.02373,0.36002
0.09733,0.02362,0.36005
0.09736,0.02369,0.36003
0.09744,0.02366,0.36003
0.09725,0.02246,0.35992
0.09766,0.02219,0.35977
0.09733,0.02225,0.3598
0.09729,0.02209,0.35973
0.09765,0.02231,0.35983
0.09729,0.02203,0.35969
0.09745,0.02207,0.3597
0.09723,0.02184,0.3595
0.09765,0.02163,0.35687
0.09728,0.02171,0.35674
0.09766,0.02315,0.35606
0.09729,0.023,0.35606
0.0972,0.02396,0.35996
0.09716,0.02395,0.35996
0.09722,0.02397,0.35996
0.09714,0.02396,0.35996
0.09368,0.01878,0.35312
0.09526,0.01956,0.35354
0.09344,0.01933,0.35369
0.09345,0.01876,0.35325
0.09337,0.01839,0.35335
0.09335,0.01839,0.35348
0.09335,0.01788,0.35381
0.09708,0.02035,0.3553
0.09343,0.01988,0.35431
0.09707,0.0198,0.35339
0.09368,0.01975,0.35446
0.09379,0.01787,0.35321
0.09336,0.01921,0.35539
0.09339,0.0194,0.35543
0.09325,-0.01847,0.35366
0.09347,0.01788,0.35344
0.09361,0.01788,0.3533
0.09348,0.01957,0.35546
0.09349,0.01855,0.36131
0.09336,0.01818,0.36124
0.09346,0.01833,0.36224
0.09336,0.01686,0.36236
0.0934,0.01845,0.36244
0.09726,0.02,0.35487
0.09716,0.01853,0.3627
0.09375,0.01734,0.3629
0.09347,0.01766,0.36257
0.09381,0.01878,0.36135
0.09339,0.01686,0.36255
0.09363,0.01869,0.36133
0.09336,-0.01743,0.36278
0.09324,-0.01743,0.3624
0.09326,-0.01813,0.36248
0.09344,-0.0181,0.36279
0.09363,0.01686,0.36287
0.09368,-0.01743,0.36301
0.09696,-0.01956,0.3626
0.094,0.01686,0.36299
0.09716,-0.01744,0.36303
0.09716,-0.01858,0.36385
0.09728,0.01719,0.3639
0.09707,0.01783,0.36323
0.09724,0.01719,0.36365
0.09712,-0.01778,0.36369
0.097,-0.01778,0.36347
0.09695,0.01719,0.36324
0.09682,-0.01778,0.36329
0.09486,-0.01824,0.36308
0.09672,0.01719,0.36313
0.09659,-0.01778,0.36317
0.09339,-0.01845,0.36294
0.09341,-0.01777,0.36306
0.09352,-0.01777,0.36312
0.09377,0.0172,0.36309
0.09647,0.01719,0.36309
0.09366,0.01758,0.36304
0.09353,0.0172,0.36302
0.09344,0.0172,0.36293
0.09326,-0.01777,0.36286
0.09338,0.0172,0.36281
0.09327,-0.01917,0.36219
0.09324,-0.01777,0.36273
0.09323,-0.01895,0.36175
0.09325,-0.01878,0.36168
0.09323,-0.02018,0.35401
0.09339,-0.02051,0.35434
0.0969,-0.02073,0.3539
0.09544,-0.01959,0.36123
0.09358,-0.01905,0.36224
0.09335,-0.01912,0.36136
0.09326,-0.01895,0.36132
0.09323,-0.01876,0.36129
0.09325,-0.01999,0.35548
0.09322,-0.01979,0.35544
0.09323,-0.0197,0.35414
0.09327,-0.01995,0.35354
0.09322,-0.01847,0.35386
0.0935,-0.02028,0.35443
0.09352,-0.01926,0.35342
0.09348,-0.0203,0.35553
0.09334,-0.02016,0.35551
0.09323,-0.01898,0.3534
0.09329,-0.01898,0.35329
0.09338,-0.01898,0.3532
0.09351,-0.01938,0.35318
0.09363,0.01839,0.35309
0.09362,-0.01898,0.35312
0.09649,-0.01938,0.35314
0.09645,0.01838,0.35307
0.09657,-0.01899,0.35307
0.0967,0.01838,0.35303
0.09679,-0.01899,0.35296
0.09693,0.01837,0.35291
0.09697,-0.01899,0.35278
0.09713,0.01936,0.35292
0.09722,0.01837,0.3525
0.09726,0.0189,0.3523
0.09711,-0.01979,0.35261
0.09713,-0.019,0.3523
0.09726,0.01786,0.35317
0.09385,-0.01847,0.35322
0.09366,-0.01847,0.35325
0.09334,-0.01847,0.35348
0.09362,0.01971,0.35548
0.09749,-0.02199,0.35888
0.09685,-0.02198,0.35888
0.09713,-0.02196,0.35885
0.09751,-0.02212,0.35913
0.09737,-0.02191,0.3575
0.09697,-0.02185,0.35813
0.09743,-0.02195,0.35819
0.09733,-0.02199,0.35888
0.09731,-0.02198,0.35886
0.09717,-0.02199,0.35888
0.0975,-0.02206,0.35901
0.09722,-0.02197,0.35886
0.09701,-0.02199,0.35888
0.09721,-0.02199,0.35888
0.0974,-0.02199,0.35887
0.09707,-0.02197,0.35887
0.09706,-0.02197,0.35886
0.09704,-0.02198,0.35887
0.09699,-0.02197,0.35887
0.09713,-0.02208,0.35911
0.09732,-0.0221,0.35912
0.09685,-0.02211,0.35913
0.09702,-0.02211,0.35913
0.09706,-0.02208,0.35912
0.09742,-0.02211,0.35913
0.09708,-0.02209,0.35912
0.09735,-0.02212,0.35913
0.09713,-0.02223,0.35935
0.09692,-0.0221,0.35913
0.09723,-0.02209,0.35911
0.09681,-0.02226,0.35937
0.09699,-0.02209,0.35912
0.09704,-0.0221,0.35912
0.09749,-0.02227,0.35936
0.09716,-0.02219,0.35925
0.09684,-0.02216,0.35921
0.09677,-0.02245,0.35956
0.09673,-0.02208,0.35903
0.09673,-0.02192,0.35876
0.09672,-0.02265,0.35975
0.09672,-0.02384,0.36015
0.09696,-0.02267,0.35976
0.09691,-0.02283,0.35985
0.09713,-0.02228,0.35941
0.09698,-0.02226,0.35937
0.09691,-0.02253,0.35963
0.09718,-0.02211,0.35913
0.09682,-0.02221,0.35929
0.09678,-0.02339,0.36007
0.09681,-0.02316,0.36003
0.09732,-0.02227,0.35937
0.09715,-0.02226,0.35937
0.097,-0.02233,0.35944
0.09686,-0.02239,0.3595
0.09751,-0.02217,0.35921
0.09731,-0.0224,0.3595
0.09705,-0.02246,0.35956
0.09714,-0.0224,0.3595
0.09714,-0.02253,0.35963
0.0975,-0.02222,0.35929
0.09748,-0.02317,0.36002
0.09731,-0.023,0.35993
0.09713,-0.02312,0.36002
0.09688,-0.02339,0.36007
0.09702,-0.02385,0.36015
0.09699,-0.02343,0.36011
0.09704,-0.02334,0.36007
0.09713,-0.02319,0.36005
0.09698,-0.02316,0.36003
0.09694,-0.02336,0.36009
0.09751,-0.0237,0.36014
0.09731,-0.02316,0.36002
0.09685,-0.02323,0.36005
0.09728,-0.02352,0.36011
0.09675,-0.02361,0.36011
0.09695,-0.02362,0.36011
0.0969,-0.0233,0.36007
0.097,-0.02308,0.35998
0.09715,-0.02316,0.36002
0.09686,-0.023,0.35994
0.09741,-0.02343,0.36008
0.09718,-0.02346,0.3601
0.09712,-0.0235,0.36012
0.09699,-0.02336,0.36008
0.09725,-0.02357,0.36013
0.09735,-0.02375,0.36015
0.09682,-0.02384,0.36015
0.09718,-0.0238,0.36015
0.097,-0.02364,0.36013
0.09705,-0.02291,0.35989
0.09738,-0.02363,0.36013
0.0975,-0.02352,0.3601
0.09713,-0.02424,0.36012
0.09751,-0.02427,0.36009
0.0975,-0.02267,0.35975
0.09749,-0.02334,0.36006
0.09729,-0.02427,0.3601
0.09713,-0.02451,0.36005
0.09713,-0.02431,0.36011
0.09685,-0.02427,0.3601
0.0968,-0.02454,0.36003
0.09692,-0.02385,0.36015
0.0975,-0.02504,0.35976
0.0975,-0.02453,0.36
0.09748,-0.0248,0.3599
0.09748,-0.02454,0.36002
0.09696,-0.0248,0.35991
0.09707,-0.02427,0.3601
0.09716,-0.02441,0.36006
0.09749,-0.02445,0.36004
0.09714,-0.02454,0.36002
0.0975,-0.02436,0.36007
0.09676,-0.02476,0.35992
0.09682,-0.02445,0.36005
0.09672,-0.02499,0.3598
0.09685,-0.02504,0.35976
0.09713,-0.02458,0.36003
0.09697,-0.02454,0.36003
0.0969,-0.02471,0.35995
0.09683,-0.02436,0.36008
0.09731,-0.02454,0.36002
0.09708,-0.02458,0.36001
0.09685,-0.02463,0.35999
0.0973,-0.02463,0.35998
0.09713,-0.02467,0.35997
0.09713,-0.02471,0.35995
0.09722,-0.02463,0.35998
0.09749,-0.02488,0.35985
0.09712,-0.02501,0.35979
0.09688,-0.02496,0.35981
0.0968,-0.02545,0.35938
0.09678,-0.02501,0.35978
0.09681,-0.02538,0.35945
0.09684,-0.02511,0.3597
0.09684,-0.02525,0.35958
0.09701,-0.02504,0.35976
0.09712,-0.02508,0.35975
0.09697,-0.02525,0.35958
0.09734,-0.02526,0.35958
0.09684,-0.02518,0.35964
0.09734,-0.02504,0.35976
0.09717,-0.02504,0.35976
0.09692,-0.02488,0.35986
0.09716,-0.02492,0.35983
0.09713,-0.0248,0.35991
0.09731,-0.0248,0.35991
0.0975,-0.02496,0.35981
0.09717,-0.02514,0.35967
0.0974,-0.02518,0.35964
0.09748,-0.02543,0.35937
0.09709,-0.02525,0.35958
0.09714,-0.02544,0.35937
0.09743,-0.02537,0.35944
0.09712,-0.02543,0.35941
0.09707,-0.02535,0.35948
0.09683,-0.02531,0.35951
0.09722,-0.02525,0.35958
0.09745,-0.02511,0.3597
0.09745,-0.02518,0.35963
0.09739,-0.02532,0.35951
0.09749,-0.02524,0.35956
0.0975,-0.02559,0.35914
0.09675,-0.02568,0.35896
0.0968,-0.02573,0.35889
0.09729,-0.02587,0.35813
0.09686,-0.0255,0.3593
0.09698,-0.0256,0.35914
0.09731,-0.02544,0.35937
0.09749,-0.02554,0.35921
0.09749,-0.02549,0.35929
0.09715,-0.0256,0.35914
0.09712,-0.02547,0.35935
0.09733,-0.0256,0.35914
0.09671,-0.02562,0.35904
0.09704,-0.0258,0.35851
0.09692,-0.02581,0.3577
0.09692,-0.02555,0.35922
0.0971,-0.02584,0.35792
0.09676,-0.02554,0.35921
0.09693,-0.02516,0.35658
0.09704,-0.02539,0.35682
0.0975,-0.02545,0.35686
0.09711,-0.02444,0.35617
0.09697,-0.02317,0.35624
0.09717,-0.02383,0.35619
0.09723,-0.02323,0.35621
0.0975,-0.02329,0.35619
0.09713,-0.02258,0.35655
0.09748,-0.02257,0.35659
0.09725,-0.02256,0.35659
0.09678,-0.02256,0.35659
0.0975,-0.02264,0.35659
0.09751,-0.02236,0.35679
0.09749,-0.02293,0.35639
0.09683,-0.02194,0.35746
0.0968,-0.02235,0.35678
0.09713,-0.02252,0.3566
0.0968,-0.02242,0.35671
0.09701,-0.02256,0.35659
0.09679,-0.02249,0.35665
0.0975,-0.02243,0.35672
0.09728,-0.02236,0.35678
0.09714,-0.02246,0.35668
0.09713,-0.02237,0.35674
0.09749,-0.0225,0.35666
0.09713,-0.02232,0.3568
0.09704,-0.02235,0.35678
0.09709,-0.02213,0.35714
0.09697,-0.02544,0.35938
0.09723,-0.02552,0.35926
0.09678,-0.02405,0.36013
0.09714,-0.02283,0.35984
0.09722,-0.02211,0.35913
0.09692,-0.02198,0.35888
0.09691,-0.02192,0.35851
0.00442,-0.03899,0.37647
0.00781,-0.02098,0.37535
0.00895,-0.03939,0.37499
0.00463,-0.02097,0.37694
0.00672,-0.02097,0.38032
0.00876,-0.0398,0.38075
0.01482,-0.03893,0.37502
0.01474,-0.04353,0.37776
0.01483,-0.03893,0.38047
0.01946,-0.03905,0.37774
0.01965,-0.02102,0.37772
0.01615,-0.02101,0.37748
0.01591,-0.0124,0.37682
0.00805,-0.01237,0.37817
-0.05401,0.0114,0.37366
-0.0523,0.01355,0.37422
-0.05231,0.01004,0.37531
-0.054,0.01256,0.3772
-0.05229,0.01321,0.37712
-0.04777,0.01648,0.37896
-0.04779,0.01556,0.37197
-0.04781,0.00892,0.37193
-0.04781,0.0065,0.37523
-0.0478,0.00782,0.37864
-0.02977,0.01557,0.37147
-0.02978,0.00769,0.37856
-0.02975,0.01639,0.37862
-0.02277,0.00786,0.37629
-0.02979,0.00695,0.37301
-0.02275,0.01587,0.37444
0.10933,0.04706,0.34324
0.10917,0.04469,0.34379
0.10957,0.04644,0.3443
0.10929,0.04587,0.34206
0.10998,0.04674,0.34259
0.10992,0.04542,0.34216
0.11032,0.04701,0.34376
0.11084,0.04639,0.34216
0.111,0.04698,0.34371
0.11068,0.04577,0.3445
0.11163,0.04703,0.34379
0.11155,0.04531,0.34434
0.11179,0.04685,0.34243
0.11155,0.04629,0.34232
0.11222,0.04583,0.34458
0.11215,0.04708,0.34306
0.11283,0.04707,0.34341
0.11298,0.04519,0.34428
0.11207,0.04467,0.34355
0.1117,0.04517,0.34229
0.11237,0.04484,0.34242
0.11292,0.0447,0.34308
0.11255,0.04622,0.34212
0.11336,0.04652,0.34227
0.11346,0.04539,0.34216
0.11361,0.04458,0.34326
0.11374,0.04697,0.34302
0.11404,0.04743,0.34152
0.11403,0.04405,0.34151
0.11405,0.04765,0.3451
0.11648,0.04686,0.34138
0.11646,0.04794,0.34432
0.11494,0.04652,0.34226
0.11495,0.04455,0.34311
0.11646,0.04368,0.34225
0.11395,0.04474,0.34441
0.11646,0.04492,0.34535
0.11495,0.0463,0.34445
0.1135,0.04637,0.3444
0.11296,0.04651,0.34429
0.11112,0.04528,0.34218
0.11097,0.04465,0.34359
0.11052,0.04494,0.34236
0.11041,0.04496,0.34416
0.10989,0.04523,0.34435
0.1097,0.04458,0.3434
0.10944,0.04482,0.34239
0.24908,0.24779,0.35937
0.25079,0.24401,0.35926
0.25174,0.24608,0.35526
0.24688,0.24508,0.35527
0.24746,0.24461,0.35915
0.25447,0.24308,0.35526
0.24931,0.24558,0.35527
0.25225,0.24152,0.35527
0.25471,0.23935,0.35534
0.2517,0.24043,0.35527
0.2467,0.25048,0.35527
0.2456,0.24262,0.35528
0.24817,0.23744,0.35532
0.25153,0.23974,0.35277
0.24581,0.23867,0.35278
0.2441,0.24744,0.35277
0.24139,0.24552,0.35278
0.24135,0.24742,0.3554
0.24338,0.24911,0.35537
0.2452,0.25339,0.35514
0.24143,0.24941,0.35306
0.24306,0.24002,0.35529
0.24064,0.24394,0.35301
0.23955,0.24706,0.35232
0.24562,0.25387,0.3526
0.24134,0.23961,0.35233
0.2256,0.26328,0.35143
0.21982,0.24882,0.35164
0.236,0.27215,0.35183
0.22766,0.26293,0.35124
0.23048,0.26826,0.35137
0.22483,0.26335,0.34907
0.22721,0.26295,0.34957
0.22979,0.26875,0.34927
0.24211,0.25096,0.35073
0.24429,0.25174,0.34976
0.23065,0.26659,0.34952
0.22131,0.25733,0.34887
0.22128,0.24742,0.34953
0.22241,0.25635,0.34771
0.22316,0.25754,0.34557
0.23072,0.26742,0.34725
0.22632,0.26276,0.34699
0.24006,0.27358,0.34809
0.23599,0.27107,0.34695
0.24116,0.27294,0.34579
0.24295,0.27366,0.34598
0.24571,0.27342,0.34944
0.24537,0.27543,0.35004
0.24608,0.27319,0.35121
0.24854,0.2697,0.34973
0.25096,0.27359,0.34947
0.24837,0.27422,0.34692
0.25462,0.27354,0.34568
0.25307,0.27482,0.34806
0.24336,0.27559,0.34833
0.25647,0.27481,0.34851
0.26649,0.2686,0.34719
0.26799,0.26971,0.34832
0.26756,0.2692,0.3502
0.26652,0.26779,0.34942
0.25167,0.27561,0.34945
0.2609,0.27184,0.3469
0.27116,0.26422,0.34738
0.26661,0.26722,0.35115
0.26589,0.2631,0.3497
0.27059,0.26405,0.34929
0.27794,0.25495,0.34845
0.27474,0.25883,0.34688
0.27897,0.24939,0.35004
0.27937,0.24308,0.3492
0.27215,0.26514,0.34946
0.27746,0.23925,0.34761
0.27794,0.24647,0.34689
0.27686,0.25291,0.34599
0.27709,0.24894,0.34949
0.27681,0.24873,0.35115
0.25418,0.24714,0.34951
0.25819,0.24488,0.35067
0.27715,0.24413,0.34954
0.27746,0.24041,0.34576
0.25357,0.24861,0.34937
0.25422,0.24795,0.35155
0.25111,0.24916,0.33713
0.25096,0.24174,0.33744
0.25333,0.24385,0.33661
0.25296,0.24273,0.34921
0.25574,0.24105,0.34975
0.25203,0.24098,0.34958
0.25561,0.23885,0.35058
0.25646,0.2403,0.35155
0.27089,0.2283,0.35119
0.2713,0.22828,0.34953
0.25061,0.23677,0.3507
0.26786,0.22502,0.3512
0.26813,0.22305,0.35131
0.26788,0.22456,0.34948
0.27296,0.22793,0.35137
0.26265,0.21909,0.35184
0.26881,0.22274,0.34952
0.2526,0.21795,0.35131
0.25307,0.21589,0.3502
0.25287,0.21769,0.34946
0.25013,0.22151,0.34979
0.26352,0.2186,0.34876
0.24761,0.21768,0.34957
0.26238,0.21971,0.34766
0.25652,0.21784,0.34643
0.25017,0.21698,0.34728
0.24697,0.21548,0.34933
0.23218,0.22316,0.34943
0.24801,0.21792,0.35124
0.24376,0.21742,0.34701
0.23747,0.21953,0.34624
0.23837,0.21743,0.34856
0.23209,0.22265,0.34703
0.22769,0.22726,0.34627
0.22704,0.22652,0.34769
0.22801,0.22708,0.34949
0.224,0.23222,0.34596
0.22282,0.23294,0.34818
0.22152,0.23836,0.34703
0.22145,0.2422,0.34959
0.22076,0.24451,0.34612
0.2199,0.24558,0.34817
0.21922,0.24032,0.34897
0.21909,0.24794,0.34945
0.22111,0.25109,0.34646
0.21996,0.24153,0.35106
0.22154,0.24706,0.35129
0.22518,0.24482,0.34981
0.24036,0.2463,0.35071
0.24481,0.24812,0.34955
0.24471,0.24315,0.34951
0.24504,0.24979,0.35532
0.24628,0.24912,0.34922
0.24773,0.24932,0.33694
0.24512,0.24511,0.33702
0.24848,0.24956,0.33541
0.24532,0.24454,0.33546
0.24875,0.24149,0.33655
0.24622,0.24762,0.3353
0.24646,0.24694,0.35327
0.25219,0.24807,0.33533
0.25082,0.24312,0.35326
0.24781,0.24211,0.33531
0.25135,0.24721,0.35326
0.25306,0.2452,0.33532
0.24996,0.2419,0.33531
0.25159,0.25086,0.3496
0.24842,0.25457,0.34975
0.25112,0.25075,0.35155
0.24804,0.25449,0.35155
0.24353,0.25242,0.35157
0.23071,0.26619,0.35124
0.2508,0.27342,0.35122
0.25228,0.27513,0.35151
0.27199,0.26464,0.35141
0.27583,0.25889,0.35176
0.25185,0.25411,0.35267
0.26994,0.26413,0.35117
0.2788,0.2426,0.3515
0.25796,0.24261,0.35258
0.25696,0.25044,0.35255
0.25753,0.2446,0.35529
0.25098,0.23657,0.35261
0.24389,0.23871,0.35305
0.2316,0.22192,0.35147
0.24607,0.21614,0.35164
0.22347,0.23207,0.3518
0.2321,0.22382,0.35131
0.22695,0.22606,0.35087
0.2314,0.22135,0.34946
0.22552,0.22664,0.34909
0.23281,0.22799,0.34982
0.24729,0.24051,0.35157
0.2475,0.24043,0.34977
0.24435,0.24333,0.35158
0.2287,0.22697,0.35129
0.22172,0.24245,0.3513
0.25488,0.25158,0.35274
0.2552,0.24338,0.35275
0.25544,0.25126,0.35511
0.25264,0.24919,0.35275
0.24668,0.25131,0.35276
0.25286,0.24871,0.35525
0.2497,0.25411,0.35527
0.2771,0.2441,0.35119
0.27379,0.22782,0.34902
0.27197,0.22681,0.34808
0.26783,0.22377,0.34695
0.27224,0.22868,0.34603
0.27552,0.23395,0.34691
0.27784,0.23531,0.34868
0.13245,-0.11332,0.3272
0.1293,-0.11054,0.32725
0.12922,-0.11351,0.32717
0.13283,-0.11076,0.32722
0.13088,-0.11193,0.32723
0.13326,-0.10949,0.32729
0.10567,-0.04727,0.3669
0.10544,-0.04673,0.36616
0.10657,-0.04799,0.36617
0.10741,-0.04571,0.36594
0.10623,-0.04548,0.36655
0.10761,-0.04756,0.36679
0.1061,-0.0456,0.36714
0.10676,-0.04791,0.36747
0.10549,-0.04708,0.36744
0.10763,-0.04598,0.36651
0.10775,-0.04598,0.36732
0.10539,-0.04699,0.368
0.10635,-0.04547,0.36789
0.10786,-0.04715,0.36772
0.10721,-0.04778,0.36844
0.10719,-0.04549,0.36824
0.10786,-0.04692,0.36889
0.1057,-0.04752,0.36853
0.10561,-0.04606,0.36891
0.10713,-0.04557,0.36885
0.10728,-0.04774,0.36969
0.1061,-0.04769,0.36897
0.10771,-0.0458,0.36941
0.10781,-0.04647,0.36974
0.10604,-0.04562,0.36971
0.10713,-0.04557,0.37028
0.10549,-0.04643,0.37019
0.10579,-0.04755,0.36951
0.10531,-0.0468,0.36956
0.10601,-0.04779,0.37034
0.1074,-0.04815,0.37078
0.10793,-0.04667,0.37043
0.10569,-0.04602,0.37063
0.10522,-0.04468,0.37086
0.10513,-0.04826,0.37327
0.10497,-0.045,0.37326
0.10867,-0.04555,0.3733
0.1065,-0.0457,0.37154
0.10675,-0.04774,0.37156
0.10772,-0.04871,0.37324
0.10874,-0.04535,0.37085
0.10764,-0.0474,0.36625
0.24501,-0.25188,0.35592
0.24782,-0.24977,0.35591
0.24716,-0.24485,0.35591
0.2512,-0.25058,0.3559
0.25086,-0.2509,0.3534
0.24489,-0.25315,0.35342
0.2455,-0.25533,0.35602
0.24057,-0.25155,0.35593
0.24234,-0.25379,0.35042
0.241,-0.25175,0.35042
0.24413,-0.25048,0.35005
0.24279,-0.25172,0.35593
0.24272,-0.24568,0.35015
0.22545,-0.26444,0.35027
0.2256,-0.26439,0.35194
0.24031,-0.25258,0.35223
0.2386,-0.24793,0.35135
0.24284,-0.24222,0.3504
0.24682,-0.24231,0.34979
0.24398,-0.24502,0.33766
0.22205,-0.24616,0.3511
0.24256,-0.24496,0.35221
0.25257,-0.24116,0.35038
0.22685,-0.22853,0.35194
0.23121,-0.22954,0.35041
0.24557,-0.24219,0.3522
0.24849,-0.23848,0.35039
0.25325,-0.24148,0.35593
0.2502,-0.24241,0.3559
0.25154,-0.24464,0.35023
0.25473,-0.24202,0.35131
0.26523,-0.23094,0.35034
0.25342,-0.24054,0.35218
0.24894,-0.2385,0.35219
0.25205,-0.2429,0.3503
0.25643,-0.24664,0.35131
0.25086,-0.2198,0.35183
0.25774,-0.22028,0.35219
0.24938,-0.23841,0.35319
0.25717,-0.24364,0.35293
0.26667,-0.22481,0.35203
0.26622,-0.22678,0.3518
0.25153,-0.2176,0.35075
0.24548,-0.21771,0.35183
0.26713,-0.22445,0.35001
0.26612,-0.22615,0.34997
0.26073,-0.22041,0.34914
0.25131,-0.21944,0.34999
0.26623,-0.2256,0.34753
0.26986,-0.23021,0.35003
0.25496,-0.21958,0.34755
0.26108,-0.22214,0.34647
0.27224,-0.22969,0.34959
0.27042,-0.23031,0.34662
0.27125,-0.22963,0.35161
0.27382,-0.23279,0.34915
0.27551,-0.24569,0.35004
0.27643,-0.2427,0.34838
0.27538,-0.24154,0.34753
0.27747,-0.24386,0.34923
0.27383,-0.23584,0.34753
0.27526,-0.24601,0.35182
0.27713,-0.24534,0.35174
0.2753,-0.25091,0.35011
0.27612,-0.2484,0.34754
0.27161,-0.24823,0.35035
0.27517,-0.25448,0.3486
0.27286,-0.26072,0.34756
0.26813,-0.26612,0.3502
0.27111,-0.26642,0.34965
0.27718,-0.25129,0.35074
0.27601,-0.25638,0.34884
0.27529,-0.25478,0.34564
0.27559,-0.25543,0.34872
0.26928,-0.26609,0.34788
0.26408,-0.27029,0.34978
0.26457,-0.27044,0.34809
0.24878,-0.27524,0.35024
0.25287,-0.27535,0.34672
0.24998,-0.27747,0.35004
0.25894,-0.27364,0.34761
0.26488,-0.27224,0.34973
0.26545,-0.27094,0.35142
0.26467,-0.26841,0.35043
0.24638,-0.27597,0.34764
0.25367,-0.27659,0.34891
0.24222,-0.27708,0.34972
0.23917,-0.27501,0.34836
0.23336,-0.27358,0.34888
0.23434,-0.27237,0.34671
0.24404,-0.27508,0.35028
0.24037,-0.27507,0.3465
0.2288,-0.26899,0.34795
0.22864,-0.26806,0.35024
0.22819,-0.27067,0.34971
0.22444,-0.2643,0.34767
0.22137,-0.2589,0.3466
0.21974,-0.25862,0.3491
0.21932,-0.25259,0.34712
0.21938,-0.24928,0.35006
0.21735,-0.25036,0.34973
0.21794,-0.24919,0.35161
0.21971,-0.24368,0.35021
0.21877,-0.2461,0.34814
0.21981,-0.24849,0.35191
0.22373,-0.26544,0.35091
0.2209,-0.25933,0.35248
0.21824,-0.24205,0.35231
0.21755,-0.24284,0.35005
0.22067,-0.23406,0.34923
0.22642,-0.22864,0.35007
0.2305,-0.22497,0.35011
0.22583,-0.22856,0.34762
0.22452,-0.22782,0.35003
0.22518,-0.22794,0.35201
0.21979,-0.23985,0.34765
0.22227,-0.23381,0.34686
0.23079,-0.22444,0.34684
0.22977,-0.22398,0.34827
0.23633,-0.22137,0.34884
0.23689,-0.21943,0.3492
0.23575,-0.2209,0.34603
0.2299,-0.2225,0.34963
0.24582,-0.21931,0.35006
0.23661,-0.2204,0.34902
0.24222,-0.21912,0.34757
0.24841,-0.21879,0.34666
0.24962,-0.21753,0.34883
0.245,-0.21724,0.34995
0.24638,-0.21962,0.35179
0.23601,-0.21992,0.35247
0.23006,-0.22353,0.35194
0.24844,-0.22199,0.35044
0.23048,-0.22541,0.35189
0.23868,-0.24538,0.35329
0.24273,-0.23974,0.3533
0.2486,-0.23895,0.35586
0.24144,-0.24142,0.35591
0.24844,-0.23943,0.35339
0.2391,-0.24709,0.35595
0.2392,-0.2466,0.35342
0.24911,-0.24221,0.35339
0.24244,-0.24891,0.35342
0.24364,-0.24448,0.35591
0.24104,-0.24939,0.35592
0.2422,-0.25465,0.35342
0.22808,-0.26959,0.352
0.24832,-0.25622,0.35329
0.23682,-0.27414,0.35232
0.22878,-0.26765,0.35188
0.24439,-0.25412,0.35222
0.24665,-0.25628,0.35041
0.24456,-0.27481,0.35195
0.24945,-0.25244,0.35221
0.24865,-0.27494,0.35187
0.25216,-0.25235,0.3504
0.25924,-0.27397,0.35237
0.24976,-0.27686,0.35201
0.25467,-0.2529,0.35322
0.26462,-0.26912,0.35185
0.26981,-0.26673,0.3519
0.25627,-0.24637,0.35358
0.25594,-0.24736,0.35589
0.25283,-0.25406,0.35593
0.27413,-0.25856,0.35218
0.26794,-0.26598,0.35184
0.27507,-0.2506,0.35183
0.25247,-0.24956,0.3522
0.25228,-0.24899,0.35005
0.25148,-0.24688,0.33763
0.24959,-0.25066,0.33769
0.24857,-0.2519,0.34976
0.24486,-0.25068,0.33743
0.24684,-0.2511,0.33598
0.24352,-0.2472,0.336
0.24587,-0.24992,0.35391
0.2454,-0.24419,0.33596
0.24983,-0.25039,0.33599
0.2486,-0.24437,0.3539
0.24971,-0.24852,0.3539
0.24874,-0.24354,0.33601
0.2514,-0.24682,0.336
0.2489,-0.24361,0.33748
0.25423,-0.2417,0.35365
0.25542,-0.24671,0.35339
0.25117,-0.25408,0.35341
0.25245,-0.24508,0.35589
0.25236,-0.24577,0.35339
0.24337,-0.27664,0.35159
0.21951,-0.24253,0.35216
0.27418,-0.23536,0.35234
0.26953,-0.23023,0.35183
0.27578,-0.24198,0.34563
-0.25176,-0.24231,0.35439
-0.25177,-0.24232,0.35532
-0.25199,-0.24108,0.35503
-0.24955,-0.24306,0.35457
-0.25083,-0.23988,0.35437
-0.24899,-0.2403,0.35457
-0.25053,-0.23969,0.35512
-0.25094,-0.23991,0.35597
-0.24857,-0.24096,0.35527
-0.24874,-0.2407,0.356
-0.25103,-0.2398,0.35671
-0.2501,-0.24305,0.35628
-0.24939,-0.24297,0.35533
-0.24875,-0.24212,0.35637
-0.24882,-0.24052,0.35697
-0.25194,-0.24168,0.35604
-0.25198,-0.24201,0.35673
-0.24887,-0.24255,0.35715
-0.25107,-0.24317,0.35576
0.1147,-0.02547,0.36331
0.11494,-0.02557,0.35774
0.11388,-0.03716,0.36075
0.121,-0.02552,0.3582
0.12127,-0.02542,0.36254
0.11852,-0.02573,0.36482
0.11552,-0.03728,0.36407
0.11571,-0.03715,0.35736
0.11779,-0.03736,0.36083
0.12032,-0.03716,0.35774
0.12171,-0.03717,0.36163
0.11932,-0.03681,0.3646
-0.24711,0.24386,0.35647
-0.24706,0.2427,0.35601
-0.24719,0.2445,0.35599
-0.24883,0.245,0.35643
-0.25021,0.24377,0.35633
-0.24672,0.24347,0.35554
-0.24874,0.24498,0.35531
-0.24926,0.24508,0.35572
-0.24737,0.24452,0.35483
-0.25003,0.24338,0.35552
-0.25003,0.24455,0.35519
-0.25007,0.24393,0.35489
-0.24928,0.24509,0.35451
-0.2504,0.24327,0.35464
-0.24937,0.24164,0.35472
-0.25004,0.24215,0.35528
-0.24897,0.24184,0.35505
-0.24775,0.24162,0.3554
-0.24721,0.24265,0.35517
-0.24705,0.24214,0.35486
-0.24928,0.24191,0.35561
-0.24877,0.24143,0.35597
-0.25043,0.24311,0.35584
-0.24962,0.24202,0.35651
-0.24758,0.24211,0.35454
-0.24821,0.24149,0.35419
-0.24676,0.24319,0.35407
-0.25006,0.24244,0.35421
-0.24971,0.24467,0.35411
-0.24882,0.2417,0.35375
-0.24999,0.24408,0.3536
-0.24734,0.24447,0.35396
0.10911,-0.03474,0.34678
0.1117,-0.03247,0.34677
0.11214,-0.03201,0.33916
0.10865,-0.03104,0.34677
0.1087,-0.0351,0.33917
0.10813,-0.03102,0.33916
0.10988,-0.03526,0.34715
0.10743,-0.03192,0.34722
0.10832,-0.03238,0.33916
0.10985,-0.03407,0.33916
0.10742,-0.03194,0.34838
0.10824,-0.03405,0.34828
0.10851,-0.03374,0.33917
0.11099,-0.03304,0.33916
0.10865,-0.03511,0.34824
0.11088,-0.03429,0.34833
0.11199,-0.03389,0.34837
0.11125,-0.03158,0.34824
0.11088,-0.03043,0.34818
0.11214,-0.03367,0.34716
0.1101,-0.03015,0.34677
0.11014,-0.03199,0.3482
0.11009,-0.02987,0.35117
0.11171,-0.03471,0.35117
0.11162,-0.03273,0.34831
0.10976,-0.0347,0.34828
0.10973,-0.03093,0.34825
0.10947,-0.03135,0.33916
0.10858,-0.03144,0.34831
0.10939,-0.03355,0.34822
0.1108,-0.03168,0.33916
0.10783,-0.033,0.34833
0.10738,-0.03397,0.35118
0.2536,-0.24294,0.35615
0.25319,-0.24419,0.35585
0.25276,-0.24172,0.35573
0.25115,-0.2416,0.35648
0.25108,-0.24184,0.35572
0.25253,-0.24175,0.35516
0.25363,-0.243,0.35523
0.25024,-0.2435,0.35615
0.25019,-0.24327,0.35547
0.25189,-0.24497,0.35659
0.25158,-0.24484,0.35584
0.25378,-0.2437,0.35653
0.25045,-0.24422,0.35487
0.25263,-0.245,0.35525
0.2502,-0.24313,0.35399
0.25038,-0.24261,0.35474
0.25109,-0.24465,0.35417
0.25215,-0.24492,0.35483
0.25326,-0.2442,0.3545
0.25371,-0.24261,0.35478
0.25301,-0.24203,0.35444
0.25376,-0.24319,0.35417
0.25266,-0.24482,0.3539
0.25347,-0.24251,0.35373
0.2507,-0.24439,0.3535
0.25308,-0.24476,0.35347
0.25335,-0.24401,0.35313
0.25053,-0.24264,0.35336
0.25218,-0.24162,0.35328
0.25157,-0.24141,0.35372
0.25143,-0.24163,0.35425
0.25174,-0.24137,0.3549
0.2423,-0.2497,0.35618
0.24201,-0.25009,0.35657
0.24448,-0.25036,0.3562
0.24127,-0.2517,0.35632
0.24148,-0.25192,0.35564
0.24247,-0.24974,0.35572
0.24245,-0.25283,0.35613
0.2431,-0.25314,0.35572
0.24285,-0.25315,0.35497
0.24175,-0.25227,0.3545
0.24178,-0.25016,0.35468
0.24228,-0.25004,0.35529
0.24388,-0.25285,0.35409
0.24261,-0.25326,0.35402
0.24133,-0.25163,0.35365
0.24235,-0.24997,0.35408
0.24261,-0.24977,0.35347
0.24466,-0.25068,0.35337
0.24473,-0.25118,0.35419
0.24375,-0.24983,0.35444
0.24412,-0.24981,0.35486
0.24398,-0.25025,0.35518
0.24465,-0.25158,0.35507
0.24489,-0.25206,0.35477
0.24475,-0.25203,0.35555
0.2445,-0.25013,0.35545
0.24488,-0.25182,0.35629
0.24296,-0.2533,0.35647
0.24411,-0.25286,0.35335
0.24177,-0.2528,0.35343
-0.22054,-0.25993,0.34483
-0.22045,-0.25998,0.34483
-0.22282,-0.26354,0.34484
-0.2229,-0.26348,0.34484
-0.22568,-0.26671,0.34485
-0.22067,-0.26101,0.34417
-0.21862,-0.25612,0.34482
-0.21737,-0.25203,0.34481
-0.22917,-0.26991,0.34415
-0.23191,-0.27226,0.35008
-0.21645,-0.24264,0.34403
-0.216,-0.25085,0.34416
-0.21786,-0.25762,0.35003
-0.22904,-0.26935,0.34486
-0.23268,-0.27156,0.34487
-0.23661,-0.27321,0.34488
-0.25106,-0.27537,0.35012
-0.24821,-0.27598,0.34435
-0.23755,-0.27397,0.34414
-0.24072,-0.27438,0.34489
-0.22575,-0.26664,0.34485
-0.22898,-0.26944,0.34486
-0.23264,-0.27165,0.34487
-0.23658,-0.27331,0.34488
-0.24924,-0.27466,0.34491
-0.25342,-0.27377,0.34492
-0.25745,-0.27238,0.34493
-0.24497,-0.27483,0.3449
-0.25739,-0.27295,0.34423
-0.26378,-0.26938,0.35014
-0.25345,-0.27387,0.34492
-0.26128,-0.2705,0.34493
-0.25749,-0.27247,0.34493
-0.26674,-0.26641,0.34415
-0.26475,-0.268,0.34494
-0.26469,-0.26792,0.34494
-0.26774,-0.26496,0.34494
-0.26782,-0.26502,0.34494
-0.27034,-0.26157,0.34494
-0.27042,-0.26163,0.34494
-0.27272,-0.25813,0.34422
-0.27241,-0.25785,0.34494
-0.2725,-0.25789,0.34494
-0.27392,-0.25387,0.34494
-0.27401,-0.25389,0.34494
-0.27483,-0.2497,0.34494
-0.27585,-0.24662,0.34425
-0.27522,-0.24545,0.34493
-0.27237,-0.25977,0.35015
-0.27413,-0.23493,0.3443
-0.26828,-0.22592,0.34418
-0.27395,-0.23702,0.34492
-0.2762,-0.2425,0.35014
-0.2749,-0.24119,0.34493
-0.2748,-0.2412,0.34493
-0.27128,-0.22967,0.35011
-0.27232,-0.23307,0.34491
-0.27022,-0.22937,0.3449
-0.25964,-0.21878,0.35007
-0.26761,-0.226,0.34489
-0.27031,-0.22931,0.3449
-0.26768,-0.22593,0.34489
-0.26459,-0.22298,0.34488
-0.26105,-0.22059,0.34487
-0.2611,-0.2205,0.34487
-0.25778,-0.21861,0.34411
-0.2573,-0.21856,0.34486
-0.2495,-0.2162,0.34407
-0.24278,-0.21564,0.35003
-0.2394,-0.21678,0.34412
-0.24904,-0.21643,0.34484
-0.25324,-0.2172,0.34485
-0.25322,-0.21729,0.34485
-0.24903,-0.21653,0.34484
-0.24476,-0.21629,0.34483
-0.24051,-0.21678,0.34482
-0.23641,-0.21797,0.34481
-0.23638,-0.21787,0.34481
-0.23245,-0.21956,0.3448
-0.2325,-0.21965,0.3448
-0.22881,-0.2218,0.3448
-0.22815,-0.22175,0.34403
-0.22445,-0.22403,0.35
-0.2195,-0.23237,0.34409
-0.22269,-0.22774,0.34479
-0.22553,-0.22455,0.3448
-0.2256,-0.22462,0.3448
-0.22035,-0.23131,0.34479
-0.22043,-0.23136,0.34479
-0.21855,-0.23519,0.34479
-0.21864,-0.23523,0.34479
-0.21697,-0.23832,0.35
-0.21684,-0.24779,0.34481
-0.21743,-0.23931,0.3448
-0.21672,-0.24352,0.3448
-0.21733,-0.23929,0.3448
-0.21674,-0.2478,0.34481
-0.21747,-0.252,0.34481
-0.21871,-0.25608,0.34482
-0.25726,-0.21865,0.34486
-0.27241,-0.23303,0.34491
-0.05231,0.00645,0.38183
-0.05229,0.00856,0.38487
-0.05529,0.00907,0.38447
-0.05531,0.00747,0.38135
-0.05229,0.00999,0.38196
-0.04773,0.00525,0.38569
-0.04752,0.01117,0.38557
-0.04765,0.00523,0.3802
-0.04782,0.00073,0.38295
-0.02974,0.01456,0.38493
-0.02978,0.0031,0.38533
-0.02979,0.0013,0.38169
-0.02975,0.01389,0.3804
-0.02117,0.00398,0.38251
-0.02115,0.012,0.38187
-0.04772,0.01128,0.38014
-0.04776,0.01586,0.38356
0.1194,0.00275,0.34791
0.12212,0.00287,0.35167
0.11497,0.00269,0.35433
0.11964,0.00274,0.35512
0.12007,0.0193,0.35499
0.11981,0.01946,0.34805
0.1221,0.01934,0.35123
0.11798,0.01959,0.3533
0.11652,0.01954,0.34814
0.11387,0.01943,0.35157
0.11702,0.01931,0.35556
0.11471,0.0028,0.34895
-0.24524,-0.24758,0.35705
-0.24387,-0.24826,0.35706
-0.24309,-0.24926,0.35706
-0.24465,-0.24727,0.35705
-0.24282,-0.25057,0.35707
-0.24305,-0.25013,0.35707
-0.24302,-0.25024,0.35707
-0.24313,-0.24976,0.35707
-0.24312,-0.24964,0.35707
-0.24304,-0.24915,0.35706
-0.24289,-0.24879,0.35706
-0.24385,-0.24821,0.35706
-0.24377,-0.24803,0.35706
-0.24374,-0.24799,0.35705
-0.24282,-0.24871,0.35706
-0.24256,-0.24842,0.35706
-0.24246,-0.24836,0.35706
-0.24402,-0.24658,0.35704
-0.24361,-0.24784,0.35705
-0.24214,-0.24816,0.35705
-0.24379,-0.24521,0.35703
-0.24421,-0.2443,0.35703
-0.24202,-0.24813,0.35705
-0.24165,-0.24805,0.35705
-0.24558,-0.24332,0.35702
-0.2483,-0.24533,0.35704
-0.24835,-0.24097,0.35701
-0.25018,-0.24302,0.35703
-0.2637,-0.21483,0.35977
-0.26371,-0.21484,0.35966
-0.26441,-0.21441,0.35935
0.25222,0.24248,0.35372
0.25483,0.24278,0.3539
0.25473,0.243,0.35319
0.25212,0.24242,0.35306
0.25356,0.2433,0.35275
0.25526,0.2409,0.35386
0.25529,0.24171,0.35281
0.25424,0.23992,0.3533
0.25413,0.23991,0.35265
0.25247,0.24024,0.35345
0.25225,0.24094,0.35274
0.25291,0.24009,0.3541
0.25212,0.24117,0.35447
0.25391,0.2398,0.35456
0.25267,0.24299,0.35469
0.25291,0.24301,0.3541
0.25229,0.2405,0.35512
0.25228,0.24279,0.35511
0.25387,0.23993,0.35551
0.2523,0.24057,0.35573
0.25224,0.24257,0.35559
0.25261,0.24283,0.35628
0.25192,0.2409,0.35648
0.25431,0.23992,0.35618
0.2527,0.24287,0.35711
0.25403,0.23983,0.35679
0.25225,0.24067,0.35738
0.25402,0.24302,0.35671
0.25471,0.24309,0.35644
0.2553,0.24164,0.35649
0.25483,0.24308,0.35703
0.25533,0.24066,0.35718
0.254,0.24316,0.35565
0.2555,0.24183,0.35592
0.2547,0.24314,0.35522
0.2552,0.24162,0.35563
0.25542,0.2408,0.35538
0.25531,0.24133,0.35473
0.25445,0.24296,0.35463
-0.0774,0.04759,0.36651
-0.0773,0.0458,0.36632
-0.07907,0.04577,0.36654
-0.07898,0.04757,0.36635
-0.0795,0.0464,0.36692
-0.07733,0.04588,0.36698
-0.07806,0.04551,0.36774
-0.07866,0.04798,0.36684
-0.07898,0.04777,0.36732
-0.07925,0.04614,0.36765
-0.07719,0.04734,0.36739
-0.07704,0.04626,0.368
-0.07934,0.04618,0.36821
-0.0777,0.04563,0.36872
-0.07737,0.0477,0.36788
-0.07767,0.04783,0.36822
-0.07794,0.04798,0.3687
-0.07879,0.04781,0.36795
-0.07937,0.04709,0.36879
-0.07959,0.04666,0.36851
-0.079,0.04572,0.36911
-0.07916,0.04742,0.36931
-0.07914,0.04587,0.36978
-0.07765,0.04566,0.36994
-0.07707,0.04646,0.36926
-0.07706,0.04693,0.36994
-0.07948,0.04669,0.37007
-0.0775,0.04776,0.37038
-0.07715,0.04595,0.37068
-0.07881,0.04562,0.37058
-0.07931,0.0471,0.37078
-0.07958,0.04467,0.37114
-0.07979,0.04888,0.37114
-0.08037,0.04565,0.37356
-0.07687,0.04484,0.37352
-0.07927,0.04878,0.3735
-0.07827,0.04782,0.37185
-0.07634,0.04808,0.37355
-0.07818,0.04562,0.37185
-0.07682,0.04733,0.37109
-0.07839,0.04796,0.37086
-0.07872,0.04784,0.36999
-0.07752,0.04773,0.36936
-0.07691,0.04715,0.36874
-0.2408,0.25007,0.35614
-0.23887,0.24988,0.35627
-0.24139,0.2519,0.35632
-0.24141,0.2522,0.35546
-0.23966,0.25326,0.35537
-0.24001,0.25311,0.35629
-0.23805,0.252,0.35643
-0.23822,0.25195,0.35553
-0.23838,0.25252,0.3547
-0.23839,0.2503,0.35511
-0.23905,0.25008,0.3557
-0.23852,0.25263,0.35393
-0.23786,0.25138,0.35429
-0.23845,0.25079,0.35455
-0.24016,0.25306,0.35448
-0.2414,0.25155,0.35461
-0.24074,0.25294,0.35375
-0.24067,0.25001,0.35538
-0.24035,0.24996,0.35465
-0.2413,0.25075,0.35378
-0.23939,0.24965,0.35416
-0.23886,0.25008,0.35374
0.00244,-0.04711,0.36639
0.00104,-0.04746,0.36648
0.00246,-0.04551,0.36643
0.00033,-0.0463,0.36644
0.00053,-0.04689,0.36713
0.00247,-0.04718,0.36702
0.00258,-0.0457,0.36733
0.00162,-0.04754,0.3677
0.00275,-0.04673,0.36795
0.0003,-0.04668,0.36826
0.00036,-0.04668,0.36767
0.00208,-0.0474,0.36867
0.00093,-0.04523,0.36771
0.00095,-0.04521,0.36717
0.00225,-0.04527,0.36809
0.00098,-0.0453,0.3684
0.00266,-0.04595,0.36864
0.0007,-0.04723,0.36891
0.00202,-0.04516,0.36898
0.00045,-0.04565,0.36906
0.00188,-0.04513,0.36978
0.00278,-0.04633,0.36948
0.00277,-0.04677,0.37026
0.00039,-0.04575,0.37036
0.00053,-0.04577,0.36974
0.00197,-0.04523,0.37062
0.00103,-0.0474,0.37043
0.00189,-0.04754,0.36973
0.00267,-0.04688,0.37074
0.00085,-0.04886,0.37109
0.00403,-0.04593,0.37108
0.00262,-0.04837,0.37342
-0.00002,-0.04415,0.37108
-0.00053,-0.04749,0.37351
0.00054,-0.04586,0.3718
0.00083,-0.04413,0.37351
0.00255,-0.04677,0.37179
0.00376,-0.04559,0.37346
0.00064,-0.04553,0.37087
0.00047,-0.04701,0.36962
0.00111,-0.04505,0.36679
0.00102,-0.04534,0.36626
0.11534,-0.04224,0.33916
0.11573,-0.04174,0.34677
0.11812,-0.0396,0.34676
0.11473,-0.03822,0.34677
0.11475,-0.03775,0.33916
0.11785,-0.03993,0.33915
0.11699,-0.04127,0.3453
0.11848,-0.03935,0.33915
0.11514,-0.04074,0.33916
0.11528,-0.04207,0.34719
0.11376,-0.03929,0.34722
0.11495,-0.03925,0.33916
0.11723,-0.04051,0.33916
0.11844,-0.0408,0.34719
0.11774,-0.04031,0.34222
0.1166,-0.04108,0.33916
0.11625,-0.04224,0.34837
0.11745,-0.04118,0.34837
0.11366,-0.04035,0.34837
0.11539,-0.04161,0.34837
0.11595,-0.04224,0.3453
0.11865,-0.04013,0.34836
0.11597,-0.04166,0.33916
0.117,-0.04118,0.34376
0.11565,-0.04224,0.34223
0.11805,-0.04065,0.34837
0.11854,-0.03961,0.34222
0.11724,-0.03882,0.33915
0.11649,-0.03718,0.34676
0.11702,-0.03751,0.34795
0.11549,-0.03766,0.34823
0.11775,-0.03843,0.34355
0.11473,-0.03773,0.34837
0.11827,-0.04192,0.35117
0.11811,-0.03926,0.34823
0.11404,-0.03767,0.35117
0.11626,-0.03759,0.34809
0.11756,-0.03838,0.34809
0.11599,-0.03828,0.33915
0.11437,-0.0386,0.34837
0.11452,-0.04098,0.34837
0.11685,-0.04171,0.34837
0.11401,-0.03947,0.34837
0.1186,-0.03987,0.34529
-0.07912,-0.04714,0.36665
-0.07915,-0.04508,0.36642
-0.07765,-0.04521,0.36661
-0.07756,-0.04684,0.3667
-0.07752,-0.04541,0.36751
-0.07899,-0.04477,0.36696
-0.07976,-0.04599,0.36664
-0.07957,-0.0466,0.3673
-0.07916,-0.04493,0.36734
-0.07974,-0.0464,0.36784
-0.07917,-0.04494,0.36788
-0.07777,-0.04509,0.36839
-0.07912,-0.04502,0.36857
-0.07981,-0.04639,0.36843
-0.07852,-0.04729,0.36806
-0.07803,-0.04712,0.36884
-0.0794,-0.04694,0.36909
-0.07737,-0.04626,0.36929
-0.07981,-0.04542,0.36904
-0.07974,-0.04577,0.3695
-0.07916,-0.04711,0.36987
-0.07799,-0.04709,0.37006
-0.07981,-0.04606,0.37019
-0.07906,-0.04491,0.37011
-0.07965,-0.04565,0.3709
-0.07921,-0.04714,0.37074
-0.08044,-0.04432,0.37126
-0.0775,-0.04675,0.37077
-0.07687,-0.04671,0.37109
-0.08079,-0.04576,0.37365
-0.07884,-0.04841,0.37367
-0.07818,-0.04366,0.37368
-0.07955,-0.04555,0.37197
-0.07765,-0.04662,0.37196
-0.07629,-0.04622,0.37363
-0.07664,-0.0445,0.37125
-0.07872,-0.04479,0.37098
-0.07783,-0.04498,0.3705
-0.07739,-0.04582,0.37006
-0.0778,-0.04507,0.3695
-0.07898,-0.04477,0.36941
-0.07877,-0.04542,0.3695
-0.0781,-0.04476,0.36893
-0.07735,-0.04645,0.36813
-0.07798,-0.04713,0.3674
0.11371,-0.00589,0.35206
0.11545,-0.0059,0.3554
0.11629,-0.00575,0.34847
0.11939,-0.00572,0.35569
0.11577,-0.02217,0.35559
0.11963,-0.02249,0.35559
0.1138,-0.02249,0.35216
0.12153,-0.00693,0.35443
0.12191,-0.02226,0.35206
0.11782,-0.0226,0.3521
0.11977,-0.0225,0.34868
0.11587,-0.02238,0.34859
0.12118,-0.0057,0.34963
0.01236,-0.04894,0.37627
0.01011,-0.04352,0.37732
0.01289,-0.04353,0.37653
0.0127,-0.04353,0.37943
0.0117,-0.04882,0.37916
0.01024,-0.0469,0.37758
0.01454,-0.0472,0.37842
0.01333,-0.0465,0.37862
0.02637,-0.04884,0.37936
0.01462,-0.05022,0.37863
0.02794,-0.04983,0.37905
0.02794,-0.04955,0.37917
0.02794,-0.05008,0.37887
0.02794,-0.04927,0.37923
0.02794,-0.04899,0.37924
0.02795,-0.04872,0.3792
0.02795,-0.04845,0.3791
0.02795,-0.04819,0.37894
0.0269,-0.05041,0.37854
0.0278,-0.04746,0.37729
0.02795,-0.04796,0.37873
0.03938,-0.04801,0.3787
0.03939,-0.04822,0.37891
0.04151,-0.04782,0.37858
0.03939,-0.04849,0.37906
0.04501,-0.04753,0.37876
0.03938,-0.04783,0.37845
0.03938,-0.04771,0.37821
0.04821,-0.04644,0.3785
0.04201,-0.04751,0.37788
0.04927,-0.04578,0.37696
0.04205,-0.04753,0.37732
0.05419,-0.04259,0.37889
0.0522,-0.04666,0.379
0.04313,-0.04916,0.37923
0.03938,-0.04765,0.37789
0.03938,-0.04764,0.37762
0.03938,-0.04783,0.37696
0.03938,-0.04778,0.37708
0.03938,-0.04767,0.37735
0.04146,-0.04805,0.37657
0.03938,-0.04794,0.37682
0.02794,-0.0481,0.37661
0.03938,-0.04817,0.37656
0.03938,-0.04839,0.37642
0.03938,-0.04854,0.37633
0.04197,-0.04869,0.37622
0.05081,-0.04771,0.37617
0.04123,-0.04931,0.37622
0.03938,-0.04867,0.3763
0.03938,-0.04895,0.37622
0.03939,-0.04922,0.37623
0.02794,-0.04891,0.37625
0.02794,-0.04918,0.37624
0.02273,-0.04917,0.37625
0.02794,-0.04945,0.37628
0.02273,-0.04889,0.37626
0.01736,-0.04862,0.37624
0.02272,-0.04944,0.37629
0.0132,-0.04687,0.37677
0.02273,-0.04861,0.37632
0.02312,-0.04984,0.37645
0.02794,-0.04973,0.37638
0.02794,-0.04999,0.37654
0.02794,-0.05022,0.37675
0.02492,-0.05033,0.3769
0.01631,-0.05031,0.37698
0.03939,-0.05002,0.37652
0.03939,-0.04979,0.37637
0.04428,-0.04975,0.37651
0.04151,-0.05013,0.37666
0.04358,-0.05041,0.37752
0.04163,-0.05047,0.37723
0.04225,-0.0503,0.37696
0.0394,-0.05042,0.37695
0.0394,-0.05024,0.37673
0.02794,-0.05052,0.37728
0.02794,-0.0504,0.377
0.02272,-0.0505,0.37729
0.02794,-0.05058,0.37756
0.0394,-0.05058,0.37735
0.02272,-0.05056,0.37757
0.02794,-0.05059,0.37783
0.0394,-0.05062,0.37781
0.0394,-0.05061,0.37795
0.02794,-0.05055,0.3781
0.0394,-0.05063,0.37776
0.04185,-0.05044,0.37823
0.0394,-0.05049,0.37835
0.02794,-0.05045,0.37838
0.0394,-0.05032,0.37861
0.02794,-0.05029,0.37864
0.04151,-0.05023,0.37865
0.0394,-0.05011,0.37883
0.04722,-0.04961,0.37843
0.04227,-0.05049,0.37779
0.0394,-0.04986,0.37901
0.0394,-0.04958,0.37915
0.0394,-0.0493,0.37919
0.04183,-0.04916,0.3792
0.03939,-0.04903,0.37921
0.04204,-0.04876,0.37919
0.03939,-0.04876,0.37915
0.03939,-0.04859,0.37912
0.04209,-0.04836,0.37906
0.03939,-0.04949,0.37627
0.02794,-0.04863,0.37631
0.02794,-0.04835,0.37643
0.05388,-0.046,0.37752
0.05501,-0.04298,0.37581
0.05593,-0.04242,0.37769
0.05408,-0.04279,0.37574
0.05507,-0.03674,0.37558
0.05298,-0.043,0.37636
0.05577,-0.03671,0.37616
0.05533,-0.03673,0.37572
0.05557,-0.03672,0.37592
0.05508,-0.03194,0.37531
0.05535,-0.03193,0.37545
0.05539,-0.02165,0.37487
0.05563,-0.02164,0.37507
0.05559,-0.03192,0.37565
0.05542,-0.01146,0.3743
0.05515,-0.01146,0.37416
0.05512,-0.02166,0.37473
0.05517,-0.00679,0.37389
0.05544,-0.00678,0.37403
0.05566,-0.01145,0.37449
0.05585,-0.01143,0.37473
0.05582,-0.02163,0.37531
0.05568,-0.00677,0.37423
0.05599,-0.01142,0.375
0.05596,-0.02161,0.37558
0.05596,-0.00583,0.37455
0.05607,-0.0114,0.37528
0.05631,-0.00198,0.3742
0.05496,-0.00187,0.37341
0.0561,-0.0087,0.3754
0.05608,-0.00261,0.37554
0.05846,-0.00147,0.37395
0.05829,-0.00071,0.37636
0.05841,0.00066,0.37338
0.05607,-0.01137,0.37583
0.05601,-0.00554,0.37578
0.05575,-0.00217,0.37618
0.05599,-0.01136,0.37611
0.05586,-0.00666,0.37611
0.05585,-0.01134,0.37638
0.05567,-0.00592,0.37631
0.05565,-0.01133,0.37661
0.05543,-0.00606,0.37651
0.05562,-0.02152,0.37719
0.05581,-0.02153,0.37695
0.05541,-0.01132,0.37681
0.05595,-0.02155,0.37668
0.05578,-0.03182,0.37753
0.05558,-0.0318,0.37777
0.0559,-0.03663,0.37753
0.05592,-0.03183,0.37726
0.05576,-0.03662,0.3778
0.05598,-0.03665,0.37725
0.056,-0.03185,0.37698
0.05603,-0.02157,0.3764
0.05606,-0.02158,0.37613
0.05601,-0.03671,0.37698
0.05604,-0.0216,0.37586
0.056,-0.03188,0.37644
0.05592,-0.0319,0.37616
0.05598,-0.03668,0.37671
0.05591,-0.03669,0.37643
0.05578,-0.03191,0.37589
0.05556,-0.0366,0.37804
0.05534,-0.03179,0.37796
0.05532,-0.03659,0.37823
0.05507,-0.03178,0.3781
0.05505,-0.03658,0.37837
0.05479,-0.03178,0.37818
0.05537,-0.02151,0.37738
0.0551,-0.0215,0.37752
0.05486,-0.0113,0.37702
0.05483,-0.02149,0.3776
0.05514,-0.01131,0.37695
0.05459,-0.0113,0.37705
0.05455,-0.02149,0.37762
0.05452,-0.03178,0.3782
0.05477,-0.03658,0.37845
0.0545,-0.03657,0.37847
0.05424,-0.03178,0.37818
0.05428,-0.02149,0.3776
0.05396,-0.03178,0.3781
0.05423,-0.03657,0.37845
0.05395,-0.03658,0.37837
0.0537,-0.03179,0.37795
0.054,-0.0215,0.37752
0.05368,-0.03659,0.37823
0.05343,-0.03862,0.37814
0.05346,-0.0318,0.37776
0.05326,-0.03181,0.37752
0.05349,-0.02151,0.37718
0.05373,-0.0215,0.37737
0.0533,-0.02153,0.37694
0.05353,-0.01132,0.3766
0.05377,-0.01131,0.3768
0.05333,-0.01133,0.37636
0.05335,-0.00489,0.376
0.05354,-0.00664,0.37634
0.05413,-0.00107,0.37641
0.05378,-0.00663,0.37654
0.05405,-0.00663,0.37668
0.05403,-0.0113,0.37694
0.05433,-0.00662,0.37676
0.05431,-0.0113,0.37702
0.0546,-0.00662,0.37678
0.05488,-0.00662,0.37676
0.05516,-0.00663,0.37668
0.05322,-0.00509,0.37574
0.05318,-0.00195,0.37468
0.05469,0.00045,0.37445
0.05836,0.00153,0.37542
0.05313,-0.00669,0.37555
0.0531,-0.0076,0.37533
0.05313,-0.00672,0.375
0.05322,-0.00519,0.37464
0.0535,-0.00252,0.37404
0.05312,-0.01136,0.37581
0.05306,-0.02157,0.37612
0.05312,-0.0114,0.37527
0.05308,-0.02159,0.37584
0.05302,-0.03186,0.3767
0.05308,-0.02156,0.37639
0.05319,-0.01135,0.37609
0.05305,-0.03184,0.37697
0.05316,-0.02154,0.37667
0.05312,-0.03183,0.37725
0.05325,-0.03661,0.37779
0.05311,-0.03662,0.37752
0.05292,-0.04137,0.37708
0.05306,-0.0418,0.37799
0.05303,-0.03664,0.37724
0.05307,-0.0328,0.37635
0.05305,-0.03187,0.37642
0.05313,-0.03189,0.37614
0.05325,-0.0367,0.37615
0.05345,-0.03672,0.37591
0.05327,-0.0319,0.37588
0.05331,-0.02162,0.3753
0.0535,-0.02163,0.37506
0.05347,-0.03192,0.37564
0.05354,-0.01144,0.37448
0.05378,-0.01145,0.37429
0.05374,-0.02164,0.37486
0.05334,-0.01143,0.37472
0.05336,-0.00527,0.37438
0.05355,-0.00676,0.37422
0.05316,-0.0216,0.37556
0.0532,-0.01141,0.37499
0.05379,-0.00678,0.37403
0.05406,-0.00678,0.37389
0.05405,-0.01146,0.37415
0.05433,-0.01147,0.37407
0.05429,-0.02166,0.37465
0.05401,-0.02165,0.37473
0.0546,-0.01147,0.37405
0.05457,-0.02166,0.37462
0.05434,-0.00679,0.37381
0.05462,-0.00679,0.37379
0.05487,-0.01147,0.37408
0.05489,-0.00557,0.37374
0.05484,-0.02166,0.37465
0.05453,-0.03195,0.3752
0.0548,-0.03195,0.37523
0.05479,-0.03674,0.3755
0.05451,-0.03674,0.37547
0.05424,-0.03674,0.3755
0.05426,-0.03194,0.37523
0.05396,-0.03674,0.37558
0.05398,-0.03194,0.37531
0.05371,-0.03193,0.37544
0.05369,-0.03673,0.37572
0.02794,-0.04789,0.37684
0.02794,-0.04773,0.3771
0.02794,-0.04763,0.37737
0.02795,-0.04759,0.37764
0.02795,-0.0476,0.37792
0.02795,-0.04766,0.3782
0.02795,-0.04778,0.37848
0.10785,0.04692,0.36612
0.10805,0.04668,0.36698
0.10799,0.04522,0.36613
0.10658,0.04707,0.36591
0.10579,0.04605,0.36605
0.1065,0.04494,0.36618
0.10759,0.04496,0.36688
0.10658,0.04732,0.36644
0.10641,0.04716,0.36682
0.10821,0.04564,0.3676
0.10644,0.04716,0.36735
0.10772,0.0471,0.36774
0.10797,0.04639,0.36811
0.10706,0.0448,0.36754
0.10754,0.04497,0.36832
0.10833,0.04649,0.36834
0.10663,0.04729,0.36816
0.10735,0.04721,0.36896
0.10818,0.04591,0.36881
0.10601,0.04674,0.36904
0.10826,0.04617,0.36941
0.10642,0.04712,0.3699
0.10736,0.04484,0.36938
0.10723,0.0448,0.36985
0.10772,0.04711,0.36994
0.10822,0.04563,0.37031
0.10707,0.04734,0.37053
0.10452,0.04606,0.37074
0.10588,0.04629,0.37013
0.10856,0.04769,0.37312
0.10967,0.04647,0.37073
0.10499,0.0475,0.37315
0.10598,0.04407,0.37314
0.10601,0.04651,0.37145
0.10802,0.0456,0.37145
0.10891,0.04467,0.37312
0.10674,0.04369,0.37074
0.10644,0.04495,0.37018
0.10594,0.04536,0.36927
0.10637,0.04502,0.36861
0.10582,0.04564,0.36757
0.10565,0.046,0.36811
0.10587,0.04642,0.36838
0.106,0.04548,0.36678
0.03346,-0.01487,0.37338
0.02444,-0.01614,0.3734
0.02446,-0.01613,0.38121
0.03345,-0.01747,0.37338
0.03346,-0.01477,0.37328
0.03348,-0.01486,0.38119
0.03846,-0.01619,0.37327
0.03348,-0.01476,0.38129
0.03848,-0.01618,0.38128
0.03347,-0.01756,0.38129
0.03347,-0.01746,0.38119
-0.24268,-0.24861,0.35562
-0.24179,-0.24794,0.35507
-0.24329,-0.24946,0.35497
-0.24264,-0.25096,0.3551
-0.24298,-0.24907,0.3543
-0.24051,-0.24833,0.35439
-0.24202,-0.2514,0.35439
-0.23975,-0.25011,0.35469
-0.24046,-0.24832,0.35512
-0.24063,-0.25115,0.35521
-0.23997,-0.24887,0.3557
-0.24052,-0.25099,0.3558
-0.24227,-0.25122,0.35588
-0.23993,-0.24886,0.35639
-0.24022,-0.25086,0.35636
-0.24161,-0.24802,0.35667
-0.24022,-0.24864,0.35713
-0.24011,-0.25077,0.35714
-0.24219,-0.2479,0.35599
-0.24318,-0.24981,0.35603
-0.24292,-0.24843,0.35651
-0.24326,-0.24993,0.35677
-0.24219,-0.24786,0.35716
-0.24223,-0.25126,0.35726
-0.24222,-0.25123,0.35654
0.05946,-0.00254,0.37416
0.05908,-0.00126,0.37707
0.05885,-0.00022,0.37257
0.05896,0.002,0.37618
0.06487,-0.00306,0.37588
0.06488,0.00274,0.37395
0.06528,-0.01652,0.37201
0.06488,-0.00016,0.37492
0.06506,-0.01564,0.38502
0.06498,0.0145,0.38498
0.11788,-0.01492,0.38491
0.11502,0.01669,0.38487
0.06665,0.01678,0.38498
0.06567,0.01653,0.37196
0.11758,0.01575,0.38487
0.11789,-0.01437,0.37189
0.085,0.01666,0.37707
0.11799,0.01366,0.37185
0.11677,0.01647,0.37185
0.09074,0.01665,0.37705
0.08501,0.01666,0.38139
0.08507,0.01379,0.37712
0.08507,0.01379,0.38134
0.09068,0.01377,0.38131
0.09065,0.01377,0.37713
0.09074,0.01665,0.38139
0.11795,0.00255,0.37192
0.11795,-0.00035,0.37768
0.11793,-0.00326,0.37193
0.12377,-0.00247,0.37565
0.12379,0.00042,0.377
0.12375,0.00163,0.37356
0.1238,-0.00114,0.37261
0.11686,-0.01691,0.3719
0.11651,-0.0171,0.38491
0.06709,-0.0171,0.38502
0.00263,0.04747,0.36659
0.0028,0.04562,0.36614
0.00281,0.04697,0.36607
0.00126,0.0475,0.36622
0.00063,0.04632,0.36632
0.00138,0.04529,0.36641
0.00275,0.04562,0.36672
0.00268,0.04744,0.3671
0.00098,0.04715,0.36689
0.00275,0.04555,0.36733
0.00129,0.04755,0.36757
0.00258,0.04744,0.3678
0.00149,0.04767,0.36839
0.00068,0.04602,0.36781
0.00051,0.04637,0.36834
0.00086,0.04586,0.36701
0.00192,0.04521,0.3676
0.0024,0.04535,0.36855
0.0011,0.04544,0.36894
0.00081,0.04691,0.36874
0.00081,0.04726,0.36917
0.00242,0.04767,0.36908
0.00231,0.04741,0.36885
0.00306,0.04629,0.3691
0.00143,0.04754,0.36965
0.0029,0.04732,0.36952
0.00102,0.04559,0.36973
0.00062,0.04648,0.36988
0.00236,0.04753,0.37039
0.00301,0.04665,0.36985
0.00079,0.04695,0.37055
0.0031,0.04637,0.37053
0.00248,0.04538,0.3698
0.00399,0.04795,0.37096
0.00271,0.04513,0.37086
0.00133,0.04531,0.37041
-0.00004,0.0449,0.37097
0.00071,0.04754,0.37103
-0.00034,0.04612,0.37335
0.0015,0.0442,0.37334
0.0019,0.04886,0.37342
0.00057,0.04631,0.37189
0.0025,0.04752,0.37187
0.00263,0.04536,0.37189
0.00409,0.0457,0.37335
0.00319,0.04686,0.36856
0.00284,0.04677,0.36834
0.00307,0.04616,0.3679
-0.00598,0.04534,0.2985
-0.00736,0.04395,0.29706
-0.00579,0.04395,0.3005
-0.00424,0.04574,0.29953
-0.0026,0.04391,0.29993
-0.00584,0.04462,0.2976
-0.00331,0.04389,0.29622
-0.00381,0.04482,0.29786
-0.00487,0.04485,0.29938
-0.00399,0.04553,0.29743
-0.00548,0.04537,0.29729
-0.00553,0.04574,0.29716
-0.00376,0.04582,0.2973
-0.00449,0.04602,0.29718
-0.00612,0.04589,0.29828
-0.00586,0.04626,0.29896
-0.00447,0.04629,0.29688
-0.00464,0.04653,0.29705
-0.0037,0.0462,0.29905
-0.00402,0.04675,0.29938
-0.00565,0.04659,0.29945
-0.00617,0.04665,0.29806
-0.00498,0.04699,0.2995
-0.0061,0.04734,0.29819
-0.00503,0.04675,0.29692
-0.0056,0.04714,0.29732
-0.00381,0.047,0.2975
-0.00403,0.04745,0.29731
-0.00386,0.04719,0.29889
-0.00353,0.04771,0.29871
-0.00501,0.04754,0.29989
-0.0051,0.04817,0.29955
-0.00358,0.04842,0.29866
-0.00431,0.04802,0.29708
-0.00485,0.04846,0.29697
-0.00603,0.04821,0.29856
-0.00559,0.04896,0.2993
-0.00606,0.04912,0.29813
-0.00449,0.04954,0.29949
-0.00482,0.04878,0.29696
-0.00412,0.04916,0.29726
-0.00538,0.04934,0.29719
-0.006,0.04993,0.2989
-0.00558,0.04988,0.29732
-0.00387,0.04986,0.29752
-0.00364,0.04932,0.29883
-0.00344,0.0499,0.29857
-0.00404,0.05005,0.29949
-0.00388,0.04896,0.2994
-0.00356,0.04886,0.29769
0.25632,-0.24948,0.34878
0.25639,-0.24513,0.34838
0.25207,-0.24067,0.34407
0.25563,-0.24691,0.34407
0.24997,-0.23864,0.33859
0.24491,-0.23955,0.34405
0.24238,-0.24004,0.33863
0.24964,-0.23854,0.34959
0.25612,-0.24537,0.33855
0.24576,-0.23808,0.33858
0.24754,-0.23746,0.34758
0.24917,-0.23781,0.34207
0.24909,-0.23181,0.34207
0.24895,-0.2324,0.33856
0.24615,-0.23183,0.33857
0.2471,-0.23385,0.34207
0.246,-0.23155,0.34207
0.24663,-0.23284,0.34032
0.25072,-0.23001,0.33865
0.24755,-0.23212,0.33857
0.2419,-0.23071,0.33857
0.24607,-0.23169,0.34032
0.24902,-0.2321,0.34031
0.25901,-0.23466,0.33848
0.25163,-0.23075,0.34757
0.261,-0.23717,0.34755
0.26289,-0.24589,0.33855
0.263,-0.24584,0.3403
0.26311,-0.2458,0.34205
0.26461,-0.2478,0.34756
0.25848,-0.23337,0.34345
0.26344,-0.2398,0.33869
0.26131,-0.24825,0.33856
0.26268,-0.24892,0.34206
0.25804,-0.24736,0.34207
0.26312,-0.24891,0.33844
0.2629,-0.24736,0.34206
0.2629,-0.24891,0.34025
0.26065,-0.25852,0.33849
0.25205,-0.26386,0.34761
0.26015,-0.25823,0.34758
0.26501,-0.24945,0.33863
0.26476,-0.25109,0.34346
0.25132,-0.26425,0.33854
0.25646,-0.26302,0.34349
0.24905,-0.26288,0.34211
0.24849,-0.2615,0.3386
0.24741,-0.26377,0.33854
0.24259,-0.26427,0.33878
0.24573,-0.26271,0.33861
0.23378,-0.25809,0.33858
0.24089,-0.2638,0.34353
0.23069,-0.25041,0.33856
0.22978,-0.24631,0.34353
0.23204,-0.24873,0.34213
0.24635,-0.26324,0.34211
0.23671,-0.26077,0.34764
0.2307,-0.24856,0.34764
0.23296,-0.25702,0.34354
0.2332,-0.23803,0.34762
0.23211,-0.24571,0.34212
0.23129,-0.2477,0.33862
0.23805,-0.24562,0.34211
0.23208,-0.24722,0.34212
0.23801,-0.24894,0.34211
0.23277,-0.24846,0.34037
0.23351,-0.2482,0.33862
0.23094,-0.24235,0.33859
0.23479,-0.23566,0.33858
0.2411,-0.23189,0.34759
0.24536,-0.22966,0.34347
0.2348,-0.235,0.3435
0.23214,-0.24573,0.34037
0.23216,-0.24575,0.33862
0.23895,-0.24544,0.3386
0.23853,-0.24525,0.34761
0.24055,-0.25283,0.33864
0.23824,-0.24905,0.33861
0.23994,-0.24417,0.34414
0.24071,-0.24161,0.34961
0.24064,-0.2515,0.34425
0.23845,-0.24878,0.34882
0.24396,-0.25604,0.34962
0.24652,-0.25527,0.34399
0.25169,-0.25505,0.3496
0.2531,-0.25329,0.34409
0.25037,-0.25552,0.3387
0.24549,-0.25572,0.33859
0.2557,-0.2508,0.33853
0.24747,-0.25717,0.34761
0.2491,-0.25684,0.3421
0.24666,-0.2608,0.34211
0.24877,-0.26219,0.34035
0.2462,-0.26176,0.34036
0.26399,-0.24157,0.34345
0.26255,-0.24874,0.33937
0.26199,-0.24858,0.34031
-0.24036,0.24997,0.35641
-0.24135,0.24804,0.3564
-0.24246,0.24613,0.35639
-0.24024,0.24995,0.35641
-0.24079,0.25023,0.35641
-0.24203,0.2471,0.35639
-0.24226,0.24841,0.3564
-0.24104,0.25053,0.35641
-0.24288,0.24911,0.3564
-0.24134,0.25146,0.35641
-0.2413,0.25108,0.35641
-0.24134,0.25158,0.35642
-0.24123,0.25206,0.35642
-0.24111,0.25061,0.35641
-0.24126,0.25097,0.35641
-0.24347,0.24942,0.35641
-0.24097,0.25249,0.35642
-0.24103,0.25239,0.35642
-0.23987,0.24986,0.3564
-0.24698,0.24328,0.35638
-0.24592,0.24453,0.35639
-0.24484,0.2454,0.35639
-0.24701,0.24367,0.35638
-0.24697,0.24317,0.35638
-0.24706,0.24279,0.35638
-0.24708,0.24268,0.35638
-0.24728,0.24235,0.35638
-0.24734,0.24225,0.35638
-0.24543,0.24571,0.35639
-0.24753,0.24451,0.35639
-0.24622,0.24668,0.3564
-0.24728,0.24422,0.35639
-0.2472,0.24413,0.35639
-0.24622,0.24469,0.35639
-0.24617,0.24809,0.3564
-0.24762,0.24457,0.35639
-0.24807,0.2448,0.35639
-0.24586,0.24868,0.35641
-0.24844,0.24489,0.35639
0.13165,-0.11326,0.33344
0.13094,-0.11387,0.33288
0.13324,-0.1125,0.33288
0.1328,-0.10997,0.33303
0.12985,-0.10991,0.33305
0.12862,-0.11201,0.33309
0.1313,-0.11357,0.33316
-0.00473,0.04582,0.31806
-0.00582,0.04566,0.31739
-0.0048,0.04397,0.3193
-0.00389,0.04593,0.31773
-0.00214,0.04397,0.31599
-0.00737,0.04403,0.31561
-0.00568,0.04485,0.31621
-0.00378,0.04485,0.31641
-0.00483,0.04487,0.3179
-0.00418,0.04562,0.3157
-0.00571,0.04564,0.31604
-0.00356,0.04625,0.31649
-0.00443,0.04631,0.3154
-0.00473,0.04667,0.31554
-0.00347,0.04688,0.3163
-0.0041,0.04662,0.31788
-0.00409,0.04735,0.31795
-0.00406,0.04731,0.31585
-0.00553,0.04739,0.31579
-0.00358,0.04786,0.316
-0.00342,0.04741,0.31689
-0.00362,0.04767,0.31697
-0.00529,0.0483,0.31577
-0.00361,0.04814,0.31666
-0.00378,0.04798,0.31779
-0.00507,0.04829,0.31812
-0.006,0.048,0.31698
-0.0058,0.04864,0.31752
-0.00338,0.04845,0.31728
-0.00353,0.04907,0.31719
-0.00419,0.04844,0.31568
-0.00447,0.04879,0.31544
-0.00422,0.04909,0.3158
-0.00595,0.04897,0.31642
-0.00379,0.04963,0.31598
-0.0055,0.04951,0.31573
-0.00594,0.04941,0.31692
-0.00598,0.04989,0.31726
-0.00488,0.05009,0.3157
-0.00473,0.05009,0.31826
-0.00347,0.05001,0.31705
-0.00444,0.04956,0.31801
-0.00384,0.04898,0.31793
-0.00561,0.04913,0.31794
-0.006,0.04744,0.31736
-0.00552,0.04685,0.31791
-0.00602,0.04645,0.31645
-0.00582,0.04628,0.31748
0.05499,-0.04563,0.36725
0.0552,-0.04707,0.36627
0.0549,-0.0456,0.36632
0.05358,-0.04763,0.36635
0.05503,-0.04734,0.36681
0.05297,-0.04695,0.36664
0.05419,-0.04772,0.36762
0.05526,-0.04702,0.36755
0.05307,-0.04707,0.36744
0.05282,-0.04681,0.36811
0.05478,-0.04752,0.36836
0.05534,-0.04696,0.36808
0.0544,-0.04524,0.36853
0.05482,-0.04546,0.36798
0.05358,-0.04535,0.36801
0.05381,-0.04537,0.36729
0.05305,-0.04591,0.36886
0.05347,-0.04754,0.36884
0.05411,-0.04528,0.36914
0.05304,-0.04718,0.36949
0.05292,-0.04613,0.36988
0.05433,-0.04776,0.37009
0.05446,-0.04772,0.36962
0.05455,-0.0476,0.36888
0.05538,-0.04626,0.36969
0.05455,-0.04542,0.37051
0.05391,-0.04524,0.36982
0.05534,-0.04654,0.37048
0.05534,-0.04631,0.36888
0.05386,-0.04777,0.37045
0.05412,-0.04402,0.37097
0.05463,-0.049,0.37097
0.05577,-0.04817,0.37341
0.0555,-0.04482,0.37339
0.05468,-0.04542,0.37186
0.05249,-0.04814,0.37334
0.05233,-0.04503,0.37342
0.05475,-0.04759,0.37187
0.05288,-0.04659,0.37187
0.05166,-0.04662,0.37097
0.05306,-0.04591,0.3706
0.05311,-0.04585,0.36702
0.05436,-0.04522,0.36686
0.05346,-0.04547,0.36622
0.25103,0.25358,0.34329
0.25756,0.24831,0.34894
0.25159,0.25443,0.34894
0.25729,0.24747,0.34343
0.25502,0.25229,0.33799
0.25087,0.25451,0.3379
0.24451,0.25227,0.34345
0.24216,0.25067,0.33802
0.25129,0.25462,0.34694
0.24752,0.25484,0.33794
0.24929,0.25615,0.34144
0.2509,0.26113,0.34143
0.25059,0.26036,0.33792
0.24786,0.26119,0.33793
0.24745,0.25476,0.34695
0.24125,0.2501,0.34897
0.24113,0.24624,0.34354
0.24144,0.24107,0.34898
0.24033,0.24354,0.34698
0.24009,0.24743,0.34697
0.24281,0.23973,0.338
0.2387,0.24564,0.34147
0.24062,0.24384,0.33798
0.23414,0.24418,0.34148
0.23411,0.24693,0.33798
0.23387,0.24708,0.33973
0.23389,0.2457,0.34148
0.23364,0.24722,0.34148
0.23412,0.24556,0.33973
0.2327,0.25057,0.33795
0.23286,0.24025,0.347
0.23569,0.25616,0.34697
0.23909,0.25992,0.33787
0.23214,0.24897,0.34288
0.24713,0.2623,0.34694
0.24753,0.26326,0.34283
0.23651,0.25784,0.34286
0.26019,0.25958,0.34281
0.25186,0.26308,0.33799
0.25815,0.26042,0.34692
0.26077,0.25827,0.33784
0.24856,0.26163,0.34143
0.26635,0.24657,0.34692
0.26738,0.24554,0.34281
0.26153,0.23382,0.34694
0.25825,0.22993,0.34285
0.26241,0.23441,0.33784
0.26619,0.24243,0.33784
0.2652,0.25313,0.33805
0.24174,0.2293,0.34289
0.25156,0.22893,0.34697
0.24916,0.2287,0.33788
0.25309,0.22872,0.33789
0.24989,0.23164,0.33796
0.25068,0.23606,0.33795
0.25075,0.2299,0.34147
0.24772,0.23033,0.33797
0.24775,0.23057,0.34147
0.2473,0.23703,0.33795
0.24774,0.23045,0.33972
0.2353,0.2353,0.33794
0.24112,0.22995,0.33805
0.23246,0.24268,0.33791
0.23284,0.239,0.34289
0.24266,0.22989,0.34699
0.24925,0.23024,0.34147
0.24921,0.23505,0.34146
0.24738,0.23647,0.34697
0.25123,0.23659,0.34696
0.25639,0.24015,0.34895
0.24962,0.23685,0.34897
0.25468,0.23867,0.33795
0.25308,0.23826,0.34348
0.25825,0.24761,0.34693
0.25848,0.24384,0.34694
0.25777,0.24354,0.33794
0.2598,0.24557,0.34143
0.25849,0.24732,0.33792
0.26372,0.24444,0.33791
0.26419,0.24574,0.33791
0.26466,0.24705,0.33791
0.26336,0.24665,0.34142
0.26494,0.24691,0.33966
0.26522,0.24677,0.34141
0.26462,0.24681,0.34054
0.26401,0.24685,0.33966
0.26477,0.244,0.34142
0.26424,0.24422,0.33967
0.24451,0.23896,0.34351
0.23426,0.24438,0.33798
0.23418,0.24566,0.33798
0.25074,0.26075,0.33967
0.24821,0.25974,0.34143
0.24821,0.26141,0.33968
0.24922,0.26078,0.33792
0.24804,0.26047,0.33968
0.10983,0.04543,0.35881
0.10945,0.04709,0.35901
0.10927,0.04532,0.35876
0.10926,0.04695,0.35701
0.10999,0.04751,0.35834
0.11072,0.04624,0.35922
0.11092,0.04747,0.35847
0.11016,0.04691,0.3569
0.10977,0.04675,0.3568
0.11055,0.04541,0.35708
0.10984,0.04533,0.35747
0.11087,0.0469,0.3569
0.11044,0.04543,0.35888
0.11116,0.04575,0.35689
0.11101,0.04512,0.35831
0.11157,0.0458,0.35908
0.11171,0.04577,0.35697
0.11176,0.04511,0.35757
0.11222,0.04668,0.35672
0.11189,0.04741,0.35752
0.11215,0.04521,0.35721
0.11238,0.04505,0.35812
0.11255,0.04677,0.35682
0.11225,0.0463,0.3593
0.11265,0.04607,0.3567
0.11281,0.04598,0.35921
0.11296,0.04517,0.35778
0.11302,0.04683,0.35693
0.1133,0.04578,0.35687
0.11345,0.04744,0.35776
0.11369,0.04513,0.35749
0.11386,0.04707,0.35692
0.11349,0.04569,0.35899
0.11407,0.04464,0.36006
0.11407,0.04487,0.35604
0.1134,0.04686,0.35906
0.11409,0.04844,0.35909
0.11649,0.0452,0.35586
0.11649,0.04734,0.36016
0.11645,0.04425,0.35896
0.11479,0.04529,0.35845
0.11479,0.0473,0.35755
0.11647,0.04834,0.35706
0.11284,0.04751,0.35858
0.11259,0.04731,0.35848
0.11234,0.04766,0.35807
0.11175,0.04728,0.35878
0.11145,0.04767,0.35806
0.10931,0.04527,0.35731
-0.04841,0.02668,0.3747
-0.05081,0.02724,0.375
-0.05082,0.02555,0.37488
-0.05584,0.02075,0.37473
-0.05083,0.02207,0.37509
-0.05081,0.02639,0.37494
-0.05083,0.0236,0.37426
-0.05583,0.0247,0.37472
-0.05333,0.02399,0.37486
-0.05581,0.02866,0.37472
-0.06483,0.02864,0.37474
-0.06485,0.02083,0.37475
-0.04842,0.02467,0.37471
-0.04962,0.02463,0.37464
-0.05082,0.02458,0.37457
-0.04963,0.02275,0.37469
-0.04843,0.02267,0.37471
-0.05083,0.02283,0.37468
0.10079,-0.01452,0.36013
0.10012,-0.0164,0.35838
0.1065,-0.01646,0.35996
0.09997,-0.01373,0.3569
0.1065,-0.01265,0.35931
0.10648,-0.01444,0.35562
0.10942,-0.01313,0.35964
0.1094,-0.01437,0.356
0.1094,-0.01668,0.35987
0.10683,-0.01578,0.36018
0.10687,-0.01238,0.35803
0.10681,-0.01533,0.35591
0.10946,-0.0144,0.35534
0.10943,-0.0125,0.35979
0.11179,-0.01626,0.35616
0.10939,-0.01674,0.35673
0.1118,-0.01292,0.35668
0.11179,-0.01559,0.35582
0.11179,-0.01486,0.3557
0.1118,-0.01412,0.35582
0.1118,-0.01345,0.35615
0.1118,-0.01291,0.35667
0.1118,-0.01258,0.35735
0.10955,-0.01517,0.35502
0.11181,-0.01247,0.35808
0.10957,-0.0127,0.36014
0.10577,-0.01732,0.35568
0.10955,-0.01709,0.35955
0.10581,-0.01571,0.35403
0.10584,-0.01153,0.3597
0.11179,-0.01712,0.35735
0.11179,-0.01679,0.35669
0.11179,-0.01724,0.35809
0.11179,-0.01486,0.35568
0.11181,-0.01258,0.35882
0.11181,-0.01292,0.35949
0.11181,-0.01345,0.36002
0.1118,-0.01411,0.36036
0.1118,-0.01485,0.36047
0.1118,-0.01559,0.36036
0.10582,-0.01636,0.36062
0.10566,-0.01985,0.35472
0.10582,-0.0187,0.36285
0.10967,-0.01902,0.36252
0.1096,-0.01748,0.363
0.10962,-0.012,0.363
0.10964,-0.00617,0.36299
0.10582,-0.00439,0.3619
0.10582,-0.00311,0.36022
0.10584,0.00512,0.36154
0.1058,-0.00408,0.36043
0.10585,-0.00495,0.35695
0.10966,-0.00034,0.36298
0.10961,-0.00034,0.36302
0.10963,0.00549,0.36301
0.10968,0.00548,0.36297
0.10948,-0.00617,0.36307
0.1095,-0.00034,0.36307
0.10939,-0.00034,0.36308
0.10953,0.00549,0.36306
0.10941,0.00549,0.36308
0.10676,0.01715,0.36307
0.10943,0.01131,0.36307
0.10662,-0.01792,0.3632
0.10948,0.01749,0.36303
0.10609,0.0187,0.36262
0.10651,0.01715,0.36311
0.10638,-0.01781,0.36315
0.10584,-0.01945,0.36264
0.10942,-0.01813,0.36307
0.10946,-0.012,0.36308
0.10937,-0.00617,0.36309
0.10616,-0.01781,0.36327
0.10955,-0.01816,0.36301
0.10954,-0.01782,0.36305
0.10598,-0.01781,0.36345
0.10628,0.01715,0.36322
0.10586,-0.01781,0.36368
0.1061,0.01715,0.3634
0.10597,0.01801,0.36356
0.10595,0.01715,0.36388
0.10582,-0.01781,0.36393
0.10585,-0.01946,0.36309
0.10554,-0.01886,0.36164
0.10594,0.01597,0.36321
0.10578,-0.01663,0.36295
0.10564,-0.01663,0.36268
0.10589,0.01597,0.36291
0.10543,-0.01663,0.36247
0.10554,0.01597,0.36243
0.10516,-0.01663,0.36233
0.10527,0.01597,0.36229
0.10515,0.01645,0.36224
0.10492,-0.00029,0.36227
0.10224,-0.00118,0.36216
0.105,-0.01709,0.36228
0.1022,-0.00409,0.36214
0.10226,0.00444,0.36215
0.09952,-0.00027,0.36228
0.10218,0.00163,0.36209
0.09963,-0.01853,0.36214
0.09974,-0.01661,0.36255
0.09986,0.01599,0.3625
0.09954,0.00355,0.36227
0.09975,0.01794,0.36207
0.1053,0.01967,0.35535
0.09965,0.01907,0.35457
0.10547,0.01827,0.36127
0.10231,0.01408,0.36212
0.10533,0.01883,0.36122
0.1052,0.01711,0.36259
0.1002,0.01656,0.36266
0.10224,0.00735,0.36212
0.10225,0.01117,0.36212
0.10538,0.01896,0.35479
0.10607,0.01982,0.35352
0.10552,0.0165,0.35369
0.10526,0.0165,0.35383
0.10227,0.01116,0.35402
0.10222,0.01407,0.35405
0.10096,0.00544,0.3539
0.10225,0.0073,0.35406
0.10226,0.00443,0.35404
0.10094,-0.00129,0.35391
0.10217,0.00162,0.3541
0.09951,-0.00028,0.35391
0.1049,-0.0003,0.3539
0.10514,-0.01717,0.35387
0.10222,-0.005,0.35406
0.10214,-0.00215,0.3541
0.1022,-0.00792,0.35405
0.10215,-0.01173,0.35408
0.09975,-0.0187,0.35391
0.10216,-0.01464,0.35404
0.09964,-0.02007,0.35595
0.10515,-0.02008,0.35457
0.09972,-0.01716,0.35368
0.10005,-0.01716,0.35353
0.10204,-0.01464,0.35362
0.1021,-0.01173,0.35357
0.1052,-0.01912,0.362
0.10494,-0.01717,0.35344
0.10508,-0.01718,0.35337
0.10523,-0.01821,0.35336
0.10495,-0.02287,0.35592
0.10494,-0.02147,0.35839
0.10494,-0.02417,0.36071
0.10585,-0.02248,0.35763
0.10487,-0.02557,0.35645
0.10588,-0.02488,0.35728
0.106,-0.02394,0.35656
0.10594,-0.02414,0.35948
0.1062,-0.02303,0.35906
0.10606,-0.0225,0.3576
0.10619,-0.02304,0.35729
0.10634,-0.02449,0.35695
0.10663,-0.02275,0.35717
0.10676,-0.02337,0.35706
0.10704,-0.0245,0.35707
0.10607,-0.025,0.35873
0.10634,-0.02268,0.35718
0.10651,-0.02535,0.35808
0.1065,-0.02273,0.35777
0.1064,-0.02261,0.35887
0.10669,-0.02261,0.35901
0.10657,-0.02328,0.35914
0.10646,-0.02441,0.35957
0.10661,-0.02457,0.35904
0.10693,-0.02508,0.35801
0.10676,-0.02474,0.35936
0.1074,-0.02533,0.35763
0.10734,-0.02454,0.35956
0.10706,-0.0245,0.35915
0.1071,-0.02293,0.35894
0.10757,-0.02264,0.35897
0.10763,-0.02423,0.35954
0.10751,-0.02479,0.35889
0.10718,-0.02277,0.35748
0.10756,-0.02417,0.35675
0.10767,-0.02542,0.35828
0.10793,-0.02402,0.35932
0.10803,-0.02519,0.358
0.10774,-0.0242,0.35656
0.10822,-0.0245,0.35955
0.10869,-0.02464,0.3591
0.1082,-0.02423,0.35686
0.10825,-0.02293,0.35884
0.10847,-0.0231,0.35935
0.10877,-0.02342,0.35948
0.10918,-0.02335,0.35918
0.10948,-0.02482,0.35892
0.10916,-0.02529,0.3574
0.10886,-0.02496,0.35744
0.10858,-0.02521,0.35725
0.10863,-0.02368,0.35925
0.1099,-0.02496,0.35757
0.10976,-0.02505,0.3571
0.10945,-0.02492,0.35749
0.10985,-0.02482,0.35881
0.10974,-0.02354,0.35928
0.10995,-0.02359,0.35957
0.11,-0.02538,0.3586
0.10989,-0.02242,0.35826
0.10974,-0.02271,0.35817
0.10959,-0.02234,0.35806
0.10983,-0.02318,0.3568
0.10967,-0.02361,0.35691
0.10999,-0.02326,0.35701
0.11006,-0.02482,0.35696
0.11014,-0.02273,0.35697
0.11005,-0.02287,0.35863
0.11022,-0.02293,0.35925
0.11051,-0.0231,0.35912
0.11035,-0.02463,0.35701
0.11047,-0.0229,0.35727
0.11166,-0.0233,0.35728
0.11055,-0.02489,0.35897
0.11028,-0.02495,0.35926
0.11014,-0.02473,0.35893
0.1101,-0.02363,0.35921
0.10953,-0.0235,0.3567
0.10942,-0.02276,0.35759
0.10936,-0.02399,0.35696
0.10924,-0.02333,0.3567
0.1093,-0.02241,0.35816
0.10898,-0.02348,0.35694
0.10916,-0.02274,0.35834
0.109,-0.02245,0.358
0.10863,-0.02263,0.35785
0.10799,-0.02267,0.35792
0.10864,-0.02355,0.35669
0.10783,-0.0232,0.35913
0.10751,-0.02271,0.35723
0.1069,-0.02319,0.35679
0.10494,-0.02615,0.35857
0.10559,-0.02667,0.36387
0.10577,-0.0266,0.35218
0.10526,-0.02539,0.35183
0.10607,-0.02315,0.35259
0.10619,-0.02648,0.35799
0.1062,-0.02301,0.36079
0.11205,-0.0246,0.36022
0.10614,-0.02437,0.36433
0.11225,-0.02352,0.356
0.11204,-0.02597,0.35786
0.10614,-0.0217,0.35568
0.10623,-0.02016,0.35268
0.10639,-0.02037,0.35302
0.10622,-0.01964,0.36298
0.10997,-0.02079,0.35389
0.11245,-0.02217,0.35863
0.11225,-0.02304,0.35836
0.11551,-0.02299,0.35716
0.11551,-0.02299,0.35902
0.11204,-0.02391,0.3581
0.11281,-0.02491,0.35909
0.11553,-0.02473,0.35729
0.11283,-0.02502,0.35699
0.1155,-0.02485,0.35902
0.11397,-0.02463,0.35881
0.11243,-0.02441,0.3586
0.11243,-0.02446,0.35755
0.10637,-0.01903,0.35261
0.10662,0.01834,0.35262
0.10945,-0.01957,0.35276
0.10661,-0.01903,0.35269
0.10984,-0.02011,0.3531
0.10654,0.01888,0.35267
0.10674,0.01834,0.35264
0.10983,0.01943,0.35295
0.10944,0.01833,0.35263
0.10969,0.01833,0.35267
0.10956,-0.01904,0.35272
0.10978,-0.01904,0.35283
0.1101,0.01833,0.35297
0.11021,0.01833,0.35319
0.11008,-0.01904,0.35324
0.11015,0.02011,0.3539
0.10642,0.02042,0.3537
0.10643,0.01916,0.36234
0.11015,0.01861,0.36266
0.11012,-0.01904,0.35349
0.1101,0.0188,0.35498
0.11025,0.01775,0.35436
0.11012,-0.01846,0.35441
0.10987,0.01775,0.35436
0.10974,-0.01846,0.35441
0.10987,0.01675,0.3545
0.10975,-0.01746,0.35455
0.11211,-0.00106,0.35539
0.11191,0.01851,0.35501
0.11218,0.0145,0.35538
0.11189,0.00628,0.35485
0.11194,0.00894,0.35534
0.11195,0.0105,0.35826
0.11241,0.01217,0.35947
0.11197,0.01643,0.35584
0.11223,0.01654,0.359
0.11616,0.0144,0.35648
0.11609,0.01281,0.35908
0.11601,0.01548,0.35873
0.11192,0.01777,0.36116
0.11216,0.0136,0.36112
0.11194,0.01029,0.3604
0.11195,0.01044,0.3612
0.11068,0.01029,0.35938
0.11192,0.00771,0.36065
0.11062,0.00935,0.36049
0.10956,0.01027,0.35986
0.10843,0.01024,0.36034
0.10851,0.00843,0.36006
0.10961,0.00842,0.35992
0.11072,0.00842,0.35979
0.11176,0.00962,0.35969
0.11627,0.00921,0.35943
0.10953,0.0098,0.36041
0.10955,0.00934,0.36034
0.10957,0.00889,0.36027
0.11188,0.0085,0.358
0.11072,0.0091,0.35849
0.1096,0.00933,0.35854
0.10849,0.00957,0.3586
0.10961,0.00876,0.35927
0.1162,0.00955,0.35953
0.11545,0.00966,0.35958
0.11398,0.00959,0.35961
0.11102,0.00674,0.35848
0.11071,0.007,0.35709
0.11187,0.00655,0.35641
0.11059,0.00877,0.35634
0.10918,0.0085,0.35713
0.10848,0.00836,0.35752
0.10846,0.00702,0.35665
0.10916,0.00733,0.35697
0.11056,0.00793,0.35761
0.11058,0.00849,0.35676
0.10849,0.00874,0.3558
0.10999,0.00802,0.35571
0.10989,0.00876,0.35616
0.10989,0.00863,0.35673
0.10882,0.00762,0.3571
0.10918,0.00822,0.35755
0.1117,0.00847,0.35717
0.10959,0.00701,0.35687
0.11057,0.00821,0.35719
0.10987,0.00808,0.35758
0.10986,0.00763,0.35729
0.11074,0.00765,0.35567
0.10922,0.00723,0.35632
0.10998,0.00744,0.35599
0.10919,0.00875,0.35598
0.11625,0.00784,0.35652
0.11066,0.00821,0.356
0.10924,0.00838,0.35575
0.11088,0.00701,0.35892
0.11192,0.00516,0.3601
0.11175,0.0069,0.35937
0.11175,0.00677,0.35919
0.11061,0.00754,0.3598
0.10991,0.00749,0.35997
0.11175,0.00656,0.35913
0.11175,0.00645,0.35914
0.11175,0.00667,0.35914
0.1106,0.00559,0.35917
0.1099,0.00619,0.35955
0.11175,0.00635,0.3592
0.11074,0.00597,0.35894
0.1085,0.00739,0.36031
0.11018,0.00696,0.35909
0.11088,0.00636,0.35871
0.11074,0.00727,0.35936
0.10934,0.00718,0.3597
0.1085,0.00575,0.35867
0.11193,0.00499,0.36093
0.11187,0.00467,0.35815
0.11066,0.00646,0.36044
0.10958,0.00692,0.36038
0.11175,0.00628,0.35969
0.11175,0.00645,0.35982
0.11175,0.00656,0.35984
0.11175,0.00667,0.35982
0.11175,0.00677,0.35977
0.11544,0.00676,0.35976
0.11175,0.00685,0.35969
0.11544,0.00666,0.35981
0.1162,0.00656,0.35967
0.11544,0.00684,0.35968
0.11544,0.00634,0.35976
0.1162,0.0067,0.35941
0.11544,0.00689,0.35958
0.1162,0.0064,0.35934
0.11544,0.00626,0.35968
0.11544,0.00619,0.35948
0.11175,0.00622,0.35959
0.11544,0.00621,0.35937
0.11544,0.00626,0.35927
0.11175,0.00622,0.35937
0.11175,0.00627,0.35927
0.11544,0.00644,0.35914
0.11544,0.00666,0.35914
0.11544,0.00684,0.35927
0.11544,0.00689,0.35936
0.11544,0.00691,0.35947
0.11175,0.0069,0.35959
0.11065,0.00469,0.35977
0.11203,0.00226,0.35657
0.11186,0.00449,0.35582
0.11083,0.00283,0.35953
0.11064,0.00338,0.35884
0.1107,0.00428,0.35721
0.11057,0.00487,0.3575
0.10849,0.00428,0.35722
0.10847,0.00354,0.35856
0.11054,0.00365,0.3585
0.10967,0.00374,0.35989
0.11072,0.0036,0.36047
0.10851,0.00464,0.36026
0.10967,0.0029,0.35983
0.1085,0.00297,0.36013
0.10925,0.00429,0.36033
0.11075,0.00334,0.36016
0.11624,0.00372,0.35936
0.11068,0.00414,0.36012
0.10998,0.00394,0.3604
0.11179,0.00339,0.35911
0.11079,0.00309,0.35984
0.10992,0.00431,0.35937
0.10916,0.00357,0.35854
0.11619,0.00377,0.35968
0.11483,0.00371,0.3598
0.11348,0.00366,0.35992
0.11073,0.00311,0.35919
0.10965,0.00319,0.35904
0.10985,0.00361,0.35852
0.10922,0.00466,0.3601
0.10921,0.00438,0.35967
0.10849,0.00409,0.35941
0.10994,0.00467,0.35993
0.10957,0.00439,0.35959
0.1092,0.00392,0.35896
0.10884,0.004,0.35918
0.10851,0.00604,0.35738
0.11057,0.00604,0.3563
0.11077,0.00599,0.35724
0.10959,0.00428,0.35721
0.10988,0.00526,0.35746
0.10918,0.00448,0.35731
0.1085,0.00516,0.3573
0.10987,0.00467,0.3574
0.1092,0.00565,0.35742
0.10953,0.00501,0.3574
0.10919,0.00492,0.35735
0.10885,0.0054,0.35736
0.10922,0.00442,0.35673
0.11067,0.0047,0.35576
0.1092,0.00526,0.35576
0.10994,0.00456,0.35625
0.10994,0.00498,0.35576
0.10846,0.00553,0.35575
0.11169,0.00546,0.35606
0.11624,0.00519,0.35653
0.11062,0.00537,0.35603
0.10987,0.00587,0.35612
0.10917,0.0057,0.35594
0.10953,0.00591,0.35643
0.10849,0.00579,0.35657
0.10988,0.00604,0.35666
0.1092,0.00604,0.35702
0.10884,0.00591,0.35679
0.11219,0.00198,0.3596
0.11201,-0.00162,0.36109
0.11626,0.00067,0.35919
0.11231,-0.00056,0.35998
0.11611,-0.00154,0.35688
0.11,0.01775,0.36142
0.10976,-0.0169,0.36164
0.11181,-0.01407,0.36113
0.1122,-0.00748,0.36071
0.11189,-0.00306,0.35627
0.11189,-0.00326,0.35525
0.11217,-0.00795,0.35552
0.11209,-0.00522,0.35725
0.11206,-0.01028,0.36011
0.1119,-0.0108,0.3562
0.11187,-0.01141,0.35516
0.11607,-0.00816,0.35641
0.1142,-0.00805,0.35757
0.11219,-0.00772,0.35812
0.11622,-0.00815,0.35962
0.11213,-0.01425,0.35553
0.11197,-0.0119,0.35756
0.11234,-0.01305,0.35979
0.11192,-0.01728,0.35599
0.11219,-0.01672,0.36012
0.11181,-0.01768,0.35535
0.116,-0.01456,0.35645
0.11178,-0.01943,0.35549
0.10991,-0.0195,0.35506
0.11179,-0.01823,0.36137
0.1099,-0.01844,0.36141
0.11001,-0.01941,0.36248
0.11014,-0.01783,0.3627
0.11027,0.01688,0.36174
0.10976,-0.01758,0.36178
0.10988,0.01689,0.36174
0.11027,0.01714,0.36265
0.1101,-0.01783,0.36295
0.10978,-0.01859,0.36329
0.10999,-0.01783,0.36318
0.11011,0.01714,0.36313
0.10993,0.01714,0.36331
0.10971,0.01714,0.36343
0.10958,-0.01782,0.36347
0.10933,-0.01782,0.36351
0.10817,0.01498,0.3641
0.1065,0.01793,0.36343
0.10663,0.01715,0.36349
0.1064,-0.01781,0.3636
0.10643,0.01715,0.36364
0.10627,-0.01861,0.36359
0.10622,-0.02127,0.36439
0.10623,-0.01781,0.36393
0.10625,-0.01781,0.3638
0.10637,0.01715,0.36375
0.10636,0.01769,0.36383
0.10637,0.02061,0.36433
0.10626,0.02214,0.36375
0.10581,-0.02127,0.36439
0.10593,0.02593,0.36398
0.10547,0.02473,0.36433
0.10627,0.02049,0.35849
0.10638,0.02514,0.36018
0.10508,0.02559,0.35874
0.10511,0.02294,0.36045
0.10592,0.02592,0.35212
0.10509,0.02398,0.35569
0.10636,0.02335,0.35527
0.10624,0.0234,0.35231
0.10544,0.02471,0.35177
0.10508,0.02066,0.3577
0.1054,0.01762,0.35317
0.10596,0.02487,0.35838
0.10603,0.02309,0.35664
0.10617,0.02209,0.35892
0.1061,0.02437,0.35802
0.10643,0.02218,0.35722
0.10636,0.02406,0.35723
0.10623,0.0246,0.35754
0.10656,0.024,0.35901
0.10665,0.0242,0.35714
0.10727,0.02408,0.35712
0.10729,0.02428,0.35873
0.10686,0.02449,0.35894
0.10774,0.02446,0.35891
0.10768,0.02439,0.35717
0.10774,0.02293,0.35669
0.10727,0.02236,0.35717
0.10671,0.02207,0.35866
0.10701,0.02248,0.35909
0.10723,0.0221,0.35899
0.10754,0.02221,0.35875
0.10784,0.02168,0.35822
0.10779,0.02287,0.35948
0.10749,0.02326,0.35949
0.10726,0.02312,0.35926
0.1079,0.02402,0.35887
0.10794,0.02293,0.35918
0.10805,0.02407,0.35943
0.10811,0.02209,0.35897
0.108,0.02196,0.35793
0.10791,0.0229,0.3565
0.10805,0.02275,0.35698
0.10816,0.02183,0.3575
0.1081,0.02392,0.35706
0.10798,0.02451,0.35736
0.10823,0.02351,0.35652
0.10829,0.02466,0.35782
0.1082,0.02381,0.35923
0.10841,0.02388,0.35696
0.10835,0.0238,0.3595
0.10847,0.02417,0.35875
0.10832,0.02229,0.35736
0.10903,0.02437,0.35859
0.10853,0.02389,0.35672
0.10846,0.02207,0.35702
0.10827,0.02216,0.35856
0.10841,0.02195,0.35884
0.10856,0.02229,0.35896
0.10864,0.02401,0.35929
0.10869,0.02228,0.35924
0.10905,0.02201,0.35751
0.1087,0.02264,0.35691
0.10948,0.02222,0.35742
0.1098,0.02381,0.35693
0.1097,0.02224,0.35879
0.10902,0.02379,0.35695
0.10927,0.02232,0.35924
0.10902,0.02296,0.35929
0.11006,0.02214,0.35751
0.10993,0.02206,0.35704
0.11017,0.02172,0.35854
0.10997,0.02353,0.3592
0.10982,0.0237,0.35944
0.10979,0.02238,0.3572
0.10964,0.02222,0.35692
0.10959,0.02398,0.35904
0.10976,0.02476,0.358
0.10991,0.02439,0.3581
0.11006,0.02468,0.3582
0.11012,0.02351,0.35951
0.11022,0.02424,0.35857
0.11026,0.02347,0.35915
0.11038,0.02417,0.35919
0.11031,0.02437,0.35691
0.1103,0.02237,0.35887
0.11045,0.02215,0.35919
0.11072,0.02221,0.35891
0.11052,0.02247,0.35694
0.11182,0.02381,0.35722
0.11067,0.024,0.35906
0.11064,0.0242,0.35721
0.11023,0.02228,0.3569
0.10947,0.02469,0.3581
0.10786,0.02436,0.358
0.1063,0.02401,0.35945
0.10614,0.02397,0.35891
0.10602,0.02321,0.35976
0.10519,0.01778,0.35361
0.10532,0.0165,0.35321
0.10527,-0.01718,0.35311
0.10541,0.0165,0.35291
0.10529,-0.01797,0.35303
0.1052,0.0165,0.35332
0.10506,0.0165,0.35339
0.10218,0.00734,0.35357
0.10216,0.01116,0.35359
0.10207,0.0147,0.3532
0.10218,0.00353,0.35357
0.10485,-0.0003,0.35344
0.10017,0.01652,0.35348
0.10054,0.00996,0.35344
0.09984,0.01652,0.35364
0.10048,-0.00028,0.35345
0.10213,-0.00792,0.35355
0.10101,-0.00119,0.35345
0.10209,0.00062,0.35361
0.10211,-0.0041,0.35358
0.10207,-0.00119,0.35364
0.10578,-0.02129,0.35183
0.10593,0.0206,0.35177
0.10634,0.0206,0.35177
0.10619,-0.02129,0.35182
0.1062,-0.01903,0.35228
0.10635,0.01901,0.35241
0.10633,0.01834,0.35223
0.10622,-0.01903,0.35241
0.10641,0.01834,0.35247
0.11252,0.02523,0.35777
0.11244,0.02323,0.35651
0.11259,0.0212,0.35768
0.11256,0.02356,0.36006
0.11568,0.02411,0.35896
0.11408,0.02417,0.35712
0.11568,0.02411,0.3571
0.11248,0.02423,0.35714
0.11221,0.0215,0.3599
0.11567,0.02225,0.35896
0.1157,0.02237,0.35723
0.11411,0.0223,0.35716
0.11252,0.02222,0.3571
0.10529,-0.02538,0.3644
0.10543,0.01598,0.36321
0.10542,0.01676,0.363
0.10531,-0.01739,0.36318
0.10529,-0.01663,0.3631
0.10526,-0.01739,0.36293
0.10534,0.01598,0.36291
0.10511,-0.01663,0.36284
0.10508,0.01598,0.36273
0.10496,-0.01663,0.36277
0.1022,0.00545,0.36257
0.10487,-0.00028,0.36272
0.10264,0.01408,0.36267
0.10218,0.00926,0.36259
0.10216,0.01299,0.36257
0.10053,0.00736,0.36272
0.10051,0.00355,0.36273
0.10019,0.01599,0.36266
0.10078,0.00355,0.36273
0.1005,-0.00027,0.36273
0.10217,-0.00118,0.36263
0.10211,0.00163,0.36256
0.10008,-0.01661,0.3627
0.10051,-0.0099,0.36275
0.10216,-0.01466,0.36272
0.1021,-0.01172,0.36259
0.10215,-0.0079,0.36261
0.10217,-0.00409,0.36261
0.11591,-0.01632,0.35874
0.11599,-0.01383,0.35924
0.1092,0.00744,0.36014
0.1092,0.00679,0.35993
0.10902,0.00911,0.36024
0.10842,0.00848,0.35867
0.10587,0.00824,0.36082
0.10591,0.01072,0.3586
0.10682,0.00827,0.35991
0.10843,0.00936,0.3595
0.10683,0.00983,0.36041
0.10683,0.01032,0.35925
0.10683,0.00977,0.35963
0.10683,0.00961,0.35913
0.10682,0.00919,0.35844
0.10683,0.00979,0.35949
0.10101,0.00981,0.35946
0.10683,0.00971,0.35923
0.10119,0.00973,0.35924
0.10119,0.00979,0.35964
0.10119,0.00963,0.35915
0.10119,0.00973,0.35976
0.10077,0.00951,0.35979
0.10097,0.00957,0.35915
0.10119,0.00963,0.35986
0.10683,0.00949,0.35991
0.10678,0.00935,0.36015
0.10119,0.00924,0.35992
0.10088,0.00926,0.35916
0.10083,0.00912,0.35974
0.10683,0.00922,0.35991
0.10683,0.0091,0.35985
0.10119,0.00912,0.35986
0.10683,0.009,0.35975
0.10119,0.00896,0.35964
0.10682,0.00894,0.35963
0.10119,0.00893,0.3595
0.10096,0.00896,0.35942
0.10682,0.00891,0.35949
0.10682,0.00893,0.35935
0.1068,0.00886,0.35915
0.10682,0.00909,0.35913
0.10119,0.00911,0.35915
0.10682,0.00922,0.35907
0.10683,0.00949,0.35907
0.10119,0.00937,0.35906
0.10683,0.00961,0.35984
0.10683,0.00971,0.35975
0.1059,0.00783,0.35848
0.10589,0.00927,0.35625
0.1059,0.00672,0.36129
0.10842,0.00747,0.36035
0.10842,0.00916,0.35698
0.10841,0.00571,0.35866
0.10589,0.00558,0.35805
0.10588,0.00669,0.35559
0.10841,0.00682,0.35704
0.10682,0.00854,0.35755
0.10798,0.00789,0.35556
0.10682,0.00893,0.35637
0.10681,0.00716,0.35722
0.10682,0.00782,0.35706
0.10682,0.00837,0.35678
0.10682,0.00795,0.35708
0.10682,0.00809,0.35706
0.10682,0.00821,0.357
0.10682,0.00831,0.3569
0.10118,0.00833,0.35691
0.10682,0.00839,0.35664
0.10118,0.00841,0.35666
0.10102,0.00837,0.3568
0.10118,0.00839,0.35652
0.10077,0.00824,0.35648
0.10094,0.00784,0.35626
0.1009,0.00757,0.35674
0.10086,0.00794,0.35702
0.10095,0.0082,0.35698
0.10118,0.00833,0.3564
0.10118,0.00823,0.3563
0.10118,0.00811,0.35624
0.10118,0.00811,0.35707
0.10118,0.00784,0.35707
0.10118,0.00771,0.35701
0.10681,0.00769,0.357
0.10117,0.00762,0.35691
0.10117,0.00755,0.35679
0.10681,0.00753,0.35678
0.10681,0.00751,0.35664
0.10117,0.00755,0.35652
0.10681,0.00753,0.35651
0.10117,0.00761,0.3564
0.10681,0.00759,0.35639
0.10681,0.00769,0.35629
0.10681,0.0072,0.3559
0.10681,0.00795,0.3562
0.10117,0.00783,0.35624
0.10681,0.00809,0.35623
0.10682,0.00831,0.35638
0.10682,0.00837,0.35651
0.10585,0.00515,0.36036
0.10681,0.00688,0.36028
0.10842,0.00659,0.3595
0.10681,0.0056,0.35949
0.10681,0.00696,0.35864
0.10588,0.00257,0.35904
0.10841,0.00297,0.36039
0.10587,0.00386,0.3597
0.10786,0.00485,0.35981
0.10841,0.00374,0.35831
0.1068,0.00396,0.35859
0.1068,0.00313,0.35936
0.10045,0.00383,0.35941
0.10681,0.00342,0.36031
0.10117,0.00418,0.35977
0.10078,0.00399,0.35981
0.10681,0.00423,0.35963
0.10681,0.00416,0.35975
0.10681,0.00407,0.35985
0.10117,0.00409,0.35986
0.10681,0.00394,0.35991
0.10962,0.00008,0.36075
0.10587,0.00011,0.35522
0.10962,0.00245,0.35757
0.10588,0.005,0.35452
0.10965,-0.01924,0.35324
0.10581,-0.00275,0.35517
0.10585,0.00945,0.35478
0.10971,0.01782,0.35314
0.1084,0.004,0.35679
0.10841,0.00642,0.35648
0.10589,0.00529,0.35629
0.10793,0.01936,0.35341
0.10979,0.0189,0.35329
0.10952,-0.01904,0.35315
0.1097,0.01833,0.35314
0.10979,0.01979,0.35415
0.10946,0.01863,0.35306
0.10965,0.01833,0.3531
0.10674,0.01834,0.35304
0.10942,-0.01904,0.3531
0.10769,-0.01938,0.35311
0.10636,-0.01903,0.35305
0.10649,0.01834,0.353
0.10613,-0.01903,0.35294
0.10608,0.01834,0.35271
0.10583,-0.01984,0.35272
0.106,-0.0206,0.3538
0.10583,-0.01903,0.35253
0.10597,0.01834,0.35248
0.10593,0.01895,0.3523
0.10579,-0.01903,0.35228
0.10592,0.01649,0.35291
0.10587,0.01649,0.35321
0.10575,-0.01718,0.35325
0.10579,-0.01835,0.3532
0.10562,-0.01718,0.35352
0.1054,-0.01718,0.35373
0.10962,-0.02059,0.35423
0.10781,-0.0206,0.35401
0.10941,-0.01949,0.35317
0.10949,-0.01904,0.35313
0.10979,0.01846,0.36238
0.10793,0.01981,0.35383
0.10595,0.0182,0.36268
0.10972,0.0168,0.36296
0.10966,0.01776,0.36292
0.10586,0.01074,0.36063
0.10593,0.01521,0.36115
0.10587,0.01062,0.3615
0.1097,0.01131,0.36297
0.10589,0.01704,0.35565
0.10955,0.01131,0.36305
0.10967,0.01714,0.363
0.1096,0.01749,0.363
0.10956,0.01714,0.36305
0.10966,0.01423,0.35512
0.10967,0.01676,0.35889
0.11191,0.01489,0.36034
0.10966,0.01194,0.36017
0.1119,0.01609,0.35663
0.11191,0.01556,0.36
0.11191,0.01609,0.35946
0.11191,0.01643,0.35879
0.11191,0.01655,0.35805
0.11191,0.01643,0.3573
0.10952,0.0169,0.35807
0.1119,0.01555,0.3561
0.10958,0.01493,0.35541
0.10959,0.01418,0.36087
0.10696,0.01664,0.35739
0.10694,0.01252,0.35637
0.1095,0.01229,0.35643
0.10693,0.01313,0.36011
0.10952,0.0165,0.35797
0.10663,0.0129,0.35589
0.10957,0.01221,0.35948
0.11189,0.01219,0.35663
0.1119,0.01414,0.35564
0.11189,0.01339,0.35576
0.11189,0.01272,0.3561
0.11189,0.01185,0.35731
0.11189,0.01173,0.35805
0.11189,0.01175,0.35805
0.11189,0.01185,0.3588
0.1119,0.01219,0.35947
0.1119,0.01273,0.36
0.1119,0.01274,0.35998
0.1119,0.0134,0.36034
0.11191,0.01414,0.36046
0.10655,0.01217,0.35958
0.10664,0.01599,0.35672
0.10037,0.01369,0.35634
0.10087,0.01617,0.35835
0.09994,0.0135,0.35926
0.10652,0.01586,0.35983
0.1119,0.01488,0.35576
0.1068,0.00589,0.35623
0.1068,0.00449,0.35704
0.10841,0.00521,0.35664
0.10048,0.00523,0.35666
0.1068,0.00519,0.35663
0.10581,-0.00297,0.35598
0.10577,-0.0104,0.35509
0.1096,-0.0008,0.35544
0.1096,-0.00316,0.35844
0.10579,-0.01077,0.3561
0.10958,-0.00812,0.35514
0.10958,-0.01075,0.35891
0.1096,-0.00599,0.36025
0.11183,-0.00619,0.35666
0.11181,-0.01043,0.35734
0.11181,-0.01009,0.35666
0.11182,-0.00673,0.35613
0.11182,-0.0074,0.35578
0.11182,-0.00814,0.35567
0.11181,-0.00889,0.35579
0.11181,-0.00956,0.35613
0.10945,-0.01017,0.35655
0.11181,-0.01041,0.35734
0.10943,-0.01013,0.3601
0.10944,-0.00687,0.36013
0.10949,-0.00798,0.35546
0.10685,-0.00861,0.35589
0.10943,-0.00793,0.35589
0.1065,-0.01064,0.35816
0.10668,-0.00586,0.35708
0.10646,-0.00693,0.36026
0.10015,-0.00785,0.35979
0.10634,-0.00765,0.35565
0.10022,-0.0071,0.35656
0.10025,-0.00968,0.358
0.10688,-0.00576,0.35816
0.10685,-0.00905,0.36018
0.10951,-0.00608,0.35984
0.11183,-0.00739,0.36037
0.11183,-0.00672,0.36003
0.10949,-0.00574,0.35676
0.11183,-0.00585,0.35882
0.11183,-0.00619,0.35949
0.11183,-0.00573,0.35807
0.11183,-0.00585,0.35733
0.11183,-0.00814,0.36049
0.11182,-0.00887,0.36035
0.11182,-0.00888,0.36037
0.11182,-0.00955,0.36003
0.11182,-0.01009,0.3595
0.11181,-0.01043,0.35883
0.11181,-0.01055,0.35808
0.11184,-0.00178,0.35612
0.11184,-0.0011,0.35578
0.11185,0.00038,0.35577
0.11185,0.00106,0.35612
0.11184,-0.00036,0.35566
0.10953,0.00036,0.35542
0.11184,-0.00176,0.35614
0.10952,0.00237,0.35813
0.10688,0.0023,0.35776
0.10947,-0.00229,0.3565
0.10688,-0.00202,0.35643
0.10948,-0.0001,0.36091
0.10946,0.00084,0.35605
0.1069,-0.00183,0.35988
0.10947,0.00047,0.36012
0.11186,0.00194,0.35881
0.11186,0.00159,0.35948
0.11185,-0.0011,0.36036
0.10943,-0.0023,0.35933
0.11185,-0.00035,0.36048
0.11186,0.00039,0.36036
0.11186,0.00105,0.36
0.11186,0.00106,0.36001
0.11185,-0.0023,0.35949
0.11185,-0.00177,0.36002
0.11184,-0.00277,0.35807
0.11184,-0.00265,0.35881
0.10658,-0.00281,0.35834
0.10658,0.00204,0.35879
0.10661,0.00015,0.35562
0.10631,-0.00048,0.3605
0.10032,-0.00088,0.35642
0.10021,-0.00093,0.3598
0.10029,0.00127,0.35782
0.11184,-0.00265,0.35733
0.11184,-0.00231,0.35665
0.11186,0.00205,0.35806
0.11186,0.00203,0.35806
0.11186,0.00193,0.35732
0.11185,0.00159,0.35665
0.10054,0.00671,0.35959
0.10681,0.00632,0.35914
0.10118,0.00634,0.35915
0.10095,0.00623,0.3593
0.10118,0.00618,0.35937
0.10681,0.00616,0.35936
0.10681,0.00623,0.35924
0.10212,-0.01358,0.3621
0.10213,-0.01066,0.36217
0.10223,-0.00787,0.36215
0.1118,-0.01625,0.36002
0.1118,-0.01627,0.36004
0.11179,-0.01678,0.35949
0.11179,-0.01712,0.35883
0.10645,-0.01685,0.35676
0.10624,0.0252,0.35805
0.10624,0.02511,0.35866
0.10631,0.02509,0.35882
0.10631,0.02524,0.35826
0.10623,0.02522,0.35839
0.10631,0.02481,0.35931
0.10621,0.02503,0.35894
0.10611,0.02498,0.35906
0.10573,0.02514,0.35868
0.10624,0.02507,0.35876
0.10615,0.02519,0.35851
0.10602,0.02511,0.35875
0.10594,0.02516,0.3586
0.10624,0.02514,0.35856
0.10624,0.02483,0.35922
0.10624,0.02492,0.35907
0.10592,0.02506,0.35887
0.10597,0.02484,0.35927
0.10627,0.02482,0.35926
0.10558,0.0248,0.35928
0.10559,0.0244,0.35967
0.10559,0.02467,0.35942
0.1056,0.02454,0.35955
0.10561,0.02461,0.35949
0.10588,0.02464,0.35948
0.10559,0.02471,0.35939
0.10596,0.02465,0.35948
0.10593,0.02462,0.3595
0.10625,0.02462,0.3595
0.10596,0.02479,0.35933
0.10628,0.02471,0.3594
0.10624,0.02439,0.35966
0.10596,0.02444,0.35967
0.10625,0.02454,0.35955
0.10604,0.02464,0.35949
0.10586,0.02462,0.35949
0.10611,0.02464,0.35949
0.10577,0.02461,0.3595
0.10624,0.02446,0.3596
0.10618,0.02463,0.3595
0.10613,0.02462,0.3595
0.10609,0.02462,0.3595
0.10589,0.02462,0.35949
0.1057,0.02462,0.35949
0.10594,0.02463,0.35949
0.1056,0.02447,0.35961
0.10575,0.0244,0.35967
0.10608,0.02439,0.35966
0.10579,0.02463,0.35949
0.10593,0.0245,0.35958
0.10632,0.02409,0.35986
0.10624,0.02383,0.35994
0.10628,0.02387,0.35995
0.10624,0.02417,0.35984
0.10636,0.02395,0.35996
0.10624,0.02428,0.35975
0.10624,0.02411,0.3598
0.10596,0.0242,0.35982
0.10624,0.02433,0.3597
0.10596,0.02438,0.35971
0.10592,0.02428,0.35975
0.10586,0.02416,0.35983
0.10624,0.02422,0.35979
0.10561,0.02416,0.35982
0.10592,0.02439,0.35966
0.1063,0.02406,0.3599
0.10628,0.02424,0.35976
0.1056,0.02432,0.35972
0.10624,0.024,0.35989
0.10587,0.02419,0.35982
0.10596,0.02395,0.35994
0.10624,0.02408,0.35986
0.10603,0.02419,0.35983
0.10593,0.024,0.35988
0.10624,0.02392,0.35991
0.10573,0.02416,0.35982
0.10558,0.0239,0.35994
0.10608,0.02417,0.35983
0.10599,0.02416,0.35983
0.10617,0.02418,0.35983
0.10612,0.02417,0.35983
0.10611,0.02418,0.35983
0.1061,0.02419,0.35983
0.1058,0.02388,0.35994
0.10604,0.02418,0.35983
0.10598,0.02418,0.35983
0.10584,0.02417,0.35983
0.1057,0.02417,0.35982
0.10559,0.02399,0.3599
0.10602,0.02386,0.35994
0.10568,0.02318,0.36007
0.10596,0.02388,0.35997
0.1056,0.02407,0.35986
0.10632,0.02391,0.35995
0.10611,0.02364,0.36004
0.10608,0.02336,0.36008
0.1063,0.02307,0.36007
0.10624,0.02367,0.35999
0.10624,0.02322,0.36004
0.106,0.02345,0.36006
0.1061,0.0235,0.36006
0.1059,0.02341,0.36005
0.10589,0.02334,0.36006
0.10599,0.02339,0.36006
0.10588,0.02327,0.36007
0.10599,0.02312,0.36007
0.10627,0.02314,0.36006
0.10624,0.0226,0.35994
0.1063,0.02251,0.35995
0.10627,0.02256,0.35995
0.10624,0.02277,0.35999
0.10624,0.02205,0.35966
0.10626,0.0222,0.35976
0.10625,0.0224,0.35985
0.10596,0.02256,0.35997
0.10558,0.02253,0.35994
0.10629,0.02216,0.35973
0.10628,0.02181,0.35951
0.10605,0.02162,0.3593
0.10623,0.02161,0.35922
0.10625,0.02197,0.35961
0.10624,0.02203,0.35969
0.10628,0.02236,0.35985
0.10627,0.02189,0.35956
0.10624,0.02204,0.35968
0.10613,0.02226,0.35984
0.10619,0.02235,0.35988
0.10619,0.02214,0.35977
0.10626,0.02192,0.3596
0.10627,0.02227,0.35982
0.10596,0.02249,0.35995
0.10624,0.02243,0.35991
0.10596,0.02227,0.35984
0.10573,0.02204,0.35968
0.10621,0.02208,0.35973
0.1056,0.02204,0.35968
0.1056,0.0222,0.35977
0.10617,0.02202,0.35968
0.10616,0.0222,0.35981
0.10596,0.02199,0.35967
0.1056,0.02228,0.35982
0.10604,0.02213,0.35976
0.10627,0.02186,0.35956
0.10578,0.02227,0.35983
0.10559,0.0224,0.35988
0.10578,0.02213,0.35975
0.1056,0.02212,0.35972
0.10578,0.02202,0.35967
0.10556,0.02165,0.35935
0.10558,0.02184,0.35951
0.10595,0.02184,0.35954
0.10578,0.02183,0.35952
0.10572,0.02164,0.35933
0.1057,0.02132,0.35873
0.10592,0.02173,0.35943
0.10558,0.02177,0.35945
0.1056,0.02183,0.3595
0.10574,0.02182,0.3595
0.10557,0.02171,0.3594
0.10588,0.02163,0.35932
0.1062,0.02175,0.35944
0.106,0.02139,0.3589
0.1063,0.02146,0.35906
0.10608,0.02133,0.35882
0.10623,0.02132,0.35867
0.106,0.02128,0.35864
0.10623,0.02136,0.35876
0.10629,0.02125,0.35854
0.10609,0.02119,0.35827
0.10568,0.0212,0.35779
0.10623,0.02122,0.35805
0.10623,0.02123,0.35822
0.1059,0.02125,0.3585
0.10589,0.02132,0.35878
0.10626,0.02128,0.3586
0.10619,0.0214,0.35894
0.10556,0.02155,0.35693
0.10616,0.02122,0.35769
0.10558,0.02146,0.35709
0.10629,0.02119,0.35797
0.10599,0.0212,0.35788
0.10559,0.02141,0.35717
0.10623,0.02132,0.35744
0.10592,0.02121,0.35774
0.10621,0.02129,0.35752
0.10595,0.02137,0.3572
0.1058,0.02138,0.35726
0.10628,0.02138,0.35717
0.10592,0.02147,0.35705
0.10595,0.02141,0.35713
0.10576,0.02141,0.35717
0.10604,0.02153,0.35692
0.10611,0.02139,0.35717
0.10588,0.02153,0.35692
0.10557,0.0215,0.35701
0.10597,0.02137,0.35726
0.10593,0.0214,0.35717
0.10602,0.02135,0.35735
0.10626,0.02137,0.35724
0.10621,0.02121,0.35778
0.10624,0.02183,0.35657
0.10612,0.02148,0.357
0.10625,0.02148,0.35704
0.1062,0.02143,0.35709
0.10609,0.02137,0.35727
0.10624,0.02134,0.35737
0.10624,0.02147,0.3571
0.10623,0.02159,0.35691
0.10625,0.02135,0.3573
0.10572,0.02154,0.35692
0.10567,0.02185,0.35656
0.10596,0.02184,0.35656
0.10557,0.02266,0.35612
0.1058,0.02247,0.35618
0.10585,0.02206,0.3564
0.10604,0.02227,0.35624
0.10614,0.02205,0.3564
0.10623,0.02263,0.35615
0.10595,0.02262,0.35611
0.1063,0.02266,0.3561
0.10624,0.02285,0.35611
0.10625,0.02307,0.35607
0.10626,0.02264,0.35612
0.10627,0.02342,0.35605
0.10623,0.02321,0.35606
0.10628,0.02304,0.35607
0.10628,0.02349,0.35604
0.10627,0.02275,0.35608
0.10595,0.02269,0.35609
0.10623,0.02293,0.35605
0.10625,0.02293,0.35606
0.10626,0.02294,0.35608
0.10628,0.0228,0.35609
0.10627,0.02282,0.35608
0.10625,0.02284,0.35606
0.1056,0.02349,0.35606
0.10558,0.02368,0.3561
0.10595,0.02353,0.35605
0.10605,0.02377,0.35609
0.10595,0.02346,0.35603
0.10611,0.02349,0.35605
0.10557,0.02377,0.35612
0.10626,0.02335,0.35605
0.10613,0.02367,0.35608
0.10629,0.02404,0.3562
0.10602,0.02331,0.35606
0.10593,0.02363,0.35608
0.10577,0.02349,0.35606
0.1062,0.02358,0.35606
0.10563,0.0232,0.35604
0.10624,0.02328,0.35606
0.10594,0.02349,0.35605
0.10623,0.02383,0.35616
0.1063,0.02452,0.3565
0.10617,0.02416,0.35626
0.10571,0.02411,0.35624
0.10605,0.02429,0.35632
0.10624,0.0243,0.35638
0.10624,0.02399,0.35621
0.106,0.02407,0.35622
0.10624,0.02438,0.35644
0.10588,0.0242,0.35628
0.10566,0.02469,0.35667
0.10624,0.02482,0.35688
0.10624,0.02472,0.35674
0.10596,0.02487,0.35688
0.1061,0.02472,0.35668
0.10561,0.02502,0.35717
0.10563,0.02487,0.35696
0.1056,0.02506,0.35725
0.10633,0.02492,0.35693
0.10624,0.02503,0.35716
0.10596,0.02502,0.35712
0.10563,0.02486,0.35692
0.10624,0.02446,0.3565
0.10559,0.02513,0.35743
0.10588,0.02471,0.35668
0.10598,0.02461,0.35658
0.10563,0.02408,0.35628
0.10569,0.0244,0.35645
0.10564,0.02394,0.35618
0.10567,0.02417,0.35631
0.1062,0.02462,0.35659
0.10624,0.02521,0.35769
0.10593,0.0252,0.3577
0.10592,0.02513,0.35742
0.10596,0.02515,0.35746
0.10561,0.02519,0.3577
0.10624,0.02514,0.35742
0.10596,0.02513,0.35738
0.10608,0.02513,0.35742
0.10592,0.02508,0.35729
0.10558,0.02523,0.35806
0.10559,0.02515,0.35752
0.1056,0.02521,0.35788
0.10575,0.02513,0.35743
0.10559,0.02509,0.35734
0.10582,0.02503,0.35716
0.10592,0.02517,0.35756
0.1056,0.02517,0.35761
0.10615,0.02524,0.35795
0.10596,0.02522,0.35773
0.10597,0.02522,0.35787
0.10596,0.02521,0.35766
0.10608,0.0252,0.3577
0.10577,0.0252,0.3577
0.10578,0.0252,0.35774
0.10579,0.02521,0.35778
0.10596,0.02522,0.35782
0.10599,0.02521,0.35774
0.10621,0.02522,0.35778
0.10618,0.02523,0.35787
0.10596,0.02524,0.35812
0.10624,0.02516,0.35751
0.10624,0.02507,0.35725
0.10624,0.0251,0.35733
0.10628,0.02522,0.35815
0.10624,0.02511,0.35743
0.10628,0.02487,0.3569
0.10626,0.02499,0.35717
0.10628,0.02501,0.35718
0.10628,0.02498,0.35705
0.10596,0.02505,0.35719
0.10624,0.02519,0.3576
0.10603,0.02503,0.35716
0.10573,0.02377,0.35611
0.10623,0.0238,0.35615
0.10593,0.0232,0.35605
0.10562,0.0233,0.35605
0.1056,0.02293,0.35606
0.10593,0.02306,0.35604
0.10623,0.023,0.35605
0.10562,0.02311,0.35605
0.10595,0.02297,0.35604
0.10578,0.0232,0.35604
0.10561,0.02339,0.35605
0.10581,0.0234,0.35606
0.10591,0.02307,0.35606
0.10561,0.02302,0.35605
0.10608,0.02321,0.35605
0.10623,0.02314,0.35606
0.10581,0.02293,0.35606
0.10595,0.02289,0.35605
0.10602,0.02293,0.35605
0.10558,0.0228,0.35609
0.10589,0.02377,0.3561
0.10559,0.02358,0.35608
0.10626,0.02286,0.35607
0.10626,0.02293,0.35607
0.10623,0.02307,0.35605
0.10608,0.02136,0.3573
0.10623,0.02124,0.3577
0.10627,0.02123,0.35779
0.10619,0.02125,0.3576
0.10624,0.02125,0.35783
0.10625,0.02128,0.35761
0.10622,0.02123,0.35774
0.10625,0.0212,0.35788
0.10626,0.02122,0.35783
0.10626,0.02124,0.35829
0.10626,0.02121,0.35801
0.10619,0.02122,0.3584
0.10627,0.02153,0.35914
0.10613,0.02168,0.35937
0.10604,0.02183,0.35953
0.10605,0.02182,0.35952
0.10615,0.02181,0.35951
0.10587,0.02201,0.35967
0.1056,0.0219,0.35956
0.10587,0.02182,0.3595
0.1056,0.02197,0.35962
0.10592,0.02193,0.35959
0.10585,0.02203,0.35968
0.10587,0.02183,0.35953
0.10601,0.02182,0.35951
0.10585,0.02182,0.35951
0.10569,0.02183,0.35951
0.10598,0.02183,0.35952
0.1062,0.02182,0.35952
0.1061,0.02182,0.35951
0.10625,0.02197,0.35965
0.10612,0.02182,0.35952
0.10613,0.02182,0.35952
0.10611,0.02203,0.35969
0.1061,0.02201,0.35968
0.10603,0.02201,0.35968
0.10598,0.02203,0.35968
0.10603,0.022,0.35967
0.10569,0.02203,0.35967
0.10597,0.02201,0.35968
0.1061,0.02202,0.35968
0.106,0.02202,0.35968
0.10584,0.02203,0.35968
0.10589,0.02299,0.36006
0.1061,0.0228,0.36004
0.1062,0.02293,0.36006
0.1056,0.02424,0.35977
0.10579,0.02418,0.35982
0.10608,-0.02199,0.35872
0.10608,-0.02228,0.35928
0.10614,-0.02229,0.35936
0.10609,-0.02191,0.35858
0.10592,-0.02206,0.359
0.10611,-0.02288,0.35985
0.10608,-0.02272,0.35972
0.10613,-0.02259,0.35961
0.10613,-0.02293,0.35989
0.10609,-0.02261,0.35963
0.10611,-0.02229,0.35932
0.1061,-0.02245,0.35948
0.1058,-0.02226,0.35933
0.1058,-0.02245,0.35954
0.1058,-0.02231,0.35939
0.1061,-0.02242,0.3595
0.1057,-0.02249,0.35956
0.10541,-0.0223,0.35934
0.10608,-0.02248,0.35957
0.10609,-0.02249,0.35955
0.10611,-0.02251,0.35954
0.10543,-0.02239,0.35945
0.10544,-0.02249,0.35955
0.10613,-0.0224,0.35945
0.10612,-0.02238,0.35944
0.10612,-0.02236,0.35943
0.10612,-0.02313,0.35998
0.10609,-0.02277,0.35976
0.10607,-0.02327,0.36
0.1056,-0.02311,0.35997
0.10568,-0.02319,0.36001
0.1058,-0.02297,0.35992
0.10544,-0.02294,0.35988
0.10583,-0.0231,0.35997
0.10597,-0.02322,0.36002
0.10612,-0.02333,0.36006
0.1058,-0.0229,0.35988
0.10595,-0.02293,0.35989
0.10578,-0.02282,0.35982
0.10542,-0.0227,0.35974
0.10578,-0.02294,0.35989
0.1061,-0.02282,0.35981
0.10598,-0.02302,0.35993
0.10579,-0.02298,0.35991
0.10561,-0.02294,0.35989
0.1061,-0.0233,0.36003
0.10597,-0.02328,0.36004
0.10607,-0.02389,0.3601
0.10614,-0.02403,0.36013
0.10602,-0.02353,0.3601
0.10592,-0.02374,0.36013
0.10552,-0.02381,0.36014
0.10607,-0.02343,0.36005
0.10572,-0.02365,0.36012
0.10587,-0.02336,0.36006
0.10592,-0.02349,0.36009
0.10582,-0.02324,0.36003
0.1058,-0.02334,0.36005
0.10557,-0.0236,0.3601
0.10607,-0.02378,0.3601
0.10572,-0.02377,0.36014
0.10583,-0.02392,0.36014
0.10593,-0.0243,0.3601
0.10562,-0.0234,0.36006
0.10553,-0.02458,0.36
0.10541,-0.02457,0.36
0.10579,-0.02461,0.36
0.10573,-0.02405,0.36012
0.10607,-0.02434,0.36005
0.10607,-0.0245,0.36
0.10609,-0.02408,0.36008
0.1061,-0.02427,0.36007
0.10613,-0.02459,0.36001
0.1059,-0.0246,0.36001
0.10608,-0.0248,0.35986
0.1061,-0.02454,0.36001
0.10607,-0.02505,0.35972
0.1061,-0.02396,0.36012
0.1061,-0.02411,0.36009
0.10607,-0.02529,0.35957
0.10606,-0.02547,0.35937
0.10595,-0.0248,0.35992
0.10579,-0.02485,0.35993
0.10611,-0.02474,0.35991
0.10579,-0.02504,0.35977
0.10591,-0.02506,0.35973
0.10586,-0.0249,0.35988
0.10543,-0.02506,0.35974
0.10579,-0.02527,0.3596
0.10579,-0.02511,0.35973
0.10607,-0.02513,0.35967
0.10604,-0.02495,0.3598
0.10609,-0.0249,0.35982
0.106,-0.025,0.35978
0.10541,-0.02527,0.35957
0.10575,-0.02506,0.35973
0.10607,-0.02521,0.35962
0.10576,-0.02501,0.35978
0.10593,-0.02495,0.35983
0.10559,-0.02506,0.35973
0.10542,-0.02513,0.35968
0.10557,-0.02528,0.35957
0.10568,-0.02501,0.35978
0.10567,-0.02492,0.35987
0.1058,-0.02494,0.35985
0.10586,-0.02527,0.35959
0.1056,-0.02527,0.35958
0.10574,-0.02528,0.35957
0.10542,-0.02481,0.35987
0.10593,-0.02528,0.35958
0.106,-0.02528,0.35957
0.1055,-0.02527,0.35957
0.1059,-0.02528,0.35957
0.1057,-0.02528,0.35957
0.1054,-0.02547,0.35935
0.10567,-0.02528,0.35957
0.10569,-0.02527,0.35959
0.10542,-0.0252,0.35962
0.10575,-0.02528,0.35957
0.10595,-0.02528,0.35957
0.10607,-0.02538,0.35947
0.10562,-0.02547,0.35936
0.10579,-0.02551,0.35933
0.10542,-0.02557,0.35919
0.10573,-0.02555,0.35924
0.1054,-0.0259,0.35833
0.10543,-0.02562,0.35912
0.10541,-0.02585,0.35851
0.10543,-0.02575,0.35887
0.10543,-0.02566,0.35903
0.10606,-0.02553,0.35929
0.10584,-0.02547,0.35936
0.10541,-0.02552,0.35927
0.10559,-0.02563,0.35912
0.10606,-0.02564,0.35913
0.1061,-0.02576,0.35887
0.10608,-0.02567,0.35904
0.10606,-0.02558,0.35921
0.10578,-0.02562,0.35916
0.10578,-0.02575,0.35891
0.10608,-0.02568,0.35904
0.10578,-0.02566,0.35909
0.10591,-0.02563,0.35912
0.10576,-0.02569,0.35899
0.10565,-0.02575,0.35887
0.10609,-0.02572,0.35895
0.10575,-0.02563,0.35912
0.10543,-0.0257,0.35895
0.10554,-0.02575,0.35887
0.10569,-0.02575,0.3589
0.106,-0.0258,0.35875
0.10586,-0.02575,0.3589
0.10581,-0.02589,0.35851
0.10598,-0.02576,0.35887
0.10594,-0.02576,0.35889
0.10588,-0.02576,0.35889
0.10587,-0.02576,0.35887
0.10602,-0.02576,0.35888
0.10552,-0.02575,0.35888
0.10583,-0.02575,0.35889
0.10568,-0.02589,0.35845
0.1056,-0.02575,0.35889
0.10609,-0.02556,0.35698
0.10601,-0.02591,0.35804
0.10586,-0.02581,0.35869
0.10563,-0.02585,0.35851
0.10554,-0.02589,0.35839
0.10591,-0.02584,0.35863
0.10542,-0.0258,0.35869
0.10576,-0.02575,0.35887
0.10553,-0.02589,0.35774
0.10603,-0.02581,0.3575
0.10606,-0.02569,0.35724
0.10541,-0.0258,0.35749
0.10583,-0.02581,0.3575
0.10539,-0.02556,0.357
0.10576,-0.02563,0.35711
0.10542,-0.02573,0.35732
0.10578,-0.0258,0.35745
0.10542,-0.02569,0.35724
0.10573,-0.02575,0.35737
0.10542,-0.02576,0.35741
0.10562,-0.0258,0.3575
0.10606,-0.02571,0.35723
0.10574,-0.0257,0.35723
0.10605,-0.02574,0.35732
0.10578,-0.02573,0.35726
0.10578,-0.02569,0.35719
0.10592,-0.02565,0.35712
0.10558,-0.02569,0.35723
0.10608,-0.02561,0.35706
0.10586,-0.02558,0.357
0.10573,-0.02564,0.35711
0.1059,-0.0257,0.35723
0.10607,-0.02566,0.35715
0.10604,-0.02578,0.35741
0.10559,-0.02558,0.357
0.10578,-0.02559,0.35701
0.10553,-0.02556,0.35699
0.10541,-0.02565,0.35716
0.10595,-0.02556,0.35699
0.10587,-0.02558,0.357
0.10581,-0.02556,0.35699
0.10568,-0.02559,0.35701
0.10602,-0.02557,0.35699
0.1058,-0.02558,0.357
0.10606,-0.02539,0.35676
0.10578,-0.02542,0.35678
0.10594,-0.02558,0.357
0.10542,-0.02538,0.35677
0.1056,-0.02549,0.35689
0.10549,-0.02557,0.357
0.10575,-0.02557,0.357
0.10541,-0.02544,0.35685
0.10607,-0.02545,0.35683
0.10542,-0.02518,0.35658
0.10574,-0.02529,0.35667
0.10578,-0.02537,0.35673
0.10558,-0.02538,0.35677
0.10542,-0.02531,0.35671
0.10541,-0.02537,0.35679
0.10606,-0.02518,0.35657
0.10574,-0.02539,0.35677
0.10574,-0.02518,0.35657
0.10542,-0.02525,0.35664
0.10576,-0.02547,0.35688
0.1054,-0.0255,0.35692
0.1059,-0.02539,0.35676
0.10606,-0.02532,0.3567
0.10608,-0.02551,0.35691
0.10567,-0.02556,0.35699
0.10606,-0.02525,0.35663
0.10606,-0.0245,0.35622
0.10609,-0.02447,0.35619
0.10608,-0.02513,0.35652
0.10612,-0.02444,0.35616
0.10612,-0.02496,0.35639
0.10578,-0.02522,0.35658
0.10578,-0.025,0.35641
0.10578,-0.02516,0.35653
0.10558,-0.02518,0.35657
0.10586,-0.02508,0.3565
0.10609,-0.02507,0.35648
0.10546,-0.02486,0.35635
0.10611,-0.02501,0.35643
0.1059,-0.02518,0.35657
0.10566,-0.02497,0.35642
0.1059,-0.02493,0.35637
0.10545,-0.02497,0.35642
0.1054,-0.02444,0.35618
0.10606,-0.02466,0.35628
0.10544,-0.02507,0.3565
0.10578,-0.02448,0.35617
0.10569,-0.02479,0.3563
0.10592,-0.02472,0.35625
0.1058,-0.02481,0.35631
0.10568,-0.02489,0.35636
0.10602,-0.02484,0.35632
0.10585,-0.02487,0.35634
0.10611,-0.02416,0.3561
0.10564,-0.02444,0.35617
0.1057,-0.02417,0.35611
0.10588,-0.02444,0.35617
0.10578,-0.02441,0.35615
0.10578,-0.02421,0.35611
0.10577,-0.0243,0.35614
0.10541,-0.02389,0.35611
0.10543,-0.02361,0.35612
0.10543,-0.02417,0.35612
0.10552,-0.02418,0.35612
0.10542,-0.02426,0.35614
0.10541,-0.02435,0.35616
0.10612,-0.02426,0.35612
0.10588,-0.02333,0.35616
0.10541,-0.02342,0.35616
0.10556,-0.02361,0.35612
0.10579,-0.02357,0.35611
0.10586,-0.02359,0.35611
0.10594,-0.02361,0.35611
0.10598,-0.02389,0.35609
0.10542,-0.02375,0.35611
0.10542,-0.02352,0.35614
0.106,-0.0236,0.35611
0.10561,-0.02359,0.35612
0.10607,-0.02361,0.3561
0.1054,-0.02333,0.35618
0.10588,-0.02373,0.3561
0.10561,-0.0237,0.35611
0.1057,-0.02358,0.35611
0.10581,-0.02361,0.35611
0.10566,-0.0236,0.35612
0.10552,-0.0236,0.35612
0.10574,-0.0237,0.35611
0.10568,-0.02361,0.35612
0.1058,-0.0238,0.3561
0.10583,-0.02375,0.3561
0.10585,-0.0237,0.3561
0.10601,-0.0238,0.35609
0.10572,-0.02333,0.35616
0.10573,-0.02347,0.35614
0.106,-0.02352,0.35612
0.1058,-0.02359,0.35611
0.10583,-0.02359,0.35611
0.10586,-0.02358,0.35611
0.10604,-0.0237,0.3561
0.10593,-0.02359,0.35611
0.10594,-0.02343,0.35614
0.10543,-0.02307,0.35628
0.10543,-0.02295,0.35635
0.10543,-0.02282,0.35642
0.10556,-0.02333,0.35617
0.10542,-0.0232,0.35623
0.10607,-0.02327,0.35622
0.1054,-0.02263,0.35654
0.10613,-0.02306,0.35626
0.10579,-0.02303,0.35627
0.10578,-0.02306,0.35627
0.10596,-0.02283,0.35637
0.1057,-0.02304,0.35627
0.10561,-0.02307,0.35627
0.10561,-0.02305,0.35627
0.10595,-0.02306,0.35626
0.10574,-0.02306,0.35627
0.10552,-0.02306,0.35628
0.10587,-0.02304,0.35627
0.10591,-0.02305,0.35626
0.10604,-0.02305,0.35626
0.10596,-0.02304,0.35626
0.10605,-0.02295,0.35631
0.10613,-0.02258,0.35656
0.10579,-0.0227,0.35647
0.10607,-0.0228,0.35644
0.1061,-0.02317,0.35624
0.10607,-0.02272,0.3565
0.10607,-0.02228,0.35694
0.10607,-0.02238,0.35681
0.10614,-0.0222,0.35698
0.10542,-0.02272,0.35648
0.1061,-0.02265,0.35653
0.10602,-0.02248,0.35665
0.10607,-0.02207,0.35722
0.10613,-0.02197,0.35747
0.1061,-0.02224,0.35696
0.10607,-0.022,0.35749
0.10579,-0.02223,0.35694
0.10541,-0.02222,0.35698
0.10542,-0.02215,0.35711
0.10579,-0.02218,0.35701
0.1061,-0.02214,0.3571
0.10592,-0.02238,0.35674
0.10556,-0.02208,0.35723
0.10544,-0.02208,0.35723
0.10587,-0.02206,0.35724
0.10595,-0.02207,0.35722
0.10579,-0.02205,0.35725
0.1057,-0.02206,0.35725
0.106,-0.02206,0.35723
0.10562,-0.02206,0.35724
0.10587,-0.02204,0.3573
0.10547,-0.02197,0.35747
0.10582,-0.02207,0.35722
0.10567,-0.02207,0.35723
0.10553,-0.02207,0.35724
0.10569,-0.02208,0.35723
0.10558,-0.02204,0.35731
0.10546,-0.02201,0.35739
0.10543,-0.02213,0.35715
0.10545,-0.02205,0.35731
0.10586,-0.02205,0.35725
0.10581,-0.02206,0.35724
0.10593,-0.02206,0.35724
0.10584,-0.02206,0.35724
0.10544,-0.02191,0.35776
0.10568,-0.02186,0.35804
0.10539,-0.02188,0.35811
0.10579,-0.022,0.35741
0.1061,-0.02202,0.35735
0.10545,-0.02194,0.35761
0.10579,-0.02195,0.35752
0.10567,-0.02201,0.35739
0.10558,-0.02203,0.35735
0.10568,-0.02204,0.35731
0.10608,-0.02189,0.35776
0.1061,-0.02198,0.35748
0.10579,-0.0219,0.35772
0.10565,-0.0219,0.35776
0.10608,-0.0219,0.35811
0.10608,-0.02195,0.35865
0.10544,-0.02189,0.35832
0.10565,-0.02188,0.35832
0.10541,-0.02188,0.35821
0.10608,-0.02187,0.35832
0.10553,-0.02187,0.35807
0.10612,-0.02186,0.35803
0.10609,-0.0219,0.35849
0.1058,-0.02186,0.35828
0.1058,-0.02187,0.35836
0.10608,-0.02188,0.35841
0.10597,-0.02188,0.35836
0.10586,-0.02188,0.35832
0.10576,-0.02189,0.35836
0.10598,-0.02189,0.35845
0.10588,-0.0219,0.35849
0.10582,-0.02186,0.35803
0.10586,-0.0219,0.35776
0.10609,-0.02188,0.35785
0.10594,-0.02188,0.35785
0.1061,-0.02187,0.35794
0.10597,-0.02186,0.35803
0.10581,-0.02187,0.35794
0.1056,-0.02188,0.35795
0.10579,-0.02188,0.35779
0.10552,-0.02189,0.35785
0.10542,-0.02207,0.35899
0.10566,-0.0219,0.35841
0.10585,-0.02192,0.3586
0.1056,-0.02193,0.35862
0.10543,-0.02198,0.35865
0.10567,-0.02207,0.35899
0.10551,-0.022,0.3588
0.10608,-0.02218,0.35914
0.10608,-0.02203,0.35882
0.10572,-0.02243,0.3567
0.10552,-0.02248,0.35666
0.10543,-0.02249,0.35668
0.10546,-0.02235,0.35682
0.10606,-0.02389,0.35612
0.10602,-0.02398,0.35609
0.1058,-0.02398,0.3561
0.10587,-0.0242,0.35611
0.1056,-0.02419,0.35612
0.10556,-0.02417,0.35612
0.10561,-0.02407,0.35611
0.10607,-0.02407,0.35609
0.10577,-0.02403,0.3561
0.10559,-0.02412,0.35612
0.10582,-0.02412,0.35611
0.10588,-0.02419,0.35611
0.10597,-0.02416,0.3561
0.10595,-0.02419,0.3561
0.10595,-0.02432,0.35613
0.10584,-0.02417,0.35611
0.10569,-0.0242,0.35611
0.10603,-0.02418,0.3561
0.10581,-0.02419,0.35611
0.10577,-0.02418,0.35611
0.10593,-0.02417,0.35611
0.10612,-0.02435,0.35614
0.10591,-0.02557,0.35699
0.1054,-0.02561,0.35708
0.10596,-0.02576,0.35888
0.10595,-0.02576,0.35887
0.10569,-0.02575,0.35887
0.10594,-0.02488,0.35988
0.10588,-0.02479,0.35995
0.10598,-0.02484,0.35989
0.10555,-0.02499,0.3598
0.10579,-0.02473,0.35997
0.10566,-0.02476,0.35996
0.10605,-0.02465,0.35999
0.10553,-0.02466,0.35998
0.10596,-0.02472,0.35997
0.10577,-0.02458,0.36001
0.10602,-0.0246,0.36001
0.10566,-0.0246,0.36
0.10603,-0.02417,0.36012
0.10543,-0.02278,0.35979
0.10575,-0.02271,0.35973
0.10571,-0.02298,0.35991
0.10575,-0.02302,0.35993
0.10552,-0.02302,0.35993
0.10608,-0.02254,0.3596
0.10591,-0.02271,0.35972
0.1058,-0.02266,0.35973
0.10543,-0.02286,0.35983
0.10544,-0.02256,0.35962
0.10542,-0.02243,0.35948
0.10576,-0.0226,0.35964
0.10543,-0.02263,0.35968
0.10559,-0.0227,0.35973
0.1058,-0.02272,0.35977
0.10587,-0.02246,0.35955
0.10562,-0.02247,0.35955
0.10608,-0.0226,0.35964
0.10557,-0.02249,0.35956
0.1061,-0.02244,0.35951
0.10608,-0.02266,0.35968
0.1061,-0.02253,0.35957
0.10608,-0.02244,0.35945
0.10571,-0.02246,0.35955
0.10595,-0.02248,0.35956
0.10582,-0.02248,0.35956
0.10568,-0.02248,0.35956
0.10553,-0.02248,0.35955
0.10581,-0.02247,0.35955
0.10601,-0.02247,0.35956
0.10592,-0.02248,0.35956
0.10594,-0.02246,0.35955
0.10594,-0.02247,0.35956
-0.03708,0.04691,0.36615
-0.03723,0.04579,0.36671
-0.03829,0.04527,0.36636
-0.03879,0.04764,0.36631
-0.03942,0.04646,0.3664
-0.03919,0.046,0.36709
-0.03716,0.04747,0.36645
-0.03752,0.04763,0.36677
-0.03737,0.04759,0.36718
-0.03838,0.04543,0.3673
-0.0373,0.04569,0.36742
-0.03798,0.04533,0.36795
-0.03939,0.04614,0.36777
-0.03913,0.04583,0.36851
-0.03772,0.04544,0.36885
-0.03708,0.04722,0.3685
-0.03699,0.04627,0.36798
-0.03689,0.04655,0.36932
-0.03783,0.04536,0.3697
-0.03885,0.04552,0.36913
-0.03698,0.04671,0.37007
-0.03935,0.04623,0.36986
-0.03796,0.04532,0.37017
-0.03702,0.04646,0.37072
-0.03868,0.04544,0.37044
-0.03931,0.04678,0.37072
-0.03952,0.0457,0.37091
-0.03756,0.04509,0.37095
-0.03863,0.04427,0.37349
-0.04046,0.04695,0.37339
-0.03934,0.04768,0.37111
-0.0377,0.04767,0.37047
-0.03606,0.0481,0.37104
-0.03848,0.04874,0.37347
-0.03584,0.04691,0.37347
-0.03752,0.04767,0.37196
-0.03945,0.04654,0.37196
-0.03754,0.04549,0.37195
-0.0382,0.04779,0.36976
-0.03886,0.04759,0.37036
-0.03876,0.04771,0.36944
-0.03755,0.04756,0.36903
-0.03953,0.04651,0.36932
-0.03928,0.04717,0.36893
-0.03836,0.04774,0.36829
-0.03772,0.04785,0.36872
-0.03741,0.04753,0.36765
-0.0388,0.04768,0.36766
-0.03941,0.04659,0.3683
-0.03907,0.04729,0.36697
-0.25146,0.27563,0.34421
-0.2555,0.27427,0.34422
-0.25554,0.27436,0.34422
-0.25149,0.27573,0.34421
-0.25386,0.27486,0.34364
-0.25935,0.27242,0.34423
-0.26667,0.26703,0.34347
-0.24728,0.27649,0.3442
-0.25447,0.27593,0.34365
-0.23921,0.27672,0.34342
-0.25056,0.27678,0.34941
-0.26554,0.26855,0.34945
-0.23838,0.27668,0.34938
-0.23876,0.27615,0.34418
-0.24727,0.27639,0.3442
-0.243,0.27663,0.34419
-0.23462,0.27505,0.34417
-0.23466,0.27496,0.34417
-0.23074,0.27328,0.34416
-0.23069,0.27337,0.34416
-0.22711,0.27104,0.34416
-0.22154,0.26795,0.34936
-0.22093,0.26518,0.34415
-0.21859,0.26161,0.34415
-0.21688,0.2577,0.34415
-0.22385,0.26831,0.34415
-0.21412,0.24853,0.34937
-0.21608,0.25814,0.34351
-0.21572,0.25528,0.34382
-0.22121,0.26583,0.34339
-0.22773,0.27182,0.34337
-0.21615,0.25507,0.34345
-0.21442,0.24589,0.34361
-0.21427,0.24721,0.34649
-0.22617,0.22364,0.34356
-0.21772,0.23413,0.34374
-0.21845,0.23173,0.3494
-0.23052,0.22107,0.34423
-0.23501,0.21822,0.34945
-0.22231,0.22769,0.34648
-0.23942,0.21816,0.34375
-0.25875,0.22072,0.3495
-0.23721,0.21819,0.3466
-0.25462,0.21949,0.34656
-0.25048,0.21826,0.34363
-0.24927,0.21852,0.34427
-0.26121,0.22324,0.34363
-0.26432,0.22613,0.3443
-0.26103,0.2234,0.34429
-0.26902,0.23134,0.3436
-0.25998,0.22198,0.34656
-0.26866,0.23129,0.3443
-0.26719,0.22929,0.3443
-0.27074,0.23503,0.3443
-0.27361,0.24269,0.34361
-0.272,0.23579,0.34951
-0.27216,0.23906,0.3443
-0.27307,0.24322,0.34429
-0.27362,0.25335,0.34949
-0.27337,0.24747,0.34429
-0.27347,0.24747,0.34429
-0.27317,0.24321,0.34429
-0.27314,0.25173,0.34428
-0.2721,0.25588,0.34428
-0.27304,0.25172,0.34428
-0.27219,0.2559,0.34428
-0.27286,0.25479,0.34359
-0.27065,0.25989,0.34427
-0.27056,0.25985,0.34427
-0.26846,0.26356,0.34426
-0.26855,0.26361,0.34426
-0.26585,0.26692,0.34425
-0.26592,0.26699,0.34425
-0.26283,0.26995,0.34424
-0.25929,0.27234,0.34423
-0.22378,0.26838,0.34415
-0.22705,0.27113,0.34416
-0.24252,0.24905,0.35634
-0.24309,0.24542,0.35634
-0.24073,0.25033,0.35633
-0.24241,0.25226,0.35633
-0.24127,0.25146,0.3506
-0.23974,0.24967,0.35048
-0.23782,0.25213,0.35638
-0.24573,0.25217,0.35056
-0.23771,0.25217,0.35081
-0.23529,0.24758,0.35081
-0.24065,0.24901,0.33802
-0.24089,0.24515,0.33809
-0.24259,0.24252,0.35034
-0.23951,0.24221,0.35083
-0.23927,0.24494,0.35263
-0.22007,0.24646,0.35078
-0.23524,0.24798,0.35262
-0.21656,0.24398,0.35226
-0.22779,0.22967,0.35082
-0.22367,0.22862,0.35228
-0.21494,0.24213,0.3526
-0.22338,0.22867,0.35056
-0.22724,0.22476,0.35043
-0.2271,0.22556,0.35229
-0.2209,0.22794,0.35015
-0.21622,0.23532,0.34975
-0.22183,0.22801,0.3524
-0.22267,0.22895,0.34706
-0.21905,0.23446,0.34898
-0.23563,0.24455,0.35369
-0.23266,0.21999,0.35292
-0.2267,0.2236,0.35236
-0.22647,0.22295,0.35044
-0.24243,0.24218,0.35264
-0.24297,0.21965,0.3523
-0.243,0.21953,0.35071
-0.24522,0.23856,0.35085
-0.24771,0.21956,0.35064
-0.24922,0.24123,0.35085
-0.24558,0.23857,0.35265
-0.2475,0.21987,0.35235
-0.24816,0.2177,0.35129
-0.25438,0.22035,0.35274
-0.24603,0.23849,0.35367
-0.2508,0.24141,0.35363
-0.26331,0.22488,0.35261
-0.24212,0.21778,0.35233
-0.26287,0.22684,0.35237
-0.25007,0.24061,0.35266
-0.26188,0.23101,0.35089
-0.2628,0.22618,0.35053
-0.26666,0.23034,0.35057
-0.26599,0.23027,0.35238
-0.25137,0.24208,0.35266
-0.25139,0.24211,0.35086
-0.25696,0.21968,0.34979
-0.26378,0.22452,0.35059
-0.2629,0.22566,0.3481
-0.26724,0.23038,0.34839
-0.25162,0.21966,0.34809
-0.25761,0.22182,0.34866
-0.24132,0.21736,0.35002
-0.26891,0.22979,0.35017
-0.26781,0.22985,0.35238
-0.27324,0.24007,0.34967
-0.27229,0.24228,0.34703
-0.27416,0.24431,0.35006
-0.27213,0.24581,0.35063
-0.27049,0.23589,0.34811
-0.27279,0.24846,0.34809
-0.27194,0.25097,0.35061
-0.272,0.25494,0.34865
-0.26952,0.26078,0.34807
-0.27309,0.25683,0.34977
-0.2654,0.26593,0.35046
-0.26594,0.26614,0.34836
-0.26655,0.2673,0.35123
-0.26119,0.27067,0.34865
-0.26122,0.27148,0.35265
-0.26216,0.27163,0.35047
-0.27057,0.26098,0.35295
-0.2649,0.26605,0.35239
-0.24909,0.24975,0.35264
-0.2606,0.26501,0.35085
-0.27208,0.25114,0.35247
-0.24896,0.24955,0.3507
-0.24829,0.24499,0.35043
-0.26962,0.24824,0.35103
-0.25308,0.24671,0.35178
-0.24836,0.24352,0.35636
-0.24955,0.24481,0.35636
-0.24717,0.24223,0.35635
-0.24783,0.249,0.33807
-0.2444,0.24341,0.33801
-0.24764,0.24547,0.3382
-0.24876,0.24311,0.35064
-0.24422,0.25136,0.33801
-0.24665,0.2503,0.33642
-0.24821,0.24708,0.33648
-0.2457,0.24354,0.33653
-0.24614,0.24975,0.35434
-0.24165,0.24443,0.33639
-0.24573,0.24537,0.35435
-0.24147,0.24587,0.35434
-0.2403,0.2481,0.33644
-0.24309,0.25114,0.33641
-0.24936,0.24026,0.35627
-0.24655,0.24746,0.35635
-0.2407,0.24396,0.35634
-0.24517,0.23901,0.35641
-0.24575,0.24228,0.35385
-0.24508,0.2395,0.35385
-0.23748,0.24343,0.35383
-0.23832,0.24952,0.35382
-0.23812,0.24955,0.35633
-0.2357,0.24662,0.35633
-0.23826,0.2415,0.35632
-0.23939,0.23978,0.35369
-0.23702,0.25283,0.35434
-0.24464,0.25638,0.35365
-0.24237,0.25563,0.35637
-0.23684,0.2541,0.35336
-0.23292,0.27398,0.3526
-0.2175,0.2593,0.35277
-0.22473,0.26966,0.35229
-0.2254,0.26764,0.3522
-0.24641,0.27693,0.35238
-0.24017,0.27703,0.35127
-0.24109,0.27492,0.35231
-0.24284,0.25621,0.35178
-0.23833,0.25414,0.35174
-0.22532,0.26808,0.35058
-0.22202,0.26452,0.35055
-0.22485,0.27074,0.35
-0.23234,0.27468,0.35006
-0.2211,0.26436,0.34796
-0.2257,0.2691,0.34706
-0.21784,0.25883,0.34831
-0.22457,0.26958,0.34911
-0.21927,0.26465,0.35003
-0.21447,0.24593,0.3492
-0.21599,0.25265,0.34742
-0.21372,0.24993,0.34936
-0.21615,0.24912,0.35044
-0.21567,0.24637,0.34707
-0.21637,0.24375,0.35054
-0.21645,0.23991,0.34798
-0.21877,0.23388,0.34881
-0.2185,0.2333,0.34864
-0.22231,0.22788,0.34881
-0.21875,0.23389,0.34609
-0.2337,0.2191,0.34958
-0.22719,0.22426,0.34802
-0.23889,0.21918,0.34806
-0.2327,0.2212,0.34697
-0.24528,0.21878,0.34726
-0.21439,0.243,0.35058
-0.21414,0.2492,0.3511
-0.21645,0.24856,0.35222
-0.22048,0.26516,0.35194
-0.22226,0.26451,0.35224
-0.23696,0.25265,0.35261
-0.23072,0.27272,0.34797
-0.23583,0.27507,0.34869
-0.24305,0.27602,0.34799
-0.2516,0.2766,0.34966
-0.24663,0.27749,0.35024
-0.2409,0.27499,0.35072
-0.23408,0.27488,0.34938
-0.23704,0.27512,0.34683
-0.2453,0.27501,0.35223
-0.24545,0.27535,0.3506
-0.25275,0.27496,0.35267
-0.24609,0.25251,0.35263
-0.26127,0.26918,0.3523
-0.26111,0.26989,0.35047
-0.24954,0.2754,0.34711
-0.2556,0.2737,0.34802
-0.25129,0.25318,0.35367
-0.25305,0.24628,0.3537
-0.2524,0.24644,0.3564
-0.24958,0.25372,0.35632
-0.27154,0.23586,0.35299
-0.27377,0.24541,0.35231
-0.27199,0.24599,0.35242
-0.27383,0.25136,0.3513
-0.25233,0.24794,0.35386
-0.24394,0.25534,0.35383
-0.2419,0.25233,0.35383
-0.247,0.25115,0.35384
-0.24913,0.24564,0.35385
-0.25368,-0.24106,0.35069
-0.24776,-0.23643,0.34952
-0.24981,-0.23781,0.33967
-0.24123,-0.23779,0.35066
-0.24641,-0.23731,0.3452
-0.25327,-0.24174,0.34537
-0.25282,-0.25168,0.3507
-0.25493,-0.24352,0.34869
-0.25467,-0.24369,0.33968
-0.25508,-0.24737,0.34869
-0.25649,-0.24552,0.34319
-0.26071,-0.24668,0.33969
-0.25497,-0.24742,0.33964
-0.26118,-0.24394,0.3432
-0.26127,-0.24473,0.3432
-0.26153,-0.24708,0.3432
-0.26106,-0.24463,0.34232
-0.26138,-0.24469,0.3396
-0.2616,-0.24402,0.33957
-0.25911,-0.23437,0.33959
-0.26348,-0.24343,0.33978
-0.26129,-0.24396,0.34229
-0.26083,-0.24599,0.34057
-0.26139,-0.24398,0.34139
-0.26094,-0.24531,0.34145
-0.26156,-0.24555,0.34139
-0.2615,-0.244,0.34048
-0.26093,-0.24601,0.33966
-0.26115,-0.24535,0.33963
-0.26091,-0.24678,0.34057
-0.26175,-0.25257,0.33965
-0.26227,-0.25029,0.34871
-0.25406,-0.26106,0.33962
-0.26171,-0.25362,0.34461
-0.25534,-0.25958,0.34871
-0.26302,-0.24147,0.3446
-0.25181,-0.26224,0.3446
-0.26032,-0.23574,0.34869
-0.25677,-0.23151,0.34457
-0.2496,-0.22862,0.33958
-0.24409,-0.22791,0.34454
-0.24415,-0.22838,0.34865
-0.24426,-0.22956,0.33955
-0.23303,-0.23346,0.34452
-0.23815,-0.22973,0.33976
-0.23317,-0.23413,0.33955
-0.2444,-0.22999,0.34314
-0.24431,-0.2297,0.34074
-0.23382,-0.23411,0.34863
-0.22889,-0.245,0.33952
-0.23075,-0.244,0.33963
-0.23057,-0.24401,0.34138
-0.2304,-0.24402,0.34313
-0.2289,-0.24426,0.34863
-0.22803,-0.24524,0.34453
-0.23319,-0.2578,0.34456
-0.2319,-0.25509,0.34865
-0.22906,-0.25116,0.33978
-0.24358,-0.26258,0.34869
-0.23476,-0.25869,0.33958
-0.23096,-0.24708,0.33963
-0.23,-0.24667,0.34313
-0.24444,-0.26118,0.34318
-0.2445,-0.26098,0.33968
-0.24446,-0.26111,0.34201
-0.24352,-0.2629,0.33975
-0.24223,-0.26264,0.34458
-0.2474,-0.26044,0.33968
-0.24643,-0.26062,0.33968
-0.24745,-0.26055,0.34085
-0.24755,-0.26078,0.34319
-0.24857,-0.2541,0.33972
-0.24598,-0.25611,0.34318
-0.24552,-0.26091,0.34085
-0.24651,-0.26091,0.34319
-0.24653,-0.26084,0.34202
-0.2475,-0.26066,0.34202
-0.24548,-0.26105,0.34318
-0.24448,-0.26104,0.34085
-0.24547,-0.2608,0.33968
-0.24381,-0.25392,0.33967
-0.23975,-0.25178,0.33965
-0.24612,-0.25365,0.34468
-0.24596,-0.25541,0.34869
-0.24357,-0.25398,0.35068
-0.25247,-0.25056,0.34519
-0.24258,-0.25301,0.34567
-0.23682,-0.24667,0.35066
-0.23682,-0.24369,0.34865
-0.2408,-0.23928,0.34498
-0.23803,-0.24793,0.34507
-0.23697,-0.24764,0.34866
-0.23642,-0.24395,0.34314
-0.23916,-0.23991,0.33968
-0.23671,-0.24384,0.33964
-0.23242,-0.24642,0.34314
-0.23746,-0.24747,0.33965
-0.23169,-0.24675,0.34138
-0.24387,-0.23658,0.34866
-0.24396,-0.23714,0.33963
-0.2459,-0.23501,0.34315
-0.24698,-0.23123,0.33964
-0.24748,-0.2302,0.34315
-0.24526,-0.2304,0.34198
-0.24715,-0.23089,0.34081
-0.24612,-0.23082,0.34081
-0.24645,-0.23013,0.34315
-0.24731,-0.23054,0.34198
-0.24542,-0.23006,0.34314
-0.24517,-0.23011,0.33958
-0.24435,-0.22984,0.34194
-0.24608,-0.23067,0.33961
-0.26132,-0.24698,0.34232
-0.26144,-0.2463,0.3432
-0.26112,-0.24688,0.34145
-0.26135,-0.24551,0.3432
